﻿地点番号,地点名,交差道路名,調査年月,管轄警察署,流入方向,流出方向,時間帯等,大型乗用,大型貨物,普通乗用,普通貨物,四輪計,二輪車
90,武蔵野橋北,東京環状×五日市街道,R4/10,福生,A 入間,1.吉祥寺,7,0,21,340,119,480,34
90,武蔵野橋北,東京環状×五日市街道,R4/10,福生,A 入間,1.吉祥寺,8,0,21,292,117,430,12
90,武蔵野橋北,東京環状×五日市街道,R4/10,福生,A 入間,1.吉祥寺,9,3,25,233,125,386,8
90,武蔵野橋北,東京環状×五日市街道,R4/10,福生,A 入間,1.吉祥寺,10,1,16,242,134,393,11
90,武蔵野橋北,東京環状×五日市街道,R4/10,福生,A 入間,1.吉祥寺,11,2,22,267,97,388,6
90,武蔵野橋北,東京環状×五日市街道,R4/10,福生,A 入間,1.吉祥寺,12,0,15,299,99,413,10
90,武蔵野橋北,東京環状×五日市街道,R4/10,福生,A 入間,1.吉祥寺,13,1,19,260,116,396,7
90,武蔵野橋北,東京環状×五日市街道,R4/10,福生,A 入間,1.吉祥寺,14,0,16,218,130,364,9
90,武蔵野橋北,東京環状×五日市街道,R4/10,福生,A 入間,1.吉祥寺,15,3,13,253,117,386,15
90,武蔵野橋北,東京環状×五日市街道,R4/10,福生,A 入間,1.吉祥寺,16,1,17,281,117,416,11
90,武蔵野橋北,東京環状×五日市街道,R4/10,福生,A 入間,1.吉祥寺,17,0,17,459,91,567,20
90,武蔵野橋北,東京環状×五日市街道,R4/10,福生,A 入間,1.吉祥寺,18,1,12,394,64,471,18
90,武蔵野橋北,東京環状×五日市街道,R4/10,福生,A 入間,1.吉祥寺,12時間計,12,214,3538,1326,5090,161
90,武蔵野橋北,東京環状×五日市街道,R4/10,福生,A 入間,2.拝島駅,7,0,0,76,21,97,16
90,武蔵野橋北,東京環状×五日市街道,R4/10,福生,A 入間,2.拝島駅,8,0,0,110,30,140,11
90,武蔵野橋北,東京環状×五日市街道,R4/10,福生,A 入間,2.拝島駅,9,0,0,63,20,83,7
90,武蔵野橋北,東京環状×五日市街道,R4/10,福生,A 入間,2.拝島駅,10,0,0,55,18,73,4
90,武蔵野橋北,東京環状×五日市街道,R4/10,福生,A 入間,2.拝島駅,11,0,0,57,15,72,4
90,武蔵野橋北,東京環状×五日市街道,R4/10,福生,A 入間,2.拝島駅,12,0,0,56,14,70,4
90,武蔵野橋北,東京環状×五日市街道,R4/10,福生,A 入間,2.拝島駅,13,0,0,54,17,71,7
90,武蔵野橋北,東京環状×五日市街道,R4/10,福生,A 入間,2.拝島駅,14,0,0,49,14,63,8
90,武蔵野橋北,東京環状×五日市街道,R4/10,福生,A 入間,2.拝島駅,15,0,0,71,19,90,5
90,武蔵野橋北,東京環状×五日市街道,R4/10,福生,A 入間,2.拝島駅,16,0,0,85,19,104,10
90,武蔵野橋北,東京環状×五日市街道,R4/10,福生,A 入間,2.拝島駅,17,0,0,98,21,119,11
90,武蔵野橋北,東京環状×五日市街道,R4/10,福生,A 入間,2.拝島駅,18,0,0,96,12,108,6
90,武蔵野橋北,東京環状×五日市街道,R4/10,福生,A 入間,2.拝島駅,12時間計,0,0,870,220,1090,93
90,武蔵野橋北,東京環状×五日市街道,R4/10,福生,A 入間,3.（入間・拝島橋）,7,0,0,2,0,2,1
90,武蔵野橋北,東京環状×五日市街道,R4/10,福生,A 入間,3.（入間・拝島橋）,8,0,0,4,1,5,1
90,武蔵野橋北,東京環状×五日市街道,R4/10,福生,A 入間,3.（入間・拝島橋）,9,0,0,3,4,7,0
90,武蔵野橋北,東京環状×五日市街道,R4/10,福生,A 入間,3.（入間・拝島橋）,10,0,0,3,0,3,1
90,武蔵野橋北,東京環状×五日市街道,R4/10,福生,A 入間,3.（入間・拝島橋）,11,0,0,4,1,5,0
90,武蔵野橋北,東京環状×五日市街道,R4/10,福生,A 入間,3.（入間・拝島橋）,12,1,0,4,2,7,1
90,武蔵野橋北,東京環状×五日市街道,R4/10,福生,A 入間,3.（入間・拝島橋）,13,0,0,2,0,2,0
90,武蔵野橋北,東京環状×五日市街道,R4/10,福生,A 入間,3.（入間・拝島橋）,14,0,0,6,2,8,0
90,武蔵野橋北,東京環状×五日市街道,R4/10,福生,A 入間,3.（入間・拝島橋）,15,0,0,9,0,9,0
90,武蔵野橋北,東京環状×五日市街道,R4/10,福生,A 入間,3.（入間・拝島橋）,16,0,0,3,1,4,0
90,武蔵野橋北,東京環状×五日市街道,R4/10,福生,A 入間,3.（入間・拝島橋）,17,0,0,1,2,3,0
90,武蔵野橋北,東京環状×五日市街道,R4/10,福生,A 入間,3.（入間・拝島橋）,18,0,0,6,0,6,1
90,武蔵野橋北,東京環状×五日市街道,R4/10,福生,A 入間,3.（入間・拝島橋）,12時間計,1,0,47,13,61,5
90,武蔵野橋北,東京環状×五日市街道,R4/10,福生,A 入間,4.拝島橋,7,11,103,529,338,981,31
90,武蔵野橋北,東京環状×五日市街道,R4/10,福生,A 入間,4.拝島橋,8,6,127,483,342,958,30
90,武蔵野橋北,東京環状×五日市街道,R4/10,福生,A 入間,4.拝島橋,9,6,145,421,283,855,16
90,武蔵野橋北,東京環状×五日市街道,R4/10,福生,A 入間,4.拝島橋,10,3,156,383,280,822,14
90,武蔵野橋北,東京環状×五日市街道,R4/10,福生,A 入間,4.拝島橋,11,2,153,370,255,780,16
90,武蔵野橋北,東京環状×五日市街道,R4/10,福生,A 入間,4.拝島橋,12,2,108,418,267,795,16
90,武蔵野橋北,東京環状×五日市街道,R4/10,福生,A 入間,4.拝島橋,13,5,143,412,255,815,16
90,武蔵野橋北,東京環状×五日市街道,R4/10,福生,A 入間,4.拝島橋,14,6,101,467,253,827,9
90,武蔵野橋北,東京環状×五日市街道,R4/10,福生,A 入間,4.拝島橋,15,4,92,501,295,892,15
90,武蔵野橋北,東京環状×五日市街道,R4/10,福生,A 入間,4.拝島橋,16,12,94,654,336,1096,39
90,武蔵野橋北,東京環状×五日市街道,R4/10,福生,A 入間,4.拝島橋,17,2,79,709,269,1059,46
90,武蔵野橋北,東京環状×五日市街道,R4/10,福生,A 入間,4.拝島橋,18,4,78,903,312,1297,36
90,武蔵野橋北,東京環状×五日市街道,R4/10,福生,A 入間,4.拝島橋,12時間計,63,1379,6250,3485,11177,284
90,武蔵野橋北,東京環状×五日市街道,R4/10,福生,A 入間,流入計,7,11,124,947,478,1560,82
90,武蔵野橋北,東京環状×五日市街道,R4/10,福生,A 入間,流入計,8,6,148,889,490,1533,54
90,武蔵野橋北,東京環状×五日市街道,R4/10,福生,A 入間,流入計,9,9,170,720,432,1331,31
90,武蔵野橋北,東京環状×五日市街道,R4/10,福生,A 入間,流入計,10,4,172,683,432,1291,30
90,武蔵野橋北,東京環状×五日市街道,R4/10,福生,A 入間,流入計,11,4,175,698,368,1245,26
90,武蔵野橋北,東京環状×五日市街道,R4/10,福生,A 入間,流入計,12,3,123,777,382,1285,31
90,武蔵野橋北,東京環状×五日市街道,R4/10,福生,A 入間,流入計,13,6,162,728,388,1284,30
90,武蔵野橋北,東京環状×五日市街道,R4/10,福生,A 入間,流入計,14,6,117,740,399,1262,26
90,武蔵野橋北,東京環状×五日市街道,R4/10,福生,A 入間,流入計,15,7,105,834,431,1377,35
90,武蔵野橋北,東京環状×五日市街道,R4/10,福生,A 入間,流入計,16,13,111,1023,473,1620,60
90,武蔵野橋北,東京環状×五日市街道,R4/10,福生,A 入間,流入計,17,2,96,1267,383,1748,77
90,武蔵野橋北,東京環状×五日市街道,R4/10,福生,A 入間,流入計,18,5,90,1399,388,1882,61
90,武蔵野橋北,東京環状×五日市街道,R4/10,福生,A 入間,流入計,12時間計,76,1593,10705,5044,17418,543
90,武蔵野橋北,東京環状×五日市街道,R4/10,福生,B 拝島橋,5.入間,7,4,114,728,209,1055,57
90,武蔵野橋北,東京環状×五日市街道,R4/10,福生,B 拝島橋,5.入間,8,4,104,644,299,1051,44
90,武蔵野橋北,東京環状×五日市街道,R4/10,福生,B 拝島橋,5.入間,9,8,122,474,347,951,13
90,武蔵野橋北,東京環状×五日市街道,R4/10,福生,B 拝島橋,5.入間,10,3,193,447,394,1037,17
90,武蔵野橋北,東京環状×五日市街道,R4/10,福生,B 拝島橋,5.入間,11,6,196,399,353,954,12
90,武蔵野橋北,東京環状×五日市街道,R4/10,福生,B 拝島橋,5.入間,12,4,153,397,339,893,12
90,武蔵野橋北,東京環状×五日市街道,R4/10,福生,B 拝島橋,5.入間,13,5,148,410,277,840,16
90,武蔵野橋北,東京環状×五日市街道,R4/10,福生,B 拝島橋,5.入間,14,13,126,440,340,919,21
90,武蔵野橋北,東京環状×五日市街道,R4/10,福生,B 拝島橋,5.入間,15,8,131,435,312,886,19
90,武蔵野橋北,東京環状×五日市街道,R4/10,福生,B 拝島橋,5.入間,16,5,110,546,380,1041,22
90,武蔵野橋北,東京環状×五日市街道,R4/10,福生,B 拝島橋,5.入間,17,8,95,537,293,933,34
90,武蔵野橋北,東京環状×五日市街道,R4/10,福生,B 拝島橋,5.入間,18,8,54,698,283,1043,101
90,武蔵野橋北,東京環状×五日市街道,R4/10,福生,B 拝島橋,5.入間,12時間計,76,1546,6155,3826,11603,368
90,武蔵野橋北,東京環状×五日市街道,R4/10,福生,B 拝島橋,6.（拝島駅・吉祥寺）,7,1,8,217,84,310,16
90,武蔵野橋北,東京環状×五日市街道,R4/10,福生,B 拝島橋,6.（拝島駅・吉祥寺）,8,2,3,217,83,305,6
90,武蔵野橋北,東京環状×五日市街道,R4/10,福生,B 拝島橋,6.（拝島駅・吉祥寺）,9,1,1,150,74,226,3
90,武蔵野橋北,東京環状×五日市街道,R4/10,福生,B 拝島橋,6.（拝島駅・吉祥寺）,10,1,3,133,72,209,3
90,武蔵野橋北,東京環状×五日市街道,R4/10,福生,B 拝島橋,6.（拝島駅・吉祥寺）,11,1,6,139,61,207,4
90,武蔵野橋北,東京環状×五日市街道,R4/10,福生,B 拝島橋,6.（拝島駅・吉祥寺）,12,0,4,114,57,175,6
90,武蔵野橋北,東京環状×五日市街道,R4/10,福生,B 拝島橋,6.（拝島駅・吉祥寺）,13,3,6,167,59,235,6
90,武蔵野橋北,東京環状×五日市街道,R4/10,福生,B 拝島橋,6.（拝島駅・吉祥寺）,14,3,13,178,91,285,8
90,武蔵野橋北,東京環状×五日市街道,R4/10,福生,B 拝島橋,6.（拝島駅・吉祥寺）,15,2,4,124,71,201,12
90,武蔵野橋北,東京環状×五日市街道,R4/10,福生,B 拝島橋,6.（拝島駅・吉祥寺）,16,2,5,182,85,274,8
90,武蔵野橋北,東京環状×五日市街道,R4/10,福生,B 拝島橋,6.（拝島駅・吉祥寺）,17,1,3,216,52,272,18
90,武蔵野橋北,東京環状×五日市街道,R4/10,福生,B 拝島橋,6.（拝島駅・吉祥寺）,18,0,2,218,64,284,11
90,武蔵野橋北,東京環状×五日市街道,R4/10,福生,B 拝島橋,6.（拝島駅・吉祥寺）,12時間計,17,58,2055,853,2983,101
90,武蔵野橋北,東京環状×五日市街道,R4/10,福生,B 拝島橋,流入計,7,5,122,945,293,1365,73
90,武蔵野橋北,東京環状×五日市街道,R4/10,福生,B 拝島橋,流入計,8,6,107,861,382,1356,50
90,武蔵野橋北,東京環状×五日市街道,R4/10,福生,B 拝島橋,流入計,9,9,123,624,421,1177,16
90,武蔵野橋北,東京環状×五日市街道,R4/10,福生,B 拝島橋,流入計,10,4,196,580,466,1246,20
90,武蔵野橋北,東京環状×五日市街道,R4/10,福生,B 拝島橋,流入計,11,7,202,538,414,1161,16
90,武蔵野橋北,東京環状×五日市街道,R4/10,福生,B 拝島橋,流入計,12,4,157,511,396,1068,18
90,武蔵野橋北,東京環状×五日市街道,R4/10,福生,B 拝島橋,流入計,13,8,154,577,336,1075,22
90,武蔵野橋北,東京環状×五日市街道,R4/10,福生,B 拝島橋,流入計,14,16,139,618,431,1204,29
90,武蔵野橋北,東京環状×五日市街道,R4/10,福生,B 拝島橋,流入計,15,10,135,559,383,1087,31
90,武蔵野橋北,東京環状×五日市街道,R4/10,福生,B 拝島橋,流入計,16,7,115,728,465,1315,30
90,武蔵野橋北,東京環状×五日市街道,R4/10,福生,B 拝島橋,流入計,17,9,98,753,345,1205,52
90,武蔵野橋北,東京環状×五日市街道,R4/10,福生,B 拝島橋,流入計,18,8,56,916,347,1327,112
90,武蔵野橋北,東京環状×五日市街道,R4/10,福生,B 拝島橋,流入計,12時間計,93,1604,8210,4679,14586,469
90,武蔵野橋北,東京環状×五日市街道,R4/10,福生,C 拝島駅,12.（入間・拝島橋）,7,0,1,281,42,324,22
90,武蔵野橋北,東京環状×五日市街道,R4/10,福生,C 拝島駅,12.（入間・拝島橋）,8,0,0,209,57,266,17
90,武蔵野橋北,東京環状×五日市街道,R4/10,福生,C 拝島駅,12.（入間・拝島橋）,9,2,0,141,61,204,13
90,武蔵野橋北,東京環状×五日市街道,R4/10,福生,C 拝島駅,12.（入間・拝島橋）,10,0,0,134,48,182,4
90,武蔵野橋北,東京環状×五日市街道,R4/10,福生,C 拝島駅,12.（入間・拝島橋）,11,0,0,119,47,166,11
90,武蔵野橋北,東京環状×五日市街道,R4/10,福生,C 拝島駅,12.（入間・拝島橋）,12,0,0,143,61,204,15
90,武蔵野橋北,東京環状×五日市街道,R4/10,福生,C 拝島駅,12.（入間・拝島橋）,13,0,1,136,46,183,10
90,武蔵野橋北,東京環状×五日市街道,R4/10,福生,C 拝島駅,12.（入間・拝島橋）,14,0,0,152,57,209,18
90,武蔵野橋北,東京環状×五日市街道,R4/10,福生,C 拝島駅,12.（入間・拝島橋）,15,1,0,169,52,222,9
90,武蔵野橋北,東京環状×五日市街道,R4/10,福生,C 拝島駅,12.（入間・拝島橋）,16,0,1,197,65,263,28
90,武蔵野橋北,東京環状×五日市街道,R4/10,福生,C 拝島駅,12.（入間・拝島橋）,17,0,0,253,74,327,32
90,武蔵野橋北,東京環状×五日市街道,R4/10,福生,C 拝島駅,12.（入間・拝島橋）,18,0,0,259,52,311,41
90,武蔵野橋北,東京環状×五日市街道,R4/10,福生,C 拝島駅,12.（入間・拝島橋）,12時間計,3,3,2193,662,2861,220
90,武蔵野橋北,東京環状×五日市街道,R4/10,福生,C 拝島駅,13.入間,7,0,0,0,0,0,0
90,武蔵野橋北,東京環状×五日市街道,R4/10,福生,C 拝島駅,13.入間,8,0,0,2,0,2,0
90,武蔵野橋北,東京環状×五日市街道,R4/10,福生,C 拝島駅,13.入間,9,0,0,2,1,3,0
90,武蔵野橋北,東京環状×五日市街道,R4/10,福生,C 拝島駅,13.入間,10,0,0,0,1,1,0
90,武蔵野橋北,東京環状×五日市街道,R4/10,福生,C 拝島駅,13.入間,11,0,0,2,0,2,0
90,武蔵野橋北,東京環状×五日市街道,R4/10,福生,C 拝島駅,13.入間,12,0,0,1,0,1,0
90,武蔵野橋北,東京環状×五日市街道,R4/10,福生,C 拝島駅,13.入間,13,0,0,0,0,0,0
90,武蔵野橋北,東京環状×五日市街道,R4/10,福生,C 拝島駅,13.入間,14,0,0,5,0,5,1
90,武蔵野橋北,東京環状×五日市街道,R4/10,福生,C 拝島駅,13.入間,15,0,0,2,0,2,0
90,武蔵野橋北,東京環状×五日市街道,R4/10,福生,C 拝島駅,13.入間,16,0,0,2,1,3,0
90,武蔵野橋北,東京環状×五日市街道,R4/10,福生,C 拝島駅,13.入間,17,0,0,2,0,2,1
90,武蔵野橋北,東京環状×五日市街道,R4/10,福生,C 拝島駅,13.入間,18,0,0,0,0,0,0
90,武蔵野橋北,東京環状×五日市街道,R4/10,福生,C 拝島駅,13.入間,12時間計,0,0,18,3,21,2
90,武蔵野橋北,東京環状×五日市街道,R4/10,福生,C 拝島駅,14.吉祥寺,7,0,0,2,0,2,0
90,武蔵野橋北,東京環状×五日市街道,R4/10,福生,C 拝島駅,14.吉祥寺,8,0,0,3,0,3,0
90,武蔵野橋北,東京環状×五日市街道,R4/10,福生,C 拝島駅,14.吉祥寺,9,0,0,2,3,5,0
90,武蔵野橋北,東京環状×五日市街道,R4/10,福生,C 拝島駅,14.吉祥寺,10,0,0,9,6,15,1
90,武蔵野橋北,東京環状×五日市街道,R4/10,福生,C 拝島駅,14.吉祥寺,11,0,0,2,2,4,0
90,武蔵野橋北,東京環状×五日市街道,R4/10,福生,C 拝島駅,14.吉祥寺,12,0,0,0,1,1,0
90,武蔵野橋北,東京環状×五日市街道,R4/10,福生,C 拝島駅,14.吉祥寺,13,0,0,2,0,2,0
90,武蔵野橋北,東京環状×五日市街道,R4/10,福生,C 拝島駅,14.吉祥寺,14,0,0,2,0,2,0
90,武蔵野橋北,東京環状×五日市街道,R4/10,福生,C 拝島駅,14.吉祥寺,15,0,0,0,0,0,0
90,武蔵野橋北,東京環状×五日市街道,R4/10,福生,C 拝島駅,14.吉祥寺,16,0,0,2,2,4,0
90,武蔵野橋北,東京環状×五日市街道,R4/10,福生,C 拝島駅,14.吉祥寺,17,0,0,2,1,3,0
90,武蔵野橋北,東京環状×五日市街道,R4/10,福生,C 拝島駅,14.吉祥寺,18,0,0,1,2,3,1
90,武蔵野橋北,東京環状×五日市街道,R4/10,福生,C 拝島駅,14.吉祥寺,12時間計,0,0,27,17,44,2
90,武蔵野橋北,東京環状×五日市街道,R4/10,福生,C 拝島駅,流入計,7,0,1,283,42,326,22
90,武蔵野橋北,東京環状×五日市街道,R4/10,福生,C 拝島駅,流入計,8,0,0,214,57,271,17
90,武蔵野橋北,東京環状×五日市街道,R4/10,福生,C 拝島駅,流入計,9,2,0,145,65,212,13
90,武蔵野橋北,東京環状×五日市街道,R4/10,福生,C 拝島駅,流入計,10,0,0,143,55,198,5
90,武蔵野橋北,東京環状×五日市街道,R4/10,福生,C 拝島駅,流入計,11,0,0,123,49,172,11
90,武蔵野橋北,東京環状×五日市街道,R4/10,福生,C 拝島駅,流入計,12,0,0,144,62,206,15
90,武蔵野橋北,東京環状×五日市街道,R4/10,福生,C 拝島駅,流入計,13,0,1,138,46,185,10
90,武蔵野橋北,東京環状×五日市街道,R4/10,福生,C 拝島駅,流入計,14,0,0,159,57,216,19
90,武蔵野橋北,東京環状×五日市街道,R4/10,福生,C 拝島駅,流入計,15,1,0,171,52,224,9
90,武蔵野橋北,東京環状×五日市街道,R4/10,福生,C 拝島駅,流入計,16,0,1,201,68,270,28
90,武蔵野橋北,東京環状×五日市街道,R4/10,福生,C 拝島駅,流入計,17,0,0,257,75,332,33
90,武蔵野橋北,東京環状×五日市街道,R4/10,福生,C 拝島駅,流入計,18,0,0,260,54,314,42
90,武蔵野橋北,東京環状×五日市街道,R4/10,福生,C 拝島駅,流入計,12時間計,3,3,2238,682,2926,224
90,武蔵野橋北,東京環状×五日市街道,R4/10,福生,D 吉祥寺,15.拝島駅,7,0,0,1,0,1,0
90,武蔵野橋北,東京環状×五日市街道,R4/10,福生,D 吉祥寺,15.拝島駅,8,0,0,0,1,1,0
90,武蔵野橋北,東京環状×五日市街道,R4/10,福生,D 吉祥寺,15.拝島駅,9,0,0,0,1,1,0
90,武蔵野橋北,東京環状×五日市街道,R4/10,福生,D 吉祥寺,15.拝島駅,10,0,0,1,0,1,1
90,武蔵野橋北,東京環状×五日市街道,R4/10,福生,D 吉祥寺,15.拝島駅,11,0,0,1,0,1,0
90,武蔵野橋北,東京環状×五日市街道,R4/10,福生,D 吉祥寺,15.拝島駅,12,0,0,4,0,4,0
90,武蔵野橋北,東京環状×五日市街道,R4/10,福生,D 吉祥寺,15.拝島駅,13,0,0,0,1,1,0
90,武蔵野橋北,東京環状×五日市街道,R4/10,福生,D 吉祥寺,15.拝島駅,14,0,0,0,0,0,0
90,武蔵野橋北,東京環状×五日市街道,R4/10,福生,D 吉祥寺,15.拝島駅,15,0,0,0,0,0,0
90,武蔵野橋北,東京環状×五日市街道,R4/10,福生,D 吉祥寺,15.拝島駅,16,0,0,3,3,6,1
90,武蔵野橋北,東京環状×五日市街道,R4/10,福生,D 吉祥寺,15.拝島駅,17,0,0,3,0,3,0
90,武蔵野橋北,東京環状×五日市街道,R4/10,福生,D 吉祥寺,15.拝島駅,18,0,0,0,1,1,0
90,武蔵野橋北,東京環状×五日市街道,R4/10,福生,D 吉祥寺,15.拝島駅,12時間計,0,0,13,7,20,2
90,武蔵野橋北,東京環状×五日市街道,R4/10,福生,D 吉祥寺,16.（入間・拝島橋）,7,0,8,203,88,299,7
90,武蔵野橋北,東京環状×五日市街道,R4/10,福生,D 吉祥寺,16.（入間・拝島橋）,8,3,16,197,92,308,9
90,武蔵野橋北,東京環状×五日市街道,R4/10,福生,D 吉祥寺,16.（入間・拝島橋）,9,3,30,192,100,325,4
90,武蔵野橋北,東京環状×五日市街道,R4/10,福生,D 吉祥寺,16.（入間・拝島橋）,10,2,23,173,107,305,12
90,武蔵野橋北,東京環状×五日市街道,R4/10,福生,D 吉祥寺,16.（入間・拝島橋）,11,1,18,192,102,313,9
90,武蔵野橋北,東京環状×五日市街道,R4/10,福生,D 吉祥寺,16.（入間・拝島橋）,12,1,19,205,92,317,3
90,武蔵野橋北,東京環状×五日市街道,R4/10,福生,D 吉祥寺,16.（入間・拝島橋）,13,2,8,243,116,369,3
90,武蔵野橋北,東京環状×五日市街道,R4/10,福生,D 吉祥寺,16.（入間・拝島橋）,14,3,15,200,107,325,2
90,武蔵野橋北,東京環状×五日市街道,R4/10,福生,D 吉祥寺,16.（入間・拝島橋）,15,1,20,214,108,343,7
90,武蔵野橋北,東京環状×五日市街道,R4/10,福生,D 吉祥寺,16.（入間・拝島橋）,16,1,12,225,81,319,7
90,武蔵野橋北,東京環状×五日市街道,R4/10,福生,D 吉祥寺,16.（入間・拝島橋）,17,1,7,215,76,299,4
90,武蔵野橋北,東京環状×五日市街道,R4/10,福生,D 吉祥寺,16.（入間・拝島橋）,18,1,5,249,54,309,4
90,武蔵野橋北,東京環状×五日市街道,R4/10,福生,D 吉祥寺,16.（入間・拝島橋）,12時間計,19,181,2508,1123,3831,71
90,武蔵野橋北,東京環状×五日市街道,R4/10,福生,D 吉祥寺,17.入間,7,0,0,0,0,0,0
90,武蔵野橋北,東京環状×五日市街道,R4/10,福生,D 吉祥寺,17.入間,8,0,0,0,0,0,0
90,武蔵野橋北,東京環状×五日市街道,R4/10,福生,D 吉祥寺,17.入間,9,0,0,1,0,1,0
90,武蔵野橋北,東京環状×五日市街道,R4/10,福生,D 吉祥寺,17.入間,10,0,0,1,0,1,0
90,武蔵野橋北,東京環状×五日市街道,R4/10,福生,D 吉祥寺,17.入間,11,0,0,2,0,2,0
90,武蔵野橋北,東京環状×五日市街道,R4/10,福生,D 吉祥寺,17.入間,12,0,0,1,1,2,0
90,武蔵野橋北,東京環状×五日市街道,R4/10,福生,D 吉祥寺,17.入間,13,0,0,1,0,1,0
90,武蔵野橋北,東京環状×五日市街道,R4/10,福生,D 吉祥寺,17.入間,14,0,0,1,0,1,0
90,武蔵野橋北,東京環状×五日市街道,R4/10,福生,D 吉祥寺,17.入間,15,0,0,1,0,1,0
90,武蔵野橋北,東京環状×五日市街道,R4/10,福生,D 吉祥寺,17.入間,16,0,0,1,0,1,0
90,武蔵野橋北,東京環状×五日市街道,R4/10,福生,D 吉祥寺,17.入間,17,0,0,0,0,0,0
90,武蔵野橋北,東京環状×五日市街道,R4/10,福生,D 吉祥寺,17.入間,18,0,0,0,0,0,0
90,武蔵野橋北,東京環状×五日市街道,R4/10,福生,D 吉祥寺,17.入間,12時間計,0,0,9,1,10,0
90,武蔵野橋北,東京環状×五日市街道,R4/10,福生,D 吉祥寺,流入計,7,0,8,204,88,300,7
90,武蔵野橋北,東京環状×五日市街道,R4/10,福生,D 吉祥寺,流入計,8,3,16,197,93,309,9
90,武蔵野橋北,東京環状×五日市街道,R4/10,福生,D 吉祥寺,流入計,9,3,30,193,101,327,4
90,武蔵野橋北,東京環状×五日市街道,R4/10,福生,D 吉祥寺,流入計,10,2,23,175,107,307,13
90,武蔵野橋北,東京環状×五日市街道,R4/10,福生,D 吉祥寺,流入計,11,1,18,195,102,316,9
90,武蔵野橋北,東京環状×五日市街道,R4/10,福生,D 吉祥寺,流入計,12,1,19,210,93,323,3
90,武蔵野橋北,東京環状×五日市街道,R4/10,福生,D 吉祥寺,流入計,13,2,8,244,117,371,3
90,武蔵野橋北,東京環状×五日市街道,R4/10,福生,D 吉祥寺,流入計,14,3,15,201,107,326,2
90,武蔵野橋北,東京環状×五日市街道,R4/10,福生,D 吉祥寺,流入計,15,1,20,215,108,344,7
90,武蔵野橋北,東京環状×五日市街道,R4/10,福生,D 吉祥寺,流入計,16,1,12,229,84,326,8
90,武蔵野橋北,東京環状×五日市街道,R4/10,福生,D 吉祥寺,流入計,17,1,7,218,76,302,4
90,武蔵野橋北,東京環状×五日市街道,R4/10,福生,D 吉祥寺,流入計,18,1,5,249,55,310,4
90,武蔵野橋北,東京環状×五日市街道,R4/10,福生,D 吉祥寺,流入計,12時間計,19,181,2530,1131,3861,73
90,武蔵野橋北,東京環状×五日市街道,R4/10,福生,E （拝島駅・吉祥寺）,7.拝島橋,7,0,3,168,51,222,10
90,武蔵野橋北,東京環状×五日市街道,R4/10,福生,E （拝島駅・吉祥寺）,7.拝島橋,8,1,3,136,58,198,8
90,武蔵野橋北,東京環状×五日市街道,R4/10,福生,E （拝島駅・吉祥寺）,7.拝島橋,9,1,7,133,67,208,7
90,武蔵野橋北,東京環状×五日市街道,R4/10,福生,E （拝島駅・吉祥寺）,7.拝島橋,10,1,6,94,68,169,9
90,武蔵野橋北,東京環状×五日市街道,R4/10,福生,E （拝島駅・吉祥寺）,7.拝島橋,11,0,4,106,51,161,11
90,武蔵野橋北,東京環状×五日市街道,R4/10,福生,E （拝島駅・吉祥寺）,7.拝島橋,12,0,5,102,57,164,14
90,武蔵野橋北,東京環状×五日市街道,R4/10,福生,E （拝島駅・吉祥寺）,7.拝島橋,13,0,1,136,60,197,4
90,武蔵野橋北,東京環状×五日市街道,R4/10,福生,E （拝島駅・吉祥寺）,7.拝島橋,14,1,3,125,63,192,6
90,武蔵野橋北,東京環状×五日市街道,R4/10,福生,E （拝島駅・吉祥寺）,7.拝島橋,15,0,1,125,50,176,6
90,武蔵野橋北,東京環状×五日市街道,R4/10,福生,E （拝島駅・吉祥寺）,7.拝島橋,16,0,1,118,44,163,14
90,武蔵野橋北,東京環状×五日市街道,R4/10,福生,E （拝島駅・吉祥寺）,7.拝島橋,17,0,1,111,65,177,12
90,武蔵野橋北,東京環状×五日市街道,R4/10,福生,E （拝島駅・吉祥寺）,7.拝島橋,18,0,1,102,44,147,21
90,武蔵野橋北,東京環状×五日市街道,R4/10,福生,E （拝島駅・吉祥寺）,7.拝島橋,12時間計,4,36,1456,678,2174,122
90,武蔵野橋北,東京環状×五日市街道,R4/10,福生,E （拝島駅・吉祥寺）,8.入間,7,0,6,318,79,403,20
90,武蔵野橋北,東京環状×五日市街道,R4/10,福生,E （拝島駅・吉祥寺）,8.入間,8,2,13,274,92,381,19
90,武蔵野橋北,東京環状×五日市街道,R4/10,福生,E （拝島駅・吉祥寺）,8.入間,9,4,23,203,98,328,10
90,武蔵野橋北,東京環状×五日市街道,R4/10,福生,E （拝島駅・吉祥寺）,8.入間,10,1,17,216,87,321,8
90,武蔵野橋北,東京環状×五日市街道,R4/10,福生,E （拝島駅・吉祥寺）,8.入間,11,1,14,209,99,323,9
90,武蔵野橋北,東京環状×五日市街道,R4/10,福生,E （拝島駅・吉祥寺）,8.入間,12,2,14,250,98,364,5
90,武蔵野橋北,東京環状×五日市街道,R4/10,福生,E （拝島駅・吉祥寺）,8.入間,13,2,8,245,102,357,9
90,武蔵野橋北,東京環状×五日市街道,R4/10,福生,E （拝島駅・吉祥寺）,8.入間,14,2,12,233,103,350,14
90,武蔵野橋北,東京環状×五日市街道,R4/10,福生,E （拝島駅・吉祥寺）,8.入間,15,2,19,267,110,398,10
90,武蔵野橋北,東京環状×五日市街道,R4/10,福生,E （拝島駅・吉祥寺）,8.入間,16,1,12,307,103,423,21
90,武蔵野橋北,東京環状×五日市街道,R4/10,福生,E （拝島駅・吉祥寺）,8.入間,17,1,6,358,87,452,24
90,武蔵野橋北,東京環状×五日市街道,R4/10,福生,E （拝島駅・吉祥寺）,8.入間,18,1,4,412,62,479,25
90,武蔵野橋北,東京環状×五日市街道,R4/10,福生,E （拝島駅・吉祥寺）,8.入間,12時間計,19,148,3292,1120,4579,174
90,武蔵野橋北,東京環状×五日市街道,R4/10,福生,E （拝島駅・吉祥寺）,流入計,7,0,9,486,130,625,30
90,武蔵野橋北,東京環状×五日市街道,R4/10,福生,E （拝島駅・吉祥寺）,流入計,8,3,16,410,150,579,27
90,武蔵野橋北,東京環状×五日市街道,R4/10,福生,E （拝島駅・吉祥寺）,流入計,9,5,30,336,165,536,17
90,武蔵野橋北,東京環状×五日市街道,R4/10,福生,E （拝島駅・吉祥寺）,流入計,10,2,23,310,155,490,17
90,武蔵野橋北,東京環状×五日市街道,R4/10,福生,E （拝島駅・吉祥寺）,流入計,11,1,18,315,150,484,20
90,武蔵野橋北,東京環状×五日市街道,R4/10,福生,E （拝島駅・吉祥寺）,流入計,12,2,19,352,155,528,19
90,武蔵野橋北,東京環状×五日市街道,R4/10,福生,E （拝島駅・吉祥寺）,流入計,13,2,9,381,162,554,13
90,武蔵野橋北,東京環状×五日市街道,R4/10,福生,E （拝島駅・吉祥寺）,流入計,14,3,15,358,166,542,20
90,武蔵野橋北,東京環状×五日市街道,R4/10,福生,E （拝島駅・吉祥寺）,流入計,15,2,20,392,160,574,16
90,武蔵野橋北,東京環状×五日市街道,R4/10,福生,E （拝島駅・吉祥寺）,流入計,16,1,13,425,147,586,35
90,武蔵野橋北,東京環状×五日市街道,R4/10,福生,E （拝島駅・吉祥寺）,流入計,17,1,7,469,152,629,36
90,武蔵野橋北,東京環状×五日市街道,R4/10,福生,E （拝島駅・吉祥寺）,流入計,18,1,5,514,106,626,46
90,武蔵野橋北,東京環状×五日市街道,R4/10,福生,E （拝島駅・吉祥寺）,流入計,12時間計,23,184,4748,1798,6753,296
90,武蔵野橋北,東京環状×五日市街道,R4/10,福生,F （入間・拝島橋）,9.入間,7,0,0,0,0,0,0
90,武蔵野橋北,東京環状×五日市街道,R4/10,福生,F （入間・拝島橋）,9.入間,8,0,0,1,0,1,0
90,武蔵野橋北,東京環状×五日市街道,R4/10,福生,F （入間・拝島橋）,9.入間,9,0,0,3,1,4,0
90,武蔵野橋北,東京環状×五日市街道,R4/10,福生,F （入間・拝島橋）,9.入間,10,0,0,0,0,0,0
90,武蔵野橋北,東京環状×五日市街道,R4/10,福生,F （入間・拝島橋）,9.入間,11,0,0,3,1,4,0
90,武蔵野橋北,東京環状×五日市街道,R4/10,福生,F （入間・拝島橋）,9.入間,12,0,0,0,0,0,0
90,武蔵野橋北,東京環状×五日市街道,R4/10,福生,F （入間・拝島橋）,9.入間,13,0,0,0,0,0,0
90,武蔵野橋北,東京環状×五日市街道,R4/10,福生,F （入間・拝島橋）,9.入間,14,0,0,0,2,2,0
90,武蔵野橋北,東京環状×五日市街道,R4/10,福生,F （入間・拝島橋）,9.入間,15,0,0,2,0,2,0
90,武蔵野橋北,東京環状×五日市街道,R4/10,福生,F （入間・拝島橋）,9.入間,16,0,0,2,0,2,0
90,武蔵野橋北,東京環状×五日市街道,R4/10,福生,F （入間・拝島橋）,9.入間,17,0,0,2,1,3,0
90,武蔵野橋北,東京環状×五日市街道,R4/10,福生,F （入間・拝島橋）,9.入間,18,0,0,2,1,3,0
90,武蔵野橋北,東京環状×五日市街道,R4/10,福生,F （入間・拝島橋）,9.入間,12時間計,0,0,15,6,21,0
90,武蔵野橋北,東京環状×五日市街道,R4/10,福生,F （入間・拝島橋）,10.吉祥寺,7,1,8,201,81,291,14
90,武蔵野橋北,東京環状×五日市街道,R4/10,福生,F （入間・拝島橋）,10.吉祥寺,8,2,3,191,73,269,5
90,武蔵野橋北,東京環状×五日市街道,R4/10,福生,F （入間・拝島橋）,10.吉祥寺,9,1,1,126,69,197,2
90,武蔵野橋北,東京環状×五日市街道,R4/10,福生,F （入間・拝島橋）,10.吉祥寺,10,1,3,112,67,183,2
90,武蔵野橋北,東京環状×五日市街道,R4/10,福生,F （入間・拝島橋）,10.吉祥寺,11,1,6,122,57,186,2
90,武蔵野橋北,東京環状×五日市街道,R4/10,福生,F （入間・拝島橋）,10.吉祥寺,12,0,4,89,51,144,5
90,武蔵野橋北,東京環状×五日市街道,R4/10,福生,F （入間・拝島橋）,10.吉祥寺,13,3,6,150,54,213,5
90,武蔵野橋北,東京環状×五日市街道,R4/10,福生,F （入間・拝島橋）,10.吉祥寺,14,3,13,162,81,259,7
90,武蔵野橋北,東京環状×五日市街道,R4/10,福生,F （入間・拝島橋）,10.吉祥寺,15,2,4,97,69,172,8
90,武蔵野橋北,東京環状×五日市街道,R4/10,福生,F （入間・拝島橋）,10.吉祥寺,16,2,5,158,80,245,8
90,武蔵野橋北,東京環状×五日市街道,R4/10,福生,F （入間・拝島橋）,10.吉祥寺,17,1,3,189,48,241,18
90,武蔵野橋北,東京環状×五日市街道,R4/10,福生,F （入間・拝島橋）,10.吉祥寺,18,0,2,196,62,260,7
90,武蔵野橋北,東京環状×五日市街道,R4/10,福生,F （入間・拝島橋）,10.吉祥寺,12時間計,17,58,1793,792,2660,83
90,武蔵野橋北,東京環状×五日市街道,R4/10,福生,F （入間・拝島橋）,11.拝島駅,7,0,0,16,3,19,2
90,武蔵野橋北,東京環状×五日市街道,R4/10,福生,F （入間・拝島橋）,11.拝島駅,8,0,0,25,10,35,1
90,武蔵野橋北,東京環状×五日市街道,R4/10,福生,F （入間・拝島橋）,11.拝島駅,9,0,0,21,4,25,1
90,武蔵野橋北,東京環状×五日市街道,R4/10,福生,F （入間・拝島橋）,11.拝島駅,10,0,0,21,5,26,1
90,武蔵野橋北,東京環状×五日市街道,R4/10,福生,F （入間・拝島橋）,11.拝島駅,11,0,0,14,3,17,2
90,武蔵野橋北,東京環状×五日市街道,R4/10,福生,F （入間・拝島橋）,11.拝島駅,12,0,0,25,6,31,1
90,武蔵野橋北,東京環状×五日市街道,R4/10,福生,F （入間・拝島橋）,11.拝島駅,13,0,0,17,5,22,1
90,武蔵野橋北,東京環状×五日市街道,R4/10,福生,F （入間・拝島橋）,11.拝島駅,14,0,0,16,8,24,1
90,武蔵野橋北,東京環状×五日市街道,R4/10,福生,F （入間・拝島橋）,11.拝島駅,15,0,0,25,2,27,4
90,武蔵野橋北,東京環状×五日市街道,R4/10,福生,F （入間・拝島橋）,11.拝島駅,16,0,0,22,5,27,0
90,武蔵野橋北,東京環状×五日市街道,R4/10,福生,F （入間・拝島橋）,11.拝島駅,17,0,0,25,3,28,0
90,武蔵野橋北,東京環状×五日市街道,R4/10,福生,F （入間・拝島橋）,11.拝島駅,18,0,0,20,1,21,4
90,武蔵野橋北,東京環状×五日市街道,R4/10,福生,F （入間・拝島橋）,11.拝島駅,12時間計,0,0,247,55,302,18
90,武蔵野橋北,東京環状×五日市街道,R4/10,福生,F （入間・拝島橋）,流入計,7,1,8,217,84,310,16
90,武蔵野橋北,東京環状×五日市街道,R4/10,福生,F （入間・拝島橋）,流入計,8,2,3,217,83,305,6
90,武蔵野橋北,東京環状×五日市街道,R4/10,福生,F （入間・拝島橋）,流入計,9,1,1,150,74,226,3
90,武蔵野橋北,東京環状×五日市街道,R4/10,福生,F （入間・拝島橋）,流入計,10,1,3,133,72,209,3
90,武蔵野橋北,東京環状×五日市街道,R4/10,福生,F （入間・拝島橋）,流入計,11,1,6,139,61,207,4
90,武蔵野橋北,東京環状×五日市街道,R4/10,福生,F （入間・拝島橋）,流入計,12,0,4,114,57,175,6
90,武蔵野橋北,東京環状×五日市街道,R4/10,福生,F （入間・拝島橋）,流入計,13,3,6,167,59,235,6
90,武蔵野橋北,東京環状×五日市街道,R4/10,福生,F （入間・拝島橋）,流入計,14,3,13,178,91,285,8
90,武蔵野橋北,東京環状×五日市街道,R4/10,福生,F （入間・拝島橋）,流入計,15,2,4,124,71,201,12
90,武蔵野橋北,東京環状×五日市街道,R4/10,福生,F （入間・拝島橋）,流入計,16,2,5,182,85,274,8
90,武蔵野橋北,東京環状×五日市街道,R4/10,福生,F （入間・拝島橋）,流入計,17,1,3,216,52,272,18
90,武蔵野橋北,東京環状×五日市街道,R4/10,福生,F （入間・拝島橋）,流入計,18,0,2,218,64,284,11
90,武蔵野橋北,東京環状×五日市街道,R4/10,福生,F （入間・拝島橋）,流入計,12時間計,17,58,2055,853,2983,101
