﻿地点番号,地点名,交差道路名,調査年月,管轄警察署,流出方向,時間帯等,大型乗用,大型貨物,普通乗用,普通貨物,四輪計,二輪車
90,武蔵野橋北,東京環状×五日市街道,R4/10,福生,A 入間,7,4,120,1046,288,1458,77
90,武蔵野橋北,東京環状×五日市街道,R4/10,福生,A 入間,8,6,117,921,391,1435,63
90,武蔵野橋北,東京環状×五日市街道,R4/10,福生,A 入間,9,12,145,683,447,1287,23
90,武蔵野橋北,東京環状×五日市街道,R4/10,福生,A 入間,10,4,210,664,482,1360,25
90,武蔵野橋北,東京環状×五日市街道,R4/10,福生,A 入間,11,7,210,615,453,1285,21
90,武蔵野橋北,東京環状×五日市街道,R4/10,福生,A 入間,12,6,167,649,438,1260,17
90,武蔵野橋北,東京環状×五日市街道,R4/10,福生,A 入間,13,7,156,656,379,1198,25
90,武蔵野橋北,東京環状×五日市街道,R4/10,福生,A 入間,14,15,138,679,445,1277,36
90,武蔵野橋北,東京環状×五日市街道,R4/10,福生,A 入間,15,10,150,707,422,1289,29
90,武蔵野橋北,東京環状×五日市街道,R4/10,福生,A 入間,16,6,122,858,484,1470,43
90,武蔵野橋北,東京環状×五日市街道,R4/10,福生,A 入間,17,9,101,899,381,1390,59
90,武蔵野橋北,東京環状×五日市街道,R4/10,福生,A 入間,18,9,58,1112,346,1525,126
90,武蔵野橋北,東京環状×五日市街道,R4/10,福生,A 入間,12時間計,95,1694,9489,4956,16234,544
90,武蔵野橋北,東京環状×五日市街道,R4/10,福生,B 拝島橋,7,11,106,697,389,1203,41
90,武蔵野橋北,東京環状×五日市街道,R4/10,福生,B 拝島橋,8,7,130,619,400,1156,38
90,武蔵野橋北,東京環状×五日市街道,R4/10,福生,B 拝島橋,9,7,152,554,350,1063,23
90,武蔵野橋北,東京環状×五日市街道,R4/10,福生,B 拝島橋,10,4,162,477,348,991,23
90,武蔵野橋北,東京環状×五日市街道,R4/10,福生,B 拝島橋,11,2,157,476,306,941,27
90,武蔵野橋北,東京環状×五日市街道,R4/10,福生,B 拝島橋,12,2,113,520,324,959,30
90,武蔵野橋北,東京環状×五日市街道,R4/10,福生,B 拝島橋,13,5,144,548,315,1012,20
90,武蔵野橋北,東京環状×五日市街道,R4/10,福生,B 拝島橋,14,7,104,592,316,1019,15
90,武蔵野橋北,東京環状×五日市街道,R4/10,福生,B 拝島橋,15,4,93,626,345,1068,21
90,武蔵野橋北,東京環状×五日市街道,R4/10,福生,B 拝島橋,16,12,95,772,380,1259,53
90,武蔵野橋北,東京環状×五日市街道,R4/10,福生,B 拝島橋,17,2,80,820,334,1236,58
90,武蔵野橋北,東京環状×五日市街道,R4/10,福生,B 拝島橋,18,4,79,1005,356,1444,57
90,武蔵野橋北,東京環状×五日市街道,R4/10,福生,B 拝島橋,12時間計,67,1415,7706,4163,13351,406
90,武蔵野橋北,東京環状×五日市街道,R4/10,福生,C 拝島駅,7,0,0,93,24,117,18
90,武蔵野橋北,東京環状×五日市街道,R4/10,福生,C 拝島駅,8,0,0,135,41,176,12
90,武蔵野橋北,東京環状×五日市街道,R4/10,福生,C 拝島駅,9,0,0,84,25,109,8
90,武蔵野橋北,東京環状×五日市街道,R4/10,福生,C 拝島駅,10,0,0,77,23,100,6
90,武蔵野橋北,東京環状×五日市街道,R4/10,福生,C 拝島駅,11,0,0,72,18,90,6
90,武蔵野橋北,東京環状×五日市街道,R4/10,福生,C 拝島駅,12,0,0,85,20,105,5
90,武蔵野橋北,東京環状×五日市街道,R4/10,福生,C 拝島駅,13,0,0,71,23,94,8
90,武蔵野橋北,東京環状×五日市街道,R4/10,福生,C 拝島駅,14,0,0,65,22,87,9
90,武蔵野橋北,東京環状×五日市街道,R4/10,福生,C 拝島駅,15,0,0,96,21,117,9
90,武蔵野橋北,東京環状×五日市街道,R4/10,福生,C 拝島駅,16,0,0,110,27,137,11
90,武蔵野橋北,東京環状×五日市街道,R4/10,福生,C 拝島駅,17,0,0,126,24,150,11
90,武蔵野橋北,東京環状×五日市街道,R4/10,福生,C 拝島駅,18,0,0,116,14,130,10
90,武蔵野橋北,東京環状×五日市街道,R4/10,福生,C 拝島駅,12時間計,0,0,1130,282,1412,113
90,武蔵野橋北,東京環状×五日市街道,R4/10,福生,D 吉祥寺,7,1,29,543,200,773,48
90,武蔵野橋北,東京環状×五日市街道,R4/10,福生,D 吉祥寺,8,2,24,486,190,702,17
90,武蔵野橋北,東京環状×五日市街道,R4/10,福生,D 吉祥寺,9,4,26,361,197,588,10
90,武蔵野橋北,東京環状×五日市街道,R4/10,福生,D 吉祥寺,10,2,19,363,207,591,14
90,武蔵野橋北,東京環状×五日市街道,R4/10,福生,D 吉祥寺,11,3,28,391,156,578,8
90,武蔵野橋北,東京環状×五日市街道,R4/10,福生,D 吉祥寺,12,0,19,388,151,558,15
90,武蔵野橋北,東京環状×五日市街道,R4/10,福生,D 吉祥寺,13,4,25,412,170,611,12
90,武蔵野橋北,東京環状×五日市街道,R4/10,福生,D 吉祥寺,14,3,29,382,211,625,16
90,武蔵野橋北,東京環状×五日市街道,R4/10,福生,D 吉祥寺,15,5,17,350,186,558,23
90,武蔵野橋北,東京環状×五日市街道,R4/10,福生,D 吉祥寺,16,3,22,441,199,665,19
90,武蔵野橋北,東京環状×五日市街道,R4/10,福生,D 吉祥寺,17,1,20,650,140,811,38
90,武蔵野橋北,東京環状×五日市街道,R4/10,福生,D 吉祥寺,18,1,14,591,128,734,26
90,武蔵野橋北,東京環状×五日市街道,R4/10,福生,D 吉祥寺,12時間計,29,272,5358,2135,7794,246
90,武蔵野橋北,東京環状×五日市街道,R4/10,福生,全方向合計,7,16,255,2379,901,3551,184
90,武蔵野橋北,東京環状×五日市街道,R4/10,福生,全方向合計,8,15,271,2161,1022,3469,130
90,武蔵野橋北,東京環状×五日市街道,R4/10,福生,全方向合計,9,23,323,1682,1019,3047,64
90,武蔵野橋北,東京環状×五日市街道,R4/10,福生,全方向合計,10,10,391,1581,1060,3042,68
90,武蔵野橋北,東京環状×五日市街道,R4/10,福生,全方向合計,11,12,395,1554,933,2894,62
90,武蔵野橋北,東京環状×五日市街道,R4/10,福生,全方向合計,12,8,299,1642,933,2882,67
90,武蔵野橋北,東京環状×五日市街道,R4/10,福生,全方向合計,13,16,325,1687,887,2915,65
90,武蔵野橋北,東京環状×五日市街道,R4/10,福生,全方向合計,14,25,271,1718,994,3008,76
90,武蔵野橋北,東京環状×五日市街道,R4/10,福生,全方向合計,15,19,260,1779,974,3032,82
90,武蔵野橋北,東京環状×五日市街道,R4/10,福生,全方向合計,16,21,239,2181,1090,3531,126
90,武蔵野橋北,東京環状×五日市街道,R4/10,福生,全方向合計,17,12,201,2495,879,3587,166
90,武蔵野橋北,東京環状×五日市街道,R4/10,福生,全方向合計,18,14,151,2824,844,3833,219
90,武蔵野橋北,東京環状×五日市街道,R4/10,福生,全方向合計,12時間計,191,3381,23683,11536,38791,1309
