﻿地点番号,地点名,交差道路名,調査年月,管轄警察署,流出方向,時間帯等,大型乗用,大型貨物,普通乗用,普通貨物,四輪計,二輪車
84,大和田４,東京環状×甲州街道,R4/10,八王子,A 新左入橋,7,4,118,1175,379,1676,86
84,大和田４,東京環状×甲州街道,R4/10,八王子,A 新左入橋,8,7,131,990,317,1445,58
84,大和田４,東京環状×甲州街道,R4/10,八王子,A 新左入橋,9,7,178,756,374,1315,37
84,大和田４,東京環状×甲州街道,R4/10,八王子,A 新左入橋,10,9,209,844,495,1557,53
84,大和田４,東京環状×甲州街道,R4/10,八王子,A 新左入橋,11,4,216,814,529,1563,43
84,大和田４,東京環状×甲州街道,R4/10,八王子,A 新左入橋,12,3,170,864,483,1520,47
84,大和田４,東京環状×甲州街道,R4/10,八王子,A 新左入橋,13,0,177,822,450,1449,39
84,大和田４,東京環状×甲州街道,R4/10,八王子,A 新左入橋,14,3,124,731,506,1364,31
84,大和田４,東京環状×甲州街道,R4/10,八王子,A 新左入橋,15,4,145,759,441,1349,54
84,大和田４,東京環状×甲州街道,R4/10,八王子,A 新左入橋,16,9,96,936,551,1592,47
84,大和田４,東京環状×甲州街道,R4/10,八王子,A 新左入橋,17,4,63,1043,531,1641,81
84,大和田４,東京環状×甲州街道,R4/10,八王子,A 新左入橋,18,6,63,1095,365,1529,69
84,大和田４,東京環状×甲州街道,R4/10,八王子,A 新左入橋,12時間計,60,1690,10829,5421,18000,645
84,大和田４,東京環状×甲州街道,R4/10,八王子,B 八幡町,7,24,15,769,222,1030,54
84,大和田４,東京環状×甲州街道,R4/10,八王子,B 八幡町,8,32,44,719,254,1049,66
84,大和田４,東京環状×甲州街道,R4/10,八王子,B 八幡町,9,32,34,615,282,963,46
84,大和田４,東京環状×甲州街道,R4/10,八王子,B 八幡町,10,18,43,577,245,883,38
84,大和田４,東京環状×甲州街道,R4/10,八王子,B 八幡町,11,18,11,595,278,902,58
84,大和田４,東京環状×甲州街道,R4/10,八王子,B 八幡町,12,21,12,550,215,798,31
84,大和田４,東京環状×甲州街道,R4/10,八王子,B 八幡町,13,14,10,592,195,811,46
84,大和田４,東京環状×甲州街道,R4/10,八王子,B 八幡町,14,23,18,687,299,1027,29
84,大和田４,東京環状×甲州街道,R4/10,八王子,B 八幡町,15,24,10,716,204,954,40
84,大和田４,東京環状×甲州街道,R4/10,八王子,B 八幡町,16,29,5,686,250,970,45
84,大和田４,東京環状×甲州街道,R4/10,八王子,B 八幡町,17,23,5,745,234,1007,65
84,大和田４,東京環状×甲州街道,R4/10,八王子,B 八幡町,18,28,1,769,184,982,67
84,大和田４,東京環状×甲州街道,R4/10,八王子,B 八幡町,12時間計,286,208,8020,2862,11376,585
84,大和田４,東京環状×甲州街道,R4/10,八王子,C 相原,7,6,232,788,537,1563,64
84,大和田４,東京環状×甲州街道,R4/10,八王子,C 相原,8,10,132,887,473,1502,78
84,大和田４,東京環状×甲州街道,R4/10,八王子,C 相原,9,8,160,853,584,1605,45
84,大和田４,東京環状×甲州街道,R4/10,八王子,C 相原,10,3,182,795,488,1468,42
84,大和田４,東京環状×甲州街道,R4/10,八王子,C 相原,11,3,165,659,510,1337,36
84,大和田４,東京環状×甲州街道,R4/10,八王子,C 相原,12,2,169,699,516,1386,33
84,大和田４,東京環状×甲州街道,R4/10,八王子,C 相原,13,1,170,783,575,1529,43
84,大和田４,東京環状×甲州街道,R4/10,八王子,C 相原,14,6,152,771,494,1423,33
84,大和田４,東京環状×甲州街道,R4/10,八王子,C 相原,15,15,135,847,472,1469,29
84,大和田４,東京環状×甲州街道,R4/10,八王子,C 相原,16,8,110,997,494,1609,58
84,大和田４,東京環状×甲州街道,R4/10,八王子,C 相原,17,2,85,826,399,1312,63
84,大和田４,東京環状×甲州街道,R4/10,八王子,C 相原,18,2,53,893,355,1303,61
84,大和田４,東京環状×甲州街道,R4/10,八王子,C 相原,12時間計,66,1745,9798,5897,17506,585
84,大和田４,東京環状×甲州街道,R4/10,八王子,D 日野橋,7,31,58,999,348,1436,107
84,大和田４,東京環状×甲州街道,R4/10,八王子,D 日野橋,8,30,38,955,290,1313,83
84,大和田４,東京環状×甲州街道,R4/10,八王子,D 日野橋,9,19,29,818,373,1239,56
84,大和田４,東京環状×甲州街道,R4/10,八王子,D 日野橋,10,19,37,760,395,1211,48
84,大和田４,東京環状×甲州街道,R4/10,八王子,D 日野橋,11,19,41,772,360,1192,51
84,大和田４,東京環状×甲州街道,R4/10,八王子,D 日野橋,12,19,37,786,312,1154,49
84,大和田４,東京環状×甲州街道,R4/10,八王子,D 日野橋,13,19,38,730,334,1121,56
84,大和田４,東京環状×甲州街道,R4/10,八王子,D 日野橋,14,25,15,748,315,1103,60
84,大和田４,東京環状×甲州街道,R4/10,八王子,D 日野橋,15,25,12,819,342,1198,62
84,大和田４,東京環状×甲州街道,R4/10,八王子,D 日野橋,16,30,20,871,387,1308,60
84,大和田４,東京環状×甲州街道,R4/10,八王子,D 日野橋,17,26,10,1017,303,1356,85
84,大和田４,東京環状×甲州街道,R4/10,八王子,D 日野橋,18,25,12,965,211,1213,64
84,大和田４,東京環状×甲州街道,R4/10,八王子,D 日野橋,12時間計,287,347,10240,3970,14844,781
84,大和田４,東京環状×甲州街道,R4/10,八王子,全方向合計,7,65,423,3731,1486,5705,311
84,大和田４,東京環状×甲州街道,R4/10,八王子,全方向合計,8,79,345,3551,1334,5309,285
84,大和田４,東京環状×甲州街道,R4/10,八王子,全方向合計,9,66,401,3042,1613,5122,184
84,大和田４,東京環状×甲州街道,R4/10,八王子,全方向合計,10,49,471,2976,1623,5119,181
84,大和田４,東京環状×甲州街道,R4/10,八王子,全方向合計,11,44,433,2840,1677,4994,188
84,大和田４,東京環状×甲州街道,R4/10,八王子,全方向合計,12,45,388,2899,1526,4858,160
84,大和田４,東京環状×甲州街道,R4/10,八王子,全方向合計,13,34,395,2927,1554,4910,184
84,大和田４,東京環状×甲州街道,R4/10,八王子,全方向合計,14,57,309,2937,1614,4917,153
84,大和田４,東京環状×甲州街道,R4/10,八王子,全方向合計,15,68,302,3141,1459,4970,185
84,大和田４,東京環状×甲州街道,R4/10,八王子,全方向合計,16,76,231,3490,1682,5479,210
84,大和田４,東京環状×甲州街道,R4/10,八王子,全方向合計,17,55,163,3631,1467,5316,294
84,大和田４,東京環状×甲州街道,R4/10,八王子,全方向合計,18,61,129,3722,1115,5027,261
84,大和田４,東京環状×甲州街道,R4/10,八王子,全方向合計,12時間計,699,3990,38887,18150,61726,2596
