﻿地点番号,地点名,交差道路名,調査年月,管轄警察署,流入方向,流出方向,時間帯等,大型乗用,大型貨物,普通乗用,普通貨物,四輪計,二輪車
84,大和田４,東京環状×甲州街道,R4/10,八王子,A 新左入橋,1.日野橋,7,0,17,106,50,173,6
84,大和田４,東京環状×甲州街道,R4/10,八王子,A 新左入橋,1.日野橋,8,1,10,73,32,116,5
84,大和田４,東京環状×甲州街道,R4/10,八王子,A 新左入橋,1.日野橋,9,0,12,69,40,121,3
84,大和田４,東京環状×甲州街道,R4/10,八王子,A 新左入橋,1.日野橋,10,0,13,88,47,148,1
84,大和田４,東京環状×甲州街道,R4/10,八王子,A 新左入橋,1.日野橋,11,0,4,89,35,128,1
84,大和田４,東京環状×甲州街道,R4/10,八王子,A 新左入橋,1.日野橋,12,1,7,83,29,120,5
84,大和田４,東京環状×甲州街道,R4/10,八王子,A 新左入橋,1.日野橋,13,0,4,95,38,137,6
84,大和田４,東京環状×甲州街道,R4/10,八王子,A 新左入橋,1.日野橋,14,1,3,83,29,116,6
84,大和田４,東京環状×甲州街道,R4/10,八王子,A 新左入橋,1.日野橋,15,0,7,115,26,148,6
84,大和田４,東京環状×甲州街道,R4/10,八王子,A 新左入橋,1.日野橋,16,2,5,91,30,128,7
84,大和田４,東京環状×甲州街道,R4/10,八王子,A 新左入橋,1.日野橋,17,0,3,95,33,131,4
84,大和田４,東京環状×甲州街道,R4/10,八王子,A 新左入橋,1.日野橋,18,1,2,101,20,124,5
84,大和田４,東京環状×甲州街道,R4/10,八王子,A 新左入橋,1.日野橋,12時間計,6,87,1088,409,1590,55
84,大和田４,東京環状×甲州街道,R4/10,八王子,A 新左入橋,2.相原,7,0,0,14,2,16,3
84,大和田４,東京環状×甲州街道,R4/10,八王子,A 新左入橋,2.相原,8,0,0,23,6,29,6
84,大和田４,東京環状×甲州街道,R4/10,八王子,A 新左入橋,2.相原,9,0,0,22,8,30,5
84,大和田４,東京環状×甲州街道,R4/10,八王子,A 新左入橋,2.相原,10,0,0,19,8,27,0
84,大和田４,東京環状×甲州街道,R4/10,八王子,A 新左入橋,2.相原,11,0,0,28,10,38,2
84,大和田４,東京環状×甲州街道,R4/10,八王子,A 新左入橋,2.相原,12,0,1,29,7,37,3
84,大和田４,東京環状×甲州街道,R4/10,八王子,A 新左入橋,2.相原,13,0,1,31,16,48,5
84,大和田４,東京環状×甲州街道,R4/10,八王子,A 新左入橋,2.相原,14,0,1,38,24,63,5
84,大和田４,東京環状×甲州街道,R4/10,八王子,A 新左入橋,2.相原,15,0,4,32,17,53,4
84,大和田４,東京環状×甲州街道,R4/10,八王子,A 新左入橋,2.相原,16,0,0,38,23,61,4
84,大和田４,東京環状×甲州街道,R4/10,八王子,A 新左入橋,2.相原,17,0,0,34,13,47,4
84,大和田４,東京環状×甲州街道,R4/10,八王子,A 新左入橋,2.相原,18,0,1,67,18,86,14
84,大和田４,東京環状×甲州街道,R4/10,八王子,A 新左入橋,2.相原,12時間計,0,8,375,152,535,55
84,大和田４,東京環状×甲州街道,R4/10,八王子,A 新左入橋,3.八幡町,7,3,4,81,29,117,4
84,大和田４,東京環状×甲州街道,R4/10,八王子,A 新左入橋,3.八幡町,8,5,8,106,27,146,7
84,大和田４,東京環状×甲州街道,R4/10,八王子,A 新左入橋,3.八幡町,9,8,4,110,42,164,7
84,大和田４,東京環状×甲州街道,R4/10,八王子,A 新左入橋,3.八幡町,10,1,3,84,32,120,3
84,大和田４,東京環状×甲州街道,R4/10,八王子,A 新左入橋,3.八幡町,11,1,0,79,41,121,4
84,大和田４,東京環状×甲州街道,R4/10,八王子,A 新左入橋,3.八幡町,12,1,0,78,23,102,5
84,大和田４,東京環状×甲州街道,R4/10,八王子,A 新左入橋,3.八幡町,13,1,0,75,30,106,5
84,大和田４,東京環状×甲州街道,R4/10,八王子,A 新左入橋,3.八幡町,14,3,2,99,38,142,3
84,大和田４,東京環状×甲州街道,R4/10,八王子,A 新左入橋,3.八幡町,15,2,1,88,23,114,2
84,大和田４,東京環状×甲州街道,R4/10,八王子,A 新左入橋,3.八幡町,16,7,0,78,34,119,3
84,大和田４,東京環状×甲州街道,R4/10,八王子,A 新左入橋,3.八幡町,17,3,2,106,26,137,9
84,大和田４,東京環状×甲州街道,R4/10,八王子,A 新左入橋,3.八幡町,18,4,0,112,17,133,4
84,大和田４,東京環状×甲州街道,R4/10,八王子,A 新左入橋,3.八幡町,12時間計,39,24,1096,362,1521,56
84,大和田４,東京環状×甲州街道,R4/10,八王子,A 新左入橋,4.相原,7,6,222,659,478,1365,48
84,大和田４,東京環状×甲州街道,R4/10,八王子,A 新左入橋,4.相原,8,7,121,741,389,1258,62
84,大和田４,東京環状×甲州街道,R4/10,八王子,A 新左入橋,4.相原,9,5,132,705,455,1297,32
84,大和田４,東京環状×甲州街道,R4/10,八王子,A 新左入橋,4.相原,10,1,169,646,384,1200,33
84,大和田４,東京環状×甲州街道,R4/10,八王子,A 新左入橋,4.相原,11,1,153,504,407,1065,25
84,大和田４,東京環状×甲州街道,R4/10,八王子,A 新左入橋,4.相原,12,2,160,526,417,1105,21
84,大和田４,東京環状×甲州街道,R4/10,八王子,A 新左入橋,4.相原,13,1,154,602,433,1190,34
84,大和田４,東京環状×甲州街道,R4/10,八王子,A 新左入橋,4.相原,14,5,131,595,380,1111,18
84,大和田４,東京環状×甲州街道,R4/10,八王子,A 新左入橋,4.相原,15,10,115,653,364,1142,18
84,大和田４,東京環状×甲州街道,R4/10,八王子,A 新左入橋,4.相原,16,8,92,787,377,1264,41
84,大和田４,東京環状×甲州街道,R4/10,八王子,A 新左入橋,4.相原,17,2,74,596,324,996,46
84,大和田４,東京環状×甲州街道,R4/10,八王子,A 新左入橋,4.相原,18,1,49,625,272,947,30
84,大和田４,東京環状×甲州街道,R4/10,八王子,A 新左入橋,4.相原,12時間計,49,1572,7639,4680,13940,408
84,大和田４,東京環状×甲州街道,R4/10,八王子,A 新左入橋,流入計,7,9,243,860,559,1671,61
84,大和田４,東京環状×甲州街道,R4/10,八王子,A 新左入橋,流入計,8,13,139,943,454,1549,80
84,大和田４,東京環状×甲州街道,R4/10,八王子,A 新左入橋,流入計,9,13,148,906,545,1612,47
84,大和田４,東京環状×甲州街道,R4/10,八王子,A 新左入橋,流入計,10,2,185,837,471,1495,37
84,大和田４,東京環状×甲州街道,R4/10,八王子,A 新左入橋,流入計,11,2,157,700,493,1352,32
84,大和田４,東京環状×甲州街道,R4/10,八王子,A 新左入橋,流入計,12,4,168,716,476,1364,34
84,大和田４,東京環状×甲州街道,R4/10,八王子,A 新左入橋,流入計,13,2,159,803,517,1481,50
84,大和田４,東京環状×甲州街道,R4/10,八王子,A 新左入橋,流入計,14,9,137,815,471,1432,32
84,大和田４,東京環状×甲州街道,R4/10,八王子,A 新左入橋,流入計,15,12,127,888,430,1457,30
84,大和田４,東京環状×甲州街道,R4/10,八王子,A 新左入橋,流入計,16,17,97,994,464,1572,55
84,大和田４,東京環状×甲州街道,R4/10,八王子,A 新左入橋,流入計,17,5,79,831,396,1311,63
84,大和田４,東京環状×甲州街道,R4/10,八王子,A 新左入橋,流入計,18,6,52,905,327,1290,53
84,大和田４,東京環状×甲州街道,R4/10,八王子,A 新左入橋,流入計,12時間計,94,1691,10198,5603,17586,574
84,大和田４,東京環状×甲州街道,R4/10,八王子,B 八幡町,5.新左入橋,7,1,0,25,9,35,0
84,大和田４,東京環状×甲州街道,R4/10,八王子,B 八幡町,5.新左入橋,8,0,0,32,10,42,0
84,大和田４,東京環状×甲州街道,R4/10,八王子,B 八幡町,5.新左入橋,9,0,1,47,11,59,1
84,大和田４,東京環状×甲州街道,R4/10,八王子,B 八幡町,5.新左入橋,10,1,0,58,13,72,4
84,大和田４,東京環状×甲州街道,R4/10,八王子,B 八幡町,5.新左入橋,11,1,1,60,11,73,4
84,大和田４,東京環状×甲州街道,R4/10,八王子,B 八幡町,5.新左入橋,12,0,0,52,12,64,4
84,大和田４,東京環状×甲州街道,R4/10,八王子,B 八幡町,5.新左入橋,13,0,0,60,18,78,2
84,大和田４,東京環状×甲州街道,R4/10,八王子,B 八幡町,5.新左入橋,14,1,1,51,16,69,4
84,大和田４,東京環状×甲州街道,R4/10,八王子,B 八幡町,5.新左入橋,15,1,0,56,10,67,7
84,大和田４,東京環状×甲州街道,R4/10,八王子,B 八幡町,5.新左入橋,16,1,0,64,17,82,3
84,大和田４,東京環状×甲州街道,R4/10,八王子,B 八幡町,5.新左入橋,17,0,0,62,23,85,6
84,大和田４,東京環状×甲州街道,R4/10,八王子,B 八幡町,5.新左入橋,18,0,0,59,13,72,3
84,大和田４,東京環状×甲州街道,R4/10,八王子,B 八幡町,5.新左入橋,12時間計,6,3,626,163,798,38
84,大和田４,東京環状×甲州街道,R4/10,八王子,B 八幡町,6.日野橋,7,30,16,770,241,1057,82
84,大和田４,東京環状×甲州街道,R4/10,八王子,B 八幡町,6.日野橋,8,28,10,752,189,979,68
84,大和田４,東京環状×甲州街道,R4/10,八王子,B 八幡町,6.日野橋,9,19,3,661,258,941,44
84,大和田４,東京環状×甲州街道,R4/10,八王子,B 八幡町,6.日野橋,10,17,6,584,282,889,42
84,大和田４,東京環状×甲州街道,R4/10,八王子,B 八幡町,6.日野橋,11,17,18,594,247,876,48
84,大和田４,東京環状×甲州街道,R4/10,八王子,B 八幡町,6.日野橋,12,17,15,612,220,864,36
84,大和田４,東京環状×甲州街道,R4/10,八王子,B 八幡町,6.日野橋,13,17,12,546,248,823,47
84,大和田４,東京環状×甲州街道,R4/10,八王子,B 八幡町,6.日野橋,14,17,3,539,207,766,47
84,大和田４,東京環状×甲州街道,R4/10,八王子,B 八幡町,6.日野橋,15,21,2,584,229,836,44
84,大和田４,東京環状×甲州街道,R4/10,八王子,B 八幡町,6.日野橋,16,25,8,664,299,996,47
84,大和田４,東京環状×甲州街道,R4/10,八王子,B 八幡町,6.日野橋,17,25,5,802,217,1049,65
84,大和田４,東京環状×甲州街道,R4/10,八王子,B 八幡町,6.日野橋,18,23,2,735,150,910,51
84,大和田４,東京環状×甲州街道,R4/10,八王子,B 八幡町,6.日野橋,12時間計,256,100,7843,2787,10986,621
84,大和田４,東京環状×甲州街道,R4/10,八王子,B 八幡町,7.相原,7,0,0,13,5,18,2
84,大和田４,東京環状×甲州街道,R4/10,八王子,B 八幡町,7.相原,8,0,1,16,8,25,1
84,大和田４,東京環状×甲州街道,R4/10,八王子,B 八幡町,7.相原,9,1,1,20,6,28,1
84,大和田４,東京環状×甲州街道,R4/10,八王子,B 八幡町,7.相原,10,0,1,23,10,34,1
84,大和田４,東京環状×甲州街道,R4/10,八王子,B 八幡町,7.相原,11,0,1,30,7,38,0
84,大和田４,東京環状×甲州街道,R4/10,八王子,B 八幡町,7.相原,12,0,0,24,13,37,2
84,大和田４,東京環状×甲州街道,R4/10,八王子,B 八幡町,7.相原,13,0,0,26,17,43,1
84,大和田４,東京環状×甲州街道,R4/10,八王子,B 八幡町,7.相原,14,0,0,27,18,45,3
84,大和田４,東京環状×甲州街道,R4/10,八王子,B 八幡町,7.相原,15,1,0,40,12,53,4
84,大和田４,東京環状×甲州街道,R4/10,八王子,B 八幡町,7.相原,16,0,0,30,11,41,3
84,大和田４,東京環状×甲州街道,R4/10,八王子,B 八幡町,7.相原,17,0,0,45,18,63,5
84,大和田４,東京環状×甲州街道,R4/10,八王子,B 八幡町,7.相原,18,0,0,44,13,57,6
84,大和田４,東京環状×甲州街道,R4/10,八王子,B 八幡町,7.相原,12時間計,2,4,338,138,482,29
84,大和田４,東京環状×甲州街道,R4/10,八王子,B 八幡町,流入計,7,31,16,808,255,1110,84
84,大和田４,東京環状×甲州街道,R4/10,八王子,B 八幡町,流入計,8,28,11,800,207,1046,69
84,大和田４,東京環状×甲州街道,R4/10,八王子,B 八幡町,流入計,9,20,5,728,275,1028,46
84,大和田４,東京環状×甲州街道,R4/10,八王子,B 八幡町,流入計,10,18,7,665,305,995,47
84,大和田４,東京環状×甲州街道,R4/10,八王子,B 八幡町,流入計,11,18,20,684,265,987,52
84,大和田４,東京環状×甲州街道,R4/10,八王子,B 八幡町,流入計,12,17,15,688,245,965,42
84,大和田４,東京環状×甲州街道,R4/10,八王子,B 八幡町,流入計,13,17,12,632,283,944,50
84,大和田４,東京環状×甲州街道,R4/10,八王子,B 八幡町,流入計,14,18,4,617,241,880,54
84,大和田４,東京環状×甲州街道,R4/10,八王子,B 八幡町,流入計,15,23,2,680,251,956,55
84,大和田４,東京環状×甲州街道,R4/10,八王子,B 八幡町,流入計,16,26,8,758,327,1119,53
84,大和田４,東京環状×甲州街道,R4/10,八王子,B 八幡町,流入計,17,25,5,909,258,1197,76
84,大和田４,東京環状×甲州街道,R4/10,八王子,B 八幡町,流入計,18,23,2,838,176,1039,60
84,大和田４,東京環状×甲州街道,R4/10,八王子,B 八幡町,流入計,12時間計,264,107,8807,3088,12266,688
84,大和田４,東京環状×甲州街道,R4/10,八王子,C 相原,8.八幡町,7,0,0,12,3,15,0
84,大和田４,東京環状×甲州街道,R4/10,八王子,C 相原,8.八幡町,8,1,1,16,6,24,2
84,大和田４,東京環状×甲州街道,R4/10,八王子,C 相原,8.八幡町,9,0,3,15,7,25,0
84,大和田４,東京環状×甲州街道,R4/10,八王子,C 相原,8.八幡町,10,0,2,12,6,20,0
84,大和田４,東京環状×甲州街道,R4/10,八王子,C 相原,8.八幡町,11,0,1,16,9,26,1
84,大和田４,東京環状×甲州街道,R4/10,八王子,C 相原,8.八幡町,12,0,1,14,6,21,2
84,大和田４,東京環状×甲州街道,R4/10,八王子,C 相原,8.八幡町,13,0,0,16,6,22,4
84,大和田４,東京環状×甲州街道,R4/10,八王子,C 相原,8.八幡町,14,1,0,17,7,25,1
84,大和田４,東京環状×甲州街道,R4/10,八王子,C 相原,8.八幡町,15,1,0,16,2,19,1
84,大和田４,東京環状×甲州街道,R4/10,八王子,C 相原,8.八幡町,16,0,0,15,7,22,0
84,大和田４,東京環状×甲州街道,R4/10,八王子,C 相原,8.八幡町,17,0,0,17,5,22,2
84,大和田４,東京環状×甲州街道,R4/10,八王子,C 相原,8.八幡町,18,0,0,11,3,14,1
84,大和田４,東京環状×甲州街道,R4/10,八王子,C 相原,8.八幡町,12時間計,3,8,177,67,255,14
84,大和田４,東京環状×甲州街道,R4/10,八王子,C 相原,9.新左入橋,7,0,1,74,25,100,9
84,大和田４,東京環状×甲州街道,R4/10,八王子,C 相原,9.新左入橋,8,0,2,107,25,134,8
84,大和田４,東京環状×甲州街道,R4/10,八王子,C 相原,9.新左入橋,9,3,3,101,38,145,9
84,大和田４,東京環状×甲州街道,R4/10,八王子,C 相原,9.新左入橋,10,0,0,60,20,80,3
84,大和田４,東京環状×甲州街道,R4/10,八王子,C 相原,9.新左入橋,11,0,9,53,21,83,5
84,大和田４,東京環状×甲州街道,R4/10,八王子,C 相原,9.新左入橋,12,0,1,30,19,50,2
84,大和田４,東京環状×甲州街道,R4/10,八王子,C 相原,9.新左入橋,13,0,0,54,21,75,2
84,大和田４,東京環状×甲州街道,R4/10,八王子,C 相原,9.新左入橋,14,0,0,60,20,80,4
84,大和田４,東京環状×甲州街道,R4/10,八王子,C 相原,9.新左入橋,15,1,0,47,19,67,7
84,大和田４,東京環状×甲州街道,R4/10,八王子,C 相原,9.新左入橋,16,0,0,57,19,76,5
84,大和田４,東京環状×甲州街道,R4/10,八王子,C 相原,9.新左入橋,17,0,0,76,18,94,6
84,大和田４,東京環状×甲州街道,R4/10,八王子,C 相原,9.新左入橋,18,0,1,78,21,100,9
84,大和田４,東京環状×甲州街道,R4/10,八王子,C 相原,9.新左入橋,12時間計,4,17,797,266,1084,69
84,大和田４,東京環状×甲州街道,R4/10,八王子,C 相原,10.日野橋,7,1,25,123,57,206,19
84,大和田４,東京環状×甲州街道,R4/10,八王子,C 相原,10.日野橋,8,1,18,130,69,218,10
84,大和田４,東京環状×甲州街道,R4/10,八王子,C 相原,10.日野橋,9,0,14,88,75,177,9
84,大和田４,東京環状×甲州街道,R4/10,八王子,C 相原,10.日野橋,10,2,18,88,66,174,5
84,大和田４,東京環状×甲州街道,R4/10,八王子,C 相原,10.日野橋,11,2,19,89,78,188,2
84,大和田４,東京環状×甲州街道,R4/10,八王子,C 相原,10.日野橋,12,1,15,91,63,170,8
84,大和田４,東京環状×甲州街道,R4/10,八王子,C 相原,10.日野橋,13,2,22,89,48,161,3
84,大和田４,東京環状×甲州街道,R4/10,八王子,C 相原,10.日野橋,14,7,9,126,79,221,7
84,大和田４,東京環状×甲州街道,R4/10,八王子,C 相原,10.日野橋,15,4,3,120,87,214,12
84,大和田４,東京環状×甲州街道,R4/10,八王子,C 相原,10.日野橋,16,3,7,116,58,184,6
84,大和田４,東京環状×甲州街道,R4/10,八王子,C 相原,10.日野橋,17,1,2,120,53,176,16
84,大和田４,東京環状×甲州街道,R4/10,八王子,C 相原,10.日野橋,18,1,8,129,41,179,8
84,大和田４,東京環状×甲州街道,R4/10,八王子,C 相原,10.日野橋,12時間計,25,160,1309,774,2268,105
84,大和田４,東京環状×甲州街道,R4/10,八王子,C 相原,11.新左入橋,7,3,109,947,314,1373,70
84,大和田４,東京環状×甲州街道,R4/10,八王子,C 相原,11.新左入橋,8,6,119,734,235,1094,44
84,大和田４,東京環状×甲州街道,R4/10,八王子,C 相原,11.新左入橋,9,3,162,502,273,940,23
84,大和田４,東京環状×甲州街道,R4/10,八王子,C 相原,11.新左入橋,10,5,204,618,407,1234,39
84,大和田４,東京環状×甲州街道,R4/10,八王子,C 相原,11.新左入橋,11,3,188,573,467,1231,31
84,大和田４,東京環状×甲州街道,R4/10,八王子,C 相原,11.新左入橋,12,3,161,658,406,1228,32
84,大和田４,東京環状×甲州街道,R4/10,八王子,C 相原,11.新左入橋,13,0,173,582,365,1120,31
84,大和田４,東京環状×甲州街道,R4/10,八王子,C 相原,11.新左入橋,14,2,115,513,423,1053,21
84,大和田４,東京環状×甲州街道,R4/10,八王子,C 相原,11.新左入橋,15,1,137,534,369,1041,33
84,大和田４,東京環状×甲州街道,R4/10,八王子,C 相原,11.新左入橋,16,6,91,689,475,1261,29
84,大和田４,東京環状×甲州街道,R4/10,八王子,C 相原,11.新左入橋,17,3,60,787,442,1292,58
84,大和田４,東京環状×甲州街道,R4/10,八王子,C 相原,11.新左入橋,18,5,59,814,281,1159,52
84,大和田４,東京環状×甲州街道,R4/10,八王子,C 相原,11.新左入橋,12時間計,40,1578,7951,4457,14026,463
84,大和田４,東京環状×甲州街道,R4/10,八王子,C 相原,流入計,7,4,135,1156,399,1694,98
84,大和田４,東京環状×甲州街道,R4/10,八王子,C 相原,流入計,8,8,140,987,335,1470,64
84,大和田４,東京環状×甲州街道,R4/10,八王子,C 相原,流入計,9,6,182,706,393,1287,41
84,大和田４,東京環状×甲州街道,R4/10,八王子,C 相原,流入計,10,7,224,778,499,1508,47
84,大和田４,東京環状×甲州街道,R4/10,八王子,C 相原,流入計,11,5,217,731,575,1528,39
84,大和田４,東京環状×甲州街道,R4/10,八王子,C 相原,流入計,12,4,178,793,494,1469,44
84,大和田４,東京環状×甲州街道,R4/10,八王子,C 相原,流入計,13,2,195,741,440,1378,40
84,大和田４,東京環状×甲州街道,R4/10,八王子,C 相原,流入計,14,10,124,716,529,1379,33
84,大和田４,東京環状×甲州街道,R4/10,八王子,C 相原,流入計,15,7,140,717,477,1341,53
84,大和田４,東京環状×甲州街道,R4/10,八王子,C 相原,流入計,16,9,98,877,559,1543,40
84,大和田４,東京環状×甲州街道,R4/10,八王子,C 相原,流入計,17,4,62,1000,518,1584,82
84,大和田４,東京環状×甲州街道,R4/10,八王子,C 相原,流入計,18,6,68,1032,346,1452,70
84,大和田４,東京環状×甲州街道,R4/10,八王子,C 相原,流入計,12時間計,72,1763,10234,5564,17633,651
84,大和田４,東京環状×甲州街道,R4/10,八王子,D 日野橋,12.相原,7,0,10,102,52,164,11
84,大和田４,東京環状×甲州街道,R4/10,八王子,D 日野橋,12.相原,8,3,10,107,70,190,9
84,大和田４,東京環状×甲州街道,R4/10,八王子,D 日野橋,12.相原,9,2,27,106,115,250,7
84,大和田４,東京環状×甲州街道,R4/10,八王子,D 日野橋,12.相原,10,2,12,107,86,207,8
84,大和田４,東京環状×甲州街道,R4/10,八王子,D 日野橋,12.相原,11,2,11,97,86,196,9
84,大和田４,東京環状×甲州街道,R4/10,八王子,D 日野橋,12.相原,12,0,8,120,79,207,7
84,大和田４,東京環状×甲州街道,R4/10,八王子,D 日野橋,12.相原,13,0,15,124,109,248,3
84,大和田４,東京環状×甲州街道,R4/10,八王子,D 日野橋,12.相原,14,1,20,111,72,204,7
84,大和田４,東京環状×甲州街道,R4/10,八王子,D 日野橋,12.相原,15,4,16,122,79,221,3
84,大和田４,東京環状×甲州街道,R4/10,八王子,D 日野橋,12.相原,16,0,18,142,83,243,10
84,大和田４,東京環状×甲州街道,R4/10,八王子,D 日野橋,12.相原,17,0,11,151,44,206,8
84,大和田４,東京環状×甲州街道,R4/10,八王子,D 日野橋,12.相原,18,1,3,157,52,213,11
84,大和田４,東京環状×甲州街道,R4/10,八王子,D 日野橋,12.相原,12時間計,15,161,1446,927,2549,93
84,大和田４,東京環状×甲州街道,R4/10,八王子,D 日野橋,13.八幡町,7,21,11,676,190,898,50
84,大和田４,東京環状×甲州街道,R4/10,八王子,D 日野橋,13.八幡町,8,26,35,597,221,879,57
84,大和田４,東京環状×甲州街道,R4/10,八王子,D 日野橋,13.八幡町,9,24,27,490,233,774,39
84,大和田４,東京環状×甲州街道,R4/10,八王子,D 日野橋,13.八幡町,10,17,38,481,207,743,35
84,大和田４,東京環状×甲州街道,R4/10,八王子,D 日野橋,13.八幡町,11,17,10,500,228,755,53
84,大和田４,東京環状×甲州街道,R4/10,八王子,D 日野橋,13.八幡町,12,20,11,458,186,675,24
84,大和田４,東京環状×甲州街道,R4/10,八王子,D 日野橋,13.八幡町,13,13,10,501,159,683,37
84,大和田４,東京環状×甲州街道,R4/10,八王子,D 日野橋,13.八幡町,14,19,16,571,254,860,25
84,大和田４,東京環状×甲州街道,R4/10,八王子,D 日野橋,13.八幡町,15,21,9,612,179,821,37
84,大和田４,東京環状×甲州街道,R4/10,八王子,D 日野橋,13.八幡町,16,22,5,593,209,829,42
84,大和田４,東京環状×甲州街道,R4/10,八王子,D 日野橋,13.八幡町,17,20,3,622,203,848,54
84,大和田４,東京環状×甲州街道,R4/10,八王子,D 日野橋,13.八幡町,18,24,1,646,164,835,62
84,大和田４,東京環状×甲州街道,R4/10,八王子,D 日野橋,13.八幡町,12時間計,244,176,6747,2433,9600,515
84,大和田４,東京環状×甲州街道,R4/10,八王子,D 日野橋,14.新左入橋,7,0,8,129,31,168,7
84,大和田４,東京環状×甲州街道,R4/10,八王子,D 日野橋,14.新左入橋,8,1,10,117,47,175,6
84,大和田４,東京環状×甲州街道,R4/10,八王子,D 日野橋,14.新左入橋,9,1,12,106,52,171,4
84,大和田４,東京環状×甲州街道,R4/10,八王子,D 日野橋,14.新左入橋,10,3,5,108,55,171,7
84,大和田４,東京環状×甲州街道,R4/10,八王子,D 日野橋,14.新左入橋,11,0,18,128,30,176,3
84,大和田４,東京環状×甲州街道,R4/10,八王子,D 日野橋,14.新左入橋,12,0,8,124,46,178,9
84,大和田４,東京環状×甲州街道,R4/10,八王子,D 日野橋,14.新左入橋,13,0,4,126,46,176,4
84,大和田４,東京環状×甲州街道,R4/10,八王子,D 日野橋,14.新左入橋,14,0,8,107,47,162,2
84,大和田４,東京環状×甲州街道,R4/10,八王子,D 日野橋,14.新左入橋,15,1,8,122,43,174,7
84,大和田４,東京環状×甲州街道,R4/10,八王子,D 日野橋,14.新左入橋,16,2,5,126,40,173,10
84,大和田４,東京環状×甲州街道,R4/10,八王子,D 日野橋,14.新左入橋,17,1,3,118,48,170,11
84,大和田４,東京環状×甲州街道,R4/10,八王子,D 日野橋,14.新左入橋,18,1,3,144,50,198,5
84,大和田４,東京環状×甲州街道,R4/10,八王子,D 日野橋,14.新左入橋,12時間計,10,92,1455,535,2092,75
84,大和田４,東京環状×甲州街道,R4/10,八王子,D 日野橋,流入計,7,21,29,907,273,1230,68
84,大和田４,東京環状×甲州街道,R4/10,八王子,D 日野橋,流入計,8,30,55,821,338,1244,72
84,大和田４,東京環状×甲州街道,R4/10,八王子,D 日野橋,流入計,9,27,66,702,400,1195,50
84,大和田４,東京環状×甲州街道,R4/10,八王子,D 日野橋,流入計,10,22,55,696,348,1121,50
84,大和田４,東京環状×甲州街道,R4/10,八王子,D 日野橋,流入計,11,19,39,725,344,1127,65
84,大和田４,東京環状×甲州街道,R4/10,八王子,D 日野橋,流入計,12,20,27,702,311,1060,40
84,大和田４,東京環状×甲州街道,R4/10,八王子,D 日野橋,流入計,13,13,29,751,314,1107,44
84,大和田４,東京環状×甲州街道,R4/10,八王子,D 日野橋,流入計,14,20,44,789,373,1226,34
84,大和田４,東京環状×甲州街道,R4/10,八王子,D 日野橋,流入計,15,26,33,856,301,1216,47
84,大和田４,東京環状×甲州街道,R4/10,八王子,D 日野橋,流入計,16,24,28,861,332,1245,62
84,大和田４,東京環状×甲州街道,R4/10,八王子,D 日野橋,流入計,17,21,17,891,295,1224,73
84,大和田４,東京環状×甲州街道,R4/10,八王子,D 日野橋,流入計,18,26,7,947,266,1246,78
84,大和田４,東京環状×甲州街道,R4/10,八王子,D 日野橋,流入計,12時間計,269,429,9648,3895,14241,683
