﻿地点番号,地点名,交差道路名,調査年月,管轄警察署,流入方向,流出方向,時間帯等,車道通行自転車,歩道通行自転車,自転車計
84,大和田４,東京環状×甲州街道,R4/10,八王子,A 新左入橋,1日野橋,7,0,-,-
84,大和田４,東京環状×甲州街道,R4/10,八王子,A 新左入橋,1日野橋,8,0,-,-
84,大和田４,東京環状×甲州街道,R4/10,八王子,A 新左入橋,1日野橋,9,0,-,-
84,大和田４,東京環状×甲州街道,R4/10,八王子,A 新左入橋,1日野橋,10,0,-,-
84,大和田４,東京環状×甲州街道,R4/10,八王子,A 新左入橋,1日野橋,11,0,-,-
84,大和田４,東京環状×甲州街道,R4/10,八王子,A 新左入橋,1日野橋,12,0,-,-
84,大和田４,東京環状×甲州街道,R4/10,八王子,A 新左入橋,1日野橋,13,0,-,-
84,大和田４,東京環状×甲州街道,R4/10,八王子,A 新左入橋,1日野橋,14,0,-,-
84,大和田４,東京環状×甲州街道,R4/10,八王子,A 新左入橋,1日野橋,15,0,-,-
84,大和田４,東京環状×甲州街道,R4/10,八王子,A 新左入橋,1日野橋,16,0,-,-
84,大和田４,東京環状×甲州街道,R4/10,八王子,A 新左入橋,1日野橋,17,0,-,-
84,大和田４,東京環状×甲州街道,R4/10,八王子,A 新左入橋,1日野橋,18,0,-,-
84,大和田４,東京環状×甲州街道,R4/10,八王子,A 新左入橋,1日野橋,12時間計,0,-,-
84,大和田４,東京環状×甲州街道,R4/10,八王子,A 新左入橋,2相原,7,0,-,-
84,大和田４,東京環状×甲州街道,R4/10,八王子,A 新左入橋,2相原,8,5,-,-
84,大和田４,東京環状×甲州街道,R4/10,八王子,A 新左入橋,2相原,9,0,-,-
84,大和田４,東京環状×甲州街道,R4/10,八王子,A 新左入橋,2相原,10,0,-,-
84,大和田４,東京環状×甲州街道,R4/10,八王子,A 新左入橋,2相原,11,0,-,-
84,大和田４,東京環状×甲州街道,R4/10,八王子,A 新左入橋,2相原,12,0,-,-
84,大和田４,東京環状×甲州街道,R4/10,八王子,A 新左入橋,2相原,13,0,-,-
84,大和田４,東京環状×甲州街道,R4/10,八王子,A 新左入橋,2相原,14,0,-,-
84,大和田４,東京環状×甲州街道,R4/10,八王子,A 新左入橋,2相原,15,1,-,-
84,大和田４,東京環状×甲州街道,R4/10,八王子,A 新左入橋,2相原,16,0,-,-
84,大和田４,東京環状×甲州街道,R4/10,八王子,A 新左入橋,2相原,17,1,-,-
84,大和田４,東京環状×甲州街道,R4/10,八王子,A 新左入橋,2相原,18,1,-,-
84,大和田４,東京環状×甲州街道,R4/10,八王子,A 新左入橋,2相原,12時間計,8,-,-
84,大和田４,東京環状×甲州街道,R4/10,八王子,A 新左入橋,3八幡町,7,0,-,-
84,大和田４,東京環状×甲州街道,R4/10,八王子,A 新左入橋,3八幡町,8,0,-,-
84,大和田４,東京環状×甲州街道,R4/10,八王子,A 新左入橋,3八幡町,9,0,-,-
84,大和田４,東京環状×甲州街道,R4/10,八王子,A 新左入橋,3八幡町,10,0,-,-
84,大和田４,東京環状×甲州街道,R4/10,八王子,A 新左入橋,3八幡町,11,0,-,-
84,大和田４,東京環状×甲州街道,R4/10,八王子,A 新左入橋,3八幡町,12,0,-,-
84,大和田４,東京環状×甲州街道,R4/10,八王子,A 新左入橋,3八幡町,13,0,-,-
84,大和田４,東京環状×甲州街道,R4/10,八王子,A 新左入橋,3八幡町,14,0,-,-
84,大和田４,東京環状×甲州街道,R4/10,八王子,A 新左入橋,3八幡町,15,0,-,-
84,大和田４,東京環状×甲州街道,R4/10,八王子,A 新左入橋,3八幡町,16,0,-,-
84,大和田４,東京環状×甲州街道,R4/10,八王子,A 新左入橋,3八幡町,17,0,-,-
84,大和田４,東京環状×甲州街道,R4/10,八王子,A 新左入橋,3八幡町,18,0,-,-
84,大和田４,東京環状×甲州街道,R4/10,八王子,A 新左入橋,3八幡町,12時間計,0,-,-
84,大和田４,東京環状×甲州街道,R4/10,八王子,A 新左入橋,4相原,7,2,-,-
84,大和田４,東京環状×甲州街道,R4/10,八王子,A 新左入橋,4相原,8,2,-,-
84,大和田４,東京環状×甲州街道,R4/10,八王子,A 新左入橋,4相原,9,0,-,-
84,大和田４,東京環状×甲州街道,R4/10,八王子,A 新左入橋,4相原,10,0,-,-
84,大和田４,東京環状×甲州街道,R4/10,八王子,A 新左入橋,4相原,11,3,-,-
84,大和田４,東京環状×甲州街道,R4/10,八王子,A 新左入橋,4相原,12,0,-,-
84,大和田４,東京環状×甲州街道,R4/10,八王子,A 新左入橋,4相原,13,1,-,-
84,大和田４,東京環状×甲州街道,R4/10,八王子,A 新左入橋,4相原,14,0,-,-
84,大和田４,東京環状×甲州街道,R4/10,八王子,A 新左入橋,4相原,15,1,-,-
84,大和田４,東京環状×甲州街道,R4/10,八王子,A 新左入橋,4相原,16,1,-,-
84,大和田４,東京環状×甲州街道,R4/10,八王子,A 新左入橋,4相原,17,2,-,-
84,大和田４,東京環状×甲州街道,R4/10,八王子,A 新左入橋,4相原,18,1,-,-
84,大和田４,東京環状×甲州街道,R4/10,八王子,A 新左入橋,4相原,12時間計,13,-,-
84,大和田４,東京環状×甲州街道,R4/10,八王子,A 新左入橋,流入計,7,2,30,32
84,大和田４,東京環状×甲州街道,R4/10,八王子,A 新左入橋,流入計,8,7,47,54
84,大和田４,東京環状×甲州街道,R4/10,八王子,A 新左入橋,流入計,9,0,13,13
84,大和田４,東京環状×甲州街道,R4/10,八王子,A 新左入橋,流入計,10,0,17,17
84,大和田４,東京環状×甲州街道,R4/10,八王子,A 新左入橋,流入計,11,3,24,27
84,大和田４,東京環状×甲州街道,R4/10,八王子,A 新左入橋,流入計,12,0,18,18
84,大和田４,東京環状×甲州街道,R4/10,八王子,A 新左入橋,流入計,13,1,27,28
84,大和田４,東京環状×甲州街道,R4/10,八王子,A 新左入橋,流入計,14,0,26,26
84,大和田４,東京環状×甲州街道,R4/10,八王子,A 新左入橋,流入計,15,2,25,27
84,大和田４,東京環状×甲州街道,R4/10,八王子,A 新左入橋,流入計,16,1,29,30
84,大和田４,東京環状×甲州街道,R4/10,八王子,A 新左入橋,流入計,17,3,36,39
84,大和田４,東京環状×甲州街道,R4/10,八王子,A 新左入橋,流入計,18,2,43,45
84,大和田４,東京環状×甲州街道,R4/10,八王子,A 新左入橋,流入計,12時間計,21,335,356
84,大和田４,東京環状×甲州街道,R4/10,八王子,B 八幡町,5新左入橋,7,0,-,-
84,大和田４,東京環状×甲州街道,R4/10,八王子,B 八幡町,5新左入橋,8,0,-,-
84,大和田４,東京環状×甲州街道,R4/10,八王子,B 八幡町,5新左入橋,9,1,-,-
84,大和田４,東京環状×甲州街道,R4/10,八王子,B 八幡町,5新左入橋,10,1,-,-
84,大和田４,東京環状×甲州街道,R4/10,八王子,B 八幡町,5新左入橋,11,0,-,-
84,大和田４,東京環状×甲州街道,R4/10,八王子,B 八幡町,5新左入橋,12,0,-,-
84,大和田４,東京環状×甲州街道,R4/10,八王子,B 八幡町,5新左入橋,13,0,-,-
84,大和田４,東京環状×甲州街道,R4/10,八王子,B 八幡町,5新左入橋,14,0,-,-
84,大和田４,東京環状×甲州街道,R4/10,八王子,B 八幡町,5新左入橋,15,0,-,-
84,大和田４,東京環状×甲州街道,R4/10,八王子,B 八幡町,5新左入橋,16,0,-,-
84,大和田４,東京環状×甲州街道,R4/10,八王子,B 八幡町,5新左入橋,17,0,-,-
84,大和田４,東京環状×甲州街道,R4/10,八王子,B 八幡町,5新左入橋,18,0,-,-
84,大和田４,東京環状×甲州街道,R4/10,八王子,B 八幡町,5新左入橋,12時間計,2,-,-
84,大和田４,東京環状×甲州街道,R4/10,八王子,B 八幡町,6日野橋,7,14,-,-
84,大和田４,東京環状×甲州街道,R4/10,八王子,B 八幡町,6日野橋,8,7,-,-
84,大和田４,東京環状×甲州街道,R4/10,八王子,B 八幡町,6日野橋,9,3,-,-
84,大和田４,東京環状×甲州街道,R4/10,八王子,B 八幡町,6日野橋,10,5,-,-
84,大和田４,東京環状×甲州街道,R4/10,八王子,B 八幡町,6日野橋,11,4,-,-
84,大和田４,東京環状×甲州街道,R4/10,八王子,B 八幡町,6日野橋,12,4,-,-
84,大和田４,東京環状×甲州街道,R4/10,八王子,B 八幡町,6日野橋,13,1,-,-
84,大和田４,東京環状×甲州街道,R4/10,八王子,B 八幡町,6日野橋,14,2,-,-
84,大和田４,東京環状×甲州街道,R4/10,八王子,B 八幡町,6日野橋,15,3,-,-
84,大和田４,東京環状×甲州街道,R4/10,八王子,B 八幡町,6日野橋,16,7,-,-
84,大和田４,東京環状×甲州街道,R4/10,八王子,B 八幡町,6日野橋,17,6,-,-
84,大和田４,東京環状×甲州街道,R4/10,八王子,B 八幡町,6日野橋,18,6,-,-
84,大和田４,東京環状×甲州街道,R4/10,八王子,B 八幡町,6日野橋,12時間計,62,-,-
84,大和田４,東京環状×甲州街道,R4/10,八王子,B 八幡町,7相原,7,0,-,-
84,大和田４,東京環状×甲州街道,R4/10,八王子,B 八幡町,7相原,8,2,-,-
84,大和田４,東京環状×甲州街道,R4/10,八王子,B 八幡町,7相原,9,0,-,-
84,大和田４,東京環状×甲州街道,R4/10,八王子,B 八幡町,7相原,10,0,-,-
84,大和田４,東京環状×甲州街道,R4/10,八王子,B 八幡町,7相原,11,0,-,-
84,大和田４,東京環状×甲州街道,R4/10,八王子,B 八幡町,7相原,12,0,-,-
84,大和田４,東京環状×甲州街道,R4/10,八王子,B 八幡町,7相原,13,1,-,-
84,大和田４,東京環状×甲州街道,R4/10,八王子,B 八幡町,7相原,14,0,-,-
84,大和田４,東京環状×甲州街道,R4/10,八王子,B 八幡町,7相原,15,0,-,-
84,大和田４,東京環状×甲州街道,R4/10,八王子,B 八幡町,7相原,16,0,-,-
84,大和田４,東京環状×甲州街道,R4/10,八王子,B 八幡町,7相原,17,1,-,-
84,大和田４,東京環状×甲州街道,R4/10,八王子,B 八幡町,7相原,18,0,-,-
84,大和田４,東京環状×甲州街道,R4/10,八王子,B 八幡町,7相原,12時間計,4,-,-
84,大和田４,東京環状×甲州街道,R4/10,八王子,B 八幡町,流入計,7,14,134,148
84,大和田４,東京環状×甲州街道,R4/10,八王子,B 八幡町,流入計,8,9,269,278
84,大和田４,東京環状×甲州街道,R4/10,八王子,B 八幡町,流入計,9,4,51,55
84,大和田４,東京環状×甲州街道,R4/10,八王子,B 八幡町,流入計,10,6,47,53
84,大和田４,東京環状×甲州街道,R4/10,八王子,B 八幡町,流入計,11,4,51,55
84,大和田４,東京環状×甲州街道,R4/10,八王子,B 八幡町,流入計,12,4,43,47
84,大和田４,東京環状×甲州街道,R4/10,八王子,B 八幡町,流入計,13,2,40,42
84,大和田４,東京環状×甲州街道,R4/10,八王子,B 八幡町,流入計,14,2,82,84
84,大和田４,東京環状×甲州街道,R4/10,八王子,B 八幡町,流入計,15,3,85,88
84,大和田４,東京環状×甲州街道,R4/10,八王子,B 八幡町,流入計,16,7,80,87
84,大和田４,東京環状×甲州街道,R4/10,八王子,B 八幡町,流入計,17,7,117,124
84,大和田４,東京環状×甲州街道,R4/10,八王子,B 八幡町,流入計,18,6,100,106
84,大和田４,東京環状×甲州街道,R4/10,八王子,B 八幡町,流入計,12時間計,68,1099,1167
84,大和田４,東京環状×甲州街道,R4/10,八王子,C 相原,8八幡町,7,0,-,-
84,大和田４,東京環状×甲州街道,R4/10,八王子,C 相原,8八幡町,8,0,-,-
84,大和田４,東京環状×甲州街道,R4/10,八王子,C 相原,8八幡町,9,0,-,-
84,大和田４,東京環状×甲州街道,R4/10,八王子,C 相原,8八幡町,10,0,-,-
84,大和田４,東京環状×甲州街道,R4/10,八王子,C 相原,8八幡町,11,0,-,-
84,大和田４,東京環状×甲州街道,R4/10,八王子,C 相原,8八幡町,12,0,-,-
84,大和田４,東京環状×甲州街道,R4/10,八王子,C 相原,8八幡町,13,0,-,-
84,大和田４,東京環状×甲州街道,R4/10,八王子,C 相原,8八幡町,14,0,-,-
84,大和田４,東京環状×甲州街道,R4/10,八王子,C 相原,8八幡町,15,0,-,-
84,大和田４,東京環状×甲州街道,R4/10,八王子,C 相原,8八幡町,16,0,-,-
84,大和田４,東京環状×甲州街道,R4/10,八王子,C 相原,8八幡町,17,0,-,-
84,大和田４,東京環状×甲州街道,R4/10,八王子,C 相原,8八幡町,18,0,-,-
84,大和田４,東京環状×甲州街道,R4/10,八王子,C 相原,8八幡町,12時間計,0,-,-
84,大和田４,東京環状×甲州街道,R4/10,八王子,C 相原,9新左入橋,7,0,-,-
84,大和田４,東京環状×甲州街道,R4/10,八王子,C 相原,9新左入橋,8,0,-,-
84,大和田４,東京環状×甲州街道,R4/10,八王子,C 相原,9新左入橋,9,1,-,-
84,大和田４,東京環状×甲州街道,R4/10,八王子,C 相原,9新左入橋,10,1,-,-
84,大和田４,東京環状×甲州街道,R4/10,八王子,C 相原,9新左入橋,11,0,-,-
84,大和田４,東京環状×甲州街道,R4/10,八王子,C 相原,9新左入橋,12,0,-,-
84,大和田４,東京環状×甲州街道,R4/10,八王子,C 相原,9新左入橋,13,0,-,-
84,大和田４,東京環状×甲州街道,R4/10,八王子,C 相原,9新左入橋,14,0,-,-
84,大和田４,東京環状×甲州街道,R4/10,八王子,C 相原,9新左入橋,15,2,-,-
84,大和田４,東京環状×甲州街道,R4/10,八王子,C 相原,9新左入橋,16,0,-,-
84,大和田４,東京環状×甲州街道,R4/10,八王子,C 相原,9新左入橋,17,0,-,-
84,大和田４,東京環状×甲州街道,R4/10,八王子,C 相原,9新左入橋,18,1,-,-
84,大和田４,東京環状×甲州街道,R4/10,八王子,C 相原,9新左入橋,12時間計,5,-,-
84,大和田４,東京環状×甲州街道,R4/10,八王子,C 相原,10日野橋,7,0,-,-
84,大和田４,東京環状×甲州街道,R4/10,八王子,C 相原,10日野橋,8,3,-,-
84,大和田４,東京環状×甲州街道,R4/10,八王子,C 相原,10日野橋,9,0,-,-
84,大和田４,東京環状×甲州街道,R4/10,八王子,C 相原,10日野橋,10,0,-,-
84,大和田４,東京環状×甲州街道,R4/10,八王子,C 相原,10日野橋,11,0,-,-
84,大和田４,東京環状×甲州街道,R4/10,八王子,C 相原,10日野橋,12,0,-,-
84,大和田４,東京環状×甲州街道,R4/10,八王子,C 相原,10日野橋,13,0,-,-
84,大和田４,東京環状×甲州街道,R4/10,八王子,C 相原,10日野橋,14,0,-,-
84,大和田４,東京環状×甲州街道,R4/10,八王子,C 相原,10日野橋,15,1,-,-
84,大和田４,東京環状×甲州街道,R4/10,八王子,C 相原,10日野橋,16,0,-,-
84,大和田４,東京環状×甲州街道,R4/10,八王子,C 相原,10日野橋,17,1,-,-
84,大和田４,東京環状×甲州街道,R4/10,八王子,C 相原,10日野橋,18,0,-,-
84,大和田４,東京環状×甲州街道,R4/10,八王子,C 相原,10日野橋,12時間計,5,-,-
84,大和田４,東京環状×甲州街道,R4/10,八王子,C 相原,11新左入橋,7,1,-,-
84,大和田４,東京環状×甲州街道,R4/10,八王子,C 相原,11新左入橋,8,1,-,-
84,大和田４,東京環状×甲州街道,R4/10,八王子,C 相原,11新左入橋,9,3,-,-
84,大和田４,東京環状×甲州街道,R4/10,八王子,C 相原,11新左入橋,10,1,-,-
84,大和田４,東京環状×甲州街道,R4/10,八王子,C 相原,11新左入橋,11,1,-,-
84,大和田４,東京環状×甲州街道,R4/10,八王子,C 相原,11新左入橋,12,1,-,-
84,大和田４,東京環状×甲州街道,R4/10,八王子,C 相原,11新左入橋,13,2,-,-
84,大和田４,東京環状×甲州街道,R4/10,八王子,C 相原,11新左入橋,14,1,-,-
84,大和田４,東京環状×甲州街道,R4/10,八王子,C 相原,11新左入橋,15,2,-,-
84,大和田４,東京環状×甲州街道,R4/10,八王子,C 相原,11新左入橋,16,3,-,-
84,大和田４,東京環状×甲州街道,R4/10,八王子,C 相原,11新左入橋,17,2,-,-
84,大和田４,東京環状×甲州街道,R4/10,八王子,C 相原,11新左入橋,18,3,-,-
84,大和田４,東京環状×甲州街道,R4/10,八王子,C 相原,11新左入橋,12時間計,21,-,-
84,大和田４,東京環状×甲州街道,R4/10,八王子,C 相原,流入計,7,1,26,27
84,大和田４,東京環状×甲州街道,R4/10,八王子,C 相原,流入計,8,4,34,38
84,大和田４,東京環状×甲州街道,R4/10,八王子,C 相原,流入計,9,4,39,43
84,大和田４,東京環状×甲州街道,R4/10,八王子,C 相原,流入計,10,2,33,35
84,大和田４,東京環状×甲州街道,R4/10,八王子,C 相原,流入計,11,1,17,18
84,大和田４,東京環状×甲州街道,R4/10,八王子,C 相原,流入計,12,1,16,17
84,大和田４,東京環状×甲州街道,R4/10,八王子,C 相原,流入計,13,2,18,20
84,大和田４,東京環状×甲州街道,R4/10,八王子,C 相原,流入計,14,1,18,19
84,大和田４,東京環状×甲州街道,R4/10,八王子,C 相原,流入計,15,5,35,40
84,大和田４,東京環状×甲州街道,R4/10,八王子,C 相原,流入計,16,3,40,43
84,大和田４,東京環状×甲州街道,R4/10,八王子,C 相原,流入計,17,3,34,37
84,大和田４,東京環状×甲州街道,R4/10,八王子,C 相原,流入計,18,4,18,22
84,大和田４,東京環状×甲州街道,R4/10,八王子,C 相原,流入計,12時間計,31,328,359
84,大和田４,東京環状×甲州街道,R4/10,八王子,D 日野橋,12相原,7,0,-,-
84,大和田４,東京環状×甲州街道,R4/10,八王子,D 日野橋,12相原,8,1,-,-
84,大和田４,東京環状×甲州街道,R4/10,八王子,D 日野橋,12相原,9,0,-,-
84,大和田４,東京環状×甲州街道,R4/10,八王子,D 日野橋,12相原,10,0,-,-
84,大和田４,東京環状×甲州街道,R4/10,八王子,D 日野橋,12相原,11,0,-,-
84,大和田４,東京環状×甲州街道,R4/10,八王子,D 日野橋,12相原,12,0,-,-
84,大和田４,東京環状×甲州街道,R4/10,八王子,D 日野橋,12相原,13,0,-,-
84,大和田４,東京環状×甲州街道,R4/10,八王子,D 日野橋,12相原,14,0,-,-
84,大和田４,東京環状×甲州街道,R4/10,八王子,D 日野橋,12相原,15,0,-,-
84,大和田４,東京環状×甲州街道,R4/10,八王子,D 日野橋,12相原,16,0,-,-
84,大和田４,東京環状×甲州街道,R4/10,八王子,D 日野橋,12相原,17,1,-,-
84,大和田４,東京環状×甲州街道,R4/10,八王子,D 日野橋,12相原,18,0,-,-
84,大和田４,東京環状×甲州街道,R4/10,八王子,D 日野橋,12相原,12時間計,2,-,-
84,大和田４,東京環状×甲州街道,R4/10,八王子,D 日野橋,13八幡町,7,12,-,-
84,大和田４,東京環状×甲州街道,R4/10,八王子,D 日野橋,13八幡町,8,7,-,-
84,大和田４,東京環状×甲州街道,R4/10,八王子,D 日野橋,13八幡町,9,12,-,-
84,大和田４,東京環状×甲州街道,R4/10,八王子,D 日野橋,13八幡町,10,4,-,-
84,大和田４,東京環状×甲州街道,R4/10,八王子,D 日野橋,13八幡町,11,4,-,-
84,大和田４,東京環状×甲州街道,R4/10,八王子,D 日野橋,13八幡町,12,3,-,-
84,大和田４,東京環状×甲州街道,R4/10,八王子,D 日野橋,13八幡町,13,3,-,-
84,大和田４,東京環状×甲州街道,R4/10,八王子,D 日野橋,13八幡町,14,1,-,-
84,大和田４,東京環状×甲州街道,R4/10,八王子,D 日野橋,13八幡町,15,1,-,-
84,大和田４,東京環状×甲州街道,R4/10,八王子,D 日野橋,13八幡町,16,3,-,-
84,大和田４,東京環状×甲州街道,R4/10,八王子,D 日野橋,13八幡町,17,9,-,-
84,大和田４,東京環状×甲州街道,R4/10,八王子,D 日野橋,13八幡町,18,8,-,-
84,大和田４,東京環状×甲州街道,R4/10,八王子,D 日野橋,13八幡町,12時間計,67,-,-
84,大和田４,東京環状×甲州街道,R4/10,八王子,D 日野橋,14新左入橋,7,0,-,-
84,大和田４,東京環状×甲州街道,R4/10,八王子,D 日野橋,14新左入橋,8,0,-,-
84,大和田４,東京環状×甲州街道,R4/10,八王子,D 日野橋,14新左入橋,9,0,-,-
84,大和田４,東京環状×甲州街道,R4/10,八王子,D 日野橋,14新左入橋,10,0,-,-
84,大和田４,東京環状×甲州街道,R4/10,八王子,D 日野橋,14新左入橋,11,0,-,-
84,大和田４,東京環状×甲州街道,R4/10,八王子,D 日野橋,14新左入橋,12,0,-,-
84,大和田４,東京環状×甲州街道,R4/10,八王子,D 日野橋,14新左入橋,13,0,-,-
84,大和田４,東京環状×甲州街道,R4/10,八王子,D 日野橋,14新左入橋,14,0,-,-
84,大和田４,東京環状×甲州街道,R4/10,八王子,D 日野橋,14新左入橋,15,0,-,-
84,大和田４,東京環状×甲州街道,R4/10,八王子,D 日野橋,14新左入橋,16,0,-,-
84,大和田４,東京環状×甲州街道,R4/10,八王子,D 日野橋,14新左入橋,17,0,-,-
84,大和田４,東京環状×甲州街道,R4/10,八王子,D 日野橋,14新左入橋,18,0,-,-
84,大和田４,東京環状×甲州街道,R4/10,八王子,D 日野橋,14新左入橋,12時間計,0,-,-
84,大和田４,東京環状×甲州街道,R4/10,八王子,D 日野橋,流入計,7,12,107,119
84,大和田４,東京環状×甲州街道,R4/10,八王子,D 日野橋,流入計,8,8,128,136
84,大和田４,東京環状×甲州街道,R4/10,八王子,D 日野橋,流入計,9,12,101,113
84,大和田４,東京環状×甲州街道,R4/10,八王子,D 日野橋,流入計,10,4,82,86
84,大和田４,東京環状×甲州街道,R4/10,八王子,D 日野橋,流入計,11,4,54,58
84,大和田４,東京環状×甲州街道,R4/10,八王子,D 日野橋,流入計,12,3,63,66
84,大和田４,東京環状×甲州街道,R4/10,八王子,D 日野橋,流入計,13,3,81,84
84,大和田４,東京環状×甲州街道,R4/10,八王子,D 日野橋,流入計,14,1,68,69
84,大和田４,東京環状×甲州街道,R4/10,八王子,D 日野橋,流入計,15,1,98,99
84,大和田４,東京環状×甲州街道,R4/10,八王子,D 日野橋,流入計,16,3,132,135
84,大和田４,東京環状×甲州街道,R4/10,八王子,D 日野橋,流入計,17,10,245,255
84,大和田４,東京環状×甲州街道,R4/10,八王子,D 日野橋,流入計,18,8,193,201
84,大和田４,東京環状×甲州街道,R4/10,八王子,D 日野橋,流入計,12時間計,69,1352,1421
84,大和田４,東京環状×甲州街道,R4/10,八王子,全方向計,全方向計,7,29,297,326
84,大和田４,東京環状×甲州街道,R4/10,八王子,全方向計,全方向計,8,28,478,506
84,大和田４,東京環状×甲州街道,R4/10,八王子,全方向計,全方向計,9,20,204,224
84,大和田４,東京環状×甲州街道,R4/10,八王子,全方向計,全方向計,10,12,179,191
84,大和田４,東京環状×甲州街道,R4/10,八王子,全方向計,全方向計,11,12,146,158
84,大和田４,東京環状×甲州街道,R4/10,八王子,全方向計,全方向計,12,8,140,148
84,大和田４,東京環状×甲州街道,R4/10,八王子,全方向計,全方向計,13,8,166,174
84,大和田４,東京環状×甲州街道,R4/10,八王子,全方向計,全方向計,14,4,194,198
84,大和田４,東京環状×甲州街道,R4/10,八王子,全方向計,全方向計,15,11,243,254
84,大和田４,東京環状×甲州街道,R4/10,八王子,全方向計,全方向計,16,14,281,295
84,大和田４,東京環状×甲州街道,R4/10,八王子,全方向計,全方向計,17,23,432,455
84,大和田４,東京環状×甲州街道,R4/10,八王子,全方向計,全方向計,18,20,354,374
84,大和田４,東京環状×甲州街道,R4/10,八王子,全方向計,全方向計,12時間計,189,3114,3303
