﻿地点番号,地点名,交差道路名,調査年月,管轄警察署,流入方向,流出方向,時間帯等,大型乗用,大型貨物,普通乗用,普通貨物,四輪計,二輪車
321,丸山陸橋,環七通り×新青梅通り,R4/11,野方,A 練馬,1.目白,7,1,2,11,7,21,0
321,丸山陸橋,環七通り×新青梅通り,R4/11,野方,A 練馬,1.目白,8,0,3,26,7,36,0
321,丸山陸橋,環七通り×新青梅通り,R4/11,野方,A 練馬,1.目白,9,1,1,16,8,26,1
321,丸山陸橋,環七通り×新青梅通り,R4/11,野方,A 練馬,1.目白,10,0,0,17,17,34,1
321,丸山陸橋,環七通り×新青梅通り,R4/11,野方,A 練馬,1.目白,11,0,1,16,15,32,0
321,丸山陸橋,環七通り×新青梅通り,R4/11,野方,A 練馬,1.目白,12,0,0,10,11,21,1
321,丸山陸橋,環七通り×新青梅通り,R4/11,野方,A 練馬,1.目白,13,2,3,13,10,28,1
321,丸山陸橋,環七通り×新青梅通り,R4/11,野方,A 練馬,1.目白,14,0,0,21,9,30,0
321,丸山陸橋,環七通り×新青梅通り,R4/11,野方,A 練馬,1.目白,15,0,0,20,7,27,9
321,丸山陸橋,環七通り×新青梅通り,R4/11,野方,A 練馬,1.目白,16,0,0,15,7,22,3
321,丸山陸橋,環七通り×新青梅通り,R4/11,野方,A 練馬,1.目白,17,0,0,12,11,23,3
321,丸山陸橋,環七通り×新青梅通り,R4/11,野方,A 練馬,1.目白,18,0,0,19,5,24,1
321,丸山陸橋,環七通り×新青梅通り,R4/11,野方,A 練馬,1.目白,12時間計,4,10,196,114,324,20
321,丸山陸橋,環七通り×新青梅通り,R4/11,野方,A 練馬,2.高円寺,7,13,3,17,18,51,92
321,丸山陸橋,環七通り×新青梅通り,R4/11,野方,A 練馬,2.高円寺,8,16,2,12,14,44,58
321,丸山陸橋,環七通り×新青梅通り,R4/11,野方,A 練馬,2.高円寺,9,11,0,5,12,28,6
321,丸山陸橋,環七通り×新青梅通り,R4/11,野方,A 練馬,2.高円寺,10,8,1,5,8,22,8
321,丸山陸橋,環七通り×新青梅通り,R4/11,野方,A 練馬,2.高円寺,11,8,1,10,4,23,3
321,丸山陸橋,環七通り×新青梅通り,R4/11,野方,A 練馬,2.高円寺,12,7,0,7,5,19,2
321,丸山陸橋,環七通り×新青梅通り,R4/11,野方,A 練馬,2.高円寺,13,8,0,3,11,22,6
321,丸山陸橋,環七通り×新青梅通り,R4/11,野方,A 練馬,2.高円寺,14,7,0,5,6,18,6
321,丸山陸橋,環七通り×新青梅通り,R4/11,野方,A 練馬,2.高円寺,15,7,0,7,7,21,0
321,丸山陸橋,環七通り×新青梅通り,R4/11,野方,A 練馬,2.高円寺,16,8,0,2,5,15,6
321,丸山陸橋,環七通り×新青梅通り,R4/11,野方,A 練馬,2.高円寺,17,4,2,9,0,15,6
321,丸山陸橋,環七通り×新青梅通り,R4/11,野方,A 練馬,2.高円寺,18,9,0,15,2,26,2
321,丸山陸橋,環七通り×新青梅通り,R4/11,野方,A 練馬,2.高円寺,12時間計,106,9,97,92,304,195
321,丸山陸橋,環七通り×新青梅通り,R4/11,野方,A 練馬,3.田無,7,0,0,39,74,113,13
321,丸山陸橋,環七通り×新青梅通り,R4/11,野方,A 練馬,3.田無,8,0,0,27,45,72,8
321,丸山陸橋,環七通り×新青梅通り,R4/11,野方,A 練馬,3.田無,9,0,1,36,53,90,9
321,丸山陸橋,環七通り×新青梅通り,R4/11,野方,A 練馬,3.田無,10,1,1,40,51,93,8
321,丸山陸橋,環七通り×新青梅通り,R4/11,野方,A 練馬,3.田無,11,0,1,48,45,94,11
321,丸山陸橋,環七通り×新青梅通り,R4/11,野方,A 練馬,3.田無,12,0,2,53,70,125,6
321,丸山陸橋,環七通り×新青梅通り,R4/11,野方,A 練馬,3.田無,13,0,4,41,51,96,10
321,丸山陸橋,環七通り×新青梅通り,R4/11,野方,A 練馬,3.田無,14,0,2,45,60,107,17
321,丸山陸橋,環七通り×新青梅通り,R4/11,野方,A 練馬,3.田無,15,0,4,37,30,71,7
321,丸山陸橋,環七通り×新青梅通り,R4/11,野方,A 練馬,3.田無,16,1,0,56,30,87,5
321,丸山陸橋,環七通り×新青梅通り,R4/11,野方,A 練馬,3.田無,17,0,1,35,26,62,7
321,丸山陸橋,環七通り×新青梅通り,R4/11,野方,A 練馬,3.田無,18,0,0,51,34,85,16
321,丸山陸橋,環七通り×新青梅通り,R4/11,野方,A 練馬,3.田無,12時間計,2,16,508,569,1095,117
321,丸山陸橋,環七通り×新青梅通り,R4/11,野方,A 練馬,4.高円寺,7,21,25,719,738,1503,174
321,丸山陸橋,環七通り×新青梅通り,R4/11,野方,A 練馬,4.高円寺,8,18,46,558,753,1375,78
321,丸山陸橋,環七通り×新青梅通り,R4/11,野方,A 練馬,4.高円寺,9,7,48,437,648,1140,87
321,丸山陸橋,環七通り×新青梅通り,R4/11,野方,A 練馬,4.高円寺,10,8,79,497,699,1283,80
321,丸山陸橋,環七通り×新青梅通り,R4/11,野方,A 練馬,4.高円寺,11,6,120,551,595,1272,57
321,丸山陸橋,環七通り×新青梅通り,R4/11,野方,A 練馬,4.高円寺,12,7,108,596,512,1223,80
321,丸山陸橋,環七通り×新青梅通り,R4/11,野方,A 練馬,4.高円寺,13,8,119,630,661,1418,108
321,丸山陸橋,環七通り×新青梅通り,R4/11,野方,A 練馬,4.高円寺,14,13,93,616,598,1320,90
321,丸山陸橋,環七通り×新青梅通り,R4/11,野方,A 練馬,4.高円寺,15,8,52,712,411,1183,77
321,丸山陸橋,環七通り×新青梅通り,R4/11,野方,A 練馬,4.高円寺,16,6,49,737,545,1337,76
321,丸山陸橋,環七通り×新青梅通り,R4/11,野方,A 練馬,4.高円寺,17,9,51,796,442,1298,108
321,丸山陸橋,環七通り×新青梅通り,R4/11,野方,A 練馬,4.高円寺,18,10,50,842,337,1239,101
321,丸山陸橋,環七通り×新青梅通り,R4/11,野方,A 練馬,4.高円寺,12時間計,121,840,7691,6939,15591,1116
321,丸山陸橋,環七通り×新青梅通り,R4/11,野方,A 練馬,流入計,7,35,30,786,837,1688,279
321,丸山陸橋,環七通り×新青梅通り,R4/11,野方,A 練馬,流入計,8,34,51,623,819,1527,144
321,丸山陸橋,環七通り×新青梅通り,R4/11,野方,A 練馬,流入計,9,19,50,494,721,1284,103
321,丸山陸橋,環七通り×新青梅通り,R4/11,野方,A 練馬,流入計,10,17,81,559,775,1432,97
321,丸山陸橋,環七通り×新青梅通り,R4/11,野方,A 練馬,流入計,11,14,123,625,659,1421,71
321,丸山陸橋,環七通り×新青梅通り,R4/11,野方,A 練馬,流入計,12,14,110,666,598,1388,89
321,丸山陸橋,環七通り×新青梅通り,R4/11,野方,A 練馬,流入計,13,18,126,687,733,1564,125
321,丸山陸橋,環七通り×新青梅通り,R4/11,野方,A 練馬,流入計,14,20,95,687,673,1475,113
321,丸山陸橋,環七通り×新青梅通り,R4/11,野方,A 練馬,流入計,15,15,56,776,455,1302,93
321,丸山陸橋,環七通り×新青梅通り,R4/11,野方,A 練馬,流入計,16,15,49,810,587,1461,90
321,丸山陸橋,環七通り×新青梅通り,R4/11,野方,A 練馬,流入計,17,13,54,852,479,1398,124
321,丸山陸橋,環七通り×新青梅通り,R4/11,野方,A 練馬,流入計,18,19,50,927,378,1374,120
321,丸山陸橋,環七通り×新青梅通り,R4/11,野方,A 練馬,流入計,12時間計,233,875,8492,7714,17314,1448
321,丸山陸橋,環七通り×新青梅通り,R4/11,野方,B 田無,5.練馬,7,0,4,49,49,102,15
321,丸山陸橋,環七通り×新青梅通り,R4/11,野方,B 田無,5.練馬,8,0,3,60,55,118,11
321,丸山陸橋,環七通り×新青梅通り,R4/11,野方,B 田無,5.練馬,9,0,5,38,75,118,4
321,丸山陸橋,環七通り×新青梅通り,R4/11,野方,B 田無,5.練馬,10,0,2,35,71,108,7
321,丸山陸橋,環七通り×新青梅通り,R4/11,野方,B 田無,5.練馬,11,0,2,56,59,117,5
321,丸山陸橋,環七通り×新青梅通り,R4/11,野方,B 田無,5.練馬,12,0,1,39,57,97,9
321,丸山陸橋,環七通り×新青梅通り,R4/11,野方,B 田無,5.練馬,13,0,2,56,36,94,7
321,丸山陸橋,環七通り×新青梅通り,R4/11,野方,B 田無,5.練馬,14,1,1,52,52,106,7
321,丸山陸橋,環七通り×新青梅通り,R4/11,野方,B 田無,5.練馬,15,0,1,40,57,98,9
321,丸山陸橋,環七通り×新青梅通り,R4/11,野方,B 田無,5.練馬,16,0,0,64,60,124,7
321,丸山陸橋,環七通り×新青梅通り,R4/11,野方,B 田無,5.練馬,17,0,0,47,51,98,15
321,丸山陸橋,環七通り×新青梅通り,R4/11,野方,B 田無,5.練馬,18,0,0,46,34,80,8
321,丸山陸橋,環七通り×新青梅通り,R4/11,野方,B 田無,5.練馬,12時間計,1,21,582,656,1260,104
321,丸山陸橋,環七通り×新青梅通り,R4/11,野方,B 田無,6.目白,7,2,5,224,194,425,62
321,丸山陸橋,環七通り×新青梅通り,R4/11,野方,B 田無,6.目白,8,0,4,235,126,365,56
321,丸山陸橋,環七通り×新青梅通り,R4/11,野方,B 田無,6.目白,9,1,1,276,114,392,49
321,丸山陸橋,環七通り×新青梅通り,R4/11,野方,B 田無,6.目白,10,0,4,202,135,341,43
321,丸山陸橋,環七通り×新青梅通り,R4/11,野方,B 田無,6.目白,11,3,6,175,128,312,36
321,丸山陸橋,環七通り×新青梅通り,R4/11,野方,B 田無,6.目白,12,2,0,177,123,302,54
321,丸山陸橋,環七通り×新青梅通り,R4/11,野方,B 田無,6.目白,13,1,1,150,120,272,24
321,丸山陸橋,環七通り×新青梅通り,R4/11,野方,B 田無,6.目白,14,3,1,133,145,282,26
321,丸山陸橋,環七通り×新青梅通り,R4/11,野方,B 田無,6.目白,15,2,2,154,128,286,43
321,丸山陸橋,環七通り×新青梅通り,R4/11,野方,B 田無,6.目白,16,2,0,179,103,284,30
321,丸山陸橋,環七通り×新青梅通り,R4/11,野方,B 田無,6.目白,17,1,0,189,91,281,24
321,丸山陸橋,環七通り×新青梅通り,R4/11,野方,B 田無,6.目白,18,1,0,170,59,230,32
321,丸山陸橋,環七通り×新青梅通り,R4/11,野方,B 田無,6.目白,12時間計,18,24,2264,1466,3772,479
321,丸山陸橋,環七通り×新青梅通り,R4/11,野方,B 田無,7.高円寺,7,7,4,153,165,329,41
321,丸山陸橋,環七通り×新青梅通り,R4/11,野方,B 田無,7.高円寺,8,1,2,139,118,260,23
321,丸山陸橋,環七通り×新青梅通り,R4/11,野方,B 田無,7.高円寺,9,2,0,139,113,254,28
321,丸山陸橋,環七通り×新青梅通り,R4/11,野方,B 田無,7.高円寺,10,1,0,143,101,245,13
321,丸山陸橋,環七通り×新青梅通り,R4/11,野方,B 田無,7.高円寺,11,2,0,151,93,246,20
321,丸山陸橋,環七通り×新青梅通り,R4/11,野方,B 田無,7.高円寺,12,1,2,156,83,242,21
321,丸山陸橋,環七通り×新青梅通り,R4/11,野方,B 田無,7.高円寺,13,1,0,132,94,227,23
321,丸山陸橋,環七通り×新青梅通り,R4/11,野方,B 田無,7.高円寺,14,0,1,126,87,214,17
321,丸山陸橋,環七通り×新青梅通り,R4/11,野方,B 田無,7.高円寺,15,8,0,119,84,211,19
321,丸山陸橋,環七通り×新青梅通り,R4/11,野方,B 田無,7.高円寺,16,3,0,157,66,226,25
321,丸山陸橋,環七通り×新青梅通り,R4/11,野方,B 田無,7.高円寺,17,1,2,220,15,238,21
321,丸山陸橋,環七通り×新青梅通り,R4/11,野方,B 田無,7.高円寺,18,0,1,174,10,185,18
321,丸山陸橋,環七通り×新青梅通り,R4/11,野方,B 田無,7.高円寺,12時間計,27,12,1809,1029,2877,269
321,丸山陸橋,環七通り×新青梅通り,R4/11,野方,B 田無,流入計,7,9,13,426,408,856,118
321,丸山陸橋,環七通り×新青梅通り,R4/11,野方,B 田無,流入計,8,1,9,434,299,743,90
321,丸山陸橋,環七通り×新青梅通り,R4/11,野方,B 田無,流入計,9,3,6,453,302,764,81
321,丸山陸橋,環七通り×新青梅通り,R4/11,野方,B 田無,流入計,10,1,6,380,307,694,63
321,丸山陸橋,環七通り×新青梅通り,R4/11,野方,B 田無,流入計,11,5,8,382,280,675,61
321,丸山陸橋,環七通り×新青梅通り,R4/11,野方,B 田無,流入計,12,3,3,372,263,641,84
321,丸山陸橋,環七通り×新青梅通り,R4/11,野方,B 田無,流入計,13,2,3,338,250,593,54
321,丸山陸橋,環七通り×新青梅通り,R4/11,野方,B 田無,流入計,14,4,3,311,284,602,50
321,丸山陸橋,環七通り×新青梅通り,R4/11,野方,B 田無,流入計,15,10,3,313,269,595,71
321,丸山陸橋,環七通り×新青梅通り,R4/11,野方,B 田無,流入計,16,5,0,400,229,634,62
321,丸山陸橋,環七通り×新青梅通り,R4/11,野方,B 田無,流入計,17,2,2,456,157,617,60
321,丸山陸橋,環七通り×新青梅通り,R4/11,野方,B 田無,流入計,18,1,1,390,103,495,58
321,丸山陸橋,環七通り×新青梅通り,R4/11,野方,B 田無,流入計,12時間計,46,57,4655,3151,7909,852
321,丸山陸橋,環七通り×新青梅通り,R4/11,野方,C 高円寺,8.田無,7,2,3,54,45,104,14
321,丸山陸橋,環七通り×新青梅通り,R4/11,野方,C 高円寺,8.田無,8,1,0,62,58,121,5
321,丸山陸橋,環七通り×新青梅通り,R4/11,野方,C 高円寺,8.田無,9,5,2,70,65,142,3
321,丸山陸橋,環七通り×新青梅通り,R4/11,野方,C 高円寺,8.田無,10,3,4,74,75,156,8
321,丸山陸橋,環七通り×新青梅通り,R4/11,野方,C 高円寺,8.田無,11,10,4,79,72,165,11
321,丸山陸橋,環七通り×新青梅通り,R4/11,野方,C 高円寺,8.田無,12,3,3,76,64,146,16
321,丸山陸橋,環七通り×新青梅通り,R4/11,野方,C 高円寺,8.田無,13,1,5,84,71,161,15
321,丸山陸橋,環七通り×新青梅通り,R4/11,野方,C 高円寺,8.田無,14,2,5,66,73,146,11
321,丸山陸橋,環七通り×新青梅通り,R4/11,野方,C 高円寺,8.田無,15,4,6,86,78,174,20
321,丸山陸橋,環七通り×新青梅通り,R4/11,野方,C 高円寺,8.田無,16,10,3,96,62,171,18
321,丸山陸橋,環七通り×新青梅通り,R4/11,野方,C 高円寺,8.田無,17,0,2,106,31,139,11
321,丸山陸橋,環七通り×新青梅通り,R4/11,野方,C 高円寺,8.田無,18,2,1,99,42,144,11
321,丸山陸橋,環七通り×新青梅通り,R4/11,野方,C 高円寺,8.田無,12時間計,43,38,952,736,1769,143
321,丸山陸橋,環七通り×新青梅通り,R4/11,野方,C 高円寺,9.練馬,7,9,0,2,2,13,0
321,丸山陸橋,環七通り×新青梅通り,R4/11,野方,C 高円寺,9.練馬,8,8,0,7,1,16,2
321,丸山陸橋,環七通り×新青梅通り,R4/11,野方,C 高円寺,9.練馬,9,7,0,1,4,12,0
321,丸山陸橋,環七通り×新青梅通り,R4/11,野方,C 高円寺,9.練馬,10,8,0,3,7,18,3
321,丸山陸橋,環七通り×新青梅通り,R4/11,野方,C 高円寺,9.練馬,11,6,0,11,12,29,4
321,丸山陸橋,環七通り×新青梅通り,R4/11,野方,C 高円寺,9.練馬,12,7,0,10,7,24,1
321,丸山陸橋,環七通り×新青梅通り,R4/11,野方,C 高円寺,9.練馬,13,6,0,5,4,15,0
321,丸山陸橋,環七通り×新青梅通り,R4/11,野方,C 高円寺,9.練馬,14,6,0,4,3,13,1
321,丸山陸橋,環七通り×新青梅通り,R4/11,野方,C 高円寺,9.練馬,15,6,0,6,5,17,3
321,丸山陸橋,環七通り×新青梅通り,R4/11,野方,C 高円寺,9.練馬,16,6,0,1,4,11,4
321,丸山陸橋,環七通り×新青梅通り,R4/11,野方,C 高円寺,9.練馬,17,7,0,2,2,11,1
321,丸山陸橋,環七通り×新青梅通り,R4/11,野方,C 高円寺,9.練馬,18,8,0,3,3,14,1
321,丸山陸橋,環七通り×新青梅通り,R4/11,野方,C 高円寺,9.練馬,12時間計,84,0,55,54,193,20
321,丸山陸橋,環七通り×新青梅通り,R4/11,野方,C 高円寺,10.目白,7,1,1,38,33,73,8
321,丸山陸橋,環七通り×新青梅通り,R4/11,野方,C 高円寺,10.目白,8,1,1,50,33,85,12
321,丸山陸橋,環七通り×新青梅通り,R4/11,野方,C 高円寺,10.目白,9,2,1,67,49,119,12
321,丸山陸橋,環七通り×新青梅通り,R4/11,野方,C 高円寺,10.目白,10,0,1,64,43,108,12
321,丸山陸橋,環七通り×新青梅通り,R4/11,野方,C 高円寺,10.目白,11,0,0,57,53,110,14
321,丸山陸橋,環七通り×新青梅通り,R4/11,野方,C 高円寺,10.目白,12,1,2,40,26,69,10
321,丸山陸橋,環七通り×新青梅通り,R4/11,野方,C 高円寺,10.目白,13,0,0,46,65,111,10
321,丸山陸橋,環七通り×新青梅通り,R4/11,野方,C 高円寺,10.目白,14,2,0,79,49,130,12
321,丸山陸橋,環七通り×新青梅通り,R4/11,野方,C 高円寺,10.目白,15,1,1,63,50,115,9
321,丸山陸橋,環七通り×新青梅通り,R4/11,野方,C 高円寺,10.目白,16,2,0,51,44,97,14
321,丸山陸橋,環七通り×新青梅通り,R4/11,野方,C 高円寺,10.目白,17,0,1,53,35,89,20
321,丸山陸橋,環七通り×新青梅通り,R4/11,野方,C 高円寺,10.目白,18,1,0,64,45,110,12
321,丸山陸橋,環七通り×新青梅通り,R4/11,野方,C 高円寺,10.目白,12時間計,11,8,672,525,1216,145
321,丸山陸橋,環七通り×新青梅通り,R4/11,野方,C 高円寺,11.練馬,7,18,49,681,489,1237,65
321,丸山陸橋,環七通り×新青梅通り,R4/11,野方,C 高円寺,11.練馬,8,9,45,706,469,1229,77
321,丸山陸橋,環七通り×新青梅通り,R4/11,野方,C 高円寺,11.練馬,9,9,72,630,617,1328,77
321,丸山陸橋,環七通り×新青梅通り,R4/11,野方,C 高円寺,11.練馬,10,9,88,561,798,1456,62
321,丸山陸橋,環七通り×新青梅通り,R4/11,野方,C 高円寺,11.練馬,11,5,78,544,831,1458,55
321,丸山陸橋,環七通り×新青梅通り,R4/11,野方,C 高円寺,11.練馬,12,6,74,581,829,1490,80
321,丸山陸橋,環七通り×新青梅通り,R4/11,野方,C 高円寺,11.練馬,13,7,47,588,777,1419,66
321,丸山陸橋,環七通り×新青梅通り,R4/11,野方,C 高円寺,11.練馬,14,8,66,700,786,1560,84
321,丸山陸橋,環七通り×新青梅通り,R4/11,野方,C 高円寺,11.練馬,15,13,77,796,802,1688,95
321,丸山陸橋,環七通り×新青梅通り,R4/11,野方,C 高円寺,11.練馬,16,18,64,820,891,1793,111
321,丸山陸橋,環七通り×新青梅通り,R4/11,野方,C 高円寺,11.練馬,17,10,68,935,900,1913,148
321,丸山陸橋,環七通り×新青梅通り,R4/11,野方,C 高円寺,11.練馬,18,11,62,939,773,1785,149
321,丸山陸橋,環七通り×新青梅通り,R4/11,野方,C 高円寺,11.練馬,12時間計,123,790,8481,8962,18356,1069
321,丸山陸橋,環七通り×新青梅通り,R4/11,野方,C 高円寺,流入計,7,30,53,775,569,1427,87
321,丸山陸橋,環七通り×新青梅通り,R4/11,野方,C 高円寺,流入計,8,19,46,825,561,1451,96
321,丸山陸橋,環七通り×新青梅通り,R4/11,野方,C 高円寺,流入計,9,23,75,768,735,1601,92
321,丸山陸橋,環七通り×新青梅通り,R4/11,野方,C 高円寺,流入計,10,20,93,702,923,1738,85
321,丸山陸橋,環七通り×新青梅通り,R4/11,野方,C 高円寺,流入計,11,21,82,691,968,1762,84
321,丸山陸橋,環七通り×新青梅通り,R4/11,野方,C 高円寺,流入計,12,17,79,707,926,1729,107
321,丸山陸橋,環七通り×新青梅通り,R4/11,野方,C 高円寺,流入計,13,14,52,723,917,1706,91
321,丸山陸橋,環七通り×新青梅通り,R4/11,野方,C 高円寺,流入計,14,18,71,849,911,1849,108
321,丸山陸橋,環七通り×新青梅通り,R4/11,野方,C 高円寺,流入計,15,24,84,951,935,1994,127
321,丸山陸橋,環七通り×新青梅通り,R4/11,野方,C 高円寺,流入計,16,36,67,968,1001,2072,147
321,丸山陸橋,環七通り×新青梅通り,R4/11,野方,C 高円寺,流入計,17,17,71,1096,968,2152,180
321,丸山陸橋,環七通り×新青梅通り,R4/11,野方,C 高円寺,流入計,18,22,63,1105,863,2053,173
321,丸山陸橋,環七通り×新青梅通り,R4/11,野方,C 高円寺,流入計,12時間計,261,836,10160,10277,21534,1377
321,丸山陸橋,環七通り×新青梅通り,R4/11,野方,D 目白,12.高円寺,7,0,0,27,32,59,14
321,丸山陸橋,環七通り×新青梅通り,R4/11,野方,D 目白,12.高円寺,8,1,2,34,33,70,10
321,丸山陸橋,環七通り×新青梅通り,R4/11,野方,D 目白,12.高円寺,9,0,1,44,43,88,9
321,丸山陸橋,環七通り×新青梅通り,R4/11,野方,D 目白,12.高円寺,10,0,4,48,47,99,9
321,丸山陸橋,環七通り×新青梅通り,R4/11,野方,D 目白,12.高円寺,11,0,1,69,36,106,8
321,丸山陸橋,環七通り×新青梅通り,R4/11,野方,D 目白,12.高円寺,12,0,1,74,38,113,11
321,丸山陸橋,環七通り×新青梅通り,R4/11,野方,D 目白,12.高円寺,13,0,4,37,48,89,9
321,丸山陸橋,環七通り×新青梅通り,R4/11,野方,D 目白,12.高円寺,14,2,2,51,32,87,13
321,丸山陸橋,環七通り×新青梅通り,R4/11,野方,D 目白,12.高円寺,15,2,1,62,43,108,16
321,丸山陸橋,環七通り×新青梅通り,R4/11,野方,D 目白,12.高円寺,16,1,0,54,32,87,9
321,丸山陸橋,環七通り×新青梅通り,R4/11,野方,D 目白,12.高円寺,17,0,1,72,29,102,10
321,丸山陸橋,環七通り×新青梅通り,R4/11,野方,D 目白,12.高円寺,18,0,1,78,21,100,10
321,丸山陸橋,環七通り×新青梅通り,R4/11,野方,D 目白,12.高円寺,12時間計,6,18,650,434,1108,128
321,丸山陸橋,環七通り×新青梅通り,R4/11,野方,D 目白,13.田無,7,3,0,114,86,203,14
321,丸山陸橋,環七通り×新青梅通り,R4/11,野方,D 目白,13.田無,8,2,1,120,109,232,16
321,丸山陸橋,環七通り×新青梅通り,R4/11,野方,D 目白,13.田無,9,1,4,124,115,244,21
321,丸山陸橋,環七通り×新青梅通り,R4/11,野方,D 目白,13.田無,10,6,1,136,123,266,28
321,丸山陸橋,環七通り×新青梅通り,R4/11,野方,D 目白,13.田無,11,4,1,151,124,280,22
321,丸山陸橋,環七通り×新青梅通り,R4/11,野方,D 目白,13.田無,12,0,2,169,134,305,32
321,丸山陸橋,環七通り×新青梅通り,R4/11,野方,D 目白,13.田無,13,1,1,158,151,311,40
321,丸山陸橋,環七通り×新青梅通り,R4/11,野方,D 目白,13.田無,14,5,3,174,141,323,27
321,丸山陸橋,環七通り×新青梅通り,R4/11,野方,D 目白,13.田無,15,5,4,193,140,342,42
321,丸山陸橋,環七通り×新青梅通り,R4/11,野方,D 目白,13.田無,16,11,2,215,170,398,36
321,丸山陸橋,環七通り×新青梅通り,R4/11,野方,D 目白,13.田無,17,5,1,268,152,426,48
321,丸山陸橋,環七通り×新青梅通り,R4/11,野方,D 目白,13.田無,18,1,0,243,117,361,55
321,丸山陸橋,環七通り×新青梅通り,R4/11,野方,D 目白,13.田無,12時間計,44,20,2065,1562,3691,381
321,丸山陸橋,環七通り×新青梅通り,R4/11,野方,D 目白,14.練馬,7,0,0,13,13,26,1
321,丸山陸橋,環七通り×新青梅通り,R4/11,野方,D 目白,14.練馬,8,0,0,18,12,30,6
321,丸山陸橋,環七通り×新青梅通り,R4/11,野方,D 目白,14.練馬,9,0,0,12,18,30,1
321,丸山陸橋,環七通り×新青梅通り,R4/11,野方,D 目白,14.練馬,10,0,0,15,17,32,8
321,丸山陸橋,環七通り×新青梅通り,R4/11,野方,D 目白,14.練馬,11,0,0,10,15,25,6
321,丸山陸橋,環七通り×新青梅通り,R4/11,野方,D 目白,14.練馬,12,0,1,14,15,30,9
321,丸山陸橋,環七通り×新青梅通り,R4/11,野方,D 目白,14.練馬,13,0,0,11,15,26,6
321,丸山陸橋,環七通り×新青梅通り,R4/11,野方,D 目白,14.練馬,14,1,0,19,22,42,7
321,丸山陸橋,環七通り×新青梅通り,R4/11,野方,D 目白,14.練馬,15,0,0,15,18,33,6
321,丸山陸橋,環七通り×新青梅通り,R4/11,野方,D 目白,14.練馬,16,0,0,26,28,54,4
321,丸山陸橋,環七通り×新青梅通り,R4/11,野方,D 目白,14.練馬,17,1,0,18,15,34,3
321,丸山陸橋,環七通り×新青梅通り,R4/11,野方,D 目白,14.練馬,18,0,1,27,8,36,6
321,丸山陸橋,環七通り×新青梅通り,R4/11,野方,D 目白,14.練馬,12時間計,2,2,198,196,398,63
321,丸山陸橋,環七通り×新青梅通り,R4/11,野方,D 目白,流入計,7,3,0,154,131,288,29
321,丸山陸橋,環七通り×新青梅通り,R4/11,野方,D 目白,流入計,8,3,3,172,154,332,32
321,丸山陸橋,環七通り×新青梅通り,R4/11,野方,D 目白,流入計,9,1,5,180,176,362,31
321,丸山陸橋,環七通り×新青梅通り,R4/11,野方,D 目白,流入計,10,6,5,199,187,397,45
321,丸山陸橋,環七通り×新青梅通り,R4/11,野方,D 目白,流入計,11,4,2,230,175,411,36
321,丸山陸橋,環七通り×新青梅通り,R4/11,野方,D 目白,流入計,12,0,4,257,187,448,52
321,丸山陸橋,環七通り×新青梅通り,R4/11,野方,D 目白,流入計,13,1,5,206,214,426,55
321,丸山陸橋,環七通り×新青梅通り,R4/11,野方,D 目白,流入計,14,8,5,244,195,452,47
321,丸山陸橋,環七通り×新青梅通り,R4/11,野方,D 目白,流入計,15,7,5,270,201,483,64
321,丸山陸橋,環七通り×新青梅通り,R4/11,野方,D 目白,流入計,16,12,2,295,230,539,49
321,丸山陸橋,環七通り×新青梅通り,R4/11,野方,D 目白,流入計,17,6,2,358,196,562,61
321,丸山陸橋,環七通り×新青梅通り,R4/11,野方,D 目白,流入計,18,1,2,348,146,497,71
321,丸山陸橋,環七通り×新青梅通り,R4/11,野方,D 目白,流入計,12時間計,52,40,2913,2192,5197,572
