﻿地点番号,地点名,交差道路名,調査年月,管轄警察署,流入方向,流出方向,時間帯等,車道通行自転車,歩道通行自転車,自転車計
321,丸山陸橋,環七通り×新青梅通り,R4/11,野方,A 練馬,1目白,7,0,-,-
321,丸山陸橋,環七通り×新青梅通り,R4/11,野方,A 練馬,1目白,8,0,-,-
321,丸山陸橋,環七通り×新青梅通り,R4/11,野方,A 練馬,1目白,9,0,-,-
321,丸山陸橋,環七通り×新青梅通り,R4/11,野方,A 練馬,1目白,10,0,-,-
321,丸山陸橋,環七通り×新青梅通り,R4/11,野方,A 練馬,1目白,11,1,-,-
321,丸山陸橋,環七通り×新青梅通り,R4/11,野方,A 練馬,1目白,12,0,-,-
321,丸山陸橋,環七通り×新青梅通り,R4/11,野方,A 練馬,1目白,13,0,-,-
321,丸山陸橋,環七通り×新青梅通り,R4/11,野方,A 練馬,1目白,14,1,-,-
321,丸山陸橋,環七通り×新青梅通り,R4/11,野方,A 練馬,1目白,15,0,-,-
321,丸山陸橋,環七通り×新青梅通り,R4/11,野方,A 練馬,1目白,16,0,-,-
321,丸山陸橋,環七通り×新青梅通り,R4/11,野方,A 練馬,1目白,17,2,-,-
321,丸山陸橋,環七通り×新青梅通り,R4/11,野方,A 練馬,1目白,18,0,-,-
321,丸山陸橋,環七通り×新青梅通り,R4/11,野方,A 練馬,1目白,12時間計,4,-,-
321,丸山陸橋,環七通り×新青梅通り,R4/11,野方,A 練馬,2高円寺,7,15,-,-
321,丸山陸橋,環七通り×新青梅通り,R4/11,野方,A 練馬,2高円寺,8,25,-,-
321,丸山陸橋,環七通り×新青梅通り,R4/11,野方,A 練馬,2高円寺,9,8,-,-
321,丸山陸橋,環七通り×新青梅通り,R4/11,野方,A 練馬,2高円寺,10,12,-,-
321,丸山陸橋,環七通り×新青梅通り,R4/11,野方,A 練馬,2高円寺,11,1,-,-
321,丸山陸橋,環七通り×新青梅通り,R4/11,野方,A 練馬,2高円寺,12,1,-,-
321,丸山陸橋,環七通り×新青梅通り,R4/11,野方,A 練馬,2高円寺,13,5,-,-
321,丸山陸橋,環七通り×新青梅通り,R4/11,野方,A 練馬,2高円寺,14,4,-,-
321,丸山陸橋,環七通り×新青梅通り,R4/11,野方,A 練馬,2高円寺,15,5,-,-
321,丸山陸橋,環七通り×新青梅通り,R4/11,野方,A 練馬,2高円寺,16,7,-,-
321,丸山陸橋,環七通り×新青梅通り,R4/11,野方,A 練馬,2高円寺,17,0,-,-
321,丸山陸橋,環七通り×新青梅通り,R4/11,野方,A 練馬,2高円寺,18,0,-,-
321,丸山陸橋,環七通り×新青梅通り,R4/11,野方,A 練馬,2高円寺,12時間計,83,-,-
321,丸山陸橋,環七通り×新青梅通り,R4/11,野方,A 練馬,3田無,7,0,-,-
321,丸山陸橋,環七通り×新青梅通り,R4/11,野方,A 練馬,3田無,8,0,-,-
321,丸山陸橋,環七通り×新青梅通り,R4/11,野方,A 練馬,3田無,9,1,-,-
321,丸山陸橋,環七通り×新青梅通り,R4/11,野方,A 練馬,3田無,10,0,-,-
321,丸山陸橋,環七通り×新青梅通り,R4/11,野方,A 練馬,3田無,11,0,-,-
321,丸山陸橋,環七通り×新青梅通り,R4/11,野方,A 練馬,3田無,12,0,-,-
321,丸山陸橋,環七通り×新青梅通り,R4/11,野方,A 練馬,3田無,13,0,-,-
321,丸山陸橋,環七通り×新青梅通り,R4/11,野方,A 練馬,3田無,14,0,-,-
321,丸山陸橋,環七通り×新青梅通り,R4/11,野方,A 練馬,3田無,15,0,-,-
321,丸山陸橋,環七通り×新青梅通り,R4/11,野方,A 練馬,3田無,16,0,-,-
321,丸山陸橋,環七通り×新青梅通り,R4/11,野方,A 練馬,3田無,17,0,-,-
321,丸山陸橋,環七通り×新青梅通り,R4/11,野方,A 練馬,3田無,18,0,-,-
321,丸山陸橋,環七通り×新青梅通り,R4/11,野方,A 練馬,3田無,12時間計,1,-,-
321,丸山陸橋,環七通り×新青梅通り,R4/11,野方,A 練馬,4高円寺,7,0,-,-
321,丸山陸橋,環七通り×新青梅通り,R4/11,野方,A 練馬,4高円寺,8,0,-,-
321,丸山陸橋,環七通り×新青梅通り,R4/11,野方,A 練馬,4高円寺,9,0,-,-
321,丸山陸橋,環七通り×新青梅通り,R4/11,野方,A 練馬,4高円寺,10,0,-,-
321,丸山陸橋,環七通り×新青梅通り,R4/11,野方,A 練馬,4高円寺,11,0,-,-
321,丸山陸橋,環七通り×新青梅通り,R4/11,野方,A 練馬,4高円寺,12,0,-,-
321,丸山陸橋,環七通り×新青梅通り,R4/11,野方,A 練馬,4高円寺,13,0,-,-
321,丸山陸橋,環七通り×新青梅通り,R4/11,野方,A 練馬,4高円寺,14,0,-,-
321,丸山陸橋,環七通り×新青梅通り,R4/11,野方,A 練馬,4高円寺,15,0,-,-
321,丸山陸橋,環七通り×新青梅通り,R4/11,野方,A 練馬,4高円寺,16,0,-,-
321,丸山陸橋,環七通り×新青梅通り,R4/11,野方,A 練馬,4高円寺,17,0,-,-
321,丸山陸橋,環七通り×新青梅通り,R4/11,野方,A 練馬,4高円寺,18,0,-,-
321,丸山陸橋,環七通り×新青梅通り,R4/11,野方,A 練馬,4高円寺,12時間計,0,-,-
321,丸山陸橋,環七通り×新青梅通り,R4/11,野方,A 練馬,流入計,7,15,72,87
321,丸山陸橋,環七通り×新青梅通り,R4/11,野方,A 練馬,流入計,8,25,130,155
321,丸山陸橋,環七通り×新青梅通り,R4/11,野方,A 練馬,流入計,9,9,70,79
321,丸山陸橋,環七通り×新青梅通り,R4/11,野方,A 練馬,流入計,10,12,58,70
321,丸山陸橋,環七通り×新青梅通り,R4/11,野方,A 練馬,流入計,11,2,74,76
321,丸山陸橋,環七通り×新青梅通り,R4/11,野方,A 練馬,流入計,12,1,50,51
321,丸山陸橋,環七通り×新青梅通り,R4/11,野方,A 練馬,流入計,13,5,49,54
321,丸山陸橋,環七通り×新青梅通り,R4/11,野方,A 練馬,流入計,14,5,52,57
321,丸山陸橋,環七通り×新青梅通り,R4/11,野方,A 練馬,流入計,15,5,41,46
321,丸山陸橋,環七通り×新青梅通り,R4/11,野方,A 練馬,流入計,16,7,68,75
321,丸山陸橋,環七通り×新青梅通り,R4/11,野方,A 練馬,流入計,17,2,83,85
321,丸山陸橋,環七通り×新青梅通り,R4/11,野方,A 練馬,流入計,18,0,64,64
321,丸山陸橋,環七通り×新青梅通り,R4/11,野方,A 練馬,流入計,12時間計,88,811,899
321,丸山陸橋,環七通り×新青梅通り,R4/11,野方,B 田無,5練馬,7,3,-,-
321,丸山陸橋,環七通り×新青梅通り,R4/11,野方,B 田無,5練馬,8,1,-,-
321,丸山陸橋,環七通り×新青梅通り,R4/11,野方,B 田無,5練馬,9,1,-,-
321,丸山陸橋,環七通り×新青梅通り,R4/11,野方,B 田無,5練馬,10,2,-,-
321,丸山陸橋,環七通り×新青梅通り,R4/11,野方,B 田無,5練馬,11,2,-,-
321,丸山陸橋,環七通り×新青梅通り,R4/11,野方,B 田無,5練馬,12,1,-,-
321,丸山陸橋,環七通り×新青梅通り,R4/11,野方,B 田無,5練馬,13,2,-,-
321,丸山陸橋,環七通り×新青梅通り,R4/11,野方,B 田無,5練馬,14,1,-,-
321,丸山陸橋,環七通り×新青梅通り,R4/11,野方,B 田無,5練馬,15,0,-,-
321,丸山陸橋,環七通り×新青梅通り,R4/11,野方,B 田無,5練馬,16,2,-,-
321,丸山陸橋,環七通り×新青梅通り,R4/11,野方,B 田無,5練馬,17,1,-,-
321,丸山陸橋,環七通り×新青梅通り,R4/11,野方,B 田無,5練馬,18,1,-,-
321,丸山陸橋,環七通り×新青梅通り,R4/11,野方,B 田無,5練馬,12時間計,17,-,-
321,丸山陸橋,環七通り×新青梅通り,R4/11,野方,B 田無,6目白,7,33,-,-
321,丸山陸橋,環七通り×新青梅通り,R4/11,野方,B 田無,6目白,8,40,-,-
321,丸山陸橋,環七通り×新青梅通り,R4/11,野方,B 田無,6目白,9,12,-,-
321,丸山陸橋,環七通り×新青梅通り,R4/11,野方,B 田無,6目白,10,29,-,-
321,丸山陸橋,環七通り×新青梅通り,R4/11,野方,B 田無,6目白,11,15,-,-
321,丸山陸橋,環七通り×新青梅通り,R4/11,野方,B 田無,6目白,12,17,-,-
321,丸山陸橋,環七通り×新青梅通り,R4/11,野方,B 田無,6目白,13,7,-,-
321,丸山陸橋,環七通り×新青梅通り,R4/11,野方,B 田無,6目白,14,2,-,-
321,丸山陸橋,環七通り×新青梅通り,R4/11,野方,B 田無,6目白,15,9,-,-
321,丸山陸橋,環七通り×新青梅通り,R4/11,野方,B 田無,6目白,16,10,-,-
321,丸山陸橋,環七通り×新青梅通り,R4/11,野方,B 田無,6目白,17,18,-,-
321,丸山陸橋,環七通り×新青梅通り,R4/11,野方,B 田無,6目白,18,20,-,-
321,丸山陸橋,環七通り×新青梅通り,R4/11,野方,B 田無,6目白,12時間計,212,-,-
321,丸山陸橋,環七通り×新青梅通り,R4/11,野方,B 田無,7高円寺,7,1,-,-
321,丸山陸橋,環七通り×新青梅通り,R4/11,野方,B 田無,7高円寺,8,4,-,-
321,丸山陸橋,環七通り×新青梅通り,R4/11,野方,B 田無,7高円寺,9,0,-,-
321,丸山陸橋,環七通り×新青梅通り,R4/11,野方,B 田無,7高円寺,10,0,-,-
321,丸山陸橋,環七通り×新青梅通り,R4/11,野方,B 田無,7高円寺,11,1,-,-
321,丸山陸橋,環七通り×新青梅通り,R4/11,野方,B 田無,7高円寺,12,0,-,-
321,丸山陸橋,環七通り×新青梅通り,R4/11,野方,B 田無,7高円寺,13,1,-,-
321,丸山陸橋,環七通り×新青梅通り,R4/11,野方,B 田無,7高円寺,14,0,-,-
321,丸山陸橋,環七通り×新青梅通り,R4/11,野方,B 田無,7高円寺,15,0,-,-
321,丸山陸橋,環七通り×新青梅通り,R4/11,野方,B 田無,7高円寺,16,1,-,-
321,丸山陸橋,環七通り×新青梅通り,R4/11,野方,B 田無,7高円寺,17,0,-,-
321,丸山陸橋,環七通り×新青梅通り,R4/11,野方,B 田無,7高円寺,18,0,-,-
321,丸山陸橋,環七通り×新青梅通り,R4/11,野方,B 田無,7高円寺,12時間計,8,-,-
321,丸山陸橋,環七通り×新青梅通り,R4/11,野方,B 田無,流入計,7,37,78,115
321,丸山陸橋,環七通り×新青梅通り,R4/11,野方,B 田無,流入計,8,45,110,155
321,丸山陸橋,環七通り×新青梅通り,R4/11,野方,B 田無,流入計,9,13,77,90
321,丸山陸橋,環七通り×新青梅通り,R4/11,野方,B 田無,流入計,10,31,72,103
321,丸山陸橋,環七通り×新青梅通り,R4/11,野方,B 田無,流入計,11,18,69,87
321,丸山陸橋,環七通り×新青梅通り,R4/11,野方,B 田無,流入計,12,18,77,95
321,丸山陸橋,環七通り×新青梅通り,R4/11,野方,B 田無,流入計,13,10,102,112
321,丸山陸橋,環七通り×新青梅通り,R4/11,野方,B 田無,流入計,14,3,97,100
321,丸山陸橋,環七通り×新青梅通り,R4/11,野方,B 田無,流入計,15,9,76,85
321,丸山陸橋,環七通り×新青梅通り,R4/11,野方,B 田無,流入計,16,13,88,101
321,丸山陸橋,環七通り×新青梅通り,R4/11,野方,B 田無,流入計,17,19,81,100
321,丸山陸橋,環七通り×新青梅通り,R4/11,野方,B 田無,流入計,18,21,93,114
321,丸山陸橋,環七通り×新青梅通り,R4/11,野方,B 田無,流入計,12時間計,237,1020,1257
321,丸山陸橋,環七通り×新青梅通り,R4/11,野方,C 高円寺,8田無,7,1,-,-
321,丸山陸橋,環七通り×新青梅通り,R4/11,野方,C 高円寺,8田無,8,3,-,-
321,丸山陸橋,環七通り×新青梅通り,R4/11,野方,C 高円寺,8田無,9,0,-,-
321,丸山陸橋,環七通り×新青梅通り,R4/11,野方,C 高円寺,8田無,10,0,-,-
321,丸山陸橋,環七通り×新青梅通り,R4/11,野方,C 高円寺,8田無,11,0,-,-
321,丸山陸橋,環七通り×新青梅通り,R4/11,野方,C 高円寺,8田無,12,1,-,-
321,丸山陸橋,環七通り×新青梅通り,R4/11,野方,C 高円寺,8田無,13,0,-,-
321,丸山陸橋,環七通り×新青梅通り,R4/11,野方,C 高円寺,8田無,14,1,-,-
321,丸山陸橋,環七通り×新青梅通り,R4/11,野方,C 高円寺,8田無,15,0,-,-
321,丸山陸橋,環七通り×新青梅通り,R4/11,野方,C 高円寺,8田無,16,0,-,-
321,丸山陸橋,環七通り×新青梅通り,R4/11,野方,C 高円寺,8田無,17,0,-,-
321,丸山陸橋,環七通り×新青梅通り,R4/11,野方,C 高円寺,8田無,18,1,-,-
321,丸山陸橋,環七通り×新青梅通り,R4/11,野方,C 高円寺,8田無,12時間計,7,-,-
321,丸山陸橋,環七通り×新青梅通り,R4/11,野方,C 高円寺,9練馬,7,17,-,-
321,丸山陸橋,環七通り×新青梅通り,R4/11,野方,C 高円寺,9練馬,8,13,-,-
321,丸山陸橋,環七通り×新青梅通り,R4/11,野方,C 高円寺,9練馬,9,1,-,-
321,丸山陸橋,環七通り×新青梅通り,R4/11,野方,C 高円寺,9練馬,10,6,-,-
321,丸山陸橋,環七通り×新青梅通り,R4/11,野方,C 高円寺,9練馬,11,2,-,-
321,丸山陸橋,環七通り×新青梅通り,R4/11,野方,C 高円寺,9練馬,12,2,-,-
321,丸山陸橋,環七通り×新青梅通り,R4/11,野方,C 高円寺,9練馬,13,3,-,-
321,丸山陸橋,環七通り×新青梅通り,R4/11,野方,C 高円寺,9練馬,14,4,-,-
321,丸山陸橋,環七通り×新青梅通り,R4/11,野方,C 高円寺,9練馬,15,6,-,-
321,丸山陸橋,環七通り×新青梅通り,R4/11,野方,C 高円寺,9練馬,16,7,-,-
321,丸山陸橋,環七通り×新青梅通り,R4/11,野方,C 高円寺,9練馬,17,6,-,-
321,丸山陸橋,環七通り×新青梅通り,R4/11,野方,C 高円寺,9練馬,18,5,-,-
321,丸山陸橋,環七通り×新青梅通り,R4/11,野方,C 高円寺,9練馬,12時間計,72,-,-
321,丸山陸橋,環七通り×新青梅通り,R4/11,野方,C 高円寺,10目白,7,0,-,-
321,丸山陸橋,環七通り×新青梅通り,R4/11,野方,C 高円寺,10目白,8,0,-,-
321,丸山陸橋,環七通り×新青梅通り,R4/11,野方,C 高円寺,10目白,9,0,-,-
321,丸山陸橋,環七通り×新青梅通り,R4/11,野方,C 高円寺,10目白,10,0,-,-
321,丸山陸橋,環七通り×新青梅通り,R4/11,野方,C 高円寺,10目白,11,0,-,-
321,丸山陸橋,環七通り×新青梅通り,R4/11,野方,C 高円寺,10目白,12,0,-,-
321,丸山陸橋,環七通り×新青梅通り,R4/11,野方,C 高円寺,10目白,13,0,-,-
321,丸山陸橋,環七通り×新青梅通り,R4/11,野方,C 高円寺,10目白,14,0,-,-
321,丸山陸橋,環七通り×新青梅通り,R4/11,野方,C 高円寺,10目白,15,0,-,-
321,丸山陸橋,環七通り×新青梅通り,R4/11,野方,C 高円寺,10目白,16,0,-,-
321,丸山陸橋,環七通り×新青梅通り,R4/11,野方,C 高円寺,10目白,17,0,-,-
321,丸山陸橋,環七通り×新青梅通り,R4/11,野方,C 高円寺,10目白,18,0,-,-
321,丸山陸橋,環七通り×新青梅通り,R4/11,野方,C 高円寺,10目白,12時間計,0,-,-
321,丸山陸橋,環七通り×新青梅通り,R4/11,野方,C 高円寺,11練馬,7,0,-,-
321,丸山陸橋,環七通り×新青梅通り,R4/11,野方,C 高円寺,11練馬,8,0,-,-
321,丸山陸橋,環七通り×新青梅通り,R4/11,野方,C 高円寺,11練馬,9,0,-,-
321,丸山陸橋,環七通り×新青梅通り,R4/11,野方,C 高円寺,11練馬,10,0,-,-
321,丸山陸橋,環七通り×新青梅通り,R4/11,野方,C 高円寺,11練馬,11,0,-,-
321,丸山陸橋,環七通り×新青梅通り,R4/11,野方,C 高円寺,11練馬,12,0,-,-
321,丸山陸橋,環七通り×新青梅通り,R4/11,野方,C 高円寺,11練馬,13,0,-,-
321,丸山陸橋,環七通り×新青梅通り,R4/11,野方,C 高円寺,11練馬,14,0,-,-
321,丸山陸橋,環七通り×新青梅通り,R4/11,野方,C 高円寺,11練馬,15,0,-,-
321,丸山陸橋,環七通り×新青梅通り,R4/11,野方,C 高円寺,11練馬,16,0,-,-
321,丸山陸橋,環七通り×新青梅通り,R4/11,野方,C 高円寺,11練馬,17,0,-,-
321,丸山陸橋,環七通り×新青梅通り,R4/11,野方,C 高円寺,11練馬,18,0,-,-
321,丸山陸橋,環七通り×新青梅通り,R4/11,野方,C 高円寺,11練馬,12時間計,0,-,-
321,丸山陸橋,環七通り×新青梅通り,R4/11,野方,C 高円寺,流入計,7,18,49,67
321,丸山陸橋,環七通り×新青梅通り,R4/11,野方,C 高円寺,流入計,8,16,65,81
321,丸山陸橋,環七通り×新青梅通り,R4/11,野方,C 高円寺,流入計,9,1,45,46
321,丸山陸橋,環七通り×新青梅通り,R4/11,野方,C 高円寺,流入計,10,6,52,58
321,丸山陸橋,環七通り×新青梅通り,R4/11,野方,C 高円寺,流入計,11,2,43,45
321,丸山陸橋,環七通り×新青梅通り,R4/11,野方,C 高円寺,流入計,12,3,62,65
321,丸山陸橋,環七通り×新青梅通り,R4/11,野方,C 高円寺,流入計,13,3,47,50
321,丸山陸橋,環七通り×新青梅通り,R4/11,野方,C 高円寺,流入計,14,5,40,45
321,丸山陸橋,環七通り×新青梅通り,R4/11,野方,C 高円寺,流入計,15,6,62,68
321,丸山陸橋,環七通り×新青梅通り,R4/11,野方,C 高円寺,流入計,16,7,57,64
321,丸山陸橋,環七通り×新青梅通り,R4/11,野方,C 高円寺,流入計,17,6,53,59
321,丸山陸橋,環七通り×新青梅通り,R4/11,野方,C 高円寺,流入計,18,6,91,97
321,丸山陸橋,環七通り×新青梅通り,R4/11,野方,C 高円寺,流入計,12時間計,79,666,745
321,丸山陸橋,環七通り×新青梅通り,R4/11,野方,D 目白,12高円寺,7,2,-,-
321,丸山陸橋,環七通り×新青梅通り,R4/11,野方,D 目白,12高円寺,8,1,-,-
321,丸山陸橋,環七通り×新青梅通り,R4/11,野方,D 目白,12高円寺,9,0,-,-
321,丸山陸橋,環七通り×新青梅通り,R4/11,野方,D 目白,12高円寺,10,1,-,-
321,丸山陸橋,環七通り×新青梅通り,R4/11,野方,D 目白,12高円寺,11,0,-,-
321,丸山陸橋,環七通り×新青梅通り,R4/11,野方,D 目白,12高円寺,12,0,-,-
321,丸山陸橋,環七通り×新青梅通り,R4/11,野方,D 目白,12高円寺,13,1,-,-
321,丸山陸橋,環七通り×新青梅通り,R4/11,野方,D 目白,12高円寺,14,0,-,-
321,丸山陸橋,環七通り×新青梅通り,R4/11,野方,D 目白,12高円寺,15,0,-,-
321,丸山陸橋,環七通り×新青梅通り,R4/11,野方,D 目白,12高円寺,16,0,-,-
321,丸山陸橋,環七通り×新青梅通り,R4/11,野方,D 目白,12高円寺,17,0,-,-
321,丸山陸橋,環七通り×新青梅通り,R4/11,野方,D 目白,12高円寺,18,0,-,-
321,丸山陸橋,環七通り×新青梅通り,R4/11,野方,D 目白,12高円寺,12時間計,5,-,-
321,丸山陸橋,環七通り×新青梅通り,R4/11,野方,D 目白,13田無,7,21,-,-
321,丸山陸橋,環七通り×新青梅通り,R4/11,野方,D 目白,13田無,8,26,-,-
321,丸山陸橋,環七通り×新青梅通り,R4/11,野方,D 目白,13田無,9,14,-,-
321,丸山陸橋,環七通り×新青梅通り,R4/11,野方,D 目白,13田無,10,5,-,-
321,丸山陸橋,環七通り×新青梅通り,R4/11,野方,D 目白,13田無,11,8,-,-
321,丸山陸橋,環七通り×新青梅通り,R4/11,野方,D 目白,13田無,12,6,-,-
321,丸山陸橋,環七通り×新青梅通り,R4/11,野方,D 目白,13田無,13,8,-,-
321,丸山陸橋,環七通り×新青梅通り,R4/11,野方,D 目白,13田無,14,11,-,-
321,丸山陸橋,環七通り×新青梅通り,R4/11,野方,D 目白,13田無,15,12,-,-
321,丸山陸橋,環七通り×新青梅通り,R4/11,野方,D 目白,13田無,16,8,-,-
321,丸山陸橋,環七通り×新青梅通り,R4/11,野方,D 目白,13田無,17,17,-,-
321,丸山陸橋,環七通り×新青梅通り,R4/11,野方,D 目白,13田無,18,30,-,-
321,丸山陸橋,環七通り×新青梅通り,R4/11,野方,D 目白,13田無,12時間計,166,-,-
321,丸山陸橋,環七通り×新青梅通り,R4/11,野方,D 目白,14練馬,7,1,-,-
321,丸山陸橋,環七通り×新青梅通り,R4/11,野方,D 目白,14練馬,8,1,-,-
321,丸山陸橋,環七通り×新青梅通り,R4/11,野方,D 目白,14練馬,9,0,-,-
321,丸山陸橋,環七通り×新青梅通り,R4/11,野方,D 目白,14練馬,10,0,-,-
321,丸山陸橋,環七通り×新青梅通り,R4/11,野方,D 目白,14練馬,11,1,-,-
321,丸山陸橋,環七通り×新青梅通り,R4/11,野方,D 目白,14練馬,12,0,-,-
321,丸山陸橋,環七通り×新青梅通り,R4/11,野方,D 目白,14練馬,13,3,-,-
321,丸山陸橋,環七通り×新青梅通り,R4/11,野方,D 目白,14練馬,14,0,-,-
321,丸山陸橋,環七通り×新青梅通り,R4/11,野方,D 目白,14練馬,15,0,-,-
321,丸山陸橋,環七通り×新青梅通り,R4/11,野方,D 目白,14練馬,16,0,-,-
321,丸山陸橋,環七通り×新青梅通り,R4/11,野方,D 目白,14練馬,17,1,-,-
321,丸山陸橋,環七通り×新青梅通り,R4/11,野方,D 目白,14練馬,18,0,-,-
321,丸山陸橋,環七通り×新青梅通り,R4/11,野方,D 目白,14練馬,12時間計,7,-,-
321,丸山陸橋,環七通り×新青梅通り,R4/11,野方,D 目白,流入計,7,24,64,88
321,丸山陸橋,環七通り×新青梅通り,R4/11,野方,D 目白,流入計,8,28,112,140
321,丸山陸橋,環七通り×新青梅通り,R4/11,野方,D 目白,流入計,9,14,68,82
321,丸山陸橋,環七通り×新青梅通り,R4/11,野方,D 目白,流入計,10,6,91,97
321,丸山陸橋,環七通り×新青梅通り,R4/11,野方,D 目白,流入計,11,9,81,90
321,丸山陸橋,環七通り×新青梅通り,R4/11,野方,D 目白,流入計,12,6,82,88
321,丸山陸橋,環七通り×新青梅通り,R4/11,野方,D 目白,流入計,13,12,80,92
321,丸山陸橋,環七通り×新青梅通り,R4/11,野方,D 目白,流入計,14,11,91,102
321,丸山陸橋,環七通り×新青梅通り,R4/11,野方,D 目白,流入計,15,12,80,92
321,丸山陸橋,環七通り×新青梅通り,R4/11,野方,D 目白,流入計,16,8,94,102
321,丸山陸橋,環七通り×新青梅通り,R4/11,野方,D 目白,流入計,17,18,117,135
321,丸山陸橋,環七通り×新青梅通り,R4/11,野方,D 目白,流入計,18,30,85,115
321,丸山陸橋,環七通り×新青梅通り,R4/11,野方,D 目白,流入計,12時間計,178,1045,1223
321,丸山陸橋,環七通り×新青梅通り,R4/11,野方,全方向計,全方向計,7,94,263,357
321,丸山陸橋,環七通り×新青梅通り,R4/11,野方,全方向計,全方向計,8,114,417,531
321,丸山陸橋,環七通り×新青梅通り,R4/11,野方,全方向計,全方向計,9,37,260,297
321,丸山陸橋,環七通り×新青梅通り,R4/11,野方,全方向計,全方向計,10,55,273,328
321,丸山陸橋,環七通り×新青梅通り,R4/11,野方,全方向計,全方向計,11,31,267,298
321,丸山陸橋,環七通り×新青梅通り,R4/11,野方,全方向計,全方向計,12,28,271,299
321,丸山陸橋,環七通り×新青梅通り,R4/11,野方,全方向計,全方向計,13,30,278,308
321,丸山陸橋,環七通り×新青梅通り,R4/11,野方,全方向計,全方向計,14,24,280,304
321,丸山陸橋,環七通り×新青梅通り,R4/11,野方,全方向計,全方向計,15,32,259,291
321,丸山陸橋,環七通り×新青梅通り,R4/11,野方,全方向計,全方向計,16,35,307,342
321,丸山陸橋,環七通り×新青梅通り,R4/11,野方,全方向計,全方向計,17,45,334,379
321,丸山陸橋,環七通り×新青梅通り,R4/11,野方,全方向計,全方向計,18,57,333,390
321,丸山陸橋,環七通り×新青梅通り,R4/11,野方,全方向計,全方向計,12時間計,582,3542,4124
