﻿地点番号,地点名,交差道路名,調査年月,管轄警察署,流入方向,流出方向,時間帯等,車道通行自転車,歩道通行自転車,自転車計
14,白金１,（明治通り）×桜田通り,R4/11,高輪,A 古川橋,1三田,7,0,-,-
14,白金１,（明治通り）×桜田通り,R4/11,高輪,A 古川橋,1三田,8,0,-,-
14,白金１,（明治通り）×桜田通り,R4/11,高輪,A 古川橋,1三田,9,0,-,-
14,白金１,（明治通り）×桜田通り,R4/11,高輪,A 古川橋,1三田,10,0,-,-
14,白金１,（明治通り）×桜田通り,R4/11,高輪,A 古川橋,1三田,11,0,-,-
14,白金１,（明治通り）×桜田通り,R4/11,高輪,A 古川橋,1三田,12,0,-,-
14,白金１,（明治通り）×桜田通り,R4/11,高輪,A 古川橋,1三田,13,0,-,-
14,白金１,（明治通り）×桜田通り,R4/11,高輪,A 古川橋,1三田,14,0,-,-
14,白金１,（明治通り）×桜田通り,R4/11,高輪,A 古川橋,1三田,15,0,-,-
14,白金１,（明治通り）×桜田通り,R4/11,高輪,A 古川橋,1三田,16,0,-,-
14,白金１,（明治通り）×桜田通り,R4/11,高輪,A 古川橋,1三田,17,0,-,-
14,白金１,（明治通り）×桜田通り,R4/11,高輪,A 古川橋,1三田,18,0,-,-
14,白金１,（明治通り）×桜田通り,R4/11,高輪,A 古川橋,1三田,12時間計,0,-,-
14,白金１,（明治通り）×桜田通り,R4/11,高輪,A 古川橋,2五反田,7,4,-,-
14,白金１,（明治通り）×桜田通り,R4/11,高輪,A 古川橋,2五反田,8,10,-,-
14,白金１,（明治通り）×桜田通り,R4/11,高輪,A 古川橋,2五反田,9,14,-,-
14,白金１,（明治通り）×桜田通り,R4/11,高輪,A 古川橋,2五反田,10,5,-,-
14,白金１,（明治通り）×桜田通り,R4/11,高輪,A 古川橋,2五反田,11,7,-,-
14,白金１,（明治通り）×桜田通り,R4/11,高輪,A 古川橋,2五反田,12,10,-,-
14,白金１,（明治通り）×桜田通り,R4/11,高輪,A 古川橋,2五反田,13,6,-,-
14,白金１,（明治通り）×桜田通り,R4/11,高輪,A 古川橋,2五反田,14,9,-,-
14,白金１,（明治通り）×桜田通り,R4/11,高輪,A 古川橋,2五反田,15,8,-,-
14,白金１,（明治通り）×桜田通り,R4/11,高輪,A 古川橋,2五反田,16,17,-,-
14,白金１,（明治通り）×桜田通り,R4/11,高輪,A 古川橋,2五反田,17,15,-,-
14,白金１,（明治通り）×桜田通り,R4/11,高輪,A 古川橋,2五反田,18,26,-,-
14,白金１,（明治通り）×桜田通り,R4/11,高輪,A 古川橋,2五反田,12時間計,131,-,-
14,白金１,（明治通り）×桜田通り,R4/11,高輪,A 古川橋,3恵比寿,7,0,-,-
14,白金１,（明治通り）×桜田通り,R4/11,高輪,A 古川橋,3恵比寿,8,0,-,-
14,白金１,（明治通り）×桜田通り,R4/11,高輪,A 古川橋,3恵比寿,9,0,-,-
14,白金１,（明治通り）×桜田通り,R4/11,高輪,A 古川橋,3恵比寿,10,0,-,-
14,白金１,（明治通り）×桜田通り,R4/11,高輪,A 古川橋,3恵比寿,11,0,-,-
14,白金１,（明治通り）×桜田通り,R4/11,高輪,A 古川橋,3恵比寿,12,0,-,-
14,白金１,（明治通り）×桜田通り,R4/11,高輪,A 古川橋,3恵比寿,13,0,-,-
14,白金１,（明治通り）×桜田通り,R4/11,高輪,A 古川橋,3恵比寿,14,1,-,-
14,白金１,（明治通り）×桜田通り,R4/11,高輪,A 古川橋,3恵比寿,15,0,-,-
14,白金１,（明治通り）×桜田通り,R4/11,高輪,A 古川橋,3恵比寿,16,2,-,-
14,白金１,（明治通り）×桜田通り,R4/11,高輪,A 古川橋,3恵比寿,17,1,-,-
14,白金１,（明治通り）×桜田通り,R4/11,高輪,A 古川橋,3恵比寿,18,0,-,-
14,白金１,（明治通り）×桜田通り,R4/11,高輪,A 古川橋,3恵比寿,12時間計,4,-,-
14,白金１,（明治通り）×桜田通り,R4/11,高輪,A 古川橋,流入計,7,4,34,38
14,白金１,（明治通り）×桜田通り,R4/11,高輪,A 古川橋,流入計,8,10,45,55
14,白金１,（明治通り）×桜田通り,R4/11,高輪,A 古川橋,流入計,9,14,30,44
14,白金１,（明治通り）×桜田通り,R4/11,高輪,A 古川橋,流入計,10,5,26,31
14,白金１,（明治通り）×桜田通り,R4/11,高輪,A 古川橋,流入計,11,7,40,47
14,白金１,（明治通り）×桜田通り,R4/11,高輪,A 古川橋,流入計,12,10,41,51
14,白金１,（明治通り）×桜田通り,R4/11,高輪,A 古川橋,流入計,13,6,43,49
14,白金１,（明治通り）×桜田通り,R4/11,高輪,A 古川橋,流入計,14,10,56,66
14,白金１,（明治通り）×桜田通り,R4/11,高輪,A 古川橋,流入計,15,8,39,47
14,白金１,（明治通り）×桜田通り,R4/11,高輪,A 古川橋,流入計,16,19,75,94
14,白金１,（明治通り）×桜田通り,R4/11,高輪,A 古川橋,流入計,17,16,88,104
14,白金１,（明治通り）×桜田通り,R4/11,高輪,A 古川橋,流入計,18,26,52,78
14,白金１,（明治通り）×桜田通り,R4/11,高輪,A 古川橋,流入計,12時間計,135,569,704
14,白金１,（明治通り）×桜田通り,R4/11,高輪,B 恵比寿,4古川橋,7,7,-,-
14,白金１,（明治通り）×桜田通り,R4/11,高輪,B 恵比寿,4古川橋,8,15,-,-
14,白金１,（明治通り）×桜田通り,R4/11,高輪,B 恵比寿,4古川橋,9,3,-,-
14,白金１,（明治通り）×桜田通り,R4/11,高輪,B 恵比寿,4古川橋,10,2,-,-
14,白金１,（明治通り）×桜田通り,R4/11,高輪,B 恵比寿,4古川橋,11,1,-,-
14,白金１,（明治通り）×桜田通り,R4/11,高輪,B 恵比寿,4古川橋,12,0,-,-
14,白金１,（明治通り）×桜田通り,R4/11,高輪,B 恵比寿,4古川橋,13,2,-,-
14,白金１,（明治通り）×桜田通り,R4/11,高輪,B 恵比寿,4古川橋,14,8,-,-
14,白金１,（明治通り）×桜田通り,R4/11,高輪,B 恵比寿,4古川橋,15,3,-,-
14,白金１,（明治通り）×桜田通り,R4/11,高輪,B 恵比寿,4古川橋,16,2,-,-
14,白金１,（明治通り）×桜田通り,R4/11,高輪,B 恵比寿,4古川橋,17,1,-,-
14,白金１,（明治通り）×桜田通り,R4/11,高輪,B 恵比寿,4古川橋,18,3,-,-
14,白金１,（明治通り）×桜田通り,R4/11,高輪,B 恵比寿,4古川橋,12時間計,47,-,-
14,白金１,（明治通り）×桜田通り,R4/11,高輪,B 恵比寿,5三田,7,13,-,-
14,白金１,（明治通り）×桜田通り,R4/11,高輪,B 恵比寿,5三田,8,15,-,-
14,白金１,（明治通り）×桜田通り,R4/11,高輪,B 恵比寿,5三田,9,21,-,-
14,白金１,（明治通り）×桜田通り,R4/11,高輪,B 恵比寿,5三田,10,13,-,-
14,白金１,（明治通り）×桜田通り,R4/11,高輪,B 恵比寿,5三田,11,15,-,-
14,白金１,（明治通り）×桜田通り,R4/11,高輪,B 恵比寿,5三田,12,11,-,-
14,白金１,（明治通り）×桜田通り,R4/11,高輪,B 恵比寿,5三田,13,10,-,-
14,白金１,（明治通り）×桜田通り,R4/11,高輪,B 恵比寿,5三田,14,10,-,-
14,白金１,（明治通り）×桜田通り,R4/11,高輪,B 恵比寿,5三田,15,7,-,-
14,白金１,（明治通り）×桜田通り,R4/11,高輪,B 恵比寿,5三田,16,18,-,-
14,白金１,（明治通り）×桜田通り,R4/11,高輪,B 恵比寿,5三田,17,22,-,-
14,白金１,（明治通り）×桜田通り,R4/11,高輪,B 恵比寿,5三田,18,15,-,-
14,白金１,（明治通り）×桜田通り,R4/11,高輪,B 恵比寿,5三田,12時間計,170,-,-
14,白金１,（明治通り）×桜田通り,R4/11,高輪,B 恵比寿,6五反田,7,0,-,-
14,白金１,（明治通り）×桜田通り,R4/11,高輪,B 恵比寿,6五反田,8,0,-,-
14,白金１,（明治通り）×桜田通り,R4/11,高輪,B 恵比寿,6五反田,9,0,-,-
14,白金１,（明治通り）×桜田通り,R4/11,高輪,B 恵比寿,6五反田,10,0,-,-
14,白金１,（明治通り）×桜田通り,R4/11,高輪,B 恵比寿,6五反田,11,0,-,-
14,白金１,（明治通り）×桜田通り,R4/11,高輪,B 恵比寿,6五反田,12,0,-,-
14,白金１,（明治通り）×桜田通り,R4/11,高輪,B 恵比寿,6五反田,13,0,-,-
14,白金１,（明治通り）×桜田通り,R4/11,高輪,B 恵比寿,6五反田,14,0,-,-
14,白金１,（明治通り）×桜田通り,R4/11,高輪,B 恵比寿,6五反田,15,0,-,-
14,白金１,（明治通り）×桜田通り,R4/11,高輪,B 恵比寿,6五反田,16,1,-,-
14,白金１,（明治通り）×桜田通り,R4/11,高輪,B 恵比寿,6五反田,17,0,-,-
14,白金１,（明治通り）×桜田通り,R4/11,高輪,B 恵比寿,6五反田,18,0,-,-
14,白金１,（明治通り）×桜田通り,R4/11,高輪,B 恵比寿,6五反田,12時間計,1,-,-
14,白金１,（明治通り）×桜田通り,R4/11,高輪,B 恵比寿,流入計,7,20,7,27
14,白金１,（明治通り）×桜田通り,R4/11,高輪,B 恵比寿,流入計,8,30,8,38
14,白金１,（明治通り）×桜田通り,R4/11,高輪,B 恵比寿,流入計,9,24,10,34
14,白金１,（明治通り）×桜田通り,R4/11,高輪,B 恵比寿,流入計,10,15,4,19
14,白金１,（明治通り）×桜田通り,R4/11,高輪,B 恵比寿,流入計,11,16,6,22
14,白金１,（明治通り）×桜田通り,R4/11,高輪,B 恵比寿,流入計,12,11,8,19
14,白金１,（明治通り）×桜田通り,R4/11,高輪,B 恵比寿,流入計,13,12,5,17
14,白金１,（明治通り）×桜田通り,R4/11,高輪,B 恵比寿,流入計,14,18,7,25
14,白金１,（明治通り）×桜田通り,R4/11,高輪,B 恵比寿,流入計,15,10,12,22
14,白金１,（明治通り）×桜田通り,R4/11,高輪,B 恵比寿,流入計,16,21,12,33
14,白金１,（明治通り）×桜田通り,R4/11,高輪,B 恵比寿,流入計,17,23,6,29
14,白金１,（明治通り）×桜田通り,R4/11,高輪,B 恵比寿,流入計,18,18,5,23
14,白金１,（明治通り）×桜田通り,R4/11,高輪,B 恵比寿,流入計,12時間計,218,90,308
14,白金１,（明治通り）×桜田通り,R4/11,高輪,C 五反田,7恵比寿,7,2,-,-
14,白金１,（明治通り）×桜田通り,R4/11,高輪,C 五反田,7恵比寿,8,2,-,-
14,白金１,（明治通り）×桜田通り,R4/11,高輪,C 五反田,7恵比寿,9,2,-,-
14,白金１,（明治通り）×桜田通り,R4/11,高輪,C 五反田,7恵比寿,10,6,-,-
14,白金１,（明治通り）×桜田通り,R4/11,高輪,C 五反田,7恵比寿,11,1,-,-
14,白金１,（明治通り）×桜田通り,R4/11,高輪,C 五反田,7恵比寿,12,7,-,-
14,白金１,（明治通り）×桜田通り,R4/11,高輪,C 五反田,7恵比寿,13,4,-,-
14,白金１,（明治通り）×桜田通り,R4/11,高輪,C 五反田,7恵比寿,14,2,-,-
14,白金１,（明治通り）×桜田通り,R4/11,高輪,C 五反田,7恵比寿,15,5,-,-
14,白金１,（明治通り）×桜田通り,R4/11,高輪,C 五反田,7恵比寿,16,4,-,-
14,白金１,（明治通り）×桜田通り,R4/11,高輪,C 五反田,7恵比寿,17,1,-,-
14,白金１,（明治通り）×桜田通り,R4/11,高輪,C 五反田,7恵比寿,18,6,-,-
14,白金１,（明治通り）×桜田通り,R4/11,高輪,C 五反田,7恵比寿,12時間計,42,-,-
14,白金１,（明治通り）×桜田通り,R4/11,高輪,C 五反田,8古川橋,7,44,-,-
14,白金１,（明治通り）×桜田通り,R4/11,高輪,C 五反田,8古川橋,8,73,-,-
14,白金１,（明治通り）×桜田通り,R4/11,高輪,C 五反田,8古川橋,9,48,-,-
14,白金１,（明治通り）×桜田通り,R4/11,高輪,C 五反田,8古川橋,10,41,-,-
14,白金１,（明治通り）×桜田通り,R4/11,高輪,C 五反田,8古川橋,11,37,-,-
14,白金１,（明治通り）×桜田通り,R4/11,高輪,C 五反田,8古川橋,12,38,-,-
14,白金１,（明治通り）×桜田通り,R4/11,高輪,C 五反田,8古川橋,13,29,-,-
14,白金１,（明治通り）×桜田通り,R4/11,高輪,C 五反田,8古川橋,14,13,-,-
14,白金１,（明治通り）×桜田通り,R4/11,高輪,C 五反田,8古川橋,15,23,-,-
14,白金１,（明治通り）×桜田通り,R4/11,高輪,C 五反田,8古川橋,16,23,-,-
14,白金１,（明治通り）×桜田通り,R4/11,高輪,C 五反田,8古川橋,17,25,-,-
14,白金１,（明治通り）×桜田通り,R4/11,高輪,C 五反田,8古川橋,18,33,-,-
14,白金１,（明治通り）×桜田通り,R4/11,高輪,C 五反田,8古川橋,12時間計,427,-,-
14,白金１,（明治通り）×桜田通り,R4/11,高輪,C 五反田,9三田,7,10,-,-
14,白金１,（明治通り）×桜田通り,R4/11,高輪,C 五反田,9三田,8,5,-,-
14,白金１,（明治通り）×桜田通り,R4/11,高輪,C 五反田,9三田,9,5,-,-
14,白金１,（明治通り）×桜田通り,R4/11,高輪,C 五反田,9三田,10,6,-,-
14,白金１,（明治通り）×桜田通り,R4/11,高輪,C 五反田,9三田,11,1,-,-
14,白金１,（明治通り）×桜田通り,R4/11,高輪,C 五反田,9三田,12,1,-,-
14,白金１,（明治通り）×桜田通り,R4/11,高輪,C 五反田,9三田,13,1,-,-
14,白金１,（明治通り）×桜田通り,R4/11,高輪,C 五反田,9三田,14,4,-,-
14,白金１,（明治通り）×桜田通り,R4/11,高輪,C 五反田,9三田,15,3,-,-
14,白金１,（明治通り）×桜田通り,R4/11,高輪,C 五反田,9三田,16,1,-,-
14,白金１,（明治通り）×桜田通り,R4/11,高輪,C 五反田,9三田,17,0,-,-
14,白金１,（明治通り）×桜田通り,R4/11,高輪,C 五反田,9三田,18,2,-,-
14,白金１,（明治通り）×桜田通り,R4/11,高輪,C 五反田,9三田,12時間計,39,-,-
14,白金１,（明治通り）×桜田通り,R4/11,高輪,C 五反田,流入計,7,56,51,107
14,白金１,（明治通り）×桜田通り,R4/11,高輪,C 五反田,流入計,8,80,118,198
14,白金１,（明治通り）×桜田通り,R4/11,高輪,C 五反田,流入計,9,55,136,191
14,白金１,（明治通り）×桜田通り,R4/11,高輪,C 五反田,流入計,10,53,102,155
14,白金１,（明治通り）×桜田通り,R4/11,高輪,C 五反田,流入計,11,39,51,90
14,白金１,（明治通り）×桜田通り,R4/11,高輪,C 五反田,流入計,12,46,74,120
14,白金１,（明治通り）×桜田通り,R4/11,高輪,C 五反田,流入計,13,34,62,96
14,白金１,（明治通り）×桜田通り,R4/11,高輪,C 五反田,流入計,14,19,81,100
14,白金１,（明治通り）×桜田通り,R4/11,高輪,C 五反田,流入計,15,31,95,126
14,白金１,（明治通り）×桜田通り,R4/11,高輪,C 五反田,流入計,16,28,112,140
14,白金１,（明治通り）×桜田通り,R4/11,高輪,C 五反田,流入計,17,26,73,99
14,白金１,（明治通り）×桜田通り,R4/11,高輪,C 五反田,流入計,18,41,84,125
14,白金１,（明治通り）×桜田通り,R4/11,高輪,C 五反田,流入計,12時間計,508,1039,1547
14,白金１,（明治通り）×桜田通り,R4/11,高輪,D 三田,10五反田,7,7,-,-
14,白金１,（明治通り）×桜田通り,R4/11,高輪,D 三田,10五反田,8,12,-,-
14,白金１,（明治通り）×桜田通り,R4/11,高輪,D 三田,10五反田,9,12,-,-
14,白金１,（明治通り）×桜田通り,R4/11,高輪,D 三田,10五反田,10,9,-,-
14,白金１,（明治通り）×桜田通り,R4/11,高輪,D 三田,10五反田,11,3,-,-
14,白金１,（明治通り）×桜田通り,R4/11,高輪,D 三田,10五反田,12,19,-,-
14,白金１,（明治通り）×桜田通り,R4/11,高輪,D 三田,10五反田,13,10,-,-
14,白金１,（明治通り）×桜田通り,R4/11,高輪,D 三田,10五反田,14,19,-,-
14,白金１,（明治通り）×桜田通り,R4/11,高輪,D 三田,10五反田,15,24,-,-
14,白金１,（明治通り）×桜田通り,R4/11,高輪,D 三田,10五反田,16,27,-,-
14,白金１,（明治通り）×桜田通り,R4/11,高輪,D 三田,10五反田,17,36,-,-
14,白金１,（明治通り）×桜田通り,R4/11,高輪,D 三田,10五反田,18,49,-,-
14,白金１,（明治通り）×桜田通り,R4/11,高輪,D 三田,10五反田,12時間計,227,-,-
14,白金１,（明治通り）×桜田通り,R4/11,高輪,D 三田,11恵比寿,7,3,-,-
14,白金１,（明治通り）×桜田通り,R4/11,高輪,D 三田,11恵比寿,8,1,-,-
14,白金１,（明治通り）×桜田通り,R4/11,高輪,D 三田,11恵比寿,9,3,-,-
14,白金１,（明治通り）×桜田通り,R4/11,高輪,D 三田,11恵比寿,10,3,-,-
14,白金１,（明治通り）×桜田通り,R4/11,高輪,D 三田,11恵比寿,11,6,-,-
14,白金１,（明治通り）×桜田通り,R4/11,高輪,D 三田,11恵比寿,12,4,-,-
14,白金１,（明治通り）×桜田通り,R4/11,高輪,D 三田,11恵比寿,13,4,-,-
14,白金１,（明治通り）×桜田通り,R4/11,高輪,D 三田,11恵比寿,14,1,-,-
14,白金１,（明治通り）×桜田通り,R4/11,高輪,D 三田,11恵比寿,15,2,-,-
14,白金１,（明治通り）×桜田通り,R4/11,高輪,D 三田,11恵比寿,16,7,-,-
14,白金１,（明治通り）×桜田通り,R4/11,高輪,D 三田,11恵比寿,17,7,-,-
14,白金１,（明治通り）×桜田通り,R4/11,高輪,D 三田,11恵比寿,18,15,-,-
14,白金１,（明治通り）×桜田通り,R4/11,高輪,D 三田,11恵比寿,12時間計,56,-,-
14,白金１,（明治通り）×桜田通り,R4/11,高輪,D 三田,12古川橋,7,0,-,-
14,白金１,（明治通り）×桜田通り,R4/11,高輪,D 三田,12古川橋,8,0,-,-
14,白金１,（明治通り）×桜田通り,R4/11,高輪,D 三田,12古川橋,9,0,-,-
14,白金１,（明治通り）×桜田通り,R4/11,高輪,D 三田,12古川橋,10,0,-,-
14,白金１,（明治通り）×桜田通り,R4/11,高輪,D 三田,12古川橋,11,0,-,-
14,白金１,（明治通り）×桜田通り,R4/11,高輪,D 三田,12古川橋,12,0,-,-
14,白金１,（明治通り）×桜田通り,R4/11,高輪,D 三田,12古川橋,13,0,-,-
14,白金１,（明治通り）×桜田通り,R4/11,高輪,D 三田,12古川橋,14,1,-,-
14,白金１,（明治通り）×桜田通り,R4/11,高輪,D 三田,12古川橋,15,0,-,-
14,白金１,（明治通り）×桜田通り,R4/11,高輪,D 三田,12古川橋,16,0,-,-
14,白金１,（明治通り）×桜田通り,R4/11,高輪,D 三田,12古川橋,17,1,-,-
14,白金１,（明治通り）×桜田通り,R4/11,高輪,D 三田,12古川橋,18,0,-,-
14,白金１,（明治通り）×桜田通り,R4/11,高輪,D 三田,12古川橋,12時間計,2,-,-
14,白金１,（明治通り）×桜田通り,R4/11,高輪,D 三田,流入計,7,10,23,33
14,白金１,（明治通り）×桜田通り,R4/11,高輪,D 三田,流入計,8,13,30,43
14,白金１,（明治通り）×桜田通り,R4/11,高輪,D 三田,流入計,9,15,32,47
14,白金１,（明治通り）×桜田通り,R4/11,高輪,D 三田,流入計,10,12,26,38
14,白金１,（明治通り）×桜田通り,R4/11,高輪,D 三田,流入計,11,9,48,57
14,白金１,（明治通り）×桜田通り,R4/11,高輪,D 三田,流入計,12,23,41,64
14,白金１,（明治通り）×桜田通り,R4/11,高輪,D 三田,流入計,13,14,29,43
14,白金１,（明治通り）×桜田通り,R4/11,高輪,D 三田,流入計,14,21,42,63
14,白金１,（明治通り）×桜田通り,R4/11,高輪,D 三田,流入計,15,26,44,70
14,白金１,（明治通り）×桜田通り,R4/11,高輪,D 三田,流入計,16,34,54,88
14,白金１,（明治通り）×桜田通り,R4/11,高輪,D 三田,流入計,17,44,44,88
14,白金１,（明治通り）×桜田通り,R4/11,高輪,D 三田,流入計,18,64,61,125
14,白金１,（明治通り）×桜田通り,R4/11,高輪,D 三田,流入計,12時間計,285,474,759
14,白金１,（明治通り）×桜田通り,R4/11,高輪,全方向計,全方向計,7,90,115,205
14,白金１,（明治通り）×桜田通り,R4/11,高輪,全方向計,全方向計,8,133,201,334
14,白金１,（明治通り）×桜田通り,R4/11,高輪,全方向計,全方向計,9,108,208,316
14,白金１,（明治通り）×桜田通り,R4/11,高輪,全方向計,全方向計,10,85,158,243
14,白金１,（明治通り）×桜田通り,R4/11,高輪,全方向計,全方向計,11,71,145,216
14,白金１,（明治通り）×桜田通り,R4/11,高輪,全方向計,全方向計,12,90,164,254
14,白金１,（明治通り）×桜田通り,R4/11,高輪,全方向計,全方向計,13,66,139,205
14,白金１,（明治通り）×桜田通り,R4/11,高輪,全方向計,全方向計,14,68,186,254
14,白金１,（明治通り）×桜田通り,R4/11,高輪,全方向計,全方向計,15,75,190,265
14,白金１,（明治通り）×桜田通り,R4/11,高輪,全方向計,全方向計,16,102,253,355
14,白金１,（明治通り）×桜田通り,R4/11,高輪,全方向計,全方向計,17,109,211,320
14,白金１,（明治通り）×桜田通り,R4/11,高輪,全方向計,全方向計,18,149,202,351
14,白金１,（明治通り）×桜田通り,R4/11,高輪,全方向計,全方向計,12時間計,1146,2172,3318
