﻿地点番号,地点名,交差道路名,調査年月,管轄警察署,流出方向,時間帯等,大型乗用,大型貨物,普通乗用,普通貨物,四輪計,二輪車
330,寿町３,府中街道×甲州街道,R4/10,府中,A 国分寺,7,14,3,308,97,422,18
330,寿町３,府中街道×甲州街道,R4/10,府中,A 国分寺,8,21,8,234,141,404,20
330,寿町３,府中街道×甲州街道,R4/10,府中,A 国分寺,9,28,8,234,131,401,12
330,寿町３,府中街道×甲州街道,R4/10,府中,A 国分寺,10,29,14,271,121,435,19
330,寿町３,府中街道×甲州街道,R4/10,府中,A 国分寺,11,16,12,202,137,367,18
330,寿町３,府中街道×甲州街道,R4/10,府中,A 国分寺,12,20,11,231,109,371,27
330,寿町３,府中街道×甲州街道,R4/10,府中,A 国分寺,13,25,15,245,115,400,32
330,寿町３,府中街道×甲州街道,R4/10,府中,A 国分寺,14,15,5,290,124,434,19
330,寿町３,府中街道×甲州街道,R4/10,府中,A 国分寺,15,19,7,217,151,394,22
330,寿町３,府中街道×甲州街道,R4/10,府中,A 国分寺,16,13,3,231,125,372,22
330,寿町３,府中街道×甲州街道,R4/10,府中,A 国分寺,17,23,5,239,119,386,35
330,寿町３,府中街道×甲州街道,R4/10,府中,A 国分寺,18,20,0,224,113,357,22
330,寿町３,府中街道×甲州街道,R4/10,府中,A 国分寺,12時間計,243,91,2926,1483,4743,266
330,寿町３,府中街道×甲州街道,R4/10,府中,B 八王子,7,14,22,589,242,867,36
330,寿町３,府中街道×甲州街道,R4/10,府中,B 八王子,8,12,32,442,278,764,44
330,寿町３,府中街道×甲州街道,R4/10,府中,B 八王子,9,10,24,425,289,748,33
330,寿町３,府中街道×甲州街道,R4/10,府中,B 八王子,10,10,23,418,276,727,25
330,寿町３,府中街道×甲州街道,R4/10,府中,B 八王子,11,9,17,443,274,743,27
330,寿町３,府中街道×甲州街道,R4/10,府中,B 八王子,12,8,20,485,271,784,45
330,寿町３,府中街道×甲州街道,R4/10,府中,B 八王子,13,7,16,497,265,785,38
330,寿町３,府中街道×甲州街道,R4/10,府中,B 八王子,14,8,26,480,250,764,23
330,寿町３,府中街道×甲州街道,R4/10,府中,B 八王子,15,12,21,475,249,757,32
330,寿町３,府中街道×甲州街道,R4/10,府中,B 八王子,16,9,16,512,303,840,30
330,寿町３,府中街道×甲州街道,R4/10,府中,B 八王子,17,10,12,554,264,840,53
330,寿町３,府中街道×甲州街道,R4/10,府中,B 八王子,18,11,6,530,268,815,47
330,寿町３,府中街道×甲州街道,R4/10,府中,B 八王子,12時間計,120,235,5850,3229,9434,433
330,寿町３,府中街道×甲州街道,R4/10,府中,C 川崎,7,7,18,173,123,321,23
330,寿町３,府中街道×甲州街道,R4/10,府中,C 川崎,8,1,25,174,128,328,17
330,寿町３,府中街道×甲州街道,R4/10,府中,C 川崎,9,3,18,242,115,378,18
330,寿町３,府中街道×甲州街道,R4/10,府中,C 川崎,10,1,25,192,117,335,14
330,寿町３,府中街道×甲州街道,R4/10,府中,C 川崎,11,2,24,213,107,346,19
330,寿町３,府中街道×甲州街道,R4/10,府中,C 川崎,12,0,16,232,104,352,21
330,寿町３,府中街道×甲州街道,R4/10,府中,C 川崎,13,0,22,263,95,380,17
330,寿町３,府中街道×甲州街道,R4/10,府中,C 川崎,14,3,22,251,82,358,23
330,寿町３,府中街道×甲州街道,R4/10,府中,C 川崎,15,2,16,262,108,388,16
330,寿町３,府中街道×甲州街道,R4/10,府中,C 川崎,16,2,14,229,115,360,16
330,寿町３,府中街道×甲州街道,R4/10,府中,C 川崎,17,5,8,286,84,383,18
330,寿町３,府中街道×甲州街道,R4/10,府中,C 川崎,18,0,5,270,55,330,33
330,寿町３,府中街道×甲州街道,R4/10,府中,C 川崎,12時間計,26,213,2787,1233,4259,235
330,寿町３,府中街道×甲州街道,R4/10,府中,D 新宿,7,11,30,530,477,1048,62
330,寿町３,府中街道×甲州街道,R4/10,府中,D 新宿,8,14,34,546,275,869,34
330,寿町３,府中街道×甲州街道,R4/10,府中,D 新宿,9,15,37,458,306,816,29
330,寿町３,府中街道×甲州街道,R4/10,府中,D 新宿,10,9,36,491,342,878,29
330,寿町３,府中街道×甲州街道,R4/10,府中,D 新宿,11,12,37,559,275,883,36
330,寿町３,府中街道×甲州街道,R4/10,府中,D 新宿,12,10,47,561,237,855,43
330,寿町３,府中街道×甲州街道,R4/10,府中,D 新宿,13,12,26,492,284,814,49
330,寿町３,府中街道×甲州街道,R4/10,府中,D 新宿,14,10,24,529,309,872,49
330,寿町３,府中街道×甲州街道,R4/10,府中,D 新宿,15,13,24,614,214,865,55
330,寿町３,府中街道×甲州街道,R4/10,府中,D 新宿,16,12,12,686,236,946,34
330,寿町３,府中街道×甲州街道,R4/10,府中,D 新宿,17,11,7,609,216,843,65
330,寿町３,府中街道×甲州街道,R4/10,府中,D 新宿,18,10,7,536,153,706,71
330,寿町３,府中街道×甲州街道,R4/10,府中,D 新宿,12時間計,139,321,6611,3324,10395,556
330,寿町３,府中街道×甲州街道,R4/10,府中,全方向合計,7,46,73,1600,939,2658,139
330,寿町３,府中街道×甲州街道,R4/10,府中,全方向合計,8,48,99,1396,822,2365,115
330,寿町３,府中街道×甲州街道,R4/10,府中,全方向合計,9,56,87,1359,841,2343,92
330,寿町３,府中街道×甲州街道,R4/10,府中,全方向合計,10,49,98,1372,856,2375,87
330,寿町３,府中街道×甲州街道,R4/10,府中,全方向合計,11,39,90,1417,793,2339,100
330,寿町３,府中街道×甲州街道,R4/10,府中,全方向合計,12,38,94,1509,721,2362,136
330,寿町３,府中街道×甲州街道,R4/10,府中,全方向合計,13,44,79,1497,759,2379,136
330,寿町３,府中街道×甲州街道,R4/10,府中,全方向合計,14,36,77,1550,765,2428,114
330,寿町３,府中街道×甲州街道,R4/10,府中,全方向合計,15,46,68,1568,722,2404,125
330,寿町３,府中街道×甲州街道,R4/10,府中,全方向合計,16,36,45,1658,779,2518,102
330,寿町３,府中街道×甲州街道,R4/10,府中,全方向合計,17,49,32,1688,683,2452,171
330,寿町３,府中街道×甲州街道,R4/10,府中,全方向合計,18,41,18,1560,589,2208,173
330,寿町３,府中街道×甲州街道,R4/10,府中,全方向合計,12時間計,528,860,18174,9269,28831,1490
