﻿地点番号,地点名,交差道路名,調査年月,管轄警察署,流入方向,流出方向,時間帯等,車道通行自転車,歩道通行自転車,自転車計
330,寿町３,府中街道×甲州街道,R4/10,府中,A 国分寺,1新宿,7,2,-,-
330,寿町３,府中街道×甲州街道,R4/10,府中,A 国分寺,1新宿,8,0,-,-
330,寿町３,府中街道×甲州街道,R4/10,府中,A 国分寺,1新宿,9,1,-,-
330,寿町３,府中街道×甲州街道,R4/10,府中,A 国分寺,1新宿,10,1,-,-
330,寿町３,府中街道×甲州街道,R4/10,府中,A 国分寺,1新宿,11,0,-,-
330,寿町３,府中街道×甲州街道,R4/10,府中,A 国分寺,1新宿,12,0,-,-
330,寿町３,府中街道×甲州街道,R4/10,府中,A 国分寺,1新宿,13,0,-,-
330,寿町３,府中街道×甲州街道,R4/10,府中,A 国分寺,1新宿,14,0,-,-
330,寿町３,府中街道×甲州街道,R4/10,府中,A 国分寺,1新宿,15,1,-,-
330,寿町３,府中街道×甲州街道,R4/10,府中,A 国分寺,1新宿,16,2,-,-
330,寿町３,府中街道×甲州街道,R4/10,府中,A 国分寺,1新宿,17,0,-,-
330,寿町３,府中街道×甲州街道,R4/10,府中,A 国分寺,1新宿,18,0,-,-
330,寿町３,府中街道×甲州街道,R4/10,府中,A 国分寺,1新宿,12時間計,7,-,-
330,寿町３,府中街道×甲州街道,R4/10,府中,A 国分寺,2川崎,7,2,-,-
330,寿町３,府中街道×甲州街道,R4/10,府中,A 国分寺,2川崎,8,3,-,-
330,寿町３,府中街道×甲州街道,R4/10,府中,A 国分寺,2川崎,9,2,-,-
330,寿町３,府中街道×甲州街道,R4/10,府中,A 国分寺,2川崎,10,3,-,-
330,寿町３,府中街道×甲州街道,R4/10,府中,A 国分寺,2川崎,11,2,-,-
330,寿町３,府中街道×甲州街道,R4/10,府中,A 国分寺,2川崎,12,3,-,-
330,寿町３,府中街道×甲州街道,R4/10,府中,A 国分寺,2川崎,13,0,-,-
330,寿町３,府中街道×甲州街道,R4/10,府中,A 国分寺,2川崎,14,0,-,-
330,寿町３,府中街道×甲州街道,R4/10,府中,A 国分寺,2川崎,15,0,-,-
330,寿町３,府中街道×甲州街道,R4/10,府中,A 国分寺,2川崎,16,4,-,-
330,寿町３,府中街道×甲州街道,R4/10,府中,A 国分寺,2川崎,17,10,-,-
330,寿町３,府中街道×甲州街道,R4/10,府中,A 国分寺,2川崎,18,6,-,-
330,寿町３,府中街道×甲州街道,R4/10,府中,A 国分寺,2川崎,12時間計,35,-,-
330,寿町３,府中街道×甲州街道,R4/10,府中,A 国分寺,3八王子,7,0,-,-
330,寿町３,府中街道×甲州街道,R4/10,府中,A 国分寺,3八王子,8,0,-,-
330,寿町３,府中街道×甲州街道,R4/10,府中,A 国分寺,3八王子,9,0,-,-
330,寿町３,府中街道×甲州街道,R4/10,府中,A 国分寺,3八王子,10,0,-,-
330,寿町３,府中街道×甲州街道,R4/10,府中,A 国分寺,3八王子,11,0,-,-
330,寿町３,府中街道×甲州街道,R4/10,府中,A 国分寺,3八王子,12,0,-,-
330,寿町３,府中街道×甲州街道,R4/10,府中,A 国分寺,3八王子,13,0,-,-
330,寿町３,府中街道×甲州街道,R4/10,府中,A 国分寺,3八王子,14,0,-,-
330,寿町３,府中街道×甲州街道,R4/10,府中,A 国分寺,3八王子,15,0,-,-
330,寿町３,府中街道×甲州街道,R4/10,府中,A 国分寺,3八王子,16,0,-,-
330,寿町３,府中街道×甲州街道,R4/10,府中,A 国分寺,3八王子,17,0,-,-
330,寿町３,府中街道×甲州街道,R4/10,府中,A 国分寺,3八王子,18,0,-,-
330,寿町３,府中街道×甲州街道,R4/10,府中,A 国分寺,3八王子,12時間計,0,-,-
330,寿町３,府中街道×甲州街道,R4/10,府中,A 国分寺,流入計,7,4,23,27
330,寿町３,府中街道×甲州街道,R4/10,府中,A 国分寺,流入計,8,3,66,69
330,寿町３,府中街道×甲州街道,R4/10,府中,A 国分寺,流入計,9,3,32,35
330,寿町３,府中街道×甲州街道,R4/10,府中,A 国分寺,流入計,10,4,37,41
330,寿町３,府中街道×甲州街道,R4/10,府中,A 国分寺,流入計,11,2,43,45
330,寿町３,府中街道×甲州街道,R4/10,府中,A 国分寺,流入計,12,3,69,72
330,寿町３,府中街道×甲州街道,R4/10,府中,A 国分寺,流入計,13,0,40,40
330,寿町３,府中街道×甲州街道,R4/10,府中,A 国分寺,流入計,14,0,39,39
330,寿町３,府中街道×甲州街道,R4/10,府中,A 国分寺,流入計,15,1,41,42
330,寿町３,府中街道×甲州街道,R4/10,府中,A 国分寺,流入計,16,6,59,65
330,寿町３,府中街道×甲州街道,R4/10,府中,A 国分寺,流入計,17,10,74,84
330,寿町３,府中街道×甲州街道,R4/10,府中,A 国分寺,流入計,18,6,64,70
330,寿町３,府中街道×甲州街道,R4/10,府中,A 国分寺,流入計,12時間計,42,587,629
330,寿町３,府中街道×甲州街道,R4/10,府中,B 八王子,4国分寺,7,0,-,-
330,寿町３,府中街道×甲州街道,R4/10,府中,B 八王子,4国分寺,8,3,-,-
330,寿町３,府中街道×甲州街道,R4/10,府中,B 八王子,4国分寺,9,1,-,-
330,寿町３,府中街道×甲州街道,R4/10,府中,B 八王子,4国分寺,10,0,-,-
330,寿町３,府中街道×甲州街道,R4/10,府中,B 八王子,4国分寺,11,0,-,-
330,寿町３,府中街道×甲州街道,R4/10,府中,B 八王子,4国分寺,12,0,-,-
330,寿町３,府中街道×甲州街道,R4/10,府中,B 八王子,4国分寺,13,0,-,-
330,寿町３,府中街道×甲州街道,R4/10,府中,B 八王子,4国分寺,14,0,-,-
330,寿町３,府中街道×甲州街道,R4/10,府中,B 八王子,4国分寺,15,0,-,-
330,寿町３,府中街道×甲州街道,R4/10,府中,B 八王子,4国分寺,16,0,-,-
330,寿町３,府中街道×甲州街道,R4/10,府中,B 八王子,4国分寺,17,0,-,-
330,寿町３,府中街道×甲州街道,R4/10,府中,B 八王子,4国分寺,18,0,-,-
330,寿町３,府中街道×甲州街道,R4/10,府中,B 八王子,4国分寺,12時間計,4,-,-
330,寿町３,府中街道×甲州街道,R4/10,府中,B 八王子,5新宿,7,5,-,-
330,寿町３,府中街道×甲州街道,R4/10,府中,B 八王子,5新宿,8,1,-,-
330,寿町３,府中街道×甲州街道,R4/10,府中,B 八王子,5新宿,9,2,-,-
330,寿町３,府中街道×甲州街道,R4/10,府中,B 八王子,5新宿,10,0,-,-
330,寿町３,府中街道×甲州街道,R4/10,府中,B 八王子,5新宿,11,0,-,-
330,寿町３,府中街道×甲州街道,R4/10,府中,B 八王子,5新宿,12,8,-,-
330,寿町３,府中街道×甲州街道,R4/10,府中,B 八王子,5新宿,13,2,-,-
330,寿町３,府中街道×甲州街道,R4/10,府中,B 八王子,5新宿,14,1,-,-
330,寿町３,府中街道×甲州街道,R4/10,府中,B 八王子,5新宿,15,3,-,-
330,寿町３,府中街道×甲州街道,R4/10,府中,B 八王子,5新宿,16,0,-,-
330,寿町３,府中街道×甲州街道,R4/10,府中,B 八王子,5新宿,17,9,-,-
330,寿町３,府中街道×甲州街道,R4/10,府中,B 八王子,5新宿,18,11,-,-
330,寿町３,府中街道×甲州街道,R4/10,府中,B 八王子,5新宿,12時間計,42,-,-
330,寿町３,府中街道×甲州街道,R4/10,府中,B 八王子,6川崎,7,0,-,-
330,寿町３,府中街道×甲州街道,R4/10,府中,B 八王子,6川崎,8,0,-,-
330,寿町３,府中街道×甲州街道,R4/10,府中,B 八王子,6川崎,9,1,-,-
330,寿町３,府中街道×甲州街道,R4/10,府中,B 八王子,6川崎,10,0,-,-
330,寿町３,府中街道×甲州街道,R4/10,府中,B 八王子,6川崎,11,0,-,-
330,寿町３,府中街道×甲州街道,R4/10,府中,B 八王子,6川崎,12,0,-,-
330,寿町３,府中街道×甲州街道,R4/10,府中,B 八王子,6川崎,13,0,-,-
330,寿町３,府中街道×甲州街道,R4/10,府中,B 八王子,6川崎,14,0,-,-
330,寿町３,府中街道×甲州街道,R4/10,府中,B 八王子,6川崎,15,0,-,-
330,寿町３,府中街道×甲州街道,R4/10,府中,B 八王子,6川崎,16,0,-,-
330,寿町３,府中街道×甲州街道,R4/10,府中,B 八王子,6川崎,17,0,-,-
330,寿町３,府中街道×甲州街道,R4/10,府中,B 八王子,6川崎,18,0,-,-
330,寿町３,府中街道×甲州街道,R4/10,府中,B 八王子,6川崎,12時間計,1,-,-
330,寿町３,府中街道×甲州街道,R4/10,府中,B 八王子,流入計,7,5,51,56
330,寿町３,府中街道×甲州街道,R4/10,府中,B 八王子,流入計,8,4,124,128
330,寿町３,府中街道×甲州街道,R4/10,府中,B 八王子,流入計,9,4,94,98
330,寿町３,府中街道×甲州街道,R4/10,府中,B 八王子,流入計,10,0,77,77
330,寿町３,府中街道×甲州街道,R4/10,府中,B 八王子,流入計,11,0,85,85
330,寿町３,府中街道×甲州街道,R4/10,府中,B 八王子,流入計,12,8,76,84
330,寿町３,府中街道×甲州街道,R4/10,府中,B 八王子,流入計,13,2,74,76
330,寿町３,府中街道×甲州街道,R4/10,府中,B 八王子,流入計,14,1,69,70
330,寿町３,府中街道×甲州街道,R4/10,府中,B 八王子,流入計,15,3,80,83
330,寿町３,府中街道×甲州街道,R4/10,府中,B 八王子,流入計,16,0,98,98
330,寿町３,府中街道×甲州街道,R4/10,府中,B 八王子,流入計,17,9,123,132
330,寿町３,府中街道×甲州街道,R4/10,府中,B 八王子,流入計,18,11,105,116
330,寿町３,府中街道×甲州街道,R4/10,府中,B 八王子,流入計,12時間計,47,1056,1103
330,寿町３,府中街道×甲州街道,R4/10,府中,C 川崎,7八王子,7,5,-,-
330,寿町３,府中街道×甲州街道,R4/10,府中,C 川崎,7八王子,8,1,-,-
330,寿町３,府中街道×甲州街道,R4/10,府中,C 川崎,7八王子,9,2,-,-
330,寿町３,府中街道×甲州街道,R4/10,府中,C 川崎,7八王子,10,0,-,-
330,寿町３,府中街道×甲州街道,R4/10,府中,C 川崎,7八王子,11,0,-,-
330,寿町３,府中街道×甲州街道,R4/10,府中,C 川崎,7八王子,12,0,-,-
330,寿町３,府中街道×甲州街道,R4/10,府中,C 川崎,7八王子,13,0,-,-
330,寿町３,府中街道×甲州街道,R4/10,府中,C 川崎,7八王子,14,0,-,-
330,寿町３,府中街道×甲州街道,R4/10,府中,C 川崎,7八王子,15,0,-,-
330,寿町３,府中街道×甲州街道,R4/10,府中,C 川崎,7八王子,16,0,-,-
330,寿町３,府中街道×甲州街道,R4/10,府中,C 川崎,7八王子,17,0,-,-
330,寿町３,府中街道×甲州街道,R4/10,府中,C 川崎,7八王子,18,0,-,-
330,寿町３,府中街道×甲州街道,R4/10,府中,C 川崎,7八王子,12時間計,8,-,-
330,寿町３,府中街道×甲州街道,R4/10,府中,C 川崎,8国分寺,7,49,-,-
330,寿町３,府中街道×甲州街道,R4/10,府中,C 川崎,8国分寺,8,72,-,-
330,寿町３,府中街道×甲州街道,R4/10,府中,C 川崎,8国分寺,9,11,-,-
330,寿町３,府中街道×甲州街道,R4/10,府中,C 川崎,8国分寺,10,16,-,-
330,寿町３,府中街道×甲州街道,R4/10,府中,C 川崎,8国分寺,11,9,-,-
330,寿町３,府中街道×甲州街道,R4/10,府中,C 川崎,8国分寺,12,11,-,-
330,寿町３,府中街道×甲州街道,R4/10,府中,C 川崎,8国分寺,13,7,-,-
330,寿町３,府中街道×甲州街道,R4/10,府中,C 川崎,8国分寺,14,14,-,-
330,寿町３,府中街道×甲州街道,R4/10,府中,C 川崎,8国分寺,15,11,-,-
330,寿町３,府中街道×甲州街道,R4/10,府中,C 川崎,8国分寺,16,10,-,-
330,寿町３,府中街道×甲州街道,R4/10,府中,C 川崎,8国分寺,17,43,-,-
330,寿町３,府中街道×甲州街道,R4/10,府中,C 川崎,8国分寺,18,21,-,-
330,寿町３,府中街道×甲州街道,R4/10,府中,C 川崎,8国分寺,12時間計,274,-,-
330,寿町３,府中街道×甲州街道,R4/10,府中,C 川崎,9新宿,7,0,-,-
330,寿町３,府中街道×甲州街道,R4/10,府中,C 川崎,9新宿,8,0,-,-
330,寿町３,府中街道×甲州街道,R4/10,府中,C 川崎,9新宿,9,1,-,-
330,寿町３,府中街道×甲州街道,R4/10,府中,C 川崎,9新宿,10,3,-,-
330,寿町３,府中街道×甲州街道,R4/10,府中,C 川崎,9新宿,11,1,-,-
330,寿町３,府中街道×甲州街道,R4/10,府中,C 川崎,9新宿,12,0,-,-
330,寿町３,府中街道×甲州街道,R4/10,府中,C 川崎,9新宿,13,1,-,-
330,寿町３,府中街道×甲州街道,R4/10,府中,C 川崎,9新宿,14,0,-,-
330,寿町３,府中街道×甲州街道,R4/10,府中,C 川崎,9新宿,15,0,-,-
330,寿町３,府中街道×甲州街道,R4/10,府中,C 川崎,9新宿,16,1,-,-
330,寿町３,府中街道×甲州街道,R4/10,府中,C 川崎,9新宿,17,1,-,-
330,寿町３,府中街道×甲州街道,R4/10,府中,C 川崎,9新宿,18,0,-,-
330,寿町３,府中街道×甲州街道,R4/10,府中,C 川崎,9新宿,12時間計,8,-,-
330,寿町３,府中街道×甲州街道,R4/10,府中,C 川崎,流入計,7,54,84,138
330,寿町３,府中街道×甲州街道,R4/10,府中,C 川崎,流入計,8,73,190,263
330,寿町３,府中街道×甲州街道,R4/10,府中,C 川崎,流入計,9,14,111,125
330,寿町３,府中街道×甲州街道,R4/10,府中,C 川崎,流入計,10,19,87,106
330,寿町３,府中街道×甲州街道,R4/10,府中,C 川崎,流入計,11,10,122,132
330,寿町３,府中街道×甲州街道,R4/10,府中,C 川崎,流入計,12,11,125,136
330,寿町３,府中街道×甲州街道,R4/10,府中,C 川崎,流入計,13,8,105,113
330,寿町３,府中街道×甲州街道,R4/10,府中,C 川崎,流入計,14,14,92,106
330,寿町３,府中街道×甲州街道,R4/10,府中,C 川崎,流入計,15,11,131,142
330,寿町３,府中街道×甲州街道,R4/10,府中,C 川崎,流入計,16,11,161,172
330,寿町３,府中街道×甲州街道,R4/10,府中,C 川崎,流入計,17,44,101,145
330,寿町３,府中街道×甲州街道,R4/10,府中,C 川崎,流入計,18,21,124,145
330,寿町３,府中街道×甲州街道,R4/10,府中,C 川崎,流入計,12時間計,290,1433,1723
330,寿町３,府中街道×甲州街道,R4/10,府中,D 新宿,10川崎,7,0,-,-
330,寿町３,府中街道×甲州街道,R4/10,府中,D 新宿,10川崎,8,0,-,-
330,寿町３,府中街道×甲州街道,R4/10,府中,D 新宿,10川崎,9,0,-,-
330,寿町３,府中街道×甲州街道,R4/10,府中,D 新宿,10川崎,10,0,-,-
330,寿町３,府中街道×甲州街道,R4/10,府中,D 新宿,10川崎,11,0,-,-
330,寿町３,府中街道×甲州街道,R4/10,府中,D 新宿,10川崎,12,0,-,-
330,寿町３,府中街道×甲州街道,R4/10,府中,D 新宿,10川崎,13,0,-,-
330,寿町３,府中街道×甲州街道,R4/10,府中,D 新宿,10川崎,14,0,-,-
330,寿町３,府中街道×甲州街道,R4/10,府中,D 新宿,10川崎,15,0,-,-
330,寿町３,府中街道×甲州街道,R4/10,府中,D 新宿,10川崎,16,0,-,-
330,寿町３,府中街道×甲州街道,R4/10,府中,D 新宿,10川崎,17,0,-,-
330,寿町３,府中街道×甲州街道,R4/10,府中,D 新宿,10川崎,18,0,-,-
330,寿町３,府中街道×甲州街道,R4/10,府中,D 新宿,10川崎,12時間計,0,-,-
330,寿町３,府中街道×甲州街道,R4/10,府中,D 新宿,11八王子,7,4,-,-
330,寿町３,府中街道×甲州街道,R4/10,府中,D 新宿,11八王子,8,6,-,-
330,寿町３,府中街道×甲州街道,R4/10,府中,D 新宿,11八王子,9,19,-,-
330,寿町３,府中街道×甲州街道,R4/10,府中,D 新宿,11八王子,10,13,-,-
330,寿町３,府中街道×甲州街道,R4/10,府中,D 新宿,11八王子,11,21,-,-
330,寿町３,府中街道×甲州街道,R4/10,府中,D 新宿,11八王子,12,2,-,-
330,寿町３,府中街道×甲州街道,R4/10,府中,D 新宿,11八王子,13,6,-,-
330,寿町３,府中街道×甲州街道,R4/10,府中,D 新宿,11八王子,14,7,-,-
330,寿町３,府中街道×甲州街道,R4/10,府中,D 新宿,11八王子,15,2,-,-
330,寿町３,府中街道×甲州街道,R4/10,府中,D 新宿,11八王子,16,9,-,-
330,寿町３,府中街道×甲州街道,R4/10,府中,D 新宿,11八王子,17,9,-,-
330,寿町３,府中街道×甲州街道,R4/10,府中,D 新宿,11八王子,18,5,-,-
330,寿町３,府中街道×甲州街道,R4/10,府中,D 新宿,11八王子,12時間計,103,-,-
330,寿町３,府中街道×甲州街道,R4/10,府中,D 新宿,12国分寺,7,2,-,-
330,寿町３,府中街道×甲州街道,R4/10,府中,D 新宿,12国分寺,8,2,-,-
330,寿町３,府中街道×甲州街道,R4/10,府中,D 新宿,12国分寺,9,0,-,-
330,寿町３,府中街道×甲州街道,R4/10,府中,D 新宿,12国分寺,10,3,-,-
330,寿町３,府中街道×甲州街道,R4/10,府中,D 新宿,12国分寺,11,2,-,-
330,寿町３,府中街道×甲州街道,R4/10,府中,D 新宿,12国分寺,12,0,-,-
330,寿町３,府中街道×甲州街道,R4/10,府中,D 新宿,12国分寺,13,0,-,-
330,寿町３,府中街道×甲州街道,R4/10,府中,D 新宿,12国分寺,14,0,-,-
330,寿町３,府中街道×甲州街道,R4/10,府中,D 新宿,12国分寺,15,0,-,-
330,寿町３,府中街道×甲州街道,R4/10,府中,D 新宿,12国分寺,16,0,-,-
330,寿町３,府中街道×甲州街道,R4/10,府中,D 新宿,12国分寺,17,1,-,-
330,寿町３,府中街道×甲州街道,R4/10,府中,D 新宿,12国分寺,18,2,-,-
330,寿町３,府中街道×甲州街道,R4/10,府中,D 新宿,12国分寺,12時間計,12,-,-
330,寿町３,府中街道×甲州街道,R4/10,府中,D 新宿,流入計,7,6,54,60
330,寿町３,府中街道×甲州街道,R4/10,府中,D 新宿,流入計,8,8,43,51
330,寿町３,府中街道×甲州街道,R4/10,府中,D 新宿,流入計,9,19,66,85
330,寿町３,府中街道×甲州街道,R4/10,府中,D 新宿,流入計,10,16,62,78
330,寿町３,府中街道×甲州街道,R4/10,府中,D 新宿,流入計,11,23,140,163
330,寿町３,府中街道×甲州街道,R4/10,府中,D 新宿,流入計,12,2,170,172
330,寿町３,府中街道×甲州街道,R4/10,府中,D 新宿,流入計,13,6,53,59
330,寿町３,府中街道×甲州街道,R4/10,府中,D 新宿,流入計,14,7,58,65
330,寿町３,府中街道×甲州街道,R4/10,府中,D 新宿,流入計,15,2,63,65
330,寿町３,府中街道×甲州街道,R4/10,府中,D 新宿,流入計,16,9,137,146
330,寿町３,府中街道×甲州街道,R4/10,府中,D 新宿,流入計,17,10,74,84
330,寿町３,府中街道×甲州街道,R4/10,府中,D 新宿,流入計,18,7,81,88
330,寿町３,府中街道×甲州街道,R4/10,府中,D 新宿,流入計,12時間計,115,1001,1116
330,寿町３,府中街道×甲州街道,R4/10,府中,全方向計,全方向計,7,69,212,281
330,寿町３,府中街道×甲州街道,R4/10,府中,全方向計,全方向計,8,88,423,511
330,寿町３,府中街道×甲州街道,R4/10,府中,全方向計,全方向計,9,40,303,343
330,寿町３,府中街道×甲州街道,R4/10,府中,全方向計,全方向計,10,39,263,302
330,寿町３,府中街道×甲州街道,R4/10,府中,全方向計,全方向計,11,35,390,425
330,寿町３,府中街道×甲州街道,R4/10,府中,全方向計,全方向計,12,24,440,464
330,寿町３,府中街道×甲州街道,R4/10,府中,全方向計,全方向計,13,16,272,288
330,寿町３,府中街道×甲州街道,R4/10,府中,全方向計,全方向計,14,22,258,280
330,寿町３,府中街道×甲州街道,R4/10,府中,全方向計,全方向計,15,17,315,332
330,寿町３,府中街道×甲州街道,R4/10,府中,全方向計,全方向計,16,26,455,481
330,寿町３,府中街道×甲州街道,R4/10,府中,全方向計,全方向計,17,73,372,445
330,寿町３,府中街道×甲州街道,R4/10,府中,全方向計,全方向計,18,45,374,419
330,寿町３,府中街道×甲州街道,R4/10,府中,全方向計,全方向計,12時間計,494,4077,4571
