﻿地点番号,地点名,交差道路名,調査年月,管轄警察署,流出方向,時間帯等,大型乗用,大型貨物,普通乗用,普通貨物,四輪計,二輪車
 72-1,北原,所沢街道×新青梅街道,R4/10,田無,A 秋津,7,10,5,244,130,389,16
 72-1,北原,所沢街道×新青梅街道,R4/10,田無,A 秋津,8,8,8,230,124,370,9
 72-1,北原,所沢街道×新青梅街道,R4/10,田無,A 秋津,9,6,16,220,119,361,12
 72-1,北原,所沢街道×新青梅街道,R4/10,田無,A 秋津,10,6,20,185,130,341,13
 72-1,北原,所沢街道×新青梅街道,R4/10,田無,A 秋津,11,7,8,241,150,406,12
 72-1,北原,所沢街道×新青梅街道,R4/10,田無,A 秋津,12,5,9,201,139,354,10
 72-1,北原,所沢街道×新青梅街道,R4/10,田無,A 秋津,13,4,6,242,146,398,19
 72-1,北原,所沢街道×新青梅街道,R4/10,田無,A 秋津,14,5,10,209,155,379,13
 72-1,北原,所沢街道×新青梅街道,R4/10,田無,A 秋津,15,8,17,234,153,412,16
 72-1,北原,所沢街道×新青梅街道,R4/10,田無,A 秋津,16,5,13,246,157,421,17
 72-1,北原,所沢街道×新青梅街道,R4/10,田無,A 秋津,17,6,2,241,188,437,19
 72-1,北原,所沢街道×新青梅街道,R4/10,田無,A 秋津,18,4,1,331,146,482,26
 72-1,北原,所沢街道×新青梅街道,R4/10,田無,A 秋津,12時間計,74,115,2824,1737,4750,182
 72-1,北原,所沢街道×新青梅街道,R4/10,田無,B 野口橋,7,9,27,691,391,1118,64
 72-1,北原,所沢街道×新青梅街道,R4/10,田無,B 野口橋,8,14,18,702,350,1084,51
 72-1,北原,所沢街道×新青梅街道,R4/10,田無,B 野口橋,9,15,24,662,374,1075,49
 72-1,北原,所沢街道×新青梅街道,R4/10,田無,B 野口橋,10,8,29,696,389,1122,58
 72-1,北原,所沢街道×新青梅街道,R4/10,田無,B 野口橋,11,6,19,802,412,1239,45
 72-1,北原,所沢街道×新青梅街道,R4/10,田無,B 野口橋,12,8,27,694,398,1127,64
 72-1,北原,所沢街道×新青梅街道,R4/10,田無,B 野口橋,13,7,25,624,344,1000,58
 72-1,北原,所沢街道×新青梅街道,R4/10,田無,B 野口橋,14,15,23,611,399,1048,45
 72-1,北原,所沢街道×新青梅街道,R4/10,田無,B 野口橋,15,11,27,724,416,1178,56
 72-1,北原,所沢街道×新青梅街道,R4/10,田無,B 野口橋,16,16,21,766,455,1258,93
 72-1,北原,所沢街道×新青梅街道,R4/10,田無,B 野口橋,17,9,19,834,511,1373,91
 72-1,北原,所沢街道×新青梅街道,R4/10,田無,B 野口橋,18,8,15,834,515,1372,80
 72-1,北原,所沢街道×新青梅街道,R4/10,田無,B 野口橋,12時間計,126,274,8640,4954,13994,754
 72-1,北原,所沢街道×新青梅街道,R4/10,田無,C 荻窪,7,9,10,500,617,1136,54
 72-1,北原,所沢街道×新青梅街道,R4/10,田無,C 荻窪,8,3,22,545,373,943,42
 72-1,北原,所沢街道×新青梅街道,R4/10,田無,C 荻窪,9,2,13,514,329,858,40
 72-1,北原,所沢街道×新青梅街道,R4/10,田無,C 荻窪,10,0,39,440,284,763,27
 72-1,北原,所沢街道×新青梅街道,R4/10,田無,C 荻窪,11,1,33,495,240,769,34
 72-1,北原,所沢街道×新青梅街道,R4/10,田無,C 荻窪,12,5,31,509,237,782,41
 72-1,北原,所沢街道×新青梅街道,R4/10,田無,C 荻窪,13,3,23,487,228,741,22
 72-1,北原,所沢街道×新青梅街道,R4/10,田無,C 荻窪,14,5,17,526,249,797,37
 72-1,北原,所沢街道×新青梅街道,R4/10,田無,C 荻窪,15,3,18,603,257,881,35
 72-1,北原,所沢街道×新青梅街道,R4/10,田無,C 荻窪,16,4,11,586,228,829,33
 72-1,北原,所沢街道×新青梅街道,R4/10,田無,C 荻窪,17,3,14,638,227,882,46
 72-1,北原,所沢街道×新青梅街道,R4/10,田無,C 荻窪,18,4,10,663,184,861,27
 72-1,北原,所沢街道×新青梅街道,R4/10,田無,C 荻窪,12時間計,42,241,6506,3453,10242,438
 72-1,北原,所沢街道×新青梅街道,R4/10,田無,D 丸山陸橋,7,18,12,308,316,654,68
 72-1,北原,所沢街道×新青梅街道,R4/10,田無,D 丸山陸橋,8,17,12,312,225,566,30
 72-1,北原,所沢街道×新青梅街道,R4/10,田無,D 丸山陸橋,9,20,8,304,248,580,32
 72-1,北原,所沢街道×新青梅街道,R4/10,田無,D 丸山陸橋,10,16,15,307,206,544,39
 72-1,北原,所沢街道×新青梅街道,R4/10,田無,D 丸山陸橋,11,13,14,323,208,558,23
 72-1,北原,所沢街道×新青梅街道,R4/10,田無,D 丸山陸橋,12,13,12,323,178,526,21
 72-1,北原,所沢街道×新青梅街道,R4/10,田無,D 丸山陸橋,13,18,12,346,215,591,23
 72-1,北原,所沢街道×新青梅街道,R4/10,田無,D 丸山陸橋,14,13,9,355,194,571,39
 72-1,北原,所沢街道×新青梅街道,R4/10,田無,D 丸山陸橋,15,17,5,398,166,586,43
 72-1,北原,所沢街道×新青梅街道,R4/10,田無,D 丸山陸橋,16,16,2,362,212,592,34
 72-1,北原,所沢街道×新青梅街道,R4/10,田無,D 丸山陸橋,17,14,0,428,212,654,45
 72-1,北原,所沢街道×新青梅街道,R4/10,田無,D 丸山陸橋,18,14,0,466,148,628,45
 72-1,北原,所沢街道×新青梅街道,R4/10,田無,D 丸山陸橋,12時間計,189,101,4232,2528,7050,442
 72-1,北原,所沢街道×新青梅街道,R4/10,田無,全方向合計,7,46,54,1743,1454,3297,202
 72-1,北原,所沢街道×新青梅街道,R4/10,田無,全方向合計,8,42,60,1789,1072,2963,132
 72-1,北原,所沢街道×新青梅街道,R4/10,田無,全方向合計,9,43,61,1700,1070,2874,133
 72-1,北原,所沢街道×新青梅街道,R4/10,田無,全方向合計,10,30,103,1628,1009,2770,137
 72-1,北原,所沢街道×新青梅街道,R4/10,田無,全方向合計,11,27,74,1861,1010,2972,114
 72-1,北原,所沢街道×新青梅街道,R4/10,田無,全方向合計,12,31,79,1727,952,2789,136
 72-1,北原,所沢街道×新青梅街道,R4/10,田無,全方向合計,13,32,66,1699,933,2730,122
 72-1,北原,所沢街道×新青梅街道,R4/10,田無,全方向合計,14,38,59,1701,997,2795,134
 72-1,北原,所沢街道×新青梅街道,R4/10,田無,全方向合計,15,39,67,1959,992,3057,150
 72-1,北原,所沢街道×新青梅街道,R4/10,田無,全方向合計,16,41,47,1960,1052,3100,177
 72-1,北原,所沢街道×新青梅街道,R4/10,田無,全方向合計,17,32,35,2141,1138,3346,201
 72-1,北原,所沢街道×新青梅街道,R4/10,田無,全方向合計,18,30,26,2294,993,3343,178
 72-1,北原,所沢街道×新青梅街道,R4/10,田無,全方向合計,12時間計,431,731,22202,12672,36036,1816
