﻿地点番号,地点名,交差道路名,調査年月,管轄警察署,流入方向,流出方向,時間帯等,車道通行自転車,歩道通行自転車,自転車計
25,東向島,明治通り×水戸街道,R4/11,向島,A 四つ木橋,1亀戸,7,1,-,-
25,東向島,明治通り×水戸街道,R4/11,向島,A 四つ木橋,1亀戸,8,2,-,-
25,東向島,明治通り×水戸街道,R4/11,向島,A 四つ木橋,1亀戸,9,1,-,-
25,東向島,明治通り×水戸街道,R4/11,向島,A 四つ木橋,1亀戸,10,0,-,-
25,東向島,明治通り×水戸街道,R4/11,向島,A 四つ木橋,1亀戸,11,0,-,-
25,東向島,明治通り×水戸街道,R4/11,向島,A 四つ木橋,1亀戸,12,0,-,-
25,東向島,明治通り×水戸街道,R4/11,向島,A 四つ木橋,1亀戸,13,1,-,-
25,東向島,明治通り×水戸街道,R4/11,向島,A 四つ木橋,1亀戸,14,0,-,-
25,東向島,明治通り×水戸街道,R4/11,向島,A 四つ木橋,1亀戸,15,0,-,-
25,東向島,明治通り×水戸街道,R4/11,向島,A 四つ木橋,1亀戸,16,0,-,-
25,東向島,明治通り×水戸街道,R4/11,向島,A 四つ木橋,1亀戸,17,0,-,-
25,東向島,明治通り×水戸街道,R4/11,向島,A 四つ木橋,1亀戸,18,0,-,-
25,東向島,明治通り×水戸街道,R4/11,向島,A 四つ木橋,1亀戸,12時間計,5,-,-
25,東向島,明治通り×水戸街道,R4/11,向島,A 四つ木橋,2本所,7,90,-,-
25,東向島,明治通り×水戸街道,R4/11,向島,A 四つ木橋,2本所,8,81,-,-
25,東向島,明治通り×水戸街道,R4/11,向島,A 四つ木橋,2本所,9,56,-,-
25,東向島,明治通り×水戸街道,R4/11,向島,A 四つ木橋,2本所,10,24,-,-
25,東向島,明治通り×水戸街道,R4/11,向島,A 四つ木橋,2本所,11,18,-,-
25,東向島,明治通り×水戸街道,R4/11,向島,A 四つ木橋,2本所,12,25,-,-
25,東向島,明治通り×水戸街道,R4/11,向島,A 四つ木橋,2本所,13,21,-,-
25,東向島,明治通り×水戸街道,R4/11,向島,A 四つ木橋,2本所,14,13,-,-
25,東向島,明治通り×水戸街道,R4/11,向島,A 四つ木橋,2本所,15,16,-,-
25,東向島,明治通り×水戸街道,R4/11,向島,A 四つ木橋,2本所,16,15,-,-
25,東向島,明治通り×水戸街道,R4/11,向島,A 四つ木橋,2本所,17,11,-,-
25,東向島,明治通り×水戸街道,R4/11,向島,A 四つ木橋,2本所,18,28,-,-
25,東向島,明治通り×水戸街道,R4/11,向島,A 四つ木橋,2本所,12時間計,398,-,-
25,東向島,明治通り×水戸街道,R4/11,向島,A 四つ木橋,3白鬚橋,7,6,-,-
25,東向島,明治通り×水戸街道,R4/11,向島,A 四つ木橋,3白鬚橋,8,0,-,-
25,東向島,明治通り×水戸街道,R4/11,向島,A 四つ木橋,3白鬚橋,9,0,-,-
25,東向島,明治通り×水戸街道,R4/11,向島,A 四つ木橋,3白鬚橋,10,0,-,-
25,東向島,明治通り×水戸街道,R4/11,向島,A 四つ木橋,3白鬚橋,11,1,-,-
25,東向島,明治通り×水戸街道,R4/11,向島,A 四つ木橋,3白鬚橋,12,0,-,-
25,東向島,明治通り×水戸街道,R4/11,向島,A 四つ木橋,3白鬚橋,13,0,-,-
25,東向島,明治通り×水戸街道,R4/11,向島,A 四つ木橋,3白鬚橋,14,1,-,-
25,東向島,明治通り×水戸街道,R4/11,向島,A 四つ木橋,3白鬚橋,15,0,-,-
25,東向島,明治通り×水戸街道,R4/11,向島,A 四つ木橋,3白鬚橋,16,0,-,-
25,東向島,明治通り×水戸街道,R4/11,向島,A 四つ木橋,3白鬚橋,17,0,-,-
25,東向島,明治通り×水戸街道,R4/11,向島,A 四つ木橋,3白鬚橋,18,0,-,-
25,東向島,明治通り×水戸街道,R4/11,向島,A 四つ木橋,3白鬚橋,12時間計,8,-,-
25,東向島,明治通り×水戸街道,R4/11,向島,A 四つ木橋,流入計,7,97,97,194
25,東向島,明治通り×水戸街道,R4/11,向島,A 四つ木橋,流入計,8,83,176,259
25,東向島,明治通り×水戸街道,R4/11,向島,A 四つ木橋,流入計,9,57,124,181
25,東向島,明治通り×水戸街道,R4/11,向島,A 四つ木橋,流入計,10,24,107,131
25,東向島,明治通り×水戸街道,R4/11,向島,A 四つ木橋,流入計,11,19,79,98
25,東向島,明治通り×水戸街道,R4/11,向島,A 四つ木橋,流入計,12,25,84,109
25,東向島,明治通り×水戸街道,R4/11,向島,A 四つ木橋,流入計,13,22,71,93
25,東向島,明治通り×水戸街道,R4/11,向島,A 四つ木橋,流入計,14,14,84,98
25,東向島,明治通り×水戸街道,R4/11,向島,A 四つ木橋,流入計,15,16,82,98
25,東向島,明治通り×水戸街道,R4/11,向島,A 四つ木橋,流入計,16,15,102,117
25,東向島,明治通り×水戸街道,R4/11,向島,A 四つ木橋,流入計,17,11,162,173
25,東向島,明治通り×水戸街道,R4/11,向島,A 四つ木橋,流入計,18,28,92,120
25,東向島,明治通り×水戸街道,R4/11,向島,A 四つ木橋,流入計,12時間計,411,1260,1671
25,東向島,明治通り×水戸街道,R4/11,向島,B 白鬚橋,4四つ木橋,7,0,-,-
25,東向島,明治通り×水戸街道,R4/11,向島,B 白鬚橋,4四つ木橋,8,1,-,-
25,東向島,明治通り×水戸街道,R4/11,向島,B 白鬚橋,4四つ木橋,9,3,-,-
25,東向島,明治通り×水戸街道,R4/11,向島,B 白鬚橋,4四つ木橋,10,2,-,-
25,東向島,明治通り×水戸街道,R4/11,向島,B 白鬚橋,4四つ木橋,11,0,-,-
25,東向島,明治通り×水戸街道,R4/11,向島,B 白鬚橋,4四つ木橋,12,0,-,-
25,東向島,明治通り×水戸街道,R4/11,向島,B 白鬚橋,4四つ木橋,13,0,-,-
25,東向島,明治通り×水戸街道,R4/11,向島,B 白鬚橋,4四つ木橋,14,0,-,-
25,東向島,明治通り×水戸街道,R4/11,向島,B 白鬚橋,4四つ木橋,15,1,-,-
25,東向島,明治通り×水戸街道,R4/11,向島,B 白鬚橋,4四つ木橋,16,0,-,-
25,東向島,明治通り×水戸街道,R4/11,向島,B 白鬚橋,4四つ木橋,17,2,-,-
25,東向島,明治通り×水戸街道,R4/11,向島,B 白鬚橋,4四つ木橋,18,0,-,-
25,東向島,明治通り×水戸街道,R4/11,向島,B 白鬚橋,4四つ木橋,12時間計,9,-,-
25,東向島,明治通り×水戸街道,R4/11,向島,B 白鬚橋,5亀戸,7,9,-,-
25,東向島,明治通り×水戸街道,R4/11,向島,B 白鬚橋,5亀戸,8,22,-,-
25,東向島,明治通り×水戸街道,R4/11,向島,B 白鬚橋,5亀戸,9,14,-,-
25,東向島,明治通り×水戸街道,R4/11,向島,B 白鬚橋,5亀戸,10,8,-,-
25,東向島,明治通り×水戸街道,R4/11,向島,B 白鬚橋,5亀戸,11,14,-,-
25,東向島,明治通り×水戸街道,R4/11,向島,B 白鬚橋,5亀戸,12,7,-,-
25,東向島,明治通り×水戸街道,R4/11,向島,B 白鬚橋,5亀戸,13,17,-,-
25,東向島,明治通り×水戸街道,R4/11,向島,B 白鬚橋,5亀戸,14,15,-,-
25,東向島,明治通り×水戸街道,R4/11,向島,B 白鬚橋,5亀戸,15,8,-,-
25,東向島,明治通り×水戸街道,R4/11,向島,B 白鬚橋,5亀戸,16,15,-,-
25,東向島,明治通り×水戸街道,R4/11,向島,B 白鬚橋,5亀戸,17,16,-,-
25,東向島,明治通り×水戸街道,R4/11,向島,B 白鬚橋,5亀戸,18,12,-,-
25,東向島,明治通り×水戸街道,R4/11,向島,B 白鬚橋,5亀戸,12時間計,157,-,-
25,東向島,明治通り×水戸街道,R4/11,向島,B 白鬚橋,6本所,7,0,-,-
25,東向島,明治通り×水戸街道,R4/11,向島,B 白鬚橋,6本所,8,0,-,-
25,東向島,明治通り×水戸街道,R4/11,向島,B 白鬚橋,6本所,9,0,-,-
25,東向島,明治通り×水戸街道,R4/11,向島,B 白鬚橋,6本所,10,2,-,-
25,東向島,明治通り×水戸街道,R4/11,向島,B 白鬚橋,6本所,11,0,-,-
25,東向島,明治通り×水戸街道,R4/11,向島,B 白鬚橋,6本所,12,2,-,-
25,東向島,明治通り×水戸街道,R4/11,向島,B 白鬚橋,6本所,13,4,-,-
25,東向島,明治通り×水戸街道,R4/11,向島,B 白鬚橋,6本所,14,0,-,-
25,東向島,明治通り×水戸街道,R4/11,向島,B 白鬚橋,6本所,15,0,-,-
25,東向島,明治通り×水戸街道,R4/11,向島,B 白鬚橋,6本所,16,1,-,-
25,東向島,明治通り×水戸街道,R4/11,向島,B 白鬚橋,6本所,17,0,-,-
25,東向島,明治通り×水戸街道,R4/11,向島,B 白鬚橋,6本所,18,4,-,-
25,東向島,明治通り×水戸街道,R4/11,向島,B 白鬚橋,6本所,12時間計,13,-,-
25,東向島,明治通り×水戸街道,R4/11,向島,B 白鬚橋,流入計,7,9,90,99
25,東向島,明治通り×水戸街道,R4/11,向島,B 白鬚橋,流入計,8,23,155,178
25,東向島,明治通り×水戸街道,R4/11,向島,B 白鬚橋,流入計,9,17,86,103
25,東向島,明治通り×水戸街道,R4/11,向島,B 白鬚橋,流入計,10,12,83,95
25,東向島,明治通り×水戸街道,R4/11,向島,B 白鬚橋,流入計,11,14,75,89
25,東向島,明治通り×水戸街道,R4/11,向島,B 白鬚橋,流入計,12,9,69,78
25,東向島,明治通り×水戸街道,R4/11,向島,B 白鬚橋,流入計,13,21,79,100
25,東向島,明治通り×水戸街道,R4/11,向島,B 白鬚橋,流入計,14,15,74,89
25,東向島,明治通り×水戸街道,R4/11,向島,B 白鬚橋,流入計,15,9,110,119
25,東向島,明治通り×水戸街道,R4/11,向島,B 白鬚橋,流入計,16,16,90,106
25,東向島,明治通り×水戸街道,R4/11,向島,B 白鬚橋,流入計,17,18,113,131
25,東向島,明治通り×水戸街道,R4/11,向島,B 白鬚橋,流入計,18,16,116,132
25,東向島,明治通り×水戸街道,R4/11,向島,B 白鬚橋,流入計,12時間計,179,1140,1319
25,東向島,明治通り×水戸街道,R4/11,向島,C 本所,7白鬚橋,7,3,-,-
25,東向島,明治通り×水戸街道,R4/11,向島,C 本所,7白鬚橋,8,4,-,-
25,東向島,明治通り×水戸街道,R4/11,向島,C 本所,7白鬚橋,9,3,-,-
25,東向島,明治通り×水戸街道,R4/11,向島,C 本所,7白鬚橋,10,2,-,-
25,東向島,明治通り×水戸街道,R4/11,向島,C 本所,7白鬚橋,11,4,-,-
25,東向島,明治通り×水戸街道,R4/11,向島,C 本所,7白鬚橋,12,2,-,-
25,東向島,明治通り×水戸街道,R4/11,向島,C 本所,7白鬚橋,13,3,-,-
25,東向島,明治通り×水戸街道,R4/11,向島,C 本所,7白鬚橋,14,1,-,-
25,東向島,明治通り×水戸街道,R4/11,向島,C 本所,7白鬚橋,15,2,-,-
25,東向島,明治通り×水戸街道,R4/11,向島,C 本所,7白鬚橋,16,3,-,-
25,東向島,明治通り×水戸街道,R4/11,向島,C 本所,7白鬚橋,17,1,-,-
25,東向島,明治通り×水戸街道,R4/11,向島,C 本所,7白鬚橋,18,12,-,-
25,東向島,明治通り×水戸街道,R4/11,向島,C 本所,7白鬚橋,12時間計,40,-,-
25,東向島,明治通り×水戸街道,R4/11,向島,C 本所,8四つ木橋,7,23,-,-
25,東向島,明治通り×水戸街道,R4/11,向島,C 本所,8四つ木橋,8,17,-,-
25,東向島,明治通り×水戸街道,R4/11,向島,C 本所,8四つ木橋,9,15,-,-
25,東向島,明治通り×水戸街道,R4/11,向島,C 本所,8四つ木橋,10,7,-,-
25,東向島,明治通り×水戸街道,R4/11,向島,C 本所,8四つ木橋,11,10,-,-
25,東向島,明治通り×水戸街道,R4/11,向島,C 本所,8四つ木橋,12,11,-,-
25,東向島,明治通り×水戸街道,R4/11,向島,C 本所,8四つ木橋,13,16,-,-
25,東向島,明治通り×水戸街道,R4/11,向島,C 本所,8四つ木橋,14,5,-,-
25,東向島,明治通り×水戸街道,R4/11,向島,C 本所,8四つ木橋,15,13,-,-
25,東向島,明治通り×水戸街道,R4/11,向島,C 本所,8四つ木橋,16,21,-,-
25,東向島,明治通り×水戸街道,R4/11,向島,C 本所,8四つ木橋,17,29,-,-
25,東向島,明治通り×水戸街道,R4/11,向島,C 本所,8四つ木橋,18,42,-,-
25,東向島,明治通り×水戸街道,R4/11,向島,C 本所,8四つ木橋,12時間計,209,-,-
25,東向島,明治通り×水戸街道,R4/11,向島,C 本所,9亀戸,7,6,-,-
25,東向島,明治通り×水戸街道,R4/11,向島,C 本所,9亀戸,8,5,-,-
25,東向島,明治通り×水戸街道,R4/11,向島,C 本所,9亀戸,9,6,-,-
25,東向島,明治通り×水戸街道,R4/11,向島,C 本所,9亀戸,10,3,-,-
25,東向島,明治通り×水戸街道,R4/11,向島,C 本所,9亀戸,11,0,-,-
25,東向島,明治通り×水戸街道,R4/11,向島,C 本所,9亀戸,12,0,-,-
25,東向島,明治通り×水戸街道,R4/11,向島,C 本所,9亀戸,13,3,-,-
25,東向島,明治通り×水戸街道,R4/11,向島,C 本所,9亀戸,14,0,-,-
25,東向島,明治通り×水戸街道,R4/11,向島,C 本所,9亀戸,15,3,-,-
25,東向島,明治通り×水戸街道,R4/11,向島,C 本所,9亀戸,16,9,-,-
25,東向島,明治通り×水戸街道,R4/11,向島,C 本所,9亀戸,17,0,-,-
25,東向島,明治通り×水戸街道,R4/11,向島,C 本所,9亀戸,18,0,-,-
25,東向島,明治通り×水戸街道,R4/11,向島,C 本所,9亀戸,12時間計,35,-,-
25,東向島,明治通り×水戸街道,R4/11,向島,C 本所,流入計,7,32,60,92
25,東向島,明治通り×水戸街道,R4/11,向島,C 本所,流入計,8,26,90,116
25,東向島,明治通り×水戸街道,R4/11,向島,C 本所,流入計,9,24,57,81
25,東向島,明治通り×水戸街道,R4/11,向島,C 本所,流入計,10,12,69,81
25,東向島,明治通り×水戸街道,R4/11,向島,C 本所,流入計,11,14,66,80
25,東向島,明治通り×水戸街道,R4/11,向島,C 本所,流入計,12,13,101,114
25,東向島,明治通り×水戸街道,R4/11,向島,C 本所,流入計,13,22,108,130
25,東向島,明治通り×水戸街道,R4/11,向島,C 本所,流入計,14,6,114,120
25,東向島,明治通り×水戸街道,R4/11,向島,C 本所,流入計,15,18,132,150
25,東向島,明治通り×水戸街道,R4/11,向島,C 本所,流入計,16,33,137,170
25,東向島,明治通り×水戸街道,R4/11,向島,C 本所,流入計,17,30,124,154
25,東向島,明治通り×水戸街道,R4/11,向島,C 本所,流入計,18,54,160,214
25,東向島,明治通り×水戸街道,R4/11,向島,C 本所,流入計,12時間計,284,1218,1502
25,東向島,明治通り×水戸街道,R4/11,向島,D 亀戸,10本所,7,5,-,-
25,東向島,明治通り×水戸街道,R4/11,向島,D 亀戸,10本所,8,2,-,-
25,東向島,明治通り×水戸街道,R4/11,向島,D 亀戸,10本所,9,0,-,-
25,東向島,明治通り×水戸街道,R4/11,向島,D 亀戸,10本所,10,2,-,-
25,東向島,明治通り×水戸街道,R4/11,向島,D 亀戸,10本所,11,0,-,-
25,東向島,明治通り×水戸街道,R4/11,向島,D 亀戸,10本所,12,2,-,-
25,東向島,明治通り×水戸街道,R4/11,向島,D 亀戸,10本所,13,1,-,-
25,東向島,明治通り×水戸街道,R4/11,向島,D 亀戸,10本所,14,0,-,-
25,東向島,明治通り×水戸街道,R4/11,向島,D 亀戸,10本所,15,0,-,-
25,東向島,明治通り×水戸街道,R4/11,向島,D 亀戸,10本所,16,1,-,-
25,東向島,明治通り×水戸街道,R4/11,向島,D 亀戸,10本所,17,0,-,-
25,東向島,明治通り×水戸街道,R4/11,向島,D 亀戸,10本所,18,0,-,-
25,東向島,明治通り×水戸街道,R4/11,向島,D 亀戸,10本所,12時間計,13,-,-
25,東向島,明治通り×水戸街道,R4/11,向島,D 亀戸,11白鬚橋,7,15,-,-
25,東向島,明治通り×水戸街道,R4/11,向島,D 亀戸,11白鬚橋,8,3,-,-
25,東向島,明治通り×水戸街道,R4/11,向島,D 亀戸,11白鬚橋,9,0,-,-
25,東向島,明治通り×水戸街道,R4/11,向島,D 亀戸,11白鬚橋,10,6,-,-
25,東向島,明治通り×水戸街道,R4/11,向島,D 亀戸,11白鬚橋,11,6,-,-
25,東向島,明治通り×水戸街道,R4/11,向島,D 亀戸,11白鬚橋,12,12,-,-
25,東向島,明治通り×水戸街道,R4/11,向島,D 亀戸,11白鬚橋,13,9,-,-
25,東向島,明治通り×水戸街道,R4/11,向島,D 亀戸,11白鬚橋,14,4,-,-
25,東向島,明治通り×水戸街道,R4/11,向島,D 亀戸,11白鬚橋,15,15,-,-
25,東向島,明治通り×水戸街道,R4/11,向島,D 亀戸,11白鬚橋,16,9,-,-
25,東向島,明治通り×水戸街道,R4/11,向島,D 亀戸,11白鬚橋,17,15,-,-
25,東向島,明治通り×水戸街道,R4/11,向島,D 亀戸,11白鬚橋,18,24,-,-
25,東向島,明治通り×水戸街道,R4/11,向島,D 亀戸,11白鬚橋,12時間計,118,-,-
25,東向島,明治通り×水戸街道,R4/11,向島,D 亀戸,12四つ木橋,7,0,-,-
25,東向島,明治通り×水戸街道,R4/11,向島,D 亀戸,12四つ木橋,8,0,-,-
25,東向島,明治通り×水戸街道,R4/11,向島,D 亀戸,12四つ木橋,9,0,-,-
25,東向島,明治通り×水戸街道,R4/11,向島,D 亀戸,12四つ木橋,10,0,-,-
25,東向島,明治通り×水戸街道,R4/11,向島,D 亀戸,12四つ木橋,11,0,-,-
25,東向島,明治通り×水戸街道,R4/11,向島,D 亀戸,12四つ木橋,12,0,-,-
25,東向島,明治通り×水戸街道,R4/11,向島,D 亀戸,12四つ木橋,13,0,-,-
25,東向島,明治通り×水戸街道,R4/11,向島,D 亀戸,12四つ木橋,14,0,-,-
25,東向島,明治通り×水戸街道,R4/11,向島,D 亀戸,12四つ木橋,15,0,-,-
25,東向島,明治通り×水戸街道,R4/11,向島,D 亀戸,12四つ木橋,16,0,-,-
25,東向島,明治通り×水戸街道,R4/11,向島,D 亀戸,12四つ木橋,17,0,-,-
25,東向島,明治通り×水戸街道,R4/11,向島,D 亀戸,12四つ木橋,18,0,-,-
25,東向島,明治通り×水戸街道,R4/11,向島,D 亀戸,12四つ木橋,12時間計,0,-,-
25,東向島,明治通り×水戸街道,R4/11,向島,D 亀戸,流入計,7,20,74,94
25,東向島,明治通り×水戸街道,R4/11,向島,D 亀戸,流入計,8,5,133,138
25,東向島,明治通り×水戸街道,R4/11,向島,D 亀戸,流入計,9,0,183,183
25,東向島,明治通り×水戸街道,R4/11,向島,D 亀戸,流入計,10,8,137,145
25,東向島,明治通り×水戸街道,R4/11,向島,D 亀戸,流入計,11,6,113,119
25,東向島,明治通り×水戸街道,R4/11,向島,D 亀戸,流入計,12,14,115,129
25,東向島,明治通り×水戸街道,R4/11,向島,D 亀戸,流入計,13,10,118,128
25,東向島,明治通り×水戸街道,R4/11,向島,D 亀戸,流入計,14,4,112,116
25,東向島,明治通り×水戸街道,R4/11,向島,D 亀戸,流入計,15,15,103,118
25,東向島,明治通り×水戸街道,R4/11,向島,D 亀戸,流入計,16,10,133,143
25,東向島,明治通り×水戸街道,R4/11,向島,D 亀戸,流入計,17,15,105,120
25,東向島,明治通り×水戸街道,R4/11,向島,D 亀戸,流入計,18,24,122,146
25,東向島,明治通り×水戸街道,R4/11,向島,D 亀戸,流入計,12時間計,131,1448,1579
25,東向島,明治通り×水戸街道,R4/11,向島,全方向計,全方向計,7,158,321,479
25,東向島,明治通り×水戸街道,R4/11,向島,全方向計,全方向計,8,137,554,691
25,東向島,明治通り×水戸街道,R4/11,向島,全方向計,全方向計,9,98,450,548
25,東向島,明治通り×水戸街道,R4/11,向島,全方向計,全方向計,10,56,396,452
25,東向島,明治通り×水戸街道,R4/11,向島,全方向計,全方向計,11,53,333,386
25,東向島,明治通り×水戸街道,R4/11,向島,全方向計,全方向計,12,61,369,430
25,東向島,明治通り×水戸街道,R4/11,向島,全方向計,全方向計,13,75,376,451
25,東向島,明治通り×水戸街道,R4/11,向島,全方向計,全方向計,14,39,384,423
25,東向島,明治通り×水戸街道,R4/11,向島,全方向計,全方向計,15,58,427,485
25,東向島,明治通り×水戸街道,R4/11,向島,全方向計,全方向計,16,74,462,536
25,東向島,明治通り×水戸街道,R4/11,向島,全方向計,全方向計,17,74,504,578
25,東向島,明治通り×水戸街道,R4/11,向島,全方向計,全方向計,18,122,490,612
25,東向島,明治通り×水戸街道,R4/11,向島,全方向計,全方向計,12時間計,1005,5066,6071
