﻿地点番号,地点名,交差道路名,調査年月,管轄警察署,流入方向,流出方向,時間帯等,大型乗用,大型貨物,普通乗用,普通貨物,四輪計,二輪車
25,東向島,明治通り×水戸街道,R4/11,向島,A 四つ木橋,1.亀戸,7,4,9,11,14,38,3
25,東向島,明治通り×水戸街道,R4/11,向島,A 四つ木橋,1.亀戸,8,1,4,19,17,41,1
25,東向島,明治通り×水戸街道,R4/11,向島,A 四つ木橋,1.亀戸,9,0,5,15,16,36,1
25,東向島,明治通り×水戸街道,R4/11,向島,A 四つ木橋,1.亀戸,10,0,9,13,15,37,2
25,東向島,明治通り×水戸街道,R4/11,向島,A 四つ木橋,1.亀戸,11,0,3,19,25,47,4
25,東向島,明治通り×水戸街道,R4/11,向島,A 四つ木橋,1.亀戸,12,0,3,31,15,49,1
25,東向島,明治通り×水戸街道,R4/11,向島,A 四つ木橋,1.亀戸,13,0,5,29,22,56,4
25,東向島,明治通り×水戸街道,R4/11,向島,A 四つ木橋,1.亀戸,14,1,4,34,15,54,3
25,東向島,明治通り×水戸街道,R4/11,向島,A 四つ木橋,1.亀戸,15,0,2,25,28,55,3
25,東向島,明治通り×水戸街道,R4/11,向島,A 四つ木橋,1.亀戸,16,1,2,35,12,50,2
25,東向島,明治通り×水戸街道,R4/11,向島,A 四つ木橋,1.亀戸,17,0,0,33,18,51,3
25,東向島,明治通り×水戸街道,R4/11,向島,A 四つ木橋,1.亀戸,18,0,1,37,12,50,9
25,東向島,明治通り×水戸街道,R4/11,向島,A 四つ木橋,1.亀戸,12時間計,7,47,301,209,564,36
25,東向島,明治通り×水戸街道,R4/11,向島,A 四つ木橋,2.本所,7,18,27,610,520,1175,130
25,東向島,明治通り×水戸街道,R4/11,向島,A 四つ木橋,2.本所,8,11,26,680,491,1208,138
25,東向島,明治通り×水戸街道,R4/11,向島,A 四つ木橋,2.本所,9,5,21,455,357,838,91
25,東向島,明治通り×水戸街道,R4/11,向島,A 四つ木橋,2.本所,10,16,26,436,292,770,59
25,東向島,明治通り×水戸街道,R4/11,向島,A 四つ木橋,2.本所,11,4,25,438,262,729,42
25,東向島,明治通り×水戸街道,R4/11,向島,A 四つ木橋,2.本所,12,8,39,429,274,750,58
25,東向島,明治通り×水戸街道,R4/11,向島,A 四つ木橋,2.本所,13,3,22,444,252,721,43
25,東向島,明治通り×水戸街道,R4/11,向島,A 四つ木橋,2.本所,14,6,13,551,293,863,39
25,東向島,明治通り×水戸街道,R4/11,向島,A 四つ木橋,2.本所,15,5,18,522,271,816,42
25,東向島,明治通り×水戸街道,R4/11,向島,A 四つ木橋,2.本所,16,6,17,574,248,845,53
25,東向島,明治通り×水戸街道,R4/11,向島,A 四つ木橋,2.本所,17,4,19,460,217,700,39
25,東向島,明治通り×水戸街道,R4/11,向島,A 四つ木橋,2.本所,18,3,19,453,151,626,58
25,東向島,明治通り×水戸街道,R4/11,向島,A 四つ木橋,2.本所,12時間計,89,272,6052,3628,10041,792
25,東向島,明治通り×水戸街道,R4/11,向島,A 四つ木橋,3.白鬚橋,7,2,7,120,108,237,18
25,東向島,明治通り×水戸街道,R4/11,向島,A 四つ木橋,3.白鬚橋,8,1,8,204,102,315,7
25,東向島,明治通り×水戸街道,R4/11,向島,A 四つ木橋,3.白鬚橋,9,0,4,137,75,216,6
25,東向島,明治通り×水戸街道,R4/11,向島,A 四つ木橋,3.白鬚橋,10,0,8,106,63,177,4
25,東向島,明治通り×水戸街道,R4/11,向島,A 四つ木橋,3.白鬚橋,11,0,14,127,71,212,11
25,東向島,明治通り×水戸街道,R4/11,向島,A 四つ木橋,3.白鬚橋,12,0,6,105,55,166,13
25,東向島,明治通り×水戸街道,R4/11,向島,A 四つ木橋,3.白鬚橋,13,0,10,110,74,194,5
25,東向島,明治通り×水戸街道,R4/11,向島,A 四つ木橋,3.白鬚橋,14,0,8,103,92,203,6
25,東向島,明治通り×水戸街道,R4/11,向島,A 四つ木橋,3.白鬚橋,15,3,4,91,99,197,8
25,東向島,明治通り×水戸街道,R4/11,向島,A 四つ木橋,3.白鬚橋,16,0,1,160,89,250,10
25,東向島,明治通り×水戸街道,R4/11,向島,A 四つ木橋,3.白鬚橋,17,0,0,148,66,214,8
25,東向島,明治通り×水戸街道,R4/11,向島,A 四つ木橋,3.白鬚橋,18,0,2,146,43,191,12
25,東向島,明治通り×水戸街道,R4/11,向島,A 四つ木橋,3.白鬚橋,12時間計,6,72,1557,937,2572,108
25,東向島,明治通り×水戸街道,R4/11,向島,A 四つ木橋,流入計,7,24,43,741,642,1450,151
25,東向島,明治通り×水戸街道,R4/11,向島,A 四つ木橋,流入計,8,13,38,903,610,1564,146
25,東向島,明治通り×水戸街道,R4/11,向島,A 四つ木橋,流入計,9,5,30,607,448,1090,98
25,東向島,明治通り×水戸街道,R4/11,向島,A 四つ木橋,流入計,10,16,43,555,370,984,65
25,東向島,明治通り×水戸街道,R4/11,向島,A 四つ木橋,流入計,11,4,42,584,358,988,57
25,東向島,明治通り×水戸街道,R4/11,向島,A 四つ木橋,流入計,12,8,48,565,344,965,72
25,東向島,明治通り×水戸街道,R4/11,向島,A 四つ木橋,流入計,13,3,37,583,348,971,52
25,東向島,明治通り×水戸街道,R4/11,向島,A 四つ木橋,流入計,14,7,25,688,400,1120,48
25,東向島,明治通り×水戸街道,R4/11,向島,A 四つ木橋,流入計,15,8,24,638,398,1068,53
25,東向島,明治通り×水戸街道,R4/11,向島,A 四つ木橋,流入計,16,7,20,769,349,1145,65
25,東向島,明治通り×水戸街道,R4/11,向島,A 四つ木橋,流入計,17,4,19,641,301,965,50
25,東向島,明治通り×水戸街道,R4/11,向島,A 四つ木橋,流入計,18,3,22,636,206,867,79
25,東向島,明治通り×水戸街道,R4/11,向島,A 四つ木橋,流入計,12時間計,102,391,7910,4774,13177,936
25,東向島,明治通り×水戸街道,R4/11,向島,B 白鬚橋,4.四つ木橋,7,3,6,26,44,79,1
25,東向島,明治通り×水戸街道,R4/11,向島,B 白鬚橋,4.四つ木橋,8,0,4,49,43,96,1
25,東向島,明治通り×水戸街道,R4/11,向島,B 白鬚橋,4.四つ木橋,9,1,5,57,40,103,0
25,東向島,明治通り×水戸街道,R4/11,向島,B 白鬚橋,4.四つ木橋,10,0,3,55,35,93,5
25,東向島,明治通り×水戸街道,R4/11,向島,B 白鬚橋,4.四つ木橋,11,0,5,66,55,126,4
25,東向島,明治通り×水戸街道,R4/11,向島,B 白鬚橋,4.四つ木橋,12,0,6,53,60,119,2
25,東向島,明治通り×水戸街道,R4/11,向島,B 白鬚橋,4.四つ木橋,13,0,7,68,53,128,1
25,東向島,明治通り×水戸街道,R4/11,向島,B 白鬚橋,4.四つ木橋,14,0,6,64,63,133,2
25,東向島,明治通り×水戸街道,R4/11,向島,B 白鬚橋,4.四つ木橋,15,0,2,94,36,132,4
25,東向島,明治通り×水戸街道,R4/11,向島,B 白鬚橋,4.四つ木橋,16,0,2,96,45,143,8
25,東向島,明治通り×水戸街道,R4/11,向島,B 白鬚橋,4.四つ木橋,17,0,3,112,66,181,7
25,東向島,明治通り×水戸街道,R4/11,向島,B 白鬚橋,4.四つ木橋,18,0,0,116,65,181,8
25,東向島,明治通り×水戸街道,R4/11,向島,B 白鬚橋,4.四つ木橋,12時間計,4,49,856,605,1514,43
25,東向島,明治通り×水戸街道,R4/11,向島,B 白鬚橋,5.亀戸,7,14,32,271,166,483,53
25,東向島,明治通り×水戸街道,R4/11,向島,B 白鬚橋,5.亀戸,8,12,39,193,203,447,54
25,東向島,明治通り×水戸街道,R4/11,向島,B 白鬚橋,5.亀戸,9,8,35,186,223,452,35
25,東向島,明治通り×水戸街道,R4/11,向島,B 白鬚橋,5.亀戸,10,5,31,200,206,442,25
25,東向島,明治通り×水戸街道,R4/11,向島,B 白鬚橋,5.亀戸,11,4,25,192,212,433,27
25,東向島,明治通り×水戸街道,R4/11,向島,B 白鬚橋,5.亀戸,12,4,26,158,201,389,26
25,東向島,明治通り×水戸街道,R4/11,向島,B 白鬚橋,5.亀戸,13,6,22,226,184,438,30
25,東向島,明治通り×水戸街道,R4/11,向島,B 白鬚橋,5.亀戸,14,11,35,226,162,434,21
25,東向島,明治通り×水戸街道,R4/11,向島,B 白鬚橋,5.亀戸,15,6,22,209,191,428,29
25,東向島,明治通り×水戸街道,R4/11,向島,B 白鬚橋,5.亀戸,16,9,25,258,186,478,39
25,東向島,明治通り×水戸街道,R4/11,向島,B 白鬚橋,5.亀戸,17,7,17,318,177,519,60
25,東向島,明治通り×水戸街道,R4/11,向島,B 白鬚橋,5.亀戸,18,7,16,299,120,442,41
25,東向島,明治通り×水戸街道,R4/11,向島,B 白鬚橋,5.亀戸,12時間計,93,325,2736,2231,5385,440
25,東向島,明治通り×水戸街道,R4/11,向島,B 白鬚橋,6.本所,7,3,17,28,28,76,7
25,東向島,明治通り×水戸街道,R4/11,向島,B 白鬚橋,6.本所,8,1,4,30,24,59,1
25,東向島,明治通り×水戸街道,R4/11,向島,B 白鬚橋,6.本所,9,2,4,29,32,67,5
25,東向島,明治通り×水戸街道,R4/11,向島,B 白鬚橋,6.本所,10,1,10,34,28,73,2
25,東向島,明治通り×水戸街道,R4/11,向島,B 白鬚橋,6.本所,11,0,6,28,22,56,3
25,東向島,明治通り×水戸街道,R4/11,向島,B 白鬚橋,6.本所,12,0,8,32,28,68,3
25,東向島,明治通り×水戸街道,R4/11,向島,B 白鬚橋,6.本所,13,0,9,23,24,56,4
25,東向島,明治通り×水戸街道,R4/11,向島,B 白鬚橋,6.本所,14,0,6,39,24,69,4
25,東向島,明治通り×水戸街道,R4/11,向島,B 白鬚橋,6.本所,15,1,4,40,27,72,2
25,東向島,明治通り×水戸街道,R4/11,向島,B 白鬚橋,6.本所,16,1,2,35,20,58,1
25,東向島,明治通り×水戸街道,R4/11,向島,B 白鬚橋,6.本所,17,0,6,24,15,45,1
25,東向島,明治通り×水戸街道,R4/11,向島,B 白鬚橋,6.本所,18,0,0,31,9,40,1
25,東向島,明治通り×水戸街道,R4/11,向島,B 白鬚橋,6.本所,12時間計,9,76,373,281,739,34
25,東向島,明治通り×水戸街道,R4/11,向島,B 白鬚橋,流入計,7,20,55,325,238,638,61
25,東向島,明治通り×水戸街道,R4/11,向島,B 白鬚橋,流入計,8,13,47,272,270,602,56
25,東向島,明治通り×水戸街道,R4/11,向島,B 白鬚橋,流入計,9,11,44,272,295,622,40
25,東向島,明治通り×水戸街道,R4/11,向島,B 白鬚橋,流入計,10,6,44,289,269,608,32
25,東向島,明治通り×水戸街道,R4/11,向島,B 白鬚橋,流入計,11,4,36,286,289,615,34
25,東向島,明治通り×水戸街道,R4/11,向島,B 白鬚橋,流入計,12,4,40,243,289,576,31
25,東向島,明治通り×水戸街道,R4/11,向島,B 白鬚橋,流入計,13,6,38,317,261,622,35
25,東向島,明治通り×水戸街道,R4/11,向島,B 白鬚橋,流入計,14,11,47,329,249,636,27
25,東向島,明治通り×水戸街道,R4/11,向島,B 白鬚橋,流入計,15,7,28,343,254,632,35
25,東向島,明治通り×水戸街道,R4/11,向島,B 白鬚橋,流入計,16,10,29,389,251,679,48
25,東向島,明治通り×水戸街道,R4/11,向島,B 白鬚橋,流入計,17,7,26,454,258,745,68
25,東向島,明治通り×水戸街道,R4/11,向島,B 白鬚橋,流入計,18,7,16,446,194,663,50
25,東向島,明治通り×水戸街道,R4/11,向島,B 白鬚橋,流入計,12時間計,106,450,3965,3117,7638,517
25,東向島,明治通り×水戸街道,R4/11,向島,C 本所,7.白鬚橋,7,0,5,35,14,54,9
25,東向島,明治通り×水戸街道,R4/11,向島,C 本所,7.白鬚橋,8,0,11,27,43,81,7
25,東向島,明治通り×水戸街道,R4/11,向島,C 本所,7.白鬚橋,9,0,6,20,28,54,1
25,東向島,明治通り×水戸街道,R4/11,向島,C 本所,7.白鬚橋,10,0,4,29,31,64,4
25,東向島,明治通り×水戸街道,R4/11,向島,C 本所,7.白鬚橋,11,1,2,32,35,70,6
25,東向島,明治通り×水戸街道,R4/11,向島,C 本所,7.白鬚橋,12,0,2,32,22,56,5
25,東向島,明治通り×水戸街道,R4/11,向島,C 本所,7.白鬚橋,13,0,1,26,27,54,4
25,東向島,明治通り×水戸街道,R4/11,向島,C 本所,7.白鬚橋,14,1,3,25,39,68,6
25,東向島,明治通り×水戸街道,R4/11,向島,C 本所,7.白鬚橋,15,0,1,34,34,69,6
25,東向島,明治通り×水戸街道,R4/11,向島,C 本所,7.白鬚橋,16,0,1,24,13,38,3
25,東向島,明治通り×水戸街道,R4/11,向島,C 本所,7.白鬚橋,17,0,1,19,8,28,6
25,東向島,明治通り×水戸街道,R4/11,向島,C 本所,7.白鬚橋,18,0,0,26,3,29,1
25,東向島,明治通り×水戸街道,R4/11,向島,C 本所,7.白鬚橋,12時間計,2,37,329,297,665,58
25,東向島,明治通り×水戸街道,R4/11,向島,C 本所,8.四つ木橋,7,2,14,253,180,449,38
25,東向島,明治通り×水戸街道,R4/11,向島,C 本所,8.四つ木橋,8,6,26,312,255,599,35
25,東向島,明治通り×水戸街道,R4/11,向島,C 本所,8.四つ木橋,9,8,41,318,251,618,33
25,東向島,明治通り×水戸街道,R4/11,向島,C 本所,8.四つ木橋,10,4,36,354,292,686,40
25,東向島,明治通り×水戸街道,R4/11,向島,C 本所,8.四つ木橋,11,4,27,295,353,679,38
25,東向島,明治通り×水戸街道,R4/11,向島,C 本所,8.四つ木橋,12,7,22,366,356,751,64
25,東向島,明治通り×水戸街道,R4/11,向島,C 本所,8.四つ木橋,13,8,14,347,284,653,35
25,東向島,明治通り×水戸街道,R4/11,向島,C 本所,8.四つ木橋,14,3,15,388,350,756,48
25,東向島,明治通り×水戸街道,R4/11,向島,C 本所,8.四つ木橋,15,9,31,547,295,882,60
25,東向島,明治通り×水戸街道,R4/11,向島,C 本所,8.四つ木橋,16,5,21,627,327,980,101
25,東向島,明治通り×水戸街道,R4/11,向島,C 本所,8.四つ木橋,17,3,21,589,340,953,149
25,東向島,明治通り×水戸街道,R4/11,向島,C 本所,8.四つ木橋,18,3,13,632,381,1029,136
25,東向島,明治通り×水戸街道,R4/11,向島,C 本所,8.四つ木橋,12時間計,62,281,5028,3664,9035,777
25,東向島,明治通り×水戸街道,R4/11,向島,C 本所,9.亀戸,7,2,9,9,10,30,2
25,東向島,明治通り×水戸街道,R4/11,向島,C 本所,9.亀戸,8,3,4,19,15,41,3
25,東向島,明治通り×水戸街道,R4/11,向島,C 本所,9.亀戸,9,0,11,23,22,56,7
25,東向島,明治通り×水戸街道,R4/11,向島,C 本所,9.亀戸,10,0,4,25,21,50,4
25,東向島,明治通り×水戸街道,R4/11,向島,C 本所,9.亀戸,11,0,3,22,30,55,4
25,東向島,明治通り×水戸街道,R4/11,向島,C 本所,9.亀戸,12,0,2,24,26,52,5
25,東向島,明治通り×水戸街道,R4/11,向島,C 本所,9.亀戸,13,1,4,34,22,61,6
25,東向島,明治通り×水戸街道,R4/11,向島,C 本所,9.亀戸,14,1,2,28,23,54,8
25,東向島,明治通り×水戸街道,R4/11,向島,C 本所,9.亀戸,15,2,3,23,23,51,2
25,東向島,明治通り×水戸街道,R4/11,向島,C 本所,9.亀戸,16,1,0,30,26,57,3
25,東向島,明治通り×水戸街道,R4/11,向島,C 本所,9.亀戸,17,1,2,30,19,52,3
25,東向島,明治通り×水戸街道,R4/11,向島,C 本所,9.亀戸,18,0,1,17,10,28,2
25,東向島,明治通り×水戸街道,R4/11,向島,C 本所,9.亀戸,12時間計,11,45,284,247,587,49
25,東向島,明治通り×水戸街道,R4/11,向島,C 本所,流入計,7,4,28,297,204,533,49
25,東向島,明治通り×水戸街道,R4/11,向島,C 本所,流入計,8,9,41,358,313,721,45
25,東向島,明治通り×水戸街道,R4/11,向島,C 本所,流入計,9,8,58,361,301,728,41
25,東向島,明治通り×水戸街道,R4/11,向島,C 本所,流入計,10,4,44,408,344,800,48
25,東向島,明治通り×水戸街道,R4/11,向島,C 本所,流入計,11,5,32,349,418,804,48
25,東向島,明治通り×水戸街道,R4/11,向島,C 本所,流入計,12,7,26,422,404,859,74
25,東向島,明治通り×水戸街道,R4/11,向島,C 本所,流入計,13,9,19,407,333,768,45
25,東向島,明治通り×水戸街道,R4/11,向島,C 本所,流入計,14,5,20,441,412,878,62
25,東向島,明治通り×水戸街道,R4/11,向島,C 本所,流入計,15,11,35,604,352,1002,68
25,東向島,明治通り×水戸街道,R4/11,向島,C 本所,流入計,16,6,22,681,366,1075,107
25,東向島,明治通り×水戸街道,R4/11,向島,C 本所,流入計,17,4,24,638,367,1033,158
25,東向島,明治通り×水戸街道,R4/11,向島,C 本所,流入計,18,3,14,675,394,1086,139
25,東向島,明治通り×水戸街道,R4/11,向島,C 本所,流入計,12時間計,75,363,5641,4208,10287,884
25,東向島,明治通り×水戸街道,R4/11,向島,D 亀戸,10.本所,7,6,2,40,38,86,6
25,東向島,明治通り×水戸街道,R4/11,向島,D 亀戸,10.本所,8,1,5,57,53,116,15
25,東向島,明治通り×水戸街道,R4/11,向島,D 亀戸,10.本所,9,0,2,37,24,63,4
25,東向島,明治通り×水戸街道,R4/11,向島,D 亀戸,10.本所,10,2,3,46,32,83,6
25,東向島,明治通り×水戸街道,R4/11,向島,D 亀戸,10.本所,11,0,4,44,29,77,5
25,東向島,明治通り×水戸街道,R4/11,向島,D 亀戸,10.本所,12,0,1,31,23,55,6
25,東向島,明治通り×水戸街道,R4/11,向島,D 亀戸,10.本所,13,0,0,23,23,46,3
25,東向島,明治通り×水戸街道,R4/11,向島,D 亀戸,10.本所,14,1,3,24,14,42,5
25,東向島,明治通り×水戸街道,R4/11,向島,D 亀戸,10.本所,15,2,1,39,19,61,5
25,東向島,明治通り×水戸街道,R4/11,向島,D 亀戸,10.本所,16,1,2,31,14,48,2
25,東向島,明治通り×水戸街道,R4/11,向島,D 亀戸,10.本所,17,1,0,26,10,37,3
25,東向島,明治通り×水戸街道,R4/11,向島,D 亀戸,10.本所,18,0,0,18,10,28,3
25,東向島,明治通り×水戸街道,R4/11,向島,D 亀戸,10.本所,12時間計,14,23,416,289,742,63
25,東向島,明治通り×水戸街道,R4/11,向島,D 亀戸,11.白鬚橋,7,14,41,230,224,509,66
25,東向島,明治通り×水戸街道,R4/11,向島,D 亀戸,11.白鬚橋,8,19,25,221,288,553,56
25,東向島,明治通り×水戸街道,R4/11,向島,D 亀戸,11.白鬚橋,9,4,27,175,201,407,19
25,東向島,明治通り×水戸街道,R4/11,向島,D 亀戸,11.白鬚橋,10,4,16,201,133,354,10
25,東向島,明治通り×水戸街道,R4/11,向島,D 亀戸,11.白鬚橋,11,7,17,185,175,384,23
25,東向島,明治通り×水戸街道,R4/11,向島,D 亀戸,11.白鬚橋,12,5,22,198,170,395,28
25,東向島,明治通り×水戸街道,R4/11,向島,D 亀戸,11.白鬚橋,13,4,13,186,188,391,27
25,東向島,明治通り×水戸街道,R4/11,向島,D 亀戸,11.白鬚橋,14,8,11,165,192,376,27
25,東向島,明治通り×水戸街道,R4/11,向島,D 亀戸,11.白鬚橋,15,12,12,197,199,420,32
25,東向島,明治通り×水戸街道,R4/11,向島,D 亀戸,11.白鬚橋,16,6,14,285,143,448,46
25,東向島,明治通り×水戸街道,R4/11,向島,D 亀戸,11.白鬚橋,17,8,6,258,149,421,78
25,東向島,明治通り×水戸街道,R4/11,向島,D 亀戸,11.白鬚橋,18,7,9,320,74,410,61
25,東向島,明治通り×水戸街道,R4/11,向島,D 亀戸,11.白鬚橋,12時間計,98,213,2621,2136,5068,473
25,東向島,明治通り×水戸街道,R4/11,向島,D 亀戸,12.四つ木橋,7,0,1,28,25,54,2
25,東向島,明治通り×水戸街道,R4/11,向島,D 亀戸,12.四つ木橋,8,1,4,39,38,82,6
25,東向島,明治通り×水戸街道,R4/11,向島,D 亀戸,12.四つ木橋,9,1,3,27,44,75,4
25,東向島,明治通り×水戸街道,R4/11,向島,D 亀戸,12.四つ木橋,10,0,3,37,37,77,6
25,東向島,明治通り×水戸街道,R4/11,向島,D 亀戸,12.四つ木橋,11,0,6,54,66,126,10
25,東向島,明治通り×水戸街道,R4/11,向島,D 亀戸,12.四つ木橋,12,2,0,32,54,88,6
25,東向島,明治通り×水戸街道,R4/11,向島,D 亀戸,12.四つ木橋,13,0,2,54,45,101,4
25,東向島,明治通り×水戸街道,R4/11,向島,D 亀戸,12.四つ木橋,14,0,3,65,49,117,10
25,東向島,明治通り×水戸街道,R4/11,向島,D 亀戸,12.四つ木橋,15,0,4,47,42,93,5
25,東向島,明治通り×水戸街道,R4/11,向島,D 亀戸,12.四つ木橋,16,0,1,47,29,77,9
25,東向島,明治通り×水戸街道,R4/11,向島,D 亀戸,12.四つ木橋,17,0,3,55,28,86,8
25,東向島,明治通り×水戸街道,R4/11,向島,D 亀戸,12.四つ木橋,18,1,2,84,45,132,19
25,東向島,明治通り×水戸街道,R4/11,向島,D 亀戸,12.四つ木橋,12時間計,5,32,569,502,1108,89
25,東向島,明治通り×水戸街道,R4/11,向島,D 亀戸,流入計,7,20,44,298,287,649,74
25,東向島,明治通り×水戸街道,R4/11,向島,D 亀戸,流入計,8,21,34,317,379,751,77
25,東向島,明治通り×水戸街道,R4/11,向島,D 亀戸,流入計,9,5,32,239,269,545,27
25,東向島,明治通り×水戸街道,R4/11,向島,D 亀戸,流入計,10,6,22,284,202,514,22
25,東向島,明治通り×水戸街道,R4/11,向島,D 亀戸,流入計,11,7,27,283,270,587,38
25,東向島,明治通り×水戸街道,R4/11,向島,D 亀戸,流入計,12,7,23,261,247,538,40
25,東向島,明治通り×水戸街道,R4/11,向島,D 亀戸,流入計,13,4,15,263,256,538,34
25,東向島,明治通り×水戸街道,R4/11,向島,D 亀戸,流入計,14,9,17,254,255,535,42
25,東向島,明治通り×水戸街道,R4/11,向島,D 亀戸,流入計,15,14,17,283,260,574,42
25,東向島,明治通り×水戸街道,R4/11,向島,D 亀戸,流入計,16,7,17,363,186,573,57
25,東向島,明治通り×水戸街道,R4/11,向島,D 亀戸,流入計,17,9,9,339,187,544,89
25,東向島,明治通り×水戸街道,R4/11,向島,D 亀戸,流入計,18,8,11,422,129,570,83
25,東向島,明治通り×水戸街道,R4/11,向島,D 亀戸,流入計,12時間計,117,268,3606,2927,6918,625
