﻿地点番号,地点名,交差道路名,調査年月,管轄警察署,流出方向,時間帯等,大型乗用,大型貨物,普通乗用,普通貨物,四輪計,二輪車
323,平和台駅前,環八通り×放射第35号,R4/11,練馬,A 赤羽,7,32,18,814,477,1341,93
323,平和台駅前,環八通り×放射第35号,R4/11,練馬,A 赤羽,8,19,17,673,473,1182,90
323,平和台駅前,環八通り×放射第35号,R4/11,練馬,A 赤羽,9,7,15,526,488,1036,45
323,平和台駅前,環八通り×放射第35号,R4/11,練馬,A 赤羽,10,10,27,562,531,1130,47
323,平和台駅前,環八通り×放射第35号,R4/11,練馬,A 赤羽,11,7,40,548,441,1036,48
323,平和台駅前,環八通り×放射第35号,R4/11,練馬,A 赤羽,12,10,39,573,356,978,39
323,平和台駅前,環八通り×放射第35号,R4/11,練馬,A 赤羽,13,8,33,633,342,1016,37
323,平和台駅前,環八通り×放射第35号,R4/11,練馬,A 赤羽,14,10,21,600,458,1089,44
323,平和台駅前,環八通り×放射第35号,R4/11,練馬,A 赤羽,15,8,23,598,430,1059,44
323,平和台駅前,環八通り×放射第35号,R4/11,練馬,A 赤羽,16,14,18,607,427,1066,54
323,平和台駅前,環八通り×放射第35号,R4/11,練馬,A 赤羽,17,9,6,677,436,1128,76
323,平和台駅前,環八通り×放射第35号,R4/11,練馬,A 赤羽,18,11,4,838,277,1130,66
323,平和台駅前,環八通り×放射第35号,R4/11,練馬,A 赤羽,12時間計,145,261,7649,5136,13191,683
323,平和台駅前,環八通り×放射第35号,R4/11,練馬,B 下赤塚,7,9,1,194,154,358,34
323,平和台駅前,環八通り×放射第35号,R4/11,練馬,B 下赤塚,8,6,0,215,156,377,25
323,平和台駅前,環八通り×放射第35号,R4/11,練馬,B 下赤塚,9,8,3,222,183,416,13
323,平和台駅前,環八通り×放射第35号,R4/11,練馬,B 下赤塚,10,5,0,217,185,407,19
323,平和台駅前,環八通り×放射第35号,R4/11,練馬,B 下赤塚,11,2,1,209,228,440,21
323,平和台駅前,環八通り×放射第35号,R4/11,練馬,B 下赤塚,12,3,1,211,207,422,26
323,平和台駅前,環八通り×放射第35号,R4/11,練馬,B 下赤塚,13,6,1,229,227,463,33
323,平和台駅前,環八通り×放射第35号,R4/11,練馬,B 下赤塚,14,4,0,224,198,426,29
323,平和台駅前,環八通り×放射第35号,R4/11,練馬,B 下赤塚,15,6,0,246,181,433,24
323,平和台駅前,環八通り×放射第35号,R4/11,練馬,B 下赤塚,16,8,2,302,136,448,11
323,平和台駅前,環八通り×放射第35号,R4/11,練馬,B 下赤塚,17,8,0,283,195,486,47
323,平和台駅前,環八通り×放射第35号,R4/11,練馬,B 下赤塚,18,4,0,282,162,448,35
323,平和台駅前,環八通り×放射第35号,R4/11,練馬,B 下赤塚,12時間計,69,9,2834,2212,5124,317
323,平和台駅前,環八通り×放射第35号,R4/11,練馬,C 井草,7,8,27,929,284,1248,78
323,平和台駅前,環八通り×放射第35号,R4/11,練馬,C 井草,8,14,22,603,484,1123,72
323,平和台駅前,環八通り×放射第35号,R4/11,練馬,C 井草,9,16,26,545,494,1081,49
323,平和台駅前,環八通り×放射第35号,R4/11,練馬,C 井草,10,4,30,560,501,1095,42
323,平和台駅前,環八通り×放射第35号,R4/11,練馬,C 井草,11,4,37,598,441,1080,27
323,平和台駅前,環八通り×放射第35号,R4/11,練馬,C 井草,12,9,26,786,259,1080,49
323,平和台駅前,環八通り×放射第35号,R4/11,練馬,C 井草,13,4,35,815,265,1119,39
323,平和台駅前,環八通り×放射第35号,R4/11,練馬,C 井草,14,8,24,560,348,940,46
323,平和台駅前,環八通り×放射第35号,R4/11,練馬,C 井草,15,12,28,645,522,1207,56
323,平和台駅前,環八通り×放射第35号,R4/11,練馬,C 井草,16,16,14,683,473,1186,37
323,平和台駅前,環八通り×放射第35号,R4/11,練馬,C 井草,17,5,11,786,429,1231,80
323,平和台駅前,環八通り×放射第35号,R4/11,練馬,C 井草,18,7,6,1039,215,1267,75
323,平和台駅前,環八通り×放射第35号,R4/11,練馬,C 井草,12時間計,107,286,8549,4715,13657,650
323,平和台駅前,環八通り×放射第35号,R4/11,練馬,D 氷川台,7,0,0,224,306,530,26
323,平和台駅前,環八通り×放射第35号,R4/11,練馬,D 氷川台,8,0,0,267,236,503,19
323,平和台駅前,環八通り×放射第35号,R4/11,練馬,D 氷川台,9,3,0,335,109,447,15
323,平和台駅前,環八通り×放射第35号,R4/11,練馬,D 氷川台,10,4,0,269,99,372,19
323,平和台駅前,環八通り×放射第35号,R4/11,練馬,D 氷川台,11,1,0,211,131,343,15
323,平和台駅前,環八通り×放射第35号,R4/11,練馬,D 氷川台,12,1,0,205,137,343,12
323,平和台駅前,環八通り×放射第35号,R4/11,練馬,D 氷川台,13,1,0,215,162,378,26
323,平和台駅前,環八通り×放射第35号,R4/11,練馬,D 氷川台,14,1,0,232,150,383,29
323,平和台駅前,環八通り×放射第35号,R4/11,練馬,D 氷川台,15,2,1,279,106,388,19
323,平和台駅前,環八通り×放射第35号,R4/11,練馬,D 氷川台,16,3,0,273,93,369,17
323,平和台駅前,環八通り×放射第35号,R4/11,練馬,D 氷川台,17,3,0,252,105,360,28
323,平和台駅前,環八通り×放射第35号,R4/11,練馬,D 氷川台,18,1,0,271,89,361,30
323,平和台駅前,環八通り×放射第35号,R4/11,練馬,D 氷川台,12時間計,20,1,3033,1723,4777,255
323,平和台駅前,環八通り×放射第35号,R4/11,練馬,全方向合計,7,49,46,2161,1221,3477,231
323,平和台駅前,環八通り×放射第35号,R4/11,練馬,全方向合計,8,39,39,1758,1349,3185,206
323,平和台駅前,環八通り×放射第35号,R4/11,練馬,全方向合計,9,34,44,1628,1274,2980,122
323,平和台駅前,環八通り×放射第35号,R4/11,練馬,全方向合計,10,23,57,1608,1316,3004,127
323,平和台駅前,環八通り×放射第35号,R4/11,練馬,全方向合計,11,14,78,1566,1241,2899,111
323,平和台駅前,環八通り×放射第35号,R4/11,練馬,全方向合計,12,23,66,1775,959,2823,126
323,平和台駅前,環八通り×放射第35号,R4/11,練馬,全方向合計,13,19,69,1892,996,2976,135
323,平和台駅前,環八通り×放射第35号,R4/11,練馬,全方向合計,14,23,45,1616,1154,2838,148
323,平和台駅前,環八通り×放射第35号,R4/11,練馬,全方向合計,15,28,52,1768,1239,3087,143
323,平和台駅前,環八通り×放射第35号,R4/11,練馬,全方向合計,16,41,34,1865,1129,3069,119
323,平和台駅前,環八通り×放射第35号,R4/11,練馬,全方向合計,17,25,17,1998,1165,3205,231
323,平和台駅前,環八通り×放射第35号,R4/11,練馬,全方向合計,18,23,10,2430,743,3206,206
323,平和台駅前,環八通り×放射第35号,R4/11,練馬,全方向合計,12時間計,341,557,22065,13786,36749,1905
