﻿地点番号,地点名,交差道路名,調査年月,管轄警察署,流入方向,流出方向,時間帯等,車道通行自転車,歩道通行自転車,自転車計
323,平和台駅前,環八通り×放射第35号,R4/11,練馬,A 赤羽,1氷川台,7,2,-,-
323,平和台駅前,環八通り×放射第35号,R4/11,練馬,A 赤羽,1氷川台,8,0,-,-
323,平和台駅前,環八通り×放射第35号,R4/11,練馬,A 赤羽,1氷川台,9,1,-,-
323,平和台駅前,環八通り×放射第35号,R4/11,練馬,A 赤羽,1氷川台,10,0,-,-
323,平和台駅前,環八通り×放射第35号,R4/11,練馬,A 赤羽,1氷川台,11,1,-,-
323,平和台駅前,環八通り×放射第35号,R4/11,練馬,A 赤羽,1氷川台,12,5,-,-
323,平和台駅前,環八通り×放射第35号,R4/11,練馬,A 赤羽,1氷川台,13,0,-,-
323,平和台駅前,環八通り×放射第35号,R4/11,練馬,A 赤羽,1氷川台,14,0,-,-
323,平和台駅前,環八通り×放射第35号,R4/11,練馬,A 赤羽,1氷川台,15,0,-,-
323,平和台駅前,環八通り×放射第35号,R4/11,練馬,A 赤羽,1氷川台,16,0,-,-
323,平和台駅前,環八通り×放射第35号,R4/11,練馬,A 赤羽,1氷川台,17,4,-,-
323,平和台駅前,環八通り×放射第35号,R4/11,練馬,A 赤羽,1氷川台,18,2,-,-
323,平和台駅前,環八通り×放射第35号,R4/11,練馬,A 赤羽,1氷川台,12時間計,15,-,-
323,平和台駅前,環八通り×放射第35号,R4/11,練馬,A 赤羽,2井草,7,12,-,-
323,平和台駅前,環八通り×放射第35号,R4/11,練馬,A 赤羽,2井草,8,11,-,-
323,平和台駅前,環八通り×放射第35号,R4/11,練馬,A 赤羽,2井草,9,7,-,-
323,平和台駅前,環八通り×放射第35号,R4/11,練馬,A 赤羽,2井草,10,9,-,-
323,平和台駅前,環八通り×放射第35号,R4/11,練馬,A 赤羽,2井草,11,2,-,-
323,平和台駅前,環八通り×放射第35号,R4/11,練馬,A 赤羽,2井草,12,2,-,-
323,平和台駅前,環八通り×放射第35号,R4/11,練馬,A 赤羽,2井草,13,3,-,-
323,平和台駅前,環八通り×放射第35号,R4/11,練馬,A 赤羽,2井草,14,8,-,-
323,平和台駅前,環八通り×放射第35号,R4/11,練馬,A 赤羽,2井草,15,4,-,-
323,平和台駅前,環八通り×放射第35号,R4/11,練馬,A 赤羽,2井草,16,6,-,-
323,平和台駅前,環八通り×放射第35号,R4/11,練馬,A 赤羽,2井草,17,9,-,-
323,平和台駅前,環八通り×放射第35号,R4/11,練馬,A 赤羽,2井草,18,28,-,-
323,平和台駅前,環八通り×放射第35号,R4/11,練馬,A 赤羽,2井草,12時間計,101,-,-
323,平和台駅前,環八通り×放射第35号,R4/11,練馬,A 赤羽,3下赤塚,7,0,-,-
323,平和台駅前,環八通り×放射第35号,R4/11,練馬,A 赤羽,3下赤塚,8,0,-,-
323,平和台駅前,環八通り×放射第35号,R4/11,練馬,A 赤羽,3下赤塚,9,0,-,-
323,平和台駅前,環八通り×放射第35号,R4/11,練馬,A 赤羽,3下赤塚,10,0,-,-
323,平和台駅前,環八通り×放射第35号,R4/11,練馬,A 赤羽,3下赤塚,11,0,-,-
323,平和台駅前,環八通り×放射第35号,R4/11,練馬,A 赤羽,3下赤塚,12,0,-,-
323,平和台駅前,環八通り×放射第35号,R4/11,練馬,A 赤羽,3下赤塚,13,0,-,-
323,平和台駅前,環八通り×放射第35号,R4/11,練馬,A 赤羽,3下赤塚,14,0,-,-
323,平和台駅前,環八通り×放射第35号,R4/11,練馬,A 赤羽,3下赤塚,15,0,-,-
323,平和台駅前,環八通り×放射第35号,R4/11,練馬,A 赤羽,3下赤塚,16,0,-,-
323,平和台駅前,環八通り×放射第35号,R4/11,練馬,A 赤羽,3下赤塚,17,0,-,-
323,平和台駅前,環八通り×放射第35号,R4/11,練馬,A 赤羽,3下赤塚,18,0,-,-
323,平和台駅前,環八通り×放射第35号,R4/11,練馬,A 赤羽,3下赤塚,12時間計,0,-,-
323,平和台駅前,環八通り×放射第35号,R4/11,練馬,A 赤羽,流入計,7,14,101,115
323,平和台駅前,環八通り×放射第35号,R4/11,練馬,A 赤羽,流入計,8,11,135,146
323,平和台駅前,環八通り×放射第35号,R4/11,練馬,A 赤羽,流入計,9,8,106,114
323,平和台駅前,環八通り×放射第35号,R4/11,練馬,A 赤羽,流入計,10,9,135,144
323,平和台駅前,環八通り×放射第35号,R4/11,練馬,A 赤羽,流入計,11,3,152,155
323,平和台駅前,環八通り×放射第35号,R4/11,練馬,A 赤羽,流入計,12,7,133,140
323,平和台駅前,環八通り×放射第35号,R4/11,練馬,A 赤羽,流入計,13,3,122,125
323,平和台駅前,環八通り×放射第35号,R4/11,練馬,A 赤羽,流入計,14,8,138,146
323,平和台駅前,環八通り×放射第35号,R4/11,練馬,A 赤羽,流入計,15,4,109,113
323,平和台駅前,環八通り×放射第35号,R4/11,練馬,A 赤羽,流入計,16,6,166,172
323,平和台駅前,環八通り×放射第35号,R4/11,練馬,A 赤羽,流入計,17,13,237,250
323,平和台駅前,環八通り×放射第35号,R4/11,練馬,A 赤羽,流入計,18,30,235,265
323,平和台駅前,環八通り×放射第35号,R4/11,練馬,A 赤羽,流入計,12時間計,116,1769,1885
323,平和台駅前,環八通り×放射第35号,R4/11,練馬,B 下赤塚,4赤羽,7,1,-,-
323,平和台駅前,環八通り×放射第35号,R4/11,練馬,B 下赤塚,4赤羽,8,0,-,-
323,平和台駅前,環八通り×放射第35号,R4/11,練馬,B 下赤塚,4赤羽,9,0,-,-
323,平和台駅前,環八通り×放射第35号,R4/11,練馬,B 下赤塚,4赤羽,10,0,-,-
323,平和台駅前,環八通り×放射第35号,R4/11,練馬,B 下赤塚,4赤羽,11,0,-,-
323,平和台駅前,環八通り×放射第35号,R4/11,練馬,B 下赤塚,4赤羽,12,0,-,-
323,平和台駅前,環八通り×放射第35号,R4/11,練馬,B 下赤塚,4赤羽,13,0,-,-
323,平和台駅前,環八通り×放射第35号,R4/11,練馬,B 下赤塚,4赤羽,14,0,-,-
323,平和台駅前,環八通り×放射第35号,R4/11,練馬,B 下赤塚,4赤羽,15,0,-,-
323,平和台駅前,環八通り×放射第35号,R4/11,練馬,B 下赤塚,4赤羽,16,0,-,-
323,平和台駅前,環八通り×放射第35号,R4/11,練馬,B 下赤塚,4赤羽,17,0,-,-
323,平和台駅前,環八通り×放射第35号,R4/11,練馬,B 下赤塚,4赤羽,18,0,-,-
323,平和台駅前,環八通り×放射第35号,R4/11,練馬,B 下赤塚,4赤羽,12時間計,1,-,-
323,平和台駅前,環八通り×放射第35号,R4/11,練馬,B 下赤塚,5氷川台,7,12,-,-
323,平和台駅前,環八通り×放射第35号,R4/11,練馬,B 下赤塚,5氷川台,8,10,-,-
323,平和台駅前,環八通り×放射第35号,R4/11,練馬,B 下赤塚,5氷川台,9,8,-,-
323,平和台駅前,環八通り×放射第35号,R4/11,練馬,B 下赤塚,5氷川台,10,7,-,-
323,平和台駅前,環八通り×放射第35号,R4/11,練馬,B 下赤塚,5氷川台,11,2,-,-
323,平和台駅前,環八通り×放射第35号,R4/11,練馬,B 下赤塚,5氷川台,12,2,-,-
323,平和台駅前,環八通り×放射第35号,R4/11,練馬,B 下赤塚,5氷川台,13,3,-,-
323,平和台駅前,環八通り×放射第35号,R4/11,練馬,B 下赤塚,5氷川台,14,2,-,-
323,平和台駅前,環八通り×放射第35号,R4/11,練馬,B 下赤塚,5氷川台,15,6,-,-
323,平和台駅前,環八通り×放射第35号,R4/11,練馬,B 下赤塚,5氷川台,16,6,-,-
323,平和台駅前,環八通り×放射第35号,R4/11,練馬,B 下赤塚,5氷川台,17,5,-,-
323,平和台駅前,環八通り×放射第35号,R4/11,練馬,B 下赤塚,5氷川台,18,5,-,-
323,平和台駅前,環八通り×放射第35号,R4/11,練馬,B 下赤塚,5氷川台,12時間計,68,-,-
323,平和台駅前,環八通り×放射第35号,R4/11,練馬,B 下赤塚,6井草,7,0,-,-
323,平和台駅前,環八通り×放射第35号,R4/11,練馬,B 下赤塚,6井草,8,0,-,-
323,平和台駅前,環八通り×放射第35号,R4/11,練馬,B 下赤塚,6井草,9,0,-,-
323,平和台駅前,環八通り×放射第35号,R4/11,練馬,B 下赤塚,6井草,10,0,-,-
323,平和台駅前,環八通り×放射第35号,R4/11,練馬,B 下赤塚,6井草,11,0,-,-
323,平和台駅前,環八通り×放射第35号,R4/11,練馬,B 下赤塚,6井草,12,0,-,-
323,平和台駅前,環八通り×放射第35号,R4/11,練馬,B 下赤塚,6井草,13,0,-,-
323,平和台駅前,環八通り×放射第35号,R4/11,練馬,B 下赤塚,6井草,14,0,-,-
323,平和台駅前,環八通り×放射第35号,R4/11,練馬,B 下赤塚,6井草,15,0,-,-
323,平和台駅前,環八通り×放射第35号,R4/11,練馬,B 下赤塚,6井草,16,0,-,-
323,平和台駅前,環八通り×放射第35号,R4/11,練馬,B 下赤塚,6井草,17,0,-,-
323,平和台駅前,環八通り×放射第35号,R4/11,練馬,B 下赤塚,6井草,18,0,-,-
323,平和台駅前,環八通り×放射第35号,R4/11,練馬,B 下赤塚,6井草,12時間計,0,-,-
323,平和台駅前,環八通り×放射第35号,R4/11,練馬,B 下赤塚,流入計,7,13,91,104
323,平和台駅前,環八通り×放射第35号,R4/11,練馬,B 下赤塚,流入計,8,10,130,140
323,平和台駅前,環八通り×放射第35号,R4/11,練馬,B 下赤塚,流入計,9,8,74,82
323,平和台駅前,環八通り×放射第35号,R4/11,練馬,B 下赤塚,流入計,10,7,74,81
323,平和台駅前,環八通り×放射第35号,R4/11,練馬,B 下赤塚,流入計,11,2,104,106
323,平和台駅前,環八通り×放射第35号,R4/11,練馬,B 下赤塚,流入計,12,2,64,66
323,平和台駅前,環八通り×放射第35号,R4/11,練馬,B 下赤塚,流入計,13,3,88,91
323,平和台駅前,環八通り×放射第35号,R4/11,練馬,B 下赤塚,流入計,14,2,79,81
323,平和台駅前,環八通り×放射第35号,R4/11,練馬,B 下赤塚,流入計,15,6,50,56
323,平和台駅前,環八通り×放射第35号,R4/11,練馬,B 下赤塚,流入計,16,6,88,94
323,平和台駅前,環八通り×放射第35号,R4/11,練馬,B 下赤塚,流入計,17,5,98,103
323,平和台駅前,環八通り×放射第35号,R4/11,練馬,B 下赤塚,流入計,18,5,52,57
323,平和台駅前,環八通り×放射第35号,R4/11,練馬,B 下赤塚,流入計,12時間計,69,992,1061
323,平和台駅前,環八通り×放射第35号,R4/11,練馬,C 井草,7下赤塚,7,0,-,-
323,平和台駅前,環八通り×放射第35号,R4/11,練馬,C 井草,7下赤塚,8,0,-,-
323,平和台駅前,環八通り×放射第35号,R4/11,練馬,C 井草,7下赤塚,9,0,-,-
323,平和台駅前,環八通り×放射第35号,R4/11,練馬,C 井草,7下赤塚,10,0,-,-
323,平和台駅前,環八通り×放射第35号,R4/11,練馬,C 井草,7下赤塚,11,0,-,-
323,平和台駅前,環八通り×放射第35号,R4/11,練馬,C 井草,7下赤塚,12,0,-,-
323,平和台駅前,環八通り×放射第35号,R4/11,練馬,C 井草,7下赤塚,13,0,-,-
323,平和台駅前,環八通り×放射第35号,R4/11,練馬,C 井草,7下赤塚,14,1,-,-
323,平和台駅前,環八通り×放射第35号,R4/11,練馬,C 井草,7下赤塚,15,0,-,-
323,平和台駅前,環八通り×放射第35号,R4/11,練馬,C 井草,7下赤塚,16,0,-,-
323,平和台駅前,環八通り×放射第35号,R4/11,練馬,C 井草,7下赤塚,17,0,-,-
323,平和台駅前,環八通り×放射第35号,R4/11,練馬,C 井草,7下赤塚,18,0,-,-
323,平和台駅前,環八通り×放射第35号,R4/11,練馬,C 井草,7下赤塚,12時間計,1,-,-
323,平和台駅前,環八通り×放射第35号,R4/11,練馬,C 井草,8赤羽,7,38,-,-
323,平和台駅前,環八通り×放射第35号,R4/11,練馬,C 井草,8赤羽,8,24,-,-
323,平和台駅前,環八通り×放射第35号,R4/11,練馬,C 井草,8赤羽,9,8,-,-
323,平和台駅前,環八通り×放射第35号,R4/11,練馬,C 井草,8赤羽,10,2,-,-
323,平和台駅前,環八通り×放射第35号,R4/11,練馬,C 井草,8赤羽,11,2,-,-
323,平和台駅前,環八通り×放射第35号,R4/11,練馬,C 井草,8赤羽,12,4,-,-
323,平和台駅前,環八通り×放射第35号,R4/11,練馬,C 井草,8赤羽,13,6,-,-
323,平和台駅前,環八通り×放射第35号,R4/11,練馬,C 井草,8赤羽,14,9,-,-
323,平和台駅前,環八通り×放射第35号,R4/11,練馬,C 井草,8赤羽,15,10,-,-
323,平和台駅前,環八通り×放射第35号,R4/11,練馬,C 井草,8赤羽,16,10,-,-
323,平和台駅前,環八通り×放射第35号,R4/11,練馬,C 井草,8赤羽,17,14,-,-
323,平和台駅前,環八通り×放射第35号,R4/11,練馬,C 井草,8赤羽,18,18,-,-
323,平和台駅前,環八通り×放射第35号,R4/11,練馬,C 井草,8赤羽,12時間計,145,-,-
323,平和台駅前,環八通り×放射第35号,R4/11,練馬,C 井草,9氷川台,7,0,-,-
323,平和台駅前,環八通り×放射第35号,R4/11,練馬,C 井草,9氷川台,8,0,-,-
323,平和台駅前,環八通り×放射第35号,R4/11,練馬,C 井草,9氷川台,9,1,-,-
323,平和台駅前,環八通り×放射第35号,R4/11,練馬,C 井草,9氷川台,10,0,-,-
323,平和台駅前,環八通り×放射第35号,R4/11,練馬,C 井草,9氷川台,11,0,-,-
323,平和台駅前,環八通り×放射第35号,R4/11,練馬,C 井草,9氷川台,12,0,-,-
323,平和台駅前,環八通り×放射第35号,R4/11,練馬,C 井草,9氷川台,13,0,-,-
323,平和台駅前,環八通り×放射第35号,R4/11,練馬,C 井草,9氷川台,14,0,-,-
323,平和台駅前,環八通り×放射第35号,R4/11,練馬,C 井草,9氷川台,15,0,-,-
323,平和台駅前,環八通り×放射第35号,R4/11,練馬,C 井草,9氷川台,16,0,-,-
323,平和台駅前,環八通り×放射第35号,R4/11,練馬,C 井草,9氷川台,17,0,-,-
323,平和台駅前,環八通り×放射第35号,R4/11,練馬,C 井草,9氷川台,18,0,-,-
323,平和台駅前,環八通り×放射第35号,R4/11,練馬,C 井草,9氷川台,12時間計,1,-,-
323,平和台駅前,環八通り×放射第35号,R4/11,練馬,C 井草,流入計,7,38,107,145
323,平和台駅前,環八通り×放射第35号,R4/11,練馬,C 井草,流入計,8,24,118,142
323,平和台駅前,環八通り×放射第35号,R4/11,練馬,C 井草,流入計,9,9,81,90
323,平和台駅前,環八通り×放射第35号,R4/11,練馬,C 井草,流入計,10,2,76,78
323,平和台駅前,環八通り×放射第35号,R4/11,練馬,C 井草,流入計,11,2,97,99
323,平和台駅前,環八通り×放射第35号,R4/11,練馬,C 井草,流入計,12,4,76,80
323,平和台駅前,環八通り×放射第35号,R4/11,練馬,C 井草,流入計,13,6,132,138
323,平和台駅前,環八通り×放射第35号,R4/11,練馬,C 井草,流入計,14,10,119,129
323,平和台駅前,環八通り×放射第35号,R4/11,練馬,C 井草,流入計,15,10,143,153
323,平和台駅前,環八通り×放射第35号,R4/11,練馬,C 井草,流入計,16,10,107,117
323,平和台駅前,環八通り×放射第35号,R4/11,練馬,C 井草,流入計,17,14,111,125
323,平和台駅前,環八通り×放射第35号,R4/11,練馬,C 井草,流入計,18,18,80,98
323,平和台駅前,環八通り×放射第35号,R4/11,練馬,C 井草,流入計,12時間計,147,1247,1394
323,平和台駅前,環八通り×放射第35号,R4/11,練馬,D 氷川台,10井草,7,1,-,-
323,平和台駅前,環八通り×放射第35号,R4/11,練馬,D 氷川台,10井草,8,0,-,-
323,平和台駅前,環八通り×放射第35号,R4/11,練馬,D 氷川台,10井草,9,0,-,-
323,平和台駅前,環八通り×放射第35号,R4/11,練馬,D 氷川台,10井草,10,0,-,-
323,平和台駅前,環八通り×放射第35号,R4/11,練馬,D 氷川台,10井草,11,0,-,-
323,平和台駅前,環八通り×放射第35号,R4/11,練馬,D 氷川台,10井草,12,0,-,-
323,平和台駅前,環八通り×放射第35号,R4/11,練馬,D 氷川台,10井草,13,0,-,-
323,平和台駅前,環八通り×放射第35号,R4/11,練馬,D 氷川台,10井草,14,0,-,-
323,平和台駅前,環八通り×放射第35号,R4/11,練馬,D 氷川台,10井草,15,0,-,-
323,平和台駅前,環八通り×放射第35号,R4/11,練馬,D 氷川台,10井草,16,0,-,-
323,平和台駅前,環八通り×放射第35号,R4/11,練馬,D 氷川台,10井草,17,0,-,-
323,平和台駅前,環八通り×放射第35号,R4/11,練馬,D 氷川台,10井草,18,0,-,-
323,平和台駅前,環八通り×放射第35号,R4/11,練馬,D 氷川台,10井草,12時間計,1,-,-
323,平和台駅前,環八通り×放射第35号,R4/11,練馬,D 氷川台,11下赤塚,7,9,-,-
323,平和台駅前,環八通り×放射第35号,R4/11,練馬,D 氷川台,11下赤塚,8,9,-,-
323,平和台駅前,環八通り×放射第35号,R4/11,練馬,D 氷川台,11下赤塚,9,2,-,-
323,平和台駅前,環八通り×放射第35号,R4/11,練馬,D 氷川台,11下赤塚,10,4,-,-
323,平和台駅前,環八通り×放射第35号,R4/11,練馬,D 氷川台,11下赤塚,11,6,-,-
323,平和台駅前,環八通り×放射第35号,R4/11,練馬,D 氷川台,11下赤塚,12,3,-,-
323,平和台駅前,環八通り×放射第35号,R4/11,練馬,D 氷川台,11下赤塚,13,1,-,-
323,平和台駅前,環八通り×放射第35号,R4/11,練馬,D 氷川台,11下赤塚,14,5,-,-
323,平和台駅前,環八通り×放射第35号,R4/11,練馬,D 氷川台,11下赤塚,15,6,-,-
323,平和台駅前,環八通り×放射第35号,R4/11,練馬,D 氷川台,11下赤塚,16,4,-,-
323,平和台駅前,環八通り×放射第35号,R4/11,練馬,D 氷川台,11下赤塚,17,13,-,-
323,平和台駅前,環八通り×放射第35号,R4/11,練馬,D 氷川台,11下赤塚,18,8,-,-
323,平和台駅前,環八通り×放射第35号,R4/11,練馬,D 氷川台,11下赤塚,12時間計,70,-,-
323,平和台駅前,環八通り×放射第35号,R4/11,練馬,D 氷川台,12赤羽,7,0,-,-
323,平和台駅前,環八通り×放射第35号,R4/11,練馬,D 氷川台,12赤羽,8,0,-,-
323,平和台駅前,環八通り×放射第35号,R4/11,練馬,D 氷川台,12赤羽,9,0,-,-
323,平和台駅前,環八通り×放射第35号,R4/11,練馬,D 氷川台,12赤羽,10,0,-,-
323,平和台駅前,環八通り×放射第35号,R4/11,練馬,D 氷川台,12赤羽,11,0,-,-
323,平和台駅前,環八通り×放射第35号,R4/11,練馬,D 氷川台,12赤羽,12,0,-,-
323,平和台駅前,環八通り×放射第35号,R4/11,練馬,D 氷川台,12赤羽,13,0,-,-
323,平和台駅前,環八通り×放射第35号,R4/11,練馬,D 氷川台,12赤羽,14,0,-,-
323,平和台駅前,環八通り×放射第35号,R4/11,練馬,D 氷川台,12赤羽,15,0,-,-
323,平和台駅前,環八通り×放射第35号,R4/11,練馬,D 氷川台,12赤羽,16,0,-,-
323,平和台駅前,環八通り×放射第35号,R4/11,練馬,D 氷川台,12赤羽,17,0,-,-
323,平和台駅前,環八通り×放射第35号,R4/11,練馬,D 氷川台,12赤羽,18,0,-,-
323,平和台駅前,環八通り×放射第35号,R4/11,練馬,D 氷川台,12赤羽,12時間計,0,-,-
323,平和台駅前,環八通り×放射第35号,R4/11,練馬,D 氷川台,流入計,7,10,27,37
323,平和台駅前,環八通り×放射第35号,R4/11,練馬,D 氷川台,流入計,8,9,27,36
323,平和台駅前,環八通り×放射第35号,R4/11,練馬,D 氷川台,流入計,9,2,38,40
323,平和台駅前,環八通り×放射第35号,R4/11,練馬,D 氷川台,流入計,10,4,37,41
323,平和台駅前,環八通り×放射第35号,R4/11,練馬,D 氷川台,流入計,11,6,87,93
323,平和台駅前,環八通り×放射第35号,R4/11,練馬,D 氷川台,流入計,12,3,44,47
323,平和台駅前,環八通り×放射第35号,R4/11,練馬,D 氷川台,流入計,13,1,53,54
323,平和台駅前,環八通り×放射第35号,R4/11,練馬,D 氷川台,流入計,14,5,71,76
323,平和台駅前,環八通り×放射第35号,R4/11,練馬,D 氷川台,流入計,15,6,80,86
323,平和台駅前,環八通り×放射第35号,R4/11,練馬,D 氷川台,流入計,16,4,45,49
323,平和台駅前,環八通り×放射第35号,R4/11,練馬,D 氷川台,流入計,17,13,55,68
323,平和台駅前,環八通り×放射第35号,R4/11,練馬,D 氷川台,流入計,18,8,35,43
323,平和台駅前,環八通り×放射第35号,R4/11,練馬,D 氷川台,流入計,12時間計,71,599,670
323,平和台駅前,環八通り×放射第35号,R4/11,練馬,全方向計,全方向計,7,75,326,401
323,平和台駅前,環八通り×放射第35号,R4/11,練馬,全方向計,全方向計,8,54,410,464
323,平和台駅前,環八通り×放射第35号,R4/11,練馬,全方向計,全方向計,9,27,299,326
323,平和台駅前,環八通り×放射第35号,R4/11,練馬,全方向計,全方向計,10,22,322,344
323,平和台駅前,環八通り×放射第35号,R4/11,練馬,全方向計,全方向計,11,13,440,453
323,平和台駅前,環八通り×放射第35号,R4/11,練馬,全方向計,全方向計,12,16,317,333
323,平和台駅前,環八通り×放射第35号,R4/11,練馬,全方向計,全方向計,13,13,395,408
323,平和台駅前,環八通り×放射第35号,R4/11,練馬,全方向計,全方向計,14,25,407,432
323,平和台駅前,環八通り×放射第35号,R4/11,練馬,全方向計,全方向計,15,26,382,408
323,平和台駅前,環八通り×放射第35号,R4/11,練馬,全方向計,全方向計,16,26,406,432
323,平和台駅前,環八通り×放射第35号,R4/11,練馬,全方向計,全方向計,17,45,501,546
323,平和台駅前,環八通り×放射第35号,R4/11,練馬,全方向計,全方向計,18,61,402,463
323,平和台駅前,環八通り×放射第35号,R4/11,練馬,全方向計,全方向計,12時間計,403,4607,5010
