﻿地点番号,地点名,交差道路名,調査年月,管轄警察署,流入方向,流出方向,時間帯等,車道通行自転車,歩道通行自転車,自転車計
322,谷原,笹目通り×目白通り,R4/11,光が丘,A 笹目橋,1練馬,7,0,-,-
322,谷原,笹目通り×目白通り,R4/11,光が丘,A 笹目橋,1練馬,8,0,-,-
322,谷原,笹目通り×目白通り,R4/11,光が丘,A 笹目橋,1練馬,9,1,-,-
322,谷原,笹目通り×目白通り,R4/11,光が丘,A 笹目橋,1練馬,10,0,-,-
322,谷原,笹目通り×目白通り,R4/11,光が丘,A 笹目橋,1練馬,11,0,-,-
322,谷原,笹目通り×目白通り,R4/11,光が丘,A 笹目橋,1練馬,12,1,-,-
322,谷原,笹目通り×目白通り,R4/11,光が丘,A 笹目橋,1練馬,13,1,-,-
322,谷原,笹目通り×目白通り,R4/11,光が丘,A 笹目橋,1練馬,14,0,-,-
322,谷原,笹目通り×目白通り,R4/11,光が丘,A 笹目橋,1練馬,15,0,-,-
322,谷原,笹目通り×目白通り,R4/11,光が丘,A 笹目橋,1練馬,16,0,-,-
322,谷原,笹目通り×目白通り,R4/11,光が丘,A 笹目橋,1練馬,17,0,-,-
322,谷原,笹目通り×目白通り,R4/11,光が丘,A 笹目橋,1練馬,18,1,-,-
322,谷原,笹目通り×目白通り,R4/11,光が丘,A 笹目橋,1練馬,12時間計,4,-,-
322,谷原,笹目通り×目白通り,R4/11,光が丘,A 笹目橋,2荻窪,7,7,-,-
322,谷原,笹目通り×目白通り,R4/11,光が丘,A 笹目橋,2荻窪,8,4,-,-
322,谷原,笹目通り×目白通り,R4/11,光が丘,A 笹目橋,2荻窪,9,1,-,-
322,谷原,笹目通り×目白通り,R4/11,光が丘,A 笹目橋,2荻窪,10,1,-,-
322,谷原,笹目通り×目白通り,R4/11,光が丘,A 笹目橋,2荻窪,11,2,-,-
322,谷原,笹目通り×目白通り,R4/11,光が丘,A 笹目橋,2荻窪,12,1,-,-
322,谷原,笹目通り×目白通り,R4/11,光が丘,A 笹目橋,2荻窪,13,0,-,-
322,谷原,笹目通り×目白通り,R4/11,光が丘,A 笹目橋,2荻窪,14,0,-,-
322,谷原,笹目通り×目白通り,R4/11,光が丘,A 笹目橋,2荻窪,15,2,-,-
322,谷原,笹目通り×目白通り,R4/11,光が丘,A 笹目橋,2荻窪,16,2,-,-
322,谷原,笹目通り×目白通り,R4/11,光が丘,A 笹目橋,2荻窪,17,1,-,-
322,谷原,笹目通り×目白通り,R4/11,光が丘,A 笹目橋,2荻窪,18,1,-,-
322,谷原,笹目通り×目白通り,R4/11,光が丘,A 笹目橋,2荻窪,12時間計,22,-,-
322,谷原,笹目通り×目白通り,R4/11,光が丘,A 笹目橋,3石神井,7,0,-,-
322,谷原,笹目通り×目白通り,R4/11,光が丘,A 笹目橋,3石神井,8,1,-,-
322,谷原,笹目通り×目白通り,R4/11,光が丘,A 笹目橋,3石神井,9,0,-,-
322,谷原,笹目通り×目白通り,R4/11,光が丘,A 笹目橋,3石神井,10,0,-,-
322,谷原,笹目通り×目白通り,R4/11,光が丘,A 笹目橋,3石神井,11,0,-,-
322,谷原,笹目通り×目白通り,R4/11,光が丘,A 笹目橋,3石神井,12,0,-,-
322,谷原,笹目通り×目白通り,R4/11,光が丘,A 笹目橋,3石神井,13,0,-,-
322,谷原,笹目通り×目白通り,R4/11,光が丘,A 笹目橋,3石神井,14,0,-,-
322,谷原,笹目通り×目白通り,R4/11,光が丘,A 笹目橋,3石神井,15,0,-,-
322,谷原,笹目通り×目白通り,R4/11,光が丘,A 笹目橋,3石神井,16,0,-,-
322,谷原,笹目通り×目白通り,R4/11,光が丘,A 笹目橋,3石神井,17,0,-,-
322,谷原,笹目通り×目白通り,R4/11,光が丘,A 笹目橋,3石神井,18,0,-,-
322,谷原,笹目通り×目白通り,R4/11,光が丘,A 笹目橋,3石神井,12時間計,1,-,-
322,谷原,笹目通り×目白通り,R4/11,光が丘,A 笹目橋,4大泉,7,0,-,-
322,谷原,笹目通り×目白通り,R4/11,光が丘,A 笹目橋,4大泉,8,0,-,-
322,谷原,笹目通り×目白通り,R4/11,光が丘,A 笹目橋,4大泉,9,0,-,-
322,谷原,笹目通り×目白通り,R4/11,光が丘,A 笹目橋,4大泉,10,0,-,-
322,谷原,笹目通り×目白通り,R4/11,光が丘,A 笹目橋,4大泉,11,0,-,-
322,谷原,笹目通り×目白通り,R4/11,光が丘,A 笹目橋,4大泉,12,0,-,-
322,谷原,笹目通り×目白通り,R4/11,光が丘,A 笹目橋,4大泉,13,0,-,-
322,谷原,笹目通り×目白通り,R4/11,光が丘,A 笹目橋,4大泉,14,0,-,-
322,谷原,笹目通り×目白通り,R4/11,光が丘,A 笹目橋,4大泉,15,1,-,-
322,谷原,笹目通り×目白通り,R4/11,光が丘,A 笹目橋,4大泉,16,0,-,-
322,谷原,笹目通り×目白通り,R4/11,光が丘,A 笹目橋,4大泉,17,0,-,-
322,谷原,笹目通り×目白通り,R4/11,光が丘,A 笹目橋,4大泉,18,0,-,-
322,谷原,笹目通り×目白通り,R4/11,光が丘,A 笹目橋,4大泉,12時間計,1,-,-
322,谷原,笹目通り×目白通り,R4/11,光が丘,A 笹目橋,5荻窪,7,0,-,-
322,谷原,笹目通り×目白通り,R4/11,光が丘,A 笹目橋,5荻窪,8,0,-,-
322,谷原,笹目通り×目白通り,R4/11,光が丘,A 笹目橋,5荻窪,9,0,-,-
322,谷原,笹目通り×目白通り,R4/11,光が丘,A 笹目橋,5荻窪,10,0,-,-
322,谷原,笹目通り×目白通り,R4/11,光が丘,A 笹目橋,5荻窪,11,0,-,-
322,谷原,笹目通り×目白通り,R4/11,光が丘,A 笹目橋,5荻窪,12,0,-,-
322,谷原,笹目通り×目白通り,R4/11,光が丘,A 笹目橋,5荻窪,13,0,-,-
322,谷原,笹目通り×目白通り,R4/11,光が丘,A 笹目橋,5荻窪,14,0,-,-
322,谷原,笹目通り×目白通り,R4/11,光が丘,A 笹目橋,5荻窪,15,0,-,-
322,谷原,笹目通り×目白通り,R4/11,光が丘,A 笹目橋,5荻窪,16,0,-,-
322,谷原,笹目通り×目白通り,R4/11,光が丘,A 笹目橋,5荻窪,17,0,-,-
322,谷原,笹目通り×目白通り,R4/11,光が丘,A 笹目橋,5荻窪,18,0,-,-
322,谷原,笹目通り×目白通り,R4/11,光が丘,A 笹目橋,5荻窪,12時間計,0,-,-
322,谷原,笹目通り×目白通り,R4/11,光が丘,A 笹目橋,流入計,7,7,35,42
322,谷原,笹目通り×目白通り,R4/11,光が丘,A 笹目橋,流入計,8,5,72,77
322,谷原,笹目通り×目白通り,R4/11,光が丘,A 笹目橋,流入計,9,2,41,43
322,谷原,笹目通り×目白通り,R4/11,光が丘,A 笹目橋,流入計,10,1,43,44
322,谷原,笹目通り×目白通り,R4/11,光が丘,A 笹目橋,流入計,11,2,42,44
322,谷原,笹目通り×目白通り,R4/11,光が丘,A 笹目橋,流入計,12,2,52,54
322,谷原,笹目通り×目白通り,R4/11,光が丘,A 笹目橋,流入計,13,1,66,67
322,谷原,笹目通り×目白通り,R4/11,光が丘,A 笹目橋,流入計,14,0,60,60
322,谷原,笹目通り×目白通り,R4/11,光が丘,A 笹目橋,流入計,15,3,80,83
322,谷原,笹目通り×目白通り,R4/11,光が丘,A 笹目橋,流入計,16,2,67,69
322,谷原,笹目通り×目白通り,R4/11,光が丘,A 笹目橋,流入計,17,1,65,66
322,谷原,笹目通り×目白通り,R4/11,光が丘,A 笹目橋,流入計,18,2,97,99
322,谷原,笹目通り×目白通り,R4/11,光が丘,A 笹目橋,流入計,12時間計,28,720,748
322,谷原,笹目通り×目白通り,R4/11,光が丘,B 大泉,6笹目橋,7,0,-,-
322,谷原,笹目通り×目白通り,R4/11,光が丘,B 大泉,6笹目橋,8,0,-,-
322,谷原,笹目通り×目白通り,R4/11,光が丘,B 大泉,6笹目橋,9,0,-,-
322,谷原,笹目通り×目白通り,R4/11,光が丘,B 大泉,6笹目橋,10,0,-,-
322,谷原,笹目通り×目白通り,R4/11,光が丘,B 大泉,6笹目橋,11,0,-,-
322,谷原,笹目通り×目白通り,R4/11,光が丘,B 大泉,6笹目橋,12,0,-,-
322,谷原,笹目通り×目白通り,R4/11,光が丘,B 大泉,6笹目橋,13,0,-,-
322,谷原,笹目通り×目白通り,R4/11,光が丘,B 大泉,6笹目橋,14,0,-,-
322,谷原,笹目通り×目白通り,R4/11,光が丘,B 大泉,6笹目橋,15,0,-,-
322,谷原,笹目通り×目白通り,R4/11,光が丘,B 大泉,6笹目橋,16,0,-,-
322,谷原,笹目通り×目白通り,R4/11,光が丘,B 大泉,6笹目橋,17,0,-,-
322,谷原,笹目通り×目白通り,R4/11,光が丘,B 大泉,6笹目橋,18,1,-,-
322,谷原,笹目通り×目白通り,R4/11,光が丘,B 大泉,6笹目橋,12時間計,1,-,-
322,谷原,笹目通り×目白通り,R4/11,光が丘,B 大泉,7練馬,7,49,-,-
322,谷原,笹目通り×目白通り,R4/11,光が丘,B 大泉,7練馬,8,27,-,-
322,谷原,笹目通り×目白通り,R4/11,光が丘,B 大泉,7練馬,9,14,-,-
322,谷原,笹目通り×目白通り,R4/11,光が丘,B 大泉,7練馬,10,13,-,-
322,谷原,笹目通り×目白通り,R4/11,光が丘,B 大泉,7練馬,11,4,-,-
322,谷原,笹目通り×目白通り,R4/11,光が丘,B 大泉,7練馬,12,6,-,-
322,谷原,笹目通り×目白通り,R4/11,光が丘,B 大泉,7練馬,13,9,-,-
322,谷原,笹目通り×目白通り,R4/11,光が丘,B 大泉,7練馬,14,6,-,-
322,谷原,笹目通り×目白通り,R4/11,光が丘,B 大泉,7練馬,15,9,-,-
322,谷原,笹目通り×目白通り,R4/11,光が丘,B 大泉,7練馬,16,6,-,-
322,谷原,笹目通り×目白通り,R4/11,光が丘,B 大泉,7練馬,17,9,-,-
322,谷原,笹目通り×目白通り,R4/11,光が丘,B 大泉,7練馬,18,12,-,-
322,谷原,笹目通り×目白通り,R4/11,光が丘,B 大泉,7練馬,12時間計,164,-,-
322,谷原,笹目通り×目白通り,R4/11,光が丘,B 大泉,8荻窪,7,0,-,-
322,谷原,笹目通り×目白通り,R4/11,光が丘,B 大泉,8荻窪,8,0,-,-
322,谷原,笹目通り×目白通り,R4/11,光が丘,B 大泉,8荻窪,9,0,-,-
322,谷原,笹目通り×目白通り,R4/11,光が丘,B 大泉,8荻窪,10,1,-,-
322,谷原,笹目通り×目白通り,R4/11,光が丘,B 大泉,8荻窪,11,0,-,-
322,谷原,笹目通り×目白通り,R4/11,光が丘,B 大泉,8荻窪,12,0,-,-
322,谷原,笹目通り×目白通り,R4/11,光が丘,B 大泉,8荻窪,13,0,-,-
322,谷原,笹目通り×目白通り,R4/11,光が丘,B 大泉,8荻窪,14,1,-,-
322,谷原,笹目通り×目白通り,R4/11,光が丘,B 大泉,8荻窪,15,0,-,-
322,谷原,笹目通り×目白通り,R4/11,光が丘,B 大泉,8荻窪,16,0,-,-
322,谷原,笹目通り×目白通り,R4/11,光が丘,B 大泉,8荻窪,17,0,-,-
322,谷原,笹目通り×目白通り,R4/11,光が丘,B 大泉,8荻窪,18,1,-,-
322,谷原,笹目通り×目白通り,R4/11,光が丘,B 大泉,8荻窪,12時間計,3,-,-
322,谷原,笹目通り×目白通り,R4/11,光が丘,B 大泉,流入計,7,49,44,93
322,谷原,笹目通り×目白通り,R4/11,光が丘,B 大泉,流入計,8,27,80,107
322,谷原,笹目通り×目白通り,R4/11,光が丘,B 大泉,流入計,9,14,58,72
322,谷原,笹目通り×目白通り,R4/11,光が丘,B 大泉,流入計,10,14,50,64
322,谷原,笹目通り×目白通り,R4/11,光が丘,B 大泉,流入計,11,4,49,53
322,谷原,笹目通り×目白通り,R4/11,光が丘,B 大泉,流入計,12,6,43,49
322,谷原,笹目通り×目白通り,R4/11,光が丘,B 大泉,流入計,13,9,40,49
322,谷原,笹目通り×目白通り,R4/11,光が丘,B 大泉,流入計,14,7,36,43
322,谷原,笹目通り×目白通り,R4/11,光が丘,B 大泉,流入計,15,9,64,73
322,谷原,笹目通り×目白通り,R4/11,光が丘,B 大泉,流入計,16,6,59,65
322,谷原,笹目通り×目白通り,R4/11,光が丘,B 大泉,流入計,17,9,67,76
322,谷原,笹目通り×目白通り,R4/11,光が丘,B 大泉,流入計,18,14,67,81
322,谷原,笹目通り×目白通り,R4/11,光が丘,B 大泉,流入計,12時間計,168,657,825
322,谷原,笹目通り×目白通り,R4/11,光が丘,C 石神井,9大泉,7,0,-,-
322,谷原,笹目通り×目白通り,R4/11,光が丘,C 石神井,9大泉,8,0,-,-
322,谷原,笹目通り×目白通り,R4/11,光が丘,C 石神井,9大泉,9,0,-,-
322,谷原,笹目通り×目白通り,R4/11,光が丘,C 石神井,9大泉,10,0,-,-
322,谷原,笹目通り×目白通り,R4/11,光が丘,C 石神井,9大泉,11,0,-,-
322,谷原,笹目通り×目白通り,R4/11,光が丘,C 石神井,9大泉,12,0,-,-
322,谷原,笹目通り×目白通り,R4/11,光が丘,C 石神井,9大泉,13,0,-,-
322,谷原,笹目通り×目白通り,R4/11,光が丘,C 石神井,9大泉,14,0,-,-
322,谷原,笹目通り×目白通り,R4/11,光が丘,C 石神井,9大泉,15,0,-,-
322,谷原,笹目通り×目白通り,R4/11,光が丘,C 石神井,9大泉,16,0,-,-
322,谷原,笹目通り×目白通り,R4/11,光が丘,C 石神井,9大泉,17,0,-,-
322,谷原,笹目通り×目白通り,R4/11,光が丘,C 石神井,9大泉,18,0,-,-
322,谷原,笹目通り×目白通り,R4/11,光が丘,C 石神井,9大泉,12時間計,0,-,-
322,谷原,笹目通り×目白通り,R4/11,光が丘,C 石神井,流入計,7,0,1,1
322,谷原,笹目通り×目白通り,R4/11,光が丘,C 石神井,流入計,8,0,1,1
322,谷原,笹目通り×目白通り,R4/11,光が丘,C 石神井,流入計,9,0,1,1
322,谷原,笹目通り×目白通り,R4/11,光が丘,C 石神井,流入計,10,0,1,1
322,谷原,笹目通り×目白通り,R4/11,光が丘,C 石神井,流入計,11,0,9,9
322,谷原,笹目通り×目白通り,R4/11,光が丘,C 石神井,流入計,12,0,1,1
322,谷原,笹目通り×目白通り,R4/11,光が丘,C 石神井,流入計,13,0,3,3
322,谷原,笹目通り×目白通り,R4/11,光が丘,C 石神井,流入計,14,0,1,1
322,谷原,笹目通り×目白通り,R4/11,光が丘,C 石神井,流入計,15,0,1,1
322,谷原,笹目通り×目白通り,R4/11,光が丘,C 石神井,流入計,16,0,1,1
322,谷原,笹目通り×目白通り,R4/11,光が丘,C 石神井,流入計,17,0,0,0
322,谷原,笹目通り×目白通り,R4/11,光が丘,C 石神井,流入計,18,0,0,0
322,谷原,笹目通り×目白通り,R4/11,光が丘,C 石神井,流入計,12時間計,0,20,20
322,谷原,笹目通り×目白通り,R4/11,光が丘,D 荻窪,10石神井,7,2,-,-
322,谷原,笹目通り×目白通り,R4/11,光が丘,D 荻窪,10石神井,8,0,-,-
322,谷原,笹目通り×目白通り,R4/11,光が丘,D 荻窪,10石神井,9,0,-,-
322,谷原,笹目通り×目白通り,R4/11,光が丘,D 荻窪,10石神井,10,0,-,-
322,谷原,笹目通り×目白通り,R4/11,光が丘,D 荻窪,10石神井,11,0,-,-
322,谷原,笹目通り×目白通り,R4/11,光が丘,D 荻窪,10石神井,12,0,-,-
322,谷原,笹目通り×目白通り,R4/11,光が丘,D 荻窪,10石神井,13,0,-,-
322,谷原,笹目通り×目白通り,R4/11,光が丘,D 荻窪,10石神井,14,1,-,-
322,谷原,笹目通り×目白通り,R4/11,光が丘,D 荻窪,10石神井,15,0,-,-
322,谷原,笹目通り×目白通り,R4/11,光が丘,D 荻窪,10石神井,16,1,-,-
322,谷原,笹目通り×目白通り,R4/11,光が丘,D 荻窪,10石神井,17,0,-,-
322,谷原,笹目通り×目白通り,R4/11,光が丘,D 荻窪,10石神井,18,0,-,-
322,谷原,笹目通り×目白通り,R4/11,光が丘,D 荻窪,10石神井,12時間計,4,-,-
322,谷原,笹目通り×目白通り,R4/11,光が丘,D 荻窪,11大泉,7,0,-,-
322,谷原,笹目通り×目白通り,R4/11,光が丘,D 荻窪,11大泉,8,1,-,-
322,谷原,笹目通り×目白通り,R4/11,光が丘,D 荻窪,11大泉,9,1,-,-
322,谷原,笹目通り×目白通り,R4/11,光が丘,D 荻窪,11大泉,10,1,-,-
322,谷原,笹目通り×目白通り,R4/11,光が丘,D 荻窪,11大泉,11,0,-,-
322,谷原,笹目通り×目白通り,R4/11,光が丘,D 荻窪,11大泉,12,0,-,-
322,谷原,笹目通り×目白通り,R4/11,光が丘,D 荻窪,11大泉,13,2,-,-
322,谷原,笹目通り×目白通り,R4/11,光が丘,D 荻窪,11大泉,14,0,-,-
322,谷原,笹目通り×目白通り,R4/11,光が丘,D 荻窪,11大泉,15,0,-,-
322,谷原,笹目通り×目白通り,R4/11,光が丘,D 荻窪,11大泉,16,0,-,-
322,谷原,笹目通り×目白通り,R4/11,光が丘,D 荻窪,11大泉,17,2,-,-
322,谷原,笹目通り×目白通り,R4/11,光が丘,D 荻窪,11大泉,18,2,-,-
322,谷原,笹目通り×目白通り,R4/11,光が丘,D 荻窪,11大泉,12時間計,9,-,-
322,谷原,笹目通り×目白通り,R4/11,光が丘,D 荻窪,12笹目橋,7,1,-,-
322,谷原,笹目通り×目白通り,R4/11,光が丘,D 荻窪,12笹目橋,8,5,-,-
322,谷原,笹目通り×目白通り,R4/11,光が丘,D 荻窪,12笹目橋,9,1,-,-
322,谷原,笹目通り×目白通り,R4/11,光が丘,D 荻窪,12笹目橋,10,1,-,-
322,谷原,笹目通り×目白通り,R4/11,光が丘,D 荻窪,12笹目橋,11,0,-,-
322,谷原,笹目通り×目白通り,R4/11,光が丘,D 荻窪,12笹目橋,12,2,-,-
322,谷原,笹目通り×目白通り,R4/11,光が丘,D 荻窪,12笹目橋,13,1,-,-
322,谷原,笹目通り×目白通り,R4/11,光が丘,D 荻窪,12笹目橋,14,1,-,-
322,谷原,笹目通り×目白通り,R4/11,光が丘,D 荻窪,12笹目橋,15,1,-,-
322,谷原,笹目通り×目白通り,R4/11,光が丘,D 荻窪,12笹目橋,16,0,-,-
322,谷原,笹目通り×目白通り,R4/11,光が丘,D 荻窪,12笹目橋,17,2,-,-
322,谷原,笹目通り×目白通り,R4/11,光が丘,D 荻窪,12笹目橋,18,4,-,-
322,谷原,笹目通り×目白通り,R4/11,光が丘,D 荻窪,12笹目橋,12時間計,19,-,-
322,谷原,笹目通り×目白通り,R4/11,光が丘,D 荻窪,13練馬,7,0,-,-
322,谷原,笹目通り×目白通り,R4/11,光が丘,D 荻窪,13練馬,8,0,-,-
322,谷原,笹目通り×目白通り,R4/11,光が丘,D 荻窪,13練馬,9,0,-,-
322,谷原,笹目通り×目白通り,R4/11,光が丘,D 荻窪,13練馬,10,0,-,-
322,谷原,笹目通り×目白通り,R4/11,光が丘,D 荻窪,13練馬,11,0,-,-
322,谷原,笹目通り×目白通り,R4/11,光が丘,D 荻窪,13練馬,12,0,-,-
322,谷原,笹目通り×目白通り,R4/11,光が丘,D 荻窪,13練馬,13,0,-,-
322,谷原,笹目通り×目白通り,R4/11,光が丘,D 荻窪,13練馬,14,0,-,-
322,谷原,笹目通り×目白通り,R4/11,光が丘,D 荻窪,13練馬,15,0,-,-
322,谷原,笹目通り×目白通り,R4/11,光が丘,D 荻窪,13練馬,16,0,-,-
322,谷原,笹目通り×目白通り,R4/11,光が丘,D 荻窪,13練馬,17,0,-,-
322,谷原,笹目通り×目白通り,R4/11,光が丘,D 荻窪,13練馬,18,0,-,-
322,谷原,笹目通り×目白通り,R4/11,光が丘,D 荻窪,13練馬,12時間計,0,-,-
322,谷原,笹目通り×目白通り,R4/11,光が丘,D 荻窪,14笹目橋,7,0,-,-
322,谷原,笹目通り×目白通り,R4/11,光が丘,D 荻窪,14笹目橋,8,0,-,-
322,谷原,笹目通り×目白通り,R4/11,光が丘,D 荻窪,14笹目橋,9,0,-,-
322,谷原,笹目通り×目白通り,R4/11,光が丘,D 荻窪,14笹目橋,10,0,-,-
322,谷原,笹目通り×目白通り,R4/11,光が丘,D 荻窪,14笹目橋,11,0,-,-
322,谷原,笹目通り×目白通り,R4/11,光が丘,D 荻窪,14笹目橋,12,0,-,-
322,谷原,笹目通り×目白通り,R4/11,光が丘,D 荻窪,14笹目橋,13,0,-,-
322,谷原,笹目通り×目白通り,R4/11,光が丘,D 荻窪,14笹目橋,14,0,-,-
322,谷原,笹目通り×目白通り,R4/11,光が丘,D 荻窪,14笹目橋,15,0,-,-
322,谷原,笹目通り×目白通り,R4/11,光が丘,D 荻窪,14笹目橋,16,0,-,-
322,谷原,笹目通り×目白通り,R4/11,光が丘,D 荻窪,14笹目橋,17,0,-,-
322,谷原,笹目通り×目白通り,R4/11,光が丘,D 荻窪,14笹目橋,18,0,-,-
322,谷原,笹目通り×目白通り,R4/11,光が丘,D 荻窪,14笹目橋,12時間計,0,-,-
322,谷原,笹目通り×目白通り,R4/11,光が丘,D 荻窪,流入計,7,3,34,37
322,谷原,笹目通り×目白通り,R4/11,光が丘,D 荻窪,流入計,8,6,64,70
322,谷原,笹目通り×目白通り,R4/11,光が丘,D 荻窪,流入計,9,2,41,43
322,谷原,笹目通り×目白通り,R4/11,光が丘,D 荻窪,流入計,10,2,23,25
322,谷原,笹目通り×目白通り,R4/11,光が丘,D 荻窪,流入計,11,0,22,22
322,谷原,笹目通り×目白通り,R4/11,光が丘,D 荻窪,流入計,12,2,22,24
322,谷原,笹目通り×目白通り,R4/11,光が丘,D 荻窪,流入計,13,3,27,30
322,谷原,笹目通り×目白通り,R4/11,光が丘,D 荻窪,流入計,14,2,22,24
322,谷原,笹目通り×目白通り,R4/11,光が丘,D 荻窪,流入計,15,1,24,25
322,谷原,笹目通り×目白通り,R4/11,光が丘,D 荻窪,流入計,16,1,28,29
322,谷原,笹目通り×目白通り,R4/11,光が丘,D 荻窪,流入計,17,4,43,47
322,谷原,笹目通り×目白通り,R4/11,光が丘,D 荻窪,流入計,18,6,55,61
322,谷原,笹目通り×目白通り,R4/11,光が丘,D 荻窪,流入計,12時間計,32,405,437
322,谷原,笹目通り×目白通り,R4/11,光が丘,E 練馬,15荻窪,7,1,-,-
322,谷原,笹目通り×目白通り,R4/11,光が丘,E 練馬,15荻窪,8,1,-,-
322,谷原,笹目通り×目白通り,R4/11,光が丘,E 練馬,15荻窪,9,0,-,-
322,谷原,笹目通り×目白通り,R4/11,光が丘,E 練馬,15荻窪,10,0,-,-
322,谷原,笹目通り×目白通り,R4/11,光が丘,E 練馬,15荻窪,11,0,-,-
322,谷原,笹目通り×目白通り,R4/11,光が丘,E 練馬,15荻窪,12,0,-,-
322,谷原,笹目通り×目白通り,R4/11,光が丘,E 練馬,15荻窪,13,0,-,-
322,谷原,笹目通り×目白通り,R4/11,光が丘,E 練馬,15荻窪,14,1,-,-
322,谷原,笹目通り×目白通り,R4/11,光が丘,E 練馬,15荻窪,15,0,-,-
322,谷原,笹目通り×目白通り,R4/11,光が丘,E 練馬,15荻窪,16,0,-,-
322,谷原,笹目通り×目白通り,R4/11,光が丘,E 練馬,15荻窪,17,0,-,-
322,谷原,笹目通り×目白通り,R4/11,光が丘,E 練馬,15荻窪,18,0,-,-
322,谷原,笹目通り×目白通り,R4/11,光が丘,E 練馬,15荻窪,12時間計,3,-,-
322,谷原,笹目通り×目白通り,R4/11,光が丘,E 練馬,16石神井,7,0,-,-
322,谷原,笹目通り×目白通り,R4/11,光が丘,E 練馬,16石神井,8,8,-,-
322,谷原,笹目通り×目白通り,R4/11,光が丘,E 練馬,16石神井,9,3,-,-
322,谷原,笹目通り×目白通り,R4/11,光が丘,E 練馬,16石神井,10,1,-,-
322,谷原,笹目通り×目白通り,R4/11,光が丘,E 練馬,16石神井,11,1,-,-
322,谷原,笹目通り×目白通り,R4/11,光が丘,E 練馬,16石神井,12,2,-,-
322,谷原,笹目通り×目白通り,R4/11,光が丘,E 練馬,16石神井,13,0,-,-
322,谷原,笹目通り×目白通り,R4/11,光が丘,E 練馬,16石神井,14,2,-,-
322,谷原,笹目通り×目白通り,R4/11,光が丘,E 練馬,16石神井,15,3,-,-
322,谷原,笹目通り×目白通り,R4/11,光が丘,E 練馬,16石神井,16,3,-,-
322,谷原,笹目通り×目白通り,R4/11,光が丘,E 練馬,16石神井,17,6,-,-
322,谷原,笹目通り×目白通り,R4/11,光が丘,E 練馬,16石神井,18,7,-,-
322,谷原,笹目通り×目白通り,R4/11,光が丘,E 練馬,16石神井,12時間計,36,-,-
322,谷原,笹目通り×目白通り,R4/11,光が丘,E 練馬,17大泉,7,14,-,-
322,谷原,笹目通り×目白通り,R4/11,光が丘,E 練馬,17大泉,8,9,-,-
322,谷原,笹目通り×目白通り,R4/11,光が丘,E 練馬,17大泉,9,4,-,-
322,谷原,笹目通り×目白通り,R4/11,光が丘,E 練馬,17大泉,10,3,-,-
322,谷原,笹目通り×目白通り,R4/11,光が丘,E 練馬,17大泉,11,2,-,-
322,谷原,笹目通り×目白通り,R4/11,光が丘,E 練馬,17大泉,12,3,-,-
322,谷原,笹目通り×目白通り,R4/11,光が丘,E 練馬,17大泉,13,3,-,-
322,谷原,笹目通り×目白通り,R4/11,光が丘,E 練馬,17大泉,14,6,-,-
322,谷原,笹目通り×目白通り,R4/11,光が丘,E 練馬,17大泉,15,8,-,-
322,谷原,笹目通り×目白通り,R4/11,光が丘,E 練馬,17大泉,16,9,-,-
322,谷原,笹目通り×目白通り,R4/11,光が丘,E 練馬,17大泉,17,13,-,-
322,谷原,笹目通り×目白通り,R4/11,光が丘,E 練馬,17大泉,18,10,-,-
322,谷原,笹目通り×目白通り,R4/11,光が丘,E 練馬,17大泉,12時間計,84,-,-
322,谷原,笹目通り×目白通り,R4/11,光が丘,E 練馬,18笹目橋,7,1,-,-
322,谷原,笹目通り×目白通り,R4/11,光が丘,E 練馬,18笹目橋,8,0,-,-
322,谷原,笹目通り×目白通り,R4/11,光が丘,E 練馬,18笹目橋,9,0,-,-
322,谷原,笹目通り×目白通り,R4/11,光が丘,E 練馬,18笹目橋,10,0,-,-
322,谷原,笹目通り×目白通り,R4/11,光が丘,E 練馬,18笹目橋,11,0,-,-
322,谷原,笹目通り×目白通り,R4/11,光が丘,E 練馬,18笹目橋,12,0,-,-
322,谷原,笹目通り×目白通り,R4/11,光が丘,E 練馬,18笹目橋,13,0,-,-
322,谷原,笹目通り×目白通り,R4/11,光が丘,E 練馬,18笹目橋,14,0,-,-
322,谷原,笹目通り×目白通り,R4/11,光が丘,E 練馬,18笹目橋,15,0,-,-
322,谷原,笹目通り×目白通り,R4/11,光が丘,E 練馬,18笹目橋,16,0,-,-
322,谷原,笹目通り×目白通り,R4/11,光が丘,E 練馬,18笹目橋,17,0,-,-
322,谷原,笹目通り×目白通り,R4/11,光が丘,E 練馬,18笹目橋,18,0,-,-
322,谷原,笹目通り×目白通り,R4/11,光が丘,E 練馬,18笹目橋,12時間計,1,-,-
322,谷原,笹目通り×目白通り,R4/11,光が丘,E 練馬,流入計,7,16,21,37
322,谷原,笹目通り×目白通り,R4/11,光が丘,E 練馬,流入計,8,18,36,54
322,谷原,笹目通り×目白通り,R4/11,光が丘,E 練馬,流入計,9,7,42,49
322,谷原,笹目通り×目白通り,R4/11,光が丘,E 練馬,流入計,10,4,53,57
322,谷原,笹目通り×目白通り,R4/11,光が丘,E 練馬,流入計,11,3,47,50
322,谷原,笹目通り×目白通り,R4/11,光が丘,E 練馬,流入計,12,5,28,33
322,谷原,笹目通り×目白通り,R4/11,光が丘,E 練馬,流入計,13,3,28,31
322,谷原,笹目通り×目白通り,R4/11,光が丘,E 練馬,流入計,14,9,36,45
322,谷原,笹目通り×目白通り,R4/11,光が丘,E 練馬,流入計,15,11,57,68
322,谷原,笹目通り×目白通り,R4/11,光が丘,E 練馬,流入計,16,12,58,70
322,谷原,笹目通り×目白通り,R4/11,光が丘,E 練馬,流入計,17,19,127,146
322,谷原,笹目通り×目白通り,R4/11,光が丘,E 練馬,流入計,18,17,65,82
322,谷原,笹目通り×目白通り,R4/11,光が丘,E 練馬,流入計,12時間計,124,598,722
322,谷原,笹目通り×目白通り,R4/11,光が丘,全方向計,全方向計,7,75,135,210
322,谷原,笹目通り×目白通り,R4/11,光が丘,全方向計,全方向計,8,56,253,309
322,谷原,笹目通り×目白通り,R4/11,光が丘,全方向計,全方向計,9,25,183,208
322,谷原,笹目通り×目白通り,R4/11,光が丘,全方向計,全方向計,10,21,170,191
322,谷原,笹目通り×目白通り,R4/11,光が丘,全方向計,全方向計,11,9,169,178
322,谷原,笹目通り×目白通り,R4/11,光が丘,全方向計,全方向計,12,15,146,161
322,谷原,笹目通り×目白通り,R4/11,光が丘,全方向計,全方向計,13,16,164,180
322,谷原,笹目通り×目白通り,R4/11,光が丘,全方向計,全方向計,14,18,155,173
322,谷原,笹目通り×目白通り,R4/11,光が丘,全方向計,全方向計,15,24,226,250
322,谷原,笹目通り×目白通り,R4/11,光が丘,全方向計,全方向計,16,21,213,234
322,谷原,笹目通り×目白通り,R4/11,光が丘,全方向計,全方向計,17,33,302,335
322,谷原,笹目通り×目白通り,R4/11,光が丘,全方向計,全方向計,18,39,284,323
322,谷原,笹目通り×目白通り,R4/11,光が丘,全方向計,全方向計,12時間計,352,2400,2752
