﻿地点番号,地点名,交差道路名,調査年月,管轄警察署,流入方向,流出方向,時間帯等,大型乗用,大型貨物,普通乗用,普通貨物,四輪計,二輪車
322,谷原,笹目通り×目白通り,R4/11,光が丘,A 笹目橋,1.練馬,7,4,14,69,170,257,12
322,谷原,笹目通り×目白通り,R4/11,光が丘,A 笹目橋,1.練馬,8,6,20,89,114,229,16
322,谷原,笹目通り×目白通り,R4/11,光が丘,A 笹目橋,1.練馬,9,4,26,111,126,267,9
322,谷原,笹目通り×目白通り,R4/11,光が丘,A 笹目橋,1.練馬,10,4,41,139,123,307,10
322,谷原,笹目通り×目白通り,R4/11,光が丘,A 笹目橋,1.練馬,11,4,37,153,147,341,8
322,谷原,笹目通り×目白通り,R4/11,光が丘,A 笹目橋,1.練馬,12,5,34,104,127,270,9
322,谷原,笹目通り×目白通り,R4/11,光が丘,A 笹目橋,1.練馬,13,4,37,149,139,329,15
322,谷原,笹目通り×目白通り,R4/11,光が丘,A 笹目橋,1.練馬,14,3,34,128,117,282,8
322,谷原,笹目通り×目白通り,R4/11,光が丘,A 笹目橋,1.練馬,15,8,22,136,115,281,8
322,谷原,笹目通り×目白通り,R4/11,光が丘,A 笹目橋,1.練馬,16,7,18,124,105,254,9
322,谷原,笹目通り×目白通り,R4/11,光が丘,A 笹目橋,1.練馬,17,4,17,151,88,260,17
322,谷原,笹目通り×目白通り,R4/11,光が丘,A 笹目橋,1.練馬,18,6,12,145,89,252,13
322,谷原,笹目通り×目白通り,R4/11,光が丘,A 笹目橋,1.練馬,12時間計,59,312,1498,1460,3329,134
322,谷原,笹目通り×目白通り,R4/11,光が丘,A 笹目橋,2.荻窪,7,2,1,18,15,36,4
322,谷原,笹目通り×目白通り,R4/11,光が丘,A 笹目橋,2.荻窪,8,1,1,6,9,17,2
322,谷原,笹目通り×目白通り,R4/11,光が丘,A 笹目橋,2.荻窪,9,0,0,6,5,11,0
322,谷原,笹目通り×目白通り,R4/11,光が丘,A 笹目橋,2.荻窪,10,0,0,7,5,12,0
322,谷原,笹目通り×目白通り,R4/11,光が丘,A 笹目橋,2.荻窪,11,0,0,6,4,10,3
322,谷原,笹目通り×目白通り,R4/11,光が丘,A 笹目橋,2.荻窪,12,0,0,5,0,5,1
322,谷原,笹目通り×目白通り,R4/11,光が丘,A 笹目橋,2.荻窪,13,0,2,7,1,10,1
322,谷原,笹目通り×目白通り,R4/11,光が丘,A 笹目橋,2.荻窪,14,2,1,5,4,12,4
322,谷原,笹目通り×目白通り,R4/11,光が丘,A 笹目橋,2.荻窪,15,0,0,12,8,20,6
322,谷原,笹目通り×目白通り,R4/11,光が丘,A 笹目橋,2.荻窪,16,0,0,10,4,14,2
322,谷原,笹目通り×目白通り,R4/11,光が丘,A 笹目橋,2.荻窪,17,0,0,13,2,15,0
322,谷原,笹目通り×目白通り,R4/11,光が丘,A 笹目橋,2.荻窪,18,0,0,13,8,21,1
322,谷原,笹目通り×目白通り,R4/11,光が丘,A 笹目橋,2.荻窪,12時間計,5,5,108,65,183,24
322,谷原,笹目通り×目白通り,R4/11,光が丘,A 笹目橋,3.石神井,7,0,1,37,70,108,8
322,谷原,笹目通り×目白通り,R4/11,光が丘,A 笹目橋,3.石神井,8,1,0,51,46,98,6
322,谷原,笹目通り×目白通り,R4/11,光が丘,A 笹目橋,3.石神井,9,0,0,32,36,68,1
322,谷原,笹目通り×目白通り,R4/11,光が丘,A 笹目橋,3.石神井,10,2,0,44,41,87,4
322,谷原,笹目通り×目白通り,R4/11,光が丘,A 笹目橋,3.石神井,11,0,0,40,34,74,3
322,谷原,笹目通り×目白通り,R4/11,光が丘,A 笹目橋,3.石神井,12,0,3,54,33,90,8
322,谷原,笹目通り×目白通り,R4/11,光が丘,A 笹目橋,3.石神井,13,1,0,49,30,80,13
322,谷原,笹目通り×目白通り,R4/11,光が丘,A 笹目橋,3.石神井,14,1,0,34,28,63,2
322,谷原,笹目通り×目白通り,R4/11,光が丘,A 笹目橋,3.石神井,15,2,1,40,26,69,2
322,谷原,笹目通り×目白通り,R4/11,光が丘,A 笹目橋,3.石神井,16,1,1,55,26,83,2
322,谷原,笹目通り×目白通り,R4/11,光が丘,A 笹目橋,3.石神井,17,2,0,44,35,81,6
322,谷原,笹目通り×目白通り,R4/11,光が丘,A 笹目橋,3.石神井,18,3,1,65,27,96,11
322,谷原,笹目通り×目白通り,R4/11,光が丘,A 笹目橋,3.石神井,12時間計,13,7,545,432,997,66
322,谷原,笹目通り×目白通り,R4/11,光が丘,A 笹目橋,4.大泉,7,2,5,57,30,94,3
322,谷原,笹目通り×目白通り,R4/11,光が丘,A 笹目橋,4.大泉,8,0,7,79,47,133,6
322,谷原,笹目通り×目白通り,R4/11,光が丘,A 笹目橋,4.大泉,9,0,8,70,34,112,4
322,谷原,笹目通り×目白通り,R4/11,光が丘,A 笹目橋,4.大泉,10,0,6,77,45,128,2
322,谷原,笹目通り×目白通り,R4/11,光が丘,A 笹目橋,4.大泉,11,1,7,90,47,145,3
322,谷原,笹目通り×目白通り,R4/11,光が丘,A 笹目橋,4.大泉,12,1,9,88,42,140,6
322,谷原,笹目通り×目白通り,R4/11,光が丘,A 笹目橋,4.大泉,13,1,11,73,39,124,4
322,谷原,笹目通り×目白通り,R4/11,光が丘,A 笹目橋,4.大泉,14,0,4,79,49,132,4
322,谷原,笹目通り×目白通り,R4/11,光が丘,A 笹目橋,4.大泉,15,1,7,102,67,177,5
322,谷原,笹目通り×目白通り,R4/11,光が丘,A 笹目橋,4.大泉,16,1,2,71,52,126,3
322,谷原,笹目通り×目白通り,R4/11,光が丘,A 笹目橋,4.大泉,17,0,6,90,66,162,14
322,谷原,笹目通り×目白通り,R4/11,光が丘,A 笹目橋,4.大泉,18,1,1,42,28,72,6
322,谷原,笹目通り×目白通り,R4/11,光が丘,A 笹目橋,4.大泉,12時間計,8,73,918,546,1545,60
322,谷原,笹目通り×目白通り,R4/11,光が丘,A 笹目橋,5.荻窪,7,6,45,356,492,899,69
322,谷原,笹目通り×目白通り,R4/11,光が丘,A 笹目橋,5.荻窪,8,4,52,357,462,875,66
322,谷原,笹目通り×目白通り,R4/11,光が丘,A 笹目橋,5.荻窪,9,9,89,392,261,751,28
322,谷原,笹目通り×目白通り,R4/11,光が丘,A 笹目橋,5.荻窪,10,6,97,363,208,674,23
322,谷原,笹目通り×目白通り,R4/11,光が丘,A 笹目橋,5.荻窪,11,3,51,313,295,662,27
322,谷原,笹目通り×目白通り,R4/11,光が丘,A 笹目橋,5.荻窪,12,8,61,307,283,659,23
322,谷原,笹目通り×目白通り,R4/11,光が丘,A 笹目橋,5.荻窪,13,3,47,332,329,711,26
322,谷原,笹目通り×目白通り,R4/11,光が丘,A 笹目橋,5.荻窪,14,4,46,336,282,668,29
322,谷原,笹目通り×目白通り,R4/11,光が丘,A 笹目橋,5.荻窪,15,6,72,342,153,573,27
322,谷原,笹目通り×目白通り,R4/11,光が丘,A 笹目橋,5.荻窪,16,2,54,482,157,695,32
322,谷原,笹目通り×目白通り,R4/11,光が丘,A 笹目橋,5.荻窪,17,5,36,478,164,683,42
322,谷原,笹目通り×目白通り,R4/11,光が丘,A 笹目橋,5.荻窪,18,3,19,519,123,664,53
322,谷原,笹目通り×目白通り,R4/11,光が丘,A 笹目橋,5.荻窪,12時間計,59,669,4577,3209,8514,445
322,谷原,笹目通り×目白通り,R4/11,光が丘,A 笹目橋,流入計,7,14,66,537,777,1394,96
322,谷原,笹目通り×目白通り,R4/11,光が丘,A 笹目橋,流入計,8,12,80,582,678,1352,96
322,谷原,笹目通り×目白通り,R4/11,光が丘,A 笹目橋,流入計,9,13,123,611,462,1209,42
322,谷原,笹目通り×目白通り,R4/11,光が丘,A 笹目橋,流入計,10,12,144,630,422,1208,39
322,谷原,笹目通り×目白通り,R4/11,光が丘,A 笹目橋,流入計,11,8,95,602,527,1232,44
322,谷原,笹目通り×目白通り,R4/11,光が丘,A 笹目橋,流入計,12,14,107,558,485,1164,47
322,谷原,笹目通り×目白通り,R4/11,光が丘,A 笹目橋,流入計,13,9,97,610,538,1254,59
322,谷原,笹目通り×目白通り,R4/11,光が丘,A 笹目橋,流入計,14,10,85,582,480,1157,47
322,谷原,笹目通り×目白通り,R4/11,光が丘,A 笹目橋,流入計,15,17,102,632,369,1120,48
322,谷原,笹目通り×目白通り,R4/11,光が丘,A 笹目橋,流入計,16,11,75,742,344,1172,48
322,谷原,笹目通り×目白通り,R4/11,光が丘,A 笹目橋,流入計,17,11,59,776,355,1201,79
322,谷原,笹目通り×目白通り,R4/11,光が丘,A 笹目橋,流入計,18,13,33,784,275,1105,84
322,谷原,笹目通り×目白通り,R4/11,光が丘,A 笹目橋,流入計,12時間計,144,1066,7646,5712,14568,729
322,谷原,笹目通り×目白通り,R4/11,光が丘,B 大泉,6.笹目橋,7,0,4,55,52,111,5
322,谷原,笹目通り×目白通り,R4/11,光が丘,B 大泉,6.笹目橋,8,2,0,78,63,143,1
322,谷原,笹目通り×目白通り,R4/11,光が丘,B 大泉,6.笹目橋,9,1,6,68,55,130,7
322,谷原,笹目通り×目白通り,R4/11,光が丘,B 大泉,6.笹目橋,10,1,8,75,64,148,3
322,谷原,笹目通り×目白通り,R4/11,光が丘,B 大泉,6.笹目橋,11,2,6,86,58,152,4
322,谷原,笹目通り×目白通り,R4/11,光が丘,B 大泉,6.笹目橋,12,0,5,65,50,120,3
322,谷原,笹目通り×目白通り,R4/11,光が丘,B 大泉,6.笹目橋,13,1,2,71,38,112,6
322,谷原,笹目通り×目白通り,R4/11,光が丘,B 大泉,6.笹目橋,14,4,1,97,54,156,2
322,谷原,笹目通り×目白通り,R4/11,光が丘,B 大泉,6.笹目橋,15,2,0,95,48,145,4
322,谷原,笹目通り×目白通り,R4/11,光が丘,B 大泉,6.笹目橋,16,2,1,95,53,151,3
322,谷原,笹目通り×目白通り,R4/11,光が丘,B 大泉,6.笹目橋,17,0,4,93,52,149,7
322,谷原,笹目通り×目白通り,R4/11,光が丘,B 大泉,6.笹目橋,18,1,0,100,38,139,6
322,谷原,笹目通り×目白通り,R4/11,光が丘,B 大泉,6.笹目橋,12時間計,16,37,978,625,1656,51
322,谷原,笹目通り×目白通り,R4/11,光が丘,B 大泉,7.練馬,7,7,30,586,640,1263,82
322,谷原,笹目通り×目白通り,R4/11,光が丘,B 大泉,7.練馬,8,4,48,596,404,1052,62
322,谷原,笹目通り×目白通り,R4/11,光が丘,B 大泉,7.練馬,9,14,39,643,410,1106,46
322,谷原,笹目通り×目白通り,R4/11,光が丘,B 大泉,7.練馬,10,17,73,618,365,1073,39
322,谷原,笹目通り×目白通り,R4/11,光が丘,B 大泉,7.練馬,11,16,49,619,334,1018,31
322,谷原,笹目通り×目白通り,R4/11,光が丘,B 大泉,7.練馬,12,4,47,639,339,1029,44
322,谷原,笹目通り×目白通り,R4/11,光が丘,B 大泉,7.練馬,13,8,38,638,399,1083,51
322,谷原,笹目通り×目白通り,R4/11,光が丘,B 大泉,7.練馬,14,5,56,643,303,1007,37
322,谷原,笹目通り×目白通り,R4/11,光が丘,B 大泉,7.練馬,15,21,20,845,328,1214,48
322,谷原,笹目通り×目白通り,R4/11,光が丘,B 大泉,7.練馬,16,10,18,830,276,1134,54
322,谷原,笹目通り×目白通り,R4/11,光が丘,B 大泉,7.練馬,17,13,12,914,315,1254,60
322,谷原,笹目通り×目白通り,R4/11,光が丘,B 大泉,7.練馬,18,9,7,737,246,999,47
322,谷原,笹目通り×目白通り,R4/11,光が丘,B 大泉,7.練馬,12時間計,128,437,8308,4359,13232,601
322,谷原,笹目通り×目白通り,R4/11,光が丘,B 大泉,8.荻窪,7,1,26,189,172,388,7
322,谷原,笹目通り×目白通り,R4/11,光が丘,B 大泉,8.荻窪,8,1,34,263,199,497,11
322,谷原,笹目通り×目白通り,R4/11,光が丘,B 大泉,8.荻窪,9,1,29,201,174,405,9
322,谷原,笹目通り×目白通り,R4/11,光が丘,B 大泉,8.荻窪,10,2,42,228,102,374,7
322,谷原,笹目通り×目白通り,R4/11,光が丘,B 大泉,8.荻窪,11,3,36,208,110,357,9
322,谷原,笹目通り×目白通り,R4/11,光が丘,B 大泉,8.荻窪,12,0,39,217,138,394,5
322,谷原,笹目通り×目白通り,R4/11,光が丘,B 大泉,8.荻窪,13,3,24,239,135,401,9
322,谷原,笹目通り×目白通り,R4/11,光が丘,B 大泉,8.荻窪,14,5,36,378,156,575,8
322,谷原,笹目通り×目白通り,R4/11,光が丘,B 大泉,8.荻窪,15,1,19,472,142,634,10
322,谷原,笹目通り×目白通り,R4/11,光が丘,B 大泉,8.荻窪,16,2,17,440,130,589,9
322,谷原,笹目通り×目白通り,R4/11,光が丘,B 大泉,8.荻窪,17,1,15,409,129,554,8
322,谷原,笹目通り×目白通り,R4/11,光が丘,B 大泉,8.荻窪,18,4,10,358,99,471,9
322,谷原,笹目通り×目白通り,R4/11,光が丘,B 大泉,8.荻窪,12時間計,24,327,3602,1686,5639,101
322,谷原,笹目通り×目白通り,R4/11,光が丘,B 大泉,流入計,7,8,60,830,864,1762,94
322,谷原,笹目通り×目白通り,R4/11,光が丘,B 大泉,流入計,8,7,82,937,666,1692,74
322,谷原,笹目通り×目白通り,R4/11,光が丘,B 大泉,流入計,9,16,74,912,639,1641,62
322,谷原,笹目通り×目白通り,R4/11,光が丘,B 大泉,流入計,10,20,123,921,531,1595,49
322,谷原,笹目通り×目白通り,R4/11,光が丘,B 大泉,流入計,11,21,91,913,502,1527,44
322,谷原,笹目通り×目白通り,R4/11,光が丘,B 大泉,流入計,12,4,91,921,527,1543,52
322,谷原,笹目通り×目白通り,R4/11,光が丘,B 大泉,流入計,13,12,64,948,572,1596,66
322,谷原,笹目通り×目白通り,R4/11,光が丘,B 大泉,流入計,14,14,93,1118,513,1738,47
322,谷原,笹目通り×目白通り,R4/11,光が丘,B 大泉,流入計,15,24,39,1412,518,1993,62
322,谷原,笹目通り×目白通り,R4/11,光が丘,B 大泉,流入計,16,14,36,1365,459,1874,66
322,谷原,笹目通り×目白通り,R4/11,光が丘,B 大泉,流入計,17,14,31,1416,496,1957,75
322,谷原,笹目通り×目白通り,R4/11,光が丘,B 大泉,流入計,18,14,17,1195,383,1609,62
322,谷原,笹目通り×目白通り,R4/11,光が丘,B 大泉,流入計,12時間計,168,801,12888,6670,20527,753
322,谷原,笹目通り×目白通り,R4/11,光が丘,C 石神井,9.大泉,7,0,0,2,0,2,0
322,谷原,笹目通り×目白通り,R4/11,光が丘,C 石神井,9.大泉,8,0,0,2,0,2,0
322,谷原,笹目通り×目白通り,R4/11,光が丘,C 石神井,9.大泉,9,0,0,2,4,6,0
322,谷原,笹目通り×目白通り,R4/11,光が丘,C 石神井,9.大泉,10,0,0,3,3,6,0
322,谷原,笹目通り×目白通り,R4/11,光が丘,C 石神井,9.大泉,11,0,0,3,1,4,0
322,谷原,笹目通り×目白通り,R4/11,光が丘,C 石神井,9.大泉,12,0,0,2,1,3,0
322,谷原,笹目通り×目白通り,R4/11,光が丘,C 石神井,9.大泉,13,0,0,5,1,6,0
322,谷原,笹目通り×目白通り,R4/11,光が丘,C 石神井,9.大泉,14,0,0,3,0,3,0
322,谷原,笹目通り×目白通り,R4/11,光が丘,C 石神井,9.大泉,15,0,0,3,1,4,0
322,谷原,笹目通り×目白通り,R4/11,光が丘,C 石神井,9.大泉,16,0,0,3,0,3,0
322,谷原,笹目通り×目白通り,R4/11,光が丘,C 石神井,9.大泉,17,0,0,4,0,4,0
322,谷原,笹目通り×目白通り,R4/11,光が丘,C 石神井,9.大泉,18,0,0,4,1,5,0
322,谷原,笹目通り×目白通り,R4/11,光が丘,C 石神井,9.大泉,12時間計,0,0,36,12,48,0
322,谷原,笹目通り×目白通り,R4/11,光が丘,C 石神井,流入計,7,0,0,2,0,2,0
322,谷原,笹目通り×目白通り,R4/11,光が丘,C 石神井,流入計,8,0,0,2,0,2,0
322,谷原,笹目通り×目白通り,R4/11,光が丘,C 石神井,流入計,9,0,0,2,4,6,0
322,谷原,笹目通り×目白通り,R4/11,光が丘,C 石神井,流入計,10,0,0,3,3,6,0
322,谷原,笹目通り×目白通り,R4/11,光が丘,C 石神井,流入計,11,0,0,3,1,4,0
322,谷原,笹目通り×目白通り,R4/11,光が丘,C 石神井,流入計,12,0,0,2,1,3,0
322,谷原,笹目通り×目白通り,R4/11,光が丘,C 石神井,流入計,13,0,0,5,1,6,0
322,谷原,笹目通り×目白通り,R4/11,光が丘,C 石神井,流入計,14,0,0,3,0,3,0
322,谷原,笹目通り×目白通り,R4/11,光が丘,C 石神井,流入計,15,0,0,3,1,4,0
322,谷原,笹目通り×目白通り,R4/11,光が丘,C 石神井,流入計,16,0,0,3,0,3,0
322,谷原,笹目通り×目白通り,R4/11,光が丘,C 石神井,流入計,17,0,0,4,0,4,0
322,谷原,笹目通り×目白通り,R4/11,光が丘,C 石神井,流入計,18,0,0,4,1,5,0
322,谷原,笹目通り×目白通り,R4/11,光が丘,C 石神井,流入計,12時間計,0,0,36,12,48,0
322,谷原,笹目通り×目白通り,R4/11,光が丘,D 荻窪,10.石神井,7,1,0,15,19,35,2
322,谷原,笹目通り×目白通り,R4/11,光が丘,D 荻窪,10.石神井,8,1,1,18,11,31,2
322,谷原,笹目通り×目白通り,R4/11,光が丘,D 荻窪,10.石神井,9,3,0,10,4,17,0
322,谷原,笹目通り×目白通り,R4/11,光が丘,D 荻窪,10.石神井,10,2,0,5,9,16,0
322,谷原,笹目通り×目白通り,R4/11,光が丘,D 荻窪,10.石神井,11,1,1,13,11,26,0
322,谷原,笹目通り×目白通り,R4/11,光が丘,D 荻窪,10.石神井,12,2,0,8,9,19,1
322,谷原,笹目通り×目白通り,R4/11,光が丘,D 荻窪,10.石神井,13,1,0,11,8,20,1
322,谷原,笹目通り×目白通り,R4/11,光が丘,D 荻窪,10.石神井,14,1,1,11,6,19,0
322,谷原,笹目通り×目白通り,R4/11,光が丘,D 荻窪,10.石神井,15,2,0,10,6,18,0
322,谷原,笹目通り×目白通り,R4/11,光が丘,D 荻窪,10.石神井,16,2,0,13,7,22,0
322,谷原,笹目通り×目白通り,R4/11,光が丘,D 荻窪,10.石神井,17,1,0,9,7,17,1
322,谷原,笹目通り×目白通り,R4/11,光が丘,D 荻窪,10.石神井,18,2,0,7,4,13,1
322,谷原,笹目通り×目白通り,R4/11,光が丘,D 荻窪,10.石神井,12時間計,19,3,130,101,253,8
322,谷原,笹目通り×目白通り,R4/11,光が丘,D 荻窪,11.大泉,7,0,25,450,170,645,8
322,谷原,笹目通り×目白通り,R4/11,光が丘,D 荻窪,11.大泉,8,1,44,390,145,580,4
322,谷原,笹目通り×目白通り,R4/11,光が丘,D 荻窪,11.大泉,9,3,42,296,187,528,8
322,谷原,笹目通り×目白通り,R4/11,光が丘,D 荻窪,11.大泉,10,2,57,351,168,578,8
322,谷原,笹目通り×目白通り,R4/11,光が丘,D 荻窪,11.大泉,11,2,36,255,165,458,4
322,谷原,笹目通り×目白通り,R4/11,光が丘,D 荻窪,11.大泉,12,1,40,267,214,522,8
322,谷原,笹目通り×目白通り,R4/11,光が丘,D 荻窪,11.大泉,13,0,35,244,184,463,11
322,谷原,笹目通り×目白通り,R4/11,光が丘,D 荻窪,11.大泉,14,3,23,235,185,446,7
322,谷原,笹目通り×目白通り,R4/11,光が丘,D 荻窪,11.大泉,15,1,34,234,179,448,9
322,谷原,笹目通り×目白通り,R4/11,光が丘,D 荻窪,11.大泉,16,2,32,259,283,576,15
322,谷原,笹目通り×目白通り,R4/11,光が丘,D 荻窪,11.大泉,17,3,33,324,261,621,8
322,谷原,笹目通り×目白通り,R4/11,光が丘,D 荻窪,11.大泉,18,1,12,330,225,568,15
322,谷原,笹目通り×目白通り,R4/11,光が丘,D 荻窪,11.大泉,12時間計,19,413,3635,2366,6433,105
322,谷原,笹目通り×目白通り,R4/11,光が丘,D 荻窪,12.笹目橋,7,0,0,4,2,6,3
322,谷原,笹目通り×目白通り,R4/11,光が丘,D 荻窪,12.笹目橋,8,0,0,2,5,7,3
322,谷原,笹目通り×目白通り,R4/11,光が丘,D 荻窪,12.笹目橋,9,0,0,3,4,7,1
322,谷原,笹目通り×目白通り,R4/11,光が丘,D 荻窪,12.笹目橋,10,0,0,8,6,14,1
322,谷原,笹目通り×目白通り,R4/11,光が丘,D 荻窪,12.笹目橋,11,0,0,3,3,6,2
322,谷原,笹目通り×目白通り,R4/11,光が丘,D 荻窪,12.笹目橋,12,0,0,8,6,14,2
322,谷原,笹目通り×目白通り,R4/11,光が丘,D 荻窪,12.笹目橋,13,0,2,2,4,8,2
322,谷原,笹目通り×目白通り,R4/11,光が丘,D 荻窪,12.笹目橋,14,0,0,4,5,9,1
322,谷原,笹目通り×目白通り,R4/11,光が丘,D 荻窪,12.笹目橋,15,0,0,4,3,7,3
322,谷原,笹目通り×目白通り,R4/11,光が丘,D 荻窪,12.笹目橋,16,0,0,6,2,8,2
322,谷原,笹目通り×目白通り,R4/11,光が丘,D 荻窪,12.笹目橋,17,0,0,4,2,6,2
322,谷原,笹目通り×目白通り,R4/11,光が丘,D 荻窪,12.笹目橋,18,0,0,7,5,12,2
322,谷原,笹目通り×目白通り,R4/11,光が丘,D 荻窪,12.笹目橋,12時間計,0,2,55,47,104,24
322,谷原,笹目通り×目白通り,R4/11,光が丘,D 荻窪,13.練馬,7,5,0,14,8,27,2
322,谷原,笹目通り×目白通り,R4/11,光が丘,D 荻窪,13.練馬,8,2,1,18,8,29,3
322,谷原,笹目通り×目白通り,R4/11,光が丘,D 荻窪,13.練馬,9,0,0,26,17,43,3
322,谷原,笹目通り×目白通り,R4/11,光が丘,D 荻窪,13.練馬,10,0,2,23,14,39,4
322,谷原,笹目通り×目白通り,R4/11,光が丘,D 荻窪,13.練馬,11,0,3,33,24,60,6
322,谷原,笹目通り×目白通り,R4/11,光が丘,D 荻窪,13.練馬,12,0,0,24,14,38,2
322,谷原,笹目通り×目白通り,R4/11,光が丘,D 荻窪,13.練馬,13,1,0,28,17,46,3
322,谷原,笹目通り×目白通り,R4/11,光が丘,D 荻窪,13.練馬,14,3,0,30,18,51,4
322,谷原,笹目通り×目白通り,R4/11,光が丘,D 荻窪,13.練馬,15,2,0,23,12,37,2
322,谷原,笹目通り×目白通り,R4/11,光が丘,D 荻窪,13.練馬,16,1,0,25,20,46,4
322,谷原,笹目通り×目白通り,R4/11,光が丘,D 荻窪,13.練馬,17,0,0,20,18,38,7
322,谷原,笹目通り×目白通り,R4/11,光が丘,D 荻窪,13.練馬,18,1,1,16,10,28,3
322,谷原,笹目通り×目白通り,R4/11,光が丘,D 荻窪,13.練馬,12時間計,15,7,280,180,482,43
322,谷原,笹目通り×目白通り,R4/11,光が丘,D 荻窪,14.笹目橋,7,13,85,464,165,727,37
322,谷原,笹目通り×目白通り,R4/11,光が丘,D 荻窪,14.笹目橋,8,7,38,371,291,707,42
322,谷原,笹目通り×目白通り,R4/11,光が丘,D 荻窪,14.笹目橋,9,8,55,298,361,722,26
322,谷原,笹目通り×目白通り,R4/11,光が丘,D 荻窪,14.笹目橋,10,6,72,281,342,701,24
322,谷原,笹目通り×目白通り,R4/11,光が丘,D 荻窪,14.笹目橋,11,3,56,272,339,670,26
322,谷原,笹目通り×目白通り,R4/11,光が丘,D 荻窪,14.笹目橋,12,6,52,335,318,711,27
322,谷原,笹目通り×目白通り,R4/11,光が丘,D 荻窪,14.笹目橋,13,8,81,346,286,721,18
322,谷原,笹目通り×目白通り,R4/11,光が丘,D 荻窪,14.笹目橋,14,5,44,286,337,672,15
322,谷原,笹目通り×目白通り,R4/11,光が丘,D 荻窪,14.笹目橋,15,9,60,309,281,659,28
322,谷原,笹目通り×目白通り,R4/11,光が丘,D 荻窪,14.笹目橋,16,7,38,345,424,814,32
322,谷原,笹目通り×目白通り,R4/11,光が丘,D 荻窪,14.笹目橋,17,5,28,391,402,826,65
322,谷原,笹目通り×目白通り,R4/11,光が丘,D 荻窪,14.笹目橋,18,6,37,420,233,696,46
322,谷原,笹目通り×目白通り,R4/11,光が丘,D 荻窪,14.笹目橋,12時間計,83,646,4118,3779,8626,386
322,谷原,笹目通り×目白通り,R4/11,光が丘,D 荻窪,流入計,7,19,110,947,364,1440,52
322,谷原,笹目通り×目白通り,R4/11,光が丘,D 荻窪,流入計,8,11,84,799,460,1354,54
322,谷原,笹目通り×目白通り,R4/11,光が丘,D 荻窪,流入計,9,14,97,633,573,1317,38
322,谷原,笹目通り×目白通り,R4/11,光が丘,D 荻窪,流入計,10,10,131,668,539,1348,37
322,谷原,笹目通り×目白通り,R4/11,光が丘,D 荻窪,流入計,11,6,96,576,542,1220,38
322,谷原,笹目通り×目白通り,R4/11,光が丘,D 荻窪,流入計,12,9,92,642,561,1304,40
322,谷原,笹目通り×目白通り,R4/11,光が丘,D 荻窪,流入計,13,10,118,631,499,1258,35
322,谷原,笹目通り×目白通り,R4/11,光が丘,D 荻窪,流入計,14,12,68,566,551,1197,27
322,谷原,笹目通り×目白通り,R4/11,光が丘,D 荻窪,流入計,15,14,94,580,481,1169,42
322,谷原,笹目通り×目白通り,R4/11,光が丘,D 荻窪,流入計,16,12,70,648,736,1466,53
322,谷原,笹目通り×目白通り,R4/11,光が丘,D 荻窪,流入計,17,9,61,748,690,1508,83
322,谷原,笹目通り×目白通り,R4/11,光が丘,D 荻窪,流入計,18,10,50,780,477,1317,67
322,谷原,笹目通り×目白通り,R4/11,光が丘,D 荻窪,流入計,12時間計,136,1071,8218,6473,15898,566
322,谷原,笹目通り×目白通り,R4/11,光が丘,E 練馬,15.荻窪,7,2,3,6,4,15,3
322,谷原,笹目通り×目白通り,R4/11,光が丘,E 練馬,15.荻窪,8,0,0,12,8,20,2
322,谷原,笹目通り×目白通り,R4/11,光が丘,E 練馬,15.荻窪,9,0,0,16,12,28,2
322,谷原,笹目通り×目白通り,R4/11,光が丘,E 練馬,15.荻窪,10,1,0,12,19,32,2
322,谷原,笹目通り×目白通り,R4/11,光が丘,E 練馬,15.荻窪,11,0,0,16,17,33,1
322,谷原,笹目通り×目白通り,R4/11,光が丘,E 練馬,15.荻窪,12,2,0,19,14,35,3
322,谷原,笹目通り×目白通り,R4/11,光が丘,E 練馬,15.荻窪,13,0,2,17,11,30,2
322,谷原,笹目通り×目白通り,R4/11,光が丘,E 練馬,15.荻窪,14,0,0,18,14,32,0
322,谷原,笹目通り×目白通り,R4/11,光が丘,E 練馬,15.荻窪,15,0,0,17,8,25,3
322,谷原,笹目通り×目白通り,R4/11,光が丘,E 練馬,15.荻窪,16,1,0,12,7,20,0
322,谷原,笹目通り×目白通り,R4/11,光が丘,E 練馬,15.荻窪,17,0,1,5,7,13,0
322,谷原,笹目通り×目白通り,R4/11,光が丘,E 練馬,15.荻窪,18,0,1,3,2,6,0
322,谷原,笹目通り×目白通り,R4/11,光が丘,E 練馬,15.荻窪,12時間計,6,7,153,123,289,18
322,谷原,笹目通り×目白通り,R4/11,光が丘,E 練馬,16.石神井,7,1,0,66,58,125,10
322,谷原,笹目通り×目白通り,R4/11,光が丘,E 練馬,16.石神井,8,1,0,85,77,163,13
322,谷原,笹目通り×目白通り,R4/11,光が丘,E 練馬,16.石神井,9,3,2,61,67,133,7
322,谷原,笹目通り×目白通り,R4/11,光が丘,E 練馬,16.石神井,10,1,0,73,49,123,8
322,谷原,笹目通り×目白通り,R4/11,光が丘,E 練馬,16.石神井,11,4,0,74,57,135,7
322,谷原,笹目通り×目白通り,R4/11,光が丘,E 練馬,16.石神井,12,2,0,85,46,133,7
322,谷原,笹目通り×目白通り,R4/11,光が丘,E 練馬,16.石神井,13,2,0,77,69,148,12
322,谷原,笹目通り×目白通り,R4/11,光が丘,E 練馬,16.石神井,14,2,0,71,37,110,7
322,谷原,笹目通り×目白通り,R4/11,光が丘,E 練馬,16.石神井,15,2,0,77,53,132,4
322,谷原,笹目通り×目白通り,R4/11,光が丘,E 練馬,16.石神井,16,2,1,82,42,127,8
322,谷原,笹目通り×目白通り,R4/11,光が丘,E 練馬,16.石神井,17,3,0,88,36,127,9
322,谷原,笹目通り×目白通り,R4/11,光が丘,E 練馬,16.石神井,18,3,0,79,42,124,14
322,谷原,笹目通り×目白通り,R4/11,光が丘,E 練馬,16.石神井,12時間計,26,3,918,633,1580,106
322,谷原,笹目通り×目白通り,R4/11,光が丘,E 練馬,17.大泉,7,10,44,747,399,1200,38
322,谷原,笹目通り×目白通り,R4/11,光が丘,E 練馬,17.大泉,8,17,45,692,335,1089,39
322,谷原,笹目通り×目白通り,R4/11,光が丘,E 練馬,17.大泉,9,10,63,616,485,1174,21
322,谷原,笹目通り×目白通り,R4/11,光が丘,E 練馬,17.大泉,10,5,58,569,310,942,35
322,谷原,笹目通り×目白通り,R4/11,光が丘,E 練馬,17.大泉,11,14,56,527,410,1007,23
322,谷原,笹目通り×目白通り,R4/11,光が丘,E 練馬,17.大泉,12,3,61,510,335,909,38
322,谷原,笹目通り×目白通り,R4/11,光が丘,E 練馬,17.大泉,13,4,53,439,389,885,26
322,谷原,笹目通り×目白通り,R4/11,光が丘,E 練馬,17.大泉,14,9,45,484,478,1016,27
322,谷原,笹目通り×目白通り,R4/11,光が丘,E 練馬,17.大泉,15,2,40,420,520,982,32
322,谷原,笹目通り×目白通り,R4/11,光が丘,E 練馬,17.大泉,16,11,26,592,535,1164,45
322,谷原,笹目通り×目白通り,R4/11,光が丘,E 練馬,17.大泉,17,15,18,573,493,1099,62
322,谷原,笹目通り×目白通り,R4/11,光が丘,E 練馬,17.大泉,18,5,23,543,521,1092,65
322,谷原,笹目通り×目白通り,R4/11,光が丘,E 練馬,17.大泉,12時間計,105,532,6712,5210,12559,451
322,谷原,笹目通り×目白通り,R4/11,光が丘,E 練馬,18.笹目橋,7,4,12,128,84,228,10
322,谷原,笹目通り×目白通り,R4/11,光が丘,E 練馬,18.笹目橋,8,4,16,130,107,257,19
322,谷原,笹目通り×目白通り,R4/11,光が丘,E 練馬,18.笹目橋,9,5,30,115,139,289,9
322,谷原,笹目通り×目白通り,R4/11,光が丘,E 練馬,18.笹目橋,10,3,41,119,161,324,11
322,谷原,笹目通り×目白通り,R4/11,光が丘,E 練馬,18.笹目橋,11,3,25,97,188,313,5
322,谷原,笹目通り×目白通り,R4/11,光が丘,E 練馬,18.笹目橋,12,3,20,136,164,323,7
322,谷原,笹目通り×目白通り,R4/11,光が丘,E 練馬,18.笹目橋,13,7,24,120,167,318,4
322,谷原,笹目通り×目白通り,R4/11,光が丘,E 練馬,18.笹目橋,14,3,25,107,192,327,10
322,谷原,笹目通り×目白通り,R4/11,光が丘,E 練馬,18.笹目橋,15,5,17,132,183,337,19
322,谷原,笹目通り×目白通り,R4/11,光が丘,E 練馬,18.笹目橋,16,3,19,116,170,308,14
322,谷原,笹目通り×目白通り,R4/11,光が丘,E 練馬,18.笹目橋,17,7,12,111,178,308,31
322,谷原,笹目通り×目白通り,R4/11,光が丘,E 練馬,18.笹目橋,18,5,17,98,118,238,14
322,谷原,笹目通り×目白通り,R4/11,光が丘,E 練馬,18.笹目橋,12時間計,52,258,1409,1851,3570,153
322,谷原,笹目通り×目白通り,R4/11,光が丘,E 練馬,流入計,7,17,59,947,545,1568,61
322,谷原,笹目通り×目白通り,R4/11,光が丘,E 練馬,流入計,8,22,61,919,527,1529,73
322,谷原,笹目通り×目白通り,R4/11,光が丘,E 練馬,流入計,9,18,95,808,703,1624,39
322,谷原,笹目通り×目白通り,R4/11,光が丘,E 練馬,流入計,10,10,99,773,539,1421,56
322,谷原,笹目通り×目白通り,R4/11,光が丘,E 練馬,流入計,11,21,81,714,672,1488,36
322,谷原,笹目通り×目白通り,R4/11,光が丘,E 練馬,流入計,12,10,81,750,559,1400,55
322,谷原,笹目通り×目白通り,R4/11,光が丘,E 練馬,流入計,13,13,79,653,636,1381,44
322,谷原,笹目通り×目白通り,R4/11,光が丘,E 練馬,流入計,14,14,70,680,721,1485,44
322,谷原,笹目通り×目白通り,R4/11,光が丘,E 練馬,流入計,15,9,57,646,764,1476,58
322,谷原,笹目通り×目白通り,R4/11,光が丘,E 練馬,流入計,16,17,46,802,754,1619,67
322,谷原,笹目通り×目白通り,R4/11,光が丘,E 練馬,流入計,17,25,31,777,714,1547,102
322,谷原,笹目通り×目白通り,R4/11,光が丘,E 練馬,流入計,18,13,41,723,683,1460,93
322,谷原,笹目通り×目白通り,R4/11,光が丘,E 練馬,流入計,12時間計,189,800,9192,7817,17998,728
