﻿地点番号,地点名,交差道路名,調査年月,管轄警察署,流入方向,流出方向,時間帯等,大型乗用,大型貨物,普通乗用,普通貨物,四輪計,二輪車
57,三本杉陸橋,環八通り×世田谷通り,R4/11,成城,A 高井戸,1.三軒茶屋,7,2,1,81,53,137,4
57,三本杉陸橋,環八通り×世田谷通り,R4/11,成城,A 高井戸,1.三軒茶屋,8,1,2,93,34,130,5
57,三本杉陸橋,環八通り×世田谷通り,R4/11,成城,A 高井戸,1.三軒茶屋,9,0,2,57,27,86,1
57,三本杉陸橋,環八通り×世田谷通り,R4/11,成城,A 高井戸,1.三軒茶屋,10,0,8,44,21,73,2
57,三本杉陸橋,環八通り×世田谷通り,R4/11,成城,A 高井戸,1.三軒茶屋,11,0,1,38,21,60,4
57,三本杉陸橋,環八通り×世田谷通り,R4/11,成城,A 高井戸,1.三軒茶屋,12,0,1,44,22,67,2
57,三本杉陸橋,環八通り×世田谷通り,R4/11,成城,A 高井戸,1.三軒茶屋,13,0,1,42,27,70,5
57,三本杉陸橋,環八通り×世田谷通り,R4/11,成城,A 高井戸,1.三軒茶屋,14,3,0,48,23,74,6
57,三本杉陸橋,環八通り×世田谷通り,R4/11,成城,A 高井戸,1.三軒茶屋,15,4,2,54,35,95,5
57,三本杉陸橋,環八通り×世田谷通り,R4/11,成城,A 高井戸,1.三軒茶屋,16,1,1,58,27,87,2
57,三本杉陸橋,環八通り×世田谷通り,R4/11,成城,A 高井戸,1.三軒茶屋,17,0,0,62,28,90,1
57,三本杉陸橋,環八通り×世田谷通り,R4/11,成城,A 高井戸,1.三軒茶屋,18,0,0,59,13,72,3
57,三本杉陸橋,環八通り×世田谷通り,R4/11,成城,A 高井戸,1.三軒茶屋,12時間計,11,19,680,331,1041,40
57,三本杉陸橋,環八通り×世田谷通り,R4/11,成城,A 高井戸,2.蒲田,7,3,1,71,35,110,28
57,三本杉陸橋,環八通り×世田谷通り,R4/11,成城,A 高井戸,2.蒲田,8,2,0,53,23,78,21
57,三本杉陸橋,環八通り×世田谷通り,R4/11,成城,A 高井戸,2.蒲田,9,2,1,23,12,38,3
57,三本杉陸橋,環八通り×世田谷通り,R4/11,成城,A 高井戸,2.蒲田,10,2,0,16,6,24,2
57,三本杉陸橋,環八通り×世田谷通り,R4/11,成城,A 高井戸,2.蒲田,11,3,0,10,10,23,1
57,三本杉陸橋,環八通り×世田谷通り,R4/11,成城,A 高井戸,2.蒲田,12,2,1,11,4,18,3
57,三本杉陸橋,環八通り×世田谷通り,R4/11,成城,A 高井戸,2.蒲田,13,3,1,10,6,20,5
57,三本杉陸橋,環八通り×世田谷通り,R4/11,成城,A 高井戸,2.蒲田,14,3,1,13,8,25,1
57,三本杉陸橋,環八通り×世田谷通り,R4/11,成城,A 高井戸,2.蒲田,15,2,0,10,6,18,1
57,三本杉陸橋,環八通り×世田谷通り,R4/11,成城,A 高井戸,2.蒲田,16,4,0,29,9,42,0
57,三本杉陸橋,環八通り×世田谷通り,R4/11,成城,A 高井戸,2.蒲田,17,3,0,32,18,53,11
57,三本杉陸橋,環八通り×世田谷通り,R4/11,成城,A 高井戸,2.蒲田,18,2,0,24,17,43,4
57,三本杉陸橋,環八通り×世田谷通り,R4/11,成城,A 高井戸,2.蒲田,12時間計,31,5,302,154,492,80
57,三本杉陸橋,環八通り×世田谷通り,R4/11,成城,A 高井戸,3.狛江,7,1,2,83,52,138,13
57,三本杉陸橋,環八通り×世田谷通り,R4/11,成城,A 高井戸,3.狛江,8,1,0,75,49,125,6
57,三本杉陸橋,環八通り×世田谷通り,R4/11,成城,A 高井戸,3.狛江,9,6,1,69,45,121,4
57,三本杉陸橋,環八通り×世田谷通り,R4/11,成城,A 高井戸,3.狛江,10,3,0,89,50,142,4
57,三本杉陸橋,環八通り×世田谷通り,R4/11,成城,A 高井戸,3.狛江,11,0,3,78,48,129,5
57,三本杉陸橋,環八通り×世田谷通り,R4/11,成城,A 高井戸,3.狛江,12,0,0,69,44,113,4
57,三本杉陸橋,環八通り×世田谷通り,R4/11,成城,A 高井戸,3.狛江,13,2,3,87,48,140,4
57,三本杉陸橋,環八通り×世田谷通り,R4/11,成城,A 高井戸,3.狛江,14,5,3,78,54,140,4
57,三本杉陸橋,環八通り×世田谷通り,R4/11,成城,A 高井戸,3.狛江,15,4,3,82,45,134,5
57,三本杉陸橋,環八通り×世田谷通り,R4/11,成城,A 高井戸,3.狛江,16,8,2,76,36,122,5
57,三本杉陸橋,環八通り×世田谷通り,R4/11,成城,A 高井戸,3.狛江,17,3,2,82,44,131,1
57,三本杉陸橋,環八通り×世田谷通り,R4/11,成城,A 高井戸,3.狛江,18,1,1,78,26,106,9
57,三本杉陸橋,環八通り×世田谷通り,R4/11,成城,A 高井戸,3.狛江,12時間計,34,20,946,541,1541,64
57,三本杉陸橋,環八通り×世田谷通り,R4/11,成城,A 高井戸,4.蒲田,7,2,33,731,667,1433,64
57,三本杉陸橋,環八通り×世田谷通り,R4/11,成城,A 高井戸,4.蒲田,8,3,42,884,493,1422,38
57,三本杉陸橋,環八通り×世田谷通り,R4/11,成城,A 高井戸,4.蒲田,9,3,72,790,340,1205,37
57,三本杉陸橋,環八通り×世田谷通り,R4/11,成城,A 高井戸,4.蒲田,10,4,70,808,549,1431,28
57,三本杉陸橋,環八通り×世田谷通り,R4/11,成城,A 高井戸,4.蒲田,11,3,119,788,551,1461,26
57,三本杉陸橋,環八通り×世田谷通り,R4/11,成城,A 高井戸,4.蒲田,12,3,95,720,503,1321,21
57,三本杉陸橋,環八通り×世田谷通り,R4/11,成城,A 高井戸,4.蒲田,13,3,88,676,528,1295,32
57,三本杉陸橋,環八通り×世田谷通り,R4/11,成城,A 高井戸,4.蒲田,14,8,70,757,605,1440,38
57,三本杉陸橋,環八通り×世田谷通り,R4/11,成城,A 高井戸,4.蒲田,15,5,56,797,564,1422,33
57,三本杉陸橋,環八通り×世田谷通り,R4/11,成城,A 高井戸,4.蒲田,16,6,77,915,614,1612,35
57,三本杉陸橋,環八通り×世田谷通り,R4/11,成城,A 高井戸,4.蒲田,17,3,49,869,602,1523,36
57,三本杉陸橋,環八通り×世田谷通り,R4/11,成城,A 高井戸,4.蒲田,18,2,32,873,408,1315,36
57,三本杉陸橋,環八通り×世田谷通り,R4/11,成城,A 高井戸,4.蒲田,12時間計,45,803,9608,6424,16880,424
57,三本杉陸橋,環八通り×世田谷通り,R4/11,成城,A 高井戸,流入計,7,8,37,966,807,1818,109
57,三本杉陸橋,環八通り×世田谷通り,R4/11,成城,A 高井戸,流入計,8,7,44,1105,599,1755,70
57,三本杉陸橋,環八通り×世田谷通り,R4/11,成城,A 高井戸,流入計,9,11,76,939,424,1450,45
57,三本杉陸橋,環八通り×世田谷通り,R4/11,成城,A 高井戸,流入計,10,9,78,957,626,1670,36
57,三本杉陸橋,環八通り×世田谷通り,R4/11,成城,A 高井戸,流入計,11,6,123,914,630,1673,36
57,三本杉陸橋,環八通り×世田谷通り,R4/11,成城,A 高井戸,流入計,12,5,97,844,573,1519,30
57,三本杉陸橋,環八通り×世田谷通り,R4/11,成城,A 高井戸,流入計,13,8,93,815,609,1525,46
57,三本杉陸橋,環八通り×世田谷通り,R4/11,成城,A 高井戸,流入計,14,19,74,896,690,1679,49
57,三本杉陸橋,環八通り×世田谷通り,R4/11,成城,A 高井戸,流入計,15,15,61,943,650,1669,44
57,三本杉陸橋,環八通り×世田谷通り,R4/11,成城,A 高井戸,流入計,16,19,80,1078,686,1863,42
57,三本杉陸橋,環八通り×世田谷通り,R4/11,成城,A 高井戸,流入計,17,9,51,1045,692,1797,49
57,三本杉陸橋,環八通り×世田谷通り,R4/11,成城,A 高井戸,流入計,18,5,33,1034,464,1536,52
57,三本杉陸橋,環八通り×世田谷通り,R4/11,成城,A 高井戸,流入計,12時間計,121,847,11536,7450,19954,608
57,三本杉陸橋,環八通り×世田谷通り,R4/11,成城,B 狛江,5.高井戸,7,6,3,23,20,52,1
57,三本杉陸橋,環八通り×世田谷通り,R4/11,成城,B 狛江,5.高井戸,8,2,3,26,22,53,1
57,三本杉陸橋,環八通り×世田谷通り,R4/11,成城,B 狛江,5.高井戸,9,4,0,46,34,84,0
57,三本杉陸橋,環八通り×世田谷通り,R4/11,成城,B 狛江,5.高井戸,10,1,2,55,29,87,1
57,三本杉陸橋,環八通り×世田谷通り,R4/11,成城,B 狛江,5.高井戸,11,5,1,61,30,97,4
57,三本杉陸橋,環八通り×世田谷通り,R4/11,成城,B 狛江,5.高井戸,12,1,3,56,33,93,4
57,三本杉陸橋,環八通り×世田谷通り,R4/11,成城,B 狛江,5.高井戸,13,3,4,59,45,111,1
57,三本杉陸橋,環八通り×世田谷通り,R4/11,成城,B 狛江,5.高井戸,14,6,1,65,29,101,3
57,三本杉陸橋,環八通り×世田谷通り,R4/11,成城,B 狛江,5.高井戸,15,7,0,76,37,120,1
57,三本杉陸橋,環八通り×世田谷通り,R4/11,成城,B 狛江,5.高井戸,16,5,1,52,22,80,3
57,三本杉陸橋,環八通り×世田谷通り,R4/11,成城,B 狛江,5.高井戸,17,3,0,53,29,85,4
57,三本杉陸橋,環八通り×世田谷通り,R4/11,成城,B 狛江,5.高井戸,18,7,3,75,25,110,3
57,三本杉陸橋,環八通り×世田谷通り,R4/11,成城,B 狛江,5.高井戸,12時間計,50,21,647,355,1073,26
57,三本杉陸橋,環八通り×世田谷通り,R4/11,成城,B 狛江,6.三軒茶屋,7,19,2,176,150,347,66
57,三本杉陸橋,環八通り×世田谷通り,R4/11,成城,B 狛江,6.三軒茶屋,8,27,3,184,108,322,50
57,三本杉陸橋,環八通り×世田谷通り,R4/11,成城,B 狛江,6.三軒茶屋,9,18,2,185,81,286,34
57,三本杉陸橋,環八通り×世田谷通り,R4/11,成城,B 狛江,6.三軒茶屋,10,13,9,189,92,303,31
57,三本杉陸橋,環八通り×世田谷通り,R4/11,成城,B 狛江,6.三軒茶屋,11,12,3,191,90,296,32
57,三本杉陸橋,環八通り×世田谷通り,R4/11,成城,B 狛江,6.三軒茶屋,12,11,4,165,86,266,27
57,三本杉陸橋,環八通り×世田谷通り,R4/11,成城,B 狛江,6.三軒茶屋,13,15,5,175,69,264,25
57,三本杉陸橋,環八通り×世田谷通り,R4/11,成城,B 狛江,6.三軒茶屋,14,15,2,213,80,310,21
57,三本杉陸橋,環八通り×世田谷通り,R4/11,成城,B 狛江,6.三軒茶屋,15,12,2,195,75,284,30
57,三本杉陸橋,環八通り×世田谷通り,R4/11,成城,B 狛江,6.三軒茶屋,16,13,0,204,87,304,33
57,三本杉陸橋,環八通り×世田谷通り,R4/11,成城,B 狛江,6.三軒茶屋,17,14,2,225,62,303,27
57,三本杉陸橋,環八通り×世田谷通り,R4/11,成城,B 狛江,6.三軒茶屋,18,14,0,164,51,229,21
57,三本杉陸橋,環八通り×世田谷通り,R4/11,成城,B 狛江,6.三軒茶屋,12時間計,183,34,2266,1031,3514,397
57,三本杉陸橋,環八通り×世田谷通り,R4/11,成城,B 狛江,7.蒲田,7,2,7,87,68,164,10
57,三本杉陸橋,環八通り×世田谷通り,R4/11,成城,B 狛江,7.蒲田,8,0,6,94,40,140,7
57,三本杉陸橋,環八通り×世田谷通り,R4/11,成城,B 狛江,7.蒲田,9,0,10,131,49,190,11
57,三本杉陸橋,環八通り×世田谷通り,R4/11,成城,B 狛江,7.蒲田,10,1,9,119,55,184,6
57,三本杉陸橋,環八通り×世田谷通り,R4/11,成城,B 狛江,7.蒲田,11,0,9,144,60,213,6
57,三本杉陸橋,環八通り×世田谷通り,R4/11,成城,B 狛江,7.蒲田,12,1,3,122,53,179,9
57,三本杉陸橋,環八通り×世田谷通り,R4/11,成城,B 狛江,7.蒲田,13,2,11,101,61,175,8
57,三本杉陸橋,環八通り×世田谷通り,R4/11,成城,B 狛江,7.蒲田,14,1,8,124,60,193,0
57,三本杉陸橋,環八通り×世田谷通り,R4/11,成城,B 狛江,7.蒲田,15,2,6,110,73,191,4
57,三本杉陸橋,環八通り×世田谷通り,R4/11,成城,B 狛江,7.蒲田,16,2,3,113,53,171,3
57,三本杉陸橋,環八通り×世田谷通り,R4/11,成城,B 狛江,7.蒲田,17,1,1,127,57,186,8
57,三本杉陸橋,環八通り×世田谷通り,R4/11,成城,B 狛江,7.蒲田,18,1,0,98,33,132,8
57,三本杉陸橋,環八通り×世田谷通り,R4/11,成城,B 狛江,7.蒲田,12時間計,13,73,1370,662,2118,80
57,三本杉陸橋,環八通り×世田谷通り,R4/11,成城,B 狛江,流入計,7,27,12,286,238,563,77
57,三本杉陸橋,環八通り×世田谷通り,R4/11,成城,B 狛江,流入計,8,29,12,304,170,515,58
57,三本杉陸橋,環八通り×世田谷通り,R4/11,成城,B 狛江,流入計,9,22,12,362,164,560,45
57,三本杉陸橋,環八通り×世田谷通り,R4/11,成城,B 狛江,流入計,10,15,20,363,176,574,38
57,三本杉陸橋,環八通り×世田谷通り,R4/11,成城,B 狛江,流入計,11,17,13,396,180,606,42
57,三本杉陸橋,環八通り×世田谷通り,R4/11,成城,B 狛江,流入計,12,13,10,343,172,538,40
57,三本杉陸橋,環八通り×世田谷通り,R4/11,成城,B 狛江,流入計,13,20,20,335,175,550,34
57,三本杉陸橋,環八通り×世田谷通り,R4/11,成城,B 狛江,流入計,14,22,11,402,169,604,24
57,三本杉陸橋,環八通り×世田谷通り,R4/11,成城,B 狛江,流入計,15,21,8,381,185,595,35
57,三本杉陸橋,環八通り×世田谷通り,R4/11,成城,B 狛江,流入計,16,20,4,369,162,555,39
57,三本杉陸橋,環八通り×世田谷通り,R4/11,成城,B 狛江,流入計,17,18,3,405,148,574,39
57,三本杉陸橋,環八通り×世田谷通り,R4/11,成城,B 狛江,流入計,18,22,3,337,109,471,32
57,三本杉陸橋,環八通り×世田谷通り,R4/11,成城,B 狛江,流入計,12時間計,246,128,4283,2048,6705,503
57,三本杉陸橋,環八通り×世田谷通り,R4/11,成城,C 蒲田,8.狛江,7,0,6,60,65,131,3
57,三本杉陸橋,環八通り×世田谷通り,R4/11,成城,C 蒲田,8.狛江,8,0,11,54,53,118,0
57,三本杉陸橋,環八通り×世田谷通り,R4/11,成城,C 蒲田,8.狛江,9,1,9,64,47,121,2
57,三本杉陸橋,環八通り×世田谷通り,R4/11,成城,C 蒲田,8.狛江,10,0,11,70,54,135,4
57,三本杉陸橋,環八通り×世田谷通り,R4/11,成城,C 蒲田,8.狛江,11,0,2,75,50,127,2
57,三本杉陸橋,環八通り×世田谷通り,R4/11,成城,C 蒲田,8.狛江,12,0,6,73,33,112,5
57,三本杉陸橋,環八通り×世田谷通り,R4/11,成城,C 蒲田,8.狛江,13,0,8,71,56,135,4
57,三本杉陸橋,環八通り×世田谷通り,R4/11,成城,C 蒲田,8.狛江,14,0,6,70,45,121,5
57,三本杉陸橋,環八通り×世田谷通り,R4/11,成城,C 蒲田,8.狛江,15,1,5,86,55,147,3
57,三本杉陸橋,環八通り×世田谷通り,R4/11,成城,C 蒲田,8.狛江,16,1,2,91,32,126,2
57,三本杉陸橋,環八通り×世田谷通り,R4/11,成城,C 蒲田,8.狛江,17,3,1,88,41,133,1
57,三本杉陸橋,環八通り×世田谷通り,R4/11,成城,C 蒲田,8.狛江,18,1,2,88,26,117,1
57,三本杉陸橋,環八通り×世田谷通り,R4/11,成城,C 蒲田,8.狛江,12時間計,7,69,890,557,1523,32
57,三本杉陸橋,環八通り×世田谷通り,R4/11,成城,C 蒲田,9.高井戸,7,2,0,13,5,20,2
57,三本杉陸橋,環八通り×世田谷通り,R4/11,成城,C 蒲田,9.高井戸,8,3,1,16,8,28,5
57,三本杉陸橋,環八通り×世田谷通り,R4/11,成城,C 蒲田,9.高井戸,9,3,1,23,8,35,2
57,三本杉陸橋,環八通り×世田谷通り,R4/11,成城,C 蒲田,9.高井戸,10,2,0,16,2,20,0
57,三本杉陸橋,環八通り×世田谷通り,R4/11,成城,C 蒲田,9.高井戸,11,4,0,16,10,30,2
57,三本杉陸橋,環八通り×世田谷通り,R4/11,成城,C 蒲田,9.高井戸,12,1,2,10,6,19,1
57,三本杉陸橋,環八通り×世田谷通り,R4/11,成城,C 蒲田,9.高井戸,13,3,0,13,7,23,0
57,三本杉陸橋,環八通り×世田谷通り,R4/11,成城,C 蒲田,9.高井戸,14,1,0,19,9,29,1
57,三本杉陸橋,環八通り×世田谷通り,R4/11,成城,C 蒲田,9.高井戸,15,2,0,14,7,23,2
57,三本杉陸橋,環八通り×世田谷通り,R4/11,成城,C 蒲田,9.高井戸,16,3,0,13,8,24,2
57,三本杉陸橋,環八通り×世田谷通り,R4/11,成城,C 蒲田,9.高井戸,17,2,1,32,6,41,4
57,三本杉陸橋,環八通り×世田谷通り,R4/11,成城,C 蒲田,9.高井戸,18,3,0,29,2,34,4
57,三本杉陸橋,環八通り×世田谷通り,R4/11,成城,C 蒲田,9.高井戸,12時間計,29,5,214,78,326,25
57,三本杉陸橋,環八通り×世田谷通り,R4/11,成城,C 蒲田,10.三軒茶屋,7,0,3,44,66,113,7
57,三本杉陸橋,環八通り×世田谷通り,R4/11,成城,C 蒲田,10.三軒茶屋,8,4,12,77,50,143,12
57,三本杉陸橋,環八通り×世田谷通り,R4/11,成城,C 蒲田,10.三軒茶屋,9,0,8,63,49,120,5
57,三本杉陸橋,環八通り×世田谷通り,R4/11,成城,C 蒲田,10.三軒茶屋,10,2,13,58,33,106,6
57,三本杉陸橋,環八通り×世田谷通り,R4/11,成城,C 蒲田,10.三軒茶屋,11,0,9,54,37,100,2
57,三本杉陸橋,環八通り×世田谷通り,R4/11,成城,C 蒲田,10.三軒茶屋,12,0,14,51,25,90,5
57,三本杉陸橋,環八通り×世田谷通り,R4/11,成城,C 蒲田,10.三軒茶屋,13,0,12,60,22,94,3
57,三本杉陸橋,環八通り×世田谷通り,R4/11,成城,C 蒲田,10.三軒茶屋,14,2,6,57,36,101,5
57,三本杉陸橋,環八通り×世田谷通り,R4/11,成城,C 蒲田,10.三軒茶屋,15,0,7,66,38,111,7
57,三本杉陸橋,環八通り×世田谷通り,R4/11,成城,C 蒲田,10.三軒茶屋,16,4,0,74,24,102,2
57,三本杉陸橋,環八通り×世田谷通り,R4/11,成城,C 蒲田,10.三軒茶屋,17,1,1,77,27,106,11
57,三本杉陸橋,環八通り×世田谷通り,R4/11,成城,C 蒲田,10.三軒茶屋,18,0,0,71,10,81,2
57,三本杉陸橋,環八通り×世田谷通り,R4/11,成城,C 蒲田,10.三軒茶屋,12時間計,13,85,752,417,1267,67
57,三本杉陸橋,環八通り×世田谷通り,R4/11,成城,C 蒲田,11.高井戸,7,7,38,770,733,1548,73
57,三本杉陸橋,環八通り×世田谷通り,R4/11,成城,C 蒲田,11.高井戸,8,5,59,765,720,1549,50
57,三本杉陸橋,環八通り×世田谷通り,R4/11,成城,C 蒲田,11.高井戸,9,11,50,698,641,1400,27
57,三本杉陸橋,環八通り×世田谷通り,R4/11,成城,C 蒲田,11.高井戸,10,4,74,682,674,1434,40
57,三本杉陸橋,環八通り×世田谷通り,R4/11,成城,C 蒲田,11.高井戸,11,3,80,683,539,1305,29
57,三本杉陸橋,環八通り×世田谷通り,R4/11,成城,C 蒲田,11.高井戸,12,2,69,730,578,1379,48
57,三本杉陸橋,環八通り×世田谷通り,R4/11,成城,C 蒲田,11.高井戸,13,3,62,738,512,1315,43
57,三本杉陸橋,環八通り×世田谷通り,R4/11,成城,C 蒲田,11.高井戸,14,7,64,868,654,1593,36
57,三本杉陸橋,環八通り×世田谷通り,R4/11,成城,C 蒲田,11.高井戸,15,3,35,739,505,1282,47
57,三本杉陸橋,環八通り×世田谷通り,R4/11,成城,C 蒲田,11.高井戸,16,6,33,840,561,1440,42
57,三本杉陸橋,環八通り×世田谷通り,R4/11,成城,C 蒲田,11.高井戸,17,3,26,1047,564,1640,77
57,三本杉陸橋,環八通り×世田谷通り,R4/11,成城,C 蒲田,11.高井戸,18,7,19,1086,395,1507,59
57,三本杉陸橋,環八通り×世田谷通り,R4/11,成城,C 蒲田,11.高井戸,12時間計,61,609,9646,7076,17392,571
57,三本杉陸橋,環八通り×世田谷通り,R4/11,成城,C 蒲田,流入計,7,9,47,887,869,1812,85
57,三本杉陸橋,環八通り×世田谷通り,R4/11,成城,C 蒲田,流入計,8,12,83,912,831,1838,67
57,三本杉陸橋,環八通り×世田谷通り,R4/11,成城,C 蒲田,流入計,9,15,68,848,745,1676,36
57,三本杉陸橋,環八通り×世田谷通り,R4/11,成城,C 蒲田,流入計,10,8,98,826,763,1695,50
57,三本杉陸橋,環八通り×世田谷通り,R4/11,成城,C 蒲田,流入計,11,7,91,828,636,1562,35
57,三本杉陸橋,環八通り×世田谷通り,R4/11,成城,C 蒲田,流入計,12,3,91,864,642,1600,59
57,三本杉陸橋,環八通り×世田谷通り,R4/11,成城,C 蒲田,流入計,13,6,82,882,597,1567,50
57,三本杉陸橋,環八通り×世田谷通り,R4/11,成城,C 蒲田,流入計,14,10,76,1014,744,1844,47
57,三本杉陸橋,環八通り×世田谷通り,R4/11,成城,C 蒲田,流入計,15,6,47,905,605,1563,59
57,三本杉陸橋,環八通り×世田谷通り,R4/11,成城,C 蒲田,流入計,16,14,35,1018,625,1692,48
57,三本杉陸橋,環八通り×世田谷通り,R4/11,成城,C 蒲田,流入計,17,9,29,1244,638,1920,93
57,三本杉陸橋,環八通り×世田谷通り,R4/11,成城,C 蒲田,流入計,18,11,21,1274,433,1739,66
57,三本杉陸橋,環八通り×世田谷通り,R4/11,成城,C 蒲田,流入計,12時間計,110,768,11502,8128,20508,695
57,三本杉陸橋,環八通り×世田谷通り,R4/11,成城,D 三軒茶屋,12.蒲田,7,0,5,9,4,18,0
57,三本杉陸橋,環八通り×世田谷通り,R4/11,成城,D 三軒茶屋,12.蒲田,8,0,1,7,16,24,1
57,三本杉陸橋,環八通り×世田谷通り,R4/11,成城,D 三軒茶屋,12.蒲田,9,0,2,19,14,35,0
57,三本杉陸橋,環八通り×世田谷通り,R4/11,成城,D 三軒茶屋,12.蒲田,10,0,1,20,12,33,0
57,三本杉陸橋,環八通り×世田谷通り,R4/11,成城,D 三軒茶屋,12.蒲田,11,0,2,24,8,34,0
57,三本杉陸橋,環八通り×世田谷通り,R4/11,成城,D 三軒茶屋,12.蒲田,12,0,3,27,16,46,3
57,三本杉陸橋,環八通り×世田谷通り,R4/11,成城,D 三軒茶屋,12.蒲田,13,0,2,30,10,42,0
57,三本杉陸橋,環八通り×世田谷通り,R4/11,成城,D 三軒茶屋,12.蒲田,14,0,3,12,14,29,2
57,三本杉陸橋,環八通り×世田谷通り,R4/11,成城,D 三軒茶屋,12.蒲田,15,0,5,16,20,41,1
57,三本杉陸橋,環八通り×世田谷通り,R4/11,成城,D 三軒茶屋,12.蒲田,16,1,0,19,18,38,0
57,三本杉陸橋,環八通り×世田谷通り,R4/11,成城,D 三軒茶屋,12.蒲田,17,0,0,10,20,30,2
57,三本杉陸橋,環八通り×世田谷通り,R4/11,成城,D 三軒茶屋,12.蒲田,18,0,1,16,10,27,0
57,三本杉陸橋,環八通り×世田谷通り,R4/11,成城,D 三軒茶屋,12.蒲田,12時間計,1,25,209,162,397,9
57,三本杉陸橋,環八通り×世田谷通り,R4/11,成城,D 三軒茶屋,13.狛江,7,11,7,163,84,265,21
57,三本杉陸橋,環八通り×世田谷通り,R4/11,成城,D 三軒茶屋,13.狛江,8,15,2,180,79,276,21
57,三本杉陸橋,環八通り×世田谷通り,R4/11,成城,D 三軒茶屋,13.狛江,9,17,11,209,83,320,23
57,三本杉陸橋,環八通り×世田谷通り,R4/11,成城,D 三軒茶屋,13.狛江,10,22,9,230,112,373,30
57,三本杉陸橋,環八通り×世田谷通り,R4/11,成城,D 三軒茶屋,13.狛江,11,11,3,198,140,352,23
57,三本杉陸橋,環八通り×世田谷通り,R4/11,成城,D 三軒茶屋,13.狛江,12,8,4,164,97,273,18
57,三本杉陸橋,環八通り×世田谷通り,R4/11,成城,D 三軒茶屋,13.狛江,13,12,4,172,88,276,25
57,三本杉陸橋,環八通り×世田谷通り,R4/11,成城,D 三軒茶屋,13.狛江,14,9,3,195,104,311,23
57,三本杉陸橋,環八通り×世田谷通り,R4/11,成城,D 三軒茶屋,13.狛江,15,11,6,254,137,408,33
57,三本杉陸橋,環八通り×世田谷通り,R4/11,成城,D 三軒茶屋,13.狛江,16,16,2,259,116,393,43
57,三本杉陸橋,環八通り×世田谷通り,R4/11,成城,D 三軒茶屋,13.狛江,17,11,1,281,136,429,35
57,三本杉陸橋,環八通り×世田谷通り,R4/11,成城,D 三軒茶屋,13.狛江,18,16,1,259,111,387,49
57,三本杉陸橋,環八通り×世田谷通り,R4/11,成城,D 三軒茶屋,13.狛江,12時間計,159,53,2564,1287,4063,344
57,三本杉陸橋,環八通り×世田谷通り,R4/11,成城,D 三軒茶屋,14.高井戸,7,1,0,55,30,86,10
57,三本杉陸橋,環八通り×世田谷通り,R4/11,成城,D 三軒茶屋,14.高井戸,8,5,0,71,43,119,6
57,三本杉陸橋,環八通り×世田谷通り,R4/11,成城,D 三軒茶屋,14.高井戸,9,0,1,64,24,89,5
57,三本杉陸橋,環八通り×世田谷通り,R4/11,成城,D 三軒茶屋,14.高井戸,10,0,3,69,29,101,3
57,三本杉陸橋,環八通り×世田谷通り,R4/11,成城,D 三軒茶屋,14.高井戸,11,0,1,55,30,86,2
57,三本杉陸橋,環八通り×世田谷通り,R4/11,成城,D 三軒茶屋,14.高井戸,12,0,2,65,28,95,5
57,三本杉陸橋,環八通り×世田谷通り,R4/11,成城,D 三軒茶屋,14.高井戸,13,0,2,53,35,90,5
57,三本杉陸橋,環八通り×世田谷通り,R4/11,成城,D 三軒茶屋,14.高井戸,14,0,0,58,23,81,5
57,三本杉陸橋,環八通り×世田谷通り,R4/11,成城,D 三軒茶屋,14.高井戸,15,1,2,75,37,115,5
57,三本杉陸橋,環八通り×世田谷通り,R4/11,成城,D 三軒茶屋,14.高井戸,16,2,0,55,26,83,4
57,三本杉陸橋,環八通り×世田谷通り,R4/11,成城,D 三軒茶屋,14.高井戸,17,1,0,74,32,107,10
57,三本杉陸橋,環八通り×世田谷通り,R4/11,成城,D 三軒茶屋,14.高井戸,18,0,0,63,23,86,7
57,三本杉陸橋,環八通り×世田谷通り,R4/11,成城,D 三軒茶屋,14.高井戸,12時間計,10,11,757,360,1138,67
57,三本杉陸橋,環八通り×世田谷通り,R4/11,成城,D 三軒茶屋,流入計,7,12,12,227,118,369,31
57,三本杉陸橋,環八通り×世田谷通り,R4/11,成城,D 三軒茶屋,流入計,8,20,3,258,138,419,28
57,三本杉陸橋,環八通り×世田谷通り,R4/11,成城,D 三軒茶屋,流入計,9,17,14,292,121,444,28
57,三本杉陸橋,環八通り×世田谷通り,R4/11,成城,D 三軒茶屋,流入計,10,22,13,319,153,507,33
57,三本杉陸橋,環八通り×世田谷通り,R4/11,成城,D 三軒茶屋,流入計,11,11,6,277,178,472,25
57,三本杉陸橋,環八通り×世田谷通り,R4/11,成城,D 三軒茶屋,流入計,12,8,9,256,141,414,26
57,三本杉陸橋,環八通り×世田谷通り,R4/11,成城,D 三軒茶屋,流入計,13,12,8,255,133,408,30
57,三本杉陸橋,環八通り×世田谷通り,R4/11,成城,D 三軒茶屋,流入計,14,9,6,265,141,421,30
57,三本杉陸橋,環八通り×世田谷通り,R4/11,成城,D 三軒茶屋,流入計,15,12,13,345,194,564,39
57,三本杉陸橋,環八通り×世田谷通り,R4/11,成城,D 三軒茶屋,流入計,16,19,2,333,160,514,47
57,三本杉陸橋,環八通り×世田谷通り,R4/11,成城,D 三軒茶屋,流入計,17,12,1,365,188,566,47
57,三本杉陸橋,環八通り×世田谷通り,R4/11,成城,D 三軒茶屋,流入計,18,16,2,338,144,500,56
57,三本杉陸橋,環八通り×世田谷通り,R4/11,成城,D 三軒茶屋,流入計,12時間計,170,89,3530,1809,5598,420
