﻿地点番号,地点名,交差道路名,調査年月,管轄警察署,流入方向,流出方向,時間帯等,大型乗用,大型貨物,普通乗用,普通貨物,四輪計,二輪車
61,環八五日市,環八通り×五日市街道,R4/11,高井戸,A 荻窪,1.高円寺,7,2,0,16,15,33,0
61,環八五日市,環八通り×五日市街道,R4/11,高井戸,A 荻窪,1.高円寺,8,0,1,10,14,25,2
61,環八五日市,環八通り×五日市街道,R4/11,高井戸,A 荻窪,1.高円寺,9,0,2,9,17,28,0
61,環八五日市,環八通り×五日市街道,R4/11,高井戸,A 荻窪,1.高円寺,10,0,1,11,12,24,4
61,環八五日市,環八通り×五日市街道,R4/11,高井戸,A 荻窪,1.高円寺,11,0,0,11,25,36,2
61,環八五日市,環八通り×五日市街道,R4/11,高井戸,A 荻窪,1.高円寺,12,0,0,9,18,27,0
61,環八五日市,環八通り×五日市街道,R4/11,高井戸,A 荻窪,1.高円寺,13,0,0,12,15,27,3
61,環八五日市,環八通り×五日市街道,R4/11,高井戸,A 荻窪,1.高円寺,14,0,0,20,8,28,0
61,環八五日市,環八通り×五日市街道,R4/11,高井戸,A 荻窪,1.高円寺,15,1,0,15,15,31,2
61,環八五日市,環八通り×五日市街道,R4/11,高井戸,A 荻窪,1.高円寺,16,0,0,12,7,19,2
61,環八五日市,環八通り×五日市街道,R4/11,高井戸,A 荻窪,1.高円寺,17,1,0,15,9,25,2
61,環八五日市,環八通り×五日市街道,R4/11,高井戸,A 荻窪,1.高円寺,18,0,0,6,15,21,3
61,環八五日市,環八通り×五日市街道,R4/11,高井戸,A 荻窪,1.高円寺,12時間計,4,4,146,170,324,20
61,環八五日市,環八通り×五日市街道,R4/11,高井戸,A 荻窪,2.瀬田,7,2,7,71,82,162,17
61,環八五日市,環八通り×五日市街道,R4/11,高井戸,A 荻窪,2.瀬田,8,4,8,77,81,170,12
61,環八五日市,環八通り×五日市街道,R4/11,高井戸,A 荻窪,2.瀬田,9,1,4,97,117,219,11
61,環八五日市,環八通り×五日市街道,R4/11,高井戸,A 荻窪,2.瀬田,10,1,11,102,127,241,10
61,環八五日市,環八通り×五日市街道,R4/11,高井戸,A 荻窪,2.瀬田,11,1,7,118,125,251,10
61,環八五日市,環八通り×五日市街道,R4/11,高井戸,A 荻窪,2.瀬田,12,2,5,161,127,295,20
61,環八五日市,環八通り×五日市街道,R4/11,高井戸,A 荻窪,2.瀬田,13,2,6,113,135,256,9
61,環八五日市,環八通り×五日市街道,R4/11,高井戸,A 荻窪,2.瀬田,14,7,5,157,138,307,12
61,環八五日市,環八通り×五日市街道,R4/11,高井戸,A 荻窪,2.瀬田,15,0,5,134,128,267,19
61,環八五日市,環八通り×五日市街道,R4/11,高井戸,A 荻窪,2.瀬田,16,1,6,164,115,286,17
61,環八五日市,環八通り×五日市街道,R4/11,高井戸,A 荻窪,2.瀬田,17,3,7,197,109,316,28
61,環八五日市,環八通り×五日市街道,R4/11,高井戸,A 荻窪,2.瀬田,18,0,2,174,64,240,25
61,環八五日市,環八通り×五日市街道,R4/11,高井戸,A 荻窪,2.瀬田,12時間計,24,73,1565,1348,3010,190
61,環八五日市,環八通り×五日市街道,R4/11,高井戸,A 荻窪,3.吉祥寺,7,1,0,15,14,30,1
61,環八五日市,環八通り×五日市街道,R4/11,高井戸,A 荻窪,3.吉祥寺,8,0,0,19,10,29,1
61,環八五日市,環八通り×五日市街道,R4/11,高井戸,A 荻窪,3.吉祥寺,9,1,0,21,22,44,2
61,環八五日市,環八通り×五日市街道,R4/11,高井戸,A 荻窪,3.吉祥寺,10,0,0,19,11,30,1
61,環八五日市,環八通り×五日市街道,R4/11,高井戸,A 荻窪,3.吉祥寺,11,0,1,20,19,40,2
61,環八五日市,環八通り×五日市街道,R4/11,高井戸,A 荻窪,3.吉祥寺,12,0,0,29,28,57,5
61,環八五日市,環八通り×五日市街道,R4/11,高井戸,A 荻窪,3.吉祥寺,13,0,0,27,20,47,3
61,環八五日市,環八通り×五日市街道,R4/11,高井戸,A 荻窪,3.吉祥寺,14,0,0,31,17,48,5
61,環八五日市,環八通り×五日市街道,R4/11,高井戸,A 荻窪,3.吉祥寺,15,0,0,21,21,42,3
61,環八五日市,環八通り×五日市街道,R4/11,高井戸,A 荻窪,3.吉祥寺,16,1,0,32,28,61,2
61,環八五日市,環八通り×五日市街道,R4/11,高井戸,A 荻窪,3.吉祥寺,17,0,0,49,19,68,2
61,環八五日市,環八通り×五日市街道,R4/11,高井戸,A 荻窪,3.吉祥寺,18,1,0,40,14,55,7
61,環八五日市,環八通り×五日市街道,R4/11,高井戸,A 荻窪,3.吉祥寺,12時間計,4,1,323,223,551,34
61,環八五日市,環八通り×五日市街道,R4/11,高井戸,A 荻窪,4.瀬田,7,4,68,620,470,1162,54
61,環八五日市,環八通り×五日市街道,R4/11,高井戸,A 荻窪,4.瀬田,8,8,87,730,525,1350,61
61,環八五日市,環八通り×五日市街道,R4/11,高井戸,A 荻窪,4.瀬田,9,0,40,586,341,967,27
61,環八五日市,環八通り×五日市街道,R4/11,高井戸,A 荻窪,4.瀬田,10,2,55,504,360,921,26
61,環八五日市,環八通り×五日市街道,R4/11,高井戸,A 荻窪,4.瀬田,11,1,99,444,385,929,23
61,環八五日市,環八通り×五日市街道,R4/11,高井戸,A 荻窪,4.瀬田,12,2,85,503,464,1054,20
61,環八五日市,環八通り×五日市街道,R4/11,高井戸,A 荻窪,4.瀬田,13,4,105,530,383,1022,24
61,環八五日市,環八通り×五日市街道,R4/11,高井戸,A 荻窪,4.瀬田,14,11,82,685,430,1208,31
61,環八五日市,環八通り×五日市街道,R4/11,高井戸,A 荻窪,4.瀬田,15,3,70,713,583,1369,35
61,環八五日市,環八通り×五日市街道,R4/11,高井戸,A 荻窪,4.瀬田,16,3,68,680,468,1219,31
61,環八五日市,環八通り×五日市街道,R4/11,高井戸,A 荻窪,4.瀬田,17,3,48,806,503,1360,34
61,環八五日市,環八通り×五日市街道,R4/11,高井戸,A 荻窪,4.瀬田,18,1,35,766,347,1149,38
61,環八五日市,環八通り×五日市街道,R4/11,高井戸,A 荻窪,4.瀬田,12時間計,42,842,7567,5259,13710,404
61,環八五日市,環八通り×五日市街道,R4/11,高井戸,A 荻窪,流入計,7,9,75,722,581,1387,72
61,環八五日市,環八通り×五日市街道,R4/11,高井戸,A 荻窪,流入計,8,12,96,836,630,1574,76
61,環八五日市,環八通り×五日市街道,R4/11,高井戸,A 荻窪,流入計,9,2,46,713,497,1258,40
61,環八五日市,環八通り×五日市街道,R4/11,高井戸,A 荻窪,流入計,10,3,67,636,510,1216,41
61,環八五日市,環八通り×五日市街道,R4/11,高井戸,A 荻窪,流入計,11,2,107,593,554,1256,37
61,環八五日市,環八通り×五日市街道,R4/11,高井戸,A 荻窪,流入計,12,4,90,702,637,1433,45
61,環八五日市,環八通り×五日市街道,R4/11,高井戸,A 荻窪,流入計,13,6,111,682,553,1352,39
61,環八五日市,環八通り×五日市街道,R4/11,高井戸,A 荻窪,流入計,14,18,87,893,593,1591,48
61,環八五日市,環八通り×五日市街道,R4/11,高井戸,A 荻窪,流入計,15,4,75,883,747,1709,59
61,環八五日市,環八通り×五日市街道,R4/11,高井戸,A 荻窪,流入計,16,5,74,888,618,1585,52
61,環八五日市,環八通り×五日市街道,R4/11,高井戸,A 荻窪,流入計,17,7,55,1067,640,1769,66
61,環八五日市,環八通り×五日市街道,R4/11,高井戸,A 荻窪,流入計,18,2,37,986,440,1465,73
61,環八五日市,環八通り×五日市街道,R4/11,高井戸,A 荻窪,流入計,12時間計,74,920,9601,7000,17595,648
61,環八五日市,環八通り×五日市街道,R4/11,高井戸,B 吉祥寺,5.荻窪,7,0,0,14,17,31,9
61,環八五日市,環八通り×五日市街道,R4/11,高井戸,B 吉祥寺,5.荻窪,8,0,0,19,21,40,4
61,環八五日市,環八通り×五日市街道,R4/11,高井戸,B 吉祥寺,5.荻窪,9,0,1,11,15,27,1
61,環八五日市,環八通り×五日市街道,R4/11,高井戸,B 吉祥寺,5.荻窪,10,0,0,14,19,33,1
61,環八五日市,環八通り×五日市街道,R4/11,高井戸,B 吉祥寺,5.荻窪,11,0,0,17,26,43,1
61,環八五日市,環八通り×五日市街道,R4/11,高井戸,B 吉祥寺,5.荻窪,12,0,0,17,25,42,2
61,環八五日市,環八通り×五日市街道,R4/11,高井戸,B 吉祥寺,5.荻窪,13,0,0,14,20,34,1
61,環八五日市,環八通り×五日市街道,R4/11,高井戸,B 吉祥寺,5.荻窪,14,0,1,19,19,39,0
61,環八五日市,環八通り×五日市街道,R4/11,高井戸,B 吉祥寺,5.荻窪,15,1,0,13,15,29,4
61,環八五日市,環八通り×五日市街道,R4/11,高井戸,B 吉祥寺,5.荻窪,16,0,0,16,16,32,1
61,環八五日市,環八通り×五日市街道,R4/11,高井戸,B 吉祥寺,5.荻窪,17,1,0,11,17,29,3
61,環八五日市,環八通り×五日市街道,R4/11,高井戸,B 吉祥寺,5.荻窪,18,0,0,10,3,13,3
61,環八五日市,環八通り×五日市街道,R4/11,高井戸,B 吉祥寺,5.荻窪,12時間計,2,2,175,213,392,30
61,環八五日市,環八通り×五日市街道,R4/11,高井戸,B 吉祥寺,6.高円寺,7,2,1,145,137,285,27
61,環八五日市,環八通り×五日市街道,R4/11,高井戸,B 吉祥寺,6.高円寺,8,7,1,144,112,264,26
61,環八五日市,環八通り×五日市街道,R4/11,高井戸,B 吉祥寺,6.高円寺,9,3,0,104,86,193,18
61,環八五日市,環八通り×五日市街道,R4/11,高井戸,B 吉祥寺,6.高円寺,10,9,1,94,66,170,11
61,環八五日市,環八通り×五日市街道,R4/11,高井戸,B 吉祥寺,6.高円寺,11,4,0,78,63,145,17
61,環八五日市,環八通り×五日市街道,R4/11,高井戸,B 吉祥寺,6.高円寺,12,6,0,91,64,161,17
61,環八五日市,環八通り×五日市街道,R4/11,高井戸,B 吉祥寺,6.高円寺,13,7,0,79,42,128,9
61,環八五日市,環八通り×五日市街道,R4/11,高井戸,B 吉祥寺,6.高円寺,14,7,0,79,57,143,12
61,環八五日市,環八通り×五日市街道,R4/11,高井戸,B 吉祥寺,6.高円寺,15,8,0,83,49,140,17
61,環八五日市,環八通り×五日市街道,R4/11,高井戸,B 吉祥寺,6.高円寺,16,7,0,77,36,120,7
61,環八五日市,環八通り×五日市街道,R4/11,高井戸,B 吉祥寺,6.高円寺,17,5,0,109,37,151,16
61,環八五日市,環八通り×五日市街道,R4/11,高井戸,B 吉祥寺,6.高円寺,18,7,0,98,15,120,15
61,環八五日市,環八通り×五日市街道,R4/11,高井戸,B 吉祥寺,6.高円寺,12時間計,72,3,1181,764,2020,192
61,環八五日市,環八通り×五日市街道,R4/11,高井戸,B 吉祥寺,7.瀬田,7,2,0,108,68,178,24
61,環八五日市,環八通り×五日市街道,R4/11,高井戸,B 吉祥寺,7.瀬田,8,2,2,66,59,129,14
61,環八五日市,環八通り×五日市街道,R4/11,高井戸,B 吉祥寺,7.瀬田,9,4,2,57,37,100,9
61,環八五日市,環八通り×五日市街道,R4/11,高井戸,B 吉祥寺,7.瀬田,10,1,0,56,50,107,3
61,環八五日市,環八通り×五日市街道,R4/11,高井戸,B 吉祥寺,7.瀬田,11,1,3,60,73,137,4
61,環八五日市,環八通り×五日市街道,R4/11,高井戸,B 吉祥寺,7.瀬田,12,2,2,52,45,101,3
61,環八五日市,環八通り×五日市街道,R4/11,高井戸,B 吉祥寺,7.瀬田,13,0,1,59,48,108,5
61,環八五日市,環八通り×五日市街道,R4/11,高井戸,B 吉祥寺,7.瀬田,14,2,0,63,47,112,7
61,環八五日市,環八通り×五日市街道,R4/11,高井戸,B 吉祥寺,7.瀬田,15,3,1,67,42,113,3
61,環八五日市,環八通り×五日市街道,R4/11,高井戸,B 吉祥寺,7.瀬田,16,1,0,74,36,111,4
61,環八五日市,環八通り×五日市街道,R4/11,高井戸,B 吉祥寺,7.瀬田,17,0,0,82,34,116,6
61,環八五日市,環八通り×五日市街道,R4/11,高井戸,B 吉祥寺,7.瀬田,18,1,0,59,20,80,3
61,環八五日市,環八通り×五日市街道,R4/11,高井戸,B 吉祥寺,7.瀬田,12時間計,19,11,803,559,1392,85
61,環八五日市,環八通り×五日市街道,R4/11,高井戸,B 吉祥寺,流入計,7,4,1,267,222,494,60
61,環八五日市,環八通り×五日市街道,R4/11,高井戸,B 吉祥寺,流入計,8,9,3,229,192,433,44
61,環八五日市,環八通り×五日市街道,R4/11,高井戸,B 吉祥寺,流入計,9,7,3,172,138,320,28
61,環八五日市,環八通り×五日市街道,R4/11,高井戸,B 吉祥寺,流入計,10,10,1,164,135,310,15
61,環八五日市,環八通り×五日市街道,R4/11,高井戸,B 吉祥寺,流入計,11,5,3,155,162,325,22
61,環八五日市,環八通り×五日市街道,R4/11,高井戸,B 吉祥寺,流入計,12,8,2,160,134,304,22
61,環八五日市,環八通り×五日市街道,R4/11,高井戸,B 吉祥寺,流入計,13,7,1,152,110,270,15
61,環八五日市,環八通り×五日市街道,R4/11,高井戸,B 吉祥寺,流入計,14,9,1,161,123,294,19
61,環八五日市,環八通り×五日市街道,R4/11,高井戸,B 吉祥寺,流入計,15,12,1,163,106,282,24
61,環八五日市,環八通り×五日市街道,R4/11,高井戸,B 吉祥寺,流入計,16,8,0,167,88,263,12
61,環八五日市,環八通り×五日市街道,R4/11,高井戸,B 吉祥寺,流入計,17,6,0,202,88,296,25
61,環八五日市,環八通り×五日市街道,R4/11,高井戸,B 吉祥寺,流入計,18,8,0,167,38,213,21
61,環八五日市,環八通り×五日市街道,R4/11,高井戸,B 吉祥寺,流入計,12時間計,93,16,2159,1536,3804,307
61,環八五日市,環八通り×五日市街道,R4/11,高井戸,C 瀬田,8.吉祥寺,7,2,4,82,57,145,9
61,環八五日市,環八通り×五日市街道,R4/11,高井戸,C 瀬田,8.吉祥寺,8,1,3,105,49,158,7
61,環八五日市,環八通り×五日市街道,R4/11,高井戸,C 瀬田,8.吉祥寺,9,4,4,100,71,179,5
61,環八五日市,環八通り×五日市街道,R4/11,高井戸,C 瀬田,8.吉祥寺,10,4,1,90,99,194,8
61,環八五日市,環八通り×五日市街道,R4/11,高井戸,C 瀬田,8.吉祥寺,11,0,0,91,87,178,8
61,環八五日市,環八通り×五日市街道,R4/11,高井戸,C 瀬田,8.吉祥寺,12,0,2,90,64,156,5
61,環八五日市,環八通り×五日市街道,R4/11,高井戸,C 瀬田,8.吉祥寺,13,0,1,107,82,190,5
61,環八五日市,環八通り×五日市街道,R4/11,高井戸,C 瀬田,8.吉祥寺,14,5,0,136,78,219,8
61,環八五日市,環八通り×五日市街道,R4/11,高井戸,C 瀬田,8.吉祥寺,15,2,0,119,86,207,10
61,環八五日市,環八通り×五日市街道,R4/11,高井戸,C 瀬田,8.吉祥寺,16,5,1,155,78,239,10
61,環八五日市,環八通り×五日市街道,R4/11,高井戸,C 瀬田,8.吉祥寺,17,3,1,152,83,239,10
61,環八五日市,環八通り×五日市街道,R4/11,高井戸,C 瀬田,8.吉祥寺,18,3,0,155,88,246,7
61,環八五日市,環八通り×五日市街道,R4/11,高井戸,C 瀬田,8.吉祥寺,12時間計,29,17,1382,922,2350,92
61,環八五日市,環八通り×五日市街道,R4/11,高井戸,C 瀬田,9.荻窪,7,0,3,92,46,141,8
61,環八五日市,環八通り×五日市街道,R4/11,高井戸,C 瀬田,9.荻窪,8,2,3,94,87,186,8
61,環八五日市,環八通り×五日市街道,R4/11,高井戸,C 瀬田,9.荻窪,9,2,4,103,110,219,12
61,環八五日市,環八通り×五日市街道,R4/11,高井戸,C 瀬田,9.荻窪,10,0,8,83,127,218,11
61,環八五日市,環八通り×五日市街道,R4/11,高井戸,C 瀬田,9.荻窪,11,0,8,138,137,283,24
61,環八五日市,環八通り×五日市街道,R4/11,高井戸,C 瀬田,9.荻窪,12,0,2,112,116,230,11
61,環八五日市,環八通り×五日市街道,R4/11,高井戸,C 瀬田,9.荻窪,13,1,5,96,135,237,23
61,環八五日市,環八通り×五日市街道,R4/11,高井戸,C 瀬田,9.荻窪,14,3,7,111,116,237,19
61,環八五日市,環八通り×五日市街道,R4/11,高井戸,C 瀬田,9.荻窪,15,1,9,114,129,253,25
61,環八五日市,環八通り×五日市街道,R4/11,高井戸,C 瀬田,9.荻窪,16,0,9,143,143,295,21
61,環八五日市,環八通り×五日市街道,R4/11,高井戸,C 瀬田,9.荻窪,17,1,4,142,126,273,21
61,環八五日市,環八通り×五日市街道,R4/11,高井戸,C 瀬田,9.荻窪,18,0,4,118,83,205,24
61,環八五日市,環八通り×五日市街道,R4/11,高井戸,C 瀬田,9.荻窪,12時間計,10,66,1346,1355,2777,207
61,環八五日市,環八通り×五日市街道,R4/11,高井戸,C 瀬田,10.高円寺,7,2,1,52,79,134,9
61,環八五日市,環八通り×五日市街道,R4/11,高井戸,C 瀬田,10.高円寺,8,7,4,53,86,150,11
61,環八五日市,環八通り×五日市街道,R4/11,高井戸,C 瀬田,10.高円寺,9,0,0,62,93,155,3
61,環八五日市,環八通り×五日市街道,R4/11,高井戸,C 瀬田,10.高円寺,10,3,1,54,68,126,6
61,環八五日市,環八通り×五日市街道,R4/11,高井戸,C 瀬田,10.高円寺,11,0,1,42,49,92,5
61,環八五日市,環八通り×五日市街道,R4/11,高井戸,C 瀬田,10.高円寺,12,0,1,49,50,100,3
61,環八五日市,環八通り×五日市街道,R4/11,高井戸,C 瀬田,10.高円寺,13,0,0,57,63,120,6
61,環八五日市,環八通り×五日市街道,R4/11,高井戸,C 瀬田,10.高円寺,14,0,0,61,61,122,2
61,環八五日市,環八通り×五日市街道,R4/11,高井戸,C 瀬田,10.高円寺,15,0,0,64,54,118,6
61,環八五日市,環八通り×五日市街道,R4/11,高井戸,C 瀬田,10.高円寺,16,0,0,66,39,105,7
61,環八五日市,環八通り×五日市街道,R4/11,高井戸,C 瀬田,10.高円寺,17,0,0,48,42,90,9
61,環八五日市,環八通り×五日市街道,R4/11,高井戸,C 瀬田,10.高円寺,18,0,0,62,24,86,9
61,環八五日市,環八通り×五日市街道,R4/11,高井戸,C 瀬田,10.高円寺,12時間計,12,8,670,708,1398,76
61,環八五日市,環八通り×五日市街道,R4/11,高井戸,C 瀬田,11.荻窪,7,2,47,615,610,1274,64
61,環八五日市,環八通り×五日市街道,R4/11,高井戸,C 瀬田,11.荻窪,8,4,69,536,444,1053,44
61,環八五日市,環八通り×五日市街道,R4/11,高井戸,C 瀬田,11.荻窪,9,9,93,613,499,1214,37
61,環八五日市,環八通り×五日市街道,R4/11,高井戸,C 瀬田,11.荻窪,10,1,74,521,441,1037,21
61,環八五日市,環八通り×五日市街道,R4/11,高井戸,C 瀬田,11.荻窪,11,0,70,500,439,1009,18
61,環八五日市,環八通り×五日市街道,R4/11,高井戸,C 瀬田,11.荻窪,12,0,87,503,446,1036,34
61,環八五日市,環八通り×五日市街道,R4/11,高井戸,C 瀬田,11.荻窪,13,0,67,531,495,1093,28
61,環八五日市,環八通り×五日市街道,R4/11,高井戸,C 瀬田,11.荻窪,14,4,67,584,485,1140,23
61,環八五日市,環八通り×五日市街道,R4/11,高井戸,C 瀬田,11.荻窪,15,1,83,605,448,1137,25
61,環八五日市,環八通り×五日市街道,R4/11,高井戸,C 瀬田,11.荻窪,16,3,89,679,390,1161,30
61,環八五日市,環八通り×五日市街道,R4/11,高井戸,C 瀬田,11.荻窪,17,3,71,704,363,1141,50
61,環八五日市,環八通り×五日市街道,R4/11,高井戸,C 瀬田,11.荻窪,18,2,34,715,541,1292,68
61,環八五日市,環八通り×五日市街道,R4/11,高井戸,C 瀬田,11.荻窪,12時間計,29,851,7106,5601,13587,442
61,環八五日市,環八通り×五日市街道,R4/11,高井戸,C 瀬田,流入計,7,6,55,841,792,1694,90
61,環八五日市,環八通り×五日市街道,R4/11,高井戸,C 瀬田,流入計,8,14,79,788,666,1547,70
61,環八五日市,環八通り×五日市街道,R4/11,高井戸,C 瀬田,流入計,9,15,101,878,773,1767,57
61,環八五日市,環八通り×五日市街道,R4/11,高井戸,C 瀬田,流入計,10,8,84,748,735,1575,46
61,環八五日市,環八通り×五日市街道,R4/11,高井戸,C 瀬田,流入計,11,0,79,771,712,1562,55
61,環八五日市,環八通り×五日市街道,R4/11,高井戸,C 瀬田,流入計,12,0,92,754,676,1522,53
61,環八五日市,環八通り×五日市街道,R4/11,高井戸,C 瀬田,流入計,13,1,73,791,775,1640,62
61,環八五日市,環八通り×五日市街道,R4/11,高井戸,C 瀬田,流入計,14,12,74,892,740,1718,52
61,環八五日市,環八通り×五日市街道,R4/11,高井戸,C 瀬田,流入計,15,4,92,902,717,1715,66
61,環八五日市,環八通り×五日市街道,R4/11,高井戸,C 瀬田,流入計,16,8,99,1043,650,1800,68
61,環八五日市,環八通り×五日市街道,R4/11,高井戸,C 瀬田,流入計,17,7,76,1046,614,1743,90
61,環八五日市,環八通り×五日市街道,R4/11,高井戸,C 瀬田,流入計,18,5,38,1050,736,1829,108
61,環八五日市,環八通り×五日市街道,R4/11,高井戸,C 瀬田,流入計,12時間計,80,942,10504,8586,20112,817
61,環八五日市,環八通り×五日市街道,R4/11,高井戸,D 高円寺,12.瀬田,7,2,1,35,36,74,4
61,環八五日市,環八通り×五日市街道,R4/11,高井戸,D 高円寺,12.瀬田,8,9,0,33,52,94,8
61,環八五日市,環八通り×五日市街道,R4/11,高井戸,D 高円寺,12.瀬田,9,2,0,35,45,82,4
61,環八五日市,環八通り×五日市街道,R4/11,高井戸,D 高円寺,12.瀬田,10,0,2,46,78,126,3
61,環八五日市,環八通り×五日市街道,R4/11,高井戸,D 高円寺,12.瀬田,11,0,1,44,74,119,5
61,環八五日市,環八通り×五日市街道,R4/11,高井戸,D 高円寺,12.瀬田,12,1,0,33,51,85,7
61,環八五日市,環八通り×五日市街道,R4/11,高井戸,D 高円寺,12.瀬田,13,1,2,30,46,79,7
61,環八五日市,環八通り×五日市街道,R4/11,高井戸,D 高円寺,12.瀬田,14,0,0,38,65,103,8
61,環八五日市,環八通り×五日市街道,R4/11,高井戸,D 高円寺,12.瀬田,15,0,0,52,59,111,4
61,環八五日市,環八通り×五日市街道,R4/11,高井戸,D 高円寺,12.瀬田,16,1,2,66,46,115,8
61,環八五日市,環八通り×五日市街道,R4/11,高井戸,D 高円寺,12.瀬田,17,6,0,82,49,137,6
61,環八五日市,環八通り×五日市街道,R4/11,高井戸,D 高円寺,12.瀬田,18,7,0,47,41,95,6
61,環八五日市,環八通り×五日市街道,R4/11,高井戸,D 高円寺,12.瀬田,12時間計,29,8,541,642,1220,70
61,環八五日市,環八通り×五日市街道,R4/11,高井戸,D 高円寺,13.吉祥寺,7,5,2,65,30,102,9
61,環八五日市,環八通り×五日市街道,R4/11,高井戸,D 高円寺,13.吉祥寺,8,10,2,91,23,126,8
61,環八五日市,環八通り×五日市街道,R4/11,高井戸,D 高円寺,13.吉祥寺,9,3,2,86,50,141,13
61,環八五日市,環八通り×五日市街道,R4/11,高井戸,D 高円寺,13.吉祥寺,10,9,0,87,60,156,13
61,環八五日市,環八通り×五日市街道,R4/11,高井戸,D 高円寺,13.吉祥寺,11,5,0,107,52,164,13
61,環八五日市,環八通り×五日市街道,R4/11,高井戸,D 高円寺,13.吉祥寺,12,6,0,99,74,179,14
61,環八五日市,環八通り×五日市街道,R4/11,高井戸,D 高円寺,13.吉祥寺,13,9,0,90,69,168,11
61,環八五日市,環八通り×五日市街道,R4/11,高井戸,D 高円寺,13.吉祥寺,14,6,1,100,63,170,18
61,環八五日市,環八通り×五日市街道,R4/11,高井戸,D 高円寺,13.吉祥寺,15,9,0,111,75,195,20
61,環八五日市,環八通り×五日市街道,R4/11,高井戸,D 高円寺,13.吉祥寺,16,7,0,131,85,223,22
61,環八五日市,環八通り×五日市街道,R4/11,高井戸,D 高円寺,13.吉祥寺,17,8,0,129,93,230,27
61,環八五日市,環八通り×五日市街道,R4/11,高井戸,D 高円寺,13.吉祥寺,18,5,1,117,69,192,12
61,環八五日市,環八通り×五日市街道,R4/11,高井戸,D 高円寺,13.吉祥寺,12時間計,82,8,1213,743,2046,180
61,環八五日市,環八通り×五日市街道,R4/11,高井戸,D 高円寺,14.荻窪,7,0,0,15,3,18,1
61,環八五日市,環八通り×五日市街道,R4/11,高井戸,D 高円寺,14.荻窪,8,0,1,13,12,26,3
61,環八五日市,環八通り×五日市街道,R4/11,高井戸,D 高円寺,14.荻窪,9,0,3,14,7,24,2
61,環八五日市,環八通り×五日市街道,R4/11,高井戸,D 高円寺,14.荻窪,10,0,0,6,10,16,1
61,環八五日市,環八通り×五日市街道,R4/11,高井戸,D 高円寺,14.荻窪,11,0,1,13,17,31,1
61,環八五日市,環八通り×五日市街道,R4/11,高井戸,D 高円寺,14.荻窪,12,0,0,6,9,15,1
61,環八五日市,環八通り×五日市街道,R4/11,高井戸,D 高円寺,14.荻窪,13,0,3,12,12,27,2
61,環八五日市,環八通り×五日市街道,R4/11,高井戸,D 高円寺,14.荻窪,14,0,2,10,6,18,0
61,環八五日市,環八通り×五日市街道,R4/11,高井戸,D 高円寺,14.荻窪,15,0,0,11,8,19,1
61,環八五日市,環八通り×五日市街道,R4/11,高井戸,D 高円寺,14.荻窪,16,0,0,7,9,16,5
61,環八五日市,環八通り×五日市街道,R4/11,高井戸,D 高円寺,14.荻窪,17,0,0,13,4,17,4
61,環八五日市,環八通り×五日市街道,R4/11,高井戸,D 高円寺,14.荻窪,18,0,1,11,5,17,2
61,環八五日市,環八通り×五日市街道,R4/11,高井戸,D 高円寺,14.荻窪,12時間計,0,11,131,102,244,23
61,環八五日市,環八通り×五日市街道,R4/11,高井戸,D 高円寺,流入計,7,7,3,115,69,194,14
61,環八五日市,環八通り×五日市街道,R4/11,高井戸,D 高円寺,流入計,8,19,3,137,87,246,19
61,環八五日市,環八通り×五日市街道,R4/11,高井戸,D 高円寺,流入計,9,5,5,135,102,247,19
61,環八五日市,環八通り×五日市街道,R4/11,高井戸,D 高円寺,流入計,10,9,2,139,148,298,17
61,環八五日市,環八通り×五日市街道,R4/11,高井戸,D 高円寺,流入計,11,5,2,164,143,314,19
61,環八五日市,環八通り×五日市街道,R4/11,高井戸,D 高円寺,流入計,12,7,0,138,134,279,22
61,環八五日市,環八通り×五日市街道,R4/11,高井戸,D 高円寺,流入計,13,10,5,132,127,274,20
61,環八五日市,環八通り×五日市街道,R4/11,高井戸,D 高円寺,流入計,14,6,3,148,134,291,26
61,環八五日市,環八通り×五日市街道,R4/11,高井戸,D 高円寺,流入計,15,9,0,174,142,325,25
61,環八五日市,環八通り×五日市街道,R4/11,高井戸,D 高円寺,流入計,16,8,2,204,140,354,35
61,環八五日市,環八通り×五日市街道,R4/11,高井戸,D 高円寺,流入計,17,14,0,224,146,384,37
61,環八五日市,環八通り×五日市街道,R4/11,高井戸,D 高円寺,流入計,18,12,2,175,115,304,20
61,環八五日市,環八通り×五日市街道,R4/11,高井戸,D 高円寺,流入計,12時間計,111,27,1885,1487,3510,273
