﻿地点番号,地点名,交差道路名,調査年月,管轄警察署,流入方向,流出方向,時間帯等,大型乗用,大型貨物,普通乗用,普通貨物,四輪計,二輪車
55,等々力不動前,環八通り×目黒通り,R4/11,玉川,A 柿の木坂陸橋,1.蒲田,7,0,3,71,27,101,5
55,等々力不動前,環八通り×目黒通り,R4/11,玉川,A 柿の木坂陸橋,1.蒲田,8,3,7,79,24,113,4
55,等々力不動前,環八通り×目黒通り,R4/11,玉川,A 柿の木坂陸橋,1.蒲田,9,0,3,57,36,96,4
55,等々力不動前,環八通り×目黒通り,R4/11,玉川,A 柿の木坂陸橋,1.蒲田,10,2,4,54,37,97,3
55,等々力不動前,環八通り×目黒通り,R4/11,玉川,A 柿の木坂陸橋,1.蒲田,11,0,3,44,49,96,7
55,等々力不動前,環八通り×目黒通り,R4/11,玉川,A 柿の木坂陸橋,1.蒲田,12,1,2,32,25,60,4
55,等々力不動前,環八通り×目黒通り,R4/11,玉川,A 柿の木坂陸橋,1.蒲田,13,0,2,40,29,71,2
55,等々力不動前,環八通り×目黒通り,R4/11,玉川,A 柿の木坂陸橋,1.蒲田,14,2,0,42,44,88,2
55,等々力不動前,環八通り×目黒通り,R4/11,玉川,A 柿の木坂陸橋,1.蒲田,15,3,2,54,36,95,5
55,等々力不動前,環八通り×目黒通り,R4/11,玉川,A 柿の木坂陸橋,1.蒲田,16,2,1,46,33,82,6
55,等々力不動前,環八通り×目黒通り,R4/11,玉川,A 柿の木坂陸橋,1.蒲田,17,0,1,72,30,103,5
55,等々力不動前,環八通り×目黒通り,R4/11,玉川,A 柿の木坂陸橋,1.蒲田,18,1,0,61,18,80,8
55,等々力不動前,環八通り×目黒通り,R4/11,玉川,A 柿の木坂陸橋,1.蒲田,12時間計,14,28,652,388,1082,55
55,等々力不動前,環八通り×目黒通り,R4/11,玉川,A 柿の木坂陸橋,2.多摩堤通り,7,6,2,94,45,147,14
55,等々力不動前,環八通り×目黒通り,R4/11,玉川,A 柿の木坂陸橋,2.多摩堤通り,8,6,3,107,54,170,13
55,等々力不動前,環八通り×目黒通り,R4/11,玉川,A 柿の木坂陸橋,2.多摩堤通り,9,8,2,101,62,173,26
55,等々力不動前,環八通り×目黒通り,R4/11,玉川,A 柿の木坂陸橋,2.多摩堤通り,10,7,3,115,77,202,21
55,等々力不動前,環八通り×目黒通り,R4/11,玉川,A 柿の木坂陸橋,2.多摩堤通り,11,3,6,93,69,171,19
55,等々力不動前,環八通り×目黒通り,R4/11,玉川,A 柿の木坂陸橋,2.多摩堤通り,12,3,3,102,57,165,20
55,等々力不動前,環八通り×目黒通り,R4/11,玉川,A 柿の木坂陸橋,2.多摩堤通り,13,3,8,95,73,179,21
55,等々力不動前,環八通り×目黒通り,R4/11,玉川,A 柿の木坂陸橋,2.多摩堤通り,14,6,7,98,90,201,14
55,等々力不動前,環八通り×目黒通り,R4/11,玉川,A 柿の木坂陸橋,2.多摩堤通り,15,7,7,109,53,176,20
55,等々力不動前,環八通り×目黒通り,R4/11,玉川,A 柿の木坂陸橋,2.多摩堤通り,16,4,0,106,73,183,19
55,等々力不動前,環八通り×目黒通り,R4/11,玉川,A 柿の木坂陸橋,2.多摩堤通り,17,9,5,154,67,235,21
55,等々力不動前,環八通り×目黒通り,R4/11,玉川,A 柿の木坂陸橋,2.多摩堤通り,18,16,6,116,32,170,26
55,等々力不動前,環八通り×目黒通り,R4/11,玉川,A 柿の木坂陸橋,2.多摩堤通り,12時間計,78,52,1290,752,2172,234
55,等々力不動前,環八通り×目黒通り,R4/11,玉川,A 柿の木坂陸橋,3.瀬田,7,6,4,347,138,495,6
55,等々力不動前,環八通り×目黒通り,R4/11,玉川,A 柿の木坂陸橋,3.瀬田,8,1,9,424,124,558,11
55,等々力不動前,環八通り×目黒通り,R4/11,玉川,A 柿の木坂陸橋,3.瀬田,9,1,11,317,170,499,6
55,等々力不動前,環八通り×目黒通り,R4/11,玉川,A 柿の木坂陸橋,3.瀬田,10,6,6,340,228,580,7
55,等々力不動前,環八通り×目黒通り,R4/11,玉川,A 柿の木坂陸橋,3.瀬田,11,3,13,330,136,482,6
55,等々力不動前,環八通り×目黒通り,R4/11,玉川,A 柿の木坂陸橋,3.瀬田,12,0,10,304,174,488,9
55,等々力不動前,環八通り×目黒通り,R4/11,玉川,A 柿の木坂陸橋,3.瀬田,13,0,12,308,182,502,5
55,等々力不動前,環八通り×目黒通り,R4/11,玉川,A 柿の木坂陸橋,3.瀬田,14,6,8,363,202,579,6
55,等々力不動前,環八通り×目黒通り,R4/11,玉川,A 柿の木坂陸橋,3.瀬田,15,5,10,346,200,561,9
55,等々力不動前,環八通り×目黒通り,R4/11,玉川,A 柿の木坂陸橋,3.瀬田,16,5,7,367,309,688,6
55,等々力不動前,環八通り×目黒通り,R4/11,玉川,A 柿の木坂陸橋,3.瀬田,17,2,9,390,320,721,5
55,等々力不動前,環八通り×目黒通り,R4/11,玉川,A 柿の木坂陸橋,3.瀬田,18,1,3,452,238,694,10
55,等々力不動前,環八通り×目黒通り,R4/11,玉川,A 柿の木坂陸橋,3.瀬田,12時間計,36,102,4288,2421,6847,86
55,等々力不動前,環八通り×目黒通り,R4/11,玉川,A 柿の木坂陸橋,流入計,7,12,9,512,210,743,25
55,等々力不動前,環八通り×目黒通り,R4/11,玉川,A 柿の木坂陸橋,流入計,8,10,19,610,202,841,28
55,等々力不動前,環八通り×目黒通り,R4/11,玉川,A 柿の木坂陸橋,流入計,9,9,16,475,268,768,36
55,等々力不動前,環八通り×目黒通り,R4/11,玉川,A 柿の木坂陸橋,流入計,10,15,13,509,342,879,31
55,等々力不動前,環八通り×目黒通り,R4/11,玉川,A 柿の木坂陸橋,流入計,11,6,22,467,254,749,32
55,等々力不動前,環八通り×目黒通り,R4/11,玉川,A 柿の木坂陸橋,流入計,12,4,15,438,256,713,33
55,等々力不動前,環八通り×目黒通り,R4/11,玉川,A 柿の木坂陸橋,流入計,13,3,22,443,284,752,28
55,等々力不動前,環八通り×目黒通り,R4/11,玉川,A 柿の木坂陸橋,流入計,14,14,15,503,336,868,22
55,等々力不動前,環八通り×目黒通り,R4/11,玉川,A 柿の木坂陸橋,流入計,15,15,19,509,289,832,34
55,等々力不動前,環八通り×目黒通り,R4/11,玉川,A 柿の木坂陸橋,流入計,16,11,8,519,415,953,31
55,等々力不動前,環八通り×目黒通り,R4/11,玉川,A 柿の木坂陸橋,流入計,17,11,15,616,417,1059,31
55,等々力不動前,環八通り×目黒通り,R4/11,玉川,A 柿の木坂陸橋,流入計,18,18,9,629,288,944,44
55,等々力不動前,環八通り×目黒通り,R4/11,玉川,A 柿の木坂陸橋,流入計,12時間計,128,182,6230,3561,10101,375
55,等々力不動前,環八通り×目黒通り,R4/11,玉川,B 瀬田,4.柿の木坂陸橋,7,15,26,567,419,1027,7
55,等々力不動前,環八通り×目黒通り,R4/11,玉川,B 瀬田,4.柿の木坂陸橋,8,1,27,565,378,971,10
55,等々力不動前,環八通り×目黒通り,R4/11,玉川,B 瀬田,4.柿の木坂陸橋,9,0,20,498,342,860,10
55,等々力不動前,環八通り×目黒通り,R4/11,玉川,B 瀬田,4.柿の木坂陸橋,10,1,11,344,230,586,6
55,等々力不動前,環八通り×目黒通り,R4/11,玉川,B 瀬田,4.柿の木坂陸橋,11,0,12,384,173,569,9
55,等々力不動前,環八通り×目黒通り,R4/11,玉川,B 瀬田,4.柿の木坂陸橋,12,2,13,405,264,684,14
55,等々力不動前,環八通り×目黒通り,R4/11,玉川,B 瀬田,4.柿の木坂陸橋,13,1,27,374,136,538,11
55,等々力不動前,環八通り×目黒通り,R4/11,玉川,B 瀬田,4.柿の木坂陸橋,14,1,17,358,198,574,14
55,等々力不動前,環八通り×目黒通り,R4/11,玉川,B 瀬田,4.柿の木坂陸橋,15,1,14,408,141,564,10
55,等々力不動前,環八通り×目黒通り,R4/11,玉川,B 瀬田,4.柿の木坂陸橋,16,2,8,411,120,541,15
55,等々力不動前,環八通り×目黒通り,R4/11,玉川,B 瀬田,4.柿の木坂陸橋,17,2,8,542,91,643,16
55,等々力不動前,環八通り×目黒通り,R4/11,玉川,B 瀬田,4.柿の木坂陸橋,18,2,2,402,110,516,6
55,等々力不動前,環八通り×目黒通り,R4/11,玉川,B 瀬田,4.柿の木坂陸橋,12時間計,28,185,5258,2602,8073,128
55,等々力不動前,環八通り×目黒通り,R4/11,玉川,B 瀬田,5.蒲田,7,2,0,6,7,15,1
55,等々力不動前,環八通り×目黒通り,R4/11,玉川,B 瀬田,5.蒲田,8,3,1,9,8,21,0
55,等々力不動前,環八通り×目黒通り,R4/11,玉川,B 瀬田,5.蒲田,9,2,2,8,5,17,1
55,等々力不動前,環八通り×目黒通り,R4/11,玉川,B 瀬田,5.蒲田,10,2,1,9,2,14,1
55,等々力不動前,環八通り×目黒通り,R4/11,玉川,B 瀬田,5.蒲田,11,2,0,6,4,12,2
55,等々力不動前,環八通り×目黒通り,R4/11,玉川,B 瀬田,5.蒲田,12,2,0,8,10,20,1
55,等々力不動前,環八通り×目黒通り,R4/11,玉川,B 瀬田,5.蒲田,13,2,0,7,6,15,1
55,等々力不動前,環八通り×目黒通り,R4/11,玉川,B 瀬田,5.蒲田,14,2,0,7,2,11,0
55,等々力不動前,環八通り×目黒通り,R4/11,玉川,B 瀬田,5.蒲田,15,3,2,7,6,18,2
55,等々力不動前,環八通り×目黒通り,R4/11,玉川,B 瀬田,5.蒲田,16,3,0,7,4,14,0
55,等々力不動前,環八通り×目黒通り,R4/11,玉川,B 瀬田,5.蒲田,17,2,0,9,4,15,4
55,等々力不動前,環八通り×目黒通り,R4/11,玉川,B 瀬田,5.蒲田,18,2,0,11,3,16,1
55,等々力不動前,環八通り×目黒通り,R4/11,玉川,B 瀬田,5.蒲田,12時間計,27,6,94,61,188,14
55,等々力不動前,環八通り×目黒通り,R4/11,玉川,B 瀬田,6.多摩堤通り,7,2,4,15,28,49,1
55,等々力不動前,環八通り×目黒通り,R4/11,玉川,B 瀬田,6.多摩堤通り,8,0,7,22,24,53,1
55,等々力不動前,環八通り×目黒通り,R4/11,玉川,B 瀬田,6.多摩堤通り,9,0,8,24,15,47,1
55,等々力不動前,環八通り×目黒通り,R4/11,玉川,B 瀬田,6.多摩堤通り,10,0,6,23,17,46,1
55,等々力不動前,環八通り×目黒通り,R4/11,玉川,B 瀬田,6.多摩堤通り,11,0,5,22,25,52,3
55,等々力不動前,環八通り×目黒通り,R4/11,玉川,B 瀬田,6.多摩堤通り,12,1,6,30,21,58,6
55,等々力不動前,環八通り×目黒通り,R4/11,玉川,B 瀬田,6.多摩堤通り,13,2,4,33,22,61,2
55,等々力不動前,環八通り×目黒通り,R4/11,玉川,B 瀬田,6.多摩堤通り,14,3,9,33,23,68,0
55,等々力不動前,環八通り×目黒通り,R4/11,玉川,B 瀬田,6.多摩堤通り,15,0,2,29,26,57,0
55,等々力不動前,環八通り×目黒通り,R4/11,玉川,B 瀬田,6.多摩堤通り,16,2,4,39,25,70,4
55,等々力不動前,環八通り×目黒通り,R4/11,玉川,B 瀬田,6.多摩堤通り,17,1,1,21,10,33,2
55,等々力不動前,環八通り×目黒通り,R4/11,玉川,B 瀬田,6.多摩堤通り,18,1,2,26,5,34,4
55,等々力不動前,環八通り×目黒通り,R4/11,玉川,B 瀬田,6.多摩堤通り,12時間計,12,58,317,241,628,25
55,等々力不動前,環八通り×目黒通り,R4/11,玉川,B 瀬田,7.蒲田,7,6,30,734,663,1433,75
55,等々力不動前,環八通り×目黒通り,R4/11,玉川,B 瀬田,7.蒲田,8,1,15,708,589,1313,53
55,等々力不動前,環八通り×目黒通り,R4/11,玉川,B 瀬田,7.蒲田,9,1,33,816,483,1333,35
55,等々力不動前,環八通り×目黒通り,R4/11,玉川,B 瀬田,7.蒲田,10,3,22,630,443,1098,15
55,等々力不動前,環八通り×目黒通り,R4/11,玉川,B 瀬田,7.蒲田,11,4,37,499,324,864,33
55,等々力不動前,環八通り×目黒通り,R4/11,玉川,B 瀬田,7.蒲田,12,1,58,466,332,857,34
55,等々力不動前,環八通り×目黒通り,R4/11,玉川,B 瀬田,7.蒲田,13,1,37,497,314,849,18
55,等々力不動前,環八通り×目黒通り,R4/11,玉川,B 瀬田,7.蒲田,14,7,31,597,363,998,24
55,等々力不動前,環八通り×目黒通り,R4/11,玉川,B 瀬田,7.蒲田,15,6,32,617,297,952,35
55,等々力不動前,環八通り×目黒通り,R4/11,玉川,B 瀬田,7.蒲田,16,4,10,707,286,1007,26
55,等々力不動前,環八通り×目黒通り,R4/11,玉川,B 瀬田,7.蒲田,17,0,15,681,269,965,30
55,等々力不動前,環八通り×目黒通り,R4/11,玉川,B 瀬田,7.蒲田,18,3,17,580,203,803,45
55,等々力不動前,環八通り×目黒通り,R4/11,玉川,B 瀬田,7.蒲田,12時間計,37,337,7532,4566,12472,423
55,等々力不動前,環八通り×目黒通り,R4/11,玉川,B 瀬田,流入計,7,25,60,1322,1117,2524,84
55,等々力不動前,環八通り×目黒通り,R4/11,玉川,B 瀬田,流入計,8,5,50,1304,999,2358,64
55,等々力不動前,環八通り×目黒通り,R4/11,玉川,B 瀬田,流入計,9,3,63,1346,845,2257,47
55,等々力不動前,環八通り×目黒通り,R4/11,玉川,B 瀬田,流入計,10,6,40,1006,692,1744,23
55,等々力不動前,環八通り×目黒通り,R4/11,玉川,B 瀬田,流入計,11,6,54,911,526,1497,47
55,等々力不動前,環八通り×目黒通り,R4/11,玉川,B 瀬田,流入計,12,6,77,909,627,1619,55
55,等々力不動前,環八通り×目黒通り,R4/11,玉川,B 瀬田,流入計,13,6,68,911,478,1463,32
55,等々力不動前,環八通り×目黒通り,R4/11,玉川,B 瀬田,流入計,14,13,57,995,586,1651,38
55,等々力不動前,環八通り×目黒通り,R4/11,玉川,B 瀬田,流入計,15,10,50,1061,470,1591,47
55,等々力不動前,環八通り×目黒通り,R4/11,玉川,B 瀬田,流入計,16,11,22,1164,435,1632,45
55,等々力不動前,環八通り×目黒通り,R4/11,玉川,B 瀬田,流入計,17,5,24,1253,374,1656,52
55,等々力不動前,環八通り×目黒通り,R4/11,玉川,B 瀬田,流入計,18,8,21,1019,321,1369,56
55,等々力不動前,環八通り×目黒通り,R4/11,玉川,B 瀬田,流入計,12時間計,104,586,13201,7470,21361,590
55,等々力不動前,環八通り×目黒通り,R4/11,玉川,C 多摩堤通り,8.瀬田,7,1,2,22,9,34,0
55,等々力不動前,環八通り×目黒通り,R4/11,玉川,C 多摩堤通り,8.瀬田,8,0,3,21,14,38,2
55,等々力不動前,環八通り×目黒通り,R4/11,玉川,C 多摩堤通り,8.瀬田,9,0,6,35,12,53,1
55,等々力不動前,環八通り×目黒通り,R4/11,玉川,C 多摩堤通り,8.瀬田,10,0,5,28,10,43,2
55,等々力不動前,環八通り×目黒通り,R4/11,玉川,C 多摩堤通り,8.瀬田,11,0,5,28,11,44,1
55,等々力不動前,環八通り×目黒通り,R4/11,玉川,C 多摩堤通り,8.瀬田,12,0,7,21,14,42,1
55,等々力不動前,環八通り×目黒通り,R4/11,玉川,C 多摩堤通り,8.瀬田,13,2,6,24,12,44,2
55,等々力不動前,環八通り×目黒通り,R4/11,玉川,C 多摩堤通り,8.瀬田,14,0,8,25,22,55,0
55,等々力不動前,環八通り×目黒通り,R4/11,玉川,C 多摩堤通り,8.瀬田,15,1,4,23,13,41,0
55,等々力不動前,環八通り×目黒通り,R4/11,玉川,C 多摩堤通り,8.瀬田,16,2,6,27,14,49,1
55,等々力不動前,環八通り×目黒通り,R4/11,玉川,C 多摩堤通り,8.瀬田,17,2,3,22,22,49,0
55,等々力不動前,環八通り×目黒通り,R4/11,玉川,C 多摩堤通り,8.瀬田,18,0,0,23,10,33,0
55,等々力不動前,環八通り×目黒通り,R4/11,玉川,C 多摩堤通り,8.瀬田,12時間計,8,55,299,163,525,10
55,等々力不動前,環八通り×目黒通り,R4/11,玉川,C 多摩堤通り,9.柿の木坂陸橋,7,2,10,128,86,226,19
55,等々力不動前,環八通り×目黒通り,R4/11,玉川,C 多摩堤通り,9.柿の木坂陸橋,8,2,13,169,93,277,19
55,等々力不動前,環八通り×目黒通り,R4/11,玉川,C 多摩堤通り,9.柿の木坂陸橋,9,2,6,175,101,284,18
55,等々力不動前,環八通り×目黒通り,R4/11,玉川,C 多摩堤通り,9.柿の木坂陸橋,10,1,6,127,102,236,20
55,等々力不動前,環八通り×目黒通り,R4/11,玉川,C 多摩堤通り,9.柿の木坂陸橋,11,0,2,129,109,240,15
55,等々力不動前,環八通り×目黒通り,R4/11,玉川,C 多摩堤通り,9.柿の木坂陸橋,12,0,5,103,83,191,14
55,等々力不動前,環八通り×目黒通り,R4/11,玉川,C 多摩堤通り,9.柿の木坂陸橋,13,0,7,115,73,195,20
55,等々力不動前,環八通り×目黒通り,R4/11,玉川,C 多摩堤通り,9.柿の木坂陸橋,14,0,8,160,83,251,21
55,等々力不動前,環八通り×目黒通り,R4/11,玉川,C 多摩堤通り,9.柿の木坂陸橋,15,2,4,144,71,221,14
55,等々力不動前,環八通り×目黒通り,R4/11,玉川,C 多摩堤通り,9.柿の木坂陸橋,16,0,5,184,61,250,18
55,等々力不動前,環八通り×目黒通り,R4/11,玉川,C 多摩堤通り,9.柿の木坂陸橋,17,7,2,194,48,251,20
55,等々力不動前,環八通り×目黒通り,R4/11,玉川,C 多摩堤通り,9.柿の木坂陸橋,18,3,1,118,34,156,18
55,等々力不動前,環八通り×目黒通り,R4/11,玉川,C 多摩堤通り,9.柿の木坂陸橋,12時間計,19,69,1746,944,2778,216
55,等々力不動前,環八通り×目黒通り,R4/11,玉川,C 多摩堤通り,10.蒲田,7,0,4,51,40,95,4
55,等々力不動前,環八通り×目黒通り,R4/11,玉川,C 多摩堤通り,10.蒲田,8,0,5,68,48,121,6
55,等々力不動前,環八通り×目黒通り,R4/11,玉川,C 多摩堤通り,10.蒲田,9,3,9,48,24,84,2
55,等々力不動前,環八通り×目黒通り,R4/11,玉川,C 多摩堤通り,10.蒲田,10,1,4,37,21,63,4
55,等々力不動前,環八通り×目黒通り,R4/11,玉川,C 多摩堤通り,10.蒲田,11,1,4,42,22,69,1
55,等々力不動前,環八通り×目黒通り,R4/11,玉川,C 多摩堤通り,10.蒲田,12,0,4,31,18,53,5
55,等々力不動前,環八通り×目黒通り,R4/11,玉川,C 多摩堤通り,10.蒲田,13,2,1,46,27,76,7
55,等々力不動前,環八通り×目黒通り,R4/11,玉川,C 多摩堤通り,10.蒲田,14,0,3,46,24,73,1
55,等々力不動前,環八通り×目黒通り,R4/11,玉川,C 多摩堤通り,10.蒲田,15,2,8,32,13,55,6
55,等々力不動前,環八通り×目黒通り,R4/11,玉川,C 多摩堤通り,10.蒲田,16,0,1,34,23,58,4
55,等々力不動前,環八通り×目黒通り,R4/11,玉川,C 多摩堤通り,10.蒲田,17,0,0,38,18,56,6
55,等々力不動前,環八通り×目黒通り,R4/11,玉川,C 多摩堤通り,10.蒲田,18,3,4,35,12,54,2
55,等々力不動前,環八通り×目黒通り,R4/11,玉川,C 多摩堤通り,10.蒲田,12時間計,12,47,508,290,857,48
55,等々力不動前,環八通り×目黒通り,R4/11,玉川,C 多摩堤通り,流入計,7,3,16,201,135,355,23
55,等々力不動前,環八通り×目黒通り,R4/11,玉川,C 多摩堤通り,流入計,8,2,21,258,155,436,27
55,等々力不動前,環八通り×目黒通り,R4/11,玉川,C 多摩堤通り,流入計,9,5,21,258,137,421,21
55,等々力不動前,環八通り×目黒通り,R4/11,玉川,C 多摩堤通り,流入計,10,2,15,192,133,342,26
55,等々力不動前,環八通り×目黒通り,R4/11,玉川,C 多摩堤通り,流入計,11,1,11,199,142,353,17
55,等々力不動前,環八通り×目黒通り,R4/11,玉川,C 多摩堤通り,流入計,12,0,16,155,115,286,20
55,等々力不動前,環八通り×目黒通り,R4/11,玉川,C 多摩堤通り,流入計,13,4,14,185,112,315,29
55,等々力不動前,環八通り×目黒通り,R4/11,玉川,C 多摩堤通り,流入計,14,0,19,231,129,379,22
55,等々力不動前,環八通り×目黒通り,R4/11,玉川,C 多摩堤通り,流入計,15,5,16,199,97,317,20
55,等々力不動前,環八通り×目黒通り,R4/11,玉川,C 多摩堤通り,流入計,16,2,12,245,98,357,23
55,等々力不動前,環八通り×目黒通り,R4/11,玉川,C 多摩堤通り,流入計,17,9,5,254,88,356,26
55,等々力不動前,環八通り×目黒通り,R4/11,玉川,C 多摩堤通り,流入計,18,6,5,176,56,243,20
55,等々力不動前,環八通り×目黒通り,R4/11,玉川,C 多摩堤通り,流入計,12時間計,39,171,2553,1397,4160,274
55,等々力不動前,環八通り×目黒通り,R4/11,玉川,D 蒲田,11.多摩堤通り,7,0,2,10,7,19,0
55,等々力不動前,環八通り×目黒通り,R4/11,玉川,D 蒲田,11.多摩堤通り,8,1,5,15,6,27,2
55,等々力不動前,環八通り×目黒通り,R4/11,玉川,D 蒲田,11.多摩堤通り,9,0,2,14,8,24,0
55,等々力不動前,環八通り×目黒通り,R4/11,玉川,D 蒲田,11.多摩堤通り,10,0,0,23,18,41,5
55,等々力不動前,環八通り×目黒通り,R4/11,玉川,D 蒲田,11.多摩堤通り,11,1,5,16,13,35,3
55,等々力不動前,環八通り×目黒通り,R4/11,玉川,D 蒲田,11.多摩堤通り,12,0,1,17,15,33,1
55,等々力不動前,環八通り×目黒通り,R4/11,玉川,D 蒲田,11.多摩堤通り,13,0,0,21,10,31,1
55,等々力不動前,環八通り×目黒通り,R4/11,玉川,D 蒲田,11.多摩堤通り,14,1,0,15,15,31,3
55,等々力不動前,環八通り×目黒通り,R4/11,玉川,D 蒲田,11.多摩堤通り,15,0,0,24,19,43,2
55,等々力不動前,環八通り×目黒通り,R4/11,玉川,D 蒲田,11.多摩堤通り,16,2,0,23,11,36,2
55,等々力不動前,環八通り×目黒通り,R4/11,玉川,D 蒲田,11.多摩堤通り,17,0,4,17,14,35,1
55,等々力不動前,環八通り×目黒通り,R4/11,玉川,D 蒲田,11.多摩堤通り,18,2,0,16,7,25,1
55,等々力不動前,環八通り×目黒通り,R4/11,玉川,D 蒲田,11.多摩堤通り,12時間計,7,19,211,143,380,21
55,等々力不動前,環八通り×目黒通り,R4/11,玉川,D 蒲田,12.瀬田,7,1,0,14,7,22,2
55,等々力不動前,環八通り×目黒通り,R4/11,玉川,D 蒲田,12.瀬田,8,0,0,16,6,22,0
55,等々力不動前,環八通り×目黒通り,R4/11,玉川,D 蒲田,12.瀬田,9,7,0,15,7,29,3
55,等々力不動前,環八通り×目黒通り,R4/11,玉川,D 蒲田,12.瀬田,10,1,2,13,2,18,2
55,等々力不動前,環八通り×目黒通り,R4/11,玉川,D 蒲田,12.瀬田,11,2,2,15,7,26,3
55,等々力不動前,環八通り×目黒通り,R4/11,玉川,D 蒲田,12.瀬田,12,3,0,10,7,20,6
55,等々力不動前,環八通り×目黒通り,R4/11,玉川,D 蒲田,12.瀬田,13,3,1,12,8,24,3
55,等々力不動前,環八通り×目黒通り,R4/11,玉川,D 蒲田,12.瀬田,14,2,0,16,6,24,7
55,等々力不動前,環八通り×目黒通り,R4/11,玉川,D 蒲田,12.瀬田,15,3,0,18,3,24,4
55,等々力不動前,環八通り×目黒通り,R4/11,玉川,D 蒲田,12.瀬田,16,3,0,19,9,31,2
55,等々力不動前,環八通り×目黒通り,R4/11,玉川,D 蒲田,12.瀬田,17,2,0,24,12,38,2
55,等々力不動前,環八通り×目黒通り,R4/11,玉川,D 蒲田,12.瀬田,18,4,0,10,12,26,1
55,等々力不動前,環八通り×目黒通り,R4/11,玉川,D 蒲田,12.瀬田,12時間計,31,5,182,86,304,35
55,等々力不動前,環八通り×目黒通り,R4/11,玉川,D 蒲田,13.柿の木坂陸橋,7,8,2,77,53,140,13
55,等々力不動前,環八通り×目黒通り,R4/11,玉川,D 蒲田,13.柿の木坂陸橋,8,0,4,80,45,129,7
55,等々力不動前,環八通り×目黒通り,R4/11,玉川,D 蒲田,13.柿の木坂陸橋,9,0,2,62,37,101,11
55,等々力不動前,環八通り×目黒通り,R4/11,玉川,D 蒲田,13.柿の木坂陸橋,10,0,5,61,38,104,6
55,等々力不動前,環八通り×目黒通り,R4/11,玉川,D 蒲田,13.柿の木坂陸橋,11,0,1,96,48,145,9
55,等々力不動前,環八通り×目黒通り,R4/11,玉川,D 蒲田,13.柿の木坂陸橋,12,0,1,76,52,129,4
55,等々力不動前,環八通り×目黒通り,R4/11,玉川,D 蒲田,13.柿の木坂陸橋,13,1,3,77,38,119,13
55,等々力不動前,環八通り×目黒通り,R4/11,玉川,D 蒲田,13.柿の木坂陸橋,14,2,0,59,42,103,6
55,等々力不動前,環八通り×目黒通り,R4/11,玉川,D 蒲田,13.柿の木坂陸橋,15,1,2,59,30,92,10
55,等々力不動前,環八通り×目黒通り,R4/11,玉川,D 蒲田,13.柿の木坂陸橋,16,4,5,97,41,147,14
55,等々力不動前,環八通り×目黒通り,R4/11,玉川,D 蒲田,13.柿の木坂陸橋,17,0,3,107,27,137,17
55,等々力不動前,環八通り×目黒通り,R4/11,玉川,D 蒲田,13.柿の木坂陸橋,18,0,0,72,22,94,16
55,等々力不動前,環八通り×目黒通り,R4/11,玉川,D 蒲田,13.柿の木坂陸橋,12時間計,16,28,923,473,1440,126
55,等々力不動前,環八通り×目黒通り,R4/11,玉川,D 蒲田,14.瀬田,7,8,17,647,283,955,37
55,等々力不動前,環八通り×目黒通り,R4/11,玉川,D 蒲田,14.瀬田,8,4,35,564,277,880,32
55,等々力不動前,環八通り×目黒通り,R4/11,玉川,D 蒲田,14.瀬田,9,8,30,472,382,892,29
55,等々力不動前,環八通り×目黒通り,R4/11,玉川,D 蒲田,14.瀬田,10,1,41,466,414,922,20
55,等々力不動前,環八通り×目黒通り,R4/11,玉川,D 蒲田,14.瀬田,11,0,41,551,415,1007,27
55,等々力不動前,環八通り×目黒通り,R4/11,玉川,D 蒲田,14.瀬田,12,0,31,582,350,963,32
55,等々力不動前,環八通り×目黒通り,R4/11,玉川,D 蒲田,14.瀬田,13,0,25,502,365,892,36
55,等々力不動前,環八通り×目黒通り,R4/11,玉川,D 蒲田,14.瀬田,14,7,36,537,425,1005,35
55,等々力不動前,環八通り×目黒通り,R4/11,玉川,D 蒲田,14.瀬田,15,2,38,489,407,936,36
55,等々力不動前,環八通り×目黒通り,R4/11,玉川,D 蒲田,14.瀬田,16,6,22,579,580,1187,36
55,等々力不動前,環八通り×目黒通り,R4/11,玉川,D 蒲田,14.瀬田,17,2,18,730,570,1320,49
55,等々力不動前,環八通り×目黒通り,R4/11,玉川,D 蒲田,14.瀬田,18,2,9,901,343,1255,62
55,等々力不動前,環八通り×目黒通り,R4/11,玉川,D 蒲田,14.瀬田,12時間計,40,343,7020,4811,12214,431
55,等々力不動前,環八通り×目黒通り,R4/11,玉川,D 蒲田,流入計,7,17,21,748,350,1136,52
55,等々力不動前,環八通り×目黒通り,R4/11,玉川,D 蒲田,流入計,8,5,44,675,334,1058,41
55,等々力不動前,環八通り×目黒通り,R4/11,玉川,D 蒲田,流入計,9,15,34,563,434,1046,43
55,等々力不動前,環八通り×目黒通り,R4/11,玉川,D 蒲田,流入計,10,2,48,563,472,1085,33
55,等々力不動前,環八通り×目黒通り,R4/11,玉川,D 蒲田,流入計,11,3,49,678,483,1213,42
55,等々力不動前,環八通り×目黒通り,R4/11,玉川,D 蒲田,流入計,12,3,33,685,424,1145,43
55,等々力不動前,環八通り×目黒通り,R4/11,玉川,D 蒲田,流入計,13,4,29,612,421,1066,53
55,等々力不動前,環八通り×目黒通り,R4/11,玉川,D 蒲田,流入計,14,12,36,627,488,1163,51
55,等々力不動前,環八通り×目黒通り,R4/11,玉川,D 蒲田,流入計,15,6,40,590,459,1095,52
55,等々力不動前,環八通り×目黒通り,R4/11,玉川,D 蒲田,流入計,16,15,27,718,641,1401,54
55,等々力不動前,環八通り×目黒通り,R4/11,玉川,D 蒲田,流入計,17,4,25,878,623,1530,69
55,等々力不動前,環八通り×目黒通り,R4/11,玉川,D 蒲田,流入計,18,8,9,999,384,1400,80
55,等々力不動前,環八通り×目黒通り,R4/11,玉川,D 蒲田,流入計,12時間計,94,395,8336,5513,14338,613
