﻿地点番号,地点名,交差道路名,調査年月,管轄警察署,流入方向,流出方向,時間帯等,車道通行自転車,歩道通行自転車,自転車計
41,大和町,環七通り×中仙道,R4/11,板橋,A 志村,1十条,7,0,-,-
41,大和町,環七通り×中仙道,R4/11,板橋,A 志村,1十条,8,0,-,-
41,大和町,環七通り×中仙道,R4/11,板橋,A 志村,1十条,9,0,-,-
41,大和町,環七通り×中仙道,R4/11,板橋,A 志村,1十条,10,1,-,-
41,大和町,環七通り×中仙道,R4/11,板橋,A 志村,1十条,11,0,-,-
41,大和町,環七通り×中仙道,R4/11,板橋,A 志村,1十条,12,1,-,-
41,大和町,環七通り×中仙道,R4/11,板橋,A 志村,1十条,13,0,-,-
41,大和町,環七通り×中仙道,R4/11,板橋,A 志村,1十条,14,0,-,-
41,大和町,環七通り×中仙道,R4/11,板橋,A 志村,1十条,15,0,-,-
41,大和町,環七通り×中仙道,R4/11,板橋,A 志村,1十条,16,0,-,-
41,大和町,環七通り×中仙道,R4/11,板橋,A 志村,1十条,17,3,-,-
41,大和町,環七通り×中仙道,R4/11,板橋,A 志村,1十条,18,0,-,-
41,大和町,環七通り×中仙道,R4/11,板橋,A 志村,1十条,12時間計,5,-,-
41,大和町,環七通り×中仙道,R4/11,板橋,A 志村,2巣鴨,7,37,-,-
41,大和町,環七通り×中仙道,R4/11,板橋,A 志村,2巣鴨,8,63,-,-
41,大和町,環七通り×中仙道,R4/11,板橋,A 志村,2巣鴨,9,25,-,-
41,大和町,環七通り×中仙道,R4/11,板橋,A 志村,2巣鴨,10,17,-,-
41,大和町,環七通り×中仙道,R4/11,板橋,A 志村,2巣鴨,11,11,-,-
41,大和町,環七通り×中仙道,R4/11,板橋,A 志村,2巣鴨,12,14,-,-
41,大和町,環七通り×中仙道,R4/11,板橋,A 志村,2巣鴨,13,9,-,-
41,大和町,環七通り×中仙道,R4/11,板橋,A 志村,2巣鴨,14,11,-,-
41,大和町,環七通り×中仙道,R4/11,板橋,A 志村,2巣鴨,15,8,-,-
41,大和町,環七通り×中仙道,R4/11,板橋,A 志村,2巣鴨,16,16,-,-
41,大和町,環七通り×中仙道,R4/11,板橋,A 志村,2巣鴨,17,17,-,-
41,大和町,環七通り×中仙道,R4/11,板橋,A 志村,2巣鴨,18,13,-,-
41,大和町,環七通り×中仙道,R4/11,板橋,A 志村,2巣鴨,12時間計,241,-,-
41,大和町,環七通り×中仙道,R4/11,板橋,A 志村,3高円寺,7,2,-,-
41,大和町,環七通り×中仙道,R4/11,板橋,A 志村,3高円寺,8,0,-,-
41,大和町,環七通り×中仙道,R4/11,板橋,A 志村,3高円寺,9,1,-,-
41,大和町,環七通り×中仙道,R4/11,板橋,A 志村,3高円寺,10,2,-,-
41,大和町,環七通り×中仙道,R4/11,板橋,A 志村,3高円寺,11,0,-,-
41,大和町,環七通り×中仙道,R4/11,板橋,A 志村,3高円寺,12,0,-,-
41,大和町,環七通り×中仙道,R4/11,板橋,A 志村,3高円寺,13,0,-,-
41,大和町,環七通り×中仙道,R4/11,板橋,A 志村,3高円寺,14,0,-,-
41,大和町,環七通り×中仙道,R4/11,板橋,A 志村,3高円寺,15,3,-,-
41,大和町,環七通り×中仙道,R4/11,板橋,A 志村,3高円寺,16,4,-,-
41,大和町,環七通り×中仙道,R4/11,板橋,A 志村,3高円寺,17,0,-,-
41,大和町,環七通り×中仙道,R4/11,板橋,A 志村,3高円寺,18,0,-,-
41,大和町,環七通り×中仙道,R4/11,板橋,A 志村,3高円寺,12時間計,12,-,-
41,大和町,環七通り×中仙道,R4/11,板橋,A 志村,流入計,7,39,204,243
41,大和町,環七通り×中仙道,R4/11,板橋,A 志村,流入計,8,63,103,166
41,大和町,環七通り×中仙道,R4/11,板橋,A 志村,流入計,9,26,80,106
41,大和町,環七通り×中仙道,R4/11,板橋,A 志村,流入計,10,20,127,147
41,大和町,環七通り×中仙道,R4/11,板橋,A 志村,流入計,11,11,114,125
41,大和町,環七通り×中仙道,R4/11,板橋,A 志村,流入計,12,15,138,153
41,大和町,環七通り×中仙道,R4/11,板橋,A 志村,流入計,13,9,105,114
41,大和町,環七通り×中仙道,R4/11,板橋,A 志村,流入計,14,11,56,67
41,大和町,環七通り×中仙道,R4/11,板橋,A 志村,流入計,15,11,69,80
41,大和町,環七通り×中仙道,R4/11,板橋,A 志村,流入計,16,20,143,163
41,大和町,環七通り×中仙道,R4/11,板橋,A 志村,流入計,17,20,183,203
41,大和町,環七通り×中仙道,R4/11,板橋,A 志村,流入計,18,13,141,154
41,大和町,環七通り×中仙道,R4/11,板橋,A 志村,流入計,12時間計,258,1463,1721
41,大和町,環七通り×中仙道,R4/11,板橋,B 高円寺,4志村,7,0,-,-
41,大和町,環七通り×中仙道,R4/11,板橋,B 高円寺,4志村,8,2,-,-
41,大和町,環七通り×中仙道,R4/11,板橋,B 高円寺,4志村,9,0,-,-
41,大和町,環七通り×中仙道,R4/11,板橋,B 高円寺,4志村,10,0,-,-
41,大和町,環七通り×中仙道,R4/11,板橋,B 高円寺,4志村,11,0,-,-
41,大和町,環七通り×中仙道,R4/11,板橋,B 高円寺,4志村,12,0,-,-
41,大和町,環七通り×中仙道,R4/11,板橋,B 高円寺,4志村,13,0,-,-
41,大和町,環七通り×中仙道,R4/11,板橋,B 高円寺,4志村,14,0,-,-
41,大和町,環七通り×中仙道,R4/11,板橋,B 高円寺,4志村,15,0,-,-
41,大和町,環七通り×中仙道,R4/11,板橋,B 高円寺,4志村,16,1,-,-
41,大和町,環七通り×中仙道,R4/11,板橋,B 高円寺,4志村,17,0,-,-
41,大和町,環七通り×中仙道,R4/11,板橋,B 高円寺,4志村,18,0,-,-
41,大和町,環七通り×中仙道,R4/11,板橋,B 高円寺,4志村,12時間計,3,-,-
41,大和町,環七通り×中仙道,R4/11,板橋,B 高円寺,5十条,7,55,-,-
41,大和町,環七通り×中仙道,R4/11,板橋,B 高円寺,5十条,8,56,-,-
41,大和町,環七通り×中仙道,R4/11,板橋,B 高円寺,5十条,9,34,-,-
41,大和町,環七通り×中仙道,R4/11,板橋,B 高円寺,5十条,10,32,-,-
41,大和町,環七通り×中仙道,R4/11,板橋,B 高円寺,5十条,11,22,-,-
41,大和町,環七通り×中仙道,R4/11,板橋,B 高円寺,5十条,12,12,-,-
41,大和町,環七通り×中仙道,R4/11,板橋,B 高円寺,5十条,13,15,-,-
41,大和町,環七通り×中仙道,R4/11,板橋,B 高円寺,5十条,14,18,-,-
41,大和町,環七通り×中仙道,R4/11,板橋,B 高円寺,5十条,15,19,-,-
41,大和町,環七通り×中仙道,R4/11,板橋,B 高円寺,5十条,16,38,-,-
41,大和町,環七通り×中仙道,R4/11,板橋,B 高円寺,5十条,17,52,-,-
41,大和町,環七通り×中仙道,R4/11,板橋,B 高円寺,5十条,18,49,-,-
41,大和町,環七通り×中仙道,R4/11,板橋,B 高円寺,5十条,12時間計,402,-,-
41,大和町,環七通り×中仙道,R4/11,板橋,B 高円寺,6巣鴨,7,0,-,-
41,大和町,環七通り×中仙道,R4/11,板橋,B 高円寺,6巣鴨,8,0,-,-
41,大和町,環七通り×中仙道,R4/11,板橋,B 高円寺,6巣鴨,9,0,-,-
41,大和町,環七通り×中仙道,R4/11,板橋,B 高円寺,6巣鴨,10,1,-,-
41,大和町,環七通り×中仙道,R4/11,板橋,B 高円寺,6巣鴨,11,0,-,-
41,大和町,環七通り×中仙道,R4/11,板橋,B 高円寺,6巣鴨,12,0,-,-
41,大和町,環七通り×中仙道,R4/11,板橋,B 高円寺,6巣鴨,13,0,-,-
41,大和町,環七通り×中仙道,R4/11,板橋,B 高円寺,6巣鴨,14,0,-,-
41,大和町,環七通り×中仙道,R4/11,板橋,B 高円寺,6巣鴨,15,0,-,-
41,大和町,環七通り×中仙道,R4/11,板橋,B 高円寺,6巣鴨,16,0,-,-
41,大和町,環七通り×中仙道,R4/11,板橋,B 高円寺,6巣鴨,17,0,-,-
41,大和町,環七通り×中仙道,R4/11,板橋,B 高円寺,6巣鴨,18,0,-,-
41,大和町,環七通り×中仙道,R4/11,板橋,B 高円寺,6巣鴨,12時間計,1,-,-
41,大和町,環七通り×中仙道,R4/11,板橋,B 高円寺,7十条,7,0,-,-
41,大和町,環七通り×中仙道,R4/11,板橋,B 高円寺,7十条,8,0,-,-
41,大和町,環七通り×中仙道,R4/11,板橋,B 高円寺,7十条,9,0,-,-
41,大和町,環七通り×中仙道,R4/11,板橋,B 高円寺,7十条,10,0,-,-
41,大和町,環七通り×中仙道,R4/11,板橋,B 高円寺,7十条,11,0,-,-
41,大和町,環七通り×中仙道,R4/11,板橋,B 高円寺,7十条,12,0,-,-
41,大和町,環七通り×中仙道,R4/11,板橋,B 高円寺,7十条,13,0,-,-
41,大和町,環七通り×中仙道,R4/11,板橋,B 高円寺,7十条,14,0,-,-
41,大和町,環七通り×中仙道,R4/11,板橋,B 高円寺,7十条,15,0,-,-
41,大和町,環七通り×中仙道,R4/11,板橋,B 高円寺,7十条,16,0,-,-
41,大和町,環七通り×中仙道,R4/11,板橋,B 高円寺,7十条,17,0,-,-
41,大和町,環七通り×中仙道,R4/11,板橋,B 高円寺,7十条,18,0,-,-
41,大和町,環七通り×中仙道,R4/11,板橋,B 高円寺,7十条,12時間計,0,-,-
41,大和町,環七通り×中仙道,R4/11,板橋,B 高円寺,流入計,7,55,71,126
41,大和町,環七通り×中仙道,R4/11,板橋,B 高円寺,流入計,8,58,95,153
41,大和町,環七通り×中仙道,R4/11,板橋,B 高円寺,流入計,9,34,60,94
41,大和町,環七通り×中仙道,R4/11,板橋,B 高円寺,流入計,10,33,80,113
41,大和町,環七通り×中仙道,R4/11,板橋,B 高円寺,流入計,11,22,44,66
41,大和町,環七通り×中仙道,R4/11,板橋,B 高円寺,流入計,12,12,71,83
41,大和町,環七通り×中仙道,R4/11,板橋,B 高円寺,流入計,13,15,79,94
41,大和町,環七通り×中仙道,R4/11,板橋,B 高円寺,流入計,14,18,53,71
41,大和町,環七通り×中仙道,R4/11,板橋,B 高円寺,流入計,15,19,61,80
41,大和町,環七通り×中仙道,R4/11,板橋,B 高円寺,流入計,16,39,79,118
41,大和町,環七通り×中仙道,R4/11,板橋,B 高円寺,流入計,17,52,98,150
41,大和町,環七通り×中仙道,R4/11,板橋,B 高円寺,流入計,18,49,85,134
41,大和町,環七通り×中仙道,R4/11,板橋,B 高円寺,流入計,12時間計,406,876,1282
41,大和町,環七通り×中仙道,R4/11,板橋,C 巣鴨,8高円寺,7,4,-,-
41,大和町,環七通り×中仙道,R4/11,板橋,C 巣鴨,8高円寺,8,1,-,-
41,大和町,環七通り×中仙道,R4/11,板橋,C 巣鴨,8高円寺,9,0,-,-
41,大和町,環七通り×中仙道,R4/11,板橋,C 巣鴨,8高円寺,10,0,-,-
41,大和町,環七通り×中仙道,R4/11,板橋,C 巣鴨,8高円寺,11,0,-,-
41,大和町,環七通り×中仙道,R4/11,板橋,C 巣鴨,8高円寺,12,0,-,-
41,大和町,環七通り×中仙道,R4/11,板橋,C 巣鴨,8高円寺,13,2,-,-
41,大和町,環七通り×中仙道,R4/11,板橋,C 巣鴨,8高円寺,14,0,-,-
41,大和町,環七通り×中仙道,R4/11,板橋,C 巣鴨,8高円寺,15,2,-,-
41,大和町,環七通り×中仙道,R4/11,板橋,C 巣鴨,8高円寺,16,0,-,-
41,大和町,環七通り×中仙道,R4/11,板橋,C 巣鴨,8高円寺,17,0,-,-
41,大和町,環七通り×中仙道,R4/11,板橋,C 巣鴨,8高円寺,18,0,-,-
41,大和町,環七通り×中仙道,R4/11,板橋,C 巣鴨,8高円寺,12時間計,9,-,-
41,大和町,環七通り×中仙道,R4/11,板橋,C 巣鴨,9志村,7,29,-,-
41,大和町,環七通り×中仙道,R4/11,板橋,C 巣鴨,9志村,8,41,-,-
41,大和町,環七通り×中仙道,R4/11,板橋,C 巣鴨,9志村,9,21,-,-
41,大和町,環七通り×中仙道,R4/11,板橋,C 巣鴨,9志村,10,15,-,-
41,大和町,環七通り×中仙道,R4/11,板橋,C 巣鴨,9志村,11,18,-,-
41,大和町,環七通り×中仙道,R4/11,板橋,C 巣鴨,9志村,12,21,-,-
41,大和町,環七通り×中仙道,R4/11,板橋,C 巣鴨,9志村,13,27,-,-
41,大和町,環七通り×中仙道,R4/11,板橋,C 巣鴨,9志村,14,19,-,-
41,大和町,環七通り×中仙道,R4/11,板橋,C 巣鴨,9志村,15,38,-,-
41,大和町,環七通り×中仙道,R4/11,板橋,C 巣鴨,9志村,16,23,-,-
41,大和町,環七通り×中仙道,R4/11,板橋,C 巣鴨,9志村,17,65,-,-
41,大和町,環七通り×中仙道,R4/11,板橋,C 巣鴨,9志村,18,44,-,-
41,大和町,環七通り×中仙道,R4/11,板橋,C 巣鴨,9志村,12時間計,361,-,-
41,大和町,環七通り×中仙道,R4/11,板橋,C 巣鴨,10十条,7,0,-,-
41,大和町,環七通り×中仙道,R4/11,板橋,C 巣鴨,10十条,8,0,-,-
41,大和町,環七通り×中仙道,R4/11,板橋,C 巣鴨,10十条,9,1,-,-
41,大和町,環七通り×中仙道,R4/11,板橋,C 巣鴨,10十条,10,1,-,-
41,大和町,環七通り×中仙道,R4/11,板橋,C 巣鴨,10十条,11,0,-,-
41,大和町,環七通り×中仙道,R4/11,板橋,C 巣鴨,10十条,12,0,-,-
41,大和町,環七通り×中仙道,R4/11,板橋,C 巣鴨,10十条,13,0,-,-
41,大和町,環七通り×中仙道,R4/11,板橋,C 巣鴨,10十条,14,0,-,-
41,大和町,環七通り×中仙道,R4/11,板橋,C 巣鴨,10十条,15,0,-,-
41,大和町,環七通り×中仙道,R4/11,板橋,C 巣鴨,10十条,16,1,-,-
41,大和町,環七通り×中仙道,R4/11,板橋,C 巣鴨,10十条,17,4,-,-
41,大和町,環七通り×中仙道,R4/11,板橋,C 巣鴨,10十条,18,3,-,-
41,大和町,環七通り×中仙道,R4/11,板橋,C 巣鴨,10十条,12時間計,10,-,-
41,大和町,環七通り×中仙道,R4/11,板橋,C 巣鴨,流入計,7,33,53,86
41,大和町,環七通り×中仙道,R4/11,板橋,C 巣鴨,流入計,8,42,145,187
41,大和町,環七通り×中仙道,R4/11,板橋,C 巣鴨,流入計,9,22,102,124
41,大和町,環七通り×中仙道,R4/11,板橋,C 巣鴨,流入計,10,16,96,112
41,大和町,環七通り×中仙道,R4/11,板橋,C 巣鴨,流入計,11,18,60,78
41,大和町,環七通り×中仙道,R4/11,板橋,C 巣鴨,流入計,12,21,62,83
41,大和町,環七通り×中仙道,R4/11,板橋,C 巣鴨,流入計,13,29,129,158
41,大和町,環七通り×中仙道,R4/11,板橋,C 巣鴨,流入計,14,19,95,114
41,大和町,環七通り×中仙道,R4/11,板橋,C 巣鴨,流入計,15,40,139,179
41,大和町,環七通り×中仙道,R4/11,板橋,C 巣鴨,流入計,16,24,144,168
41,大和町,環七通り×中仙道,R4/11,板橋,C 巣鴨,流入計,17,69,179,248
41,大和町,環七通り×中仙道,R4/11,板橋,C 巣鴨,流入計,18,47,137,184
41,大和町,環七通り×中仙道,R4/11,板橋,C 巣鴨,流入計,12時間計,380,1341,1721
41,大和町,環七通り×中仙道,R4/11,板橋,D 十条,11巣鴨,7,2,-,-
41,大和町,環七通り×中仙道,R4/11,板橋,D 十条,11巣鴨,8,0,-,-
41,大和町,環七通り×中仙道,R4/11,板橋,D 十条,11巣鴨,9,1,-,-
41,大和町,環七通り×中仙道,R4/11,板橋,D 十条,11巣鴨,10,0,-,-
41,大和町,環七通り×中仙道,R4/11,板橋,D 十条,11巣鴨,11,0,-,-
41,大和町,環七通り×中仙道,R4/11,板橋,D 十条,11巣鴨,12,0,-,-
41,大和町,環七通り×中仙道,R4/11,板橋,D 十条,11巣鴨,13,1,-,-
41,大和町,環七通り×中仙道,R4/11,板橋,D 十条,11巣鴨,14,2,-,-
41,大和町,環七通り×中仙道,R4/11,板橋,D 十条,11巣鴨,15,0,-,-
41,大和町,環七通り×中仙道,R4/11,板橋,D 十条,11巣鴨,16,1,-,-
41,大和町,環七通り×中仙道,R4/11,板橋,D 十条,11巣鴨,17,0,-,-
41,大和町,環七通り×中仙道,R4/11,板橋,D 十条,11巣鴨,18,0,-,-
41,大和町,環七通り×中仙道,R4/11,板橋,D 十条,11巣鴨,12時間計,7,-,-
41,大和町,環七通り×中仙道,R4/11,板橋,D 十条,12高円寺,7,29,-,-
41,大和町,環七通り×中仙道,R4/11,板橋,D 十条,12高円寺,8,35,-,-
41,大和町,環七通り×中仙道,R4/11,板橋,D 十条,12高円寺,9,14,-,-
41,大和町,環七通り×中仙道,R4/11,板橋,D 十条,12高円寺,10,11,-,-
41,大和町,環七通り×中仙道,R4/11,板橋,D 十条,12高円寺,11,8,-,-
41,大和町,環七通り×中仙道,R4/11,板橋,D 十条,12高円寺,12,8,-,-
41,大和町,環七通り×中仙道,R4/11,板橋,D 十条,12高円寺,13,7,-,-
41,大和町,環七通り×中仙道,R4/11,板橋,D 十条,12高円寺,14,14,-,-
41,大和町,環七通り×中仙道,R4/11,板橋,D 十条,12高円寺,15,15,-,-
41,大和町,環七通り×中仙道,R4/11,板橋,D 十条,12高円寺,16,16,-,-
41,大和町,環七通り×中仙道,R4/11,板橋,D 十条,12高円寺,17,27,-,-
41,大和町,環七通り×中仙道,R4/11,板橋,D 十条,12高円寺,18,22,-,-
41,大和町,環七通り×中仙道,R4/11,板橋,D 十条,12高円寺,12時間計,206,-,-
41,大和町,環七通り×中仙道,R4/11,板橋,D 十条,13志村,7,2,-,-
41,大和町,環七通り×中仙道,R4/11,板橋,D 十条,13志村,8,2,-,-
41,大和町,環七通り×中仙道,R4/11,板橋,D 十条,13志村,9,0,-,-
41,大和町,環七通り×中仙道,R4/11,板橋,D 十条,13志村,10,0,-,-
41,大和町,環七通り×中仙道,R4/11,板橋,D 十条,13志村,11,0,-,-
41,大和町,環七通り×中仙道,R4/11,板橋,D 十条,13志村,12,0,-,-
41,大和町,環七通り×中仙道,R4/11,板橋,D 十条,13志村,13,0,-,-
41,大和町,環七通り×中仙道,R4/11,板橋,D 十条,13志村,14,0,-,-
41,大和町,環七通り×中仙道,R4/11,板橋,D 十条,13志村,15,1,-,-
41,大和町,環七通り×中仙道,R4/11,板橋,D 十条,13志村,16,0,-,-
41,大和町,環七通り×中仙道,R4/11,板橋,D 十条,13志村,17,0,-,-
41,大和町,環七通り×中仙道,R4/11,板橋,D 十条,13志村,18,4,-,-
41,大和町,環七通り×中仙道,R4/11,板橋,D 十条,13志村,12時間計,9,-,-
41,大和町,環七通り×中仙道,R4/11,板橋,D 十条,14高円寺,7,0,-,-
41,大和町,環七通り×中仙道,R4/11,板橋,D 十条,14高円寺,8,0,-,-
41,大和町,環七通り×中仙道,R4/11,板橋,D 十条,14高円寺,9,0,-,-
41,大和町,環七通り×中仙道,R4/11,板橋,D 十条,14高円寺,10,0,-,-
41,大和町,環七通り×中仙道,R4/11,板橋,D 十条,14高円寺,11,0,-,-
41,大和町,環七通り×中仙道,R4/11,板橋,D 十条,14高円寺,12,0,-,-
41,大和町,環七通り×中仙道,R4/11,板橋,D 十条,14高円寺,13,0,-,-
41,大和町,環七通り×中仙道,R4/11,板橋,D 十条,14高円寺,14,0,-,-
41,大和町,環七通り×中仙道,R4/11,板橋,D 十条,14高円寺,15,0,-,-
41,大和町,環七通り×中仙道,R4/11,板橋,D 十条,14高円寺,16,0,-,-
41,大和町,環七通り×中仙道,R4/11,板橋,D 十条,14高円寺,17,0,-,-
41,大和町,環七通り×中仙道,R4/11,板橋,D 十条,14高円寺,18,0,-,-
41,大和町,環七通り×中仙道,R4/11,板橋,D 十条,14高円寺,12時間計,0,-,-
41,大和町,環七通り×中仙道,R4/11,板橋,D 十条,流入計,7,33,70,103
41,大和町,環七通り×中仙道,R4/11,板橋,D 十条,流入計,8,37,92,129
41,大和町,環七通り×中仙道,R4/11,板橋,D 十条,流入計,9,15,60,75
41,大和町,環七通り×中仙道,R4/11,板橋,D 十条,流入計,10,11,71,82
41,大和町,環七通り×中仙道,R4/11,板橋,D 十条,流入計,11,8,56,64
41,大和町,環七通り×中仙道,R4/11,板橋,D 十条,流入計,12,8,83,91
41,大和町,環七通り×中仙道,R4/11,板橋,D 十条,流入計,13,8,87,95
41,大和町,環七通り×中仙道,R4/11,板橋,D 十条,流入計,14,16,90,106
41,大和町,環七通り×中仙道,R4/11,板橋,D 十条,流入計,15,16,101,117
41,大和町,環七通り×中仙道,R4/11,板橋,D 十条,流入計,16,17,129,146
41,大和町,環七通り×中仙道,R4/11,板橋,D 十条,流入計,17,27,145,172
41,大和町,環七通り×中仙道,R4/11,板橋,D 十条,流入計,18,26,113,139
41,大和町,環七通り×中仙道,R4/11,板橋,D 十条,流入計,12時間計,222,1097,1319
41,大和町,環七通り×中仙道,R4/11,板橋,全方向計,全方向計,7,160,398,558
41,大和町,環七通り×中仙道,R4/11,板橋,全方向計,全方向計,8,200,435,635
41,大和町,環七通り×中仙道,R4/11,板橋,全方向計,全方向計,9,97,302,399
41,大和町,環七通り×中仙道,R4/11,板橋,全方向計,全方向計,10,80,374,454
41,大和町,環七通り×中仙道,R4/11,板橋,全方向計,全方向計,11,59,274,333
41,大和町,環七通り×中仙道,R4/11,板橋,全方向計,全方向計,12,56,354,410
41,大和町,環七通り×中仙道,R4/11,板橋,全方向計,全方向計,13,61,400,461
41,大和町,環七通り×中仙道,R4/11,板橋,全方向計,全方向計,14,64,294,358
41,大和町,環七通り×中仙道,R4/11,板橋,全方向計,全方向計,15,86,370,456
41,大和町,環七通り×中仙道,R4/11,板橋,全方向計,全方向計,16,100,495,595
41,大和町,環七通り×中仙道,R4/11,板橋,全方向計,全方向計,17,168,605,773
41,大和町,環七通り×中仙道,R4/11,板橋,全方向計,全方向計,18,135,476,611
41,大和町,環七通り×中仙道,R4/11,板橋,全方向計,全方向計,12時間計,1266,4777,6043
