﻿地点番号,地点名,交差道路名,調査年月,管轄警察署,流入方向,流出方向,時間帯等,大型乗用,大型貨物,普通乗用,普通貨物,四輪計,二輪車
80,多摩大橋北,八王子武蔵村山線×新奥多摩街道,R4/10,昭島,A 武蔵村山,1.立川,7,0,2,9,17,28,1
80,多摩大橋北,八王子武蔵村山線×新奥多摩街道,R4/10,昭島,A 武蔵村山,1.立川,8,1,1,13,15,30,0
80,多摩大橋北,八王子武蔵村山線×新奥多摩街道,R4/10,昭島,A 武蔵村山,1.立川,9,2,2,28,28,60,0
80,多摩大橋北,八王子武蔵村山線×新奥多摩街道,R4/10,昭島,A 武蔵村山,1.立川,10,0,3,35,23,61,2
80,多摩大橋北,八王子武蔵村山線×新奥多摩街道,R4/10,昭島,A 武蔵村山,1.立川,11,2,3,41,32,78,0
80,多摩大橋北,八王子武蔵村山線×新奥多摩街道,R4/10,昭島,A 武蔵村山,1.立川,12,1,3,48,17,69,0
80,多摩大橋北,八王子武蔵村山線×新奥多摩街道,R4/10,昭島,A 武蔵村山,1.立川,13,1,2,34,33,70,1
80,多摩大橋北,八王子武蔵村山線×新奥多摩街道,R4/10,昭島,A 武蔵村山,1.立川,14,1,4,43,31,79,1
80,多摩大橋北,八王子武蔵村山線×新奥多摩街道,R4/10,昭島,A 武蔵村山,1.立川,15,0,2,44,20,66,0
80,多摩大橋北,八王子武蔵村山線×新奥多摩街道,R4/10,昭島,A 武蔵村山,1.立川,16,1,2,48,22,73,4
80,多摩大橋北,八王子武蔵村山線×新奥多摩街道,R4/10,昭島,A 武蔵村山,1.立川,17,1,0,42,19,62,1
80,多摩大橋北,八王子武蔵村山線×新奥多摩街道,R4/10,昭島,A 武蔵村山,1.立川,18,1,1,37,13,52,2
80,多摩大橋北,八王子武蔵村山線×新奥多摩街道,R4/10,昭島,A 武蔵村山,1.立川,12時間計,11,25,422,270,728,12
80,多摩大橋北,八王子武蔵村山線×新奥多摩街道,R4/10,昭島,A 武蔵村山,2.多摩大橋,7,0,6,256,125,387,44
80,多摩大橋北,八王子武蔵村山線×新奥多摩街道,R4/10,昭島,A 武蔵村山,2.多摩大橋,8,0,18,255,126,399,28
80,多摩大橋北,八王子武蔵村山線×新奥多摩街道,R4/10,昭島,A 武蔵村山,2.多摩大橋,9,1,31,206,138,376,16
80,多摩大橋北,八王子武蔵村山線×新奥多摩街道,R4/10,昭島,A 武蔵村山,2.多摩大橋,10,0,32,193,148,373,16
80,多摩大橋北,八王子武蔵村山線×新奥多摩街道,R4/10,昭島,A 武蔵村山,2.多摩大橋,11,0,18,189,121,328,7
80,多摩大橋北,八王子武蔵村山線×新奥多摩街道,R4/10,昭島,A 武蔵村山,2.多摩大橋,12,1,20,207,118,346,15
80,多摩大橋北,八王子武蔵村山線×新奥多摩街道,R4/10,昭島,A 武蔵村山,2.多摩大橋,13,0,22,214,110,346,10
80,多摩大橋北,八王子武蔵村山線×新奥多摩街道,R4/10,昭島,A 武蔵村山,2.多摩大橋,14,6,21,210,137,374,8
80,多摩大橋北,八王子武蔵村山線×新奥多摩街道,R4/10,昭島,A 武蔵村山,2.多摩大橋,15,2,12,272,116,402,15
80,多摩大橋北,八王子武蔵村山線×新奥多摩街道,R4/10,昭島,A 武蔵村山,2.多摩大橋,16,0,13,237,131,381,19
80,多摩大橋北,八王子武蔵村山線×新奥多摩街道,R4/10,昭島,A 武蔵村山,2.多摩大橋,17,1,13,257,130,401,29
80,多摩大橋北,八王子武蔵村山線×新奥多摩街道,R4/10,昭島,A 武蔵村山,2.多摩大橋,18,0,15,265,77,357,36
80,多摩大橋北,八王子武蔵村山線×新奥多摩街道,R4/10,昭島,A 武蔵村山,2.多摩大橋,12時間計,11,221,2761,1477,4470,243
80,多摩大橋北,八王子武蔵村山線×新奥多摩街道,R4/10,昭島,A 武蔵村山,3.箱根ヶ崎,7,0,2,10,5,17,2
80,多摩大橋北,八王子武蔵村山線×新奥多摩街道,R4/10,昭島,A 武蔵村山,3.箱根ヶ崎,8,0,3,22,10,35,2
80,多摩大橋北,八王子武蔵村山線×新奥多摩街道,R4/10,昭島,A 武蔵村山,3.箱根ヶ崎,9,1,7,20,13,41,4
80,多摩大橋北,八王子武蔵村山線×新奥多摩街道,R4/10,昭島,A 武蔵村山,3.箱根ヶ崎,10,0,8,17,8,33,0
80,多摩大橋北,八王子武蔵村山線×新奥多摩街道,R4/10,昭島,A 武蔵村山,3.箱根ヶ崎,11,0,5,16,12,33,0
80,多摩大橋北,八王子武蔵村山線×新奥多摩街道,R4/10,昭島,A 武蔵村山,3.箱根ヶ崎,12,0,4,21,13,38,0
80,多摩大橋北,八王子武蔵村山線×新奥多摩街道,R4/10,昭島,A 武蔵村山,3.箱根ヶ崎,13,1,2,25,8,36,0
80,多摩大橋北,八王子武蔵村山線×新奥多摩街道,R4/10,昭島,A 武蔵村山,3.箱根ヶ崎,14,1,0,15,10,26,0
80,多摩大橋北,八王子武蔵村山線×新奥多摩街道,R4/10,昭島,A 武蔵村山,3.箱根ヶ崎,15,0,2,15,8,25,2
80,多摩大橋北,八王子武蔵村山線×新奥多摩街道,R4/10,昭島,A 武蔵村山,3.箱根ヶ崎,16,0,1,14,5,20,0
80,多摩大橋北,八王子武蔵村山線×新奥多摩街道,R4/10,昭島,A 武蔵村山,3.箱根ヶ崎,17,0,3,17,9,29,1
80,多摩大橋北,八王子武蔵村山線×新奥多摩街道,R4/10,昭島,A 武蔵村山,3.箱根ヶ崎,18,0,1,19,3,23,0
80,多摩大橋北,八王子武蔵村山線×新奥多摩街道,R4/10,昭島,A 武蔵村山,3.箱根ヶ崎,12時間計,3,38,211,104,356,11
80,多摩大橋北,八王子武蔵村山線×新奥多摩街道,R4/10,昭島,A 武蔵村山,流入計,7,0,10,275,147,432,47
80,多摩大橋北,八王子武蔵村山線×新奥多摩街道,R4/10,昭島,A 武蔵村山,流入計,8,1,22,290,151,464,30
80,多摩大橋北,八王子武蔵村山線×新奥多摩街道,R4/10,昭島,A 武蔵村山,流入計,9,4,40,254,179,477,20
80,多摩大橋北,八王子武蔵村山線×新奥多摩街道,R4/10,昭島,A 武蔵村山,流入計,10,0,43,245,179,467,18
80,多摩大橋北,八王子武蔵村山線×新奥多摩街道,R4/10,昭島,A 武蔵村山,流入計,11,2,26,246,165,439,7
80,多摩大橋北,八王子武蔵村山線×新奥多摩街道,R4/10,昭島,A 武蔵村山,流入計,12,2,27,276,148,453,15
80,多摩大橋北,八王子武蔵村山線×新奥多摩街道,R4/10,昭島,A 武蔵村山,流入計,13,2,26,273,151,452,11
80,多摩大橋北,八王子武蔵村山線×新奥多摩街道,R4/10,昭島,A 武蔵村山,流入計,14,8,25,268,178,479,9
80,多摩大橋北,八王子武蔵村山線×新奥多摩街道,R4/10,昭島,A 武蔵村山,流入計,15,2,16,331,144,493,17
80,多摩大橋北,八王子武蔵村山線×新奥多摩街道,R4/10,昭島,A 武蔵村山,流入計,16,1,16,299,158,474,23
80,多摩大橋北,八王子武蔵村山線×新奥多摩街道,R4/10,昭島,A 武蔵村山,流入計,17,2,16,316,158,492,31
80,多摩大橋北,八王子武蔵村山線×新奥多摩街道,R4/10,昭島,A 武蔵村山,流入計,18,1,17,321,93,432,38
80,多摩大橋北,八王子武蔵村山線×新奥多摩街道,R4/10,昭島,A 武蔵村山,流入計,12時間計,25,284,3394,1851,5554,266
80,多摩大橋北,八王子武蔵村山線×新奥多摩街道,R4/10,昭島,B 箱根ヶ崎,4.武蔵村山,7,0,2,3,7,12,4
80,多摩大橋北,八王子武蔵村山線×新奥多摩街道,R4/10,昭島,B 箱根ヶ崎,4.武蔵村山,8,0,5,2,3,10,2
80,多摩大橋北,八王子武蔵村山線×新奥多摩街道,R4/10,昭島,B 箱根ヶ崎,4.武蔵村山,9,0,4,8,6,18,0
80,多摩大橋北,八王子武蔵村山線×新奥多摩街道,R4/10,昭島,B 箱根ヶ崎,4.武蔵村山,10,0,1,19,14,34,0
80,多摩大橋北,八王子武蔵村山線×新奥多摩街道,R4/10,昭島,B 箱根ヶ崎,4.武蔵村山,11,0,1,24,6,31,1
80,多摩大橋北,八王子武蔵村山線×新奥多摩街道,R4/10,昭島,B 箱根ヶ崎,4.武蔵村山,12,0,3,17,7,27,1
80,多摩大橋北,八王子武蔵村山線×新奥多摩街道,R4/10,昭島,B 箱根ヶ崎,4.武蔵村山,13,0,1,23,9,33,0
80,多摩大橋北,八王子武蔵村山線×新奥多摩街道,R4/10,昭島,B 箱根ヶ崎,4.武蔵村山,14,0,4,21,6,31,2
80,多摩大橋北,八王子武蔵村山線×新奥多摩街道,R4/10,昭島,B 箱根ヶ崎,4.武蔵村山,15,0,3,23,6,32,0
80,多摩大橋北,八王子武蔵村山線×新奥多摩街道,R4/10,昭島,B 箱根ヶ崎,4.武蔵村山,16,0,0,25,5,30,0
80,多摩大橋北,八王子武蔵村山線×新奥多摩街道,R4/10,昭島,B 箱根ヶ崎,4.武蔵村山,17,0,1,22,8,31,2
80,多摩大橋北,八王子武蔵村山線×新奥多摩街道,R4/10,昭島,B 箱根ヶ崎,4.武蔵村山,18,0,2,23,3,28,1
80,多摩大橋北,八王子武蔵村山線×新奥多摩街道,R4/10,昭島,B 箱根ヶ崎,4.武蔵村山,12時間計,0,27,210,80,317,13
80,多摩大橋北,八王子武蔵村山線×新奥多摩街道,R4/10,昭島,B 箱根ヶ崎,5.立川,7,1,75,349,333,758,17
80,多摩大橋北,八王子武蔵村山線×新奥多摩街道,R4/10,昭島,B 箱根ヶ崎,5.立川,8,3,38,432,281,754,21
80,多摩大橋北,八王子武蔵村山線×新奥多摩街道,R4/10,昭島,B 箱根ヶ崎,5.立川,9,5,36,329,285,655,12
80,多摩大橋北,八王子武蔵村山線×新奥多摩街道,R4/10,昭島,B 箱根ヶ崎,5.立川,10,0,48,288,204,540,10
80,多摩大橋北,八王子武蔵村山線×新奥多摩街道,R4/10,昭島,B 箱根ヶ崎,5.立川,11,0,67,308,185,560,14
80,多摩大橋北,八王子武蔵村山線×新奥多摩街道,R4/10,昭島,B 箱根ヶ崎,5.立川,12,0,61,325,160,546,11
80,多摩大橋北,八王子武蔵村山線×新奥多摩街道,R4/10,昭島,B 箱根ヶ崎,5.立川,13,1,45,339,182,567,21
80,多摩大橋北,八王子武蔵村山線×新奥多摩街道,R4/10,昭島,B 箱根ヶ崎,5.立川,14,5,31,383,209,628,25
80,多摩大橋北,八王子武蔵村山線×新奥多摩街道,R4/10,昭島,B 箱根ヶ崎,5.立川,15,4,23,367,183,577,27
80,多摩大橋北,八王子武蔵村山線×新奥多摩街道,R4/10,昭島,B 箱根ヶ崎,5.立川,16,4,32,455,184,675,32
80,多摩大橋北,八王子武蔵村山線×新奥多摩街道,R4/10,昭島,B 箱根ヶ崎,5.立川,17,1,27,532,199,759,37
80,多摩大橋北,八王子武蔵村山線×新奥多摩街道,R4/10,昭島,B 箱根ヶ崎,5.立川,18,0,19,597,152,768,34
80,多摩大橋北,八王子武蔵村山線×新奥多摩街道,R4/10,昭島,B 箱根ヶ崎,5.立川,12時間計,24,502,4704,2557,7787,261
80,多摩大橋北,八王子武蔵村山線×新奥多摩街道,R4/10,昭島,B 箱根ヶ崎,6.多摩大橋,7,0,11,150,63,224,7
80,多摩大橋北,八王子武蔵村山線×新奥多摩街道,R4/10,昭島,B 箱根ヶ崎,6.多摩大橋,8,2,11,143,69,225,7
80,多摩大橋北,八王子武蔵村山線×新奥多摩街道,R4/10,昭島,B 箱根ヶ崎,6.多摩大橋,9,1,15,88,66,170,2
80,多摩大橋北,八王子武蔵村山線×新奥多摩街道,R4/10,昭島,B 箱根ヶ崎,6.多摩大橋,10,1,13,95,68,177,4
80,多摩大橋北,八王子武蔵村山線×新奥多摩街道,R4/10,昭島,B 箱根ヶ崎,6.多摩大橋,11,1,12,108,56,177,5
80,多摩大橋北,八王子武蔵村山線×新奥多摩街道,R4/10,昭島,B 箱根ヶ崎,6.多摩大橋,12,1,15,127,67,210,6
80,多摩大橋北,八王子武蔵村山線×新奥多摩街道,R4/10,昭島,B 箱根ヶ崎,6.多摩大橋,13,3,11,114,48,176,2
80,多摩大橋北,八王子武蔵村山線×新奥多摩街道,R4/10,昭島,B 箱根ヶ崎,6.多摩大橋,14,0,10,114,58,182,5
80,多摩大橋北,八王子武蔵村山線×新奥多摩街道,R4/10,昭島,B 箱根ヶ崎,6.多摩大橋,15,1,10,124,63,198,2
80,多摩大橋北,八王子武蔵村山線×新奥多摩街道,R4/10,昭島,B 箱根ヶ崎,6.多摩大橋,16,2,11,150,67,230,4
80,多摩大橋北,八王子武蔵村山線×新奥多摩街道,R4/10,昭島,B 箱根ヶ崎,6.多摩大橋,17,0,10,158,56,224,12
80,多摩大橋北,八王子武蔵村山線×新奥多摩街道,R4/10,昭島,B 箱根ヶ崎,6.多摩大橋,18,1,5,162,35,203,8
80,多摩大橋北,八王子武蔵村山線×新奥多摩街道,R4/10,昭島,B 箱根ヶ崎,6.多摩大橋,12時間計,13,134,1533,716,2396,64
80,多摩大橋北,八王子武蔵村山線×新奥多摩街道,R4/10,昭島,B 箱根ヶ崎,流入計,7,1,88,502,403,994,28
80,多摩大橋北,八王子武蔵村山線×新奥多摩街道,R4/10,昭島,B 箱根ヶ崎,流入計,8,5,54,577,353,989,30
80,多摩大橋北,八王子武蔵村山線×新奥多摩街道,R4/10,昭島,B 箱根ヶ崎,流入計,9,6,55,425,357,843,14
80,多摩大橋北,八王子武蔵村山線×新奥多摩街道,R4/10,昭島,B 箱根ヶ崎,流入計,10,1,62,402,286,751,14
80,多摩大橋北,八王子武蔵村山線×新奥多摩街道,R4/10,昭島,B 箱根ヶ崎,流入計,11,1,80,440,247,768,20
80,多摩大橋北,八王子武蔵村山線×新奥多摩街道,R4/10,昭島,B 箱根ヶ崎,流入計,12,1,79,469,234,783,18
80,多摩大橋北,八王子武蔵村山線×新奥多摩街道,R4/10,昭島,B 箱根ヶ崎,流入計,13,4,57,476,239,776,23
80,多摩大橋北,八王子武蔵村山線×新奥多摩街道,R4/10,昭島,B 箱根ヶ崎,流入計,14,5,45,518,273,841,32
80,多摩大橋北,八王子武蔵村山線×新奥多摩街道,R4/10,昭島,B 箱根ヶ崎,流入計,15,5,36,514,252,807,29
80,多摩大橋北,八王子武蔵村山線×新奥多摩街道,R4/10,昭島,B 箱根ヶ崎,流入計,16,6,43,630,256,935,36
80,多摩大橋北,八王子武蔵村山線×新奥多摩街道,R4/10,昭島,B 箱根ヶ崎,流入計,17,1,38,712,263,1014,51
80,多摩大橋北,八王子武蔵村山線×新奥多摩街道,R4/10,昭島,B 箱根ヶ崎,流入計,18,1,26,782,190,999,43
80,多摩大橋北,八王子武蔵村山線×新奥多摩街道,R4/10,昭島,B 箱根ヶ崎,流入計,12時間計,37,663,6447,3353,10500,338
80,多摩大橋北,八王子武蔵村山線×新奥多摩街道,R4/10,昭島,C 多摩大橋,7.箱根ヶ崎,7,2,16,162,40,220,14
80,多摩大橋北,八王子武蔵村山線×新奥多摩街道,R4/10,昭島,C 多摩大橋,7.箱根ヶ崎,8,2,10,119,71,202,6
80,多摩大橋北,八王子武蔵村山線×新奥多摩街道,R4/10,昭島,C 多摩大橋,7.箱根ヶ崎,9,1,15,107,63,186,6
80,多摩大橋北,八王子武蔵村山線×新奥多摩街道,R4/10,昭島,C 多摩大橋,7.箱根ヶ崎,10,0,13,132,76,221,2
80,多摩大橋北,八王子武蔵村山線×新奥多摩街道,R4/10,昭島,C 多摩大橋,7.箱根ヶ崎,11,1,14,110,66,191,1
80,多摩大橋北,八王子武蔵村山線×新奥多摩街道,R4/10,昭島,C 多摩大橋,7.箱根ヶ崎,12,0,16,91,58,165,2
80,多摩大橋北,八王子武蔵村山線×新奥多摩街道,R4/10,昭島,C 多摩大橋,7.箱根ヶ崎,13,2,17,117,64,200,2
80,多摩大橋北,八王子武蔵村山線×新奥多摩街道,R4/10,昭島,C 多摩大橋,7.箱根ヶ崎,14,5,10,100,72,187,2
80,多摩大橋北,八王子武蔵村山線×新奥多摩街道,R4/10,昭島,C 多摩大橋,7.箱根ヶ崎,15,2,10,107,68,187,2
80,多摩大橋北,八王子武蔵村山線×新奥多摩街道,R4/10,昭島,C 多摩大橋,7.箱根ヶ崎,16,1,12,128,74,215,7
80,多摩大橋北,八王子武蔵村山線×新奥多摩街道,R4/10,昭島,C 多摩大橋,7.箱根ヶ崎,17,2,9,152,65,228,10
80,多摩大橋北,八王子武蔵村山線×新奥多摩街道,R4/10,昭島,C 多摩大橋,7.箱根ヶ崎,18,0,6,171,42,219,16
80,多摩大橋北,八王子武蔵村山線×新奥多摩街道,R4/10,昭島,C 多摩大橋,7.箱根ヶ崎,12時間計,18,148,1496,759,2421,70
80,多摩大橋北,八王子武蔵村山線×新奥多摩街道,R4/10,昭島,C 多摩大橋,8.武蔵村山,7,3,10,287,136,436,39
80,多摩大橋北,八王子武蔵村山線×新奥多摩街道,R4/10,昭島,C 多摩大橋,8.武蔵村山,8,0,13,261,114,388,42
80,多摩大橋北,八王子武蔵村山線×新奥多摩街道,R4/10,昭島,C 多摩大橋,8.武蔵村山,9,5,22,241,116,384,21
80,多摩大橋北,八王子武蔵村山線×新奥多摩街道,R4/10,昭島,C 多摩大橋,8.武蔵村山,10,2,13,273,142,430,16
80,多摩大橋北,八王子武蔵村山線×新奥多摩街道,R4/10,昭島,C 多摩大橋,8.武蔵村山,11,4,16,224,135,379,12
80,多摩大橋北,八王子武蔵村山線×新奥多摩街道,R4/10,昭島,C 多摩大橋,8.武蔵村山,12,0,14,316,116,446,18
80,多摩大橋北,八王子武蔵村山線×新奥多摩街道,R4/10,昭島,C 多摩大橋,8.武蔵村山,13,1,17,308,137,463,17
80,多摩大橋北,八王子武蔵村山線×新奥多摩街道,R4/10,昭島,C 多摩大橋,8.武蔵村山,14,0,19,213,148,380,25
80,多摩大橋北,八王子武蔵村山線×新奥多摩街道,R4/10,昭島,C 多摩大橋,8.武蔵村山,15,0,18,239,145,402,16
80,多摩大橋北,八王子武蔵村山線×新奥多摩街道,R4/10,昭島,C 多摩大橋,8.武蔵村山,16,2,13,232,130,377,28
80,多摩大橋北,八王子武蔵村山線×新奥多摩街道,R4/10,昭島,C 多摩大橋,8.武蔵村山,17,0,12,290,116,418,34
80,多摩大橋北,八王子武蔵村山線×新奥多摩街道,R4/10,昭島,C 多摩大橋,8.武蔵村山,18,0,9,395,127,531,27
80,多摩大橋北,八王子武蔵村山線×新奥多摩街道,R4/10,昭島,C 多摩大橋,8.武蔵村山,12時間計,17,176,3279,1562,5034,295
80,多摩大橋北,八王子武蔵村山線×新奥多摩街道,R4/10,昭島,C 多摩大橋,9.立川,7,1,2,168,104,275,7
80,多摩大橋北,八王子武蔵村山線×新奥多摩街道,R4/10,昭島,C 多摩大橋,9.立川,8,2,1,156,61,220,9
80,多摩大橋北,八王子武蔵村山線×新奥多摩街道,R4/10,昭島,C 多摩大橋,9.立川,9,1,1,142,52,196,7
80,多摩大橋北,八王子武蔵村山線×新奥多摩街道,R4/10,昭島,C 多摩大橋,9.立川,10,1,4,112,71,188,1
80,多摩大橋北,八王子武蔵村山線×新奥多摩街道,R4/10,昭島,C 多摩大橋,9.立川,11,0,3,123,66,192,2
80,多摩大橋北,八王子武蔵村山線×新奥多摩街道,R4/10,昭島,C 多摩大橋,9.立川,12,0,2,142,55,199,2
80,多摩大橋北,八王子武蔵村山線×新奥多摩街道,R4/10,昭島,C 多摩大橋,9.立川,13,0,7,128,63,198,3
80,多摩大橋北,八王子武蔵村山線×新奥多摩街道,R4/10,昭島,C 多摩大橋,9.立川,14,0,2,119,72,193,8
80,多摩大橋北,八王子武蔵村山線×新奥多摩街道,R4/10,昭島,C 多摩大橋,9.立川,15,0,2,128,59,189,3
80,多摩大橋北,八王子武蔵村山線×新奥多摩街道,R4/10,昭島,C 多摩大橋,9.立川,16,0,8,139,69,216,5
80,多摩大橋北,八王子武蔵村山線×新奥多摩街道,R4/10,昭島,C 多摩大橋,9.立川,17,0,4,181,50,235,9
80,多摩大橋北,八王子武蔵村山線×新奥多摩街道,R4/10,昭島,C 多摩大橋,9.立川,18,0,1,187,39,227,6
80,多摩大橋北,八王子武蔵村山線×新奥多摩街道,R4/10,昭島,C 多摩大橋,9.立川,12時間計,5,37,1725,761,2528,62
80,多摩大橋北,八王子武蔵村山線×新奥多摩街道,R4/10,昭島,C 多摩大橋,流入計,7,6,28,617,280,931,60
80,多摩大橋北,八王子武蔵村山線×新奥多摩街道,R4/10,昭島,C 多摩大橋,流入計,8,4,24,536,246,810,57
80,多摩大橋北,八王子武蔵村山線×新奥多摩街道,R4/10,昭島,C 多摩大橋,流入計,9,7,38,490,231,766,34
80,多摩大橋北,八王子武蔵村山線×新奥多摩街道,R4/10,昭島,C 多摩大橋,流入計,10,3,30,517,289,839,19
80,多摩大橋北,八王子武蔵村山線×新奥多摩街道,R4/10,昭島,C 多摩大橋,流入計,11,5,33,457,267,762,15
80,多摩大橋北,八王子武蔵村山線×新奥多摩街道,R4/10,昭島,C 多摩大橋,流入計,12,0,32,549,229,810,22
80,多摩大橋北,八王子武蔵村山線×新奥多摩街道,R4/10,昭島,C 多摩大橋,流入計,13,3,41,553,264,861,22
80,多摩大橋北,八王子武蔵村山線×新奥多摩街道,R4/10,昭島,C 多摩大橋,流入計,14,5,31,432,292,760,35
80,多摩大橋北,八王子武蔵村山線×新奥多摩街道,R4/10,昭島,C 多摩大橋,流入計,15,2,30,474,272,778,21
80,多摩大橋北,八王子武蔵村山線×新奥多摩街道,R4/10,昭島,C 多摩大橋,流入計,16,3,33,499,273,808,40
80,多摩大橋北,八王子武蔵村山線×新奥多摩街道,R4/10,昭島,C 多摩大橋,流入計,17,2,25,623,231,881,53
80,多摩大橋北,八王子武蔵村山線×新奥多摩街道,R4/10,昭島,C 多摩大橋,流入計,18,0,16,753,208,977,49
80,多摩大橋北,八王子武蔵村山線×新奥多摩街道,R4/10,昭島,C 多摩大橋,流入計,12時間計,40,361,6500,3082,9983,427
80,多摩大橋北,八王子武蔵村山線×新奥多摩街道,R4/10,昭島,D 立川,10.多摩大橋,7,0,2,171,60,233,16
80,多摩大橋北,八王子武蔵村山線×新奥多摩街道,R4/10,昭島,D 立川,10.多摩大橋,8,1,8,173,52,234,13
80,多摩大橋北,八王子武蔵村山線×新奥多摩街道,R4/10,昭島,D 立川,10.多摩大橋,9,0,3,137,67,207,12
80,多摩大橋北,八王子武蔵村山線×新奥多摩街道,R4/10,昭島,D 立川,10.多摩大橋,10,0,3,114,83,200,11
80,多摩大橋北,八王子武蔵村山線×新奥多摩街道,R4/10,昭島,D 立川,10.多摩大橋,11,0,2,108,62,172,5
80,多摩大橋北,八王子武蔵村山線×新奥多摩街道,R4/10,昭島,D 立川,10.多摩大橋,12,1,4,146,44,195,11
80,多摩大橋北,八王子武蔵村山線×新奥多摩街道,R4/10,昭島,D 立川,10.多摩大橋,13,1,8,128,46,183,8
80,多摩大橋北,八王子武蔵村山線×新奥多摩街道,R4/10,昭島,D 立川,10.多摩大橋,14,0,3,132,60,195,5
80,多摩大橋北,八王子武蔵村山線×新奥多摩街道,R4/10,昭島,D 立川,10.多摩大橋,15,0,1,151,58,210,5
80,多摩大橋北,八王子武蔵村山線×新奥多摩街道,R4/10,昭島,D 立川,10.多摩大橋,16,0,1,174,73,248,6
80,多摩大橋北,八王子武蔵村山線×新奥多摩街道,R4/10,昭島,D 立川,10.多摩大橋,17,0,0,185,57,242,12
80,多摩大橋北,八王子武蔵村山線×新奥多摩街道,R4/10,昭島,D 立川,10.多摩大橋,18,0,2,147,49,198,9
80,多摩大橋北,八王子武蔵村山線×新奥多摩街道,R4/10,昭島,D 立川,10.多摩大橋,12時間計,3,37,1766,711,2517,113
80,多摩大橋北,八王子武蔵村山線×新奥多摩街道,R4/10,昭島,D 立川,11.箱根ヶ崎,7,3,41,370,151,565,29
80,多摩大橋北,八王子武蔵村山線×新奥多摩街道,R4/10,昭島,D 立川,11.箱根ヶ崎,8,8,44,335,177,564,24
80,多摩大橋北,八王子武蔵村山線×新奥多摩街道,R4/10,昭島,D 立川,11.箱根ヶ崎,9,3,79,308,177,567,12
80,多摩大橋北,八王子武蔵村山線×新奥多摩街道,R4/10,昭島,D 立川,11.箱根ヶ崎,10,1,60,334,184,579,18
80,多摩大橋北,八王子武蔵村山線×新奥多摩街道,R4/10,昭島,D 立川,11.箱根ヶ崎,11,0,47,255,231,533,16
80,多摩大橋北,八王子武蔵村山線×新奥多摩街道,R4/10,昭島,D 立川,11.箱根ヶ崎,12,2,52,329,192,575,19
80,多摩大橋北,八王子武蔵村山線×新奥多摩街道,R4/10,昭島,D 立川,11.箱根ヶ崎,13,2,48,290,169,509,16
80,多摩大橋北,八王子武蔵村山線×新奥多摩街道,R4/10,昭島,D 立川,11.箱根ヶ崎,14,7,48,266,215,536,19
80,多摩大橋北,八王子武蔵村山線×新奥多摩街道,R4/10,昭島,D 立川,11.箱根ヶ崎,15,1,34,371,209,615,13
80,多摩大橋北,八王子武蔵村山線×新奥多摩街道,R4/10,昭島,D 立川,11.箱根ヶ崎,16,2,31,397,260,690,18
80,多摩大橋北,八王子武蔵村山線×新奥多摩街道,R4/10,昭島,D 立川,11.箱根ヶ崎,17,2,28,380,204,614,17
80,多摩大橋北,八王子武蔵村山線×新奥多摩街道,R4/10,昭島,D 立川,11.箱根ヶ崎,18,2,16,445,196,659,29
80,多摩大橋北,八王子武蔵村山線×新奥多摩街道,R4/10,昭島,D 立川,11.箱根ヶ崎,12時間計,33,528,4080,2365,7006,230
80,多摩大橋北,八王子武蔵村山線×新奥多摩街道,R4/10,昭島,D 立川,12.武蔵村山,7,1,3,34,27,65,3
80,多摩大橋北,八王子武蔵村山線×新奥多摩街道,R4/10,昭島,D 立川,12.武蔵村山,8,0,2,44,36,82,1
80,多摩大橋北,八王子武蔵村山線×新奥多摩街道,R4/10,昭島,D 立川,12.武蔵村山,9,0,1,59,36,96,0
80,多摩大橋北,八王子武蔵村山線×新奥多摩街道,R4/10,昭島,D 立川,12.武蔵村山,10,1,1,59,35,96,0
80,多摩大橋北,八王子武蔵村山線×新奥多摩街道,R4/10,昭島,D 立川,12.武蔵村山,11,1,0,68,41,110,0
80,多摩大橋北,八王子武蔵村山線×新奥多摩街道,R4/10,昭島,D 立川,12.武蔵村山,12,0,5,77,24,106,1
80,多摩大橋北,八王子武蔵村山線×新奥多摩街道,R4/10,昭島,D 立川,12.武蔵村山,13,0,2,88,32,122,3
80,多摩大橋北,八王子武蔵村山線×新奥多摩街道,R4/10,昭島,D 立川,12.武蔵村山,14,1,1,47,32,81,0
80,多摩大橋北,八王子武蔵村山線×新奥多摩街道,R4/10,昭島,D 立川,12.武蔵村山,15,0,1,54,32,87,0
80,多摩大橋北,八王子武蔵村山線×新奥多摩街道,R4/10,昭島,D 立川,12.武蔵村山,16,0,0,64,38,102,1
80,多摩大橋北,八王子武蔵村山線×新奥多摩街道,R4/10,昭島,D 立川,12.武蔵村山,17,0,0,75,24,99,0
80,多摩大橋北,八王子武蔵村山線×新奥多摩街道,R4/10,昭島,D 立川,12.武蔵村山,18,0,0,77,23,100,3
80,多摩大橋北,八王子武蔵村山線×新奥多摩街道,R4/10,昭島,D 立川,12.武蔵村山,12時間計,4,16,746,380,1146,12
80,多摩大橋北,八王子武蔵村山線×新奥多摩街道,R4/10,昭島,D 立川,流入計,7,4,46,575,238,863,48
80,多摩大橋北,八王子武蔵村山線×新奥多摩街道,R4/10,昭島,D 立川,流入計,8,9,54,552,265,880,38
80,多摩大橋北,八王子武蔵村山線×新奥多摩街道,R4/10,昭島,D 立川,流入計,9,3,83,504,280,870,24
80,多摩大橋北,八王子武蔵村山線×新奥多摩街道,R4/10,昭島,D 立川,流入計,10,2,64,507,302,875,29
80,多摩大橋北,八王子武蔵村山線×新奥多摩街道,R4/10,昭島,D 立川,流入計,11,1,49,431,334,815,21
80,多摩大橋北,八王子武蔵村山線×新奥多摩街道,R4/10,昭島,D 立川,流入計,12,3,61,552,260,876,31
80,多摩大橋北,八王子武蔵村山線×新奥多摩街道,R4/10,昭島,D 立川,流入計,13,3,58,506,247,814,27
80,多摩大橋北,八王子武蔵村山線×新奥多摩街道,R4/10,昭島,D 立川,流入計,14,8,52,445,307,812,24
80,多摩大橋北,八王子武蔵村山線×新奥多摩街道,R4/10,昭島,D 立川,流入計,15,1,36,576,299,912,18
80,多摩大橋北,八王子武蔵村山線×新奥多摩街道,R4/10,昭島,D 立川,流入計,16,2,32,635,371,1040,25
80,多摩大橋北,八王子武蔵村山線×新奥多摩街道,R4/10,昭島,D 立川,流入計,17,2,28,640,285,955,29
80,多摩大橋北,八王子武蔵村山線×新奥多摩街道,R4/10,昭島,D 立川,流入計,18,2,18,669,268,957,41
80,多摩大橋北,八王子武蔵村山線×新奥多摩街道,R4/10,昭島,D 立川,流入計,12時間計,40,581,6592,3456,10669,355
