﻿地点番号,地点名,交差道路名,調査年月,管轄警察署,流出方向,時間帯等,大型乗用,大型貨物,普通乗用,普通貨物,四輪計,二輪車
80,多摩大橋北,八王子武蔵村山線×新奥多摩街道,R4/10,昭島,A 武蔵村山,7,4,15,324,170,513,46
80,多摩大橋北,八王子武蔵村山線×新奥多摩街道,R4/10,昭島,A 武蔵村山,8,0,20,307,153,480,45
80,多摩大橋北,八王子武蔵村山線×新奥多摩街道,R4/10,昭島,A 武蔵村山,9,5,27,308,158,498,21
80,多摩大橋北,八王子武蔵村山線×新奥多摩街道,R4/10,昭島,A 武蔵村山,10,3,15,351,191,560,16
80,多摩大橋北,八王子武蔵村山線×新奥多摩街道,R4/10,昭島,A 武蔵村山,11,5,17,316,182,520,13
80,多摩大橋北,八王子武蔵村山線×新奥多摩街道,R4/10,昭島,A 武蔵村山,12,0,22,410,147,579,20
80,多摩大橋北,八王子武蔵村山線×新奥多摩街道,R4/10,昭島,A 武蔵村山,13,1,20,419,178,618,20
80,多摩大橋北,八王子武蔵村山線×新奥多摩街道,R4/10,昭島,A 武蔵村山,14,1,24,281,186,492,27
80,多摩大橋北,八王子武蔵村山線×新奥多摩街道,R4/10,昭島,A 武蔵村山,15,0,22,316,183,521,16
80,多摩大橋北,八王子武蔵村山線×新奥多摩街道,R4/10,昭島,A 武蔵村山,16,2,13,321,173,509,29
80,多摩大橋北,八王子武蔵村山線×新奥多摩街道,R4/10,昭島,A 武蔵村山,17,0,13,387,148,548,36
80,多摩大橋北,八王子武蔵村山線×新奥多摩街道,R4/10,昭島,A 武蔵村山,18,0,11,495,153,659,31
80,多摩大橋北,八王子武蔵村山線×新奥多摩街道,R4/10,昭島,A 武蔵村山,12時間計,21,219,4235,2022,6497,320
80,多摩大橋北,八王子武蔵村山線×新奥多摩街道,R4/10,昭島,B 箱根ヶ崎,7,5,59,542,196,802,45
80,多摩大橋北,八王子武蔵村山線×新奥多摩街道,R4/10,昭島,B 箱根ヶ崎,8,10,57,476,258,801,32
80,多摩大橋北,八王子武蔵村山線×新奥多摩街道,R4/10,昭島,B 箱根ヶ崎,9,5,101,435,253,794,22
80,多摩大橋北,八王子武蔵村山線×新奥多摩街道,R4/10,昭島,B 箱根ヶ崎,10,1,81,483,268,833,20
80,多摩大橋北,八王子武蔵村山線×新奥多摩街道,R4/10,昭島,B 箱根ヶ崎,11,1,66,381,309,757,17
80,多摩大橋北,八王子武蔵村山線×新奥多摩街道,R4/10,昭島,B 箱根ヶ崎,12,2,72,441,263,778,21
80,多摩大橋北,八王子武蔵村山線×新奥多摩街道,R4/10,昭島,B 箱根ヶ崎,13,5,67,432,241,745,18
80,多摩大橋北,八王子武蔵村山線×新奥多摩街道,R4/10,昭島,B 箱根ヶ崎,14,13,58,381,297,749,21
80,多摩大橋北,八王子武蔵村山線×新奥多摩街道,R4/10,昭島,B 箱根ヶ崎,15,3,46,493,285,827,17
80,多摩大橋北,八王子武蔵村山線×新奥多摩街道,R4/10,昭島,B 箱根ヶ崎,16,3,44,539,339,925,25
80,多摩大橋北,八王子武蔵村山線×新奥多摩街道,R4/10,昭島,B 箱根ヶ崎,17,4,40,549,278,871,28
80,多摩大橋北,八王子武蔵村山線×新奥多摩街道,R4/10,昭島,B 箱根ヶ崎,18,2,23,635,241,901,45
80,多摩大橋北,八王子武蔵村山線×新奥多摩街道,R4/10,昭島,B 箱根ヶ崎,12時間計,54,714,5787,3228,9783,311
80,多摩大橋北,八王子武蔵村山線×新奥多摩街道,R4/10,昭島,C 多摩大橋,7,0,19,577,248,844,67
80,多摩大橋北,八王子武蔵村山線×新奥多摩街道,R4/10,昭島,C 多摩大橋,8,3,37,571,247,858,48
80,多摩大橋北,八王子武蔵村山線×新奥多摩街道,R4/10,昭島,C 多摩大橋,9,2,49,431,271,753,30
80,多摩大橋北,八王子武蔵村山線×新奥多摩街道,R4/10,昭島,C 多摩大橋,10,1,48,402,299,750,31
80,多摩大橋北,八王子武蔵村山線×新奥多摩街道,R4/10,昭島,C 多摩大橋,11,1,32,405,239,677,17
80,多摩大橋北,八王子武蔵村山線×新奥多摩街道,R4/10,昭島,C 多摩大橋,12,3,39,480,229,751,32
80,多摩大橋北,八王子武蔵村山線×新奥多摩街道,R4/10,昭島,C 多摩大橋,13,4,41,456,204,705,20
80,多摩大橋北,八王子武蔵村山線×新奥多摩街道,R4/10,昭島,C 多摩大橋,14,6,34,456,255,751,18
80,多摩大橋北,八王子武蔵村山線×新奥多摩街道,R4/10,昭島,C 多摩大橋,15,3,23,547,237,810,22
80,多摩大橋北,八王子武蔵村山線×新奥多摩街道,R4/10,昭島,C 多摩大橋,16,2,25,561,271,859,29
80,多摩大橋北,八王子武蔵村山線×新奥多摩街道,R4/10,昭島,C 多摩大橋,17,1,23,600,243,867,53
80,多摩大橋北,八王子武蔵村山線×新奥多摩街道,R4/10,昭島,C 多摩大橋,18,1,22,574,161,758,53
80,多摩大橋北,八王子武蔵村山線×新奥多摩街道,R4/10,昭島,C 多摩大橋,12時間計,27,392,6060,2904,9383,420
80,多摩大橋北,八王子武蔵村山線×新奥多摩街道,R4/10,昭島,D 立川,7,2,79,526,454,1061,25
80,多摩大橋北,八王子武蔵村山線×新奥多摩街道,R4/10,昭島,D 立川,8,6,40,601,357,1004,30
80,多摩大橋北,八王子武蔵村山線×新奥多摩街道,R4/10,昭島,D 立川,9,8,39,499,365,911,19
80,多摩大橋北,八王子武蔵村山線×新奥多摩街道,R4/10,昭島,D 立川,10,1,55,435,298,789,13
80,多摩大橋北,八王子武蔵村山線×新奥多摩街道,R4/10,昭島,D 立川,11,2,73,472,283,830,16
80,多摩大橋北,八王子武蔵村山線×新奥多摩街道,R4/10,昭島,D 立川,12,1,66,515,232,814,13
80,多摩大橋北,八王子武蔵村山線×新奥多摩街道,R4/10,昭島,D 立川,13,2,54,501,278,835,25
80,多摩大橋北,八王子武蔵村山線×新奥多摩街道,R4/10,昭島,D 立川,14,6,37,545,312,900,34
80,多摩大橋北,八王子武蔵村山線×新奥多摩街道,R4/10,昭島,D 立川,15,4,27,539,262,832,30
80,多摩大橋北,八王子武蔵村山線×新奥多摩街道,R4/10,昭島,D 立川,16,5,42,642,275,964,41
80,多摩大橋北,八王子武蔵村山線×新奥多摩街道,R4/10,昭島,D 立川,17,2,31,755,268,1056,47
80,多摩大橋北,八王子武蔵村山線×新奥多摩街道,R4/10,昭島,D 立川,18,1,21,821,204,1047,42
80,多摩大橋北,八王子武蔵村山線×新奥多摩街道,R4/10,昭島,D 立川,12時間計,40,564,6851,3588,11043,335
80,多摩大橋北,八王子武蔵村山線×新奥多摩街道,R4/10,昭島,全方向合計,7,11,172,1969,1068,3220,183
80,多摩大橋北,八王子武蔵村山線×新奥多摩街道,R4/10,昭島,全方向合計,8,19,154,1955,1015,3143,155
80,多摩大橋北,八王子武蔵村山線×新奥多摩街道,R4/10,昭島,全方向合計,9,20,216,1673,1047,2956,92
80,多摩大橋北,八王子武蔵村山線×新奥多摩街道,R4/10,昭島,全方向合計,10,6,199,1671,1056,2932,80
80,多摩大橋北,八王子武蔵村山線×新奥多摩街道,R4/10,昭島,全方向合計,11,9,188,1574,1013,2784,63
80,多摩大橋北,八王子武蔵村山線×新奥多摩街道,R4/10,昭島,全方向合計,12,6,199,1846,871,2922,86
80,多摩大橋北,八王子武蔵村山線×新奥多摩街道,R4/10,昭島,全方向合計,13,12,182,1808,901,2903,83
80,多摩大橋北,八王子武蔵村山線×新奥多摩街道,R4/10,昭島,全方向合計,14,26,153,1663,1050,2892,100
80,多摩大橋北,八王子武蔵村山線×新奥多摩街道,R4/10,昭島,全方向合計,15,10,118,1895,967,2990,85
80,多摩大橋北,八王子武蔵村山線×新奥多摩街道,R4/10,昭島,全方向合計,16,12,124,2063,1058,3257,124
80,多摩大橋北,八王子武蔵村山線×新奥多摩街道,R4/10,昭島,全方向合計,17,7,107,2291,937,3342,164
80,多摩大橋北,八王子武蔵村山線×新奥多摩街道,R4/10,昭島,全方向合計,18,4,77,2525,759,3365,171
80,多摩大橋北,八王子武蔵村山線×新奥多摩街道,R4/10,昭島,全方向合計,12時間計,142,1889,22933,11742,36706,1386
