﻿地点番号,地点名,交差道路名,調査年月,管轄警察署,流入方向,流出方向,時間帯等,大型乗用,大型貨物,普通乗用,普通貨物,四輪計,二輪車
88,小荷田,東京環状×新奥多摩街道,R4/10,昭島,A 入間ＩＣ,1.堂方上,7,1,178,361,334,874,0
88,小荷田,東京環状×新奥多摩街道,R4/10,昭島,A 入間ＩＣ,1.堂方上,8,2,193,334,247,776,56
88,小荷田,東京環状×新奥多摩街道,R4/10,昭島,A 入間ＩＣ,1.堂方上,9,5,164,314,231,714,8
88,小荷田,東京環状×新奥多摩街道,R4/10,昭島,A 入間ＩＣ,1.堂方上,10,2,188,390,210,790,15
88,小荷田,東京環状×新奥多摩街道,R4/10,昭島,A 入間ＩＣ,1.堂方上,11,2,202,311,129,644,18
88,小荷田,東京環状×新奥多摩街道,R4/10,昭島,A 入間ＩＣ,1.堂方上,12,2,112,302,226,642,17
88,小荷田,東京環状×新奥多摩街道,R4/10,昭島,A 入間ＩＣ,1.堂方上,13,6,183,273,207,669,26
88,小荷田,東京環状×新奥多摩街道,R4/10,昭島,A 入間ＩＣ,1.堂方上,14,3,196,271,186,656,17
88,小荷田,東京環状×新奥多摩街道,R4/10,昭島,A 入間ＩＣ,1.堂方上,15,3,103,498,117,721,18
88,小荷田,東京環状×新奥多摩街道,R4/10,昭島,A 入間ＩＣ,1.堂方上,16,5,86,633,165,889,30
88,小荷田,東京環状×新奥多摩街道,R4/10,昭島,A 入間ＩＣ,1.堂方上,17,2,53,594,109,758,45
88,小荷田,東京環状×新奥多摩街道,R4/10,昭島,A 入間ＩＣ,1.堂方上,18,6,54,672,91,823,20
88,小荷田,東京環状×新奥多摩街道,R4/10,昭島,A 入間ＩＣ,1.堂方上,12時間計,39,1712,4953,2252,8956,270
88,小荷田,東京環状×新奥多摩街道,R4/10,昭島,A 入間ＩＣ,2.拝島町,7,4,3,77,14,98,1
88,小荷田,東京環状×新奥多摩街道,R4/10,昭島,A 入間ＩＣ,2.拝島町,8,6,5,42,14,67,3
88,小荷田,東京環状×新奥多摩街道,R4/10,昭島,A 入間ＩＣ,2.拝島町,9,1,2,50,10,63,2
88,小荷田,東京環状×新奥多摩街道,R4/10,昭島,A 入間ＩＣ,2.拝島町,10,2,5,46,18,71,2
88,小荷田,東京環状×新奥多摩街道,R4/10,昭島,A 入間ＩＣ,2.拝島町,11,3,3,36,20,62,2
88,小荷田,東京環状×新奥多摩街道,R4/10,昭島,A 入間ＩＣ,2.拝島町,12,3,2,51,11,67,2
88,小荷田,東京環状×新奥多摩街道,R4/10,昭島,A 入間ＩＣ,2.拝島町,13,2,3,43,18,66,3
88,小荷田,東京環状×新奥多摩街道,R4/10,昭島,A 入間ＩＣ,2.拝島町,14,5,0,42,8,55,4
88,小荷田,東京環状×新奥多摩街道,R4/10,昭島,A 入間ＩＣ,2.拝島町,15,1,0,57,9,67,2
88,小荷田,東京環状×新奥多摩街道,R4/10,昭島,A 入間ＩＣ,2.拝島町,16,5,2,90,17,114,5
88,小荷田,東京環状×新奥多摩街道,R4/10,昭島,A 入間ＩＣ,2.拝島町,17,3,4,75,20,102,5
88,小荷田,東京環状×新奥多摩街道,R4/10,昭島,A 入間ＩＣ,2.拝島町,18,1,1,84,15,101,4
88,小荷田,東京環状×新奥多摩街道,R4/10,昭島,A 入間ＩＣ,2.拝島町,12時間計,36,30,693,174,933,35
88,小荷田,東京環状×新奥多摩街道,R4/10,昭島,A 入間ＩＣ,3.熊川内出,7,0,0,18,3,21,3
88,小荷田,東京環状×新奥多摩街道,R4/10,昭島,A 入間ＩＣ,3.熊川内出,8,0,0,4,1,5,0
88,小荷田,東京環状×新奥多摩街道,R4/10,昭島,A 入間ＩＣ,3.熊川内出,9,1,0,12,5,18,0
88,小荷田,東京環状×新奥多摩街道,R4/10,昭島,A 入間ＩＣ,3.熊川内出,10,0,0,13,4,17,1
88,小荷田,東京環状×新奥多摩街道,R4/10,昭島,A 入間ＩＣ,3.熊川内出,11,1,3,12,2,18,0
88,小荷田,東京環状×新奥多摩街道,R4/10,昭島,A 入間ＩＣ,3.熊川内出,12,0,2,18,2,22,0
88,小荷田,東京環状×新奥多摩街道,R4/10,昭島,A 入間ＩＣ,3.熊川内出,13,0,0,14,5,19,0
88,小荷田,東京環状×新奥多摩街道,R4/10,昭島,A 入間ＩＣ,3.熊川内出,14,0,0,15,2,17,1
88,小荷田,東京環状×新奥多摩街道,R4/10,昭島,A 入間ＩＣ,3.熊川内出,15,0,1,18,3,22,0
88,小荷田,東京環状×新奥多摩街道,R4/10,昭島,A 入間ＩＣ,3.熊川内出,16,0,1,17,2,20,0
88,小荷田,東京環状×新奥多摩街道,R4/10,昭島,A 入間ＩＣ,3.熊川内出,17,1,2,22,4,29,2
88,小荷田,東京環状×新奥多摩街道,R4/10,昭島,A 入間ＩＣ,3.熊川内出,18,0,0,36,1,37,0
88,小荷田,東京環状×新奥多摩街道,R4/10,昭島,A 入間ＩＣ,3.熊川内出,12時間計,3,9,199,34,245,7
88,小荷田,東京環状×新奥多摩街道,R4/10,昭島,A 入間ＩＣ,流入計,7,5,181,456,351,993,4
88,小荷田,東京環状×新奥多摩街道,R4/10,昭島,A 入間ＩＣ,流入計,8,8,198,380,262,848,59
88,小荷田,東京環状×新奥多摩街道,R4/10,昭島,A 入間ＩＣ,流入計,9,7,166,376,246,795,10
88,小荷田,東京環状×新奥多摩街道,R4/10,昭島,A 入間ＩＣ,流入計,10,4,193,449,232,878,18
88,小荷田,東京環状×新奥多摩街道,R4/10,昭島,A 入間ＩＣ,流入計,11,6,208,359,151,724,20
88,小荷田,東京環状×新奥多摩街道,R4/10,昭島,A 入間ＩＣ,流入計,12,5,116,371,239,731,19
88,小荷田,東京環状×新奥多摩街道,R4/10,昭島,A 入間ＩＣ,流入計,13,8,186,330,230,754,29
88,小荷田,東京環状×新奥多摩街道,R4/10,昭島,A 入間ＩＣ,流入計,14,8,196,328,196,728,22
88,小荷田,東京環状×新奥多摩街道,R4/10,昭島,A 入間ＩＣ,流入計,15,4,104,573,129,810,20
88,小荷田,東京環状×新奥多摩街道,R4/10,昭島,A 入間ＩＣ,流入計,16,10,89,740,184,1023,35
88,小荷田,東京環状×新奥多摩街道,R4/10,昭島,A 入間ＩＣ,流入計,17,6,59,691,133,889,52
88,小荷田,東京環状×新奥多摩街道,R4/10,昭島,A 入間ＩＣ,流入計,18,7,55,792,107,961,24
88,小荷田,東京環状×新奥多摩街道,R4/10,昭島,A 入間ＩＣ,流入計,12時間計,78,1751,5845,2460,10134,312
88,小荷田,東京環状×新奥多摩街道,R4/10,昭島,B 熊川内出,4.入間ＩＣ,7,0,0,2,2,4,0
88,小荷田,東京環状×新奥多摩街道,R4/10,昭島,B 熊川内出,4.入間ＩＣ,8,0,1,11,7,19,2
88,小荷田,東京環状×新奥多摩街道,R4/10,昭島,B 熊川内出,4.入間ＩＣ,9,1,2,8,6,17,0
88,小荷田,東京環状×新奥多摩街道,R4/10,昭島,B 熊川内出,4.入間ＩＣ,10,0,1,13,5,19,0
88,小荷田,東京環状×新奥多摩街道,R4/10,昭島,B 熊川内出,4.入間ＩＣ,11,0,0,5,2,7,0
88,小荷田,東京環状×新奥多摩街道,R4/10,昭島,B 熊川内出,4.入間ＩＣ,12,0,2,11,4,17,0
88,小荷田,東京環状×新奥多摩街道,R4/10,昭島,B 熊川内出,4.入間ＩＣ,13,1,1,8,0,10,1
88,小荷田,東京環状×新奥多摩街道,R4/10,昭島,B 熊川内出,4.入間ＩＣ,14,0,1,13,4,18,0
88,小荷田,東京環状×新奥多摩街道,R4/10,昭島,B 熊川内出,4.入間ＩＣ,15,0,3,13,2,18,0
88,小荷田,東京環状×新奥多摩街道,R4/10,昭島,B 熊川内出,4.入間ＩＣ,16,0,0,18,3,21,0
88,小荷田,東京環状×新奥多摩街道,R4/10,昭島,B 熊川内出,4.入間ＩＣ,17,0,2,37,11,50,2
88,小荷田,東京環状×新奥多摩街道,R4/10,昭島,B 熊川内出,4.入間ＩＣ,18,1,0,15,4,20,0
88,小荷田,東京環状×新奥多摩街道,R4/10,昭島,B 熊川内出,4.入間ＩＣ,12時間計,3,13,154,50,220,5
88,小荷田,東京環状×新奥多摩街道,R4/10,昭島,B 熊川内出,5.堂方上,7,0,91,355,202,648,30
88,小荷田,東京環状×新奥多摩街道,R4/10,昭島,B 熊川内出,5.堂方上,8,2,44,385,157,588,21
88,小荷田,東京環状×新奥多摩街道,R4/10,昭島,B 熊川内出,5.堂方上,9,0,43,268,120,431,6
88,小荷田,東京環状×新奥多摩街道,R4/10,昭島,B 熊川内出,5.堂方上,10,0,60,287,87,434,11
88,小荷田,東京環状×新奥多摩街道,R4/10,昭島,B 熊川内出,5.堂方上,11,2,59,294,75,430,9
88,小荷田,東京環状×新奥多摩街道,R4/10,昭島,B 熊川内出,5.堂方上,12,4,54,250,43,351,12
88,小荷田,東京環状×新奥多摩街道,R4/10,昭島,B 熊川内出,5.堂方上,13,3,42,308,76,429,14
88,小荷田,東京環状×新奥多摩街道,R4/10,昭島,B 熊川内出,5.堂方上,14,3,34,261,100,398,15
88,小荷田,東京環状×新奥多摩街道,R4/10,昭島,B 熊川内出,5.堂方上,15,1,48,408,64,521,11
88,小荷田,東京環状×新奥多摩街道,R4/10,昭島,B 熊川内出,5.堂方上,16,1,25,469,97,592,18
88,小荷田,東京環状×新奥多摩街道,R4/10,昭島,B 熊川内出,5.堂方上,17,1,19,447,53,520,20
88,小荷田,東京環状×新奥多摩街道,R4/10,昭島,B 熊川内出,5.堂方上,18,1,6,481,26,514,21
88,小荷田,東京環状×新奥多摩街道,R4/10,昭島,B 熊川内出,5.堂方上,12時間計,18,525,4213,1100,5856,188
88,小荷田,東京環状×新奥多摩街道,R4/10,昭島,B 熊川内出,6.拝島町,7,0,0,7,4,11,1
88,小荷田,東京環状×新奥多摩街道,R4/10,昭島,B 熊川内出,6.拝島町,8,1,0,12,5,18,0
88,小荷田,東京環状×新奥多摩街道,R4/10,昭島,B 熊川内出,6.拝島町,9,0,1,5,3,9,0
88,小荷田,東京環状×新奥多摩街道,R4/10,昭島,B 熊川内出,6.拝島町,10,1,0,10,4,15,0
88,小荷田,東京環状×新奥多摩街道,R4/10,昭島,B 熊川内出,6.拝島町,11,1,0,9,6,16,0
88,小荷田,東京環状×新奥多摩街道,R4/10,昭島,B 熊川内出,6.拝島町,12,0,1,12,2,15,1
88,小荷田,東京環状×新奥多摩街道,R4/10,昭島,B 熊川内出,6.拝島町,13,0,0,11,3,14,0
88,小荷田,東京環状×新奥多摩街道,R4/10,昭島,B 熊川内出,6.拝島町,14,0,0,15,1,16,0
88,小荷田,東京環状×新奥多摩街道,R4/10,昭島,B 熊川内出,6.拝島町,15,2,1,16,2,21,0
88,小荷田,東京環状×新奥多摩街道,R4/10,昭島,B 熊川内出,6.拝島町,16,0,0,11,3,14,2
88,小荷田,東京環状×新奥多摩街道,R4/10,昭島,B 熊川内出,6.拝島町,17,0,3,12,6,21,1
88,小荷田,東京環状×新奥多摩街道,R4/10,昭島,B 熊川内出,6.拝島町,18,0,1,13,3,17,0
88,小荷田,東京環状×新奥多摩街道,R4/10,昭島,B 熊川内出,6.拝島町,12時間計,5,7,133,42,187,5
88,小荷田,東京環状×新奥多摩街道,R4/10,昭島,B 熊川内出,流入計,7,0,91,364,208,663,31
88,小荷田,東京環状×新奥多摩街道,R4/10,昭島,B 熊川内出,流入計,8,3,45,408,169,625,23
88,小荷田,東京環状×新奥多摩街道,R4/10,昭島,B 熊川内出,流入計,9,1,46,281,129,457,6
88,小荷田,東京環状×新奥多摩街道,R4/10,昭島,B 熊川内出,流入計,10,1,61,310,96,468,11
88,小荷田,東京環状×新奥多摩街道,R4/10,昭島,B 熊川内出,流入計,11,3,59,308,83,453,9
88,小荷田,東京環状×新奥多摩街道,R4/10,昭島,B 熊川内出,流入計,12,4,57,273,49,383,13
88,小荷田,東京環状×新奥多摩街道,R4/10,昭島,B 熊川内出,流入計,13,4,43,327,79,453,15
88,小荷田,東京環状×新奥多摩街道,R4/10,昭島,B 熊川内出,流入計,14,3,35,289,105,432,15
88,小荷田,東京環状×新奥多摩街道,R4/10,昭島,B 熊川内出,流入計,15,3,52,437,68,560,11
88,小荷田,東京環状×新奥多摩街道,R4/10,昭島,B 熊川内出,流入計,16,1,25,498,103,627,20
88,小荷田,東京環状×新奥多摩街道,R4/10,昭島,B 熊川内出,流入計,17,1,24,496,70,591,23
88,小荷田,東京環状×新奥多摩街道,R4/10,昭島,B 熊川内出,流入計,18,2,7,509,33,551,21
88,小荷田,東京環状×新奥多摩街道,R4/10,昭島,B 熊川内出,流入計,12時間計,26,545,4500,1192,6263,198
88,小荷田,東京環状×新奥多摩街道,R4/10,昭島,C 拝島町,7.熊川内出,7,0,2,30,11,43,0
88,小荷田,東京環状×新奥多摩街道,R4/10,昭島,C 拝島町,7.熊川内出,8,0,4,10,5,19,0
88,小荷田,東京環状×新奥多摩街道,R4/10,昭島,C 拝島町,7.熊川内出,9,0,2,14,4,20,0
88,小荷田,東京環状×新奥多摩街道,R4/10,昭島,C 拝島町,7.熊川内出,10,0,2,13,5,20,1
88,小荷田,東京環状×新奥多摩街道,R4/10,昭島,C 拝島町,7.熊川内出,11,0,4,29,7,40,2
88,小荷田,東京環状×新奥多摩街道,R4/10,昭島,C 拝島町,7.熊川内出,12,0,2,15,3,20,2
88,小荷田,東京環状×新奥多摩街道,R4/10,昭島,C 拝島町,7.熊川内出,13,0,2,20,15,37,1
88,小荷田,東京環状×新奥多摩街道,R4/10,昭島,C 拝島町,7.熊川内出,14,0,0,19,13,32,0
88,小荷田,東京環状×新奥多摩街道,R4/10,昭島,C 拝島町,7.熊川内出,15,0,2,14,8,24,3
88,小荷田,東京環状×新奥多摩街道,R4/10,昭島,C 拝島町,7.熊川内出,16,0,2,13,6,21,0
88,小荷田,東京環状×新奥多摩街道,R4/10,昭島,C 拝島町,7.熊川内出,17,0,1,15,4,20,1
88,小荷田,東京環状×新奥多摩街道,R4/10,昭島,C 拝島町,7.熊川内出,18,0,3,19,0,22,1
88,小荷田,東京環状×新奥多摩街道,R4/10,昭島,C 拝島町,7.熊川内出,12時間計,0,26,211,81,318,11
88,小荷田,東京環状×新奥多摩街道,R4/10,昭島,C 拝島町,8.入間ＩＣ,7,10,12,126,15,163,11
88,小荷田,東京環状×新奥多摩街道,R4/10,昭島,C 拝島町,8.入間ＩＣ,8,6,29,107,33,175,4
88,小荷田,東京環状×新奥多摩街道,R4/10,昭島,C 拝島町,8.入間ＩＣ,9,1,28,75,69,173,6
88,小荷田,東京環状×新奥多摩街道,R4/10,昭島,C 拝島町,8.入間ＩＣ,10,1,24,81,87,193,5
88,小荷田,東京環状×新奥多摩街道,R4/10,昭島,C 拝島町,8.入間ＩＣ,11,2,26,85,63,176,2
88,小荷田,東京環状×新奥多摩街道,R4/10,昭島,C 拝島町,8.入間ＩＣ,12,1,41,77,93,212,5
88,小荷田,東京環状×新奥多摩街道,R4/10,昭島,C 拝島町,8.入間ＩＣ,13,0,25,85,55,165,3
88,小荷田,東京環状×新奥多摩街道,R4/10,昭島,C 拝島町,8.入間ＩＣ,14,2,34,55,46,137,4
88,小荷田,東京環状×新奥多摩街道,R4/10,昭島,C 拝島町,8.入間ＩＣ,15,2,20,62,48,132,4
88,小荷田,東京環状×新奥多摩街道,R4/10,昭島,C 拝島町,8.入間ＩＣ,16,5,9,97,51,162,3
88,小荷田,東京環状×新奥多摩街道,R4/10,昭島,C 拝島町,8.入間ＩＣ,17,2,13,91,39,145,7
88,小荷田,東京環状×新奥多摩街道,R4/10,昭島,C 拝島町,8.入間ＩＣ,18,1,17,81,26,125,9
88,小荷田,東京環状×新奥多摩街道,R4/10,昭島,C 拝島町,8.入間ＩＣ,12時間計,33,278,1022,625,1958,63
88,小荷田,東京環状×新奥多摩街道,R4/10,昭島,C 拝島町,9.堂方上,7,3,0,15,4,22,0
88,小荷田,東京環状×新奥多摩街道,R4/10,昭島,C 拝島町,9.堂方上,8,2,1,12,5,20,0
88,小荷田,東京環状×新奥多摩街道,R4/10,昭島,C 拝島町,9.堂方上,9,1,1,9,0,11,1
88,小荷田,東京環状×新奥多摩街道,R4/10,昭島,C 拝島町,9.堂方上,10,1,2,10,1,14,3
88,小荷田,東京環状×新奥多摩街道,R4/10,昭島,C 拝島町,9.堂方上,11,0,2,6,2,10,2
88,小荷田,東京環状×新奥多摩街道,R4/10,昭島,C 拝島町,9.堂方上,12,2,0,8,2,12,0
88,小荷田,東京環状×新奥多摩街道,R4/10,昭島,C 拝島町,9.堂方上,13,2,0,14,5,21,1
88,小荷田,東京環状×新奥多摩街道,R4/10,昭島,C 拝島町,9.堂方上,14,1,1,24,4,30,0
88,小荷田,東京環状×新奥多摩街道,R4/10,昭島,C 拝島町,9.堂方上,15,0,0,16,1,17,1
88,小荷田,東京環状×新奥多摩街道,R4/10,昭島,C 拝島町,9.堂方上,16,2,2,16,3,23,4
88,小荷田,東京環状×新奥多摩街道,R4/10,昭島,C 拝島町,9.堂方上,17,0,1,10,5,16,2
88,小荷田,東京環状×新奥多摩街道,R4/10,昭島,C 拝島町,9.堂方上,18,1,1,5,3,10,1
88,小荷田,東京環状×新奥多摩街道,R4/10,昭島,C 拝島町,9.堂方上,12時間計,15,11,145,35,206,15
88,小荷田,東京環状×新奥多摩街道,R4/10,昭島,C 拝島町,流入計,7,13,14,171,30,228,11
88,小荷田,東京環状×新奥多摩街道,R4/10,昭島,C 拝島町,流入計,8,8,34,129,43,214,4
88,小荷田,東京環状×新奥多摩街道,R4/10,昭島,C 拝島町,流入計,9,2,31,98,73,204,7
88,小荷田,東京環状×新奥多摩街道,R4/10,昭島,C 拝島町,流入計,10,2,28,104,93,227,9
88,小荷田,東京環状×新奥多摩街道,R4/10,昭島,C 拝島町,流入計,11,2,32,120,72,226,6
88,小荷田,東京環状×新奥多摩街道,R4/10,昭島,C 拝島町,流入計,12,3,43,100,98,244,7
88,小荷田,東京環状×新奥多摩街道,R4/10,昭島,C 拝島町,流入計,13,2,27,119,75,223,5
88,小荷田,東京環状×新奥多摩街道,R4/10,昭島,C 拝島町,流入計,14,3,35,98,63,199,4
88,小荷田,東京環状×新奥多摩街道,R4/10,昭島,C 拝島町,流入計,15,2,22,92,57,173,8
88,小荷田,東京環状×新奥多摩街道,R4/10,昭島,C 拝島町,流入計,16,7,13,126,60,206,7
88,小荷田,東京環状×新奥多摩街道,R4/10,昭島,C 拝島町,流入計,17,2,15,116,48,181,10
88,小荷田,東京環状×新奥多摩街道,R4/10,昭島,C 拝島町,流入計,18,2,21,105,29,157,11
88,小荷田,東京環状×新奥多摩街道,R4/10,昭島,C 拝島町,流入計,12時間計,48,315,1378,741,2482,89
88,小荷田,東京環状×新奥多摩街道,R4/10,昭島,D 堂方上,10.拝島町,7,1,1,11,2,15,1
88,小荷田,東京環状×新奥多摩街道,R4/10,昭島,D 堂方上,10.拝島町,8,1,1,19,6,27,2
88,小荷田,東京環状×新奥多摩街道,R4/10,昭島,D 堂方上,10.拝島町,9,1,0,11,5,17,0
88,小荷田,東京環状×新奥多摩街道,R4/10,昭島,D 堂方上,10.拝島町,10,2,4,9,4,19,2
88,小荷田,東京環状×新奥多摩街道,R4/10,昭島,D 堂方上,10.拝島町,11,1,3,7,5,16,0
88,小荷田,東京環状×新奥多摩街道,R4/10,昭島,D 堂方上,10.拝島町,12,1,0,10,4,15,1
88,小荷田,東京環状×新奥多摩街道,R4/10,昭島,D 堂方上,10.拝島町,13,0,1,15,2,18,1
88,小荷田,東京環状×新奥多摩街道,R4/10,昭島,D 堂方上,10.拝島町,14,1,1,10,5,17,1
88,小荷田,東京環状×新奥多摩街道,R4/10,昭島,D 堂方上,10.拝島町,15,1,0,15,0,16,2
88,小荷田,東京環状×新奥多摩街道,R4/10,昭島,D 堂方上,10.拝島町,16,1,1,11,2,15,2
88,小荷田,東京環状×新奥多摩街道,R4/10,昭島,D 堂方上,10.拝島町,17,2,2,19,1,24,0
88,小荷田,東京環状×新奥多摩街道,R4/10,昭島,D 堂方上,10.拝島町,18,0,0,10,1,11,0
88,小荷田,東京環状×新奥多摩街道,R4/10,昭島,D 堂方上,10.拝島町,12時間計,12,14,147,37,210,12
88,小荷田,東京環状×新奥多摩街道,R4/10,昭島,D 堂方上,11.熊川内出,7,2,29,454,167,652,29
88,小荷田,東京環状×新奥多摩街道,R4/10,昭島,D 堂方上,11.熊川内出,8,4,23,267,122,416,15
88,小荷田,東京環状×新奥多摩街道,R4/10,昭島,D 堂方上,11.熊川内出,9,4,50,284,47,385,12
88,小荷田,東京環状×新奥多摩街道,R4/10,昭島,D 堂方上,11.熊川内出,10,2,38,270,52,362,23
88,小荷田,東京環状×新奥多摩街道,R4/10,昭島,D 堂方上,11.熊川内出,11,0,54,273,57,384,11
88,小荷田,東京環状×新奥多摩街道,R4/10,昭島,D 堂方上,11.熊川内出,12,0,46,291,73,410,20
88,小荷田,東京環状×新奥多摩街道,R4/10,昭島,D 堂方上,11.熊川内出,13,1,43,309,127,480,10
88,小荷田,東京環状×新奥多摩街道,R4/10,昭島,D 堂方上,11.熊川内出,14,1,31,279,124,435,10
88,小荷田,東京環状×新奥多摩街道,R4/10,昭島,D 堂方上,11.熊川内出,15,1,41,296,109,447,9
88,小荷田,東京環状×新奥多摩街道,R4/10,昭島,D 堂方上,11.熊川内出,16,1,24,323,111,459,16
88,小荷田,東京環状×新奥多摩街道,R4/10,昭島,D 堂方上,11.熊川内出,17,0,20,375,58,453,16
88,小荷田,東京環状×新奥多摩街道,R4/10,昭島,D 堂方上,11.熊川内出,18,0,15,369,25,409,21
88,小荷田,東京環状×新奥多摩街道,R4/10,昭島,D 堂方上,11.熊川内出,12時間計,16,414,3790,1072,5292,192
88,小荷田,東京環状×新奥多摩街道,R4/10,昭島,D 堂方上,12.入間ＩＣ,7,12,113,495,174,794,34
88,小荷田,東京環状×新奥多摩街道,R4/10,昭島,D 堂方上,12.入間ＩＣ,8,6,184,469,263,922,28
88,小荷田,東京環状×新奥多摩街道,R4/10,昭島,D 堂方上,12.入間ＩＣ,9,1,212,277,180,670,13
88,小荷田,東京環状×新奥多摩街道,R4/10,昭島,D 堂方上,12.入間ＩＣ,10,0,154,290,304,748,8
88,小荷田,東京環状×新奥多摩街道,R4/10,昭島,D 堂方上,12.入間ＩＣ,11,1,134,268,272,675,9
88,小荷田,東京環状×新奥多摩街道,R4/10,昭島,D 堂方上,12.入間ＩＣ,12,4,149,268,172,593,11
88,小荷田,東京環状×新奥多摩街道,R4/10,昭島,D 堂方上,12.入間ＩＣ,13,2,148,373,149,672,11
88,小荷田,東京環状×新奥多摩街道,R4/10,昭島,D 堂方上,12.入間ＩＣ,14,4,105,355,339,803,17
88,小荷田,東京環状×新奥多摩街道,R4/10,昭島,D 堂方上,12.入間ＩＣ,15,1,82,344,327,754,13
88,小荷田,東京環状×新奥多摩街道,R4/10,昭島,D 堂方上,12.入間ＩＣ,16,3,94,388,358,843,18
88,小荷田,東京環状×新奥多摩街道,R4/10,昭島,D 堂方上,12.入間ＩＣ,17,3,52,371,283,709,25
88,小荷田,東京環状×新奥多摩街道,R4/10,昭島,D 堂方上,12.入間ＩＣ,18,6,71,477,154,708,28
88,小荷田,東京環状×新奥多摩街道,R4/10,昭島,D 堂方上,12.入間ＩＣ,12時間計,43,1498,4375,2975,8891,215
88,小荷田,東京環状×新奥多摩街道,R4/10,昭島,D 堂方上,流入計,7,15,143,960,343,1461,64
88,小荷田,東京環状×新奥多摩街道,R4/10,昭島,D 堂方上,流入計,8,11,208,755,391,1365,45
88,小荷田,東京環状×新奥多摩街道,R4/10,昭島,D 堂方上,流入計,9,6,262,572,232,1072,25
88,小荷田,東京環状×新奥多摩街道,R4/10,昭島,D 堂方上,流入計,10,4,196,569,360,1129,33
88,小荷田,東京環状×新奥多摩街道,R4/10,昭島,D 堂方上,流入計,11,2,191,548,334,1075,20
88,小荷田,東京環状×新奥多摩街道,R4/10,昭島,D 堂方上,流入計,12,5,195,569,249,1018,32
88,小荷田,東京環状×新奥多摩街道,R4/10,昭島,D 堂方上,流入計,13,3,192,697,278,1170,22
88,小荷田,東京環状×新奥多摩街道,R4/10,昭島,D 堂方上,流入計,14,6,137,644,468,1255,28
88,小荷田,東京環状×新奥多摩街道,R4/10,昭島,D 堂方上,流入計,15,3,123,655,436,1217,24
88,小荷田,東京環状×新奥多摩街道,R4/10,昭島,D 堂方上,流入計,16,5,119,722,471,1317,36
88,小荷田,東京環状×新奥多摩街道,R4/10,昭島,D 堂方上,流入計,17,5,74,765,342,1186,41
88,小荷田,東京環状×新奥多摩街道,R4/10,昭島,D 堂方上,流入計,18,6,86,856,180,1128,49
88,小荷田,東京環状×新奥多摩街道,R4/10,昭島,D 堂方上,流入計,12時間計,71,1926,8312,4084,14393,419
