﻿地点番号,地点名,交差道路名,調査年月,管轄警察署,流入方向,流出方向,時間帯等,車道通行自転車,歩道通行自転車,自転車計
88,小荷田,東京環状×新奥多摩街道,R4/10,昭島,A 入間ＩＣ,1堂方上,7,0,-,-
88,小荷田,東京環状×新奥多摩街道,R4/10,昭島,A 入間ＩＣ,1堂方上,8,1,-,-
88,小荷田,東京環状×新奥多摩街道,R4/10,昭島,A 入間ＩＣ,1堂方上,9,0,-,-
88,小荷田,東京環状×新奥多摩街道,R4/10,昭島,A 入間ＩＣ,1堂方上,10,0,-,-
88,小荷田,東京環状×新奥多摩街道,R4/10,昭島,A 入間ＩＣ,1堂方上,11,0,-,-
88,小荷田,東京環状×新奥多摩街道,R4/10,昭島,A 入間ＩＣ,1堂方上,12,0,-,-
88,小荷田,東京環状×新奥多摩街道,R4/10,昭島,A 入間ＩＣ,1堂方上,13,0,-,-
88,小荷田,東京環状×新奥多摩街道,R4/10,昭島,A 入間ＩＣ,1堂方上,14,0,-,-
88,小荷田,東京環状×新奥多摩街道,R4/10,昭島,A 入間ＩＣ,1堂方上,15,0,-,-
88,小荷田,東京環状×新奥多摩街道,R4/10,昭島,A 入間ＩＣ,1堂方上,16,0,-,-
88,小荷田,東京環状×新奥多摩街道,R4/10,昭島,A 入間ＩＣ,1堂方上,17,0,-,-
88,小荷田,東京環状×新奥多摩街道,R4/10,昭島,A 入間ＩＣ,1堂方上,18,0,-,-
88,小荷田,東京環状×新奥多摩街道,R4/10,昭島,A 入間ＩＣ,1堂方上,12時間計,1,-,-
88,小荷田,東京環状×新奥多摩街道,R4/10,昭島,A 入間ＩＣ,2拝島町,7,0,-,-
88,小荷田,東京環状×新奥多摩街道,R4/10,昭島,A 入間ＩＣ,2拝島町,8,0,-,-
88,小荷田,東京環状×新奥多摩街道,R4/10,昭島,A 入間ＩＣ,2拝島町,9,0,-,-
88,小荷田,東京環状×新奥多摩街道,R4/10,昭島,A 入間ＩＣ,2拝島町,10,1,-,-
88,小荷田,東京環状×新奥多摩街道,R4/10,昭島,A 入間ＩＣ,2拝島町,11,0,-,-
88,小荷田,東京環状×新奥多摩街道,R4/10,昭島,A 入間ＩＣ,2拝島町,12,0,-,-
88,小荷田,東京環状×新奥多摩街道,R4/10,昭島,A 入間ＩＣ,2拝島町,13,0,-,-
88,小荷田,東京環状×新奥多摩街道,R4/10,昭島,A 入間ＩＣ,2拝島町,14,0,-,-
88,小荷田,東京環状×新奥多摩街道,R4/10,昭島,A 入間ＩＣ,2拝島町,15,0,-,-
88,小荷田,東京環状×新奥多摩街道,R4/10,昭島,A 入間ＩＣ,2拝島町,16,0,-,-
88,小荷田,東京環状×新奥多摩街道,R4/10,昭島,A 入間ＩＣ,2拝島町,17,1,-,-
88,小荷田,東京環状×新奥多摩街道,R4/10,昭島,A 入間ＩＣ,2拝島町,18,0,-,-
88,小荷田,東京環状×新奥多摩街道,R4/10,昭島,A 入間ＩＣ,2拝島町,12時間計,2,-,-
88,小荷田,東京環状×新奥多摩街道,R4/10,昭島,A 入間ＩＣ,3熊川内出,7,0,-,-
88,小荷田,東京環状×新奥多摩街道,R4/10,昭島,A 入間ＩＣ,3熊川内出,8,0,-,-
88,小荷田,東京環状×新奥多摩街道,R4/10,昭島,A 入間ＩＣ,3熊川内出,9,0,-,-
88,小荷田,東京環状×新奥多摩街道,R4/10,昭島,A 入間ＩＣ,3熊川内出,10,0,-,-
88,小荷田,東京環状×新奥多摩街道,R4/10,昭島,A 入間ＩＣ,3熊川内出,11,0,-,-
88,小荷田,東京環状×新奥多摩街道,R4/10,昭島,A 入間ＩＣ,3熊川内出,12,0,-,-
88,小荷田,東京環状×新奥多摩街道,R4/10,昭島,A 入間ＩＣ,3熊川内出,13,0,-,-
88,小荷田,東京環状×新奥多摩街道,R4/10,昭島,A 入間ＩＣ,3熊川内出,14,0,-,-
88,小荷田,東京環状×新奥多摩街道,R4/10,昭島,A 入間ＩＣ,3熊川内出,15,0,-,-
88,小荷田,東京環状×新奥多摩街道,R4/10,昭島,A 入間ＩＣ,3熊川内出,16,0,-,-
88,小荷田,東京環状×新奥多摩街道,R4/10,昭島,A 入間ＩＣ,3熊川内出,17,1,-,-
88,小荷田,東京環状×新奥多摩街道,R4/10,昭島,A 入間ＩＣ,3熊川内出,18,0,-,-
88,小荷田,東京環状×新奥多摩街道,R4/10,昭島,A 入間ＩＣ,3熊川内出,12時間計,1,-,-
88,小荷田,東京環状×新奥多摩街道,R4/10,昭島,A 入間ＩＣ,流入計,7,0,19,19
88,小荷田,東京環状×新奥多摩街道,R4/10,昭島,A 入間ＩＣ,流入計,8,1,25,26
88,小荷田,東京環状×新奥多摩街道,R4/10,昭島,A 入間ＩＣ,流入計,9,0,8,8
88,小荷田,東京環状×新奥多摩街道,R4/10,昭島,A 入間ＩＣ,流入計,10,1,10,11
88,小荷田,東京環状×新奥多摩街道,R4/10,昭島,A 入間ＩＣ,流入計,11,0,23,23
88,小荷田,東京環状×新奥多摩街道,R4/10,昭島,A 入間ＩＣ,流入計,12,0,23,23
88,小荷田,東京環状×新奥多摩街道,R4/10,昭島,A 入間ＩＣ,流入計,13,0,19,19
88,小荷田,東京環状×新奥多摩街道,R4/10,昭島,A 入間ＩＣ,流入計,14,0,27,27
88,小荷田,東京環状×新奥多摩街道,R4/10,昭島,A 入間ＩＣ,流入計,15,0,20,20
88,小荷田,東京環状×新奥多摩街道,R4/10,昭島,A 入間ＩＣ,流入計,16,0,10,10
88,小荷田,東京環状×新奥多摩街道,R4/10,昭島,A 入間ＩＣ,流入計,17,2,52,54
88,小荷田,東京環状×新奥多摩街道,R4/10,昭島,A 入間ＩＣ,流入計,18,0,31,31
88,小荷田,東京環状×新奥多摩街道,R4/10,昭島,A 入間ＩＣ,流入計,12時間計,4,267,271
88,小荷田,東京環状×新奥多摩街道,R4/10,昭島,B 熊川内出,4入間ＩＣ,7,0,-,-
88,小荷田,東京環状×新奥多摩街道,R4/10,昭島,B 熊川内出,4入間ＩＣ,8,0,-,-
88,小荷田,東京環状×新奥多摩街道,R4/10,昭島,B 熊川内出,4入間ＩＣ,9,0,-,-
88,小荷田,東京環状×新奥多摩街道,R4/10,昭島,B 熊川内出,4入間ＩＣ,10,0,-,-
88,小荷田,東京環状×新奥多摩街道,R4/10,昭島,B 熊川内出,4入間ＩＣ,11,1,-,-
88,小荷田,東京環状×新奥多摩街道,R4/10,昭島,B 熊川内出,4入間ＩＣ,12,0,-,-
88,小荷田,東京環状×新奥多摩街道,R4/10,昭島,B 熊川内出,4入間ＩＣ,13,0,-,-
88,小荷田,東京環状×新奥多摩街道,R4/10,昭島,B 熊川内出,4入間ＩＣ,14,0,-,-
88,小荷田,東京環状×新奥多摩街道,R4/10,昭島,B 熊川内出,4入間ＩＣ,15,0,-,-
88,小荷田,東京環状×新奥多摩街道,R4/10,昭島,B 熊川内出,4入間ＩＣ,16,0,-,-
88,小荷田,東京環状×新奥多摩街道,R4/10,昭島,B 熊川内出,4入間ＩＣ,17,0,-,-
88,小荷田,東京環状×新奥多摩街道,R4/10,昭島,B 熊川内出,4入間ＩＣ,18,0,-,-
88,小荷田,東京環状×新奥多摩街道,R4/10,昭島,B 熊川内出,4入間ＩＣ,12時間計,1,-,-
88,小荷田,東京環状×新奥多摩街道,R4/10,昭島,B 熊川内出,5堂方上,7,1,-,-
88,小荷田,東京環状×新奥多摩街道,R4/10,昭島,B 熊川内出,5堂方上,8,0,-,-
88,小荷田,東京環状×新奥多摩街道,R4/10,昭島,B 熊川内出,5堂方上,9,0,-,-
88,小荷田,東京環状×新奥多摩街道,R4/10,昭島,B 熊川内出,5堂方上,10,0,-,-
88,小荷田,東京環状×新奥多摩街道,R4/10,昭島,B 熊川内出,5堂方上,11,0,-,-
88,小荷田,東京環状×新奥多摩街道,R4/10,昭島,B 熊川内出,5堂方上,12,0,-,-
88,小荷田,東京環状×新奥多摩街道,R4/10,昭島,B 熊川内出,5堂方上,13,0,-,-
88,小荷田,東京環状×新奥多摩街道,R4/10,昭島,B 熊川内出,5堂方上,14,1,-,-
88,小荷田,東京環状×新奥多摩街道,R4/10,昭島,B 熊川内出,5堂方上,15,3,-,-
88,小荷田,東京環状×新奥多摩街道,R4/10,昭島,B 熊川内出,5堂方上,16,1,-,-
88,小荷田,東京環状×新奥多摩街道,R4/10,昭島,B 熊川内出,5堂方上,17,0,-,-
88,小荷田,東京環状×新奥多摩街道,R4/10,昭島,B 熊川内出,5堂方上,18,1,-,-
88,小荷田,東京環状×新奥多摩街道,R4/10,昭島,B 熊川内出,5堂方上,12時間計,7,-,-
88,小荷田,東京環状×新奥多摩街道,R4/10,昭島,B 熊川内出,6拝島町,7,0,-,-
88,小荷田,東京環状×新奥多摩街道,R4/10,昭島,B 熊川内出,6拝島町,8,0,-,-
88,小荷田,東京環状×新奥多摩街道,R4/10,昭島,B 熊川内出,6拝島町,9,0,-,-
88,小荷田,東京環状×新奥多摩街道,R4/10,昭島,B 熊川内出,6拝島町,10,0,-,-
88,小荷田,東京環状×新奥多摩街道,R4/10,昭島,B 熊川内出,6拝島町,11,0,-,-
88,小荷田,東京環状×新奥多摩街道,R4/10,昭島,B 熊川内出,6拝島町,12,0,-,-
88,小荷田,東京環状×新奥多摩街道,R4/10,昭島,B 熊川内出,6拝島町,13,0,-,-
88,小荷田,東京環状×新奥多摩街道,R4/10,昭島,B 熊川内出,6拝島町,14,0,-,-
88,小荷田,東京環状×新奥多摩街道,R4/10,昭島,B 熊川内出,6拝島町,15,0,-,-
88,小荷田,東京環状×新奥多摩街道,R4/10,昭島,B 熊川内出,6拝島町,16,0,-,-
88,小荷田,東京環状×新奥多摩街道,R4/10,昭島,B 熊川内出,6拝島町,17,0,-,-
88,小荷田,東京環状×新奥多摩街道,R4/10,昭島,B 熊川内出,6拝島町,18,0,-,-
88,小荷田,東京環状×新奥多摩街道,R4/10,昭島,B 熊川内出,6拝島町,12時間計,0,-,-
88,小荷田,東京環状×新奥多摩街道,R4/10,昭島,B 熊川内出,流入計,7,1,6,7
88,小荷田,東京環状×新奥多摩街道,R4/10,昭島,B 熊川内出,流入計,8,0,5,5
88,小荷田,東京環状×新奥多摩街道,R4/10,昭島,B 熊川内出,流入計,9,0,9,9
88,小荷田,東京環状×新奥多摩街道,R4/10,昭島,B 熊川内出,流入計,10,0,4,4
88,小荷田,東京環状×新奥多摩街道,R4/10,昭島,B 熊川内出,流入計,11,1,11,12
88,小荷田,東京環状×新奥多摩街道,R4/10,昭島,B 熊川内出,流入計,12,0,9,9
88,小荷田,東京環状×新奥多摩街道,R4/10,昭島,B 熊川内出,流入計,13,0,8,8
88,小荷田,東京環状×新奥多摩街道,R4/10,昭島,B 熊川内出,流入計,14,1,8,9
88,小荷田,東京環状×新奥多摩街道,R4/10,昭島,B 熊川内出,流入計,15,3,15,18
88,小荷田,東京環状×新奥多摩街道,R4/10,昭島,B 熊川内出,流入計,16,1,11,12
88,小荷田,東京環状×新奥多摩街道,R4/10,昭島,B 熊川内出,流入計,17,0,12,12
88,小荷田,東京環状×新奥多摩街道,R4/10,昭島,B 熊川内出,流入計,18,1,8,9
88,小荷田,東京環状×新奥多摩街道,R4/10,昭島,B 熊川内出,流入計,12時間計,8,106,114
88,小荷田,東京環状×新奥多摩街道,R4/10,昭島,C 拝島町,7熊川内出,7,0,-,-
88,小荷田,東京環状×新奥多摩街道,R4/10,昭島,C 拝島町,7熊川内出,8,0,-,-
88,小荷田,東京環状×新奥多摩街道,R4/10,昭島,C 拝島町,7熊川内出,9,0,-,-
88,小荷田,東京環状×新奥多摩街道,R4/10,昭島,C 拝島町,7熊川内出,10,0,-,-
88,小荷田,東京環状×新奥多摩街道,R4/10,昭島,C 拝島町,7熊川内出,11,1,-,-
88,小荷田,東京環状×新奥多摩街道,R4/10,昭島,C 拝島町,7熊川内出,12,0,-,-
88,小荷田,東京環状×新奥多摩街道,R4/10,昭島,C 拝島町,7熊川内出,13,0,-,-
88,小荷田,東京環状×新奥多摩街道,R4/10,昭島,C 拝島町,7熊川内出,14,0,-,-
88,小荷田,東京環状×新奥多摩街道,R4/10,昭島,C 拝島町,7熊川内出,15,0,-,-
88,小荷田,東京環状×新奥多摩街道,R4/10,昭島,C 拝島町,7熊川内出,16,0,-,-
88,小荷田,東京環状×新奥多摩街道,R4/10,昭島,C 拝島町,7熊川内出,17,1,-,-
88,小荷田,東京環状×新奥多摩街道,R4/10,昭島,C 拝島町,7熊川内出,18,1,-,-
88,小荷田,東京環状×新奥多摩街道,R4/10,昭島,C 拝島町,7熊川内出,12時間計,3,-,-
88,小荷田,東京環状×新奥多摩街道,R4/10,昭島,C 拝島町,8入間ＩＣ,7,1,-,-
88,小荷田,東京環状×新奥多摩街道,R4/10,昭島,C 拝島町,8入間ＩＣ,8,1,-,-
88,小荷田,東京環状×新奥多摩街道,R4/10,昭島,C 拝島町,8入間ＩＣ,9,0,-,-
88,小荷田,東京環状×新奥多摩街道,R4/10,昭島,C 拝島町,8入間ＩＣ,10,0,-,-
88,小荷田,東京環状×新奥多摩街道,R4/10,昭島,C 拝島町,8入間ＩＣ,11,0,-,-
88,小荷田,東京環状×新奥多摩街道,R4/10,昭島,C 拝島町,8入間ＩＣ,12,0,-,-
88,小荷田,東京環状×新奥多摩街道,R4/10,昭島,C 拝島町,8入間ＩＣ,13,0,-,-
88,小荷田,東京環状×新奥多摩街道,R4/10,昭島,C 拝島町,8入間ＩＣ,14,2,-,-
88,小荷田,東京環状×新奥多摩街道,R4/10,昭島,C 拝島町,8入間ＩＣ,15,0,-,-
88,小荷田,東京環状×新奥多摩街道,R4/10,昭島,C 拝島町,8入間ＩＣ,16,0,-,-
88,小荷田,東京環状×新奥多摩街道,R4/10,昭島,C 拝島町,8入間ＩＣ,17,1,-,-
88,小荷田,東京環状×新奥多摩街道,R4/10,昭島,C 拝島町,8入間ＩＣ,18,0,-,-
88,小荷田,東京環状×新奥多摩街道,R4/10,昭島,C 拝島町,8入間ＩＣ,12時間計,5,-,-
88,小荷田,東京環状×新奥多摩街道,R4/10,昭島,C 拝島町,9堂方上,7,0,-,-
88,小荷田,東京環状×新奥多摩街道,R4/10,昭島,C 拝島町,9堂方上,8,0,-,-
88,小荷田,東京環状×新奥多摩街道,R4/10,昭島,C 拝島町,9堂方上,9,0,-,-
88,小荷田,東京環状×新奥多摩街道,R4/10,昭島,C 拝島町,9堂方上,10,0,-,-
88,小荷田,東京環状×新奥多摩街道,R4/10,昭島,C 拝島町,9堂方上,11,0,-,-
88,小荷田,東京環状×新奥多摩街道,R4/10,昭島,C 拝島町,9堂方上,12,0,-,-
88,小荷田,東京環状×新奥多摩街道,R4/10,昭島,C 拝島町,9堂方上,13,0,-,-
88,小荷田,東京環状×新奥多摩街道,R4/10,昭島,C 拝島町,9堂方上,14,0,-,-
88,小荷田,東京環状×新奥多摩街道,R4/10,昭島,C 拝島町,9堂方上,15,0,-,-
88,小荷田,東京環状×新奥多摩街道,R4/10,昭島,C 拝島町,9堂方上,16,0,-,-
88,小荷田,東京環状×新奥多摩街道,R4/10,昭島,C 拝島町,9堂方上,17,0,-,-
88,小荷田,東京環状×新奥多摩街道,R4/10,昭島,C 拝島町,9堂方上,18,0,-,-
88,小荷田,東京環状×新奥多摩街道,R4/10,昭島,C 拝島町,9堂方上,12時間計,0,-,-
88,小荷田,東京環状×新奥多摩街道,R4/10,昭島,C 拝島町,流入計,7,1,22,23
88,小荷田,東京環状×新奥多摩街道,R4/10,昭島,C 拝島町,流入計,8,1,15,16
88,小荷田,東京環状×新奥多摩街道,R4/10,昭島,C 拝島町,流入計,9,0,16,16
88,小荷田,東京環状×新奥多摩街道,R4/10,昭島,C 拝島町,流入計,10,0,11,11
88,小荷田,東京環状×新奥多摩街道,R4/10,昭島,C 拝島町,流入計,11,1,8,9
88,小荷田,東京環状×新奥多摩街道,R4/10,昭島,C 拝島町,流入計,12,0,6,6
88,小荷田,東京環状×新奥多摩街道,R4/10,昭島,C 拝島町,流入計,13,0,6,6
88,小荷田,東京環状×新奥多摩街道,R4/10,昭島,C 拝島町,流入計,14,2,7,9
88,小荷田,東京環状×新奥多摩街道,R4/10,昭島,C 拝島町,流入計,15,0,17,17
88,小荷田,東京環状×新奥多摩街道,R4/10,昭島,C 拝島町,流入計,16,0,4,4
88,小荷田,東京環状×新奥多摩街道,R4/10,昭島,C 拝島町,流入計,17,2,8,10
88,小荷田,東京環状×新奥多摩街道,R4/10,昭島,C 拝島町,流入計,18,1,7,8
88,小荷田,東京環状×新奥多摩街道,R4/10,昭島,C 拝島町,流入計,12時間計,8,127,135
88,小荷田,東京環状×新奥多摩街道,R4/10,昭島,D 堂方上,10拝島町,7,0,-,-
88,小荷田,東京環状×新奥多摩街道,R4/10,昭島,D 堂方上,10拝島町,8,0,-,-
88,小荷田,東京環状×新奥多摩街道,R4/10,昭島,D 堂方上,10拝島町,9,0,-,-
88,小荷田,東京環状×新奥多摩街道,R4/10,昭島,D 堂方上,10拝島町,10,0,-,-
88,小荷田,東京環状×新奥多摩街道,R4/10,昭島,D 堂方上,10拝島町,11,0,-,-
88,小荷田,東京環状×新奥多摩街道,R4/10,昭島,D 堂方上,10拝島町,12,0,-,-
88,小荷田,東京環状×新奥多摩街道,R4/10,昭島,D 堂方上,10拝島町,13,0,-,-
88,小荷田,東京環状×新奥多摩街道,R4/10,昭島,D 堂方上,10拝島町,14,0,-,-
88,小荷田,東京環状×新奥多摩街道,R4/10,昭島,D 堂方上,10拝島町,15,0,-,-
88,小荷田,東京環状×新奥多摩街道,R4/10,昭島,D 堂方上,10拝島町,16,0,-,-
88,小荷田,東京環状×新奥多摩街道,R4/10,昭島,D 堂方上,10拝島町,17,0,-,-
88,小荷田,東京環状×新奥多摩街道,R4/10,昭島,D 堂方上,10拝島町,18,0,-,-
88,小荷田,東京環状×新奥多摩街道,R4/10,昭島,D 堂方上,10拝島町,12時間計,0,-,-
88,小荷田,東京環状×新奥多摩街道,R4/10,昭島,D 堂方上,11熊川内出,7,1,-,-
88,小荷田,東京環状×新奥多摩街道,R4/10,昭島,D 堂方上,11熊川内出,8,2,-,-
88,小荷田,東京環状×新奥多摩街道,R4/10,昭島,D 堂方上,11熊川内出,9,0,-,-
88,小荷田,東京環状×新奥多摩街道,R4/10,昭島,D 堂方上,11熊川内出,10,3,-,-
88,小荷田,東京環状×新奥多摩街道,R4/10,昭島,D 堂方上,11熊川内出,11,1,-,-
88,小荷田,東京環状×新奥多摩街道,R4/10,昭島,D 堂方上,11熊川内出,12,0,-,-
88,小荷田,東京環状×新奥多摩街道,R4/10,昭島,D 堂方上,11熊川内出,13,0,-,-
88,小荷田,東京環状×新奥多摩街道,R4/10,昭島,D 堂方上,11熊川内出,14,0,-,-
88,小荷田,東京環状×新奥多摩街道,R4/10,昭島,D 堂方上,11熊川内出,15,0,-,-
88,小荷田,東京環状×新奥多摩街道,R4/10,昭島,D 堂方上,11熊川内出,16,0,-,-
88,小荷田,東京環状×新奥多摩街道,R4/10,昭島,D 堂方上,11熊川内出,17,0,-,-
88,小荷田,東京環状×新奥多摩街道,R4/10,昭島,D 堂方上,11熊川内出,18,0,-,-
88,小荷田,東京環状×新奥多摩街道,R4/10,昭島,D 堂方上,11熊川内出,12時間計,7,-,-
88,小荷田,東京環状×新奥多摩街道,R4/10,昭島,D 堂方上,12入間ＩＣ,7,2,-,-
88,小荷田,東京環状×新奥多摩街道,R4/10,昭島,D 堂方上,12入間ＩＣ,8,1,-,-
88,小荷田,東京環状×新奥多摩街道,R4/10,昭島,D 堂方上,12入間ＩＣ,9,0,-,-
88,小荷田,東京環状×新奥多摩街道,R4/10,昭島,D 堂方上,12入間ＩＣ,10,0,-,-
88,小荷田,東京環状×新奥多摩街道,R4/10,昭島,D 堂方上,12入間ＩＣ,11,0,-,-
88,小荷田,東京環状×新奥多摩街道,R4/10,昭島,D 堂方上,12入間ＩＣ,12,0,-,-
88,小荷田,東京環状×新奥多摩街道,R4/10,昭島,D 堂方上,12入間ＩＣ,13,0,-,-
88,小荷田,東京環状×新奥多摩街道,R4/10,昭島,D 堂方上,12入間ＩＣ,14,0,-,-
88,小荷田,東京環状×新奥多摩街道,R4/10,昭島,D 堂方上,12入間ＩＣ,15,0,-,-
88,小荷田,東京環状×新奥多摩街道,R4/10,昭島,D 堂方上,12入間ＩＣ,16,0,-,-
88,小荷田,東京環状×新奥多摩街道,R4/10,昭島,D 堂方上,12入間ＩＣ,17,0,-,-
88,小荷田,東京環状×新奥多摩街道,R4/10,昭島,D 堂方上,12入間ＩＣ,18,0,-,-
88,小荷田,東京環状×新奥多摩街道,R4/10,昭島,D 堂方上,12入間ＩＣ,12時間計,3,-,-
88,小荷田,東京環状×新奥多摩街道,R4/10,昭島,D 堂方上,流入計,7,3,18,21
88,小荷田,東京環状×新奥多摩街道,R4/10,昭島,D 堂方上,流入計,8,3,35,38
88,小荷田,東京環状×新奥多摩街道,R4/10,昭島,D 堂方上,流入計,9,0,24,24
88,小荷田,東京環状×新奥多摩街道,R4/10,昭島,D 堂方上,流入計,10,3,12,15
88,小荷田,東京環状×新奥多摩街道,R4/10,昭島,D 堂方上,流入計,11,1,16,17
88,小荷田,東京環状×新奥多摩街道,R4/10,昭島,D 堂方上,流入計,12,0,19,19
88,小荷田,東京環状×新奥多摩街道,R4/10,昭島,D 堂方上,流入計,13,0,13,13
88,小荷田,東京環状×新奥多摩街道,R4/10,昭島,D 堂方上,流入計,14,0,17,17
88,小荷田,東京環状×新奥多摩街道,R4/10,昭島,D 堂方上,流入計,15,0,24,24
88,小荷田,東京環状×新奥多摩街道,R4/10,昭島,D 堂方上,流入計,16,0,20,20
88,小荷田,東京環状×新奥多摩街道,R4/10,昭島,D 堂方上,流入計,17,0,20,20
88,小荷田,東京環状×新奥多摩街道,R4/10,昭島,D 堂方上,流入計,18,0,12,12
88,小荷田,東京環状×新奥多摩街道,R4/10,昭島,D 堂方上,流入計,12時間計,10,230,240
88,小荷田,東京環状×新奥多摩街道,R4/10,昭島,全方向計,全方向計,7,5,65,70
88,小荷田,東京環状×新奥多摩街道,R4/10,昭島,全方向計,全方向計,8,5,80,85
88,小荷田,東京環状×新奥多摩街道,R4/10,昭島,全方向計,全方向計,9,0,57,57
88,小荷田,東京環状×新奥多摩街道,R4/10,昭島,全方向計,全方向計,10,4,37,41
88,小荷田,東京環状×新奥多摩街道,R4/10,昭島,全方向計,全方向計,11,3,58,61
88,小荷田,東京環状×新奥多摩街道,R4/10,昭島,全方向計,全方向計,12,0,57,57
88,小荷田,東京環状×新奥多摩街道,R4/10,昭島,全方向計,全方向計,13,0,46,46
88,小荷田,東京環状×新奥多摩街道,R4/10,昭島,全方向計,全方向計,14,3,59,62
88,小荷田,東京環状×新奥多摩街道,R4/10,昭島,全方向計,全方向計,15,3,76,79
88,小荷田,東京環状×新奥多摩街道,R4/10,昭島,全方向計,全方向計,16,1,45,46
88,小荷田,東京環状×新奥多摩街道,R4/10,昭島,全方向計,全方向計,17,4,92,96
88,小荷田,東京環状×新奥多摩街道,R4/10,昭島,全方向計,全方向計,18,2,58,60
88,小荷田,東京環状×新奥多摩街道,R4/10,昭島,全方向計,全方向計,12時間計,30,730,760
