﻿地点番号,地点名,交差道路名,調査年月,管轄警察署,流入方向,流出方向,時間帯等,大型乗用,大型貨物,普通乗用,普通貨物,四輪計,二輪車
311,新宿大ガード西,靖国通り×小滝橋通り,R4/11,新宿,A 小滝橋,1.四谷,7,2,0,24,35,61,8
311,新宿大ガード西,靖国通り×小滝橋通り,R4/11,新宿,A 小滝橋,1.四谷,8,1,1,39,48,89,8
311,新宿大ガード西,靖国通り×小滝橋通り,R4/11,新宿,A 小滝橋,1.四谷,9,2,0,63,74,139,17
311,新宿大ガード西,靖国通り×小滝橋通り,R4/11,新宿,A 小滝橋,1.四谷,10,2,0,91,77,170,7
311,新宿大ガード西,靖国通り×小滝橋通り,R4/11,新宿,A 小滝橋,1.四谷,11,0,1,70,45,116,9
311,新宿大ガード西,靖国通り×小滝橋通り,R4/11,新宿,A 小滝橋,1.四谷,12,1,0,78,37,116,12
311,新宿大ガード西,靖国通り×小滝橋通り,R4/11,新宿,A 小滝橋,1.四谷,13,0,0,59,31,90,8
311,新宿大ガード西,靖国通り×小滝橋通り,R4/11,新宿,A 小滝橋,1.四谷,14,1,0,66,42,109,11
311,新宿大ガード西,靖国通り×小滝橋通り,R4/11,新宿,A 小滝橋,1.四谷,15,0,0,99,30,129,4
311,新宿大ガード西,靖国通り×小滝橋通り,R4/11,新宿,A 小滝橋,1.四谷,16,0,2,107,33,142,14
311,新宿大ガード西,靖国通り×小滝橋通り,R4/11,新宿,A 小滝橋,1.四谷,17,1,0,79,18,98,17
311,新宿大ガード西,靖国通り×小滝橋通り,R4/11,新宿,A 小滝橋,1.四谷,18,1,0,80,14,95,5
311,新宿大ガード西,靖国通り×小滝橋通り,R4/11,新宿,A 小滝橋,1.四谷,12時間計,11,4,855,484,1354,120
311,新宿大ガード西,靖国通り×小滝橋通り,R4/11,新宿,A 小滝橋,2.新宿駅西口,7,12,0,103,87,202,7
311,新宿大ガード西,靖国通り×小滝橋通り,R4/11,新宿,A 小滝橋,2.新宿駅西口,8,13,0,89,65,167,9
311,新宿大ガード西,靖国通り×小滝橋通り,R4/11,新宿,A 小滝橋,2.新宿駅西口,9,9,1,86,45,141,11
311,新宿大ガード西,靖国通り×小滝橋通り,R4/11,新宿,A 小滝橋,2.新宿駅西口,10,11,0,112,60,183,9
311,新宿大ガード西,靖国通り×小滝橋通り,R4/11,新宿,A 小滝橋,2.新宿駅西口,11,10,1,130,55,196,17
311,新宿大ガード西,靖国通り×小滝橋通り,R4/11,新宿,A 小滝橋,2.新宿駅西口,12,8,0,114,48,170,15
311,新宿大ガード西,靖国通り×小滝橋通り,R4/11,新宿,A 小滝橋,2.新宿駅西口,13,9,1,102,48,160,11
311,新宿大ガード西,靖国通り×小滝橋通り,R4/11,新宿,A 小滝橋,2.新宿駅西口,14,10,0,109,44,163,17
311,新宿大ガード西,靖国通り×小滝橋通り,R4/11,新宿,A 小滝橋,2.新宿駅西口,15,11,2,99,46,158,5
311,新宿大ガード西,靖国通り×小滝橋通り,R4/11,新宿,A 小滝橋,2.新宿駅西口,16,20,0,104,30,154,10
311,新宿大ガード西,靖国通り×小滝橋通り,R4/11,新宿,A 小滝橋,2.新宿駅西口,17,14,1,126,47,188,8
311,新宿大ガード西,靖国通り×小滝橋通り,R4/11,新宿,A 小滝橋,2.新宿駅西口,18,9,2,101,22,134,9
311,新宿大ガード西,靖国通り×小滝橋通り,R4/11,新宿,A 小滝橋,2.新宿駅西口,12時間計,136,8,1275,597,2016,128
311,新宿大ガード西,靖国通り×小滝橋通り,R4/11,新宿,A 小滝橋,3.中野,7,0,1,59,33,93,3
311,新宿大ガード西,靖国通り×小滝橋通り,R4/11,新宿,A 小滝橋,3.中野,8,3,2,70,64,139,2
311,新宿大ガード西,靖国通り×小滝橋通り,R4/11,新宿,A 小滝橋,3.中野,9,2,0,80,48,130,5
311,新宿大ガード西,靖国通り×小滝橋通り,R4/11,新宿,A 小滝橋,3.中野,10,0,1,70,76,147,9
311,新宿大ガード西,靖国通り×小滝橋通り,R4/11,新宿,A 小滝橋,3.中野,11,0,0,74,68,142,5
311,新宿大ガード西,靖国通り×小滝橋通り,R4/11,新宿,A 小滝橋,3.中野,12,2,1,109,52,164,13
311,新宿大ガード西,靖国通り×小滝橋通り,R4/11,新宿,A 小滝橋,3.中野,13,1,0,109,58,168,11
311,新宿大ガード西,靖国通り×小滝橋通り,R4/11,新宿,A 小滝橋,3.中野,14,0,2,122,50,174,10
311,新宿大ガード西,靖国通り×小滝橋通り,R4/11,新宿,A 小滝橋,3.中野,15,0,2,95,54,151,11
311,新宿大ガード西,靖国通り×小滝橋通り,R4/11,新宿,A 小滝橋,3.中野,16,0,4,106,50,160,14
311,新宿大ガード西,靖国通り×小滝橋通り,R4/11,新宿,A 小滝橋,3.中野,17,0,3,103,42,148,6
311,新宿大ガード西,靖国通り×小滝橋通り,R4/11,新宿,A 小滝橋,3.中野,18,0,1,97,31,129,13
311,新宿大ガード西,靖国通り×小滝橋通り,R4/11,新宿,A 小滝橋,3.中野,12時間計,8,17,1094,626,1745,102
311,新宿大ガード西,靖国通り×小滝橋通り,R4/11,新宿,A 小滝橋,流入計,7,14,1,186,155,356,18
311,新宿大ガード西,靖国通り×小滝橋通り,R4/11,新宿,A 小滝橋,流入計,8,17,3,198,177,395,19
311,新宿大ガード西,靖国通り×小滝橋通り,R4/11,新宿,A 小滝橋,流入計,9,13,1,229,167,410,33
311,新宿大ガード西,靖国通り×小滝橋通り,R4/11,新宿,A 小滝橋,流入計,10,13,1,273,213,500,25
311,新宿大ガード西,靖国通り×小滝橋通り,R4/11,新宿,A 小滝橋,流入計,11,10,2,274,168,454,31
311,新宿大ガード西,靖国通り×小滝橋通り,R4/11,新宿,A 小滝橋,流入計,12,11,1,301,137,450,40
311,新宿大ガード西,靖国通り×小滝橋通り,R4/11,新宿,A 小滝橋,流入計,13,10,1,270,137,418,30
311,新宿大ガード西,靖国通り×小滝橋通り,R4/11,新宿,A 小滝橋,流入計,14,11,2,297,136,446,38
311,新宿大ガード西,靖国通り×小滝橋通り,R4/11,新宿,A 小滝橋,流入計,15,11,4,293,130,438,20
311,新宿大ガード西,靖国通り×小滝橋通り,R4/11,新宿,A 小滝橋,流入計,16,20,6,317,113,456,38
311,新宿大ガード西,靖国通り×小滝橋通り,R4/11,新宿,A 小滝橋,流入計,17,15,4,308,107,434,31
311,新宿大ガード西,靖国通り×小滝橋通り,R4/11,新宿,A 小滝橋,流入計,18,10,3,278,67,358,27
311,新宿大ガード西,靖国通り×小滝橋通り,R4/11,新宿,A 小滝橋,流入計,12時間計,155,29,3224,1707,5115,350
311,新宿大ガード西,靖国通り×小滝橋通り,R4/11,新宿,B 中野,4.小滝橋,7,2,1,49,35,87,2
311,新宿大ガード西,靖国通り×小滝橋通り,R4/11,新宿,B 中野,4.小滝橋,8,0,2,69,48,119,2
311,新宿大ガード西,靖国通り×小滝橋通り,R4/11,新宿,B 中野,4.小滝橋,9,2,0,86,74,162,9
311,新宿大ガード西,靖国通り×小滝橋通り,R4/11,新宿,B 中野,4.小滝橋,10,0,2,110,83,195,10
311,新宿大ガード西,靖国通り×小滝橋通り,R4/11,新宿,B 中野,4.小滝橋,11,0,2,120,84,206,11
311,新宿大ガード西,靖国通り×小滝橋通り,R4/11,新宿,B 中野,4.小滝橋,12,1,2,126,62,191,9
311,新宿大ガード西,靖国通り×小滝橋通り,R4/11,新宿,B 中野,4.小滝橋,13,1,2,112,58,173,9
311,新宿大ガード西,靖国通り×小滝橋通り,R4/11,新宿,B 中野,4.小滝橋,14,1,4,119,65,189,11
311,新宿大ガード西,靖国通り×小滝橋通り,R4/11,新宿,B 中野,4.小滝橋,15,1,4,114,63,182,14
311,新宿大ガード西,靖国通り×小滝橋通り,R4/11,新宿,B 中野,4.小滝橋,16,1,3,124,55,183,14
311,新宿大ガード西,靖国通り×小滝橋通り,R4/11,新宿,B 中野,4.小滝橋,17,0,1,139,35,175,10
311,新宿大ガード西,靖国通り×小滝橋通り,R4/11,新宿,B 中野,4.小滝橋,18,0,1,100,35,136,7
311,新宿大ガード西,靖国通り×小滝橋通り,R4/11,新宿,B 中野,4.小滝橋,12時間計,9,24,1268,697,1998,108
311,新宿大ガード西,靖国通り×小滝橋通り,R4/11,新宿,B 中野,5.四谷,7,19,9,576,491,1095,82
311,新宿大ガード西,靖国通り×小滝橋通り,R4/11,新宿,B 中野,5.四谷,8,18,11,639,373,1041,76
311,新宿大ガード西,靖国通り×小滝橋通り,R4/11,新宿,B 中野,5.四谷,9,15,12,654,401,1082,91
311,新宿大ガード西,靖国通り×小滝橋通り,R4/11,新宿,B 中野,5.四谷,10,18,6,729,340,1093,106
311,新宿大ガード西,靖国通り×小滝橋通り,R4/11,新宿,B 中野,5.四谷,11,13,6,743,358,1120,57
311,新宿大ガード西,靖国通り×小滝橋通り,R4/11,新宿,B 中野,5.四谷,12,14,9,721,268,1012,68
311,新宿大ガード西,靖国通り×小滝橋通り,R4/11,新宿,B 中野,5.四谷,13,14,5,646,307,972,75
311,新宿大ガード西,靖国通り×小滝橋通り,R4/11,新宿,B 中野,5.四谷,14,12,4,699,267,982,63
311,新宿大ガード西,靖国通り×小滝橋通り,R4/11,新宿,B 中野,5.四谷,15,15,3,640,253,911,69
311,新宿大ガード西,靖国通り×小滝橋通り,R4/11,新宿,B 中野,5.四谷,16,17,5,721,227,970,69
311,新宿大ガード西,靖国通り×小滝橋通り,R4/11,新宿,B 中野,5.四谷,17,18,3,709,217,947,66
311,新宿大ガード西,靖国通り×小滝橋通り,R4/11,新宿,B 中野,5.四谷,18,21,1,599,168,789,67
311,新宿大ガード西,靖国通り×小滝橋通り,R4/11,新宿,B 中野,5.四谷,12時間計,194,74,8076,3670,12014,889
311,新宿大ガード西,靖国通り×小滝橋通り,R4/11,新宿,B 中野,6.新宿駅西口,7,0,0,0,0,0,0
311,新宿大ガード西,靖国通り×小滝橋通り,R4/11,新宿,B 中野,6.新宿駅西口,8,0,0,0,0,0,0
311,新宿大ガード西,靖国通り×小滝橋通り,R4/11,新宿,B 中野,6.新宿駅西口,9,0,0,0,0,0,0
311,新宿大ガード西,靖国通り×小滝橋通り,R4/11,新宿,B 中野,6.新宿駅西口,10,0,0,0,0,0,0
311,新宿大ガード西,靖国通り×小滝橋通り,R4/11,新宿,B 中野,6.新宿駅西口,11,0,0,0,0,0,0
311,新宿大ガード西,靖国通り×小滝橋通り,R4/11,新宿,B 中野,6.新宿駅西口,12,0,0,0,0,0,0
311,新宿大ガード西,靖国通り×小滝橋通り,R4/11,新宿,B 中野,6.新宿駅西口,13,0,0,0,0,0,0
311,新宿大ガード西,靖国通り×小滝橋通り,R4/11,新宿,B 中野,6.新宿駅西口,14,0,0,0,0,0,0
311,新宿大ガード西,靖国通り×小滝橋通り,R4/11,新宿,B 中野,6.新宿駅西口,15,0,0,0,0,0,0
311,新宿大ガード西,靖国通り×小滝橋通り,R4/11,新宿,B 中野,6.新宿駅西口,16,0,0,0,0,0,0
311,新宿大ガード西,靖国通り×小滝橋通り,R4/11,新宿,B 中野,6.新宿駅西口,17,0,0,0,0,0,0
311,新宿大ガード西,靖国通り×小滝橋通り,R4/11,新宿,B 中野,6.新宿駅西口,18,0,0,0,0,0,0
311,新宿大ガード西,靖国通り×小滝橋通り,R4/11,新宿,B 中野,6.新宿駅西口,12時間計,0,0,0,0,0,0
311,新宿大ガード西,靖国通り×小滝橋通り,R4/11,新宿,B 中野,流入計,7,21,10,625,526,1182,84
311,新宿大ガード西,靖国通り×小滝橋通り,R4/11,新宿,B 中野,流入計,8,18,13,708,421,1160,78
311,新宿大ガード西,靖国通り×小滝橋通り,R4/11,新宿,B 中野,流入計,9,17,12,740,475,1244,100
311,新宿大ガード西,靖国通り×小滝橋通り,R4/11,新宿,B 中野,流入計,10,18,8,839,423,1288,116
311,新宿大ガード西,靖国通り×小滝橋通り,R4/11,新宿,B 中野,流入計,11,13,8,863,442,1326,68
311,新宿大ガード西,靖国通り×小滝橋通り,R4/11,新宿,B 中野,流入計,12,15,11,847,330,1203,77
311,新宿大ガード西,靖国通り×小滝橋通り,R4/11,新宿,B 中野,流入計,13,15,7,758,365,1145,84
311,新宿大ガード西,靖国通り×小滝橋通り,R4/11,新宿,B 中野,流入計,14,13,8,818,332,1171,74
311,新宿大ガード西,靖国通り×小滝橋通り,R4/11,新宿,B 中野,流入計,15,16,7,754,316,1093,83
311,新宿大ガード西,靖国通り×小滝橋通り,R4/11,新宿,B 中野,流入計,16,18,8,845,282,1153,83
311,新宿大ガード西,靖国通り×小滝橋通り,R4/11,新宿,B 中野,流入計,17,18,4,848,252,1122,76
311,新宿大ガード西,靖国通り×小滝橋通り,R4/11,新宿,B 中野,流入計,18,21,2,699,203,925,74
311,新宿大ガード西,靖国通り×小滝橋通り,R4/11,新宿,B 中野,流入計,12時間計,203,98,9344,4367,14012,997
311,新宿大ガード西,靖国通り×小滝橋通り,R4/11,新宿,C 新宿駅西口,7.中野,7,0,0,2,3,5,0
311,新宿大ガード西,靖国通り×小滝橋通り,R4/11,新宿,C 新宿駅西口,7.中野,8,1,0,6,7,14,0
311,新宿大ガード西,靖国通り×小滝橋通り,R4/11,新宿,C 新宿駅西口,7.中野,9,0,0,10,5,15,0
311,新宿大ガード西,靖国通り×小滝橋通り,R4/11,新宿,C 新宿駅西口,7.中野,10,1,0,17,8,26,1
311,新宿大ガード西,靖国通り×小滝橋通り,R4/11,新宿,C 新宿駅西口,7.中野,11,0,0,24,7,31,0
311,新宿大ガード西,靖国通り×小滝橋通り,R4/11,新宿,C 新宿駅西口,7.中野,12,0,0,14,10,24,2
311,新宿大ガード西,靖国通り×小滝橋通り,R4/11,新宿,C 新宿駅西口,7.中野,13,0,0,16,7,23,1
311,新宿大ガード西,靖国通り×小滝橋通り,R4/11,新宿,C 新宿駅西口,7.中野,14,1,0,17,9,27,2
311,新宿大ガード西,靖国通り×小滝橋通り,R4/11,新宿,C 新宿駅西口,7.中野,15,0,0,22,9,31,0
311,新宿大ガード西,靖国通り×小滝橋通り,R4/11,新宿,C 新宿駅西口,7.中野,16,0,0,14,5,19,0
311,新宿大ガード西,靖国通り×小滝橋通り,R4/11,新宿,C 新宿駅西口,7.中野,17,0,0,19,8,27,0
311,新宿大ガード西,靖国通り×小滝橋通り,R4/11,新宿,C 新宿駅西口,7.中野,18,0,0,28,1,29,2
311,新宿大ガード西,靖国通り×小滝橋通り,R4/11,新宿,C 新宿駅西口,7.中野,12時間計,3,0,189,79,271,8
311,新宿大ガード西,靖国通り×小滝橋通り,R4/11,新宿,C 新宿駅西口,8.小滝橋,7,11,0,52,37,100,9
311,新宿大ガード西,靖国通り×小滝橋通り,R4/11,新宿,C 新宿駅西口,8.小滝橋,8,13,0,65,42,120,3
311,新宿大ガード西,靖国通り×小滝橋通り,R4/11,新宿,C 新宿駅西口,8.小滝橋,9,11,0,109,55,175,12
311,新宿大ガード西,靖国通り×小滝橋通り,R4/11,新宿,C 新宿駅西口,8.小滝橋,10,10,0,124,66,200,14
311,新宿大ガード西,靖国通り×小滝橋通り,R4/11,新宿,C 新宿駅西口,8.小滝橋,11,10,0,121,60,191,17
311,新宿大ガード西,靖国通り×小滝橋通り,R4/11,新宿,C 新宿駅西口,8.小滝橋,12,9,0,112,56,177,17
311,新宿大ガード西,靖国通り×小滝橋通り,R4/11,新宿,C 新宿駅西口,8.小滝橋,13,10,0,135,61,206,19
311,新宿大ガード西,靖国通り×小滝橋通り,R4/11,新宿,C 新宿駅西口,8.小滝橋,14,11,0,131,52,194,24
311,新宿大ガード西,靖国通り×小滝橋通り,R4/11,新宿,C 新宿駅西口,8.小滝橋,15,8,2,150,57,217,21
311,新宿大ガード西,靖国通り×小滝橋通り,R4/11,新宿,C 新宿駅西口,8.小滝橋,16,10,1,164,50,225,18
311,新宿大ガード西,靖国通り×小滝橋通り,R4/11,新宿,C 新宿駅西口,8.小滝橋,17,10,1,173,44,228,22
311,新宿大ガード西,靖国通り×小滝橋通り,R4/11,新宿,C 新宿駅西口,8.小滝橋,18,11,0,193,41,245,12
311,新宿大ガード西,靖国通り×小滝橋通り,R4/11,新宿,C 新宿駅西口,8.小滝橋,12時間計,124,4,1529,621,2278,188
311,新宿大ガード西,靖国通り×小滝橋通り,R4/11,新宿,C 新宿駅西口,9.四谷,7,8,0,1,0,9,0
311,新宿大ガード西,靖国通り×小滝橋通り,R4/11,新宿,C 新宿駅西口,9.四谷,8,7,0,0,0,7,0
311,新宿大ガード西,靖国通り×小滝橋通り,R4/11,新宿,C 新宿駅西口,9.四谷,9,5,0,0,0,5,0
311,新宿大ガード西,靖国通り×小滝橋通り,R4/11,新宿,C 新宿駅西口,9.四谷,10,6,0,0,0,6,0
311,新宿大ガード西,靖国通り×小滝橋通り,R4/11,新宿,C 新宿駅西口,9.四谷,11,7,0,0,0,7,0
311,新宿大ガード西,靖国通り×小滝橋通り,R4/11,新宿,C 新宿駅西口,9.四谷,12,7,0,0,0,7,0
311,新宿大ガード西,靖国通り×小滝橋通り,R4/11,新宿,C 新宿駅西口,9.四谷,13,7,0,0,0,7,0
311,新宿大ガード西,靖国通り×小滝橋通り,R4/11,新宿,C 新宿駅西口,9.四谷,14,5,0,0,0,5,0
311,新宿大ガード西,靖国通り×小滝橋通り,R4/11,新宿,C 新宿駅西口,9.四谷,15,5,0,0,0,5,0
311,新宿大ガード西,靖国通り×小滝橋通り,R4/11,新宿,C 新宿駅西口,9.四谷,16,5,0,0,0,5,0
311,新宿大ガード西,靖国通り×小滝橋通り,R4/11,新宿,C 新宿駅西口,9.四谷,17,5,0,0,0,5,0
311,新宿大ガード西,靖国通り×小滝橋通り,R4/11,新宿,C 新宿駅西口,9.四谷,18,4,0,0,0,4,0
311,新宿大ガード西,靖国通り×小滝橋通り,R4/11,新宿,C 新宿駅西口,9.四谷,12時間計,71,0,1,0,72,0
311,新宿大ガード西,靖国通り×小滝橋通り,R4/11,新宿,C 新宿駅西口,流入計,7,19,0,55,40,114,9
311,新宿大ガード西,靖国通り×小滝橋通り,R4/11,新宿,C 新宿駅西口,流入計,8,21,0,71,49,141,3
311,新宿大ガード西,靖国通り×小滝橋通り,R4/11,新宿,C 新宿駅西口,流入計,9,16,0,119,60,195,12
311,新宿大ガード西,靖国通り×小滝橋通り,R4/11,新宿,C 新宿駅西口,流入計,10,17,0,141,74,232,15
311,新宿大ガード西,靖国通り×小滝橋通り,R4/11,新宿,C 新宿駅西口,流入計,11,17,0,145,67,229,17
311,新宿大ガード西,靖国通り×小滝橋通り,R4/11,新宿,C 新宿駅西口,流入計,12,16,0,126,66,208,19
311,新宿大ガード西,靖国通り×小滝橋通り,R4/11,新宿,C 新宿駅西口,流入計,13,17,0,151,68,236,20
311,新宿大ガード西,靖国通り×小滝橋通り,R4/11,新宿,C 新宿駅西口,流入計,14,17,0,148,61,226,26
311,新宿大ガード西,靖国通り×小滝橋通り,R4/11,新宿,C 新宿駅西口,流入計,15,13,2,172,66,253,21
311,新宿大ガード西,靖国通り×小滝橋通り,R4/11,新宿,C 新宿駅西口,流入計,16,15,1,178,55,249,18
311,新宿大ガード西,靖国通り×小滝橋通り,R4/11,新宿,C 新宿駅西口,流入計,17,15,1,192,52,260,22
311,新宿大ガード西,靖国通り×小滝橋通り,R4/11,新宿,C 新宿駅西口,流入計,18,15,0,221,42,278,14
311,新宿大ガード西,靖国通り×小滝橋通り,R4/11,新宿,C 新宿駅西口,流入計,12時間計,198,4,1719,700,2621,196
311,新宿大ガード西,靖国通り×小滝橋通り,R4/11,新宿,D 四谷,10.新宿駅西口,7,12,1,34,41,88,1
311,新宿大ガード西,靖国通り×小滝橋通り,R4/11,新宿,D 四谷,10.新宿駅西口,8,17,1,35,47,100,3
311,新宿大ガード西,靖国通り×小滝橋通り,R4/11,新宿,D 四谷,10.新宿駅西口,9,14,0,49,59,122,5
311,新宿大ガード西,靖国通り×小滝橋通り,R4/11,新宿,D 四谷,10.新宿駅西口,10,15,0,93,57,165,5
311,新宿大ガード西,靖国通り×小滝橋通り,R4/11,新宿,D 四谷,10.新宿駅西口,11,9,0,93,48,150,6
311,新宿大ガード西,靖国通り×小滝橋通り,R4/11,新宿,D 四谷,10.新宿駅西口,12,13,3,117,53,186,3
311,新宿大ガード西,靖国通り×小滝橋通り,R4/11,新宿,D 四谷,10.新宿駅西口,13,15,1,113,68,197,4
311,新宿大ガード西,靖国通り×小滝橋通り,R4/11,新宿,D 四谷,10.新宿駅西口,14,13,0,111,47,171,5
311,新宿大ガード西,靖国通り×小滝橋通り,R4/11,新宿,D 四谷,10.新宿駅西口,15,14,2,133,49,198,8
311,新宿大ガード西,靖国通り×小滝橋通り,R4/11,新宿,D 四谷,10.新宿駅西口,16,20,0,136,44,200,0
311,新宿大ガード西,靖国通り×小滝橋通り,R4/11,新宿,D 四谷,10.新宿駅西口,17,16,0,145,44,205,4
311,新宿大ガード西,靖国通り×小滝橋通り,R4/11,新宿,D 四谷,10.新宿駅西口,18,13,0,132,22,167,9
311,新宿大ガード西,靖国通り×小滝橋通り,R4/11,新宿,D 四谷,10.新宿駅西口,12時間計,171,8,1191,579,1949,53
311,新宿大ガード西,靖国通り×小滝橋通り,R4/11,新宿,D 四谷,11.中野,7,10,11,310,277,608,34
311,新宿大ガード西,靖国通り×小滝橋通り,R4/11,新宿,D 四谷,11.中野,8,13,18,448,256,735,28
311,新宿大ガード西,靖国通り×小滝橋通り,R4/11,新宿,D 四谷,11.中野,9,16,12,430,374,832,23
311,新宿大ガード西,靖国通り×小滝橋通り,R4/11,新宿,D 四谷,11.中野,10,9,11,469,357,846,46
311,新宿大ガード西,靖国通り×小滝橋通り,R4/11,新宿,D 四谷,11.中野,11,3,12,467,290,772,33
311,新宿大ガード西,靖国通り×小滝橋通り,R4/11,新宿,D 四谷,11.中野,12,17,8,608,335,968,85
311,新宿大ガード西,靖国通り×小滝橋通り,R4/11,新宿,D 四谷,11.中野,13,4,10,603,313,930,65
311,新宿大ガード西,靖国通り×小滝橋通り,R4/11,新宿,D 四谷,11.中野,14,11,5,708,383,1107,68
311,新宿大ガード西,靖国通り×小滝橋通り,R4/11,新宿,D 四谷,11.中野,15,13,8,684,358,1063,75
311,新宿大ガード西,靖国通り×小滝橋通り,R4/11,新宿,D 四谷,11.中野,16,17,12,880,416,1325,62
311,新宿大ガード西,靖国通り×小滝橋通り,R4/11,新宿,D 四谷,11.中野,17,9,5,916,428,1358,78
311,新宿大ガード西,靖国通り×小滝橋通り,R4/11,新宿,D 四谷,11.中野,18,6,2,930,231,1169,77
311,新宿大ガード西,靖国通り×小滝橋通り,R4/11,新宿,D 四谷,11.中野,12時間計,128,114,7453,4018,11713,674
311,新宿大ガード西,靖国通り×小滝橋通り,R4/11,新宿,D 四谷,12.小滝橋,7,0,0,1,0,1,0
311,新宿大ガード西,靖国通り×小滝橋通り,R4/11,新宿,D 四谷,12.小滝橋,8,0,0,0,0,0,0
311,新宿大ガード西,靖国通り×小滝橋通り,R4/11,新宿,D 四谷,12.小滝橋,9,0,0,0,0,0,0
311,新宿大ガード西,靖国通り×小滝橋通り,R4/11,新宿,D 四谷,12.小滝橋,10,0,0,0,0,0,0
311,新宿大ガード西,靖国通り×小滝橋通り,R4/11,新宿,D 四谷,12.小滝橋,11,0,0,0,0,0,0
311,新宿大ガード西,靖国通り×小滝橋通り,R4/11,新宿,D 四谷,12.小滝橋,12,0,0,0,0,0,0
311,新宿大ガード西,靖国通り×小滝橋通り,R4/11,新宿,D 四谷,12.小滝橋,13,0,0,0,0,0,0
311,新宿大ガード西,靖国通り×小滝橋通り,R4/11,新宿,D 四谷,12.小滝橋,14,0,0,0,0,0,0
311,新宿大ガード西,靖国通り×小滝橋通り,R4/11,新宿,D 四谷,12.小滝橋,15,0,0,0,0,0,0
311,新宿大ガード西,靖国通り×小滝橋通り,R4/11,新宿,D 四谷,12.小滝橋,16,0,0,0,0,0,0
311,新宿大ガード西,靖国通り×小滝橋通り,R4/11,新宿,D 四谷,12.小滝橋,17,0,0,0,0,0,0
311,新宿大ガード西,靖国通り×小滝橋通り,R4/11,新宿,D 四谷,12.小滝橋,18,0,0,0,0,0,0
311,新宿大ガード西,靖国通り×小滝橋通り,R4/11,新宿,D 四谷,12.小滝橋,12時間計,0,0,1,0,1,0
311,新宿大ガード西,靖国通り×小滝橋通り,R4/11,新宿,D 四谷,流入計,7,22,12,345,318,697,35
311,新宿大ガード西,靖国通り×小滝橋通り,R4/11,新宿,D 四谷,流入計,8,30,19,483,303,835,31
311,新宿大ガード西,靖国通り×小滝橋通り,R4/11,新宿,D 四谷,流入計,9,30,12,479,433,954,28
311,新宿大ガード西,靖国通り×小滝橋通り,R4/11,新宿,D 四谷,流入計,10,24,11,562,414,1011,51
311,新宿大ガード西,靖国通り×小滝橋通り,R4/11,新宿,D 四谷,流入計,11,12,12,560,338,922,39
311,新宿大ガード西,靖国通り×小滝橋通り,R4/11,新宿,D 四谷,流入計,12,30,11,725,388,1154,88
311,新宿大ガード西,靖国通り×小滝橋通り,R4/11,新宿,D 四谷,流入計,13,19,11,716,381,1127,69
311,新宿大ガード西,靖国通り×小滝橋通り,R4/11,新宿,D 四谷,流入計,14,24,5,819,430,1278,73
311,新宿大ガード西,靖国通り×小滝橋通り,R4/11,新宿,D 四谷,流入計,15,27,10,817,407,1261,83
311,新宿大ガード西,靖国通り×小滝橋通り,R4/11,新宿,D 四谷,流入計,16,37,12,1016,460,1525,62
311,新宿大ガード西,靖国通り×小滝橋通り,R4/11,新宿,D 四谷,流入計,17,25,5,1061,472,1563,82
311,新宿大ガード西,靖国通り×小滝橋通り,R4/11,新宿,D 四谷,流入計,18,19,2,1062,253,1336,86
311,新宿大ガード西,靖国通り×小滝橋通り,R4/11,新宿,D 四谷,流入計,12時間計,299,122,8645,4597,13663,727
