﻿地点番号,地点名,交差道路名,調査年月,管轄警察署,流出方向,時間帯等,大型乗用,大型貨物,普通乗用,普通貨物,四輪計,二輪車
311,新宿大ガード西,靖国通り×小滝橋通り,R4/11,新宿,A 小滝橋,7,13,1,102,72,188,11
311,新宿大ガード西,靖国通り×小滝橋通り,R4/11,新宿,A 小滝橋,8,13,2,134,90,239,5
311,新宿大ガード西,靖国通り×小滝橋通り,R4/11,新宿,A 小滝橋,9,13,0,195,129,337,21
311,新宿大ガード西,靖国通り×小滝橋通り,R4/11,新宿,A 小滝橋,10,10,2,234,149,395,24
311,新宿大ガード西,靖国通り×小滝橋通り,R4/11,新宿,A 小滝橋,11,10,2,241,144,397,28
311,新宿大ガード西,靖国通り×小滝橋通り,R4/11,新宿,A 小滝橋,12,10,2,238,118,368,26
311,新宿大ガード西,靖国通り×小滝橋通り,R4/11,新宿,A 小滝橋,13,11,2,247,119,379,28
311,新宿大ガード西,靖国通り×小滝橋通り,R4/11,新宿,A 小滝橋,14,12,4,250,117,383,35
311,新宿大ガード西,靖国通り×小滝橋通り,R4/11,新宿,A 小滝橋,15,9,6,264,120,399,35
311,新宿大ガード西,靖国通り×小滝橋通り,R4/11,新宿,A 小滝橋,16,11,4,288,105,408,32
311,新宿大ガード西,靖国通り×小滝橋通り,R4/11,新宿,A 小滝橋,17,10,2,312,79,403,32
311,新宿大ガード西,靖国通り×小滝橋通り,R4/11,新宿,A 小滝橋,18,11,1,293,76,381,19
311,新宿大ガード西,靖国通り×小滝橋通り,R4/11,新宿,A 小滝橋,12時間計,133,28,2798,1318,4277,296
311,新宿大ガード西,靖国通り×小滝橋通り,R4/11,新宿,B 中野,7,10,12,371,313,706,37
311,新宿大ガード西,靖国通り×小滝橋通り,R4/11,新宿,B 中野,8,17,20,524,327,888,30
311,新宿大ガード西,靖国通り×小滝橋通り,R4/11,新宿,B 中野,9,18,12,520,427,977,28
311,新宿大ガード西,靖国通り×小滝橋通り,R4/11,新宿,B 中野,10,10,12,556,441,1019,56
311,新宿大ガード西,靖国通り×小滝橋通り,R4/11,新宿,B 中野,11,3,12,565,365,945,38
311,新宿大ガード西,靖国通り×小滝橋通り,R4/11,新宿,B 中野,12,19,9,731,397,1156,100
311,新宿大ガード西,靖国通り×小滝橋通り,R4/11,新宿,B 中野,13,5,10,728,378,1121,77
311,新宿大ガード西,靖国通り×小滝橋通り,R4/11,新宿,B 中野,14,12,7,847,442,1308,80
311,新宿大ガード西,靖国通り×小滝橋通り,R4/11,新宿,B 中野,15,13,10,801,421,1245,86
311,新宿大ガード西,靖国通り×小滝橋通り,R4/11,新宿,B 中野,16,17,16,1000,471,1504,76
311,新宿大ガード西,靖国通り×小滝橋通り,R4/11,新宿,B 中野,17,9,8,1038,478,1533,84
311,新宿大ガード西,靖国通り×小滝橋通り,R4/11,新宿,B 中野,18,6,3,1055,263,1327,92
311,新宿大ガード西,靖国通り×小滝橋通り,R4/11,新宿,B 中野,12時間計,139,131,8736,4723,13729,784
311,新宿大ガード西,靖国通り×小滝橋通り,R4/11,新宿,C 新宿駅西口,7,24,1,137,128,290,8
311,新宿大ガード西,靖国通り×小滝橋通り,R4/11,新宿,C 新宿駅西口,8,30,1,124,112,267,12
311,新宿大ガード西,靖国通り×小滝橋通り,R4/11,新宿,C 新宿駅西口,9,23,1,135,104,263,16
311,新宿大ガード西,靖国通り×小滝橋通り,R4/11,新宿,C 新宿駅西口,10,26,0,205,117,348,14
311,新宿大ガード西,靖国通り×小滝橋通り,R4/11,新宿,C 新宿駅西口,11,19,1,223,103,346,23
311,新宿大ガード西,靖国通り×小滝橋通り,R4/11,新宿,C 新宿駅西口,12,21,3,231,101,356,18
311,新宿大ガード西,靖国通り×小滝橋通り,R4/11,新宿,C 新宿駅西口,13,24,2,215,116,357,15
311,新宿大ガード西,靖国通り×小滝橋通り,R4/11,新宿,C 新宿駅西口,14,23,0,220,91,334,22
311,新宿大ガード西,靖国通り×小滝橋通り,R4/11,新宿,C 新宿駅西口,15,25,4,232,95,356,13
311,新宿大ガード西,靖国通り×小滝橋通り,R4/11,新宿,C 新宿駅西口,16,40,0,240,74,354,10
311,新宿大ガード西,靖国通り×小滝橋通り,R4/11,新宿,C 新宿駅西口,17,30,1,271,91,393,12
311,新宿大ガード西,靖国通り×小滝橋通り,R4/11,新宿,C 新宿駅西口,18,22,2,233,44,301,18
311,新宿大ガード西,靖国通り×小滝橋通り,R4/11,新宿,C 新宿駅西口,12時間計,307,16,2466,1176,3965,181
311,新宿大ガード西,靖国通り×小滝橋通り,R4/11,新宿,D 四谷,7,29,9,601,526,1165,90
311,新宿大ガード西,靖国通り×小滝橋通り,R4/11,新宿,D 四谷,8,26,12,678,421,1137,84
311,新宿大ガード西,靖国通り×小滝橋通り,R4/11,新宿,D 四谷,9,22,12,717,475,1226,108
311,新宿大ガード西,靖国通り×小滝橋通り,R4/11,新宿,D 四谷,10,26,6,820,417,1269,113
311,新宿大ガード西,靖国通り×小滝橋通り,R4/11,新宿,D 四谷,11,20,7,813,403,1243,66
311,新宿大ガード西,靖国通り×小滝橋通り,R4/11,新宿,D 四谷,12,22,9,799,305,1135,80
311,新宿大ガード西,靖国通り×小滝橋通り,R4/11,新宿,D 四谷,13,21,5,705,338,1069,83
311,新宿大ガード西,靖国通り×小滝橋通り,R4/11,新宿,D 四谷,14,18,4,765,309,1096,74
311,新宿大ガード西,靖国通り×小滝橋通り,R4/11,新宿,D 四谷,15,20,3,739,283,1045,73
311,新宿大ガード西,靖国通り×小滝橋通り,R4/11,新宿,D 四谷,16,22,7,828,260,1117,83
311,新宿大ガード西,靖国通り×小滝橋通り,R4/11,新宿,D 四谷,17,24,3,788,235,1050,83
311,新宿大ガード西,靖国通り×小滝橋通り,R4/11,新宿,D 四谷,18,26,1,679,182,888,72
311,新宿大ガード西,靖国通り×小滝橋通り,R4/11,新宿,D 四谷,12時間計,276,78,8932,4154,13440,1009
311,新宿大ガード西,靖国通り×小滝橋通り,R4/11,新宿,全方向合計,7,76,23,1211,1039,2349,146
311,新宿大ガード西,靖国通り×小滝橋通り,R4/11,新宿,全方向合計,8,86,35,1460,950,2531,131
311,新宿大ガード西,靖国通り×小滝橋通り,R4/11,新宿,全方向合計,9,76,25,1567,1135,2803,173
311,新宿大ガード西,靖国通り×小滝橋通り,R4/11,新宿,全方向合計,10,72,20,1815,1124,3031,207
311,新宿大ガード西,靖国通り×小滝橋通り,R4/11,新宿,全方向合計,11,52,22,1842,1015,2931,155
311,新宿大ガード西,靖国通り×小滝橋通り,R4/11,新宿,全方向合計,12,72,23,1999,921,3015,224
311,新宿大ガード西,靖国通り×小滝橋通り,R4/11,新宿,全方向合計,13,61,19,1895,951,2926,203
311,新宿大ガード西,靖国通り×小滝橋通り,R4/11,新宿,全方向合計,14,65,15,2082,959,3121,211
311,新宿大ガード西,靖国通り×小滝橋通り,R4/11,新宿,全方向合計,15,67,23,2036,919,3045,207
311,新宿大ガード西,靖国通り×小滝橋通り,R4/11,新宿,全方向合計,16,90,27,2356,910,3383,201
311,新宿大ガード西,靖国通り×小滝橋通り,R4/11,新宿,全方向合計,17,73,14,2409,883,3379,211
311,新宿大ガード西,靖国通り×小滝橋通り,R4/11,新宿,全方向合計,18,65,7,2260,565,2897,201
311,新宿大ガード西,靖国通り×小滝橋通り,R4/11,新宿,全方向合計,12時間計,855,253,22932,11371,35411,2270
