﻿地点番号,地点名,交差道路名,調査年月,管轄警察署,流入方向,流出方向,時間帯等,車道通行自転車,歩道通行自転車,自転車計
31,大森東,環七通り×第一京浜,R4/11,大森,A 品川,1平和島,7,0,-,-
31,大森東,環七通り×第一京浜,R4/11,大森,A 品川,1平和島,8,0,-,-
31,大森東,環七通り×第一京浜,R4/11,大森,A 品川,1平和島,9,0,-,-
31,大森東,環七通り×第一京浜,R4/11,大森,A 品川,1平和島,10,0,-,-
31,大森東,環七通り×第一京浜,R4/11,大森,A 品川,1平和島,11,0,-,-
31,大森東,環七通り×第一京浜,R4/11,大森,A 品川,1平和島,12,0,-,-
31,大森東,環七通り×第一京浜,R4/11,大森,A 品川,1平和島,13,0,-,-
31,大森東,環七通り×第一京浜,R4/11,大森,A 品川,1平和島,14,0,-,-
31,大森東,環七通り×第一京浜,R4/11,大森,A 品川,1平和島,15,0,-,-
31,大森東,環七通り×第一京浜,R4/11,大森,A 品川,1平和島,16,0,-,-
31,大森東,環七通り×第一京浜,R4/11,大森,A 品川,1平和島,17,0,-,-
31,大森東,環七通り×第一京浜,R4/11,大森,A 品川,1平和島,18,0,-,-
31,大森東,環七通り×第一京浜,R4/11,大森,A 品川,1平和島,12時間計,0,-,-
31,大森東,環七通り×第一京浜,R4/11,大森,A 品川,2横浜,7,13,-,-
31,大森東,環七通り×第一京浜,R4/11,大森,A 品川,2横浜,8,18,-,-
31,大森東,環七通り×第一京浜,R4/11,大森,A 品川,2横浜,9,4,-,-
31,大森東,環七通り×第一京浜,R4/11,大森,A 品川,2横浜,10,0,-,-
31,大森東,環七通り×第一京浜,R4/11,大森,A 品川,2横浜,11,7,-,-
31,大森東,環七通り×第一京浜,R4/11,大森,A 品川,2横浜,12,8,-,-
31,大森東,環七通り×第一京浜,R4/11,大森,A 品川,2横浜,13,9,-,-
31,大森東,環七通り×第一京浜,R4/11,大森,A 品川,2横浜,14,3,-,-
31,大森東,環七通り×第一京浜,R4/11,大森,A 品川,2横浜,15,7,-,-
31,大森東,環七通り×第一京浜,R4/11,大森,A 品川,2横浜,16,10,-,-
31,大森東,環七通り×第一京浜,R4/11,大森,A 品川,2横浜,17,17,-,-
31,大森東,環七通り×第一京浜,R4/11,大森,A 品川,2横浜,18,40,-,-
31,大森東,環七通り×第一京浜,R4/11,大森,A 品川,2横浜,12時間計,136,-,-
31,大森東,環七通り×第一京浜,R4/11,大森,A 品川,3馬込,7,0,-,-
31,大森東,環七通り×第一京浜,R4/11,大森,A 品川,3馬込,8,0,-,-
31,大森東,環七通り×第一京浜,R4/11,大森,A 品川,3馬込,9,0,-,-
31,大森東,環七通り×第一京浜,R4/11,大森,A 品川,3馬込,10,0,-,-
31,大森東,環七通り×第一京浜,R4/11,大森,A 品川,3馬込,11,0,-,-
31,大森東,環七通り×第一京浜,R4/11,大森,A 品川,3馬込,12,0,-,-
31,大森東,環七通り×第一京浜,R4/11,大森,A 品川,3馬込,13,0,-,-
31,大森東,環七通り×第一京浜,R4/11,大森,A 品川,3馬込,14,0,-,-
31,大森東,環七通り×第一京浜,R4/11,大森,A 品川,3馬込,15,0,-,-
31,大森東,環七通り×第一京浜,R4/11,大森,A 品川,3馬込,16,0,-,-
31,大森東,環七通り×第一京浜,R4/11,大森,A 品川,3馬込,17,0,-,-
31,大森東,環七通り×第一京浜,R4/11,大森,A 品川,3馬込,18,0,-,-
31,大森東,環七通り×第一京浜,R4/11,大森,A 品川,3馬込,12時間計,0,-,-
31,大森東,環七通り×第一京浜,R4/11,大森,A 品川,4横浜,7,0,-,-
31,大森東,環七通り×第一京浜,R4/11,大森,A 品川,4横浜,8,0,-,-
31,大森東,環七通り×第一京浜,R4/11,大森,A 品川,4横浜,9,0,-,-
31,大森東,環七通り×第一京浜,R4/11,大森,A 品川,4横浜,10,0,-,-
31,大森東,環七通り×第一京浜,R4/11,大森,A 品川,4横浜,11,0,-,-
31,大森東,環七通り×第一京浜,R4/11,大森,A 品川,4横浜,12,0,-,-
31,大森東,環七通り×第一京浜,R4/11,大森,A 品川,4横浜,13,0,-,-
31,大森東,環七通り×第一京浜,R4/11,大森,A 品川,4横浜,14,0,-,-
31,大森東,環七通り×第一京浜,R4/11,大森,A 品川,4横浜,15,0,-,-
31,大森東,環七通り×第一京浜,R4/11,大森,A 品川,4横浜,16,0,-,-
31,大森東,環七通り×第一京浜,R4/11,大森,A 品川,4横浜,17,0,-,-
31,大森東,環七通り×第一京浜,R4/11,大森,A 品川,4横浜,18,0,-,-
31,大森東,環七通り×第一京浜,R4/11,大森,A 品川,4横浜,12時間計,0,-,-
31,大森東,環七通り×第一京浜,R4/11,大森,A 品川,流入計,7,13,41,54
31,大森東,環七通り×第一京浜,R4/11,大森,A 品川,流入計,8,18,30,48
31,大森東,環七通り×第一京浜,R4/11,大森,A 品川,流入計,9,4,32,36
31,大森東,環七通り×第一京浜,R4/11,大森,A 品川,流入計,10,0,39,39
31,大森東,環七通り×第一京浜,R4/11,大森,A 品川,流入計,11,7,35,42
31,大森東,環七通り×第一京浜,R4/11,大森,A 品川,流入計,12,8,56,64
31,大森東,環七通り×第一京浜,R4/11,大森,A 品川,流入計,13,9,51,60
31,大森東,環七通り×第一京浜,R4/11,大森,A 品川,流入計,14,3,59,62
31,大森東,環七通り×第一京浜,R4/11,大森,A 品川,流入計,15,7,68,75
31,大森東,環七通り×第一京浜,R4/11,大森,A 品川,流入計,16,10,75,85
31,大森東,環七通り×第一京浜,R4/11,大森,A 品川,流入計,17,17,108,125
31,大森東,環七通り×第一京浜,R4/11,大森,A 品川,流入計,18,40,123,163
31,大森東,環七通り×第一京浜,R4/11,大森,A 品川,流入計,12時間計,136,717,853
31,大森東,環七通り×第一京浜,R4/11,大森,B 馬込,5品川,7,2,-,-
31,大森東,環七通り×第一京浜,R4/11,大森,B 馬込,5品川,8,2,-,-
31,大森東,環七通り×第一京浜,R4/11,大森,B 馬込,5品川,9,2,-,-
31,大森東,環七通り×第一京浜,R4/11,大森,B 馬込,5品川,10,0,-,-
31,大森東,環七通り×第一京浜,R4/11,大森,B 馬込,5品川,11,0,-,-
31,大森東,環七通り×第一京浜,R4/11,大森,B 馬込,5品川,12,3,-,-
31,大森東,環七通り×第一京浜,R4/11,大森,B 馬込,5品川,13,0,-,-
31,大森東,環七通り×第一京浜,R4/11,大森,B 馬込,5品川,14,2,-,-
31,大森東,環七通り×第一京浜,R4/11,大森,B 馬込,5品川,15,5,-,-
31,大森東,環七通り×第一京浜,R4/11,大森,B 馬込,5品川,16,0,-,-
31,大森東,環七通り×第一京浜,R4/11,大森,B 馬込,5品川,17,0,-,-
31,大森東,環七通り×第一京浜,R4/11,大森,B 馬込,5品川,18,0,-,-
31,大森東,環七通り×第一京浜,R4/11,大森,B 馬込,5品川,12時間計,16,-,-
31,大森東,環七通り×第一京浜,R4/11,大森,B 馬込,6平和島,7,11,-,-
31,大森東,環七通り×第一京浜,R4/11,大森,B 馬込,6平和島,8,38,-,-
31,大森東,環七通り×第一京浜,R4/11,大森,B 馬込,6平和島,9,7,-,-
31,大森東,環七通り×第一京浜,R4/11,大森,B 馬込,6平和島,10,2,-,-
31,大森東,環七通り×第一京浜,R4/11,大森,B 馬込,6平和島,11,2,-,-
31,大森東,環七通り×第一京浜,R4/11,大森,B 馬込,6平和島,12,0,-,-
31,大森東,環七通り×第一京浜,R4/11,大森,B 馬込,6平和島,13,3,-,-
31,大森東,環七通り×第一京浜,R4/11,大森,B 馬込,6平和島,14,1,-,-
31,大森東,環七通り×第一京浜,R4/11,大森,B 馬込,6平和島,15,8,-,-
31,大森東,環七通り×第一京浜,R4/11,大森,B 馬込,6平和島,16,2,-,-
31,大森東,環七通り×第一京浜,R4/11,大森,B 馬込,6平和島,17,1,-,-
31,大森東,環七通り×第一京浜,R4/11,大森,B 馬込,6平和島,18,4,-,-
31,大森東,環七通り×第一京浜,R4/11,大森,B 馬込,6平和島,12時間計,79,-,-
31,大森東,環七通り×第一京浜,R4/11,大森,B 馬込,7横浜,7,0,-,-
31,大森東,環七通り×第一京浜,R4/11,大森,B 馬込,7横浜,8,0,-,-
31,大森東,環七通り×第一京浜,R4/11,大森,B 馬込,7横浜,9,0,-,-
31,大森東,環七通り×第一京浜,R4/11,大森,B 馬込,7横浜,10,0,-,-
31,大森東,環七通り×第一京浜,R4/11,大森,B 馬込,7横浜,11,0,-,-
31,大森東,環七通り×第一京浜,R4/11,大森,B 馬込,7横浜,12,0,-,-
31,大森東,環七通り×第一京浜,R4/11,大森,B 馬込,7横浜,13,0,-,-
31,大森東,環七通り×第一京浜,R4/11,大森,B 馬込,7横浜,14,2,-,-
31,大森東,環七通り×第一京浜,R4/11,大森,B 馬込,7横浜,15,0,-,-
31,大森東,環七通り×第一京浜,R4/11,大森,B 馬込,7横浜,16,1,-,-
31,大森東,環七通り×第一京浜,R4/11,大森,B 馬込,7横浜,17,2,-,-
31,大森東,環七通り×第一京浜,R4/11,大森,B 馬込,7横浜,18,0,-,-
31,大森東,環七通り×第一京浜,R4/11,大森,B 馬込,7横浜,12時間計,5,-,-
31,大森東,環七通り×第一京浜,R4/11,大森,B 馬込,流入計,7,13,160,173
31,大森東,環七通り×第一京浜,R4/11,大森,B 馬込,流入計,8,40,167,207
31,大森東,環七通り×第一京浜,R4/11,大森,B 馬込,流入計,9,9,78,87
31,大森東,環七通り×第一京浜,R4/11,大森,B 馬込,流入計,10,2,64,66
31,大森東,環七通り×第一京浜,R4/11,大森,B 馬込,流入計,11,2,55,57
31,大森東,環七通り×第一京浜,R4/11,大森,B 馬込,流入計,12,3,61,64
31,大森東,環七通り×第一京浜,R4/11,大森,B 馬込,流入計,13,3,93,96
31,大森東,環七通り×第一京浜,R4/11,大森,B 馬込,流入計,14,5,68,73
31,大森東,環七通り×第一京浜,R4/11,大森,B 馬込,流入計,15,13,77,90
31,大森東,環七通り×第一京浜,R4/11,大森,B 馬込,流入計,16,3,106,109
31,大森東,環七通り×第一京浜,R4/11,大森,B 馬込,流入計,17,3,86,89
31,大森東,環七通り×第一京浜,R4/11,大森,B 馬込,流入計,18,4,87,91
31,大森東,環七通り×第一京浜,R4/11,大森,B 馬込,流入計,12時間計,100,1102,1202
31,大森東,環七通り×第一京浜,R4/11,大森,C 横浜,8馬込,7,2,-,-
31,大森東,環七通り×第一京浜,R4/11,大森,C 横浜,8馬込,8,0,-,-
31,大森東,環七通り×第一京浜,R4/11,大森,C 横浜,8馬込,9,2,-,-
31,大森東,環七通り×第一京浜,R4/11,大森,C 横浜,8馬込,10,2,-,-
31,大森東,環七通り×第一京浜,R4/11,大森,C 横浜,8馬込,11,1,-,-
31,大森東,環七通り×第一京浜,R4/11,大森,C 横浜,8馬込,12,2,-,-
31,大森東,環七通り×第一京浜,R4/11,大森,C 横浜,8馬込,13,0,-,-
31,大森東,環七通り×第一京浜,R4/11,大森,C 横浜,8馬込,14,1,-,-
31,大森東,環七通り×第一京浜,R4/11,大森,C 横浜,8馬込,15,0,-,-
31,大森東,環七通り×第一京浜,R4/11,大森,C 横浜,8馬込,16,3,-,-
31,大森東,環七通り×第一京浜,R4/11,大森,C 横浜,8馬込,17,0,-,-
31,大森東,環七通り×第一京浜,R4/11,大森,C 横浜,8馬込,18,0,-,-
31,大森東,環七通り×第一京浜,R4/11,大森,C 横浜,8馬込,12時間計,13,-,-
31,大森東,環七通り×第一京浜,R4/11,大森,C 横浜,9品川,7,47,-,-
31,大森東,環七通り×第一京浜,R4/11,大森,C 横浜,9品川,8,59,-,-
31,大森東,環七通り×第一京浜,R4/11,大森,C 横浜,9品川,9,30,-,-
31,大森東,環七通り×第一京浜,R4/11,大森,C 横浜,9品川,10,5,-,-
31,大森東,環七通り×第一京浜,R4/11,大森,C 横浜,9品川,11,4,-,-
31,大森東,環七通り×第一京浜,R4/11,大森,C 横浜,9品川,12,10,-,-
31,大森東,環七通り×第一京浜,R4/11,大森,C 横浜,9品川,13,7,-,-
31,大森東,環七通り×第一京浜,R4/11,大森,C 横浜,9品川,14,6,-,-
31,大森東,環七通り×第一京浜,R4/11,大森,C 横浜,9品川,15,12,-,-
31,大森東,環七通り×第一京浜,R4/11,大森,C 横浜,9品川,16,8,-,-
31,大森東,環七通り×第一京浜,R4/11,大森,C 横浜,9品川,17,10,-,-
31,大森東,環七通り×第一京浜,R4/11,大森,C 横浜,9品川,18,12,-,-
31,大森東,環七通り×第一京浜,R4/11,大森,C 横浜,9品川,12時間計,210,-,-
31,大森東,環七通り×第一京浜,R4/11,大森,C 横浜,10平和島,7,0,-,-
31,大森東,環七通り×第一京浜,R4/11,大森,C 横浜,10平和島,8,0,-,-
31,大森東,環七通り×第一京浜,R4/11,大森,C 横浜,10平和島,9,0,-,-
31,大森東,環七通り×第一京浜,R4/11,大森,C 横浜,10平和島,10,0,-,-
31,大森東,環七通り×第一京浜,R4/11,大森,C 横浜,10平和島,11,0,-,-
31,大森東,環七通り×第一京浜,R4/11,大森,C 横浜,10平和島,12,0,-,-
31,大森東,環七通り×第一京浜,R4/11,大森,C 横浜,10平和島,13,0,-,-
31,大森東,環七通り×第一京浜,R4/11,大森,C 横浜,10平和島,14,0,-,-
31,大森東,環七通り×第一京浜,R4/11,大森,C 横浜,10平和島,15,0,-,-
31,大森東,環七通り×第一京浜,R4/11,大森,C 横浜,10平和島,16,0,-,-
31,大森東,環七通り×第一京浜,R4/11,大森,C 横浜,10平和島,17,0,-,-
31,大森東,環七通り×第一京浜,R4/11,大森,C 横浜,10平和島,18,0,-,-
31,大森東,環七通り×第一京浜,R4/11,大森,C 横浜,10平和島,12時間計,0,-,-
31,大森東,環七通り×第一京浜,R4/11,大森,C 横浜,11品川,7,0,-,-
31,大森東,環七通り×第一京浜,R4/11,大森,C 横浜,11品川,8,0,-,-
31,大森東,環七通り×第一京浜,R4/11,大森,C 横浜,11品川,9,0,-,-
31,大森東,環七通り×第一京浜,R4/11,大森,C 横浜,11品川,10,0,-,-
31,大森東,環七通り×第一京浜,R4/11,大森,C 横浜,11品川,11,0,-,-
31,大森東,環七通り×第一京浜,R4/11,大森,C 横浜,11品川,12,0,-,-
31,大森東,環七通り×第一京浜,R4/11,大森,C 横浜,11品川,13,0,-,-
31,大森東,環七通り×第一京浜,R4/11,大森,C 横浜,11品川,14,0,-,-
31,大森東,環七通り×第一京浜,R4/11,大森,C 横浜,11品川,15,0,-,-
31,大森東,環七通り×第一京浜,R4/11,大森,C 横浜,11品川,16,0,-,-
31,大森東,環七通り×第一京浜,R4/11,大森,C 横浜,11品川,17,0,-,-
31,大森東,環七通り×第一京浜,R4/11,大森,C 横浜,11品川,18,0,-,-
31,大森東,環七通り×第一京浜,R4/11,大森,C 横浜,11品川,12時間計,0,-,-
31,大森東,環七通り×第一京浜,R4/11,大森,C 横浜,流入計,7,49,106,155
31,大森東,環七通り×第一京浜,R4/11,大森,C 横浜,流入計,8,59,154,213
31,大森東,環七通り×第一京浜,R4/11,大森,C 横浜,流入計,9,32,133,165
31,大森東,環七通り×第一京浜,R4/11,大森,C 横浜,流入計,10,7,113,120
31,大森東,環七通り×第一京浜,R4/11,大森,C 横浜,流入計,11,5,99,104
31,大森東,環七通り×第一京浜,R4/11,大森,C 横浜,流入計,12,12,83,95
31,大森東,環七通り×第一京浜,R4/11,大森,C 横浜,流入計,13,7,63,70
31,大森東,環七通り×第一京浜,R4/11,大森,C 横浜,流入計,14,7,57,64
31,大森東,環七通り×第一京浜,R4/11,大森,C 横浜,流入計,15,12,82,94
31,大森東,環七通り×第一京浜,R4/11,大森,C 横浜,流入計,16,11,74,85
31,大森東,環七通り×第一京浜,R4/11,大森,C 横浜,流入計,17,10,100,110
31,大森東,環七通り×第一京浜,R4/11,大森,C 横浜,流入計,18,12,78,90
31,大森東,環七通り×第一京浜,R4/11,大森,C 横浜,流入計,12時間計,223,1142,1365
31,大森東,環七通り×第一京浜,R4/11,大森,D 平和島,12横浜,7,0,-,-
31,大森東,環七通り×第一京浜,R4/11,大森,D 平和島,12横浜,8,0,-,-
31,大森東,環七通り×第一京浜,R4/11,大森,D 平和島,12横浜,9,0,-,-
31,大森東,環七通り×第一京浜,R4/11,大森,D 平和島,12横浜,10,0,-,-
31,大森東,環七通り×第一京浜,R4/11,大森,D 平和島,12横浜,11,0,-,-
31,大森東,環七通り×第一京浜,R4/11,大森,D 平和島,12横浜,12,0,-,-
31,大森東,環七通り×第一京浜,R4/11,大森,D 平和島,12横浜,13,0,-,-
31,大森東,環七通り×第一京浜,R4/11,大森,D 平和島,12横浜,14,0,-,-
31,大森東,環七通り×第一京浜,R4/11,大森,D 平和島,12横浜,15,0,-,-
31,大森東,環七通り×第一京浜,R4/11,大森,D 平和島,12横浜,16,0,-,-
31,大森東,環七通り×第一京浜,R4/11,大森,D 平和島,12横浜,17,0,-,-
31,大森東,環七通り×第一京浜,R4/11,大森,D 平和島,12横浜,18,1,-,-
31,大森東,環七通り×第一京浜,R4/11,大森,D 平和島,12横浜,12時間計,1,-,-
31,大森東,環七通り×第一京浜,R4/11,大森,D 平和島,13馬込,7,1,-,-
31,大森東,環七通り×第一京浜,R4/11,大森,D 平和島,13馬込,8,2,-,-
31,大森東,環七通り×第一京浜,R4/11,大森,D 平和島,13馬込,9,5,-,-
31,大森東,環七通り×第一京浜,R4/11,大森,D 平和島,13馬込,10,6,-,-
31,大森東,環七通り×第一京浜,R4/11,大森,D 平和島,13馬込,11,2,-,-
31,大森東,環七通り×第一京浜,R4/11,大森,D 平和島,13馬込,12,7,-,-
31,大森東,環七通り×第一京浜,R4/11,大森,D 平和島,13馬込,13,1,-,-
31,大森東,環七通り×第一京浜,R4/11,大森,D 平和島,13馬込,14,2,-,-
31,大森東,環七通り×第一京浜,R4/11,大森,D 平和島,13馬込,15,1,-,-
31,大森東,環七通り×第一京浜,R4/11,大森,D 平和島,13馬込,16,2,-,-
31,大森東,環七通り×第一京浜,R4/11,大森,D 平和島,13馬込,17,0,-,-
31,大森東,環七通り×第一京浜,R4/11,大森,D 平和島,13馬込,18,0,-,-
31,大森東,環七通り×第一京浜,R4/11,大森,D 平和島,13馬込,12時間計,29,-,-
31,大森東,環七通り×第一京浜,R4/11,大森,D 平和島,14品川,7,0,-,-
31,大森東,環七通り×第一京浜,R4/11,大森,D 平和島,14品川,8,0,-,-
31,大森東,環七通り×第一京浜,R4/11,大森,D 平和島,14品川,9,0,-,-
31,大森東,環七通り×第一京浜,R4/11,大森,D 平和島,14品川,10,0,-,-
31,大森東,環七通り×第一京浜,R4/11,大森,D 平和島,14品川,11,0,-,-
31,大森東,環七通り×第一京浜,R4/11,大森,D 平和島,14品川,12,0,-,-
31,大森東,環七通り×第一京浜,R4/11,大森,D 平和島,14品川,13,0,-,-
31,大森東,環七通り×第一京浜,R4/11,大森,D 平和島,14品川,14,0,-,-
31,大森東,環七通り×第一京浜,R4/11,大森,D 平和島,14品川,15,0,-,-
31,大森東,環七通り×第一京浜,R4/11,大森,D 平和島,14品川,16,0,-,-
31,大森東,環七通り×第一京浜,R4/11,大森,D 平和島,14品川,17,0,-,-
31,大森東,環七通り×第一京浜,R4/11,大森,D 平和島,14品川,18,0,-,-
31,大森東,環七通り×第一京浜,R4/11,大森,D 平和島,14品川,12時間計,0,-,-
31,大森東,環七通り×第一京浜,R4/11,大森,D 平和島,流入計,7,1,87,88
31,大森東,環七通り×第一京浜,R4/11,大森,D 平和島,流入計,8,2,68,70
31,大森東,環七通り×第一京浜,R4/11,大森,D 平和島,流入計,9,5,58,63
31,大森東,環七通り×第一京浜,R4/11,大森,D 平和島,流入計,10,6,32,38
31,大森東,環七通り×第一京浜,R4/11,大森,D 平和島,流入計,11,2,33,35
31,大森東,環七通り×第一京浜,R4/11,大森,D 平和島,流入計,12,7,37,44
31,大森東,環七通り×第一京浜,R4/11,大森,D 平和島,流入計,13,1,40,41
31,大森東,環七通り×第一京浜,R4/11,大森,D 平和島,流入計,14,2,28,30
31,大森東,環七通り×第一京浜,R4/11,大森,D 平和島,流入計,15,1,71,72
31,大森東,環七通り×第一京浜,R4/11,大森,D 平和島,流入計,16,2,71,73
31,大森東,環七通り×第一京浜,R4/11,大森,D 平和島,流入計,17,0,113,113
31,大森東,環七通り×第一京浜,R4/11,大森,D 平和島,流入計,18,1,141,142
31,大森東,環七通り×第一京浜,R4/11,大森,D 平和島,流入計,12時間計,30,779,809
31,大森東,環七通り×第一京浜,R4/11,大森,全方向計,全方向計,7,76,394,470
31,大森東,環七通り×第一京浜,R4/11,大森,全方向計,全方向計,8,119,419,538
31,大森東,環七通り×第一京浜,R4/11,大森,全方向計,全方向計,9,50,301,351
31,大森東,環七通り×第一京浜,R4/11,大森,全方向計,全方向計,10,15,248,263
31,大森東,環七通り×第一京浜,R4/11,大森,全方向計,全方向計,11,16,222,238
31,大森東,環七通り×第一京浜,R4/11,大森,全方向計,全方向計,12,30,237,267
31,大森東,環七通り×第一京浜,R4/11,大森,全方向計,全方向計,13,20,247,267
31,大森東,環七通り×第一京浜,R4/11,大森,全方向計,全方向計,14,17,212,229
31,大森東,環七通り×第一京浜,R4/11,大森,全方向計,全方向計,15,33,298,331
31,大森東,環七通り×第一京浜,R4/11,大森,全方向計,全方向計,16,26,326,352
31,大森東,環七通り×第一京浜,R4/11,大森,全方向計,全方向計,17,30,407,437
31,大森東,環七通り×第一京浜,R4/11,大森,全方向計,全方向計,18,57,429,486
31,大森東,環七通り×第一京浜,R4/11,大森,全方向計,全方向計,12時間計,489,3740,4229
