﻿地点番号,地点名,交差道路名,調査年月,管轄警察署,流入方向,流出方向,時間帯等,大型乗用,大型貨物,普通乗用,普通貨物,四輪計,二輪車
31,大森東,環七通り×第一京浜,R4/11,大森,A 品川,1.平和島,7,31,2,67,6,106,7
31,大森東,環七通り×第一京浜,R4/11,大森,A 品川,1.平和島,8,34,3,40,18,95,2
31,大森東,環七通り×第一京浜,R4/11,大森,A 品川,1.平和島,9,16,6,21,38,81,1
31,大森東,環七通り×第一京浜,R4/11,大森,A 品川,1.平和島,10,10,3,22,35,70,2
31,大森東,環七通り×第一京浜,R4/11,大森,A 品川,1.平和島,11,10,2,23,34,69,1
31,大森東,環七通り×第一京浜,R4/11,大森,A 品川,1.平和島,12,9,1,25,38,73,4
31,大森東,環七通り×第一京浜,R4/11,大森,A 品川,1.平和島,13,8,3,44,20,75,2
31,大森東,環七通り×第一京浜,R4/11,大森,A 品川,1.平和島,14,7,7,47,17,78,1
31,大森東,環七通り×第一京浜,R4/11,大森,A 品川,1.平和島,15,6,1,22,22,51,3
31,大森東,環七通り×第一京浜,R4/11,大森,A 品川,1.平和島,16,11,2,24,30,67,4
31,大森東,環七通り×第一京浜,R4/11,大森,A 品川,1.平和島,17,14,1,38,16,69,0
31,大森東,環七通り×第一京浜,R4/11,大森,A 品川,1.平和島,18,18,0,23,11,52,7
31,大森東,環七通り×第一京浜,R4/11,大森,A 品川,1.平和島,12時間計,174,31,396,285,886,34
31,大森東,環七通り×第一京浜,R4/11,大森,A 品川,2.横浜,7,16,0,46,18,80,12
31,大森東,環七通り×第一京浜,R4/11,大森,A 品川,2.横浜,8,16,1,50,46,113,26
31,大森東,環七通り×第一京浜,R4/11,大森,A 品川,2.横浜,9,16,1,54,57,128,19
31,大森東,環七通り×第一京浜,R4/11,大森,A 品川,2.横浜,10,15,2,91,35,143,30
31,大森東,環七通り×第一京浜,R4/11,大森,A 品川,2.横浜,11,12,3,86,22,123,23
31,大森東,環七通り×第一京浜,R4/11,大森,A 品川,2.横浜,12,14,4,83,31,132,13
31,大森東,環七通り×第一京浜,R4/11,大森,A 品川,2.横浜,13,14,1,69,37,121,21
31,大森東,環七通り×第一京浜,R4/11,大森,A 品川,2.横浜,14,9,3,50,41,103,23
31,大森東,環七通り×第一京浜,R4/11,大森,A 品川,2.横浜,15,17,0,62,41,120,33
31,大森東,環七通り×第一京浜,R4/11,大森,A 品川,2.横浜,16,17,3,84,39,143,33
31,大森東,環七通り×第一京浜,R4/11,大森,A 品川,2.横浜,17,16,0,102,25,143,28
31,大森東,環七通り×第一京浜,R4/11,大森,A 品川,2.横浜,18,17,0,62,33,112,36
31,大森東,環七通り×第一京浜,R4/11,大森,A 品川,2.横浜,12時間計,179,18,839,425,1461,297
31,大森東,環七通り×第一京浜,R4/11,大森,A 品川,3.馬込,7,5,2,30,43,80,5
31,大森東,環七通り×第一京浜,R4/11,大森,A 品川,3.馬込,8,1,2,28,58,89,3
31,大森東,環七通り×第一京浜,R4/11,大森,A 品川,3.馬込,9,2,0,40,73,115,9
31,大森東,環七通り×第一京浜,R4/11,大森,A 品川,3.馬込,10,0,2,49,55,106,5
31,大森東,環七通り×第一京浜,R4/11,大森,A 品川,3.馬込,11,0,5,69,44,118,5
31,大森東,環七通り×第一京浜,R4/11,大森,A 品川,3.馬込,12,0,3,58,31,92,6
31,大森東,環七通り×第一京浜,R4/11,大森,A 品川,3.馬込,13,0,2,55,55,112,13
31,大森東,環七通り×第一京浜,R4/11,大森,A 品川,3.馬込,14,1,0,56,50,107,10
31,大森東,環七通り×第一京浜,R4/11,大森,A 品川,3.馬込,15,4,1,72,60,137,11
31,大森東,環七通り×第一京浜,R4/11,大森,A 品川,3.馬込,16,8,6,101,80,195,18
31,大森東,環七通り×第一京浜,R4/11,大森,A 品川,3.馬込,17,0,2,94,48,144,37
31,大森東,環七通り×第一京浜,R4/11,大森,A 品川,3.馬込,18,0,4,102,37,143,31
31,大森東,環七通り×第一京浜,R4/11,大森,A 品川,3.馬込,12時間計,21,29,754,634,1438,153
31,大森東,環七通り×第一京浜,R4/11,大森,A 品川,4.横浜,7,4,61,535,438,1038,124
31,大森東,環七通り×第一京浜,R4/11,大森,A 品川,4.横浜,8,12,134,599,457,1202,84
31,大森東,環七通り×第一京浜,R4/11,大森,A 品川,4.横浜,9,6,110,564,593,1273,52
31,大森東,環七通り×第一京浜,R4/11,大森,A 品川,4.横浜,10,9,139,450,533,1131,60
31,大森東,環七通り×第一京浜,R4/11,大森,A 品川,4.横浜,11,4,80,546,634,1264,52
31,大森東,環七通り×第一京浜,R4/11,大森,A 品川,4.横浜,12,6,128,547,489,1170,56
31,大森東,環七通り×第一京浜,R4/11,大森,A 品川,4.横浜,13,4,99,620,526,1249,44
31,大森東,環七通り×第一京浜,R4/11,大森,A 品川,4.横浜,14,7,93,574,523,1197,47
31,大森東,環七通り×第一京浜,R4/11,大森,A 品川,4.横浜,15,7,51,833,473,1364,68
31,大森東,環七通り×第一京浜,R4/11,大森,A 品川,4.横浜,16,15,66,885,571,1537,103
31,大森東,環七通り×第一京浜,R4/11,大森,A 品川,4.横浜,17,4,54,1003,582,1643,177
31,大森東,環七通り×第一京浜,R4/11,大森,A 品川,4.横浜,18,5,36,917,501,1459,124
31,大森東,環七通り×第一京浜,R4/11,大森,A 品川,4.横浜,12時間計,83,1051,8073,6320,15527,991
31,大森東,環七通り×第一京浜,R4/11,大森,A 品川,流入計,7,56,65,678,505,1304,148
31,大森東,環七通り×第一京浜,R4/11,大森,A 品川,流入計,8,63,140,717,579,1499,115
31,大森東,環七通り×第一京浜,R4/11,大森,A 品川,流入計,9,40,117,679,761,1597,81
31,大森東,環七通り×第一京浜,R4/11,大森,A 品川,流入計,10,34,146,612,658,1450,97
31,大森東,環七通り×第一京浜,R4/11,大森,A 品川,流入計,11,26,90,724,734,1574,81
31,大森東,環七通り×第一京浜,R4/11,大森,A 品川,流入計,12,29,136,713,589,1467,79
31,大森東,環七通り×第一京浜,R4/11,大森,A 品川,流入計,13,26,105,788,638,1557,80
31,大森東,環七通り×第一京浜,R4/11,大森,A 品川,流入計,14,24,103,727,631,1485,81
31,大森東,環七通り×第一京浜,R4/11,大森,A 品川,流入計,15,34,53,989,596,1672,115
31,大森東,環七通り×第一京浜,R4/11,大森,A 品川,流入計,16,51,77,1094,720,1942,158
31,大森東,環七通り×第一京浜,R4/11,大森,A 品川,流入計,17,34,57,1237,671,1999,242
31,大森東,環七通り×第一京浜,R4/11,大森,A 品川,流入計,18,40,40,1104,582,1766,198
31,大森東,環七通り×第一京浜,R4/11,大森,A 品川,流入計,12時間計,457,1129,10062,7664,19312,1475
31,大森東,環七通り×第一京浜,R4/11,大森,B 馬込,5.品川,7,2,1,29,20,52,4
31,大森東,環七通り×第一京浜,R4/11,大森,B 馬込,5.品川,8,5,2,54,31,92,9
31,大森東,環七通り×第一京浜,R4/11,大森,B 馬込,5.品川,9,1,3,44,30,78,4
31,大森東,環七通り×第一京浜,R4/11,大森,B 馬込,5.品川,10,3,2,43,40,88,3
31,大森東,環七通り×第一京浜,R4/11,大森,B 馬込,5.品川,11,1,0,36,30,67,10
31,大森東,環七通り×第一京浜,R4/11,大森,B 馬込,5.品川,12,2,1,38,38,79,5
31,大森東,環七通り×第一京浜,R4/11,大森,B 馬込,5.品川,13,3,1,49,22,75,9
31,大森東,環七通り×第一京浜,R4/11,大森,B 馬込,5.品川,14,1,3,60,20,84,5
31,大森東,環七通り×第一京浜,R4/11,大森,B 馬込,5.品川,15,1,2,78,21,102,7
31,大森東,環七通り×第一京浜,R4/11,大森,B 馬込,5.品川,16,2,2,43,30,77,8
31,大森東,環七通り×第一京浜,R4/11,大森,B 馬込,5.品川,17,1,0,56,24,81,7
31,大森東,環七通り×第一京浜,R4/11,大森,B 馬込,5.品川,18,5,2,50,25,82,9
31,大森東,環七通り×第一京浜,R4/11,大森,B 馬込,5.品川,12時間計,27,19,580,331,957,80
31,大森東,環七通り×第一京浜,R4/11,大森,B 馬込,6.平和島,7,2,63,380,33,478,115
31,大森東,環七通り×第一京浜,R4/11,大森,B 馬込,6.平和島,8,2,78,454,193,727,125
31,大森東,環七通り×第一京浜,R4/11,大森,B 馬込,6.平和島,9,1,102,283,309,695,40
31,大森東,環七通り×第一京浜,R4/11,大森,B 馬込,6.平和島,10,2,168,246,331,747,31
31,大森東,環七通り×第一京浜,R4/11,大森,B 馬込,6.平和島,11,0,113,177,361,651,16
31,大森東,環七通り×第一京浜,R4/11,大森,B 馬込,6.平和島,12,1,108,210,308,627,29
31,大森東,環七通り×第一京浜,R4/11,大森,B 馬込,6.平和島,13,0,129,247,215,591,10
31,大森東,環七通り×第一京浜,R4/11,大森,B 馬込,6.平和島,14,3,118,343,240,704,27
31,大森東,環七通り×第一京浜,R4/11,大森,B 馬込,6.平和島,15,3,98,165,352,618,20
31,大森東,環七通り×第一京浜,R4/11,大森,B 馬込,6.平和島,16,13,47,190,301,551,29
31,大森東,環七通り×第一京浜,R4/11,大森,B 馬込,6.平和島,17,6,28,207,272,513,57
31,大森東,環七通り×第一京浜,R4/11,大森,B 馬込,6.平和島,18,1,25,206,194,426,34
31,大森東,環七通り×第一京浜,R4/11,大森,B 馬込,6.平和島,12時間計,34,1077,3108,3109,7328,533
31,大森東,環七通り×第一京浜,R4/11,大森,B 馬込,7.横浜,7,5,27,235,136,403,23
31,大森東,環七通り×第一京浜,R4/11,大森,B 馬込,7.横浜,8,10,13,247,164,434,52
31,大森東,環七通り×第一京浜,R4/11,大森,B 馬込,7.横浜,9,5,27,100,106,238,19
31,大森東,環七通り×第一京浜,R4/11,大森,B 馬込,7.横浜,10,7,30,154,89,280,11
31,大森東,環七通り×第一京浜,R4/11,大森,B 馬込,7.横浜,11,1,20,124,93,238,16
31,大森東,環七通り×第一京浜,R4/11,大森,B 馬込,7.横浜,12,1,25,121,106,253,3
31,大森東,環七通り×第一京浜,R4/11,大森,B 馬込,7.横浜,13,0,29,79,116,224,13
31,大森東,環七通り×第一京浜,R4/11,大森,B 馬込,7.横浜,14,2,12,114,106,234,18
31,大森東,環七通り×第一京浜,R4/11,大森,B 馬込,7.横浜,15,1,10,106,116,233,7
31,大森東,環七通り×第一京浜,R4/11,大森,B 馬込,7.横浜,16,4,13,148,93,258,13
31,大森東,環七通り×第一京浜,R4/11,大森,B 馬込,7.横浜,17,3,9,159,82,253,20
31,大森東,環七通り×第一京浜,R4/11,大森,B 馬込,7.横浜,18,2,4,141,88,235,20
31,大森東,環七通り×第一京浜,R4/11,大森,B 馬込,7.横浜,12時間計,41,219,1728,1295,3283,215
31,大森東,環七通り×第一京浜,R4/11,大森,B 馬込,流入計,7,9,91,644,189,933,142
31,大森東,環七通り×第一京浜,R4/11,大森,B 馬込,流入計,8,17,93,755,388,1253,186
31,大森東,環七通り×第一京浜,R4/11,大森,B 馬込,流入計,9,7,132,427,445,1011,63
31,大森東,環七通り×第一京浜,R4/11,大森,B 馬込,流入計,10,12,200,443,460,1115,45
31,大森東,環七通り×第一京浜,R4/11,大森,B 馬込,流入計,11,2,133,337,484,956,42
31,大森東,環七通り×第一京浜,R4/11,大森,B 馬込,流入計,12,4,134,369,452,959,37
31,大森東,環七通り×第一京浜,R4/11,大森,B 馬込,流入計,13,3,159,375,353,890,32
31,大森東,環七通り×第一京浜,R4/11,大森,B 馬込,流入計,14,6,133,517,366,1022,50
31,大森東,環七通り×第一京浜,R4/11,大森,B 馬込,流入計,15,5,110,349,489,953,34
31,大森東,環七通り×第一京浜,R4/11,大森,B 馬込,流入計,16,19,62,381,424,886,50
31,大森東,環七通り×第一京浜,R4/11,大森,B 馬込,流入計,17,10,37,422,378,847,84
31,大森東,環七通り×第一京浜,R4/11,大森,B 馬込,流入計,18,8,31,397,307,743,63
31,大森東,環七通り×第一京浜,R4/11,大森,B 馬込,流入計,12時間計,102,1315,5416,4735,11568,828
31,大森東,環七通り×第一京浜,R4/11,大森,C 横浜,8.馬込,7,3,18,91,121,233,21
31,大森東,環七通り×第一京浜,R4/11,大森,C 横浜,8.馬込,8,4,11,119,196,330,18
31,大森東,環七通り×第一京浜,R4/11,大森,C 横浜,8.馬込,9,2,10,120,174,306,14
31,大森東,環七通り×第一京浜,R4/11,大森,C 横浜,8.馬込,10,2,10,147,164,323,17
31,大森東,環七通り×第一京浜,R4/11,大森,C 横浜,8.馬込,11,1,16,192,109,318,14
31,大森東,環七通り×第一京浜,R4/11,大森,C 横浜,8.馬込,12,0,13,162,91,266,33
31,大森東,環七通り×第一京浜,R4/11,大森,C 横浜,8.馬込,13,0,8,167,157,332,29
31,大森東,環七通り×第一京浜,R4/11,大森,C 横浜,8.馬込,14,4,10,186,158,358,25
31,大森東,環七通り×第一京浜,R4/11,大森,C 横浜,8.馬込,15,7,10,180,164,361,28
31,大森東,環七通り×第一京浜,R4/11,大森,C 横浜,8.馬込,16,10,29,224,121,384,37
31,大森東,環七通り×第一京浜,R4/11,大森,C 横浜,8.馬込,17,0,13,276,77,366,58
31,大森東,環七通り×第一京浜,R4/11,大森,C 横浜,8.馬込,18,0,5,235,29,269,31
31,大森東,環七通り×第一京浜,R4/11,大森,C 横浜,8.馬込,12時間計,33,153,2099,1561,3846,325
31,大森東,環七通り×第一京浜,R4/11,大森,C 横浜,9.品川,7,14,0,44,32,90,10
31,大森東,環七通り×第一京浜,R4/11,大森,C 横浜,9.品川,8,21,2,64,21,108,10
31,大森東,環七通り×第一京浜,R4/11,大森,C 横浜,9.品川,9,12,1,38,16,67,4
31,大森東,環七通り×第一京浜,R4/11,大森,C 横浜,9.品川,10,14,0,31,23,68,10
31,大森東,環七通り×第一京浜,R4/11,大森,C 横浜,9.品川,11,14,0,27,20,61,9
31,大森東,環七通り×第一京浜,R4/11,大森,C 横浜,9.品川,12,12,1,27,20,60,10
31,大森東,環七通り×第一京浜,R4/11,大森,C 横浜,9.品川,13,18,1,60,30,109,7
31,大森東,環七通り×第一京浜,R4/11,大森,C 横浜,9.品川,14,15,3,85,24,127,20
31,大森東,環七通り×第一京浜,R4/11,大森,C 横浜,9.品川,15,17,0,78,15,110,13
31,大森東,環七通り×第一京浜,R4/11,大森,C 横浜,9.品川,16,14,0,58,24,96,14
31,大森東,環七通り×第一京浜,R4/11,大森,C 横浜,9.品川,17,16,0,34,17,67,18
31,大森東,環七通り×第一京浜,R4/11,大森,C 横浜,9.品川,18,16,0,31,6,53,10
31,大森東,環七通り×第一京浜,R4/11,大森,C 横浜,9.品川,12時間計,183,8,577,248,1016,135
31,大森東,環七通り×第一京浜,R4/11,大森,C 横浜,10.平和島,7,3,27,215,12,257,59
31,大森東,環七通り×第一京浜,R4/11,大森,C 横浜,10.平和島,8,2,94,325,59,480,105
31,大森東,環七通り×第一京浜,R4/11,大森,C 横浜,10.平和島,9,1,83,113,202,399,20
31,大森東,環七通り×第一京浜,R4/11,大森,C 横浜,10.平和島,10,0,113,84,193,390,13
31,大森東,環七通り×第一京浜,R4/11,大森,C 横浜,10.平和島,11,0,75,97,220,392,17
31,大森東,環七通り×第一京浜,R4/11,大森,C 横浜,10.平和島,12,1,71,102,194,368,20
31,大森東,環七通り×第一京浜,R4/11,大森,C 横浜,10.平和島,13,0,75,178,175,428,14
31,大森東,環七通り×第一京浜,R4/11,大森,C 横浜,10.平和島,14,1,89,207,155,452,16
31,大森東,環七通り×第一京浜,R4/11,大森,C 横浜,10.平和島,15,3,84,123,193,403,13
31,大森東,環七通り×第一京浜,R4/11,大森,C 横浜,10.平和島,16,10,58,212,150,430,28
31,大森東,環七通り×第一京浜,R4/11,大森,C 横浜,10.平和島,17,2,45,179,170,396,55
31,大森東,環七通り×第一京浜,R4/11,大森,C 横浜,10.平和島,18,0,22,177,128,327,34
31,大森東,環七通り×第一京浜,R4/11,大森,C 横浜,10.平和島,12時間計,23,836,2012,1851,4722,394
31,大森東,環七通り×第一京浜,R4/11,大森,C 横浜,11.品川,7,3,105,1376,463,1947,196
31,大森東,環七通り×第一京浜,R4/11,大森,C 横浜,11.品川,8,7,127,738,922,1794,142
31,大森東,環七通り×第一京浜,R4/11,大森,C 横浜,11.品川,9,9,104,860,739,1712,80
31,大森東,環七通り×第一京浜,R4/11,大森,C 横浜,11.品川,10,8,114,575,873,1570,64
31,大森東,環七通り×第一京浜,R4/11,大森,C 横浜,11.品川,11,3,148,538,565,1254,67
31,大森東,環七通り×第一京浜,R4/11,大森,C 横浜,11.品川,12,4,107,556,507,1174,54
31,大森東,環七通り×第一京浜,R4/11,大森,C 横浜,11.品川,13,9,85,486,530,1110,39
31,大森東,環七通り×第一京浜,R4/11,大森,C 横浜,11.品川,14,5,88,640,444,1177,43
31,大森東,環七通り×第一京浜,R4/11,大森,C 横浜,11.品川,15,9,91,1015,552,1667,32
31,大森東,環七通り×第一京浜,R4/11,大森,C 横浜,11.品川,16,6,49,921,540,1516,115
31,大森東,環七通り×第一京浜,R4/11,大森,C 横浜,11.品川,17,19,39,1057,458,1573,93
31,大森東,環七通り×第一京浜,R4/11,大森,C 横浜,11.品川,18,7,18,720,328,1073,120
31,大森東,環七通り×第一京浜,R4/11,大森,C 横浜,11.品川,12時間計,89,1075,9482,6921,17567,1045
31,大森東,環七通り×第一京浜,R4/11,大森,C 横浜,流入計,7,23,150,1726,628,2527,286
31,大森東,環七通り×第一京浜,R4/11,大森,C 横浜,流入計,8,34,234,1246,1198,2712,275
31,大森東,環七通り×第一京浜,R4/11,大森,C 横浜,流入計,9,24,198,1131,1131,2484,118
31,大森東,環七通り×第一京浜,R4/11,大森,C 横浜,流入計,10,24,237,837,1253,2351,104
31,大森東,環七通り×第一京浜,R4/11,大森,C 横浜,流入計,11,18,239,854,914,2025,107
31,大森東,環七通り×第一京浜,R4/11,大森,C 横浜,流入計,12,17,192,847,812,1868,117
31,大森東,環七通り×第一京浜,R4/11,大森,C 横浜,流入計,13,27,169,891,892,1979,89
31,大森東,環七通り×第一京浜,R4/11,大森,C 横浜,流入計,14,25,190,1118,781,2114,104
31,大森東,環七通り×第一京浜,R4/11,大森,C 横浜,流入計,15,36,185,1396,924,2541,86
31,大森東,環七通り×第一京浜,R4/11,大森,C 横浜,流入計,16,40,136,1415,835,2426,194
31,大森東,環七通り×第一京浜,R4/11,大森,C 横浜,流入計,17,37,97,1546,722,2402,224
31,大森東,環七通り×第一京浜,R4/11,大森,C 横浜,流入計,18,23,45,1163,491,1722,195
31,大森東,環七通り×第一京浜,R4/11,大森,C 横浜,流入計,12時間計,328,2072,14170,10581,27151,1899
31,大森東,環七通り×第一京浜,R4/11,大森,D 平和島,12.横浜,7,0,12,110,142,264,32
31,大森東,環七通り×第一京浜,R4/11,大森,D 平和島,12.横浜,8,8,40,281,281,610,16
31,大森東,環七通り×第一京浜,R4/11,大森,D 平和島,12.横浜,9,1,73,162,296,532,11
31,大森東,環七通り×第一京浜,R4/11,大森,D 平和島,12.横浜,10,3,119,170,113,405,11
31,大森東,環七通り×第一京浜,R4/11,大森,D 平和島,12.横浜,11,1,116,193,99,409,6
31,大森東,環七通り×第一京浜,R4/11,大森,D 平和島,12.横浜,12,1,65,132,180,378,13
31,大森東,環七通り×第一京浜,R4/11,大森,D 平和島,12.横浜,13,1,96,123,194,414,9
31,大森東,環七通り×第一京浜,R4/11,大森,D 平和島,12.横浜,14,3,54,129,189,375,9
31,大森東,環七通り×第一京浜,R4/11,大森,D 平和島,12.横浜,15,0,58,181,207,446,38
31,大森東,環七通り×第一京浜,R4/11,大森,D 平和島,12.横浜,16,3,79,241,178,501,42
31,大森東,環七通り×第一京浜,R4/11,大森,D 平和島,12.横浜,17,6,42,432,145,625,101
31,大森東,環七通り×第一京浜,R4/11,大森,D 平和島,12.横浜,18,0,34,390,144,568,86
31,大森東,環七通り×第一京浜,R4/11,大森,D 平和島,12.横浜,12時間計,27,788,2544,2168,5527,374
31,大森東,環七通り×第一京浜,R4/11,大森,D 平和島,13.馬込,7,9,43,209,443,704,36
31,大森東,環七通り×第一京浜,R4/11,大森,D 平和島,13.馬込,8,7,31,182,496,716,32
31,大森東,環七通り×第一京浜,R4/11,大森,D 平和島,13.馬込,9,3,93,172,525,793,32
31,大森東,環七通り×第一京浜,R4/11,大森,D 平和島,13.馬込,10,1,79,173,347,600,22
31,大森東,環七通り×第一京浜,R4/11,大森,D 平和島,13.馬込,11,0,107,285,244,636,39
31,大森東,環七通り×第一京浜,R4/11,大森,D 平和島,13.馬込,12,0,116,200,231,547,22
31,大森東,環七通り×第一京浜,R4/11,大森,D 平和島,13.馬込,13,6,77,234,364,681,24
31,大森東,環七通り×第一京浜,R4/11,大森,D 平和島,13.馬込,14,5,75,213,379,672,38
31,大森東,環七通り×第一京浜,R4/11,大森,D 平和島,13.馬込,15,14,88,294,379,775,60
31,大森東,環七通り×第一京浜,R4/11,大森,D 平和島,13.馬込,16,15,57,352,184,608,43
31,大森東,環七通り×第一京浜,R4/11,大森,D 平和島,13.馬込,17,1,95,668,100,864,151
31,大森東,環七通り×第一京浜,R4/11,大森,D 平和島,13.馬込,18,0,81,605,61,747,133
31,大森東,環七通り×第一京浜,R4/11,大森,D 平和島,13.馬込,12時間計,61,942,3587,3753,8343,632
31,大森東,環七通り×第一京浜,R4/11,大森,D 平和島,14.品川,7,20,1,46,14,81,0
31,大森東,環七通り×第一京浜,R4/11,大森,D 平和島,14.品川,8,21,1,94,19,135,0
31,大森東,環七通り×第一京浜,R4/11,大森,D 平和島,14.品川,9,12,3,39,16,70,2
31,大森東,環七通り×第一京浜,R4/11,大森,D 平和島,14.品川,10,18,1,36,16,71,1
31,大森東,環七通り×第一京浜,R4/11,大森,D 平和島,14.品川,11,10,2,33,22,67,0
31,大森東,環七通り×第一京浜,R4/11,大森,D 平和島,14.品川,12,11,2,34,20,67,2
31,大森東,環七通り×第一京浜,R4/11,大森,D 平和島,14.品川,13,7,0,31,13,51,1
31,大森東,環七通り×第一京浜,R4/11,大森,D 平和島,14.品川,14,7,7,48,12,74,1
31,大森東,環七通り×第一京浜,R4/11,大森,D 平和島,14.品川,15,9,1,37,7,54,3
31,大森東,環七通り×第一京浜,R4/11,大森,D 平和島,14.品川,16,11,2,36,12,61,3
31,大森東,環七通り×第一京浜,R4/11,大森,D 平和島,14.品川,17,23,1,43,10,77,6
31,大森東,環七通り×第一京浜,R4/11,大森,D 平和島,14.品川,18,26,0,27,12,65,4
31,大森東,環七通り×第一京浜,R4/11,大森,D 平和島,14.品川,12時間計,175,21,504,173,873,23
31,大森東,環七通り×第一京浜,R4/11,大森,D 平和島,流入計,7,29,56,365,599,1049,68
31,大森東,環七通り×第一京浜,R4/11,大森,D 平和島,流入計,8,36,72,557,796,1461,48
31,大森東,環七通り×第一京浜,R4/11,大森,D 平和島,流入計,9,16,169,373,837,1395,45
31,大森東,環七通り×第一京浜,R4/11,大森,D 平和島,流入計,10,22,199,379,476,1076,34
31,大森東,環七通り×第一京浜,R4/11,大森,D 平和島,流入計,11,11,225,511,365,1112,45
31,大森東,環七通り×第一京浜,R4/11,大森,D 平和島,流入計,12,12,183,366,431,992,37
31,大森東,環七通り×第一京浜,R4/11,大森,D 平和島,流入計,13,14,173,388,571,1146,34
31,大森東,環七通り×第一京浜,R4/11,大森,D 平和島,流入計,14,15,136,390,580,1121,48
31,大森東,環七通り×第一京浜,R4/11,大森,D 平和島,流入計,15,23,147,512,593,1275,101
31,大森東,環七通り×第一京浜,R4/11,大森,D 平和島,流入計,16,29,138,629,374,1170,88
31,大森東,環七通り×第一京浜,R4/11,大森,D 平和島,流入計,17,30,138,1143,255,1566,258
31,大森東,環七通り×第一京浜,R4/11,大森,D 平和島,流入計,18,26,115,1022,217,1380,223
31,大森東,環七通り×第一京浜,R4/11,大森,D 平和島,流入計,12時間計,263,1751,6635,6094,14743,1029
