﻿"観光ポイント_全国地方公共団体コード","地物・地点_ID","観光ポイント_ID","観光ポイント_名称","観光ポイント_名称（カナ）","観光ポイント_名称（英字）","観光ポイント_説明","観光ポイント_緯度","観光ポイント_経度","観光ポイント_座標参照系","観光ポイント_座標参照系コード","観光ポイント_画像","観光ポイント_画像_ライセンス"
"131083","131083V50001","131083V50001","東京ゲートブリッジ","","","東京湾にかかる長さ2618mの巨大な橋。日中は歩道を歩くこともできる。日没から24時まで毎日ライトアップされ、東京湾の夜景スポットとなっている。","","","","","",""
"131083","131083V50002","131083V50002","若洲公園","","","アウトドアを満喫できる都内有数の区立公園。園内のキャンプ場では日帰りでのバーベキューや宿泊キャンプが楽しめる。東京ゲートブリッジ歩道への昇降施設もあり。","","","","","",""
"131083","131083V50003","131083V50003","豊洲ぐるり公園","","","豊洲ふ頭の周りをぐるりと全長4.5km。散歩やランニングを楽しむ方々に人気。レインボーブリッジを一望できる景観に加え、パークレストラン、BBQ施設もあり魅力いっぱい。","","","","","",""
"131083","131083V50004","131083V50004","夢の島スケートボードパーク","","","「こどもから大人まで楽しめる」パークを目指して、日本代表コーチが監修したスケートボード施設。湾岸エリアの景色を望みながらスケートボードで遊べる。","","","","","",""
"131083","131083V50005","131083V50005","403号蒸気機関車","","","創立100周年記念の一環として、高輪築堤の築石を機関車土台として設置された。明治～昭和に活躍した蒸気機関車。","","","","","",""
"131083","131083V50006","131083V50006","深川神明宮","","","深川の開拓者、深川八郎右衛門が創建した神社。ご祭神は天照大御神様。境内の末社に、深川七福神の一つ、延命長寿のご利益をつかさどる寿老神がまつられている。","","","","","",""
"131083","131083V50007","131083V50007","霊巌寺","","","寛永元年（1624年）、中央区茅場町沖を埋立て創立、その後現在の地に移転。境内には都指定有形文化財江戸六地蔵の一つ「銅造地蔵菩薩坐像」などがある。","","","","","",""
"131083","131083V50008","131083V50008","芭蕉記念館","","","松尾芭蕉は、深川の庵を拠点に活動した。深川界隈には芭蕉記念館、芭蕉庵史跡展望庭園、芭蕉稲荷神社、採茶庵跡など芭蕉にまつわる史跡が数多く残されている。","","","","","",""
"131083","131083V50009","131083V50009","芭蕉庵史跡展望庭園","","","松尾芭蕉は、深川の庵を拠点に活動した。深川界隈には芭蕉記念館、芭蕉庵史跡展望庭園、芭蕉稲荷神社、採茶庵跡など芭蕉にまつわる史跡が数多く残されている。","","","","","",""
"131083","131083V50010","131083V50010","芭蕉稲荷神社","","","松尾芭蕉は、深川の庵を拠点に活動した。深川界隈には芭蕉記念館、芭蕉庵史跡展望庭園、芭蕉稲荷神社、採茶庵跡など芭蕉にまつわる史跡が数多く残されている。","","","","","",""
"131083","131083V50011","131083V50011","採茶庵跡","","","松尾芭蕉は、深川の庵を拠点に活動した。深川界隈には芭蕉記念館、芭蕉庵史跡展望庭園、芭蕉稲荷神社、採茶庵跡など芭蕉にまつわる史跡が数多く残されている。","","","","","",""
"131083","131083V50012","131083V50012","清澄庭園","","","回遊して鑑賞する、江戸時代の大名屋敷に多くみられる形式の日本庭園。名石と松を配した池を臨む景観が美しく、四季を通じて眺望が楽しめる。","","","","","",""
"131083","131083V50013","131083V50013","深川江戸資料館","","","地下1階から地上2階までの吹き抜け空間に、江戸時代のまち並みや庶民の生活ぶりを再現。音響と照明効果で江戸深川の1日の暮らしをリアルに体験できる。","","","","","",""
"131083","131083V50014","131083V50014","東京都現代美術館","","","現代美術の流れを展望するコレクション展や、大規模国際展をはじめとする、特色ある企画展など、幅広いジャンルの現代美術に関する展覧会を開催している。","","","","","",""
"131083","131083V50015","131083V50015","富岡八幡宮","","","江戸三大祭りの一つ「深川八幡祭り」で知られる神社。日本一の黄金神輿や横綱力士碑も見どころ。","","","","","",""
"131083","131083V50016","131083V50016","成田山　深川不動堂","","","不動明王が本尊の寺で、真言を表す文字でデザインされた建物外壁が印象的。火を焚いて祈る護摩祈祷への参列や、写経・写仏体験に多くの人が訪れる。","","","","","",""
"131083","131083V50017","131083V50017","法乗院（深川ゑんま堂）","","","寛永6年（1629年）の開創、江戸時代から「深川えんまさん」と親しまれてきた。日本最大級の閻魔大王坐像や本堂1階の全16枚の地獄・極楽図は必見。","","","","","",""
"131083","131083V50018","131083V50018","深川東京モダン館（観光協会深川支部）","","","昭和7年（1932年）に建設された旧東京市深川食堂をリノベーションした建物は、国の登録有形文化財。区の観光拠点として、イベントや展示、カフェを営業を行っている。","","","","","",""
"131083","131083V50019","131083V50019","辰巳新道","","","戦後に、電車通りで屋台を出していた人たちが集まりお店を始めた。現在も昭和情緒漂う横丁、50mほどの路地に約30軒の飲食店が軒を連ね老若男女が楽しめる場所。","","","","","",""
"131083","131083V50020","131083V50020","明治丸","","","現存する日本最古の鉄船。明治29年（1896年）より商船学校（現・東京海洋大学）の練習船として活躍、現在同大学に保存されている。国の重要文化財。","","","","","",""
"131083","131083V50021","131083V50021","人情深川ご利益通り","","","和菓子、漬物、江戸小物、宝飾品など約40店舗が並ぶ、深川不動の参道。","","","","","",""
"131083","131083V50022","131083V50022","亀戸天神社","","","学問の神として親しまれている神社。藤の美しさは浮世絵師の歌川広重の「名所江戸百景」にも描かれており、現在も藤や梅の見頃には多くの人が訪れる。","","","","","",""
"131083","131083V50023","131083V50023","亀戸香取神社","","","区で一番古い、天智天皇4年（665年）に創建。この神社で祈願して戦に勝った武将の古事に由来し、武道やスポーツの必勝祈願にご利益ある神社として有名。","","","","","",""
"131083","131083V50024","131083V50024","亀戸梅屋敷","","","亀戸地区・江東区の観光情報が得られる施設。観光案内の他、物産品の販売や、伝統的ガラス彫刻「江戸切子」の展示・販売コーナーも設置。","","","","","",""
"131083","131083V50025","131083V50025","カヌー・カヤック場","","","堅川河川敷公園にある、カヌー・カヤック場。指導員が丁寧に教えてくれ、用具の貸し出しがあるので手ぶらで楽しめる。（5月～10月の特定日に開場）","","","","","",""
"131083","131083V50026","131083V50026","豊洲市場","","","2018年10月に築地から豊洲に移転し開場。見学者用通路が設けられ、市場営業日にはマグロのセリ見学や飲食店なども利用することができる。","","","","","",""
"131083","131083V50027","131083V50027","東京国際クルーズターミナル","","","2020年9月に新たな海の玄関口としてオープン。波や船の帆をイメージした大屋根が特徴で、国内の旅客船が出航・寄港するほか、外国の大型客船の姿を見られることも。","","","","","",""
"131083","131083V50028","131083V50028","和船乗船体験","","","横十間川親水公園にある海辺乗船場で和船が無料体験できる。当日受付（団体は要予約）、運行日は週1回程度、時期で異なるため電話等で事前確認を。","","","","","",""
"131083","131083V50029","131083V50029","砂町銀座商店街","","","住民が日常的に買い物をする通りに、安くて美味しい食べ物など下町の風情を求めて遠方から人が集まる。古き良き昭和の商店街ながらイベントなど新しい取り組みも行う。","","","","","",""
"131083","131083V50030","131083V50030","東大島神社","","","東京大空襲により焼失した近隣5つの神社の債権の声があがり、昭和27年（1952年）に五社を合併して建立された。現在も地元の鎮守様として愛されている。","","","","","",""
"131083","131083V50031","131083V50031","中川船番所資料館","","","区内の川から関東・全国へ広がる水運の歴史に焦点を当てた資料館。江戸に出入りする船を取り締まっていた小名木川の「中川番所」をジオラマで再現している。","","","","","",""
