﻿地点番号,地点名,交差道路名,調査年月,管轄警察署,流入方向,流出方向,時間帯等,大型乗用,大型貨物,普通乗用,普通貨物,四輪計,二輪車
306,本郷３,本郷通り×春日通り,R4/11,本富士,A 駒込,1.上野,7,3,3,42,36,84,2
306,本郷３,本郷通り×春日通り,R4/11,本富士,A 駒込,1.上野,8,1,0,57,26,84,6
306,本郷３,本郷通り×春日通り,R4/11,本富士,A 駒込,1.上野,9,2,2,85,54,143,9
306,本郷３,本郷通り×春日通り,R4/11,本富士,A 駒込,1.上野,10,1,1,88,40,130,12
306,本郷３,本郷通り×春日通り,R4/11,本富士,A 駒込,1.上野,11,1,1,93,31,126,9
306,本郷３,本郷通り×春日通り,R4/11,本富士,A 駒込,1.上野,12,0,1,76,28,105,8
306,本郷３,本郷通り×春日通り,R4/11,本富士,A 駒込,1.上野,13,0,0,65,30,95,12
306,本郷３,本郷通り×春日通り,R4/11,本富士,A 駒込,1.上野,14,2,4,71,55,132,14
306,本郷３,本郷通り×春日通り,R4/11,本富士,A 駒込,1.上野,15,1,1,88,28,118,16
306,本郷３,本郷通り×春日通り,R4/11,本富士,A 駒込,1.上野,16,2,0,58,31,91,6
306,本郷３,本郷通り×春日通り,R4/11,本富士,A 駒込,1.上野,17,0,0,54,22,76,8
306,本郷３,本郷通り×春日通り,R4/11,本富士,A 駒込,1.上野,18,1,0,58,8,67,8
306,本郷３,本郷通り×春日通り,R4/11,本富士,A 駒込,1.上野,12時間計,14,13,835,389,1251,110
306,本郷３,本郷通り×春日通り,R4/11,本富士,A 駒込,2.お茶の水,7,9,7,563,292,871,92
306,本郷３,本郷通り×春日通り,R4/11,本富士,A 駒込,2.お茶の水,8,12,3,601,389,1005,107
306,本郷３,本郷通り×春日通り,R4/11,本富士,A 駒込,2.お茶の水,9,9,6,516,395,926,67
306,本郷３,本郷通り×春日通り,R4/11,本富士,A 駒込,2.お茶の水,10,6,5,393,317,721,54
306,本郷３,本郷通り×春日通り,R4/11,本富士,A 駒込,2.お茶の水,11,8,6,361,291,666,22
306,本郷３,本郷通り×春日通り,R4/11,本富士,A 駒込,2.お茶の水,12,5,6,378,191,580,41
306,本郷３,本郷通り×春日通り,R4/11,本富士,A 駒込,2.お茶の水,13,8,7,400,188,603,44
306,本郷３,本郷通り×春日通り,R4/11,本富士,A 駒込,2.お茶の水,14,5,8,496,183,692,65
306,本郷３,本郷通り×春日通り,R4/11,本富士,A 駒込,2.お茶の水,15,4,2,458,196,660,34
306,本郷３,本郷通り×春日通り,R4/11,本富士,A 駒込,2.お茶の水,16,7,4,325,253,589,44
306,本郷３,本郷通り×春日通り,R4/11,本富士,A 駒込,2.お茶の水,17,6,3,342,260,611,30
306,本郷３,本郷通り×春日通り,R4/11,本富士,A 駒込,2.お茶の水,18,4,2,335,144,485,28
306,本郷３,本郷通り×春日通り,R4/11,本富士,A 駒込,2.お茶の水,12時間計,83,59,5168,3099,8409,628
306,本郷３,本郷通り×春日通り,R4/11,本富士,A 駒込,3.春日町,7,0,0,4,4,8,0
306,本郷３,本郷通り×春日通り,R4/11,本富士,A 駒込,3.春日町,8,0,0,2,2,4,0
306,本郷３,本郷通り×春日通り,R4/11,本富士,A 駒込,3.春日町,9,0,0,0,0,0,0
306,本郷３,本郷通り×春日通り,R4/11,本富士,A 駒込,3.春日町,10,0,0,0,1,1,1
306,本郷３,本郷通り×春日通り,R4/11,本富士,A 駒込,3.春日町,11,0,0,0,0,0,0
306,本郷３,本郷通り×春日通り,R4/11,本富士,A 駒込,3.春日町,12,0,0,0,0,0,0
306,本郷３,本郷通り×春日通り,R4/11,本富士,A 駒込,3.春日町,13,0,0,0,0,0,1
306,本郷３,本郷通り×春日通り,R4/11,本富士,A 駒込,3.春日町,14,0,0,0,0,0,0
306,本郷３,本郷通り×春日通り,R4/11,本富士,A 駒込,3.春日町,15,0,0,0,0,0,0
306,本郷３,本郷通り×春日通り,R4/11,本富士,A 駒込,3.春日町,16,0,0,1,0,1,0
306,本郷３,本郷通り×春日通り,R4/11,本富士,A 駒込,3.春日町,17,0,0,0,0,0,0
306,本郷３,本郷通り×春日通り,R4/11,本富士,A 駒込,3.春日町,18,0,0,0,0,0,0
306,本郷３,本郷通り×春日通り,R4/11,本富士,A 駒込,3.春日町,12時間計,0,0,7,7,14,2
306,本郷３,本郷通り×春日通り,R4/11,本富士,A 駒込,流入計,7,12,10,609,332,963,94
306,本郷３,本郷通り×春日通り,R4/11,本富士,A 駒込,流入計,8,13,3,660,417,1093,113
306,本郷３,本郷通り×春日通り,R4/11,本富士,A 駒込,流入計,9,11,8,601,449,1069,76
306,本郷３,本郷通り×春日通り,R4/11,本富士,A 駒込,流入計,10,7,6,481,358,852,67
306,本郷３,本郷通り×春日通り,R4/11,本富士,A 駒込,流入計,11,9,7,454,322,792,31
306,本郷３,本郷通り×春日通り,R4/11,本富士,A 駒込,流入計,12,5,7,454,219,685,49
306,本郷３,本郷通り×春日通り,R4/11,本富士,A 駒込,流入計,13,8,7,465,218,698,57
306,本郷３,本郷通り×春日通り,R4/11,本富士,A 駒込,流入計,14,7,12,567,238,824,79
306,本郷３,本郷通り×春日通り,R4/11,本富士,A 駒込,流入計,15,5,3,546,224,778,50
306,本郷３,本郷通り×春日通り,R4/11,本富士,A 駒込,流入計,16,9,4,384,284,681,50
306,本郷３,本郷通り×春日通り,R4/11,本富士,A 駒込,流入計,17,6,3,396,282,687,38
306,本郷３,本郷通り×春日通り,R4/11,本富士,A 駒込,流入計,18,5,2,393,152,552,36
306,本郷３,本郷通り×春日通り,R4/11,本富士,A 駒込,流入計,12時間計,97,72,6010,3495,9674,740
306,本郷３,本郷通り×春日通り,R4/11,本富士,B 春日町,4.駒込,7,3,1,26,28,58,4
306,本郷３,本郷通り×春日通り,R4/11,本富士,B 春日町,4.駒込,8,0,1,35,33,69,5
306,本郷３,本郷通り×春日通り,R4/11,本富士,B 春日町,4.駒込,9,2,0,31,43,76,2
306,本郷３,本郷通り×春日通り,R4/11,本富士,B 春日町,4.駒込,10,0,1,44,39,84,4
306,本郷３,本郷通り×春日通り,R4/11,本富士,B 春日町,4.駒込,11,0,1,39,54,94,8
306,本郷３,本郷通り×春日通り,R4/11,本富士,B 春日町,4.駒込,12,1,0,53,32,86,4
306,本郷３,本郷通り×春日通り,R4/11,本富士,B 春日町,4.駒込,13,0,0,47,40,87,6
306,本郷３,本郷通り×春日通り,R4/11,本富士,B 春日町,4.駒込,14,0,0,44,29,73,8
306,本郷３,本郷通り×春日通り,R4/11,本富士,B 春日町,4.駒込,15,2,0,41,49,92,8
306,本郷３,本郷通り×春日通り,R4/11,本富士,B 春日町,4.駒込,16,1,0,51,25,77,10
306,本郷３,本郷通り×春日通り,R4/11,本富士,B 春日町,4.駒込,17,0,0,45,32,77,6
306,本郷３,本郷通り×春日通り,R4/11,本富士,B 春日町,4.駒込,18,0,0,41,15,56,8
306,本郷３,本郷通り×春日通り,R4/11,本富士,B 春日町,4.駒込,12時間計,9,4,497,419,929,73
306,本郷３,本郷通り×春日通り,R4/11,本富士,B 春日町,5.上野,7,20,3,227,213,463,46
306,本郷３,本郷通り×春日通り,R4/11,本富士,B 春日町,5.上野,8,21,8,287,251,567,36
306,本郷３,本郷通り×春日通り,R4/11,本富士,B 春日町,5.上野,9,14,9,302,161,486,30
306,本郷３,本郷通り×春日通り,R4/11,本富士,B 春日町,5.上野,10,10,9,339,198,556,25
306,本郷３,本郷通り×春日通り,R4/11,本富士,B 春日町,5.上野,11,12,11,349,204,576,24
306,本郷３,本郷通り×春日通り,R4/11,本富士,B 春日町,5.上野,12,11,8,281,209,509,38
306,本郷３,本郷通り×春日通り,R4/11,本富士,B 春日町,5.上野,13,12,8,277,212,509,39
306,本郷３,本郷通り×春日通り,R4/11,本富士,B 春日町,5.上野,14,12,7,258,245,522,34
306,本郷３,本郷通り×春日通り,R4/11,本富士,B 春日町,5.上野,15,9,4,309,209,531,32
306,本郷３,本郷通り×春日通り,R4/11,本富士,B 春日町,5.上野,16,13,2,328,231,574,25
306,本郷３,本郷通り×春日通り,R4/11,本富士,B 春日町,5.上野,17,16,6,336,152,510,42
306,本郷３,本郷通り×春日通り,R4/11,本富士,B 春日町,5.上野,18,11,2,307,113,433,31
306,本郷３,本郷通り×春日通り,R4/11,本富士,B 春日町,5.上野,12時間計,161,77,3600,2398,6236,402
306,本郷３,本郷通り×春日通り,R4/11,本富士,B 春日町,6.お茶の水,7,1,3,43,11,58,7
306,本郷３,本郷通り×春日通り,R4/11,本富士,B 春日町,6.お茶の水,8,0,0,0,0,0,0
306,本郷３,本郷通り×春日通り,R4/11,本富士,B 春日町,6.お茶の水,9,0,0,0,0,0,0
306,本郷３,本郷通り×春日通り,R4/11,本富士,B 春日町,6.お茶の水,10,0,0,0,1,1,0
306,本郷３,本郷通り×春日通り,R4/11,本富士,B 春日町,6.お茶の水,11,0,0,0,1,1,0
306,本郷３,本郷通り×春日通り,R4/11,本富士,B 春日町,6.お茶の水,12,0,0,0,0,0,0
306,本郷３,本郷通り×春日通り,R4/11,本富士,B 春日町,6.お茶の水,13,0,0,0,0,0,0
306,本郷３,本郷通り×春日通り,R4/11,本富士,B 春日町,6.お茶の水,14,0,0,0,0,0,0
306,本郷３,本郷通り×春日通り,R4/11,本富士,B 春日町,6.お茶の水,15,0,0,0,0,0,0
306,本郷３,本郷通り×春日通り,R4/11,本富士,B 春日町,6.お茶の水,16,0,0,0,0,0,0
306,本郷３,本郷通り×春日通り,R4/11,本富士,B 春日町,6.お茶の水,17,0,0,0,0,0,0
306,本郷３,本郷通り×春日通り,R4/11,本富士,B 春日町,6.お茶の水,18,0,0,0,0,0,0
306,本郷３,本郷通り×春日通り,R4/11,本富士,B 春日町,6.お茶の水,12時間計,1,3,43,13,60,7
306,本郷３,本郷通り×春日通り,R4/11,本富士,B 春日町,流入計,7,24,7,296,252,579,57
306,本郷３,本郷通り×春日通り,R4/11,本富士,B 春日町,流入計,8,21,9,322,284,636,41
306,本郷３,本郷通り×春日通り,R4/11,本富士,B 春日町,流入計,9,16,9,333,204,562,32
306,本郷３,本郷通り×春日通り,R4/11,本富士,B 春日町,流入計,10,10,10,383,238,641,29
306,本郷３,本郷通り×春日通り,R4/11,本富士,B 春日町,流入計,11,12,12,388,259,671,32
306,本郷３,本郷通り×春日通り,R4/11,本富士,B 春日町,流入計,12,12,8,334,241,595,42
306,本郷３,本郷通り×春日通り,R4/11,本富士,B 春日町,流入計,13,12,8,324,252,596,45
306,本郷３,本郷通り×春日通り,R4/11,本富士,B 春日町,流入計,14,12,7,302,274,595,42
306,本郷３,本郷通り×春日通り,R4/11,本富士,B 春日町,流入計,15,11,4,350,258,623,40
306,本郷３,本郷通り×春日通り,R4/11,本富士,B 春日町,流入計,16,14,2,379,256,651,35
306,本郷３,本郷通り×春日通り,R4/11,本富士,B 春日町,流入計,17,16,6,381,184,587,48
306,本郷３,本郷通り×春日通り,R4/11,本富士,B 春日町,流入計,18,11,2,348,128,489,39
306,本郷３,本郷通り×春日通り,R4/11,本富士,B 春日町,流入計,12時間計,171,84,4140,2830,7225,482
306,本郷３,本郷通り×春日通り,R4/11,本富士,C お茶の水,7.春日町,7,1,3,60,100,164,14
306,本郷３,本郷通り×春日通り,R4/11,本富士,C お茶の水,7.春日町,8,1,6,86,60,153,5
306,本郷３,本郷通り×春日通り,R4/11,本富士,C お茶の水,7.春日町,9,1,3,85,120,209,5
306,本郷３,本郷通り×春日通り,R4/11,本富士,C お茶の水,7.春日町,10,1,4,128,102,235,12
306,本郷３,本郷通り×春日通り,R4/11,本富士,C お茶の水,7.春日町,11,0,1,99,92,192,9
306,本郷３,本郷通り×春日通り,R4/11,本富士,C お茶の水,7.春日町,12,1,2,105,85,193,12
306,本郷３,本郷通り×春日通り,R4/11,本富士,C お茶の水,7.春日町,13,1,8,129,92,230,10
306,本郷３,本郷通り×春日通り,R4/11,本富士,C お茶の水,7.春日町,14,0,8,122,75,205,12
306,本郷３,本郷通り×春日通り,R4/11,本富士,C お茶の水,7.春日町,15,1,2,141,95,239,24
306,本郷３,本郷通り×春日通り,R4/11,本富士,C お茶の水,7.春日町,16,0,0,153,81,234,13
306,本郷３,本郷通り×春日通り,R4/11,本富士,C お茶の水,7.春日町,17,0,9,154,63,226,19
306,本郷３,本郷通り×春日通り,R4/11,本富士,C お茶の水,7.春日町,18,0,4,160,50,214,20
306,本郷３,本郷通り×春日通り,R4/11,本富士,C お茶の水,7.春日町,12時間計,7,50,1422,1015,2494,155
306,本郷３,本郷通り×春日通り,R4/11,本富士,C お茶の水,8.駒込,7,4,9,216,153,382,23
306,本郷３,本郷通り×春日通り,R4/11,本富士,C お茶の水,8.駒込,8,12,5,296,198,511,28
306,本郷３,本郷通り×春日通り,R4/11,本富士,C お茶の水,8.駒込,9,12,6,327,320,665,29
306,本郷３,本郷通り×春日通り,R4/11,本富士,C お茶の水,8.駒込,10,9,2,420,259,690,48
306,本郷３,本郷通り×春日通り,R4/11,本富士,C お茶の水,8.駒込,11,8,12,332,323,675,52
306,本郷３,本郷通り×春日通り,R4/11,本富士,C お茶の水,8.駒込,12,6,3,430,283,722,52
306,本郷３,本郷通り×春日通り,R4/11,本富士,C お茶の水,8.駒込,13,9,4,326,288,627,59
306,本郷３,本郷通り×春日通り,R4/11,本富士,C お茶の水,8.駒込,14,10,7,471,258,746,44
306,本郷３,本郷通り×春日通り,R4/11,本富士,C お茶の水,8.駒込,15,9,9,435,334,787,67
306,本郷３,本郷通り×春日通り,R4/11,本富士,C お茶の水,8.駒込,16,9,11,614,302,936,91
306,本郷３,本郷通り×春日通り,R4/11,本富士,C お茶の水,8.駒込,17,13,4,536,207,760,136
306,本郷３,本郷通り×春日通り,R4/11,本富士,C お茶の水,8.駒込,18,11,1,735,108,855,112
306,本郷３,本郷通り×春日通り,R4/11,本富士,C お茶の水,8.駒込,12時間計,112,73,5138,3033,8356,741
306,本郷３,本郷通り×春日通り,R4/11,本富士,C お茶の水,9.上野,7,0,2,0,2,4,0
306,本郷３,本郷通り×春日通り,R4/11,本富士,C お茶の水,9.上野,8,0,0,0,0,0,0
306,本郷３,本郷通り×春日通り,R4/11,本富士,C お茶の水,9.上野,9,0,0,0,0,0,0
306,本郷３,本郷通り×春日通り,R4/11,本富士,C お茶の水,9.上野,10,0,0,0,0,0,0
306,本郷３,本郷通り×春日通り,R4/11,本富士,C お茶の水,9.上野,11,0,0,0,0,0,0
306,本郷３,本郷通り×春日通り,R4/11,本富士,C お茶の水,9.上野,12,0,0,0,0,0,0
306,本郷３,本郷通り×春日通り,R4/11,本富士,C お茶の水,9.上野,13,0,0,0,0,0,0
306,本郷３,本郷通り×春日通り,R4/11,本富士,C お茶の水,9.上野,14,0,0,0,0,0,0
306,本郷３,本郷通り×春日通り,R4/11,本富士,C お茶の水,9.上野,15,0,0,0,0,0,0
306,本郷３,本郷通り×春日通り,R4/11,本富士,C お茶の水,9.上野,16,0,0,0,0,0,0
306,本郷３,本郷通り×春日通り,R4/11,本富士,C お茶の水,9.上野,17,0,0,0,0,0,0
306,本郷３,本郷通り×春日通り,R4/11,本富士,C お茶の水,9.上野,18,0,0,0,0,0,0
306,本郷３,本郷通り×春日通り,R4/11,本富士,C お茶の水,9.上野,12時間計,0,2,0,2,4,0
306,本郷３,本郷通り×春日通り,R4/11,本富士,C お茶の水,流入計,7,5,14,276,255,550,37
306,本郷３,本郷通り×春日通り,R4/11,本富士,C お茶の水,流入計,8,13,11,382,258,664,33
306,本郷３,本郷通り×春日通り,R4/11,本富士,C お茶の水,流入計,9,13,9,412,440,874,34
306,本郷３,本郷通り×春日通り,R4/11,本富士,C お茶の水,流入計,10,10,6,548,361,925,60
306,本郷３,本郷通り×春日通り,R4/11,本富士,C お茶の水,流入計,11,8,13,431,415,867,61
306,本郷３,本郷通り×春日通り,R4/11,本富士,C お茶の水,流入計,12,7,5,535,368,915,64
306,本郷３,本郷通り×春日通り,R4/11,本富士,C お茶の水,流入計,13,10,12,455,380,857,69
306,本郷３,本郷通り×春日通り,R4/11,本富士,C お茶の水,流入計,14,10,15,593,333,951,56
306,本郷３,本郷通り×春日通り,R4/11,本富士,C お茶の水,流入計,15,10,11,576,429,1026,91
306,本郷３,本郷通り×春日通り,R4/11,本富士,C お茶の水,流入計,16,9,11,767,383,1170,104
306,本郷３,本郷通り×春日通り,R4/11,本富士,C お茶の水,流入計,17,13,13,690,270,986,155
306,本郷３,本郷通り×春日通り,R4/11,本富士,C お茶の水,流入計,18,11,5,895,158,1069,132
306,本郷３,本郷通り×春日通り,R4/11,本富士,C お茶の水,流入計,12時間計,119,125,6560,4050,10854,896
306,本郷３,本郷通り×春日通り,R4/11,本富士,D 上野,10.お茶の水,7,0,2,14,9,25,2
306,本郷３,本郷通り×春日通り,R4/11,本富士,D 上野,10.お茶の水,8,0,2,19,9,30,1
306,本郷３,本郷通り×春日通り,R4/11,本富士,D 上野,10.お茶の水,9,1,2,25,11,39,3
306,本郷３,本郷通り×春日通り,R4/11,本富士,D 上野,10.お茶の水,10,0,0,23,6,29,0
306,本郷３,本郷通り×春日通り,R4/11,本富士,D 上野,10.お茶の水,11,0,0,21,20,41,1
306,本郷３,本郷通り×春日通り,R4/11,本富士,D 上野,10.お茶の水,12,1,0,12,12,25,0
306,本郷３,本郷通り×春日通り,R4/11,本富士,D 上野,10.お茶の水,13,0,0,13,5,18,0
306,本郷３,本郷通り×春日通り,R4/11,本富士,D 上野,10.お茶の水,14,0,1,19,8,28,0
306,本郷３,本郷通り×春日通り,R4/11,本富士,D 上野,10.お茶の水,15,0,0,25,11,36,3
306,本郷３,本郷通り×春日通り,R4/11,本富士,D 上野,10.お茶の水,16,0,0,17,12,29,1
306,本郷３,本郷通り×春日通り,R4/11,本富士,D 上野,10.お茶の水,17,0,0,7,9,16,2
306,本郷３,本郷通り×春日通り,R4/11,本富士,D 上野,10.お茶の水,18,0,0,16,3,19,1
306,本郷３,本郷通り×春日通り,R4/11,本富士,D 上野,10.お茶の水,12時間計,2,7,211,115,335,14
306,本郷３,本郷通り×春日通り,R4/11,本富士,D 上野,11.春日町,7,13,3,159,178,353,38
306,本郷３,本郷通り×春日通り,R4/11,本富士,D 上野,11.春日町,8,16,13,269,181,479,26
306,本郷３,本郷通り×春日通り,R4/11,本富士,D 上野,11.春日町,9,15,6,215,208,444,23
306,本郷３,本郷通り×春日通り,R4/11,本富士,D 上野,11.春日町,10,13,12,283,162,470,28
306,本郷３,本郷通り×春日通り,R4/11,本富士,D 上野,11.春日町,11,14,0,252,217,483,33
306,本郷３,本郷通り×春日通り,R4/11,本富士,D 上野,11.春日町,12,12,2,272,165,451,25
306,本郷３,本郷通り×春日通り,R4/11,本富士,D 上野,11.春日町,13,11,9,305,184,509,34
306,本郷３,本郷通り×春日通り,R4/11,本富士,D 上野,11.春日町,14,13,6,300,172,491,36
306,本郷３,本郷通り×春日通り,R4/11,本富士,D 上野,11.春日町,15,13,2,342,167,524,41
306,本郷３,本郷通り×春日通り,R4/11,本富士,D 上野,11.春日町,16,10,2,370,172,554,36
306,本郷３,本郷通り×春日通り,R4/11,本富士,D 上野,11.春日町,17,10,6,410,158,584,65
306,本郷３,本郷通り×春日通り,R4/11,本富士,D 上野,11.春日町,18,17,4,374,104,499,39
306,本郷３,本郷通り×春日通り,R4/11,本富士,D 上野,11.春日町,12時間計,157,65,3551,2068,5841,424
306,本郷３,本郷通り×春日通り,R4/11,本富士,D 上野,12.駒込,7,1,0,9,9,19,1
306,本郷３,本郷通り×春日通り,R4/11,本富士,D 上野,12.駒込,8,0,0,0,0,0,0
306,本郷３,本郷通り×春日通り,R4/11,本富士,D 上野,12.駒込,9,0,0,0,0,0,0
306,本郷３,本郷通り×春日通り,R4/11,本富士,D 上野,12.駒込,10,0,0,0,0,0,0
306,本郷３,本郷通り×春日通り,R4/11,本富士,D 上野,12.駒込,11,0,0,0,0,0,0
306,本郷３,本郷通り×春日通り,R4/11,本富士,D 上野,12.駒込,12,0,0,0,0,0,0
306,本郷３,本郷通り×春日通り,R4/11,本富士,D 上野,12.駒込,13,0,0,0,0,0,0
306,本郷３,本郷通り×春日通り,R4/11,本富士,D 上野,12.駒込,14,0,0,0,0,0,0
306,本郷３,本郷通り×春日通り,R4/11,本富士,D 上野,12.駒込,15,0,0,0,0,0,0
306,本郷３,本郷通り×春日通り,R4/11,本富士,D 上野,12.駒込,16,0,0,0,0,0,0
306,本郷３,本郷通り×春日通り,R4/11,本富士,D 上野,12.駒込,17,0,0,0,0,0,0
306,本郷３,本郷通り×春日通り,R4/11,本富士,D 上野,12.駒込,18,0,0,0,0,0,0
306,本郷３,本郷通り×春日通り,R4/11,本富士,D 上野,12.駒込,12時間計,1,0,9,9,19,1
306,本郷３,本郷通り×春日通り,R4/11,本富士,D 上野,流入計,7,14,5,182,196,397,41
306,本郷３,本郷通り×春日通り,R4/11,本富士,D 上野,流入計,8,16,15,288,190,509,27
306,本郷３,本郷通り×春日通り,R4/11,本富士,D 上野,流入計,9,16,8,240,219,483,26
306,本郷３,本郷通り×春日通り,R4/11,本富士,D 上野,流入計,10,13,12,306,168,499,28
306,本郷３,本郷通り×春日通り,R4/11,本富士,D 上野,流入計,11,14,0,273,237,524,34
306,本郷３,本郷通り×春日通り,R4/11,本富士,D 上野,流入計,12,13,2,284,177,476,25
306,本郷３,本郷通り×春日通り,R4/11,本富士,D 上野,流入計,13,11,9,318,189,527,34
306,本郷３,本郷通り×春日通り,R4/11,本富士,D 上野,流入計,14,13,7,319,180,519,36
306,本郷３,本郷通り×春日通り,R4/11,本富士,D 上野,流入計,15,13,2,367,178,560,44
306,本郷３,本郷通り×春日通り,R4/11,本富士,D 上野,流入計,16,10,2,387,184,583,37
306,本郷３,本郷通り×春日通り,R4/11,本富士,D 上野,流入計,17,10,6,417,167,600,67
306,本郷３,本郷通り×春日通り,R4/11,本富士,D 上野,流入計,18,17,4,390,107,518,40
306,本郷３,本郷通り×春日通り,R4/11,本富士,D 上野,流入計,12時間計,160,72,3771,2192,6195,439
