﻿地点番号,地点名,交差道路名,調査年月,管轄警察署,流入方向,流出方向,時間帯等,車道通行自転車,歩道通行自転車,自転車計
306,本郷３,本郷通り×春日通り,R4/11,本富士,A 駒込,1上野,7,2,-,-
306,本郷３,本郷通り×春日通り,R4/11,本富士,A 駒込,1上野,8,0,-,-
306,本郷３,本郷通り×春日通り,R4/11,本富士,A 駒込,1上野,9,6,-,-
306,本郷３,本郷通り×春日通り,R4/11,本富士,A 駒込,1上野,10,4,-,-
306,本郷３,本郷通り×春日通り,R4/11,本富士,A 駒込,1上野,11,5,-,-
306,本郷３,本郷通り×春日通り,R4/11,本富士,A 駒込,1上野,12,9,-,-
306,本郷３,本郷通り×春日通り,R4/11,本富士,A 駒込,1上野,13,4,-,-
306,本郷３,本郷通り×春日通り,R4/11,本富士,A 駒込,1上野,14,2,-,-
306,本郷３,本郷通り×春日通り,R4/11,本富士,A 駒込,1上野,15,2,-,-
306,本郷３,本郷通り×春日通り,R4/11,本富士,A 駒込,1上野,16,7,-,-
306,本郷３,本郷通り×春日通り,R4/11,本富士,A 駒込,1上野,17,6,-,-
306,本郷３,本郷通り×春日通り,R4/11,本富士,A 駒込,1上野,18,2,-,-
306,本郷３,本郷通り×春日通り,R4/11,本富士,A 駒込,1上野,12時間計,49,-,-
306,本郷３,本郷通り×春日通り,R4/11,本富士,A 駒込,2お茶の水,7,46,-,-
306,本郷３,本郷通り×春日通り,R4/11,本富士,A 駒込,2お茶の水,8,119,-,-
306,本郷３,本郷通り×春日通り,R4/11,本富士,A 駒込,2お茶の水,9,78,-,-
306,本郷３,本郷通り×春日通り,R4/11,本富士,A 駒込,2お茶の水,10,43,-,-
306,本郷３,本郷通り×春日通り,R4/11,本富士,A 駒込,2お茶の水,11,41,-,-
306,本郷３,本郷通り×春日通り,R4/11,本富士,A 駒込,2お茶の水,12,35,-,-
306,本郷３,本郷通り×春日通り,R4/11,本富士,A 駒込,2お茶の水,13,45,-,-
306,本郷３,本郷通り×春日通り,R4/11,本富士,A 駒込,2お茶の水,14,29,-,-
306,本郷３,本郷通り×春日通り,R4/11,本富士,A 駒込,2お茶の水,15,30,-,-
306,本郷３,本郷通り×春日通り,R4/11,本富士,A 駒込,2お茶の水,16,46,-,-
306,本郷３,本郷通り×春日通り,R4/11,本富士,A 駒込,2お茶の水,17,44,-,-
306,本郷３,本郷通り×春日通り,R4/11,本富士,A 駒込,2お茶の水,18,41,-,-
306,本郷３,本郷通り×春日通り,R4/11,本富士,A 駒込,2お茶の水,12時間計,597,-,-
306,本郷３,本郷通り×春日通り,R4/11,本富士,A 駒込,3春日町,7,0,-,-
306,本郷３,本郷通り×春日通り,R4/11,本富士,A 駒込,3春日町,8,0,-,-
306,本郷３,本郷通り×春日通り,R4/11,本富士,A 駒込,3春日町,9,0,-,-
306,本郷３,本郷通り×春日通り,R4/11,本富士,A 駒込,3春日町,10,0,-,-
306,本郷３,本郷通り×春日通り,R4/11,本富士,A 駒込,3春日町,11,0,-,-
306,本郷３,本郷通り×春日通り,R4/11,本富士,A 駒込,3春日町,12,0,-,-
306,本郷３,本郷通り×春日通り,R4/11,本富士,A 駒込,3春日町,13,0,-,-
306,本郷３,本郷通り×春日通り,R4/11,本富士,A 駒込,3春日町,14,0,-,-
306,本郷３,本郷通り×春日通り,R4/11,本富士,A 駒込,3春日町,15,0,-,-
306,本郷３,本郷通り×春日通り,R4/11,本富士,A 駒込,3春日町,16,0,-,-
306,本郷３,本郷通り×春日通り,R4/11,本富士,A 駒込,3春日町,17,0,-,-
306,本郷３,本郷通り×春日通り,R4/11,本富士,A 駒込,3春日町,18,0,-,-
306,本郷３,本郷通り×春日通り,R4/11,本富士,A 駒込,3春日町,12時間計,0,-,-
306,本郷３,本郷通り×春日通り,R4/11,本富士,A 駒込,流入計,7,48,55,103
306,本郷３,本郷通り×春日通り,R4/11,本富士,A 駒込,流入計,8,119,89,208
306,本郷３,本郷通り×春日通り,R4/11,本富士,A 駒込,流入計,9,84,103,187
306,本郷３,本郷通り×春日通り,R4/11,本富士,A 駒込,流入計,10,47,71,118
306,本郷３,本郷通り×春日通り,R4/11,本富士,A 駒込,流入計,11,46,100,146
306,本郷３,本郷通り×春日通り,R4/11,本富士,A 駒込,流入計,12,44,67,111
306,本郷３,本郷通り×春日通り,R4/11,本富士,A 駒込,流入計,13,49,48,97
306,本郷３,本郷通り×春日通り,R4/11,本富士,A 駒込,流入計,14,31,48,79
306,本郷３,本郷通り×春日通り,R4/11,本富士,A 駒込,流入計,15,32,56,88
306,本郷３,本郷通り×春日通り,R4/11,本富士,A 駒込,流入計,16,53,50,103
306,本郷３,本郷通り×春日通り,R4/11,本富士,A 駒込,流入計,17,50,94,144
306,本郷３,本郷通り×春日通り,R4/11,本富士,A 駒込,流入計,18,43,45,88
306,本郷３,本郷通り×春日通り,R4/11,本富士,A 駒込,流入計,12時間計,646,826,1472
306,本郷３,本郷通り×春日通り,R4/11,本富士,B 春日町,4駒込,7,1,-,-
306,本郷３,本郷通り×春日通り,R4/11,本富士,B 春日町,4駒込,8,2,-,-
306,本郷３,本郷通り×春日通り,R4/11,本富士,B 春日町,4駒込,9,3,-,-
306,本郷３,本郷通り×春日通り,R4/11,本富士,B 春日町,4駒込,10,0,-,-
306,本郷３,本郷通り×春日通り,R4/11,本富士,B 春日町,4駒込,11,4,-,-
306,本郷３,本郷通り×春日通り,R4/11,本富士,B 春日町,4駒込,12,5,-,-
306,本郷３,本郷通り×春日通り,R4/11,本富士,B 春日町,4駒込,13,7,-,-
306,本郷３,本郷通り×春日通り,R4/11,本富士,B 春日町,4駒込,14,1,-,-
306,本郷３,本郷通り×春日通り,R4/11,本富士,B 春日町,4駒込,15,2,-,-
306,本郷３,本郷通り×春日通り,R4/11,本富士,B 春日町,4駒込,16,0,-,-
306,本郷３,本郷通り×春日通り,R4/11,本富士,B 春日町,4駒込,17,6,-,-
306,本郷３,本郷通り×春日通り,R4/11,本富士,B 春日町,4駒込,18,6,-,-
306,本郷３,本郷通り×春日通り,R4/11,本富士,B 春日町,4駒込,12時間計,37,-,-
306,本郷３,本郷通り×春日通り,R4/11,本富士,B 春日町,5上野,7,27,-,-
306,本郷３,本郷通り×春日通り,R4/11,本富士,B 春日町,5上野,8,67,-,-
306,本郷３,本郷通り×春日通り,R4/11,本富士,B 春日町,5上野,9,65,-,-
306,本郷３,本郷通り×春日通り,R4/11,本富士,B 春日町,5上野,10,33,-,-
306,本郷３,本郷通り×春日通り,R4/11,本富士,B 春日町,5上野,11,39,-,-
306,本郷３,本郷通り×春日通り,R4/11,本富士,B 春日町,5上野,12,51,-,-
306,本郷３,本郷通り×春日通り,R4/11,本富士,B 春日町,5上野,13,32,-,-
306,本郷３,本郷通り×春日通り,R4/11,本富士,B 春日町,5上野,14,64,-,-
306,本郷３,本郷通り×春日通り,R4/11,本富士,B 春日町,5上野,15,31,-,-
306,本郷３,本郷通り×春日通り,R4/11,本富士,B 春日町,5上野,16,43,-,-
306,本郷３,本郷通り×春日通り,R4/11,本富士,B 春日町,5上野,17,54,-,-
306,本郷３,本郷通り×春日通り,R4/11,本富士,B 春日町,5上野,18,57,-,-
306,本郷３,本郷通り×春日通り,R4/11,本富士,B 春日町,5上野,12時間計,563,-,-
306,本郷３,本郷通り×春日通り,R4/11,本富士,B 春日町,6お茶の水,7,0,-,-
306,本郷３,本郷通り×春日通り,R4/11,本富士,B 春日町,6お茶の水,8,0,-,-
306,本郷３,本郷通り×春日通り,R4/11,本富士,B 春日町,6お茶の水,9,0,-,-
306,本郷３,本郷通り×春日通り,R4/11,本富士,B 春日町,6お茶の水,10,0,-,-
306,本郷３,本郷通り×春日通り,R4/11,本富士,B 春日町,6お茶の水,11,0,-,-
306,本郷３,本郷通り×春日通り,R4/11,本富士,B 春日町,6お茶の水,12,0,-,-
306,本郷３,本郷通り×春日通り,R4/11,本富士,B 春日町,6お茶の水,13,0,-,-
306,本郷３,本郷通り×春日通り,R4/11,本富士,B 春日町,6お茶の水,14,0,-,-
306,本郷３,本郷通り×春日通り,R4/11,本富士,B 春日町,6お茶の水,15,0,-,-
306,本郷３,本郷通り×春日通り,R4/11,本富士,B 春日町,6お茶の水,16,0,-,-
306,本郷３,本郷通り×春日通り,R4/11,本富士,B 春日町,6お茶の水,17,0,-,-
306,本郷３,本郷通り×春日通り,R4/11,本富士,B 春日町,6お茶の水,18,0,-,-
306,本郷３,本郷通り×春日通り,R4/11,本富士,B 春日町,6お茶の水,12時間計,0,-,-
306,本郷３,本郷通り×春日通り,R4/11,本富士,B 春日町,流入計,7,28,25,53
306,本郷３,本郷通り×春日通り,R4/11,本富士,B 春日町,流入計,8,69,69,138
306,本郷３,本郷通り×春日通り,R4/11,本富士,B 春日町,流入計,9,68,58,126
306,本郷３,本郷通り×春日通り,R4/11,本富士,B 春日町,流入計,10,33,62,95
306,本郷３,本郷通り×春日通り,R4/11,本富士,B 春日町,流入計,11,43,82,125
306,本郷３,本郷通り×春日通り,R4/11,本富士,B 春日町,流入計,12,56,76,132
306,本郷３,本郷通り×春日通り,R4/11,本富士,B 春日町,流入計,13,39,73,112
306,本郷３,本郷通り×春日通り,R4/11,本富士,B 春日町,流入計,14,65,64,129
306,本郷３,本郷通り×春日通り,R4/11,本富士,B 春日町,流入計,15,33,67,100
306,本郷３,本郷通り×春日通り,R4/11,本富士,B 春日町,流入計,16,43,56,99
306,本郷３,本郷通り×春日通り,R4/11,本富士,B 春日町,流入計,17,60,74,134
306,本郷３,本郷通り×春日通り,R4/11,本富士,B 春日町,流入計,18,63,73,136
306,本郷３,本郷通り×春日通り,R4/11,本富士,B 春日町,流入計,12時間計,600,779,1379
306,本郷３,本郷通り×春日通り,R4/11,本富士,C お茶の水,7春日町,7,6,-,-
306,本郷３,本郷通り×春日通り,R4/11,本富士,C お茶の水,7春日町,8,5,-,-
306,本郷３,本郷通り×春日通り,R4/11,本富士,C お茶の水,7春日町,9,0,-,-
306,本郷３,本郷通り×春日通り,R4/11,本富士,C お茶の水,7春日町,10,2,-,-
306,本郷３,本郷通り×春日通り,R4/11,本富士,C お茶の水,7春日町,11,7,-,-
306,本郷３,本郷通り×春日通り,R4/11,本富士,C お茶の水,7春日町,12,2,-,-
306,本郷３,本郷通り×春日通り,R4/11,本富士,C お茶の水,7春日町,13,3,-,-
306,本郷３,本郷通り×春日通り,R4/11,本富士,C お茶の水,7春日町,14,0,-,-
306,本郷３,本郷通り×春日通り,R4/11,本富士,C お茶の水,7春日町,15,4,-,-
306,本郷３,本郷通り×春日通り,R4/11,本富士,C お茶の水,7春日町,16,4,-,-
306,本郷３,本郷通り×春日通り,R4/11,本富士,C お茶の水,7春日町,17,1,-,-
306,本郷３,本郷通り×春日通り,R4/11,本富士,C お茶の水,7春日町,18,4,-,-
306,本郷３,本郷通り×春日通り,R4/11,本富士,C お茶の水,7春日町,12時間計,38,-,-
306,本郷３,本郷通り×春日通り,R4/11,本富士,C お茶の水,8駒込,7,16,-,-
306,本郷３,本郷通り×春日通り,R4/11,本富士,C お茶の水,8駒込,8,36,-,-
306,本郷３,本郷通り×春日通り,R4/11,本富士,C お茶の水,8駒込,9,43,-,-
306,本郷３,本郷通り×春日通り,R4/11,本富士,C お茶の水,8駒込,10,44,-,-
306,本郷３,本郷通り×春日通り,R4/11,本富士,C お茶の水,8駒込,11,49,-,-
306,本郷３,本郷通り×春日通り,R4/11,本富士,C お茶の水,8駒込,12,62,-,-
306,本郷３,本郷通り×春日通り,R4/11,本富士,C お茶の水,8駒込,13,48,-,-
306,本郷３,本郷通り×春日通り,R4/11,本富士,C お茶の水,8駒込,14,44,-,-
306,本郷３,本郷通り×春日通り,R4/11,本富士,C お茶の水,8駒込,15,48,-,-
306,本郷３,本郷通り×春日通り,R4/11,本富士,C お茶の水,8駒込,16,64,-,-
306,本郷３,本郷通り×春日通り,R4/11,本富士,C お茶の水,8駒込,17,77,-,-
306,本郷３,本郷通り×春日通り,R4/11,本富士,C お茶の水,8駒込,18,107,-,-
306,本郷３,本郷通り×春日通り,R4/11,本富士,C お茶の水,8駒込,12時間計,638,-,-
306,本郷３,本郷通り×春日通り,R4/11,本富士,C お茶の水,9上野,7,0,-,-
306,本郷３,本郷通り×春日通り,R4/11,本富士,C お茶の水,9上野,8,0,-,-
306,本郷３,本郷通り×春日通り,R4/11,本富士,C お茶の水,9上野,9,0,-,-
306,本郷３,本郷通り×春日通り,R4/11,本富士,C お茶の水,9上野,10,0,-,-
306,本郷３,本郷通り×春日通り,R4/11,本富士,C お茶の水,9上野,11,0,-,-
306,本郷３,本郷通り×春日通り,R4/11,本富士,C お茶の水,9上野,12,0,-,-
306,本郷３,本郷通り×春日通り,R4/11,本富士,C お茶の水,9上野,13,0,-,-
306,本郷３,本郷通り×春日通り,R4/11,本富士,C お茶の水,9上野,14,0,-,-
306,本郷３,本郷通り×春日通り,R4/11,本富士,C お茶の水,9上野,15,0,-,-
306,本郷３,本郷通り×春日通り,R4/11,本富士,C お茶の水,9上野,16,0,-,-
306,本郷３,本郷通り×春日通り,R4/11,本富士,C お茶の水,9上野,17,0,-,-
306,本郷３,本郷通り×春日通り,R4/11,本富士,C お茶の水,9上野,18,0,-,-
306,本郷３,本郷通り×春日通り,R4/11,本富士,C お茶の水,9上野,12時間計,0,-,-
306,本郷３,本郷通り×春日通り,R4/11,本富士,C お茶の水,流入計,7,22,19,41
306,本郷３,本郷通り×春日通り,R4/11,本富士,C お茶の水,流入計,8,41,46,87
306,本郷３,本郷通り×春日通り,R4/11,本富士,C お茶の水,流入計,9,43,75,118
306,本郷３,本郷通り×春日通り,R4/11,本富士,C お茶の水,流入計,10,46,80,126
306,本郷３,本郷通り×春日通り,R4/11,本富士,C お茶の水,流入計,11,56,89,145
306,本郷３,本郷通り×春日通り,R4/11,本富士,C お茶の水,流入計,12,64,80,144
306,本郷３,本郷通り×春日通り,R4/11,本富士,C お茶の水,流入計,13,51,88,139
306,本郷３,本郷通り×春日通り,R4/11,本富士,C お茶の水,流入計,14,44,53,97
306,本郷３,本郷通り×春日通り,R4/11,本富士,C お茶の水,流入計,15,52,56,108
306,本郷３,本郷通り×春日通り,R4/11,本富士,C お茶の水,流入計,16,68,80,148
306,本郷３,本郷通り×春日通り,R4/11,本富士,C お茶の水,流入計,17,78,121,199
306,本郷３,本郷通り×春日通り,R4/11,本富士,C お茶の水,流入計,18,111,91,202
306,本郷３,本郷通り×春日通り,R4/11,本富士,C お茶の水,流入計,12時間計,676,878,1554
306,本郷３,本郷通り×春日通り,R4/11,本富士,D 上野,10お茶の水,7,0,-,-
306,本郷３,本郷通り×春日通り,R4/11,本富士,D 上野,10お茶の水,8,0,-,-
306,本郷３,本郷通り×春日通り,R4/11,本富士,D 上野,10お茶の水,9,0,-,-
306,本郷３,本郷通り×春日通り,R4/11,本富士,D 上野,10お茶の水,10,0,-,-
306,本郷３,本郷通り×春日通り,R4/11,本富士,D 上野,10お茶の水,11,1,-,-
306,本郷３,本郷通り×春日通り,R4/11,本富士,D 上野,10お茶の水,12,1,-,-
306,本郷３,本郷通り×春日通り,R4/11,本富士,D 上野,10お茶の水,13,1,-,-
306,本郷３,本郷通り×春日通り,R4/11,本富士,D 上野,10お茶の水,14,0,-,-
306,本郷３,本郷通り×春日通り,R4/11,本富士,D 上野,10お茶の水,15,0,-,-
306,本郷３,本郷通り×春日通り,R4/11,本富士,D 上野,10お茶の水,16,0,-,-
306,本郷３,本郷通り×春日通り,R4/11,本富士,D 上野,10お茶の水,17,1,-,-
306,本郷３,本郷通り×春日通り,R4/11,本富士,D 上野,10お茶の水,18,1,-,-
306,本郷３,本郷通り×春日通り,R4/11,本富士,D 上野,10お茶の水,12時間計,5,-,-
306,本郷３,本郷通り×春日通り,R4/11,本富士,D 上野,11春日町,7,18,-,-
306,本郷３,本郷通り×春日通り,R4/11,本富士,D 上野,11春日町,8,28,-,-
306,本郷３,本郷通り×春日通り,R4/11,本富士,D 上野,11春日町,9,30,-,-
306,本郷３,本郷通り×春日通り,R4/11,本富士,D 上野,11春日町,10,39,-,-
306,本郷３,本郷通り×春日通り,R4/11,本富士,D 上野,11春日町,11,36,-,-
306,本郷３,本郷通り×春日通り,R4/11,本富士,D 上野,11春日町,12,49,-,-
306,本郷３,本郷通り×春日通り,R4/11,本富士,D 上野,11春日町,13,53,-,-
306,本郷３,本郷通り×春日通り,R4/11,本富士,D 上野,11春日町,14,52,-,-
306,本郷３,本郷通り×春日通り,R4/11,本富士,D 上野,11春日町,15,34,-,-
306,本郷３,本郷通り×春日通り,R4/11,本富士,D 上野,11春日町,16,38,-,-
306,本郷３,本郷通り×春日通り,R4/11,本富士,D 上野,11春日町,17,88,-,-
306,本郷３,本郷通り×春日通り,R4/11,本富士,D 上野,11春日町,18,92,-,-
306,本郷３,本郷通り×春日通り,R4/11,本富士,D 上野,11春日町,12時間計,557,-,-
306,本郷３,本郷通り×春日通り,R4/11,本富士,D 上野,12駒込,7,0,-,-
306,本郷３,本郷通り×春日通り,R4/11,本富士,D 上野,12駒込,8,0,-,-
306,本郷３,本郷通り×春日通り,R4/11,本富士,D 上野,12駒込,9,0,-,-
306,本郷３,本郷通り×春日通り,R4/11,本富士,D 上野,12駒込,10,0,-,-
306,本郷３,本郷通り×春日通り,R4/11,本富士,D 上野,12駒込,11,0,-,-
306,本郷３,本郷通り×春日通り,R4/11,本富士,D 上野,12駒込,12,0,-,-
306,本郷３,本郷通り×春日通り,R4/11,本富士,D 上野,12駒込,13,0,-,-
306,本郷３,本郷通り×春日通り,R4/11,本富士,D 上野,12駒込,14,0,-,-
306,本郷３,本郷通り×春日通り,R4/11,本富士,D 上野,12駒込,15,0,-,-
306,本郷３,本郷通り×春日通り,R4/11,本富士,D 上野,12駒込,16,0,-,-
306,本郷３,本郷通り×春日通り,R4/11,本富士,D 上野,12駒込,17,0,-,-
306,本郷３,本郷通り×春日通り,R4/11,本富士,D 上野,12駒込,18,0,-,-
306,本郷３,本郷通り×春日通り,R4/11,本富士,D 上野,12駒込,12時間計,0,-,-
306,本郷３,本郷通り×春日通り,R4/11,本富士,D 上野,流入計,7,18,19,37
306,本郷３,本郷通り×春日通り,R4/11,本富士,D 上野,流入計,8,28,34,62
306,本郷３,本郷通り×春日通り,R4/11,本富士,D 上野,流入計,9,30,51,81
306,本郷３,本郷通り×春日通り,R4/11,本富士,D 上野,流入計,10,39,36,75
306,本郷３,本郷通り×春日通り,R4/11,本富士,D 上野,流入計,11,37,45,82
306,本郷３,本郷通り×春日通り,R4/11,本富士,D 上野,流入計,12,50,38,88
306,本郷３,本郷通り×春日通り,R4/11,本富士,D 上野,流入計,13,54,30,84
306,本郷３,本郷通り×春日通り,R4/11,本富士,D 上野,流入計,14,52,52,104
306,本郷３,本郷通り×春日通り,R4/11,本富士,D 上野,流入計,15,34,49,83
306,本郷３,本郷通り×春日通り,R4/11,本富士,D 上野,流入計,16,38,42,80
306,本郷３,本郷通り×春日通り,R4/11,本富士,D 上野,流入計,17,89,25,114
306,本郷３,本郷通り×春日通り,R4/11,本富士,D 上野,流入計,18,93,9,102
306,本郷３,本郷通り×春日通り,R4/11,本富士,D 上野,流入計,12時間計,562,430,992
306,本郷３,本郷通り×春日通り,R4/11,本富士,全方向計,全方向計,7,116,118,234
306,本郷３,本郷通り×春日通り,R4/11,本富士,全方向計,全方向計,8,257,238,495
306,本郷３,本郷通り×春日通り,R4/11,本富士,全方向計,全方向計,9,225,287,512
306,本郷３,本郷通り×春日通り,R4/11,本富士,全方向計,全方向計,10,165,249,414
306,本郷３,本郷通り×春日通り,R4/11,本富士,全方向計,全方向計,11,182,316,498
306,本郷３,本郷通り×春日通り,R4/11,本富士,全方向計,全方向計,12,214,261,475
306,本郷３,本郷通り×春日通り,R4/11,本富士,全方向計,全方向計,13,193,239,432
306,本郷３,本郷通り×春日通り,R4/11,本富士,全方向計,全方向計,14,192,217,409
306,本郷３,本郷通り×春日通り,R4/11,本富士,全方向計,全方向計,15,151,228,379
306,本郷３,本郷通り×春日通り,R4/11,本富士,全方向計,全方向計,16,202,228,430
306,本郷３,本郷通り×春日通り,R4/11,本富士,全方向計,全方向計,17,277,314,591
306,本郷３,本郷通り×春日通り,R4/11,本富士,全方向計,全方向計,18,310,218,528
306,本郷３,本郷通り×春日通り,R4/11,本富士,全方向計,全方向計,12時間計,2484,2913,5397
