﻿地点番号,地点名,交差道路名,調査年月,管轄警察署,流入方向,流出方向,時間帯等,車道通行自転車,歩道通行自転車,自転車計
　72-2,（田無町３）,都道112号×所沢街道,R4/10,田無,A ひばりが丘,1荻窪,7,9,-,-
　72-2,（田無町３）,都道112号×所沢街道,R4/10,田無,A ひばりが丘,1荻窪,8,7,-,-
　72-2,（田無町３）,都道112号×所沢街道,R4/10,田無,A ひばりが丘,1荻窪,9,2,-,-
　72-2,（田無町３）,都道112号×所沢街道,R4/10,田無,A ひばりが丘,1荻窪,10,1,-,-
　72-2,（田無町３）,都道112号×所沢街道,R4/10,田無,A ひばりが丘,1荻窪,11,3,-,-
　72-2,（田無町３）,都道112号×所沢街道,R4/10,田無,A ひばりが丘,1荻窪,12,1,-,-
　72-2,（田無町３）,都道112号×所沢街道,R4/10,田無,A ひばりが丘,1荻窪,13,1,-,-
　72-2,（田無町３）,都道112号×所沢街道,R4/10,田無,A ひばりが丘,1荻窪,14,1,-,-
　72-2,（田無町３）,都道112号×所沢街道,R4/10,田無,A ひばりが丘,1荻窪,15,0,-,-
　72-2,（田無町３）,都道112号×所沢街道,R4/10,田無,A ひばりが丘,1荻窪,16,2,-,-
　72-2,（田無町３）,都道112号×所沢街道,R4/10,田無,A ひばりが丘,1荻窪,17,1,-,-
　72-2,（田無町３）,都道112号×所沢街道,R4/10,田無,A ひばりが丘,1荻窪,18,5,-,-
　72-2,（田無町３）,都道112号×所沢街道,R4/10,田無,A ひばりが丘,1荻窪,12時間計,33,-,-
　72-2,（田無町３）,都道112号×所沢街道,R4/10,田無,A ひばりが丘,2三鷹,7,19,-,-
　72-2,（田無町３）,都道112号×所沢街道,R4/10,田無,A ひばりが丘,2三鷹,8,9,-,-
　72-2,（田無町３）,都道112号×所沢街道,R4/10,田無,A ひばりが丘,2三鷹,9,3,-,-
　72-2,（田無町３）,都道112号×所沢街道,R4/10,田無,A ひばりが丘,2三鷹,10,4,-,-
　72-2,（田無町３）,都道112号×所沢街道,R4/10,田無,A ひばりが丘,2三鷹,11,4,-,-
　72-2,（田無町３）,都道112号×所沢街道,R4/10,田無,A ひばりが丘,2三鷹,12,1,-,-
　72-2,（田無町３）,都道112号×所沢街道,R4/10,田無,A ひばりが丘,2三鷹,13,1,-,-
　72-2,（田無町３）,都道112号×所沢街道,R4/10,田無,A ひばりが丘,2三鷹,14,3,-,-
　72-2,（田無町３）,都道112号×所沢街道,R4/10,田無,A ひばりが丘,2三鷹,15,1,-,-
　72-2,（田無町３）,都道112号×所沢街道,R4/10,田無,A ひばりが丘,2三鷹,16,3,-,-
　72-2,（田無町３）,都道112号×所沢街道,R4/10,田無,A ひばりが丘,2三鷹,17,10,-,-
　72-2,（田無町３）,都道112号×所沢街道,R4/10,田無,A ひばりが丘,2三鷹,18,13,-,-
　72-2,（田無町３）,都道112号×所沢街道,R4/10,田無,A ひばりが丘,2三鷹,12時間計,71,-,-
　72-2,（田無町３）,都道112号×所沢街道,R4/10,田無,A ひばりが丘,3小平,7,0,-,-
　72-2,（田無町３）,都道112号×所沢街道,R4/10,田無,A ひばりが丘,3小平,8,0,-,-
　72-2,（田無町３）,都道112号×所沢街道,R4/10,田無,A ひばりが丘,3小平,9,0,-,-
　72-2,（田無町３）,都道112号×所沢街道,R4/10,田無,A ひばりが丘,3小平,10,0,-,-
　72-2,（田無町３）,都道112号×所沢街道,R4/10,田無,A ひばりが丘,3小平,11,0,-,-
　72-2,（田無町３）,都道112号×所沢街道,R4/10,田無,A ひばりが丘,3小平,12,0,-,-
　72-2,（田無町３）,都道112号×所沢街道,R4/10,田無,A ひばりが丘,3小平,13,0,-,-
　72-2,（田無町３）,都道112号×所沢街道,R4/10,田無,A ひばりが丘,3小平,14,0,-,-
　72-2,（田無町３）,都道112号×所沢街道,R4/10,田無,A ひばりが丘,3小平,15,0,-,-
　72-2,（田無町３）,都道112号×所沢街道,R4/10,田無,A ひばりが丘,3小平,16,0,-,-
　72-2,（田無町３）,都道112号×所沢街道,R4/10,田無,A ひばりが丘,3小平,17,0,-,-
　72-2,（田無町３）,都道112号×所沢街道,R4/10,田無,A ひばりが丘,3小平,18,0,-,-
　72-2,（田無町３）,都道112号×所沢街道,R4/10,田無,A ひばりが丘,3小平,12時間計,0,-,-
　72-2,（田無町３）,都道112号×所沢街道,R4/10,田無,A ひばりが丘,流入計,7,28,257,285
　72-2,（田無町３）,都道112号×所沢街道,R4/10,田無,A ひばりが丘,流入計,8,16,478,494
　72-2,（田無町３）,都道112号×所沢街道,R4/10,田無,A ひばりが丘,流入計,9,5,235,240
　72-2,（田無町３）,都道112号×所沢街道,R4/10,田無,A ひばりが丘,流入計,10,5,160,165
　72-2,（田無町３）,都道112号×所沢街道,R4/10,田無,A ひばりが丘,流入計,11,7,168,175
　72-2,（田無町３）,都道112号×所沢街道,R4/10,田無,A ひばりが丘,流入計,12,2,156,158
　72-2,（田無町３）,都道112号×所沢街道,R4/10,田無,A ひばりが丘,流入計,13,2,134,136
　72-2,（田無町３）,都道112号×所沢街道,R4/10,田無,A ひばりが丘,流入計,14,4,178,182
　72-2,（田無町３）,都道112号×所沢街道,R4/10,田無,A ひばりが丘,流入計,15,1,177,178
　72-2,（田無町３）,都道112号×所沢街道,R4/10,田無,A ひばりが丘,流入計,16,5,180,185
　72-2,（田無町３）,都道112号×所沢街道,R4/10,田無,A ひばりが丘,流入計,17,11,171,182
　72-2,（田無町３）,都道112号×所沢街道,R4/10,田無,A ひばりが丘,流入計,18,18,178,196
　72-2,（田無町３）,都道112号×所沢街道,R4/10,田無,A ひばりが丘,流入計,12時間計,104,2472,2576
　72-2,（田無町３）,都道112号×所沢街道,R4/10,田無,B 小平,4ひばりが丘,7,0,-,-
　72-2,（田無町３）,都道112号×所沢街道,R4/10,田無,B 小平,4ひばりが丘,8,0,-,-
　72-2,（田無町３）,都道112号×所沢街道,R4/10,田無,B 小平,4ひばりが丘,9,0,-,-
　72-2,（田無町３）,都道112号×所沢街道,R4/10,田無,B 小平,4ひばりが丘,10,0,-,-
　72-2,（田無町３）,都道112号×所沢街道,R4/10,田無,B 小平,4ひばりが丘,11,0,-,-
　72-2,（田無町３）,都道112号×所沢街道,R4/10,田無,B 小平,4ひばりが丘,12,0,-,-
　72-2,（田無町３）,都道112号×所沢街道,R4/10,田無,B 小平,4ひばりが丘,13,0,-,-
　72-2,（田無町３）,都道112号×所沢街道,R4/10,田無,B 小平,4ひばりが丘,14,0,-,-
　72-2,（田無町３）,都道112号×所沢街道,R4/10,田無,B 小平,4ひばりが丘,15,0,-,-
　72-2,（田無町３）,都道112号×所沢街道,R4/10,田無,B 小平,4ひばりが丘,16,0,-,-
　72-2,（田無町３）,都道112号×所沢街道,R4/10,田無,B 小平,4ひばりが丘,17,0,-,-
　72-2,（田無町３）,都道112号×所沢街道,R4/10,田無,B 小平,4ひばりが丘,18,0,-,-
　72-2,（田無町３）,都道112号×所沢街道,R4/10,田無,B 小平,4ひばりが丘,12時間計,0,-,-
　72-2,（田無町３）,都道112号×所沢街道,R4/10,田無,B 小平,5荻窪,7,5,-,-
　72-2,（田無町３）,都道112号×所沢街道,R4/10,田無,B 小平,5荻窪,8,1,-,-
　72-2,（田無町３）,都道112号×所沢街道,R4/10,田無,B 小平,5荻窪,9,5,-,-
　72-2,（田無町３）,都道112号×所沢街道,R4/10,田無,B 小平,5荻窪,10,1,-,-
　72-2,（田無町３）,都道112号×所沢街道,R4/10,田無,B 小平,5荻窪,11,1,-,-
　72-2,（田無町３）,都道112号×所沢街道,R4/10,田無,B 小平,5荻窪,12,2,-,-
　72-2,（田無町３）,都道112号×所沢街道,R4/10,田無,B 小平,5荻窪,13,0,-,-
　72-2,（田無町３）,都道112号×所沢街道,R4/10,田無,B 小平,5荻窪,14,0,-,-
　72-2,（田無町３）,都道112号×所沢街道,R4/10,田無,B 小平,5荻窪,15,0,-,-
　72-2,（田無町３）,都道112号×所沢街道,R4/10,田無,B 小平,5荻窪,16,0,-,-
　72-2,（田無町３）,都道112号×所沢街道,R4/10,田無,B 小平,5荻窪,17,0,-,-
　72-2,（田無町３）,都道112号×所沢街道,R4/10,田無,B 小平,5荻窪,18,1,-,-
　72-2,（田無町３）,都道112号×所沢街道,R4/10,田無,B 小平,5荻窪,12時間計,16,-,-
　72-2,（田無町３）,都道112号×所沢街道,R4/10,田無,B 小平,6三鷹,7,0,-,-
　72-2,（田無町３）,都道112号×所沢街道,R4/10,田無,B 小平,6三鷹,8,0,-,-
　72-2,（田無町３）,都道112号×所沢街道,R4/10,田無,B 小平,6三鷹,9,0,-,-
　72-2,（田無町３）,都道112号×所沢街道,R4/10,田無,B 小平,6三鷹,10,0,-,-
　72-2,（田無町３）,都道112号×所沢街道,R4/10,田無,B 小平,6三鷹,11,0,-,-
　72-2,（田無町３）,都道112号×所沢街道,R4/10,田無,B 小平,6三鷹,12,0,-,-
　72-2,（田無町３）,都道112号×所沢街道,R4/10,田無,B 小平,6三鷹,13,0,-,-
　72-2,（田無町３）,都道112号×所沢街道,R4/10,田無,B 小平,6三鷹,14,0,-,-
　72-2,（田無町３）,都道112号×所沢街道,R4/10,田無,B 小平,6三鷹,15,0,-,-
　72-2,（田無町３）,都道112号×所沢街道,R4/10,田無,B 小平,6三鷹,16,0,-,-
　72-2,（田無町３）,都道112号×所沢街道,R4/10,田無,B 小平,6三鷹,17,0,-,-
　72-2,（田無町３）,都道112号×所沢街道,R4/10,田無,B 小平,6三鷹,18,0,-,-
　72-2,（田無町３）,都道112号×所沢街道,R4/10,田無,B 小平,6三鷹,12時間計,0,-,-
　72-2,（田無町３）,都道112号×所沢街道,R4/10,田無,B 小平,流入計,7,5,64,69
　72-2,（田無町３）,都道112号×所沢街道,R4/10,田無,B 小平,流入計,8,1,92,93
　72-2,（田無町３）,都道112号×所沢街道,R4/10,田無,B 小平,流入計,9,5,72,77
　72-2,（田無町３）,都道112号×所沢街道,R4/10,田無,B 小平,流入計,10,1,60,61
　72-2,（田無町３）,都道112号×所沢街道,R4/10,田無,B 小平,流入計,11,1,60,61
　72-2,（田無町３）,都道112号×所沢街道,R4/10,田無,B 小平,流入計,12,2,106,108
　72-2,（田無町３）,都道112号×所沢街道,R4/10,田無,B 小平,流入計,13,0,96,96
　72-2,（田無町３）,都道112号×所沢街道,R4/10,田無,B 小平,流入計,14,0,85,85
　72-2,（田無町３）,都道112号×所沢街道,R4/10,田無,B 小平,流入計,15,0,95,95
　72-2,（田無町３）,都道112号×所沢街道,R4/10,田無,B 小平,流入計,16,0,112,112
　72-2,（田無町３）,都道112号×所沢街道,R4/10,田無,B 小平,流入計,17,0,88,88
　72-2,（田無町３）,都道112号×所沢街道,R4/10,田無,B 小平,流入計,18,1,122,123
　72-2,（田無町３）,都道112号×所沢街道,R4/10,田無,B 小平,流入計,12時間計,16,1052,1068
　72-2,（田無町３）,都道112号×所沢街道,R4/10,田無,C 三鷹,7小平,7,0,-,-
　72-2,（田無町３）,都道112号×所沢街道,R4/10,田無,C 三鷹,7小平,8,1,-,-
　72-2,（田無町３）,都道112号×所沢街道,R4/10,田無,C 三鷹,7小平,9,0,-,-
　72-2,（田無町３）,都道112号×所沢街道,R4/10,田無,C 三鷹,7小平,10,0,-,-
　72-2,（田無町３）,都道112号×所沢街道,R4/10,田無,C 三鷹,7小平,11,0,-,-
　72-2,（田無町３）,都道112号×所沢街道,R4/10,田無,C 三鷹,7小平,12,0,-,-
　72-2,（田無町３）,都道112号×所沢街道,R4/10,田無,C 三鷹,7小平,13,0,-,-
　72-2,（田無町３）,都道112号×所沢街道,R4/10,田無,C 三鷹,7小平,14,0,-,-
　72-2,（田無町３）,都道112号×所沢街道,R4/10,田無,C 三鷹,7小平,15,0,-,-
　72-2,（田無町３）,都道112号×所沢街道,R4/10,田無,C 三鷹,7小平,16,0,-,-
　72-2,（田無町３）,都道112号×所沢街道,R4/10,田無,C 三鷹,7小平,17,0,-,-
　72-2,（田無町３）,都道112号×所沢街道,R4/10,田無,C 三鷹,7小平,18,0,-,-
　72-2,（田無町３）,都道112号×所沢街道,R4/10,田無,C 三鷹,7小平,12時間計,1,-,-
　72-2,（田無町３）,都道112号×所沢街道,R4/10,田無,C 三鷹,8ひばりが丘,7,3,-,-
　72-2,（田無町３）,都道112号×所沢街道,R4/10,田無,C 三鷹,8ひばりが丘,8,6,-,-
　72-2,（田無町３）,都道112号×所沢街道,R4/10,田無,C 三鷹,8ひばりが丘,9,4,-,-
　72-2,（田無町３）,都道112号×所沢街道,R4/10,田無,C 三鷹,8ひばりが丘,10,2,-,-
　72-2,（田無町３）,都道112号×所沢街道,R4/10,田無,C 三鷹,8ひばりが丘,11,5,-,-
　72-2,（田無町３）,都道112号×所沢街道,R4/10,田無,C 三鷹,8ひばりが丘,12,1,-,-
　72-2,（田無町３）,都道112号×所沢街道,R4/10,田無,C 三鷹,8ひばりが丘,13,2,-,-
　72-2,（田無町３）,都道112号×所沢街道,R4/10,田無,C 三鷹,8ひばりが丘,14,1,-,-
　72-2,（田無町３）,都道112号×所沢街道,R4/10,田無,C 三鷹,8ひばりが丘,15,8,-,-
　72-2,（田無町３）,都道112号×所沢街道,R4/10,田無,C 三鷹,8ひばりが丘,16,3,-,-
　72-2,（田無町３）,都道112号×所沢街道,R4/10,田無,C 三鷹,8ひばりが丘,17,4,-,-
　72-2,（田無町３）,都道112号×所沢街道,R4/10,田無,C 三鷹,8ひばりが丘,18,5,-,-
　72-2,（田無町３）,都道112号×所沢街道,R4/10,田無,C 三鷹,8ひばりが丘,12時間計,44,-,-
　72-2,（田無町３）,都道112号×所沢街道,R4/10,田無,C 三鷹,9荻窪,7,0,-,-
　72-2,（田無町３）,都道112号×所沢街道,R4/10,田無,C 三鷹,9荻窪,8,0,-,-
　72-2,（田無町３）,都道112号×所沢街道,R4/10,田無,C 三鷹,9荻窪,9,0,-,-
　72-2,（田無町３）,都道112号×所沢街道,R4/10,田無,C 三鷹,9荻窪,10,0,-,-
　72-2,（田無町３）,都道112号×所沢街道,R4/10,田無,C 三鷹,9荻窪,11,0,-,-
　72-2,（田無町３）,都道112号×所沢街道,R4/10,田無,C 三鷹,9荻窪,12,0,-,-
　72-2,（田無町３）,都道112号×所沢街道,R4/10,田無,C 三鷹,9荻窪,13,0,-,-
　72-2,（田無町３）,都道112号×所沢街道,R4/10,田無,C 三鷹,9荻窪,14,0,-,-
　72-2,（田無町３）,都道112号×所沢街道,R4/10,田無,C 三鷹,9荻窪,15,0,-,-
　72-2,（田無町３）,都道112号×所沢街道,R4/10,田無,C 三鷹,9荻窪,16,0,-,-
　72-2,（田無町３）,都道112号×所沢街道,R4/10,田無,C 三鷹,9荻窪,17,0,-,-
　72-2,（田無町３）,都道112号×所沢街道,R4/10,田無,C 三鷹,9荻窪,18,0,-,-
　72-2,（田無町３）,都道112号×所沢街道,R4/10,田無,C 三鷹,9荻窪,12時間計,0,-,-
　72-2,（田無町３）,都道112号×所沢街道,R4/10,田無,C 三鷹,流入計,7,3,48,51
　72-2,（田無町３）,都道112号×所沢街道,R4/10,田無,C 三鷹,流入計,8,7,113,120
　72-2,（田無町３）,都道112号×所沢街道,R4/10,田無,C 三鷹,流入計,9,4,65,69
　72-2,（田無町３）,都道112号×所沢街道,R4/10,田無,C 三鷹,流入計,10,2,57,59
　72-2,（田無町３）,都道112号×所沢街道,R4/10,田無,C 三鷹,流入計,11,5,44,49
　72-2,（田無町３）,都道112号×所沢街道,R4/10,田無,C 三鷹,流入計,12,1,56,57
　72-2,（田無町３）,都道112号×所沢街道,R4/10,田無,C 三鷹,流入計,13,2,45,47
　72-2,（田無町３）,都道112号×所沢街道,R4/10,田無,C 三鷹,流入計,14,1,60,61
　72-2,（田無町３）,都道112号×所沢街道,R4/10,田無,C 三鷹,流入計,15,8,82,90
　72-2,（田無町３）,都道112号×所沢街道,R4/10,田無,C 三鷹,流入計,16,3,136,139
　72-2,（田無町３）,都道112号×所沢街道,R4/10,田無,C 三鷹,流入計,17,4,128,132
　72-2,（田無町３）,都道112号×所沢街道,R4/10,田無,C 三鷹,流入計,18,5,86,91
　72-2,（田無町３）,都道112号×所沢街道,R4/10,田無,C 三鷹,流入計,12時間計,45,920,965
　72-2,（田無町３）,都道112号×所沢街道,R4/10,田無,D 荻窪,10三鷹,7,0,-,-
　72-2,（田無町３）,都道112号×所沢街道,R4/10,田無,D 荻窪,10三鷹,8,0,-,-
　72-2,（田無町３）,都道112号×所沢街道,R4/10,田無,D 荻窪,10三鷹,9,0,-,-
　72-2,（田無町３）,都道112号×所沢街道,R4/10,田無,D 荻窪,10三鷹,10,0,-,-
　72-2,（田無町３）,都道112号×所沢街道,R4/10,田無,D 荻窪,10三鷹,11,0,-,-
　72-2,（田無町３）,都道112号×所沢街道,R4/10,田無,D 荻窪,10三鷹,12,0,-,-
　72-2,（田無町３）,都道112号×所沢街道,R4/10,田無,D 荻窪,10三鷹,13,1,-,-
　72-2,（田無町３）,都道112号×所沢街道,R4/10,田無,D 荻窪,10三鷹,14,0,-,-
　72-2,（田無町３）,都道112号×所沢街道,R4/10,田無,D 荻窪,10三鷹,15,4,-,-
　72-2,（田無町３）,都道112号×所沢街道,R4/10,田無,D 荻窪,10三鷹,16,1,-,-
　72-2,（田無町３）,都道112号×所沢街道,R4/10,田無,D 荻窪,10三鷹,17,0,-,-
　72-2,（田無町３）,都道112号×所沢街道,R4/10,田無,D 荻窪,10三鷹,18,0,-,-
　72-2,（田無町３）,都道112号×所沢街道,R4/10,田無,D 荻窪,10三鷹,12時間計,6,-,-
　72-2,（田無町３）,都道112号×所沢街道,R4/10,田無,D 荻窪,11小平,7,2,-,-
　72-2,（田無町３）,都道112号×所沢街道,R4/10,田無,D 荻窪,11小平,8,7,-,-
　72-2,（田無町３）,都道112号×所沢街道,R4/10,田無,D 荻窪,11小平,9,0,-,-
　72-2,（田無町３）,都道112号×所沢街道,R4/10,田無,D 荻窪,11小平,10,2,-,-
　72-2,（田無町３）,都道112号×所沢街道,R4/10,田無,D 荻窪,11小平,11,5,-,-
　72-2,（田無町３）,都道112号×所沢街道,R4/10,田無,D 荻窪,11小平,12,1,-,-
　72-2,（田無町３）,都道112号×所沢街道,R4/10,田無,D 荻窪,11小平,13,1,-,-
　72-2,（田無町３）,都道112号×所沢街道,R4/10,田無,D 荻窪,11小平,14,2,-,-
　72-2,（田無町３）,都道112号×所沢街道,R4/10,田無,D 荻窪,11小平,15,3,-,-
　72-2,（田無町３）,都道112号×所沢街道,R4/10,田無,D 荻窪,11小平,16,4,-,-
　72-2,（田無町３）,都道112号×所沢街道,R4/10,田無,D 荻窪,11小平,17,3,-,-
　72-2,（田無町３）,都道112号×所沢街道,R4/10,田無,D 荻窪,11小平,18,2,-,-
　72-2,（田無町３）,都道112号×所沢街道,R4/10,田無,D 荻窪,11小平,12時間計,32,-,-
　72-2,（田無町３）,都道112号×所沢街道,R4/10,田無,D 荻窪,12ひばりが丘,7,0,-,-
　72-2,（田無町３）,都道112号×所沢街道,R4/10,田無,D 荻窪,12ひばりが丘,8,1,-,-
　72-2,（田無町３）,都道112号×所沢街道,R4/10,田無,D 荻窪,12ひばりが丘,9,0,-,-
　72-2,（田無町３）,都道112号×所沢街道,R4/10,田無,D 荻窪,12ひばりが丘,10,2,-,-
　72-2,（田無町３）,都道112号×所沢街道,R4/10,田無,D 荻窪,12ひばりが丘,11,0,-,-
　72-2,（田無町３）,都道112号×所沢街道,R4/10,田無,D 荻窪,12ひばりが丘,12,0,-,-
　72-2,（田無町３）,都道112号×所沢街道,R4/10,田無,D 荻窪,12ひばりが丘,13,0,-,-
　72-2,（田無町３）,都道112号×所沢街道,R4/10,田無,D 荻窪,12ひばりが丘,14,0,-,-
　72-2,（田無町３）,都道112号×所沢街道,R4/10,田無,D 荻窪,12ひばりが丘,15,2,-,-
　72-2,（田無町３）,都道112号×所沢街道,R4/10,田無,D 荻窪,12ひばりが丘,16,1,-,-
　72-2,（田無町３）,都道112号×所沢街道,R4/10,田無,D 荻窪,12ひばりが丘,17,0,-,-
　72-2,（田無町３）,都道112号×所沢街道,R4/10,田無,D 荻窪,12ひばりが丘,18,0,-,-
　72-2,（田無町３）,都道112号×所沢街道,R4/10,田無,D 荻窪,12ひばりが丘,12時間計,6,-,-
　72-2,（田無町３）,都道112号×所沢街道,R4/10,田無,D 荻窪,流入計,7,2,51,53
　72-2,（田無町３）,都道112号×所沢街道,R4/10,田無,D 荻窪,流入計,8,8,66,74
　72-2,（田無町３）,都道112号×所沢街道,R4/10,田無,D 荻窪,流入計,9,0,65,65
　72-2,（田無町３）,都道112号×所沢街道,R4/10,田無,D 荻窪,流入計,10,4,47,51
　72-2,（田無町３）,都道112号×所沢街道,R4/10,田無,D 荻窪,流入計,11,5,46,51
　72-2,（田無町３）,都道112号×所沢街道,R4/10,田無,D 荻窪,流入計,12,1,56,57
　72-2,（田無町３）,都道112号×所沢街道,R4/10,田無,D 荻窪,流入計,13,2,55,57
　72-2,（田無町３）,都道112号×所沢街道,R4/10,田無,D 荻窪,流入計,14,2,52,54
　72-2,（田無町３）,都道112号×所沢街道,R4/10,田無,D 荻窪,流入計,15,9,60,69
　72-2,（田無町３）,都道112号×所沢街道,R4/10,田無,D 荻窪,流入計,16,6,76,82
　72-2,（田無町３）,都道112号×所沢街道,R4/10,田無,D 荻窪,流入計,17,3,75,78
　72-2,（田無町３）,都道112号×所沢街道,R4/10,田無,D 荻窪,流入計,18,2,65,67
　72-2,（田無町３）,都道112号×所沢街道,R4/10,田無,D 荻窪,流入計,12時間計,44,714,758
　72-2,（田無町３）,都道112号×所沢街道,R4/10,田無,全方向計,全方向計,7,38,420,458
　72-2,（田無町３）,都道112号×所沢街道,R4/10,田無,全方向計,全方向計,8,32,749,781
　72-2,（田無町３）,都道112号×所沢街道,R4/10,田無,全方向計,全方向計,9,14,437,451
　72-2,（田無町３）,都道112号×所沢街道,R4/10,田無,全方向計,全方向計,10,12,324,336
　72-2,（田無町３）,都道112号×所沢街道,R4/10,田無,全方向計,全方向計,11,18,318,336
　72-2,（田無町３）,都道112号×所沢街道,R4/10,田無,全方向計,全方向計,12,6,374,380
　72-2,（田無町３）,都道112号×所沢街道,R4/10,田無,全方向計,全方向計,13,6,330,336
　72-2,（田無町３）,都道112号×所沢街道,R4/10,田無,全方向計,全方向計,14,7,375,382
　72-2,（田無町３）,都道112号×所沢街道,R4/10,田無,全方向計,全方向計,15,18,414,432
　72-2,（田無町３）,都道112号×所沢街道,R4/10,田無,全方向計,全方向計,16,14,504,518
　72-2,（田無町３）,都道112号×所沢街道,R4/10,田無,全方向計,全方向計,17,18,462,480
　72-2,（田無町３）,都道112号×所沢街道,R4/10,田無,全方向計,全方向計,18,26,451,477
　72-2,（田無町３）,都道112号×所沢街道,R4/10,田無,全方向計,全方向計,12時間計,209,5158,5367
