﻿地点番号,地点名,交差道路名,調査年月,管轄警察署,流入方向,流出方向,時間帯等,大型乗用,大型貨物,普通乗用,普通貨物,四輪計,二輪車
 72-2,（田無町３）,都道112号×所沢街道,R4/10,田無,A ひばりが丘,1.荻窪,7,3,0,77,94,174,37
 72-2,（田無町３）,都道112号×所沢街道,R4/10,田無,A ひばりが丘,1.荻窪,8,4,0,76,29,109,5
 72-2,（田無町３）,都道112号×所沢街道,R4/10,田無,A ひばりが丘,1.荻窪,9,3,0,48,30,81,5
 72-2,（田無町３）,都道112号×所沢街道,R4/10,田無,A ひばりが丘,1.荻窪,10,3,2,51,36,92,9
 72-2,（田無町３）,都道112号×所沢街道,R4/10,田無,A ひばりが丘,1.荻窪,11,4,2,44,23,73,9
 72-2,（田無町３）,都道112号×所沢街道,R4/10,田無,A ひばりが丘,1.荻窪,12,4,0,39,22,65,1
 72-2,（田無町３）,都道112号×所沢街道,R4/10,田無,A ひばりが丘,1.荻窪,13,1,0,67,19,87,7
 72-2,（田無町３）,都道112号×所沢街道,R4/10,田無,A ひばりが丘,1.荻窪,14,2,0,52,34,88,5
 72-2,（田無町３）,都道112号×所沢街道,R4/10,田無,A ひばりが丘,1.荻窪,15,3,0,56,22,81,6
 72-2,（田無町３）,都道112号×所沢街道,R4/10,田無,A ひばりが丘,1.荻窪,16,2,0,53,18,73,10
 72-2,（田無町３）,都道112号×所沢街道,R4/10,田無,A ひばりが丘,1.荻窪,17,2,0,77,20,99,4
 72-2,（田無町３）,都道112号×所沢街道,R4/10,田無,A ひばりが丘,1.荻窪,18,1,0,56,10,67,5
 72-2,（田無町３）,都道112号×所沢街道,R4/10,田無,A ひばりが丘,1.荻窪,12時間計,32,4,696,357,1089,103
 72-2,（田無町３）,都道112号×所沢街道,R4/10,田無,A ひばりが丘,2.三鷹,7,0,2,86,38,126,26
 72-2,（田無町３）,都道112号×所沢街道,R4/10,田無,A ひばりが丘,2.三鷹,8,0,3,81,36,120,15
 72-2,（田無町３）,都道112号×所沢街道,R4/10,田無,A ひばりが丘,2.三鷹,9,0,0,77,32,109,9
 72-2,（田無町３）,都道112号×所沢街道,R4/10,田無,A ひばりが丘,2.三鷹,10,0,0,57,38,95,18
 72-2,（田無町３）,都道112号×所沢街道,R4/10,田無,A ひばりが丘,2.三鷹,11,1,0,81,26,108,7
 72-2,（田無町３）,都道112号×所沢街道,R4/10,田無,A ひばりが丘,2.三鷹,12,0,0,62,39,101,14
 72-2,（田無町３）,都道112号×所沢街道,R4/10,田無,A ひばりが丘,2.三鷹,13,0,2,67,26,95,13
 72-2,（田無町３）,都道112号×所沢街道,R4/10,田無,A ひばりが丘,2.三鷹,14,0,0,65,23,88,12
 72-2,（田無町３）,都道112号×所沢街道,R4/10,田無,A ひばりが丘,2.三鷹,15,0,0,82,28,110,18
 72-2,（田無町３）,都道112号×所沢街道,R4/10,田無,A ひばりが丘,2.三鷹,16,2,0,77,25,104,11
 72-2,（田無町３）,都道112号×所沢街道,R4/10,田無,A ひばりが丘,2.三鷹,17,1,0,74,26,101,10
 72-2,（田無町３）,都道112号×所沢街道,R4/10,田無,A ひばりが丘,2.三鷹,18,3,0,76,24,103,14
 72-2,（田無町３）,都道112号×所沢街道,R4/10,田無,A ひばりが丘,2.三鷹,12時間計,7,7,885,361,1260,167
 72-2,（田無町３）,都道112号×所沢街道,R4/10,田無,A ひばりが丘,3.小平,7,22,0,7,6,35,1
 72-2,（田無町３）,都道112号×所沢街道,R4/10,田無,A ひばりが丘,3.小平,8,18,0,19,9,46,3
 72-2,（田無町３）,都道112号×所沢街道,R4/10,田無,A ひばりが丘,3.小平,9,16,0,21,4,41,2
 72-2,（田無町３）,都道112号×所沢街道,R4/10,田無,A ひばりが丘,3.小平,10,14,0,23,4,41,1
 72-2,（田無町３）,都道112号×所沢街道,R4/10,田無,A ひばりが丘,3.小平,11,13,0,16,6,35,3
 72-2,（田無町３）,都道112号×所沢街道,R4/10,田無,A ひばりが丘,3.小平,12,15,0,21,8,44,4
 72-2,（田無町３）,都道112号×所沢街道,R4/10,田無,A ひばりが丘,3.小平,13,14,0,15,12,41,3
 72-2,（田無町３）,都道112号×所沢街道,R4/10,田無,A ひばりが丘,3.小平,14,13,0,24,7,44,5
 72-2,（田無町３）,都道112号×所沢街道,R4/10,田無,A ひばりが丘,3.小平,15,15,0,16,4,35,2
 72-2,（田無町３）,都道112号×所沢街道,R4/10,田無,A ひばりが丘,3.小平,16,15,0,22,7,44,7
 72-2,（田無町３）,都道112号×所沢街道,R4/10,田無,A ひばりが丘,3.小平,17,15,0,16,5,36,1
 72-2,（田無町３）,都道112号×所沢街道,R4/10,田無,A ひばりが丘,3.小平,18,14,0,19,3,36,5
 72-2,（田無町３）,都道112号×所沢街道,R4/10,田無,A ひばりが丘,3.小平,12時間計,184,0,219,75,478,37
 72-2,（田無町３）,都道112号×所沢街道,R4/10,田無,A ひばりが丘,流入計,7,25,2,170,138,335,64
 72-2,（田無町３）,都道112号×所沢街道,R4/10,田無,A ひばりが丘,流入計,8,22,3,176,74,275,23
 72-2,（田無町３）,都道112号×所沢街道,R4/10,田無,A ひばりが丘,流入計,9,19,0,146,66,231,16
 72-2,（田無町３）,都道112号×所沢街道,R4/10,田無,A ひばりが丘,流入計,10,17,2,131,78,228,28
 72-2,（田無町３）,都道112号×所沢街道,R4/10,田無,A ひばりが丘,流入計,11,18,2,141,55,216,19
 72-2,（田無町３）,都道112号×所沢街道,R4/10,田無,A ひばりが丘,流入計,12,19,0,122,69,210,19
 72-2,（田無町３）,都道112号×所沢街道,R4/10,田無,A ひばりが丘,流入計,13,15,2,149,57,223,23
 72-2,（田無町３）,都道112号×所沢街道,R4/10,田無,A ひばりが丘,流入計,14,15,0,141,64,220,22
 72-2,（田無町３）,都道112号×所沢街道,R4/10,田無,A ひばりが丘,流入計,15,18,0,154,54,226,26
 72-2,（田無町３）,都道112号×所沢街道,R4/10,田無,A ひばりが丘,流入計,16,19,0,152,50,221,28
 72-2,（田無町３）,都道112号×所沢街道,R4/10,田無,A ひばりが丘,流入計,17,18,0,167,51,236,15
 72-2,（田無町３）,都道112号×所沢街道,R4/10,田無,A ひばりが丘,流入計,18,18,0,151,37,206,24
 72-2,（田無町３）,都道112号×所沢街道,R4/10,田無,A ひばりが丘,流入計,12時間計,223,11,1800,793,2827,307
 72-2,（田無町３）,都道112号×所沢街道,R4/10,田無,B 小平,4.ひばりが丘,7,0,0,3,0,3,0
 72-2,（田無町３）,都道112号×所沢街道,R4/10,田無,B 小平,4.ひばりが丘,8,1,0,1,1,3,0
 72-2,（田無町３）,都道112号×所沢街道,R4/10,田無,B 小平,4.ひばりが丘,9,0,0,1,1,2,0
 72-2,（田無町３）,都道112号×所沢街道,R4/10,田無,B 小平,4.ひばりが丘,10,0,0,3,6,9,0
 72-2,（田無町３）,都道112号×所沢街道,R4/10,田無,B 小平,4.ひばりが丘,11,0,0,3,4,7,0
 72-2,（田無町３）,都道112号×所沢街道,R4/10,田無,B 小平,4.ひばりが丘,12,0,0,1,0,1,0
 72-2,（田無町３）,都道112号×所沢街道,R4/10,田無,B 小平,4.ひばりが丘,13,1,0,1,2,4,0
 72-2,（田無町３）,都道112号×所沢街道,R4/10,田無,B 小平,4.ひばりが丘,14,0,0,1,1,2,1
 72-2,（田無町３）,都道112号×所沢街道,R4/10,田無,B 小平,4.ひばりが丘,15,0,0,2,1,3,0
 72-2,（田無町３）,都道112号×所沢街道,R4/10,田無,B 小平,4.ひばりが丘,16,0,0,2,0,2,1
 72-2,（田無町３）,都道112号×所沢街道,R4/10,田無,B 小平,4.ひばりが丘,17,0,0,4,1,5,1
 72-2,（田無町３）,都道112号×所沢街道,R4/10,田無,B 小平,4.ひばりが丘,18,0,0,3,1,4,0
 72-2,（田無町３）,都道112号×所沢街道,R4/10,田無,B 小平,4.ひばりが丘,12時間計,2,0,25,18,45,3
 72-2,（田無町３）,都道112号×所沢街道,R4/10,田無,B 小平,5.荻窪,7,6,16,429,570,1021,49
 72-2,（田無町３）,都道112号×所沢街道,R4/10,田無,B 小平,5.荻窪,8,2,22,460,326,810,41
 72-2,（田無町３）,都道112号×所沢街道,R4/10,田無,B 小平,5.荻窪,9,2,18,448,274,742,29
 72-2,（田無町３）,都道112号×所沢街道,R4/10,田無,B 小平,5.荻窪,10,0,36,378,240,654,22
 72-2,（田無町３）,都道112号×所沢街道,R4/10,田無,B 小平,5.荻窪,11,1,39,425,196,661,29
 72-2,（田無町３）,都道112号×所沢街道,R4/10,田無,B 小平,5.荻窪,12,3,28,427,226,684,37
 72-2,（田無町３）,都道112号×所沢街道,R4/10,田無,B 小平,5.荻窪,13,2,22,406,192,622,29
 72-2,（田無町３）,都道112号×所沢街道,R4/10,田無,B 小平,5.荻窪,14,5,17,441,208,671,30
 72-2,（田無町３）,都道112号×所沢街道,R4/10,田無,B 小平,5.荻窪,15,2,16,525,227,770,30
 72-2,（田無町３）,都道112号×所沢街道,R4/10,田無,B 小平,5.荻窪,16,2,10,509,214,735,32
 72-2,（田無町３）,都道112号×所沢街道,R4/10,田無,B 小平,5.荻窪,17,0,12,569,187,768,42
 72-2,（田無町３）,都道112号×所沢街道,R4/10,田無,B 小平,5.荻窪,18,2,8,559,169,738,23
 72-2,（田無町３）,都道112号×所沢街道,R4/10,田無,B 小平,5.荻窪,12時間計,27,244,5576,3029,8876,393
 72-2,（田無町３）,都道112号×所沢街道,R4/10,田無,B 小平,6.三鷹,7,2,0,64,54,120,9
 72-2,（田無町３）,都道112号×所沢街道,R4/10,田無,B 小平,6.三鷹,8,0,0,68,51,119,4
 72-2,（田無町３）,都道112号×所沢街道,R4/10,田無,B 小平,6.三鷹,9,0,0,59,37,96,2
 72-2,（田無町３）,都道112号×所沢街道,R4/10,田無,B 小平,6.三鷹,10,0,0,54,33,87,2
 72-2,（田無町３）,都道112号×所沢街道,R4/10,田無,B 小平,6.三鷹,11,0,0,69,35,104,6
 72-2,（田無町３）,都道112号×所沢街道,R4/10,田無,B 小平,6.三鷹,12,2,1,78,24,105,6
 72-2,（田無町３）,都道112号×所沢街道,R4/10,田無,B 小平,6.三鷹,13,0,0,73,25,98,2
 72-2,（田無町３）,都道112号×所沢街道,R4/10,田無,B 小平,6.三鷹,14,0,0,86,31,117,5
 72-2,（田無町３）,都道112号×所沢街道,R4/10,田無,B 小平,6.三鷹,15,1,0,66,32,99,3
 72-2,（田無町３）,都道112号×所沢街道,R4/10,田無,B 小平,6.三鷹,16,2,0,83,23,108,2
 72-2,（田無町３）,都道112号×所沢街道,R4/10,田無,B 小平,6.三鷹,17,2,0,71,33,106,4
 72-2,（田無町３）,都道112号×所沢街道,R4/10,田無,B 小平,6.三鷹,18,2,0,86,25,113,8
 72-2,（田無町３）,都道112号×所沢街道,R4/10,田無,B 小平,6.三鷹,12時間計,11,1,857,403,1272,53
 72-2,（田無町３）,都道112号×所沢街道,R4/10,田無,B 小平,流入計,7,8,16,496,624,1144,58
 72-2,（田無町３）,都道112号×所沢街道,R4/10,田無,B 小平,流入計,8,3,22,529,378,932,45
 72-2,（田無町３）,都道112号×所沢街道,R4/10,田無,B 小平,流入計,9,2,18,508,312,840,31
 72-2,（田無町３）,都道112号×所沢街道,R4/10,田無,B 小平,流入計,10,0,36,435,279,750,24
 72-2,（田無町３）,都道112号×所沢街道,R4/10,田無,B 小平,流入計,11,1,39,497,235,772,35
 72-2,（田無町３）,都道112号×所沢街道,R4/10,田無,B 小平,流入計,12,5,29,506,250,790,43
 72-2,（田無町３）,都道112号×所沢街道,R4/10,田無,B 小平,流入計,13,3,22,480,219,724,31
 72-2,（田無町３）,都道112号×所沢街道,R4/10,田無,B 小平,流入計,14,5,17,528,240,790,36
 72-2,（田無町３）,都道112号×所沢街道,R4/10,田無,B 小平,流入計,15,3,16,593,260,872,33
 72-2,（田無町３）,都道112号×所沢街道,R4/10,田無,B 小平,流入計,16,4,10,594,237,845,35
 72-2,（田無町３）,都道112号×所沢街道,R4/10,田無,B 小平,流入計,17,2,12,644,221,879,47
 72-2,（田無町３）,都道112号×所沢街道,R4/10,田無,B 小平,流入計,18,4,8,648,195,855,31
 72-2,（田無町３）,都道112号×所沢街道,R4/10,田無,B 小平,流入計,12時間計,40,245,6458,3450,10193,449
 72-2,（田無町３）,都道112号×所沢街道,R4/10,田無,C 三鷹,7.小平,7,8,1,76,48,133,3
 72-2,（田無町３）,都道112号×所沢街道,R4/10,田無,C 三鷹,7.小平,8,8,2,83,32,125,2
 72-2,（田無町３）,都道112号×所沢街道,R4/10,田無,C 三鷹,7.小平,9,6,3,72,40,121,1
 72-2,（田無町３）,都道112号×所沢街道,R4/10,田無,C 三鷹,7.小平,10,5,0,58,43,106,5
 72-2,（田無町３）,都道112号×所沢街道,R4/10,田無,C 三鷹,7.小平,11,5,0,70,37,112,5
 72-2,（田無町３）,都道112号×所沢街道,R4/10,田無,C 三鷹,7.小平,12,6,2,60,35,103,5
 72-2,（田無町３）,都道112号×所沢街道,R4/10,田無,C 三鷹,7.小平,13,4,3,78,34,119,4
 72-2,（田無町３）,都道112号×所沢街道,R4/10,田無,C 三鷹,7.小平,14,6,0,63,37,106,3
 72-2,（田無町３）,都道112号×所沢街道,R4/10,田無,C 三鷹,7.小平,15,10,0,69,32,111,4
 72-2,（田無町３）,都道112号×所沢街道,R4/10,田無,C 三鷹,7.小平,16,4,2,85,43,134,3
 72-2,（田無町３）,都道112号×所沢街道,R4/10,田無,C 三鷹,7.小平,17,6,1,62,33,102,5
 72-2,（田無町３）,都道112号×所沢街道,R4/10,田無,C 三鷹,7.小平,18,4,2,72,31,109,5
 72-2,（田無町３）,都道112号×所沢街道,R4/10,田無,C 三鷹,7.小平,12時間計,72,16,848,445,1381,45
 72-2,（田無町３）,都道112号×所沢街道,R4/10,田無,C 三鷹,8.ひばりが丘,7,3,2,83,35,123,14
 72-2,（田無町３）,都道112号×所沢街道,R4/10,田無,C 三鷹,8.ひばりが丘,8,1,2,84,39,126,14
 72-2,（田無町３）,都道112号×所沢街道,R4/10,田無,C 三鷹,8.ひばりが丘,9,2,1,92,71,166,23
 72-2,（田無町３）,都道112号×所沢街道,R4/10,田無,C 三鷹,8.ひばりが丘,10,0,0,103,53,156,23
 72-2,（田無町３）,都道112号×所沢街道,R4/10,田無,C 三鷹,8.ひばりが丘,11,0,0,115,56,171,16
 72-2,（田無町３）,都道112号×所沢街道,R4/10,田無,C 三鷹,8.ひばりが丘,12,0,0,114,40,154,12
 72-2,（田無町３）,都道112号×所沢街道,R4/10,田無,C 三鷹,8.ひばりが丘,13,2,0,111,44,157,26
 72-2,（田無町３）,都道112号×所沢街道,R4/10,田無,C 三鷹,8.ひばりが丘,14,3,1,107,44,155,34
 72-2,（田無町３）,都道112号×所沢街道,R4/10,田無,C 三鷹,8.ひばりが丘,15,0,0,109,43,152,15
 72-2,（田無町３）,都道112号×所沢街道,R4/10,田無,C 三鷹,8.ひばりが丘,16,1,1,135,42,179,17
 72-2,（田無町３）,都道112号×所沢街道,R4/10,田無,C 三鷹,8.ひばりが丘,17,0,2,126,42,170,22
 72-2,（田無町３）,都道112号×所沢街道,R4/10,田無,C 三鷹,8.ひばりが丘,18,0,1,132,34,167,18
 72-2,（田無町３）,都道112号×所沢街道,R4/10,田無,C 三鷹,8.ひばりが丘,12時間計,12,10,1311,543,1876,234
 72-2,（田無町３）,都道112号×所沢街道,R4/10,田無,C 三鷹,9.荻窪,7,1,0,27,10,38,3
 72-2,（田無町３）,都道112号×所沢街道,R4/10,田無,C 三鷹,9.荻窪,8,0,0,19,6,25,2
 72-2,（田無町３）,都道112号×所沢街道,R4/10,田無,C 三鷹,9.荻窪,9,0,0,8,3,11,1
 72-2,（田無町３）,都道112号×所沢街道,R4/10,田無,C 三鷹,9.荻窪,10,0,0,9,7,16,8
 72-2,（田無町３）,都道112号×所沢街道,R4/10,田無,C 三鷹,9.荻窪,11,0,0,10,4,14,2
 72-2,（田無町３）,都道112号×所沢街道,R4/10,田無,C 三鷹,9.荻窪,12,0,0,11,7,18,2
 72-2,（田無町３）,都道112号×所沢街道,R4/10,田無,C 三鷹,9.荻窪,13,0,0,7,6,13,2
 72-2,（田無町３）,都道112号×所沢街道,R4/10,田無,C 三鷹,9.荻窪,14,0,0,8,7,15,5
 72-2,（田無町３）,都道112号×所沢街道,R4/10,田無,C 三鷹,9.荻窪,15,0,0,12,9,21,1
 72-2,（田無町３）,都道112号×所沢街道,R4/10,田無,C 三鷹,9.荻窪,16,0,0,14,5,19,2
 72-2,（田無町３）,都道112号×所沢街道,R4/10,田無,C 三鷹,9.荻窪,17,0,0,17,7,24,3
 72-2,（田無町３）,都道112号×所沢街道,R4/10,田無,C 三鷹,9.荻窪,18,0,0,10,3,13,1
 72-2,（田無町３）,都道112号×所沢街道,R4/10,田無,C 三鷹,9.荻窪,12時間計,1,0,152,74,227,32
 72-2,（田無町３）,都道112号×所沢街道,R4/10,田無,C 三鷹,流入計,7,12,3,186,93,294,20
 72-2,（田無町３）,都道112号×所沢街道,R4/10,田無,C 三鷹,流入計,8,9,4,186,77,276,18
 72-2,（田無町３）,都道112号×所沢街道,R4/10,田無,C 三鷹,流入計,9,8,4,172,114,298,25
 72-2,（田無町３）,都道112号×所沢街道,R4/10,田無,C 三鷹,流入計,10,5,0,170,103,278,36
 72-2,（田無町３）,都道112号×所沢街道,R4/10,田無,C 三鷹,流入計,11,5,0,195,97,297,23
 72-2,（田無町３）,都道112号×所沢街道,R4/10,田無,C 三鷹,流入計,12,6,2,185,82,275,19
 72-2,（田無町３）,都道112号×所沢街道,R4/10,田無,C 三鷹,流入計,13,6,3,196,84,289,32
 72-2,（田無町３）,都道112号×所沢街道,R4/10,田無,C 三鷹,流入計,14,9,1,178,88,276,42
 72-2,（田無町３）,都道112号×所沢街道,R4/10,田無,C 三鷹,流入計,15,10,0,190,84,284,20
 72-2,（田無町３）,都道112号×所沢街道,R4/10,田無,C 三鷹,流入計,16,5,3,234,90,332,22
 72-2,（田無町３）,都道112号×所沢街道,R4/10,田無,C 三鷹,流入計,17,6,3,205,82,296,30
 72-2,（田無町３）,都道112号×所沢街道,R4/10,田無,C 三鷹,流入計,18,4,3,214,68,289,24
 72-2,（田無町３）,都道112号×所沢街道,R4/10,田無,C 三鷹,流入計,12時間計,85,26,2311,1062,3484,311
 72-2,（田無町３）,都道112号×所沢街道,R4/10,田無,D 荻窪,10.三鷹,7,1,0,0,2,3,0
 72-2,（田無町３）,都道112号×所沢街道,R4/10,田無,D 荻窪,10.三鷹,8,0,0,2,2,4,0
 72-2,（田無町３）,都道112号×所沢街道,R4/10,田無,D 荻窪,10.三鷹,9,0,0,3,4,7,0
 72-2,（田無町３）,都道112号×所沢街道,R4/10,田無,D 荻窪,10.三鷹,10,0,0,6,2,8,1
 72-2,（田無町３）,都道112号×所沢街道,R4/10,田無,D 荻窪,10.三鷹,11,0,0,6,4,10,0
 72-2,（田無町３）,都道112号×所沢街道,R4/10,田無,D 荻窪,10.三鷹,12,0,0,9,2,11,2
 72-2,（田無町３）,都道112号×所沢街道,R4/10,田無,D 荻窪,10.三鷹,13,0,0,8,2,10,0
 72-2,（田無町３）,都道112号×所沢街道,R4/10,田無,D 荻窪,10.三鷹,14,0,0,5,1,6,0
 72-2,（田無町３）,都道112号×所沢街道,R4/10,田無,D 荻窪,10.三鷹,15,0,0,5,1,6,1
 72-2,（田無町３）,都道112号×所沢街道,R4/10,田無,D 荻窪,10.三鷹,16,0,0,1,3,4,0
 72-2,（田無町３）,都道112号×所沢街道,R4/10,田無,D 荻窪,10.三鷹,17,0,0,5,3,8,1
 72-2,（田無町３）,都道112号×所沢街道,R4/10,田無,D 荻窪,10.三鷹,18,0,0,0,2,2,0
 72-2,（田無町３）,都道112号×所沢街道,R4/10,田無,D 荻窪,10.三鷹,12時間計,1,0,50,28,79,5
 72-2,（田無町３）,都道112号×所沢街道,R4/10,田無,D 荻窪,11.小平,7,0,15,489,193,697,29
 72-2,（田無町３）,都道112号×所沢街道,R4/10,田無,D 荻窪,11.小平,8,2,19,460,219,700,15
 72-2,（田無町３）,都道112号×所沢街道,R4/10,田無,D 荻窪,11.小平,9,4,21,422,239,686,31
 72-2,（田無町３）,都道112号×所沢街道,R4/10,田無,D 荻窪,11.小平,10,3,24,415,252,694,26
 72-2,（田無町３）,都道112号×所沢街道,R4/10,田無,D 荻窪,11.小平,11,3,16,481,282,782,16
 72-2,（田無町３）,都道112号×所沢街道,R4/10,田無,D 荻窪,11.小平,12,2,17,418,261,698,20
 72-2,（田無町３）,都道112号×所沢街道,R4/10,田無,D 荻窪,11.小平,13,0,13,370,234,617,28
 72-2,（田無町３）,都道112号×所沢街道,R4/10,田無,D 荻窪,11.小平,14,5,15,369,316,705,24
 72-2,（田無町３）,都道112号×所沢街道,R4/10,田無,D 荻窪,11.小平,15,3,16,473,303,795,28
 72-2,（田無町３）,都道112号×所沢街道,R4/10,田無,D 荻窪,11.小平,16,6,13,497,348,864,53
 72-2,（田無町３）,都道112号×所沢街道,R4/10,田無,D 荻窪,11.小平,17,6,15,592,443,1056,48
 72-2,（田無町３）,都道112号×所沢街道,R4/10,田無,D 荻窪,11.小平,18,2,13,631,375,1021,41
 72-2,（田無町３）,都道112号×所沢街道,R4/10,田無,D 荻窪,11.小平,12時間計,36,197,5617,3465,9315,359
 72-2,（田無町３）,都道112号×所沢街道,R4/10,田無,D 荻窪,12.ひばりが丘,7,2,0,23,10,35,0
 72-2,（田無町３）,都道112号×所沢街道,R4/10,田無,D 荻窪,12.ひばりが丘,8,4,1,30,24,59,0
 72-2,（田無町３）,都道112号×所沢街道,R4/10,田無,D 荻窪,12.ひばりが丘,9,4,0,23,14,41,3
 72-2,（田無町３）,都道112号×所沢街道,R4/10,田無,D 荻窪,12.ひばりが丘,10,2,0,26,17,45,0
 72-2,（田無町３）,都道112号×所沢街道,R4/10,田無,D 荻窪,12.ひばりが丘,11,2,0,19,16,37,4
 72-2,（田無町３）,都道112号×所沢街道,R4/10,田無,D 荻窪,12.ひばりが丘,12,2,0,34,17,53,0
 72-2,（田無町３）,都道112号×所沢街道,R4/10,田無,D 荻窪,12.ひばりが丘,13,3,0,39,15,57,2
 72-2,（田無町３）,都道112号×所沢街道,R4/10,田無,D 荻窪,12.ひばりが丘,14,3,2,55,20,80,5
 72-2,（田無町３）,都道112号×所沢街道,R4/10,田無,D 荻窪,12.ひばりが丘,15,2,0,37,21,60,2
 72-2,（田無町３）,都道112号×所沢街道,R4/10,田無,D 荻窪,12.ひばりが丘,16,2,1,59,23,85,4
 72-2,（田無町３）,都道112号×所沢街道,R4/10,田無,D 荻窪,12.ひばりが丘,17,2,0,80,20,102,12
 72-2,（田無町３）,都道112号×所沢街道,R4/10,田無,D 荻窪,12.ひばりが丘,18,2,0,70,34,106,12
 72-2,（田無町３）,都道112号×所沢街道,R4/10,田無,D 荻窪,12.ひばりが丘,12時間計,30,4,495,231,760,44
 72-2,（田無町３）,都道112号×所沢街道,R4/10,田無,D 荻窪,流入計,7,3,15,512,205,735,29
 72-2,（田無町３）,都道112号×所沢街道,R4/10,田無,D 荻窪,流入計,8,6,20,492,245,763,15
 72-2,（田無町３）,都道112号×所沢街道,R4/10,田無,D 荻窪,流入計,9,8,21,448,257,734,34
 72-2,（田無町３）,都道112号×所沢街道,R4/10,田無,D 荻窪,流入計,10,5,24,447,271,747,27
 72-2,（田無町３）,都道112号×所沢街道,R4/10,田無,D 荻窪,流入計,11,5,16,506,302,829,20
 72-2,（田無町３）,都道112号×所沢街道,R4/10,田無,D 荻窪,流入計,12,4,17,461,280,762,22
 72-2,（田無町３）,都道112号×所沢街道,R4/10,田無,D 荻窪,流入計,13,3,13,417,251,684,30
 72-2,（田無町３）,都道112号×所沢街道,R4/10,田無,D 荻窪,流入計,14,8,17,429,337,791,29
 72-2,（田無町３）,都道112号×所沢街道,R4/10,田無,D 荻窪,流入計,15,5,16,515,325,861,31
 72-2,（田無町３）,都道112号×所沢街道,R4/10,田無,D 荻窪,流入計,16,8,14,557,374,953,57
 72-2,（田無町３）,都道112号×所沢街道,R4/10,田無,D 荻窪,流入計,17,8,15,677,466,1166,61
 72-2,（田無町３）,都道112号×所沢街道,R4/10,田無,D 荻窪,流入計,18,4,13,701,411,1129,53
 72-2,（田無町３）,都道112号×所沢街道,R4/10,田無,D 荻窪,流入計,12時間計,67,201,6162,3724,10154,408
