﻿地点番号,地点名,交差道路名,調査年月,管轄警察署,流出方向,時間帯等,大型乗用,大型貨物,普通乗用,普通貨物,四輪計,二輪車
5,市谷見附,外堀通り×靖国通り,R4/11,牛込,A 新宿,7,9,17,686,580,1292,106
5,市谷見附,外堀通り×靖国通り,R4/11,牛込,A 新宿,8,6,11,822,697,1536,85
5,市谷見附,外堀通り×靖国通り,R4/11,牛込,A 新宿,9,14,20,838,552,1424,75
5,市谷見附,外堀通り×靖国通り,R4/11,牛込,A 新宿,10,9,15,723,496,1243,70
5,市谷見附,外堀通り×靖国通り,R4/11,牛込,A 新宿,11,5,12,640,481,1138,70
5,市谷見附,外堀通り×靖国通り,R4/11,牛込,A 新宿,12,4,12,779,463,1258,94
5,市谷見附,外堀通り×靖国通り,R4/11,牛込,A 新宿,13,8,9,815,480,1312,61
5,市谷見附,外堀通り×靖国通り,R4/11,牛込,A 新宿,14,8,9,771,399,1187,65
5,市谷見附,外堀通り×靖国通り,R4/11,牛込,A 新宿,15,8,15,817,445,1285,86
5,市谷見附,外堀通り×靖国通り,R4/11,牛込,A 新宿,16,5,12,977,451,1445,83
5,市谷見附,外堀通り×靖国通り,R4/11,牛込,A 新宿,17,12,6,1242,482,1742,114
5,市谷見附,外堀通り×靖国通り,R4/11,牛込,A 新宿,18,11,4,1157,334,1506,76
5,市谷見附,外堀通り×靖国通り,R4/11,牛込,A 新宿,12時間計,99,142,10267,5860,16368,985
5,市谷見附,外堀通り×靖国通り,R4/11,牛込,B 九段,7,9,3,268,192,472,36
5,市谷見附,外堀通り×靖国通り,R4/11,牛込,B 九段,8,10,1,262,193,466,21
5,市谷見附,外堀通り×靖国通り,R4/11,牛込,B 九段,9,8,5,304,186,503,28
5,市谷見附,外堀通り×靖国通り,R4/11,牛込,B 九段,10,6,6,307,201,520,25
5,市谷見附,外堀通り×靖国通り,R4/11,牛込,B 九段,11,8,3,321,189,521,23
5,市谷見附,外堀通り×靖国通り,R4/11,牛込,B 九段,12,4,0,284,177,465,20
5,市谷見附,外堀通り×靖国通り,R4/11,牛込,B 九段,13,4,0,302,187,493,26
5,市谷見附,外堀通り×靖国通り,R4/11,牛込,B 九段,14,4,5,295,206,510,33
5,市谷見附,外堀通り×靖国通り,R4/11,牛込,B 九段,15,3,1,335,168,507,20
5,市谷見附,外堀通り×靖国通り,R4/11,牛込,B 九段,16,5,1,374,156,536,26
5,市谷見附,外堀通り×靖国通り,R4/11,牛込,B 九段,17,7,1,349,170,527,48
5,市谷見附,外堀通り×靖国通り,R4/11,牛込,B 九段,18,6,0,303,90,399,21
5,市谷見附,外堀通り×靖国通り,R4/11,牛込,B 九段,12時間計,74,26,3704,2115,5919,327
5,市谷見附,外堀通り×靖国通り,R4/11,牛込,C 飯田橋,7,5,19,323,196,543,49
5,市谷見附,外堀通り×靖国通り,R4/11,牛込,C 飯田橋,8,7,7,436,277,727,47
5,市谷見附,外堀通り×靖国通り,R4/11,牛込,C 飯田橋,9,8,9,399,272,688,45
5,市谷見附,外堀通り×靖国通り,R4/11,牛込,C 飯田橋,10,4,5,445,316,770,43
5,市谷見附,外堀通り×靖国通り,R4/11,牛込,C 飯田橋,11,5,8,439,290,742,49
5,市谷見附,外堀通り×靖国通り,R4/11,牛込,C 飯田橋,12,4,11,448,241,704,41
5,市谷見附,外堀通り×靖国通り,R4/11,牛込,C 飯田橋,13,5,9,446,286,746,52
5,市谷見附,外堀通り×靖国通り,R4/11,牛込,C 飯田橋,14,7,7,517,277,808,46
5,市谷見附,外堀通り×靖国通り,R4/11,牛込,C 飯田橋,15,5,9,523,300,837,51
5,市谷見附,外堀通り×靖国通り,R4/11,牛込,C 飯田橋,16,5,6,542,294,847,62
5,市谷見附,外堀通り×靖国通り,R4/11,牛込,C 飯田橋,17,7,2,590,241,840,80
5,市谷見附,外堀通り×靖国通り,R4/11,牛込,C 飯田橋,18,9,1,603,212,825,67
5,市谷見附,外堀通り×靖国通り,R4/11,牛込,C 飯田橋,12時間計,71,93,5711,3202,9077,632
5,市谷見附,外堀通り×靖国通り,R4/11,牛込,全方向合計,7,23,39,1277,968,2307,191
5,市谷見附,外堀通り×靖国通り,R4/11,牛込,全方向合計,8,23,19,1520,1167,2729,153
5,市谷見附,外堀通り×靖国通り,R4/11,牛込,全方向合計,9,30,34,1541,1010,2615,148
5,市谷見附,外堀通り×靖国通り,R4/11,牛込,全方向合計,10,19,26,1475,1013,2533,138
5,市谷見附,外堀通り×靖国通り,R4/11,牛込,全方向合計,11,18,23,1400,960,2401,142
5,市谷見附,外堀通り×靖国通り,R4/11,牛込,全方向合計,12,12,23,1511,881,2427,155
5,市谷見附,外堀通り×靖国通り,R4/11,牛込,全方向合計,13,17,18,1563,953,2551,139
5,市谷見附,外堀通り×靖国通り,R4/11,牛込,全方向合計,14,19,21,1583,882,2505,144
5,市谷見附,外堀通り×靖国通り,R4/11,牛込,全方向合計,15,16,25,1675,913,2629,157
5,市谷見附,外堀通り×靖国通り,R4/11,牛込,全方向合計,16,15,19,1893,901,2828,171
5,市谷見附,外堀通り×靖国通り,R4/11,牛込,全方向合計,17,26,9,2181,893,3109,242
5,市谷見附,外堀通り×靖国通り,R4/11,牛込,全方向合計,18,26,5,2063,636,2730,164
5,市谷見附,外堀通り×靖国通り,R4/11,牛込,全方向合計,12時間計,244,261,19682,11177,31364,1944
