﻿地点番号,地点名,交差道路名,調査年月,管轄警察署,流入方向,流出方向,時間帯等,大型乗用,大型貨物,普通乗用,普通貨物,四輪計,二輪車
5,市谷見附,外堀通り×靖国通り,R4/11,牛込,A 新宿,1.飯田橋,7,3,18,307,186,514,49
5,市谷見附,外堀通り×靖国通り,R4/11,牛込,A 新宿,1.飯田橋,8,4,7,436,277,724,47
5,市谷見附,外堀通り×靖国通り,R4/11,牛込,A 新宿,1.飯田橋,9,4,9,399,272,684,45
5,市谷見附,外堀通り×靖国通り,R4/11,牛込,A 新宿,1.飯田橋,10,2,5,445,316,768,43
5,市谷見附,外堀通り×靖国通り,R4/11,牛込,A 新宿,1.飯田橋,11,2,8,439,290,739,49
5,市谷見附,外堀通り×靖国通り,R4/11,牛込,A 新宿,1.飯田橋,12,1,11,448,241,701,41
5,市谷見附,外堀通り×靖国通り,R4/11,牛込,A 新宿,1.飯田橋,13,3,9,446,286,744,52
5,市谷見附,外堀通り×靖国通り,R4/11,牛込,A 新宿,1.飯田橋,14,4,7,517,277,805,46
5,市谷見附,外堀通り×靖国通り,R4/11,牛込,A 新宿,1.飯田橋,15,2,9,523,300,834,51
5,市谷見附,外堀通り×靖国通り,R4/11,牛込,A 新宿,1.飯田橋,16,3,6,541,294,844,62
5,市谷見附,外堀通り×靖国通り,R4/11,牛込,A 新宿,1.飯田橋,17,5,2,590,241,838,80
5,市谷見附,外堀通り×靖国通り,R4/11,牛込,A 新宿,1.飯田橋,18,6,1,603,212,822,67
5,市谷見附,外堀通り×靖国通り,R4/11,牛込,A 新宿,1.飯田橋,12時間計,39,92,5694,3192,9017,632
5,市谷見附,外堀通り×靖国通り,R4/11,牛込,A 新宿,2.九段,7,5,3,263,186,457,34
5,市谷見附,外堀通り×靖国通り,R4/11,牛込,A 新宿,2.九段,8,6,1,260,189,456,20
5,市谷見附,外堀通り×靖国通り,R4/11,牛込,A 新宿,2.九段,9,4,3,288,170,465,26
5,市谷見附,外堀通り×靖国通り,R4/11,牛込,A 新宿,2.九段,10,2,5,276,183,466,24
5,市谷見附,外堀通り×靖国通り,R4/11,牛込,A 新宿,2.九段,11,6,2,272,163,443,17
5,市谷見附,外堀通り×靖国通り,R4/11,牛込,A 新宿,2.九段,12,2,0,259,153,414,17
5,市谷見附,外堀通り×靖国通り,R4/11,牛込,A 新宿,2.九段,13,2,0,273,165,440,21
5,市谷見附,外堀通り×靖国通り,R4/11,牛込,A 新宿,2.九段,14,2,4,275,187,468,25
5,市谷見附,外堀通り×靖国通り,R4/11,牛込,A 新宿,2.九段,15,1,1,311,158,471,18
5,市谷見附,外堀通り×靖国通り,R4/11,牛込,A 新宿,2.九段,16,3,1,349,141,494,22
5,市谷見附,外堀通り×靖国通り,R4/11,牛込,A 新宿,2.九段,17,3,1,321,161,486,43
5,市谷見附,外堀通り×靖国通り,R4/11,牛込,A 新宿,2.九段,18,3,0,270,86,359,14
5,市谷見附,外堀通り×靖国通り,R4/11,牛込,A 新宿,2.九段,12時間計,39,21,3417,1942,5419,281
5,市谷見附,外堀通り×靖国通り,R4/11,牛込,A 新宿,流入計,7,8,21,570,372,971,83
5,市谷見附,外堀通り×靖国通り,R4/11,牛込,A 新宿,流入計,8,10,8,696,466,1180,67
5,市谷見附,外堀通り×靖国通り,R4/11,牛込,A 新宿,流入計,9,8,12,687,442,1149,71
5,市谷見附,外堀通り×靖国通り,R4/11,牛込,A 新宿,流入計,10,4,10,721,499,1234,67
5,市谷見附,外堀通り×靖国通り,R4/11,牛込,A 新宿,流入計,11,8,10,711,453,1182,66
5,市谷見附,外堀通り×靖国通り,R4/11,牛込,A 新宿,流入計,12,3,11,707,394,1115,58
5,市谷見附,外堀通り×靖国通り,R4/11,牛込,A 新宿,流入計,13,5,9,719,451,1184,73
5,市谷見附,外堀通り×靖国通り,R4/11,牛込,A 新宿,流入計,14,6,11,792,464,1273,71
5,市谷見附,外堀通り×靖国通り,R4/11,牛込,A 新宿,流入計,15,3,10,834,458,1305,69
5,市谷見附,外堀通り×靖国通り,R4/11,牛込,A 新宿,流入計,16,6,7,890,435,1338,84
5,市谷見附,外堀通り×靖国通り,R4/11,牛込,A 新宿,流入計,17,8,3,911,402,1324,123
5,市谷見附,外堀通り×靖国通り,R4/11,牛込,A 新宿,流入計,18,9,1,873,298,1181,81
5,市谷見附,外堀通り×靖国通り,R4/11,牛込,A 新宿,流入計,12時間計,78,113,9111,5134,14436,913
5,市谷見附,外堀通り×靖国通り,R4/11,牛込,B 九段,3.新宿,7,4,8,277,228,517,56
5,市谷見附,外堀通り×靖国通り,R4/11,牛込,B 九段,3.新宿,8,2,3,319,331,655,36
5,市谷見附,外堀通り×靖国通り,R4/11,牛込,B 九段,3.新宿,9,6,7,375,245,633,34
5,市谷見附,外堀通り×靖国通り,R4/11,牛込,B 九段,3.新宿,10,4,6,312,202,524,26
5,市谷見附,外堀通り×靖国通り,R4/11,牛込,B 九段,3.新宿,11,2,5,278,218,503,30
5,市谷見附,外堀通り×靖国通り,R4/11,牛込,B 九段,3.新宿,12,3,5,346,215,569,36
5,市谷見附,外堀通り×靖国通り,R4/11,牛込,B 九段,3.新宿,13,3,3,395,239,640,26
5,市谷見附,外堀通り×靖国通り,R4/11,牛込,B 九段,3.新宿,14,4,3,339,202,548,26
5,市谷見附,外堀通り×靖国通り,R4/11,牛込,B 九段,3.新宿,15,4,5,401,214,624,31
5,市谷見附,外堀通り×靖国通り,R4/11,牛込,B 九段,3.新宿,16,3,3,455,225,686,31
5,市谷見附,外堀通り×靖国通り,R4/11,牛込,B 九段,3.新宿,17,10,3,565,251,829,42
5,市谷見附,外堀通り×靖国通り,R4/11,牛込,B 九段,3.新宿,18,5,0,516,174,695,33
5,市谷見附,外堀通り×靖国通り,R4/11,牛込,B 九段,3.新宿,12時間計,50,51,4578,2744,7423,407
5,市谷見附,外堀通り×靖国通り,R4/11,牛込,B 九段,4.飯田橋,7,2,1,16,10,29,0
5,市谷見附,外堀通り×靖国通り,R4/11,牛込,B 九段,4.飯田橋,8,3,0,0,0,3,0
5,市谷見附,外堀通り×靖国通り,R4/11,牛込,B 九段,4.飯田橋,9,4,0,0,0,4,0
5,市谷見附,外堀通り×靖国通り,R4/11,牛込,B 九段,4.飯田橋,10,2,0,0,0,2,0
5,市谷見附,外堀通り×靖国通り,R4/11,牛込,B 九段,4.飯田橋,11,3,0,0,0,3,0
5,市谷見附,外堀通り×靖国通り,R4/11,牛込,B 九段,4.飯田橋,12,3,0,0,0,3,0
5,市谷見附,外堀通り×靖国通り,R4/11,牛込,B 九段,4.飯田橋,13,2,0,0,0,2,0
5,市谷見附,外堀通り×靖国通り,R4/11,牛込,B 九段,4.飯田橋,14,3,0,0,0,3,0
5,市谷見附,外堀通り×靖国通り,R4/11,牛込,B 九段,4.飯田橋,15,3,0,0,0,3,0
5,市谷見附,外堀通り×靖国通り,R4/11,牛込,B 九段,4.飯田橋,16,2,0,1,0,3,0
5,市谷見附,外堀通り×靖国通り,R4/11,牛込,B 九段,4.飯田橋,17,2,0,0,0,2,0
5,市谷見附,外堀通り×靖国通り,R4/11,牛込,B 九段,4.飯田橋,18,3,0,0,0,3,0
5,市谷見附,外堀通り×靖国通り,R4/11,牛込,B 九段,4.飯田橋,12時間計,32,1,17,10,60,0
5,市谷見附,外堀通り×靖国通り,R4/11,牛込,B 九段,流入計,7,6,9,293,238,546,56
5,市谷見附,外堀通り×靖国通り,R4/11,牛込,B 九段,流入計,8,5,3,319,331,658,36
5,市谷見附,外堀通り×靖国通り,R4/11,牛込,B 九段,流入計,9,10,7,375,245,637,34
5,市谷見附,外堀通り×靖国通り,R4/11,牛込,B 九段,流入計,10,6,6,312,202,526,26
5,市谷見附,外堀通り×靖国通り,R4/11,牛込,B 九段,流入計,11,5,5,278,218,506,30
5,市谷見附,外堀通り×靖国通り,R4/11,牛込,B 九段,流入計,12,6,5,346,215,572,36
5,市谷見附,外堀通り×靖国通り,R4/11,牛込,B 九段,流入計,13,5,3,395,239,642,26
5,市谷見附,外堀通り×靖国通り,R4/11,牛込,B 九段,流入計,14,7,3,339,202,551,26
5,市谷見附,外堀通り×靖国通り,R4/11,牛込,B 九段,流入計,15,7,5,401,214,627,31
5,市谷見附,外堀通り×靖国通り,R4/11,牛込,B 九段,流入計,16,5,3,456,225,689,31
5,市谷見附,外堀通り×靖国通り,R4/11,牛込,B 九段,流入計,17,12,3,565,251,831,42
5,市谷見附,外堀通り×靖国通り,R4/11,牛込,B 九段,流入計,18,8,0,516,174,698,33
5,市谷見附,外堀通り×靖国通り,R4/11,牛込,B 九段,流入計,12時間計,82,52,4595,2754,7483,407
5,市谷見附,外堀通り×靖国通り,R4/11,牛込,C 飯田橋,5.九段,7,4,0,5,6,15,2
5,市谷見附,外堀通り×靖国通り,R4/11,牛込,C 飯田橋,5.九段,8,4,0,2,4,10,1
5,市谷見附,外堀通り×靖国通り,R4/11,牛込,C 飯田橋,5.九段,9,4,2,16,16,38,2
5,市谷見附,外堀通り×靖国通り,R4/11,牛込,C 飯田橋,5.九段,10,4,1,31,18,54,1
5,市谷見附,外堀通り×靖国通り,R4/11,牛込,C 飯田橋,5.九段,11,2,1,49,26,78,6
5,市谷見附,外堀通り×靖国通り,R4/11,牛込,C 飯田橋,5.九段,12,2,0,25,24,51,3
5,市谷見附,外堀通り×靖国通り,R4/11,牛込,C 飯田橋,5.九段,13,2,0,29,22,53,5
5,市谷見附,外堀通り×靖国通り,R4/11,牛込,C 飯田橋,5.九段,14,2,1,20,19,42,8
5,市谷見附,外堀通り×靖国通り,R4/11,牛込,C 飯田橋,5.九段,15,2,0,24,10,36,2
5,市谷見附,外堀通り×靖国通り,R4/11,牛込,C 飯田橋,5.九段,16,2,0,25,15,42,4
5,市谷見附,外堀通り×靖国通り,R4/11,牛込,C 飯田橋,5.九段,17,4,0,28,9,41,5
5,市谷見附,外堀通り×靖国通り,R4/11,牛込,C 飯田橋,5.九段,18,3,0,33,4,40,7
5,市谷見附,外堀通り×靖国通り,R4/11,牛込,C 飯田橋,5.九段,12時間計,35,5,287,173,500,46
5,市谷見附,外堀通り×靖国通り,R4/11,牛込,C 飯田橋,6.新宿,7,5,9,409,352,775,50
5,市谷見附,外堀通り×靖国通り,R4/11,牛込,C 飯田橋,6.新宿,8,4,8,503,366,881,49
5,市谷見附,外堀通り×靖国通り,R4/11,牛込,C 飯田橋,6.新宿,9,8,13,463,307,791,41
5,市谷見附,外堀通り×靖国通り,R4/11,牛込,C 飯田橋,6.新宿,10,5,9,411,294,719,44
5,市谷見附,外堀通り×靖国通り,R4/11,牛込,C 飯田橋,6.新宿,11,3,7,362,263,635,40
5,市谷見附,外堀通り×靖国通り,R4/11,牛込,C 飯田橋,6.新宿,12,1,7,433,248,689,58
5,市谷見附,外堀通り×靖国通り,R4/11,牛込,C 飯田橋,6.新宿,13,5,6,420,241,672,35
5,市谷見附,外堀通り×靖国通り,R4/11,牛込,C 飯田橋,6.新宿,14,4,6,432,197,639,39
5,市谷見附,外堀通り×靖国通り,R4/11,牛込,C 飯田橋,6.新宿,15,4,10,416,231,661,55
5,市谷見附,外堀通り×靖国通り,R4/11,牛込,C 飯田橋,6.新宿,16,2,9,522,226,759,52
5,市谷見附,外堀通り×靖国通り,R4/11,牛込,C 飯田橋,6.新宿,17,2,3,677,231,913,72
5,市谷見附,外堀通り×靖国通り,R4/11,牛込,C 飯田橋,6.新宿,18,6,4,641,160,811,43
5,市谷見附,外堀通り×靖国通り,R4/11,牛込,C 飯田橋,6.新宿,12時間計,49,91,5689,3116,8945,578
5,市谷見附,外堀通り×靖国通り,R4/11,牛込,C 飯田橋,流入計,7,9,9,414,358,790,52
5,市谷見附,外堀通り×靖国通り,R4/11,牛込,C 飯田橋,流入計,8,8,8,505,370,891,50
5,市谷見附,外堀通り×靖国通り,R4/11,牛込,C 飯田橋,流入計,9,12,15,479,323,829,43
5,市谷見附,外堀通り×靖国通り,R4/11,牛込,C 飯田橋,流入計,10,9,10,442,312,773,45
5,市谷見附,外堀通り×靖国通り,R4/11,牛込,C 飯田橋,流入計,11,5,8,411,289,713,46
5,市谷見附,外堀通り×靖国通り,R4/11,牛込,C 飯田橋,流入計,12,3,7,458,272,740,61
5,市谷見附,外堀通り×靖国通り,R4/11,牛込,C 飯田橋,流入計,13,7,6,449,263,725,40
5,市谷見附,外堀通り×靖国通り,R4/11,牛込,C 飯田橋,流入計,14,6,7,452,216,681,47
5,市谷見附,外堀通り×靖国通り,R4/11,牛込,C 飯田橋,流入計,15,6,10,440,241,697,57
5,市谷見附,外堀通り×靖国通り,R4/11,牛込,C 飯田橋,流入計,16,4,9,547,241,801,56
5,市谷見附,外堀通り×靖国通り,R4/11,牛込,C 飯田橋,流入計,17,6,3,705,240,954,77
5,市谷見附,外堀通り×靖国通り,R4/11,牛込,C 飯田橋,流入計,18,9,4,674,164,851,50
5,市谷見附,外堀通り×靖国通り,R4/11,牛込,C 飯田橋,流入計,12時間計,84,96,5976,3289,9445,624
