﻿地点番号,地点名,交差道路名,調査年月,管轄警察署,流入方向,流出方向,時間帯等,大型乗用,大型貨物,普通乗用,普通貨物,四輪計,二輪車
1,新橋,外堀通り×第一京浜,R4/11,愛宕,A 銀座,1.築地,7,0,0,24,6,30,2
1,新橋,外堀通り×第一京浜,R4/11,愛宕,A 銀座,1.築地,8,2,1,40,11,54,2
1,新橋,外堀通り×第一京浜,R4/11,愛宕,A 銀座,1.築地,9,1,0,58,14,73,1
1,新橋,外堀通り×第一京浜,R4/11,愛宕,A 銀座,1.築地,10,2,1,50,19,72,1
1,新橋,外堀通り×第一京浜,R4/11,愛宕,A 銀座,1.築地,11,3,0,41,13,57,2
1,新橋,外堀通り×第一京浜,R4/11,愛宕,A 銀座,1.築地,12,4,2,47,3,56,2
1,新橋,外堀通り×第一京浜,R4/11,愛宕,A 銀座,1.築地,13,2,2,40,10,54,1
1,新橋,外堀通り×第一京浜,R4/11,愛宕,A 銀座,1.築地,14,1,1,43,3,48,2
1,新橋,外堀通り×第一京浜,R4/11,愛宕,A 銀座,1.築地,15,2,1,31,10,44,0
1,新橋,外堀通り×第一京浜,R4/11,愛宕,A 銀座,1.築地,16,2,0,45,17,64,0
1,新橋,外堀通り×第一京浜,R4/11,愛宕,A 銀座,1.築地,17,6,6,88,15,115,2
1,新橋,外堀通り×第一京浜,R4/11,愛宕,A 銀座,1.築地,18,2,3,42,15,62,3
1,新橋,外堀通り×第一京浜,R4/11,愛宕,A 銀座,1.築地,12時間計,27,17,549,136,729,18
1,新橋,外堀通り×第一京浜,R4/11,愛宕,A 銀座,2.品川,7,4,3,205,106,318,14
1,新橋,外堀通り×第一京浜,R4/11,愛宕,A 銀座,2.品川,8,10,2,220,72,304,13
1,新橋,外堀通り×第一京浜,R4/11,愛宕,A 銀座,2.品川,9,7,3,183,55,248,16
1,新橋,外堀通り×第一京浜,R4/11,愛宕,A 銀座,2.品川,10,3,4,202,41,250,9
1,新橋,外堀通り×第一京浜,R4/11,愛宕,A 銀座,2.品川,11,1,4,207,44,256,16
1,新橋,外堀通り×第一京浜,R4/11,愛宕,A 銀座,2.品川,12,2,3,201,86,292,9
1,新橋,外堀通り×第一京浜,R4/11,愛宕,A 銀座,2.品川,13,3,3,159,71,236,11
1,新橋,外堀通り×第一京浜,R4/11,愛宕,A 銀座,2.品川,14,4,2,213,50,269,17
1,新橋,外堀通り×第一京浜,R4/11,愛宕,A 銀座,2.品川,15,3,0,482,62,547,31
1,新橋,外堀通り×第一京浜,R4/11,愛宕,A 銀座,2.品川,16,1,1,335,42,379,17
1,新橋,外堀通り×第一京浜,R4/11,愛宕,A 銀座,2.品川,17,2,1,306,79,388,3
1,新橋,外堀通り×第一京浜,R4/11,愛宕,A 銀座,2.品川,18,3,1,264,74,342,5
1,新橋,外堀通り×第一京浜,R4/11,愛宕,A 銀座,2.品川,12時間計,43,27,2977,782,3829,161
1,新橋,外堀通り×第一京浜,R4/11,愛宕,A 銀座,3.溜池,7,0,1,16,9,26,0
1,新橋,外堀通り×第一京浜,R4/11,愛宕,A 銀座,3.溜池,8,0,0,1,0,1,0
1,新橋,外堀通り×第一京浜,R4/11,愛宕,A 銀座,3.溜池,9,0,0,0,0,0,0
1,新橋,外堀通り×第一京浜,R4/11,愛宕,A 銀座,3.溜池,10,0,0,0,0,0,0
1,新橋,外堀通り×第一京浜,R4/11,愛宕,A 銀座,3.溜池,11,0,0,0,0,0,0
1,新橋,外堀通り×第一京浜,R4/11,愛宕,A 銀座,3.溜池,12,0,0,0,0,0,0
1,新橋,外堀通り×第一京浜,R4/11,愛宕,A 銀座,3.溜池,13,0,0,0,0,0,0
1,新橋,外堀通り×第一京浜,R4/11,愛宕,A 銀座,3.溜池,14,0,0,0,0,0,0
1,新橋,外堀通り×第一京浜,R4/11,愛宕,A 銀座,3.溜池,15,0,0,0,0,0,0
1,新橋,外堀通り×第一京浜,R4/11,愛宕,A 銀座,3.溜池,16,0,0,0,0,0,0
1,新橋,外堀通り×第一京浜,R4/11,愛宕,A 銀座,3.溜池,17,0,0,0,0,0,0
1,新橋,外堀通り×第一京浜,R4/11,愛宕,A 銀座,3.溜池,18,0,0,0,0,0,0
1,新橋,外堀通り×第一京浜,R4/11,愛宕,A 銀座,3.溜池,12時間計,0,1,17,9,27,0
1,新橋,外堀通り×第一京浜,R4/11,愛宕,A 銀座,流入計,7,4,4,245,121,374,16
1,新橋,外堀通り×第一京浜,R4/11,愛宕,A 銀座,流入計,8,12,3,261,83,359,15
1,新橋,外堀通り×第一京浜,R4/11,愛宕,A 銀座,流入計,9,8,3,241,69,321,17
1,新橋,外堀通り×第一京浜,R4/11,愛宕,A 銀座,流入計,10,5,5,252,60,322,10
1,新橋,外堀通り×第一京浜,R4/11,愛宕,A 銀座,流入計,11,4,4,248,57,313,18
1,新橋,外堀通り×第一京浜,R4/11,愛宕,A 銀座,流入計,12,6,5,248,89,348,11
1,新橋,外堀通り×第一京浜,R4/11,愛宕,A 銀座,流入計,13,5,5,199,81,290,12
1,新橋,外堀通り×第一京浜,R4/11,愛宕,A 銀座,流入計,14,5,3,256,53,317,19
1,新橋,外堀通り×第一京浜,R4/11,愛宕,A 銀座,流入計,15,5,1,513,72,591,31
1,新橋,外堀通り×第一京浜,R4/11,愛宕,A 銀座,流入計,16,3,1,380,59,443,17
1,新橋,外堀通り×第一京浜,R4/11,愛宕,A 銀座,流入計,17,8,7,394,94,503,5
1,新橋,外堀通り×第一京浜,R4/11,愛宕,A 銀座,流入計,18,5,4,306,89,404,8
1,新橋,外堀通り×第一京浜,R4/11,愛宕,A 銀座,流入計,12時間計,70,45,3543,927,4585,179
1,新橋,外堀通り×第一京浜,R4/11,愛宕,B 溜池,4.銀座,7,0,0,23,11,34,1
1,新橋,外堀通り×第一京浜,R4/11,愛宕,B 溜池,4.銀座,8,1,0,30,19,50,5
1,新橋,外堀通り×第一京浜,R4/11,愛宕,B 溜池,4.銀座,9,3,0,70,32,105,1
1,新橋,外堀通り×第一京浜,R4/11,愛宕,B 溜池,4.銀座,10,2,1,87,30,120,6
1,新橋,外堀通り×第一京浜,R4/11,愛宕,B 溜池,4.銀座,11,2,0,97,20,119,7
1,新橋,外堀通り×第一京浜,R4/11,愛宕,B 溜池,4.銀座,12,0,0,90,23,113,8
1,新橋,外堀通り×第一京浜,R4/11,愛宕,B 溜池,4.銀座,13,1,0,101,20,122,7
1,新橋,外堀通り×第一京浜,R4/11,愛宕,B 溜池,4.銀座,14,1,0,119,30,150,3
1,新橋,外堀通り×第一京浜,R4/11,愛宕,B 溜池,4.銀座,15,0,0,115,19,134,2
1,新橋,外堀通り×第一京浜,R4/11,愛宕,B 溜池,4.銀座,16,1,0,135,25,161,0
1,新橋,外堀通り×第一京浜,R4/11,愛宕,B 溜池,4.銀座,17,1,0,178,18,197,4
1,新橋,外堀通り×第一京浜,R4/11,愛宕,B 溜池,4.銀座,18,2,0,152,15,169,1
1,新橋,外堀通り×第一京浜,R4/11,愛宕,B 溜池,4.銀座,12時間計,14,1,1197,262,1474,45
1,新橋,外堀通り×第一京浜,R4/11,愛宕,B 溜池,5.築地,7,6,9,259,70,344,50
1,新橋,外堀通り×第一京浜,R4/11,愛宕,B 溜池,5.築地,8,7,8,343,115,473,48
1,新橋,外堀通り×第一京浜,R4/11,愛宕,B 溜池,5.築地,9,5,4,228,135,372,37
1,新橋,外堀通り×第一京浜,R4/11,愛宕,B 溜池,5.築地,10,7,5,415,132,559,37
1,新橋,外堀通り×第一京浜,R4/11,愛宕,B 溜池,5.築地,11,6,3,394,139,542,38
1,新橋,外堀通り×第一京浜,R4/11,愛宕,B 溜池,5.築地,12,7,9,359,134,509,43
1,新橋,外堀通り×第一京浜,R4/11,愛宕,B 溜池,5.築地,13,6,6,415,169,596,41
1,新橋,外堀通り×第一京浜,R4/11,愛宕,B 溜池,5.築地,14,7,6,467,185,665,41
1,新橋,外堀通り×第一京浜,R4/11,愛宕,B 溜池,5.築地,15,3,5,314,265,587,40
1,新橋,外堀通り×第一京浜,R4/11,愛宕,B 溜池,5.築地,16,4,9,353,227,593,43
1,新橋,外堀通り×第一京浜,R4/11,愛宕,B 溜池,5.築地,17,11,11,853,229,1104,28
1,新橋,外堀通り×第一京浜,R4/11,愛宕,B 溜池,5.築地,18,9,26,901,247,1183,41
1,新橋,外堀通り×第一京浜,R4/11,愛宕,B 溜池,5.築地,12時間計,78,101,5301,2047,7527,487
1,新橋,外堀通り×第一京浜,R4/11,愛宕,B 溜池,6.品川,7,1,0,12,27,40,2
1,新橋,外堀通り×第一京浜,R4/11,愛宕,B 溜池,6.品川,8,0,3,15,33,51,6
1,新橋,外堀通り×第一京浜,R4/11,愛宕,B 溜池,6.品川,9,0,1,29,39,69,9
1,新橋,外堀通り×第一京浜,R4/11,愛宕,B 溜池,6.品川,10,4,2,25,12,43,2
1,新橋,外堀通り×第一京浜,R4/11,愛宕,B 溜池,6.品川,11,0,0,24,10,34,2
1,新橋,外堀通り×第一京浜,R4/11,愛宕,B 溜池,6.品川,12,1,0,37,13,51,0
1,新橋,外堀通り×第一京浜,R4/11,愛宕,B 溜池,6.品川,13,0,1,39,15,55,3
1,新橋,外堀通り×第一京浜,R4/11,愛宕,B 溜池,6.品川,14,3,0,46,10,59,0
1,新橋,外堀通り×第一京浜,R4/11,愛宕,B 溜池,6.品川,15,7,0,44,13,64,2
1,新橋,外堀通り×第一京浜,R4/11,愛宕,B 溜池,6.品川,16,1,0,48,8,57,2
1,新橋,外堀通り×第一京浜,R4/11,愛宕,B 溜池,6.品川,17,0,0,44,3,47,2
1,新橋,外堀通り×第一京浜,R4/11,愛宕,B 溜池,6.品川,18,0,0,38,3,41,3
1,新橋,外堀通り×第一京浜,R4/11,愛宕,B 溜池,6.品川,12時間計,17,7,401,186,611,33
1,新橋,外堀通り×第一京浜,R4/11,愛宕,B 溜池,流入計,7,7,9,294,108,418,53
1,新橋,外堀通り×第一京浜,R4/11,愛宕,B 溜池,流入計,8,8,11,388,167,574,59
1,新橋,外堀通り×第一京浜,R4/11,愛宕,B 溜池,流入計,9,8,5,327,206,546,47
1,新橋,外堀通り×第一京浜,R4/11,愛宕,B 溜池,流入計,10,13,8,527,174,722,45
1,新橋,外堀通り×第一京浜,R4/11,愛宕,B 溜池,流入計,11,8,3,515,169,695,47
1,新橋,外堀通り×第一京浜,R4/11,愛宕,B 溜池,流入計,12,8,9,486,170,673,51
1,新橋,外堀通り×第一京浜,R4/11,愛宕,B 溜池,流入計,13,7,7,555,204,773,51
1,新橋,外堀通り×第一京浜,R4/11,愛宕,B 溜池,流入計,14,11,6,632,225,874,44
1,新橋,外堀通り×第一京浜,R4/11,愛宕,B 溜池,流入計,15,10,5,473,297,785,44
1,新橋,外堀通り×第一京浜,R4/11,愛宕,B 溜池,流入計,16,6,9,536,260,811,45
1,新橋,外堀通り×第一京浜,R4/11,愛宕,B 溜池,流入計,17,12,11,1075,250,1348,34
1,新橋,外堀通り×第一京浜,R4/11,愛宕,B 溜池,流入計,18,11,26,1091,265,1393,45
1,新橋,外堀通り×第一京浜,R4/11,愛宕,B 溜池,流入計,12時間計,109,109,6899,2495,9612,565
1,新橋,外堀通り×第一京浜,R4/11,愛宕,C 品川,7.溜池,7,20,6,10,18,54,4
1,新橋,外堀通り×第一京浜,R4/11,愛宕,C 品川,7.溜池,8,26,2,29,18,75,1
1,新橋,外堀通り×第一京浜,R4/11,愛宕,C 品川,7.溜池,9,28,1,42,24,95,2
1,新橋,外堀通り×第一京浜,R4/11,愛宕,C 品川,7.溜池,10,17,0,39,19,75,1
1,新橋,外堀通り×第一京浜,R4/11,愛宕,C 品川,7.溜池,11,17,0,48,27,92,4
1,新橋,外堀通り×第一京浜,R4/11,愛宕,C 品川,7.溜池,12,22,0,45,19,86,6
1,新橋,外堀通り×第一京浜,R4/11,愛宕,C 品川,7.溜池,13,21,1,74,22,118,3
1,新橋,外堀通り×第一京浜,R4/11,愛宕,C 品川,7.溜池,14,19,0,76,19,114,1
1,新橋,外堀通り×第一京浜,R4/11,愛宕,C 品川,7.溜池,15,22,0,81,21,124,3
1,新橋,外堀通り×第一京浜,R4/11,愛宕,C 品川,7.溜池,16,21,2,70,18,111,7
1,新橋,外堀通り×第一京浜,R4/11,愛宕,C 品川,7.溜池,17,22,0,76,22,120,4
1,新橋,外堀通り×第一京浜,R4/11,愛宕,C 品川,7.溜池,18,20,0,74,15,109,3
1,新橋,外堀通り×第一京浜,R4/11,愛宕,C 品川,7.溜池,12時間計,255,12,664,242,1173,39
1,新橋,外堀通り×第一京浜,R4/11,愛宕,C 品川,8.銀座,7,0,1,52,60,113,16
1,新橋,外堀通り×第一京浜,R4/11,愛宕,C 品川,8.銀座,8,1,4,82,50,137,11
1,新橋,外堀通り×第一京浜,R4/11,愛宕,C 品川,8.銀座,9,2,1,126,57,186,13
1,新橋,外堀通り×第一京浜,R4/11,愛宕,C 品川,8.銀座,10,3,1,199,73,276,10
1,新橋,外堀通り×第一京浜,R4/11,愛宕,C 品川,8.銀座,11,1,5,205,80,291,14
1,新橋,外堀通り×第一京浜,R4/11,愛宕,C 品川,8.銀座,12,1,1,199,63,264,12
1,新橋,外堀通り×第一京浜,R4/11,愛宕,C 品川,8.銀座,13,0,3,168,67,238,14
1,新橋,外堀通り×第一京浜,R4/11,愛宕,C 品川,8.銀座,14,0,1,193,54,248,15
1,新橋,外堀通り×第一京浜,R4/11,愛宕,C 品川,8.銀座,15,0,1,213,52,266,20
1,新橋,外堀通り×第一京浜,R4/11,愛宕,C 品川,8.銀座,16,0,2,275,51,328,14
1,新橋,外堀通り×第一京浜,R4/11,愛宕,C 品川,8.銀座,17,1,0,233,48,282,16
1,新橋,外堀通り×第一京浜,R4/11,愛宕,C 品川,8.銀座,18,0,0,238,27,265,18
1,新橋,外堀通り×第一京浜,R4/11,愛宕,C 品川,8.銀座,12時間計,9,20,2183,682,2894,173
1,新橋,外堀通り×第一京浜,R4/11,愛宕,C 品川,9.築地,7,2,1,40,12,55,16
1,新橋,外堀通り×第一京浜,R4/11,愛宕,C 品川,9.築地,8,0,1,59,11,71,17
1,新橋,外堀通り×第一京浜,R4/11,愛宕,C 品川,9.築地,9,0,0,106,40,146,12
1,新橋,外堀通り×第一京浜,R4/11,愛宕,C 品川,9.築地,10,2,0,108,57,167,17
1,新橋,外堀通り×第一京浜,R4/11,愛宕,C 品川,9.築地,11,3,0,119,29,151,14
1,新橋,外堀通り×第一京浜,R4/11,愛宕,C 品川,9.築地,12,2,1,169,27,199,22
1,新橋,外堀通り×第一京浜,R4/11,愛宕,C 品川,9.築地,13,0,3,129,25,157,21
1,新橋,外堀通り×第一京浜,R4/11,愛宕,C 品川,9.築地,14,0,2,122,28,152,18
1,新橋,外堀通り×第一京浜,R4/11,愛宕,C 品川,9.築地,15,0,0,122,59,181,20
1,新橋,外堀通り×第一京浜,R4/11,愛宕,C 品川,9.築地,16,2,0,168,64,234,25
1,新橋,外堀通り×第一京浜,R4/11,愛宕,C 品川,9.築地,17,7,3,181,47,238,19
1,新橋,外堀通り×第一京浜,R4/11,愛宕,C 品川,9.築地,18,2,3,203,42,250,13
1,新橋,外堀通り×第一京浜,R4/11,愛宕,C 品川,9.築地,12時間計,20,14,1526,441,2001,214
1,新橋,外堀通り×第一京浜,R4/11,愛宕,C 品川,10.築地,7,1,13,397,266,677,0
1,新橋,外堀通り×第一京浜,R4/11,愛宕,C 品川,10.築地,8,0,18,440,304,762,2
1,新橋,外堀通り×第一京浜,R4/11,愛宕,C 品川,10.築地,9,2,28,391,346,767,3
1,新橋,外堀通り×第一京浜,R4/11,愛宕,C 品川,10.築地,10,1,25,425,352,803,1
1,新橋,外堀通り×第一京浜,R4/11,愛宕,C 品川,10.築地,11,1,32,430,404,867,5
1,新橋,外堀通り×第一京浜,R4/11,愛宕,C 品川,10.築地,12,1,22,451,341,815,4
1,新橋,外堀通り×第一京浜,R4/11,愛宕,C 品川,10.築地,13,2,16,366,307,691,4
1,新橋,外堀通り×第一京浜,R4/11,愛宕,C 品川,10.築地,14,3,11,474,312,800,3
1,新橋,外堀通り×第一京浜,R4/11,愛宕,C 品川,10.築地,15,3,13,460,347,823,5
1,新橋,外堀通り×第一京浜,R4/11,愛宕,C 品川,10.築地,16,4,7,543,342,896,4
1,新橋,外堀通り×第一京浜,R4/11,愛宕,C 品川,10.築地,17,3,4,610,361,978,2
1,新橋,外堀通り×第一京浜,R4/11,愛宕,C 品川,10.築地,18,1,3,520,214,738,4
1,新橋,外堀通り×第一京浜,R4/11,愛宕,C 品川,10.築地,12時間計,22,192,5507,3896,9617,37
1,新橋,外堀通り×第一京浜,R4/11,愛宕,C 品川,流入計,7,23,21,499,356,899,36
1,新橋,外堀通り×第一京浜,R4/11,愛宕,C 品川,流入計,8,27,25,610,383,1045,31
1,新橋,外堀通り×第一京浜,R4/11,愛宕,C 品川,流入計,9,32,30,665,467,1194,30
1,新橋,外堀通り×第一京浜,R4/11,愛宕,C 品川,流入計,10,23,26,771,501,1321,29
1,新橋,外堀通り×第一京浜,R4/11,愛宕,C 品川,流入計,11,22,37,802,540,1401,37
1,新橋,外堀通り×第一京浜,R4/11,愛宕,C 品川,流入計,12,26,24,864,450,1364,44
1,新橋,外堀通り×第一京浜,R4/11,愛宕,C 品川,流入計,13,23,23,737,421,1204,42
1,新橋,外堀通り×第一京浜,R4/11,愛宕,C 品川,流入計,14,22,14,865,413,1314,37
1,新橋,外堀通り×第一京浜,R4/11,愛宕,C 品川,流入計,15,25,14,876,479,1394,48
1,新橋,外堀通り×第一京浜,R4/11,愛宕,C 品川,流入計,16,27,11,1056,475,1569,50
1,新橋,外堀通り×第一京浜,R4/11,愛宕,C 品川,流入計,17,33,7,1100,478,1618,41
1,新橋,外堀通り×第一京浜,R4/11,愛宕,C 品川,流入計,18,23,6,1035,298,1362,38
1,新橋,外堀通り×第一京浜,R4/11,愛宕,C 品川,流入計,12時間計,306,238,9880,5261,15685,463
1,新橋,外堀通り×第一京浜,R4/11,愛宕,D 築地,11.品川,7,17,11,324,229,581,31
1,新橋,外堀通り×第一京浜,R4/11,愛宕,D 築地,11.品川,8,22,13,332,221,588,43
1,新橋,外堀通り×第一京浜,R4/11,愛宕,D 築地,11.品川,9,10,10,344,224,588,30
1,新橋,外堀通り×第一京浜,R4/11,愛宕,D 築地,11.品川,10,12,12,369,252,645,26
1,新橋,外堀通り×第一京浜,R4/11,愛宕,D 築地,11.品川,11,7,15,307,189,518,20
1,新橋,外堀通り×第一京浜,R4/11,愛宕,D 築地,11.品川,12,4,10,308,238,560,25
1,新橋,外堀通り×第一京浜,R4/11,愛宕,D 築地,11.品川,13,5,8,368,226,607,24
1,新橋,外堀通り×第一京浜,R4/11,愛宕,D 築地,11.品川,14,16,7,420,209,652,21
1,新橋,外堀通り×第一京浜,R4/11,愛宕,D 築地,11.品川,15,15,14,439,224,692,39
1,新橋,外堀通り×第一京浜,R4/11,愛宕,D 築地,11.品川,16,7,5,389,198,599,35
1,新橋,外堀通り×第一京浜,R4/11,愛宕,D 築地,11.品川,17,10,9,438,181,638,36
1,新橋,外堀通り×第一京浜,R4/11,愛宕,D 築地,11.品川,18,19,8,404,112,543,29
1,新橋,外堀通り×第一京浜,R4/11,愛宕,D 築地,11.品川,12時間計,144,122,4442,2503,7211,359
1,新橋,外堀通り×第一京浜,R4/11,愛宕,D 築地,12.溜池,7,13,13,390,363,779,67
1,新橋,外堀通り×第一京浜,R4/11,愛宕,D 築地,12.溜池,8,12,15,426,385,838,53
1,新橋,外堀通り×第一京浜,R4/11,愛宕,D 築地,12.溜池,9,12,14,436,303,765,34
1,新橋,外堀通り×第一京浜,R4/11,愛宕,D 築地,12.溜池,10,6,11,533,365,915,59
1,新橋,外堀通り×第一京浜,R4/11,愛宕,D 築地,12.溜池,11,4,7,476,276,763,42
1,新橋,外堀通り×第一京浜,R4/11,愛宕,D 築地,12.溜池,12,3,10,502,275,790,32
1,新橋,外堀通り×第一京浜,R4/11,愛宕,D 築地,12.溜池,13,4,9,533,300,846,49
1,新橋,外堀通り×第一京浜,R4/11,愛宕,D 築地,12.溜池,14,8,6,585,221,820,63
1,新橋,外堀通り×第一京浜,R4/11,愛宕,D 築地,12.溜池,15,5,7,463,245,720,48
1,新橋,外堀通り×第一京浜,R4/11,愛宕,D 築地,12.溜池,16,8,2,578,202,790,42
1,新橋,外堀通り×第一京浜,R4/11,愛宕,D 築地,12.溜池,17,2,2,584,250,838,22
1,新橋,外堀通り×第一京浜,R4/11,愛宕,D 築地,12.溜池,18,8,9,732,131,880,50
1,新橋,外堀通り×第一京浜,R4/11,愛宕,D 築地,12.溜池,12時間計,85,105,6238,3316,9744,561
1,新橋,外堀通り×第一京浜,R4/11,愛宕,D 築地,13.銀座,7,1,0,7,12,20,1
1,新橋,外堀通り×第一京浜,R4/11,愛宕,D 築地,13.銀座,8,0,1,11,16,28,2
1,新橋,外堀通り×第一京浜,R4/11,愛宕,D 築地,13.銀座,9,0,0,16,34,50,0
1,新橋,外堀通り×第一京浜,R4/11,愛宕,D 築地,13.銀座,10,0,1,15,27,43,1
1,新橋,外堀通り×第一京浜,R4/11,愛宕,D 築地,13.銀座,11,2,1,45,10,58,1
1,新橋,外堀通り×第一京浜,R4/11,愛宕,D 築地,13.銀座,12,1,0,35,9,45,4
1,新橋,外堀通り×第一京浜,R4/11,愛宕,D 築地,13.銀座,13,1,0,24,12,37,2
1,新橋,外堀通り×第一京浜,R4/11,愛宕,D 築地,13.銀座,14,0,0,43,16,59,6
1,新橋,外堀通り×第一京浜,R4/11,愛宕,D 築地,13.銀座,15,0,1,43,14,58,1
1,新橋,外堀通り×第一京浜,R4/11,愛宕,D 築地,13.銀座,16,1,0,63,14,78,2
1,新橋,外堀通り×第一京浜,R4/11,愛宕,D 築地,13.銀座,17,1,1,64,14,80,1
1,新橋,外堀通り×第一京浜,R4/11,愛宕,D 築地,13.銀座,18,0,0,40,3,43,0
1,新橋,外堀通り×第一京浜,R4/11,愛宕,D 築地,13.銀座,12時間計,7,5,406,181,599,21
1,新橋,外堀通り×第一京浜,R4/11,愛宕,D 築地,流入計,7,31,24,721,604,1380,99
1,新橋,外堀通り×第一京浜,R4/11,愛宕,D 築地,流入計,8,34,29,769,622,1454,98
1,新橋,外堀通り×第一京浜,R4/11,愛宕,D 築地,流入計,9,22,24,796,561,1403,64
1,新橋,外堀通り×第一京浜,R4/11,愛宕,D 築地,流入計,10,18,24,917,644,1603,86
1,新橋,外堀通り×第一京浜,R4/11,愛宕,D 築地,流入計,11,13,23,828,475,1339,63
1,新橋,外堀通り×第一京浜,R4/11,愛宕,D 築地,流入計,12,8,20,845,522,1395,61
1,新橋,外堀通り×第一京浜,R4/11,愛宕,D 築地,流入計,13,10,17,925,538,1490,75
1,新橋,外堀通り×第一京浜,R4/11,愛宕,D 築地,流入計,14,24,13,1048,446,1531,90
1,新橋,外堀通り×第一京浜,R4/11,愛宕,D 築地,流入計,15,20,22,945,483,1470,88
1,新橋,外堀通り×第一京浜,R4/11,愛宕,D 築地,流入計,16,16,7,1030,414,1467,79
1,新橋,外堀通り×第一京浜,R4/11,愛宕,D 築地,流入計,17,13,12,1086,445,1556,59
1,新橋,外堀通り×第一京浜,R4/11,愛宕,D 築地,流入計,18,27,17,1176,246,1466,79
1,新橋,外堀通り×第一京浜,R4/11,愛宕,D 築地,流入計,12時間計,236,232,11086,6000,17554,941
