﻿地点番号,地点名,交差道路名,調査年月,管轄警察署,流入方向,流出方向,時間帯等,車道通行自転車,歩道通行自転車,自転車計
1,新橋,外堀通り×第一京浜,R4/11,愛宕,A 銀座,1築地,7,12,-,-
1,新橋,外堀通り×第一京浜,R4/11,愛宕,A 銀座,1築地,8,15,-,-
1,新橋,外堀通り×第一京浜,R4/11,愛宕,A 銀座,1築地,9,6,-,-
1,新橋,外堀通り×第一京浜,R4/11,愛宕,A 銀座,1築地,10,5,-,-
1,新橋,外堀通り×第一京浜,R4/11,愛宕,A 銀座,1築地,11,4,-,-
1,新橋,外堀通り×第一京浜,R4/11,愛宕,A 銀座,1築地,12,0,-,-
1,新橋,外堀通り×第一京浜,R4/11,愛宕,A 銀座,1築地,13,4,-,-
1,新橋,外堀通り×第一京浜,R4/11,愛宕,A 銀座,1築地,14,0,-,-
1,新橋,外堀通り×第一京浜,R4/11,愛宕,A 銀座,1築地,15,1,-,-
1,新橋,外堀通り×第一京浜,R4/11,愛宕,A 銀座,1築地,16,0,-,-
1,新橋,外堀通り×第一京浜,R4/11,愛宕,A 銀座,1築地,17,2,-,-
1,新橋,外堀通り×第一京浜,R4/11,愛宕,A 銀座,1築地,18,3,-,-
1,新橋,外堀通り×第一京浜,R4/11,愛宕,A 銀座,1築地,12時間計,52,-,-
1,新橋,外堀通り×第一京浜,R4/11,愛宕,A 銀座,2品川,7,25,-,-
1,新橋,外堀通り×第一京浜,R4/11,愛宕,A 銀座,2品川,8,20,-,-
1,新橋,外堀通り×第一京浜,R4/11,愛宕,A 銀座,2品川,9,26,-,-
1,新橋,外堀通り×第一京浜,R4/11,愛宕,A 銀座,2品川,10,16,-,-
1,新橋,外堀通り×第一京浜,R4/11,愛宕,A 銀座,2品川,11,17,-,-
1,新橋,外堀通り×第一京浜,R4/11,愛宕,A 銀座,2品川,12,19,-,-
1,新橋,外堀通り×第一京浜,R4/11,愛宕,A 銀座,2品川,13,25,-,-
1,新橋,外堀通り×第一京浜,R4/11,愛宕,A 銀座,2品川,14,15,-,-
1,新橋,外堀通り×第一京浜,R4/11,愛宕,A 銀座,2品川,15,20,-,-
1,新橋,外堀通り×第一京浜,R4/11,愛宕,A 銀座,2品川,16,23,-,-
1,新橋,外堀通り×第一京浜,R4/11,愛宕,A 銀座,2品川,17,23,-,-
1,新橋,外堀通り×第一京浜,R4/11,愛宕,A 銀座,2品川,18,39,-,-
1,新橋,外堀通り×第一京浜,R4/11,愛宕,A 銀座,2品川,12時間計,268,-,-
1,新橋,外堀通り×第一京浜,R4/11,愛宕,A 銀座,3溜池,7,0,-,-
1,新橋,外堀通り×第一京浜,R4/11,愛宕,A 銀座,3溜池,8,0,-,-
1,新橋,外堀通り×第一京浜,R4/11,愛宕,A 銀座,3溜池,9,0,-,-
1,新橋,外堀通り×第一京浜,R4/11,愛宕,A 銀座,3溜池,10,0,-,-
1,新橋,外堀通り×第一京浜,R4/11,愛宕,A 銀座,3溜池,11,0,-,-
1,新橋,外堀通り×第一京浜,R4/11,愛宕,A 銀座,3溜池,12,0,-,-
1,新橋,外堀通り×第一京浜,R4/11,愛宕,A 銀座,3溜池,13,0,-,-
1,新橋,外堀通り×第一京浜,R4/11,愛宕,A 銀座,3溜池,14,0,-,-
1,新橋,外堀通り×第一京浜,R4/11,愛宕,A 銀座,3溜池,15,0,-,-
1,新橋,外堀通り×第一京浜,R4/11,愛宕,A 銀座,3溜池,16,0,-,-
1,新橋,外堀通り×第一京浜,R4/11,愛宕,A 銀座,3溜池,17,0,-,-
1,新橋,外堀通り×第一京浜,R4/11,愛宕,A 銀座,3溜池,18,0,-,-
1,新橋,外堀通り×第一京浜,R4/11,愛宕,A 銀座,3溜池,12時間計,0,-,-
1,新橋,外堀通り×第一京浜,R4/11,愛宕,A 銀座,流入計,7,37,14,51
1,新橋,外堀通り×第一京浜,R4/11,愛宕,A 銀座,流入計,8,35,29,64
1,新橋,外堀通り×第一京浜,R4/11,愛宕,A 銀座,流入計,9,32,8,40
1,新橋,外堀通り×第一京浜,R4/11,愛宕,A 銀座,流入計,10,21,10,31
1,新橋,外堀通り×第一京浜,R4/11,愛宕,A 銀座,流入計,11,21,15,36
1,新橋,外堀通り×第一京浜,R4/11,愛宕,A 銀座,流入計,12,19,20,39
1,新橋,外堀通り×第一京浜,R4/11,愛宕,A 銀座,流入計,13,29,19,48
1,新橋,外堀通り×第一京浜,R4/11,愛宕,A 銀座,流入計,14,15,13,28
1,新橋,外堀通り×第一京浜,R4/11,愛宕,A 銀座,流入計,15,21,23,44
1,新橋,外堀通り×第一京浜,R4/11,愛宕,A 銀座,流入計,16,23,39,62
1,新橋,外堀通り×第一京浜,R4/11,愛宕,A 銀座,流入計,17,25,25,50
1,新橋,外堀通り×第一京浜,R4/11,愛宕,A 銀座,流入計,18,42,15,57
1,新橋,外堀通り×第一京浜,R4/11,愛宕,A 銀座,流入計,12時間計,320,230,550
1,新橋,外堀通り×第一京浜,R4/11,愛宕,B 溜池,4銀座,7,6,-,-
1,新橋,外堀通り×第一京浜,R4/11,愛宕,B 溜池,4銀座,8,1,-,-
1,新橋,外堀通り×第一京浜,R4/11,愛宕,B 溜池,4銀座,9,3,-,-
1,新橋,外堀通り×第一京浜,R4/11,愛宕,B 溜池,4銀座,10,4,-,-
1,新橋,外堀通り×第一京浜,R4/11,愛宕,B 溜池,4銀座,11,2,-,-
1,新橋,外堀通り×第一京浜,R4/11,愛宕,B 溜池,4銀座,12,0,-,-
1,新橋,外堀通り×第一京浜,R4/11,愛宕,B 溜池,4銀座,13,0,-,-
1,新橋,外堀通り×第一京浜,R4/11,愛宕,B 溜池,4銀座,14,2,-,-
1,新橋,外堀通り×第一京浜,R4/11,愛宕,B 溜池,4銀座,15,3,-,-
1,新橋,外堀通り×第一京浜,R4/11,愛宕,B 溜池,4銀座,16,1,-,-
1,新橋,外堀通り×第一京浜,R4/11,愛宕,B 溜池,4銀座,17,0,-,-
1,新橋,外堀通り×第一京浜,R4/11,愛宕,B 溜池,4銀座,18,3,-,-
1,新橋,外堀通り×第一京浜,R4/11,愛宕,B 溜池,4銀座,12時間計,25,-,-
1,新橋,外堀通り×第一京浜,R4/11,愛宕,B 溜池,5築地,7,2,-,-
1,新橋,外堀通り×第一京浜,R4/11,愛宕,B 溜池,5築地,8,13,-,-
1,新橋,外堀通り×第一京浜,R4/11,愛宕,B 溜池,5築地,9,4,-,-
1,新橋,外堀通り×第一京浜,R4/11,愛宕,B 溜池,5築地,10,5,-,-
1,新橋,外堀通り×第一京浜,R4/11,愛宕,B 溜池,5築地,11,6,-,-
1,新橋,外堀通り×第一京浜,R4/11,愛宕,B 溜池,5築地,12,5,-,-
1,新橋,外堀通り×第一京浜,R4/11,愛宕,B 溜池,5築地,13,6,-,-
1,新橋,外堀通り×第一京浜,R4/11,愛宕,B 溜池,5築地,14,8,-,-
1,新橋,外堀通り×第一京浜,R4/11,愛宕,B 溜池,5築地,15,11,-,-
1,新橋,外堀通り×第一京浜,R4/11,愛宕,B 溜池,5築地,16,8,-,-
1,新橋,外堀通り×第一京浜,R4/11,愛宕,B 溜池,5築地,17,14,-,-
1,新橋,外堀通り×第一京浜,R4/11,愛宕,B 溜池,5築地,18,10,-,-
1,新橋,外堀通り×第一京浜,R4/11,愛宕,B 溜池,5築地,12時間計,92,-,-
1,新橋,外堀通り×第一京浜,R4/11,愛宕,B 溜池,6品川,7,1,-,-
1,新橋,外堀通り×第一京浜,R4/11,愛宕,B 溜池,6品川,8,4,-,-
1,新橋,外堀通り×第一京浜,R4/11,愛宕,B 溜池,6品川,9,3,-,-
1,新橋,外堀通り×第一京浜,R4/11,愛宕,B 溜池,6品川,10,0,-,-
1,新橋,外堀通り×第一京浜,R4/11,愛宕,B 溜池,6品川,11,0,-,-
1,新橋,外堀通り×第一京浜,R4/11,愛宕,B 溜池,6品川,12,0,-,-
1,新橋,外堀通り×第一京浜,R4/11,愛宕,B 溜池,6品川,13,0,-,-
1,新橋,外堀通り×第一京浜,R4/11,愛宕,B 溜池,6品川,14,0,-,-
1,新橋,外堀通り×第一京浜,R4/11,愛宕,B 溜池,6品川,15,0,-,-
1,新橋,外堀通り×第一京浜,R4/11,愛宕,B 溜池,6品川,16,1,-,-
1,新橋,外堀通り×第一京浜,R4/11,愛宕,B 溜池,6品川,17,0,-,-
1,新橋,外堀通り×第一京浜,R4/11,愛宕,B 溜池,6品川,18,0,-,-
1,新橋,外堀通り×第一京浜,R4/11,愛宕,B 溜池,6品川,12時間計,9,-,-
1,新橋,外堀通り×第一京浜,R4/11,愛宕,B 溜池,流入計,7,9,5,14
1,新橋,外堀通り×第一京浜,R4/11,愛宕,B 溜池,流入計,8,18,11,29
1,新橋,外堀通り×第一京浜,R4/11,愛宕,B 溜池,流入計,9,10,9,19
1,新橋,外堀通り×第一京浜,R4/11,愛宕,B 溜池,流入計,10,9,7,16
1,新橋,外堀通り×第一京浜,R4/11,愛宕,B 溜池,流入計,11,8,9,17
1,新橋,外堀通り×第一京浜,R4/11,愛宕,B 溜池,流入計,12,5,9,14
1,新橋,外堀通り×第一京浜,R4/11,愛宕,B 溜池,流入計,13,6,21,27
1,新橋,外堀通り×第一京浜,R4/11,愛宕,B 溜池,流入計,14,10,13,23
1,新橋,外堀通り×第一京浜,R4/11,愛宕,B 溜池,流入計,15,14,8,22
1,新橋,外堀通り×第一京浜,R4/11,愛宕,B 溜池,流入計,16,10,14,24
1,新橋,外堀通り×第一京浜,R4/11,愛宕,B 溜池,流入計,17,14,7,21
1,新橋,外堀通り×第一京浜,R4/11,愛宕,B 溜池,流入計,18,13,8,21
1,新橋,外堀通り×第一京浜,R4/11,愛宕,B 溜池,流入計,12時間計,126,121,247
1,新橋,外堀通り×第一京浜,R4/11,愛宕,C 品川,7溜池,7,1,-,-
1,新橋,外堀通り×第一京浜,R4/11,愛宕,C 品川,7溜池,8,0,-,-
1,新橋,外堀通り×第一京浜,R4/11,愛宕,C 品川,7溜池,9,0,-,-
1,新橋,外堀通り×第一京浜,R4/11,愛宕,C 品川,7溜池,10,0,-,-
1,新橋,外堀通り×第一京浜,R4/11,愛宕,C 品川,7溜池,11,4,-,-
1,新橋,外堀通り×第一京浜,R4/11,愛宕,C 品川,7溜池,12,2,-,-
1,新橋,外堀通り×第一京浜,R4/11,愛宕,C 品川,7溜池,13,0,-,-
1,新橋,外堀通り×第一京浜,R4/11,愛宕,C 品川,7溜池,14,0,-,-
1,新橋,外堀通り×第一京浜,R4/11,愛宕,C 品川,7溜池,15,0,-,-
1,新橋,外堀通り×第一京浜,R4/11,愛宕,C 品川,7溜池,16,3,-,-
1,新橋,外堀通り×第一京浜,R4/11,愛宕,C 品川,7溜池,17,2,-,-
1,新橋,外堀通り×第一京浜,R4/11,愛宕,C 品川,7溜池,18,0,-,-
1,新橋,外堀通り×第一京浜,R4/11,愛宕,C 品川,7溜池,12時間計,12,-,-
1,新橋,外堀通り×第一京浜,R4/11,愛宕,C 品川,8銀座,7,10,-,-
1,新橋,外堀通り×第一京浜,R4/11,愛宕,C 品川,8銀座,8,27,-,-
1,新橋,外堀通り×第一京浜,R4/11,愛宕,C 品川,8銀座,9,14,-,-
1,新橋,外堀通り×第一京浜,R4/11,愛宕,C 品川,8銀座,10,15,-,-
1,新橋,外堀通り×第一京浜,R4/11,愛宕,C 品川,8銀座,11,13,-,-
1,新橋,外堀通り×第一京浜,R4/11,愛宕,C 品川,8銀座,12,24,-,-
1,新橋,外堀通り×第一京浜,R4/11,愛宕,C 品川,8銀座,13,31,-,-
1,新橋,外堀通り×第一京浜,R4/11,愛宕,C 品川,8銀座,14,15,-,-
1,新橋,外堀通り×第一京浜,R4/11,愛宕,C 品川,8銀座,15,8,-,-
1,新橋,外堀通り×第一京浜,R4/11,愛宕,C 品川,8銀座,16,25,-,-
1,新橋,外堀通り×第一京浜,R4/11,愛宕,C 品川,8銀座,17,31,-,-
1,新橋,外堀通り×第一京浜,R4/11,愛宕,C 品川,8銀座,18,51,-,-
1,新橋,外堀通り×第一京浜,R4/11,愛宕,C 品川,8銀座,12時間計,264,-,-
1,新橋,外堀通り×第一京浜,R4/11,愛宕,C 品川,9築地,7,1,-,-
1,新橋,外堀通り×第一京浜,R4/11,愛宕,C 品川,9築地,8,3,-,-
1,新橋,外堀通り×第一京浜,R4/11,愛宕,C 品川,9築地,9,1,-,-
1,新橋,外堀通り×第一京浜,R4/11,愛宕,C 品川,9築地,10,3,-,-
1,新橋,外堀通り×第一京浜,R4/11,愛宕,C 品川,9築地,11,0,-,-
1,新橋,外堀通り×第一京浜,R4/11,愛宕,C 品川,9築地,12,2,-,-
1,新橋,外堀通り×第一京浜,R4/11,愛宕,C 品川,9築地,13,0,-,-
1,新橋,外堀通り×第一京浜,R4/11,愛宕,C 品川,9築地,14,0,-,-
1,新橋,外堀通り×第一京浜,R4/11,愛宕,C 品川,9築地,15,4,-,-
1,新橋,外堀通り×第一京浜,R4/11,愛宕,C 品川,9築地,16,1,-,-
1,新橋,外堀通り×第一京浜,R4/11,愛宕,C 品川,9築地,17,4,-,-
1,新橋,外堀通り×第一京浜,R4/11,愛宕,C 品川,9築地,18,2,-,-
1,新橋,外堀通り×第一京浜,R4/11,愛宕,C 品川,9築地,12時間計,21,-,-
1,新橋,外堀通り×第一京浜,R4/11,愛宕,C 品川,10築地,7,0,-,-
1,新橋,外堀通り×第一京浜,R4/11,愛宕,C 品川,10築地,8,0,-,-
1,新橋,外堀通り×第一京浜,R4/11,愛宕,C 品川,10築地,9,0,-,-
1,新橋,外堀通り×第一京浜,R4/11,愛宕,C 品川,10築地,10,0,-,-
1,新橋,外堀通り×第一京浜,R4/11,愛宕,C 品川,10築地,11,0,-,-
1,新橋,外堀通り×第一京浜,R4/11,愛宕,C 品川,10築地,12,0,-,-
1,新橋,外堀通り×第一京浜,R4/11,愛宕,C 品川,10築地,13,0,-,-
1,新橋,外堀通り×第一京浜,R4/11,愛宕,C 品川,10築地,14,0,-,-
1,新橋,外堀通り×第一京浜,R4/11,愛宕,C 品川,10築地,15,0,-,-
1,新橋,外堀通り×第一京浜,R4/11,愛宕,C 品川,10築地,16,0,-,-
1,新橋,外堀通り×第一京浜,R4/11,愛宕,C 品川,10築地,17,0,-,-
1,新橋,外堀通り×第一京浜,R4/11,愛宕,C 品川,10築地,18,0,-,-
1,新橋,外堀通り×第一京浜,R4/11,愛宕,C 品川,10築地,12時間計,0,-,-
1,新橋,外堀通り×第一京浜,R4/11,愛宕,C 品川,流入計,7,12,13,25
1,新橋,外堀通り×第一京浜,R4/11,愛宕,C 品川,流入計,8,30,12,42
1,新橋,外堀通り×第一京浜,R4/11,愛宕,C 品川,流入計,9,15,10,25
1,新橋,外堀通り×第一京浜,R4/11,愛宕,C 品川,流入計,10,18,27,45
1,新橋,外堀通り×第一京浜,R4/11,愛宕,C 品川,流入計,11,17,31,48
1,新橋,外堀通り×第一京浜,R4/11,愛宕,C 品川,流入計,12,28,28,56
1,新橋,外堀通り×第一京浜,R4/11,愛宕,C 品川,流入計,13,31,10,41
1,新橋,外堀通り×第一京浜,R4/11,愛宕,C 品川,流入計,14,15,10,25
1,新橋,外堀通り×第一京浜,R4/11,愛宕,C 品川,流入計,15,12,18,30
1,新橋,外堀通り×第一京浜,R4/11,愛宕,C 品川,流入計,16,29,21,50
1,新橋,外堀通り×第一京浜,R4/11,愛宕,C 品川,流入計,17,37,30,67
1,新橋,外堀通り×第一京浜,R4/11,愛宕,C 品川,流入計,18,53,16,69
1,新橋,外堀通り×第一京浜,R4/11,愛宕,C 品川,流入計,12時間計,297,226,523
1,新橋,外堀通り×第一京浜,R4/11,愛宕,D 築地,11品川,7,13,-,-
1,新橋,外堀通り×第一京浜,R4/11,愛宕,D 築地,11品川,8,8,-,-
1,新橋,外堀通り×第一京浜,R4/11,愛宕,D 築地,11品川,9,6,-,-
1,新橋,外堀通り×第一京浜,R4/11,愛宕,D 築地,11品川,10,5,-,-
1,新橋,外堀通り×第一京浜,R4/11,愛宕,D 築地,11品川,11,7,-,-
1,新橋,外堀通り×第一京浜,R4/11,愛宕,D 築地,11品川,12,6,-,-
1,新橋,外堀通り×第一京浜,R4/11,愛宕,D 築地,11品川,13,1,-,-
1,新橋,外堀通り×第一京浜,R4/11,愛宕,D 築地,11品川,14,0,-,-
1,新橋,外堀通り×第一京浜,R4/11,愛宕,D 築地,11品川,15,4,-,-
1,新橋,外堀通り×第一京浜,R4/11,愛宕,D 築地,11品川,16,7,-,-
1,新橋,外堀通り×第一京浜,R4/11,愛宕,D 築地,11品川,17,8,-,-
1,新橋,外堀通り×第一京浜,R4/11,愛宕,D 築地,11品川,18,12,-,-
1,新橋,外堀通り×第一京浜,R4/11,愛宕,D 築地,11品川,12時間計,77,-,-
1,新橋,外堀通り×第一京浜,R4/11,愛宕,D 築地,12溜池,7,3,-,-
1,新橋,外堀通り×第一京浜,R4/11,愛宕,D 築地,12溜池,8,10,-,-
1,新橋,外堀通り×第一京浜,R4/11,愛宕,D 築地,12溜池,9,19,-,-
1,新橋,外堀通り×第一京浜,R4/11,愛宕,D 築地,12溜池,10,10,-,-
1,新橋,外堀通り×第一京浜,R4/11,愛宕,D 築地,12溜池,11,11,-,-
1,新橋,外堀通り×第一京浜,R4/11,愛宕,D 築地,12溜池,12,17,-,-
1,新橋,外堀通り×第一京浜,R4/11,愛宕,D 築地,12溜池,13,9,-,-
1,新橋,外堀通り×第一京浜,R4/11,愛宕,D 築地,12溜池,14,10,-,-
1,新橋,外堀通り×第一京浜,R4/11,愛宕,D 築地,12溜池,15,3,-,-
1,新橋,外堀通り×第一京浜,R4/11,愛宕,D 築地,12溜池,16,14,-,-
1,新橋,外堀通り×第一京浜,R4/11,愛宕,D 築地,12溜池,17,10,-,-
1,新橋,外堀通り×第一京浜,R4/11,愛宕,D 築地,12溜池,18,14,-,-
1,新橋,外堀通り×第一京浜,R4/11,愛宕,D 築地,12溜池,12時間計,130,-,-
1,新橋,外堀通り×第一京浜,R4/11,愛宕,D 築地,13銀座,7,0,-,-
1,新橋,外堀通り×第一京浜,R4/11,愛宕,D 築地,13銀座,8,0,-,-
1,新橋,外堀通り×第一京浜,R4/11,愛宕,D 築地,13銀座,9,0,-,-
1,新橋,外堀通り×第一京浜,R4/11,愛宕,D 築地,13銀座,10,0,-,-
1,新橋,外堀通り×第一京浜,R4/11,愛宕,D 築地,13銀座,11,1,-,-
1,新橋,外堀通り×第一京浜,R4/11,愛宕,D 築地,13銀座,12,0,-,-
1,新橋,外堀通り×第一京浜,R4/11,愛宕,D 築地,13銀座,13,0,-,-
1,新橋,外堀通り×第一京浜,R4/11,愛宕,D 築地,13銀座,14,0,-,-
1,新橋,外堀通り×第一京浜,R4/11,愛宕,D 築地,13銀座,15,0,-,-
1,新橋,外堀通り×第一京浜,R4/11,愛宕,D 築地,13銀座,16,1,-,-
1,新橋,外堀通り×第一京浜,R4/11,愛宕,D 築地,13銀座,17,0,-,-
1,新橋,外堀通り×第一京浜,R4/11,愛宕,D 築地,13銀座,18,0,-,-
1,新橋,外堀通り×第一京浜,R4/11,愛宕,D 築地,13銀座,12時間計,2,-,-
1,新橋,外堀通り×第一京浜,R4/11,愛宕,D 築地,流入計,7,16,20,36
1,新橋,外堀通り×第一京浜,R4/11,愛宕,D 築地,流入計,8,18,35,53
1,新橋,外堀通り×第一京浜,R4/11,愛宕,D 築地,流入計,9,25,11,36
1,新橋,外堀通り×第一京浜,R4/11,愛宕,D 築地,流入計,10,15,21,36
1,新橋,外堀通り×第一京浜,R4/11,愛宕,D 築地,流入計,11,19,13,32
1,新橋,外堀通り×第一京浜,R4/11,愛宕,D 築地,流入計,12,23,10,33
1,新橋,外堀通り×第一京浜,R4/11,愛宕,D 築地,流入計,13,10,17,27
1,新橋,外堀通り×第一京浜,R4/11,愛宕,D 築地,流入計,14,10,21,31
1,新橋,外堀通り×第一京浜,R4/11,愛宕,D 築地,流入計,15,7,24,31
1,新橋,外堀通り×第一京浜,R4/11,愛宕,D 築地,流入計,16,22,25,47
1,新橋,外堀通り×第一京浜,R4/11,愛宕,D 築地,流入計,17,18,13,31
1,新橋,外堀通り×第一京浜,R4/11,愛宕,D 築地,流入計,18,26,10,36
1,新橋,外堀通り×第一京浜,R4/11,愛宕,D 築地,流入計,12時間計,209,220,429
1,新橋,外堀通り×第一京浜,R4/11,愛宕,全方向計,全方向計,7,74,52,126
1,新橋,外堀通り×第一京浜,R4/11,愛宕,全方向計,全方向計,8,101,87,188
1,新橋,外堀通り×第一京浜,R4/11,愛宕,全方向計,全方向計,9,82,38,120
1,新橋,外堀通り×第一京浜,R4/11,愛宕,全方向計,全方向計,10,63,65,128
1,新橋,外堀通り×第一京浜,R4/11,愛宕,全方向計,全方向計,11,65,68,133
1,新橋,外堀通り×第一京浜,R4/11,愛宕,全方向計,全方向計,12,75,67,142
1,新橋,外堀通り×第一京浜,R4/11,愛宕,全方向計,全方向計,13,76,67,143
1,新橋,外堀通り×第一京浜,R4/11,愛宕,全方向計,全方向計,14,50,57,107
1,新橋,外堀通り×第一京浜,R4/11,愛宕,全方向計,全方向計,15,54,73,127
1,新橋,外堀通り×第一京浜,R4/11,愛宕,全方向計,全方向計,16,84,99,183
1,新橋,外堀通り×第一京浜,R4/11,愛宕,全方向計,全方向計,17,94,75,169
1,新橋,外堀通り×第一京浜,R4/11,愛宕,全方向計,全方向計,18,134,49,183
1,新橋,外堀通り×第一京浜,R4/11,愛宕,全方向計,全方向計,12時間計,952,797,1749
