﻿地点番号,地点名,交差道路名,調査年月,管轄警察署,流出方向,時間帯等,大型乗用,大型貨物,普通乗用,普通貨物,四輪計,二輪車
70,境浄水場西,武蔵境通り×井の頭通り,R4/10,武蔵野,A 柳橋,7,21,3,250,113,387,21
70,境浄水場西,武蔵境通り×井の頭通り,R4/10,武蔵野,A 柳橋,8,33,4,273,110,420,18
70,境浄水場西,武蔵境通り×井の頭通り,R4/10,武蔵野,A 柳橋,9,29,4,215,130,378,16
70,境浄水場西,武蔵境通り×井の頭通り,R4/10,武蔵野,A 柳橋,10,24,3,222,129,378,15
70,境浄水場西,武蔵境通り×井の頭通り,R4/10,武蔵野,A 柳橋,11,22,2,223,139,386,30
70,境浄水場西,武蔵境通り×井の頭通り,R4/10,武蔵野,A 柳橋,12,18,2,212,102,334,22
70,境浄水場西,武蔵境通り×井の頭通り,R4/10,武蔵野,A 柳橋,13,22,6,261,115,404,24
70,境浄水場西,武蔵境通り×井の頭通り,R4/10,武蔵野,A 柳橋,14,20,2,224,121,367,24
70,境浄水場西,武蔵境通り×井の頭通り,R4/10,武蔵野,A 柳橋,15,17,2,238,96,353,17
70,境浄水場西,武蔵境通り×井の頭通り,R4/10,武蔵野,A 柳橋,16,20,0,282,145,447,26
70,境浄水場西,武蔵境通り×井の頭通り,R4/10,武蔵野,A 柳橋,17,23,0,323,144,490,47
70,境浄水場西,武蔵境通り×井の頭通り,R4/10,武蔵野,A 柳橋,18,19,0,339,99,457,48
70,境浄水場西,武蔵境通り×井の頭通り,R4/10,武蔵野,A 柳橋,12時間計,268,28,3062,1443,4801,308
70,境浄水場西,武蔵境通り×井の頭通り,R4/10,武蔵野,B 関町五丁目,7,0,3,65,32,100,8
70,境浄水場西,武蔵境通り×井の頭通り,R4/10,武蔵野,B 関町五丁目,8,3,3,111,45,162,3
70,境浄水場西,武蔵境通り×井の頭通り,R4/10,武蔵野,B 関町五丁目,9,2,3,100,51,156,10
70,境浄水場西,武蔵境通り×井の頭通り,R4/10,武蔵野,B 関町五丁目,10,2,2,119,58,181,8
70,境浄水場西,武蔵境通り×井の頭通り,R4/10,武蔵野,B 関町五丁目,11,2,3,112,58,175,11
70,境浄水場西,武蔵境通り×井の頭通り,R4/10,武蔵野,B 関町五丁目,12,0,2,103,44,149,3
70,境浄水場西,武蔵境通り×井の頭通り,R4/10,武蔵野,B 関町五丁目,13,0,0,123,65,188,12
70,境浄水場西,武蔵境通り×井の頭通り,R4/10,武蔵野,B 関町五丁目,14,1,1,127,72,201,14
70,境浄水場西,武蔵境通り×井の頭通り,R4/10,武蔵野,B 関町五丁目,15,2,1,132,64,199,9
70,境浄水場西,武蔵境通り×井の頭通り,R4/10,武蔵野,B 関町五丁目,16,4,0,145,62,211,8
70,境浄水場西,武蔵境通り×井の頭通り,R4/10,武蔵野,B 関町五丁目,17,1,1,123,51,176,8
70,境浄水場西,武蔵境通り×井の頭通り,R4/10,武蔵野,B 関町五丁目,18,1,0,146,61,208,27
70,境浄水場西,武蔵境通り×井の頭通り,R4/10,武蔵野,B 関町五丁目,12時間計,18,19,1406,663,2106,121
70,境浄水場西,武蔵境通り×井の頭通り,R4/10,武蔵野,C 武蔵境駅,7,31,1,189,76,297,26
70,境浄水場西,武蔵境通り×井の頭通り,R4/10,武蔵野,C 武蔵境駅,8,27,0,208,71,306,25
70,境浄水場西,武蔵境通り×井の頭通り,R4/10,武蔵野,C 武蔵境駅,9,25,0,190,80,295,26
70,境浄水場西,武蔵境通り×井の頭通り,R4/10,武蔵野,C 武蔵境駅,10,19,1,161,84,265,16
70,境浄水場西,武蔵境通り×井の頭通り,R4/10,武蔵野,C 武蔵境駅,11,20,2,224,88,334,21
70,境浄水場西,武蔵境通り×井の頭通り,R4/10,武蔵野,C 武蔵境駅,12,20,3,183,78,284,29
70,境浄水場西,武蔵境通り×井の頭通り,R4/10,武蔵野,C 武蔵境駅,13,31,1,208,61,301,21
70,境浄水場西,武蔵境通り×井の頭通り,R4/10,武蔵野,C 武蔵境駅,14,28,0,164,60,252,19
70,境浄水場西,武蔵境通り×井の頭通り,R4/10,武蔵野,C 武蔵境駅,15,19,0,205,64,288,17
70,境浄水場西,武蔵境通り×井の頭通り,R4/10,武蔵野,C 武蔵境駅,16,19,1,224,74,318,8
70,境浄水場西,武蔵境通り×井の頭通り,R4/10,武蔵野,C 武蔵境駅,17,21,3,220,79,323,16
70,境浄水場西,武蔵境通り×井の頭通り,R4/10,武蔵野,C 武蔵境駅,18,21,0,229,58,308,27
70,境浄水場西,武蔵境通り×井の頭通り,R4/10,武蔵野,C 武蔵境駅,12時間計,281,12,2405,873,3571,251
70,境浄水場西,武蔵境通り×井の頭通り,R4/10,武蔵野,D 環八通り,7,2,0,248,208,458,49
70,境浄水場西,武蔵境通り×井の頭通り,R4/10,武蔵野,D 環八通り,8,3,2,209,173,387,30
70,境浄水場西,武蔵境通り×井の頭通り,R4/10,武蔵野,D 環八通り,9,4,0,234,151,389,30
70,境浄水場西,武蔵境通り×井の頭通り,R4/10,武蔵野,D 環八通り,10,0,0,217,111,328,22
70,境浄水場西,武蔵境通り×井の頭通り,R4/10,武蔵野,D 環八通り,11,0,0,222,124,346,29
70,境浄水場西,武蔵境通り×井の頭通り,R4/10,武蔵野,D 環八通り,12,1,2,191,104,298,26
70,境浄水場西,武蔵境通り×井の頭通り,R4/10,武蔵野,D 環八通り,13,2,2,186,99,289,26
70,境浄水場西,武蔵境通り×井の頭通り,R4/10,武蔵野,D 環八通り,14,2,2,210,99,313,16
70,境浄水場西,武蔵境通り×井の頭通り,R4/10,武蔵野,D 環八通り,15,1,0,229,74,304,19
70,境浄水場西,武蔵境通り×井の頭通り,R4/10,武蔵野,D 環八通り,16,0,1,236,79,316,15
70,境浄水場西,武蔵境通り×井の頭通り,R4/10,武蔵野,D 環八通り,17,2,0,225,66,293,25
70,境浄水場西,武蔵境通り×井の頭通り,R4/10,武蔵野,D 環八通り,18,0,1,216,54,271,16
70,境浄水場西,武蔵境通り×井の頭通り,R4/10,武蔵野,D 環八通り,12時間計,17,10,2623,1342,3992,303
70,境浄水場西,武蔵境通り×井の頭通り,R4/10,武蔵野,全方向合計,7,54,7,752,429,1242,104
70,境浄水場西,武蔵境通り×井の頭通り,R4/10,武蔵野,全方向合計,8,66,9,801,399,1275,76
70,境浄水場西,武蔵境通り×井の頭通り,R4/10,武蔵野,全方向合計,9,60,7,739,412,1218,82
70,境浄水場西,武蔵境通り×井の頭通り,R4/10,武蔵野,全方向合計,10,45,6,719,382,1152,61
70,境浄水場西,武蔵境通り×井の頭通り,R4/10,武蔵野,全方向合計,11,44,7,781,409,1241,91
70,境浄水場西,武蔵境通り×井の頭通り,R4/10,武蔵野,全方向合計,12,39,9,689,328,1065,80
70,境浄水場西,武蔵境通り×井の頭通り,R4/10,武蔵野,全方向合計,13,55,9,778,340,1182,83
70,境浄水場西,武蔵境通り×井の頭通り,R4/10,武蔵野,全方向合計,14,51,5,725,352,1133,73
70,境浄水場西,武蔵境通り×井の頭通り,R4/10,武蔵野,全方向合計,15,39,3,804,298,1144,62
70,境浄水場西,武蔵境通り×井の頭通り,R4/10,武蔵野,全方向合計,16,43,2,887,360,1292,57
70,境浄水場西,武蔵境通り×井の頭通り,R4/10,武蔵野,全方向合計,17,47,4,891,340,1282,96
70,境浄水場西,武蔵境通り×井の頭通り,R4/10,武蔵野,全方向合計,18,41,1,930,272,1244,118
70,境浄水場西,武蔵境通り×井の頭通り,R4/10,武蔵野,全方向合計,12時間計,584,69,9496,4321,14470,983
