﻿地点番号,地点名,交差道路名,調査年月,管轄警察署,流入方向,流出方向,時間帯等,大型乗用,大型貨物,普通乗用,普通貨物,四輪計,二輪車
70,境浄水場西,武蔵境通り×井の頭通り,R4/10,武蔵野,A 柳橋,1.環八通り,7,0,0,97,82,179,16
70,境浄水場西,武蔵境通り×井の頭通り,R4/10,武蔵野,A 柳橋,1.環八通り,8,0,2,69,66,137,6
70,境浄水場西,武蔵境通り×井の頭通り,R4/10,武蔵野,A 柳橋,1.環八通り,9,1,0,101,46,148,8
70,境浄水場西,武蔵境通り×井の頭通り,R4/10,武蔵野,A 柳橋,1.環八通り,10,0,0,73,36,109,10
70,境浄水場西,武蔵境通り×井の頭通り,R4/10,武蔵野,A 柳橋,1.環八通り,11,0,0,64,36,100,6
70,境浄水場西,武蔵境通り×井の頭通り,R4/10,武蔵野,A 柳橋,1.環八通り,12,0,1,64,21,86,7
70,境浄水場西,武蔵境通り×井の頭通り,R4/10,武蔵野,A 柳橋,1.環八通り,13,0,0,59,35,94,6
70,境浄水場西,武蔵境通り×井の頭通り,R4/10,武蔵野,A 柳橋,1.環八通り,14,0,0,67,23,90,5
70,境浄水場西,武蔵境通り×井の頭通り,R4/10,武蔵野,A 柳橋,1.環八通り,15,0,0,89,23,112,7
70,境浄水場西,武蔵境通り×井の頭通り,R4/10,武蔵野,A 柳橋,1.環八通り,16,0,1,93,30,124,2
70,境浄水場西,武蔵境通り×井の頭通り,R4/10,武蔵野,A 柳橋,1.環八通り,17,1,0,51,18,70,9
70,境浄水場西,武蔵境通り×井の頭通り,R4/10,武蔵野,A 柳橋,1.環八通り,18,0,0,93,6,99,4
70,境浄水場西,武蔵境通り×井の頭通り,R4/10,武蔵野,A 柳橋,1.環八通り,12時間計,2,4,920,422,1348,86
70,境浄水場西,武蔵境通り×井の頭通り,R4/10,武蔵野,A 柳橋,2.武蔵境駅,7,28,1,162,66,257,21
70,境浄水場西,武蔵境通り×井の頭通り,R4/10,武蔵野,A 柳橋,2.武蔵境駅,8,25,0,175,53,253,21
70,境浄水場西,武蔵境通り×井の頭通り,R4/10,武蔵野,A 柳橋,2.武蔵境駅,9,25,0,155,64,244,19
70,境浄水場西,武蔵境通り×井の頭通り,R4/10,武蔵野,A 柳橋,2.武蔵境駅,10,19,1,120,55,195,11
70,境浄水場西,武蔵境通り×井の頭通り,R4/10,武蔵野,A 柳橋,2.武蔵境駅,11,20,1,165,61,247,15
70,境浄水場西,武蔵境通り×井の頭通り,R4/10,武蔵野,A 柳橋,2.武蔵境駅,12,20,2,145,64,231,21
70,境浄水場西,武蔵境通り×井の頭通り,R4/10,武蔵野,A 柳橋,2.武蔵境駅,13,30,1,163,48,242,16
70,境浄水場西,武蔵境通り×井の頭通り,R4/10,武蔵野,A 柳橋,2.武蔵境駅,14,27,0,112,47,186,11
70,境浄水場西,武蔵境通り×井の頭通り,R4/10,武蔵野,A 柳橋,2.武蔵境駅,15,19,0,153,44,216,15
70,境浄水場西,武蔵境通り×井の頭通り,R4/10,武蔵野,A 柳橋,2.武蔵境駅,16,19,1,171,59,250,5
70,境浄水場西,武蔵境通り×井の頭通り,R4/10,武蔵野,A 柳橋,2.武蔵境駅,17,20,2,175,59,256,8
70,境浄水場西,武蔵境通り×井の頭通り,R4/10,武蔵野,A 柳橋,2.武蔵境駅,18,21,0,176,44,241,21
70,境浄水場西,武蔵境通り×井の頭通り,R4/10,武蔵野,A 柳橋,2.武蔵境駅,12時間計,273,9,1872,664,2818,184
70,境浄水場西,武蔵境通り×井の頭通り,R4/10,武蔵野,A 柳橋,3.関町五丁目,7,0,0,0,0,0,0
70,境浄水場西,武蔵境通り×井の頭通り,R4/10,武蔵野,A 柳橋,3.関町五丁目,8,3,0,1,1,5,1
70,境浄水場西,武蔵境通り×井の頭通り,R4/10,武蔵野,A 柳橋,3.関町五丁目,9,1,1,1,0,3,0
70,境浄水場西,武蔵境通り×井の頭通り,R4/10,武蔵野,A 柳橋,3.関町五丁目,10,0,0,2,1,3,0
70,境浄水場西,武蔵境通り×井の頭通り,R4/10,武蔵野,A 柳橋,3.関町五丁目,11,0,0,4,2,6,1
70,境浄水場西,武蔵境通り×井の頭通り,R4/10,武蔵野,A 柳橋,3.関町五丁目,12,0,0,4,1,5,0
70,境浄水場西,武蔵境通り×井の頭通り,R4/10,武蔵野,A 柳橋,3.関町五丁目,13,0,0,4,0,4,0
70,境浄水場西,武蔵境通り×井の頭通り,R4/10,武蔵野,A 柳橋,3.関町五丁目,14,1,0,4,3,8,0
70,境浄水場西,武蔵境通り×井の頭通り,R4/10,武蔵野,A 柳橋,3.関町五丁目,15,1,0,4,0,5,0
70,境浄水場西,武蔵境通り×井の頭通り,R4/10,武蔵野,A 柳橋,3.関町五丁目,16,1,0,3,0,4,0
70,境浄水場西,武蔵境通り×井の頭通り,R4/10,武蔵野,A 柳橋,3.関町五丁目,17,0,0,4,1,5,0
70,境浄水場西,武蔵境通り×井の頭通り,R4/10,武蔵野,A 柳橋,3.関町五丁目,18,1,0,6,1,8,0
70,境浄水場西,武蔵境通り×井の頭通り,R4/10,武蔵野,A 柳橋,3.関町五丁目,12時間計,8,1,37,10,56,2
70,境浄水場西,武蔵境通り×井の頭通り,R4/10,武蔵野,A 柳橋,流入計,7,28,1,259,148,436,37
70,境浄水場西,武蔵境通り×井の頭通り,R4/10,武蔵野,A 柳橋,流入計,8,28,2,245,120,395,28
70,境浄水場西,武蔵境通り×井の頭通り,R4/10,武蔵野,A 柳橋,流入計,9,27,1,257,110,395,27
70,境浄水場西,武蔵境通り×井の頭通り,R4/10,武蔵野,A 柳橋,流入計,10,19,1,195,92,307,21
70,境浄水場西,武蔵境通り×井の頭通り,R4/10,武蔵野,A 柳橋,流入計,11,20,1,233,99,353,22
70,境浄水場西,武蔵境通り×井の頭通り,R4/10,武蔵野,A 柳橋,流入計,12,20,3,213,86,322,28
70,境浄水場西,武蔵境通り×井の頭通り,R4/10,武蔵野,A 柳橋,流入計,13,30,1,226,83,340,22
70,境浄水場西,武蔵境通り×井の頭通り,R4/10,武蔵野,A 柳橋,流入計,14,28,0,183,73,284,16
70,境浄水場西,武蔵境通り×井の頭通り,R4/10,武蔵野,A 柳橋,流入計,15,20,0,246,67,333,22
70,境浄水場西,武蔵境通り×井の頭通り,R4/10,武蔵野,A 柳橋,流入計,16,20,2,267,89,378,7
70,境浄水場西,武蔵境通り×井の頭通り,R4/10,武蔵野,A 柳橋,流入計,17,21,2,230,78,331,17
70,境浄水場西,武蔵境通り×井の頭通り,R4/10,武蔵野,A 柳橋,流入計,18,22,0,275,51,348,25
70,境浄水場西,武蔵境通り×井の頭通り,R4/10,武蔵野,A 柳橋,流入計,12時間計,283,14,2829,1096,4222,272
70,境浄水場西,武蔵境通り×井の頭通り,R4/10,武蔵野,B 関町五丁目,4.柳橋,7,1,0,2,0,3,0
70,境浄水場西,武蔵境通り×井の頭通り,R4/10,武蔵野,B 関町五丁目,4.柳橋,8,0,1,2,0,3,0
70,境浄水場西,武蔵境通り×井の頭通り,R4/10,武蔵野,B 関町五丁目,4.柳橋,9,0,0,1,2,3,0
70,境浄水場西,武蔵境通り×井の頭通り,R4/10,武蔵野,B 関町五丁目,4.柳橋,10,0,0,6,2,8,0
70,境浄水場西,武蔵境通り×井の頭通り,R4/10,武蔵野,B 関町五丁目,4.柳橋,11,1,0,4,6,11,1
70,境浄水場西,武蔵境通り×井の頭通り,R4/10,武蔵野,B 関町五丁目,4.柳橋,12,0,0,3,4,7,0
70,境浄水場西,武蔵境通り×井の頭通り,R4/10,武蔵野,B 関町五丁目,4.柳橋,13,0,0,6,1,7,0
70,境浄水場西,武蔵境通り×井の頭通り,R4/10,武蔵野,B 関町五丁目,4.柳橋,14,0,0,3,1,4,1
70,境浄水場西,武蔵境通り×井の頭通り,R4/10,武蔵野,B 関町五丁目,4.柳橋,15,0,0,5,0,5,1
70,境浄水場西,武蔵境通り×井の頭通り,R4/10,武蔵野,B 関町五丁目,4.柳橋,16,0,0,1,3,4,0
70,境浄水場西,武蔵境通り×井の頭通り,R4/10,武蔵野,B 関町五丁目,4.柳橋,17,0,0,1,1,2,0
70,境浄水場西,武蔵境通り×井の頭通り,R4/10,武蔵野,B 関町五丁目,4.柳橋,18,0,0,4,1,5,0
70,境浄水場西,武蔵境通り×井の頭通り,R4/10,武蔵野,B 関町五丁目,4.柳橋,12時間計,2,1,38,21,62,3
70,境浄水場西,武蔵境通り×井の頭通り,R4/10,武蔵野,B 関町五丁目,5.環八通り,7,2,0,116,105,223,28
70,境浄水場西,武蔵境通り×井の頭通り,R4/10,武蔵野,B 関町五丁目,5.環八通り,8,3,0,96,79,178,21
70,境浄水場西,武蔵境通り×井の頭通り,R4/10,武蔵野,B 関町五丁目,5.環八通り,9,1,0,108,80,189,15
70,境浄水場西,武蔵境通り×井の頭通り,R4/10,武蔵野,B 関町五丁目,5.環八通り,10,0,0,117,54,171,9
70,境浄水場西,武蔵境通り×井の頭通り,R4/10,武蔵野,B 関町五丁目,5.環八通り,11,0,0,120,65,185,18
70,境浄水場西,武蔵境通り×井の頭通り,R4/10,武蔵野,B 関町五丁目,5.環八通り,12,1,1,99,66,167,15
70,境浄水場西,武蔵境通り×井の頭通り,R4/10,武蔵野,B 関町五丁目,5.環八通り,13,1,2,95,52,150,11
70,境浄水場西,武蔵境通り×井の頭通り,R4/10,武蔵野,B 関町五丁目,5.環八通り,14,0,2,120,60,182,7
70,境浄水場西,武蔵境通り×井の頭通り,R4/10,武蔵野,B 関町五丁目,5.環八通り,15,1,0,106,34,141,8
70,境浄水場西,武蔵境通り×井の頭通り,R4/10,武蔵野,B 関町五丁目,5.環八通り,16,0,0,107,35,142,9
70,境浄水場西,武蔵境通り×井の頭通り,R4/10,武蔵野,B 関町五丁目,5.環八通り,17,1,0,141,42,184,12
70,境浄水場西,武蔵境通り×井の頭通り,R4/10,武蔵野,B 関町五丁目,5.環八通り,18,0,1,93,43,137,6
70,境浄水場西,武蔵境通り×井の頭通り,R4/10,武蔵野,B 関町五丁目,5.環八通り,12時間計,10,6,1318,715,2049,159
70,境浄水場西,武蔵境通り×井の頭通り,R4/10,武蔵野,B 関町五丁目,6.武蔵境駅,7,0,0,11,2,13,2
70,境浄水場西,武蔵境通り×井の頭通り,R4/10,武蔵野,B 関町五丁目,6.武蔵境駅,8,1,0,15,5,21,1
70,境浄水場西,武蔵境通り×井の頭通り,R4/10,武蔵野,B 関町五丁目,6.武蔵境駅,9,0,0,11,4,15,0
70,境浄水場西,武蔵境通り×井の頭通り,R4/10,武蔵野,B 関町五丁目,6.武蔵境駅,10,0,0,21,8,29,1
70,境浄水場西,武蔵境通り×井の頭通り,R4/10,武蔵野,B 関町五丁目,6.武蔵境駅,11,0,1,26,6,33,2
70,境浄水場西,武蔵境通り×井の頭通り,R4/10,武蔵野,B 関町五丁目,6.武蔵境駅,12,0,0,11,1,12,2
70,境浄水場西,武蔵境通り×井の頭通り,R4/10,武蔵野,B 関町五丁目,6.武蔵境駅,13,0,0,20,5,25,1
70,境浄水場西,武蔵境通り×井の頭通り,R4/10,武蔵野,B 関町五丁目,6.武蔵境駅,14,0,0,20,3,23,0
70,境浄水場西,武蔵境通り×井の頭通り,R4/10,武蔵野,B 関町五丁目,6.武蔵境駅,15,0,0,17,4,21,0
70,境浄水場西,武蔵境通り×井の頭通り,R4/10,武蔵野,B 関町五丁目,6.武蔵境駅,16,0,0,18,0,18,0
70,境浄水場西,武蔵境通り×井の頭通り,R4/10,武蔵野,B 関町五丁目,6.武蔵境駅,17,0,0,12,1,13,2
70,境浄水場西,武蔵境通り×井の頭通り,R4/10,武蔵野,B 関町五丁目,6.武蔵境駅,18,0,0,15,2,17,1
70,境浄水場西,武蔵境通り×井の頭通り,R4/10,武蔵野,B 関町五丁目,6.武蔵境駅,12時間計,1,1,197,41,240,12
70,境浄水場西,武蔵境通り×井の頭通り,R4/10,武蔵野,B 関町五丁目,流入計,7,3,0,129,107,239,30
70,境浄水場西,武蔵境通り×井の頭通り,R4/10,武蔵野,B 関町五丁目,流入計,8,4,1,113,84,202,22
70,境浄水場西,武蔵境通り×井の頭通り,R4/10,武蔵野,B 関町五丁目,流入計,9,1,0,120,86,207,15
70,境浄水場西,武蔵境通り×井の頭通り,R4/10,武蔵野,B 関町五丁目,流入計,10,0,0,144,64,208,10
70,境浄水場西,武蔵境通り×井の頭通り,R4/10,武蔵野,B 関町五丁目,流入計,11,1,1,150,77,229,21
70,境浄水場西,武蔵境通り×井の頭通り,R4/10,武蔵野,B 関町五丁目,流入計,12,1,1,113,71,186,17
70,境浄水場西,武蔵境通り×井の頭通り,R4/10,武蔵野,B 関町五丁目,流入計,13,1,2,121,58,182,12
70,境浄水場西,武蔵境通り×井の頭通り,R4/10,武蔵野,B 関町五丁目,流入計,14,0,2,143,64,209,8
70,境浄水場西,武蔵境通り×井の頭通り,R4/10,武蔵野,B 関町五丁目,流入計,15,1,0,128,38,167,9
70,境浄水場西,武蔵境通り×井の頭通り,R4/10,武蔵野,B 関町五丁目,流入計,16,0,0,126,38,164,9
70,境浄水場西,武蔵境通り×井の頭通り,R4/10,武蔵野,B 関町五丁目,流入計,17,1,0,154,44,199,14
70,境浄水場西,武蔵境通り×井の頭通り,R4/10,武蔵野,B 関町五丁目,流入計,18,0,1,112,46,159,7
70,境浄水場西,武蔵境通り×井の頭通り,R4/10,武蔵野,B 関町五丁目,流入計,12時間計,13,8,1553,777,2351,174
70,境浄水場西,武蔵境通り×井の頭通り,R4/10,武蔵野,C 武蔵境駅,7.関町五丁目,7,0,0,3,0,3,0
70,境浄水場西,武蔵境通り×井の頭通り,R4/10,武蔵野,C 武蔵境駅,7.関町五丁目,8,0,0,14,2,16,0
70,境浄水場西,武蔵境通り×井の頭通り,R4/10,武蔵野,C 武蔵境駅,7.関町五丁目,9,0,0,16,2,18,0
70,境浄水場西,武蔵境通り×井の頭通り,R4/10,武蔵野,C 武蔵境駅,7.関町五丁目,10,1,0,15,3,19,0
70,境浄水場西,武蔵境通り×井の頭通り,R4/10,武蔵野,C 武蔵境駅,7.関町五丁目,11,1,0,11,4,16,2
70,境浄水場西,武蔵境通り×井の頭通り,R4/10,武蔵野,C 武蔵境駅,7.関町五丁目,12,0,0,13,5,18,0
70,境浄水場西,武蔵境通り×井の頭通り,R4/10,武蔵野,C 武蔵境駅,7.関町五丁目,13,0,0,10,5,15,3
70,境浄水場西,武蔵境通り×井の頭通り,R4/10,武蔵野,C 武蔵境駅,7.関町五丁目,14,0,1,12,2,15,0
70,境浄水場西,武蔵境通り×井の頭通り,R4/10,武蔵野,C 武蔵境駅,7.関町五丁目,15,0,0,15,1,16,2
70,境浄水場西,武蔵境通り×井の頭通り,R4/10,武蔵野,C 武蔵境駅,7.関町五丁目,16,1,0,21,2,24,1
70,境浄水場西,武蔵境通り×井の頭通り,R4/10,武蔵野,C 武蔵境駅,7.関町五丁目,17,0,0,13,2,15,0
70,境浄水場西,武蔵境通り×井の頭通り,R4/10,武蔵野,C 武蔵境駅,7.関町五丁目,18,0,0,9,4,13,1
70,境浄水場西,武蔵境通り×井の頭通り,R4/10,武蔵野,C 武蔵境駅,7.関町五丁目,12時間計,3,1,152,32,188,9
70,境浄水場西,武蔵境通り×井の頭通り,R4/10,武蔵野,C 武蔵境駅,8.柳橋,7,20,3,175,74,272,19
70,境浄水場西,武蔵境通り×井の頭通り,R4/10,武蔵野,C 武蔵境駅,8.柳橋,8,31,2,182,87,302,12
70,境浄水場西,武蔵境通り×井の頭通り,R4/10,武蔵野,C 武蔵境駅,8.柳橋,9,27,3,147,82,259,9
70,境浄水場西,武蔵境通り×井の頭通り,R4/10,武蔵野,C 武蔵境駅,8.柳橋,10,20,0,150,75,245,14
70,境浄水場西,武蔵境通り×井の頭通り,R4/10,武蔵野,C 武蔵境駅,8.柳橋,11,18,1,121,81,221,21
70,境浄水場西,武蔵境通り×井の頭通り,R4/10,武蔵野,C 武蔵境駅,8.柳橋,12,15,2,102,49,168,9
70,境浄水場西,武蔵境通り×井の頭通り,R4/10,武蔵野,C 武蔵境駅,8.柳橋,13,21,4,139,69,233,19
70,境浄水場西,武蔵境通り×井の頭通り,R4/10,武蔵野,C 武蔵境駅,8.柳橋,14,19,2,135,71,227,20
70,境浄水場西,武蔵境通り×井の頭通り,R4/10,武蔵野,C 武蔵境駅,8.柳橋,15,16,1,131,60,208,12
70,境浄水場西,武蔵境通り×井の頭通り,R4/10,武蔵野,C 武蔵境駅,8.柳橋,16,18,0,165,87,270,17
70,境浄水場西,武蔵境通り×井の頭通り,R4/10,武蔵野,C 武蔵境駅,8.柳橋,17,21,0,210,85,316,33
70,境浄水場西,武蔵境通り×井の頭通り,R4/10,武蔵野,C 武蔵境駅,8.柳橋,18,19,0,194,43,256,29
70,境浄水場西,武蔵境通り×井の頭通り,R4/10,武蔵野,C 武蔵境駅,8.柳橋,12時間計,245,18,1851,863,2977,214
70,境浄水場西,武蔵境通り×井の頭通り,R4/10,武蔵野,C 武蔵境駅,9.環八通り,7,0,0,35,21,56,5
70,境浄水場西,武蔵境通り×井の頭通り,R4/10,武蔵野,C 武蔵境駅,9.環八通り,8,0,0,44,28,72,3
70,境浄水場西,武蔵境通り×井の頭通り,R4/10,武蔵野,C 武蔵境駅,9.環八通り,9,2,0,25,25,52,7
70,境浄水場西,武蔵境通り×井の頭通り,R4/10,武蔵野,C 武蔵境駅,9.環八通り,10,0,0,27,21,48,3
70,境浄水場西,武蔵境通り×井の頭通り,R4/10,武蔵野,C 武蔵境駅,9.環八通り,11,0,0,38,23,61,5
70,境浄水場西,武蔵境通り×井の頭通り,R4/10,武蔵野,C 武蔵境駅,9.環八通り,12,0,0,28,17,45,4
70,境浄水場西,武蔵境通り×井の頭通り,R4/10,武蔵野,C 武蔵境駅,9.環八通り,13,1,0,32,12,45,9
70,境浄水場西,武蔵境通り×井の頭通り,R4/10,武蔵野,C 武蔵境駅,9.環八通り,14,2,0,23,16,41,4
70,境浄水場西,武蔵境通り×井の頭通り,R4/10,武蔵野,C 武蔵境駅,9.環八通り,15,0,0,34,17,51,4
70,境浄水場西,武蔵境通り×井の頭通り,R4/10,武蔵野,C 武蔵境駅,9.環八通り,16,0,0,36,14,50,4
70,境浄水場西,武蔵境通り×井の頭通り,R4/10,武蔵野,C 武蔵境駅,9.環八通り,17,0,0,33,6,39,4
70,境浄水場西,武蔵境通り×井の頭通り,R4/10,武蔵野,C 武蔵境駅,9.環八通り,18,0,0,30,5,35,6
70,境浄水場西,武蔵境通り×井の頭通り,R4/10,武蔵野,C 武蔵境駅,9.環八通り,12時間計,5,0,385,205,595,58
70,境浄水場西,武蔵境通り×井の頭通り,R4/10,武蔵野,C 武蔵境駅,流入計,7,20,3,213,95,331,24
70,境浄水場西,武蔵境通り×井の頭通り,R4/10,武蔵野,C 武蔵境駅,流入計,8,31,2,240,117,390,15
70,境浄水場西,武蔵境通り×井の頭通り,R4/10,武蔵野,C 武蔵境駅,流入計,9,29,3,188,109,329,16
70,境浄水場西,武蔵境通り×井の頭通り,R4/10,武蔵野,C 武蔵境駅,流入計,10,21,0,192,99,312,17
70,境浄水場西,武蔵境通り×井の頭通り,R4/10,武蔵野,C 武蔵境駅,流入計,11,19,1,170,108,298,28
70,境浄水場西,武蔵境通り×井の頭通り,R4/10,武蔵野,C 武蔵境駅,流入計,12,15,2,143,71,231,13
70,境浄水場西,武蔵境通り×井の頭通り,R4/10,武蔵野,C 武蔵境駅,流入計,13,22,4,181,86,293,31
70,境浄水場西,武蔵境通り×井の頭通り,R4/10,武蔵野,C 武蔵境駅,流入計,14,21,3,170,89,283,24
70,境浄水場西,武蔵境通り×井の頭通り,R4/10,武蔵野,C 武蔵境駅,流入計,15,16,1,180,78,275,18
70,境浄水場西,武蔵境通り×井の頭通り,R4/10,武蔵野,C 武蔵境駅,流入計,16,19,0,222,103,344,22
70,境浄水場西,武蔵境通り×井の頭通り,R4/10,武蔵野,C 武蔵境駅,流入計,17,21,0,256,93,370,37
70,境浄水場西,武蔵境通り×井の頭通り,R4/10,武蔵野,C 武蔵境駅,流入計,18,19,0,233,52,304,36
70,境浄水場西,武蔵境通り×井の頭通り,R4/10,武蔵野,C 武蔵境駅,流入計,12時間計,253,19,2388,1100,3760,281
70,境浄水場西,武蔵境通り×井の頭通り,R4/10,武蔵野,D 環八通り,10.武蔵境駅,7,3,0,16,8,27,3
70,境浄水場西,武蔵境通り×井の頭通り,R4/10,武蔵野,D 環八通り,10.武蔵境駅,8,1,0,18,13,32,3
70,境浄水場西,武蔵境通り×井の頭通り,R4/10,武蔵野,D 環八通り,10.武蔵境駅,9,0,0,24,12,36,7
70,境浄水場西,武蔵境通り×井の頭通り,R4/10,武蔵野,D 環八通り,10.武蔵境駅,10,0,0,20,21,41,4
70,境浄水場西,武蔵境通り×井の頭通り,R4/10,武蔵野,D 環八通り,10.武蔵境駅,11,0,0,33,21,54,4
70,境浄水場西,武蔵境通り×井の頭通り,R4/10,武蔵野,D 環八通り,10.武蔵境駅,12,0,1,27,13,41,6
70,境浄水場西,武蔵境通り×井の頭通り,R4/10,武蔵野,D 環八通り,10.武蔵境駅,13,1,0,25,8,34,4
70,境浄水場西,武蔵境通り×井の頭通り,R4/10,武蔵野,D 環八通り,10.武蔵境駅,14,1,0,32,10,43,8
70,境浄水場西,武蔵境通り×井の頭通り,R4/10,武蔵野,D 環八通り,10.武蔵境駅,15,0,0,35,16,51,2
70,境浄水場西,武蔵境通り×井の頭通り,R4/10,武蔵野,D 環八通り,10.武蔵境駅,16,0,0,35,15,50,3
70,境浄水場西,武蔵境通り×井の頭通り,R4/10,武蔵野,D 環八通り,10.武蔵境駅,17,1,1,33,19,54,6
70,境浄水場西,武蔵境通り×井の頭通り,R4/10,武蔵野,D 環八通り,10.武蔵境駅,18,0,0,38,12,50,5
70,境浄水場西,武蔵境通り×井の頭通り,R4/10,武蔵野,D 環八通り,10.武蔵境駅,12時間計,7,2,336,168,513,55
70,境浄水場西,武蔵境通り×井の頭通り,R4/10,武蔵野,D 環八通り,11.関町五丁目,7,0,3,62,32,97,8
70,境浄水場西,武蔵境通り×井の頭通り,R4/10,武蔵野,D 環八通り,11.関町五丁目,8,0,3,96,42,141,2
70,境浄水場西,武蔵境通り×井の頭通り,R4/10,武蔵野,D 環八通り,11.関町五丁目,9,1,2,83,49,135,10
70,境浄水場西,武蔵境通り×井の頭通り,R4/10,武蔵野,D 環八通り,11.関町五丁目,10,1,2,102,54,159,8
70,境浄水場西,武蔵境通り×井の頭通り,R4/10,武蔵野,D 環八通り,11.関町五丁目,11,1,3,97,52,153,8
70,境浄水場西,武蔵境通り×井の頭通り,R4/10,武蔵野,D 環八通り,11.関町五丁目,12,0,2,86,38,126,3
70,境浄水場西,武蔵境通り×井の頭通り,R4/10,武蔵野,D 環八通り,11.関町五丁目,13,0,0,109,60,169,9
70,境浄水場西,武蔵境通り×井の頭通り,R4/10,武蔵野,D 環八通り,11.関町五丁目,14,0,0,111,67,178,14
70,境浄水場西,武蔵境通り×井の頭通り,R4/10,武蔵野,D 環八通り,11.関町五丁目,15,1,1,113,63,178,7
70,境浄水場西,武蔵境通り×井の頭通り,R4/10,武蔵野,D 環八通り,11.関町五丁目,16,2,0,121,60,183,7
70,境浄水場西,武蔵境通り×井の頭通り,R4/10,武蔵野,D 環八通り,11.関町五丁目,17,1,1,106,48,156,8
70,境浄水場西,武蔵境通り×井の頭通り,R4/10,武蔵野,D 環八通り,11.関町五丁目,18,0,0,131,56,187,26
70,境浄水場西,武蔵境通り×井の頭通り,R4/10,武蔵野,D 環八通り,11.関町五丁目,12時間計,7,17,1217,621,1862,110
70,境浄水場西,武蔵境通り×井の頭通り,R4/10,武蔵野,D 環八通り,12.柳橋,7,0,0,73,39,112,2
70,境浄水場西,武蔵境通り×井の頭通り,R4/10,武蔵野,D 環八通り,12.柳橋,8,2,1,89,23,115,6
70,境浄水場西,武蔵境通り×井の頭通り,R4/10,武蔵野,D 環八通り,12.柳橋,9,2,1,67,46,116,7
70,境浄水場西,武蔵境通り×井の頭通り,R4/10,武蔵野,D 環八通り,12.柳橋,10,4,3,66,52,125,1
70,境浄水場西,武蔵境通り×井の頭通り,R4/10,武蔵野,D 環八通り,12.柳橋,11,3,1,98,52,154,8
70,境浄水場西,武蔵境通り×井の頭通り,R4/10,武蔵野,D 環八通り,12.柳橋,12,3,0,107,49,159,13
70,境浄水場西,武蔵境通り×井の頭通り,R4/10,武蔵野,D 環八通り,12.柳橋,13,1,2,116,45,164,5
70,境浄水場西,武蔵境通り×井の頭通り,R4/10,武蔵野,D 環八通り,12.柳橋,14,1,0,86,49,136,3
70,境浄水場西,武蔵境通り×井の頭通り,R4/10,武蔵野,D 環八通り,12.柳橋,15,1,1,102,36,140,4
70,境浄水場西,武蔵境通り×井の頭通り,R4/10,武蔵野,D 環八通り,12.柳橋,16,2,0,116,55,173,9
70,境浄水場西,武蔵境通り×井の頭通り,R4/10,武蔵野,D 環八通り,12.柳橋,17,2,0,112,58,172,14
70,境浄水場西,武蔵境通り×井の頭通り,R4/10,武蔵野,D 環八通り,12.柳橋,18,0,0,141,55,196,19
70,境浄水場西,武蔵境通り×井の頭通り,R4/10,武蔵野,D 環八通り,12.柳橋,12時間計,21,9,1173,559,1762,91
70,境浄水場西,武蔵境通り×井の頭通り,R4/10,武蔵野,D 環八通り,流入計,7,3,3,151,79,236,13
70,境浄水場西,武蔵境通り×井の頭通り,R4/10,武蔵野,D 環八通り,流入計,8,3,4,203,78,288,11
70,境浄水場西,武蔵境通り×井の頭通り,R4/10,武蔵野,D 環八通り,流入計,9,3,3,174,107,287,24
70,境浄水場西,武蔵境通り×井の頭通り,R4/10,武蔵野,D 環八通り,流入計,10,5,5,188,127,325,13
70,境浄水場西,武蔵境通り×井の頭通り,R4/10,武蔵野,D 環八通り,流入計,11,4,4,228,125,361,20
70,境浄水場西,武蔵境通り×井の頭通り,R4/10,武蔵野,D 環八通り,流入計,12,3,3,220,100,326,22
70,境浄水場西,武蔵境通り×井の頭通り,R4/10,武蔵野,D 環八通り,流入計,13,2,2,250,113,367,18
70,境浄水場西,武蔵境通り×井の頭通り,R4/10,武蔵野,D 環八通り,流入計,14,2,0,229,126,357,25
70,境浄水場西,武蔵境通り×井の頭通り,R4/10,武蔵野,D 環八通り,流入計,15,2,2,250,115,369,13
70,境浄水場西,武蔵境通り×井の頭通り,R4/10,武蔵野,D 環八通り,流入計,16,4,0,272,130,406,19
70,境浄水場西,武蔵境通り×井の頭通り,R4/10,武蔵野,D 環八通り,流入計,17,4,2,251,125,382,28
70,境浄水場西,武蔵境通り×井の頭通り,R4/10,武蔵野,D 環八通り,流入計,18,0,0,310,123,433,50
70,境浄水場西,武蔵境通り×井の頭通り,R4/10,武蔵野,D 環八通り,流入計,12時間計,35,28,2726,1348,4137,256
