﻿地点番号,地点名,交差道路名,調査年月,管轄警察署,流入方向,流出方向,時間帯等,車道通行自転車,歩道通行自転車,自転車計
70,境浄水場西,武蔵境通り×井の頭通り,R4/10,武蔵野,A 柳橋,1環八通り,7,0,-,-
70,境浄水場西,武蔵境通り×井の頭通り,R4/10,武蔵野,A 柳橋,1環八通り,8,0,-,-
70,境浄水場西,武蔵境通り×井の頭通り,R4/10,武蔵野,A 柳橋,1環八通り,9,0,-,-
70,境浄水場西,武蔵境通り×井の頭通り,R4/10,武蔵野,A 柳橋,1環八通り,10,3,-,-
70,境浄水場西,武蔵境通り×井の頭通り,R4/10,武蔵野,A 柳橋,1環八通り,11,0,-,-
70,境浄水場西,武蔵境通り×井の頭通り,R4/10,武蔵野,A 柳橋,1環八通り,12,1,-,-
70,境浄水場西,武蔵境通り×井の頭通り,R4/10,武蔵野,A 柳橋,1環八通り,13,1,-,-
70,境浄水場西,武蔵境通り×井の頭通り,R4/10,武蔵野,A 柳橋,1環八通り,14,1,-,-
70,境浄水場西,武蔵境通り×井の頭通り,R4/10,武蔵野,A 柳橋,1環八通り,15,1,-,-
70,境浄水場西,武蔵境通り×井の頭通り,R4/10,武蔵野,A 柳橋,1環八通り,16,2,-,-
70,境浄水場西,武蔵境通り×井の頭通り,R4/10,武蔵野,A 柳橋,1環八通り,17,1,-,-
70,境浄水場西,武蔵境通り×井の頭通り,R4/10,武蔵野,A 柳橋,1環八通り,18,0,-,-
70,境浄水場西,武蔵境通り×井の頭通り,R4/10,武蔵野,A 柳橋,1環八通り,12時間計,10,-,-
70,境浄水場西,武蔵境通り×井の頭通り,R4/10,武蔵野,A 柳橋,2武蔵境駅,7,28,-,-
70,境浄水場西,武蔵境通り×井の頭通り,R4/10,武蔵野,A 柳橋,2武蔵境駅,8,58,-,-
70,境浄水場西,武蔵境通り×井の頭通り,R4/10,武蔵野,A 柳橋,2武蔵境駅,9,16,-,-
70,境浄水場西,武蔵境通り×井の頭通り,R4/10,武蔵野,A 柳橋,2武蔵境駅,10,15,-,-
70,境浄水場西,武蔵境通り×井の頭通り,R4/10,武蔵野,A 柳橋,2武蔵境駅,11,6,-,-
70,境浄水場西,武蔵境通り×井の頭通り,R4/10,武蔵野,A 柳橋,2武蔵境駅,12,15,-,-
70,境浄水場西,武蔵境通り×井の頭通り,R4/10,武蔵野,A 柳橋,2武蔵境駅,13,2,-,-
70,境浄水場西,武蔵境通り×井の頭通り,R4/10,武蔵野,A 柳橋,2武蔵境駅,14,0,-,-
70,境浄水場西,武蔵境通り×井の頭通り,R4/10,武蔵野,A 柳橋,2武蔵境駅,15,6,-,-
70,境浄水場西,武蔵境通り×井の頭通り,R4/10,武蔵野,A 柳橋,2武蔵境駅,16,3,-,-
70,境浄水場西,武蔵境通り×井の頭通り,R4/10,武蔵野,A 柳橋,2武蔵境駅,17,11,-,-
70,境浄水場西,武蔵境通り×井の頭通り,R4/10,武蔵野,A 柳橋,2武蔵境駅,18,10,-,-
70,境浄水場西,武蔵境通り×井の頭通り,R4/10,武蔵野,A 柳橋,2武蔵境駅,12時間計,170,-,-
70,境浄水場西,武蔵境通り×井の頭通り,R4/10,武蔵野,A 柳橋,3関町五丁目,7,2,-,-
70,境浄水場西,武蔵境通り×井の頭通り,R4/10,武蔵野,A 柳橋,3関町五丁目,8,2,-,-
70,境浄水場西,武蔵境通り×井の頭通り,R4/10,武蔵野,A 柳橋,3関町五丁目,9,0,-,-
70,境浄水場西,武蔵境通り×井の頭通り,R4/10,武蔵野,A 柳橋,3関町五丁目,10,0,-,-
70,境浄水場西,武蔵境通り×井の頭通り,R4/10,武蔵野,A 柳橋,3関町五丁目,11,1,-,-
70,境浄水場西,武蔵境通り×井の頭通り,R4/10,武蔵野,A 柳橋,3関町五丁目,12,0,-,-
70,境浄水場西,武蔵境通り×井の頭通り,R4/10,武蔵野,A 柳橋,3関町五丁目,13,0,-,-
70,境浄水場西,武蔵境通り×井の頭通り,R4/10,武蔵野,A 柳橋,3関町五丁目,14,0,-,-
70,境浄水場西,武蔵境通り×井の頭通り,R4/10,武蔵野,A 柳橋,3関町五丁目,15,0,-,-
70,境浄水場西,武蔵境通り×井の頭通り,R4/10,武蔵野,A 柳橋,3関町五丁目,16,0,-,-
70,境浄水場西,武蔵境通り×井の頭通り,R4/10,武蔵野,A 柳橋,3関町五丁目,17,0,-,-
70,境浄水場西,武蔵境通り×井の頭通り,R4/10,武蔵野,A 柳橋,3関町五丁目,18,0,-,-
70,境浄水場西,武蔵境通り×井の頭通り,R4/10,武蔵野,A 柳橋,3関町五丁目,12時間計,5,-,-
70,境浄水場西,武蔵境通り×井の頭通り,R4/10,武蔵野,A 柳橋,流入計,7,30,322,352
70,境浄水場西,武蔵境通り×井の頭通り,R4/10,武蔵野,A 柳橋,流入計,8,60,402,462
70,境浄水場西,武蔵境通り×井の頭通り,R4/10,武蔵野,A 柳橋,流入計,9,16,173,189
70,境浄水場西,武蔵境通り×井の頭通り,R4/10,武蔵野,A 柳橋,流入計,10,18,145,163
70,境浄水場西,武蔵境通り×井の頭通り,R4/10,武蔵野,A 柳橋,流入計,11,7,170,177
70,境浄水場西,武蔵境通り×井の頭通り,R4/10,武蔵野,A 柳橋,流入計,12,16,93,109
70,境浄水場西,武蔵境通り×井の頭通り,R4/10,武蔵野,A 柳橋,流入計,13,3,146,149
70,境浄水場西,武蔵境通り×井の頭通り,R4/10,武蔵野,A 柳橋,流入計,14,1,174,175
70,境浄水場西,武蔵境通り×井の頭通り,R4/10,武蔵野,A 柳橋,流入計,15,7,152,159
70,境浄水場西,武蔵境通り×井の頭通り,R4/10,武蔵野,A 柳橋,流入計,16,5,170,175
70,境浄水場西,武蔵境通り×井の頭通り,R4/10,武蔵野,A 柳橋,流入計,17,12,136,148
70,境浄水場西,武蔵境通り×井の頭通り,R4/10,武蔵野,A 柳橋,流入計,18,10,92,102
70,境浄水場西,武蔵境通り×井の頭通り,R4/10,武蔵野,A 柳橋,流入計,12時間計,185,2175,2360
70,境浄水場西,武蔵境通り×井の頭通り,R4/10,武蔵野,B 関町五丁目,4柳橋,7,0,-,-
70,境浄水場西,武蔵境通り×井の頭通り,R4/10,武蔵野,B 関町五丁目,4柳橋,8,0,-,-
70,境浄水場西,武蔵境通り×井の頭通り,R4/10,武蔵野,B 関町五丁目,4柳橋,9,0,-,-
70,境浄水場西,武蔵境通り×井の頭通り,R4/10,武蔵野,B 関町五丁目,4柳橋,10,0,-,-
70,境浄水場西,武蔵境通り×井の頭通り,R4/10,武蔵野,B 関町五丁目,4柳橋,11,0,-,-
70,境浄水場西,武蔵境通り×井の頭通り,R4/10,武蔵野,B 関町五丁目,4柳橋,12,0,-,-
70,境浄水場西,武蔵境通り×井の頭通り,R4/10,武蔵野,B 関町五丁目,4柳橋,13,0,-,-
70,境浄水場西,武蔵境通り×井の頭通り,R4/10,武蔵野,B 関町五丁目,4柳橋,14,0,-,-
70,境浄水場西,武蔵境通り×井の頭通り,R4/10,武蔵野,B 関町五丁目,4柳橋,15,0,-,-
70,境浄水場西,武蔵境通り×井の頭通り,R4/10,武蔵野,B 関町五丁目,4柳橋,16,0,-,-
70,境浄水場西,武蔵境通り×井の頭通り,R4/10,武蔵野,B 関町五丁目,4柳橋,17,0,-,-
70,境浄水場西,武蔵境通り×井の頭通り,R4/10,武蔵野,B 関町五丁目,4柳橋,18,0,-,-
70,境浄水場西,武蔵境通り×井の頭通り,R4/10,武蔵野,B 関町五丁目,4柳橋,12時間計,0,-,-
70,境浄水場西,武蔵境通り×井の頭通り,R4/10,武蔵野,B 関町五丁目,5環八通り,7,38,-,-
70,境浄水場西,武蔵境通り×井の頭通り,R4/10,武蔵野,B 関町五丁目,5環八通り,8,37,-,-
70,境浄水場西,武蔵境通り×井の頭通り,R4/10,武蔵野,B 関町五丁目,5環八通り,9,28,-,-
70,境浄水場西,武蔵境通り×井の頭通り,R4/10,武蔵野,B 関町五丁目,5環八通り,10,23,-,-
70,境浄水場西,武蔵境通り×井の頭通り,R4/10,武蔵野,B 関町五丁目,5環八通り,11,21,-,-
70,境浄水場西,武蔵境通り×井の頭通り,R4/10,武蔵野,B 関町五丁目,5環八通り,12,18,-,-
70,境浄水場西,武蔵境通り×井の頭通り,R4/10,武蔵野,B 関町五丁目,5環八通り,13,11,-,-
70,境浄水場西,武蔵境通り×井の頭通り,R4/10,武蔵野,B 関町五丁目,5環八通り,14,9,-,-
70,境浄水場西,武蔵境通り×井の頭通り,R4/10,武蔵野,B 関町五丁目,5環八通り,15,7,-,-
70,境浄水場西,武蔵境通り×井の頭通り,R4/10,武蔵野,B 関町五丁目,5環八通り,16,7,-,-
70,境浄水場西,武蔵境通り×井の頭通り,R4/10,武蔵野,B 関町五丁目,5環八通り,17,10,-,-
70,境浄水場西,武蔵境通り×井の頭通り,R4/10,武蔵野,B 関町五丁目,5環八通り,18,19,-,-
70,境浄水場西,武蔵境通り×井の頭通り,R4/10,武蔵野,B 関町五丁目,5環八通り,12時間計,228,-,-
70,境浄水場西,武蔵境通り×井の頭通り,R4/10,武蔵野,B 関町五丁目,6武蔵境駅,7,9,-,-
70,境浄水場西,武蔵境通り×井の頭通り,R4/10,武蔵野,B 関町五丁目,6武蔵境駅,8,31,-,-
70,境浄水場西,武蔵境通り×井の頭通り,R4/10,武蔵野,B 関町五丁目,6武蔵境駅,9,8,-,-
70,境浄水場西,武蔵境通り×井の頭通り,R4/10,武蔵野,B 関町五丁目,6武蔵境駅,10,4,-,-
70,境浄水場西,武蔵境通り×井の頭通り,R4/10,武蔵野,B 関町五丁目,6武蔵境駅,11,1,-,-
70,境浄水場西,武蔵境通り×井の頭通り,R4/10,武蔵野,B 関町五丁目,6武蔵境駅,12,0,-,-
70,境浄水場西,武蔵境通り×井の頭通り,R4/10,武蔵野,B 関町五丁目,6武蔵境駅,13,0,-,-
70,境浄水場西,武蔵境通り×井の頭通り,R4/10,武蔵野,B 関町五丁目,6武蔵境駅,14,0,-,-
70,境浄水場西,武蔵境通り×井の頭通り,R4/10,武蔵野,B 関町五丁目,6武蔵境駅,15,0,-,-
70,境浄水場西,武蔵境通り×井の頭通り,R4/10,武蔵野,B 関町五丁目,6武蔵境駅,16,0,-,-
70,境浄水場西,武蔵境通り×井の頭通り,R4/10,武蔵野,B 関町五丁目,6武蔵境駅,17,0,-,-
70,境浄水場西,武蔵境通り×井の頭通り,R4/10,武蔵野,B 関町五丁目,6武蔵境駅,18,0,-,-
70,境浄水場西,武蔵境通り×井の頭通り,R4/10,武蔵野,B 関町五丁目,6武蔵境駅,12時間計,53,-,-
70,境浄水場西,武蔵境通り×井の頭通り,R4/10,武蔵野,B 関町五丁目,流入計,7,47,140,187
70,境浄水場西,武蔵境通り×井の頭通り,R4/10,武蔵野,B 関町五丁目,流入計,8,68,204,272
70,境浄水場西,武蔵境通り×井の頭通り,R4/10,武蔵野,B 関町五丁目,流入計,9,36,97,133
70,境浄水場西,武蔵境通り×井の頭通り,R4/10,武蔵野,B 関町五丁目,流入計,10,27,115,142
70,境浄水場西,武蔵境通り×井の頭通り,R4/10,武蔵野,B 関町五丁目,流入計,11,22,100,122
70,境浄水場西,武蔵境通り×井の頭通り,R4/10,武蔵野,B 関町五丁目,流入計,12,18,84,102
70,境浄水場西,武蔵境通り×井の頭通り,R4/10,武蔵野,B 関町五丁目,流入計,13,11,63,74
70,境浄水場西,武蔵境通り×井の頭通り,R4/10,武蔵野,B 関町五丁目,流入計,14,9,59,68
70,境浄水場西,武蔵境通り×井の頭通り,R4/10,武蔵野,B 関町五丁目,流入計,15,7,60,67
70,境浄水場西,武蔵境通り×井の頭通り,R4/10,武蔵野,B 関町五丁目,流入計,16,7,101,108
70,境浄水場西,武蔵境通り×井の頭通り,R4/10,武蔵野,B 関町五丁目,流入計,17,10,108,118
70,境浄水場西,武蔵境通り×井の頭通り,R4/10,武蔵野,B 関町五丁目,流入計,18,19,67,86
70,境浄水場西,武蔵境通り×井の頭通り,R4/10,武蔵野,B 関町五丁目,流入計,12時間計,281,1198,1479
70,境浄水場西,武蔵境通り×井の頭通り,R4/10,武蔵野,C 武蔵境駅,7関町五丁目,7,0,-,-
70,境浄水場西,武蔵境通り×井の頭通り,R4/10,武蔵野,C 武蔵境駅,7関町五丁目,8,4,-,-
70,境浄水場西,武蔵境通り×井の頭通り,R4/10,武蔵野,C 武蔵境駅,7関町五丁目,9,0,-,-
70,境浄水場西,武蔵境通り×井の頭通り,R4/10,武蔵野,C 武蔵境駅,7関町五丁目,10,1,-,-
70,境浄水場西,武蔵境通り×井の頭通り,R4/10,武蔵野,C 武蔵境駅,7関町五丁目,11,0,-,-
70,境浄水場西,武蔵境通り×井の頭通り,R4/10,武蔵野,C 武蔵境駅,7関町五丁目,12,0,-,-
70,境浄水場西,武蔵境通り×井の頭通り,R4/10,武蔵野,C 武蔵境駅,7関町五丁目,13,0,-,-
70,境浄水場西,武蔵境通り×井の頭通り,R4/10,武蔵野,C 武蔵境駅,7関町五丁目,14,3,-,-
70,境浄水場西,武蔵境通り×井の頭通り,R4/10,武蔵野,C 武蔵境駅,7関町五丁目,15,3,-,-
70,境浄水場西,武蔵境通り×井の頭通り,R4/10,武蔵野,C 武蔵境駅,7関町五丁目,16,0,-,-
70,境浄水場西,武蔵境通り×井の頭通り,R4/10,武蔵野,C 武蔵境駅,7関町五丁目,17,0,-,-
70,境浄水場西,武蔵境通り×井の頭通り,R4/10,武蔵野,C 武蔵境駅,7関町五丁目,18,0,-,-
70,境浄水場西,武蔵境通り×井の頭通り,R4/10,武蔵野,C 武蔵境駅,7関町五丁目,12時間計,11,-,-
70,境浄水場西,武蔵境通り×井の頭通り,R4/10,武蔵野,C 武蔵境駅,8柳橋,7,9,-,-
70,境浄水場西,武蔵境通り×井の頭通り,R4/10,武蔵野,C 武蔵境駅,8柳橋,8,9,-,-
70,境浄水場西,武蔵境通り×井の頭通り,R4/10,武蔵野,C 武蔵境駅,8柳橋,9,2,-,-
70,境浄水場西,武蔵境通り×井の頭通り,R4/10,武蔵野,C 武蔵境駅,8柳橋,10,7,-,-
70,境浄水場西,武蔵境通り×井の頭通り,R4/10,武蔵野,C 武蔵境駅,8柳橋,11,6,-,-
70,境浄水場西,武蔵境通り×井の頭通り,R4/10,武蔵野,C 武蔵境駅,8柳橋,12,6,-,-
70,境浄水場西,武蔵境通り×井の頭通り,R4/10,武蔵野,C 武蔵境駅,8柳橋,13,4,-,-
70,境浄水場西,武蔵境通り×井の頭通り,R4/10,武蔵野,C 武蔵境駅,8柳橋,14,5,-,-
70,境浄水場西,武蔵境通り×井の頭通り,R4/10,武蔵野,C 武蔵境駅,8柳橋,15,1,-,-
70,境浄水場西,武蔵境通り×井の頭通り,R4/10,武蔵野,C 武蔵境駅,8柳橋,16,9,-,-
70,境浄水場西,武蔵境通り×井の頭通り,R4/10,武蔵野,C 武蔵境駅,8柳橋,17,8,-,-
70,境浄水場西,武蔵境通り×井の頭通り,R4/10,武蔵野,C 武蔵境駅,8柳橋,18,8,-,-
70,境浄水場西,武蔵境通り×井の頭通り,R4/10,武蔵野,C 武蔵境駅,8柳橋,12時間計,74,-,-
70,境浄水場西,武蔵境通り×井の頭通り,R4/10,武蔵野,C 武蔵境駅,9環八通り,7,0,-,-
70,境浄水場西,武蔵境通り×井の頭通り,R4/10,武蔵野,C 武蔵境駅,9環八通り,8,0,-,-
70,境浄水場西,武蔵境通り×井の頭通り,R4/10,武蔵野,C 武蔵境駅,9環八通り,9,0,-,-
70,境浄水場西,武蔵境通り×井の頭通り,R4/10,武蔵野,C 武蔵境駅,9環八通り,10,0,-,-
70,境浄水場西,武蔵境通り×井の頭通り,R4/10,武蔵野,C 武蔵境駅,9環八通り,11,0,-,-
70,境浄水場西,武蔵境通り×井の頭通り,R4/10,武蔵野,C 武蔵境駅,9環八通り,12,0,-,-
70,境浄水場西,武蔵境通り×井の頭通り,R4/10,武蔵野,C 武蔵境駅,9環八通り,13,0,-,-
70,境浄水場西,武蔵境通り×井の頭通り,R4/10,武蔵野,C 武蔵境駅,9環八通り,14,1,-,-
70,境浄水場西,武蔵境通り×井の頭通り,R4/10,武蔵野,C 武蔵境駅,9環八通り,15,0,-,-
70,境浄水場西,武蔵境通り×井の頭通り,R4/10,武蔵野,C 武蔵境駅,9環八通り,16,0,-,-
70,境浄水場西,武蔵境通り×井の頭通り,R4/10,武蔵野,C 武蔵境駅,9環八通り,17,0,-,-
70,境浄水場西,武蔵境通り×井の頭通り,R4/10,武蔵野,C 武蔵境駅,9環八通り,18,0,-,-
70,境浄水場西,武蔵境通り×井の頭通り,R4/10,武蔵野,C 武蔵境駅,9環八通り,12時間計,1,-,-
70,境浄水場西,武蔵境通り×井の頭通り,R4/10,武蔵野,C 武蔵境駅,流入計,7,9,73,82
70,境浄水場西,武蔵境通り×井の頭通り,R4/10,武蔵野,C 武蔵境駅,流入計,8,13,121,134
70,境浄水場西,武蔵境通り×井の頭通り,R4/10,武蔵野,C 武蔵境駅,流入計,9,2,64,66
70,境浄水場西,武蔵境通り×井の頭通り,R4/10,武蔵野,C 武蔵境駅,流入計,10,8,96,104
70,境浄水場西,武蔵境通り×井の頭通り,R4/10,武蔵野,C 武蔵境駅,流入計,11,6,163,169
70,境浄水場西,武蔵境通り×井の頭通り,R4/10,武蔵野,C 武蔵境駅,流入計,12,6,203,209
70,境浄水場西,武蔵境通り×井の頭通り,R4/10,武蔵野,C 武蔵境駅,流入計,13,4,128,132
70,境浄水場西,武蔵境通り×井の頭通り,R4/10,武蔵野,C 武蔵境駅,流入計,14,9,154,163
70,境浄水場西,武蔵境通り×井の頭通り,R4/10,武蔵野,C 武蔵境駅,流入計,15,4,244,248
70,境浄水場西,武蔵境通り×井の頭通り,R4/10,武蔵野,C 武蔵境駅,流入計,16,9,243,252
70,境浄水場西,武蔵境通り×井の頭通り,R4/10,武蔵野,C 武蔵境駅,流入計,17,8,314,322
70,境浄水場西,武蔵境通り×井の頭通り,R4/10,武蔵野,C 武蔵境駅,流入計,18,8,314,322
70,境浄水場西,武蔵境通り×井の頭通り,R4/10,武蔵野,C 武蔵境駅,流入計,12時間計,86,2117,2203
70,境浄水場西,武蔵境通り×井の頭通り,R4/10,武蔵野,D 環八通り,10武蔵境駅,7,3,-,-
70,境浄水場西,武蔵境通り×井の頭通り,R4/10,武蔵野,D 環八通り,10武蔵境駅,8,5,-,-
70,境浄水場西,武蔵境通り×井の頭通り,R4/10,武蔵野,D 環八通り,10武蔵境駅,9,1,-,-
70,境浄水場西,武蔵境通り×井の頭通り,R4/10,武蔵野,D 環八通り,10武蔵境駅,10,4,-,-
70,境浄水場西,武蔵境通り×井の頭通り,R4/10,武蔵野,D 環八通り,10武蔵境駅,11,2,-,-
70,境浄水場西,武蔵境通り×井の頭通り,R4/10,武蔵野,D 環八通り,10武蔵境駅,12,2,-,-
70,境浄水場西,武蔵境通り×井の頭通り,R4/10,武蔵野,D 環八通り,10武蔵境駅,13,3,-,-
70,境浄水場西,武蔵境通り×井の頭通り,R4/10,武蔵野,D 環八通り,10武蔵境駅,14,1,-,-
70,境浄水場西,武蔵境通り×井の頭通り,R4/10,武蔵野,D 環八通り,10武蔵境駅,15,3,-,-
70,境浄水場西,武蔵境通り×井の頭通り,R4/10,武蔵野,D 環八通り,10武蔵境駅,16,3,-,-
70,境浄水場西,武蔵境通り×井の頭通り,R4/10,武蔵野,D 環八通り,10武蔵境駅,17,2,-,-
70,境浄水場西,武蔵境通り×井の頭通り,R4/10,武蔵野,D 環八通り,10武蔵境駅,18,2,-,-
70,境浄水場西,武蔵境通り×井の頭通り,R4/10,武蔵野,D 環八通り,10武蔵境駅,12時間計,31,-,-
70,境浄水場西,武蔵境通り×井の頭通り,R4/10,武蔵野,D 環八通り,11関町五丁目,7,8,-,-
70,境浄水場西,武蔵境通り×井の頭通り,R4/10,武蔵野,D 環八通り,11関町五丁目,8,15,-,-
70,境浄水場西,武蔵境通り×井の頭通り,R4/10,武蔵野,D 環八通り,11関町五丁目,9,7,-,-
70,境浄水場西,武蔵境通り×井の頭通り,R4/10,武蔵野,D 環八通り,11関町五丁目,10,2,-,-
70,境浄水場西,武蔵境通り×井の頭通り,R4/10,武蔵野,D 環八通り,11関町五丁目,11,5,-,-
70,境浄水場西,武蔵境通り×井の頭通り,R4/10,武蔵野,D 環八通り,11関町五丁目,12,11,-,-
70,境浄水場西,武蔵境通り×井の頭通り,R4/10,武蔵野,D 環八通り,11関町五丁目,13,7,-,-
70,境浄水場西,武蔵境通り×井の頭通り,R4/10,武蔵野,D 環八通り,11関町五丁目,14,7,-,-
70,境浄水場西,武蔵境通り×井の頭通り,R4/10,武蔵野,D 環八通り,11関町五丁目,15,11,-,-
70,境浄水場西,武蔵境通り×井の頭通り,R4/10,武蔵野,D 環八通り,11関町五丁目,16,12,-,-
70,境浄水場西,武蔵境通り×井の頭通り,R4/10,武蔵野,D 環八通り,11関町五丁目,17,37,-,-
70,境浄水場西,武蔵境通り×井の頭通り,R4/10,武蔵野,D 環八通り,11関町五丁目,18,30,-,-
70,境浄水場西,武蔵境通り×井の頭通り,R4/10,武蔵野,D 環八通り,11関町五丁目,12時間計,152,-,-
70,境浄水場西,武蔵境通り×井の頭通り,R4/10,武蔵野,D 環八通り,12柳橋,7,0,-,-
70,境浄水場西,武蔵境通り×井の頭通り,R4/10,武蔵野,D 環八通り,12柳橋,8,0,-,-
70,境浄水場西,武蔵境通り×井の頭通り,R4/10,武蔵野,D 環八通り,12柳橋,9,0,-,-
70,境浄水場西,武蔵境通り×井の頭通り,R4/10,武蔵野,D 環八通り,12柳橋,10,0,-,-
70,境浄水場西,武蔵境通り×井の頭通り,R4/10,武蔵野,D 環八通り,12柳橋,11,0,-,-
70,境浄水場西,武蔵境通り×井の頭通り,R4/10,武蔵野,D 環八通り,12柳橋,12,0,-,-
70,境浄水場西,武蔵境通り×井の頭通り,R4/10,武蔵野,D 環八通り,12柳橋,13,0,-,-
70,境浄水場西,武蔵境通り×井の頭通り,R4/10,武蔵野,D 環八通り,12柳橋,14,0,-,-
70,境浄水場西,武蔵境通り×井の頭通り,R4/10,武蔵野,D 環八通り,12柳橋,15,0,-,-
70,境浄水場西,武蔵境通り×井の頭通り,R4/10,武蔵野,D 環八通り,12柳橋,16,1,-,-
70,境浄水場西,武蔵境通り×井の頭通り,R4/10,武蔵野,D 環八通り,12柳橋,17,0,-,-
70,境浄水場西,武蔵境通り×井の頭通り,R4/10,武蔵野,D 環八通り,12柳橋,18,0,-,-
70,境浄水場西,武蔵境通り×井の頭通り,R4/10,武蔵野,D 環八通り,12柳橋,12時間計,1,-,-
70,境浄水場西,武蔵境通り×井の頭通り,R4/10,武蔵野,D 環八通り,流入計,7,11,46,57
70,境浄水場西,武蔵境通り×井の頭通り,R4/10,武蔵野,D 環八通り,流入計,8,20,62,82
70,境浄水場西,武蔵境通り×井の頭通り,R4/10,武蔵野,D 環八通り,流入計,9,8,30,38
70,境浄水場西,武蔵境通り×井の頭通り,R4/10,武蔵野,D 環八通り,流入計,10,6,39,45
70,境浄水場西,武蔵境通り×井の頭通り,R4/10,武蔵野,D 環八通り,流入計,11,7,58,65
70,境浄水場西,武蔵境通り×井の頭通り,R4/10,武蔵野,D 環八通り,流入計,12,13,50,63
70,境浄水場西,武蔵境通り×井の頭通り,R4/10,武蔵野,D 環八通り,流入計,13,10,66,76
70,境浄水場西,武蔵境通り×井の頭通り,R4/10,武蔵野,D 環八通り,流入計,14,8,68,76
70,境浄水場西,武蔵境通り×井の頭通り,R4/10,武蔵野,D 環八通り,流入計,15,14,64,78
70,境浄水場西,武蔵境通り×井の頭通り,R4/10,武蔵野,D 環八通り,流入計,16,16,46,62
70,境浄水場西,武蔵境通り×井の頭通り,R4/10,武蔵野,D 環八通り,流入計,17,39,70,109
70,境浄水場西,武蔵境通り×井の頭通り,R4/10,武蔵野,D 環八通り,流入計,18,32,40,72
70,境浄水場西,武蔵境通り×井の頭通り,R4/10,武蔵野,D 環八通り,流入計,12時間計,184,639,823
70,境浄水場西,武蔵境通り×井の頭通り,R4/10,武蔵野,全方向計,全方向計,7,97,581,678
70,境浄水場西,武蔵境通り×井の頭通り,R4/10,武蔵野,全方向計,全方向計,8,161,789,950
70,境浄水場西,武蔵境通り×井の頭通り,R4/10,武蔵野,全方向計,全方向計,9,62,364,426
70,境浄水場西,武蔵境通り×井の頭通り,R4/10,武蔵野,全方向計,全方向計,10,59,395,454
70,境浄水場西,武蔵境通り×井の頭通り,R4/10,武蔵野,全方向計,全方向計,11,42,491,533
70,境浄水場西,武蔵境通り×井の頭通り,R4/10,武蔵野,全方向計,全方向計,12,53,430,483
70,境浄水場西,武蔵境通り×井の頭通り,R4/10,武蔵野,全方向計,全方向計,13,28,403,431
70,境浄水場西,武蔵境通り×井の頭通り,R4/10,武蔵野,全方向計,全方向計,14,27,455,482
70,境浄水場西,武蔵境通り×井の頭通り,R4/10,武蔵野,全方向計,全方向計,15,32,520,552
70,境浄水場西,武蔵境通り×井の頭通り,R4/10,武蔵野,全方向計,全方向計,16,37,560,597
70,境浄水場西,武蔵境通り×井の頭通り,R4/10,武蔵野,全方向計,全方向計,17,69,628,697
70,境浄水場西,武蔵境通り×井の頭通り,R4/10,武蔵野,全方向計,全方向計,18,69,513,582
70,境浄水場西,武蔵境通り×井の頭通り,R4/10,武蔵野,全方向計,全方向計,12時間計,736,6129,6865
