﻿地点番号,地点名,交差道路名,調査年月,管轄警察署,流入方向,流出方向,時間帯等,大型乗用,大型貨物,普通乗用,普通貨物,四輪計,二輪車
23,田端新町１,明治通り×尾久橋通り,R4/11,滝野川,A 扇大橋,1.大関横町,7,0,6,44,88,138,9
23,田端新町１,明治通り×尾久橋通り,R4/11,滝野川,A 扇大橋,1.大関横町,8,1,5,47,86,139,9
23,田端新町１,明治通り×尾久橋通り,R4/11,滝野川,A 扇大橋,1.大関横町,9,0,3,66,70,139,6
23,田端新町１,明治通り×尾久橋通り,R4/11,滝野川,A 扇大橋,1.大関横町,10,1,11,76,60,148,7
23,田端新町１,明治通り×尾久橋通り,R4/11,滝野川,A 扇大橋,1.大関横町,11,0,9,77,67,153,6
23,田端新町１,明治通り×尾久橋通り,R4/11,滝野川,A 扇大橋,1.大関横町,12,0,3,75,46,124,7
23,田端新町１,明治通り×尾久橋通り,R4/11,滝野川,A 扇大橋,1.大関横町,13,0,9,79,82,170,5
23,田端新町１,明治通り×尾久橋通り,R4/11,滝野川,A 扇大橋,1.大関横町,14,0,5,75,68,148,8
23,田端新町１,明治通り×尾久橋通り,R4/11,滝野川,A 扇大橋,1.大関横町,15,1,1,90,63,155,9
23,田端新町１,明治通り×尾久橋通り,R4/11,滝野川,A 扇大橋,1.大関横町,16,1,2,101,63,167,6
23,田端新町１,明治通り×尾久橋通り,R4/11,滝野川,A 扇大橋,1.大関横町,17,0,4,98,40,142,8
23,田端新町１,明治通り×尾久橋通り,R4/11,滝野川,A 扇大橋,1.大関横町,18,0,2,74,31,107,8
23,田端新町１,明治通り×尾久橋通り,R4/11,滝野川,A 扇大橋,1.大関横町,12時間計,4,60,902,764,1730,88
23,田端新町１,明治通り×尾久橋通り,R4/11,滝野川,A 扇大橋,2.上野,7,9,23,390,351,773,103
23,田端新町１,明治通り×尾久橋通り,R4/11,滝野川,A 扇大橋,2.上野,8,6,16,407,328,757,74
23,田端新町１,明治通り×尾久橋通り,R4/11,滝野川,A 扇大橋,2.上野,9,9,22,264,245,540,43
23,田端新町１,明治通り×尾久橋通り,R4/11,滝野川,A 扇大橋,2.上野,10,3,25,265,199,492,31
23,田端新町１,明治通り×尾久橋通り,R4/11,滝野川,A 扇大橋,2.上野,11,1,42,268,182,493,29
23,田端新町１,明治通り×尾久橋通り,R4/11,滝野川,A 扇大橋,2.上野,12,3,27,275,161,466,36
23,田端新町１,明治通り×尾久橋通り,R4/11,滝野川,A 扇大橋,2.上野,13,2,31,304,180,517,31
23,田端新町１,明治通り×尾久橋通り,R4/11,滝野川,A 扇大橋,2.上野,14,1,20,258,187,466,22
23,田端新町１,明治通り×尾久橋通り,R4/11,滝野川,A 扇大橋,2.上野,15,4,13,245,176,438,29
23,田端新町１,明治通り×尾久橋通り,R4/11,滝野川,A 扇大橋,2.上野,16,2,5,324,154,485,22
23,田端新町１,明治通り×尾久橋通り,R4/11,滝野川,A 扇大橋,2.上野,17,3,7,316,120,446,36
23,田端新町１,明治通り×尾久橋通り,R4/11,滝野川,A 扇大橋,2.上野,18,1,8,294,122,425,49
23,田端新町１,明治通り×尾久橋通り,R4/11,滝野川,A 扇大橋,2.上野,12時間計,44,239,3610,2405,6298,505
23,田端新町１,明治通り×尾久橋通り,R4/11,滝野川,A 扇大橋,3.田端駅,7,6,0,71,90,167,10
23,田端新町１,明治通り×尾久橋通り,R4/11,滝野川,A 扇大橋,3.田端駅,8,6,1,47,64,118,5
23,田端新町１,明治通り×尾久橋通り,R4/11,滝野川,A 扇大橋,3.田端駅,9,6,4,52,34,96,3
23,田端新町１,明治通り×尾久橋通り,R4/11,滝野川,A 扇大橋,3.田端駅,10,2,0,47,31,80,2
23,田端新町１,明治通り×尾久橋通り,R4/11,滝野川,A 扇大橋,3.田端駅,11,3,0,40,20,63,2
23,田端新町１,明治通り×尾久橋通り,R4/11,滝野川,A 扇大橋,3.田端駅,12,4,3,38,29,74,3
23,田端新町１,明治通り×尾久橋通り,R4/11,滝野川,A 扇大橋,3.田端駅,13,3,5,51,21,80,2
23,田端新町１,明治通り×尾久橋通り,R4/11,滝野川,A 扇大橋,3.田端駅,14,4,4,43,35,86,1
23,田端新町１,明治通り×尾久橋通り,R4/11,滝野川,A 扇大橋,3.田端駅,15,5,2,40,26,73,0
23,田端新町１,明治通り×尾久橋通り,R4/11,滝野川,A 扇大橋,3.田端駅,16,4,2,49,25,80,0
23,田端新町１,明治通り×尾久橋通り,R4/11,滝野川,A 扇大橋,3.田端駅,17,7,0,54,22,83,2
23,田端新町１,明治通り×尾久橋通り,R4/11,滝野川,A 扇大橋,3.田端駅,18,4,0,55,14,73,1
23,田端新町１,明治通り×尾久橋通り,R4/11,滝野川,A 扇大橋,3.田端駅,12時間計,54,21,587,411,1073,31
23,田端新町１,明治通り×尾久橋通り,R4/11,滝野川,A 扇大橋,4.王子,7,0,0,8,22,30,1
23,田端新町１,明治通り×尾久橋通り,R4/11,滝野川,A 扇大橋,4.王子,8,1,2,14,26,43,0
23,田端新町１,明治通り×尾久橋通り,R4/11,滝野川,A 扇大橋,4.王子,9,0,2,17,29,48,2
23,田端新町１,明治通り×尾久橋通り,R4/11,滝野川,A 扇大橋,4.王子,10,0,5,19,22,46,1
23,田端新町１,明治通り×尾久橋通り,R4/11,滝野川,A 扇大橋,4.王子,11,0,7,19,29,55,1
23,田端新町１,明治通り×尾久橋通り,R4/11,滝野川,A 扇大橋,4.王子,12,0,2,24,21,47,3
23,田端新町１,明治通り×尾久橋通り,R4/11,滝野川,A 扇大橋,4.王子,13,1,2,26,23,52,3
23,田端新町１,明治通り×尾久橋通り,R4/11,滝野川,A 扇大橋,4.王子,14,1,1,19,18,39,0
23,田端新町１,明治通り×尾久橋通り,R4/11,滝野川,A 扇大橋,4.王子,15,0,1,22,19,42,3
23,田端新町１,明治通り×尾久橋通り,R4/11,滝野川,A 扇大橋,4.王子,16,1,0,21,15,37,3
23,田端新町１,明治通り×尾久橋通り,R4/11,滝野川,A 扇大橋,4.王子,17,0,0,26,20,46,4
23,田端新町１,明治通り×尾久橋通り,R4/11,滝野川,A 扇大橋,4.王子,18,0,0,23,5,28,2
23,田端新町１,明治通り×尾久橋通り,R4/11,滝野川,A 扇大橋,4.王子,12時間計,4,22,238,249,513,23
23,田端新町１,明治通り×尾久橋通り,R4/11,滝野川,A 扇大橋,流入計,7,15,29,513,551,1108,123
23,田端新町１,明治通り×尾久橋通り,R4/11,滝野川,A 扇大橋,流入計,8,14,24,515,504,1057,88
23,田端新町１,明治通り×尾久橋通り,R4/11,滝野川,A 扇大橋,流入計,9,15,31,399,378,823,54
23,田端新町１,明治通り×尾久橋通り,R4/11,滝野川,A 扇大橋,流入計,10,6,41,407,312,766,41
23,田端新町１,明治通り×尾久橋通り,R4/11,滝野川,A 扇大橋,流入計,11,4,58,404,298,764,38
23,田端新町１,明治通り×尾久橋通り,R4/11,滝野川,A 扇大橋,流入計,12,7,35,412,257,711,49
23,田端新町１,明治通り×尾久橋通り,R4/11,滝野川,A 扇大橋,流入計,13,6,47,460,306,819,41
23,田端新町１,明治通り×尾久橋通り,R4/11,滝野川,A 扇大橋,流入計,14,6,30,395,308,739,31
23,田端新町１,明治通り×尾久橋通り,R4/11,滝野川,A 扇大橋,流入計,15,10,17,397,284,708,41
23,田端新町１,明治通り×尾久橋通り,R4/11,滝野川,A 扇大橋,流入計,16,8,9,495,257,769,31
23,田端新町１,明治通り×尾久橋通り,R4/11,滝野川,A 扇大橋,流入計,17,10,11,494,202,717,50
23,田端新町１,明治通り×尾久橋通り,R4/11,滝野川,A 扇大橋,流入計,18,5,10,446,172,633,60
23,田端新町１,明治通り×尾久橋通り,R4/11,滝野川,A 扇大橋,流入計,12時間計,106,342,5337,3829,9614,647
23,田端新町１,明治通り×尾久橋通り,R4/11,滝野川,B 王子,5.扇大橋,7,0,0,9,12,21,0
23,田端新町１,明治通り×尾久橋通り,R4/11,滝野川,B 王子,5.扇大橋,8,1,2,13,16,32,0
23,田端新町１,明治通り×尾久橋通り,R4/11,滝野川,B 王子,5.扇大橋,9,0,2,31,18,51,0
23,田端新町１,明治通り×尾久橋通り,R4/11,滝野川,B 王子,5.扇大橋,10,0,4,27,31,62,1
23,田端新町１,明治通り×尾久橋通り,R4/11,滝野川,B 王子,5.扇大橋,11,0,2,28,36,66,0
23,田端新町１,明治通り×尾久橋通り,R4/11,滝野川,B 王子,5.扇大橋,12,1,2,29,29,61,4
23,田端新町１,明治通り×尾久橋通り,R4/11,滝野川,B 王子,5.扇大橋,13,0,5,25,21,51,4
23,田端新町１,明治通り×尾久橋通り,R4/11,滝野川,B 王子,5.扇大橋,14,0,7,26,24,57,4
23,田端新町１,明治通り×尾久橋通り,R4/11,滝野川,B 王子,5.扇大橋,15,1,9,30,28,68,2
23,田端新町１,明治通り×尾久橋通り,R4/11,滝野川,B 王子,5.扇大橋,16,2,0,28,35,65,5
23,田端新町１,明治通り×尾久橋通り,R4/11,滝野川,B 王子,5.扇大橋,17,0,0,42,32,74,7
23,田端新町１,明治通り×尾久橋通り,R4/11,滝野川,B 王子,5.扇大橋,18,0,0,30,14,44,10
23,田端新町１,明治通り×尾久橋通り,R4/11,滝野川,B 王子,5.扇大橋,12時間計,5,33,318,296,652,37
23,田端新町１,明治通り×尾久橋通り,R4/11,滝野川,B 王子,6.大関横町,7,7,12,296,273,588,65
23,田端新町１,明治通り×尾久橋通り,R4/11,滝野川,B 王子,6.大関横町,8,5,19,267,288,579,48
23,田端新町１,明治通り×尾久橋通り,R4/11,滝野川,B 王子,6.大関横町,9,6,9,205,204,424,21
23,田端新町１,明治通り×尾久橋通り,R4/11,滝野川,B 王子,6.大関横町,10,2,11,230,196,439,20
23,田端新町１,明治通り×尾久橋通り,R4/11,滝野川,B 王子,6.大関横町,11,3,13,208,202,426,16
23,田端新町１,明治通り×尾久橋通り,R4/11,滝野川,B 王子,6.大関横町,12,2,9,206,197,414,22
23,田端新町１,明治通り×尾久橋通り,R4/11,滝野川,B 王子,6.大関横町,13,3,18,201,224,446,25
23,田端新町１,明治通り×尾久橋通り,R4/11,滝野川,B 王子,6.大関横町,14,5,11,218,222,456,19
23,田端新町１,明治通り×尾久橋通り,R4/11,滝野川,B 王子,6.大関横町,15,4,15,260,211,490,27
23,田端新町１,明治通り×尾久橋通り,R4/11,滝野川,B 王子,6.大関横町,16,4,3,269,175,451,31
23,田端新町１,明治通り×尾久橋通り,R4/11,滝野川,B 王子,6.大関横町,17,4,3,263,169,439,47
23,田端新町１,明治通り×尾久橋通り,R4/11,滝野川,B 王子,6.大関横町,18,3,5,240,154,402,36
23,田端新町１,明治通り×尾久橋通り,R4/11,滝野川,B 王子,6.大関横町,12時間計,48,128,2863,2515,5554,377
23,田端新町１,明治通り×尾久橋通り,R4/11,滝野川,B 王子,7.上野,7,2,1,98,110,211,10
23,田端新町１,明治通り×尾久橋通り,R4/11,滝野川,B 王子,7.上野,8,1,3,103,120,227,6
23,田端新町１,明治通り×尾久橋通り,R4/11,滝野川,B 王子,7.上野,9,3,5,110,105,223,10
23,田端新町１,明治通り×尾久橋通り,R4/11,滝野川,B 王子,7.上野,10,0,4,101,102,207,7
23,田端新町１,明治通り×尾久橋通り,R4/11,滝野川,B 王子,7.上野,11,0,2,116,93,211,8
23,田端新町１,明治通り×尾久橋通り,R4/11,滝野川,B 王子,7.上野,12,0,2,85,65,152,4
23,田端新町１,明治通り×尾久橋通り,R4/11,滝野川,B 王子,7.上野,13,1,1,87,73,162,6
23,田端新町１,明治通り×尾久橋通り,R4/11,滝野川,B 王子,7.上野,14,1,3,72,68,144,9
23,田端新町１,明治通り×尾久橋通り,R4/11,滝野川,B 王子,7.上野,15,0,1,83,66,150,3
23,田端新町１,明治通り×尾久橋通り,R4/11,滝野川,B 王子,7.上野,16,1,1,103,64,169,7
23,田端新町１,明治通り×尾久橋通り,R4/11,滝野川,B 王子,7.上野,17,0,1,96,48,145,8
23,田端新町１,明治通り×尾久橋通り,R4/11,滝野川,B 王子,7.上野,18,0,2,74,37,113,8
23,田端新町１,明治通り×尾久橋通り,R4/11,滝野川,B 王子,7.上野,12時間計,9,26,1128,951,2114,86
23,田端新町１,明治通り×尾久橋通り,R4/11,滝野川,B 王子,8.田端駅,7,0,0,0,0,0,0
23,田端新町１,明治通り×尾久橋通り,R4/11,滝野川,B 王子,8.田端駅,8,0,0,0,0,0,0
23,田端新町１,明治通り×尾久橋通り,R4/11,滝野川,B 王子,8.田端駅,9,0,0,0,0,0,0
23,田端新町１,明治通り×尾久橋通り,R4/11,滝野川,B 王子,8.田端駅,10,0,0,1,1,2,0
23,田端新町１,明治通り×尾久橋通り,R4/11,滝野川,B 王子,8.田端駅,11,0,0,1,0,1,0
23,田端新町１,明治通り×尾久橋通り,R4/11,滝野川,B 王子,8.田端駅,12,0,0,0,0,0,0
23,田端新町１,明治通り×尾久橋通り,R4/11,滝野川,B 王子,8.田端駅,13,0,0,1,0,1,0
23,田端新町１,明治通り×尾久橋通り,R4/11,滝野川,B 王子,8.田端駅,14,0,0,1,0,1,0
23,田端新町１,明治通り×尾久橋通り,R4/11,滝野川,B 王子,8.田端駅,15,0,0,1,0,1,0
23,田端新町１,明治通り×尾久橋通り,R4/11,滝野川,B 王子,8.田端駅,16,0,0,0,0,0,0
23,田端新町１,明治通り×尾久橋通り,R4/11,滝野川,B 王子,8.田端駅,17,0,0,0,0,0,0
23,田端新町１,明治通り×尾久橋通り,R4/11,滝野川,B 王子,8.田端駅,18,0,0,0,0,0,0
23,田端新町１,明治通り×尾久橋通り,R4/11,滝野川,B 王子,8.田端駅,12時間計,0,0,5,1,6,0
23,田端新町１,明治通り×尾久橋通り,R4/11,滝野川,B 王子,流入計,7,9,13,403,395,820,75
23,田端新町１,明治通り×尾久橋通り,R4/11,滝野川,B 王子,流入計,8,7,24,383,424,838,54
23,田端新町１,明治通り×尾久橋通り,R4/11,滝野川,B 王子,流入計,9,9,16,346,327,698,31
23,田端新町１,明治通り×尾久橋通り,R4/11,滝野川,B 王子,流入計,10,2,19,359,330,710,28
23,田端新町１,明治通り×尾久橋通り,R4/11,滝野川,B 王子,流入計,11,3,17,353,331,704,24
23,田端新町１,明治通り×尾久橋通り,R4/11,滝野川,B 王子,流入計,12,3,13,320,291,627,30
23,田端新町１,明治通り×尾久橋通り,R4/11,滝野川,B 王子,流入計,13,4,24,314,318,660,35
23,田端新町１,明治通り×尾久橋通り,R4/11,滝野川,B 王子,流入計,14,6,21,317,314,658,32
23,田端新町１,明治通り×尾久橋通り,R4/11,滝野川,B 王子,流入計,15,5,25,374,305,709,32
23,田端新町１,明治通り×尾久橋通り,R4/11,滝野川,B 王子,流入計,16,7,4,400,274,685,43
23,田端新町１,明治通り×尾久橋通り,R4/11,滝野川,B 王子,流入計,17,4,4,401,249,658,62
23,田端新町１,明治通り×尾久橋通り,R4/11,滝野川,B 王子,流入計,18,3,7,344,205,559,54
23,田端新町１,明治通り×尾久橋通り,R4/11,滝野川,B 王子,流入計,12時間計,62,187,4314,3763,8326,500
23,田端新町１,明治通り×尾久橋通り,R4/11,滝野川,C 田端駅,9.王子,7,0,0,1,1,2,0
23,田端新町１,明治通り×尾久橋通り,R4/11,滝野川,C 田端駅,9.王子,8,0,0,1,3,4,0
23,田端新町１,明治通り×尾久橋通り,R4/11,滝野川,C 田端駅,9.王子,9,0,0,1,1,2,0
23,田端新町１,明治通り×尾久橋通り,R4/11,滝野川,C 田端駅,9.王子,10,0,0,1,4,5,0
23,田端新町１,明治通り×尾久橋通り,R4/11,滝野川,C 田端駅,9.王子,11,0,0,2,5,7,0
23,田端新町１,明治通り×尾久橋通り,R4/11,滝野川,C 田端駅,9.王子,12,0,0,1,2,3,0
23,田端新町１,明治通り×尾久橋通り,R4/11,滝野川,C 田端駅,9.王子,13,0,0,3,1,4,0
23,田端新町１,明治通り×尾久橋通り,R4/11,滝野川,C 田端駅,9.王子,14,0,0,3,3,6,0
23,田端新町１,明治通り×尾久橋通り,R4/11,滝野川,C 田端駅,9.王子,15,0,0,2,2,4,0
23,田端新町１,明治通り×尾久橋通り,R4/11,滝野川,C 田端駅,9.王子,16,0,0,2,2,4,0
23,田端新町１,明治通り×尾久橋通り,R4/11,滝野川,C 田端駅,9.王子,17,0,0,2,2,4,0
23,田端新町１,明治通り×尾久橋通り,R4/11,滝野川,C 田端駅,9.王子,18,0,0,0,0,0,0
23,田端新町１,明治通り×尾久橋通り,R4/11,滝野川,C 田端駅,9.王子,12時間計,0,0,19,26,45,0
23,田端新町１,明治通り×尾久橋通り,R4/11,滝野川,C 田端駅,10.扇大橋,7,5,0,33,21,59,0
23,田端新町１,明治通り×尾久橋通り,R4/11,滝野川,C 田端駅,10.扇大橋,8,5,0,27,20,52,0
23,田端新町１,明治通り×尾久橋通り,R4/11,滝野川,C 田端駅,10.扇大橋,9,5,4,23,29,61,0
23,田端新町１,明治通り×尾久橋通り,R4/11,滝野川,C 田端駅,10.扇大橋,10,6,3,41,31,81,2
23,田端新町１,明治通り×尾久橋通り,R4/11,滝野川,C 田端駅,10.扇大橋,11,4,2,39,37,82,4
23,田端新町１,明治通り×尾久橋通り,R4/11,滝野川,C 田端駅,10.扇大橋,12,2,1,29,24,56,5
23,田端新町１,明治通り×尾久橋通り,R4/11,滝野川,C 田端駅,10.扇大橋,13,4,1,32,26,63,3
23,田端新町１,明治通り×尾久橋通り,R4/11,滝野川,C 田端駅,10.扇大橋,14,3,5,45,37,90,1
23,田端新町１,明治通り×尾久橋通り,R4/11,滝野川,C 田端駅,10.扇大橋,15,5,7,59,55,126,4
23,田端新町１,明治通り×尾久橋通り,R4/11,滝野川,C 田端駅,10.扇大橋,16,4,5,41,32,82,3
23,田端新町１,明治通り×尾久橋通り,R4/11,滝野川,C 田端駅,10.扇大橋,17,4,4,44,33,85,1
23,田端新町１,明治通り×尾久橋通り,R4/11,滝野川,C 田端駅,10.扇大橋,18,7,2,41,26,76,5
23,田端新町１,明治通り×尾久橋通り,R4/11,滝野川,C 田端駅,10.扇大橋,12時間計,54,34,454,371,913,28
23,田端新町１,明治通り×尾久橋通り,R4/11,滝野川,C 田端駅,11.大関横町,7,0,1,10,8,19,2
23,田端新町１,明治通り×尾久橋通り,R4/11,滝野川,C 田端駅,11.大関横町,8,0,1,16,13,30,0
23,田端新町１,明治通り×尾久橋通り,R4/11,滝野川,C 田端駅,11.大関横町,9,0,0,10,15,25,0
23,田端新町１,明治通り×尾久橋通り,R4/11,滝野川,C 田端駅,11.大関横町,10,0,1,15,12,28,1
23,田端新町１,明治通り×尾久橋通り,R4/11,滝野川,C 田端駅,11.大関横町,11,0,0,17,15,32,4
23,田端新町１,明治通り×尾久橋通り,R4/11,滝野川,C 田端駅,11.大関横町,12,0,0,17,12,29,0
23,田端新町１,明治通り×尾久橋通り,R4/11,滝野川,C 田端駅,11.大関横町,13,0,0,15,13,28,5
23,田端新町１,明治通り×尾久橋通り,R4/11,滝野川,C 田端駅,11.大関横町,14,0,1,16,15,32,1
23,田端新町１,明治通り×尾久橋通り,R4/11,滝野川,C 田端駅,11.大関横町,15,0,0,13,14,27,3
23,田端新町１,明治通り×尾久橋通り,R4/11,滝野川,C 田端駅,11.大関横町,16,0,0,15,11,26,2
23,田端新町１,明治通り×尾久橋通り,R4/11,滝野川,C 田端駅,11.大関横町,17,0,0,17,10,27,3
23,田端新町１,明治通り×尾久橋通り,R4/11,滝野川,C 田端駅,11.大関横町,18,0,0,15,10,25,4
23,田端新町１,明治通り×尾久橋通り,R4/11,滝野川,C 田端駅,11.大関横町,12時間計,0,4,176,148,328,25
23,田端新町１,明治通り×尾久橋通り,R4/11,滝野川,C 田端駅,12.上野,7,0,0,1,2,3,0
23,田端新町１,明治通り×尾久橋通り,R4/11,滝野川,C 田端駅,12.上野,8,0,0,2,1,3,0
23,田端新町１,明治通り×尾久橋通り,R4/11,滝野川,C 田端駅,12.上野,9,0,1,0,1,2,0
23,田端新町１,明治通り×尾久橋通り,R4/11,滝野川,C 田端駅,12.上野,10,0,1,0,3,4,0
23,田端新町１,明治通り×尾久橋通り,R4/11,滝野川,C 田端駅,12.上野,11,0,1,0,2,3,0
23,田端新町１,明治通り×尾久橋通り,R4/11,滝野川,C 田端駅,12.上野,12,0,0,2,0,2,0
23,田端新町１,明治通り×尾久橋通り,R4/11,滝野川,C 田端駅,12.上野,13,0,0,1,0,1,0
23,田端新町１,明治通り×尾久橋通り,R4/11,滝野川,C 田端駅,12.上野,14,0,0,0,1,1,0
23,田端新町１,明治通り×尾久橋通り,R4/11,滝野川,C 田端駅,12.上野,15,0,0,2,0,2,0
23,田端新町１,明治通り×尾久橋通り,R4/11,滝野川,C 田端駅,12.上野,16,0,0,2,2,4,0
23,田端新町１,明治通り×尾久橋通り,R4/11,滝野川,C 田端駅,12.上野,17,0,0,3,0,3,0
23,田端新町１,明治通り×尾久橋通り,R4/11,滝野川,C 田端駅,12.上野,18,0,0,0,0,0,0
23,田端新町１,明治通り×尾久橋通り,R4/11,滝野川,C 田端駅,12.上野,12時間計,0,3,13,12,28,0
23,田端新町１,明治通り×尾久橋通り,R4/11,滝野川,C 田端駅,流入計,7,5,1,45,32,83,2
23,田端新町１,明治通り×尾久橋通り,R4/11,滝野川,C 田端駅,流入計,8,5,1,46,37,89,0
23,田端新町１,明治通り×尾久橋通り,R4/11,滝野川,C 田端駅,流入計,9,5,5,34,46,90,0
23,田端新町１,明治通り×尾久橋通り,R4/11,滝野川,C 田端駅,流入計,10,6,5,57,50,118,3
23,田端新町１,明治通り×尾久橋通り,R4/11,滝野川,C 田端駅,流入計,11,4,3,58,59,124,8
23,田端新町１,明治通り×尾久橋通り,R4/11,滝野川,C 田端駅,流入計,12,2,1,49,38,90,5
23,田端新町１,明治通り×尾久橋通り,R4/11,滝野川,C 田端駅,流入計,13,4,1,51,40,96,8
23,田端新町１,明治通り×尾久橋通り,R4/11,滝野川,C 田端駅,流入計,14,3,6,64,56,129,2
23,田端新町１,明治通り×尾久橋通り,R4/11,滝野川,C 田端駅,流入計,15,5,7,76,71,159,7
23,田端新町１,明治通り×尾久橋通り,R4/11,滝野川,C 田端駅,流入計,16,4,5,60,47,116,5
23,田端新町１,明治通り×尾久橋通り,R4/11,滝野川,C 田端駅,流入計,17,4,4,66,45,119,4
23,田端新町１,明治通り×尾久橋通り,R4/11,滝野川,C 田端駅,流入計,18,7,2,56,36,101,9
23,田端新町１,明治通り×尾久橋通り,R4/11,滝野川,C 田端駅,流入計,12時間計,54,41,662,557,1314,53
23,田端新町１,明治通り×尾久橋通り,R4/11,滝野川,D 上野,13.田端駅,7,0,0,2,2,4,0
23,田端新町１,明治通り×尾久橋通り,R4/11,滝野川,D 上野,13.田端駅,8,0,1,3,5,9,0
23,田端新町１,明治通り×尾久橋通り,R4/11,滝野川,D 上野,13.田端駅,9,0,0,2,2,4,0
23,田端新町１,明治通り×尾久橋通り,R4/11,滝野川,D 上野,13.田端駅,10,0,0,8,6,14,1
23,田端新町１,明治通り×尾久橋通り,R4/11,滝野川,D 上野,13.田端駅,11,0,0,6,4,10,1
23,田端新町１,明治通り×尾久橋通り,R4/11,滝野川,D 上野,13.田端駅,12,1,0,3,1,5,1
23,田端新町１,明治通り×尾久橋通り,R4/11,滝野川,D 上野,13.田端駅,13,2,0,6,5,13,2
23,田端新町１,明治通り×尾久橋通り,R4/11,滝野川,D 上野,13.田端駅,14,0,0,3,5,8,1
23,田端新町１,明治通り×尾久橋通り,R4/11,滝野川,D 上野,13.田端駅,15,0,0,4,1,5,0
23,田端新町１,明治通り×尾久橋通り,R4/11,滝野川,D 上野,13.田端駅,16,0,0,3,3,6,0
23,田端新町１,明治通り×尾久橋通り,R4/11,滝野川,D 上野,13.田端駅,17,0,0,4,0,4,0
23,田端新町１,明治通り×尾久橋通り,R4/11,滝野川,D 上野,13.田端駅,18,0,0,2,0,2,0
23,田端新町１,明治通り×尾久橋通り,R4/11,滝野川,D 上野,13.田端駅,12時間計,3,1,46,34,84,6
23,田端新町１,明治通り×尾久橋通り,R4/11,滝野川,D 上野,14.王子,7,0,0,45,30,75,8
23,田端新町１,明治通り×尾久橋通り,R4/11,滝野川,D 上野,14.王子,8,0,0,64,49,113,4
23,田端新町１,明治通り×尾久橋通り,R4/11,滝野川,D 上野,14.王子,9,0,0,65,82,147,4
23,田端新町１,明治通り×尾久橋通り,R4/11,滝野川,D 上野,14.王子,10,0,3,70,98,171,4
23,田端新町１,明治通り×尾久橋通り,R4/11,滝野川,D 上野,14.王子,11,0,3,68,100,171,11
23,田端新町１,明治通り×尾久橋通り,R4/11,滝野川,D 上野,14.王子,12,0,0,75,70,145,15
23,田端新町１,明治通り×尾久橋通り,R4/11,滝野川,D 上野,14.王子,13,2,1,93,75,171,13
23,田端新町１,明治通り×尾久橋通り,R4/11,滝野川,D 上野,14.王子,14,0,0,76,85,161,7
23,田端新町１,明治通り×尾久橋通り,R4/11,滝野川,D 上野,14.王子,15,0,1,90,85,176,5
23,田端新町１,明治通り×尾久橋通り,R4/11,滝野川,D 上野,14.王子,16,0,3,85,61,149,11
23,田端新町１,明治通り×尾久橋通り,R4/11,滝野川,D 上野,14.王子,17,1,2,92,62,157,19
23,田端新町１,明治通り×尾久橋通り,R4/11,滝野川,D 上野,14.王子,18,0,2,83,53,138,14
23,田端新町１,明治通り×尾久橋通り,R4/11,滝野川,D 上野,14.王子,12時間計,3,15,906,850,1774,115
23,田端新町１,明治通り×尾久橋通り,R4/11,滝野川,D 上野,15.扇大橋,7,6,14,208,167,395,15
23,田端新町１,明治通り×尾久橋通り,R4/11,滝野川,D 上野,15.扇大橋,8,6,16,260,165,447,16
23,田端新町１,明治通り×尾久橋通り,R4/11,滝野川,D 上野,15.扇大橋,9,4,17,232,220,473,17
23,田端新町１,明治通り×尾久橋通り,R4/11,滝野川,D 上野,15.扇大橋,10,2,37,240,253,532,27
23,田端新町１,明治通り×尾久橋通り,R4/11,滝野川,D 上野,15.扇大橋,11,3,39,265,267,574,24
23,田端新町１,明治通り×尾久橋通り,R4/11,滝野川,D 上野,15.扇大橋,12,2,34,241,204,481,18
23,田端新町１,明治通り×尾久橋通り,R4/11,滝野川,D 上野,15.扇大橋,13,2,20,247,226,495,24
23,田端新町１,明治通り×尾久橋通り,R4/11,滝野川,D 上野,15.扇大橋,14,5,18,291,310,624,28
23,田端新町１,明治通り×尾久橋通り,R4/11,滝野川,D 上野,15.扇大橋,15,2,24,275,258,559,26
23,田端新町１,明治通り×尾久橋通り,R4/11,滝野川,D 上野,15.扇大橋,16,4,34,327,247,612,30
23,田端新町１,明治通り×尾久橋通り,R4/11,滝野川,D 上野,15.扇大橋,17,3,24,301,313,641,69
23,田端新町１,明治通り×尾久橋通り,R4/11,滝野川,D 上野,15.扇大橋,18,4,14,354,224,596,58
23,田端新町１,明治通り×尾久橋通り,R4/11,滝野川,D 上野,15.扇大橋,12時間計,43,291,3241,2854,6429,352
23,田端新町１,明治通り×尾久橋通り,R4/11,滝野川,D 上野,16.大関横町,7,0,0,0,1,1,0
23,田端新町１,明治通り×尾久橋通り,R4/11,滝野川,D 上野,16.大関横町,8,0,0,0,0,0,0
23,田端新町１,明治通り×尾久橋通り,R4/11,滝野川,D 上野,16.大関横町,9,0,0,4,9,13,0
23,田端新町１,明治通り×尾久橋通り,R4/11,滝野川,D 上野,16.大関横町,10,0,0,6,9,15,0
23,田端新町１,明治通り×尾久橋通り,R4/11,滝野川,D 上野,16.大関横町,11,1,1,4,10,16,1
23,田端新町１,明治通り×尾久橋通り,R4/11,滝野川,D 上野,16.大関横町,12,0,0,10,12,22,2
23,田端新町１,明治通り×尾久橋通り,R4/11,滝野川,D 上野,16.大関横町,13,0,0,15,11,26,3
23,田端新町１,明治通り×尾久橋通り,R4/11,滝野川,D 上野,16.大関横町,14,0,0,14,13,27,2
23,田端新町１,明治通り×尾久橋通り,R4/11,滝野川,D 上野,16.大関横町,15,0,1,12,11,24,0
23,田端新町１,明治通り×尾久橋通り,R4/11,滝野川,D 上野,16.大関横町,16,0,0,11,9,20,0
23,田端新町１,明治通り×尾久橋通り,R4/11,滝野川,D 上野,16.大関横町,17,0,0,10,8,18,1
23,田端新町１,明治通り×尾久橋通り,R4/11,滝野川,D 上野,16.大関横町,18,0,0,10,7,17,1
23,田端新町１,明治通り×尾久橋通り,R4/11,滝野川,D 上野,16.大関横町,12時間計,1,2,96,100,199,10
23,田端新町１,明治通り×尾久橋通り,R4/11,滝野川,D 上野,流入計,7,6,14,255,200,475,23
23,田端新町１,明治通り×尾久橋通り,R4/11,滝野川,D 上野,流入計,8,6,17,327,219,569,20
23,田端新町１,明治通り×尾久橋通り,R4/11,滝野川,D 上野,流入計,9,4,17,303,313,637,21
23,田端新町１,明治通り×尾久橋通り,R4/11,滝野川,D 上野,流入計,10,2,40,324,366,732,32
23,田端新町１,明治通り×尾久橋通り,R4/11,滝野川,D 上野,流入計,11,4,43,343,381,771,37
23,田端新町１,明治通り×尾久橋通り,R4/11,滝野川,D 上野,流入計,12,3,34,329,287,653,36
23,田端新町１,明治通り×尾久橋通り,R4/11,滝野川,D 上野,流入計,13,6,21,361,317,705,42
23,田端新町１,明治通り×尾久橋通り,R4/11,滝野川,D 上野,流入計,14,5,18,384,413,820,38
23,田端新町１,明治通り×尾久橋通り,R4/11,滝野川,D 上野,流入計,15,2,26,381,355,764,31
23,田端新町１,明治通り×尾久橋通り,R4/11,滝野川,D 上野,流入計,16,4,37,426,320,787,41
23,田端新町１,明治通り×尾久橋通り,R4/11,滝野川,D 上野,流入計,17,4,26,407,383,820,89
23,田端新町１,明治通り×尾久橋通り,R4/11,滝野川,D 上野,流入計,18,4,16,449,284,753,73
23,田端新町１,明治通り×尾久橋通り,R4/11,滝野川,D 上野,流入計,12時間計,50,309,4289,3838,8486,483
23,田端新町１,明治通り×尾久橋通り,R4/11,滝野川,E 大関横町,17.上野,7,0,0,13,10,23,3
23,田端新町１,明治通り×尾久橋通り,R4/11,滝野川,E 大関横町,17.上野,8,0,2,11,10,23,2
23,田端新町１,明治通り×尾久橋通り,R4/11,滝野川,E 大関横町,17.上野,9,0,3,9,10,22,1
23,田端新町１,明治通り×尾久橋通り,R4/11,滝野川,E 大関横町,17.上野,10,0,1,11,17,29,2
23,田端新町１,明治通り×尾久橋通り,R4/11,滝野川,E 大関横町,17.上野,11,0,0,13,7,20,5
23,田端新町１,明治通り×尾久橋通り,R4/11,滝野川,E 大関横町,17.上野,12,0,0,10,15,25,1
23,田端新町１,明治通り×尾久橋通り,R4/11,滝野川,E 大関横町,17.上野,13,0,2,14,11,27,2
23,田端新町１,明治通り×尾久橋通り,R4/11,滝野川,E 大関横町,17.上野,14,0,2,19,9,30,2
23,田端新町１,明治通り×尾久橋通り,R4/11,滝野川,E 大関横町,17.上野,15,0,1,15,6,22,2
23,田端新町１,明治通り×尾久橋通り,R4/11,滝野川,E 大関横町,17.上野,16,0,0,26,13,39,4
23,田端新町１,明治通り×尾久橋通り,R4/11,滝野川,E 大関横町,17.上野,17,0,0,16,4,20,2
23,田端新町１,明治通り×尾久橋通り,R4/11,滝野川,E 大関横町,17.上野,18,0,1,8,3,12,4
23,田端新町１,明治通り×尾久橋通り,R4/11,滝野川,E 大関横町,17.上野,12時間計,0,12,165,115,292,30
23,田端新町１,明治通り×尾久橋通り,R4/11,滝野川,E 大関横町,18.田端駅,7,0,0,37,30,67,7
23,田端新町１,明治通り×尾久橋通り,R4/11,滝野川,E 大関横町,18.田端駅,8,1,3,55,34,93,10
23,田端新町１,明治通り×尾久橋通り,R4/11,滝野川,E 大関横町,18.田端駅,9,0,1,27,41,69,3
23,田端新町１,明治通り×尾久橋通り,R4/11,滝野川,E 大関横町,18.田端駅,10,2,1,21,26,50,3
23,田端新町１,明治通り×尾久橋通り,R4/11,滝野川,E 大関横町,18.田端駅,11,0,0,17,21,38,3
23,田端新町１,明治通り×尾久橋通り,R4/11,滝野川,E 大関横町,18.田端駅,12,1,0,19,21,41,4
23,田端新町１,明治通り×尾久橋通り,R4/11,滝野川,E 大関横町,18.田端駅,13,0,1,24,23,48,5
23,田端新町１,明治通り×尾久橋通り,R4/11,滝野川,E 大関横町,18.田端駅,14,0,1,25,18,44,2
23,田端新町１,明治通り×尾久橋通り,R4/11,滝野川,E 大関横町,18.田端駅,15,0,1,34,29,64,3
23,田端新町１,明治通り×尾久橋通り,R4/11,滝野川,E 大関横町,18.田端駅,16,0,0,37,19,56,3
23,田端新町１,明治通り×尾久橋通り,R4/11,滝野川,E 大関横町,18.田端駅,17,0,0,21,16,37,2
23,田端新町１,明治通り×尾久橋通り,R4/11,滝野川,E 大関横町,18.田端駅,18,0,0,31,15,46,11
23,田端新町１,明治通り×尾久橋通り,R4/11,滝野川,E 大関横町,18.田端駅,12時間計,4,8,348,293,653,56
23,田端新町１,明治通り×尾久橋通り,R4/11,滝野川,E 大関横町,19.王子,7,3,12,216,226,457,39
23,田端新町１,明治通り×尾久橋通り,R4/11,滝野川,E 大関横町,19.王子,8,5,13,209,210,437,22
23,田端新町１,明治通り×尾久橋通り,R4/11,滝野川,E 大関横町,19.王子,9,7,23,207,217,454,21
23,田端新町１,明治通り×尾久橋通り,R4/11,滝野川,E 大関横町,19.王子,10,3,17,213,240,473,29
23,田端新町１,明治通り×尾久橋通り,R4/11,滝野川,E 大関横町,19.王子,11,3,14,203,233,453,21
23,田端新町１,明治通り×尾久橋通り,R4/11,滝野川,E 大関横町,19.王子,12,3,13,203,233,452,30
23,田端新町１,明治通り×尾久橋通り,R4/11,滝野川,E 大関横町,19.王子,13,3,12,234,205,454,24
23,田端新町１,明治通り×尾久橋通り,R4/11,滝野川,E 大関横町,19.王子,14,4,7,231,235,477,41
23,田端新町１,明治通り×尾久橋通り,R4/11,滝野川,E 大関横町,19.王子,15,8,6,289,252,555,27
23,田端新町１,明治通り×尾久橋通り,R4/11,滝野川,E 大関横町,19.王子,16,9,4,320,238,571,49
23,田端新町１,明治通り×尾久橋通り,R4/11,滝野川,E 大関横町,19.王子,17,4,3,401,224,632,67
23,田端新町１,明治通り×尾久橋通り,R4/11,滝野川,E 大関横町,19.王子,18,4,5,410,207,626,55
23,田端新町１,明治通り×尾久橋通り,R4/11,滝野川,E 大関横町,19.王子,12時間計,56,129,3136,2720,6041,425
23,田端新町１,明治通り×尾久橋通り,R4/11,滝野川,E 大関横町,20.扇大橋,7,1,4,85,70,160,11
23,田端新町１,明治通り×尾久橋通り,R4/11,滝野川,E 大関横町,20.扇大橋,8,0,9,70,57,136,3
23,田端新町１,明治通り×尾久橋通り,R4/11,滝野川,E 大関横町,20.扇大橋,9,1,11,68,99,179,6
23,田端新町１,明治通り×尾久橋通り,R4/11,滝野川,E 大関横町,20.扇大橋,10,1,15,76,108,200,3
23,田端新町１,明治通り×尾久橋通り,R4/11,滝野川,E 大関横町,20.扇大橋,11,0,19,94,90,203,6
23,田端新町１,明治通り×尾久橋通り,R4/11,滝野川,E 大関横町,20.扇大橋,12,2,13,77,79,171,2
23,田端新町１,明治通り×尾久橋通り,R4/11,滝野川,E 大関横町,20.扇大橋,13,0,10,82,88,180,3
23,田端新町１,明治通り×尾久橋通り,R4/11,滝野川,E 大関横町,20.扇大橋,14,1,12,79,94,186,2
23,田端新町１,明治通り×尾久橋通り,R4/11,滝野川,E 大関横町,20.扇大橋,15,2,9,95,79,185,3
23,田端新町１,明治通り×尾久橋通り,R4/11,滝野川,E 大関横町,20.扇大橋,16,1,12,104,104,221,4
23,田端新町１,明治通り×尾久橋通り,R4/11,滝野川,E 大関横町,20.扇大橋,17,0,7,127,113,247,15
23,田端新町１,明治通り×尾久橋通り,R4/11,滝野川,E 大関横町,20.扇大橋,18,0,6,140,93,239,3
23,田端新町１,明治通り×尾久橋通り,R4/11,滝野川,E 大関横町,20.扇大橋,12時間計,9,127,1097,1074,2307,61
23,田端新町１,明治通り×尾久橋通り,R4/11,滝野川,E 大関横町,流入計,7,4,16,351,336,707,60
23,田端新町１,明治通り×尾久橋通り,R4/11,滝野川,E 大関横町,流入計,8,6,27,345,311,689,37
23,田端新町１,明治通り×尾久橋通り,R4/11,滝野川,E 大関横町,流入計,9,8,38,311,367,724,31
23,田端新町１,明治通り×尾久橋通り,R4/11,滝野川,E 大関横町,流入計,10,6,34,321,391,752,37
23,田端新町１,明治通り×尾久橋通り,R4/11,滝野川,E 大関横町,流入計,11,3,33,327,351,714,35
23,田端新町１,明治通り×尾久橋通り,R4/11,滝野川,E 大関横町,流入計,12,6,26,309,348,689,37
23,田端新町１,明治通り×尾久橋通り,R4/11,滝野川,E 大関横町,流入計,13,3,25,354,327,709,34
23,田端新町１,明治通り×尾久橋通り,R4/11,滝野川,E 大関横町,流入計,14,5,22,354,356,737,47
23,田端新町１,明治通り×尾久橋通り,R4/11,滝野川,E 大関横町,流入計,15,10,17,433,366,826,35
23,田端新町１,明治通り×尾久橋通り,R4/11,滝野川,E 大関横町,流入計,16,10,16,487,374,887,60
23,田端新町１,明治通り×尾久橋通り,R4/11,滝野川,E 大関横町,流入計,17,4,10,565,357,936,86
23,田端新町１,明治通り×尾久橋通り,R4/11,滝野川,E 大関横町,流入計,18,4,12,589,318,923,73
23,田端新町１,明治通り×尾久橋通り,R4/11,滝野川,E 大関横町,流入計,12時間計,69,276,4746,4202,9293,572
