﻿地点番号,地点名,交差道路名,調査年月,管轄警察署,流入方向,流出方向,時間帯等,車道通行自転車,歩道通行自転車,自転車計
23,田端新町１,明治通り×尾久橋通り,R4/11,滝野川,A 扇大橋,1大関横町,7,0,-,-
23,田端新町１,明治通り×尾久橋通り,R4/11,滝野川,A 扇大橋,1大関横町,8,1,-,-
23,田端新町１,明治通り×尾久橋通り,R4/11,滝野川,A 扇大橋,1大関横町,9,0,-,-
23,田端新町１,明治通り×尾久橋通り,R4/11,滝野川,A 扇大橋,1大関横町,10,0,-,-
23,田端新町１,明治通り×尾久橋通り,R4/11,滝野川,A 扇大橋,1大関横町,11,2,-,-
23,田端新町１,明治通り×尾久橋通り,R4/11,滝野川,A 扇大橋,1大関横町,12,1,-,-
23,田端新町１,明治通り×尾久橋通り,R4/11,滝野川,A 扇大橋,1大関横町,13,0,-,-
23,田端新町１,明治通り×尾久橋通り,R4/11,滝野川,A 扇大橋,1大関横町,14,1,-,-
23,田端新町１,明治通り×尾久橋通り,R4/11,滝野川,A 扇大橋,1大関横町,15,1,-,-
23,田端新町１,明治通り×尾久橋通り,R4/11,滝野川,A 扇大橋,1大関横町,16,2,-,-
23,田端新町１,明治通り×尾久橋通り,R4/11,滝野川,A 扇大橋,1大関横町,17,5,-,-
23,田端新町１,明治通り×尾久橋通り,R4/11,滝野川,A 扇大橋,1大関横町,18,8,-,-
23,田端新町１,明治通り×尾久橋通り,R4/11,滝野川,A 扇大橋,1大関横町,12時間計,21,-,-
23,田端新町１,明治通り×尾久橋通り,R4/11,滝野川,A 扇大橋,2上野,7,15,-,-
23,田端新町１,明治通り×尾久橋通り,R4/11,滝野川,A 扇大橋,2上野,8,37,-,-
23,田端新町１,明治通り×尾久橋通り,R4/11,滝野川,A 扇大橋,2上野,9,17,-,-
23,田端新町１,明治通り×尾久橋通り,R4/11,滝野川,A 扇大橋,2上野,10,8,-,-
23,田端新町１,明治通り×尾久橋通り,R4/11,滝野川,A 扇大橋,2上野,11,6,-,-
23,田端新町１,明治通り×尾久橋通り,R4/11,滝野川,A 扇大橋,2上野,12,11,-,-
23,田端新町１,明治通り×尾久橋通り,R4/11,滝野川,A 扇大橋,2上野,13,3,-,-
23,田端新町１,明治通り×尾久橋通り,R4/11,滝野川,A 扇大橋,2上野,14,10,-,-
23,田端新町１,明治通り×尾久橋通り,R4/11,滝野川,A 扇大橋,2上野,15,3,-,-
23,田端新町１,明治通り×尾久橋通り,R4/11,滝野川,A 扇大橋,2上野,16,8,-,-
23,田端新町１,明治通り×尾久橋通り,R4/11,滝野川,A 扇大橋,2上野,17,8,-,-
23,田端新町１,明治通り×尾久橋通り,R4/11,滝野川,A 扇大橋,2上野,18,8,-,-
23,田端新町１,明治通り×尾久橋通り,R4/11,滝野川,A 扇大橋,2上野,12時間計,134,-,-
23,田端新町１,明治通り×尾久橋通り,R4/11,滝野川,A 扇大橋,3田端駅,7,0,-,-
23,田端新町１,明治通り×尾久橋通り,R4/11,滝野川,A 扇大橋,3田端駅,8,0,-,-
23,田端新町１,明治通り×尾久橋通り,R4/11,滝野川,A 扇大橋,3田端駅,9,0,-,-
23,田端新町１,明治通り×尾久橋通り,R4/11,滝野川,A 扇大橋,3田端駅,10,0,-,-
23,田端新町１,明治通り×尾久橋通り,R4/11,滝野川,A 扇大橋,3田端駅,11,0,-,-
23,田端新町１,明治通り×尾久橋通り,R4/11,滝野川,A 扇大橋,3田端駅,12,0,-,-
23,田端新町１,明治通り×尾久橋通り,R4/11,滝野川,A 扇大橋,3田端駅,13,0,-,-
23,田端新町１,明治通り×尾久橋通り,R4/11,滝野川,A 扇大橋,3田端駅,14,0,-,-
23,田端新町１,明治通り×尾久橋通り,R4/11,滝野川,A 扇大橋,3田端駅,15,0,-,-
23,田端新町１,明治通り×尾久橋通り,R4/11,滝野川,A 扇大橋,3田端駅,16,0,-,-
23,田端新町１,明治通り×尾久橋通り,R4/11,滝野川,A 扇大橋,3田端駅,17,0,-,-
23,田端新町１,明治通り×尾久橋通り,R4/11,滝野川,A 扇大橋,3田端駅,18,1,-,-
23,田端新町１,明治通り×尾久橋通り,R4/11,滝野川,A 扇大橋,3田端駅,12時間計,1,-,-
23,田端新町１,明治通り×尾久橋通り,R4/11,滝野川,A 扇大橋,4王子,7,0,-,-
23,田端新町１,明治通り×尾久橋通り,R4/11,滝野川,A 扇大橋,4王子,8,0,-,-
23,田端新町１,明治通り×尾久橋通り,R4/11,滝野川,A 扇大橋,4王子,9,0,-,-
23,田端新町１,明治通り×尾久橋通り,R4/11,滝野川,A 扇大橋,4王子,10,0,-,-
23,田端新町１,明治通り×尾久橋通り,R4/11,滝野川,A 扇大橋,4王子,11,0,-,-
23,田端新町１,明治通り×尾久橋通り,R4/11,滝野川,A 扇大橋,4王子,12,0,-,-
23,田端新町１,明治通り×尾久橋通り,R4/11,滝野川,A 扇大橋,4王子,13,0,-,-
23,田端新町１,明治通り×尾久橋通り,R4/11,滝野川,A 扇大橋,4王子,14,0,-,-
23,田端新町１,明治通り×尾久橋通り,R4/11,滝野川,A 扇大橋,4王子,15,0,-,-
23,田端新町１,明治通り×尾久橋通り,R4/11,滝野川,A 扇大橋,4王子,16,0,-,-
23,田端新町１,明治通り×尾久橋通り,R4/11,滝野川,A 扇大橋,4王子,17,0,-,-
23,田端新町１,明治通り×尾久橋通り,R4/11,滝野川,A 扇大橋,4王子,18,0,-,-
23,田端新町１,明治通り×尾久橋通り,R4/11,滝野川,A 扇大橋,4王子,12時間計,0,-,-
23,田端新町１,明治通り×尾久橋通り,R4/11,滝野川,A 扇大橋,流入計,7,15,240,255
23,田端新町１,明治通り×尾久橋通り,R4/11,滝野川,A 扇大橋,流入計,8,38,377,415
23,田端新町１,明治通り×尾久橋通り,R4/11,滝野川,A 扇大橋,流入計,9,17,148,165
23,田端新町１,明治通り×尾久橋通り,R4/11,滝野川,A 扇大橋,流入計,10,8,113,121
23,田端新町１,明治通り×尾久橋通り,R4/11,滝野川,A 扇大橋,流入計,11,8,105,113
23,田端新町１,明治通り×尾久橋通り,R4/11,滝野川,A 扇大橋,流入計,12,12,68,80
23,田端新町１,明治通り×尾久橋通り,R4/11,滝野川,A 扇大橋,流入計,13,3,93,96
23,田端新町１,明治通り×尾久橋通り,R4/11,滝野川,A 扇大橋,流入計,14,11,99,110
23,田端新町１,明治通り×尾久橋通り,R4/11,滝野川,A 扇大橋,流入計,15,4,70,74
23,田端新町１,明治通り×尾久橋通り,R4/11,滝野川,A 扇大橋,流入計,16,10,90,100
23,田端新町１,明治通り×尾久橋通り,R4/11,滝野川,A 扇大橋,流入計,17,13,89,102
23,田端新町１,明治通り×尾久橋通り,R4/11,滝野川,A 扇大橋,流入計,18,17,55,72
23,田端新町１,明治通り×尾久橋通り,R4/11,滝野川,A 扇大橋,流入計,12時間計,156,1547,1703
23,田端新町１,明治通り×尾久橋通り,R4/11,滝野川,B 王子,5扇大橋,7,0,-,-
23,田端新町１,明治通り×尾久橋通り,R4/11,滝野川,B 王子,5扇大橋,8,0,-,-
23,田端新町１,明治通り×尾久橋通り,R4/11,滝野川,B 王子,5扇大橋,9,0,-,-
23,田端新町１,明治通り×尾久橋通り,R4/11,滝野川,B 王子,5扇大橋,10,0,-,-
23,田端新町１,明治通り×尾久橋通り,R4/11,滝野川,B 王子,5扇大橋,11,0,-,-
23,田端新町１,明治通り×尾久橋通り,R4/11,滝野川,B 王子,5扇大橋,12,0,-,-
23,田端新町１,明治通り×尾久橋通り,R4/11,滝野川,B 王子,5扇大橋,13,0,-,-
23,田端新町１,明治通り×尾久橋通り,R4/11,滝野川,B 王子,5扇大橋,14,0,-,-
23,田端新町１,明治通り×尾久橋通り,R4/11,滝野川,B 王子,5扇大橋,15,0,-,-
23,田端新町１,明治通り×尾久橋通り,R4/11,滝野川,B 王子,5扇大橋,16,0,-,-
23,田端新町１,明治通り×尾久橋通り,R4/11,滝野川,B 王子,5扇大橋,17,0,-,-
23,田端新町１,明治通り×尾久橋通り,R4/11,滝野川,B 王子,5扇大橋,18,0,-,-
23,田端新町１,明治通り×尾久橋通り,R4/11,滝野川,B 王子,5扇大橋,12時間計,0,-,-
23,田端新町１,明治通り×尾久橋通り,R4/11,滝野川,B 王子,6大関横町,7,9,-,-
23,田端新町１,明治通り×尾久橋通り,R4/11,滝野川,B 王子,6大関横町,8,7,-,-
23,田端新町１,明治通り×尾久橋通り,R4/11,滝野川,B 王子,6大関横町,9,6,-,-
23,田端新町１,明治通り×尾久橋通り,R4/11,滝野川,B 王子,6大関横町,10,1,-,-
23,田端新町１,明治通り×尾久橋通り,R4/11,滝野川,B 王子,6大関横町,11,0,-,-
23,田端新町１,明治通り×尾久橋通り,R4/11,滝野川,B 王子,6大関横町,12,0,-,-
23,田端新町１,明治通り×尾久橋通り,R4/11,滝野川,B 王子,6大関横町,13,3,-,-
23,田端新町１,明治通り×尾久橋通り,R4/11,滝野川,B 王子,6大関横町,14,2,-,-
23,田端新町１,明治通り×尾久橋通り,R4/11,滝野川,B 王子,6大関横町,15,8,-,-
23,田端新町１,明治通り×尾久橋通り,R4/11,滝野川,B 王子,6大関横町,16,5,-,-
23,田端新町１,明治通り×尾久橋通り,R4/11,滝野川,B 王子,6大関横町,17,7,-,-
23,田端新町１,明治通り×尾久橋通り,R4/11,滝野川,B 王子,6大関横町,18,5,-,-
23,田端新町１,明治通り×尾久橋通り,R4/11,滝野川,B 王子,6大関横町,12時間計,53,-,-
23,田端新町１,明治通り×尾久橋通り,R4/11,滝野川,B 王子,7上野,7,0,-,-
23,田端新町１,明治通り×尾久橋通り,R4/11,滝野川,B 王子,7上野,8,0,-,-
23,田端新町１,明治通り×尾久橋通り,R4/11,滝野川,B 王子,7上野,9,0,-,-
23,田端新町１,明治通り×尾久橋通り,R4/11,滝野川,B 王子,7上野,10,0,-,-
23,田端新町１,明治通り×尾久橋通り,R4/11,滝野川,B 王子,7上野,11,0,-,-
23,田端新町１,明治通り×尾久橋通り,R4/11,滝野川,B 王子,7上野,12,0,-,-
23,田端新町１,明治通り×尾久橋通り,R4/11,滝野川,B 王子,7上野,13,1,-,-
23,田端新町１,明治通り×尾久橋通り,R4/11,滝野川,B 王子,7上野,14,0,-,-
23,田端新町１,明治通り×尾久橋通り,R4/11,滝野川,B 王子,7上野,15,0,-,-
23,田端新町１,明治通り×尾久橋通り,R4/11,滝野川,B 王子,7上野,16,1,-,-
23,田端新町１,明治通り×尾久橋通り,R4/11,滝野川,B 王子,7上野,17,0,-,-
23,田端新町１,明治通り×尾久橋通り,R4/11,滝野川,B 王子,7上野,18,0,-,-
23,田端新町１,明治通り×尾久橋通り,R4/11,滝野川,B 王子,7上野,12時間計,2,-,-
23,田端新町１,明治通り×尾久橋通り,R4/11,滝野川,B 王子,8田端駅,7,0,-,-
23,田端新町１,明治通り×尾久橋通り,R4/11,滝野川,B 王子,8田端駅,8,0,-,-
23,田端新町１,明治通り×尾久橋通り,R4/11,滝野川,B 王子,8田端駅,9,0,-,-
23,田端新町１,明治通り×尾久橋通り,R4/11,滝野川,B 王子,8田端駅,10,0,-,-
23,田端新町１,明治通り×尾久橋通り,R4/11,滝野川,B 王子,8田端駅,11,0,-,-
23,田端新町１,明治通り×尾久橋通り,R4/11,滝野川,B 王子,8田端駅,12,0,-,-
23,田端新町１,明治通り×尾久橋通り,R4/11,滝野川,B 王子,8田端駅,13,0,-,-
23,田端新町１,明治通り×尾久橋通り,R4/11,滝野川,B 王子,8田端駅,14,0,-,-
23,田端新町１,明治通り×尾久橋通り,R4/11,滝野川,B 王子,8田端駅,15,0,-,-
23,田端新町１,明治通り×尾久橋通り,R4/11,滝野川,B 王子,8田端駅,16,0,-,-
23,田端新町１,明治通り×尾久橋通り,R4/11,滝野川,B 王子,8田端駅,17,0,-,-
23,田端新町１,明治通り×尾久橋通り,R4/11,滝野川,B 王子,8田端駅,18,0,-,-
23,田端新町１,明治通り×尾久橋通り,R4/11,滝野川,B 王子,8田端駅,12時間計,0,-,-
23,田端新町１,明治通り×尾久橋通り,R4/11,滝野川,B 王子,流入計,7,9,39,48
23,田端新町１,明治通り×尾久橋通り,R4/11,滝野川,B 王子,流入計,8,7,41,48
23,田端新町１,明治通り×尾久橋通り,R4/11,滝野川,B 王子,流入計,9,6,47,53
23,田端新町１,明治通り×尾久橋通り,R4/11,滝野川,B 王子,流入計,10,1,63,64
23,田端新町１,明治通り×尾久橋通り,R4/11,滝野川,B 王子,流入計,11,0,46,46
23,田端新町１,明治通り×尾久橋通り,R4/11,滝野川,B 王子,流入計,12,0,36,36
23,田端新町１,明治通り×尾久橋通り,R4/11,滝野川,B 王子,流入計,13,4,19,23
23,田端新町１,明治通り×尾久橋通り,R4/11,滝野川,B 王子,流入計,14,2,22,24
23,田端新町１,明治通り×尾久橋通り,R4/11,滝野川,B 王子,流入計,15,8,43,51
23,田端新町１,明治通り×尾久橋通り,R4/11,滝野川,B 王子,流入計,16,6,58,64
23,田端新町１,明治通り×尾久橋通り,R4/11,滝野川,B 王子,流入計,17,7,59,66
23,田端新町１,明治通り×尾久橋通り,R4/11,滝野川,B 王子,流入計,18,5,23,28
23,田端新町１,明治通り×尾久橋通り,R4/11,滝野川,B 王子,流入計,12時間計,55,496,551
23,田端新町１,明治通り×尾久橋通り,R4/11,滝野川,C 田端駅,9王子,7,0,-,-
23,田端新町１,明治通り×尾久橋通り,R4/11,滝野川,C 田端駅,9王子,8,0,-,-
23,田端新町１,明治通り×尾久橋通り,R4/11,滝野川,C 田端駅,9王子,9,0,-,-
23,田端新町１,明治通り×尾久橋通り,R4/11,滝野川,C 田端駅,9王子,10,0,-,-
23,田端新町１,明治通り×尾久橋通り,R4/11,滝野川,C 田端駅,9王子,11,0,-,-
23,田端新町１,明治通り×尾久橋通り,R4/11,滝野川,C 田端駅,9王子,12,0,-,-
23,田端新町１,明治通り×尾久橋通り,R4/11,滝野川,C 田端駅,9王子,13,0,-,-
23,田端新町１,明治通り×尾久橋通り,R4/11,滝野川,C 田端駅,9王子,14,0,-,-
23,田端新町１,明治通り×尾久橋通り,R4/11,滝野川,C 田端駅,9王子,15,0,-,-
23,田端新町１,明治通り×尾久橋通り,R4/11,滝野川,C 田端駅,9王子,16,0,-,-
23,田端新町１,明治通り×尾久橋通り,R4/11,滝野川,C 田端駅,9王子,17,0,-,-
23,田端新町１,明治通り×尾久橋通り,R4/11,滝野川,C 田端駅,9王子,18,0,-,-
23,田端新町１,明治通り×尾久橋通り,R4/11,滝野川,C 田端駅,9王子,12時間計,0,-,-
23,田端新町１,明治通り×尾久橋通り,R4/11,滝野川,C 田端駅,10扇大橋,7,0,-,-
23,田端新町１,明治通り×尾久橋通り,R4/11,滝野川,C 田端駅,10扇大橋,8,1,-,-
23,田端新町１,明治通り×尾久橋通り,R4/11,滝野川,C 田端駅,10扇大橋,9,0,-,-
23,田端新町１,明治通り×尾久橋通り,R4/11,滝野川,C 田端駅,10扇大橋,10,0,-,-
23,田端新町１,明治通り×尾久橋通り,R4/11,滝野川,C 田端駅,10扇大橋,11,0,-,-
23,田端新町１,明治通り×尾久橋通り,R4/11,滝野川,C 田端駅,10扇大橋,12,0,-,-
23,田端新町１,明治通り×尾久橋通り,R4/11,滝野川,C 田端駅,10扇大橋,13,0,-,-
23,田端新町１,明治通り×尾久橋通り,R4/11,滝野川,C 田端駅,10扇大橋,14,0,-,-
23,田端新町１,明治通り×尾久橋通り,R4/11,滝野川,C 田端駅,10扇大橋,15,0,-,-
23,田端新町１,明治通り×尾久橋通り,R4/11,滝野川,C 田端駅,10扇大橋,16,0,-,-
23,田端新町１,明治通り×尾久橋通り,R4/11,滝野川,C 田端駅,10扇大橋,17,0,-,-
23,田端新町１,明治通り×尾久橋通り,R4/11,滝野川,C 田端駅,10扇大橋,18,0,-,-
23,田端新町１,明治通り×尾久橋通り,R4/11,滝野川,C 田端駅,10扇大橋,12時間計,1,-,-
23,田端新町１,明治通り×尾久橋通り,R4/11,滝野川,C 田端駅,11大関横町,7,1,-,-
23,田端新町１,明治通り×尾久橋通り,R4/11,滝野川,C 田端駅,11大関横町,8,0,-,-
23,田端新町１,明治通り×尾久橋通り,R4/11,滝野川,C 田端駅,11大関横町,9,0,-,-
23,田端新町１,明治通り×尾久橋通り,R4/11,滝野川,C 田端駅,11大関横町,10,0,-,-
23,田端新町１,明治通り×尾久橋通り,R4/11,滝野川,C 田端駅,11大関横町,11,0,-,-
23,田端新町１,明治通り×尾久橋通り,R4/11,滝野川,C 田端駅,11大関横町,12,0,-,-
23,田端新町１,明治通り×尾久橋通り,R4/11,滝野川,C 田端駅,11大関横町,13,0,-,-
23,田端新町１,明治通り×尾久橋通り,R4/11,滝野川,C 田端駅,11大関横町,14,0,-,-
23,田端新町１,明治通り×尾久橋通り,R4/11,滝野川,C 田端駅,11大関横町,15,1,-,-
23,田端新町１,明治通り×尾久橋通り,R4/11,滝野川,C 田端駅,11大関横町,16,1,-,-
23,田端新町１,明治通り×尾久橋通り,R4/11,滝野川,C 田端駅,11大関横町,17,2,-,-
23,田端新町１,明治通り×尾久橋通り,R4/11,滝野川,C 田端駅,11大関横町,18,0,-,-
23,田端新町１,明治通り×尾久橋通り,R4/11,滝野川,C 田端駅,11大関横町,12時間計,5,-,-
23,田端新町１,明治通り×尾久橋通り,R4/11,滝野川,C 田端駅,12上野,7,0,-,-
23,田端新町１,明治通り×尾久橋通り,R4/11,滝野川,C 田端駅,12上野,8,0,-,-
23,田端新町１,明治通り×尾久橋通り,R4/11,滝野川,C 田端駅,12上野,9,0,-,-
23,田端新町１,明治通り×尾久橋通り,R4/11,滝野川,C 田端駅,12上野,10,0,-,-
23,田端新町１,明治通り×尾久橋通り,R4/11,滝野川,C 田端駅,12上野,11,0,-,-
23,田端新町１,明治通り×尾久橋通り,R4/11,滝野川,C 田端駅,12上野,12,0,-,-
23,田端新町１,明治通り×尾久橋通り,R4/11,滝野川,C 田端駅,12上野,13,0,-,-
23,田端新町１,明治通り×尾久橋通り,R4/11,滝野川,C 田端駅,12上野,14,0,-,-
23,田端新町１,明治通り×尾久橋通り,R4/11,滝野川,C 田端駅,12上野,15,0,-,-
23,田端新町１,明治通り×尾久橋通り,R4/11,滝野川,C 田端駅,12上野,16,0,-,-
23,田端新町１,明治通り×尾久橋通り,R4/11,滝野川,C 田端駅,12上野,17,0,-,-
23,田端新町１,明治通り×尾久橋通り,R4/11,滝野川,C 田端駅,12上野,18,0,-,-
23,田端新町１,明治通り×尾久橋通り,R4/11,滝野川,C 田端駅,12上野,12時間計,0,-,-
23,田端新町１,明治通り×尾久橋通り,R4/11,滝野川,C 田端駅,流入計,7,1,18,19
23,田端新町１,明治通り×尾久橋通り,R4/11,滝野川,C 田端駅,流入計,8,1,29,30
23,田端新町１,明治通り×尾久橋通り,R4/11,滝野川,C 田端駅,流入計,9,0,26,26
23,田端新町１,明治通り×尾久橋通り,R4/11,滝野川,C 田端駅,流入計,10,0,29,29
23,田端新町１,明治通り×尾久橋通り,R4/11,滝野川,C 田端駅,流入計,11,0,17,17
23,田端新町１,明治通り×尾久橋通り,R4/11,滝野川,C 田端駅,流入計,12,0,29,29
23,田端新町１,明治通り×尾久橋通り,R4/11,滝野川,C 田端駅,流入計,13,0,21,21
23,田端新町１,明治通り×尾久橋通り,R4/11,滝野川,C 田端駅,流入計,14,0,34,34
23,田端新町１,明治通り×尾久橋通り,R4/11,滝野川,C 田端駅,流入計,15,1,47,48
23,田端新町１,明治通り×尾久橋通り,R4/11,滝野川,C 田端駅,流入計,16,1,54,55
23,田端新町１,明治通り×尾久橋通り,R4/11,滝野川,C 田端駅,流入計,17,2,85,87
23,田端新町１,明治通り×尾久橋通り,R4/11,滝野川,C 田端駅,流入計,18,0,63,63
23,田端新町１,明治通り×尾久橋通り,R4/11,滝野川,C 田端駅,流入計,12時間計,6,452,458
23,田端新町１,明治通り×尾久橋通り,R4/11,滝野川,D 上野,13田端駅,7,0,-,-
23,田端新町１,明治通り×尾久橋通り,R4/11,滝野川,D 上野,13田端駅,8,0,-,-
23,田端新町１,明治通り×尾久橋通り,R4/11,滝野川,D 上野,13田端駅,9,0,-,-
23,田端新町１,明治通り×尾久橋通り,R4/11,滝野川,D 上野,13田端駅,10,0,-,-
23,田端新町１,明治通り×尾久橋通り,R4/11,滝野川,D 上野,13田端駅,11,1,-,-
23,田端新町１,明治通り×尾久橋通り,R4/11,滝野川,D 上野,13田端駅,12,0,-,-
23,田端新町１,明治通り×尾久橋通り,R4/11,滝野川,D 上野,13田端駅,13,0,-,-
23,田端新町１,明治通り×尾久橋通り,R4/11,滝野川,D 上野,13田端駅,14,0,-,-
23,田端新町１,明治通り×尾久橋通り,R4/11,滝野川,D 上野,13田端駅,15,0,-,-
23,田端新町１,明治通り×尾久橋通り,R4/11,滝野川,D 上野,13田端駅,16,0,-,-
23,田端新町１,明治通り×尾久橋通り,R4/11,滝野川,D 上野,13田端駅,17,0,-,-
23,田端新町１,明治通り×尾久橋通り,R4/11,滝野川,D 上野,13田端駅,18,0,-,-
23,田端新町１,明治通り×尾久橋通り,R4/11,滝野川,D 上野,13田端駅,12時間計,1,-,-
23,田端新町１,明治通り×尾久橋通り,R4/11,滝野川,D 上野,14王子,7,0,-,-
23,田端新町１,明治通り×尾久橋通り,R4/11,滝野川,D 上野,14王子,8,1,-,-
23,田端新町１,明治通り×尾久橋通り,R4/11,滝野川,D 上野,14王子,9,0,-,-
23,田端新町１,明治通り×尾久橋通り,R4/11,滝野川,D 上野,14王子,10,0,-,-
23,田端新町１,明治通り×尾久橋通り,R4/11,滝野川,D 上野,14王子,11,1,-,-
23,田端新町１,明治通り×尾久橋通り,R4/11,滝野川,D 上野,14王子,12,2,-,-
23,田端新町１,明治通り×尾久橋通り,R4/11,滝野川,D 上野,14王子,13,1,-,-
23,田端新町１,明治通り×尾久橋通り,R4/11,滝野川,D 上野,14王子,14,0,-,-
23,田端新町１,明治通り×尾久橋通り,R4/11,滝野川,D 上野,14王子,15,0,-,-
23,田端新町１,明治通り×尾久橋通り,R4/11,滝野川,D 上野,14王子,16,1,-,-
23,田端新町１,明治通り×尾久橋通り,R4/11,滝野川,D 上野,14王子,17,0,-,-
23,田端新町１,明治通り×尾久橋通り,R4/11,滝野川,D 上野,14王子,18,1,-,-
23,田端新町１,明治通り×尾久橋通り,R4/11,滝野川,D 上野,14王子,12時間計,7,-,-
23,田端新町１,明治通り×尾久橋通り,R4/11,滝野川,D 上野,15扇大橋,7,5,-,-
23,田端新町１,明治通り×尾久橋通り,R4/11,滝野川,D 上野,15扇大橋,8,5,-,-
23,田端新町１,明治通り×尾久橋通り,R4/11,滝野川,D 上野,15扇大橋,9,2,-,-
23,田端新町１,明治通り×尾久橋通り,R4/11,滝野川,D 上野,15扇大橋,10,1,-,-
23,田端新町１,明治通り×尾久橋通り,R4/11,滝野川,D 上野,15扇大橋,11,2,-,-
23,田端新町１,明治通り×尾久橋通り,R4/11,滝野川,D 上野,15扇大橋,12,3,-,-
23,田端新町１,明治通り×尾久橋通り,R4/11,滝野川,D 上野,15扇大橋,13,1,-,-
23,田端新町１,明治通り×尾久橋通り,R4/11,滝野川,D 上野,15扇大橋,14,1,-,-
23,田端新町１,明治通り×尾久橋通り,R4/11,滝野川,D 上野,15扇大橋,15,1,-,-
23,田端新町１,明治通り×尾久橋通り,R4/11,滝野川,D 上野,15扇大橋,16,5,-,-
23,田端新町１,明治通り×尾久橋通り,R4/11,滝野川,D 上野,15扇大橋,17,7,-,-
23,田端新町１,明治通り×尾久橋通り,R4/11,滝野川,D 上野,15扇大橋,18,10,-,-
23,田端新町１,明治通り×尾久橋通り,R4/11,滝野川,D 上野,15扇大橋,12時間計,43,-,-
23,田端新町１,明治通り×尾久橋通り,R4/11,滝野川,D 上野,16大関横町,7,0,-,-
23,田端新町１,明治通り×尾久橋通り,R4/11,滝野川,D 上野,16大関横町,8,0,-,-
23,田端新町１,明治通り×尾久橋通り,R4/11,滝野川,D 上野,16大関横町,9,0,-,-
23,田端新町１,明治通り×尾久橋通り,R4/11,滝野川,D 上野,16大関横町,10,0,-,-
23,田端新町１,明治通り×尾久橋通り,R4/11,滝野川,D 上野,16大関横町,11,0,-,-
23,田端新町１,明治通り×尾久橋通り,R4/11,滝野川,D 上野,16大関横町,12,0,-,-
23,田端新町１,明治通り×尾久橋通り,R4/11,滝野川,D 上野,16大関横町,13,0,-,-
23,田端新町１,明治通り×尾久橋通り,R4/11,滝野川,D 上野,16大関横町,14,0,-,-
23,田端新町１,明治通り×尾久橋通り,R4/11,滝野川,D 上野,16大関横町,15,0,-,-
23,田端新町１,明治通り×尾久橋通り,R4/11,滝野川,D 上野,16大関横町,16,0,-,-
23,田端新町１,明治通り×尾久橋通り,R4/11,滝野川,D 上野,16大関横町,17,0,-,-
23,田端新町１,明治通り×尾久橋通り,R4/11,滝野川,D 上野,16大関横町,18,0,-,-
23,田端新町１,明治通り×尾久橋通り,R4/11,滝野川,D 上野,16大関横町,12時間計,0,-,-
23,田端新町１,明治通り×尾久橋通り,R4/11,滝野川,D 上野,流入計,7,5,19,24
23,田端新町１,明治通り×尾久橋通り,R4/11,滝野川,D 上野,流入計,8,6,42,48
23,田端新町１,明治通り×尾久橋通り,R4/11,滝野川,D 上野,流入計,9,2,39,41
23,田端新町１,明治通り×尾久橋通り,R4/11,滝野川,D 上野,流入計,10,1,41,42
23,田端新町１,明治通り×尾久橋通り,R4/11,滝野川,D 上野,流入計,11,4,46,50
23,田端新町１,明治通り×尾久橋通り,R4/11,滝野川,D 上野,流入計,12,5,45,50
23,田端新町１,明治通り×尾久橋通り,R4/11,滝野川,D 上野,流入計,13,2,58,60
23,田端新町１,明治通り×尾久橋通り,R4/11,滝野川,D 上野,流入計,14,1,64,65
23,田端新町１,明治通り×尾久橋通り,R4/11,滝野川,D 上野,流入計,15,1,50,51
23,田端新町１,明治通り×尾久橋通り,R4/11,滝野川,D 上野,流入計,16,6,57,63
23,田端新町１,明治通り×尾久橋通り,R4/11,滝野川,D 上野,流入計,17,7,81,88
23,田端新町１,明治通り×尾久橋通り,R4/11,滝野川,D 上野,流入計,18,11,131,142
23,田端新町１,明治通り×尾久橋通り,R4/11,滝野川,D 上野,流入計,12時間計,51,673,724
23,田端新町１,明治通り×尾久橋通り,R4/11,滝野川,E 大関横町,17上野,7,0,-,-
23,田端新町１,明治通り×尾久橋通り,R4/11,滝野川,E 大関横町,17上野,8,0,-,-
23,田端新町１,明治通り×尾久橋通り,R4/11,滝野川,E 大関横町,17上野,9,0,-,-
23,田端新町１,明治通り×尾久橋通り,R4/11,滝野川,E 大関横町,17上野,10,0,-,-
23,田端新町１,明治通り×尾久橋通り,R4/11,滝野川,E 大関横町,17上野,11,0,-,-
23,田端新町１,明治通り×尾久橋通り,R4/11,滝野川,E 大関横町,17上野,12,1,-,-
23,田端新町１,明治通り×尾久橋通り,R4/11,滝野川,E 大関横町,17上野,13,1,-,-
23,田端新町１,明治通り×尾久橋通り,R4/11,滝野川,E 大関横町,17上野,14,0,-,-
23,田端新町１,明治通り×尾久橋通り,R4/11,滝野川,E 大関横町,17上野,15,0,-,-
23,田端新町１,明治通り×尾久橋通り,R4/11,滝野川,E 大関横町,17上野,16,0,-,-
23,田端新町１,明治通り×尾久橋通り,R4/11,滝野川,E 大関横町,17上野,17,0,-,-
23,田端新町１,明治通り×尾久橋通り,R4/11,滝野川,E 大関横町,17上野,18,0,-,-
23,田端新町１,明治通り×尾久橋通り,R4/11,滝野川,E 大関横町,17上野,12時間計,2,-,-
23,田端新町１,明治通り×尾久橋通り,R4/11,滝野川,E 大関横町,18田端駅,7,6,-,-
23,田端新町１,明治通り×尾久橋通り,R4/11,滝野川,E 大関横町,18田端駅,8,4,-,-
23,田端新町１,明治通り×尾久橋通り,R4/11,滝野川,E 大関横町,18田端駅,9,3,-,-
23,田端新町１,明治通り×尾久橋通り,R4/11,滝野川,E 大関横町,18田端駅,10,0,-,-
23,田端新町１,明治通り×尾久橋通り,R4/11,滝野川,E 大関横町,18田端駅,11,0,-,-
23,田端新町１,明治通り×尾久橋通り,R4/11,滝野川,E 大関横町,18田端駅,12,2,-,-
23,田端新町１,明治通り×尾久橋通り,R4/11,滝野川,E 大関横町,18田端駅,13,0,-,-
23,田端新町１,明治通り×尾久橋通り,R4/11,滝野川,E 大関横町,18田端駅,14,3,-,-
23,田端新町１,明治通り×尾久橋通り,R4/11,滝野川,E 大関横町,18田端駅,15,0,-,-
23,田端新町１,明治通り×尾久橋通り,R4/11,滝野川,E 大関横町,18田端駅,16,0,-,-
23,田端新町１,明治通り×尾久橋通り,R4/11,滝野川,E 大関横町,18田端駅,17,1,-,-
23,田端新町１,明治通り×尾久橋通り,R4/11,滝野川,E 大関横町,18田端駅,18,0,-,-
23,田端新町１,明治通り×尾久橋通り,R4/11,滝野川,E 大関横町,18田端駅,12時間計,19,-,-
23,田端新町１,明治通り×尾久橋通り,R4/11,滝野川,E 大関横町,19王子,7,4,-,-
23,田端新町１,明治通り×尾久橋通り,R4/11,滝野川,E 大関横町,19王子,8,14,-,-
23,田端新町１,明治通り×尾久橋通り,R4/11,滝野川,E 大関横町,19王子,9,2,-,-
23,田端新町１,明治通り×尾久橋通り,R4/11,滝野川,E 大関横町,19王子,10,0,-,-
23,田端新町１,明治通り×尾久橋通り,R4/11,滝野川,E 大関横町,19王子,11,7,-,-
23,田端新町１,明治通り×尾久橋通り,R4/11,滝野川,E 大関横町,19王子,12,7,-,-
23,田端新町１,明治通り×尾久橋通り,R4/11,滝野川,E 大関横町,19王子,13,2,-,-
23,田端新町１,明治通り×尾久橋通り,R4/11,滝野川,E 大関横町,19王子,14,1,-,-
23,田端新町１,明治通り×尾久橋通り,R4/11,滝野川,E 大関横町,19王子,15,2,-,-
23,田端新町１,明治通り×尾久橋通り,R4/11,滝野川,E 大関横町,19王子,16,8,-,-
23,田端新町１,明治通り×尾久橋通り,R4/11,滝野川,E 大関横町,19王子,17,6,-,-
23,田端新町１,明治通り×尾久橋通り,R4/11,滝野川,E 大関横町,19王子,18,7,-,-
23,田端新町１,明治通り×尾久橋通り,R4/11,滝野川,E 大関横町,19王子,12時間計,60,-,-
23,田端新町１,明治通り×尾久橋通り,R4/11,滝野川,E 大関横町,20扇大橋,7,1,-,-
23,田端新町１,明治通り×尾久橋通り,R4/11,滝野川,E 大関横町,20扇大橋,8,0,-,-
23,田端新町１,明治通り×尾久橋通り,R4/11,滝野川,E 大関横町,20扇大橋,9,0,-,-
23,田端新町１,明治通り×尾久橋通り,R4/11,滝野川,E 大関横町,20扇大橋,10,0,-,-
23,田端新町１,明治通り×尾久橋通り,R4/11,滝野川,E 大関横町,20扇大橋,11,0,-,-
23,田端新町１,明治通り×尾久橋通り,R4/11,滝野川,E 大関横町,20扇大橋,12,0,-,-
23,田端新町１,明治通り×尾久橋通り,R4/11,滝野川,E 大関横町,20扇大橋,13,0,-,-
23,田端新町１,明治通り×尾久橋通り,R4/11,滝野川,E 大関横町,20扇大橋,14,0,-,-
23,田端新町１,明治通り×尾久橋通り,R4/11,滝野川,E 大関横町,20扇大橋,15,0,-,-
23,田端新町１,明治通り×尾久橋通り,R4/11,滝野川,E 大関横町,20扇大橋,16,0,-,-
23,田端新町１,明治通り×尾久橋通り,R4/11,滝野川,E 大関横町,20扇大橋,17,0,-,-
23,田端新町１,明治通り×尾久橋通り,R4/11,滝野川,E 大関横町,20扇大橋,18,0,-,-
23,田端新町１,明治通り×尾久橋通り,R4/11,滝野川,E 大関横町,20扇大橋,12時間計,1,-,-
23,田端新町１,明治通り×尾久橋通り,R4/11,滝野川,E 大関横町,流入計,7,11,57,68
23,田端新町１,明治通り×尾久橋通り,R4/11,滝野川,E 大関横町,流入計,8,18,99,117
23,田端新町１,明治通り×尾久橋通り,R4/11,滝野川,E 大関横町,流入計,9,5,68,73
23,田端新町１,明治通り×尾久橋通り,R4/11,滝野川,E 大関横町,流入計,10,0,63,63
23,田端新町１,明治通り×尾久橋通り,R4/11,滝野川,E 大関横町,流入計,11,7,92,99
23,田端新町１,明治通り×尾久橋通り,R4/11,滝野川,E 大関横町,流入計,12,10,82,92
23,田端新町１,明治通り×尾久橋通り,R4/11,滝野川,E 大関横町,流入計,13,3,86,89
23,田端新町１,明治通り×尾久橋通り,R4/11,滝野川,E 大関横町,流入計,14,4,90,94
23,田端新町１,明治通り×尾久橋通り,R4/11,滝野川,E 大関横町,流入計,15,2,77,79
23,田端新町１,明治通り×尾久橋通り,R4/11,滝野川,E 大関横町,流入計,16,8,119,127
23,田端新町１,明治通り×尾久橋通り,R4/11,滝野川,E 大関横町,流入計,17,7,133,140
23,田端新町１,明治通り×尾久橋通り,R4/11,滝野川,E 大関横町,流入計,18,7,125,132
23,田端新町１,明治通り×尾久橋通り,R4/11,滝野川,E 大関横町,流入計,12時間計,82,1091,1173
23,田端新町１,明治通り×尾久橋通り,R4/11,滝野川,全方向計,全方向計,7,41,373,414
23,田端新町１,明治通り×尾久橋通り,R4/11,滝野川,全方向計,全方向計,8,70,588,658
23,田端新町１,明治通り×尾久橋通り,R4/11,滝野川,全方向計,全方向計,9,30,328,358
23,田端新町１,明治通り×尾久橋通り,R4/11,滝野川,全方向計,全方向計,10,10,309,319
23,田端新町１,明治通り×尾久橋通り,R4/11,滝野川,全方向計,全方向計,11,19,306,325
23,田端新町１,明治通り×尾久橋通り,R4/11,滝野川,全方向計,全方向計,12,27,260,287
23,田端新町１,明治通り×尾久橋通り,R4/11,滝野川,全方向計,全方向計,13,12,277,289
23,田端新町１,明治通り×尾久橋通り,R4/11,滝野川,全方向計,全方向計,14,18,309,327
23,田端新町１,明治通り×尾久橋通り,R4/11,滝野川,全方向計,全方向計,15,16,287,303
23,田端新町１,明治通り×尾久橋通り,R4/11,滝野川,全方向計,全方向計,16,31,378,409
23,田端新町１,明治通り×尾久橋通り,R4/11,滝野川,全方向計,全方向計,17,36,447,483
23,田端新町１,明治通り×尾久橋通り,R4/11,滝野川,全方向計,全方向計,18,40,397,437
23,田端新町１,明治通り×尾久橋通り,R4/11,滝野川,全方向計,全方向計,12時間計,350,4259,4609
