﻿地点番号,地点名,交差道路名,調査年月,管轄警察署,流入方向,流出方向,時間帯等,大型乗用,大型貨物,普通乗用,普通貨物,四輪計,二輪車
86,左入町,東京環状×滝山街道,R4/10,八王子,A 拝島町,1.八王子ＢＰ,7,0,0,89,44,133,8
86,左入町,東京環状×滝山街道,R4/10,八王子,A 拝島町,1.八王子ＢＰ,8,3,3,116,46,168,8
86,左入町,東京環状×滝山街道,R4/10,八王子,A 拝島町,1.八王子ＢＰ,9,1,1,52,57,111,3
86,左入町,東京環状×滝山街道,R4/10,八王子,A 拝島町,1.八王子ＢＰ,10,3,2,46,54,105,1
86,左入町,東京環状×滝山街道,R4/10,八王子,A 拝島町,1.八王子ＢＰ,11,3,1,67,41,112,9
86,左入町,東京環状×滝山街道,R4/10,八王子,A 拝島町,1.八王子ＢＰ,12,0,1,62,37,100,0
86,左入町,東京環状×滝山街道,R4/10,八王子,A 拝島町,1.八王子ＢＰ,13,0,0,38,31,69,2
86,左入町,東京環状×滝山街道,R4/10,八王子,A 拝島町,1.八王子ＢＰ,14,0,4,49,43,96,3
86,左入町,東京環状×滝山街道,R4/10,八王子,A 拝島町,1.八王子ＢＰ,15,0,2,63,45,110,3
86,左入町,東京環状×滝山街道,R4/10,八王子,A 拝島町,1.八王子ＢＰ,16,1,1,49,54,105,5
86,左入町,東京環状×滝山街道,R4/10,八王子,A 拝島町,1.八王子ＢＰ,17,2,0,68,49,119,15
86,左入町,東京環状×滝山街道,R4/10,八王子,A 拝島町,1.八王子ＢＰ,18,0,0,92,23,115,7
86,左入町,東京環状×滝山街道,R4/10,八王子,A 拝島町,1.八王子ＢＰ,12時間計,13,15,791,524,1343,64
86,左入町,東京環状×滝山街道,R4/10,八王子,A 拝島町,2.八王子ＩＣ,7,5,111,558,322,996,25
86,左入町,東京環状×滝山街道,R4/10,八王子,A 拝島町,2.八王子ＩＣ,8,8,109,529,280,926,40
86,左入町,東京環状×滝山街道,R4/10,八王子,A 拝島町,2.八王子ＩＣ,9,1,108,385,342,836,15
86,左入町,東京環状×滝山街道,R4/10,八王子,A 拝島町,2.八王子ＩＣ,10,5,175,377,263,820,21
86,左入町,東京環状×滝山街道,R4/10,八王子,A 拝島町,2.八王子ＩＣ,11,7,154,464,270,895,24
86,左入町,東京環状×滝山街道,R4/10,八王子,A 拝島町,2.八王子ＩＣ,12,3,137,400,249,789,13
86,左入町,東京環状×滝山街道,R4/10,八王子,A 拝島町,2.八王子ＩＣ,13,3,134,441,254,832,15
86,左入町,東京環状×滝山街道,R4/10,八王子,A 拝島町,2.八王子ＩＣ,14,7,168,463,233,871,12
86,左入町,東京環状×滝山街道,R4/10,八王子,A 拝島町,2.八王子ＩＣ,15,5,114,400,233,752,15
86,左入町,東京環状×滝山街道,R4/10,八王子,A 拝島町,2.八王子ＩＣ,16,6,133,544,279,962,19
86,左入町,東京環状×滝山街道,R4/10,八王子,A 拝島町,2.八王子ＩＣ,17,14,107,639,342,1102,37
86,左入町,東京環状×滝山街道,R4/10,八王子,A 拝島町,2.八王子ＩＣ,18,32,74,591,296,993,25
86,左入町,東京環状×滝山街道,R4/10,八王子,A 拝島町,2.八王子ＩＣ,12時間計,96,1524,5791,3363,10774,261
86,左入町,東京環状×滝山街道,R4/10,八王子,A 拝島町,3.丹木３,7,1,4,58,22,85,3
86,左入町,東京環状×滝山街道,R4/10,八王子,A 拝島町,3.丹木３,8,2,3,102,33,140,3
86,左入町,東京環状×滝山街道,R4/10,八王子,A 拝島町,3.丹木３,9,2,1,38,35,76,2
86,左入町,東京環状×滝山街道,R4/10,八王子,A 拝島町,3.丹木３,10,0,1,42,32,75,3
86,左入町,東京環状×滝山街道,R4/10,八王子,A 拝島町,3.丹木３,11,0,7,42,20,69,2
86,左入町,東京環状×滝山街道,R4/10,八王子,A 拝島町,3.丹木３,12,0,6,35,22,63,2
86,左入町,東京環状×滝山街道,R4/10,八王子,A 拝島町,3.丹木３,13,1,5,44,27,77,0
86,左入町,東京環状×滝山街道,R4/10,八王子,A 拝島町,3.丹木３,14,0,4,50,24,78,1
86,左入町,東京環状×滝山街道,R4/10,八王子,A 拝島町,3.丹木３,15,0,3,47,27,77,0
86,左入町,東京環状×滝山街道,R4/10,八王子,A 拝島町,3.丹木３,16,1,0,55,28,84,1
86,左入町,東京環状×滝山街道,R4/10,八王子,A 拝島町,3.丹木３,17,0,2,60,38,100,2
86,左入町,東京環状×滝山街道,R4/10,八王子,A 拝島町,3.丹木３,18,1,1,65,25,92,5
86,左入町,東京環状×滝山街道,R4/10,八王子,A 拝島町,3.丹木３,12時間計,8,37,638,333,1016,24
86,左入町,東京環状×滝山街道,R4/10,八王子,A 拝島町,流入計,7,6,115,705,388,1214,36
86,左入町,東京環状×滝山街道,R4/10,八王子,A 拝島町,流入計,8,13,115,747,359,1234,51
86,左入町,東京環状×滝山街道,R4/10,八王子,A 拝島町,流入計,9,4,110,475,434,1023,20
86,左入町,東京環状×滝山街道,R4/10,八王子,A 拝島町,流入計,10,8,178,465,349,1000,25
86,左入町,東京環状×滝山街道,R4/10,八王子,A 拝島町,流入計,11,10,162,573,331,1076,35
86,左入町,東京環状×滝山街道,R4/10,八王子,A 拝島町,流入計,12,3,144,497,308,952,15
86,左入町,東京環状×滝山街道,R4/10,八王子,A 拝島町,流入計,13,4,139,523,312,978,17
86,左入町,東京環状×滝山街道,R4/10,八王子,A 拝島町,流入計,14,7,176,562,300,1045,16
86,左入町,東京環状×滝山街道,R4/10,八王子,A 拝島町,流入計,15,5,119,510,305,939,18
86,左入町,東京環状×滝山街道,R4/10,八王子,A 拝島町,流入計,16,8,134,648,361,1151,25
86,左入町,東京環状×滝山街道,R4/10,八王子,A 拝島町,流入計,17,16,109,767,429,1321,54
86,左入町,東京環状×滝山街道,R4/10,八王子,A 拝島町,流入計,18,33,75,748,344,1200,37
86,左入町,東京環状×滝山街道,R4/10,八王子,A 拝島町,流入計,12時間計,117,1576,7220,4220,13133,349
86,左入町,東京環状×滝山街道,R4/10,八王子,B 丹木３,4.拝島町,7,2,7,42,26,77,2
86,左入町,東京環状×滝山街道,R4/10,八王子,B 丹木３,4.拝島町,8,1,1,22,28,52,2
86,左入町,東京環状×滝山街道,R4/10,八王子,B 丹木３,4.拝島町,9,0,3,29,23,55,0
86,左入町,東京環状×滝山街道,R4/10,八王子,B 丹木３,4.拝島町,10,0,6,43,27,76,2
86,左入町,東京環状×滝山街道,R4/10,八王子,B 丹木３,4.拝島町,11,0,3,33,16,52,2
86,左入町,東京環状×滝山街道,R4/10,八王子,B 丹木３,4.拝島町,12,0,8,44,26,78,2
86,左入町,東京環状×滝山街道,R4/10,八王子,B 丹木３,4.拝島町,13,1,4,36,31,72,0
86,左入町,東京環状×滝山街道,R4/10,八王子,B 丹木３,4.拝島町,14,0,2,32,22,56,3
86,左入町,東京環状×滝山街道,R4/10,八王子,B 丹木３,4.拝島町,15,2,5,38,21,66,2
86,左入町,東京環状×滝山街道,R4/10,八王子,B 丹木３,4.拝島町,16,1,1,53,16,71,5
86,左入町,東京環状×滝山街道,R4/10,八王子,B 丹木３,4.拝島町,17,1,4,54,19,78,3
86,左入町,東京環状×滝山街道,R4/10,八王子,B 丹木３,4.拝島町,18,0,1,41,18,60,3
86,左入町,東京環状×滝山街道,R4/10,八王子,B 丹木３,4.拝島町,12時間計,8,45,467,273,793,26
86,左入町,東京環状×滝山街道,R4/10,八王子,B 丹木３,5.八王子ＢＰ,7,1,4,132,76,213,6
86,左入町,東京環状×滝山街道,R4/10,八王子,B 丹木３,5.八王子ＢＰ,8,3,9,158,30,200,8
86,左入町,東京環状×滝山街道,R4/10,八王子,B 丹木３,5.八王子ＢＰ,9,1,15,99,40,155,6
86,左入町,東京環状×滝山街道,R4/10,八王子,B 丹木３,5.八王子ＢＰ,10,1,6,86,48,141,3
86,左入町,東京環状×滝山街道,R4/10,八王子,B 丹木３,5.八王子ＢＰ,11,9,4,118,41,172,6
86,左入町,東京環状×滝山街道,R4/10,八王子,B 丹木３,5.八王子ＢＰ,12,0,4,103,57,164,6
86,左入町,東京環状×滝山街道,R4/10,八王子,B 丹木３,5.八王子ＢＰ,13,1,3,90,60,154,6
86,左入町,東京環状×滝山街道,R4/10,八王子,B 丹木３,5.八王子ＢＰ,14,2,4,88,39,133,4
86,左入町,東京環状×滝山街道,R4/10,八王子,B 丹木３,5.八王子ＢＰ,15,1,7,120,34,162,14
86,左入町,東京環状×滝山街道,R4/10,八王子,B 丹木３,5.八王子ＢＰ,16,2,0,112,59,173,13
86,左入町,東京環状×滝山街道,R4/10,八王子,B 丹木３,5.八王子ＢＰ,17,1,1,166,56,224,8
86,左入町,東京環状×滝山街道,R4/10,八王子,B 丹木３,5.八王子ＢＰ,18,1,2,179,35,217,16
86,左入町,東京環状×滝山街道,R4/10,八王子,B 丹木３,5.八王子ＢＰ,12時間計,23,59,1451,575,2108,96
86,左入町,東京環状×滝山街道,R4/10,八王子,B 丹木３,6.八王子ＩＣ,7,2,3,26,11,42,3
86,左入町,東京環状×滝山街道,R4/10,八王子,B 丹木３,6.八王子ＩＣ,8,2,3,32,5,42,1
86,左入町,東京環状×滝山街道,R4/10,八王子,B 丹木３,6.八王子ＩＣ,9,0,3,15,12,30,0
86,左入町,東京環状×滝山街道,R4/10,八王子,B 丹木３,6.八王子ＩＣ,10,1,3,25,17,46,1
86,左入町,東京環状×滝山街道,R4/10,八王子,B 丹木３,6.八王子ＩＣ,11,1,4,30,13,48,0
86,左入町,東京環状×滝山街道,R4/10,八王子,B 丹木３,6.八王子ＩＣ,12,2,8,26,7,43,1
86,左入町,東京環状×滝山街道,R4/10,八王子,B 丹木３,6.八王子ＩＣ,13,4,3,30,3,40,0
86,左入町,東京環状×滝山街道,R4/10,八王子,B 丹木３,6.八王子ＩＣ,14,1,2,25,9,37,1
86,左入町,東京環状×滝山街道,R4/10,八王子,B 丹木３,6.八王子ＩＣ,15,2,3,26,12,43,0
86,左入町,東京環状×滝山街道,R4/10,八王子,B 丹木３,6.八王子ＩＣ,16,1,1,29,11,42,3
86,左入町,東京環状×滝山街道,R4/10,八王子,B 丹木３,6.八王子ＩＣ,17,1,1,30,7,39,1
86,左入町,東京環状×滝山街道,R4/10,八王子,B 丹木３,6.八王子ＩＣ,18,1,0,21,7,29,4
86,左入町,東京環状×滝山街道,R4/10,八王子,B 丹木３,6.八王子ＩＣ,12時間計,18,34,315,114,481,15
86,左入町,東京環状×滝山街道,R4/10,八王子,B 丹木３,流入計,7,5,14,200,113,332,11
86,左入町,東京環状×滝山街道,R4/10,八王子,B 丹木３,流入計,8,6,13,212,63,294,11
86,左入町,東京環状×滝山街道,R4/10,八王子,B 丹木３,流入計,9,1,21,143,75,240,6
86,左入町,東京環状×滝山街道,R4/10,八王子,B 丹木３,流入計,10,2,15,154,92,263,6
86,左入町,東京環状×滝山街道,R4/10,八王子,B 丹木３,流入計,11,10,11,181,70,272,8
86,左入町,東京環状×滝山街道,R4/10,八王子,B 丹木３,流入計,12,2,20,173,90,285,9
86,左入町,東京環状×滝山街道,R4/10,八王子,B 丹木３,流入計,13,6,10,156,94,266,6
86,左入町,東京環状×滝山街道,R4/10,八王子,B 丹木３,流入計,14,3,8,145,70,226,8
86,左入町,東京環状×滝山街道,R4/10,八王子,B 丹木３,流入計,15,5,15,184,67,271,16
86,左入町,東京環状×滝山街道,R4/10,八王子,B 丹木３,流入計,16,4,2,194,86,286,21
86,左入町,東京環状×滝山街道,R4/10,八王子,B 丹木３,流入計,17,3,6,250,82,341,12
86,左入町,東京環状×滝山街道,R4/10,八王子,B 丹木３,流入計,18,2,3,241,60,306,23
86,左入町,東京環状×滝山街道,R4/10,八王子,B 丹木３,流入計,12時間計,49,138,2233,962,3382,137
86,左入町,東京環状×滝山街道,R4/10,八王子,C 八王子ＩＣ,7.丹木３,7,2,14,104,37,157,2
86,左入町,東京環状×滝山街道,R4/10,八王子,C 八王子ＩＣ,7.丹木３,8,5,5,103,45,158,5
86,左入町,東京環状×滝山街道,R4/10,八王子,C 八王子ＩＣ,7.丹木３,9,2,11,71,53,137,0
86,左入町,東京環状×滝山街道,R4/10,八王子,C 八王子ＩＣ,7.丹木３,10,2,10,50,43,105,1
86,左入町,東京環状×滝山街道,R4/10,八王子,C 八王子ＩＣ,7.丹木３,11,4,8,60,40,112,3
86,左入町,東京環状×滝山街道,R4/10,八王子,C 八王子ＩＣ,7.丹木３,12,0,4,52,28,84,0
86,左入町,東京環状×滝山街道,R4/10,八王子,C 八王子ＩＣ,7.丹木３,13,5,11,62,42,120,7
86,左入町,東京環状×滝山街道,R4/10,八王子,C 八王子ＩＣ,7.丹木３,14,5,8,53,40,106,2
86,左入町,東京環状×滝山街道,R4/10,八王子,C 八王子ＩＣ,7.丹木３,15,3,7,49,43,102,2
86,左入町,東京環状×滝山街道,R4/10,八王子,C 八王子ＩＣ,7.丹木３,16,1,3,55,39,98,4
86,左入町,東京環状×滝山街道,R4/10,八王子,C 八王子ＩＣ,7.丹木３,17,2,3,55,29,89,5
86,左入町,東京環状×滝山街道,R4/10,八王子,C 八王子ＩＣ,7.丹木３,18,2,2,73,15,92,2
86,左入町,東京環状×滝山街道,R4/10,八王子,C 八王子ＩＣ,7.丹木３,12時間計,33,86,787,454,1360,33
86,左入町,東京環状×滝山街道,R4/10,八王子,C 八王子ＩＣ,8.拝島町,7,22,133,761,254,1170,48
86,左入町,東京環状×滝山街道,R4/10,八王子,C 八王子ＩＣ,8.拝島町,8,7,158,669,278,1112,22
86,左入町,東京環状×滝山街道,R4/10,八王子,C 八王子ＩＣ,8.拝島町,9,4,192,614,403,1213,16
86,左入町,東京環状×滝山街道,R4/10,八王子,C 八王子ＩＣ,8.拝島町,10,2,233,596,387,1218,22
86,左入町,東京環状×滝山街道,R4/10,八王子,C 八王子ＩＣ,8.拝島町,11,1,230,442,464,1137,17
86,左入町,東京環状×滝山街道,R4/10,八王子,C 八王子ＩＣ,8.拝島町,12,3,200,528,455,1186,16
86,左入町,東京環状×滝山街道,R4/10,八王子,C 八王子ＩＣ,8.拝島町,13,15,213,465,358,1051,20
86,左入町,東京環状×滝山街道,R4/10,八王子,C 八王子ＩＣ,8.拝島町,14,10,228,428,325,991,14
86,左入町,東京環状×滝山街道,R4/10,八王子,C 八王子ＩＣ,8.拝島町,15,6,189,691,350,1236,23
86,左入町,東京環状×滝山街道,R4/10,八王子,C 八王子ＩＣ,8.拝島町,16,11,184,819,313,1327,23
86,左入町,東京環状×滝山街道,R4/10,八王子,C 八王子ＩＣ,8.拝島町,17,9,108,818,553,1488,37
86,左入町,東京環状×滝山街道,R4/10,八王子,C 八王子ＩＣ,8.拝島町,18,4,125,714,428,1271,31
86,左入町,東京環状×滝山街道,R4/10,八王子,C 八王子ＩＣ,8.拝島町,12時間計,94,2193,7545,4568,14400,289
86,左入町,東京環状×滝山街道,R4/10,八王子,C 八王子ＩＣ,9.八王子ＢＰ,7,0,0,58,16,74,4
86,左入町,東京環状×滝山街道,R4/10,八王子,C 八王子ＩＣ,9.八王子ＢＰ,8,1,2,85,14,102,2
86,左入町,東京環状×滝山街道,R4/10,八王子,C 八王子ＩＣ,9.八王子ＢＰ,9,0,3,45,11,59,1
86,左入町,東京環状×滝山街道,R4/10,八王子,C 八王子ＩＣ,9.八王子ＢＰ,10,0,0,43,6,49,1
86,左入町,東京環状×滝山街道,R4/10,八王子,C 八王子ＩＣ,9.八王子ＢＰ,11,0,0,59,11,70,2
86,左入町,東京環状×滝山街道,R4/10,八王子,C 八王子ＩＣ,9.八王子ＢＰ,12,0,0,34,9,43,5
86,左入町,東京環状×滝山街道,R4/10,八王子,C 八王子ＩＣ,9.八王子ＢＰ,13,0,0,49,18,67,0
86,左入町,東京環状×滝山街道,R4/10,八王子,C 八王子ＩＣ,9.八王子ＢＰ,14,0,0,46,13,59,3
86,左入町,東京環状×滝山街道,R4/10,八王子,C 八王子ＩＣ,9.八王子ＢＰ,15,0,0,58,18,76,5
86,左入町,東京環状×滝山街道,R4/10,八王子,C 八王子ＩＣ,9.八王子ＢＰ,16,0,0,56,19,75,3
86,左入町,東京環状×滝山街道,R4/10,八王子,C 八王子ＩＣ,9.八王子ＢＰ,17,1,2,84,21,108,4
86,左入町,東京環状×滝山街道,R4/10,八王子,C 八王子ＩＣ,9.八王子ＢＰ,18,0,0,62,28,90,8
86,左入町,東京環状×滝山街道,R4/10,八王子,C 八王子ＩＣ,9.八王子ＢＰ,12時間計,2,7,679,184,872,38
86,左入町,東京環状×滝山街道,R4/10,八王子,C 八王子ＩＣ,流入計,7,24,147,923,307,1401,54
86,左入町,東京環状×滝山街道,R4/10,八王子,C 八王子ＩＣ,流入計,8,13,165,857,337,1372,29
86,左入町,東京環状×滝山街道,R4/10,八王子,C 八王子ＩＣ,流入計,9,6,206,730,467,1409,17
86,左入町,東京環状×滝山街道,R4/10,八王子,C 八王子ＩＣ,流入計,10,4,243,689,436,1372,24
86,左入町,東京環状×滝山街道,R4/10,八王子,C 八王子ＩＣ,流入計,11,5,238,561,515,1319,22
86,左入町,東京環状×滝山街道,R4/10,八王子,C 八王子ＩＣ,流入計,12,3,204,614,492,1313,21
86,左入町,東京環状×滝山街道,R4/10,八王子,C 八王子ＩＣ,流入計,13,20,224,576,418,1238,27
86,左入町,東京環状×滝山街道,R4/10,八王子,C 八王子ＩＣ,流入計,14,15,236,527,378,1156,19
86,左入町,東京環状×滝山街道,R4/10,八王子,C 八王子ＩＣ,流入計,15,9,196,798,411,1414,30
86,左入町,東京環状×滝山街道,R4/10,八王子,C 八王子ＩＣ,流入計,16,12,187,930,371,1500,30
86,左入町,東京環状×滝山街道,R4/10,八王子,C 八王子ＩＣ,流入計,17,12,113,957,603,1685,46
86,左入町,東京環状×滝山街道,R4/10,八王子,C 八王子ＩＣ,流入計,18,6,127,849,471,1453,41
86,左入町,東京環状×滝山街道,R4/10,八王子,C 八王子ＩＣ,流入計,12時間計,129,2286,9011,5206,16632,360
86,左入町,東京環状×滝山街道,R4/10,八王子,D 八王子ＢＰ,10.八王子ＩＣ,7,1,0,51,8,60,2
86,左入町,東京環状×滝山街道,R4/10,八王子,D 八王子ＢＰ,10.八王子ＩＣ,8,2,0,77,10,89,0
86,左入町,東京環状×滝山街道,R4/10,八王子,D 八王子ＢＰ,10.八王子ＩＣ,9,3,0,55,22,80,4
86,左入町,東京環状×滝山街道,R4/10,八王子,D 八王子ＢＰ,10.八王子ＩＣ,10,0,0,59,24,83,4
86,左入町,東京環状×滝山街道,R4/10,八王子,D 八王子ＢＰ,10.八王子ＩＣ,11,1,2,48,17,68,2
86,左入町,東京環状×滝山街道,R4/10,八王子,D 八王子ＢＰ,10.八王子ＩＣ,12,0,2,47,19,68,1
86,左入町,東京環状×滝山街道,R4/10,八王子,D 八王子ＢＰ,10.八王子ＩＣ,13,0,0,48,20,68,0
86,左入町,東京環状×滝山街道,R4/10,八王子,D 八王子ＢＰ,10.八王子ＩＣ,14,0,1,44,24,69,1
86,左入町,東京環状×滝山街道,R4/10,八王子,D 八王子ＢＰ,10.八王子ＩＣ,15,0,0,60,14,74,2
86,左入町,東京環状×滝山街道,R4/10,八王子,D 八王子ＢＰ,10.八王子ＩＣ,16,1,0,63,17,81,0
86,左入町,東京環状×滝山街道,R4/10,八王子,D 八王子ＢＰ,10.八王子ＩＣ,17,0,0,70,21,91,4
86,左入町,東京環状×滝山街道,R4/10,八王子,D 八王子ＢＰ,10.八王子ＩＣ,18,0,0,55,21,76,5
86,左入町,東京環状×滝山街道,R4/10,八王子,D 八王子ＢＰ,10.八王子ＩＣ,12時間計,8,5,677,217,907,25
86,左入町,東京環状×滝山街道,R4/10,八王子,D 八王子ＢＰ,11.丹木３,7,0,2,135,38,175,16
86,左入町,東京環状×滝山街道,R4/10,八王子,D 八王子ＢＰ,11.丹木３,8,0,0,146,25,171,10
86,左入町,東京環状×滝山街道,R4/10,八王子,D 八王子ＢＰ,11.丹木３,9,2,3,92,39,136,8
86,左入町,東京環状×滝山街道,R4/10,八王子,D 八王子ＢＰ,11.丹木３,10,0,1,100,57,158,12
86,左入町,東京環状×滝山街道,R4/10,八王子,D 八王子ＢＰ,11.丹木３,11,0,1,73,42,116,5
86,左入町,東京環状×滝山街道,R4/10,八王子,D 八王子ＢＰ,11.丹木３,12,0,1,68,33,102,4
86,左入町,東京環状×滝山街道,R4/10,八王子,D 八王子ＢＰ,11.丹木３,13,0,2,68,46,116,7
86,左入町,東京環状×滝山街道,R4/10,八王子,D 八王子ＢＰ,11.丹木３,14,1,3,79,35,118,4
86,左入町,東京環状×滝山街道,R4/10,八王子,D 八王子ＢＰ,11.丹木３,15,0,0,66,42,108,6
86,左入町,東京環状×滝山街道,R4/10,八王子,D 八王子ＢＰ,11.丹木３,16,0,1,98,59,158,12
86,左入町,東京環状×滝山街道,R4/10,八王子,D 八王子ＢＰ,11.丹木３,17,0,0,99,34,133,9
86,左入町,東京環状×滝山街道,R4/10,八王子,D 八王子ＢＰ,11.丹木３,18,0,0,127,27,154,13
86,左入町,東京環状×滝山街道,R4/10,八王子,D 八王子ＢＰ,11.丹木３,12時間計,3,14,1151,477,1645,106
86,左入町,東京環状×滝山街道,R4/10,八王子,D 八王子ＢＰ,12.拝島町,7,0,0,0,0,0,0
86,左入町,東京環状×滝山街道,R4/10,八王子,D 八王子ＢＰ,12.拝島町,8,0,0,0,0,0,0
86,左入町,東京環状×滝山街道,R4/10,八王子,D 八王子ＢＰ,12.拝島町,9,0,0,0,0,0,0
86,左入町,東京環状×滝山街道,R4/10,八王子,D 八王子ＢＰ,12.拝島町,10,0,0,2,0,2,0
86,左入町,東京環状×滝山街道,R4/10,八王子,D 八王子ＢＰ,12.拝島町,11,0,0,0,0,0,0
86,左入町,東京環状×滝山街道,R4/10,八王子,D 八王子ＢＰ,12.拝島町,12,0,0,0,0,0,0
86,左入町,東京環状×滝山街道,R4/10,八王子,D 八王子ＢＰ,12.拝島町,13,0,0,0,1,1,1
86,左入町,東京環状×滝山街道,R4/10,八王子,D 八王子ＢＰ,12.拝島町,14,0,0,0,0,0,0
86,左入町,東京環状×滝山街道,R4/10,八王子,D 八王子ＢＰ,12.拝島町,15,0,0,0,0,0,0
86,左入町,東京環状×滝山街道,R4/10,八王子,D 八王子ＢＰ,12.拝島町,16,0,0,2,0,2,0
86,左入町,東京環状×滝山街道,R4/10,八王子,D 八王子ＢＰ,12.拝島町,17,0,0,0,0,0,0
86,左入町,東京環状×滝山街道,R4/10,八王子,D 八王子ＢＰ,12.拝島町,18,0,0,0,0,0,0
86,左入町,東京環状×滝山街道,R4/10,八王子,D 八王子ＢＰ,12.拝島町,12時間計,0,0,4,1,5,1
86,左入町,東京環状×滝山街道,R4/10,八王子,D 八王子ＢＰ,流入計,7,1,2,186,46,235,18
86,左入町,東京環状×滝山街道,R4/10,八王子,D 八王子ＢＰ,流入計,8,2,0,223,35,260,10
86,左入町,東京環状×滝山街道,R4/10,八王子,D 八王子ＢＰ,流入計,9,5,3,147,61,216,12
86,左入町,東京環状×滝山街道,R4/10,八王子,D 八王子ＢＰ,流入計,10,0,1,161,81,243,16
86,左入町,東京環状×滝山街道,R4/10,八王子,D 八王子ＢＰ,流入計,11,1,3,121,59,184,7
86,左入町,東京環状×滝山街道,R4/10,八王子,D 八王子ＢＰ,流入計,12,0,3,115,52,170,5
86,左入町,東京環状×滝山街道,R4/10,八王子,D 八王子ＢＰ,流入計,13,0,2,116,67,185,8
86,左入町,東京環状×滝山街道,R4/10,八王子,D 八王子ＢＰ,流入計,14,1,4,123,59,187,5
86,左入町,東京環状×滝山街道,R4/10,八王子,D 八王子ＢＰ,流入計,15,0,0,126,56,182,8
86,左入町,東京環状×滝山街道,R4/10,八王子,D 八王子ＢＰ,流入計,16,1,1,163,76,241,12
86,左入町,東京環状×滝山街道,R4/10,八王子,D 八王子ＢＰ,流入計,17,0,0,169,55,224,13
86,左入町,東京環状×滝山街道,R4/10,八王子,D 八王子ＢＰ,流入計,18,0,0,182,48,230,18
86,左入町,東京環状×滝山街道,R4/10,八王子,D 八王子ＢＰ,流入計,12時間計,11,19,1832,695,2557,132
