﻿地点番号,地点名,交差道路名,調査年月,管轄警察署,流入方向,流出方向,時間帯等,車道通行自転車,歩道通行自転車,自転車計
86,左入町,東京環状×滝山街道,R4/10,八王子,A 拝島町,1八王子ＢＰ,7,2,-,-
86,左入町,東京環状×滝山街道,R4/10,八王子,A 拝島町,1八王子ＢＰ,8,0,-,-
86,左入町,東京環状×滝山街道,R4/10,八王子,A 拝島町,1八王子ＢＰ,9,0,-,-
86,左入町,東京環状×滝山街道,R4/10,八王子,A 拝島町,1八王子ＢＰ,10,0,-,-
86,左入町,東京環状×滝山街道,R4/10,八王子,A 拝島町,1八王子ＢＰ,11,0,-,-
86,左入町,東京環状×滝山街道,R4/10,八王子,A 拝島町,1八王子ＢＰ,12,0,-,-
86,左入町,東京環状×滝山街道,R4/10,八王子,A 拝島町,1八王子ＢＰ,13,0,-,-
86,左入町,東京環状×滝山街道,R4/10,八王子,A 拝島町,1八王子ＢＰ,14,0,-,-
86,左入町,東京環状×滝山街道,R4/10,八王子,A 拝島町,1八王子ＢＰ,15,1,-,-
86,左入町,東京環状×滝山街道,R4/10,八王子,A 拝島町,1八王子ＢＰ,16,0,-,-
86,左入町,東京環状×滝山街道,R4/10,八王子,A 拝島町,1八王子ＢＰ,17,0,-,-
86,左入町,東京環状×滝山街道,R4/10,八王子,A 拝島町,1八王子ＢＰ,18,0,-,-
86,左入町,東京環状×滝山街道,R4/10,八王子,A 拝島町,1八王子ＢＰ,12時間計,3,-,-
86,左入町,東京環状×滝山街道,R4/10,八王子,A 拝島町,2八王子ＩＣ,7,1,-,-
86,左入町,東京環状×滝山街道,R4/10,八王子,A 拝島町,2八王子ＩＣ,8,2,-,-
86,左入町,東京環状×滝山街道,R4/10,八王子,A 拝島町,2八王子ＩＣ,9,0,-,-
86,左入町,東京環状×滝山街道,R4/10,八王子,A 拝島町,2八王子ＩＣ,10,0,-,-
86,左入町,東京環状×滝山街道,R4/10,八王子,A 拝島町,2八王子ＩＣ,11,0,-,-
86,左入町,東京環状×滝山街道,R4/10,八王子,A 拝島町,2八王子ＩＣ,12,0,-,-
86,左入町,東京環状×滝山街道,R4/10,八王子,A 拝島町,2八王子ＩＣ,13,0,-,-
86,左入町,東京環状×滝山街道,R4/10,八王子,A 拝島町,2八王子ＩＣ,14,0,-,-
86,左入町,東京環状×滝山街道,R4/10,八王子,A 拝島町,2八王子ＩＣ,15,1,-,-
86,左入町,東京環状×滝山街道,R4/10,八王子,A 拝島町,2八王子ＩＣ,16,0,-,-
86,左入町,東京環状×滝山街道,R4/10,八王子,A 拝島町,2八王子ＩＣ,17,0,-,-
86,左入町,東京環状×滝山街道,R4/10,八王子,A 拝島町,2八王子ＩＣ,18,0,-,-
86,左入町,東京環状×滝山街道,R4/10,八王子,A 拝島町,2八王子ＩＣ,12時間計,4,-,-
86,左入町,東京環状×滝山街道,R4/10,八王子,A 拝島町,3丹木３,7,0,-,-
86,左入町,東京環状×滝山街道,R4/10,八王子,A 拝島町,3丹木３,8,0,-,-
86,左入町,東京環状×滝山街道,R4/10,八王子,A 拝島町,3丹木３,9,0,-,-
86,左入町,東京環状×滝山街道,R4/10,八王子,A 拝島町,3丹木３,10,0,-,-
86,左入町,東京環状×滝山街道,R4/10,八王子,A 拝島町,3丹木３,11,0,-,-
86,左入町,東京環状×滝山街道,R4/10,八王子,A 拝島町,3丹木３,12,0,-,-
86,左入町,東京環状×滝山街道,R4/10,八王子,A 拝島町,3丹木３,13,0,-,-
86,左入町,東京環状×滝山街道,R4/10,八王子,A 拝島町,3丹木３,14,0,-,-
86,左入町,東京環状×滝山街道,R4/10,八王子,A 拝島町,3丹木３,15,0,-,-
86,左入町,東京環状×滝山街道,R4/10,八王子,A 拝島町,3丹木３,16,0,-,-
86,左入町,東京環状×滝山街道,R4/10,八王子,A 拝島町,3丹木３,17,0,-,-
86,左入町,東京環状×滝山街道,R4/10,八王子,A 拝島町,3丹木３,18,0,-,-
86,左入町,東京環状×滝山街道,R4/10,八王子,A 拝島町,3丹木３,12時間計,0,-,-
86,左入町,東京環状×滝山街道,R4/10,八王子,A 拝島町,流入計,7,3,21,24
86,左入町,東京環状×滝山街道,R4/10,八王子,A 拝島町,流入計,8,2,37,39
86,左入町,東京環状×滝山街道,R4/10,八王子,A 拝島町,流入計,9,0,24,24
86,左入町,東京環状×滝山街道,R4/10,八王子,A 拝島町,流入計,10,0,17,17
86,左入町,東京環状×滝山街道,R4/10,八王子,A 拝島町,流入計,11,0,4,4
86,左入町,東京環状×滝山街道,R4/10,八王子,A 拝島町,流入計,12,0,9,9
86,左入町,東京環状×滝山街道,R4/10,八王子,A 拝島町,流入計,13,0,9,9
86,左入町,東京環状×滝山街道,R4/10,八王子,A 拝島町,流入計,14,0,6,6
86,左入町,東京環状×滝山街道,R4/10,八王子,A 拝島町,流入計,15,2,38,40
86,左入町,東京環状×滝山街道,R4/10,八王子,A 拝島町,流入計,16,0,24,24
86,左入町,東京環状×滝山街道,R4/10,八王子,A 拝島町,流入計,17,0,22,22
86,左入町,東京環状×滝山街道,R4/10,八王子,A 拝島町,流入計,18,0,28,28
86,左入町,東京環状×滝山街道,R4/10,八王子,A 拝島町,流入計,12時間計,7,239,246
86,左入町,東京環状×滝山街道,R4/10,八王子,B 丹木３,4拝島町,7,0,-,-
86,左入町,東京環状×滝山街道,R4/10,八王子,B 丹木３,4拝島町,8,0,-,-
86,左入町,東京環状×滝山街道,R4/10,八王子,B 丹木３,4拝島町,9,0,-,-
86,左入町,東京環状×滝山街道,R4/10,八王子,B 丹木３,4拝島町,10,0,-,-
86,左入町,東京環状×滝山街道,R4/10,八王子,B 丹木３,4拝島町,11,0,-,-
86,左入町,東京環状×滝山街道,R4/10,八王子,B 丹木３,4拝島町,12,0,-,-
86,左入町,東京環状×滝山街道,R4/10,八王子,B 丹木３,4拝島町,13,0,-,-
86,左入町,東京環状×滝山街道,R4/10,八王子,B 丹木３,4拝島町,14,0,-,-
86,左入町,東京環状×滝山街道,R4/10,八王子,B 丹木３,4拝島町,15,0,-,-
86,左入町,東京環状×滝山街道,R4/10,八王子,B 丹木３,4拝島町,16,0,-,-
86,左入町,東京環状×滝山街道,R4/10,八王子,B 丹木３,4拝島町,17,0,-,-
86,左入町,東京環状×滝山街道,R4/10,八王子,B 丹木３,4拝島町,18,0,-,-
86,左入町,東京環状×滝山街道,R4/10,八王子,B 丹木３,4拝島町,12時間計,0,-,-
86,左入町,東京環状×滝山街道,R4/10,八王子,B 丹木３,5八王子ＢＰ,7,2,-,-
86,左入町,東京環状×滝山街道,R4/10,八王子,B 丹木３,5八王子ＢＰ,8,2,-,-
86,左入町,東京環状×滝山街道,R4/10,八王子,B 丹木３,5八王子ＢＰ,9,1,-,-
86,左入町,東京環状×滝山街道,R4/10,八王子,B 丹木３,5八王子ＢＰ,10,0,-,-
86,左入町,東京環状×滝山街道,R4/10,八王子,B 丹木３,5八王子ＢＰ,11,0,-,-
86,左入町,東京環状×滝山街道,R4/10,八王子,B 丹木３,5八王子ＢＰ,12,1,-,-
86,左入町,東京環状×滝山街道,R4/10,八王子,B 丹木３,5八王子ＢＰ,13,0,-,-
86,左入町,東京環状×滝山街道,R4/10,八王子,B 丹木３,5八王子ＢＰ,14,3,-,-
86,左入町,東京環状×滝山街道,R4/10,八王子,B 丹木３,5八王子ＢＰ,15,2,-,-
86,左入町,東京環状×滝山街道,R4/10,八王子,B 丹木３,5八王子ＢＰ,16,0,-,-
86,左入町,東京環状×滝山街道,R4/10,八王子,B 丹木３,5八王子ＢＰ,17,0,-,-
86,左入町,東京環状×滝山街道,R4/10,八王子,B 丹木３,5八王子ＢＰ,18,0,-,-
86,左入町,東京環状×滝山街道,R4/10,八王子,B 丹木３,5八王子ＢＰ,12時間計,11,-,-
86,左入町,東京環状×滝山街道,R4/10,八王子,B 丹木３,6八王子ＩＣ,7,0,-,-
86,左入町,東京環状×滝山街道,R4/10,八王子,B 丹木３,6八王子ＩＣ,8,1,-,-
86,左入町,東京環状×滝山街道,R4/10,八王子,B 丹木３,6八王子ＩＣ,9,0,-,-
86,左入町,東京環状×滝山街道,R4/10,八王子,B 丹木３,6八王子ＩＣ,10,0,-,-
86,左入町,東京環状×滝山街道,R4/10,八王子,B 丹木３,6八王子ＩＣ,11,0,-,-
86,左入町,東京環状×滝山街道,R4/10,八王子,B 丹木３,6八王子ＩＣ,12,0,-,-
86,左入町,東京環状×滝山街道,R4/10,八王子,B 丹木３,6八王子ＩＣ,13,0,-,-
86,左入町,東京環状×滝山街道,R4/10,八王子,B 丹木３,6八王子ＩＣ,14,0,-,-
86,左入町,東京環状×滝山街道,R4/10,八王子,B 丹木３,6八王子ＩＣ,15,0,-,-
86,左入町,東京環状×滝山街道,R4/10,八王子,B 丹木３,6八王子ＩＣ,16,0,-,-
86,左入町,東京環状×滝山街道,R4/10,八王子,B 丹木３,6八王子ＩＣ,17,0,-,-
86,左入町,東京環状×滝山街道,R4/10,八王子,B 丹木３,6八王子ＩＣ,18,0,-,-
86,左入町,東京環状×滝山街道,R4/10,八王子,B 丹木３,6八王子ＩＣ,12時間計,1,-,-
86,左入町,東京環状×滝山街道,R4/10,八王子,B 丹木３,流入計,7,2,2,4
86,左入町,東京環状×滝山街道,R4/10,八王子,B 丹木３,流入計,8,3,9,12
86,左入町,東京環状×滝山街道,R4/10,八王子,B 丹木３,流入計,9,1,3,4
86,左入町,東京環状×滝山街道,R4/10,八王子,B 丹木３,流入計,10,0,2,2
86,左入町,東京環状×滝山街道,R4/10,八王子,B 丹木３,流入計,11,0,0,0
86,左入町,東京環状×滝山街道,R4/10,八王子,B 丹木３,流入計,12,1,3,4
86,左入町,東京環状×滝山街道,R4/10,八王子,B 丹木３,流入計,13,0,5,5
86,左入町,東京環状×滝山街道,R4/10,八王子,B 丹木３,流入計,14,3,1,4
86,左入町,東京環状×滝山街道,R4/10,八王子,B 丹木３,流入計,15,2,7,9
86,左入町,東京環状×滝山街道,R4/10,八王子,B 丹木３,流入計,16,0,1,1
86,左入町,東京環状×滝山街道,R4/10,八王子,B 丹木３,流入計,17,0,0,0
86,左入町,東京環状×滝山街道,R4/10,八王子,B 丹木３,流入計,18,0,8,8
86,左入町,東京環状×滝山街道,R4/10,八王子,B 丹木３,流入計,12時間計,12,41,53
86,左入町,東京環状×滝山街道,R4/10,八王子,C 八王子ＩＣ,7丹木３,7,0,-,-
86,左入町,東京環状×滝山街道,R4/10,八王子,C 八王子ＩＣ,7丹木３,8,0,-,-
86,左入町,東京環状×滝山街道,R4/10,八王子,C 八王子ＩＣ,7丹木３,9,0,-,-
86,左入町,東京環状×滝山街道,R4/10,八王子,C 八王子ＩＣ,7丹木３,10,0,-,-
86,左入町,東京環状×滝山街道,R4/10,八王子,C 八王子ＩＣ,7丹木３,11,0,-,-
86,左入町,東京環状×滝山街道,R4/10,八王子,C 八王子ＩＣ,7丹木３,12,0,-,-
86,左入町,東京環状×滝山街道,R4/10,八王子,C 八王子ＩＣ,7丹木３,13,2,-,-
86,左入町,東京環状×滝山街道,R4/10,八王子,C 八王子ＩＣ,7丹木３,14,0,-,-
86,左入町,東京環状×滝山街道,R4/10,八王子,C 八王子ＩＣ,7丹木３,15,0,-,-
86,左入町,東京環状×滝山街道,R4/10,八王子,C 八王子ＩＣ,7丹木３,16,0,-,-
86,左入町,東京環状×滝山街道,R4/10,八王子,C 八王子ＩＣ,7丹木３,17,0,-,-
86,左入町,東京環状×滝山街道,R4/10,八王子,C 八王子ＩＣ,7丹木３,18,0,-,-
86,左入町,東京環状×滝山街道,R4/10,八王子,C 八王子ＩＣ,7丹木３,12時間計,2,-,-
86,左入町,東京環状×滝山街道,R4/10,八王子,C 八王子ＩＣ,8拝島町,7,1,-,-
86,左入町,東京環状×滝山街道,R4/10,八王子,C 八王子ＩＣ,8拝島町,8,0,-,-
86,左入町,東京環状×滝山街道,R4/10,八王子,C 八王子ＩＣ,8拝島町,9,0,-,-
86,左入町,東京環状×滝山街道,R4/10,八王子,C 八王子ＩＣ,8拝島町,10,0,-,-
86,左入町,東京環状×滝山街道,R4/10,八王子,C 八王子ＩＣ,8拝島町,11,0,-,-
86,左入町,東京環状×滝山街道,R4/10,八王子,C 八王子ＩＣ,8拝島町,12,0,-,-
86,左入町,東京環状×滝山街道,R4/10,八王子,C 八王子ＩＣ,8拝島町,13,0,-,-
86,左入町,東京環状×滝山街道,R4/10,八王子,C 八王子ＩＣ,8拝島町,14,0,-,-
86,左入町,東京環状×滝山街道,R4/10,八王子,C 八王子ＩＣ,8拝島町,15,0,-,-
86,左入町,東京環状×滝山街道,R4/10,八王子,C 八王子ＩＣ,8拝島町,16,1,-,-
86,左入町,東京環状×滝山街道,R4/10,八王子,C 八王子ＩＣ,8拝島町,17,0,-,-
86,左入町,東京環状×滝山街道,R4/10,八王子,C 八王子ＩＣ,8拝島町,18,0,-,-
86,左入町,東京環状×滝山街道,R4/10,八王子,C 八王子ＩＣ,8拝島町,12時間計,2,-,-
86,左入町,東京環状×滝山街道,R4/10,八王子,C 八王子ＩＣ,9八王子ＢＰ,7,0,-,-
86,左入町,東京環状×滝山街道,R4/10,八王子,C 八王子ＩＣ,9八王子ＢＰ,8,0,-,-
86,左入町,東京環状×滝山街道,R4/10,八王子,C 八王子ＩＣ,9八王子ＢＰ,9,0,-,-
86,左入町,東京環状×滝山街道,R4/10,八王子,C 八王子ＩＣ,9八王子ＢＰ,10,0,-,-
86,左入町,東京環状×滝山街道,R4/10,八王子,C 八王子ＩＣ,9八王子ＢＰ,11,0,-,-
86,左入町,東京環状×滝山街道,R4/10,八王子,C 八王子ＩＣ,9八王子ＢＰ,12,0,-,-
86,左入町,東京環状×滝山街道,R4/10,八王子,C 八王子ＩＣ,9八王子ＢＰ,13,0,-,-
86,左入町,東京環状×滝山街道,R4/10,八王子,C 八王子ＩＣ,9八王子ＢＰ,14,0,-,-
86,左入町,東京環状×滝山街道,R4/10,八王子,C 八王子ＩＣ,9八王子ＢＰ,15,0,-,-
86,左入町,東京環状×滝山街道,R4/10,八王子,C 八王子ＩＣ,9八王子ＢＰ,16,0,-,-
86,左入町,東京環状×滝山街道,R4/10,八王子,C 八王子ＩＣ,9八王子ＢＰ,17,0,-,-
86,左入町,東京環状×滝山街道,R4/10,八王子,C 八王子ＩＣ,9八王子ＢＰ,18,0,-,-
86,左入町,東京環状×滝山街道,R4/10,八王子,C 八王子ＩＣ,9八王子ＢＰ,12時間計,0,-,-
86,左入町,東京環状×滝山街道,R4/10,八王子,C 八王子ＩＣ,流入計,7,1,61,62
86,左入町,東京環状×滝山街道,R4/10,八王子,C 八王子ＩＣ,流入計,8,0,80,80
86,左入町,東京環状×滝山街道,R4/10,八王子,C 八王子ＩＣ,流入計,9,0,22,22
86,左入町,東京環状×滝山街道,R4/10,八王子,C 八王子ＩＣ,流入計,10,0,18,18
86,左入町,東京環状×滝山街道,R4/10,八王子,C 八王子ＩＣ,流入計,11,0,11,11
86,左入町,東京環状×滝山街道,R4/10,八王子,C 八王子ＩＣ,流入計,12,0,8,8
86,左入町,東京環状×滝山街道,R4/10,八王子,C 八王子ＩＣ,流入計,13,2,10,12
86,左入町,東京環状×滝山街道,R4/10,八王子,C 八王子ＩＣ,流入計,14,0,16,16
86,左入町,東京環状×滝山街道,R4/10,八王子,C 八王子ＩＣ,流入計,15,0,21,21
86,左入町,東京環状×滝山街道,R4/10,八王子,C 八王子ＩＣ,流入計,16,1,19,20
86,左入町,東京環状×滝山街道,R4/10,八王子,C 八王子ＩＣ,流入計,17,0,30,30
86,左入町,東京環状×滝山街道,R4/10,八王子,C 八王子ＩＣ,流入計,18,0,21,21
86,左入町,東京環状×滝山街道,R4/10,八王子,C 八王子ＩＣ,流入計,12時間計,4,317,321
86,左入町,東京環状×滝山街道,R4/10,八王子,D 八王子ＢＰ,10八王子ＩＣ,7,0,-,-
86,左入町,東京環状×滝山街道,R4/10,八王子,D 八王子ＢＰ,10八王子ＩＣ,8,0,-,-
86,左入町,東京環状×滝山街道,R4/10,八王子,D 八王子ＢＰ,10八王子ＩＣ,9,0,-,-
86,左入町,東京環状×滝山街道,R4/10,八王子,D 八王子ＢＰ,10八王子ＩＣ,10,0,-,-
86,左入町,東京環状×滝山街道,R4/10,八王子,D 八王子ＢＰ,10八王子ＩＣ,11,0,-,-
86,左入町,東京環状×滝山街道,R4/10,八王子,D 八王子ＢＰ,10八王子ＩＣ,12,0,-,-
86,左入町,東京環状×滝山街道,R4/10,八王子,D 八王子ＢＰ,10八王子ＩＣ,13,0,-,-
86,左入町,東京環状×滝山街道,R4/10,八王子,D 八王子ＢＰ,10八王子ＩＣ,14,0,-,-
86,左入町,東京環状×滝山街道,R4/10,八王子,D 八王子ＢＰ,10八王子ＩＣ,15,0,-,-
86,左入町,東京環状×滝山街道,R4/10,八王子,D 八王子ＢＰ,10八王子ＩＣ,16,0,-,-
86,左入町,東京環状×滝山街道,R4/10,八王子,D 八王子ＢＰ,10八王子ＩＣ,17,0,-,-
86,左入町,東京環状×滝山街道,R4/10,八王子,D 八王子ＢＰ,10八王子ＩＣ,18,0,-,-
86,左入町,東京環状×滝山街道,R4/10,八王子,D 八王子ＢＰ,10八王子ＩＣ,12時間計,0,-,-
86,左入町,東京環状×滝山街道,R4/10,八王子,D 八王子ＢＰ,11丹木３,7,0,-,-
86,左入町,東京環状×滝山街道,R4/10,八王子,D 八王子ＢＰ,11丹木３,8,0,-,-
86,左入町,東京環状×滝山街道,R4/10,八王子,D 八王子ＢＰ,11丹木３,9,0,-,-
86,左入町,東京環状×滝山街道,R4/10,八王子,D 八王子ＢＰ,11丹木３,10,0,-,-
86,左入町,東京環状×滝山街道,R4/10,八王子,D 八王子ＢＰ,11丹木３,11,0,-,-
86,左入町,東京環状×滝山街道,R4/10,八王子,D 八王子ＢＰ,11丹木３,12,1,-,-
86,左入町,東京環状×滝山街道,R4/10,八王子,D 八王子ＢＰ,11丹木３,13,0,-,-
86,左入町,東京環状×滝山街道,R4/10,八王子,D 八王子ＢＰ,11丹木３,14,0,-,-
86,左入町,東京環状×滝山街道,R4/10,八王子,D 八王子ＢＰ,11丹木３,15,0,-,-
86,左入町,東京環状×滝山街道,R4/10,八王子,D 八王子ＢＰ,11丹木３,16,0,-,-
86,左入町,東京環状×滝山街道,R4/10,八王子,D 八王子ＢＰ,11丹木３,17,1,-,-
86,左入町,東京環状×滝山街道,R4/10,八王子,D 八王子ＢＰ,11丹木３,18,1,-,-
86,左入町,東京環状×滝山街道,R4/10,八王子,D 八王子ＢＰ,11丹木３,12時間計,3,-,-
86,左入町,東京環状×滝山街道,R4/10,八王子,D 八王子ＢＰ,12拝島町,7,0,-,-
86,左入町,東京環状×滝山街道,R4/10,八王子,D 八王子ＢＰ,12拝島町,8,0,-,-
86,左入町,東京環状×滝山街道,R4/10,八王子,D 八王子ＢＰ,12拝島町,9,0,-,-
86,左入町,東京環状×滝山街道,R4/10,八王子,D 八王子ＢＰ,12拝島町,10,0,-,-
86,左入町,東京環状×滝山街道,R4/10,八王子,D 八王子ＢＰ,12拝島町,11,0,-,-
86,左入町,東京環状×滝山街道,R4/10,八王子,D 八王子ＢＰ,12拝島町,12,0,-,-
86,左入町,東京環状×滝山街道,R4/10,八王子,D 八王子ＢＰ,12拝島町,13,0,-,-
86,左入町,東京環状×滝山街道,R4/10,八王子,D 八王子ＢＰ,12拝島町,14,0,-,-
86,左入町,東京環状×滝山街道,R4/10,八王子,D 八王子ＢＰ,12拝島町,15,0,-,-
86,左入町,東京環状×滝山街道,R4/10,八王子,D 八王子ＢＰ,12拝島町,16,0,-,-
86,左入町,東京環状×滝山街道,R4/10,八王子,D 八王子ＢＰ,12拝島町,17,1,-,-
86,左入町,東京環状×滝山街道,R4/10,八王子,D 八王子ＢＰ,12拝島町,18,1,-,-
86,左入町,東京環状×滝山街道,R4/10,八王子,D 八王子ＢＰ,12拝島町,12時間計,2,-,-
86,左入町,東京環状×滝山街道,R4/10,八王子,D 八王子ＢＰ,流入計,7,0,15,15
86,左入町,東京環状×滝山街道,R4/10,八王子,D 八王子ＢＰ,流入計,8,0,10,10
86,左入町,東京環状×滝山街道,R4/10,八王子,D 八王子ＢＰ,流入計,9,0,4,4
86,左入町,東京環状×滝山街道,R4/10,八王子,D 八王子ＢＰ,流入計,10,0,6,6
86,左入町,東京環状×滝山街道,R4/10,八王子,D 八王子ＢＰ,流入計,11,0,7,7
86,左入町,東京環状×滝山街道,R4/10,八王子,D 八王子ＢＰ,流入計,12,1,0,1
86,左入町,東京環状×滝山街道,R4/10,八王子,D 八王子ＢＰ,流入計,13,0,2,2
86,左入町,東京環状×滝山街道,R4/10,八王子,D 八王子ＢＰ,流入計,14,0,0,0
86,左入町,東京環状×滝山街道,R4/10,八王子,D 八王子ＢＰ,流入計,15,0,3,3
86,左入町,東京環状×滝山街道,R4/10,八王子,D 八王子ＢＰ,流入計,16,0,3,3
86,左入町,東京環状×滝山街道,R4/10,八王子,D 八王子ＢＰ,流入計,17,2,0,2
86,左入町,東京環状×滝山街道,R4/10,八王子,D 八王子ＢＰ,流入計,18,2,3,5
86,左入町,東京環状×滝山街道,R4/10,八王子,D 八王子ＢＰ,流入計,12時間計,5,53,58
86,左入町,東京環状×滝山街道,R4/10,八王子,全方向計,全方向計,7,6,99,105
86,左入町,東京環状×滝山街道,R4/10,八王子,全方向計,全方向計,8,5,136,141
86,左入町,東京環状×滝山街道,R4/10,八王子,全方向計,全方向計,9,1,53,54
86,左入町,東京環状×滝山街道,R4/10,八王子,全方向計,全方向計,10,0,43,43
86,左入町,東京環状×滝山街道,R4/10,八王子,全方向計,全方向計,11,0,22,22
86,左入町,東京環状×滝山街道,R4/10,八王子,全方向計,全方向計,12,2,20,22
86,左入町,東京環状×滝山街道,R4/10,八王子,全方向計,全方向計,13,2,26,28
86,左入町,東京環状×滝山街道,R4/10,八王子,全方向計,全方向計,14,3,23,26
86,左入町,東京環状×滝山街道,R4/10,八王子,全方向計,全方向計,15,4,69,73
86,左入町,東京環状×滝山街道,R4/10,八王子,全方向計,全方向計,16,1,47,48
86,左入町,東京環状×滝山街道,R4/10,八王子,全方向計,全方向計,17,2,52,54
86,左入町,東京環状×滝山街道,R4/10,八王子,全方向計,全方向計,18,2,60,62
86,左入町,東京環状×滝山街道,R4/10,八王子,全方向計,全方向計,12時間計,28,650,678
