﻿地点番号,地点名,交差道路名,調査年月,管轄警察署,流出方向,時間帯等,大型乗用,大型貨物,普通乗用,普通貨物,四輪計,二輪車
86,左入町,東京環状×滝山街道,R4/10,八王子,A 拝島町,7,24,140,803,280,1247,50
86,左入町,東京環状×滝山街道,R4/10,八王子,A 拝島町,8,8,159,691,306,1164,24
86,左入町,東京環状×滝山街道,R4/10,八王子,A 拝島町,9,4,195,643,426,1268,16
86,左入町,東京環状×滝山街道,R4/10,八王子,A 拝島町,10,2,239,641,414,1296,24
86,左入町,東京環状×滝山街道,R4/10,八王子,A 拝島町,11,1,233,475,480,1189,19
86,左入町,東京環状×滝山街道,R4/10,八王子,A 拝島町,12,3,208,572,481,1264,18
86,左入町,東京環状×滝山街道,R4/10,八王子,A 拝島町,13,16,217,501,390,1124,21
86,左入町,東京環状×滝山街道,R4/10,八王子,A 拝島町,14,10,230,460,347,1047,17
86,左入町,東京環状×滝山街道,R4/10,八王子,A 拝島町,15,8,194,729,371,1302,25
86,左入町,東京環状×滝山街道,R4/10,八王子,A 拝島町,16,12,185,874,329,1400,28
86,左入町,東京環状×滝山街道,R4/10,八王子,A 拝島町,17,10,112,872,572,1566,40
86,左入町,東京環状×滝山街道,R4/10,八王子,A 拝島町,18,4,126,755,446,1331,34
86,左入町,東京環状×滝山街道,R4/10,八王子,A 拝島町,12時間計,102,2238,8016,4842,15198,316
86,左入町,東京環状×滝山街道,R4/10,八王子,B 丹木３,7,3,20,297,97,417,21
86,左入町,東京環状×滝山街道,R4/10,八王子,B 丹木３,8,7,8,351,103,469,18
86,左入町,東京環状×滝山街道,R4/10,八王子,B 丹木３,9,6,15,201,127,349,10
86,左入町,東京環状×滝山街道,R4/10,八王子,B 丹木３,10,2,12,192,132,338,16
86,左入町,東京環状×滝山街道,R4/10,八王子,B 丹木３,11,4,16,175,102,297,10
86,左入町,東京環状×滝山街道,R4/10,八王子,B 丹木３,12,0,11,155,83,249,6
86,左入町,東京環状×滝山街道,R4/10,八王子,B 丹木３,13,6,18,174,115,313,14
86,左入町,東京環状×滝山街道,R4/10,八王子,B 丹木３,14,6,15,182,99,302,7
86,左入町,東京環状×滝山街道,R4/10,八王子,B 丹木３,15,3,10,162,112,287,8
86,左入町,東京環状×滝山街道,R4/10,八王子,B 丹木３,16,2,4,208,126,340,17
86,左入町,東京環状×滝山街道,R4/10,八王子,B 丹木３,17,2,5,214,101,322,16
86,左入町,東京環状×滝山街道,R4/10,八王子,B 丹木３,18,3,3,265,67,338,20
86,左入町,東京環状×滝山街道,R4/10,八王子,B 丹木３,12時間計,44,137,2576,1264,4021,163
86,左入町,東京環状×滝山街道,R4/10,八王子,C 八王子ＩＣ,7,8,114,635,341,1098,30
86,左入町,東京環状×滝山街道,R4/10,八王子,C 八王子ＩＣ,8,12,112,638,295,1057,41
86,左入町,東京環状×滝山街道,R4/10,八王子,C 八王子ＩＣ,9,4,111,455,376,946,19
86,左入町,東京環状×滝山街道,R4/10,八王子,C 八王子ＩＣ,10,6,178,461,304,949,26
86,左入町,東京環状×滝山街道,R4/10,八王子,C 八王子ＩＣ,11,9,160,542,300,1011,26
86,左入町,東京環状×滝山街道,R4/10,八王子,C 八王子ＩＣ,12,5,147,473,275,900,15
86,左入町,東京環状×滝山街道,R4/10,八王子,C 八王子ＩＣ,13,7,137,519,277,940,15
86,左入町,東京環状×滝山街道,R4/10,八王子,C 八王子ＩＣ,14,8,171,532,266,977,14
86,左入町,東京環状×滝山街道,R4/10,八王子,C 八王子ＩＣ,15,7,117,486,259,869,17
86,左入町,東京環状×滝山街道,R4/10,八王子,C 八王子ＩＣ,16,8,134,636,307,1085,22
86,左入町,東京環状×滝山街道,R4/10,八王子,C 八王子ＩＣ,17,15,108,739,370,1232,42
86,左入町,東京環状×滝山街道,R4/10,八王子,C 八王子ＩＣ,18,33,74,667,324,1098,34
86,左入町,東京環状×滝山街道,R4/10,八王子,C 八王子ＩＣ,12時間計,122,1563,6783,3694,12162,301
86,左入町,東京環状×滝山街道,R4/10,八王子,D 八王子ＢＰ,7,1,4,279,136,420,18
86,左入町,東京環状×滝山街道,R4/10,八王子,D 八王子ＢＰ,8,7,14,359,90,470,18
86,左入町,東京環状×滝山街道,R4/10,八王子,D 八王子ＢＰ,9,2,19,196,108,325,10
86,左入町,東京環状×滝山街道,R4/10,八王子,D 八王子ＢＰ,10,4,8,175,108,295,5
86,左入町,東京環状×滝山街道,R4/10,八王子,D 八王子ＢＰ,11,12,5,244,93,354,17
86,左入町,東京環状×滝山街道,R4/10,八王子,D 八王子ＢＰ,12,0,5,199,103,307,11
86,左入町,東京環状×滝山街道,R4/10,八王子,D 八王子ＢＰ,13,1,3,177,109,290,8
86,左入町,東京環状×滝山街道,R4/10,八王子,D 八王子ＢＰ,14,2,8,183,95,288,10
86,左入町,東京環状×滝山街道,R4/10,八王子,D 八王子ＢＰ,15,1,9,241,97,348,22
86,左入町,東京環状×滝山街道,R4/10,八王子,D 八王子ＢＰ,16,3,1,217,132,353,21
86,左入町,東京環状×滝山街道,R4/10,八王子,D 八王子ＢＰ,17,4,3,318,126,451,27
86,左入町,東京環状×滝山街道,R4/10,八王子,D 八王子ＢＰ,18,1,2,333,86,422,31
86,左入町,東京環状×滝山街道,R4/10,八王子,D 八王子ＢＰ,12時間計,38,81,2921,1283,4323,198
86,左入町,東京環状×滝山街道,R4/10,八王子,全方向合計,7,36,278,2014,854,3182,119
86,左入町,東京環状×滝山街道,R4/10,八王子,全方向合計,8,34,293,2039,794,3160,101
86,左入町,東京環状×滝山街道,R4/10,八王子,全方向合計,9,16,340,1495,1037,2888,55
86,左入町,東京環状×滝山街道,R4/10,八王子,全方向合計,10,14,437,1469,958,2878,71
86,左入町,東京環状×滝山街道,R4/10,八王子,全方向合計,11,26,414,1436,975,2851,72
86,左入町,東京環状×滝山街道,R4/10,八王子,全方向合計,12,8,371,1399,942,2720,50
86,左入町,東京環状×滝山街道,R4/10,八王子,全方向合計,13,30,375,1371,891,2667,58
86,左入町,東京環状×滝山街道,R4/10,八王子,全方向合計,14,26,424,1357,807,2614,48
86,左入町,東京環状×滝山街道,R4/10,八王子,全方向合計,15,19,330,1618,839,2806,72
86,左入町,東京環状×滝山街道,R4/10,八王子,全方向合計,16,25,324,1935,894,3178,88
86,左入町,東京環状×滝山街道,R4/10,八王子,全方向合計,17,31,228,2143,1169,3571,125
86,左入町,東京環状×滝山街道,R4/10,八王子,全方向合計,18,41,205,2020,923,3189,119
86,左入町,東京環状×滝山街道,R4/10,八王子,全方向合計,12時間計,306,4019,20296,11083,35704,978
