﻿地点番号,地点名,交差道路名,調査年月,管轄警察署,流入方向,流出方向,時間帯等,大型乗用,大型貨物,普通乗用,普通貨物,四輪計,二輪車
79,石川入口,八王子武蔵村山線×甲州街道,R4/10,八王子,A 多摩大橋,1.立川,7,0,11,34,35,80,0
79,石川入口,八王子武蔵村山線×甲州街道,R4/10,八王子,A 多摩大橋,1.立川,8,0,11,31,25,67,0
79,石川入口,八王子武蔵村山線×甲州街道,R4/10,八王子,A 多摩大橋,1.立川,9,0,8,55,39,102,3
79,石川入口,八王子武蔵村山線×甲州街道,R4/10,八王子,A 多摩大橋,1.立川,10,0,6,64,30,100,0
79,石川入口,八王子武蔵村山線×甲州街道,R4/10,八王子,A 多摩大橋,1.立川,11,0,10,59,19,88,1
79,石川入口,八王子武蔵村山線×甲州街道,R4/10,八王子,A 多摩大橋,1.立川,12,0,10,85,15,110,7
79,石川入口,八王子武蔵村山線×甲州街道,R4/10,八王子,A 多摩大橋,1.立川,13,0,14,53,18,85,3
79,石川入口,八王子武蔵村山線×甲州街道,R4/10,八王子,A 多摩大橋,1.立川,14,1,12,63,21,97,3
79,石川入口,八王子武蔵村山線×甲州街道,R4/10,八王子,A 多摩大橋,1.立川,15,0,6,64,37,107,0
79,石川入口,八王子武蔵村山線×甲州街道,R4/10,八王子,A 多摩大橋,1.立川,16,0,2,60,21,83,4
79,石川入口,八王子武蔵村山線×甲州街道,R4/10,八王子,A 多摩大橋,1.立川,17,0,4,87,14,105,1
79,石川入口,八王子武蔵村山線×甲州街道,R4/10,八王子,A 多摩大橋,1.立川,18,0,2,55,11,68,1
79,石川入口,八王子武蔵村山線×甲州街道,R4/10,八王子,A 多摩大橋,1.立川,12時間計,1,96,710,285,1092,23
79,石川入口,八王子武蔵村山線×甲州街道,R4/10,八王子,A 多摩大橋,2.平山城址公園,7,0,11,180,73,264,9
79,石川入口,八王子武蔵村山線×甲州街道,R4/10,八王子,A 多摩大橋,2.平山城址公園,8,3,26,202,64,295,3
79,石川入口,八王子武蔵村山線×甲州街道,R4/10,八王子,A 多摩大橋,2.平山城址公園,9,0,21,196,33,250,14
79,石川入口,八王子武蔵村山線×甲州街道,R4/10,八王子,A 多摩大橋,2.平山城址公園,10,4,27,155,68,254,10
79,石川入口,八王子武蔵村山線×甲州街道,R4/10,八王子,A 多摩大橋,2.平山城址公園,11,0,13,131,52,196,12
79,石川入口,八王子武蔵村山線×甲州街道,R4/10,八王子,A 多摩大橋,2.平山城址公園,12,0,10,162,75,247,17
79,石川入口,八王子武蔵村山線×甲州街道,R4/10,八王子,A 多摩大橋,2.平山城址公園,13,1,9,158,68,236,12
79,石川入口,八王子武蔵村山線×甲州街道,R4/10,八王子,A 多摩大橋,2.平山城址公園,14,4,16,144,45,209,4
79,石川入口,八王子武蔵村山線×甲州街道,R4/10,八王子,A 多摩大橋,2.平山城址公園,15,3,11,209,33,256,9
79,石川入口,八王子武蔵村山線×甲州街道,R4/10,八王子,A 多摩大橋,2.平山城址公園,16,4,13,201,75,293,11
79,石川入口,八王子武蔵村山線×甲州街道,R4/10,八王子,A 多摩大橋,2.平山城址公園,17,1,11,223,68,303,21
79,石川入口,八王子武蔵村山線×甲州街道,R4/10,八王子,A 多摩大橋,2.平山城址公園,18,1,4,241,78,324,29
79,石川入口,八王子武蔵村山線×甲州街道,R4/10,八王子,A 多摩大橋,2.平山城址公園,12時間計,21,172,2202,732,3127,151
79,石川入口,八王子武蔵村山線×甲州街道,R4/10,八王子,A 多摩大橋,3.八王子,7,7,4,69,25,105,7
79,石川入口,八王子武蔵村山線×甲州街道,R4/10,八王子,A 多摩大橋,3.八王子,8,6,1,48,29,84,3
79,石川入口,八王子武蔵村山線×甲州街道,R4/10,八王子,A 多摩大橋,3.八王子,9,5,1,89,42,137,5
79,石川入口,八王子武蔵村山線×甲州街道,R4/10,八王子,A 多摩大橋,3.八王子,10,5,3,56,37,101,5
79,石川入口,八王子武蔵村山線×甲州街道,R4/10,八王子,A 多摩大橋,3.八王子,11,3,3,73,32,111,6
79,石川入口,八王子武蔵村山線×甲州街道,R4/10,八王子,A 多摩大橋,3.八王子,12,5,0,73,18,96,5
79,石川入口,八王子武蔵村山線×甲州街道,R4/10,八王子,A 多摩大橋,3.八王子,13,4,1,80,29,114,2
79,石川入口,八王子武蔵村山線×甲州街道,R4/10,八王子,A 多摩大橋,3.八王子,14,4,2,77,37,120,3
79,石川入口,八王子武蔵村山線×甲州街道,R4/10,八王子,A 多摩大橋,3.八王子,15,6,1,99,33,139,8
79,石川入口,八王子武蔵村山線×甲州街道,R4/10,八王子,A 多摩大橋,3.八王子,16,8,2,151,31,192,6
79,石川入口,八王子武蔵村山線×甲州街道,R4/10,八王子,A 多摩大橋,3.八王子,17,12,1,198,46,257,5
79,石川入口,八王子武蔵村山線×甲州街道,R4/10,八王子,A 多摩大橋,3.八王子,18,6,1,220,23,250,6
79,石川入口,八王子武蔵村山線×甲州街道,R4/10,八王子,A 多摩大橋,3.八王子,12時間計,71,20,1233,382,1706,61
79,石川入口,八王子武蔵村山線×甲州街道,R4/10,八王子,A 多摩大橋,流入計,7,7,26,283,133,449,16
79,石川入口,八王子武蔵村山線×甲州街道,R4/10,八王子,A 多摩大橋,流入計,8,9,38,281,118,446,6
79,石川入口,八王子武蔵村山線×甲州街道,R4/10,八王子,A 多摩大橋,流入計,9,5,30,340,114,489,22
79,石川入口,八王子武蔵村山線×甲州街道,R4/10,八王子,A 多摩大橋,流入計,10,9,36,275,135,455,15
79,石川入口,八王子武蔵村山線×甲州街道,R4/10,八王子,A 多摩大橋,流入計,11,3,26,263,103,395,19
79,石川入口,八王子武蔵村山線×甲州街道,R4/10,八王子,A 多摩大橋,流入計,12,5,20,320,108,453,29
79,石川入口,八王子武蔵村山線×甲州街道,R4/10,八王子,A 多摩大橋,流入計,13,5,24,291,115,435,17
79,石川入口,八王子武蔵村山線×甲州街道,R4/10,八王子,A 多摩大橋,流入計,14,9,30,284,103,426,10
79,石川入口,八王子武蔵村山線×甲州街道,R4/10,八王子,A 多摩大橋,流入計,15,9,18,372,103,502,17
79,石川入口,八王子武蔵村山線×甲州街道,R4/10,八王子,A 多摩大橋,流入計,16,12,17,412,127,568,21
79,石川入口,八王子武蔵村山線×甲州街道,R4/10,八王子,A 多摩大橋,流入計,17,13,16,508,128,665,27
79,石川入口,八王子武蔵村山線×甲州街道,R4/10,八王子,A 多摩大橋,流入計,18,7,7,516,112,642,36
79,石川入口,八王子武蔵村山線×甲州街道,R4/10,八王子,A 多摩大橋,流入計,12時間計,93,288,4145,1399,5925,235
79,石川入口,八王子武蔵村山線×甲州街道,R4/10,八王子,B 八王子,4.多摩大橋,7,7,0,75,15,97,11
79,石川入口,八王子武蔵村山線×甲州街道,R4/10,八王子,B 八王子,4.多摩大橋,8,8,0,73,27,108,8
79,石川入口,八王子武蔵村山線×甲州街道,R4/10,八王子,B 八王子,4.多摩大橋,9,8,0,117,42,167,9
79,石川入口,八王子武蔵村山線×甲州街道,R4/10,八王子,B 八王子,4.多摩大橋,10,6,1,79,22,108,7
79,石川入口,八王子武蔵村山線×甲州街道,R4/10,八王子,B 八王子,4.多摩大橋,11,4,2,83,34,123,6
79,石川入口,八王子武蔵村山線×甲州街道,R4/10,八王子,B 八王子,4.多摩大橋,12,3,0,79,24,106,5
79,石川入口,八王子武蔵村山線×甲州街道,R4/10,八王子,B 八王子,4.多摩大橋,13,4,1,87,34,126,6
79,石川入口,八王子武蔵村山線×甲州街道,R4/10,八王子,B 八王子,4.多摩大橋,14,5,0,71,34,110,9
79,石川入口,八王子武蔵村山線×甲州街道,R4/10,八王子,B 八王子,4.多摩大橋,15,7,1,76,36,120,4
79,石川入口,八王子武蔵村山線×甲州街道,R4/10,八王子,B 八王子,4.多摩大橋,16,8,2,75,46,131,5
79,石川入口,八王子武蔵村山線×甲州街道,R4/10,八王子,B 八王子,4.多摩大橋,17,9,0,91,25,125,14
79,石川入口,八王子武蔵村山線×甲州街道,R4/10,八王子,B 八王子,4.多摩大橋,18,8,0,92,13,113,8
79,石川入口,八王子武蔵村山線×甲州街道,R4/10,八王子,B 八王子,4.多摩大橋,12時間計,77,7,998,352,1434,92
79,石川入口,八王子武蔵村山線×甲州街道,R4/10,八王子,B 八王子,5.立川,7,23,57,1102,360,1542,102
79,石川入口,八王子武蔵村山線×甲州街道,R4/10,八王子,B 八王子,5.立川,8,19,51,800,277,1147,64
79,石川入口,八王子武蔵村山線×甲州街道,R4/10,八王子,B 八王子,5.立川,9,14,39,551,270,874,42
79,石川入口,八王子武蔵村山線×甲州街道,R4/10,八王子,B 八王子,5.立川,10,15,35,556,299,905,37
79,石川入口,八王子武蔵村山線×甲州街道,R4/10,八王子,B 八王子,5.立川,11,9,66,378,221,674,33
79,石川入口,八王子武蔵村山線×甲州街道,R4/10,八王子,B 八王子,5.立川,12,13,54,454,232,753,40
79,石川入口,八王子武蔵村山線×甲州街道,R4/10,八王子,B 八王子,5.立川,13,13,60,621,244,938,38
79,石川入口,八王子武蔵村山線×甲州街道,R4/10,八王子,B 八王子,5.立川,14,11,57,530,260,858,36
79,石川入口,八王子武蔵村山線×甲州街道,R4/10,八王子,B 八王子,5.立川,15,20,28,710,283,1041,52
79,石川入口,八王子武蔵村山線×甲州街道,R4/10,八王子,B 八王子,5.立川,16,26,15,660,286,987,47
79,石川入口,八王子武蔵村山線×甲州街道,R4/10,八王子,B 八王子,5.立川,17,14,25,775,145,959,62
79,石川入口,八王子武蔵村山線×甲州街道,R4/10,八王子,B 八王子,5.立川,18,19,33,669,129,850,47
79,石川入口,八王子武蔵村山線×甲州街道,R4/10,八王子,B 八王子,5.立川,12時間計,196,520,7806,3006,11528,600
79,石川入口,八王子武蔵村山線×甲州街道,R4/10,八王子,B 八王子,6.平山城址公園,7,0,8,149,52,209,2
79,石川入口,八王子武蔵村山線×甲州街道,R4/10,八王子,B 八王子,6.平山城址公園,8,1,12,155,29,197,8
79,石川入口,八王子武蔵村山線×甲州街道,R4/10,八王子,B 八王子,6.平山城址公園,9,1,9,126,31,167,6
79,石川入口,八王子武蔵村山線×甲州街道,R4/10,八王子,B 八王子,6.平山城址公園,10,3,10,117,46,176,5
79,石川入口,八王子武蔵村山線×甲州街道,R4/10,八王子,B 八王子,6.平山城址公園,11,0,14,147,64,225,4
79,石川入口,八王子武蔵村山線×甲州街道,R4/10,八王子,B 八王子,6.平山城址公園,12,1,5,140,62,208,7
79,石川入口,八王子武蔵村山線×甲州街道,R4/10,八王子,B 八王子,6.平山城址公園,13,0,4,140,59,203,8
79,石川入口,八王子武蔵村山線×甲州街道,R4/10,八王子,B 八王子,6.平山城址公園,14,3,4,105,35,147,5
79,石川入口,八王子武蔵村山線×甲州街道,R4/10,八王子,B 八王子,6.平山城址公園,15,0,6,122,42,170,6
79,石川入口,八王子武蔵村山線×甲州街道,R4/10,八王子,B 八王子,6.平山城址公園,16,0,7,128,53,188,6
79,石川入口,八王子武蔵村山線×甲州街道,R4/10,八王子,B 八王子,6.平山城址公園,17,0,5,154,58,217,1
79,石川入口,八王子武蔵村山線×甲州街道,R4/10,八王子,B 八王子,6.平山城址公園,18,1,3,191,50,245,5
79,石川入口,八王子武蔵村山線×甲州街道,R4/10,八王子,B 八王子,6.平山城址公園,12時間計,10,87,1674,581,2352,63
79,石川入口,八王子武蔵村山線×甲州街道,R4/10,八王子,B 八王子,流入計,7,30,65,1326,427,1848,115
79,石川入口,八王子武蔵村山線×甲州街道,R4/10,八王子,B 八王子,流入計,8,28,63,1028,333,1452,80
79,石川入口,八王子武蔵村山線×甲州街道,R4/10,八王子,B 八王子,流入計,9,23,48,794,343,1208,57
79,石川入口,八王子武蔵村山線×甲州街道,R4/10,八王子,B 八王子,流入計,10,24,46,752,367,1189,49
79,石川入口,八王子武蔵村山線×甲州街道,R4/10,八王子,B 八王子,流入計,11,13,82,608,319,1022,43
79,石川入口,八王子武蔵村山線×甲州街道,R4/10,八王子,B 八王子,流入計,12,17,59,673,318,1067,52
79,石川入口,八王子武蔵村山線×甲州街道,R4/10,八王子,B 八王子,流入計,13,17,65,848,337,1267,52
79,石川入口,八王子武蔵村山線×甲州街道,R4/10,八王子,B 八王子,流入計,14,19,61,706,329,1115,50
79,石川入口,八王子武蔵村山線×甲州街道,R4/10,八王子,B 八王子,流入計,15,27,35,908,361,1331,62
79,石川入口,八王子武蔵村山線×甲州街道,R4/10,八王子,B 八王子,流入計,16,34,24,863,385,1306,58
79,石川入口,八王子武蔵村山線×甲州街道,R4/10,八王子,B 八王子,流入計,17,23,30,1020,228,1301,77
79,石川入口,八王子武蔵村山線×甲州街道,R4/10,八王子,B 八王子,流入計,18,28,36,952,192,1208,60
79,石川入口,八王子武蔵村山線×甲州街道,R4/10,八王子,B 八王子,流入計,12時間計,283,614,10478,3939,15314,755
79,石川入口,八王子武蔵村山線×甲州街道,R4/10,八王子,C 平山城址公園,7.八王子,7,0,2,79,37,118,2
79,石川入口,八王子武蔵村山線×甲州街道,R4/10,八王子,C 平山城址公園,7.八王子,8,0,8,70,48,126,2
79,石川入口,八王子武蔵村山線×甲州街道,R4/10,八王子,C 平山城址公園,7.八王子,9,1,9,71,57,138,3
79,石川入口,八王子武蔵村山線×甲州街道,R4/10,八王子,C 平山城址公園,7.八王子,10,1,6,72,47,126,5
79,石川入口,八王子武蔵村山線×甲州街道,R4/10,八王子,C 平山城址公園,7.八王子,11,1,6,106,47,160,6
79,石川入口,八王子武蔵村山線×甲州街道,R4/10,八王子,C 平山城址公園,7.八王子,12,0,1,128,32,161,5
79,石川入口,八王子武蔵村山線×甲州街道,R4/10,八王子,C 平山城址公園,7.八王子,13,3,7,90,52,152,7
79,石川入口,八王子武蔵村山線×甲州街道,R4/10,八王子,C 平山城址公園,7.八王子,14,1,4,128,57,190,4
79,石川入口,八王子武蔵村山線×甲州街道,R4/10,八王子,C 平山城址公園,7.八王子,15,4,3,99,53,159,4
79,石川入口,八王子武蔵村山線×甲州街道,R4/10,八王子,C 平山城址公園,7.八王子,16,2,7,103,44,156,3
79,石川入口,八王子武蔵村山線×甲州街道,R4/10,八王子,C 平山城址公園,7.八王子,17,1,8,112,47,168,6
79,石川入口,八王子武蔵村山線×甲州街道,R4/10,八王子,C 平山城址公園,7.八王子,18,1,6,80,40,127,3
79,石川入口,八王子武蔵村山線×甲州街道,R4/10,八王子,C 平山城址公園,7.八王子,12時間計,15,67,1138,561,1781,50
79,石川入口,八王子武蔵村山線×甲州街道,R4/10,八王子,C 平山城址公園,8.多摩大橋,7,0,2,183,73,258,12
79,石川入口,八王子武蔵村山線×甲州街道,R4/10,八王子,C 平山城址公園,8.多摩大橋,8,2,6,113,48,169,17
79,石川入口,八王子武蔵村山線×甲州街道,R4/10,八王子,C 平山城址公園,8.多摩大橋,9,2,12,127,57,198,14
79,石川入口,八王子武蔵村山線×甲州街道,R4/10,八王子,C 平山城址公園,8.多摩大橋,10,0,12,127,44,183,4
79,石川入口,八王子武蔵村山線×甲州街道,R4/10,八王子,C 平山城址公園,8.多摩大橋,11,0,12,124,65,201,6
79,石川入口,八王子武蔵村山線×甲州街道,R4/10,八王子,C 平山城址公園,8.多摩大橋,12,2,4,96,60,162,3
79,石川入口,八王子武蔵村山線×甲州街道,R4/10,八王子,C 平山城址公園,8.多摩大橋,13,1,3,88,72,164,7
79,石川入口,八王子武蔵村山線×甲州街道,R4/10,八王子,C 平山城址公園,8.多摩大橋,14,2,5,90,70,167,5
79,石川入口,八王子武蔵村山線×甲州街道,R4/10,八王子,C 平山城址公園,8.多摩大橋,15,4,6,98,63,171,3
79,石川入口,八王子武蔵村山線×甲州街道,R4/10,八王子,C 平山城址公園,8.多摩大橋,16,2,6,111,62,181,13
79,石川入口,八王子武蔵村山線×甲州街道,R4/10,八王子,C 平山城址公園,8.多摩大橋,17,2,1,130,50,183,9
79,石川入口,八王子武蔵村山線×甲州街道,R4/10,八王子,C 平山城址公園,8.多摩大橋,18,1,1,137,49,188,8
79,石川入口,八王子武蔵村山線×甲州街道,R4/10,八王子,C 平山城址公園,8.多摩大橋,12時間計,18,70,1424,713,2225,101
79,石川入口,八王子武蔵村山線×甲州街道,R4/10,八王子,C 平山城址公園,9.立川,7,0,0,8,3,11,1
79,石川入口,八王子武蔵村山線×甲州街道,R4/10,八王子,C 平山城址公園,9.立川,8,0,1,15,4,20,1
79,石川入口,八王子武蔵村山線×甲州街道,R4/10,八王子,C 平山城址公園,9.立川,9,0,0,2,1,3,0
79,石川入口,八王子武蔵村山線×甲州街道,R4/10,八王子,C 平山城址公園,9.立川,10,0,0,4,2,6,0
79,石川入口,八王子武蔵村山線×甲州街道,R4/10,八王子,C 平山城址公園,9.立川,11,0,1,8,0,9,0
79,石川入口,八王子武蔵村山線×甲州街道,R4/10,八王子,C 平山城址公園,9.立川,12,0,0,2,0,2,0
79,石川入口,八王子武蔵村山線×甲州街道,R4/10,八王子,C 平山城址公園,9.立川,13,0,1,7,3,11,0
79,石川入口,八王子武蔵村山線×甲州街道,R4/10,八王子,C 平山城址公園,9.立川,14,0,1,6,2,9,0
79,石川入口,八王子武蔵村山線×甲州街道,R4/10,八王子,C 平山城址公園,9.立川,15,0,0,3,3,6,1
79,石川入口,八王子武蔵村山線×甲州街道,R4/10,八王子,C 平山城址公園,9.立川,16,0,0,7,6,13,0
79,石川入口,八王子武蔵村山線×甲州街道,R4/10,八王子,C 平山城址公園,9.立川,17,0,0,11,0,11,0
79,石川入口,八王子武蔵村山線×甲州街道,R4/10,八王子,C 平山城址公園,9.立川,18,1,1,9,1,12,1
79,石川入口,八王子武蔵村山線×甲州街道,R4/10,八王子,C 平山城址公園,9.立川,12時間計,1,5,82,25,113,4
79,石川入口,八王子武蔵村山線×甲州街道,R4/10,八王子,C 平山城址公園,流入計,7,0,4,270,113,387,15
79,石川入口,八王子武蔵村山線×甲州街道,R4/10,八王子,C 平山城址公園,流入計,8,2,15,198,100,315,20
79,石川入口,八王子武蔵村山線×甲州街道,R4/10,八王子,C 平山城址公園,流入計,9,3,21,200,115,339,17
79,石川入口,八王子武蔵村山線×甲州街道,R4/10,八王子,C 平山城址公園,流入計,10,1,18,203,93,315,9
79,石川入口,八王子武蔵村山線×甲州街道,R4/10,八王子,C 平山城址公園,流入計,11,1,19,238,112,370,12
79,石川入口,八王子武蔵村山線×甲州街道,R4/10,八王子,C 平山城址公園,流入計,12,2,5,226,92,325,8
79,石川入口,八王子武蔵村山線×甲州街道,R4/10,八王子,C 平山城址公園,流入計,13,4,11,185,127,327,14
79,石川入口,八王子武蔵村山線×甲州街道,R4/10,八王子,C 平山城址公園,流入計,14,3,10,224,129,366,9
79,石川入口,八王子武蔵村山線×甲州街道,R4/10,八王子,C 平山城址公園,流入計,15,8,9,200,119,336,8
79,石川入口,八王子武蔵村山線×甲州街道,R4/10,八王子,C 平山城址公園,流入計,16,4,13,221,112,350,16
79,石川入口,八王子武蔵村山線×甲州街道,R4/10,八王子,C 平山城址公園,流入計,17,3,9,253,97,362,15
79,石川入口,八王子武蔵村山線×甲州街道,R4/10,八王子,C 平山城址公園,流入計,18,3,8,226,90,327,12
79,石川入口,八王子武蔵村山線×甲州街道,R4/10,八王子,C 平山城址公園,流入計,12時間計,34,142,2644,1299,4119,155
79,石川入口,八王子武蔵村山線×甲州街道,R4/10,八王子,D 立川,10.平山城址公園,7,0,0,1,1,2,0
79,石川入口,八王子武蔵村山線×甲州街道,R4/10,八王子,D 立川,10.平山城址公園,8,1,1,5,0,7,0
79,石川入口,八王子武蔵村山線×甲州街道,R4/10,八王子,D 立川,10.平山城址公園,9,0,0,2,0,2,0
79,石川入口,八王子武蔵村山線×甲州街道,R4/10,八王子,D 立川,10.平山城址公園,10,0,1,2,4,7,1
79,石川入口,八王子武蔵村山線×甲州街道,R4/10,八王子,D 立川,10.平山城址公園,11,0,0,4,2,6,1
79,石川入口,八王子武蔵村山線×甲州街道,R4/10,八王子,D 立川,10.平山城址公園,12,0,0,5,3,8,1
79,石川入口,八王子武蔵村山線×甲州街道,R4/10,八王子,D 立川,10.平山城址公園,13,0,0,4,1,5,0
79,石川入口,八王子武蔵村山線×甲州街道,R4/10,八王子,D 立川,10.平山城址公園,14,0,0,3,0,3,0
79,石川入口,八王子武蔵村山線×甲州街道,R4/10,八王子,D 立川,10.平山城址公園,15,0,0,2,0,2,0
79,石川入口,八王子武蔵村山線×甲州街道,R4/10,八王子,D 立川,10.平山城址公園,16,0,2,6,3,11,2
79,石川入口,八王子武蔵村山線×甲州街道,R4/10,八王子,D 立川,10.平山城址公園,17,0,0,6,0,6,0
79,石川入口,八王子武蔵村山線×甲州街道,R4/10,八王子,D 立川,10.平山城址公園,18,0,0,4,1,5,2
79,石川入口,八王子武蔵村山線×甲州街道,R4/10,八王子,D 立川,10.平山城址公園,12時間計,1,4,44,15,64,7
79,石川入口,八王子武蔵村山線×甲州街道,R4/10,八王子,D 立川,11.八王子,7,14,25,695,214,948,50
79,石川入口,八王子武蔵村山線×甲州街道,R4/10,八王子,D 立川,11.八王子,8,28,28,599,252,907,45
79,石川入口,八王子武蔵村山線×甲州街道,R4/10,八王子,D 立川,11.八王子,9,24,23,486,292,825,31
79,石川入口,八王子武蔵村山線×甲州街道,R4/10,八王子,D 立川,11.八王子,10,14,30,570,288,902,34
79,石川入口,八王子武蔵村山線×甲州街道,R4/10,八王子,D 立川,11.八王子,11,16,24,553,267,860,39
79,石川入口,八王子武蔵村山線×甲州街道,R4/10,八王子,D 立川,11.八王子,12,15,31,625,214,885,34
79,石川入口,八王子武蔵村山線×甲州街道,R4/10,八王子,D 立川,11.八王子,13,14,28,564,240,846,34
79,石川入口,八王子武蔵村山線×甲州街道,R4/10,八王子,D 立川,11.八王子,14,13,28,583,291,915,22
79,石川入口,八王子武蔵村山線×甲州街道,R4/10,八王子,D 立川,11.八王子,15,16,26,548,277,867,32
79,石川入口,八王子武蔵村山線×甲州街道,R4/10,八王子,D 立川,11.八王子,16,12,24,529,246,811,16
79,石川入口,八王子武蔵村山線×甲州街道,R4/10,八王子,D 立川,11.八王子,17,13,11,688,185,897,49
79,石川入口,八王子武蔵村山線×甲州街道,R4/10,八王子,D 立川,11.八王子,18,16,2,581,94,693,51
79,石川入口,八王子武蔵村山線×甲州街道,R4/10,八王子,D 立川,11.八王子,12時間計,195,280,7021,2860,10356,437
79,石川入口,八王子武蔵村山線×甲州街道,R4/10,八王子,D 立川,12.多摩大橋,7,0,2,83,24,109,8
79,石川入口,八王子武蔵村山線×甲州街道,R4/10,八王子,D 立川,12.多摩大橋,8,1,3,93,37,134,6
79,石川入口,八王子武蔵村山線×甲州街道,R4/10,八王子,D 立川,12.多摩大橋,9,5,2,81,28,116,3
79,石川入口,八王子武蔵村山線×甲州街道,R4/10,八王子,D 立川,12.多摩大橋,10,0,3,74,23,100,0
79,石川入口,八王子武蔵村山線×甲州街道,R4/10,八王子,D 立川,12.多摩大橋,11,0,4,74,25,103,3
79,石川入口,八王子武蔵村山線×甲州街道,R4/10,八王子,D 立川,12.多摩大橋,12,0,6,55,21,82,1
79,石川入口,八王子武蔵村山線×甲州街道,R4/10,八王子,D 立川,12.多摩大橋,13,0,2,86,35,123,0
79,石川入口,八王子武蔵村山線×甲州街道,R4/10,八王子,D 立川,12.多摩大橋,14,0,7,84,43,134,4
79,石川入口,八王子武蔵村山線×甲州街道,R4/10,八王子,D 立川,12.多摩大橋,15,0,4,64,36,104,1
79,石川入口,八王子武蔵村山線×甲州街道,R4/10,八王子,D 立川,12.多摩大橋,16,1,5,85,48,139,1
79,石川入口,八王子武蔵村山線×甲州街道,R4/10,八王子,D 立川,12.多摩大橋,17,1,2,76,40,119,3
79,石川入口,八王子武蔵村山線×甲州街道,R4/10,八王子,D 立川,12.多摩大橋,18,0,5,81,21,107,6
79,石川入口,八王子武蔵村山線×甲州街道,R4/10,八王子,D 立川,12.多摩大橋,12時間計,8,45,936,381,1370,36
79,石川入口,八王子武蔵村山線×甲州街道,R4/10,八王子,D 立川,流入計,7,14,27,779,239,1059,58
79,石川入口,八王子武蔵村山線×甲州街道,R4/10,八王子,D 立川,流入計,8,30,32,697,289,1048,51
79,石川入口,八王子武蔵村山線×甲州街道,R4/10,八王子,D 立川,流入計,9,29,25,569,320,943,34
79,石川入口,八王子武蔵村山線×甲州街道,R4/10,八王子,D 立川,流入計,10,14,34,646,315,1009,35
79,石川入口,八王子武蔵村山線×甲州街道,R4/10,八王子,D 立川,流入計,11,16,28,631,294,969,43
79,石川入口,八王子武蔵村山線×甲州街道,R4/10,八王子,D 立川,流入計,12,15,37,685,238,975,36
79,石川入口,八王子武蔵村山線×甲州街道,R4/10,八王子,D 立川,流入計,13,14,30,654,276,974,34
79,石川入口,八王子武蔵村山線×甲州街道,R4/10,八王子,D 立川,流入計,14,13,35,670,334,1052,26
79,石川入口,八王子武蔵村山線×甲州街道,R4/10,八王子,D 立川,流入計,15,16,30,614,313,973,33
79,石川入口,八王子武蔵村山線×甲州街道,R4/10,八王子,D 立川,流入計,16,13,31,620,297,961,19
79,石川入口,八王子武蔵村山線×甲州街道,R4/10,八王子,D 立川,流入計,17,14,13,770,225,1022,52
79,石川入口,八王子武蔵村山線×甲州街道,R4/10,八王子,D 立川,流入計,18,16,7,666,116,805,59
79,石川入口,八王子武蔵村山線×甲州街道,R4/10,八王子,D 立川,流入計,12時間計,204,329,8001,3256,11790,480
