﻿地点番号,地点名,交差道路名,調査年月,管轄警察署,流入方向,流出方向,時間帯等,車道通行自転車,歩道通行自転車,自転車計
79,石川入口,八王子武蔵村山線×甲州街道,R4/10,八王子,A 多摩大橋,1立川,7,2,-,-
79,石川入口,八王子武蔵村山線×甲州街道,R4/10,八王子,A 多摩大橋,1立川,8,0,-,-
79,石川入口,八王子武蔵村山線×甲州街道,R4/10,八王子,A 多摩大橋,1立川,9,0,-,-
79,石川入口,八王子武蔵村山線×甲州街道,R4/10,八王子,A 多摩大橋,1立川,10,0,-,-
79,石川入口,八王子武蔵村山線×甲州街道,R4/10,八王子,A 多摩大橋,1立川,11,2,-,-
79,石川入口,八王子武蔵村山線×甲州街道,R4/10,八王子,A 多摩大橋,1立川,12,0,-,-
79,石川入口,八王子武蔵村山線×甲州街道,R4/10,八王子,A 多摩大橋,1立川,13,0,-,-
79,石川入口,八王子武蔵村山線×甲州街道,R4/10,八王子,A 多摩大橋,1立川,14,0,-,-
79,石川入口,八王子武蔵村山線×甲州街道,R4/10,八王子,A 多摩大橋,1立川,15,0,-,-
79,石川入口,八王子武蔵村山線×甲州街道,R4/10,八王子,A 多摩大橋,1立川,16,0,-,-
79,石川入口,八王子武蔵村山線×甲州街道,R4/10,八王子,A 多摩大橋,1立川,17,1,-,-
79,石川入口,八王子武蔵村山線×甲州街道,R4/10,八王子,A 多摩大橋,1立川,18,0,-,-
79,石川入口,八王子武蔵村山線×甲州街道,R4/10,八王子,A 多摩大橋,1立川,12時間計,5,-,-
79,石川入口,八王子武蔵村山線×甲州街道,R4/10,八王子,A 多摩大橋,2平山城址公園,7,0,-,-
79,石川入口,八王子武蔵村山線×甲州街道,R4/10,八王子,A 多摩大橋,2平山城址公園,8,7,-,-
79,石川入口,八王子武蔵村山線×甲州街道,R4/10,八王子,A 多摩大橋,2平山城址公園,9,0,-,-
79,石川入口,八王子武蔵村山線×甲州街道,R4/10,八王子,A 多摩大橋,2平山城址公園,10,0,-,-
79,石川入口,八王子武蔵村山線×甲州街道,R4/10,八王子,A 多摩大橋,2平山城址公園,11,0,-,-
79,石川入口,八王子武蔵村山線×甲州街道,R4/10,八王子,A 多摩大橋,2平山城址公園,12,0,-,-
79,石川入口,八王子武蔵村山線×甲州街道,R4/10,八王子,A 多摩大橋,2平山城址公園,13,0,-,-
79,石川入口,八王子武蔵村山線×甲州街道,R4/10,八王子,A 多摩大橋,2平山城址公園,14,2,-,-
79,石川入口,八王子武蔵村山線×甲州街道,R4/10,八王子,A 多摩大橋,2平山城址公園,15,0,-,-
79,石川入口,八王子武蔵村山線×甲州街道,R4/10,八王子,A 多摩大橋,2平山城址公園,16,0,-,-
79,石川入口,八王子武蔵村山線×甲州街道,R4/10,八王子,A 多摩大橋,2平山城址公園,17,0,-,-
79,石川入口,八王子武蔵村山線×甲州街道,R4/10,八王子,A 多摩大橋,2平山城址公園,18,2,-,-
79,石川入口,八王子武蔵村山線×甲州街道,R4/10,八王子,A 多摩大橋,2平山城址公園,12時間計,11,-,-
79,石川入口,八王子武蔵村山線×甲州街道,R4/10,八王子,A 多摩大橋,3八王子,7,0,-,-
79,石川入口,八王子武蔵村山線×甲州街道,R4/10,八王子,A 多摩大橋,3八王子,8,0,-,-
79,石川入口,八王子武蔵村山線×甲州街道,R4/10,八王子,A 多摩大橋,3八王子,9,1,-,-
79,石川入口,八王子武蔵村山線×甲州街道,R4/10,八王子,A 多摩大橋,3八王子,10,0,-,-
79,石川入口,八王子武蔵村山線×甲州街道,R4/10,八王子,A 多摩大橋,3八王子,11,0,-,-
79,石川入口,八王子武蔵村山線×甲州街道,R4/10,八王子,A 多摩大橋,3八王子,12,0,-,-
79,石川入口,八王子武蔵村山線×甲州街道,R4/10,八王子,A 多摩大橋,3八王子,13,0,-,-
79,石川入口,八王子武蔵村山線×甲州街道,R4/10,八王子,A 多摩大橋,3八王子,14,0,-,-
79,石川入口,八王子武蔵村山線×甲州街道,R4/10,八王子,A 多摩大橋,3八王子,15,0,-,-
79,石川入口,八王子武蔵村山線×甲州街道,R4/10,八王子,A 多摩大橋,3八王子,16,1,-,-
79,石川入口,八王子武蔵村山線×甲州街道,R4/10,八王子,A 多摩大橋,3八王子,17,1,-,-
79,石川入口,八王子武蔵村山線×甲州街道,R4/10,八王子,A 多摩大橋,3八王子,18,0,-,-
79,石川入口,八王子武蔵村山線×甲州街道,R4/10,八王子,A 多摩大橋,3八王子,12時間計,3,-,-
79,石川入口,八王子武蔵村山線×甲州街道,R4/10,八王子,A 多摩大橋,流入計,7,2,63,65
79,石川入口,八王子武蔵村山線×甲州街道,R4/10,八王子,A 多摩大橋,流入計,8,7,95,102
79,石川入口,八王子武蔵村山線×甲州街道,R4/10,八王子,A 多摩大橋,流入計,9,1,48,49
79,石川入口,八王子武蔵村山線×甲州街道,R4/10,八王子,A 多摩大橋,流入計,10,0,25,25
79,石川入口,八王子武蔵村山線×甲州街道,R4/10,八王子,A 多摩大橋,流入計,11,2,18,20
79,石川入口,八王子武蔵村山線×甲州街道,R4/10,八王子,A 多摩大橋,流入計,12,0,23,23
79,石川入口,八王子武蔵村山線×甲州街道,R4/10,八王子,A 多摩大橋,流入計,13,0,44,44
79,石川入口,八王子武蔵村山線×甲州街道,R4/10,八王子,A 多摩大橋,流入計,14,2,49,51
79,石川入口,八王子武蔵村山線×甲州街道,R4/10,八王子,A 多摩大橋,流入計,15,0,58,58
79,石川入口,八王子武蔵村山線×甲州街道,R4/10,八王子,A 多摩大橋,流入計,16,1,52,53
79,石川入口,八王子武蔵村山線×甲州街道,R4/10,八王子,A 多摩大橋,流入計,17,2,31,33
79,石川入口,八王子武蔵村山線×甲州街道,R4/10,八王子,A 多摩大橋,流入計,18,2,12,14
79,石川入口,八王子武蔵村山線×甲州街道,R4/10,八王子,A 多摩大橋,流入計,12時間計,19,518,537
79,石川入口,八王子武蔵村山線×甲州街道,R4/10,八王子,B 八王子,4多摩大橋,7,17,-,-
79,石川入口,八王子武蔵村山線×甲州街道,R4/10,八王子,B 八王子,4多摩大橋,8,2,-,-
79,石川入口,八王子武蔵村山線×甲州街道,R4/10,八王子,B 八王子,4多摩大橋,9,5,-,-
79,石川入口,八王子武蔵村山線×甲州街道,R4/10,八王子,B 八王子,4多摩大橋,10,2,-,-
79,石川入口,八王子武蔵村山線×甲州街道,R4/10,八王子,B 八王子,4多摩大橋,11,1,-,-
79,石川入口,八王子武蔵村山線×甲州街道,R4/10,八王子,B 八王子,4多摩大橋,12,0,-,-
79,石川入口,八王子武蔵村山線×甲州街道,R4/10,八王子,B 八王子,4多摩大橋,13,0,-,-
79,石川入口,八王子武蔵村山線×甲州街道,R4/10,八王子,B 八王子,4多摩大橋,14,2,-,-
79,石川入口,八王子武蔵村山線×甲州街道,R4/10,八王子,B 八王子,4多摩大橋,15,0,-,-
79,石川入口,八王子武蔵村山線×甲州街道,R4/10,八王子,B 八王子,4多摩大橋,16,7,-,-
79,石川入口,八王子武蔵村山線×甲州街道,R4/10,八王子,B 八王子,4多摩大橋,17,0,-,-
79,石川入口,八王子武蔵村山線×甲州街道,R4/10,八王子,B 八王子,4多摩大橋,18,0,-,-
79,石川入口,八王子武蔵村山線×甲州街道,R4/10,八王子,B 八王子,4多摩大橋,12時間計,36,-,-
79,石川入口,八王子武蔵村山線×甲州街道,R4/10,八王子,B 八王子,5立川,7,17,-,-
79,石川入口,八王子武蔵村山線×甲州街道,R4/10,八王子,B 八王子,5立川,8,20,-,-
79,石川入口,八王子武蔵村山線×甲州街道,R4/10,八王子,B 八王子,5立川,9,5,-,-
79,石川入口,八王子武蔵村山線×甲州街道,R4/10,八王子,B 八王子,5立川,10,3,-,-
79,石川入口,八王子武蔵村山線×甲州街道,R4/10,八王子,B 八王子,5立川,11,0,-,-
79,石川入口,八王子武蔵村山線×甲州街道,R4/10,八王子,B 八王子,5立川,12,5,-,-
79,石川入口,八王子武蔵村山線×甲州街道,R4/10,八王子,B 八王子,5立川,13,0,-,-
79,石川入口,八王子武蔵村山線×甲州街道,R4/10,八王子,B 八王子,5立川,14,4,-,-
79,石川入口,八王子武蔵村山線×甲州街道,R4/10,八王子,B 八王子,5立川,15,2,-,-
79,石川入口,八王子武蔵村山線×甲州街道,R4/10,八王子,B 八王子,5立川,16,4,-,-
79,石川入口,八王子武蔵村山線×甲州街道,R4/10,八王子,B 八王子,5立川,17,5,-,-
79,石川入口,八王子武蔵村山線×甲州街道,R4/10,八王子,B 八王子,5立川,18,6,-,-
79,石川入口,八王子武蔵村山線×甲州街道,R4/10,八王子,B 八王子,5立川,12時間計,71,-,-
79,石川入口,八王子武蔵村山線×甲州街道,R4/10,八王子,B 八王子,6平山城址公園,7,0,-,-
79,石川入口,八王子武蔵村山線×甲州街道,R4/10,八王子,B 八王子,6平山城址公園,8,5,-,-
79,石川入口,八王子武蔵村山線×甲州街道,R4/10,八王子,B 八王子,6平山城址公園,9,0,-,-
79,石川入口,八王子武蔵村山線×甲州街道,R4/10,八王子,B 八王子,6平山城址公園,10,0,-,-
79,石川入口,八王子武蔵村山線×甲州街道,R4/10,八王子,B 八王子,6平山城址公園,11,0,-,-
79,石川入口,八王子武蔵村山線×甲州街道,R4/10,八王子,B 八王子,6平山城址公園,12,0,-,-
79,石川入口,八王子武蔵村山線×甲州街道,R4/10,八王子,B 八王子,6平山城址公園,13,0,-,-
79,石川入口,八王子武蔵村山線×甲州街道,R4/10,八王子,B 八王子,6平山城址公園,14,0,-,-
79,石川入口,八王子武蔵村山線×甲州街道,R4/10,八王子,B 八王子,6平山城址公園,15,1,-,-
79,石川入口,八王子武蔵村山線×甲州街道,R4/10,八王子,B 八王子,6平山城址公園,16,0,-,-
79,石川入口,八王子武蔵村山線×甲州街道,R4/10,八王子,B 八王子,6平山城址公園,17,0,-,-
79,石川入口,八王子武蔵村山線×甲州街道,R4/10,八王子,B 八王子,6平山城址公園,18,0,-,-
79,石川入口,八王子武蔵村山線×甲州街道,R4/10,八王子,B 八王子,6平山城址公園,12時間計,6,-,-
79,石川入口,八王子武蔵村山線×甲州街道,R4/10,八王子,B 八王子,流入計,7,34,86,120
79,石川入口,八王子武蔵村山線×甲州街道,R4/10,八王子,B 八王子,流入計,8,27,98,125
79,石川入口,八王子武蔵村山線×甲州街道,R4/10,八王子,B 八王子,流入計,9,10,60,70
79,石川入口,八王子武蔵村山線×甲州街道,R4/10,八王子,B 八王子,流入計,10,5,24,29
79,石川入口,八王子武蔵村山線×甲州街道,R4/10,八王子,B 八王子,流入計,11,1,21,22
79,石川入口,八王子武蔵村山線×甲州街道,R4/10,八王子,B 八王子,流入計,12,5,30,35
79,石川入口,八王子武蔵村山線×甲州街道,R4/10,八王子,B 八王子,流入計,13,0,34,34
79,石川入口,八王子武蔵村山線×甲州街道,R4/10,八王子,B 八王子,流入計,14,6,49,55
79,石川入口,八王子武蔵村山線×甲州街道,R4/10,八王子,B 八王子,流入計,15,3,72,75
79,石川入口,八王子武蔵村山線×甲州街道,R4/10,八王子,B 八王子,流入計,16,11,37,48
79,石川入口,八王子武蔵村山線×甲州街道,R4/10,八王子,B 八王子,流入計,17,5,39,44
79,石川入口,八王子武蔵村山線×甲州街道,R4/10,八王子,B 八王子,流入計,18,6,42,48
79,石川入口,八王子武蔵村山線×甲州街道,R4/10,八王子,B 八王子,流入計,12時間計,113,592,705
79,石川入口,八王子武蔵村山線×甲州街道,R4/10,八王子,C 平山城址公園,7八王子,7,1,-,-
79,石川入口,八王子武蔵村山線×甲州街道,R4/10,八王子,C 平山城址公園,7八王子,8,0,-,-
79,石川入口,八王子武蔵村山線×甲州街道,R4/10,八王子,C 平山城址公園,7八王子,9,0,-,-
79,石川入口,八王子武蔵村山線×甲州街道,R4/10,八王子,C 平山城址公園,7八王子,10,0,-,-
79,石川入口,八王子武蔵村山線×甲州街道,R4/10,八王子,C 平山城址公園,7八王子,11,1,-,-
79,石川入口,八王子武蔵村山線×甲州街道,R4/10,八王子,C 平山城址公園,7八王子,12,0,-,-
79,石川入口,八王子武蔵村山線×甲州街道,R4/10,八王子,C 平山城址公園,7八王子,13,0,-,-
79,石川入口,八王子武蔵村山線×甲州街道,R4/10,八王子,C 平山城址公園,7八王子,14,0,-,-
79,石川入口,八王子武蔵村山線×甲州街道,R4/10,八王子,C 平山城址公園,7八王子,15,0,-,-
79,石川入口,八王子武蔵村山線×甲州街道,R4/10,八王子,C 平山城址公園,7八王子,16,1,-,-
79,石川入口,八王子武蔵村山線×甲州街道,R4/10,八王子,C 平山城址公園,7八王子,17,0,-,-
79,石川入口,八王子武蔵村山線×甲州街道,R4/10,八王子,C 平山城址公園,7八王子,18,1,-,-
79,石川入口,八王子武蔵村山線×甲州街道,R4/10,八王子,C 平山城址公園,7八王子,12時間計,4,-,-
79,石川入口,八王子武蔵村山線×甲州街道,R4/10,八王子,C 平山城址公園,8多摩大橋,7,12,-,-
79,石川入口,八王子武蔵村山線×甲州街道,R4/10,八王子,C 平山城址公園,8多摩大橋,8,16,-,-
79,石川入口,八王子武蔵村山線×甲州街道,R4/10,八王子,C 平山城址公園,8多摩大橋,9,7,-,-
79,石川入口,八王子武蔵村山線×甲州街道,R4/10,八王子,C 平山城址公園,8多摩大橋,10,2,-,-
79,石川入口,八王子武蔵村山線×甲州街道,R4/10,八王子,C 平山城址公園,8多摩大橋,11,1,-,-
79,石川入口,八王子武蔵村山線×甲州街道,R4/10,八王子,C 平山城址公園,8多摩大橋,12,0,-,-
79,石川入口,八王子武蔵村山線×甲州街道,R4/10,八王子,C 平山城址公園,8多摩大橋,13,3,-,-
79,石川入口,八王子武蔵村山線×甲州街道,R4/10,八王子,C 平山城址公園,8多摩大橋,14,4,-,-
79,石川入口,八王子武蔵村山線×甲州街道,R4/10,八王子,C 平山城址公園,8多摩大橋,15,1,-,-
79,石川入口,八王子武蔵村山線×甲州街道,R4/10,八王子,C 平山城址公園,8多摩大橋,16,3,-,-
79,石川入口,八王子武蔵村山線×甲州街道,R4/10,八王子,C 平山城址公園,8多摩大橋,17,6,-,-
79,石川入口,八王子武蔵村山線×甲州街道,R4/10,八王子,C 平山城址公園,8多摩大橋,18,2,-,-
79,石川入口,八王子武蔵村山線×甲州街道,R4/10,八王子,C 平山城址公園,8多摩大橋,12時間計,57,-,-
79,石川入口,八王子武蔵村山線×甲州街道,R4/10,八王子,C 平山城址公園,9立川,7,0,-,-
79,石川入口,八王子武蔵村山線×甲州街道,R4/10,八王子,C 平山城址公園,9立川,8,0,-,-
79,石川入口,八王子武蔵村山線×甲州街道,R4/10,八王子,C 平山城址公園,9立川,9,0,-,-
79,石川入口,八王子武蔵村山線×甲州街道,R4/10,八王子,C 平山城址公園,9立川,10,0,-,-
79,石川入口,八王子武蔵村山線×甲州街道,R4/10,八王子,C 平山城址公園,9立川,11,0,-,-
79,石川入口,八王子武蔵村山線×甲州街道,R4/10,八王子,C 平山城址公園,9立川,12,0,-,-
79,石川入口,八王子武蔵村山線×甲州街道,R4/10,八王子,C 平山城址公園,9立川,13,0,-,-
79,石川入口,八王子武蔵村山線×甲州街道,R4/10,八王子,C 平山城址公園,9立川,14,1,-,-
79,石川入口,八王子武蔵村山線×甲州街道,R4/10,八王子,C 平山城址公園,9立川,15,0,-,-
79,石川入口,八王子武蔵村山線×甲州街道,R4/10,八王子,C 平山城址公園,9立川,16,0,-,-
79,石川入口,八王子武蔵村山線×甲州街道,R4/10,八王子,C 平山城址公園,9立川,17,0,-,-
79,石川入口,八王子武蔵村山線×甲州街道,R4/10,八王子,C 平山城址公園,9立川,18,2,-,-
79,石川入口,八王子武蔵村山線×甲州街道,R4/10,八王子,C 平山城址公園,9立川,12時間計,3,-,-
79,石川入口,八王子武蔵村山線×甲州街道,R4/10,八王子,C 平山城址公園,流入計,7,13,10,23
79,石川入口,八王子武蔵村山線×甲州街道,R4/10,八王子,C 平山城址公園,流入計,8,16,39,55
79,石川入口,八王子武蔵村山線×甲州街道,R4/10,八王子,C 平山城址公園,流入計,9,7,31,38
79,石川入口,八王子武蔵村山線×甲州街道,R4/10,八王子,C 平山城址公園,流入計,10,2,4,6
79,石川入口,八王子武蔵村山線×甲州街道,R4/10,八王子,C 平山城址公園,流入計,11,2,3,5
79,石川入口,八王子武蔵村山線×甲州街道,R4/10,八王子,C 平山城址公園,流入計,12,0,8,8
79,石川入口,八王子武蔵村山線×甲州街道,R4/10,八王子,C 平山城址公園,流入計,13,3,8,11
79,石川入口,八王子武蔵村山線×甲州街道,R4/10,八王子,C 平山城址公園,流入計,14,5,22,27
79,石川入口,八王子武蔵村山線×甲州街道,R4/10,八王子,C 平山城址公園,流入計,15,1,24,25
79,石川入口,八王子武蔵村山線×甲州街道,R4/10,八王子,C 平山城址公園,流入計,16,4,2,6
79,石川入口,八王子武蔵村山線×甲州街道,R4/10,八王子,C 平山城址公園,流入計,17,6,3,9
79,石川入口,八王子武蔵村山線×甲州街道,R4/10,八王子,C 平山城址公園,流入計,18,5,14,19
79,石川入口,八王子武蔵村山線×甲州街道,R4/10,八王子,C 平山城址公園,流入計,12時間計,64,168,232
79,石川入口,八王子武蔵村山線×甲州街道,R4/10,八王子,D 立川,10平山城址公園,7,0,-,-
79,石川入口,八王子武蔵村山線×甲州街道,R4/10,八王子,D 立川,10平山城址公園,8,1,-,-
79,石川入口,八王子武蔵村山線×甲州街道,R4/10,八王子,D 立川,10平山城址公園,9,0,-,-
79,石川入口,八王子武蔵村山線×甲州街道,R4/10,八王子,D 立川,10平山城址公園,10,0,-,-
79,石川入口,八王子武蔵村山線×甲州街道,R4/10,八王子,D 立川,10平山城址公園,11,3,-,-
79,石川入口,八王子武蔵村山線×甲州街道,R4/10,八王子,D 立川,10平山城址公園,12,0,-,-
79,石川入口,八王子武蔵村山線×甲州街道,R4/10,八王子,D 立川,10平山城址公園,13,0,-,-
79,石川入口,八王子武蔵村山線×甲州街道,R4/10,八王子,D 立川,10平山城址公園,14,0,-,-
79,石川入口,八王子武蔵村山線×甲州街道,R4/10,八王子,D 立川,10平山城址公園,15,0,-,-
79,石川入口,八王子武蔵村山線×甲州街道,R4/10,八王子,D 立川,10平山城址公園,16,6,-,-
79,石川入口,八王子武蔵村山線×甲州街道,R4/10,八王子,D 立川,10平山城址公園,17,10,-,-
79,石川入口,八王子武蔵村山線×甲州街道,R4/10,八王子,D 立川,10平山城址公園,18,4,-,-
79,石川入口,八王子武蔵村山線×甲州街道,R4/10,八王子,D 立川,10平山城址公園,12時間計,24,-,-
79,石川入口,八王子武蔵村山線×甲州街道,R4/10,八王子,D 立川,11八王子,7,18,-,-
79,石川入口,八王子武蔵村山線×甲州街道,R4/10,八王子,D 立川,11八王子,8,19,-,-
79,石川入口,八王子武蔵村山線×甲州街道,R4/10,八王子,D 立川,11八王子,9,14,-,-
79,石川入口,八王子武蔵村山線×甲州街道,R4/10,八王子,D 立川,11八王子,10,8,-,-
79,石川入口,八王子武蔵村山線×甲州街道,R4/10,八王子,D 立川,11八王子,11,4,-,-
79,石川入口,八王子武蔵村山線×甲州街道,R4/10,八王子,D 立川,11八王子,12,12,-,-
79,石川入口,八王子武蔵村山線×甲州街道,R4/10,八王子,D 立川,11八王子,13,7,-,-
79,石川入口,八王子武蔵村山線×甲州街道,R4/10,八王子,D 立川,11八王子,14,3,-,-
79,石川入口,八王子武蔵村山線×甲州街道,R4/10,八王子,D 立川,11八王子,15,10,-,-
79,石川入口,八王子武蔵村山線×甲州街道,R4/10,八王子,D 立川,11八王子,16,6,-,-
79,石川入口,八王子武蔵村山線×甲州街道,R4/10,八王子,D 立川,11八王子,17,18,-,-
79,石川入口,八王子武蔵村山線×甲州街道,R4/10,八王子,D 立川,11八王子,18,16,-,-
79,石川入口,八王子武蔵村山線×甲州街道,R4/10,八王子,D 立川,11八王子,12時間計,135,-,-
79,石川入口,八王子武蔵村山線×甲州街道,R4/10,八王子,D 立川,12多摩大橋,7,12,-,-
79,石川入口,八王子武蔵村山線×甲州街道,R4/10,八王子,D 立川,12多摩大橋,8,0,-,-
79,石川入口,八王子武蔵村山線×甲州街道,R4/10,八王子,D 立川,12多摩大橋,9,1,-,-
79,石川入口,八王子武蔵村山線×甲州街道,R4/10,八王子,D 立川,12多摩大橋,10,0,-,-
79,石川入口,八王子武蔵村山線×甲州街道,R4/10,八王子,D 立川,12多摩大橋,11,0,-,-
79,石川入口,八王子武蔵村山線×甲州街道,R4/10,八王子,D 立川,12多摩大橋,12,1,-,-
79,石川入口,八王子武蔵村山線×甲州街道,R4/10,八王子,D 立川,12多摩大橋,13,0,-,-
79,石川入口,八王子武蔵村山線×甲州街道,R4/10,八王子,D 立川,12多摩大橋,14,0,-,-
79,石川入口,八王子武蔵村山線×甲州街道,R4/10,八王子,D 立川,12多摩大橋,15,1,-,-
79,石川入口,八王子武蔵村山線×甲州街道,R4/10,八王子,D 立川,12多摩大橋,16,0,-,-
79,石川入口,八王子武蔵村山線×甲州街道,R4/10,八王子,D 立川,12多摩大橋,17,0,-,-
79,石川入口,八王子武蔵村山線×甲州街道,R4/10,八王子,D 立川,12多摩大橋,18,0,-,-
79,石川入口,八王子武蔵村山線×甲州街道,R4/10,八王子,D 立川,12多摩大橋,12時間計,15,-,-
79,石川入口,八王子武蔵村山線×甲州街道,R4/10,八王子,D 立川,流入計,7,30,40,70
79,石川入口,八王子武蔵村山線×甲州街道,R4/10,八王子,D 立川,流入計,8,20,39,59
79,石川入口,八王子武蔵村山線×甲州街道,R4/10,八王子,D 立川,流入計,9,15,40,55
79,石川入口,八王子武蔵村山線×甲州街道,R4/10,八王子,D 立川,流入計,10,8,18,26
79,石川入口,八王子武蔵村山線×甲州街道,R4/10,八王子,D 立川,流入計,11,7,16,23
79,石川入口,八王子武蔵村山線×甲州街道,R4/10,八王子,D 立川,流入計,12,13,34,47
79,石川入口,八王子武蔵村山線×甲州街道,R4/10,八王子,D 立川,流入計,13,7,42,49
79,石川入口,八王子武蔵村山線×甲州街道,R4/10,八王子,D 立川,流入計,14,3,16,19
79,石川入口,八王子武蔵村山線×甲州街道,R4/10,八王子,D 立川,流入計,15,11,41,52
79,石川入口,八王子武蔵村山線×甲州街道,R4/10,八王子,D 立川,流入計,16,12,36,48
79,石川入口,八王子武蔵村山線×甲州街道,R4/10,八王子,D 立川,流入計,17,28,79,107
79,石川入口,八王子武蔵村山線×甲州街道,R4/10,八王子,D 立川,流入計,18,20,58,78
79,石川入口,八王子武蔵村山線×甲州街道,R4/10,八王子,D 立川,流入計,12時間計,174,459,633
79,石川入口,八王子武蔵村山線×甲州街道,R4/10,八王子,全方向計,全方向計,7,79,199,278
79,石川入口,八王子武蔵村山線×甲州街道,R4/10,八王子,全方向計,全方向計,8,70,271,341
79,石川入口,八王子武蔵村山線×甲州街道,R4/10,八王子,全方向計,全方向計,9,33,179,212
79,石川入口,八王子武蔵村山線×甲州街道,R4/10,八王子,全方向計,全方向計,10,15,71,86
79,石川入口,八王子武蔵村山線×甲州街道,R4/10,八王子,全方向計,全方向計,11,12,58,70
79,石川入口,八王子武蔵村山線×甲州街道,R4/10,八王子,全方向計,全方向計,12,18,95,113
79,石川入口,八王子武蔵村山線×甲州街道,R4/10,八王子,全方向計,全方向計,13,10,128,138
79,石川入口,八王子武蔵村山線×甲州街道,R4/10,八王子,全方向計,全方向計,14,16,136,152
79,石川入口,八王子武蔵村山線×甲州街道,R4/10,八王子,全方向計,全方向計,15,15,195,210
79,石川入口,八王子武蔵村山線×甲州街道,R4/10,八王子,全方向計,全方向計,16,28,127,155
79,石川入口,八王子武蔵村山線×甲州街道,R4/10,八王子,全方向計,全方向計,17,41,152,193
79,石川入口,八王子武蔵村山線×甲州街道,R4/10,八王子,全方向計,全方向計,18,33,126,159
79,石川入口,八王子武蔵村山線×甲州街道,R4/10,八王子,全方向計,全方向計,12時間計,370,1737,2107
