﻿地点番号,地点名,交差道路名,調査年月,管轄警察署,流出方向,時間帯等,大型乗用,大型貨物,普通乗用,普通貨物,四輪計,二輪車
79,石川入口,八王子武蔵村山線×甲州街道,R4/10,八王子,A 多摩大橋,7,7,4,341,112,464,31
79,石川入口,八王子武蔵村山線×甲州街道,R4/10,八王子,A 多摩大橋,8,11,9,279,112,411,31
79,石川入口,八王子武蔵村山線×甲州街道,R4/10,八王子,A 多摩大橋,9,15,14,325,127,481,26
79,石川入口,八王子武蔵村山線×甲州街道,R4/10,八王子,A 多摩大橋,10,6,16,280,89,391,11
79,石川入口,八王子武蔵村山線×甲州街道,R4/10,八王子,A 多摩大橋,11,4,18,281,124,427,15
79,石川入口,八王子武蔵村山線×甲州街道,R4/10,八王子,A 多摩大橋,12,5,10,230,105,350,9
79,石川入口,八王子武蔵村山線×甲州街道,R4/10,八王子,A 多摩大橋,13,5,6,261,141,413,13
79,石川入口,八王子武蔵村山線×甲州街道,R4/10,八王子,A 多摩大橋,14,7,12,245,147,411,18
79,石川入口,八王子武蔵村山線×甲州街道,R4/10,八王子,A 多摩大橋,15,11,11,238,135,395,8
79,石川入口,八王子武蔵村山線×甲州街道,R4/10,八王子,A 多摩大橋,16,11,13,271,156,451,19
79,石川入口,八王子武蔵村山線×甲州街道,R4/10,八王子,A 多摩大橋,17,12,3,297,115,427,26
79,石川入口,八王子武蔵村山線×甲州街道,R4/10,八王子,A 多摩大橋,18,9,6,310,83,408,22
79,石川入口,八王子武蔵村山線×甲州街道,R4/10,八王子,A 多摩大橋,12時間計,103,122,3358,1446,5029,229
79,石川入口,八王子武蔵村山線×甲州街道,R4/10,八王子,B 八王子,7,21,31,843,276,1171,59
79,石川入口,八王子武蔵村山線×甲州街道,R4/10,八王子,B 八王子,8,34,37,717,329,1117,50
79,石川入口,八王子武蔵村山線×甲州街道,R4/10,八王子,B 八王子,9,30,33,646,391,1100,39
79,石川入口,八王子武蔵村山線×甲州街道,R4/10,八王子,B 八王子,10,20,39,698,372,1129,44
79,石川入口,八王子武蔵村山線×甲州街道,R4/10,八王子,B 八王子,11,20,33,732,346,1131,51
79,石川入口,八王子武蔵村山線×甲州街道,R4/10,八王子,B 八王子,12,20,32,826,264,1142,44
79,石川入口,八王子武蔵村山線×甲州街道,R4/10,八王子,B 八王子,13,21,36,734,321,1112,43
79,石川入口,八王子武蔵村山線×甲州街道,R4/10,八王子,B 八王子,14,18,34,788,385,1225,29
79,石川入口,八王子武蔵村山線×甲州街道,R4/10,八王子,B 八王子,15,26,30,746,363,1165,44
79,石川入口,八王子武蔵村山線×甲州街道,R4/10,八王子,B 八王子,16,22,33,783,321,1159,25
79,石川入口,八王子武蔵村山線×甲州街道,R4/10,八王子,B 八王子,17,26,20,998,278,1322,60
79,石川入口,八王子武蔵村山線×甲州街道,R4/10,八王子,B 八王子,18,23,9,881,157,1070,60
79,石川入口,八王子武蔵村山線×甲州街道,R4/10,八王子,B 八王子,12時間計,281,367,9392,3803,13843,548
79,石川入口,八王子武蔵村山線×甲州街道,R4/10,八王子,C 平山城址公園,7,0,19,330,126,475,11
79,石川入口,八王子武蔵村山線×甲州街道,R4/10,八王子,C 平山城址公園,8,5,39,362,93,499,11
79,石川入口,八王子武蔵村山線×甲州街道,R4/10,八王子,C 平山城址公園,9,1,30,324,64,419,20
79,石川入口,八王子武蔵村山線×甲州街道,R4/10,八王子,C 平山城址公園,10,7,38,274,118,437,16
79,石川入口,八王子武蔵村山線×甲州街道,R4/10,八王子,C 平山城址公園,11,0,27,282,118,427,17
79,石川入口,八王子武蔵村山線×甲州街道,R4/10,八王子,C 平山城址公園,12,1,15,307,140,463,25
79,石川入口,八王子武蔵村山線×甲州街道,R4/10,八王子,C 平山城址公園,13,1,13,302,128,444,20
79,石川入口,八王子武蔵村山線×甲州街道,R4/10,八王子,C 平山城址公園,14,7,20,252,80,359,9
79,石川入口,八王子武蔵村山線×甲州街道,R4/10,八王子,C 平山城址公園,15,3,17,333,75,428,15
79,石川入口,八王子武蔵村山線×甲州街道,R4/10,八王子,C 平山城址公園,16,4,22,335,131,492,19
79,石川入口,八王子武蔵村山線×甲州街道,R4/10,八王子,C 平山城址公園,17,1,16,383,126,526,22
79,石川入口,八王子武蔵村山線×甲州街道,R4/10,八王子,C 平山城址公園,18,2,7,436,129,574,36
79,石川入口,八王子武蔵村山線×甲州街道,R4/10,八王子,C 平山城址公園,12時間計,32,263,3920,1328,5543,221
79,石川入口,八王子武蔵村山線×甲州街道,R4/10,八王子,D 立川,7,23,68,1144,398,1633,103
79,石川入口,八王子武蔵村山線×甲州街道,R4/10,八王子,D 立川,8,19,63,846,306,1234,65
79,石川入口,八王子武蔵村山線×甲州街道,R4/10,八王子,D 立川,9,14,47,608,310,979,45
79,石川入口,八王子武蔵村山線×甲州街道,R4/10,八王子,D 立川,10,15,41,624,331,1011,37
79,石川入口,八王子武蔵村山線×甲州街道,R4/10,八王子,D 立川,11,9,77,445,240,771,34
79,石川入口,八王子武蔵村山線×甲州街道,R4/10,八王子,D 立川,12,13,64,541,247,865,47
79,石川入口,八王子武蔵村山線×甲州街道,R4/10,八王子,D 立川,13,13,75,681,265,1034,41
79,石川入口,八王子武蔵村山線×甲州街道,R4/10,八王子,D 立川,14,12,70,599,283,964,39
79,石川入口,八王子武蔵村山線×甲州街道,R4/10,八王子,D 立川,15,20,34,777,323,1154,53
79,石川入口,八王子武蔵村山線×甲州街道,R4/10,八王子,D 立川,16,26,17,727,313,1083,51
79,石川入口,八王子武蔵村山線×甲州街道,R4/10,八王子,D 立川,17,14,29,873,159,1075,63
79,石川入口,八王子武蔵村山線×甲州街道,R4/10,八王子,D 立川,18,20,36,733,141,930,49
79,石川入口,八王子武蔵村山線×甲州街道,R4/10,八王子,D 立川,12時間計,198,621,8598,3316,12733,627
79,石川入口,八王子武蔵村山線×甲州街道,R4/10,八王子,全方向合計,7,51,122,2658,912,3743,204
79,石川入口,八王子武蔵村山線×甲州街道,R4/10,八王子,全方向合計,8,69,148,2204,840,3261,157
79,石川入口,八王子武蔵村山線×甲州街道,R4/10,八王子,全方向合計,9,60,124,1903,892,2979,130
79,石川入口,八王子武蔵村山線×甲州街道,R4/10,八王子,全方向合計,10,48,134,1876,910,2968,108
79,石川入口,八王子武蔵村山線×甲州街道,R4/10,八王子,全方向合計,11,33,155,1740,828,2756,117
79,石川入口,八王子武蔵村山線×甲州街道,R4/10,八王子,全方向合計,12,39,121,1904,756,2820,125
79,石川入口,八王子武蔵村山線×甲州街道,R4/10,八王子,全方向合計,13,40,130,1978,855,3003,117
79,石川入口,八王子武蔵村山線×甲州街道,R4/10,八王子,全方向合計,14,44,136,1884,895,2959,95
79,石川入口,八王子武蔵村山線×甲州街道,R4/10,八王子,全方向合計,15,60,92,2094,896,3142,120
79,石川入口,八王子武蔵村山線×甲州街道,R4/10,八王子,全方向合計,16,63,85,2116,921,3185,114
79,石川入口,八王子武蔵村山線×甲州街道,R4/10,八王子,全方向合計,17,53,68,2551,678,3350,171
79,石川入口,八王子武蔵村山線×甲州街道,R4/10,八王子,全方向合計,18,54,58,2360,510,2982,167
79,石川入口,八王子武蔵村山線×甲州街道,R4/10,八王子,全方向合計,12時間計,614,1373,25268,9893,37148,1625
