﻿観測地点,Ｈ１７区間番号,路線名,都市計画路線名,通称道路名,調査日,天候,ピーク時間交通量（台／ｈ）,ピーク率（％）,混雑時平均旅行速度（ｋｍ／ｈ）,大型車台数（台／１２ｈ）,混入率（％）,混雑度,昼夜率,車線数,５８年度（台／１２ｈ）,６０年度（台／１２ｈ）,６３年度（台／１２ｈ）,２年度（台／１２ｈ）,６年度（台／１２ｈ）,９年度（台／１２ｈ）,１１年度（台／１２ｈ）,１７年度（台／１２ｈ）,２２年度（台／１２ｈ）
５０９０東京都中央区銀座８丁目,－,首都高速一号線,高速１号線,（首都高速都心環状線）,１１月１６日（火）,晴,1923,9.5,50.8,1608,7.9,0.33,1.61,4,-,-,-,-,-,-,-,-,20275
,,,,,,,,,,,,,,,,,,,,,,,
観測地点,Ｈ１７区間番号,路線名,都市計画路線名,通称道路名,調査日,天候,時間・種別,７～８,８～９,９～１０,１０～１１,１１～１２,１２～１３,１３～１４,１４～１５,１５～１６,１６～１７,１７～１８,１８～１９,１２ｈ計,２４ｈ計,,
５０９０東京都中央区銀座８丁目,－,首都高速一号線,高速１号線,（首都高速都心環状線）,１１月１６日（火）,晴,自動車類上り大型車,70,71,91,90,81,81,88,71,66,58,43,39,849,1699,,
５０９０東京都中央区銀座８丁目,－,首都高速一号線,高速１号線,（首都高速都心環状線）,１１月１６日（火）,晴,自動車類上り小型車,1011,1015,1011,803,726,721,788,822,899,861,818,767,10242,15470,,
５０９０東京都中央区銀座８丁目,－,首都高速一号線,高速１号線,（首都高速都心環状線）,１１月１６日（火）,晴,自動車類上り計,1081,1086,1102,893,807,802,876,893,965,919,861,806,11091,17169,,
５０９０東京都中央区銀座８丁目,－,首都高速一号線,高速１号線,（首都高速都心環状線）,１１月１６日（火）,晴,自動車類下り大型車,75,44,75,72,49,91,67,60,57,67,50,52,759,1606,,
５０９０東京都中央区銀座８丁目,－,首都高速一号線,高速１号線,（首都高速都心環状線）,１１月１６日（火）,晴,自動車類下り小型車,767,757,740,613,569,722,662,741,743,797,674,640,8425,13783,,
５０９０東京都中央区銀座８丁目,－,首都高速一号線,高速１号線,（首都高速都心環状線）,１１月１６日（火）,晴,自動車類下り計,842,801,815,685,618,813,729,801,800,864,724,692,9184,15389,,
５０９０東京都中央区銀座８丁目,－,首都高速一号線,高速１号線,（首都高速都心環状線）,１１月１６日（火）,晴,自動車類合計大型車,145,115,166,162,130,172,155,131,123,125,93,91,1608,3305,,
５０９０東京都中央区銀座８丁目,－,首都高速一号線,高速１号線,（首都高速都心環状線）,１１月１６日（火）,晴,自動車類合計小型車,1778,1772,1751,1416,1295,1443,1450,1563,1642,1658,1492,1407,18667,29253,,
５０９０東京都中央区銀座８丁目,－,首都高速一号線,高速１号線,（首都高速都心環状線）,１１月１６日（火）,晴,自動車類合計計,1923,1887,1917,1578,1425,1615,1605,1694,1765,1783,1585,1498,20275,32558,,
５０９０東京都中央区銀座８丁目,－,首都高速一号線,高速１号線,（首都高速都心環状線）,１１月１６日（火）,晴,二輪車類,-,-,-,-,-,-,-,-,-,-,-,-,-,,,
５０９０東京都中央区銀座８丁目,－,首都高速一号線,高速１号線,（首都高速都心環状線）,１１月１６日（火）,晴,自転車類,-,-,-,-,-,-,-,-,-,-,-,-,-,,,
５０９０東京都中央区銀座８丁目,－,首都高速一号線,高速１号線,（首都高速都心環状線）,１１月１６日（火）,晴,歩行者類,-,-,-,-,-,-,-,-,-,-,-,-,-,,,
