﻿観測地点,Ｈ１７区間番号,路線名,都市計画路線名,通称道路名,調査日,天候,ピーク時間交通量（台／ｈ）,ピーク率（％）,混雑時平均旅行速度（ｋｍ／ｈ）,大型車台数（台／１２ｈ）,混入率（％）,混雑度,昼夜率,車線数,５８年度（台／１２ｈ）,６０年度（台／１２ｈ）,６３年度（台／１２ｈ）,２年度（台／１２ｈ）,６年度（台／１２ｈ）,９年度（台／１２ｈ）,１１年度（台／１２ｈ）,１７年度（台／１２ｈ）,２２年度（台／１２ｈ）
３０練馬ＩＣ～大泉ＪＣＴ,１,関越自動車道（新潟線）,－,（関越道）,１１月１０日（水）,晴,3051,12.1,19,4459,17.7,0.63,1.47,4,-,-,-,-,29777,31036,28656,25524,25186
,,,,,,,,,,,,,,,,,,,,,,,
観測地点,Ｈ１７区間番号,路線名,都市計画路線名,通称道路名,調査日,天候,時間・種別,７～８,８～９,９～１０,１０～１１,１１～１２,１２～１３,１３～１４,１４～１５,１５～１６,１６～１７,１７～１８,１８～１９,１２ｈ計,２４ｈ計,,
３０練馬ＩＣ～大泉ＪＣＴ,１,関越自動車道（新潟線）,－,（関越道）,１１月１０日（水）,晴,自動車類上り大型車,287,229,313,308,334,277,265,245,276,216,163,221,3134,4903,,
３０練馬ＩＣ～大泉ＪＣＴ,１,関越自動車道（新潟線）,－,（関越道）,１１月１０日（水）,晴,自動車類上り小型車,1195,652,642,616,596,592,597,778,1091,1356,821,1733,10669,15112,,
３０練馬ＩＣ～大泉ＪＣＴ,１,関越自動車道（新潟線）,－,（関越道）,１１月１０日（水）,晴,自動車類上り計,1482,881,955,924,930,869,862,1023,1367,1572,984,1954,13803,20015,,
３０練馬ＩＣ～大泉ＪＣＴ,１,関越自動車道（新潟線）,－,（関越道）,１１月１０日（水）,晴,自動車類下り大型車,124,114,135,137,123,114,127,116,82,98,87,68,1325,2192,,
３０練馬ＩＣ～大泉ＪＣＴ,１,関越自動車道（新潟線）,－,（関越道）,１１月１０日（水）,晴,自動車類下り小型車,1296,1013,862,862,792,735,652,607,664,683,863,1029,10058,14940,,
３０練馬ＩＣ～大泉ＪＣＴ,１,関越自動車道（新潟線）,－,（関越道）,１１月１０日（水）,晴,自動車類下り計,1420,1127,997,999,915,849,779,723,746,781,950,1097,11383,17132,,
３０練馬ＩＣ～大泉ＪＣＴ,１,関越自動車道（新潟線）,－,（関越道）,１１月１０日（水）,晴,自動車類合計大型車,411,343,448,445,457,391,392,361,358,314,250,289,4459,7095,,
３０練馬ＩＣ～大泉ＪＣＴ,１,関越自動車道（新潟線）,－,（関越道）,１１月１０日（水）,晴,自動車類合計小型車,2491,1665,1504,1478,1388,1327,1249,1385,1755,2039,1684,2762,20727,30052,,
３０練馬ＩＣ～大泉ＪＣＴ,１,関越自動車道（新潟線）,－,（関越道）,１１月１０日（水）,晴,自動車類合計計,2902,2008,1952,1923,1845,1718,1641,1746,2113,2353,1934,3051,25186,37147,,
３０練馬ＩＣ～大泉ＪＣＴ,１,関越自動車道（新潟線）,－,（関越道）,１１月１０日（水）,晴,二輪車類,17,11,23,19,17,16,20,19,24,11,14,19,210,,,
３０練馬ＩＣ～大泉ＪＣＴ,１,関越自動車道（新潟線）,－,（関越道）,１１月１０日（水）,晴,自転車類,-,-,-,-,-,-,-,-,-,-,-,-,-,,,
３０練馬ＩＣ～大泉ＪＣＴ,１,関越自動車道（新潟線）,－,（関越道）,１１月１０日（水）,晴,歩行者類,-,-,-,-,-,-,-,-,-,-,-,-,-,,,
