﻿観測地点,Ｈ１７区間番号,路線名,都市計画路線名,通称道路名,調査日,天候,ピーク時間交通量（台／ｈ）,ピーク率（％）,混雑時平均旅行速度（ｋｍ／ｈ）,大型車台数（台／１２ｈ）,混入率（％）,混雑度,昼夜率,車線数,５８年度（台／１２ｈ）,６０年度（台／１２ｈ）,６３年度（台／１２ｈ）,２年度（台／１２ｈ）,６年度（台／１２ｈ）,９年度（台／１２ｈ）,１１年度（台／１２ｈ）,１７年度（台／１２ｈ）,２２年度（台／１２ｈ）
４０９８０中央区有楽町２－５,４０４６,主要地方道日比谷豊洲埠頭東雲町線（都道３０４号）,放３４,晴海通り,１０月５日（火）,晴,2859,9.2,11.8,4946,15.9,0.86,-,6,31140,24700,26809,28037,27526,23139,25262,27799,31111
,,,,,,,,,,,,,,,,,,,,,,,
観測地点,Ｈ１７区間番号,路線名,都市計画路線名,通称道路名,調査日,天候,時間・種別,７～８,８～９,９～１０,１０～１１,１１～１２,１２～１３,１３～１４,１４～１５,１５～１６,１６～１７,１７～１８,１８～１９,１２ｈ計,２４ｈ計,,
４０９８０中央区有楽町２－５,４０４６,主要地方道日比谷豊洲埠頭東雲町線（都道３０４号）,放３４,晴海通り,１０月５日（火）,晴,自動車類上り大型車,212,298,303,261,186,150,152,114,81,77,48,59,1941,-,,
４０９８０中央区有楽町２－５,４０４６,主要地方道日比谷豊洲埠頭東雲町線（都道３０４号）,放３４,晴海通り,１０月５日（火）,晴,自動車類上り小型車,781,1004,1016,1026,965,861,903,951,1028,1038,1049,1022,11644,-,,
４０９８０中央区有楽町２－５,４０４６,主要地方道日比谷豊洲埠頭東雲町線（都道３０４号）,放３４,晴海通り,１０月５日（火）,晴,自動車類上り計,993,1302,1319,1287,1151,1011,1055,1065,1109,1115,1097,1081,13585,-,,
４０９８０中央区有楽町２－５,４０４６,主要地方道日比谷豊洲埠頭東雲町線（都道３０４号）,放３４,晴海通り,１０月５日（火）,晴,自動車類下り大型車,289,276,338,318,310,249,208,205,228,240,198,146,3005,-,,
４０９８０中央区有楽町２－５,４０４６,主要地方道日比谷豊洲埠頭東雲町線（都道３０４号）,放３４,晴海通り,１０月５日（火）,晴,自動車類下り小型車,891,1069,1202,1120,1224,1268,1293,1332,1292,1241,1244,1345,14521,-,,
４０９８０中央区有楽町２－５,４０４６,主要地方道日比谷豊洲埠頭東雲町線（都道３０４号）,放３４,晴海通り,１０月５日（火）,晴,自動車類下り計,1180,1345,1540,1438,1534,1517,1501,1537,1520,1481,1442,1491,17526,-,,
４０９８０中央区有楽町２－５,４０４６,主要地方道日比谷豊洲埠頭東雲町線（都道３０４号）,放３４,晴海通り,１０月５日（火）,晴,自動車類合計大型車,501,574,641,579,496,399,360,319,309,317,246,205,4946,-,,
４０９８０中央区有楽町２－５,４０４６,主要地方道日比谷豊洲埠頭東雲町線（都道３０４号）,放３４,晴海通り,１０月５日（火）,晴,自動車類合計小型車,1672,2073,2218,2146,2189,2129,2196,2283,2320,2279,2293,2367,26165,-,,
４０９８０中央区有楽町２－５,４０４６,主要地方道日比谷豊洲埠頭東雲町線（都道３０４号）,放３４,晴海通り,１０月５日（火）,晴,自動車類合計計,2173,2647,2859,2725,2685,2528,2556,2602,2629,2596,2539,2572,31111,-,,
４０９８０中央区有楽町２－５,４０４６,主要地方道日比谷豊洲埠頭東雲町線（都道３０４号）,放３４,晴海通り,１０月５日（火）,晴,二輪車類,-,-,-,-,-,-,-,-,-,-,-,-,-,,,
４０９８０中央区有楽町２－５,４０４６,主要地方道日比谷豊洲埠頭東雲町線（都道３０４号）,放３４,晴海通り,１０月５日（火）,晴,自転車類,64,140,139,124,123,94,113,176,136,125,170,153,1557,,,
４０９８０中央区有楽町２－５,４０４６,主要地方道日比谷豊洲埠頭東雲町線（都道３０４号）,放３４,晴海通り,１０月５日（火）,晴,歩行者類,738,1832,2300,2773,3958,4814,6809,5865,5635,5845,6888,11535,58992,,,
