﻿観測地点,Ｈ１７区間番号,路線名,都市計画路線名,通称道路名,調査日,天候,ピーク時間交通量（台／ｈ）,ピーク率（％）,混雑時平均旅行速度（ｋｍ／ｈ）,大型車台数（台／１２ｈ）,混入率（％）,混雑度,昼夜率,車線数,５８年度（台／１２ｈ）,６０年度（台／１２ｈ）,６３年度（台／１２ｈ）,２年度（台／１２ｈ）,６年度（台／１２ｈ）,９年度（台／１２ｈ）,１１年度（台／１２ｈ）,１７年度（台／１２ｈ）,２２年度（台／１２ｈ）
６１４９０練馬区下石神井４－２８－１２,６０５１,特例都道椎名町上石神井線（都道４３９号）,補２２９,千川通り,１０月７日（木）,晴,222,9.9,13.5,461,20.5,0.37,-,2,13755,12535,12131,11221,11117,10506,10947,10288,2252
,,,,,,,,,,,,,,,,,,,,,,,
観測地点,Ｈ１７区間番号,路線名,都市計画路線名,通称道路名,調査日,天候,時間・種別,７～８,８～９,９～１０,１０～１１,１１～１２,１２～１３,１３～１４,１４～１５,１５～１６,１６～１７,１７～１８,１８～１９,１２ｈ計,２４ｈ計,,
６１４９０練馬区下石神井４－２８－１２,６０５１,特例都道椎名町上石神井線（都道４３９号）,補２２９,千川通り,１０月７日（木）,晴,自動車類上り大型車,14,8,19,13,16,14,11,11,17,15,13,12,163,-,,
６１４９０練馬区下石神井４－２８－１２,６０５１,特例都道椎名町上石神井線（都道４３９号）,補２２９,千川通り,１０月７日（木）,晴,自動車類上り小型車,18,14,20,20,23,29,34,35,32,38,29,24,316,-,,
６１４９０練馬区下石神井４－２８－１２,６０５１,特例都道椎名町上石神井線（都道４３９号）,補２２９,千川通り,１０月７日（木）,晴,自動車類上り計,32,22,39,33,39,43,45,46,49,53,42,36,479,-,,
６１４９０練馬区下石神井４－２８－１２,６０５１,特例都道椎名町上石神井線（都道４３９号）,補２２９,千川通り,１０月７日（木）,晴,自動車類下り大型車,22,27,32,24,26,19,28,28,24,25,23,20,298,-,,
６１４９０練馬区下石神井４－２８－１２,６０５１,特例都道椎名町上石神井線（都道４３９号）,補２２９,千川通り,１０月７日（木）,晴,自動車類下り小型車,113,84,112,115,127,119,135,148,125,123,141,133,1475,-,,
６１４９０練馬区下石神井４－２８－１２,６０５１,特例都道椎名町上石神井線（都道４３９号）,補２２９,千川通り,１０月７日（木）,晴,自動車類下り計,135,111,144,139,153,138,163,176,149,148,164,153,1773,-,,
６１４９０練馬区下石神井４－２８－１２,６０５１,特例都道椎名町上石神井線（都道４３９号）,補２２９,千川通り,１０月７日（木）,晴,自動車類合計大型車,36,35,51,37,42,33,39,39,41,40,36,32,461,-,,
６１４９０練馬区下石神井４－２８－１２,６０５１,特例都道椎名町上石神井線（都道４３９号）,補２２９,千川通り,１０月７日（木）,晴,自動車類合計小型車,131,98,132,135,150,148,169,183,157,161,170,157,1791,-,,
６１４９０練馬区下石神井４－２８－１２,６０５１,特例都道椎名町上石神井線（都道４３９号）,補２２９,千川通り,１０月７日（木）,晴,自動車類合計計,167,133,183,172,192,181,208,222,198,201,206,189,2252,-,,
６１４９０練馬区下石神井４－２８－１２,６０５１,特例都道椎名町上石神井線（都道４３９号）,補２２９,千川通り,１０月７日（木）,晴,二輪車類,-,-,-,-,-,-,-,-,-,-,-,-,-,,,
６１４９０練馬区下石神井４－２８－１２,６０５１,特例都道椎名町上石神井線（都道４３９号）,補２２９,千川通り,１０月７日（木）,晴,自転車類,-,-,-,-,-,-,-,-,-,-,-,-,-,,,
６１４９０練馬区下石神井４－２８－１２,６０５１,特例都道椎名町上石神井線（都道４３９号）,補２２９,千川通り,１０月７日（木）,晴,歩行者類,-,-,-,-,-,-,-,-,-,-,-,-,-,,,
