﻿観測地点,Ｈ１７区間番号,路線名,都市計画路線名,通称道路名,調査日,天候,ピーク時間交通量（台／ｈ）,ピーク率（％）,混雑時平均旅行速度（ｋｍ／ｈ）,大型車台数（台／１２ｈ）,混入率（％）,混雑度,昼夜率,車線数,５８年度（台／１２ｈ）,６０年度（台／１２ｈ）,６３年度（台／１２ｈ）,２年度（台／１２ｈ）,６年度（台／１２ｈ）,９年度（台／１２ｈ）,１１年度（台／１２ｈ）,１７年度（台／１２ｈ）,２２年度（台／１２ｈ）
４１７３０江戸川区平井６,４０９０,主要地方道御徒町小岩線（都道３１５号）,放１４,蔵前橋通り,９月３０日（木）,雨,3145,9.4,19.5,3831,11.5,1.2,1.44,4,37582,36693,36114,33032,37686,37378,37193,33087,33439
,,,,,,,,,,,,,,,,,,,,,,,
観測地点,Ｈ１７区間番号,路線名,都市計画路線名,通称道路名,調査日,天候,時間・種別,７～８,８～９,９～１０,１０～１１,１１～１２,１２～１３,１３～１４,１４～１５,１５～１６,１６～１７,１７～１８,１８～１９,１２ｈ計,２４ｈ計,,
４１７３０江戸川区平井６,４０９０,主要地方道御徒町小岩線（都道３１５号）,放１４,蔵前橋通り,９月３０日（木）,雨,自動車類上り大型車,179,183,205,216,218,182,128,169,120,93,83,61,1837,2812,,
４１７３０江戸川区平井６,４０９０,主要地方道御徒町小岩線（都道３１５号）,放１４,蔵前橋通り,９月３０日（木）,雨,自動車類上り小型車,1619,1748,1476,1264,1228,1086,1178,1252,1245,1156,1072,1033,15357,21713,,
４１７３０江戸川区平井６,４０９０,主要地方道御徒町小岩線（都道３１５号）,放１４,蔵前橋通り,９月３０日（木）,雨,自動車類上り計,1798,1931,1681,1480,1446,1268,1306,1421,1365,1249,1155,1094,17194,24525,,
４１７３０江戸川区平井６,４０９０,主要地方道御徒町小岩線（都道３１５号）,放１４,蔵前橋通り,９月３０日（木）,雨,自動車類下り大型車,142,161,214,166,207,179,176,228,186,120,135,80,1994,2481,,
４１７３０江戸川区平井６,４０９０,主要地方道御徒町小岩線（都道３１５号）,放１４,蔵前橋通り,９月３０日（木）,雨,自動車類下り小型車,664,832,868,1059,1273,1107,1128,1246,1341,1447,1855,1431,14251,21170,,
４１７３０江戸川区平井６,４０９０,主要地方道御徒町小岩線（都道３１５号）,放１４,蔵前橋通り,９月３０日（木）,雨,自動車類下り計,806,993,1082,1225,1480,1286,1304,1474,1527,1567,1990,1511,16245,23651,,
４１７３０江戸川区平井６,４０９０,主要地方道御徒町小岩線（都道３１５号）,放１４,蔵前橋通り,９月３０日（木）,雨,自動車類合計大型車,321,344,419,382,425,361,304,397,306,213,218,141,3831,5293,,
４１７３０江戸川区平井６,４０９０,主要地方道御徒町小岩線（都道３１５号）,放１４,蔵前橋通り,９月３０日（木）,雨,自動車類合計小型車,2283,2580,2344,2323,2501,2193,2306,2498,2586,2603,2927,2464,29608,42883,,
４１７３０江戸川区平井６,４０９０,主要地方道御徒町小岩線（都道３１５号）,放１４,蔵前橋通り,９月３０日（木）,雨,自動車類合計計,2604,2924,2763,2705,2926,2554,2610,2895,2892,2816,3145,2605,33439,48176,,
４１７３０江戸川区平井６,４０９０,主要地方道御徒町小岩線（都道３１５号）,放１４,蔵前橋通り,９月３０日（木）,雨,二輪車類,-,-,-,-,-,-,-,-,-,-,-,-,-,,,
４１７３０江戸川区平井６,４０９０,主要地方道御徒町小岩線（都道３１５号）,放１４,蔵前橋通り,９月３０日（木）,雨,自転車類,459,504,210,150,167,260,177,138,180,226,343,274,3088,,,
４１７３０江戸川区平井６,４０９０,主要地方道御徒町小岩線（都道３１５号）,放１４,蔵前橋通り,９月３０日（木）,雨,歩行者類,35,22,20,15,22,23,16,41,44,40,38,41,357,,,
