﻿観測地点,Ｈ１７区間番号,路線名,都市計画路線名,通称道路名,調査日,天候,ピーク時間交通量（台／ｈ）,ピーク率（％）,混雑時平均旅行速度（ｋｍ／ｈ）,大型車台数（台／１２ｈ）,混入率（％）,混雑度,昼夜率,車線数,５８年度（台／１２ｈ）,６０年度（台／１２ｈ）,６３年度（台／１２ｈ）,２年度（台／１２ｈ）,６年度（台／１２ｈ）,９年度（台／１２ｈ）,１１年度（台／１２ｈ）,１７年度（台／１２ｈ）,２２年度（台／１２ｈ）
６０９４０目黒区五本木２－１－１０,－,特例都道鮫洲大山線（都道４２０号）,補２６,（三宿通り）,１０月１９日（火）,曇,481,9.7,14.1,539,10.9,0.52,-,2,-,-,-,-,-,-,-,-,4943
,,,,,,,,,,,,,,,,,,,,,,,
観測地点,Ｈ１７区間番号,路線名,都市計画路線名,通称道路名,調査日,天候,時間・種別,７～８,８～９,９～１０,１０～１１,１１～１２,１２～１３,１３～１４,１４～１５,１５～１６,１６～１７,１７～１８,１８～１９,１２ｈ計,２４ｈ計,,
６０９４０目黒区五本木２－１－１０,－,特例都道鮫洲大山線（都道４２０号）,補２６,（三宿通り）,１０月１９日（火）,曇,自動車類上り大型車,14,26,28,38,24,21,17,18,12,17,19,6,240,-,,
６０９４０目黒区五本木２－１－１０,－,特例都道鮫洲大山線（都道４２０号）,補２６,（三宿通り）,１０月１９日（火）,曇,自動車類上り小型車,117,145,159,160,187,177,170,200,193,196,177,158,2039,-,,
６０９４０目黒区五本木２－１－１０,－,特例都道鮫洲大山線（都道４２０号）,補２６,（三宿通り）,１０月１９日（火）,曇,自動車類上り計,131,171,187,198,211,198,187,218,205,213,196,164,2279,-,,
６０９４０目黒区五本木２－１－１０,－,特例都道鮫洲大山線（都道４２０号）,補２６,（三宿通り）,１０月１９日（火）,曇,自動車類下り大型車,25,28,34,41,29,23,27,21,22,19,12,18,299,-,,
６０９４０目黒区五本木２－１－１０,－,特例都道鮫洲大山線（都道４２０号）,補２６,（三宿通り）,１０月１９日（火）,曇,自動車類下り小型車,127,139,154,210,169,200,190,242,230,246,268,190,2365,-,,
６０９４０目黒区五本木２－１－１０,－,特例都道鮫洲大山線（都道４２０号）,補２６,（三宿通り）,１０月１９日（火）,曇,自動車類下り計,152,167,188,251,198,223,217,263,252,265,280,208,2664,-,,
６０９４０目黒区五本木２－１－１０,－,特例都道鮫洲大山線（都道４２０号）,補２６,（三宿通り）,１０月１９日（火）,曇,自動車類合計大型車,39,54,62,79,53,44,44,39,34,36,31,24,539,-,,
６０９４０目黒区五本木２－１－１０,－,特例都道鮫洲大山線（都道４２０号）,補２６,（三宿通り）,１０月１９日（火）,曇,自動車類合計小型車,244,284,313,370,356,377,360,442,423,442,445,348,4404,-,,
６０９４０目黒区五本木２－１－１０,－,特例都道鮫洲大山線（都道４２０号）,補２６,（三宿通り）,１０月１９日（火）,曇,自動車類合計計,283,338,375,449,409,421,404,481,457,478,476,372,4943,-,,
６０９４０目黒区五本木２－１－１０,－,特例都道鮫洲大山線（都道４２０号）,補２６,（三宿通り）,１０月１９日（火）,曇,二輪車類,-,-,-,-,-,-,-,-,-,-,-,-,-,,,
６０９４０目黒区五本木２－１－１０,－,特例都道鮫洲大山線（都道４２０号）,補２６,（三宿通り）,１０月１９日（火）,曇,自転車類,68,85,43,33,22,31,26,40,42,59,88,78,615,,,
６０９４０目黒区五本木２－１－１０,－,特例都道鮫洲大山線（都道４２０号）,補２６,（三宿通り）,１０月１９日（火）,曇,歩行者類,38,32,29,35,31,34,36,30,36,56,58,48,463,,,
