﻿観測地点,Ｈ１７区間番号,路線名,都市計画路線名,通称道路名,調査日,天候,ピーク時間交通量（台／ｈ）,ピーク率（％）,混雑時平均旅行速度（ｋｍ／ｈ）,大型車台数（台／１２ｈ）,混入率（％）,混雑度,昼夜率,車線数,５８年度（台／１２ｈ）,６０年度（台／１２ｈ）,６３年度（台／１２ｈ）,２年度（台／１２ｈ）,６年度（台／１２ｈ）,９年度（台／１２ｈ）,１１年度（台／１２ｈ）,１７年度（台／１２ｈ）,２２年度（台／１２ｈ）
４０２４０新宿区西落合３－２－１５,４０１３,主要地方道千代田練馬田無線（都道８号）,放７,目白通り,１０月２６日（火）,曇,2388,9.1,12.6,3922,14.9,1.09,-,6,31138,31380,31427,27240,26730,27046,26483,26928,26321
,,,,,,,,,,,,,,,,,,,,,,,
観測地点,Ｈ１７区間番号,路線名,都市計画路線名,通称道路名,調査日,天候,時間・種別,７～８,８～９,９～１０,１０～１１,１１～１２,１２～１３,１３～１４,１４～１５,１５～１６,１６～１７,１７～１８,１８～１９,１２ｈ計,２４ｈ計,,
４０２４０新宿区西落合３－２－１５,４０１３,主要地方道千代田練馬田無線（都道８号）,放７,目白通り,１０月２６日（火）,曇,自動車類上り大型車,218,192,169,255,177,137,131,149,134,84,60,62,1768,-,,
４０２４０新宿区西落合３－２－１５,４０１３,主要地方道千代田練馬田無線（都道８号）,放７,目白通り,１０月２６日（火）,曇,自動車類上り小型車,1102,1212,1020,1009,917,840,803,860,769,817,837,768,10954,-,,
４０２４０新宿区西落合３－２－１５,４０１３,主要地方道千代田練馬田無線（都道８号）,放７,目白通り,１０月２６日（火）,曇,自動車類上り計,1320,1404,1189,1264,1094,977,934,1009,903,901,897,830,12722,-,,
４０２４０新宿区西落合３－２－１５,４０１３,主要地方道千代田練馬田無線（都道８号）,放７,目白通り,１０月２６日（火）,曇,自動車類下り大型車,116,162,201,224,223,205,165,198,175,224,169,92,2154,-,,
４０２４０新宿区西落合３－２－１５,４０１３,主要地方道千代田練馬田無線（都道８号）,放７,目白通り,１０月２６日（火）,曇,自動車類下り小型車,572,636,667,900,992,883,909,1081,1089,1209,1224,1283,11445,-,,
４０２４０新宿区西落合３－２－１５,４０１３,主要地方道千代田練馬田無線（都道８号）,放７,目白通り,１０月２６日（火）,曇,自動車類下り計,688,798,868,1124,1215,1088,1074,1279,1264,1433,1393,1375,13599,-,,
４０２４０新宿区西落合３－２－１５,４０１３,主要地方道千代田練馬田無線（都道８号）,放７,目白通り,１０月２６日（火）,曇,自動車類合計大型車,334,354,370,479,400,342,296,347,309,308,229,154,3922,-,,
４０２４０新宿区西落合３－２－１５,４０１３,主要地方道千代田練馬田無線（都道８号）,放７,目白通り,１０月２６日（火）,曇,自動車類合計小型車,1674,1848,1687,1909,1909,1723,1712,1941,1858,2026,2061,2051,22399,-,,
４０２４０新宿区西落合３－２－１５,４０１３,主要地方道千代田練馬田無線（都道８号）,放７,目白通り,１０月２６日（火）,曇,自動車類合計計,2008,2202,2057,2388,2309,2065,2008,2288,2167,2334,2290,2205,26321,-,,
４０２４０新宿区西落合３－２－１５,４０１３,主要地方道千代田練馬田無線（都道８号）,放７,目白通り,１０月２６日（火）,曇,二輪車類,260,268,215,174,138,159,146,129,101,114,185,189,2078,,,
４０２４０新宿区西落合３－２－１５,４０１３,主要地方道千代田練馬田無線（都道８号）,放７,目白通り,１０月２６日（火）,曇,自転車類,119,178,134,120,148,97,86,80,66,121,137,140,1426,,,
４０２４０新宿区西落合３－２－１５,４０１３,主要地方道千代田練馬田無線（都道８号）,放７,目白通り,１０月２６日（火）,曇,歩行者類,156,214,139,105,89,130,87,177,212,136,172,211,1828,,,
