﻿観測地点,Ｈ１７区間番号,路線名,都市計画路線名,通称道路名,調査日,天候,ピーク時間交通量（台／ｈ）,ピーク率（％）,混雑時平均旅行速度（ｋｍ／ｈ）,大型車台数（台／１２ｈ）,混入率（％）,混雑度,昼夜率,車線数,５８年度（台／１２ｈ）,６０年度（台／１２ｈ）,６３年度（台／１２ｈ）,２年度（台／１２ｈ）,６年度（台／１２ｈ）,９年度（台／１２ｈ）,１１年度（台／１２ｈ）,１７年度（台／１２ｈ）,２２年度（台／１２ｈ）
６０７０東京都江東区潮見１丁目,５１３,首都高速九号線,高速９号線,（首都高速９号深川線）,１１月１６日（火）,晴,3677,9.2,50.4,9283,23.2,0.77,1.46,4,33905,41631,37259,39298,34080,39847,39482,39472,40063
,,,,,,,,,,,,,,,,,,,,,,,
観測地点,Ｈ１７区間番号,路線名,都市計画路線名,通称道路名,調査日,天候,時間・種別,７～８,８～９,９～１０,１０～１１,１１～１２,１２～１３,１３～１４,１４～１５,１５～１６,１６～１７,１７～１８,１８～１９,１２ｈ計,２４ｈ計,,
６０７０東京都江東区潮見１丁目,５１３,首都高速九号線,高速９号線,（首都高速９号深川線）,１１月１６日（火）,晴,自動車類上り大型車,394,363,506,772,759,472,403,490,395,501,502,525,6082,9836,,
６０７０東京都江東区潮見１丁目,５１３,首都高速九号線,高速９号線,（首都高速９号深川線）,１１月１６日（火）,晴,自動車類上り小型車,1872,1812,1105,1080,962,1030,1139,1277,1496,1822,1797,1463,16855,23823,,
６０７０東京都江東区潮見１丁目,５１３,首都高速九号線,高速９号線,（首都高速９号深川線）,１１月１６日（火）,晴,自動車類上り計,2266,2175,1611,1852,1721,1502,1542,1767,1891,2323,2299,1988,22937,33659,,
６０７０東京都江東区潮見１丁目,５１３,首都高速九号線,高速９号線,（首都高速９号深川線）,１１月１６日（火）,晴,自動車類下り大型車,203,199,316,366,441,545,264,268,211,177,120,91,3201,5179,,
６０７０東京都江東区潮見１丁目,５１３,首都高速九号線,高速９号線,（首都高速９号深川線）,１１月１６日（火）,晴,自動車類下り小型車,1208,1279,1338,1232,1142,1328,1268,1069,962,981,1062,1056,13925,19786,,
６０７０東京都江東区潮見１丁目,５１３,首都高速九号線,高速９号線,（首都高速９号深川線）,１１月１６日（火）,晴,自動車類下り計,1411,1478,1654,1598,1583,1873,1532,1337,1173,1158,1182,1147,17126,24965,,
６０７０東京都江東区潮見１丁目,５１３,首都高速九号線,高速９号線,（首都高速９号深川線）,１１月１６日（火）,晴,自動車類合計大型車,597,562,822,1138,1200,1017,667,758,606,678,622,616,9283,15015,,
６０７０東京都江東区潮見１丁目,５１３,首都高速九号線,高速９号線,（首都高速９号深川線）,１１月１６日（火）,晴,自動車類合計小型車,3080,3091,2443,2312,2104,2358,2407,2346,2458,2803,2859,2519,30780,43609,,
６０７０東京都江東区潮見１丁目,５１３,首都高速九号線,高速９号線,（首都高速９号深川線）,１１月１６日（火）,晴,自動車類合計計,3677,3653,3265,3450,3304,3375,3074,3104,3064,3481,3481,3135,40063,58624,,
６０７０東京都江東区潮見１丁目,５１３,首都高速九号線,高速９号線,（首都高速９号深川線）,１１月１６日（火）,晴,二輪車類,-,-,-,-,-,-,-,-,-,-,-,-,-,,,
６０７０東京都江東区潮見１丁目,５１３,首都高速九号線,高速９号線,（首都高速９号深川線）,１１月１６日（火）,晴,自転車類,-,-,-,-,-,-,-,-,-,-,-,-,-,,,
６０７０東京都江東区潮見１丁目,５１３,首都高速九号線,高速９号線,（首都高速９号深川線）,１１月１６日（火）,晴,歩行者類,-,-,-,-,-,-,-,-,-,-,-,-,-,,,
