﻿観測地点,Ｈ１７区間番号,路線名,都市計画路線名,通称道路名,調査日,天候,ピーク時間交通量（台／ｈ）,ピーク率（％）,混雑時平均旅行速度（ｋｍ／ｈ）,大型車台数（台／１２ｈ）,混入率（％）,混雑度,昼夜率,車線数,５８年度（台／１２ｈ）,６０年度（台／１２ｈ）,６３年度（台／１２ｈ）,２年度（台／１２ｈ）,６年度（台／１２ｈ）,９年度（台／１２ｈ）,１１年度（台／１２ｈ）,１７年度（台／１２ｈ）,２２年度（台／１２ｈ）
５７８０東京都港区台場２丁目,５１４,高速湾岸線,高速湾岸線,（首都高速湾岸線）,１１月１６日（火）,晴,8429,9.4,85.1,24661,27.4,1,1.45,6,20520,26768,46869,51932,61329,82414,85317,81869,90103
,,,,,,,,,,,,,,,,,,,,,,,
観測地点,Ｈ１７区間番号,路線名,都市計画路線名,通称道路名,調査日,天候,時間・種別,７～８,８～９,９～１０,１０～１１,１１～１２,１２～１３,１３～１４,１４～１５,１５～１６,１６～１７,１７～１８,１８～１９,１２ｈ計,２４ｈ計,,
５７８０東京都港区台場２丁目,５１４,高速湾岸線,高速湾岸線,（首都高速湾岸線）,１１月１６日（火）,晴,自動車類上り大型車,854,1053,1461,1447,1377,1166,959,1175,1036,1061,932,752,13273,19760,,
５７８０東京都港区台場２丁目,５１４,高速湾岸線,高速湾岸線,（首都高速湾岸線）,１１月１６日（火）,晴,自動車類上り小型車,2891,3173,2643,2351,2351,2145,1989,2173,2507,2742,3302,2665,30932,41525,,
５７８０東京都港区台場２丁目,５１４,高速湾岸線,高速湾岸線,（首都高速湾岸線）,１１月１６日（火）,晴,自動車類上り計,3745,4226,4104,3798,3728,3311,2948,3348,3543,3803,4234,3417,44205,61285,,
５７８０東京都港区台場２丁目,５１４,高速湾岸線,高速湾岸線,（首都高速湾岸線）,１１月１６日（火）,晴,自動車類下り大型車,729,840,1172,1238,1248,1310,1065,954,703,844,691,594,11388,18006,,
５７８０東京都港区台場２丁目,５１４,高速湾岸線,高速湾岸線,（首都高速湾岸線）,１１月１６日（火）,晴,自動車類下り小型車,3743,3323,2851,2727,2488,2547,2491,2454,2142,3078,3504,3162,34510,50932,,
５７８０東京都港区台場２丁目,５１４,高速湾岸線,高速湾岸線,（首都高速湾岸線）,１１月１６日（火）,晴,自動車類下り計,4472,4163,4023,3965,3736,3857,3556,3408,2845,3922,4195,3756,45898,68938,,
５７８０東京都港区台場２丁目,５１４,高速湾岸線,高速湾岸線,（首都高速湾岸線）,１１月１６日（火）,晴,自動車類合計大型車,1583,1893,2633,2685,2625,2476,2024,2129,1739,1905,1623,1346,24661,37766,,
５７８０東京都港区台場２丁目,５１４,高速湾岸線,高速湾岸線,（首都高速湾岸線）,１１月１６日（火）,晴,自動車類合計小型車,6634,6496,5494,5078,4839,4692,4480,4627,4649,5820,6806,5827,65442,92457,,
５７８０東京都港区台場２丁目,５１４,高速湾岸線,高速湾岸線,（首都高速湾岸線）,１１月１６日（火）,晴,自動車類合計計,8217,8389,8127,7763,7464,7168,6504,6756,6388,7725,8429,7173,90103,130223,,
５７８０東京都港区台場２丁目,５１４,高速湾岸線,高速湾岸線,（首都高速湾岸線）,１１月１６日（火）,晴,二輪車類,-,-,-,-,-,-,-,-,-,-,-,-,-,,,
５７８０東京都港区台場２丁目,５１４,高速湾岸線,高速湾岸線,（首都高速湾岸線）,１１月１６日（火）,晴,自転車類,-,-,-,-,-,-,-,-,-,-,-,-,-,,,
５７８０東京都港区台場２丁目,５１４,高速湾岸線,高速湾岸線,（首都高速湾岸線）,１１月１６日（火）,晴,歩行者類,-,-,-,-,-,-,-,-,-,-,-,-,-,,,
