﻿観測地点,Ｈ１７区間番号,路線名,都市計画路線名,通称道路名,調査日,天候,ピーク時間交通量（台／ｈ）,ピーク率（％）,混雑時平均旅行速度（ｋｍ／ｈ）,大型車台数（台／１２ｈ）,混入率（％）,混雑度,昼夜率,車線数,５８年度（台／１２ｈ）,６０年度（台／１２ｈ）,６３年度（台／１２ｈ）,２年度（台／１２ｈ）,６年度（台／１２ｈ）,９年度（台／１２ｈ）,１１年度（台／１２ｈ）,１７年度（台／１２ｈ）,２２年度（台／１２ｈ）
６１８０東京都板橋区板橋４丁目,５１９,首都高速板橋足立線,高速王子線,（首都高速中央環状王子線）,１１月１６日（火）,晴,4583,9.4,13,9846,20.2,0.83,1.54,4,-,-,-,-,-,-,-,31928,48834
,,,,,,,,,,,,,,,,,,,,,,,
観測地点,Ｈ１７区間番号,路線名,都市計画路線名,通称道路名,調査日,天候,時間・種別,７～８,８～９,９～１０,１０～１１,１１～１２,１２～１３,１３～１４,１４～１５,１５～１６,１６～１７,１７～１８,１８～１９,１２ｈ計,２４ｈ計,,
６１８０東京都板橋区板橋４丁目,５１９,首都高速板橋足立線,高速王子線,（首都高速中央環状王子線）,１１月１６日（火）,晴,自動車類上り大型車,245,228,358,474,379,458,423,498,432,304,288,335,4422,8311,,
６１８０東京都板橋区板橋４丁目,５１９,首都高速板橋足立線,高速王子線,（首都高速中央環状王子線）,１１月１６日（火）,晴,自動車類上り小型車,1690,1814,1689,1377,1227,1387,1443,1611,1823,1819,1684,1853,19417,28504,,
６１８０東京都板橋区板橋４丁目,５１９,首都高速板橋足立線,高速王子線,（首都高速中央環状王子線）,１１月１６日（火）,晴,自動車類上り計,1935,2042,2047,1851,1606,1845,1866,2109,2255,2123,1972,2188,23839,36815,,
６１８０東京都板橋区板橋４丁目,５１９,首都高速板橋足立線,高速王子線,（首都高速中央環状王子線）,１１月１６日（火）,晴,自動車類下り大型車,279,250,404,554,591,690,481,496,547,494,365,273,5424,10315,,
６１８０東京都板橋区板橋４丁目,５１９,首都高速板橋足立線,高速王子線,（首都高速中央環状王子線）,１１月１６日（火）,晴,自動車類下り小型車,1325,1441,1530,1476,1504,1601,1460,1477,1781,1935,2123,1918,19571,27881,,
６１８０東京都板橋区板橋４丁目,５１９,首都高速板橋足立線,高速王子線,（首都高速中央環状王子線）,１１月１６日（火）,晴,自動車類下り計,1604,1691,1934,2030,2095,2291,1941,1973,2328,2429,2488,2191,24995,38196,,
６１８０東京都板橋区板橋４丁目,５１９,首都高速板橋足立線,高速王子線,（首都高速中央環状王子線）,１１月１６日（火）,晴,自動車類合計大型車,524,478,762,1028,970,1148,904,994,979,798,653,608,9846,18626,,
６１８０東京都板橋区板橋４丁目,５１９,首都高速板橋足立線,高速王子線,（首都高速中央環状王子線）,１１月１６日（火）,晴,自動車類合計小型車,3015,3255,3219,2853,2731,2988,2903,3088,3604,3754,3807,3771,38988,56385,,
６１８０東京都板橋区板橋４丁目,５１９,首都高速板橋足立線,高速王子線,（首都高速中央環状王子線）,１１月１６日（火）,晴,自動車類合計計,3539,3733,3981,3881,3701,4136,3807,4082,4583,4552,4460,4379,48834,75011,,
６１８０東京都板橋区板橋４丁目,５１９,首都高速板橋足立線,高速王子線,（首都高速中央環状王子線）,１１月１６日（火）,晴,二輪車類,-,-,-,-,-,-,-,-,-,-,-,-,-,,,
６１８０東京都板橋区板橋４丁目,５１９,首都高速板橋足立線,高速王子線,（首都高速中央環状王子線）,１１月１６日（火）,晴,自転車類,-,-,-,-,-,-,-,-,-,-,-,-,-,,,
６１８０東京都板橋区板橋４丁目,５１９,首都高速板橋足立線,高速王子線,（首都高速中央環状王子線）,１１月１６日（火）,晴,歩行者類,-,-,-,-,-,-,-,-,-,-,-,-,-,,,
