﻿観測地点,Ｈ１７区間番号,路線名,都市計画路線名,通称道路名,調査日,天候,ピーク時間交通量（台／ｈ）,ピーク率（％）,混雑時平均旅行速度（ｋｍ／ｈ）,大型車台数（台／１２ｈ）,混入率（％）,混雑度,昼夜率,車線数,５８年度（台／１２ｈ）,６０年度（台／１２ｈ）,６３年度（台／１２ｈ）,２年度（台／１２ｈ）,６年度（台／１２ｈ）,９年度（台／１２ｈ）,１１年度（台／１２ｈ）,１７年度（台／１２ｈ）,２２年度（台／１２ｈ）
５３４０東京都大田区昭和島２丁目,５０５,首都高速一号線,高速１号線,（首都高速１号羽田線）,１１月１６日（火）,晴,3606,9.3,76.6,4537,11.7,0.63,1.52,4,44357,58859,31945,30032,27849,37903,38897,29890,38902
,,,,,,,,,,,,,,,,,,,,,,,
観測地点,Ｈ１７区間番号,路線名,都市計画路線名,通称道路名,調査日,天候,時間・種別,７～８,８～９,９～１０,１０～１１,１１～１２,１２～１３,１３～１４,１４～１５,１５～１６,１６～１７,１７～１８,１８～１９,１２ｈ計,２４ｈ計,,
５３４０東京都大田区昭和島２丁目,５０５,首都高速一号線,高速１号線,（首都高速１号羽田線）,１１月１６日（火）,晴,自動車類上り大型車,148,171,225,272,250,176,187,234,202,119,129,108,2221,3755,,
５３４０東京都大田区昭和島２丁目,５０５,首都高速一号線,高速１号線,（首都高速１号羽田線）,１１月１６日（火）,晴,自動車類上り小型車,1949,1517,1194,1069,1230,1126,1198,1401,1508,1335,1351,1057,15935,23268,,
５３４０東京都大田区昭和島２丁目,５０５,首都高速一号線,高速１号線,（首都高速１号羽田線）,１１月１６日（火）,晴,自動車類上り計,2097,1688,1419,1341,1480,1302,1385,1635,1710,1454,1480,1165,18156,27023,,
５３４０東京都大田区昭和島２丁目,５０５,首都高速一号線,高速１号線,（首都高速１号羽田線）,１１月１６日（火）,晴,自動車類下り大型車,152,153,255,253,265,228,223,207,231,182,90,77,2316,4015,,
５３４０東京都大田区昭和島２丁目,５０５,首都高速一号線,高速１号線,（首都高速１号羽田線）,１１月１６日（火）,晴,自動車類下り小型車,1357,1375,1451,1522,1387,1568,1625,1509,1655,1630,1811,1540,18430,28025,,
５３４０東京都大田区昭和島２丁目,５０５,首都高速一号線,高速１号線,（首都高速１号羽田線）,１１月１６日（火）,晴,自動車類下り計,1509,1528,1706,1775,1652,1796,1848,1716,1886,1812,1901,1617,20746,32040,,
５３４０東京都大田区昭和島２丁目,５０５,首都高速一号線,高速１号線,（首都高速１号羽田線）,１１月１６日（火）,晴,自動車類合計大型車,300,324,480,525,515,404,410,441,433,301,219,185,4537,7770,,
５３４０東京都大田区昭和島２丁目,５０５,首都高速一号線,高速１号線,（首都高速１号羽田線）,１１月１６日（火）,晴,自動車類合計小型車,3306,2892,2645,2591,2617,2694,2823,2910,3163,2965,3162,2597,34365,51293,,
５３４０東京都大田区昭和島２丁目,５０５,首都高速一号線,高速１号線,（首都高速１号羽田線）,１１月１６日（火）,晴,自動車類合計計,3606,3216,3125,3116,3132,3098,3233,3351,3596,3266,3381,2782,38902,59063,,
５３４０東京都大田区昭和島２丁目,５０５,首都高速一号線,高速１号線,（首都高速１号羽田線）,１１月１６日（火）,晴,二輪車類,-,-,-,-,-,-,-,-,-,-,-,-,-,,,
５３４０東京都大田区昭和島２丁目,５０５,首都高速一号線,高速１号線,（首都高速１号羽田線）,１１月１６日（火）,晴,自転車類,-,-,-,-,-,-,-,-,-,-,-,-,-,,,
５３４０東京都大田区昭和島２丁目,５０５,首都高速一号線,高速１号線,（首都高速１号羽田線）,１１月１６日（火）,晴,歩行者類,-,-,-,-,-,-,-,-,-,-,-,-,-,,,
