﻿観測地点,Ｈ１７区間番号,路線名,都市計画路線名,通称道路名,調査日,天候,ピーク時間交通量（台／ｈ）,ピーク率（％）,混雑時平均旅行速度（ｋｍ／ｈ）,大型車台数（台／１２ｈ）,混入率（％）,混雑度,昼夜率,車線数,５８年度（台／１２ｈ）,６０年度（台／１２ｈ）,６３年度（台／１２ｈ）,２年度（台／１２ｈ）,６年度（台／１２ｈ）,９年度（台／１２ｈ）,１１年度（台／１２ｈ）,１７年度（台／１２ｈ）,２２年度（台／１２ｈ）
４１１７０荒川区南千住３－３８,４０５６,主要地方道王子千住南砂町線（都道３０６号）,環４,明治通り,９月３０日（木）,雨,1850,9.0,22.3,3045,14.8,1.02,1.37,4,29613,33427,74102,37090,34501,33286,27355,26542,20554
,,,,,,,,,,,,,,,,,,,,,,,
観測地点,Ｈ１７区間番号,路線名,都市計画路線名,通称道路名,調査日,天候,時間・種別,７～８,８～９,９～１０,１０～１１,１１～１２,１２～１３,１３～１４,１４～１５,１５～１６,１６～１７,１７～１８,１８～１９,１２ｈ計,２４ｈ計,,
４１１７０荒川区南千住３－３８,４０５６,主要地方道王子千住南砂町線（都道３０６号）,環４,明治通り,９月３０日（木）,雨,自動車類上り大型車,142,186,224,162,137,140,122,178,153,118,76,63,1701,2231,,
４１１７０荒川区南千住３－３８,４０５６,主要地方道王子千住南砂町線（都道３０６号）,環４,明治通り,９月３０日（木）,雨,自動車類上り小型車,818,895,805,772,804,722,748,839,895,871,796,778,9743,13378,,
４１１７０荒川区南千住３－３８,４０５６,主要地方道王子千住南砂町線（都道３０６号）,環４,明治通り,９月３０日（木）,雨,自動車類上り計,960,1081,1029,934,941,862,870,1017,1048,989,872,841,11444,15609,,
４１１７０荒川区南千住３－３８,４０５６,主要地方道王子千住南砂町線（都道３０６号）,環４,明治通り,９月３０日（木）,雨,自動車類下り大型車,131,100,119,167,128,125,140,95,100,104,81,54,1344,1755,,
４１１７０荒川区南千住３－３８,４０５６,主要地方道王子千住南砂町線（都道３０６号）,環４,明治通り,９月３０日（木）,雨,自動車類下り小型車,456,483,586,585,608,613,716,738,698,696,812,775,7766,10878,,
４１１７０荒川区南千住３－３８,４０５６,主要地方道王子千住南砂町線（都道３０６号）,環４,明治通り,９月３０日（木）,雨,自動車類下り計,587,583,705,752,736,738,856,833,798,800,893,829,9110,12633,,
４１１７０荒川区南千住３－３８,４０５６,主要地方道王子千住南砂町線（都道３０６号）,環４,明治通り,９月３０日（木）,雨,自動車類合計大型車,273,286,343,329,265,265,262,273,253,222,157,117,3045,3986,,
４１１７０荒川区南千住３－３８,４０５６,主要地方道王子千住南砂町線（都道３０６号）,環４,明治通り,９月３０日（木）,雨,自動車類合計小型車,1274,1378,1391,1357,1412,1335,1464,1577,1593,1567,1608,1553,17509,24256,,
４１１７０荒川区南千住３－３８,４０５６,主要地方道王子千住南砂町線（都道３０６号）,環４,明治通り,９月３０日（木）,雨,自動車類合計計,1547,1664,1734,1686,1677,1600,1726,1850,1846,1789,1765,1670,20554,28242,,
４１１７０荒川区南千住３－３８,４０５６,主要地方道王子千住南砂町線（都道３０６号）,環４,明治通り,９月３０日（木）,雨,二輪車類,-,-,-,-,-,-,-,-,-,-,-,-,-,,,
４１１７０荒川区南千住３－３８,４０５６,主要地方道王子千住南砂町線（都道３０６号）,環４,明治通り,９月３０日（木）,雨,自転車類,466,564,269,187,183,214,215,250,301,323,453,407,3832,,,
４１１７０荒川区南千住３－３８,４０５６,主要地方道王子千住南砂町線（都道３０６号）,環４,明治通り,９月３０日（木）,雨,歩行者類,177,217,105,89,76,55,71,80,81,133,189,167,1440,,,
