﻿観測地点,Ｈ１７区間番号,路線名,都市計画路線名,通称道路名,調査日,天候,ピーク時間交通量（台／ｈ）,ピーク率（％）,混雑時平均旅行速度（ｋｍ／ｈ）,大型車台数（台／１２ｈ）,混入率（％）,混雑度,昼夜率,車線数,５８年度（台／１２ｈ）,６０年度（台／１２ｈ）,６３年度（台／１２ｈ）,２年度（台／１２ｈ）,６年度（台／１２ｈ）,９年度（台／１２ｈ）,１１年度（台／１２ｈ）,１７年度（台／１２ｈ）,２２年度（台／１２ｈ）
４０５８０練馬区三原台１－１,４０２６,主要地方道練馬所沢線（都道２４号）,補１５６,（大泉通り）,１０月１９日（火）,曇,580,9.6,17.5,858,14.2,0.75,-,2,8355,9087,8004,8466,8746,8281,8219,7153,6058
,,,,,,,,,,,,,,,,,,,,,,,
観測地点,Ｈ１７区間番号,路線名,都市計画路線名,通称道路名,調査日,天候,時間・種別,７～８,８～９,９～１０,１０～１１,１１～１２,１２～１３,１３～１４,１４～１５,１５～１６,１６～１７,１７～１８,１８～１９,１２ｈ計,２４ｈ計,,
４０５８０練馬区三原台１－１,４０２６,主要地方道練馬所沢線（都道２４号）,補１５６,（大泉通り）,１０月１９日（火）,曇,自動車類上り大型車,46,44,43,35,25,42,46,43,32,30,21,14,421,-,,
４０５８０練馬区三原台１－１,４０２６,主要地方道練馬所沢線（都道２４号）,補１５６,（大泉通り）,１０月１９日（火）,曇,自動車類上り小型車,292,271,240,202,230,237,236,243,224,257,264,205,2901,-,,
４０５８０練馬区三原台１－１,４０２６,主要地方道練馬所沢線（都道２４号）,補１５６,（大泉通り）,１０月１９日（火）,曇,自動車類上り計,338,315,283,237,255,279,282,286,256,287,285,219,3322,-,,
４０５８０練馬区三原台１－１,４０２６,主要地方道練馬所沢線（都道２４号）,補１５６,（大泉通り）,１０月１９日（火）,曇,自動車類下り大型車,33,46,56,46,39,30,19,32,42,39,30,25,437,-,,
４０５８０練馬区三原台１－１,４０２６,主要地方道練馬所沢線（都道２４号）,補１５６,（大泉通り）,１０月１９日（火）,曇,自動車類下り小型車,139,176,200,174,178,142,172,198,238,254,240,188,2299,-,,
４０５８０練馬区三原台１－１,４０２６,主要地方道練馬所沢線（都道２４号）,補１５６,（大泉通り）,１０月１９日（火）,曇,自動車類下り計,172,222,256,220,217,172,191,230,280,293,270,213,2736,-,,
４０５８０練馬区三原台１－１,４０２６,主要地方道練馬所沢線（都道２４号）,補１５６,（大泉通り）,１０月１９日（火）,曇,自動車類合計大型車,79,90,99,81,64,72,65,75,74,69,51,39,858,-,,
４０５８０練馬区三原台１－１,４０２６,主要地方道練馬所沢線（都道２４号）,補１５６,（大泉通り）,１０月１９日（火）,曇,自動車類合計小型車,431,447,440,376,408,379,408,441,462,511,504,393,5200,-,,
４０５８０練馬区三原台１－１,４０２６,主要地方道練馬所沢線（都道２４号）,補１５６,（大泉通り）,１０月１９日（火）,曇,自動車類合計計,510,537,539,457,472,451,473,516,536,580,555,432,6058,-,,
４０５８０練馬区三原台１－１,４０２６,主要地方道練馬所沢線（都道２４号）,補１５６,（大泉通り）,１０月１９日（火）,曇,二輪車類,58,50,39,47,48,46,39,46,38,49,55,67,582,,,
４０５８０練馬区三原台１－１,４０２６,主要地方道練馬所沢線（都道２４号）,補１５６,（大泉通り）,１０月１９日（火）,曇,自転車類,154,287,129,109,104,100,93,100,103,149,162,150,1640,,,
４０５８０練馬区三原台１－１,４０２６,主要地方道練馬所沢線（都道２４号）,補１５６,（大泉通り）,１０月１９日（火）,曇,歩行者類,41,35,50,35,26,28,23,23,30,40,33,45,409,,,
