﻿観測地点,Ｈ１７区間番号,路線名,都市計画路線名,通称道路名,調査日,天候,ピーク時間交通量（台／ｈ）,ピーク率（％）,混雑時平均旅行速度（ｋｍ／ｈ）,大型車台数（台／１２ｈ）,混入率（％）,混雑度,昼夜率,車線数,５８年度（台／１２ｈ）,６０年度（台／１２ｈ）,６３年度（台／１２ｈ）,２年度（台／１２ｈ）,６年度（台／１２ｈ）,９年度（台／１２ｈ）,１１年度（台／１２ｈ）,１７年度（台／１２ｈ）,２２年度（台／１２ｈ）
５３９０東京都台東区台東２丁目,５０６,首都高速一号線,高速１号線,（首都高速１号上野線）,１１月１６日（火）,晴,2273,11.0,81.5,1458,7.0,0.52,1.33,4,17681,18338,17746,17048,23277,22362,18983,16664,20732
,,,,,,,,,,,,,,,,,,,,,,,
観測地点,Ｈ１７区間番号,路線名,都市計画路線名,通称道路名,調査日,天候,時間・種別,７～８,８～９,９～１０,１０～１１,１１～１２,１２～１３,１３～１４,１４～１５,１５～１６,１６～１７,１７～１８,１８～１９,１２ｈ計,２４ｈ計,,
５３９０東京都台東区台東２丁目,５０６,首都高速一号線,高速１号線,（首都高速１号上野線）,１１月１６日（火）,晴,自動車類上り大型車,82,114,133,117,132,123,73,68,72,66,47,34,1061,1288,,
５３９０東京都台東区台東２丁目,５０６,首都高速一号線,高速１号線,（首都高速１号上野線）,１１月１６日（火）,晴,自動車類上り小型車,1404,1575,1227,967,916,824,778,761,800,819,945,780,11796,14981,,
５３９０東京都台東区台東２丁目,５０６,首都高速一号線,高速１号線,（首都高速１号上野線）,１１月１６日（火）,晴,自動車類上り計,1486,1689,1360,1084,1048,947,851,829,872,885,992,814,12857,16269,,
５３９０東京都台東区台東２丁目,５０６,首都高速一号線,高速１号線,（首都高速１号上野線）,１１月１６日（火）,晴,自動車類下り大型車,39,34,31,48,33,57,24,41,30,23,17,20,397,602,,
５３９０東京都台東区台東２丁目,５０６,首都高速一号線,高速１号線,（首都高速１号上野線）,１１月１６日（火）,晴,自動車類下り小型車,477,550,519,533,504,493,611,704,749,782,774,782,7478,10605,,
５３９０東京都台東区台東２丁目,５０６,首都高速一号線,高速１号線,（首都高速１号上野線）,１１月１６日（火）,晴,自動車類下り計,516,584,550,581,537,550,635,745,779,805,791,802,7875,11207,,
５３９０東京都台東区台東２丁目,５０６,首都高速一号線,高速１号線,（首都高速１号上野線）,１１月１６日（火）,晴,自動車類合計大型車,121,148,164,165,165,180,97,109,102,89,64,54,1458,1890,,
５３９０東京都台東区台東２丁目,５０６,首都高速一号線,高速１号線,（首都高速１号上野線）,１１月１６日（火）,晴,自動車類合計小型車,1881,2125,1746,1500,1420,1317,1389,1465,1549,1601,1719,1562,19274,25586,,
５３９０東京都台東区台東２丁目,５０６,首都高速一号線,高速１号線,（首都高速１号上野線）,１１月１６日（火）,晴,自動車類合計計,2002,2273,1910,1665,1585,1497,1486,1574,1651,1690,1783,1616,20732,27476,,
５３９０東京都台東区台東２丁目,５０６,首都高速一号線,高速１号線,（首都高速１号上野線）,１１月１６日（火）,晴,二輪車類,-,-,-,-,-,-,-,-,-,-,-,-,-,,,
５３９０東京都台東区台東２丁目,５０６,首都高速一号線,高速１号線,（首都高速１号上野線）,１１月１６日（火）,晴,自転車類,-,-,-,-,-,-,-,-,-,-,-,-,-,,,
５３９０東京都台東区台東２丁目,５０６,首都高速一号線,高速１号線,（首都高速１号上野線）,１１月１６日（火）,晴,歩行者類,-,-,-,-,-,-,-,-,-,-,-,-,-,,,
