﻿観測地点,Ｈ１７区間番号,路線名,都市計画路線名,通称道路名,調査日,天候,ピーク時間交通量（台／ｈ）,ピーク率（％）,混雑時平均旅行速度（ｋｍ／ｈ）,大型車台数（台／１２ｈ）,混入率（％）,混雑度,昼夜率,車線数,５８年度（台／１２ｈ）,６０年度（台／１２ｈ）,６３年度（台／１２ｈ）,２年度（台／１２ｈ）,６年度（台／１２ｈ）,９年度（台／１２ｈ）,１１年度（台／１２ｈ）,１７年度（台／１２ｈ）,２２年度（台／１２ｈ）
４１６３０目黒区下目黒１－１,４０８０,主要地方道白金台町等々力線（都道３１２号）,放３,目黒通り,１０月１９日（火）,曇,1379,10.2,14.9,1671,12.3,0.5,-,3,32513,32558,31734,30517,32528,33977,35395,32235,13568
,,,,,,,,,,,,,,,,,,,,,,,
観測地点,Ｈ１７区間番号,路線名,都市計画路線名,通称道路名,調査日,天候,時間・種別,７～８,８～９,９～１０,１０～１１,１１～１２,１２～１３,１３～１４,１４～１５,１５～１６,１６～１７,１７～１８,１８～１９,１２ｈ計,２４ｈ計,,
４１６３０目黒区下目黒１－１,４０８０,主要地方道白金台町等々力線（都道３１２号）,放３,目黒通り,１０月１９日（火）,曇,自動車類上り大型車,-,-,-,-,-,-,-,-,-,-,-,-,-,-,,
４１６３０目黒区下目黒１－１,４０８０,主要地方道白金台町等々力線（都道３１２号）,放３,目黒通り,１０月１９日（火）,曇,自動車類上り小型車,-,-,-,-,-,-,-,-,-,-,-,-,-,-,,
４１６３０目黒区下目黒１－１,４０８０,主要地方道白金台町等々力線（都道３１２号）,放３,目黒通り,１０月１９日（火）,曇,自動車類上り計,-,-,-,-,-,-,-,-,-,-,-,-,-,-,,
４１６３０目黒区下目黒１－１,４０８０,主要地方道白金台町等々力線（都道３１２号）,放３,目黒通り,１０月１９日（火）,曇,自動車類下り大型車,131,169,160,132,128,118,136,162,153,146,114,122,1671,-,,
４１６３０目黒区下目黒１－１,４０８０,主要地方道白金台町等々力線（都道３１２号）,放３,目黒通り,１０月１９日（火）,曇,自動車類下り小型車,815,870,897,872,1014,974,880,997,1057,1060,1204,1257,11897,-,,
４１６３０目黒区下目黒１－１,４０８０,主要地方道白金台町等々力線（都道３１２号）,放３,目黒通り,１０月１９日（火）,曇,自動車類下り計,946,1039,1057,1004,1142,1092,1016,1159,1210,1206,1318,1379,13568,-,,
４１６３０目黒区下目黒１－１,４０８０,主要地方道白金台町等々力線（都道３１２号）,放３,目黒通り,１０月１９日（火）,曇,自動車類合計大型車,131,169,160,132,128,118,136,162,153,146,114,122,1671,-,,
４１６３０目黒区下目黒１－１,４０８０,主要地方道白金台町等々力線（都道３１２号）,放３,目黒通り,１０月１９日（火）,曇,自動車類合計小型車,815,870,897,872,1014,974,880,997,1057,1060,1204,1257,11897,-,,
４１６３０目黒区下目黒１－１,４０８０,主要地方道白金台町等々力線（都道３１２号）,放３,目黒通り,１０月１９日（火）,曇,自動車類合計計,946,1039,1057,1004,1142,1092,1016,1159,1210,1206,1318,1379,13568,-,,
４１６３０目黒区下目黒１－１,４０８０,主要地方道白金台町等々力線（都道３１２号）,放３,目黒通り,１０月１９日（火）,曇,二輪車類,58,78,83,85,96,94,111,107,102,153,189,161,1317,,,
４１６３０目黒区下目黒１－１,４０８０,主要地方道白金台町等々力線（都道３１２号）,放３,目黒通り,１０月１９日（火）,曇,自転車類,42,73,88,60,51,46,78,69,66,54,80,66,773,,,
４１６３０目黒区下目黒１－１,４０８０,主要地方道白金台町等々力線（都道３１２号）,放３,目黒通り,１０月１９日（火）,曇,歩行者類,1939,3133,2159,1400,1632,2514,1818,1584,1544,1607,2151,2614,24095,,,
