﻿観測地点,Ｈ１７区間番号,路線名,都市計画路線名,通称道路名,調査日,天候,ピーク時間交通量（台／ｈ）,ピーク率（％）,混雑時平均旅行速度（ｋｍ／ｈ）,大型車台数（台／１２ｈ）,混入率（％）,混雑度,昼夜率,車線数,５８年度（台／１２ｈ）,６０年度（台／１２ｈ）,６３年度（台／１２ｈ）,２年度（台／１２ｈ）,６年度（台／１２ｈ）,９年度（台／１２ｈ）,１１年度（台／１２ｈ）,１７年度（台／１２ｈ）,２２年度（台／１２ｈ）
５９５０東京都墨田区堤通１丁目,５１１,首都高速六号線,高速６号線,（首都高速６号向島線）,１１月１６日（火）,晴,4442,9.4,64.8,9683,20.4,0.9,1.64,4,23253,36543,40295,40911,42800,44736,43318,43978,47416
,,,,,,,,,,,,,,,,,,,,,,,
観測地点,Ｈ１７区間番号,路線名,都市計画路線名,通称道路名,調査日,天候,時間・種別,７～８,８～９,９～１０,１０～１１,１１～１２,１２～１３,１３～１４,１４～１５,１５～１６,１６～１７,１７～１８,１８～１９,１２ｈ計,２４ｈ計,,
５９５０東京都墨田区堤通１丁目,５１１,首都高速六号線,高速６号線,（首都高速６号向島線）,１１月１６日（火）,晴,自動車類上り大型車,177,211,239,310,477,553,269,274,210,173,132,187,3212,7096,,
５９５０東京都墨田区堤通１丁目,５１１,首都高速六号線,高速６号線,（首都高速６号向島線）,１１月１６日（火）,晴,自動車類上り小型車,1672,1417,963,772,982,1466,1344,1371,1577,1470,1373,1283,15690,24889,,
５９５０東京都墨田区堤通１丁目,５１１,首都高速六号線,高速６号線,（首都高速６号向島線）,１１月１６日（火）,晴,自動車類上り計,1849,1628,1202,1082,1459,2019,1613,1645,1787,1643,1505,1470,18902,31985,,
５９５０東京都墨田区堤通１丁目,５１１,首都高速六号線,高速６号線,（首都高速６号向島線）,１１月１６日（火）,晴,自動車類下り大型車,351,312,525,802,799,707,488,596,488,442,458,503,6471,11122,,
５９５０東京都墨田区堤通１丁目,５１１,首都高速六号線,高速６号線,（首都高速６号向島線）,１１月１６日（火）,晴,自動車類下り小型車,1588,1659,1882,1805,1858,1716,1873,1766,1916,1916,2093,1971,22043,34483,,
５９５０東京都墨田区堤通１丁目,５１１,首都高速六号線,高速６号線,（首都高速６号向島線）,１１月１６日（火）,晴,自動車類下り計,1939,1971,2407,2607,2657,2423,2361,2362,2404,2358,2551,2474,28514,45605,,
５９５０東京都墨田区堤通１丁目,５１１,首都高速六号線,高速６号線,（首都高速６号向島線）,１１月１６日（火）,晴,自動車類合計大型車,528,523,764,1112,1276,1260,757,870,698,615,590,690,9683,18218,,
５９５０東京都墨田区堤通１丁目,５１１,首都高速六号線,高速６号線,（首都高速６号向島線）,１１月１６日（火）,晴,自動車類合計小型車,3260,3076,2845,2577,2840,3182,3217,3137,3493,3386,3466,3254,37733,59372,,
５９５０東京都墨田区堤通１丁目,５１１,首都高速六号線,高速６号線,（首都高速６号向島線）,１１月１６日（火）,晴,自動車類合計計,3788,3599,3609,3689,4116,4442,3974,4007,4191,4001,4056,3944,47416,77590,,
５９５０東京都墨田区堤通１丁目,５１１,首都高速六号線,高速６号線,（首都高速６号向島線）,１１月１６日（火）,晴,二輪車類,-,-,-,-,-,-,-,-,-,-,-,-,-,,,
５９５０東京都墨田区堤通１丁目,５１１,首都高速六号線,高速６号線,（首都高速６号向島線）,１１月１６日（火）,晴,自転車類,-,-,-,-,-,-,-,-,-,-,-,-,-,,,
５９５０東京都墨田区堤通１丁目,５１１,首都高速六号線,高速６号線,（首都高速６号向島線）,１１月１６日（火）,晴,歩行者類,-,-,-,-,-,-,-,-,-,-,-,-,-,,,
