﻿観測地点,Ｈ１７区間番号,路線名,都市計画路線名,通称道路名,調査日,天候,ピーク時間交通量（台／ｈ）,ピーク率（％）,混雑時平均旅行速度（ｋｍ／ｈ）,大型車台数（台／１２ｈ）,混入率（％）,混雑度,昼夜率,車線数,５８年度（台／１２ｈ）,６０年度（台／１２ｈ）,６３年度（台／１２ｈ）,２年度（台／１２ｈ）,６年度（台／１２ｈ）,９年度（台／１２ｈ）,１１年度（台／１２ｈ）,１７年度（台／１２ｈ）,２２年度（台／１２ｈ）
４１７５０江戸川区上一色３－１０,４０９１,主要地方道御徒町小岩線（都道３１５号）,放１４,蔵前橋通り,９月３０日（木）,雨,1927,8.8,19.3,2296,10.5,0.83,-,4,26147,24908,22233,21648,21493,21379,21437,18498,21821
,,,,,,,,,,,,,,,,,,,,,,,
観測地点,Ｈ１７区間番号,路線名,都市計画路線名,通称道路名,調査日,天候,時間・種別,７～８,８～９,９～１０,１０～１１,１１～１２,１２～１３,１３～１４,１４～１５,１５～１６,１６～１７,１７～１８,１８～１９,１２ｈ計,２４ｈ計,,
４１７５０江戸川区上一色３－１０,４０９１,主要地方道御徒町小岩線（都道３１５号）,放１４,蔵前橋通り,９月３０日（木）,雨,自動車類上り大型車,117,111,113,98,102,100,89,101,74,54,58,39,1056,-,,
４１７５０江戸川区上一色３－１０,４０９１,主要地方道御徒町小岩線（都道３１５号）,放１４,蔵前橋通り,９月３０日（木）,雨,自動車類上り小型車,1052,1019,893,875,872,785,809,821,773,749,747,735,10130,-,,
４１７５０江戸川区上一色３－１０,４０９１,主要地方道御徒町小岩線（都道３１５号）,放１４,蔵前橋通り,９月３０日（木）,雨,自動車類上り計,1169,1130,1006,973,974,885,898,922,847,803,805,774,11186,-,,
４１７５０江戸川区上一色３－１０,４０９１,主要地方道御徒町小岩線（都道３１５号）,放１４,蔵前橋通り,９月３０日（木）,雨,自動車類下り大型車,86,101,117,119,121,128,118,117,105,82,88,58,1240,-,,
４１７５０江戸川区上一色３－１０,４０９１,主要地方道御徒町小岩線（都道３１５号）,放１４,蔵前橋通り,９月３０日（木）,雨,自動車類下り小型車,514,587,600,717,699,727,758,823,890,979,1006,1095,9395,-,,
４１７５０江戸川区上一色３－１０,４０９１,主要地方道御徒町小岩線（都道３１５号）,放１４,蔵前橋通り,９月３０日（木）,雨,自動車類下り計,600,688,717,836,820,855,876,940,995,1061,1094,1153,10635,-,,
４１７５０江戸川区上一色３－１０,４０９１,主要地方道御徒町小岩線（都道３１５号）,放１４,蔵前橋通り,９月３０日（木）,雨,自動車類合計大型車,203,212,230,217,223,228,207,218,179,136,146,97,2296,-,,
４１７５０江戸川区上一色３－１０,４０９１,主要地方道御徒町小岩線（都道３１５号）,放１４,蔵前橋通り,９月３０日（木）,雨,自動車類合計小型車,1566,1606,1493,1592,1571,1512,1567,1644,1663,1728,1753,1830,19525,-,,
４１７５０江戸川区上一色３－１０,４０９１,主要地方道御徒町小岩線（都道３１５号）,放１４,蔵前橋通り,９月３０日（木）,雨,自動車類合計計,1769,1818,1723,1809,1794,1740,1774,1862,1842,1864,1899,1927,21821,-,,
４１７５０江戸川区上一色３－１０,４０９１,主要地方道御徒町小岩線（都道３１５号）,放１４,蔵前橋通り,９月３０日（木）,雨,二輪車類,-,-,-,-,-,-,-,-,-,-,-,-,-,,,
４１７５０江戸川区上一色３－１０,４０９１,主要地方道御徒町小岩線（都道３１５号）,放１４,蔵前橋通り,９月３０日（木）,雨,自転車類,109,106,62,39,43,41,42,48,52,53,78,78,751,,,
４１７５０江戸川区上一色３－１０,４０９１,主要地方道御徒町小岩線（都道３１５号）,放１４,蔵前橋通り,９月３０日（木）,雨,歩行者類,27,28,17,7,16,16,9,12,16,17,34,17,216,,,
