﻿観測地点,Ｈ１７区間番号,路線名,都市計画路線名,通称道路名,調査日,天候,ピーク時間交通量（台／ｈ）,ピーク率（％）,混雑時平均旅行速度（ｋｍ／ｈ）,大型車台数（台／１２ｈ）,混入率（％）,混雑度,昼夜率,車線数,５８年度（台／１２ｈ）,６０年度（台／１２ｈ）,６３年度（台／１２ｈ）,２年度（台／１２ｈ）,６年度（台／１２ｈ）,９年度（台／１２ｈ）,１１年度（台／１２ｈ）,１７年度（台／１２ｈ）,２２年度（台／１２ｈ）
６１０２０中野区江古田１－１－７,６０３２,特例都道鮫洲大山線（都道４２０号）,補７６,新青梅街道,１０月２６日（火）,曇,1221,9.4,17.9,1723,13.3,1.89,-,2,12027,11008,12066,13096,13895,12338,12243,10867,12995
,,,,,,,,,,,,,,,,,,,,,,,
観測地点,Ｈ１７区間番号,路線名,都市計画路線名,通称道路名,調査日,天候,時間・種別,７～８,８～９,９～１０,１０～１１,１１～１２,１２～１３,１３～１４,１４～１５,１５～１６,１６～１７,１７～１８,１８～１９,１２ｈ計,２４ｈ計,,
６１０２０中野区江古田１－１－７,６０３２,特例都道鮫洲大山線（都道４２０号）,補７６,新青梅街道,１０月２６日（火）,曇,自動車類上り大型車,70,64,84,102,84,87,62,83,69,54,56,41,856,-,,
６１０２０中野区江古田１－１－７,６０３２,特例都道鮫洲大山線（都道４２０号）,補７６,新青梅街道,１０月２６日（火）,曇,自動車類上り小型車,332,329,314,451,442,431,464,483,538,473,557,582,5396,-,,
６１０２０中野区江古田１－１－７,６０３２,特例都道鮫洲大山線（都道４２０号）,補７６,新青梅街道,１０月２６日（火）,曇,自動車類上り計,402,393,398,553,526,518,526,566,607,527,613,623,6252,-,,
６１０２０中野区江古田１－１－７,６０３２,特例都道鮫洲大山線（都道４２０号）,補７６,新青梅街道,１０月２６日（火）,曇,自動車類下り大型車,84,85,111,122,77,70,75,60,54,44,49,36,867,-,,
６１０２０中野区江古田１－１－７,６０３２,特例都道鮫洲大山線（都道４２０号）,補７６,新青梅街道,１０月２６日（火）,曇,自動車類下り小型車,569,421,497,546,472,490,496,485,479,500,509,412,5876,-,,
６１０２０中野区江古田１－１－７,６０３２,特例都道鮫洲大山線（都道４２０号）,補７６,新青梅街道,１０月２６日（火）,曇,自動車類下り計,653,506,608,668,549,560,571,545,533,544,558,448,6743,-,,
６１０２０中野区江古田１－１－７,６０３２,特例都道鮫洲大山線（都道４２０号）,補７６,新青梅街道,１０月２６日（火）,曇,自動車類合計大型車,154,149,195,224,161,157,137,143,123,98,105,77,1723,-,,
６１０２０中野区江古田１－１－７,６０３２,特例都道鮫洲大山線（都道４２０号）,補７６,新青梅街道,１０月２６日（火）,曇,自動車類合計小型車,901,750,811,997,914,921,960,968,1017,973,1066,994,11272,-,,
６１０２０中野区江古田１－１－７,６０３２,特例都道鮫洲大山線（都道４２０号）,補７６,新青梅街道,１０月２６日（火）,曇,自動車類合計計,1055,899,1006,1221,1075,1078,1097,1111,1140,1071,1171,1071,12995,-,,
６１０２０中野区江古田１－１－７,６０３２,特例都道鮫洲大山線（都道４２０号）,補７６,新青梅街道,１０月２６日（火）,曇,二輪車類,-,-,-,-,-,-,-,-,-,-,-,-,-,,,
６１０２０中野区江古田１－１－７,６０３２,特例都道鮫洲大山線（都道４２０号）,補７６,新青梅街道,１０月２６日（火）,曇,自転車類,-,-,-,-,-,-,-,-,-,-,-,-,-,,,
６１０２０中野区江古田１－１－７,６０３２,特例都道鮫洲大山線（都道４２０号）,補７６,新青梅街道,１０月２６日（火）,曇,歩行者類,-,-,-,-,-,-,-,-,-,-,-,-,-,,,
