﻿観測地点,Ｈ１７区間番号,路線名,都市計画路線名,通称道路名,調査日,天候,ピーク時間交通量（台／ｈ）,ピーク率（％）,混雑時平均旅行速度（ｋｍ／ｈ）,大型車台数（台／１２ｈ）,混入率（％）,混雑度,昼夜率,車線数,５８年度（台／１２ｈ）,６０年度（台／１２ｈ）,６３年度（台／１２ｈ）,２年度（台／１２ｈ）,６年度（台／１２ｈ）,９年度（台／１２ｈ）,１１年度（台／１２ｈ）,１７年度（台／１２ｈ）,２２年度（台／１２ｈ）
４１６５０荒川区町屋６－３２,４０８５,主要地方道上野尾竹橋線（都道３１３号）,補１００,尾竹橋通り,９月３０日（木）,雨,1041,9.3,13.3,1563,13.9,1.66,-,2,13467,13214,12997,11536,12342,14702,14284,13315,11236
,,,,,,,,,,,,,,,,,,,,,,,
観測地点,Ｈ１７区間番号,路線名,都市計画路線名,通称道路名,調査日,天候,時間・種別,７～８,８～９,９～１０,１０～１１,１１～１２,１２～１３,１３～１４,１４～１５,１５～１６,１６～１７,１７～１８,１８～１９,１２ｈ計,２４ｈ計,,
４１６５０荒川区町屋６－３２,４０８５,主要地方道上野尾竹橋線（都道３１３号）,補１００,尾竹橋通り,９月３０日（木）,雨,自動車類上り大型車,118,84,100,68,72,64,76,78,36,38,29,20,783,-,,
４１６５０荒川区町屋６－３２,４０８５,主要地方道上野尾竹橋線（都道３１３号）,補１００,尾竹橋通り,９月３０日（木）,雨,自動車類上り小型車,589,577,523,439,380,383,413,436,393,359,308,305,5105,-,,
４１６５０荒川区町屋６－３２,４０８５,主要地方道上野尾竹橋線（都道３１３号）,補１００,尾竹橋通り,９月３０日（木）,雨,自動車類上り計,707,661,623,507,452,447,489,514,429,397,337,325,5888,-,,
４１６５０荒川区町屋６－３２,４０８５,主要地方道上野尾竹橋線（都道３１３号）,補１００,尾竹橋通り,９月３０日（木）,雨,自動車類下り大型車,54,58,74,80,92,60,83,68,51,67,56,37,780,-,,
４１６５０荒川区町屋６－３２,４０８５,主要地方道上野尾竹橋線（都道３１３号）,補１００,尾竹橋通り,９月３０日（木）,雨,自動車類下り小型車,274,268,344,359,410,388,389,447,413,401,424,451,4568,-,,
４１６５０荒川区町屋６－３２,４０８５,主要地方道上野尾竹橋線（都道３１３号）,補１００,尾竹橋通り,９月３０日（木）,雨,自動車類下り計,328,326,418,439,502,448,472,515,464,468,480,488,5348,-,,
４１６５０荒川区町屋６－３２,４０８５,主要地方道上野尾竹橋線（都道３１３号）,補１００,尾竹橋通り,９月３０日（木）,雨,自動車類合計大型車,172,142,174,148,164,124,159,146,87,105,85,57,1563,-,,
４１６５０荒川区町屋６－３２,４０８５,主要地方道上野尾竹橋線（都道３１３号）,補１００,尾竹橋通り,９月３０日（木）,雨,自動車類合計小型車,863,845,867,798,790,771,802,883,806,760,732,756,9673,-,,
４１６５０荒川区町屋６－３２,４０８５,主要地方道上野尾竹橋線（都道３１３号）,補１００,尾竹橋通り,９月３０日（木）,雨,自動車類合計計,1035,987,1041,946,954,895,961,1029,893,865,817,813,11236,-,,
４１６５０荒川区町屋６－３２,４０８５,主要地方道上野尾竹橋線（都道３１３号）,補１００,尾竹橋通り,９月３０日（木）,雨,二輪車類,-,-,-,-,-,-,-,-,-,-,-,-,-,,,
４１６５０荒川区町屋６－３２,４０８５,主要地方道上野尾竹橋線（都道３１３号）,補１００,尾竹橋通り,９月３０日（木）,雨,自転車類,394,554,207,253,207,226,213,208,261,249,376,365,3513,,,
４１６５０荒川区町屋６－３２,４０８５,主要地方道上野尾竹橋線（都道３１３号）,補１００,尾竹橋通り,９月３０日（木）,雨,歩行者類,68,91,44,59,58,53,65,76,66,65,85,87,817,,,
