﻿観測地点,Ｈ１７区間番号,路線名,都市計画路線名,通称道路名,調査日,天候,ピーク時間交通量（台／ｈ）,ピーク率（％）,混雑時平均旅行速度（ｋｍ／ｈ）,大型車台数（台／１２ｈ）,混入率（％）,混雑度,昼夜率,車線数,５８年度（台／１２ｈ）,６０年度（台／１２ｈ）,６３年度（台／１２ｈ）,２年度（台／１２ｈ）,６年度（台／１２ｈ）,９年度（台／１２ｈ）,１１年度（台／１２ｈ）,１７年度（台／１２ｈ）,２２年度（台／１２ｈ）
６０８００目黒区八雲５－２０,６０２７,特例都道古川橋二子玉川線（都道４１６号）,補４９,駒沢通り,１０月１９日（火）,曇,1480,9.1,14.2,1716,10.5,1.83,-,2,14165,10961,12219,11958,11665,10932,10108,12130,16335
,,,,,,,,,,,,,,,,,,,,,,,
観測地点,Ｈ１７区間番号,路線名,都市計画路線名,通称道路名,調査日,天候,時間・種別,７～８,８～９,９～１０,１０～１１,１１～１２,１２～１３,１３～１４,１４～１５,１５～１６,１６～１７,１７～１８,１８～１９,１２ｈ計,２４ｈ計,,
６０８００目黒区八雲５－２０,６０２７,特例都道古川橋二子玉川線（都道４１６号）,補４９,駒沢通り,１０月１９日（火）,曇,自動車類上り大型車,103,92,123,105,94,53,64,64,59,53,37,25,872,-,,
６０８００目黒区八雲５－２０,６０２７,特例都道古川橋二子玉川線（都道４１６号）,補４９,駒沢通り,１０月１９日（火）,曇,自動車類上り小型車,795,849,730,633,626,600,631,611,614,573,623,545,7830,-,,
６０８００目黒区八雲５－２０,６０２７,特例都道古川橋二子玉川線（都道４１６号）,補４９,駒沢通り,１０月１９日（火）,曇,自動車類上り計,898,941,853,738,720,653,695,675,673,626,660,570,8702,-,,
６０８００目黒区八雲５－２０,６０２７,特例都道古川橋二子玉川線（都道４１６号）,補４９,駒沢通り,１０月１９日（火）,曇,自動車類下り大型車,89,66,90,85,82,76,77,62,61,69,54,33,844,-,,
６０８００目黒区八雲５－２０,６０２７,特例都道古川橋二子玉川線（都道４１６号）,補４９,駒沢通り,１０月１９日（火）,曇,自動車類下り小型車,392,449,537,519,551,591,492,623,617,623,697,698,6789,-,,
６０８００目黒区八雲５－２０,６０２７,特例都道古川橋二子玉川線（都道４１６号）,補４９,駒沢通り,１０月１９日（火）,曇,自動車類下り計,481,515,627,604,633,667,569,685,678,692,751,731,7633,-,,
６０８００目黒区八雲５－２０,６０２７,特例都道古川橋二子玉川線（都道４１６号）,補４９,駒沢通り,１０月１９日（火）,曇,自動車類合計大型車,192,158,213,190,176,129,141,126,120,122,91,58,1716,-,,
６０８００目黒区八雲５－２０,６０２７,特例都道古川橋二子玉川線（都道４１６号）,補４９,駒沢通り,１０月１９日（火）,曇,自動車類合計小型車,1187,1298,1267,1152,1177,1191,1123,1234,1231,1196,1320,1243,14619,-,,
６０８００目黒区八雲５－２０,６０２７,特例都道古川橋二子玉川線（都道４１６号）,補４９,駒沢通り,１０月１９日（火）,曇,自動車類合計計,1379,1456,1480,1342,1353,1320,1264,1360,1351,1318,1411,1301,16335,-,,
６０８００目黒区八雲５－２０,６０２７,特例都道古川橋二子玉川線（都道４１６号）,補４９,駒沢通り,１０月１９日（火）,曇,二輪車類,137,168,120,159,83,150,94,151,153,142,189,197,1743,,,
６０８００目黒区八雲５－２０,６０２７,特例都道古川橋二子玉川線（都道４１６号）,補４９,駒沢通り,１０月１９日（火）,曇,自転車類,113,203,148,107,87,97,89,79,90,107,127,111,1358,,,
６０８００目黒区八雲５－２０,６０２７,特例都道古川橋二子玉川線（都道４１６号）,補４９,駒沢通り,１０月１９日（火）,曇,歩行者類,40,98,198,50,48,46,58,58,44,56,152,36,884,,,
