﻿観測地点,Ｈ１７区間番号,路線名,都市計画路線名,通称道路名,調査日,天候,ピーク時間交通量（台／ｈ）,ピーク率（％）,混雑時平均旅行速度（ｋｍ／ｈ）,大型車台数（台／１２ｈ）,混入率（％）,混雑度,昼夜率,車線数,５８年度（台／１２ｈ）,６０年度（台／１２ｈ）,６３年度（台／１２ｈ）,２年度（台／１２ｈ）,６年度（台／１２ｈ）,９年度（台／１２ｈ）,１１年度（台／１２ｈ）,１７年度（台／１２ｈ）,２２年度（台／１２ｈ）
６１４０東京都中野区本町２丁目,－,首都高速目黒板橋線,高速中央環状新宿線,（首都高速中央環状新宿線）,１１月１６日（火）,晴,3908,9.7,74.6,6394,15.8,0.64,1.55,4,-,-,-,-,-,-,-,-,40471
,,,,,,,,,,,,,,,,,,,,,,,
観測地点,Ｈ１７区間番号,路線名,都市計画路線名,通称道路名,調査日,天候,時間・種別,７～８,８～９,９～１０,１０～１１,１１～１２,１２～１３,１３～１４,１４～１５,１５～１６,１６～１７,１７～１８,１８～１９,１２ｈ計,２４ｈ計,,
６１４０東京都中野区本町２丁目,－,首都高速目黒板橋線,高速中央環状新宿線,（首都高速中央環状新宿線）,１１月１６日（火）,晴,自動車類上り大型車,183,183,319,382,434,416,297,326,304,242,280,227,3593,6998,,
６１４０東京都中野区本町２丁目,－,首都高速目黒板橋線,高速中央環状新宿線,（首都高速中央環状新宿線）,１１月１６日（火）,晴,自動車類上り小型車,1924,1799,1626,1409,1488,1297,1186,1211,1277,1286,1496,1423,17422,24944,,
６１４０東京都中野区本町２丁目,－,首都高速目黒板橋線,高速中央環状新宿線,（首都高速中央環状新宿線）,１１月１６日（火）,晴,自動車類上り計,2107,1982,1945,1791,1922,1713,1483,1537,1581,1528,1776,1650,21015,31942,,
６１４０東京都中野区本町２丁目,－,首都高速目黒板橋線,高速中央環状新宿線,（首都高速中央環状新宿線）,１１月１６日（火）,晴,自動車類下り大型車,134,158,255,343,305,334,243,233,239,216,182,159,2801,6746,,
６１４０東京都中野区本町２丁目,－,首都高速目黒板橋線,高速中央環状新宿線,（首都高速中央環状新宿線）,１１月１６日（火）,晴,自動車類下り小型車,1127,1266,1208,1262,1227,1278,1157,1244,1443,1741,1950,1752,16655,23843,,
６１４０東京都中野区本町２丁目,－,首都高速目黒板橋線,高速中央環状新宿線,（首都高速中央環状新宿線）,１１月１６日（火）,晴,自動車類下り計,1261,1424,1463,1605,1532,1612,1400,1477,1682,1957,2132,1911,19456,30589,,
６１４０東京都中野区本町２丁目,－,首都高速目黒板橋線,高速中央環状新宿線,（首都高速中央環状新宿線）,１１月１６日（火）,晴,自動車類合計大型車,317,341,574,725,739,750,540,559,543,458,462,386,6394,13744,,
６１４０東京都中野区本町２丁目,－,首都高速目黒板橋線,高速中央環状新宿線,（首都高速中央環状新宿線）,１１月１６日（火）,晴,自動車類合計小型車,3051,3065,2834,2671,2715,2575,2343,2455,2720,3027,3446,3175,34077,48787,,
６１４０東京都中野区本町２丁目,－,首都高速目黒板橋線,高速中央環状新宿線,（首都高速中央環状新宿線）,１１月１６日（火）,晴,自動車類合計計,3368,3406,3408,3396,3454,3325,2883,3014,3263,3485,3908,3561,40471,62531,,
６１４０東京都中野区本町２丁目,－,首都高速目黒板橋線,高速中央環状新宿線,（首都高速中央環状新宿線）,１１月１６日（火）,晴,二輪車類,-,-,-,-,-,-,-,-,-,-,-,-,-,,,
６１４０東京都中野区本町２丁目,－,首都高速目黒板橋線,高速中央環状新宿線,（首都高速中央環状新宿線）,１１月１６日（火）,晴,自転車類,-,-,-,-,-,-,-,-,-,-,-,-,-,,,
６１４０東京都中野区本町２丁目,－,首都高速目黒板橋線,高速中央環状新宿線,（首都高速中央環状新宿線）,１１月１６日（火）,晴,歩行者類,-,-,-,-,-,-,-,-,-,-,-,-,-,,,
