﻿観測地点,Ｈ１７区間番号,路線名,都市計画路線名,通称道路名,調査日,天候,ピーク時間交通量（台／ｈ）,ピーク率（％）,混雑時平均旅行速度（ｋｍ／ｈ）,大型車台数（台／１２ｈ）,混入率（％）,混雑度,昼夜率,車線数,５８年度（台／１２ｈ）,６０年度（台／１２ｈ）,６３年度（台／１２ｈ）,２年度（台／１２ｈ）,６年度（台／１２ｈ）,９年度（台／１２ｈ）,１１年度（台／１２ｈ）,１７年度（台／１２ｈ）,２２年度（台／１２ｈ）
６２８０東京都葛飾区東四つ木３丁目,５１５,首都高速葛飾江戸川線,高速葛飾江戸川線,（首都高速中央環状線）,１１月１６日（火）,晴,5814,9.6,29.1,21576,35.8,1.06,1.50,4,-,-,59411,64619,59954,64140,66345,64343,60292
,,,,,,,,,,,,,,,,,,,,,,,
観測地点,Ｈ１７区間番号,路線名,都市計画路線名,通称道路名,調査日,天候,時間・種別,７～８,８～９,９～１０,１０～１１,１１～１２,１２～１３,１３～１４,１４～１５,１５～１６,１６～１７,１７～１８,１８～１９,１２ｈ計,２４ｈ計,,
６２８０東京都葛飾区東四つ木３丁目,５１５,首都高速葛飾江戸川線,高速葛飾江戸川線,（首都高速中央環状線）,１１月１６日（火）,晴,自動車類上り大型車,722,879,1175,836,720,1066,793,936,905,796,555,328,9711,15637,,
６２８０東京都葛飾区東四つ木３丁目,５１５,首都高速葛飾江戸川線,高速葛飾江戸川線,（首都高速中央環状線）,１１月１６日（火）,晴,自動車類上り小型車,1783,1948,1493,1061,957,1281,1224,1398,1585,1652,1597,1097,17076,25239,,
６２８０東京都葛飾区東四つ木３丁目,５１５,首都高速葛飾江戸川線,高速葛飾江戸川線,（首都高速中央環状線）,１１月１６日（火）,晴,自動車類上り計,2505,2827,2668,1897,1677,2347,2017,2334,2490,2448,2152,1425,26787,40876,,
６２８０東京都葛飾区東四つ木３丁目,５１５,首都高速葛飾江戸川線,高速葛飾江戸川線,（首都高速中央環状線）,１１月１６日（火）,晴,自動車類下り大型車,770,796,1145,1128,1063,1359,1184,1034,1035,899,778,674,11865,19299,,
６２８０東京都葛飾区東四つ木３丁目,５１５,首都高速葛飾江戸川線,高速葛飾江戸川線,（首都高速中央環状線）,１１月１６日（火）,晴,自動車類下り小型車,2343,2191,1702,1265,1216,1496,1471,1553,1786,2069,2364,2184,21640,30291,,
６２８０東京都葛飾区東四つ木３丁目,５１５,首都高速葛飾江戸川線,高速葛飾江戸川線,（首都高速中央環状線）,１１月１６日（火）,晴,自動車類下り計,3113,2987,2847,2393,2279,2855,2655,2587,2821,2968,3142,2858,33505,49590,,
６２８０東京都葛飾区東四つ木３丁目,５１５,首都高速葛飾江戸川線,高速葛飾江戸川線,（首都高速中央環状線）,１１月１６日（火）,晴,自動車類合計大型車,1492,1675,2320,1964,1783,2425,1977,1970,1940,1695,1333,1002,21576,34936,,
６２８０東京都葛飾区東四つ木３丁目,５１５,首都高速葛飾江戸川線,高速葛飾江戸川線,（首都高速中央環状線）,１１月１６日（火）,晴,自動車類合計小型車,4126,4139,3195,2326,2173,2777,2695,2951,3371,3721,3961,3281,38716,55530,,
６２８０東京都葛飾区東四つ木３丁目,５１５,首都高速葛飾江戸川線,高速葛飾江戸川線,（首都高速中央環状線）,１１月１６日（火）,晴,自動車類合計計,5618,5814,5515,4290,3956,5202,4672,4921,5311,5416,5294,4283,60292,90466,,
６２８０東京都葛飾区東四つ木３丁目,５１５,首都高速葛飾江戸川線,高速葛飾江戸川線,（首都高速中央環状線）,１１月１６日（火）,晴,二輪車類,-,-,-,-,-,-,-,-,-,-,-,-,-,,,
６２８０東京都葛飾区東四つ木３丁目,５１５,首都高速葛飾江戸川線,高速葛飾江戸川線,（首都高速中央環状線）,１１月１６日（火）,晴,自転車類,-,-,-,-,-,-,-,-,-,-,-,-,-,,,
６２８０東京都葛飾区東四つ木３丁目,５１５,首都高速葛飾江戸川線,高速葛飾江戸川線,（首都高速中央環状線）,１１月１６日（火）,晴,歩行者類,-,-,-,-,-,-,-,-,-,-,-,-,-,,,
