﻿観測地点,Ｈ１７区間番号,路線名,都市計画路線名,通称道路名,調査日,天候,ピーク時間交通量（台／ｈ）,ピーク率（％）,混雑時平均旅行速度（ｋｍ／ｈ）,大型車台数（台／１２ｈ）,混入率（％）,混雑度,昼夜率,車線数,５８年度（台／１２ｈ）,６０年度（台／１２ｈ）,６３年度（台／１２ｈ）,２年度（台／１２ｈ）,６年度（台／１２ｈ）,９年度（台／１２ｈ）,１１年度（台／１２ｈ）,１７年度（台／１２ｈ）,２２年度（台／１２ｈ）
６０２４０練馬区南大泉３－３１,６０９７,一般都道東大泉田無線（都道２３３号）,－,（保谷新道）,１０月７日（木）,晴,581,9.5,2.9,459,7.5,0.68,-,2,7754,8328,7210,7739,8322,8749,8712,8597,6110
,,,,,,,,,,,,,,,,,,,,,,,
観測地点,Ｈ１７区間番号,路線名,都市計画路線名,通称道路名,調査日,天候,時間・種別,７～８,８～９,９～１０,１０～１１,１１～１２,１２～１３,１３～１４,１４～１５,１５～１６,１６～１７,１７～１８,１８～１９,１２ｈ計,２４ｈ計,,
６０２４０練馬区南大泉３－３１,６０９７,一般都道東大泉田無線（都道２３３号）,－,（保谷新道）,１０月７日（木）,晴,自動車類上り大型車,19,22,24,36,24,16,21,22,22,23,13,7,249,-,,
６０２４０練馬区南大泉３－３１,６０９７,一般都道東大泉田無線（都道２３３号）,－,（保谷新道）,１０月７日（木）,晴,自動車類上り小型車,290,244,225,249,239,187,223,266,237,207,213,171,2751,-,,
６０２４０練馬区南大泉３－３１,６０９７,一般都道東大泉田無線（都道２３３号）,－,（保谷新道）,１０月７日（木）,晴,自動車類上り計,309,266,249,285,263,203,244,288,259,230,226,178,3000,-,,
６０２４０練馬区南大泉３－３１,６０９７,一般都道東大泉田無線（都道２３３号）,－,（保谷新道）,１０月７日（木）,晴,自動車類下り大型車,18,29,23,19,18,20,22,17,9,12,17,6,210,-,,
６０２４０練馬区南大泉３－３１,６０９７,一般都道東大泉田無線（都道２３３号）,－,（保谷新道）,１０月７日（木）,晴,自動車類下り小型車,254,260,213,247,231,212,232,254,218,247,279,253,2900,-,,
６０２４０練馬区南大泉３－３１,６０９７,一般都道東大泉田無線（都道２３３号）,－,（保谷新道）,１０月７日（木）,晴,自動車類下り計,272,289,236,266,249,232,254,271,227,259,296,259,3110,-,,
６０２４０練馬区南大泉３－３１,６０９７,一般都道東大泉田無線（都道２３３号）,－,（保谷新道）,１０月７日（木）,晴,自動車類合計大型車,37,51,47,55,42,36,43,39,31,35,30,13,459,-,,
６０２４０練馬区南大泉３－３１,６０９７,一般都道東大泉田無線（都道２３３号）,－,（保谷新道）,１０月７日（木）,晴,自動車類合計小型車,544,504,438,496,470,399,455,520,455,454,492,424,5651,-,,
６０２４０練馬区南大泉３－３１,６０９７,一般都道東大泉田無線（都道２３３号）,－,（保谷新道）,１０月７日（木）,晴,自動車類合計計,581,555,485,551,512,435,498,559,486,489,522,437,6110,-,,
６０２４０練馬区南大泉３－３１,６０９７,一般都道東大泉田無線（都道２３３号）,－,（保谷新道）,１０月７日（木）,晴,二輪車類,-,-,-,-,-,-,-,-,-,-,-,-,-,,,
６０２４０練馬区南大泉３－３１,６０９７,一般都道東大泉田無線（都道２３３号）,－,（保谷新道）,１０月７日（木）,晴,自転車類,94,166,198,198,208,214,198,229,224,221,201,174,2325,,,
６０２４０練馬区南大泉３－３１,６０９７,一般都道東大泉田無線（都道２３３号）,－,（保谷新道）,１０月７日（木）,晴,歩行者類,657,534,444,432,486,582,522,459,457,555,636,702,6466,,,
