﻿観測地点,Ｈ１７区間番号,路線名,都市計画路線名,通称道路名,調査日,天候,ピーク時間交通量（台／ｈ）,ピーク率（％）,混雑時平均旅行速度（ｋｍ／ｈ）,大型車台数（台／１２ｈ）,混入率（％）,混雑度,昼夜率,車線数,５８年度（台／１２ｈ）,６０年度（台／１２ｈ）,６３年度（台／１２ｈ）,２年度（台／１２ｈ）,６年度（台／１２ｈ）,９年度（台／１２ｈ）,１１年度（台／１２ｈ）,１７年度（台／１２ｈ）,２２年度（台／１２ｈ）
６２９０東京都江戸川区西小松川町,５１５,首都高速葛飾江戸川線,高速葛飾江戸川線,（首都高速中央環状線）,１１月１６日（火）,晴,5373,9.8,16.5,21015,38.1,1.13,1.52,4,-,-,59411,64619,59954,64140,66345,64343,55088
,,,,,,,,,,,,,,,,,,,,,,,
観測地点,Ｈ１７区間番号,路線名,都市計画路線名,通称道路名,調査日,天候,時間・種別,７～８,８～９,９～１０,１０～１１,１１～１２,１２～１３,１３～１４,１４～１５,１５～１６,１６～１７,１７～１８,１８～１９,１２ｈ計,２４ｈ計,,
６２９０東京都江戸川区西小松川町,５１５,首都高速葛飾江戸川線,高速葛飾江戸川線,（首都高速中央環状線）,１１月１６日（火）,晴,自動車類上り大型車,744,860,1237,749,655,1014,792,950,895,880,546,330,9652,15825,,
６２９０東京都江戸川区西小松川町,５１５,首都高速葛飾江戸川線,高速葛飾江戸川線,（首都高速中央環状線）,１１月１６日（火）,晴,自動車類上り小型車,1524,1634,1399,856,767,1102,1106,1213,1471,1648,1451,832,15003,22780,,
６２９０東京都江戸川区西小松川町,５１５,首都高速葛飾江戸川線,高速葛飾江戸川線,（首都高速中央環状線）,１１月１６日（火）,晴,自動車類上り計,2268,2494,2636,1605,1422,2116,1898,2163,2366,2528,1997,1162,24655,38605,,
６２９０東京都江戸川区西小松川町,５１５,首都高速葛飾江戸川線,高速葛飾江戸川線,（首都高速中央環状線）,１１月１６日（火）,晴,自動車類下り大型車,709,767,1093,1129,1034,1324,1133,962,982,852,751,627,11363,18592,,
６２９０東京都江戸川区西小松川町,５１５,首都高速葛飾江戸川線,高速葛飾江戸川線,（首都高速中央環状線）,１１月１６日（火）,晴,自動車類下り小型車,2075,2014,1644,1206,1160,1313,1389,1371,1423,1733,2017,1725,19070,26622,,
６２９０東京都江戸川区西小松川町,５１５,首都高速葛飾江戸川線,高速葛飾江戸川線,（首都高速中央環状線）,１１月１６日（火）,晴,自動車類下り計,2784,2781,2737,2335,2194,2637,2522,2333,2405,2585,2768,2352,30433,45214,,
６２９０東京都江戸川区西小松川町,５１５,首都高速葛飾江戸川線,高速葛飾江戸川線,（首都高速中央環状線）,１１月１６日（火）,晴,自動車類合計大型車,1453,1627,2330,1878,1689,2338,1925,1912,1877,1732,1297,957,21015,34417,,
６２９０東京都江戸川区西小松川町,５１５,首都高速葛飾江戸川線,高速葛飾江戸川線,（首都高速中央環状線）,１１月１６日（火）,晴,自動車類合計小型車,3599,3648,3043,2062,1927,2415,2495,2584,2894,3381,3468,2557,34073,49402,,
６２９０東京都江戸川区西小松川町,５１５,首都高速葛飾江戸川線,高速葛飾江戸川線,（首都高速中央環状線）,１１月１６日（火）,晴,自動車類合計計,5052,5275,5373,3940,3616,4753,4420,4496,4771,5113,4765,3514,55088,83819,,
６２９０東京都江戸川区西小松川町,５１５,首都高速葛飾江戸川線,高速葛飾江戸川線,（首都高速中央環状線）,１１月１６日（火）,晴,二輪車類,-,-,-,-,-,-,-,-,-,-,-,-,-,,,
６２９０東京都江戸川区西小松川町,５１５,首都高速葛飾江戸川線,高速葛飾江戸川線,（首都高速中央環状線）,１１月１６日（火）,晴,自転車類,-,-,-,-,-,-,-,-,-,-,-,-,-,,,
６２９０東京都江戸川区西小松川町,５１５,首都高速葛飾江戸川線,高速葛飾江戸川線,（首都高速中央環状線）,１１月１６日（火）,晴,歩行者類,-,-,-,-,-,-,-,-,-,-,-,-,-,,,
