﻿観測地点,Ｈ１７区間番号,路線名,都市計画路線名,通称道路名,調査日,天候,ピーク時間交通量（台／ｈ）,ピーク率（％）,混雑時平均旅行速度（ｋｍ／ｈ）,大型車台数（台／１２ｈ）,混入率（％）,混雑度,昼夜率,車線数,５８年度（台／１２ｈ）,６０年度（台／１２ｈ）,６３年度（台／１２ｈ）,２年度（台／１２ｈ）,６年度（台／１２ｈ）,９年度（台／１２ｈ）,１１年度（台／１２ｈ）,１７年度（台／１２ｈ）,２２年度（台／１２ｈ）
５６４０東京都文京区音羽１丁目,５１０,首都高速五号線,高速５号線,（首都高速５号池袋線）,１１月１６日（火）,晴,5529,9.2,34.8,8870,14.8,0.91,1.58,4,48678,48236,47376,49769,53953,56103,65791,64222,60131
,,,,,,,,,,,,,,,,,,,,,,,
観測地点,Ｈ１７区間番号,路線名,都市計画路線名,通称道路名,調査日,天候,時間・種別,７～８,８～９,９～１０,１０～１１,１１～１２,１２～１３,１３～１４,１４～１５,１５～１６,１６～１７,１７～１８,１８～１９,１２ｈ計,２４ｈ計,,
５６４０東京都文京区音羽１丁目,５１０,首都高速五号線,高速５号線,（首都高速５号池袋線）,１１月１６日（火）,晴,自動車類上り大型車,284,284,456,546,414,262,337,369,362,260,232,176,3982,7373,,
５６４０東京都文京区音羽１丁目,５１０,首都高速五号線,高速５号線,（首都高速５号池袋線）,１１月１６日（火）,晴,自動車類上り小型車,2482,2673,1973,1876,1070,1073,1708,1883,2075,2247,2040,1663,22763,34406,,
５６４０東京都文京区音羽１丁目,５１０,首都高速五号線,高速５号線,（首都高速５号池袋線）,１１月１６日（火）,晴,自動車類上り計,2766,2957,2429,2422,1484,1335,2045,2252,2437,2507,2272,1839,26745,41779,,
５６４０東京都文京区音羽１丁目,５１０,首都高速五号線,高速５号線,（首都高速５号池袋線）,１１月１６日（火）,晴,自動車類下り大型車,375,390,455,533,566,493,435,426,382,329,239,265,4888,8536,,
５６４０東京都文京区音羽１丁目,５１０,首都高速五号線,高速５号線,（首都高速５号池袋線）,１１月１６日（火）,晴,自動車類下り小型車,1989,2182,2163,2286,2356,2249,2289,2389,2522,2688,2801,2584,28498,44758,,
５６４０東京都文京区音羽１丁目,５１０,首都高速五号線,高速５号線,（首都高速５号池袋線）,１１月１６日（火）,晴,自動車類下り計,2364,2572,2618,2819,2922,2742,2724,2815,2904,3017,3040,2849,33386,53294,,
５６４０東京都文京区音羽１丁目,５１０,首都高速五号線,高速５号線,（首都高速５号池袋線）,１１月１６日（火）,晴,自動車類合計大型車,659,674,911,1079,980,755,772,795,744,589,471,441,8870,15909,,
５６４０東京都文京区音羽１丁目,５１０,首都高速五号線,高速５号線,（首都高速５号池袋線）,１１月１６日（火）,晴,自動車類合計小型車,4471,4855,4136,4162,3426,3322,3997,4272,4597,4935,4841,4247,51261,79164,,
５６４０東京都文京区音羽１丁目,５１０,首都高速五号線,高速５号線,（首都高速５号池袋線）,１１月１６日（火）,晴,自動車類合計計,5130,5529,5047,5241,4406,4077,4769,5067,5341,5524,5312,4688,60131,95073,,
５６４０東京都文京区音羽１丁目,５１０,首都高速五号線,高速５号線,（首都高速５号池袋線）,１１月１６日（火）,晴,二輪車類,-,-,-,-,-,-,-,-,-,-,-,-,-,,,
５６４０東京都文京区音羽１丁目,５１０,首都高速五号線,高速５号線,（首都高速５号池袋線）,１１月１６日（火）,晴,自転車類,-,-,-,-,-,-,-,-,-,-,-,-,-,,,
５６４０東京都文京区音羽１丁目,５１０,首都高速五号線,高速５号線,（首都高速５号池袋線）,１１月１６日（火）,晴,歩行者類,-,-,-,-,-,-,-,-,-,-,-,-,-,,,
