﻿観測地点,Ｈ１７区間番号,路線名,都市計画路線名,通称道路名,調査日,天候,ピーク時間交通量（台／ｈ）,ピーク率（％）,混雑時平均旅行速度（ｋｍ／ｈ）,大型車台数（台／１２ｈ）,混入率（％）,混雑度,昼夜率,車線数,５８年度（台／１２ｈ）,６０年度（台／１２ｈ）,６３年度（台／１２ｈ）,２年度（台／１２ｈ）,６年度（台／１２ｈ）,９年度（台／１２ｈ）,１１年度（台／１２ｈ）,１７年度（台／１２ｈ）,２２年度（台／１２ｈ）
６２６０東京都葛飾区堀切４丁目,５１６,首都高速六号線,高速６号線,（首都高速中央環状線）,１１月１６日（火）,晴,9461,8.8,34.5,29817,27.8,1.01,1.54,7,-,-,60695,69142,59461,62561,63312,63306,107110
,,,,,,,,,,,,,,,,,,,,,,,
観測地点,Ｈ１７区間番号,路線名,都市計画路線名,通称道路名,調査日,天候,時間・種別,７～８,８～９,９～１０,１０～１１,１１～１２,１２～１３,１３～１４,１４～１５,１５～１６,１６～１７,１７～１８,１８～１９,１２ｈ計,２４ｈ計,,
６２６０東京都葛飾区堀切４丁目,５１６,首都高速六号線,高速６号線,（首都高速中央環状線）,１１月１６日（火）,晴,自動車類上り大型車,1012,1109,1571,1449,1403,1736,1385,1488,1375,1178,997,837,15540,26939,,
６２６０東京都葛飾区堀切４丁目,５１６,首都高速六号線,高速６号線,（首都高速中央環状線）,１１月１６日（火）,晴,自動車類上り小型車,3560,3802,3536,3245,3133,3107,3054,3291,3486,3631,3611,3354,40810,59473,,
６２６０東京都葛飾区堀切４丁目,５１６,首都高速六号線,高速６号線,（首都高速中央環状線）,１１月１６日（火）,晴,自動車類上り計,4572,4911,5107,4694,4536,4843,4439,4779,4861,4809,4608,4191,56350,86412,,
６２６０東京都葛飾区堀切４丁目,５１６,首都高速六号線,高速６号線,（首都高速中央環状線）,１１月１６日（火）,晴,自動車類下り大型車,942,1053,1189,1160,1277,1717,1377,1354,1263,1071,954,920,14277,25682,,
６２６０東京都葛飾区堀切４丁目,５１６,首都高速六号線,高速６号線,（首都高速中央環状線）,１１月１６日（火）,晴,自動車類下り小型車,3806,3378,2595,2074,2309,2873,2683,2779,3337,3489,3674,3486,36483,53077,,
６２６０東京都葛飾区堀切４丁目,５１６,首都高速六号線,高速６号線,（首都高速中央環状線）,１１月１６日（火）,晴,自動車類下り計,4748,4431,3784,3234,3586,4590,4060,4133,4600,4560,4628,4406,50760,78759,,
６２６０東京都葛飾区堀切４丁目,５１６,首都高速六号線,高速６号線,（首都高速中央環状線）,１１月１６日（火）,晴,自動車類合計大型車,1954,2162,2760,2609,2680,3453,2762,2842,2638,2249,1951,1757,29817,52621,,
６２６０東京都葛飾区堀切４丁目,５１６,首都高速六号線,高速６号線,（首都高速中央環状線）,１１月１６日（火）,晴,自動車類合計小型車,7366,7180,6131,5319,5442,5980,5737,6070,6823,7120,7285,6840,77293,112550,,
６２６０東京都葛飾区堀切４丁目,５１６,首都高速六号線,高速６号線,（首都高速中央環状線）,１１月１６日（火）,晴,自動車類合計計,9320,9342,8891,7928,8122,9433,8499,8912,9461,9369,9236,8597,107110,165171,,
６２６０東京都葛飾区堀切４丁目,５１６,首都高速六号線,高速６号線,（首都高速中央環状線）,１１月１６日（火）,晴,二輪車類,-,-,-,-,-,-,-,-,-,-,-,-,-,,,
６２６０東京都葛飾区堀切４丁目,５１６,首都高速六号線,高速６号線,（首都高速中央環状線）,１１月１６日（火）,晴,自転車類,-,-,-,-,-,-,-,-,-,-,-,-,-,,,
６２６０東京都葛飾区堀切４丁目,５１６,首都高速六号線,高速６号線,（首都高速中央環状線）,１１月１６日（火）,晴,歩行者類,-,-,-,-,-,-,-,-,-,-,-,-,-,,,
