﻿観測地点,Ｈ１７区間番号,路線名,都市計画路線名,通称道路名,調査日,天候,ピーク時間交通量（台／ｈ）,ピーク率（％）,混雑時平均旅行速度（ｋｍ／ｈ）,大型車台数（台／１２ｈ）,混入率（％）,混雑度,昼夜率,車線数,５８年度（台／１２ｈ）,６０年度（台／１２ｈ）,６３年度（台／１２ｈ）,２年度（台／１２ｈ）,６年度（台／１２ｈ）,９年度（台／１２ｈ）,１１年度（台／１２ｈ）,１７年度（台／１２ｈ）,２２年度（台／１２ｈ）
４０６４０杉並区井草１－１８,４０３０,主要地方道飯田橋石神井新座線（都道２５号）,－,旧早稲田通り,１０月２０日（水）,曇,324,9.7,14,420,12.5,0.72,-,2,4184,4212,4281,4897,4956,3824,3836,3804,3354
,,,,,,,,,,,,,,,,,,,,,,,
観測地点,Ｈ１７区間番号,路線名,都市計画路線名,通称道路名,調査日,天候,時間・種別,７～８,８～９,９～１０,１０～１１,１１～１２,１２～１３,１３～１４,１４～１５,１５～１６,１６～１７,１７～１８,１８～１９,１２ｈ計,２４ｈ計,,
４０６４０杉並区井草１－１８,４０３０,主要地方道飯田橋石神井新座線（都道２５号）,－,旧早稲田通り,１０月２０日（水）,曇,自動車類上り大型車,26,24,29,18,12,15,11,19,16,13,10,11,204,-,,
４０６４０杉並区井草１－１８,４０３０,主要地方道飯田橋石神井新座線（都道２５号）,－,旧早稲田通り,１０月２０日（水）,曇,自動車類上り小型車,197,156,148,127,115,136,139,119,116,119,113,99,1584,-,,
４０６４０杉並区井草１－１８,４０３０,主要地方道飯田橋石神井新座線（都道２５号）,－,旧早稲田通り,１０月２０日（水）,曇,自動車類上り計,223,180,177,145,127,151,150,138,132,132,123,110,1788,-,,
４０６４０杉並区井草１－１８,４０３０,主要地方道飯田橋石神井新座線（都道２５号）,－,旧早稲田通り,１０月２０日（水）,曇,自動車類下り大型車,13,11,16,20,20,23,20,18,17,24,22,12,216,-,,
４０６４０杉並区井草１－１８,４０３０,主要地方道飯田橋石神井新座線（都道２５号）,－,旧早稲田通り,１０月２０日（水）,曇,自動車類下り小型車,70,76,84,99,113,113,112,114,126,128,179,136,1350,-,,
４０６４０杉並区井草１－１８,４０３０,主要地方道飯田橋石神井新座線（都道２５号）,－,旧早稲田通り,１０月２０日（水）,曇,自動車類下り計,83,87,100,119,133,136,132,132,143,152,201,148,1566,-,,
４０６４０杉並区井草１－１８,４０３０,主要地方道飯田橋石神井新座線（都道２５号）,－,旧早稲田通り,１０月２０日（水）,曇,自動車類合計大型車,39,35,45,38,32,38,31,37,33,37,32,23,420,-,,
４０６４０杉並区井草１－１８,４０３０,主要地方道飯田橋石神井新座線（都道２５号）,－,旧早稲田通り,１０月２０日（水）,曇,自動車類合計小型車,267,232,232,226,228,249,251,233,242,247,292,235,2934,-,,
４０６４０杉並区井草１－１８,４０３０,主要地方道飯田橋石神井新座線（都道２５号）,－,旧早稲田通り,１０月２０日（水）,曇,自動車類合計計,306,267,277,264,260,287,282,270,275,284,324,258,3354,-,,
４０６４０杉並区井草１－１８,４０３０,主要地方道飯田橋石神井新座線（都道２５号）,－,旧早稲田通り,１０月２０日（水）,曇,二輪車類,29,18,27,19,15,25,21,23,27,24,28,30,286,,,
４０６４０杉並区井草１－１８,４０３０,主要地方道飯田橋石神井新座線（都道２５号）,－,旧早稲田通り,１０月２０日（水）,曇,自転車類,96,98,81,74,75,87,73,69,95,96,110,120,1074,,,
４０６４０杉並区井草１－１８,４０３０,主要地方道飯田橋石神井新座線（都道２５号）,－,旧早稲田通り,１０月２０日（水）,曇,歩行者類,322,269,115,116,106,121,90,100,129,119,169,199,1855,,,
