﻿観測地点,Ｈ１７区間番号,路線名,都市計画路線名,通称道路名,調査日,天候,ピーク時間交通量（台／ｈ）,ピーク率（％）,混雑時平均旅行速度（ｋｍ／ｈ）,大型車台数（台／１２ｈ）,混入率（％）,混雑度,昼夜率,車線数,５８年度（台／１２ｈ）,６０年度（台／１２ｈ）,６３年度（台／１２ｈ）,２年度（台／１２ｈ）,６年度（台／１２ｈ）,９年度（台／１２ｈ）,１１年度（台／１２ｈ）,１７年度（台／１２ｈ）,２２年度（台／１２ｈ）
４０６８０足立区西保木間４－１４－２２,３４１１５,主要地方道足立越谷線（都道４９号）,放１２,日光街道,９月３０日（木）,雨,1184,9.0,18.2,2478,18.8,0.51,-,4,-,11819,15912,15745,14846,15900,7681,13733,13197
,,,,,,,,,,,,,,,,,,,,,,,
観測地点,Ｈ１７区間番号,路線名,都市計画路線名,通称道路名,調査日,天候,時間・種別,７～８,８～９,９～１０,１０～１１,１１～１２,１２～１３,１３～１４,１４～１５,１５～１６,１６～１７,１７～１８,１８～１９,１２ｈ計,２４ｈ計,,
４０６８０足立区西保木間４－１４－２２,３４１１５,主要地方道足立越谷線（都道４９号）,放１２,日光街道,９月３０日（木）,雨,自動車類上り大型車,88,95,114,104,124,70,95,95,89,108,76,52,1110,-,,
４０６８０足立区西保木間４－１４－２２,３４１１５,主要地方道足立越谷線（都道４９号）,放１２,日光街道,９月３０日（木）,雨,自動車類上り小型車,492,481,419,476,489,424,423,447,423,433,475,530,5512,-,,
４０６８０足立区西保木間４－１４－２２,３４１１５,主要地方道足立越谷線（都道４９号）,放１２,日光街道,９月３０日（木）,雨,自動車類上り計,580,576,533,580,613,494,518,542,512,541,551,582,6622,-,,
４０６８０足立区西保木間４－１４－２２,３４１１５,主要地方道足立越谷線（都道４９号）,放１２,日光街道,９月３０日（木）,雨,自動車類下り大型車,99,132,120,120,135,119,136,130,138,79,83,77,1368,-,,
４０６８０足立区西保木間４－１４－２２,３４１１５,主要地方道足立越谷線（都道４９号）,放１２,日光街道,９月３０日（木）,雨,自動車類下り小型車,451,423,365,403,417,404,416,403,435,482,483,525,5207,-,,
４０６８０足立区西保木間４－１４－２２,３４１１５,主要地方道足立越谷線（都道４９号）,放１２,日光街道,９月３０日（木）,雨,自動車類下り計,550,555,485,523,552,523,552,533,573,561,566,602,6575,-,,
４０６８０足立区西保木間４－１４－２２,３４１１５,主要地方道足立越谷線（都道４９号）,放１２,日光街道,９月３０日（木）,雨,自動車類合計大型車,187,227,234,224,259,189,231,225,227,187,159,129,2478,-,,
４０６８０足立区西保木間４－１４－２２,３４１１５,主要地方道足立越谷線（都道４９号）,放１２,日光街道,９月３０日（木）,雨,自動車類合計小型車,943,904,784,879,906,828,839,850,858,915,958,1055,10719,-,,
４０６８０足立区西保木間４－１４－２２,３４１１５,主要地方道足立越谷線（都道４９号）,放１２,日光街道,９月３０日（木）,雨,自動車類合計計,1130,1131,1018,1103,1165,1017,1070,1075,1085,1102,1117,1184,13197,-,,
４０６８０足立区西保木間４－１４－２２,３４１１５,主要地方道足立越谷線（都道４９号）,放１２,日光街道,９月３０日（木）,雨,二輪車類,-,-,-,-,-,-,-,-,-,-,-,-,-,,,
４０６８０足立区西保木間４－１４－２２,３４１１５,主要地方道足立越谷線（都道４９号）,放１２,日光街道,９月３０日（木）,雨,自転車類,221,294,134,137,115,129,139,140,118,209,254,226,2116,,,
４０６８０足立区西保木間４－１４－２２,３４１１５,主要地方道足立越谷線（都道４９号）,放１２,日光街道,９月３０日（木）,雨,歩行者類,121,96,50,63,35,59,38,39,65,54,78,97,795,,,
