﻿観測地点,Ｈ１７区間番号,路線名,都市計画路線名,通称道路名,調査日,天候,ピーク時間交通量（台／ｈ）,ピーク率（％）,混雑時平均旅行速度（ｋｍ／ｈ）,大型車台数（台／１２ｈ）,混入率（％）,混雑度,昼夜率,車線数,５８年度（台／１２ｈ）,６０年度（台／１２ｈ）,６３年度（台／１２ｈ）,２年度（台／１２ｈ）,６年度（台／１２ｈ）,９年度（台／１２ｈ）,１１年度（台／１２ｈ）,１７年度（台／１２ｈ）,２２年度（台／１２ｈ）
６１３５０新宿区原町３－４,６０４４,特例都道神楽坂高円寺線（都道４３３号）,補７１,大久保通り,１０月２０日（水）,曇,904,9.5,15.5,922,9.7,0.98,-,2,12566,13105,12483,12507,13679,12592,12050,10016,9496
,,,,,,,,,,,,,,,,,,,,,,,
観測地点,Ｈ１７区間番号,路線名,都市計画路線名,通称道路名,調査日,天候,時間・種別,７～８,８～９,９～１０,１０～１１,１１～１２,１２～１３,１３～１４,１４～１５,１５～１６,１６～１７,１７～１８,１８～１９,１２ｈ計,２４ｈ計,,
６１３５０新宿区原町３－４,６０４４,特例都道神楽坂高円寺線（都道４３３号）,補７１,大久保通り,１０月２０日（水）,曇,自動車類上り大型車,42,48,57,48,33,40,39,27,36,32,23,25,450,-,,
６１３５０新宿区原町３－４,６０４４,特例都道神楽坂高円寺線（都道４３３号）,補７１,大久保通り,１０月２０日（水）,曇,自動車類上り小型車,375,431,375,401,333,328,390,430,401,389,304,275,4432,-,,
６１３５０新宿区原町３－４,６０４４,特例都道神楽坂高円寺線（都道４３３号）,補７１,大久保通り,１０月２０日（水）,曇,自動車類上り計,417,479,432,449,366,368,429,457,437,421,327,300,4882,-,,
６１３５０新宿区原町３－４,６０４４,特例都道神楽坂高円寺線（都道４３３号）,補７１,大久保通り,１０月２０日（水）,曇,自動車類下り大型車,45,44,46,54,49,38,47,37,39,24,26,23,472,-,,
６１３５０新宿区原町３－４,６０４４,特例都道神楽坂高円寺線（都道４３３号）,補７１,大久保通り,１０月２０日（水）,曇,自動車類下り小型車,270,300,318,401,375,339,332,300,330,406,408,363,4142,-,,
６１３５０新宿区原町３－４,６０４４,特例都道神楽坂高円寺線（都道４３３号）,補７１,大久保通り,１０月２０日（水）,曇,自動車類下り計,315,344,364,455,424,377,379,337,369,430,434,386,4614,-,,
６１３５０新宿区原町３－４,６０４４,特例都道神楽坂高円寺線（都道４３３号）,補７１,大久保通り,１０月２０日（水）,曇,自動車類合計大型車,87,92,103,102,82,78,86,64,75,56,49,48,922,-,,
６１３５０新宿区原町３－４,６０４４,特例都道神楽坂高円寺線（都道４３３号）,補７１,大久保通り,１０月２０日（水）,曇,自動車類合計小型車,645,731,693,802,708,667,722,730,731,795,712,638,8574,-,,
６１３５０新宿区原町３－４,６０４４,特例都道神楽坂高円寺線（都道４３３号）,補７１,大久保通り,１０月２０日（水）,曇,自動車類合計計,732,823,796,904,790,745,808,794,806,851,761,686,9496,-,,
６１３５０新宿区原町３－４,６０４４,特例都道神楽坂高円寺線（都道４３３号）,補７１,大久保通り,１０月２０日（水）,曇,二輪車類,79,97,89,96,87,84,91,92,100,116,122,90,1143,,,
６１３５０新宿区原町３－４,６０４４,特例都道神楽坂高円寺線（都道４３３号）,補７１,大久保通り,１０月２０日（水）,曇,自転車類,83,147,111,88,70,84,94,92,96,123,119,111,1218,,,
６１３５０新宿区原町３－４,６０４４,特例都道神楽坂高円寺線（都道４３３号）,補７１,大久保通り,１０月２０日（水）,曇,歩行者類,179,202,172,159,183,229,231,175,157,187,189,210,2273,,,
