﻿観測地点,Ｈ１７区間番号,路線名,都市計画路線名,通称道路名,調査日,天候,ピーク時間交通量（台／ｈ）,ピーク率（％）,混雑時平均旅行速度（ｋｍ／ｈ）,大型車台数（台／１２ｈ）,混入率（％）,混雑度,昼夜率,車線数,５８年度（台／１２ｈ）,６０年度（台／１２ｈ）,６３年度（台／１２ｈ）,２年度（台／１２ｈ）,６年度（台／１２ｈ）,９年度（台／１２ｈ）,１１年度（台／１２ｈ）,１７年度（台／１２ｈ）,２２年度（台／１２ｈ）
５９２０東京都中央区日本橋浜町２丁目,５１１,首都高速六号線,高速６号線,（首都高速６号向島線）,１１月１６日（火）,晴,6763,9.0,18.5,12760,17.0,1.31,1.69,4,23253,36543,40295,40911,42800,44736,43318,43978,75145
,,,,,,,,,,,,,,,,,,,,,,,
観測地点,Ｈ１７区間番号,路線名,都市計画路線名,通称道路名,調査日,天候,時間・種別,７～８,８～９,９～１０,１０～１１,１１～１２,１２～１３,１３～１４,１４～１５,１５～１６,１６～１７,１７～１８,１８～１９,１２ｈ計,２４ｈ計,,
５９２０東京都中央区日本橋浜町２丁目,５１１,首都高速六号線,高速６号線,（首都高速６号向島線）,１１月１６日（火）,晴,自動車類上り大型車,203,215,328,433,572,671,414,433,329,222,144,185,4149,8883,,
５９２０東京都中央区日本橋浜町２丁目,５１１,首都高速六号線,高速６号線,（首都高速６号向島線）,１１月１６日（火）,晴,自動車類上り小型車,2639,2690,2145,1958,2093,2542,2556,2566,2705,2435,2198,2145,28672,46768,,
５９２０東京都中央区日本橋浜町２丁目,５１１,首都高速六号線,高速６号線,（首都高速６号向島線）,１１月１６日（火）,晴,自動車類上り計,2842,2905,2473,2391,2665,3213,2970,2999,3034,2657,2342,2330,32821,55651,,
５９２０東京都中央区日本橋浜町２丁目,５１１,首都高速六号線,高速６号線,（首都高速６号向島線）,１１月１６日（火）,晴,自動車類下り大型車,526,483,658,996,1016,916,763,852,713,593,530,565,8611,14585,,
５９２０東京都中央区日本橋浜町２丁目,５１１,首都高速六号線,高速６号線,（首都高速６号向島線）,１１月１６日（火）,晴,自動車類下り小型車,2699,2709,2863,2432,2415,2598,2984,2871,3016,3025,3077,3024,33713,56838,,
５９２０東京都中央区日本橋浜町２丁目,５１１,首都高速六号線,高速６号線,（首都高速６号向島線）,１１月１６日（火）,晴,自動車類下り計,3225,3192,3521,3428,3431,3514,3747,3723,3729,3618,3607,3589,42324,71423,,
５９２０東京都中央区日本橋浜町２丁目,５１１,首都高速六号線,高速６号線,（首都高速６号向島線）,１１月１６日（火）,晴,自動車類合計大型車,729,698,986,1429,1588,1587,1177,1285,1042,815,674,750,12760,23468,,
５９２０東京都中央区日本橋浜町２丁目,５１１,首都高速六号線,高速６号線,（首都高速６号向島線）,１１月１６日（火）,晴,自動車類合計小型車,5338,5399,5008,4390,4508,5140,5540,5437,5721,5460,5275,5169,62385,103606,,
５９２０東京都中央区日本橋浜町２丁目,５１１,首都高速六号線,高速６号線,（首都高速６号向島線）,１１月１６日（火）,晴,自動車類合計計,6067,6097,5994,5819,6096,6727,6717,6722,6763,6275,5949,5919,75145,127074,,
５９２０東京都中央区日本橋浜町２丁目,５１１,首都高速六号線,高速６号線,（首都高速６号向島線）,１１月１６日（火）,晴,二輪車類,-,-,-,-,-,-,-,-,-,-,-,-,-,,,
５９２０東京都中央区日本橋浜町２丁目,５１１,首都高速六号線,高速６号線,（首都高速６号向島線）,１１月１６日（火）,晴,自転車類,-,-,-,-,-,-,-,-,-,-,-,-,-,,,
５９２０東京都中央区日本橋浜町２丁目,５１１,首都高速六号線,高速６号線,（首都高速６号向島線）,１１月１６日（火）,晴,歩行者類,-,-,-,-,-,-,-,-,-,-,-,-,-,,,
