﻿観測地点,Ｈ１７区間番号,路線名,都市計画路線名,通称道路名,調査日,天候,ピーク時間交通量（台／ｈ）,ピーク率（％）,混雑時平均旅行速度（ｋｍ／ｈ）,大型車台数（台／１２ｈ）,混入率（％）,混雑度,昼夜率,車線数,５８年度（台／１２ｈ）,６０年度（台／１２ｈ）,６３年度（台／１２ｈ）,２年度（台／１２ｈ）,６年度（台／１２ｈ）,９年度（台／１２ｈ）,１１年度（台／１２ｈ）,１７年度（台／１２ｈ）,２２年度（台／１２ｈ）
５６９０東京都板橋区仲宿,５２０,首都高速五号線,高速５号線,（首都高速５号池袋線）,１１月１６日（火）,晴,6161,9.0,39.1,11281,16.4,0.98,1.56,4,48678,48236,47376,49769,53953,56103,65791,56095,68587
,,,,,,,,,,,,,,,,,,,,,,,
観測地点,Ｈ１７区間番号,路線名,都市計画路線名,通称道路名,調査日,天候,時間・種別,７～８,８～９,９～１０,１０～１１,１１～１２,１２～１３,１３～１４,１４～１５,１５～１６,１６～１７,１７～１８,１８～１９,１２ｈ計,２４ｈ計,,
５６９０東京都板橋区仲宿,５２０,首都高速五号線,高速５号線,（首都高速５号池袋線）,１１月１６日（火）,晴,自動車類上り大型車,309,415,573,756,626,512,453,465,482,361,343,244,5539,9868,,
５６９０東京都板橋区仲宿,５２０,首都高速五号線,高速５号線,（首都高速５号池袋線）,１１月１６日（火）,晴,自動車類上り小型車,3036,3015,2560,2342,2209,2051,2131,2187,2455,2594,2755,2133,29468,42909,,
５６９０東京都板橋区仲宿,５２０,首都高速五号線,高速５号線,（首都高速５号池袋線）,１１月１６日（火）,晴,自動車類上り計,3345,3430,3133,3098,2835,2563,2584,2652,2937,2955,3098,2377,35007,52777,,
５６９０東京都板橋区仲宿,５２０,首都高速五号線,高速５号線,（首都高速５号池袋線）,１１月１６日（火）,晴,自動車類下り大型車,410,388,550,651,609,570,560,527,415,410,317,335,5742,10274,,
５６９０東京都板橋区仲宿,５２０,首都高速五号線,高速５号線,（首都高速５号池袋線）,１１月１６日（火）,晴,自動車類下り小型車,1859,1993,2031,2119,2315,2193,2144,2300,2462,2608,2746,3068,27838,43803,,
５６９０東京都板橋区仲宿,５２０,首都高速五号線,高速５号線,（首都高速５号池袋線）,１１月１６日（火）,晴,自動車類下り計,2269,2381,2581,2770,2924,2763,2704,2827,2877,3018,3063,3403,33580,54077,,
５６９０東京都板橋区仲宿,５２０,首都高速五号線,高速５号線,（首都高速５号池袋線）,１１月１６日（火）,晴,自動車類合計大型車,719,803,1123,1407,1235,1082,1013,992,897,771,660,579,11281,20142,,
５６９０東京都板橋区仲宿,５２０,首都高速五号線,高速５号線,（首都高速５号池袋線）,１１月１６日（火）,晴,自動車類合計小型車,4895,5008,4591,4461,4524,4244,4275,4487,4917,5202,5501,5201,57306,86712,,
５６９０東京都板橋区仲宿,５２０,首都高速五号線,高速５号線,（首都高速５号池袋線）,１１月１６日（火）,晴,自動車類合計計,5614,5811,5714,5868,5759,5326,5288,5479,5814,5973,6161,5780,68587,106854,,
５６９０東京都板橋区仲宿,５２０,首都高速五号線,高速５号線,（首都高速５号池袋線）,１１月１６日（火）,晴,二輪車類,-,-,-,-,-,-,-,-,-,-,-,-,-,,,
５６９０東京都板橋区仲宿,５２０,首都高速五号線,高速５号線,（首都高速５号池袋線）,１１月１６日（火）,晴,自転車類,-,-,-,-,-,-,-,-,-,-,-,-,-,,,
５６９０東京都板橋区仲宿,５２０,首都高速五号線,高速５号線,（首都高速５号池袋線）,１１月１６日（火）,晴,歩行者類,-,-,-,-,-,-,-,-,-,-,-,-,-,,,
