﻿観測地点,Ｈ１７区間番号,路線名,都市計画路線名,通称道路名,調査日,天候,ピーク時間交通量（台／ｈ）,ピーク率（％）,混雑時平均旅行速度（ｋｍ／ｈ）,大型車台数（台／１２ｈ）,混入率（％）,混雑度,昼夜率,車線数,５８年度（台／１２ｈ）,６０年度（台／１２ｈ）,６３年度（台／１２ｈ）,２年度（台／１２ｈ）,６年度（台／１２ｈ）,９年度（台／１２ｈ）,１１年度（台／１２ｈ）,１７年度（台／１２ｈ）,２２年度（台／１２ｈ）
５３３０東京都品川区勝島２丁目,５０５,首都高速一号線,高速１号線,（首都高速１号羽田線）,１１月１６日（火）,晴,3342,9.3,74.2,3481,9.7,0.58,1.54,4,44357,58859,31945,30032,27849,37903,38897,29890,35847
,,,,,,,,,,,,,,,,,,,,,,,
観測地点,Ｈ１７区間番号,路線名,都市計画路線名,通称道路名,調査日,天候,時間・種別,７～８,８～９,９～１０,１０～１１,１１～１２,１２～１３,１３～１４,１４～１５,１５～１６,１６～１７,１７～１８,１８～１９,１２ｈ計,２４ｈ計,,
５３３０東京都品川区勝島２丁目,５０５,首都高速一号線,高速１号線,（首都高速１号羽田線）,１１月１６日（火）,晴,自動車類上り大型車,124,113,153,158,133,101,114,126,103,67,68,38,1298,2347,,
５３３０東京都品川区勝島２丁目,５０５,首都高速一号線,高速１号線,（首都高速１号羽田線）,１１月１６日（火）,晴,自動車類上り小型車,1597,1216,1060,965,1128,1043,1175,1386,1432,1243,1230,967,14442,21327,,
５３３０東京都品川区勝島２丁目,５０５,首都高速一号線,高速１号線,（首都高速１号羽田線）,１１月１６日（火）,晴,自動車類上り計,1721,1329,1213,1123,1261,1144,1289,1512,1535,1310,1298,1005,15740,23674,,
５３３０東京都品川区勝島２丁目,５０５,首都高速一号線,高速１号線,（首都高速１号羽田線）,１１月１６日（火）,晴,自動車類下り大型車,135,128,189,264,234,281,203,186,191,179,93,100,2183,4253,,
５３３０東京都品川区勝島２丁目,５０５,首都高速一号線,高速１号線,（首都高速１号羽田線）,１１月１６日（火）,晴,自動車類下り小型車,1424,1383,1476,1501,1329,1548,1540,1515,1616,1519,1649,1424,17924,27306,,
５３３０東京都品川区勝島２丁目,５０５,首都高速一号線,高速１号線,（首都高速１号羽田線）,１１月１６日（火）,晴,自動車類下り計,1559,1511,1665,1765,1563,1829,1743,1701,1807,1698,1742,1524,20107,31559,,
５３３０東京都品川区勝島２丁目,５０５,首都高速一号線,高速１号線,（首都高速１号羽田線）,１１月１６日（火）,晴,自動車類合計大型車,259,241,342,422,367,382,317,312,294,246,161,138,3481,6600,,
５３３０東京都品川区勝島２丁目,５０５,首都高速一号線,高速１号線,（首都高速１号羽田線）,１１月１６日（火）,晴,自動車類合計小型車,3021,2599,2536,2466,2457,2591,2715,2901,3048,2762,2879,2391,32366,48633,,
５３３０東京都品川区勝島２丁目,５０５,首都高速一号線,高速１号線,（首都高速１号羽田線）,１１月１６日（火）,晴,自動車類合計計,3280,2840,2878,2888,2824,2973,3032,3213,3342,3008,3040,2529,35847,55233,,
５３３０東京都品川区勝島２丁目,５０５,首都高速一号線,高速１号線,（首都高速１号羽田線）,１１月１６日（火）,晴,二輪車類,-,-,-,-,-,-,-,-,-,-,-,-,-,,,
５３３０東京都品川区勝島２丁目,５０５,首都高速一号線,高速１号線,（首都高速１号羽田線）,１１月１６日（火）,晴,自転車類,-,-,-,-,-,-,-,-,-,-,-,-,-,,,
５３３０東京都品川区勝島２丁目,５０５,首都高速一号線,高速１号線,（首都高速１号羽田線）,１１月１６日（火）,晴,歩行者類,-,-,-,-,-,-,-,-,-,-,-,-,-,,,
