﻿観測地点,Ｈ１７区間番号,路線名,都市計画路線名,通称道路名,調査日,天候,ピーク時間交通量（台／ｈ）,ピーク率（％）,混雑時平均旅行速度（ｋｍ／ｈ）,大型車台数（台／１２ｈ）,混入率（％）,混雑度,昼夜率,車線数,５８年度（台／１２ｈ）,６０年度（台／１２ｈ）,６３年度（台／１２ｈ）,２年度（台／１２ｈ）,６年度（台／１２ｈ）,９年度（台／１２ｈ）,１１年度（台／１２ｈ）,１７年度（台／１２ｈ）,２２年度（台／１２ｈ）
６０４１０中央区日本橋本石町４－２－３,６０１６,特例都道外濠環状線（都道４０５号）,補９６,外堀通り,１０月５日（火）,晴,1149,10.0,10.8,1028,8.9,0.63,-,5,31313,30591,30125,30520,32405,28307,31181,28800,11488
,,,,,,,,,,,,,,,,,,,,,,,
観測地点,Ｈ１７区間番号,路線名,都市計画路線名,通称道路名,調査日,天候,時間・種別,７～８,８～９,９～１０,１０～１１,１１～１２,１２～１３,１３～１４,１４～１５,１５～１６,１６～１７,１７～１８,１８～１９,１２ｈ計,２４ｈ計,,
６０４１０中央区日本橋本石町４－２－３,６０１６,特例都道外濠環状線（都道４０５号）,補９６,外堀通り,１０月５日（火）,晴,自動車類上り大型車,60,94,112,68,77,61,53,64,40,32,32,27,720,-,,
６０４１０中央区日本橋本石町４－２－３,６０１６,特例都道外濠環状線（都道４０５号）,補９６,外堀通り,１０月５日（火）,晴,自動車類上り小型車,213,406,631,689,640,550,656,704,717,671,691,633,7201,-,,
６０４１０中央区日本橋本石町４－２－３,６０１６,特例都道外濠環状線（都道４０５号）,補９６,外堀通り,１０月５日（火）,晴,自動車類上り計,273,500,743,757,717,611,709,768,757,703,723,660,7921,-,,
６０４１０中央区日本橋本石町４－２－３,６０１６,特例都道外濠環状線（都道４０５号）,補９６,外堀通り,１０月５日（火）,晴,自動車類下り大型車,21,39,45,34,37,16,23,32,15,27,10,9,308,-,,
６０４１０中央区日本橋本石町４－２－３,６０１６,特例都道外濠環状線（都道４０５号）,補９６,外堀通り,１０月５日（火）,晴,自動車類下り小型車,104,175,281,340,373,295,322,349,304,273,258,185,3259,-,,
６０４１０中央区日本橋本石町４－２－３,６０１６,特例都道外濠環状線（都道４０５号）,補９６,外堀通り,１０月５日（火）,晴,自動車類下り計,125,214,326,374,410,311,345,381,319,300,268,194,3567,-,,
６０４１０中央区日本橋本石町４－２－３,６０１６,特例都道外濠環状線（都道４０５号）,補９６,外堀通り,１０月５日（火）,晴,自動車類合計大型車,81,133,157,102,114,77,76,96,55,59,42,36,1028,-,,
６０４１０中央区日本橋本石町４－２－３,６０１６,特例都道外濠環状線（都道４０５号）,補９６,外堀通り,１０月５日（火）,晴,自動車類合計小型車,317,581,912,1029,1013,845,978,1053,1021,944,949,818,10460,-,,
６０４１０中央区日本橋本石町４－２－３,６０１６,特例都道外濠環状線（都道４０５号）,補９６,外堀通り,１０月５日（火）,晴,自動車類合計計,398,714,1069,1131,1127,922,1054,1149,1076,1003,991,854,11488,-,,
６０４１０中央区日本橋本石町４－２－３,６０１６,特例都道外濠環状線（都道４０５号）,補９６,外堀通り,１０月５日（火）,晴,二輪車類,14,22,21,28,39,36,43,47,35,36,38,24,383,,,
６０４１０中央区日本橋本石町４－２－３,６０１６,特例都道外濠環状線（都道４０５号）,補９６,外堀通り,１０月５日（火）,晴,自転車類,33,97,120,96,94,61,77,111,122,91,99,79,1080,,,
６０４１０中央区日本橋本石町４－２－３,６０１６,特例都道外濠環状線（都道４０５号）,補９６,外堀通り,１０月５日（火）,晴,歩行者類,77,257,188,184,225,317,167,119,149,139,240,197,2259,,,
