﻿観測地点,Ｈ１７区間番号,路線名,都市計画路線名,通称道路名,調査日,天候,ピーク時間交通量（台／ｈ）,ピーク率（％）,混雑時平均旅行速度（ｋｍ／ｈ）,大型車台数（台／１２ｈ）,混入率（％）,混雑度,昼夜率,車線数,５８年度（台／１２ｈ）,６０年度（台／１２ｈ）,６３年度（台／１２ｈ）,２年度（台／１２ｈ）,６年度（台／１２ｈ）,９年度（台／１２ｈ）,１１年度（台／１２ｈ）,１７年度（台／１２ｈ）,２２年度（台／１２ｈ）
６０３２０千代田区神田駿河台４－５,６０１３,特例都道大手町湯島線（都道４０３号）,放１０,本郷通り,１０月５日（火）,晴,1379,9.7,16.1,1800,12.6,0.83,-,4,21456,20839,19173,18949,18564,19436,19505,16533,14278
,,,,,,,,,,,,,,,,,,,,,,,
観測地点,Ｈ１７区間番号,路線名,都市計画路線名,通称道路名,調査日,天候,時間・種別,７～８,８～９,９～１０,１０～１１,１１～１２,１２～１３,１３～１４,１４～１５,１５～１６,１６～１７,１７～１８,１８～１９,１２ｈ計,２４ｈ計,,
６０３２０千代田区神田駿河台４－５,６０１３,特例都道大手町湯島線（都道４０３号）,放１０,本郷通り,１０月５日（火）,晴,自動車類上り大型車,107,93,94,86,103,60,73,59,46,40,30,16,807,-,,
６０３２０千代田区神田駿河台４－５,６０１３,特例都道大手町湯島線（都道４０３号）,放１０,本郷通り,１０月５日（火）,晴,自動車類上り小型車,483,566,595,582,496,450,559,521,464,468,436,410,6030,-,,
６０３２０千代田区神田駿河台４－５,６０１３,特例都道大手町湯島線（都道４０３号）,放１０,本郷通り,１０月５日（火）,晴,自動車類上り計,590,659,689,668,599,510,632,580,510,508,466,426,6837,-,,
６０３２０千代田区神田駿河台４－５,６０１３,特例都道大手町湯島線（都道４０３号）,放１０,本郷通り,１０月５日（火）,晴,自動車類下り大型車,62,85,121,125,106,60,83,100,76,89,54,32,993,-,,
６０３２０千代田区神田駿河台４－５,６０１３,特例都道大手町湯島線（都道４０３号）,放１０,本郷通り,１０月５日（火）,晴,自動車類下り小型車,245,382,444,586,592,462,572,620,643,611,647,644,6448,-,,
６０３２０千代田区神田駿河台４－５,６０１３,特例都道大手町湯島線（都道４０３号）,放１０,本郷通り,１０月５日（火）,晴,自動車類下り計,307,467,565,711,698,522,655,720,719,700,701,676,7441,-,,
６０３２０千代田区神田駿河台４－５,６０１３,特例都道大手町湯島線（都道４０３号）,放１０,本郷通り,１０月５日（火）,晴,自動車類合計大型車,169,178,215,211,209,120,156,159,122,129,84,48,1800,-,,
６０３２０千代田区神田駿河台４－５,６０１３,特例都道大手町湯島線（都道４０３号）,放１０,本郷通り,１０月５日（火）,晴,自動車類合計小型車,728,948,1039,1168,1088,912,1131,1141,1107,1079,1083,1054,12478,-,,
６０３２０千代田区神田駿河台４－５,６０１３,特例都道大手町湯島線（都道４０３号）,放１０,本郷通り,１０月５日（火）,晴,自動車類合計計,897,1126,1254,1379,1297,1032,1287,1300,1229,1208,1167,1102,14278,-,,
６０３２０千代田区神田駿河台４－５,６０１３,特例都道大手町湯島線（都道４０３号）,放１０,本郷通り,１０月５日（火）,晴,二輪車類,-,-,-,-,-,-,-,-,-,-,-,-,-,,,
６０３２０千代田区神田駿河台４－５,６０１３,特例都道大手町湯島線（都道４０３号）,放１０,本郷通り,１０月５日（火）,晴,自転車類,35,89,66,76,73,64,73,71,86,87,85,68,873,,,
６０３２０千代田区神田駿河台４－５,６０１３,特例都道大手町湯島線（都道４０３号）,放１０,本郷通り,１０月５日（火）,晴,歩行者類,1443,4257,2174,1286,1304,1818,1528,1390,1203,1487,2173,2224,22287,,,
