﻿観測地点,Ｈ１７区間番号,路線名,都市計画路線名,通称道路名,調査日,天候,ピーク時間交通量（台／ｈ）,ピーク率（％）,混雑時平均旅行速度（ｋｍ／ｈ）,大型車台数（台／１２ｈ）,混入率（％）,混雑度,昼夜率,車線数,５８年度（台／１２ｈ）,６０年度（台／１２ｈ）,６３年度（台／１２ｈ）,２年度（台／１２ｈ）,６年度（台／１２ｈ）,９年度（台／１２ｈ）,１１年度（台／１２ｈ）,１７年度（台／１２ｈ）,２２年度（台／１２ｈ）
５４８０東京都世田谷区池尻２丁目,５０８,首都高速三号線,高速３号線,（首都高速３号渋谷線）,１１月１６日（火）,晴,6240,10.1,20,11459,18.5,1.09,1.72,4,52899,54676,60352,56323,55456,60445,54620,52184,62004
,,,,,,,,,,,,,,,,,,,,,,,
観測地点,Ｈ１７区間番号,路線名,都市計画路線名,通称道路名,調査日,天候,時間・種別,７～８,８～９,９～１０,１０～１１,１１～１２,１２～１３,１３～１４,１４～１５,１５～１６,１６～１７,１７～１８,１８～１９,１２ｈ計,２４ｈ計,,
５４８０東京都世田谷区池尻２丁目,５０８,首都高速三号線,高速３号線,（首都高速３号渋谷線）,１１月１６日（火）,晴,自動車類上り大型車,304,431,634,763,532,468,452,516,494,472,351,331,5748,14648,,
５４８０東京都世田谷区池尻２丁目,５０８,首都高速三号線,高速３号線,（首都高速３号渋谷線）,１１月１６日（火）,晴,自動車類上り小型車,1805,2960,2432,2132,1819,1688,1799,1952,2222,2508,2587,2087,25991,39070,,
５４８０東京都世田谷区池尻２丁目,５０８,首都高速三号線,高速３号線,（首都高速３号渋谷線）,１１月１６日（火）,晴,自動車類上り計,2109,3391,3066,2895,2351,2156,2251,2468,2716,2980,2938,2418,31739,53718,,
５４８０東京都世田谷区池尻２丁目,５０８,首都高速三号線,高速３号線,（首都高速３号渋谷線）,１１月１６日（火）,晴,自動車類下り大型車,387,385,512,544,559,561,520,510,538,466,361,368,5711,12226,,
５４８０東京都世田谷区池尻２丁目,５０８,首都高速三号線,高速３号線,（首都高速３号渋谷線）,１１月１６日（火）,晴,自動車類下り小型車,1872,2464,2211,2100,1941,1966,2061,1914,1969,2018,2017,2021,24554,40640,,
５４８０東京都世田谷区池尻２丁目,５０８,首都高速三号線,高速３号線,（首都高速３号渋谷線）,１１月１６日（火）,晴,自動車類下り計,2259,2849,2723,2644,2500,2527,2581,2424,2507,2484,2378,2389,30265,52866,,
５４８０東京都世田谷区池尻２丁目,５０８,首都高速三号線,高速３号線,（首都高速３号渋谷線）,１１月１６日（火）,晴,自動車類合計大型車,691,816,1146,1307,1091,1029,972,1026,1032,938,712,699,11459,26874,,
５４８０東京都世田谷区池尻２丁目,５０８,首都高速三号線,高速３号線,（首都高速３号渋谷線）,１１月１６日（火）,晴,自動車類合計小型車,3677,5424,4643,4232,3760,3654,3860,3866,4191,4526,4604,4108,50545,79710,,
５４８０東京都世田谷区池尻２丁目,５０８,首都高速三号線,高速３号線,（首都高速３号渋谷線）,１１月１６日（火）,晴,自動車類合計計,4368,6240,5789,5539,4851,4683,4832,4892,5223,5464,5316,4807,62004,106584,,
５４８０東京都世田谷区池尻２丁目,５０８,首都高速三号線,高速３号線,（首都高速３号渋谷線）,１１月１６日（火）,晴,二輪車類,-,-,-,-,-,-,-,-,-,-,-,-,-,,,
５４８０東京都世田谷区池尻２丁目,５０８,首都高速三号線,高速３号線,（首都高速３号渋谷線）,１１月１６日（火）,晴,自転車類,-,-,-,-,-,-,-,-,-,-,-,-,-,,,
５４８０東京都世田谷区池尻２丁目,５０８,首都高速三号線,高速３号線,（首都高速３号渋谷線）,１１月１６日（火）,晴,歩行者類,-,-,-,-,-,-,-,-,-,-,-,-,-,,,
