﻿観測地点,Ｈ１７区間番号,路線名,都市計画路線名,通称道路名,調査日,天候,ピーク時間交通量（台／ｈ）,ピーク率（％）,混雑時平均旅行速度（ｋｍ／ｈ）,大型車台数（台／１２ｈ）,混入率（％）,混雑度,昼夜率,車線数,５８年度（台／１２ｈ）,６０年度（台／１２ｈ）,６３年度（台／１２ｈ）,２年度（台／１２ｈ）,６年度（台／１２ｈ）,９年度（台／１２ｈ）,１１年度（台／１２ｈ）,１７年度（台／１２ｈ）,２２年度（台／１２ｈ）
４０１５０杉並区成田東１－３４,４０１０,主要地方道杉並あきる野線（都道７号）,補１３０,五日市街道,１０月２０日（水）,曇,914,8.8,17.9,1420,13.7,1.08,-,2,10086,10201,9387,10394,11559,10384,11855,11482,10330
,,,,,,,,,,,,,,,,,,,,,,,
観測地点,Ｈ１７区間番号,路線名,都市計画路線名,通称道路名,調査日,天候,時間・種別,７～８,８～９,９～１０,１０～１１,１１～１２,１２～１３,１３～１４,１４～１５,１５～１６,１６～１７,１７～１８,１８～１９,１２ｈ計,２４ｈ計,,
４０１５０杉並区成田東１－３４,４０１０,主要地方道杉並あきる野線（都道７号）,補１３０,五日市街道,１０月２０日（水）,曇,自動車類上り大型車,65,74,82,73,58,55,63,70,53,41,44,25,703,-,,
４０１５０杉並区成田東１－３４,４０１０,主要地方道杉並あきる野線（都道７号）,補１３０,五日市街道,１０月２０日（水）,曇,自動車類上り小型車,425,423,415,403,409,354,366,386,416,398,386,335,4716,-,,
４０１５０杉並区成田東１－３４,４０１０,主要地方道杉並あきる野線（都道７号）,補１３０,五日市街道,１０月２０日（水）,曇,自動車類上り計,490,497,497,476,467,409,429,456,469,439,430,360,5419,-,,
４０１５０杉並区成田東１－３４,４０１０,主要地方道杉並あきる野線（都道７号）,補１３０,五日市街道,１０月２０日（水）,曇,自動車類下り大型車,54,65,74,68,80,70,67,48,45,55,58,33,717,-,,
４０１５０杉並区成田東１－３４,４０１０,主要地方道杉並あきる野線（都道７号）,補１３０,五日市街道,１０月２０日（水）,曇,自動車類下り小型車,284,334,323,321,367,366,329,330,363,371,398,408,4194,-,,
４０１５０杉並区成田東１－３４,４０１０,主要地方道杉並あきる野線（都道７号）,補１３０,五日市街道,１０月２０日（水）,曇,自動車類下り計,338,399,397,389,447,436,396,378,408,426,456,441,4911,-,,
４０１５０杉並区成田東１－３４,４０１０,主要地方道杉並あきる野線（都道７号）,補１３０,五日市街道,１０月２０日（水）,曇,自動車類合計大型車,119,139,156,141,138,125,130,118,98,96,102,58,1420,-,,
４０１５０杉並区成田東１－３４,４０１０,主要地方道杉並あきる野線（都道７号）,補１３０,五日市街道,１０月２０日（水）,曇,自動車類合計小型車,709,757,738,724,776,720,695,716,779,769,784,743,8910,-,,
４０１５０杉並区成田東１－３４,４０１０,主要地方道杉並あきる野線（都道７号）,補１３０,五日市街道,１０月２０日（水）,曇,自動車類合計計,828,896,894,865,914,845,825,834,877,865,886,801,10330,-,,
４０１５０杉並区成田東１－３４,４０１０,主要地方道杉並あきる野線（都道７号）,補１３０,五日市街道,１０月２０日（水）,曇,二輪車類,113,108,85,54,50,78,70,76,79,83,131,124,1051,,,
４０１５０杉並区成田東１－３４,４０１０,主要地方道杉並あきる野線（都道７号）,補１３０,五日市街道,１０月２０日（水）,曇,自転車類,219,357,252,165,212,260,220,206,301,315,399,367,3273,,,
４０１５０杉並区成田東１－３４,４０１０,主要地方道杉並あきる野線（都道７号）,補１３０,五日市街道,１０月２０日（水）,曇,歩行者類,102,125,158,162,192,132,120,152,144,151,188,167,1793,,,
