﻿観測地点,Ｈ１７区間番号,路線名,都市計画路線名,通称道路名,調査日,天候,ピーク時間交通量（台／ｈ）,ピーク率（％）,混雑時平均旅行速度（ｋｍ／ｈ）,大型車台数（台／１２ｈ）,混入率（％）,混雑度,昼夜率,車線数,５８年度（台／１２ｈ）,６０年度（台／１２ｈ）,６３年度（台／１２ｈ）,２年度（台／１２ｈ）,６年度（台／１２ｈ）,９年度（台／１２ｈ）,１１年度（台／１２ｈ）,１７年度（台／１２ｈ）,２２年度（台／１２ｈ）
６１５６０練馬区練馬２－２２,６０５５,特例都道北町豊玉線（都道４４２号）,放３５,（大門通り）,１０月１９日（火）,曇,222,15.0,20.8,102,6.9,1.06,-,1,2604,2325,2312,2048,2146,1962,1962,1711,1483
,,,,,,,,,,,,,,,,,,,,,,,
観測地点,Ｈ１７区間番号,路線名,都市計画路線名,通称道路名,調査日,天候,時間・種別,７～８,８～９,９～１０,１０～１１,１１～１２,１２～１３,１３～１４,１４～１５,１５～１６,１６～１７,１７～１８,１８～１９,１２ｈ計,２４ｈ計,,
６１５６０練馬区練馬２－２２,６０５５,特例都道北町豊玉線（都道４４２号）,放３５,（大門通り）,１０月１９日（火）,曇,自動車類上り大型車,6,6,13,17,4,3,3,4,3,6,2,2,69,-,,
６１５６０練馬区練馬２－２２,６０５５,特例都道北町豊玉線（都道４４２号）,放３５,（大門通り）,１０月１９日（火）,曇,自動車類上り小型車,185,164,93,78,61,59,67,73,58,49,50,35,972,-,,
６１５６０練馬区練馬２－２２,６０５５,特例都道北町豊玉線（都道４４２号）,放３５,（大門通り）,１０月１９日（火）,曇,自動車類上り計,191,170,106,95,65,62,70,77,61,55,52,37,1041,-,,
６１５６０練馬区練馬２－２２,６０５５,特例都道北町豊玉線（都道４４２号）,放３５,（大門通り）,１０月１９日（火）,曇,自動車類下り大型車,1,4,5,4,2,5,3,2,5,1,1,0,33,-,,
６１５６０練馬区練馬２－２２,６０５５,特例都道北町豊玉線（都道４４２号）,放３５,（大門通り）,１０月１９日（火）,曇,自動車類下り小型車,30,22,30,39,44,49,51,49,36,25,17,17,409,-,,
６１５６０練馬区練馬２－２２,６０５５,特例都道北町豊玉線（都道４４２号）,放３５,（大門通り）,１０月１９日（火）,曇,自動車類下り計,31,26,35,43,46,54,54,51,41,26,18,17,442,-,,
６１５６０練馬区練馬２－２２,６０５５,特例都道北町豊玉線（都道４４２号）,放３５,（大門通り）,１０月１９日（火）,曇,自動車類合計大型車,7,10,18,21,6,8,6,6,8,7,3,2,102,-,,
６１５６０練馬区練馬２－２２,６０５５,特例都道北町豊玉線（都道４４２号）,放３５,（大門通り）,１０月１９日（火）,曇,自動車類合計小型車,215,186,123,117,105,108,118,122,94,74,67,52,1381,-,,
６１５６０練馬区練馬２－２２,６０５５,特例都道北町豊玉線（都道４４２号）,放３５,（大門通り）,１０月１９日（火）,曇,自動車類合計計,222,196,141,138,111,116,124,128,102,81,70,54,1483,-,,
６１５６０練馬区練馬２－２２,６０５５,特例都道北町豊玉線（都道４４２号）,放３５,（大門通り）,１０月１９日（火）,曇,二輪車類,40,46,26,30,25,20,23,43,36,32,38,17,376,,,
６１５６０練馬区練馬２－２２,６０５５,特例都道北町豊玉線（都道４４２号）,放３５,（大門通り）,１０月１９日（火）,曇,自転車類,188,226,153,169,160,129,136,149,163,202,219,198,2092,,,
６１５６０練馬区練馬２－２２,６０５５,特例都道北町豊玉線（都道４４２号）,放３５,（大門通り）,１０月１９日（火）,曇,歩行者類,77,84,86,69,63,49,47,36,34,61,84,64,754,,,
