﻿観測地点,Ｈ１７区間番号,路線名,都市計画路線名,通称道路名,調査日,天候,ピーク時間交通量（台／ｈ）,ピーク率（％）,混雑時平均旅行速度（ｋｍ／ｈ）,大型車台数（台／１２ｈ）,混入率（％）,混雑度,昼夜率,車線数,５８年度（台／１２ｈ）,６０年度（台／１２ｈ）,６３年度（台／１２ｈ）,２年度（台／１２ｈ）,６年度（台／１２ｈ）,９年度（台／１２ｈ）,１１年度（台／１２ｈ）,１７年度（台／１２ｈ）,２２年度（台／１２ｈ）
４０６２０中野区東中野５－２３－１５,４０２８,主要地方道飯田橋石神井新座線（都道２５号）,補７４,早稲田通り,１０月２６日（火）,曇,1393,9.7,13.5,1847,12.8,1.19,-,2,13930,13601,12516,14649,13813,13306,14003,12459,14417
,,,,,,,,,,,,,,,,,,,,,,,
観測地点,Ｈ１７区間番号,路線名,都市計画路線名,通称道路名,調査日,天候,時間・種別,７～８,８～９,９～１０,１０～１１,１１～１２,１２～１３,１３～１４,１４～１５,１５～１６,１６～１７,１７～１８,１８～１９,１２ｈ計,２４ｈ計,,
４０６２０中野区東中野５－２３－１５,４０２８,主要地方道飯田橋石神井新座線（都道２５号）,補７４,早稲田通り,１０月２６日（火）,曇,自動車類上り大型車,34,52,83,102,93,79,67,60,52,44,27,22,715,-,,
４０６２０中野区東中野５－２３－１５,４０２８,主要地方道飯田橋石神井新座線（都道２５号）,補７４,早稲田通り,１０月２６日（火）,曇,自動車類上り小型車,446,589,520,572,549,552,603,560,443,425,479,456,6194,-,,
４０６２０中野区東中野５－２３－１５,４０２８,主要地方道飯田橋石神井新座線（都道２５号）,補７４,早稲田通り,１０月２６日（火）,曇,自動車類上り計,480,641,603,674,642,631,670,620,495,469,506,478,6909,-,,
４０６２０中野区東中野５－２３－１５,４０２８,主要地方道飯田橋石神井新座線（都道２５号）,補７４,早稲田通り,１０月２６日（火）,曇,自動車類下り大型車,65,103,116,131,114,111,93,103,85,77,67,67,1132,-,,
４０６２０中野区東中野５－２３－１５,４０２８,主要地方道飯田橋石神井新座線（都道２５号）,補７４,早稲田通り,１０月２６日（火）,曇,自動車類下り小型車,301,355,453,520,550,517,630,656,562,571,620,641,6376,-,,
４０６２０中野区東中野５－２３－１５,４０２８,主要地方道飯田橋石神井新座線（都道２５号）,補７４,早稲田通り,１０月２６日（火）,曇,自動車類下り計,366,458,569,651,664,628,723,759,647,648,687,708,7508,-,,
４０６２０中野区東中野５－２３－１５,４０２８,主要地方道飯田橋石神井新座線（都道２５号）,補７４,早稲田通り,１０月２６日（火）,曇,自動車類合計大型車,99,155,199,233,207,190,160,163,137,121,94,89,1847,-,,
４０６２０中野区東中野５－２３－１５,４０２８,主要地方道飯田橋石神井新座線（都道２５号）,補７４,早稲田通り,１０月２６日（火）,曇,自動車類合計小型車,747,944,973,1092,1099,1069,1233,1216,1005,996,1099,1097,12570,-,,
４０６２０中野区東中野５－２３－１５,４０２８,主要地方道飯田橋石神井新座線（都道２５号）,補７４,早稲田通り,１０月２６日（火）,曇,自動車類合計計,846,1099,1172,1325,1306,1259,1393,1379,1142,1117,1193,1186,14417,-,,
４０６２０中野区東中野５－２３－１５,４０２８,主要地方道飯田橋石神井新座線（都道２５号）,補７４,早稲田通り,１０月２６日（火）,曇,二輪車類,-,-,-,-,-,-,-,-,-,-,-,-,-,,,
４０６２０中野区東中野５－２３－１５,４０２８,主要地方道飯田橋石神井新座線（都道２５号）,補７４,早稲田通り,１０月２６日（火）,曇,自転車類,256,242,205,160,148,166,196,213,218,272,347,261,2684,,,
４０６２０中野区東中野５－２３－１５,４０２８,主要地方道飯田橋石神井新座線（都道２５号）,補７４,早稲田通り,１０月２６日（火）,曇,歩行者類,300,397,370,313,384,329,377,427,427,466,504,443,4737,,,
