﻿観測地点,Ｈ１７区間番号,路線名,都市計画路線名,通称道路名,調査日,天候,ピーク時間交通量（台／ｈ）,ピーク率（％）,混雑時平均旅行速度（ｋｍ／ｈ）,大型車台数（台／１２ｈ）,混入率（％）,混雑度,昼夜率,車線数,５８年度（台／１２ｈ）,６０年度（台／１２ｈ）,６３年度（台／１２ｈ）,２年度（台／１２ｈ）,６年度（台／１２ｈ）,９年度（台／１２ｈ）,１１年度（台／１２ｈ）,１７年度（台／１２ｈ）,２２年度（台／１２ｈ）
５３２０東京都品川区勝島２丁目,５０５,首都高速一号線,高速１号線,（首都高速１号羽田線）,１１月１６日（火）,晴,3949,9.4,73.2,4407,10.5,0.68,1.54,4,44357,58859,31945,30032,27849,37903,38897,29890,41893
,,,,,,,,,,,,,,,,,,,,,,,
観測地点,Ｈ１７区間番号,路線名,都市計画路線名,通称道路名,調査日,天候,時間・種別,７～８,８～９,９～１０,１０～１１,１１～１２,１２～１３,１３～１４,１４～１５,１５～１６,１６～１７,１７～１８,１８～１９,１２ｈ計,２４ｈ計,,
５３２０東京都品川区勝島２丁目,５０５,首都高速一号線,高速１号線,（首都高速１号羽田線）,１１月１６日（火）,晴,自動車類上り大型車,224,199,223,232,202,186,191,203,145,100,89,45,2039,3605,,
５３２０東京都品川区勝島２丁目,５０５,首都高速一号線,高速１号線,（首都高速１号羽田線）,１１月１６日（火）,晴,自動車類上り小型車,1918,1463,1251,1163,1314,1206,1381,1611,1674,1448,1436,1128,16993,25052,,
５３２０東京都品川区勝島２丁目,５０５,首都高速一号線,高速１号線,（首都高速１号羽田線）,１１月１６日（火）,晴,自動車類上り計,2142,1662,1474,1395,1516,1392,1572,1814,1819,1548,1525,1173,19032,28657,,
５３２０東京都品川区勝島２丁目,５０５,首都高速一号線,高速１号線,（首都高速１号羽田線）,１１月１６日（火）,晴,自動車類下り大型車,148,138,214,292,256,310,208,195,217,187,100,103,2368,4497,,
５３２０東京都品川区勝島２丁目,５０５,首都高速一号線,高速１号線,（首都高速１号羽田線）,１１月１６日（火）,晴,自動車類下り小型車,1659,1638,1635,1710,1513,1742,1745,1763,1841,1759,1865,1623,20493,31317,,
５３２０東京都品川区勝島２丁目,５０５,首都高速一号線,高速１号線,（首都高速１号羽田線）,１１月１６日（火）,晴,自動車類下り計,1807,1776,1849,2002,1769,2052,1953,1958,2058,1946,1965,1726,22861,35814,,
５３２０東京都品川区勝島２丁目,５０５,首都高速一号線,高速１号線,（首都高速１号羽田線）,１１月１６日（火）,晴,自動車類合計大型車,372,337,437,524,458,496,399,398,362,287,189,148,4407,8102,,
５３２０東京都品川区勝島２丁目,５０５,首都高速一号線,高速１号線,（首都高速１号羽田線）,１１月１６日（火）,晴,自動車類合計小型車,3577,3101,2886,2873,2827,2948,3126,3374,3515,3207,3301,2751,37486,56369,,
５３２０東京都品川区勝島２丁目,５０５,首都高速一号線,高速１号線,（首都高速１号羽田線）,１１月１６日（火）,晴,自動車類合計計,3949,3438,3323,3397,3285,3444,3525,3772,3877,3494,3490,2899,41893,64471,,
５３２０東京都品川区勝島２丁目,５０５,首都高速一号線,高速１号線,（首都高速１号羽田線）,１１月１６日（火）,晴,二輪車類,-,-,-,-,-,-,-,-,-,-,-,-,-,,,
５３２０東京都品川区勝島２丁目,５０５,首都高速一号線,高速１号線,（首都高速１号羽田線）,１１月１６日（火）,晴,自転車類,-,-,-,-,-,-,-,-,-,-,-,-,-,,,
５３２０東京都品川区勝島２丁目,５０５,首都高速一号線,高速１号線,（首都高速１号羽田線）,１１月１６日（火）,晴,歩行者類,-,-,-,-,-,-,-,-,-,-,-,-,-,,,
