﻿観測地点,Ｈ１７区間番号,路線名,都市計画路線名,通称道路名,調査日,天候,ピーク時間交通量（台／ｈ）,ピーク率（％）,混雑時平均旅行速度（ｋｍ／ｈ）,大型車台数（台／１２ｈ）,混入率（％）,混雑度,昼夜率,車線数,５８年度（台／１２ｈ）,６０年度（台／１２ｈ）,６３年度（台／１２ｈ）,２年度（台／１２ｈ）,６年度（台／１２ｈ）,９年度（台／１２ｈ）,１１年度（台／１２ｈ）,１７年度（台／１２ｈ）,２２年度（台／１２ｈ）
６１６０東京都豊島区高松１丁目,－,首都高速目黒板橋線,高速中央環状新宿線,（首都高速中央環状新宿線）,１１月１６日（火）,晴,4303,9.7,45.2,6419,14.5,0.69,1.55,4,-,-,-,-,-,-,-,-,44145
,,,,,,,,,,,,,,,,,,,,,,,
観測地点,Ｈ１７区間番号,路線名,都市計画路線名,通称道路名,調査日,天候,時間・種別,７～８,８～９,９～１０,１０～１１,１１～１２,１２～１３,１３～１４,１４～１５,１５～１６,１６～１７,１７～１８,１８～１９,１２ｈ計,２４ｈ計,,
６１６０東京都豊島区高松１丁目,－,首都高速目黒板橋線,高速中央環状新宿線,（首都高速中央環状新宿線）,１１月１６日（火）,晴,自動車類上り大型車,171,177,302,381,391,398,286,302,302,221,259,222,3412,6835,,
６１６０東京都豊島区高松１丁目,－,首都高速目黒板橋線,高速中央環状新宿線,（首都高速中央環状新宿線）,１１月１６日（火）,晴,自動車類上り小型車,2127,2086,1849,1652,1812,1592,1456,1508,1590,1541,1874,1820,20907,29825,,
６１６０東京都豊島区高松１丁目,－,首都高速目黒板橋線,高速中央環状新宿線,（首都高速中央環状新宿線）,１１月１６日（火）,晴,自動車類上り計,2298,2263,2151,2033,2203,1990,1742,1810,1892,1762,2133,2042,24319,36660,,
６１６０東京都豊島区高松１丁目,－,首都高速目黒板橋線,高速中央環状新宿線,（首都高速中央環状新宿線）,１１月１６日（火）,晴,自動車類下り大型車,159,175,276,352,329,352,263,254,247,241,198,161,3007,7098,,
６１６０東京都豊島区高松１丁目,－,首都高速目黒板橋線,高速中央環状新宿線,（首都高速中央環状新宿線）,１１月１６日（火）,晴,自動車類下り小型車,1156,1229,1235,1290,1302,1296,1197,1238,1464,1702,1972,1738,16819,24522,,
６１６０東京都豊島区高松１丁目,－,首都高速目黒板橋線,高速中央環状新宿線,（首都高速中央環状新宿線）,１１月１６日（火）,晴,自動車類下り計,1315,1404,1511,1642,1631,1648,1460,1492,1711,1943,2170,1899,19826,31620,,
６１６０東京都豊島区高松１丁目,－,首都高速目黒板橋線,高速中央環状新宿線,（首都高速中央環状新宿線）,１１月１６日（火）,晴,自動車類合計大型車,330,352,578,733,720,750,549,556,549,462,457,383,6419,13933,,
６１６０東京都豊島区高松１丁目,－,首都高速目黒板橋線,高速中央環状新宿線,（首都高速中央環状新宿線）,１１月１６日（火）,晴,自動車類合計小型車,3283,3315,3084,2942,3114,2888,2653,2746,3054,3243,3846,3558,37726,54347,,
６１６０東京都豊島区高松１丁目,－,首都高速目黒板橋線,高速中央環状新宿線,（首都高速中央環状新宿線）,１１月１６日（火）,晴,自動車類合計計,3613,3667,3662,3675,3834,3638,3202,3302,3603,3705,4303,3941,44145,68280,,
６１６０東京都豊島区高松１丁目,－,首都高速目黒板橋線,高速中央環状新宿線,（首都高速中央環状新宿線）,１１月１６日（火）,晴,二輪車類,-,-,-,-,-,-,-,-,-,-,-,-,-,,,
６１６０東京都豊島区高松１丁目,－,首都高速目黒板橋線,高速中央環状新宿線,（首都高速中央環状新宿線）,１１月１６日（火）,晴,自転車類,-,-,-,-,-,-,-,-,-,-,-,-,-,,,
６１６０東京都豊島区高松１丁目,－,首都高速目黒板橋線,高速中央環状新宿線,（首都高速中央環状新宿線）,１１月１６日（火）,晴,歩行者類,-,-,-,-,-,-,-,-,-,-,-,-,-,,,
