﻿観測地点,Ｈ１７区間番号,路線名,都市計画路線名,通称道路名,調査日,天候,ピーク時間交通量（台／ｈ）,ピーク率（％）,混雑時平均旅行速度（ｋｍ／ｈ）,大型車台数（台／１２ｈ）,混入率（％）,混雑度,昼夜率,車線数,５８年度（台／１２ｈ）,６０年度（台／１２ｈ）,６３年度（台／１２ｈ）,２年度（台／１２ｈ）,６年度（台／１２ｈ）,９年度（台／１２ｈ）,１１年度（台／１２ｈ）,１７年度（台／１２ｈ）,２２年度（台／１２ｈ）
５７９０東京都江東区有明３丁目,５１４,高速湾岸線,高速湾岸線,（首都高速湾岸線）,１１月１６日（火）,晴,9631,9.4,81.3,28139,27.4,1.22,1.48,6,20520,26768,46869,51932,61329,82414,85317,81869,102709
,,,,,,,,,,,,,,,,,,,,,,,
観測地点,Ｈ１７区間番号,路線名,都市計画路線名,通称道路名,調査日,天候,時間・種別,７～８,８～９,９～１０,１０～１１,１１～１２,１２～１３,１３～１４,１４～１５,１５～１６,１６～１７,１７～１８,１８～１９,１２ｈ計,２４ｈ計,,
５７９０東京都江東区有明３丁目,５１４,高速湾岸線,高速湾岸線,（首都高速湾岸線）,１１月１６日（火）,晴,自動車類上り大型車,973,1205,1733,1742,1583,1383,1193,1437,1311,1282,1136,1029,16007,25287,,
５７９０東京都江東区有明３丁目,５１４,高速湾岸線,高速湾岸線,（首都高速湾岸線）,１１月１６日（火）,晴,自動車類上り小型車,3294,3632,3135,2828,2701,2544,2475,2660,3174,3313,4024,3646,37426,52337,,
５７９０東京都江東区有明３丁目,５１４,高速湾岸線,高速湾岸線,（首都高速湾岸線）,１１月１６日（火）,晴,自動車類上り計,4267,4837,4868,4570,4284,3927,3668,4097,4485,4595,5160,4675,53433,77624,,
５７９０東京都江東区有明３丁目,５１４,高速湾岸線,高速湾岸線,（首都高速湾岸線）,１１月１６日（火）,晴,自動車類下り大型車,850,941,1204,1260,1316,1291,1088,1028,920,883,736,615,12132,19447,,
５７９０東京都江東区有明３丁目,５１４,高速湾岸線,高速湾岸線,（首都高速湾岸線）,１１月１６日（火）,晴,自動車類下り小型車,4369,3722,2928,2774,2622,2508,2545,2642,2800,3222,3735,3277,37144,55344,,
５７９０東京都江東区有明３丁目,５１４,高速湾岸線,高速湾岸線,（首都高速湾岸線）,１１月１６日（火）,晴,自動車類下り計,5219,4663,4132,4034,3938,3799,3633,3670,3720,4105,4471,3892,49276,74791,,
５７９０東京都江東区有明３丁目,５１４,高速湾岸線,高速湾岸線,（首都高速湾岸線）,１１月１６日（火）,晴,自動車類合計大型車,1823,2146,2937,3002,2899,2674,2281,2465,2231,2165,1872,1644,28139,44734,,
５７９０東京都江東区有明３丁目,５１４,高速湾岸線,高速湾岸線,（首都高速湾岸線）,１１月１６日（火）,晴,自動車類合計小型車,7663,7354,6063,5602,5323,5052,5020,5302,5974,6535,7759,6923,74570,107681,,
５７９０東京都江東区有明３丁目,５１４,高速湾岸線,高速湾岸線,（首都高速湾岸線）,１１月１６日（火）,晴,自動車類合計計,9486,9500,9000,8604,8222,7726,7301,7767,8205,8700,9631,8567,102709,152415,,
５７９０東京都江東区有明３丁目,５１４,高速湾岸線,高速湾岸線,（首都高速湾岸線）,１１月１６日（火）,晴,二輪車類,-,-,-,-,-,-,-,-,-,-,-,-,-,,,
５７９０東京都江東区有明３丁目,５１４,高速湾岸線,高速湾岸線,（首都高速湾岸線）,１１月１６日（火）,晴,自転車類,-,-,-,-,-,-,-,-,-,-,-,-,-,,,
５７９０東京都江東区有明３丁目,５１４,高速湾岸線,高速湾岸線,（首都高速湾岸線）,１１月１６日（火）,晴,歩行者類,-,-,-,-,-,-,-,-,-,-,-,-,-,,,
