﻿観測地点,Ｈ１７区間番号,路線名,都市計画路線名,通称道路名,調査日,天候,ピーク時間交通量（台／ｈ）,ピーク率（％）,混雑時平均旅行速度（ｋｍ／ｈ）,大型車台数（台／１２ｈ）,混入率（％）,混雑度,昼夜率,車線数,５８年度（台／１２ｈ）,６０年度（台／１２ｈ）,６３年度（台／１２ｈ）,２年度（台／１２ｈ）,６年度（台／１２ｈ）,９年度（台／１２ｈ）,１１年度（台／１２ｈ）,１７年度（台／１２ｈ）,２２年度（台／１２ｈ）
６０１６０杉並区西荻北４－２７,３６００４,一般都道杉並武蔵野線（都道１１３号）,補２２８,（女子大通り）,１０月７日（木）,晴,572,9.9,17.8,730,12.7,0.83,-,2,-,11819,10923,28160,7164,5935,7058,6427,5762
,,,,,,,,,,,,,,,,,,,,,,,
観測地点,Ｈ１７区間番号,路線名,都市計画路線名,通称道路名,調査日,天候,時間・種別,７～８,８～９,９～１０,１０～１１,１１～１２,１２～１３,１３～１４,１４～１５,１５～１６,１６～１７,１７～１８,１８～１９,１２ｈ計,２４ｈ計,,
６０１６０杉並区西荻北４－２７,３６００４,一般都道杉並武蔵野線（都道１１３号）,補２２８,（女子大通り）,１０月７日（木）,晴,自動車類上り大型車,23,35,46,45,21,33,18,25,28,23,23,15,335,-,,
６０１６０杉並区西荻北４－２７,３６００４,一般都道杉並武蔵野線（都道１１３号）,補２２８,（女子大通り）,１０月７日（木）,晴,自動車類上り小型車,238,285,208,204,190,164,207,228,228,240,246,233,2671,-,,
６０１６０杉並区西荻北４－２７,３６００４,一般都道杉並武蔵野線（都道１１３号）,補２２８,（女子大通り）,１０月７日（木）,晴,自動車類上り計,261,320,254,249,211,197,225,253,256,263,269,248,3006,-,,
６０１６０杉並区西荻北４－２７,３６００４,一般都道杉並武蔵野線（都道１１３号）,補２２８,（女子大通り）,１０月７日（木）,晴,自動車類下り大型車,34,33,43,43,28,33,24,30,32,43,28,24,395,-,,
６０１６０杉並区西荻北４－２７,３６００４,一般都道杉並武蔵野線（都道１１３号）,補２２８,（女子大通り）,１０月７日（木）,晴,自動車類下り小型車,187,219,189,202,171,171,166,199,212,217,221,207,2361,-,,
６０１６０杉並区西荻北４－２７,３６００４,一般都道杉並武蔵野線（都道１１３号）,補２２８,（女子大通り）,１０月７日（木）,晴,自動車類下り計,221,252,232,245,199,204,190,229,244,260,249,231,2756,-,,
６０１６０杉並区西荻北４－２７,３６００４,一般都道杉並武蔵野線（都道１１３号）,補２２８,（女子大通り）,１０月７日（木）,晴,自動車類合計大型車,57,68,89,88,49,66,42,55,60,66,51,39,730,-,,
６０１６０杉並区西荻北４－２７,３６００４,一般都道杉並武蔵野線（都道１１３号）,補２２８,（女子大通り）,１０月７日（木）,晴,自動車類合計小型車,425,504,397,406,361,335,373,427,440,457,467,440,5032,-,,
６０１６０杉並区西荻北４－２７,３６００４,一般都道杉並武蔵野線（都道１１３号）,補２２８,（女子大通り）,１０月７日（木）,晴,自動車類合計計,482,572,486,494,410,401,415,482,500,523,518,479,5762,-,,
６０１６０杉並区西荻北４－２７,３６００４,一般都道杉並武蔵野線（都道１１３号）,補２２８,（女子大通り）,１０月７日（木）,晴,二輪車類,-,-,-,-,-,-,-,-,-,-,-,-,-,,,
６０１６０杉並区西荻北４－２７,３６００４,一般都道杉並武蔵野線（都道１１３号）,補２２８,（女子大通り）,１０月７日（木）,晴,自転車類,99,146,93,80,71,98,105,113,124,115,131,111,1286,,,
６０１６０杉並区西荻北４－２７,３６００４,一般都道杉並武蔵野線（都道１１３号）,補２２８,（女子大通り）,１０月７日（木）,晴,歩行者類,41,121,123,220,158,413,203,221,256,235,244,110,2345,,,
