﻿観測地点,Ｈ１７区間番号,路線名,都市計画路線名,通称道路名,調査日,天候,ピーク時間交通量（台／ｈ）,ピーク率（％）,混雑時平均旅行速度（ｋｍ／ｈ）,大型車台数（台／１２ｈ）,混入率（％）,混雑度,昼夜率,車線数,５８年度（台／１２ｈ）,６０年度（台／１２ｈ）,６３年度（台／１２ｈ）,２年度（台／１２ｈ）,６年度（台／１２ｈ）,９年度（台／１２ｈ）,１１年度（台／１２ｈ）,１７年度（台／１２ｈ）,２２年度（台／１２ｈ）
４０２２０新宿区下落合１－２－１５,１４０１２,主要地方道千代田練馬田無線（都道８号）,放７,新目白通り,１０月２６日（火）,曇,2471,8.9,16.3,3948,14.2,1.13,-,6,30510,33086,31686,31403,33148,31855,33467,30225,27707
,,,,,,,,,,,,,,,,,,,,,,,
観測地点,Ｈ１７区間番号,路線名,都市計画路線名,通称道路名,調査日,天候,時間・種別,７～８,８～９,９～１０,１０～１１,１１～１２,１２～１３,１３～１４,１４～１５,１５～１６,１６～１７,１７～１８,１８～１９,１２ｈ計,２４ｈ計,,
４０２２０新宿区下落合１－２－１５,１４０１２,主要地方道千代田練馬田無線（都道８号）,放７,新目白通り,１０月２６日（火）,曇,自動車類上り大型車,184,217,190,232,190,143,161,166,153,96,87,65,1884,-,,
４０２２０新宿区下落合１－２－１５,１４０１２,主要地方道千代田練馬田無線（都道８号）,放７,新目白通り,１０月２６日（火）,曇,自動車類上り小型車,1336,1396,1084,1086,1027,860,971,957,913,921,828,815,12194,-,,
４０２２０新宿区下落合１－２－１５,１４０１２,主要地方道千代田練馬田無線（都道８号）,放７,新目白通り,１０月２６日（火）,曇,自動車類上り計,1520,1613,1274,1318,1217,1003,1132,1123,1066,1017,915,880,14078,-,,
４０２２０新宿区下落合１－２－１５,１４０１２,主要地方道千代田練馬田無線（都道８号）,放７,新目白通り,１０月２６日（火）,曇,自動車類下り大型車,120,150,209,212,207,193,174,235,163,138,169,94,2064,-,,
４０２２０新宿区下落合１－２－１５,１４０１２,主要地方道千代田練馬田無線（都道８号）,放７,新目白通り,１０月２６日（火）,曇,自動車類下り小型車,528,602,788,941,954,945,895,1002,1203,1107,1363,1237,11565,-,,
４０２２０新宿区下落合１－２－１５,１４０１２,主要地方道千代田練馬田無線（都道８号）,放７,新目白通り,１０月２６日（火）,曇,自動車類下り計,648,752,997,1153,1161,1138,1069,1237,1366,1245,1532,1331,13629,-,,
４０２２０新宿区下落合１－２－１５,１４０１２,主要地方道千代田練馬田無線（都道８号）,放７,新目白通り,１０月２６日（火）,曇,自動車類合計大型車,304,367,399,444,397,336,335,401,316,234,256,159,3948,-,,
４０２２０新宿区下落合１－２－１５,１４０１２,主要地方道千代田練馬田無線（都道８号）,放７,新目白通り,１０月２６日（火）,曇,自動車類合計小型車,1864,1998,1872,2027,1981,1805,1866,1959,2116,2028,2191,2052,23759,-,,
４０２２０新宿区下落合１－２－１５,１４０１２,主要地方道千代田練馬田無線（都道８号）,放７,新目白通り,１０月２６日（火）,曇,自動車類合計計,2168,2365,2271,2471,2378,2141,2201,2360,2432,2262,2447,2211,27707,-,,
４０２２０新宿区下落合１－２－１５,１４０１２,主要地方道千代田練馬田無線（都道８号）,放７,新目白通り,１０月２６日（火）,曇,二輪車類,264,357,337,266,230,222,188,165,236,279,366,313,3223,,,
４０２２０新宿区下落合１－２－１５,１４０１２,主要地方道千代田練馬田無線（都道８号）,放７,新目白通り,１０月２６日（火）,曇,自転車類,181,395,307,289,212,262,184,133,126,236,266,276,2867,,,
４０２２０新宿区下落合１－２－１５,１４０１２,主要地方道千代田練馬田無線（都道８号）,放７,新目白通り,１０月２６日（火）,曇,歩行者類,111,370,160,137,199,313,214,206,159,234,259,246,2608,,,
