﻿観測地点,Ｈ１７区間番号,路線名,都市計画路線名,通称道路名,調査日,天候,ピーク時間交通量（台／ｈ）,ピーク率（％）,混雑時平均旅行速度（ｋｍ／ｈ）,大型車台数（台／１２ｈ）,混入率（％）,混雑度,昼夜率,車線数,５８年度（台／１２ｈ）,６０年度（台／１２ｈ）,６３年度（台／１２ｈ）,２年度（台／１２ｈ）,６年度（台／１２ｈ）,９年度（台／１２ｈ）,１１年度（台／１２ｈ）,１７年度（台／１２ｈ）,２２年度（台／１２ｈ）
５７６０東京都品川区八潮２丁目,５１４,高速湾岸線,高速湾岸線,（首都高速湾岸線）,１１月１６日（火）,晴,8158,9.4,75.9,28751,33.3,1.02,1.45,6,20520,26768,46869,51932,61329,82414,85317,81869,86410
,,,,,,,,,,,,,,,,,,,,,,,
観測地点,Ｈ１７区間番号,路線名,都市計画路線名,通称道路名,調査日,天候,時間・種別,７～８,８～９,９～１０,１０～１１,１１～１２,１２～１３,１３～１４,１４～１５,１５～１６,１６～１７,１７～１８,１８～１９,１２ｈ計,２４ｈ計,,
５７６０東京都品川区八潮２丁目,５１４,高速湾岸線,高速湾岸線,（首都高速湾岸線）,１１月１６日（火）,晴,自動車類上り大型車,901,1132,1656,1615,1500,1155,993,1220,1101,1095,1004,815,14187,21346,,
５７６０東京都品川区八潮２丁目,５１４,高速湾岸線,高速湾岸線,（首都高速湾岸線）,１１月１６日（火）,晴,自動車類上り小型車,2868,3185,2433,2036,1995,2057,1812,1962,2317,2532,2939,2317,28453,37557,,
５７６０東京都品川区八潮２丁目,５１４,高速湾岸線,高速湾岸線,（首都高速湾岸線）,１１月１６日（火）,晴,自動車類上り計,3769,4317,4089,3651,3495,3212,2805,3182,3418,3627,3943,3132,42640,58903,,
５７６０東京都品川区八潮２丁目,５１４,高速湾岸線,高速湾岸線,（首都高速湾岸線）,１１月１６日（火）,晴,自動車類下り大型車,906,1071,1458,1590,1570,1714,1372,1240,900,1075,912,756,14564,22434,,
５７６０東京都品川区八潮２丁目,５１４,高速湾岸線,高速湾岸線,（首都高速湾岸線）,１１月１６日（火）,晴,自動車類下り小型車,3220,2770,2279,2195,1969,1934,2035,2082,1890,2703,3263,2866,29206,43959,,
５７６０東京都品川区八潮２丁目,５１４,高速湾岸線,高速湾岸線,（首都高速湾岸線）,１１月１６日（火）,晴,自動車類下り計,4126,3841,3737,3785,3539,3648,3407,3322,2790,3778,4175,3622,43770,66393,,
５７６０東京都品川区八潮２丁目,５１４,高速湾岸線,高速湾岸線,（首都高速湾岸線）,１１月１６日（火）,晴,自動車類合計大型車,1807,2203,3114,3205,3070,2869,2365,2460,2001,2170,1916,1571,28751,43780,,
５７６０東京都品川区八潮２丁目,５１４,高速湾岸線,高速湾岸線,（首都高速湾岸線）,１１月１６日（火）,晴,自動車類合計小型車,6088,5955,4712,4231,3964,3991,3847,4044,4207,5235,6202,5183,57659,81516,,
５７６０東京都品川区八潮２丁目,５１４,高速湾岸線,高速湾岸線,（首都高速湾岸線）,１１月１６日（火）,晴,自動車類合計計,7895,8158,7826,7436,7034,6860,6212,6504,6208,7405,8118,6754,86410,125296,,
５７６０東京都品川区八潮２丁目,５１４,高速湾岸線,高速湾岸線,（首都高速湾岸線）,１１月１６日（火）,晴,二輪車類,-,-,-,-,-,-,-,-,-,-,-,-,-,,,
５７６０東京都品川区八潮２丁目,５１４,高速湾岸線,高速湾岸線,（首都高速湾岸線）,１１月１６日（火）,晴,自転車類,-,-,-,-,-,-,-,-,-,-,-,-,-,,,
５７６０東京都品川区八潮２丁目,５１４,高速湾岸線,高速湾岸線,（首都高速湾岸線）,１１月１６日（火）,晴,歩行者類,-,-,-,-,-,-,-,-,-,-,-,-,-,,,
