﻿観測地点,Ｈ１７区間番号,路線名,都市計画路線名,通称道路名,調査日,天候,ピーク時間交通量（台／ｈ）,ピーク率（％）,混雑時平均旅行速度（ｋｍ／ｈ）,大型車台数（台／１２ｈ）,混入率（％）,混雑度,昼夜率,車線数,５８年度（台／１２ｈ）,６０年度（台／１２ｈ）,６３年度（台／１２ｈ）,２年度（台／１２ｈ）,６年度（台／１２ｈ）,９年度（台／１２ｈ）,１１年度（台／１２ｈ）,１７年度（台／１２ｈ）,２２年度（台／１２ｈ）
５２００東京都港区赤坂２丁目,５０３,首都高速三号線,高速３号線,（首都高速都心環状線）,１１月１６日（火）,晴,6170,9.4,34,7645,11.6,1.1,1.53,4,71319,65046,69932,70143,70764,72952,74300,72637,65821
,,,,,,,,,,,,,,,,,,,,,,,
観測地点,Ｈ１７区間番号,路線名,都市計画路線名,通称道路名,調査日,天候,時間・種別,７～８,８～９,９～１０,１０～１１,１１～１２,１２～１３,１３～１４,１４～１５,１５～１６,１６～１７,１７～１８,１８～１９,１２ｈ計,２４ｈ計,,
５２００東京都港区赤坂２丁目,５０３,首都高速三号線,高速３号線,（首都高速都心環状線）,１１月１６日（火）,晴,自動車類上り大型車,237,276,449,604,366,269,321,352,302,298,266,270,4010,7576,,
５２００東京都港区赤坂２丁目,５０３,首都高速三号線,高速３号線,（首都高速都心環状線）,１１月１６日（火）,晴,自動車類上り小型車,2456,2279,2206,2107,1308,1856,2230,2353,2326,2418,2663,2574,26776,42560,,
５２００東京都港区赤坂２丁目,５０３,首都高速三号線,高速３号線,（首都高速都心環状線）,１１月１６日（火）,晴,自動車類上り計,2693,2555,2655,2711,1674,2125,2551,2705,2628,2716,2929,2844,30786,50136,,
５２００東京都港区赤坂２丁目,５０３,首都高速三号線,高速３号線,（首都高速都心環状線）,１１月１６日（火）,晴,自動車類下り大型車,252,297,438,448,409,390,288,304,253,244,146,166,3635,6629,,
５２００東京都港区赤坂２丁目,５０３,首都高速三号線,高速３号線,（首都高速都心環状線）,１１月１６日（火）,晴,自動車類下り小型車,2492,3318,2943,2495,2443,2626,2458,2497,2502,2638,2699,2289,31400,43731,,
５２００東京都港区赤坂２丁目,５０３,首都高速三号線,高速３号線,（首都高速都心環状線）,１１月１６日（火）,晴,自動車類下り計,2744,3615,3381,2943,2852,3016,2746,2801,2755,2882,2845,2455,35035,50360,,
５２００東京都港区赤坂２丁目,５０３,首都高速三号線,高速３号線,（首都高速都心環状線）,１１月１６日（火）,晴,自動車類合計大型車,489,573,887,1052,775,659,609,656,555,542,412,436,7645,14205,,
５２００東京都港区赤坂２丁目,５０３,首都高速三号線,高速３号線,（首都高速都心環状線）,１１月１６日（火）,晴,自動車類合計小型車,4948,5597,5149,4602,3751,4482,4688,4850,4828,5056,5362,4863,58176,86291,,
５２００東京都港区赤坂２丁目,５０３,首都高速三号線,高速３号線,（首都高速都心環状線）,１１月１６日（火）,晴,自動車類合計計,5437,6170,6036,5654,4526,5141,5297,5506,5383,5598,5774,5299,65821,100496,,
５２００東京都港区赤坂２丁目,５０３,首都高速三号線,高速３号線,（首都高速都心環状線）,１１月１６日（火）,晴,二輪車類,-,-,-,-,-,-,-,-,-,-,-,-,-,,,
５２００東京都港区赤坂２丁目,５０３,首都高速三号線,高速３号線,（首都高速都心環状線）,１１月１６日（火）,晴,自転車類,-,-,-,-,-,-,-,-,-,-,-,-,-,,,
５２００東京都港区赤坂２丁目,５０３,首都高速三号線,高速３号線,（首都高速都心環状線）,１１月１６日（火）,晴,歩行者類,-,-,-,-,-,-,-,-,-,-,-,-,-,,,
