﻿観測地点,Ｈ１７区間番号,路線名,都市計画路線名,通称道路名,調査日,天候,ピーク時間交通量（台／ｈ）,ピーク率（％）,混雑時平均旅行速度（ｋｍ／ｈ）,大型車台数（台／１２ｈ）,混入率（％）,混雑度,昼夜率,車線数,５８年度（台／１２ｈ）,６０年度（台／１２ｈ）,６３年度（台／１２ｈ）,２年度（台／１２ｈ）,６年度（台／１２ｈ）,９年度（台／１２ｈ）,１１年度（台／１２ｈ）,１７年度（台／１２ｈ）,２２年度（台／１２ｈ）
５４１０東京都港区南麻布３丁目,５０７,首都高速二号線,高速２号線,（首都高速２号目黒線）,１１月１６日（火）,晴,3856,10.4,17.3,1675,4.5,0.67,1.44,4,35183,36769,37187,36411,34992,35057,33294,31062,37137
,,,,,,,,,,,,,,,,,,,,,,,
観測地点,Ｈ１７区間番号,路線名,都市計画路線名,通称道路名,調査日,天候,時間・種別,７～８,８～９,９～１０,１０～１１,１１～１２,１２～１３,１３～１４,１４～１５,１５～１６,１６～１７,１７～１８,１８～１９,１２ｈ計,２４ｈ計,,
５４１０東京都港区南麻布３丁目,５０７,首都高速二号線,高速２号線,（首都高速２号目黒線）,１１月１６日（火）,晴,自動車類上り大型車,70,75,119,127,110,77,94,108,78,74,48,46,1026,1378,,
５４１０東京都港区南麻布３丁目,５０７,首都高速二号線,高速２号線,（首都高速２号目黒線）,１１月１６日（火）,晴,自動車類上り小型車,2123,2202,1990,1684,1394,1479,1398,1525,1534,1724,1809,1442,20304,27316,,
５４１０東京都港区南麻布３丁目,５０７,首都高速二号線,高速２号線,（首都高速２号目黒線）,１１月１６日（火）,晴,自動車類上り計,2193,2277,2109,1811,1504,1556,1492,1633,1612,1798,1857,1488,21330,28694,,
５４１０東京都港区南麻布３丁目,５０７,首都高速二号線,高速２号線,（首都高速２号目黒線）,１１月１６日（火）,晴,自動車類下り大型車,81,66,48,58,50,74,69,50,45,37,37,34,649,1052,,
５４１０東京都港区南麻布３丁目,５０７,首都高速二号線,高速２号線,（首都高速２号目黒線）,１１月１６日（火）,晴,自動車類下り小型車,1575,1513,1225,1069,853,985,1285,1263,1255,1373,1304,1458,15158,23585,,
５４１０東京都港区南麻布３丁目,５０７,首都高速二号線,高速２号線,（首都高速２号目黒線）,１１月１６日（火）,晴,自動車類下り計,1656,1579,1273,1127,903,1059,1354,1313,1300,1410,1341,1492,15807,24637,,
５４１０東京都港区南麻布３丁目,５０７,首都高速二号線,高速２号線,（首都高速２号目黒線）,１１月１６日（火）,晴,自動車類合計大型車,151,141,167,185,160,151,163,158,123,111,85,80,1675,2430,,
５４１０東京都港区南麻布３丁目,５０７,首都高速二号線,高速２号線,（首都高速２号目黒線）,１１月１６日（火）,晴,自動車類合計小型車,3698,3715,3215,2753,2247,2464,2683,2788,2789,3097,3113,2900,35462,50901,,
５４１０東京都港区南麻布３丁目,５０７,首都高速二号線,高速２号線,（首都高速２号目黒線）,１１月１６日（火）,晴,自動車類合計計,3849,3856,3382,2938,2407,2615,2846,2946,2912,3208,3198,2980,37137,53331,,
５４１０東京都港区南麻布３丁目,５０７,首都高速二号線,高速２号線,（首都高速２号目黒線）,１１月１６日（火）,晴,二輪車類,-,-,-,-,-,-,-,-,-,-,-,-,-,,,
５４１０東京都港区南麻布３丁目,５０７,首都高速二号線,高速２号線,（首都高速２号目黒線）,１１月１６日（火）,晴,自転車類,-,-,-,-,-,-,-,-,-,-,-,-,-,,,
５４１０東京都港区南麻布３丁目,５０７,首都高速二号線,高速２号線,（首都高速２号目黒線）,１１月１６日（火）,晴,歩行者類,-,-,-,-,-,-,-,-,-,-,-,-,-,,,
