﻿観測地点,Ｈ１７区間番号,路線名,都市計画路線名,通称道路名,調査日,天候,ピーク時間交通量（台／ｈ）,ピーク率（％）,混雑時平均旅行速度（ｋｍ／ｈ）,大型車台数（台／１２ｈ）,混入率（％）,混雑度,昼夜率,車線数,５８年度（台／１２ｈ）,６０年度（台／１２ｈ）,６３年度（台／１２ｈ）,２年度（台／１２ｈ）,６年度（台／１２ｈ）,９年度（台／１２ｈ）,１１年度（台／１２ｈ）,１７年度（台／１２ｈ）,２２年度（台／１２ｈ）
５５７０東京都渋谷区本町１丁目,５０９,首都高速四号線,高速４号線,（首都高速４号新宿線）,１１月１６日（火）,晴,7175,9.5,34.3,7572,10.1,1.16,1.53,4,46531,53529,56407,55613,59712,60766,61178,58012,75159
,,,,,,,,,,,,,,,,,,,,,,,
観測地点,Ｈ１７区間番号,路線名,都市計画路線名,通称道路名,調査日,天候,時間・種別,７～８,８～９,９～１０,１０～１１,１１～１２,１２～１３,１３～１４,１４～１５,１５～１６,１６～１７,１７～１８,１８～１９,１２ｈ計,２４ｈ計,,
５５７０東京都渋谷区本町１丁目,５０９,首都高速四号線,高速４号線,（首都高速４号新宿線）,１１月１６日（火）,晴,自動車類上り大型車,263,249,417,467,349,342,305,335,299,289,227,223,3765,6600,,
５５７０東京都渋谷区本町１丁目,５０９,首都高速四号線,高速４号線,（首都高速４号新宿線）,１１月１６日（火）,晴,自動車類上り小型車,3565,3470,3057,2809,2488,2382,2414,2565,2801,3003,3030,2604,34188,48361,,
５５７０東京都渋谷区本町１丁目,５０９,首都高速四号線,高速４号線,（首都高速４号新宿線）,１１月１６日（火）,晴,自動車類上り計,3828,3719,3474,3276,2837,2724,2719,2900,3100,3292,3257,2827,37953,54961,,
５５７０東京都渋谷区本町１丁目,５０９,首都高速四号線,高速４号線,（首都高速４号新宿線）,１１月１６日（火）,晴,自動車類下り大型車,338,300,358,394,387,378,326,331,284,300,237,174,3807,6835,,
５５７０東京都渋谷区本町１丁目,５０９,首都高速四号線,高速４号線,（首都高速４号新宿線）,１１月１６日（火）,晴,自動車類下り小型車,3009,2906,2693,2722,2580,2474,2554,2601,2787,2979,3141,2953,33399,53203,,
５５７０東京都渋谷区本町１丁目,５０９,首都高速四号線,高速４号線,（首都高速４号新宿線）,１１月１６日（火）,晴,自動車類下り計,3347,3206,3051,3116,2967,2852,2880,2932,3071,3279,3378,3127,37206,60038,,
５５７０東京都渋谷区本町１丁目,５０９,首都高速四号線,高速４号線,（首都高速４号新宿線）,１１月１６日（火）,晴,自動車類合計大型車,601,549,775,861,736,720,631,666,583,589,464,397,7572,13435,,
５５７０東京都渋谷区本町１丁目,５０９,首都高速四号線,高速４号線,（首都高速４号新宿線）,１１月１６日（火）,晴,自動車類合計小型車,6574,6376,5750,5531,5068,4856,4968,5166,5588,5982,6171,5557,67587,101564,,
５５７０東京都渋谷区本町１丁目,５０９,首都高速四号線,高速４号線,（首都高速４号新宿線）,１１月１６日（火）,晴,自動車類合計計,7175,6925,6525,6392,5804,5576,5599,5832,6171,6571,6635,5954,75159,114999,,
５５７０東京都渋谷区本町１丁目,５０９,首都高速四号線,高速４号線,（首都高速４号新宿線）,１１月１６日（火）,晴,二輪車類,-,-,-,-,-,-,-,-,-,-,-,-,-,,,
５５７０東京都渋谷区本町１丁目,５０９,首都高速四号線,高速４号線,（首都高速４号新宿線）,１１月１６日（火）,晴,自転車類,-,-,-,-,-,-,-,-,-,-,-,-,-,,,
５５７０東京都渋谷区本町１丁目,５０９,首都高速四号線,高速４号線,（首都高速４号新宿線）,１１月１６日（火）,晴,歩行者類,-,-,-,-,-,-,-,-,-,-,-,-,-,,,
