﻿観測地点,Ｈ１７区間番号,路線名,都市計画路線名,通称道路名,調査日,天候,ピーク時間交通量（台／ｈ）,ピーク率（％）,混雑時平均旅行速度（ｋｍ／ｈ）,大型車台数（台／１２ｈ）,混入率（％）,混雑度,昼夜率,車線数,５８年度（台／１２ｈ）,６０年度（台／１２ｈ）,６３年度（台／１２ｈ）,２年度（台／１２ｈ）,６年度（台／１２ｈ）,９年度（台／１２ｈ）,１１年度（台／１２ｈ）,１７年度（台／１２ｈ）,２２年度（台／１２ｈ）
５１００東京都中央区銀座１丁目,５０１,首都高速八号線,高速８号線,（首都高速都心環状線）,１１月１６日（火）,晴,511,10.8,65.4,67,1.4,0.12,1.71,4,64413,63063,64715,60372,53973,56743,62654,59768,4715
,,,,,,,,,,,,,,,,,,,,,,,
観測地点,Ｈ１７区間番号,路線名,都市計画路線名,通称道路名,調査日,天候,時間・種別,７～８,８～９,９～１０,１０～１１,１１～１２,１２～１３,１３～１４,１４～１５,１５～１６,１６～１７,１７～１８,１８～１９,１２ｈ計,２４ｈ計,,
５１００東京都中央区銀座１丁目,５０１,首都高速八号線,高速８号線,（首都高速都心環状線）,１１月１６日（火）,晴,自動車類上り大型車,1,2,5,6,4,5,2,3,1,5,5,0,39,78,,
５１００東京都中央区銀座１丁目,５０１,首都高速八号線,高速８号線,（首都高速都心環状線）,１１月１６日（火）,晴,自動車類上り小型車,41,98,136,151,137,164,136,128,166,173,212,217,1759,3259,,
５１００東京都中央区銀座１丁目,５０１,首都高速八号線,高速８号線,（首都高速都心環状線）,１１月１６日（火）,晴,自動車類上り計,42,100,141,157,141,169,138,131,167,178,217,217,1798,3337,,
５１００東京都中央区銀座１丁目,５０１,首都高速八号線,高速８号線,（首都高速都心環状線）,１１月１６日（火）,晴,自動車類下り大型車,5,6,3,0,1,1,1,3,1,2,3,2,28,52,,
５１００東京都中央区銀座１丁目,５０１,首都高速八号線,高速８号線,（首都高速都心環状線）,１１月１６日（火）,晴,自動車類下り小型車,229,405,259,208,182,207,257,237,261,264,218,162,2889,4652,,
５１００東京都中央区銀座１丁目,５０１,首都高速八号線,高速８号線,（首都高速都心環状線）,１１月１６日（火）,晴,自動車類下り計,234,411,262,208,183,208,258,240,262,266,221,164,2917,4704,,
５１００東京都中央区銀座１丁目,５０１,首都高速八号線,高速８号線,（首都高速都心環状線）,１１月１６日（火）,晴,自動車類合計大型車,6,8,8,6,5,6,3,6,2,7,8,2,67,130,,
５１００東京都中央区銀座１丁目,５０１,首都高速八号線,高速８号線,（首都高速都心環状線）,１１月１６日（火）,晴,自動車類合計小型車,270,503,395,359,319,371,393,365,427,437,430,379,4648,7911,,
５１００東京都中央区銀座１丁目,５０１,首都高速八号線,高速８号線,（首都高速都心環状線）,１１月１６日（火）,晴,自動車類合計計,276,511,403,365,324,377,396,371,429,444,438,381,4715,8041,,
５１００東京都中央区銀座１丁目,５０１,首都高速八号線,高速８号線,（首都高速都心環状線）,１１月１６日（火）,晴,二輪車類,-,-,-,-,-,-,-,-,-,-,-,-,-,,,
５１００東京都中央区銀座１丁目,５０１,首都高速八号線,高速８号線,（首都高速都心環状線）,１１月１６日（火）,晴,自転車類,-,-,-,-,-,-,-,-,-,-,-,-,-,,,
５１００東京都中央区銀座１丁目,５０１,首都高速八号線,高速８号線,（首都高速都心環状線）,１１月１６日（火）,晴,歩行者類,-,-,-,-,-,-,-,-,-,-,-,-,-,,,
