﻿観測地点,Ｈ１７区間番号,路線名,都市計画路線名,通称道路名,調査日,天候,ピーク時間交通量（台／ｈ）,ピーク率（％）,混雑時平均旅行速度（ｋｍ／ｈ）,大型車台数（台／１２ｈ）,混入率（％）,混雑度,昼夜率,車線数,５８年度（台／１２ｈ）,６０年度（台／１２ｈ）,６３年度（台／１２ｈ）,２年度（台／１２ｈ）,６年度（台／１２ｈ）,９年度（台／１２ｈ）,１１年度（台／１２ｈ）,１７年度（台／１２ｈ）,２２年度（台／１２ｈ）
６０７９０目黒区鷹番３－２４－１６,６０２６,特例都道古川橋二子玉川線（都道４１６号）,補４９,駒沢通り,１０月１９日（火）,曇,1122,9.1,10.1,1267,10.2,1.19,-,2,13969,13399,14055,12217,13035,14055,12739,12578,12373
,,,,,,,,,,,,,,,,,,,,,,,
観測地点,Ｈ１７区間番号,路線名,都市計画路線名,通称道路名,調査日,天候,時間・種別,７～８,８～９,９～１０,１０～１１,１１～１２,１２～１３,１３～１４,１４～１５,１５～１６,１６～１７,１７～１８,１８～１９,１２ｈ計,２４ｈ計,,
６０７９０目黒区鷹番３－２４－１６,６０２６,特例都道古川橋二子玉川線（都道４１６号）,補４９,駒沢通り,１０月１９日（火）,曇,自動車類上り大型車,83,66,75,61,65,46,43,35,28,25,23,18,568,-,,
６０７９０目黒区鷹番３－２４－１６,６０２６,特例都道古川橋二子玉川線（都道４１６号）,補４９,駒沢通り,１０月１９日（火）,曇,自動車類上り小型車,599,455,425,486,414,442,394,448,422,428,405,374,5292,-,,
６０７９０目黒区鷹番３－２４－１６,６０２６,特例都道古川橋二子玉川線（都道４１６号）,補４９,駒沢通り,１０月１９日（火）,曇,自動車類上り計,682,521,500,547,479,488,437,483,450,453,428,392,5860,-,,
６０７９０目黒区鷹番３－２４－１６,６０２６,特例都道古川橋二子玉川線（都道４１６号）,補４９,駒沢通り,１０月１９日（火）,曇,自動車類下り大型車,58,67,64,77,80,53,55,53,56,61,39,36,699,-,,
６０７９０目黒区鷹番３－２４－１６,６０２６,特例都道古川橋二子玉川線（都道４１６号）,補４９,駒沢通り,１０月１９日（火）,曇,自動車類下り小型車,353,458,397,498,440,457,490,465,525,584,560,587,5814,-,,
６０７９０目黒区鷹番３－２４－１６,６０２６,特例都道古川橋二子玉川線（都道４１６号）,補４９,駒沢通り,１０月１９日（火）,曇,自動車類下り計,411,525,461,575,520,510,545,518,581,645,599,623,6513,-,,
６０７９０目黒区鷹番３－２４－１６,６０２６,特例都道古川橋二子玉川線（都道４１６号）,補４９,駒沢通り,１０月１９日（火）,曇,自動車類合計大型車,141,133,139,138,145,99,98,88,84,86,62,54,1267,-,,
６０７９０目黒区鷹番３－２４－１６,６０２６,特例都道古川橋二子玉川線（都道４１６号）,補４９,駒沢通り,１０月１９日（火）,曇,自動車類合計小型車,952,913,822,984,854,899,884,913,947,1012,965,961,11106,-,,
６０７９０目黒区鷹番３－２４－１６,６０２６,特例都道古川橋二子玉川線（都道４１６号）,補４９,駒沢通り,１０月１９日（火）,曇,自動車類合計計,1093,1046,961,1122,999,998,982,1001,1031,1098,1027,1015,12373,-,,
６０７９０目黒区鷹番３－２４－１６,６０２６,特例都道古川橋二子玉川線（都道４１６号）,補４９,駒沢通り,１０月１９日（火）,曇,二輪車類,-,-,-,-,-,-,-,-,-,-,-,-,-,,,
６０７９０目黒区鷹番３－２４－１６,６０２６,特例都道古川橋二子玉川線（都道４１６号）,補４９,駒沢通り,１０月１９日（火）,曇,自転車類,61,101,55,26,31,39,41,38,48,76,94,80,690,,,
６０７９０目黒区鷹番３－２４－１６,６０２６,特例都道古川橋二子玉川線（都道４１６号）,補４９,駒沢通り,１０月１９日（火）,曇,歩行者類,390,574,333,186,193,226,202,190,191,232,283,382,3382,,,
