﻿観測地点,Ｈ１７区間番号,路線名,都市計画路線名,通称道路名,調査日,天候,ピーク時間交通量（台／ｈ）,ピーク率（％）,混雑時平均旅行速度（ｋｍ／ｈ）,大型車台数（台／１２ｈ）,混入率（％）,混雑度,昼夜率,車線数,５８年度（台／１２ｈ）,６０年度（台／１２ｈ）,６３年度（台／１２ｈ）,２年度（台／１２ｈ）,６年度（台／１２ｈ）,９年度（台／１２ｈ）,１１年度（台／１２ｈ）,１７年度（台／１２ｈ）,２２年度（台／１２ｈ）
５９３０東京都墨田区本所１丁目,５１１,首都高速六号線,高速６号線,（首都高速６号向島線）,１１月１６日（火）,晴,3880,9.1,9.2,8750,20.6,0.91,1.65,4,23253,36543,40295,40911,42800,44736,43318,43978,42491
,,,,,,,,,,,,,,,,,,,,,,,
観測地点,Ｈ１７区間番号,路線名,都市計画路線名,通称道路名,調査日,天候,時間・種別,７～８,８～９,９～１０,１０～１１,１１～１２,１２～１３,１３～１４,１４～１５,１５～１６,１６～１７,１７～１８,１８～１９,１２ｈ計,２４ｈ計,,
５９３０東京都墨田区本所１丁目,５１１,首都高速六号線,高速６号線,（首都高速６号向島線）,１１月１６日（火）,晴,自動車類上り大型車,92,83,133,137,333,320,209,228,147,96,67,102,1947,5227,,
５９３０東京都墨田区本所１丁目,５１１,首都高速六号線,高速６号線,（首都高速６号向島線）,１１月１６日（火）,晴,自動車類上り小型車,1237,1282,1055,927,858,1277,1167,1100,1348,1213,1097,1068,13629,21117,,
５９３０東京都墨田区本所１丁目,５１１,首都高速六号線,高速６号線,（首都高速６号向島線）,１１月１６日（火）,晴,自動車類上り計,1329,1365,1188,1064,1191,1597,1376,1328,1495,1309,1164,1170,15576,26344,,
５９３０東京都墨田区本所１丁目,５１１,首都高速六号線,高速６号線,（首都高速６号向島線）,１１月１６日（火）,晴,自動車類下り大型車,364,340,572,826,836,747,544,622,513,455,446,538,6803,11592,,
５９３０東京都墨田区本所１丁目,５１１,首都高速六号線,高速６号線,（首都高速６号向島線）,１１月１６日（火）,晴,自動車類下り小型車,1576,1591,1682,1645,1559,1536,1735,1677,1776,1739,1865,1731,20112,32088,,
５９３０東京都墨田区本所１丁目,５１１,首都高速六号線,高速６号線,（首都高速６号向島線）,１１月１６日（火）,晴,自動車類下り計,1940,1931,2254,2471,2395,2283,2279,2299,2289,2194,2311,2269,26915,43680,,
５９３０東京都墨田区本所１丁目,５１１,首都高速六号線,高速６号線,（首都高速６号向島線）,１１月１６日（火）,晴,自動車類合計大型車,456,423,705,963,1169,1067,753,850,660,551,513,640,8750,16819,,
５９３０東京都墨田区本所１丁目,５１１,首都高速六号線,高速６号線,（首都高速６号向島線）,１１月１６日（火）,晴,自動車類合計小型車,2813,2873,2737,2572,2417,2813,2902,2777,3124,2952,2962,2799,33741,53205,,
５９３０東京都墨田区本所１丁目,５１１,首都高速六号線,高速６号線,（首都高速６号向島線）,１１月１６日（火）,晴,自動車類合計計,3269,3296,3442,3535,3586,3880,3655,3627,3784,3503,3475,3439,42491,70024,,
５９３０東京都墨田区本所１丁目,５１１,首都高速六号線,高速６号線,（首都高速６号向島線）,１１月１６日（火）,晴,二輪車類,-,-,-,-,-,-,-,-,-,-,-,-,-,,,
５９３０東京都墨田区本所１丁目,５１１,首都高速六号線,高速６号線,（首都高速６号向島線）,１１月１６日（火）,晴,自転車類,-,-,-,-,-,-,-,-,-,-,-,-,-,,,
５９３０東京都墨田区本所１丁目,５１１,首都高速六号線,高速６号線,（首都高速６号向島線）,１１月１６日（火）,晴,歩行者類,-,-,-,-,-,-,-,-,-,-,-,-,-,,,
