﻿観測地点,Ｈ１７区間番号,路線名,都市計画路線名,通称道路名,調査日,天候,ピーク時間交通量（台／ｈ）,ピーク率（％）,混雑時平均旅行速度（ｋｍ／ｈ）,大型車台数（台／１２ｈ）,混入率（％）,混雑度,昼夜率,車線数,５８年度（台／１２ｈ）,６０年度（台／１２ｈ）,６３年度（台／１２ｈ）,２年度（台／１２ｈ）,６年度（台／１２ｈ）,９年度（台／１２ｈ）,１１年度（台／１２ｈ）,１７年度（台／１２ｈ）,２２年度（台／１２ｈ）
４０７３０江東区大島９,４０３３,主要地方道東京市川線（都道５０号）,放３１,新大橋通り,１０月５日（火）,晴,1883,9.5,19.6,2785,14.1,1.19,-,4,18883,18397,16455,15203,14499,14869,14559,16053,19794
,,,,,,,,,,,,,,,,,,,,,,,
観測地点,Ｈ１７区間番号,路線名,都市計画路線名,通称道路名,調査日,天候,時間・種別,７～８,８～９,９～１０,１０～１１,１１～１２,１２～１３,１３～１４,１４～１５,１５～１６,１６～１７,１７～１８,１８～１９,１２ｈ計,２４ｈ計,,
４０７３０江東区大島９,４０３３,主要地方道東京市川線（都道５０号）,放３１,新大橋通り,１０月５日（火）,晴,自動車類上り大型車,150,138,169,146,125,110,119,111,130,105,74,55,1432,-,,
４０７３０江東区大島９,４０３３,主要地方道東京市川線（都道５０号）,放３１,新大橋通り,１０月５日（火）,晴,自動車類上り小型車,1140,1015,768,699,683,653,709,680,715,730,726,711,9229,-,,
４０７３０江東区大島９,４０３３,主要地方道東京市川線（都道５０号）,放３１,新大橋通り,１０月５日（火）,晴,自動車類上り計,1290,1153,937,845,808,763,828,791,845,835,800,766,10661,-,,
４０７３０江東区大島９,４０３３,主要地方道東京市川線（都道５０号）,放３１,新大橋通り,１０月５日（火）,晴,自動車類下り大型車,91,116,138,139,132,111,125,113,119,128,84,57,1353,-,,
４０７３０江東区大島９,４０３３,主要地方道東京市川線（都道５０号）,放３１,新大橋通り,１０月５日（火）,晴,自動車類下り小型車,502,571,606,571,644,506,624,665,696,726,881,788,7780,-,,
４０７３０江東区大島９,４０３３,主要地方道東京市川線（都道５０号）,放３１,新大橋通り,１０月５日（火）,晴,自動車類下り計,593,687,744,710,776,617,749,778,815,854,965,845,9133,-,,
４０７３０江東区大島９,４０３３,主要地方道東京市川線（都道５０号）,放３１,新大橋通り,１０月５日（火）,晴,自動車類合計大型車,241,254,307,285,257,221,244,224,249,233,158,112,2785,-,,
４０７３０江東区大島９,４０３３,主要地方道東京市川線（都道５０号）,放３１,新大橋通り,１０月５日（火）,晴,自動車類合計小型車,1642,1586,1374,1270,1327,1159,1333,1345,1411,1456,1607,1499,17009,-,,
４０７３０江東区大島９,４０３３,主要地方道東京市川線（都道５０号）,放３１,新大橋通り,１０月５日（火）,晴,自動車類合計計,1883,1840,1681,1555,1584,1380,1577,1569,1660,1689,1765,1611,19794,-,,
４０７３０江東区大島９,４０３３,主要地方道東京市川線（都道５０号）,放３１,新大橋通り,１０月５日（火）,晴,二輪車類,190,184,98,53,52,75,104,80,101,122,183,217,1459,,,
４０７３０江東区大島９,４０３３,主要地方道東京市川線（都道５０号）,放３１,新大橋通り,１０月５日（火）,晴,自転車類,249,311,100,80,69,87,69,89,110,136,141,174,1615,,,
４０７３０江東区大島９,４０３３,主要地方道東京市川線（都道５０号）,放３１,新大橋通り,１０月５日（火）,晴,歩行者類,26,25,29,34,37,37,40,47,39,79,65,59,517,,,
