﻿観測地点,Ｈ１７区間番号,路線名,都市計画路線名,通称道路名,調査日,天候,ピーク時間交通量（台／ｈ）,ピーク率（％）,混雑時平均旅行速度（ｋｍ／ｈ）,大型車台数（台／１２ｈ）,混入率（％）,混雑度,昼夜率,車線数,５８年度（台／１２ｈ）,６０年度（台／１２ｈ）,６３年度（台／１２ｈ）,２年度（台／１２ｈ）,６年度（台／１２ｈ）,９年度（台／１２ｈ）,１１年度（台／１２ｈ）,１７年度（台／１２ｈ）,２２年度（台／１２ｈ）
４１２８０足立区大谷田３－２,４０６０,主要地方道王子金町江戸川線（都道３０７号）,環７,環七通り,１０月２０日（水）,曇,2696,9.0,12.8,7301,24.5,1,-,4,25852,31375,29031,29506,29399,28491,29302,31058,29852
,,,,,,,,,,,,,,,,,,,,,,,
観測地点,Ｈ１７区間番号,路線名,都市計画路線名,通称道路名,調査日,天候,時間・種別,７～８,８～９,９～１０,１０～１１,１１～１２,１２～１３,１３～１４,１４～１５,１５～１６,１６～１７,１７～１８,１８～１９,１２ｈ計,２４ｈ計,,
４１２８０足立区大谷田３－２,４０６０,主要地方道王子金町江戸川線（都道３０７号）,環７,環七通り,１０月２０日（水）,曇,自動車類上り大型車,282,319,345,353,325,288,266,309,269,239,192,136,3323,-,,
４１２８０足立区大谷田３－２,４０６０,主要地方道王子金町江戸川線（都道３０７号）,環７,環七通り,１０月２０日（水）,曇,自動車類上り小型車,851,787,730,814,858,910,900,1018,913,967,1088,996,10832,-,,
４１２８０足立区大谷田３－２,４０６０,主要地方道王子金町江戸川線（都道３０７号）,環７,環七通り,１０月２０日（水）,曇,自動車類上り計,1133,1106,1075,1167,1183,1198,1166,1327,1182,1206,1280,1132,14155,-,,
４１２８０足立区大谷田３－２,４０６０,主要地方道王子金町江戸川線（都道３０７号）,環７,環七通り,１０月２０日（水）,曇,自動車類下り大型車,387,370,457,410,375,415,308,353,325,263,193,122,3978,-,,
４１２８０足立区大谷田３－２,４０６０,主要地方道王子金町江戸川線（都道３０７号）,環７,環七通り,１０月２０日（水）,曇,自動車類下り小型車,929,913,900,912,926,954,859,975,1056,1026,1223,1046,11719,-,,
４１２８０足立区大谷田３－２,４０６０,主要地方道王子金町江戸川線（都道３０７号）,環７,環七通り,１０月２０日（水）,曇,自動車類下り計,1316,1283,1357,1322,1301,1369,1167,1328,1381,1289,1416,1168,15697,-,,
４１２８０足立区大谷田３－２,４０６０,主要地方道王子金町江戸川線（都道３０７号）,環７,環七通り,１０月２０日（水）,曇,自動車類合計大型車,669,689,802,763,700,703,574,662,594,502,385,258,7301,-,,
４１２８０足立区大谷田３－２,４０６０,主要地方道王子金町江戸川線（都道３０７号）,環７,環七通り,１０月２０日（水）,曇,自動車類合計小型車,1780,1700,1630,1726,1784,1864,1759,1993,1969,1993,2311,2042,22551,-,,
４１２８０足立区大谷田３－２,４０６０,主要地方道王子金町江戸川線（都道３０７号）,環７,環七通り,１０月２０日（水）,曇,自動車類合計計,2449,2389,2432,2489,2484,2567,2333,2655,2563,2495,2696,2300,29852,-,,
４１２８０足立区大谷田３－２,４０６０,主要地方道王子金町江戸川線（都道３０７号）,環７,環七通り,１０月２０日（水）,曇,二輪車類,320,219,124,82,80,93,101,80,94,128,229,265,1815,,,
４１２８０足立区大谷田３－２,４０６０,主要地方道王子金町江戸川線（都道３０７号）,環７,環七通り,１０月２０日（水）,曇,自転車類,231,216,148,93,137,126,159,138,162,205,197,214,2026,,,
４１２８０足立区大谷田３－２,４０６０,主要地方道王子金町江戸川線（都道３０７号）,環７,環七通り,１０月２０日（水）,曇,歩行者類,127,104,58,31,35,53,49,57,86,64,73,66,803,,,
