﻿観測地点,Ｈ１７区間番号,路線名,都市計画路線名,通称道路名,調査日,天候,ピーク時間交通量（台／ｈ）,ピーク率（％）,混雑時平均旅行速度（ｋｍ／ｈ）,大型車台数（台／１２ｈ）,混入率（％）,混雑度,昼夜率,車線数,５８年度（台／１２ｈ）,６０年度（台／１２ｈ）,６３年度（台／１２ｈ）,２年度（台／１２ｈ）,６年度（台／１２ｈ）,９年度（台／１２ｈ）,１１年度（台／１２ｈ）,１７年度（台／１２ｈ）,２２年度（台／１２ｈ）
５６６０東京都豊島区東池袋１丁目,５１０,首都高速五号線,高速５号線,（首都高速５号池袋線）,１１月１６日（火）,晴,5243,9.1,33.8,7987,13.9,0.94,1.57,4,48678,48236,47376,49769,53953,56103,65791,64222,57570
,,,,,,,,,,,,,,,,,,,,,,,
観測地点,Ｈ１７区間番号,路線名,都市計画路線名,通称道路名,調査日,天候,時間・種別,７～８,８～９,９～１０,１０～１１,１１～１２,１２～１３,１３～１４,１４～１５,１５～１６,１６～１７,１７～１８,１８～１９,１２ｈ計,２４ｈ計,,
５６６０東京都豊島区東池袋１丁目,５１０,首都高速五号線,高速５号線,（首都高速５号池袋線）,１１月１６日（火）,晴,自動車類上り大型車,230,291,392,601,349,181,285,317,331,205,188,156,3526,6521,,
５６６０東京都豊島区東池袋１丁目,５１０,首都高速五号線,高速５号線,（首都高速５号池袋線）,１１月１６日（火）,晴,自動車類上り小型車,2293,2444,1907,1715,1254,1142,1603,1754,1945,2090,1895,1635,21677,32230,,
５６６０東京都豊島区東池袋１丁目,５１０,首都高速五号線,高速５号線,（首都高速５号池袋線）,１１月１６日（火）,晴,自動車類上り計,2523,2735,2299,2316,1603,1323,1888,2071,2276,2295,2083,1791,25203,38751,,
５６６０東京都豊島区東池袋１丁目,５１０,首都高速五号線,高速５号線,（首都高速５号池袋線）,１１月１６日（火）,晴,自動車類下り大型車,347,339,429,468,524,494,383,389,335,314,216,223,4461,8026,,
５６６０東京都豊島区東池袋１丁目,５１０,首都高速五号線,高速５号線,（首都高速５号池袋線）,１１月１６日（火）,晴,自動車類下り小型車,1878,2003,2033,2235,2366,2220,2211,2374,2498,2634,2736,2718,27906,43584,,
５６６０東京都豊島区東池袋１丁目,５１０,首都高速五号線,高速５号線,（首都高速５号池袋線）,１１月１６日（火）,晴,自動車類下り計,2225,2342,2462,2703,2890,2714,2594,2763,2833,2948,2952,2941,32367,51610,,
５６６０東京都豊島区東池袋１丁目,５１０,首都高速五号線,高速５号線,（首都高速５号池袋線）,１１月１６日（火）,晴,自動車類合計大型車,577,630,821,1069,873,675,668,706,666,519,404,379,7987,14547,,
５６６０東京都豊島区東池袋１丁目,５１０,首都高速五号線,高速５号線,（首都高速５号池袋線）,１１月１６日（火）,晴,自動車類合計小型車,4171,4447,3940,3950,3620,3362,3814,4128,4443,4724,4631,4353,49583,75814,,
５６６０東京都豊島区東池袋１丁目,５１０,首都高速五号線,高速５号線,（首都高速５号池袋線）,１１月１６日（火）,晴,自動車類合計計,4748,5077,4761,5019,4493,4037,4482,4834,5109,5243,5035,4732,57570,90361,,
５６６０東京都豊島区東池袋１丁目,５１０,首都高速五号線,高速５号線,（首都高速５号池袋線）,１１月１６日（火）,晴,二輪車類,-,-,-,-,-,-,-,-,-,-,-,-,-,,,
５６６０東京都豊島区東池袋１丁目,５１０,首都高速五号線,高速５号線,（首都高速５号池袋線）,１１月１６日（火）,晴,自転車類,-,-,-,-,-,-,-,-,-,-,-,-,-,,,
５６６０東京都豊島区東池袋１丁目,５１０,首都高速五号線,高速５号線,（首都高速５号池袋線）,１１月１６日（火）,晴,歩行者類,-,-,-,-,-,-,-,-,-,-,-,-,-,,,
