﻿観測地点,Ｈ１７区間番号,路線名,都市計画路線名,通称道路名,調査日,天候,ピーク時間交通量（台／ｈ）,ピーク率（％）,混雑時平均旅行速度（ｋｍ／ｈ）,大型車台数（台／１２ｈ）,混入率（％）,混雑度,昼夜率,車線数,５８年度（台／１２ｈ）,６０年度（台／１２ｈ）,６３年度（台／１２ｈ）,２年度（台／１２ｈ）,６年度（台／１２ｈ）,９年度（台／１２ｈ）,１１年度（台／１２ｈ）,１７年度（台／１２ｈ）,２２年度（台／１２ｈ）
４０２９０豊島区高田１－４０－１１,４０１２,主要地方道千代田練馬田無線（都道８号）,補７６,目白通り,１０月２６日（火）,曇,1534,8.9,21.3,1903,11.0,1.41,-,4,20043,20375,17195,18825,17898,17944,17295,18682,17307
,,,,,,,,,,,,,,,,,,,,,,,
観測地点,Ｈ１７区間番号,路線名,都市計画路線名,通称道路名,調査日,天候,時間・種別,７～８,８～９,９～１０,１０～１１,１１～１２,１２～１３,１３～１４,１４～１５,１５～１６,１６～１７,１７～１８,１８～１９,１２ｈ計,２４ｈ計,,
４０２９０豊島区高田１－４０－１１,４０１２,主要地方道千代田練馬田無線（都道８号）,補７６,目白通り,１０月２６日（火）,曇,自動車類上り大型車,83,135,92,132,107,68,111,70,78,60,50,42,1028,-,,
４０２９０豊島区高田１－４０－１１,４０１２,主要地方道千代田練馬田無線（都道８号）,補７６,目白通り,１０月２６日（火）,曇,自動車類上り小型車,802,791,743,670,623,660,614,619,645,619,606,546,7938,-,,
４０２９０豊島区高田１－４０－１１,４０１２,主要地方道千代田練馬田無線（都道８号）,補７６,目白通り,１０月２６日（火）,曇,自動車類上り計,885,926,835,802,730,728,725,689,723,679,656,588,8966,-,,
４０２９０豊島区高田１－４０－１１,４０１２,主要地方道千代田練馬田無線（都道８号）,補７６,目白通り,１０月２６日（火）,曇,自動車類下り大型車,54,95,99,93,86,77,72,69,71,62,46,51,875,-,,
４０２９０豊島区高田１－４０－１１,４０１２,主要地方道千代田練馬田無線（都道８号）,補７６,目白通り,１０月２６日（火）,曇,自動車類下り小型車,418,484,556,639,575,565,639,708,688,725,798,671,7466,-,,
４０２９０豊島区高田１－４０－１１,４０１２,主要地方道千代田練馬田無線（都道８号）,補７６,目白通り,１０月２６日（火）,曇,自動車類下り計,472,579,655,732,661,642,711,777,759,787,844,722,8341,-,,
４０２９０豊島区高田１－４０－１１,４０１２,主要地方道千代田練馬田無線（都道８号）,補７６,目白通り,１０月２６日（火）,曇,自動車類合計大型車,137,230,191,225,193,145,183,139,149,122,96,93,1903,-,,
４０２９０豊島区高田１－４０－１１,４０１２,主要地方道千代田練馬田無線（都道８号）,補７６,目白通り,１０月２６日（火）,曇,自動車類合計小型車,1220,1275,1299,1309,1198,1225,1253,1327,1333,1344,1404,1217,15404,-,,
４０２９０豊島区高田１－４０－１１,４０１２,主要地方道千代田練馬田無線（都道８号）,補７６,目白通り,１０月２６日（火）,曇,自動車類合計計,1357,1505,1490,1534,1391,1370,1436,1466,1482,1466,1500,1310,17307,-,,
４０２９０豊島区高田１－４０－１１,４０１２,主要地方道千代田練馬田無線（都道８号）,補７６,目白通り,１０月２６日（火）,曇,二輪車類,178,166,156,130,108,120,104,79,93,98,131,142,1505,,,
４０２９０豊島区高田１－４０－１１,４０１２,主要地方道千代田練馬田無線（都道８号）,補７６,目白通り,１０月２６日（火）,曇,自転車類,137,179,176,111,94,101,79,61,58,94,132,152,1374,,,
４０２９０豊島区高田１－４０－１１,４０１２,主要地方道千代田練馬田無線（都道８号）,補７６,目白通り,１０月２６日（火）,曇,歩行者類,339,731,450,859,349,559,334,572,314,986,829,665,6987,,,
