﻿観測地点,Ｈ１７区間番号,路線名,都市計画路線名,通称道路名,調査日,天候,ピーク時間交通量（台／ｈ）,ピーク率（％）,混雑時平均旅行速度（ｋｍ／ｈ）,大型車台数（台／１２ｈ）,混入率（％）,混雑度,昼夜率,車線数,５８年度（台／１２ｈ）,６０年度（台／１２ｈ）,６３年度（台／１２ｈ）,２年度（台／１２ｈ）,６年度（台／１２ｈ）,９年度（台／１２ｈ）,１１年度（台／１２ｈ）,１７年度（台／１２ｈ）,２２年度（台／１２ｈ）
５０５０東京都中央区築地１丁目,５０１,首都高速一号線,高速１号線,（首都高速都心環状線）,１１月１６日（火）,晴,5479,8.9,62,7986,12.9,0.88,1.52,4,64413,63063,64715,60372,53973,56743,62654,59768,61838
,,,,,,,,,,,,,,,,,,,,,,,
観測地点,Ｈ１７区間番号,路線名,都市計画路線名,通称道路名,調査日,天候,時間・種別,７～８,８～９,９～１０,１０～１１,１１～１２,１２～１３,１３～１４,１４～１５,１５～１６,１６～１７,１７～１８,１８～１９,１２ｈ計,２４ｈ計,,
５０５０東京都中央区築地１丁目,５０１,首都高速一号線,高速１号線,（首都高速都心環状線）,１１月１６日（火）,晴,自動車類上り大型車,346,289,437,444,399,415,367,403,362,267,219,192,4140,7489,,
５０５０東京都中央区築地１丁目,５０１,首都高速一号線,高速１号線,（首都高速都心環状線）,１１月１６日（火）,晴,自動車類上り小型車,1844,1671,1691,1724,1465,1437,1933,2136,2348,2422,2296,2216,23183,35984,,
５０５０東京都中央区築地１丁目,５０１,首都高速一号線,高速１号線,（首都高速都心環状線）,１１月１６日（火）,晴,自動車類上り計,2190,1960,2128,2168,1864,1852,2300,2539,2710,2689,2515,2408,27323,43473,,
５０５０東京都中央区築地１丁目,５０１,首都高速一号線,高速１号線,（首都高速都心環状線）,１１月１６日（火）,晴,自動車類下り大型車,244,276,381,396,429,532,322,302,341,261,172,190,3846,6655,,
５０５０東京都中央区築地１丁目,５０１,首都高速一号線,高速１号線,（首都高速都心環状線）,１１月１６日（火）,晴,自動車類下り小型車,2934,3060,2699,2434,2362,2570,2424,2422,2428,2456,2543,2337,30669,43716,,
５０５０東京都中央区築地１丁目,５０１,首都高速一号線,高速１号線,（首都高速都心環状線）,１１月１６日（火）,晴,自動車類下り計,3178,3336,3080,2830,2791,3102,2746,2724,2769,2717,2715,2527,34515,50371,,
５０５０東京都中央区築地１丁目,５０１,首都高速一号線,高速１号線,（首都高速都心環状線）,１１月１６日（火）,晴,自動車類合計大型車,590,565,818,840,828,947,689,705,703,528,391,382,7986,14144,,
５０５０東京都中央区築地１丁目,５０１,首都高速一号線,高速１号線,（首都高速都心環状線）,１１月１６日（火）,晴,自動車類合計小型車,4778,4731,4390,4158,3827,4007,4357,4558,4776,4878,4839,4553,53852,79700,,
５０５０東京都中央区築地１丁目,５０１,首都高速一号線,高速１号線,（首都高速都心環状線）,１１月１６日（火）,晴,自動車類合計計,5368,5296,5208,4998,4655,4954,5046,5263,5479,5406,5230,4935,61838,93844,,
５０５０東京都中央区築地１丁目,５０１,首都高速一号線,高速１号線,（首都高速都心環状線）,１１月１６日（火）,晴,二輪車類,-,-,-,-,-,-,-,-,-,-,-,-,-,,,
５０５０東京都中央区築地１丁目,５０１,首都高速一号線,高速１号線,（首都高速都心環状線）,１１月１６日（火）,晴,自転車類,-,-,-,-,-,-,-,-,-,-,-,-,-,,,
５０５０東京都中央区築地１丁目,５０１,首都高速一号線,高速１号線,（首都高速都心環状線）,１１月１６日（火）,晴,歩行者類,-,-,-,-,-,-,-,-,-,-,-,-,-,,,
