﻿観測地点,Ｈ１７区間番号,路線名,都市計画路線名,通称道路名,調査日,天候,ピーク時間交通量（台／ｈ）,ピーク率（％）,混雑時平均旅行速度（ｋｍ／ｈ）,大型車台数（台／１２ｈ）,混入率（％）,混雑度,昼夜率,車線数,５８年度（台／１２ｈ）,６０年度（台／１２ｈ）,６３年度（台／１２ｈ）,２年度（台／１２ｈ）,６年度（台／１２ｈ）,９年度（台／１２ｈ）,１１年度（台／１２ｈ）,１７年度（台／１２ｈ）,２２年度（台／１２ｈ）
６１３２０渋谷区笹塚２－３０－１,６０４３,特例都道角筈和泉町線（都道４３１号）,補６１,（水道道路）,１０月２６日（火）,曇,576,9.2,14.6,705,11.2,0.64,-,2,11073,10386,9732,9998,11437,9675,9719,8123,6276
,,,,,,,,,,,,,,,,,,,,,,,
観測地点,Ｈ１７区間番号,路線名,都市計画路線名,通称道路名,調査日,天候,時間・種別,７～８,８～９,９～１０,１０～１１,１１～１２,１２～１３,１３～１４,１４～１５,１５～１６,１６～１７,１７～１８,１８～１９,１２ｈ計,２４ｈ計,,
６１３２０渋谷区笹塚２－３０－１,６０４３,特例都道角筈和泉町線（都道４３１号）,補６１,（水道道路）,１０月２６日（火）,曇,自動車類上り大型車,26,39,42,19,28,22,12,17,20,14,11,6,256,-,,
６１３２０渋谷区笹塚２－３０－１,６０４３,特例都道角筈和泉町線（都道４３１号）,補６１,（水道道路）,１０月２６日（火）,曇,自動車類上り小型車,253,284,253,204,182,168,233,190,221,176,193,152,2509,-,,
６１３２０渋谷区笹塚２－３０－１,６０４３,特例都道角筈和泉町線（都道４３１号）,補６１,（水道道路）,１０月２６日（火）,曇,自動車類上り計,279,323,295,223,210,190,245,207,241,190,204,158,2765,-,,
６１３２０渋谷区笹塚２－３０－１,６０４３,特例都道角筈和泉町線（都道４３１号）,補６１,（水道道路）,１０月２６日（火）,曇,自動車類下り大型車,22,29,54,42,47,30,36,62,37,29,36,25,449,-,,
６１３２０渋谷区笹塚２－３０－１,６０４３,特例都道角筈和泉町線（都道４３１号）,補６１,（水道道路）,１０月２６日（火）,曇,自動車類下り小型車,148,203,227,260,242,236,257,275,294,286,332,302,3062,-,,
６１３２０渋谷区笹塚２－３０－１,６０４３,特例都道角筈和泉町線（都道４３１号）,補６１,（水道道路）,１０月２６日（火）,曇,自動車類下り計,170,232,281,302,289,266,293,337,331,315,368,327,3511,-,,
６１３２０渋谷区笹塚２－３０－１,６０４３,特例都道角筈和泉町線（都道４３１号）,補６１,（水道道路）,１０月２６日（火）,曇,自動車類合計大型車,48,68,96,61,75,52,48,79,57,43,47,31,705,-,,
６１３２０渋谷区笹塚２－３０－１,６０４３,特例都道角筈和泉町線（都道４３１号）,補６１,（水道道路）,１０月２６日（火）,曇,自動車類合計小型車,401,487,480,464,424,404,490,465,515,462,525,454,5571,-,,
６１３２０渋谷区笹塚２－３０－１,６０４３,特例都道角筈和泉町線（都道４３１号）,補６１,（水道道路）,１０月２６日（火）,曇,自動車類合計計,449,555,576,525,499,456,538,544,572,505,572,485,6276,-,,
６１３２０渋谷区笹塚２－３０－１,６０４３,特例都道角筈和泉町線（都道４３１号）,補６１,（水道道路）,１０月２６日（火）,曇,二輪車類,-,-,-,-,-,-,-,-,-,-,-,-,-,,,
６１３２０渋谷区笹塚２－３０－１,６０４３,特例都道角筈和泉町線（都道４３１号）,補６１,（水道道路）,１０月２６日（火）,曇,自転車類,-,-,-,-,-,-,-,-,-,-,-,-,-,,,
６１３２０渋谷区笹塚２－３０－１,６０４３,特例都道角筈和泉町線（都道４３１号）,補６１,（水道道路）,１０月２６日（火）,曇,歩行者類,-,-,-,-,-,-,-,-,-,-,-,-,-,,,
