﻿観測地点,Ｈ１７区間番号,路線名,都市計画路線名,通称道路名,調査日,天候,ピーク時間交通量（台／ｈ）,ピーク率（％）,混雑時平均旅行速度（ｋｍ／ｈ）,大型車台数（台／１２ｈ）,混入率（％）,混雑度,昼夜率,車線数,５８年度（台／１２ｈ）,６０年度（台／１２ｈ）,６３年度（台／１２ｈ）,２年度（台／１２ｈ）,６年度（台／１２ｈ）,９年度（台／１２ｈ）,１１年度（台／１２ｈ）,１７年度（台／１２ｈ）,２２年度（台／１２ｈ）
６０９０東京都江東区有明１丁目,５１７,首都高速十一号線,高速１２号線,（首都高速１１号台場線）,１１月１６日（火）,晴,3432,9.7,75.3,5336,15.1,0.58,1.58,4,24735,32190,31658,-,32421,32635,40057,42331,35451
,,,,,,,,,,,,,,,,,,,,,,,
観測地点,Ｈ１７区間番号,路線名,都市計画路線名,通称道路名,調査日,天候,時間・種別,７～８,８～９,９～１０,１０～１１,１１～１２,１２～１３,１３～１４,１４～１５,１５～１６,１６～１７,１７～１８,１８～１９,１２ｈ計,２４ｈ計,,
６０９０東京都江東区有明１丁目,５１７,首都高速十一号線,高速１２号線,（首都高速１１号台場線）,１１月１６日（火）,晴,自動車類上り大型車,169,156,212,202,235,181,162,199,223,149,124,116,2128,3905,,
６０９０東京都江東区有明１丁目,５１７,首都高速十一号線,高速１２号線,（首都高速１１号台場線）,１１月１６日（火）,晴,自動車類上り小型車,1392,1193,892,821,839,714,753,871,925,929,953,885,11167,16512,,
６０９０東京都江東区有明１丁目,５１７,首都高速十一号線,高速１２号線,（首都高速１１号台場線）,１１月１６日（火）,晴,自動車類上り計,1561,1349,1104,1023,1074,895,915,1070,1148,1078,1077,1001,13295,20417,,
６０９０東京都江東区有明１丁目,５１７,首都高速十一号線,高速１２号線,（首都高速１１号台場線）,１１月１６日（火）,晴,自動車類下り大型車,185,237,312,369,237,313,292,309,264,247,210,233,3208,6623,,
６０９０東京都江東区有明１丁目,５１７,首都高速十一号線,高速１２号線,（首都高速１１号台場線）,１１月１６日（火）,晴,自動車類下り小型車,1686,1591,1643,1526,1171,1444,1535,1576,1525,1586,1829,1836,18948,28818,,
６０９０東京都江東区有明１丁目,５１７,首都高速十一号線,高速１２号線,（首都高速１１号台場線）,１１月１６日（火）,晴,自動車類下り計,1871,1828,1955,1895,1408,1757,1827,1885,1789,1833,2039,2069,22156,35441,,
６０９０東京都江東区有明１丁目,５１７,首都高速十一号線,高速１２号線,（首都高速１１号台場線）,１１月１６日（火）,晴,自動車類合計大型車,354,393,524,571,472,494,454,508,487,396,334,349,5336,10528,,
６０９０東京都江東区有明１丁目,５１７,首都高速十一号線,高速１２号線,（首都高速１１号台場線）,１１月１６日（火）,晴,自動車類合計小型車,3078,2784,2535,2347,2010,2158,2288,2447,2450,2515,2782,2721,30115,45330,,
６０９０東京都江東区有明１丁目,５１７,首都高速十一号線,高速１２号線,（首都高速１１号台場線）,１１月１６日（火）,晴,自動車類合計計,3432,3177,3059,2918,2482,2652,2742,2955,2937,2911,3116,3070,35451,55858,,
６０９０東京都江東区有明１丁目,５１７,首都高速十一号線,高速１２号線,（首都高速１１号台場線）,１１月１６日（火）,晴,二輪車類,-,-,-,-,-,-,-,-,-,-,-,-,-,,,
６０９０東京都江東区有明１丁目,５１７,首都高速十一号線,高速１２号線,（首都高速１１号台場線）,１１月１６日（火）,晴,自転車類,-,-,-,-,-,-,-,-,-,-,-,-,-,,,
６０９０東京都江東区有明１丁目,５１７,首都高速十一号線,高速１２号線,（首都高速１１号台場線）,１１月１６日（火）,晴,歩行者類,-,-,-,-,-,-,-,-,-,-,-,-,-,,,
