﻿観測地点,Ｈ１７区間番号,路線名,都市計画路線名,通称道路名,調査日,天候,ピーク時間交通量（台／ｈ）,ピーク率（％）,混雑時平均旅行速度（ｋｍ／ｈ）,大型車台数（台／１２ｈ）,混入率（％）,混雑度,昼夜率,車線数,５８年度（台／１２ｈ）,６０年度（台／１２ｈ）,６３年度（台／１２ｈ）,２年度（台／１２ｈ）,６年度（台／１２ｈ）,９年度（台／１２ｈ）,１１年度（台／１２ｈ）,１７年度（台／１２ｈ）,２２年度（台／１２ｈ）
４０７４０江戸川区江戸川３－５４,４０３４,主要地方道東京市川線（都道５０号）,放３１,新大橋通り,１０月５日（火）,晴,2047,9.7,48.6,4101,19.5,0.71,-,6,-,-,-,-,-,-,18331,17904,21039
,,,,,,,,,,,,,,,,,,,,,,,
観測地点,Ｈ１７区間番号,路線名,都市計画路線名,通称道路名,調査日,天候,時間・種別,７～８,８～９,９～１０,１０～１１,１１～１２,１２～１３,１３～１４,１４～１５,１５～１６,１６～１７,１７～１８,１８～１９,１２ｈ計,２４ｈ計,,
４０７４０江戸川区江戸川３－５４,４０３４,主要地方道東京市川線（都道５０号）,放３１,新大橋通り,１０月５日（火）,晴,自動車類上り大型車,187,164,234,201,199,169,171,161,197,196,142,123,2144,-,,
４０７４０江戸川区江戸川３－５４,４０３４,主要地方道東京市川線（都道５０号）,放３１,新大橋通り,１０月５日（火）,晴,自動車類上り小型車,907,803,617,584,624,594,617,752,730,748,824,952,8752,-,,
４０７４０江戸川区江戸川３－５４,４０３４,主要地方道東京市川線（都道５０号）,放３１,新大橋通り,１０月５日（火）,晴,自動車類上り計,1094,967,851,785,823,763,788,913,927,944,966,1075,10896,-,,
４０７４０江戸川区江戸川３－５４,４０３４,主要地方道東京市川線（都道５０号）,放３１,新大橋通り,１０月５日（火）,晴,自動車類下り大型車,166,177,230,189,193,167,168,178,169,127,121,72,1957,-,,
４０７４０江戸川区江戸川３－５４,４０３４,主要地方道東京市川線（都道５０号）,放３１,新大橋通り,１０月５日（火）,晴,自動車類下り小型車,787,664,679,633,636,605,594,645,632,622,807,882,8186,-,,
４０７４０江戸川区江戸川３－５４,４０３４,主要地方道東京市川線（都道５０号）,放３１,新大橋通り,１０月５日（火）,晴,自動車類下り計,953,841,909,822,829,772,762,823,801,749,928,954,10143,-,,
４０７４０江戸川区江戸川３－５４,４０３４,主要地方道東京市川線（都道５０号）,放３１,新大橋通り,１０月５日（火）,晴,自動車類合計大型車,353,341,464,390,392,336,339,339,366,323,263,195,4101,-,,
４０７４０江戸川区江戸川３－５４,４０３４,主要地方道東京市川線（都道５０号）,放３１,新大橋通り,１０月５日（火）,晴,自動車類合計小型車,1694,1467,1296,1217,1260,1199,1211,1397,1362,1370,1631,1834,16938,-,,
４０７４０江戸川区江戸川３－５４,４０３４,主要地方道東京市川線（都道５０号）,放３１,新大橋通り,１０月５日（火）,晴,自動車類合計計,2047,1808,1760,1607,1652,1535,1550,1736,1728,1693,1894,2029,21039,-,,
４０７４０江戸川区江戸川３－５４,４０３４,主要地方道東京市川線（都道５０号）,放３１,新大橋通り,１０月５日（火）,晴,二輪車類,228,196,103,58,56,108,62,64,92,124,186,232,1509,,,
４０７４０江戸川区江戸川３－５４,４０３４,主要地方道東京市川線（都道５０号）,放３１,新大橋通り,１０月５日（火）,晴,自転車類,230,196,126,61,72,100,77,78,105,101,166,206,1518,,,
４０７４０江戸川区江戸川３－５４,４０３４,主要地方道東京市川線（都道５０号）,放３１,新大橋通り,１０月５日（火）,晴,歩行者類,44,28,24,10,18,16,16,17,33,25,21,24,276,,,
