﻿観測地点,Ｈ１７区間番号,路線名,都市計画路線名,通称道路名,調査日,天候,ピーク時間交通量（台／ｈ）,ピーク率（％）,混雑時平均旅行速度（ｋｍ／ｈ）,大型車台数（台／１２ｈ）,混入率（％）,混雑度,昼夜率,車線数,５８年度（台／１２ｈ）,６０年度（台／１２ｈ）,６３年度（台／１２ｈ）,２年度（台／１２ｈ）,６年度（台／１２ｈ）,９年度（台／１２ｈ）,１１年度（台／１２ｈ）,１７年度（台／１２ｈ）,２２年度（台／１２ｈ）
６２５０東京都葛飾区小菅３丁目,５１６,首都高速六号線,高速６号線,（首都高速中央環状線）,１１月１６日（火）,晴,9267,8.8,29.4,20491,19.5,0.92,1.54,7,-,-,60695,69142,59461,62561,63312,63306,105069
,,,,,,,,,,,,,,,,,,,,,,,
観測地点,Ｈ１７区間番号,路線名,都市計画路線名,通称道路名,調査日,天候,時間・種別,７～８,８～９,９～１０,１０～１１,１１～１２,１２～１３,１３～１４,１４～１５,１５～１６,１６～１７,１７～１８,１８～１９,１２ｈ計,２４ｈ計,,
６２５０東京都葛飾区小菅３丁目,５１６,首都高速六号線,高速６号線,（首都高速中央環状線）,１１月１６日（火）,晴,自動車類上り大型車,665,693,878,795,864,1212,988,1015,950,779,714,701,10254,19953,,
６２５０東京都葛飾区小菅３丁目,５１６,首都高速六号線,高速６号線,（首都高速中央環状線）,１１月１６日（火）,晴,自動車類上り小型車,3847,4128,4161,3857,3613,3553,3360,3669,3817,3903,3792,3380,45080,64757,,
６２５０東京都葛飾区小菅３丁目,５１６,首都高速六号線,高速６号線,（首都高速中央環状線）,１１月１６日（火）,晴,自動車類上り計,4512,4821,5039,4652,4477,4765,4348,4684,4767,4682,4506,4081,55334,84710,,
６２５０東京都葛飾区小菅３丁目,５１６,首都高速六号線,高速６号線,（首都高速中央環状線）,１１月１６日（火）,晴,自動車類下り大型車,680,693,834,795,864,1217,994,1040,933,787,713,687,10237,20004,,
６２５０東京都葛飾区小菅３丁目,５１６,首都高速六号線,高速６号線,（首都高速中央環状線）,１１月１６日（火）,晴,自動車類下り小型車,3876,3730,2852,2439,2653,3255,2949,2978,3567,3714,3820,3665,39498,56723,,
６２５０東京都葛飾区小菅３丁目,５１６,首都高速六号線,高速６号線,（首都高速中央環状線）,１１月１６日（火）,晴,自動車類下り計,4556,4423,3686,3234,3517,4472,3943,4018,4500,4501,4533,4352,49735,76727,,
６２５０東京都葛飾区小菅３丁目,５１６,首都高速六号線,高速６号線,（首都高速中央環状線）,１１月１６日（火）,晴,自動車類合計大型車,1345,1386,1712,1590,1728,2429,1982,2055,1883,1566,1427,1388,20491,39957,,
６２５０東京都葛飾区小菅３丁目,５１６,首都高速六号線,高速６号線,（首都高速中央環状線）,１１月１６日（火）,晴,自動車類合計小型車,7723,7858,7013,6296,6266,6808,6309,6647,7384,7617,7612,7045,84578,121480,,
６２５０東京都葛飾区小菅３丁目,５１６,首都高速六号線,高速６号線,（首都高速中央環状線）,１１月１６日（火）,晴,自動車類合計計,9068,9244,8725,7886,7994,9237,8291,8702,9267,9183,9039,8433,105069,161437,,
６２５０東京都葛飾区小菅３丁目,５１６,首都高速六号線,高速６号線,（首都高速中央環状線）,１１月１６日（火）,晴,二輪車類,-,-,-,-,-,-,-,-,-,-,-,-,-,,,
６２５０東京都葛飾区小菅３丁目,５１６,首都高速六号線,高速６号線,（首都高速中央環状線）,１１月１６日（火）,晴,自転車類,-,-,-,-,-,-,-,-,-,-,-,-,-,,,
６２５０東京都葛飾区小菅３丁目,５１６,首都高速六号線,高速６号線,（首都高速中央環状線）,１１月１６日（火）,晴,歩行者類,-,-,-,-,-,-,-,-,-,-,-,-,-,,,
