﻿観測地点,Ｈ１７区間番号,路線名,都市計画路線名,通称道路名,調査日,天候,ピーク時間交通量（台／ｈ）,ピーク率（％）,混雑時平均旅行速度（ｋｍ／ｈ）,大型車台数（台／１２ｈ）,混入率（％）,混雑度,昼夜率,車線数,５８年度（台／１２ｈ）,６０年度（台／１２ｈ）,６３年度（台／１２ｈ）,２年度（台／１２ｈ）,６年度（台／１２ｈ）,９年度（台／１２ｈ）,１１年度（台／１２ｈ）,１７年度（台／１２ｈ）,２２年度（台／１２ｈ）
４００４０世田谷区喜多見７－２５－１３,４００４,主要地方道世田谷町田線（都道３号）,放５１,世田谷通り,１０月１９日（火）,曇,1373,9.4,13.2,1774,12.1,1.69,-,2,19849,19166,18112,19093,18487,18167,17928,17297,14607
,,,,,,,,,,,,,,,,,,,,,,,
観測地点,Ｈ１７区間番号,路線名,都市計画路線名,通称道路名,調査日,天候,時間・種別,７～８,８～９,９～１０,１０～１１,１１～１２,１２～１３,１３～１４,１４～１５,１５～１６,１６～１７,１７～１８,１８～１９,１２ｈ計,２４ｈ計,,
４００４０世田谷区喜多見７－２５－１３,４００４,主要地方道世田谷町田線（都道３号）,放５１,世田谷通り,１０月１９日（火）,曇,自動車類上り大型車,81,82,58,61,75,68,76,77,70,65,55,36,804,-,,
４００４０世田谷区喜多見７－２５－１３,４００４,主要地方道世田谷町田線（都道３号）,放５１,世田谷通り,１０月１９日（火）,曇,自動車類上り小型車,612,421,568,538,496,519,525,535,552,587,568,550,6471,-,,
４００４０世田谷区喜多見７－２５－１３,４００４,主要地方道世田谷町田線（都道３号）,放５１,世田谷通り,１０月１９日（火）,曇,自動車類上り計,693,503,626,599,571,587,601,612,622,652,623,586,7275,-,,
４００４０世田谷区喜多見７－２５－１３,４００４,主要地方道世田谷町田線（都道３号）,放５１,世田谷通り,１０月１９日（火）,曇,自動車類下り大型車,68,89,100,123,94,64,81,94,68,63,67,59,970,-,,
４００４０世田谷区喜多見７－２５－１３,４００４,主要地方道世田谷町田線（都道３号）,放５１,世田谷通り,１０月１９日（火）,曇,自動車類下り小型車,478,422,410,462,567,551,490,517,511,603,623,728,6362,-,,
４００４０世田谷区喜多見７－２５－１３,４００４,主要地方道世田谷町田線（都道３号）,放５１,世田谷通り,１０月１９日（火）,曇,自動車類下り計,546,511,510,585,661,615,571,611,579,666,690,787,7332,-,,
４００４０世田谷区喜多見７－２５－１３,４００４,主要地方道世田谷町田線（都道３号）,放５１,世田谷通り,１０月１９日（火）,曇,自動車類合計大型車,149,171,158,184,169,132,157,171,138,128,122,95,1774,-,,
４００４０世田谷区喜多見７－２５－１３,４００４,主要地方道世田谷町田線（都道３号）,放５１,世田谷通り,１０月１９日（火）,曇,自動車類合計小型車,1090,843,978,1000,1063,1070,1015,1052,1063,1190,1191,1278,12833,-,,
４００４０世田谷区喜多見７－２５－１３,４００４,主要地方道世田谷町田線（都道３号）,放５１,世田谷通り,１０月１９日（火）,曇,自動車類合計計,1239,1014,1136,1184,1232,1202,1172,1223,1201,1318,1313,1373,14607,-,,
４００４０世田谷区喜多見７－２５－１３,４００４,主要地方道世田谷町田線（都道３号）,放５１,世田谷通り,１０月１９日（火）,曇,二輪車類,263,180,188,156,136,146,150,163,141,199,189,283,2194,,,
４００４０世田谷区喜多見７－２５－１３,４００４,主要地方道世田谷町田線（都道３号）,放５１,世田谷通り,１０月１９日（火）,曇,自転車類,101,112,82,98,73,98,66,72,56,103,83,105,1049,,,
４００４０世田谷区喜多見７－２５－１３,４００４,主要地方道世田谷町田線（都道３号）,放５１,世田谷通り,１０月１９日（火）,曇,歩行者類,24,26,18,29,30,44,24,26,21,36,42,36,356,,,
