﻿観測地点,Ｈ１７区間番号,路線名,都市計画路線名,通称道路名,調査日,天候,ピーク時間交通量（台／ｈ）,ピーク率（％）,混雑時平均旅行速度（ｋｍ／ｈ）,大型車台数（台／１２ｈ）,混入率（％）,混雑度,昼夜率,車線数,５８年度（台／１２ｈ）,６０年度（台／１２ｈ）,６３年度（台／１２ｈ）,２年度（台／１２ｈ）,６年度（台／１２ｈ）,９年度（台／１２ｈ）,１１年度（台／１２ｈ）,１７年度（台／１２ｈ）,２２年度（台／１２ｈ）
６２２９０江東区亀戸８－２５,６０９７,特例都道南砂町吾嬬町線（都道４７６号）,環４,丸八通り,９月３０日（木）,雨,963,9.5,28,1684,16.6,0.72,-,4,16035,16982,16447,14623,14515,16372,15650,15541,10168
,,,,,,,,,,,,,,,,,,,,,,,
観測地点,Ｈ１７区間番号,路線名,都市計画路線名,通称道路名,調査日,天候,時間・種別,７～８,８～９,９～１０,１０～１１,１１～１２,１２～１３,１３～１４,１４～１５,１５～１６,１６～１７,１７～１８,１８～１９,１２ｈ計,２４ｈ計,,
６２２９０江東区亀戸８－２５,６０９７,特例都道南砂町吾嬬町線（都道４７６号）,環４,丸八通り,９月３０日（木）,雨,自動車類上り大型車,60,55,90,74,95,75,83,100,71,63,57,42,865,-,,
６２２９０江東区亀戸８－２５,６０９７,特例都道南砂町吾嬬町線（都道４７６号）,環４,丸八通り,９月３０日（木）,雨,自動車類上り小型車,335,325,324,362,335,297,374,433,418,389,426,441,4459,-,,
６２２９０江東区亀戸８－２５,６０９７,特例都道南砂町吾嬬町線（都道４７６号）,環４,丸八通り,９月３０日（木）,雨,自動車類上り計,395,380,414,436,430,372,457,533,489,452,483,483,5324,-,,
６２２９０江東区亀戸８－２５,６０９７,特例都道南砂町吾嬬町線（都道４７６号）,環４,丸八通り,９月３０日（木）,雨,自動車類下り大型車,69,66,85,72,95,81,80,65,77,52,45,32,819,-,,
６２２９０江東区亀戸８－２５,６０９７,特例都道南砂町吾嬬町線（都道４７６号）,環４,丸八通り,９月３０日（木）,雨,自動車類下り小型車,349,360,316,339,325,317,297,365,328,312,367,350,4025,-,,
６２２９０江東区亀戸８－２５,６０９７,特例都道南砂町吾嬬町線（都道４７６号）,環４,丸八通り,９月３０日（木）,雨,自動車類下り計,418,426,401,411,420,398,377,430,405,364,412,382,4844,-,,
６２２９０江東区亀戸８－２５,６０９７,特例都道南砂町吾嬬町線（都道４７６号）,環４,丸八通り,９月３０日（木）,雨,自動車類合計大型車,129,121,175,146,190,156,163,165,148,115,102,74,1684,-,,
６２２９０江東区亀戸８－２５,６０９７,特例都道南砂町吾嬬町線（都道４７６号）,環４,丸八通り,９月３０日（木）,雨,自動車類合計小型車,684,685,640,701,660,614,671,798,746,701,793,791,8484,-,,
６２２９０江東区亀戸８－２５,６０９７,特例都道南砂町吾嬬町線（都道４７６号）,環４,丸八通り,９月３０日（木）,雨,自動車類合計計,813,806,815,847,850,770,834,963,894,816,895,865,10168,-,,
６２２９０江東区亀戸８－２５,６０９７,特例都道南砂町吾嬬町線（都道４７６号）,環４,丸八通り,９月３０日（木）,雨,二輪車類,-,-,-,-,-,-,-,-,-,-,-,-,-,,,
６２２９０江東区亀戸８－２５,６０９７,特例都道南砂町吾嬬町線（都道４７６号）,環４,丸八通り,９月３０日（木）,雨,自転車類,206,286,96,68,91,86,43,56,77,134,149,166,1458,,,
６２２９０江東区亀戸８－２５,６０９７,特例都道南砂町吾嬬町線（都道４７６号）,環４,丸八通り,９月３０日（木）,雨,歩行者類,121,82,56,39,40,35,45,33,48,68,82,83,732,,,
