﻿観測地点,Ｈ１７区間番号,路線名,都市計画路線名,通称道路名,調査日,天候,ピーク時間交通量（台／ｈ）,ピーク率（％）,混雑時平均旅行速度（ｋｍ／ｈ）,大型車台数（台／１２ｈ）,混入率（％）,混雑度,昼夜率,車線数,５８年度（台／１２ｈ）,６０年度（台／１２ｈ）,６３年度（台／１２ｈ）,２年度（台／１２ｈ）,６年度（台／１２ｈ）,９年度（台／１２ｈ）,１１年度（台／１２ｈ）,１７年度（台／１２ｈ）,２２年度（台／１２ｈ）
６１４１０台東区上野１－１－１１,４６０３７,特例都道秋葉原雑司ヶ谷線（都道４３７号）,放２８,中央通り,１０月５日（火）,晴,1410,9.7,13.6,1937,13.3,0.55,-,6,-,-,-,-,-,-,-,18814,14527
,,,,,,,,,,,,,,,,,,,,,,,
観測地点,Ｈ１７区間番号,路線名,都市計画路線名,通称道路名,調査日,天候,時間・種別,７～８,８～９,９～１０,１０～１１,１１～１２,１２～１３,１３～１４,１４～１５,１５～１６,１６～１７,１７～１８,１８～１９,１２ｈ計,２４ｈ計,,
６１４１０台東区上野１－１－１１,４６０３７,特例都道秋葉原雑司ヶ谷線（都道４３７号）,放２８,中央通り,１０月５日（火）,晴,自動車類上り大型車,89,101,137,100,96,62,73,73,46,48,38,36,899,-,,
６１４１０台東区上野１－１－１１,４６０３７,特例都道秋葉原雑司ヶ谷線（都道４３７号）,放２８,中央通り,１０月５日（火）,晴,自動車類上り小型車,443,664,670,529,548,511,501,513,519,535,508,457,6398,-,,
６１４１０台東区上野１－１－１１,４６０３７,特例都道秋葉原雑司ヶ谷線（都道４３７号）,放２８,中央通り,１０月５日（火）,晴,自動車類上り計,532,765,807,629,644,573,574,586,565,583,546,493,7297,-,,
６１４１０台東区上野１－１－１１,４６０３７,特例都道秋葉原雑司ヶ谷線（都道４３７号）,放２８,中央通り,１０月５日（火）,晴,自動車類下り大型車,64,88,138,128,105,87,60,92,95,96,55,30,1038,-,,
６１４１０台東区上野１－１－１１,４６０３７,特例都道秋葉原雑司ヶ谷線（都道４３７号）,放２８,中央通り,１０月５日（火）,晴,自動車類下り小型車,222,323,465,511,573,560,570,711,652,707,620,278,6192,-,,
６１４１０台東区上野１－１－１１,４６０３７,特例都道秋葉原雑司ヶ谷線（都道４３７号）,放２８,中央通り,１０月５日（火）,晴,自動車類下り計,286,411,603,639,678,647,630,803,747,803,675,308,7230,-,,
６１４１０台東区上野１－１－１１,４６０３７,特例都道秋葉原雑司ヶ谷線（都道４３７号）,放２８,中央通り,１０月５日（火）,晴,自動車類合計大型車,153,189,275,228,201,149,133,165,141,144,93,66,1937,-,,
６１４１０台東区上野１－１－１１,４６０３７,特例都道秋葉原雑司ヶ谷線（都道４３７号）,放２８,中央通り,１０月５日（火）,晴,自動車類合計小型車,665,987,1135,1040,1121,1071,1071,1224,1171,1242,1128,735,12590,-,,
６１４１０台東区上野１－１－１１,４６０３７,特例都道秋葉原雑司ヶ谷線（都道４３７号）,放２８,中央通り,１０月５日（火）,晴,自動車類合計計,818,1176,1410,1268,1322,1220,1204,1389,1312,1386,1221,801,14527,-,,
６１４１０台東区上野１－１－１１,４６０３７,特例都道秋葉原雑司ヶ谷線（都道４３７号）,放２８,中央通り,１０月５日（火）,晴,二輪車類,-,-,-,-,-,-,-,-,-,-,-,-,-,,,
６１４１０台東区上野１－１－１１,４６０３７,特例都道秋葉原雑司ヶ谷線（都道４３７号）,放２８,中央通り,１０月５日（火）,晴,自転車類,93,161,140,140,163,89,201,160,200,175,197,203,1922,,,
６１４１０台東区上野１－１－１１,４６０３７,特例都道秋葉原雑司ヶ谷線（都道４３７号）,放２８,中央通り,１０月５日（火）,晴,歩行者類,361,1139,642,522,803,1117,1036,651,841,777,1092,1477,10458,,,
