﻿観測地点,Ｈ１７区間番号,路線名,都市計画路線名,通称道路名,調査日,天候,ピーク時間交通量（台／ｈ）,ピーク率（％）,混雑時平均旅行速度（ｋｍ／ｈ）,大型車台数（台／１２ｈ）,混入率（％）,混雑度,昼夜率,車線数,５８年度（台／１２ｈ）,６０年度（台／１２ｈ）,６３年度（台／１２ｈ）,２年度（台／１２ｈ）,６年度（台／１２ｈ）,９年度（台／１２ｈ）,１１年度（台／１２ｈ）,１７年度（台／１２ｈ）,２２年度（台／１２ｈ）
４１１５０荒川区東日暮里１－５－７,４０５５,主要地方道王子千住南砂町線（都道３０６号）,環４,明治通り,９月３０日（木）,雨,2074,9.0,21.6,3982,17.3,0.95,-,4,27624,26866,24824,25809,25103,24274,25484,24342,23018
,,,,,,,,,,,,,,,,,,,,,,,
観測地点,Ｈ１７区間番号,路線名,都市計画路線名,通称道路名,調査日,天候,時間・種別,７～８,８～９,９～１０,１０～１１,１１～１２,１２～１３,１３～１４,１４～１５,１５～１６,１６～１７,１７～１８,１８～１９,１２ｈ計,２４ｈ計,,
４１１５０荒川区東日暮里１－５－７,４０５５,主要地方道王子千住南砂町線（都道３０６号）,環４,明治通り,９月３０日（木）,雨,自動車類上り大型車,196,185,240,206,192,180,151,191,210,150,146,77,2124,-,,
４１１５０荒川区東日暮里１－５－７,４０５５,主要地方道王子千住南砂町線（都道３０６号）,環４,明治通り,９月３０日（木）,雨,自動車類上り小型車,576,597,690,831,777,717,868,928,866,925,984,906,9665,-,,
４１１５０荒川区東日暮里１－５－７,４０５５,主要地方道王子千住南砂町線（都道３０６号）,環４,明治通り,９月３０日（木）,雨,自動車類上り計,772,782,930,1037,969,897,1019,1119,1076,1075,1130,983,11789,-,,
４１１５０荒川区東日暮里１－５－７,４０５５,主要地方道王子千住南砂町線（都道３０６号）,環４,明治通り,９月３０日（木）,雨,自動車類下り大型車,173,168,188,185,180,199,159,128,156,141,96,85,1858,-,,
４１１５０荒川区東日暮里１－５－７,４０５５,主要地方道王子千住南砂町線（都道３０６号）,環４,明治通り,９月３０日（木）,雨,自動車類下り小型車,809,816,734,720,759,760,857,827,778,789,807,715,9371,-,,
４１１５０荒川区東日暮里１－５－７,４０５５,主要地方道王子千住南砂町線（都道３０６号）,環４,明治通り,９月３０日（木）,雨,自動車類下り計,982,984,922,905,939,959,1016,955,934,930,903,800,11229,-,,
４１１５０荒川区東日暮里１－５－７,４０５５,主要地方道王子千住南砂町線（都道３０６号）,環４,明治通り,９月３０日（木）,雨,自動車類合計大型車,369,353,428,391,372,379,310,319,366,291,242,162,3982,-,,
４１１５０荒川区東日暮里１－５－７,４０５５,主要地方道王子千住南砂町線（都道３０６号）,環４,明治通り,９月３０日（木）,雨,自動車類合計小型車,1385,1413,1424,1551,1536,1477,1725,1755,1644,1714,1791,1621,19036,-,,
４１１５０荒川区東日暮里１－５－７,４０５５,主要地方道王子千住南砂町線（都道３０６号）,環４,明治通り,９月３０日（木）,雨,自動車類合計計,1754,1766,1852,1942,1908,1856,2035,2074,2010,2005,2033,1783,23018,-,,
４１１５０荒川区東日暮里１－５－７,４０５５,主要地方道王子千住南砂町線（都道３０６号）,環４,明治通り,９月３０日（木）,雨,二輪車類,-,-,-,-,-,-,-,-,-,-,-,-,-,,,
４１１５０荒川区東日暮里１－５－７,４０５５,主要地方道王子千住南砂町線（都道３０６号）,環４,明治通り,９月３０日（木）,雨,自転車類,242,260,206,217,247,241,207,209,262,280,336,273,2980,,,
４１１５０荒川区東日暮里１－５－７,４０５５,主要地方道王子千住南砂町線（都道３０６号）,環４,明治通り,９月３０日（木）,雨,歩行者類,408,591,295,275,339,358,301,283,282,393,455,446,4426,,,
