﻿観測地点,Ｈ１７区間番号,路線名,都市計画路線名,通称道路名,調査日,天候,ピーク時間交通量（台／ｈ）,ピーク率（％）,混雑時平均旅行速度（ｋｍ／ｈ）,大型車台数（台／１２ｈ）,混入率（％）,混雑度,昼夜率,車線数,５８年度（台／１２ｈ）,６０年度（台／１２ｈ）,６３年度（台／１２ｈ）,２年度（台／１２ｈ）,６年度（台／１２ｈ）,９年度（台／１２ｈ）,１１年度（台／１２ｈ）,１７年度（台／１２ｈ）,２２年度（台／１２ｈ）
６０８０東京都港区台場１丁目,５１７,首都高速十一号線,高速１２号線,（首都高速１１号台場線）,１１月１６日（火）,晴,3810,9.0,8.6,6880,16.3,0.68,1.59,4,24735,32190,31658,-,32421,32635,40057,42331,42146
,,,,,,,,,,,,,,,,,,,,,,,
観測地点,Ｈ１７区間番号,路線名,都市計画路線名,通称道路名,調査日,天候,時間・種別,７～８,８～９,９～１０,１０～１１,１１～１２,１２～１３,１３～１４,１４～１５,１５～１６,１６～１７,１７～１８,１８～１９,１２ｈ計,２４ｈ計,,
６０８０東京都港区台場１丁目,５１７,首都高速十一号線,高速１２号線,（首都高速１１号台場線）,１１月１６日（火）,晴,自動車類上り大型車,214,187,284,242,255,264,207,261,263,176,116,145,2614,4794,,
６０８０東京都港区台場１丁目,５１７,首都高速十一号線,高速１２号線,（首都高速１１号台場線）,１１月１６日（火）,晴,自動車類上り小型車,1421,1205,1112,975,917,1013,955,1178,1274,1196,1078,1189,13513,20696,,
６０８０東京都港区台場１丁目,５１７,首都高速十一号線,高速１２号線,（首都高速１１号台場線）,１１月１６日（火）,晴,自動車類上り計,1635,1392,1396,1217,1172,1277,1162,1439,1537,1372,1194,1334,16127,25490,,
６０８０東京都港区台場１丁目,５１７,首都高速十一号線,高速１２号線,（首都高速１１号台場線）,１１月１６日（火）,晴,自動車類下り大型車,246,304,444,516,317,433,389,378,349,325,277,288,4266,8658,,
６０８０東京都港区台場１丁目,５１７,首都高速十一号線,高速１２号線,（首都高速１１号台場線）,１１月１６日（火）,晴,自動車類下り小型車,1929,1928,1934,1744,1325,1709,1832,1834,1776,1797,1921,2024,21753,32663,,
６０８０東京都港区台場１丁目,５１７,首都高速十一号線,高速１２号線,（首都高速１１号台場線）,１１月１６日（火）,晴,自動車類下り計,2175,2232,2378,2260,1642,2142,2221,2212,2125,2122,2198,2312,26019,41321,,
６０８０東京都港区台場１丁目,５１７,首都高速十一号線,高速１２号線,（首都高速１１号台場線）,１１月１６日（火）,晴,自動車類合計大型車,460,491,728,758,572,697,596,639,612,501,393,433,6880,13452,,
６０８０東京都港区台場１丁目,５１７,首都高速十一号線,高速１２号線,（首都高速１１号台場線）,１１月１６日（火）,晴,自動車類合計小型車,3350,3133,3046,2719,2242,2722,2787,3012,3050,2993,2999,3213,35266,53359,,
６０８０東京都港区台場１丁目,５１７,首都高速十一号線,高速１２号線,（首都高速１１号台場線）,１１月１６日（火）,晴,自動車類合計計,3810,3624,3774,3477,2814,3419,3383,3651,3662,3494,3392,3646,42146,66811,,
６０８０東京都港区台場１丁目,５１７,首都高速十一号線,高速１２号線,（首都高速１１号台場線）,１１月１６日（火）,晴,二輪車類,-,-,-,-,-,-,-,-,-,-,-,-,-,,,
６０８０東京都港区台場１丁目,５１７,首都高速十一号線,高速１２号線,（首都高速１１号台場線）,１１月１６日（火）,晴,自転車類,-,-,-,-,-,-,-,-,-,-,-,-,-,,,
６０８０東京都港区台場１丁目,５１７,首都高速十一号線,高速１２号線,（首都高速１１号台場線）,１１月１６日（火）,晴,歩行者類,-,-,-,-,-,-,-,-,-,-,-,-,-,,,
