﻿観測地点,Ｈ１７区間番号,路線名,都市計画路線名,通称道路名,調査日,天候,ピーク時間交通量（台／ｈ）,ピーク率（％）,混雑時平均旅行速度（ｋｍ／ｈ）,大型車台数（台／１２ｈ）,混入率（％）,混雑度,昼夜率,車線数,５８年度（台／１２ｈ）,６０年度（台／１２ｈ）,６３年度（台／１２ｈ）,２年度（台／１２ｈ）,６年度（台／１２ｈ）,９年度（台／１２ｈ）,１１年度（台／１２ｈ）,１７年度（台／１２ｈ）,２２年度（台／１２ｈ）
６１８４０葛飾区柴又５,６０７０,特例都道江戸川堤防線（都道４５１号）,－,岩つき通り,９月３０日（木）,雨,1097,10.3,18.3,899,8.4,1.19,-,2,9276,8486,8114,8929,9087,8893,8432,8736,10643
,,,,,,,,,,,,,,,,,,,,,,,
観測地点,Ｈ１７区間番号,路線名,都市計画路線名,通称道路名,調査日,天候,時間・種別,７～８,８～９,９～１０,１０～１１,１１～１２,１２～１３,１３～１４,１４～１５,１５～１６,１６～１７,１７～１８,１８～１９,１２ｈ計,２４ｈ計,,
６１８４０葛飾区柴又５,６０７０,特例都道江戸川堤防線（都道４５１号）,－,岩つき通り,９月３０日（木）,雨,自動車類上り大型車,45,30,40,33,50,35,42,50,36,26,44,39,470,-,,
６１８４０葛飾区柴又５,６０７０,特例都道江戸川堤防線（都道４５１号）,－,岩つき通り,９月３０日（木）,雨,自動車類上り小型車,417,377,384,362,395,403,424,419,440,405,524,537,5087,-,,
６１８４０葛飾区柴又５,６０７０,特例都道江戸川堤防線（都道４５１号）,－,岩つき通り,９月３０日（木）,雨,自動車類上り計,462,407,424,395,445,438,466,469,476,431,568,576,5557,-,,
６１８４０葛飾区柴又５,６０７０,特例都道江戸川堤防線（都道４５１号）,－,岩つき通り,９月３０日（木）,雨,自動車類下り大型車,57,31,36,39,55,48,45,40,33,25,14,6,429,-,,
６１８４０葛飾区柴又５,６０７０,特例都道江戸川堤防線（都道４５１号）,－,岩つき通り,９月３０日（木）,雨,自動車類下り小型車,424,380,375,365,406,362,415,368,367,294,386,515,4657,-,,
６１８４０葛飾区柴又５,６０７０,特例都道江戸川堤防線（都道４５１号）,－,岩つき通り,９月３０日（木）,雨,自動車類下り計,481,411,411,404,461,410,460,408,400,319,400,521,5086,-,,
６１８４０葛飾区柴又５,６０７０,特例都道江戸川堤防線（都道４５１号）,－,岩つき通り,９月３０日（木）,雨,自動車類合計大型車,102,61,76,72,105,83,87,90,69,51,58,45,899,-,,
６１８４０葛飾区柴又５,６０７０,特例都道江戸川堤防線（都道４５１号）,－,岩つき通り,９月３０日（木）,雨,自動車類合計小型車,841,757,759,727,801,765,839,787,807,699,910,1052,9744,-,,
６１８４０葛飾区柴又５,６０７０,特例都道江戸川堤防線（都道４５１号）,－,岩つき通り,９月３０日（木）,雨,自動車類合計計,943,818,835,799,906,848,926,877,876,750,968,1097,10643,-,,
６１８４０葛飾区柴又５,６０７０,特例都道江戸川堤防線（都道４５１号）,－,岩つき通り,９月３０日（木）,雨,二輪車類,-,-,-,-,-,-,-,-,-,-,-,-,-,,,
６１８４０葛飾区柴又５,６０７０,特例都道江戸川堤防線（都道４５１号）,－,岩つき通り,９月３０日（木）,雨,自転車類,0,0,0,0,0,0,0,0,0,0,0,0,0,,,
６１８４０葛飾区柴又５,６０７０,特例都道江戸川堤防線（都道４５１号）,－,岩つき通り,９月３０日（木）,雨,歩行者類,0,0,0,0,0,0,0,0,0,0,0,0,0,,,
