﻿観測地点,Ｈ１７区間番号,路線名,都市計画路線名,通称道路名,調査日,天候,ピーク時間交通量（台／ｈ）,ピーク率（％）,混雑時平均旅行速度（ｋｍ／ｈ）,大型車台数（台／１２ｈ）,混入率（％）,混雑度,昼夜率,車線数,５８年度（台／１２ｈ）,６０年度（台／１２ｈ）,６３年度（台／１２ｈ）,２年度（台／１２ｈ）,６年度（台／１２ｈ）,９年度（台／１２ｈ）,１１年度（台／１２ｈ）,１７年度（台／１２ｈ）,２２年度（台／１２ｈ）
５５６０東京都渋谷区本町１丁目,５０９,首都高速四号線,高速４号線,（首都高速４号新宿線）,１１月１６日（火）,晴,6919,9.7,32.1,7565,10.6,1.12,1.53,4,46531,53529,56407,55613,59712,60766,61178,58012,71138
,,,,,,,,,,,,,,,,,,,,,,,
観測地点,Ｈ１７区間番号,路線名,都市計画路線名,通称道路名,調査日,天候,時間・種別,７～８,８～９,９～１０,１０～１１,１１～１２,１２～１３,１３～１４,１４～１５,１５～１６,１６～１７,１７～１８,１８～１９,１２ｈ計,２４ｈ計,,
５５６０東京都渋谷区本町１丁目,５０９,首都高速四号線,高速４号線,（首都高速４号新宿線）,１１月１６日（火）,晴,自動車類上り大型車,247,240,410,474,341,346,307,341,291,286,218,209,3710,6486,,
５５６０東京都渋谷区本町１丁目,５０９,首都高速四号線,高速４号線,（首都高速４号新宿線）,１１月１６日（火）,晴,自動車類上り小型車,3464,3335,2940,2676,2383,2282,2319,2484,2700,2864,2928,2514,32889,46730,,
５５６０東京都渋谷区本町１丁目,５０９,首都高速四号線,高速４号線,（首都高速４号新宿線）,１１月１６日（火）,晴,自動車類上り計,3711,3575,3350,3150,2724,2628,2626,2825,2991,3150,3146,2723,36599,53216,,
５５６０東京都渋谷区本町１丁目,５０９,首都高速四号線,高速４号線,（首都高速４号新宿線）,１１月１６日（火）,晴,自動車類下り大型車,323,306,349,416,400,385,335,342,293,306,226,174,3855,6977,,
５５６０東京都渋谷区本町１丁目,５０９,首都高速四号線,高速４号線,（首都高速４号新宿線）,１１月１６日（火）,晴,自動車類下り小型車,2885,2734,2508,2503,2382,2246,2342,2381,2503,2728,2836,2636,30684,48713,,
５５６０東京都渋谷区本町１丁目,５０９,首都高速四号線,高速４号線,（首都高速４号新宿線）,１１月１６日（火）,晴,自動車類下り計,3208,3040,2857,2919,2782,2631,2677,2723,2796,3034,3062,2810,34539,55690,,
５５６０東京都渋谷区本町１丁目,５０９,首都高速四号線,高速４号線,（首都高速４号新宿線）,１１月１６日（火）,晴,自動車類合計大型車,570,546,759,890,741,731,642,683,584,592,444,383,7565,13463,,
５５６０東京都渋谷区本町１丁目,５０９,首都高速四号線,高速４号線,（首都高速４号新宿線）,１１月１６日（火）,晴,自動車類合計小型車,6349,6069,5448,5179,4765,4528,4661,4865,5203,5592,5764,5150,63573,95443,,
５５６０東京都渋谷区本町１丁目,５０９,首都高速四号線,高速４号線,（首都高速４号新宿線）,１１月１６日（火）,晴,自動車類合計計,6919,6615,6207,6069,5506,5259,5303,5548,5787,6184,6208,5533,71138,108906,,
５５６０東京都渋谷区本町１丁目,５０９,首都高速四号線,高速４号線,（首都高速４号新宿線）,１１月１６日（火）,晴,二輪車類,-,-,-,-,-,-,-,-,-,-,-,-,-,,,
５５６０東京都渋谷区本町１丁目,５０９,首都高速四号線,高速４号線,（首都高速４号新宿線）,１１月１６日（火）,晴,自転車類,-,-,-,-,-,-,-,-,-,-,-,-,-,,,
５５６０東京都渋谷区本町１丁目,５０９,首都高速四号線,高速４号線,（首都高速４号新宿線）,１１月１６日（火）,晴,歩行者類,-,-,-,-,-,-,-,-,-,-,-,-,-,,,
