﻿観測地点,Ｈ１７区間番号,路線名,都市計画路線名,通称道路名,調査日,天候,ピーク時間交通量（台／ｈ）,ピーク率（％）,混雑時平均旅行速度（ｋｍ／ｈ）,大型車台数（台／１２ｈ）,混入率（％）,混雑度,昼夜率,車線数,５８年度（台／１２ｈ）,６０年度（台／１２ｈ）,６３年度（台／１２ｈ）,２年度（台／１２ｈ）,６年度（台／１２ｈ）,９年度（台／１２ｈ）,１１年度（台／１２ｈ）,１７年度（台／１２ｈ）,２２年度（台／１２ｈ）
６１１６０世田谷区奥沢５－２５－１,６０３８,特例都道上馬奥沢線（都道４２６号）,－,自由通り,１０月１９日（火）,曇,427,10.3,10.4,337,8.2,0.78,-,2,9009,8352,8508,9003,8644,8643,7759,7429,4130
,,,,,,,,,,,,,,,,,,,,,,,
観測地点,Ｈ１７区間番号,路線名,都市計画路線名,通称道路名,調査日,天候,時間・種別,７～８,８～９,９～１０,１０～１１,１１～１２,１２～１３,１３～１４,１４～１５,１５～１６,１６～１７,１７～１８,１８～１９,１２ｈ計,２４ｈ計,,
６１１６０世田谷区奥沢５－２５－１,６０３８,特例都道上馬奥沢線（都道４２６号）,－,自由通り,１０月１９日（火）,曇,自動車類上り大型車,11,19,17,13,14,11,15,7,10,8,4,3,132,-,,
６１１６０世田谷区奥沢５－２５－１,６０３８,特例都道上馬奥沢線（都道４２６号）,－,自由通り,１０月１９日（火）,曇,自動車類上り小型車,68,85,135,115,175,136,143,180,177,144,169,160,1687,-,,
６１１６０世田谷区奥沢５－２５－１,６０３８,特例都道上馬奥沢線（都道４２６号）,－,自由通り,１０月１９日（火）,曇,自動車類上り計,79,104,152,128,189,147,158,187,187,152,173,163,1819,-,,
６１１６０世田谷区奥沢５－２５－１,６０３８,特例都道上馬奥沢線（都道４２６号）,－,自由通り,１０月１９日（火）,曇,自動車類下り大型車,9,18,23,38,21,15,20,23,11,11,11,5,205,-,,
６１１６０世田谷区奥沢５－２５－１,６０３８,特例都道上馬奥沢線（都道４２６号）,－,自由通り,１０月１９日（火）,曇,自動車類下り小型車,89,109,147,153,204,180,189,217,228,210,198,182,2106,-,,
６１１６０世田谷区奥沢５－２５－１,６０３８,特例都道上馬奥沢線（都道４２６号）,－,自由通り,１０月１９日（火）,曇,自動車類下り計,98,127,170,191,225,195,209,240,239,221,209,187,2311,-,,
６１１６０世田谷区奥沢５－２５－１,６０３８,特例都道上馬奥沢線（都道４２６号）,－,自由通り,１０月１９日（火）,曇,自動車類合計大型車,20,37,40,51,35,26,35,30,21,19,15,8,337,-,,
６１１６０世田谷区奥沢５－２５－１,６０３８,特例都道上馬奥沢線（都道４２６号）,－,自由通り,１０月１９日（火）,曇,自動車類合計小型車,157,194,282,268,379,316,332,397,405,354,367,342,3793,-,,
６１１６０世田谷区奥沢５－２５－１,６０３８,特例都道上馬奥沢線（都道４２６号）,－,自由通り,１０月１９日（火）,曇,自動車類合計計,177,231,322,319,414,342,367,427,426,373,382,350,4130,-,,
６１１６０世田谷区奥沢５－２５－１,６０３８,特例都道上馬奥沢線（都道４２６号）,－,自由通り,１０月１９日（火）,曇,二輪車類,-,-,-,-,-,-,-,-,-,-,-,-,-,,,
６１１６０世田谷区奥沢５－２５－１,６０３８,特例都道上馬奥沢線（都道４２６号）,－,自由通り,１０月１９日（火）,曇,自転車類,-,-,-,-,-,-,-,-,-,-,-,-,-,,,
６１１６０世田谷区奥沢５－２５－１,６０３８,特例都道上馬奥沢線（都道４２６号）,－,自由通り,１０月１９日（火）,曇,歩行者類,-,-,-,-,-,-,-,-,-,-,-,-,-,,,
