﻿観測地点,Ｈ１７区間番号,路線名,都市計画路線名,通称道路名,調査日,天候,ピーク時間交通量（台／ｈ）,ピーク率（％）,混雑時平均旅行速度（ｋｍ／ｈ）,大型車台数（台／１２ｈ）,混入率（％）,混雑度,昼夜率,車線数,５８年度（台／１２ｈ）,６０年度（台／１２ｈ）,６３年度（台／１２ｈ）,２年度（台／１２ｈ）,６年度（台／１２ｈ）,９年度（台／１２ｈ）,１１年度（台／１２ｈ）,１７年度（台／１２ｈ）,２２年度（台／１２ｈ）
６０５５０杉並区和泉２－７－１,６０２１,特例都道赤坂杉並線（都道４１３号）,放２３,井ノ頭通り,１０月１９日（火）,曇,1190,9.9,17.6,1878,15.6,0.68,-,2,8461,8074,7826,7990,7917,8932,10602,15581,12062
,,,,,,,,,,,,,,,,,,,,,,,
観測地点,Ｈ１７区間番号,路線名,都市計画路線名,通称道路名,調査日,天候,時間・種別,７～８,８～９,９～１０,１０～１１,１１～１２,１２～１３,１３～１４,１４～１５,１５～１６,１６～１７,１７～１８,１８～１９,１２ｈ計,２４ｈ計,,
６０５５０杉並区和泉２－７－１,６０２１,特例都道赤坂杉並線（都道４１３号）,放２３,井ノ頭通り,１０月１９日（火）,曇,自動車類上り大型車,117,135,85,95,87,41,67,74,61,46,43,33,884,-,,
６０５５０杉並区和泉２－７－１,６０２１,特例都道赤坂杉並線（都道４１３号）,放２３,井ノ頭通り,１０月１９日（火）,曇,自動車類上り小型車,793,638,590,480,413,381,426,404,410,374,433,377,5719,-,,
６０５５０杉並区和泉２－７－１,６０２１,特例都道赤坂杉並線（都道４１３号）,放２３,井ノ頭通り,１０月１９日（火）,曇,自動車類上り計,910,773,675,575,500,422,493,478,471,420,476,410,6603,-,,
６０５５０杉並区和泉２－７－１,６０２１,特例都道赤坂杉並線（都道４１３号）,放２３,井ノ頭通り,１０月１９日（火）,曇,自動車類下り大型車,65,69,84,94,117,128,93,97,85,83,42,37,994,-,,
６０５５０杉並区和泉２－７－１,６０２１,特例都道赤坂杉並線（都道４１３号）,放２３,井ノ頭通り,１０月１９日（火）,曇,自動車類下り小型車,215,225,264,309,388,357,353,387,409,474,538,546,4465,-,,
６０５５０杉並区和泉２－７－１,６０２１,特例都道赤坂杉並線（都道４１３号）,放２３,井ノ頭通り,１０月１９日（火）,曇,自動車類下り計,280,294,348,403,505,485,446,484,494,557,580,583,5459,-,,
６０５５０杉並区和泉２－７－１,６０２１,特例都道赤坂杉並線（都道４１３号）,放２３,井ノ頭通り,１０月１９日（火）,曇,自動車類合計大型車,182,204,169,189,204,169,160,171,146,129,85,70,1878,-,,
６０５５０杉並区和泉２－７－１,６０２１,特例都道赤坂杉並線（都道４１３号）,放２３,井ノ頭通り,１０月１９日（火）,曇,自動車類合計小型車,1008,863,854,789,801,738,779,791,819,848,971,923,10184,-,,
６０５５０杉並区和泉２－７－１,６０２１,特例都道赤坂杉並線（都道４１３号）,放２３,井ノ頭通り,１０月１９日（火）,曇,自動車類合計計,1190,1067,1023,978,1005,907,939,962,965,977,1056,993,12062,-,,
６０５５０杉並区和泉２－７－１,６０２１,特例都道赤坂杉並線（都道４１３号）,放２３,井ノ頭通り,１０月１９日（火）,曇,二輪車類,-,-,-,-,-,-,-,-,-,-,-,-,-,,,
６０５５０杉並区和泉２－７－１,６０２１,特例都道赤坂杉並線（都道４１３号）,放２３,井ノ頭通り,１０月１９日（火）,曇,自転車類,-,-,-,-,-,-,-,-,-,-,-,-,-,,,
６０５５０杉並区和泉２－７－１,６０２１,特例都道赤坂杉並線（都道４１３号）,放２３,井ノ頭通り,１０月１９日（火）,曇,歩行者類,-,-,-,-,-,-,-,-,-,-,-,-,-,,,
