﻿観測地点,Ｈ１７区間番号,路線名,都市計画路線名,通称道路名,調査日,天候,ピーク時間交通量（台／ｈ）,ピーク率（％）,混雑時平均旅行速度（ｋｍ／ｈ）,大型車台数（台／１２ｈ）,混入率（％）,混雑度,昼夜率,車線数,５８年度（台／１２ｈ）,６０年度（台／１２ｈ）,６３年度（台／１２ｈ）,２年度（台／１２ｈ）,６年度（台／１２ｈ）,９年度（台／１２ｈ）,１１年度（台／１２ｈ）,１７年度（台／１２ｈ）,２２年度（台／１２ｈ）
５５００東京都世田谷区用賀２丁目,５０８,首都高速三号線,高速３号線,（首都高速３号渋谷線）,１１月１６日（火）,晴,5551,9.1,18.5,10157,16.7,0.91,1.74,4,52899,54676,60352,56323,55456,60445,54620,52184,60776
,,,,,,,,,,,,,,,,,,,,,,,
観測地点,Ｈ１７区間番号,路線名,都市計画路線名,通称道路名,調査日,天候,時間・種別,７～８,８～９,９～１０,１０～１１,１１～１２,１２～１３,１３～１４,１４～１５,１５～１６,１６～１７,１７～１８,１８～１９,１２ｈ計,２４ｈ計,,
５５００東京都世田谷区用賀２丁目,５０８,首都高速三号線,高速３号線,（首都高速３号渋谷線）,１１月１６日（火）,晴,自動車類上り大型車,240,315,491,577,447,357,344,372,380,357,284,260,4424,12769,,
５５００東京都世田谷区用賀２丁目,５０８,首都高速三号線,高速３号線,（首都高速３号渋谷線）,１１月１６日（火）,晴,自動車類上り小型車,1399,2358,2174,2075,1784,1761,1813,1919,2227,2503,2515,2115,24643,37343,,
５５００東京都世田谷区用賀２丁目,５０８,首都高速三号線,高速３号線,（首都高速３号渋谷線）,１１月１６日（火）,晴,自動車類上り計,1639,2673,2665,2652,2231,2118,2157,2291,2607,2860,2799,2375,29067,50112,,
５５００東京都世田谷区用賀２丁目,５０８,首都高速三号線,高速３号線,（首都高速３号渋谷線）,１１月１６日（火）,晴,自動車類下り大型車,378,420,497,534,582,535,525,495,546,472,380,369,5733,12343,,
５５００東京都世田谷区用賀２丁目,５０８,首都高速三号線,高速３号線,（首都高速３号渋谷線）,１１月１６日（火）,晴,自動車類下り小型車,1969,2403,2218,2192,2075,1998,2100,1936,2069,2200,2372,2444,25976,43236,,
５５００東京都世田谷区用賀２丁目,５０８,首都高速三号線,高速３号線,（首都高速３号渋谷線）,１１月１６日（火）,晴,自動車類下り計,2347,2823,2715,2726,2657,2533,2625,2431,2615,2672,2752,2813,31709,55579,,
５５００東京都世田谷区用賀２丁目,５０８,首都高速三号線,高速３号線,（首都高速３号渋谷線）,１１月１６日（火）,晴,自動車類合計大型車,618,735,988,1111,1029,892,869,867,926,829,664,629,10157,25112,,
５５００東京都世田谷区用賀２丁目,５０８,首都高速三号線,高速３号線,（首都高速３号渋谷線）,１１月１６日（火）,晴,自動車類合計小型車,3368,4761,4392,4267,3859,3759,3913,3855,4296,4703,4887,4559,50619,80579,,
５５００東京都世田谷区用賀２丁目,５０８,首都高速三号線,高速３号線,（首都高速３号渋谷線）,１１月１６日（火）,晴,自動車類合計計,3986,5496,5380,5378,4888,4651,4782,4722,5222,5532,5551,5188,60776,105691,,
５５００東京都世田谷区用賀２丁目,５０８,首都高速三号線,高速３号線,（首都高速３号渋谷線）,１１月１６日（火）,晴,二輪車類,-,-,-,-,-,-,-,-,-,-,-,-,-,,,
５５００東京都世田谷区用賀２丁目,５０８,首都高速三号線,高速３号線,（首都高速３号渋谷線）,１１月１６日（火）,晴,自転車類,-,-,-,-,-,-,-,-,-,-,-,-,-,,,
５５００東京都世田谷区用賀２丁目,５０８,首都高速三号線,高速３号線,（首都高速３号渋谷線）,１１月１６日（火）,晴,歩行者類,-,-,-,-,-,-,-,-,-,-,-,-,-,,,
