﻿観測地点,Ｈ１７区間番号,路線名,都市計画路線名,通称道路名,調査日,天候,ピーク時間交通量（台／ｈ）,ピーク率（％）,混雑時平均旅行速度（ｋｍ／ｈ）,大型車台数（台／１２ｈ）,混入率（％）,混雑度,昼夜率,車線数,５８年度（台／１２ｈ）,６０年度（台／１２ｈ）,６３年度（台／１２ｈ）,２年度（台／１２ｈ）,６年度（台／１２ｈ）,９年度（台／１２ｈ）,１１年度（台／１２ｈ）,１７年度（台／１２ｈ）,２２年度（台／１２ｈ）
５９７０東京都足立区綾瀬４丁目,３０５０１,首都高速六号線,高速６号線,（首都高速６号三郷線）,１１月１６日（火）,晴,6090,9.2,40.6,17367,26.4,1.17,1.61,4,-,33545,56389,53346,60752,61144,60762,58306,65894
,,,,,,,,,,,,,,,,,,,,,,,
観測地点,Ｈ１７区間番号,路線名,都市計画路線名,通称道路名,調査日,天候,時間・種別,７～８,８～９,９～１０,１０～１１,１１～１２,１２～１３,１３～１４,１４～１５,１５～１６,１６～１７,１７～１８,１８～１９,１２ｈ計,２４ｈ計,,
５９７０東京都足立区綾瀬４丁目,３０５０１,首都高速六号線,高速６号線,（首都高速６号三郷線）,１１月１６日（火）,晴,自動車類上り大型車,460,517,691,665,673,875,639,695,616,525,448,475,7279,14766,,
５９７０東京都足立区綾瀬４丁目,３０５０１,首都高速六号線,高速６号線,（首都高速６号三郷線）,１１月１６日（火）,晴,自動車類上り小型車,2372,2016,1308,1069,1215,1706,1701,1978,2369,2377,2299,2264,22674,34085,,
５９７０東京都足立区綾瀬４丁目,３０５０１,首都高速六号線,高速６号線,（首都高速６号三郷線）,１１月１６日（火）,晴,自動車類上り計,2832,2533,1999,1734,1888,2581,2340,2673,2985,2902,2747,2739,29953,48851,,
５９７０東京都足立区綾瀬４丁目,３０５０１,首都高速六号線,高速６号線,（首都高速６号三郷線）,１１月１６日（火）,晴,自動車類下り大型車,655,642,892,991,1020,1125,873,969,883,751,663,624,10088,17817,,
５９７０東京都足立区綾瀬４丁目,３０５０１,首都高速六号線,高速６号線,（首都高速６号三郷線）,１１月１６日（火）,晴,自動車類下り小型車,2320,2269,2060,1793,1890,2020,2156,1993,2222,2319,2307,2504,25853,39567,,
５９７０東京都足立区綾瀬４丁目,３０５０１,首都高速六号線,高速６号線,（首都高速６号三郷線）,１１月１６日（火）,晴,自動車類下り計,2975,2911,2952,2784,2910,3145,3029,2962,3105,3070,2970,3128,35941,57384,,
５９７０東京都足立区綾瀬４丁目,３０５０１,首都高速六号線,高速６号線,（首都高速６号三郷線）,１１月１６日（火）,晴,自動車類合計大型車,1115,1159,1583,1656,1693,2000,1512,1664,1499,1276,1111,1099,17367,32583,,
５９７０東京都足立区綾瀬４丁目,３０５０１,首都高速六号線,高速６号線,（首都高速６号三郷線）,１１月１６日（火）,晴,自動車類合計小型車,4692,4285,3368,2862,3105,3726,3857,3971,4591,4696,4606,4768,48527,73652,,
５９７０東京都足立区綾瀬４丁目,３０５０１,首都高速六号線,高速６号線,（首都高速６号三郷線）,１１月１６日（火）,晴,自動車類合計計,5807,5444,4951,4518,4798,5726,5369,5635,6090,5972,5717,5867,65894,106235,,
５９７０東京都足立区綾瀬４丁目,３０５０１,首都高速六号線,高速６号線,（首都高速６号三郷線）,１１月１６日（火）,晴,二輪車類,-,-,-,-,-,-,-,-,-,-,-,-,-,,,
５９７０東京都足立区綾瀬４丁目,３０５０１,首都高速六号線,高速６号線,（首都高速６号三郷線）,１１月１６日（火）,晴,自転車類,-,-,-,-,-,-,-,-,-,-,-,-,-,,,
５９７０東京都足立区綾瀬４丁目,３０５０１,首都高速六号線,高速６号線,（首都高速６号三郷線）,１１月１６日（火）,晴,歩行者類,-,-,-,-,-,-,-,-,-,-,-,-,-,,,
