﻿観測地点,Ｈ１７区間番号,路線名,都市計画路線名,通称道路名,調査日,天候,ピーク時間交通量（台／ｈ）,ピーク率（％）,混雑時平均旅行速度（ｋｍ／ｈ）,大型車台数（台／１２ｈ）,混入率（％）,混雑度,昼夜率,車線数,５８年度（台／１２ｈ）,６０年度（台／１２ｈ）,６３年度（台／１２ｈ）,２年度（台／１２ｈ）,６年度（台／１２ｈ）,９年度（台／１２ｈ）,１１年度（台／１２ｈ）,１７年度（台／１２ｈ）,２２年度（台／１２ｈ）
４０２５０新宿区西落合４－２５－１６,４０１３,主要地方道千代田練馬田無線（都道８号）,放７,目白通り,１０月２６日（火）,曇,2298,8.9,17.6,4239,16.4,1.12,-,4,31138,31380,31427,27240,26730,27046,26483,26928,25876
,,,,,,,,,,,,,,,,,,,,,,,
観測地点,Ｈ１７区間番号,路線名,都市計画路線名,通称道路名,調査日,天候,時間・種別,７～８,８～９,９～１０,１０～１１,１１～１２,１２～１３,１３～１４,１４～１５,１５～１６,１６～１７,１７～１８,１８～１９,１２ｈ計,２４ｈ計,,
４０２５０新宿区西落合４－２５－１６,４０１３,主要地方道千代田練馬田無線（都道８号）,放７,目白通り,１０月２６日（火）,曇,自動車類上り大型車,233,252,231,240,198,178,172,171,134,81,89,80,2059,-,,
４０２５０新宿区西落合４－２５－１６,４０１３,主要地方道千代田練馬田無線（都道８号）,放７,目白通り,１０月２６日（火）,曇,自動車類上り小型車,1119,1173,1077,1031,920,885,799,915,870,821,849,782,11241,-,,
４０２５０新宿区西落合４－２５－１６,４０１３,主要地方道千代田練馬田無線（都道８号）,放７,目白通り,１０月２６日（火）,曇,自動車類上り計,1352,1425,1308,1271,1118,1063,971,1086,1004,902,938,862,13300,-,,
４０２５０新宿区西落合４－２５－１６,４０１３,主要地方道千代田練馬田無線（都道８号）,放７,目白通り,１０月２６日（火）,曇,自動車類下り大型車,111,165,202,228,219,192,168,217,217,209,150,102,2180,-,,
４０２５０新宿区西落合４－２５－１６,４０１３,主要地方道千代田練馬田無線（都道８号）,放７,目白通り,１０月２６日（火）,曇,自動車類下り小型車,540,562,642,799,866,856,853,900,924,1101,1127,1226,10396,-,,
４０２５０新宿区西落合４－２５－１６,４０１３,主要地方道千代田練馬田無線（都道８号）,放７,目白通り,１０月２６日（火）,曇,自動車類下り計,651,727,844,1027,1085,1048,1021,1117,1141,1310,1277,1328,12576,-,,
４０２５０新宿区西落合４－２５－１６,４０１３,主要地方道千代田練馬田無線（都道８号）,放７,目白通り,１０月２６日（火）,曇,自動車類合計大型車,344,417,433,468,417,370,340,388,351,290,239,182,4239,-,,
４０２５０新宿区西落合４－２５－１６,４０１３,主要地方道千代田練馬田無線（都道８号）,放７,目白通り,１０月２６日（火）,曇,自動車類合計小型車,1659,1735,1719,1830,1786,1741,1652,1815,1794,1922,1976,2008,21637,-,,
４０２５０新宿区西落合４－２５－１６,４０１３,主要地方道千代田練馬田無線（都道８号）,放７,目白通り,１０月２６日（火）,曇,自動車類合計計,2003,2152,2152,2298,2203,2111,1992,2203,2145,2212,2215,2190,25876,-,,
４０２５０新宿区西落合４－２５－１６,４０１３,主要地方道千代田練馬田無線（都道８号）,放７,目白通り,１０月２６日（火）,曇,二輪車類,361,441,297,198,180,207,187,197,206,249,257,462,3242,,,
４０２５０新宿区西落合４－２５－１６,４０１３,主要地方道千代田練馬田無線（都道８号）,放７,目白通り,１０月２６日（火）,曇,自転車類,63,143,126,90,104,95,73,50,40,84,109,121,1098,,,
４０２５０新宿区西落合４－２５－１６,４０１３,主要地方道千代田練馬田無線（都道８号）,放７,目白通り,１０月２６日（火）,曇,歩行者類,58,81,107,55,89,45,54,36,43,59,59,125,811,,,
