﻿観測地点,Ｈ１７区間番号,路線名,都市計画路線名,通称道路名,調査日,天候,ピーク時間交通量（台／ｈ）,ピーク率（％）,混雑時平均旅行速度（ｋｍ／ｈ）,大型車台数（台／１２ｈ）,混入率（％）,混雑度,昼夜率,車線数,５８年度（台／１２ｈ）,６０年度（台／１２ｈ）,６３年度（台／１２ｈ）,２年度（台／１２ｈ）,６年度（台／１２ｈ）,９年度（台／１２ｈ）,１１年度（台／１２ｈ）,１７年度（台／１２ｈ）,２２年度（台／１２ｈ）
５６３０東京都新宿区水道町,５１０,首都高速五号線,高速５号線,（首都高速５号池袋線）,１１月１６日（火）,晴,5797,9.2,36.3,8917,14.2,0.91,1.57,4,48678,48236,47376,49769,53953,56103,65791,64222,62809
,,,,,,,,,,,,,,,,,,,,,,,
観測地点,Ｈ１７区間番号,路線名,都市計画路線名,通称道路名,調査日,天候,時間・種別,７～８,８～９,９～１０,１０～１１,１１～１２,１２～１３,１３～１４,１４～１５,１５～１６,１６～１７,１７～１８,１８～１９,１２ｈ計,２４ｈ計,,
５６３０東京都新宿区水道町,５１０,首都高速五号線,高速５号線,（首都高速５号池袋線）,１１月１６日（火）,晴,自動車類上り大型車,284,284,456,546,414,262,337,369,362,260,232,176,3982,7373,,
５６３０東京都新宿区水道町,５１０,首都高速五号線,高速５号線,（首都高速５号池袋線）,１１月１６日（火）,晴,自動車類上り小型車,2482,2673,1973,1876,1070,1073,1708,1883,2075,2247,2040,1663,22763,34406,,
５６３０東京都新宿区水道町,５１０,首都高速五号線,高速５号線,（首都高速５号池袋線）,１１月１６日（火）,晴,自動車類上り計,2766,2957,2429,2422,1484,1335,2045,2252,2437,2507,2272,1839,26745,41779,,
５６３０東京都新宿区水道町,５１０,首都高速五号線,高速５号線,（首都高速５号池袋線）,１１月１６日（火）,晴,自動車類下り大型車,412,391,488,539,561,488,447,420,369,343,233,244,4935,8723,,
５６３０東京都新宿区水道町,５１０,首都高速五号線,高速５号線,（首都高速５号池袋線）,１１月１６日（火）,晴,自動車類下り小型車,2220,2449,2416,2518,2535,2471,2503,2619,2753,2894,3015,2736,31129,48307,,
５６３０東京都新宿区水道町,５１０,首都高速五号線,高速５号線,（首都高速５号池袋線）,１１月１６日（火）,晴,自動車類下り計,2632,2840,2904,3057,3096,2959,2950,3039,3122,3237,3248,2980,36064,57030,,
５６３０東京都新宿区水道町,５１０,首都高速五号線,高速５号線,（首都高速５号池袋線）,１１月１６日（火）,晴,自動車類合計大型車,696,675,944,1085,975,750,784,789,731,603,465,420,8917,16096,,
５６３０東京都新宿区水道町,５１０,首都高速五号線,高速５号線,（首都高速５号池袋線）,１１月１６日（火）,晴,自動車類合計小型車,4702,5122,4389,4394,3605,3544,4211,4502,4828,5141,5055,4399,53892,82713,,
５６３０東京都新宿区水道町,５１０,首都高速五号線,高速５号線,（首都高速５号池袋線）,１１月１６日（火）,晴,自動車類合計計,5398,5797,5333,5479,4580,4294,4995,5291,5559,5744,5520,4819,62809,98809,,
５６３０東京都新宿区水道町,５１０,首都高速五号線,高速５号線,（首都高速５号池袋線）,１１月１６日（火）,晴,二輪車類,-,-,-,-,-,-,-,-,-,-,-,-,-,,,
５６３０東京都新宿区水道町,５１０,首都高速五号線,高速５号線,（首都高速５号池袋線）,１１月１６日（火）,晴,自転車類,-,-,-,-,-,-,-,-,-,-,-,-,-,,,
５６３０東京都新宿区水道町,５１０,首都高速五号線,高速５号線,（首都高速５号池袋線）,１１月１６日（火）,晴,歩行者類,-,-,-,-,-,-,-,-,-,-,-,-,-,,,
