﻿観測地点,Ｈ１７区間番号,路線名,都市計画路線名,通称道路名,調査日,天候,ピーク時間交通量（台／ｈ）,ピーク率（％）,混雑時平均旅行速度（ｋｍ／ｈ）,大型車台数（台／１２ｈ）,混入率（％）,混雑度,昼夜率,車線数,５８年度（台／１２ｈ）,６０年度（台／１２ｈ）,６３年度（台／１２ｈ）,２年度（台／１２ｈ）,６年度（台／１２ｈ）,９年度（台／１２ｈ）,１１年度（台／１２ｈ）,１７年度（台／１２ｈ）,２２年度（台／１２ｈ）
６２２６０中央区日本橋中洲６－４,６０９５,特例都道浜町北砂町線（都道４７４号）,補１１１,清洲橋通り,１０月５日（火）,晴,1649,11.0,22.3,2262,15.1,1.26,-,4,18318,18240,17245,16029,17838,17354,17970,15139,14992
,,,,,,,,,,,,,,,,,,,,,,,
観測地点,Ｈ１７区間番号,路線名,都市計画路線名,通称道路名,調査日,天候,時間・種別,７～８,８～９,９～１０,１０～１１,１１～１２,１２～１３,１３～１４,１４～１５,１５～１６,１６～１７,１７～１８,１８～１９,１２ｈ計,２４ｈ計,,
６２２６０中央区日本橋中洲６－４,６０９５,特例都道浜町北砂町線（都道４７４号）,補１１１,清洲橋通り,１０月５日（火）,晴,自動車類上り大型車,95,178,160,110,65,56,89,83,69,62,33,27,1027,-,,
６２２６０中央区日本橋中洲６－４,６０９５,特例都道浜町北砂町線（都道４７４号）,補１１１,清洲橋通り,１０月５日（火）,晴,自動車類上り小型車,640,992,686,588,503,445,573,530,583,446,557,425,6968,-,,
６２２６０中央区日本橋中洲６－４,６０９５,特例都道浜町北砂町線（都道４７４号）,補１１１,清洲橋通り,１０月５日（火）,晴,自動車類上り計,735,1170,846,698,568,501,662,613,652,508,590,452,7995,-,,
６２２６０中央区日本橋中洲６－４,６０９５,特例都道浜町北砂町線（都道４７４号）,補１１１,清洲橋通り,１０月５日（火）,晴,自動車類下り大型車,63,94,85,124,146,93,94,80,108,126,139,83,1235,-,,
６２２６０中央区日本橋中洲６－４,６０９５,特例都道浜町北砂町線（都道４７４号）,補１１１,清洲橋通り,１０月５日（火）,晴,自動車類下り小型車,284,385,487,477,530,475,429,581,568,601,532,413,5762,-,,
６２２６０中央区日本橋中洲６－４,６０９５,特例都道浜町北砂町線（都道４７４号）,補１１１,清洲橋通り,１０月５日（火）,晴,自動車類下り計,347,479,572,601,676,568,523,661,676,727,671,496,6997,-,,
６２２６０中央区日本橋中洲６－４,６０９５,特例都道浜町北砂町線（都道４７４号）,補１１１,清洲橋通り,１０月５日（火）,晴,自動車類合計大型車,158,272,245,234,211,149,183,163,177,188,172,110,2262,-,,
６２２６０中央区日本橋中洲６－４,６０９５,特例都道浜町北砂町線（都道４７４号）,補１１１,清洲橋通り,１０月５日（火）,晴,自動車類合計小型車,924,1377,1173,1065,1033,920,1002,1111,1151,1047,1089,838,12730,-,,
６２２６０中央区日本橋中洲６－４,６０９５,特例都道浜町北砂町線（都道４７４号）,補１１１,清洲橋通り,１０月５日（火）,晴,自動車類合計計,1082,1649,1418,1299,1244,1069,1185,1274,1328,1235,1261,948,14992,-,,
６２２６０中央区日本橋中洲６－４,６０９５,特例都道浜町北砂町線（都道４７４号）,補１１１,清洲橋通り,１０月５日（火）,晴,二輪車類,40,45,37,41,33,32,37,38,34,37,44,35,453,,,
６２２６０中央区日本橋中洲６－４,６０９５,特例都道浜町北砂町線（都道４７４号）,補１１１,清洲橋通り,１０月５日（火）,晴,自転車類,202,391,236,183,153,138,150,156,187,202,240,304,2542,,,
６２２６０中央区日本橋中洲６－４,６０９５,特例都道浜町北砂町線（都道４７４号）,補１１１,清洲橋通り,１０月５日（火）,晴,歩行者類,140,137,99,97,102,157,110,98,95,139,134,147,1455,,,
