﻿観測地点,Ｈ１７区間番号,路線名,都市計画路線名,通称道路名,調査日,天候,ピーク時間交通量（台／ｈ）,ピーク率（％）,混雑時平均旅行速度（ｋｍ／ｈ）,大型車台数（台／１２ｈ）,混入率（％）,混雑度,昼夜率,車線数,５８年度（台／１２ｈ）,６０年度（台／１２ｈ）,６３年度（台／１２ｈ）,２年度（台／１２ｈ）,６年度（台／１２ｈ）,９年度（台／１２ｈ）,１１年度（台／１２ｈ）,１７年度（台／１２ｈ）,２２年度（台／１２ｈ）
５２４０東京都千代田区有楽町２丁目,－,首都高速四号線,高速４号線,（首都高速八重洲線）,１１月１６日（火）,晴,1349,10.6,71.2,1688,13.2,0.22,1.52,4,-,-,-,-,-,-,-,-,12741
,,,,,,,,,,,,,,,,,,,,,,,
観測地点,Ｈ１７区間番号,路線名,都市計画路線名,通称道路名,調査日,天候,時間・種別,７～８,８～９,９～１０,１０～１１,１１～１２,１２～１３,１３～１４,１４～１５,１５～１６,１６～１７,１７～１８,１８～１９,１２ｈ計,２４ｈ計,,
５２４０東京都千代田区有楽町２丁目,－,首都高速四号線,高速４号線,（首都高速八重洲線）,１１月１６日（火）,晴,自動車類上り大型車,81,92,135,97,90,88,99,87,69,65,42,32,977,1470,,
５２４０東京都千代田区有楽町２丁目,－,首都高速四号線,高速４号線,（首都高速八重洲線）,１１月１６日（火）,晴,自動車類上り小型車,614,578,562,512,482,445,496,538,563,574,515,447,6326,9211,,
５２４０東京都千代田区有楽町２丁目,－,首都高速四号線,高速４号線,（首都高速八重洲線）,１１月１６日（火）,晴,自動車類上り計,695,670,697,609,572,533,595,625,632,639,557,479,7303,10681,,
５２４０東京都千代田区有楽町２丁目,－,首都高速四号線,高速４号線,（首都高速八重洲線）,１１月１６日（火）,晴,自動車類下り大型車,79,46,59,54,57,95,73,60,58,54,41,35,711,1273,,
５２４０東京都千代田区有楽町２丁目,－,首都高速四号線,高速４号線,（首都高速八重洲線）,１１月１６日（火）,晴,自動車類下り小型車,575,497,419,260,266,429,364,377,436,474,313,317,4727,7369,,
５２４０東京都千代田区有楽町２丁目,－,首都高速四号線,高速４号線,（首都高速八重洲線）,１１月１６日（火）,晴,自動車類下り計,654,543,478,314,323,524,437,437,494,528,354,352,5438,8642,,
５２４０東京都千代田区有楽町２丁目,－,首都高速四号線,高速４号線,（首都高速八重洲線）,１１月１６日（火）,晴,自動車類合計大型車,160,138,194,151,147,183,172,147,127,119,83,67,1688,2743,,
５２４０東京都千代田区有楽町２丁目,－,首都高速四号線,高速４号線,（首都高速八重洲線）,１１月１６日（火）,晴,自動車類合計小型車,1189,1075,981,772,748,874,860,915,999,1048,828,764,11053,16580,,
５２４０東京都千代田区有楽町２丁目,－,首都高速四号線,高速４号線,（首都高速八重洲線）,１１月１６日（火）,晴,自動車類合計計,1349,1213,1175,923,895,1057,1032,1062,1126,1167,911,831,12741,19323,,
５２４０東京都千代田区有楽町２丁目,－,首都高速四号線,高速４号線,（首都高速八重洲線）,１１月１６日（火）,晴,二輪車類,-,-,-,-,-,-,-,-,-,-,-,-,-,,,
５２４０東京都千代田区有楽町２丁目,－,首都高速四号線,高速４号線,（首都高速八重洲線）,１１月１６日（火）,晴,自転車類,-,-,-,-,-,-,-,-,-,-,-,-,-,,,
５２４０東京都千代田区有楽町２丁目,－,首都高速四号線,高速４号線,（首都高速八重洲線）,１１月１６日（火）,晴,歩行者類,-,-,-,-,-,-,-,-,-,-,-,-,-,,,
