﻿観測地点,Ｈ１７区間番号,路線名,都市計画路線名,通称道路名,調査日,天候,ピーク時間交通量（台／ｈ）,ピーク率（％）,混雑時平均旅行速度（ｋｍ／ｈ）,大型車台数（台／１２ｈ）,混入率（％）,混雑度,昼夜率,車線数,５８年度（台／１２ｈ）,６０年度（台／１２ｈ）,６３年度（台／１２ｈ）,２年度（台／１２ｈ）,６年度（台／１２ｈ）,９年度（台／１２ｈ）,１１年度（台／１２ｈ）,１７年度（台／１２ｈ）,２２年度（台／１２ｈ）
４１３７０江戸川区中央４－１－１３,４０６８,主要地方道千住小松川葛西沖線（都道３０８号）,補１４０,平和橋通り,９月３０日（木）,雨,1045,8.8,15.8,1435,12.1,1.08,-,2,12264,12765,11865,12503,12543,12347,11532,12183,11874
,,,,,,,,,,,,,,,,,,,,,,,
観測地点,Ｈ１７区間番号,路線名,都市計画路線名,通称道路名,調査日,天候,時間・種別,７～８,８～９,９～１０,１０～１１,１１～１２,１２～１３,１３～１４,１４～１５,１５～１６,１６～１７,１７～１８,１８～１９,１２ｈ計,２４ｈ計,,
４１３７０江戸川区中央４－１－１３,４０６８,主要地方道千住小松川葛西沖線（都道３０８号）,補１４０,平和橋通り,９月３０日（木）,雨,自動車類上り大型車,80,72,80,74,64,69,61,52,53,46,41,33,725,-,,
４１３７０江戸川区中央４－１－１３,４０６８,主要地方道千住小松川葛西沖線（都道３０８号）,補１４０,平和橋通り,９月３０日（木）,雨,自動車類上り小型車,442,457,415,372,396,409,434,443,398,473,470,520,5229,-,,
４１３７０江戸川区中央４－１－１３,４０６８,主要地方道千住小松川葛西沖線（都道３０８号）,補１４０,平和橋通り,９月３０日（木）,雨,自動車類上り計,522,529,495,446,460,478,495,495,451,519,511,553,5954,-,,
４１３７０江戸川区中央４－１－１３,４０６８,主要地方道千住小松川葛西沖線（都道３０８号）,補１４０,平和橋通り,９月３０日（木）,雨,自動車類下り大型車,59,78,76,66,74,51,68,57,55,60,41,25,710,-,,
４１３７０江戸川区中央４－１－１３,４０６８,主要地方道千住小松川葛西沖線（都道３０８号）,補１４０,平和橋通り,９月３０日（木）,雨,自動車類下り小型車,395,438,419,384,452,459,396,437,448,455,488,439,5210,-,,
４１３７０江戸川区中央４－１－１３,４０６８,主要地方道千住小松川葛西沖線（都道３０８号）,補１４０,平和橋通り,９月３０日（木）,雨,自動車類下り計,454,516,495,450,526,510,464,494,503,515,529,464,5920,-,,
４１３７０江戸川区中央４－１－１３,４０６８,主要地方道千住小松川葛西沖線（都道３０８号）,補１４０,平和橋通り,９月３０日（木）,雨,自動車類合計大型車,139,150,156,140,138,120,129,109,108,106,82,58,1435,-,,
４１３７０江戸川区中央４－１－１３,４０６８,主要地方道千住小松川葛西沖線（都道３０８号）,補１４０,平和橋通り,９月３０日（木）,雨,自動車類合計小型車,837,895,834,756,848,868,830,880,846,928,958,959,10439,-,,
４１３７０江戸川区中央４－１－１３,４０６８,主要地方道千住小松川葛西沖線（都道３０８号）,補１４０,平和橋通り,９月３０日（木）,雨,自動車類合計計,976,1045,990,896,986,988,959,989,954,1034,1040,1017,11874,-,,
４１３７０江戸川区中央４－１－１３,４０６８,主要地方道千住小松川葛西沖線（都道３０８号）,補１４０,平和橋通り,９月３０日（木）,雨,二輪車類,-,-,-,-,-,-,-,-,-,-,-,-,-,,,
４１３７０江戸川区中央４－１－１３,４０６８,主要地方道千住小松川葛西沖線（都道３０８号）,補１４０,平和橋通り,９月３０日（木）,雨,自転車類,359,482,186,123,259,121,133,116,120,204,337,291,2731,,,
４１３７０江戸川区中央４－１－１３,４０６８,主要地方道千住小松川葛西沖線（都道３０８号）,補１４０,平和橋通り,９月３０日（木）,雨,歩行者類,343,509,178,200,189,228,174,142,174,345,442,391,3315,,,
