﻿観測地点,Ｈ１７区間番号,路線名,都市計画路線名,通称道路名,調査日,天候,ピーク時間交通量（台／ｈ）,ピーク率（％）,混雑時平均旅行速度（ｋｍ／ｈ）,大型車台数（台／１２ｈ）,混入率（％）,混雑度,昼夜率,車線数,５８年度（台／１２ｈ）,６０年度（台／１２ｈ）,６３年度（台／１２ｈ）,２年度（台／１２ｈ）,６年度（台／１２ｈ）,９年度（台／１２ｈ）,１１年度（台／１２ｈ）,１７年度（台／１２ｈ）,２２年度（台／１２ｈ）
６１６２０板橋区小豆沢１－２２－８,６０５９,特例都道常盤台赤羽線（都道４４５号）,補８６,（福寿通り）,９月３０日（木）,雨,664,9.1,9.9,1672,22.9,1.1,-,2,7473,7886,7937,7824,8401,8222,8712,8967,7298
,,,,,,,,,,,,,,,,,,,,,,,
観測地点,Ｈ１７区間番号,路線名,都市計画路線名,通称道路名,調査日,天候,時間・種別,７～８,８～９,９～１０,１０～１１,１１～１２,１２～１３,１３～１４,１４～１５,１５～１６,１６～１７,１７～１８,１８～１９,１２ｈ計,２４ｈ計,,
６１６２０板橋区小豆沢１－２２－８,６０５９,特例都道常盤台赤羽線（都道４４５号）,補８６,（福寿通り）,９月３０日（木）,雨,自動車類上り大型車,71,87,100,75,102,85,71,69,81,87,68,54,950,-,,
６１６２０板橋区小豆沢１－２２－８,６０５９,特例都道常盤台赤羽線（都道４４５号）,補８６,（福寿通り）,９月３０日（木）,雨,自動車類上り小型車,175,178,245,224,260,216,239,264,235,277,301,256,2870,-,,
６１６２０板橋区小豆沢１－２２－８,６０５９,特例都道常盤台赤羽線（都道４４５号）,補８６,（福寿通り）,９月３０日（木）,雨,自動車類上り計,246,265,345,299,362,301,310,333,316,364,369,310,3820,-,,
６１６２０板橋区小豆沢１－２２－８,６０５９,特例都道常盤台赤羽線（都道４４５号）,補８６,（福寿通り）,９月３０日（木）,雨,自動車類下り大型車,74,81,84,77,64,46,56,52,51,50,49,38,722,-,,
６１６２０板橋区小豆沢１－２２－８,６０５９,特例都道常盤台赤羽線（都道４４５号）,補８６,（福寿通り）,９月３０日（木）,雨,自動車類下り小型車,226,314,235,253,198,213,226,252,226,219,226,168,2756,-,,
６１６２０板橋区小豆沢１－２２－８,６０５９,特例都道常盤台赤羽線（都道４４５号）,補８６,（福寿通り）,９月３０日（木）,雨,自動車類下り計,300,395,319,330,262,259,282,304,277,269,275,206,3478,-,,
６１６２０板橋区小豆沢１－２２－８,６０５９,特例都道常盤台赤羽線（都道４４５号）,補８６,（福寿通り）,９月３０日（木）,雨,自動車類合計大型車,145,168,184,152,166,131,127,121,132,137,117,92,1672,-,,
６１６２０板橋区小豆沢１－２２－８,６０５９,特例都道常盤台赤羽線（都道４４５号）,補８６,（福寿通り）,９月３０日（木）,雨,自動車類合計小型車,401,492,480,477,458,429,465,516,461,496,527,424,5626,-,,
６１６２０板橋区小豆沢１－２２－８,６０５９,特例都道常盤台赤羽線（都道４４５号）,補８６,（福寿通り）,９月３０日（木）,雨,自動車類合計計,546,660,664,629,624,560,592,637,593,633,644,516,7298,-,,
６１６２０板橋区小豆沢１－２２－８,６０５９,特例都道常盤台赤羽線（都道４４５号）,補８６,（福寿通り）,９月３０日（木）,雨,二輪車類,-,-,-,-,-,-,-,-,-,-,-,-,-,,,
６１６２０板橋区小豆沢１－２２－８,６０５９,特例都道常盤台赤羽線（都道４４５号）,補８６,（福寿通り）,９月３０日（木）,雨,自転車類,82,101,62,56,67,76,38,16,34,35,83,42,692,,,
６１６２０板橋区小豆沢１－２２－８,６０５９,特例都道常盤台赤羽線（都道４４５号）,補８６,（福寿通り）,９月３０日（木）,雨,歩行者類,243,167,101,113,89,75,66,64,67,54,140,79,1258,,,
