﻿観測地点,Ｈ１７区間番号,路線名,都市計画路線名,通称道路名,調査日,天候,ピーク時間交通量（台／ｈ）,ピーク率（％）,混雑時平均旅行速度（ｋｍ／ｈ）,大型車台数（台／１２ｈ）,混入率（％）,混雑度,昼夜率,車線数,５８年度（台／１２ｈ）,６０年度（台／１２ｈ）,６３年度（台／１２ｈ）,２年度（台／１２ｈ）,６年度（台／１２ｈ）,９年度（台／１２ｈ）,１１年度（台／１２ｈ）,１７年度（台／１２ｈ）,２２年度（台／１２ｈ）
６１１０東京都目黒区青葉台４丁目,－,首都高速目黒板橋線,高速中央環状新宿線,（首都高速中央環状新宿線）,１１月１６日（火）,晴,2007,9.1,11.9,4397,19.9,0.41,1.64,4,-,-,-,-,-,-,-,-,22116
,,,,,,,,,,,,,,,,,,,,,,,
観測地点,Ｈ１７区間番号,路線名,都市計画路線名,通称道路名,調査日,天候,時間・種別,７～８,８～９,９～１０,１０～１１,１１～１２,１２～１３,１３～１４,１４～１５,１５～１６,１６～１７,１７～１８,１８～１９,１２ｈ計,２４ｈ計,,
６１１０東京都目黒区青葉台４丁目,－,首都高速目黒板橋線,高速中央環状新宿線,（首都高速中央環状新宿線）,１１月１６日（火）,晴,自動車類上り大型車,101,124,223,259,296,288,228,214,206,163,153,153,2408,4865,,
６１１０東京都目黒区青葉台４丁目,－,首都高速目黒板橋線,高速中央環状新宿線,（首都高速中央環状新宿線）,１１月１６日（火）,晴,自動車類上り小型車,695,924,877,770,837,783,638,677,759,653,607,592,8812,13365,,
６１１０東京都目黒区青葉台４丁目,－,首都高速目黒板橋線,高速中央環状新宿線,（首都高速中央環状新宿線）,１１月１６日（火）,晴,自動車類上り計,796,1048,1100,1029,1133,1071,866,891,965,816,760,745,11220,18230,,
６１１０東京都目黒区青葉台４丁目,－,首都高速目黒板橋線,高速中央環状新宿線,（首都高速中央環状新宿線）,１１月１６日（火）,晴,自動車類下り大型車,71,113,183,252,219,240,162,168,162,161,130,128,1989,5157,,
６１１０東京都目黒区青葉台４丁目,－,首都高速目黒板橋線,高速中央環状新宿線,（首都高速中央環状新宿線）,１１月１６日（火）,晴,自動車類下り小型車,407,677,682,698,655,655,641,679,803,935,1043,1032,8907,12809,,
６１１０東京都目黒区青葉台４丁目,－,首都高速目黒板橋線,高速中央環状新宿線,（首都高速中央環状新宿線）,１１月１６日（火）,晴,自動車類下り計,478,790,865,950,874,895,803,847,965,1096,1173,1160,10896,17966,,
６１１０東京都目黒区青葉台４丁目,－,首都高速目黒板橋線,高速中央環状新宿線,（首都高速中央環状新宿線）,１１月１６日（火）,晴,自動車類合計大型車,172,237,406,511,515,528,390,382,368,324,283,281,4397,10022,,
６１１０東京都目黒区青葉台４丁目,－,首都高速目黒板橋線,高速中央環状新宿線,（首都高速中央環状新宿線）,１１月１６日（火）,晴,自動車類合計小型車,1102,1601,1559,1468,1492,1438,1279,1356,1562,1588,1650,1624,17719,26174,,
６１１０東京都目黒区青葉台４丁目,－,首都高速目黒板橋線,高速中央環状新宿線,（首都高速中央環状新宿線）,１１月１６日（火）,晴,自動車類合計計,1274,1838,1965,1979,2007,1966,1669,1738,1930,1912,1933,1905,22116,36196,,
６１１０東京都目黒区青葉台４丁目,－,首都高速目黒板橋線,高速中央環状新宿線,（首都高速中央環状新宿線）,１１月１６日（火）,晴,二輪車類,-,-,-,-,-,-,-,-,-,-,-,-,-,,,
６１１０東京都目黒区青葉台４丁目,－,首都高速目黒板橋線,高速中央環状新宿線,（首都高速中央環状新宿線）,１１月１６日（火）,晴,自転車類,-,-,-,-,-,-,-,-,-,-,-,-,-,,,
６１１０東京都目黒区青葉台４丁目,－,首都高速目黒板橋線,高速中央環状新宿線,（首都高速中央環状新宿線）,１１月１６日（火）,晴,歩行者類,-,-,-,-,-,-,-,-,-,-,-,-,-,,,
