﻿観測地点,Ｈ１７区間番号,路線名,都市計画路線名,通称道路名,調査日,天候,ピーク時間交通量（台／ｈ）,ピーク率（％）,混雑時平均旅行速度（ｋｍ／ｈ）,大型車台数（台／１２ｈ）,混入率（％）,混雑度,昼夜率,車線数,５８年度（台／１２ｈ）,６０年度（台／１２ｈ）,６３年度（台／１２ｈ）,２年度（台／１２ｈ）,６年度（台／１２ｈ）,９年度（台／１２ｈ）,１１年度（台／１２ｈ）,１７年度（台／１２ｈ）,２２年度（台／１２ｈ）
５８１０東京都江東区新木場１丁目,３０５１５,高速湾岸線,高速湾岸線,（首都高速湾岸線）,１１月１６日（火）,晴,11071,9.6,49.4,19093,16.5,1.48,1.49,6,-,63829,64440,80845,70358,79385,83162,79457,115418
,,,,,,,,,,,,,,,,,,,,,,,
観測地点,Ｈ１７区間番号,路線名,都市計画路線名,通称道路名,調査日,天候,時間・種別,７～８,８～９,９～１０,１０～１１,１１～１２,１２～１３,１３～１４,１４～１５,１５～１６,１６～１７,１７～１８,１８～１９,１２ｈ計,２４ｈ計,,
５８１０東京都江東区新木場１丁目,３０５１５,高速湾岸線,高速湾岸線,（首都高速湾岸線）,１１月１６日（火）,晴,自動車類上り大型車,296,358,626,539,479,434,326,472,406,389,317,239,4881,7153,,
５８１０東京都江東区新木場１丁目,３０５１５,高速湾岸線,高速湾岸線,（首都高速湾岸線）,１１月１６日（火）,晴,自動車類上り小型車,4296,4764,4930,4391,4144,4084,3947,4101,4307,4459,4852,4535,52810,77281,,
５８１０東京都江東区新木場１丁目,３０５１５,高速湾岸線,高速湾岸線,（首都高速湾岸線）,１１月１６日（火）,晴,自動車類上り計,4592,5122,5556,4930,4623,4518,4273,4573,4713,4848,5169,4774,57691,84434,,
５８１０東京都江東区新木場１丁目,３０５１５,高速湾岸線,高速湾岸線,（首都高速湾岸線）,１１月１６日（火）,晴,自動車類下り大型車,1081,1194,1433,1469,1467,1406,1266,1162,1072,1031,878,753,14212,22864,,
５８１０東京都江東区新木場１丁目,３０５１５,高速湾岸線,高速湾岸線,（首都高速湾岸線）,１１月１６日（火）,晴,自動車類下り小型車,5398,4708,3324,3105,2843,2688,2821,3004,3273,4010,4472,3869,43515,64383,,
５８１０東京都江東区新木場１丁目,３０５１５,高速湾岸線,高速湾岸線,（首都高速湾岸線）,１１月１６日（火）,晴,自動車類下り計,6479,5902,4757,4574,4310,4094,4087,4166,4345,5041,5350,4622,57727,87247,,
５８１０東京都江東区新木場１丁目,３０５１５,高速湾岸線,高速湾岸線,（首都高速湾岸線）,１１月１６日（火）,晴,自動車類合計大型車,1377,1552,2059,2008,1946,1840,1592,1634,1478,1420,1195,992,19093,30017,,
５８１０東京都江東区新木場１丁目,３０５１５,高速湾岸線,高速湾岸線,（首都高速湾岸線）,１１月１６日（火）,晴,自動車類合計小型車,9694,9472,8254,7496,6987,6772,6768,7105,7580,8469,9324,8404,96325,141664,,
５８１０東京都江東区新木場１丁目,３０５１５,高速湾岸線,高速湾岸線,（首都高速湾岸線）,１１月１６日（火）,晴,自動車類合計計,11071,11024,10313,9504,8933,8612,8360,8739,9058,9889,10519,9396,115418,171681,,
５８１０東京都江東区新木場１丁目,３０５１５,高速湾岸線,高速湾岸線,（首都高速湾岸線）,１１月１６日（火）,晴,二輪車類,-,-,-,-,-,-,-,-,-,-,-,-,-,,,
５８１０東京都江東区新木場１丁目,３０５１５,高速湾岸線,高速湾岸線,（首都高速湾岸線）,１１月１６日（火）,晴,自転車類,-,-,-,-,-,-,-,-,-,-,-,-,-,,,
５８１０東京都江東区新木場１丁目,３０５１５,高速湾岸線,高速湾岸線,（首都高速湾岸線）,１１月１６日（火）,晴,歩行者類,-,-,-,-,-,-,-,-,-,-,-,-,-,,,
