﻿観測地点,Ｈ１７区間番号,路線名,都市計画路線名,通称道路名,調査日,天候,ピーク時間交通量（台／ｈ）,ピーク率（％）,混雑時平均旅行速度（ｋｍ／ｈ）,大型車台数（台／１２ｈ）,混入率（％）,混雑度,昼夜率,車線数,５８年度（台／１２ｈ）,６０年度（台／１２ｈ）,６３年度（台／１２ｈ）,２年度（台／１２ｈ）,６年度（台／１２ｈ）,９年度（台／１２ｈ）,１１年度（台／１２ｈ）,１７年度（台／１２ｈ）,２２年度（台／１２ｈ）
５８７０東京都大田区羽田空港３丁目,５１８,高速湾岸線,高速湾岸線,（首都高速湾岸線）,１１月１６日（火）,晴,4901,9.3,82.8,19935,37.9,0.78,1.44,6,24735,32190,31658,-,13488,32177,37231,41550,52613
,,,,,,,,,,,,,,,,,,,,,,,
観測地点,Ｈ１７区間番号,路線名,都市計画路線名,通称道路名,調査日,天候,時間・種別,７～８,８～９,９～１０,１０～１１,１１～１２,１２～１３,１３～１４,１４～１５,１５～１６,１６～１７,１７～１８,１８～１９,１２ｈ計,２４ｈ計,,
５８７０東京都大田区羽田空港３丁目,５１８,高速湾岸線,高速湾岸線,（首都高速湾岸線）,１１月１６日（火）,晴,自動車類上り大型車,686,831,1327,1282,1154,847,865,943,804,782,666,540,10727,15534,,
５８７０東京都大田区羽田空港３丁目,５１８,高速湾岸線,高速湾岸線,（首都高速湾岸線）,１１月１６日（火）,晴,自動車類上り小型車,2106,2040,1398,1391,915,1061,1005,1186,1712,1865,1519,1141,17339,22136,,
５８７０東京都大田区羽田空港３丁目,５１８,高速湾岸線,高速湾岸線,（首都高速湾岸線）,１１月１６日（火）,晴,自動車類上り計,2792,2871,2725,2673,2069,1908,1870,2129,2516,2647,2185,1681,28066,37670,,
５８７０東京都大田区羽田空港３丁目,５１８,高速湾岸線,高速湾岸線,（首都高速湾岸線）,１１月１６日（火）,晴,自動車類下り大型車,598,695,992,978,873,966,913,773,513,714,600,593,9208,14535,,
５８７０東京都大田区羽田空港３丁目,５１８,高速湾岸線,高速湾岸線,（首都高速湾岸線）,１１月１６日（火）,晴,自動車類下り小型車,1503,1263,1184,1118,1025,1076,1178,1026,846,1404,1899,1817,15339,23448,,
５８７０東京都大田区羽田空港３丁目,５１８,高速湾岸線,高速湾岸線,（首都高速湾岸線）,１１月１６日（火）,晴,自動車類下り計,2101,1958,2176,2096,1898,2042,2091,1799,1359,2118,2499,2410,24547,37983,,
５８７０東京都大田区羽田空港３丁目,５１８,高速湾岸線,高速湾岸線,（首都高速湾岸線）,１１月１６日（火）,晴,自動車類合計大型車,1284,1526,2319,2260,2027,1813,1778,1716,1317,1496,1266,1133,19935,30069,,
５８７０東京都大田区羽田空港３丁目,５１８,高速湾岸線,高速湾岸線,（首都高速湾岸線）,１１月１６日（火）,晴,自動車類合計小型車,3609,3303,2582,2509,1940,2137,2183,2212,2558,3269,3418,2958,32678,45584,,
５８７０東京都大田区羽田空港３丁目,５１８,高速湾岸線,高速湾岸線,（首都高速湾岸線）,１１月１６日（火）,晴,自動車類合計計,4893,4829,4901,4769,3967,3950,3961,3928,3875,4765,4684,4091,52613,75653,,
５８７０東京都大田区羽田空港３丁目,５１８,高速湾岸線,高速湾岸線,（首都高速湾岸線）,１１月１６日（火）,晴,二輪車類,-,-,-,-,-,-,-,-,-,-,-,-,-,,,
５８７０東京都大田区羽田空港３丁目,５１８,高速湾岸線,高速湾岸線,（首都高速湾岸線）,１１月１６日（火）,晴,自転車類,-,-,-,-,-,-,-,-,-,-,-,-,-,,,
５８７０東京都大田区羽田空港３丁目,５１８,高速湾岸線,高速湾岸線,（首都高速湾岸線）,１１月１６日（火）,晴,歩行者類,-,-,-,-,-,-,-,-,-,-,-,-,-,,,
