﻿観測地点,Ｈ１７区間番号,路線名,都市計画路線名,通称道路名,調査日,天候,ピーク時間交通量（台／ｈ）,ピーク率（％）,混雑時平均旅行速度（ｋｍ／ｈ）,大型車台数（台／１２ｈ）,混入率（％）,混雑度,昼夜率,車線数,５８年度（台／１２ｈ）,６０年度（台／１２ｈ）,６３年度（台／１２ｈ）,２年度（台／１２ｈ）,６年度（台／１２ｈ）,９年度（台／１２ｈ）,１１年度（台／１２ｈ）,１７年度（台／１２ｈ）,２２年度（台／１２ｈ）
５７３０東京都大田区昭和島２丁目,５１４,首都高速湾岸分岐線,高速湾岸分岐線,（首都高速湾岸線）,１１月１６日（火）,晴,2568,10.2,81.1,5508,21.9,0.48,1.39,4,20520,26768,46869,51932,61329,82414,85317,81869,25147
,,,,,,,,,,,,,,,,,,,,,,,
観測地点,Ｈ１７区間番号,路線名,都市計画路線名,通称道路名,調査日,天候,時間・種別,７～８,８～９,９～１０,１０～１１,１１～１２,１２～１３,１３～１４,１４～１５,１５～１６,１６～１７,１７～１８,１８～１９,１２ｈ計,２４ｈ計,,
５７３０東京都大田区昭和島２丁目,５１４,首都高速湾岸分岐線,高速湾岸分岐線,（首都高速湾岸線）,１１月１６日（火）,晴,自動車類上り大型車,194,245,279,300,281,201,153,233,207,196,163,125,2577,3843,,
５７３０東京都大田区昭和島２丁目,５１４,首都高速湾岸分岐線,高速湾岸分岐線,（首都高速湾岸線）,１１月１６日（火）,晴,自動車類上り小型車,1134,1193,831,728,663,722,608,661,746,810,984,744,9824,13063,,
５７３０東京都大田区昭和島２丁目,５１４,首都高速湾岸分岐線,高速湾岸分岐線,（首都高速湾岸線）,１１月１６日（火）,晴,自動車類上り計,1328,1438,1110,1028,944,923,761,894,953,1006,1147,869,12401,16906,,
５７３０東京都大田区昭和島２丁目,５１４,首都高速湾岸分岐線,高速湾岸分岐線,（首都高速湾岸線）,１１月１６日（火）,晴,自動車類下り大型車,180,198,247,350,412,251,240,273,309,192,168,111,2931,4512,,
５７３０東京都大田区昭和島２丁目,５１４,首都高速湾岸分岐線,高速湾岸分岐線,（首都高速湾岸線）,１１月１６日（火）,晴,自動車類下り小型車,976,932,692,673,762,630,595,773,781,920,1116,965,9815,13643,,
５７３０東京都大田区昭和島２丁目,５１４,首都高速湾岸分岐線,高速湾岸分岐線,（首都高速湾岸線）,１１月１６日（火）,晴,自動車類下り計,1156,1130,939,1023,1174,881,835,1046,1090,1112,1284,1076,12746,18155,,
５７３０東京都大田区昭和島２丁目,５１４,首都高速湾岸分岐線,高速湾岸分岐線,（首都高速湾岸線）,１１月１６日（火）,晴,自動車類合計大型車,374,443,526,650,693,452,393,506,516,388,331,236,5508,8355,,
５７３０東京都大田区昭和島２丁目,５１４,首都高速湾岸分岐線,高速湾岸分岐線,（首都高速湾岸線）,１１月１６日（火）,晴,自動車類合計小型車,2110,2125,1523,1401,1425,1352,1203,1434,1527,1730,2100,1709,19639,26706,,
５７３０東京都大田区昭和島２丁目,５１４,首都高速湾岸分岐線,高速湾岸分岐線,（首都高速湾岸線）,１１月１６日（火）,晴,自動車類合計計,2484,2568,2049,2051,2118,1804,1596,1940,2043,2118,2431,1945,25147,35061,,
５７３０東京都大田区昭和島２丁目,５１４,首都高速湾岸分岐線,高速湾岸分岐線,（首都高速湾岸線）,１１月１６日（火）,晴,二輪車類,-,-,-,-,-,-,-,-,-,-,-,-,-,,,
５７３０東京都大田区昭和島２丁目,５１４,首都高速湾岸分岐線,高速湾岸分岐線,（首都高速湾岸線）,１１月１６日（火）,晴,自転車類,-,-,-,-,-,-,-,-,-,-,-,-,-,,,
５７３０東京都大田区昭和島２丁目,５１４,首都高速湾岸分岐線,高速湾岸分岐線,（首都高速湾岸線）,１１月１６日（火）,晴,歩行者類,-,-,-,-,-,-,-,-,-,-,-,-,-,,,
