﻿観測地点,Ｈ１７区間番号,路線名,都市計画路線名,通称道路名,調査日,天候,ピーク時間交通量（台／ｈ）,ピーク率（％）,混雑時平均旅行速度（ｋｍ／ｈ）,大型車台数（台／１２ｈ）,混入率（％）,混雑度,昼夜率,車線数,５８年度（台／１２ｈ）,６０年度（台／１２ｈ）,６３年度（台／１２ｈ）,２年度（台／１２ｈ）,６年度（台／１２ｈ）,９年度（台／１２ｈ）,１１年度（台／１２ｈ）,１７年度（台／１２ｈ）,２２年度（台／１２ｈ）
６０５００千代田区霞が関３－７－４,６０１９,特例都道霞ヶ関渋谷線（都道４１２号）,放１,六本木通り,１０月５日（火）,晴,2525,9.1,14.1,2646,9.6,0.77,-,6,38864,39624,37809,37756,44744,41572,29297,35374,27643
,,,,,,,,,,,,,,,,,,,,,,,
観測地点,Ｈ１７区間番号,路線名,都市計画路線名,通称道路名,調査日,天候,時間・種別,７～８,８～９,９～１０,１０～１１,１１～１２,１２～１３,１３～１４,１４～１５,１５～１６,１６～１７,１７～１８,１８～１９,１２ｈ計,２４ｈ計,,
６０５００千代田区霞が関３－７－４,６０１９,特例都道霞ヶ関渋谷線（都道４１２号）,放１,六本木通り,１０月５日（火）,晴,自動車類上り大型車,82,123,131,133,143,113,119,149,107,96,84,69,1349,-,,
６０５００千代田区霞が関３－７－４,６０１９,特例都道霞ヶ関渋谷線（都道４１２号）,放１,六本木通り,１０月５日（火）,晴,自動車類上り小型車,688,1151,1102,1099,944,972,955,1071,1156,1128,1152,1114,12532,-,,
６０５００千代田区霞が関３－７－４,６０１９,特例都道霞ヶ関渋谷線（都道４１２号）,放１,六本木通り,１０月５日（火）,晴,自動車類上り計,770,1274,1233,1232,1087,1085,1074,1220,1263,1224,1236,1183,13881,-,,
６０５００千代田区霞が関３－７－４,６０１９,特例都道霞ヶ関渋谷線（都道４１２号）,放１,六本木通り,１０月５日（火）,晴,自動車類下り大型車,111,138,178,163,117,111,88,134,91,64,53,49,1297,-,,
６０５００千代田区霞が関３－７－４,６０１９,特例都道霞ヶ関渋谷線（都道４１２号）,放１,六本木通り,１０月５日（火）,晴,自動車類下り小型車,741,972,1108,1021,945,894,1043,1128,1171,1081,1125,1236,12465,-,,
６０５００千代田区霞が関３－７－４,６０１９,特例都道霞ヶ関渋谷線（都道４１２号）,放１,六本木通り,１０月５日（火）,晴,自動車類下り計,852,1110,1286,1184,1062,1005,1131,1262,1262,1145,1178,1285,13762,-,,
６０５００千代田区霞が関３－７－４,６０１９,特例都道霞ヶ関渋谷線（都道４１２号）,放１,六本木通り,１０月５日（火）,晴,自動車類合計大型車,193,261,309,296,260,224,207,283,198,160,137,118,2646,-,,
６０５００千代田区霞が関３－７－４,６０１９,特例都道霞ヶ関渋谷線（都道４１２号）,放１,六本木通り,１０月５日（火）,晴,自動車類合計小型車,1429,2123,2210,2120,1889,1866,1998,2199,2327,2209,2277,2350,24997,-,,
６０５００千代田区霞が関３－７－４,６０１９,特例都道霞ヶ関渋谷線（都道４１２号）,放１,六本木通り,１０月５日（火）,晴,自動車類合計計,1622,2384,2519,2416,2149,2090,2205,2482,2525,2369,2414,2468,27643,-,,
６０５００千代田区霞が関３－７－４,６０１９,特例都道霞ヶ関渋谷線（都道４１２号）,放１,六本木通り,１０月５日（火）,晴,二輪車類,-,-,-,-,-,-,-,-,-,-,-,-,-,,,
６０５００千代田区霞が関３－７－４,６０１９,特例都道霞ヶ関渋谷線（都道４１２号）,放１,六本木通り,１０月５日（火）,晴,自転車類,-,-,-,-,-,-,-,-,-,-,-,-,-,,,
６０５００千代田区霞が関３－７－４,６０１９,特例都道霞ヶ関渋谷線（都道４１２号）,放１,六本木通り,１０月５日（火）,晴,歩行者類,-,-,-,-,-,-,-,-,-,-,-,-,-,,,
