﻿観測地点,Ｈ１７区間番号,路線名,都市計画路線名,通称道路名,調査日,天候,ピーク時間交通量（台／ｈ）,ピーク率（％）,混雑時平均旅行速度（ｋｍ／ｈ）,大型車台数（台／１２ｈ）,混入率（％）,混雑度,昼夜率,車線数,５８年度（台／１２ｈ）,６０年度（台／１２ｈ）,６３年度（台／１２ｈ）,２年度（台／１２ｈ）,６年度（台／１２ｈ）,９年度（台／１２ｈ）,１１年度（台／１２ｈ）,１７年度（台／１２ｈ）,２２年度（台／１２ｈ）
５７００東京都板橋区大原町,５２０,首都高速五号線,高速５号線,（首都高速５号池袋線）,１１月１６日（火）,晴,5887,8.9,38.5,11199,17.0,0.97,1.55,4,48678,48236,47376,49769,53953,56103,65791,56095,65868
,,,,,,,,,,,,,,,,,,,,,,,
観測地点,Ｈ１７区間番号,路線名,都市計画路線名,通称道路名,調査日,天候,時間・種別,７～８,８～９,９～１０,１０～１１,１１～１２,１２～１３,１３～１４,１４～１５,１５～１６,１６～１７,１７～１８,１８～１９,１２ｈ計,２４ｈ計,,
５７００東京都板橋区大原町,５２０,首都高速五号線,高速５号線,（首都高速５号池袋線）,１１月１６日（火）,晴,自動車類上り大型車,281,388,545,711,613,518,459,469,471,368,344,253,5420,9715,,
５７００東京都板橋区大原町,５２０,首都高速五号線,高速５号線,（首都高速５号池袋線）,１１月１６日（火）,晴,自動車類上り小型車,2773,2733,2321,2180,2042,1926,1926,2013,2254,2364,2419,2012,26963,39248,,
５７００東京都板橋区大原町,５２０,首都高速五号線,高速５号線,（首都高速５号池袋線）,１１月１６日（火）,晴,自動車類上り計,3054,3121,2866,2891,2655,2444,2385,2482,2725,2732,2763,2265,32383,48963,,
５７００東京都板橋区大原町,５２０,首都高速五号線,高速５号線,（首都高速５号池袋線）,１１月１６日（火）,晴,自動車類下り大型車,407,387,564,631,595,603,556,541,466,383,327,319,5779,10623,,
５７００東京都板橋区大原町,５２０,首都高速五号線,高速５号線,（首都高速５号池袋線）,１１月１６日（火）,晴,自動車類下り小型車,1820,1921,1962,2180,2350,2159,2118,2298,2428,2588,2797,3085,27706,42676,,
５７００東京都板橋区大原町,５２０,首都高速五号線,高速５号線,（首都高速５号池袋線）,１１月１６日（火）,晴,自動車類下り計,2227,2308,2526,2811,2945,2762,2674,2839,2894,2971,3124,3404,33485,53299,,
５７００東京都板橋区大原町,５２０,首都高速五号線,高速５号線,（首都高速５号池袋線）,１１月１６日（火）,晴,自動車類合計大型車,688,775,1109,1342,1208,1121,1015,1010,937,751,671,572,11199,20338,,
５７００東京都板橋区大原町,５２０,首都高速五号線,高速５号線,（首都高速５号池袋線）,１１月１６日（火）,晴,自動車類合計小型車,4593,4654,4283,4360,4392,4085,4044,4311,4682,4952,5216,5097,54669,81924,,
５７００東京都板橋区大原町,５２０,首都高速五号線,高速５号線,（首都高速５号池袋線）,１１月１６日（火）,晴,自動車類合計計,5281,5429,5392,5702,5600,5206,5059,5321,5619,5703,5887,5669,65868,102262,,
５７００東京都板橋区大原町,５２０,首都高速五号線,高速５号線,（首都高速５号池袋線）,１１月１６日（火）,晴,二輪車類,-,-,-,-,-,-,-,-,-,-,-,-,-,,,
５７００東京都板橋区大原町,５２０,首都高速五号線,高速５号線,（首都高速５号池袋線）,１１月１６日（火）,晴,自転車類,-,-,-,-,-,-,-,-,-,-,-,-,-,,,
５７００東京都板橋区大原町,５２０,首都高速五号線,高速５号線,（首都高速５号池袋線）,１１月１６日（火）,晴,歩行者類,-,-,-,-,-,-,-,-,-,-,-,-,-,,,
