﻿観測地点,Ｈ１７区間番号,路線名,都市計画路線名,通称道路名,調査日,天候,ピーク時間交通量（台／ｈ）,ピーク率（％）,混雑時平均旅行速度（ｋｍ／ｈ）,大型車台数（台／１２ｈ）,混入率（％）,混雑度,昼夜率,車線数,５８年度（台／１２ｈ）,６０年度（台／１２ｈ）,６３年度（台／１２ｈ）,２年度（台／１２ｈ）,６年度（台／１２ｈ）,９年度（台／１２ｈ）,１１年度（台／１２ｈ）,１７年度（台／１２ｈ）,２２年度（台／１２ｈ）
５２１０東京都千代田区永田町１丁目,５０３,首都高速三号線,高速３号線,（首都高速都心環状線）,１１月１６日（火）,晴,6134,9.3,34.2,8352,12.6,1.03,1.54,4,71319,65046,69932,70143,70764,72952,74300,72637,66079
,,,,,,,,,,,,,,,,,,,,,,,
観測地点,Ｈ１７区間番号,路線名,都市計画路線名,通称道路名,調査日,天候,時間・種別,７～８,８～９,９～１０,１０～１１,１１～１２,１２～１３,１３～１４,１４～１５,１５～１６,１６～１７,１７～１８,１８～１９,１２ｈ計,２４ｈ計,,
５２１０東京都千代田区永田町１丁目,５０３,首都高速三号線,高速３号線,（首都高速都心環状線）,１１月１６日（火）,晴,自動車類上り大型車,264,300,487,629,376,228,323,353,301,283,290,267,4101,8113,,
５２１０東京都千代田区永田町１丁目,５０３,首都高速三号線,高速３号線,（首都高速都心環状線）,１１月１６日（火）,晴,自動車類上り小型車,2623,2549,2371,2193,1344,1824,2169,2306,2299,2331,2430,2324,26763,40652,,
５２１０東京都千代田区永田町１丁目,５０３,首都高速三号線,高速３号線,（首都高速都心環状線）,１１月１６日（火）,晴,自動車類上り計,2887,2849,2858,2822,1720,2052,2492,2659,2600,2614,2720,2591,30864,48765,,
５２１０東京都千代田区永田町１丁目,５０３,首都高速三号線,高速３号線,（首都高速都心環状線）,１１月１６日（火）,晴,自動車類下り大型車,313,348,507,525,478,448,333,365,297,274,179,184,4251,7488,,
５２１０東京都千代田区永田町１丁目,５０３,首都高速三号線,高速３号線,（首都高速都心環状線）,１１月１６日（火）,晴,自動車類下り小型車,2266,2937,2641,2410,2399,2558,2435,2519,2643,2790,2951,2415,30964,45716,,
５２１０東京都千代田区永田町１丁目,５０３,首都高速三号線,高速３号線,（首都高速都心環状線）,１１月１６日（火）,晴,自動車類下り計,2579,3285,3148,2935,2877,3006,2768,2884,2940,3064,3130,2599,35215,53204,,
５２１０東京都千代田区永田町１丁目,５０３,首都高速三号線,高速３号線,（首都高速都心環状線）,１１月１６日（火）,晴,自動車類合計大型車,577,648,994,1154,854,676,656,718,598,557,469,451,8352,15601,,
５２１０東京都千代田区永田町１丁目,５０３,首都高速三号線,高速３号線,（首都高速都心環状線）,１１月１６日（火）,晴,自動車類合計小型車,4889,5486,5012,4603,3743,4382,4604,4825,4942,5121,5381,4739,57727,86368,,
５２１０東京都千代田区永田町１丁目,５０３,首都高速三号線,高速３号線,（首都高速都心環状線）,１１月１６日（火）,晴,自動車類合計計,5466,6134,6006,5757,4597,5058,5260,5543,5540,5678,5850,5190,66079,101969,,
５２１０東京都千代田区永田町１丁目,５０３,首都高速三号線,高速３号線,（首都高速都心環状線）,１１月１６日（火）,晴,二輪車類,-,-,-,-,-,-,-,-,-,-,-,-,-,,,
５２１０東京都千代田区永田町１丁目,５０３,首都高速三号線,高速３号線,（首都高速都心環状線）,１１月１６日（火）,晴,自転車類,-,-,-,-,-,-,-,-,-,-,-,-,-,,,
５２１０東京都千代田区永田町１丁目,５０３,首都高速三号線,高速３号線,（首都高速都心環状線）,１１月１６日（火）,晴,歩行者類,-,-,-,-,-,-,-,-,-,-,-,-,-,,,
