﻿観測地点,Ｈ１７区間番号,路線名,都市計画路線名,通称道路名,調査日,天候,ピーク時間交通量（台／ｈ）,ピーク率（％）,混雑時平均旅行速度（ｋｍ／ｈ）,大型車台数（台／１２ｈ）,混入率（％）,混雑度,昼夜率,車線数,５８年度（台／１２ｈ）,６０年度（台／１２ｈ）,６３年度（台／１２ｈ）,２年度（台／１２ｈ）,６年度（台／１２ｈ）,９年度（台／１２ｈ）,１１年度（台／１２ｈ）,１７年度（台／１２ｈ）,２２年度（台／１２ｈ）
５５２０東京都港区元赤坂１丁目,５０９,首都高速四号線,高速４号線,（首都高速４号新宿線）,１１月１６日（火）,晴,5857,9.3,45.5,7108,11.3,0.92,1.53,4,46531,53529,56407,55613,59712,60766,61178,58012,62784
,,,,,,,,,,,,,,,,,,,,,,,
観測地点,Ｈ１７区間番号,路線名,都市計画路線名,通称道路名,調査日,天候,時間・種別,７～８,８～９,９～１０,１０～１１,１１～１２,１２～１３,１３～１４,１４～１５,１５～１６,１６～１７,１７～１８,１８～１９,１２ｈ計,２４ｈ計,,
５５２０東京都港区元赤坂１丁目,５０９,首都高速四号線,高速４号線,（首都高速４号新宿線）,１１月１６日（火）,晴,自動車類上り大型車,214,238,389,446,276,268,289,350,246,277,189,204,3386,5574,,
５５２０東京都港区元赤坂１丁目,５０９,首都高速四号線,高速４号線,（首都高速４号新宿線）,１１月１６日（火）,晴,自動車類上り小型車,2719,2837,2440,2261,1774,1647,2018,2210,2412,2490,2465,2002,27275,39966,,
５５２０東京都港区元赤坂１丁目,５０９,首都高速四号線,高速４号線,（首都高速４号新宿線）,１１月１６日（火）,晴,自動車類上り計,2933,3075,2829,2707,2050,1915,2307,2560,2658,2767,2654,2206,30661,45540,,
５５２０東京都港区元赤坂１丁目,５０９,首都高速四号線,高速４号線,（首都高速４号新宿線）,１１月１６日（火）,晴,自動車類下り大型車,334,329,394,379,330,373,325,305,279,289,225,160,3722,6280,,
５５２０東京都港区元赤坂１丁目,５０９,首都高速四号線,高速４号線,（首都高速４号新宿線）,１１月１６日（火）,晴,自動車類下り小型車,2325,2453,2445,2206,2086,2164,2379,2422,2389,2497,2682,2353,28401,43933,,
５５２０東京都港区元赤坂１丁目,５０９,首都高速四号線,高速４号線,（首都高速４号新宿線）,１１月１６日（火）,晴,自動車類下り計,2659,2782,2839,2585,2416,2537,2704,2727,2668,2786,2907,2513,32123,50213,,
５５２０東京都港区元赤坂１丁目,５０９,首都高速四号線,高速４号線,（首都高速４号新宿線）,１１月１６日（火）,晴,自動車類合計大型車,548,567,783,825,606,641,614,655,525,566,414,364,7108,11854,,
５５２０東京都港区元赤坂１丁目,５０９,首都高速四号線,高速４号線,（首都高速４号新宿線）,１１月１６日（火）,晴,自動車類合計小型車,5044,5290,4885,4467,3860,3811,4397,4632,4801,4987,5147,4355,55676,83899,,
５５２０東京都港区元赤坂１丁目,５０９,首都高速四号線,高速４号線,（首都高速４号新宿線）,１１月１６日（火）,晴,自動車類合計計,5592,5857,5668,5292,4466,4452,5011,5287,5326,5553,5561,4719,62784,95753,,
５５２０東京都港区元赤坂１丁目,５０９,首都高速四号線,高速４号線,（首都高速４号新宿線）,１１月１６日（火）,晴,二輪車類,-,-,-,-,-,-,-,-,-,-,-,-,-,,,
５５２０東京都港区元赤坂１丁目,５０９,首都高速四号線,高速４号線,（首都高速４号新宿線）,１１月１６日（火）,晴,自転車類,-,-,-,-,-,-,-,-,-,-,-,-,-,,,
５５２０東京都港区元赤坂１丁目,５０９,首都高速四号線,高速４号線,（首都高速４号新宿線）,１１月１６日（火）,晴,歩行者類,-,-,-,-,-,-,-,-,-,-,-,-,-,,,
