﻿観測地点,Ｈ１７区間番号,路線名,都市計画路線名,通称道路名,調査日,天候,ピーク時間交通量（台／ｈ）,ピーク率（％）,混雑時平均旅行速度（ｋｍ／ｈ）,大型車台数（台／１２ｈ）,混入率（％）,混雑度,昼夜率,車線数,５８年度（台／１２ｈ）,６０年度（台／１２ｈ）,６３年度（台／１２ｈ）,２年度（台／１２ｈ）,６年度（台／１２ｈ）,９年度（台／１２ｈ）,１１年度（台／１２ｈ）,１７年度（台／１２ｈ）,２２年度（台／１２ｈ）
４０４５０世田谷区玉堤１,４０２１,主要地方道大田調布線（都道１１号）,－,多摩堤通り,１０月１９日（火）,曇,872,9.7,25,1363,15.2,0.81,-,2,9226,8423,6871,6672,7050,6193,5584,5546,8975
,,,,,,,,,,,,,,,,,,,,,,,
観測地点,Ｈ１７区間番号,路線名,都市計画路線名,通称道路名,調査日,天候,時間・種別,７～８,８～９,９～１０,１０～１１,１１～１２,１２～１３,１３～１４,１４～１５,１５～１６,１６～１７,１７～１８,１８～１９,１２ｈ計,２４ｈ計,,
４０４５０世田谷区玉堤１,４０２１,主要地方道大田調布線（都道１１号）,－,多摩堤通り,１０月１９日（火）,曇,自動車類上り大型車,72,67,59,75,88,73,83,53,58,36,26,25,715,-,,
４０４５０世田谷区玉堤１,４０２１,主要地方道大田調布線（都道１１号）,－,多摩堤通り,１０月１９日（火）,曇,自動車類上り小型車,418,395,324,289,311,235,320,295,298,353,340,317,3895,-,,
４０４５０世田谷区玉堤１,４０２１,主要地方道大田調布線（都道１１号）,－,多摩堤通り,１０月１９日（火）,曇,自動車類上り計,490,462,383,364,399,308,403,348,356,389,366,342,4610,-,,
４０４５０世田谷区玉堤１,４０２１,主要地方道大田調布線（都道１１号）,－,多摩堤通り,１０月１９日（火）,曇,自動車類下り大型車,47,58,54,70,58,53,74,63,50,54,32,35,648,-,,
４０４５０世田谷区玉堤１,４０２１,主要地方道大田調布線（都道１１号）,－,多摩堤通り,１０月１９日（火）,曇,自動車類下り小型車,335,309,289,265,297,202,231,274,312,361,393,449,3717,-,,
４０４５０世田谷区玉堤１,４０２１,主要地方道大田調布線（都道１１号）,－,多摩堤通り,１０月１９日（火）,曇,自動車類下り計,382,367,343,335,355,255,305,337,362,415,425,484,4365,-,,
４０４５０世田谷区玉堤１,４０２１,主要地方道大田調布線（都道１１号）,－,多摩堤通り,１０月１９日（火）,曇,自動車類合計大型車,119,125,113,145,146,126,157,116,108,90,58,60,1363,-,,
４０４５０世田谷区玉堤１,４０２１,主要地方道大田調布線（都道１１号）,－,多摩堤通り,１０月１９日（火）,曇,自動車類合計小型車,753,704,613,554,608,437,551,569,610,714,733,766,7612,-,,
４０４５０世田谷区玉堤１,４０２１,主要地方道大田調布線（都道１１号）,－,多摩堤通り,１０月１９日（火）,曇,自動車類合計計,872,829,726,699,754,563,708,685,718,804,791,826,8975,-,,
４０４５０世田谷区玉堤１,４０２１,主要地方道大田調布線（都道１１号）,－,多摩堤通り,１０月１９日（火）,曇,二輪車類,-,-,-,-,-,-,-,-,-,-,-,-,-,,,
４０４５０世田谷区玉堤１,４０２１,主要地方道大田調布線（都道１１号）,－,多摩堤通り,１０月１９日（火）,曇,自転車類,10,9,10,4,6,6,3,13,8,13,7,7,96,,,
４０４５０世田谷区玉堤１,４０２１,主要地方道大田調布線（都道１１号）,－,多摩堤通り,１０月１９日（火）,曇,歩行者類,1,4,2,4,1,1,1,3,1,0,2,1,21,,,
