﻿観測地点,Ｈ１７区間番号,路線名,都市計画路線名,通称道路名,調査日,天候,ピーク時間交通量（台／ｈ）,ピーク率（％）,混雑時平均旅行速度（ｋｍ／ｈ）,大型車台数（台／１２ｈ）,混入率（％）,混雑度,昼夜率,車線数,５８年度（台／１２ｈ）,６０年度（台／１２ｈ）,６３年度（台／１２ｈ）,２年度（台／１２ｈ）,６年度（台／１２ｈ）,９年度（台／１２ｈ）,１１年度（台／１２ｈ）,１７年度（台／１２ｈ）,２２年度（台／１２ｈ）
６１３０東京都渋谷区初台１丁目,－,首都高速目黒板橋線,高速中央環状新宿線,（首都高速中央環状新宿線）,１１月１６日（火）,晴,2433,9.6,80.1,4322,17.1,0.39,1.59,4,-,-,-,-,-,-,-,-,25324
,,,,,,,,,,,,,,,,,,,,,,,
観測地点,Ｈ１７区間番号,路線名,都市計画路線名,通称道路名,調査日,天候,時間・種別,７～８,８～９,９～１０,１０～１１,１１～１２,１２～１３,１３～１４,１４～１５,１５～１６,１６～１７,１７～１８,１８～１９,１２ｈ計,２４ｈ計,,
６１３０東京都渋谷区初台１丁目,－,首都高速目黒板橋線,高速中央環状新宿線,（首都高速中央環状新宿線）,１１月１６日（火）,晴,自動車類上り大型車,102,100,215,248,295,297,208,205,210,161,172,167,2380,4652,,
６１３０東京都渋谷区初台１丁目,－,首都高速目黒板橋線,高速中央環状新宿線,（首都高速中央環状新宿線）,１１月１６日（火）,晴,自動車類上り小型車,1016,1049,1013,903,1006,873,732,816,812,777,958,910,10865,15706,,
６１３０東京都渋谷区初台１丁目,－,首都高速目黒板橋線,高速中央環状新宿線,（首都高速中央環状新宿線）,１１月１６日（火）,晴,自動車類上り計,1118,1149,1228,1151,1301,1170,940,1021,1022,938,1130,1077,13245,20358,,
６１３０東京都渋谷区初台１丁目,－,首都高速目黒板橋線,高速中央環状新宿線,（首都高速中央環状新宿線）,１１月１６日（火）,晴,自動車類下り大型車,68,111,184,256,222,236,158,165,156,155,113,118,1942,4986,,
６１３０東京都渋谷区初台１丁目,－,首都高速目黒板橋線,高速中央環状新宿線,（首都高速中央環状新宿線）,１１月１６日（火）,晴,自動車類下り小型車,534,791,743,823,773,763,706,786,879,1019,1190,1130,10137,14901,,
６１３０東京都渋谷区初台１丁目,－,首都高速目黒板橋線,高速中央環状新宿線,（首都高速中央環状新宿線）,１１月１６日（火）,晴,自動車類下り計,602,902,927,1079,995,999,864,951,1035,1174,1303,1248,12079,19887,,
６１３０東京都渋谷区初台１丁目,－,首都高速目黒板橋線,高速中央環状新宿線,（首都高速中央環状新宿線）,１１月１６日（火）,晴,自動車類合計大型車,170,211,399,504,517,533,366,370,366,316,285,285,4322,9638,,
６１３０東京都渋谷区初台１丁目,－,首都高速目黒板橋線,高速中央環状新宿線,（首都高速中央環状新宿線）,１１月１６日（火）,晴,自動車類合計小型車,1550,1840,1756,1726,1779,1636,1438,1602,1691,1796,2148,2040,21002,30607,,
６１３０東京都渋谷区初台１丁目,－,首都高速目黒板橋線,高速中央環状新宿線,（首都高速中央環状新宿線）,１１月１６日（火）,晴,自動車類合計計,1720,2051,2155,2230,2296,2169,1804,1972,2057,2112,2433,2325,25324,40245,,
６１３０東京都渋谷区初台１丁目,－,首都高速目黒板橋線,高速中央環状新宿線,（首都高速中央環状新宿線）,１１月１６日（火）,晴,二輪車類,-,-,-,-,-,-,-,-,-,-,-,-,-,,,
６１３０東京都渋谷区初台１丁目,－,首都高速目黒板橋線,高速中央環状新宿線,（首都高速中央環状新宿線）,１１月１６日（火）,晴,自転車類,-,-,-,-,-,-,-,-,-,-,-,-,-,,,
６１３０東京都渋谷区初台１丁目,－,首都高速目黒板橋線,高速中央環状新宿線,（首都高速中央環状新宿線）,１１月１６日（火）,晴,歩行者類,-,-,-,-,-,-,-,-,-,-,-,-,-,,,
