﻿観測地点,Ｈ１７区間番号,路線名,都市計画路線名,通称道路名,調査日,天候,ピーク時間交通量（台／ｈ）,ピーク率（％）,混雑時平均旅行速度（ｋｍ／ｈ）,大型車台数（台／１２ｈ）,混入率（％）,混雑度,昼夜率,車線数,５８年度（台／１２ｈ）,６０年度（台／１２ｈ）,６３年度（台／１２ｈ）,２年度（台／１２ｈ）,６年度（台／１２ｈ）,９年度（台／１２ｈ）,１１年度（台／１２ｈ）,１７年度（台／１２ｈ）,２２年度（台／１２ｈ）
５７２０東京都板橋区高島平４丁目,５２０,首都高速五号線,高速５号線,（首都高速５号池袋線）,１１月１６日（火）,晴,4107,9.1,13.6,7777,17.2,0.66,1.57,4,48678,48236,47376,49769,53953,56103,65791,56095,45283
,,,,,,,,,,,,,,,,,,,,,,,
観測地点,Ｈ１７区間番号,路線名,都市計画路線名,通称道路名,調査日,天候,時間・種別,７～８,８～９,９～１０,１０～１１,１１～１２,１２～１３,１３～１４,１４～１５,１５～１６,１６～１７,１７～１８,１８～１９,１２ｈ計,２４ｈ計,,
５７２０東京都板橋区高島平４丁目,５２０,首都高速五号線,高速５号線,（首都高速５号池袋線）,１１月１６日（火）,晴,自動車類上り大型車,140,245,422,554,499,424,361,352,353,268,249,227,4094,7528,,
５７２０東京都板橋区高島平４丁目,５２０,首都高速五号線,高速５号線,（首都高速５号池袋線）,１１月１６日（火）,晴,自動車類上り小型車,1606,1328,1255,1398,1366,1409,1406,1424,1686,1844,1795,1491,18008,26875,,
５７２０東京都板橋区高島平４丁目,５２０,首都高速五号線,高速５号線,（首都高速５号池袋線）,１１月１６日（火）,晴,自動車類上り計,1746,1573,1677,1952,1865,1833,1767,1776,2039,2112,2044,1718,22102,34403,,
５７２０東京都板橋区高島平４丁目,５２０,首都高速五号線,高速５号線,（首都高速５号池袋線）,１１月１６日（火）,晴,自動車類下り大型車,275,255,361,385,407,418,319,348,293,242,198,182,3683,6872,,
５７２０東京都板橋区高島平４丁目,５２０,首都高速五号線,高速５号線,（首都高速５号池袋線）,１１月１６日（火）,晴,自動車類下り小型車,1355,1421,1427,1607,1786,1593,1526,1574,1554,1726,1865,2064,19498,30011,,
５７２０東京都板橋区高島平４丁目,５２０,首都高速五号線,高速５号線,（首都高速５号池袋線）,１１月１６日（火）,晴,自動車類下り計,1630,1676,1788,1992,2193,2011,1845,1922,1847,1968,2063,2246,23181,36883,,
５７２０東京都板橋区高島平４丁目,５２０,首都高速五号線,高速５号線,（首都高速５号池袋線）,１１月１６日（火）,晴,自動車類合計大型車,415,500,783,939,906,842,680,700,646,510,447,409,7777,14400,,
５７２０東京都板橋区高島平４丁目,５２０,首都高速五号線,高速５号線,（首都高速５号池袋線）,１１月１６日（火）,晴,自動車類合計小型車,2961,2749,2682,3005,3152,3002,2932,2998,3240,3570,3660,3555,37506,56886,,
５７２０東京都板橋区高島平４丁目,５２０,首都高速五号線,高速５号線,（首都高速５号池袋線）,１１月１６日（火）,晴,自動車類合計計,3376,3249,3465,3944,4058,3844,3612,3698,3886,4080,4107,3964,45283,71286,,
５７２０東京都板橋区高島平４丁目,５２０,首都高速五号線,高速５号線,（首都高速５号池袋線）,１１月１６日（火）,晴,二輪車類,-,-,-,-,-,-,-,-,-,-,-,-,-,,,
５７２０東京都板橋区高島平４丁目,５２０,首都高速五号線,高速５号線,（首都高速５号池袋線）,１１月１６日（火）,晴,自転車類,-,-,-,-,-,-,-,-,-,-,-,-,-,,,
５７２０東京都板橋区高島平４丁目,５２０,首都高速五号線,高速５号線,（首都高速５号池袋線）,１１月１６日（火）,晴,歩行者類,-,-,-,-,-,-,-,-,-,-,-,-,-,,,
