﻿観測地点,Ｈ１７区間番号,路線名,都市計画路線名,通称道路名,調査日,天候,ピーク時間交通量（台／ｈ）,ピーク率（％）,混雑時平均旅行速度（ｋｍ／ｈ）,大型車台数（台／１２ｈ）,混入率（％）,混雑度,昼夜率,車線数,５８年度（台／１２ｈ）,６０年度（台／１２ｈ）,６３年度（台／１２ｈ）,２年度（台／１２ｈ）,６年度（台／１２ｈ）,９年度（台／１２ｈ）,１１年度（台／１２ｈ）,１７年度（台／１２ｈ）,２２年度（台／１２ｈ）
５０７０東京都港区海岸１丁目,５０１,首都高速一号線,高速１号線,（首都高速都心環状線）,１１月１６日（火）,晴,7534,9.1,56.6,11226,13.6,0.9,1.52,6,64413,63063,64715,60372,53973,56743,62654,59768,82683
,,,,,,,,,,,,,,,,,,,,,,,
観測地点,Ｈ１７区間番号,路線名,都市計画路線名,通称道路名,調査日,天候,時間・種別,７～８,８～９,９～１０,１０～１１,１１～１２,１２～１３,１３～１４,１４～１５,１５～１６,１６～１７,１７～１８,１８～１９,１２ｈ計,２４ｈ計,,
５０７０東京都港区海岸１丁目,５０１,首都高速一号線,高速１号線,（首都高速都心環状線）,１１月１６日（火）,晴,自動車類上り大型車,415,416,542,535,473,512,491,510,425,321,248,253,5141,9272,,
５０７０東京都港区海岸１丁目,５０１,首都高速一号線,高速１号線,（首都高速都心環状線）,１１月１６日（火）,晴,自動車類上り小型車,3034,2996,2789,2558,2176,2247,2790,2995,3191,3078,2824,2736,33414,50405,,
５０７０東京都港区海岸１丁目,５０１,首都高速一号線,高速１号線,（首都高速都心環状線）,１１月１６日（火）,晴,自動車類上り計,3449,3412,3331,3093,2649,2759,3281,3505,3616,3399,3072,2989,38555,59677,,
５０７０東京都港区海岸１丁目,５０１,首都高速一号線,高速１号線,（首都高速都心環状線）,１１月１６日（火）,晴,自動車類下り大型車,559,586,630,599,588,714,478,470,413,425,325,298,6085,9970,,
５０７０東京都港区海岸１丁目,５０１,首都高速一号線,高速１号線,（首都高速都心環状線）,１１月１６日（火）,晴,自動車類下り小型車,3406,3536,3267,2941,2906,3226,3048,3092,3185,3189,3237,3010,38043,55922,,
５０７０東京都港区海岸１丁目,５０１,首都高速一号線,高速１号線,（首都高速都心環状線）,１１月１６日（火）,晴,自動車類下り計,3965,4122,3897,3540,3494,3940,3526,3562,3598,3614,3562,3308,44128,65892,,
５０７０東京都港区海岸１丁目,５０１,首都高速一号線,高速１号線,（首都高速都心環状線）,１１月１６日（火）,晴,自動車類合計大型車,974,1002,1172,1134,1061,1226,969,980,838,746,573,551,11226,19242,,
５０７０東京都港区海岸１丁目,５０１,首都高速一号線,高速１号線,（首都高速都心環状線）,１１月１６日（火）,晴,自動車類合計小型車,6440,6532,6056,5499,5082,5473,5838,6087,6376,6267,6061,5746,71457,106327,,
５０７０東京都港区海岸１丁目,５０１,首都高速一号線,高速１号線,（首都高速都心環状線）,１１月１６日（火）,晴,自動車類合計計,7414,7534,7228,6633,6143,6699,6807,7067,7214,7013,6634,6297,82683,125569,,
５０７０東京都港区海岸１丁目,５０１,首都高速一号線,高速１号線,（首都高速都心環状線）,１１月１６日（火）,晴,二輪車類,-,-,-,-,-,-,-,-,-,-,-,-,-,,,
５０７０東京都港区海岸１丁目,５０１,首都高速一号線,高速１号線,（首都高速都心環状線）,１１月１６日（火）,晴,自転車類,-,-,-,-,-,-,-,-,-,-,-,-,-,,,
５０７０東京都港区海岸１丁目,５０１,首都高速一号線,高速１号線,（首都高速都心環状線）,１１月１６日（火）,晴,歩行者類,-,-,-,-,-,-,-,-,-,-,-,-,-,,,
