﻿観測地点,Ｈ１７区間番号,路線名,都市計画路線名,通称道路名,調査日,天候,ピーク時間交通量（台／ｈ）,ピーク率（％）,混雑時平均旅行速度（ｋｍ／ｈ）,大型車台数（台／１２ｈ）,混入率（％）,混雑度,昼夜率,車線数,５８年度（台／１２ｈ）,６０年度（台／１２ｈ）,６３年度（台／１２ｈ）,２年度（台／１２ｈ）,６年度（台／１２ｈ）,９年度（台／１２ｈ）,１１年度（台／１２ｈ）,１７年度（台／１２ｈ）,２２年度（台／１２ｈ）
５６２０東京都千代田区神田神保町３丁目,５１０,首都高速五号線,高速５号線,（首都高速５号池袋線）,１１月１６日（火）,晴,5206,9.5,16,9070,16.6,0.94,1.61,4,48678,48236,47376,49769,53953,56103,65791,64222,54712
,,,,,,,,,,,,,,,,,,,,,,,
観測地点,Ｈ１７区間番号,路線名,都市計画路線名,通称道路名,調査日,天候,時間・種別,７～８,８～９,９～１０,１０～１１,１１～１２,１２～１３,１３～１４,１４～１５,１５～１６,１６～１７,１７～１８,１８～１９,１２ｈ計,２４ｈ計,,
５６２０東京都千代田区神田神保町３丁目,５１０,首都高速五号線,高速５号線,（首都高速５号池袋線）,１１月１６日（火）,晴,自動車類上り大型車,226,227,381,435,429,280,251,300,293,204,169,147,3342,6240,,
５６２０東京都千代田区神田神保町３丁目,５１０,首都高速五号線,高速５号線,（首都高速５号池袋線）,１１月１６日（火）,晴,自動車類上り小型車,2258,2320,1696,1652,704,586,1484,1675,1818,1980,1657,1302,19132,30155,,
５６２０東京都千代田区神田神保町３丁目,５１０,首都高速五号線,高速５号線,（首都高速５号池袋線）,１１月１６日（火）,晴,自動車類上り計,2484,2547,2077,2087,1133,866,1735,1975,2111,2184,1826,1449,22474,36395,,
５６２０東京都千代田区神田神保町３丁目,５１０,首都高速五号線,高速５号線,（首都高速５号池袋線）,１１月１６日（火）,晴,自動車類下り大型車,480,483,572,595,615,565,505,506,423,376,307,301,5728,9630,,
５６２０東京都千代田区神田神保町３丁目,５１０,首都高速五号線,高速５号線,（首都高速５号池袋線）,１１月１６日（火）,晴,自動車類下り小型車,2006,2176,2048,2118,2104,2042,2116,2184,2320,2399,2632,2365,26510,41848,,
５６２０東京都千代田区神田神保町３丁目,５１０,首都高速五号線,高速５号線,（首都高速５号池袋線）,１１月１６日（火）,晴,自動車類下り計,2486,2659,2620,2713,2719,2607,2621,2690,2743,2775,2939,2666,32238,51478,,
５６２０東京都千代田区神田神保町３丁目,５１０,首都高速五号線,高速５号線,（首都高速５号池袋線）,１１月１６日（火）,晴,自動車類合計大型車,706,710,953,1030,1044,845,756,806,716,580,476,448,9070,15870,,
５６２０東京都千代田区神田神保町３丁目,５１０,首都高速五号線,高速５号線,（首都高速５号池袋線）,１１月１６日（火）,晴,自動車類合計小型車,4264,4496,3744,3770,2808,2628,3600,3859,4138,4379,4289,3667,45642,72003,,
５６２０東京都千代田区神田神保町３丁目,５１０,首都高速五号線,高速５号線,（首都高速５号池袋線）,１１月１６日（火）,晴,自動車類合計計,4970,5206,4697,4800,3852,3473,4356,4665,4854,4959,4765,4115,54712,87873,,
５６２０東京都千代田区神田神保町３丁目,５１０,首都高速五号線,高速５号線,（首都高速５号池袋線）,１１月１６日（火）,晴,二輪車類,-,-,-,-,-,-,-,-,-,-,-,-,-,,,
５６２０東京都千代田区神田神保町３丁目,５１０,首都高速五号線,高速５号線,（首都高速５号池袋線）,１１月１６日（火）,晴,自転車類,-,-,-,-,-,-,-,-,-,-,-,-,-,,,
５６２０東京都千代田区神田神保町３丁目,５１０,首都高速五号線,高速５号線,（首都高速５号池袋線）,１１月１６日（火）,晴,歩行者類,-,-,-,-,-,-,-,-,-,-,-,-,-,,,
