﻿観測地点,Ｈ１７区間番号,路線名,都市計画路線名,通称道路名,調査日,天候,ピーク時間交通量（台／ｈ）,ピーク率（％）,混雑時平均旅行速度（ｋｍ／ｈ）,大型車台数（台／１２ｈ）,混入率（％）,混雑度,昼夜率,車線数,５８年度（台／１２ｈ）,６０年度（台／１２ｈ）,６３年度（台／１２ｈ）,２年度（台／１２ｈ）,６年度（台／１２ｈ）,９年度（台／１２ｈ）,１１年度（台／１２ｈ）,１７年度（台／１２ｈ）,２２年度（台／１２ｈ）
４１３８０江戸川区船堀２－２２,４０６９,主要地方道千住小松川葛西沖線（都道３０８号）,補１４０,船堀街道,１０月２０日（水）,曇,1256,9.2,18.6,2620,19.2,1.43,-,2,13287,13806,13773,14611,14581,13543,15802,15933,13661
,,,,,,,,,,,,,,,,,,,,,,,
観測地点,Ｈ１７区間番号,路線名,都市計画路線名,通称道路名,調査日,天候,時間・種別,７～８,８～９,９～１０,１０～１１,１１～１２,１２～１３,１３～１４,１４～１５,１５～１６,１６～１７,１７～１８,１８～１９,１２ｈ計,２４ｈ計,,
４１３８０江戸川区船堀２－２２,４０６９,主要地方道千住小松川葛西沖線（都道３０８号）,補１４０,船堀街道,１０月２０日（水）,曇,自動車類上り大型車,91,119,148,144,118,100,123,120,124,117,84,69,1357,-,,
４１３８０江戸川区船堀２－２２,４０６９,主要地方道千住小松川葛西沖線（都道３０８号）,補１４０,船堀街道,１０月２０日（水）,曇,自動車類上り小型車,351,409,411,450,453,417,472,489,512,493,538,558,5553,-,,
４１３８０江戸川区船堀２－２２,４０６９,主要地方道千住小松川葛西沖線（都道３０８号）,補１４０,船堀街道,１０月２０日（水）,曇,自動車類上り計,442,528,559,594,571,517,595,609,636,610,622,627,6910,-,,
４１３８０江戸川区船堀２－２２,４０６９,主要地方道千住小松川葛西沖線（都道３０８号）,補１４０,船堀街道,１０月２０日（水）,曇,自動車類下り大型車,100,146,133,122,108,86,99,111,105,110,88,55,1263,-,,
４１３８０江戸川区船堀２－２２,４０６９,主要地方道千住小松川葛西沖線（都道３０８号）,補１４０,船堀街道,１０月２０日（水）,曇,自動車類下り小型車,352,476,485,426,470,429,451,470,515,448,492,474,5488,-,,
４１３８０江戸川区船堀２－２２,４０６９,主要地方道千住小松川葛西沖線（都道３０８号）,補１４０,船堀街道,１０月２０日（水）,曇,自動車類下り計,452,622,618,548,578,515,550,581,620,558,580,529,6751,-,,
４１３８０江戸川区船堀２－２２,４０６９,主要地方道千住小松川葛西沖線（都道３０８号）,補１４０,船堀街道,１０月２０日（水）,曇,自動車類合計大型車,191,265,281,266,226,186,222,231,229,227,172,124,2620,-,,
４１３８０江戸川区船堀２－２２,４０６９,主要地方道千住小松川葛西沖線（都道３０８号）,補１４０,船堀街道,１０月２０日（水）,曇,自動車類合計小型車,703,885,896,876,923,846,923,959,1027,941,1030,1032,11041,-,,
４１３８０江戸川区船堀２－２２,４０６９,主要地方道千住小松川葛西沖線（都道３０８号）,補１４０,船堀街道,１０月２０日（水）,曇,自動車類合計計,894,1150,1177,1142,1149,1032,1145,1190,1256,1168,1202,1156,13661,-,,
４１３８０江戸川区船堀２－２２,４０６９,主要地方道千住小松川葛西沖線（都道３０８号）,補１４０,船堀街道,１０月２０日（水）,曇,二輪車類,132,114,68,55,59,60,62,59,83,95,130,153,1070,,,
４１３８０江戸川区船堀２－２２,４０６９,主要地方道千住小松川葛西沖線（都道３０８号）,補１４０,船堀街道,１０月２０日（水）,曇,自転車類,210,239,191,182,175,218,199,189,207,228,311,253,2602,,,
４１３８０江戸川区船堀２－２２,４０６９,主要地方道千住小松川葛西沖線（都道３０８号）,補１４０,船堀街道,１０月２０日（水）,曇,歩行者類,619,931,303,237,302,217,234,448,247,256,496,540,4830,,,
