﻿観測地点,Ｈ１７区間番号,路線名,都市計画路線名,通称道路名,調査日,天候,ピーク時間交通量（台／ｈ）,ピーク率（％）,混雑時平均旅行速度（ｋｍ／ｈ）,大型車台数（台／１２ｈ）,混入率（％）,混雑度,昼夜率,車線数,５８年度（台／１２ｈ）,６０年度（台／１２ｈ）,６３年度（台／１２ｈ）,２年度（台／１２ｈ）,６年度（台／１２ｈ）,９年度（台／１２ｈ）,１１年度（台／１２ｈ）,１７年度（台／１２ｈ）,２２年度（台／１２ｈ）
５２８０東京都港区海岸２丁目,５０５,首都高速一号線,高速１号線,（首都高速１号羽田線）,１１月１６日（火）,晴,8686,9.0,21.2,14240,14.7,1.43,1.56,4,44357,58859,31945,30032,27849,37903,38897,29890,96771
,,,,,,,,,,,,,,,,,,,,,,,
観測地点,Ｈ１７区間番号,路線名,都市計画路線名,通称道路名,調査日,天候,時間・種別,７～８,８～９,９～１０,１０～１１,１１～１２,１２～１３,１３～１４,１４～１５,１５～１６,１６～１７,１７～１８,１８～１９,１２ｈ計,２４ｈ計,,
５２８０東京都港区海岸２丁目,５０５,首都高速一号線,高速１号線,（首都高速１号羽田線）,１１月１６日（火）,晴,自動車類上り大型車,575,549,714,668,674,629,628,639,581,431,315,311,6714,12304,,
５２８０東京都港区海岸２丁目,５０５,首都高速一号線,高速１号線,（首都高速１号羽田線）,１１月１６日（火）,晴,自動車類上り小型車,3508,3227,3164,2804,2910,3070,3311,3607,3756,3447,3128,3314,39246,58474,,
５２８０東京都港区海岸２丁目,５０５,首都高速一号線,高速１号線,（首都高速１号羽田線）,１１月１６日（火）,晴,自動車類上り計,4083,3776,3878,3472,3584,3699,3939,4246,4337,3878,3443,3625,45960,70778,,
５２８０東京都港区海岸２丁目,５０５,首都高速一号線,高速１号線,（首都高速１号羽田線）,１１月１６日（火）,晴,自動車類下り大型車,490,535,754,882,597,787,706,674,655,534,459,453,7526,14389,,
５２８０東京都港区海岸２丁目,５０５,首都高速一号線,高速１号線,（首都高速１号羽田線）,１１月１６日（火）,晴,自動車類下り小型車,3866,3843,3763,3472,2864,3556,3627,3622,3694,3628,3740,3610,43285,65477,,
５２８０東京都港区海岸２丁目,５０５,首都高速一号線,高速１号線,（首都高速１号羽田線）,１１月１６日（火）,晴,自動車類下り計,4356,4378,4517,4354,3461,4343,4333,4296,4349,4162,4199,4063,50811,79866,,
５２８０東京都港区海岸２丁目,５０５,首都高速一号線,高速１号線,（首都高速１号羽田線）,１１月１６日（火）,晴,自動車類合計大型車,1065,1084,1468,1550,1271,1416,1334,1313,1236,965,774,764,14240,26693,,
５２８０東京都港区海岸２丁目,５０５,首都高速一号線,高速１号線,（首都高速１号羽田線）,１１月１６日（火）,晴,自動車類合計小型車,7374,7070,6927,6276,5774,6626,6938,7229,7450,7075,6868,6924,82531,123951,,
５２８０東京都港区海岸２丁目,５０５,首都高速一号線,高速１号線,（首都高速１号羽田線）,１１月１６日（火）,晴,自動車類合計計,8439,8154,8395,7826,7045,8042,8272,8542,8686,8040,7642,7688,96771,150644,,
５２８０東京都港区海岸２丁目,５０５,首都高速一号線,高速１号線,（首都高速１号羽田線）,１１月１６日（火）,晴,二輪車類,-,-,-,-,-,-,-,-,-,-,-,-,-,,,
５２８０東京都港区海岸２丁目,５０５,首都高速一号線,高速１号線,（首都高速１号羽田線）,１１月１６日（火）,晴,自転車類,-,-,-,-,-,-,-,-,-,-,-,-,-,,,
５２８０東京都港区海岸２丁目,５０５,首都高速一号線,高速１号線,（首都高速１号羽田線）,１１月１６日（火）,晴,歩行者類,-,-,-,-,-,-,-,-,-,-,-,-,-,,,
