﻿観測地点,Ｈ１７区間番号,路線名,都市計画路線名,通称道路名,調査日,天候,ピーク時間交通量（台／ｈ）,ピーク率（％）,混雑時平均旅行速度（ｋｍ／ｈ）,大型車台数（台／１２ｈ）,混入率（％）,混雑度,昼夜率,車線数,５８年度（台／１２ｈ）,６０年度（台／１２ｈ）,６３年度（台／１２ｈ）,２年度（台／１２ｈ）,６年度（台／１２ｈ）,９年度（台／１２ｈ）,１１年度（台／１２ｈ）,１７年度（台／１２ｈ）,２２年度（台／１２ｈ）
４１１４０荒川区東尾久１－２１－８,４０５４,主要地方道王子千住南砂町線（都道３０６号）,環５－２,明治通り,９月３０日（木）,雨,2031,9.7,9.5,3710,17.8,0.9,-,4,23255,22222,20645,21386,21895,22098,19641,21786,20874
,,,,,,,,,,,,,,,,,,,,,,,
観測地点,Ｈ１７区間番号,路線名,都市計画路線名,通称道路名,調査日,天候,時間・種別,７～８,８～９,９～１０,１０～１１,１１～１２,１２～１３,１３～１４,１４～１５,１５～１６,１６～１７,１７～１８,１８～１９,１２ｈ計,２４ｈ計,,
４１１４０荒川区東尾久１－２１－８,４０５４,主要地方道王子千住南砂町線（都道３０６号）,環５－２,明治通り,９月３０日（木）,雨,自動車類上り大型車,148,166,212,200,232,201,137,187,181,171,175,57,2067,-,,
４１１４０荒川区東尾久１－２１－８,４０５４,主要地方道王子千住南砂町線（都道３０６号）,環５－２,明治通り,９月３０日（木）,雨,自動車類上り小型車,558,609,619,794,773,692,816,867,812,878,927,850,9195,-,,
４１１４０荒川区東尾久１－２１－８,４０５４,主要地方道王子千住南砂町線（都道３０６号）,環５－２,明治通り,９月３０日（木）,雨,自動車類上り計,706,775,831,994,1005,893,953,1054,993,1049,1102,907,11262,-,,
４１１４０荒川区東尾久１－２１－８,４０５４,主要地方道王子千住南砂町線（都道３０６号）,環５－２,明治通り,９月３０日（木）,雨,自動車類下り大型車,150,162,183,169,154,149,136,142,134,94,112,58,1643,-,,
４１１４０荒川区東尾久１－２１－８,４０５４,主要地方道王子千住南砂町線（都道３０６号）,環５－２,明治通り,９月３０日（木）,雨,自動車類下り小型車,693,625,657,678,649,567,693,835,685,700,613,574,7969,-,,
４１１４０荒川区東尾久１－２１－８,４０５４,主要地方道王子千住南砂町線（都道３０６号）,環５－２,明治通り,９月３０日（木）,雨,自動車類下り計,843,787,840,847,803,716,829,977,819,794,725,632,9612,-,,
４１１４０荒川区東尾久１－２１－８,４０５４,主要地方道王子千住南砂町線（都道３０６号）,環５－２,明治通り,９月３０日（木）,雨,自動車類合計大型車,298,328,395,369,386,350,273,329,315,265,287,115,3710,-,,
４１１４０荒川区東尾久１－２１－８,４０５４,主要地方道王子千住南砂町線（都道３０６号）,環５－２,明治通り,９月３０日（木）,雨,自動車類合計小型車,1251,1234,1276,1472,1422,1259,1509,1702,1497,1578,1540,1424,17164,-,,
４１１４０荒川区東尾久１－２１－８,４０５４,主要地方道王子千住南砂町線（都道３０６号）,環５－２,明治通り,９月３０日（木）,雨,自動車類合計計,1549,1562,1671,1841,1808,1609,1782,2031,1812,1843,1827,1539,20874,-,,
４１１４０荒川区東尾久１－２１－８,４０５４,主要地方道王子千住南砂町線（都道３０６号）,環５－２,明治通り,９月３０日（木）,雨,二輪車類,-,-,-,-,-,-,-,-,-,-,-,-,-,,,
４１１４０荒川区東尾久１－２１－８,４０５４,主要地方道王子千住南砂町線（都道３０６号）,環５－２,明治通り,９月３０日（木）,雨,自転車類,152,241,139,163,146,211,213,208,147,231,244,202,2297,,,
４１１４０荒川区東尾久１－２１－８,４０５４,主要地方道王子千住南砂町線（都道３０６号）,環５－２,明治通り,９月３０日（木）,雨,歩行者類,112,204,90,79,41,119,119,95,52,95,205,128,1339,,,
