﻿観測地点,Ｈ１７区間番号,路線名,都市計画路線名,通称道路名,調査日,天候,ピーク時間交通量（台／ｈ）,ピーク率（％）,混雑時平均旅行速度（ｋｍ／ｈ）,大型車台数（台／１２ｈ）,混入率（％）,混雑度,昼夜率,車線数,５８年度（台／１２ｈ）,６０年度（台／１２ｈ）,６３年度（台／１２ｈ）,２年度（台／１２ｈ）,６年度（台／１２ｈ）,９年度（台／１２ｈ）,１１年度（台／１２ｈ）,１７年度（台／１２ｈ）,２２年度（台／１２ｈ）
６１８１０葛飾区新小岩１－５,６０６７,特例都道新荒川葛西堤防線（都道４５０号）,－,－,９月３０日（木）,雨,1041,9.6,23.8,1539,14.3,0.99,-,2,5020,4654,4233,5230,5204,4984,4748,4706,10791
,,,,,,,,,,,,,,,,,,,,,,,
観測地点,Ｈ１７区間番号,路線名,都市計画路線名,通称道路名,調査日,天候,時間・種別,７～８,８～９,９～１０,１０～１１,１１～１２,１２～１３,１３～１４,１４～１５,１５～１６,１６～１７,１７～１８,１８～１９,１２ｈ計,２４ｈ計,,
６１８１０葛飾区新小岩１－５,６０６７,特例都道新荒川葛西堤防線（都道４５０号）,－,－,９月３０日（木）,雨,自動車類上り大型車,56,77,95,67,89,84,68,83,62,56,54,22,813,-,,
６１８１０葛飾区新小岩１－５,６０６７,特例都道新荒川葛西堤防線（都道４５０号）,－,－,９月３０日（木）,雨,自動車類上り小型車,348,384,357,338,351,355,361,351,379,416,532,492,4664,-,,
６１８１０葛飾区新小岩１－５,６０６７,特例都道新荒川葛西堤防線（都道４５０号）,－,－,９月３０日（木）,雨,自動車類上り計,404,461,452,405,440,439,429,434,441,472,586,514,5477,-,,
６１８１０葛飾区新小岩１－５,６０６７,特例都道新荒川葛西堤防線（都道４５０号）,－,－,９月３０日（木）,雨,自動車類下り大型車,44,49,74,75,72,66,71,72,53,57,52,41,726,-,,
６１８１０葛飾区新小岩１－５,６０６７,特例都道新荒川葛西堤防線（都道４５０号）,－,－,９月３０日（木）,雨,自動車類下り小型車,478,493,379,379,340,302,351,390,339,345,403,389,4588,-,,
６１８１０葛飾区新小岩１－５,６０６７,特例都道新荒川葛西堤防線（都道４５０号）,－,－,９月３０日（木）,雨,自動車類下り計,522,542,453,454,412,368,422,462,392,402,455,430,5314,-,,
６１８１０葛飾区新小岩１－５,６０６７,特例都道新荒川葛西堤防線（都道４５０号）,－,－,９月３０日（木）,雨,自動車類合計大型車,100,126,169,142,161,150,139,155,115,113,106,63,1539,-,,
６１８１０葛飾区新小岩１－５,６０６７,特例都道新荒川葛西堤防線（都道４５０号）,－,－,９月３０日（木）,雨,自動車類合計小型車,826,877,736,717,691,657,712,741,718,761,935,881,9252,-,,
６１８１０葛飾区新小岩１－５,６０６７,特例都道新荒川葛西堤防線（都道４５０号）,－,－,９月３０日（木）,雨,自動車類合計計,926,1003,905,859,852,807,851,896,833,874,1041,944,10791,-,,
６１８１０葛飾区新小岩１－５,６０６７,特例都道新荒川葛西堤防線（都道４５０号）,－,－,９月３０日（木）,雨,二輪車類,-,-,-,-,-,-,-,-,-,-,-,-,-,,,
６１８１０葛飾区新小岩１－５,６０６７,特例都道新荒川葛西堤防線（都道４５０号）,－,－,９月３０日（木）,雨,自転車類,6,4,1,3,1,4,3,2,0,3,1,3,31,,,
６１８１０葛飾区新小岩１－５,６０６７,特例都道新荒川葛西堤防線（都道４５０号）,－,－,９月３０日（木）,雨,歩行者類,3,3,2,1,0,1,1,3,2,5,2,4,27,,,
