﻿観測地点,Ｈ１７区間番号,路線名,都市計画路線名,通称道路名,調査日,天候,ピーク時間交通量（台／ｈ）,ピーク率（％）,混雑時平均旅行速度（ｋｍ／ｈ）,大型車台数（台／１２ｈ）,混入率（％）,混雑度,昼夜率,車線数,５８年度（台／１２ｈ）,６０年度（台／１２ｈ）,６３年度（台／１２ｈ）,２年度（台／１２ｈ）,６年度（台／１２ｈ）,９年度（台／１２ｈ）,１１年度（台／１２ｈ）,１７年度（台／１２ｈ）,２２年度（台／１２ｈ）
５４７０東京都目黒区青葉台４丁目,５０８,首都高速三号線,高速３号線,（首都高速３号渋谷線）,１１月１６日（火）,晴,4557,10.5,13.5,5939,13.6,0.82,1.73,4,52899,54676,60352,56323,55456,60445,54620,52184,43595
,,,,,,,,,,,,,,,,,,,,,,,
観測地点,Ｈ１７区間番号,路線名,都市計画路線名,通称道路名,調査日,天候,時間・種別,７～８,８～９,９～１０,１０～１１,１１～１２,１２～１３,１３～１４,１４～１５,１５～１６,１６～１７,１７～１８,１８～１９,１２ｈ計,２４ｈ計,,
５４７０東京都目黒区青葉台４丁目,５０８,首都高速三号線,高速３号線,（首都高速３号渋谷線）,１１月１６日（火）,晴,自動車類上り大型車,191,222,359,377,260,164,200,242,234,208,155,135,2747,8089,,
５４７０東京都目黒区青葉台４丁目,５０８,首都高速三号線,高速３号線,（首都高速３号渋谷線）,１１月１６日（火）,晴,自動車類上り小型車,1460,2486,2021,1709,1395,1288,1393,1543,1675,1798,1691,1240,19699,29966,,
５４７０東京都目黒区青葉台４丁目,５０８,首都高速三号線,高速３号線,（首都高速３号渋谷線）,１１月１６日（火）,晴,自動車類上り計,1651,2708,2380,2086,1655,1452,1593,1785,1909,2006,1846,1375,22446,38055,,
５４７０東京都目黒区青葉台４丁目,５０８,首都高速三号線,高速３号線,（首都高速３号渋谷線）,１１月１６日（火）,晴,自動車類下り大型車,254,234,286,283,260,286,261,285,340,295,202,206,3192,7336,,
５４７０東京都目黒区青葉台４丁目,５０８,首都高速三号線,高速３号線,（首都高速３号渋谷線）,１１月１６日（火）,晴,自動車類下り小型車,1340,1615,1564,1525,1243,1475,1497,1433,1509,1528,1585,1643,17957,30245,,
５４７０東京都目黒区青葉台４丁目,５０８,首都高速三号線,高速３号線,（首都高速３号渋谷線）,１１月１６日（火）,晴,自動車類下り計,1594,1849,1850,1808,1503,1761,1758,1718,1849,1823,1787,1849,21149,37581,,
５４７０東京都目黒区青葉台４丁目,５０８,首都高速三号線,高速３号線,（首都高速３号渋谷線）,１１月１６日（火）,晴,自動車類合計大型車,445,456,645,660,520,450,461,527,574,503,357,341,5939,15425,,
５４７０東京都目黒区青葉台４丁目,５０８,首都高速三号線,高速３号線,（首都高速３号渋谷線）,１１月１６日（火）,晴,自動車類合計小型車,2800,4101,3585,3234,2638,2763,2890,2976,3184,3326,3276,2883,37656,60211,,
５４７０東京都目黒区青葉台４丁目,５０８,首都高速三号線,高速３号線,（首都高速３号渋谷線）,１１月１６日（火）,晴,自動車類合計計,3245,4557,4230,3894,3158,3213,3351,3503,3758,3829,3633,3224,43595,75636,,
５４７０東京都目黒区青葉台４丁目,５０８,首都高速三号線,高速３号線,（首都高速３号渋谷線）,１１月１６日（火）,晴,二輪車類,-,-,-,-,-,-,-,-,-,-,-,-,-,,,
５４７０東京都目黒区青葉台４丁目,５０８,首都高速三号線,高速３号線,（首都高速３号渋谷線）,１１月１６日（火）,晴,自転車類,-,-,-,-,-,-,-,-,-,-,-,-,-,,,
５４７０東京都目黒区青葉台４丁目,５０８,首都高速三号線,高速３号線,（首都高速３号渋谷線）,１１月１６日（火）,晴,歩行者類,-,-,-,-,-,-,-,-,-,-,-,-,-,,,
