﻿観測地点,Ｈ１７区間番号,路線名,都市計画路線名,通称道路名,調査日,天候,ピーク時間交通量（台／ｈ）,ピーク率（％）,混雑時平均旅行速度（ｋｍ／ｈ）,大型車台数（台／１２ｈ）,混入率（％）,混雑度,昼夜率,車線数,５８年度（台／１２ｈ）,６０年度（台／１２ｈ）,６３年度（台／１２ｈ）,２年度（台／１２ｈ）,６年度（台／１２ｈ）,９年度（台／１２ｈ）,１１年度（台／１２ｈ）,１７年度（台／１２ｈ）,２２年度（台／１２ｈ）
５７７０東京都品川区東八潮,５１４,高速湾岸線,高速湾岸線,（首都高速湾岸線）,１１月１６日（火）,晴,9097,9.4,65.2,32464,33.4,1.1,1.44,6,20520,26768,46869,51932,61329,82414,85317,81869,97237
,,,,,,,,,,,,,,,,,,,,,,,
観測地点,Ｈ１７区間番号,路線名,都市計画路線名,通称道路名,調査日,天候,時間・種別,７～８,８～９,９～１０,１０～１１,１１～１２,１２～１３,１３～１４,１４～１５,１５～１６,１６～１７,１７～１８,１８～１９,１２ｈ計,２４ｈ計,,
５７７０東京都品川区東八潮,５１４,高速湾岸線,高速湾岸線,（首都高速湾岸線）,１１月１６日（火）,晴,自動車類上り大型車,1017,1281,1788,1830,1746,1453,1184,1450,1280,1316,1181,1004,16530,24362,,
５７７０東京都品川区東八潮,５１４,高速湾岸線,高速湾岸線,（首都高速湾岸線）,１１月１６日（火）,晴,自動車類上り小型車,3024,3369,2677,2267,2307,2152,2042,2190,2580,2738,3331,2651,31328,41640,,
５７７０東京都品川区東八潮,５１４,高速湾岸線,高速湾岸線,（首都高速湾岸線）,１１月１６日（火）,晴,自動車類上り計,4041,4650,4465,4097,4053,3605,3226,3640,3860,4054,4512,3655,47858,66002,,
５７７０東京都品川区東八潮,５１４,高速湾岸線,高速湾岸線,（首都高速湾岸線）,１１月１６日（火）,晴,自動車類下り大型車,1010,1162,1607,1723,1712,1813,1514,1340,1039,1187,972,855,15934,25397,,
５７７０東京都品川区東八潮,５１４,高速湾岸線,高速湾岸線,（首都高速湾岸線）,１１月１６日（火）,晴,自動車類下り小型車,3611,3238,2694,2514,2291,2287,2342,2399,2152,3109,3613,3195,33445,48710,,
５７７０東京都品川区東八潮,５１４,高速湾岸線,高速湾岸線,（首都高速湾岸線）,１１月１６日（火）,晴,自動車類下り計,4621,4400,4301,4237,4003,4100,3856,3739,3191,4296,4585,4050,49379,74107,,
５７７０東京都品川区東八潮,５１４,高速湾岸線,高速湾岸線,（首都高速湾岸線）,１１月１６日（火）,晴,自動車類合計大型車,2027,2443,3395,3553,3458,3266,2698,2790,2319,2503,2153,1859,32464,49759,,
５７７０東京都品川区東八潮,５１４,高速湾岸線,高速湾岸線,（首都高速湾岸線）,１１月１６日（火）,晴,自動車類合計小型車,6635,6607,5371,4781,4598,4439,4384,4589,4732,5847,6944,5846,64773,90350,,
５７７０東京都品川区東八潮,５１４,高速湾岸線,高速湾岸線,（首都高速湾岸線）,１１月１６日（火）,晴,自動車類合計計,8662,9050,8766,8334,8056,7705,7082,7379,7051,8350,9097,7705,97237,140109,,
５７７０東京都品川区東八潮,５１４,高速湾岸線,高速湾岸線,（首都高速湾岸線）,１１月１６日（火）,晴,二輪車類,-,-,-,-,-,-,-,-,-,-,-,-,-,,,
５７７０東京都品川区東八潮,５１４,高速湾岸線,高速湾岸線,（首都高速湾岸線）,１１月１６日（火）,晴,自転車類,-,-,-,-,-,-,-,-,-,-,-,-,-,,,
５７７０東京都品川区東八潮,５１４,高速湾岸線,高速湾岸線,（首都高速湾岸線）,１１月１６日（火）,晴,歩行者類,-,-,-,-,-,-,-,-,-,-,-,-,-,,,
