﻿観測地点,Ｈ１７区間番号,路線名,都市計画路線名,通称道路名,調査日,天候,ピーク時間交通量（台／ｈ）,ピーク率（％）,混雑時平均旅行速度（ｋｍ／ｈ）,大型車台数（台／１２ｈ）,混入率（％）,混雑度,昼夜率,車線数,５８年度（台／１２ｈ）,６０年度（台／１２ｈ）,６３年度（台／１２ｈ）,２年度（台／１２ｈ）,６年度（台／１２ｈ）,９年度（台／１２ｈ）,１１年度（台／１２ｈ）,１７年度（台／１２ｈ）,２２年度（台／１２ｈ）
４０９４０新宿区市谷田町１－１,４０４５,主要地方道新宿両国線（都道３０２号）,放６,靖国通り,１０月５日（火）,晴,1582,9.6,21.6,1715,10.4,0.76,-,4,30344,27157,30235,27941,28207,27308,27608,26808,16422
,,,,,,,,,,,,,,,,,,,,,,,
観測地点,Ｈ１７区間番号,路線名,都市計画路線名,通称道路名,調査日,天候,時間・種別,７～８,８～９,９～１０,１０～１１,１１～１２,１２～１３,１３～１４,１４～１５,１５～１６,１６～１７,１７～１８,１８～１９,１２ｈ計,２４ｈ計,,
４０９４０新宿区市谷田町１－１,４０４５,主要地方道新宿両国線（都道３０２号）,放６,靖国通り,１０月５日（火）,晴,自動車類上り大型車,61,83,116,99,87,79,66,65,53,55,56,48,868,-,,
４０９４０新宿区市谷田町１－１,４０４５,主要地方道新宿両国線（都道３０２号）,放６,靖国通り,１０月５日（火）,晴,自動車類上り小型車,534,582,639,747,649,627,708,705,728,694,682,736,8031,-,,
４０９４０新宿区市谷田町１－１,４０４５,主要地方道新宿両国線（都道３０２号）,放６,靖国通り,１０月５日（火）,晴,自動車類上り計,595,665,755,846,736,706,774,770,781,749,738,784,8899,-,,
４０９４０新宿区市谷田町１－１,４０４５,主要地方道新宿両国線（都道３０２号）,放６,靖国通り,１０月５日（火）,晴,自動車類下り大型車,78,73,76,143,93,75,74,58,56,41,42,38,847,-,,
４０９４０新宿区市谷田町１－１,４０４５,主要地方道新宿両国線（都道３０２号）,放６,靖国通り,１０月５日（火）,晴,自動車類下り小型車,414,519,510,593,556,499,574,633,622,628,588,540,6676,-,,
４０９４０新宿区市谷田町１－１,４０４５,主要地方道新宿両国線（都道３０２号）,放６,靖国通り,１０月５日（火）,晴,自動車類下り計,492,592,586,736,649,574,648,691,678,669,630,578,7523,-,,
４０９４０新宿区市谷田町１－１,４０４５,主要地方道新宿両国線（都道３０２号）,放６,靖国通り,１０月５日（火）,晴,自動車類合計大型車,139,156,192,242,180,154,140,123,109,96,98,86,1715,-,,
４０９４０新宿区市谷田町１－１,４０４５,主要地方道新宿両国線（都道３０２号）,放６,靖国通り,１０月５日（火）,晴,自動車類合計小型車,948,1101,1149,1340,1205,1126,1282,1338,1350,1322,1270,1276,14707,-,,
４０９４０新宿区市谷田町１－１,４０４５,主要地方道新宿両国線（都道３０２号）,放６,靖国通り,１０月５日（火）,晴,自動車類合計計,1087,1257,1341,1582,1385,1280,1422,1461,1459,1418,1368,1362,16422,-,,
４０９４０新宿区市谷田町１－１,４０４５,主要地方道新宿両国線（都道３０２号）,放６,靖国通り,１０月５日（火）,晴,二輪車類,165,216,172,145,167,189,191,186,203,227,269,272,2402,,,
４０９４０新宿区市谷田町１－１,４０４５,主要地方道新宿両国線（都道３０２号）,放６,靖国通り,１０月５日（火）,晴,自転車類,62,126,105,62,64,72,71,69,76,77,115,120,1019,,,
４０９４０新宿区市谷田町１－１,４０４５,主要地方道新宿両国線（都道３０２号）,放６,靖国通り,１０月５日（火）,晴,歩行者類,2757,5376,3311,1730,1590,2726,2438,1879,1991,2292,3673,4335,34098,,,
