﻿観測地点,Ｈ１７区間番号,路線名,都市計画路線名,通称道路名,調査日,天候,ピーク時間交通量（台／ｈ）,ピーク率（％）,混雑時平均旅行速度（ｋｍ／ｈ）,大型車台数（台／１２ｈ）,混入率（％）,混雑度,昼夜率,車線数,５８年度（台／１２ｈ）,６０年度（台／１２ｈ）,６３年度（台／１２ｈ）,２年度（台／１２ｈ）,６年度（台／１２ｈ）,９年度（台／１２ｈ）,１１年度（台／１２ｈ）,１７年度（台／１２ｈ）,２２年度（台／１２ｈ）
４１６４０台東区根岸２－１８－２４,４０８４,主要地方道上野尾竹橋線（都道３１３号）,補１００,尾竹橋通り,９月３０日（木）,雨,659,10.2,16.5,676,10.5,0.35,-,4,10492,9723,9978,9860,9649,9567,9149,8232,6430
,,,,,,,,,,,,,,,,,,,,,,,
観測地点,Ｈ１７区間番号,路線名,都市計画路線名,通称道路名,調査日,天候,時間・種別,７～８,８～９,９～１０,１０～１１,１１～１２,１２～１３,１３～１４,１４～１５,１５～１６,１６～１７,１７～１８,１８～１９,１２ｈ計,２４ｈ計,,
４１６４０台東区根岸２－１８－２４,４０８４,主要地方道上野尾竹橋線（都道３１３号）,補１００,尾竹橋通り,９月３０日（木）,雨,自動車類上り大型車,39,42,50,29,39,25,29,27,23,17,26,19,365,-,,
４１６４０台東区根岸２－１８－２４,４０８４,主要地方道上野尾竹橋線（都道３１３号）,補１００,尾竹橋通り,９月３０日（木）,雨,自動車類上り小型車,238,292,235,281,323,258,342,281,264,237,265,265,3281,-,,
４１６４０台東区根岸２－１８－２４,４０８４,主要地方道上野尾竹橋線（都道３１３号）,補１００,尾竹橋通り,９月３０日（木）,雨,自動車類上り計,277,334,285,310,362,283,371,308,287,254,291,284,3646,-,,
４１６４０台東区根岸２－１８－２４,４０８４,主要地方道上野尾竹橋線（都道３１３号）,補１００,尾竹橋通り,９月３０日（木）,雨,自動車類下り大型車,22,35,28,46,29,33,23,18,18,22,22,15,311,-,,
４１６４０台東区根岸２－１８－２４,４０８４,主要地方道上野尾竹橋線（都道３１３号）,補１００,尾竹橋通り,９月３０日（木）,雨,自動車類下り小型車,84,132,174,216,268,222,232,259,228,223,220,215,2473,-,,
４１６４０台東区根岸２－１８－２４,４０８４,主要地方道上野尾竹橋線（都道３１３号）,補１００,尾竹橋通り,９月３０日（木）,雨,自動車類下り計,106,167,202,262,297,255,255,277,246,245,242,230,2784,-,,
４１６４０台東区根岸２－１８－２４,４０８４,主要地方道上野尾竹橋線（都道３１３号）,補１００,尾竹橋通り,９月３０日（木）,雨,自動車類合計大型車,61,77,78,75,68,58,52,45,41,39,48,34,676,-,,
４１６４０台東区根岸２－１８－２４,４０８４,主要地方道上野尾竹橋線（都道３１３号）,補１００,尾竹橋通り,９月３０日（木）,雨,自動車類合計小型車,322,424,409,497,591,480,574,540,492,460,485,480,5754,-,,
４１６４０台東区根岸２－１８－２４,４０８４,主要地方道上野尾竹橋線（都道３１３号）,補１００,尾竹橋通り,９月３０日（木）,雨,自動車類合計計,383,501,487,572,659,538,626,585,533,499,533,514,6430,-,,
４１６４０台東区根岸２－１８－２４,４０８４,主要地方道上野尾竹橋線（都道３１３号）,補１００,尾竹橋通り,９月３０日（木）,雨,二輪車類,-,-,-,-,-,-,-,-,-,-,-,-,-,,,
４１６４０台東区根岸２－１８－２４,４０８４,主要地方道上野尾竹橋線（都道３１３号）,補１００,尾竹橋通り,９月３０日（木）,雨,自転車類,115,221,200,130,152,165,186,181,197,198,249,209,2203,,,
４１６４０台東区根岸２－１８－２４,４０８４,主要地方道上野尾竹橋線（都道３１３号）,補１００,尾竹橋通り,９月３０日（木）,雨,歩行者類,538,808,437,330,326,644,409,486,370,447,550,693,6038,,,
