﻿観測地点,Ｈ１７区間番号,路線名,都市計画路線名,通称道路名,調査日,天候,ピーク時間交通量（台／ｈ）,ピーク率（％）,混雑時平均旅行速度（ｋｍ／ｈ）,大型車台数（台／１２ｈ）,混入率（％）,混雑度,昼夜率,車線数,５８年度（台／１２ｈ）,６０年度（台／１２ｈ）,６３年度（台／１２ｈ）,２年度（台／１２ｈ）,６年度（台／１２ｈ）,９年度（台／１２ｈ）,１１年度（台／１２ｈ）,１７年度（台／１２ｈ）,２２年度（台／１２ｈ）
５９４０東京都墨田区向島５丁目,５１１,首都高速六号線,高速６号線,（首都高速６号向島線）,１１月１６日（火）,晴,3927,9.7,9.4,9056,22.4,0.82,1.71,4,23253,36543,40295,40911,42800,44736,43318,43978,40484
,,,,,,,,,,,,,,,,,,,,,,,
観測地点,Ｈ１７区間番号,路線名,都市計画路線名,通称道路名,調査日,天候,時間・種別,７～８,８～９,９～１０,１０～１１,１１～１２,１２～１３,１３～１４,１４～１５,１５～１６,１６～１７,１７～１８,１８～１９,１２ｈ計,２４ｈ計,,
５９４０東京都墨田区向島５丁目,５１１,首都高速六号線,高速６号線,（首都高速６号向島線）,１１月１６日（火）,晴,自動車類上り大型車,150,164,230,270,442,531,255,253,190,146,108,145,2884,6673,,
５９４０東京都墨田区向島５丁目,５１１,首都高速六号線,高速６号線,（首都高速６号向島線）,１１月１６日（火）,晴,自動車類上り小型車,1216,1047,749,627,879,1255,1155,1169,1303,1074,1050,964,12488,21006,,
５９４０東京都墨田区向島５丁目,５１１,首都高速六号線,高速６号線,（首都高速６号向島線）,１１月１６日（火）,晴,自動車類上り計,1366,1211,979,897,1321,1786,1410,1422,1493,1220,1158,1109,15372,27679,,
５９４０東京都墨田区向島５丁目,５１１,首都高速六号線,高速６号線,（首都高速６号向島線）,１１月１６日（火）,晴,自動車類下り大型車,346,304,480,776,776,691,468,546,460,412,429,484,6172,10855,,
５９４０東京都墨田区向島５丁目,５１１,首都高速六号線,高速６号線,（首都高速６号向島線）,１１月１６日（火）,晴,自動車類下り小型車,1448,1453,1574,1482,1508,1450,1619,1563,1675,1641,1798,1729,18940,30498,,
５９４０東京都墨田区向島５丁目,５１１,首都高速六号線,高速６号線,（首都高速６号向島線）,１１月１６日（火）,晴,自動車類下り計,1794,1757,2054,2258,2284,2141,2087,2109,2135,2053,2227,2213,25112,41353,,
５９４０東京都墨田区向島５丁目,５１１,首都高速六号線,高速６号線,（首都高速６号向島線）,１１月１６日（火）,晴,自動車類合計大型車,496,468,710,1046,1218,1222,723,799,650,558,537,629,9056,17528,,
５９４０東京都墨田区向島５丁目,５１１,首都高速六号線,高速６号線,（首都高速６号向島線）,１１月１６日（火）,晴,自動車類合計小型車,2664,2500,2323,2109,2387,2705,2774,2732,2978,2715,2848,2693,31428,51504,,
５９４０東京都墨田区向島５丁目,５１１,首都高速六号線,高速６号線,（首都高速６号向島線）,１１月１６日（火）,晴,自動車類合計計,3160,2968,3033,3155,3605,3927,3497,3531,3628,3273,3385,3322,40484,69032,,
５９４０東京都墨田区向島５丁目,５１１,首都高速六号線,高速６号線,（首都高速６号向島線）,１１月１６日（火）,晴,二輪車類,-,-,-,-,-,-,-,-,-,-,-,-,-,,,
５９４０東京都墨田区向島５丁目,５１１,首都高速六号線,高速６号線,（首都高速６号向島線）,１１月１６日（火）,晴,自転車類,-,-,-,-,-,-,-,-,-,-,-,-,-,,,
５９４０東京都墨田区向島５丁目,５１１,首都高速六号線,高速６号線,（首都高速６号向島線）,１１月１６日（火）,晴,歩行者類,-,-,-,-,-,-,-,-,-,-,-,-,-,,,
