﻿観測地点,Ｈ１７区間番号,路線名,都市計画路線名,通称道路名,調査日,天候,ピーク時間交通量（台／ｈ）,ピーク率（％）,混雑時平均旅行速度（ｋｍ／ｈ）,大型車台数（台／１２ｈ）,混入率（％）,混雑度,昼夜率,車線数,５８年度（台／１２ｈ）,６０年度（台／１２ｈ）,６３年度（台／１２ｈ）,２年度（台／１２ｈ）,６年度（台／１２ｈ）,９年度（台／１２ｈ）,１１年度（台／１２ｈ）,１７年度（台／１２ｈ）,２２年度（台／１２ｈ）
５４４０東京都品川区西五反田７丁目,５０７,首都高速二号線,高速２号線,（首都高速２号目黒線）,１１月１６日（火）,晴,1076,11.7,75.8,511,5.6,0.2,1.39,4,35183,36769,37187,36411,34992,35057,33294,31062,9198
,,,,,,,,,,,,,,,,,,,,,,,
観測地点,Ｈ１７区間番号,路線名,都市計画路線名,通称道路名,調査日,天候,時間・種別,７～８,８～９,９～１０,１０～１１,１１～１２,１２～１３,１３～１４,１４～１５,１５～１６,１６～１７,１７～１８,１８～１９,１２ｈ計,２４ｈ計,,
５４４０東京都品川区西五反田７丁目,５０７,首都高速二号線,高速２号線,（首都高速２号目黒線）,１１月１６日（火）,晴,自動車類上り大型車,31,26,41,43,38,26,28,31,25,25,13,6,333,439,,
５４４０東京都品川区西五反田７丁目,５０７,首都高速二号線,高速２号線,（首都高速２号目黒線）,１１月１６日（火）,晴,自動車類上り小型車,620,629,542,436,398,338,362,365,376,424,433,288,5211,6689,,
５４４０東京都品川区西五反田７丁目,５０７,首都高速二号線,高速２号線,（首都高速２号目黒線）,１１月１６日（火）,晴,自動車類上り計,651,655,583,479,436,364,390,396,401,449,446,294,5544,7128,,
５４４０東京都品川区西五反田７丁目,５０７,首都高速二号線,高速２号線,（首都高速２号目黒線）,１１月１６日（火）,晴,自動車類下り大型車,18,16,14,9,20,28,14,14,15,9,8,13,178,293,,
５４４０東京都品川区西五反田７丁目,５０７,首都高速二号線,高速２号線,（首都高速２号目黒線）,１１月１６日（火）,晴,自動車類下り小型車,365,405,276,221,187,246,272,282,284,304,286,348,3476,5385,,
５４４０東京都品川区西五反田７丁目,５０７,首都高速二号線,高速２号線,（首都高速２号目黒線）,１１月１６日（火）,晴,自動車類下り計,383,421,290,230,207,274,286,296,299,313,294,361,3654,5678,,
５４４０東京都品川区西五反田７丁目,５０７,首都高速二号線,高速２号線,（首都高速２号目黒線）,１１月１６日（火）,晴,自動車類合計大型車,49,42,55,52,58,54,42,45,40,34,21,19,511,732,,
５４４０東京都品川区西五反田７丁目,５０７,首都高速二号線,高速２号線,（首都高速２号目黒線）,１１月１６日（火）,晴,自動車類合計小型車,985,1034,818,657,585,584,634,647,660,728,719,636,8687,12074,,
５４４０東京都品川区西五反田７丁目,５０７,首都高速二号線,高速２号線,（首都高速２号目黒線）,１１月１６日（火）,晴,自動車類合計計,1034,1076,873,709,643,638,676,692,700,762,740,655,9198,12806,,
５４４０東京都品川区西五反田７丁目,５０７,首都高速二号線,高速２号線,（首都高速２号目黒線）,１１月１６日（火）,晴,二輪車類,-,-,-,-,-,-,-,-,-,-,-,-,-,,,
５４４０東京都品川区西五反田７丁目,５０７,首都高速二号線,高速２号線,（首都高速２号目黒線）,１１月１６日（火）,晴,自転車類,-,-,-,-,-,-,-,-,-,-,-,-,-,,,
５４４０東京都品川区西五反田７丁目,５０７,首都高速二号線,高速２号線,（首都高速２号目黒線）,１１月１６日（火）,晴,歩行者類,-,-,-,-,-,-,-,-,-,-,-,-,-,,,
