﻿観測地点,Ｈ１７区間番号,路線名,都市計画路線名,通称道路名,調査日,天候,ピーク時間交通量（台／ｈ）,ピーク率（％）,混雑時平均旅行速度（ｋｍ／ｈ）,大型車台数（台／１２ｈ）,混入率（％）,混雑度,昼夜率,車線数,５８年度（台／１２ｈ）,６０年度（台／１２ｈ）,６３年度（台／１２ｈ）,２年度（台／１２ｈ）,６年度（台／１２ｈ）,９年度（台／１２ｈ）,１１年度（台／１２ｈ）,１７年度（台／１２ｈ）,２２年度（台／１２ｈ）
４０９９０江東区豊洲１－１,４０４７,主要地方道日比谷豊洲埠頭東雲町線（都道３０４号）,放３４,晴海通り,１０月５日（火）,晴,2059,9.4,18.5,4494,20.5,0.57,-,8,22121,19575,23408,22368,16065,16217,18761,17809,21887
,,,,,,,,,,,,,,,,,,,,,,,
観測地点,Ｈ１７区間番号,路線名,都市計画路線名,通称道路名,調査日,天候,時間・種別,７～８,８～９,９～１０,１０～１１,１１～１２,１２～１３,１３～１４,１４～１５,１５～１６,１６～１７,１７～１８,１８～１９,１２ｈ計,２４ｈ計,,
４０９９０江東区豊洲１－１,４０４７,主要地方道日比谷豊洲埠頭東雲町線（都道３０４号）,放３４,晴海通り,１０月５日（火）,晴,自動車類上り大型車,233,293,283,222,176,167,196,172,182,135,92,86,2237,-,,
４０９９０江東区豊洲１－１,４０４７,主要地方道日比谷豊洲埠頭東雲町線（都道３０４号）,放３４,晴海通り,１０月５日（火）,晴,自動車類上り小型車,580,871,808,645,605,605,715,719,861,792,786,665,8652,-,,
４０９９０江東区豊洲１－１,４０４７,主要地方道日比谷豊洲埠頭東雲町線（都道３０４号）,放３４,晴海通り,１０月５日（火）,晴,自動車類上り計,813,1164,1091,867,781,772,911,891,1043,927,878,751,10889,-,,
４０９９０江東区豊洲１－１,４０４７,主要地方道日比谷豊洲埠頭東雲町線（都道３０４号）,放３４,晴海通り,１０月５日（火）,晴,自動車類下り大型車,157,160,197,217,242,203,189,211,167,203,186,125,2257,-,,
４０９９０江東区豊洲１－１,４０４７,主要地方道日比谷豊洲埠頭東雲町線（都道３０４号）,放３４,晴海通り,１０月５日（火）,晴,自動車類下り小型車,392,735,761,708,737,693,733,784,799,818,794,787,8741,-,,
４０９９０江東区豊洲１－１,４０４７,主要地方道日比谷豊洲埠頭東雲町線（都道３０４号）,放３４,晴海通り,１０月５日（火）,晴,自動車類下り計,549,895,958,925,979,896,922,995,966,1021,980,912,10998,-,,
４０９９０江東区豊洲１－１,４０４７,主要地方道日比谷豊洲埠頭東雲町線（都道３０４号）,放３４,晴海通り,１０月５日（火）,晴,自動車類合計大型車,390,453,480,439,418,370,385,383,349,338,278,211,4494,-,,
４０９９０江東区豊洲１－１,４０４７,主要地方道日比谷豊洲埠頭東雲町線（都道３０４号）,放３４,晴海通り,１０月５日（火）,晴,自動車類合計小型車,972,1606,1569,1353,1342,1298,1448,1503,1660,1610,1580,1452,17393,-,,
４０９９０江東区豊洲１－１,４０４７,主要地方道日比谷豊洲埠頭東雲町線（都道３０４号）,放３４,晴海通り,１０月５日（火）,晴,自動車類合計計,1362,2059,2049,1792,1760,1668,1833,1886,2009,1948,1858,1663,21887,-,,
４０９９０江東区豊洲１－１,４０４７,主要地方道日比谷豊洲埠頭東雲町線（都道３０４号）,放３４,晴海通り,１０月５日（火）,晴,二輪車類,-,-,-,-,-,-,-,-,-,-,-,-,-,,,
４０９９０江東区豊洲１－１,４０４７,主要地方道日比谷豊洲埠頭東雲町線（都道３０４号）,放３４,晴海通り,１０月５日（火）,晴,自転車類,190,369,264,153,149,150,153,176,166,246,282,251,2549,,,
４０９９０江東区豊洲１－１,４０４７,主要地方道日比谷豊洲埠頭東雲町線（都道３０４号）,放３４,晴海通り,１０月５日（火）,晴,歩行者類,339,291,148,124,105,230,173,165,181,177,235,256,2424,,,
