﻿観測地点,Ｈ１７区間番号,路線名,都市計画路線名,通称道路名,調査日,天候,ピーク時間交通量（台／ｈ）,ピーク率（％）,混雑時平均旅行速度（ｋｍ／ｈ）,大型車台数（台／１２ｈ）,混入率（％）,混雑度,昼夜率,車線数,５８年度（台／１２ｈ）,６０年度（台／１２ｈ）,６３年度（台／１２ｈ）,２年度（台／１２ｈ）,６年度（台／１２ｈ）,９年度（台／１２ｈ）,１１年度（台／１２ｈ）,１７年度（台／１２ｈ）,２２年度（台／１２ｈ）
５８３０東京都江戸川区臨海町６丁目,３０５１５,高速湾岸線,高速湾岸線,（首都高速湾岸線）,１１月１６日（火）,晴,10085,9.7,49,31405,30.1,1.25,1.49,6,-,63829,64440,80845,70358,79385,83162,79457,104377
,,,,,,,,,,,,,,,,,,,,,,,
観測地点,Ｈ１７区間番号,路線名,都市計画路線名,通称道路名,調査日,天候,時間・種別,７～８,８～９,９～１０,１０～１１,１１～１２,１２～１３,１３～１４,１４～１５,１５～１６,１６～１７,１７～１８,１８～１９,１２ｈ計,２４ｈ計,,
５８３０東京都江戸川区臨海町６丁目,３０５１５,高速湾岸線,高速湾岸線,（首都高速湾岸線）,１１月１６日（火）,晴,自動車類上り大型車,1042,1198,1641,1735,1688,1533,1368,1424,1390,1272,1149,1037,16477,25512,,
５８３０東京都江戸川区臨海町６丁目,３０５１５,高速湾岸線,高速湾岸線,（首都高速湾岸線）,１１月１６日（火）,晴,自動車類上り小型車,3360,3704,3688,3087,2917,2941,2811,2738,2967,3083,3748,3780,38824,55024,,
５８３０東京都江戸川区臨海町６丁目,３０５１５,高速湾岸線,高速湾岸線,（首都高速湾岸線）,１１月１６日（火）,晴,自動車類上り計,4402,4902,5329,4822,4605,4474,4179,4162,4357,4355,4897,4817,55301,80536,,
５８３０東京都江戸川区臨海町６丁目,３０５１５,高速湾岸線,高速湾岸線,（首都高速湾岸線）,１１月１６日（火）,晴,自動車類下り大型車,1227,1365,1519,1597,1430,1308,1165,1228,1181,1148,985,775,14928,24183,,
５８３０東京都江戸川区臨海町６丁目,３０５１５,高速湾岸線,高速湾岸線,（首都高速湾岸線）,１１月１６日（火）,晴,自動車類下り小型車,4446,3818,2416,2282,2011,1870,1920,2329,2797,3501,3845,2913,34148,50350,,
５８３０東京都江戸川区臨海町６丁目,３０５１５,高速湾岸線,高速湾岸線,（首都高速湾岸線）,１１月１６日（火）,晴,自動車類下り計,5673,5183,3935,3879,3441,3178,3085,3557,3978,4649,4830,3688,49076,74533,,
５８３０東京都江戸川区臨海町６丁目,３０５１５,高速湾岸線,高速湾岸線,（首都高速湾岸線）,１１月１６日（火）,晴,自動車類合計大型車,2269,2563,3160,3332,3118,2841,2533,2652,2571,2420,2134,1812,31405,49695,,
５８３０東京都江戸川区臨海町６丁目,３０５１５,高速湾岸線,高速湾岸線,（首都高速湾岸線）,１１月１６日（火）,晴,自動車類合計小型車,7806,7522,6104,5369,4928,4811,4731,5067,5764,6584,7593,6693,72972,105374,,
５８３０東京都江戸川区臨海町６丁目,３０５１５,高速湾岸線,高速湾岸線,（首都高速湾岸線）,１１月１６日（火）,晴,自動車類合計計,10075,10085,9264,8701,8046,7652,7264,7719,8335,9004,9727,8505,104377,155069,,
５８３０東京都江戸川区臨海町６丁目,３０５１５,高速湾岸線,高速湾岸線,（首都高速湾岸線）,１１月１６日（火）,晴,二輪車類,-,-,-,-,-,-,-,-,-,-,-,-,-,,,
５８３０東京都江戸川区臨海町６丁目,３０５１５,高速湾岸線,高速湾岸線,（首都高速湾岸線）,１１月１６日（火）,晴,自転車類,-,-,-,-,-,-,-,-,-,-,-,-,-,,,
５８３０東京都江戸川区臨海町６丁目,３０５１５,高速湾岸線,高速湾岸線,（首都高速湾岸線）,１１月１６日（火）,晴,歩行者類,-,-,-,-,-,-,-,-,-,-,-,-,-,,,
