﻿観測地点,Ｈ１７区間番号,路線名,都市計画路線名,通称道路名,調査日,天候,ピーク時間交通量（台／ｈ）,ピーク率（％）,混雑時平均旅行速度（ｋｍ／ｈ）,大型車台数（台／１２ｈ）,混入率（％）,混雑度,昼夜率,車線数,５８年度（台／１２ｈ）,６０年度（台／１２ｈ）,６３年度（台／１２ｈ）,２年度（台／１２ｈ）,６年度（台／１２ｈ）,９年度（台／１２ｈ）,１１年度（台／１２ｈ）,１７年度（台／１２ｈ）,２２年度（台／１２ｈ）
４０２８０練馬区関町北５－１９－２３,４０１５,主要地方道千代田練馬田無線（都道８号）,－,富士街道,１０月７日（木）,晴,874,9.9,16.6,989,11.2,1.37,-,2,9021,9763,11454,10703,10770,10941,10463,9645,8846
,,,,,,,,,,,,,,,,,,,,,,,
観測地点,Ｈ１７区間番号,路線名,都市計画路線名,通称道路名,調査日,天候,時間・種別,７～８,８～９,９～１０,１０～１１,１１～１２,１２～１３,１３～１４,１４～１５,１５～１６,１６～１７,１７～１８,１８～１９,１２ｈ計,２４ｈ計,,
４０２８０練馬区関町北５－１９－２３,４０１５,主要地方道千代田練馬田無線（都道８号）,－,富士街道,１０月７日（木）,晴,自動車類上り大型車,27,64,57,55,66,52,41,47,35,28,34,19,525,-,,
４０２８０練馬区関町北５－１９－２３,４０１５,主要地方道千代田練馬田無線（都道８号）,－,富士街道,１０月７日（木）,晴,自動車類上り小型車,421,406,316,266,331,317,299,297,320,352,379,366,4070,-,,
４０２８０練馬区関町北５－１９－２３,４０１５,主要地方道千代田練馬田無線（都道８号）,－,富士街道,１０月７日（木）,晴,自動車類上り計,448,470,373,321,397,369,340,344,355,380,413,385,4595,-,,
４０２８０練馬区関町北５－１９－２３,４０１５,主要地方道千代田練馬田無線（都道８号）,－,富士街道,１０月７日（木）,晴,自動車類下り大型車,68,46,47,36,40,48,37,39,46,18,26,13,464,-,,
４０２８０練馬区関町北５－１９－２３,４０１５,主要地方道千代田練馬田無線（都道８号）,－,富士街道,１０月７日（木）,晴,自動車類下り小型車,358,329,298,245,294,271,222,266,312,326,407,459,3787,-,,
４０２８０練馬区関町北５－１９－２３,４０１５,主要地方道千代田練馬田無線（都道８号）,－,富士街道,１０月７日（木）,晴,自動車類下り計,426,375,345,281,334,319,259,305,358,344,433,472,4251,-,,
４０２８０練馬区関町北５－１９－２３,４０１５,主要地方道千代田練馬田無線（都道８号）,－,富士街道,１０月７日（木）,晴,自動車類合計大型車,95,110,104,91,106,100,78,86,81,46,60,32,989,-,,
４０２８０練馬区関町北５－１９－２３,４０１５,主要地方道千代田練馬田無線（都道８号）,－,富士街道,１０月７日（木）,晴,自動車類合計小型車,779,735,614,511,625,588,521,563,632,678,786,825,7857,-,,
４０２８０練馬区関町北５－１９－２３,４０１５,主要地方道千代田練馬田無線（都道８号）,－,富士街道,１０月７日（木）,晴,自動車類合計計,874,845,718,602,731,688,599,649,713,724,846,857,8846,-,,
４０２８０練馬区関町北５－１９－２３,４０１５,主要地方道千代田練馬田無線（都道８号）,－,富士街道,１０月７日（木）,晴,二輪車類,-,-,-,-,-,-,-,-,-,-,-,-,-,,,
４０２８０練馬区関町北５－１９－２３,４０１５,主要地方道千代田練馬田無線（都道８号）,－,富士街道,１０月７日（木）,晴,自転車類,252,308,189,157,164,166,172,165,225,229,280,262,2569,,,
４０２８０練馬区関町北５－１９－２３,４０１５,主要地方道千代田練馬田無線（都道８号）,－,富士街道,１０月７日（木）,晴,歩行者類,117,68,46,42,48,47,36,41,62,77,96,83,763,,,
