﻿観測地点,Ｈ１７区間番号,路線名,都市計画路線名,通称道路名,調査日,天候,ピーク時間交通量（台／ｈ）,ピーク率（％）,混雑時平均旅行速度（ｋｍ／ｈ）,大型車台数（台／１２ｈ）,混入率（％）,混雑度,昼夜率,車線数,５８年度（台／１２ｈ）,６０年度（台／１２ｈ）,６３年度（台／１２ｈ）,２年度（台／１２ｈ）,６年度（台／１２ｈ）,９年度（台／１２ｈ）,１１年度（台／１２ｈ）,１７年度（台／１２ｈ）,２２年度（台／１２ｈ）
６０３６０港区元赤坂２,４６０１０,特例都道外濠環状線（都道４０５号）,環２,外堀通り,１０月５日（火）,晴,1590,9.7,22.4,1276,7.8,0.95,-,4,-,-,-,-,-,-,-,16533,16419
,,,,,,,,,,,,,,,,,,,,,,,
観測地点,Ｈ１７区間番号,路線名,都市計画路線名,通称道路名,調査日,天候,時間・種別,７～８,８～９,９～１０,１０～１１,１１～１２,１２～１３,１３～１４,１４～１５,１５～１６,１６～１７,１７～１８,１８～１９,１２ｈ計,２４ｈ計,,
６０３６０港区元赤坂２,４６０１０,特例都道外濠環状線（都道４０５号）,環２,外堀通り,１０月５日（火）,晴,自動車類上り大型車,83,67,66,84,87,56,58,38,31,44,44,30,688,-,,
６０３６０港区元赤坂２,４６０１０,特例都道外濠環状線（都道４０５号）,環２,外堀通り,１０月５日（火）,晴,自動車類上り小型車,436,740,879,691,614,596,654,692,613,664,602,601,7782,-,,
６０３６０港区元赤坂２,４６０１０,特例都道外濠環状線（都道４０５号）,環２,外堀通り,１０月５日（火）,晴,自動車類上り計,519,807,945,775,701,652,712,730,644,708,646,631,8470,-,,
６０３６０港区元赤坂２,４６０１０,特例都道外濠環状線（都道４０５号）,環２,外堀通り,１０月５日（火）,晴,自動車類下り大型車,44,77,67,73,44,52,68,71,35,32,16,9,588,-,,
６０３６０港区元赤坂２,４６０１０,特例都道外濠環状線（都道４０５号）,環２,外堀通り,１０月５日（火）,晴,自動車類下り小型車,260,416,578,647,636,547,562,669,750,762,737,797,7361,-,,
６０３６０港区元赤坂２,４６０１０,特例都道外濠環状線（都道４０５号）,環２,外堀通り,１０月５日（火）,晴,自動車類下り計,304,493,645,720,680,599,630,740,785,794,753,806,7949,-,,
６０３６０港区元赤坂２,４６０１０,特例都道外濠環状線（都道４０５号）,環２,外堀通り,１０月５日（火）,晴,自動車類合計大型車,127,144,133,157,131,108,126,109,66,76,60,39,1276,-,,
６０３６０港区元赤坂２,４６０１０,特例都道外濠環状線（都道４０５号）,環２,外堀通り,１０月５日（火）,晴,自動車類合計小型車,696,1156,1457,1338,1250,1143,1216,1361,1363,1426,1339,1398,15143,-,,
６０３６０港区元赤坂２,４６０１０,特例都道外濠環状線（都道４０５号）,環２,外堀通り,１０月５日（火）,晴,自動車類合計計,823,1300,1590,1495,1381,1251,1342,1470,1429,1502,1399,1437,16419,-,,
６０３６０港区元赤坂２,４６０１０,特例都道外濠環状線（都道４０５号）,環２,外堀通り,１０月５日（火）,晴,二輪車類,59,106,110,86,92,97,80,92,100,90,101,130,1143,,,
６０３６０港区元赤坂２,４６０１０,特例都道外濠環状線（都道４０５号）,環２,外堀通り,１０月５日（火）,晴,自転車類,62,145,100,61,33,44,45,50,50,86,77,77,830,,,
６０３６０港区元赤坂２,４６０１０,特例都道外濠環状線（都道４０５号）,環２,外堀通り,１０月５日（火）,晴,歩行者類,241,295,166,60,54,150,100,91,110,148,163,234,1812,,,
