﻿観測地点,Ｈ１７区間番号,路線名,都市計画路線名,通称道路名,調査日,天候,ピーク時間交通量（台／ｈ）,ピーク率（％）,混雑時平均旅行速度（ｋｍ／ｈ）,大型車台数（台／１２ｈ）,混入率（％）,混雑度,昼夜率,車線数,５８年度（台／１２ｈ）,６０年度（台／１２ｈ）,６３年度（台／１２ｈ）,２年度（台／１２ｈ）,６年度（台／１２ｈ）,９年度（台／１２ｈ）,１１年度（台／１２ｈ）,１７年度（台／１２ｈ）,２２年度（台／１２ｈ）
５１９０東京都港区六本木３丁目,５０３,首都高速二号分岐線,高速２号分岐線,（首都高速都心環状線）,１１月１６日（火）,晴,6456,9.3,24.4,9220,13.3,1.09,1.54,4,71319,65046,69932,70143,70764,72952,74300,72637,69121
,,,,,,,,,,,,,,,,,,,,,,,
観測地点,Ｈ１７区間番号,路線名,都市計画路線名,通称道路名,調査日,天候,時間・種別,７～８,８～９,９～１０,１０～１１,１１～１２,１２～１３,１３～１４,１４～１５,１５～１６,１６～１７,１７～１８,１８～１９,１２ｈ計,２４ｈ計,,
５１９０東京都港区六本木３丁目,５０３,首都高速二号分岐線,高速２号分岐線,（首都高速都心環状線）,１１月１６日（火）,晴,自動車類上り大型車,233,287,449,564,288,308,336,368,326,290,276,264,3989,8969,,
５１９０東京都港区六本木３丁目,５０３,首都高速二号分岐線,高速２号分岐線,（首都高速都心環状線）,１１月１６日（火）,晴,自動車類上り小型車,2613,2830,2357,2087,1091,1509,2331,2452,2616,2621,2368,2382,27257,42532,,
５１９０東京都港区六本木３丁目,５０３,首都高速二号分岐線,高速２号分岐線,（首都高速都心環状線）,１１月１６日（火）,晴,自動車類上り計,2846,3117,2806,2651,1379,1817,2667,2820,2942,2911,2644,2646,31246,51501,,
５１９０東京都港区六本木３丁目,５０３,首都高速二号分岐線,高速２号分岐線,（首都高速都心環状線）,１１月１６日（火）,晴,自動車類下り大型車,472,436,505,489,509,528,446,462,438,383,258,305,5231,8965,,
５１９０東京都港区六本木３丁目,５０３,首都高速二号分岐線,高速２号分岐線,（首都高速都心環状線）,１１月１６日（火）,晴,自動車類下り小型車,2790,2903,2800,2633,2532,2563,2618,2575,2747,2784,2949,2750,32644,46028,,
５１９０東京都港区六本木３丁目,５０３,首都高速二号分岐線,高速２号分岐線,（首都高速都心環状線）,１１月１６日（火）,晴,自動車類下り計,3262,3339,3305,3122,3041,3091,3064,3037,3185,3167,3207,3055,37875,54993,,
５１９０東京都港区六本木３丁目,５０３,首都高速二号分岐線,高速２号分岐線,（首都高速都心環状線）,１１月１６日（火）,晴,自動車類合計大型車,705,723,954,1053,797,836,782,830,764,673,534,569,9220,17934,,
５１９０東京都港区六本木３丁目,５０３,首都高速二号分岐線,高速２号分岐線,（首都高速都心環状線）,１１月１６日（火）,晴,自動車類合計小型車,5403,5733,5157,4720,3623,4072,4949,5027,5363,5405,5317,5132,59901,88560,,
５１９０東京都港区六本木３丁目,５０３,首都高速二号分岐線,高速２号分岐線,（首都高速都心環状線）,１１月１６日（火）,晴,自動車類合計計,6108,6456,6111,5773,4420,4908,5731,5857,6127,6078,5851,5701,69121,106494,,
５１９０東京都港区六本木３丁目,５０３,首都高速二号分岐線,高速２号分岐線,（首都高速都心環状線）,１１月１６日（火）,晴,二輪車類,-,-,-,-,-,-,-,-,-,-,-,-,-,,,
５１９０東京都港区六本木３丁目,５０３,首都高速二号分岐線,高速２号分岐線,（首都高速都心環状線）,１１月１６日（火）,晴,自転車類,-,-,-,-,-,-,-,-,-,-,-,-,-,,,
５１９０東京都港区六本木３丁目,５０３,首都高速二号分岐線,高速２号分岐線,（首都高速都心環状線）,１１月１６日（火）,晴,歩行者類,-,-,-,-,-,-,-,-,-,-,-,-,-,,,
