﻿観測地点,Ｈ１７区間番号,路線名,都市計画路線名,通称道路名,調査日,天候,ピーク時間交通量（台／ｈ）,ピーク率（％）,混雑時平均旅行速度（ｋｍ／ｈ）,大型車台数（台／１２ｈ）,混入率（％）,混雑度,昼夜率,車線数,５８年度（台／１２ｈ）,６０年度（台／１２ｈ）,６３年度（台／１２ｈ）,２年度（台／１２ｈ）,６年度（台／１２ｈ）,９年度（台／１２ｈ）,１１年度（台／１２ｈ）,１７年度（台／１２ｈ）,２２年度（台／１２ｈ）
４１６１０目黒区八雲１－５,４０８２,主要地方道白金台町等々力線（都道３１２号）,放３,目黒通り,１０月２１日（木）,雨,2687,9.3,16,3556,12.3,0.99,-,5,36455,34610,35144,33087,36828,34637,33626,33570,28921
,,,,,,,,,,,,,,,,,,,,,,,
観測地点,Ｈ１７区間番号,路線名,都市計画路線名,通称道路名,調査日,天候,時間・種別,７～８,８～９,９～１０,１０～１１,１１～１２,１２～１３,１３～１４,１４～１５,１５～１６,１６～１７,１７～１８,１８～１９,１２ｈ計,２４ｈ計,,
４１６１０目黒区八雲１－５,４０８２,主要地方道白金台町等々力線（都道３１２号）,放３,目黒通り,１０月２１日（木）,雨,自動車類上り大型車,183,195,222,228,192,192,205,152,154,129,95,84,2031,-,,
４１６１０目黒区八雲１－５,４０８２,主要地方道白金台町等々力線（都道３１２号）,放３,目黒通り,１０月２１日（木）,雨,自動車類上り小型車,1589,1432,1377,1273,1137,1010,1035,949,1032,1004,1199,1030,14067,-,,
４１６１０目黒区八雲１－５,４０８２,主要地方道白金台町等々力線（都道３１２号）,放３,目黒通り,１０月２１日（木）,雨,自動車類上り計,1772,1627,1599,1501,1329,1202,1240,1101,1186,1133,1294,1114,16098,-,,
４１６１０目黒区八雲１－５,４０８２,主要地方道白金台町等々力線（都道３１２号）,放３,目黒通り,１０月２１日（木）,雨,自動車類下り大型車,108,169,168,142,123,147,144,139,123,101,76,85,1525,-,,
４１６１０目黒区八雲１－５,４０８２,主要地方道白金台町等々力線（都道３１２号）,放３,目黒通り,１０月２１日（木）,雨,自動車類下り小型車,535,891,859,931,963,830,833,943,979,1272,1178,1084,11298,-,,
４１６１０目黒区八雲１－５,４０８２,主要地方道白金台町等々力線（都道３１２号）,放３,目黒通り,１０月２１日（木）,雨,自動車類下り計,643,1060,1027,1073,1086,977,977,1082,1102,1373,1254,1169,12823,-,,
４１６１０目黒区八雲１－５,４０８２,主要地方道白金台町等々力線（都道３１２号）,放３,目黒通り,１０月２１日（木）,雨,自動車類合計大型車,291,364,390,370,315,339,349,291,277,230,171,169,3556,-,,
４１６１０目黒区八雲１－５,４０８２,主要地方道白金台町等々力線（都道３１２号）,放３,目黒通り,１０月２１日（木）,雨,自動車類合計小型車,2124,2323,2236,2204,2100,1840,1868,1892,2011,2276,2377,2114,25365,-,,
４１６１０目黒区八雲１－５,４０８２,主要地方道白金台町等々力線（都道３１２号）,放３,目黒通り,１０月２１日（木）,雨,自動車類合計計,2415,2687,2626,2574,2415,2179,2217,2183,2288,2506,2548,2283,28921,-,,
４１６１０目黒区八雲１－５,４０８２,主要地方道白金台町等々力線（都道３１２号）,放３,目黒通り,１０月２１日（木）,雨,二輪車類,137,101,77,95,42,87,71,76,89,65,104,103,1047,,,
４１６１０目黒区八雲１－５,４０８２,主要地方道白金台町等々力線（都道３１２号）,放３,目黒通り,１０月２１日（木）,雨,自転車類,33,49,40,35,27,43,36,35,32,53,75,78,536,,,
４１６１０目黒区八雲１－５,４０８２,主要地方道白金台町等々力線（都道３１２号）,放３,目黒通り,１０月２１日（木）,雨,歩行者類,247,336,219,192,212,283,254,243,220,242,293,312,3053,,,
