﻿観測地点,Ｈ１７区間番号,路線名,都市計画路線名,通称道路名,調査日,天候,ピーク時間交通量（台／ｈ）,ピーク率（％）,混雑時平均旅行速度（ｋｍ／ｈ）,大型車台数（台／１２ｈ）,混入率（％）,混雑度,昼夜率,車線数,５８年度（台／１２ｈ）,６０年度（台／１２ｈ）,６３年度（台／１２ｈ）,２年度（台／１２ｈ）,６年度（台／１２ｈ）,９年度（台／１２ｈ）,１１年度（台／１２ｈ）,１７年度（台／１２ｈ）,２２年度（台／１２ｈ）
６１０８０品川区大井６－２１－６,６０３３,特例都道東品川下丸子線（都道４２１号）,補２８,池上通り,１０月１９日（火）,曇,883,9.1,14.6,1456,14.9,1.13,-,2,11961,11871,10935,11596,12298,11888,11605,10819,9752
,,,,,,,,,,,,,,,,,,,,,,,
観測地点,Ｈ１７区間番号,路線名,都市計画路線名,通称道路名,調査日,天候,時間・種別,７～８,８～９,９～１０,１０～１１,１１～１２,１２～１３,１３～１４,１４～１５,１５～１６,１６～１７,１７～１８,１８～１９,１２ｈ計,２４ｈ計,,
６１０８０品川区大井６－２１－６,６０３３,特例都道東品川下丸子線（都道４２１号）,補２８,池上通り,１０月１９日（火）,曇,自動車類上り大型車,78,98,99,92,95,51,66,69,56,37,42,37,820,-,,
６１０８０品川区大井６－２１－６,６０３３,特例都道東品川下丸子線（都道４２１号）,補２８,池上通り,１０月１９日（火）,曇,自動車類上り小型車,489,439,372,405,382,377,359,431,388,358,342,337,4679,-,,
６１０８０品川区大井６－２１－６,６０３３,特例都道東品川下丸子線（都道４２１号）,補２８,池上通り,１０月１９日（火）,曇,自動車類上り計,567,537,471,497,477,428,425,500,444,395,384,374,5499,-,,
６１０８０品川区大井６－２１－６,６０３３,特例都道東品川下丸子線（都道４２１号）,補２８,池上通り,１０月１９日（火）,曇,自動車類下り大型車,43,56,74,66,73,50,60,42,59,38,41,34,636,-,,
６１０８０品川区大井６－２１－６,６０３３,特例都道東品川下丸子線（都道４２１号）,補２８,池上通り,１０月１９日（火）,曇,自動車類下り小型車,183,253,243,320,307,299,285,329,346,348,378,326,3617,-,,
６１０８０品川区大井６－２１－６,６０３３,特例都道東品川下丸子線（都道４２１号）,補２８,池上通り,１０月１９日（火）,曇,自動車類下り計,226,309,317,386,380,349,345,371,405,386,419,360,4253,-,,
６１０８０品川区大井６－２１－６,６０３３,特例都道東品川下丸子線（都道４２１号）,補２８,池上通り,１０月１９日（火）,曇,自動車類合計大型車,121,154,173,158,168,101,126,111,115,75,83,71,1456,-,,
６１０８０品川区大井６－２１－６,６０３３,特例都道東品川下丸子線（都道４２１号）,補２８,池上通り,１０月１９日（火）,曇,自動車類合計小型車,672,692,615,725,689,676,644,760,734,706,720,663,8296,-,,
６１０８０品川区大井６－２１－６,６０３３,特例都道東品川下丸子線（都道４２１号）,補２８,池上通り,１０月１９日（火）,曇,自動車類合計計,793,846,788,883,857,777,770,871,849,781,803,734,9752,-,,
６１０８０品川区大井６－２１－６,６０３３,特例都道東品川下丸子線（都道４２１号）,補２８,池上通り,１０月１９日（火）,曇,二輪車類,-,-,-,-,-,-,-,-,-,-,-,-,-,,,
６１０８０品川区大井６－２１－６,６０３３,特例都道東品川下丸子線（都道４２１号）,補２８,池上通り,１０月１９日（火）,曇,自転車類,42,62,29,33,30,36,31,38,46,58,94,74,573,,,
６１０８０品川区大井６－２１－６,６０３３,特例都道東品川下丸子線（都道４２１号）,補２８,池上通り,１０月１９日（火）,曇,歩行者類,335,320,176,160,142,135,124,149,174,194,272,293,2474,,,
