﻿観測地点,Ｈ１７区間番号,路線名,都市計画路線名,通称道路名,調査日,天候,ピーク時間交通量（台／ｈ）,ピーク率（％）,混雑時平均旅行速度（ｋｍ／ｈ）,大型車台数（台／１２ｈ）,混入率（％）,混雑度,昼夜率,車線数,５８年度（台／１２ｈ）,６０年度（台／１２ｈ）,６３年度（台／１２ｈ）,２年度（台／１２ｈ）,６年度（台／１２ｈ）,９年度（台／１２ｈ）,１１年度（台／１２ｈ）,１７年度（台／１２ｈ）,２２年度（台／１２ｈ）
４１６２０世田谷区等々力６－４０－９,４０８３,主要地方道白金台町等々力線（都道３１２号）,放３,目黒通り,１０月１９日（火）,曇,2577,9.6,17.5,3515,13.2,0.94,-,5,30271,31348,34096,34035,32015,31496,23531,22862,26710
,,,,,,,,,,,,,,,,,,,,,,,
観測地点,Ｈ１７区間番号,路線名,都市計画路線名,通称道路名,調査日,天候,時間・種別,７～８,８～９,９～１０,１０～１１,１１～１２,１２～１３,１３～１４,１４～１５,１５～１６,１６～１７,１７～１８,１８～１９,１２ｈ計,２４ｈ計,,
４１６２０世田谷区等々力６－４０－９,４０８３,主要地方道白金台町等々力線（都道３１２号）,放３,目黒通り,１０月１９日（火）,曇,自動車類上り大型車,208,177,164,209,175,141,176,173,142,128,92,67,1852,-,,
４１６２０世田谷区等々力６－４０－９,４０８３,主要地方道白金台町等々力線（都道３１２号）,放３,目黒通り,１０月１９日（火）,曇,自動車類上り小型車,1477,1245,1197,1010,967,817,894,962,924,1085,1135,970,12683,-,,
４１６２０世田谷区等々力６－４０－９,４０８３,主要地方道白金台町等々力線（都道３１２号）,放３,目黒通り,１０月１９日（火）,曇,自動車類上り計,1685,1422,1361,1219,1142,958,1070,1135,1066,1213,1227,1037,14535,-,,
４１６２０世田谷区等々力６－４０－９,４０８３,主要地方道白金台町等々力線（都道３１２号）,放３,目黒通り,１０月１９日（火）,曇,自動車類下り大型車,93,125,145,166,172,132,131,154,155,157,150,83,1663,-,,
４１６２０世田谷区等々力６－４０－９,４０８３,主要地方道白金台町等々力線（都道３１２号）,放３,目黒通り,１０月１９日（火）,曇,自動車類下り小型車,657,874,833,720,768,760,763,867,900,930,1200,1240,10512,-,,
４１６２０世田谷区等々力６－４０－９,４０８３,主要地方道白金台町等々力線（都道３１２号）,放３,目黒通り,１０月１９日（火）,曇,自動車類下り計,750,999,978,886,940,892,894,1021,1055,1087,1350,1323,12175,-,,
４１６２０世田谷区等々力６－４０－９,４０８３,主要地方道白金台町等々力線（都道３１２号）,放３,目黒通り,１０月１９日（火）,曇,自動車類合計大型車,301,302,309,375,347,273,307,327,297,285,242,150,3515,-,,
４１６２０世田谷区等々力６－４０－９,４０８３,主要地方道白金台町等々力線（都道３１２号）,放３,目黒通り,１０月１９日（火）,曇,自動車類合計小型車,2134,2119,2030,1730,1735,1577,1657,1829,1824,2015,2335,2210,23195,-,,
４１６２０世田谷区等々力６－４０－９,４０８３,主要地方道白金台町等々力線（都道３１２号）,放３,目黒通り,１０月１９日（火）,曇,自動車類合計計,2435,2421,2339,2105,2082,1850,1964,2156,2121,2300,2577,2360,26710,-,,
４１６２０世田谷区等々力６－４０－９,４０８３,主要地方道白金台町等々力線（都道３１２号）,放３,目黒通り,１０月１９日（火）,曇,二輪車類,121,172,146,114,94,88,86,103,106,142,153,152,1477,,,
４１６２０世田谷区等々力６－４０－９,４０８３,主要地方道白金台町等々力線（都道３１２号）,放３,目黒通り,１０月１９日（火）,曇,自転車類,130,223,105,130,166,128,145,128,115,144,151,132,1697,,,
４１６２０世田谷区等々力６－４０－９,４０８３,主要地方道白金台町等々力線（都道３１２号）,放３,目黒通り,１０月１９日（火）,曇,歩行者類,126,161,67,82,107,119,130,114,124,139,117,132,1418,,,
