﻿観測地点,Ｈ１７区間番号,路線名,都市計画路線名,通称道路名,調査日,天候,ピーク時間交通量（台／ｈ）,ピーク率（％）,混雑時平均旅行速度（ｋｍ／ｈ）,大型車台数（台／１２ｈ）,混入率（％）,混雑度,昼夜率,車線数,５８年度（台／１２ｈ）,６０年度（台／１２ｈ）,６３年度（台／１２ｈ）,２年度（台／１２ｈ）,６年度（台／１２ｈ）,９年度（台／１２ｈ）,１１年度（台／１２ｈ）,１７年度（台／１２ｈ）,２２年度（台／１２ｈ）
５８６０東京都大田区羽田空港３丁目,５１８,高速湾岸線,高速湾岸線,（首都高速湾岸線）,１１月１６日（火）,晴,4242,9.4,85.7,16251,36.1,0.67,1.43,6,24735,32190,31658,-,13488,32177,37231,41550,44986
,,,,,,,,,,,,,,,,,,,,,,,
観測地点,Ｈ１７区間番号,路線名,都市計画路線名,通称道路名,調査日,天候,時間・種別,７～８,８～９,９～１０,１０～１１,１１～１２,１２～１３,１３～１４,１４～１５,１５～１６,１６～１７,１７～１８,１８～１９,１２ｈ計,２４ｈ計,,
５８６０東京都大田区羽田空港３丁目,５１８,高速湾岸線,高速湾岸線,（首都高速湾岸線）,１１月１６日（火）,晴,自動車類上り大型車,586,714,1115,1060,961,754,682,730,671,654,565,426,8918,13047,,
５８６０東京都大田区羽田空港３丁目,５１８,高速湾岸線,高速湾岸線,（首都高速湾岸線）,１１月１６日（火）,晴,自動車類上り小型車,1630,1738,1242,1253,1041,866,892,1068,1531,1671,1317,983,15232,18928,,
５８６０東京都大田区羽田空港３丁目,５１８,高速湾岸線,高速湾岸線,（首都高速湾岸線）,１１月１６日（火）,晴,自動車類上り計,2216,2452,2357,2313,2002,1620,1574,1798,2202,2325,1882,1409,24150,31975,,
５８６０東京都大田区羽田空港３丁目,５１８,高速湾岸線,高速湾岸線,（首都高速湾岸線）,１１月１６日（火）,晴,自動車類下り大型車,534,570,778,765,658,808,773,606,361,589,457,434,7333,11729,,
５８６０東京都大田区羽田空港３丁目,５１８,高速湾岸線,高速湾岸線,（首都高速湾岸線）,１１月１６日（火）,晴,自動車類下り小型車,1357,1164,1107,1015,931,967,1043,870,691,1212,1600,1546,13503,20664,,
５８６０東京都大田区羽田空港３丁目,５１８,高速湾岸線,高速湾岸線,（首都高速湾岸線）,１１月１６日（火）,晴,自動車類下り計,1891,1734,1885,1780,1589,1775,1816,1476,1052,1801,2057,1980,20836,32393,,
５８６０東京都大田区羽田空港３丁目,５１８,高速湾岸線,高速湾岸線,（首都高速湾岸線）,１１月１６日（火）,晴,自動車類合計大型車,1120,1284,1893,1825,1619,1562,1455,1336,1032,1243,1022,860,16251,24776,,
５８６０東京都大田区羽田空港３丁目,５１８,高速湾岸線,高速湾岸線,（首都高速湾岸線）,１１月１６日（火）,晴,自動車類合計小型車,2987,2902,2349,2268,1972,1833,1935,1938,2222,2883,2917,2529,28735,39592,,
５８６０東京都大田区羽田空港３丁目,５１８,高速湾岸線,高速湾岸線,（首都高速湾岸線）,１１月１６日（火）,晴,自動車類合計計,4107,4186,4242,4093,3591,3395,3390,3274,3254,4126,3939,3389,44986,64368,,
５８６０東京都大田区羽田空港３丁目,５１８,高速湾岸線,高速湾岸線,（首都高速湾岸線）,１１月１６日（火）,晴,二輪車類,-,-,-,-,-,-,-,-,-,-,-,-,-,,,
５８６０東京都大田区羽田空港３丁目,５１８,高速湾岸線,高速湾岸線,（首都高速湾岸線）,１１月１６日（火）,晴,自転車類,-,-,-,-,-,-,-,-,-,-,-,-,-,,,
５８６０東京都大田区羽田空港３丁目,５１８,高速湾岸線,高速湾岸線,（首都高速湾岸線）,１１月１６日（火）,晴,歩行者類,-,-,-,-,-,-,-,-,-,-,-,-,-,,,
