﻿観測地点,Ｈ１７区間番号,路線名,都市計画路線名,通称道路名,調査日,天候,ピーク時間交通量（台／ｈ）,ピーク率（％）,混雑時平均旅行速度（ｋｍ／ｈ）,大型車台数（台／１２ｈ）,混入率（％）,混雑度,昼夜率,車線数,５８年度（台／１２ｈ）,６０年度（台／１２ｈ）,６３年度（台／１２ｈ）,２年度（台／１２ｈ）,６年度（台／１２ｈ）,９年度（台／１２ｈ）,１１年度（台／１２ｈ）,１７年度（台／１２ｈ）,２２年度（台／１２ｈ）
６０１８０三鷹市北野４－８－３２,３６００９,一般都道世田谷三鷹線（都道１１７号）,－,吉祥寺通り,１０月７日（木）,晴,650,9.0,10.6,1181,16.3,0.81,-,2,-,26433,25675,6434,8703,7741,7788,7772,7262
,,,,,,,,,,,,,,,,,,,,,,,
観測地点,Ｈ１７区間番号,路線名,都市計画路線名,通称道路名,調査日,天候,時間・種別,７～８,８～９,９～１０,１０～１１,１１～１２,１２～１３,１３～１４,１４～１５,１５～１６,１６～１７,１７～１８,１８～１９,１２ｈ計,２４ｈ計,,
６０１８０三鷹市北野４－８－３２,３６００９,一般都道世田谷三鷹線（都道１１７号）,－,吉祥寺通り,１０月７日（木）,晴,自動車類上り大型車,33,56,49,65,60,35,36,52,32,30,29,21,498,-,,
６０１８０三鷹市北野４－８－３２,３６００９,一般都道世田谷三鷹線（都道１１７号）,－,吉祥寺通り,１０月７日（木）,晴,自動車類上り小型車,219,213,223,237,231,234,257,249,211,264,248,246,2832,-,,
６０１８０三鷹市北野４－８－３２,３６００９,一般都道世田谷三鷹線（都道１１７号）,－,吉祥寺通り,１０月７日（木）,晴,自動車類上り計,252,269,272,302,291,269,293,301,243,294,277,267,3330,-,,
６０１８０三鷹市北野４－８－３２,３６００９,一般都道世田谷三鷹線（都道１１７号）,－,吉祥寺通り,１０月７日（木）,晴,自動車類下り大型車,55,53,68,65,71,58,71,56,60,51,43,32,683,-,,
６０１８０三鷹市北野４－８－３２,３６００９,一般都道世田谷三鷹線（都道１１７号）,－,吉祥寺通り,１０月７日（木）,晴,自動車類下り小型車,203,236,236,248,273,265,251,263,313,297,313,351,3249,-,,
６０１８０三鷹市北野４－８－３２,３６００９,一般都道世田谷三鷹線（都道１１７号）,－,吉祥寺通り,１０月７日（木）,晴,自動車類下り計,258,289,304,313,344,323,322,319,373,348,356,383,3932,-,,
６０１８０三鷹市北野４－８－３２,３６００９,一般都道世田谷三鷹線（都道１１７号）,－,吉祥寺通り,１０月７日（木）,晴,自動車類合計大型車,88,109,117,130,131,93,107,108,92,81,72,53,1181,-,,
６０１８０三鷹市北野４－８－３２,３６００９,一般都道世田谷三鷹線（都道１１７号）,－,吉祥寺通り,１０月７日（木）,晴,自動車類合計小型車,422,449,459,485,504,499,508,512,524,561,561,597,6081,-,,
６０１８０三鷹市北野４－８－３２,３６００９,一般都道世田谷三鷹線（都道１１７号）,－,吉祥寺通り,１０月７日（木）,晴,自動車類合計計,510,558,576,615,635,592,615,620,616,642,633,650,7262,-,,
６０１８０三鷹市北野４－８－３２,３６００９,一般都道世田谷三鷹線（都道１１７号）,－,吉祥寺通り,１０月７日（木）,晴,二輪車類,-,-,-,-,-,-,-,-,-,-,-,-,-,,,
６０１８０三鷹市北野４－８－３２,３６００９,一般都道世田谷三鷹線（都道１１７号）,－,吉祥寺通り,１０月７日（木）,晴,自転車類,108,98,54,25,7,28,22,16,21,26,45,41,491,,,
６０１８０三鷹市北野４－８－３２,３６００９,一般都道世田谷三鷹線（都道１１７号）,－,吉祥寺通り,１０月７日（木）,晴,歩行者類,62,41,25,25,21,15,15,23,28,35,30,33,353,,,
