﻿観測地点,Ｈ１７区間番号,路線名,都市計画路線名,通称道路名,調査日,天候,ピーク時間交通量（台／ｈ）,ピーク率（％）,混雑時平均旅行速度（ｋｍ／ｈ）,大型車台数（台／１２ｈ）,混入率（％）,混雑度,昼夜率,車線数,５８年度（台／１２ｈ）,６０年度（台／１２ｈ）,６３年度（台／１２ｈ）,２年度（台／１２ｈ）,６年度（台／１２ｈ）,９年度（台／１２ｈ）,１１年度（台／１２ｈ）,１７年度（台／１２ｈ）,２２年度（台／１２ｈ）
４０８９０文京区本郷１,４０４２,主要地方道白山祝田田町線（都道３０１号）,放９,白山通り,１０月５日（火）,晴,2447,9.2,12.8,3111,11.7,0.77,-,5,28270,24934,24234,23592,27900,29121,28038,27099,26545
,,,,,,,,,,,,,,,,,,,,,,,
観測地点,Ｈ１７区間番号,路線名,都市計画路線名,通称道路名,調査日,天候,時間・種別,７～８,８～９,９～１０,１０～１１,１１～１２,１２～１３,１３～１４,１４～１５,１５～１６,１６～１７,１７～１８,１８～１９,１２ｈ計,２４ｈ計,,
４０８９０文京区本郷１,４０４２,主要地方道白山祝田田町線（都道３０１号）,放９,白山通り,１０月５日（火）,晴,自動車類上り大型車,182,132,152,183,159,118,122,125,103,92,115,58,1541,-,,
４０８９０文京区本郷１,４０４２,主要地方道白山祝田田町線（都道３０１号）,放９,白山通り,１０月５日（火）,晴,自動車類上り小型車,517,624,840,904,982,761,888,1109,1143,982,1144,1089,10983,-,,
４０８９０文京区本郷１,４０４２,主要地方道白山祝田田町線（都道３０１号）,放９,白山通り,１０月５日（火）,晴,自動車類上り計,699,756,992,1087,1141,879,1010,1234,1246,1074,1259,1147,12524,-,,
４０８９０文京区本郷１,４０４２,主要地方道白山祝田田町線（都道３０１号）,放９,白山通り,１０月５日（火）,晴,自動車類下り大型車,137,158,176,190,140,133,166,145,100,93,65,67,1570,-,,
４０８９０文京区本郷１,４０４２,主要地方道白山祝田田町線（都道３０１号）,放９,白山通り,１０月５日（火）,晴,自動車類下り小型車,1018,1068,1030,1028,1166,1168,1020,1060,965,976,1002,950,12451,-,,
４０８９０文京区本郷１,４０４２,主要地方道白山祝田田町線（都道３０１号）,放９,白山通り,１０月５日（火）,晴,自動車類下り計,1155,1226,1206,1218,1306,1301,1186,1205,1065,1069,1067,1017,14021,-,,
４０８９０文京区本郷１,４０４２,主要地方道白山祝田田町線（都道３０１号）,放９,白山通り,１０月５日（火）,晴,自動車類合計大型車,319,290,328,373,299,251,288,270,203,185,180,125,3111,-,,
４０８９０文京区本郷１,４０４２,主要地方道白山祝田田町線（都道３０１号）,放９,白山通り,１０月５日（火）,晴,自動車類合計小型車,1535,1692,1870,1932,2148,1929,1908,2169,2108,1958,2146,2039,23434,-,,
４０８９０文京区本郷１,４０４２,主要地方道白山祝田田町線（都道３０１号）,放９,白山通り,１０月５日（火）,晴,自動車類合計計,1854,1982,2198,2305,2447,2180,2196,2439,2311,2143,2326,2164,26545,-,,
４０８９０文京区本郷１,４０４２,主要地方道白山祝田田町線（都道３０１号）,放９,白山通り,１０月５日（火）,晴,二輪車類,-,-,-,-,-,-,-,-,-,-,-,-,-,,,
４０８９０文京区本郷１,４０４２,主要地方道白山祝田田町線（都道３０１号）,放９,白山通り,１０月５日（火）,晴,自転車類,203,451,441,291,253,290,324,336,298,361,379,362,3989,,,
４０８９０文京区本郷１,４０４２,主要地方道白山祝田田町線（都道３０１号）,放９,白山通り,１０月５日（火）,晴,歩行者類,3326,6130,3345,3040,2265,3869,3065,3437,3354,4904,6031,5966,48732,,,
