﻿観測地点,Ｈ１７区間番号,路線名,都市計画路線名,通称道路名,調査日,天候,ピーク時間交通量（台／ｈ）,ピーク率（％）,混雑時平均旅行速度（ｋｍ／ｈ）,大型車台数（台／１２ｈ）,混入率（％）,混雑度,昼夜率,車線数,５８年度（台／１２ｈ）,６０年度（台／１２ｈ）,６３年度（台／１２ｈ）,２年度（台／１２ｈ）,６年度（台／１２ｈ）,９年度（台／１２ｈ）,１１年度（台／１２ｈ）,１７年度（台／１２ｈ）,２２年度（台／１２ｈ）
４１０００中央区晴海２－７,－,主要地方道日比谷豊洲埠頭東雲町線（都道３０４号）,放３４,－,１０月５日（火）,晴,1866,9.1,31.3,6687,32.5,0.54,-,4,-,-,-,-,-,-,-,-,20569
,,,,,,,,,,,,,,,,,,,,,,,
観測地点,Ｈ１７区間番号,路線名,都市計画路線名,通称道路名,調査日,天候,時間・種別,７～８,８～９,９～１０,１０～１１,１１～１２,１２～１３,１３～１４,１４～１５,１５～１６,１６～１７,１７～１８,１８～１９,１２ｈ計,２４ｈ計,,
４１０００中央区晴海２－７,－,主要地方道日比谷豊洲埠頭東雲町線（都道３０４号）,放３４,－,１０月５日（火）,晴,自動車類上り大型車,317,392,312,257,256,252,235,268,240,223,168,208,3128,-,,
４１０００中央区晴海２－７,－,主要地方道日比谷豊洲埠頭東雲町線（都道３０４号）,放３４,－,１０月５日（火）,晴,自動車類上り小型車,377,628,557,529,511,460,503,597,672,640,758,603,6835,-,,
４１０００中央区晴海２－７,－,主要地方道日比谷豊洲埠頭東雲町線（都道３０４号）,放３４,－,１０月５日（火）,晴,自動車類上り計,694,1020,869,786,767,712,738,865,912,863,926,811,9963,-,,
４１０００中央区晴海２－７,－,主要地方道日比谷豊洲埠頭東雲町線（都道３０４号）,放３４,－,１０月５日（火）,晴,自動車類下り大型車,264,305,362,378,355,312,282,312,290,264,238,197,3559,-,,
４１０００中央区晴海２－７,－,主要地方道日比谷豊洲埠頭東雲町線（都道３０４号）,放３４,－,１０月５日（火）,晴,自動車類下り小型車,452,541,602,580,586,608,666,644,633,588,608,539,7047,-,,
４１０００中央区晴海２－７,－,主要地方道日比谷豊洲埠頭東雲町線（都道３０４号）,放３４,－,１０月５日（火）,晴,自動車類下り計,716,846,964,958,941,920,948,956,923,852,846,736,10606,-,,
４１０００中央区晴海２－７,－,主要地方道日比谷豊洲埠頭東雲町線（都道３０４号）,放３４,－,１０月５日（火）,晴,自動車類合計大型車,581,697,674,635,611,564,517,580,530,487,406,405,6687,-,,
４１０００中央区晴海２－７,－,主要地方道日比谷豊洲埠頭東雲町線（都道３０４号）,放３４,－,１０月５日（火）,晴,自動車類合計小型車,829,1169,1159,1109,1097,1068,1169,1241,1305,1228,1366,1142,13882,-,,
４１０００中央区晴海２－７,－,主要地方道日比谷豊洲埠頭東雲町線（都道３０４号）,放３４,－,１０月５日（火）,晴,自動車類合計計,1410,1866,1833,1744,1708,1632,1686,1821,1835,1715,1772,1547,20569,-,,
４１０００中央区晴海２－７,－,主要地方道日比谷豊洲埠頭東雲町線（都道３０４号）,放３４,－,１０月５日（火）,晴,二輪車類,-,-,-,-,-,-,-,-,-,-,-,-,-,,,
４１０００中央区晴海２－７,－,主要地方道日比谷豊洲埠頭東雲町線（都道３０４号）,放３４,－,１０月５日（火）,晴,自転車類,43,96,58,36,30,31,30,29,33,39,44,53,522,,,
４１０００中央区晴海２－７,－,主要地方道日比谷豊洲埠頭東雲町線（都道３０４号）,放３４,－,１０月５日（火）,晴,歩行者類,50,50,35,28,40,54,21,47,38,69,33,50,515,,,
