﻿観測地点,Ｈ１７区間番号,路線名,都市計画路線名,通称道路名,調査日,天候,ピーク時間交通量（台／ｈ）,ピーク率（％）,混雑時平均旅行速度（ｋｍ／ｈ）,大型車台数（台／１２ｈ）,混入率（％）,混雑度,昼夜率,車線数,５８年度（台／１２ｈ）,６０年度（台／１２ｈ）,６３年度（台／１２ｈ）,２年度（台／１２ｈ）,６年度（台／１２ｈ）,９年度（台／１２ｈ）,１１年度（台／１２ｈ）,１７年度（台／１２ｈ）,２２年度（台／１２ｈ）
５２９０東京都港区海岸１丁目,５０５,首都高速一号線,高速１号線,（首都高速１号羽田線）,１１月１６日（火）,晴,5015,9.3,18,6607,12.3,0.89,1.54,4,44357,58859,31945,30032,27849,37903,38897,29890,53838
,,,,,,,,,,,,,,,,,,,,,,,
観測地点,Ｈ１７区間番号,路線名,都市計画路線名,通称道路名,調査日,天候,時間・種別,７～８,８～９,９～１０,１０～１１,１１～１２,１２～１３,１３～１４,１４～１５,１５～１６,１６～１７,１７～１８,１８～１９,１２ｈ計,２４ｈ計,,
５２９０東京都港区海岸１丁目,５０５,首都高速一号線,高速１号線,（首都高速１号羽田線）,１１月１６日（火）,晴,自動車類上り大型車,365,327,436,418,391,393,408,363,322,251,181,184,4039,7360,,
５２９０東京都港区海岸１丁目,５０５,首都高速一号線,高速１号線,（首都高速１号羽田線）,１１月１６日（火）,晴,自動車類上り小型車,2111,1967,1955,1767,1883,1884,2346,2434,2477,2166,2015,2045,25050,36914,,
５２９０東京都港区海岸１丁目,５０５,首都高速一号線,高速１号線,（首都高速１号羽田線）,１１月１６日（火）,晴,自動車類上り計,2476,2294,2391,2185,2274,2277,2754,2797,2799,2417,2196,2229,29089,44274,,
５２９０東京都港区海岸１丁目,５０５,首都高速一号線,高速１号線,（首都高速１号羽田線）,１１月１６日（火）,晴,自動車類下り大型車,170,124,266,327,264,332,253,208,225,185,98,116,2568,4819,,
５２９０東京都港区海岸１丁目,５０５,首都高速一号線,高速１号線,（首都高速１号羽田線）,１１月１６日（火）,晴,自動車類下り小型車,1984,2016,1872,1764,1585,1836,1881,1873,1991,1866,1886,1627,22181,33569,,
５２９０東京都港区海岸１丁目,５０５,首都高速一号線,高速１号線,（首都高速１号羽田線）,１１月１６日（火）,晴,自動車類下り計,2154,2140,2138,2091,1849,2168,2134,2081,2216,2051,1984,1743,24749,38388,,
５２９０東京都港区海岸１丁目,５０５,首都高速一号線,高速１号線,（首都高速１号羽田線）,１１月１６日（火）,晴,自動車類合計大型車,535,451,702,745,655,725,661,571,547,436,279,300,6607,12179,,
５２９０東京都港区海岸１丁目,５０５,首都高速一号線,高速１号線,（首都高速１号羽田線）,１１月１６日（火）,晴,自動車類合計小型車,4095,3983,3827,3531,3468,3720,4227,4307,4468,4032,3901,3672,47231,70483,,
５２９０東京都港区海岸１丁目,５０５,首都高速一号線,高速１号線,（首都高速１号羽田線）,１１月１６日（火）,晴,自動車類合計計,4630,4434,4529,4276,4123,4445,4888,4878,5015,4468,4180,3972,53838,82662,,
５２９０東京都港区海岸１丁目,５０５,首都高速一号線,高速１号線,（首都高速１号羽田線）,１１月１６日（火）,晴,二輪車類,-,-,-,-,-,-,-,-,-,-,-,-,-,,,
５２９０東京都港区海岸１丁目,５０５,首都高速一号線,高速１号線,（首都高速１号羽田線）,１１月１６日（火）,晴,自転車類,-,-,-,-,-,-,-,-,-,-,-,-,-,,,
５２９０東京都港区海岸１丁目,５０５,首都高速一号線,高速１号線,（首都高速１号羽田線）,１１月１６日（火）,晴,歩行者類,-,-,-,-,-,-,-,-,-,-,-,-,-,,,
