﻿観測地点,Ｈ１７区間番号,路線名,都市計画路線名,通称道路名,調査日,天候,ピーク時間交通量（台／ｈ）,ピーク率（％）,混雑時平均旅行速度（ｋｍ／ｈ）,大型車台数（台／１２ｈ）,混入率（％）,混雑度,昼夜率,車線数,５８年度（台／１２ｈ）,６０年度（台／１２ｈ）,６３年度（台／１２ｈ）,２年度（台／１２ｈ）,６年度（台／１２ｈ）,９年度（台／１２ｈ）,１１年度（台／１２ｈ）,１７年度（台／１２ｈ）,２２年度（台／１２ｈ）
５４２０東京都渋谷区恵比寿３丁目,５０７,首都高速二号線,高速２号線,（首都高速２号目黒線）,１１月１６日（火）,晴,3442,11.1,69.5,1567,5.0,0.59,1.44,4,35183,36769,37187,36411,34992,35057,33294,31062,31135
,,,,,,,,,,,,,,,,,,,,,,,
観測地点,Ｈ１７区間番号,路線名,都市計画路線名,通称道路名,調査日,天候,時間・種別,７～８,８～９,９～１０,１０～１１,１１～１２,１２～１３,１３～１４,１４～１５,１５～１６,１６～１７,１７～１８,１８～１９,１２ｈ計,２４ｈ計,,
５４２０東京都渋谷区恵比寿３丁目,５０７,首都高速二号線,高速２号線,（首都高速２号目黒線）,１１月１６日（火）,晴,自動車類上り大型車,74,79,108,119,104,59,77,102,63,58,50,43,936,1246,,
５４２０東京都渋谷区恵比寿３丁目,５０７,首都高速二号線,高速２号線,（首都高速２号目黒線）,１１月１６日（火）,晴,自動車類上り小型車,1948,1986,1728,1432,1265,1077,1184,1276,1253,1480,1528,1076,17233,23027,,
５４２０東京都渋谷区恵比寿３丁目,５０７,首都高速二号線,高速２号線,（首都高速２号目黒線）,１１月１６日（火）,晴,自動車類上り計,2022,2065,1836,1551,1369,1136,1261,1378,1316,1538,1578,1119,18169,24273,,
５４２０東京都渋谷区恵比寿３丁目,５０７,首都高速二号線,高速２号線,（首都高速２号目黒線）,１１月１６日（火）,晴,自動車類下り大型車,85,67,56,51,58,62,61,47,49,31,34,30,631,1017,,
５４２０東京都渋谷区恵比寿３丁目,５０７,首都高速二号線,高速２号線,（首都高速２号目黒線）,１１月１６日（火）,晴,自動車類下り小型車,1335,1254,971,840,679,795,1034,1037,1005,1124,1061,1200,12335,19523,,
５４２０東京都渋谷区恵比寿３丁目,５０７,首都高速二号線,高速２号線,（首都高速２号目黒線）,１１月１６日（火）,晴,自動車類下り計,1420,1321,1027,891,737,857,1095,1084,1054,1155,1095,1230,12966,20540,,
５４２０東京都渋谷区恵比寿３丁目,５０７,首都高速二号線,高速２号線,（首都高速２号目黒線）,１１月１６日（火）,晴,自動車類合計大型車,159,146,164,170,162,121,138,149,112,89,84,73,1567,2263,,
５４２０東京都渋谷区恵比寿３丁目,５０７,首都高速二号線,高速２号線,（首都高速２号目黒線）,１１月１６日（火）,晴,自動車類合計小型車,3283,3240,2699,2272,1944,1872,2218,2313,2258,2604,2589,2276,29568,42550,,
５４２０東京都渋谷区恵比寿３丁目,５０７,首都高速二号線,高速２号線,（首都高速２号目黒線）,１１月１６日（火）,晴,自動車類合計計,3442,3386,2863,2442,2106,1993,2356,2462,2370,2693,2673,2349,31135,44813,,
５４２０東京都渋谷区恵比寿３丁目,５０７,首都高速二号線,高速２号線,（首都高速２号目黒線）,１１月１６日（火）,晴,二輪車類,-,-,-,-,-,-,-,-,-,-,-,-,-,,,
５４２０東京都渋谷区恵比寿３丁目,５０７,首都高速二号線,高速２号線,（首都高速２号目黒線）,１１月１６日（火）,晴,自転車類,-,-,-,-,-,-,-,-,-,-,-,-,-,,,
５４２０東京都渋谷区恵比寿３丁目,５０７,首都高速二号線,高速２号線,（首都高速２号目黒線）,１１月１６日（火）,晴,歩行者類,-,-,-,-,-,-,-,-,-,-,-,-,-,,,
