﻿観測地点,Ｈ１７区間番号,路線名,都市計画路線名,通称道路名,調査日,天候,ピーク時間交通量（台／ｈ）,ピーク率（％）,混雑時平均旅行速度（ｋｍ／ｈ）,大型車台数（台／１２ｈ）,混入率（％）,混雑度,昼夜率,車線数,５８年度（台／１２ｈ）,６０年度（台／１２ｈ）,６３年度（台／１２ｈ）,２年度（台／１２ｈ）,６年度（台／１２ｈ）,９年度（台／１２ｈ）,１１年度（台／１２ｈ）,１７年度（台／１２ｈ）,２２年度（台／１２ｈ）
４１８１０品川区勝島２－１,４０９５,主要地方道日本橋芝浦大森線（都道３１６号）,放１８,海岸通り,１０月１９日（火）,曇,938,9.1,38.7,3393,32.8,0.35,-,6,29759,26236,25772,26857,24755,28421,28869,26033,10329
,,,,,,,,,,,,,,,,,,,,,,,
観測地点,Ｈ１７区間番号,路線名,都市計画路線名,通称道路名,調査日,天候,時間・種別,７～８,８～９,９～１０,１０～１１,１１～１２,１２～１３,１３～１４,１４～１５,１５～１６,１６～１７,１７～１８,１８～１９,１２ｈ計,２４ｈ計,,
４１８１０品川区勝島２－１,４０９５,主要地方道日本橋芝浦大森線（都道３１６号）,放１８,海岸通り,１０月１９日（火）,曇,自動車類上り大型車,126,142,223,129,120,133,155,142,145,119,81,47,1562,-,,
４１８１０品川区勝島２－１,４０９５,主要地方道日本橋芝浦大森線（都道３１６号）,放１８,海岸通り,１０月１９日（火）,曇,自動車類上り小型車,310,394,313,286,273,267,320,304,312,353,385,282,3799,-,,
４１８１０品川区勝島２－１,４０９５,主要地方道日本橋芝浦大森線（都道３１６号）,放１８,海岸通り,１０月１９日（火）,曇,自動車類上り計,436,536,536,415,393,400,475,446,457,472,466,329,5361,-,,
４１８１０品川区勝島２－１,４０９５,主要地方道日本橋芝浦大森線（都道３１６号）,放１８,海岸通り,１０月１９日（火）,曇,自動車類下り大型車,92,98,135,190,207,173,153,161,150,148,162,162,1831,-,,
４１８１０品川区勝島２－１,４０９５,主要地方道日本橋芝浦大森線（都道３１６号）,放１８,海岸通り,１０月１９日（火）,曇,自動車類下り小型車,246,207,251,279,301,243,255,270,261,318,304,202,3137,-,,
４１８１０品川区勝島２－１,４０９５,主要地方道日本橋芝浦大森線（都道３１６号）,放１８,海岸通り,１０月１９日（火）,曇,自動車類下り計,338,305,386,469,508,416,408,431,411,466,466,364,4968,-,,
４１８１０品川区勝島２－１,４０９５,主要地方道日本橋芝浦大森線（都道３１６号）,放１８,海岸通り,１０月１９日（火）,曇,自動車類合計大型車,218,240,358,319,327,306,308,303,295,267,243,209,3393,-,,
４１８１０品川区勝島２－１,４０９５,主要地方道日本橋芝浦大森線（都道３１６号）,放１８,海岸通り,１０月１９日（火）,曇,自動車類合計小型車,556,601,564,565,574,510,575,574,573,671,689,484,6936,-,,
４１８１０品川区勝島２－１,４０９５,主要地方道日本橋芝浦大森線（都道３１６号）,放１８,海岸通り,１０月１９日（火）,曇,自動車類合計計,774,841,922,884,901,816,883,877,868,938,932,693,10329,-,,
４１８１０品川区勝島２－１,４０９５,主要地方道日本橋芝浦大森線（都道３１６号）,放１８,海岸通り,１０月１９日（火）,曇,二輪車類,62,71,44,38,26,42,37,27,35,40,69,60,551,,,
４１８１０品川区勝島２－１,４０９５,主要地方道日本橋芝浦大森線（都道３１６号）,放１８,海岸通り,１０月１９日（火）,曇,自転車類,105,183,56,78,62,103,80,101,90,107,139,132,1236,,,
４１８１０品川区勝島２－１,４０９５,主要地方道日本橋芝浦大森線（都道３１６号）,放１８,海岸通り,１０月１９日（火）,曇,歩行者類,26,29,29,34,30,30,38,71,51,71,49,39,497,,,
