﻿観測地点,Ｈ１７区間番号,路線名,都市計画路線名,通称道路名,調査日,天候,ピーク時間交通量（台／ｈ）,ピーク率（％）,混雑時平均旅行速度（ｋｍ／ｈ）,大型車台数（台／１２ｈ）,混入率（％）,混雑度,昼夜率,車線数,５８年度（台／１２ｈ）,６０年度（台／１２ｈ）,６３年度（台／１２ｈ）,２年度（台／１２ｈ）,６年度（台／１２ｈ）,９年度（台／１２ｈ）,１１年度（台／１２ｈ）,１７年度（台／１２ｈ）,２２年度（台／１２ｈ）
５３８０東京都中央区日本橋本町１丁目,５０６,首都高速一号線,高速１号線,（首都高速１号上野線）,１１月１６日（火）,晴,2631,10.3,41.6,1349,5.3,0.54,1.31,4,17681,18338,17746,17048,23277,22362,18983,16664,25616
,,,,,,,,,,,,,,,,,,,,,,,
観測地点,Ｈ１７区間番号,路線名,都市計画路線名,通称道路名,調査日,天候,時間・種別,７～８,８～９,９～１０,１０～１１,１１～１２,１２～１３,１３～１４,１４～１５,１５～１６,１６～１７,１７～１８,１８～１９,１２ｈ計,２４ｈ計,,
５３８０東京都中央区日本橋本町１丁目,５０６,首都高速一号線,高速１号線,（首都高速１号上野線）,１１月１６日（火）,晴,自動車類上り大型車,55,76,109,112,110,106,64,58,65,67,42,35,899,1107,,
５３８０東京都中央区日本橋本町１丁目,５０６,首都高速一号線,高速１号線,（首都高速１号上野線）,１１月１６日（火）,晴,自動車類上り小型車,1527,1734,1488,1271,1215,1143,1085,1091,1102,1122,1303,1110,15191,19436,,
５３８０東京都中央区日本橋本町１丁目,５０６,首都高速一号線,高速１号線,（首都高速１号上野線）,１１月１６日（火）,晴,自動車類上り計,1582,1810,1597,1383,1325,1249,1149,1149,1167,1189,1345,1145,16090,20543,,
５３８０東京都中央区日本橋本町１丁目,５０６,首都高速一号線,高速１号線,（首都高速１号上野線）,１１月１６日（火）,晴,自動車類下り大型車,51,39,38,47,34,59,25,52,36,28,18,23,450,680,,
５３８０東京都中央区日本橋本町１丁目,５０６,首都高速一号線,高速１号線,（首都高速１号上野線）,１１月１６日（火）,晴,自動車類下り小型車,657,782,684,653,631,573,769,868,891,923,821,824,9076,12239,,
５３８０東京都中央区日本橋本町１丁目,５０６,首都高速一号線,高速１号線,（首都高速１号上野線）,１１月１６日（火）,晴,自動車類下り計,708,821,722,700,665,632,794,920,927,951,839,847,9526,12919,,
５３８０東京都中央区日本橋本町１丁目,５０６,首都高速一号線,高速１号線,（首都高速１号上野線）,１１月１６日（火）,晴,自動車類合計大型車,106,115,147,159,144,165,89,110,101,95,60,58,1349,1787,,
５３８０東京都中央区日本橋本町１丁目,５０６,首都高速一号線,高速１号線,（首都高速１号上野線）,１１月１６日（火）,晴,自動車類合計小型車,2184,2516,2172,1924,1846,1716,1854,1959,1993,2045,2124,1934,24267,31675,,
５３８０東京都中央区日本橋本町１丁目,５０６,首都高速一号線,高速１号線,（首都高速１号上野線）,１１月１６日（火）,晴,自動車類合計計,2290,2631,2319,2083,1990,1881,1943,2069,2094,2140,2184,1992,25616,33462,,
５３８０東京都中央区日本橋本町１丁目,５０６,首都高速一号線,高速１号線,（首都高速１号上野線）,１１月１６日（火）,晴,二輪車類,-,-,-,-,-,-,-,-,-,-,-,-,-,,,
５３８０東京都中央区日本橋本町１丁目,５０６,首都高速一号線,高速１号線,（首都高速１号上野線）,１１月１６日（火）,晴,自転車類,-,-,-,-,-,-,-,-,-,-,-,-,-,,,
５３８０東京都中央区日本橋本町１丁目,５０６,首都高速一号線,高速１号線,（首都高速１号上野線）,１１月１６日（火）,晴,歩行者類,-,-,-,-,-,-,-,-,-,-,-,-,-,,,
