﻿観測地点,Ｈ１７区間番号,路線名,都市計画路線名,通称道路名,調査日,天候,ピーク時間交通量（台／ｈ）,ピーク率（％）,混雑時平均旅行速度（ｋｍ／ｈ）,大型車台数（台／１２ｈ）,混入率（％）,混雑度,昼夜率,車線数,５８年度（台／１２ｈ）,６０年度（台／１２ｈ）,６３年度（台／１２ｈ）,２年度（台／１２ｈ）,６年度（台／１２ｈ）,９年度（台／１２ｈ）,１１年度（台／１２ｈ）,１７年度（台／１２ｈ）,２２年度（台／１２ｈ）
６１２１０中野区上鷺宮１－７,６０４０,特例都道瀬田貫井線（都道４２７号）,補１３３,中杉通り,１０月７日（木）,晴,386,9.2,13.3,824,19.7,0.58,-,2,5919,5785,5795,5973,5989,5667,5674,4712,4189
,,,,,,,,,,,,,,,,,,,,,,,
観測地点,Ｈ１７区間番号,路線名,都市計画路線名,通称道路名,調査日,天候,時間・種別,７～８,８～９,９～１０,１０～１１,１１～１２,１２～１３,１３～１４,１４～１５,１５～１６,１６～１７,１７～１８,１８～１９,１２ｈ計,２４ｈ計,,
６１２１０中野区上鷺宮１－７,６０４０,特例都道瀬田貫井線（都道４２７号）,補１３３,中杉通り,１０月７日（木）,晴,自動車類上り大型車,41,40,39,39,44,31,35,31,29,22,28,19,398,-,,
６１２１０中野区上鷺宮１－７,６０４０,特例都道瀬田貫井線（都道４２７号）,補１３３,中杉通り,１０月７日（木）,晴,自動車類上り小型車,143,110,142,153,137,140,176,165,130,138,146,121,1701,-,,
６１２１０中野区上鷺宮１－７,６０４０,特例都道瀬田貫井線（都道４２７号）,補１３３,中杉通り,１０月７日（木）,晴,自動車類上り計,184,150,181,192,181,171,211,196,159,160,174,140,2099,-,,
６１２１０中野区上鷺宮１－７,６０４０,特例都道瀬田貫井線（都道４２７号）,補１３３,中杉通り,１０月７日（木）,晴,自動車類下り大型車,33,46,39,42,41,37,34,39,34,29,30,22,426,-,,
６１２１０中野区上鷺宮１－７,６０４０,特例都道瀬田貫井線（都道４２７号）,補１３３,中杉通り,１０月７日（木）,晴,自動車類下り小型車,137,144,121,128,145,123,132,151,152,157,122,152,1664,-,,
６１２１０中野区上鷺宮１－７,６０４０,特例都道瀬田貫井線（都道４２７号）,補１３３,中杉通り,１０月７日（木）,晴,自動車類下り計,170,190,160,170,186,160,166,190,186,186,152,174,2090,-,,
６１２１０中野区上鷺宮１－７,６０４０,特例都道瀬田貫井線（都道４２７号）,補１３３,中杉通り,１０月７日（木）,晴,自動車類合計大型車,74,86,78,81,85,68,69,70,63,51,58,41,824,-,,
６１２１０中野区上鷺宮１－７,６０４０,特例都道瀬田貫井線（都道４２７号）,補１３３,中杉通り,１０月７日（木）,晴,自動車類合計小型車,280,254,263,281,282,263,308,316,282,295,268,273,3365,-,,
６１２１０中野区上鷺宮１－７,６０４０,特例都道瀬田貫井線（都道４２７号）,補１３３,中杉通り,１０月７日（木）,晴,自動車類合計計,354,340,341,362,367,331,377,386,345,346,326,314,4189,-,,
６１２１０中野区上鷺宮１－７,６０４０,特例都道瀬田貫井線（都道４２７号）,補１３３,中杉通り,１０月７日（木）,晴,二輪車類,-,-,-,-,-,-,-,-,-,-,-,-,-,,,
６１２１０中野区上鷺宮１－７,６０４０,特例都道瀬田貫井線（都道４２７号）,補１３３,中杉通り,１０月７日（木）,晴,自転車類,-,-,-,-,-,-,-,-,-,-,-,-,-,,,
６１２１０中野区上鷺宮１－７,６０４０,特例都道瀬田貫井線（都道４２７号）,補１３３,中杉通り,１０月７日（木）,晴,歩行者類,-,-,-,-,-,-,-,-,-,-,-,-,-,,,
