﻿観測地点,Ｈ１７区間番号,路線名,都市計画路線名,通称道路名,調査日,天候,ピーク時間交通量（台／ｈ）,ピーク率（％）,混雑時平均旅行速度（ｋｍ／ｈ）,大型車台数（台／１２ｈ）,混入率（％）,混雑度,昼夜率,車線数,５８年度（台／１２ｈ）,６０年度（台／１２ｈ）,６３年度（台／１２ｈ）,２年度（台／１２ｈ）,６年度（台／１２ｈ）,９年度（台／１２ｈ）,１１年度（台／１２ｈ）,１７年度（台／１２ｈ）,２２年度（台／１２ｈ）
５２６０東京都千代田区大手町２丁目,－,首都高速四号線,高速４号線,（首都高速八重洲線）,１１月１６日（火）,晴,1372,10.5,70.4,2062,15.7,0.23,1.53,4,-,-,-,-,-,-,-,-,13102
,,,,,,,,,,,,,,,,,,,,,,,
観測地点,Ｈ１７区間番号,路線名,都市計画路線名,通称道路名,調査日,天候,時間・種別,７～８,８～９,９～１０,１０～１１,１１～１２,１２～１３,１３～１４,１４～１５,１５～１６,１６～１７,１７～１８,１８～１９,１２ｈ計,２４ｈ計,,
５２６０東京都千代田区大手町２丁目,－,首都高速四号線,高速４号線,（首都高速八重洲線）,１１月１６日（火）,晴,自動車類上り大型車,114,118,121,113,93,93,107,89,63,72,35,35,1053,1648,,
５２６０東京都千代田区大手町２丁目,－,首都高速四号線,高速４号線,（首都高速八重洲線）,１１月１６日（火）,晴,自動車類上り小型車,569,535,567,517,483,435,493,535,572,553,528,438,6225,9090,,
５２６０東京都千代田区大手町２丁目,－,首都高速四号線,高速４号線,（首都高速八重洲線）,１１月１６日（火）,晴,自動車類上り計,683,653,688,630,576,528,600,624,635,625,563,473,7278,10738,,
５２６０東京都千代田区大手町２丁目,－,首都高速四号線,高速４号線,（首都高速八重洲線）,１１月１６日（火）,晴,自動車類下り大型車,85,87,92,68,86,120,97,86,91,84,60,53,1009,1803,,
５２６０東京都千代田区大手町２丁目,－,首都高速四号線,高速４号線,（首都高速八重洲線）,１１月１６日（火）,晴,自動車類下り小型車,604,490,423,265,282,418,388,377,452,491,312,313,4815,7472,,
５２６０東京都千代田区大手町２丁目,－,首都高速四号線,高速４号線,（首都高速八重洲線）,１１月１６日（火）,晴,自動車類下り計,689,577,515,333,368,538,485,463,543,575,372,366,5824,9275,,
５２６０東京都千代田区大手町２丁目,－,首都高速四号線,高速４号線,（首都高速八重洲線）,１１月１６日（火）,晴,自動車類合計大型車,199,205,213,181,179,213,204,175,154,156,95,88,2062,3451,,
５２６０東京都千代田区大手町２丁目,－,首都高速四号線,高速４号線,（首都高速八重洲線）,１１月１６日（火）,晴,自動車類合計小型車,1173,1025,990,782,765,853,881,912,1024,1044,840,751,11040,16562,,
５２６０東京都千代田区大手町２丁目,－,首都高速四号線,高速４号線,（首都高速八重洲線）,１１月１６日（火）,晴,自動車類合計計,1372,1230,1203,963,944,1066,1085,1087,1178,1200,935,839,13102,20013,,
５２６０東京都千代田区大手町２丁目,－,首都高速四号線,高速４号線,（首都高速八重洲線）,１１月１６日（火）,晴,二輪車類,-,-,-,-,-,-,-,-,-,-,-,-,-,,,
５２６０東京都千代田区大手町２丁目,－,首都高速四号線,高速４号線,（首都高速八重洲線）,１１月１６日（火）,晴,自転車類,-,-,-,-,-,-,-,-,-,-,-,-,-,,,
５２６０東京都千代田区大手町２丁目,－,首都高速四号線,高速４号線,（首都高速八重洲線）,１１月１６日（火）,晴,歩行者類,-,-,-,-,-,-,-,-,-,-,-,-,-,,,
