﻿観測地点,Ｈ１７区間番号,路線名,都市計画路線名,通称道路名,調査日,天候,ピーク時間交通量（台／ｈ）,ピーク率（％）,混雑時平均旅行速度（ｋｍ／ｈ）,大型車台数（台／１２ｈ）,混入率（％）,混雑度,昼夜率,車線数,５８年度（台／１２ｈ）,６０年度（台／１２ｈ）,６３年度（台／１２ｈ）,２年度（台／１２ｈ）,６年度（台／１２ｈ）,９年度（台／１２ｈ）,１１年度（台／１２ｈ）,１７年度（台／１２ｈ）,２２年度（台／１２ｈ）
５０２０東京都中央区八丁堀１丁目,５０１,首都高速一号線,高速１号線,（首都高速都心環状線）,１１月１６日（火）,晴,5871,9.2,77.4,7625,11.9,0.78,1.54,6,64413,63063,64715,60372,53973,56743,62654,59768,63942
,,,,,,,,,,,,,,,,,,,,,,,
観測地点,Ｈ１７区間番号,路線名,都市計画路線名,通称道路名,調査日,天候,時間・種別,７～８,８～９,９～１０,１０～１１,１１～１２,１２～１３,１３～１４,１４～１５,１５～１６,１６～１７,１７～１８,１８～１９,１２ｈ計,２４ｈ計,,
５０２０東京都中央区八丁堀１丁目,５０１,首都高速一号線,高速１号線,（首都高速都心環状線）,１１月１６日（火）,晴,自動車類上り大型車,236,199,294,305,286,260,249,294,295,225,182,141,2966,5108,,
５０２０東京都中央区八丁堀１丁目,５０１,首都高速一号線,高速１号線,（首都高速都心環状線）,１１月１６日（火）,晴,自動車類上り小型車,2008,1945,1886,1904,1649,1706,2133,2288,2412,2296,2220,2172,24619,39432,,
５０２０東京都中央区八丁堀１丁目,５０１,首都高速一号線,高速１号線,（首都高速都心環状線）,１１月１６日（火）,晴,自動車類上り計,2244,2144,2180,2209,1935,1966,2382,2582,2707,2521,2402,2313,27585,44540,,
５０２０東京都中央区八丁堀１丁目,５０１,首都高速一号線,高速１号線,（首都高速都心環状線）,１１月１６日（火）,晴,自動車類下り大型車,358,392,477,446,484,583,365,369,382,335,232,236,4659,7672,,
５０２０東京都中央区八丁堀１丁目,５０１,首都高速一号線,高速１号線,（首都高速都心環状線）,１１月１６日（火）,晴,自動車類下り小型車,3081,3335,2772,2432,2403,2592,2557,2546,2568,2505,2531,2376,31698,46270,,
５０２０東京都中央区八丁堀１丁目,５０１,首都高速一号線,高速１号線,（首都高速都心環状線）,１１月１６日（火）,晴,自動車類下り計,3439,3727,3249,2878,2887,3175,2922,2915,2950,2840,2763,2612,36357,53942,,
５０２０東京都中央区八丁堀１丁目,５０１,首都高速一号線,高速１号線,（首都高速都心環状線）,１１月１６日（火）,晴,自動車類合計大型車,594,591,771,751,770,843,614,663,677,560,414,377,7625,12780,,
５０２０東京都中央区八丁堀１丁目,５０１,首都高速一号線,高速１号線,（首都高速都心環状線）,１１月１６日（火）,晴,自動車類合計小型車,5089,5280,4658,4336,4052,4298,4690,4834,4980,4801,4751,4548,56317,85702,,
５０２０東京都中央区八丁堀１丁目,５０１,首都高速一号線,高速１号線,（首都高速都心環状線）,１１月１６日（火）,晴,自動車類合計計,5683,5871,5429,5087,4822,5141,5304,5497,5657,5361,5165,4925,63942,98482,,
５０２０東京都中央区八丁堀１丁目,５０１,首都高速一号線,高速１号線,（首都高速都心環状線）,１１月１６日（火）,晴,二輪車類,-,-,-,-,-,-,-,-,-,-,-,-,-,,,
５０２０東京都中央区八丁堀１丁目,５０１,首都高速一号線,高速１号線,（首都高速都心環状線）,１１月１６日（火）,晴,自転車類,-,-,-,-,-,-,-,-,-,-,-,-,-,,,
５０２０東京都中央区八丁堀１丁目,５０１,首都高速一号線,高速１号線,（首都高速都心環状線）,１１月１６日（火）,晴,歩行者類,-,-,-,-,-,-,-,-,-,-,-,-,-,,,
