﻿観測地点,Ｈ１７区間番号,路線名,都市計画路線名,通称道路名,調査日,天候,ピーク時間交通量（台／ｈ）,ピーク率（％）,混雑時平均旅行速度（ｋｍ／ｈ）,大型車台数（台／１２ｈ）,混入率（％）,混雑度,昼夜率,車線数,５８年度（台／１２ｈ）,６０年度（台／１２ｈ）,６３年度（台／１２ｈ）,２年度（台／１２ｈ）,６年度（台／１２ｈ）,９年度（台／１２ｈ）,１１年度（台／１２ｈ）,１７年度（台／１２ｈ）,２２年度（台／１２ｈ）
６０６０東京都江東区木場２丁目,５１３,首都高速九号線,高速９号線,（首都高速９号深川線）,１１月１６日（火）,晴,3348,9.1,18,8581,23.4,0.65,1.47,4,33905,41631,37259,39298,34080,39847,39482,39472,36635
,,,,,,,,,,,,,,,,,,,,,,,
観測地点,Ｈ１７区間番号,路線名,都市計画路線名,通称道路名,調査日,天候,時間・種別,７～８,８～９,９～１０,１０～１１,１１～１２,１２～１３,１３～１４,１４～１５,１５～１６,１６～１７,１７～１８,１８～１９,１２ｈ計,２４ｈ計,,
６０６０東京都江東区木場２丁目,５１３,首都高速九号線,高速９号線,（首都高速９号深川線）,１１月１６日（火）,晴,自動車類上り大型車,327,313,443,667,673,487,340,434,325,453,438,480,5380,8526,,
６０６０東京都江東区木場２丁目,５１３,首都高速九号線,高速９号線,（首都高速９号深川線）,１１月１６日（火）,晴,自動車類上り小型車,1610,1472,884,929,812,727,992,1109,1304,1611,1527,1152,14129,20305,,
６０６０東京都江東区木場２丁目,５１３,首都高速九号線,高速９号線,（首都高速９号深川線）,１１月１６日（火）,晴,自動車類上り計,1937,1785,1327,1596,1485,1214,1332,1543,1629,2064,1965,1632,19509,28831,,
６０６０東京都江東区木場２丁目,５１３,首都高速九号線,高速９号線,（首都高速９号深川線）,１１月１６日（火）,晴,自動車類下り大型車,203,199,316,366,441,545,264,268,211,177,120,91,3201,5179,,
６０６０東京都江東区木場２丁目,５１３,首都高速九号線,高速９号線,（首都高速９号深川線）,１１月１６日（火）,晴,自動車類下り小型車,1208,1279,1338,1232,1142,1328,1268,1069,962,981,1062,1056,13925,19786,,
６０６０東京都江東区木場２丁目,５１３,首都高速九号線,高速９号線,（首都高速９号深川線）,１１月１６日（火）,晴,自動車類下り計,1411,1478,1654,1598,1583,1873,1532,1337,1173,1158,1182,1147,17126,24965,,
６０６０東京都江東区木場２丁目,５１３,首都高速九号線,高速９号線,（首都高速９号深川線）,１１月１６日（火）,晴,自動車類合計大型車,530,512,759,1033,1114,1032,604,702,536,630,558,571,8581,13705,,
６０６０東京都江東区木場２丁目,５１３,首都高速九号線,高速９号線,（首都高速９号深川線）,１１月１６日（火）,晴,自動車類合計小型車,2818,2751,2222,2161,1954,2055,2260,2178,2266,2592,2589,2208,28054,40091,,
６０６０東京都江東区木場２丁目,５１３,首都高速九号線,高速９号線,（首都高速９号深川線）,１１月１６日（火）,晴,自動車類合計計,3348,3263,2981,3194,3068,3087,2864,2880,2802,3222,3147,2779,36635,53796,,
６０６０東京都江東区木場２丁目,５１３,首都高速九号線,高速９号線,（首都高速９号深川線）,１１月１６日（火）,晴,二輪車類,-,-,-,-,-,-,-,-,-,-,-,-,-,,,
６０６０東京都江東区木場２丁目,５１３,首都高速九号線,高速９号線,（首都高速９号深川線）,１１月１６日（火）,晴,自転車類,-,-,-,-,-,-,-,-,-,-,-,-,-,,,
６０６０東京都江東区木場２丁目,５１３,首都高速九号線,高速９号線,（首都高速９号深川線）,１１月１６日（火）,晴,歩行者類,-,-,-,-,-,-,-,-,-,-,-,-,-,,,
