﻿観測地点,Ｈ１７区間番号,路線名,都市計画路線名,通称道路名,調査日,天候,ピーク時間交通量（台／ｈ）,ピーク率（％）,混雑時平均旅行速度（ｋｍ／ｈ）,大型車台数（台／１２ｈ）,混入率（％）,混雑度,昼夜率,車線数,５８年度（台／１２ｈ）,６０年度（台／１２ｈ）,６３年度（台／１２ｈ）,２年度（台／１２ｈ）,６年度（台／１２ｈ）,９年度（台／１２ｈ）,１１年度（台／１２ｈ）,１７年度（台／１２ｈ）,２２年度（台／１２ｈ）
４０１６０武蔵野市吉祥寺南町４－２７－２,３４０１０,主要地方道杉並あきる野線（都道７号）,補１３０,五日市街道,１０月７日（木）,晴,912,9.5,18.2,998,10.4,1.09,-,2,-,10003,9837,10394,10452,10593,11057,11104,9639
,,,,,,,,,,,,,,,,,,,,,,,
観測地点,Ｈ１７区間番号,路線名,都市計画路線名,通称道路名,調査日,天候,時間・種別,７～８,８～９,９～１０,１０～１１,１１～１２,１２～１３,１３～１４,１４～１５,１５～１６,１６～１７,１７～１８,１８～１９,１２ｈ計,２４ｈ計,,
４０１６０武蔵野市吉祥寺南町４－２７－２,３４０１０,主要地方道杉並あきる野線（都道７号）,補１３０,五日市街道,１０月７日（木）,晴,自動車類上り大型車,61,62,61,46,43,24,42,39,52,33,23,14,500,-,,
４０１６０武蔵野市吉祥寺南町４－２７－２,３４０１０,主要地方道杉並あきる野線（都道７号）,補１３０,五日市街道,１０月７日（木）,晴,自動車類上り小型車,566,449,359,323,313,279,277,298,311,351,342,269,4137,-,,
４０１６０武蔵野市吉祥寺南町４－２７－２,３４０１０,主要地方道杉並あきる野線（都道７号）,補１３０,五日市街道,１０月７日（木）,晴,自動車類上り計,627,511,420,369,356,303,319,337,363,384,365,283,4637,-,,
４０１６０武蔵野市吉祥寺南町４－２７－２,３４０１０,主要地方道杉並あきる野線（都道７号）,補１３０,五日市街道,１０月７日（木）,晴,自動車類下り大型車,37,47,52,52,41,44,47,48,41,35,32,22,498,-,,
４０１６０武蔵野市吉祥寺南町４－２７－２,３４０１０,主要地方道杉並あきる野線（都道７号）,補１３０,五日市街道,１０月７日（木）,晴,自動車類下り小型車,211,277,283,350,337,350,370,395,391,473,515,552,4504,-,,
４０１６０武蔵野市吉祥寺南町４－２７－２,３４０１０,主要地方道杉並あきる野線（都道７号）,補１３０,五日市街道,１０月７日（木）,晴,自動車類下り計,248,324,335,402,378,394,417,443,432,508,547,574,5002,-,,
４０１６０武蔵野市吉祥寺南町４－２７－２,３４０１０,主要地方道杉並あきる野線（都道７号）,補１３０,五日市街道,１０月７日（木）,晴,自動車類合計大型車,98,109,113,98,84,68,89,87,93,68,55,36,998,-,,
４０１６０武蔵野市吉祥寺南町４－２７－２,３４０１０,主要地方道杉並あきる野線（都道７号）,補１３０,五日市街道,１０月７日（木）,晴,自動車類合計小型車,777,726,642,673,650,629,647,693,702,824,857,821,8641,-,,
４０１６０武蔵野市吉祥寺南町４－２７－２,３４０１０,主要地方道杉並あきる野線（都道７号）,補１３０,五日市街道,１０月７日（木）,晴,自動車類合計計,875,835,755,771,734,697,736,780,795,892,912,857,9639,-,,
４０１６０武蔵野市吉祥寺南町４－２７－２,３４０１０,主要地方道杉並あきる野線（都道７号）,補１３０,五日市街道,１０月７日（木）,晴,二輪車類,-,-,-,-,-,-,-,-,-,-,-,-,-,,,
４０１６０武蔵野市吉祥寺南町４－２７－２,３４０１０,主要地方道杉並あきる野線（都道７号）,補１３０,五日市街道,１０月７日（木）,晴,自転車類,77,88,96,75,107,98,115,89,37,80,122,127,1111,,,
４０１６０武蔵野市吉祥寺南町４－２７－２,３４０１０,主要地方道杉並あきる野線（都道７号）,補１３０,五日市街道,１０月７日（木）,晴,歩行者類,50,35,32,49,42,35,56,30,36,45,35,68,513,,,
