﻿観測地点,Ｈ１７区間番号,路線名,都市計画路線名,通称道路名,調査日,天候,ピーク時間交通量（台／ｈ）,ピーク率（％）,混雑時平均旅行速度（ｋｍ／ｈ）,大型車台数（台／１２ｈ）,混入率（％）,混雑度,昼夜率,車線数,５８年度（台／１２ｈ）,６０年度（台／１２ｈ）,６３年度（台／１２ｈ）,２年度（台／１２ｈ）,６年度（台／１２ｈ）,９年度（台／１２ｈ）,１１年度（台／１２ｈ）,１７年度（台／１２ｈ）,２２年度（台／１２ｈ）
５１１０東京都千代田区北の丸公園,５０２,首都高速四号線,高速４号線,（首都高速都心環状線）,１１月１６日（火）,晴,6772,9.6,34.7,8019,11.4,1.12,1.54,4,68846,73242,61793,66190,60489,71125,71755,68360,70547
,,,,,,,,,,,,,,,,,,,,,,,
観測地点,Ｈ１７区間番号,路線名,都市計画路線名,通称道路名,調査日,天候,時間・種別,７～８,８～９,９～１０,１０～１１,１１～１２,１２～１３,１３～１４,１４～１５,１５～１６,１６～１７,１７～１８,１８～１９,１２ｈ計,２４ｈ計,,
５１１０東京都千代田区北の丸公園,５０２,首都高速四号線,高速４号線,（首都高速都心環状線）,１１月１６日（火）,晴,自動車類上り大型車,308,348,446,494,430,347,307,323,276,296,273,203,4051,7883,,
５１１０東京都千代田区北の丸公園,５０２,首都高速四号線,高速４号線,（首都高速都心環状線）,１１月１６日（火）,晴,自動車類上り小型車,2666,2726,2775,2470,2142,2269,2464,2502,2290,2521,2715,2320,29860,45995,,
５１１０東京都千代田区北の丸公園,５０２,首都高速四号線,高速４号線,（首都高速都心環状線）,１１月１６日（火）,晴,自動車類上り計,2974,3074,3221,2964,2572,2616,2771,2825,2566,2817,2988,2523,33911,53878,,
５１１０東京都千代田区北の丸公園,５０２,首都高速四号線,高速４号線,（首都高速都心環状線）,１１月１６日（火）,晴,自動車類下り大型車,239,290,493,508,443,469,297,355,273,275,160,166,3968,6972,,
５１１０東京都千代田区北の丸公園,５０２,首都高速四号線,高速４号線,（首都高速都心環状線）,１１月１６日（火）,晴,自動車類下り小型車,2662,3408,2979,2657,2445,2848,2365,2521,2602,2924,2851,2406,32668,48014,,
５１１０東京都千代田区北の丸公園,５０２,首都高速四号線,高速４号線,（首都高速都心環状線）,１１月１６日（火）,晴,自動車類下り計,2901,3698,3472,3165,2888,3317,2662,2876,2875,3199,3011,2572,36636,54986,,
５１１０東京都千代田区北の丸公園,５０２,首都高速四号線,高速４号線,（首都高速都心環状線）,１１月１６日（火）,晴,自動車類合計大型車,547,638,939,1002,873,816,604,678,549,571,433,369,8019,14855,,
５１１０東京都千代田区北の丸公園,５０２,首都高速四号線,高速４号線,（首都高速都心環状線）,１１月１６日（火）,晴,自動車類合計小型車,5328,6134,5754,5127,4587,5117,4829,5023,4892,5445,5566,4726,62528,94009,,
５１１０東京都千代田区北の丸公園,５０２,首都高速四号線,高速４号線,（首都高速都心環状線）,１１月１６日（火）,晴,自動車類合計計,5875,6772,6693,6129,5460,5933,5433,5701,5441,6016,5999,5095,70547,108864,,
５１１０東京都千代田区北の丸公園,５０２,首都高速四号線,高速４号線,（首都高速都心環状線）,１１月１６日（火）,晴,二輪車類,-,-,-,-,-,-,-,-,-,-,-,-,-,,,
５１１０東京都千代田区北の丸公園,５０２,首都高速四号線,高速４号線,（首都高速都心環状線）,１１月１６日（火）,晴,自転車類,-,-,-,-,-,-,-,-,-,-,-,-,-,,,
５１１０東京都千代田区北の丸公園,５０２,首都高速四号線,高速４号線,（首都高速都心環状線）,１１月１６日（火）,晴,歩行者類,-,-,-,-,-,-,-,-,-,-,-,-,-,,,
