﻿観測地点,Ｈ１７区間番号,路線名,都市計画路線名,通称道路名,調査日,天候,ピーク時間交通量（台／ｈ）,ピーク率（％）,混雑時平均旅行速度（ｋｍ／ｈ）,大型車台数（台／１２ｈ）,混入率（％）,混雑度,昼夜率,車線数,５８年度（台／１２ｈ）,６０年度（台／１２ｈ）,６３年度（台／１２ｈ）,２年度（台／１２ｈ）,６年度（台／１２ｈ）,９年度（台／１２ｈ）,１１年度（台／１２ｈ）,１７年度（台／１２ｈ）,２２年度（台／１２ｈ）
４１５９０港区白金台５－２２－１１,４０８０,主要地方道白金台町等々力線（都道３１２号）,放３,目黒通り,１０月１９日（火）,曇,1733,10.5,14.2,1604,9.7,0.65,-,3,32513,32558,31734,30517,32528,33977,35395,32235,16546
,,,,,,,,,,,,,,,,,,,,,,,
観測地点,Ｈ１７区間番号,路線名,都市計画路線名,通称道路名,調査日,天候,時間・種別,７～８,８～９,９～１０,１０～１１,１１～１２,１２～１３,１３～１４,１４～１５,１５～１６,１６～１７,１７～１８,１８～１９,１２ｈ計,２４ｈ計,,
４１５９０港区白金台５－２２－１１,４０８０,主要地方道白金台町等々力線（都道３１２号）,放３,目黒通り,１０月１９日（火）,曇,自動車類上り大型車,122,144,163,193,201,152,114,137,132,113,80,53,1604,-,,
４１５９０港区白金台５－２２－１１,４０８０,主要地方道白金台町等々力線（都道３１２号）,放３,目黒通り,１０月１９日（火）,曇,自動車類上り小型車,1369,1473,1570,1293,1184,1079,1081,1134,1151,1217,1268,1123,14942,-,,
４１５９０港区白金台５－２２－１１,４０８０,主要地方道白金台町等々力線（都道３１２号）,放３,目黒通り,１０月１９日（火）,曇,自動車類上り計,1491,1617,1733,1486,1385,1231,1195,1271,1283,1330,1348,1176,16546,-,,
４１５９０港区白金台５－２２－１１,４０８０,主要地方道白金台町等々力線（都道３１２号）,放３,目黒通り,１０月１９日（火）,曇,自動車類下り大型車,-,-,-,-,-,-,-,-,-,-,-,-,-,-,,
４１５９０港区白金台５－２２－１１,４０８０,主要地方道白金台町等々力線（都道３１２号）,放３,目黒通り,１０月１９日（火）,曇,自動車類下り小型車,-,-,-,-,-,-,-,-,-,-,-,-,-,-,,
４１５９０港区白金台５－２２－１１,４０８０,主要地方道白金台町等々力線（都道３１２号）,放３,目黒通り,１０月１９日（火）,曇,自動車類下り計,-,-,-,-,-,-,-,-,-,-,-,-,-,-,,
４１５９０港区白金台５－２２－１１,４０８０,主要地方道白金台町等々力線（都道３１２号）,放３,目黒通り,１０月１９日（火）,曇,自動車類合計大型車,122,144,163,193,201,152,114,137,132,113,80,53,1604,-,,
４１５９０港区白金台５－２２－１１,４０８０,主要地方道白金台町等々力線（都道３１２号）,放３,目黒通り,１０月１９日（火）,曇,自動車類合計小型車,1369,1473,1570,1293,1184,1079,1081,1134,1151,1217,1268,1123,14942,-,,
４１５９０港区白金台５－２２－１１,４０８０,主要地方道白金台町等々力線（都道３１２号）,放３,目黒通り,１０月１９日（火）,曇,自動車類合計計,1491,1617,1733,1486,1385,1231,1195,1271,1283,1330,1348,1176,16546,-,,
４１５９０港区白金台５－２２－１１,４０８０,主要地方道白金台町等々力線（都道３１２号）,放３,目黒通り,１０月１９日（火）,曇,二輪車類,-,-,-,-,-,-,-,-,-,-,-,-,-,,,
４１５９０港区白金台５－２２－１１,４０８０,主要地方道白金台町等々力線（都道３１２号）,放３,目黒通り,１０月１９日（火）,曇,自転車類,-,-,-,-,-,-,-,-,-,-,-,-,-,,,
４１５９０港区白金台５－２２－１１,４０８０,主要地方道白金台町等々力線（都道３１２号）,放３,目黒通り,１０月１９日（火）,曇,歩行者類,-,-,-,-,-,-,-,-,-,-,-,-,-,,,
