﻿観測地点,Ｈ１７区間番号,路線名,都市計画路線名,通称道路名,調査日,天候,ピーク時間交通量（台／ｈ）,ピーク率（％）,混雑時平均旅行速度（ｋｍ／ｈ）,大型車台数（台／１２ｈ）,混入率（％）,混雑度,昼夜率,車線数,５８年度（台／１２ｈ）,６０年度（台／１２ｈ）,６３年度（台／１２ｈ）,２年度（台／１２ｈ）,６年度（台／１２ｈ）,９年度（台／１２ｈ）,１１年度（台／１２ｈ）,１７年度（台／１２ｈ）,２２年度（台／１２ｈ）
６０６５０新宿区霞ヶ丘町３,４６０１６,特例都道四谷角筈線（都道４１４号）,－,（外苑いちょう並木）,１０月２６日（火）,曇,628,9.9,14.1,390,6.2,0.36,-,4,-,-,-,-,-,-,-,12303,6321
,,,,,,,,,,,,,,,,,,,,,,,
観測地点,Ｈ１７区間番号,路線名,都市計画路線名,通称道路名,調査日,天候,時間・種別,７～８,８～９,９～１０,１０～１１,１１～１２,１２～１３,１３～１４,１４～１５,１５～１６,１６～１７,１７～１８,１８～１９,１２ｈ計,２４ｈ計,,
６０６５０新宿区霞ヶ丘町３,４６０１６,特例都道四谷角筈線（都道４１４号）,－,（外苑いちょう並木）,１０月２６日（火）,曇,自動車類上り大型車,17,26,20,29,19,15,17,16,16,16,12,12,215,-,,
６０６５０新宿区霞ヶ丘町３,４６０１６,特例都道四谷角筈線（都道４１４号）,－,（外苑いちょう並木）,１０月２６日（火）,曇,自動車類上り小型車,176,261,304,269,283,272,242,267,281,317,296,304,3272,-,,
６０６５０新宿区霞ヶ丘町３,４６０１６,特例都道四谷角筈線（都道４１４号）,－,（外苑いちょう並木）,１０月２６日（火）,曇,自動車類上り計,193,287,324,298,302,287,259,283,297,333,308,316,3487,-,,
６０６５０新宿区霞ヶ丘町３,４６０１６,特例都道四谷角筈線（都道４１４号）,－,（外苑いちょう並木）,１０月２６日（火）,曇,自動車類下り大型車,21,19,21,23,16,14,10,16,18,9,4,4,175,-,,
６０６５０新宿区霞ヶ丘町３,４６０１６,特例都道四谷角筈線（都道４１４号）,－,（外苑いちょう並木）,１０月２６日（火）,曇,自動車類下り小型車,99,167,180,207,244,240,244,271,272,286,222,227,2659,-,,
６０６５０新宿区霞ヶ丘町３,４６０１６,特例都道四谷角筈線（都道４１４号）,－,（外苑いちょう並木）,１０月２６日（火）,曇,自動車類下り計,120,186,201,230,260,254,254,287,290,295,226,231,2834,-,,
６０６５０新宿区霞ヶ丘町３,４６０１６,特例都道四谷角筈線（都道４１４号）,－,（外苑いちょう並木）,１０月２６日（火）,曇,自動車類合計大型車,38,45,41,52,35,29,27,32,34,25,16,16,390,-,,
６０６５０新宿区霞ヶ丘町３,４６０１６,特例都道四谷角筈線（都道４１４号）,－,（外苑いちょう並木）,１０月２６日（火）,曇,自動車類合計小型車,275,428,484,476,527,512,486,538,553,603,518,531,5931,-,,
６０６５０新宿区霞ヶ丘町３,４６０１６,特例都道四谷角筈線（都道４１４号）,－,（外苑いちょう並木）,１０月２６日（火）,曇,自動車類合計計,313,473,525,528,562,541,513,570,587,628,534,547,6321,-,,
６０６５０新宿区霞ヶ丘町３,４６０１６,特例都道四谷角筈線（都道４１４号）,－,（外苑いちょう並木）,１０月２６日（火）,曇,二輪車類,14,22,19,27,35,26,36,30,22,31,29,20,311,,,
６０６５０新宿区霞ヶ丘町３,４６０１６,特例都道四谷角筈線（都道４１４号）,－,（外苑いちょう並木）,１０月２６日（火）,曇,自転車類,69,142,174,103,93,100,83,42,37,42,68,119,1072,,,
６０６５０新宿区霞ヶ丘町３,４６０１６,特例都道四谷角筈線（都道４１４号）,－,（外苑いちょう並木）,１０月２６日（火）,曇,歩行者類,161,205,171,146,186,358,176,102,78,92,147,154,1976,,,
