﻿観測地点,Ｈ１７区間番号,路線名,都市計画路線名,通称道路名,調査日,天候,ピーク時間交通量（台／ｈ）,ピーク率（％）,混雑時平均旅行速度（ｋｍ／ｈ）,大型車台数（台／１２ｈ）,混入率（％）,混雑度,昼夜率,車線数,５８年度（台／１２ｈ）,６０年度（台／１２ｈ）,６３年度（台／１２ｈ）,２年度（台／１２ｈ）,６年度（台／１２ｈ）,９年度（台／１２ｈ）,１１年度（台／１２ｈ）,１７年度（台／１２ｈ）,２２年度（台／１２ｈ）
５０３０東京都中央区新富１丁目,５０１,首都高速一号線,高速１号線,（首都高速都心環状線）,１１月１６日（火）,晴,5167,8.9,53.5,6286,10.8,0.84,1.53,4,64413,63063,64715,60372,53973,56743,62654,59768,58338
,,,,,,,,,,,,,,,,,,,,,,,
観測地点,Ｈ１７区間番号,路線名,都市計画路線名,通称道路名,調査日,天候,時間・種別,７～８,８～９,９～１０,１０～１１,１１～１２,１２～１３,１３～１４,１４～１５,１５～１６,１６～１７,１７～１８,１８～１９,１２ｈ計,２４ｈ計,,
５０３０東京都中央区新富１丁目,５０１,首都高速一号線,高速１号線,（首都高速都心環状線）,１１月１６日（火）,晴,自動車類上り大型車,269,226,330,335,297,339,264,293,261,194,141,134,3083,5960,,
５０３０東京都中央区新富１丁目,５０１,首都高速一号線,高速１号線,（首都高速都心環状線）,１１月１６日（火）,晴,自動車類上り小型車,1741,1507,1587,1665,1454,1418,1860,2049,2248,2299,2237,2159,22224,34691,,
５０３０東京都中央区新富１丁目,５０１,首都高速一号線,高速１号線,（首都高速都心環状線）,１１月１６日（火）,晴,自動車類上り計,2010,1733,1917,2000,1751,1757,2124,2342,2509,2493,2378,2293,25307,40651,,
５０３０東京都中央区新富１丁目,５０１,首都高速一号線,高速１号線,（首都高速都心環状線）,１１月１６日（火）,晴,自動車類下り大型車,185,201,326,335,354,456,268,253,296,228,139,162,3203,5609,,
５０３０東京都中央区新富１丁目,５０１,首都高速一号線,高速１号線,（首都高速都心環状線）,１１月１６日（火）,晴,自動車類下り小型車,2966,3071,2637,2307,2294,2496,2358,2347,2362,2330,2386,2274,29828,42829,,
５０３０東京都中央区新富１丁目,５０１,首都高速一号線,高速１号線,（首都高速都心環状線）,１１月１６日（火）,晴,自動車類下り計,3151,3272,2963,2642,2648,2952,2626,2600,2658,2558,2525,2436,33031,48438,,
５０３０東京都中央区新富１丁目,５０１,首都高速一号線,高速１号線,（首都高速都心環状線）,１１月１６日（火）,晴,自動車類合計大型車,454,427,656,670,651,795,532,546,557,422,280,296,6286,11569,,
５０３０東京都中央区新富１丁目,５０１,首都高速一号線,高速１号線,（首都高速都心環状線）,１１月１６日（火）,晴,自動車類合計小型車,4707,4578,4224,3972,3748,3914,4218,4396,4610,4629,4623,4433,52052,77520,,
５０３０東京都中央区新富１丁目,５０１,首都高速一号線,高速１号線,（首都高速都心環状線）,１１月１６日（火）,晴,自動車類合計計,5161,5005,4880,4642,4399,4709,4750,4942,5167,5051,4903,4729,58338,89089,,
５０３０東京都中央区新富１丁目,５０１,首都高速一号線,高速１号線,（首都高速都心環状線）,１１月１６日（火）,晴,二輪車類,-,-,-,-,-,-,-,-,-,-,-,-,-,,,
５０３０東京都中央区新富１丁目,５０１,首都高速一号線,高速１号線,（首都高速都心環状線）,１１月１６日（火）,晴,自転車類,-,-,-,-,-,-,-,-,-,-,-,-,-,,,
５０３０東京都中央区新富１丁目,５０１,首都高速一号線,高速１号線,（首都高速都心環状線）,１１月１６日（火）,晴,歩行者類,-,-,-,-,-,-,-,-,-,-,-,-,-,,,
