﻿観測地点,Ｈ１７区間番号,路線名,都市計画路線名,通称道路名,調査日,天候,ピーク時間交通量（台／ｈ）,ピーク率（％）,混雑時平均旅行速度（ｋｍ／ｈ）,大型車台数（台／１２ｈ）,混入率（％）,混雑度,昼夜率,車線数,５８年度（台／１２ｈ）,６０年度（台／１２ｈ）,６３年度（台／１２ｈ）,２年度（台／１２ｈ）,６年度（台／１２ｈ）,９年度（台／１２ｈ）,１１年度（台／１２ｈ）,１７年度（台／１２ｈ）,２２年度（台／１２ｈ）
５２５０東京都中央区八重洲２丁目,－,首都高速四号線,高速４号線,（首都高速八重洲線）,１１月１６日（火）,晴,1367,10.5,71.2,1499,11.5,0.23,1.52,4,-,-,-,-,-,-,-,-,13006
,,,,,,,,,,,,,,,,,,,,,,,
観測地点,Ｈ１７区間番号,路線名,都市計画路線名,通称道路名,調査日,天候,時間・種別,７～８,８～９,９～１０,１０～１１,１１～１２,１２～１３,１３～１４,１４～１５,１５～１６,１６～１７,１７～１８,１８～１９,１２ｈ計,２４ｈ計,,
５２５０東京都中央区八重洲２丁目,－,首都高速四号線,高速４号線,（首都高速八重洲線）,１１月１６日（火）,晴,自動車類上り大型車,81,92,135,97,90,88,99,87,69,65,42,32,977,1470,,
５２５０東京都中央区八重洲２丁目,－,首都高速四号線,高速４号線,（首都高速八重洲線）,１１月１６日（火）,晴,自動車類上り小型車,614,578,562,512,482,445,496,538,563,574,515,447,6326,9211,,
５２５０東京都中央区八重洲２丁目,－,首都高速四号線,高速４号線,（首都高速八重洲線）,１１月１６日（火）,晴,自動車類上り計,695,670,697,609,572,533,595,625,632,639,557,479,7303,10681,,
５２５０東京都中央区八重洲２丁目,－,首都高速四号線,高速４号線,（首都高速八重洲線）,１１月１６日（火）,晴,自動車類下り大型車,50,35,39,43,39,78,57,42,41,45,24,29,522,970,,
５２５０東京都中央区八重洲２丁目,－,首都高速四号線,高速４号線,（首都高速八重洲線）,１１月１６日（火）,晴,自動車類下り小型車,622,536,461,289,298,462,405,424,486,516,346,336,5181,8118,,
５２５０東京都中央区八重洲２丁目,－,首都高速四号線,高速４号線,（首都高速八重洲線）,１１月１６日（火）,晴,自動車類下り計,672,571,500,332,337,540,462,466,527,561,370,365,5703,9088,,
５２５０東京都中央区八重洲２丁目,－,首都高速四号線,高速４号線,（首都高速八重洲線）,１１月１６日（火）,晴,自動車類合計大型車,131,127,174,140,129,166,156,129,110,110,66,61,1499,2440,,
５２５０東京都中央区八重洲２丁目,－,首都高速四号線,高速４号線,（首都高速八重洲線）,１１月１６日（火）,晴,自動車類合計小型車,1236,1114,1023,801,780,907,901,962,1049,1090,861,783,11507,17329,,
５２５０東京都中央区八重洲２丁目,－,首都高速四号線,高速４号線,（首都高速八重洲線）,１１月１６日（火）,晴,自動車類合計計,1367,1241,1197,941,909,1073,1057,1091,1159,1200,927,844,13006,19769,,
５２５０東京都中央区八重洲２丁目,－,首都高速四号線,高速４号線,（首都高速八重洲線）,１１月１６日（火）,晴,二輪車類,-,-,-,-,-,-,-,-,-,-,-,-,-,,,
５２５０東京都中央区八重洲２丁目,－,首都高速四号線,高速４号線,（首都高速八重洲線）,１１月１６日（火）,晴,自転車類,-,-,-,-,-,-,-,-,-,-,-,-,-,,,
５２５０東京都中央区八重洲２丁目,－,首都高速四号線,高速４号線,（首都高速八重洲線）,１１月１６日（火）,晴,歩行者類,-,-,-,-,-,-,-,-,-,-,-,-,-,,,
