﻿観測地点,Ｈ１７区間番号,路線名,都市計画路線名,通称道路名,調査日,天候,ピーク時間交通量（台／ｈ）,ピーク率（％）,混雑時平均旅行速度（ｋｍ／ｈ）,大型車台数（台／１２ｈ）,混入率（％）,混雑度,昼夜率,車線数,５８年度（台／１２ｈ）,６０年度（台／１２ｈ）,６３年度（台／１２ｈ）,２年度（台／１２ｈ）,６年度（台／１２ｈ）,９年度（台／１２ｈ）,１１年度（台／１２ｈ）,１７年度（台／１２ｈ）,２２年度（台／１２ｈ）
５６１０東京都千代田区神田神保町３丁目,５１０,首都高速五号線,高速５号線,（首都高速５号池袋線）,１１月１６日（火）,晴,5697,9.6,12.3,5131,8.7,0.94,1.59,4,48678,48236,47376,49769,53953,56103,65791,64222,59176
,,,,,,,,,,,,,,,,,,,,,,,
観測地点,Ｈ１７区間番号,路線名,都市計画路線名,通称道路名,調査日,天候,時間・種別,７～８,８～９,９～１０,１０～１１,１１～１２,１２～１３,１３～１４,１４～１５,１５～１６,１６～１７,１７～１８,１８～１９,１２ｈ計,２４ｈ計,,
５６１０東京都千代田区神田神保町３丁目,５１０,首都高速五号線,高速５号線,（首都高速５号池袋線）,１１月１６日（火）,晴,自動車類上り大型車,171,134,201,168,138,175,200,239,242,141,51,63,1923,4305,,
５６１０東京都千代田区神田神保町３丁目,５１０,首都高速五号線,高速５号線,（首都高速５号池袋線）,１１月１６日（火）,晴,自動車類上り小型車,2572,2764,2211,2257,1310,950,1843,2135,2241,2423,2118,1607,24431,38210,,
５６１０東京都千代田区神田神保町３丁目,５１０,首都高速五号線,高速５号線,（首都高速５号池袋線）,１１月１６日（火）,晴,自動車類上り計,2743,2898,2412,2425,1448,1125,2043,2374,2483,2564,2169,1670,26354,42515,,
５６１０東京都千代田区神田神保町３丁目,５１０,首都高速五号線,高速５号線,（首都高速５号池袋線）,１１月１６日（火）,晴,自動車類下り大型車,142,349,455,196,238,454,149,382,130,279,210,224,3208,5046,,
５６１０東京都千代田区神田神保町３丁目,５１０,首都高速五号線,高速５号線,（首都高速５号池袋線）,１１月１６日（火）,晴,自動車類下り小型車,2384,2450,2220,2579,2497,2192,2553,2377,2625,2522,2688,2527,29614,46303,,
５６１０東京都千代田区神田神保町３丁目,５１０,首都高速五号線,高速５号線,（首都高速５号池袋線）,１１月１６日（火）,晴,自動車類下り計,2526,2799,2675,2775,2735,2646,2702,2759,2755,2801,2898,2751,32822,51349,,
５６１０東京都千代田区神田神保町３丁目,５１０,首都高速五号線,高速５号線,（首都高速５号池袋線）,１１月１６日（火）,晴,自動車類合計大型車,313,483,656,364,376,629,349,621,372,420,261,287,5131,9351,,
５６１０東京都千代田区神田神保町３丁目,５１０,首都高速五号線,高速５号線,（首都高速５号池袋線）,１１月１６日（火）,晴,自動車類合計小型車,4956,5214,4431,4836,3807,3142,4396,4512,4866,4945,4806,4134,54045,84513,,
５６１０東京都千代田区神田神保町３丁目,５１０,首都高速五号線,高速５号線,（首都高速５号池袋線）,１１月１６日（火）,晴,自動車類合計計,5269,5697,5087,5200,4183,3771,4745,5133,5238,5365,5067,4421,59176,93864,,
５６１０東京都千代田区神田神保町３丁目,５１０,首都高速五号線,高速５号線,（首都高速５号池袋線）,１１月１６日（火）,晴,二輪車類,-,-,-,-,-,-,-,-,-,-,-,-,-,,,
５６１０東京都千代田区神田神保町３丁目,５１０,首都高速五号線,高速５号線,（首都高速５号池袋線）,１１月１６日（火）,晴,自転車類,-,-,-,-,-,-,-,-,-,-,-,-,-,,,
５６１０東京都千代田区神田神保町３丁目,５１０,首都高速五号線,高速５号線,（首都高速５号池袋線）,１１月１６日（火）,晴,歩行者類,-,-,-,-,-,-,-,-,-,-,-,-,-,,,
