﻿観測地点,Ｈ１７区間番号,路線名,都市計画路線名,通称道路名,調査日,天候,ピーク時間交通量（台／ｈ）,ピーク率（％）,混雑時平均旅行速度（ｋｍ／ｈ）,大型車台数（台／１２ｈ）,混入率（％）,混雑度,昼夜率,車線数,５８年度（台／１２ｈ）,６０年度（台／１２ｈ）,６３年度（台／１２ｈ）,２年度（台／１２ｈ）,６年度（台／１２ｈ）,９年度（台／１２ｈ）,１１年度（台／１２ｈ）,１７年度（台／１２ｈ）,２２年度（台／１２ｈ）
４０４７０世田谷区大蔵６－１９,４０２３,主要地方道大田調布線（都道１１号）,補１２５,多摩堤通り,１０月２７日（水）,晴,887,9.5,13.6,1510,16.2,1.05,-,2,13870,12774,12141,13034,12669,12737,11945,10305,9297
,,,,,,,,,,,,,,,,,,,,,,,
観測地点,Ｈ１７区間番号,路線名,都市計画路線名,通称道路名,調査日,天候,時間・種別,７～８,８～９,９～１０,１０～１１,１１～１２,１２～１３,１３～１４,１４～１５,１５～１６,１６～１７,１７～１８,１８～１９,１２ｈ計,２４ｈ計,,
４０４７０世田谷区大蔵６－１９,４０２３,主要地方道大田調布線（都道１１号）,補１２５,多摩堤通り,１０月２７日（水）,晴,自動車類上り大型車,76,86,78,60,51,45,44,47,65,56,40,33,681,-,,
４０４７０世田谷区大蔵６－１９,４０２３,主要地方道大田調布線（都道１１号）,補１２５,多摩堤通り,１０月２７日（水）,晴,自動車類上り小型車,332,297,257,252,286,262,268,285,326,314,288,253,3420,-,,
４０４７０世田谷区大蔵６－１９,４０２３,主要地方道大田調布線（都道１１号）,補１２５,多摩堤通り,１０月２７日（水）,晴,自動車類上り計,408,383,335,312,337,307,312,332,391,370,328,286,4101,-,,
４０４７０世田谷区大蔵６－１９,４０２３,主要地方道大田調布線（都道１１号）,補１２５,多摩堤通り,１０月２７日（水）,晴,自動車類下り大型車,69,77,87,54,61,73,71,76,80,64,59,58,829,-,,
４０４７０世田谷区大蔵６－１９,４０２３,主要地方道大田調布線（都道１１号）,補１２５,多摩堤通り,１０月２７日（水）,晴,自動車類下り小型車,303,284,293,325,389,355,334,374,416,425,461,408,4367,-,,
４０４７０世田谷区大蔵６－１９,４０２３,主要地方道大田調布線（都道１１号）,補１２５,多摩堤通り,１０月２７日（水）,晴,自動車類下り計,372,361,380,379,450,428,405,450,496,489,520,466,5196,-,,
４０４７０世田谷区大蔵６－１９,４０２３,主要地方道大田調布線（都道１１号）,補１２５,多摩堤通り,１０月２７日（水）,晴,自動車類合計大型車,145,163,165,114,112,118,115,123,145,120,99,91,1510,-,,
４０４７０世田谷区大蔵６－１９,４０２３,主要地方道大田調布線（都道１１号）,補１２５,多摩堤通り,１０月２７日（水）,晴,自動車類合計小型車,635,581,550,577,675,617,602,659,742,739,749,661,7787,-,,
４０４７０世田谷区大蔵６－１９,４０２３,主要地方道大田調布線（都道１１号）,補１２５,多摩堤通り,１０月２７日（水）,晴,自動車類合計計,780,744,715,691,787,735,717,782,887,859,848,752,9297,-,,
４０４７０世田谷区大蔵６－１９,４０２３,主要地方道大田調布線（都道１１号）,補１２５,多摩堤通り,１０月２７日（水）,晴,二輪車類,72,65,45,44,34,53,67,74,74,89,103,121,841,,,
４０４７０世田谷区大蔵６－１９,４０２３,主要地方道大田調布線（都道１１号）,補１２５,多摩堤通り,１０月２７日（水）,晴,自転車類,93,95,70,67,71,70,66,53,66,89,122,81,943,,,
４０４７０世田谷区大蔵６－１９,４０２３,主要地方道大田調布線（都道１１号）,補１２５,多摩堤通り,１０月２７日（水）,晴,歩行者類,63,58,46,40,51,61,39,43,37,46,45,55,584,,,
