﻿観測地点,Ｈ１７区間番号,路線名,都市計画路線名,通称道路名,調査日,天候,ピーク時間交通量（台／ｈ）,ピーク率（％）,混雑時平均旅行速度（ｋｍ／ｈ）,大型車台数（台／１２ｈ）,混入率（％）,混雑度,昼夜率,車線数,５８年度（台／１２ｈ）,６０年度（台／１２ｈ）,６３年度（台／１２ｈ）,２年度（台／１２ｈ）,６年度（台／１２ｈ）,９年度（台／１２ｈ）,１１年度（台／１２ｈ）,１７年度（台／１２ｈ）,２２年度（台／１２ｈ）
４０６３０杉並区阿佐谷北５－４６,４０２９,主要地方道飯田橋石神井新座線（都道２５号）,補７４,早稲田通り,１０月２６日（火）,曇,1090,9.3,15.2,1514,12.9,1.54,-,2,14898,14548,14223,14660,14519,14602,14448,13505,11734
,,,,,,,,,,,,,,,,,,,,,,,
観測地点,Ｈ１７区間番号,路線名,都市計画路線名,通称道路名,調査日,天候,時間・種別,７～８,８～９,９～１０,１０～１１,１１～１２,１２～１３,１３～１４,１４～１５,１５～１６,１６～１７,１７～１８,１８～１９,１２ｈ計,２４ｈ計,,
４０６３０杉並区阿佐谷北５－４６,４０２９,主要地方道飯田橋石神井新座線（都道２５号）,補７４,早稲田通り,１０月２６日（火）,曇,自動車類上り大型車,83,91,68,95,77,46,69,40,44,50,43,37,743,-,,
４０６３０杉並区阿佐谷北５－４６,４０２９,主要地方道飯田橋石神井新座線（都道２５号）,補７４,早稲田通り,１０月２６日（火）,曇,自動車類上り小型車,570,505,520,453,413,400,413,451,456,494,452,323,5450,-,,
４０６３０杉並区阿佐谷北５－４６,４０２９,主要地方道飯田橋石神井新座線（都道２５号）,補７４,早稲田通り,１０月２６日（火）,曇,自動車類上り計,653,596,588,548,490,446,482,491,500,544,495,360,6193,-,,
４０６３０杉並区阿佐谷北５－４６,４０２９,主要地方道飯田橋石神井新座線（都道２５号）,補７４,早稲田通り,１０月２６日（火）,曇,自動車類下り大型車,60,51,77,93,70,60,85,60,51,78,44,42,771,-,,
４０６３０杉並区阿佐谷北５－４６,４０２９,主要地方道飯田橋石神井新座線（都道２５号）,補７４,早稲田通り,１０月２６日（火）,曇,自動車類下り小型車,259,260,339,388,474,399,374,435,418,468,497,459,4770,-,,
４０６３０杉並区阿佐谷北５－４６,４０２９,主要地方道飯田橋石神井新座線（都道２５号）,補７４,早稲田通り,１０月２６日（火）,曇,自動車類下り計,319,311,416,481,544,459,459,495,469,546,541,501,5541,-,,
４０６３０杉並区阿佐谷北５－４６,４０２９,主要地方道飯田橋石神井新座線（都道２５号）,補７４,早稲田通り,１０月２６日（火）,曇,自動車類合計大型車,143,142,145,188,147,106,154,100,95,128,87,79,1514,-,,
４０６３０杉並区阿佐谷北５－４６,４０２９,主要地方道飯田橋石神井新座線（都道２５号）,補７４,早稲田通り,１０月２６日（火）,曇,自動車類合計小型車,829,765,859,841,887,799,787,886,874,962,949,782,10220,-,,
４０６３０杉並区阿佐谷北５－４６,４０２９,主要地方道飯田橋石神井新座線（都道２５号）,補７４,早稲田通り,１０月２６日（火）,曇,自動車類合計計,972,907,1004,1029,1034,905,941,986,969,1090,1036,861,11734,-,,
４０６３０杉並区阿佐谷北５－４６,４０２９,主要地方道飯田橋石神井新座線（都道２５号）,補７４,早稲田通り,１０月２６日（火）,曇,二輪車類,-,-,-,-,-,-,-,-,-,-,-,-,0,,,
４０６３０杉並区阿佐谷北５－４６,４０２９,主要地方道飯田橋石神井新座線（都道２５号）,補７４,早稲田通り,１０月２６日（火）,曇,自転車類,163,223,140,120,113,146,132,85,94,124,176,177,1693,,,
４０６３０杉並区阿佐谷北５－４６,４０２９,主要地方道飯田橋石神井新座線（都道２５号）,補７４,早稲田通り,１０月２６日（火）,曇,歩行者類,56,53,45,42,45,70,38,30,67,63,39,49,597,,,
