﻿観測地点,Ｈ１７区間番号,路線名,都市計画路線名,通称道路名,調査日,天候,ピーク時間交通量（台／ｈ）,ピーク率（％）,混雑時平均旅行速度（ｋｍ／ｈ）,大型車台数（台／１２ｈ）,混入率（％）,混雑度,昼夜率,車線数,５８年度（台／１２ｈ）,６０年度（台／１２ｈ）,６３年度（台／１２ｈ）,２年度（台／１２ｈ）,６年度（台／１２ｈ）,９年度（台／１２ｈ）,１１年度（台／１２ｈ）,１７年度（台／１２ｈ）,２２年度（台／１２ｈ）
４０１９０千代田区飯田橋１－１０－２,４０１１,主要地方道千代田練馬田無線（都道８号）,放７,目白通り,１０月５日（火）,晴,2584,9.5,12.8,3126,11.5,1.45,-,5,29716,27703,29076,30852,27014,29783,29466,28939,27085
,,,,,,,,,,,,,,,,,,,,,,,
観測地点,Ｈ１７区間番号,路線名,都市計画路線名,通称道路名,調査日,天候,時間・種別,７～８,８～９,９～１０,１０～１１,１１～１２,１２～１３,１３～１４,１４～１５,１５～１６,１６～１７,１７～１８,１８～１９,１２ｈ計,２４ｈ計,,
４０１９０千代田区飯田橋１－１０－２,４０１１,主要地方道千代田練馬田無線（都道８号）,放７,目白通り,１０月５日（火）,晴,自動車類上り大型車,173,191,173,193,222,145,135,102,98,84,69,44,1629,-,,
４０１９０千代田区飯田橋１－１０－２,４０１１,主要地方道千代田練馬田無線（都道８号）,放７,目白通り,１０月５日（火）,晴,自動車類上り小型車,994,1339,1221,1268,1130,972,1219,1131,1132,1108,1054,887,13455,-,,
４０１９０千代田区飯田橋１－１０－２,４０１１,主要地方道千代田練馬田無線（都道８号）,放７,目白通り,１０月５日（火）,晴,自動車類上り計,1167,1530,1394,1461,1352,1117,1354,1233,1230,1192,1123,931,15084,-,,
４０１９０千代田区飯田橋１－１０－２,４０１１,主要地方道千代田練馬田無線（都道８号）,放７,目白通り,１０月５日（火）,晴,自動車類下り大型車,129,181,206,173,146,113,140,111,94,81,74,49,1497,-,,
４０１９０千代田区飯田橋１－１０－２,４０１１,主要地方道千代田練馬田無線（都道８号）,放７,目白通り,１０月５日（火）,晴,自動車類下り小型車,490,749,936,950,888,878,908,877,952,927,957,992,10504,-,,
４０１９０千代田区飯田橋１－１０－２,４０１１,主要地方道千代田練馬田無線（都道８号）,放７,目白通り,１０月５日（火）,晴,自動車類下り計,619,930,1142,1123,1034,991,1048,988,1046,1008,1031,1041,12001,-,,
４０１９０千代田区飯田橋１－１０－２,４０１１,主要地方道千代田練馬田無線（都道８号）,放７,目白通り,１０月５日（火）,晴,自動車類合計大型車,302,372,379,366,368,258,275,213,192,165,143,93,3126,-,,
４０１９０千代田区飯田橋１－１０－２,４０１１,主要地方道千代田練馬田無線（都道８号）,放７,目白通り,１０月５日（火）,晴,自動車類合計小型車,1484,2088,2157,2218,2018,1850,2127,2008,2084,2035,2011,1879,23959,-,,
４０１９０千代田区飯田橋１－１０－２,４０１１,主要地方道千代田練馬田無線（都道８号）,放７,目白通り,１０月５日（火）,晴,自動車類合計計,1786,2460,2536,2584,2386,2108,2402,2221,2276,2200,2154,1972,27085,-,,
４０１９０千代田区飯田橋１－１０－２,４０１１,主要地方道千代田練馬田無線（都道８号）,放７,目白通り,１０月５日（火）,晴,二輪車類,-,-,-,-,-,-,-,-,-,-,-,-,-,,,
４０１９０千代田区飯田橋１－１０－２,４０１１,主要地方道千代田練馬田無線（都道８号）,放７,目白通り,１０月５日（火）,晴,自転車類,139,329,312,282,266,272,307,319,330,341,375,413,3685,,,
４０１９０千代田区飯田橋１－１０－２,４０１１,主要地方道千代田練馬田無線（都道８号）,放７,目白通り,１０月５日（火）,晴,歩行者類,4251,10701,6511,3643,3060,5729,3753,3508,3914,3640,8264,12435,69409,,,
