﻿観測地点,Ｈ１７区間番号,路線名,都市計画路線名,通称道路名,調査日,天候,ピーク時間交通量（台／ｈ）,ピーク率（％）,混雑時平均旅行速度（ｋｍ／ｈ）,大型車台数（台／１２ｈ）,混入率（％）,混雑度,昼夜率,車線数,５８年度（台／１２ｈ）,６０年度（台／１２ｈ）,６３年度（台／１２ｈ）,２年度（台／１２ｈ）,６年度（台／１２ｈ）,９年度（台／１２ｈ）,１１年度（台／１２ｈ）,１７年度（台／１２ｈ）,２２年度（台／１２ｈ）
５２７０東京都千代田区大手町２丁目,－,首都高速四号線,高速４号線,（首都高速八重洲線）,１１月１６日（火）,晴,1363,10.4,18.9,2012,15.4,0.78,1.53,2,-,-,-,-,-,-,-,-,13091
,,,,,,,,,,,,,,,,,,,,,,,
観測地点,Ｈ１７区間番号,路線名,都市計画路線名,通称道路名,調査日,天候,時間・種別,７～８,８～９,９～１０,１０～１１,１１～１２,１２～１３,１３～１４,１４～１５,１５～１６,１６～１７,１７～１８,１８～１９,１２ｈ計,２４ｈ計,,
５２７０東京都千代田区大手町２丁目,－,首都高速四号線,高速４号線,（首都高速八重洲線）,１１月１６日（火）,晴,自動車類上り大型車,91,91,111,110,98,93,102,85,68,73,44,37,1003,1636,,
５２７０東京都千代田区大手町２丁目,－,首都高速四号線,高速４号線,（首都高速八重洲線）,１１月１６日（火）,晴,自動車類上り小型車,583,552,572,519,477,432,503,536,568,552,531,439,6264,9104,,
５２７０東京都千代田区大手町２丁目,－,首都高速四号線,高速４号線,（首都高速八重洲線）,１１月１６日（火）,晴,自動車類上り計,674,643,683,629,575,525,605,621,636,625,575,476,7267,10740,,
５２７０東京都千代田区大手町２丁目,－,首都高速四号線,高速４号線,（首都高速八重洲線）,１１月１６日（火）,晴,自動車類下り大型車,85,87,92,68,86,120,97,86,91,84,60,53,1009,1803,,
５２７０東京都千代田区大手町２丁目,－,首都高速四号線,高速４号線,（首都高速八重洲線）,１１月１６日（火）,晴,自動車類下り小型車,604,490,423,265,282,418,388,377,452,491,312,313,4815,7472,,
５２７０東京都千代田区大手町２丁目,－,首都高速四号線,高速４号線,（首都高速八重洲線）,１１月１６日（火）,晴,自動車類下り計,689,577,515,333,368,538,485,463,543,575,372,366,5824,9275,,
５２７０東京都千代田区大手町２丁目,－,首都高速四号線,高速４号線,（首都高速八重洲線）,１１月１６日（火）,晴,自動車類合計大型車,176,178,203,178,184,213,199,171,159,157,104,90,2012,3439,,
５２７０東京都千代田区大手町２丁目,－,首都高速四号線,高速４号線,（首都高速八重洲線）,１１月１６日（火）,晴,自動車類合計小型車,1187,1042,995,784,759,850,891,913,1020,1043,843,752,11079,16576,,
５２７０東京都千代田区大手町２丁目,－,首都高速四号線,高速４号線,（首都高速八重洲線）,１１月１６日（火）,晴,自動車類合計計,1363,1220,1198,962,943,1063,1090,1084,1179,1200,947,842,13091,20015,,
５２７０東京都千代田区大手町２丁目,－,首都高速四号線,高速４号線,（首都高速八重洲線）,１１月１６日（火）,晴,二輪車類,-,-,-,-,-,-,-,-,-,-,-,-,-,,,
５２７０東京都千代田区大手町２丁目,－,首都高速四号線,高速４号線,（首都高速八重洲線）,１１月１６日（火）,晴,自転車類,-,-,-,-,-,-,-,-,-,-,-,-,-,,,
５２７０東京都千代田区大手町２丁目,－,首都高速四号線,高速４号線,（首都高速八重洲線）,１１月１６日（火）,晴,歩行者類,-,-,-,-,-,-,-,-,-,-,-,-,-,,,
