﻿観測地点,Ｈ１７区間番号,路線名,都市計画路線名,通称道路名,調査日,天候,ピーク時間交通量（台／ｈ）,ピーク率（％）,混雑時平均旅行速度（ｋｍ／ｈ）,大型車台数（台／１２ｈ）,混入率（％）,混雑度,昼夜率,車線数,５８年度（台／１２ｈ）,６０年度（台／１２ｈ）,６３年度（台／１２ｈ）,２年度（台／１２ｈ）,６年度（台／１２ｈ）,９年度（台／１２ｈ）,１１年度（台／１２ｈ）,１７年度（台／１２ｈ）,２２年度（台／１２ｈ）
５８５０東京都大田区東海３丁目,５１８,高速湾岸線,高速湾岸線,（首都高速湾岸線）,１１月１６日（火）,晴,5148,9.3,86.1,17593,31.7,0.77,1.44,6,24735,32190,31658,-,13488,32177,37231,41550,55517
,,,,,,,,,,,,,,,,,,,,,,,
観測地点,Ｈ１７区間番号,路線名,都市計画路線名,通称道路名,調査日,天候,時間・種別,７～８,８～９,９～１０,１０～１１,１１～１２,１２～１３,１３～１４,１４～１５,１５～１６,１６～１７,１７～１８,１８～１９,１２ｈ計,２４ｈ計,,
５８５０東京都大田区東海３丁目,５１８,高速湾岸線,高速湾岸線,（首都高速湾岸線）,１１月１６日（火）,晴,自動車類上り大型車,584,750,1212,1175,1045,842,741,820,741,742,645,504,9801,14448,,
５８５０東京都大田区東海３丁目,５１８,高速湾岸線,高速湾岸線,（首都高速湾岸線）,１１月１６日（火）,晴,自動車類上り小型車,1783,1919,1515,1519,1324,1157,1239,1449,1975,2092,1764,1428,19164,25020,,
５８５０東京都大田区東海３丁目,５１８,高速湾岸線,高速湾岸線,（首都高速湾岸線）,１１月１６日（火）,晴,自動車類上り計,2367,2669,2727,2694,2369,1999,1980,2269,2716,2834,2409,1932,28965,39468,,
５８５０東京都大田区東海３丁目,５１８,高速湾岸線,高速湾岸線,（首都高速湾岸線）,１１月１６日（火）,晴,自動車類下り大型車,511,629,848,804,701,848,785,658,404,632,494,478,7792,12396,,
５８５０東京都大田区東海３丁目,５１８,高速湾岸線,高速湾岸線,（首都高速湾岸線）,１１月１６日（火）,晴,自動車類下り小型車,1908,1622,1573,1527,1339,1472,1474,1288,1015,1630,2080,1832,18760,27824,,
５８５０東京都大田区東海３丁目,５１８,高速湾岸線,高速湾岸線,（首都高速湾岸線）,１１月１６日（火）,晴,自動車類下り計,2419,2251,2421,2331,2040,2320,2259,1946,1419,2262,2574,2310,26552,40220,,
５８５０東京都大田区東海３丁目,５１８,高速湾岸線,高速湾岸線,（首都高速湾岸線）,１１月１６日（火）,晴,自動車類合計大型車,1095,1379,2060,1979,1746,1690,1526,1478,1145,1374,1139,982,17593,26844,,
５８５０東京都大田区東海３丁目,５１８,高速湾岸線,高速湾岸線,（首都高速湾岸線）,１１月１６日（火）,晴,自動車類合計小型車,3691,3541,3088,3046,2663,2629,2713,2737,2990,3722,3844,3260,37924,52844,,
５８５０東京都大田区東海３丁目,５１８,高速湾岸線,高速湾岸線,（首都高速湾岸線）,１１月１６日（火）,晴,自動車類合計計,4786,4920,5148,5025,4409,4319,4239,4215,4135,5096,4983,4242,55517,79688,,
５８５０東京都大田区東海３丁目,５１８,高速湾岸線,高速湾岸線,（首都高速湾岸線）,１１月１６日（火）,晴,二輪車類,-,-,-,-,-,-,-,-,-,-,-,-,-,,,
５８５０東京都大田区東海３丁目,５１８,高速湾岸線,高速湾岸線,（首都高速湾岸線）,１１月１６日（火）,晴,自転車類,-,-,-,-,-,-,-,-,-,-,-,-,-,,,
５８５０東京都大田区東海３丁目,５１８,高速湾岸線,高速湾岸線,（首都高速湾岸線）,１１月１６日（火）,晴,歩行者類,-,-,-,-,-,-,-,-,-,-,-,-,-,,,
