﻿観測地点,Ｈ１７区間番号,路線名,都市計画路線名,通称道路名,調査日,天候,ピーク時間交通量（台／ｈ）,ピーク率（％）,混雑時平均旅行速度（ｋｍ／ｈ）,大型車台数（台／１２ｈ）,混入率（％）,混雑度,昼夜率,車線数,５８年度（台／１２ｈ）,６０年度（台／１２ｈ）,６３年度（台／１２ｈ）,２年度（台／１２ｈ）,６年度（台／１２ｈ）,９年度（台／１２ｈ）,１１年度（台／１２ｈ）,１７年度（台／１２ｈ）,２２年度（台／１２ｈ）
６１７６０墨田区八広６,４６０４６,特例都道新荒川堤防線（都道４４９号）,－,（木根川橋）,９月３０日（木）,雨,1138,9.3,30.3,1502,12.2,1.29,-,2,-,-,-,-,-,-,-,4706,12275
,,,,,,,,,,,,,,,,,,,,,,,
観測地点,Ｈ１７区間番号,路線名,都市計画路線名,通称道路名,調査日,天候,時間・種別,７～８,８～９,９～１０,１０～１１,１１～１２,１２～１３,１３～１４,１４～１５,１５～１６,１６～１７,１７～１８,１８～１９,１２ｈ計,２４ｈ計,,
６１７６０墨田区八広６,４６０４６,特例都道新荒川堤防線（都道４４９号）,－,（木根川橋）,９月３０日（木）,雨,自動車類上り大型車,35,74,66,55,90,73,85,99,64,51,60,60,812,-,,
６１７６０墨田区八広６,４６０４６,特例都道新荒川堤防線（都道４４９号）,－,（木根川橋）,９月３０日（木）,雨,自動車類上り小型車,311,324,389,453,430,390,417,503,572,529,547,562,5427,-,,
６１７６０墨田区八広６,４６０４６,特例都道新荒川堤防線（都道４４９号）,－,（木根川橋）,９月３０日（木）,雨,自動車類上り計,346,398,455,508,520,463,502,602,636,580,607,622,6239,-,,
６１７６０墨田区八広６,４６０４６,特例都道新荒川堤防線（都道４４９号）,－,（木根川橋）,９月３０日（木）,雨,自動車類下り大型車,59,80,76,74,70,59,61,62,50,39,29,31,690,-,,
６１７６０墨田区八広６,４６０４６,特例都道新荒川堤防線（都道４４９号）,－,（木根川橋）,９月３０日（木）,雨,自動車類下り小型車,592,484,533,492,437,410,446,474,440,389,328,321,5346,-,,
６１７６０墨田区八広６,４６０４６,特例都道新荒川堤防線（都道４４９号）,－,（木根川橋）,９月３０日（木）,雨,自動車類下り計,651,564,609,566,507,469,507,536,490,428,357,352,6036,-,,
６１７６０墨田区八広６,４６０４６,特例都道新荒川堤防線（都道４４９号）,－,（木根川橋）,９月３０日（木）,雨,自動車類合計大型車,94,154,142,129,160,132,146,161,114,90,89,91,1502,-,,
６１７６０墨田区八広６,４６０４６,特例都道新荒川堤防線（都道４４９号）,－,（木根川橋）,９月３０日（木）,雨,自動車類合計小型車,903,808,922,945,867,800,863,977,1012,918,875,883,10773,-,,
６１７６０墨田区八広６,４６０４６,特例都道新荒川堤防線（都道４４９号）,－,（木根川橋）,９月３０日（木）,雨,自動車類合計計,997,962,1064,1074,1027,932,1009,1138,1126,1008,964,974,12275,-,,
６１７６０墨田区八広６,４６０４６,特例都道新荒川堤防線（都道４４９号）,－,（木根川橋）,９月３０日（木）,雨,二輪車類,-,-,-,-,-,-,-,-,-,-,-,-,-,,,
６１７６０墨田区八広６,４６０４６,特例都道新荒川堤防線（都道４４９号）,－,（木根川橋）,９月３０日（木）,雨,自転車類,364,350,90,59,56,99,81,63,83,130,226,200,1801,,,
６１７６０墨田区八広６,４６０４６,特例都道新荒川堤防線（都道４４９号）,－,（木根川橋）,９月３０日（木）,雨,歩行者類,18,17,13,10,6,2,9,6,10,14,27,17,149,,,
