﻿観測地点,Ｈ１７区間番号,路線名,都市計画路線名,通称道路名,調査日,天候,ピーク時間交通量（台／ｈ）,ピーク率（％）,混雑時平均旅行速度（ｋｍ／ｈ）,大型車台数（台／１２ｈ）,混入率（％）,混雑度,昼夜率,車線数,５８年度（台／１２ｈ）,６０年度（台／１２ｈ）,６３年度（台／１２ｈ）,２年度（台／１２ｈ）,６年度（台／１２ｈ）,９年度（台／１２ｈ）,１１年度（台／１２ｈ）,１７年度（台／１２ｈ）,２２年度（台／１２ｈ）
４０１８０武蔵野市吉祥寺南町３－３３－６,１４０１０,主要地方道杉並あきる野線（都道７号）,放２３,井ノ頭通り,１０月７日（木）,晴,1141,10.2,18.3,1304,11.7,0.58,-,4,16823,15373,14357,15144,16356,14620,14739,15692,11167
,,,,,,,,,,,,,,,,,,,,,,,
観測地点,Ｈ１７区間番号,路線名,都市計画路線名,通称道路名,調査日,天候,時間・種別,７～８,８～９,９～１０,１０～１１,１１～１２,１２～１３,１３～１４,１４～１５,１５～１６,１６～１７,１７～１８,１８～１９,１２ｈ計,２４ｈ計,,
４０１８０武蔵野市吉祥寺南町３－３３－６,１４０１０,主要地方道杉並あきる野線（都道７号）,放２３,井ノ頭通り,１０月７日（木）,晴,自動車類上り大型車,72,55,62,61,58,42,39,47,39,32,33,18,558,-,,
４０１８０武蔵野市吉祥寺南町３－３３－６,１４０１０,主要地方道杉並あきる野線（都道７号）,放２３,井ノ頭通り,１０月７日（木）,晴,自動車類上り小型車,669,406,416,365,361,361,360,389,423,398,450,351,4949,-,,
４０１８０武蔵野市吉祥寺南町３－３３－６,１４０１０,主要地方道杉並あきる野線（都道７号）,放２３,井ノ頭通り,１０月７日（木）,晴,自動車類上り計,741,461,478,426,419,403,399,436,462,430,483,369,5507,-,,
４０１８０武蔵野市吉祥寺南町３－３３－６,１４０１０,主要地方道杉並あきる野線（都道７号）,放２３,井ノ頭通り,１０月７日（木）,晴,自動車類下り大型車,73,87,80,75,50,61,69,54,50,58,46,43,746,-,,
４０１８０武蔵野市吉祥寺南町３－３３－６,１４０１０,主要地方道杉並あきる野線（都道７号）,放２３,井ノ頭通り,１０月７日（木）,晴,自動車類下り小型車,327,386,376,348,380,429,375,420,412,475,464,522,4914,-,,
４０１８０武蔵野市吉祥寺南町３－３３－６,１４０１０,主要地方道杉並あきる野線（都道７号）,放２３,井ノ頭通り,１０月７日（木）,晴,自動車類下り計,400,473,456,423,430,490,444,474,462,533,510,565,5660,-,,
４０１８０武蔵野市吉祥寺南町３－３３－６,１４０１０,主要地方道杉並あきる野線（都道７号）,放２３,井ノ頭通り,１０月７日（木）,晴,自動車類合計大型車,145,142,142,136,108,103,108,101,89,90,79,61,1304,-,,
４０１８０武蔵野市吉祥寺南町３－３３－６,１４０１０,主要地方道杉並あきる野線（都道７号）,放２３,井ノ頭通り,１０月７日（木）,晴,自動車類合計小型車,996,792,792,713,741,790,735,809,835,873,914,873,9863,-,,
４０１８０武蔵野市吉祥寺南町３－３３－６,１４０１０,主要地方道杉並あきる野線（都道７号）,放２３,井ノ頭通り,１０月７日（木）,晴,自動車類合計計,1141,934,934,849,849,893,843,910,924,963,993,934,11167,-,,
４０１８０武蔵野市吉祥寺南町３－３３－６,１４０１０,主要地方道杉並あきる野線（都道７号）,放２３,井ノ頭通り,１０月７日（木）,晴,二輪車類,150,143,119,100,95,89,110,100,82,126,137,148,1399,,,
４０１８０武蔵野市吉祥寺南町３－３３－６,１４０１０,主要地方道杉並あきる野線（都道７号）,放２３,井ノ頭通り,１０月７日（木）,晴,自転車類,130,176,153,149,141,169,149,186,223,233,221,212,2142,,,
４０１８０武蔵野市吉祥寺南町３－３３－６,１４０１０,主要地方道杉並あきる野線（都道７号）,放２３,井ノ頭通り,１０月７日（木）,晴,歩行者類,28,52,38,64,63,69,58,54,82,85,89,78,760,,,
