﻿観測地点,Ｈ１７区間番号,路線名,都市計画路線名,通称道路名,調査日,天候,ピーク時間交通量（台／ｈ）,ピーク率（％）,混雑時平均旅行速度（ｋｍ／ｈ）,大型車台数（台／１２ｈ）,混入率（％）,混雑度,昼夜率,車線数,５８年度（台／１２ｈ）,６０年度（台／１２ｈ）,６３年度（台／１２ｈ）,２年度（台／１２ｈ）,６年度（台／１２ｈ）,９年度（台／１２ｈ）,１１年度（台／１２ｈ）,１７年度（台／１２ｈ）,２２年度（台／１２ｈ）
１０高井戸ＩＣ～世田谷区・東京都境間,３０００２,中央自動車道（富士吉田線）,－,（中央道）,１１月１０日（水）,晴,5545,9.2,34,8469,14.0,0.91,1.55,4,-,42159,48349,45632,53586,54959,56647,53687,60335
,,,,,,,,,,,,,,,,,,,,,,,
観測地点,Ｈ１７区間番号,路線名,都市計画路線名,通称道路名,調査日,天候,時間・種別,７～８,８～９,９～１０,１０～１１,１１～１２,１２～１３,１３～１４,１４～１５,１５～１６,１６～１７,１７～１８,１８～１９,１２ｈ計,２４ｈ計,,
１０高井戸ＩＣ～世田谷区・東京都境間,３０００２,中央自動車道（富士吉田線）,－,（中央道）,１１月１０日（水）,晴,自動車類上り大型車,228,276,366,368,341,336,310,296,273,249,185,200,3428,6643,,
１０高井戸ＩＣ～世田谷区・東京都境間,３０００２,中央自動車道（富士吉田線）,－,（中央道）,１１月１０日（水）,晴,自動車類上り小型車,2869,2410,1730,1882,1962,1960,1961,2253,2581,2834,2671,2439,27552,40725,,
１０高井戸ＩＣ～世田谷区・東京都境間,３０００２,中央自動車道（富士吉田線）,－,（中央道）,１１月１０日（水）,晴,自動車類上り計,3097,2686,2096,2250,2303,2296,2271,2549,2854,3083,2856,2639,30980,47368,,
１０高井戸ＩＣ～世田谷区・東京都境間,３０００２,中央自動車道（富士吉田線）,－,（中央道）,１１月１０日（水）,晴,自動車類下り大型車,431,435,493,503,441,473,403,453,407,414,328,260,5041,9005,,
１０高井戸ＩＣ～世田谷区・東京都境間,３０００２,中央自動車道（富士吉田線）,－,（中央道）,１１月１０日（水）,晴,自動車類下り小型車,2017,2172,2043,2173,2051,1901,1596,1912,1794,2030,2232,2393,24314,36999,,
１０高井戸ＩＣ～世田谷区・東京都境間,３０００２,中央自動車道（富士吉田線）,－,（中央道）,１１月１０日（水）,晴,自動車類下り計,2448,2607,2536,2676,2492,2374,1999,2365,2201,2444,2560,2653,29355,46004,,
１０高井戸ＩＣ～世田谷区・東京都境間,３０００２,中央自動車道（富士吉田線）,－,（中央道）,１１月１０日（水）,晴,自動車類合計大型車,659,711,859,871,782,809,713,749,680,663,513,460,8469,15648,,
１０高井戸ＩＣ～世田谷区・東京都境間,３０００２,中央自動車道（富士吉田線）,－,（中央道）,１１月１０日（水）,晴,自動車類合計小型車,4886,4582,3773,4055,4013,3861,3557,4165,4375,4864,4903,4832,51866,77724,,
１０高井戸ＩＣ～世田谷区・東京都境間,３０００２,中央自動車道（富士吉田線）,－,（中央道）,１１月１０日（水）,晴,自動車類合計計,5545,5293,4632,4926,4795,4670,4270,4914,5055,5527,5416,5292,60335,93372,,
１０高井戸ＩＣ～世田谷区・東京都境間,３０００２,中央自動車道（富士吉田線）,－,（中央道）,１１月１０日（水）,晴,二輪車類,58,60,42,58,62,62,56,67,69,70,41,31,676,,,
１０高井戸ＩＣ～世田谷区・東京都境間,３０００２,中央自動車道（富士吉田線）,－,（中央道）,１１月１０日（水）,晴,自転車類,-,-,-,-,-,-,-,-,-,-,-,-,-,,,
１０高井戸ＩＣ～世田谷区・東京都境間,３０００２,中央自動車道（富士吉田線）,－,（中央道）,１１月１０日（水）,晴,歩行者類,-,-,-,-,-,-,-,-,-,-,-,-,-,,,
