﻿観測地点,Ｈ１７区間番号,路線名,都市計画路線名,通称道路名,調査日,天候,ピーク時間交通量（台／ｈ）,ピーク率（％）,混雑時平均旅行速度（ｋｍ／ｈ）,大型車台数（台／１２ｈ）,混入率（％）,混雑度,昼夜率,車線数,５８年度（台／１２ｈ）,６０年度（台／１２ｈ）,６３年度（台／１２ｈ）,２年度（台／１２ｈ）,６年度（台／１２ｈ）,９年度（台／１２ｈ）,１１年度（台／１２ｈ）,１７年度（台／１２ｈ）,２２年度（台／１２ｈ）
５４３０東京都品川区東五反田５丁目,５０７,首都高速二号線,高速２号線,（首都高速２号目黒線）,１１月１６日（火）,晴,2319,12.0,77.5,1031,5.4,0.42,1.46,4,35183,36769,37187,36411,34992,35057,33294,31062,19263
,,,,,,,,,,,,,,,,,,,,,,,
観測地点,Ｈ１７区間番号,路線名,都市計画路線名,通称道路名,調査日,天候,時間・種別,７～８,８～９,９～１０,１０～１１,１１～１２,１２～１３,１３～１４,１４～１５,１５～１６,１６～１７,１７～１８,１８～１９,１２ｈ計,２４ｈ計,,
５４３０東京都品川区東五反田５丁目,５０７,首都高速二号線,高速２号線,（首都高速２号目黒線）,１１月１６日（火）,晴,自動車類上り大型車,47,49,73,86,69,39,43,55,44,38,26,23,592,832,,
５４３０東京都品川区東五反田５丁目,５０７,首都高速二号線,高速２号線,（首都高速２号目黒線）,１１月１６日（火）,晴,自動車類上り小型車,1391,1410,1135,883,732,653,684,749,716,879,915,613,10760,14036,,
５４３０東京都品川区東五反田５丁目,５０７,首都高速二号線,高速２号線,（首都高速２号目黒線）,１１月１６日（火）,晴,自動車類上り計,1438,1459,1208,969,801,692,727,804,760,917,941,636,11352,14868,,
５４３０東京都品川区東五反田５丁目,５０７,首都高速二号線,高速２号線,（首都高速２号目黒線）,１１月１６日（火）,晴,自動車類下り大型車,51,36,32,29,48,49,40,34,38,22,30,30,439,751,,
５４３０東京都品川区東五反田５丁目,５０７,首都高速二号線,高速２号線,（首都高速２号目黒線）,１１月１６日（火）,晴,自動車類下り小型車,830,689,548,462,416,499,592,627,619,689,690,811,7472,12529,,
５４３０東京都品川区東五反田５丁目,５０７,首都高速二号線,高速２号線,（首都高速２号目黒線）,１１月１６日（火）,晴,自動車類下り計,881,725,580,491,464,548,632,661,657,711,720,841,7911,13280,,
５４３０東京都品川区東五反田５丁目,５０７,首都高速二号線,高速２号線,（首都高速２号目黒線）,１１月１６日（火）,晴,自動車類合計大型車,98,85,105,115,117,88,83,89,82,60,56,53,1031,1583,,
５４３０東京都品川区東五反田５丁目,５０７,首都高速二号線,高速２号線,（首都高速２号目黒線）,１１月１６日（火）,晴,自動車類合計小型車,2221,2099,1683,1345,1148,1152,1276,1376,1335,1568,1605,1424,18232,26565,,
５４３０東京都品川区東五反田５丁目,５０７,首都高速二号線,高速２号線,（首都高速２号目黒線）,１１月１６日（火）,晴,自動車類合計計,2319,2184,1788,1460,1265,1240,1359,1465,1417,1628,1661,1477,19263,28148,,
５４３０東京都品川区東五反田５丁目,５０７,首都高速二号線,高速２号線,（首都高速２号目黒線）,１１月１６日（火）,晴,二輪車類,-,-,-,-,-,-,-,-,-,-,-,-,-,,,
５４３０東京都品川区東五反田５丁目,５０７,首都高速二号線,高速２号線,（首都高速２号目黒線）,１１月１６日（火）,晴,自転車類,-,-,-,-,-,-,-,-,-,-,-,-,-,,,
５４３０東京都品川区東五反田５丁目,５０７,首都高速二号線,高速２号線,（首都高速２号目黒線）,１１月１６日（火）,晴,歩行者類,-,-,-,-,-,-,-,-,-,-,-,-,-,,,
