﻿観測地点,Ｈ１７区間番号,路線名,都市計画路線名,通称道路名,調査日,天候,ピーク時間交通量（台／ｈ）,ピーク率（％）,混雑時平均旅行速度（ｋｍ／ｈ）,大型車台数（台／１２ｈ）,混入率（％）,混雑度,昼夜率,車線数,５８年度（台／１２ｈ）,６０年度（台／１２ｈ）,６３年度（台／１２ｈ）,２年度（台／１２ｈ）,６年度（台／１２ｈ）,９年度（台／１２ｈ）,１１年度（台／１２ｈ）,１７年度（台／１２ｈ）,２２年度（台／１２ｈ）
４１１６０荒川区南千住２－１５,４０５６,主要地方道王子千住南砂町線（都道３０６号）,環４,明治通り,９月３０日（木）,雨,1501,9.0,14.9,2839,17.0,0.86,-,4,29613,33427,74102,37090,34501,33286,27355,26542,16712
,,,,,,,,,,,,,,,,,,,,,,,
観測地点,Ｈ１７区間番号,路線名,都市計画路線名,通称道路名,調査日,天候,時間・種別,７～８,８～９,９～１０,１０～１１,１１～１２,１２～１３,１３～１４,１４～１５,１５～１６,１６～１７,１７～１８,１８～１９,１２ｈ計,２４ｈ計,,
４１１６０荒川区南千住２－１５,４０５６,主要地方道王子千住南砂町線（都道３０６号）,環４,明治通り,９月３０日（木）,雨,自動車類上り大型車,130,163,169,166,159,115,119,138,143,106,67,51,1526,-,,
４１１６０荒川区南千住２－１５,４０５６,主要地方道王子千住南砂町線（都道３０６号）,環４,明治通り,９月３０日（木）,雨,自動車類上り小型車,613,647,672,665,626,592,680,636,684,689,666,609,7779,-,,
４１１６０荒川区南千住２－１５,４０５６,主要地方道王子千住南砂町線（都道３０６号）,環４,明治通り,９月３０日（木）,雨,自動車類上り計,743,810,841,831,785,707,799,774,827,795,733,660,9305,-,,
４１１６０荒川区南千住２－１５,４０５６,主要地方道王子千住南砂町線（都道３０６号）,環４,明治通り,９月３０日（木）,雨,自動車類下り大型車,82,125,147,126,120,116,125,113,105,98,84,72,1313,-,,
４１１６０荒川区南千住２－１５,４０５６,主要地方道王子千住南砂町線（都道３０６号）,環４,明治通り,９月３０日（木）,雨,自動車類下り小型車,437,519,513,442,460,480,525,597,562,538,496,525,6094,-,,
４１１６０荒川区南千住２－１５,４０５６,主要地方道王子千住南砂町線（都道３０６号）,環４,明治通り,９月３０日（木）,雨,自動車類下り計,519,644,660,568,580,596,650,710,667,636,580,597,7407,-,,
４１１６０荒川区南千住２－１５,４０５６,主要地方道王子千住南砂町線（都道３０６号）,環４,明治通り,９月３０日（木）,雨,自動車類合計大型車,212,288,316,292,279,231,244,251,248,204,151,123,2839,-,,
４１１６０荒川区南千住２－１５,４０５６,主要地方道王子千住南砂町線（都道３０６号）,環４,明治通り,９月３０日（木）,雨,自動車類合計小型車,1050,1166,1185,1107,1086,1072,1205,1233,1246,1227,1162,1134,13873,-,,
４１１６０荒川区南千住２－１５,４０５６,主要地方道王子千住南砂町線（都道３０６号）,環４,明治通り,９月３０日（木）,雨,自動車類合計計,1262,1454,1501,1399,1365,1303,1449,1484,1494,1431,1313,1257,16712,-,,
４１１６０荒川区南千住２－１５,４０５６,主要地方道王子千住南砂町線（都道３０６号）,環４,明治通り,９月３０日（木）,雨,二輪車類,-,-,-,-,-,-,-,-,-,-,-,-,-,,,
４１１６０荒川区南千住２－１５,４０５６,主要地方道王子千住南砂町線（都道３０６号）,環４,明治通り,９月３０日（木）,雨,自転車類,-,-,-,-,-,-,-,-,-,-,-,-,-,,,
４１１６０荒川区南千住２－１５,４０５６,主要地方道王子千住南砂町線（都道３０６号）,環４,明治通り,９月３０日（木）,雨,歩行者類,-,-,-,-,-,-,-,-,-,-,-,-,-,,,
