﻿観測地点,Ｈ１７区間番号,路線名,都市計画路線名,通称道路名,調査日,天候,ピーク時間交通量（台／ｈ）,ピーク率（％）,混雑時平均旅行速度（ｋｍ／ｈ）,大型車台数（台／１２ｈ）,混入率（％）,混雑度,昼夜率,車線数,５８年度（台／１２ｈ）,６０年度（台／１２ｈ）,６３年度（台／１２ｈ）,２年度（台／１２ｈ）,６年度（台／１２ｈ）,９年度（台／１２ｈ）,１１年度（台／１２ｈ）,１７年度（台／１２ｈ）,２２年度（台／１２ｈ）
６０１５０大田区下丸子２,６００８,一般都道大田神奈川線（都道１１１号）,補２８,（ガス橋通り）,１０月１９日（火）,曇,770,9.9,7.4,1061,13.7,0.92,-,2,8740,8742,9081,7755,8289,8378,7832,7252,7762
,,,,,,,,,,,,,,,,,,,,,,,
観測地点,Ｈ１７区間番号,路線名,都市計画路線名,通称道路名,調査日,天候,時間・種別,７～８,８～９,９～１０,１０～１１,１１～１２,１２～１３,１３～１４,１４～１５,１５～１６,１６～１７,１７～１８,１８～１９,１２ｈ計,２４ｈ計,,
６０１５０大田区下丸子２,６００８,一般都道大田神奈川線（都道１１１号）,補２８,（ガス橋通り）,１０月１９日（火）,曇,自動車類上り大型車,49,50,43,53,55,49,66,54,59,38,17,21,554,-,,
６０１５０大田区下丸子２,６００８,一般都道大田神奈川線（都道１１１号）,補２８,（ガス橋通り）,１０月１９日（火）,曇,自動車類上り小型車,263,279,221,252,249,210,330,343,379,322,335,322,3505,-,,
６０１５０大田区下丸子２,６００８,一般都道大田神奈川線（都道１１１号）,補２８,（ガス橋通り）,１０月１９日（火）,曇,自動車類上り計,312,329,264,305,304,259,396,397,438,360,352,343,4059,-,,
６０１５０大田区下丸子２,６００８,一般都道大田神奈川線（都道１１１号）,補２８,（ガス橋通り）,１０月１９日（火）,曇,自動車類下り大型車,44,79,40,37,38,42,65,56,28,32,29,17,507,-,,
６０１５０大田区下丸子２,６００８,一般都道大田神奈川線（都道１１１号）,補２８,（ガス橋通り）,１０月１９日（火）,曇,自動車類下り小型車,224,301,217,260,170,150,303,285,304,295,330,357,3196,-,,
６０１５０大田区下丸子２,６００８,一般都道大田神奈川線（都道１１１号）,補２８,（ガス橋通り）,１０月１９日（火）,曇,自動車類下り計,268,380,257,297,208,192,368,341,332,327,359,374,3703,-,,
６０１５０大田区下丸子２,６００８,一般都道大田神奈川線（都道１１１号）,補２８,（ガス橋通り）,１０月１９日（火）,曇,自動車類合計大型車,93,129,83,90,93,91,131,110,87,70,46,38,1061,-,,
６０１５０大田区下丸子２,６００８,一般都道大田神奈川線（都道１１１号）,補２８,（ガス橋通り）,１０月１９日（火）,曇,自動車類合計小型車,487,580,438,512,419,360,633,628,683,617,665,679,6701,-,,
６０１５０大田区下丸子２,６００８,一般都道大田神奈川線（都道１１１号）,補２８,（ガス橋通り）,１０月１９日（火）,曇,自動車類合計計,580,709,521,602,512,451,764,738,770,687,711,717,7762,-,,
６０１５０大田区下丸子２,６００８,一般都道大田神奈川線（都道１１１号）,補２８,（ガス橋通り）,１０月１９日（火）,曇,二輪車類,-,-,-,-,-,-,-,-,-,-,-,-,-,,,
６０１５０大田区下丸子２,６００８,一般都道大田神奈川線（都道１１１号）,補２８,（ガス橋通り）,１０月１９日（火）,曇,自転車類,240,238,34,16,13,21,13,22,35,41,118,100,891,,,
６０１５０大田区下丸子２,６００８,一般都道大田神奈川線（都道１１１号）,補２８,（ガス橋通り）,１０月１９日（火）,曇,歩行者類,795,1203,44,42,20,35,31,20,29,44,446,246,2955,,,
