﻿観測地点,Ｈ１７区間番号,路線名,都市計画路線名,通称道路名,調査日,天候,ピーク時間交通量（台／ｈ）,ピーク率（％）,混雑時平均旅行速度（ｋｍ／ｈ）,大型車台数（台／１２ｈ）,混入率（％）,混雑度,昼夜率,車線数,５８年度（台／１２ｈ）,６０年度（台／１２ｈ）,６３年度（台／１２ｈ）,２年度（台／１２ｈ）,６年度（台／１２ｈ）,９年度（台／１２ｈ）,１１年度（台／１２ｈ）,１７年度（台／１２ｈ）,２２年度（台／１２ｈ）
６３２０東京都足立区江北２丁目,３０５０３,高速葛飾川口線,高速足立線,（首都高速川口線）,１１月１６日（火）,晴,6116,8.9,43.1,19206,28.0,1.18,1.47,4,-,-,39903,39401,50547,55265,55550,53697,68656
,,,,,,,,,,,,,,,,,,,,,,,
観測地点,Ｈ１７区間番号,路線名,都市計画路線名,通称道路名,調査日,天候,時間・種別,７～８,８～９,９～１０,１０～１１,１１～１２,１２～１３,１３～１４,１４～１５,１５～１６,１６～１７,１７～１８,１８～１９,１２ｈ計,２４ｈ計,,
６３２０東京都足立区江北２丁目,３０５０３,高速葛飾川口線,高速足立線,（首都高速川口線）,１１月１６日（火）,晴,自動車類上り大型車,473,707,1044,959,878,1082,911,879,873,785,665,581,9837,16159,,
６３２０東京都足立区江北２丁目,３０５０３,高速葛飾川口線,高速足立線,（首都高速川口線）,１１月１６日（火）,晴,自動車類上り小型車,2446,2451,1798,1429,1183,1580,1571,1782,2115,2404,2502,2309,23570,33180,,
６３２０東京都足立区江北２丁目,３０５０３,高速葛飾川口線,高速足立線,（首都高速川口線）,１１月１６日（火）,晴,自動車類上り計,2919,3158,2842,2388,2061,2662,2482,2661,2988,3189,3167,2890,33407,49339,,
６３２０東京都足立区江北２丁目,３０５０３,高速葛飾川口線,高速足立線,（首都高速川口線）,１１月１６日（火）,晴,自動車類下り大型車,649,613,986,1005,915,1007,722,798,833,718,584,539,9369,15379,,
６３２０東京都足立区江北２丁目,３０５０３,高速葛飾川口線,高速足立線,（首都高速川口線）,１１月１６日（火）,晴,自動車類下り小型車,2043,2220,2288,2212,2186,1970,1842,1959,2082,2206,2238,2634,25880,36063,,
６３２０東京都足立区江北２丁目,３０５０３,高速葛飾川口線,高速足立線,（首都高速川口線）,１１月１６日（火）,晴,自動車類下り計,2692,2833,3274,3217,3101,2977,2564,2757,2915,2924,2822,3173,35249,51442,,
６３２０東京都足立区江北２丁目,３０５０３,高速葛飾川口線,高速足立線,（首都高速川口線）,１１月１６日（火）,晴,自動車類合計大型車,1122,1320,2030,1964,1793,2089,1633,1677,1706,1503,1249,1120,19206,31538,,
６３２０東京都足立区江北２丁目,３０５０３,高速葛飾川口線,高速足立線,（首都高速川口線）,１１月１６日（火）,晴,自動車類合計小型車,4489,4671,4086,3641,3369,3550,3413,3741,4197,4610,4740,4943,49450,69243,,
６３２０東京都足立区江北２丁目,３０５０３,高速葛飾川口線,高速足立線,（首都高速川口線）,１１月１６日（火）,晴,自動車類合計計,5611,5991,6116,5605,5162,5639,5046,5418,5903,6113,5989,6063,68656,100781,,
６３２０東京都足立区江北２丁目,３０５０３,高速葛飾川口線,高速足立線,（首都高速川口線）,１１月１６日（火）,晴,二輪車類,-,-,-,-,-,-,-,-,-,-,-,-,-,,,
６３２０東京都足立区江北２丁目,３０５０３,高速葛飾川口線,高速足立線,（首都高速川口線）,１１月１６日（火）,晴,自転車類,-,-,-,-,-,-,-,-,-,-,-,-,-,,,
６３２０東京都足立区江北２丁目,３０５０３,高速葛飾川口線,高速足立線,（首都高速川口線）,１１月１６日（火）,晴,歩行者類,-,-,-,-,-,-,-,-,-,-,-,-,-,,,
