﻿観測地点,Ｈ１７区間番号,路線名,都市計画路線名,通称道路名,調査日,天候,ピーク時間交通量（台／ｈ）,ピーク率（％）,混雑時平均旅行速度（ｋｍ／ｈ）,大型車台数（台／１２ｈ）,混入率（％）,混雑度,昼夜率,車線数,５８年度（台／１２ｈ）,６０年度（台／１２ｈ）,６３年度（台／１２ｈ）,２年度（台／１２ｈ）,６年度（台／１２ｈ）,９年度（台／１２ｈ）,１１年度（台／１２ｈ）,１７年度（台／１２ｈ）,２２年度（台／１２ｈ）
６２１０東京都足立区宮城２丁目,５１９,首都高速板橋足立線,高速王子線,（首都高速中央環状王子線）,１１月１６日（火）,晴,4693,9.7,19.1,8761,18.2,0.83,1.54,4,-,-,-,-,-,-,-,31928,48222
,,,,,,,,,,,,,,,,,,,,,,,
観測地点,Ｈ１７区間番号,路線名,都市計画路線名,通称道路名,調査日,天候,時間・種別,７～８,８～９,９～１０,１０～１１,１１～１２,１２～１３,１３～１４,１４～１５,１５～１６,１６～１７,１７～１８,１８～１９,１２ｈ計,２４ｈ計,,
６２１０東京都足立区宮城２丁目,５１９,首都高速板橋足立線,高速王子線,（首都高速中央環状王子線）,１１月１６日（火）,晴,自動車類上り大型車,238,266,355,452,348,425,400,444,390,328,264,275,4185,8137,,
６２１０東京都足立区宮城２丁目,５１９,首都高速板橋足立線,高速王子線,（首都高速中央環状王子線）,１１月１６日（火）,晴,自動車類上り小型車,1743,1806,1395,1266,1130,1328,1408,1595,1831,1879,1712,1756,18849,27500,,
６２１０東京都足立区宮城２丁目,５１９,首都高速板橋足立線,高速王子線,（首都高速中央環状王子線）,１１月１６日（火）,晴,自動車類上り計,1981,2072,1750,1718,1478,1753,1808,2039,2221,2207,1976,2031,23034,35637,,
６２１０東京都足立区宮城２丁目,５１９,首都高速板橋足立線,高速王子線,（首都高速中央環状王子線）,１１月１６日（火）,晴,自動車類下り大型車,220,236,415,463,508,590,399,377,432,394,263,279,4576,9110,,
６２１０東京都足立区宮城２丁目,５１９,首都高速板橋足立線,高速王子線,（首都高速中央環状王子線）,１１月１６日（火）,晴,自動車類下り小型車,1468,1453,1524,1499,1713,1705,1574,1576,1890,2021,1806,2383,20612,29368,,
６２１０東京都足立区宮城２丁目,５１９,首都高速板橋足立線,高速王子線,（首都高速中央環状王子線）,１１月１６日（火）,晴,自動車類下り計,1688,1689,1939,1962,2221,2295,1973,1953,2322,2415,2069,2662,25188,38478,,
６２１０東京都足立区宮城２丁目,５１９,首都高速板橋足立線,高速王子線,（首都高速中央環状王子線）,１１月１６日（火）,晴,自動車類合計大型車,458,502,770,915,856,1015,799,821,822,722,527,554,8761,17247,,
６２１０東京都足立区宮城２丁目,５１９,首都高速板橋足立線,高速王子線,（首都高速中央環状王子線）,１１月１６日（火）,晴,自動車類合計小型車,3211,3259,2919,2765,2843,3033,2982,3171,3721,3900,3518,4139,39461,56868,,
６２１０東京都足立区宮城２丁目,５１９,首都高速板橋足立線,高速王子線,（首都高速中央環状王子線）,１１月１６日（火）,晴,自動車類合計計,3669,3761,3689,3680,3699,4048,3781,3992,4543,4622,4045,4693,48222,74115,,
６２１０東京都足立区宮城２丁目,５１９,首都高速板橋足立線,高速王子線,（首都高速中央環状王子線）,１１月１６日（火）,晴,二輪車類,-,-,-,-,-,-,-,-,-,-,-,-,-,,,
６２１０東京都足立区宮城２丁目,５１９,首都高速板橋足立線,高速王子線,（首都高速中央環状王子線）,１１月１６日（火）,晴,自転車類,-,-,-,-,-,-,-,-,-,-,-,-,-,,,
６２１０東京都足立区宮城２丁目,５１９,首都高速板橋足立線,高速王子線,（首都高速中央環状王子線）,１１月１６日（火）,晴,歩行者類,-,-,-,-,-,-,-,-,-,-,-,-,-,,,
