﻿観測地点,Ｈ１７区間番号,路線名,都市計画路線名,通称道路名,調査日,天候,ピーク時間交通量（台／ｈ）,ピーク率（％）,混雑時平均旅行速度（ｋｍ／ｈ）,大型車台数（台／１２ｈ）,混入率（％）,混雑度,昼夜率,車線数,５８年度（台／１２ｈ）,６０年度（台／１２ｈ）,６３年度（台／１２ｈ）,２年度（台／１２ｈ）,６年度（台／１２ｈ）,９年度（台／１２ｈ）,１１年度（台／１２ｈ）,１７年度（台／１２ｈ）,２２年度（台／１２ｈ）
６０４５０中央区日本橋本石町４－１,４６０１３,特例都道丸の内室町線（都道４０７号）,補９９,－,１０月５日（火）,晴,832,9.2,22.2,919,10.1,0.36,-,4,-,-,-,-,-,-,-,16533,9087
,,,,,,,,,,,,,,,,,,,,,,,
観測地点,Ｈ１７区間番号,路線名,都市計画路線名,通称道路名,調査日,天候,時間・種別,７～８,８～９,９～１０,１０～１１,１１～１２,１２～１３,１３～１４,１４～１５,１５～１６,１６～１７,１７～１８,１８～１９,１２ｈ計,２４ｈ計,,
６０４５０中央区日本橋本石町４－１,４６０１３,特例都道丸の内室町線（都道４０７号）,補９９,－,１０月５日（火）,晴,自動車類上り大型車,83,43,56,54,49,40,34,32,27,21,19,18,476,-,,
６０４５０中央区日本橋本石町４－１,４６０１３,特例都道丸の内室町線（都道４０７号）,補９９,－,１０月５日（火）,晴,自動車類上り小型車,293,443,399,368,360,323,305,404,389,355,360,304,4303,-,,
６０４５０中央区日本橋本石町４－１,４６０１３,特例都道丸の内室町線（都道４０７号）,補９９,－,１０月５日（火）,晴,自動車類上り計,376,486,455,422,409,363,339,436,416,376,379,322,4779,-,,
６０４５０中央区日本橋本石町４－１,４６０１３,特例都道丸の内室町線（都道４０７号）,補９９,－,１０月５日（火）,晴,自動車類下り大型車,28,26,48,61,46,38,29,38,40,34,35,20,443,-,,
６０４５０中央区日本橋本石町４－１,４６０１３,特例都道丸の内室町線（都道４０７号）,補９９,－,１０月５日（火）,晴,自動車類下り小型車,138,256,316,281,295,280,344,358,369,416,395,417,3865,-,,
６０４５０中央区日本橋本石町４－１,４６０１３,特例都道丸の内室町線（都道４０７号）,補９９,－,１０月５日（火）,晴,自動車類下り計,166,282,364,342,341,318,373,396,409,450,430,437,4308,-,,
６０４５０中央区日本橋本石町４－１,４６０１３,特例都道丸の内室町線（都道４０７号）,補９９,－,１０月５日（火）,晴,自動車類合計大型車,111,69,104,115,95,78,63,70,67,55,54,38,919,-,,
６０４５０中央区日本橋本石町４－１,４６０１３,特例都道丸の内室町線（都道４０７号）,補９９,－,１０月５日（火）,晴,自動車類合計小型車,431,699,715,649,655,603,649,762,758,771,755,721,8168,-,,
６０４５０中央区日本橋本石町４－１,４６０１３,特例都道丸の内室町線（都道４０７号）,補９９,－,１０月５日（火）,晴,自動車類合計計,542,768,819,764,750,681,712,832,825,826,809,759,9087,-,,
６０４５０中央区日本橋本石町４－１,４６０１３,特例都道丸の内室町線（都道４０７号）,補９９,－,１０月５日（火）,晴,二輪車類,11,13,12,11,10,12,10,12,12,12,14,13,142,,,
６０４５０中央区日本橋本石町４－１,４６０１３,特例都道丸の内室町線（都道４０７号）,補９９,－,１０月５日（火）,晴,自転車類,42,120,93,73,80,52,73,60,60,59,54,79,845,,,
６０４５０中央区日本橋本石町４－１,４６０１３,特例都道丸の内室町線（都道４０７号）,補９９,－,１０月５日（火）,晴,歩行者類,266,544,330,209,309,701,264,199,232,195,363,561,4173,,,
