﻿観測地点,Ｈ１７区間番号,路線名,都市計画路線名,通称道路名,調査日,天候,ピーク時間交通量（台／ｈ）,ピーク率（％）,混雑時平均旅行速度（ｋｍ／ｈ）,大型車台数（台／１２ｈ）,混入率（％）,混雑度,昼夜率,車線数,５８年度（台／１２ｈ）,６０年度（台／１２ｈ）,６３年度（台／１２ｈ）,２年度（台／１２ｈ）,６年度（台／１２ｈ）,９年度（台／１２ｈ）,１１年度（台／１２ｈ）,１７年度（台／１２ｈ）,２２年度（台／１２ｈ）
６３００東京都江戸川区北葛西１丁目,５１５,首都高速葛飾江戸川線,高速葛飾江戸川線,（首都高速中央環状線）,１１月１６日（火）,晴,5851,10.0,21.6,21547,36.7,1.12,1.49,4,-,-,59411,64619,59954,64140,66345,64343,58782
,,,,,,,,,,,,,,,,,,,,,,,
観測地点,Ｈ１７区間番号,路線名,都市計画路線名,通称道路名,調査日,天候,時間・種別,７～８,８～９,９～１０,１０～１１,１１～１２,１２～１３,１３～１４,１４～１５,１５～１６,１６～１７,１７～１８,１８～１９,１２ｈ計,２４ｈ計,,
６３００東京都江戸川区北葛西１丁目,５１５,首都高速葛飾江戸川線,高速葛飾江戸川線,（首都高速中央環状線）,１１月１６日（火）,晴,自動車類上り大型車,733,861,1255,735,683,1006,773,930,881,841,576,372,9646,15535,,
６３００東京都江戸川区北葛西１丁目,５１５,首都高速葛飾江戸川線,高速葛飾江戸川線,（首都高速中央環状線）,１１月１６日（火）,晴,自動車類上り小型車,1616,1784,1416,790,813,1156,1176,1374,1669,1853,1785,1080,16512,24041,,
６３００東京都江戸川区北葛西１丁目,５１５,首都高速葛飾江戸川線,高速葛飾江戸川線,（首都高速中央環状線）,１１月１６日（火）,晴,自動車類上り計,2349,2645,2671,1525,1496,2162,1949,2304,2550,2694,2361,1452,26158,39576,,
６３００東京都江戸川区北葛西１丁目,５１５,首都高速葛飾江戸川線,高速葛飾江戸川線,（首都高速中央環状線）,１１月１６日（火）,晴,自動車類下り大型車,741,837,1160,1187,1082,1324,1222,999,1010,890,795,654,11901,19258,,
６３００東京都江戸川区北葛西１丁目,５１５,首都高速葛飾江戸川線,高速葛飾江戸川線,（首都高速中央環状線）,１１月１６日（火）,晴,自動車類下り小型車,2527,2369,1835,1296,1230,1395,1402,1446,1471,1827,2101,1824,20723,28566,,
６３００東京都江戸川区北葛西１丁目,５１５,首都高速葛飾江戸川線,高速葛飾江戸川線,（首都高速中央環状線）,１１月１６日（火）,晴,自動車類下り計,3268,3206,2995,2483,2312,2719,2624,2445,2481,2717,2896,2478,32624,47824,,
６３００東京都江戸川区北葛西１丁目,５１５,首都高速葛飾江戸川線,高速葛飾江戸川線,（首都高速中央環状線）,１１月１６日（火）,晴,自動車類合計大型車,1474,1698,2415,1922,1765,2330,1995,1929,1891,1731,1371,1026,21547,34793,,
６３００東京都江戸川区北葛西１丁目,５１５,首都高速葛飾江戸川線,高速葛飾江戸川線,（首都高速中央環状線）,１１月１６日（火）,晴,自動車類合計小型車,4143,4153,3251,2086,2043,2551,2578,2820,3140,3680,3886,2904,37235,52607,,
６３００東京都江戸川区北葛西１丁目,５１５,首都高速葛飾江戸川線,高速葛飾江戸川線,（首都高速中央環状線）,１１月１６日（火）,晴,自動車類合計計,5617,5851,5666,4008,3808,4881,4573,4749,5031,5411,5257,3930,58782,87400,,
６３００東京都江戸川区北葛西１丁目,５１５,首都高速葛飾江戸川線,高速葛飾江戸川線,（首都高速中央環状線）,１１月１６日（火）,晴,二輪車類,-,-,-,-,-,-,-,-,-,-,-,-,-,,,
６３００東京都江戸川区北葛西１丁目,５１５,首都高速葛飾江戸川線,高速葛飾江戸川線,（首都高速中央環状線）,１１月１６日（火）,晴,自転車類,-,-,-,-,-,-,-,-,-,-,-,-,-,,,
６３００東京都江戸川区北葛西１丁目,５１５,首都高速葛飾江戸川線,高速葛飾江戸川線,（首都高速中央環状線）,１１月１６日（火）,晴,歩行者類,-,-,-,-,-,-,-,-,-,-,-,-,-,,,
