﻿観測地点,Ｈ１７区間番号,路線名,都市計画路線名,通称道路名,調査日,天候,ピーク時間交通量（台／ｈ）,ピーク率（％）,混雑時平均旅行速度（ｋｍ／ｈ）,大型車台数（台／１２ｈ）,混入率（％）,混雑度,昼夜率,車線数,５８年度（台／１２ｈ）,６０年度（台／１２ｈ）,６３年度（台／１２ｈ）,２年度（台／１２ｈ）,６年度（台／１２ｈ）,９年度（台／１２ｈ）,１１年度（台／１２ｈ）,１７年度（台／１２ｈ）,２２年度（台／１２ｈ）
６０３０東京都江東区深川１丁目,５１３,首都高速九号線,高速９号線,（首都高速９号深川線）,１１月１６日（火）,晴,3533,9.2,17.7,9322,24.2,0.72,1.53,4,33905,41631,37259,39298,34080,39847,39482,39472,38480
,,,,,,,,,,,,,,,,,,,,,,,
観測地点,Ｈ１７区間番号,路線名,都市計画路線名,通称道路名,調査日,天候,時間・種別,７～８,８～９,９～１０,１０～１１,１１～１２,１２～１３,１３～１４,１４～１５,１５～１６,１６～１７,１７～１８,１８～１９,１２ｈ計,２４ｈ計,,
６０３０東京都江東区深川１丁目,５１３,首都高速九号線,高速９号線,（首都高速９号深川線）,１１月１６日（火）,晴,自動車類上り大型車,386,352,496,738,750,678,413,500,419,487,445,501,6165,10420,,
６０３０東京都江東区深川１丁目,５１３,首都高速九号線,高速９号線,（首都高速９号深川線）,１１月１６日（火）,晴,自動車類上り小型車,1710,1457,1106,1110,946,773,1224,1323,1419,1704,1578,1117,15467,22971,,
６０３０東京都江東区深川１丁目,５１３,首都高速九号線,高速９号線,（首都高速９号深川線）,１１月１６日（火）,晴,自動車類上り計,2096,1809,1602,1848,1696,1451,1637,1823,1838,2191,2023,1618,21632,33391,,
６０３０東京都江東区深川１丁目,５１３,首都高速九号線,高速９号線,（首都高速９号深川線）,１１月１６日（火）,晴,自動車類下り大型車,214,180,300,335,439,535,289,269,213,172,112,99,3157,5702,,
６０３０東京都江東区深川１丁目,５１３,首都高速九号線,高速９号線,（首都高速９号深川線）,１１月１６日（火）,晴,自動車類下り小型車,1223,1264,1252,1133,1092,1276,1237,1082,1119,1077,960,976,13691,19890,,
６０３０東京都江東区深川１丁目,５１３,首都高速九号線,高速９号線,（首都高速９号深川線）,１１月１６日（火）,晴,自動車類下り計,1437,1444,1552,1468,1531,1811,1526,1351,1332,1249,1072,1075,16848,25592,,
６０３０東京都江東区深川１丁目,５１３,首都高速九号線,高速９号線,（首都高速９号深川線）,１１月１６日（火）,晴,自動車類合計大型車,600,532,796,1073,1189,1213,702,769,632,659,557,600,9322,16122,,
６０３０東京都江東区深川１丁目,５１３,首都高速九号線,高速９号線,（首都高速９号深川線）,１１月１６日（火）,晴,自動車類合計小型車,2933,2721,2358,2243,2038,2049,2461,2405,2538,2781,2538,2093,29158,42861,,
６０３０東京都江東区深川１丁目,５１３,首都高速九号線,高速９号線,（首都高速９号深川線）,１１月１６日（火）,晴,自動車類合計計,3533,3253,3154,3316,3227,3262,3163,3174,3170,3440,3095,2693,38480,58983,,
６０３０東京都江東区深川１丁目,５１３,首都高速九号線,高速９号線,（首都高速９号深川線）,１１月１６日（火）,晴,二輪車類,-,-,-,-,-,-,-,-,-,-,-,-,-,,,
６０３０東京都江東区深川１丁目,５１３,首都高速九号線,高速９号線,（首都高速９号深川線）,１１月１６日（火）,晴,自転車類,-,-,-,-,-,-,-,-,-,-,-,-,-,,,
６０３０東京都江東区深川１丁目,５１３,首都高速九号線,高速９号線,（首都高速９号深川線）,１１月１６日（火）,晴,歩行者類,-,-,-,-,-,-,-,-,-,-,-,-,-,,,
