﻿観測地点,Ｈ１７区間番号,路線名,都市計画路線名,通称道路名,調査日,天候,ピーク時間交通量（台／ｈ）,ピーク率（％）,混雑時平均旅行速度（ｋｍ／ｈ）,大型車台数（台／１２ｈ）,混入率（％）,混雑度,昼夜率,車線数,５８年度（台／１２ｈ）,６０年度（台／１２ｈ）,６３年度（台／１２ｈ）,２年度（台／１２ｈ）,６年度（台／１２ｈ）,９年度（台／１２ｈ）,１１年度（台／１２ｈ）,１７年度（台／１２ｈ）,２２年度（台／１２ｈ）
５１６０東京都中央区日本橋１丁目,５０２,首都高速四号分岐線,高速４号分岐線,（首都高速都心環状線）,１１月１６日（火）,晴,6671,10.1,16.4,9801,14.9,1.11,1.61,4,68846,73242,61793,66190,60489,71125,71755,68360,65823
,,,,,,,,,,,,,,,,,,,,,,,
観測地点,Ｈ１７区間番号,路線名,都市計画路線名,通称道路名,調査日,天候,時間・種別,７～８,８～９,９～１０,１０～１１,１１～１２,１２～１３,１３～１４,１４～１５,１５～１６,１６～１７,１７～１８,１８～１９,１２ｈ計,２４ｈ計,,
５１６０東京都中央区日本橋１丁目,５０２,首都高速四号分岐線,高速４号分岐線,（首都高速都心環状線）,１１月１６日（火）,晴,自動車類上り大型車,377,418,497,478,485,393,349,359,355,354,263,223,4551,8463,,
５１６０東京都中央区日本橋１丁目,５０２,首都高速四号分岐線,高速４号分岐線,（首都高速都心環状線）,１１月１６日（火）,晴,自動車類上り小型車,2569,2640,2386,2088,1991,1820,2110,2119,2237,2201,2129,1947,26237,41241,,
５１６０東京都中央区日本橋１丁目,５０２,首都高速四号分岐線,高速４号分岐線,（首都高速都心環状線）,１１月１６日（火）,晴,自動車類上り計,2946,3058,2883,2566,2476,2213,2459,2478,2592,2555,2392,2170,30788,49704,,
５１６０東京都中央区日本橋１丁目,５０２,首都高速四号分岐線,高速４号分岐線,（首都高速都心環状線）,１１月１６日（火）,晴,自動車類下り大型車,348,369,646,587,501,513,473,539,485,402,197,190,5250,10153,,
５１６０東京都中央区日本橋１丁目,５０２,首都高速四号分岐線,高速４号分岐線,（首都高速都心環状線）,１１月１６日（火）,晴,自動車類下り小型車,2821,3244,2974,2160,2055,2461,2456,2434,2461,2598,2078,2043,29785,46136,,
５１６０東京都中央区日本橋１丁目,５０２,首都高速四号分岐線,高速４号分岐線,（首都高速都心環状線）,１１月１６日（火）,晴,自動車類下り計,3169,3613,3620,2747,2556,2974,2929,2973,2946,3000,2275,2233,35035,56289,,
５１６０東京都中央区日本橋１丁目,５０２,首都高速四号分岐線,高速４号分岐線,（首都高速都心環状線）,１１月１６日（火）,晴,自動車類合計大型車,725,787,1143,1065,986,906,822,898,840,756,460,413,9801,18616,,
５１６０東京都中央区日本橋１丁目,５０２,首都高速四号分岐線,高速４号分岐線,（首都高速都心環状線）,１１月１６日（火）,晴,自動車類合計小型車,5390,5884,5360,4248,4046,4281,4566,4553,4698,4799,4207,3990,56022,87377,,
５１６０東京都中央区日本橋１丁目,５０２,首都高速四号分岐線,高速４号分岐線,（首都高速都心環状線）,１１月１６日（火）,晴,自動車類合計計,6115,6671,6503,5313,5032,5187,5388,5451,5538,5555,4667,4403,65823,105993,,
５１６０東京都中央区日本橋１丁目,５０２,首都高速四号分岐線,高速４号分岐線,（首都高速都心環状線）,１１月１６日（火）,晴,二輪車類,-,-,-,-,-,-,-,-,-,-,-,-,-,,,
５１６０東京都中央区日本橋１丁目,５０２,首都高速四号分岐線,高速４号分岐線,（首都高速都心環状線）,１１月１６日（火）,晴,自転車類,-,-,-,-,-,-,-,-,-,-,-,-,-,,,
５１６０東京都中央区日本橋１丁目,５０２,首都高速四号分岐線,高速４号分岐線,（首都高速都心環状線）,１１月１６日（火）,晴,歩行者類,-,-,-,-,-,-,-,-,-,-,-,-,-,,,
