﻿観測地点,Ｈ１７区間番号,路線名,都市計画路線名,通称道路名,調査日,天候,ピーク時間交通量（台／ｈ）,ピーク率（％）,混雑時平均旅行速度（ｋｍ／ｈ）,大型車台数（台／１２ｈ）,混入率（％）,混雑度,昼夜率,車線数,５８年度（台／１２ｈ）,６０年度（台／１２ｈ）,６３年度（台／１２ｈ）,２年度（台／１２ｈ）,６年度（台／１２ｈ）,９年度（台／１２ｈ）,１１年度（台／１２ｈ）,１７年度（台／１２ｈ）,２２年度（台／１２ｈ）
４１３６０葛飾区東立石１－１３,４０６７,主要地方道千住小松川葛西沖線（都道３０８号）,補１４０,平和橋通り,１０月２０日（水）,曇,925,9.2,13.8,1548,15.4,0.6,-,2,13758,13343,14165,14420,14715,15105,13468,12590,10032
,,,,,,,,,,,,,,,,,,,,,,,
観測地点,Ｈ１７区間番号,路線名,都市計画路線名,通称道路名,調査日,天候,時間・種別,７～８,８～９,９～１０,１０～１１,１１～１２,１２～１３,１３～１４,１４～１５,１５～１６,１６～１７,１７～１８,１８～１９,１２ｈ計,２４ｈ計,,
４１３６０葛飾区東立石１－１３,４０６７,主要地方道千住小松川葛西沖線（都道３０８号）,補１４０,平和橋通り,１０月２０日（水）,曇,自動車類上り大型車,54,58,68,71,60,54,43,74,77,41,50,31,681,-,,
４１３６０葛飾区東立石１－１３,４０６７,主要地方道千住小松川葛西沖線（都道３０８号）,補１４０,平和橋通り,１０月２０日（水）,曇,自動車類上り小型車,301,358,351,320,324,312,332,345,327,364,366,319,4019,-,,
４１３６０葛飾区東立石１－１３,４０６７,主要地方道千住小松川葛西沖線（都道３０８号）,補１４０,平和橋通り,１０月２０日（水）,曇,自動車類上り計,355,416,419,391,384,366,375,419,404,405,416,350,4700,-,,
４１３６０葛飾区東立石１－１３,４０６７,主要地方道千住小松川葛西沖線（都道３０８号）,補１４０,平和橋通り,１０月２０日（水）,曇,自動車類下り大型車,78,106,98,89,87,64,68,69,71,68,45,24,867,-,,
４１３６０葛飾区東立石１－１３,４０６７,主要地方道千住小松川葛西沖線（都道３０８号）,補１４０,平和橋通り,１０月２０日（水）,曇,自動車類下り小型車,366,356,343,372,447,344,377,437,400,345,383,295,4465,-,,
４１３６０葛飾区東立石１－１３,４０６７,主要地方道千住小松川葛西沖線（都道３０８号）,補１４０,平和橋通り,１０月２０日（水）,曇,自動車類下り計,444,462,441,461,534,408,445,506,471,413,428,319,5332,-,,
４１３６０葛飾区東立石１－１３,４０６７,主要地方道千住小松川葛西沖線（都道３０８号）,補１４０,平和橋通り,１０月２０日（水）,曇,自動車類合計大型車,132,164,166,160,147,118,111,143,148,109,95,55,1548,-,,
４１３６０葛飾区東立石１－１３,４０６７,主要地方道千住小松川葛西沖線（都道３０８号）,補１４０,平和橋通り,１０月２０日（水）,曇,自動車類合計小型車,667,714,694,692,771,656,709,782,727,709,749,614,8484,-,,
４１３６０葛飾区東立石１－１３,４０６７,主要地方道千住小松川葛西沖線（都道３０８号）,補１４０,平和橋通り,１０月２０日（水）,曇,自動車類合計計,799,878,860,852,918,774,820,925,875,818,844,669,10032,-,,
４１３６０葛飾区東立石１－１３,４０６７,主要地方道千住小松川葛西沖線（都道３０８号）,補１４０,平和橋通り,１０月２０日（水）,曇,二輪車類,135,121,55,62,57,60,50,87,73,84,154,125,1063,,,
４１３６０葛飾区東立石１－１３,４０６７,主要地方道千住小松川葛西沖線（都道３０８号）,補１４０,平和橋通り,１０月２０日（水）,曇,自転車類,365,462,213,176,212,233,173,168,203,257,414,330,3206,,,
４１３６０葛飾区東立石１－１３,４０６７,主要地方道千住小松川葛西沖線（都道３０８号）,補１４０,平和橋通り,１０月２０日（水）,曇,歩行者類,65,76,60,32,55,51,45,63,43,57,114,72,733,,,
