﻿観測地点,Ｈ１７区間番号,路線名,都市計画路線名,通称道路名,調査日,天候,ピーク時間交通量（台／ｈ）,ピーク率（％）,混雑時平均旅行速度（ｋｍ／ｈ）,大型車台数（台／１２ｈ）,混入率（％）,混雑度,昼夜率,車線数,５８年度（台／１２ｈ）,６０年度（台／１２ｈ）,６３年度（台／１２ｈ）,２年度（台／１２ｈ）,６年度（台／１２ｈ）,９年度（台／１２ｈ）,１１年度（台／１２ｈ）,１７年度（台／１２ｈ）,２２年度（台／１２ｈ）
５８４０千葉県浦安市舞浜,３０５１５,高速湾岸線,高速湾岸線,（首都高速湾岸線）,１１月１６日（火）,晴,8853,9.6,62.3,27649,30.1,1.03,1.49,6,-,63829,64440,80845,70358,79385,83162,79457,91851
,,,,,,,,,,,,,,,,,,,,,,,
観測地点,Ｈ１７区間番号,路線名,都市計画路線名,通称道路名,調査日,天候,時間・種別,７～８,８～９,９～１０,１０～１１,１１～１２,１２～１３,１３～１４,１４～１５,１５～１６,１６～１７,１７～１８,１８～１９,１２ｈ計,２４ｈ計,,
５８４０千葉県浦安市舞浜,３０５１５,高速湾岸線,高速湾岸線,（首都高速湾岸線）,１１月１６日（火）,晴,自動車類上り大型車,948,1009,1300,1456,1452,1321,1185,1230,1240,1102,1070,927,14240,21907,,
５８４０千葉県浦安市舞浜,３０５１５,高速湾岸線,高速湾岸線,（首都高速湾岸線）,１１月１６日（火）,晴,自動車類上り小型車,2811,2721,2601,2420,2382,2485,2424,2348,2577,2608,3132,3032,31541,45466,,
５８４０千葉県浦安市舞浜,３０５１５,高速湾岸線,高速湾岸線,（首都高速湾岸線）,１１月１６日（火）,晴,自動車類上り計,3759,3730,3901,3876,3834,3806,3609,3578,3817,3710,4202,3959,45781,67373,,
５８４０千葉県浦安市舞浜,３０５１５,高速湾岸線,高速湾岸線,（首都高速湾岸線）,１１月１６日（火）,晴,自動車類下り大型車,960,1115,1424,1472,1314,1154,1040,1150,1081,1050,903,746,13409,21461,,
５８４０千葉県浦安市舞浜,３０５１５,高速湾岸線,高速湾岸線,（首都高速湾岸線）,１１月１６日（火）,晴,自動車類下り小型車,3731,3133,2295,2248,2041,1895,1977,2348,2851,3432,3748,2962,32661,48199,,
５８４０千葉県浦安市舞浜,３０５１５,高速湾岸線,高速湾岸線,（首都高速湾岸線）,１１月１６日（火）,晴,自動車類下り計,4691,4248,3719,3720,3355,3049,3017,3498,3932,4482,4651,3708,46070,69660,,
５８４０千葉県浦安市舞浜,３０５１５,高速湾岸線,高速湾岸線,（首都高速湾岸線）,１１月１６日（火）,晴,自動車類合計大型車,1908,2124,2724,2928,2766,2475,2225,2380,2321,2152,1973,1673,27649,43368,,
５８４０千葉県浦安市舞浜,３０５１５,高速湾岸線,高速湾岸線,（首都高速湾岸線）,１１月１６日（火）,晴,自動車類合計小型車,6542,5854,4896,4668,4423,4380,4401,4696,5428,6040,6880,5994,64202,93665,,
５８４０千葉県浦安市舞浜,３０５１５,高速湾岸線,高速湾岸線,（首都高速湾岸線）,１１月１６日（火）,晴,自動車類合計計,8450,7978,7620,7596,7189,6855,6626,7076,7749,8192,8853,7667,91851,137033,,
５８４０千葉県浦安市舞浜,３０５１５,高速湾岸線,高速湾岸線,（首都高速湾岸線）,１１月１６日（火）,晴,二輪車類,-,-,-,-,-,-,-,-,-,-,-,-,-,,,
５８４０千葉県浦安市舞浜,３０５１５,高速湾岸線,高速湾岸線,（首都高速湾岸線）,１１月１６日（火）,晴,自転車類,-,-,-,-,-,-,-,-,-,-,-,-,-,,,
５８４０千葉県浦安市舞浜,３０５１５,高速湾岸線,高速湾岸線,（首都高速湾岸線）,１１月１６日（火）,晴,歩行者類,-,-,-,-,-,-,-,-,-,-,-,-,-,,,
