﻿観測地点,Ｈ１７区間番号,路線名,都市計画路線名,通称道路名,調査日,天候,ピーク時間交通量（台／ｈ）,ピーク率（％）,混雑時平均旅行速度（ｋｍ／ｈ）,大型車台数（台／１２ｈ）,混入率（％）,混雑度,昼夜率,車線数,５８年度（台／１２ｈ）,６０年度（台／１２ｈ）,６３年度（台／１２ｈ）,２年度（台／１２ｈ）,６年度（台／１２ｈ）,９年度（台／１２ｈ）,１１年度（台／１２ｈ）,１７年度（台／１２ｈ）,２２年度（台／１２ｈ）
１０３５０東京都江戸川区篠崎８丁目,－,一般国道１４号（京葉道路）,放１５,京葉道路,１１月１０日（水）,晴,4157,9.1,23.1,8253,18.2,0.94,1.50,6,-,-,-,-,-,-,-,-,45459
,,,,,,,,,,,,,,,,,,,,,,,
観測地点,Ｈ１７区間番号,路線名,都市計画路線名,通称道路名,調査日,天候,時間・種別,７～８,８～９,９～１０,１０～１１,１１～１２,１２～１３,１３～１４,１４～１５,１５～１６,１６～１７,１７～１８,１８～１９,１２ｈ計,２４ｈ計,,
１０３５０東京都江戸川区篠崎８丁目,－,一般国道１４号（京葉道路）,放１５,京葉道路,１１月１０日（水）,晴,自動車類上り大型車,429,347,458,517,478,417,332,332,310,342,346,295,4603,6921,,
１０３５０東京都江戸川区篠崎８丁目,－,一般国道１４号（京葉道路）,放１５,京葉道路,１１月１０日（水）,晴,自動車類上り小型車,1816,1778,1716,1415,1370,1218,1290,1433,1538,1657,1852,1758,18841,28361,,
１０３５０東京都江戸川区篠崎８丁目,－,一般国道１４号（京葉道路）,放１５,京葉道路,１１月１０日（水）,晴,自動車類上り計,2245,2125,2174,1932,1848,1635,1622,1765,1848,1999,2198,2053,23444,35282,,
１０３５０東京都江戸川区篠崎８丁目,－,一般国道１４号（京葉道路）,放１５,京葉道路,１１月１０日（水）,晴,自動車類下り大型車,299,326,254,279,364,389,357,397,355,296,199,135,3650,4937,,
１０３５０東京都江戸川区篠崎８丁目,－,一般国道１４号（京葉道路）,放１５,京葉道路,１１月１０日（水）,晴,自動車類下り小型車,1613,1606,1613,1622,1309,1331,1428,1465,1528,1560,1759,1531,18365,27854,,
１０３５０東京都江戸川区篠崎８丁目,－,一般国道１４号（京葉道路）,放１５,京葉道路,１１月１０日（水）,晴,自動車類下り計,1912,1932,1867,1901,1673,1720,1785,1862,1883,1856,1958,1666,22015,32791,,
１０３５０東京都江戸川区篠崎８丁目,－,一般国道１４号（京葉道路）,放１５,京葉道路,１１月１０日（水）,晴,自動車類合計大型車,728,673,712,796,842,806,689,729,665,638,545,430,8253,11858,,
１０３５０東京都江戸川区篠崎８丁目,－,一般国道１４号（京葉道路）,放１５,京葉道路,１１月１０日（水）,晴,自動車類合計小型車,3429,3384,3329,3037,2679,2549,2718,2898,3066,3217,3611,3289,37206,56215,,
１０３５０東京都江戸川区篠崎８丁目,－,一般国道１４号（京葉道路）,放１５,京葉道路,１１月１０日（水）,晴,自動車類合計計,4157,4057,4041,3833,3521,3355,3407,3627,3731,3855,4156,3719,45459,68073,,
１０３５０東京都江戸川区篠崎８丁目,－,一般国道１４号（京葉道路）,放１５,京葉道路,１１月１０日（水）,晴,二輪車類,14,18,16,15,9,11,14,2,5,11,17,9,141,,,
１０３５０東京都江戸川区篠崎８丁目,－,一般国道１４号（京葉道路）,放１５,京葉道路,１１月１０日（水）,晴,自転車類,-,-,-,-,-,-,-,-,-,-,-,-,-,,,
１０３５０東京都江戸川区篠崎８丁目,－,一般国道１４号（京葉道路）,放１５,京葉道路,１１月１０日（水）,晴,歩行者類,-,-,-,-,-,-,-,-,-,-,-,-,-,,,
