﻿観測地点,Ｈ１７区間番号,路線名,都市計画路線名,通称道路名,調査日,天候,ピーク時間交通量（台／ｈ）,ピーク率（％）,混雑時平均旅行速度（ｋｍ／ｈ）,大型車台数（台／１２ｈ）,混入率（％）,混雑度,昼夜率,車線数,５８年度（台／１２ｈ）,６０年度（台／１２ｈ）,６３年度（台／１２ｈ）,２年度（台／１２ｈ）,６年度（台／１２ｈ）,９年度（台／１２ｈ）,１１年度（台／１２ｈ）,１７年度（台／１２ｈ）,２２年度（台／１２ｈ）
６２２０東京都足立区扇２丁目,５１６,高速葛飾川口線,高速足立線,（首都高速中央環状線）,１１月１６日（火）,晴,6133,9.0,27.4,14005,20.5,1.03,1.48,4,-,-,60695,69142,59461,62561,63312,63306,68215
,,,,,,,,,,,,,,,,,,,,,,,
観測地点,Ｈ１７区間番号,路線名,都市計画路線名,通称道路名,調査日,天候,時間・種別,７～８,８～９,９～１０,１０～１１,１１～１２,１２～１３,１３～１４,１４～１５,１５～１６,１６～１７,１７～１８,１８～１９,１２ｈ計,２４ｈ計,,
６２２０東京都足立区扇２丁目,５１６,高速葛飾川口線,高速足立線,（首都高速中央環状線）,１１月１６日（火）,晴,自動車類上り大型車,530,500,729,717,618,768,578,622,628,521,437,401,7049,10677,,
６２２０東京都足立区扇２丁目,５１６,高速葛飾川口線,高速足立線,（首都高速中央環状線）,１１月１６日（火）,晴,自動車類上り小型車,2408,2415,2315,2121,2018,2166,2026,2288,2385,2343,2278,2456,27219,39838,,
６２２０東京都足立区扇２丁目,５１６,高速葛飾川口線,高速足立線,（首都高速中央環状線）,１１月１６日（火）,晴,自動車類上り計,2938,2915,3044,2838,2636,2934,2604,2910,3013,2864,2715,2857,34268,50515,,
６２２０東京都足立区扇２丁目,５１６,高速葛飾川口線,高速足立線,（首都高速中央環状線）,１１月１６日（火）,晴,自動車類下り大型車,383,550,717,687,672,782,640,582,590,535,440,378,6956,10962,,
６２２０東京都足立区扇２丁目,５１６,高速葛飾川口線,高速足立線,（首都高速中央環状線）,１１月１６日（火）,晴,自動車類下り小型車,2345,2313,1895,1518,1777,2264,2084,2080,2491,2657,2669,2898,26991,39171,,
６２２０東京都足立区扇２丁目,５１６,高速葛飾川口線,高速足立線,（首都高速中央環状線）,１１月１６日（火）,晴,自動車類下り計,2728,2863,2612,2205,2449,3046,2724,2662,3081,3192,3109,3276,33947,50133,,
６２２０東京都足立区扇２丁目,５１６,高速葛飾川口線,高速足立線,（首都高速中央環状線）,１１月１６日（火）,晴,自動車類合計大型車,913,1050,1446,1404,1290,1550,1218,1204,1218,1056,877,779,14005,21639,,
６２２０東京都足立区扇２丁目,５１６,高速葛飾川口線,高速足立線,（首都高速中央環状線）,１１月１６日（火）,晴,自動車類合計小型車,4753,4728,4210,3639,3795,4430,4110,4368,4876,5000,4947,5354,54210,79009,,
６２２０東京都足立区扇２丁目,５１６,高速葛飾川口線,高速足立線,（首都高速中央環状線）,１１月１６日（火）,晴,自動車類合計計,5666,5778,5656,5043,5085,5980,5328,5572,6094,6056,5824,6133,68215,100648,,
６２２０東京都足立区扇２丁目,５１６,高速葛飾川口線,高速足立線,（首都高速中央環状線）,１１月１６日（火）,晴,二輪車類,-,-,-,-,-,-,-,-,-,-,-,-,-,,,
６２２０東京都足立区扇２丁目,５１６,高速葛飾川口線,高速足立線,（首都高速中央環状線）,１１月１６日（火）,晴,自転車類,-,-,-,-,-,-,-,-,-,-,-,-,-,,,
６２２０東京都足立区扇２丁目,５１６,高速葛飾川口線,高速足立線,（首都高速中央環状線）,１１月１６日（火）,晴,歩行者類,-,-,-,-,-,-,-,-,-,-,-,-,-,,,
