﻿観測地点,Ｈ１７区間番号,路線名,都市計画路線名,通称道路名,調査日,天候,ピーク時間交通量（台／ｈ）,ピーク率（％）,混雑時平均旅行速度（ｋｍ／ｈ）,大型車台数（台／１２ｈ）,混入率（％）,混雑度,昼夜率,車線数,５８年度（台／１２ｈ）,６０年度（台／１２ｈ）,６３年度（台／１２ｈ）,２年度（台／１２ｈ）,６年度（台／１２ｈ）,９年度（台／１２ｈ）,１１年度（台／１２ｈ）,１７年度（台／１２ｈ）,２２年度（台／１２ｈ）
５５８０東京都渋谷区幡ヶ谷２丁目,５０９,首都高速四号線,高速４号線,（首都高速４号新宿線）,１１月１６日（火）,晴,6654,9.5,40.4,7927,11.3,1.07,1.53,4,46531,53529,56407,55613,59712,60766,61178,58012,69949
,,,,,,,,,,,,,,,,,,,,,,,
観測地点,Ｈ１７区間番号,路線名,都市計画路線名,通称道路名,調査日,天候,時間・種別,７～８,８～９,９～１０,１０～１１,１１～１２,１２～１３,１３～１４,１４～１５,１５～１６,１６～１７,１７～１８,１８～１９,１２ｈ計,２４ｈ計,,
５５８０東京都渋谷区幡ヶ谷２丁目,５０９,首都高速四号線,高速４号線,（首都高速４号新宿線）,１１月１６日（火）,晴,自動車類上り大型車,266,247,399,495,372,353,310,354,315,290,232,238,3871,6804,,
５５８０東京都渋谷区幡ヶ谷２丁目,５０９,首都高速四号線,高速４号線,（首都高速４号新宿線）,１１月１６日（火）,晴,自動車類上り小型車,3268,3106,2747,2521,2221,2206,2185,2369,2592,2772,2791,2463,31241,44198,,
５５８０東京都渋谷区幡ヶ谷２丁目,５０９,首都高速四号線,高速４号線,（首都高速４号新宿線）,１１月１６日（火）,晴,自動車類上り計,3534,3353,3146,3016,2593,2559,2495,2723,2907,3062,3023,2701,35112,51002,,
５５８０東京都渋谷区幡ヶ谷２丁目,５０９,首都高速四号線,高速４号線,（首都高速４号新宿線）,１１月１６日（火）,晴,自動車類下り大型車,357,329,382,440,404,394,327,356,297,327,251,192,4056,7165,,
５５８０東京都渋谷区幡ヶ谷２丁目,５０９,首都高速四号線,高速４号線,（首都高速４号新宿線）,１１月１６日（火）,晴,自動車類下り小型車,2763,2649,2467,2539,2399,2290,2368,2354,2559,2754,2894,2745,30781,48887,,
５５８０東京都渋谷区幡ヶ谷２丁目,５０９,首都高速四号線,高速４号線,（首都高速４号新宿線）,１１月１６日（火）,晴,自動車類下り計,3120,2978,2849,2979,2803,2684,2695,2710,2856,3081,3145,2937,34837,56052,,
５５８０東京都渋谷区幡ヶ谷２丁目,５０９,首都高速四号線,高速４号線,（首都高速４号新宿線）,１１月１６日（火）,晴,自動車類合計大型車,623,576,781,935,776,747,637,710,612,617,483,430,7927,13969,,
５５８０東京都渋谷区幡ヶ谷２丁目,５０９,首都高速四号線,高速４号線,（首都高速４号新宿線）,１１月１６日（火）,晴,自動車類合計小型車,6031,5755,5214,5060,4620,4496,4553,4723,5151,5526,5685,5208,62022,93085,,
５５８０東京都渋谷区幡ヶ谷２丁目,５０９,首都高速四号線,高速４号線,（首都高速４号新宿線）,１１月１６日（火）,晴,自動車類合計計,6654,6331,5995,5995,5396,5243,5190,5433,5763,6143,6168,5638,69949,107054,,
５５８０東京都渋谷区幡ヶ谷２丁目,５０９,首都高速四号線,高速４号線,（首都高速４号新宿線）,１１月１６日（火）,晴,二輪車類,-,-,-,-,-,-,-,-,-,-,-,-,-,,,
５５８０東京都渋谷区幡ヶ谷２丁目,５０９,首都高速四号線,高速４号線,（首都高速４号新宿線）,１１月１６日（火）,晴,自転車類,-,-,-,-,-,-,-,-,-,-,-,-,-,,,
５５８０東京都渋谷区幡ヶ谷２丁目,５０９,首都高速四号線,高速４号線,（首都高速４号新宿線）,１１月１６日（火）,晴,歩行者類,-,-,-,-,-,-,-,-,-,-,-,-,-,,,
