﻿観測地点,Ｈ１７区間番号,路線名,都市計画路線名,通称道路名,調査日,天候,ピーク時間交通量（台／ｈ）,ピーク率（％）,混雑時平均旅行速度（ｋｍ／ｈ）,大型車台数（台／１２ｈ）,混入率（％）,混雑度,昼夜率,車線数,５８年度（台／１２ｈ）,６０年度（台／１２ｈ）,６３年度（台／１２ｈ）,２年度（台／１２ｈ）,６年度（台／１２ｈ）,９年度（台／１２ｈ）,１１年度（台／１２ｈ）,１７年度（台／１２ｈ）,２２年度（台／１２ｈ）
５４５０東京都港区西麻布４丁目,５０８,首都高速三号線,高速３号線,（首都高速３号渋谷線）,１１月１６日（火）,晴,5137,10.0,16,6663,13.0,0.88,1.70,4,52899,54676,60352,56323,55456,60445,54620,52184,51139
,,,,,,,,,,,,,,,,,,,,,,,
観測地点,Ｈ１７区間番号,路線名,都市計画路線名,通称道路名,調査日,天候,時間・種別,７～８,８～９,９～１０,１０～１１,１１～１２,１２～１３,１３～１４,１４～１５,１５～１６,１６～１７,１７～１８,１８～１９,１２ｈ計,２４ｈ計,,
５４５０東京都港区西麻布４丁目,５０８,首都高速三号線,高速３号線,（首都高速３号渋谷線）,１１月１６日（火）,晴,自動車類上り大型車,167,225,339,339,234,234,195,215,210,194,133,136,2621,7475,,
５４５０東京都港区西麻布４丁目,５０８,首都高速三号線,高速３号線,（首都高速３号渋谷線）,１１月１６日（火）,晴,自動車類上り小型車,1679,2702,2232,1670,1276,1511,1648,1875,1951,2109,1618,1432,21703,34258,,
５４５０東京都港区西麻布４丁目,５０８,首都高速三号線,高速３号線,（首都高速３号渋谷線）,１１月１６日（火）,晴,自動車類上り計,1846,2927,2571,2009,1510,1745,1843,2090,2161,2303,1751,1568,24324,41733,,
５４５０東京都港区西麻布４丁目,５０８,首都高速三号線,高速３号線,（首都高速３号渋谷線）,１１月１６日（火）,晴,自動車類下り大型車,353,303,374,359,303,360,337,344,396,367,274,272,4042,8528,,
５４５０東京都港区西麻布４丁目,５０８,首都高速三号線,高速３号線,（首都高速３号渋谷線）,１１月１６日（火）,晴,自動車類下り小型車,1848,1907,1944,1883,1541,1854,1876,1895,1900,2011,2010,2104,22773,36720,,
５４５０東京都港区西麻布４丁目,５０８,首都高速三号線,高速３号線,（首都高速３号渋谷線）,１１月１６日（火）,晴,自動車類下り計,2201,2210,2318,2242,1844,2214,2213,2239,2296,2378,2284,2376,26815,45248,,
５４５０東京都港区西麻布４丁目,５０８,首都高速三号線,高速３号線,（首都高速３号渋谷線）,１１月１６日（火）,晴,自動車類合計大型車,520,528,713,698,537,594,532,559,606,561,407,408,6663,16003,,
５４５０東京都港区西麻布４丁目,５０８,首都高速三号線,高速３号線,（首都高速３号渋谷線）,１１月１６日（火）,晴,自動車類合計小型車,3527,4609,4176,3553,2817,3365,3524,3770,3851,4120,3628,3536,44476,70978,,
５４５０東京都港区西麻布４丁目,５０８,首都高速三号線,高速３号線,（首都高速３号渋谷線）,１１月１６日（火）,晴,自動車類合計計,4047,5137,4889,4251,3354,3959,4056,4329,4457,4681,4035,3944,51139,86981,,
５４５０東京都港区西麻布４丁目,５０８,首都高速三号線,高速３号線,（首都高速３号渋谷線）,１１月１６日（火）,晴,二輪車類,-,-,-,-,-,-,-,-,-,-,-,-,-,,,
５４５０東京都港区西麻布４丁目,５０８,首都高速三号線,高速３号線,（首都高速３号渋谷線）,１１月１６日（火）,晴,自転車類,-,-,-,-,-,-,-,-,-,-,-,-,-,,,
５４５０東京都港区西麻布４丁目,５０８,首都高速三号線,高速３号線,（首都高速３号渋谷線）,１１月１６日（火）,晴,歩行者類,-,-,-,-,-,-,-,-,-,-,-,-,-,,,
