﻿観測地点,Ｈ１７区間番号,路線名,都市計画路線名,通称道路名,調査日,天候,ピーク時間交通量（台／ｈ）,ピーク率（％）,混雑時平均旅行速度（ｋｍ／ｈ）,大型車台数（台／１２ｈ）,混入率（％）,混雑度,昼夜率,車線数,５８年度（台／１２ｈ）,６０年度（台／１２ｈ）,６３年度（台／１２ｈ）,２年度（台／１２ｈ）,６年度（台／１２ｈ）,９年度（台／１２ｈ）,１１年度（台／１２ｈ）,１７年度（台／１２ｈ）,２２年度（台／１２ｈ）
５６７０東京都豊島区池袋４丁目,５１０,首都高速五号線,高速５号線,（首都高速５号池袋線）,１１月１６日（火）,晴,4871,9.0,24.3,7418,13.7,0.88,1.56,4,48678,48236,47376,49769,53953,56103,65791,64222,53987
,,,,,,,,,,,,,,,,,,,,,,,
観測地点,Ｈ１７区間番号,路線名,都市計画路線名,通称道路名,調査日,天候,時間・種別,７～８,８～９,９～１０,１０～１１,１１～１２,１２～１３,１３～１４,１４～１５,１５～１６,１６～１７,１７～１８,１８～１９,１２ｈ計,２４ｈ計,,
５６７０東京都豊島区池袋４丁目,５１０,首都高速五号線,高速５号線,（首都高速５号池袋線）,１１月１６日（火）,晴,自動車類上り大型車,238,305,402,609,351,175,287,313,322,209,181,150,3542,6531,,
５６７０東京都豊島区池袋４丁目,５１０,首都高速五号線,高速５号線,（首都高速５号池袋線）,１１月１６日（火）,晴,自動車類上り小型車,1968,2116,1660,1529,1138,1037,1408,1545,1738,1850,1697,1517,19203,28518,,
５６７０東京都豊島区池袋４丁目,５１０,首都高速五号線,高速５号線,（首都高速５号池袋線）,１１月１６日（火）,晴,自動車類上り計,2206,2421,2062,2138,1489,1212,1695,1858,2060,2059,1878,1667,22745,35049,,
５６７０東京都豊島区池袋４丁目,５１０,首都高速五号線,高速５号線,（首都高速５号池袋線）,１１月１６日（火）,晴,自動車類下り大型車,306,286,372,409,463,406,333,344,279,267,182,229,3876,7150,,
５６７０東京都豊島区池袋４丁目,５１０,首都高速五号線,高速５号線,（首都高速５号池袋線）,１１月１６日（火）,晴,自動車類下り小型車,1799,1918,1967,2255,2352,2229,2135,2315,2440,2545,2624,2787,27366,42203,,
５６７０東京都豊島区池袋４丁目,５１０,首都高速五号線,高速５号線,（首都高速５号池袋線）,１１月１６日（火）,晴,自動車類下り計,2105,2204,2339,2664,2815,2635,2468,2659,2719,2812,2806,3016,31242,49353,,
５６７０東京都豊島区池袋４丁目,５１０,首都高速五号線,高速５号線,（首都高速５号池袋線）,１１月１６日（火）,晴,自動車類合計大型車,544,591,774,1018,814,581,620,657,601,476,363,379,7418,13681,,
５６７０東京都豊島区池袋４丁目,５１０,首都高速五号線,高速５号線,（首都高速５号池袋線）,１１月１６日（火）,晴,自動車類合計小型車,3767,4034,3627,3784,3490,3266,3543,3860,4178,4395,4321,4304,46569,70721,,
５６７０東京都豊島区池袋４丁目,５１０,首都高速五号線,高速５号線,（首都高速５号池袋線）,１１月１６日（火）,晴,自動車類合計計,4311,4625,4401,4802,4304,3847,4163,4517,4779,4871,4684,4683,53987,84402,,
５６７０東京都豊島区池袋４丁目,５１０,首都高速五号線,高速５号線,（首都高速５号池袋線）,１１月１６日（火）,晴,二輪車類,-,-,-,-,-,-,-,-,-,-,-,-,-,,,
５６７０東京都豊島区池袋４丁目,５１０,首都高速五号線,高速５号線,（首都高速５号池袋線）,１１月１６日（火）,晴,自転車類,-,-,-,-,-,-,-,-,-,-,-,-,-,,,
５６７０東京都豊島区池袋４丁目,５１０,首都高速五号線,高速５号線,（首都高速５号池袋線）,１１月１６日（火）,晴,歩行者類,-,-,-,-,-,-,-,-,-,-,-,-,-,,,
