﻿観測地点,Ｈ１７区間番号,路線名,都市計画路線名,通称道路名,調査日,天候,ピーク時間交通量（台／ｈ）,ピーク率（％）,混雑時平均旅行速度（ｋｍ／ｈ）,大型車台数（台／１２ｈ）,混入率（％）,混雑度,昼夜率,車線数,５８年度（台／１２ｈ）,６０年度（台／１２ｈ）,６３年度（台／１２ｈ）,２年度（台／１２ｈ）,６年度（台／１２ｈ）,９年度（台／１２ｈ）,１１年度（台／１２ｈ）,１７年度（台／１２ｈ）,２２年度（台／１２ｈ）
１０３４０東京都江戸川区大杉３丁目,－,一般国道１４号（京葉道路）,放１５,京葉道路,１１月１０日（水）,晴,3343,8.9,21.6,7379,19.8,1.29,1.50,4,-,-,-,-,-,-,-,-,37357
,,,,,,,,,,,,,,,,,,,,,,,
観測地点,Ｈ１７区間番号,路線名,都市計画路線名,通称道路名,調査日,天候,時間・種別,７～８,８～９,９～１０,１０～１１,１１～１２,１２～１３,１３～１４,１４～１５,１５～１６,１６～１７,１７～１８,１８～１９,１２ｈ計,２４ｈ計,,
１０３４０東京都江戸川区大杉３丁目,－,一般国道１４号（京葉道路）,放１５,京葉道路,１１月１０日（水）,晴,自動車類上り大型車,284,280,304,376,327,354,290,310,246,250,207,192,3420,5260,,
１０３４０東京都江戸川区大杉３丁目,－,一般国道１４号（京葉道路）,放１５,京葉道路,１１月１０日（水）,晴,自動車類上り小型車,1094,1417,1242,1142,1142,1235,1201,1184,1274,1063,1119,1345,14458,21753,,
１０３４０東京都江戸川区大杉３丁目,－,一般国道１４号（京葉道路）,放１５,京葉道路,１１月１０日（水）,晴,自動車類上り計,1378,1697,1546,1518,1469,1589,1491,1494,1520,1313,1326,1537,17878,27013,,
１０３４０東京都江戸川区大杉３丁目,－,一般国道１４号（京葉道路）,放１５,京葉道路,１１月１０日（水）,晴,自動車類下り大型車,253,317,396,391,409,314,349,393,334,297,281,225,3959,5123,,
１０３４０東京都江戸川区大杉３丁目,－,一般国道１４号（京葉道路）,放１５,京葉道路,１１月１０日（水）,晴,自動車類下り小型車,1061,1220,1227,1244,1191,1237,1279,1335,1489,1447,1344,1446,15520,23865,,
１０３４０東京都江戸川区大杉３丁目,－,一般国道１４号（京葉道路）,放１５,京葉道路,１１月１０日（水）,晴,自動車類下り計,1314,1537,1623,1635,1600,1551,1628,1728,1823,1744,1625,1671,19479,28988,,
１０３４０東京都江戸川区大杉３丁目,－,一般国道１４号（京葉道路）,放１５,京葉道路,１１月１０日（水）,晴,自動車類合計大型車,537,597,700,767,736,668,639,703,580,547,488,417,7379,10383,,
１０３４０東京都江戸川区大杉３丁目,－,一般国道１４号（京葉道路）,放１５,京葉道路,１１月１０日（水）,晴,自動車類合計小型車,2155,2637,2469,2386,2333,2472,2480,2519,2763,2510,2463,2791,29978,45618,,
１０３４０東京都江戸川区大杉３丁目,－,一般国道１４号（京葉道路）,放１５,京葉道路,１１月１０日（水）,晴,自動車類合計計,2692,3234,3169,3153,3069,3140,3119,3222,3343,3057,2951,3208,37357,56001,,
１０３４０東京都江戸川区大杉３丁目,－,一般国道１４号（京葉道路）,放１５,京葉道路,１１月１０日（水）,晴,二輪車類,9,14,13,12,9,11,12,2,4,11,10,7,114,,,
１０３４０東京都江戸川区大杉３丁目,－,一般国道１４号（京葉道路）,放１５,京葉道路,１１月１０日（水）,晴,自転車類,-,-,-,-,-,-,-,-,-,-,-,-,-,,,
１０３４０東京都江戸川区大杉３丁目,－,一般国道１４号（京葉道路）,放１５,京葉道路,１１月１０日（水）,晴,歩行者類,-,-,-,-,-,-,-,-,-,-,-,-,-,,,
