﻿観測地点,Ｈ１７区間番号,路線名,都市計画路線名,通称道路名,調査日,天候,ピーク時間交通量（台／ｈ）,ピーク率（％）,混雑時平均旅行速度（ｋｍ／ｈ）,大型車台数（台／１２ｈ）,混入率（％）,混雑度,昼夜率,車線数,５８年度（台／１２ｈ）,６０年度（台／１２ｈ）,６３年度（台／１２ｈ）,２年度（台／１２ｈ）,６年度（台／１２ｈ）,９年度（台／１２ｈ）,１１年度（台／１２ｈ）,１７年度（台／１２ｈ）,２２年度（台／１２ｈ）
５９９０東京都墨田区立川１丁目,５１２,首都高速七号線,高速７号線,（首都高速７号小松川線）,１１月１６日（火）,晴,3001,9.3,9.4,3634,11.3,0.5,1.72,4,38316,32456,33257,30306,28994,31402,32759,30613,32276
,,,,,,,,,,,,,,,,,,,,,,,
観測地点,Ｈ１７区間番号,路線名,都市計画路線名,通称道路名,調査日,天候,時間・種別,７～８,８～９,９～１０,１０～１１,１１～１２,１２～１３,１３～１４,１４～１５,１５～１６,１６～１７,１７～１８,１８～１９,１２ｈ計,２４ｈ計,,
５９９０東京都墨田区立川１丁目,５１２,首都高速七号線,高速７号線,（首都高速７号小松川線）,１１月１６日（火）,晴,自動車類上り大型車,88,95,140,143,145,187,128,181,142,84,60,45,1438,2604,,
５９９０東京都墨田区立川１丁目,５１２,首都高速七号線,高速７号線,（首都高速７号小松川線）,１１月１６日（火）,晴,自動車類上り小型車,1421,1367,1225,966,1164,1285,1199,1326,1307,1196,1165,922,14543,23798,,
５９９０東京都墨田区立川１丁目,５１２,首都高速七号線,高速７号線,（首都高速７号小松川線）,１１月１６日（火）,晴,自動車類上り計,1509,1462,1365,1109,1309,1472,1327,1507,1449,1280,1225,967,15981,26402,,
５９９０東京都墨田区立川１丁目,５１２,首都高速七号線,高速７号線,（首都高速７号小松川線）,１１月１６日（火）,晴,自動車類下り大型車,191,177,215,213,201,193,222,220,207,150,101,106,2196,3734,,
５９９０東京都墨田区立川１丁目,５１２,首都高速七号線,高速７号線,（首都高速７号小松川線）,１１月１６日（火）,晴,自動車類下り小型車,1194,1135,1130,916,885,1079,1317,1274,1320,1349,1240,1260,14099,25408,,
５９９０東京都墨田区立川１丁目,５１２,首都高速七号線,高速７号線,（首都高速７号小松川線）,１１月１６日（火）,晴,自動車類下り計,1385,1312,1345,1129,1086,1272,1539,1494,1527,1499,1341,1366,16295,29142,,
５９９０東京都墨田区立川１丁目,５１２,首都高速七号線,高速７号線,（首都高速７号小松川線）,１１月１６日（火）,晴,自動車類合計大型車,279,272,355,356,346,380,350,401,349,234,161,151,3634,6338,,
５９９０東京都墨田区立川１丁目,５１２,首都高速七号線,高速７号線,（首都高速７号小松川線）,１１月１６日（火）,晴,自動車類合計小型車,2615,2502,2355,1882,2049,2364,2516,2600,2627,2545,2405,2182,28642,49206,,
５９９０東京都墨田区立川１丁目,５１２,首都高速七号線,高速７号線,（首都高速７号小松川線）,１１月１６日（火）,晴,自動車類合計計,2894,2774,2710,2238,2395,2744,2866,3001,2976,2779,2566,2333,32276,55544,,
５９９０東京都墨田区立川１丁目,５１２,首都高速七号線,高速７号線,（首都高速７号小松川線）,１１月１６日（火）,晴,二輪車類,-,-,-,-,-,-,-,-,-,-,-,-,-,,,
５９９０東京都墨田区立川１丁目,５１２,首都高速七号線,高速７号線,（首都高速７号小松川線）,１１月１６日（火）,晴,自転車類,-,-,-,-,-,-,-,-,-,-,-,-,-,,,
５９９０東京都墨田区立川１丁目,５１２,首都高速七号線,高速７号線,（首都高速７号小松川線）,１１月１６日（火）,晴,歩行者類,-,-,-,-,-,-,-,-,-,-,-,-,-,,,
