﻿観測地点,Ｈ１７区間番号,路線名,都市計画路線名,通称道路名,調査日,天候,ピーク時間交通量（台／ｈ）,ピーク率（％）,混雑時平均旅行速度（ｋｍ／ｈ）,大型車台数（台／１２ｈ）,混入率（％）,混雑度,昼夜率,車線数,５８年度（台／１２ｈ）,６０年度（台／１２ｈ）,６３年度（台／１２ｈ）,２年度（台／１２ｈ）,６年度（台／１２ｈ）,９年度（台／１２ｈ）,１１年度（台／１２ｈ）,１７年度（台／１２ｈ）,２２年度（台／１２ｈ）
５３１０東京都品川区勝島１丁目,５０５,首都高速一号線,高速１号線,（首都高速１号羽田線）,１１月１６日（火）,晴,4702,9.7,23.6,5963,12.2,0.86,1.55,4,44357,58859,31945,30032,27849,37903,38897,29890,48719
,,,,,,,,,,,,,,,,,,,,,,,
観測地点,Ｈ１７区間番号,路線名,都市計画路線名,通称道路名,調査日,天候,時間・種別,７～８,８～９,９～１０,１０～１１,１１～１２,１２～１３,１３～１４,１４～１５,１５～１６,１６～１７,１７～１８,１８～１９,１２ｈ計,２４ｈ計,,
５３１０東京都品川区勝島１丁目,５０５,首都高速一号線,高速１号線,（首都高速１号羽田線）,１１月１６日（火）,晴,自動車類上り大型車,347,309,367,368,360,315,370,337,311,246,159,170,3659,6883,,
５３１０東京都品川区勝島１丁目,５０５,首都高速一号線,高速１号線,（首都高速１号羽田線）,１１月１６日（火）,晴,自動車類上り小型車,2232,1827,1728,1547,1660,1627,2000,2190,2373,2014,1737,1863,22798,33745,,
５３１０東京都品川区勝島１丁目,５０５,首都高速一号線,高速１号線,（首都高速１号羽田線）,１１月１６日（火）,晴,自動車類上り計,2579,2136,2095,1915,2020,1942,2370,2527,2684,2260,1896,2033,26457,40628,,
５３１０東京都品川区勝島１丁目,５０５,首都高速一号線,高速１号線,（首都高速１号羽田線）,１１月１６日（火）,晴,自動車類下り大型車,145,137,204,285,256,292,209,188,203,180,94,111,2304,4376,,
５３１０東京都品川区勝島１丁目,５０５,首都高速一号線,高速１号線,（首都高速１号羽田線）,１１月１６日（火）,晴,自動車類下り小型車,1646,1616,1608,1652,1482,1720,1691,1697,1815,1708,1781,1542,19958,30489,,
５３１０東京都品川区勝島１丁目,５０５,首都高速一号線,高速１号線,（首都高速１号羽田線）,１１月１６日（火）,晴,自動車類下り計,1791,1753,1812,1937,1738,2012,1900,1885,2018,1888,1875,1653,22262,34865,,
５３１０東京都品川区勝島１丁目,５０５,首都高速一号線,高速１号線,（首都高速１号羽田線）,１１月１６日（火）,晴,自動車類合計大型車,492,446,571,653,616,607,579,525,514,426,253,281,5963,11259,,
５３１０東京都品川区勝島１丁目,５０５,首都高速一号線,高速１号線,（首都高速１号羽田線）,１１月１６日（火）,晴,自動車類合計小型車,3878,3443,3336,3199,3142,3347,3691,3887,4188,3722,3518,3405,42756,64234,,
５３１０東京都品川区勝島１丁目,５０５,首都高速一号線,高速１号線,（首都高速１号羽田線）,１１月１６日（火）,晴,自動車類合計計,4370,3889,3907,3852,3758,3954,4270,4412,4702,4148,3771,3686,48719,75493,,
５３１０東京都品川区勝島１丁目,５０５,首都高速一号線,高速１号線,（首都高速１号羽田線）,１１月１６日（火）,晴,二輪車類,-,-,-,-,-,-,-,-,-,-,-,-,-,,,
５３１０東京都品川区勝島１丁目,５０５,首都高速一号線,高速１号線,（首都高速１号羽田線）,１１月１６日（火）,晴,自転車類,-,-,-,-,-,-,-,-,-,-,-,-,-,,,
５３１０東京都品川区勝島１丁目,５０５,首都高速一号線,高速１号線,（首都高速１号羽田線）,１１月１６日（火）,晴,歩行者類,-,-,-,-,-,-,-,-,-,-,-,-,-,,,
