﻿観測地点,Ｈ１７区間番号,路線名,都市計画路線名,通称道路名,調査日,天候,ピーク時間交通量（台／ｈ）,ピーク率（％）,混雑時平均旅行速度（ｋｍ／ｈ）,大型車台数（台／１２ｈ）,混入率（％）,混雑度,昼夜率,車線数,５８年度（台／１２ｈ）,６０年度（台／１２ｈ）,６３年度（台／１２ｈ）,２年度（台／１２ｈ）,６年度（台／１２ｈ）,９年度（台／１２ｈ）,１１年度（台／１２ｈ）,１７年度（台／１２ｈ）,２２年度（台／１２ｈ）
５８００東京都江東区有明３丁目,５１４,高速湾岸線,高速湾岸線,（首都高速湾岸線）,１１月１６日（火）,晴,10381,9.3,48.6,28085,25.2,1.26,1.48,6,20520,26768,46869,51932,61329,82414,85317,81869,111280
,,,,,,,,,,,,,,,,,,,,,,,
観測地点,Ｈ１７区間番号,路線名,都市計画路線名,通称道路名,調査日,天候,時間・種別,７～８,８～９,９～１０,１０～１１,１１～１２,１２～１３,１３～１４,１４～１５,１５～１６,１６～１７,１７～１８,１８～１９,１２ｈ計,２４ｈ計,,
５８００東京都江東区有明３丁目,５１４,高速湾岸線,高速湾岸線,（首都高速湾岸線）,１１月１６日（火）,晴,自動車類上り大型車,893,1099,1618,1551,1458,1267,1148,1403,1244,1201,1002,839,14723,23467,,
５８００東京都江東区有明３丁目,５１４,高速湾岸線,高速湾岸線,（首都高速湾岸線）,１１月１６日（火）,晴,自動車類上り小型車,3475,3834,3578,3364,3274,2940,2901,3223,3670,3948,4610,4229,43046,60725,,
５８００東京都江東区有明３丁目,５１４,高速湾岸線,高速湾岸線,（首都高速湾岸線）,１１月１６日（火）,晴,自動車類上り計,4368,4933,5196,4915,4732,4207,4049,4626,4914,5149,5612,5068,57769,84192,,
５８００東京都江東区有明３丁目,５１４,高速湾岸線,高速湾岸線,（首都高速湾岸線）,１１月１６日（火）,晴,自動車類下り大型車,936,1051,1374,1406,1480,1458,1231,1090,977,893,783,683,13362,21307,,
５８００東京都江東区有明３丁目,５１４,高速湾岸線,高速湾岸線,（首都高速湾岸線）,１１月１６日（火）,晴,自動車類下り小型車,4676,4144,3187,2972,2869,2786,2744,2818,2983,3473,3986,3511,40149,59108,,
５８００東京都江東区有明３丁目,５１４,高速湾岸線,高速湾岸線,（首都高速湾岸線）,１１月１６日（火）,晴,自動車類下り計,5612,5195,4561,4378,4349,4244,3975,3908,3960,4366,4769,4194,53511,80415,,
５８００東京都江東区有明３丁目,５１４,高速湾岸線,高速湾岸線,（首都高速湾岸線）,１１月１６日（火）,晴,自動車類合計大型車,1829,2150,2992,2957,2938,2725,2379,2493,2221,2094,1785,1522,28085,44774,,
５８００東京都江東区有明３丁目,５１４,高速湾岸線,高速湾岸線,（首都高速湾岸線）,１１月１６日（火）,晴,自動車類合計小型車,8151,7978,6765,6336,6143,5726,5645,6041,6653,7421,8596,7740,83195,119833,,
５８００東京都江東区有明３丁目,５１４,高速湾岸線,高速湾岸線,（首都高速湾岸線）,１１月１６日（火）,晴,自動車類合計計,9980,10128,9757,9293,9081,8451,8024,8534,8874,9515,10381,9262,111280,164607,,
５８００東京都江東区有明３丁目,５１４,高速湾岸線,高速湾岸線,（首都高速湾岸線）,１１月１６日（火）,晴,二輪車類,-,-,-,-,-,-,-,-,-,-,-,-,-,,,
５８００東京都江東区有明３丁目,５１４,高速湾岸線,高速湾岸線,（首都高速湾岸線）,１１月１６日（火）,晴,自転車類,-,-,-,-,-,-,-,-,-,-,-,-,-,,,
５８００東京都江東区有明３丁目,５１４,高速湾岸線,高速湾岸線,（首都高速湾岸線）,１１月１６日（火）,晴,歩行者類,-,-,-,-,-,-,-,-,-,-,-,-,-,,,
