﻿観測地点,Ｈ１７区間番号,路線名,都市計画路線名,通称道路名,調査日,天候,ピーク時間交通量（台／ｈ）,ピーク率（％）,混雑時平均旅行速度（ｋｍ／ｈ）,大型車台数（台／１２ｈ）,混入率（％）,混雑度,昼夜率,車線数,５８年度（台／１２ｈ）,６０年度（台／１２ｈ）,６３年度（台／１２ｈ）,２年度（台／１２ｈ）,６年度（台／１２ｈ）,９年度（台／１２ｈ）,１１年度（台／１２ｈ）,１７年度（台／１２ｈ）,２２年度（台／１２ｈ）
６０３９０文京区湯島１－４,６０１５,特例都道外濠環状線（都道４０５号）,環２,外堀通り,１０月５日（火）,晴,1185,9.1,17,1632,12.5,0.8,-,4,28930,27352,29720,27114,28816,24651,25544,27626,13012
,,,,,,,,,,,,,,,,,,,,,,,
観測地点,Ｈ１７区間番号,路線名,都市計画路線名,通称道路名,調査日,天候,時間・種別,７～８,８～９,９～１０,１０～１１,１１～１２,１２～１３,１３～１４,１４～１５,１５～１６,１６～１７,１７～１８,１８～１９,１２ｈ計,２４ｈ計,,
６０３９０文京区湯島１－４,６０１５,特例都道外濠環状線（都道４０５号）,環２,外堀通り,１０月５日（火）,晴,自動車類上り大型車,81,88,118,94,76,55,65,64,58,36,35,37,807,-,,
６０３９０文京区湯島１－４,６０１５,特例都道外濠環状線（都道４０５号）,環２,外堀通り,１０月５日（火）,晴,自動車類上り小型車,279,438,462,455,421,412,460,482,489,456,541,408,5303,-,,
６０３９０文京区湯島１－４,６０１５,特例都道外濠環状線（都道４０５号）,環２,外堀通り,１０月５日（火）,晴,自動車類上り計,360,526,580,549,497,467,525,546,547,492,576,445,6110,-,,
６０３９０文京区湯島１－４,６０１５,特例都道外濠環状線（都道４０５号）,環２,外堀通り,１０月５日（火）,晴,自動車類下り大型車,60,101,105,79,77,63,78,55,66,61,46,34,825,-,,
６０３９０文京区湯島１－４,６０１５,特例都道外濠環状線（都道４０５号）,環２,外堀通り,１０月５日（火）,晴,自動車類下り小型車,396,481,446,516,539,526,505,543,572,567,499,487,6077,-,,
６０３９０文京区湯島１－４,６０１５,特例都道外濠環状線（都道４０５号）,環２,外堀通り,１０月５日（火）,晴,自動車類下り計,456,582,551,595,616,589,583,598,638,628,545,521,6902,-,,
６０３９０文京区湯島１－４,６０１５,特例都道外濠環状線（都道４０５号）,環２,外堀通り,１０月５日（火）,晴,自動車類合計大型車,141,189,223,173,153,118,143,119,124,97,81,71,1632,-,,
６０３９０文京区湯島１－４,６０１５,特例都道外濠環状線（都道４０５号）,環２,外堀通り,１０月５日（火）,晴,自動車類合計小型車,675,919,908,971,960,938,965,1025,1061,1023,1040,895,11380,-,,
６０３９０文京区湯島１－４,６０１５,特例都道外濠環状線（都道４０５号）,環２,外堀通り,１０月５日（火）,晴,自動車類合計計,816,1108,1131,1144,1113,1056,1108,1144,1185,1120,1121,966,13012,-,,
６０３９０文京区湯島１－４,６０１５,特例都道外濠環状線（都道４０５号）,環２,外堀通り,１０月５日（火）,晴,二輪車類,-,-,-,-,-,-,-,-,-,-,-,-,-,,,
６０３９０文京区湯島１－４,６０１５,特例都道外濠環状線（都道４０５号）,環２,外堀通り,１０月５日（火）,晴,自転車類,-,-,-,-,-,-,-,-,-,-,-,-,-,,,
６０３９０文京区湯島１－４,６０１５,特例都道外濠環状線（都道４０５号）,環２,外堀通り,１０月５日（火）,晴,歩行者類,-,-,-,-,-,-,-,-,-,-,-,-,-,,,
