﻿観測地点,Ｈ１７区間番号,路線名,都市計画路線名,通称道路名,調査日,天候,ピーク時間交通量（台／ｈ）,ピーク率（％）,混雑時平均旅行速度（ｋｍ／ｈ）,大型車台数（台／１２ｈ）,混入率（％）,混雑度,昼夜率,車線数,５８年度（台／１２ｈ）,６０年度（台／１２ｈ）,６３年度（台／１２ｈ）,２年度（台／１２ｈ）,６年度（台／１２ｈ）,９年度（台／１２ｈ）,１１年度（台／１２ｈ）,１７年度（台／１２ｈ）,２２年度（台／１２ｈ）
５２２０東京都芝区１丁目,５０４,首都高速二号線,高速２号線,（首都高速都心環状線）,１１月１６日（火）,晴,7363,9.3,32.6,9437,11.9,1.16,1.57,4,70181,66994,75177,70151,75749,74966,81025,76863,79522
,,,,,,,,,,,,,,,,,,,,,,,
観測地点,Ｈ１７区間番号,路線名,都市計画路線名,通称道路名,調査日,天候,時間・種別,７～８,８～９,９～１０,１０～１１,１１～１２,１２～１３,１３～１４,１４～１５,１５～１６,１６～１７,１７～１８,１８～１９,１２ｈ計,２４ｈ計,,
５２２０東京都芝区１丁目,５０４,首都高速二号線,高速２号線,（首都高速都心環状線）,１１月１６日（火）,晴,自動車類上り大型車,320,349,516,676,337,402,452,446,420,377,324,336,4955,10365,,
５２２０東京都芝区１丁目,５０４,首都高速二号線,高速２号線,（首都高速都心環状線）,１１月１６日（火）,晴,自動車類上り小型車,3320,3371,3126,2891,1716,2248,3059,3086,3211,3191,3177,3196,35592,55075,,
５２２０東京都芝区１丁目,５０４,首都高速二号線,高速２号線,（首都高速都心環状線）,１１月１６日（火）,晴,自動車類上り計,3640,3720,3642,3567,2053,2650,3511,3532,3631,3568,3501,3532,40547,65440,,
５２２０東京都芝区１丁目,５０４,首都高速二号線,高速２号線,（首都高速都心環状線）,１１月１６日（火）,晴,自動車類下り大型車,403,329,423,419,409,459,390,379,419,344,229,279,4482,8160,,
５２２０東京都芝区１丁目,５０４,首都高速二号線,高速２号線,（首都高速都心環状線）,１１月１６日（火）,晴,自動車類下り小型車,3283,3314,2910,2582,2317,2555,2985,2920,2978,2937,2721,2991,34493,51034,,
５２２０東京都芝区１丁目,５０４,首都高速二号線,高速２号線,（首都高速都心環状線）,１１月１６日（火）,晴,自動車類下り計,3686,3643,3333,3001,2726,3014,3375,3299,3397,3281,2950,3270,38975,59194,,
５２２０東京都芝区１丁目,５０４,首都高速二号線,高速２号線,（首都高速都心環状線）,１１月１６日（火）,晴,自動車類合計大型車,723,678,939,1095,746,861,842,825,839,721,553,615,9437,18525,,
５２２０東京都芝区１丁目,５０４,首都高速二号線,高速２号線,（首都高速都心環状線）,１１月１６日（火）,晴,自動車類合計小型車,6603,6685,6036,5473,4033,4803,6044,6006,6189,6128,5898,6187,70085,106109,,
５２２０東京都芝区１丁目,５０４,首都高速二号線,高速２号線,（首都高速都心環状線）,１１月１６日（火）,晴,自動車類合計計,7326,7363,6975,6568,4779,5664,6886,6831,7028,6849,6451,6802,79522,124634,,
５２２０東京都芝区１丁目,５０４,首都高速二号線,高速２号線,（首都高速都心環状線）,１１月１６日（火）,晴,二輪車類,-,-,-,-,-,-,-,-,-,-,-,-,-,,,
５２２０東京都芝区１丁目,５０４,首都高速二号線,高速２号線,（首都高速都心環状線）,１１月１６日（火）,晴,自転車類,-,-,-,-,-,-,-,-,-,-,-,-,-,,,
５２２０東京都芝区１丁目,５０４,首都高速二号線,高速２号線,（首都高速都心環状線）,１１月１６日（火）,晴,歩行者類,-,-,-,-,-,-,-,-,-,-,-,-,-,,,
