﻿観測地点,Ｈ１７区間番号,路線名,都市計画路線名,通称道路名,調査日,天候,ピーク時間交通量（台／ｈ）,ピーク率（％）,混雑時平均旅行速度（ｋｍ／ｈ）,大型車台数（台／１２ｈ）,混入率（％）,混雑度,昼夜率,車線数,５８年度（台／１２ｈ）,６０年度（台／１２ｈ）,６３年度（台／１２ｈ）,２年度（台／１２ｈ）,６年度（台／１２ｈ）,９年度（台／１２ｈ）,１１年度（台／１２ｈ）,１７年度（台／１２ｈ）,２２年度（台／１２ｈ）
５３５０東京都大田区大森南５丁目,５０５,首都高速一号線,高速１号線,（首都高速１号羽田線）,１１月１６日（火）,晴,6044,9.5,68.7,11310,17.8,1.07,1.53,4,44357,58859,31945,30032,27849,37903,38897,29890,63658
,,,,,,,,,,,,,,,,,,,,,,,
観測地点,Ｈ１７区間番号,路線名,都市計画路線名,通称道路名,調査日,天候,時間・種別,７～８,８～９,９～１０,１０～１１,１１～１２,１２～１３,１３～１４,１４～１５,１５～１６,１６～１７,１７～１８,１８～１９,１２ｈ計,２４ｈ計,,
５３５０東京都大田区大森南５丁目,５０５,首都高速一号線,高速１号線,（首都高速１号羽田線）,１１月１６日（火）,晴,自動車類上り大型車,401,442,538,595,547,425,364,512,448,354,320,256,5202,7951,,
５３５０東京都大田区大森南５丁目,５０５,首都高速一号線,高速１号線,（首都高速１号羽田線）,１１月１６日（火）,晴,自動車類上り小型車,3002,2606,1988,1739,1845,1787,1761,2025,2173,2117,2288,1737,25068,39540,,
５３５０東京都大田区大森南５丁目,５０５,首都高速一号線,高速１号線,（首都高速１号羽田線）,１１月１６日（火）,晴,自動車類上り計,3403,3048,2526,2334,2392,2212,2125,2537,2621,2471,2608,1993,30270,47491,,
５３５０東京都大田区大森南５丁目,５０５,首都高速一号線,高速１号線,（首都高速１号羽田線）,１１月１６日（火）,晴,自動車類下り大型車,407,447,608,596,767,573,541,568,542,467,338,254,6108,9643,,
５３５０東京都大田区大森南５丁目,５０５,首都高速一号線,高速１号線,（首都高速１号羽田線）,１１月１６日（火）,晴,自動車類下り小型車,2234,2222,2052,2161,2062,2110,2133,2141,2425,2458,2828,2454,27280,40507,,
５３５０東京都大田区大森南５丁目,５０５,首都高速一号線,高速１号線,（首都高速１号羽田線）,１１月１６日（火）,晴,自動車類下り計,2641,2669,2660,2757,2829,2683,2674,2709,2967,2925,3166,2708,33388,50150,,
５３５０東京都大田区大森南５丁目,５０５,首都高速一号線,高速１号線,（首都高速１号羽田線）,１１月１６日（火）,晴,自動車類合計大型車,808,889,1146,1191,1314,998,905,1080,990,821,658,510,11310,17594,,
５３５０東京都大田区大森南５丁目,５０５,首都高速一号線,高速１号線,（首都高速１号羽田線）,１１月１６日（火）,晴,自動車類合計小型車,5236,4828,4040,3900,3907,3897,3894,4166,4598,4575,5116,4191,52348,80047,,
５３５０東京都大田区大森南５丁目,５０５,首都高速一号線,高速１号線,（首都高速１号羽田線）,１１月１６日（火）,晴,自動車類合計計,6044,5717,5186,5091,5221,4895,4799,5246,5588,5396,5774,4701,63658,97641,,
５３５０東京都大田区大森南５丁目,５０５,首都高速一号線,高速１号線,（首都高速１号羽田線）,１１月１６日（火）,晴,二輪車類,-,-,-,-,-,-,-,-,-,-,-,-,-,,,
５３５０東京都大田区大森南５丁目,５０５,首都高速一号線,高速１号線,（首都高速１号羽田線）,１１月１６日（火）,晴,自転車類,-,-,-,-,-,-,-,-,-,-,-,-,-,,,
５３５０東京都大田区大森南５丁目,５０５,首都高速一号線,高速１号線,（首都高速１号羽田線）,１１月１６日（火）,晴,歩行者類,-,-,-,-,-,-,-,-,-,-,-,-,-,,,
