﻿観測地点,Ｈ１７区間番号,路線名,都市計画路線名,通称道路名,調査日,天候,ピーク時間交通量（台／ｈ）,ピーク率（％）,混雑時平均旅行速度（ｋｍ／ｈ）,大型車台数（台／１２ｈ）,混入率（％）,混雑度,昼夜率,車線数,５８年度（台／１２ｈ）,６０年度（台／１２ｈ）,６３年度（台／１２ｈ）,２年度（台／１２ｈ）,６年度（台／１２ｈ）,９年度（台／１２ｈ）,１１年度（台／１２ｈ）,１７年度（台／１２ｈ）,２２年度（台／１２ｈ）
６１２３０杉並区大宮１－１８,６０４１,特例都道高円寺砧浄水場線（都道４２８号）,－,（荒玉水道道路）,１０月２０日（水）,曇,174,10.0,16.5,113,6.5,0.85,-,1,2990,2767,2649,3265,4270,3244,3244,2580,1738
,,,,,,,,,,,,,,,,,,,,,,,
観測地点,Ｈ１７区間番号,路線名,都市計画路線名,通称道路名,調査日,天候,時間・種別,７～８,８～９,９～１０,１０～１１,１１～１２,１２～１３,１３～１４,１４～１５,１５～１６,１６～１７,１７～１８,１８～１９,１２ｈ計,２４ｈ計,,
６１２３０杉並区大宮１－１８,６０４１,特例都道高円寺砧浄水場線（都道４２８号）,－,（荒玉水道道路）,１０月２０日（水）,曇,自動車類上り大型車,4,8,4,5,5,8,5,3,6,4,3,0,55,-,,
６１２３０杉並区大宮１－１８,６０４１,特例都道高円寺砧浄水場線（都道４２８号）,－,（荒玉水道道路）,１０月２０日（水）,曇,自動車類上り小型車,77,61,61,60,61,44,53,52,71,72,67,70,749,-,,
６１２３０杉並区大宮１－１８,６０４１,特例都道高円寺砧浄水場線（都道４２８号）,－,（荒玉水道道路）,１０月２０日（水）,曇,自動車類上り計,81,69,65,65,66,52,58,55,77,76,70,70,804,-,,
６１２３０杉並区大宮１－１８,６０４１,特例都道高円寺砧浄水場線（都道４２８号）,－,（荒玉水道道路）,１０月２０日（水）,曇,自動車類下り大型車,10,3,2,5,5,10,5,5,3,3,5,2,58,-,,
６１２３０杉並区大宮１－１８,６０４１,特例都道高円寺砧浄水場線（都道４２８号）,－,（荒玉水道道路）,１０月２０日（水）,曇,自動車類下り小型車,83,98,92,68,69,60,58,64,68,72,77,67,876,-,,
６１２３０杉並区大宮１－１８,６０４１,特例都道高円寺砧浄水場線（都道４２８号）,－,（荒玉水道道路）,１０月２０日（水）,曇,自動車類下り計,93,101,94,73,74,70,63,69,71,75,82,69,934,-,,
６１２３０杉並区大宮１－１８,６０４１,特例都道高円寺砧浄水場線（都道４２８号）,－,（荒玉水道道路）,１０月２０日（水）,曇,自動車類合計大型車,14,11,6,10,10,18,10,8,9,7,8,2,113,-,,
６１２３０杉並区大宮１－１８,６０４１,特例都道高円寺砧浄水場線（都道４２８号）,－,（荒玉水道道路）,１０月２０日（水）,曇,自動車類合計小型車,160,159,153,128,130,104,111,116,139,144,144,137,1625,-,,
６１２３０杉並区大宮１－１８,６０４１,特例都道高円寺砧浄水場線（都道４２８号）,－,（荒玉水道道路）,１０月２０日（水）,曇,自動車類合計計,174,170,159,138,140,122,121,124,148,151,152,139,1738,-,,
６１２３０杉並区大宮１－１８,６０４１,特例都道高円寺砧浄水場線（都道４２８号）,－,（荒玉水道道路）,１０月２０日（水）,曇,二輪車類,20,21,16,12,14,21,23,15,18,19,29,25,233,,,
６１２３０杉並区大宮１－１８,６０４１,特例都道高円寺砧浄水場線（都道４２８号）,－,（荒玉水道道路）,１０月２０日（水）,曇,自転車類,95,137,106,52,49,61,47,59,98,80,92,85,961,,,
６１２３０杉並区大宮１－１８,６０４１,特例都道高円寺砧浄水場線（都道４２８号）,－,（荒玉水道道路）,１０月２０日（水）,曇,歩行者類,29,42,30,18,12,12,8,17,35,18,15,13,249,,,
