﻿観測地点,Ｈ１７区間番号,路線名,都市計画路線名,通称道路名,調査日,天候,ピーク時間交通量（台／ｈ）,ピーク率（％）,混雑時平均旅行速度（ｋｍ／ｈ）,大型車台数（台／１２ｈ）,混入率（％）,混雑度,昼夜率,車線数,５８年度（台／１２ｈ）,６０年度（台／１２ｈ）,６３年度（台／１２ｈ）,２年度（台／１２ｈ）,６年度（台／１２ｈ）,９年度（台／１２ｈ）,１１年度（台／１２ｈ）,１７年度（台／１２ｈ）,２２年度（台／１２ｈ）
６０２７０練馬区下石神井４－１－３,６０１２,一般都道杉並田無線（都道２４５号）,補７６,新青梅街道,１０月７日（木）,晴,1373,8.9,16.1,2219,14.4,1.47,-,2,14233,13535,13429,13935,15061,13985,14841,13393,15418
,,,,,,,,,,,,,,,,,,,,,,,
観測地点,Ｈ１７区間番号,路線名,都市計画路線名,通称道路名,調査日,天候,時間・種別,７～８,８～９,９～１０,１０～１１,１１～１２,１２～１３,１３～１４,１４～１５,１５～１６,１６～１７,１７～１８,１８～１９,１２ｈ計,２４ｈ計,,
６０２７０練馬区下石神井４－１－３,６０１２,一般都道杉並田無線（都道２４５号）,補７６,新青梅街道,１０月７日（木）,晴,自動車類上り大型車,90,120,128,128,120,87,87,120,88,77,43,24,1112,-,,
６０２７０練馬区下石神井４－１－３,６０１２,一般都道杉並田無線（都道２４５号）,補７６,新青梅街道,１０月７日（木）,晴,自動車類上り小型車,668,578,639,606,588,528,630,477,576,677,605,513,7085,-,,
６０２７０練馬区下石神井４－１－３,６０１２,一般都道杉並田無線（都道２４５号）,補７６,新青梅街道,１０月７日（木）,晴,自動車類上り計,758,698,767,734,708,615,717,597,664,754,648,537,8197,-,,
６０２７０練馬区下石神井４－１－３,６０１２,一般都道杉並田無線（都道２４５号）,補７６,新青梅街道,１０月７日（木）,晴,自動車類下り大型車,119,88,111,121,110,82,106,96,84,55,73,62,1107,-,,
６０２７０練馬区下石神井４－１－３,６０１２,一般都道杉並田無線（都道２４５号）,補７６,新青梅街道,１０月７日（木）,晴,自動車類下り小型車,423,444,429,460,441,387,550,553,584,555,610,678,6114,-,,
６０２７０練馬区下石神井４－１－３,６０１２,一般都道杉並田無線（都道２４５号）,補７６,新青梅街道,１０月７日（木）,晴,自動車類下り計,542,532,540,581,551,469,656,649,668,610,683,740,7221,-,,
６０２７０練馬区下石神井４－１－３,６０１２,一般都道杉並田無線（都道２４５号）,補７６,新青梅街道,１０月７日（木）,晴,自動車類合計大型車,209,208,239,249,230,169,193,216,172,132,116,86,2219,-,,
６０２７０練馬区下石神井４－１－３,６０１２,一般都道杉並田無線（都道２４５号）,補７６,新青梅街道,１０月７日（木）,晴,自動車類合計小型車,1091,1022,1068,1066,1029,915,1180,1030,1160,1232,1215,1191,13199,-,,
６０２７０練馬区下石神井４－１－３,６０１２,一般都道杉並田無線（都道２４５号）,補７６,新青梅街道,１０月７日（木）,晴,自動車類合計計,1300,1230,1307,1315,1259,1084,1373,1246,1332,1364,1331,1277,15418,-,,
６０２７０練馬区下石神井４－１－３,６０１２,一般都道杉並田無線（都道２４５号）,補７６,新青梅街道,１０月７日（木）,晴,二輪車類,155,174,90,72,60,46,87,79,59,44,129,172,1167,,,
６０２７０練馬区下石神井４－１－３,６０１２,一般都道杉並田無線（都道２４５号）,補７６,新青梅街道,１０月７日（木）,晴,自転車類,122,136,92,95,86,60,88,68,68,99,113,105,1132,,,
６０２７０練馬区下石神井４－１－３,６０１２,一般都道杉並田無線（都道２４５号）,補７６,新青梅街道,１０月７日（木）,晴,歩行者類,14,17,17,15,36,37,31,26,11,34,45,64,347,,,
