﻿観測地点,Ｈ１７区間番号,路線名,都市計画路線名,通称道路名,調査日,天候,ピーク時間交通量（台／ｈ）,ピーク率（％）,混雑時平均旅行速度（ｋｍ／ｈ）,大型車台数（台／１２ｈ）,混入率（％）,混雑度,昼夜率,車線数,５８年度（台／１２ｈ）,６０年度（台／１２ｈ）,６３年度（台／１２ｈ）,２年度（台／１２ｈ）,６年度（台／１２ｈ）,９年度（台／１２ｈ）,１１年度（台／１２ｈ）,１７年度（台／１２ｈ）,２２年度（台／１２ｈ）
５１３０東京都千代田区北の丸公園,５０２,首都高速四号線,高速４号線,（首都高速都心環状線）,１１月１６日（火）,晴,6296,9.8,29.1,7495,11.7,1.05,1.54,4,68846,73242,61793,66190,60489,71125,71755,68360,64105
,,,,,,,,,,,,,,,,,,,,,,,
観測地点,Ｈ１７区間番号,路線名,都市計画路線名,通称道路名,調査日,天候,時間・種別,７～８,８～９,９～１０,１０～１１,１１～１２,１２～１３,１３～１４,１４～１５,１５～１６,１６～１７,１７～１８,１８～１９,１２ｈ計,２４ｈ計,,
５１３０東京都千代田区北の丸公園,５０２,首都高速四号線,高速４号線,（首都高速都心環状線）,１１月１６日（火）,晴,自動車類上り大型車,294,325,404,414,354,327,308,310,256,295,240,194,3721,7566,,
５１３０東京都千代田区北の丸公園,５０２,首都高速四号線,高速４号線,（首都高速都心環状線）,１１月１６日（火）,晴,自動車類上り小型車,2445,2496,2467,2022,1822,2070,2069,2060,1889,2101,2250,1935,25626,39428,,
５１３０東京都千代田区北の丸公園,５０２,首都高速四号線,高速４号線,（首都高速都心環状線）,１１月１６日（火）,晴,自動車類上り計,2739,2821,2871,2436,2176,2397,2377,2370,2145,2396,2490,2129,29347,46994,,
５１３０東京都千代田区北の丸公園,５０２,首都高速四号線,高速４号線,（首都高速都心環状線）,１１月１６日（火）,晴,自動車類下り大型車,214,273,479,487,417,508,271,326,248,256,140,155,3774,6788,,
５１３０東京都千代田区北の丸公園,５０２,首都高速四号線,高速４号線,（首都高速都心環状線）,１１月１６日（火）,晴,自動車類下り小型車,2552,3202,2788,2532,2303,2692,2283,2421,2475,2779,2683,2274,30984,44842,,
５１３０東京都千代田区北の丸公園,５０２,首都高速四号線,高速４号線,（首都高速都心環状線）,１１月１６日（火）,晴,自動車類下り計,2766,3475,3267,3019,2720,3200,2554,2747,2723,3035,2823,2429,34758,51630,,
５１３０東京都千代田区北の丸公園,５０２,首都高速四号線,高速４号線,（首都高速都心環状線）,１１月１６日（火）,晴,自動車類合計大型車,508,598,883,901,771,835,579,636,504,551,380,349,7495,14354,,
５１３０東京都千代田区北の丸公園,５０２,首都高速四号線,高速４号線,（首都高速都心環状線）,１１月１６日（火）,晴,自動車類合計小型車,4997,5698,5255,4554,4125,4762,4352,4481,4364,4880,4933,4209,56610,84270,,
５１３０東京都千代田区北の丸公園,５０２,首都高速四号線,高速４号線,（首都高速都心環状線）,１１月１６日（火）,晴,自動車類合計計,5505,6296,6138,5455,4896,5597,4931,5117,4868,5431,5313,4558,64105,98624,,
５１３０東京都千代田区北の丸公園,５０２,首都高速四号線,高速４号線,（首都高速都心環状線）,１１月１６日（火）,晴,二輪車類,-,-,-,-,-,-,-,-,-,-,-,-,-,,,
５１３０東京都千代田区北の丸公園,５０２,首都高速四号線,高速４号線,（首都高速都心環状線）,１１月１６日（火）,晴,自転車類,-,-,-,-,-,-,-,-,-,-,-,-,-,,,
５１３０東京都千代田区北の丸公園,５０２,首都高速四号線,高速４号線,（首都高速都心環状線）,１１月１６日（火）,晴,歩行者類,-,-,-,-,-,-,-,-,-,-,-,-,-,,,
