﻿観測地点,Ｈ１７区間番号,路線名,都市計画路線名,通称道路名,調査日,天候,ピーク時間交通量（台／ｈ）,ピーク率（％）,混雑時平均旅行速度（ｋｍ／ｈ）,大型車台数（台／１２ｈ）,混入率（％）,混雑度,昼夜率,車線数,５８年度（台／１２ｈ）,６０年度（台／１２ｈ）,６３年度（台／１２ｈ）,２年度（台／１２ｈ）,６年度（台／１２ｈ）,９年度（台／１２ｈ）,１１年度（台／１２ｈ）,１７年度（台／１２ｈ）,２２年度（台／１２ｈ）
６０５０東京都江東区木場２丁目,５１３,首都高速九号線,高速９号線,（首都高速９号深川線）,１１月１６日（火）,晴,3079,9.1,18,8191,24.3,0.65,1.47,4,33905,41631,37259,39298,34080,39847,39482,39472,33704
,,,,,,,,,,,,,,,,,,,,,,,
観測地点,Ｈ１７区間番号,路線名,都市計画路線名,通称道路名,調査日,天候,時間・種別,７～８,８～９,９～１０,１０～１１,１１～１２,１２～１３,１３～１４,１４～１５,１５～１６,１６～１７,１７～１８,１８～１９,１２ｈ計,２４ｈ計,,
６０５０東京都江東区木場２丁目,５１３,首都高速九号線,高速９号線,（首都高速９号深川線）,１１月１６日（火）,晴,自動車類上り大型車,327,313,443,667,673,487,340,434,325,453,438,480,5380,8526,,
６０５０東京都江東区木場２丁目,５１３,首都高速九号線,高速９号線,（首都高速９号深川線）,１１月１６日（火）,晴,自動車類上り小型車,1610,1472,884,929,812,727,992,1109,1304,1611,1527,1152,14129,20305,,
６０５０東京都江東区木場２丁目,５１３,首都高速九号線,高速９号線,（首都高速９号深川線）,１１月１６日（火）,晴,自動車類上り計,1937,1785,1327,1596,1485,1214,1332,1543,1629,2064,1965,1632,19509,28831,,
６０５０東京都江東区木場２丁目,５１３,首都高速九号線,高速９号線,（首都高速９号深川線）,１１月１６日（火）,晴,自動車類下り大型車,174,160,270,324,407,498,246,227,182,150,96,77,2811,4566,,
６０５０東京都江東区木場２丁目,５１３,首都高速九号線,高速９号線,（首都高速９号深川線）,１１月１６日（火）,晴,自動車類下り小型車,968,989,1095,998,973,1133,1037,847,818,827,834,865,11384,16265,,
６０５０東京都江東区木場２丁目,５１３,首都高速九号線,高速９号線,（首都高速９号深川線）,１１月１６日（火）,晴,自動車類下り計,1142,1149,1365,1322,1380,1631,1283,1074,1000,977,930,942,14195,20831,,
６０５０東京都江東区木場２丁目,５１３,首都高速九号線,高速９号線,（首都高速９号深川線）,１１月１６日（火）,晴,自動車類合計大型車,501,473,713,991,1080,985,586,661,507,603,534,557,8191,13092,,
６０５０東京都江東区木場２丁目,５１３,首都高速九号線,高速９号線,（首都高速９号深川線）,１１月１６日（火）,晴,自動車類合計小型車,2578,2461,1979,1927,1785,1860,2029,1956,2122,2438,2361,2017,25513,36570,,
６０５０東京都江東区木場２丁目,５１３,首都高速九号線,高速９号線,（首都高速９号深川線）,１１月１６日（火）,晴,自動車類合計計,3079,2934,2692,2918,2865,2845,2615,2617,2629,3041,2895,2574,33704,49662,,
６０５０東京都江東区木場２丁目,５１３,首都高速九号線,高速９号線,（首都高速９号深川線）,１１月１６日（火）,晴,二輪車類,-,-,-,-,-,-,-,-,-,-,-,-,-,,,
６０５０東京都江東区木場２丁目,５１３,首都高速九号線,高速９号線,（首都高速９号深川線）,１１月１６日（火）,晴,自転車類,-,-,-,-,-,-,-,-,-,-,-,-,-,,,
６０５０東京都江東区木場２丁目,５１３,首都高速九号線,高速９号線,（首都高速９号深川線）,１１月１６日（火）,晴,歩行者類,-,-,-,-,-,-,-,-,-,-,-,-,-,,,
