﻿観測地点,Ｈ１７区間番号,路線名,都市計画路線名,通称道路名,調査日,天候,ピーク時間交通量（台／ｈ）,ピーク率（％）,混雑時平均旅行速度（ｋｍ／ｈ）,大型車台数（台／１２ｈ）,混入率（％）,混雑度,昼夜率,車線数,５８年度（台／１２ｈ）,６０年度（台／１２ｈ）,６３年度（台／１２ｈ）,２年度（台／１２ｈ）,６年度（台／１２ｈ）,９年度（台／１２ｈ）,１１年度（台／１２ｈ）,１７年度（台／１２ｈ）,２２年度（台／１２ｈ）
６３４０東京都足立区入谷７丁目,３０５０２,高速葛飾川口線,高速足立線,（首都高速川口線）,１１月１６日（火）,晴,5442,9.1,25.6,16908,28.1,1.01,1.46,4,-,-,39903,39401,50547,55265,55550,53697,60128
,,,,,,,,,,,,,,,,,,,,,,,
観測地点,Ｈ１７区間番号,路線名,都市計画路線名,通称道路名,調査日,天候,時間・種別,７～８,８～９,９～１０,１０～１１,１１～１２,１２～１３,１３～１４,１４～１５,１５～１６,１６～１７,１７～１８,１８～１９,１２ｈ計,２４ｈ計,,
６３４０東京都足立区入谷７丁目,３０５０２,高速葛飾川口線,高速足立線,（首都高速川口線）,１１月１６日（火）,晴,自動車類上り大型車,412,626,915,941,677,920,748,696,729,632,537,519,8352,13544,,
６３４０東京都足立区入谷７丁目,３０５０２,高速葛飾川口線,高速足立線,（首都高速川口線）,１１月１６日（火）,晴,自動車類上り小型車,1899,1936,1476,1245,894,1499,1442,1661,2003,2372,2425,2143,20995,29430,,
６３４０東京都足立区入谷７丁目,３０５０２,高速葛飾川口線,高速足立線,（首都高速川口線）,１１月１６日（火）,晴,自動車類上り計,2311,2562,2391,2186,1571,2419,2190,2357,2732,3004,2962,2662,29347,42974,,
６３４０東京都足立区入谷７丁目,３０５０２,高速葛飾川口線,高速足立線,（首都高速川口線）,１１月１６日（火）,晴,自動車類下り大型車,641,586,861,906,847,919,639,728,715,689,530,495,8556,13762,,
６３４０東京都足立区入谷７丁目,３０５０２,高速葛飾川口線,高速足立線,（首都高速川口線）,１１月１６日（火）,晴,自動車類下り小型車,1865,2053,2046,2039,1941,1697,1611,1538,1674,1749,1863,2149,22225,31022,,
６３４０東京都足立区入谷７丁目,３０５０２,高速葛飾川口線,高速足立線,（首都高速川口線）,１１月１６日（火）,晴,自動車類下り計,2506,2639,2907,2945,2788,2616,2250,2266,2389,2438,2393,2644,30781,44784,,
６３４０東京都足立区入谷７丁目,３０５０２,高速葛飾川口線,高速足立線,（首都高速川口線）,１１月１６日（火）,晴,自動車類合計大型車,1053,1212,1776,1847,1524,1839,1387,1424,1444,1321,1067,1014,16908,27306,,
６３４０東京都足立区入谷７丁目,３０５０２,高速葛飾川口線,高速足立線,（首都高速川口線）,１１月１６日（火）,晴,自動車類合計小型車,3764,3989,3522,3284,2835,3196,3053,3199,3677,4121,4288,4292,43220,60452,,
６３４０東京都足立区入谷７丁目,３０５０２,高速葛飾川口線,高速足立線,（首都高速川口線）,１１月１６日（火）,晴,自動車類合計計,4817,5201,5298,5131,4359,5035,4440,4623,5121,5442,5355,5306,60128,87758,,
６３４０東京都足立区入谷７丁目,３０５０２,高速葛飾川口線,高速足立線,（首都高速川口線）,１１月１６日（火）,晴,二輪車類,-,-,-,-,-,-,-,-,-,-,-,-,-,,,
６３４０東京都足立区入谷７丁目,３０５０２,高速葛飾川口線,高速足立線,（首都高速川口線）,１１月１６日（火）,晴,自転車類,-,-,-,-,-,-,-,-,-,-,-,-,-,,,
６３４０東京都足立区入谷７丁目,３０５０２,高速葛飾川口線,高速足立線,（首都高速川口線）,１１月１６日（火）,晴,歩行者類,-,-,-,-,-,-,-,-,-,-,-,-,-,,,
