﻿観測地点,Ｈ１７区間番号,路線名,都市計画路線名,通称道路名,調査日,天候,ピーク時間交通量（台／ｈ）,ピーク率（％）,混雑時平均旅行速度（ｋｍ／ｈ）,大型車台数（台／１２ｈ）,混入率（％）,混雑度,昼夜率,車線数,５８年度（台／１２ｈ）,６０年度（台／１２ｈ）,６３年度（台／１２ｈ）,２年度（台／１２ｈ）,６年度（台／１２ｈ）,９年度（台／１２ｈ）,１１年度（台／１２ｈ）,１７年度（台／１２ｈ）,２２年度（台／１２ｈ）
４０７７０荒川区西日暮里６－５２－４,４０３６,主要地方道台東鳩ヶ谷線（都道５８号）,放１１,尾久橋通り,９月３０日（木）,雨,1722,9.6,11.6,2634,14.7,0.91,-,4,27493,26899,26985,29184,26903,24880,25603,21248,17957
,,,,,,,,,,,,,,,,,,,,,,,
観測地点,Ｈ１７区間番号,路線名,都市計画路線名,通称道路名,調査日,天候,時間・種別,７～８,８～９,９～１０,１０～１１,１１～１２,１２～１３,１３～１４,１４～１５,１５～１６,１６～１７,１７～１８,１８～１９,１２ｈ計,２４ｈ計,,
４０７７０荒川区西日暮里６－５２－４,４０３６,主要地方道台東鳩ヶ谷線（都道５８号）,放１１,尾久橋通り,９月３０日（木）,雨,自動車類上り大型車,188,194,152,111,121,120,102,83,71,61,54,36,1293,-,,
４０７７０荒川区西日暮里６－５２－４,４０３６,主要地方道台東鳩ヶ谷線（都道５８号）,放１１,尾久橋通り,９月３０日（木）,雨,自動車類上り小型車,879,951,688,643,633,631,640,737,622,654,688,685,8451,-,,
４０７７０荒川区西日暮里６－５２－４,４０３６,主要地方道台東鳩ヶ谷線（都道５８号）,放１１,尾久橋通り,９月３０日（木）,雨,自動車類上り計,1067,1145,840,754,754,751,742,820,693,715,742,721,9744,-,,
４０７７０荒川区西日暮里６－５２－４,４０３６,主要地方道台東鳩ヶ谷線（都道５８号）,放１１,尾久橋通り,９月３０日（木）,雨,自動車類下り大型車,97,116,141,114,110,132,154,119,95,86,95,82,1341,-,,
４０７７０荒川区西日暮里６－５２－４,４０３６,主要地方道台東鳩ヶ谷線（都道５８号）,放１１,尾久橋通り,９月３０日（木）,雨,自動車類下り小型車,345,461,555,572,536,558,611,694,620,570,637,713,6872,-,,
４０７７０荒川区西日暮里６－５２－４,４０３６,主要地方道台東鳩ヶ谷線（都道５８号）,放１１,尾久橋通り,９月３０日（木）,雨,自動車類下り計,442,577,696,686,646,690,765,813,715,656,732,795,8213,-,,
４０７７０荒川区西日暮里６－５２－４,４０３６,主要地方道台東鳩ヶ谷線（都道５８号）,放１１,尾久橋通り,９月３０日（木）,雨,自動車類合計大型車,285,310,293,225,231,252,256,202,166,147,149,118,2634,-,,
４０７７０荒川区西日暮里６－５２－４,４０３６,主要地方道台東鳩ヶ谷線（都道５８号）,放１１,尾久橋通り,９月３０日（木）,雨,自動車類合計小型車,1224,1412,1243,1215,1169,1189,1251,1431,1242,1224,1325,1398,15323,-,,
４０７７０荒川区西日暮里６－５２－４,４０３６,主要地方道台東鳩ヶ谷線（都道５８号）,放１１,尾久橋通り,９月３０日（木）,雨,自動車類合計計,1509,1722,1536,1440,1400,1441,1507,1633,1408,1371,1474,1516,17957,-,,
４０７７０荒川区西日暮里６－５２－４,４０３６,主要地方道台東鳩ヶ谷線（都道５８号）,放１１,尾久橋通り,９月３０日（木）,雨,二輪車類,-,-,-,-,-,-,-,-,-,-,-,-,-,,,
４０７７０荒川区西日暮里６－５２－４,４０３６,主要地方道台東鳩ヶ谷線（都道５８号）,放１１,尾久橋通り,９月３０日（木）,雨,自転車類,-,-,-,-,-,-,-,-,-,-,-,-,-,,,
４０７７０荒川区西日暮里６－５２－４,４０３６,主要地方道台東鳩ヶ谷線（都道５８号）,放１１,尾久橋通り,９月３０日（木）,雨,歩行者類,-,-,-,-,-,-,-,-,-,-,-,-,-,,,
