﻿観測地点,Ｈ１７区間番号,路線名,都市計画路線名,通称道路名,調査日,天候,ピーク時間交通量（台／ｈ）,ピーク率（％）,混雑時平均旅行速度（ｋｍ／ｈ）,大型車台数（台／１２ｈ）,混入率（％）,混雑度,昼夜率,車線数,５８年度（台／１２ｈ）,６０年度（台／１２ｈ）,６３年度（台／１２ｈ）,２年度（台／１２ｈ）,６年度（台／１２ｈ）,９年度（台／１２ｈ）,１１年度（台／１２ｈ）,１７年度（台／１２ｈ）,２２年度（台／１２ｈ）
４０７９０荒川区東尾久８－２５,４０３７,主要地方道台東鳩ヶ谷線（都道５８号）,放１１,尾久橋通り,９月３０日（木）,雨,2795,9.3,12.5,4340,14.4,1.57,-,4,26861,24519,26579,27000,29744,30485,29022,26568,30191
,,,,,,,,,,,,,,,,,,,,,,,
観測地点,Ｈ１７区間番号,路線名,都市計画路線名,通称道路名,調査日,天候,時間・種別,７～８,８～９,９～１０,１０～１１,１１～１２,１２～１３,１３～１４,１４～１５,１５～１６,１６～１７,１７～１８,１８～１９,１２ｈ計,２４ｈ計,,
４０７９０荒川区東尾久８－２５,４０３７,主要地方道台東鳩ヶ谷線（都道５８号）,放１１,尾久橋通り,９月３０日（木）,雨,自動車類上り大型車,319,273,244,175,157,136,146,129,109,98,78,66,1930,-,,
４０７９０荒川区東尾久８－２５,４０３７,主要地方道台東鳩ヶ谷線（都道５８号）,放１１,尾久橋通り,９月３０日（木）,雨,自動車類上り小型車,1711,1451,1163,1007,997,983,1095,955,910,1036,918,868,13094,-,,
４０７９０荒川区東尾久８－２５,４０３７,主要地方道台東鳩ヶ谷線（都道５８号）,放１１,尾久橋通り,９月３０日（木）,雨,自動車類上り計,2030,1724,1407,1182,1154,1119,1241,1084,1019,1134,996,934,15024,-,,
４０７９０荒川区東尾久８－２５,４０３７,主要地方道台東鳩ヶ谷線（都道５８号）,放１１,尾久橋通り,９月３０日（木）,雨,自動車類下り大型車,130,170,194,230,271,222,233,211,192,179,198,180,2410,-,,
４０７９０荒川区東尾久８－２５,４０３７,主要地方道台東鳩ヶ谷線（都道５８号）,放１１,尾久橋通り,９月３０日（木）,雨,自動車類下り小型車,635,835,889,1041,994,967,1099,1114,1214,1248,1200,1521,12757,-,,
４０７９０荒川区東尾久８－２５,４０３７,主要地方道台東鳩ヶ谷線（都道５８号）,放１１,尾久橋通り,９月３０日（木）,雨,自動車類下り計,765,1005,1083,1271,1265,1189,1332,1325,1406,1427,1398,1701,15167,-,,
４０７９０荒川区東尾久８－２５,４０３７,主要地方道台東鳩ヶ谷線（都道５８号）,放１１,尾久橋通り,９月３０日（木）,雨,自動車類合計大型車,449,443,438,405,428,358,379,340,301,277,276,246,4340,-,,
４０７９０荒川区東尾久８－２５,４０３７,主要地方道台東鳩ヶ谷線（都道５８号）,放１１,尾久橋通り,９月３０日（木）,雨,自動車類合計小型車,2346,2286,2052,2048,1991,1950,2194,2069,2124,2284,2118,2389,25851,-,,
４０７９０荒川区東尾久８－２５,４０３７,主要地方道台東鳩ヶ谷線（都道５８号）,放１１,尾久橋通り,９月３０日（木）,雨,自動車類合計計,2795,2729,2490,2453,2419,2308,2573,2409,2425,2561,2394,2635,30191,-,,
４０７９０荒川区東尾久８－２５,４０３７,主要地方道台東鳩ヶ谷線（都道５８号）,放１１,尾久橋通り,９月３０日（木）,雨,二輪車類,-,-,-,-,-,-,-,-,-,-,-,-,-,,,
４０７９０荒川区東尾久８－２５,４０３７,主要地方道台東鳩ヶ谷線（都道５８号）,放１１,尾久橋通り,９月３０日（木）,雨,自転車類,-,-,-,-,-,-,-,-,-,-,-,-,-,,,
４０７９０荒川区東尾久８－２５,４０３７,主要地方道台東鳩ヶ谷線（都道５８号）,放１１,尾久橋通り,９月３０日（木）,雨,歩行者類,-,-,-,-,-,-,-,-,-,-,-,-,-,,,
