﻿観測地点,Ｈ１７区間番号,路線名,都市計画路線名,通称道路名,調査日,天候,ピーク時間交通量（台／ｈ）,ピーク率（％）,混雑時平均旅行速度（ｋｍ／ｈ）,大型車台数（台／１２ｈ）,混入率（％）,混雑度,昼夜率,車線数,５８年度（台／１２ｈ）,６０年度（台／１２ｈ）,６３年度（台／１２ｈ）,２年度（台／１２ｈ）,６年度（台／１２ｈ）,９年度（台／１２ｈ）,１１年度（台／１２ｈ）,１７年度（台／１２ｈ）,２２年度（台／１２ｈ）
６２４０東京都足立区足立２丁目,５１６,高速葛飾川口線,高速６号線,（首都高速中央環状線）,１１月１６日（火）,晴,6037,9.0,30.9,18058,27.0,1.1,1.49,4,-,-,60695,69142,59461,62561,63312,63306,66917
,,,,,,,,,,,,,,,,,,,,,,,
観測地点,Ｈ１７区間番号,路線名,都市計画路線名,通称道路名,調査日,天候,時間・種別,７～８,８～９,９～１０,１０～１１,１１～１２,１２～１３,１３～１４,１４～１５,１５～１６,１６～１７,１７～１８,１８～１９,１２ｈ計,２４ｈ計,,
６２４０東京都足立区足立２丁目,５１６,高速葛飾川口線,高速６号線,（首都高速中央環状線）,１１月１６日（火）,晴,自動車類上り大型車,628,676,911,881,776,1029,803,458,816,711,533,510,8732,14447,,
６２４０東京都足立区足立２丁目,５１６,高速葛飾川口線,高速６号線,（首都高速中央環状線）,１１月１６日（火）,晴,自動車類上り小型車,2085,2084,1884,1673,1665,1791,1735,2439,2244,2153,2161,2188,24102,34366,,
６２４０東京都足立区足立２丁目,５１６,高速葛飾川口線,高速６号線,（首都高速中央環状線）,１１月１６日（火）,晴,自動車類上り計,2713,2760,2795,2554,2441,2820,2538,2897,3060,2864,2694,2698,32834,48813,,
６２４０東京都足立区足立２丁目,５１６,高速葛飾川口線,高速６号線,（首都高速中央環状線）,１１月１６日（火）,晴,自動車類下り大型車,470,598,862,897,970,1173,920,815,833,679,577,532,9326,15382,,
６２４０東京都足立区足立２丁目,５１６,高速葛飾川口線,高速６号線,（首都高速中央環状線）,１１月１６日（火）,晴,自動車類下り小型車,2467,2358,1688,1418,1546,1908,1919,1855,2144,2426,2489,2539,24757,35211,,
６２４０東京都足立区足立２丁目,５１６,高速葛飾川口線,高速６号線,（首都高速中央環状線）,１１月１６日（火）,晴,自動車類下り計,2937,2956,2550,2315,2516,3081,2839,2670,2977,3105,3066,3071,34083,50593,,
６２４０東京都足立区足立２丁目,５１６,高速葛飾川口線,高速６号線,（首都高速中央環状線）,１１月１６日（火）,晴,自動車類合計大型車,1098,1274,1773,1778,1746,2202,1723,1273,1649,1390,1110,1042,18058,29829,,
６２４０東京都足立区足立２丁目,５１６,高速葛飾川口線,高速６号線,（首都高速中央環状線）,１１月１６日（火）,晴,自動車類合計小型車,4552,4442,3572,3091,3211,3699,3654,4294,4388,4579,4650,4727,48859,69577,,
６２４０東京都足立区足立２丁目,５１６,高速葛飾川口線,高速６号線,（首都高速中央環状線）,１１月１６日（火）,晴,自動車類合計計,5650,5716,5345,4869,4957,5901,5377,5567,6037,5969,5760,5769,66917,99406,,
６２４０東京都足立区足立２丁目,５１６,高速葛飾川口線,高速６号線,（首都高速中央環状線）,１１月１６日（火）,晴,二輪車類,-,-,-,-,-,-,-,-,-,-,-,-,-,,,
６２４０東京都足立区足立２丁目,５１６,高速葛飾川口線,高速６号線,（首都高速中央環状線）,１１月１６日（火）,晴,自転車類,-,-,-,-,-,-,-,-,-,-,-,-,-,,,
６２４０東京都足立区足立２丁目,５１６,高速葛飾川口線,高速６号線,（首都高速中央環状線）,１１月１６日（火）,晴,歩行者類,-,-,-,-,-,-,-,-,-,-,-,-,-,,,
