﻿観測地点,Ｈ１７区間番号,路線名,都市計画路線名,通称道路名,調査日,天候,ピーク時間交通量（台／ｈ）,ピーク率（％）,混雑時平均旅行速度（ｋｍ／ｈ）,大型車台数（台／１２ｈ）,混入率（％）,混雑度,昼夜率,車線数,５８年度（台／１２ｈ）,６０年度（台／１２ｈ）,６３年度（台／１２ｈ）,２年度（台／１２ｈ）,６年度（台／１２ｈ）,９年度（台／１２ｈ）,１１年度（台／１２ｈ）,１７年度（台／１２ｈ）,２２年度（台／１２ｈ）
４０８３０江戸川区西小岩３－１,４０３９,主要地方道市川四つ木線（都道６０号）,補１４１,奥戸街道,９月３０日（木）,雨,955,9.1,18,1151,11.0,1.2,-,2,9701,10336,11498,12087,11765,12350,12576,12009,10440
,,,,,,,,,,,,,,,,,,,,,,,
観測地点,Ｈ１７区間番号,路線名,都市計画路線名,通称道路名,調査日,天候,時間・種別,７～８,８～９,９～１０,１０～１１,１１～１２,１２～１３,１３～１４,１４～１５,１５～１６,１６～１７,１７～１８,１８～１９,１２ｈ計,２４ｈ計,,
４０８３０江戸川区西小岩３－１,４０３９,主要地方道市川四つ木線（都道６０号）,補１４１,奥戸街道,９月３０日（木）,雨,自動車類上り大型車,60,53,58,59,53,53,56,56,50,58,32,26,614,-,,
４０８３０江戸川区西小岩３－１,４０３９,主要地方道市川四つ木線（都道６０号）,補１４１,奥戸街道,９月３０日（木）,雨,自動車類上り小型車,551,496,389,378,398,324,385,376,361,404,348,390,4800,-,,
４０８３０江戸川区西小岩３－１,４０３９,主要地方道市川四つ木線（都道６０号）,補１４１,奥戸街道,９月３０日（木）,雨,自動車類上り計,611,549,447,437,451,377,441,432,411,462,380,416,5414,-,,
４０８３０江戸川区西小岩３－１,４０３９,主要地方道市川四つ木線（都道６０号）,補１４１,奥戸街道,９月３０日（木）,雨,自動車類下り大型車,46,50,61,56,44,38,48,50,46,51,28,19,537,-,,
４０８３０江戸川区西小岩３－１,４０３９,主要地方道市川四つ木線（都道６０号）,補１４１,奥戸街道,９月３０日（木）,雨,自動車類下り小型車,298,307,315,345,379,347,374,365,395,429,460,475,4489,-,,
４０８３０江戸川区西小岩３－１,４０３９,主要地方道市川四つ木線（都道６０号）,補１４１,奥戸街道,９月３０日（木）,雨,自動車類下り計,344,357,376,401,423,385,422,415,441,480,488,494,5026,-,,
４０８３０江戸川区西小岩３－１,４０３９,主要地方道市川四つ木線（都道６０号）,補１４１,奥戸街道,９月３０日（木）,雨,自動車類合計大型車,106,103,119,115,97,91,104,106,96,109,60,45,1151,-,,
４０８３０江戸川区西小岩３－１,４０３９,主要地方道市川四つ木線（都道６０号）,補１４１,奥戸街道,９月３０日（木）,雨,自動車類合計小型車,849,803,704,723,777,671,759,741,756,833,808,865,9289,-,,
４０８３０江戸川区西小岩３－１,４０３９,主要地方道市川四つ木線（都道６０号）,補１４１,奥戸街道,９月３０日（木）,雨,自動車類合計計,955,906,823,838,874,762,863,847,852,942,868,910,10440,-,,
４０８３０江戸川区西小岩３－１,４０３９,主要地方道市川四つ木線（都道６０号）,補１４１,奥戸街道,９月３０日（木）,雨,二輪車類,-,-,-,-,-,-,-,-,-,-,-,-,-,,,
４０８３０江戸川区西小岩３－１,４０３９,主要地方道市川四つ木線（都道６０号）,補１４１,奥戸街道,９月３０日（木）,雨,自転車類,114,107,83,28,36,47,57,52,81,70,168,144,987,,,
４０８３０江戸川区西小岩３－１,４０３９,主要地方道市川四つ木線（都道６０号）,補１４１,奥戸街道,９月３０日（木）,雨,歩行者類,85,41,26,25,21,26,20,13,36,50,56,79,478,,,
