﻿観測地点,Ｈ１７区間番号,路線名,都市計画路線名,通称道路名,調査日,天候,ピーク時間交通量（台／ｈ）,ピーク率（％）,混雑時平均旅行速度（ｋｍ／ｈ）,大型車台数（台／１２ｈ）,混入率（％）,混雑度,昼夜率,車線数,５８年度（台／１２ｈ）,６０年度（台／１２ｈ）,６３年度（台／１２ｈ）,２年度（台／１２ｈ）,６年度（台／１２ｈ）,９年度（台／１２ｈ）,１１年度（台／１２ｈ）,１７年度（台／１２ｈ）,２２年度（台／１２ｈ）
６１３７０杉並区高円寺南１－２７－１７,６０４５,特例都道神楽坂高円寺線（都道４３３号）,－,大久保通り,１０月２６日（火）,曇,628,9.4,14.6,784,11.7,0.82,-,2,8823,8403,8194,7860,9585,8783,9253,9337,6682
,,,,,,,,,,,,,,,,,,,,,,,
観測地点,Ｈ１７区間番号,路線名,都市計画路線名,通称道路名,調査日,天候,時間・種別,７～８,８～９,９～１０,１０～１１,１１～１２,１２～１３,１３～１４,１４～１５,１５～１６,１６～１７,１７～１８,１８～１９,１２ｈ計,２４ｈ計,,
６１３７０杉並区高円寺南１－２７－１７,６０４５,特例都道神楽坂高円寺線（都道４３３号）,－,大久保通り,１０月２６日（火）,曇,自動車類上り大型車,36,60,62,40,29,27,22,37,18,17,23,24,395,-,,
６１３７０杉並区高円寺南１－２７－１７,６０４５,特例都道神楽坂高円寺線（都道４３３号）,－,大久保通り,１０月２６日（火）,曇,自動車類上り小型車,277,291,284,269,222,203,217,283,241,233,175,176,2871,-,,
６１３７０杉並区高円寺南１－２７－１７,６０４５,特例都道神楽坂高円寺線（都道４３３号）,－,大久保通り,１０月２６日（火）,曇,自動車類上り計,313,351,346,309,251,230,239,320,259,250,198,200,3266,-,,
６１３７０杉並区高円寺南１－２７－１７,６０４５,特例都道神楽坂高円寺線（都道４３３号）,－,大久保通り,１０月２６日（火）,曇,自動車類下り大型車,19,41,39,47,42,26,16,22,31,28,50,28,389,-,,
６１３７０杉並区高円寺南１－２７－１７,６０４５,特例都道神楽坂高円寺線（都道４３３号）,－,大久保通り,１０月２６日（火）,曇,自動車類下り小型車,121,162,201,252,245,241,240,242,277,350,373,323,3027,-,,
６１３７０杉並区高円寺南１－２７－１７,６０４５,特例都道神楽坂高円寺線（都道４３３号）,－,大久保通り,１０月２６日（火）,曇,自動車類下り計,140,203,240,299,287,267,256,264,308,378,423,351,3416,-,,
６１３７０杉並区高円寺南１－２７－１７,６０４５,特例都道神楽坂高円寺線（都道４３３号）,－,大久保通り,１０月２６日（火）,曇,自動車類合計大型車,55,101,101,87,71,53,38,59,49,45,73,52,784,-,,
６１３７０杉並区高円寺南１－２７－１７,６０４５,特例都道神楽坂高円寺線（都道４３３号）,－,大久保通り,１０月２６日（火）,曇,自動車類合計小型車,398,453,485,521,467,444,457,525,518,583,548,499,5898,-,,
６１３７０杉並区高円寺南１－２７－１７,６０４５,特例都道神楽坂高円寺線（都道４３３号）,－,大久保通り,１０月２６日（火）,曇,自動車類合計計,453,554,586,608,538,497,495,584,567,628,621,551,6682,-,,
６１３７０杉並区高円寺南１－２７－１７,６０４５,特例都道神楽坂高円寺線（都道４３３号）,－,大久保通り,１０月２６日（火）,曇,二輪車類,-,-,-,-,-,-,-,-,-,-,-,-,-,,,
６１３７０杉並区高円寺南１－２７－１７,６０４５,特例都道神楽坂高円寺線（都道４３３号）,－,大久保通り,１０月２６日（火）,曇,自転車類,-,-,-,-,-,-,-,-,-,-,-,-,-,,,
６１３７０杉並区高円寺南１－２７－１７,６０４５,特例都道神楽坂高円寺線（都道４３３号）,－,大久保通り,１０月２６日（火）,曇,歩行者類,-,-,-,-,-,-,-,-,-,-,-,-,-,,,
