﻿観測地点,Ｈ１７区間番号,路線名,都市計画路線名,通称道路名,調査日,天候,ピーク時間交通量（台／ｈ）,ピーク率（％）,混雑時平均旅行速度（ｋｍ／ｈ）,大型車台数（台／１２ｈ）,混入率（％）,混雑度,昼夜率,車線数,５８年度（台／１２ｈ）,６０年度（台／１２ｈ）,６３年度（台／１２ｈ）,２年度（台／１２ｈ）,６年度（台／１２ｈ）,９年度（台／１２ｈ）,１１年度（台／１２ｈ）,１７年度（台／１２ｈ）,２２年度（台／１２ｈ）
５２３０東京都港区東麻布１丁目,５０４,首都高速二号線,高速２号線,（首都高速都心環状線）,１１月１６日（火）,晴,7407,9.4,33.7,9238,11.7,1.16,1.56,4,70181,66994,75177,70151,75749,74966,81025,76863,78644
,,,,,,,,,,,,,,,,,,,,,,,
観測地点,Ｈ１７区間番号,路線名,都市計画路線名,通称道路名,調査日,天候,時間・種別,７～８,８～９,９～１０,１０～１１,１１～１２,１２～１３,１３～１４,１４～１５,１５～１６,１６～１７,１７～１８,１８～１９,１２ｈ計,２４ｈ計,,
５２３０東京都港区東麻布１丁目,５０４,首都高速二号線,高速２号線,（首都高速都心環状線）,１１月１６日（火）,晴,自動車類上り大型車,315,316,503,633,315,375,426,444,397,348,290,316,4678,10075,,
５２３０東京都港区東麻布１丁目,５０４,首都高速二号線,高速２号線,（首都高速都心環状線）,１１月１６日（火）,晴,自動車類上り小型車,3349,3462,3063,2720,1373,1880,2872,2943,3106,3110,2931,2888,33697,51891,,
５２３０東京都港区東麻布１丁目,５０４,首都高速二号線,高速２号線,（首都高速都心環状線）,１１月１６日（火）,晴,自動車類上り計,3664,3778,3566,3353,1688,2255,3298,3387,3503,3458,3221,3204,38375,61966,,
５２３０東京都港区東麻布１丁目,５０４,首都高速二号線,高速２号線,（首都高速都心環状線）,１１月１６日（火）,晴,自動車類下り大型車,416,342,435,429,417,476,390,387,410,343,232,283,4560,8168,,
５２３０東京都港区東麻布１丁目,５０４,首都高速二号線,高速２号線,（首都高速都心環状線）,１１月１６日（火）,晴,自動車類下り小型車,3194,3287,2932,2762,2505,2648,3080,2995,3054,3062,2987,3203,35709,52920,,
５２３０東京都港区東麻布１丁目,５０４,首都高速二号線,高速２号線,（首都高速都心環状線）,１１月１６日（火）,晴,自動車類下り計,3610,3629,3367,3191,2922,3124,3470,3382,3464,3405,3219,3486,40269,61088,,
５２３０東京都港区東麻布１丁目,５０４,首都高速二号線,高速２号線,（首都高速都心環状線）,１１月１６日（火）,晴,自動車類合計大型車,731,658,938,1062,732,851,816,831,807,691,522,599,9238,18243,,
５２３０東京都港区東麻布１丁目,５０４,首都高速二号線,高速２号線,（首都高速都心環状線）,１１月１６日（火）,晴,自動車類合計小型車,6543,6749,5995,5482,3878,4528,5952,5938,6160,6172,5918,6091,69406,104811,,
５２３０東京都港区東麻布１丁目,５０４,首都高速二号線,高速２号線,（首都高速都心環状線）,１１月１６日（火）,晴,自動車類合計計,7274,7407,6933,6544,4610,5379,6768,6769,6967,6863,6440,6690,78644,123054,,
５２３０東京都港区東麻布１丁目,５０４,首都高速二号線,高速２号線,（首都高速都心環状線）,１１月１６日（火）,晴,二輪車類,-,-,-,-,-,-,-,-,-,-,-,-,-,,,
５２３０東京都港区東麻布１丁目,５０４,首都高速二号線,高速２号線,（首都高速都心環状線）,１１月１６日（火）,晴,自転車類,-,-,-,-,-,-,-,-,-,-,-,-,-,,,
５２３０東京都港区東麻布１丁目,５０４,首都高速二号線,高速２号線,（首都高速都心環状線）,１１月１６日（火）,晴,歩行者類,-,-,-,-,-,-,-,-,-,-,-,-,-,,,
