﻿観測地点,Ｈ１７区間番号,路線名,都市計画路線名,通称道路名,調査日,天候,ピーク時間交通量（台／ｈ）,ピーク率（％）,混雑時平均旅行速度（ｋｍ／ｈ）,大型車台数（台／１２ｈ）,混入率（％）,混雑度,昼夜率,車線数,５８年度（台／１２ｈ）,６０年度（台／１２ｈ）,６３年度（台／１２ｈ）,２年度（台／１２ｈ）,６年度（台／１２ｈ）,９年度（台／１２ｈ）,１１年度（台／１２ｈ）,１７年度（台／１２ｈ）,２２年度（台／１２ｈ）
４１７２０江戸川区平井６－１－３８,４０９０,主要地方道御徒町小岩線（都道３１５号）,放１４,蔵前橋通り,９月３０日（木）,雨,2799,8.7,27.4,4420,13.8,1.02,-,4,37582,36693,36114,33032,37686,37378,37193,33087,32107
,,,,,,,,,,,,,,,,,,,,,,,
観測地点,Ｈ１７区間番号,路線名,都市計画路線名,通称道路名,調査日,天候,時間・種別,７～８,８～９,９～１０,１０～１１,１１～１２,１２～１３,１３～１４,１４～１５,１５～１６,１６～１７,１７～１８,１８～１９,１２ｈ計,２４ｈ計,,
４１７２０江戸川区平井６－１－３８,４０９０,主要地方道御徒町小岩線（都道３１５号）,放１４,蔵前橋通り,９月３０日（木）,雨,自動車類上り大型車,231,230,224,249,255,215,174,155,151,111,82,51,2128,-,,
４１７２０江戸川区平井６－１－３８,４０９０,主要地方道御徒町小岩線（都道３１５号）,放１４,蔵前橋通り,９月３０日（木）,雨,自動車類上り小型車,1540,1504,1429,1206,1095,1026,1070,1163,1099,1087,986,909,14114,-,,
４１７２０江戸川区平井６－１－３８,４０９０,主要地方道御徒町小岩線（都道３１５号）,放１４,蔵前橋通り,９月３０日（木）,雨,自動車類上り計,1771,1734,1653,1455,1350,1241,1244,1318,1250,1198,1068,960,16242,-,,
４１７２０江戸川区平井６－１－３８,４０９０,主要地方道御徒町小岩線（都道３１５号）,放１４,蔵前橋通り,９月３０日（木）,雨,自動車類下り大型車,124,137,202,236,233,276,180,251,175,195,147,136,2292,-,,
４１７２０江戸川区平井６－１－３８,４０９０,主要地方道御徒町小岩線（都道３１５号）,放１４,蔵前橋通り,９月３０日（木）,雨,自動車類下り小型車,620,732,898,1017,1093,1196,1130,1230,1355,1321,1527,1454,13573,-,,
４１７２０江戸川区平井６－１－３８,４０９０,主要地方道御徒町小岩線（都道３１５号）,放１４,蔵前橋通り,９月３０日（木）,雨,自動車類下り計,744,869,1100,1253,1326,1472,1310,1481,1530,1516,1674,1590,15865,-,,
４１７２０江戸川区平井６－１－３８,４０９０,主要地方道御徒町小岩線（都道３１５号）,放１４,蔵前橋通り,９月３０日（木）,雨,自動車類合計大型車,355,367,426,485,488,491,354,406,326,306,229,187,4420,-,,
４１７２０江戸川区平井６－１－３８,４０９０,主要地方道御徒町小岩線（都道３１５号）,放１４,蔵前橋通り,９月３０日（木）,雨,自動車類合計小型車,2160,2236,2327,2223,2188,2222,2200,2393,2454,2408,2513,2363,27687,-,,
４１７２０江戸川区平井６－１－３８,４０９０,主要地方道御徒町小岩線（都道３１５号）,放１４,蔵前橋通り,９月３０日（木）,雨,自動車類合計計,2515,2603,2753,2708,2676,2713,2554,2799,2780,2714,2742,2550,32107,-,,
４１７２０江戸川区平井６－１－３８,４０９０,主要地方道御徒町小岩線（都道３１５号）,放１４,蔵前橋通り,９月３０日（木）,雨,二輪車類,-,-,-,-,-,-,-,-,-,-,-,-,-,,,
４１７２０江戸川区平井６－１－３８,４０９０,主要地方道御徒町小岩線（都道３１５号）,放１４,蔵前橋通り,９月３０日（木）,雨,自転車類,-,-,-,-,-,-,-,-,-,-,-,-,-,,,
４１７２０江戸川区平井６－１－３８,４０９０,主要地方道御徒町小岩線（都道３１５号）,放１４,蔵前橋通り,９月３０日（木）,雨,歩行者類,-,-,-,-,-,-,-,-,-,-,-,-,-,,,
