﻿観測地点,Ｈ１７区間番号,路線名,都市計画路線名,通称道路名,調査日,天候,ピーク時間交通量（台／ｈ）,ピーク率（％）,混雑時平均旅行速度（ｋｍ／ｈ）,大型車台数（台／１２ｈ）,混入率（％）,混雑度,昼夜率,車線数,５８年度（台／１２ｈ）,６０年度（台／１２ｈ）,６３年度（台／１２ｈ）,２年度（台／１２ｈ）,６年度（台／１２ｈ）,９年度（台／１２ｈ）,１１年度（台／１２ｈ）,１７年度（台／１２ｈ）,２２年度（台／１２ｈ）
４０２１０文京区関口１－４１－２,１４０１２,主要地方道千代田練馬田無線（都道８号）,放７,新目白通り,１０月２６日（火）,曇,2068,9.1,22.3,2838,12.5,0.92,-,6,30510,33086,31686,31403,33148,31855,33467,30225,22657
,,,,,,,,,,,,,,,,,,,,,,,
観測地点,Ｈ１７区間番号,路線名,都市計画路線名,通称道路名,調査日,天候,時間・種別,７～８,８～９,９～１０,１０～１１,１１～１２,１２～１３,１３～１４,１４～１５,１５～１６,１６～１７,１７～１８,１８～１９,１２ｈ計,２４ｈ計,,
４０２１０文京区関口１－４１－２,１４０１２,主要地方道千代田練馬田無線（都道８号）,放７,新目白通り,１０月２６日（火）,曇,自動車類上り大型車,135,114,168,144,141,105,116,103,86,89,78,76,1355,-,,
４０２１０文京区関口１－４１－２,１４０１２,主要地方道千代田練馬田無線（都道８号）,放７,新目白通り,１０月２６日（火）,曇,自動車類上り小型車,958,928,930,892,840,739,845,854,794,873,741,670,10064,-,,
４０２１０文京区関口１－４１－２,１４０１２,主要地方道千代田練馬田無線（都道８号）,放７,新目白通り,１０月２６日（火）,曇,自動車類上り計,1093,1042,1098,1036,981,844,961,957,880,962,819,746,11419,-,,
４０２１０文京区関口１－４１－２,１４０１２,主要地方道千代田練馬田無線（都道８号）,放７,新目白通り,１０月２６日（火）,曇,自動車類下り大型車,136,142,197,150,158,122,126,134,99,92,72,55,1483,-,,
４０２１０文京区関口１－４１－２,１４０１２,主要地方道千代田練馬田無線（都道８号）,放７,新目白通り,１０月２６日（火）,曇,自動車類下り小型車,573,724,773,842,850,748,812,836,888,937,940,832,9755,-,,
４０２１０文京区関口１－４１－２,１４０１２,主要地方道千代田練馬田無線（都道８号）,放７,新目白通り,１０月２６日（火）,曇,自動車類下り計,709,866,970,992,1008,870,938,970,987,1029,1012,887,11238,-,,
４０２１０文京区関口１－４１－２,１４０１２,主要地方道千代田練馬田無線（都道８号）,放７,新目白通り,１０月２６日（火）,曇,自動車類合計大型車,271,256,365,294,299,227,242,237,185,181,150,131,2838,-,,
４０２１０文京区関口１－４１－２,１４０１２,主要地方道千代田練馬田無線（都道８号）,放７,新目白通り,１０月２６日（火）,曇,自動車類合計小型車,1531,1652,1703,1734,1690,1487,1657,1690,1682,1810,1681,1502,19819,-,,
４０２１０文京区関口１－４１－２,１４０１２,主要地方道千代田練馬田無線（都道８号）,放７,新目白通り,１０月２６日（火）,曇,自動車類合計計,1802,1908,2068,2028,1989,1714,1899,1927,1867,1991,1831,1633,22657,-,,
４０２１０文京区関口１－４１－２,１４０１２,主要地方道千代田練馬田無線（都道８号）,放７,新目白通り,１０月２６日（火）,曇,二輪車類,261,309,285,219,220,164,149,166,186,229,336,259,2783,,,
４０２１０文京区関口１－４１－２,１４０１２,主要地方道千代田練馬田無線（都道８号）,放７,新目白通り,１０月２６日（火）,曇,自転車類,67,176,128,149,84,129,82,74,61,85,107,145,1287,,,
４０２１０文京区関口１－４１－２,１４０１２,主要地方道千代田練馬田無線（都道８号）,放７,新目白通り,１０月２６日（火）,曇,歩行者類,71,167,110,110,113,181,142,126,78,108,185,179,1570,,,
