﻿観測地点,Ｈ１７区間番号,路線名,都市計画路線名,通称道路名,調査日,天候,ピーク時間交通量（台／ｈ）,ピーク率（％）,混雑時平均旅行速度（ｋｍ／ｈ）,大型車台数（台／１２ｈ）,混入率（％）,混雑度,昼夜率,車線数,５８年度（台／１２ｈ）,６０年度（台／１２ｈ）,６３年度（台／１２ｈ）,２年度（台／１２ｈ）,６年度（台／１２ｈ）,９年度（台／１２ｈ）,１１年度（台／１２ｈ）,１７年度（台／１２ｈ）,２２年度（台／１２ｈ）
５１７０東京都中央区日本橋１丁目,５０２,首都高速四号分岐線,高速４号分岐線,（首都高速都心環状線）,１１月１６日（火）,晴,6049,10.2,15.8,6185,10.4,0.91,1.65,4,68846,73242,61793,66190,60489,71125,71755,68360,59546
,,,,,,,,,,,,,,,,,,,,,,,
観測地点,Ｈ１７区間番号,路線名,都市計画路線名,通称道路名,調査日,天候,時間・種別,７～８,８～９,９～１０,１０～１１,１１～１２,１２～１３,１３～１４,１４～１５,１５～１６,１６～１７,１７～１８,１８～１９,１２ｈ計,２４ｈ計,,
５１７０東京都中央区日本橋１丁目,５０２,首都高速四号分岐線,高速４号分岐線,（首都高速都心環状線）,１１月１６日（火）,晴,自動車類上り大型車,394,386,506,488,536,554,432,444,373,346,264,222,4945,10832,,
５１７０東京都中央区日本橋１丁目,５０２,首都高速四号分岐線,高速４号分岐線,（首都高速都心環状線）,１１月１６日（火）,晴,自動車類上り小型車,2199,2318,1727,1552,1426,1537,1929,1982,1773,1818,1589,1449,21299,33502,,
５１７０東京都中央区日本橋１丁目,５０２,首都高速四号分岐線,高速４号分岐線,（首都高速都心環状線）,１１月１６日（火）,晴,自動車類上り計,2593,2704,2233,2040,1962,2091,2361,2426,2146,2164,1853,1671,26244,44334,,
５１７０東京都中央区日本橋１丁目,５０２,首都高速四号分岐線,高速４号分岐線,（首都高速都心環状線）,１１月１６日（火）,晴,自動車類下り大型車,31,45,132,116,127,164,105,129,158,99,66,68,1240,2414,,
５１７０東京都中央区日本橋１丁目,５０２,首都高速四号分岐線,高速４号分岐線,（首都高速都心環状線）,１１月１６日（火）,晴,自動車類下り小型車,2995,3300,3309,2516,2345,2701,2700,2710,2628,2700,2087,2071,32062,51646,,
５１７０東京都中央区日本橋１丁目,５０２,首都高速四号分岐線,高速４号分岐線,（首都高速都心環状線）,１１月１６日（火）,晴,自動車類下り計,3026,3345,3441,2632,2472,2865,2805,2839,2786,2799,2153,2139,33302,54060,,
５１７０東京都中央区日本橋１丁目,５０２,首都高速四号分岐線,高速４号分岐線,（首都高速都心環状線）,１１月１６日（火）,晴,自動車類合計大型車,425,431,638,604,663,718,537,573,531,445,330,290,6185,13246,,
５１７０東京都中央区日本橋１丁目,５０２,首都高速四号分岐線,高速４号分岐線,（首都高速都心環状線）,１１月１６日（火）,晴,自動車類合計小型車,5194,5618,5036,4068,3771,4238,4629,4692,4401,4518,3676,3520,53361,85148,,
５１７０東京都中央区日本橋１丁目,５０２,首都高速四号分岐線,高速４号分岐線,（首都高速都心環状線）,１１月１６日（火）,晴,自動車類合計計,5619,6049,5674,4672,4434,4956,5166,5265,4932,4963,4006,3810,59546,98394,,
５１７０東京都中央区日本橋１丁目,５０２,首都高速四号分岐線,高速４号分岐線,（首都高速都心環状線）,１１月１６日（火）,晴,二輪車類,-,-,-,-,-,-,-,-,-,-,-,-,-,,,
５１７０東京都中央区日本橋１丁目,５０２,首都高速四号分岐線,高速４号分岐線,（首都高速都心環状線）,１１月１６日（火）,晴,自転車類,-,-,-,-,-,-,-,-,-,-,-,-,-,,,
５１７０東京都中央区日本橋１丁目,５０２,首都高速四号分岐線,高速４号分岐線,（首都高速都心環状線）,１１月１６日（火）,晴,歩行者類,-,-,-,-,-,-,-,-,-,-,-,-,-,,,
