﻿観測地点,Ｈ１７区間番号,路線名,都市計画路線名,通称道路名,調査日,天候,ピーク時間交通量（台／ｈ）,ピーク率（％）,混雑時平均旅行速度（ｋｍ／ｈ）,大型車台数（台／１２ｈ）,混入率（％）,混雑度,昼夜率,車線数,５８年度（台／１２ｈ）,６０年度（台／１２ｈ）,６３年度（台／１２ｈ）,２年度（台／１２ｈ）,６年度（台／１２ｈ）,９年度（台／１２ｈ）,１１年度（台／１２ｈ）,１７年度（台／１２ｈ）,２２年度（台／１２ｈ）
４１６７０足立区千住曙町４１,－,主要地方道言問大谷田線（都道３１４号）,補１０９,－,９月３０日（木）,雨,1003,9.5,14.9,1408,13.3,1.17,-,2,-,-,-,-,-,-,-,-,10568
,,,,,,,,,,,,,,,,,,,,,,,
観測地点,Ｈ１７区間番号,路線名,都市計画路線名,通称道路名,調査日,天候,時間・種別,７～８,８～９,９～１０,１０～１１,１１～１２,１２～１３,１３～１４,１４～１５,１５～１６,１６～１７,１７～１８,１８～１９,１２ｈ計,２４ｈ計,,
４１６７０足立区千住曙町４１,－,主要地方道言問大谷田線（都道３１４号）,補１０９,－,９月３０日（木）,雨,自動車類上り大型車,110,76,101,81,71,59,58,59,51,43,30,15,754,-,,
４１６７０足立区千住曙町４１,－,主要地方道言問大谷田線（都道３１４号）,補１０９,－,９月３０日（木）,雨,自動車類上り小型車,446,597,574,445,405,380,415,410,392,366,351,307,5088,-,,
４１６７０足立区千住曙町４１,－,主要地方道言問大谷田線（都道３１４号）,補１０９,－,９月３０日（木）,雨,自動車類上り計,556,673,675,526,476,439,473,469,443,409,381,322,5842,-,,
４１６７０足立区千住曙町４１,－,主要地方道言問大谷田線（都道３１４号）,補１０９,－,９月３０日（木）,雨,自動車類下り大型車,40,42,58,48,55,73,65,68,67,50,48,40,654,-,,
４１６７０足立区千住曙町４１,－,主要地方道言問大谷田線（都道３１４号）,補１０９,－,９月３０日（木）,雨,自動車類下り小型車,191,204,270,327,320,324,375,421,412,432,385,411,4072,-,,
４１６７０足立区千住曙町４１,－,主要地方道言問大谷田線（都道３１４号）,補１０９,－,９月３０日（木）,雨,自動車類下り計,231,246,328,375,375,397,440,489,479,482,433,451,4726,-,,
４１６７０足立区千住曙町４１,－,主要地方道言問大谷田線（都道３１４号）,補１０９,－,９月３０日（木）,雨,自動車類合計大型車,150,118,159,129,126,132,123,127,118,93,78,55,1408,-,,
４１６７０足立区千住曙町４１,－,主要地方道言問大谷田線（都道３１４号）,補１０９,－,９月３０日（木）,雨,自動車類合計小型車,637,801,844,772,725,704,790,831,804,798,736,718,9160,-,,
４１６７０足立区千住曙町４１,－,主要地方道言問大谷田線（都道３１４号）,補１０９,－,９月３０日（木）,雨,自動車類合計計,787,919,1003,901,851,836,913,958,922,891,814,773,10568,-,,
４１６７０足立区千住曙町４１,－,主要地方道言問大谷田線（都道３１４号）,補１０９,－,９月３０日（木）,雨,二輪車類,-,-,-,-,-,-,-,-,-,-,-,-,-,,,
４１６７０足立区千住曙町４１,－,主要地方道言問大谷田線（都道３１４号）,補１０９,－,９月３０日（木）,雨,自転車類,-,-,-,-,-,-,-,-,-,-,-,-,-,,,
４１６７０足立区千住曙町４１,－,主要地方道言問大谷田線（都道３１４号）,補１０９,－,９月３０日（木）,雨,歩行者類,-,-,-,-,-,-,-,-,-,-,-,-,-,,,
