﻿観測地点,Ｈ１７区間番号,路線名,都市計画路線名,通称道路名,調査日,天候,ピーク時間交通量（台／ｈ）,ピーク率（％）,混雑時平均旅行速度（ｋｍ／ｈ）,大型車台数（台／１２ｈ）,混入率（％）,混雑度,昼夜率,車線数,５８年度（台／１２ｈ）,６０年度（台／１２ｈ）,６３年度（台／１２ｈ）,２年度（台／１２ｈ）,６年度（台／１２ｈ）,９年度（台／１２ｈ）,１１年度（台／１２ｈ）,１７年度（台／１２ｈ）,２２年度（台／１２ｈ）
４０５５０杉並区久我山３－７,４０２５,主要地方道新宿国立線（都道１４号）,－,人見街道,１０月７日（木）,晴,927,10.4,8.8,938,10.5,2.09,-,2,6214,6500,5680,6384,6546,6007,5951,5372,8901
,,,,,,,,,,,,,,,,,,,,,,,
観測地点,Ｈ１７区間番号,路線名,都市計画路線名,通称道路名,調査日,天候,時間・種別,７～８,８～９,９～１０,１０～１１,１１～１２,１２～１３,１３～１４,１４～１５,１５～１６,１６～１７,１７～１８,１８～１９,１２ｈ計,２４ｈ計,,
４０５５０杉並区久我山３－７,４０２５,主要地方道新宿国立線（都道１４号）,－,人見街道,１０月７日（木）,晴,自動車類上り大型車,46,62,90,63,34,40,43,34,43,30,44,24,553,-,,
４０５５０杉並区久我山３－７,４０２５,主要地方道新宿国立線（都道１４号）,－,人見街道,１０月７日（木）,晴,自動車類上り小型車,612,520,365,333,326,332,344,349,373,368,439,444,4805,-,,
４０５５０杉並区久我山３－７,４０２５,主要地方道新宿国立線（都道１４号）,－,人見街道,１０月７日（木）,晴,自動車類上り計,658,582,455,396,360,372,387,383,416,398,483,468,5358,-,,
４０５５０杉並区久我山３－７,４０２５,主要地方道新宿国立線（都道１４号）,－,人見街道,１０月７日（木）,晴,自動車類下り大型車,37,25,36,27,20,35,37,37,31,35,34,31,385,-,,
４０５５０杉並区久我山３－７,４０２５,主要地方道新宿国立線（都道１４号）,－,人見街道,１０月７日（木）,晴,自動車類下り小型車,232,282,253,248,252,236,240,228,278,291,315,303,3158,-,,
４０５５０杉並区久我山３－７,４０２５,主要地方道新宿国立線（都道１４号）,－,人見街道,１０月７日（木）,晴,自動車類下り計,269,307,289,275,272,271,277,265,309,326,349,334,3543,-,,
４０５５０杉並区久我山３－７,４０２５,主要地方道新宿国立線（都道１４号）,－,人見街道,１０月７日（木）,晴,自動車類合計大型車,83,87,126,90,54,75,80,71,74,65,78,55,938,-,,
４０５５０杉並区久我山３－７,４０２５,主要地方道新宿国立線（都道１４号）,－,人見街道,１０月７日（木）,晴,自動車類合計小型車,844,802,618,581,578,568,584,577,651,659,754,747,7963,-,,
４０５５０杉並区久我山３－７,４０２５,主要地方道新宿国立線（都道１４号）,－,人見街道,１０月７日（木）,晴,自動車類合計計,927,889,744,671,632,643,664,648,725,724,832,802,8901,-,,
４０５５０杉並区久我山３－７,４０２５,主要地方道新宿国立線（都道１４号）,－,人見街道,１０月７日（木）,晴,二輪車類,-,-,-,-,-,-,-,-,-,-,-,-,-,,,
４０５５０杉並区久我山３－７,４０２５,主要地方道新宿国立線（都道１４号）,－,人見街道,１０月７日（木）,晴,自転車類,172,162,36,30,28,15,14,17,39,60,46,55,674,,,
４０５５０杉並区久我山３－７,４０２５,主要地方道新宿国立線（都道１４号）,－,人見街道,１０月７日（木）,晴,歩行者類,87,85,39,29,24,18,21,25,47,26,32,33,466,,,
