﻿観測地点,Ｈ１７区間番号,路線名,都市計画路線名,通称道路名,調査日,天候,ピーク時間交通量（台／ｈ）,ピーク率（％）,混雑時平均旅行速度（ｋｍ／ｈ）,大型車台数（台／１２ｈ）,混入率（％）,混雑度,昼夜率,車線数,５８年度（台／１２ｈ）,６０年度（台／１２ｈ）,６３年度（台／１２ｈ）,２年度（台／１２ｈ）,６年度（台／１２ｈ）,９年度（台／１２ｈ）,１１年度（台／１２ｈ）,１７年度（台／１２ｈ）,２２年度（台／１２ｈ）
５５３０東京都渋谷区千駄ヶ谷４丁目,５０９,首都高速四号線,高速４号線,（首都高速４号新宿線）,１１月１６日（火）,晴,5780,9.3,32.5,6037,9.7,0.96,1.53,4,46531,53529,56407,55613,59712,60766,61178,58012,61932
,,,,,,,,,,,,,,,,,,,,,,,
観測地点,Ｈ１７区間番号,路線名,都市計画路線名,通称道路名,調査日,天候,時間・種別,７～８,８～９,９～１０,１０～１１,１１～１２,１２～１３,１３～１４,１４～１５,１５～１６,１６～１７,１７～１８,１８～１９,１２ｈ計,２４ｈ計,,
５５３０東京都渋谷区千駄ヶ谷４丁目,５０９,首都高速四号線,高速４号線,（首都高速４号新宿線）,１１月１６日（火）,晴,自動車類上り大型車,174,219,341,366,263,235,223,284,207,218,166,179,2875,4871,,
５５３０東京都渋谷区千駄ヶ谷４丁目,５０９,首都高速四号線,高速４号線,（首都高速４号新宿線）,１１月１６日（火）,晴,自動車類上り小型車,2909,2995,2649,2360,2013,1847,2003,2162,2327,2416,2429,1967,28077,40163,,
５５３０東京都渋谷区千駄ヶ谷４丁目,５０９,首都高速四号線,高速４号線,（首都高速４号新宿線）,１１月１６日（火）,晴,自動車類上り計,3083,3214,2990,2726,2276,2082,2226,2446,2534,2634,2595,2146,30952,45034,,
５５３０東京都渋谷区千駄ヶ谷４丁目,５０９,首都高速四号線,高速４号線,（首都高速４号新宿線）,１１月１６日（火）,晴,自動車類下り大型車,303,265,319,328,287,309,285,265,230,251,192,128,3162,5513,,
５５３０東京都渋谷区千駄ヶ谷４丁目,５０９,首都高速四号線,高速４号線,（首都高速４号新宿線）,１１月１６日（火）,晴,自動車類下り小型車,2236,2301,2255,2220,2117,2073,2271,2351,2391,2549,2807,2247,27818,44295,,
５５３０東京都渋谷区千駄ヶ谷４丁目,５０９,首都高速四号線,高速４号線,（首都高速４号新宿線）,１１月１６日（火）,晴,自動車類下り計,2539,2566,2574,2548,2404,2382,2556,2616,2621,2800,2999,2375,30980,49808,,
５５３０東京都渋谷区千駄ヶ谷４丁目,５０９,首都高速四号線,高速４号線,（首都高速４号新宿線）,１１月１６日（火）,晴,自動車類合計大型車,477,484,660,694,550,544,508,549,437,469,358,307,6037,10384,,
５５３０東京都渋谷区千駄ヶ谷４丁目,５０９,首都高速四号線,高速４号線,（首都高速４号新宿線）,１１月１６日（火）,晴,自動車類合計小型車,5145,5296,4904,4580,4130,3920,4274,4513,4718,4965,5236,4214,55895,84458,,
５５３０東京都渋谷区千駄ヶ谷４丁目,５０９,首都高速四号線,高速４号線,（首都高速４号新宿線）,１１月１６日（火）,晴,自動車類合計計,5622,5780,5564,5274,4680,4464,4782,5062,5155,5434,5594,4521,61932,94842,,
５５３０東京都渋谷区千駄ヶ谷４丁目,５０９,首都高速四号線,高速４号線,（首都高速４号新宿線）,１１月１６日（火）,晴,二輪車類,-,-,-,-,-,-,-,-,-,-,-,-,-,,,
５５３０東京都渋谷区千駄ヶ谷４丁目,５０９,首都高速四号線,高速４号線,（首都高速４号新宿線）,１１月１６日（火）,晴,自転車類,-,-,-,-,-,-,-,-,-,-,-,-,-,,,
５５３０東京都渋谷区千駄ヶ谷４丁目,５０９,首都高速四号線,高速４号線,（首都高速４号新宿線）,１１月１６日（火）,晴,歩行者類,-,-,-,-,-,-,-,-,-,-,-,-,-,,,
