﻿観測地点,Ｈ１７区間番号,路線名,都市計画路線名,通称道路名,調査日,天候,ピーク時間交通量（台／ｈ）,ピーク率（％）,混雑時平均旅行速度（ｋｍ／ｈ）,大型車台数（台／１２ｈ）,混入率（％）,混雑度,昼夜率,車線数,５８年度（台／１２ｈ）,６０年度（台／１２ｈ）,６３年度（台／１２ｈ）,２年度（台／１２ｈ）,６年度（台／１２ｈ）,９年度（台／１２ｈ）,１１年度（台／１２ｈ）,１７年度（台／１２ｈ）,２２年度（台／１２ｈ）
６１４００文京区大塚４－４,６０４７,特例都道小石川西巣鴨線（都道４３６号）,補７９,（プラタナス通り）,１０月２６日（火）,曇,833,10.1,17.7,884,10.7,1,-,2,12795,11895,12523,11626,11715,11265,11909,11609,8270
,,,,,,,,,,,,,,,,,,,,,,,
観測地点,Ｈ１７区間番号,路線名,都市計画路線名,通称道路名,調査日,天候,時間・種別,７～８,８～９,９～１０,１０～１１,１１～１２,１２～１３,１３～１４,１４～１５,１５～１６,１６～１７,１７～１８,１８～１９,１２ｈ計,２４ｈ計,,
６１４００文京区大塚４－４,６０４７,特例都道小石川西巣鴨線（都道４３６号）,補７９,（プラタナス通り）,１０月２６日（火）,曇,自動車類上り大型車,34,50,58,52,42,30,47,34,41,24,7,13,432,-,,
６１４００文京区大塚４－４,６０４７,特例都道小石川西巣鴨線（都道４３６号）,補７９,（プラタナス通り）,１０月２６日（火）,曇,自動車類上り小型車,272,365,337,285,291,242,326,320,331,266,234,229,3498,-,,
６１４００文京区大塚４－４,６０４７,特例都道小石川西巣鴨線（都道４３６号）,補７９,（プラタナス通り）,１０月２６日（火）,曇,自動車類上り計,306,415,395,337,333,272,373,354,372,290,241,242,3930,-,,
６１４００文京区大塚４－４,６０４７,特例都道小石川西巣鴨線（都道４３６号）,補７９,（プラタナス通り）,１０月２６日（火）,曇,自動車類下り大型車,35,36,42,48,59,33,40,37,44,29,35,14,452,-,,
６１４００文京区大塚４－４,６０４７,特例都道小石川西巣鴨線（都道４３６号）,補７９,（プラタナス通り）,１０月２６日（火）,曇,自動車類下り小型車,124,206,320,404,364,312,288,366,417,374,397,316,3888,-,,
６１４００文京区大塚４－４,６０４７,特例都道小石川西巣鴨線（都道４３６号）,補７９,（プラタナス通り）,１０月２６日（火）,曇,自動車類下り計,159,242,362,452,423,345,328,403,461,403,432,330,4340,-,,
６１４００文京区大塚４－４,６０４７,特例都道小石川西巣鴨線（都道４３６号）,補７９,（プラタナス通り）,１０月２６日（火）,曇,自動車類合計大型車,69,86,100,100,101,63,87,71,85,53,42,27,884,-,,
６１４００文京区大塚４－４,６０４７,特例都道小石川西巣鴨線（都道４３６号）,補７９,（プラタナス通り）,１０月２６日（火）,曇,自動車類合計小型車,396,571,657,689,655,554,614,686,748,640,631,545,7386,-,,
６１４００文京区大塚４－４,６０４７,特例都道小石川西巣鴨線（都道４３６号）,補７９,（プラタナス通り）,１０月２６日（火）,曇,自動車類合計計,465,657,757,789,756,617,701,757,833,693,673,572,8270,-,,
６１４００文京区大塚４－４,６０４７,特例都道小石川西巣鴨線（都道４３６号）,補７９,（プラタナス通り）,１０月２６日（火）,曇,二輪車類,70,76,50,39,70,62,46,60,54,42,44,63,676,,,
６１４００文京区大塚４－４,６０４７,特例都道小石川西巣鴨線（都道４３６号）,補７９,（プラタナス通り）,１０月２６日（火）,曇,自転車類,80,102,92,112,131,154,98,55,65,101,138,131,1259,,,
６１４００文京区大塚４－４,６０４７,特例都道小石川西巣鴨線（都道４３６号）,補７９,（プラタナス通り）,１０月２６日（火）,曇,歩行者類,175,218,113,101,102,174,114,90,122,127,157,217,1710,,,
