﻿観測地点,Ｈ１７区間番号,路線名,都市計画路線名,通称道路名,調査日,天候,ピーク時間交通量（台／ｈ）,ピーク率（％）,混雑時平均旅行速度（ｋｍ／ｈ）,大型車台数（台／１２ｈ）,混入率（％）,混雑度,昼夜率,車線数,５８年度（台／１２ｈ）,６０年度（台／１２ｈ）,６３年度（台／１２ｈ）,２年度（台／１２ｈ）,６年度（台／１２ｈ）,９年度（台／１２ｈ）,１１年度（台／１２ｈ）,１７年度（台／１２ｈ）,２２年度（台／１２ｈ）
４１３５０葛飾区堀切３－１４,４０６６,主要地方道千住小松川葛西沖線（都道３０８号）,補１４０,平和橋通り,１０月２０日（水）,曇,1023,10.0,14.8,1795,17.5,1.48,-,2,14475,13002,12400,13386,12198,12669,12042,12289,10255
,,,,,,,,,,,,,,,,,,,,,,,
観測地点,Ｈ１７区間番号,路線名,都市計画路線名,通称道路名,調査日,天候,時間・種別,７～８,８～９,９～１０,１０～１１,１１～１２,１２～１３,１３～１４,１４～１５,１５～１６,１６～１７,１７～１８,１８～１９,１２ｈ計,２４ｈ計,,
４１３５０葛飾区堀切３－１４,４０６６,主要地方道千住小松川葛西沖線（都道３０８号）,補１４０,平和橋通り,１０月２０日（水）,曇,自動車類上り大型車,84,79,109,76,94,80,73,94,76,68,60,41,934,-,,
４１３５０葛飾区堀切３－１４,４０６６,主要地方道千住小松川葛西沖線（都道３０８号）,補１４０,平和橋通り,１０月２０日（水）,曇,自動車類上り小型車,266,263,326,341,346,313,357,449,379,426,425,502,4393,-,,
４１３５０葛飾区堀切３－１４,４０６６,主要地方道千住小松川葛西沖線（都道３０８号）,補１４０,平和橋通り,１０月２０日（水）,曇,自動車類上り計,350,342,435,417,440,393,430,543,455,494,485,543,5327,-,,
４１３５０葛飾区堀切３－１４,４０６６,主要地方道千住小松川葛西沖線（都道３０８号）,補１４０,平和橋通り,１０月２０日（水）,曇,自動車類下り大型車,95,95,97,75,66,80,91,82,66,66,24,24,861,-,,
４１３５０葛飾区堀切３－１４,４０６６,主要地方道千住小松川葛西沖線（都道３０８号）,補１４０,平和橋通り,１０月２０日（水）,曇,自動車類下り小型車,578,404,316,298,294,265,315,368,332,299,303,295,4067,-,,
４１３５０葛飾区堀切３－１４,４０６６,主要地方道千住小松川葛西沖線（都道３０８号）,補１４０,平和橋通り,１０月２０日（水）,曇,自動車類下り計,673,499,413,373,360,345,406,450,398,365,327,319,4928,-,,
４１３５０葛飾区堀切３－１４,４０６６,主要地方道千住小松川葛西沖線（都道３０８号）,補１４０,平和橋通り,１０月２０日（水）,曇,自動車類合計大型車,179,174,206,151,160,160,164,176,142,134,84,65,1795,-,,
４１３５０葛飾区堀切３－１４,４０６６,主要地方道千住小松川葛西沖線（都道３０８号）,補１４０,平和橋通り,１０月２０日（水）,曇,自動車類合計小型車,844,667,642,639,640,578,672,817,711,725,728,797,8460,-,,
４１３５０葛飾区堀切３－１４,４０６６,主要地方道千住小松川葛西沖線（都道３０８号）,補１４０,平和橋通り,１０月２０日（水）,曇,自動車類合計計,1023,841,848,790,800,738,836,993,853,859,812,862,10255,-,,
４１３５０葛飾区堀切３－１４,４０６６,主要地方道千住小松川葛西沖線（都道３０８号）,補１４０,平和橋通り,１０月２０日（水）,曇,二輪車類,199,128,50,42,46,48,42,55,53,74,132,126,995,,,
４１３５０葛飾区堀切３－１４,４０６６,主要地方道千住小松川葛西沖線（都道３０８号）,補１４０,平和橋通り,１０月２０日（水）,曇,自転車類,242,265,187,137,144,162,149,145,178,187,360,256,2412,,,
４１３５０葛飾区堀切３－１４,４０６６,主要地方道千住小松川葛西沖線（都道３０８号）,補１４０,平和橋通り,１０月２０日（水）,曇,歩行者類,188,154,109,104,62,73,67,61,94,73,177,110,1272,,,
