﻿観測地点,Ｈ１７区間番号,路線名,都市計画路線名,通称道路名,調査日,天候,ピーク時間交通量（台／ｈ）,ピーク率（％）,混雑時平均旅行速度（ｋｍ／ｈ）,大型車台数（台／１２ｈ）,混入率（％）,混雑度,昼夜率,車線数,５８年度（台／１２ｈ）,６０年度（台／１２ｈ）,６３年度（台／１２ｈ）,２年度（台／１２ｈ）,６年度（台／１２ｈ）,９年度（台／１２ｈ）,１１年度（台／１２ｈ）,１７年度（台／１２ｈ）,２２年度（台／１２ｈ）
６０２８０練馬区関町北４－３０,６０１２,一般都道杉並田無線（都道２４５号）,補７６,新青梅街道,１０月７日（木）,晴,1052,9.6,16.6,1702,15.5,1.14,-,2,14233,13535,13429,13935,15061,13985,14841,13393,10971
,,,,,,,,,,,,,,,,,,,,,,,
観測地点,Ｈ１７区間番号,路線名,都市計画路線名,通称道路名,調査日,天候,時間・種別,７～８,８～９,９～１０,１０～１１,１１～１２,１２～１３,１３～１４,１４～１５,１５～１６,１６～１７,１７～１８,１８～１９,１２ｈ計,２４ｈ計,,
６０２８０練馬区関町北４－３０,６０１２,一般都道杉並田無線（都道２４５号）,補７６,新青梅街道,１０月７日（木）,晴,自動車類上り大型車,84,80,106,102,83,62,61,69,64,60,45,31,847,-,,
６０２８０練馬区関町北４－３０,６０１２,一般都道杉並田無線（都道２４５号）,補７６,新青梅街道,１０月７日（木）,晴,自動車類上り小型車,481,456,405,389,388,307,345,364,384,426,433,423,4801,-,,
６０２８０練馬区関町北４－３０,６０１２,一般都道杉並田無線（都道２４５号）,補７６,新青梅街道,１０月７日（木）,晴,自動車類上り計,565,536,511,491,471,369,406,433,448,486,478,454,5648,-,,
６０２８０練馬区関町北４－３０,６０１２,一般都道杉並田無線（都道２４５号）,補７６,新青梅街道,１０月７日（木）,晴,自動車類下り大型車,86,70,92,94,96,79,74,74,66,53,37,34,855,-,,
６０２８０練馬区関町北４－３０,６０１２,一般都道杉並田無線（都道２４５号）,補７６,新青梅街道,１０月７日（木）,晴,自動車類下り小型車,331,326,296,326,336,320,345,368,374,430,452,564,4468,-,,
６０２８０練馬区関町北４－３０,６０１２,一般都道杉並田無線（都道２４５号）,補７６,新青梅街道,１０月７日（木）,晴,自動車類下り計,417,396,388,420,432,399,419,442,440,483,489,598,5323,-,,
６０２８０練馬区関町北４－３０,６０１２,一般都道杉並田無線（都道２４５号）,補７６,新青梅街道,１０月７日（木）,晴,自動車類合計大型車,170,150,198,196,179,141,135,143,130,113,82,65,1702,-,,
６０２８０練馬区関町北４－３０,６０１２,一般都道杉並田無線（都道２４５号）,補７６,新青梅街道,１０月７日（木）,晴,自動車類合計小型車,812,782,701,715,724,627,690,732,758,856,885,987,9269,-,,
６０２８０練馬区関町北４－３０,６０１２,一般都道杉並田無線（都道２４５号）,補７６,新青梅街道,１０月７日（木）,晴,自動車類合計計,982,932,899,911,903,768,825,875,888,969,967,1052,10971,-,,
６０２８０練馬区関町北４－３０,６０１２,一般都道杉並田無線（都道２４５号）,補７６,新青梅街道,１０月７日（木）,晴,二輪車類,-,-,-,-,-,-,-,-,-,-,-,-,-,,,
６０２８０練馬区関町北４－３０,６０１２,一般都道杉並田無線（都道２４５号）,補７６,新青梅街道,１０月７日（木）,晴,自転車類,139,211,136,99,196,108,96,99,142,144,145,128,1643,,,
６０２８０練馬区関町北４－３０,６０１２,一般都道杉並田無線（都道２４５号）,補７６,新青梅街道,１０月７日（木）,晴,歩行者類,47,34,27,33,38,24,24,27,24,34,43,46,401,,,
