﻿観測地点,Ｈ１７区間番号,路線名,都市計画路線名,通称道路名,調査日,天候,ピーク時間交通量（台／ｈ）,ピーク率（％）,混雑時平均旅行速度（ｋｍ／ｈ）,大型車台数（台／１２ｈ）,混入率（％）,混雑度,昼夜率,車線数,５８年度（台／１２ｈ）,６０年度（台／１２ｈ）,６３年度（台／１２ｈ）,２年度（台／１２ｈ）,６年度（台／１２ｈ）,９年度（台／１２ｈ）,１１年度（台／１２ｈ）,１７年度（台／１２ｈ）,２２年度（台／１２ｈ）
６０１７０武蔵野市吉祥寺東町２－１５－１,３６００８,一般都道関町吉祥寺線（都道１１６号）,補１３５,吉祥寺通り,１０月７日（木）,晴,870,9.6,11.7,1251,13.8,1.36,-,2,-,9683,10305,35833,10843,10274,10021,10873,9096
,,,,,,,,,,,,,,,,,,,,,,,
観測地点,Ｈ１７区間番号,路線名,都市計画路線名,通称道路名,調査日,天候,時間・種別,７～８,８～９,９～１０,１０～１１,１１～１２,１２～１３,１３～１４,１４～１５,１５～１６,１６～１７,１７～１８,１８～１９,１２ｈ計,２４ｈ計,,
６０１７０武蔵野市吉祥寺東町２－１５－１,３６００８,一般都道関町吉祥寺線（都道１１６号）,補１３５,吉祥寺通り,１０月７日（木）,晴,自動車類上り大型車,43,61,71,60,68,62,59,54,50,40,55,33,656,-,,
６０１７０武蔵野市吉祥寺東町２－１５－１,３６００８,一般都道関町吉祥寺線（都道１１６号）,補１３５,吉祥寺通り,１０月７日（木）,晴,自動車類上り小型車,228,266,246,282,278,344,324,373,371,383,425,391,3911,-,,
６０１７０武蔵野市吉祥寺東町２－１５－１,３６００８,一般都道関町吉祥寺線（都道１１６号）,補１３５,吉祥寺通り,１０月７日（木）,晴,自動車類上り計,271,327,317,342,346,406,383,427,421,423,480,424,4567,-,,
６０１７０武蔵野市吉祥寺東町２－１５－１,３６００８,一般都道関町吉祥寺線（都道１１６号）,補１３５,吉祥寺通り,１０月７日（木）,晴,自動車類下り大型車,71,68,75,62,45,51,40,56,39,25,29,34,595,-,,
６０１７０武蔵野市吉祥寺東町２－１５－１,３６００８,一般都道関町吉祥寺線（都道１１６号）,補１３５,吉祥寺通り,１０月７日（木）,晴,自動車類下り小型車,450,475,360,317,290,280,292,285,336,276,289,284,3934,-,,
６０１７０武蔵野市吉祥寺東町２－１５－１,３６００８,一般都道関町吉祥寺線（都道１１６号）,補１３５,吉祥寺通り,１０月７日（木）,晴,自動車類下り計,521,543,435,379,335,331,332,341,375,301,318,318,4529,-,,
６０１７０武蔵野市吉祥寺東町２－１５－１,３６００８,一般都道関町吉祥寺線（都道１１６号）,補１３５,吉祥寺通り,１０月７日（木）,晴,自動車類合計大型車,114,129,146,122,113,113,99,110,89,65,84,67,1251,-,,
６０１７０武蔵野市吉祥寺東町２－１５－１,３６００８,一般都道関町吉祥寺線（都道１１６号）,補１３５,吉祥寺通り,１０月７日（木）,晴,自動車類合計小型車,678,741,606,599,568,624,616,658,707,659,714,675,7845,-,,
６０１７０武蔵野市吉祥寺東町２－１５－１,３６００８,一般都道関町吉祥寺線（都道１１６号）,補１３５,吉祥寺通り,１０月７日（木）,晴,自動車類合計計,792,870,752,721,681,737,715,768,796,724,798,742,9096,-,,
６０１７０武蔵野市吉祥寺東町２－１５－１,３６００８,一般都道関町吉祥寺線（都道１１６号）,補１３５,吉祥寺通り,１０月７日（木）,晴,二輪車類,-,-,-,-,-,-,-,-,-,-,-,-,-,,,
６０１７０武蔵野市吉祥寺東町２－１５－１,３６００８,一般都道関町吉祥寺線（都道１１６号）,補１３５,吉祥寺通り,１０月７日（木）,晴,自転車類,318,353,279,228,247,226,221,164,147,233,261,278,2955,,,
６０１７０武蔵野市吉祥寺東町２－１５－１,３６００８,一般都道関町吉祥寺線（都道１１６号）,補１３５,吉祥寺通り,１０月７日（木）,晴,歩行者類,126,122,93,101,96,87,92,120,80,148,134,146,1345,,,
