﻿観測地点,Ｈ１７区間番号,路線名,都市計画路線名,通称道路名,調査日,天候,ピーク時間交通量（台／ｈ）,ピーク率（％）,混雑時平均旅行速度（ｋｍ／ｈ）,大型車台数（台／１２ｈ）,混入率（％）,混雑度,昼夜率,車線数,５８年度（台／１２ｈ）,６０年度（台／１２ｈ）,６３年度（台／１２ｈ）,２年度（台／１２ｈ）,６年度（台／１２ｈ）,９年度（台／１２ｈ）,１１年度（台／１２ｈ）,１７年度（台／１２ｈ）,２２年度（台／１２ｈ）
６０８７０渋谷区千駄ヶ谷１－３２,６０２８,特例都道北品川四谷線（都道４１８号）,環４,外苑西通り,１０月２６日（火）,曇,1211,9.3,17.3,1245,9.6,0.89,-,4,22249,19963,19996,17958,19076,16276,17559,16386,12964
,,,,,,,,,,,,,,,,,,,,,,,
観測地点,Ｈ１７区間番号,路線名,都市計画路線名,通称道路名,調査日,天候,時間・種別,７～８,８～９,９～１０,１０～１１,１１～１２,１２～１３,１３～１４,１４～１５,１５～１６,１６～１７,１７～１８,１８～１９,１２ｈ計,２４ｈ計,,
６０８７０渋谷区千駄ヶ谷１－３２,６０２８,特例都道北品川四谷線（都道４１８号）,環４,外苑西通り,１０月２６日（火）,曇,自動車類上り大型車,77,78,113,81,81,76,73,54,40,52,40,32,797,-,,
６０８７０渋谷区千駄ヶ谷１－３２,６０２８,特例都道北品川四谷線（都道４１８号）,環４,外苑西通り,１０月２６日（火）,曇,自動車類上り小型車,388,547,600,649,585,583,594,632,659,697,637,583,7154,-,,
６０８７０渋谷区千駄ヶ谷１－３２,６０２８,特例都道北品川四谷線（都道４１８号）,環４,外苑西通り,１０月２６日（火）,曇,自動車類上り計,465,625,713,730,666,659,667,686,699,749,677,615,7951,-,,
６０８７０渋谷区千駄ヶ谷１－３２,６０２８,特例都道北品川四谷線（都道４１８号）,環４,外苑西通り,１０月２６日（火）,曇,自動車類下り大型車,37,59,37,33,40,44,40,46,38,23,20,31,448,-,,
６０８７０渋谷区千駄ヶ谷１－３２,６０２８,特例都道北品川四谷線（都道４１８号）,環４,外苑西通り,１０月２６日（火）,曇,自動車類下り小型車,213,317,386,394,384,366,368,389,450,439,464,395,4565,-,,
６０８７０渋谷区千駄ヶ谷１－３２,６０２８,特例都道北品川四谷線（都道４１８号）,環４,外苑西通り,１０月２６日（火）,曇,自動車類下り計,250,376,423,427,424,410,408,435,488,462,484,426,5013,-,,
６０８７０渋谷区千駄ヶ谷１－３２,６０２８,特例都道北品川四谷線（都道４１８号）,環４,外苑西通り,１０月２６日（火）,曇,自動車類合計大型車,114,137,150,114,121,120,113,100,78,75,60,63,1245,-,,
６０８７０渋谷区千駄ヶ谷１－３２,６０２８,特例都道北品川四谷線（都道４１８号）,環４,外苑西通り,１０月２６日（火）,曇,自動車類合計小型車,601,864,986,1043,969,949,962,1021,1109,1136,1101,978,11719,-,,
６０８７０渋谷区千駄ヶ谷１－３２,６０２８,特例都道北品川四谷線（都道４１８号）,環４,外苑西通り,１０月２６日（火）,曇,自動車類合計計,715,1001,1136,1157,1090,1069,1075,1121,1187,1211,1161,1041,12964,-,,
６０８７０渋谷区千駄ヶ谷１－３２,６０２８,特例都道北品川四谷線（都道４１８号）,環４,外苑西通り,１０月２６日（火）,曇,二輪車類,88,115,156,148,141,150,126,149,158,135,137,180,1683,,,
６０８７０渋谷区千駄ヶ谷１－３２,６０２８,特例都道北品川四谷線（都道４１８号）,環４,外苑西通り,１０月２６日（火）,曇,自転車類,28,63,68,59,55,45,46,23,28,30,52,57,554,,,
６０８７０渋谷区千駄ヶ谷１－３２,６０２８,特例都道北品川四谷線（都道４１８号）,環４,外苑西通り,１０月２６日（火）,曇,歩行者類,154,367,243,119,90,147,113,85,111,118,176,213,1936,,,
