﻿観測地点,Ｈ１７区間番号,路線名,都市計画路線名,通称道路名,調査日,天候,ピーク時間交通量（台／ｈ）,ピーク率（％）,混雑時平均旅行速度（ｋｍ／ｈ）,大型車台数（台／１２ｈ）,混入率（％）,混雑度,昼夜率,車線数,５８年度（台／１２ｈ）,６０年度（台／１２ｈ）,６３年度（台／１２ｈ）,２年度（台／１２ｈ）,６年度（台／１２ｈ）,９年度（台／１２ｈ）,１１年度（台／１２ｈ）,１７年度（台／１２ｈ）,２２年度（台／１２ｈ）
５３６０東京都大田区東糀谷６丁目,５０５,首都高速一号線,高速１号線,（首都高速１号羽田線）,１１月１６日（火）,晴,5690,9.5,67.1,9514,15.8,1,1.46,4,44357,58859,31945,30032,27849,37903,38897,29890,60071
,,,,,,,,,,,,,,,,,,,,,,,
観測地点,Ｈ１７区間番号,路線名,都市計画路線名,通称道路名,調査日,天候,時間・種別,７～８,８～９,９～１０,１０～１１,１１～１２,１２～１３,１３～１４,１４～１５,１５～１６,１６～１７,１７～１８,１８～１９,１２ｈ計,２４ｈ計,,
５３６０東京都大田区東糀谷６丁目,５０５,首都高速一号線,高速１号線,（首都高速１号羽田線）,１１月１６日（火）,晴,自動車類上り大型車,299,394,490,545,505,353,332,428,396,305,269,213,4529,6991,,
５３６０東京都大田区東糀谷６丁目,５０５,首都高速一号線,高速１号線,（首都高速１号羽田線）,１１月１６日（火）,晴,自動車類上り小型車,2966,2531,1935,1669,1793,1764,1665,1965,2106,2086,2222,1648,24350,34107,,
５３６０東京都大田区東糀谷６丁目,５０５,首都高速一号線,高速１号線,（首都高速１号羽田線）,１１月１６日（火）,晴,自動車類上り計,3265,2925,2425,2214,2298,2117,1997,2393,2502,2391,2491,1861,28879,41098,,
５３６０東京都大田区東糀谷６丁目,５０５,首都高速一号線,高速１号線,（首都高速１号羽田線）,１１月１６日（火）,晴,自動車類下り大型車,312,337,466,576,658,460,447,453,503,362,234,177,4985,7956,,
５３６０東京都大田区東糀谷６丁目,５０５,首都高速一号線,高速１号線,（首都高速１号羽田線）,１１月１６日（火）,晴,自動車類下り小型車,2113,2139,2020,2019,2029,2040,2069,2080,2273,2335,2700,2390,26207,38758,,
５３６０東京都大田区東糀谷６丁目,５０５,首都高速一号線,高速１号線,（首都高速１号羽田線）,１１月１６日（火）,晴,自動車類下り計,2425,2476,2486,2595,2687,2500,2516,2533,2776,2697,2934,2567,31192,46714,,
５３６０東京都大田区東糀谷６丁目,５０５,首都高速一号線,高速１号線,（首都高速１号羽田線）,１１月１６日（火）,晴,自動車類合計大型車,611,731,956,1121,1163,813,779,881,899,667,503,390,9514,14947,,
５３６０東京都大田区東糀谷６丁目,５０５,首都高速一号線,高速１号線,（首都高速１号羽田線）,１１月１６日（火）,晴,自動車類合計小型車,5079,4670,3955,3688,3822,3804,3734,4045,4379,4421,4922,4038,50557,72865,,
５３６０東京都大田区東糀谷６丁目,５０５,首都高速一号線,高速１号線,（首都高速１号羽田線）,１１月１６日（火）,晴,自動車類合計計,5690,5401,4911,4809,4985,4617,4513,4926,5278,5088,5425,4428,60071,87812,,
５３６０東京都大田区東糀谷６丁目,５０５,首都高速一号線,高速１号線,（首都高速１号羽田線）,１１月１６日（火）,晴,二輪車類,-,-,-,-,-,-,-,-,-,-,-,-,-,,,
５３６０東京都大田区東糀谷６丁目,５０５,首都高速一号線,高速１号線,（首都高速１号羽田線）,１１月１６日（火）,晴,自転車類,-,-,-,-,-,-,-,-,-,-,-,-,-,,,
５３６０東京都大田区東糀谷６丁目,５０５,首都高速一号線,高速１号線,（首都高速１号羽田線）,１１月１６日（火）,晴,歩行者類,-,-,-,-,-,-,-,-,-,-,-,-,-,,,
