﻿観測地点,Ｈ１７区間番号,路線名,都市計画路線名,通称道路名,調査日,天候,ピーク時間交通量（台／ｈ）,ピーク率（％）,混雑時平均旅行速度（ｋｍ／ｈ）,大型車台数（台／１２ｈ）,混入率（％）,混雑度,昼夜率,車線数,５８年度（台／１２ｈ）,６０年度（台／１２ｈ）,６３年度（台／１２ｈ）,２年度（台／１２ｈ）,６年度（台／１２ｈ）,９年度（台／１２ｈ）,１１年度（台／１２ｈ）,１７年度（台／１２ｈ）,２２年度（台／１２ｈ）
６０４０東京都江東区冬木,５１３,首都高速九号線,高速９号線,（首都高速９号深川線）,１１月１６日（火）,晴,3902,9.2,21.2,9582,22.6,0.82,1.50,4,33905,41631,37259,39298,34080,39847,39482,39472,42426
,,,,,,,,,,,,,,,,,,,,,,,
観測地点,Ｈ１７区間番号,路線名,都市計画路線名,通称道路名,調査日,天候,時間・種別,７～８,８～９,９～１０,１０～１１,１１～１２,１２～１３,１３～１４,１４～１５,１５～１６,１６～１７,１７～１８,１８～１９,１２ｈ計,２４ｈ計,,
６０４０東京都江東区冬木,５１３,首都高速九号線,高速９号線,（首都高速９号深川線）,１１月１６日（火）,晴,自動車類上り大型車,439,360,527,748,761,662,420,498,406,506,463,521,6311,10609,,
６０４０東京都江東区冬木,５１３,首都高速九号線,高速９号線,（首都高速９号深川線）,１１月１６日（火）,晴,自動車類上り小型車,1952,1870,1265,1232,1087,952,1360,1478,1644,1970,1878,1332,18020,26027,,
６０４０東京都江東区冬木,５１３,首都高速九号線,高速９号線,（首都高速９号深川線）,１１月１６日（火）,晴,自動車類上り計,2391,2230,1792,1980,1848,1614,1780,1976,2050,2476,2341,1853,24331,36636,,
６０４０東京都江東区冬木,５１３,首都高速九号線,高速９号線,（首都高速９号深川線）,１１月１６日（火）,晴,自動車類下り大型車,221,194,309,355,442,547,292,286,218,172,120,115,3271,5863,,
６０４０東京都江東区冬木,５１３,首都高速九号線,高速９号線,（首都高速９号深川線）,１１月１６日（火）,晴,自動車類下り小型車,1290,1324,1387,1228,1195,1363,1355,1178,1191,1173,1064,1076,14824,21337,,
６０４０東京都江東区冬木,５１３,首都高速九号線,高速９号線,（首都高速９号深川線）,１１月１６日（火）,晴,自動車類下り計,1511,1518,1696,1583,1637,1910,1647,1464,1409,1345,1184,1191,18095,27200,,
６０４０東京都江東区冬木,５１３,首都高速九号線,高速９号線,（首都高速９号深川線）,１１月１６日（火）,晴,自動車類合計大型車,660,554,836,1103,1203,1209,712,784,624,678,583,636,9582,16472,,
６０４０東京都江東区冬木,５１３,首都高速九号線,高速９号線,（首都高速９号深川線）,１１月１６日（火）,晴,自動車類合計小型車,3242,3194,2652,2460,2282,2315,2715,2656,2835,3143,2942,2408,32844,47364,,
６０４０東京都江東区冬木,５１３,首都高速九号線,高速９号線,（首都高速９号深川線）,１１月１６日（火）,晴,自動車類合計計,3902,3748,3488,3563,3485,3524,3427,3440,3459,3821,3525,3044,42426,63836,,
６０４０東京都江東区冬木,５１３,首都高速九号線,高速９号線,（首都高速９号深川線）,１１月１６日（火）,晴,二輪車類,-,-,-,-,-,-,-,-,-,-,-,-,-,,,
６０４０東京都江東区冬木,５１３,首都高速九号線,高速９号線,（首都高速９号深川線）,１１月１６日（火）,晴,自転車類,-,-,-,-,-,-,-,-,-,-,-,-,-,,,
６０４０東京都江東区冬木,５１３,首都高速九号線,高速９号線,（首都高速９号深川線）,１１月１６日（火）,晴,歩行者類,-,-,-,-,-,-,-,-,-,-,-,-,-,,,
