﻿観測地点,Ｈ１７区間番号,路線名,都市計画路線名,通称道路名,調査日,天候,ピーク時間交通量（台／ｈ）,ピーク率（％）,混雑時平均旅行速度（ｋｍ／ｈ）,大型車台数（台／１２ｈ）,混入率（％）,混雑度,昼夜率,車線数,５８年度（台／１２ｈ）,６０年度（台／１２ｈ）,６３年度（台／１２ｈ）,２年度（台／１２ｈ）,６年度（台／１２ｈ）,９年度（台／１２ｈ）,１１年度（台／１２ｈ）,１７年度（台／１２ｈ）,２２年度（台／１２ｈ）
５１５０東京都千代田区大手町２丁目,５０２,首都高速四号線,高速４号線,（首都高速都心環状線）,１１月１６日（火）,晴,6253,10.2,12.8,9340,15.2,1.02,1.62,4,68846,73242,61793,66190,60489,71125,71755,68360,61525
,,,,,,,,,,,,,,,,,,,,,,,
観測地点,Ｈ１７区間番号,路線名,都市計画路線名,通称道路名,調査日,天候,時間・種別,７～８,８～９,９～１０,１０～１１,１１～１２,１２～１３,１３～１４,１４～１５,１５～１６,１６～１７,１７～１８,１８～１９,１２ｈ計,２４ｈ計,,
５１５０東京都千代田区大手町２丁目,５０２,首都高速四号線,高速４号線,（首都高速都心環状線）,１１月１６日（火）,晴,自動車類上り大型車,392,398,473,481,550,529,435,454,360,354,263,226,4915,10856,,
５１５０東京都千代田区大手町２丁目,５０２,首都高速四号線,高速４号線,（首都高速都心環状線）,１１月１６日（火）,晴,自動車類上り小型車,2458,2508,2280,1973,1814,1542,1857,1856,2065,2071,2032,1834,24290,36465,,
５１５０東京都千代田区大手町２丁目,５０２,首都高速四号線,高速４号線,（首都高速都心環状線）,１１月１６日（火）,晴,自動車類上り計,2850,2906,2753,2454,2364,2071,2292,2310,2425,2425,2295,2060,29205,47321,,
５１５０東京都千代田区大手町２丁目,５０２,首都高速四号線,高速４号線,（首都高速都心環状線）,１１月１６日（火）,晴,自動車類下り大型車,282,314,563,505,423,522,385,465,397,303,126,140,4425,9071,,
５１５０東京都千代田区大手町２丁目,５０２,首都高速四号線,高速４号線,（首都高速都心環状線）,１１月１６日（火）,晴,自動車類下り小型車,2736,3033,2720,2037,1887,2326,2349,2340,2362,2492,1870,1743,27895,43243,,
５１５０東京都千代田区大手町２丁目,５０２,首都高速四号線,高速４号線,（首都高速都心環状線）,１１月１６日（火）,晴,自動車類下り計,3018,3347,3283,2542,2310,2848,2734,2805,2759,2795,1996,1883,32320,52314,,
５１５０東京都千代田区大手町２丁目,５０２,首都高速四号線,高速４号線,（首都高速都心環状線）,１１月１６日（火）,晴,自動車類合計大型車,674,712,1036,986,973,1051,820,919,757,657,389,366,9340,19927,,
５１５０東京都千代田区大手町２丁目,５０２,首都高速四号線,高速４号線,（首都高速都心環状線）,１１月１６日（火）,晴,自動車類合計小型車,5194,5541,5000,4010,3701,3868,4206,4196,4427,4563,3902,3577,52185,79708,,
５１５０東京都千代田区大手町２丁目,５０２,首都高速四号線,高速４号線,（首都高速都心環状線）,１１月１６日（火）,晴,自動車類合計計,5868,6253,6036,4996,4674,4919,5026,5115,5184,5220,4291,3943,61525,99635,,
５１５０東京都千代田区大手町２丁目,５０２,首都高速四号線,高速４号線,（首都高速都心環状線）,１１月１６日（火）,晴,二輪車類,-,-,-,-,-,-,-,-,-,-,-,-,-,,,
５１５０東京都千代田区大手町２丁目,５０２,首都高速四号線,高速４号線,（首都高速都心環状線）,１１月１６日（火）,晴,自転車類,-,-,-,-,-,-,-,-,-,-,-,-,-,,,
５１５０東京都千代田区大手町２丁目,５０２,首都高速四号線,高速４号線,（首都高速都心環状線）,１１月１６日（火）,晴,歩行者類,-,-,-,-,-,-,-,-,-,-,-,-,-,,,
