﻿観測地点,Ｈ１７区間番号,路線名,都市計画路線名,通称道路名,調査日,天候,ピーク時間交通量（台／ｈ）,ピーク率（％）,混雑時平均旅行速度（ｋｍ／ｈ）,大型車台数（台／１２ｈ）,混入率（％）,混雑度,昼夜率,車線数,５８年度（台／１２ｈ）,６０年度（台／１２ｈ）,６３年度（台／１２ｈ）,２年度（台／１２ｈ）,６年度（台／１２ｈ）,９年度（台／１２ｈ）,１１年度（台／１２ｈ）,１７年度（台／１２ｈ）,２２年度（台／１２ｈ）
５６８０東京都板橋区大山金井町,５１０,首都高速五号線,高速５号線,（首都高速５号池袋線）,１１月１６日（火）,晴,8905,9.2,42.4,18095,18.6,1.52,1.56,4,48678,48236,47376,49769,53953,56103,65791,64222,97226
,,,,,,,,,,,,,,,,,,,,,,,
観測地点,Ｈ１７区間番号,路線名,都市計画路線名,通称道路名,調査日,天候,時間・種別,７～８,８～９,９～１０,１０～１１,１１～１２,１２～１３,１３～１４,１４～１５,１５～１６,１６～１７,１７～１８,１８～１９,１２ｈ計,２４ｈ計,,
５６８０東京都板橋区大山金井町,５１０,首都高速五号線,高速５号線,（首都高速５号池袋線）,１１月１６日（火）,晴,自動車類上り大型車,556,670,868,1140,891,688,692,753,719,532,550,471,8530,15736,,
５６８０東京都板橋区大山金井町,５１０,首都高速五号線,高速５号線,（首都高速５号池袋線）,１１月１６日（火）,晴,自動車類上り小型車,3945,4020,3366,3064,2830,2565,2769,2943,3277,3317,3519,3240,38855,56619,,
５６８０東京都板橋区大山金井町,５１０,首都高速五号線,高速５号線,（首都高速５号池袋線）,１１月１６日（火）,晴,自動車類上り計,4501,4690,4234,4204,3721,3253,3461,3696,3996,3849,4069,3711,47385,72355,,
５６８０東京都板橋区大山金井町,５１０,首都高速五号線,高速５号線,（首都高速５号池袋線）,１１月１６日（火）,晴,自動車類下り大型車,621,666,880,1018,1029,1012,841,870,828,750,557,493,9565,17767,,
５６８０東京都板橋区大山金井町,５１０,首都高速五号線,高速５号線,（首都高速５号池袋線）,１１月１６日（火）,晴,自動車類下り小型車,2736,2830,2931,3133,3334,3150,3026,3161,3537,3899,4279,4260,40276,61423,,
５６８０東京都板橋区大山金井町,５１０,首都高速五号線,高速５号線,（首都高速５号池袋線）,１１月１６日（火）,晴,自動車類下り計,3357,3496,3811,4151,4363,4162,3867,4031,4365,4649,4836,4753,49841,79190,,
５６８０東京都板橋区大山金井町,５１０,首都高速五号線,高速５号線,（首都高速５号池袋線）,１１月１６日（火）,晴,自動車類合計大型車,1177,1336,1748,2158,1920,1700,1533,1623,1547,1282,1107,964,18095,33503,,
５６８０東京都板橋区大山金井町,５１０,首都高速五号線,高速５号線,（首都高速５号池袋線）,１１月１６日（火）,晴,自動車類合計小型車,6681,6850,6297,6197,6164,5715,5795,6104,6814,7216,7798,7500,79131,118042,,
５６８０東京都板橋区大山金井町,５１０,首都高速五号線,高速５号線,（首都高速５号池袋線）,１１月１６日（火）,晴,自動車類合計計,7858,8186,8045,8355,8084,7415,7328,7727,8361,8498,8905,8464,97226,151545,,
５６８０東京都板橋区大山金井町,５１０,首都高速五号線,高速５号線,（首都高速５号池袋線）,１１月１６日（火）,晴,二輪車類,-,-,-,-,-,-,-,-,-,-,-,-,-,,,
５６８０東京都板橋区大山金井町,５１０,首都高速五号線,高速５号線,（首都高速５号池袋線）,１１月１６日（火）,晴,自転車類,-,-,-,-,-,-,-,-,-,-,-,-,-,,,
５６８０東京都板橋区大山金井町,５１０,首都高速五号線,高速５号線,（首都高速５号池袋線）,１１月１６日（火）,晴,歩行者類,-,-,-,-,-,-,-,-,-,-,-,-,-,,,
