﻿観測地点,Ｈ１７区間番号,路線名,都市計画路線名,通称道路名,調査日,天候,ピーク時間交通量（台／ｈ）,ピーク率（％）,混雑時平均旅行速度（ｋｍ／ｈ）,大型車台数（台／１２ｈ）,混入率（％）,混雑度,昼夜率,車線数,５８年度（台／１２ｈ）,６０年度（台／１２ｈ）,６３年度（台／１２ｈ）,２年度（台／１２ｈ）,６年度（台／１２ｈ）,９年度（台／１２ｈ）,１１年度（台／１２ｈ）,１７年度（台／１２ｈ）,２２年度（台／１２ｈ）
５６００東京都杉並区上高井戸３丁目,５０９,首都高速四号線,高速４号線,（首都高速４号新宿線）,１１月１６日（火）,晴,5069,9.1,25.4,6708,12.0,0.84,1.50,4,46531,53529,56407,55613,59712,60766,61178,58012,55738
,,,,,,,,,,,,,,,,,,,,,,,
観測地点,Ｈ１７区間番号,路線名,都市計画路線名,通称道路名,調査日,天候,時間・種別,７～８,８～９,９～１０,１０～１１,１１～１２,１２～１３,１３～１４,１４～１５,１５～１６,１６～１７,１７～１８,１８～１９,１２ｈ計,２４ｈ計,,
５６００東京都杉並区上高井戸３丁目,５０９,首都高速四号線,高速４号線,（首都高速４号新宿線）,１１月１６日（火）,晴,自動車類上り大型車,193,217,324,306,317,286,282,286,277,233,178,197,3096,5708,,
５６００東京都杉並区上高井戸３丁目,５０９,首都高速四号線,高速４号線,（首都高速４号新宿線）,１１月１６日（火）,晴,自動車類上り小型車,2261,1788,1596,1562,1657,1656,1668,1821,2057,2217,2195,1938,22416,31404,,
５６００東京都杉並区上高井戸３丁目,５０９,首都高速四号線,高速４号線,（首都高速４号新宿線）,１１月１６日（火）,晴,自動車類上り計,2454,2005,1920,1868,1974,1942,1950,2107,2334,2450,2373,2135,25512,37112,,
５６００東京都杉並区上高井戸３丁目,５０９,首都高速四号線,高速４号線,（首都高速４号新宿線）,１１月１６日（火）,晴,自動車類下り大型車,287,296,326,373,373,338,297,332,291,296,235,168,3612,6489,,
５６００東京都杉並区上高井戸３丁目,５０９,首都高速四号線,高速４号線,（首都高速４号新宿線）,１１月１６日（火）,晴,自動車類下り小型車,2328,2375,2207,2278,2199,1959,1972,1999,2113,2240,2460,2484,26614,39949,,
５６００東京都杉並区上高井戸３丁目,５０９,首都高速四号線,高速４号線,（首都高速４号新宿線）,１１月１６日（火）,晴,自動車類下り計,2615,2671,2533,2651,2572,2297,2269,2331,2404,2536,2695,2652,30226,46438,,
５６００東京都杉並区上高井戸３丁目,５０９,首都高速四号線,高速４号線,（首都高速４号新宿線）,１１月１６日（火）,晴,自動車類合計大型車,480,513,650,679,690,624,579,618,568,529,413,365,6708,12197,,
５６００東京都杉並区上高井戸３丁目,５０９,首都高速四号線,高速４号線,（首都高速４号新宿線）,１１月１６日（火）,晴,自動車類合計小型車,4589,4163,3803,3840,3856,3615,3640,3820,4170,4457,4655,4422,49030,71353,,
５６００東京都杉並区上高井戸３丁目,５０９,首都高速四号線,高速４号線,（首都高速４号新宿線）,１１月１６日（火）,晴,自動車類合計計,5069,4676,4453,4519,4546,4239,4219,4438,4738,4986,5068,4787,55738,83550,,
５６００東京都杉並区上高井戸３丁目,５０９,首都高速四号線,高速４号線,（首都高速４号新宿線）,１１月１６日（火）,晴,二輪車類,-,-,-,-,-,-,-,-,-,-,-,-,-,,,
５６００東京都杉並区上高井戸３丁目,５０９,首都高速四号線,高速４号線,（首都高速４号新宿線）,１１月１６日（火）,晴,自転車類,-,-,-,-,-,-,-,-,-,-,-,-,-,,,
５６００東京都杉並区上高井戸３丁目,５０９,首都高速四号線,高速４号線,（首都高速４号新宿線）,１１月１６日（火）,晴,歩行者類,-,-,-,-,-,-,-,-,-,-,-,-,-,,,
