﻿観測地点,Ｈ１７区間番号,路線名,都市計画路線名,通称道路名,調査日,天候,ピーク時間交通量（台／ｈ）,ピーク率（％）,混雑時平均旅行速度（ｋｍ／ｈ）,大型車台数（台／１２ｈ）,混入率（％）,混雑度,昼夜率,車線数,５８年度（台／１２ｈ）,６０年度（台／１２ｈ）,６３年度（台／１２ｈ）,２年度（台／１２ｈ）,６年度（台／１２ｈ）,９年度（台／１２ｈ）,１１年度（台／１２ｈ）,１７年度（台／１２ｈ）,２２年度（台／１２ｈ）
５５５０東京都渋谷区本町１丁目,５０９,首都高速四号線,高速４号線,（首都高速４号新宿線）,１１月１６日（火）,晴,4981,9.6,21.5,5059,9.8,0.85,1.55,4,46531,53529,56407,55613,59712,60766,61178,58012,51639
,,,,,,,,,,,,,,,,,,,,,,,
観測地点,Ｈ１７区間番号,路線名,都市計画路線名,通称道路名,調査日,天候,時間・種別,７～８,８～９,９～１０,１０～１１,１１～１２,１２～１３,１３～１４,１４～１５,１５～１６,１６～１７,１７～１８,１８～１９,１２ｈ計,２４ｈ計,,
５５５０東京都渋谷区本町１丁目,５０９,首都高速四号線,高速４号線,（首都高速４号新宿線）,１１月１６日（火）,晴,自動車類上り大型車,167,178,324,353,239,208,199,256,180,191,138,158,2591,4329,,
５５５０東京都渋谷区本町１丁目,５０９,首都高速四号線,高速４号線,（首都高速４号新宿線）,１１月１６日（火）,晴,自動車類上り小型車,2711,2734,2340,2082,1742,1609,1719,1802,1928,2025,1966,1712,24370,34793,,
５５５０東京都渋谷区本町１丁目,５０９,首都高速四号線,高速４号線,（首都高速４号新宿線）,１１月１６日（火）,晴,自動車類上り計,2878,2912,2664,2435,1981,1817,1918,2058,2108,2216,2104,1870,26961,39122,,
５５５０東京都渋谷区本町１丁目,５０９,首都高速四号線,高速４号線,（首都高速４号新宿線）,１１月１６日（火）,晴,自動車類下り大型車,215,207,235,270,241,249,218,217,185,192,137,102,2468,4379,,
５５５０東京都渋谷区本町１丁目,５０９,首都高速四号線,高速４号線,（首都高速４号新宿線）,１１月１６日（火）,晴,自動車類下り小型車,1888,1793,1760,1792,1706,1660,1727,1789,1881,2067,2211,1936,22210,36667,,
５５５０東京都渋谷区本町１丁目,５０９,首都高速四号線,高速４号線,（首都高速４号新宿線）,１１月１６日（火）,晴,自動車類下り計,2103,2000,1995,2062,1947,1909,1945,2006,2066,2259,2348,2038,24678,41046,,
５５５０東京都渋谷区本町１丁目,５０９,首都高速四号線,高速４号線,（首都高速４号新宿線）,１１月１６日（火）,晴,自動車類合計大型車,382,385,559,623,480,457,417,473,365,383,275,260,5059,8708,,
５５５０東京都渋谷区本町１丁目,５０９,首都高速四号線,高速４号線,（首都高速４号新宿線）,１１月１６日（火）,晴,自動車類合計小型車,4599,4527,4100,3874,3448,3269,3446,3591,3809,4092,4177,3648,46580,71460,,
５５５０東京都渋谷区本町１丁目,５０９,首都高速四号線,高速４号線,（首都高速４号新宿線）,１１月１６日（火）,晴,自動車類合計計,4981,4912,4659,4497,3928,3726,3863,4064,4174,4475,4452,3908,51639,80168,,
５５５０東京都渋谷区本町１丁目,５０９,首都高速四号線,高速４号線,（首都高速４号新宿線）,１１月１６日（火）,晴,二輪車類,-,-,-,-,-,-,-,-,-,-,-,-,-,,,
５５５０東京都渋谷区本町１丁目,５０９,首都高速四号線,高速４号線,（首都高速４号新宿線）,１１月１６日（火）,晴,自転車類,-,-,-,-,-,-,-,-,-,-,-,-,-,,,
５５５０東京都渋谷区本町１丁目,５０９,首都高速四号線,高速４号線,（首都高速４号新宿線）,１１月１６日（火）,晴,歩行者類,-,-,-,-,-,-,-,-,-,-,-,-,-,,,
