﻿観測地点,Ｈ１７区間番号,路線名,都市計画路線名,通称道路名,調査日,天候,ピーク時間交通量（台／ｈ）,ピーク率（％）,混雑時平均旅行速度（ｋｍ／ｈ）,大型車台数（台／１２ｈ）,混入率（％）,混雑度,昼夜率,車線数,５８年度（台／１２ｈ）,６０年度（台／１２ｈ）,６３年度（台／１２ｈ）,２年度（台／１２ｈ）,６年度（台／１２ｈ）,９年度（台／１２ｈ）,１１年度（台／１２ｈ）,１７年度（台／１２ｈ）,２２年度（台／１２ｈ）
５１２０東京都千代田区北の丸公園,５０２,首都高速四号線,高速４号線,（首都高速都心環状線）,１１月１６日（火）,晴,6219,9.8,29.1,7866,12.4,1.04,1.54,4,68846,73242,61793,66190,60489,71125,71755,68360,63387
,,,,,,,,,,,,,,,,,,,,,,,
観測地点,Ｈ１７区間番号,路線名,都市計画路線名,通称道路名,調査日,天候,時間・種別,７～８,８～９,９～１０,１０～１１,１１～１２,１２～１３,１３～１４,１４～１５,１５～１６,１６～１７,１７～１８,１８～１９,１２ｈ計,２４ｈ計,,
５１２０東京都千代田区北の丸公園,５０２,首都高速四号線,高速４号線,（首都高速都心環状線）,１１月１６日（火）,晴,自動車類上り大型車,320,367,458,510,430,322,331,329,265,297,259,204,4092,7998,,
５１２０東京都千代田区北の丸公園,５０２,首都高速四号線,高速４号線,（首都高速都心環状線）,１１月１６日（火）,晴,自動車類上り小型車,2363,2377,2334,1893,1689,2000,1963,1982,1814,2053,2183,1886,24537,38035,,
５１２０東京都千代田区北の丸公園,５０２,首都高速四号線,高速４号線,（首都高速都心環状線）,１１月１６日（火）,晴,自動車類上り計,2683,2744,2792,2403,2119,2322,2294,2311,2079,2350,2442,2090,28629,46033,,
５１２０東京都千代田区北の丸公園,５０２,首都高速四号線,高速４号線,（首都高速都心環状線）,１１月１６日（火）,晴,自動車類下り大型車,214,273,479,487,417,508,271,326,248,256,140,155,3774,6788,,
５１２０東京都千代田区北の丸公園,５０２,首都高速四号線,高速４号線,（首都高速都心環状線）,１１月１６日（火）,晴,自動車類下り小型車,2552,3202,2788,2532,2303,2692,2283,2421,2475,2779,2683,2274,30984,44842,,
５１２０東京都千代田区北の丸公園,５０２,首都高速四号線,高速４号線,（首都高速都心環状線）,１１月１６日（火）,晴,自動車類下り計,2766,3475,3267,3019,2720,3200,2554,2747,2723,3035,2823,2429,34758,51630,,
５１２０東京都千代田区北の丸公園,５０２,首都高速四号線,高速４号線,（首都高速都心環状線）,１１月１６日（火）,晴,自動車類合計大型車,534,640,937,997,847,830,602,655,513,553,399,359,7866,14786,,
５１２０東京都千代田区北の丸公園,５０２,首都高速四号線,高速４号線,（首都高速都心環状線）,１１月１６日（火）,晴,自動車類合計小型車,4915,5579,5122,4425,3992,4692,4246,4403,4289,4832,4866,4160,55521,82877,,
５１２０東京都千代田区北の丸公園,５０２,首都高速四号線,高速４号線,（首都高速都心環状線）,１１月１６日（火）,晴,自動車類合計計,5449,6219,6059,5422,4839,5522,4848,5058,4802,5385,5265,4519,63387,97663,,
５１２０東京都千代田区北の丸公園,５０２,首都高速四号線,高速４号線,（首都高速都心環状線）,１１月１６日（火）,晴,二輪車類,-,-,-,-,-,-,-,-,-,-,-,-,-,,,
５１２０東京都千代田区北の丸公園,５０２,首都高速四号線,高速４号線,（首都高速都心環状線）,１１月１６日（火）,晴,自転車類,-,-,-,-,-,-,-,-,-,-,-,-,-,,,
５１２０東京都千代田区北の丸公園,５０２,首都高速四号線,高速４号線,（首都高速都心環状線）,１１月１６日（火）,晴,歩行者類,-,-,-,-,-,-,-,-,-,-,-,-,-,,,
