﻿観測地点,Ｈ１７区間番号,路線名,都市計画路線名,通称道路名,調査日,天候,ピーク時間交通量（台／ｈ）,ピーク率（％）,混雑時平均旅行速度（ｋｍ／ｈ）,大型車台数（台／１２ｈ）,混入率（％）,混雑度,昼夜率,車線数,５８年度（台／１２ｈ）,６０年度（台／１２ｈ）,６３年度（台／１２ｈ）,２年度（台／１２ｈ）,６年度（台／１２ｈ）,９年度（台／１２ｈ）,１１年度（台／１２ｈ）,１７年度（台／１２ｈ）,２２年度（台／１２ｈ）
６１４６０練馬区旭丘１－３－９,６０５０,特例都道椎名町上石神井線（都道４３９号）,補２２９,千川通り,１０月２６日（火）,曇,648,9.9,16.4,864,13.2,1.04,-,2,10752,10756,10047,9501,10833,10619,10064,8636,6541
,,,,,,,,,,,,,,,,,,,,,,,
観測地点,Ｈ１７区間番号,路線名,都市計画路線名,通称道路名,調査日,天候,時間・種別,７～８,８～９,９～１０,１０～１１,１１～１２,１２～１３,１３～１４,１４～１５,１５～１６,１６～１７,１７～１８,１８～１９,１２ｈ計,２４ｈ計,,
６１４６０練馬区旭丘１－３－９,６０５０,特例都道椎名町上石神井線（都道４３９号）,補２２９,千川通り,１０月２６日（火）,曇,自動車類上り大型車,52,71,58,53,34,37,34,43,39,32,38,19,510,-,,
６１４６０練馬区旭丘１－３－９,６０５０,特例都道椎名町上石神井線（都道４３９号）,補２２９,千川通り,１０月２６日（火）,曇,自動車類上り小型車,473,404,306,304,256,256,241,238,257,221,249,213,3418,-,,
６１４６０練馬区旭丘１－３－９,６０５０,特例都道椎名町上石神井線（都道４３９号）,補２２９,千川通り,１０月２６日（火）,曇,自動車類上り計,525,475,364,357,290,293,275,281,296,253,287,232,3928,-,,
６１４６０練馬区旭丘１－３－９,６０５０,特例都道椎名町上石神井線（都道４３９号）,補２２９,千川通り,１０月２６日（火）,曇,自動車類下り大型車,22,31,37,28,34,29,32,23,33,34,25,26,354,-,,
６１４６０練馬区旭丘１－３－９,６０５０,特例都道椎名町上石神井線（都道４３９号）,補２２９,千川通り,１０月２６日（火）,曇,自動車類下り小型車,101,83,140,158,208,191,204,189,222,261,256,246,2259,-,,
６１４６０練馬区旭丘１－３－９,６０５０,特例都道椎名町上石神井線（都道４３９号）,補２２９,千川通り,１０月２６日（火）,曇,自動車類下り計,123,114,177,186,242,220,236,212,255,295,281,272,2613,-,,
６１４６０練馬区旭丘１－３－９,６０５０,特例都道椎名町上石神井線（都道４３９号）,補２２９,千川通り,１０月２６日（火）,曇,自動車類合計大型車,74,102,95,81,68,66,66,66,72,66,63,45,864,-,,
６１４６０練馬区旭丘１－３－９,６０５０,特例都道椎名町上石神井線（都道４３９号）,補２２９,千川通り,１０月２６日（火）,曇,自動車類合計小型車,574,487,446,462,464,447,445,427,479,482,505,459,5677,-,,
６１４６０練馬区旭丘１－３－９,６０５０,特例都道椎名町上石神井線（都道４３９号）,補２２９,千川通り,１０月２６日（火）,曇,自動車類合計計,648,589,541,543,532,513,511,493,551,548,568,504,6541,-,,
６１４６０練馬区旭丘１－３－９,６０５０,特例都道椎名町上石神井線（都道４３９号）,補２２９,千川通り,１０月２６日（火）,曇,二輪車類,-,-,-,-,-,-,-,-,-,-,-,-,-,,,
６１４６０練馬区旭丘１－３－９,６０５０,特例都道椎名町上石神井線（都道４３９号）,補２２９,千川通り,１０月２６日（火）,曇,自転車類,177,284,194,175,155,173,194,212,196,224,264,252,2500,,,
６１４６０練馬区旭丘１－３－９,６０５０,特例都道椎名町上石神井線（都道４３９号）,補２２９,千川通り,１０月２６日（火）,曇,歩行者類,67,73,62,63,52,74,55,56,70,89,86,102,849,,,
