﻿観測地点,Ｈ１７区間番号,路線名,都市計画路線名,通称道路名,調査日,天候,ピーク時間交通量（台／ｈ）,ピーク率（％）,混雑時平均旅行速度（ｋｍ／ｈ）,大型車台数（台／１２ｈ）,混入率（％）,混雑度,昼夜率,車線数,５８年度（台／１２ｈ）,６０年度（台／１２ｈ）,６３年度（台／１２ｈ）,２年度（台／１２ｈ）,６年度（台／１２ｈ）,９年度（台／１２ｈ）,１１年度（台／１２ｈ）,１７年度（台／１２ｈ）,２２年度（台／１２ｈ）
５７４０東京都大田区東海３丁目,５１４,高速湾岸線,高速湾岸線,（首都高速湾岸線）,１１月１６日（火）,晴,7365,9.3,77.6,23807,30.0,0.97,1.42,6,20520,26768,46869,51932,61329,82414,85317,81869,79382
,,,,,,,,,,,,,,,,,,,,,,,
観測地点,Ｈ１７区間番号,路線名,都市計画路線名,通称道路名,調査日,天候,時間・種別,７～８,８～９,９～１０,１０～１１,１１～１２,１２～１３,１３～１４,１４～１５,１５～１６,１６～１７,１７～１８,１８～１９,１２ｈ計,２４ｈ計,,
５７４０東京都大田区東海３丁目,５１４,高速湾岸線,高速湾岸線,（首都高速湾岸線）,１１月１６日（火）,晴,自動車類上り大型車,802,1040,1540,1561,1376,1133,937,1109,1065,1048,801,672,13084,18964,,
５７４０東京都大田区東海３丁目,５１４,高速湾岸線,高速湾岸線,（首都高速湾岸線）,１１月１６日（火）,晴,自動車類上り小型車,2893,3067,2297,2161,1937,1789,1804,2054,2604,2792,2755,2129,28282,37410,,
５７４０東京都大田区東海３丁目,５１４,高速湾岸線,高速湾岸線,（首都高速湾岸線）,１１月１６日（火）,晴,自動車類上り計,3695,4107,3837,3722,3313,2922,2741,3163,3669,3840,3556,2801,41366,56374,,
５７４０東京都大田区東海３丁目,５１４,高速湾岸線,高速湾岸線,（首都高速湾岸線）,１１月１６日（火）,晴,自動車類下り大型車,691,827,1095,1154,1113,1099,1025,931,713,824,662,589,10723,16908,,
５７４０東京都大田区東海３丁目,５１４,高速湾岸線,高速湾岸線,（首都高速湾岸線）,１１月１６日（火）,晴,自動車類下り小型車,2770,2431,2203,2094,2002,2029,1912,1978,1696,2454,3089,2635,27293,39695,,
５７４０東京都大田区東海３丁目,５１４,高速湾岸線,高速湾岸線,（首都高速湾岸線）,１１月１６日（火）,晴,自動車類下り計,3461,3258,3298,3248,3115,3128,2937,2909,2409,3278,3751,3224,38016,56603,,
５７４０東京都大田区東海３丁目,５１４,高速湾岸線,高速湾岸線,（首都高速湾岸線）,１１月１６日（火）,晴,自動車類合計大型車,1493,1867,2635,2715,2489,2232,1962,2040,1778,1872,1463,1261,23807,35872,,
５７４０東京都大田区東海３丁目,５１４,高速湾岸線,高速湾岸線,（首都高速湾岸線）,１１月１６日（火）,晴,自動車類合計小型車,5663,5498,4500,4255,3939,3818,3716,4032,4300,5246,5844,4764,55575,77105,,
５７４０東京都大田区東海３丁目,５１４,高速湾岸線,高速湾岸線,（首都高速湾岸線）,１１月１６日（火）,晴,自動車類合計計,7156,7365,7135,6970,6428,6050,5678,6072,6078,7118,7307,6025,79382,112977,,
５７４０東京都大田区東海３丁目,５１４,高速湾岸線,高速湾岸線,（首都高速湾岸線）,１１月１６日（火）,晴,二輪車類,-,-,-,-,-,-,-,-,-,-,-,-,-,,,
５７４０東京都大田区東海３丁目,５１４,高速湾岸線,高速湾岸線,（首都高速湾岸線）,１１月１６日（火）,晴,自転車類,-,-,-,-,-,-,-,-,-,-,-,-,-,,,
５７４０東京都大田区東海３丁目,５１４,高速湾岸線,高速湾岸線,（首都高速湾岸線）,１１月１６日（火）,晴,歩行者類,-,-,-,-,-,-,-,-,-,-,-,-,-,,,
