﻿観測地点,Ｈ１７区間番号,路線名,都市計画路線名,通称道路名,調査日,天候,ピーク時間交通量（台／ｈ）,ピーク率（％）,混雑時平均旅行速度（ｋｍ／ｈ）,大型車台数（台／１２ｈ）,混入率（％）,混雑度,昼夜率,車線数,５８年度（台／１２ｈ）,６０年度（台／１２ｈ）,６３年度（台／１２ｈ）,２年度（台／１２ｈ）,６年度（台／１２ｈ）,９年度（台／１２ｈ）,１１年度（台／１２ｈ）,１７年度（台／１２ｈ）,２２年度（台／１２ｈ）
４１０２０渋谷区千駄ヶ谷５,４０４９,主要地方道芝新宿王子線（都道３０５号）,環５－１,明治通り,１０月２６日（火）,曇,1529,9.5,11.1,2204,13.7,0.91,-,4,23030,20487,20089,18501,19213,19855,19829,18604,16037
,,,,,,,,,,,,,,,,,,,,,,,
観測地点,Ｈ１７区間番号,路線名,都市計画路線名,通称道路名,調査日,天候,時間・種別,７～８,８～９,９～１０,１０～１１,１１～１２,１２～１３,１３～１４,１４～１５,１５～１６,１６～１７,１７～１８,１８～１９,１２ｈ計,２４ｈ計,,
４１０２０渋谷区千駄ヶ谷５,４０４９,主要地方道芝新宿王子線（都道３０５号）,環５－１,明治通り,１０月２６日（火）,曇,自動車類上り大型車,200,151,131,95,88,85,84,72,65,84,71,43,1169,-,,
４１０２０渋谷区千駄ヶ谷５,４０４９,主要地方道芝新宿王子線（都道３０５号）,環５－１,明治通り,１０月２６日（火）,曇,自動車類上り小型車,559,537,567,670,659,510,632,649,566,583,710,732,7374,-,,
４１０２０渋谷区千駄ヶ谷５,４０４９,主要地方道芝新宿王子線（都道３０５号）,環５－１,明治通り,１０月２６日（火）,曇,自動車類上り計,759,688,698,765,747,595,716,721,631,667,781,775,8543,-,,
４１０２０渋谷区千駄ヶ谷５,４０４９,主要地方道芝新宿王子線（都道３０５号）,環５－１,明治通り,１０月２６日（火）,曇,自動車類下り大型車,56,101,113,100,99,94,92,110,105,63,53,49,1035,-,,
４１０２０渋谷区千駄ヶ谷５,４０４９,主要地方道芝新宿王子線（都道３０５号）,環５－１,明治通り,１０月２６日（火）,曇,自動車類下り小型車,381,404,500,476,535,491,553,590,600,669,695,565,6459,-,,
４１０２０渋谷区千駄ヶ谷５,４０４９,主要地方道芝新宿王子線（都道３０５号）,環５－１,明治通り,１０月２６日（火）,曇,自動車類下り計,437,505,613,576,634,585,645,700,705,732,748,614,7494,-,,
４１０２０渋谷区千駄ヶ谷５,４０４９,主要地方道芝新宿王子線（都道３０５号）,環５－１,明治通り,１０月２６日（火）,曇,自動車類合計大型車,256,252,244,195,187,179,176,182,170,147,124,92,2204,-,,
４１０２０渋谷区千駄ヶ谷５,４０４９,主要地方道芝新宿王子線（都道３０５号）,環５－１,明治通り,１０月２６日（火）,曇,自動車類合計小型車,940,941,1067,1146,1194,1001,1185,1239,1166,1252,1405,1297,13833,-,,
４１０２０渋谷区千駄ヶ谷５,４０４９,主要地方道芝新宿王子線（都道３０５号）,環５－１,明治通り,１０月２６日（火）,曇,自動車類合計計,1196,1193,1311,1341,1381,1180,1361,1421,1336,1399,1529,1389,16037,-,,
４１０２０渋谷区千駄ヶ谷５,４０４９,主要地方道芝新宿王子線（都道３０５号）,環５－１,明治通り,１０月２６日（火）,曇,二輪車類,97,148,187,236,195,230,282,323,356,323,404,354,3135,,,
４１０２０渋谷区千駄ヶ谷５,４０４９,主要地方道芝新宿王子線（都道３０５号）,環５－１,明治通り,１０月２６日（火）,曇,自転車類,82,150,118,150,128,150,144,102,94,103,132,155,1508,,,
４１０２０渋谷区千駄ヶ谷５,４０４９,主要地方道芝新宿王子線（都道３０５号）,環５－１,明治通り,１０月２６日（火）,曇,歩行者類,241,665,494,349,645,1335,811,601,625,520,752,663,7701,,,
