﻿観測地点,Ｈ１７区間番号,路線名,都市計画路線名,通称道路名,調査日,天候,ピーク時間交通量（台／ｈ）,ピーク率（％）,混雑時平均旅行速度（ｋｍ／ｈ）,大型車台数（台／１２ｈ）,混入率（％）,混雑度,昼夜率,車線数,５８年度（台／１２ｈ）,６０年度（台／１２ｈ）,６３年度（台／１２ｈ）,２年度（台／１２ｈ）,６年度（台／１２ｈ）,９年度（台／１２ｈ）,１１年度（台／１２ｈ）,１７年度（台／１２ｈ）,２２年度（台／１２ｈ）
５８９０東京都中央区日本橋茅場町１丁目,５１１,首都高速六号線,高速６号線,（首都高速６号向島線）,１１月１６日（火）,晴,7758,9.4,14.6,14607,17.7,1.35,1.63,4,23253,36543,40295,40911,42800,44736,43318,43978,82733
,,,,,,,,,,,,,,,,,,,,,,,
観測地点,Ｈ１７区間番号,路線名,都市計画路線名,通称道路名,調査日,天候,時間・種別,７～８,８～９,９～１０,１０～１１,１１～１２,１２～１３,１３～１４,１４～１５,１５～１６,１６～１７,１７～１８,１８～１９,１２ｈ計,２４ｈ計,,
５８９０東京都中央区日本橋茅場町１丁目,５１１,首都高速六号線,高速６号線,（首都高速６号向島線）,１１月１６日（火）,晴,自動車類上り大型車,660,807,817,750,754,626,392,366,501,588,455,443,7159,13263,,
５８９０東京都中央区日本橋茅場町１丁目,５１１,首都高速六号線,高速６号線,（首都高速６号向島線）,１１月１６日（火）,晴,自動車類上り小型車,3106,2979,2428,2267,2028,2474,2753,2757,2743,2751,2492,2305,31083,47977,,
５８９０東京都中央区日本橋茅場町１丁目,５１１,首都高速六号線,高速６号線,（首都高速６号向島線）,１１月１６日（火）,晴,自動車類上り計,3766,3786,3245,3017,2782,3100,3145,3123,3244,3339,2947,2748,38242,61240,,
５８９０東京都中央区日本橋茅場町１丁目,５１１,首都高速六号線,高速６号線,（首都高速６号向島線）,１１月１６日（火）,晴,自動車類下り大型車,619,597,853,754,673,719,726,787,620,480,322,298,7448,13841,,
５８９０東京都中央区日本橋茅場町１丁目,５１１,首都高速六号線,高速６号線,（首都高速６号向島線）,１１月１６日（火）,晴,自動車類下り小型車,3355,3375,3315,2778,2820,2943,3130,3028,3222,3189,2871,3017,37043,59980,,
５８９０東京都中央区日本橋茅場町１丁目,５１１,首都高速六号線,高速６号線,（首都高速６号向島線）,１１月１６日（火）,晴,自動車類下り計,3974,3972,4168,3532,3493,3662,3856,3815,3842,3669,3193,3315,44491,73821,,
５８９０東京都中央区日本橋茅場町１丁目,５１１,首都高速六号線,高速６号線,（首都高速６号向島線）,１１月１６日（火）,晴,自動車類合計大型車,1279,1404,1670,1504,1427,1345,1118,1153,1121,1068,777,741,14607,27104,,
５８９０東京都中央区日本橋茅場町１丁目,５１１,首都高速六号線,高速６号線,（首都高速６号向島線）,１１月１６日（火）,晴,自動車類合計小型車,6461,6354,5743,5045,4848,5417,5883,5785,5965,5940,5363,5322,68126,107957,,
５８９０東京都中央区日本橋茅場町１丁目,５１１,首都高速六号線,高速６号線,（首都高速６号向島線）,１１月１６日（火）,晴,自動車類合計計,7740,7758,7413,6549,6275,6762,7001,6938,7086,7008,6140,6063,82733,135061,,
５８９０東京都中央区日本橋茅場町１丁目,５１１,首都高速六号線,高速６号線,（首都高速６号向島線）,１１月１６日（火）,晴,二輪車類,-,-,-,-,-,-,-,-,-,-,-,-,-,,,
５８９０東京都中央区日本橋茅場町１丁目,５１１,首都高速六号線,高速６号線,（首都高速６号向島線）,１１月１６日（火）,晴,自転車類,-,-,-,-,-,-,-,-,-,-,-,-,-,,,
５８９０東京都中央区日本橋茅場町１丁目,５１１,首都高速六号線,高速６号線,（首都高速６号向島線）,１１月１６日（火）,晴,歩行者類,-,-,-,-,-,-,-,-,-,-,-,-,-,,,
