﻿観測地点,Ｈ１７区間番号,路線名,都市計画路線名,通称道路名,調査日,天候,ピーク時間交通量（台／ｈ）,ピーク率（％）,混雑時平均旅行速度（ｋｍ／ｈ）,大型車台数（台／１２ｈ）,混入率（％）,混雑度,昼夜率,車線数,５８年度（台／１２ｈ）,６０年度（台／１２ｈ）,６３年度（台／１２ｈ）,２年度（台／１２ｈ）,６年度（台／１２ｈ）,９年度（台／１２ｈ）,１１年度（台／１２ｈ）,１７年度（台／１２ｈ）,２２年度（台／１２ｈ）
４２２４０新宿区早稲田鶴巻町５６５－１２,４１１７,主要地方道環状３号線（都道３１９号）,環３,外苑東通り,１０月２６日（火）,曇,838,9.4,13.3,914,10.2,0.53,-,4,20729,20821,20265,20140,22879,19267,21730,20779,8928
,,,,,,,,,,,,,,,,,,,,,,,
観測地点,Ｈ１７区間番号,路線名,都市計画路線名,通称道路名,調査日,天候,時間・種別,７～８,８～９,９～１０,１０～１１,１１～１２,１２～１３,１３～１４,１４～１５,１５～１６,１６～１７,１７～１８,１８～１９,１２ｈ計,２４ｈ計,,
４２２４０新宿区早稲田鶴巻町５６５－１２,４１１７,主要地方道環状３号線（都道３１９号）,環３,外苑東通り,１０月２６日（火）,曇,自動車類上り大型車,40,25,72,72,56,25,44,37,34,18,10,10,443,-,,
４２２４０新宿区早稲田鶴巻町５６５－１２,４１１７,主要地方道環状３号線（都道３１９号）,環３,外苑東通り,１０月２６日（火）,曇,自動車類上り小型車,360,353,389,381,336,295,280,287,342,290,304,295,3912,-,,
４２２４０新宿区早稲田鶴巻町５６５－１２,４１１７,主要地方道環状３号線（都道３１９号）,環３,外苑東通り,１０月２６日（火）,曇,自動車類上り計,400,378,461,453,392,320,324,324,376,308,314,305,4355,-,,
４２２４０新宿区早稲田鶴巻町５６５－１２,４１１７,主要地方道環状３号線（都道３１９号）,環３,外苑東通り,１０月２６日（火）,曇,自動車類下り大型車,33,40,33,63,53,47,57,22,24,41,43,15,471,-,,
４２２４０新宿区早稲田鶴巻町５６５－１２,４１１７,主要地方道環状３号線（都道３１９号）,環３,外苑東通り,１０月２６日（火）,曇,自動車類下り小型車,219,254,311,322,304,345,367,424,424,377,401,354,4102,-,,
４２２４０新宿区早稲田鶴巻町５６５－１２,４１１７,主要地方道環状３号線（都道３１９号）,環３,外苑東通り,１０月２６日（火）,曇,自動車類下り計,252,294,344,385,357,392,424,446,448,418,444,369,4573,-,,
４２２４０新宿区早稲田鶴巻町５６５－１２,４１１７,主要地方道環状３号線（都道３１９号）,環３,外苑東通り,１０月２６日（火）,曇,自動車類合計大型車,73,65,105,135,109,72,101,59,58,59,53,25,914,-,,
４２２４０新宿区早稲田鶴巻町５６５－１２,４１１７,主要地方道環状３号線（都道３１９号）,環３,外苑東通り,１０月２６日（火）,曇,自動車類合計小型車,579,607,700,703,640,640,647,711,766,667,705,649,8014,-,,
４２２４０新宿区早稲田鶴巻町５６５－１２,４１１７,主要地方道環状３号線（都道３１９号）,環３,外苑東通り,１０月２６日（火）,曇,自動車類合計計,652,672,805,838,749,712,748,770,824,726,758,674,8928,-,,
４２２４０新宿区早稲田鶴巻町５６５－１２,４１１７,主要地方道環状３号線（都道３１９号）,環３,外苑東通り,１０月２６日（火）,曇,二輪車類,115,97,88,87,97,94,71,94,69,114,123,137,1186,,,
４２２４０新宿区早稲田鶴巻町５６５－１２,４１１７,主要地方道環状３号線（都道３１９号）,環３,外苑東通り,１０月２６日（火）,曇,自転車類,61,76,71,68,36,73,57,34,21,48,53,64,662,,,
４２２４０新宿区早稲田鶴巻町５６５－１２,４１１７,主要地方道環状３号線（都道３１９号）,環３,外苑東通り,１０月２６日（火）,曇,歩行者類,122,140,128,137,158,255,164,89,94,98,128,177,1690,,,
