﻿観測地点,Ｈ１７区間番号,路線名,都市計画路線名,通称道路名,調査日,天候,ピーク時間交通量（台／ｈ）,ピーク率（％）,混雑時平均旅行速度（ｋｍ／ｈ）,大型車台数（台／１２ｈ）,混入率（％）,混雑度,昼夜率,車線数,５８年度（台／１２ｈ）,６０年度（台／１２ｈ）,６３年度（台／１２ｈ）,２年度（台／１２ｈ）,６年度（台／１２ｈ）,９年度（台／１２ｈ）,１１年度（台／１２ｈ）,１７年度（台／１２ｈ）,２２年度（台／１２ｈ）
２０大泉ＪＣＴ～和光ＩＣ,３０００５,東北縦貫自動車道,外郭環状線,（外環）,１１月１０日（水）,晴,5409,9.6,82,12895,22.8,0.64,1.41,6,-,-,-,-,36613,49560,50827,49878,56563
,,,,,,,,,,,,,,,,,,,,,,,
観測地点,Ｈ１７区間番号,路線名,都市計画路線名,通称道路名,調査日,天候,時間・種別,７～８,８～９,９～１０,１０～１１,１１～１２,１２～１３,１３～１４,１４～１５,１５～１６,１６～１７,１７～１８,１８～１９,１２ｈ計,２４ｈ計,,
２０大泉ＪＣＴ～和光ＩＣ,３０００５,東北縦貫自動車道,外郭環状線,（外環）,１１月１０日（水）,晴,自動車類上り大型車,560,714,752,816,569,709,581,579,511,412,319,419,6941,11227,,
２０大泉ＪＣＴ～和光ＩＣ,３０００５,東北縦貫自動車道,外郭環状線,（外環）,１１月１０日（水）,晴,自動車類上り小型車,2177,2006,1920,1895,1766,1491,1353,1371,1536,1764,2001,1797,21077,29272,,
２０大泉ＪＣＴ～和光ＩＣ,３０００５,東北縦貫自動車道,外郭環状線,（外環）,１１月１０日（水）,晴,自動車類上り計,2737,2720,2672,2711,2335,2200,1934,1950,2047,2176,2320,2216,28018,40499,,
２０大泉ＪＣＴ～和光ＩＣ,３０００５,東北縦貫自動車道,外郭環状線,（外環）,１１月１０日（水）,晴,自動車類下り大型車,404,467,625,646,568,488,471,537,528,501,399,320,5954,8974,,
２０大泉ＪＣＴ～和光ＩＣ,３０００５,東北縦貫自動車道,外郭環状線,（外環）,１１月１０日（水）,晴,自動車類下り小型車,2268,1966,1750,1487,1401,1410,1456,1670,1998,2344,2617,2224,22591,30420,,
２０大泉ＪＣＴ～和光ＩＣ,３０００５,東北縦貫自動車道,外郭環状線,（外環）,１１月１０日（水）,晴,自動車類下り計,2672,2433,2375,2133,1969,1898,1927,2207,2526,2845,3016,2544,28545,39394,,
２０大泉ＪＣＴ～和光ＩＣ,３０００５,東北縦貫自動車道,外郭環状線,（外環）,１１月１０日（水）,晴,自動車類合計大型車,964,1181,1377,1462,1137,1197,1052,1116,1039,913,718,739,12895,20201,,
２０大泉ＪＣＴ～和光ＩＣ,３０００５,東北縦貫自動車道,外郭環状線,（外環）,１１月１０日（水）,晴,自動車類合計小型車,4445,3972,3670,3382,3167,2901,2809,3041,3534,4108,4618,4021,43668,59692,,
２０大泉ＪＣＴ～和光ＩＣ,３０００５,東北縦貫自動車道,外郭環状線,（外環）,１１月１０日（水）,晴,自動車類合計計,5409,5153,5047,4844,4304,4098,3861,4157,4573,5021,5336,4760,56563,79893,,
２０大泉ＪＣＴ～和光ＩＣ,３０００５,東北縦貫自動車道,外郭環状線,（外環）,１１月１０日（水）,晴,二輪車類,23,18,19,20,22,15,22,19,20,32,21,20,251,,,
２０大泉ＪＣＴ～和光ＩＣ,３０００５,東北縦貫自動車道,外郭環状線,（外環）,１１月１０日（水）,晴,自転車類,-,-,-,-,-,-,-,-,-,-,-,-,-,,,
２０大泉ＪＣＴ～和光ＩＣ,３０００５,東北縦貫自動車道,外郭環状線,（外環）,１１月１０日（水）,晴,歩行者類,-,-,-,-,-,-,-,-,-,-,-,-,-,,,
