﻿観測地点,Ｈ１７区間番号,路線名,都市計画路線名,通称道路名,調査日,天候,ピーク時間交通量（台／ｈ）,ピーク率（％）,混雑時平均旅行速度（ｋｍ／ｈ）,大型車台数（台／１２ｈ）,混入率（％）,混雑度,昼夜率,車線数,５８年度（台／１２ｈ）,６０年度（台／１２ｈ）,６３年度（台／１２ｈ）,２年度（台／１２ｈ）,６年度（台／１２ｈ）,９年度（台／１２ｈ）,１１年度（台／１２ｈ）,１７年度（台／１２ｈ）,２２年度（台／１２ｈ）
６０１０東京都江戸川区松江２丁目,５１２,首都高速七号線,高速７号線,（首都高速７号小松川線）,１１月１６日（火）,晴,3862,10.6,81.5,3849,10.5,0.78,1.63,4,38316,32456,33257,30306,28994,31402,32759,30613,36560
,,,,,,,,,,,,,,,,,,,,,,,
観測地点,Ｈ１７区間番号,路線名,都市計画路線名,通称道路名,調査日,天候,時間・種別,７～８,８～９,９～１０,１０～１１,１１～１２,１２～１３,１３～１４,１４～１５,１５～１６,１６～１７,１７～１８,１８～１９,１２ｈ計,２４ｈ計,,
６０１０東京都江戸川区松江２丁目,５１２,首都高速七号線,高速７号線,（首都高速７号小松川線）,１１月１６日（火）,晴,自動車類上り大型車,152,118,160,149,173,213,140,186,140,84,66,56,1637,2825,,
６０１０東京都江戸川区松江２丁目,５１２,首都高速七号線,高速７号線,（首都高速７号小松川線）,１１月１６日（火）,晴,自動車類上り小型車,2460,1999,1400,1280,1311,1347,1331,1408,1450,1439,1408,1199,18032,27442,,
６０１０東京都江戸川区松江２丁目,５１２,首都高速七号線,高速７号線,（首都高速７号小松川線）,１１月１６日（火）,晴,自動車類上り計,2612,2117,1560,1429,1484,1560,1471,1594,1590,1523,1474,1255,19669,30267,,
６０１０東京都江戸川区松江２丁目,５１２,首都高速七号線,高速７号線,（首都高速７号小松川線）,１１月１６日（火）,晴,自動車類下り大型車,133,148,221,221,227,214,213,245,217,176,102,95,2212,3582,,
６０１０東京都江戸川区松江２丁目,５１２,首都高速七号線,高速７号線,（首都高速７号小松川線）,１１月１６日（火）,晴,自動車類下り小型車,1117,1067,1135,1014,1011,1138,1308,1265,1258,1356,1486,1524,14679,25905,,
６０１０東京都江戸川区松江２丁目,５１２,首都高速七号線,高速７号線,（首都高速７号小松川線）,１１月１６日（火）,晴,自動車類下り計,1250,1215,1356,1235,1238,1352,1521,1510,1475,1532,1588,1619,16891,29487,,
６０１０東京都江戸川区松江２丁目,５１２,首都高速七号線,高速７号線,（首都高速７号小松川線）,１１月１６日（火）,晴,自動車類合計大型車,285,266,381,370,400,427,353,431,357,260,168,151,3849,6407,,
６０１０東京都江戸川区松江２丁目,５１２,首都高速七号線,高速７号線,（首都高速７号小松川線）,１１月１６日（火）,晴,自動車類合計小型車,3577,3066,2535,2294,2322,2485,2639,2673,2708,2795,2894,2723,32711,53347,,
６０１０東京都江戸川区松江２丁目,５１２,首都高速七号線,高速７号線,（首都高速７号小松川線）,１１月１６日（火）,晴,自動車類合計計,3862,3332,2916,2664,2722,2912,2992,3104,3065,3055,3062,2874,36560,59754,,
６０１０東京都江戸川区松江２丁目,５１２,首都高速七号線,高速７号線,（首都高速７号小松川線）,１１月１６日（火）,晴,二輪車類,-,-,-,-,-,-,-,-,-,-,-,-,-,,,
６０１０東京都江戸川区松江２丁目,５１２,首都高速七号線,高速７号線,（首都高速７号小松川線）,１１月１６日（火）,晴,自転車類,-,-,-,-,-,-,-,-,-,-,-,-,-,,,
６０１０東京都江戸川区松江２丁目,５１２,首都高速七号線,高速７号線,（首都高速７号小松川線）,１１月１６日（火）,晴,歩行者類,-,-,-,-,-,-,-,-,-,-,-,-,-,,,
