﻿観測地点,Ｈ１７区間番号,路線名,都市計画路線名,通称道路名,調査日,天候,ピーク時間交通量（台／ｈ）,ピーク率（％）,混雑時平均旅行速度（ｋｍ／ｈ）,大型車台数（台／１２ｈ）,混入率（％）,混雑度,昼夜率,車線数,５８年度（台／１２ｈ）,６０年度（台／１２ｈ）,６３年度（台／１２ｈ）,２年度（台／１２ｈ）,６年度（台／１２ｈ）,９年度（台／１２ｈ）,１１年度（台／１２ｈ）,１７年度（台／１２ｈ）,２２年度（台／１２ｈ）
４１３１０葛飾区鎌倉４－１,４０６３,主要地方道王子金町江戸川線（都道３０７号）,補１４３,柴又街道,９月３０日（木）,雨,639,9.6,15.1,1533,23.1,1.07,-,2,9073,7160,7483,7638,7566,8428,7783,7681,6648
,,,,,,,,,,,,,,,,,,,,,,,
観測地点,Ｈ１７区間番号,路線名,都市計画路線名,通称道路名,調査日,天候,時間・種別,７～８,８～９,９～１０,１０～１１,１１～１２,１２～１３,１３～１４,１４～１５,１５～１６,１６～１７,１７～１８,１８～１９,１２ｈ計,２４ｈ計,,
４１３１０葛飾区鎌倉４－１,４０６３,主要地方道王子金町江戸川線（都道３０７号）,補１４３,柴又街道,９月３０日（木）,雨,自動車類上り大型車,63,47,67,67,77,63,63,51,57,51,65,47,718,-,,
４１３１０葛飾区鎌倉４－１,４０６３,主要地方道王子金町江戸川線（都道３０７号）,補１４３,柴又街道,９月３０日（木）,雨,自動車類上り小型車,132,131,148,174,247,181,205,214,236,224,277,244,2413,-,,
４１３１０葛飾区鎌倉４－１,４０６３,主要地方道王子金町江戸川線（都道３０７号）,補１４３,柴又街道,９月３０日（木）,雨,自動車類上り計,195,178,215,241,324,244,268,265,293,275,342,291,3131,-,,
４１３１０葛飾区鎌倉４－１,４０６３,主要地方道王子金町江戸川線（都道３０７号）,補１４３,柴又街道,９月３０日（木）,雨,自動車類下り大型車,80,88,76,79,90,70,72,62,67,53,42,36,815,-,,
４１３１０葛飾区鎌倉４－１,４０６３,主要地方道王子金町江戸川線（都道３０７号）,補１４３,柴又街道,９月３０日（木）,雨,自動車類下り小型車,222,193,208,192,225,214,264,227,261,228,245,223,2702,-,,
４１３１０葛飾区鎌倉４－１,４０６３,主要地方道王子金町江戸川線（都道３０７号）,補１４３,柴又街道,９月３０日（木）,雨,自動車類下り計,302,281,284,271,315,284,336,289,328,281,287,259,3517,-,,
４１３１０葛飾区鎌倉４－１,４０６３,主要地方道王子金町江戸川線（都道３０７号）,補１４３,柴又街道,９月３０日（木）,雨,自動車類合計大型車,143,135,143,146,167,133,135,113,124,104,107,83,1533,-,,
４１３１０葛飾区鎌倉４－１,４０６３,主要地方道王子金町江戸川線（都道３０７号）,補１４３,柴又街道,９月３０日（木）,雨,自動車類合計小型車,354,324,356,366,472,395,469,441,497,452,522,467,5115,-,,
４１３１０葛飾区鎌倉４－１,４０６３,主要地方道王子金町江戸川線（都道３０７号）,補１４３,柴又街道,９月３０日（木）,雨,自動車類合計計,497,459,499,512,639,528,604,554,621,556,629,550,6648,-,,
４１３１０葛飾区鎌倉４－１,４０６３,主要地方道王子金町江戸川線（都道３０７号）,補１４３,柴又街道,９月３０日（木）,雨,二輪車類,-,-,-,-,-,-,-,-,-,-,-,-,-,,,
４１３１０葛飾区鎌倉４－１,４０６３,主要地方道王子金町江戸川線（都道３０７号）,補１４３,柴又街道,９月３０日（木）,雨,自転車類,165,145,125,190,147,143,158,156,181,198,223,182,2013,,,
４１３１０葛飾区鎌倉４－１,４０６３,主要地方道王子金町江戸川線（都道３０７号）,補１４３,柴又街道,９月３０日（木）,雨,歩行者類,61,88,63,81,91,60,83,79,82,94,117,158,1057,,,
