﻿観測地点,Ｈ１７区間番号,路線名,都市計画路線名,通称道路名,調査日,天候,ピーク時間交通量（台／ｈ）,ピーク率（％）,混雑時平均旅行速度（ｋｍ／ｈ）,大型車台数（台／１２ｈ）,混入率（％）,混雑度,昼夜率,車線数,５８年度（台／１２ｈ）,６０年度（台／１２ｈ）,６３年度（台／１２ｈ）,２年度（台／１２ｈ）,６年度（台／１２ｈ）,９年度（台／１２ｈ）,１１年度（台／１２ｈ）,１７年度（台／１２ｈ）,２２年度（台／１２ｈ）
６１８３０江戸川区東葛西３－１１,６０６８,特例都道新荒川葛西堤防線（都道４５０号）,－,－,１０月２０日（水）,曇,602,9.5,16.3,820,12.9,0.68,-,2,2643,2838,4063,4307,4088,5210,4687,5637,6353
,,,,,,,,,,,,,,,,,,,,,,,
観測地点,Ｈ１７区間番号,路線名,都市計画路線名,通称道路名,調査日,天候,時間・種別,７～８,８～９,９～１０,１０～１１,１１～１２,１２～１３,１３～１４,１４～１５,１５～１６,１６～１７,１７～１８,１８～１９,１２ｈ計,２４ｈ計,,
６１８３０江戸川区東葛西３－１１,６０６８,特例都道新荒川葛西堤防線（都道４５０号）,－,－,１０月２０日（水）,曇,自動車類上り大型車,41,35,48,45,31,22,49,42,31,17,15,10,386,-,,
６１８３０江戸川区東葛西３－１１,６０６８,特例都道新荒川葛西堤防線（都道４５０号）,－,－,１０月２０日（水）,曇,自動車類上り小型車,320,281,213,288,219,173,224,210,195,189,170,160,2642,-,,
６１８３０江戸川区東葛西３－１１,６０６８,特例都道新荒川葛西堤防線（都道４５０号）,－,－,１０月２０日（水）,曇,自動車類上り計,361,316,261,333,250,195,273,252,226,206,185,170,3028,-,,
６１８３０江戸川区東葛西３－１１,６０６８,特例都道新荒川葛西堤防線（都道４５０号）,－,－,１０月２０日（水）,曇,自動車類下り大型車,17,39,50,41,39,22,55,46,37,42,28,18,434,-,,
６１８３０江戸川区東葛西３－１１,６０６８,特例都道新荒川葛西堤防線（都道４５０号）,－,－,１０月２０日（水）,曇,自動車類下り小型車,94,129,175,183,238,206,274,250,297,315,387,343,2891,-,,
６１８３０江戸川区東葛西３－１１,６０６８,特例都道新荒川葛西堤防線（都道４５０号）,－,－,１０月２０日（水）,曇,自動車類下り計,111,168,225,224,277,228,329,296,334,357,415,361,3325,-,,
６１８３０江戸川区東葛西３－１１,６０６８,特例都道新荒川葛西堤防線（都道４５０号）,－,－,１０月２０日（水）,曇,自動車類合計大型車,58,74,98,86,70,44,104,88,68,59,43,28,820,-,,
６１８３０江戸川区東葛西３－１１,６０６８,特例都道新荒川葛西堤防線（都道４５０号）,－,－,１０月２０日（水）,曇,自動車類合計小型車,414,410,388,471,457,379,498,460,492,504,557,503,5533,-,,
６１８３０江戸川区東葛西３－１１,６０６８,特例都道新荒川葛西堤防線（都道４５０号）,－,－,１０月２０日（水）,曇,自動車類合計計,472,484,486,557,527,423,602,548,560,563,600,531,6353,-,,
６１８３０江戸川区東葛西３－１１,６０６８,特例都道新荒川葛西堤防線（都道４５０号）,－,－,１０月２０日（水）,曇,二輪車類,132,55,21,33,32,31,35,38,50,31,99,80,637,,,
６１８３０江戸川区東葛西３－１１,６０６８,特例都道新荒川葛西堤防線（都道４５０号）,－,－,１０月２０日（水）,曇,自転車類,15,12,13,17,6,7,5,11,6,7,16,19,134,,,
６１８３０江戸川区東葛西３－１１,６０６８,特例都道新荒川葛西堤防線（都道４５０号）,－,－,１０月２０日（水）,曇,歩行者類,5,3,3,3,4,1,0,0,1,3,6,1,30,,,
