﻿観測地点,Ｈ１７区間番号,路線名,都市計画路線名,通称道路名,調査日,天候,ピーク時間交通量（台／ｈ）,ピーク率（％）,混雑時平均旅行速度（ｋｍ／ｈ）,大型車台数（台／１２ｈ）,混入率（％）,混雑度,昼夜率,車線数,５８年度（台／１２ｈ）,６０年度（台／１２ｈ）,６３年度（台／１２ｈ）,２年度（台／１２ｈ）,６年度（台／１２ｈ）,９年度（台／１２ｈ）,１１年度（台／１２ｈ）,１７年度（台／１２ｈ）,２２年度（台／１２ｈ）
６３５０埼玉県川口市本蓮２丁目,３０５０２,高速葛飾川口線,高速足立線,（首都高速川口線）,１１月１６日（火）,晴,5643,9.1,28.8,16802,27.0,1.04,1.46,4,-,-,39903,39401,50547,55265,55550,53697,62341
,,,,,,,,,,,,,,,,,,,,,,,
観測地点,Ｈ１７区間番号,路線名,都市計画路線名,通称道路名,調査日,天候,時間・種別,７～８,８～９,９～１０,１０～１１,１１～１２,１２～１３,１３～１４,１４～１５,１５～１６,１６～１７,１７～１８,１８～１９,１２ｈ計,２４ｈ計,,
６３５０埼玉県川口市本蓮２丁目,３０５０２,高速葛飾川口線,高速足立線,（首都高速川口線）,１１月１６日（火）,晴,自動車類上り大型車,421,643,898,919,650,904,717,673,706,626,540,503,8200,13347,,
６３５０埼玉県川口市本蓮２丁目,３０５０２,高速葛飾川口線,高速足立線,（首都高速川口線）,１１月１６日（火）,晴,自動車類上り小型車,1924,1993,1552,1364,965,1570,1526,1763,2104,2486,2528,2246,22021,30820,,
６３５０埼玉県川口市本蓮２丁目,３０５０２,高速葛飾川口線,高速足立線,（首都高速川口線）,１１月１６日（火）,晴,自動車類上り計,2345,2636,2450,2283,1615,2474,2243,2436,2810,3112,3068,2749,30221,44167,,
６３５０埼玉県川口市本蓮２丁目,３０５０２,高速葛飾川口線,高速足立線,（首都高速川口線）,１１月１６日（火）,晴,自動車類下り大型車,608,593,872,935,857,924,659,726,716,663,547,502,8602,13889,,
６３５０埼玉県川口市本蓮２丁目,３０５０２,高速葛飾川口線,高速足立線,（首都高速川口線）,１１月１６日（火）,晴,自動車類下り小型車,2072,2203,2145,2164,2061,1802,1711,1640,1748,1868,1926,2178,23518,32716,,
６３５０埼玉県川口市本蓮２丁目,３０５０２,高速葛飾川口線,高速足立線,（首都高速川口線）,１１月１６日（火）,晴,自動車類下り計,2680,2796,3017,3099,2918,2726,2370,2366,2464,2531,2473,2680,32120,46605,,
６３５０埼玉県川口市本蓮２丁目,３０５０２,高速葛飾川口線,高速足立線,（首都高速川口線）,１１月１６日（火）,晴,自動車類合計大型車,1029,1236,1770,1854,1507,1828,1376,1399,1422,1289,1087,1005,16802,27236,,
６３５０埼玉県川口市本蓮２丁目,３０５０２,高速葛飾川口線,高速足立線,（首都高速川口線）,１１月１６日（火）,晴,自動車類合計小型車,3996,4196,3697,3528,3026,3372,3237,3403,3852,4354,4454,4424,45539,63536,,
６３５０埼玉県川口市本蓮２丁目,３０５０２,高速葛飾川口線,高速足立線,（首都高速川口線）,１１月１６日（火）,晴,自動車類合計計,5025,5432,5467,5382,4533,5200,4613,4802,5274,5643,5541,5429,62341,90772,,
６３５０埼玉県川口市本蓮２丁目,３０５０２,高速葛飾川口線,高速足立線,（首都高速川口線）,１１月１６日（火）,晴,二輪車類,-,-,-,-,-,-,-,-,-,-,-,-,-,,,
６３５０埼玉県川口市本蓮２丁目,３０５０２,高速葛飾川口線,高速足立線,（首都高速川口線）,１１月１６日（火）,晴,自転車類,-,-,-,-,-,-,-,-,-,-,-,-,-,,,
６３５０埼玉県川口市本蓮２丁目,３０５０２,高速葛飾川口線,高速足立線,（首都高速川口線）,１１月１６日（火）,晴,歩行者類,-,-,-,-,-,-,-,-,-,-,-,-,-,,,
