﻿観測地点,Ｈ１７区間番号,路線名,都市計画路線名,通称道路名,調査日,天候,ピーク時間交通量（台／ｈ）,ピーク率（％）,混雑時平均旅行速度（ｋｍ／ｈ）,大型車台数（台／１２ｈ）,混入率（％）,混雑度,昼夜率,車線数,５８年度（台／１２ｈ）,６０年度（台／１２ｈ）,６３年度（台／１２ｈ）,２年度（台／１２ｈ）,６年度（台／１２ｈ）,９年度（台／１２ｈ）,１１年度（台／１２ｈ）,１７年度（台／１２ｈ）,２２年度（台／１２ｈ）
４０４００江東区東砂５－２,１４０１８,主要地方道東京浦安線（都道１０号）,補１１１,清洲橋通り,１０月２１日（木）,雨,706,9.4,25.1,1437,19.1,0.5,-,4,9627,10126,11446,10165,10467,7923,6071,6751,7528
,,,,,,,,,,,,,,,,,,,,,,,
観測地点,Ｈ１７区間番号,路線名,都市計画路線名,通称道路名,調査日,天候,時間・種別,７～８,８～９,９～１０,１０～１１,１１～１２,１２～１３,１３～１４,１４～１５,１５～１６,１６～１７,１７～１８,１８～１９,１２ｈ計,２４ｈ計,,
４０４００江東区東砂５－２,１４０１８,主要地方道東京浦安線（都道１０号）,補１１１,清洲橋通り,１０月２１日（木）,雨,自動車類上り大型車,59,86,62,54,50,44,50,60,41,61,34,31,632,-,,
４０４００江東区東砂５－２,１４０１８,主要地方道東京浦安線（都道１０号）,補１１１,清洲橋通り,１０月２１日（木）,雨,自動車類上り小型車,193,281,233,205,167,133,169,165,202,173,183,128,2232,-,,
４０４００江東区東砂５－２,１４０１８,主要地方道東京浦安線（都道１０号）,補１１１,清洲橋通り,１０月２１日（木）,雨,自動車類上り計,252,367,295,259,217,177,219,225,243,234,217,159,2864,-,,
４０４００江東区東砂５－２,１４０１８,主要地方道東京浦安線（都道１０号）,補１１１,清洲橋通り,１０月２１日（木）,雨,自動車類下り大型車,41,70,82,69,67,51,65,89,81,73,68,49,805,-,,
４０４００江東区東砂５－２,１４０１８,主要地方道東京浦安線（都道１０号）,補１１１,清洲橋通り,１０月２１日（木）,雨,自動車類下り小型車,179,217,301,329,310,263,369,347,365,362,421,396,3859,-,,
４０４００江東区東砂５－２,１４０１８,主要地方道東京浦安線（都道１０号）,補１１１,清洲橋通り,１０月２１日（木）,雨,自動車類下り計,220,287,383,398,377,314,434,436,446,435,489,445,4664,-,,
４０４００江東区東砂５－２,１４０１８,主要地方道東京浦安線（都道１０号）,補１１１,清洲橋通り,１０月２１日（木）,雨,自動車類合計大型車,100,156,144,123,117,95,115,149,122,134,102,80,1437,-,,
４０４００江東区東砂５－２,１４０１８,主要地方道東京浦安線（都道１０号）,補１１１,清洲橋通り,１０月２１日（木）,雨,自動車類合計小型車,372,498,534,534,477,396,538,512,567,535,604,524,6091,-,,
４０４００江東区東砂５－２,１４０１８,主要地方道東京浦安線（都道１０号）,補１１１,清洲橋通り,１０月２１日（木）,雨,自動車類合計計,472,654,678,657,594,491,653,661,689,669,706,604,7528,-,,
４０４００江東区東砂５－２,１４０１８,主要地方道東京浦安線（都道１０号）,補１１１,清洲橋通り,１０月２１日（木）,雨,二輪車類,44,54,30,24,20,29,20,25,33,32,57,54,422,,,
４０４００江東区東砂５－２,１４０１８,主要地方道東京浦安線（都道１０号）,補１１１,清洲橋通り,１０月２１日（木）,雨,自転車類,113,198,99,69,112,84,150,100,84,129,140,142,1420,,,
４０４００江東区東砂５－２,１４０１８,主要地方道東京浦安線（都道１０号）,補１１１,清洲橋通り,１０月２１日（木）,雨,歩行者類,217,287,145,132,133,140,85,175,155,173,178,141,1961,,,
