﻿観測地点,Ｈ１７区間番号,路線名,都市計画路線名,通称道路名,調査日,天候,ピーク時間交通量（台／ｈ）,ピーク率（％）,混雑時平均旅行速度（ｋｍ／ｈ）,大型車台数（台／１２ｈ）,混入率（％）,混雑度,昼夜率,車線数,５８年度（台／１２ｈ）,６０年度（台／１２ｈ）,６３年度（台／１２ｈ）,２年度（台／１２ｈ）,６年度（台／１２ｈ）,９年度（台／１２ｈ）,１１年度（台／１２ｈ）,１７年度（台／１２ｈ）,２２年度（台／１２ｈ）
５４９０東京都世田谷区池尻３丁目,５０８,首都高速三号線,高速３号線,（首都高速３号渋谷線）,１１月１６日（火）,晴,6709,9.8,30.2,11336,16.5,1.17,1.72,4,52899,54676,60352,56323,55456,60445,54620,52184,68661
,,,,,,,,,,,,,,,,,,,,,,,
観測地点,Ｈ１７区間番号,路線名,都市計画路線名,通称道路名,調査日,天候,時間・種別,７～８,８～９,９～１０,１０～１１,１１～１２,１２～１３,１３～１４,１４～１５,１５～１６,１６～１７,１７～１８,１８～１９,１２ｈ計,２４ｈ計,,
５４９０東京都世田谷区池尻３丁目,５０８,首都高速三号線,高速３号線,（首都高速３号渋谷線）,１１月１６日（火）,晴,自動車類上り大型車,329,452,649,722,541,470,448,508,488,466,355,329,5757,15020,,
５４９０東京都世田谷区池尻３丁目,５０８,首都高速三号線,高速３号線,（首都高速３号渋谷線）,１１月１６日（火）,晴,自動車類上り小型車,1760,3152,2625,2148,2015,1954,2041,2175,2517,2808,2839,2307,28341,42486,,
５４９０東京都世田谷区池尻３丁目,５０８,首都高速三号線,高速３号線,（首都高速３号渋谷線）,１１月１６日（火）,晴,自動車類上り計,2089,3604,3274,2870,2556,2424,2489,2683,3005,3274,3194,2636,34098,57506,,
５４９０東京都世田谷区池尻３丁目,５０８,首都高速三号線,高速３号線,（首都高速３号渋谷線）,１１月１６日（火）,晴,自動車類下り大型車,360,369,495,533,556,549,510,504,522,457,355,369,5579,12203,,
５４９０東京都世田谷区池尻３丁目,５０８,首都高速三号線,高速３号線,（首都高速３号渋谷線）,１１月１６日（火）,晴,自動車類下り小型車,2170,2736,2507,2404,2263,2245,2371,2243,2330,2495,2574,2646,28984,48401,,
５４９０東京都世田谷区池尻３丁目,５０８,首都高速三号線,高速３号線,（首都高速３号渋谷線）,１１月１６日（火）,晴,自動車類下り計,2530,3105,3002,2937,2819,2794,2881,2747,2852,2952,2929,3015,34563,60604,,
５４９０東京都世田谷区池尻３丁目,５０８,首都高速三号線,高速３号線,（首都高速３号渋谷線）,１１月１６日（火）,晴,自動車類合計大型車,689,821,1144,1255,1097,1019,958,1012,1010,923,710,698,11336,27223,,
５４９０東京都世田谷区池尻３丁目,５０８,首都高速三号線,高速３号線,（首都高速３号渋谷線）,１１月１６日（火）,晴,自動車類合計小型車,3930,5888,5132,4552,4278,4199,4412,4418,4847,5303,5413,4953,57325,90887,,
５４９０東京都世田谷区池尻３丁目,５０８,首都高速三号線,高速３号線,（首都高速３号渋谷線）,１１月１６日（火）,晴,自動車類合計計,4619,6709,6276,5807,5375,5218,5370,5430,5857,6226,6123,5651,68661,118110,,
５４９０東京都世田谷区池尻３丁目,５０８,首都高速三号線,高速３号線,（首都高速３号渋谷線）,１１月１６日（火）,晴,二輪車類,-,-,-,-,-,-,-,-,-,-,-,-,-,,,
５４９０東京都世田谷区池尻３丁目,５０８,首都高速三号線,高速３号線,（首都高速３号渋谷線）,１１月１６日（火）,晴,自転車類,-,-,-,-,-,-,-,-,-,-,-,-,-,,,
５４９０東京都世田谷区池尻３丁目,５０８,首都高速三号線,高速３号線,（首都高速３号渋谷線）,１１月１６日（火）,晴,歩行者類,-,-,-,-,-,-,-,-,-,-,-,-,-,,,
