﻿観測地点,Ｈ１７区間番号,路線名,都市計画路線名,通称道路名,調査日,天候,ピーク時間交通量（台／ｈ）,ピーク率（％）,混雑時平均旅行速度（ｋｍ／ｈ）,大型車台数（台／１２ｈ）,混入率（％）,混雑度,昼夜率,車線数,５８年度（台／１２ｈ）,６０年度（台／１２ｈ）,６３年度（台／１２ｈ）,２年度（台／１２ｈ）,６年度（台／１２ｈ）,９年度（台／１２ｈ）,１１年度（台／１２ｈ）,１７年度（台／１２ｈ）,２２年度（台／１２ｈ）
６１２０東京都渋谷区元代々木町,－,首都高速目黒板橋線,高速中央環状新宿線,（首都高速中央環状新宿線）,１１月１６日（火）,晴,2580,9.6,66.3,4225,15.7,0.42,1.59,4,-,-,-,-,-,-,-,-,26985
,,,,,,,,,,,,,,,,,,,,,,,
観測地点,Ｈ１７区間番号,路線名,都市計画路線名,通称道路名,調査日,天候,時間・種別,７～８,８～９,９～１０,１０～１１,１１～１２,１２～１３,１３～１４,１４～１５,１５～１６,１６～１７,１７～１８,１８～１９,１２ｈ計,２４ｈ計,,
６１２０東京都渋谷区元代々木町,－,首都高速目黒板橋線,高速中央環状新宿線,（首都高速中央環状新宿線）,１１月１６日（火）,晴,自動車類上り大型車,107,104,221,252,303,292,212,214,215,168,181,172,2441,4783,,
６１２０東京都渋谷区元代々木町,－,首都高速目黒板橋線,高速中央環状新宿線,（首都高速中央環状新宿線）,１１月１６日（火）,晴,自動車類上り小型車,1051,1077,1074,971,1063,936,791,847,885,835,1000,949,11479,16818,,
６１２０東京都渋谷区元代々木町,－,首都高速目黒板橋線,高速中央環状新宿線,（首都高速中央環状新宿線）,１１月１６日（火）,晴,自動車類上り計,1158,1181,1295,1223,1366,1228,1003,1061,1100,1003,1181,1121,13920,21601,,
６１２０東京都渋谷区元代々木町,－,首都高速目黒板橋線,高速中央環状新宿線,（首都高速中央環状新宿線）,１１月１６日（火）,晴,自動車類下り大型車,72,110,173,220,200,211,149,152,139,134,112,112,1784,4746,,
６１２０東京都渋谷区元代々木町,－,首都高速目黒板橋線,高速中央環状新宿線,（首都高速中央環状新宿線）,１１月１６日（火）,晴,自動車類下り小型車,563,891,848,924,857,868,787,858,995,1138,1287,1265,11281,16667,,
６１２０東京都渋谷区元代々木町,－,首都高速目黒板橋線,高速中央環状新宿線,（首都高速中央環状新宿線）,１１月１６日（火）,晴,自動車類下り計,635,1001,1021,1144,1057,1079,936,1010,1134,1272,1399,1377,13065,21413,,
６１２０東京都渋谷区元代々木町,－,首都高速目黒板橋線,高速中央環状新宿線,（首都高速中央環状新宿線）,１１月１６日（火）,晴,自動車類合計大型車,179,214,394,472,503,503,361,366,354,302,293,284,4225,9529,,
６１２０東京都渋谷区元代々木町,－,首都高速目黒板橋線,高速中央環状新宿線,（首都高速中央環状新宿線）,１１月１６日（火）,晴,自動車類合計小型車,1614,1968,1922,1895,1920,1804,1578,1705,1880,1973,2287,2214,22760,33485,,
６１２０東京都渋谷区元代々木町,－,首都高速目黒板橋線,高速中央環状新宿線,（首都高速中央環状新宿線）,１１月１６日（火）,晴,自動車類合計計,1793,2182,2316,2367,2423,2307,1939,2071,2234,2275,2580,2498,26985,43014,,
６１２０東京都渋谷区元代々木町,－,首都高速目黒板橋線,高速中央環状新宿線,（首都高速中央環状新宿線）,１１月１６日（火）,晴,二輪車類,-,-,-,-,-,-,-,-,-,-,-,-,-,,,
６１２０東京都渋谷区元代々木町,－,首都高速目黒板橋線,高速中央環状新宿線,（首都高速中央環状新宿線）,１１月１６日（火）,晴,自転車類,-,-,-,-,-,-,-,-,-,-,-,-,-,,,
６１２０東京都渋谷区元代々木町,－,首都高速目黒板橋線,高速中央環状新宿線,（首都高速中央環状新宿線）,１１月１６日（火）,晴,歩行者類,-,-,-,-,-,-,-,-,-,-,-,-,-,,,
