﻿観測地点,Ｈ１７区間番号,路線名,都市計画路線名,通称道路名,調査日,天候,ピーク時間交通量（台／ｈ）,ピーク率（％）,混雑時平均旅行速度（ｋｍ／ｈ）,大型車台数（台／１２ｈ）,混入率（％）,混雑度,昼夜率,車線数,５８年度（台／１２ｈ）,６０年度（台／１２ｈ）,６３年度（台／１２ｈ）,２年度（台／１２ｈ）,６年度（台／１２ｈ）,９年度（台／１２ｈ）,１１年度（台／１２ｈ）,１７年度（台／１２ｈ）,２２年度（台／１２ｈ）
６２３０東京都足立区本木南町,５１６,高速葛飾川口線,高速足立線,（首都高速中央環状線）,１１月１６日（火）,晴,6148,9.0,47.2,18914,27.7,1.12,1.48,4,-,-,60695,69142,59461,62561,63312,63306,68396
,,,,,,,,,,,,,,,,,,,,,,,
観測地点,Ｈ１７区間番号,路線名,都市計画路線名,通称道路名,調査日,天候,時間・種別,７～８,８～９,９～１０,１０～１１,１１～１２,１２～１３,１３～１４,１４～１５,１５～１６,１６～１７,１７～１８,１８～１９,１２ｈ計,２４ｈ計,,
６２３０東京都足立区本木南町,５１６,高速葛飾川口線,高速足立線,（首都高速中央環状線）,１１月１６日（火）,晴,自動車類上り大型車,658,673,907,899,804,1039,812,907,870,695,559,541,9364,15043,,
６２３０東京都足立区本木南町,５１６,高速葛飾川口線,高速足立線,（首都高速中央環状線）,１１月１６日（火）,晴,自動車類上り小型車,2248,2241,2038,1781,1749,1836,1789,2007,2177,2187,2167,2296,24516,34895,,
６２３０東京都足立区本木南町,５１６,高速葛飾川口線,高速足立線,（首都高速中央環状線）,１１月１６日（火）,晴,自動車類上り計,2906,2914,2945,2680,2553,2875,2601,2914,3047,2882,2726,2837,33880,49938,,
６２３０東京都足立区本木南町,５１６,高速葛飾川口線,高速足立線,（首都高速中央環状線）,１１月１６日（火）,晴,自動車類下り大型車,492,631,928,868,998,1184,926,823,863,709,592,536,9550,15763,,
６２３０東京都足立区本木南町,５１６,高速葛飾川口線,高速足立線,（首都高速中央環状線）,１１月１６日（火）,晴,自動車類下り小型車,2365,2253,1787,1365,1462,1940,1923,1960,2238,2490,2494,2689,24966,35574,,
６２３０東京都足立区本木南町,５１６,高速葛飾川口線,高速足立線,（首都高速中央環状線）,１１月１６日（火）,晴,自動車類下り計,2857,2884,2715,2233,2460,3124,2849,2783,3101,3199,3086,3225,34516,51337,,
６２３０東京都足立区本木南町,５１６,高速葛飾川口線,高速足立線,（首都高速中央環状線）,１１月１６日（火）,晴,自動車類合計大型車,1150,1304,1835,1767,1802,2223,1738,1730,1733,1404,1151,1077,18914,30806,,
６２３０東京都足立区本木南町,５１６,高速葛飾川口線,高速足立線,（首都高速中央環状線）,１１月１６日（火）,晴,自動車類合計小型車,4613,4494,3825,3146,3211,3776,3712,3967,4415,4677,4661,4985,49482,70469,,
６２３０東京都足立区本木南町,５１６,高速葛飾川口線,高速足立線,（首都高速中央環状線）,１１月１６日（火）,晴,自動車類合計計,5763,5798,5660,4913,5013,5999,5450,5697,6148,6081,5812,6062,68396,101275,,
６２３０東京都足立区本木南町,５１６,高速葛飾川口線,高速足立線,（首都高速中央環状線）,１１月１６日（火）,晴,二輪車類,-,-,-,-,-,-,-,-,-,-,-,-,-,,,
６２３０東京都足立区本木南町,５１６,高速葛飾川口線,高速足立線,（首都高速中央環状線）,１１月１６日（火）,晴,自転車類,-,-,-,-,-,-,-,-,-,-,-,-,-,,,
６２３０東京都足立区本木南町,５１６,高速葛飾川口線,高速足立線,（首都高速中央環状線）,１１月１６日（火）,晴,歩行者類,-,-,-,-,-,-,-,-,-,-,-,-,-,,,
