﻿観測地点,Ｈ１７区間番号,路線名,都市計画路線名,通称道路名,調査日,天候,ピーク時間交通量（台／ｈ）,ピーク率（％）,混雑時平均旅行速度（ｋｍ／ｈ）,大型車台数（台／１２ｈ）,混入率（％）,混雑度,昼夜率,車線数,５８年度（台／１２ｈ）,６０年度（台／１２ｈ）,６３年度（台／１２ｈ）,２年度（台／１２ｈ）,６年度（台／１２ｈ）,９年度（台／１２ｈ）,１１年度（台／１２ｈ）,１７年度（台／１２ｈ）,２２年度（台／１２ｈ）
５１４０東京都千代田区大手町１丁目,５０２,首都高速四号線,高速４号線,（首都高速都心環状線）,１１月１６日（火）,晴,7810,10.1,19.6,9819,12.7,1.22,1.63,4,68846,73242,61793,66190,60489,71125,71755,68360,77383
,,,,,,,,,,,,,,,,,,,,,,,
観測地点,Ｈ１７区間番号,路線名,都市計画路線名,通称道路名,調査日,天候,時間・種別,７～８,８～９,９～１０,１０～１１,１１～１２,１２～１３,１３～１４,１４～１５,１５～１６,１６～１７,１７～１８,１８～１９,１２ｈ計,２４ｈ計,,
５１４０東京都千代田区大手町１丁目,５０２,首都高速四号線,高速４号線,（首都高速都心環状線）,１１月１６日（火）,晴,自動車類上り大型車,430,419,513,513,557,560,452,458,369,378,281,242,5172,11137,,
５１４０東京都千代田区大手町１丁目,５０２,首都高速四号線,高速４号線,（首都高速都心環状線）,１１月１６日（火）,晴,自動車類上り小型車,3193,3359,3003,2678,2614,2545,2926,2991,2826,2886,2759,2306,34086,54390,,
５１４０東京都千代田区大手町１丁目,５０２,首都高速四号線,高速４号線,（首都高速都心環状線）,１１月１６日（火）,晴,自動車類上り計,3623,3778,3516,3191,3171,3105,3378,3449,3195,3264,3040,2548,39258,65527,,
５１４０東京都千代田区大手町１丁目,５０２,首都高速四号線,高速４号線,（首都高速都心環状線）,１１月１６日（火）,晴,自動車類下り大型車,316,320,584,518,437,594,406,459,397,328,136,152,4647,9418,,
５１４０東京都千代田区大手町１丁目,５０２,首都高速四号線,高速４号線,（首都高速都心環状線）,１１月１６日（火）,晴,自動車類下り小型車,3329,3712,3233,2454,2105,2730,2752,2799,2924,3074,2223,2143,33478,51109,,
５１４０東京都千代田区大手町１丁目,５０２,首都高速四号線,高速４号線,（首都高速都心環状線）,１１月１６日（火）,晴,自動車類下り計,3645,4032,3817,2972,2542,3324,3158,3258,3321,3402,2359,2295,38125,60527,,
５１４０東京都千代田区大手町１丁目,５０２,首都高速四号線,高速４号線,（首都高速都心環状線）,１１月１６日（火）,晴,自動車類合計大型車,746,739,1097,1031,994,1154,858,917,766,706,417,394,9819,20555,,
５１４０東京都千代田区大手町１丁目,５０２,首都高速四号線,高速４号線,（首都高速都心環状線）,１１月１６日（火）,晴,自動車類合計小型車,6522,7071,6236,5132,4719,5275,5678,5790,5750,5960,4982,4449,67564,105499,,
５１４０東京都千代田区大手町１丁目,５０２,首都高速四号線,高速４号線,（首都高速都心環状線）,１１月１６日（火）,晴,自動車類合計計,7268,7810,7333,6163,5713,6429,6536,6707,6516,6666,5399,4843,77383,126054,,
５１４０東京都千代田区大手町１丁目,５０２,首都高速四号線,高速４号線,（首都高速都心環状線）,１１月１６日（火）,晴,二輪車類,-,-,-,-,-,-,-,-,-,-,-,-,-,,,
５１４０東京都千代田区大手町１丁目,５０２,首都高速四号線,高速４号線,（首都高速都心環状線）,１１月１６日（火）,晴,自転車類,-,-,-,-,-,-,-,-,-,-,-,-,-,,,
５１４０東京都千代田区大手町１丁目,５０２,首都高速四号線,高速４号線,（首都高速都心環状線）,１１月１６日（火）,晴,歩行者類,-,-,-,-,-,-,-,-,-,-,-,-,-,,,
