﻿観測地点,Ｈ１７区間番号,路線名,都市計画路線名,通称道路名,調査日,天候,ピーク時間交通量（台／ｈ）,ピーク率（％）,混雑時平均旅行速度（ｋｍ／ｈ）,大型車台数（台／１２ｈ）,混入率（％）,混雑度,昼夜率,車線数,５８年度（台／１２ｈ）,６０年度（台／１２ｈ）,６３年度（台／１２ｈ）,２年度（台／１２ｈ）,６年度（台／１２ｈ）,９年度（台／１２ｈ）,１１年度（台／１２ｈ）,１７年度（台／１２ｈ）,２２年度（台／１２ｈ）
５９８０埼玉県八潮市大字大曽根,３０５０１,高速足立三郷線,高速６号線,（首都高速６号三郷線）,１１月１６日（火）,晴,5878,9.3,28.4,17024,27.0,1.1,1.60,4,-,33545,56389,53346,60752,61144,60762,58306,63074
,,,,,,,,,,,,,,,,,,,,,,,
観測地点,Ｈ１７区間番号,路線名,都市計画路線名,通称道路名,調査日,天候,時間・種別,７～８,８～９,９～１０,１０～１１,１１～１２,１２～１３,１３～１４,１４～１５,１５～１６,１６～１７,１７～１８,１８～１９,１２ｈ計,２４ｈ計,,
５９８０埼玉県八潮市大字大曽根,３０５０１,高速足立三郷線,高速６号線,（首都高速６号三郷線）,１１月１６日（火）,晴,自動車類上り大型車,424,578,720,648,673,803,625,692,618,539,463,466,7249,14741,,
５９８０埼玉県八潮市大字大曽根,３０５０１,高速足立三郷線,高速６号線,（首都高速６号三郷線）,１１月１６日（火）,晴,自動車類上り小型車,2069,1883,1293,933,1147,1522,1634,1872,2385,2409,2287,2332,21766,31884,,
５９８０埼玉県八潮市大字大曽根,３０５０１,高速足立三郷線,高速６号線,（首都高速６号三郷線）,１１月１６日（火）,晴,自動車類上り計,2493,2461,2013,1581,1820,2325,2259,2564,3003,2948,2750,2798,29015,46625,,
５９８０埼玉県八潮市大字大曽根,３０５０１,高速足立三郷線,高速６号線,（首都高速６号三郷線）,１１月１６日（火）,晴,自動車類下り大型車,635,617,900,967,997,1126,866,917,846,703,614,587,9775,17451,,
５９８０埼玉県八潮市大字大曽根,３０５０１,高速足立三郷線,高速６号線,（首都高速６号三郷線）,１１月１６日（火）,晴,自動車類下り小型車,2308,2199,1972,1754,1791,1918,2002,1813,2029,2134,2114,2250,24284,36532,,
５９８０埼玉県八潮市大字大曽根,３０５０１,高速足立三郷線,高速６号線,（首都高速６号三郷線）,１１月１６日（火）,晴,自動車類下り計,2943,2816,2872,2721,2788,3044,2868,2730,2875,2837,2728,2837,34059,53983,,
５９８０埼玉県八潮市大字大曽根,３０５０１,高速足立三郷線,高速６号線,（首都高速６号三郷線）,１１月１６日（火）,晴,自動車類合計大型車,1059,1195,1620,1615,1670,1929,1491,1609,1464,1242,1077,1053,17024,32192,,
５９８０埼玉県八潮市大字大曽根,３０５０１,高速足立三郷線,高速６号線,（首都高速６号三郷線）,１１月１６日（火）,晴,自動車類合計小型車,4377,4082,3265,2687,2938,3440,3636,3685,4414,4543,4401,4582,46050,68416,,
５９８０埼玉県八潮市大字大曽根,３０５０１,高速足立三郷線,高速６号線,（首都高速６号三郷線）,１１月１６日（火）,晴,自動車類合計計,5436,5277,4885,4302,4608,5369,5127,5294,5878,5785,5478,5635,63074,100608,,
５９８０埼玉県八潮市大字大曽根,３０５０１,高速足立三郷線,高速６号線,（首都高速６号三郷線）,１１月１６日（火）,晴,二輪車類,-,-,-,-,-,-,-,-,-,-,-,-,-,,,
５９８０埼玉県八潮市大字大曽根,３０５０１,高速足立三郷線,高速６号線,（首都高速６号三郷線）,１１月１６日（火）,晴,自転車類,-,-,-,-,-,-,-,-,-,-,-,-,-,,,
５９８０埼玉県八潮市大字大曽根,３０５０１,高速足立三郷線,高速６号線,（首都高速６号三郷線）,１１月１６日（火）,晴,歩行者類,-,-,-,-,-,-,-,-,-,-,-,-,-,,,
