﻿観測地点,Ｈ１７区間番号,路線名,都市計画路線名,通称道路名,調査日,天候,ピーク時間交通量（台／ｈ）,ピーク率（％）,混雑時平均旅行速度（ｋｍ／ｈ）,大型車台数（台／１２ｈ）,混入率（％）,混雑度,昼夜率,車線数,５８年度（台／１２ｈ）,６０年度（台／１２ｈ）,６３年度（台／１２ｈ）,２年度（台／１２ｈ）,６年度（台／１２ｈ）,９年度（台／１２ｈ）,１１年度（台／１２ｈ）,１７年度（台／１２ｈ）,２２年度（台／１２ｈ）
６１９０東京都板橋区板橋４丁目,５１９,首都高速板橋足立線,高速王子線,（首都高速中央環状王子線）,１１月１６日（火）,晴,4371,9.5,13,10274,22.3,0.82,1.55,4,-,-,-,-,-,-,-,31928,46124
,,,,,,,,,,,,,,,,,,,,,,,
観測地点,Ｈ１７区間番号,路線名,都市計画路線名,通称道路名,調査日,天候,時間・種別,７～８,８～９,９～１０,１０～１１,１１～１２,１２～１３,１３～１４,１４～１５,１５～１６,１６～１７,１７～１８,１８～１９,１２ｈ計,２４ｈ計,,
６１９０東京都板橋区板橋４丁目,５１９,首都高速板橋足立線,高速王子線,（首都高速中央環状王子線）,１１月１６日（火）,晴,自動車類上り大型車,274,272,431,502,406,484,475,531,464,365,303,343,4850,9513,,
６１９０東京都板橋区板橋４丁目,５１９,首都高速板橋足立線,高速王子線,（首都高速中央環状王子線）,１１月１６日（火）,晴,自動車類上り小型車,1454,1515,1381,1117,985,1147,1179,1375,1579,1529,1417,1601,16279,23580,,
６１９０東京都板橋区板橋４丁目,５１９,首都高速板橋足立線,高速王子線,（首都高速中央環状王子線）,１１月１６日（火）,晴,自動車類上り計,1728,1787,1812,1619,1391,1631,1654,1906,2043,1894,1720,1944,21129,33093,,
６１９０東京都板橋区板橋４丁目,５１９,首都高速板橋足立線,高速王子線,（首都高速中央環状王子線）,１１月１６日（火）,晴,自動車類下り大型車,279,250,404,554,591,690,481,496,547,494,365,273,5424,10315,,
６１９０東京都板橋区板橋４丁目,５１９,首都高速板橋足立線,高速王子線,（首都高速中央環状王子線）,１１月１６日（火）,晴,自動車類下り小型車,1325,1441,1530,1476,1504,1601,1460,1477,1781,1935,2123,1918,19571,27881,,
６１９０東京都板橋区板橋４丁目,５１９,首都高速板橋足立線,高速王子線,（首都高速中央環状王子線）,１１月１６日（火）,晴,自動車類下り計,1604,1691,1934,2030,2095,2291,1941,1973,2328,2429,2488,2191,24995,38196,,
６１９０東京都板橋区板橋４丁目,５１９,首都高速板橋足立線,高速王子線,（首都高速中央環状王子線）,１１月１６日（火）,晴,自動車類合計大型車,553,522,835,1056,997,1174,956,1027,1011,859,668,616,10274,19828,,
６１９０東京都板橋区板橋４丁目,５１９,首都高速板橋足立線,高速王子線,（首都高速中央環状王子線）,１１月１６日（火）,晴,自動車類合計小型車,2779,2956,2911,2593,2489,2748,2639,2852,3360,3464,3540,3519,35850,51461,,
６１９０東京都板橋区板橋４丁目,５１９,首都高速板橋足立線,高速王子線,（首都高速中央環状王子線）,１１月１６日（火）,晴,自動車類合計計,3332,3478,3746,3649,3486,3922,3595,3879,4371,4323,4208,4135,46124,71289,,
６１９０東京都板橋区板橋４丁目,５１９,首都高速板橋足立線,高速王子線,（首都高速中央環状王子線）,１１月１６日（火）,晴,二輪車類,-,-,-,-,-,-,-,-,-,-,-,-,-,,,
６１９０東京都板橋区板橋４丁目,５１９,首都高速板橋足立線,高速王子線,（首都高速中央環状王子線）,１１月１６日（火）,晴,自転車類,-,-,-,-,-,-,-,-,-,-,-,-,-,,,
６１９０東京都板橋区板橋４丁目,５１９,首都高速板橋足立線,高速王子線,（首都高速中央環状王子線）,１１月１６日（火）,晴,歩行者類,-,-,-,-,-,-,-,-,-,-,-,-,-,,,
