﻿観測地点,Ｈ１７区間番号,路線名,都市計画路線名,通称道路名,調査日,天候,ピーク時間交通量（台／ｈ）,ピーク率（％）,混雑時平均旅行速度（ｋｍ／ｈ）,大型車台数（台／１２ｈ）,混入率（％）,混雑度,昼夜率,車線数,５８年度（台／１２ｈ）,６０年度（台／１２ｈ）,６３年度（台／１２ｈ）,２年度（台／１２ｈ）,６年度（台／１２ｈ）,９年度（台／１２ｈ）,１１年度（台／１２ｈ）,１７年度（台／１２ｈ）,２２年度（台／１２ｈ）
６３６０東京都江東区有明１丁目,－,首都高速晴海線,高速晴海線,（首都高速１０号晴海線）,１１月１６日（火）,晴,667,10.5,69.4,956,15.1,0.46,1.38,2,-,-,-,-,-,-,-,-,6329
,,,,,,,,,,,,,,,,,,,,,,,
観測地点,Ｈ１７区間番号,路線名,都市計画路線名,通称道路名,調査日,天候,時間・種別,７～８,８～９,９～１０,１０～１１,１１～１２,１２～１３,１３～１４,１４～１５,１５～１６,１６～１７,１７～１８,１８～１９,１２ｈ計,２４ｈ計,,
６３６０東京都江東区有明１丁目,－,首都高速晴海線,高速晴海線,（首都高速１０号晴海線）,１１月１６日（火）,晴,自動車類上り大型車,25,23,58,55,59,49,48,36,31,35,42,52,513,786,,
６３６０東京都江東区有明１丁目,－,首都高速晴海線,高速晴海線,（首都高速１０号晴海線）,１１月１６日（火）,晴,自動車類上り小型車,302,441,291,234,251,265,195,197,212,260,362,299,3309,4298,,
６３６０東京都江東区有明１丁目,－,首都高速晴海線,高速晴海線,（首都高速１０号晴海線）,１１月１６日（火）,晴,自動車類上り計,327,464,349,289,310,314,243,233,243,295,404,351,3822,5084,,
６３６０東京都江東区有明１丁目,－,首都高速晴海線,高速晴海線,（首都高速１０号晴海線）,１１月１６日（火）,晴,自動車類下り大型車,19,30,44,48,37,39,41,54,38,39,32,22,443,707,,
６３６０東京都江東区有明１丁目,－,首都高速晴海線,高速晴海線,（首都高速１０号晴海線）,１１月１６日（火）,晴,自動車類下り小型車,127,164,209,174,175,151,150,170,166,197,231,150,2064,2927,,
６３６０東京都江東区有明１丁目,－,首都高速晴海線,高速晴海線,（首都高速１０号晴海線）,１１月１６日（火）,晴,自動車類下り計,146,194,253,222,212,190,191,224,204,236,263,172,2507,3634,,
６３６０東京都江東区有明１丁目,－,首都高速晴海線,高速晴海線,（首都高速１０号晴海線）,１１月１６日（火）,晴,自動車類合計大型車,44,53,102,103,96,88,89,90,69,74,74,74,956,1493,,
６３６０東京都江東区有明１丁目,－,首都高速晴海線,高速晴海線,（首都高速１０号晴海線）,１１月１６日（火）,晴,自動車類合計小型車,429,605,500,408,426,416,345,367,378,457,593,449,5373,7225,,
６３６０東京都江東区有明１丁目,－,首都高速晴海線,高速晴海線,（首都高速１０号晴海線）,１１月１６日（火）,晴,自動車類合計計,473,658,602,511,522,504,434,457,447,531,667,523,6329,8718,,
６３６０東京都江東区有明１丁目,－,首都高速晴海線,高速晴海線,（首都高速１０号晴海線）,１１月１６日（火）,晴,二輪車類,-,-,-,-,-,-,-,-,-,-,-,-,-,,,
６３６０東京都江東区有明１丁目,－,首都高速晴海線,高速晴海線,（首都高速１０号晴海線）,１１月１６日（火）,晴,自転車類,-,-,-,-,-,-,-,-,-,-,-,-,-,,,
６３６０東京都江東区有明１丁目,－,首都高速晴海線,高速晴海線,（首都高速１０号晴海線）,１１月１６日（火）,晴,歩行者類,-,-,-,-,-,-,-,-,-,-,-,-,-,,,
