﻿観測地点,Ｈ１７区間番号,路線名,都市計画路線名,通称道路名,調査日,天候,ピーク時間交通量（台／ｈ）,ピーク率（％）,混雑時平均旅行速度（ｋｍ／ｈ）,大型車台数（台／１２ｈ）,混入率（％）,混雑度,昼夜率,車線数,５８年度（台／１２ｈ）,６０年度（台／１２ｈ）,６３年度（台／１２ｈ）,２年度（台／１２ｈ）,６年度（台／１２ｈ）,９年度（台／１２ｈ）,１１年度（台／１２ｈ）,１７年度（台／１２ｈ）,２２年度（台／１２ｈ）
５９００東京都中央区日本橋中洲,５１１,首都高速六号線,高速６号線,（首都高速６号向島線）,１１月１６日（火）,晴,5903,9.4,16.9,10853,17.3,1.13,1.75,4,23253,36543,40295,40911,42800,44736,43318,43978,62820
,,,,,,,,,,,,,,,,,,,,,,,
観測地点,Ｈ１７区間番号,路線名,都市計画路線名,通称道路名,調査日,天候,時間・種別,７～８,８～９,９～１０,１０～１１,１１～１２,１２～１３,１３～１４,１４～１５,１５～１６,１６～１７,１７～１８,１８～１９,１２ｈ計,２４ｈ計,,
５９００東京都中央区日本橋中洲,５１１,首都高速六号線,高速６号線,（首都高速６号向島線）,１１月１６日（火）,晴,自動車類上り大型車,324,327,356,375,621,747,518,490,375,241,176,206,4756,10036,,
５９００東京都中央区日本橋中洲,５１１,首都高速六号線,高速６号線,（首都高速６号向島線）,１１月１６日（火）,晴,自動車類上り小型車,2169,2058,1718,1623,1768,2143,2147,2178,2164,1951,1645,1695,23259,39124,,
５９００東京都中央区日本橋中洲,５１１,首都高速六号線,高速６号線,（首都高速６号向島線）,１１月１６日（火）,晴,自動車類上り計,2493,2385,2074,1998,2389,2890,2665,2668,2539,2192,1821,1901,28015,49160,,
５９００東京都中央区日本橋中洲,５１１,首都高速六号線,高速６号線,（首都高速６号向島線）,１１月１６日（火）,晴,自動車類下り大型車,417,401,658,689,613,560,568,676,505,401,308,301,6097,11406,,
５９００東京都中央区日本橋中洲,５１１,首都高速六号線,高速６号線,（首都高速６号向島線）,１１月１６日（火）,晴,自動車類下り小型車,2614,2448,2414,1965,1975,2133,2581,2559,2609,2526,2488,2396,28708,49458,,
５９００東京都中央区日本橋中洲,５１１,首都高速六号線,高速６号線,（首都高速６号向島線）,１１月１６日（火）,晴,自動車類下り計,3031,2849,3072,2654,2588,2693,3149,3235,3114,2927,2796,2697,34805,60864,,
５９００東京都中央区日本橋中洲,５１１,首都高速六号線,高速６号線,（首都高速６号向島線）,１１月１６日（火）,晴,自動車類合計大型車,741,728,1014,1064,1234,1307,1086,1166,880,642,484,507,10853,21442,,
５９００東京都中央区日本橋中洲,５１１,首都高速六号線,高速６号線,（首都高速６号向島線）,１１月１６日（火）,晴,自動車類合計小型車,4783,4506,4132,3588,3743,4276,4728,4737,4773,4477,4133,4091,51967,88582,,
５９００東京都中央区日本橋中洲,５１１,首都高速六号線,高速６号線,（首都高速６号向島線）,１１月１６日（火）,晴,自動車類合計計,5524,5234,5146,4652,4977,5583,5814,5903,5653,5119,4617,4598,62820,110024,,
５９００東京都中央区日本橋中洲,５１１,首都高速六号線,高速６号線,（首都高速６号向島線）,１１月１６日（火）,晴,二輪車類,-,-,-,-,-,-,-,-,-,-,-,-,-,,,
５９００東京都中央区日本橋中洲,５１１,首都高速六号線,高速６号線,（首都高速６号向島線）,１１月１６日（火）,晴,自転車類,-,-,-,-,-,-,-,-,-,-,-,-,-,,,
５９００東京都中央区日本橋中洲,５１１,首都高速六号線,高速６号線,（首都高速６号向島線）,１１月１６日（火）,晴,歩行者類,-,-,-,-,-,-,-,-,-,-,-,-,-,,,
