﻿観測地点,Ｈ１７区間番号,路線名,都市計画路線名,通称道路名,調査日,天候,ピーク時間交通量（台／ｈ）,ピーク率（％）,混雑時平均旅行速度（ｋｍ／ｈ）,大型車台数（台／１２ｈ）,混入率（％）,混雑度,昼夜率,車線数,５８年度（台／１２ｈ）,６０年度（台／１２ｈ）,６３年度（台／１２ｈ）,２年度（台／１２ｈ）,６年度（台／１２ｈ）,９年度（台／１２ｈ）,１１年度（台／１２ｈ）,１７年度（台／１２ｈ）,２２年度（台／１２ｈ）
５０４０東京都中央区銀座１丁目,５０１,首都高速一号線,高速１号線,（首都高速都心環状線）,１１月１６日（火）,晴,5476,8.8,58,8026,12.9,0.9,1.52,4,64413,63063,64715,60372,53973,56743,62654,59768,62019
,,,,,,,,,,,,,,,,,,,,,,,
観測地点,Ｈ１７区間番号,路線名,都市計画路線名,通称道路名,調査日,天候,時間・種別,７～８,８～９,９～１０,１０～１１,１１～１２,１２～１３,１３～１４,１４～１５,１５～１６,１６～１７,１７～１８,１８～１９,１２ｈ計,２４ｈ計,,
５０４０東京都中央区銀座１丁目,５０１,首都高速一号線,高速１号線,（首都高速都心環状線）,１１月１６日（火）,晴,自動車類上り大型車,391,322,452,455,410,425,382,423,378,264,218,193,4313,7812,,
５０４０東京都中央区銀座１丁目,５０１,首都高速一号線,高速１号線,（首都高速都心環状線）,１１月１６日（火）,晴,自動車類上り小型車,1716,1532,1572,1653,1408,1384,1847,2030,2240,2335,2230,2168,22115,34346,,
５０４０東京都中央区銀座１丁目,５０１,首都高速一号線,高速１号線,（首都高速都心環状線）,１１月１６日（火）,晴,自動車類上り計,2107,1854,2024,2108,1818,1809,2229,2453,2618,2599,2448,2361,26428,42158,,
５０４０東京都中央区銀座１丁目,５０１,首都高速一号線,高速１号線,（首都高速都心環状線）,１１月１６日（火）,晴,自動車類下り大型車,221,250,371,389,413,519,311,295,335,261,165,183,3713,6447,,
５０４０東京都中央区銀座１丁目,５０１,首都高速一号線,高速１号線,（首都高速都心環状線）,１１月１６日（火）,晴,自動車類下り小型車,3038,3224,2802,2527,2459,2666,2525,2535,2523,2553,2620,2406,31878,45538,,
５０４０東京都中央区銀座１丁目,５０１,首都高速一号線,高速１号線,（首都高速都心環状線）,１１月１６日（火）,晴,自動車類下り計,3259,3474,3173,2916,2872,3185,2836,2830,2858,2814,2785,2589,35591,51985,,
５０４０東京都中央区銀座１丁目,５０１,首都高速一号線,高速１号線,（首都高速都心環状線）,１１月１６日（火）,晴,自動車類合計大型車,612,572,823,844,823,944,693,718,713,525,383,376,8026,14259,,
５０４０東京都中央区銀座１丁目,５０１,首都高速一号線,高速１号線,（首都高速都心環状線）,１１月１６日（火）,晴,自動車類合計小型車,4754,4756,4374,4180,3867,4050,4372,4565,4763,4888,4850,4574,53993,79884,,
５０４０東京都中央区銀座１丁目,５０１,首都高速一号線,高速１号線,（首都高速都心環状線）,１１月１６日（火）,晴,自動車類合計計,5366,5328,5197,5024,4690,4994,5065,5283,5476,5413,5233,4950,62019,94143,,
５０４０東京都中央区銀座１丁目,５０１,首都高速一号線,高速１号線,（首都高速都心環状線）,１１月１６日（火）,晴,二輪車類,-,-,-,-,-,-,-,-,-,-,-,-,-,,,
５０４０東京都中央区銀座１丁目,５０１,首都高速一号線,高速１号線,（首都高速都心環状線）,１１月１６日（火）,晴,自転車類,-,-,-,-,-,-,-,-,-,-,-,-,-,,,
５０４０東京都中央区銀座１丁目,５０１,首都高速一号線,高速１号線,（首都高速都心環状線）,１１月１６日（火）,晴,歩行者類,-,-,-,-,-,-,-,-,-,-,-,-,-,,,
