﻿観測地点,Ｈ１７区間番号,路線名,都市計画路線名,通称道路名,調査日,天候,ピーク時間交通量（台／ｈ）,ピーク率（％）,混雑時平均旅行速度（ｋｍ／ｈ）,大型車台数（台／１２ｈ）,混入率（％）,混雑度,昼夜率,車線数,５８年度（台／１２ｈ）,６０年度（台／１２ｈ）,６３年度（台／１２ｈ）,２年度（台／１２ｈ）,６年度（台／１２ｈ）,９年度（台／１２ｈ）,１１年度（台／１２ｈ）,１７年度（台／１２ｈ）,２２年度（台／１２ｈ）
５５９０東京都世田谷区松原３丁目,５０９,首都高速四号線,高速４号線,（首都高速４号新宿線）,１１月１６日（火）,晴,6443,9.4,30.7,7687,11.2,1.07,1.54,4,46531,53529,56407,55613,59712,60766,61178,58012,68487
,,,,,,,,,,,,,,,,,,,,,,,
観測地点,Ｈ１７区間番号,路線名,都市計画路線名,通称道路名,調査日,天候,時間・種別,７～８,８～９,９～１０,１０～１１,１１～１２,１２～１３,１３～１４,１４～１５,１５～１６,１６～１７,１７～１８,１８～１９,１２ｈ計,２４ｈ計,,
５５９０東京都世田谷区松原３丁目,５０９,首都高速四号線,高速４号線,（首都高速４号新宿線）,１１月１６日（火）,晴,自動車類上り大型車,240,252,380,362,351,321,322,318,298,265,209,224,3542,6336,,
５５９０東京都世田谷区松原３丁目,５０９,首都高速四号線,高速４号線,（首都高速４号新宿線）,１１月１６日（火）,晴,自動車類上り小型車,2866,2336,1994,1988,2026,2074,2056,2268,2497,2675,2654,2286,27720,39882,,
５５９０東京都世田谷区松原３丁目,５０９,首都高速四号線,高速４号線,（首都高速４号新宿線）,１１月１６日（火）,晴,自動車類上り計,3106,2588,2374,2350,2377,2395,2378,2586,2795,2940,2863,2510,31262,46218,,
５５９０東京都世田谷区松原３丁目,５０９,首都高速四号線,高速４号線,（首都高速４号新宿線）,１１月１６日（火）,晴,自動車類下り大型車,353,346,391,416,424,396,329,368,328,334,261,199,4145,7403,,
５５９０東京都世田谷区松原３丁目,５０９,首都高速四号線,高速４号線,（首都高速４号新宿線）,１１月１６日（火）,晴,自動車類下り小型車,2984,2833,2667,2760,2605,2427,2509,2510,2667,2911,3111,3096,33080,51855,,
５５９０東京都世田谷区松原３丁目,５０９,首都高速四号線,高速４号線,（首都高速４号新宿線）,１１月１６日（火）,晴,自動車類下り計,3337,3179,3058,3176,3029,2823,2838,2878,2995,3245,3372,3295,37225,59258,,
５５９０東京都世田谷区松原３丁目,５０９,首都高速四号線,高速４号線,（首都高速４号新宿線）,１１月１６日（火）,晴,自動車類合計大型車,593,598,771,778,775,717,651,686,626,599,470,423,7687,13739,,
５５９０東京都世田谷区松原３丁目,５０９,首都高速四号線,高速４号線,（首都高速４号新宿線）,１１月１６日（火）,晴,自動車類合計小型車,5850,5169,4661,4748,4631,4501,4565,4778,5164,5586,5765,5382,60800,91737,,
５５９０東京都世田谷区松原３丁目,５０９,首都高速四号線,高速４号線,（首都高速４号新宿線）,１１月１６日（火）,晴,自動車類合計計,6443,5767,5432,5526,5406,5218,5216,5464,5790,6185,6235,5805,68487,105476,,
５５９０東京都世田谷区松原３丁目,５０９,首都高速四号線,高速４号線,（首都高速４号新宿線）,１１月１６日（火）,晴,二輪車類,-,-,-,-,-,-,-,-,-,-,-,-,-,,,
５５９０東京都世田谷区松原３丁目,５０９,首都高速四号線,高速４号線,（首都高速４号新宿線）,１１月１６日（火）,晴,自転車類,-,-,-,-,-,-,-,-,-,-,-,-,-,,,
５５９０東京都世田谷区松原３丁目,５０９,首都高速四号線,高速４号線,（首都高速４号新宿線）,１１月１６日（火）,晴,歩行者類,-,-,-,-,-,-,-,-,-,-,-,-,-,,,
