﻿観測地点,Ｈ１７区間番号,路線名,都市計画路線名,通称道路名,調査日,天候,ピーク時間交通量（台／ｈ）,ピーク率（％）,混雑時平均旅行速度（ｋｍ／ｈ）,大型車台数（台／１２ｈ）,混入率（％）,混雑度,昼夜率,車線数,５８年度（台／１２ｈ）,６０年度（台／１２ｈ）,６３年度（台／１２ｈ）,２年度（台／１２ｈ）,６年度（台／１２ｈ）,９年度（台／１２ｈ）,１１年度（台／１２ｈ）,１７年度（台／１２ｈ）,２２年度（台／１２ｈ）
６１５０東京都新宿区上落合３丁目,－,首都高速目黒板橋線,高速中央環状新宿線,（首都高速中央環状新宿線）,１１月１６日（火）,晴,4512,9.7,75.9,6567,14.1,0.73,1.53,4,-,-,-,-,-,-,-,-,46571
,,,,,,,,,,,,,,,,,,,,,,,
観測地点,Ｈ１７区間番号,路線名,都市計画路線名,通称道路名,調査日,天候,時間・種別,７～８,８～９,９～１０,１０～１１,１１～１２,１２～１３,１３～１４,１４～１５,１５～１６,１６～１７,１７～１８,１８～１９,１２ｈ計,２４ｈ計,,
６１５０東京都新宿区上落合３丁目,－,首都高速目黒板橋線,高速中央環状新宿線,（首都高速中央環状新宿線）,１１月１６日（火）,晴,自動車類上り大型車,186,173,300,387,427,419,298,312,300,241,280,224,3547,6955,,
６１５０東京都新宿区上落合３丁目,－,首都高速目黒板橋線,高速中央環状新宿線,（首都高速中央環状新宿線）,１１月１６日（火）,晴,自動車類上り小型車,2196,2141,1896,1665,1774,1589,1394,1463,1540,1523,1805,1744,20730,29416,,
６１５０東京都新宿区上落合３丁目,－,首都高速目黒板橋線,高速中央環状新宿線,（首都高速中央環状新宿線）,１１月１６日（火）,晴,自動車類上り計,2382,2314,2196,2052,2201,2008,1692,1775,1840,1764,2085,1968,24277,36371,,
６１５０東京都新宿区上落合３丁目,－,首都高速目黒板橋線,高速中央環状新宿線,（首都高速中央環状新宿線）,１１月１６日（火）,晴,自動車類下り大型車,156,170,274,353,328,357,265,256,261,249,199,152,3020,7093,,
６１５０東京都新宿区上落合３丁目,－,首都高速目黒板橋線,高速中央環状新宿線,（首都高速中央環状新宿線）,１１月１６日（火）,晴,自動車類下り小型車,1292,1455,1431,1473,1510,1485,1350,1456,1667,1932,2228,1995,19274,27825,,
６１５０東京都新宿区上落合３丁目,－,首都高速目黒板橋線,高速中央環状新宿線,（首都高速中央環状新宿線）,１１月１６日（火）,晴,自動車類下り計,1448,1625,1705,1826,1838,1842,1615,1712,1928,2181,2427,2147,22294,34918,,
６１５０東京都新宿区上落合３丁目,－,首都高速目黒板橋線,高速中央環状新宿線,（首都高速中央環状新宿線）,１１月１６日（火）,晴,自動車類合計大型車,342,343,574,740,755,776,563,568,561,490,479,376,6567,14048,,
６１５０東京都新宿区上落合３丁目,－,首都高速目黒板橋線,高速中央環状新宿線,（首都高速中央環状新宿線）,１１月１６日（火）,晴,自動車類合計小型車,3488,3596,3327,3138,3284,3074,2744,2919,3207,3455,4033,3739,40004,57241,,
６１５０東京都新宿区上落合３丁目,－,首都高速目黒板橋線,高速中央環状新宿線,（首都高速中央環状新宿線）,１１月１６日（火）,晴,自動車類合計計,3830,3939,3901,3878,4039,3850,3307,3487,3768,3945,4512,4115,46571,71289,,
６１５０東京都新宿区上落合３丁目,－,首都高速目黒板橋線,高速中央環状新宿線,（首都高速中央環状新宿線）,１１月１６日（火）,晴,二輪車類,-,-,-,-,-,-,-,-,-,-,-,-,-,,,
６１５０東京都新宿区上落合３丁目,－,首都高速目黒板橋線,高速中央環状新宿線,（首都高速中央環状新宿線）,１１月１６日（火）,晴,自転車類,-,-,-,-,-,-,-,-,-,-,-,-,-,,,
６１５０東京都新宿区上落合３丁目,－,首都高速目黒板橋線,高速中央環状新宿線,（首都高速中央環状新宿線）,１１月１６日（火）,晴,歩行者類,-,-,-,-,-,-,-,-,-,-,-,-,-,,,
