﻿観測地点,Ｈ１７区間番号,路線名,都市計画路線名,通称道路名,調査日,天候,ピーク時間交通量（台／ｈ）,ピーク率（％）,混雑時平均旅行速度（ｋｍ／ｈ）,大型車台数（台／１２ｈ）,混入率（％）,混雑度,昼夜率,車線数,５８年度（台／１２ｈ）,６０年度（台／１２ｈ）,６３年度（台／１２ｈ）,２年度（台／１２ｈ）,６年度（台／１２ｈ）,９年度（台／１２ｈ）,１１年度（台／１２ｈ）,１７年度（台／１２ｈ）,２２年度（台／１２ｈ）
６１７２０足立区千住曙町３４,６０６４,特例都道新荒川堤防線（都道４４９号）,－,－,９月３０日（木）,雨,453,9.5,15,757,15.9,0.75,-,2,14296,13775,14209,13619,14478,14525,14641,10759,4752
,,,,,,,,,,,,,,,,,,,,,,,
観測地点,Ｈ１７区間番号,路線名,都市計画路線名,通称道路名,調査日,天候,時間・種別,７～８,８～９,９～１０,１０～１１,１１～１２,１２～１３,１３～１４,１４～１５,１５～１６,１６～１７,１７～１８,１８～１９,１２ｈ計,２４ｈ計,,
６１７２０足立区千住曙町３４,６０６４,特例都道新荒川堤防線（都道４４９号）,－,－,９月３０日（木）,雨,自動車類上り大型車,55,51,54,65,76,50,62,64,46,31,24,10,588,-,,
６１７２０足立区千住曙町３４,６０６４,特例都道新荒川堤防線（都道４４９号）,－,－,９月３０日（木）,雨,自動車類上り小型車,277,208,245,264,228,206,242,231,220,211,255,185,2772,-,,
６１７２０足立区千住曙町３４,６０６４,特例都道新荒川堤防線（都道４４９号）,－,－,９月３０日（木）,雨,自動車類上り計,332,259,299,329,304,256,304,295,266,242,279,195,3360,-,,
６１７２０足立区千住曙町３４,６０６４,特例都道新荒川堤防線（都道４４９号）,－,－,９月３０日（木）,雨,自動車類下り大型車,13,13,27,16,22,14,15,10,9,14,10,6,169,-,,
６１７２０足立区千住曙町３４,６０６４,特例都道新荒川堤防線（都道４４９号）,－,－,９月３０日（木）,雨,自動車類下り小型車,65,67,94,108,111,81,114,93,117,96,157,120,1223,-,,
６１７２０足立区千住曙町３４,６０６４,特例都道新荒川堤防線（都道４４９号）,－,－,９月３０日（木）,雨,自動車類下り計,78,80,121,124,133,95,129,103,126,110,167,126,1392,-,,
６１７２０足立区千住曙町３４,６０６４,特例都道新荒川堤防線（都道４４９号）,－,－,９月３０日（木）,雨,自動車類合計大型車,68,64,81,81,98,64,77,74,55,45,34,16,757,-,,
６１７２０足立区千住曙町３４,６０６４,特例都道新荒川堤防線（都道４４９号）,－,－,９月３０日（木）,雨,自動車類合計小型車,342,275,339,372,339,287,356,324,337,307,412,305,3995,-,,
６１７２０足立区千住曙町３４,６０６４,特例都道新荒川堤防線（都道４４９号）,－,－,９月３０日（木）,雨,自動車類合計計,410,339,420,453,437,351,433,398,392,352,446,321,4752,-,,
６１７２０足立区千住曙町３４,６０６４,特例都道新荒川堤防線（都道４４９号）,－,－,９月３０日（木）,雨,二輪車類,-,-,-,-,-,-,-,-,-,-,-,-,-,,,
６１７２０足立区千住曙町３４,６０６４,特例都道新荒川堤防線（都道４４９号）,－,－,９月３０日（木）,雨,自転車類,-,-,-,-,-,-,-,-,-,-,-,-,-,,,
６１７２０足立区千住曙町３４,６０６４,特例都道新荒川堤防線（都道４４９号）,－,－,９月３０日（木）,雨,歩行者類,-,-,-,-,-,-,-,-,-,-,-,-,-,,,
