﻿観測地点,Ｈ１７区間番号,路線名,都市計画路線名,通称道路名,調査日,天候,ピーク時間交通量（台／ｈ）,ピーク率（％）,混雑時平均旅行速度（ｋｍ／ｈ）,大型車台数（台／１２ｈ）,混入率（％）,混雑度,昼夜率,車線数,５８年度（台／１２ｈ）,６０年度（台／１２ｈ）,６３年度（台／１２ｈ）,２年度（台／１２ｈ）,６年度（台／１２ｈ）,９年度（台／１２ｈ）,１１年度（台／１２ｈ）,１７年度（台／１２ｈ）,２２年度（台／１２ｈ）
６１３６０中野区中央１－１３,６０４５,特例都道神楽坂高円寺線（都道４３３号）,補７１,大久保通り,１０月２６日（火）,曇,614,9.2,11.4,756,11.3,0.72,-,2,8823,8403,8194,7860,9585,8783,9253,9337,6701
,,,,,,,,,,,,,,,,,,,,,,,
観測地点,Ｈ１７区間番号,路線名,都市計画路線名,通称道路名,調査日,天候,時間・種別,７～８,８～９,９～１０,１０～１１,１１～１２,１２～１３,１３～１４,１４～１５,１５～１６,１６～１７,１７～１８,１８～１９,１２ｈ計,２４ｈ計,,
６１３６０中野区中央１－１３,６０４５,特例都道神楽坂高円寺線（都道４３３号）,補７１,大久保通り,１０月２６日（火）,曇,自動車類上り大型車,38,44,46,54,25,33,29,29,24,22,12,17,373,-,,
６１３６０中野区中央１－１３,６０４５,特例都道神楽坂高円寺線（都道４３３号）,補７１,大久保通り,１０月２６日（火）,曇,自動車類上り小型車,242,296,230,265,251,220,250,226,201,213,208,218,2820,-,,
６１３６０中野区中央１－１３,６０４５,特例都道神楽坂高円寺線（都道４３３号）,補７１,大久保通り,１０月２６日（火）,曇,自動車類上り計,280,340,276,319,276,253,279,255,225,235,220,235,3193,-,,
６１３６０中野区中央１－１３,６０４５,特例都道神楽坂高円寺線（都道４３３号）,補７１,大久保通り,１０月２６日（火）,曇,自動車類下り大型車,27,24,36,50,42,39,33,36,25,26,24,21,383,-,,
６１３６０中野区中央１－１３,６０４５,特例都道神楽坂高円寺線（都道４３３号）,補７１,大久保通り,１０月２６日（火）,曇,自動車類下り小型車,143,155,193,245,285,238,274,310,279,328,355,320,3125,-,,
６１３６０中野区中央１－１３,６０４５,特例都道神楽坂高円寺線（都道４３３号）,補７１,大久保通り,１０月２６日（火）,曇,自動車類下り計,170,179,229,295,327,277,307,346,304,354,379,341,3508,-,,
６１３６０中野区中央１－１３,６０４５,特例都道神楽坂高円寺線（都道４３３号）,補７１,大久保通り,１０月２６日（火）,曇,自動車類合計大型車,65,68,82,104,67,72,62,65,49,48,36,38,756,-,,
６１３６０中野区中央１－１３,６０４５,特例都道神楽坂高円寺線（都道４３３号）,補７１,大久保通り,１０月２６日（火）,曇,自動車類合計小型車,385,451,423,510,536,458,524,536,480,541,563,538,5945,-,,
６１３６０中野区中央１－１３,６０４５,特例都道神楽坂高円寺線（都道４３３号）,補７１,大久保通り,１０月２６日（火）,曇,自動車類合計計,450,519,505,614,603,530,586,601,529,589,599,576,6701,-,,
６１３６０中野区中央１－１３,６０４５,特例都道神楽坂高円寺線（都道４３３号）,補７１,大久保通り,１０月２６日（火）,曇,二輪車類,-,-,-,-,-,-,-,-,-,-,-,-,-,,,
６１３６０中野区中央１－１３,６０４５,特例都道神楽坂高円寺線（都道４３３号）,補７１,大久保通り,１０月２６日（火）,曇,自転車類,126,221,182,110,121,142,142,146,150,199,230,228,1997,,,
６１３６０中野区中央１－１３,６０４５,特例都道神楽坂高円寺線（都道４３３号）,補７１,大久保通り,１０月２６日（火）,曇,歩行者類,187,208,143,102,133,180,179,145,164,209,250,243,2143,,,
