﻿観測地点,Ｈ１７区間番号,路線名,都市計画路線名,通称道路名,調査日,天候,ピーク時間交通量（台／ｈ）,ピーク率（％）,混雑時平均旅行速度（ｋｍ／ｈ）,大型車台数（台／１２ｈ）,混入率（％）,混雑度,昼夜率,車線数,５８年度（台／１２ｈ）,６０年度（台／１２ｈ）,６３年度（台／１２ｈ）,２年度（台／１２ｈ）,６年度（台／１２ｈ）,９年度（台／１２ｈ）,１１年度（台／１２ｈ）,１７年度（台／１２ｈ）,２２年度（台／１２ｈ）
６２７０東京都葛飾区堀切１丁目,５１５,首都高速葛飾江戸川線,高速葛飾江戸川線,（首都高速中央環状線）,１１月１６日（火）,晴,5975,9.6,26.7,21169,34.0,1.05,1.51,4,-,-,59411,64619,59954,64140,66345,64343,62265
,,,,,,,,,,,,,,,,,,,,,,,
観測地点,Ｈ１７区間番号,路線名,都市計画路線名,通称道路名,調査日,天候,時間・種別,７～８,８～９,９～１０,１０～１１,１１～１２,１２～１３,１３～１４,１４～１５,１５～１６,１６～１７,１７～１８,１８～１９,１２ｈ計,２４ｈ計,,
６２７０東京都葛飾区堀切１丁目,５１５,首都高速葛飾江戸川線,高速葛飾江戸川線,（首都高速中央環状線）,１１月１６日（火）,晴,自動車類上り大型車,868,677,861,1020,932,1297,972,1176,1111,997,722,472,11105,17948,,
６２７０東京都葛飾区堀切１丁目,５１５,首都高速葛飾江戸川線,高速葛飾江戸川線,（首都高速中央環状線）,１１月１６日（火）,晴,自動車類上り小型車,1821,2322,1938,1080,998,1220,1196,1344,1484,1505,1501,1130,17539,25858,,
６２７０東京都葛飾区堀切１丁目,５１５,首都高速葛飾江戸川線,高速葛飾江戸川線,（首都高速中央環状線）,１１月１６日（火）,晴,自動車類上り計,2689,2999,2799,2100,1930,2517,2168,2520,2595,2502,2223,1602,28644,43806,,
６２７０東京都葛飾区堀切１丁目,５１５,首都高速葛飾江戸川線,高速葛飾江戸川線,（首都高速中央環状線）,１１月１６日（火）,晴,自動車類下り大型車,594,630,881,852,802,1276,998,900,944,803,717,667,10064,16790,,
６２７０東京都葛飾区堀切１丁目,５１５,首都高速葛飾江戸川線,高速葛飾江戸川線,（首都高速中央環状線）,１１月１６日（火）,晴,自動車類下り小型車,2403,2346,1924,1523,1450,1561,1686,1738,2000,2174,2453,2299,23557,33681,,
６２７０東京都葛飾区堀切１丁目,５１５,首都高速葛飾江戸川線,高速葛飾江戸川線,（首都高速中央環状線）,１１月１６日（火）,晴,自動車類下り計,2997,2976,2805,2375,2252,2837,2684,2638,2944,2977,3170,2966,33621,50471,,
６２７０東京都葛飾区堀切１丁目,５１５,首都高速葛飾江戸川線,高速葛飾江戸川線,（首都高速中央環状線）,１１月１６日（火）,晴,自動車類合計大型車,1462,1307,1742,1872,1734,2573,1970,2076,2055,1800,1439,1139,21169,34738,,
６２７０東京都葛飾区堀切１丁目,５１５,首都高速葛飾江戸川線,高速葛飾江戸川線,（首都高速中央環状線）,１１月１６日（火）,晴,自動車類合計小型車,4224,4668,3862,2603,2448,2781,2882,3082,3484,3679,3954,3429,41096,59539,,
６２７０東京都葛飾区堀切１丁目,５１５,首都高速葛飾江戸川線,高速葛飾江戸川線,（首都高速中央環状線）,１１月１６日（火）,晴,自動車類合計計,5686,5975,5604,4475,4182,5354,4852,5158,5539,5479,5393,4568,62265,94277,,
６２７０東京都葛飾区堀切１丁目,５１５,首都高速葛飾江戸川線,高速葛飾江戸川線,（首都高速中央環状線）,１１月１６日（火）,晴,二輪車類,-,-,-,-,-,-,-,-,-,-,-,-,-,,,
６２７０東京都葛飾区堀切１丁目,５１５,首都高速葛飾江戸川線,高速葛飾江戸川線,（首都高速中央環状線）,１１月１６日（火）,晴,自転車類,-,-,-,-,-,-,-,-,-,-,-,-,-,,,
６２７０東京都葛飾区堀切１丁目,５１５,首都高速葛飾江戸川線,高速葛飾江戸川線,（首都高速中央環状線）,１１月１６日（火）,晴,歩行者類,-,-,-,-,-,-,-,-,-,-,-,-,-,,,
