﻿観測地点,Ｈ１７区間番号,路線名,都市計画路線名,通称道路名,調査日,天候,ピーク時間交通量（台／ｈ）,ピーク率（％）,混雑時平均旅行速度（ｋｍ／ｈ）,大型車台数（台／１２ｈ）,混入率（％）,混雑度,昼夜率,車線数,５８年度（台／１２ｈ）,６０年度（台／１２ｈ）,６３年度（台／１２ｈ）,２年度（台／１２ｈ）,６年度（台／１２ｈ）,９年度（台／１２ｈ）,１１年度（台／１２ｈ）,１７年度（台／１２ｈ）,２２年度（台／１２ｈ）
４００３０大田区田園調布本町３２,４００３,主要地方道東京丸子横浜線（都道２号）,放２,中原街道,１０月１９日（火）,曇,2326,10.1,13,2864,12.4,1.07,-,4,21864,18953,19117,19132,18962,20347,19959,23633,23099
,,,,,,,,,,,,,,,,,,,,,,,
観測地点,Ｈ１７区間番号,路線名,都市計画路線名,通称道路名,調査日,天候,時間・種別,７～８,８～９,９～１０,１０～１１,１１～１２,１２～１３,１３～１４,１４～１５,１５～１６,１６～１７,１７～１８,１８～１９,１２ｈ計,２４ｈ計,,
４００３０大田区田園調布本町３２,４００３,主要地方道東京丸子横浜線（都道２号）,放２,中原街道,１０月１９日（火）,曇,自動車類上り大型車,133,123,146,175,141,101,139,128,101,93,72,45,1397,-,,
４００３０大田区田園調布本町３２,４００３,主要地方道東京丸子横浜線（都道２号）,放２,中原街道,１０月１９日（火）,曇,自動車類上り小型車,1213,1004,816,792,746,702,742,732,699,825,844,731,9846,-,,
４００３０大田区田園調布本町３２,４００３,主要地方道東京丸子横浜線（都道２号）,放２,中原街道,１０月１９日（火）,曇,自動車類上り計,1346,1127,962,967,887,803,881,860,800,918,916,776,11243,-,,
４００３０大田区田園調布本町３２,４００３,主要地方道東京丸子横浜線（都道２号）,放２,中原街道,１０月１９日（火）,曇,自動車類下り大型車,94,78,132,125,167,152,147,117,134,130,117,74,1467,-,,
４００３０大田区田園調布本町３２,４００３,主要地方道東京丸子横浜線（都道２号）,放２,中原街道,１０月１９日（火）,曇,自動車類下り小型車,886,826,780,726,773,673,776,837,856,949,1159,1148,10389,-,,
４００３０大田区田園調布本町３２,４００３,主要地方道東京丸子横浜線（都道２号）,放２,中原街道,１０月１９日（火）,曇,自動車類下り計,980,904,912,851,940,825,923,954,990,1079,1276,1222,11856,-,,
４００３０大田区田園調布本町３２,４００３,主要地方道東京丸子横浜線（都道２号）,放２,中原街道,１０月１９日（火）,曇,自動車類合計大型車,227,201,278,300,308,253,286,245,235,223,189,119,2864,-,,
４００３０大田区田園調布本町３２,４００３,主要地方道東京丸子横浜線（都道２号）,放２,中原街道,１０月１９日（火）,曇,自動車類合計小型車,2099,1830,1596,1518,1519,1375,1518,1569,1555,1774,2003,1879,20235,-,,
４００３０大田区田園調布本町３２,４００３,主要地方道東京丸子横浜線（都道２号）,放２,中原街道,１０月１９日（火）,曇,自動車類合計計,2326,2031,1874,1818,1827,1628,1804,1814,1790,1997,2192,1998,23099,-,,
４００３０大田区田園調布本町３２,４００３,主要地方道東京丸子横浜線（都道２号）,放２,中原街道,１０月１９日（火）,曇,二輪車類,439,488,337,212,175,202,192,190,208,242,377,425,3487,,,
４００３０大田区田園調布本町３２,４００３,主要地方道東京丸子横浜線（都道２号）,放２,中原街道,１０月１９日（火）,曇,自転車類,271,390,187,148,130,139,147,136,174,217,217,256,2412,,,
４００３０大田区田園調布本町３２,４００３,主要地方道東京丸子横浜線（都道２号）,放２,中原街道,１０月１９日（火）,曇,歩行者類,110,90,64,56,83,70,47,76,90,73,91,140,990,,,
