﻿観測地点,Ｈ１７区間番号,路線名,都市計画路線名,通称道路名,調査日,天候,ピーク時間交通量（台／ｈ）,ピーク率（％）,混雑時平均旅行速度（ｋｍ／ｈ）,大型車台数（台／１２ｈ）,混入率（％）,混雑度,昼夜率,車線数,５８年度（台／１２ｈ）,６０年度（台／１２ｈ）,６３年度（台／１２ｈ）,２年度（台／１２ｈ）,６年度（台／１２ｈ）,９年度（台／１２ｈ）,１１年度（台／１２ｈ）,１７年度（台／１２ｈ）,２２年度（台／１２ｈ）
６３１０東京都江戸川区清新町１丁目,５１５,首都高速葛飾江戸川線,高速葛飾江戸川線,（首都高速中央環状線）,１１月１６日（火）,晴,5424,9.8,22.9,21190,38.3,1.1,1.48,4,-,-,59411,64619,59954,64140,66345,64343,55282
,,,,,,,,,,,,,,,,,,,,,,,
観測地点,Ｈ１７区間番号,路線名,都市計画路線名,通称道路名,調査日,天候,時間・種別,７～８,８～９,９～１０,１０～１１,１１～１２,１２～１３,１３～１４,１４～１５,１５～１６,１６～１７,１７～１８,１８～１９,１２ｈ計,２４ｈ計,,
６３１０東京都江戸川区清新町１丁目,５１５,首都高速葛飾江戸川線,高速葛飾江戸川線,（首都高速中央環状線）,１１月１６日（火）,晴,自動車類上り大型車,686,811,1234,685,679,899,733,881,847,793,523,350,9121,14710,,
６３１０東京都江戸川区清新町１丁目,５１５,首都高速葛飾江戸川線,高速葛飾江戸川線,（首都高速中央環状線）,１１月１６日（火）,晴,自動車類上り小型車,1426,1547,1281,747,876,1014,1062,1222,1534,1711,1735,1160,15315,21969,,
６３１０東京都江戸川区清新町１丁目,５１５,首都高速葛飾江戸川線,高速葛飾江戸川線,（首都高速中央環状線）,１１月１６日（火）,晴,自動車類上り計,2112,2358,2515,1432,1555,1913,1795,2103,2381,2504,2258,1510,24436,36679,,
６３１０東京都江戸川区清新町１丁目,５１５,首都高速葛飾江戸川線,高速葛飾江戸川線,（首都高速中央環状線）,１１月１６日（火）,晴,自動車類下り大型車,796,881,1179,1193,1093,1321,1238,1017,989,909,800,653,12069,19327,,
６３１０東京都江戸川区清新町１丁目,５１５,首都高速葛飾江戸川線,高速葛飾江戸川線,（首都高速中央環状線）,１１月１６日（火）,晴,自動車類下り小型車,2313,2185,1729,1218,1130,1269,1276,1259,1326,1615,1818,1639,18777,25817,,
６３１０東京都江戸川区清新町１丁目,５１５,首都高速葛飾江戸川線,高速葛飾江戸川線,（首都高速中央環状線）,１１月１６日（火）,晴,自動車類下り計,3109,3066,2908,2411,2223,2590,2514,2276,2315,2524,2618,2292,30846,45144,,
６３１０東京都江戸川区清新町１丁目,５１５,首都高速葛飾江戸川線,高速葛飾江戸川線,（首都高速中央環状線）,１１月１６日（火）,晴,自動車類合計大型車,1482,1692,2413,1878,1772,2220,1971,1898,1836,1702,1323,1003,21190,34037,,
６３１０東京都江戸川区清新町１丁目,５１５,首都高速葛飾江戸川線,高速葛飾江戸川線,（首都高速中央環状線）,１１月１６日（火）,晴,自動車類合計小型車,3739,3732,3010,1965,2006,2283,2338,2481,2860,3326,3553,2799,34092,47786,,
６３１０東京都江戸川区清新町１丁目,５１５,首都高速葛飾江戸川線,高速葛飾江戸川線,（首都高速中央環状線）,１１月１６日（火）,晴,自動車類合計計,5221,5424,5423,3843,3778,4503,4309,4379,4696,5028,4876,3802,55282,81823,,
６３１０東京都江戸川区清新町１丁目,５１５,首都高速葛飾江戸川線,高速葛飾江戸川線,（首都高速中央環状線）,１１月１６日（火）,晴,二輪車類,-,-,-,-,-,-,-,-,-,-,-,-,-,,,
６３１０東京都江戸川区清新町１丁目,５１５,首都高速葛飾江戸川線,高速葛飾江戸川線,（首都高速中央環状線）,１１月１６日（火）,晴,自転車類,-,-,-,-,-,-,-,-,-,-,-,-,-,,,
６３１０東京都江戸川区清新町１丁目,５１５,首都高速葛飾江戸川線,高速葛飾江戸川線,（首都高速中央環状線）,１１月１６日（火）,晴,歩行者類,-,-,-,-,-,-,-,-,-,-,-,-,-,,,
