﻿観測地点,Ｈ１７区間番号,路線名,都市計画路線名,通称道路名,調査日,天候,ピーク時間交通量（台／ｈ）,ピーク率（％）,混雑時平均旅行速度（ｋｍ／ｈ）,大型車台数（台／１２ｈ）,混入率（％）,混雑度,昼夜率,車線数,５８年度（台／１２ｈ）,６０年度（台／１２ｈ）,６３年度（台／１２ｈ）,２年度（台／１２ｈ）,６年度（台／１２ｈ）,９年度（台／１２ｈ）,１１年度（台／１２ｈ）,１７年度（台／１２ｈ）,２２年度（台／１２ｈ）
６２００東京都北区滝野川２丁目,５１９,首都高速板橋足立線,高速王子線,（首都高速中央環状王子線）,１１月１６日（火）,晴,4199,9.6,13.2,10340,23.5,0.77,1.56,4,-,-,-,-,-,-,-,31928,43918
,,,,,,,,,,,,,,,,,,,,,,,
観測地点,Ｈ１７区間番号,路線名,都市計画路線名,通称道路名,調査日,天候,時間・種別,７～８,８～９,９～１０,１０～１１,１１～１２,１２～１３,１３～１４,１４～１５,１５～１６,１６～１７,１７～１８,１８～１９,１２ｈ計,２４ｈ計,,
６２００東京都北区滝野川２丁目,５１９,首都高速板橋足立線,高速王子線,（首都高速中央環状王子線）,１１月１６日（火）,晴,自動車類上り大型車,274,272,431,502,406,484,475,531,464,365,303,343,4850,9513,,
６２００東京都北区滝野川２丁目,５１９,首都高速板橋足立線,高速王子線,（首都高速中央環状王子線）,１１月１６日（火）,晴,自動車類上り小型車,1454,1515,1381,1117,985,1147,1179,1375,1579,1529,1417,1601,16279,23580,,
６２００東京都北区滝野川２丁目,５１９,首都高速板橋足立線,高速王子線,（首都高速中央環状王子線）,１１月１６日（火）,晴,自動車類上り計,1728,1787,1812,1619,1391,1631,1654,1906,2043,1894,1720,1944,21129,33093,,
６２００東京都北区滝野川２丁目,５１９,首都高速板橋足立線,高速王子線,（首都高速中央環状王子線）,１１月１６日（火）,晴,自動車類下り大型車,321,329,475,558,568,665,474,488,523,492,310,287,5490,10501,,
６２００東京都北区滝野川２丁目,５１９,首都高速板橋足立線,高速王子線,（首都高速中央環状王子線）,１１月１６日（火）,晴,自動車類下り小型車,1123,1141,1241,1335,1349,1432,1292,1296,1633,1752,1763,1942,17299,25009,,
６２００東京都北区滝野川２丁目,５１９,首都高速板橋足立線,高速王子線,（首都高速中央環状王子線）,１１月１６日（火）,晴,自動車類下り計,1444,1470,1716,1893,1917,2097,1766,1784,2156,2244,2073,2229,22789,35510,,
６２００東京都北区滝野川２丁目,５１９,首都高速板橋足立線,高速王子線,（首都高速中央環状王子線）,１１月１６日（火）,晴,自動車類合計大型車,595,601,906,1060,974,1149,949,1019,987,857,613,630,10340,20014,,
６２００東京都北区滝野川２丁目,５１９,首都高速板橋足立線,高速王子線,（首都高速中央環状王子線）,１１月１６日（火）,晴,自動車類合計小型車,2577,2656,2622,2452,2334,2579,2471,2671,3212,3281,3180,3543,33578,48589,,
６２００東京都北区滝野川２丁目,５１９,首都高速板橋足立線,高速王子線,（首都高速中央環状王子線）,１１月１６日（火）,晴,自動車類合計計,3172,3257,3528,3512,3308,3728,3420,3690,4199,4138,3793,4173,43918,68603,,
６２００東京都北区滝野川２丁目,５１９,首都高速板橋足立線,高速王子線,（首都高速中央環状王子線）,１１月１６日（火）,晴,二輪車類,-,-,-,-,-,-,-,-,-,-,-,-,-,,,
６２００東京都北区滝野川２丁目,５１９,首都高速板橋足立線,高速王子線,（首都高速中央環状王子線）,１１月１６日（火）,晴,自転車類,-,-,-,-,-,-,-,-,-,-,-,-,-,,,
６２００東京都北区滝野川２丁目,５１９,首都高速板橋足立線,高速王子線,（首都高速中央環状王子線）,１１月１６日（火）,晴,歩行者類,-,-,-,-,-,-,-,-,-,-,-,-,-,,,
