﻿観測地点,Ｈ１７区間番号,路線名,都市計画路線名,通称道路名,調査日,天候,ピーク時間交通量（台／ｈ）,ピーク率（％）,混雑時平均旅行速度（ｋｍ／ｈ）,大型車台数（台／１２ｈ）,混入率（％）,混雑度,昼夜率,車線数,５８年度（台／１２ｈ）,６０年度（台／１２ｈ）,６３年度（台／１２ｈ）,２年度（台／１２ｈ）,６年度（台／１２ｈ）,９年度（台／１２ｈ）,１１年度（台／１２ｈ）,１７年度（台／１２ｈ）,２２年度（台／１２ｈ）
５０８０東京都中央区銀座８丁目,５０１,首都高速一号線,高速１号線,（首都高速都心環状線）,１１月１６日（火）,晴,1702,10.1,50.8,2802,16.6,0.36,1.61,4,64413,63063,64715,60372,53973,56743,62654,59768,16841
,,,,,,,,,,,,,,,,,,,,,,,
観測地点,Ｈ１７区間番号,路線名,都市計画路線名,通称道路名,調査日,天候,時間・種別,７～８,８～９,９～１０,１０～１１,１１～１２,１２～１３,１３～１４,１４～１５,１５～１６,１６～１７,１７～１８,１８～１９,１２ｈ計,２４ｈ計,,
５０８０東京都中央区銀座８丁目,５０１,首都高速一号線,高速１号線,（首都高速都心環状線）,１１月１６日（火）,晴,自動車類上り大型車,55,54,66,65,60,60,66,57,51,47,35,32,648,1181,,
５０８０東京都中央区銀座８丁目,５０１,首都高速一号線,高速１号線,（首都高速都心環状線）,１１月１６日（火）,晴,自動車類上り小型車,798,775,734,584,534,538,592,657,699,696,660,629,7896,11305,,
５０８０東京都中央区銀座８丁目,５０１,首都高速一号線,高速１号線,（首都高速都心環状線）,１１月１６日（火）,晴,自動車類上り計,853,829,800,649,594,598,658,714,750,743,695,661,8544,12486,,
５０８０東京都中央区銀座８丁目,５０１,首都高速一号線,高速１号線,（首都高速都心環状線）,１１月１６日（火）,晴,自動車類下り大型車,288,317,237,205,144,166,147,149,77,164,146,114,2154,3439,,
５０８０東京都中央区銀座８丁目,５０１,首都高速一号線,高速１号線,（首都高速都心環状線）,１１月１６日（火）,晴,自動車類下り小型車,561,530,287,180,232,384,601,662,762,699,652,593,6143,11117,,
５０８０東京都中央区銀座８丁目,５０１,首都高速一号線,高速１号線,（首都高速都心環状線）,１１月１６日（火）,晴,自動車類下り計,849,847,524,385,376,550,748,811,839,863,798,707,8297,14556,,
５０８０東京都中央区銀座８丁目,５０１,首都高速一号線,高速１号線,（首都高速都心環状線）,１１月１６日（火）,晴,自動車類合計大型車,343,371,303,270,204,226,213,206,128,211,181,146,2802,4620,,
５０８０東京都中央区銀座８丁目,５０１,首都高速一号線,高速１号線,（首都高速都心環状線）,１１月１６日（火）,晴,自動車類合計小型車,1359,1305,1021,764,766,922,1193,1319,1461,1395,1312,1222,14039,22422,,
５０８０東京都中央区銀座８丁目,５０１,首都高速一号線,高速１号線,（首都高速都心環状線）,１１月１６日（火）,晴,自動車類合計計,1702,1676,1324,1034,970,1148,1406,1525,1589,1606,1493,1368,16841,27042,,
５０８０東京都中央区銀座８丁目,５０１,首都高速一号線,高速１号線,（首都高速都心環状線）,１１月１６日（火）,晴,二輪車類,-,-,-,-,-,-,-,-,-,-,-,-,-,,,
５０８０東京都中央区銀座８丁目,５０１,首都高速一号線,高速１号線,（首都高速都心環状線）,１１月１６日（火）,晴,自転車類,-,-,-,-,-,-,-,-,-,-,-,-,-,,,
５０８０東京都中央区銀座８丁目,５０１,首都高速一号線,高速１号線,（首都高速都心環状線）,１１月１６日（火）,晴,歩行者類,-,-,-,-,-,-,-,-,-,-,-,-,-,,,
