﻿観測地点,Ｈ１７区間番号,路線名,都市計画路線名,通称道路名,調査日,天候,ピーク時間交通量（台／ｈ）,ピーク率（％）,混雑時平均旅行速度（ｋｍ／ｈ）,大型車台数（台／１２ｈ）,混入率（％）,混雑度,昼夜率,車線数,５８年度（台／１２ｈ）,６０年度（台／１２ｈ）,６３年度（台／１２ｈ）,２年度（台／１２ｈ）,６年度（台／１２ｈ）,９年度（台／１２ｈ）,１１年度（台／１２ｈ）,１７年度（台／１２ｈ）,２２年度（台／１２ｈ）
５１８０東京都港区六本木３丁目,５０３,首都高速二号分岐線,高速２号分岐線,（首都高速都心環状線）,１１月１６日（火）,晴,6894,9.3,24.7,8724,11.8,1.14,1.54,4,71319,65046,69932,70143,70764,72952,74300,72637,73766
,,,,,,,,,,,,,,,,,,,,,,,
観測地点,Ｈ１７区間番号,路線名,都市計画路線名,通称道路名,調査日,天候,時間・種別,７～８,８～９,９～１０,１０～１１,１１～１２,１２～１３,１３～１４,１４～１５,１５～１６,１６～１７,１７～１８,１８～１９,１２ｈ計,２４ｈ計,,
５１８０東京都港区六本木３丁目,５０３,首都高速二号分岐線,高速２号分岐線,（首都高速都心環状線）,１１月１６日（火）,晴,自動車類上り大型車,253,299,432,554,292,317,367,369,346,299,263,261,4052,9103,,
５１８０東京都港区六本木３丁目,５０３,首都高速二号分岐線,高速２号分岐線,（首都高速都心環状線）,１１月１６日（火）,晴,自動車類上り小型車,2689,2932,2542,2241,1231,1624,2514,2614,2789,2796,2628,2626,29226,46094,,
５１８０東京都港区六本木３丁目,５０３,首都高速二号分岐線,高速２号分岐線,（首都高速都心環状線）,１１月１６日（火）,晴,自動車類上り計,2942,3231,2974,2795,1523,1941,2881,2983,3135,3095,2891,2887,33278,55197,,
５１８０東京都港区六本木３丁目,５０３,首都高速二号分岐線,高速２号分岐線,（首都高速都心環状線）,１１月１６日（火）,晴,自動車類下り大型車,390,356,470,451,463,473,376,398,407,363,239,286,4672,8155,,
５１８０東京都港区六本木３丁目,５０３,首都高速二号分岐線,高速２号分岐線,（首都高速都心環状線）,１１月１６日（火）,晴,自動車類下り小型車,3066,3307,3097,2877,2794,2823,2932,2861,2974,3022,3124,2939,35816,50551,,
５１８０東京都港区六本木３丁目,５０３,首都高速二号分岐線,高速２号分岐線,（首都高速都心環状線）,１１月１６日（火）,晴,自動車類下り計,3456,3663,3567,3328,3257,3296,3308,3259,3381,3385,3363,3225,40488,58706,,
５１８０東京都港区六本木３丁目,５０３,首都高速二号分岐線,高速２号分岐線,（首都高速都心環状線）,１１月１６日（火）,晴,自動車類合計大型車,643,655,902,1005,755,790,743,767,753,662,502,547,8724,17258,,
５１８０東京都港区六本木３丁目,５０３,首都高速二号分岐線,高速２号分岐線,（首都高速都心環状線）,１１月１６日（火）,晴,自動車類合計小型車,5755,6239,5639,5118,4025,4447,5446,5475,5763,5818,5752,5565,65042,96645,,
５１８０東京都港区六本木３丁目,５０３,首都高速二号分岐線,高速２号分岐線,（首都高速都心環状線）,１１月１６日（火）,晴,自動車類合計計,6398,6894,6541,6123,4780,5237,6189,6242,6516,6480,6254,6112,73766,113903,,
５１８０東京都港区六本木３丁目,５０３,首都高速二号分岐線,高速２号分岐線,（首都高速都心環状線）,１１月１６日（火）,晴,二輪車類,-,-,-,-,-,-,-,-,-,-,-,-,-,,,
５１８０東京都港区六本木３丁目,５０３,首都高速二号分岐線,高速２号分岐線,（首都高速都心環状線）,１１月１６日（火）,晴,自転車類,-,-,-,-,-,-,-,-,-,-,-,-,-,,,
５１８０東京都港区六本木３丁目,５０３,首都高速二号分岐線,高速２号分岐線,（首都高速都心環状線）,１１月１６日（火）,晴,歩行者類,-,-,-,-,-,-,-,-,-,-,-,-,-,,,
