﻿観測地点,Ｈ１７区間番号,路線名,都市計画路線名,通称道路名,調査日,天候,ピーク時間交通量（台／ｈ）,ピーク率（％）,混雑時平均旅行速度（ｋｍ／ｈ）,大型車台数（台／１２ｈ）,混入率（％）,混雑度,昼夜率,車線数,５８年度（台／１２ｈ）,６０年度（台／１２ｈ）,６３年度（台／１２ｈ）,２年度（台／１２ｈ）,６年度（台／１２ｈ）,９年度（台／１２ｈ）,１１年度（台／１２ｈ）,１７年度（台／１２ｈ）,２２年度（台／１２ｈ）
４０２７０練馬区豊玉北４－２９,４０１４,主要地方道千代田練馬田無線（都道８号）,放７,目白通り,１０月１９日（火）,曇,2786,9.0,16.2,6348,20.5,1.08,-,4,35867,35481,36873,36600,34288,36549,33855,34058,30908
,,,,,,,,,,,,,,,,,,,,,,,
観測地点,Ｈ１７区間番号,路線名,都市計画路線名,通称道路名,調査日,天候,時間・種別,７～８,８～９,９～１０,１０～１１,１１～１２,１２～１３,１３～１４,１４～１５,１５～１６,１６～１７,１７～１８,１８～１９,１２ｈ計,２４ｈ計,,
４０２７０練馬区豊玉北４－２９,４０１４,主要地方道千代田練馬田無線（都道８号）,放７,目白通り,１０月１９日（火）,曇,自動車類上り大型車,311,307,301,298,291,301,308,265,216,169,145,121,3033,-,,
４０２７０練馬区豊玉北４－２９,４０１４,主要地方道千代田練馬田無線（都道８号）,放７,目白通り,１０月１９日（火）,曇,自動車類上り小型車,1401,1343,1153,1014,801,995,1142,1067,1058,979,927,1125,13005,-,,
４０２７０練馬区豊玉北４－２９,４０１４,主要地方道千代田練馬田無線（都道８号）,放７,目白通り,１０月１９日（火）,曇,自動車類上り計,1712,1650,1454,1312,1092,1296,1450,1332,1274,1148,1072,1246,16038,-,,
４０２７０練馬区豊玉北４－２９,４０１４,主要地方道千代田練馬田無線（都道８号）,放７,目白通り,１０月１９日（火）,曇,自動車類下り大型車,227,264,338,351,340,311,294,256,270,256,224,184,3315,-,,
４０２７０練馬区豊玉北４－２９,４０１４,主要地方道千代田練馬田無線（都道８号）,放７,目白通り,１０月１９日（火）,曇,自動車類下り小型車,802,872,809,842,831,854,925,908,1071,1103,1204,1334,11555,-,,
４０２７０練馬区豊玉北４－２９,４０１４,主要地方道千代田練馬田無線（都道８号）,放７,目白通り,１０月１９日（火）,曇,自動車類下り計,1029,1136,1147,1193,1171,1165,1219,1164,1341,1359,1428,1518,14870,-,,
４０２７０練馬区豊玉北４－２９,４０１４,主要地方道千代田練馬田無線（都道８号）,放７,目白通り,１０月１９日（火）,曇,自動車類合計大型車,538,571,639,649,631,612,602,521,486,425,369,305,6348,-,,
４０２７０練馬区豊玉北４－２９,４０１４,主要地方道千代田練馬田無線（都道８号）,放７,目白通り,１０月１９日（火）,曇,自動車類合計小型車,2203,2215,1962,1856,1632,1849,2067,1975,2129,2082,2131,2459,24560,-,,
４０２７０練馬区豊玉北４－２９,４０１４,主要地方道千代田練馬田無線（都道８号）,放７,目白通り,１０月１９日（火）,曇,自動車類合計計,2741,2786,2601,2505,2263,2461,2669,2496,2615,2507,2500,2764,30908,-,,
４０２７０練馬区豊玉北４－２９,４０１４,主要地方道千代田練馬田無線（都道８号）,放７,目白通り,１０月１９日（火）,曇,二輪車類,314,305,197,183,109,134,137,170,177,175,187,245,2333,,,
４０２７０練馬区豊玉北４－２９,４０１４,主要地方道千代田練馬田無線（都道８号）,放７,目白通り,１０月１９日（火）,曇,自転車類,136,235,220,132,114,121,109,124,160,202,204,200,1957,,,
４０２７０練馬区豊玉北４－２９,４０１４,主要地方道千代田練馬田無線（都道８号）,放７,目白通り,１０月１９日（火）,曇,歩行者類,143,187,104,84,78,113,77,72,88,104,109,127,1286,,,
