﻿観測地点,Ｈ１７区間番号,路線名,都市計画路線名,通称道路名,調査日,天候,ピーク時間交通量（台／ｈ）,ピーク率（％）,混雑時平均旅行速度（ｋｍ／ｈ）,大型車台数（台／１２ｈ）,混入率（％）,混雑度,昼夜率,車線数,５８年度（台／１２ｈ）,６０年度（台／１２ｈ）,６３年度（台／１２ｈ）,２年度（台／１２ｈ）,６年度（台／１２ｈ）,９年度（台／１２ｈ）,１１年度（台／１２ｈ）,１７年度（台／１２ｈ）,２２年度（台／１２ｈ）
４１２００墨田区立花１－１,４０５７,主要地方道王子千住南砂町線（都道３０６号）,補１１６,明治通り,１０月５日（火）,晴,878,9.4,16.6,1508,16.2,0.45,-,4,13807,14330,13284,14236,13035,14250,13862,12607,9312
,,,,,,,,,,,,,,,,,,,,,,,
観測地点,Ｈ１７区間番号,路線名,都市計画路線名,通称道路名,調査日,天候,時間・種別,７～８,８～９,９～１０,１０～１１,１１～１２,１２～１３,１３～１４,１４～１５,１５～１６,１６～１７,１７～１８,１８～１９,１２ｈ計,２４ｈ計,,
４１２００墨田区立花１－１,４０５７,主要地方道王子千住南砂町線（都道３０６号）,補１１６,明治通り,１０月５日（火）,晴,自動車類上り大型車,49,81,92,87,83,62,61,72,61,55,46,30,779,-,,
４１２００墨田区立花１－１,４０５７,主要地方道王子千住南砂町線（都道３０６号）,補１１６,明治通り,１０月５日（火）,晴,自動車類上り小型車,151,223,299,319,336,262,301,347,353,358,417,320,3686,-,,
４１２００墨田区立花１－１,４０５７,主要地方道王子千住南砂町線（都道３０６号）,補１１６,明治通り,１０月５日（火）,晴,自動車類上り計,200,304,391,406,419,324,362,419,414,413,463,350,4465,-,,
４１２００墨田区立花１－１,４０５７,主要地方道王子千住南砂町線（都道３０６号）,補１１６,明治通り,１０月５日（火）,晴,自動車類下り大型車,80,78,79,73,81,64,60,58,48,43,35,30,729,-,,
４１２００墨田区立花１－１,４０５７,主要地方道王子千住南砂町線（都道３０６号）,補１１６,明治通り,１０月５日（火）,晴,自動車類下り小型車,342,350,331,373,378,296,351,370,325,335,319,348,4118,-,,
４１２００墨田区立花１－１,４０５７,主要地方道王子千住南砂町線（都道３０６号）,補１１６,明治通り,１０月５日（火）,晴,自動車類下り計,422,428,410,446,459,360,411,428,373,378,354,378,4847,-,,
４１２００墨田区立花１－１,４０５７,主要地方道王子千住南砂町線（都道３０６号）,補１１６,明治通り,１０月５日（火）,晴,自動車類合計大型車,129,159,171,160,164,126,121,130,109,98,81,60,1508,-,,
４１２００墨田区立花１－１,４０５７,主要地方道王子千住南砂町線（都道３０６号）,補１１６,明治通り,１０月５日（火）,晴,自動車類合計小型車,493,573,630,692,714,558,652,717,678,693,736,668,7804,-,,
４１２００墨田区立花１－１,４０５７,主要地方道王子千住南砂町線（都道３０６号）,補１１６,明治通り,１０月５日（火）,晴,自動車類合計計,622,732,801,852,878,684,773,847,787,791,817,728,9312,-,,
４１２００墨田区立花１－１,４０５７,主要地方道王子千住南砂町線（都道３０６号）,補１１６,明治通り,１０月５日（火）,晴,二輪車類,105,93,50,27,35,65,60,77,76,70,126,100,884,,,
４１２００墨田区立花１－１,４０５７,主要地方道王子千住南砂町線（都道３０６号）,補１１６,明治通り,１０月５日（火）,晴,自転車類,239,451,338,301,284,277,307,333,398,419,462,442,4251,,,
４１２００墨田区立花１－１,４０５７,主要地方道王子千住南砂町線（都道３０６号）,補１１６,明治通り,１０月５日（火）,晴,歩行者類,725,1117,231,199,201,273,187,219,240,264,748,575,4979,,,
