﻿観測地点,Ｈ１７区間番号,路線名,都市計画路線名,通称道路名,調査日,天候,ピーク時間交通量（台／ｈ）,ピーク率（％）,混雑時平均旅行速度（ｋｍ／ｈ）,大型車台数（台／１２ｈ）,混入率（％）,混雑度,昼夜率,車線数,５８年度（台／１２ｈ）,６０年度（台／１２ｈ）,６３年度（台／１２ｈ）,２年度（台／１２ｈ）,６年度（台／１２ｈ）,９年度（台／１２ｈ）,１１年度（台／１２ｈ）,１７年度（台／１２ｈ）,２２年度（台／１２ｈ）
５９６０東京都墨田区墨田５丁目,５１１,首都高速六号線,高速６号線,（首都高速６号向島線）,１１月１６日（火）,晴,4313,9.2,34.3,9540,20.3,0.87,1.59,4,23253,36543,40295,40911,42800,44736,43318,43978,46911
,,,,,,,,,,,,,,,,,,,,,,,
観測地点,Ｈ１７区間番号,路線名,都市計画路線名,通称道路名,調査日,天候,時間・種別,７～８,８～９,９～１０,１０～１１,１１～１２,１２～１３,１３～１４,１４～１５,１５～１６,１６～１７,１７～１８,１８～１９,１２ｈ計,２４ｈ計,,
５９６０東京都墨田区墨田５丁目,５１１,首都高速六号線,高速６号線,（首都高速６号向島線）,１１月１６日（火）,晴,自動車類上り大型車,127,179,242,305,448,501,243,258,187,143,119,166,2918,6479,,
５９６０東京都墨田区墨田５丁目,５１１,首都高速六号線,高速６号線,（首都高速６号向島線）,１１月１６日（火）,晴,自動車類上り小型車,1913,1645,1053,844,1083,1593,1461,1507,1736,1679,1510,1454,17478,27406,,
５９６０東京都墨田区墨田５丁目,５１１,首都高速六号線,高速６号線,（首都高速６号向島線）,１１月１６日（火）,晴,自動車類上り計,2040,1824,1295,1149,1531,2094,1704,1765,1923,1822,1629,1620,20396,33885,,
５９６０東京都墨田区墨田５丁目,５１１,首都高速六号線,高速６号線,（首都高速６号向島線）,１１月１６日（火）,晴,自動車類下り大型車,381,351,573,802,780,726,525,557,516,473,440,498,6622,10947,,
５９６０東京都墨田区墨田５丁目,５１１,首都高速六号線,高速６号線,（首都高速６号向島線）,１１月１６日（火）,晴,自動車類下り小型車,1281,1326,1580,1691,1755,1493,1627,1595,1692,1723,2048,2082,19893,29793,,
５９６０東京都墨田区墨田５丁目,５１１,首都高速六号線,高速６号線,（首都高速６号向島線）,１１月１６日（火）,晴,自動車類下り計,1662,1677,2153,2493,2535,2219,2152,2152,2208,2196,2488,2580,26515,40740,,
５９６０東京都墨田区墨田５丁目,５１１,首都高速六号線,高速６号線,（首都高速６号向島線）,１１月１６日（火）,晴,自動車類合計大型車,508,530,815,1107,1228,1227,768,815,703,616,559,664,9540,17426,,
５９６０東京都墨田区墨田５丁目,５１１,首都高速六号線,高速６号線,（首都高速６号向島線）,１１月１６日（火）,晴,自動車類合計小型車,3194,2971,2633,2535,2838,3086,3088,3102,3428,3402,3558,3536,37371,57199,,
５９６０東京都墨田区墨田５丁目,５１１,首都高速六号線,高速６号線,（首都高速６号向島線）,１１月１６日（火）,晴,自動車類合計計,3702,3501,3448,3642,4066,4313,3856,3917,4131,4018,4117,4200,46911,74625,,
５９６０東京都墨田区墨田５丁目,５１１,首都高速六号線,高速６号線,（首都高速６号向島線）,１１月１６日（火）,晴,二輪車類,-,-,-,-,-,-,-,-,-,-,-,-,-,,,
５９６０東京都墨田区墨田５丁目,５１１,首都高速六号線,高速６号線,（首都高速６号向島線）,１１月１６日（火）,晴,自転車類,-,-,-,-,-,-,-,-,-,-,-,-,-,,,
５９６０東京都墨田区墨田５丁目,５１１,首都高速六号線,高速６号線,（首都高速６号向島線）,１１月１６日（火）,晴,歩行者類,-,-,-,-,-,-,-,-,-,-,-,-,-,,,
