﻿観測地点,Ｈ１７区間番号,路線名,都市計画路線名,通称道路名,調査日,天候,ピーク時間交通量（台／ｈ）,ピーク率（％）,混雑時平均旅行速度（ｋｍ／ｈ）,大型車台数（台／１２ｈ）,混入率（％）,混雑度,昼夜率,車線数,５８年度（台／１２ｈ）,６０年度（台／１２ｈ）,６３年度（台／１２ｈ）,２年度（台／１２ｈ）,６年度（台／１２ｈ）,９年度（台／１２ｈ）,１１年度（台／１２ｈ）,１７年度（台／１２ｈ）,２２年度（台／１２ｈ）
４１１３０荒川区西尾久４－９－１,４０５３,主要地方道王子千住南砂町線（都道３０６号）,環５－２,明治通り,９月３０日（木）,雨,1995,9.8,24.2,3701,18.1,0.77,-,4,23418,22561,22261,23156,24303,21475,17914,20550,20407
,,,,,,,,,,,,,,,,,,,,,,,
観測地点,Ｈ１７区間番号,路線名,都市計画路線名,通称道路名,調査日,天候,時間・種別,７～８,８～９,９～１０,１０～１１,１１～１２,１２～１３,１３～１４,１４～１５,１５～１６,１６～１７,１７～１８,１８～１９,１２ｈ計,２４ｈ計,,
４１１３０荒川区西尾久４－９－１,４０５３,主要地方道王子千住南砂町線（都道３０６号）,環５－２,明治通り,９月３０日（木）,雨,自動車類上り大型車,125,130,194,187,213,189,163,176,164,134,126,68,1869,-,,
４１１３０荒川区西尾久４－９－１,４０５３,主要地方道王子千住南砂町線（都道３０６号）,環５－２,明治通り,９月３０日（木）,雨,自動車類上り小型車,425,568,600,710,715,648,767,812,803,784,749,795,8376,-,,
４１１３０荒川区西尾久４－９－１,４０５３,主要地方道王子千住南砂町線（都道３０６号）,環５－２,明治通り,９月３０日（木）,雨,自動車類上り計,550,698,794,897,928,837,930,988,967,918,875,863,10245,-,,
４１１３０荒川区西尾久４－９－１,４０５３,主要地方道王子千住南砂町線（都道３０６号）,環５－２,明治通り,９月３０日（木）,雨,自動車類下り大型車,144,175,213,207,183,151,149,160,158,143,102,47,1832,-,,
４１１３０荒川区西尾久４－９－１,４０５３,主要地方道王子千住南砂町線（都道３０６号）,環５－２,明治通り,９月３０日（木）,雨,自動車類下り小型車,657,699,631,754,747,598,755,847,665,704,686,587,8330,-,,
４１１３０荒川区西尾久４－９－１,４０５３,主要地方道王子千住南砂町線（都道３０６号）,環５－２,明治通り,９月３０日（木）,雨,自動車類下り計,801,874,844,961,930,749,904,1007,823,847,788,634,10162,-,,
４１１３０荒川区西尾久４－９－１,４０５３,主要地方道王子千住南砂町線（都道３０６号）,環５－２,明治通り,９月３０日（木）,雨,自動車類合計大型車,269,305,407,394,396,340,312,336,322,277,228,115,3701,-,,
４１１３０荒川区西尾久４－９－１,４０５３,主要地方道王子千住南砂町線（都道３０６号）,環５－２,明治通り,９月３０日（木）,雨,自動車類合計小型車,1082,1267,1231,1464,1462,1246,1522,1659,1468,1488,1435,1382,16706,-,,
４１１３０荒川区西尾久４－９－１,４０５３,主要地方道王子千住南砂町線（都道３０６号）,環５－２,明治通り,９月３０日（木）,雨,自動車類合計計,1351,1572,1638,1858,1858,1586,1834,1995,1790,1765,1663,1497,20407,-,,
４１１３０荒川区西尾久４－９－１,４０５３,主要地方道王子千住南砂町線（都道３０６号）,環５－２,明治通り,９月３０日（木）,雨,二輪車類,-,-,-,-,-,-,-,-,-,-,-,-,-,,,
４１１３０荒川区西尾久４－９－１,４０５３,主要地方道王子千住南砂町線（都道３０６号）,環５－２,明治通り,９月３０日（木）,雨,自転車類,128,181,118,100,95,116,113,102,118,125,175,135,1506,,,
４１１３０荒川区西尾久４－９－１,４０５３,主要地方道王子千住南砂町線（都道３０６号）,環５－２,明治通り,９月３０日（木）,雨,歩行者類,122,123,53,31,42,61,39,50,40,40,105,123,829,,,
