﻿観測地点,Ｈ１７区間番号,路線名,都市計画路線名,通称道路名,調査日,天候,ピーク時間交通量（台／ｈ）,ピーク率（％）,混雑時平均旅行速度（ｋｍ／ｈ）,大型車台数（台／１２ｈ）,混入率（％）,混雑度,昼夜率,車線数,５８年度（台／１２ｈ）,６０年度（台／１２ｈ）,６３年度（台／１２ｈ）,２年度（台／１２ｈ）,６年度（台／１２ｈ）,９年度（台／１２ｈ）,１１年度（台／１２ｈ）,１７年度（台／１２ｈ）,２２年度（台／１２ｈ）
５７５０東京都品川区八潮３丁目,５１４,高速湾岸線,高速湾岸線,（首都高速湾岸線）,１１月１６日（火）,晴,8492,9.2,77.7,30663,33.1,1.09,1.46,6,20520,26768,46869,51932,61329,82414,85317,81869,92544
,,,,,,,,,,,,,,,,,,,,,,,
観測地点,Ｈ１７区間番号,路線名,都市計画路線名,通称道路名,調査日,天候,時間・種別,７～８,８～９,９～１０,１０～１１,１１～１２,１２～１３,１３～１４,１４～１５,１５～１６,１６～１７,１７～１８,１８～１９,１２ｈ計,２４ｈ計,,
５７５０東京都品川区八潮３丁目,５１４,高速湾岸線,高速湾岸線,（首都高速湾岸線）,１１月１６日（火）,晴,自動車類上り大型車,992,1202,1820,1880,1671,1244,1179,1442,1388,1337,1069,875,16099,24666,,
５７５０東京都品川区八潮３丁目,５１４,高速湾岸線,高速湾岸線,（首都高速湾岸線）,１１月１６日（火）,晴,自動車類上り小型車,3156,3382,2675,2371,2223,2216,2150,2318,2922,3091,3130,2486,32120,43020,,
５７５０東京都品川区八潮３丁目,５１４,高速湾岸線,高速湾岸線,（首都高速湾岸線）,１１月１６日（火）,晴,自動車類上り計,4148,4584,4495,4251,3894,3460,3329,3760,4310,4428,4199,3361,48219,67686,,
５７５０東京都品川区八潮３丁目,５１４,高速湾岸線,高速湾岸線,（首都高速湾岸線）,１１月１６日（火）,晴,自動車類下り大型車,906,1071,1458,1590,1570,1714,1372,1240,900,1075,912,756,14564,22434,,
５７５０東京都品川区八潮３丁目,５１４,高速湾岸線,高速湾岸線,（首都高速湾岸線）,１１月１６日（火）,晴,自動車類下り小型車,3317,2837,2368,2238,2021,1961,2037,2123,1899,2768,3285,2907,29761,44636,,
５７５０東京都品川区八潮３丁目,５１４,高速湾岸線,高速湾岸線,（首都高速湾岸線）,１１月１６日（火）,晴,自動車類下り計,4223,3908,3826,3828,3591,3675,3409,3363,2799,3843,4197,3663,44325,67070,,
５７５０東京都品川区八潮３丁目,５１４,高速湾岸線,高速湾岸線,（首都高速湾岸線）,１１月１６日（火）,晴,自動車類合計大型車,1898,2273,3278,3470,3241,2958,2551,2682,2288,2412,1981,1631,30663,47100,,
５７５０東京都品川区八潮３丁目,５１４,高速湾岸線,高速湾岸線,（首都高速湾岸線）,１１月１６日（火）,晴,自動車類合計小型車,6473,6219,5043,4609,4244,4177,4187,4441,4821,5859,6415,5393,61881,87656,,
５７５０東京都品川区八潮３丁目,５１４,高速湾岸線,高速湾岸線,（首都高速湾岸線）,１１月１６日（火）,晴,自動車類合計計,8371,8492,8321,8079,7485,7135,6738,7123,7109,8271,8396,7024,92544,134756,,
５７５０東京都品川区八潮３丁目,５１４,高速湾岸線,高速湾岸線,（首都高速湾岸線）,１１月１６日（火）,晴,二輪車類,-,-,-,-,-,-,-,-,-,-,-,-,-,,,
５７５０東京都品川区八潮３丁目,５１４,高速湾岸線,高速湾岸線,（首都高速湾岸線）,１１月１６日（火）,晴,自転車類,-,-,-,-,-,-,-,-,-,-,-,-,-,,,
５７５０東京都品川区八潮３丁目,５１４,高速湾岸線,高速湾岸線,（首都高速湾岸線）,１１月１６日（火）,晴,歩行者類,-,-,-,-,-,-,-,-,-,-,-,-,-,,,
