﻿観測地点,Ｈ１７区間番号,路線名,都市計画路線名,通称道路名,調査日,天候,ピーク時間交通量（台／ｈ）,ピーク率（％）,混雑時平均旅行速度（ｋｍ／ｈ）,大型車台数（台／１２ｈ）,混入率（％）,混雑度,昼夜率,車線数,５８年度（台／１２ｈ）,６０年度（台／１２ｈ）,６３年度（台／１２ｈ）,２年度（台／１２ｈ）,６年度（台／１２ｈ）,９年度（台／１２ｈ）,１１年度（台／１２ｈ）,１７年度（台／１２ｈ）,２２年度（台／１２ｈ）
５４６０東京都渋谷区桜丘町,５０８,首都高速三号線,高速３号線,（首都高速３号渋谷線）,１１月１６日（火）,晴,4697,10.2,11.4,7173,15.6,0.83,1.73,4,52899,54676,60352,56323,55456,60445,54620,52184,45913
,,,,,,,,,,,,,,,,,,,,,,,
観測地点,Ｈ１７区間番号,路線名,都市計画路線名,通称道路名,調査日,天候,時間・種別,７～８,８～９,９～１０,１０～１１,１１～１２,１２～１３,１３～１４,１４～１５,１５～１６,１６～１７,１７～１８,１８～１９,１２ｈ計,２４ｈ計,,
５４６０東京都渋谷区桜丘町,５０８,首都高速三号線,高速３号線,（首都高速３号渋谷線）,１１月１６日（火）,晴,自動車類上り大型車,220,284,430,436,292,223,256,291,300,251,183,166,3332,8952,,
５４６０東京都渋谷区桜丘町,５０８,首都高速三号線,高速３号線,（首都高速３号渋谷線）,１１月１６日（火）,晴,自動車類上り小型車,1483,2400,1919,1377,1114,1290,1280,1492,1545,1748,1414,1248,18310,28101,,
５４６０東京都渋谷区桜丘町,５０８,首都高速三号線,高速３号線,（首都高速３号渋谷線）,１１月１６日（火）,晴,自動車類上り計,1703,2684,2349,1813,1406,1513,1536,1783,1845,1999,1597,1414,21642,37053,,
５４６０東京都渋谷区桜丘町,５０８,首都高速三号線,高速３号線,（首都高速３号渋谷線）,１１月１６日（火）,晴,自動車類下り大型車,330,310,339,350,288,343,315,344,375,346,249,252,3841,8238,,
５４６０東京都渋谷区桜丘町,５０８,首都高速三号線,高速３号線,（首都高速３号渋谷線）,１１月１６日（火）,晴,自動車類下り小型車,1641,1703,1736,1667,1407,1671,1687,1648,1710,1828,1844,1888,20430,33919,,
５４６０東京都渋谷区桜丘町,５０８,首都高速三号線,高速３号線,（首都高速３号渋谷線）,１１月１６日（火）,晴,自動車類下り計,1971,2013,2075,2017,1695,2014,2002,1992,2085,2174,2093,2140,24271,42157,,
５４６０東京都渋谷区桜丘町,５０８,首都高速三号線,高速３号線,（首都高速３号渋谷線）,１１月１６日（火）,晴,自動車類合計大型車,550,594,769,786,580,566,571,635,675,597,432,418,7173,17190,,
５４６０東京都渋谷区桜丘町,５０８,首都高速三号線,高速３号線,（首都高速３号渋谷線）,１１月１６日（火）,晴,自動車類合計小型車,3124,4103,3655,3044,2521,2961,2967,3140,3255,3576,3258,3136,38740,62020,,
５４６０東京都渋谷区桜丘町,５０８,首都高速三号線,高速３号線,（首都高速３号渋谷線）,１１月１６日（火）,晴,自動車類合計計,3674,4697,4424,3830,3101,3527,3538,3775,3930,4173,3690,3554,45913,79210,,
５４６０東京都渋谷区桜丘町,５０８,首都高速三号線,高速３号線,（首都高速３号渋谷線）,１１月１６日（火）,晴,二輪車類,-,-,-,-,-,-,-,-,-,-,-,-,-,,,
５４６０東京都渋谷区桜丘町,５０８,首都高速三号線,高速３号線,（首都高速３号渋谷線）,１１月１６日（火）,晴,自転車類,-,-,-,-,-,-,-,-,-,-,-,-,-,,,
５４６０東京都渋谷区桜丘町,５０８,首都高速三号線,高速３号線,（首都高速３号渋谷線）,１１月１６日（火）,晴,歩行者類,-,-,-,-,-,-,-,-,-,-,-,-,-,,,
