﻿観測地点,Ｈ１７区間番号,路線名,都市計画路線名,通称道路名,調査日,天候,ピーク時間交通量（台／ｈ）,ピーク率（％）,混雑時平均旅行速度（ｋｍ／ｈ）,大型車台数（台／１２ｈ）,混入率（％）,混雑度,昼夜率,車線数,５８年度（台／１２ｈ）,６０年度（台／１２ｈ）,６３年度（台／１２ｈ）,２年度（台／１２ｈ）,６年度（台／１２ｈ）,９年度（台／１２ｈ）,１１年度（台／１２ｈ）,１７年度（台／１２ｈ）,２２年度（台／１２ｈ）
６１６１０練馬区上石神井３－５,６０５８,特例都道下石神井大泉線（都道４４４号）,補１３２,（井草通り）,１０月１９日（火）,曇,597,9.5,13.2,862,13.8,0.76,-,2,9344,8910,8477,8557,8918,7950,8185,7088,6266
,,,,,,,,,,,,,,,,,,,,,,,
観測地点,Ｈ１７区間番号,路線名,都市計画路線名,通称道路名,調査日,天候,時間・種別,７～８,８～９,９～１０,１０～１１,１１～１２,１２～１３,１３～１４,１４～１５,１５～１６,１６～１７,１７～１８,１８～１９,１２ｈ計,２４ｈ計,,
６１６１０練馬区上石神井３－５,６０５８,特例都道下石神井大泉線（都道４４４号）,補１３２,（井草通り）,１０月１９日（火）,曇,自動車類上り大型車,45,45,46,39,36,24,30,31,40,37,22,22,417,-,,
６１６１０練馬区上石神井３－５,６０５８,特例都道下石神井大泉線（都道４４４号）,補１３２,（井草通り）,１０月１９日（火）,曇,自動車類上り小型車,292,199,198,211,206,206,212,241,243,235,204,169,2616,-,,
６１６１０練馬区上石神井３－５,６０５８,特例都道下石神井大泉線（都道４４４号）,補１３２,（井草通り）,１０月１９日（火）,曇,自動車類上り計,337,244,244,250,242,230,242,272,283,272,226,191,3033,-,,
６１６１０練馬区上石神井３－５,６０５８,特例都道下石神井大泉線（都道４４４号）,補１３２,（井草通り）,１０月１９日（火）,曇,自動車類下り大型車,24,35,45,50,47,42,41,40,29,37,25,30,445,-,,
６１６１０練馬区上石神井３－５,６０５８,特例都道下石神井大泉線（都道４４４号）,補１３２,（井草通り）,１０月１９日（火）,曇,自動車類下り小型車,177,198,199,212,238,226,224,233,228,288,317,248,2788,-,,
６１６１０練馬区上石神井３－５,６０５８,特例都道下石神井大泉線（都道４４４号）,補１３２,（井草通り）,１０月１９日（火）,曇,自動車類下り計,201,233,244,262,285,268,265,273,257,325,342,278,3233,-,,
６１６１０練馬区上石神井３－５,６０５８,特例都道下石神井大泉線（都道４４４号）,補１３２,（井草通り）,１０月１９日（火）,曇,自動車類合計大型車,69,80,91,89,83,66,71,71,69,74,47,52,862,-,,
６１６１０練馬区上石神井３－５,６０５８,特例都道下石神井大泉線（都道４４４号）,補１３２,（井草通り）,１０月１９日（火）,曇,自動車類合計小型車,469,397,397,423,444,432,436,474,471,523,521,417,5404,-,,
６１６１０練馬区上石神井３－５,６０５８,特例都道下石神井大泉線（都道４４４号）,補１３２,（井草通り）,１０月１９日（火）,曇,自動車類合計計,538,477,488,512,527,498,507,545,540,597,568,469,6266,-,,
６１６１０練馬区上石神井３－５,６０５８,特例都道下石神井大泉線（都道４４４号）,補１３２,（井草通り）,１０月１９日（火）,曇,二輪車類,53,42,32,28,27,25,35,40,35,41,56,48,462,,,
６１６１０練馬区上石神井３－５,６０５８,特例都道下石神井大泉線（都道４４４号）,補１３２,（井草通り）,１０月１９日（火）,曇,自転車類,124,223,109,111,119,93,109,89,87,119,99,73,1355,,,
６１６１０練馬区上石神井３－５,６０５８,特例都道下石神井大泉線（都道４４４号）,補１３２,（井草通り）,１０月１９日（火）,曇,歩行者類,47,44,32,30,23,22,36,38,36,42,32,32,414,,,
