﻿観測地点,Ｈ１７区間番号,路線名,都市計画路線名,通称道路名,調査日,天候,ピーク時間交通量（台／ｈ）,ピーク率（％）,混雑時平均旅行速度（ｋｍ／ｈ）,大型車台数（台／１２ｈ）,混入率（％）,混雑度,昼夜率,車線数,５８年度（台／１２ｈ）,６０年度（台／１２ｈ）,６３年度（台／１２ｈ）,２年度（台／１２ｈ）,６年度（台／１２ｈ）,９年度（台／１２ｈ）,１１年度（台／１２ｈ）,１７年度（台／１２ｈ）,２２年度（台／１２ｈ）
６０００東京都江戸川区小松川２丁目,５１２,首都高速七号線,高速７号線,（首都高速７号小松川線）,１１月１６日（火）,晴,4046,10.5,80,3967,10.2,0.81,1.63,4,38316,32456,33257,30306,28994,31402,32759,30613,38706
,,,,,,,,,,,,,,,,,,,,,,,
観測地点,Ｈ１７区間番号,路線名,都市計画路線名,通称道路名,調査日,天候,時間・種別,７～８,８～９,９～１０,１０～１１,１１～１２,１２～１３,１３～１４,１４～１５,１５～１６,１６～１７,１７～１８,１８～１９,１２ｈ計,２４ｈ計,,
６０００東京都江戸川区小松川２丁目,５１２,首都高速七号線,高速７号線,（首都高速７号小松川線）,１１月１６日（火）,晴,自動車類上り大型車,166,142,172,172,173,222,158,205,160,105,86,67,1828,3158,,
６０００東京都江戸川区小松川２丁目,５１２,首都高速七号線,高速７号線,（首都高速７号小松川線）,１１月１６日（火）,晴,自動車類上り小型車,2525,2049,1460,1307,1345,1398,1349,1449,1495,1484,1489,1226,18576,28093,,
６０００東京都江戸川区小松川２丁目,５１２,首都高速七号線,高速７号線,（首都高速７号小松川線）,１１月１６日（火）,晴,自動車類上り計,2691,2191,1632,1479,1518,1620,1507,1654,1655,1589,1575,1293,20404,31251,,
６０００東京都江戸川区小松川２丁目,５１２,首都高速七号線,高速７号線,（首都高速７号小松川線）,１１月１６日（火）,晴,自動車類下り大型車,118,134,213,222,227,205,229,252,202,169,89,79,2139,3334,,
６０００東京都江戸川区小松川２丁目,５１２,首都高速七号線,高速７号線,（首都高速７号小松川線）,１１月１６日（火）,晴,自動車類下り小型車,1237,1213,1273,1103,1128,1230,1422,1381,1412,1495,1603,1666,16163,28381,,
６０００東京都江戸川区小松川２丁目,５１２,首都高速七号線,高速７号線,（首都高速７号小松川線）,１１月１６日（火）,晴,自動車類下り計,1355,1347,1486,1325,1355,1435,1651,1633,1614,1664,1692,1745,18302,31715,,
６０００東京都江戸川区小松川２丁目,５１２,首都高速七号線,高速７号線,（首都高速７号小松川線）,１１月１６日（火）,晴,自動車類合計大型車,284,276,385,394,400,427,387,457,362,274,175,146,3967,6492,,
６０００東京都江戸川区小松川２丁目,５１２,首都高速七号線,高速７号線,（首都高速７号小松川線）,１１月１６日（火）,晴,自動車類合計小型車,3762,3262,2733,2410,2473,2628,2771,2830,2907,2979,3092,2892,34739,56474,,
６０００東京都江戸川区小松川２丁目,５１２,首都高速七号線,高速７号線,（首都高速７号小松川線）,１１月１６日（火）,晴,自動車類合計計,4046,3538,3118,2804,2873,3055,3158,3287,3269,3253,3267,3038,38706,62966,,
６０００東京都江戸川区小松川２丁目,５１２,首都高速七号線,高速７号線,（首都高速７号小松川線）,１１月１６日（火）,晴,二輪車類,-,-,-,-,-,-,-,-,-,-,-,-,-,,,
６０００東京都江戸川区小松川２丁目,５１２,首都高速七号線,高速７号線,（首都高速７号小松川線）,１１月１６日（火）,晴,自転車類,-,-,-,-,-,-,-,-,-,-,-,-,-,,,
６０００東京都江戸川区小松川２丁目,５１２,首都高速七号線,高速７号線,（首都高速７号小松川線）,１１月１６日（火）,晴,歩行者類,-,-,-,-,-,-,-,-,-,-,-,-,-,,,
