﻿観測地点,Ｈ１７区間番号,路線名,都市計画路線名,通称道路名,調査日,天候,ピーク時間交通量（台／ｈ）,ピーク率（％）,混雑時平均旅行速度（ｋｍ／ｈ）,大型車台数（台／１２ｈ）,混入率（％）,混雑度,昼夜率,車線数,５８年度（台／１２ｈ）,６０年度（台／１２ｈ）,６３年度（台／１２ｈ）,２年度（台／１２ｈ）,６年度（台／１２ｈ）,９年度（台／１２ｈ）,１１年度（台／１２ｈ）,１７年度（台／１２ｈ）,２２年度（台／１２ｈ）
５６５０東京都豊島区雑司が谷１丁目,５１０,首都高速五号線,高速５号線,（首都高速５号池袋線）,１１月１６日（火）,晴,5081,9.2,31.7,8500,15.4,0.92,1.58,4,48678,48236,47376,49769,53953,56103,65791,64222,55263
,,,,,,,,,,,,,,,,,,,,,,,
観測地点,Ｈ１７区間番号,路線名,都市計画路線名,通称道路名,調査日,天候,時間・種別,７～８,８～９,９～１０,１０～１１,１１～１２,１２～１３,１３～１４,１４～１５,１５～１６,１６～１７,１７～１８,１８～１９,１２ｈ計,２４ｈ計,,
５６５０東京都豊島区雑司が谷１丁目,５１０,首都高速五号線,高速５号線,（首都高速５号池袋線）,１１月１６日（火）,晴,自動車類上り大型車,312,323,419,532,332,177,300,345,338,245,226,158,3707,7180,,
５６５０東京都豊島区雑司が谷１丁目,５１０,首都高速五号線,高速５号線,（首都高速５号池袋線）,１１月１６日（火）,晴,自動車類上り小型車,2217,2316,1782,1662,1006,999,1482,1640,1822,1982,1748,1493,20149,30098,,
５６５０東京都豊島区雑司が谷１丁目,５１０,首都高速五号線,高速５号線,（首都高速５号池袋線）,１１月１６日（火）,晴,自動車類上り計,2529,2639,2201,2194,1338,1176,1782,1985,2160,2227,1974,1651,23856,37278,,
５６５０東京都豊島区雑司が谷１丁目,５１０,首都高速五号線,高速５号線,（首都高速５号池袋線）,１１月１６日（火）,晴,自動車類下り大型車,383,368,453,522,556,494,422,427,371,337,226,234,4793,8483,,
５６５０東京都豊島区雑司が谷１丁目,５１０,首都高速五号線,高速５号線,（首都高速５号池袋線）,１１月１６日（火）,晴,自動車類下り小型車,1777,1958,1974,2122,2238,2093,2138,2254,2379,2517,2669,2495,26614,41776,,
５６５０東京都豊島区雑司が谷１丁目,５１０,首都高速五号線,高速５号線,（首都高速５号池袋線）,１１月１６日（火）,晴,自動車類下り計,2160,2326,2427,2644,2794,2587,2560,2681,2750,2854,2895,2729,31407,50259,,
５６５０東京都豊島区雑司が谷１丁目,５１０,首都高速五号線,高速５号線,（首都高速５号池袋線）,１１月１６日（火）,晴,自動車類合計大型車,695,691,872,1054,888,671,722,772,709,582,452,392,8500,15663,,
５６５０東京都豊島区雑司が谷１丁目,５１０,首都高速五号線,高速５号線,（首都高速５号池袋線）,１１月１６日（火）,晴,自動車類合計小型車,3994,4274,3756,3784,3244,3092,3620,3894,4201,4499,4417,3988,46763,71874,,
５６５０東京都豊島区雑司が谷１丁目,５１０,首都高速五号線,高速５号線,（首都高速５号池袋線）,１１月１６日（火）,晴,自動車類合計計,4689,4965,4628,4838,4132,3763,4342,4666,4910,5081,4869,4380,55263,87537,,
５６５０東京都豊島区雑司が谷１丁目,５１０,首都高速五号線,高速５号線,（首都高速５号池袋線）,１１月１６日（火）,晴,二輪車類,-,-,-,-,-,-,-,-,-,-,-,-,-,,,
５６５０東京都豊島区雑司が谷１丁目,５１０,首都高速五号線,高速５号線,（首都高速５号池袋線）,１１月１６日（火）,晴,自転車類,-,-,-,-,-,-,-,-,-,-,-,-,-,,,
５６５０東京都豊島区雑司が谷１丁目,５１０,首都高速五号線,高速５号線,（首都高速５号池袋線）,１１月１６日（火）,晴,歩行者類,-,-,-,-,-,-,-,-,-,-,-,-,-,,,
