﻿観測地点,Ｈ１７区間番号,路線名,都市計画路線名,通称道路名,調査日,天候,ピーク時間交通量（台／ｈ）,ピーク率（％）,混雑時平均旅行速度（ｋｍ／ｈ）,大型車台数（台／１２ｈ）,混入率（％）,混雑度,昼夜率,車線数,５８年度（台／１２ｈ）,６０年度（台／１２ｈ）,６３年度（台／１２ｈ）,２年度（台／１２ｈ）,６年度（台／１２ｈ）,９年度（台／１２ｈ）,１１年度（台／１２ｈ）,１７年度（台／１２ｈ）,２２年度（台／１２ｈ）
５５１０東京都世田谷区上用賀５丁目,５０８,首都高速三号線,高速３号線,（首都高速３号渋谷線）,１１月１６日（火）,晴,4368,9.5,47.6,8500,18.5,0.73,1.77,4,52899,54676,60352,56323,55456,60445,54620,52184,45896
,,,,,,,,,,,,,,,,,,,,,,,
観測地点,Ｈ１７区間番号,路線名,都市計画路線名,通称道路名,調査日,天候,時間・種別,７～８,８～９,９～１０,１０～１１,１１～１２,１２～１３,１３～１４,１４～１５,１５～１６,１６～１７,１７～１８,１８～１９,１２ｈ計,２４ｈ計,,
５５１０東京都世田谷区上用賀５丁目,５０８,首都高速三号線,高速３号線,（首都高速３号渋谷線）,１１月１６日（火）,晴,自動車類上り大型車,126,272,374,422,381,321,303,339,320,306,236,247,3647,11378,,
５５１０東京都世田谷区上用賀５丁目,５０８,首都高速三号線,高速３号線,（首都高速３号渋谷線）,１１月１６日（火）,晴,自動車類上り小型車,611,1506,1597,1367,1370,1351,1361,1450,1718,2003,1987,1668,17989,27551,,
５５１０東京都世田谷区上用賀５丁目,５０８,首都高速三号線,高速３号線,（首都高速３号渋谷線）,１１月１６日（火）,晴,自動車類上り計,737,1778,1971,1789,1751,1672,1664,1789,2038,2309,2223,1915,21636,38929,,
５５１０東京都世田谷区上用賀５丁目,５０８,首都高速三号線,高速３号線,（首都高速３号渋谷線）,１１月１６日（火）,晴,自動車類下り大型車,296,313,412,465,484,451,452,420,475,419,340,326,4853,10672,,
５５１０東京都世田谷区上用賀５丁目,５０８,首都高速三号線,高速３号線,（首都高速３号渋谷線）,１１月１６日（火）,晴,自動車類下り小型車,1556,1821,1680,1663,1592,1461,1553,1412,1522,1640,1746,1761,19407,31835,,
５５１０東京都世田谷区上用賀５丁目,５０８,首都高速三号線,高速３号線,（首都高速３号渋谷線）,１１月１６日（火）,晴,自動車類下り計,1852,2134,2092,2128,2076,1912,2005,1832,1997,2059,2086,2087,24260,42507,,
５５１０東京都世田谷区上用賀５丁目,５０８,首都高速三号線,高速３号線,（首都高速３号渋谷線）,１１月１６日（火）,晴,自動車類合計大型車,422,585,786,887,865,772,755,759,795,725,576,573,8500,22050,,
５５１０東京都世田谷区上用賀５丁目,５０８,首都高速三号線,高速３号線,（首都高速３号渋谷線）,１１月１６日（火）,晴,自動車類合計小型車,2167,3327,3277,3030,2962,2812,2914,2862,3240,3643,3733,3429,37396,59386,,
５５１０東京都世田谷区上用賀５丁目,５０８,首都高速三号線,高速３号線,（首都高速３号渋谷線）,１１月１６日（火）,晴,自動車類合計計,2589,3912,4063,3917,3827,3584,3669,3621,4035,4368,4309,4002,45896,81436,,
５５１０東京都世田谷区上用賀５丁目,５０８,首都高速三号線,高速３号線,（首都高速３号渋谷線）,１１月１６日（火）,晴,二輪車類,-,-,-,-,-,-,-,-,-,-,-,-,-,,,
５５１０東京都世田谷区上用賀５丁目,５０８,首都高速三号線,高速３号線,（首都高速３号渋谷線）,１１月１６日（火）,晴,自転車類,-,-,-,-,-,-,-,-,-,-,-,-,-,,,
５５１０東京都世田谷区上用賀５丁目,５０８,首都高速三号線,高速３号線,（首都高速３号渋谷線）,１１月１６日（火）,晴,歩行者類,-,-,-,-,-,-,-,-,-,-,-,-,-,,,
