﻿観測地点,Ｈ１７区間番号,路線名,都市計画路線名,通称道路名,調査日,天候,ピーク時間交通量（台／ｈ）,ピーク率（％）,混雑時平均旅行速度（ｋｍ／ｈ）,大型車台数（台／１２ｈ）,混入率（％）,混雑度,昼夜率,車線数,５８年度（台／１２ｈ）,６０年度（台／１２ｈ）,６３年度（台／１２ｈ）,２年度（台／１２ｈ）,６年度（台／１２ｈ）,９年度（台／１２ｈ）,１１年度（台／１２ｈ）,１７年度（台／１２ｈ）,２２年度（台／１２ｈ）
６１４７０中野区上鷺宮３－１４－６,６０５１,特例都道椎名町上石神井線（都道４３９号）,補２２９,千川通り,１０月７日（木）,晴,1052,9.4,17.8,1321,11.8,1.22,-,2,13755,12535,12131,11221,11117,10506,10947,10288,11226
,,,,,,,,,,,,,,,,,,,,,,,
観測地点,Ｈ１７区間番号,路線名,都市計画路線名,通称道路名,調査日,天候,時間・種別,７～８,８～９,９～１０,１０～１１,１１～１２,１２～１３,１３～１４,１４～１５,１５～１６,１６～１７,１７～１８,１８～１９,１２ｈ計,２４ｈ計,,
６１４７０中野区上鷺宮３－１４－６,６０５１,特例都道椎名町上石神井線（都道４３９号）,補２２９,千川通り,１０月７日（木）,晴,自動車類上り大型車,58,81,79,74,55,60,60,61,66,42,37,25,698,-,,
６１４７０中野区上鷺宮３－１４－６,６０５１,特例都道椎名町上石神井線（都道４３９号）,補２２９,千川通り,１０月７日（木）,晴,自動車類上り小型車,637,563,443,431,351,328,384,415,387,426,415,354,5134,-,,
６１４７０中野区上鷺宮３－１４－６,６０５１,特例都道椎名町上石神井線（都道４３９号）,補２２９,千川通り,１０月７日（木）,晴,自動車類上り計,695,644,522,505,406,388,444,476,453,468,452,379,5832,-,,
６１４７０中野区上鷺宮３－１４－６,６０５１,特例都道椎名町上石神井線（都道４３９号）,補２２９,千川通り,１０月７日（木）,晴,自動車類下り大型車,45,49,64,64,55,55,59,52,54,44,45,37,623,-,,
６１４７０中野区上鷺宮３－１４－６,６０５１,特例都道椎名町上石神井線（都道４３９号）,補２２９,千川通り,１０月７日（木）,晴,自動車類下り小型車,270,298,329,314,368,336,375,412,411,470,555,633,4771,-,,
６１４７０中野区上鷺宮３－１４－６,６０５１,特例都道椎名町上石神井線（都道４３９号）,補２２９,千川通り,１０月７日（木）,晴,自動車類下り計,315,347,393,378,423,391,434,464,465,514,600,670,5394,-,,
６１４７０中野区上鷺宮３－１４－６,６０５１,特例都道椎名町上石神井線（都道４３９号）,補２２９,千川通り,１０月７日（木）,晴,自動車類合計大型車,103,130,143,138,110,115,119,113,120,86,82,62,1321,-,,
６１４７０中野区上鷺宮３－１４－６,６０５１,特例都道椎名町上石神井線（都道４３９号）,補２２９,千川通り,１０月７日（木）,晴,自動車類合計小型車,907,861,772,745,719,664,759,827,798,896,970,987,9905,-,,
６１４７０中野区上鷺宮３－１４－６,６０５１,特例都道椎名町上石神井線（都道４３９号）,補２２９,千川通り,１０月７日（木）,晴,自動車類合計計,1010,991,915,883,829,779,878,940,918,982,1052,1049,11226,-,,
６１４７０中野区上鷺宮３－１４－６,６０５１,特例都道椎名町上石神井線（都道４３９号）,補２２９,千川通り,１０月７日（木）,晴,二輪車類,-,-,-,-,-,-,-,-,-,-,-,-,-,,,
６１４７０中野区上鷺宮３－１４－６,６０５１,特例都道椎名町上石神井線（都道４３９号）,補２２９,千川通り,１０月７日（木）,晴,自転車類,-,-,-,-,-,-,-,-,-,-,-,-,-,,,
６１４７０中野区上鷺宮３－１４－６,６０５１,特例都道椎名町上石神井線（都道４３９号）,補２２９,千川通り,１０月７日（木）,晴,歩行者類,-,-,-,-,-,-,-,-,-,-,-,-,-,,,
