﻿観測地点,Ｈ１７区間番号,路線名,都市計画路線名,通称道路名,調査日,天候,ピーク時間交通量（台／ｈ）,ピーク率（％）,混雑時平均旅行速度（ｋｍ／ｈ）,大型車台数（台／１２ｈ）,混入率（％）,混雑度,昼夜率,車線数,５８年度（台／１２ｈ）,６０年度（台／１２ｈ）,６３年度（台／１２ｈ）,２年度（台／１２ｈ）,６年度（台／１２ｈ）,９年度（台／１２ｈ）,１１年度（台／１２ｈ）,１７年度（台／１２ｈ）,２２年度（台／１２ｈ）
６１４８０練馬区南田中１－２０－１３,６０５１,特例都道椎名町上石神井線（都道４３９号）,補２２９,千川通り,１０月７日（木）,晴,854,9.4,17.8,1136,12.6,1.1,-,2,13755,12535,12131,11221,11117,10506,10947,10288,9046
,,,,,,,,,,,,,,,,,,,,,,,
観測地点,Ｈ１７区間番号,路線名,都市計画路線名,通称道路名,調査日,天候,時間・種別,７～８,８～９,９～１０,１０～１１,１１～１２,１２～１３,１３～１４,１４～１５,１５～１６,１６～１７,１７～１８,１８～１９,１２ｈ計,２４ｈ計,,
６１４８０練馬区南田中１－２０－１３,６０５１,特例都道椎名町上石神井線（都道４３９号）,補２２９,千川通り,１０月７日（木）,晴,自動車類上り大型車,50,54,49,52,45,46,46,46,38,31,28,17,502,-,,
６１４８０練馬区南田中１－２０－１３,６０５１,特例都道椎名町上石神井線（都道４３９号）,補２２９,千川通り,１０月７日（木）,晴,自動車類上り小型車,363,319,296,327,265,242,304,294,284,318,307,286,3605,-,,
６１４８０練馬区南田中１－２０－１３,６０５１,特例都道椎名町上石神井線（都道４３９号）,補２２９,千川通り,１０月７日（木）,晴,自動車類上り計,413,373,345,379,310,288,350,340,322,349,335,303,4107,-,,
６１４８０練馬区南田中１－２０－１３,６０５１,特例都道椎名町上石神井線（都道４３９号）,補２２９,千川通り,１０月７日（木）,晴,自動車類下り大型車,54,61,64,68,51,47,52,53,58,46,41,39,634,-,,
６１４８０練馬区南田中１－２０－１３,６０５１,特例都道椎名町上石神井線（都道４３９号）,補２２９,千川通り,１０月７日（木）,晴,自動車類下り小型車,357,368,332,315,315,269,324,366,358,384,478,439,4305,-,,
６１４８０練馬区南田中１－２０－１３,６０５１,特例都道椎名町上石神井線（都道４３９号）,補２２９,千川通り,１０月７日（木）,晴,自動車類下り計,411,429,396,383,366,316,376,419,416,430,519,478,4939,-,,
６１４８０練馬区南田中１－２０－１３,６０５１,特例都道椎名町上石神井線（都道４３９号）,補２２９,千川通り,１０月７日（木）,晴,自動車類合計大型車,104,115,113,120,96,93,98,99,96,77,69,56,1136,-,,
６１４８０練馬区南田中１－２０－１３,６０５１,特例都道椎名町上石神井線（都道４３９号）,補２２９,千川通り,１０月７日（木）,晴,自動車類合計小型車,720,687,628,642,580,511,628,660,642,702,785,725,7910,-,,
６１４８０練馬区南田中１－２０－１３,６０５１,特例都道椎名町上石神井線（都道４３９号）,補２２９,千川通り,１０月７日（木）,晴,自動車類合計計,824,802,741,762,676,604,726,759,738,779,854,781,9046,-,,
６１４８０練馬区南田中１－２０－１３,６０５１,特例都道椎名町上石神井線（都道４３９号）,補２２９,千川通り,１０月７日（木）,晴,二輪車類,-,-,-,-,-,-,-,-,-,-,-,-,-,,,
６１４８０練馬区南田中１－２０－１３,６０５１,特例都道椎名町上石神井線（都道４３９号）,補２２９,千川通り,１０月７日（木）,晴,自転車類,186,240,157,141,153,130,131,132,163,163,210,189,1995,,,
６１４８０練馬区南田中１－２０－１３,６０５１,特例都道椎名町上石神井線（都道４３９号）,補２２９,千川通り,１０月７日（木）,晴,歩行者類,124,99,63,64,64,52,53,52,58,99,101,110,939,,,
