﻿観測地点,Ｈ１７区間番号,路線名,都市計画路線名,通称道路名,調査日,天候,ピーク時間交通量（台／ｈ）,ピーク率（％）,混雑時平均旅行速度（ｋｍ／ｈ）,大型車台数（台／１２ｈ）,混入率（％）,混雑度,昼夜率,車線数,５８年度（台／１２ｈ）,６０年度（台／１２ｈ）,６３年度（台／１２ｈ）,２年度（台／１２ｈ）,６年度（台／１２ｈ）,９年度（台／１２ｈ）,１１年度（台／１２ｈ）,１７年度（台／１２ｈ）,２２年度（台／１２ｈ）
４０７１０墨田区菊川２－８－９,４０３１,主要地方道東京市川線（都道５０号）,放３１,新大橋通り,１０月５日（火）,晴,1760,9.4,19.8,2334,12.4,1,-,4,32397,31609,25143,24342,27839,29212,29415,27390,18794
,,,,,,,,,,,,,,,,,,,,,,,
観測地点,Ｈ１７区間番号,路線名,都市計画路線名,通称道路名,調査日,天候,時間・種別,７～８,８～９,９～１０,１０～１１,１１～１２,１２～１３,１３～１４,１４～１５,１５～１６,１６～１７,１７～１８,１８～１９,１２ｈ計,２４ｈ計,,
４０７１０墨田区菊川２－８－９,４０３１,主要地方道東京市川線（都道５０号）,放３１,新大橋通り,１０月５日（火）,晴,自動車類上り大型車,140,116,125,99,100,99,99,76,71,60,46,38,1069,-,,
４０７１０墨田区菊川２－８－９,４０３１,主要地方道東京市川線（都道５０号）,放３１,新大橋通り,１０月５日（火）,晴,自動車類上り小型車,961,1033,813,658,621,521,637,631,653,619,660,573,8380,-,,
４０７１０墨田区菊川２－８－９,４０３１,主要地方道東京市川線（都道５０号）,放３１,新大橋通り,１０月５日（火）,晴,自動車類上り計,1101,1149,938,757,721,620,736,707,724,679,706,611,9449,-,,
４０７１０墨田区菊川２－８－９,４０３１,主要地方道東京市川線（都道５０号）,放３１,新大橋通り,１０月５日（火）,晴,自動車類下り大型車,96,115,152,142,125,99,102,95,104,116,61,58,1265,-,,
４０７１０墨田区菊川２－８－９,４０３１,主要地方道東京市川線（都道５０号）,放３１,新大橋通り,１０月５日（火）,晴,自動車類下り小型車,377,496,631,619,682,643,715,810,740,760,796,811,8080,-,,
４０７１０墨田区菊川２－８－９,４０３１,主要地方道東京市川線（都道５０号）,放３１,新大橋通り,１０月５日（火）,晴,自動車類下り計,473,611,783,761,807,742,817,905,844,876,857,869,9345,-,,
４０７１０墨田区菊川２－８－９,４０３１,主要地方道東京市川線（都道５０号）,放３１,新大橋通り,１０月５日（火）,晴,自動車類合計大型車,236,231,277,241,225,198,201,171,175,176,107,96,2334,-,,
４０７１０墨田区菊川２－８－９,４０３１,主要地方道東京市川線（都道５０号）,放３１,新大橋通り,１０月５日（火）,晴,自動車類合計小型車,1338,1529,1444,1277,1303,1164,1352,1441,1393,1379,1456,1384,16460,-,,
４０７１０墨田区菊川２－８－９,４０３１,主要地方道東京市川線（都道５０号）,放３１,新大橋通り,１０月５日（火）,晴,自動車類合計計,1574,1760,1721,1518,1528,1362,1553,1612,1568,1555,1563,1480,18794,-,,
４０７１０墨田区菊川２－８－９,４０３１,主要地方道東京市川線（都道５０号）,放３１,新大橋通り,１０月５日（火）,晴,二輪車類,-,-,-,-,-,-,-,-,-,-,-,-,-,,,
４０７１０墨田区菊川２－８－９,４０３１,主要地方道東京市川線（都道５０号）,放３１,新大橋通り,１０月５日（火）,晴,自転車類,-,-,-,-,-,-,-,-,-,-,-,-,-,,,
４０７１０墨田区菊川２－８－９,４０３１,主要地方道東京市川線（都道５０号）,放３１,新大橋通り,１０月５日（火）,晴,歩行者類,-,-,-,-,-,-,-,-,-,-,-,-,-,,,
