﻿観測地点,Ｈ１７区間番号,路線名,都市計画路線名,通称道路名,調査日,天候,ピーク時間交通量（台／ｈ）,ピーク率（％）,混雑時平均旅行速度（ｋｍ／ｈ）,大型車台数（台／１２ｈ）,混入率（％）,混雑度,昼夜率,車線数,５８年度（台／１２ｈ）,６０年度（台／１２ｈ）,６３年度（台／１２ｈ）,２年度（台／１２ｈ）,６年度（台／１２ｈ）,９年度（台／１２ｈ）,１１年度（台／１２ｈ）,１７年度（台／１２ｈ）,２２年度（台／１２ｈ）
４０７００江東区新大橋１－６,４０３１,主要地方道東京市川線（都道５０号）,放３１,新大橋通り,１０月５日（火）,晴,1868,9.3,18.8,2024,10.0,0.94,-,4,32397,31609,25143,24342,27839,29212,29415,27390,20151
,,,,,,,,,,,,,,,,,,,,,,,
観測地点,Ｈ１７区間番号,路線名,都市計画路線名,通称道路名,調査日,天候,時間・種別,７～８,８～９,９～１０,１０～１１,１１～１２,１２～１３,１３～１４,１４～１５,１５～１６,１６～１７,１７～１８,１８～１９,１２ｈ計,２４ｈ計,,
４０７００江東区新大橋１－６,４０３１,主要地方道東京市川線（都道５０号）,放３１,新大橋通り,１０月５日（火）,晴,自動車類上り大型車,112,142,116,89,109,88,66,64,57,58,39,30,970,-,,
４０７００江東区新大橋１－６,４０３１,主要地方道東京市川線（都道５０号）,放３１,新大橋通り,１０月５日（火）,晴,自動車類上り小型車,1097,1085,946,751,649,597,766,668,691,638,728,393,9009,-,,
４０７００江東区新大橋１－６,４０３１,主要地方道東京市川線（都道５０号）,放３１,新大橋通り,１０月５日（火）,晴,自動車類上り計,1209,1227,1062,840,758,685,832,732,748,696,767,423,9979,-,,
４０７００江東区新大橋１－６,４０３１,主要地方道東京市川線（都道５０号）,放３１,新大橋通り,１０月５日（火）,晴,自動車類下り大型車,87,99,89,124,124,85,79,75,76,99,47,70,1054,-,,
４０７００江東区新大橋１－６,４０３１,主要地方道東京市川線（都道５０号）,放３１,新大橋通り,１０月５日（火）,晴,自動車類下り小型車,407,507,649,733,835,599,673,917,948,979,1054,817,9118,-,,
４０７００江東区新大橋１－６,４０３１,主要地方道東京市川線（都道５０号）,放３１,新大橋通り,１０月５日（火）,晴,自動車類下り計,494,606,738,857,959,684,752,992,1024,1078,1101,887,10172,-,,
４０７００江東区新大橋１－６,４０３１,主要地方道東京市川線（都道５０号）,放３１,新大橋通り,１０月５日（火）,晴,自動車類合計大型車,199,241,205,213,233,173,145,139,133,157,86,100,2024,-,,
４０７００江東区新大橋１－６,４０３１,主要地方道東京市川線（都道５０号）,放３１,新大橋通り,１０月５日（火）,晴,自動車類合計小型車,1504,1592,1595,1484,1484,1196,1439,1585,1639,1617,1782,1210,18127,-,,
４０７００江東区新大橋１－６,４０３１,主要地方道東京市川線（都道５０号）,放３１,新大橋通り,１０月５日（火）,晴,自動車類合計計,1703,1833,1800,1697,1717,1369,1584,1724,1772,1774,1868,1310,20151,-,,
４０７００江東区新大橋１－６,４０３１,主要地方道東京市川線（都道５０号）,放３１,新大橋通り,１０月５日（火）,晴,二輪車類,182,208,168,118,123,117,144,137,129,157,261,256,2000,,,
４０７００江東区新大橋１－６,４０３１,主要地方道東京市川線（都道５０号）,放３１,新大橋通り,１０月５日（火）,晴,自転車類,248,575,318,186,161,144,164,181,203,227,274,309,2990,,,
４０７００江東区新大橋１－６,４０３１,主要地方道東京市川線（都道５０号）,放３１,新大橋通り,１０月５日（火）,晴,歩行者類,200,375,208,170,134,183,128,150,166,191,283,289,2477,,,
