﻿観測地点,Ｈ１７区間番号,路線名,都市計画路線名,通称道路名,調査日,天候,ピーク時間交通量（台／ｈ）,ピーク率（％）,混雑時平均旅行速度（ｋｍ／ｈ）,大型車台数（台／１２ｈ）,混入率（％）,混雑度,昼夜率,車線数,５８年度（台／１２ｈ）,６０年度（台／１２ｈ）,６３年度（台／１２ｈ）,２年度（台／１２ｈ）,６年度（台／１２ｈ）,９年度（台／１２ｈ）,１１年度（台／１２ｈ）,１７年度（台／１２ｈ）,２２年度（台／１２ｈ）
６１４２０文京区根津１－１,６０４８,特例都道秋葉原雑司ヶ谷線（都道４３７号）,補９４,不忍通り,１０月５日（火）,晴,1269,9.4,18.5,1894,14.0,0.96,-,4,15738,15559,13589,15485,14981,15488,15481,14309,13537
,,,,,,,,,,,,,,,,,,,,,,,
観測地点,Ｈ１７区間番号,路線名,都市計画路線名,通称道路名,調査日,天候,時間・種別,７～８,８～９,９～１０,１０～１１,１１～１２,１２～１３,１３～１４,１４～１５,１５～１６,１６～１７,１７～１８,１８～１９,１２ｈ計,２４ｈ計,,
６１４２０文京区根津１－１,６０４８,特例都道秋葉原雑司ヶ谷線（都道４３７号）,補９４,不忍通り,１０月５日（火）,晴,自動車類上り大型車,129,106,80,78,66,76,71,51,45,24,31,25,782,-,,
６１４２０文京区根津１－１,６０４８,特例都道秋葉原雑司ヶ谷線（都道４３７号）,補９４,不忍通り,１０月５日（火）,晴,自動車類上り小型車,432,528,434,456,425,387,407,390,390,386,387,345,4967,-,,
６１４２０文京区根津１－１,６０４８,特例都道秋葉原雑司ヶ谷線（都道４３７号）,補９４,不忍通り,１０月５日（火）,晴,自動車類上り計,561,634,514,534,491,463,478,441,435,410,418,370,5749,-,,
６１４２０文京区根津１－１,６０４８,特例都道秋葉原雑司ヶ谷線（都道４３７号）,補９４,不忍通り,１０月５日（火）,晴,自動車類下り大型車,77,85,132,134,108,89,100,81,91,80,77,58,1112,-,,
６１４２０文京区根津１－１,６０４８,特例都道秋葉原雑司ヶ谷線（都道４３７号）,補９４,不忍通り,１０月５日（火）,晴,自動車類下り小型車,269,414,499,601,578,550,568,648,659,637,654,599,6676,-,,
６１４２０文京区根津１－１,６０４８,特例都道秋葉原雑司ヶ谷線（都道４３７号）,補９４,不忍通り,１０月５日（火）,晴,自動車類下り計,346,499,631,735,686,639,668,729,750,717,731,657,7788,-,,
６１４２０文京区根津１－１,６０４８,特例都道秋葉原雑司ヶ谷線（都道４３７号）,補９４,不忍通り,１０月５日（火）,晴,自動車類合計大型車,206,191,212,212,174,165,171,132,136,104,108,83,1894,-,,
６１４２０文京区根津１－１,６０４８,特例都道秋葉原雑司ヶ谷線（都道４３７号）,補９４,不忍通り,１０月５日（火）,晴,自動車類合計小型車,701,942,933,1057,1003,937,975,1038,1049,1023,1041,944,11643,-,,
６１４２０文京区根津１－１,６０４８,特例都道秋葉原雑司ヶ谷線（都道４３７号）,補９４,不忍通り,１０月５日（火）,晴,自動車類合計計,907,1133,1145,1269,1177,1102,1146,1170,1185,1127,1149,1027,13537,-,,
６１４２０文京区根津１－１,６０４８,特例都道秋葉原雑司ヶ谷線（都道４３７号）,補９４,不忍通り,１０月５日（火）,晴,二輪車類,-,-,-,-,-,-,-,-,-,-,-,-,-,,,
６１４２０文京区根津１－１,６０４８,特例都道秋葉原雑司ヶ谷線（都道４３７号）,補９４,不忍通り,１０月５日（火）,晴,自転車類,75,143,117,134,142,158,170,191,175,178,187,189,1859,,,
６１４２０文京区根津１－１,６０４８,特例都道秋葉原雑司ヶ谷線（都道４３７号）,補９４,不忍通り,１０月５日（火）,晴,歩行者類,217,240,197,246,298,509,275,286,295,359,403,415,3740,,,
