﻿観測地点,Ｈ１７区間番号,路線名,都市計画路線名,通称道路名,調査日,天候,ピーク時間交通量（台／ｈ）,ピーク率（％）,混雑時平均旅行速度（ｋｍ／ｈ）,大型車台数（台／１２ｈ）,混入率（％）,混雑度,昼夜率,車線数,５８年度（台／１２ｈ）,６０年度（台／１２ｈ）,６３年度（台／１２ｈ）,２年度（台／１２ｈ）,６年度（台／１２ｈ）,９年度（台／１２ｈ）,１１年度（台／１２ｈ）,１７年度（台／１２ｈ）,２２年度（台／１２ｈ）
４０３００豊島区目白３－５－１３,４０１２,主要地方道千代田練馬田無線（都道８号）,補７６,目白通り,１０月２６日（火）,曇,1518,9.6,15.2,1579,10.0,1.34,-,4,20043,20375,17195,18825,17898,17944,17295,18682,15752
,,,,,,,,,,,,,,,,,,,,,,,
観測地点,Ｈ１７区間番号,路線名,都市計画路線名,通称道路名,調査日,天候,時間・種別,７～８,８～９,９～１０,１０～１１,１１～１２,１２～１３,１３～１４,１４～１５,１５～１６,１６～１７,１７～１８,１８～１９,１２ｈ計,２４ｈ計,,
４０３００豊島区目白３－５－１３,４０１２,主要地方道千代田練馬田無線（都道８号）,補７６,目白通り,１０月２６日（火）,曇,自動車類上り大型車,67,45,80,103,128,82,51,39,55,51,44,34,779,-,,
４０３００豊島区目白３－５－１３,４０１２,主要地方道千代田練馬田無線（都道８号）,補７６,目白通り,１０月２６日（火）,曇,自動車類上り小型車,859,695,727,691,655,591,510,474,564,618,648,532,7564,-,,
４０３００豊島区目白３－５－１３,４０１２,主要地方道千代田練馬田無線（都道８号）,補７６,目白通り,１０月２６日（火）,曇,自動車類上り計,926,740,807,794,783,673,561,513,619,669,692,566,8343,-,,
４０３００豊島区目白３－５－１３,４０１２,主要地方道千代田練馬田無線（都道８号）,補７６,目白通り,１０月２６日（火）,曇,自動車類下り大型車,70,84,94,53,58,56,69,94,81,52,66,23,800,-,,
４０３００豊島区目白３－５－１３,４０１２,主要地方道千代田練馬田無線（都道８号）,補７６,目白通り,１０月２６日（火）,曇,自動車類下り小型車,384,362,457,543,485,525,533,637,633,644,760,646,6609,-,,
４０３００豊島区目白３－５－１３,４０１２,主要地方道千代田練馬田無線（都道８号）,補７６,目白通り,１０月２６日（火）,曇,自動車類下り計,454,446,551,596,543,581,602,731,714,696,826,669,7409,-,,
４０３００豊島区目白３－５－１３,４０１２,主要地方道千代田練馬田無線（都道８号）,補７６,目白通り,１０月２６日（火）,曇,自動車類合計大型車,137,129,174,156,186,138,120,133,136,103,110,57,1579,-,,
４０３００豊島区目白３－５－１３,４０１２,主要地方道千代田練馬田無線（都道８号）,補７６,目白通り,１０月２６日（火）,曇,自動車類合計小型車,1243,1057,1184,1234,1140,1116,1043,1111,1197,1262,1408,1178,14173,-,,
４０３００豊島区目白３－５－１３,４０１２,主要地方道千代田練馬田無線（都道８号）,補７６,目白通り,１０月２６日（火）,曇,自動車類合計計,1380,1186,1358,1390,1326,1254,1163,1244,1333,1365,1518,1235,15752,-,,
４０３００豊島区目白３－５－１３,４０１２,主要地方道千代田練馬田無線（都道８号）,補７６,目白通り,１０月２６日（火）,曇,二輪車類,162,179,131,116,93,112,105,95,75,75,122,118,1383,,,
４０３００豊島区目白３－５－１３,４０１２,主要地方道千代田練馬田無線（都道８号）,補７６,目白通り,１０月２６日（火）,曇,自転車類,361,474,425,395,282,308,216,165,138,227,290,356,3637,,,
４０３００豊島区目白３－５－１３,４０１２,主要地方道千代田練馬田無線（都道８号）,補７６,目白通り,１０月２６日（火）,曇,歩行者類,1313,1754,1393,1085,977,1639,1073,1239,1153,1146,1284,1693,15749,,,
