﻿観測地点,Ｈ１７区間番号,路線名,都市計画路線名,通称道路名,調査日,天候,ピーク時間交通量（台／ｈ）,ピーク率（％）,混雑時平均旅行速度（ｋｍ／ｈ）,大型車台数（台／１２ｈ）,混入率（％）,混雑度,昼夜率,車線数,５８年度（台／１２ｈ）,６０年度（台／１２ｈ）,６３年度（台／１２ｈ）,２年度（台／１２ｈ）,６年度（台／１２ｈ）,９年度（台／１２ｈ）,１１年度（台／１２ｈ）,１７年度（台／１２ｈ）,２２年度（台／１２ｈ）
４０７８０荒川区東尾久４－１,４０３７,主要地方道台東鳩ヶ谷線（都道５８号）,放１１,尾久橋通り,９月３０日（木）,雨,2059,9.4,13.6,3721,16.9,0.87,-,4,26861,24519,26579,27000,29744,30485,29022,26568,22008
,,,,,,,,,,,,,,,,,,,,,,,
観測地点,Ｈ１７区間番号,路線名,都市計画路線名,通称道路名,調査日,天候,時間・種別,７～８,８～９,９～１０,１０～１１,１１～１２,１２～１３,１３～１４,１４～１５,１５～１６,１６～１７,１７～１８,１８～１９,１２ｈ計,２４ｈ計,,
４０７８０荒川区東尾久４－１,４０３７,主要地方道台東鳩ヶ谷線（都道５８号）,放１１,尾久橋通り,９月３０日（木）,雨,自動車類上り大型車,254,254,155,153,143,138,116,99,103,77,75,60,1627,-,,
４０７８０荒川区東尾久４－１,４０３７,主要地方道台東鳩ヶ谷線（都道５８号）,放１１,尾久橋通り,９月３０日（木）,雨,自動車類上り小型車,1047,1022,722,658,584,633,632,687,729,749,672,757,8892,-,,
４０７８０荒川区東尾久４－１,４０３７,主要地方道台東鳩ヶ谷線（都道５８号）,放１１,尾久橋通り,９月３０日（木）,雨,自動車類上り計,1301,1276,877,811,727,771,748,786,832,826,747,817,10519,-,,
４０７８０荒川区東尾久４－１,４０３７,主要地方道台東鳩ヶ谷線（都道５８号）,放１１,尾久橋通り,９月３０日（木）,雨,自動車類下り大型車,134,157,178,190,221,186,192,189,180,170,173,124,2094,-,,
４０７８０荒川区東尾久４－１,４０３７,主要地方道台東鳩ヶ谷線（都道５８号）,放１１,尾久橋通り,９月３０日（木）,雨,自動車類下り小型車,568,586,616,719,703,794,893,857,816,819,906,1118,9395,-,,
４０７８０荒川区東尾久４－１,４０３７,主要地方道台東鳩ヶ谷線（都道５８号）,放１１,尾久橋通り,９月３０日（木）,雨,自動車類下り計,702,743,794,909,924,980,1085,1046,996,989,1079,1242,11489,-,,
４０７８０荒川区東尾久４－１,４０３７,主要地方道台東鳩ヶ谷線（都道５８号）,放１１,尾久橋通り,９月３０日（木）,雨,自動車類合計大型車,388,411,333,343,364,324,308,288,283,247,248,184,3721,-,,
４０７８０荒川区東尾久４－１,４０３７,主要地方道台東鳩ヶ谷線（都道５８号）,放１１,尾久橋通り,９月３０日（木）,雨,自動車類合計小型車,1615,1608,1338,1377,1287,1427,1525,1544,1545,1568,1578,1875,18287,-,,
４０７８０荒川区東尾久４－１,４０３７,主要地方道台東鳩ヶ谷線（都道５８号）,放１１,尾久橋通り,９月３０日（木）,雨,自動車類合計計,2003,2019,1671,1720,1651,1751,1833,1832,1828,1815,1826,2059,22008,-,,
４０７８０荒川区東尾久４－１,４０３７,主要地方道台東鳩ヶ谷線（都道５８号）,放１１,尾久橋通り,９月３０日（木）,雨,二輪車類,-,-,-,-,-,-,-,-,-,-,-,-,-,,,
４０７８０荒川区東尾久４－１,４０３７,主要地方道台東鳩ヶ谷線（都道５８号）,放１１,尾久橋通り,９月３０日（木）,雨,自転車類,255,335,222,221,183,235,244,230,212,255,280,294,2966,,,
４０７８０荒川区東尾久４－１,４０３７,主要地方道台東鳩ヶ谷線（都道５８号）,放１１,尾久橋通り,９月３０日（木）,雨,歩行者類,157,204,128,109,107,137,114,130,116,119,160,187,1668,,,
