﻿観測地点,Ｈ１７区間番号,路線名,都市計画路線名,通称道路名,調査日,天候,ピーク時間交通量（台／ｈ）,ピーク率（％）,混雑時平均旅行速度（ｋｍ／ｈ）,大型車台数（台／１２ｈ）,混入率（％）,混雑度,昼夜率,車線数,５８年度（台／１２ｈ）,６０年度（台／１２ｈ）,６３年度（台／１２ｈ）,２年度（台／１２ｈ）,６年度（台／１２ｈ）,９年度（台／１２ｈ）,１１年度（台／１２ｈ）,１７年度（台／１２ｈ）,２２年度（台／１２ｈ）
５５４０東京都渋谷区代々木４丁目,５０９,首都高速四号線,高速４号線,（首都高速４号新宿線）,１１月１６日（火）,晴,5599,9.3,40.6,6289,10.5,0.94,1.53,4,46531,53529,56407,55613,59712,60766,61178,58012,59928
,,,,,,,,,,,,,,,,,,,,,,,
観測地点,Ｈ１７区間番号,路線名,都市計画路線名,通称道路名,調査日,天候,時間・種別,７～８,８～９,９～１０,１０～１１,１１～１２,１２～１３,１３～１４,１４～１５,１５～１６,１６～１７,１７～１８,１８～１９,１２ｈ計,２４ｈ計,,
５５４０東京都渋谷区代々木４丁目,５０９,首都高速四号線,高速４号線,（首都高速４号新宿線）,１１月１６日（火）,晴,自動車類上り大型車,203,232,371,397,289,240,249,298,236,240,176,193,3124,5223,,
５５４０東京都渋谷区代々木４丁目,５０９,首都高速四号線,高速４号線,（首都高速４号新宿線）,１１月１６日（火）,晴,自動車類上り小型車,2848,2890,2551,2261,1962,1778,1907,2083,2231,2310,2305,1897,27023,38630,,
５５４０東京都渋谷区代々木４丁目,５０９,首都高速四号線,高速４号線,（首都高速４号新宿線）,１１月１６日（火）,晴,自動車類上り計,3051,3122,2922,2658,2251,2018,2156,2381,2467,2550,2481,2090,30147,43853,,
５５４０東京都渋谷区代々木４丁目,５０９,首都高速四号線,高速４号線,（首都高速４号新宿線）,１１月１６日（火）,晴,自動車類下り大型車,303,290,301,322,286,301,273,271,234,259,191,134,3165,5552,,
５５４０東京都渋谷区代々木４丁目,５０９,首都高速四号線,高速４号線,（首都高速４号新宿線）,１１月１６日（火）,晴,自動車類下り小型車,2159,2187,2170,2143,2026,1991,2154,2256,2275,2458,2641,2156,26616,42532,,
５５４０東京都渋谷区代々木４丁目,５０９,首都高速四号線,高速４号線,（首都高速４号新宿線）,１１月１６日（火）,晴,自動車類下り計,2462,2477,2471,2465,2312,2292,2427,2527,2509,2717,2832,2290,29781,48084,,
５５４０東京都渋谷区代々木４丁目,５０９,首都高速四号線,高速４号線,（首都高速４号新宿線）,１１月１６日（火）,晴,自動車類合計大型車,506,522,672,719,575,541,522,569,470,499,367,327,6289,10775,,
５５４０東京都渋谷区代々木４丁目,５０９,首都高速四号線,高速４号線,（首都高速４号新宿線）,１１月１６日（火）,晴,自動車類合計小型車,5007,5077,4721,4404,3988,3769,4061,4339,4506,4768,4946,4053,53639,81162,,
５５４０東京都渋谷区代々木４丁目,５０９,首都高速四号線,高速４号線,（首都高速４号新宿線）,１１月１６日（火）,晴,自動車類合計計,5513,5599,5393,5123,4563,4310,4583,4908,4976,5267,5313,4380,59928,91937,,
５５４０東京都渋谷区代々木４丁目,５０９,首都高速四号線,高速４号線,（首都高速４号新宿線）,１１月１６日（火）,晴,二輪車類,-,-,-,-,-,-,-,-,-,-,-,-,-,,,
５５４０東京都渋谷区代々木４丁目,５０９,首都高速四号線,高速４号線,（首都高速４号新宿線）,１１月１６日（火）,晴,自転車類,-,-,-,-,-,-,-,-,-,-,-,-,-,,,
５５４０東京都渋谷区代々木４丁目,５０９,首都高速四号線,高速４号線,（首都高速４号新宿線）,１１月１６日（火）,晴,歩行者類,-,-,-,-,-,-,-,-,-,-,-,-,-,,,
