﻿観測地点,Ｈ１７区間番号,路線名,都市計画路線名,通称道路名,調査日,天候,ピーク時間交通量（台／ｈ）,ピーク率（％）,混雑時平均旅行速度（ｋｍ／ｈ）,大型車台数（台／１２ｈ）,混入率（％）,混雑度,昼夜率,車線数,５８年度（台／１２ｈ）,６０年度（台／１２ｈ）,６３年度（台／１２ｈ）,２年度（台／１２ｈ）,６年度（台／１２ｈ）,９年度（台／１２ｈ）,１１年度（台／１２ｈ）,１７年度（台／１２ｈ）,２２年度（台／１２ｈ）
４０２００新宿区水道町３－２,４０１１,主要地方道千代田練馬田無線（都道８号）,放７,目白通り,１０月２６日（火）,曇,2942,9.3,15.8,4823,15.3,1.74,-,5,29716,27703,29076,30852,27014,29783,29466,28939,31472
,,,,,,,,,,,,,,,,,,,,,,,
観測地点,Ｈ１７区間番号,路線名,都市計画路線名,通称道路名,調査日,天候,時間・種別,７～８,８～９,９～１０,１０～１１,１１～１２,１２～１３,１３～１４,１４～１５,１５～１６,１６～１７,１７～１８,１８～１９,１２ｈ計,２４ｈ計,,
４０２００新宿区水道町３－２,４０１１,主要地方道千代田練馬田無線（都道８号）,放７,目白通り,１０月２６日（火）,曇,自動車類上り大型車,228,193,304,341,243,196,184,184,177,199,105,104,2458,-,,
４０２００新宿区水道町３－２,４０１１,主要地方道千代田練馬田無線（都道８号）,放７,目白通り,１０月２６日（火）,曇,自動車類上り小型車,1262,1338,1251,1195,1192,1042,1143,1177,1176,1178,1237,969,14160,-,,
４０２００新宿区水道町３－２,４０１１,主要地方道千代田練馬田無線（都道８号）,放７,目白通り,１０月２６日（火）,曇,自動車類上り計,1490,1531,1555,1536,1435,1238,1327,1361,1353,1377,1342,1073,16618,-,,
４０２００新宿区水道町３－２,４０１１,主要地方道千代田練馬田無線（都道８号）,放７,目白通り,１０月２６日（火）,曇,自動車類下り大型車,205,252,279,244,263,190,243,199,183,123,83,101,2365,-,,
４０２００新宿区水道町３－２,４０１１,主要地方道千代田練馬田無線（都道８号）,放７,目白通り,１０月２６日（火）,曇,自動車類下り小型車,563,817,1007,1162,1161,873,952,1141,1181,1161,1185,1286,12489,-,,
４０２００新宿区水道町３－２,４０１１,主要地方道千代田練馬田無線（都道８号）,放７,目白通り,１０月２６日（火）,曇,自動車類下り計,768,1069,1286,1406,1424,1063,1195,1340,1364,1284,1268,1387,14854,-,,
４０２００新宿区水道町３－２,４０１１,主要地方道千代田練馬田無線（都道８号）,放７,目白通り,１０月２６日（火）,曇,自動車類合計大型車,433,445,583,585,506,386,427,383,360,322,188,205,4823,-,,
４０２００新宿区水道町３－２,４０１１,主要地方道千代田練馬田無線（都道８号）,放７,目白通り,１０月２６日（火）,曇,自動車類合計小型車,1825,2155,2258,2357,2353,1915,2095,2318,2357,2339,2422,2255,26649,-,,
４０２００新宿区水道町３－２,４０１１,主要地方道千代田練馬田無線（都道８号）,放７,目白通り,１０月２６日（火）,曇,自動車類合計計,2258,2600,2841,2942,2859,2301,2522,2701,2717,2661,2610,2460,31472,-,,
４０２００新宿区水道町３－２,４０１１,主要地方道千代田練馬田無線（都道８号）,放７,目白通り,１０月２６日（火）,曇,二輪車類,165,192,196,154,141,146,141,133,165,198,192,230,2053,,,
４０２００新宿区水道町３－２,４０１１,主要地方道千代田練馬田無線（都道８号）,放７,目白通り,１０月２６日（火）,曇,自転車類,115,194,194,149,176,162,132,105,89,109,129,134,1688,,,
４０２００新宿区水道町３－２,４０１１,主要地方道千代田練馬田無線（都道８号）,放７,目白通り,１０月２６日（火）,曇,歩行者類,869,2291,917,539,561,679,594,533,556,513,1090,1085,10227,,,
