﻿観測地点,Ｈ１７区間番号,路線名,都市計画路線名,通称道路名,調査日,天候,ピーク時間交通量（台／ｈ）,ピーク率（％）,混雑時平均旅行速度（ｋｍ／ｈ）,大型車台数（台／１２ｈ）,混入率（％）,混雑度,昼夜率,車線数,５８年度（台／１２ｈ）,６０年度（台／１２ｈ）,６３年度（台／１２ｈ）,２年度（台／１２ｈ）,６年度（台／１２ｈ）,９年度（台／１２ｈ）,１１年度（台／１２ｈ）,１７年度（台／１２ｈ）,２２年度（台／１２ｈ）
６３３０東京都足立区鹿浜２丁目,３０５０３,高速葛飾川口線,高速足立線,（首都高速川口線）,１１月１６日（火）,晴,5798,8.9,37.8,17444,26.9,1.03,1.47,4,-,-,39903,39401,50547,55265,55550,53697,64866
,,,,,,,,,,,,,,,,,,,,,,,
観測地点,Ｈ１７区間番号,路線名,都市計画路線名,通称道路名,調査日,天候,時間・種別,７～８,８～９,９～１０,１０～１１,１１～１２,１２～１３,１３～１４,１４～１５,１５～１６,１６～１７,１７～１８,１８～１９,１２ｈ計,２４ｈ計,,
６３３０東京都足立区鹿浜２丁目,３０５０３,高速葛飾川口線,高速足立線,（首都高速川口線）,１１月１６日（火）,晴,自動車類上り大型車,428,645,940,944,709,946,762,731,733,645,540,504,8527,14208,,
６３３０東京都足立区鹿浜２丁目,３０５０３,高速葛飾川口線,高速足立線,（首都高速川口線）,１１月１６日（火）,晴,自動車類上り小型車,2223,2284,1655,1357,1055,1570,1560,1739,2083,2385,2482,2221,22614,31822,,
６３３０東京都足立区鹿浜２丁目,３０５０３,高速葛飾川口線,高速足立線,（首都高速川口線）,１１月１６日（火）,晴,自動車類上り計,2651,2929,2595,2301,1764,2516,2322,2470,2816,3030,3022,2725,31141,46030,,
６３３０東京都足立区鹿浜２丁目,３０５０３,高速葛飾川口線,高速足立線,（首都高速川口線）,１１月１６日（火）,晴,自動車類下り大型車,612,582,906,954,871,962,679,758,789,715,579,510,8917,14683,,
６３３０東京都足立区鹿浜２丁目,３０５０３,高速葛飾川口線,高速足立線,（首都高速川口線）,１１月１６日（火）,晴,自動車類下り小型車,2051,2196,2220,2203,2174,1861,1823,1800,1909,2053,2065,2453,24808,34569,,
６３３０東京都足立区鹿浜２丁目,３０５０３,高速葛飾川口線,高速足立線,（首都高速川口線）,１１月１６日（火）,晴,自動車類下り計,2663,2778,3126,3157,3045,2823,2502,2558,2698,2768,2644,2963,33725,49252,,
６３３０東京都足立区鹿浜２丁目,３０５０３,高速葛飾川口線,高速足立線,（首都高速川口線）,１１月１６日（火）,晴,自動車類合計大型車,1040,1227,1846,1898,1580,1908,1441,1489,1522,1360,1119,1014,17444,28891,,
６３３０東京都足立区鹿浜２丁目,３０５０３,高速葛飾川口線,高速足立線,（首都高速川口線）,１１月１６日（火）,晴,自動車類合計小型車,4274,4480,3875,3560,3229,3431,3383,3539,3992,4438,4547,4674,47422,66391,,
６３３０東京都足立区鹿浜２丁目,３０５０３,高速葛飾川口線,高速足立線,（首都高速川口線）,１１月１６日（火）,晴,自動車類合計計,5314,5707,5721,5458,4809,5339,4824,5028,5514,5798,5666,5688,64866,95282,,
６３３０東京都足立区鹿浜２丁目,３０５０３,高速葛飾川口線,高速足立線,（首都高速川口線）,１１月１６日（火）,晴,二輪車類,-,-,-,-,-,-,-,-,-,-,-,-,-,,,
６３３０東京都足立区鹿浜２丁目,３０５０３,高速葛飾川口線,高速足立線,（首都高速川口線）,１１月１６日（火）,晴,自転車類,-,-,-,-,-,-,-,-,-,-,-,-,-,,,
６３３０東京都足立区鹿浜２丁目,３０５０３,高速葛飾川口線,高速足立線,（首都高速川口線）,１１月１６日（火）,晴,歩行者類,-,-,-,-,-,-,-,-,-,-,-,-,-,,,
