﻿観測地点,Ｈ１７区間番号,路線名,都市計画路線名,通称道路名,調査日,天候,ピーク時間交通量（台／ｈ）,ピーク率（％）,混雑時平均旅行速度（ｋｍ／ｈ）,大型車台数（台／１２ｈ）,混入率（％）,混雑度,昼夜率,車線数,５８年度（台／１２ｈ）,６０年度（台／１２ｈ）,６３年度（台／１２ｈ）,２年度（台／１２ｈ）,６年度（台／１２ｈ）,９年度（台／１２ｈ）,１１年度（台／１２ｈ）,１７年度（台／１２ｈ）,２２年度（台／１２ｈ）
４２２３０新宿区霞ヶ丘町１４,４１１７,主要地方道環状３号線（都道３１９号）,環３,外苑東通り,１０月２６日（火）,曇,2058,9.4,14.3,1891,8.6,1.36,-,4,20729,20821,20265,20140,22879,19267,21730,20779,21985
,,,,,,,,,,,,,,,,,,,,,,,
観測地点,Ｈ１７区間番号,路線名,都市計画路線名,通称道路名,調査日,天候,時間・種別,７～８,８～９,９～１０,１０～１１,１１～１２,１２～１３,１３～１４,１４～１５,１５～１６,１６～１７,１７～１８,１８～１９,１２ｈ計,２４ｈ計,,
４２２３０新宿区霞ヶ丘町１４,４１１７,主要地方道環状３号線（都道３１９号）,環３,外苑東通り,１０月２６日（火）,曇,自動車類上り大型車,66,73,77,84,92,71,49,64,61,51,53,33,774,-,,
４２２３０新宿区霞ヶ丘町１４,４１１７,主要地方道環状３号線（都道３１９号）,環３,外苑東通り,１０月２６日（火）,曇,自動車類上り小型車,625,802,893,897,748,760,836,828,756,815,791,777,9528,-,,
４２２３０新宿区霞ヶ丘町１４,４１１７,主要地方道環状３号線（都道３１９号）,環３,外苑東通り,１０月２６日（火）,曇,自動車類上り計,691,875,970,981,840,831,885,892,817,866,844,810,10302,-,,
４２２３０新宿区霞ヶ丘町１４,４１１７,主要地方道環状３号線（都道３１９号）,環３,外苑東通り,１０月２６日（火）,曇,自動車類下り大型車,84,122,200,108,99,73,84,112,105,58,38,34,1117,-,,
４２２３０新宿区霞ヶ丘町１４,４１１７,主要地方道環状３号線（都道３１９号）,環３,外苑東通り,１０月２６日（火）,曇,自動車類下り小型車,563,765,888,937,927,884,861,903,994,981,913,950,10566,-,,
４２２３０新宿区霞ヶ丘町１４,４１１７,主要地方道環状３号線（都道３１９号）,環３,外苑東通り,１０月２６日（火）,曇,自動車類下り計,647,887,1088,1045,1026,957,945,1015,1099,1039,951,984,11683,-,,
４２２３０新宿区霞ヶ丘町１４,４１１７,主要地方道環状３号線（都道３１９号）,環３,外苑東通り,１０月２６日（火）,曇,自動車類合計大型車,150,195,277,192,191,144,133,176,166,109,91,67,1891,-,,
４２２３０新宿区霞ヶ丘町１４,４１１７,主要地方道環状３号線（都道３１９号）,環３,外苑東通り,１０月２６日（火）,曇,自動車類合計小型車,1188,1567,1781,1834,1675,1644,1697,1731,1750,1796,1704,1727,20094,-,,
４２２３０新宿区霞ヶ丘町１４,４１１７,主要地方道環状３号線（都道３１９号）,環３,外苑東通り,１０月２６日（火）,曇,自動車類合計計,1338,1762,2058,2026,1866,1788,1830,1907,1916,1905,1795,1794,21985,-,,
４２２３０新宿区霞ヶ丘町１４,４１１７,主要地方道環状３号線（都道３１９号）,環３,外苑東通り,１０月２６日（火）,曇,二輪車類,242,238,247,215,195,185,182,221,182,309,301,318,2835,,,
４２２３０新宿区霞ヶ丘町１４,４１１７,主要地方道環状３号線（都道３１９号）,環３,外苑東通り,１０月２６日（火）,曇,自転車類,86,155,150,100,71,85,72,41,42,56,77,115,1050,,,
４２２３０新宿区霞ヶ丘町１４,４１１７,主要地方道環状３号線（都道３１９号）,環３,外苑東通り,１０月２６日（火）,曇,歩行者類,191,542,366,220,164,309,207,138,181,172,394,393,3277,,,
