﻿観測地点,Ｈ１７区間番号,路線名,都市計画路線名,通称道路名,調査日,天候,ピーク時間交通量（台／ｈ）,ピーク率（％）,混雑時平均旅行速度（ｋｍ／ｈ）,大型車台数（台／１２ｈ）,混入率（％）,混雑度,昼夜率,車線数,５８年度（台／１２ｈ）,６０年度（台／１２ｈ）,６３年度（台／１２ｈ）,２年度（台／１２ｈ）,６年度（台／１２ｈ）,９年度（台／１２ｈ）,１１年度（台／１２ｈ）,１７年度（台／１２ｈ）,２２年度（台／１２ｈ）
５４００東京都台東区東上野２丁目,５０６,首都高速一号線,高速１号線,（首都高速１号上野線）,１１月１６日（火）,晴,1733,11.9,76,1169,8.0,0.43,1.35,4,17681,18338,17746,17048,23277,22362,18983,16664,14526
,,,,,,,,,,,,,,,,,,,,,,,
観測地点,Ｈ１７区間番号,路線名,都市計画路線名,通称道路名,調査日,天候,時間・種別,７～８,８～９,９～１０,１０～１１,１１～１２,１２～１３,１３～１４,１４～１５,１５～１６,１６～１７,１７～１８,１８～１９,１２ｈ計,２４ｈ計,,
５４００東京都台東区東上野２丁目,５０６,首都高速一号線,高速１号線,（首都高速１号上野線）,１１月１６日（火）,晴,自動車類上り大型車,77,112,107,117,114,99,61,53,44,49,32,30,895,1071,,
５４００東京都台東区東上野２丁目,５０６,首都高速一号線,高速１号線,（首都高速１号上野線）,１１月１６日（火）,晴,自動車類上り小型車,1218,1288,985,728,697,593,544,568,596,576,682,565,9040,11512,,
５４００東京都台東区東上野２丁目,５０６,首都高速一号線,高速１号線,（首都高速１号上野線）,１１月１６日（火）,晴,自動車類上り計,1295,1400,1092,845,811,692,605,621,640,625,714,595,9935,12583,,
５４００東京都台東区東上野２丁目,５０６,首都高速一号線,高速１号線,（首都高速１号上野線）,１１月１６日（火）,晴,自動車類下り大型車,27,26,20,37,19,37,13,31,19,13,16,16,274,432,,
５４００東京都台東区東上野２丁目,５０６,首都高速一号線,高速１号線,（首都高速１号上野線）,１１月１６日（火）,晴,自動車類下り小型車,308,307,282,272,282,278,342,368,416,436,505,521,4317,6537,,
５４００東京都台東区東上野２丁目,５０６,首都高速一号線,高速１号線,（首都高速１号上野線）,１１月１６日（火）,晴,自動車類下り計,335,333,302,309,301,315,355,399,435,449,521,537,4591,6969,,
５４００東京都台東区東上野２丁目,５０６,首都高速一号線,高速１号線,（首都高速１号上野線）,１１月１６日（火）,晴,自動車類合計大型車,104,138,127,154,133,136,74,84,63,62,48,46,1169,1503,,
５４００東京都台東区東上野２丁目,５０６,首都高速一号線,高速１号線,（首都高速１号上野線）,１１月１６日（火）,晴,自動車類合計小型車,1526,1595,1267,1000,979,871,886,936,1012,1012,1187,1086,13357,18049,,
５４００東京都台東区東上野２丁目,５０６,首都高速一号線,高速１号線,（首都高速１号上野線）,１１月１６日（火）,晴,自動車類合計計,1630,1733,1394,1154,1112,1007,960,1020,1075,1074,1235,1132,14526,19552,,
５４００東京都台東区東上野２丁目,５０６,首都高速一号線,高速１号線,（首都高速１号上野線）,１１月１６日（火）,晴,二輪車類,-,-,-,-,-,-,-,-,-,-,-,-,-,,,
５４００東京都台東区東上野２丁目,５０６,首都高速一号線,高速１号線,（首都高速１号上野線）,１１月１６日（火）,晴,自転車類,-,-,-,-,-,-,-,-,-,-,-,-,-,,,
５４００東京都台東区東上野２丁目,５０６,首都高速一号線,高速１号線,（首都高速１号上野線）,１１月１６日（火）,晴,歩行者類,-,-,-,-,-,-,-,-,-,-,-,-,-,,,
