﻿観測地点,Ｈ１７区間番号,路線名,都市計画路線名,通称道路名,調査日,天候,ピーク時間交通量（台／ｈ）,ピーク率（％）,混雑時平均旅行速度（ｋｍ／ｈ）,大型車台数（台／１２ｈ）,混入率（％）,混雑度,昼夜率,車線数,５８年度（台／１２ｈ）,６０年度（台／１２ｈ）,６３年度（台／１２ｈ）,２年度（台／１２ｈ）,６年度（台／１２ｈ）,９年度（台／１２ｈ）,１１年度（台／１２ｈ）,１７年度（台／１２ｈ）,２２年度（台／１２ｈ）
６０２２０世田谷区桜上水２－５,６００９,一般都道調布経堂停車場線（都道１１８号）,－,（赤堤通り）,１０月２７日（水）,晴,925,9.3,13.6,1484,14.9,1.4,-,2,12064,12121,12279,12439,12656,11981,13243,10103,9934
,,,,,,,,,,,,,,,,,,,,,,,
観測地点,Ｈ１７区間番号,路線名,都市計画路線名,通称道路名,調査日,天候,時間・種別,７～８,８～９,９～１０,１０～１１,１１～１２,１２～１３,１３～１４,１４～１５,１５～１６,１６～１７,１７～１８,１８～１９,１２ｈ計,２４ｈ計,,
６０２２０世田谷区桜上水２－５,６００９,一般都道調布経堂停車場線（都道１１８号）,－,（赤堤通り）,１０月２７日（水）,晴,自動車類上り大型車,64,120,84,55,52,49,64,57,44,28,18,18,653,-,,
６０２２０世田谷区桜上水２－５,６００９,一般都道調布経堂停車場線（都道１１８号）,－,（赤堤通り）,１０月２７日（水）,晴,自動車類上り小型車,473,436,378,265,287,279,309,323,379,338,332,279,4078,-,,
６０２２０世田谷区桜上水２－５,６００９,一般都道調布経堂停車場線（都道１１８号）,－,（赤堤通り）,１０月２７日（水）,晴,自動車類上り計,537,556,462,320,339,328,373,380,423,366,350,297,4731,-,,
６０２２０世田谷区桜上水２－５,６００９,一般都道調布経堂停車場線（都道１１８号）,－,（赤堤通り）,１０月２７日（水）,晴,自動車類下り大型車,31,76,98,104,94,65,62,77,90,73,36,25,831,-,,
６０２２０世田谷区桜上水２－５,６００９,一般都道調布経堂停車場線（都道１１８号）,－,（赤堤通り）,１０月２７日（水）,晴,自動車類下り小型車,174,250,309,356,377,355,349,353,392,484,539,434,4372,-,,
６０２２０世田谷区桜上水２－５,６００９,一般都道調布経堂停車場線（都道１１８号）,－,（赤堤通り）,１０月２７日（水）,晴,自動車類下り計,205,326,407,460,471,420,411,430,482,557,575,459,5203,-,,
６０２２０世田谷区桜上水２－５,６００９,一般都道調布経堂停車場線（都道１１８号）,－,（赤堤通り）,１０月２７日（水）,晴,自動車類合計大型車,95,196,182,159,146,114,126,134,134,101,54,43,1484,-,,
６０２２０世田谷区桜上水２－５,６００９,一般都道調布経堂停車場線（都道１１８号）,－,（赤堤通り）,１０月２７日（水）,晴,自動車類合計小型車,647,686,687,621,664,634,658,676,771,822,871,713,8450,-,,
６０２２０世田谷区桜上水２－５,６００９,一般都道調布経堂停車場線（都道１１８号）,－,（赤堤通り）,１０月２７日（水）,晴,自動車類合計計,742,882,869,780,810,748,784,810,905,923,925,756,9934,-,,
６０２２０世田谷区桜上水２－５,６００９,一般都道調布経堂停車場線（都道１１８号）,－,（赤堤通り）,１０月２７日（水）,晴,二輪車類,71,83,76,64,53,46,57,81,66,74,96,111,878,,,
６０２２０世田谷区桜上水２－５,６００９,一般都道調布経堂停車場線（都道１１８号）,－,（赤堤通り）,１０月２７日（水）,晴,自転車類,330,423,331,294,254,253,287,314,372,366,423,408,4055,,,
６０２２０世田谷区桜上水２－５,６００９,一般都道調布経堂停車場線（都道１１８号）,－,（赤堤通り）,１０月２７日（水）,晴,歩行者類,138,190,122,120,120,120,148,182,153,123,138,141,1695,,,
