﻿観測地点,Ｈ１７区間番号,路線名,都市計画路線名,通称道路名,調査日,天候,ピーク時間交通量（台／ｈ）,ピーク率（％）,混雑時平均旅行速度（ｋｍ／ｈ）,大型車台数（台／１２ｈ）,混入率（％）,混雑度,昼夜率,車線数,５８年度（台／１２ｈ）,６０年度（台／１２ｈ）,６３年度（台／１２ｈ）,２年度（台／１２ｈ）,６年度（台／１２ｈ）,９年度（台／１２ｈ）,１１年度（台／１２ｈ）,１７年度（台／１２ｈ）,２２年度（台／１２ｈ）
５０６０東京都中央区銀座８丁目,５０１,首都高速一号線,高速１号線,（首都高速都心環状線）,１１月１６日（火）,晴,5430,8.8,62.2,8062,13.1,0.88,1.49,4,64413,63063,64715,60372,53973,56743,62654,59768,61400
,,,,,,,,,,,,,,,,,,,,,,,
観測地点,Ｈ１７区間番号,路線名,都市計画路線名,通称道路名,調査日,天候,時間・種別,７～８,８～９,９～１０,１０～１１,１１～１２,１２～１３,１３～１４,１４～１５,１５～１６,１６～１７,１７～１８,１８～１９,１２ｈ計,２４ｈ計,,
５０６０東京都中央区銀座８丁目,５０１,首都高速一号線,高速１号線,（首都高速都心環状線）,１１月１６日（火）,晴,自動車類上り大型車,328,312,445,440,385,413,378,414,371,257,197,191,4131,7282,,
５０６０東京都中央区銀座８丁目,５０１,首都高速一号線,高速１号線,（首都高速都心環状線）,１１月１６日（火）,晴,自動車類上り小型車,1779,1589,1651,1676,1420,1378,1823,2049,2261,2332,2219,2148,22325,33732,,
５０６０東京都中央区銀座８丁目,５０１,首都高速一号線,高速１号線,（首都高速都心環状線）,１１月１６日（火）,晴,自動車類上り計,2107,1901,2096,2116,1805,1791,2201,2463,2632,2589,2416,2339,26456,41014,,
５０６０東京都中央区銀座８丁目,５０１,首都高速一号線,高速１号線,（首都高速都心環状線）,１１月１６日（火）,晴,自動車類下り大型車,271,269,393,394,444,548,331,321,336,261,179,184,3931,6531,,
５０６０東京都中央区銀座８丁目,５０１,首都高速一号線,高速１号線,（首都高速都心環状線）,１１月１６日（火）,晴,自動車類下り小型車,2852,3052,2689,2461,2432,2579,2466,2440,2462,2489,2659,2432,31013,43972,,
５０６０東京都中央区銀座８丁目,５０１,首都高速一号線,高速１号線,（首都高速都心環状線）,１１月１６日（火）,晴,自動車類下り計,3123,3321,3082,2855,2876,3127,2797,2761,2798,2750,2838,2616,34944,50503,,
５０６０東京都中央区銀座８丁目,５０１,首都高速一号線,高速１号線,（首都高速都心環状線）,１１月１６日（火）,晴,自動車類合計大型車,599,581,838,834,829,961,709,735,707,518,376,375,8062,13813,,
５０６０東京都中央区銀座８丁目,５０１,首都高速一号線,高速１号線,（首都高速都心環状線）,１１月１６日（火）,晴,自動車類合計小型車,4631,4641,4340,4137,3852,3957,4289,4489,4723,4821,4878,4580,53338,77704,,
５０６０東京都中央区銀座８丁目,５０１,首都高速一号線,高速１号線,（首都高速都心環状線）,１１月１６日（火）,晴,自動車類合計計,5230,5222,5178,4971,4681,4918,4998,5224,5430,5339,5254,4955,61400,91517,,
５０６０東京都中央区銀座８丁目,５０１,首都高速一号線,高速１号線,（首都高速都心環状線）,１１月１６日（火）,晴,二輪車類,-,-,-,-,-,-,-,-,-,-,-,-,-,,,
５０６０東京都中央区銀座８丁目,５０１,首都高速一号線,高速１号線,（首都高速都心環状線）,１１月１６日（火）,晴,自転車類,-,-,-,-,-,-,-,-,-,-,-,-,-,,,
５０６０東京都中央区銀座８丁目,５０１,首都高速一号線,高速１号線,（首都高速都心環状線）,１１月１６日（火）,晴,歩行者類,-,-,-,-,-,-,-,-,-,-,-,-,-,,,
