﻿観測地点,Ｈ１７区間番号,路線名,都市計画路線名,通称道路名,調査日,天候,ピーク時間交通量（台／ｈ）,ピーク率（％）,混雑時平均旅行速度（ｋｍ／ｈ）,大型車台数（台／１２ｈ）,混入率（％）,混雑度,昼夜率,車線数,５８年度（台／１２ｈ）,６０年度（台／１２ｈ）,６３年度（台／１２ｈ）,２年度（台／１２ｈ）,６年度（台／１２ｈ）,９年度（台／１２ｈ）,１１年度（台／１２ｈ）,１７年度（台／１２ｈ）,２２年度（台／１２ｈ）
５７１０東京都板橋区蓮根１丁目,５２０,首都高速五号線,高速５号線,（首都高速５号池袋線）,１１月１６日（火）,晴,4992,9.1,18.4,9476,17.2,0.82,1.57,4,48678,48236,47376,49769,53953,56103,65791,56095,54989
,,,,,,,,,,,,,,,,,,,,,,,
観測地点,Ｈ１７区間番号,路線名,都市計画路線名,通称道路名,調査日,天候,時間・種別,７～８,８～９,９～１０,１０～１１,１１～１２,１２～１３,１３～１４,１４～１５,１５～１６,１６～１７,１７～１８,１８～１９,１２ｈ計,２４ｈ計,,
５７１０東京都板橋区蓮根１丁目,５２０,首都高速五号線,高速５号線,（首都高速５号池袋線）,１１月１６日（火）,晴,自動車類上り大型車,228,321,511,629,527,463,375,384,398,285,275,218,4614,8567,,
５７１０東京都板橋区蓮根１丁目,５２０,首都高速五号線,高速５号線,（首都高速５号池袋線）,１１月１６日（火）,晴,自動車類上り小型車,2045,1796,1803,1713,1606,1690,1677,1697,1961,2101,2101,1742,21932,32567,,
５７１０東京都板橋区蓮根１丁目,５２０,首都高速五号線,高速５号線,（首都高速５号池袋線）,１１月１６日（火）,晴,自動車類上り計,2273,2117,2314,2342,2133,2153,2052,2081,2359,2386,2376,1960,26546,41134,,
５７１０東京都板橋区蓮根１丁目,５２０,首都高速五号線,高速５号線,（首都高速５号池袋線）,１１月１６日（火）,晴,自動車類下り大型車,339,315,478,530,519,519,447,460,384,329,284,258,4862,8980,,
５７１０東京都板橋区蓮根１丁目,５２０,首都高速五号線,高速５号線,（首都高速５号池袋線）,１１月１６日（火）,晴,自動車類下り小型車,1612,1666,1710,1881,2092,1838,1816,1952,1956,2144,2332,2582,23581,36274,,
５７１０東京都板橋区蓮根１丁目,５２０,首都高速五号線,高速５号線,（首都高速５号池袋線）,１１月１６日（火）,晴,自動車類下り計,1951,1981,2188,2411,2611,2357,2263,2412,2340,2473,2616,2840,28443,45254,,
５７１０東京都板橋区蓮根１丁目,５２０,首都高速五号線,高速５号線,（首都高速５号池袋線）,１１月１６日（火）,晴,自動車類合計大型車,567,636,989,1159,1046,982,822,844,782,614,559,476,9476,17547,,
５７１０東京都板橋区蓮根１丁目,５２０,首都高速五号線,高速５号線,（首都高速５号池袋線）,１１月１６日（火）,晴,自動車類合計小型車,3657,3462,3513,3594,3698,3528,3493,3649,3917,4245,4433,4324,45513,68841,,
５７１０東京都板橋区蓮根１丁目,５２０,首都高速五号線,高速５号線,（首都高速５号池袋線）,１１月１６日（火）,晴,自動車類合計計,4224,4098,4502,4753,4744,4510,4315,4493,4699,4859,4992,4800,54989,86388,,
５７１０東京都板橋区蓮根１丁目,５２０,首都高速五号線,高速５号線,（首都高速５号池袋線）,１１月１６日（火）,晴,二輪車類,-,-,-,-,-,-,-,-,-,-,-,-,-,,,
５７１０東京都板橋区蓮根１丁目,５２０,首都高速五号線,高速５号線,（首都高速５号池袋線）,１１月１６日（火）,晴,自転車類,-,-,-,-,-,-,-,-,-,-,-,-,-,,,
５７１０東京都板橋区蓮根１丁目,５２０,首都高速五号線,高速５号線,（首都高速５号池袋線）,１１月１６日（火）,晴,歩行者類,-,-,-,-,-,-,-,-,-,-,-,-,-,,,
