﻿観測地点,Ｈ１７区間番号,路線名,都市計画路線名,通称道路名,調査日,天候,ピーク時間交通量（台／ｈ）,ピーク率（％）,混雑時平均旅行速度（ｋｍ／ｈ）,大型車台数（台／１２ｈ）,混入率（％）,混雑度,昼夜率,車線数,５８年度（台／１２ｈ）,６０年度（台／１２ｈ）,６３年度（台／１２ｈ）,２年度（台／１２ｈ）,６年度（台／１２ｈ）,９年度（台／１２ｈ）,１１年度（台／１２ｈ）,１７年度（台／１２ｈ）,２２年度（台／１２ｈ）
６１２４０世田谷区桜上水４－１６－１３,６０４２,特例都道高円寺砧浄水場線（都道４２８号）,－,（荒玉水道道路）,１０月１９日（火）,曇,22,15.8,9.5,20,14.4,0.28,-,1,2360,2355,2500,2624,2368,2662,2600,2902,139
,,,,,,,,,,,,,,,,,,,,,,,
観測地点,Ｈ１７区間番号,路線名,都市計画路線名,通称道路名,調査日,天候,時間・種別,７～８,８～９,９～１０,１０～１１,１１～１２,１２～１３,１３～１４,１４～１５,１５～１６,１６～１７,１７～１８,１８～１９,１２ｈ計,２４ｈ計,,
６１２４０世田谷区桜上水４－１６－１３,６０４２,特例都道高円寺砧浄水場線（都道４２８号）,－,（荒玉水道道路）,１０月１９日（火）,曇,自動車類上り大型車,0,1,0,0,0,1,1,1,1,0,1,0,6,-,,
６１２４０世田谷区桜上水４－１６－１３,６０４２,特例都道高円寺砧浄水場線（都道４２８号）,－,（荒玉水道道路）,１０月１９日（火）,曇,自動車類上り小型車,0,0,5,1,5,3,5,7,10,5,2,5,48,-,,
６１２４０世田谷区桜上水４－１６－１３,６０４２,特例都道高円寺砧浄水場線（都道４２８号）,－,（荒玉水道道路）,１０月１９日（火）,曇,自動車類上り計,0,1,5,1,5,4,6,8,11,5,3,5,54,-,,
６１２４０世田谷区桜上水４－１６－１３,６０４２,特例都道高円寺砧浄水場線（都道４２８号）,－,（荒玉水道道路）,１０月１９日（火）,曇,自動車類下り大型車,0,2,2,3,2,1,1,1,0,1,0,1,14,-,,
６１２４０世田谷区桜上水４－１６－１３,６０４２,特例都道高円寺砧浄水場線（都道４２８号）,－,（荒玉水道道路）,１０月１９日（火）,曇,自動車類下り小型車,3,0,9,4,5,7,8,9,11,4,3,8,71,-,,
６１２４０世田谷区桜上水４－１６－１３,６０４２,特例都道高円寺砧浄水場線（都道４２８号）,－,（荒玉水道道路）,１０月１９日（火）,曇,自動車類下り計,3,2,11,7,7,8,9,10,11,5,3,9,85,-,,
６１２４０世田谷区桜上水４－１６－１３,６０４２,特例都道高円寺砧浄水場線（都道４２８号）,－,（荒玉水道道路）,１０月１９日（火）,曇,自動車類合計大型車,0,3,2,3,2,2,2,2,1,1,1,1,20,-,,
６１２４０世田谷区桜上水４－１６－１３,６０４２,特例都道高円寺砧浄水場線（都道４２８号）,－,（荒玉水道道路）,１０月１９日（火）,曇,自動車類合計小型車,3,0,14,5,10,10,13,16,21,9,5,13,119,-,,
６１２４０世田谷区桜上水４－１６－１３,６０４２,特例都道高円寺砧浄水場線（都道４２８号）,－,（荒玉水道道路）,１０月１９日（火）,曇,自動車類合計計,3,3,16,8,12,12,15,18,22,10,6,14,139,-,,
６１２４０世田谷区桜上水４－１６－１３,６０４２,特例都道高円寺砧浄水場線（都道４２８号）,－,（荒玉水道道路）,１０月１９日（火）,曇,二輪車類,-,-,-,-,-,-,-,-,-,-,-,-,-,,,
６１２４０世田谷区桜上水４－１６－１３,６０４２,特例都道高円寺砧浄水場線（都道４２８号）,－,（荒玉水道道路）,１０月１９日（火）,曇,自転車類,14,12,17,17,15,17,19,21,20,33,28,27,240,,,
６１２４０世田谷区桜上水４－１６－１３,６０４２,特例都道高円寺砧浄水場線（都道４２８号）,－,（荒玉水道道路）,１０月１９日（火）,曇,歩行者類,100,119,48,42,57,62,39,38,47,65,62,82,761,,,
