﻿観測地点,Ｈ１７区間番号,路線名,都市計画路線名,通称道路名,調査日,天候,ピーク時間交通量（台／ｈ）,ピーク率（％）,混雑時平均旅行速度（ｋｍ／ｈ）,大型車台数（台／１２ｈ）,混入率（％）,混雑度,昼夜率,車線数,５８年度（台／１２ｈ）,６０年度（台／１２ｈ）,６３年度（台／１２ｈ）,２年度（台／１２ｈ）,６年度（台／１２ｈ）,９年度（台／１２ｈ）,１１年度（台／１２ｈ）,１７年度（台／１２ｈ）,２２年度（台／１２ｈ）
６０６６０新宿区霞ヶ丘町１,４６０１６,特例都道四谷角筈線（都道４１４号）,－,（外苑外周道路）,１０月２６日（火）,曇,772,10.6,26.9,477,6.6,0.28,-,3,-,-,-,-,-,-,-,12303,7260
,,,,,,,,,,,,,,,,,,,,,,,
観測地点,Ｈ１７区間番号,路線名,都市計画路線名,通称道路名,調査日,天候,時間・種別,７～８,８～９,９～１０,１０～１１,１１～１２,１２～１３,１３～１４,１４～１５,１５～１６,１６～１７,１７～１８,１８～１９,１２ｈ計,２４ｈ計,,
６０６６０新宿区霞ヶ丘町１,４６０１６,特例都道四谷角筈線（都道４１４号）,－,（外苑外周道路）,１０月２６日（火）,曇,自動車類上り大型車,-,-,-,-,-,-,-,-,-,-,-,-,-,-,,
６０６６０新宿区霞ヶ丘町１,４６０１６,特例都道四谷角筈線（都道４１４号）,－,（外苑外周道路）,１０月２６日（火）,曇,自動車類上り小型車,-,-,-,-,-,-,-,-,-,-,-,-,-,-,,
６０６６０新宿区霞ヶ丘町１,４６０１６,特例都道四谷角筈線（都道４１４号）,－,（外苑外周道路）,１０月２６日（火）,曇,自動車類上り計,-,-,-,-,-,-,-,-,-,-,-,-,-,-,,
６０６６０新宿区霞ヶ丘町１,４６０１６,特例都道四谷角筈線（都道４１４号）,－,（外苑外周道路）,１０月２６日（火）,曇,自動車類下り大型車,42,47,48,32,60,69,41,25,50,34,13,16,477,-,,
６０６６０新宿区霞ヶ丘町１,４６０１６,特例都道四谷角筈線（都道４１４号）,－,（外苑外周道路）,１０月２６日（火）,曇,自動車類下り小型車,437,568,645,594,600,703,544,540,608,519,506,519,6783,-,,
６０６６０新宿区霞ヶ丘町１,４６０１６,特例都道四谷角筈線（都道４１４号）,－,（外苑外周道路）,１０月２６日（火）,曇,自動車類下り計,479,615,693,626,660,772,585,565,658,553,519,535,7260,-,,
６０６６０新宿区霞ヶ丘町１,４６０１６,特例都道四谷角筈線（都道４１４号）,－,（外苑外周道路）,１０月２６日（火）,曇,自動車類合計大型車,42,47,48,32,60,69,41,25,50,34,13,16,477,-,,
６０６６０新宿区霞ヶ丘町１,４６０１６,特例都道四谷角筈線（都道４１４号）,－,（外苑外周道路）,１０月２６日（火）,曇,自動車類合計小型車,437,568,645,594,600,703,544,540,608,519,506,519,6783,-,,
６０６６０新宿区霞ヶ丘町１,４６０１６,特例都道四谷角筈線（都道４１４号）,－,（外苑外周道路）,１０月２６日（火）,曇,自動車類合計計,479,615,693,626,660,772,585,565,658,553,519,535,7260,-,,
６０６６０新宿区霞ヶ丘町１,４６０１６,特例都道四谷角筈線（都道４１４号）,－,（外苑外周道路）,１０月２６日（火）,曇,二輪車類,21,22,19,22,24,17,23,25,17,22,21,17,250,,,
６０６６０新宿区霞ヶ丘町１,４６０１６,特例都道四谷角筈線（都道４１４号）,－,（外苑外周道路）,１０月２６日（火）,曇,自転車類,32,99,106,77,39,30,43,32,14,27,44,56,599,,,
６０６６０新宿区霞ヶ丘町１,４６０１６,特例都道四谷角筈線（都道４１４号）,－,（外苑外周道路）,１０月２６日（火）,曇,歩行者類,138,230,244,361,172,234,254,132,121,106,250,303,2545,,,
