﻿観測地点,Ｈ１７区間番号,路線名,都市計画路線名,通称道路名,調査日,天候,ピーク時間交通量（台／ｈ）,ピーク率（％）,混雑時平均旅行速度（ｋｍ／ｈ）,大型車台数（台／１２ｈ）,混入率（％）,混雑度,昼夜率,車線数,５８年度（台／１２ｈ）,６０年度（台／１２ｈ）,６３年度（台／１２ｈ）,２年度（台／１２ｈ）,６年度（台／１２ｈ）,９年度（台／１２ｈ）,１１年度（台／１２ｈ）,１７年度（台／１２ｈ）,２２年度（台／１２ｈ）
６１００東京都大田区羽田３丁目,３０５１６,高速横浜羽田空港線,高速１号線,（首都高速１号横羽線）,１１月１６日（火）,晴,5563,9.4,66.3,9465,16.0,0.98,1.46,4,-,51438,42783,46758,56505,53341,54906,50882,59022
,,,,,,,,,,,,,,,,,,,,,,,
観測地点,Ｈ１７区間番号,路線名,都市計画路線名,通称道路名,調査日,天候,時間・種別,７～８,８～９,９～１０,１０～１１,１１～１２,１２～１３,１３～１４,１４～１５,１５～１６,１６～１７,１７～１８,１８～１９,１２ｈ計,２４ｈ計,,
６１００東京都大田区羽田３丁目,３０５１６,高速横浜羽田空港線,高速１号線,（首都高速１号横羽線）,１１月１６日（火）,晴,自動車類上り大型車,251,349,486,538,503,333,371,449,375,288,283,206,4432,6752,,
６１００東京都大田区羽田３丁目,３０５１６,高速横浜羽田空港線,高速１号線,（首都高速１号横羽線）,１１月１６日（火）,晴,自動車類上り小型車,3001,2571,1915,1686,1790,1744,1617,1898,2134,2076,2129,1609,24170,34154,,
６１００東京都大田区羽田３丁目,３０５１６,高速横浜羽田空港線,高速１号線,（首都高速１号横羽線）,１１月１６日（火）,晴,自動車類上り計,3252,2920,2401,2224,2293,2077,1988,2347,2509,2364,2412,1815,28602,40906,,
６１００東京都大田区羽田３丁目,３０５１６,高速横浜羽田空港線,高速１号線,（首都高速１号横羽線）,１１月１６日（火）,晴,自動車類下り大型車,299,314,438,561,670,457,435,470,562,361,276,190,5033,7861,,
６１００東京都大田区羽田３丁目,３０５１６,高速横浜羽田空港線,高速１号線,（首都高速１号横羽線）,１１月１６日（火）,晴,自動車類下り小型車,2012,2035,1886,1976,1952,1972,1983,1983,2235,2213,2739,2401,25387,37627,,
６１００東京都大田区羽田３丁目,３０５１６,高速横浜羽田空港線,高速１号線,（首都高速１号横羽線）,１１月１６日（火）,晴,自動車類下り計,2311,2349,2324,2537,2622,2429,2418,2453,2797,2574,3015,2591,30420,45488,,
６１００東京都大田区羽田３丁目,３０５１６,高速横浜羽田空港線,高速１号線,（首都高速１号横羽線）,１１月１６日（火）,晴,自動車類合計大型車,550,663,924,1099,1173,790,806,919,937,649,559,396,9465,14613,,
６１００東京都大田区羽田３丁目,３０５１６,高速横浜羽田空港線,高速１号線,（首都高速１号横羽線）,１１月１６日（火）,晴,自動車類合計小型車,5013,4606,3801,3662,3742,3716,3600,3881,4369,4289,4868,4010,49557,71781,,
６１００東京都大田区羽田３丁目,３０５１６,高速横浜羽田空港線,高速１号線,（首都高速１号横羽線）,１１月１６日（火）,晴,自動車類合計計,5563,5269,4725,4761,4915,4506,4406,4800,5306,4938,5427,4406,59022,86394,,
６１００東京都大田区羽田３丁目,３０５１６,高速横浜羽田空港線,高速１号線,（首都高速１号横羽線）,１１月１６日（火）,晴,二輪車類,-,-,-,-,-,-,-,-,-,-,-,-,-,,,
６１００東京都大田区羽田３丁目,３０５１６,高速横浜羽田空港線,高速１号線,（首都高速１号横羽線）,１１月１６日（火）,晴,自転車類,-,-,-,-,-,-,-,-,-,-,-,-,-,,,
６１００東京都大田区羽田３丁目,３０５１６,高速横浜羽田空港線,高速１号線,（首都高速１号横羽線）,１１月１６日（火）,晴,歩行者類,-,-,-,-,-,-,-,-,-,-,-,-,-,,,
