﻿地点番号,地点名,交差道路名,調査年月,管轄警察署,流出方向,時間帯等,大型乗用,大型貨物,普通乗用,普通貨物,四輪計,二輪車
46,総武陸橋下,環七通り×蔵前橋通り,R4/11,葛飾,A 市川,7,4,10,384,266,664,107
46,総武陸橋下,環七通り×蔵前橋通り,R4/11,葛飾,A 市川,8,6,13,326,242,587,79
46,総武陸橋下,環七通り×蔵前橋通り,R4/11,葛飾,A 市川,9,3,25,321,211,560,39
46,総武陸橋下,環七通り×蔵前橋通り,R4/11,葛飾,A 市川,10,2,29,309,218,558,35
46,総武陸橋下,環七通り×蔵前橋通り,R4/11,葛飾,A 市川,11,1,35,428,228,692,38
46,総武陸橋下,環七通り×蔵前橋通り,R4/11,葛飾,A 市川,12,0,20,398,235,653,40
46,総武陸橋下,環七通り×蔵前橋通り,R4/11,葛飾,A 市川,13,2,10,487,254,753,34
46,総武陸橋下,環七通り×蔵前橋通り,R4/11,葛飾,A 市川,14,3,11,541,321,876,44
46,総武陸橋下,環七通り×蔵前橋通り,R4/11,葛飾,A 市川,15,6,17,524,299,846,30
46,総武陸橋下,環七通り×蔵前橋通り,R4/11,葛飾,A 市川,16,2,25,517,339,883,51
46,総武陸橋下,環七通り×蔵前橋通り,R4/11,葛飾,A 市川,17,0,23,672,363,1058,71
46,総武陸橋下,環七通り×蔵前橋通り,R4/11,葛飾,A 市川,18,0,9,657,294,960,110
46,総武陸橋下,環七通り×蔵前橋通り,R4/11,葛飾,A 市川,12時間計,29,227,5564,3270,9090,678
46,総武陸橋下,環七通り×蔵前橋通り,R4/11,葛飾,B 亀有,7,16,113,684,480,1293,90
46,総武陸橋下,環七通り×蔵前橋通り,R4/11,葛飾,B 亀有,8,11,105,640,544,1300,67
46,総武陸橋下,環七通り×蔵前橋通り,R4/11,葛飾,B 亀有,9,15,107,525,516,1163,32
46,総武陸橋下,環七通り×蔵前橋通り,R4/11,葛飾,B 亀有,10,12,124,556,532,1224,38
46,総武陸橋下,環七通り×蔵前橋通り,R4/11,葛飾,B 亀有,11,12,120,477,619,1228,31
46,総武陸橋下,環七通り×蔵前橋通り,R4/11,葛飾,B 亀有,12,12,97,406,426,941,27
46,総武陸橋下,環七通り×蔵前橋通り,R4/11,葛飾,B 亀有,13,12,165,485,530,1192,34
46,総武陸橋下,環七通り×蔵前橋通り,R4/11,葛飾,B 亀有,14,18,152,563,509,1242,42
46,総武陸橋下,環七通り×蔵前橋通り,R4/11,葛飾,B 亀有,15,11,119,639,483,1252,48
46,総武陸橋下,環七通り×蔵前橋通り,R4/11,葛飾,B 亀有,16,17,114,793,481,1405,66
46,総武陸橋下,環七通り×蔵前橋通り,R4/11,葛飾,B 亀有,17,10,82,804,494,1390,96
46,総武陸橋下,環七通り×蔵前橋通り,R4/11,葛飾,B 亀有,18,12,77,974,453,1516,108
46,総武陸橋下,環七通り×蔵前橋通り,R4/11,葛飾,B 亀有,12時間計,158,1375,7546,6067,15146,679
46,総武陸橋下,環七通り×蔵前橋通り,R4/11,葛飾,C 蔵前橋,7,5,20,613,508,1146,154
46,総武陸橋下,環七通り×蔵前橋通り,R4/11,葛飾,C 蔵前橋,8,6,8,691,458,1163,102
46,総武陸橋下,環七通り×蔵前橋通り,R4/11,葛飾,C 蔵前橋,9,7,8,646,385,1046,101
46,総武陸橋下,環七通り×蔵前橋通り,R4/11,葛飾,C 蔵前橋,10,1,12,524,352,889,58
46,総武陸橋下,環七通り×蔵前橋通り,R4/11,葛飾,C 蔵前橋,11,3,9,511,333,856,62
46,総武陸橋下,環七通り×蔵前橋通り,R4/11,葛飾,C 蔵前橋,12,2,24,507,305,838,58
46,総武陸橋下,環七通り×蔵前橋通り,R4/11,葛飾,C 蔵前橋,13,3,15,509,343,870,56
46,総武陸橋下,環七通り×蔵前橋通り,R4/11,葛飾,C 蔵前橋,14,6,10,538,371,925,42
46,総武陸橋下,環七通り×蔵前橋通り,R4/11,葛飾,C 蔵前橋,15,9,13,424,304,750,48
46,総武陸橋下,環七通り×蔵前橋通り,R4/11,葛飾,C 蔵前橋,16,7,17,551,292,867,54
46,総武陸橋下,環七通り×蔵前橋通り,R4/11,葛飾,C 蔵前橋,17,7,8,599,262,876,72
46,総武陸橋下,環七通り×蔵前橋通り,R4/11,葛飾,C 蔵前橋,18,3,8,531,167,709,65
46,総武陸橋下,環七通り×蔵前橋通り,R4/11,葛飾,C 蔵前橋,12時間計,59,152,6644,4080,10935,872
46,総武陸橋下,環七通り×蔵前橋通り,R4/11,葛飾,D 一之江,7,12,104,866,508,1490,131
46,総武陸橋下,環七通り×蔵前橋通り,R4/11,葛飾,D 一之江,8,18,91,706,599,1414,73
46,総武陸橋下,環七通り×蔵前橋通り,R4/11,葛飾,D 一之江,9,17,105,518,506,1146,37
46,総武陸橋下,環七通り×蔵前橋通り,R4/11,葛飾,D 一之江,10,12,145,471,482,1110,35
46,総武陸橋下,環七通り×蔵前橋通り,R4/11,葛飾,D 一之江,11,5,128,488,418,1039,31
46,総武陸橋下,環七通り×蔵前橋通り,R4/11,葛飾,D 一之江,12,9,92,447,312,860,18
46,総武陸橋下,環七通り×蔵前橋通り,R4/11,葛飾,D 一之江,13,7,87,497,418,1009,25
46,総武陸橋下,環七通り×蔵前橋通り,R4/11,葛飾,D 一之江,14,14,82,557,568,1221,32
46,総武陸橋下,環七通り×蔵前橋通り,R4/11,葛飾,D 一之江,15,7,54,547,468,1076,32
46,総武陸橋下,環七通り×蔵前橋通り,R4/11,葛飾,D 一之江,16,17,66,612,497,1192,41
46,総武陸橋下,環七通り×蔵前橋通り,R4/11,葛飾,D 一之江,17,20,80,702,418,1220,83
46,総武陸橋下,環七通り×蔵前橋通り,R4/11,葛飾,D 一之江,18,6,34,655,273,968,63
46,総武陸橋下,環七通り×蔵前橋通り,R4/11,葛飾,D 一之江,12時間計,144,1068,7066,5467,13745,601
46,総武陸橋下,環七通り×蔵前橋通り,R4/11,葛飾,全方向合計,7,37,247,2547,1762,4593,482
46,総武陸橋下,環七通り×蔵前橋通り,R4/11,葛飾,全方向合計,8,41,217,2363,1843,4464,321
46,総武陸橋下,環七通り×蔵前橋通り,R4/11,葛飾,全方向合計,9,42,245,2010,1618,3915,209
46,総武陸橋下,環七通り×蔵前橋通り,R4/11,葛飾,全方向合計,10,27,310,1860,1584,3781,166
46,総武陸橋下,環七通り×蔵前橋通り,R4/11,葛飾,全方向合計,11,21,292,1904,1598,3815,162
46,総武陸橋下,環七通り×蔵前橋通り,R4/11,葛飾,全方向合計,12,23,233,1758,1278,3292,143
46,総武陸橋下,環七通り×蔵前橋通り,R4/11,葛飾,全方向合計,13,24,277,1978,1545,3824,149
46,総武陸橋下,環七通り×蔵前橋通り,R4/11,葛飾,全方向合計,14,41,255,2199,1769,4264,160
46,総武陸橋下,環七通り×蔵前橋通り,R4/11,葛飾,全方向合計,15,33,203,2134,1554,3924,158
46,総武陸橋下,環七通り×蔵前橋通り,R4/11,葛飾,全方向合計,16,43,222,2473,1609,4347,212
46,総武陸橋下,環七通り×蔵前橋通り,R4/11,葛飾,全方向合計,17,37,193,2777,1537,4544,322
46,総武陸橋下,環七通り×蔵前橋通り,R4/11,葛飾,全方向合計,18,21,128,2817,1187,4153,346
46,総武陸橋下,環七通り×蔵前橋通り,R4/11,葛飾,全方向合計,12時間計,390,2822,26820,18884,48916,2830
