﻿地点番号,地点名,交差道路名,調査年月,管轄警察署,流入方向,流出方向,時間帯等,大型乗用,大型貨物,普通乗用,普通貨物,四輪計,二輪車
46,総武陸橋下,環七通り×蔵前橋通り,R4/11,葛飾,A 市川,1.一之江,7,0,5,82,73,160,14
46,総武陸橋下,環七通り×蔵前橋通り,R4/11,葛飾,A 市川,1.一之江,8,3,7,79,52,141,10
46,総武陸橋下,環七通り×蔵前橋通り,R4/11,葛飾,A 市川,1.一之江,9,2,4,78,58,142,4
46,総武陸橋下,環七通り×蔵前橋通り,R4/11,葛飾,A 市川,1.一之江,10,1,5,64,56,126,4
46,総武陸橋下,環七通り×蔵前橋通り,R4/11,葛飾,A 市川,1.一之江,11,0,1,46,38,85,3
46,総武陸橋下,環七通り×蔵前橋通り,R4/11,葛飾,A 市川,1.一之江,12,1,1,52,38,92,1
46,総武陸橋下,環七通り×蔵前橋通り,R4/11,葛飾,A 市川,1.一之江,13,0,0,51,41,92,0
46,総武陸橋下,環七通り×蔵前橋通り,R4/11,葛飾,A 市川,1.一之江,14,2,1,47,33,83,1
46,総武陸橋下,環七通り×蔵前橋通り,R4/11,葛飾,A 市川,1.一之江,15,0,2,49,46,97,1
46,総武陸橋下,環七通り×蔵前橋通り,R4/11,葛飾,A 市川,1.一之江,16,2,3,46,44,95,1
46,総武陸橋下,環七通り×蔵前橋通り,R4/11,葛飾,A 市川,1.一之江,17,0,0,64,36,100,1
46,総武陸橋下,環七通り×蔵前橋通り,R4/11,葛飾,A 市川,1.一之江,18,0,0,74,20,94,1
46,総武陸橋下,環七通り×蔵前橋通り,R4/11,葛飾,A 市川,1.一之江,12時間計,11,29,732,535,1307,41
46,総武陸橋下,環七通り×蔵前橋通り,R4/11,葛飾,A 市川,2.蔵前橋,7,1,7,478,380,866,126
46,総武陸橋下,環七通り×蔵前橋通り,R4/11,葛飾,A 市川,2.蔵前橋,8,1,1,451,280,733,85
46,総武陸橋下,環七通り×蔵前橋通り,R4/11,葛飾,A 市川,2.蔵前橋,9,3,4,466,236,709,76
46,総武陸橋下,環七通り×蔵前橋通り,R4/11,葛飾,A 市川,2.蔵前橋,10,0,4,348,211,563,48
46,総武陸橋下,環七通り×蔵前橋通り,R4/11,葛飾,A 市川,2.蔵前橋,11,0,1,351,212,564,50
46,総武陸橋下,環七通り×蔵前橋通り,R4/11,葛飾,A 市川,2.蔵前橋,12,0,2,346,187,535,42
46,総武陸橋下,環七通り×蔵前橋通り,R4/11,葛飾,A 市川,2.蔵前橋,13,1,9,342,207,559,45
46,総武陸橋下,環七通り×蔵前橋通り,R4/11,葛飾,A 市川,2.蔵前橋,14,1,4,350,233,588,35
46,総武陸橋下,環七通り×蔵前橋通り,R4/11,葛飾,A 市川,2.蔵前橋,15,1,7,249,173,430,37
46,総武陸橋下,環七通り×蔵前橋通り,R4/11,葛飾,A 市川,2.蔵前橋,16,0,6,369,185,560,39
46,総武陸橋下,環七通り×蔵前橋通り,R4/11,葛飾,A 市川,2.蔵前橋,17,2,0,422,159,583,56
46,総武陸橋下,環七通り×蔵前橋通り,R4/11,葛飾,A 市川,2.蔵前橋,18,0,3,340,97,440,45
46,総武陸橋下,環七通り×蔵前橋通り,R4/11,葛飾,A 市川,2.蔵前橋,12時間計,10,48,4512,2560,7130,684
46,総武陸橋下,環七通り×蔵前橋通り,R4/11,葛飾,A 市川,3.亀有,7,1,4,32,9,46,1
46,総武陸橋下,環七通り×蔵前橋通り,R4/11,葛飾,A 市川,3.亀有,8,0,7,27,15,49,1
46,総武陸橋下,環七通り×蔵前橋通り,R4/11,葛飾,A 市川,3.亀有,9,0,7,26,15,48,2
46,総武陸橋下,環七通り×蔵前橋通り,R4/11,葛飾,A 市川,3.亀有,10,0,4,39,21,64,1
46,総武陸橋下,環七通り×蔵前橋通り,R4/11,葛飾,A 市川,3.亀有,11,0,4,30,29,63,2
46,総武陸橋下,環七通り×蔵前橋通り,R4/11,葛飾,A 市川,3.亀有,12,0,4,23,16,43,1
46,総武陸橋下,環七通り×蔵前橋通り,R4/11,葛飾,A 市川,3.亀有,13,2,4,28,13,47,1
46,総武陸橋下,環七通り×蔵前橋通り,R4/11,葛飾,A 市川,3.亀有,14,0,3,42,13,58,2
46,総武陸橋下,環七通り×蔵前橋通り,R4/11,葛飾,A 市川,3.亀有,15,0,9,27,11,47,4
46,総武陸橋下,環七通り×蔵前橋通り,R4/11,葛飾,A 市川,3.亀有,16,0,2,36,27,65,3
46,総武陸橋下,環七通り×蔵前橋通り,R4/11,葛飾,A 市川,3.亀有,17,0,2,53,18,73,5
46,総武陸橋下,環七通り×蔵前橋通り,R4/11,葛飾,A 市川,3.亀有,18,0,0,41,13,54,3
46,総武陸橋下,環七通り×蔵前橋通り,R4/11,葛飾,A 市川,3.亀有,12時間計,3,50,404,200,657,26
46,総武陸橋下,環七通り×蔵前橋通り,R4/11,葛飾,A 市川,流入計,7,2,16,592,462,1072,141
46,総武陸橋下,環七通り×蔵前橋通り,R4/11,葛飾,A 市川,流入計,8,4,15,557,347,923,96
46,総武陸橋下,環七通り×蔵前橋通り,R4/11,葛飾,A 市川,流入計,9,5,15,570,309,899,82
46,総武陸橋下,環七通り×蔵前橋通り,R4/11,葛飾,A 市川,流入計,10,1,13,451,288,753,53
46,総武陸橋下,環七通り×蔵前橋通り,R4/11,葛飾,A 市川,流入計,11,0,6,427,279,712,55
46,総武陸橋下,環七通り×蔵前橋通り,R4/11,葛飾,A 市川,流入計,12,1,7,421,241,670,44
46,総武陸橋下,環七通り×蔵前橋通り,R4/11,葛飾,A 市川,流入計,13,3,13,421,261,698,46
46,総武陸橋下,環七通り×蔵前橋通り,R4/11,葛飾,A 市川,流入計,14,3,8,439,279,729,38
46,総武陸橋下,環七通り×蔵前橋通り,R4/11,葛飾,A 市川,流入計,15,1,18,325,230,574,42
46,総武陸橋下,環七通り×蔵前橋通り,R4/11,葛飾,A 市川,流入計,16,2,11,451,256,720,43
46,総武陸橋下,環七通り×蔵前橋通り,R4/11,葛飾,A 市川,流入計,17,2,2,539,213,756,62
46,総武陸橋下,環七通り×蔵前橋通り,R4/11,葛飾,A 市川,流入計,18,0,3,455,130,588,49
46,総武陸橋下,環七通り×蔵前橋通り,R4/11,葛飾,A 市川,流入計,12時間計,24,127,5648,3295,9094,751
46,総武陸橋下,環七通り×蔵前橋通り,R4/11,葛飾,B 亀有,4.市川,7,0,1,8,20,29,7
46,総武陸橋下,環七通り×蔵前橋通り,R4/11,葛飾,B 亀有,4.市川,8,1,2,13,14,30,7
46,総武陸橋下,環七通り×蔵前橋通り,R4/11,葛飾,B 亀有,4.市川,9,0,1,18,17,36,2
46,総武陸橋下,環七通り×蔵前橋通り,R4/11,葛飾,B 亀有,4.市川,10,0,5,16,6,27,0
46,総武陸橋下,環七通り×蔵前橋通り,R4/11,葛飾,B 亀有,4.市川,11,0,3,23,10,36,2
46,総武陸橋下,環七通り×蔵前橋通り,R4/11,葛飾,B 亀有,4.市川,12,0,4,27,7,38,2
46,総武陸橋下,環七通り×蔵前橋通り,R4/11,葛飾,B 亀有,4.市川,13,0,2,54,18,74,2
46,総武陸橋下,環七通り×蔵前橋通り,R4/11,葛飾,B 亀有,4.市川,14,1,2,45,10,58,1
46,総武陸橋下,環七通り×蔵前橋通り,R4/11,葛飾,B 亀有,4.市川,15,1,0,22,9,32,0
46,総武陸橋下,環七通り×蔵前橋通り,R4/11,葛飾,B 亀有,4.市川,16,0,1,25,8,34,4
46,総武陸橋下,環七通り×蔵前橋通り,R4/11,葛飾,B 亀有,4.市川,17,0,0,23,10,33,1
46,総武陸橋下,環七通り×蔵前橋通り,R4/11,葛飾,B 亀有,4.市川,18,0,0,24,7,31,2
46,総武陸橋下,環七通り×蔵前橋通り,R4/11,葛飾,B 亀有,4.市川,12時間計,3,21,298,136,458,30
46,総武陸橋下,環七通り×蔵前橋通り,R4/11,葛飾,B 亀有,5.一之江,7,0,0,5,7,12,2
46,総武陸橋下,環七通り×蔵前橋通り,R4/11,葛飾,B 亀有,5.一之江,8,0,1,8,2,11,3
46,総武陸橋下,環七通り×蔵前橋通り,R4/11,葛飾,B 亀有,5.一之江,9,0,1,13,6,20,1
46,総武陸橋下,環七通り×蔵前橋通り,R4/11,葛飾,B 亀有,5.一之江,10,0,0,15,5,20,2
46,総武陸橋下,環七通り×蔵前橋通り,R4/11,葛飾,B 亀有,5.一之江,11,0,0,19,5,24,1
46,総武陸橋下,環七通り×蔵前橋通り,R4/11,葛飾,B 亀有,5.一之江,12,0,0,21,4,25,2
46,総武陸橋下,環七通り×蔵前橋通り,R4/11,葛飾,B 亀有,5.一之江,13,0,2,15,6,23,2
46,総武陸橋下,環七通り×蔵前橋通り,R4/11,葛飾,B 亀有,5.一之江,14,0,0,12,14,26,1
46,総武陸橋下,環七通り×蔵前橋通り,R4/11,葛飾,B 亀有,5.一之江,15,0,0,20,6,26,1
46,総武陸橋下,環七通り×蔵前橋通り,R4/11,葛飾,B 亀有,5.一之江,16,0,0,16,2,18,0
46,総武陸橋下,環七通り×蔵前橋通り,R4/11,葛飾,B 亀有,5.一之江,17,1,0,15,3,19,3
46,総武陸橋下,環七通り×蔵前橋通り,R4/11,葛飾,B 亀有,5.一之江,18,0,1,13,5,19,4
46,総武陸橋下,環七通り×蔵前橋通り,R4/11,葛飾,B 亀有,5.一之江,12時間計,1,5,172,65,243,22
46,総武陸橋下,環七通り×蔵前橋通り,R4/11,葛飾,B 亀有,6.蔵前橋,7,4,5,36,61,106,18
46,総武陸橋下,環七通り×蔵前橋通り,R4/11,葛飾,B 亀有,6.蔵前橋,8,4,0,96,60,160,10
46,総武陸橋下,環七通り×蔵前橋通り,R4/11,葛飾,B 亀有,6.蔵前橋,9,3,2,89,87,181,13
46,総武陸橋下,環七通り×蔵前橋通り,R4/11,葛飾,B 亀有,6.蔵前橋,10,1,4,99,81,185,6
46,総武陸橋下,環七通り×蔵前橋通り,R4/11,葛飾,B 亀有,6.蔵前橋,11,3,3,92,72,170,7
46,総武陸橋下,環七通り×蔵前橋通り,R4/11,葛飾,B 亀有,6.蔵前橋,12,2,7,100,60,169,7
46,総武陸橋下,環七通り×蔵前橋通り,R4/11,葛飾,B 亀有,6.蔵前橋,13,1,1,101,67,170,6
46,総武陸橋下,環七通り×蔵前橋通り,R4/11,葛飾,B 亀有,6.蔵前橋,14,4,1,117,69,191,5
46,総武陸橋下,環七通り×蔵前橋通り,R4/11,葛飾,B 亀有,6.蔵前橋,15,6,3,103,61,173,8
46,総武陸橋下,環七通り×蔵前橋通り,R4/11,葛飾,B 亀有,6.蔵前橋,16,4,8,109,50,171,8
46,総武陸橋下,環七通り×蔵前橋通り,R4/11,葛飾,B 亀有,6.蔵前橋,17,2,7,98,44,151,9
46,総武陸橋下,環七通り×蔵前橋通り,R4/11,葛飾,B 亀有,6.蔵前橋,18,2,3,118,35,158,13
46,総武陸橋下,環七通り×蔵前橋通り,R4/11,葛飾,B 亀有,6.蔵前橋,12時間計,36,44,1158,747,1985,110
46,総武陸橋下,環七通り×蔵前橋通り,R4/11,葛飾,B 亀有,7.一之江,7,10,95,715,374,1194,109
46,総武陸橋下,環七通り×蔵前橋通り,R4/11,葛飾,B 亀有,7.一之江,8,15,78,540,479,1112,57
46,総武陸橋下,環七通り×蔵前橋通り,R4/11,葛飾,B 亀有,7.一之江,9,14,93,353,381,841,27
46,総武陸橋下,環七通り×蔵前橋通り,R4/11,葛飾,B 亀有,7.一之江,10,9,129,346,351,835,24
46,総武陸橋下,環七通り×蔵前橋通り,R4/11,葛飾,B 亀有,7.一之江,11,4,121,355,306,786,20
46,総武陸橋下,環七通り×蔵前橋通り,R4/11,葛飾,B 亀有,7.一之江,12,8,86,311,213,618,12
46,総武陸橋下,環七通り×蔵前橋通り,R4/11,葛飾,B 亀有,7.一之江,13,6,78,375,309,768,19
46,総武陸橋下,環七通り×蔵前橋通り,R4/11,葛飾,B 亀有,7.一之江,14,11,76,409,454,950,21
46,総武陸橋下,環七通り×蔵前橋通り,R4/11,葛飾,B 亀有,7.一之江,15,7,46,400,365,818,22
46,総武陸橋下,環七通り×蔵前橋通り,R4/11,葛飾,B 亀有,7.一之江,16,13,60,453,394,920,36
46,総武陸橋下,環七通り×蔵前橋通り,R4/11,葛飾,B 亀有,7.一之江,17,17,76,501,327,921,71
46,総武陸橋下,環七通り×蔵前橋通り,R4/11,葛飾,B 亀有,7.一之江,18,6,33,458,205,702,52
46,総武陸橋下,環七通り×蔵前橋通り,R4/11,葛飾,B 亀有,7.一之江,12時間計,120,971,5216,4158,10465,470
46,総武陸橋下,環七通り×蔵前橋通り,R4/11,葛飾,B 亀有,流入計,7,14,101,764,462,1341,136
46,総武陸橋下,環七通り×蔵前橋通り,R4/11,葛飾,B 亀有,流入計,8,20,81,657,555,1313,77
46,総武陸橋下,環七通り×蔵前橋通り,R4/11,葛飾,B 亀有,流入計,9,17,97,473,491,1078,43
46,総武陸橋下,環七通り×蔵前橋通り,R4/11,葛飾,B 亀有,流入計,10,10,138,476,443,1067,32
46,総武陸橋下,環七通り×蔵前橋通り,R4/11,葛飾,B 亀有,流入計,11,7,127,489,393,1016,30
46,総武陸橋下,環七通り×蔵前橋通り,R4/11,葛飾,B 亀有,流入計,12,10,97,459,284,850,23
46,総武陸橋下,環七通り×蔵前橋通り,R4/11,葛飾,B 亀有,流入計,13,7,83,545,400,1035,29
46,総武陸橋下,環七通り×蔵前橋通り,R4/11,葛飾,B 亀有,流入計,14,16,79,583,547,1225,28
46,総武陸橋下,環七通り×蔵前橋通り,R4/11,葛飾,B 亀有,流入計,15,14,49,545,441,1049,31
46,総武陸橋下,環七通り×蔵前橋通り,R4/11,葛飾,B 亀有,流入計,16,17,69,603,454,1143,48
46,総武陸橋下,環七通り×蔵前橋通り,R4/11,葛飾,B 亀有,流入計,17,20,83,637,384,1124,84
46,総武陸橋下,環七通り×蔵前橋通り,R4/11,葛飾,B 亀有,流入計,18,8,37,613,252,910,71
46,総武陸橋下,環七通り×蔵前橋通り,R4/11,葛飾,B 亀有,流入計,12時間計,160,1041,6844,5106,13151,632
46,総武陸橋下,環七通り×蔵前橋通り,R4/11,葛飾,C 蔵前橋,8.亀有,7,5,8,46,46,105,5
46,総武陸橋下,環七通り×蔵前橋通り,R4/11,葛飾,C 蔵前橋,8.亀有,8,2,10,51,59,122,5
46,総武陸橋下,環七通り×蔵前橋通り,R4/11,葛飾,C 蔵前橋,8.亀有,9,2,21,68,50,141,1
46,総武陸橋下,環七通り×蔵前橋通り,R4/11,葛飾,C 蔵前橋,8.亀有,10,1,3,86,76,166,6
46,総武陸橋下,環七通り×蔵前橋通り,R4/11,葛飾,C 蔵前橋,8.亀有,11,1,3,85,68,157,2
46,総武陸橋下,環七通り×蔵前橋通り,R4/11,葛飾,C 蔵前橋,8.亀有,12,2,13,63,43,121,6
46,総武陸橋下,環七通り×蔵前橋通り,R4/11,葛飾,C 蔵前橋,8.亀有,13,2,9,63,62,136,4
46,総武陸橋下,環七通り×蔵前橋通り,R4/11,葛飾,C 蔵前橋,8.亀有,14,4,22,103,62,191,8
46,総武陸橋下,環七通り×蔵前橋通り,R4/11,葛飾,C 蔵前橋,8.亀有,15,2,25,88,77,192,6
46,総武陸橋下,環七通り×蔵前橋通り,R4/11,葛飾,C 蔵前橋,8.亀有,16,6,6,93,69,174,8
46,総武陸橋下,環七通り×蔵前橋通り,R4/11,葛飾,C 蔵前橋,8.亀有,17,2,5,123,45,175,7
46,総武陸橋下,環七通り×蔵前橋通り,R4/11,葛飾,C 蔵前橋,8.亀有,18,3,6,72,27,108,10
46,総武陸橋下,環七通り×蔵前橋通り,R4/11,葛飾,C 蔵前橋,8.亀有,12時間計,32,131,941,684,1788,68
46,総武陸橋下,環七通り×蔵前橋通り,R4/11,葛飾,C 蔵前橋,9.市川,7,1,4,324,202,531,84
46,総武陸橋下,環七通り×蔵前橋通り,R4/11,葛飾,C 蔵前橋,9.市川,8,1,9,230,184,424,62
46,総武陸橋下,環七通り×蔵前橋通り,R4/11,葛飾,C 蔵前橋,9.市川,9,0,17,253,157,427,34
46,総武陸橋下,環七通り×蔵前橋通り,R4/11,葛飾,C 蔵前橋,9.市川,10,2,18,235,179,434,31
46,総武陸橋下,環七通り×蔵前橋通り,R4/11,葛飾,C 蔵前橋,9.市川,11,0,23,342,187,552,30
46,総武陸橋下,環七通り×蔵前橋通り,R4/11,葛飾,C 蔵前橋,9.市川,12,0,8,321,194,523,35
46,総武陸橋下,環七通り×蔵前橋通り,R4/11,葛飾,C 蔵前橋,9.市川,13,0,3,386,213,602,29
46,総武陸橋下,環七通り×蔵前橋通り,R4/11,葛飾,C 蔵前橋,9.市川,14,2,7,432,270,711,38
46,総武陸橋下,環七通り×蔵前橋通り,R4/11,葛飾,C 蔵前橋,9.市川,15,1,12,460,264,737,28
46,総武陸橋下,環七通り×蔵前橋通り,R4/11,葛飾,C 蔵前橋,9.市川,16,2,19,433,301,755,46
46,総武陸橋下,環七通り×蔵前橋通り,R4/11,葛飾,C 蔵前橋,9.市川,17,0,13,556,315,884,67
46,総武陸橋下,環七通り×蔵前橋通り,R4/11,葛飾,C 蔵前橋,9.市川,18,0,6,543,263,812,97
46,総武陸橋下,環七通り×蔵前橋通り,R4/11,葛飾,C 蔵前橋,9.市川,12時間計,9,139,4515,2729,7392,581
46,総武陸橋下,環七通り×蔵前橋通り,R4/11,葛飾,C 蔵前橋,10.一之江,7,2,4,64,54,124,6
46,総武陸橋下,環七通り×蔵前橋通り,R4/11,葛飾,C 蔵前橋,10.一之江,8,0,5,79,66,150,3
46,総武陸橋下,環七通り×蔵前橋通り,R4/11,葛飾,C 蔵前橋,10.一之江,9,1,7,74,61,143,5
46,総武陸橋下,環七通り×蔵前橋通り,R4/11,葛飾,C 蔵前橋,10.一之江,10,2,11,46,70,129,5
46,総武陸橋下,環七通り×蔵前橋通り,R4/11,葛飾,C 蔵前橋,10.一之江,11,1,6,68,69,144,7
46,総武陸橋下,環七通り×蔵前橋通り,R4/11,葛飾,C 蔵前橋,10.一之江,12,0,5,63,57,125,3
46,総武陸橋下,環七通り×蔵前橋通り,R4/11,葛飾,C 蔵前橋,10.一之江,13,1,7,56,62,126,4
46,総武陸橋下,環七通り×蔵前橋通り,R4/11,葛飾,C 蔵前橋,10.一之江,14,1,5,89,67,162,9
46,総武陸橋下,環七通り×蔵前橋通り,R4/11,葛飾,C 蔵前橋,10.一之江,15,0,6,78,51,135,8
46,総武陸橋下,環七通り×蔵前橋通り,R4/11,葛飾,C 蔵前橋,10.一之江,16,2,3,97,57,159,4
46,総武陸橋下,環七通り×蔵前橋通り,R4/11,葛飾,C 蔵前橋,10.一之江,17,2,4,122,52,180,8
46,総武陸橋下,環七通り×蔵前橋通り,R4/11,葛飾,C 蔵前橋,10.一之江,18,0,0,110,43,153,6
46,総武陸橋下,環七通り×蔵前橋通り,R4/11,葛飾,C 蔵前橋,10.一之江,12時間計,12,63,946,709,1730,68
46,総武陸橋下,環七通り×蔵前橋通り,R4/11,葛飾,C 蔵前橋,流入計,7,8,16,434,302,760,95
46,総武陸橋下,環七通り×蔵前橋通り,R4/11,葛飾,C 蔵前橋,流入計,8,3,24,360,309,696,70
46,総武陸橋下,環七通り×蔵前橋通り,R4/11,葛飾,C 蔵前橋,流入計,9,3,45,395,268,711,40
46,総武陸橋下,環七通り×蔵前橋通り,R4/11,葛飾,C 蔵前橋,流入計,10,5,32,367,325,729,42
46,総武陸橋下,環七通り×蔵前橋通り,R4/11,葛飾,C 蔵前橋,流入計,11,2,32,495,324,853,39
46,総武陸橋下,環七通り×蔵前橋通り,R4/11,葛飾,C 蔵前橋,流入計,12,2,26,447,294,769,44
46,総武陸橋下,環七通り×蔵前橋通り,R4/11,葛飾,C 蔵前橋,流入計,13,3,19,505,337,864,37
46,総武陸橋下,環七通り×蔵前橋通り,R4/11,葛飾,C 蔵前橋,流入計,14,7,34,624,399,1064,55
46,総武陸橋下,環七通り×蔵前橋通り,R4/11,葛飾,C 蔵前橋,流入計,15,3,43,626,392,1064,42
46,総武陸橋下,環七通り×蔵前橋通り,R4/11,葛飾,C 蔵前橋,流入計,16,10,28,623,427,1088,58
46,総武陸橋下,環七通り×蔵前橋通り,R4/11,葛飾,C 蔵前橋,流入計,17,4,22,801,412,1239,82
46,総武陸橋下,環七通り×蔵前橋通り,R4/11,葛飾,C 蔵前橋,流入計,18,3,12,725,333,1073,113
46,総武陸橋下,環七通り×蔵前橋通り,R4/11,葛飾,C 蔵前橋,流入計,12時間計,53,333,6402,4122,10910,717
46,総武陸橋下,環七通り×蔵前橋通り,R4/11,葛飾,D 一之江,11.蔵前橋,7,0,8,99,67,174,10
46,総武陸橋下,環七通り×蔵前橋通り,R4/11,葛飾,D 一之江,11.蔵前橋,8,1,7,144,118,270,7
46,総武陸橋下,環七通り×蔵前橋通り,R4/11,葛飾,D 一之江,11.蔵前橋,9,1,2,91,62,156,12
46,総武陸橋下,環七通り×蔵前橋通り,R4/11,葛飾,D 一之江,11.蔵前橋,10,0,4,77,60,141,4
46,総武陸橋下,環七通り×蔵前橋通り,R4/11,葛飾,D 一之江,11.蔵前橋,11,0,5,68,49,122,5
46,総武陸橋下,環七通り×蔵前橋通り,R4/11,葛飾,D 一之江,11.蔵前橋,12,0,15,61,58,134,9
46,総武陸橋下,環七通り×蔵前橋通り,R4/11,葛飾,D 一之江,11.蔵前橋,13,1,5,66,69,141,5
46,総武陸橋下,環七通り×蔵前橋通り,R4/11,葛飾,D 一之江,11.蔵前橋,14,1,5,71,69,146,2
46,総武陸橋下,環七通り×蔵前橋通り,R4/11,葛飾,D 一之江,11.蔵前橋,15,2,3,72,70,147,3
46,総武陸橋下,環七通り×蔵前橋通り,R4/11,葛飾,D 一之江,11.蔵前橋,16,3,3,73,57,136,7
46,総武陸橋下,環七通り×蔵前橋通り,R4/11,葛飾,D 一之江,11.蔵前橋,17,3,1,79,59,142,7
46,総武陸橋下,環七通り×蔵前橋通り,R4/11,葛飾,D 一之江,11.蔵前橋,18,1,2,73,35,111,7
46,総武陸橋下,環七通り×蔵前橋通り,R4/11,葛飾,D 一之江,11.蔵前橋,12時間計,13,60,974,773,1820,78
46,総武陸橋下,環七通り×蔵前橋通り,R4/11,葛飾,D 一之江,12.亀有,7,0,2,12,2,16,11
46,総武陸橋下,環七通り×蔵前橋通り,R4/11,葛飾,D 一之江,12.亀有,8,2,3,13,9,27,10
46,総武陸橋下,環七通り×蔵前橋通り,R4/11,葛飾,D 一之江,12.亀有,9,0,2,17,6,25,5
46,総武陸橋下,環七通り×蔵前橋通り,R4/11,葛飾,D 一之江,12.亀有,10,0,1,10,3,14,2
46,総武陸橋下,環七通り×蔵前橋通り,R4/11,葛飾,D 一之江,12.亀有,11,0,0,4,6,10,1
46,総武陸橋下,環七通り×蔵前橋通り,R4/11,葛飾,D 一之江,12.亀有,12,0,0,4,0,4,0
46,総武陸橋下,環七通り×蔵前橋通り,R4/11,葛飾,D 一之江,12.亀有,13,0,2,1,2,5,1
46,総武陸橋下,環七通り×蔵前橋通り,R4/11,葛飾,D 一之江,12.亀有,14,0,3,11,2,16,1
46,総武陸橋下,環七通り×蔵前橋通り,R4/11,葛飾,D 一之江,12.亀有,15,0,0,5,1,6,3
46,総武陸橋下,環七通り×蔵前橋通り,R4/11,葛飾,D 一之江,12.亀有,16,0,0,6,2,8,4
46,総武陸橋下,環七通り×蔵前橋通り,R4/11,葛飾,D 一之江,12.亀有,17,0,0,7,4,11,1
46,総武陸橋下,環七通り×蔵前橋通り,R4/11,葛飾,D 一之江,12.亀有,18,0,0,4,4,8,2
46,総武陸橋下,環七通り×蔵前橋通り,R4/11,葛飾,D 一之江,12.亀有,12時間計,2,13,94,41,150,41
46,総武陸橋下,環七通り×蔵前橋通り,R4/11,葛飾,D 一之江,13.市川,7,3,5,52,44,104,16
46,総武陸橋下,環七通り×蔵前橋通り,R4/11,葛飾,D 一之江,13.市川,8,4,2,83,44,133,10
46,総武陸橋下,環七通り×蔵前橋通り,R4/11,葛飾,D 一之江,13.市川,9,3,7,50,37,97,3
46,総武陸橋下,環七通り×蔵前橋通り,R4/11,葛飾,D 一之江,13.市川,10,0,6,58,33,97,4
46,総武陸橋下,環七通り×蔵前橋通り,R4/11,葛飾,D 一之江,13.市川,11,1,9,63,31,104,6
46,総武陸橋下,環七通り×蔵前橋通り,R4/11,葛飾,D 一之江,13.市川,12,0,8,50,34,92,3
46,総武陸橋下,環七通り×蔵前橋通り,R4/11,葛飾,D 一之江,13.市川,13,2,5,47,23,77,3
46,総武陸橋下,環七通り×蔵前橋通り,R4/11,葛飾,D 一之江,13.市川,14,0,2,64,41,107,5
46,総武陸橋下,環七通り×蔵前橋通り,R4/11,葛飾,D 一之江,13.市川,15,4,5,42,26,77,2
46,総武陸橋下,環七通り×蔵前橋通り,R4/11,葛飾,D 一之江,13.市川,16,0,5,59,30,94,1
46,総武陸橋下,環七通り×蔵前橋通り,R4/11,葛飾,D 一之江,13.市川,17,0,10,93,38,141,3
46,総武陸橋下,環七通り×蔵前橋通り,R4/11,葛飾,D 一之江,13.市川,18,0,3,90,24,117,11
46,総武陸橋下,環七通り×蔵前橋通り,R4/11,葛飾,D 一之江,13.市川,12時間計,17,67,751,405,1240,67
46,総武陸橋下,環七通り×蔵前橋通り,R4/11,葛飾,D 一之江,14.亀有,7,10,99,594,423,1126,73
46,総武陸橋下,環七通り×蔵前橋通り,R4/11,葛飾,D 一之江,14.亀有,8,7,85,549,461,1102,51
46,総武陸橋下,環七通り×蔵前橋通り,R4/11,葛飾,D 一之江,14.亀有,9,13,77,414,445,949,24
46,総武陸橋下,環七通り×蔵前橋通り,R4/11,葛飾,D 一之江,14.亀有,10,11,116,421,432,980,29
46,総武陸橋下,環七通り×蔵前橋通り,R4/11,葛飾,D 一之江,14.亀有,11,11,113,358,516,998,26
46,総武陸橋下,環七通り×蔵前橋通り,R4/11,葛飾,D 一之江,14.亀有,12,10,80,316,367,773,20
46,総武陸橋下,環七通り×蔵前橋通り,R4/11,葛飾,D 一之江,14.亀有,13,8,150,393,453,1004,28
46,総武陸橋下,環七通り×蔵前橋通り,R4/11,葛飾,D 一之江,14.亀有,14,14,124,407,432,977,31
46,総武陸橋下,環七通り×蔵前橋通り,R4/11,葛飾,D 一之江,14.亀有,15,9,85,519,394,1007,35
46,総武陸橋下,環七通り×蔵前橋通り,R4/11,葛飾,D 一之江,14.亀有,16,11,106,658,383,1158,51
46,総武陸橋下,環七通り×蔵前橋通り,R4/11,葛飾,D 一之江,14.亀有,17,8,75,621,427,1131,83
46,総武陸橋下,環七通り×蔵前橋通り,R4/11,葛飾,D 一之江,14.亀有,18,9,71,857,409,1346,93
46,総武陸橋下,環七通り×蔵前橋通り,R4/11,葛飾,D 一之江,14.亀有,12時間計,121,1181,6107,5142,12551,544
46,総武陸橋下,環七通り×蔵前橋通り,R4/11,葛飾,D 一之江,流入計,7,13,114,757,536,1420,110
46,総武陸橋下,環七通り×蔵前橋通り,R4/11,葛飾,D 一之江,流入計,8,14,97,789,632,1532,78
46,総武陸橋下,環七通り×蔵前橋通り,R4/11,葛飾,D 一之江,流入計,9,17,88,572,550,1227,44
46,総武陸橋下,環七通り×蔵前橋通り,R4/11,葛飾,D 一之江,流入計,10,11,127,566,528,1232,39
46,総武陸橋下,環七通り×蔵前橋通り,R4/11,葛飾,D 一之江,流入計,11,12,127,493,602,1234,38
46,総武陸橋下,環七通り×蔵前橋通り,R4/11,葛飾,D 一之江,流入計,12,10,103,431,459,1003,32
46,総武陸橋下,環七通り×蔵前橋通り,R4/11,葛飾,D 一之江,流入計,13,11,162,507,547,1227,37
46,総武陸橋下,環七通り×蔵前橋通り,R4/11,葛飾,D 一之江,流入計,14,15,134,553,544,1246,39
46,総武陸橋下,環七通り×蔵前橋通り,R4/11,葛飾,D 一之江,流入計,15,15,93,638,491,1237,43
46,総武陸橋下,環七通り×蔵前橋通り,R4/11,葛飾,D 一之江,流入計,16,14,114,796,472,1396,63
46,総武陸橋下,環七通り×蔵前橋通り,R4/11,葛飾,D 一之江,流入計,17,11,86,800,528,1425,94
46,総武陸橋下,環七通り×蔵前橋通り,R4/11,葛飾,D 一之江,流入計,18,10,76,1024,472,1582,113
46,総武陸橋下,環七通り×蔵前橋通り,R4/11,葛飾,D 一之江,流入計,12時間計,153,1321,7926,6361,15761,730
