﻿地点番号,地点名,交差道路名,調査年月,管轄警察署,流入方向,流出方向,時間帯等,車道通行自転車,歩道通行自転車,自転車計
53,東矢口２,環八通り×第二京浜,R4/11,池上,A 五反田,1羽田,7,3,-,-
53,東矢口２,環八通り×第二京浜,R4/11,池上,A 五反田,1羽田,8,0,-,-
53,東矢口２,環八通り×第二京浜,R4/11,池上,A 五反田,1羽田,9,2,-,-
53,東矢口２,環八通り×第二京浜,R4/11,池上,A 五反田,1羽田,10,0,-,-
53,東矢口２,環八通り×第二京浜,R4/11,池上,A 五反田,1羽田,11,0,-,-
53,東矢口２,環八通り×第二京浜,R4/11,池上,A 五反田,1羽田,12,0,-,-
53,東矢口２,環八通り×第二京浜,R4/11,池上,A 五反田,1羽田,13,0,-,-
53,東矢口２,環八通り×第二京浜,R4/11,池上,A 五反田,1羽田,14,0,-,-
53,東矢口２,環八通り×第二京浜,R4/11,池上,A 五反田,1羽田,15,5,-,-
53,東矢口２,環八通り×第二京浜,R4/11,池上,A 五反田,1羽田,16,6,-,-
53,東矢口２,環八通り×第二京浜,R4/11,池上,A 五反田,1羽田,17,1,-,-
53,東矢口２,環八通り×第二京浜,R4/11,池上,A 五反田,1羽田,18,0,-,-
53,東矢口２,環八通り×第二京浜,R4/11,池上,A 五反田,1羽田,12時間計,17,-,-
53,東矢口２,環八通り×第二京浜,R4/11,池上,A 五反田,2多摩川大橋,7,4,-,-
53,東矢口２,環八通り×第二京浜,R4/11,池上,A 五反田,2多摩川大橋,8,13,-,-
53,東矢口２,環八通り×第二京浜,R4/11,池上,A 五反田,2多摩川大橋,9,11,-,-
53,東矢口２,環八通り×第二京浜,R4/11,池上,A 五反田,2多摩川大橋,10,2,-,-
53,東矢口２,環八通り×第二京浜,R4/11,池上,A 五反田,2多摩川大橋,11,7,-,-
53,東矢口２,環八通り×第二京浜,R4/11,池上,A 五反田,2多摩川大橋,12,14,-,-
53,東矢口２,環八通り×第二京浜,R4/11,池上,A 五反田,2多摩川大橋,13,8,-,-
53,東矢口２,環八通り×第二京浜,R4/11,池上,A 五反田,2多摩川大橋,14,15,-,-
53,東矢口２,環八通り×第二京浜,R4/11,池上,A 五反田,2多摩川大橋,15,11,-,-
53,東矢口２,環八通り×第二京浜,R4/11,池上,A 五反田,2多摩川大橋,16,8,-,-
53,東矢口２,環八通り×第二京浜,R4/11,池上,A 五反田,2多摩川大橋,17,23,-,-
53,東矢口２,環八通り×第二京浜,R4/11,池上,A 五反田,2多摩川大橋,18,32,-,-
53,東矢口２,環八通り×第二京浜,R4/11,池上,A 五反田,2多摩川大橋,12時間計,148,-,-
53,東矢口２,環八通り×第二京浜,R4/11,池上,A 五反田,3瀬田,7,2,-,-
53,東矢口２,環八通り×第二京浜,R4/11,池上,A 五反田,3瀬田,8,2,-,-
53,東矢口２,環八通り×第二京浜,R4/11,池上,A 五反田,3瀬田,9,1,-,-
53,東矢口２,環八通り×第二京浜,R4/11,池上,A 五反田,3瀬田,10,0,-,-
53,東矢口２,環八通り×第二京浜,R4/11,池上,A 五反田,3瀬田,11,0,-,-
53,東矢口２,環八通り×第二京浜,R4/11,池上,A 五反田,3瀬田,12,0,-,-
53,東矢口２,環八通り×第二京浜,R4/11,池上,A 五反田,3瀬田,13,0,-,-
53,東矢口２,環八通り×第二京浜,R4/11,池上,A 五反田,3瀬田,14,0,-,-
53,東矢口２,環八通り×第二京浜,R4/11,池上,A 五反田,3瀬田,15,0,-,-
53,東矢口２,環八通り×第二京浜,R4/11,池上,A 五反田,3瀬田,16,0,-,-
53,東矢口２,環八通り×第二京浜,R4/11,池上,A 五反田,3瀬田,17,0,-,-
53,東矢口２,環八通り×第二京浜,R4/11,池上,A 五反田,3瀬田,18,0,-,-
53,東矢口２,環八通り×第二京浜,R4/11,池上,A 五反田,3瀬田,12時間計,5,-,-
53,東矢口２,環八通り×第二京浜,R4/11,池上,A 五反田,流入計,7,9,66,75
53,東矢口２,環八通り×第二京浜,R4/11,池上,A 五反田,流入計,8,15,78,93
53,東矢口２,環八通り×第二京浜,R4/11,池上,A 五反田,流入計,9,14,51,65
53,東矢口２,環八通り×第二京浜,R4/11,池上,A 五反田,流入計,10,2,33,35
53,東矢口２,環八通り×第二京浜,R4/11,池上,A 五反田,流入計,11,7,31,38
53,東矢口２,環八通り×第二京浜,R4/11,池上,A 五反田,流入計,12,14,39,53
53,東矢口２,環八通り×第二京浜,R4/11,池上,A 五反田,流入計,13,8,44,52
53,東矢口２,環八通り×第二京浜,R4/11,池上,A 五反田,流入計,14,15,56,71
53,東矢口２,環八通り×第二京浜,R4/11,池上,A 五反田,流入計,15,16,43,59
53,東矢口２,環八通り×第二京浜,R4/11,池上,A 五反田,流入計,16,14,53,67
53,東矢口２,環八通り×第二京浜,R4/11,池上,A 五反田,流入計,17,24,72,96
53,東矢口２,環八通り×第二京浜,R4/11,池上,A 五反田,流入計,18,32,52,84
53,東矢口２,環八通り×第二京浜,R4/11,池上,A 五反田,流入計,12時間計,170,618,788
53,東矢口２,環八通り×第二京浜,R4/11,池上,B 瀬田,4五反田,7,0,-,-
53,東矢口２,環八通り×第二京浜,R4/11,池上,B 瀬田,4五反田,8,0,-,-
53,東矢口２,環八通り×第二京浜,R4/11,池上,B 瀬田,4五反田,9,0,-,-
53,東矢口２,環八通り×第二京浜,R4/11,池上,B 瀬田,4五反田,10,0,-,-
53,東矢口２,環八通り×第二京浜,R4/11,池上,B 瀬田,4五反田,11,0,-,-
53,東矢口２,環八通り×第二京浜,R4/11,池上,B 瀬田,4五反田,12,0,-,-
53,東矢口２,環八通り×第二京浜,R4/11,池上,B 瀬田,4五反田,13,0,-,-
53,東矢口２,環八通り×第二京浜,R4/11,池上,B 瀬田,4五反田,14,0,-,-
53,東矢口２,環八通り×第二京浜,R4/11,池上,B 瀬田,4五反田,15,0,-,-
53,東矢口２,環八通り×第二京浜,R4/11,池上,B 瀬田,4五反田,16,0,-,-
53,東矢口２,環八通り×第二京浜,R4/11,池上,B 瀬田,4五反田,17,0,-,-
53,東矢口２,環八通り×第二京浜,R4/11,池上,B 瀬田,4五反田,18,0,-,-
53,東矢口２,環八通り×第二京浜,R4/11,池上,B 瀬田,4五反田,12時間計,0,-,-
53,東矢口２,環八通り×第二京浜,R4/11,池上,B 瀬田,5羽田,7,15,-,-
53,東矢口２,環八通り×第二京浜,R4/11,池上,B 瀬田,5羽田,8,8,-,-
53,東矢口２,環八通り×第二京浜,R4/11,池上,B 瀬田,5羽田,9,2,-,-
53,東矢口２,環八通り×第二京浜,R4/11,池上,B 瀬田,5羽田,10,0,-,-
53,東矢口２,環八通り×第二京浜,R4/11,池上,B 瀬田,5羽田,11,4,-,-
53,東矢口２,環八通り×第二京浜,R4/11,池上,B 瀬田,5羽田,12,3,-,-
53,東矢口２,環八通り×第二京浜,R4/11,池上,B 瀬田,5羽田,13,8,-,-
53,東矢口２,環八通り×第二京浜,R4/11,池上,B 瀬田,5羽田,14,3,-,-
53,東矢口２,環八通り×第二京浜,R4/11,池上,B 瀬田,5羽田,15,2,-,-
53,東矢口２,環八通り×第二京浜,R4/11,池上,B 瀬田,5羽田,16,2,-,-
53,東矢口２,環八通り×第二京浜,R4/11,池上,B 瀬田,5羽田,17,12,-,-
53,東矢口２,環八通り×第二京浜,R4/11,池上,B 瀬田,5羽田,18,6,-,-
53,東矢口２,環八通り×第二京浜,R4/11,池上,B 瀬田,5羽田,12時間計,65,-,-
53,東矢口２,環八通り×第二京浜,R4/11,池上,B 瀬田,6多摩川大橋,7,0,-,-
53,東矢口２,環八通り×第二京浜,R4/11,池上,B 瀬田,6多摩川大橋,8,0,-,-
53,東矢口２,環八通り×第二京浜,R4/11,池上,B 瀬田,6多摩川大橋,9,0,-,-
53,東矢口２,環八通り×第二京浜,R4/11,池上,B 瀬田,6多摩川大橋,10,5,-,-
53,東矢口２,環八通り×第二京浜,R4/11,池上,B 瀬田,6多摩川大橋,11,6,-,-
53,東矢口２,環八通り×第二京浜,R4/11,池上,B 瀬田,6多摩川大橋,12,0,-,-
53,東矢口２,環八通り×第二京浜,R4/11,池上,B 瀬田,6多摩川大橋,13,0,-,-
53,東矢口２,環八通り×第二京浜,R4/11,池上,B 瀬田,6多摩川大橋,14,0,-,-
53,東矢口２,環八通り×第二京浜,R4/11,池上,B 瀬田,6多摩川大橋,15,1,-,-
53,東矢口２,環八通り×第二京浜,R4/11,池上,B 瀬田,6多摩川大橋,16,2,-,-
53,東矢口２,環八通り×第二京浜,R4/11,池上,B 瀬田,6多摩川大橋,17,0,-,-
53,東矢口２,環八通り×第二京浜,R4/11,池上,B 瀬田,6多摩川大橋,18,0,-,-
53,東矢口２,環八通り×第二京浜,R4/11,池上,B 瀬田,6多摩川大橋,12時間計,14,-,-
53,東矢口２,環八通り×第二京浜,R4/11,池上,B 瀬田,7羽田,7,0,-,-
53,東矢口２,環八通り×第二京浜,R4/11,池上,B 瀬田,7羽田,8,0,-,-
53,東矢口２,環八通り×第二京浜,R4/11,池上,B 瀬田,7羽田,9,0,-,-
53,東矢口２,環八通り×第二京浜,R4/11,池上,B 瀬田,7羽田,10,0,-,-
53,東矢口２,環八通り×第二京浜,R4/11,池上,B 瀬田,7羽田,11,0,-,-
53,東矢口２,環八通り×第二京浜,R4/11,池上,B 瀬田,7羽田,12,0,-,-
53,東矢口２,環八通り×第二京浜,R4/11,池上,B 瀬田,7羽田,13,0,-,-
53,東矢口２,環八通り×第二京浜,R4/11,池上,B 瀬田,7羽田,14,0,-,-
53,東矢口２,環八通り×第二京浜,R4/11,池上,B 瀬田,7羽田,15,0,-,-
53,東矢口２,環八通り×第二京浜,R4/11,池上,B 瀬田,7羽田,16,0,-,-
53,東矢口２,環八通り×第二京浜,R4/11,池上,B 瀬田,7羽田,17,0,-,-
53,東矢口２,環八通り×第二京浜,R4/11,池上,B 瀬田,7羽田,18,0,-,-
53,東矢口２,環八通り×第二京浜,R4/11,池上,B 瀬田,7羽田,12時間計,0,-,-
53,東矢口２,環八通り×第二京浜,R4/11,池上,B 瀬田,流入計,7,15,48,63
53,東矢口２,環八通り×第二京浜,R4/11,池上,B 瀬田,流入計,8,8,42,50
53,東矢口２,環八通り×第二京浜,R4/11,池上,B 瀬田,流入計,9,2,27,29
53,東矢口２,環八通り×第二京浜,R4/11,池上,B 瀬田,流入計,10,5,33,38
53,東矢口２,環八通り×第二京浜,R4/11,池上,B 瀬田,流入計,11,10,51,61
53,東矢口２,環八通り×第二京浜,R4/11,池上,B 瀬田,流入計,12,3,30,33
53,東矢口２,環八通り×第二京浜,R4/11,池上,B 瀬田,流入計,13,8,18,26
53,東矢口２,環八通り×第二京浜,R4/11,池上,B 瀬田,流入計,14,3,21,24
53,東矢口２,環八通り×第二京浜,R4/11,池上,B 瀬田,流入計,15,3,36,39
53,東矢口２,環八通り×第二京浜,R4/11,池上,B 瀬田,流入計,16,4,48,52
53,東矢口２,環八通り×第二京浜,R4/11,池上,B 瀬田,流入計,17,12,95,107
53,東矢口２,環八通り×第二京浜,R4/11,池上,B 瀬田,流入計,18,6,99,105
53,東矢口２,環八通り×第二京浜,R4/11,池上,B 瀬田,流入計,12時間計,79,548,627
53,東矢口２,環八通り×第二京浜,R4/11,池上,C 多摩川大橋,8瀬田,7,0,-,-
53,東矢口２,環八通り×第二京浜,R4/11,池上,C 多摩川大橋,8瀬田,8,4,-,-
53,東矢口２,環八通り×第二京浜,R4/11,池上,C 多摩川大橋,8瀬田,9,1,-,-
53,東矢口２,環八通り×第二京浜,R4/11,池上,C 多摩川大橋,8瀬田,10,6,-,-
53,東矢口２,環八通り×第二京浜,R4/11,池上,C 多摩川大橋,8瀬田,11,0,-,-
53,東矢口２,環八通り×第二京浜,R4/11,池上,C 多摩川大橋,8瀬田,12,0,-,-
53,東矢口２,環八通り×第二京浜,R4/11,池上,C 多摩川大橋,8瀬田,13,1,-,-
53,東矢口２,環八通り×第二京浜,R4/11,池上,C 多摩川大橋,8瀬田,14,0,-,-
53,東矢口２,環八通り×第二京浜,R4/11,池上,C 多摩川大橋,8瀬田,15,0,-,-
53,東矢口２,環八通り×第二京浜,R4/11,池上,C 多摩川大橋,8瀬田,16,0,-,-
53,東矢口２,環八通り×第二京浜,R4/11,池上,C 多摩川大橋,8瀬田,17,0,-,-
53,東矢口２,環八通り×第二京浜,R4/11,池上,C 多摩川大橋,8瀬田,18,0,-,-
53,東矢口２,環八通り×第二京浜,R4/11,池上,C 多摩川大橋,8瀬田,12時間計,12,-,-
53,東矢口２,環八通り×第二京浜,R4/11,池上,C 多摩川大橋,9五反田,7,32,-,-
53,東矢口２,環八通り×第二京浜,R4/11,池上,C 多摩川大橋,9五反田,8,45,-,-
53,東矢口２,環八通り×第二京浜,R4/11,池上,C 多摩川大橋,9五反田,9,11,-,-
53,東矢口２,環八通り×第二京浜,R4/11,池上,C 多摩川大橋,9五反田,10,10,-,-
53,東矢口２,環八通り×第二京浜,R4/11,池上,C 多摩川大橋,9五反田,11,8,-,-
53,東矢口２,環八通り×第二京浜,R4/11,池上,C 多摩川大橋,9五反田,12,9,-,-
53,東矢口２,環八通り×第二京浜,R4/11,池上,C 多摩川大橋,9五反田,13,8,-,-
53,東矢口２,環八通り×第二京浜,R4/11,池上,C 多摩川大橋,9五反田,14,14,-,-
53,東矢口２,環八通り×第二京浜,R4/11,池上,C 多摩川大橋,9五反田,15,7,-,-
53,東矢口２,環八通り×第二京浜,R4/11,池上,C 多摩川大橋,9五反田,16,12,-,-
53,東矢口２,環八通り×第二京浜,R4/11,池上,C 多摩川大橋,9五反田,17,8,-,-
53,東矢口２,環八通り×第二京浜,R4/11,池上,C 多摩川大橋,9五反田,18,14,-,-
53,東矢口２,環八通り×第二京浜,R4/11,池上,C 多摩川大橋,9五反田,12時間計,178,-,-
53,東矢口２,環八通り×第二京浜,R4/11,池上,C 多摩川大橋,10羽田,7,0,-,-
53,東矢口２,環八通り×第二京浜,R4/11,池上,C 多摩川大橋,10羽田,8,0,-,-
53,東矢口２,環八通り×第二京浜,R4/11,池上,C 多摩川大橋,10羽田,9,1,-,-
53,東矢口２,環八通り×第二京浜,R4/11,池上,C 多摩川大橋,10羽田,10,0,-,-
53,東矢口２,環八通り×第二京浜,R4/11,池上,C 多摩川大橋,10羽田,11,0,-,-
53,東矢口２,環八通り×第二京浜,R4/11,池上,C 多摩川大橋,10羽田,12,0,-,-
53,東矢口２,環八通り×第二京浜,R4/11,池上,C 多摩川大橋,10羽田,13,0,-,-
53,東矢口２,環八通り×第二京浜,R4/11,池上,C 多摩川大橋,10羽田,14,0,-,-
53,東矢口２,環八通り×第二京浜,R4/11,池上,C 多摩川大橋,10羽田,15,0,-,-
53,東矢口２,環八通り×第二京浜,R4/11,池上,C 多摩川大橋,10羽田,16,0,-,-
53,東矢口２,環八通り×第二京浜,R4/11,池上,C 多摩川大橋,10羽田,17,0,-,-
53,東矢口２,環八通り×第二京浜,R4/11,池上,C 多摩川大橋,10羽田,18,0,-,-
53,東矢口２,環八通り×第二京浜,R4/11,池上,C 多摩川大橋,10羽田,12時間計,1,-,-
53,東矢口２,環八通り×第二京浜,R4/11,池上,C 多摩川大橋,流入計,7,32,59,91
53,東矢口２,環八通り×第二京浜,R4/11,池上,C 多摩川大橋,流入計,8,49,98,147
53,東矢口２,環八通り×第二京浜,R4/11,池上,C 多摩川大橋,流入計,9,13,37,50
53,東矢口２,環八通り×第二京浜,R4/11,池上,C 多摩川大橋,流入計,10,16,29,45
53,東矢口２,環八通り×第二京浜,R4/11,池上,C 多摩川大橋,流入計,11,8,39,47
53,東矢口２,環八通り×第二京浜,R4/11,池上,C 多摩川大橋,流入計,12,9,25,34
53,東矢口２,環八通り×第二京浜,R4/11,池上,C 多摩川大橋,流入計,13,9,16,25
53,東矢口２,環八通り×第二京浜,R4/11,池上,C 多摩川大橋,流入計,14,14,23,37
53,東矢口２,環八通り×第二京浜,R4/11,池上,C 多摩川大橋,流入計,15,7,39,46
53,東矢口２,環八通り×第二京浜,R4/11,池上,C 多摩川大橋,流入計,16,12,29,41
53,東矢口２,環八通り×第二京浜,R4/11,池上,C 多摩川大橋,流入計,17,8,45,53
53,東矢口２,環八通り×第二京浜,R4/11,池上,C 多摩川大橋,流入計,18,14,29,43
53,東矢口２,環八通り×第二京浜,R4/11,池上,C 多摩川大橋,流入計,12時間計,191,468,659
53,東矢口２,環八通り×第二京浜,R4/11,池上,D 羽田,11多摩川大橋,7,0,-,-
53,東矢口２,環八通り×第二京浜,R4/11,池上,D 羽田,11多摩川大橋,8,0,-,-
53,東矢口２,環八通り×第二京浜,R4/11,池上,D 羽田,11多摩川大橋,9,0,-,-
53,東矢口２,環八通り×第二京浜,R4/11,池上,D 羽田,11多摩川大橋,10,1,-,-
53,東矢口２,環八通り×第二京浜,R4/11,池上,D 羽田,11多摩川大橋,11,0,-,-
53,東矢口２,環八通り×第二京浜,R4/11,池上,D 羽田,11多摩川大橋,12,0,-,-
53,東矢口２,環八通り×第二京浜,R4/11,池上,D 羽田,11多摩川大橋,13,0,-,-
53,東矢口２,環八通り×第二京浜,R4/11,池上,D 羽田,11多摩川大橋,14,0,-,-
53,東矢口２,環八通り×第二京浜,R4/11,池上,D 羽田,11多摩川大橋,15,1,-,-
53,東矢口２,環八通り×第二京浜,R4/11,池上,D 羽田,11多摩川大橋,16,17,-,-
53,東矢口２,環八通り×第二京浜,R4/11,池上,D 羽田,11多摩川大橋,17,0,-,-
53,東矢口２,環八通り×第二京浜,R4/11,池上,D 羽田,11多摩川大橋,18,6,-,-
53,東矢口２,環八通り×第二京浜,R4/11,池上,D 羽田,11多摩川大橋,12時間計,25,-,-
53,東矢口２,環八通り×第二京浜,R4/11,池上,D 羽田,12瀬田,7,25,-,-
53,東矢口２,環八通り×第二京浜,R4/11,池上,D 羽田,12瀬田,8,43,-,-
53,東矢口２,環八通り×第二京浜,R4/11,池上,D 羽田,12瀬田,9,12,-,-
53,東矢口２,環八通り×第二京浜,R4/11,池上,D 羽田,12瀬田,10,6,-,-
53,東矢口２,環八通り×第二京浜,R4/11,池上,D 羽田,12瀬田,11,8,-,-
53,東矢口２,環八通り×第二京浜,R4/11,池上,D 羽田,12瀬田,12,15,-,-
53,東矢口２,環八通り×第二京浜,R4/11,池上,D 羽田,12瀬田,13,9,-,-
53,東矢口２,環八通り×第二京浜,R4/11,池上,D 羽田,12瀬田,14,4,-,-
53,東矢口２,環八通り×第二京浜,R4/11,池上,D 羽田,12瀬田,15,12,-,-
53,東矢口２,環八通り×第二京浜,R4/11,池上,D 羽田,12瀬田,16,14,-,-
53,東矢口２,環八通り×第二京浜,R4/11,池上,D 羽田,12瀬田,17,36,-,-
53,東矢口２,環八通り×第二京浜,R4/11,池上,D 羽田,12瀬田,18,15,-,-
53,東矢口２,環八通り×第二京浜,R4/11,池上,D 羽田,12瀬田,12時間計,199,-,-
53,東矢口２,環八通り×第二京浜,R4/11,池上,D 羽田,13五反田,7,0,-,-
53,東矢口２,環八通り×第二京浜,R4/11,池上,D 羽田,13五反田,8,1,-,-
53,東矢口２,環八通り×第二京浜,R4/11,池上,D 羽田,13五反田,9,0,-,-
53,東矢口２,環八通り×第二京浜,R4/11,池上,D 羽田,13五反田,10,0,-,-
53,東矢口２,環八通り×第二京浜,R4/11,池上,D 羽田,13五反田,11,0,-,-
53,東矢口２,環八通り×第二京浜,R4/11,池上,D 羽田,13五反田,12,0,-,-
53,東矢口２,環八通り×第二京浜,R4/11,池上,D 羽田,13五反田,13,1,-,-
53,東矢口２,環八通り×第二京浜,R4/11,池上,D 羽田,13五反田,14,0,-,-
53,東矢口２,環八通り×第二京浜,R4/11,池上,D 羽田,13五反田,15,0,-,-
53,東矢口２,環八通り×第二京浜,R4/11,池上,D 羽田,13五反田,16,0,-,-
53,東矢口２,環八通り×第二京浜,R4/11,池上,D 羽田,13五反田,17,2,-,-
53,東矢口２,環八通り×第二京浜,R4/11,池上,D 羽田,13五反田,18,0,-,-
53,東矢口２,環八通り×第二京浜,R4/11,池上,D 羽田,13五反田,12時間計,4,-,-
53,東矢口２,環八通り×第二京浜,R4/11,池上,D 羽田,14瀬田,7,0,-,-
53,東矢口２,環八通り×第二京浜,R4/11,池上,D 羽田,14瀬田,8,0,-,-
53,東矢口２,環八通り×第二京浜,R4/11,池上,D 羽田,14瀬田,9,0,-,-
53,東矢口２,環八通り×第二京浜,R4/11,池上,D 羽田,14瀬田,10,0,-,-
53,東矢口２,環八通り×第二京浜,R4/11,池上,D 羽田,14瀬田,11,0,-,-
53,東矢口２,環八通り×第二京浜,R4/11,池上,D 羽田,14瀬田,12,0,-,-
53,東矢口２,環八通り×第二京浜,R4/11,池上,D 羽田,14瀬田,13,0,-,-
53,東矢口２,環八通り×第二京浜,R4/11,池上,D 羽田,14瀬田,14,0,-,-
53,東矢口２,環八通り×第二京浜,R4/11,池上,D 羽田,14瀬田,15,0,-,-
53,東矢口２,環八通り×第二京浜,R4/11,池上,D 羽田,14瀬田,16,0,-,-
53,東矢口２,環八通り×第二京浜,R4/11,池上,D 羽田,14瀬田,17,0,-,-
53,東矢口２,環八通り×第二京浜,R4/11,池上,D 羽田,14瀬田,18,0,-,-
53,東矢口２,環八通り×第二京浜,R4/11,池上,D 羽田,14瀬田,12時間計,0,-,-
53,東矢口２,環八通り×第二京浜,R4/11,池上,D 羽田,流入計,7,25,32,57
53,東矢口２,環八通り×第二京浜,R4/11,池上,D 羽田,流入計,8,44,29,73
53,東矢口２,環八通り×第二京浜,R4/11,池上,D 羽田,流入計,9,12,27,39
53,東矢口２,環八通り×第二京浜,R4/11,池上,D 羽田,流入計,10,7,18,25
53,東矢口２,環八通り×第二京浜,R4/11,池上,D 羽田,流入計,11,8,11,19
53,東矢口２,環八通り×第二京浜,R4/11,池上,D 羽田,流入計,12,15,9,24
53,東矢口２,環八通り×第二京浜,R4/11,池上,D 羽田,流入計,13,10,14,24
53,東矢口２,環八通り×第二京浜,R4/11,池上,D 羽田,流入計,14,4,26,30
53,東矢口２,環八通り×第二京浜,R4/11,池上,D 羽田,流入計,15,13,40,53
53,東矢口２,環八通り×第二京浜,R4/11,池上,D 羽田,流入計,16,31,89,120
53,東矢口２,環八通り×第二京浜,R4/11,池上,D 羽田,流入計,17,38,41,79
53,東矢口２,環八通り×第二京浜,R4/11,池上,D 羽田,流入計,18,21,43,64
53,東矢口２,環八通り×第二京浜,R4/11,池上,D 羽田,流入計,12時間計,228,379,607
53,東矢口２,環八通り×第二京浜,R4/11,池上,全方向計,全方向計,7,81,205,286
53,東矢口２,環八通り×第二京浜,R4/11,池上,全方向計,全方向計,8,116,247,363
53,東矢口２,環八通り×第二京浜,R4/11,池上,全方向計,全方向計,9,41,142,183
53,東矢口２,環八通り×第二京浜,R4/11,池上,全方向計,全方向計,10,30,113,143
53,東矢口２,環八通り×第二京浜,R4/11,池上,全方向計,全方向計,11,33,132,165
53,東矢口２,環八通り×第二京浜,R4/11,池上,全方向計,全方向計,12,41,103,144
53,東矢口２,環八通り×第二京浜,R4/11,池上,全方向計,全方向計,13,35,92,127
53,東矢口２,環八通り×第二京浜,R4/11,池上,全方向計,全方向計,14,36,126,162
53,東矢口２,環八通り×第二京浜,R4/11,池上,全方向計,全方向計,15,39,158,197
53,東矢口２,環八通り×第二京浜,R4/11,池上,全方向計,全方向計,16,61,219,280
53,東矢口２,環八通り×第二京浜,R4/11,池上,全方向計,全方向計,17,82,253,335
53,東矢口２,環八通り×第二京浜,R4/11,池上,全方向計,全方向計,18,73,223,296
53,東矢口２,環八通り×第二京浜,R4/11,池上,全方向計,全方向計,12時間計,668,2013,2681
