﻿地点番号,地点名,交差道路名,調査年月,管轄警察署,流入方向,流出方向,時間帯等,大型乗用,大型貨物,普通乗用,普通貨物,四輪計,二輪車
11,江戸橋１,昭和通り×永代通り,R4/11,中央,A 上野,1.永代橋,7,0,6,55,45,106,10
11,江戸橋１,昭和通り×永代通り,R4/11,中央,A 上野,1.永代橋,8,0,3,58,45,106,20
11,江戸橋１,昭和通り×永代通り,R4/11,中央,A 上野,1.永代橋,9,0,4,68,57,129,10
11,江戸橋１,昭和通り×永代通り,R4/11,中央,A 上野,1.永代橋,10,0,3,77,64,144,13
11,江戸橋１,昭和通り×永代通り,R4/11,中央,A 上野,1.永代橋,11,0,8,71,58,137,8
11,江戸橋１,昭和通り×永代通り,R4/11,中央,A 上野,1.永代橋,12,0,2,73,49,124,9
11,江戸橋１,昭和通り×永代通り,R4/11,中央,A 上野,1.永代橋,13,0,2,94,54,150,10
11,江戸橋１,昭和通り×永代通り,R4/11,中央,A 上野,1.永代橋,14,1,2,79,65,147,12
11,江戸橋１,昭和通り×永代通り,R4/11,中央,A 上野,1.永代橋,15,0,10,80,69,159,8
11,江戸橋１,昭和通り×永代通り,R4/11,中央,A 上野,1.永代橋,16,0,3,85,67,155,6
11,江戸橋１,昭和通り×永代通り,R4/11,中央,A 上野,1.永代橋,17,1,2,96,56,155,6
11,江戸橋１,昭和通り×永代通り,R4/11,中央,A 上野,1.永代橋,18,0,1,85,49,135,5
11,江戸橋１,昭和通り×永代通り,R4/11,中央,A 上野,1.永代橋,12時間計,2,46,921,678,1647,117
11,江戸橋１,昭和通り×永代通り,R4/11,中央,A 上野,2.新橋,7,0,3,49,32,84,39
11,江戸橋１,昭和通り×永代通り,R4/11,中央,A 上野,2.新橋,8,0,4,104,48,156,30
11,江戸橋１,昭和通り×永代通り,R4/11,中央,A 上野,2.新橋,9,0,0,102,43,145,20
11,江戸橋１,昭和通り×永代通り,R4/11,中央,A 上野,2.新橋,10,0,3,124,53,180,23
11,江戸橋１,昭和通り×永代通り,R4/11,中央,A 上野,2.新橋,11,0,3,94,34,131,25
11,江戸橋１,昭和通り×永代通り,R4/11,中央,A 上野,2.新橋,12,0,4,105,31,140,23
11,江戸橋１,昭和通り×永代通り,R4/11,中央,A 上野,2.新橋,13,0,2,114,49,165,28
11,江戸橋１,昭和通り×永代通り,R4/11,中央,A 上野,2.新橋,14,0,0,107,53,160,31
11,江戸橋１,昭和通り×永代通り,R4/11,中央,A 上野,2.新橋,15,0,1,116,44,161,25
11,江戸橋１,昭和通り×永代通り,R4/11,中央,A 上野,2.新橋,16,0,0,108,48,156,27
11,江戸橋１,昭和通り×永代通り,R4/11,中央,A 上野,2.新橋,17,0,4,99,29,132,19
11,江戸橋１,昭和通り×永代通り,R4/11,中央,A 上野,2.新橋,18,0,3,87,13,103,10
11,江戸橋１,昭和通り×永代通り,R4/11,中央,A 上野,2.新橋,12時間計,0,27,1209,477,1713,300
11,江戸橋１,昭和通り×永代通り,R4/11,中央,A 上野,3.呉服橋,7,0,0,36,25,61,3
11,江戸橋１,昭和通り×永代通り,R4/11,中央,A 上野,3.呉服橋,8,1,0,77,37,115,1
11,江戸橋１,昭和通り×永代通り,R4/11,中央,A 上野,3.呉服橋,9,0,1,48,27,76,3
11,江戸橋１,昭和通り×永代通り,R4/11,中央,A 上野,3.呉服橋,10,0,1,58,47,106,2
11,江戸橋１,昭和通り×永代通り,R4/11,中央,A 上野,3.呉服橋,11,0,1,49,28,78,4
11,江戸橋１,昭和通り×永代通り,R4/11,中央,A 上野,3.呉服橋,12,0,0,70,19,89,2
11,江戸橋１,昭和通り×永代通り,R4/11,中央,A 上野,3.呉服橋,13,0,0,76,15,91,2
11,江戸橋１,昭和通り×永代通り,R4/11,中央,A 上野,3.呉服橋,14,1,0,68,22,91,5
11,江戸橋１,昭和通り×永代通り,R4/11,中央,A 上野,3.呉服橋,15,1,2,57,28,88,3
11,江戸橋１,昭和通り×永代通り,R4/11,中央,A 上野,3.呉服橋,16,2,0,57,19,78,3
11,江戸橋１,昭和通り×永代通り,R4/11,中央,A 上野,3.呉服橋,17,0,0,60,11,71,1
11,江戸橋１,昭和通り×永代通り,R4/11,中央,A 上野,3.呉服橋,18,0,1,47,5,53,2
11,江戸橋１,昭和通り×永代通り,R4/11,中央,A 上野,3.呉服橋,12時間計,5,6,703,283,997,31
11,江戸橋１,昭和通り×永代通り,R4/11,中央,A 上野,4.新橋,7,9,67,937,760,1773,203
11,江戸橋１,昭和通り×永代通り,R4/11,中央,A 上野,4.新橋,8,3,53,977,787,1820,137
11,江戸橋１,昭和通り×永代通り,R4/11,中央,A 上野,4.新橋,9,6,52,987,701,1746,127
11,江戸橋１,昭和通り×永代通り,R4/11,中央,A 上野,4.新橋,10,0,60,815,734,1609,92
11,江戸橋１,昭和通り×永代通り,R4/11,中央,A 上野,4.新橋,11,1,57,797,664,1519,85
11,江戸橋１,昭和通り×永代通り,R4/11,中央,A 上野,4.新橋,12,1,54,807,551,1413,67
11,江戸橋１,昭和通り×永代通り,R4/11,中央,A 上野,4.新橋,13,1,66,843,522,1432,74
11,江戸橋１,昭和通り×永代通り,R4/11,中央,A 上野,4.新橋,14,3,50,864,440,1357,63
11,江戸橋１,昭和通り×永代通り,R4/11,中央,A 上野,4.新橋,15,3,38,821,465,1327,77
11,江戸橋１,昭和通り×永代通り,R4/11,中央,A 上野,4.新橋,16,0,17,922,433,1372,87
11,江戸橋１,昭和通り×永代通り,R4/11,中央,A 上野,4.新橋,17,1,16,982,379,1378,86
11,江戸橋１,昭和通り×永代通り,R4/11,中央,A 上野,4.新橋,18,0,18,967,206,1191,84
11,江戸橋１,昭和通り×永代通り,R4/11,中央,A 上野,4.新橋,12時間計,28,548,10719,6642,17937,1182
11,江戸橋１,昭和通り×永代通り,R4/11,中央,A 上野,流入計,7,9,76,1077,862,2024,255
11,江戸橋１,昭和通り×永代通り,R4/11,中央,A 上野,流入計,8,4,60,1216,917,2197,188
11,江戸橋１,昭和通り×永代通り,R4/11,中央,A 上野,流入計,9,6,57,1205,828,2096,160
11,江戸橋１,昭和通り×永代通り,R4/11,中央,A 上野,流入計,10,0,67,1074,898,2039,130
11,江戸橋１,昭和通り×永代通り,R4/11,中央,A 上野,流入計,11,1,69,1011,784,1865,122
11,江戸橋１,昭和通り×永代通り,R4/11,中央,A 上野,流入計,12,1,60,1055,650,1766,101
11,江戸橋１,昭和通り×永代通り,R4/11,中央,A 上野,流入計,13,1,70,1127,640,1838,114
11,江戸橋１,昭和通り×永代通り,R4/11,中央,A 上野,流入計,14,5,52,1118,580,1755,111
11,江戸橋１,昭和通り×永代通り,R4/11,中央,A 上野,流入計,15,4,51,1074,606,1735,113
11,江戸橋１,昭和通り×永代通り,R4/11,中央,A 上野,流入計,16,2,20,1172,567,1761,123
11,江戸橋１,昭和通り×永代通り,R4/11,中央,A 上野,流入計,17,2,22,1237,475,1736,112
11,江戸橋１,昭和通り×永代通り,R4/11,中央,A 上野,流入計,18,0,23,1186,273,1482,101
11,江戸橋１,昭和通り×永代通り,R4/11,中央,A 上野,流入計,12時間計,35,627,13552,8080,22294,1630
11,江戸橋１,昭和通り×永代通り,R4/11,中央,B 呉服橋,5.上野,7,0,0,10,6,16,1
11,江戸橋１,昭和通り×永代通り,R4/11,中央,B 呉服橋,5.上野,8,0,4,28,13,45,0
11,江戸橋１,昭和通り×永代通り,R4/11,中央,B 呉服橋,5.上野,9,0,1,35,12,48,3
11,江戸橋１,昭和通り×永代通り,R4/11,中央,B 呉服橋,5.上野,10,0,0,34,13,47,0
11,江戸橋１,昭和通り×永代通り,R4/11,中央,B 呉服橋,5.上野,11,0,2,27,8,37,2
11,江戸橋１,昭和通り×永代通り,R4/11,中央,B 呉服橋,5.上野,12,0,0,30,13,43,0
11,江戸橋１,昭和通り×永代通り,R4/11,中央,B 呉服橋,5.上野,13,0,0,30,13,43,3
11,江戸橋１,昭和通り×永代通り,R4/11,中央,B 呉服橋,5.上野,14,0,0,34,12,46,1
11,江戸橋１,昭和通り×永代通り,R4/11,中央,B 呉服橋,5.上野,15,0,1,54,9,64,0
11,江戸橋１,昭和通り×永代通り,R4/11,中央,B 呉服橋,5.上野,16,0,0,49,8,57,0
11,江戸橋１,昭和通り×永代通り,R4/11,中央,B 呉服橋,5.上野,17,1,0,44,11,56,2
11,江戸橋１,昭和通り×永代通り,R4/11,中央,B 呉服橋,5.上野,18,0,0,40,6,46,0
11,江戸橋１,昭和通り×永代通り,R4/11,中央,B 呉服橋,5.上野,12時間計,1,8,415,124,548,12
11,江戸橋１,昭和通り×永代通り,R4/11,中央,B 呉服橋,6.永代橋,7,24,26,400,167,617,35
11,江戸橋１,昭和通り×永代通り,R4/11,中央,B 呉服橋,6.永代橋,8,26,20,450,239,735,39
11,江戸橋１,昭和通り×永代通り,R4/11,中央,B 呉服橋,6.永代橋,9,25,14,350,242,631,30
11,江戸橋１,昭和通り×永代通り,R4/11,中央,B 呉服橋,6.永代橋,10,31,21,359,279,690,17
11,江戸橋１,昭和通り×永代通り,R4/11,中央,B 呉服橋,6.永代橋,11,26,22,447,282,777,17
11,江戸橋１,昭和通り×永代通り,R4/11,中央,B 呉服橋,6.永代橋,12,23,21,413,201,658,28
11,江戸橋１,昭和通り×永代通り,R4/11,中央,B 呉服橋,6.永代橋,13,25,17,409,220,671,24
11,江戸橋１,昭和通り×永代通り,R4/11,中央,B 呉服橋,6.永代橋,14,20,19,492,230,761,15
11,江戸橋１,昭和通り×永代通り,R4/11,中央,B 呉服橋,6.永代橋,15,27,13,470,250,760,25
11,江戸橋１,昭和通り×永代通り,R4/11,中央,B 呉服橋,6.永代橋,16,30,16,507,244,797,20
11,江戸橋１,昭和通り×永代通り,R4/11,中央,B 呉服橋,6.永代橋,17,21,10,473,246,750,28
11,江戸橋１,昭和通り×永代通り,R4/11,中央,B 呉服橋,6.永代橋,18,29,3,510,179,721,29
11,江戸橋１,昭和通り×永代通り,R4/11,中央,B 呉服橋,6.永代橋,12時間計,307,202,5280,2779,8568,307
11,江戸橋１,昭和通り×永代通り,R4/11,中央,B 呉服橋,7.新橋,7,1,4,53,25,83,2
11,江戸橋１,昭和通り×永代通り,R4/11,中央,B 呉服橋,7.新橋,8,3,3,74,44,124,1
11,江戸橋１,昭和通り×永代通り,R4/11,中央,B 呉服橋,7.新橋,9,0,3,93,43,139,0
11,江戸橋１,昭和通り×永代通り,R4/11,中央,B 呉服橋,7.新橋,10,0,3,120,41,164,3
11,江戸橋１,昭和通り×永代通り,R4/11,中央,B 呉服橋,7.新橋,11,0,5,96,45,146,1
11,江戸橋１,昭和通り×永代通り,R4/11,中央,B 呉服橋,7.新橋,12,0,3,114,26,143,4
11,江戸橋１,昭和通り×永代通り,R4/11,中央,B 呉服橋,7.新橋,13,0,2,91,27,120,2
11,江戸橋１,昭和通り×永代通り,R4/11,中央,B 呉服橋,7.新橋,14,0,2,109,37,148,4
11,江戸橋１,昭和通り×永代通り,R4/11,中央,B 呉服橋,7.新橋,15,0,1,107,29,137,2
11,江戸橋１,昭和通り×永代通り,R4/11,中央,B 呉服橋,7.新橋,16,1,2,123,34,160,3
11,江戸橋１,昭和通り×永代通り,R4/11,中央,B 呉服橋,7.新橋,17,1,5,90,18,114,8
11,江戸橋１,昭和通り×永代通り,R4/11,中央,B 呉服橋,7.新橋,18,0,2,130,20,152,1
11,江戸橋１,昭和通り×永代通り,R4/11,中央,B 呉服橋,7.新橋,12時間計,6,35,1200,389,1630,31
11,江戸橋１,昭和通り×永代通り,R4/11,中央,B 呉服橋,流入計,7,25,30,463,198,716,38
11,江戸橋１,昭和通り×永代通り,R4/11,中央,B 呉服橋,流入計,8,29,27,552,296,904,40
11,江戸橋１,昭和通り×永代通り,R4/11,中央,B 呉服橋,流入計,9,25,18,478,297,818,33
11,江戸橋１,昭和通り×永代通り,R4/11,中央,B 呉服橋,流入計,10,31,24,513,333,901,20
11,江戸橋１,昭和通り×永代通り,R4/11,中央,B 呉服橋,流入計,11,26,29,570,335,960,20
11,江戸橋１,昭和通り×永代通り,R4/11,中央,B 呉服橋,流入計,12,23,24,557,240,844,32
11,江戸橋１,昭和通り×永代通り,R4/11,中央,B 呉服橋,流入計,13,25,19,530,260,834,29
11,江戸橋１,昭和通り×永代通り,R4/11,中央,B 呉服橋,流入計,14,20,21,635,279,955,20
11,江戸橋１,昭和通り×永代通り,R4/11,中央,B 呉服橋,流入計,15,27,15,631,288,961,27
11,江戸橋１,昭和通り×永代通り,R4/11,中央,B 呉服橋,流入計,16,31,18,679,286,1014,23
11,江戸橋１,昭和通り×永代通り,R4/11,中央,B 呉服橋,流入計,17,23,15,607,275,920,38
11,江戸橋１,昭和通り×永代通り,R4/11,中央,B 呉服橋,流入計,18,29,5,680,205,919,30
11,江戸橋１,昭和通り×永代通り,R4/11,中央,B 呉服橋,流入計,12時間計,314,245,6895,3292,10746,350
11,江戸橋１,昭和通り×永代通り,R4/11,中央,C 新橋,8.呉服橋,7,5,0,56,18,79,1
11,江戸橋１,昭和通り×永代通り,R4/11,中央,C 新橋,8.呉服橋,8,6,1,83,51,141,1
11,江戸橋１,昭和通り×永代通り,R4/11,中央,C 新橋,8.呉服橋,9,2,3,50,27,82,1
11,江戸橋１,昭和通り×永代通り,R4/11,中央,C 新橋,8.呉服橋,10,3,0,79,32,114,3
11,江戸橋１,昭和通り×永代通り,R4/11,中央,C 新橋,8.呉服橋,11,3,0,88,46,137,4
11,江戸橋１,昭和通り×永代通り,R4/11,中央,C 新橋,8.呉服橋,12,0,2,103,27,132,1
11,江戸橋１,昭和通り×永代通り,R4/11,中央,C 新橋,8.呉服橋,13,3,1,107,34,145,2
11,江戸橋１,昭和通り×永代通り,R4/11,中央,C 新橋,8.呉服橋,14,3,1,116,35,155,1
11,江戸橋１,昭和通り×永代通り,R4/11,中央,C 新橋,8.呉服橋,15,1,0,100,25,126,1
11,江戸橋１,昭和通り×永代通り,R4/11,中央,C 新橋,8.呉服橋,16,4,0,98,20,122,2
11,江戸橋１,昭和通り×永代通り,R4/11,中央,C 新橋,8.呉服橋,17,1,0,101,21,123,4
11,江戸橋１,昭和通り×永代通り,R4/11,中央,C 新橋,8.呉服橋,18,4,0,111,10,125,2
11,江戸橋１,昭和通り×永代通り,R4/11,中央,C 新橋,8.呉服橋,12時間計,35,8,1092,346,1481,23
11,江戸橋１,昭和通り×永代通り,R4/11,中央,C 新橋,9.上野,7,1,9,24,28,62,7
11,江戸橋１,昭和通り×永代通り,R4/11,中央,C 新橋,9.上野,8,1,5,65,24,95,9
11,江戸橋１,昭和通り×永代通り,R4/11,中央,C 新橋,9.上野,9,0,6,89,58,153,28
11,江戸橋１,昭和通り×永代通り,R4/11,中央,C 新橋,9.上野,10,0,3,116,47,166,31
11,江戸橋１,昭和通り×永代通り,R4/11,中央,C 新橋,9.上野,11,0,2,106,67,175,20
11,江戸橋１,昭和通り×永代通り,R4/11,中央,C 新橋,9.上野,12,1,1,100,78,180,21
11,江戸橋１,昭和通り×永代通り,R4/11,中央,C 新橋,9.上野,13,0,4,135,58,197,21
11,江戸橋１,昭和通り×永代通り,R4/11,中央,C 新橋,9.上野,14,1,5,137,68,211,28
11,江戸橋１,昭和通り×永代通り,R4/11,中央,C 新橋,9.上野,15,0,5,186,27,218,30
11,江戸橋１,昭和通り×永代通り,R4/11,中央,C 新橋,9.上野,16,0,1,197,16,214,28
11,江戸橋１,昭和通り×永代通り,R4/11,中央,C 新橋,9.上野,17,0,3,174,57,234,64
11,江戸橋１,昭和通り×永代通り,R4/11,中央,C 新橋,9.上野,18,1,6,137,38,182,42
11,江戸橋１,昭和通り×永代通り,R4/11,中央,C 新橋,9.上野,12時間計,5,50,1466,566,2087,329
11,江戸橋１,昭和通り×永代通り,R4/11,中央,C 新橋,10.永代橋,7,3,6,84,51,144,7
11,江戸橋１,昭和通り×永代通り,R4/11,中央,C 新橋,10.永代橋,8,0,1,151,56,208,7
11,江戸橋１,昭和通り×永代通り,R4/11,中央,C 新橋,10.永代橋,9,2,2,99,75,178,4
11,江戸橋１,昭和通り×永代通り,R4/11,中央,C 新橋,10.永代橋,10,2,4,140,87,233,4
11,江戸橋１,昭和通り×永代通り,R4/11,中央,C 新橋,10.永代橋,11,0,2,126,99,227,1
11,江戸橋１,昭和通り×永代通り,R4/11,中央,C 新橋,10.永代橋,12,0,0,128,60,188,8
11,江戸橋１,昭和通り×永代通り,R4/11,中央,C 新橋,10.永代橋,13,0,0,135,71,206,5
11,江戸橋１,昭和通り×永代通り,R4/11,中央,C 新橋,10.永代橋,14,0,2,173,74,249,11
11,江戸橋１,昭和通り×永代通り,R4/11,中央,C 新橋,10.永代橋,15,1,5,184,81,271,7
11,江戸橋１,昭和通り×永代通り,R4/11,中央,C 新橋,10.永代橋,16,1,1,200,87,289,13
11,江戸橋１,昭和通り×永代通り,R4/11,中央,C 新橋,10.永代橋,17,2,1,169,52,224,8
11,江戸橋１,昭和通り×永代通り,R4/11,中央,C 新橋,10.永代橋,18,2,0,146,46,194,7
11,江戸橋１,昭和通り×永代通り,R4/11,中央,C 新橋,10.永代橋,12時間計,13,24,1735,839,2611,82
11,江戸橋１,昭和通り×永代通り,R4/11,中央,C 新橋,11.上野,7,1,59,584,421,1065,79
11,江戸橋１,昭和通り×永代通り,R4/11,中央,C 新橋,11.上野,8,2,41,703,547,1293,73
11,江戸橋１,昭和通り×永代通り,R4/11,中央,C 新橋,11.上野,9,1,52,724,606,1383,80
11,江戸橋１,昭和通り×永代通り,R4/11,中央,C 新橋,11.上野,10,2,64,754,590,1410,73
11,江戸橋１,昭和通り×永代通り,R4/11,中央,C 新橋,11.上野,11,2,85,770,638,1495,65
11,江戸橋１,昭和通り×永代通り,R4/11,中央,C 新橋,11.上野,12,1,42,725,571,1339,64
11,江戸橋１,昭和通り×永代通り,R4/11,中央,C 新橋,11.上野,13,1,34,660,591,1286,74
11,江戸橋１,昭和通り×永代通り,R4/11,中央,C 新橋,11.上野,14,0,44,789,582,1415,63
11,江戸橋１,昭和通り×永代通り,R4/11,中央,C 新橋,11.上野,15,1,47,800,561,1409,89
11,江戸橋１,昭和通り×永代通り,R4/11,中央,C 新橋,11.上野,16,2,57,1039,407,1505,97
11,江戸橋１,昭和通り×永代通り,R4/11,中央,C 新橋,11.上野,17,4,37,1051,415,1507,131
11,江戸橋１,昭和通り×永代通り,R4/11,中央,C 新橋,11.上野,18,1,34,939,375,1349,125
11,江戸橋１,昭和通り×永代通り,R4/11,中央,C 新橋,11.上野,12時間計,18,596,9538,6304,16456,1013
11,江戸橋１,昭和通り×永代通り,R4/11,中央,C 新橋,流入計,7,10,74,748,518,1350,94
11,江戸橋１,昭和通り×永代通り,R4/11,中央,C 新橋,流入計,8,9,48,1002,678,1737,90
11,江戸橋１,昭和通り×永代通り,R4/11,中央,C 新橋,流入計,9,5,63,962,766,1796,113
11,江戸橋１,昭和通り×永代通り,R4/11,中央,C 新橋,流入計,10,7,71,1089,756,1923,111
11,江戸橋１,昭和通り×永代通り,R4/11,中央,C 新橋,流入計,11,5,89,1090,850,2034,90
11,江戸橋１,昭和通り×永代通り,R4/11,中央,C 新橋,流入計,12,2,45,1056,736,1839,94
11,江戸橋１,昭和通り×永代通り,R4/11,中央,C 新橋,流入計,13,4,39,1037,754,1834,102
11,江戸橋１,昭和通り×永代通り,R4/11,中央,C 新橋,流入計,14,4,52,1215,759,2030,103
11,江戸橋１,昭和通り×永代通り,R4/11,中央,C 新橋,流入計,15,3,57,1270,694,2024,127
11,江戸橋１,昭和通り×永代通り,R4/11,中央,C 新橋,流入計,16,7,59,1534,530,2130,140
11,江戸橋１,昭和通り×永代通り,R4/11,中央,C 新橋,流入計,17,7,41,1495,545,2088,207
11,江戸橋１,昭和通り×永代通り,R4/11,中央,C 新橋,流入計,18,8,40,1333,469,1850,176
11,江戸橋１,昭和通り×永代通り,R4/11,中央,C 新橋,流入計,12時間計,71,678,13831,8055,22635,1447
11,江戸橋１,昭和通り×永代通り,R4/11,中央,D 永代橋,12.新橋,7,0,2,60,30,92,5
11,江戸橋１,昭和通り×永代通り,R4/11,中央,D 永代橋,12.新橋,8,1,0,84,47,132,2
11,江戸橋１,昭和通り×永代通り,R4/11,中央,D 永代橋,12.新橋,9,1,3,63,57,124,2
11,江戸橋１,昭和通り×永代通り,R4/11,中央,D 永代橋,12.新橋,10,0,2,83,47,132,2
11,江戸橋１,昭和通り×永代通り,R4/11,中央,D 永代橋,12.新橋,11,2,4,85,29,120,3
11,江戸橋１,昭和通り×永代通り,R4/11,中央,D 永代橋,12.新橋,12,0,2,75,43,120,6
11,江戸橋１,昭和通り×永代通り,R4/11,中央,D 永代橋,12.新橋,13,0,0,88,40,128,3
11,江戸橋１,昭和通り×永代通り,R4/11,中央,D 永代橋,12.新橋,14,0,1,81,48,130,4
11,江戸橋１,昭和通り×永代通り,R4/11,中央,D 永代橋,12.新橋,15,0,0,91,29,120,4
11,江戸橋１,昭和通り×永代通り,R4/11,中央,D 永代橋,12.新橋,16,0,0,90,40,130,6
11,江戸橋１,昭和通り×永代通り,R4/11,中央,D 永代橋,12.新橋,17,0,3,85,29,117,5
11,江戸橋１,昭和通り×永代通り,R4/11,中央,D 永代橋,12.新橋,18,0,1,101,14,116,4
11,江戸橋１,昭和通り×永代通り,R4/11,中央,D 永代橋,12.新橋,12時間計,4,18,986,453,1461,46
11,江戸橋１,昭和通り×永代通り,R4/11,中央,D 永代橋,13.呉服橋,7,19,17,391,236,663,21
11,江戸橋１,昭和通り×永代通り,R4/11,中央,D 永代橋,13.呉服橋,8,35,32,511,486,1064,31
11,江戸橋１,昭和通り×永代通り,R4/11,中央,D 永代橋,13.呉服橋,9,21,20,219,222,482,22
11,江戸橋１,昭和通り×永代通り,R4/11,中央,D 永代橋,13.呉服橋,10,28,27,430,289,774,26
11,江戸橋１,昭和通り×永代通り,R4/11,中央,D 永代橋,13.呉服橋,11,30,26,376,259,691,24
11,江戸橋１,昭和通り×永代通り,R4/11,中央,D 永代橋,13.呉服橋,12,29,21,441,211,702,33
11,江戸橋１,昭和通り×永代通り,R4/11,中央,D 永代橋,13.呉服橋,13,27,25,489,197,738,23
11,江戸橋１,昭和通り×永代通り,R4/11,中央,D 永代橋,13.呉服橋,14,27,28,458,271,784,28
11,江戸橋１,昭和通り×永代通り,R4/11,中央,D 永代橋,13.呉服橋,15,22,19,386,223,650,26
11,江戸橋１,昭和通り×永代通り,R4/11,中央,D 永代橋,13.呉服橋,16,23,7,470,194,694,29
11,江戸橋１,昭和通り×永代通り,R4/11,中央,D 永代橋,13.呉服橋,17,32,2,488,166,688,42
11,江戸橋１,昭和通り×永代通り,R4/11,中央,D 永代橋,13.呉服橋,18,30,3,487,29,549,28
11,江戸橋１,昭和通り×永代通り,R4/11,中央,D 永代橋,13.呉服橋,12時間計,323,227,5146,2783,8479,333
11,江戸橋１,昭和通り×永代通り,R4/11,中央,D 永代橋,14.上野,7,0,3,49,47,99,0
11,江戸橋１,昭和通り×永代通り,R4/11,中央,D 永代橋,14.上野,8,1,3,79,55,138,5
11,江戸橋１,昭和通り×永代通り,R4/11,中央,D 永代橋,14.上野,9,1,4,88,52,145,4
11,江戸橋１,昭和通り×永代通り,R4/11,中央,D 永代橋,14.上野,10,0,6,99,57,162,9
11,江戸橋１,昭和通り×永代通り,R4/11,中央,D 永代橋,14.上野,11,1,8,79,61,149,8
11,江戸橋１,昭和通り×永代通り,R4/11,中央,D 永代橋,14.上野,12,0,6,68,48,122,9
11,江戸橋１,昭和通り×永代通り,R4/11,中央,D 永代橋,14.上野,13,0,3,70,58,131,12
11,江戸橋１,昭和通り×永代通り,R4/11,中央,D 永代橋,14.上野,14,1,4,80,62,147,8
11,江戸橋１,昭和通り×永代通り,R4/11,中央,D 永代橋,14.上野,15,0,5,96,49,150,5
11,江戸橋１,昭和通り×永代通り,R4/11,中央,D 永代橋,14.上野,16,0,0,110,48,158,5
11,江戸橋１,昭和通り×永代通り,R4/11,中央,D 永代橋,14.上野,17,0,2,97,55,154,17
11,江戸橋１,昭和通り×永代通り,R4/11,中央,D 永代橋,14.上野,18,0,3,53,39,95,19
11,江戸橋１,昭和通り×永代通り,R4/11,中央,D 永代橋,14.上野,12時間計,4,47,968,631,1650,101
11,江戸橋１,昭和通り×永代通り,R4/11,中央,D 永代橋,流入計,7,19,22,500,313,854,26
11,江戸橋１,昭和通り×永代通り,R4/11,中央,D 永代橋,流入計,8,37,35,674,588,1334,38
11,江戸橋１,昭和通り×永代通り,R4/11,中央,D 永代橋,流入計,9,23,27,370,331,751,28
11,江戸橋１,昭和通り×永代通り,R4/11,中央,D 永代橋,流入計,10,28,35,612,393,1068,37
11,江戸橋１,昭和通り×永代通り,R4/11,中央,D 永代橋,流入計,11,33,38,540,349,960,35
11,江戸橋１,昭和通り×永代通り,R4/11,中央,D 永代橋,流入計,12,29,29,584,302,944,48
11,江戸橋１,昭和通り×永代通り,R4/11,中央,D 永代橋,流入計,13,27,28,647,295,997,38
11,江戸橋１,昭和通り×永代通り,R4/11,中央,D 永代橋,流入計,14,28,33,619,381,1061,40
11,江戸橋１,昭和通り×永代通り,R4/11,中央,D 永代橋,流入計,15,22,24,573,301,920,35
11,江戸橋１,昭和通り×永代通り,R4/11,中央,D 永代橋,流入計,16,23,7,670,282,982,40
11,江戸橋１,昭和通り×永代通り,R4/11,中央,D 永代橋,流入計,17,32,7,670,250,959,64
11,江戸橋１,昭和通り×永代通り,R4/11,中央,D 永代橋,流入計,18,30,7,641,82,760,51
11,江戸橋１,昭和通り×永代通り,R4/11,中央,D 永代橋,流入計,12時間計,331,292,7100,3867,11590,480
