﻿地点番号,地点名,交差道路名,調査年月,管轄警察署,流入方向,流出方向,時間帯等,大型乗用,大型貨物,普通乗用,普通貨物,四輪計,二輪車
331,乞田新大橋,鎌倉街道×多摩ニュータウン通り,R4/10,多摩中央,A 野猿街道,1.関戸橋,7,0,0,5,0,5,0
331,乞田新大橋,鎌倉街道×多摩ニュータウン通り,R4/10,多摩中央,A 野猿街道,1.関戸橋,8,0,1,7,4,12,2
331,乞田新大橋,鎌倉街道×多摩ニュータウン通り,R4/10,多摩中央,A 野猿街道,1.関戸橋,9,0,0,10,5,15,0
331,乞田新大橋,鎌倉街道×多摩ニュータウン通り,R4/10,多摩中央,A 野猿街道,1.関戸橋,10,1,0,13,4,18,2
331,乞田新大橋,鎌倉街道×多摩ニュータウン通り,R4/10,多摩中央,A 野猿街道,1.関戸橋,11,0,1,18,6,25,1
331,乞田新大橋,鎌倉街道×多摩ニュータウン通り,R4/10,多摩中央,A 野猿街道,1.関戸橋,12,0,0,12,5,17,1
331,乞田新大橋,鎌倉街道×多摩ニュータウン通り,R4/10,多摩中央,A 野猿街道,1.関戸橋,13,0,0,10,4,14,1
331,乞田新大橋,鎌倉街道×多摩ニュータウン通り,R4/10,多摩中央,A 野猿街道,1.関戸橋,14,0,0,16,4,20,0
331,乞田新大橋,鎌倉街道×多摩ニュータウン通り,R4/10,多摩中央,A 野猿街道,1.関戸橋,15,0,0,14,4,18,0
331,乞田新大橋,鎌倉街道×多摩ニュータウン通り,R4/10,多摩中央,A 野猿街道,1.関戸橋,16,0,0,19,6,25,2
331,乞田新大橋,鎌倉街道×多摩ニュータウン通り,R4/10,多摩中央,A 野猿街道,1.関戸橋,17,0,0,22,5,27,2
331,乞田新大橋,鎌倉街道×多摩ニュータウン通り,R4/10,多摩中央,A 野猿街道,1.関戸橋,18,0,0,29,4,33,3
331,乞田新大橋,鎌倉街道×多摩ニュータウン通り,R4/10,多摩中央,A 野猿街道,1.関戸橋,12時間計,1,2,175,51,229,14
331,乞田新大橋,鎌倉街道×多摩ニュータウン通り,R4/10,多摩中央,A 野猿街道,2.町田市,7,5,5,185,100,295,23
331,乞田新大橋,鎌倉街道×多摩ニュータウン通り,R4/10,多摩中央,A 野猿街道,2.町田市,8,6,7,233,76,322,29
331,乞田新大橋,鎌倉街道×多摩ニュータウン通り,R4/10,多摩中央,A 野猿街道,2.町田市,9,5,11,175,74,265,15
331,乞田新大橋,鎌倉街道×多摩ニュータウン通り,R4/10,多摩中央,A 野猿街道,2.町田市,10,3,9,170,65,247,14
331,乞田新大橋,鎌倉街道×多摩ニュータウン通り,R4/10,多摩中央,A 野猿街道,2.町田市,11,2,7,163,66,238,8
331,乞田新大橋,鎌倉街道×多摩ニュータウン通り,R4/10,多摩中央,A 野猿街道,2.町田市,12,3,9,164,52,228,17
331,乞田新大橋,鎌倉街道×多摩ニュータウン通り,R4/10,多摩中央,A 野猿街道,2.町田市,13,4,4,146,68,222,26
331,乞田新大橋,鎌倉街道×多摩ニュータウン通り,R4/10,多摩中央,A 野猿街道,2.町田市,14,3,5,164,56,228,22
331,乞田新大橋,鎌倉街道×多摩ニュータウン通り,R4/10,多摩中央,A 野猿街道,2.町田市,15,2,9,202,76,289,22
331,乞田新大橋,鎌倉街道×多摩ニュータウン通り,R4/10,多摩中央,A 野猿街道,2.町田市,16,1,5,215,67,288,25
331,乞田新大橋,鎌倉街道×多摩ニュータウン通り,R4/10,多摩中央,A 野猿街道,2.町田市,17,1,2,246,67,316,23
331,乞田新大橋,鎌倉街道×多摩ニュータウン通り,R4/10,多摩中央,A 野猿街道,2.町田市,18,1,5,210,85,301,22
331,乞田新大橋,鎌倉街道×多摩ニュータウン通り,R4/10,多摩中央,A 野猿街道,2.町田市,12時間計,36,78,2273,852,3239,246
331,乞田新大橋,鎌倉街道×多摩ニュータウン通り,R4/10,多摩中央,A 野猿街道,3.南大沢,7,1,0,36,14,51,3
331,乞田新大橋,鎌倉街道×多摩ニュータウン通り,R4/10,多摩中央,A 野猿街道,3.南大沢,8,2,2,57,23,84,1
331,乞田新大橋,鎌倉街道×多摩ニュータウン通り,R4/10,多摩中央,A 野猿街道,3.南大沢,9,2,1,50,18,71,0
331,乞田新大橋,鎌倉街道×多摩ニュータウン通り,R4/10,多摩中央,A 野猿街道,3.南大沢,10,2,0,58,32,92,1
331,乞田新大橋,鎌倉街道×多摩ニュータウン通り,R4/10,多摩中央,A 野猿街道,3.南大沢,11,2,0,78,27,107,1
331,乞田新大橋,鎌倉街道×多摩ニュータウン通り,R4/10,多摩中央,A 野猿街道,3.南大沢,12,2,0,74,17,93,2
331,乞田新大橋,鎌倉街道×多摩ニュータウン通り,R4/10,多摩中央,A 野猿街道,3.南大沢,13,2,0,78,16,96,7
331,乞田新大橋,鎌倉街道×多摩ニュータウン通り,R4/10,多摩中央,A 野猿街道,3.南大沢,14,2,0,85,26,113,1
331,乞田新大橋,鎌倉街道×多摩ニュータウン通り,R4/10,多摩中央,A 野猿街道,3.南大沢,15,2,0,81,16,99,0
331,乞田新大橋,鎌倉街道×多摩ニュータウン通り,R4/10,多摩中央,A 野猿街道,3.南大沢,16,3,1,60,15,79,5
331,乞田新大橋,鎌倉街道×多摩ニュータウン通り,R4/10,多摩中央,A 野猿街道,3.南大沢,17,3,0,113,10,126,7
331,乞田新大橋,鎌倉街道×多摩ニュータウン通り,R4/10,多摩中央,A 野猿街道,3.南大沢,18,3,0,83,19,105,3
331,乞田新大橋,鎌倉街道×多摩ニュータウン通り,R4/10,多摩中央,A 野猿街道,3.南大沢,12時間計,26,4,853,233,1116,31
331,乞田新大橋,鎌倉街道×多摩ニュータウン通り,R4/10,多摩中央,A 野猿街道,流入計,7,6,5,226,114,351,26
331,乞田新大橋,鎌倉街道×多摩ニュータウン通り,R4/10,多摩中央,A 野猿街道,流入計,8,8,10,297,103,418,32
331,乞田新大橋,鎌倉街道×多摩ニュータウン通り,R4/10,多摩中央,A 野猿街道,流入計,9,7,12,235,97,351,15
331,乞田新大橋,鎌倉街道×多摩ニュータウン通り,R4/10,多摩中央,A 野猿街道,流入計,10,6,9,241,101,357,17
331,乞田新大橋,鎌倉街道×多摩ニュータウン通り,R4/10,多摩中央,A 野猿街道,流入計,11,4,8,259,99,370,10
331,乞田新大橋,鎌倉街道×多摩ニュータウン通り,R4/10,多摩中央,A 野猿街道,流入計,12,5,9,250,74,338,20
331,乞田新大橋,鎌倉街道×多摩ニュータウン通り,R4/10,多摩中央,A 野猿街道,流入計,13,6,4,234,88,332,34
331,乞田新大橋,鎌倉街道×多摩ニュータウン通り,R4/10,多摩中央,A 野猿街道,流入計,14,5,5,265,86,361,23
331,乞田新大橋,鎌倉街道×多摩ニュータウン通り,R4/10,多摩中央,A 野猿街道,流入計,15,4,9,297,96,406,22
331,乞田新大橋,鎌倉街道×多摩ニュータウン通り,R4/10,多摩中央,A 野猿街道,流入計,16,4,6,294,88,392,32
331,乞田新大橋,鎌倉街道×多摩ニュータウン通り,R4/10,多摩中央,A 野猿街道,流入計,17,4,2,381,82,469,32
331,乞田新大橋,鎌倉街道×多摩ニュータウン通り,R4/10,多摩中央,A 野猿街道,流入計,18,4,5,322,108,439,28
331,乞田新大橋,鎌倉街道×多摩ニュータウン通り,R4/10,多摩中央,A 野猿街道,流入計,12時間計,63,84,3301,1136,4584,291
331,乞田新大橋,鎌倉街道×多摩ニュータウン通り,R4/10,多摩中央,B 南大沢,4.野猿街道,7,4,1,31,13,49,3
331,乞田新大橋,鎌倉街道×多摩ニュータウン通り,R4/10,多摩中央,B 南大沢,4.野猿街道,8,3,1,59,20,83,2
331,乞田新大橋,鎌倉街道×多摩ニュータウン通り,R4/10,多摩中央,B 南大沢,4.野猿街道,9,3,1,54,28,86,3
331,乞田新大橋,鎌倉街道×多摩ニュータウン通り,R4/10,多摩中央,B 南大沢,4.野猿街道,10,3,2,68,27,100,5
331,乞田新大橋,鎌倉街道×多摩ニュータウン通り,R4/10,多摩中央,B 南大沢,4.野猿街道,11,3,2,57,38,100,5
331,乞田新大橋,鎌倉街道×多摩ニュータウン通り,R4/10,多摩中央,B 南大沢,4.野猿街道,12,2,0,65,20,87,4
331,乞田新大橋,鎌倉街道×多摩ニュータウン通り,R4/10,多摩中央,B 南大沢,4.野猿街道,13,2,1,65,20,88,3
331,乞田新大橋,鎌倉街道×多摩ニュータウン通り,R4/10,多摩中央,B 南大沢,4.野猿街道,14,3,0,65,25,93,2
331,乞田新大橋,鎌倉街道×多摩ニュータウン通り,R4/10,多摩中央,B 南大沢,4.野猿街道,15,3,0,66,20,89,10
331,乞田新大橋,鎌倉街道×多摩ニュータウン通り,R4/10,多摩中央,B 南大沢,4.野猿街道,16,3,1,67,26,97,5
331,乞田新大橋,鎌倉街道×多摩ニュータウン通り,R4/10,多摩中央,B 南大沢,4.野猿街道,17,2,0,56,19,77,4
331,乞田新大橋,鎌倉街道×多摩ニュータウン通り,R4/10,多摩中央,B 南大沢,4.野猿街道,18,3,0,48,6,57,4
331,乞田新大橋,鎌倉街道×多摩ニュータウン通り,R4/10,多摩中央,B 南大沢,4.野猿街道,12時間計,34,9,701,262,1006,50
331,乞田新大橋,鎌倉街道×多摩ニュータウン通り,R4/10,多摩中央,B 南大沢,5.関戸橋,7,17,13,476,277,783,70
331,乞田新大橋,鎌倉街道×多摩ニュータウン通り,R4/10,多摩中央,B 南大沢,5.関戸橋,8,18,12,495,173,698,42
331,乞田新大橋,鎌倉街道×多摩ニュータウン通り,R4/10,多摩中央,B 南大沢,5.関戸橋,9,9,14,381,163,567,20
331,乞田新大橋,鎌倉街道×多摩ニュータウン通り,R4/10,多摩中央,B 南大沢,5.関戸橋,10,12,7,344,197,560,46
331,乞田新大橋,鎌倉街道×多摩ニュータウン通り,R4/10,多摩中央,B 南大沢,5.関戸橋,11,6,3,308,127,444,99
331,乞田新大橋,鎌倉街道×多摩ニュータウン通り,R4/10,多摩中央,B 南大沢,5.関戸橋,12,4,4,450,110,568,28
331,乞田新大橋,鎌倉街道×多摩ニュータウン通り,R4/10,多摩中央,B 南大沢,5.関戸橋,13,6,7,392,149,554,33
331,乞田新大橋,鎌倉街道×多摩ニュータウン通り,R4/10,多摩中央,B 南大沢,5.関戸橋,14,7,3,422,147,579,33
331,乞田新大橋,鎌倉街道×多摩ニュータウン通り,R4/10,多摩中央,B 南大沢,5.関戸橋,15,6,3,421,143,573,43
331,乞田新大橋,鎌倉街道×多摩ニュータウン通り,R4/10,多摩中央,B 南大沢,5.関戸橋,16,9,7,475,147,638,46
331,乞田新大橋,鎌倉街道×多摩ニュータウン通り,R4/10,多摩中央,B 南大沢,5.関戸橋,17,9,3,494,160,666,43
331,乞田新大橋,鎌倉街道×多摩ニュータウン通り,R4/10,多摩中央,B 南大沢,5.関戸橋,18,10,1,500,109,620,51
331,乞田新大橋,鎌倉街道×多摩ニュータウン通り,R4/10,多摩中央,B 南大沢,5.関戸橋,12時間計,113,77,5158,1902,7250,554
331,乞田新大橋,鎌倉街道×多摩ニュータウン通り,R4/10,多摩中央,B 南大沢,6.町田市,7,0,0,27,9,36,3
331,乞田新大橋,鎌倉街道×多摩ニュータウン通り,R4/10,多摩中央,B 南大沢,6.町田市,8,0,0,39,11,50,3
331,乞田新大橋,鎌倉街道×多摩ニュータウン通り,R4/10,多摩中央,B 南大沢,6.町田市,9,0,1,24,15,40,0
331,乞田新大橋,鎌倉街道×多摩ニュータウン通り,R4/10,多摩中央,B 南大沢,6.町田市,10,0,0,41,22,63,1
331,乞田新大橋,鎌倉街道×多摩ニュータウン通り,R4/10,多摩中央,B 南大沢,6.町田市,11,0,0,35,9,44,1
331,乞田新大橋,鎌倉街道×多摩ニュータウン通り,R4/10,多摩中央,B 南大沢,6.町田市,12,0,1,37,16,54,1
331,乞田新大橋,鎌倉街道×多摩ニュータウン通り,R4/10,多摩中央,B 南大沢,6.町田市,13,1,0,46,28,75,4
331,乞田新大橋,鎌倉街道×多摩ニュータウン通り,R4/10,多摩中央,B 南大沢,6.町田市,14,0,0,49,14,63,2
331,乞田新大橋,鎌倉街道×多摩ニュータウン通り,R4/10,多摩中央,B 南大沢,6.町田市,15,1,0,48,14,63,4
331,乞田新大橋,鎌倉街道×多摩ニュータウン通り,R4/10,多摩中央,B 南大沢,6.町田市,16,2,1,40,14,57,4
331,乞田新大橋,鎌倉街道×多摩ニュータウン通り,R4/10,多摩中央,B 南大沢,6.町田市,17,0,0,65,11,76,3
331,乞田新大橋,鎌倉街道×多摩ニュータウン通り,R4/10,多摩中央,B 南大沢,6.町田市,18,0,0,39,7,46,6
331,乞田新大橋,鎌倉街道×多摩ニュータウン通り,R4/10,多摩中央,B 南大沢,6.町田市,12時間計,4,3,490,170,667,32
331,乞田新大橋,鎌倉街道×多摩ニュータウン通り,R4/10,多摩中央,B 南大沢,流入計,7,21,14,534,299,868,76
331,乞田新大橋,鎌倉街道×多摩ニュータウン通り,R4/10,多摩中央,B 南大沢,流入計,8,21,13,593,204,831,47
331,乞田新大橋,鎌倉街道×多摩ニュータウン通り,R4/10,多摩中央,B 南大沢,流入計,9,12,16,459,206,693,23
331,乞田新大橋,鎌倉街道×多摩ニュータウン通り,R4/10,多摩中央,B 南大沢,流入計,10,15,9,453,246,723,52
331,乞田新大橋,鎌倉街道×多摩ニュータウン通り,R4/10,多摩中央,B 南大沢,流入計,11,9,5,400,174,588,105
331,乞田新大橋,鎌倉街道×多摩ニュータウン通り,R4/10,多摩中央,B 南大沢,流入計,12,6,5,552,146,709,33
331,乞田新大橋,鎌倉街道×多摩ニュータウン通り,R4/10,多摩中央,B 南大沢,流入計,13,9,8,503,197,717,40
331,乞田新大橋,鎌倉街道×多摩ニュータウン通り,R4/10,多摩中央,B 南大沢,流入計,14,10,3,536,186,735,37
331,乞田新大橋,鎌倉街道×多摩ニュータウン通り,R4/10,多摩中央,B 南大沢,流入計,15,10,3,535,177,725,57
331,乞田新大橋,鎌倉街道×多摩ニュータウン通り,R4/10,多摩中央,B 南大沢,流入計,16,14,9,582,187,792,55
331,乞田新大橋,鎌倉街道×多摩ニュータウン通り,R4/10,多摩中央,B 南大沢,流入計,17,11,3,615,190,819,50
331,乞田新大橋,鎌倉街道×多摩ニュータウン通り,R4/10,多摩中央,B 南大沢,流入計,18,13,1,587,122,723,61
331,乞田新大橋,鎌倉街道×多摩ニュータウン通り,R4/10,多摩中央,B 南大沢,流入計,12時間計,151,89,6349,2334,8923,636
331,乞田新大橋,鎌倉街道×多摩ニュータウン通り,R4/10,多摩中央,C 町田市,7.南大沢,7,0,2,25,11,38,0
331,乞田新大橋,鎌倉街道×多摩ニュータウン通り,R4/10,多摩中央,C 町田市,7.南大沢,8,0,2,36,17,55,1
331,乞田新大橋,鎌倉街道×多摩ニュータウン通り,R4/10,多摩中央,C 町田市,7.南大沢,9,0,0,37,13,50,2
331,乞田新大橋,鎌倉街道×多摩ニュータウン通り,R4/10,多摩中央,C 町田市,7.南大沢,10,1,1,36,16,54,4
331,乞田新大橋,鎌倉街道×多摩ニュータウン通り,R4/10,多摩中央,C 町田市,7.南大沢,11,0,0,69,15,84,3
331,乞田新大橋,鎌倉街道×多摩ニュータウン通り,R4/10,多摩中央,C 町田市,7.南大沢,12,0,0,59,15,74,4
331,乞田新大橋,鎌倉街道×多摩ニュータウン通り,R4/10,多摩中央,C 町田市,7.南大沢,13,0,0,52,20,72,3
331,乞田新大橋,鎌倉街道×多摩ニュータウン通り,R4/10,多摩中央,C 町田市,7.南大沢,14,0,2,42,23,67,4
331,乞田新大橋,鎌倉街道×多摩ニュータウン通り,R4/10,多摩中央,C 町田市,7.南大沢,15,3,0,48,13,64,4
331,乞田新大橋,鎌倉街道×多摩ニュータウン通り,R4/10,多摩中央,C 町田市,7.南大沢,16,0,0,47,12,59,7
331,乞田新大橋,鎌倉街道×多摩ニュータウン通り,R4/10,多摩中央,C 町田市,7.南大沢,17,0,0,64,9,73,5
331,乞田新大橋,鎌倉街道×多摩ニュータウン通り,R4/10,多摩中央,C 町田市,7.南大沢,18,0,0,63,7,70,4
331,乞田新大橋,鎌倉街道×多摩ニュータウン通り,R4/10,多摩中央,C 町田市,7.南大沢,12時間計,4,7,578,171,760,41
331,乞田新大橋,鎌倉街道×多摩ニュータウン通り,R4/10,多摩中央,C 町田市,8.野猿街道,7,1,10,166,111,288,20
331,乞田新大橋,鎌倉街道×多摩ニュータウン通り,R4/10,多摩中央,C 町田市,8.野猿街道,8,2,10,201,90,303,27
331,乞田新大橋,鎌倉街道×多摩ニュータウン通り,R4/10,多摩中央,C 町田市,8.野猿街道,9,8,14,171,87,280,8
331,乞田新大橋,鎌倉街道×多摩ニュータウン通り,R4/10,多摩中央,C 町田市,8.野猿街道,10,3,9,167,72,251,15
331,乞田新大橋,鎌倉街道×多摩ニュータウン通り,R4/10,多摩中央,C 町田市,8.野猿街道,11,1,15,154,62,232,9
331,乞田新大橋,鎌倉街道×多摩ニュータウン通り,R4/10,多摩中央,C 町田市,8.野猿街道,12,1,14,160,63,238,17
331,乞田新大橋,鎌倉街道×多摩ニュータウン通り,R4/10,多摩中央,C 町田市,8.野猿街道,13,1,11,138,73,223,14
331,乞田新大橋,鎌倉街道×多摩ニュータウン通り,R4/10,多摩中央,C 町田市,8.野猿街道,14,5,8,163,87,263,12
331,乞田新大橋,鎌倉街道×多摩ニュータウン通り,R4/10,多摩中央,C 町田市,8.野猿街道,15,6,7,157,78,248,7
331,乞田新大橋,鎌倉街道×多摩ニュータウン通り,R4/10,多摩中央,C 町田市,8.野猿街道,16,11,4,161,83,259,16
331,乞田新大橋,鎌倉街道×多摩ニュータウン通り,R4/10,多摩中央,C 町田市,8.野猿街道,17,4,3,171,82,260,21
331,乞田新大橋,鎌倉街道×多摩ニュータウン通り,R4/10,多摩中央,C 町田市,8.野猿街道,18,2,2,157,65,226,22
331,乞田新大橋,鎌倉街道×多摩ニュータウン通り,R4/10,多摩中央,C 町田市,8.野猿街道,12時間計,45,107,1966,953,3071,188
331,乞田新大橋,鎌倉街道×多摩ニュータウン通り,R4/10,多摩中央,C 町田市,9.関戸橋,7,0,8,234,134,376,17
331,乞田新大橋,鎌倉街道×多摩ニュータウン通り,R4/10,多摩中央,C 町田市,9.関戸橋,8,1,6,236,106,349,20
331,乞田新大橋,鎌倉街道×多摩ニュータウン通り,R4/10,多摩中央,C 町田市,9.関戸橋,9,1,10,168,83,262,8
331,乞田新大橋,鎌倉街道×多摩ニュータウン通り,R4/10,多摩中央,C 町田市,9.関戸橋,10,0,3,154,83,240,2
331,乞田新大橋,鎌倉街道×多摩ニュータウン通り,R4/10,多摩中央,C 町田市,9.関戸橋,11,1,5,139,69,214,5
331,乞田新大橋,鎌倉街道×多摩ニュータウン通り,R4/10,多摩中央,C 町田市,9.関戸橋,12,0,3,156,59,218,10
331,乞田新大橋,鎌倉街道×多摩ニュータウン通り,R4/10,多摩中央,C 町田市,9.関戸橋,13,0,8,134,78,220,6
331,乞田新大橋,鎌倉街道×多摩ニュータウン通り,R4/10,多摩中央,C 町田市,9.関戸橋,14,1,4,147,65,217,8
331,乞田新大橋,鎌倉街道×多摩ニュータウン通り,R4/10,多摩中央,C 町田市,9.関戸橋,15,3,2,138,80,223,8
331,乞田新大橋,鎌倉街道×多摩ニュータウン通り,R4/10,多摩中央,C 町田市,9.関戸橋,16,2,3,197,88,290,4
331,乞田新大橋,鎌倉街道×多摩ニュータウン通り,R4/10,多摩中央,C 町田市,9.関戸橋,17,1,0,163,106,270,15
331,乞田新大橋,鎌倉街道×多摩ニュータウン通り,R4/10,多摩中央,C 町田市,9.関戸橋,18,1,2,215,71,289,6
331,乞田新大橋,鎌倉街道×多摩ニュータウン通り,R4/10,多摩中央,C 町田市,9.関戸橋,12時間計,11,54,2081,1022,3168,109
331,乞田新大橋,鎌倉街道×多摩ニュータウン通り,R4/10,多摩中央,C 町田市,流入計,7,1,20,425,256,702,37
331,乞田新大橋,鎌倉街道×多摩ニュータウン通り,R4/10,多摩中央,C 町田市,流入計,8,3,18,473,213,707,48
331,乞田新大橋,鎌倉街道×多摩ニュータウン通り,R4/10,多摩中央,C 町田市,流入計,9,9,24,376,183,592,18
331,乞田新大橋,鎌倉街道×多摩ニュータウン通り,R4/10,多摩中央,C 町田市,流入計,10,4,13,357,171,545,21
331,乞田新大橋,鎌倉街道×多摩ニュータウン通り,R4/10,多摩中央,C 町田市,流入計,11,2,20,362,146,530,17
331,乞田新大橋,鎌倉街道×多摩ニュータウン通り,R4/10,多摩中央,C 町田市,流入計,12,1,17,375,137,530,31
331,乞田新大橋,鎌倉街道×多摩ニュータウン通り,R4/10,多摩中央,C 町田市,流入計,13,1,19,324,171,515,23
331,乞田新大橋,鎌倉街道×多摩ニュータウン通り,R4/10,多摩中央,C 町田市,流入計,14,6,14,352,175,547,24
331,乞田新大橋,鎌倉街道×多摩ニュータウン通り,R4/10,多摩中央,C 町田市,流入計,15,12,9,343,171,535,19
331,乞田新大橋,鎌倉街道×多摩ニュータウン通り,R4/10,多摩中央,C 町田市,流入計,16,13,7,405,183,608,27
331,乞田新大橋,鎌倉街道×多摩ニュータウン通り,R4/10,多摩中央,C 町田市,流入計,17,5,3,398,197,603,41
331,乞田新大橋,鎌倉街道×多摩ニュータウン通り,R4/10,多摩中央,C 町田市,流入計,18,3,4,435,143,585,32
331,乞田新大橋,鎌倉街道×多摩ニュータウン通り,R4/10,多摩中央,C 町田市,流入計,12時間計,60,168,4625,2146,6999,338
331,乞田新大橋,鎌倉街道×多摩ニュータウン通り,R4/10,多摩中央,D 関戸橋,10.町田市,7,2,2,162,91,257,9
331,乞田新大橋,鎌倉街道×多摩ニュータウン通り,R4/10,多摩中央,D 関戸橋,10.町田市,8,2,4,142,63,211,11
331,乞田新大橋,鎌倉街道×多摩ニュータウン通り,R4/10,多摩中央,D 関戸橋,10.町田市,9,2,4,130,66,202,8
331,乞田新大橋,鎌倉街道×多摩ニュータウン通り,R4/10,多摩中央,D 関戸橋,10.町田市,10,1,7,116,81,205,12
331,乞田新大橋,鎌倉街道×多摩ニュータウン通り,R4/10,多摩中央,D 関戸橋,10.町田市,11,2,3,126,63,194,9
331,乞田新大橋,鎌倉街道×多摩ニュータウン通り,R4/10,多摩中央,D 関戸橋,10.町田市,12,0,8,133,73,214,6
331,乞田新大橋,鎌倉街道×多摩ニュータウン通り,R4/10,多摩中央,D 関戸橋,10.町田市,13,1,1,101,54,157,6
331,乞田新大橋,鎌倉街道×多摩ニュータウン通り,R4/10,多摩中央,D 関戸橋,10.町田市,14,1,3,118,55,177,8
331,乞田新大橋,鎌倉街道×多摩ニュータウン通り,R4/10,多摩中央,D 関戸橋,10.町田市,15,0,5,145,73,223,3
331,乞田新大橋,鎌倉街道×多摩ニュータウン通り,R4/10,多摩中央,D 関戸橋,10.町田市,16,1,4,169,87,261,13
331,乞田新大橋,鎌倉街道×多摩ニュータウン通り,R4/10,多摩中央,D 関戸橋,10.町田市,17,0,4,183,82,269,18
331,乞田新大橋,鎌倉街道×多摩ニュータウン通り,R4/10,多摩中央,D 関戸橋,10.町田市,18,0,3,225,71,299,22
331,乞田新大橋,鎌倉街道×多摩ニュータウン通り,R4/10,多摩中央,D 関戸橋,10.町田市,12時間計,12,48,1750,859,2669,125
331,乞田新大橋,鎌倉街道×多摩ニュータウン通り,R4/10,多摩中央,D 関戸橋,11.南大沢,7,13,12,479,184,688,52
331,乞田新大橋,鎌倉街道×多摩ニュータウン通り,R4/10,多摩中央,D 関戸橋,11.南大沢,8,8,11,513,178,710,51
331,乞田新大橋,鎌倉街道×多摩ニュータウン通り,R4/10,多摩中央,D 関戸橋,11.南大沢,9,8,11,424,153,596,30
331,乞田新大橋,鎌倉街道×多摩ニュータウン通り,R4/10,多摩中央,D 関戸橋,11.南大沢,10,4,9,429,175,617,30
331,乞田新大橋,鎌倉街道×多摩ニュータウン通り,R4/10,多摩中央,D 関戸橋,11.南大沢,11,5,7,416,170,598,34
331,乞田新大橋,鎌倉街道×多摩ニュータウン通り,R4/10,多摩中央,D 関戸橋,11.南大沢,12,4,6,421,161,592,45
331,乞田新大橋,鎌倉街道×多摩ニュータウン通り,R4/10,多摩中央,D 関戸橋,11.南大沢,13,6,4,419,152,581,36
331,乞田新大橋,鎌倉街道×多摩ニュータウン通り,R4/10,多摩中央,D 関戸橋,11.南大沢,14,14,12,420,183,629,31
331,乞田新大橋,鎌倉街道×多摩ニュータウン通り,R4/10,多摩中央,D 関戸橋,11.南大沢,15,7,11,388,172,578,26
331,乞田新大橋,鎌倉街道×多摩ニュータウン通り,R4/10,多摩中央,D 関戸橋,11.南大沢,16,9,7,453,198,667,45
331,乞田新大橋,鎌倉街道×多摩ニュータウン通り,R4/10,多摩中央,D 関戸橋,11.南大沢,17,7,4,583,178,772,53
331,乞田新大橋,鎌倉街道×多摩ニュータウン通り,R4/10,多摩中央,D 関戸橋,11.南大沢,18,10,1,510,204,725,50
331,乞田新大橋,鎌倉街道×多摩ニュータウン通り,R4/10,多摩中央,D 関戸橋,11.南大沢,12時間計,95,95,5455,2108,7753,483
331,乞田新大橋,鎌倉街道×多摩ニュータウン通り,R4/10,多摩中央,D 関戸橋,12.野猿街道,7,0,0,2,3,5,0
331,乞田新大橋,鎌倉街道×多摩ニュータウン通り,R4/10,多摩中央,D 関戸橋,12.野猿街道,8,1,0,17,4,22,3
331,乞田新大橋,鎌倉街道×多摩ニュータウン通り,R4/10,多摩中央,D 関戸橋,12.野猿街道,9,0,0,18,4,22,0
331,乞田新大橋,鎌倉街道×多摩ニュータウン通り,R4/10,多摩中央,D 関戸橋,12.野猿街道,10,0,1,13,5,19,0
331,乞田新大橋,鎌倉街道×多摩ニュータウン通り,R4/10,多摩中央,D 関戸橋,12.野猿街道,11,0,0,11,10,21,0
331,乞田新大橋,鎌倉街道×多摩ニュータウン通り,R4/10,多摩中央,D 関戸橋,12.野猿街道,12,0,0,15,6,21,1
331,乞田新大橋,鎌倉街道×多摩ニュータウン通り,R4/10,多摩中央,D 関戸橋,12.野猿街道,13,0,0,17,6,23,1
331,乞田新大橋,鎌倉街道×多摩ニュータウン通り,R4/10,多摩中央,D 関戸橋,12.野猿街道,14,1,0,28,9,38,1
331,乞田新大橋,鎌倉街道×多摩ニュータウン通り,R4/10,多摩中央,D 関戸橋,12.野猿街道,15,0,0,15,5,20,0
331,乞田新大橋,鎌倉街道×多摩ニュータウン通り,R4/10,多摩中央,D 関戸橋,12.野猿街道,16,2,1,17,6,26,2
331,乞田新大橋,鎌倉街道×多摩ニュータウン通り,R4/10,多摩中央,D 関戸橋,12.野猿街道,17,0,0,14,3,17,1
331,乞田新大橋,鎌倉街道×多摩ニュータウン通り,R4/10,多摩中央,D 関戸橋,12.野猿街道,18,0,0,12,4,16,1
331,乞田新大橋,鎌倉街道×多摩ニュータウン通り,R4/10,多摩中央,D 関戸橋,12.野猿街道,12時間計,4,2,179,65,250,10
331,乞田新大橋,鎌倉街道×多摩ニュータウン通り,R4/10,多摩中央,D 関戸橋,流入計,7,15,14,643,278,950,61
331,乞田新大橋,鎌倉街道×多摩ニュータウン通り,R4/10,多摩中央,D 関戸橋,流入計,8,11,15,672,245,943,65
331,乞田新大橋,鎌倉街道×多摩ニュータウン通り,R4/10,多摩中央,D 関戸橋,流入計,9,10,15,572,223,820,38
331,乞田新大橋,鎌倉街道×多摩ニュータウン通り,R4/10,多摩中央,D 関戸橋,流入計,10,5,17,558,261,841,42
331,乞田新大橋,鎌倉街道×多摩ニュータウン通り,R4/10,多摩中央,D 関戸橋,流入計,11,7,10,553,243,813,43
331,乞田新大橋,鎌倉街道×多摩ニュータウン通り,R4/10,多摩中央,D 関戸橋,流入計,12,4,14,569,240,827,52
331,乞田新大橋,鎌倉街道×多摩ニュータウン通り,R4/10,多摩中央,D 関戸橋,流入計,13,7,5,537,212,761,43
331,乞田新大橋,鎌倉街道×多摩ニュータウン通り,R4/10,多摩中央,D 関戸橋,流入計,14,16,15,566,247,844,40
331,乞田新大橋,鎌倉街道×多摩ニュータウン通り,R4/10,多摩中央,D 関戸橋,流入計,15,7,16,548,250,821,29
331,乞田新大橋,鎌倉街道×多摩ニュータウン通り,R4/10,多摩中央,D 関戸橋,流入計,16,12,12,639,291,954,60
331,乞田新大橋,鎌倉街道×多摩ニュータウン通り,R4/10,多摩中央,D 関戸橋,流入計,17,7,8,780,263,1058,72
331,乞田新大橋,鎌倉街道×多摩ニュータウン通り,R4/10,多摩中央,D 関戸橋,流入計,18,10,4,747,279,1040,73
331,乞田新大橋,鎌倉街道×多摩ニュータウン通り,R4/10,多摩中央,D 関戸橋,流入計,12時間計,111,145,7384,3032,10672,618
