﻿地点番号,地点名,交差道路名,調査年月,管轄警察署,流出方向,時間帯等,大型乗用,大型貨物,普通乗用,普通貨物,四輪計,二輪車
331,乞田新大橋,鎌倉街道×多摩ニュータウン通り,R4/10,多摩中央,A 野猿街道,7,5,11,199,127,342,23
331,乞田新大橋,鎌倉街道×多摩ニュータウン通り,R4/10,多摩中央,A 野猿街道,8,6,11,277,114,408,32
331,乞田新大橋,鎌倉街道×多摩ニュータウン通り,R4/10,多摩中央,A 野猿街道,9,11,15,243,119,388,11
331,乞田新大橋,鎌倉街道×多摩ニュータウン通り,R4/10,多摩中央,A 野猿街道,10,6,12,248,104,370,20
331,乞田新大橋,鎌倉街道×多摩ニュータウン通り,R4/10,多摩中央,A 野猿街道,11,4,17,222,110,353,14
331,乞田新大橋,鎌倉街道×多摩ニュータウン通り,R4/10,多摩中央,A 野猿街道,12,3,14,240,89,346,22
331,乞田新大橋,鎌倉街道×多摩ニュータウン通り,R4/10,多摩中央,A 野猿街道,13,3,12,220,99,334,18
331,乞田新大橋,鎌倉街道×多摩ニュータウン通り,R4/10,多摩中央,A 野猿街道,14,9,8,256,121,394,15
331,乞田新大橋,鎌倉街道×多摩ニュータウン通り,R4/10,多摩中央,A 野猿街道,15,9,7,238,103,357,17
331,乞田新大橋,鎌倉街道×多摩ニュータウン通り,R4/10,多摩中央,A 野猿街道,16,16,6,245,115,382,23
331,乞田新大橋,鎌倉街道×多摩ニュータウン通り,R4/10,多摩中央,A 野猿街道,17,6,3,241,104,354,26
331,乞田新大橋,鎌倉街道×多摩ニュータウン通り,R4/10,多摩中央,A 野猿街道,18,5,2,217,75,299,27
331,乞田新大橋,鎌倉街道×多摩ニュータウン通り,R4/10,多摩中央,A 野猿街道,12時間計,83,118,2846,1280,4327,248
331,乞田新大橋,鎌倉街道×多摩ニュータウン通り,R4/10,多摩中央,B 南大沢,7,14,14,540,209,777,55
331,乞田新大橋,鎌倉街道×多摩ニュータウン通り,R4/10,多摩中央,B 南大沢,8,10,15,606,218,849,53
331,乞田新大橋,鎌倉街道×多摩ニュータウン通り,R4/10,多摩中央,B 南大沢,9,10,12,511,184,717,32
331,乞田新大橋,鎌倉街道×多摩ニュータウン通り,R4/10,多摩中央,B 南大沢,10,7,10,523,223,763,35
331,乞田新大橋,鎌倉街道×多摩ニュータウン通り,R4/10,多摩中央,B 南大沢,11,7,7,563,212,789,38
331,乞田新大橋,鎌倉街道×多摩ニュータウン通り,R4/10,多摩中央,B 南大沢,12,6,6,554,193,759,51
331,乞田新大橋,鎌倉街道×多摩ニュータウン通り,R4/10,多摩中央,B 南大沢,13,8,4,549,188,749,46
331,乞田新大橋,鎌倉街道×多摩ニュータウン通り,R4/10,多摩中央,B 南大沢,14,16,14,547,232,809,36
331,乞田新大橋,鎌倉街道×多摩ニュータウン通り,R4/10,多摩中央,B 南大沢,15,12,11,517,201,741,30
331,乞田新大橋,鎌倉街道×多摩ニュータウン通り,R4/10,多摩中央,B 南大沢,16,12,8,560,225,805,57
331,乞田新大橋,鎌倉街道×多摩ニュータウン通り,R4/10,多摩中央,B 南大沢,17,10,4,760,197,971,65
331,乞田新大橋,鎌倉街道×多摩ニュータウン通り,R4/10,多摩中央,B 南大沢,18,13,1,656,230,900,57
331,乞田新大橋,鎌倉街道×多摩ニュータウン通り,R4/10,多摩中央,B 南大沢,12時間計,125,106,6886,2512,9629,555
331,乞田新大橋,鎌倉街道×多摩ニュータウン通り,R4/10,多摩中央,C 町田市,7,7,7,374,200,588,35
331,乞田新大橋,鎌倉街道×多摩ニュータウン通り,R4/10,多摩中央,C 町田市,8,8,11,414,150,583,43
331,乞田新大橋,鎌倉街道×多摩ニュータウン通り,R4/10,多摩中央,C 町田市,9,7,16,329,155,507,23
331,乞田新大橋,鎌倉街道×多摩ニュータウン通り,R4/10,多摩中央,C 町田市,10,4,16,327,168,515,27
331,乞田新大橋,鎌倉街道×多摩ニュータウン通り,R4/10,多摩中央,C 町田市,11,4,10,324,138,476,18
331,乞田新大橋,鎌倉街道×多摩ニュータウン通り,R4/10,多摩中央,C 町田市,12,3,18,334,141,496,24
331,乞田新大橋,鎌倉街道×多摩ニュータウン通り,R4/10,多摩中央,C 町田市,13,6,5,293,150,454,36
331,乞田新大橋,鎌倉街道×多摩ニュータウン通り,R4/10,多摩中央,C 町田市,14,4,8,331,125,468,32
331,乞田新大橋,鎌倉街道×多摩ニュータウン通り,R4/10,多摩中央,C 町田市,15,3,14,395,163,575,29
331,乞田新大橋,鎌倉街道×多摩ニュータウン通り,R4/10,多摩中央,C 町田市,16,4,10,424,168,606,42
331,乞田新大橋,鎌倉街道×多摩ニュータウン通り,R4/10,多摩中央,C 町田市,17,1,6,494,160,661,44
331,乞田新大橋,鎌倉街道×多摩ニュータウン通り,R4/10,多摩中央,C 町田市,18,1,8,474,163,646,50
331,乞田新大橋,鎌倉街道×多摩ニュータウン通り,R4/10,多摩中央,C 町田市,12時間計,52,129,4513,1881,6575,403
331,乞田新大橋,鎌倉街道×多摩ニュータウン通り,R4/10,多摩中央,D 関戸橋,7,17,21,715,411,1164,87
331,乞田新大橋,鎌倉街道×多摩ニュータウン通り,R4/10,多摩中央,D 関戸橋,8,19,19,738,283,1059,64
331,乞田新大橋,鎌倉街道×多摩ニュータウン通り,R4/10,多摩中央,D 関戸橋,9,10,24,559,251,844,28
331,乞田新大橋,鎌倉街道×多摩ニュータウン通り,R4/10,多摩中央,D 関戸橋,10,13,10,511,284,818,50
331,乞田新大橋,鎌倉街道×多摩ニュータウン通り,R4/10,多摩中央,D 関戸橋,11,7,9,465,202,683,105
331,乞田新大橋,鎌倉街道×多摩ニュータウン通り,R4/10,多摩中央,D 関戸橋,12,4,7,618,174,803,39
331,乞田新大橋,鎌倉街道×多摩ニュータウン通り,R4/10,多摩中央,D 関戸橋,13,6,15,536,231,788,40
331,乞田新大橋,鎌倉街道×多摩ニュータウン通り,R4/10,多摩中央,D 関戸橋,14,8,7,585,216,816,41
331,乞田新大橋,鎌倉街道×多摩ニュータウン通り,R4/10,多摩中央,D 関戸橋,15,9,5,573,227,814,51
331,乞田新大橋,鎌倉街道×多摩ニュータウン通り,R4/10,多摩中央,D 関戸橋,16,11,10,691,241,953,52
331,乞田新大橋,鎌倉街道×多摩ニュータウン通り,R4/10,多摩中央,D 関戸橋,17,10,3,679,271,963,60
331,乞田新大橋,鎌倉街道×多摩ニュータウン通り,R4/10,多摩中央,D 関戸橋,18,11,3,744,184,942,60
331,乞田新大橋,鎌倉街道×多摩ニュータウン通り,R4/10,多摩中央,D 関戸橋,12時間計,125,133,7414,2975,10647,677
331,乞田新大橋,鎌倉街道×多摩ニュータウン通り,R4/10,多摩中央,全方向合計,7,43,53,1828,947,2871,200
331,乞田新大橋,鎌倉街道×多摩ニュータウン通り,R4/10,多摩中央,全方向合計,8,43,56,2035,765,2899,192
331,乞田新大橋,鎌倉街道×多摩ニュータウン通り,R4/10,多摩中央,全方向合計,9,38,67,1642,709,2456,94
331,乞田新大橋,鎌倉街道×多摩ニュータウン通り,R4/10,多摩中央,全方向合計,10,30,48,1609,779,2466,132
331,乞田新大橋,鎌倉街道×多摩ニュータウン通り,R4/10,多摩中央,全方向合計,11,22,43,1574,662,2301,175
331,乞田新大橋,鎌倉街道×多摩ニュータウン通り,R4/10,多摩中央,全方向合計,12,16,45,1746,597,2404,136
331,乞田新大橋,鎌倉街道×多摩ニュータウン通り,R4/10,多摩中央,全方向合計,13,23,36,1598,668,2325,140
331,乞田新大橋,鎌倉街道×多摩ニュータウン通り,R4/10,多摩中央,全方向合計,14,37,37,1719,694,2487,124
331,乞田新大橋,鎌倉街道×多摩ニュータウン通り,R4/10,多摩中央,全方向合計,15,33,37,1723,694,2487,127
331,乞田新大橋,鎌倉街道×多摩ニュータウン通り,R4/10,多摩中央,全方向合計,16,43,34,1920,749,2746,174
331,乞田新大橋,鎌倉街道×多摩ニュータウン通り,R4/10,多摩中央,全方向合計,17,27,16,2174,732,2949,195
331,乞田新大橋,鎌倉街道×多摩ニュータウン通り,R4/10,多摩中央,全方向合計,18,30,14,2091,652,2787,194
331,乞田新大橋,鎌倉街道×多摩ニュータウン通り,R4/10,多摩中央,全方向合計,12時間計,385,486,21659,8648,31178,1883
