﻿地点番号,地点名,交差道路名,調査年月,管轄警察署,流入方向,流出方向,時間帯等,車道通行自転車,歩道通行自転車,自転車計
50,湾岸環八,環八通り×湾岸道路,R4/11,東京空港,A 産業道路,1構内道路,7,0,-,-
50,湾岸環八,環八通り×湾岸道路,R4/11,東京空港,A 産業道路,1構内道路,8,0,-,-
50,湾岸環八,環八通り×湾岸道路,R4/11,東京空港,A 産業道路,1構内道路,9,0,-,-
50,湾岸環八,環八通り×湾岸道路,R4/11,東京空港,A 産業道路,1構内道路,10,0,-,-
50,湾岸環八,環八通り×湾岸道路,R4/11,東京空港,A 産業道路,1構内道路,11,0,-,-
50,湾岸環八,環八通り×湾岸道路,R4/11,東京空港,A 産業道路,1構内道路,12,0,-,-
50,湾岸環八,環八通り×湾岸道路,R4/11,東京空港,A 産業道路,1構内道路,13,0,-,-
50,湾岸環八,環八通り×湾岸道路,R4/11,東京空港,A 産業道路,1構内道路,14,0,-,-
50,湾岸環八,環八通り×湾岸道路,R4/11,東京空港,A 産業道路,1構内道路,15,0,-,-
50,湾岸環八,環八通り×湾岸道路,R4/11,東京空港,A 産業道路,1構内道路,16,0,-,-
50,湾岸環八,環八通り×湾岸道路,R4/11,東京空港,A 産業道路,1構内道路,17,0,-,-
50,湾岸環八,環八通り×湾岸道路,R4/11,東京空港,A 産業道路,1構内道路,18,0,-,-
50,湾岸環八,環八通り×湾岸道路,R4/11,東京空港,A 産業道路,1構内道路,12時間計,0,-,-
50,湾岸環八,環八通り×湾岸道路,R4/11,東京空港,A 産業道路,2羽田空港,7,0,-,-
50,湾岸環八,環八通り×湾岸道路,R4/11,東京空港,A 産業道路,2羽田空港,8,0,-,-
50,湾岸環八,環八通り×湾岸道路,R4/11,東京空港,A 産業道路,2羽田空港,9,0,-,-
50,湾岸環八,環八通り×湾岸道路,R4/11,東京空港,A 産業道路,2羽田空港,10,0,-,-
50,湾岸環八,環八通り×湾岸道路,R4/11,東京空港,A 産業道路,2羽田空港,11,0,-,-
50,湾岸環八,環八通り×湾岸道路,R4/11,東京空港,A 産業道路,2羽田空港,12,0,-,-
50,湾岸環八,環八通り×湾岸道路,R4/11,東京空港,A 産業道路,2羽田空港,13,1,-,-
50,湾岸環八,環八通り×湾岸道路,R4/11,東京空港,A 産業道路,2羽田空港,14,0,-,-
50,湾岸環八,環八通り×湾岸道路,R4/11,東京空港,A 産業道路,2羽田空港,15,0,-,-
50,湾岸環八,環八通り×湾岸道路,R4/11,東京空港,A 産業道路,2羽田空港,16,1,-,-
50,湾岸環八,環八通り×湾岸道路,R4/11,東京空港,A 産業道路,2羽田空港,17,0,-,-
50,湾岸環八,環八通り×湾岸道路,R4/11,東京空港,A 産業道路,2羽田空港,18,0,-,-
50,湾岸環八,環八通り×湾岸道路,R4/11,東京空港,A 産業道路,2羽田空港,12時間計,2,-,-
50,湾岸環八,環八通り×湾岸道路,R4/11,東京空港,A 産業道路,3大井,7,0,-,-
50,湾岸環八,環八通り×湾岸道路,R4/11,東京空港,A 産業道路,3大井,8,0,-,-
50,湾岸環八,環八通り×湾岸道路,R4/11,東京空港,A 産業道路,3大井,9,0,-,-
50,湾岸環八,環八通り×湾岸道路,R4/11,東京空港,A 産業道路,3大井,10,0,-,-
50,湾岸環八,環八通り×湾岸道路,R4/11,東京空港,A 産業道路,3大井,11,0,-,-
50,湾岸環八,環八通り×湾岸道路,R4/11,東京空港,A 産業道路,3大井,12,0,-,-
50,湾岸環八,環八通り×湾岸道路,R4/11,東京空港,A 産業道路,3大井,13,0,-,-
50,湾岸環八,環八通り×湾岸道路,R4/11,東京空港,A 産業道路,3大井,14,0,-,-
50,湾岸環八,環八通り×湾岸道路,R4/11,東京空港,A 産業道路,3大井,15,0,-,-
50,湾岸環八,環八通り×湾岸道路,R4/11,東京空港,A 産業道路,3大井,16,0,-,-
50,湾岸環八,環八通り×湾岸道路,R4/11,東京空港,A 産業道路,3大井,17,0,-,-
50,湾岸環八,環八通り×湾岸道路,R4/11,東京空港,A 産業道路,3大井,18,0,-,-
50,湾岸環八,環八通り×湾岸道路,R4/11,東京空港,A 産業道路,3大井,12時間計,0,-,-
50,湾岸環八,環八通り×湾岸道路,R4/11,東京空港,A 産業道路,4浮島,7,0,-,-
50,湾岸環八,環八通り×湾岸道路,R4/11,東京空港,A 産業道路,4浮島,8,0,-,-
50,湾岸環八,環八通り×湾岸道路,R4/11,東京空港,A 産業道路,4浮島,9,0,-,-
50,湾岸環八,環八通り×湾岸道路,R4/11,東京空港,A 産業道路,4浮島,10,0,-,-
50,湾岸環八,環八通り×湾岸道路,R4/11,東京空港,A 産業道路,4浮島,11,0,-,-
50,湾岸環八,環八通り×湾岸道路,R4/11,東京空港,A 産業道路,4浮島,12,0,-,-
50,湾岸環八,環八通り×湾岸道路,R4/11,東京空港,A 産業道路,4浮島,13,0,-,-
50,湾岸環八,環八通り×湾岸道路,R4/11,東京空港,A 産業道路,4浮島,14,0,-,-
50,湾岸環八,環八通り×湾岸道路,R4/11,東京空港,A 産業道路,4浮島,15,0,-,-
50,湾岸環八,環八通り×湾岸道路,R4/11,東京空港,A 産業道路,4浮島,16,0,-,-
50,湾岸環八,環八通り×湾岸道路,R4/11,東京空港,A 産業道路,4浮島,17,0,-,-
50,湾岸環八,環八通り×湾岸道路,R4/11,東京空港,A 産業道路,4浮島,18,0,-,-
50,湾岸環八,環八通り×湾岸道路,R4/11,東京空港,A 産業道路,4浮島,12時間計,0,-,-
50,湾岸環八,環八通り×湾岸道路,R4/11,東京空港,A 産業道路,流入計,7,0,0,0
50,湾岸環八,環八通り×湾岸道路,R4/11,東京空港,A 産業道路,流入計,8,0,2,2
50,湾岸環八,環八通り×湾岸道路,R4/11,東京空港,A 産業道路,流入計,9,0,0,0
50,湾岸環八,環八通り×湾岸道路,R4/11,東京空港,A 産業道路,流入計,10,0,0,0
50,湾岸環八,環八通り×湾岸道路,R4/11,東京空港,A 産業道路,流入計,11,0,0,0
50,湾岸環八,環八通り×湾岸道路,R4/11,東京空港,A 産業道路,流入計,12,0,0,0
50,湾岸環八,環八通り×湾岸道路,R4/11,東京空港,A 産業道路,流入計,13,1,1,2
50,湾岸環八,環八通り×湾岸道路,R4/11,東京空港,A 産業道路,流入計,14,0,0,0
50,湾岸環八,環八通り×湾岸道路,R4/11,東京空港,A 産業道路,流入計,15,0,0,0
50,湾岸環八,環八通り×湾岸道路,R4/11,東京空港,A 産業道路,流入計,16,1,1,2
50,湾岸環八,環八通り×湾岸道路,R4/11,東京空港,A 産業道路,流入計,17,0,0,0
50,湾岸環八,環八通り×湾岸道路,R4/11,東京空港,A 産業道路,流入計,18,0,0,0
50,湾岸環八,環八通り×湾岸道路,R4/11,東京空港,A 産業道路,流入計,12時間計,2,4,6
50,湾岸環八,環八通り×湾岸道路,R4/11,東京空港,B 構内道路,10羽田空港,7,0,-,-
50,湾岸環八,環八通り×湾岸道路,R4/11,東京空港,B 構内道路,10羽田空港,8,0,-,-
50,湾岸環八,環八通り×湾岸道路,R4/11,東京空港,B 構内道路,10羽田空港,9,0,-,-
50,湾岸環八,環八通り×湾岸道路,R4/11,東京空港,B 構内道路,10羽田空港,10,0,-,-
50,湾岸環八,環八通り×湾岸道路,R4/11,東京空港,B 構内道路,10羽田空港,11,0,-,-
50,湾岸環八,環八通り×湾岸道路,R4/11,東京空港,B 構内道路,10羽田空港,12,0,-,-
50,湾岸環八,環八通り×湾岸道路,R4/11,東京空港,B 構内道路,10羽田空港,13,0,-,-
50,湾岸環八,環八通り×湾岸道路,R4/11,東京空港,B 構内道路,10羽田空港,14,0,-,-
50,湾岸環八,環八通り×湾岸道路,R4/11,東京空港,B 構内道路,10羽田空港,15,0,-,-
50,湾岸環八,環八通り×湾岸道路,R4/11,東京空港,B 構内道路,10羽田空港,16,0,-,-
50,湾岸環八,環八通り×湾岸道路,R4/11,東京空港,B 構内道路,10羽田空港,17,0,-,-
50,湾岸環八,環八通り×湾岸道路,R4/11,東京空港,B 構内道路,10羽田空港,18,0,-,-
50,湾岸環八,環八通り×湾岸道路,R4/11,東京空港,B 構内道路,10羽田空港,12時間計,0,-,-
50,湾岸環八,環八通り×湾岸道路,R4/11,東京空港,B 構内道路,11産業道路,7,0,-,-
50,湾岸環八,環八通り×湾岸道路,R4/11,東京空港,B 構内道路,11産業道路,8,0,-,-
50,湾岸環八,環八通り×湾岸道路,R4/11,東京空港,B 構内道路,11産業道路,9,0,-,-
50,湾岸環八,環八通り×湾岸道路,R4/11,東京空港,B 構内道路,11産業道路,10,0,-,-
50,湾岸環八,環八通り×湾岸道路,R4/11,東京空港,B 構内道路,11産業道路,11,1,-,-
50,湾岸環八,環八通り×湾岸道路,R4/11,東京空港,B 構内道路,11産業道路,12,0,-,-
50,湾岸環八,環八通り×湾岸道路,R4/11,東京空港,B 構内道路,11産業道路,13,0,-,-
50,湾岸環八,環八通り×湾岸道路,R4/11,東京空港,B 構内道路,11産業道路,14,0,-,-
50,湾岸環八,環八通り×湾岸道路,R4/11,東京空港,B 構内道路,11産業道路,15,0,-,-
50,湾岸環八,環八通り×湾岸道路,R4/11,東京空港,B 構内道路,11産業道路,16,0,-,-
50,湾岸環八,環八通り×湾岸道路,R4/11,東京空港,B 構内道路,11産業道路,17,0,-,-
50,湾岸環八,環八通り×湾岸道路,R4/11,東京空港,B 構内道路,11産業道路,18,0,-,-
50,湾岸環八,環八通り×湾岸道路,R4/11,東京空港,B 構内道路,11産業道路,12時間計,1,-,-
50,湾岸環八,環八通り×湾岸道路,R4/11,東京空港,B 構内道路,流入計,7,0,0,0
50,湾岸環八,環八通り×湾岸道路,R4/11,東京空港,B 構内道路,流入計,8,0,0,0
50,湾岸環八,環八通り×湾岸道路,R4/11,東京空港,B 構内道路,流入計,9,0,0,0
50,湾岸環八,環八通り×湾岸道路,R4/11,東京空港,B 構内道路,流入計,10,0,0,0
50,湾岸環八,環八通り×湾岸道路,R4/11,東京空港,B 構内道路,流入計,11,1,0,1
50,湾岸環八,環八通り×湾岸道路,R4/11,東京空港,B 構内道路,流入計,12,0,0,0
50,湾岸環八,環八通り×湾岸道路,R4/11,東京空港,B 構内道路,流入計,13,0,0,0
50,湾岸環八,環八通り×湾岸道路,R4/11,東京空港,B 構内道路,流入計,14,0,0,0
50,湾岸環八,環八通り×湾岸道路,R4/11,東京空港,B 構内道路,流入計,15,0,0,0
50,湾岸環八,環八通り×湾岸道路,R4/11,東京空港,B 構内道路,流入計,16,0,0,0
50,湾岸環八,環八通り×湾岸道路,R4/11,東京空港,B 構内道路,流入計,17,0,0,0
50,湾岸環八,環八通り×湾岸道路,R4/11,東京空港,B 構内道路,流入計,18,0,0,0
50,湾岸環八,環八通り×湾岸道路,R4/11,東京空港,B 構内道路,流入計,12時間計,1,0,1
50,湾岸環八,環八通り×湾岸道路,R4/11,東京空港,C 浮島,7産業道路,7,0,-,-
50,湾岸環八,環八通り×湾岸道路,R4/11,東京空港,C 浮島,7産業道路,8,0,-,-
50,湾岸環八,環八通り×湾岸道路,R4/11,東京空港,C 浮島,7産業道路,9,0,-,-
50,湾岸環八,環八通り×湾岸道路,R4/11,東京空港,C 浮島,7産業道路,10,0,-,-
50,湾岸環八,環八通り×湾岸道路,R4/11,東京空港,C 浮島,7産業道路,11,0,-,-
50,湾岸環八,環八通り×湾岸道路,R4/11,東京空港,C 浮島,7産業道路,12,0,-,-
50,湾岸環八,環八通り×湾岸道路,R4/11,東京空港,C 浮島,7産業道路,13,0,-,-
50,湾岸環八,環八通り×湾岸道路,R4/11,東京空港,C 浮島,7産業道路,14,0,-,-
50,湾岸環八,環八通り×湾岸道路,R4/11,東京空港,C 浮島,7産業道路,15,0,-,-
50,湾岸環八,環八通り×湾岸道路,R4/11,東京空港,C 浮島,7産業道路,16,0,-,-
50,湾岸環八,環八通り×湾岸道路,R4/11,東京空港,C 浮島,7産業道路,17,0,-,-
50,湾岸環八,環八通り×湾岸道路,R4/11,東京空港,C 浮島,7産業道路,18,0,-,-
50,湾岸環八,環八通り×湾岸道路,R4/11,東京空港,C 浮島,7産業道路,12時間計,0,-,-
50,湾岸環八,環八通り×湾岸道路,R4/11,東京空港,C 浮島,8大井,7,0,-,-
50,湾岸環八,環八通り×湾岸道路,R4/11,東京空港,C 浮島,8大井,8,0,-,-
50,湾岸環八,環八通り×湾岸道路,R4/11,東京空港,C 浮島,8大井,9,0,-,-
50,湾岸環八,環八通り×湾岸道路,R4/11,東京空港,C 浮島,8大井,10,0,-,-
50,湾岸環八,環八通り×湾岸道路,R4/11,東京空港,C 浮島,8大井,11,0,-,-
50,湾岸環八,環八通り×湾岸道路,R4/11,東京空港,C 浮島,8大井,12,0,-,-
50,湾岸環八,環八通り×湾岸道路,R4/11,東京空港,C 浮島,8大井,13,0,-,-
50,湾岸環八,環八通り×湾岸道路,R4/11,東京空港,C 浮島,8大井,14,0,-,-
50,湾岸環八,環八通り×湾岸道路,R4/11,東京空港,C 浮島,8大井,15,0,-,-
50,湾岸環八,環八通り×湾岸道路,R4/11,東京空港,C 浮島,8大井,16,0,-,-
50,湾岸環八,環八通り×湾岸道路,R4/11,東京空港,C 浮島,8大井,17,0,-,-
50,湾岸環八,環八通り×湾岸道路,R4/11,東京空港,C 浮島,8大井,18,0,-,-
50,湾岸環八,環八通り×湾岸道路,R4/11,東京空港,C 浮島,8大井,12時間計,0,-,-
50,湾岸環八,環八通り×湾岸道路,R4/11,東京空港,C 浮島,9羽田空港,7,0,-,-
50,湾岸環八,環八通り×湾岸道路,R4/11,東京空港,C 浮島,9羽田空港,8,0,-,-
50,湾岸環八,環八通り×湾岸道路,R4/11,東京空港,C 浮島,9羽田空港,9,0,-,-
50,湾岸環八,環八通り×湾岸道路,R4/11,東京空港,C 浮島,9羽田空港,10,0,-,-
50,湾岸環八,環八通り×湾岸道路,R4/11,東京空港,C 浮島,9羽田空港,11,0,-,-
50,湾岸環八,環八通り×湾岸道路,R4/11,東京空港,C 浮島,9羽田空港,12,0,-,-
50,湾岸環八,環八通り×湾岸道路,R4/11,東京空港,C 浮島,9羽田空港,13,0,-,-
50,湾岸環八,環八通り×湾岸道路,R4/11,東京空港,C 浮島,9羽田空港,14,0,-,-
50,湾岸環八,環八通り×湾岸道路,R4/11,東京空港,C 浮島,9羽田空港,15,0,-,-
50,湾岸環八,環八通り×湾岸道路,R4/11,東京空港,C 浮島,9羽田空港,16,0,-,-
50,湾岸環八,環八通り×湾岸道路,R4/11,東京空港,C 浮島,9羽田空港,17,0,-,-
50,湾岸環八,環八通り×湾岸道路,R4/11,東京空港,C 浮島,9羽田空港,18,0,-,-
50,湾岸環八,環八通り×湾岸道路,R4/11,東京空港,C 浮島,9羽田空港,12時間計,0,-,-
50,湾岸環八,環八通り×湾岸道路,R4/11,東京空港,C 浮島,流入計,7,0,0,0
50,湾岸環八,環八通り×湾岸道路,R4/11,東京空港,C 浮島,流入計,8,0,0,0
50,湾岸環八,環八通り×湾岸道路,R4/11,東京空港,C 浮島,流入計,9,0,0,0
50,湾岸環八,環八通り×湾岸道路,R4/11,東京空港,C 浮島,流入計,10,0,0,0
50,湾岸環八,環八通り×湾岸道路,R4/11,東京空港,C 浮島,流入計,11,0,0,0
50,湾岸環八,環八通り×湾岸道路,R4/11,東京空港,C 浮島,流入計,12,0,2,2
50,湾岸環八,環八通り×湾岸道路,R4/11,東京空港,C 浮島,流入計,13,0,1,1
50,湾岸環八,環八通り×湾岸道路,R4/11,東京空港,C 浮島,流入計,14,0,0,0
50,湾岸環八,環八通り×湾岸道路,R4/11,東京空港,C 浮島,流入計,15,0,0,0
50,湾岸環八,環八通り×湾岸道路,R4/11,東京空港,C 浮島,流入計,16,0,0,0
50,湾岸環八,環八通り×湾岸道路,R4/11,東京空港,C 浮島,流入計,17,0,0,0
50,湾岸環八,環八通り×湾岸道路,R4/11,東京空港,C 浮島,流入計,18,0,0,0
50,湾岸環八,環八通り×湾岸道路,R4/11,東京空港,C 浮島,流入計,12時間計,0,3,3
50,湾岸環八,環八通り×湾岸道路,R4/11,東京空港,D 大井,5産業道路,7,0,-,-
50,湾岸環八,環八通り×湾岸道路,R4/11,東京空港,D 大井,5産業道路,8,0,-,-
50,湾岸環八,環八通り×湾岸道路,R4/11,東京空港,D 大井,5産業道路,9,0,-,-
50,湾岸環八,環八通り×湾岸道路,R4/11,東京空港,D 大井,5産業道路,10,0,-,-
50,湾岸環八,環八通り×湾岸道路,R4/11,東京空港,D 大井,5産業道路,11,0,-,-
50,湾岸環八,環八通り×湾岸道路,R4/11,東京空港,D 大井,5産業道路,12,0,-,-
50,湾岸環八,環八通り×湾岸道路,R4/11,東京空港,D 大井,5産業道路,13,0,-,-
50,湾岸環八,環八通り×湾岸道路,R4/11,東京空港,D 大井,5産業道路,14,0,-,-
50,湾岸環八,環八通り×湾岸道路,R4/11,東京空港,D 大井,5産業道路,15,0,-,-
50,湾岸環八,環八通り×湾岸道路,R4/11,東京空港,D 大井,5産業道路,16,0,-,-
50,湾岸環八,環八通り×湾岸道路,R4/11,東京空港,D 大井,5産業道路,17,0,-,-
50,湾岸環八,環八通り×湾岸道路,R4/11,東京空港,D 大井,5産業道路,18,0,-,-
50,湾岸環八,環八通り×湾岸道路,R4/11,東京空港,D 大井,5産業道路,12時間計,0,-,-
50,湾岸環八,環八通り×湾岸道路,R4/11,東京空港,D 大井,6浮島,7,0,-,-
50,湾岸環八,環八通り×湾岸道路,R4/11,東京空港,D 大井,6浮島,8,0,-,-
50,湾岸環八,環八通り×湾岸道路,R4/11,東京空港,D 大井,6浮島,9,0,-,-
50,湾岸環八,環八通り×湾岸道路,R4/11,東京空港,D 大井,6浮島,10,0,-,-
50,湾岸環八,環八通り×湾岸道路,R4/11,東京空港,D 大井,6浮島,11,0,-,-
50,湾岸環八,環八通り×湾岸道路,R4/11,東京空港,D 大井,6浮島,12,0,-,-
50,湾岸環八,環八通り×湾岸道路,R4/11,東京空港,D 大井,6浮島,13,0,-,-
50,湾岸環八,環八通り×湾岸道路,R4/11,東京空港,D 大井,6浮島,14,0,-,-
50,湾岸環八,環八通り×湾岸道路,R4/11,東京空港,D 大井,6浮島,15,0,-,-
50,湾岸環八,環八通り×湾岸道路,R4/11,東京空港,D 大井,6浮島,16,0,-,-
50,湾岸環八,環八通り×湾岸道路,R4/11,東京空港,D 大井,6浮島,17,0,-,-
50,湾岸環八,環八通り×湾岸道路,R4/11,東京空港,D 大井,6浮島,18,0,-,-
50,湾岸環八,環八通り×湾岸道路,R4/11,東京空港,D 大井,6浮島,12時間計,0,-,-
50,湾岸環八,環八通り×湾岸道路,R4/11,東京空港,D 大井,流入計,7,0,0,0
50,湾岸環八,環八通り×湾岸道路,R4/11,東京空港,D 大井,流入計,8,0,0,0
50,湾岸環八,環八通り×湾岸道路,R4/11,東京空港,D 大井,流入計,9,0,0,0
50,湾岸環八,環八通り×湾岸道路,R4/11,東京空港,D 大井,流入計,10,0,0,0
50,湾岸環八,環八通り×湾岸道路,R4/11,東京空港,D 大井,流入計,11,0,0,0
50,湾岸環八,環八通り×湾岸道路,R4/11,東京空港,D 大井,流入計,12,0,0,0
50,湾岸環八,環八通り×湾岸道路,R4/11,東京空港,D 大井,流入計,13,0,0,0
50,湾岸環八,環八通り×湾岸道路,R4/11,東京空港,D 大井,流入計,14,0,0,0
50,湾岸環八,環八通り×湾岸道路,R4/11,東京空港,D 大井,流入計,15,0,0,0
50,湾岸環八,環八通り×湾岸道路,R4/11,東京空港,D 大井,流入計,16,0,0,0
50,湾岸環八,環八通り×湾岸道路,R4/11,東京空港,D 大井,流入計,17,0,0,0
50,湾岸環八,環八通り×湾岸道路,R4/11,東京空港,D 大井,流入計,18,0,0,0
50,湾岸環八,環八通り×湾岸道路,R4/11,東京空港,D 大井,流入計,12時間計,0,0,0
50,湾岸環八,環八通り×湾岸道路,R4/11,東京空港,全方向計,全方向計,7,0,0,0
50,湾岸環八,環八通り×湾岸道路,R4/11,東京空港,全方向計,全方向計,8,0,2,2
50,湾岸環八,環八通り×湾岸道路,R4/11,東京空港,全方向計,全方向計,9,0,0,0
50,湾岸環八,環八通り×湾岸道路,R4/11,東京空港,全方向計,全方向計,10,0,0,0
50,湾岸環八,環八通り×湾岸道路,R4/11,東京空港,全方向計,全方向計,11,1,0,1
50,湾岸環八,環八通り×湾岸道路,R4/11,東京空港,全方向計,全方向計,12,0,2,2
50,湾岸環八,環八通り×湾岸道路,R4/11,東京空港,全方向計,全方向計,13,1,2,3
50,湾岸環八,環八通り×湾岸道路,R4/11,東京空港,全方向計,全方向計,14,0,0,0
50,湾岸環八,環八通り×湾岸道路,R4/11,東京空港,全方向計,全方向計,15,0,0,0
50,湾岸環八,環八通り×湾岸道路,R4/11,東京空港,全方向計,全方向計,16,1,1,2
50,湾岸環八,環八通り×湾岸道路,R4/11,東京空港,全方向計,全方向計,17,0,0,0
50,湾岸環八,環八通り×湾岸道路,R4/11,東京空港,全方向計,全方向計,18,0,0,0
50,湾岸環八,環八通り×湾岸道路,R4/11,東京空港,全方向計,全方向計,12時間計,3,7,10
