﻿地点番号,地点名,交差道路名,調査年月,管轄警察署,流入方向,流出方向,時間帯等,車道通行自転車,歩道通行自転車,自転車計
73,多摩卸売市場前,鎌倉街道×尾根幹線,R4/10,多摩中央,A 乞田新大橋交差点,1鶴川街道,7,0,-,-
73,多摩卸売市場前,鎌倉街道×尾根幹線,R4/10,多摩中央,A 乞田新大橋交差点,1鶴川街道,8,1,-,-
73,多摩卸売市場前,鎌倉街道×尾根幹線,R4/10,多摩中央,A 乞田新大橋交差点,1鶴川街道,9,0,-,-
73,多摩卸売市場前,鎌倉街道×尾根幹線,R4/10,多摩中央,A 乞田新大橋交差点,1鶴川街道,10,0,-,-
73,多摩卸売市場前,鎌倉街道×尾根幹線,R4/10,多摩中央,A 乞田新大橋交差点,1鶴川街道,11,0,-,-
73,多摩卸売市場前,鎌倉街道×尾根幹線,R4/10,多摩中央,A 乞田新大橋交差点,1鶴川街道,12,0,-,-
73,多摩卸売市場前,鎌倉街道×尾根幹線,R4/10,多摩中央,A 乞田新大橋交差点,1鶴川街道,13,0,-,-
73,多摩卸売市場前,鎌倉街道×尾根幹線,R4/10,多摩中央,A 乞田新大橋交差点,1鶴川街道,14,0,-,-
73,多摩卸売市場前,鎌倉街道×尾根幹線,R4/10,多摩中央,A 乞田新大橋交差点,1鶴川街道,15,0,-,-
73,多摩卸売市場前,鎌倉街道×尾根幹線,R4/10,多摩中央,A 乞田新大橋交差点,1鶴川街道,16,0,-,-
73,多摩卸売市場前,鎌倉街道×尾根幹線,R4/10,多摩中央,A 乞田新大橋交差点,1鶴川街道,17,0,-,-
73,多摩卸売市場前,鎌倉街道×尾根幹線,R4/10,多摩中央,A 乞田新大橋交差点,1鶴川街道,18,0,-,-
73,多摩卸売市場前,鎌倉街道×尾根幹線,R4/10,多摩中央,A 乞田新大橋交差点,1鶴川街道,12時間計,1,-,-
73,多摩卸売市場前,鎌倉街道×尾根幹線,R4/10,多摩中央,A 乞田新大橋交差点,2町田市,7,14,-,-
73,多摩卸売市場前,鎌倉街道×尾根幹線,R4/10,多摩中央,A 乞田新大橋交差点,2町田市,8,9,-,-
73,多摩卸売市場前,鎌倉街道×尾根幹線,R4/10,多摩中央,A 乞田新大橋交差点,2町田市,9,3,-,-
73,多摩卸売市場前,鎌倉街道×尾根幹線,R4/10,多摩中央,A 乞田新大橋交差点,2町田市,10,4,-,-
73,多摩卸売市場前,鎌倉街道×尾根幹線,R4/10,多摩中央,A 乞田新大橋交差点,2町田市,11,6,-,-
73,多摩卸売市場前,鎌倉街道×尾根幹線,R4/10,多摩中央,A 乞田新大橋交差点,2町田市,12,2,-,-
73,多摩卸売市場前,鎌倉街道×尾根幹線,R4/10,多摩中央,A 乞田新大橋交差点,2町田市,13,4,-,-
73,多摩卸売市場前,鎌倉街道×尾根幹線,R4/10,多摩中央,A 乞田新大橋交差点,2町田市,14,4,-,-
73,多摩卸売市場前,鎌倉街道×尾根幹線,R4/10,多摩中央,A 乞田新大橋交差点,2町田市,15,4,-,-
73,多摩卸売市場前,鎌倉街道×尾根幹線,R4/10,多摩中央,A 乞田新大橋交差点,2町田市,16,5,-,-
73,多摩卸売市場前,鎌倉街道×尾根幹線,R4/10,多摩中央,A 乞田新大橋交差点,2町田市,17,3,-,-
73,多摩卸売市場前,鎌倉街道×尾根幹線,R4/10,多摩中央,A 乞田新大橋交差点,2町田市,18,4,-,-
73,多摩卸売市場前,鎌倉街道×尾根幹線,R4/10,多摩中央,A 乞田新大橋交差点,2町田市,12時間計,62,-,-
73,多摩卸売市場前,鎌倉街道×尾根幹線,R4/10,多摩中央,A 乞田新大橋交差点,3町田街道,7,0,-,-
73,多摩卸売市場前,鎌倉街道×尾根幹線,R4/10,多摩中央,A 乞田新大橋交差点,3町田街道,8,0,-,-
73,多摩卸売市場前,鎌倉街道×尾根幹線,R4/10,多摩中央,A 乞田新大橋交差点,3町田街道,9,0,-,-
73,多摩卸売市場前,鎌倉街道×尾根幹線,R4/10,多摩中央,A 乞田新大橋交差点,3町田街道,10,0,-,-
73,多摩卸売市場前,鎌倉街道×尾根幹線,R4/10,多摩中央,A 乞田新大橋交差点,3町田街道,11,0,-,-
73,多摩卸売市場前,鎌倉街道×尾根幹線,R4/10,多摩中央,A 乞田新大橋交差点,3町田街道,12,0,-,-
73,多摩卸売市場前,鎌倉街道×尾根幹線,R4/10,多摩中央,A 乞田新大橋交差点,3町田街道,13,0,-,-
73,多摩卸売市場前,鎌倉街道×尾根幹線,R4/10,多摩中央,A 乞田新大橋交差点,3町田街道,14,0,-,-
73,多摩卸売市場前,鎌倉街道×尾根幹線,R4/10,多摩中央,A 乞田新大橋交差点,3町田街道,15,0,-,-
73,多摩卸売市場前,鎌倉街道×尾根幹線,R4/10,多摩中央,A 乞田新大橋交差点,3町田街道,16,0,-,-
73,多摩卸売市場前,鎌倉街道×尾根幹線,R4/10,多摩中央,A 乞田新大橋交差点,3町田街道,17,0,-,-
73,多摩卸売市場前,鎌倉街道×尾根幹線,R4/10,多摩中央,A 乞田新大橋交差点,3町田街道,18,0,-,-
73,多摩卸売市場前,鎌倉街道×尾根幹線,R4/10,多摩中央,A 乞田新大橋交差点,3町田街道,12時間計,0,-,-
73,多摩卸売市場前,鎌倉街道×尾根幹線,R4/10,多摩中央,A 乞田新大橋交差点,流入計,7,14,19,33
73,多摩卸売市場前,鎌倉街道×尾根幹線,R4/10,多摩中央,A 乞田新大橋交差点,流入計,8,10,21,31
73,多摩卸売市場前,鎌倉街道×尾根幹線,R4/10,多摩中央,A 乞田新大橋交差点,流入計,9,3,16,19
73,多摩卸売市場前,鎌倉街道×尾根幹線,R4/10,多摩中央,A 乞田新大橋交差点,流入計,10,4,26,30
73,多摩卸売市場前,鎌倉街道×尾根幹線,R4/10,多摩中央,A 乞田新大橋交差点,流入計,11,6,13,19
73,多摩卸売市場前,鎌倉街道×尾根幹線,R4/10,多摩中央,A 乞田新大橋交差点,流入計,12,2,5,7
73,多摩卸売市場前,鎌倉街道×尾根幹線,R4/10,多摩中央,A 乞田新大橋交差点,流入計,13,4,5,9
73,多摩卸売市場前,鎌倉街道×尾根幹線,R4/10,多摩中央,A 乞田新大橋交差点,流入計,14,4,10,14
73,多摩卸売市場前,鎌倉街道×尾根幹線,R4/10,多摩中央,A 乞田新大橋交差点,流入計,15,4,8,12
73,多摩卸売市場前,鎌倉街道×尾根幹線,R4/10,多摩中央,A 乞田新大橋交差点,流入計,16,5,14,19
73,多摩卸売市場前,鎌倉街道×尾根幹線,R4/10,多摩中央,A 乞田新大橋交差点,流入計,17,3,19,22
73,多摩卸売市場前,鎌倉街道×尾根幹線,R4/10,多摩中央,A 乞田新大橋交差点,流入計,18,4,16,20
73,多摩卸売市場前,鎌倉街道×尾根幹線,R4/10,多摩中央,A 乞田新大橋交差点,流入計,12時間計,63,172,235
73,多摩卸売市場前,鎌倉街道×尾根幹線,R4/10,多摩中央,B 町田街道,4乞田新大橋交差点,7,1,-,-
73,多摩卸売市場前,鎌倉街道×尾根幹線,R4/10,多摩中央,B 町田街道,4乞田新大橋交差点,8,1,-,-
73,多摩卸売市場前,鎌倉街道×尾根幹線,R4/10,多摩中央,B 町田街道,4乞田新大橋交差点,9,0,-,-
73,多摩卸売市場前,鎌倉街道×尾根幹線,R4/10,多摩中央,B 町田街道,4乞田新大橋交差点,10,0,-,-
73,多摩卸売市場前,鎌倉街道×尾根幹線,R4/10,多摩中央,B 町田街道,4乞田新大橋交差点,11,1,-,-
73,多摩卸売市場前,鎌倉街道×尾根幹線,R4/10,多摩中央,B 町田街道,4乞田新大橋交差点,12,1,-,-
73,多摩卸売市場前,鎌倉街道×尾根幹線,R4/10,多摩中央,B 町田街道,4乞田新大橋交差点,13,1,-,-
73,多摩卸売市場前,鎌倉街道×尾根幹線,R4/10,多摩中央,B 町田街道,4乞田新大橋交差点,14,0,-,-
73,多摩卸売市場前,鎌倉街道×尾根幹線,R4/10,多摩中央,B 町田街道,4乞田新大橋交差点,15,0,-,-
73,多摩卸売市場前,鎌倉街道×尾根幹線,R4/10,多摩中央,B 町田街道,4乞田新大橋交差点,16,2,-,-
73,多摩卸売市場前,鎌倉街道×尾根幹線,R4/10,多摩中央,B 町田街道,4乞田新大橋交差点,17,0,-,-
73,多摩卸売市場前,鎌倉街道×尾根幹線,R4/10,多摩中央,B 町田街道,4乞田新大橋交差点,18,0,-,-
73,多摩卸売市場前,鎌倉街道×尾根幹線,R4/10,多摩中央,B 町田街道,4乞田新大橋交差点,12時間計,7,-,-
73,多摩卸売市場前,鎌倉街道×尾根幹線,R4/10,多摩中央,B 町田街道,5鶴川街道,7,5,-,-
73,多摩卸売市場前,鎌倉街道×尾根幹線,R4/10,多摩中央,B 町田街道,5鶴川街道,8,16,-,-
73,多摩卸売市場前,鎌倉街道×尾根幹線,R4/10,多摩中央,B 町田街道,5鶴川街道,9,12,-,-
73,多摩卸売市場前,鎌倉街道×尾根幹線,R4/10,多摩中央,B 町田街道,5鶴川街道,10,11,-,-
73,多摩卸売市場前,鎌倉街道×尾根幹線,R4/10,多摩中央,B 町田街道,5鶴川街道,11,10,-,-
73,多摩卸売市場前,鎌倉街道×尾根幹線,R4/10,多摩中央,B 町田街道,5鶴川街道,12,10,-,-
73,多摩卸売市場前,鎌倉街道×尾根幹線,R4/10,多摩中央,B 町田街道,5鶴川街道,13,7,-,-
73,多摩卸売市場前,鎌倉街道×尾根幹線,R4/10,多摩中央,B 町田街道,5鶴川街道,14,4,-,-
73,多摩卸売市場前,鎌倉街道×尾根幹線,R4/10,多摩中央,B 町田街道,5鶴川街道,15,8,-,-
73,多摩卸売市場前,鎌倉街道×尾根幹線,R4/10,多摩中央,B 町田街道,5鶴川街道,16,7,-,-
73,多摩卸売市場前,鎌倉街道×尾根幹線,R4/10,多摩中央,B 町田街道,5鶴川街道,17,10,-,-
73,多摩卸売市場前,鎌倉街道×尾根幹線,R4/10,多摩中央,B 町田街道,5鶴川街道,18,1,-,-
73,多摩卸売市場前,鎌倉街道×尾根幹線,R4/10,多摩中央,B 町田街道,5鶴川街道,12時間計,101,-,-
73,多摩卸売市場前,鎌倉街道×尾根幹線,R4/10,多摩中央,B 町田街道,6町田市,7,0,-,-
73,多摩卸売市場前,鎌倉街道×尾根幹線,R4/10,多摩中央,B 町田街道,6町田市,8,0,-,-
73,多摩卸売市場前,鎌倉街道×尾根幹線,R4/10,多摩中央,B 町田街道,6町田市,9,0,-,-
73,多摩卸売市場前,鎌倉街道×尾根幹線,R4/10,多摩中央,B 町田街道,6町田市,10,0,-,-
73,多摩卸売市場前,鎌倉街道×尾根幹線,R4/10,多摩中央,B 町田街道,6町田市,11,0,-,-
73,多摩卸売市場前,鎌倉街道×尾根幹線,R4/10,多摩中央,B 町田街道,6町田市,12,0,-,-
73,多摩卸売市場前,鎌倉街道×尾根幹線,R4/10,多摩中央,B 町田街道,6町田市,13,0,-,-
73,多摩卸売市場前,鎌倉街道×尾根幹線,R4/10,多摩中央,B 町田街道,6町田市,14,0,-,-
73,多摩卸売市場前,鎌倉街道×尾根幹線,R4/10,多摩中央,B 町田街道,6町田市,15,0,-,-
73,多摩卸売市場前,鎌倉街道×尾根幹線,R4/10,多摩中央,B 町田街道,6町田市,16,0,-,-
73,多摩卸売市場前,鎌倉街道×尾根幹線,R4/10,多摩中央,B 町田街道,6町田市,17,0,-,-
73,多摩卸売市場前,鎌倉街道×尾根幹線,R4/10,多摩中央,B 町田街道,6町田市,18,0,-,-
73,多摩卸売市場前,鎌倉街道×尾根幹線,R4/10,多摩中央,B 町田街道,6町田市,12時間計,0,-,-
73,多摩卸売市場前,鎌倉街道×尾根幹線,R4/10,多摩中央,B 町田街道,流入計,7,6,72,78
73,多摩卸売市場前,鎌倉街道×尾根幹線,R4/10,多摩中央,B 町田街道,流入計,8,17,76,93
73,多摩卸売市場前,鎌倉街道×尾根幹線,R4/10,多摩中央,B 町田街道,流入計,9,12,32,44
73,多摩卸売市場前,鎌倉街道×尾根幹線,R4/10,多摩中央,B 町田街道,流入計,10,11,26,37
73,多摩卸売市場前,鎌倉街道×尾根幹線,R4/10,多摩中央,B 町田街道,流入計,11,11,24,35
73,多摩卸売市場前,鎌倉街道×尾根幹線,R4/10,多摩中央,B 町田街道,流入計,12,11,35,46
73,多摩卸売市場前,鎌倉街道×尾根幹線,R4/10,多摩中央,B 町田街道,流入計,13,8,12,20
73,多摩卸売市場前,鎌倉街道×尾根幹線,R4/10,多摩中央,B 町田街道,流入計,14,4,30,34
73,多摩卸売市場前,鎌倉街道×尾根幹線,R4/10,多摩中央,B 町田街道,流入計,15,8,17,25
73,多摩卸売市場前,鎌倉街道×尾根幹線,R4/10,多摩中央,B 町田街道,流入計,16,9,28,37
73,多摩卸売市場前,鎌倉街道×尾根幹線,R4/10,多摩中央,B 町田街道,流入計,17,10,40,50
73,多摩卸売市場前,鎌倉街道×尾根幹線,R4/10,多摩中央,B 町田街道,流入計,18,1,25,26
73,多摩卸売市場前,鎌倉街道×尾根幹線,R4/10,多摩中央,B 町田街道,流入計,12時間計,108,417,525
73,多摩卸売市場前,鎌倉街道×尾根幹線,R4/10,多摩中央,C 町田市,7町田街道,7,0,-,-
73,多摩卸売市場前,鎌倉街道×尾根幹線,R4/10,多摩中央,C 町田市,7町田街道,8,3,-,-
73,多摩卸売市場前,鎌倉街道×尾根幹線,R4/10,多摩中央,C 町田市,7町田街道,9,1,-,-
73,多摩卸売市場前,鎌倉街道×尾根幹線,R4/10,多摩中央,C 町田市,7町田街道,10,0,-,-
73,多摩卸売市場前,鎌倉街道×尾根幹線,R4/10,多摩中央,C 町田市,7町田街道,11,0,-,-
73,多摩卸売市場前,鎌倉街道×尾根幹線,R4/10,多摩中央,C 町田市,7町田街道,12,1,-,-
73,多摩卸売市場前,鎌倉街道×尾根幹線,R4/10,多摩中央,C 町田市,7町田街道,13,1,-,-
73,多摩卸売市場前,鎌倉街道×尾根幹線,R4/10,多摩中央,C 町田市,7町田街道,14,0,-,-
73,多摩卸売市場前,鎌倉街道×尾根幹線,R4/10,多摩中央,C 町田市,7町田街道,15,0,-,-
73,多摩卸売市場前,鎌倉街道×尾根幹線,R4/10,多摩中央,C 町田市,7町田街道,16,0,-,-
73,多摩卸売市場前,鎌倉街道×尾根幹線,R4/10,多摩中央,C 町田市,7町田街道,17,1,-,-
73,多摩卸売市場前,鎌倉街道×尾根幹線,R4/10,多摩中央,C 町田市,7町田街道,18,0,-,-
73,多摩卸売市場前,鎌倉街道×尾根幹線,R4/10,多摩中央,C 町田市,7町田街道,12時間計,7,-,-
73,多摩卸売市場前,鎌倉街道×尾根幹線,R4/10,多摩中央,C 町田市,8乞田新大橋交差点,7,9,-,-
73,多摩卸売市場前,鎌倉街道×尾根幹線,R4/10,多摩中央,C 町田市,8乞田新大橋交差点,8,12,-,-
73,多摩卸売市場前,鎌倉街道×尾根幹線,R4/10,多摩中央,C 町田市,8乞田新大橋交差点,9,5,-,-
73,多摩卸売市場前,鎌倉街道×尾根幹線,R4/10,多摩中央,C 町田市,8乞田新大橋交差点,10,4,-,-
73,多摩卸売市場前,鎌倉街道×尾根幹線,R4/10,多摩中央,C 町田市,8乞田新大橋交差点,11,1,-,-
73,多摩卸売市場前,鎌倉街道×尾根幹線,R4/10,多摩中央,C 町田市,8乞田新大橋交差点,12,1,-,-
73,多摩卸売市場前,鎌倉街道×尾根幹線,R4/10,多摩中央,C 町田市,8乞田新大橋交差点,13,3,-,-
73,多摩卸売市場前,鎌倉街道×尾根幹線,R4/10,多摩中央,C 町田市,8乞田新大橋交差点,14,1,-,-
73,多摩卸売市場前,鎌倉街道×尾根幹線,R4/10,多摩中央,C 町田市,8乞田新大橋交差点,15,9,-,-
73,多摩卸売市場前,鎌倉街道×尾根幹線,R4/10,多摩中央,C 町田市,8乞田新大橋交差点,16,7,-,-
73,多摩卸売市場前,鎌倉街道×尾根幹線,R4/10,多摩中央,C 町田市,8乞田新大橋交差点,17,6,-,-
73,多摩卸売市場前,鎌倉街道×尾根幹線,R4/10,多摩中央,C 町田市,8乞田新大橋交差点,18,4,-,-
73,多摩卸売市場前,鎌倉街道×尾根幹線,R4/10,多摩中央,C 町田市,8乞田新大橋交差点,12時間計,62,-,-
73,多摩卸売市場前,鎌倉街道×尾根幹線,R4/10,多摩中央,C 町田市,9鶴川街道,7,0,-,-
73,多摩卸売市場前,鎌倉街道×尾根幹線,R4/10,多摩中央,C 町田市,9鶴川街道,8,1,-,-
73,多摩卸売市場前,鎌倉街道×尾根幹線,R4/10,多摩中央,C 町田市,9鶴川街道,9,0,-,-
73,多摩卸売市場前,鎌倉街道×尾根幹線,R4/10,多摩中央,C 町田市,9鶴川街道,10,0,-,-
73,多摩卸売市場前,鎌倉街道×尾根幹線,R4/10,多摩中央,C 町田市,9鶴川街道,11,0,-,-
73,多摩卸売市場前,鎌倉街道×尾根幹線,R4/10,多摩中央,C 町田市,9鶴川街道,12,0,-,-
73,多摩卸売市場前,鎌倉街道×尾根幹線,R4/10,多摩中央,C 町田市,9鶴川街道,13,0,-,-
73,多摩卸売市場前,鎌倉街道×尾根幹線,R4/10,多摩中央,C 町田市,9鶴川街道,14,1,-,-
73,多摩卸売市場前,鎌倉街道×尾根幹線,R4/10,多摩中央,C 町田市,9鶴川街道,15,0,-,-
73,多摩卸売市場前,鎌倉街道×尾根幹線,R4/10,多摩中央,C 町田市,9鶴川街道,16,0,-,-
73,多摩卸売市場前,鎌倉街道×尾根幹線,R4/10,多摩中央,C 町田市,9鶴川街道,17,0,-,-
73,多摩卸売市場前,鎌倉街道×尾根幹線,R4/10,多摩中央,C 町田市,9鶴川街道,18,0,-,-
73,多摩卸売市場前,鎌倉街道×尾根幹線,R4/10,多摩中央,C 町田市,9鶴川街道,12時間計,2,-,-
73,多摩卸売市場前,鎌倉街道×尾根幹線,R4/10,多摩中央,C 町田市,流入計,7,9,13,22
73,多摩卸売市場前,鎌倉街道×尾根幹線,R4/10,多摩中央,C 町田市,流入計,8,16,32,48
73,多摩卸売市場前,鎌倉街道×尾根幹線,R4/10,多摩中央,C 町田市,流入計,9,6,5,11
73,多摩卸売市場前,鎌倉街道×尾根幹線,R4/10,多摩中央,C 町田市,流入計,10,4,5,9
73,多摩卸売市場前,鎌倉街道×尾根幹線,R4/10,多摩中央,C 町田市,流入計,11,1,2,3
73,多摩卸売市場前,鎌倉街道×尾根幹線,R4/10,多摩中央,C 町田市,流入計,12,2,6,8
73,多摩卸売市場前,鎌倉街道×尾根幹線,R4/10,多摩中央,C 町田市,流入計,13,4,1,5
73,多摩卸売市場前,鎌倉街道×尾根幹線,R4/10,多摩中央,C 町田市,流入計,14,2,18,20
73,多摩卸売市場前,鎌倉街道×尾根幹線,R4/10,多摩中央,C 町田市,流入計,15,9,7,16
73,多摩卸売市場前,鎌倉街道×尾根幹線,R4/10,多摩中央,C 町田市,流入計,16,7,5,12
73,多摩卸売市場前,鎌倉街道×尾根幹線,R4/10,多摩中央,C 町田市,流入計,17,7,7,14
73,多摩卸売市場前,鎌倉街道×尾根幹線,R4/10,多摩中央,C 町田市,流入計,18,4,2,6
73,多摩卸売市場前,鎌倉街道×尾根幹線,R4/10,多摩中央,C 町田市,流入計,12時間計,71,103,174
73,多摩卸売市場前,鎌倉街道×尾根幹線,R4/10,多摩中央,D 鶴川街道,10町田市,7,3,-,-
73,多摩卸売市場前,鎌倉街道×尾根幹線,R4/10,多摩中央,D 鶴川街道,10町田市,8,8,-,-
73,多摩卸売市場前,鎌倉街道×尾根幹線,R4/10,多摩中央,D 鶴川街道,10町田市,9,1,-,-
73,多摩卸売市場前,鎌倉街道×尾根幹線,R4/10,多摩中央,D 鶴川街道,10町田市,10,3,-,-
73,多摩卸売市場前,鎌倉街道×尾根幹線,R4/10,多摩中央,D 鶴川街道,10町田市,11,2,-,-
73,多摩卸売市場前,鎌倉街道×尾根幹線,R4/10,多摩中央,D 鶴川街道,10町田市,12,6,-,-
73,多摩卸売市場前,鎌倉街道×尾根幹線,R4/10,多摩中央,D 鶴川街道,10町田市,13,3,-,-
73,多摩卸売市場前,鎌倉街道×尾根幹線,R4/10,多摩中央,D 鶴川街道,10町田市,14,6,-,-
73,多摩卸売市場前,鎌倉街道×尾根幹線,R4/10,多摩中央,D 鶴川街道,10町田市,15,2,-,-
73,多摩卸売市場前,鎌倉街道×尾根幹線,R4/10,多摩中央,D 鶴川街道,10町田市,16,2,-,-
73,多摩卸売市場前,鎌倉街道×尾根幹線,R4/10,多摩中央,D 鶴川街道,10町田市,17,2,-,-
73,多摩卸売市場前,鎌倉街道×尾根幹線,R4/10,多摩中央,D 鶴川街道,10町田市,18,5,-,-
73,多摩卸売市場前,鎌倉街道×尾根幹線,R4/10,多摩中央,D 鶴川街道,10町田市,12時間計,43,-,-
73,多摩卸売市場前,鎌倉街道×尾根幹線,R4/10,多摩中央,D 鶴川街道,11町田街道,7,21,-,-
73,多摩卸売市場前,鎌倉街道×尾根幹線,R4/10,多摩中央,D 鶴川街道,11町田街道,8,11,-,-
73,多摩卸売市場前,鎌倉街道×尾根幹線,R4/10,多摩中央,D 鶴川街道,11町田街道,9,8,-,-
73,多摩卸売市場前,鎌倉街道×尾根幹線,R4/10,多摩中央,D 鶴川街道,11町田街道,10,22,-,-
73,多摩卸売市場前,鎌倉街道×尾根幹線,R4/10,多摩中央,D 鶴川街道,11町田街道,11,19,-,-
73,多摩卸売市場前,鎌倉街道×尾根幹線,R4/10,多摩中央,D 鶴川街道,11町田街道,12,5,-,-
73,多摩卸売市場前,鎌倉街道×尾根幹線,R4/10,多摩中央,D 鶴川街道,11町田街道,13,6,-,-
73,多摩卸売市場前,鎌倉街道×尾根幹線,R4/10,多摩中央,D 鶴川街道,11町田街道,14,6,-,-
73,多摩卸売市場前,鎌倉街道×尾根幹線,R4/10,多摩中央,D 鶴川街道,11町田街道,15,6,-,-
73,多摩卸売市場前,鎌倉街道×尾根幹線,R4/10,多摩中央,D 鶴川街道,11町田街道,16,6,-,-
73,多摩卸売市場前,鎌倉街道×尾根幹線,R4/10,多摩中央,D 鶴川街道,11町田街道,17,3,-,-
73,多摩卸売市場前,鎌倉街道×尾根幹線,R4/10,多摩中央,D 鶴川街道,11町田街道,18,4,-,-
73,多摩卸売市場前,鎌倉街道×尾根幹線,R4/10,多摩中央,D 鶴川街道,11町田街道,12時間計,117,-,-
73,多摩卸売市場前,鎌倉街道×尾根幹線,R4/10,多摩中央,D 鶴川街道,12乞田新大橋交差点,7,0,-,-
73,多摩卸売市場前,鎌倉街道×尾根幹線,R4/10,多摩中央,D 鶴川街道,12乞田新大橋交差点,8,0,-,-
73,多摩卸売市場前,鎌倉街道×尾根幹線,R4/10,多摩中央,D 鶴川街道,12乞田新大橋交差点,9,0,-,-
73,多摩卸売市場前,鎌倉街道×尾根幹線,R4/10,多摩中央,D 鶴川街道,12乞田新大橋交差点,10,0,-,-
73,多摩卸売市場前,鎌倉街道×尾根幹線,R4/10,多摩中央,D 鶴川街道,12乞田新大橋交差点,11,0,-,-
73,多摩卸売市場前,鎌倉街道×尾根幹線,R4/10,多摩中央,D 鶴川街道,12乞田新大橋交差点,12,0,-,-
73,多摩卸売市場前,鎌倉街道×尾根幹線,R4/10,多摩中央,D 鶴川街道,12乞田新大橋交差点,13,0,-,-
73,多摩卸売市場前,鎌倉街道×尾根幹線,R4/10,多摩中央,D 鶴川街道,12乞田新大橋交差点,14,0,-,-
73,多摩卸売市場前,鎌倉街道×尾根幹線,R4/10,多摩中央,D 鶴川街道,12乞田新大橋交差点,15,1,-,-
73,多摩卸売市場前,鎌倉街道×尾根幹線,R4/10,多摩中央,D 鶴川街道,12乞田新大橋交差点,16,1,-,-
73,多摩卸売市場前,鎌倉街道×尾根幹線,R4/10,多摩中央,D 鶴川街道,12乞田新大橋交差点,17,0,-,-
73,多摩卸売市場前,鎌倉街道×尾根幹線,R4/10,多摩中央,D 鶴川街道,12乞田新大橋交差点,18,0,-,-
73,多摩卸売市場前,鎌倉街道×尾根幹線,R4/10,多摩中央,D 鶴川街道,12乞田新大橋交差点,12時間計,2,-,-
73,多摩卸売市場前,鎌倉街道×尾根幹線,R4/10,多摩中央,D 鶴川街道,流入計,7,24,13,37
73,多摩卸売市場前,鎌倉街道×尾根幹線,R4/10,多摩中央,D 鶴川街道,流入計,8,19,43,62
73,多摩卸売市場前,鎌倉街道×尾根幹線,R4/10,多摩中央,D 鶴川街道,流入計,9,9,14,23
73,多摩卸売市場前,鎌倉街道×尾根幹線,R4/10,多摩中央,D 鶴川街道,流入計,10,25,12,37
73,多摩卸売市場前,鎌倉街道×尾根幹線,R4/10,多摩中央,D 鶴川街道,流入計,11,21,9,30
73,多摩卸売市場前,鎌倉街道×尾根幹線,R4/10,多摩中央,D 鶴川街道,流入計,12,11,5,16
73,多摩卸売市場前,鎌倉街道×尾根幹線,R4/10,多摩中央,D 鶴川街道,流入計,13,9,8,17
73,多摩卸売市場前,鎌倉街道×尾根幹線,R4/10,多摩中央,D 鶴川街道,流入計,14,12,17,29
73,多摩卸売市場前,鎌倉街道×尾根幹線,R4/10,多摩中央,D 鶴川街道,流入計,15,9,24,33
73,多摩卸売市場前,鎌倉街道×尾根幹線,R4/10,多摩中央,D 鶴川街道,流入計,16,9,28,37
73,多摩卸売市場前,鎌倉街道×尾根幹線,R4/10,多摩中央,D 鶴川街道,流入計,17,5,31,36
73,多摩卸売市場前,鎌倉街道×尾根幹線,R4/10,多摩中央,D 鶴川街道,流入計,18,9,25,34
73,多摩卸売市場前,鎌倉街道×尾根幹線,R4/10,多摩中央,D 鶴川街道,流入計,12時間計,162,229,391
73,多摩卸売市場前,鎌倉街道×尾根幹線,R4/10,多摩中央,全方向計,全方向計,7,53,117,170
73,多摩卸売市場前,鎌倉街道×尾根幹線,R4/10,多摩中央,全方向計,全方向計,8,62,172,234
73,多摩卸売市場前,鎌倉街道×尾根幹線,R4/10,多摩中央,全方向計,全方向計,9,30,67,97
73,多摩卸売市場前,鎌倉街道×尾根幹線,R4/10,多摩中央,全方向計,全方向計,10,44,69,113
73,多摩卸売市場前,鎌倉街道×尾根幹線,R4/10,多摩中央,全方向計,全方向計,11,39,48,87
73,多摩卸売市場前,鎌倉街道×尾根幹線,R4/10,多摩中央,全方向計,全方向計,12,26,51,77
73,多摩卸売市場前,鎌倉街道×尾根幹線,R4/10,多摩中央,全方向計,全方向計,13,25,26,51
73,多摩卸売市場前,鎌倉街道×尾根幹線,R4/10,多摩中央,全方向計,全方向計,14,22,75,97
73,多摩卸売市場前,鎌倉街道×尾根幹線,R4/10,多摩中央,全方向計,全方向計,15,30,56,86
73,多摩卸売市場前,鎌倉街道×尾根幹線,R4/10,多摩中央,全方向計,全方向計,16,30,75,105
73,多摩卸売市場前,鎌倉街道×尾根幹線,R4/10,多摩中央,全方向計,全方向計,17,25,97,122
73,多摩卸売市場前,鎌倉街道×尾根幹線,R4/10,多摩中央,全方向計,全方向計,18,18,68,86
73,多摩卸売市場前,鎌倉街道×尾根幹線,R4/10,多摩中央,全方向計,全方向計,12時間計,404,921,1325
