﻿地点番号,地点名,交差道路名,調査年月,管轄警察署,流入方向,流出方向,時間帯等,大型乗用,大型貨物,普通乗用,普通貨物,四輪計,二輪車
73,多摩卸売市場前,鎌倉街道×尾根幹線,R4/10,多摩中央,A 乞田新大橋交差点,1.鶴川街道,7,1,0,10,15,26,1
73,多摩卸売市場前,鎌倉街道×尾根幹線,R4/10,多摩中央,A 乞田新大橋交差点,1.鶴川街道,8,0,1,7,8,16,1
73,多摩卸売市場前,鎌倉街道×尾根幹線,R4/10,多摩中央,A 乞田新大橋交差点,1.鶴川街道,9,1,2,11,4,18,0
73,多摩卸売市場前,鎌倉街道×尾根幹線,R4/10,多摩中央,A 乞田新大橋交差点,1.鶴川街道,10,0,0,19,9,28,2
73,多摩卸売市場前,鎌倉街道×尾根幹線,R4/10,多摩中央,A 乞田新大橋交差点,1.鶴川街道,11,0,4,24,7,35,1
73,多摩卸売市場前,鎌倉街道×尾根幹線,R4/10,多摩中央,A 乞田新大橋交差点,1.鶴川街道,12,0,0,20,6,26,5
73,多摩卸売市場前,鎌倉街道×尾根幹線,R4/10,多摩中央,A 乞田新大橋交差点,1.鶴川街道,13,0,3,19,5,27,1
73,多摩卸売市場前,鎌倉街道×尾根幹線,R4/10,多摩中央,A 乞田新大橋交差点,1.鶴川街道,14,0,3,35,4,42,4
73,多摩卸売市場前,鎌倉街道×尾根幹線,R4/10,多摩中央,A 乞田新大橋交差点,1.鶴川街道,15,1,2,40,10,53,4
73,多摩卸売市場前,鎌倉街道×尾根幹線,R4/10,多摩中央,A 乞田新大橋交差点,1.鶴川街道,16,0,0,28,8,36,0
73,多摩卸売市場前,鎌倉街道×尾根幹線,R4/10,多摩中央,A 乞田新大橋交差点,1.鶴川街道,17,0,0,27,4,31,4
73,多摩卸売市場前,鎌倉街道×尾根幹線,R4/10,多摩中央,A 乞田新大橋交差点,1.鶴川街道,18,0,1,20,3,24,1
73,多摩卸売市場前,鎌倉街道×尾根幹線,R4/10,多摩中央,A 乞田新大橋交差点,1.鶴川街道,12時間計,3,16,260,83,362,24
73,多摩卸売市場前,鎌倉街道×尾根幹線,R4/10,多摩中央,A 乞田新大橋交差点,2.町田市,7,14,10,338,192,554,23
73,多摩卸売市場前,鎌倉街道×尾根幹線,R4/10,多摩中央,A 乞田新大橋交差点,2.町田市,8,9,9,278,157,453,20
73,多摩卸売市場前,鎌倉街道×尾根幹線,R4/10,多摩中央,A 乞田新大橋交差点,2.町田市,9,8,11,236,131,386,12
73,多摩卸売市場前,鎌倉街道×尾根幹線,R4/10,多摩中央,A 乞田新大橋交差点,2.町田市,10,7,10,220,117,354,11
73,多摩卸売市場前,鎌倉街道×尾根幹線,R4/10,多摩中央,A 乞田新大橋交差点,2.町田市,11,5,3,257,117,382,8
73,多摩卸売市場前,鎌倉街道×尾根幹線,R4/10,多摩中央,A 乞田新大橋交差点,2.町田市,12,9,5,251,126,391,10
73,多摩卸売市場前,鎌倉街道×尾根幹線,R4/10,多摩中央,A 乞田新大橋交差点,2.町田市,13,7,9,257,129,402,14
73,多摩卸売市場前,鎌倉街道×尾根幹線,R4/10,多摩中央,A 乞田新大橋交差点,2.町田市,14,11,7,263,99,380,23
73,多摩卸売市場前,鎌倉街道×尾根幹線,R4/10,多摩中央,A 乞田新大橋交差点,2.町田市,15,8,8,219,109,344,14
73,多摩卸売市場前,鎌倉街道×尾根幹線,R4/10,多摩中央,A 乞田新大橋交差点,2.町田市,16,8,6,283,145,442,26
73,多摩卸売市場前,鎌倉街道×尾根幹線,R4/10,多摩中央,A 乞田新大橋交差点,2.町田市,17,6,4,351,177,538,44
73,多摩卸売市場前,鎌倉街道×尾根幹線,R4/10,多摩中央,A 乞田新大橋交差点,2.町田市,18,4,4,399,274,681,40
73,多摩卸売市場前,鎌倉街道×尾根幹線,R4/10,多摩中央,A 乞田新大橋交差点,2.町田市,12時間計,96,86,3352,1773,5307,245
73,多摩卸売市場前,鎌倉街道×尾根幹線,R4/10,多摩中央,A 乞田新大橋交差点,3.町田街道,7,1,1,14,8,24,1
73,多摩卸売市場前,鎌倉街道×尾根幹線,R4/10,多摩中央,A 乞田新大橋交差点,3.町田街道,8,3,0,32,19,54,2
73,多摩卸売市場前,鎌倉街道×尾根幹線,R4/10,多摩中央,A 乞田新大橋交差点,3.町田街道,9,2,0,27,12,41,2
73,多摩卸売市場前,鎌倉街道×尾根幹線,R4/10,多摩中央,A 乞田新大橋交差点,3.町田街道,10,2,1,34,11,48,3
73,多摩卸売市場前,鎌倉街道×尾根幹線,R4/10,多摩中央,A 乞田新大橋交差点,3.町田街道,11,4,1,49,16,70,4
73,多摩卸売市場前,鎌倉街道×尾根幹線,R4/10,多摩中央,A 乞田新大橋交差点,3.町田街道,12,1,2,38,16,57,1
73,多摩卸売市場前,鎌倉街道×尾根幹線,R4/10,多摩中央,A 乞田新大橋交差点,3.町田街道,13,1,3,45,19,68,1
73,多摩卸売市場前,鎌倉街道×尾根幹線,R4/10,多摩中央,A 乞田新大橋交差点,3.町田街道,14,4,1,73,25,103,1
73,多摩卸売市場前,鎌倉街道×尾根幹線,R4/10,多摩中央,A 乞田新大橋交差点,3.町田街道,15,1,0,33,12,46,0
73,多摩卸売市場前,鎌倉街道×尾根幹線,R4/10,多摩中央,A 乞田新大橋交差点,3.町田街道,16,3,0,59,9,71,5
73,多摩卸売市場前,鎌倉街道×尾根幹線,R4/10,多摩中央,A 乞田新大橋交差点,3.町田街道,17,0,0,41,8,49,4
73,多摩卸売市場前,鎌倉街道×尾根幹線,R4/10,多摩中央,A 乞田新大橋交差点,3.町田街道,18,0,2,61,14,77,5
73,多摩卸売市場前,鎌倉街道×尾根幹線,R4/10,多摩中央,A 乞田新大橋交差点,3.町田街道,12時間計,22,11,506,169,708,29
73,多摩卸売市場前,鎌倉街道×尾根幹線,R4/10,多摩中央,A 乞田新大橋交差点,流入計,7,16,11,362,215,604,25
73,多摩卸売市場前,鎌倉街道×尾根幹線,R4/10,多摩中央,A 乞田新大橋交差点,流入計,8,12,10,317,184,523,23
73,多摩卸売市場前,鎌倉街道×尾根幹線,R4/10,多摩中央,A 乞田新大橋交差点,流入計,9,11,13,274,147,445,14
73,多摩卸売市場前,鎌倉街道×尾根幹線,R4/10,多摩中央,A 乞田新大橋交差点,流入計,10,9,11,273,137,430,16
73,多摩卸売市場前,鎌倉街道×尾根幹線,R4/10,多摩中央,A 乞田新大橋交差点,流入計,11,9,8,330,140,487,13
73,多摩卸売市場前,鎌倉街道×尾根幹線,R4/10,多摩中央,A 乞田新大橋交差点,流入計,12,10,7,309,148,474,16
73,多摩卸売市場前,鎌倉街道×尾根幹線,R4/10,多摩中央,A 乞田新大橋交差点,流入計,13,8,15,321,153,497,16
73,多摩卸売市場前,鎌倉街道×尾根幹線,R4/10,多摩中央,A 乞田新大橋交差点,流入計,14,15,11,371,128,525,28
73,多摩卸売市場前,鎌倉街道×尾根幹線,R4/10,多摩中央,A 乞田新大橋交差点,流入計,15,10,10,292,131,443,18
73,多摩卸売市場前,鎌倉街道×尾根幹線,R4/10,多摩中央,A 乞田新大橋交差点,流入計,16,11,6,370,162,549,31
73,多摩卸売市場前,鎌倉街道×尾根幹線,R4/10,多摩中央,A 乞田新大橋交差点,流入計,17,6,4,419,189,618,52
73,多摩卸売市場前,鎌倉街道×尾根幹線,R4/10,多摩中央,A 乞田新大橋交差点,流入計,18,4,7,480,291,782,46
73,多摩卸売市場前,鎌倉街道×尾根幹線,R4/10,多摩中央,A 乞田新大橋交差点,流入計,12時間計,121,113,4118,2025,6377,298
73,多摩卸売市場前,鎌倉街道×尾根幹線,R4/10,多摩中央,B 町田街道,4.乞田新大橋交差点,7,0,0,13,6,19,0
73,多摩卸売市場前,鎌倉街道×尾根幹線,R4/10,多摩中央,B 町田街道,4.乞田新大橋交差点,8,1,1,35,14,51,2
73,多摩卸売市場前,鎌倉街道×尾根幹線,R4/10,多摩中央,B 町田街道,4.乞田新大橋交差点,9,1,3,24,12,40,1
73,多摩卸売市場前,鎌倉街道×尾根幹線,R4/10,多摩中央,B 町田街道,4.乞田新大橋交差点,10,1,1,20,18,40,0
73,多摩卸売市場前,鎌倉街道×尾根幹線,R4/10,多摩中央,B 町田街道,4.乞田新大橋交差点,11,0,1,34,11,46,2
73,多摩卸売市場前,鎌倉街道×尾根幹線,R4/10,多摩中央,B 町田街道,4.乞田新大橋交差点,12,1,0,45,10,56,3
73,多摩卸売市場前,鎌倉街道×尾根幹線,R4/10,多摩中央,B 町田街道,4.乞田新大橋交差点,13,0,1,31,15,47,2
73,多摩卸売市場前,鎌倉街道×尾根幹線,R4/10,多摩中央,B 町田街道,4.乞田新大橋交差点,14,1,0,46,14,61,2
73,多摩卸売市場前,鎌倉街道×尾根幹線,R4/10,多摩中央,B 町田街道,4.乞田新大橋交差点,15,2,1,35,7,45,4
73,多摩卸売市場前,鎌倉街道×尾根幹線,R4/10,多摩中央,B 町田街道,4.乞田新大橋交差点,16,1,2,35,10,48,5
73,多摩卸売市場前,鎌倉街道×尾根幹線,R4/10,多摩中央,B 町田街道,4.乞田新大橋交差点,17,0,0,43,9,52,6
73,多摩卸売市場前,鎌倉街道×尾根幹線,R4/10,多摩中央,B 町田街道,4.乞田新大橋交差点,18,0,0,34,6,40,2
73,多摩卸売市場前,鎌倉街道×尾根幹線,R4/10,多摩中央,B 町田街道,4.乞田新大橋交差点,12時間計,8,10,395,132,545,29
73,多摩卸売市場前,鎌倉街道×尾根幹線,R4/10,多摩中央,B 町田街道,5.鶴川街道,7,6,12,290,145,453,23
73,多摩卸売市場前,鎌倉街道×尾根幹線,R4/10,多摩中央,B 町田街道,5.鶴川街道,8,3,5,263,136,407,62
73,多摩卸売市場前,鎌倉街道×尾根幹線,R4/10,多摩中央,B 町田街道,5.鶴川街道,9,3,6,178,126,313,27
73,多摩卸売市場前,鎌倉街道×尾根幹線,R4/10,多摩中央,B 町田街道,5.鶴川街道,10,4,12,221,104,341,29
73,多摩卸売市場前,鎌倉街道×尾根幹線,R4/10,多摩中央,B 町田街道,5.鶴川街道,11,4,5,239,113,361,21
73,多摩卸売市場前,鎌倉街道×尾根幹線,R4/10,多摩中央,B 町田街道,5.鶴川街道,12,1,6,246,68,321,45
73,多摩卸売市場前,鎌倉街道×尾根幹線,R4/10,多摩中央,B 町田街道,5.鶴川街道,13,5,4,275,91,375,23
73,多摩卸売市場前,鎌倉街道×尾根幹線,R4/10,多摩中央,B 町田街道,5.鶴川街道,14,2,6,264,111,383,24
73,多摩卸売市場前,鎌倉街道×尾根幹線,R4/10,多摩中央,B 町田街道,5.鶴川街道,15,3,5,304,94,406,21
73,多摩卸売市場前,鎌倉街道×尾根幹線,R4/10,多摩中央,B 町田街道,5.鶴川街道,16,3,7,312,96,418,35
73,多摩卸売市場前,鎌倉街道×尾根幹線,R4/10,多摩中央,B 町田街道,5.鶴川街道,17,5,8,336,111,460,52
73,多摩卸売市場前,鎌倉街道×尾根幹線,R4/10,多摩中央,B 町田街道,5.鶴川街道,18,1,4,294,68,367,37
73,多摩卸売市場前,鎌倉街道×尾根幹線,R4/10,多摩中央,B 町田街道,5.鶴川街道,12時間計,40,80,3222,1263,4605,399
73,多摩卸売市場前,鎌倉街道×尾根幹線,R4/10,多摩中央,B 町田街道,6.町田市,7,3,10,56,20,89,5
73,多摩卸売市場前,鎌倉街道×尾根幹線,R4/10,多摩中央,B 町田街道,6.町田市,8,3,5,65,21,94,1
73,多摩卸売市場前,鎌倉街道×尾根幹線,R4/10,多摩中央,B 町田街道,6.町田市,9,4,14,51,37,106,3
73,多摩卸売市場前,鎌倉街道×尾根幹線,R4/10,多摩中央,B 町田街道,6.町田市,10,3,8,83,34,128,4
73,多摩卸売市場前,鎌倉街道×尾根幹線,R4/10,多摩中央,B 町田街道,6.町田市,11,3,7,69,25,104,0
73,多摩卸売市場前,鎌倉街道×尾根幹線,R4/10,多摩中央,B 町田街道,6.町田市,12,5,8,70,30,113,3
73,多摩卸売市場前,鎌倉街道×尾根幹線,R4/10,多摩中央,B 町田街道,6.町田市,13,5,12,63,25,105,2
73,多摩卸売市場前,鎌倉街道×尾根幹線,R4/10,多摩中央,B 町田街道,6.町田市,14,3,4,70,36,113,2
73,多摩卸売市場前,鎌倉街道×尾根幹線,R4/10,多摩中央,B 町田街道,6.町田市,15,3,3,66,28,100,4
73,多摩卸売市場前,鎌倉街道×尾根幹線,R4/10,多摩中央,B 町田街道,6.町田市,16,3,8,47,29,87,7
73,多摩卸売市場前,鎌倉街道×尾根幹線,R4/10,多摩中央,B 町田街道,6.町田市,17,1,1,88,53,143,4
73,多摩卸売市場前,鎌倉街道×尾根幹線,R4/10,多摩中央,B 町田街道,6.町田市,18,6,0,98,13,117,3
73,多摩卸売市場前,鎌倉街道×尾根幹線,R4/10,多摩中央,B 町田街道,6.町田市,12時間計,42,80,826,351,1299,38
73,多摩卸売市場前,鎌倉街道×尾根幹線,R4/10,多摩中央,B 町田街道,流入計,7,9,22,359,171,561,28
73,多摩卸売市場前,鎌倉街道×尾根幹線,R4/10,多摩中央,B 町田街道,流入計,8,7,11,363,171,552,65
73,多摩卸売市場前,鎌倉街道×尾根幹線,R4/10,多摩中央,B 町田街道,流入計,9,8,23,253,175,459,31
73,多摩卸売市場前,鎌倉街道×尾根幹線,R4/10,多摩中央,B 町田街道,流入計,10,8,21,324,156,509,33
73,多摩卸売市場前,鎌倉街道×尾根幹線,R4/10,多摩中央,B 町田街道,流入計,11,7,13,342,149,511,23
73,多摩卸売市場前,鎌倉街道×尾根幹線,R4/10,多摩中央,B 町田街道,流入計,12,7,14,361,108,490,51
73,多摩卸売市場前,鎌倉街道×尾根幹線,R4/10,多摩中央,B 町田街道,流入計,13,10,17,369,131,527,27
73,多摩卸売市場前,鎌倉街道×尾根幹線,R4/10,多摩中央,B 町田街道,流入計,14,6,10,380,161,557,28
73,多摩卸売市場前,鎌倉街道×尾根幹線,R4/10,多摩中央,B 町田街道,流入計,15,8,9,405,129,551,29
73,多摩卸売市場前,鎌倉街道×尾根幹線,R4/10,多摩中央,B 町田街道,流入計,16,7,17,394,135,553,47
73,多摩卸売市場前,鎌倉街道×尾根幹線,R4/10,多摩中央,B 町田街道,流入計,17,6,9,467,173,655,62
73,多摩卸売市場前,鎌倉街道×尾根幹線,R4/10,多摩中央,B 町田街道,流入計,18,7,4,426,87,524,42
73,多摩卸売市場前,鎌倉街道×尾根幹線,R4/10,多摩中央,B 町田街道,流入計,12時間計,90,170,4443,1746,6449,466
73,多摩卸売市場前,鎌倉街道×尾根幹線,R4/10,多摩中央,C 町田市,7.町田街道,7,9,4,40,26,79,6
73,多摩卸売市場前,鎌倉街道×尾根幹線,R4/10,多摩中央,C 町田市,7.町田街道,8,6,3,64,20,93,2
73,多摩卸売市場前,鎌倉街道×尾根幹線,R4/10,多摩中央,C 町田市,7.町田街道,9,2,12,80,35,129,2
73,多摩卸売市場前,鎌倉街道×尾根幹線,R4/10,多摩中央,C 町田市,7.町田街道,10,8,8,52,43,111,1
73,多摩卸売市場前,鎌倉街道×尾根幹線,R4/10,多摩中央,C 町田市,7.町田街道,11,3,9,61,26,99,2
73,多摩卸売市場前,鎌倉街道×尾根幹線,R4/10,多摩中央,C 町田市,7.町田街道,12,6,9,53,26,94,2
73,多摩卸売市場前,鎌倉街道×尾根幹線,R4/10,多摩中央,C 町田市,7.町田街道,13,3,8,62,33,106,1
73,多摩卸売市場前,鎌倉街道×尾根幹線,R4/10,多摩中央,C 町田市,7.町田街道,14,3,6,73,22,104,5
73,多摩卸売市場前,鎌倉街道×尾根幹線,R4/10,多摩中央,C 町田市,7.町田街道,15,6,7,63,18,94,3
73,多摩卸売市場前,鎌倉街道×尾根幹線,R4/10,多摩中央,C 町田市,7.町田街道,16,3,3,68,21,95,5
73,多摩卸売市場前,鎌倉街道×尾根幹線,R4/10,多摩中央,C 町田市,7.町田街道,17,4,3,45,19,71,3
73,多摩卸売市場前,鎌倉街道×尾根幹線,R4/10,多摩中央,C 町田市,7.町田街道,18,3,1,55,14,73,2
73,多摩卸売市場前,鎌倉街道×尾根幹線,R4/10,多摩中央,C 町田市,7.町田街道,12時間計,56,73,716,303,1148,34
73,多摩卸売市場前,鎌倉街道×尾根幹線,R4/10,多摩中央,C 町田市,8.乞田新大橋交差点,7,5,20,391,238,654,45
73,多摩卸売市場前,鎌倉街道×尾根幹線,R4/10,多摩中央,C 町田市,8.乞田新大橋交差点,8,11,10,395,180,596,54
73,多摩卸売市場前,鎌倉街道×尾根幹線,R4/10,多摩中央,C 町田市,8.乞田新大橋交差点,9,12,20,320,159,511,16
73,多摩卸売市場前,鎌倉街道×尾根幹線,R4/10,多摩中央,C 町田市,8.乞田新大橋交差点,10,8,13,279,153,453,17
73,多摩卸売市場前,鎌倉街道×尾根幹線,R4/10,多摩中央,C 町田市,8.乞田新大橋交差点,11,9,17,280,135,441,14
73,多摩卸売市場前,鎌倉街道×尾根幹線,R4/10,多摩中央,C 町田市,8.乞田新大橋交差点,12,6,11,287,129,433,28
73,多摩卸売市場前,鎌倉街道×尾根幹線,R4/10,多摩中央,C 町田市,8.乞田新大橋交差点,13,6,15,240,117,378,15
73,多摩卸売市場前,鎌倉街道×尾根幹線,R4/10,多摩中央,C 町田市,8.乞田新大橋交差点,14,9,12,266,149,436,12
73,多摩卸売市場前,鎌倉街道×尾根幹線,R4/10,多摩中央,C 町田市,8.乞田新大橋交差点,15,9,10,282,141,442,12
73,多摩卸売市場前,鎌倉街道×尾根幹線,R4/10,多摩中央,C 町田市,8.乞田新大橋交差点,16,14,11,309,162,496,26
73,多摩卸売市場前,鎌倉街道×尾根幹線,R4/10,多摩中央,C 町田市,8.乞田新大橋交差点,17,8,6,354,155,523,26
73,多摩卸売市場前,鎌倉街道×尾根幹線,R4/10,多摩中央,C 町田市,8.乞田新大橋交差点,18,4,6,367,121,498,19
73,多摩卸売市場前,鎌倉街道×尾根幹線,R4/10,多摩中央,C 町田市,8.乞田新大橋交差点,12時間計,101,151,3770,1839,5861,284
73,多摩卸売市場前,鎌倉街道×尾根幹線,R4/10,多摩中央,C 町田市,9.鶴川街道,7,0,1,142,86,229,5
73,多摩卸売市場前,鎌倉街道×尾根幹線,R4/10,多摩中央,C 町田市,9.鶴川街道,8,3,8,139,97,247,15
73,多摩卸売市場前,鎌倉街道×尾根幹線,R4/10,多摩中央,C 町田市,9.鶴川街道,9,2,6,127,86,221,7
73,多摩卸売市場前,鎌倉街道×尾根幹線,R4/10,多摩中央,C 町田市,9.鶴川街道,10,3,8,122,73,206,3
73,多摩卸売市場前,鎌倉街道×尾根幹線,R4/10,多摩中央,C 町田市,9.鶴川街道,11,6,6,99,79,190,10
73,多摩卸売市場前,鎌倉街道×尾根幹線,R4/10,多摩中央,C 町田市,9.鶴川街道,12,4,8,123,75,210,15
73,多摩卸売市場前,鎌倉街道×尾根幹線,R4/10,多摩中央,C 町田市,9.鶴川街道,13,3,12,81,76,172,7
73,多摩卸売市場前,鎌倉街道×尾根幹線,R4/10,多摩中央,C 町田市,9.鶴川街道,14,8,9,109,71,197,10
73,多摩卸売市場前,鎌倉街道×尾根幹線,R4/10,多摩中央,C 町田市,9.鶴川街道,15,6,6,138,81,231,9
73,多摩卸売市場前,鎌倉街道×尾根幹線,R4/10,多摩中央,C 町田市,9.鶴川街道,16,4,5,138,75,222,14
73,多摩卸売市場前,鎌倉街道×尾根幹線,R4/10,多摩中央,C 町田市,9.鶴川街道,17,3,6,150,70,229,16
73,多摩卸売市場前,鎌倉街道×尾根幹線,R4/10,多摩中央,C 町田市,9.鶴川街道,18,6,1,143,39,189,9
73,多摩卸売市場前,鎌倉街道×尾根幹線,R4/10,多摩中央,C 町田市,9.鶴川街道,12時間計,48,76,1511,908,2543,120
73,多摩卸売市場前,鎌倉街道×尾根幹線,R4/10,多摩中央,C 町田市,流入計,7,14,25,573,350,962,56
73,多摩卸売市場前,鎌倉街道×尾根幹線,R4/10,多摩中央,C 町田市,流入計,8,20,21,598,297,936,71
73,多摩卸売市場前,鎌倉街道×尾根幹線,R4/10,多摩中央,C 町田市,流入計,9,16,38,527,280,861,25
73,多摩卸売市場前,鎌倉街道×尾根幹線,R4/10,多摩中央,C 町田市,流入計,10,19,29,453,269,770,21
73,多摩卸売市場前,鎌倉街道×尾根幹線,R4/10,多摩中央,C 町田市,流入計,11,18,32,440,240,730,26
73,多摩卸売市場前,鎌倉街道×尾根幹線,R4/10,多摩中央,C 町田市,流入計,12,16,28,463,230,737,45
73,多摩卸売市場前,鎌倉街道×尾根幹線,R4/10,多摩中央,C 町田市,流入計,13,12,35,383,226,656,23
73,多摩卸売市場前,鎌倉街道×尾根幹線,R4/10,多摩中央,C 町田市,流入計,14,20,27,448,242,737,27
73,多摩卸売市場前,鎌倉街道×尾根幹線,R4/10,多摩中央,C 町田市,流入計,15,21,23,483,240,767,24
73,多摩卸売市場前,鎌倉街道×尾根幹線,R4/10,多摩中央,C 町田市,流入計,16,21,19,515,258,813,45
73,多摩卸売市場前,鎌倉街道×尾根幹線,R4/10,多摩中央,C 町田市,流入計,17,15,15,549,244,823,45
73,多摩卸売市場前,鎌倉街道×尾根幹線,R4/10,多摩中央,C 町田市,流入計,18,13,8,565,174,760,30
73,多摩卸売市場前,鎌倉街道×尾根幹線,R4/10,多摩中央,C 町田市,流入計,12時間計,205,300,5997,3050,9552,438
73,多摩卸売市場前,鎌倉街道×尾根幹線,R4/10,多摩中央,D 鶴川街道,10.町田市,7,2,14,160,94,270,18
73,多摩卸売市場前,鎌倉街道×尾根幹線,R4/10,多摩中央,D 鶴川街道,10.町田市,8,3,11,162,76,252,10
73,多摩卸売市場前,鎌倉街道×尾根幹線,R4/10,多摩中央,D 鶴川街道,10.町田市,9,3,6,115,69,193,7
73,多摩卸売市場前,鎌倉街道×尾根幹線,R4/10,多摩中央,D 鶴川街道,10.町田市,10,2,7,110,81,200,17
73,多摩卸売市場前,鎌倉街道×尾根幹線,R4/10,多摩中央,D 鶴川街道,10.町田市,11,3,3,107,82,195,15
73,多摩卸売市場前,鎌倉街道×尾根幹線,R4/10,多摩中央,D 鶴川街道,10.町田市,12,4,9,116,78,207,16
73,多摩卸売市場前,鎌倉街道×尾根幹線,R4/10,多摩中央,D 鶴川街道,10.町田市,13,2,9,100,90,201,18
73,多摩卸売市場前,鎌倉街道×尾根幹線,R4/10,多摩中央,D 鶴川街道,10.町田市,14,2,13,104,89,208,31
73,多摩卸売市場前,鎌倉街道×尾根幹線,R4/10,多摩中央,D 鶴川街道,10.町田市,15,2,5,99,85,191,21
73,多摩卸売市場前,鎌倉街道×尾根幹線,R4/10,多摩中央,D 鶴川街道,10.町田市,16,3,10,123,114,250,18
73,多摩卸売市場前,鎌倉街道×尾根幹線,R4/10,多摩中央,D 鶴川街道,10.町田市,17,3,13,128,115,259,14
73,多摩卸売市場前,鎌倉街道×尾根幹線,R4/10,多摩中央,D 鶴川街道,10.町田市,18,2,6,186,86,280,25
73,多摩卸売市場前,鎌倉街道×尾根幹線,R4/10,多摩中央,D 鶴川街道,10.町田市,12時間計,31,106,1510,1059,2706,210
73,多摩卸売市場前,鎌倉街道×尾根幹線,R4/10,多摩中央,D 鶴川街道,11.町田街道,7,5,5,317,136,463,34
73,多摩卸売市場前,鎌倉街道×尾根幹線,R4/10,多摩中央,D 鶴川街道,11.町田街道,8,8,11,412,99,530,54
73,多摩卸売市場前,鎌倉街道×尾根幹線,R4/10,多摩中央,D 鶴川街道,11.町田街道,9,13,7,340,101,461,23
73,多摩卸売市場前,鎌倉街道×尾根幹線,R4/10,多摩中央,D 鶴川街道,11.町田街道,10,8,7,314,91,420,34
73,多摩卸売市場前,鎌倉街道×尾根幹線,R4/10,多摩中央,D 鶴川街道,11.町田街道,11,11,13,270,89,383,19
73,多摩卸売市場前,鎌倉街道×尾根幹線,R4/10,多摩中央,D 鶴川街道,11.町田街道,12,3,13,309,105,430,28
73,多摩卸売市場前,鎌倉街道×尾根幹線,R4/10,多摩中央,D 鶴川街道,11.町田街道,13,3,8,350,116,477,23
73,多摩卸売市場前,鎌倉街道×尾根幹線,R4/10,多摩中央,D 鶴川街道,11.町田街道,14,6,8,301,117,432,22
73,多摩卸売市場前,鎌倉街道×尾根幹線,R4/10,多摩中央,D 鶴川街道,11.町田街道,15,8,17,313,134,472,20
73,多摩卸売市場前,鎌倉街道×尾根幹線,R4/10,多摩中央,D 鶴川街道,11.町田街道,16,9,15,268,145,437,34
73,多摩卸売市場前,鎌倉街道×尾根幹線,R4/10,多摩中央,D 鶴川街道,11.町田街道,17,5,12,264,138,419,33
73,多摩卸売市場前,鎌倉街道×尾根幹線,R4/10,多摩中央,D 鶴川街道,11.町田街道,18,6,9,314,115,444,34
73,多摩卸売市場前,鎌倉街道×尾根幹線,R4/10,多摩中央,D 鶴川街道,11.町田街道,12時間計,85,125,3772,1386,5368,358
73,多摩卸売市場前,鎌倉街道×尾根幹線,R4/10,多摩中央,D 鶴川街道,12.乞田新大橋交差点,7,0,0,8,1,9,1
73,多摩卸売市場前,鎌倉街道×尾根幹線,R4/10,多摩中央,D 鶴川街道,12.乞田新大橋交差点,8,1,0,17,7,25,0
73,多摩卸売市場前,鎌倉街道×尾根幹線,R4/10,多摩中央,D 鶴川街道,12.乞田新大橋交差点,9,0,0,24,3,27,0
73,多摩卸売市場前,鎌倉街道×尾根幹線,R4/10,多摩中央,D 鶴川街道,12.乞田新大橋交差点,10,1,0,32,4,37,7
73,多摩卸売市場前,鎌倉街道×尾根幹線,R4/10,多摩中央,D 鶴川街道,12.乞田新大橋交差点,11,0,0,19,8,27,2
73,多摩卸売市場前,鎌倉街道×尾根幹線,R4/10,多摩中央,D 鶴川街道,12.乞田新大橋交差点,12,0,0,22,4,26,4
73,多摩卸売市場前,鎌倉街道×尾根幹線,R4/10,多摩中央,D 鶴川街道,12.乞田新大橋交差点,13,0,1,34,5,40,3
73,多摩卸売市場前,鎌倉街道×尾根幹線,R4/10,多摩中央,D 鶴川街道,12.乞田新大橋交差点,14,1,0,30,8,39,6
73,多摩卸売市場前,鎌倉街道×尾根幹線,R4/10,多摩中央,D 鶴川街道,12.乞田新大橋交差点,15,0,2,41,9,52,6
73,多摩卸売市場前,鎌倉街道×尾根幹線,R4/10,多摩中央,D 鶴川街道,12.乞田新大橋交差点,16,2,0,33,12,47,4
73,多摩卸売市場前,鎌倉街道×尾根幹線,R4/10,多摩中央,D 鶴川街道,12.乞田新大橋交差点,17,0,0,21,4,25,7
73,多摩卸売市場前,鎌倉街道×尾根幹線,R4/10,多摩中央,D 鶴川街道,12.乞田新大橋交差点,18,1,0,16,5,22,3
73,多摩卸売市場前,鎌倉街道×尾根幹線,R4/10,多摩中央,D 鶴川街道,12.乞田新大橋交差点,12時間計,6,3,297,70,376,43
73,多摩卸売市場前,鎌倉街道×尾根幹線,R4/10,多摩中央,D 鶴川街道,流入計,7,7,19,485,231,742,53
73,多摩卸売市場前,鎌倉街道×尾根幹線,R4/10,多摩中央,D 鶴川街道,流入計,8,12,22,591,182,807,64
73,多摩卸売市場前,鎌倉街道×尾根幹線,R4/10,多摩中央,D 鶴川街道,流入計,9,16,13,479,173,681,30
73,多摩卸売市場前,鎌倉街道×尾根幹線,R4/10,多摩中央,D 鶴川街道,流入計,10,11,14,456,176,657,58
73,多摩卸売市場前,鎌倉街道×尾根幹線,R4/10,多摩中央,D 鶴川街道,流入計,11,14,16,396,179,605,36
73,多摩卸売市場前,鎌倉街道×尾根幹線,R4/10,多摩中央,D 鶴川街道,流入計,12,7,22,447,187,663,48
73,多摩卸売市場前,鎌倉街道×尾根幹線,R4/10,多摩中央,D 鶴川街道,流入計,13,5,18,484,211,718,44
73,多摩卸売市場前,鎌倉街道×尾根幹線,R4/10,多摩中央,D 鶴川街道,流入計,14,9,21,435,214,679,59
73,多摩卸売市場前,鎌倉街道×尾根幹線,R4/10,多摩中央,D 鶴川街道,流入計,15,10,24,453,228,715,47
73,多摩卸売市場前,鎌倉街道×尾根幹線,R4/10,多摩中央,D 鶴川街道,流入計,16,14,25,424,271,734,56
73,多摩卸売市場前,鎌倉街道×尾根幹線,R4/10,多摩中央,D 鶴川街道,流入計,17,8,25,413,257,703,54
73,多摩卸売市場前,鎌倉街道×尾根幹線,R4/10,多摩中央,D 鶴川街道,流入計,18,9,15,516,206,746,62
73,多摩卸売市場前,鎌倉街道×尾根幹線,R4/10,多摩中央,D 鶴川街道,流入計,12時間計,122,234,5579,2515,8450,611
