﻿地点番号,地点名,交差道路名,調査年月,管轄警察署,流出方向,時間帯等,大型乗用,大型貨物,普通乗用,普通貨物,四輪計,二輪車
73,多摩卸売市場前,鎌倉街道×尾根幹線,R4/10,多摩中央,A 乞田新大橋交差点,7,5,20,412,245,682,46
73,多摩卸売市場前,鎌倉街道×尾根幹線,R4/10,多摩中央,A 乞田新大橋交差点,8,13,11,447,201,672,56
73,多摩卸売市場前,鎌倉街道×尾根幹線,R4/10,多摩中央,A 乞田新大橋交差点,9,13,23,368,174,578,17
73,多摩卸売市場前,鎌倉街道×尾根幹線,R4/10,多摩中央,A 乞田新大橋交差点,10,10,14,331,175,530,24
73,多摩卸売市場前,鎌倉街道×尾根幹線,R4/10,多摩中央,A 乞田新大橋交差点,11,9,18,333,154,514,18
73,多摩卸売市場前,鎌倉街道×尾根幹線,R4/10,多摩中央,A 乞田新大橋交差点,12,7,11,354,143,515,35
73,多摩卸売市場前,鎌倉街道×尾根幹線,R4/10,多摩中央,A 乞田新大橋交差点,13,6,17,305,137,465,20
73,多摩卸売市場前,鎌倉街道×尾根幹線,R4/10,多摩中央,A 乞田新大橋交差点,14,11,12,342,171,536,20
73,多摩卸売市場前,鎌倉街道×尾根幹線,R4/10,多摩中央,A 乞田新大橋交差点,15,11,13,358,157,539,22
73,多摩卸売市場前,鎌倉街道×尾根幹線,R4/10,多摩中央,A 乞田新大橋交差点,16,17,13,377,184,591,35
73,多摩卸売市場前,鎌倉街道×尾根幹線,R4/10,多摩中央,A 乞田新大橋交差点,17,8,6,418,168,600,39
73,多摩卸売市場前,鎌倉街道×尾根幹線,R4/10,多摩中央,A 乞田新大橋交差点,18,5,6,417,132,560,24
73,多摩卸売市場前,鎌倉街道×尾根幹線,R4/10,多摩中央,A 乞田新大橋交差点,12時間計,115,164,4462,2041,6782,356
73,多摩卸売市場前,鎌倉街道×尾根幹線,R4/10,多摩中央,B 町田街道,7,15,10,371,170,566,41
73,多摩卸売市場前,鎌倉街道×尾根幹線,R4/10,多摩中央,B 町田街道,8,17,14,508,138,677,58
73,多摩卸売市場前,鎌倉街道×尾根幹線,R4/10,多摩中央,B 町田街道,9,17,19,447,148,631,27
73,多摩卸売市場前,鎌倉街道×尾根幹線,R4/10,多摩中央,B 町田街道,10,18,16,400,145,579,38
73,多摩卸売市場前,鎌倉街道×尾根幹線,R4/10,多摩中央,B 町田街道,11,18,23,380,131,552,25
73,多摩卸売市場前,鎌倉街道×尾根幹線,R4/10,多摩中央,B 町田街道,12,10,24,400,147,581,31
73,多摩卸売市場前,鎌倉街道×尾根幹線,R4/10,多摩中央,B 町田街道,13,7,19,457,168,651,25
73,多摩卸売市場前,鎌倉街道×尾根幹線,R4/10,多摩中央,B 町田街道,14,13,15,447,164,639,28
73,多摩卸売市場前,鎌倉街道×尾根幹線,R4/10,多摩中央,B 町田街道,15,15,24,409,164,612,23
73,多摩卸売市場前,鎌倉街道×尾根幹線,R4/10,多摩中央,B 町田街道,16,15,18,395,175,603,44
73,多摩卸売市場前,鎌倉街道×尾根幹線,R4/10,多摩中央,B 町田街道,17,9,15,350,165,539,40
73,多摩卸売市場前,鎌倉街道×尾根幹線,R4/10,多摩中央,B 町田街道,18,9,12,430,143,594,41
73,多摩卸売市場前,鎌倉街道×尾根幹線,R4/10,多摩中央,B 町田街道,12時間計,163,209,4994,1858,7224,421
73,多摩卸売市場前,鎌倉街道×尾根幹線,R4/10,多摩中央,C 町田市,7,19,34,554,306,913,46
73,多摩卸売市場前,鎌倉街道×尾根幹線,R4/10,多摩中央,C 町田市,8,15,25,505,254,799,31
73,多摩卸売市場前,鎌倉街道×尾根幹線,R4/10,多摩中央,C 町田市,9,15,31,402,237,685,22
73,多摩卸売市場前,鎌倉街道×尾根幹線,R4/10,多摩中央,C 町田市,10,12,25,413,232,682,32
73,多摩卸売市場前,鎌倉街道×尾根幹線,R4/10,多摩中央,C 町田市,11,11,13,433,224,681,23
73,多摩卸売市場前,鎌倉街道×尾根幹線,R4/10,多摩中央,C 町田市,12,18,22,437,234,711,29
73,多摩卸売市場前,鎌倉街道×尾根幹線,R4/10,多摩中央,C 町田市,13,14,30,420,244,708,34
73,多摩卸売市場前,鎌倉街道×尾根幹線,R4/10,多摩中央,C 町田市,14,16,24,437,224,701,56
73,多摩卸売市場前,鎌倉街道×尾根幹線,R4/10,多摩中央,C 町田市,15,13,16,384,222,635,39
73,多摩卸売市場前,鎌倉街道×尾根幹線,R4/10,多摩中央,C 町田市,16,14,24,453,288,779,51
73,多摩卸売市場前,鎌倉街道×尾根幹線,R4/10,多摩中央,C 町田市,17,10,18,567,345,940,62
73,多摩卸売市場前,鎌倉街道×尾根幹線,R4/10,多摩中央,C 町田市,18,12,10,683,373,1078,68
73,多摩卸売市場前,鎌倉街道×尾根幹線,R4/10,多摩中央,C 町田市,12時間計,169,272,5688,3183,9312,493
73,多摩卸売市場前,鎌倉街道×尾根幹線,R4/10,多摩中央,D 鶴川街道,7,7,13,442,246,708,29
73,多摩卸売市場前,鎌倉街道×尾根幹線,R4/10,多摩中央,D 鶴川街道,8,6,14,409,241,670,78
73,多摩卸売市場前,鎌倉街道×尾根幹線,R4/10,多摩中央,D 鶴川街道,9,6,14,316,216,552,34
73,多摩卸売市場前,鎌倉街道×尾根幹線,R4/10,多摩中央,D 鶴川街道,10,7,20,362,186,575,34
73,多摩卸売市場前,鎌倉街道×尾根幹線,R4/10,多摩中央,D 鶴川街道,11,10,15,362,199,586,32
73,多摩卸売市場前,鎌倉街道×尾根幹線,R4/10,多摩中央,D 鶴川街道,12,5,14,389,149,557,65
73,多摩卸売市場前,鎌倉街道×尾根幹線,R4/10,多摩中央,D 鶴川街道,13,8,19,375,172,574,31
73,多摩卸売市場前,鎌倉街道×尾根幹線,R4/10,多摩中央,D 鶴川街道,14,10,18,408,186,622,38
73,多摩卸売市場前,鎌倉街道×尾根幹線,R4/10,多摩中央,D 鶴川街道,15,10,13,482,185,690,34
73,多摩卸売市場前,鎌倉街道×尾根幹線,R4/10,多摩中央,D 鶴川街道,16,7,12,478,179,676,49
73,多摩卸売市場前,鎌倉街道×尾根幹線,R4/10,多摩中央,D 鶴川街道,17,8,14,513,185,720,72
73,多摩卸売市場前,鎌倉街道×尾根幹線,R4/10,多摩中央,D 鶴川街道,18,7,6,457,110,580,47
73,多摩卸売市場前,鎌倉街道×尾根幹線,R4/10,多摩中央,D 鶴川街道,12時間計,91,172,4993,2254,7510,543
73,多摩卸売市場前,鎌倉街道×尾根幹線,R4/10,多摩中央,全方向合計,7,46,77,1779,967,2869,162
73,多摩卸売市場前,鎌倉街道×尾根幹線,R4/10,多摩中央,全方向合計,8,51,64,1869,834,2818,223
73,多摩卸売市場前,鎌倉街道×尾根幹線,R4/10,多摩中央,全方向合計,9,51,87,1533,775,2446,100
73,多摩卸売市場前,鎌倉街道×尾根幹線,R4/10,多摩中央,全方向合計,10,47,75,1506,738,2366,128
73,多摩卸売市場前,鎌倉街道×尾根幹線,R4/10,多摩中央,全方向合計,11,48,69,1508,708,2333,98
73,多摩卸売市場前,鎌倉街道×尾根幹線,R4/10,多摩中央,全方向合計,12,40,71,1580,673,2364,160
73,多摩卸売市場前,鎌倉街道×尾根幹線,R4/10,多摩中央,全方向合計,13,35,85,1557,721,2398,110
73,多摩卸売市場前,鎌倉街道×尾根幹線,R4/10,多摩中央,全方向合計,14,50,69,1634,745,2498,142
73,多摩卸売市場前,鎌倉街道×尾根幹線,R4/10,多摩中央,全方向合計,15,49,66,1633,728,2476,118
73,多摩卸売市場前,鎌倉街道×尾根幹線,R4/10,多摩中央,全方向合計,16,53,67,1703,826,2649,179
73,多摩卸売市場前,鎌倉街道×尾根幹線,R4/10,多摩中央,全方向合計,17,35,53,1848,863,2799,213
73,多摩卸売市場前,鎌倉街道×尾根幹線,R4/10,多摩中央,全方向合計,18,33,34,1987,758,2812,180
73,多摩卸売市場前,鎌倉街道×尾根幹線,R4/10,多摩中央,全方向合計,12時間計,538,817,20137,9336,30828,1813
