﻿地点番号,地点名,交差道路名,調査年月,管轄警察署,流入方向,流出方向,時間帯等,大型乗用,大型貨物,普通乗用,普通貨物,四輪計,二輪車
69,野崎八幡,武蔵境通り×東八道路,R4/10,三鷹,A 武蔵境,1.環八通り,7,2,15,66,41,124,6
69,野崎八幡,武蔵境通り×東八道路,R4/10,三鷹,A 武蔵境,1.環八通り,8,1,10,90,37,138,3
69,野崎八幡,武蔵境通り×東八道路,R4/10,三鷹,A 武蔵境,1.環八通り,9,1,5,124,43,173,4
69,野崎八幡,武蔵境通り×東八道路,R4/10,三鷹,A 武蔵境,1.環八通り,10,0,1,114,35,150,4
69,野崎八幡,武蔵境通り×東八道路,R4/10,三鷹,A 武蔵境,1.環八通り,11,2,4,112,45,163,8
69,野崎八幡,武蔵境通り×東八道路,R4/10,三鷹,A 武蔵境,1.環八通り,12,0,3,94,45,142,13
69,野崎八幡,武蔵境通り×東八道路,R4/10,三鷹,A 武蔵境,1.環八通り,13,1,2,81,46,130,12
69,野崎八幡,武蔵境通り×東八道路,R4/10,三鷹,A 武蔵境,1.環八通り,14,0,0,110,42,152,14
69,野崎八幡,武蔵境通り×東八道路,R4/10,三鷹,A 武蔵境,1.環八通り,15,0,0,103,27,130,11
69,野崎八幡,武蔵境通り×東八道路,R4/10,三鷹,A 武蔵境,1.環八通り,16,0,0,97,44,141,10
69,野崎八幡,武蔵境通り×東八道路,R4/10,三鷹,A 武蔵境,1.環八通り,17,0,0,115,45,160,8
69,野崎八幡,武蔵境通り×東八道路,R4/10,三鷹,A 武蔵境,1.環八通り,18,0,0,99,29,128,8
69,野崎八幡,武蔵境通り×東八道路,R4/10,三鷹,A 武蔵境,1.環八通り,12時間計,7,40,1205,479,1731,101
69,野崎八幡,武蔵境通り×東八道路,R4/10,三鷹,A 武蔵境,2.甲州街道,7,19,4,222,198,443,20
69,野崎八幡,武蔵境通り×東八道路,R4/10,三鷹,A 武蔵境,2.甲州街道,8,15,1,241,173,430,28
69,野崎八幡,武蔵境通り×東八道路,R4/10,三鷹,A 武蔵境,2.甲州街道,9,11,9,249,135,404,12
69,野崎八幡,武蔵境通り×東八道路,R4/10,三鷹,A 武蔵境,2.甲州街道,10,9,6,247,126,388,14
69,野崎八幡,武蔵境通り×東八道路,R4/10,三鷹,A 武蔵境,2.甲州街道,11,11,16,244,123,394,13
69,野崎八幡,武蔵境通り×東八道路,R4/10,三鷹,A 武蔵境,2.甲州街道,12,9,20,212,111,352,17
69,野崎八幡,武蔵境通り×東八道路,R4/10,三鷹,A 武蔵境,2.甲州街道,13,10,3,210,95,318,16
69,野崎八幡,武蔵境通り×東八道路,R4/10,三鷹,A 武蔵境,2.甲州街道,14,11,3,189,107,310,23
69,野崎八幡,武蔵境通り×東八道路,R4/10,三鷹,A 武蔵境,2.甲州街道,15,9,5,226,113,353,17
69,野崎八幡,武蔵境通り×東八道路,R4/10,三鷹,A 武蔵境,2.甲州街道,16,11,0,206,121,338,24
69,野崎八幡,武蔵境通り×東八道路,R4/10,三鷹,A 武蔵境,2.甲州街道,17,11,2,273,133,419,34
69,野崎八幡,武蔵境通り×東八道路,R4/10,三鷹,A 武蔵境,2.甲州街道,18,13,2,267,93,375,30
69,野崎八幡,武蔵境通り×東八道路,R4/10,三鷹,A 武蔵境,2.甲州街道,12時間計,139,71,2786,1528,4524,248
69,野崎八幡,武蔵境通り×東八道路,R4/10,三鷹,A 武蔵境,3.府中街道,7,1,3,55,63,122,8
69,野崎八幡,武蔵境通り×東八道路,R4/10,三鷹,A 武蔵境,3.府中街道,8,2,9,68,40,119,9
69,野崎八幡,武蔵境通り×東八道路,R4/10,三鷹,A 武蔵境,3.府中街道,9,1,6,76,47,130,3
69,野崎八幡,武蔵境通り×東八道路,R4/10,三鷹,A 武蔵境,3.府中街道,10,1,3,62,41,107,5
69,野崎八幡,武蔵境通り×東八道路,R4/10,三鷹,A 武蔵境,3.府中街道,11,1,5,74,59,139,3
69,野崎八幡,武蔵境通り×東八道路,R4/10,三鷹,A 武蔵境,3.府中街道,12,1,8,77,47,133,14
69,野崎八幡,武蔵境通り×東八道路,R4/10,三鷹,A 武蔵境,3.府中街道,13,0,5,78,56,139,14
69,野崎八幡,武蔵境通り×東八道路,R4/10,三鷹,A 武蔵境,3.府中街道,14,0,4,64,40,108,10
69,野崎八幡,武蔵境通り×東八道路,R4/10,三鷹,A 武蔵境,3.府中街道,15,0,3,59,50,112,11
69,野崎八幡,武蔵境通り×東八道路,R4/10,三鷹,A 武蔵境,3.府中街道,16,0,2,60,59,121,7
69,野崎八幡,武蔵境通り×東八道路,R4/10,三鷹,A 武蔵境,3.府中街道,17,1,1,79,64,145,9
69,野崎八幡,武蔵境通り×東八道路,R4/10,三鷹,A 武蔵境,3.府中街道,18,0,0,103,48,151,8
69,野崎八幡,武蔵境通り×東八道路,R4/10,三鷹,A 武蔵境,3.府中街道,12時間計,8,49,855,614,1526,101
69,野崎八幡,武蔵境通り×東八道路,R4/10,三鷹,A 武蔵境,流入計,7,22,22,343,302,689,34
69,野崎八幡,武蔵境通り×東八道路,R4/10,三鷹,A 武蔵境,流入計,8,18,20,399,250,687,40
69,野崎八幡,武蔵境通り×東八道路,R4/10,三鷹,A 武蔵境,流入計,9,13,20,449,225,707,19
69,野崎八幡,武蔵境通り×東八道路,R4/10,三鷹,A 武蔵境,流入計,10,10,10,423,202,645,23
69,野崎八幡,武蔵境通り×東八道路,R4/10,三鷹,A 武蔵境,流入計,11,14,25,430,227,696,24
69,野崎八幡,武蔵境通り×東八道路,R4/10,三鷹,A 武蔵境,流入計,12,10,31,383,203,627,44
69,野崎八幡,武蔵境通り×東八道路,R4/10,三鷹,A 武蔵境,流入計,13,11,10,369,197,587,42
69,野崎八幡,武蔵境通り×東八道路,R4/10,三鷹,A 武蔵境,流入計,14,11,7,363,189,570,47
69,野崎八幡,武蔵境通り×東八道路,R4/10,三鷹,A 武蔵境,流入計,15,9,8,388,190,595,39
69,野崎八幡,武蔵境通り×東八道路,R4/10,三鷹,A 武蔵境,流入計,16,11,2,363,224,600,41
69,野崎八幡,武蔵境通り×東八道路,R4/10,三鷹,A 武蔵境,流入計,17,12,3,467,242,724,51
69,野崎八幡,武蔵境通り×東八道路,R4/10,三鷹,A 武蔵境,流入計,18,13,2,469,170,654,46
69,野崎八幡,武蔵境通り×東八道路,R4/10,三鷹,A 武蔵境,流入計,12時間計,154,160,4846,2621,7781,450
69,野崎八幡,武蔵境通り×東八道路,R4/10,三鷹,B 府中街道,4.武蔵境,7,5,5,53,73,136,4
69,野崎八幡,武蔵境通り×東八道路,R4/10,三鷹,B 府中街道,4.武蔵境,8,4,18,55,78,155,10
69,野崎八幡,武蔵境通り×東八道路,R4/10,三鷹,B 府中街道,4.武蔵境,9,3,10,56,63,132,5
69,野崎八幡,武蔵境通り×東八道路,R4/10,三鷹,B 府中街道,4.武蔵境,10,4,7,74,49,134,4
69,野崎八幡,武蔵境通り×東八道路,R4/10,三鷹,B 府中街道,4.武蔵境,11,2,3,70,56,131,8
69,野崎八幡,武蔵境通り×東八道路,R4/10,三鷹,B 府中街道,4.武蔵境,12,2,3,70,64,139,9
69,野崎八幡,武蔵境通り×東八道路,R4/10,三鷹,B 府中街道,4.武蔵境,13,2,10,67,46,125,6
69,野崎八幡,武蔵境通り×東八道路,R4/10,三鷹,B 府中街道,4.武蔵境,14,2,5,79,56,142,6
69,野崎八幡,武蔵境通り×東八道路,R4/10,三鷹,B 府中街道,4.武蔵境,15,1,2,75,56,134,13
69,野崎八幡,武蔵境通り×東八道路,R4/10,三鷹,B 府中街道,4.武蔵境,16,3,1,93,48,145,10
69,野崎八幡,武蔵境通り×東八道路,R4/10,三鷹,B 府中街道,4.武蔵境,17,3,1,87,58,149,12
69,野崎八幡,武蔵境通り×東八道路,R4/10,三鷹,B 府中街道,4.武蔵境,18,5,0,93,40,138,11
69,野崎八幡,武蔵境通り×東八道路,R4/10,三鷹,B 府中街道,4.武蔵境,12時間計,36,65,872,687,1660,98
69,野崎八幡,武蔵境通り×東八道路,R4/10,三鷹,B 府中街道,5.環八通り,7,17,12,578,481,1088,127
69,野崎八幡,武蔵境通り×東八道路,R4/10,三鷹,B 府中街道,5.環八通り,8,6,16,579,353,954,88
69,野崎八幡,武蔵境通り×東八道路,R4/10,三鷹,B 府中街道,5.環八通り,9,3,12,547,306,868,46
69,野崎八幡,武蔵境通り×東八道路,R4/10,三鷹,B 府中街道,5.環八通り,10,1,8,445,205,659,45
69,野崎八幡,武蔵境通り×東八道路,R4/10,三鷹,B 府中街道,5.環八通り,11,2,13,500,311,826,61
69,野崎八幡,武蔵境通り×東八道路,R4/10,三鷹,B 府中街道,5.環八通り,12,5,2,469,221,697,55
69,野崎八幡,武蔵境通り×東八道路,R4/10,三鷹,B 府中街道,5.環八通り,13,4,5,494,200,703,57
69,野崎八幡,武蔵境通り×東八道路,R4/10,三鷹,B 府中街道,5.環八通り,14,4,4,480,240,728,50
69,野崎八幡,武蔵境通り×東八道路,R4/10,三鷹,B 府中街道,5.環八通り,15,8,9,539,261,817,52
69,野崎八幡,武蔵境通り×東八道路,R4/10,三鷹,B 府中街道,5.環八通り,16,5,3,483,221,712,60
69,野崎八幡,武蔵境通り×東八道路,R4/10,三鷹,B 府中街道,5.環八通り,17,6,8,572,242,828,64
69,野崎八幡,武蔵境通り×東八道路,R4/10,三鷹,B 府中街道,5.環八通り,18,8,2,566,107,683,61
69,野崎八幡,武蔵境通り×東八道路,R4/10,三鷹,B 府中街道,5.環八通り,12時間計,69,94,6252,3148,9563,766
69,野崎八幡,武蔵境通り×東八道路,R4/10,三鷹,B 府中街道,6.甲州街道,7,10,1,49,39,99,1
69,野崎八幡,武蔵境通り×東八道路,R4/10,三鷹,B 府中街道,6.甲州街道,8,5,0,76,48,129,4
69,野崎八幡,武蔵境通り×東八道路,R4/10,三鷹,B 府中街道,6.甲州街道,9,0,1,62,20,83,4
69,野崎八幡,武蔵境通り×東八道路,R4/10,三鷹,B 府中街道,6.甲州街道,10,1,0,63,59,123,4
69,野崎八幡,武蔵境通り×東八道路,R4/10,三鷹,B 府中街道,6.甲州街道,11,0,0,92,50,142,9
69,野崎八幡,武蔵境通り×東八道路,R4/10,三鷹,B 府中街道,6.甲州街道,12,1,0,94,27,122,5
69,野崎八幡,武蔵境通り×東八道路,R4/10,三鷹,B 府中街道,6.甲州街道,13,2,0,71,24,97,3
69,野崎八幡,武蔵境通り×東八道路,R4/10,三鷹,B 府中街道,6.甲州街道,14,3,0,80,32,115,8
69,野崎八幡,武蔵境通り×東八道路,R4/10,三鷹,B 府中街道,6.甲州街道,15,5,1,79,34,119,8
69,野崎八幡,武蔵境通り×東八道路,R4/10,三鷹,B 府中街道,6.甲州街道,16,4,0,75,43,122,6
69,野崎八幡,武蔵境通り×東八道路,R4/10,三鷹,B 府中街道,6.甲州街道,17,6,2,90,21,119,2
69,野崎八幡,武蔵境通り×東八道路,R4/10,三鷹,B 府中街道,6.甲州街道,18,3,1,72,21,97,14
69,野崎八幡,武蔵境通り×東八道路,R4/10,三鷹,B 府中街道,6.甲州街道,12時間計,40,6,903,418,1367,68
69,野崎八幡,武蔵境通り×東八道路,R4/10,三鷹,B 府中街道,流入計,7,32,18,680,593,1323,132
69,野崎八幡,武蔵境通り×東八道路,R4/10,三鷹,B 府中街道,流入計,8,15,34,710,479,1238,102
69,野崎八幡,武蔵境通り×東八道路,R4/10,三鷹,B 府中街道,流入計,9,6,23,665,389,1083,55
69,野崎八幡,武蔵境通り×東八道路,R4/10,三鷹,B 府中街道,流入計,10,6,15,582,313,916,53
69,野崎八幡,武蔵境通り×東八道路,R4/10,三鷹,B 府中街道,流入計,11,4,16,662,417,1099,78
69,野崎八幡,武蔵境通り×東八道路,R4/10,三鷹,B 府中街道,流入計,12,8,5,633,312,958,69
69,野崎八幡,武蔵境通り×東八道路,R4/10,三鷹,B 府中街道,流入計,13,8,15,632,270,925,66
69,野崎八幡,武蔵境通り×東八道路,R4/10,三鷹,B 府中街道,流入計,14,9,9,639,328,985,64
69,野崎八幡,武蔵境通り×東八道路,R4/10,三鷹,B 府中街道,流入計,15,14,12,693,351,1070,73
69,野崎八幡,武蔵境通り×東八道路,R4/10,三鷹,B 府中街道,流入計,16,12,4,651,312,979,76
69,野崎八幡,武蔵境通り×東八道路,R4/10,三鷹,B 府中街道,流入計,17,15,11,749,321,1096,78
69,野崎八幡,武蔵境通り×東八道路,R4/10,三鷹,B 府中街道,流入計,18,16,3,731,168,918,86
69,野崎八幡,武蔵境通り×東八道路,R4/10,三鷹,B 府中街道,流入計,12時間計,145,165,8027,4253,12590,932
69,野崎八幡,武蔵境通り×東八道路,R4/10,三鷹,C 甲州街道,7.府中街道,7,4,0,22,22,48,6
69,野崎八幡,武蔵境通り×東八道路,R4/10,三鷹,C 甲州街道,7.府中街道,8,1,0,61,45,107,3
69,野崎八幡,武蔵境通り×東八道路,R4/10,三鷹,C 甲州街道,7.府中街道,9,0,0,75,31,106,6
69,野崎八幡,武蔵境通り×東八道路,R4/10,三鷹,C 甲州街道,7.府中街道,10,0,0,50,31,81,5
69,野崎八幡,武蔵境通り×東八道路,R4/10,三鷹,C 甲州街道,7.府中街道,11,0,0,78,31,109,7
69,野崎八幡,武蔵境通り×東八道路,R4/10,三鷹,C 甲州街道,7.府中街道,12,0,0,88,42,130,6
69,野崎八幡,武蔵境通り×東八道路,R4/10,三鷹,C 甲州街道,7.府中街道,13,0,0,89,33,122,3
69,野崎八幡,武蔵境通り×東八道路,R4/10,三鷹,C 甲州街道,7.府中街道,14,1,0,101,32,134,4
69,野崎八幡,武蔵境通り×東八道路,R4/10,三鷹,C 甲州街道,7.府中街道,15,2,1,84,58,145,5
69,野崎八幡,武蔵境通り×東八道路,R4/10,三鷹,C 甲州街道,7.府中街道,16,4,1,78,54,137,4
69,野崎八幡,武蔵境通り×東八道路,R4/10,三鷹,C 甲州街道,7.府中街道,17,4,0,89,48,141,7
69,野崎八幡,武蔵境通り×東八道路,R4/10,三鷹,C 甲州街道,7.府中街道,18,1,0,69,36,106,4
69,野崎八幡,武蔵境通り×東八道路,R4/10,三鷹,C 甲州街道,7.府中街道,12時間計,17,2,884,463,1366,60
69,野崎八幡,武蔵境通り×東八道路,R4/10,三鷹,C 甲州街道,8.武蔵境,7,16,12,238,183,449,32
69,野崎八幡,武蔵境通り×東八道路,R4/10,三鷹,C 甲州街道,8.武蔵境,8,20,17,315,178,530,38
69,野崎八幡,武蔵境通り×東八道路,R4/10,三鷹,C 甲州街道,8.武蔵境,9,12,16,221,142,391,13
69,野崎八幡,武蔵境通り×東八道路,R4/10,三鷹,C 甲州街道,8.武蔵境,10,12,9,219,153,393,21
69,野崎八幡,武蔵境通り×東八道路,R4/10,三鷹,C 甲州街道,8.武蔵境,11,10,6,228,145,389,15
69,野崎八幡,武蔵境通り×東八道路,R4/10,三鷹,C 甲州街道,8.武蔵境,12,13,14,234,141,402,18
69,野崎八幡,武蔵境通り×東八道路,R4/10,三鷹,C 甲州街道,8.武蔵境,13,11,16,206,113,346,15
69,野崎八幡,武蔵境通り×東八道路,R4/10,三鷹,C 甲州街道,8.武蔵境,14,10,9,238,148,405,23
69,野崎八幡,武蔵境通り×東八道路,R4/10,三鷹,C 甲州街道,8.武蔵境,15,10,7,236,150,403,17
69,野崎八幡,武蔵境通り×東八道路,R4/10,三鷹,C 甲州街道,8.武蔵境,16,13,4,288,155,460,18
69,野崎八幡,武蔵境通り×東八道路,R4/10,三鷹,C 甲州街道,8.武蔵境,17,13,3,310,166,492,31
69,野崎八幡,武蔵境通り×東八道路,R4/10,三鷹,C 甲州街道,8.武蔵境,18,13,2,292,128,435,32
69,野崎八幡,武蔵境通り×東八道路,R4/10,三鷹,C 甲州街道,8.武蔵境,12時間計,153,115,3025,1802,5095,273
69,野崎八幡,武蔵境通り×東八道路,R4/10,三鷹,C 甲州街道,9.環八通り,7,5,11,58,46,120,8
69,野崎八幡,武蔵境通り×東八道路,R4/10,三鷹,C 甲州街道,9.環八通り,8,0,8,66,34,108,19
69,野崎八幡,武蔵境通り×東八道路,R4/10,三鷹,C 甲州街道,9.環八通り,9,2,4,92,36,134,2
69,野崎八幡,武蔵境通り×東八道路,R4/10,三鷹,C 甲州街道,9.環八通り,10,0,3,83,36,122,5
69,野崎八幡,武蔵境通り×東八道路,R4/10,三鷹,C 甲州街道,9.環八通り,11,1,2,78,40,121,9
69,野崎八幡,武蔵境通り×東八道路,R4/10,三鷹,C 甲州街道,9.環八通り,12,1,2,79,39,121,9
69,野崎八幡,武蔵境通り×東八道路,R4/10,三鷹,C 甲州街道,9.環八通り,13,0,1,77,39,117,9
69,野崎八幡,武蔵境通り×東八道路,R4/10,三鷹,C 甲州街道,9.環八通り,14,1,3,69,34,107,10
69,野崎八幡,武蔵境通り×東八道路,R4/10,三鷹,C 甲州街道,9.環八通り,15,0,0,99,33,132,12
69,野崎八幡,武蔵境通り×東八道路,R4/10,三鷹,C 甲州街道,9.環八通り,16,0,1,74,30,105,9
69,野崎八幡,武蔵境通り×東八道路,R4/10,三鷹,C 甲州街道,9.環八通り,17,0,0,100,25,125,7
69,野崎八幡,武蔵境通り×東八道路,R4/10,三鷹,C 甲州街道,9.環八通り,18,0,1,95,26,122,9
69,野崎八幡,武蔵境通り×東八道路,R4/10,三鷹,C 甲州街道,9.環八通り,12時間計,10,36,970,418,1434,108
69,野崎八幡,武蔵境通り×東八道路,R4/10,三鷹,C 甲州街道,流入計,7,25,23,318,251,617,46
69,野崎八幡,武蔵境通り×東八道路,R4/10,三鷹,C 甲州街道,流入計,8,21,25,442,257,745,60
69,野崎八幡,武蔵境通り×東八道路,R4/10,三鷹,C 甲州街道,流入計,9,14,20,388,209,631,21
69,野崎八幡,武蔵境通り×東八道路,R4/10,三鷹,C 甲州街道,流入計,10,12,12,352,220,596,31
69,野崎八幡,武蔵境通り×東八道路,R4/10,三鷹,C 甲州街道,流入計,11,11,8,384,216,619,31
69,野崎八幡,武蔵境通り×東八道路,R4/10,三鷹,C 甲州街道,流入計,12,14,16,401,222,653,33
69,野崎八幡,武蔵境通り×東八道路,R4/10,三鷹,C 甲州街道,流入計,13,11,17,372,185,585,27
69,野崎八幡,武蔵境通り×東八道路,R4/10,三鷹,C 甲州街道,流入計,14,12,12,408,214,646,37
69,野崎八幡,武蔵境通り×東八道路,R4/10,三鷹,C 甲州街道,流入計,15,12,8,419,241,680,34
69,野崎八幡,武蔵境通り×東八道路,R4/10,三鷹,C 甲州街道,流入計,16,17,6,440,239,702,31
69,野崎八幡,武蔵境通り×東八道路,R4/10,三鷹,C 甲州街道,流入計,17,17,3,499,239,758,45
69,野崎八幡,武蔵境通り×東八道路,R4/10,三鷹,C 甲州街道,流入計,18,14,3,456,190,663,45
69,野崎八幡,武蔵境通り×東八道路,R4/10,三鷹,C 甲州街道,流入計,12時間計,180,153,4879,2683,7895,441
69,野崎八幡,武蔵境通り×東八道路,R4/10,三鷹,D 環八通り,10.甲州街道,7,1,2,52,32,87,2
69,野崎八幡,武蔵境通り×東八道路,R4/10,三鷹,D 環八通り,10.甲州街道,8,2,4,71,34,111,5
69,野崎八幡,武蔵境通り×東八道路,R4/10,三鷹,D 環八通り,10.甲州街道,9,1,1,76,42,120,1
69,野崎八幡,武蔵境通り×東八道路,R4/10,三鷹,D 環八通り,10.甲州街道,10,0,1,75,39,115,2
69,野崎八幡,武蔵境通り×東八道路,R4/10,三鷹,D 環八通り,10.甲州街道,11,1,0,86,42,129,8
69,野崎八幡,武蔵境通り×東八道路,R4/10,三鷹,D 環八通り,10.甲州街道,12,0,1,75,47,123,6
69,野崎八幡,武蔵境通り×東八道路,R4/10,三鷹,D 環八通り,10.甲州街道,13,0,1,83,35,119,4
69,野崎八幡,武蔵境通り×東八道路,R4/10,三鷹,D 環八通り,10.甲州街道,14,1,1,62,52,116,7
69,野崎八幡,武蔵境通り×東八道路,R4/10,三鷹,D 環八通り,10.甲州街道,15,0,2,78,60,140,6
69,野崎八幡,武蔵境通り×東八道路,R4/10,三鷹,D 環八通り,10.甲州街道,16,1,3,78,34,116,7
69,野崎八幡,武蔵境通り×東八道路,R4/10,三鷹,D 環八通り,10.甲州街道,17,0,2,62,27,91,8
69,野崎八幡,武蔵境通り×東八道路,R4/10,三鷹,D 環八通り,10.甲州街道,18,1,1,76,25,103,2
69,野崎八幡,武蔵境通り×東八道路,R4/10,三鷹,D 環八通り,10.甲州街道,12時間計,8,19,874,469,1370,58
69,野崎八幡,武蔵境通り×東八道路,R4/10,三鷹,D 環八通り,11.府中街道,7,11,10,537,270,828,79
69,野崎八幡,武蔵境通り×東八道路,R4/10,三鷹,D 環八通り,11.府中街道,8,10,10,537,246,803,51
69,野崎八幡,武蔵境通り×東八道路,R4/10,三鷹,D 環八通り,11.府中街道,9,6,12,464,297,779,33
69,野崎八幡,武蔵境通り×東八道路,R4/10,三鷹,D 環八通り,11.府中街道,10,1,6,450,216,673,44
69,野崎八幡,武蔵境通り×東八道路,R4/10,三鷹,D 環八通り,11.府中街道,11,1,8,522,288,819,53
69,野崎八幡,武蔵境通り×東八道路,R4/10,三鷹,D 環八通り,11.府中街道,12,3,9,503,282,797,53
69,野崎八幡,武蔵境通り×東八道路,R4/10,三鷹,D 環八通り,11.府中街道,13,7,9,450,277,743,42
69,野崎八幡,武蔵境通り×東八道路,R4/10,三鷹,D 環八通り,11.府中街道,14,5,7,524,333,869,51
69,野崎八幡,武蔵境通り×東八道路,R4/10,三鷹,D 環八通り,11.府中街道,15,4,10,477,366,857,33
69,野崎八幡,武蔵境通り×東八道路,R4/10,三鷹,D 環八通り,11.府中街道,16,10,8,555,303,876,63
69,野崎八幡,武蔵境通り×東八道路,R4/10,三鷹,D 環八通り,11.府中街道,17,13,13,638,337,1001,102
69,野崎八幡,武蔵境通り×東八道路,R4/10,三鷹,D 環八通り,11.府中街道,18,9,5,581,307,902,83
69,野崎八幡,武蔵境通り×東八道路,R4/10,三鷹,D 環八通り,11.府中街道,12時間計,80,107,6238,3522,9947,687
69,野崎八幡,武蔵境通り×東八道路,R4/10,三鷹,D 環八通り,12.武蔵境,7,1,4,71,42,118,5
69,野崎八幡,武蔵境通り×東八道路,R4/10,三鷹,D 環八通り,12.武蔵境,8,2,4,69,49,124,4
69,野崎八幡,武蔵境通り×東八道路,R4/10,三鷹,D 環八通り,12.武蔵境,9,1,3,71,62,137,6
69,野崎八幡,武蔵境通り×東八道路,R4/10,三鷹,D 環八通り,12.武蔵境,10,1,2,83,43,129,6
69,野崎八幡,武蔵境通り×東八道路,R4/10,三鷹,D 環八通り,12.武蔵境,11,0,5,83,64,152,6
69,野崎八幡,武蔵境通り×東八道路,R4/10,三鷹,D 環八通り,12.武蔵境,12,1,4,93,40,138,1
69,野崎八幡,武蔵境通り×東八道路,R4/10,三鷹,D 環八通り,12.武蔵境,13,0,0,81,36,117,5
69,野崎八幡,武蔵境通り×東八道路,R4/10,三鷹,D 環八通り,12.武蔵境,14,0,0,66,45,111,5
69,野崎八幡,武蔵境通り×東八道路,R4/10,三鷹,D 環八通り,12.武蔵境,15,0,2,86,57,145,5
69,野崎八幡,武蔵境通り×東八道路,R4/10,三鷹,D 環八通り,12.武蔵境,16,1,0,94,53,148,5
69,野崎八幡,武蔵境通り×東八道路,R4/10,三鷹,D 環八通り,12.武蔵境,17,0,2,80,39,121,19
69,野崎八幡,武蔵境通り×東八道路,R4/10,三鷹,D 環八通り,12.武蔵境,18,0,0,83,34,117,12
69,野崎八幡,武蔵境通り×東八道路,R4/10,三鷹,D 環八通り,12.武蔵境,12時間計,7,26,960,564,1557,79
69,野崎八幡,武蔵境通り×東八道路,R4/10,三鷹,D 環八通り,流入計,7,13,16,660,344,1033,86
69,野崎八幡,武蔵境通り×東八道路,R4/10,三鷹,D 環八通り,流入計,8,14,18,677,329,1038,60
69,野崎八幡,武蔵境通り×東八道路,R4/10,三鷹,D 環八通り,流入計,9,8,16,611,401,1036,40
69,野崎八幡,武蔵境通り×東八道路,R4/10,三鷹,D 環八通り,流入計,10,2,9,608,298,917,52
69,野崎八幡,武蔵境通り×東八道路,R4/10,三鷹,D 環八通り,流入計,11,2,13,691,394,1100,67
69,野崎八幡,武蔵境通り×東八道路,R4/10,三鷹,D 環八通り,流入計,12,4,14,671,369,1058,60
69,野崎八幡,武蔵境通り×東八道路,R4/10,三鷹,D 環八通り,流入計,13,7,10,614,348,979,51
69,野崎八幡,武蔵境通り×東八道路,R4/10,三鷹,D 環八通り,流入計,14,6,8,652,430,1096,63
69,野崎八幡,武蔵境通り×東八道路,R4/10,三鷹,D 環八通り,流入計,15,4,14,641,483,1142,44
69,野崎八幡,武蔵境通り×東八道路,R4/10,三鷹,D 環八通り,流入計,16,12,11,727,390,1140,75
69,野崎八幡,武蔵境通り×東八道路,R4/10,三鷹,D 環八通り,流入計,17,13,17,780,403,1213,129
69,野崎八幡,武蔵境通り×東八道路,R4/10,三鷹,D 環八通り,流入計,18,10,6,740,366,1122,97
69,野崎八幡,武蔵境通り×東八道路,R4/10,三鷹,D 環八通り,流入計,12時間計,95,152,8072,4555,12874,824
