﻿地点番号,地点名,交差道路名,調査年月,管轄警察署,流出方向,時間帯等,大型乗用,大型貨物,普通乗用,普通貨物,四輪計,二輪車
69,野崎八幡,武蔵境通り×東八道路,R4/10,三鷹,A 武蔵境,7,22,21,362,298,703,41
69,野崎八幡,武蔵境通り×東八道路,R4/10,三鷹,A 武蔵境,8,26,39,439,305,809,52
69,野崎八幡,武蔵境通り×東八道路,R4/10,三鷹,A 武蔵境,9,16,29,348,267,660,24
69,野崎八幡,武蔵境通り×東八道路,R4/10,三鷹,A 武蔵境,10,17,18,376,245,656,31
69,野崎八幡,武蔵境通り×東八道路,R4/10,三鷹,A 武蔵境,11,12,14,381,265,672,29
69,野崎八幡,武蔵境通り×東八道路,R4/10,三鷹,A 武蔵境,12,16,21,397,245,679,28
69,野崎八幡,武蔵境通り×東八道路,R4/10,三鷹,A 武蔵境,13,13,26,354,195,588,26
69,野崎八幡,武蔵境通り×東八道路,R4/10,三鷹,A 武蔵境,14,12,14,383,249,658,34
69,野崎八幡,武蔵境通り×東八道路,R4/10,三鷹,A 武蔵境,15,11,11,397,263,682,35
69,野崎八幡,武蔵境通り×東八道路,R4/10,三鷹,A 武蔵境,16,17,5,475,256,753,33
69,野崎八幡,武蔵境通り×東八道路,R4/10,三鷹,A 武蔵境,17,16,6,477,263,762,62
69,野崎八幡,武蔵境通り×東八道路,R4/10,三鷹,A 武蔵境,18,18,2,468,202,690,55
69,野崎八幡,武蔵境通り×東八道路,R4/10,三鷹,A 武蔵境,12時間計,196,206,4857,3053,8312,450
69,野崎八幡,武蔵境通り×東八道路,R4/10,三鷹,B 府中街道,7,16,13,614,355,998,93
69,野崎八幡,武蔵境通り×東八道路,R4/10,三鷹,B 府中街道,8,13,19,666,331,1029,63
69,野崎八幡,武蔵境通り×東八道路,R4/10,三鷹,B 府中街道,9,7,18,615,375,1015,42
69,野崎八幡,武蔵境通り×東八道路,R4/10,三鷹,B 府中街道,10,2,9,562,288,861,54
69,野崎八幡,武蔵境通り×東八道路,R4/10,三鷹,B 府中街道,11,2,13,674,378,1067,63
69,野崎八幡,武蔵境通り×東八道路,R4/10,三鷹,B 府中街道,12,4,17,668,371,1060,73
69,野崎八幡,武蔵境通り×東八道路,R4/10,三鷹,B 府中街道,13,7,14,617,366,1004,59
69,野崎八幡,武蔵境通り×東八道路,R4/10,三鷹,B 府中街道,14,6,11,689,405,1111,65
69,野崎八幡,武蔵境通り×東八道路,R4/10,三鷹,B 府中街道,15,6,14,620,474,1114,49
69,野崎八幡,武蔵境通り×東八道路,R4/10,三鷹,B 府中街道,16,14,11,693,416,1134,74
69,野崎八幡,武蔵境通り×東八道路,R4/10,三鷹,B 府中街道,17,18,14,806,449,1287,118
69,野崎八幡,武蔵境通り×東八道路,R4/10,三鷹,B 府中街道,18,10,5,753,391,1159,95
69,野崎八幡,武蔵境通り×東八道路,R4/10,三鷹,B 府中街道,12時間計,105,158,7977,4599,12839,848
69,野崎八幡,武蔵境通り×東八道路,R4/10,三鷹,C 甲州街道,7,30,7,323,269,629,23
69,野崎八幡,武蔵境通り×東八道路,R4/10,三鷹,C 甲州街道,8,22,5,388,255,670,37
69,野崎八幡,武蔵境通り×東八道路,R4/10,三鷹,C 甲州街道,9,12,11,387,197,607,17
69,野崎八幡,武蔵境通り×東八道路,R4/10,三鷹,C 甲州街道,10,10,7,385,224,626,20
69,野崎八幡,武蔵境通り×東八道路,R4/10,三鷹,C 甲州街道,11,12,16,422,215,665,30
69,野崎八幡,武蔵境通り×東八道路,R4/10,三鷹,C 甲州街道,12,10,21,381,185,597,28
69,野崎八幡,武蔵境通り×東八道路,R4/10,三鷹,C 甲州街道,13,12,4,364,154,534,23
69,野崎八幡,武蔵境通り×東八道路,R4/10,三鷹,C 甲州街道,14,15,4,331,191,541,38
69,野崎八幡,武蔵境通り×東八道路,R4/10,三鷹,C 甲州街道,15,14,8,383,207,612,31
69,野崎八幡,武蔵境通り×東八道路,R4/10,三鷹,C 甲州街道,16,16,3,359,198,576,37
69,野崎八幡,武蔵境通り×東八道路,R4/10,三鷹,C 甲州街道,17,17,6,425,181,629,44
69,野崎八幡,武蔵境通り×東八道路,R4/10,三鷹,C 甲州街道,18,17,4,415,139,575,46
69,野崎八幡,武蔵境通り×東八道路,R4/10,三鷹,C 甲州街道,12時間計,187,96,4563,2415,7261,374
69,野崎八幡,武蔵境通り×東八道路,R4/10,三鷹,D 環八通り,7,24,38,702,568,1332,141
69,野崎八幡,武蔵境通り×東八道路,R4/10,三鷹,D 環八通り,8,7,34,735,424,1200,110
69,野崎八幡,武蔵境通り×東八道路,R4/10,三鷹,D 環八通り,9,6,21,763,385,1175,52
69,野崎八幡,武蔵境通り×東八道路,R4/10,三鷹,D 環八通り,10,1,12,642,276,931,54
69,野崎八幡,武蔵境通り×東八道路,R4/10,三鷹,D 環八通り,11,5,19,690,396,1110,78
69,野崎八幡,武蔵境通り×東八道路,R4/10,三鷹,D 環八通り,12,6,7,642,305,960,77
69,野崎八幡,武蔵境通り×東八道路,R4/10,三鷹,D 環八通り,13,5,8,652,285,950,78
69,野崎八幡,武蔵境通り×東八道路,R4/10,三鷹,D 環八通り,14,5,7,659,316,987,74
69,野崎八幡,武蔵境通り×東八道路,R4/10,三鷹,D 環八通り,15,8,9,741,321,1079,75
69,野崎八幡,武蔵境通り×東八道路,R4/10,三鷹,D 環八通り,16,5,4,654,295,958,79
69,野崎八幡,武蔵境通り×東八道路,R4/10,三鷹,D 環八通り,17,6,8,787,312,1113,79
69,野崎八幡,武蔵境通り×東八道路,R4/10,三鷹,D 環八通り,18,8,3,760,162,933,78
69,野崎八幡,武蔵境通り×東八道路,R4/10,三鷹,D 環八通り,12時間計,86,170,8427,4045,12728,975
69,野崎八幡,武蔵境通り×東八道路,R4/10,三鷹,全方向合計,7,92,79,2001,1490,3662,298
69,野崎八幡,武蔵境通り×東八道路,R4/10,三鷹,全方向合計,8,68,97,2228,1315,3708,262
69,野崎八幡,武蔵境通り×東八道路,R4/10,三鷹,全方向合計,9,41,79,2113,1224,3457,135
69,野崎八幡,武蔵境通り×東八道路,R4/10,三鷹,全方向合計,10,30,46,1965,1033,3074,159
69,野崎八幡,武蔵境通り×東八道路,R4/10,三鷹,全方向合計,11,31,62,2167,1254,3514,200
69,野崎八幡,武蔵境通り×東八道路,R4/10,三鷹,全方向合計,12,36,66,2088,1106,3296,206
69,野崎八幡,武蔵境通り×東八道路,R4/10,三鷹,全方向合計,13,37,52,1987,1000,3076,186
69,野崎八幡,武蔵境通り×東八道路,R4/10,三鷹,全方向合計,14,38,36,2062,1161,3297,211
69,野崎八幡,武蔵境通り×東八道路,R4/10,三鷹,全方向合計,15,39,42,2141,1265,3487,190
69,野崎八幡,武蔵境通り×東八道路,R4/10,三鷹,全方向合計,16,52,23,2181,1165,3421,223
69,野崎八幡,武蔵境通り×東八道路,R4/10,三鷹,全方向合計,17,57,34,2495,1205,3791,303
69,野崎八幡,武蔵境通り×東八道路,R4/10,三鷹,全方向合計,18,53,14,2396,894,3357,274
69,野崎八幡,武蔵境通り×東八道路,R4/10,三鷹,全方向合計,12時間計,574,630,25824,14112,41140,2647
