﻿地点番号,地点名,交差道路名,調査年月,管轄警察署,流入方向,流出方向,時間帯等,車道通行自転車,歩道通行自転車,自転車計
69,野崎八幡,武蔵境通り×東八道路,R4/10,三鷹,A 武蔵境,1環八通り,7,1,-,-
69,野崎八幡,武蔵境通り×東八道路,R4/10,三鷹,A 武蔵境,1環八通り,8,0,-,-
69,野崎八幡,武蔵境通り×東八道路,R4/10,三鷹,A 武蔵境,1環八通り,9,0,-,-
69,野崎八幡,武蔵境通り×東八道路,R4/10,三鷹,A 武蔵境,1環八通り,10,0,-,-
69,野崎八幡,武蔵境通り×東八道路,R4/10,三鷹,A 武蔵境,1環八通り,11,0,-,-
69,野崎八幡,武蔵境通り×東八道路,R4/10,三鷹,A 武蔵境,1環八通り,12,0,-,-
69,野崎八幡,武蔵境通り×東八道路,R4/10,三鷹,A 武蔵境,1環八通り,13,0,-,-
69,野崎八幡,武蔵境通り×東八道路,R4/10,三鷹,A 武蔵境,1環八通り,14,0,-,-
69,野崎八幡,武蔵境通り×東八道路,R4/10,三鷹,A 武蔵境,1環八通り,15,0,-,-
69,野崎八幡,武蔵境通り×東八道路,R4/10,三鷹,A 武蔵境,1環八通り,16,1,-,-
69,野崎八幡,武蔵境通り×東八道路,R4/10,三鷹,A 武蔵境,1環八通り,17,0,-,-
69,野崎八幡,武蔵境通り×東八道路,R4/10,三鷹,A 武蔵境,1環八通り,18,0,-,-
69,野崎八幡,武蔵境通り×東八道路,R4/10,三鷹,A 武蔵境,1環八通り,12時間計,2,-,-
69,野崎八幡,武蔵境通り×東八道路,R4/10,三鷹,A 武蔵境,2甲州街道,7,2,-,-
69,野崎八幡,武蔵境通り×東八道路,R4/10,三鷹,A 武蔵境,2甲州街道,8,6,-,-
69,野崎八幡,武蔵境通り×東八道路,R4/10,三鷹,A 武蔵境,2甲州街道,9,6,-,-
69,野崎八幡,武蔵境通り×東八道路,R4/10,三鷹,A 武蔵境,2甲州街道,10,2,-,-
69,野崎八幡,武蔵境通り×東八道路,R4/10,三鷹,A 武蔵境,2甲州街道,11,1,-,-
69,野崎八幡,武蔵境通り×東八道路,R4/10,三鷹,A 武蔵境,2甲州街道,12,2,-,-
69,野崎八幡,武蔵境通り×東八道路,R4/10,三鷹,A 武蔵境,2甲州街道,13,2,-,-
69,野崎八幡,武蔵境通り×東八道路,R4/10,三鷹,A 武蔵境,2甲州街道,14,0,-,-
69,野崎八幡,武蔵境通り×東八道路,R4/10,三鷹,A 武蔵境,2甲州街道,15,5,-,-
69,野崎八幡,武蔵境通り×東八道路,R4/10,三鷹,A 武蔵境,2甲州街道,16,0,-,-
69,野崎八幡,武蔵境通り×東八道路,R4/10,三鷹,A 武蔵境,2甲州街道,17,2,-,-
69,野崎八幡,武蔵境通り×東八道路,R4/10,三鷹,A 武蔵境,2甲州街道,18,1,-,-
69,野崎八幡,武蔵境通り×東八道路,R4/10,三鷹,A 武蔵境,2甲州街道,12時間計,29,-,-
69,野崎八幡,武蔵境通り×東八道路,R4/10,三鷹,A 武蔵境,3府中街道,7,0,-,-
69,野崎八幡,武蔵境通り×東八道路,R4/10,三鷹,A 武蔵境,3府中街道,8,0,-,-
69,野崎八幡,武蔵境通り×東八道路,R4/10,三鷹,A 武蔵境,3府中街道,9,0,-,-
69,野崎八幡,武蔵境通り×東八道路,R4/10,三鷹,A 武蔵境,3府中街道,10,0,-,-
69,野崎八幡,武蔵境通り×東八道路,R4/10,三鷹,A 武蔵境,3府中街道,11,0,-,-
69,野崎八幡,武蔵境通り×東八道路,R4/10,三鷹,A 武蔵境,3府中街道,12,0,-,-
69,野崎八幡,武蔵境通り×東八道路,R4/10,三鷹,A 武蔵境,3府中街道,13,0,-,-
69,野崎八幡,武蔵境通り×東八道路,R4/10,三鷹,A 武蔵境,3府中街道,14,0,-,-
69,野崎八幡,武蔵境通り×東八道路,R4/10,三鷹,A 武蔵境,3府中街道,15,0,-,-
69,野崎八幡,武蔵境通り×東八道路,R4/10,三鷹,A 武蔵境,3府中街道,16,0,-,-
69,野崎八幡,武蔵境通り×東八道路,R4/10,三鷹,A 武蔵境,3府中街道,17,0,-,-
69,野崎八幡,武蔵境通り×東八道路,R4/10,三鷹,A 武蔵境,3府中街道,18,0,-,-
69,野崎八幡,武蔵境通り×東八道路,R4/10,三鷹,A 武蔵境,3府中街道,12時間計,0,-,-
69,野崎八幡,武蔵境通り×東八道路,R4/10,三鷹,A 武蔵境,流入計,7,3,114,117
69,野崎八幡,武蔵境通り×東八道路,R4/10,三鷹,A 武蔵境,流入計,8,6,214,220
69,野崎八幡,武蔵境通り×東八道路,R4/10,三鷹,A 武蔵境,流入計,9,6,96,102
69,野崎八幡,武蔵境通り×東八道路,R4/10,三鷹,A 武蔵境,流入計,10,2,81,83
69,野崎八幡,武蔵境通り×東八道路,R4/10,三鷹,A 武蔵境,流入計,11,1,104,105
69,野崎八幡,武蔵境通り×東八道路,R4/10,三鷹,A 武蔵境,流入計,12,2,114,116
69,野崎八幡,武蔵境通り×東八道路,R4/10,三鷹,A 武蔵境,流入計,13,2,89,91
69,野崎八幡,武蔵境通り×東八道路,R4/10,三鷹,A 武蔵境,流入計,14,0,151,151
69,野崎八幡,武蔵境通り×東八道路,R4/10,三鷹,A 武蔵境,流入計,15,5,132,137
69,野崎八幡,武蔵境通り×東八道路,R4/10,三鷹,A 武蔵境,流入計,16,1,115,116
69,野崎八幡,武蔵境通り×東八道路,R4/10,三鷹,A 武蔵境,流入計,17,2,167,169
69,野崎八幡,武蔵境通り×東八道路,R4/10,三鷹,A 武蔵境,流入計,18,1,166,167
69,野崎八幡,武蔵境通り×東八道路,R4/10,三鷹,A 武蔵境,流入計,12時間計,31,1543,1574
69,野崎八幡,武蔵境通り×東八道路,R4/10,三鷹,B 府中街道,4武蔵境,7,0,-,-
69,野崎八幡,武蔵境通り×東八道路,R4/10,三鷹,B 府中街道,4武蔵境,8,0,-,-
69,野崎八幡,武蔵境通り×東八道路,R4/10,三鷹,B 府中街道,4武蔵境,9,1,-,-
69,野崎八幡,武蔵境通り×東八道路,R4/10,三鷹,B 府中街道,4武蔵境,10,0,-,-
69,野崎八幡,武蔵境通り×東八道路,R4/10,三鷹,B 府中街道,4武蔵境,11,0,-,-
69,野崎八幡,武蔵境通り×東八道路,R4/10,三鷹,B 府中街道,4武蔵境,12,0,-,-
69,野崎八幡,武蔵境通り×東八道路,R4/10,三鷹,B 府中街道,4武蔵境,13,0,-,-
69,野崎八幡,武蔵境通り×東八道路,R4/10,三鷹,B 府中街道,4武蔵境,14,0,-,-
69,野崎八幡,武蔵境通り×東八道路,R4/10,三鷹,B 府中街道,4武蔵境,15,1,-,-
69,野崎八幡,武蔵境通り×東八道路,R4/10,三鷹,B 府中街道,4武蔵境,16,0,-,-
69,野崎八幡,武蔵境通り×東八道路,R4/10,三鷹,B 府中街道,4武蔵境,17,0,-,-
69,野崎八幡,武蔵境通り×東八道路,R4/10,三鷹,B 府中街道,4武蔵境,18,0,-,-
69,野崎八幡,武蔵境通り×東八道路,R4/10,三鷹,B 府中街道,4武蔵境,12時間計,2,-,-
69,野崎八幡,武蔵境通り×東八道路,R4/10,三鷹,B 府中街道,5環八通り,7,15,-,-
69,野崎八幡,武蔵境通り×東八道路,R4/10,三鷹,B 府中街道,5環八通り,8,12,-,-
69,野崎八幡,武蔵境通り×東八道路,R4/10,三鷹,B 府中街道,5環八通り,9,3,-,-
69,野崎八幡,武蔵境通り×東八道路,R4/10,三鷹,B 府中街道,5環八通り,10,3,-,-
69,野崎八幡,武蔵境通り×東八道路,R4/10,三鷹,B 府中街道,5環八通り,11,4,-,-
69,野崎八幡,武蔵境通り×東八道路,R4/10,三鷹,B 府中街道,5環八通り,12,2,-,-
69,野崎八幡,武蔵境通り×東八道路,R4/10,三鷹,B 府中街道,5環八通り,13,1,-,-
69,野崎八幡,武蔵境通り×東八道路,R4/10,三鷹,B 府中街道,5環八通り,14,1,-,-
69,野崎八幡,武蔵境通り×東八道路,R4/10,三鷹,B 府中街道,5環八通り,15,3,-,-
69,野崎八幡,武蔵境通り×東八道路,R4/10,三鷹,B 府中街道,5環八通り,16,4,-,-
69,野崎八幡,武蔵境通り×東八道路,R4/10,三鷹,B 府中街道,5環八通り,17,11,-,-
69,野崎八幡,武蔵境通り×東八道路,R4/10,三鷹,B 府中街道,5環八通り,18,10,-,-
69,野崎八幡,武蔵境通り×東八道路,R4/10,三鷹,B 府中街道,5環八通り,12時間計,69,-,-
69,野崎八幡,武蔵境通り×東八道路,R4/10,三鷹,B 府中街道,6甲州街道,7,0,-,-
69,野崎八幡,武蔵境通り×東八道路,R4/10,三鷹,B 府中街道,6甲州街道,8,0,-,-
69,野崎八幡,武蔵境通り×東八道路,R4/10,三鷹,B 府中街道,6甲州街道,9,0,-,-
69,野崎八幡,武蔵境通り×東八道路,R4/10,三鷹,B 府中街道,6甲州街道,10,0,-,-
69,野崎八幡,武蔵境通り×東八道路,R4/10,三鷹,B 府中街道,6甲州街道,11,0,-,-
69,野崎八幡,武蔵境通り×東八道路,R4/10,三鷹,B 府中街道,6甲州街道,12,0,-,-
69,野崎八幡,武蔵境通り×東八道路,R4/10,三鷹,B 府中街道,6甲州街道,13,0,-,-
69,野崎八幡,武蔵境通り×東八道路,R4/10,三鷹,B 府中街道,6甲州街道,14,0,-,-
69,野崎八幡,武蔵境通り×東八道路,R4/10,三鷹,B 府中街道,6甲州街道,15,0,-,-
69,野崎八幡,武蔵境通り×東八道路,R4/10,三鷹,B 府中街道,6甲州街道,16,0,-,-
69,野崎八幡,武蔵境通り×東八道路,R4/10,三鷹,B 府中街道,6甲州街道,17,0,-,-
69,野崎八幡,武蔵境通り×東八道路,R4/10,三鷹,B 府中街道,6甲州街道,18,0,-,-
69,野崎八幡,武蔵境通り×東八道路,R4/10,三鷹,B 府中街道,6甲州街道,12時間計,0,-,-
69,野崎八幡,武蔵境通り×東八道路,R4/10,三鷹,B 府中街道,流入計,7,15,200,215
69,野崎八幡,武蔵境通り×東八道路,R4/10,三鷹,B 府中街道,流入計,8,12,319,331
69,野崎八幡,武蔵境通り×東八道路,R4/10,三鷹,B 府中街道,流入計,9,4,106,110
69,野崎八幡,武蔵境通り×東八道路,R4/10,三鷹,B 府中街道,流入計,10,3,114,117
69,野崎八幡,武蔵境通り×東八道路,R4/10,三鷹,B 府中街道,流入計,11,4,127,131
69,野崎八幡,武蔵境通り×東八道路,R4/10,三鷹,B 府中街道,流入計,12,2,134,136
69,野崎八幡,武蔵境通り×東八道路,R4/10,三鷹,B 府中街道,流入計,13,1,94,95
69,野崎八幡,武蔵境通り×東八道路,R4/10,三鷹,B 府中街道,流入計,14,1,131,132
69,野崎八幡,武蔵境通り×東八道路,R4/10,三鷹,B 府中街道,流入計,15,4,170,174
69,野崎八幡,武蔵境通り×東八道路,R4/10,三鷹,B 府中街道,流入計,16,4,165,169
69,野崎八幡,武蔵境通り×東八道路,R4/10,三鷹,B 府中街道,流入計,17,11,204,215
69,野崎八幡,武蔵境通り×東八道路,R4/10,三鷹,B 府中街道,流入計,18,10,147,157
69,野崎八幡,武蔵境通り×東八道路,R4/10,三鷹,B 府中街道,流入計,12時間計,71,1911,1982
69,野崎八幡,武蔵境通り×東八道路,R4/10,三鷹,C 甲州街道,7府中街道,7,0,-,-
69,野崎八幡,武蔵境通り×東八道路,R4/10,三鷹,C 甲州街道,7府中街道,8,1,-,-
69,野崎八幡,武蔵境通り×東八道路,R4/10,三鷹,C 甲州街道,7府中街道,9,2,-,-
69,野崎八幡,武蔵境通り×東八道路,R4/10,三鷹,C 甲州街道,7府中街道,10,0,-,-
69,野崎八幡,武蔵境通り×東八道路,R4/10,三鷹,C 甲州街道,7府中街道,11,0,-,-
69,野崎八幡,武蔵境通り×東八道路,R4/10,三鷹,C 甲州街道,7府中街道,12,0,-,-
69,野崎八幡,武蔵境通り×東八道路,R4/10,三鷹,C 甲州街道,7府中街道,13,0,-,-
69,野崎八幡,武蔵境通り×東八道路,R4/10,三鷹,C 甲州街道,7府中街道,14,0,-,-
69,野崎八幡,武蔵境通り×東八道路,R4/10,三鷹,C 甲州街道,7府中街道,15,0,-,-
69,野崎八幡,武蔵境通り×東八道路,R4/10,三鷹,C 甲州街道,7府中街道,16,0,-,-
69,野崎八幡,武蔵境通り×東八道路,R4/10,三鷹,C 甲州街道,7府中街道,17,0,-,-
69,野崎八幡,武蔵境通り×東八道路,R4/10,三鷹,C 甲州街道,7府中街道,18,0,-,-
69,野崎八幡,武蔵境通り×東八道路,R4/10,三鷹,C 甲州街道,7府中街道,12時間計,3,-,-
69,野崎八幡,武蔵境通り×東八道路,R4/10,三鷹,C 甲州街道,8武蔵境,7,1,-,-
69,野崎八幡,武蔵境通り×東八道路,R4/10,三鷹,C 甲州街道,8武蔵境,8,2,-,-
69,野崎八幡,武蔵境通り×東八道路,R4/10,三鷹,C 甲州街道,8武蔵境,9,2,-,-
69,野崎八幡,武蔵境通り×東八道路,R4/10,三鷹,C 甲州街道,8武蔵境,10,2,-,-
69,野崎八幡,武蔵境通り×東八道路,R4/10,三鷹,C 甲州街道,8武蔵境,11,0,-,-
69,野崎八幡,武蔵境通り×東八道路,R4/10,三鷹,C 甲州街道,8武蔵境,12,4,-,-
69,野崎八幡,武蔵境通り×東八道路,R4/10,三鷹,C 甲州街道,8武蔵境,13,1,-,-
69,野崎八幡,武蔵境通り×東八道路,R4/10,三鷹,C 甲州街道,8武蔵境,14,8,-,-
69,野崎八幡,武蔵境通り×東八道路,R4/10,三鷹,C 甲州街道,8武蔵境,15,1,-,-
69,野崎八幡,武蔵境通り×東八道路,R4/10,三鷹,C 甲州街道,8武蔵境,16,2,-,-
69,野崎八幡,武蔵境通り×東八道路,R4/10,三鷹,C 甲州街道,8武蔵境,17,0,-,-
69,野崎八幡,武蔵境通り×東八道路,R4/10,三鷹,C 甲州街道,8武蔵境,18,4,-,-
69,野崎八幡,武蔵境通り×東八道路,R4/10,三鷹,C 甲州街道,8武蔵境,12時間計,27,-,-
69,野崎八幡,武蔵境通り×東八道路,R4/10,三鷹,C 甲州街道,9環八通り,7,2,-,-
69,野崎八幡,武蔵境通り×東八道路,R4/10,三鷹,C 甲州街道,9環八通り,8,0,-,-
69,野崎八幡,武蔵境通り×東八道路,R4/10,三鷹,C 甲州街道,9環八通り,9,0,-,-
69,野崎八幡,武蔵境通り×東八道路,R4/10,三鷹,C 甲州街道,9環八通り,10,0,-,-
69,野崎八幡,武蔵境通り×東八道路,R4/10,三鷹,C 甲州街道,9環八通り,11,0,-,-
69,野崎八幡,武蔵境通り×東八道路,R4/10,三鷹,C 甲州街道,9環八通り,12,0,-,-
69,野崎八幡,武蔵境通り×東八道路,R4/10,三鷹,C 甲州街道,9環八通り,13,0,-,-
69,野崎八幡,武蔵境通り×東八道路,R4/10,三鷹,C 甲州街道,9環八通り,14,0,-,-
69,野崎八幡,武蔵境通り×東八道路,R4/10,三鷹,C 甲州街道,9環八通り,15,0,-,-
69,野崎八幡,武蔵境通り×東八道路,R4/10,三鷹,C 甲州街道,9環八通り,16,0,-,-
69,野崎八幡,武蔵境通り×東八道路,R4/10,三鷹,C 甲州街道,9環八通り,17,0,-,-
69,野崎八幡,武蔵境通り×東八道路,R4/10,三鷹,C 甲州街道,9環八通り,18,0,-,-
69,野崎八幡,武蔵境通り×東八道路,R4/10,三鷹,C 甲州街道,9環八通り,12時間計,2,-,-
69,野崎八幡,武蔵境通り×東八道路,R4/10,三鷹,C 甲州街道,流入計,7,3,198,201
69,野崎八幡,武蔵境通り×東八道路,R4/10,三鷹,C 甲州街道,流入計,8,3,349,352
69,野崎八幡,武蔵境通り×東八道路,R4/10,三鷹,C 甲州街道,流入計,9,4,138,142
69,野崎八幡,武蔵境通り×東八道路,R4/10,三鷹,C 甲州街道,流入計,10,2,103,105
69,野崎八幡,武蔵境通り×東八道路,R4/10,三鷹,C 甲州街道,流入計,11,0,111,111
69,野崎八幡,武蔵境通り×東八道路,R4/10,三鷹,C 甲州街道,流入計,12,4,116,120
69,野崎八幡,武蔵境通り×東八道路,R4/10,三鷹,C 甲州街道,流入計,13,1,69,70
69,野崎八幡,武蔵境通り×東八道路,R4/10,三鷹,C 甲州街道,流入計,14,8,91,99
69,野崎八幡,武蔵境通り×東八道路,R4/10,三鷹,C 甲州街道,流入計,15,1,229,230
69,野崎八幡,武蔵境通り×東八道路,R4/10,三鷹,C 甲州街道,流入計,16,2,190,192
69,野崎八幡,武蔵境通り×東八道路,R4/10,三鷹,C 甲州街道,流入計,17,0,211,211
69,野崎八幡,武蔵境通り×東八道路,R4/10,三鷹,C 甲州街道,流入計,18,4,150,154
69,野崎八幡,武蔵境通り×東八道路,R4/10,三鷹,C 甲州街道,流入計,12時間計,32,1955,1987
69,野崎八幡,武蔵境通り×東八道路,R4/10,三鷹,D 環八通り,10甲州街道,7,0,-,-
69,野崎八幡,武蔵境通り×東八道路,R4/10,三鷹,D 環八通り,10甲州街道,8,2,-,-
69,野崎八幡,武蔵境通り×東八道路,R4/10,三鷹,D 環八通り,10甲州街道,9,0,-,-
69,野崎八幡,武蔵境通り×東八道路,R4/10,三鷹,D 環八通り,10甲州街道,10,1,-,-
69,野崎八幡,武蔵境通り×東八道路,R4/10,三鷹,D 環八通り,10甲州街道,11,1,-,-
69,野崎八幡,武蔵境通り×東八道路,R4/10,三鷹,D 環八通り,10甲州街道,12,1,-,-
69,野崎八幡,武蔵境通り×東八道路,R4/10,三鷹,D 環八通り,10甲州街道,13,0,-,-
69,野崎八幡,武蔵境通り×東八道路,R4/10,三鷹,D 環八通り,10甲州街道,14,0,-,-
69,野崎八幡,武蔵境通り×東八道路,R4/10,三鷹,D 環八通り,10甲州街道,15,0,-,-
69,野崎八幡,武蔵境通り×東八道路,R4/10,三鷹,D 環八通り,10甲州街道,16,1,-,-
69,野崎八幡,武蔵境通り×東八道路,R4/10,三鷹,D 環八通り,10甲州街道,17,0,-,-
69,野崎八幡,武蔵境通り×東八道路,R4/10,三鷹,D 環八通り,10甲州街道,18,0,-,-
69,野崎八幡,武蔵境通り×東八道路,R4/10,三鷹,D 環八通り,10甲州街道,12時間計,6,-,-
69,野崎八幡,武蔵境通り×東八道路,R4/10,三鷹,D 環八通り,11府中街道,7,12,-,-
69,野崎八幡,武蔵境通り×東八道路,R4/10,三鷹,D 環八通り,11府中街道,8,7,-,-
69,野崎八幡,武蔵境通り×東八道路,R4/10,三鷹,D 環八通り,11府中街道,9,12,-,-
69,野崎八幡,武蔵境通り×東八道路,R4/10,三鷹,D 環八通り,11府中街道,10,1,-,-
69,野崎八幡,武蔵境通り×東八道路,R4/10,三鷹,D 環八通り,11府中街道,11,3,-,-
69,野崎八幡,武蔵境通り×東八道路,R4/10,三鷹,D 環八通り,11府中街道,12,3,-,-
69,野崎八幡,武蔵境通り×東八道路,R4/10,三鷹,D 環八通り,11府中街道,13,1,-,-
69,野崎八幡,武蔵境通り×東八道路,R4/10,三鷹,D 環八通り,11府中街道,14,2,-,-
69,野崎八幡,武蔵境通り×東八道路,R4/10,三鷹,D 環八通り,11府中街道,15,0,-,-
69,野崎八幡,武蔵境通り×東八道路,R4/10,三鷹,D 環八通り,11府中街道,16,1,-,-
69,野崎八幡,武蔵境通り×東八道路,R4/10,三鷹,D 環八通り,11府中街道,17,4,-,-
69,野崎八幡,武蔵境通り×東八道路,R4/10,三鷹,D 環八通り,11府中街道,18,7,-,-
69,野崎八幡,武蔵境通り×東八道路,R4/10,三鷹,D 環八通り,11府中街道,12時間計,53,-,-
69,野崎八幡,武蔵境通り×東八道路,R4/10,三鷹,D 環八通り,12武蔵境,7,0,-,-
69,野崎八幡,武蔵境通り×東八道路,R4/10,三鷹,D 環八通り,12武蔵境,8,0,-,-
69,野崎八幡,武蔵境通り×東八道路,R4/10,三鷹,D 環八通り,12武蔵境,9,0,-,-
69,野崎八幡,武蔵境通り×東八道路,R4/10,三鷹,D 環八通り,12武蔵境,10,0,-,-
69,野崎八幡,武蔵境通り×東八道路,R4/10,三鷹,D 環八通り,12武蔵境,11,0,-,-
69,野崎八幡,武蔵境通り×東八道路,R4/10,三鷹,D 環八通り,12武蔵境,12,0,-,-
69,野崎八幡,武蔵境通り×東八道路,R4/10,三鷹,D 環八通り,12武蔵境,13,0,-,-
69,野崎八幡,武蔵境通り×東八道路,R4/10,三鷹,D 環八通り,12武蔵境,14,0,-,-
69,野崎八幡,武蔵境通り×東八道路,R4/10,三鷹,D 環八通り,12武蔵境,15,0,-,-
69,野崎八幡,武蔵境通り×東八道路,R4/10,三鷹,D 環八通り,12武蔵境,16,0,-,-
69,野崎八幡,武蔵境通り×東八道路,R4/10,三鷹,D 環八通り,12武蔵境,17,0,-,-
69,野崎八幡,武蔵境通り×東八道路,R4/10,三鷹,D 環八通り,12武蔵境,18,0,-,-
69,野崎八幡,武蔵境通り×東八道路,R4/10,三鷹,D 環八通り,12武蔵境,12時間計,0,-,-
69,野崎八幡,武蔵境通り×東八道路,R4/10,三鷹,D 環八通り,流入計,7,12,121,133
69,野崎八幡,武蔵境通り×東八道路,R4/10,三鷹,D 環八通り,流入計,8,9,248,257
69,野崎八幡,武蔵境通り×東八道路,R4/10,三鷹,D 環八通り,流入計,9,12,115,127
69,野崎八幡,武蔵境通り×東八道路,R4/10,三鷹,D 環八通り,流入計,10,2,119,121
69,野崎八幡,武蔵境通り×東八道路,R4/10,三鷹,D 環八通り,流入計,11,4,129,133
69,野崎八幡,武蔵境通り×東八道路,R4/10,三鷹,D 環八通り,流入計,12,4,139,143
69,野崎八幡,武蔵境通り×東八道路,R4/10,三鷹,D 環八通り,流入計,13,1,115,116
69,野崎八幡,武蔵境通り×東八道路,R4/10,三鷹,D 環八通り,流入計,14,2,161,163
69,野崎八幡,武蔵境通り×東八道路,R4/10,三鷹,D 環八通り,流入計,15,0,160,160
69,野崎八幡,武蔵境通り×東八道路,R4/10,三鷹,D 環八通り,流入計,16,2,112,114
69,野崎八幡,武蔵境通り×東八道路,R4/10,三鷹,D 環八通り,流入計,17,4,216,220
69,野崎八幡,武蔵境通り×東八道路,R4/10,三鷹,D 環八通り,流入計,18,7,244,251
69,野崎八幡,武蔵境通り×東八道路,R4/10,三鷹,D 環八通り,流入計,12時間計,59,1879,1938
69,野崎八幡,武蔵境通り×東八道路,R4/10,三鷹,全方向計,全方向計,7,33,633,666
69,野崎八幡,武蔵境通り×東八道路,R4/10,三鷹,全方向計,全方向計,8,30,1130,1160
69,野崎八幡,武蔵境通り×東八道路,R4/10,三鷹,全方向計,全方向計,9,26,455,481
69,野崎八幡,武蔵境通り×東八道路,R4/10,三鷹,全方向計,全方向計,10,9,417,426
69,野崎八幡,武蔵境通り×東八道路,R4/10,三鷹,全方向計,全方向計,11,9,471,480
69,野崎八幡,武蔵境通り×東八道路,R4/10,三鷹,全方向計,全方向計,12,12,503,515
69,野崎八幡,武蔵境通り×東八道路,R4/10,三鷹,全方向計,全方向計,13,5,367,372
69,野崎八幡,武蔵境通り×東八道路,R4/10,三鷹,全方向計,全方向計,14,11,534,545
69,野崎八幡,武蔵境通り×東八道路,R4/10,三鷹,全方向計,全方向計,15,10,691,701
69,野崎八幡,武蔵境通り×東八道路,R4/10,三鷹,全方向計,全方向計,16,9,582,591
69,野崎八幡,武蔵境通り×東八道路,R4/10,三鷹,全方向計,全方向計,17,17,798,815
69,野崎八幡,武蔵境通り×東八道路,R4/10,三鷹,全方向計,全方向計,18,22,707,729
69,野崎八幡,武蔵境通り×東八道路,R4/10,三鷹,全方向計,全方向計,12時間計,193,7288,7481
