﻿地点番号,地点名,交差道路名,調査年月,管轄警察署,流入方向,流出方向,時間帯等,大型乗用,大型貨物,普通乗用,普通貨物,四輪計,二輪車
43,江北陸橋下,環七通り×尾久橋通り,R4/11,西新井,A 鳩ヶ谷,1.加平,7,0,11,28,46,85,2
43,江北陸橋下,環七通り×尾久橋通り,R4/11,西新井,A 鳩ヶ谷,1.加平,8,0,9,37,46,92,1
43,江北陸橋下,環七通り×尾久橋通り,R4/11,西新井,A 鳩ヶ谷,1.加平,9,2,17,46,64,129,1
43,江北陸橋下,環七通り×尾久橋通り,R4/11,西新井,A 鳩ヶ谷,1.加平,10,1,12,53,53,119,1
43,江北陸橋下,環七通り×尾久橋通り,R4/11,西新井,A 鳩ヶ谷,1.加平,11,3,9,38,43,93,2
43,江北陸橋下,環七通り×尾久橋通り,R4/11,西新井,A 鳩ヶ谷,1.加平,12,1,7,60,39,107,4
43,江北陸橋下,環七通り×尾久橋通り,R4/11,西新井,A 鳩ヶ谷,1.加平,13,1,9,60,40,110,4
43,江北陸橋下,環七通り×尾久橋通り,R4/11,西新井,A 鳩ヶ谷,1.加平,14,1,1,57,41,100,10
43,江北陸橋下,環七通り×尾久橋通り,R4/11,西新井,A 鳩ヶ谷,1.加平,15,4,4,59,47,114,6
43,江北陸橋下,環七通り×尾久橋通り,R4/11,西新井,A 鳩ヶ谷,1.加平,16,3,5,61,29,98,9
43,江北陸橋下,環七通り×尾久橋通り,R4/11,西新井,A 鳩ヶ谷,1.加平,17,4,5,50,25,84,10
43,江北陸橋下,環七通り×尾久橋通り,R4/11,西新井,A 鳩ヶ谷,1.加平,18,2,1,79,21,103,7
43,江北陸橋下,環七通り×尾久橋通り,R4/11,西新井,A 鳩ヶ谷,1.加平,12時間計,22,90,628,494,1234,57
43,江北陸橋下,環七通り×尾久橋通り,R4/11,西新井,A 鳩ヶ谷,2.扇大橋,7,11,47,333,518,909,88
43,江北陸橋下,環七通り×尾久橋通り,R4/11,西新井,A 鳩ヶ谷,2.扇大橋,8,7,21,336,432,796,64
43,江北陸橋下,環七通り×尾久橋通り,R4/11,西新井,A 鳩ヶ谷,2.扇大橋,9,4,27,321,403,755,39
43,江北陸橋下,環七通り×尾久橋通り,R4/11,西新井,A 鳩ヶ谷,2.扇大橋,10,2,29,306,362,699,35
43,江北陸橋下,環七通り×尾久橋通り,R4/11,西新井,A 鳩ヶ谷,2.扇大橋,11,3,58,343,248,652,29
43,江北陸橋下,環七通り×尾久橋通り,R4/11,西新井,A 鳩ヶ谷,2.扇大橋,12,2,32,334,258,626,32
43,江北陸橋下,環七通り×尾久橋通り,R4/11,西新井,A 鳩ヶ谷,2.扇大橋,13,2,48,359,253,662,26
43,江北陸橋下,環七通り×尾久橋通り,R4/11,西新井,A 鳩ヶ谷,2.扇大橋,14,3,41,344,281,669,32
43,江北陸橋下,環七通り×尾久橋通り,R4/11,西新井,A 鳩ヶ谷,2.扇大橋,15,4,35,365,224,628,23
43,江北陸橋下,環七通り×尾久橋通り,R4/11,西新井,A 鳩ヶ谷,2.扇大橋,16,4,29,442,251,726,51
43,江北陸橋下,環七通り×尾久橋通り,R4/11,西新井,A 鳩ヶ谷,2.扇大橋,17,3,18,466,184,671,46
43,江北陸橋下,環七通り×尾久橋通り,R4/11,西新井,A 鳩ヶ谷,2.扇大橋,18,1,13,430,182,626,62
43,江北陸橋下,環七通り×尾久橋通り,R4/11,西新井,A 鳩ヶ谷,2.扇大橋,12時間計,46,398,4379,3596,8419,527
43,江北陸橋下,環七通り×尾久橋通り,R4/11,西新井,A 鳩ヶ谷,3.鹿浜橋,7,1,5,23,16,45,4
43,江北陸橋下,環七通り×尾久橋通り,R4/11,西新井,A 鳩ヶ谷,3.鹿浜橋,8,1,5,49,24,79,4
43,江北陸橋下,環七通り×尾久橋通り,R4/11,西新井,A 鳩ヶ谷,3.鹿浜橋,9,2,0,20,19,41,4
43,江北陸橋下,環七通り×尾久橋通り,R4/11,西新井,A 鳩ヶ谷,3.鹿浜橋,10,1,3,36,23,63,0
43,江北陸橋下,環七通り×尾久橋通り,R4/11,西新井,A 鳩ヶ谷,3.鹿浜橋,11,3,1,50,23,77,1
43,江北陸橋下,環七通り×尾久橋通り,R4/11,西新井,A 鳩ヶ谷,3.鹿浜橋,12,1,2,43,28,74,3
43,江北陸橋下,環七通り×尾久橋通り,R4/11,西新井,A 鳩ヶ谷,3.鹿浜橋,13,0,6,54,19,79,6
43,江北陸橋下,環七通り×尾久橋通り,R4/11,西新井,A 鳩ヶ谷,3.鹿浜橋,14,0,9,53,22,84,3
43,江北陸橋下,環七通り×尾久橋通り,R4/11,西新井,A 鳩ヶ谷,3.鹿浜橋,15,0,3,65,24,92,2
43,江北陸橋下,環七通り×尾久橋通り,R4/11,西新井,A 鳩ヶ谷,3.鹿浜橋,16,2,3,42,33,80,6
43,江北陸橋下,環七通り×尾久橋通り,R4/11,西新井,A 鳩ヶ谷,3.鹿浜橋,17,0,1,67,22,90,3
43,江北陸橋下,環七通り×尾久橋通り,R4/11,西新井,A 鳩ヶ谷,3.鹿浜橋,18,0,1,60,20,81,5
43,江北陸橋下,環七通り×尾久橋通り,R4/11,西新井,A 鳩ヶ谷,3.鹿浜橋,12時間計,11,39,562,273,885,41
43,江北陸橋下,環七通り×尾久橋通り,R4/11,西新井,A 鳩ヶ谷,流入計,7,12,63,384,580,1039,94
43,江北陸橋下,環七通り×尾久橋通り,R4/11,西新井,A 鳩ヶ谷,流入計,8,8,35,422,502,967,69
43,江北陸橋下,環七通り×尾久橋通り,R4/11,西新井,A 鳩ヶ谷,流入計,9,8,44,387,486,925,44
43,江北陸橋下,環七通り×尾久橋通り,R4/11,西新井,A 鳩ヶ谷,流入計,10,4,44,395,438,881,36
43,江北陸橋下,環七通り×尾久橋通り,R4/11,西新井,A 鳩ヶ谷,流入計,11,9,68,431,314,822,32
43,江北陸橋下,環七通り×尾久橋通り,R4/11,西新井,A 鳩ヶ谷,流入計,12,4,41,437,325,807,39
43,江北陸橋下,環七通り×尾久橋通り,R4/11,西新井,A 鳩ヶ谷,流入計,13,3,63,473,312,851,36
43,江北陸橋下,環七通り×尾久橋通り,R4/11,西新井,A 鳩ヶ谷,流入計,14,4,51,454,344,853,45
43,江北陸橋下,環七通り×尾久橋通り,R4/11,西新井,A 鳩ヶ谷,流入計,15,8,42,489,295,834,31
43,江北陸橋下,環七通り×尾久橋通り,R4/11,西新井,A 鳩ヶ谷,流入計,16,9,37,545,313,904,66
43,江北陸橋下,環七通り×尾久橋通り,R4/11,西新井,A 鳩ヶ谷,流入計,17,7,24,583,231,845,59
43,江北陸橋下,環七通り×尾久橋通り,R4/11,西新井,A 鳩ヶ谷,流入計,18,3,15,569,223,810,74
43,江北陸橋下,環七通り×尾久橋通り,R4/11,西新井,A 鳩ヶ谷,流入計,12時間計,79,527,5569,4363,10538,625
43,江北陸橋下,環七通り×尾久橋通り,R4/11,西新井,B 鹿浜橋,4.鳩ヶ谷,7,0,2,42,23,67,5
43,江北陸橋下,環七通り×尾久橋通り,R4/11,西新井,B 鹿浜橋,4.鳩ヶ谷,8,0,3,38,25,66,3
43,江北陸橋下,環七通り×尾久橋通り,R4/11,西新井,B 鹿浜橋,4.鳩ヶ谷,9,3,2,25,26,56,2
43,江北陸橋下,環七通り×尾久橋通り,R4/11,西新井,B 鹿浜橋,4.鳩ヶ谷,10,0,6,44,41,91,1
43,江北陸橋下,環七通り×尾久橋通り,R4/11,西新井,B 鹿浜橋,4.鳩ヶ谷,11,0,2,34,35,71,6
43,江北陸橋下,環七通り×尾久橋通り,R4/11,西新井,B 鹿浜橋,4.鳩ヶ谷,12,0,1,36,27,64,5
43,江北陸橋下,環七通り×尾久橋通り,R4/11,西新井,B 鹿浜橋,4.鳩ヶ谷,13,1,1,58,29,89,1
43,江北陸橋下,環七通り×尾久橋通り,R4/11,西新井,B 鹿浜橋,4.鳩ヶ谷,14,0,1,44,22,67,1
43,江北陸橋下,環七通り×尾久橋通り,R4/11,西新井,B 鹿浜橋,4.鳩ヶ谷,15,0,1,41,21,63,3
43,江北陸橋下,環七通り×尾久橋通り,R4/11,西新井,B 鹿浜橋,4.鳩ヶ谷,16,1,3,46,27,77,3
43,江北陸橋下,環七通り×尾久橋通り,R4/11,西新井,B 鹿浜橋,4.鳩ヶ谷,17,2,5,55,29,91,8
43,江北陸橋下,環七通り×尾久橋通り,R4/11,西新井,B 鹿浜橋,4.鳩ヶ谷,18,2,0,55,13,70,5
43,江北陸橋下,環七通り×尾久橋通り,R4/11,西新井,B 鹿浜橋,4.鳩ヶ谷,12時間計,9,27,518,318,872,43
43,江北陸橋下,環七通り×尾久橋通り,R4/11,西新井,B 鹿浜橋,5.加平,7,17,0,6,5,28,3
43,江北陸橋下,環七通り×尾久橋通り,R4/11,西新井,B 鹿浜橋,5.加平,8,20,2,7,5,34,4
43,江北陸橋下,環七通り×尾久橋通り,R4/11,西新井,B 鹿浜橋,5.加平,9,16,0,12,5,33,1
43,江北陸橋下,環七通り×尾久橋通り,R4/11,西新井,B 鹿浜橋,5.加平,10,16,0,10,8,34,2
43,江北陸橋下,環七通り×尾久橋通り,R4/11,西新井,B 鹿浜橋,5.加平,11,14,0,9,6,29,1
43,江北陸橋下,環七通り×尾久橋通り,R4/11,西新井,B 鹿浜橋,5.加平,12,13,0,14,10,37,4
43,江北陸橋下,環七通り×尾久橋通り,R4/11,西新井,B 鹿浜橋,5.加平,13,13,0,16,11,40,5
43,江北陸橋下,環七通り×尾久橋通り,R4/11,西新井,B 鹿浜橋,5.加平,14,14,0,11,10,35,3
43,江北陸橋下,環七通り×尾久橋通り,R4/11,西新井,B 鹿浜橋,5.加平,15,11,0,20,6,37,3
43,江北陸橋下,環七通り×尾久橋通り,R4/11,西新井,B 鹿浜橋,5.加平,16,11,0,11,2,24,10
43,江北陸橋下,環七通り×尾久橋通り,R4/11,西新井,B 鹿浜橋,5.加平,17,17,0,14,3,34,4
43,江北陸橋下,環七通り×尾久橋通り,R4/11,西新井,B 鹿浜橋,5.加平,18,16,0,15,2,33,7
43,江北陸橋下,環七通り×尾久橋通り,R4/11,西新井,B 鹿浜橋,5.加平,12時間計,178,2,145,73,398,47
43,江北陸橋下,環七通り×尾久橋通り,R4/11,西新井,B 鹿浜橋,6.扇大橋,7,6,4,40,67,117,13
43,江北陸橋下,環七通り×尾久橋通り,R4/11,西新井,B 鹿浜橋,6.扇大橋,8,3,2,67,63,135,10
43,江北陸橋下,環七通り×尾久橋通り,R4/11,西新井,B 鹿浜橋,6.扇大橋,9,3,4,73,52,132,6
43,江北陸橋下,環七通り×尾久橋通り,R4/11,西新井,B 鹿浜橋,6.扇大橋,10,1,6,67,40,114,3
43,江北陸橋下,環七通り×尾久橋通り,R4/11,西新井,B 鹿浜橋,6.扇大橋,11,1,4,61,41,107,5
43,江北陸橋下,環七通り×尾久橋通り,R4/11,西新井,B 鹿浜橋,6.扇大橋,12,1,3,78,46,128,3
43,江北陸橋下,環七通り×尾久橋通り,R4/11,西新井,B 鹿浜橋,6.扇大橋,13,1,5,96,52,154,7
43,江北陸橋下,環七通り×尾久橋通り,R4/11,西新井,B 鹿浜橋,6.扇大橋,14,2,5,80,54,141,10
43,江北陸橋下,環七通り×尾久橋通り,R4/11,西新井,B 鹿浜橋,6.扇大橋,15,4,2,73,43,122,4
43,江北陸橋下,環七通り×尾久橋通り,R4/11,西新井,B 鹿浜橋,6.扇大橋,16,0,4,84,36,124,9
43,江北陸橋下,環七通り×尾久橋通り,R4/11,西新井,B 鹿浜橋,6.扇大橋,17,4,2,68,32,106,13
43,江北陸橋下,環七通り×尾久橋通り,R4/11,西新井,B 鹿浜橋,6.扇大橋,18,1,0,71,34,106,14
43,江北陸橋下,環七通り×尾久橋通り,R4/11,西新井,B 鹿浜橋,6.扇大橋,12時間計,27,41,858,560,1486,97
43,江北陸橋下,環七通り×尾久橋通り,R4/11,西新井,B 鹿浜橋,7.加平,7,14,38,589,496,1137,97
43,江北陸橋下,環七通り×尾久橋通り,R4/11,西新井,B 鹿浜橋,7.加平,8,5,46,502,491,1044,58
43,江北陸橋下,環七通り×尾久橋通り,R4/11,西新井,B 鹿浜橋,7.加平,9,3,57,457,496,1013,37
43,江北陸橋下,環七通り×尾久橋通り,R4/11,西新井,B 鹿浜橋,7.加平,10,2,46,449,487,984,24
43,江北陸橋下,環七通り×尾久橋通り,R4/11,西新井,B 鹿浜橋,7.加平,11,6,62,547,427,1042,34
43,江北陸橋下,環七通り×尾久橋通り,R4/11,西新井,B 鹿浜橋,7.加平,12,9,48,494,453,1004,29
43,江北陸橋下,環七通り×尾久橋通り,R4/11,西新井,B 鹿浜橋,7.加平,13,3,65,518,464,1050,30
43,江北陸橋下,環七通り×尾久橋通り,R4/11,西新井,B 鹿浜橋,7.加平,14,4,47,429,585,1065,48
43,江北陸橋下,環七通り×尾久橋通り,R4/11,西新井,B 鹿浜橋,7.加平,15,5,50,540,512,1107,45
43,江北陸橋下,環七通り×尾久橋通り,R4/11,西新井,B 鹿浜橋,7.加平,16,10,33,542,450,1035,50
43,江北陸橋下,環七通り×尾久橋通り,R4/11,西新井,B 鹿浜橋,7.加平,17,6,26,691,437,1160,96
43,江北陸橋下,環七通り×尾久橋通り,R4/11,西新井,B 鹿浜橋,7.加平,18,5,22,658,376,1061,100
43,江北陸橋下,環七通り×尾久橋通り,R4/11,西新井,B 鹿浜橋,7.加平,12時間計,72,540,6416,5674,12702,648
43,江北陸橋下,環七通り×尾久橋通り,R4/11,西新井,B 鹿浜橋,流入計,7,37,44,677,591,1349,118
43,江北陸橋下,環七通り×尾久橋通り,R4/11,西新井,B 鹿浜橋,流入計,8,28,53,614,584,1279,75
43,江北陸橋下,環七通り×尾久橋通り,R4/11,西新井,B 鹿浜橋,流入計,9,25,63,567,579,1234,46
43,江北陸橋下,環七通り×尾久橋通り,R4/11,西新井,B 鹿浜橋,流入計,10,19,58,570,576,1223,30
43,江北陸橋下,環七通り×尾久橋通り,R4/11,西新井,B 鹿浜橋,流入計,11,21,68,651,509,1249,46
43,江北陸橋下,環七通り×尾久橋通り,R4/11,西新井,B 鹿浜橋,流入計,12,23,52,622,536,1233,41
43,江北陸橋下,環七通り×尾久橋通り,R4/11,西新井,B 鹿浜橋,流入計,13,18,71,688,556,1333,43
43,江北陸橋下,環七通り×尾久橋通り,R4/11,西新井,B 鹿浜橋,流入計,14,20,53,564,671,1308,62
43,江北陸橋下,環七通り×尾久橋通り,R4/11,西新井,B 鹿浜橋,流入計,15,20,53,674,582,1329,55
43,江北陸橋下,環七通り×尾久橋通り,R4/11,西新井,B 鹿浜橋,流入計,16,22,40,683,515,1260,72
43,江北陸橋下,環七通り×尾久橋通り,R4/11,西新井,B 鹿浜橋,流入計,17,29,33,828,501,1391,121
43,江北陸橋下,環七通り×尾久橋通り,R4/11,西新井,B 鹿浜橋,流入計,18,24,22,799,425,1270,126
43,江北陸橋下,環七通り×尾久橋通り,R4/11,西新井,B 鹿浜橋,流入計,12時間計,286,610,7937,6625,15458,835
43,江北陸橋下,環七通り×尾久橋通り,R4/11,西新井,C 扇大橋,8.鹿浜橋,7,1,2,35,15,53,2
43,江北陸橋下,環七通り×尾久橋通り,R4/11,西新井,C 扇大橋,8.鹿浜橋,8,3,6,24,21,54,2
43,江北陸橋下,環七通り×尾久橋通り,R4/11,西新井,C 扇大橋,8.鹿浜橋,9,3,6,29,15,53,0
43,江北陸橋下,環七通り×尾久橋通り,R4/11,西新井,C 扇大橋,8.鹿浜橋,10,3,1,29,28,61,3
43,江北陸橋下,環七通り×尾久橋通り,R4/11,西新井,C 扇大橋,8.鹿浜橋,11,3,6,43,30,82,4
43,江北陸橋下,環七通り×尾久橋通り,R4/11,西新井,C 扇大橋,8.鹿浜橋,12,2,4,51,31,88,2
43,江北陸橋下,環七通り×尾久橋通り,R4/11,西新井,C 扇大橋,8.鹿浜橋,13,3,3,44,39,89,0
43,江北陸橋下,環七通り×尾久橋通り,R4/11,西新井,C 扇大橋,8.鹿浜橋,14,3,7,49,21,80,6
43,江北陸橋下,環七通り×尾久橋通り,R4/11,西新井,C 扇大橋,8.鹿浜橋,15,4,7,47,35,93,4
43,江北陸橋下,環七通り×尾久橋通り,R4/11,西新井,C 扇大橋,8.鹿浜橋,16,2,4,46,26,78,4
43,江北陸橋下,環七通り×尾久橋通り,R4/11,西新井,C 扇大橋,8.鹿浜橋,17,1,4,47,19,71,6
43,江北陸橋下,環七通り×尾久橋通り,R4/11,西新井,C 扇大橋,8.鹿浜橋,18,1,2,35,21,59,0
43,江北陸橋下,環七通り×尾久橋通り,R4/11,西新井,C 扇大橋,8.鹿浜橋,12時間計,29,52,479,301,861,33
43,江北陸橋下,環七通り×尾久橋通り,R4/11,西新井,C 扇大橋,9.鳩ヶ谷,7,7,22,323,252,604,44
43,江北陸橋下,環七通り×尾久橋通り,R4/11,西新井,C 扇大橋,9.鳩ヶ谷,8,8,49,374,228,659,27
43,江北陸橋下,環七通り×尾久橋通り,R4/11,西新井,C 扇大橋,9.鳩ヶ谷,9,7,25,279,222,533,21
43,江北陸橋下,環七通り×尾久橋通り,R4/11,西新井,C 扇大橋,9.鳩ヶ谷,10,7,53,249,385,694,25
43,江北陸橋下,環七通り×尾久橋通り,R4/11,西新井,C 扇大橋,9.鳩ヶ谷,11,5,66,314,395,780,19
43,江北陸橋下,環七通り×尾久橋通り,R4/11,西新井,C 扇大橋,9.鳩ヶ谷,12,3,47,335,326,711,19
43,江北陸橋下,環七通り×尾久橋通り,R4/11,西新井,C 扇大橋,9.鳩ヶ谷,13,1,20,333,272,626,12
43,江北陸橋下,環七通り×尾久橋通り,R4/11,西新井,C 扇大橋,9.鳩ヶ谷,14,5,31,473,316,825,21
43,江北陸橋下,環七通り×尾久橋通り,R4/11,西新井,C 扇大橋,9.鳩ヶ谷,15,7,30,469,292,798,21
43,江北陸橋下,環七通り×尾久橋通り,R4/11,西新井,C 扇大橋,9.鳩ヶ谷,16,12,51,333,335,731,31
43,江北陸橋下,環七通り×尾久橋通り,R4/11,西新井,C 扇大橋,9.鳩ヶ谷,17,11,58,456,351,876,86
43,江北陸橋下,環七通り×尾久橋通り,R4/11,西新井,C 扇大橋,9.鳩ヶ谷,18,8,23,460,336,827,60
43,江北陸橋下,環七通り×尾久橋通り,R4/11,西新井,C 扇大橋,9.鳩ヶ谷,12時間計,81,475,4398,3710,8664,386
43,江北陸橋下,環七通り×尾久橋通り,R4/11,西新井,C 扇大橋,10.加平,7,0,3,35,21,59,2
43,江北陸橋下,環七通り×尾久橋通り,R4/11,西新井,C 扇大橋,10.加平,8,2,3,47,22,74,4
43,江北陸橋下,環七通り×尾久橋通り,R4/11,西新井,C 扇大橋,10.加平,9,2,5,46,32,85,2
43,江北陸橋下,環七通り×尾久橋通り,R4/11,西新井,C 扇大橋,10.加平,10,0,7,53,42,102,6
43,江北陸橋下,環七通り×尾久橋通り,R4/11,西新井,C 扇大橋,10.加平,11,0,6,57,44,107,4
43,江北陸橋下,環七通り×尾久橋通り,R4/11,西新井,C 扇大橋,10.加平,12,0,4,45,38,87,1
43,江北陸橋下,環七通り×尾久橋通り,R4/11,西新井,C 扇大橋,10.加平,13,0,8,60,54,122,4
43,江北陸橋下,環七通り×尾久橋通り,R4/11,西新井,C 扇大橋,10.加平,14,0,5,42,48,95,3
43,江北陸橋下,環七通り×尾久橋通り,R4/11,西新井,C 扇大橋,10.加平,15,0,9,46,43,98,5
43,江北陸橋下,環七通り×尾久橋通り,R4/11,西新井,C 扇大橋,10.加平,16,0,3,59,38,100,6
43,江北陸橋下,環七通り×尾久橋通り,R4/11,西新井,C 扇大橋,10.加平,17,0,1,60,31,92,13
43,江北陸橋下,環七通り×尾久橋通り,R4/11,西新井,C 扇大橋,10.加平,18,0,0,58,31,89,9
43,江北陸橋下,環七通り×尾久橋通り,R4/11,西新井,C 扇大橋,10.加平,12時間計,4,54,608,444,1110,59
43,江北陸橋下,環七通り×尾久橋通り,R4/11,西新井,C 扇大橋,流入計,7,8,27,393,288,716,48
43,江北陸橋下,環七通り×尾久橋通り,R4/11,西新井,C 扇大橋,流入計,8,13,58,445,271,787,33
43,江北陸橋下,環七通り×尾久橋通り,R4/11,西新井,C 扇大橋,流入計,9,12,36,354,269,671,23
43,江北陸橋下,環七通り×尾久橋通り,R4/11,西新井,C 扇大橋,流入計,10,10,61,331,455,857,34
43,江北陸橋下,環七通り×尾久橋通り,R4/11,西新井,C 扇大橋,流入計,11,8,78,414,469,969,27
43,江北陸橋下,環七通り×尾久橋通り,R4/11,西新井,C 扇大橋,流入計,12,5,55,431,395,886,22
43,江北陸橋下,環七通り×尾久橋通り,R4/11,西新井,C 扇大橋,流入計,13,4,31,437,365,837,16
43,江北陸橋下,環七通り×尾久橋通り,R4/11,西新井,C 扇大橋,流入計,14,8,43,564,385,1000,30
43,江北陸橋下,環七通り×尾久橋通り,R4/11,西新井,C 扇大橋,流入計,15,11,46,562,370,989,30
43,江北陸橋下,環七通り×尾久橋通り,R4/11,西新井,C 扇大橋,流入計,16,14,58,438,399,909,41
43,江北陸橋下,環七通り×尾久橋通り,R4/11,西新井,C 扇大橋,流入計,17,12,63,563,401,1039,105
43,江北陸橋下,環七通り×尾久橋通り,R4/11,西新井,C 扇大橋,流入計,18,9,25,553,388,975,69
43,江北陸橋下,環七通り×尾久橋通り,R4/11,西新井,C 扇大橋,流入計,12時間計,114,581,5485,4455,10635,478
43,江北陸橋下,環七通り×尾久橋通り,R4/11,西新井,D 加平,11.扇大橋,7,0,4,46,28,78,4
43,江北陸橋下,環七通り×尾久橋通り,R4/11,西新井,D 加平,11.扇大橋,8,2,4,42,35,83,2
43,江北陸橋下,環七通り×尾久橋通り,R4/11,西新井,D 加平,11.扇大橋,9,0,6,48,42,96,5
43,江北陸橋下,環七通り×尾久橋通り,R4/11,西新井,D 加平,11.扇大橋,10,1,6,47,55,109,4
43,江北陸橋下,環七通り×尾久橋通り,R4/11,西新井,D 加平,11.扇大橋,11,0,10,63,47,120,6
43,江北陸橋下,環七通り×尾久橋通り,R4/11,西新井,D 加平,11.扇大橋,12,1,18,61,39,119,5
43,江北陸橋下,環七通り×尾久橋通り,R4/11,西新井,D 加平,11.扇大橋,13,0,7,50,35,92,4
43,江北陸橋下,環七通り×尾久橋通り,R4/11,西新井,D 加平,11.扇大橋,14,0,18,62,44,124,6
43,江北陸橋下,環七通り×尾久橋通り,R4/11,西新井,D 加平,11.扇大橋,15,1,10,51,35,97,1
43,江北陸橋下,環七通り×尾久橋通り,R4/11,西新井,D 加平,11.扇大橋,16,0,4,59,26,89,3
43,江北陸橋下,環七通り×尾久橋通り,R4/11,西新井,D 加平,11.扇大橋,17,0,3,42,26,71,4
43,江北陸橋下,環七通り×尾久橋通り,R4/11,西新井,D 加平,11.扇大橋,18,1,4,52,25,82,3
43,江北陸橋下,環七通り×尾久橋通り,R4/11,西新井,D 加平,11.扇大橋,12時間計,6,94,623,437,1160,47
43,江北陸橋下,環七通り×尾久橋通り,R4/11,西新井,D 加平,12.鹿浜橋,7,15,3,7,7,32,3
43,江北陸橋下,環七通り×尾久橋通り,R4/11,西新井,D 加平,12.鹿浜橋,8,13,2,10,5,30,2
43,江北陸橋下,環七通り×尾久橋通り,R4/11,西新井,D 加平,12.鹿浜橋,9,12,2,20,8,42,3
43,江北陸橋下,環七通り×尾久橋通り,R4/11,西新井,D 加平,12.鹿浜橋,10,12,1,7,8,28,5
43,江北陸橋下,環七通り×尾久橋通り,R4/11,西新井,D 加平,12.鹿浜橋,11,13,0,6,8,27,2
43,江北陸橋下,環七通り×尾久橋通り,R4/11,西新井,D 加平,12.鹿浜橋,12,12,1,7,8,28,3
43,江北陸橋下,環七通り×尾久橋通り,R4/11,西新井,D 加平,12.鹿浜橋,13,9,2,9,7,27,1
43,江北陸橋下,環七通り×尾久橋通り,R4/11,西新井,D 加平,12.鹿浜橋,14,10,2,4,3,19,4
43,江北陸橋下,環七通り×尾久橋通り,R4/11,西新井,D 加平,12.鹿浜橋,15,9,2,12,6,29,2
43,江北陸橋下,環七通り×尾久橋通り,R4/11,西新井,D 加平,12.鹿浜橋,16,12,0,7,6,25,2
43,江北陸橋下,環七通り×尾久橋通り,R4/11,西新井,D 加平,12.鹿浜橋,17,11,0,7,5,23,3
43,江北陸橋下,環七通り×尾久橋通り,R4/11,西新井,D 加平,12.鹿浜橋,18,10,0,3,3,16,0
43,江北陸橋下,環七通り×尾久橋通り,R4/11,西新井,D 加平,12.鹿浜橋,12時間計,138,15,99,74,326,30
43,江北陸橋下,環七通り×尾久橋通り,R4/11,西新井,D 加平,13.鳩ヶ谷,7,5,9,81,44,139,20
43,江北陸橋下,環七通り×尾久橋通り,R4/11,西新井,D 加平,13.鳩ヶ谷,8,5,7,84,43,139,9
43,江北陸橋下,環七通り×尾久橋通り,R4/11,西新井,D 加平,13.鳩ヶ谷,9,8,9,80,69,166,6
43,江北陸橋下,環七通り×尾久橋通り,R4/11,西新井,D 加平,13.鳩ヶ谷,10,10,13,61,67,151,11
43,江北陸橋下,環七通り×尾久橋通り,R4/11,西新井,D 加平,13.鳩ヶ谷,11,5,12,36,70,123,5
43,江北陸橋下,環七通り×尾久橋通り,R4/11,西新井,D 加平,13.鳩ヶ谷,12,6,9,61,53,129,9
43,江北陸橋下,環七通り×尾久橋通り,R4/11,西新井,D 加平,13.鳩ヶ谷,13,5,5,91,101,202,9
43,江北陸橋下,環七通り×尾久橋通り,R4/11,西新井,D 加平,13.鳩ヶ谷,14,5,9,81,61,156,13
43,江北陸橋下,環七通り×尾久橋通り,R4/11,西新井,D 加平,13.鳩ヶ谷,15,7,10,86,74,177,7
43,江北陸橋下,環七通り×尾久橋通り,R4/11,西新井,D 加平,13.鳩ヶ谷,16,9,8,120,86,223,14
43,江北陸橋下,環七通り×尾久橋通り,R4/11,西新井,D 加平,13.鳩ヶ谷,17,11,9,121,60,201,13
43,江北陸橋下,環七通り×尾久橋通り,R4/11,西新井,D 加平,13.鳩ヶ谷,18,4,6,124,53,187,21
43,江北陸橋下,環七通り×尾久橋通り,R4/11,西新井,D 加平,13.鳩ヶ谷,12時間計,80,106,1026,781,1993,137
43,江北陸橋下,環七通り×尾久橋通り,R4/11,西新井,D 加平,14.鹿浜橋,7,8,34,592,457,1091,117
43,江北陸橋下,環七通り×尾久橋通り,R4/11,西新井,D 加平,14.鹿浜橋,8,9,23,578,404,1014,88
43,江北陸橋下,環七通り×尾久橋通り,R4/11,西新井,D 加平,14.鹿浜橋,9,10,43,528,425,1006,59
43,江北陸橋下,環七通り×尾久橋通り,R4/11,西新井,D 加平,14.鹿浜橋,10,6,61,517,446,1030,40
43,江北陸橋下,環七通り×尾久橋通り,R4/11,西新井,D 加平,14.鹿浜橋,11,12,65,481,438,996,47
43,江北陸橋下,環七通り×尾久橋通り,R4/11,西新井,D 加平,14.鹿浜橋,12,4,38,504,443,989,36
43,江北陸橋下,環七通り×尾久橋通り,R4/11,西新井,D 加平,14.鹿浜橋,13,4,54,515,466,1039,40
43,江北陸橋下,環七通り×尾久橋通り,R4/11,西新井,D 加平,14.鹿浜橋,14,2,52,458,452,964,38
43,江北陸橋下,環七通り×尾久橋通り,R4/11,西新井,D 加平,14.鹿浜橋,15,5,41,606,436,1088,50
43,江北陸橋下,環七通り×尾久橋通り,R4/11,西新井,D 加平,14.鹿浜橋,16,11,24,672,413,1120,57
43,江北陸橋下,環七通り×尾久橋通り,R4/11,西新井,D 加平,14.鹿浜橋,17,4,29,603,433,1069,81
43,江北陸橋下,環七通り×尾久橋通り,R4/11,西新井,D 加平,14.鹿浜橋,18,7,21,781,321,1130,85
43,江北陸橋下,環七通り×尾久橋通り,R4/11,西新井,D 加平,14.鹿浜橋,12時間計,82,485,6835,5134,12536,738
43,江北陸橋下,環七通り×尾久橋通り,R4/11,西新井,D 加平,流入計,7,28,50,726,536,1340,144
43,江北陸橋下,環七通り×尾久橋通り,R4/11,西新井,D 加平,流入計,8,29,36,714,487,1266,101
43,江北陸橋下,環七通り×尾久橋通り,R4/11,西新井,D 加平,流入計,9,30,60,676,544,1310,73
43,江北陸橋下,環七通り×尾久橋通り,R4/11,西新井,D 加平,流入計,10,29,81,632,576,1318,60
43,江北陸橋下,環七通り×尾久橋通り,R4/11,西新井,D 加平,流入計,11,30,87,586,563,1266,60
43,江北陸橋下,環七通り×尾久橋通り,R4/11,西新井,D 加平,流入計,12,23,66,633,543,1265,53
43,江北陸橋下,環七通り×尾久橋通り,R4/11,西新井,D 加平,流入計,13,18,68,665,609,1360,54
43,江北陸橋下,環七通り×尾久橋通り,R4/11,西新井,D 加平,流入計,14,17,81,605,560,1263,61
43,江北陸橋下,環七通り×尾久橋通り,R4/11,西新井,D 加平,流入計,15,22,63,755,551,1391,60
43,江北陸橋下,環七通り×尾久橋通り,R4/11,西新井,D 加平,流入計,16,32,36,858,531,1457,76
43,江北陸橋下,環七通り×尾久橋通り,R4/11,西新井,D 加平,流入計,17,26,41,773,524,1364,101
43,江北陸橋下,環七通り×尾久橋通り,R4/11,西新井,D 加平,流入計,18,22,31,960,402,1415,109
43,江北陸橋下,環七通り×尾久橋通り,R4/11,西新井,D 加平,流入計,12時間計,306,700,8583,6426,16015,952
