﻿地点番号,地点名,交差道路名,調査年月,管轄警察署,流出方向,時間帯等,大型乗用,大型貨物,普通乗用,普通貨物,四輪計,二輪車
317,城南島２,東京港臨海道路×0,R4/11,東京湾岸,A 環七通り,7,1,270,263,221,755,37
317,城南島２,東京港臨海道路×0,R4/11,東京湾岸,A 環七通り,8,5,305,232,324,866,43
317,城南島２,東京港臨海道路×0,R4/11,東京湾岸,A 環七通り,9,2,480,123,205,810,19
317,城南島２,東京港臨海道路×0,R4/11,東京湾岸,A 環七通り,10,4,574,112,239,929,12
317,城南島２,東京港臨海道路×0,R4/11,東京湾岸,A 環七通り,11,1,384,119,387,891,5
317,城南島２,東京港臨海道路×0,R4/11,東京湾岸,A 環七通り,12,2,411,113,210,736,5
317,城南島２,東京港臨海道路×0,R4/11,東京湾岸,A 環七通り,13,2,438,84,168,692,10
317,城南島２,東京港臨海道路×0,R4/11,東京湾岸,A 環七通り,14,1,488,101,158,748,11
317,城南島２,東京港臨海道路×0,R4/11,東京湾岸,A 環七通り,15,2,396,106,187,691,14
317,城南島２,東京港臨海道路×0,R4/11,東京湾岸,A 環七通り,16,1,312,160,215,688,12
317,城南島２,東京港臨海道路×0,R4/11,東京湾岸,A 環七通り,17,5,376,227,140,748,34
317,城南島２,東京港臨海道路×0,R4/11,東京湾岸,A 環七通り,18,2,219,188,87,496,59
317,城南島２,東京港臨海道路×0,R4/11,東京湾岸,A 環七通り,12時間計,28,4653,1828,2541,9050,261
317,城南島２,東京港臨海道路×0,R4/11,東京湾岸,B 東海３,7,20,201,242,120,583,26
317,城南島２,東京港臨海道路×0,R4/11,東京湾岸,B 東海３,8,8,245,206,138,597,11
317,城南島２,東京港臨海道路×0,R4/11,東京湾岸,B 東海３,9,6,419,116,263,804,6
317,城南島２,東京港臨海道路×0,R4/11,東京湾岸,B 東海３,10,5,375,111,300,791,8
317,城南島２,東京港臨海道路×0,R4/11,東京湾岸,B 東海３,11,2,380,92,254,728,4
317,城南島２,東京港臨海道路×0,R4/11,東京湾岸,B 東海３,12,2,254,128,217,601,6
317,城南島２,東京港臨海道路×0,R4/11,東京湾岸,B 東海３,13,3,294,158,195,650,4
317,城南島２,東京港臨海道路×0,R4/11,東京湾岸,B 東海３,14,0,414,106,263,783,9
317,城南島２,東京港臨海道路×0,R4/11,東京湾岸,B 東海３,15,3,357,128,219,707,8
317,城南島２,東京港臨海道路×0,R4/11,東京湾岸,B 東海３,16,4,305,179,214,702,20
317,城南島２,東京港臨海道路×0,R4/11,東京湾岸,B 東海３,17,8,228,302,96,634,28
317,城南島２,東京港臨海道路×0,R4/11,東京湾岸,B 東海３,18,8,132,224,63,427,28
317,城南島２,東京港臨海道路×0,R4/11,東京湾岸,B 東海３,12時間計,69,3604,1992,2342,8007,158
317,城南島２,東京港臨海道路×0,R4/11,東京湾岸,C 青海,7,5,365,421,342,1133,77
317,城南島２,東京港臨海道路×0,R4/11,東京湾岸,C 青海,8,5,351,306,490,1152,65
317,城南島２,東京港臨海道路×0,R4/11,東京湾岸,C 青海,9,3,561,238,644,1446,22
317,城南島２,東京港臨海道路×0,R4/11,東京湾岸,C 青海,10,2,776,249,474,1501,13
317,城南島２,東京港臨海道路×0,R4/11,東京湾岸,C 青海,11,2,920,187,415,1524,20
317,城南島２,東京港臨海道路×0,R4/11,東京湾岸,C 青海,12,1,711,187,408,1307,11
317,城南島２,東京港臨海道路×0,R4/11,東京湾岸,C 青海,13,0,567,184,535,1286,15
317,城南島２,東京港臨海道路×0,R4/11,東京湾岸,C 青海,14,2,783,229,588,1602,18
317,城南島２,東京港臨海道路×0,R4/11,東京湾岸,C 青海,15,13,938,340,353,1644,17
317,城南島２,東京港臨海道路×0,R4/11,東京湾岸,C 青海,16,15,746,366,386,1513,31
317,城南島２,東京港臨海道路×0,R4/11,東京湾岸,C 青海,17,10,549,393,332,1284,62
317,城南島２,東京港臨海道路×0,R4/11,東京湾岸,C 青海,18,5,241,434,332,1012,57
317,城南島２,東京港臨海道路×0,R4/11,東京湾岸,C 青海,12時間計,63,7508,3534,5299,16404,408
317,城南島２,東京港臨海道路×0,R4/11,東京湾岸,全方向合計,7,26,836,926,683,2471,140
317,城南島２,東京港臨海道路×0,R4/11,東京湾岸,全方向合計,8,18,901,744,952,2615,119
317,城南島２,東京港臨海道路×0,R4/11,東京湾岸,全方向合計,9,11,1460,477,1112,3060,47
317,城南島２,東京港臨海道路×0,R4/11,東京湾岸,全方向合計,10,11,1725,472,1013,3221,33
317,城南島２,東京港臨海道路×0,R4/11,東京湾岸,全方向合計,11,5,1684,398,1056,3143,29
317,城南島２,東京港臨海道路×0,R4/11,東京湾岸,全方向合計,12,5,1376,428,835,2644,22
317,城南島２,東京港臨海道路×0,R4/11,東京湾岸,全方向合計,13,5,1299,426,898,2628,29
317,城南島２,東京港臨海道路×0,R4/11,東京湾岸,全方向合計,14,3,1685,436,1009,3133,38
317,城南島２,東京港臨海道路×0,R4/11,東京湾岸,全方向合計,15,18,1691,574,759,3042,39
317,城南島２,東京港臨海道路×0,R4/11,東京湾岸,全方向合計,16,20,1363,705,815,2903,63
317,城南島２,東京港臨海道路×0,R4/11,東京湾岸,全方向合計,17,23,1153,922,568,2666,124
317,城南島２,東京港臨海道路×0,R4/11,東京湾岸,全方向合計,18,15,592,846,482,1935,144
317,城南島２,東京港臨海道路×0,R4/11,東京湾岸,全方向合計,12時間計,160,15765,7354,10182,33461,827
