﻿地点番号,地点名,交差道路名,調査年月,管轄警察署,流入方向,流出方向,時間帯等,大型乗用,大型貨物,普通乗用,普通貨物,四輪計,二輪車
327,関前３,伏見通り×五日市街道,R4/10,武蔵野,A 新座,1.吉祥寺,7,8,2,30,31,71,5
327,関前３,伏見通り×五日市街道,R4/10,武蔵野,A 新座,1.吉祥寺,8,8,10,35,34,87,4
327,関前３,伏見通り×五日市街道,R4/10,武蔵野,A 新座,1.吉祥寺,9,5,0,29,27,61,3
327,関前３,伏見通り×五日市街道,R4/10,武蔵野,A 新座,1.吉祥寺,10,4,0,31,14,49,1
327,関前３,伏見通り×五日市街道,R4/10,武蔵野,A 新座,1.吉祥寺,11,4,0,32,17,53,3
327,関前３,伏見通り×五日市街道,R4/10,武蔵野,A 新座,1.吉祥寺,12,5,0,25,24,54,6
327,関前３,伏見通り×五日市街道,R4/10,武蔵野,A 新座,1.吉祥寺,13,5,0,31,23,59,6
327,関前３,伏見通り×五日市街道,R4/10,武蔵野,A 新座,1.吉祥寺,14,4,0,29,13,46,0
327,関前３,伏見通り×五日市街道,R4/10,武蔵野,A 新座,1.吉祥寺,15,5,0,40,14,59,3
327,関前３,伏見通り×五日市街道,R4/10,武蔵野,A 新座,1.吉祥寺,16,5,1,32,16,54,7
327,関前３,伏見通り×五日市街道,R4/10,武蔵野,A 新座,1.吉祥寺,17,5,0,34,13,52,2
327,関前３,伏見通り×五日市街道,R4/10,武蔵野,A 新座,1.吉祥寺,18,5,0,25,7,37,2
327,関前３,伏見通り×五日市街道,R4/10,武蔵野,A 新座,1.吉祥寺,12時間計,63,13,373,233,682,42
327,関前３,伏見通り×五日市街道,R4/10,武蔵野,A 新座,2.調布,7,7,16,398,403,824,60
327,関前３,伏見通り×五日市街道,R4/10,武蔵野,A 新座,2.調布,8,7,17,431,307,762,45
327,関前３,伏見通り×五日市街道,R4/10,武蔵野,A 新座,2.調布,9,5,15,390,226,636,35
327,関前３,伏見通り×五日市街道,R4/10,武蔵野,A 新座,2.調布,10,2,16,324,193,535,26
327,関前３,伏見通り×五日市街道,R4/10,武蔵野,A 新座,2.調布,11,2,59,318,197,576,30
327,関前３,伏見通り×五日市街道,R4/10,武蔵野,A 新座,2.調布,12,0,39,299,187,525,34
327,関前３,伏見通り×五日市街道,R4/10,武蔵野,A 新座,2.調布,13,1,19,311,171,502,37
327,関前３,伏見通り×五日市街道,R4/10,武蔵野,A 新座,2.調布,14,5,10,311,175,501,22
327,関前３,伏見通り×五日市街道,R4/10,武蔵野,A 新座,2.調布,15,3,13,317,220,553,32
327,関前３,伏見通り×五日市街道,R4/10,武蔵野,A 新座,2.調布,16,0,4,356,205,565,40
327,関前３,伏見通り×五日市街道,R4/10,武蔵野,A 新座,2.調布,17,4,8,447,205,664,41
327,関前３,伏見通り×五日市街道,R4/10,武蔵野,A 新座,2.調布,18,3,7,432,174,616,34
327,関前３,伏見通り×五日市街道,R4/10,武蔵野,A 新座,2.調布,12時間計,39,223,4334,2663,7259,436
327,関前３,伏見通り×五日市街道,R4/10,武蔵野,A 新座,3.立川,7,0,0,11,5,16,0
327,関前３,伏見通り×五日市街道,R4/10,武蔵野,A 新座,3.立川,8,0,0,14,7,21,0
327,関前３,伏見通り×五日市街道,R4/10,武蔵野,A 新座,3.立川,9,0,0,10,7,17,2
327,関前３,伏見通り×五日市街道,R4/10,武蔵野,A 新座,3.立川,10,2,0,10,12,24,1
327,関前３,伏見通り×五日市街道,R4/10,武蔵野,A 新座,3.立川,11,0,0,21,8,29,1
327,関前３,伏見通り×五日市街道,R4/10,武蔵野,A 新座,3.立川,12,0,0,7,11,18,0
327,関前３,伏見通り×五日市街道,R4/10,武蔵野,A 新座,3.立川,13,0,1,10,4,15,2
327,関前３,伏見通り×五日市街道,R4/10,武蔵野,A 新座,3.立川,14,0,0,21,5,26,1
327,関前３,伏見通り×五日市街道,R4/10,武蔵野,A 新座,3.立川,15,0,0,21,12,33,0
327,関前３,伏見通り×五日市街道,R4/10,武蔵野,A 新座,3.立川,16,0,0,18,17,35,2
327,関前３,伏見通り×五日市街道,R4/10,武蔵野,A 新座,3.立川,17,0,0,24,7,31,2
327,関前３,伏見通り×五日市街道,R4/10,武蔵野,A 新座,3.立川,18,0,0,7,1,8,2
327,関前３,伏見通り×五日市街道,R4/10,武蔵野,A 新座,3.立川,12時間計,2,1,174,96,273,13
327,関前３,伏見通り×五日市街道,R4/10,武蔵野,A 新座,流入計,7,15,18,439,439,911,65
327,関前３,伏見通り×五日市街道,R4/10,武蔵野,A 新座,流入計,8,15,27,480,348,870,49
327,関前３,伏見通り×五日市街道,R4/10,武蔵野,A 新座,流入計,9,10,15,429,260,714,40
327,関前３,伏見通り×五日市街道,R4/10,武蔵野,A 新座,流入計,10,8,16,365,219,608,28
327,関前３,伏見通り×五日市街道,R4/10,武蔵野,A 新座,流入計,11,6,59,371,222,658,34
327,関前３,伏見通り×五日市街道,R4/10,武蔵野,A 新座,流入計,12,5,39,331,222,597,40
327,関前３,伏見通り×五日市街道,R4/10,武蔵野,A 新座,流入計,13,6,20,352,198,576,45
327,関前３,伏見通り×五日市街道,R4/10,武蔵野,A 新座,流入計,14,9,10,361,193,573,23
327,関前３,伏見通り×五日市街道,R4/10,武蔵野,A 新座,流入計,15,8,13,378,246,645,35
327,関前３,伏見通り×五日市街道,R4/10,武蔵野,A 新座,流入計,16,5,5,406,238,654,49
327,関前３,伏見通り×五日市街道,R4/10,武蔵野,A 新座,流入計,17,9,8,505,225,747,45
327,関前３,伏見通り×五日市街道,R4/10,武蔵野,A 新座,流入計,18,8,7,464,182,661,38
327,関前３,伏見通り×五日市街道,R4/10,武蔵野,A 新座,流入計,12時間計,104,237,4881,2992,8214,491
327,関前３,伏見通り×五日市街道,R4/10,武蔵野,B 立川,4.新座,7,0,1,9,6,16,3
327,関前３,伏見通り×五日市街道,R4/10,武蔵野,B 立川,4.新座,8,2,2,12,5,21,1
327,関前３,伏見通り×五日市街道,R4/10,武蔵野,B 立川,4.新座,9,0,0,9,11,20,1
327,関前３,伏見通り×五日市街道,R4/10,武蔵野,B 立川,4.新座,10,1,0,10,21,32,1
327,関前３,伏見通り×五日市街道,R4/10,武蔵野,B 立川,4.新座,11,1,0,19,13,33,2
327,関前３,伏見通り×五日市街道,R4/10,武蔵野,B 立川,4.新座,12,0,0,15,15,30,2
327,関前３,伏見通り×五日市街道,R4/10,武蔵野,B 立川,4.新座,13,0,1,13,13,27,2
327,関前３,伏見通り×五日市街道,R4/10,武蔵野,B 立川,4.新座,14,0,0,17,7,24,5
327,関前３,伏見通り×五日市街道,R4/10,武蔵野,B 立川,4.新座,15,0,0,7,12,19,1
327,関前３,伏見通り×五日市街道,R4/10,武蔵野,B 立川,4.新座,16,0,0,16,11,27,2
327,関前３,伏見通り×五日市街道,R4/10,武蔵野,B 立川,4.新座,17,0,0,17,6,23,0
327,関前３,伏見通り×五日市街道,R4/10,武蔵野,B 立川,4.新座,18,0,0,16,2,18,1
327,関前３,伏見通り×五日市街道,R4/10,武蔵野,B 立川,4.新座,12時間計,4,4,160,122,290,21
327,関前３,伏見通り×五日市街道,R4/10,武蔵野,B 立川,5.吉祥寺,7,14,12,106,56,188,14
327,関前３,伏見通り×五日市街道,R4/10,武蔵野,B 立川,5.吉祥寺,8,23,6,97,49,175,14
327,関前３,伏見通り×五日市街道,R4/10,武蔵野,B 立川,5.吉祥寺,9,20,1,21,39,81,6
327,関前３,伏見通り×五日市街道,R4/10,武蔵野,B 立川,5.吉祥寺,10,14,0,97,33,144,6
327,関前３,伏見通り×五日市街道,R4/10,武蔵野,B 立川,5.吉祥寺,11,16,0,66,37,119,6
327,関前３,伏見通り×五日市街道,R4/10,武蔵野,B 立川,5.吉祥寺,12,14,1,70,29,114,16
327,関前３,伏見通り×五日市街道,R4/10,武蔵野,B 立川,5.吉祥寺,13,10,2,55,28,95,7
327,関前３,伏見通り×五日市街道,R4/10,武蔵野,B 立川,5.吉祥寺,14,13,0,61,38,112,6
327,関前３,伏見通り×五日市街道,R4/10,武蔵野,B 立川,5.吉祥寺,15,14,0,83,30,127,4
327,関前３,伏見通り×五日市街道,R4/10,武蔵野,B 立川,5.吉祥寺,16,16,0,53,33,102,12
327,関前３,伏見通り×五日市街道,R4/10,武蔵野,B 立川,5.吉祥寺,17,13,0,61,22,96,11
327,関前３,伏見通り×五日市街道,R4/10,武蔵野,B 立川,5.吉祥寺,18,11,1,60,12,84,6
327,関前３,伏見通り×五日市街道,R4/10,武蔵野,B 立川,5.吉祥寺,12時間計,178,23,830,406,1437,108
327,関前３,伏見通り×五日市街道,R4/10,武蔵野,B 立川,6.調布,7,0,0,31,16,47,8
327,関前３,伏見通り×五日市街道,R4/10,武蔵野,B 立川,6.調布,8,0,1,27,13,41,5
327,関前３,伏見通り×五日市街道,R4/10,武蔵野,B 立川,6.調布,9,0,0,24,11,35,4
327,関前３,伏見通り×五日市街道,R4/10,武蔵野,B 立川,6.調布,10,0,0,20,14,34,1
327,関前３,伏見通り×五日市街道,R4/10,武蔵野,B 立川,6.調布,11,0,2,26,9,37,4
327,関前３,伏見通り×五日市街道,R4/10,武蔵野,B 立川,6.調布,12,0,0,19,8,27,2
327,関前３,伏見通り×五日市街道,R4/10,武蔵野,B 立川,6.調布,13,0,0,24,13,37,0
327,関前３,伏見通り×五日市街道,R4/10,武蔵野,B 立川,6.調布,14,0,0,20,8,28,2
327,関前３,伏見通り×五日市街道,R4/10,武蔵野,B 立川,6.調布,15,1,0,15,14,30,1
327,関前３,伏見通り×五日市街道,R4/10,武蔵野,B 立川,6.調布,16,4,0,22,14,40,1
327,関前３,伏見通り×五日市街道,R4/10,武蔵野,B 立川,6.調布,17,2,0,19,8,29,4
327,関前３,伏見通り×五日市街道,R4/10,武蔵野,B 立川,6.調布,18,0,0,20,4,24,6
327,関前３,伏見通り×五日市街道,R4/10,武蔵野,B 立川,6.調布,12時間計,7,3,267,132,409,38
327,関前３,伏見通り×五日市街道,R4/10,武蔵野,B 立川,流入計,7,14,13,146,78,251,25
327,関前３,伏見通り×五日市街道,R4/10,武蔵野,B 立川,流入計,8,25,9,136,67,237,20
327,関前３,伏見通り×五日市街道,R4/10,武蔵野,B 立川,流入計,9,20,1,54,61,136,11
327,関前３,伏見通り×五日市街道,R4/10,武蔵野,B 立川,流入計,10,15,0,127,68,210,8
327,関前３,伏見通り×五日市街道,R4/10,武蔵野,B 立川,流入計,11,17,2,111,59,189,12
327,関前３,伏見通り×五日市街道,R4/10,武蔵野,B 立川,流入計,12,14,1,104,52,171,20
327,関前３,伏見通り×五日市街道,R4/10,武蔵野,B 立川,流入計,13,10,3,92,54,159,9
327,関前３,伏見通り×五日市街道,R4/10,武蔵野,B 立川,流入計,14,13,0,98,53,164,13
327,関前３,伏見通り×五日市街道,R4/10,武蔵野,B 立川,流入計,15,15,0,105,56,176,6
327,関前３,伏見通り×五日市街道,R4/10,武蔵野,B 立川,流入計,16,20,0,91,58,169,15
327,関前３,伏見通り×五日市街道,R4/10,武蔵野,B 立川,流入計,17,15,0,97,36,148,15
327,関前３,伏見通り×五日市街道,R4/10,武蔵野,B 立川,流入計,18,11,1,96,18,126,13
327,関前３,伏見通り×五日市街道,R4/10,武蔵野,B 立川,流入計,12時間計,189,30,1257,660,2136,167
327,関前３,伏見通り×五日市街道,R4/10,武蔵野,C 調布,7.立川,7,0,1,10,2,13,0
327,関前３,伏見通り×五日市街道,R4/10,武蔵野,C 調布,7.立川,8,0,0,12,8,20,1
327,関前３,伏見通り×五日市街道,R4/10,武蔵野,C 調布,7.立川,9,1,0,10,7,18,0
327,関前３,伏見通り×五日市街道,R4/10,武蔵野,C 調布,7.立川,10,0,0,7,7,14,2
327,関前３,伏見通り×五日市街道,R4/10,武蔵野,C 調布,7.立川,11,0,0,17,6,23,1
327,関前３,伏見通り×五日市街道,R4/10,武蔵野,C 調布,7.立川,12,0,0,14,9,23,0
327,関前３,伏見通り×五日市街道,R4/10,武蔵野,C 調布,7.立川,13,1,1,13,10,25,1
327,関前３,伏見通り×五日市街道,R4/10,武蔵野,C 調布,7.立川,14,1,0,11,6,18,1
327,関前３,伏見通り×五日市街道,R4/10,武蔵野,C 調布,7.立川,15,0,0,11,6,17,0
327,関前３,伏見通り×五日市街道,R4/10,武蔵野,C 調布,7.立川,16,0,0,11,11,22,3
327,関前３,伏見通り×五日市街道,R4/10,武蔵野,C 調布,7.立川,17,0,0,11,8,19,2
327,関前３,伏見通り×五日市街道,R4/10,武蔵野,C 調布,7.立川,18,0,0,10,3,13,1
327,関前３,伏見通り×五日市街道,R4/10,武蔵野,C 調布,7.立川,12時間計,3,2,137,83,225,12
327,関前３,伏見通り×五日市街道,R4/10,武蔵野,C 調布,8.新座,7,8,20,354,263,645,39
327,関前３,伏見通り×五日市街道,R4/10,武蔵野,C 調布,8.新座,8,5,21,413,264,703,31
327,関前３,伏見通り×五日市街道,R4/10,武蔵野,C 調布,8.新座,9,4,67,333,204,608,21
327,関前３,伏見通り×五日市街道,R4/10,武蔵野,C 調布,8.新座,10,1,25,347,246,619,21
327,関前３,伏見通り×五日市街道,R4/10,武蔵野,C 調布,8.新座,11,5,13,319,238,575,24
327,関前３,伏見通り×五日市街道,R4/10,武蔵野,C 調布,8.新座,12,2,26,330,228,586,22
327,関前３,伏見通り×五日市街道,R4/10,武蔵野,C 調布,8.新座,13,0,38,334,233,605,30
327,関前３,伏見通り×五日市街道,R4/10,武蔵野,C 調布,8.新座,14,0,24,346,232,602,24
327,関前３,伏見通り×五日市街道,R4/10,武蔵野,C 調布,8.新座,15,0,16,423,280,719,21
327,関前３,伏見通り×五日市街道,R4/10,武蔵野,C 調布,8.新座,16,3,8,420,293,724,49
327,関前３,伏見通り×五日市街道,R4/10,武蔵野,C 調布,8.新座,17,1,7,486,342,836,69
327,関前３,伏見通り×五日市街道,R4/10,武蔵野,C 調布,8.新座,18,0,6,559,262,827,62
327,関前３,伏見通り×五日市街道,R4/10,武蔵野,C 調布,8.新座,12時間計,29,271,4664,3085,8049,413
327,関前３,伏見通り×五日市街道,R4/10,武蔵野,C 調布,9.吉祥寺,7,0,1,21,31,53,2
327,関前３,伏見通り×五日市街道,R4/10,武蔵野,C 調布,9.吉祥寺,8,3,1,42,33,79,3
327,関前３,伏見通り×五日市街道,R4/10,武蔵野,C 調布,9.吉祥寺,9,2,0,41,29,72,2
327,関前３,伏見通り×五日市街道,R4/10,武蔵野,C 調布,9.吉祥寺,10,1,0,31,22,54,2
327,関前３,伏見通り×五日市街道,R4/10,武蔵野,C 調布,9.吉祥寺,11,1,0,38,34,73,3
327,関前３,伏見通り×五日市街道,R4/10,武蔵野,C 調布,9.吉祥寺,12,0,1,44,25,70,2
327,関前３,伏見通り×五日市街道,R4/10,武蔵野,C 調布,9.吉祥寺,13,1,1,29,17,48,1
327,関前３,伏見通り×五日市街道,R4/10,武蔵野,C 調布,9.吉祥寺,14,1,1,36,18,56,3
327,関前３,伏見通り×五日市街道,R4/10,武蔵野,C 調布,9.吉祥寺,15,0,0,46,30,76,3
327,関前３,伏見通り×五日市街道,R4/10,武蔵野,C 調布,9.吉祥寺,16,1,0,47,25,73,3
327,関前３,伏見通り×五日市街道,R4/10,武蔵野,C 調布,9.吉祥寺,17,0,1,31,10,42,1
327,関前３,伏見通り×五日市街道,R4/10,武蔵野,C 調布,9.吉祥寺,18,0,0,39,5,44,2
327,関前３,伏見通り×五日市街道,R4/10,武蔵野,C 調布,9.吉祥寺,12時間計,10,6,445,279,740,27
327,関前３,伏見通り×五日市街道,R4/10,武蔵野,C 調布,流入計,7,8,22,385,296,711,41
327,関前３,伏見通り×五日市街道,R4/10,武蔵野,C 調布,流入計,8,8,22,467,305,802,35
327,関前３,伏見通り×五日市街道,R4/10,武蔵野,C 調布,流入計,9,7,67,384,240,698,23
327,関前３,伏見通り×五日市街道,R4/10,武蔵野,C 調布,流入計,10,2,25,385,275,687,25
327,関前３,伏見通り×五日市街道,R4/10,武蔵野,C 調布,流入計,11,6,13,374,278,671,28
327,関前３,伏見通り×五日市街道,R4/10,武蔵野,C 調布,流入計,12,2,27,388,262,679,24
327,関前３,伏見通り×五日市街道,R4/10,武蔵野,C 調布,流入計,13,2,40,376,260,678,32
327,関前３,伏見通り×五日市街道,R4/10,武蔵野,C 調布,流入計,14,2,25,393,256,676,28
327,関前３,伏見通り×五日市街道,R4/10,武蔵野,C 調布,流入計,15,0,16,480,316,812,24
327,関前３,伏見通り×五日市街道,R4/10,武蔵野,C 調布,流入計,16,4,8,478,329,819,55
327,関前３,伏見通り×五日市街道,R4/10,武蔵野,C 調布,流入計,17,1,8,528,360,897,72
327,関前３,伏見通り×五日市街道,R4/10,武蔵野,C 調布,流入計,18,0,6,608,270,884,65
327,関前３,伏見通り×五日市街道,R4/10,武蔵野,C 調布,流入計,12時間計,42,279,5246,3447,9014,452
327,関前３,伏見通り×五日市街道,R4/10,武蔵野,D 吉祥寺,10.調布,7,1,0,20,6,27,0
327,関前３,伏見通り×五日市街道,R4/10,武蔵野,D 吉祥寺,10.調布,8,0,0,32,14,46,1
327,関前３,伏見通り×五日市街道,R4/10,武蔵野,D 吉祥寺,10.調布,9,0,0,32,18,50,0
327,関前３,伏見通り×五日市街道,R4/10,武蔵野,D 吉祥寺,10.調布,10,1,0,39,30,70,3
327,関前３,伏見通り×五日市街道,R4/10,武蔵野,D 吉祥寺,10.調布,11,1,0,43,27,71,5
327,関前３,伏見通り×五日市街道,R4/10,武蔵野,D 吉祥寺,10.調布,12,0,0,42,29,71,6
327,関前３,伏見通り×五日市街道,R4/10,武蔵野,D 吉祥寺,10.調布,13,1,0,40,22,63,2
327,関前３,伏見通り×五日市街道,R4/10,武蔵野,D 吉祥寺,10.調布,14,0,0,30,31,61,4
327,関前３,伏見通り×五日市街道,R4/10,武蔵野,D 吉祥寺,10.調布,15,2,0,57,37,96,4
327,関前３,伏見通り×五日市街道,R4/10,武蔵野,D 吉祥寺,10.調布,16,0,0,63,22,85,5
327,関前３,伏見通り×五日市街道,R4/10,武蔵野,D 吉祥寺,10.調布,17,0,0,56,26,82,6
327,関前３,伏見通り×五日市街道,R4/10,武蔵野,D 吉祥寺,10.調布,18,0,0,44,22,66,4
327,関前３,伏見通り×五日市街道,R4/10,武蔵野,D 吉祥寺,10.調布,12時間計,6,0,498,284,788,40
327,関前３,伏見通り×五日市街道,R4/10,武蔵野,D 吉祥寺,11.立川,7,21,0,32,21,74,7
327,関前３,伏見通り×五日市街道,R4/10,武蔵野,D 吉祥寺,11.立川,8,17,0,42,41,100,4
327,関前３,伏見通り×五日市街道,R4/10,武蔵野,D 吉祥寺,11.立川,9,15,0,49,39,103,8
327,関前３,伏見通り×五日市街道,R4/10,武蔵野,D 吉祥寺,11.立川,10,13,0,61,41,115,3
327,関前３,伏見通り×五日市街道,R4/10,武蔵野,D 吉祥寺,11.立川,11,12,2,61,45,120,6
327,関前３,伏見通り×五日市街道,R4/10,武蔵野,D 吉祥寺,11.立川,12,12,0,72,43,127,6
327,関前３,伏見通り×五日市街道,R4/10,武蔵野,D 吉祥寺,11.立川,13,15,0,66,50,131,2
327,関前３,伏見通り×五日市街道,R4/10,武蔵野,D 吉祥寺,11.立川,14,15,0,73,60,148,13
327,関前３,伏見通り×五日市街道,R4/10,武蔵野,D 吉祥寺,11.立川,15,16,0,88,60,164,9
327,関前３,伏見通り×五日市街道,R4/10,武蔵野,D 吉祥寺,11.立川,16,14,0,83,46,143,12
327,関前３,伏見通り×五日市街道,R4/10,武蔵野,D 吉祥寺,11.立川,17,14,0,75,42,131,12
327,関前３,伏見通り×五日市街道,R4/10,武蔵野,D 吉祥寺,11.立川,18,15,0,92,25,132,9
327,関前３,伏見通り×五日市街道,R4/10,武蔵野,D 吉祥寺,11.立川,12時間計,179,2,794,513,1488,91
327,関前３,伏見通り×五日市街道,R4/10,武蔵野,D 吉祥寺,12.新座,7,11,1,23,12,47,1
327,関前３,伏見通り×五日市街道,R4/10,武蔵野,D 吉祥寺,12.新座,8,12,7,38,16,73,0
327,関前３,伏見通り×五日市街道,R4/10,武蔵野,D 吉祥寺,12.新座,9,7,2,31,24,64,4
327,関前３,伏見通り×五日市街道,R4/10,武蔵野,D 吉祥寺,12.新座,10,4,9,32,29,74,2
327,関前３,伏見通り×五日市街道,R4/10,武蔵野,D 吉祥寺,12.新座,11,4,6,38,29,77,3
327,関前３,伏見通り×五日市街道,R4/10,武蔵野,D 吉祥寺,12.新座,12,5,0,36,33,74,3
327,関前３,伏見通り×五日市街道,R4/10,武蔵野,D 吉祥寺,12.新座,13,4,4,38,29,75,3
327,関前３,伏見通り×五日市街道,R4/10,武蔵野,D 吉祥寺,12.新座,14,5,4,33,34,76,5
327,関前３,伏見通り×五日市街道,R4/10,武蔵野,D 吉祥寺,12.新座,15,4,8,36,21,69,2
327,関前３,伏見通り×五日市街道,R4/10,武蔵野,D 吉祥寺,12.新座,16,7,2,52,33,94,7
327,関前３,伏見通り×五日市街道,R4/10,武蔵野,D 吉祥寺,12.新座,17,6,1,45,33,85,7
327,関前３,伏見通り×五日市街道,R4/10,武蔵野,D 吉祥寺,12.新座,18,5,0,57,32,94,7
327,関前３,伏見通り×五日市街道,R4/10,武蔵野,D 吉祥寺,12.新座,12時間計,74,44,459,325,902,44
327,関前３,伏見通り×五日市街道,R4/10,武蔵野,D 吉祥寺,流入計,7,33,1,75,39,148,8
327,関前３,伏見通り×五日市街道,R4/10,武蔵野,D 吉祥寺,流入計,8,29,7,112,71,219,5
327,関前３,伏見通り×五日市街道,R4/10,武蔵野,D 吉祥寺,流入計,9,22,2,112,81,217,12
327,関前３,伏見通り×五日市街道,R4/10,武蔵野,D 吉祥寺,流入計,10,18,9,132,100,259,8
327,関前３,伏見通り×五日市街道,R4/10,武蔵野,D 吉祥寺,流入計,11,17,8,142,101,268,14
327,関前３,伏見通り×五日市街道,R4/10,武蔵野,D 吉祥寺,流入計,12,17,0,150,105,272,15
327,関前３,伏見通り×五日市街道,R4/10,武蔵野,D 吉祥寺,流入計,13,20,4,144,101,269,7
327,関前３,伏見通り×五日市街道,R4/10,武蔵野,D 吉祥寺,流入計,14,20,4,136,125,285,22
327,関前３,伏見通り×五日市街道,R4/10,武蔵野,D 吉祥寺,流入計,15,22,8,181,118,329,15
327,関前３,伏見通り×五日市街道,R4/10,武蔵野,D 吉祥寺,流入計,16,21,2,198,101,322,24
327,関前３,伏見通り×五日市街道,R4/10,武蔵野,D 吉祥寺,流入計,17,20,1,176,101,298,25
327,関前３,伏見通り×五日市街道,R4/10,武蔵野,D 吉祥寺,流入計,18,20,0,193,79,292,20
327,関前３,伏見通り×五日市街道,R4/10,武蔵野,D 吉祥寺,流入計,12時間計,259,46,1751,1122,3178,175
