﻿地点番号,地点名,交差道路名,調査年月,管轄警察署,流入方向,流出方向,時間帯等,車道通行自転車,歩道通行自転車,自転車計
327,関前３,伏見通り×五日市街道,R4/10,武蔵野,A 新座,1吉祥寺,7,2,-,-
327,関前３,伏見通り×五日市街道,R4/10,武蔵野,A 新座,1吉祥寺,8,2,-,-
327,関前３,伏見通り×五日市街道,R4/10,武蔵野,A 新座,1吉祥寺,9,0,-,-
327,関前３,伏見通り×五日市街道,R4/10,武蔵野,A 新座,1吉祥寺,10,8,-,-
327,関前３,伏見通り×五日市街道,R4/10,武蔵野,A 新座,1吉祥寺,11,4,-,-
327,関前３,伏見通り×五日市街道,R4/10,武蔵野,A 新座,1吉祥寺,12,6,-,-
327,関前３,伏見通り×五日市街道,R4/10,武蔵野,A 新座,1吉祥寺,13,0,-,-
327,関前３,伏見通り×五日市街道,R4/10,武蔵野,A 新座,1吉祥寺,14,2,-,-
327,関前３,伏見通り×五日市街道,R4/10,武蔵野,A 新座,1吉祥寺,15,0,-,-
327,関前３,伏見通り×五日市街道,R4/10,武蔵野,A 新座,1吉祥寺,16,0,-,-
327,関前３,伏見通り×五日市街道,R4/10,武蔵野,A 新座,1吉祥寺,17,9,-,-
327,関前３,伏見通り×五日市街道,R4/10,武蔵野,A 新座,1吉祥寺,18,5,-,-
327,関前３,伏見通り×五日市街道,R4/10,武蔵野,A 新座,1吉祥寺,12時間計,38,-,-
327,関前３,伏見通り×五日市街道,R4/10,武蔵野,A 新座,2調布,7,8,-,-
327,関前３,伏見通り×五日市街道,R4/10,武蔵野,A 新座,2調布,8,17,-,-
327,関前３,伏見通り×五日市街道,R4/10,武蔵野,A 新座,2調布,9,16,-,-
327,関前３,伏見通り×五日市街道,R4/10,武蔵野,A 新座,2調布,10,2,-,-
327,関前３,伏見通り×五日市街道,R4/10,武蔵野,A 新座,2調布,11,2,-,-
327,関前３,伏見通り×五日市街道,R4/10,武蔵野,A 新座,2調布,12,3,-,-
327,関前３,伏見通り×五日市街道,R4/10,武蔵野,A 新座,2調布,13,10,-,-
327,関前３,伏見通り×五日市街道,R4/10,武蔵野,A 新座,2調布,14,6,-,-
327,関前３,伏見通り×五日市街道,R4/10,武蔵野,A 新座,2調布,15,3,-,-
327,関前３,伏見通り×五日市街道,R4/10,武蔵野,A 新座,2調布,16,1,-,-
327,関前３,伏見通り×五日市街道,R4/10,武蔵野,A 新座,2調布,17,2,-,-
327,関前３,伏見通り×五日市街道,R4/10,武蔵野,A 新座,2調布,18,3,-,-
327,関前３,伏見通り×五日市街道,R4/10,武蔵野,A 新座,2調布,12時間計,73,-,-
327,関前３,伏見通り×五日市街道,R4/10,武蔵野,A 新座,3立川,7,0,-,-
327,関前３,伏見通り×五日市街道,R4/10,武蔵野,A 新座,3立川,8,0,-,-
327,関前３,伏見通り×五日市街道,R4/10,武蔵野,A 新座,3立川,9,0,-,-
327,関前３,伏見通り×五日市街道,R4/10,武蔵野,A 新座,3立川,10,0,-,-
327,関前３,伏見通り×五日市街道,R4/10,武蔵野,A 新座,3立川,11,0,-,-
327,関前３,伏見通り×五日市街道,R4/10,武蔵野,A 新座,3立川,12,0,-,-
327,関前３,伏見通り×五日市街道,R4/10,武蔵野,A 新座,3立川,13,0,-,-
327,関前３,伏見通り×五日市街道,R4/10,武蔵野,A 新座,3立川,14,0,-,-
327,関前３,伏見通り×五日市街道,R4/10,武蔵野,A 新座,3立川,15,0,-,-
327,関前３,伏見通り×五日市街道,R4/10,武蔵野,A 新座,3立川,16,0,-,-
327,関前３,伏見通り×五日市街道,R4/10,武蔵野,A 新座,3立川,17,0,-,-
327,関前３,伏見通り×五日市街道,R4/10,武蔵野,A 新座,3立川,18,0,-,-
327,関前３,伏見通り×五日市街道,R4/10,武蔵野,A 新座,3立川,12時間計,0,-,-
327,関前３,伏見通り×五日市街道,R4/10,武蔵野,A 新座,流入計,7,10,144,154
327,関前３,伏見通り×五日市街道,R4/10,武蔵野,A 新座,流入計,8,19,168,187
327,関前３,伏見通り×五日市街道,R4/10,武蔵野,A 新座,流入計,9,16,61,77
327,関前３,伏見通り×五日市街道,R4/10,武蔵野,A 新座,流入計,10,10,104,114
327,関前３,伏見通り×五日市街道,R4/10,武蔵野,A 新座,流入計,11,6,62,68
327,関前３,伏見通り×五日市街道,R4/10,武蔵野,A 新座,流入計,12,9,64,73
327,関前３,伏見通り×五日市街道,R4/10,武蔵野,A 新座,流入計,13,10,70,80
327,関前３,伏見通り×五日市街道,R4/10,武蔵野,A 新座,流入計,14,8,80,88
327,関前３,伏見通り×五日市街道,R4/10,武蔵野,A 新座,流入計,15,3,106,109
327,関前３,伏見通り×五日市街道,R4/10,武蔵野,A 新座,流入計,16,1,108,109
327,関前３,伏見通り×五日市街道,R4/10,武蔵野,A 新座,流入計,17,11,110,121
327,関前３,伏見通り×五日市街道,R4/10,武蔵野,A 新座,流入計,18,8,75,83
327,関前３,伏見通り×五日市街道,R4/10,武蔵野,A 新座,流入計,12時間計,111,1152,1263
327,関前３,伏見通り×五日市街道,R4/10,武蔵野,B 立川,4新座,7,0,-,-
327,関前３,伏見通り×五日市街道,R4/10,武蔵野,B 立川,4新座,8,0,-,-
327,関前３,伏見通り×五日市街道,R4/10,武蔵野,B 立川,4新座,9,0,-,-
327,関前３,伏見通り×五日市街道,R4/10,武蔵野,B 立川,4新座,10,0,-,-
327,関前３,伏見通り×五日市街道,R4/10,武蔵野,B 立川,4新座,11,0,-,-
327,関前３,伏見通り×五日市街道,R4/10,武蔵野,B 立川,4新座,12,0,-,-
327,関前３,伏見通り×五日市街道,R4/10,武蔵野,B 立川,4新座,13,0,-,-
327,関前３,伏見通り×五日市街道,R4/10,武蔵野,B 立川,4新座,14,0,-,-
327,関前３,伏見通り×五日市街道,R4/10,武蔵野,B 立川,4新座,15,0,-,-
327,関前３,伏見通り×五日市街道,R4/10,武蔵野,B 立川,4新座,16,0,-,-
327,関前３,伏見通り×五日市街道,R4/10,武蔵野,B 立川,4新座,17,0,-,-
327,関前３,伏見通り×五日市街道,R4/10,武蔵野,B 立川,4新座,18,0,-,-
327,関前３,伏見通り×五日市街道,R4/10,武蔵野,B 立川,4新座,12時間計,0,-,-
327,関前３,伏見通り×五日市街道,R4/10,武蔵野,B 立川,5吉祥寺,7,20,-,-
327,関前３,伏見通り×五日市街道,R4/10,武蔵野,B 立川,5吉祥寺,8,45,-,-
327,関前３,伏見通り×五日市街道,R4/10,武蔵野,B 立川,5吉祥寺,9,19,-,-
327,関前３,伏見通り×五日市街道,R4/10,武蔵野,B 立川,5吉祥寺,10,19,-,-
327,関前３,伏見通り×五日市街道,R4/10,武蔵野,B 立川,5吉祥寺,11,24,-,-
327,関前３,伏見通り×五日市街道,R4/10,武蔵野,B 立川,5吉祥寺,12,24,-,-
327,関前３,伏見通り×五日市街道,R4/10,武蔵野,B 立川,5吉祥寺,13,13,-,-
327,関前３,伏見通り×五日市街道,R4/10,武蔵野,B 立川,5吉祥寺,14,21,-,-
327,関前３,伏見通り×五日市街道,R4/10,武蔵野,B 立川,5吉祥寺,15,24,-,-
327,関前３,伏見通り×五日市街道,R4/10,武蔵野,B 立川,5吉祥寺,16,25,-,-
327,関前３,伏見通り×五日市街道,R4/10,武蔵野,B 立川,5吉祥寺,17,21,-,-
327,関前３,伏見通り×五日市街道,R4/10,武蔵野,B 立川,5吉祥寺,18,24,-,-
327,関前３,伏見通り×五日市街道,R4/10,武蔵野,B 立川,5吉祥寺,12時間計,279,-,-
327,関前３,伏見通り×五日市街道,R4/10,武蔵野,B 立川,6調布,7,0,-,-
327,関前３,伏見通り×五日市街道,R4/10,武蔵野,B 立川,6調布,8,1,-,-
327,関前３,伏見通り×五日市街道,R4/10,武蔵野,B 立川,6調布,9,1,-,-
327,関前３,伏見通り×五日市街道,R4/10,武蔵野,B 立川,6調布,10,0,-,-
327,関前３,伏見通り×五日市街道,R4/10,武蔵野,B 立川,6調布,11,0,-,-
327,関前３,伏見通り×五日市街道,R4/10,武蔵野,B 立川,6調布,12,0,-,-
327,関前３,伏見通り×五日市街道,R4/10,武蔵野,B 立川,6調布,13,0,-,-
327,関前３,伏見通り×五日市街道,R4/10,武蔵野,B 立川,6調布,14,0,-,-
327,関前３,伏見通り×五日市街道,R4/10,武蔵野,B 立川,6調布,15,0,-,-
327,関前３,伏見通り×五日市街道,R4/10,武蔵野,B 立川,6調布,16,0,-,-
327,関前３,伏見通り×五日市街道,R4/10,武蔵野,B 立川,6調布,17,0,-,-
327,関前３,伏見通り×五日市街道,R4/10,武蔵野,B 立川,6調布,18,0,-,-
327,関前３,伏見通り×五日市街道,R4/10,武蔵野,B 立川,6調布,12時間計,2,-,-
327,関前３,伏見通り×五日市街道,R4/10,武蔵野,B 立川,流入計,7,20,80,100
327,関前３,伏見通り×五日市街道,R4/10,武蔵野,B 立川,流入計,8,46,105,151
327,関前３,伏見通り×五日市街道,R4/10,武蔵野,B 立川,流入計,9,20,62,82
327,関前３,伏見通り×五日市街道,R4/10,武蔵野,B 立川,流入計,10,19,55,74
327,関前３,伏見通り×五日市街道,R4/10,武蔵野,B 立川,流入計,11,24,60,84
327,関前３,伏見通り×五日市街道,R4/10,武蔵野,B 立川,流入計,12,24,54,78
327,関前３,伏見通り×五日市街道,R4/10,武蔵野,B 立川,流入計,13,13,45,58
327,関前３,伏見通り×五日市街道,R4/10,武蔵野,B 立川,流入計,14,21,52,73
327,関前３,伏見通り×五日市街道,R4/10,武蔵野,B 立川,流入計,15,24,52,76
327,関前３,伏見通り×五日市街道,R4/10,武蔵野,B 立川,流入計,16,25,76,101
327,関前３,伏見通り×五日市街道,R4/10,武蔵野,B 立川,流入計,17,21,64,85
327,関前３,伏見通り×五日市街道,R4/10,武蔵野,B 立川,流入計,18,24,29,53
327,関前３,伏見通り×五日市街道,R4/10,武蔵野,B 立川,流入計,12時間計,281,734,1015
327,関前３,伏見通り×五日市街道,R4/10,武蔵野,C 調布,7立川,7,0,-,-
327,関前３,伏見通り×五日市街道,R4/10,武蔵野,C 調布,7立川,8,0,-,-
327,関前３,伏見通り×五日市街道,R4/10,武蔵野,C 調布,7立川,9,0,-,-
327,関前３,伏見通り×五日市街道,R4/10,武蔵野,C 調布,7立川,10,0,-,-
327,関前３,伏見通り×五日市街道,R4/10,武蔵野,C 調布,7立川,11,0,-,-
327,関前３,伏見通り×五日市街道,R4/10,武蔵野,C 調布,7立川,12,1,-,-
327,関前３,伏見通り×五日市街道,R4/10,武蔵野,C 調布,7立川,13,0,-,-
327,関前３,伏見通り×五日市街道,R4/10,武蔵野,C 調布,7立川,14,0,-,-
327,関前３,伏見通り×五日市街道,R4/10,武蔵野,C 調布,7立川,15,0,-,-
327,関前３,伏見通り×五日市街道,R4/10,武蔵野,C 調布,7立川,16,0,-,-
327,関前３,伏見通り×五日市街道,R4/10,武蔵野,C 調布,7立川,17,0,-,-
327,関前３,伏見通り×五日市街道,R4/10,武蔵野,C 調布,7立川,18,0,-,-
327,関前３,伏見通り×五日市街道,R4/10,武蔵野,C 調布,7立川,12時間計,1,-,-
327,関前３,伏見通り×五日市街道,R4/10,武蔵野,C 調布,8新座,7,5,-,-
327,関前３,伏見通り×五日市街道,R4/10,武蔵野,C 調布,8新座,8,4,-,-
327,関前３,伏見通り×五日市街道,R4/10,武蔵野,C 調布,8新座,9,5,-,-
327,関前３,伏見通り×五日市街道,R4/10,武蔵野,C 調布,8新座,10,2,-,-
327,関前３,伏見通り×五日市街道,R4/10,武蔵野,C 調布,8新座,11,3,-,-
327,関前３,伏見通り×五日市街道,R4/10,武蔵野,C 調布,8新座,12,1,-,-
327,関前３,伏見通り×五日市街道,R4/10,武蔵野,C 調布,8新座,13,2,-,-
327,関前３,伏見通り×五日市街道,R4/10,武蔵野,C 調布,8新座,14,3,-,-
327,関前３,伏見通り×五日市街道,R4/10,武蔵野,C 調布,8新座,15,4,-,-
327,関前３,伏見通り×五日市街道,R4/10,武蔵野,C 調布,8新座,16,5,-,-
327,関前３,伏見通り×五日市街道,R4/10,武蔵野,C 調布,8新座,17,11,-,-
327,関前３,伏見通り×五日市街道,R4/10,武蔵野,C 調布,8新座,18,9,-,-
327,関前３,伏見通り×五日市街道,R4/10,武蔵野,C 調布,8新座,12時間計,54,-,-
327,関前３,伏見通り×五日市街道,R4/10,武蔵野,C 調布,9吉祥寺,7,0,-,-
327,関前３,伏見通り×五日市街道,R4/10,武蔵野,C 調布,9吉祥寺,8,0,-,-
327,関前３,伏見通り×五日市街道,R4/10,武蔵野,C 調布,9吉祥寺,9,0,-,-
327,関前３,伏見通り×五日市街道,R4/10,武蔵野,C 調布,9吉祥寺,10,0,-,-
327,関前３,伏見通り×五日市街道,R4/10,武蔵野,C 調布,9吉祥寺,11,0,-,-
327,関前３,伏見通り×五日市街道,R4/10,武蔵野,C 調布,9吉祥寺,12,0,-,-
327,関前３,伏見通り×五日市街道,R4/10,武蔵野,C 調布,9吉祥寺,13,0,-,-
327,関前３,伏見通り×五日市街道,R4/10,武蔵野,C 調布,9吉祥寺,14,0,-,-
327,関前３,伏見通り×五日市街道,R4/10,武蔵野,C 調布,9吉祥寺,15,0,-,-
327,関前３,伏見通り×五日市街道,R4/10,武蔵野,C 調布,9吉祥寺,16,0,-,-
327,関前３,伏見通り×五日市街道,R4/10,武蔵野,C 調布,9吉祥寺,17,0,-,-
327,関前３,伏見通り×五日市街道,R4/10,武蔵野,C 調布,9吉祥寺,18,5,-,-
327,関前３,伏見通り×五日市街道,R4/10,武蔵野,C 調布,9吉祥寺,12時間計,5,-,-
327,関前３,伏見通り×五日市街道,R4/10,武蔵野,C 調布,流入計,7,5,70,75
327,関前３,伏見通り×五日市街道,R4/10,武蔵野,C 調布,流入計,8,4,100,104
327,関前３,伏見通り×五日市街道,R4/10,武蔵野,C 調布,流入計,9,5,82,87
327,関前３,伏見通り×五日市街道,R4/10,武蔵野,C 調布,流入計,10,2,55,57
327,関前３,伏見通り×五日市街道,R4/10,武蔵野,C 調布,流入計,11,3,39,42
327,関前３,伏見通り×五日市街道,R4/10,武蔵野,C 調布,流入計,12,2,66,68
327,関前３,伏見通り×五日市街道,R4/10,武蔵野,C 調布,流入計,13,2,48,50
327,関前３,伏見通り×五日市街道,R4/10,武蔵野,C 調布,流入計,14,3,67,70
327,関前３,伏見通り×五日市街道,R4/10,武蔵野,C 調布,流入計,15,4,77,81
327,関前３,伏見通り×五日市街道,R4/10,武蔵野,C 調布,流入計,16,5,80,85
327,関前３,伏見通り×五日市街道,R4/10,武蔵野,C 調布,流入計,17,11,108,119
327,関前３,伏見通り×五日市街道,R4/10,武蔵野,C 調布,流入計,18,14,107,121
327,関前３,伏見通り×五日市街道,R4/10,武蔵野,C 調布,流入計,12時間計,60,899,959
327,関前３,伏見通り×五日市街道,R4/10,武蔵野,D 吉祥寺,10調布,7,0,-,-
327,関前３,伏見通り×五日市街道,R4/10,武蔵野,D 吉祥寺,10調布,8,1,-,-
327,関前３,伏見通り×五日市街道,R4/10,武蔵野,D 吉祥寺,10調布,9,1,-,-
327,関前３,伏見通り×五日市街道,R4/10,武蔵野,D 吉祥寺,10調布,10,1,-,-
327,関前３,伏見通り×五日市街道,R4/10,武蔵野,D 吉祥寺,10調布,11,1,-,-
327,関前３,伏見通り×五日市街道,R4/10,武蔵野,D 吉祥寺,10調布,12,1,-,-
327,関前３,伏見通り×五日市街道,R4/10,武蔵野,D 吉祥寺,10調布,13,0,-,-
327,関前３,伏見通り×五日市街道,R4/10,武蔵野,D 吉祥寺,10調布,14,0,-,-
327,関前３,伏見通り×五日市街道,R4/10,武蔵野,D 吉祥寺,10調布,15,0,-,-
327,関前３,伏見通り×五日市街道,R4/10,武蔵野,D 吉祥寺,10調布,16,1,-,-
327,関前３,伏見通り×五日市街道,R4/10,武蔵野,D 吉祥寺,10調布,17,0,-,-
327,関前３,伏見通り×五日市街道,R4/10,武蔵野,D 吉祥寺,10調布,18,1,-,-
327,関前３,伏見通り×五日市街道,R4/10,武蔵野,D 吉祥寺,10調布,12時間計,7,-,-
327,関前３,伏見通り×五日市街道,R4/10,武蔵野,D 吉祥寺,11立川,7,3,-,-
327,関前３,伏見通り×五日市街道,R4/10,武蔵野,D 吉祥寺,11立川,8,4,-,-
327,関前３,伏見通り×五日市街道,R4/10,武蔵野,D 吉祥寺,11立川,9,1,-,-
327,関前３,伏見通り×五日市街道,R4/10,武蔵野,D 吉祥寺,11立川,10,7,-,-
327,関前３,伏見通り×五日市街道,R4/10,武蔵野,D 吉祥寺,11立川,11,2,-,-
327,関前３,伏見通り×五日市街道,R4/10,武蔵野,D 吉祥寺,11立川,12,6,-,-
327,関前３,伏見通り×五日市街道,R4/10,武蔵野,D 吉祥寺,11立川,13,3,-,-
327,関前３,伏見通り×五日市街道,R4/10,武蔵野,D 吉祥寺,11立川,14,8,-,-
327,関前３,伏見通り×五日市街道,R4/10,武蔵野,D 吉祥寺,11立川,15,7,-,-
327,関前３,伏見通り×五日市街道,R4/10,武蔵野,D 吉祥寺,11立川,16,15,-,-
327,関前３,伏見通り×五日市街道,R4/10,武蔵野,D 吉祥寺,11立川,17,19,-,-
327,関前３,伏見通り×五日市街道,R4/10,武蔵野,D 吉祥寺,11立川,18,15,-,-
327,関前３,伏見通り×五日市街道,R4/10,武蔵野,D 吉祥寺,11立川,12時間計,90,-,-
327,関前３,伏見通り×五日市街道,R4/10,武蔵野,D 吉祥寺,12新座,7,0,-,-
327,関前３,伏見通り×五日市街道,R4/10,武蔵野,D 吉祥寺,12新座,8,0,-,-
327,関前３,伏見通り×五日市街道,R4/10,武蔵野,D 吉祥寺,12新座,9,0,-,-
327,関前３,伏見通り×五日市街道,R4/10,武蔵野,D 吉祥寺,12新座,10,0,-,-
327,関前３,伏見通り×五日市街道,R4/10,武蔵野,D 吉祥寺,12新座,11,1,-,-
327,関前３,伏見通り×五日市街道,R4/10,武蔵野,D 吉祥寺,12新座,12,0,-,-
327,関前３,伏見通り×五日市街道,R4/10,武蔵野,D 吉祥寺,12新座,13,0,-,-
327,関前３,伏見通り×五日市街道,R4/10,武蔵野,D 吉祥寺,12新座,14,0,-,-
327,関前３,伏見通り×五日市街道,R4/10,武蔵野,D 吉祥寺,12新座,15,0,-,-
327,関前３,伏見通り×五日市街道,R4/10,武蔵野,D 吉祥寺,12新座,16,1,-,-
327,関前３,伏見通り×五日市街道,R4/10,武蔵野,D 吉祥寺,12新座,17,0,-,-
327,関前３,伏見通り×五日市街道,R4/10,武蔵野,D 吉祥寺,12新座,18,0,-,-
327,関前３,伏見通り×五日市街道,R4/10,武蔵野,D 吉祥寺,12新座,12時間計,2,-,-
327,関前３,伏見通り×五日市街道,R4/10,武蔵野,D 吉祥寺,流入計,7,3,20,23
327,関前３,伏見通り×五日市街道,R4/10,武蔵野,D 吉祥寺,流入計,8,5,45,50
327,関前３,伏見通り×五日市街道,R4/10,武蔵野,D 吉祥寺,流入計,9,2,37,39
327,関前３,伏見通り×五日市街道,R4/10,武蔵野,D 吉祥寺,流入計,10,8,49,57
327,関前３,伏見通り×五日市街道,R4/10,武蔵野,D 吉祥寺,流入計,11,4,45,49
327,関前３,伏見通り×五日市街道,R4/10,武蔵野,D 吉祥寺,流入計,12,7,55,62
327,関前３,伏見通り×五日市街道,R4/10,武蔵野,D 吉祥寺,流入計,13,3,54,57
327,関前３,伏見通り×五日市街道,R4/10,武蔵野,D 吉祥寺,流入計,14,8,45,53
327,関前３,伏見通り×五日市街道,R4/10,武蔵野,D 吉祥寺,流入計,15,7,46,53
327,関前３,伏見通り×五日市街道,R4/10,武蔵野,D 吉祥寺,流入計,16,17,69,86
327,関前３,伏見通り×五日市街道,R4/10,武蔵野,D 吉祥寺,流入計,17,19,99,118
327,関前３,伏見通り×五日市街道,R4/10,武蔵野,D 吉祥寺,流入計,18,16,75,91
327,関前３,伏見通り×五日市街道,R4/10,武蔵野,D 吉祥寺,流入計,12時間計,99,639,738
327,関前３,伏見通り×五日市街道,R4/10,武蔵野,全方向計,全方向計,7,38,314,352
327,関前３,伏見通り×五日市街道,R4/10,武蔵野,全方向計,全方向計,8,74,418,492
327,関前３,伏見通り×五日市街道,R4/10,武蔵野,全方向計,全方向計,9,43,242,285
327,関前３,伏見通り×五日市街道,R4/10,武蔵野,全方向計,全方向計,10,39,263,302
327,関前３,伏見通り×五日市街道,R4/10,武蔵野,全方向計,全方向計,11,37,206,243
327,関前３,伏見通り×五日市街道,R4/10,武蔵野,全方向計,全方向計,12,42,239,281
327,関前３,伏見通り×五日市街道,R4/10,武蔵野,全方向計,全方向計,13,28,217,245
327,関前３,伏見通り×五日市街道,R4/10,武蔵野,全方向計,全方向計,14,40,244,284
327,関前３,伏見通り×五日市街道,R4/10,武蔵野,全方向計,全方向計,15,38,281,319
327,関前３,伏見通り×五日市街道,R4/10,武蔵野,全方向計,全方向計,16,48,333,381
327,関前３,伏見通り×五日市街道,R4/10,武蔵野,全方向計,全方向計,17,62,381,443
327,関前３,伏見通り×五日市街道,R4/10,武蔵野,全方向計,全方向計,18,62,286,348
327,関前３,伏見通り×五日市街道,R4/10,武蔵野,全方向計,全方向計,12時間計,551,3424,3975
