﻿地点番号,地点名,交差道路名,調査年月,管轄警察署,流入方向,流出方向,時間帯等,大型乗用,大型貨物,普通乗用,普通貨物,四輪計,二輪車
83,打越,八王子バイパス×北野街道,R4/10,南大沢,A 大和田,1.下柚木,7,2,8,150,48,208,20
83,打越,八王子バイパス×北野街道,R4/10,南大沢,A 大和田,1.下柚木,8,0,5,178,95,278,14
83,打越,八王子バイパス×北野街道,R4/10,南大沢,A 大和田,1.下柚木,9,2,7,163,79,251,8
83,打越,八王子バイパス×北野街道,R4/10,南大沢,A 大和田,1.下柚木,10,3,2,187,76,268,9
83,打越,八王子バイパス×北野街道,R4/10,南大沢,A 大和田,1.下柚木,11,9,2,246,77,334,6
83,打越,八王子バイパス×北野街道,R4/10,南大沢,A 大和田,1.下柚木,12,5,11,160,65,241,8
83,打越,八王子バイパス×北野街道,R4/10,南大沢,A 大和田,1.下柚木,13,4,7,153,55,219,10
83,打越,八王子バイパス×北野街道,R4/10,南大沢,A 大和田,1.下柚木,14,4,1,169,72,246,12
83,打越,八王子バイパス×北野街道,R4/10,南大沢,A 大和田,1.下柚木,15,4,8,182,63,257,7
83,打越,八王子バイパス×北野街道,R4/10,南大沢,A 大和田,1.下柚木,16,3,9,254,71,337,8
83,打越,八王子バイパス×北野街道,R4/10,南大沢,A 大和田,1.下柚木,17,6,4,418,83,511,11
83,打越,八王子バイパス×北野街道,R4/10,南大沢,A 大和田,1.下柚木,18,3,3,271,37,314,10
83,打越,八王子バイパス×北野街道,R4/10,南大沢,A 大和田,1.下柚木,12時間計,45,67,2531,821,3464,123
83,打越,八王子バイパス×北野街道,R4/10,南大沢,A 大和田,2.打越弁財天入口,7,6,1,52,10,69,0
83,打越,八王子バイパス×北野街道,R4/10,南大沢,A 大和田,2.打越弁財天入口,8,9,0,20,4,33,0
83,打越,八王子バイパス×北野街道,R4/10,南大沢,A 大和田,2.打越弁財天入口,9,5,0,35,5,45,3
83,打越,八王子バイパス×北野街道,R4/10,南大沢,A 大和田,2.打越弁財天入口,10,9,0,34,8,51,3
83,打越,八王子バイパス×北野街道,R4/10,南大沢,A 大和田,2.打越弁財天入口,11,7,1,46,6,60,3
83,打越,八王子バイパス×北野街道,R4/10,南大沢,A 大和田,2.打越弁財天入口,12,6,0,46,11,63,3
83,打越,八王子バイパス×北野街道,R4/10,南大沢,A 大和田,2.打越弁財天入口,13,8,0,49,7,64,1
83,打越,八王子バイパス×北野街道,R4/10,南大沢,A 大和田,2.打越弁財天入口,14,10,0,51,11,72,5
83,打越,八王子バイパス×北野街道,R4/10,南大沢,A 大和田,2.打越弁財天入口,15,9,1,47,8,65,2
83,打越,八王子バイパス×北野街道,R4/10,南大沢,A 大和田,2.打越弁財天入口,16,9,0,50,5,64,5
83,打越,八王子バイパス×北野街道,R4/10,南大沢,A 大和田,2.打越弁財天入口,17,12,0,53,8,73,4
83,打越,八王子バイパス×北野街道,R4/10,南大沢,A 大和田,2.打越弁財天入口,18,13,0,59,6,78,3
83,打越,八王子バイパス×北野街道,R4/10,南大沢,A 大和田,2.打越弁財天入口,12時間計,103,3,542,89,737,32
83,打越,八王子バイパス×北野街道,R4/10,南大沢,A 大和田,3.橋本,7,0,0,1,3,4,0
83,打越,八王子バイパス×北野街道,R4/10,南大沢,A 大和田,3.橋本,8,0,0,6,3,9,0
83,打越,八王子バイパス×北野街道,R4/10,南大沢,A 大和田,3.橋本,9,0,0,9,4,13,0
83,打越,八王子バイパス×北野街道,R4/10,南大沢,A 大和田,3.橋本,10,0,0,3,4,7,0
83,打越,八王子バイパス×北野街道,R4/10,南大沢,A 大和田,3.橋本,11,0,0,13,4,17,3
83,打越,八王子バイパス×北野街道,R4/10,南大沢,A 大和田,3.橋本,12,0,0,13,0,13,1
83,打越,八王子バイパス×北野街道,R4/10,南大沢,A 大和田,3.橋本,13,0,0,6,1,7,0
83,打越,八王子バイパス×北野街道,R4/10,南大沢,A 大和田,3.橋本,14,0,1,5,1,7,0
83,打越,八王子バイパス×北野街道,R4/10,南大沢,A 大和田,3.橋本,15,0,1,7,5,13,0
83,打越,八王子バイパス×北野街道,R4/10,南大沢,A 大和田,3.橋本,16,0,0,4,1,5,0
83,打越,八王子バイパス×北野街道,R4/10,南大沢,A 大和田,3.橋本,17,0,0,8,2,10,2
83,打越,八王子バイパス×北野街道,R4/10,南大沢,A 大和田,3.橋本,18,0,0,12,1,13,1
83,打越,八王子バイパス×北野街道,R4/10,南大沢,A 大和田,3.橋本,12時間計,0,2,87,29,118,7
83,打越,八王子バイパス×北野街道,R4/10,南大沢,A 大和田,4.高尾,7,0,2,57,30,89,3
83,打越,八王子バイパス×北野街道,R4/10,南大沢,A 大和田,4.高尾,8,2,3,78,44,127,6
83,打越,八王子バイパス×北野街道,R4/10,南大沢,A 大和田,4.高尾,9,3,3,99,52,157,0
83,打越,八王子バイパス×北野街道,R4/10,南大沢,A 大和田,4.高尾,10,1,3,93,40,137,5
83,打越,八王子バイパス×北野街道,R4/10,南大沢,A 大和田,4.高尾,11,0,8,107,27,142,4
83,打越,八王子バイパス×北野街道,R4/10,南大沢,A 大和田,4.高尾,12,1,5,97,39,142,2
83,打越,八王子バイパス×北野街道,R4/10,南大沢,A 大和田,4.高尾,13,1,4,95,32,132,9
83,打越,八王子バイパス×北野街道,R4/10,南大沢,A 大和田,4.高尾,14,1,3,108,39,151,5
83,打越,八王子バイパス×北野街道,R4/10,南大沢,A 大和田,4.高尾,15,0,7,123,35,165,4
83,打越,八王子バイパス×北野街道,R4/10,南大沢,A 大和田,4.高尾,16,1,6,129,34,170,4
83,打越,八王子バイパス×北野街道,R4/10,南大沢,A 大和田,4.高尾,17,1,4,138,36,179,10
83,打越,八王子バイパス×北野街道,R4/10,南大沢,A 大和田,4.高尾,18,0,2,139,29,170,13
83,打越,八王子バイパス×北野街道,R4/10,南大沢,A 大和田,4.高尾,12時間計,11,50,1263,437,1761,65
83,打越,八王子バイパス×北野街道,R4/10,南大沢,A 大和田,5.橋本,7,2,106,525,273,906,45
83,打越,八王子バイパス×北野街道,R4/10,南大沢,A 大和田,5.橋本,8,3,216,669,267,1155,45
83,打越,八王子バイパス×北野街道,R4/10,南大沢,A 大和田,5.橋本,9,1,124,517,282,924,24
83,打越,八王子バイパス×北野街道,R4/10,南大沢,A 大和田,5.橋本,10,2,136,549,234,921,27
83,打越,八王子バイパス×北野街道,R4/10,南大沢,A 大和田,5.橋本,11,5,107,521,233,866,19
83,打越,八王子バイパス×北野街道,R4/10,南大沢,A 大和田,5.橋本,12,1,108,514,254,877,18
83,打越,八王子バイパス×北野街道,R4/10,南大沢,A 大和田,5.橋本,13,0,124,566,264,954,18
83,打越,八王子バイパス×北野街道,R4/10,南大沢,A 大和田,5.橋本,14,1,216,421,314,952,19
83,打越,八王子バイパス×北野街道,R4/10,南大沢,A 大和田,5.橋本,15,4,113,611,291,1019,15
83,打越,八王子バイパス×北野街道,R4/10,南大沢,A 大和田,5.橋本,16,5,89,791,278,1163,17
83,打越,八王子バイパス×北野街道,R4/10,南大沢,A 大和田,5.橋本,17,7,56,732,298,1093,26
83,打越,八王子バイパス×北野街道,R4/10,南大沢,A 大和田,5.橋本,18,3,60,611,262,936,37
83,打越,八王子バイパス×北野街道,R4/10,南大沢,A 大和田,5.橋本,12時間計,34,1455,7027,3250,11766,310
83,打越,八王子バイパス×北野街道,R4/10,南大沢,A 大和田,流入計,7,10,117,785,364,1276,68
83,打越,八王子バイパス×北野街道,R4/10,南大沢,A 大和田,流入計,8,14,224,951,413,1602,65
83,打越,八王子バイパス×北野街道,R4/10,南大沢,A 大和田,流入計,9,11,134,823,422,1390,35
83,打越,八王子バイパス×北野街道,R4/10,南大沢,A 大和田,流入計,10,15,141,866,362,1384,44
83,打越,八王子バイパス×北野街道,R4/10,南大沢,A 大和田,流入計,11,21,118,933,347,1419,35
83,打越,八王子バイパス×北野街道,R4/10,南大沢,A 大和田,流入計,12,13,124,830,369,1336,32
83,打越,八王子バイパス×北野街道,R4/10,南大沢,A 大和田,流入計,13,13,135,869,359,1376,38
83,打越,八王子バイパス×北野街道,R4/10,南大沢,A 大和田,流入計,14,16,221,754,437,1428,41
83,打越,八王子バイパス×北野街道,R4/10,南大沢,A 大和田,流入計,15,17,130,970,402,1519,28
83,打越,八王子バイパス×北野街道,R4/10,南大沢,A 大和田,流入計,16,18,104,1228,389,1739,34
83,打越,八王子バイパス×北野街道,R4/10,南大沢,A 大和田,流入計,17,26,64,1349,427,1866,53
83,打越,八王子バイパス×北野街道,R4/10,南大沢,A 大和田,流入計,18,19,65,1092,335,1511,64
83,打越,八王子バイパス×北野街道,R4/10,南大沢,A 大和田,流入計,12時間計,193,1577,11450,4626,17846,537
83,打越,八王子バイパス×北野街道,R4/10,南大沢,B 高尾,6.大和田,7,0,0,14,4,18,0
83,打越,八王子バイパス×北野街道,R4/10,南大沢,B 高尾,6.大和田,8,0,2,22,10,34,1
83,打越,八王子バイパス×北野街道,R4/10,南大沢,B 高尾,6.大和田,9,1,0,20,9,30,2
83,打越,八王子バイパス×北野街道,R4/10,南大沢,B 高尾,6.大和田,10,0,11,29,4,44,1
83,打越,八王子バイパス×北野街道,R4/10,南大沢,B 高尾,6.大和田,11,1,1,25,13,40,0
83,打越,八王子バイパス×北野街道,R4/10,南大沢,B 高尾,6.大和田,12,0,1,31,11,43,0
83,打越,八王子バイパス×北野街道,R4/10,南大沢,B 高尾,6.大和田,13,0,3,37,14,54,1
83,打越,八王子バイパス×北野街道,R4/10,南大沢,B 高尾,6.大和田,14,0,3,34,16,53,1
83,打越,八王子バイパス×北野街道,R4/10,南大沢,B 高尾,6.大和田,15,1,14,37,8,60,1
83,打越,八王子バイパス×北野街道,R4/10,南大沢,B 高尾,6.大和田,16,0,0,28,12,40,0
83,打越,八王子バイパス×北野街道,R4/10,南大沢,B 高尾,6.大和田,17,0,0,14,9,23,2
83,打越,八王子バイパス×北野街道,R4/10,南大沢,B 高尾,6.大和田,18,0,0,34,7,41,1
83,打越,八王子バイパス×北野街道,R4/10,南大沢,B 高尾,6.大和田,12時間計,3,35,325,117,480,10
83,打越,八王子バイパス×北野街道,R4/10,南大沢,B 高尾,7.下柚木,7,5,3,129,35,172,10
83,打越,八王子バイパス×北野街道,R4/10,南大沢,B 高尾,7.下柚木,8,1,4,158,54,217,16
83,打越,八王子バイパス×北野街道,R4/10,南大沢,B 高尾,7.下柚木,9,3,9,124,51,187,6
83,打越,八王子バイパス×北野街道,R4/10,南大沢,B 高尾,7.下柚木,10,2,3,138,51,194,10
83,打越,八王子バイパス×北野街道,R4/10,南大沢,B 高尾,7.下柚木,11,2,2,152,43,199,10
83,打越,八王子バイパス×北野街道,R4/10,南大沢,B 高尾,7.下柚木,12,0,8,146,35,189,14
83,打越,八王子バイパス×北野街道,R4/10,南大沢,B 高尾,7.下柚木,13,0,6,115,50,171,5
83,打越,八王子バイパス×北野街道,R4/10,南大沢,B 高尾,7.下柚木,14,1,3,158,53,215,16
83,打越,八王子バイパス×北野街道,R4/10,南大沢,B 高尾,7.下柚木,15,0,0,159,48,207,10
83,打越,八王子バイパス×北野街道,R4/10,南大沢,B 高尾,7.下柚木,16,1,0,228,47,276,12
83,打越,八王子バイパス×北野街道,R4/10,南大沢,B 高尾,7.下柚木,17,2,0,223,43,268,19
83,打越,八王子バイパス×北野街道,R4/10,南大沢,B 高尾,7.下柚木,18,1,1,223,23,248,15
83,打越,八王子バイパス×北野街道,R4/10,南大沢,B 高尾,7.下柚木,12時間計,18,39,1953,533,2543,143
83,打越,八王子バイパス×北野街道,R4/10,南大沢,B 高尾,8.打越弁財天入口,7,0,2,45,1,48,2
83,打越,八王子バイパス×北野街道,R4/10,南大沢,B 高尾,8.打越弁財天入口,8,3,0,32,4,39,3
83,打越,八王子バイパス×北野街道,R4/10,南大沢,B 高尾,8.打越弁財天入口,9,0,0,13,2,15,0
83,打越,八王子バイパス×北野街道,R4/10,南大沢,B 高尾,8.打越弁財天入口,10,0,0,15,1,16,5
83,打越,八王子バイパス×北野街道,R4/10,南大沢,B 高尾,8.打越弁財天入口,11,0,0,17,8,25,3
83,打越,八王子バイパス×北野街道,R4/10,南大沢,B 高尾,8.打越弁財天入口,12,0,0,16,4,20,4
83,打越,八王子バイパス×北野街道,R4/10,南大沢,B 高尾,8.打越弁財天入口,13,1,0,15,1,17,1
83,打越,八王子バイパス×北野街道,R4/10,南大沢,B 高尾,8.打越弁財天入口,14,0,0,22,3,25,5
83,打越,八王子バイパス×北野街道,R4/10,南大沢,B 高尾,8.打越弁財天入口,15,0,0,30,5,35,3
83,打越,八王子バイパス×北野街道,R4/10,南大沢,B 高尾,8.打越弁財天入口,16,1,0,31,3,35,3
83,打越,八王子バイパス×北野街道,R4/10,南大沢,B 高尾,8.打越弁財天入口,17,1,0,46,3,50,8
83,打越,八王子バイパス×北野街道,R4/10,南大沢,B 高尾,8.打越弁財天入口,18,0,0,34,3,37,8
83,打越,八王子バイパス×北野街道,R4/10,南大沢,B 高尾,8.打越弁財天入口,12時間計,6,2,316,38,362,45
83,打越,八王子バイパス×北野街道,R4/10,南大沢,B 高尾,9.橋本,7,0,1,25,4,30,1
83,打越,八王子バイパス×北野街道,R4/10,南大沢,B 高尾,9.橋本,8,0,0,24,4,28,0
83,打越,八王子バイパス×北野街道,R4/10,南大沢,B 高尾,9.橋本,9,0,1,24,7,32,0
83,打越,八王子バイパス×北野街道,R4/10,南大沢,B 高尾,9.橋本,10,0,0,17,8,25,1
83,打越,八王子バイパス×北野街道,R4/10,南大沢,B 高尾,9.橋本,11,0,1,16,3,20,1
83,打越,八王子バイパス×北野街道,R4/10,南大沢,B 高尾,9.橋本,12,0,2,28,5,35,3
83,打越,八王子バイパス×北野街道,R4/10,南大沢,B 高尾,9.橋本,13,0,1,17,8,26,1
83,打越,八王子バイパス×北野街道,R4/10,南大沢,B 高尾,9.橋本,14,0,2,16,7,25,4
83,打越,八王子バイパス×北野街道,R4/10,南大沢,B 高尾,9.橋本,15,0,0,22,8,30,2
83,打越,八王子バイパス×北野街道,R4/10,南大沢,B 高尾,9.橋本,16,0,0,29,7,36,1
83,打越,八王子バイパス×北野街道,R4/10,南大沢,B 高尾,9.橋本,17,0,0,40,10,50,1
83,打越,八王子バイパス×北野街道,R4/10,南大沢,B 高尾,9.橋本,18,0,0,28,3,31,0
83,打越,八王子バイパス×北野街道,R4/10,南大沢,B 高尾,9.橋本,12時間計,0,8,286,74,368,15
83,打越,八王子バイパス×北野街道,R4/10,南大沢,B 高尾,流入計,7,5,6,213,44,268,13
83,打越,八王子バイパス×北野街道,R4/10,南大沢,B 高尾,流入計,8,4,6,236,72,318,20
83,打越,八王子バイパス×北野街道,R4/10,南大沢,B 高尾,流入計,9,4,10,181,69,264,8
83,打越,八王子バイパス×北野街道,R4/10,南大沢,B 高尾,流入計,10,2,14,199,64,279,17
83,打越,八王子バイパス×北野街道,R4/10,南大沢,B 高尾,流入計,11,3,4,210,67,284,14
83,打越,八王子バイパス×北野街道,R4/10,南大沢,B 高尾,流入計,12,0,11,221,55,287,21
83,打越,八王子バイパス×北野街道,R4/10,南大沢,B 高尾,流入計,13,1,10,184,73,268,8
83,打越,八王子バイパス×北野街道,R4/10,南大沢,B 高尾,流入計,14,1,8,230,79,318,26
83,打越,八王子バイパス×北野街道,R4/10,南大沢,B 高尾,流入計,15,1,14,248,69,332,16
83,打越,八王子バイパス×北野街道,R4/10,南大沢,B 高尾,流入計,16,2,0,316,69,387,16
83,打越,八王子バイパス×北野街道,R4/10,南大沢,B 高尾,流入計,17,3,0,323,65,391,30
83,打越,八王子バイパス×北野街道,R4/10,南大沢,B 高尾,流入計,18,1,1,319,36,357,24
83,打越,八王子バイパス×北野街道,R4/10,南大沢,B 高尾,流入計,12時間計,27,84,2880,762,3753,213
83,打越,八王子バイパス×北野街道,R4/10,南大沢,C 橋本,10.高尾,7,0,1,58,17,76,1
83,打越,八王子バイパス×北野街道,R4/10,南大沢,C 橋本,10.高尾,8,0,0,98,22,120,9
83,打越,八王子バイパス×北野街道,R4/10,南大沢,C 橋本,10.高尾,9,1,2,37,19,59,1
83,打越,八王子バイパス×北野街道,R4/10,南大沢,C 橋本,10.高尾,10,0,5,25,13,43,1
83,打越,八王子バイパス×北野街道,R4/10,南大沢,C 橋本,10.高尾,11,0,3,23,9,35,2
83,打越,八王子バイパス×北野街道,R4/10,南大沢,C 橋本,10.高尾,12,0,1,29,6,36,1
83,打越,八王子バイパス×北野街道,R4/10,南大沢,C 橋本,10.高尾,13,0,1,34,12,47,1
83,打越,八王子バイパス×北野街道,R4/10,南大沢,C 橋本,10.高尾,14,0,1,25,14,40,0
83,打越,八王子バイパス×北野街道,R4/10,南大沢,C 橋本,10.高尾,15,1,1,25,13,40,1
83,打越,八王子バイパス×北野街道,R4/10,南大沢,C 橋本,10.高尾,16,0,1,41,8,50,0
83,打越,八王子バイパス×北野街道,R4/10,南大沢,C 橋本,10.高尾,17,0,1,48,12,61,5
83,打越,八王子バイパス×北野街道,R4/10,南大沢,C 橋本,10.高尾,18,0,0,48,4,52,2
83,打越,八王子バイパス×北野街道,R4/10,南大沢,C 橋本,10.高尾,12時間計,2,17,491,149,659,24
83,打越,八王子バイパス×北野街道,R4/10,南大沢,C 橋本,11.大和田,7,0,2,151,31,184,10
83,打越,八王子バイパス×北野街道,R4/10,南大沢,C 橋本,11.大和田,8,0,0,81,10,91,8
83,打越,八王子バイパス×北野街道,R4/10,南大沢,C 橋本,11.大和田,9,0,0,60,5,65,5
83,打越,八王子バイパス×北野街道,R4/10,南大沢,C 橋本,11.大和田,10,0,0,27,4,31,2
83,打越,八王子バイパス×北野街道,R4/10,南大沢,C 橋本,11.大和田,11,0,0,21,7,28,1
83,打越,八王子バイパス×北野街道,R4/10,南大沢,C 橋本,11.大和田,12,0,3,15,3,21,1
83,打越,八王子バイパス×北野街道,R4/10,南大沢,C 橋本,11.大和田,13,0,1,22,7,30,0
83,打越,八王子バイパス×北野街道,R4/10,南大沢,C 橋本,11.大和田,14,0,1,13,3,17,1
83,打越,八王子バイパス×北野街道,R4/10,南大沢,C 橋本,11.大和田,15,0,0,19,4,23,1
83,打越,八王子バイパス×北野街道,R4/10,南大沢,C 橋本,11.大和田,16,0,1,35,12,48,0
83,打越,八王子バイパス×北野街道,R4/10,南大沢,C 橋本,11.大和田,17,0,0,25,4,29,1
83,打越,八王子バイパス×北野街道,R4/10,南大沢,C 橋本,11.大和田,18,0,0,30,4,34,0
83,打越,八王子バイパス×北野街道,R4/10,南大沢,C 橋本,11.大和田,12時間計,0,8,499,94,601,30
83,打越,八王子バイパス×北野街道,R4/10,南大沢,C 橋本,12.下柚木,7,1,8,76,32,117,6
83,打越,八王子バイパス×北野街道,R4/10,南大沢,C 橋本,12.下柚木,8,0,3,48,24,75,5
83,打越,八王子バイパス×北野街道,R4/10,南大沢,C 橋本,12.下柚木,9,0,2,63,27,92,2
83,打越,八王子バイパス×北野街道,R4/10,南大沢,C 橋本,12.下柚木,10,0,0,76,26,102,0
83,打越,八王子バイパス×北野街道,R4/10,南大沢,C 橋本,12.下柚木,11,0,0,59,21,80,1
83,打越,八王子バイパス×北野街道,R4/10,南大沢,C 橋本,12.下柚木,12,0,2,27,14,43,4
83,打越,八王子バイパス×北野街道,R4/10,南大沢,C 橋本,12.下柚木,13,0,2,29,18,49,0
83,打越,八王子バイパス×北野街道,R4/10,南大沢,C 橋本,12.下柚木,14,0,1,42,28,71,2
83,打越,八王子バイパス×北野街道,R4/10,南大沢,C 橋本,12.下柚木,15,0,2,39,16,57,0
83,打越,八王子バイパス×北野街道,R4/10,南大沢,C 橋本,12.下柚木,16,0,0,73,25,98,4
83,打越,八王子バイパス×北野街道,R4/10,南大沢,C 橋本,12.下柚木,17,1,4,103,13,121,2
83,打越,八王子バイパス×北野街道,R4/10,南大沢,C 橋本,12.下柚木,18,0,3,70,8,81,3
83,打越,八王子バイパス×北野街道,R4/10,南大沢,C 橋本,12.下柚木,12時間計,2,27,705,252,986,29
83,打越,八王子バイパス×北野街道,R4/10,南大沢,C 橋本,13.打越弁財天入口,7,0,0,3,1,4,1
83,打越,八王子バイパス×北野街道,R4/10,南大沢,C 橋本,13.打越弁財天入口,8,0,0,2,2,4,0
83,打越,八王子バイパス×北野街道,R4/10,南大沢,C 橋本,13.打越弁財天入口,9,0,0,3,2,5,0
83,打越,八王子バイパス×北野街道,R4/10,南大沢,C 橋本,13.打越弁財天入口,10,0,0,0,0,0,0
83,打越,八王子バイパス×北野街道,R4/10,南大沢,C 橋本,13.打越弁財天入口,11,0,0,2,0,2,0
83,打越,八王子バイパス×北野街道,R4/10,南大沢,C 橋本,13.打越弁財天入口,12,0,0,1,0,1,0
83,打越,八王子バイパス×北野街道,R4/10,南大沢,C 橋本,13.打越弁財天入口,13,1,0,3,1,5,0
83,打越,八王子バイパス×北野街道,R4/10,南大沢,C 橋本,13.打越弁財天入口,14,0,0,2,0,2,1
83,打越,八王子バイパス×北野街道,R4/10,南大沢,C 橋本,13.打越弁財天入口,15,0,0,7,2,9,0
83,打越,八王子バイパス×北野街道,R4/10,南大沢,C 橋本,13.打越弁財天入口,16,0,0,1,0,1,0
83,打越,八王子バイパス×北野街道,R4/10,南大沢,C 橋本,13.打越弁財天入口,17,0,0,4,1,5,0
83,打越,八王子バイパス×北野街道,R4/10,南大沢,C 橋本,13.打越弁財天入口,18,0,0,1,1,2,0
83,打越,八王子バイパス×北野街道,R4/10,南大沢,C 橋本,13.打越弁財天入口,12時間計,1,0,29,10,40,2
83,打越,八王子バイパス×北野街道,R4/10,南大沢,C 橋本,14.大和田,7,2,106,718,321,1147,40
83,打越,八王子バイパス×北野街道,R4/10,南大沢,C 橋本,14.大和田,8,3,150,525,276,954,33
83,打越,八王子バイパス×北野街道,R4/10,南大沢,C 橋本,14.大和田,9,2,129,352,349,832,23
83,打越,八王子バイパス×北野街道,R4/10,南大沢,C 橋本,14.大和田,10,1,125,258,246,630,25
83,打越,八王子バイパス×北野街道,R4/10,南大沢,C 橋本,14.大和田,11,1,99,292,280,672,19
83,打越,八王子バイパス×北野街道,R4/10,南大沢,C 橋本,14.大和田,12,1,142,447,311,901,27
83,打越,八王子バイパス×北野街道,R4/10,南大沢,C 橋本,14.大和田,13,1,156,514,410,1081,33
83,打越,八王子バイパス×北野街道,R4/10,南大沢,C 橋本,14.大和田,14,2,154,328,414,898,31
83,打越,八王子バイパス×北野街道,R4/10,南大沢,C 橋本,14.大和田,15,2,189,581,279,1051,22
83,打越,八王子バイパス×北野街道,R4/10,南大沢,C 橋本,14.大和田,16,1,151,767,241,1160,34
83,打越,八王子バイパス×北野街道,R4/10,南大沢,C 橋本,14.大和田,17,2,199,835,322,1358,50
83,打越,八王子バイパス×北野街道,R4/10,南大沢,C 橋本,14.大和田,18,4,140,859,136,1139,35
83,打越,八王子バイパス×北野街道,R4/10,南大沢,C 橋本,14.大和田,12時間計,22,1740,6476,3585,11823,372
83,打越,八王子バイパス×北野街道,R4/10,南大沢,C 橋本,流入計,7,3,117,1006,402,1528,58
83,打越,八王子バイパス×北野街道,R4/10,南大沢,C 橋本,流入計,8,3,153,754,334,1244,55
83,打越,八王子バイパス×北野街道,R4/10,南大沢,C 橋本,流入計,9,3,133,515,402,1053,31
83,打越,八王子バイパス×北野街道,R4/10,南大沢,C 橋本,流入計,10,1,130,386,289,806,28
83,打越,八王子バイパス×北野街道,R4/10,南大沢,C 橋本,流入計,11,1,102,397,317,817,23
83,打越,八王子バイパス×北野街道,R4/10,南大沢,C 橋本,流入計,12,1,148,519,334,1002,33
83,打越,八王子バイパス×北野街道,R4/10,南大沢,C 橋本,流入計,13,2,160,602,448,1212,34
83,打越,八王子バイパス×北野街道,R4/10,南大沢,C 橋本,流入計,14,2,157,410,459,1028,35
83,打越,八王子バイパス×北野街道,R4/10,南大沢,C 橋本,流入計,15,3,192,671,314,1180,24
83,打越,八王子バイパス×北野街道,R4/10,南大沢,C 橋本,流入計,16,1,153,917,286,1357,38
83,打越,八王子バイパス×北野街道,R4/10,南大沢,C 橋本,流入計,17,3,204,1015,352,1574,58
83,打越,八王子バイパス×北野街道,R4/10,南大沢,C 橋本,流入計,18,4,143,1008,153,1308,40
83,打越,八王子バイパス×北野街道,R4/10,南大沢,C 橋本,流入計,12時間計,27,1792,8200,4090,14109,457
83,打越,八王子バイパス×北野街道,R4/10,南大沢,D 打越弁財天入口,15.橋本,7,0,0,5,0,5,1
83,打越,八王子バイパス×北野街道,R4/10,南大沢,D 打越弁財天入口,15.橋本,8,0,0,7,1,8,0
83,打越,八王子バイパス×北野街道,R4/10,南大沢,D 打越弁財天入口,15.橋本,9,1,0,3,0,4,0
83,打越,八王子バイパス×北野街道,R4/10,南大沢,D 打越弁財天入口,15.橋本,10,0,0,2,2,4,3
83,打越,八王子バイパス×北野街道,R4/10,南大沢,D 打越弁財天入口,15.橋本,11,0,0,6,0,6,0
83,打越,八王子バイパス×北野街道,R4/10,南大沢,D 打越弁財天入口,15.橋本,12,0,2,3,0,5,0
83,打越,八王子バイパス×北野街道,R4/10,南大沢,D 打越弁財天入口,15.橋本,13,0,2,5,4,11,0
83,打越,八王子バイパス×北野街道,R4/10,南大沢,D 打越弁財天入口,15.橋本,14,0,0,5,0,5,0
83,打越,八王子バイパス×北野街道,R4/10,南大沢,D 打越弁財天入口,15.橋本,15,1,0,5,0,6,0
83,打越,八王子バイパス×北野街道,R4/10,南大沢,D 打越弁財天入口,15.橋本,16,0,0,2,1,3,0
83,打越,八王子バイパス×北野街道,R4/10,南大沢,D 打越弁財天入口,15.橋本,17,0,0,11,3,14,1
83,打越,八王子バイパス×北野街道,R4/10,南大沢,D 打越弁財天入口,15.橋本,18,0,0,8,0,8,2
83,打越,八王子バイパス×北野街道,R4/10,南大沢,D 打越弁財天入口,15.橋本,12時間計,2,4,62,11,79,7
83,打越,八王子バイパス×北野街道,R4/10,南大沢,D 打越弁財天入口,16.高尾,7,14,0,31,10,55,5
83,打越,八王子バイパス×北野街道,R4/10,南大沢,D 打越弁財天入口,16.高尾,8,17,0,78,5,100,3
83,打越,八王子バイパス×北野街道,R4/10,南大沢,D 打越弁財天入口,16.高尾,9,15,0,32,6,53,5
83,打越,八王子バイパス×北野街道,R4/10,南大沢,D 打越弁財天入口,16.高尾,10,9,1,22,0,32,3
83,打越,八王子バイパス×北野街道,R4/10,南大沢,D 打越弁財天入口,16.高尾,11,8,0,24,6,38,2
83,打越,八王子バイパス×北野街道,R4/10,南大沢,D 打越弁財天入口,16.高尾,12,8,0,29,3,40,2
83,打越,八王子バイパス×北野街道,R4/10,南大沢,D 打越弁財天入口,16.高尾,13,8,0,23,7,38,4
83,打越,八王子バイパス×北野街道,R4/10,南大沢,D 打越弁財天入口,16.高尾,14,9,0,23,5,37,4
83,打越,八王子バイパス×北野街道,R4/10,南大沢,D 打越弁財天入口,16.高尾,15,10,3,27,8,48,2
83,打越,八王子バイパス×北野街道,R4/10,南大沢,D 打越弁財天入口,16.高尾,16,11,0,28,16,55,4
83,打越,八王子バイパス×北野街道,R4/10,南大沢,D 打越弁財天入口,16.高尾,17,9,0,52,12,73,7
83,打越,八王子バイパス×北野街道,R4/10,南大沢,D 打越弁財天入口,16.高尾,18,13,0,26,7,46,4
83,打越,八王子バイパス×北野街道,R4/10,南大沢,D 打越弁財天入口,16.高尾,12時間計,131,4,395,85,615,45
83,打越,八王子バイパス×北野街道,R4/10,南大沢,D 打越弁財天入口,17.大和田,7,0,0,28,3,31,6
83,打越,八王子バイパス×北野街道,R4/10,南大沢,D 打越弁財天入口,17.大和田,8,0,0,23,4,27,2
83,打越,八王子バイパス×北野街道,R4/10,南大沢,D 打越弁財天入口,17.大和田,9,0,0,35,1,36,1
83,打越,八王子バイパス×北野街道,R4/10,南大沢,D 打越弁財天入口,17.大和田,10,0,0,38,6,44,4
83,打越,八王子バイパス×北野街道,R4/10,南大沢,D 打越弁財天入口,17.大和田,11,0,1,26,6,33,3
83,打越,八王子バイパス×北野街道,R4/10,南大沢,D 打越弁財天入口,17.大和田,12,0,0,29,3,32,3
83,打越,八王子バイパス×北野街道,R4/10,南大沢,D 打越弁財天入口,17.大和田,13,0,0,25,2,27,3
83,打越,八王子バイパス×北野街道,R4/10,南大沢,D 打越弁財天入口,17.大和田,14,0,0,23,4,27,1
83,打越,八王子バイパス×北野街道,R4/10,南大沢,D 打越弁財天入口,17.大和田,15,0,1,29,5,35,3
83,打越,八王子バイパス×北野街道,R4/10,南大沢,D 打越弁財天入口,17.大和田,16,0,0,26,11,37,3
83,打越,八王子バイパス×北野街道,R4/10,南大沢,D 打越弁財天入口,17.大和田,17,0,0,33,3,36,1
83,打越,八王子バイパス×北野街道,R4/10,南大沢,D 打越弁財天入口,17.大和田,18,0,0,30,4,34,3
83,打越,八王子バイパス×北野街道,R4/10,南大沢,D 打越弁財天入口,17.大和田,12時間計,0,2,345,52,399,33
83,打越,八王子バイパス×北野街道,R4/10,南大沢,D 打越弁財天入口,18.下柚木,7,0,0,0,0,0,0
83,打越,八王子バイパス×北野街道,R4/10,南大沢,D 打越弁財天入口,18.下柚木,8,0,0,1,0,1,0
83,打越,八王子バイパス×北野街道,R4/10,南大沢,D 打越弁財天入口,18.下柚木,9,0,0,1,1,2,0
83,打越,八王子バイパス×北野街道,R4/10,南大沢,D 打越弁財天入口,18.下柚木,10,0,0,1,0,1,0
83,打越,八王子バイパス×北野街道,R4/10,南大沢,D 打越弁財天入口,18.下柚木,11,0,0,1,0,1,0
83,打越,八王子バイパス×北野街道,R4/10,南大沢,D 打越弁財天入口,18.下柚木,12,0,0,2,0,2,1
83,打越,八王子バイパス×北野街道,R4/10,南大沢,D 打越弁財天入口,18.下柚木,13,0,0,3,0,3,0
83,打越,八王子バイパス×北野街道,R4/10,南大沢,D 打越弁財天入口,18.下柚木,14,0,0,2,1,3,0
83,打越,八王子バイパス×北野街道,R4/10,南大沢,D 打越弁財天入口,18.下柚木,15,0,0,1,0,1,1
83,打越,八王子バイパス×北野街道,R4/10,南大沢,D 打越弁財天入口,18.下柚木,16,0,0,1,0,1,0
83,打越,八王子バイパス×北野街道,R4/10,南大沢,D 打越弁財天入口,18.下柚木,17,0,0,1,0,1,0
83,打越,八王子バイパス×北野街道,R4/10,南大沢,D 打越弁財天入口,18.下柚木,18,0,0,1,0,1,0
83,打越,八王子バイパス×北野街道,R4/10,南大沢,D 打越弁財天入口,18.下柚木,12時間計,0,0,15,2,17,2
83,打越,八王子バイパス×北野街道,R4/10,南大沢,D 打越弁財天入口,流入計,7,14,0,64,13,91,12
83,打越,八王子バイパス×北野街道,R4/10,南大沢,D 打越弁財天入口,流入計,8,17,0,109,10,136,5
83,打越,八王子バイパス×北野街道,R4/10,南大沢,D 打越弁財天入口,流入計,9,16,0,71,8,95,6
83,打越,八王子バイパス×北野街道,R4/10,南大沢,D 打越弁財天入口,流入計,10,9,1,63,8,81,10
83,打越,八王子バイパス×北野街道,R4/10,南大沢,D 打越弁財天入口,流入計,11,8,1,57,12,78,5
83,打越,八王子バイパス×北野街道,R4/10,南大沢,D 打越弁財天入口,流入計,12,8,2,63,6,79,6
83,打越,八王子バイパス×北野街道,R4/10,南大沢,D 打越弁財天入口,流入計,13,8,2,56,13,79,7
83,打越,八王子バイパス×北野街道,R4/10,南大沢,D 打越弁財天入口,流入計,14,9,0,53,10,72,5
83,打越,八王子バイパス×北野街道,R4/10,南大沢,D 打越弁財天入口,流入計,15,11,4,62,13,90,6
83,打越,八王子バイパス×北野街道,R4/10,南大沢,D 打越弁財天入口,流入計,16,11,0,57,28,96,7
83,打越,八王子バイパス×北野街道,R4/10,南大沢,D 打越弁財天入口,流入計,17,9,0,97,18,124,9
83,打越,八王子バイパス×北野街道,R4/10,南大沢,D 打越弁財天入口,流入計,18,13,0,65,11,89,9
83,打越,八王子バイパス×北野街道,R4/10,南大沢,D 打越弁財天入口,流入計,12時間計,133,10,817,150,1110,87
83,打越,八王子バイパス×北野街道,R4/10,南大沢,E 下柚木,19.打越弁財天入口,7,0,0,0,0,0,0
83,打越,八王子バイパス×北野街道,R4/10,南大沢,E 下柚木,19.打越弁財天入口,8,0,0,0,0,0,0
83,打越,八王子バイパス×北野街道,R4/10,南大沢,E 下柚木,19.打越弁財天入口,9,0,0,0,0,0,0
83,打越,八王子バイパス×北野街道,R4/10,南大沢,E 下柚木,19.打越弁財天入口,10,0,0,1,0,1,0
83,打越,八王子バイパス×北野街道,R4/10,南大沢,E 下柚木,19.打越弁財天入口,11,0,0,0,0,0,0
83,打越,八王子バイパス×北野街道,R4/10,南大沢,E 下柚木,19.打越弁財天入口,12,0,0,0,0,0,0
83,打越,八王子バイパス×北野街道,R4/10,南大沢,E 下柚木,19.打越弁財天入口,13,0,0,0,1,1,0
83,打越,八王子バイパス×北野街道,R4/10,南大沢,E 下柚木,19.打越弁財天入口,14,0,0,1,0,1,0
83,打越,八王子バイパス×北野街道,R4/10,南大沢,E 下柚木,19.打越弁財天入口,15,0,0,0,0,0,0
83,打越,八王子バイパス×北野街道,R4/10,南大沢,E 下柚木,19.打越弁財天入口,16,0,0,0,0,0,0
83,打越,八王子バイパス×北野街道,R4/10,南大沢,E 下柚木,19.打越弁財天入口,17,0,0,0,0,0,0
83,打越,八王子バイパス×北野街道,R4/10,南大沢,E 下柚木,19.打越弁財天入口,18,0,0,0,0,0,0
83,打越,八王子バイパス×北野街道,R4/10,南大沢,E 下柚木,19.打越弁財天入口,12時間計,0,0,2,1,3,0
83,打越,八王子バイパス×北野街道,R4/10,南大沢,E 下柚木,20.橋本,7,0,2,29,5,36,1
83,打越,八王子バイパス×北野街道,R4/10,南大沢,E 下柚木,20.橋本,8,1,3,21,11,36,0
83,打越,八王子バイパス×北野街道,R4/10,南大沢,E 下柚木,20.橋本,9,0,2,42,9,53,2
83,打越,八王子バイパス×北野街道,R4/10,南大沢,E 下柚木,20.橋本,10,0,4,24,17,45,2
83,打越,八王子バイパス×北野街道,R4/10,南大沢,E 下柚木,20.橋本,11,0,3,19,15,37,0
83,打越,八王子バイパス×北野街道,R4/10,南大沢,E 下柚木,20.橋本,12,0,3,21,10,34,1
83,打越,八王子バイパス×北野街道,R4/10,南大沢,E 下柚木,20.橋本,13,0,2,25,12,39,1
83,打越,八王子バイパス×北野街道,R4/10,南大沢,E 下柚木,20.橋本,14,0,1,21,14,36,2
83,打越,八王子バイパス×北野街道,R4/10,南大沢,E 下柚木,20.橋本,15,0,3,25,12,40,1
83,打越,八王子バイパス×北野街道,R4/10,南大沢,E 下柚木,20.橋本,16,0,1,40,12,53,1
83,打越,八王子バイパス×北野街道,R4/10,南大沢,E 下柚木,20.橋本,17,0,0,29,10,39,1
83,打越,八王子バイパス×北野街道,R4/10,南大沢,E 下柚木,20.橋本,18,0,3,36,8,47,1
83,打越,八王子バイパス×北野街道,R4/10,南大沢,E 下柚木,20.橋本,12時間計,1,27,332,135,495,13
83,打越,八王子バイパス×北野街道,R4/10,南大沢,E 下柚木,21.高尾,7,4,7,148,52,211,12
83,打越,八王子バイパス×北野街道,R4/10,南大沢,E 下柚木,21.高尾,8,3,11,115,58,187,11
83,打越,八王子バイパス×北野街道,R4/10,南大沢,E 下柚木,21.高尾,9,6,5,139,53,203,9
83,打越,八王子バイパス×北野街道,R4/10,南大沢,E 下柚木,21.高尾,10,5,6,151,47,209,11
83,打越,八王子バイパス×北野街道,R4/10,南大沢,E 下柚木,21.高尾,11,5,4,128,55,192,14
83,打越,八王子バイパス×北野街道,R4/10,南大沢,E 下柚木,21.高尾,12,2,3,117,41,163,13
83,打越,八王子バイパス×北野街道,R4/10,南大沢,E 下柚木,21.高尾,13,3,12,139,58,212,11
83,打越,八王子バイパス×北野街道,R4/10,南大沢,E 下柚木,21.高尾,14,4,4,114,57,179,14
83,打越,八王子バイパス×北野街道,R4/10,南大沢,E 下柚木,21.高尾,15,5,8,144,45,202,14
83,打越,八王子バイパス×北野街道,R4/10,南大沢,E 下柚木,21.高尾,16,4,7,142,45,198,17
83,打越,八王子バイパス×北野街道,R4/10,南大沢,E 下柚木,21.高尾,17,3,2,169,44,218,15
83,打越,八王子バイパス×北野街道,R4/10,南大沢,E 下柚木,21.高尾,18,1,1,154,26,182,14
83,打越,八王子バイパス×北野街道,R4/10,南大沢,E 下柚木,21.高尾,12時間計,45,70,1660,581,2356,155
83,打越,八王子バイパス×北野街道,R4/10,南大沢,E 下柚木,22.大和田,7,1,1,264,33,299,27
83,打越,八王子バイパス×北野街道,R4/10,南大沢,E 下柚木,22.大和田,8,6,1,216,40,263,20
83,打越,八王子バイパス×北野街道,R4/10,南大沢,E 下柚木,22.大和田,9,11,4,242,47,304,11
83,打越,八王子バイパス×北野街道,R4/10,南大沢,E 下柚木,22.大和田,10,3,11,168,50,232,6
83,打越,八王子バイパス×北野街道,R4/10,南大沢,E 下柚木,22.大和田,11,1,6,158,57,222,6
83,打越,八王子バイパス×北野街道,R4/10,南大沢,E 下柚木,22.大和田,12,0,5,188,52,245,12
83,打越,八王子バイパス×北野街道,R4/10,南大沢,E 下柚木,22.大和田,13,2,1,199,70,272,12
83,打越,八王子バイパス×北野街道,R4/10,南大沢,E 下柚木,22.大和田,14,0,4,189,58,251,7
83,打越,八王子バイパス×北野街道,R4/10,南大沢,E 下柚木,22.大和田,15,1,8,225,78,312,7
83,打越,八王子バイパス×北野街道,R4/10,南大沢,E 下柚木,22.大和田,16,1,4,185,98,288,12
83,打越,八王子バイパス×北野街道,R4/10,南大沢,E 下柚木,22.大和田,17,2,2,210,77,291,20
83,打越,八王子バイパス×北野街道,R4/10,南大沢,E 下柚木,22.大和田,18,1,1,268,51,321,16
83,打越,八王子バイパス×北野街道,R4/10,南大沢,E 下柚木,22.大和田,12時間計,29,48,2512,711,3300,156
83,打越,八王子バイパス×北野街道,R4/10,南大沢,E 下柚木,流入計,7,5,10,441,90,546,40
83,打越,八王子バイパス×北野街道,R4/10,南大沢,E 下柚木,流入計,8,10,15,352,109,486,31
83,打越,八王子バイパス×北野街道,R4/10,南大沢,E 下柚木,流入計,9,17,11,423,109,560,22
83,打越,八王子バイパス×北野街道,R4/10,南大沢,E 下柚木,流入計,10,8,21,344,114,487,19
83,打越,八王子バイパス×北野街道,R4/10,南大沢,E 下柚木,流入計,11,6,13,305,127,451,20
83,打越,八王子バイパス×北野街道,R4/10,南大沢,E 下柚木,流入計,12,2,11,326,103,442,26
83,打越,八王子バイパス×北野街道,R4/10,南大沢,E 下柚木,流入計,13,5,15,363,141,524,24
83,打越,八王子バイパス×北野街道,R4/10,南大沢,E 下柚木,流入計,14,4,9,325,129,467,23
83,打越,八王子バイパス×北野街道,R4/10,南大沢,E 下柚木,流入計,15,6,19,394,135,554,22
83,打越,八王子バイパス×北野街道,R4/10,南大沢,E 下柚木,流入計,16,5,12,367,155,539,30
83,打越,八王子バイパス×北野街道,R4/10,南大沢,E 下柚木,流入計,17,5,4,408,131,548,36
83,打越,八王子バイパス×北野街道,R4/10,南大沢,E 下柚木,流入計,18,2,5,458,85,550,31
83,打越,八王子バイパス×北野街道,R4/10,南大沢,E 下柚木,流入計,12時間計,75,145,4506,1428,6154,324
