﻿地点番号,地点名,交差道路名,調査年月,管轄警察署,流入方向,流出方向,時間帯等,車道通行自転車,歩道通行自転車,自転車計
83,打越,八王子バイパス×北野街道,R4/10,南大沢,A 大和田,1下柚木,7,0,-,-
83,打越,八王子バイパス×北野街道,R4/10,南大沢,A 大和田,1下柚木,8,0,-,-
83,打越,八王子バイパス×北野街道,R4/10,南大沢,A 大和田,1下柚木,9,0,-,-
83,打越,八王子バイパス×北野街道,R4/10,南大沢,A 大和田,1下柚木,10,1,-,-
83,打越,八王子バイパス×北野街道,R4/10,南大沢,A 大和田,1下柚木,11,0,-,-
83,打越,八王子バイパス×北野街道,R4/10,南大沢,A 大和田,1下柚木,12,0,-,-
83,打越,八王子バイパス×北野街道,R4/10,南大沢,A 大和田,1下柚木,13,0,-,-
83,打越,八王子バイパス×北野街道,R4/10,南大沢,A 大和田,1下柚木,14,1,-,-
83,打越,八王子バイパス×北野街道,R4/10,南大沢,A 大和田,1下柚木,15,0,-,-
83,打越,八王子バイパス×北野街道,R4/10,南大沢,A 大和田,1下柚木,16,0,-,-
83,打越,八王子バイパス×北野街道,R4/10,南大沢,A 大和田,1下柚木,17,0,-,-
83,打越,八王子バイパス×北野街道,R4/10,南大沢,A 大和田,1下柚木,18,0,-,-
83,打越,八王子バイパス×北野街道,R4/10,南大沢,A 大和田,1下柚木,12時間計,2,-,-
83,打越,八王子バイパス×北野街道,R4/10,南大沢,A 大和田,2打越弁財天入口,7,1,-,-
83,打越,八王子バイパス×北野街道,R4/10,南大沢,A 大和田,2打越弁財天入口,8,0,-,-
83,打越,八王子バイパス×北野街道,R4/10,南大沢,A 大和田,2打越弁財天入口,9,0,-,-
83,打越,八王子バイパス×北野街道,R4/10,南大沢,A 大和田,2打越弁財天入口,10,0,-,-
83,打越,八王子バイパス×北野街道,R4/10,南大沢,A 大和田,2打越弁財天入口,11,0,-,-
83,打越,八王子バイパス×北野街道,R4/10,南大沢,A 大和田,2打越弁財天入口,12,0,-,-
83,打越,八王子バイパス×北野街道,R4/10,南大沢,A 大和田,2打越弁財天入口,13,0,-,-
83,打越,八王子バイパス×北野街道,R4/10,南大沢,A 大和田,2打越弁財天入口,14,0,-,-
83,打越,八王子バイパス×北野街道,R4/10,南大沢,A 大和田,2打越弁財天入口,15,0,-,-
83,打越,八王子バイパス×北野街道,R4/10,南大沢,A 大和田,2打越弁財天入口,16,0,-,-
83,打越,八王子バイパス×北野街道,R4/10,南大沢,A 大和田,2打越弁財天入口,17,0,-,-
83,打越,八王子バイパス×北野街道,R4/10,南大沢,A 大和田,2打越弁財天入口,18,0,-,-
83,打越,八王子バイパス×北野街道,R4/10,南大沢,A 大和田,2打越弁財天入口,12時間計,1,-,-
83,打越,八王子バイパス×北野街道,R4/10,南大沢,A 大和田,3橋本,7,0,-,-
83,打越,八王子バイパス×北野街道,R4/10,南大沢,A 大和田,3橋本,8,0,-,-
83,打越,八王子バイパス×北野街道,R4/10,南大沢,A 大和田,3橋本,9,0,-,-
83,打越,八王子バイパス×北野街道,R4/10,南大沢,A 大和田,3橋本,10,0,-,-
83,打越,八王子バイパス×北野街道,R4/10,南大沢,A 大和田,3橋本,11,0,-,-
83,打越,八王子バイパス×北野街道,R4/10,南大沢,A 大和田,3橋本,12,0,-,-
83,打越,八王子バイパス×北野街道,R4/10,南大沢,A 大和田,3橋本,13,0,-,-
83,打越,八王子バイパス×北野街道,R4/10,南大沢,A 大和田,3橋本,14,0,-,-
83,打越,八王子バイパス×北野街道,R4/10,南大沢,A 大和田,3橋本,15,0,-,-
83,打越,八王子バイパス×北野街道,R4/10,南大沢,A 大和田,3橋本,16,0,-,-
83,打越,八王子バイパス×北野街道,R4/10,南大沢,A 大和田,3橋本,17,0,-,-
83,打越,八王子バイパス×北野街道,R4/10,南大沢,A 大和田,3橋本,18,0,-,-
83,打越,八王子バイパス×北野街道,R4/10,南大沢,A 大和田,3橋本,12時間計,0,-,-
83,打越,八王子バイパス×北野街道,R4/10,南大沢,A 大和田,4高尾,7,0,-,-
83,打越,八王子バイパス×北野街道,R4/10,南大沢,A 大和田,4高尾,8,0,-,-
83,打越,八王子バイパス×北野街道,R4/10,南大沢,A 大和田,4高尾,9,0,-,-
83,打越,八王子バイパス×北野街道,R4/10,南大沢,A 大和田,4高尾,10,0,-,-
83,打越,八王子バイパス×北野街道,R4/10,南大沢,A 大和田,4高尾,11,0,-,-
83,打越,八王子バイパス×北野街道,R4/10,南大沢,A 大和田,4高尾,12,0,-,-
83,打越,八王子バイパス×北野街道,R4/10,南大沢,A 大和田,4高尾,13,0,-,-
83,打越,八王子バイパス×北野街道,R4/10,南大沢,A 大和田,4高尾,14,0,-,-
83,打越,八王子バイパス×北野街道,R4/10,南大沢,A 大和田,4高尾,15,0,-,-
83,打越,八王子バイパス×北野街道,R4/10,南大沢,A 大和田,4高尾,16,0,-,-
83,打越,八王子バイパス×北野街道,R4/10,南大沢,A 大和田,4高尾,17,0,-,-
83,打越,八王子バイパス×北野街道,R4/10,南大沢,A 大和田,4高尾,18,0,-,-
83,打越,八王子バイパス×北野街道,R4/10,南大沢,A 大和田,4高尾,12時間計,0,-,-
83,打越,八王子バイパス×北野街道,R4/10,南大沢,A 大和田,5橋本,7,0,-,-
83,打越,八王子バイパス×北野街道,R4/10,南大沢,A 大和田,5橋本,8,0,-,-
83,打越,八王子バイパス×北野街道,R4/10,南大沢,A 大和田,5橋本,9,0,-,-
83,打越,八王子バイパス×北野街道,R4/10,南大沢,A 大和田,5橋本,10,0,-,-
83,打越,八王子バイパス×北野街道,R4/10,南大沢,A 大和田,5橋本,11,0,-,-
83,打越,八王子バイパス×北野街道,R4/10,南大沢,A 大和田,5橋本,12,0,-,-
83,打越,八王子バイパス×北野街道,R4/10,南大沢,A 大和田,5橋本,13,0,-,-
83,打越,八王子バイパス×北野街道,R4/10,南大沢,A 大和田,5橋本,14,0,-,-
83,打越,八王子バイパス×北野街道,R4/10,南大沢,A 大和田,5橋本,15,0,-,-
83,打越,八王子バイパス×北野街道,R4/10,南大沢,A 大和田,5橋本,16,0,-,-
83,打越,八王子バイパス×北野街道,R4/10,南大沢,A 大和田,5橋本,17,0,-,-
83,打越,八王子バイパス×北野街道,R4/10,南大沢,A 大和田,5橋本,18,0,-,-
83,打越,八王子バイパス×北野街道,R4/10,南大沢,A 大和田,5橋本,12時間計,0,-,-
83,打越,八王子バイパス×北野街道,R4/10,南大沢,A 大和田,流入計,7,1,27,28
83,打越,八王子バイパス×北野街道,R4/10,南大沢,A 大和田,流入計,8,0,26,26
83,打越,八王子バイパス×北野街道,R4/10,南大沢,A 大和田,流入計,9,0,25,25
83,打越,八王子バイパス×北野街道,R4/10,南大沢,A 大和田,流入計,10,1,12,13
83,打越,八王子バイパス×北野街道,R4/10,南大沢,A 大和田,流入計,11,0,13,13
83,打越,八王子バイパス×北野街道,R4/10,南大沢,A 大和田,流入計,12,0,27,27
83,打越,八王子バイパス×北野街道,R4/10,南大沢,A 大和田,流入計,13,0,25,25
83,打越,八王子バイパス×北野街道,R4/10,南大沢,A 大和田,流入計,14,1,33,34
83,打越,八王子バイパス×北野街道,R4/10,南大沢,A 大和田,流入計,15,0,34,34
83,打越,八王子バイパス×北野街道,R4/10,南大沢,A 大和田,流入計,16,0,23,23
83,打越,八王子バイパス×北野街道,R4/10,南大沢,A 大和田,流入計,17,0,20,20
83,打越,八王子バイパス×北野街道,R4/10,南大沢,A 大和田,流入計,18,0,38,38
83,打越,八王子バイパス×北野街道,R4/10,南大沢,A 大和田,流入計,12時間計,3,303,306
83,打越,八王子バイパス×北野街道,R4/10,南大沢,B 高尾,6大和田,7,4,-,-
83,打越,八王子バイパス×北野街道,R4/10,南大沢,B 高尾,6大和田,8,0,-,-
83,打越,八王子バイパス×北野街道,R4/10,南大沢,B 高尾,6大和田,9,1,-,-
83,打越,八王子バイパス×北野街道,R4/10,南大沢,B 高尾,6大和田,10,0,-,-
83,打越,八王子バイパス×北野街道,R4/10,南大沢,B 高尾,6大和田,11,0,-,-
83,打越,八王子バイパス×北野街道,R4/10,南大沢,B 高尾,6大和田,12,0,-,-
83,打越,八王子バイパス×北野街道,R4/10,南大沢,B 高尾,6大和田,13,0,-,-
83,打越,八王子バイパス×北野街道,R4/10,南大沢,B 高尾,6大和田,14,0,-,-
83,打越,八王子バイパス×北野街道,R4/10,南大沢,B 高尾,6大和田,15,0,-,-
83,打越,八王子バイパス×北野街道,R4/10,南大沢,B 高尾,6大和田,16,0,-,-
83,打越,八王子バイパス×北野街道,R4/10,南大沢,B 高尾,6大和田,17,0,-,-
83,打越,八王子バイパス×北野街道,R4/10,南大沢,B 高尾,6大和田,18,0,-,-
83,打越,八王子バイパス×北野街道,R4/10,南大沢,B 高尾,6大和田,12時間計,5,-,-
83,打越,八王子バイパス×北野街道,R4/10,南大沢,B 高尾,7下柚木,7,4,-,-
83,打越,八王子バイパス×北野街道,R4/10,南大沢,B 高尾,7下柚木,8,0,-,-
83,打越,八王子バイパス×北野街道,R4/10,南大沢,B 高尾,7下柚木,9,2,-,-
83,打越,八王子バイパス×北野街道,R4/10,南大沢,B 高尾,7下柚木,10,0,-,-
83,打越,八王子バイパス×北野街道,R4/10,南大沢,B 高尾,7下柚木,11,0,-,-
83,打越,八王子バイパス×北野街道,R4/10,南大沢,B 高尾,7下柚木,12,0,-,-
83,打越,八王子バイパス×北野街道,R4/10,南大沢,B 高尾,7下柚木,13,1,-,-
83,打越,八王子バイパス×北野街道,R4/10,南大沢,B 高尾,7下柚木,14,0,-,-
83,打越,八王子バイパス×北野街道,R4/10,南大沢,B 高尾,7下柚木,15,0,-,-
83,打越,八王子バイパス×北野街道,R4/10,南大沢,B 高尾,7下柚木,16,0,-,-
83,打越,八王子バイパス×北野街道,R4/10,南大沢,B 高尾,7下柚木,17,0,-,-
83,打越,八王子バイパス×北野街道,R4/10,南大沢,B 高尾,7下柚木,18,1,-,-
83,打越,八王子バイパス×北野街道,R4/10,南大沢,B 高尾,7下柚木,12時間計,8,-,-
83,打越,八王子バイパス×北野街道,R4/10,南大沢,B 高尾,8打越弁財天入口,7,0,-,-
83,打越,八王子バイパス×北野街道,R4/10,南大沢,B 高尾,8打越弁財天入口,8,0,-,-
83,打越,八王子バイパス×北野街道,R4/10,南大沢,B 高尾,8打越弁財天入口,9,0,-,-
83,打越,八王子バイパス×北野街道,R4/10,南大沢,B 高尾,8打越弁財天入口,10,0,-,-
83,打越,八王子バイパス×北野街道,R4/10,南大沢,B 高尾,8打越弁財天入口,11,0,-,-
83,打越,八王子バイパス×北野街道,R4/10,南大沢,B 高尾,8打越弁財天入口,12,0,-,-
83,打越,八王子バイパス×北野街道,R4/10,南大沢,B 高尾,8打越弁財天入口,13,0,-,-
83,打越,八王子バイパス×北野街道,R4/10,南大沢,B 高尾,8打越弁財天入口,14,0,-,-
83,打越,八王子バイパス×北野街道,R4/10,南大沢,B 高尾,8打越弁財天入口,15,0,-,-
83,打越,八王子バイパス×北野街道,R4/10,南大沢,B 高尾,8打越弁財天入口,16,0,-,-
83,打越,八王子バイパス×北野街道,R4/10,南大沢,B 高尾,8打越弁財天入口,17,0,-,-
83,打越,八王子バイパス×北野街道,R4/10,南大沢,B 高尾,8打越弁財天入口,18,0,-,-
83,打越,八王子バイパス×北野街道,R4/10,南大沢,B 高尾,8打越弁財天入口,12時間計,0,-,-
83,打越,八王子バイパス×北野街道,R4/10,南大沢,B 高尾,9橋本,7,0,-,-
83,打越,八王子バイパス×北野街道,R4/10,南大沢,B 高尾,9橋本,8,0,-,-
83,打越,八王子バイパス×北野街道,R4/10,南大沢,B 高尾,9橋本,9,0,-,-
83,打越,八王子バイパス×北野街道,R4/10,南大沢,B 高尾,9橋本,10,0,-,-
83,打越,八王子バイパス×北野街道,R4/10,南大沢,B 高尾,9橋本,11,0,-,-
83,打越,八王子バイパス×北野街道,R4/10,南大沢,B 高尾,9橋本,12,0,-,-
83,打越,八王子バイパス×北野街道,R4/10,南大沢,B 高尾,9橋本,13,0,-,-
83,打越,八王子バイパス×北野街道,R4/10,南大沢,B 高尾,9橋本,14,0,-,-
83,打越,八王子バイパス×北野街道,R4/10,南大沢,B 高尾,9橋本,15,0,-,-
83,打越,八王子バイパス×北野街道,R4/10,南大沢,B 高尾,9橋本,16,0,-,-
83,打越,八王子バイパス×北野街道,R4/10,南大沢,B 高尾,9橋本,17,0,-,-
83,打越,八王子バイパス×北野街道,R4/10,南大沢,B 高尾,9橋本,18,0,-,-
83,打越,八王子バイパス×北野街道,R4/10,南大沢,B 高尾,9橋本,12時間計,0,-,-
83,打越,八王子バイパス×北野街道,R4/10,南大沢,B 高尾,流入計,7,8,15,23
83,打越,八王子バイパス×北野街道,R4/10,南大沢,B 高尾,流入計,8,0,27,27
83,打越,八王子バイパス×北野街道,R4/10,南大沢,B 高尾,流入計,9,3,23,26
83,打越,八王子バイパス×北野街道,R4/10,南大沢,B 高尾,流入計,10,0,15,15
83,打越,八王子バイパス×北野街道,R4/10,南大沢,B 高尾,流入計,11,0,13,13
83,打越,八王子バイパス×北野街道,R4/10,南大沢,B 高尾,流入計,12,0,27,27
83,打越,八王子バイパス×北野街道,R4/10,南大沢,B 高尾,流入計,13,1,27,28
83,打越,八王子バイパス×北野街道,R4/10,南大沢,B 高尾,流入計,14,0,13,13
83,打越,八王子バイパス×北野街道,R4/10,南大沢,B 高尾,流入計,15,0,18,18
83,打越,八王子バイパス×北野街道,R4/10,南大沢,B 高尾,流入計,16,0,13,13
83,打越,八王子バイパス×北野街道,R4/10,南大沢,B 高尾,流入計,17,0,24,24
83,打越,八王子バイパス×北野街道,R4/10,南大沢,B 高尾,流入計,18,1,19,20
83,打越,八王子バイパス×北野街道,R4/10,南大沢,B 高尾,流入計,12時間計,13,234,247
83,打越,八王子バイパス×北野街道,R4/10,南大沢,C 橋本,10高尾,7,0,-,-
83,打越,八王子バイパス×北野街道,R4/10,南大沢,C 橋本,10高尾,8,0,-,-
83,打越,八王子バイパス×北野街道,R4/10,南大沢,C 橋本,10高尾,9,0,-,-
83,打越,八王子バイパス×北野街道,R4/10,南大沢,C 橋本,10高尾,10,0,-,-
83,打越,八王子バイパス×北野街道,R4/10,南大沢,C 橋本,10高尾,11,0,-,-
83,打越,八王子バイパス×北野街道,R4/10,南大沢,C 橋本,10高尾,12,0,-,-
83,打越,八王子バイパス×北野街道,R4/10,南大沢,C 橋本,10高尾,13,0,-,-
83,打越,八王子バイパス×北野街道,R4/10,南大沢,C 橋本,10高尾,14,0,-,-
83,打越,八王子バイパス×北野街道,R4/10,南大沢,C 橋本,10高尾,15,0,-,-
83,打越,八王子バイパス×北野街道,R4/10,南大沢,C 橋本,10高尾,16,0,-,-
83,打越,八王子バイパス×北野街道,R4/10,南大沢,C 橋本,10高尾,17,0,-,-
83,打越,八王子バイパス×北野街道,R4/10,南大沢,C 橋本,10高尾,18,0,-,-
83,打越,八王子バイパス×北野街道,R4/10,南大沢,C 橋本,10高尾,12時間計,0,-,-
83,打越,八王子バイパス×北野街道,R4/10,南大沢,C 橋本,11大和田,7,8,-,-
83,打越,八王子バイパス×北野街道,R4/10,南大沢,C 橋本,11大和田,8,2,-,-
83,打越,八王子バイパス×北野街道,R4/10,南大沢,C 橋本,11大和田,9,0,-,-
83,打越,八王子バイパス×北野街道,R4/10,南大沢,C 橋本,11大和田,10,0,-,-
83,打越,八王子バイパス×北野街道,R4/10,南大沢,C 橋本,11大和田,11,1,-,-
83,打越,八王子バイパス×北野街道,R4/10,南大沢,C 橋本,11大和田,12,0,-,-
83,打越,八王子バイパス×北野街道,R4/10,南大沢,C 橋本,11大和田,13,0,-,-
83,打越,八王子バイパス×北野街道,R4/10,南大沢,C 橋本,11大和田,14,0,-,-
83,打越,八王子バイパス×北野街道,R4/10,南大沢,C 橋本,11大和田,15,0,-,-
83,打越,八王子バイパス×北野街道,R4/10,南大沢,C 橋本,11大和田,16,0,-,-
83,打越,八王子バイパス×北野街道,R4/10,南大沢,C 橋本,11大和田,17,0,-,-
83,打越,八王子バイパス×北野街道,R4/10,南大沢,C 橋本,11大和田,18,0,-,-
83,打越,八王子バイパス×北野街道,R4/10,南大沢,C 橋本,11大和田,12時間計,11,-,-
83,打越,八王子バイパス×北野街道,R4/10,南大沢,C 橋本,12下柚木,7,0,-,-
83,打越,八王子バイパス×北野街道,R4/10,南大沢,C 橋本,12下柚木,8,0,-,-
83,打越,八王子バイパス×北野街道,R4/10,南大沢,C 橋本,12下柚木,9,0,-,-
83,打越,八王子バイパス×北野街道,R4/10,南大沢,C 橋本,12下柚木,10,0,-,-
83,打越,八王子バイパス×北野街道,R4/10,南大沢,C 橋本,12下柚木,11,0,-,-
83,打越,八王子バイパス×北野街道,R4/10,南大沢,C 橋本,12下柚木,12,0,-,-
83,打越,八王子バイパス×北野街道,R4/10,南大沢,C 橋本,12下柚木,13,0,-,-
83,打越,八王子バイパス×北野街道,R4/10,南大沢,C 橋本,12下柚木,14,0,-,-
83,打越,八王子バイパス×北野街道,R4/10,南大沢,C 橋本,12下柚木,15,0,-,-
83,打越,八王子バイパス×北野街道,R4/10,南大沢,C 橋本,12下柚木,16,0,-,-
83,打越,八王子バイパス×北野街道,R4/10,南大沢,C 橋本,12下柚木,17,0,-,-
83,打越,八王子バイパス×北野街道,R4/10,南大沢,C 橋本,12下柚木,18,0,-,-
83,打越,八王子バイパス×北野街道,R4/10,南大沢,C 橋本,12下柚木,12時間計,0,-,-
83,打越,八王子バイパス×北野街道,R4/10,南大沢,C 橋本,13打越弁財天入口,7,0,-,-
83,打越,八王子バイパス×北野街道,R4/10,南大沢,C 橋本,13打越弁財天入口,8,0,-,-
83,打越,八王子バイパス×北野街道,R4/10,南大沢,C 橋本,13打越弁財天入口,9,0,-,-
83,打越,八王子バイパス×北野街道,R4/10,南大沢,C 橋本,13打越弁財天入口,10,0,-,-
83,打越,八王子バイパス×北野街道,R4/10,南大沢,C 橋本,13打越弁財天入口,11,0,-,-
83,打越,八王子バイパス×北野街道,R4/10,南大沢,C 橋本,13打越弁財天入口,12,0,-,-
83,打越,八王子バイパス×北野街道,R4/10,南大沢,C 橋本,13打越弁財天入口,13,0,-,-
83,打越,八王子バイパス×北野街道,R4/10,南大沢,C 橋本,13打越弁財天入口,14,0,-,-
83,打越,八王子バイパス×北野街道,R4/10,南大沢,C 橋本,13打越弁財天入口,15,0,-,-
83,打越,八王子バイパス×北野街道,R4/10,南大沢,C 橋本,13打越弁財天入口,16,0,-,-
83,打越,八王子バイパス×北野街道,R4/10,南大沢,C 橋本,13打越弁財天入口,17,0,-,-
83,打越,八王子バイパス×北野街道,R4/10,南大沢,C 橋本,13打越弁財天入口,18,0,-,-
83,打越,八王子バイパス×北野街道,R4/10,南大沢,C 橋本,13打越弁財天入口,12時間計,0,-,-
83,打越,八王子バイパス×北野街道,R4/10,南大沢,C 橋本,14大和田,7,0,-,-
83,打越,八王子バイパス×北野街道,R4/10,南大沢,C 橋本,14大和田,8,0,-,-
83,打越,八王子バイパス×北野街道,R4/10,南大沢,C 橋本,14大和田,9,0,-,-
83,打越,八王子バイパス×北野街道,R4/10,南大沢,C 橋本,14大和田,10,0,-,-
83,打越,八王子バイパス×北野街道,R4/10,南大沢,C 橋本,14大和田,11,0,-,-
83,打越,八王子バイパス×北野街道,R4/10,南大沢,C 橋本,14大和田,12,0,-,-
83,打越,八王子バイパス×北野街道,R4/10,南大沢,C 橋本,14大和田,13,0,-,-
83,打越,八王子バイパス×北野街道,R4/10,南大沢,C 橋本,14大和田,14,0,-,-
83,打越,八王子バイパス×北野街道,R4/10,南大沢,C 橋本,14大和田,15,0,-,-
83,打越,八王子バイパス×北野街道,R4/10,南大沢,C 橋本,14大和田,16,0,-,-
83,打越,八王子バイパス×北野街道,R4/10,南大沢,C 橋本,14大和田,17,0,-,-
83,打越,八王子バイパス×北野街道,R4/10,南大沢,C 橋本,14大和田,18,0,-,-
83,打越,八王子バイパス×北野街道,R4/10,南大沢,C 橋本,14大和田,12時間計,0,-,-
83,打越,八王子バイパス×北野街道,R4/10,南大沢,C 橋本,流入計,7,8,13,21
83,打越,八王子バイパス×北野街道,R4/10,南大沢,C 橋本,流入計,8,2,24,26
83,打越,八王子バイパス×北野街道,R4/10,南大沢,C 橋本,流入計,9,0,20,20
83,打越,八王子バイパス×北野街道,R4/10,南大沢,C 橋本,流入計,10,0,18,18
83,打越,八王子バイパス×北野街道,R4/10,南大沢,C 橋本,流入計,11,1,14,15
83,打越,八王子バイパス×北野街道,R4/10,南大沢,C 橋本,流入計,12,0,15,15
83,打越,八王子バイパス×北野街道,R4/10,南大沢,C 橋本,流入計,13,0,3,3
83,打越,八王子バイパス×北野街道,R4/10,南大沢,C 橋本,流入計,14,0,6,6
83,打越,八王子バイパス×北野街道,R4/10,南大沢,C 橋本,流入計,15,0,16,16
83,打越,八王子バイパス×北野街道,R4/10,南大沢,C 橋本,流入計,16,0,3,3
83,打越,八王子バイパス×北野街道,R4/10,南大沢,C 橋本,流入計,17,0,4,4
83,打越,八王子バイパス×北野街道,R4/10,南大沢,C 橋本,流入計,18,0,10,10
83,打越,八王子バイパス×北野街道,R4/10,南大沢,C 橋本,流入計,12時間計,11,146,157
83,打越,八王子バイパス×北野街道,R4/10,南大沢,D 打越弁財天入口,15橋本,7,0,-,-
83,打越,八王子バイパス×北野街道,R4/10,南大沢,D 打越弁財天入口,15橋本,8,0,-,-
83,打越,八王子バイパス×北野街道,R4/10,南大沢,D 打越弁財天入口,15橋本,9,0,-,-
83,打越,八王子バイパス×北野街道,R4/10,南大沢,D 打越弁財天入口,15橋本,10,0,-,-
83,打越,八王子バイパス×北野街道,R4/10,南大沢,D 打越弁財天入口,15橋本,11,0,-,-
83,打越,八王子バイパス×北野街道,R4/10,南大沢,D 打越弁財天入口,15橋本,12,0,-,-
83,打越,八王子バイパス×北野街道,R4/10,南大沢,D 打越弁財天入口,15橋本,13,0,-,-
83,打越,八王子バイパス×北野街道,R4/10,南大沢,D 打越弁財天入口,15橋本,14,0,-,-
83,打越,八王子バイパス×北野街道,R4/10,南大沢,D 打越弁財天入口,15橋本,15,0,-,-
83,打越,八王子バイパス×北野街道,R4/10,南大沢,D 打越弁財天入口,15橋本,16,0,-,-
83,打越,八王子バイパス×北野街道,R4/10,南大沢,D 打越弁財天入口,15橋本,17,0,-,-
83,打越,八王子バイパス×北野街道,R4/10,南大沢,D 打越弁財天入口,15橋本,18,0,-,-
83,打越,八王子バイパス×北野街道,R4/10,南大沢,D 打越弁財天入口,15橋本,12時間計,0,-,-
83,打越,八王子バイパス×北野街道,R4/10,南大沢,D 打越弁財天入口,16高尾,7,1,-,-
83,打越,八王子バイパス×北野街道,R4/10,南大沢,D 打越弁財天入口,16高尾,8,0,-,-
83,打越,八王子バイパス×北野街道,R4/10,南大沢,D 打越弁財天入口,16高尾,9,0,-,-
83,打越,八王子バイパス×北野街道,R4/10,南大沢,D 打越弁財天入口,16高尾,10,0,-,-
83,打越,八王子バイパス×北野街道,R4/10,南大沢,D 打越弁財天入口,16高尾,11,0,-,-
83,打越,八王子バイパス×北野街道,R4/10,南大沢,D 打越弁財天入口,16高尾,12,0,-,-
83,打越,八王子バイパス×北野街道,R4/10,南大沢,D 打越弁財天入口,16高尾,13,1,-,-
83,打越,八王子バイパス×北野街道,R4/10,南大沢,D 打越弁財天入口,16高尾,14,0,-,-
83,打越,八王子バイパス×北野街道,R4/10,南大沢,D 打越弁財天入口,16高尾,15,0,-,-
83,打越,八王子バイパス×北野街道,R4/10,南大沢,D 打越弁財天入口,16高尾,16,0,-,-
83,打越,八王子バイパス×北野街道,R4/10,南大沢,D 打越弁財天入口,16高尾,17,0,-,-
83,打越,八王子バイパス×北野街道,R4/10,南大沢,D 打越弁財天入口,16高尾,18,0,-,-
83,打越,八王子バイパス×北野街道,R4/10,南大沢,D 打越弁財天入口,16高尾,12時間計,2,-,-
83,打越,八王子バイパス×北野街道,R4/10,南大沢,D 打越弁財天入口,17大和田,7,0,-,-
83,打越,八王子バイパス×北野街道,R4/10,南大沢,D 打越弁財天入口,17大和田,8,0,-,-
83,打越,八王子バイパス×北野街道,R4/10,南大沢,D 打越弁財天入口,17大和田,9,0,-,-
83,打越,八王子バイパス×北野街道,R4/10,南大沢,D 打越弁財天入口,17大和田,10,0,-,-
83,打越,八王子バイパス×北野街道,R4/10,南大沢,D 打越弁財天入口,17大和田,11,0,-,-
83,打越,八王子バイパス×北野街道,R4/10,南大沢,D 打越弁財天入口,17大和田,12,0,-,-
83,打越,八王子バイパス×北野街道,R4/10,南大沢,D 打越弁財天入口,17大和田,13,0,-,-
83,打越,八王子バイパス×北野街道,R4/10,南大沢,D 打越弁財天入口,17大和田,14,0,-,-
83,打越,八王子バイパス×北野街道,R4/10,南大沢,D 打越弁財天入口,17大和田,15,0,-,-
83,打越,八王子バイパス×北野街道,R4/10,南大沢,D 打越弁財天入口,17大和田,16,0,-,-
83,打越,八王子バイパス×北野街道,R4/10,南大沢,D 打越弁財天入口,17大和田,17,0,-,-
83,打越,八王子バイパス×北野街道,R4/10,南大沢,D 打越弁財天入口,17大和田,18,0,-,-
83,打越,八王子バイパス×北野街道,R4/10,南大沢,D 打越弁財天入口,17大和田,12時間計,0,-,-
83,打越,八王子バイパス×北野街道,R4/10,南大沢,D 打越弁財天入口,18下柚木,7,0,-,-
83,打越,八王子バイパス×北野街道,R4/10,南大沢,D 打越弁財天入口,18下柚木,8,0,-,-
83,打越,八王子バイパス×北野街道,R4/10,南大沢,D 打越弁財天入口,18下柚木,9,0,-,-
83,打越,八王子バイパス×北野街道,R4/10,南大沢,D 打越弁財天入口,18下柚木,10,0,-,-
83,打越,八王子バイパス×北野街道,R4/10,南大沢,D 打越弁財天入口,18下柚木,11,0,-,-
83,打越,八王子バイパス×北野街道,R4/10,南大沢,D 打越弁財天入口,18下柚木,12,1,-,-
83,打越,八王子バイパス×北野街道,R4/10,南大沢,D 打越弁財天入口,18下柚木,13,0,-,-
83,打越,八王子バイパス×北野街道,R4/10,南大沢,D 打越弁財天入口,18下柚木,14,0,-,-
83,打越,八王子バイパス×北野街道,R4/10,南大沢,D 打越弁財天入口,18下柚木,15,0,-,-
83,打越,八王子バイパス×北野街道,R4/10,南大沢,D 打越弁財天入口,18下柚木,16,0,-,-
83,打越,八王子バイパス×北野街道,R4/10,南大沢,D 打越弁財天入口,18下柚木,17,0,-,-
83,打越,八王子バイパス×北野街道,R4/10,南大沢,D 打越弁財天入口,18下柚木,18,0,-,-
83,打越,八王子バイパス×北野街道,R4/10,南大沢,D 打越弁財天入口,18下柚木,12時間計,1,-,-
83,打越,八王子バイパス×北野街道,R4/10,南大沢,D 打越弁財天入口,流入計,7,1,8,9
83,打越,八王子バイパス×北野街道,R4/10,南大沢,D 打越弁財天入口,流入計,8,0,10,10
83,打越,八王子バイパス×北野街道,R4/10,南大沢,D 打越弁財天入口,流入計,9,0,17,17
83,打越,八王子バイパス×北野街道,R4/10,南大沢,D 打越弁財天入口,流入計,10,0,5,5
83,打越,八王子バイパス×北野街道,R4/10,南大沢,D 打越弁財天入口,流入計,11,0,4,4
83,打越,八王子バイパス×北野街道,R4/10,南大沢,D 打越弁財天入口,流入計,12,1,6,7
83,打越,八王子バイパス×北野街道,R4/10,南大沢,D 打越弁財天入口,流入計,13,1,5,6
83,打越,八王子バイパス×北野街道,R4/10,南大沢,D 打越弁財天入口,流入計,14,0,2,2
83,打越,八王子バイパス×北野街道,R4/10,南大沢,D 打越弁財天入口,流入計,15,0,11,11
83,打越,八王子バイパス×北野街道,R4/10,南大沢,D 打越弁財天入口,流入計,16,0,5,5
83,打越,八王子バイパス×北野街道,R4/10,南大沢,D 打越弁財天入口,流入計,17,0,10,10
83,打越,八王子バイパス×北野街道,R4/10,南大沢,D 打越弁財天入口,流入計,18,0,5,5
83,打越,八王子バイパス×北野街道,R4/10,南大沢,D 打越弁財天入口,流入計,12時間計,3,88,91
83,打越,八王子バイパス×北野街道,R4/10,南大沢,E 下柚木,19打越弁財天入口,7,0,-,-
83,打越,八王子バイパス×北野街道,R4/10,南大沢,E 下柚木,19打越弁財天入口,8,0,-,-
83,打越,八王子バイパス×北野街道,R4/10,南大沢,E 下柚木,19打越弁財天入口,9,0,-,-
83,打越,八王子バイパス×北野街道,R4/10,南大沢,E 下柚木,19打越弁財天入口,10,0,-,-
83,打越,八王子バイパス×北野街道,R4/10,南大沢,E 下柚木,19打越弁財天入口,11,0,-,-
83,打越,八王子バイパス×北野街道,R4/10,南大沢,E 下柚木,19打越弁財天入口,12,0,-,-
83,打越,八王子バイパス×北野街道,R4/10,南大沢,E 下柚木,19打越弁財天入口,13,0,-,-
83,打越,八王子バイパス×北野街道,R4/10,南大沢,E 下柚木,19打越弁財天入口,14,0,-,-
83,打越,八王子バイパス×北野街道,R4/10,南大沢,E 下柚木,19打越弁財天入口,15,0,-,-
83,打越,八王子バイパス×北野街道,R4/10,南大沢,E 下柚木,19打越弁財天入口,16,0,-,-
83,打越,八王子バイパス×北野街道,R4/10,南大沢,E 下柚木,19打越弁財天入口,17,0,-,-
83,打越,八王子バイパス×北野街道,R4/10,南大沢,E 下柚木,19打越弁財天入口,18,0,-,-
83,打越,八王子バイパス×北野街道,R4/10,南大沢,E 下柚木,19打越弁財天入口,12時間計,0,-,-
83,打越,八王子バイパス×北野街道,R4/10,南大沢,E 下柚木,20橋本,7,0,-,-
83,打越,八王子バイパス×北野街道,R4/10,南大沢,E 下柚木,20橋本,8,0,-,-
83,打越,八王子バイパス×北野街道,R4/10,南大沢,E 下柚木,20橋本,9,0,-,-
83,打越,八王子バイパス×北野街道,R4/10,南大沢,E 下柚木,20橋本,10,0,-,-
83,打越,八王子バイパス×北野街道,R4/10,南大沢,E 下柚木,20橋本,11,0,-,-
83,打越,八王子バイパス×北野街道,R4/10,南大沢,E 下柚木,20橋本,12,0,-,-
83,打越,八王子バイパス×北野街道,R4/10,南大沢,E 下柚木,20橋本,13,0,-,-
83,打越,八王子バイパス×北野街道,R4/10,南大沢,E 下柚木,20橋本,14,0,-,-
83,打越,八王子バイパス×北野街道,R4/10,南大沢,E 下柚木,20橋本,15,0,-,-
83,打越,八王子バイパス×北野街道,R4/10,南大沢,E 下柚木,20橋本,16,0,-,-
83,打越,八王子バイパス×北野街道,R4/10,南大沢,E 下柚木,20橋本,17,0,-,-
83,打越,八王子バイパス×北野街道,R4/10,南大沢,E 下柚木,20橋本,18,0,-,-
83,打越,八王子バイパス×北野街道,R4/10,南大沢,E 下柚木,20橋本,12時間計,0,-,-
83,打越,八王子バイパス×北野街道,R4/10,南大沢,E 下柚木,21高尾,7,1,-,-
83,打越,八王子バイパス×北野街道,R4/10,南大沢,E 下柚木,21高尾,8,2,-,-
83,打越,八王子バイパス×北野街道,R4/10,南大沢,E 下柚木,21高尾,9,1,-,-
83,打越,八王子バイパス×北野街道,R4/10,南大沢,E 下柚木,21高尾,10,0,-,-
83,打越,八王子バイパス×北野街道,R4/10,南大沢,E 下柚木,21高尾,11,1,-,-
83,打越,八王子バイパス×北野街道,R4/10,南大沢,E 下柚木,21高尾,12,0,-,-
83,打越,八王子バイパス×北野街道,R4/10,南大沢,E 下柚木,21高尾,13,0,-,-
83,打越,八王子バイパス×北野街道,R4/10,南大沢,E 下柚木,21高尾,14,1,-,-
83,打越,八王子バイパス×北野街道,R4/10,南大沢,E 下柚木,21高尾,15,0,-,-
83,打越,八王子バイパス×北野街道,R4/10,南大沢,E 下柚木,21高尾,16,0,-,-
83,打越,八王子バイパス×北野街道,R4/10,南大沢,E 下柚木,21高尾,17,1,-,-
83,打越,八王子バイパス×北野街道,R4/10,南大沢,E 下柚木,21高尾,18,0,-,-
83,打越,八王子バイパス×北野街道,R4/10,南大沢,E 下柚木,21高尾,12時間計,7,-,-
83,打越,八王子バイパス×北野街道,R4/10,南大沢,E 下柚木,22大和田,7,3,-,-
83,打越,八王子バイパス×北野街道,R4/10,南大沢,E 下柚木,22大和田,8,6,-,-
83,打越,八王子バイパス×北野街道,R4/10,南大沢,E 下柚木,22大和田,9,5,-,-
83,打越,八王子バイパス×北野街道,R4/10,南大沢,E 下柚木,22大和田,10,2,-,-
83,打越,八王子バイパス×北野街道,R4/10,南大沢,E 下柚木,22大和田,11,0,-,-
83,打越,八王子バイパス×北野街道,R4/10,南大沢,E 下柚木,22大和田,12,0,-,-
83,打越,八王子バイパス×北野街道,R4/10,南大沢,E 下柚木,22大和田,13,1,-,-
83,打越,八王子バイパス×北野街道,R4/10,南大沢,E 下柚木,22大和田,14,2,-,-
83,打越,八王子バイパス×北野街道,R4/10,南大沢,E 下柚木,22大和田,15,0,-,-
83,打越,八王子バイパス×北野街道,R4/10,南大沢,E 下柚木,22大和田,16,1,-,-
83,打越,八王子バイパス×北野街道,R4/10,南大沢,E 下柚木,22大和田,17,0,-,-
83,打越,八王子バイパス×北野街道,R4/10,南大沢,E 下柚木,22大和田,18,1,-,-
83,打越,八王子バイパス×北野街道,R4/10,南大沢,E 下柚木,22大和田,12時間計,21,-,-
83,打越,八王子バイパス×北野街道,R4/10,南大沢,E 下柚木,流入計,7,4,32,36
83,打越,八王子バイパス×北野街道,R4/10,南大沢,E 下柚木,流入計,8,8,39,47
83,打越,八王子バイパス×北野街道,R4/10,南大沢,E 下柚木,流入計,9,6,30,36
83,打越,八王子バイパス×北野街道,R4/10,南大沢,E 下柚木,流入計,10,2,9,11
83,打越,八王子バイパス×北野街道,R4/10,南大沢,E 下柚木,流入計,11,1,12,13
83,打越,八王子バイパス×北野街道,R4/10,南大沢,E 下柚木,流入計,12,0,12,12
83,打越,八王子バイパス×北野街道,R4/10,南大沢,E 下柚木,流入計,13,1,12,13
83,打越,八王子バイパス×北野街道,R4/10,南大沢,E 下柚木,流入計,14,3,11,14
83,打越,八王子バイパス×北野街道,R4/10,南大沢,E 下柚木,流入計,15,0,20,20
83,打越,八王子バイパス×北野街道,R4/10,南大沢,E 下柚木,流入計,16,1,27,28
83,打越,八王子バイパス×北野街道,R4/10,南大沢,E 下柚木,流入計,17,1,27,28
83,打越,八王子バイパス×北野街道,R4/10,南大沢,E 下柚木,流入計,18,1,22,23
83,打越,八王子バイパス×北野街道,R4/10,南大沢,E 下柚木,流入計,12時間計,28,253,281
83,打越,八王子バイパス×北野街道,R4/10,南大沢,全方向計,全方向計,7,22,95,117
83,打越,八王子バイパス×北野街道,R4/10,南大沢,全方向計,全方向計,8,10,126,136
83,打越,八王子バイパス×北野街道,R4/10,南大沢,全方向計,全方向計,9,9,115,124
83,打越,八王子バイパス×北野街道,R4/10,南大沢,全方向計,全方向計,10,3,59,62
83,打越,八王子バイパス×北野街道,R4/10,南大沢,全方向計,全方向計,11,2,56,58
83,打越,八王子バイパス×北野街道,R4/10,南大沢,全方向計,全方向計,12,1,87,88
83,打越,八王子バイパス×北野街道,R4/10,南大沢,全方向計,全方向計,13,3,72,75
83,打越,八王子バイパス×北野街道,R4/10,南大沢,全方向計,全方向計,14,4,65,69
83,打越,八王子バイパス×北野街道,R4/10,南大沢,全方向計,全方向計,15,0,99,99
83,打越,八王子バイパス×北野街道,R4/10,南大沢,全方向計,全方向計,16,1,71,72
83,打越,八王子バイパス×北野街道,R4/10,南大沢,全方向計,全方向計,17,1,85,86
83,打越,八王子バイパス×北野街道,R4/10,南大沢,全方向計,全方向計,18,2,94,96
83,打越,八王子バイパス×北野街道,R4/10,南大沢,全方向計,全方向計,12時間計,58,1024,1082
