﻿地点番号,地点名,交差道路名,調査年月,管轄警察署,流出方向,時間帯等,大型乗用,大型貨物,普通乗用,普通貨物,四輪計,二輪車
83,打越,八王子バイパス×北野街道,R4/10,南大沢,A 大和田,7,3,109,1175,392,1679,83
83,打越,八王子バイパス×北野街道,R4/10,南大沢,A 大和田,8,9,153,867,340,1369,64
83,打越,八王子バイパス×北野街道,R4/10,南大沢,A 大和田,9,14,133,709,411,1267,42
83,打越,八王子バイパス×北野街道,R4/10,南大沢,A 大和田,10,4,147,520,310,981,38
83,打越,八王子バイパス×北野街道,R4/10,南大沢,A 大和田,11,3,107,522,363,995,29
83,打越,八王子バイパス×北野街道,R4/10,南大沢,A 大和田,12,1,151,710,380,1242,43
83,打越,八王子バイパス×北野街道,R4/10,南大沢,A 大和田,13,3,161,797,503,1464,49
83,打越,八王子バイパス×北野街道,R4/10,南大沢,A 大和田,14,2,162,587,495,1246,41
83,打越,八王子バイパス×北野街道,R4/10,南大沢,A 大和田,15,4,212,891,374,1481,34
83,打越,八王子バイパス×北野街道,R4/10,南大沢,A 大和田,16,2,156,1041,374,1573,49
83,打越,八王子バイパス×北野街道,R4/10,南大沢,A 大和田,17,4,201,1117,415,1737,74
83,打越,八王子バイパス×北野街道,R4/10,南大沢,A 大和田,18,5,141,1221,202,1569,55
83,打越,八王子バイパス×北野街道,R4/10,南大沢,A 大和田,12時間計,54,1833,10157,4559,16603,601
83,打越,八王子バイパス×北野街道,R4/10,南大沢,B 高尾,7,18,10,294,109,431,21
83,打越,八王子バイパス×北野街道,R4/10,南大沢,B 高尾,8,22,14,369,129,534,29
83,打越,八王子バイパス×北野街道,R4/10,南大沢,B 高尾,9,25,10,307,130,472,15
83,打越,八王子バイパス×北野街道,R4/10,南大沢,B 高尾,10,15,15,291,100,421,20
83,打越,八王子バイパス×北野街道,R4/10,南大沢,B 高尾,11,13,15,282,97,407,22
83,打越,八王子バイパス×北野街道,R4/10,南大沢,B 高尾,12,11,9,272,89,381,18
83,打越,八王子バイパス×北野街道,R4/10,南大沢,B 高尾,13,12,17,291,109,429,25
83,打越,八王子バイパス×北野街道,R4/10,南大沢,B 高尾,14,14,8,270,115,407,23
83,打越,八王子バイパス×北野街道,R4/10,南大沢,B 高尾,15,16,19,319,101,455,21
83,打越,八王子バイパス×北野街道,R4/10,南大沢,B 高尾,16,16,14,340,103,473,25
83,打越,八王子バイパス×北野街道,R4/10,南大沢,B 高尾,17,13,7,407,104,531,37
83,打越,八王子バイパス×北野街道,R4/10,南大沢,B 高尾,18,14,3,367,66,450,33
83,打越,八王子バイパス×北野街道,R4/10,南大沢,B 高尾,12時間計,189,141,3809,1252,5391,289
83,打越,八王子バイパス×北野街道,R4/10,南大沢,C 橋本,7,2,109,585,285,981,48
83,打越,八王子バイパス×北野街道,R4/10,南大沢,C 橋本,8,4,219,727,286,1236,45
83,打越,八王子バイパス×北野街道,R4/10,南大沢,C 橋本,9,2,127,595,302,1026,26
83,打越,八王子バイパス×北野街道,R4/10,南大沢,C 橋本,10,2,140,595,265,1002,33
83,打越,八王子バイパス×北野街道,R4/10,南大沢,C 橋本,11,5,111,575,255,946,23
83,打越,八王子バイパス×北野街道,R4/10,南大沢,C 橋本,12,1,115,579,269,964,23
83,打越,八王子バイパス×北野街道,R4/10,南大沢,C 橋本,13,0,129,619,289,1037,20
83,打越,八王子バイパス×北野街道,R4/10,南大沢,C 橋本,14,1,220,468,336,1025,25
83,打越,八王子バイパス×北野街道,R4/10,南大沢,C 橋本,15,5,117,670,316,1108,18
83,打越,八王子バイパス×北野街道,R4/10,南大沢,C 橋本,16,5,90,866,299,1260,19
83,打越,八王子バイパス×北野街道,R4/10,南大沢,C 橋本,17,7,56,820,323,1206,31
83,打越,八王子バイパス×北野街道,R4/10,南大沢,C 橋本,18,3,63,695,274,1035,41
83,打越,八王子バイパス×北野街道,R4/10,南大沢,C 橋本,12時間計,37,1496,7794,3499,12826,352
83,打越,八王子バイパス×北野街道,R4/10,南大沢,D 打越弁財天入口,7,6,3,100,12,121,3
83,打越,八王子バイパス×北野街道,R4/10,南大沢,D 打越弁財天入口,8,12,0,54,10,76,3
83,打越,八王子バイパス×北野街道,R4/10,南大沢,D 打越弁財天入口,9,5,0,51,9,65,3
83,打越,八王子バイパス×北野街道,R4/10,南大沢,D 打越弁財天入口,10,9,0,50,9,68,8
83,打越,八王子バイパス×北野街道,R4/10,南大沢,D 打越弁財天入口,11,7,1,65,14,87,6
83,打越,八王子バイパス×北野街道,R4/10,南大沢,D 打越弁財天入口,12,6,0,63,15,84,7
83,打越,八王子バイパス×北野街道,R4/10,南大沢,D 打越弁財天入口,13,10,0,67,10,87,2
83,打越,八王子バイパス×北野街道,R4/10,南大沢,D 打越弁財天入口,14,10,0,76,14,100,11
83,打越,八王子バイパス×北野街道,R4/10,南大沢,D 打越弁財天入口,15,9,1,84,15,109,5
83,打越,八王子バイパス×北野街道,R4/10,南大沢,D 打越弁財天入口,16,10,0,82,8,100,8
83,打越,八王子バイパス×北野街道,R4/10,南大沢,D 打越弁財天入口,17,13,0,103,12,128,12
83,打越,八王子バイパス×北野街道,R4/10,南大沢,D 打越弁財天入口,18,13,0,94,10,117,11
83,打越,八王子バイパス×北野街道,R4/10,南大沢,D 打越弁財天入口,12時間計,110,5,889,138,1142,79
83,打越,八王子バイパス×北野街道,R4/10,南大沢,E 下柚木,7,8,19,355,115,497,36
83,打越,八王子バイパス×北野街道,R4/10,南大沢,E 下柚木,8,1,12,385,173,571,35
83,打越,八王子バイパス×北野街道,R4/10,南大沢,E 下柚木,9,5,18,351,158,532,16
83,打越,八王子バイパス×北野街道,R4/10,南大沢,E 下柚木,10,5,5,402,153,565,19
83,打越,八王子バイパス×北野街道,R4/10,南大沢,E 下柚木,11,11,4,458,141,614,17
83,打越,八王子バイパス×北野街道,R4/10,南大沢,E 下柚木,12,5,21,335,114,475,27
83,打越,八王子バイパス×北野街道,R4/10,南大沢,E 下柚木,13,4,15,300,123,442,15
83,打越,八王子バイパス×北野街道,R4/10,南大沢,E 下柚木,14,5,5,371,154,535,30
83,打越,八王子バイパス×北野街道,R4/10,南大沢,E 下柚木,15,4,10,381,127,522,18
83,打越,八王子バイパス×北野街道,R4/10,南大沢,E 下柚木,16,4,9,556,143,712,24
83,打越,八王子バイパス×北野街道,R4/10,南大沢,E 下柚木,17,9,8,745,139,901,32
83,打越,八王子バイパス×北野街道,R4/10,南大沢,E 下柚木,18,4,7,565,68,644,28
83,打越,八王子バイパス×北野街道,R4/10,南大沢,E 下柚木,12時間計,65,133,5204,1608,7010,297
83,打越,八王子バイパス×北野街道,R4/10,南大沢,全方向合計,7,37,250,2509,913,3709,191
83,打越,八王子バイパス×北野街道,R4/10,南大沢,全方向合計,8,48,398,2402,938,3786,176
83,打越,八王子バイパス×北野街道,R4/10,南大沢,全方向合計,9,51,288,2013,1010,3362,102
83,打越,八王子バイパス×北野街道,R4/10,南大沢,全方向合計,10,35,307,1858,837,3037,118
83,打越,八王子バイパス×北野街道,R4/10,南大沢,全方向合計,11,39,238,1902,870,3049,97
83,打越,八王子バイパス×北野街道,R4/10,南大沢,全方向合計,12,24,296,1959,867,3146,118
83,打越,八王子バイパス×北野街道,R4/10,南大沢,全方向合計,13,29,322,2074,1034,3459,111
83,打越,八王子バイパス×北野街道,R4/10,南大沢,全方向合計,14,32,395,1772,1114,3313,130
83,打越,八王子バイパス×北野街道,R4/10,南大沢,全方向合計,15,38,359,2345,933,3675,96
83,打越,八王子バイパス×北野街道,R4/10,南大沢,全方向合計,16,37,269,2885,927,4118,125
83,打越,八王子バイパス×北野街道,R4/10,南大沢,全方向合計,17,46,272,3192,993,4503,186
83,打越,八王子バイパス×北野街道,R4/10,南大沢,全方向合計,18,39,214,2942,620,3815,168
83,打越,八王子バイパス×北野街道,R4/10,南大沢,全方向合計,12時間計,455,3608,27853,11056,42972,1618
