﻿地点番号,地点名,交差道路名,調査年月,管轄警察署,流出方向,時間帯等,大型乗用,大型貨物,普通乗用,普通貨物,四輪計,二輪車
71,柳橋,武蔵境通り×五日市街道,R4/10,武蔵野,A 田無,7,17,4,211,114,346,12
71,柳橋,武蔵境通り×五日市街道,R4/10,武蔵野,A 田無,8,22,3,259,90,374,19
71,柳橋,武蔵境通り×五日市街道,R4/10,武蔵野,A 田無,9,19,5,226,145,395,15
71,柳橋,武蔵境通り×五日市街道,R4/10,武蔵野,A 田無,10,17,3,231,149,400,13
71,柳橋,武蔵境通り×五日市街道,R4/10,武蔵野,A 田無,11,15,1,273,151,440,24
71,柳橋,武蔵境通り×五日市街道,R4/10,武蔵野,A 田無,12,9,2,240,115,366,26
71,柳橋,武蔵境通り×五日市街道,R4/10,武蔵野,A 田無,13,17,7,300,120,444,25
71,柳橋,武蔵境通り×五日市街道,R4/10,武蔵野,A 田無,14,16,1,276,132,425,30
71,柳橋,武蔵境通り×五日市街道,R4/10,武蔵野,A 田無,15,12,2,293,114,421,18
71,柳橋,武蔵境通り×五日市街道,R4/10,武蔵野,A 田無,16,13,2,308,153,476,35
71,柳橋,武蔵境通り×五日市街道,R4/10,武蔵野,A 田無,17,18,0,354,175,547,54
71,柳橋,武蔵境通り×五日市街道,R4/10,武蔵野,A 田無,18,13,1,393,121,528,38
71,柳橋,武蔵境通り×五日市街道,R4/10,武蔵野,A 田無,12時間計,188,31,3364,1579,5162,309
71,柳橋,武蔵境通り×五日市街道,R4/10,武蔵野,B 拝島,7,14,9,273,191,487,36
71,柳橋,武蔵境通り×五日市街道,R4/10,武蔵野,B 拝島,8,13,6,324,183,526,27
71,柳橋,武蔵境通り×五日市街道,R4/10,武蔵野,B 拝島,9,14,4,259,148,425,20
71,柳橋,武蔵境通り×五日市街道,R4/10,武蔵野,B 拝島,10,7,4,296,136,443,18
71,柳橋,武蔵境通り×五日市街道,R4/10,武蔵野,B 拝島,11,8,5,231,155,399,18
71,柳橋,武蔵境通り×五日市街道,R4/10,武蔵野,B 拝島,12,10,2,256,140,408,18
71,柳橋,武蔵境通り×五日市街道,R4/10,武蔵野,B 拝島,13,11,2,221,149,383,19
71,柳橋,武蔵境通り×五日市街道,R4/10,武蔵野,B 拝島,14,13,2,240,162,417,34
71,柳橋,武蔵境通り×五日市街道,R4/10,武蔵野,B 拝島,15,10,2,233,139,384,14
71,柳橋,武蔵境通り×五日市街道,R4/10,武蔵野,B 拝島,16,13,2,340,141,496,12
71,柳橋,武蔵境通り×五日市街道,R4/10,武蔵野,B 拝島,17,11,1,263,154,429,31
71,柳橋,武蔵境通り×五日市街道,R4/10,武蔵野,B 拝島,18,7,0,300,135,442,35
71,柳橋,武蔵境通り×五日市街道,R4/10,武蔵野,B 拝島,12時間計,131,39,3236,1833,5239,282
71,柳橋,武蔵境通り×五日市街道,R4/10,武蔵野,C 武蔵境駅,7,28,1,266,149,444,50
71,柳橋,武蔵境通り×五日市街道,R4/10,武蔵野,C 武蔵境駅,8,28,2,240,127,397,30
71,柳橋,武蔵境通り×五日市街道,R4/10,武蔵野,C 武蔵境駅,9,27,2,257,107,393,27
71,柳橋,武蔵境通り×五日市街道,R4/10,武蔵野,C 武蔵境駅,10,19,2,202,92,315,13
71,柳橋,武蔵境通り×五日市街道,R4/10,武蔵野,C 武蔵境駅,11,20,0,228,100,348,17
71,柳橋,武蔵境通り×五日市街道,R4/10,武蔵野,C 武蔵境駅,12,20,2,216,88,326,31
71,柳橋,武蔵境通り×五日市街道,R4/10,武蔵野,C 武蔵境駅,13,30,1,217,86,334,24
71,柳橋,武蔵境通り×五日市街道,R4/10,武蔵野,C 武蔵境駅,14,29,0,188,75,292,18
71,柳橋,武蔵境通り×五日市街道,R4/10,武蔵野,C 武蔵境駅,15,19,1,240,67,327,15
71,柳橋,武蔵境通り×五日市街道,R4/10,武蔵野,C 武蔵境駅,16,20,2,265,84,371,18
71,柳橋,武蔵境通り×五日市街道,R4/10,武蔵野,C 武蔵境駅,17,21,2,233,75,331,20
71,柳橋,武蔵境通り×五日市街道,R4/10,武蔵野,C 武蔵境駅,18,22,0,268,57,347,30
71,柳橋,武蔵境通り×五日市街道,R4/10,武蔵野,C 武蔵境駅,12時間計,283,15,2820,1107,4225,293
71,柳橋,武蔵境通り×五日市街道,R4/10,武蔵野,D 青梅街道,7,16,14,307,163,500,20
71,柳橋,武蔵境通り×五日市街道,R4/10,武蔵野,D 青梅街道,8,27,11,317,208,563,28
71,柳橋,武蔵境通り×五日市街道,R4/10,武蔵野,D 青梅街道,9,27,8,260,196,491,14
71,柳橋,武蔵境通り×五日市街道,R4/10,武蔵野,D 青梅街道,10,17,4,272,209,502,21
71,柳橋,武蔵境通り×五日市街道,R4/10,武蔵野,D 青梅街道,11,18,4,267,198,487,23
71,柳橋,武蔵境通り×五日市街道,R4/10,武蔵野,D 青梅街道,12,15,1,279,130,425,25
71,柳橋,武蔵境通り×五日市街道,R4/10,武蔵野,D 青梅街道,13,16,4,232,154,406,20
71,柳橋,武蔵境通り×五日市街道,R4/10,武蔵野,D 青梅街道,14,19,3,284,179,485,22
71,柳橋,武蔵境通り×五日市街道,R4/10,武蔵野,D 青梅街道,15,23,7,332,171,533,23
71,柳橋,武蔵境通り×五日市街道,R4/10,武蔵野,D 青梅街道,16,23,2,336,210,571,26
71,柳橋,武蔵境通り×五日市街道,R4/10,武蔵野,D 青梅街道,17,16,1,338,153,508,32
71,柳橋,武蔵境通り×五日市街道,R4/10,武蔵野,D 青梅街道,18,13,1,326,111,451,37
71,柳橋,武蔵境通り×五日市街道,R4/10,武蔵野,D 青梅街道,12時間計,230,60,3550,2082,5922,291
71,柳橋,武蔵境通り×五日市街道,R4/10,武蔵野,全方向合計,7,75,28,1057,617,1777,118
71,柳橋,武蔵境通り×五日市街道,R4/10,武蔵野,全方向合計,8,90,22,1140,608,1860,104
71,柳橋,武蔵境通り×五日市街道,R4/10,武蔵野,全方向合計,9,87,19,1002,596,1704,76
71,柳橋,武蔵境通り×五日市街道,R4/10,武蔵野,全方向合計,10,60,13,1001,586,1660,65
71,柳橋,武蔵境通り×五日市街道,R4/10,武蔵野,全方向合計,11,61,10,999,604,1674,82
71,柳橋,武蔵境通り×五日市街道,R4/10,武蔵野,全方向合計,12,54,7,991,473,1525,100
71,柳橋,武蔵境通り×五日市街道,R4/10,武蔵野,全方向合計,13,74,14,970,509,1567,88
71,柳橋,武蔵境通り×五日市街道,R4/10,武蔵野,全方向合計,14,77,6,988,548,1619,104
71,柳橋,武蔵境通り×五日市街道,R4/10,武蔵野,全方向合計,15,64,12,1098,491,1665,70
71,柳橋,武蔵境通り×五日市街道,R4/10,武蔵野,全方向合計,16,69,8,1249,588,1914,91
71,柳橋,武蔵境通り×五日市街道,R4/10,武蔵野,全方向合計,17,66,4,1188,557,1815,137
71,柳橋,武蔵境通り×五日市街道,R4/10,武蔵野,全方向合計,18,55,2,1287,424,1768,140
71,柳橋,武蔵境通り×五日市街道,R4/10,武蔵野,全方向合計,12時間計,832,145,12970,6601,20548,1175
