﻿地点番号,地点名,交差道路名,調査年月,管轄警察署,流入方向,流出方向,時間帯等,車道通行自転車,歩道通行自転車,自転車計
71,柳橋,武蔵境通り×五日市街道,R4/10,武蔵野,A 田無,1青梅街道,7,0,-,-
71,柳橋,武蔵境通り×五日市街道,R4/10,武蔵野,A 田無,1青梅街道,8,0,-,-
71,柳橋,武蔵境通り×五日市街道,R4/10,武蔵野,A 田無,1青梅街道,9,0,-,-
71,柳橋,武蔵境通り×五日市街道,R4/10,武蔵野,A 田無,1青梅街道,10,0,-,-
71,柳橋,武蔵境通り×五日市街道,R4/10,武蔵野,A 田無,1青梅街道,11,0,-,-
71,柳橋,武蔵境通り×五日市街道,R4/10,武蔵野,A 田無,1青梅街道,12,0,-,-
71,柳橋,武蔵境通り×五日市街道,R4/10,武蔵野,A 田無,1青梅街道,13,0,-,-
71,柳橋,武蔵境通り×五日市街道,R4/10,武蔵野,A 田無,1青梅街道,14,0,-,-
71,柳橋,武蔵境通り×五日市街道,R4/10,武蔵野,A 田無,1青梅街道,15,1,-,-
71,柳橋,武蔵境通り×五日市街道,R4/10,武蔵野,A 田無,1青梅街道,16,0,-,-
71,柳橋,武蔵境通り×五日市街道,R4/10,武蔵野,A 田無,1青梅街道,17,0,-,-
71,柳橋,武蔵境通り×五日市街道,R4/10,武蔵野,A 田無,1青梅街道,18,0,-,-
71,柳橋,武蔵境通り×五日市街道,R4/10,武蔵野,A 田無,1青梅街道,12時間計,1,-,-
71,柳橋,武蔵境通り×五日市街道,R4/10,武蔵野,A 田無,2武蔵境駅,7,36,-,-
71,柳橋,武蔵境通り×五日市街道,R4/10,武蔵野,A 田無,2武蔵境駅,8,48,-,-
71,柳橋,武蔵境通り×五日市街道,R4/10,武蔵野,A 田無,2武蔵境駅,9,14,-,-
71,柳橋,武蔵境通り×五日市街道,R4/10,武蔵野,A 田無,2武蔵境駅,10,14,-,-
71,柳橋,武蔵境通り×五日市街道,R4/10,武蔵野,A 田無,2武蔵境駅,11,8,-,-
71,柳橋,武蔵境通り×五日市街道,R4/10,武蔵野,A 田無,2武蔵境駅,12,9,-,-
71,柳橋,武蔵境通り×五日市街道,R4/10,武蔵野,A 田無,2武蔵境駅,13,6,-,-
71,柳橋,武蔵境通り×五日市街道,R4/10,武蔵野,A 田無,2武蔵境駅,14,5,-,-
71,柳橋,武蔵境通り×五日市街道,R4/10,武蔵野,A 田無,2武蔵境駅,15,3,-,-
71,柳橋,武蔵境通り×五日市街道,R4/10,武蔵野,A 田無,2武蔵境駅,16,5,-,-
71,柳橋,武蔵境通り×五日市街道,R4/10,武蔵野,A 田無,2武蔵境駅,17,10,-,-
71,柳橋,武蔵境通り×五日市街道,R4/10,武蔵野,A 田無,2武蔵境駅,18,5,-,-
71,柳橋,武蔵境通り×五日市街道,R4/10,武蔵野,A 田無,2武蔵境駅,12時間計,163,-,-
71,柳橋,武蔵境通り×五日市街道,R4/10,武蔵野,A 田無,3拝島,7,1,-,-
71,柳橋,武蔵境通り×五日市街道,R4/10,武蔵野,A 田無,3拝島,8,0,-,-
71,柳橋,武蔵境通り×五日市街道,R4/10,武蔵野,A 田無,3拝島,9,0,-,-
71,柳橋,武蔵境通り×五日市街道,R4/10,武蔵野,A 田無,3拝島,10,0,-,-
71,柳橋,武蔵境通り×五日市街道,R4/10,武蔵野,A 田無,3拝島,11,0,-,-
71,柳橋,武蔵境通り×五日市街道,R4/10,武蔵野,A 田無,3拝島,12,0,-,-
71,柳橋,武蔵境通り×五日市街道,R4/10,武蔵野,A 田無,3拝島,13,0,-,-
71,柳橋,武蔵境通り×五日市街道,R4/10,武蔵野,A 田無,3拝島,14,0,-,-
71,柳橋,武蔵境通り×五日市街道,R4/10,武蔵野,A 田無,3拝島,15,0,-,-
71,柳橋,武蔵境通り×五日市街道,R4/10,武蔵野,A 田無,3拝島,16,0,-,-
71,柳橋,武蔵境通り×五日市街道,R4/10,武蔵野,A 田無,3拝島,17,0,-,-
71,柳橋,武蔵境通り×五日市街道,R4/10,武蔵野,A 田無,3拝島,18,0,-,-
71,柳橋,武蔵境通り×五日市街道,R4/10,武蔵野,A 田無,3拝島,12時間計,1,-,-
71,柳橋,武蔵境通り×五日市街道,R4/10,武蔵野,A 田無,流入計,7,37,196,233
71,柳橋,武蔵境通り×五日市街道,R4/10,武蔵野,A 田無,流入計,8,48,214,262
71,柳橋,武蔵境通り×五日市街道,R4/10,武蔵野,A 田無,流入計,9,14,128,142
71,柳橋,武蔵境通り×五日市街道,R4/10,武蔵野,A 田無,流入計,10,14,84,98
71,柳橋,武蔵境通り×五日市街道,R4/10,武蔵野,A 田無,流入計,11,8,100,108
71,柳橋,武蔵境通り×五日市街道,R4/10,武蔵野,A 田無,流入計,12,9,50,59
71,柳橋,武蔵境通り×五日市街道,R4/10,武蔵野,A 田無,流入計,13,6,37,43
71,柳橋,武蔵境通り×五日市街道,R4/10,武蔵野,A 田無,流入計,14,5,43,48
71,柳橋,武蔵境通り×五日市街道,R4/10,武蔵野,A 田無,流入計,15,4,59,63
71,柳橋,武蔵境通り×五日市街道,R4/10,武蔵野,A 田無,流入計,16,5,75,80
71,柳橋,武蔵境通り×五日市街道,R4/10,武蔵野,A 田無,流入計,17,10,93,103
71,柳橋,武蔵境通り×五日市街道,R4/10,武蔵野,A 田無,流入計,18,5,61,66
71,柳橋,武蔵境通り×五日市街道,R4/10,武蔵野,A 田無,流入計,12時間計,165,1140,1305
71,柳橋,武蔵境通り×五日市街道,R4/10,武蔵野,B 拝島,4田無,7,3,-,-
71,柳橋,武蔵境通り×五日市街道,R4/10,武蔵野,B 拝島,4田無,8,1,-,-
71,柳橋,武蔵境通り×五日市街道,R4/10,武蔵野,B 拝島,4田無,9,0,-,-
71,柳橋,武蔵境通り×五日市街道,R4/10,武蔵野,B 拝島,4田無,10,2,-,-
71,柳橋,武蔵境通り×五日市街道,R4/10,武蔵野,B 拝島,4田無,11,0,-,-
71,柳橋,武蔵境通り×五日市街道,R4/10,武蔵野,B 拝島,4田無,12,1,-,-
71,柳橋,武蔵境通り×五日市街道,R4/10,武蔵野,B 拝島,4田無,13,2,-,-
71,柳橋,武蔵境通り×五日市街道,R4/10,武蔵野,B 拝島,4田無,14,0,-,-
71,柳橋,武蔵境通り×五日市街道,R4/10,武蔵野,B 拝島,4田無,15,0,-,-
71,柳橋,武蔵境通り×五日市街道,R4/10,武蔵野,B 拝島,4田無,16,3,-,-
71,柳橋,武蔵境通り×五日市街道,R4/10,武蔵野,B 拝島,4田無,17,2,-,-
71,柳橋,武蔵境通り×五日市街道,R4/10,武蔵野,B 拝島,4田無,18,2,-,-
71,柳橋,武蔵境通り×五日市街道,R4/10,武蔵野,B 拝島,4田無,12時間計,16,-,-
71,柳橋,武蔵境通り×五日市街道,R4/10,武蔵野,B 拝島,5青梅街道,7,14,-,-
71,柳橋,武蔵境通り×五日市街道,R4/10,武蔵野,B 拝島,5青梅街道,8,42,-,-
71,柳橋,武蔵境通り×五日市街道,R4/10,武蔵野,B 拝島,5青梅街道,9,11,-,-
71,柳橋,武蔵境通り×五日市街道,R4/10,武蔵野,B 拝島,5青梅街道,10,12,-,-
71,柳橋,武蔵境通り×五日市街道,R4/10,武蔵野,B 拝島,5青梅街道,11,7,-,-
71,柳橋,武蔵境通り×五日市街道,R4/10,武蔵野,B 拝島,5青梅街道,12,7,-,-
71,柳橋,武蔵境通り×五日市街道,R4/10,武蔵野,B 拝島,5青梅街道,13,6,-,-
71,柳橋,武蔵境通り×五日市街道,R4/10,武蔵野,B 拝島,5青梅街道,14,7,-,-
71,柳橋,武蔵境通り×五日市街道,R4/10,武蔵野,B 拝島,5青梅街道,15,13,-,-
71,柳橋,武蔵境通り×五日市街道,R4/10,武蔵野,B 拝島,5青梅街道,16,11,-,-
71,柳橋,武蔵境通り×五日市街道,R4/10,武蔵野,B 拝島,5青梅街道,17,27,-,-
71,柳橋,武蔵境通り×五日市街道,R4/10,武蔵野,B 拝島,5青梅街道,18,23,-,-
71,柳橋,武蔵境通り×五日市街道,R4/10,武蔵野,B 拝島,5青梅街道,12時間計,180,-,-
71,柳橋,武蔵境通り×五日市街道,R4/10,武蔵野,B 拝島,6武蔵境駅,7,0,-,-
71,柳橋,武蔵境通り×五日市街道,R4/10,武蔵野,B 拝島,6武蔵境駅,8,0,-,-
71,柳橋,武蔵境通り×五日市街道,R4/10,武蔵野,B 拝島,6武蔵境駅,9,0,-,-
71,柳橋,武蔵境通り×五日市街道,R4/10,武蔵野,B 拝島,6武蔵境駅,10,0,-,-
71,柳橋,武蔵境通り×五日市街道,R4/10,武蔵野,B 拝島,6武蔵境駅,11,0,-,-
71,柳橋,武蔵境通り×五日市街道,R4/10,武蔵野,B 拝島,6武蔵境駅,12,0,-,-
71,柳橋,武蔵境通り×五日市街道,R4/10,武蔵野,B 拝島,6武蔵境駅,13,0,-,-
71,柳橋,武蔵境通り×五日市街道,R4/10,武蔵野,B 拝島,6武蔵境駅,14,0,-,-
71,柳橋,武蔵境通り×五日市街道,R4/10,武蔵野,B 拝島,6武蔵境駅,15,0,-,-
71,柳橋,武蔵境通り×五日市街道,R4/10,武蔵野,B 拝島,6武蔵境駅,16,1,-,-
71,柳橋,武蔵境通り×五日市街道,R4/10,武蔵野,B 拝島,6武蔵境駅,17,0,-,-
71,柳橋,武蔵境通り×五日市街道,R4/10,武蔵野,B 拝島,6武蔵境駅,18,0,-,-
71,柳橋,武蔵境通り×五日市街道,R4/10,武蔵野,B 拝島,6武蔵境駅,12時間計,1,-,-
71,柳橋,武蔵境通り×五日市街道,R4/10,武蔵野,B 拝島,流入計,7,17,123,140
71,柳橋,武蔵境通り×五日市街道,R4/10,武蔵野,B 拝島,流入計,8,43,179,222
71,柳橋,武蔵境通り×五日市街道,R4/10,武蔵野,B 拝島,流入計,9,11,61,72
71,柳橋,武蔵境通り×五日市街道,R4/10,武蔵野,B 拝島,流入計,10,14,67,81
71,柳橋,武蔵境通り×五日市街道,R4/10,武蔵野,B 拝島,流入計,11,7,79,86
71,柳橋,武蔵境通り×五日市街道,R4/10,武蔵野,B 拝島,流入計,12,8,80,88
71,柳橋,武蔵境通り×五日市街道,R4/10,武蔵野,B 拝島,流入計,13,8,71,79
71,柳橋,武蔵境通り×五日市街道,R4/10,武蔵野,B 拝島,流入計,14,7,55,62
71,柳橋,武蔵境通り×五日市街道,R4/10,武蔵野,B 拝島,流入計,15,13,93,106
71,柳橋,武蔵境通り×五日市街道,R4/10,武蔵野,B 拝島,流入計,16,15,80,95
71,柳橋,武蔵境通り×五日市街道,R4/10,武蔵野,B 拝島,流入計,17,29,125,154
71,柳橋,武蔵境通り×五日市街道,R4/10,武蔵野,B 拝島,流入計,18,25,89,114
71,柳橋,武蔵境通り×五日市街道,R4/10,武蔵野,B 拝島,流入計,12時間計,197,1102,1299
71,柳橋,武蔵境通り×五日市街道,R4/10,武蔵野,C 武蔵境駅,7拝島,7,0,-,-
71,柳橋,武蔵境通り×五日市街道,R4/10,武蔵野,C 武蔵境駅,7拝島,8,1,-,-
71,柳橋,武蔵境通り×五日市街道,R4/10,武蔵野,C 武蔵境駅,7拝島,9,0,-,-
71,柳橋,武蔵境通り×五日市街道,R4/10,武蔵野,C 武蔵境駅,7拝島,10,0,-,-
71,柳橋,武蔵境通り×五日市街道,R4/10,武蔵野,C 武蔵境駅,7拝島,11,0,-,-
71,柳橋,武蔵境通り×五日市街道,R4/10,武蔵野,C 武蔵境駅,7拝島,12,0,-,-
71,柳橋,武蔵境通り×五日市街道,R4/10,武蔵野,C 武蔵境駅,7拝島,13,0,-,-
71,柳橋,武蔵境通り×五日市街道,R4/10,武蔵野,C 武蔵境駅,7拝島,14,1,-,-
71,柳橋,武蔵境通り×五日市街道,R4/10,武蔵野,C 武蔵境駅,7拝島,15,0,-,-
71,柳橋,武蔵境通り×五日市街道,R4/10,武蔵野,C 武蔵境駅,7拝島,16,0,-,-
71,柳橋,武蔵境通り×五日市街道,R4/10,武蔵野,C 武蔵境駅,7拝島,17,0,-,-
71,柳橋,武蔵境通り×五日市街道,R4/10,武蔵野,C 武蔵境駅,7拝島,18,0,-,-
71,柳橋,武蔵境通り×五日市街道,R4/10,武蔵野,C 武蔵境駅,7拝島,12時間計,2,-,-
71,柳橋,武蔵境通り×五日市街道,R4/10,武蔵野,C 武蔵境駅,8田無,7,11,-,-
71,柳橋,武蔵境通り×五日市街道,R4/10,武蔵野,C 武蔵境駅,8田無,8,10,-,-
71,柳橋,武蔵境通り×五日市街道,R4/10,武蔵野,C 武蔵境駅,8田無,9,2,-,-
71,柳橋,武蔵境通り×五日市街道,R4/10,武蔵野,C 武蔵境駅,8田無,10,6,-,-
71,柳橋,武蔵境通り×五日市街道,R4/10,武蔵野,C 武蔵境駅,8田無,11,3,-,-
71,柳橋,武蔵境通り×五日市街道,R4/10,武蔵野,C 武蔵境駅,8田無,12,0,-,-
71,柳橋,武蔵境通り×五日市街道,R4/10,武蔵野,C 武蔵境駅,8田無,13,9,-,-
71,柳橋,武蔵境通り×五日市街道,R4/10,武蔵野,C 武蔵境駅,8田無,14,2,-,-
71,柳橋,武蔵境通り×五日市街道,R4/10,武蔵野,C 武蔵境駅,8田無,15,3,-,-
71,柳橋,武蔵境通り×五日市街道,R4/10,武蔵野,C 武蔵境駅,8田無,16,4,-,-
71,柳橋,武蔵境通り×五日市街道,R4/10,武蔵野,C 武蔵境駅,8田無,17,16,-,-
71,柳橋,武蔵境通り×五日市街道,R4/10,武蔵野,C 武蔵境駅,8田無,18,15,-,-
71,柳橋,武蔵境通り×五日市街道,R4/10,武蔵野,C 武蔵境駅,8田無,12時間計,81,-,-
71,柳橋,武蔵境通り×五日市街道,R4/10,武蔵野,C 武蔵境駅,9青梅街道,7,0,-,-
71,柳橋,武蔵境通り×五日市街道,R4/10,武蔵野,C 武蔵境駅,9青梅街道,8,0,-,-
71,柳橋,武蔵境通り×五日市街道,R4/10,武蔵野,C 武蔵境駅,9青梅街道,9,0,-,-
71,柳橋,武蔵境通り×五日市街道,R4/10,武蔵野,C 武蔵境駅,9青梅街道,10,1,-,-
71,柳橋,武蔵境通り×五日市街道,R4/10,武蔵野,C 武蔵境駅,9青梅街道,11,0,-,-
71,柳橋,武蔵境通り×五日市街道,R4/10,武蔵野,C 武蔵境駅,9青梅街道,12,0,-,-
71,柳橋,武蔵境通り×五日市街道,R4/10,武蔵野,C 武蔵境駅,9青梅街道,13,0,-,-
71,柳橋,武蔵境通り×五日市街道,R4/10,武蔵野,C 武蔵境駅,9青梅街道,14,0,-,-
71,柳橋,武蔵境通り×五日市街道,R4/10,武蔵野,C 武蔵境駅,9青梅街道,15,0,-,-
71,柳橋,武蔵境通り×五日市街道,R4/10,武蔵野,C 武蔵境駅,9青梅街道,16,0,-,-
71,柳橋,武蔵境通り×五日市街道,R4/10,武蔵野,C 武蔵境駅,9青梅街道,17,0,-,-
71,柳橋,武蔵境通り×五日市街道,R4/10,武蔵野,C 武蔵境駅,9青梅街道,18,1,-,-
71,柳橋,武蔵境通り×五日市街道,R4/10,武蔵野,C 武蔵境駅,9青梅街道,12時間計,2,-,-
71,柳橋,武蔵境通り×五日市街道,R4/10,武蔵野,C 武蔵境駅,流入計,7,11,79,90
71,柳橋,武蔵境通り×五日市街道,R4/10,武蔵野,C 武蔵境駅,流入計,8,11,126,137
71,柳橋,武蔵境通り×五日市街道,R4/10,武蔵野,C 武蔵境駅,流入計,9,2,47,49
71,柳橋,武蔵境通り×五日市街道,R4/10,武蔵野,C 武蔵境駅,流入計,10,7,41,48
71,柳橋,武蔵境通り×五日市街道,R4/10,武蔵野,C 武蔵境駅,流入計,11,3,62,65
71,柳橋,武蔵境通り×五日市街道,R4/10,武蔵野,C 武蔵境駅,流入計,12,0,117,117
71,柳橋,武蔵境通り×五日市街道,R4/10,武蔵野,C 武蔵境駅,流入計,13,9,79,88
71,柳橋,武蔵境通り×五日市街道,R4/10,武蔵野,C 武蔵境駅,流入計,14,3,64,67
71,柳橋,武蔵境通り×五日市街道,R4/10,武蔵野,C 武蔵境駅,流入計,15,3,111,114
71,柳橋,武蔵境通り×五日市街道,R4/10,武蔵野,C 武蔵境駅,流入計,16,4,129,133
71,柳橋,武蔵境通り×五日市街道,R4/10,武蔵野,C 武蔵境駅,流入計,17,16,240,256
71,柳橋,武蔵境通り×五日市街道,R4/10,武蔵野,C 武蔵境駅,流入計,18,16,210,226
71,柳橋,武蔵境通り×五日市街道,R4/10,武蔵野,C 武蔵境駅,流入計,12時間計,85,1305,1390
71,柳橋,武蔵境通り×五日市街道,R4/10,武蔵野,D 青梅街道,10武蔵境駅,7,0,-,-
71,柳橋,武蔵境通り×五日市街道,R4/10,武蔵野,D 青梅街道,10武蔵境駅,8,2,-,-
71,柳橋,武蔵境通り×五日市街道,R4/10,武蔵野,D 青梅街道,10武蔵境駅,9,1,-,-
71,柳橋,武蔵境通り×五日市街道,R4/10,武蔵野,D 青梅街道,10武蔵境駅,10,2,-,-
71,柳橋,武蔵境通り×五日市街道,R4/10,武蔵野,D 青梅街道,10武蔵境駅,11,3,-,-
71,柳橋,武蔵境通り×五日市街道,R4/10,武蔵野,D 青梅街道,10武蔵境駅,12,2,-,-
71,柳橋,武蔵境通り×五日市街道,R4/10,武蔵野,D 青梅街道,10武蔵境駅,13,1,-,-
71,柳橋,武蔵境通り×五日市街道,R4/10,武蔵野,D 青梅街道,10武蔵境駅,14,1,-,-
71,柳橋,武蔵境通り×五日市街道,R4/10,武蔵野,D 青梅街道,10武蔵境駅,15,1,-,-
71,柳橋,武蔵境通り×五日市街道,R4/10,武蔵野,D 青梅街道,10武蔵境駅,16,0,-,-
71,柳橋,武蔵境通り×五日市街道,R4/10,武蔵野,D 青梅街道,10武蔵境駅,17,0,-,-
71,柳橋,武蔵境通り×五日市街道,R4/10,武蔵野,D 青梅街道,10武蔵境駅,18,0,-,-
71,柳橋,武蔵境通り×五日市街道,R4/10,武蔵野,D 青梅街道,10武蔵境駅,12時間計,13,-,-
71,柳橋,武蔵境通り×五日市街道,R4/10,武蔵野,D 青梅街道,11拝島,7,25,-,-
71,柳橋,武蔵境通り×五日市街道,R4/10,武蔵野,D 青梅街道,11拝島,8,24,-,-
71,柳橋,武蔵境通り×五日市街道,R4/10,武蔵野,D 青梅街道,11拝島,9,5,-,-
71,柳橋,武蔵境通り×五日市街道,R4/10,武蔵野,D 青梅街道,11拝島,10,14,-,-
71,柳橋,武蔵境通り×五日市街道,R4/10,武蔵野,D 青梅街道,11拝島,11,14,-,-
71,柳橋,武蔵境通り×五日市街道,R4/10,武蔵野,D 青梅街道,11拝島,12,10,-,-
71,柳橋,武蔵境通り×五日市街道,R4/10,武蔵野,D 青梅街道,11拝島,13,10,-,-
71,柳橋,武蔵境通り×五日市街道,R4/10,武蔵野,D 青梅街道,11拝島,14,7,-,-
71,柳橋,武蔵境通り×五日市街道,R4/10,武蔵野,D 青梅街道,11拝島,15,8,-,-
71,柳橋,武蔵境通り×五日市街道,R4/10,武蔵野,D 青梅街道,11拝島,16,11,-,-
71,柳橋,武蔵境通り×五日市街道,R4/10,武蔵野,D 青梅街道,11拝島,17,22,-,-
71,柳橋,武蔵境通り×五日市街道,R4/10,武蔵野,D 青梅街道,11拝島,18,22,-,-
71,柳橋,武蔵境通り×五日市街道,R4/10,武蔵野,D 青梅街道,11拝島,12時間計,172,-,-
71,柳橋,武蔵境通り×五日市街道,R4/10,武蔵野,D 青梅街道,12田無,7,0,-,-
71,柳橋,武蔵境通り×五日市街道,R4/10,武蔵野,D 青梅街道,12田無,8,0,-,-
71,柳橋,武蔵境通り×五日市街道,R4/10,武蔵野,D 青梅街道,12田無,9,0,-,-
71,柳橋,武蔵境通り×五日市街道,R4/10,武蔵野,D 青梅街道,12田無,10,0,-,-
71,柳橋,武蔵境通り×五日市街道,R4/10,武蔵野,D 青梅街道,12田無,11,1,-,-
71,柳橋,武蔵境通り×五日市街道,R4/10,武蔵野,D 青梅街道,12田無,12,0,-,-
71,柳橋,武蔵境通り×五日市街道,R4/10,武蔵野,D 青梅街道,12田無,13,0,-,-
71,柳橋,武蔵境通り×五日市街道,R4/10,武蔵野,D 青梅街道,12田無,14,0,-,-
71,柳橋,武蔵境通り×五日市街道,R4/10,武蔵野,D 青梅街道,12田無,15,0,-,-
71,柳橋,武蔵境通り×五日市街道,R4/10,武蔵野,D 青梅街道,12田無,16,0,-,-
71,柳橋,武蔵境通り×五日市街道,R4/10,武蔵野,D 青梅街道,12田無,17,0,-,-
71,柳橋,武蔵境通り×五日市街道,R4/10,武蔵野,D 青梅街道,12田無,18,0,-,-
71,柳橋,武蔵境通り×五日市街道,R4/10,武蔵野,D 青梅街道,12田無,12時間計,1,-,-
71,柳橋,武蔵境通り×五日市街道,R4/10,武蔵野,D 青梅街道,流入計,7,25,307,332
71,柳橋,武蔵境通り×五日市街道,R4/10,武蔵野,D 青梅街道,流入計,8,26,232,258
71,柳橋,武蔵境通り×五日市街道,R4/10,武蔵野,D 青梅街道,流入計,9,6,168,174
71,柳橋,武蔵境通り×五日市街道,R4/10,武蔵野,D 青梅街道,流入計,10,16,94,110
71,柳橋,武蔵境通り×五日市街道,R4/10,武蔵野,D 青梅街道,流入計,11,18,143,161
71,柳橋,武蔵境通り×五日市街道,R4/10,武蔵野,D 青梅街道,流入計,12,12,83,95
71,柳橋,武蔵境通り×五日市街道,R4/10,武蔵野,D 青梅街道,流入計,13,11,62,73
71,柳橋,武蔵境通り×五日市街道,R4/10,武蔵野,D 青梅街道,流入計,14,8,66,74
71,柳橋,武蔵境通り×五日市街道,R4/10,武蔵野,D 青梅街道,流入計,15,9,126,135
71,柳橋,武蔵境通り×五日市街道,R4/10,武蔵野,D 青梅街道,流入計,16,11,140,151
71,柳橋,武蔵境通り×五日市街道,R4/10,武蔵野,D 青梅街道,流入計,17,22,129,151
71,柳橋,武蔵境通り×五日市街道,R4/10,武蔵野,D 青梅街道,流入計,18,22,94,116
71,柳橋,武蔵境通り×五日市街道,R4/10,武蔵野,D 青梅街道,流入計,12時間計,186,1644,1830
71,柳橋,武蔵境通り×五日市街道,R4/10,武蔵野,全方向計,全方向計,7,90,705,795
71,柳橋,武蔵境通り×五日市街道,R4/10,武蔵野,全方向計,全方向計,8,128,751,879
71,柳橋,武蔵境通り×五日市街道,R4/10,武蔵野,全方向計,全方向計,9,33,404,437
71,柳橋,武蔵境通り×五日市街道,R4/10,武蔵野,全方向計,全方向計,10,51,286,337
71,柳橋,武蔵境通り×五日市街道,R4/10,武蔵野,全方向計,全方向計,11,36,384,420
71,柳橋,武蔵境通り×五日市街道,R4/10,武蔵野,全方向計,全方向計,12,29,330,359
71,柳橋,武蔵境通り×五日市街道,R4/10,武蔵野,全方向計,全方向計,13,34,249,283
71,柳橋,武蔵境通り×五日市街道,R4/10,武蔵野,全方向計,全方向計,14,23,228,251
71,柳橋,武蔵境通り×五日市街道,R4/10,武蔵野,全方向計,全方向計,15,29,389,418
71,柳橋,武蔵境通り×五日市街道,R4/10,武蔵野,全方向計,全方向計,16,35,424,459
71,柳橋,武蔵境通り×五日市街道,R4/10,武蔵野,全方向計,全方向計,17,77,587,664
71,柳橋,武蔵境通り×五日市街道,R4/10,武蔵野,全方向計,全方向計,18,68,454,522
71,柳橋,武蔵境通り×五日市街道,R4/10,武蔵野,全方向計,全方向計,12時間計,633,5191,5824
