﻿地点番号,地点名,交差道路名,調査年月,管轄警察署,流入方向,流出方向,時間帯等,大型乗用,大型貨物,普通乗用,普通貨物,四輪計,二輪車
71,柳橋,武蔵境通り×五日市街道,R4/10,武蔵野,A 田無,1.青梅街道,7,0,0,25,14,39,3
71,柳橋,武蔵境通り×五日市街道,R4/10,武蔵野,A 田無,1.青梅街道,8,1,2,35,23,61,2
71,柳橋,武蔵境通り×五日市街道,R4/10,武蔵野,A 田無,1.青梅街道,9,0,0,30,23,53,3
71,柳橋,武蔵境通り×五日市街道,R4/10,武蔵野,A 田無,1.青梅街道,10,0,0,37,22,59,3
71,柳橋,武蔵境通り×五日市街道,R4/10,武蔵野,A 田無,1.青梅街道,11,1,2,29,26,58,0
71,柳橋,武蔵境通り×五日市街道,R4/10,武蔵野,A 田無,1.青梅街道,12,0,0,23,15,38,3
71,柳橋,武蔵境通り×五日市街道,R4/10,武蔵野,A 田無,1.青梅街道,13,0,1,25,18,44,5
71,柳橋,武蔵境通り×五日市街道,R4/10,武蔵野,A 田無,1.青梅街道,14,2,0,28,16,46,5
71,柳橋,武蔵境通り×五日市街道,R4/10,武蔵野,A 田無,1.青梅街道,15,2,1,41,23,67,2
71,柳橋,武蔵境通り×五日市街道,R4/10,武蔵野,A 田無,1.青梅街道,16,0,0,45,30,75,0
71,柳橋,武蔵境通り×五日市街道,R4/10,武蔵野,A 田無,1.青梅街道,17,0,0,47,11,58,4
71,柳橋,武蔵境通り×五日市街道,R4/10,武蔵野,A 田無,1.青梅街道,18,0,0,26,15,41,3
71,柳橋,武蔵境通り×五日市街道,R4/10,武蔵野,A 田無,1.青梅街道,12時間計,6,6,391,236,639,33
71,柳橋,武蔵境通り×五日市街道,R4/10,武蔵野,A 田無,2.武蔵境駅,7,17,0,208,124,349,42
71,柳橋,武蔵境通り×五日市街道,R4/10,武蔵野,A 田無,2.武蔵境駅,8,16,2,176,90,284,28
71,柳橋,武蔵境通り×五日市街道,R4/10,武蔵野,A 田無,2.武蔵境駅,9,18,1,203,83,305,24
71,柳橋,武蔵境通り×五日市街道,R4/10,武蔵野,A 田無,2.武蔵境駅,10,12,0,150,69,231,12
71,柳橋,武蔵境通り×五日市街道,R4/10,武蔵野,A 田無,2.武蔵境駅,11,15,0,179,71,265,14
71,柳橋,武蔵境通り×五日市街道,R4/10,武蔵野,A 田無,2.武蔵境駅,12,13,2,158,55,228,22
71,柳橋,武蔵境通り×五日市街道,R4/10,武蔵野,A 田無,2.武蔵境駅,13,24,0,161,65,250,18
71,柳橋,武蔵境通り×五日市街道,R4/10,武蔵野,A 田無,2.武蔵境駅,14,23,0,145,61,229,15
71,柳橋,武蔵境通り×五日市街道,R4/10,武蔵野,A 田無,2.武蔵境駅,15,12,1,190,55,258,11
71,柳橋,武蔵境通り×五日市街道,R4/10,武蔵野,A 田無,2.武蔵境駅,16,13,2,203,64,282,15
71,柳橋,武蔵境通り×五日市街道,R4/10,武蔵野,A 田無,2.武蔵境駅,17,16,2,172,59,249,18
71,柳橋,武蔵境通り×五日市街道,R4/10,武蔵野,A 田無,2.武蔵境駅,18,15,0,207,41,263,26
71,柳橋,武蔵境通り×五日市街道,R4/10,武蔵野,A 田無,2.武蔵境駅,12時間計,194,10,2152,837,3193,245
71,柳橋,武蔵境通り×五日市街道,R4/10,武蔵野,A 田無,3.拝島,7,3,1,41,13,58,6
71,柳橋,武蔵境通り×五日市街道,R4/10,武蔵野,A 田無,3.拝島,8,0,0,39,15,54,3
71,柳橋,武蔵境通り×五日市街道,R4/10,武蔵野,A 田無,3.拝島,9,1,0,38,24,63,2
71,柳橋,武蔵境通り×五日市街道,R4/10,武蔵野,A 田無,3.拝島,10,0,0,35,16,51,4
71,柳橋,武蔵境通り×五日市街道,R4/10,武蔵野,A 田無,3.拝島,11,0,0,36,15,51,1
71,柳橋,武蔵境通り×五日市街道,R4/10,武蔵野,A 田無,3.拝島,12,0,0,27,19,46,1
71,柳橋,武蔵境通り×五日市街道,R4/10,武蔵野,A 田無,3.拝島,13,0,0,31,12,43,3
71,柳橋,武蔵境通り×五日市街道,R4/10,武蔵野,A 田無,3.拝島,14,0,0,22,18,40,7
71,柳橋,武蔵境通り×五日市街道,R4/10,武蔵野,A 田無,3.拝島,15,1,0,26,9,36,2
71,柳橋,武蔵境通り×五日市街道,R4/10,武蔵野,A 田無,3.拝島,16,2,0,28,12,42,7
71,柳橋,武蔵境通り×五日市街道,R4/10,武蔵野,A 田無,3.拝島,17,2,0,27,11,40,5
71,柳橋,武蔵境通り×五日市街道,R4/10,武蔵野,A 田無,3.拝島,18,0,0,37,10,47,3
71,柳橋,武蔵境通り×五日市街道,R4/10,武蔵野,A 田無,3.拝島,12時間計,9,1,387,174,571,44
71,柳橋,武蔵境通り×五日市街道,R4/10,武蔵野,A 田無,流入計,7,20,1,274,151,446,51
71,柳橋,武蔵境通り×五日市街道,R4/10,武蔵野,A 田無,流入計,8,17,4,250,128,399,33
71,柳橋,武蔵境通り×五日市街道,R4/10,武蔵野,A 田無,流入計,9,19,1,271,130,421,29
71,柳橋,武蔵境通り×五日市街道,R4/10,武蔵野,A 田無,流入計,10,12,0,222,107,341,19
71,柳橋,武蔵境通り×五日市街道,R4/10,武蔵野,A 田無,流入計,11,16,2,244,112,374,15
71,柳橋,武蔵境通り×五日市街道,R4/10,武蔵野,A 田無,流入計,12,13,2,208,89,312,26
71,柳橋,武蔵境通り×五日市街道,R4/10,武蔵野,A 田無,流入計,13,24,1,217,95,337,26
71,柳橋,武蔵境通り×五日市街道,R4/10,武蔵野,A 田無,流入計,14,25,0,195,95,315,27
71,柳橋,武蔵境通り×五日市街道,R4/10,武蔵野,A 田無,流入計,15,15,2,257,87,361,15
71,柳橋,武蔵境通り×五日市街道,R4/10,武蔵野,A 田無,流入計,16,15,2,276,106,399,22
71,柳橋,武蔵境通り×五日市街道,R4/10,武蔵野,A 田無,流入計,17,18,2,246,81,347,27
71,柳橋,武蔵境通り×五日市街道,R4/10,武蔵野,A 田無,流入計,18,15,0,270,66,351,32
71,柳橋,武蔵境通り×五日市街道,R4/10,武蔵野,A 田無,流入計,12時間計,209,17,2930,1247,4403,322
71,柳橋,武蔵境通り×五日市街道,R4/10,武蔵野,B 拝島,4.田無,7,1,0,14,12,27,2
71,柳橋,武蔵境通り×五日市街道,R4/10,武蔵野,B 拝島,4.田無,8,2,1,24,18,45,1
71,柳橋,武蔵境通り×五日市街道,R4/10,武蔵野,B 拝島,4.田無,9,1,2,21,25,49,2
71,柳橋,武蔵境通り×五日市街道,R4/10,武蔵野,B 拝島,4.田無,10,3,1,35,26,65,2
71,柳橋,武蔵境通り×五日市街道,R4/10,武蔵野,B 拝島,4.田無,11,2,0,44,28,74,4
71,柳橋,武蔵境通り×五日市街道,R4/10,武蔵野,B 拝島,4.田無,12,0,0,41,22,63,7
71,柳橋,武蔵境通り×五日市街道,R4/10,武蔵野,B 拝島,4.田無,13,0,1,35,16,52,4
71,柳橋,武蔵境通り×五日市街道,R4/10,武蔵野,B 拝島,4.田無,14,1,0,44,17,62,6
71,柳橋,武蔵境通り×五日市街道,R4/10,武蔵野,B 拝島,4.田無,15,0,0,48,17,65,5
71,柳橋,武蔵境通り×五日市街道,R4/10,武蔵野,B 拝島,4.田無,16,2,2,46,18,68,7
71,柳橋,武蔵境通り×五日市街道,R4/10,武蔵野,B 拝島,4.田無,17,2,0,45,21,68,8
71,柳橋,武蔵境通り×五日市街道,R4/10,武蔵野,B 拝島,4.田無,18,0,0,39,20,59,2
71,柳橋,武蔵境通り×五日市街道,R4/10,武蔵野,B 拝島,4.田無,12時間計,14,7,436,240,697,50
71,柳橋,武蔵境通り×五日市街道,R4/10,武蔵野,B 拝島,5.青梅街道,7,10,13,207,130,360,14
71,柳橋,武蔵境通り×五日市街道,R4/10,武蔵野,B 拝島,5.青梅街道,8,11,6,213,137,367,16
71,柳橋,武蔵境通り×五日市街道,R4/10,武蔵野,B 拝島,5.青梅街道,9,16,6,186,140,348,8
71,柳橋,武蔵境通り×五日市街道,R4/10,武蔵野,B 拝島,5.青梅街道,10,6,4,182,160,352,16
71,柳橋,武蔵境通り×五日市街道,R4/10,武蔵野,B 拝島,5.青梅街道,11,8,2,197,140,347,15
71,柳橋,武蔵境通り×五日市街道,R4/10,武蔵野,B 拝島,5.青梅街道,12,7,1,208,95,311,18
71,柳橋,武蔵境通り×五日市街道,R4/10,武蔵野,B 拝島,5.青梅街道,13,10,2,174,109,295,12
71,柳橋,武蔵境通り×五日市街道,R4/10,武蔵野,B 拝島,5.青梅街道,14,12,3,218,133,366,12
71,柳橋,武蔵境通り×五日市街道,R4/10,武蔵野,B 拝島,5.青梅街道,15,14,4,238,130,386,20
71,柳橋,武蔵境通り×五日市街道,R4/10,武蔵野,B 拝島,5.青梅街道,16,14,2,235,148,399,23
71,柳橋,武蔵境通り×五日市街道,R4/10,武蔵野,B 拝島,5.青梅街道,17,7,1,223,108,339,19
71,柳橋,武蔵境通り×五日市街道,R4/10,武蔵野,B 拝島,5.青梅街道,18,8,1,241,88,338,25
71,柳橋,武蔵境通り×五日市街道,R4/10,武蔵野,B 拝島,5.青梅街道,12時間計,123,45,2522,1518,4208,198
71,柳橋,武蔵境通り×五日市街道,R4/10,武蔵野,B 拝島,6.武蔵境駅,7,0,0,4,2,6,1
71,柳橋,武蔵境通り×五日市街道,R4/10,武蔵野,B 拝島,6.武蔵境駅,8,0,0,3,3,6,0
71,柳橋,武蔵境通り×五日市街道,R4/10,武蔵野,B 拝島,6.武蔵境駅,9,0,0,11,1,12,0
71,柳橋,武蔵境通り×五日市街道,R4/10,武蔵野,B 拝島,6.武蔵境駅,10,1,2,15,1,19,0
71,柳橋,武蔵境通り×五日市街道,R4/10,武蔵野,B 拝島,6.武蔵境駅,11,0,0,16,4,20,0
71,柳橋,武蔵境通り×五日市街道,R4/10,武蔵野,B 拝島,6.武蔵境駅,12,0,0,21,4,25,1
71,柳橋,武蔵境通り×五日市街道,R4/10,武蔵野,B 拝島,6.武蔵境駅,13,0,0,16,4,20,0
71,柳橋,武蔵境通り×五日市街道,R4/10,武蔵野,B 拝島,6.武蔵境駅,14,0,0,10,1,11,1
71,柳橋,武蔵境通り×五日市街道,R4/10,武蔵野,B 拝島,6.武蔵境駅,15,0,0,13,2,15,0
71,柳橋,武蔵境通り×五日市街道,R4/10,武蔵野,B 拝島,6.武蔵境駅,16,0,0,18,6,24,1
71,柳橋,武蔵境通り×五日市街道,R4/10,武蔵野,B 拝島,6.武蔵境駅,17,0,0,8,3,11,0
71,柳橋,武蔵境通り×五日市街道,R4/10,武蔵野,B 拝島,6.武蔵境駅,18,0,0,11,4,15,0
71,柳橋,武蔵境通り×五日市街道,R4/10,武蔵野,B 拝島,6.武蔵境駅,12時間計,1,2,146,35,184,4
71,柳橋,武蔵境通り×五日市街道,R4/10,武蔵野,B 拝島,流入計,7,11,13,225,144,393,17
71,柳橋,武蔵境通り×五日市街道,R4/10,武蔵野,B 拝島,流入計,8,13,7,240,158,418,17
71,柳橋,武蔵境通り×五日市街道,R4/10,武蔵野,B 拝島,流入計,9,17,8,218,166,409,10
71,柳橋,武蔵境通り×五日市街道,R4/10,武蔵野,B 拝島,流入計,10,10,7,232,187,436,18
71,柳橋,武蔵境通り×五日市街道,R4/10,武蔵野,B 拝島,流入計,11,10,2,257,172,441,19
71,柳橋,武蔵境通り×五日市街道,R4/10,武蔵野,B 拝島,流入計,12,7,1,270,121,399,26
71,柳橋,武蔵境通り×五日市街道,R4/10,武蔵野,B 拝島,流入計,13,10,3,225,129,367,16
71,柳橋,武蔵境通り×五日市街道,R4/10,武蔵野,B 拝島,流入計,14,13,3,272,151,439,19
71,柳橋,武蔵境通り×五日市街道,R4/10,武蔵野,B 拝島,流入計,15,14,4,299,149,466,25
71,柳橋,武蔵境通り×五日市街道,R4/10,武蔵野,B 拝島,流入計,16,16,4,299,172,491,31
71,柳橋,武蔵境通り×五日市街道,R4/10,武蔵野,B 拝島,流入計,17,9,1,276,132,418,27
71,柳橋,武蔵境通り×五日市街道,R4/10,武蔵野,B 拝島,流入計,18,8,1,291,112,412,27
71,柳橋,武蔵境通り×五日市街道,R4/10,武蔵野,B 拝島,流入計,12時間計,138,54,3104,1793,5089,252
71,柳橋,武蔵境通り×五日市街道,R4/10,武蔵野,C 武蔵境駅,7.拝島,7,0,0,3,1,4,0
71,柳橋,武蔵境通り×五日市街道,R4/10,武蔵野,C 武蔵境駅,7.拝島,8,0,1,1,4,6,1
71,柳橋,武蔵境通り×五日市街道,R4/10,武蔵野,C 武蔵境駅,7.拝島,9,0,0,6,4,10,0
71,柳橋,武蔵境通り×五日市街道,R4/10,武蔵野,C 武蔵境駅,7.拝島,10,0,1,5,5,11,0
71,柳橋,武蔵境通り×五日市街道,R4/10,武蔵野,C 武蔵境駅,7.拝島,11,0,1,5,5,11,2
71,柳橋,武蔵境通り×五日市街道,R4/10,武蔵野,C 武蔵境駅,7.拝島,12,0,0,11,3,14,0
71,柳橋,武蔵境通り×五日市街道,R4/10,武蔵野,C 武蔵境駅,7.拝島,13,0,0,7,4,11,2
71,柳橋,武蔵境通り×五日市街道,R4/10,武蔵野,C 武蔵境駅,7.拝島,14,0,0,4,3,7,0
71,柳橋,武蔵境通り×五日市街道,R4/10,武蔵野,C 武蔵境駅,7.拝島,15,0,0,5,2,7,0
71,柳橋,武蔵境通り×五日市街道,R4/10,武蔵野,C 武蔵境駅,7.拝島,16,0,0,5,2,7,1
71,柳橋,武蔵境通り×五日市街道,R4/10,武蔵野,C 武蔵境駅,7.拝島,17,0,0,2,2,4,0
71,柳橋,武蔵境通り×五日市街道,R4/10,武蔵野,C 武蔵境駅,7.拝島,18,0,0,4,0,4,1
71,柳橋,武蔵境通り×五日市街道,R4/10,武蔵野,C 武蔵境駅,7.拝島,12時間計,0,3,58,35,96,7
71,柳橋,武蔵境通り×五日市街道,R4/10,武蔵野,C 武蔵境駅,8.田無,7,16,3,180,89,288,10
71,柳橋,武蔵境通り×五日市街道,R4/10,武蔵野,C 武蔵境駅,8.田無,8,20,2,196,65,283,16
71,柳橋,武蔵境通り×五日市街道,R4/10,武蔵野,C 武蔵境駅,8.田無,9,16,3,161,96,276,10
71,柳橋,武蔵境通り×五日市街道,R4/10,武蔵野,C 武蔵境駅,8.田無,10,14,2,159,101,276,8
71,柳橋,武蔵境通り×五日市街道,R4/10,武蔵野,C 武蔵境駅,8.田無,11,12,1,182,98,293,18
71,柳橋,武蔵境通り×五日市街道,R4/10,武蔵野,C 武蔵境駅,8.田無,12,9,2,153,71,235,18
71,柳橋,武蔵境通り×五日市街道,R4/10,武蔵野,C 武蔵境駅,8.田無,13,17,6,226,89,338,20
71,柳橋,武蔵境通り×五日市街道,R4/10,武蔵野,C 武蔵境駅,8.田無,14,15,1,181,89,286,20
71,柳橋,武蔵境通り×五日市街道,R4/10,武蔵野,C 武蔵境駅,8.田無,15,12,2,188,80,282,12
71,柳橋,武蔵境通り×五日市街道,R4/10,武蔵野,C 武蔵境駅,8.田無,16,11,0,215,108,334,23
71,柳橋,武蔵境通り×五日市街道,R4/10,武蔵野,C 武蔵境駅,8.田無,17,16,0,254,115,385,39
71,柳橋,武蔵境通り×五日市街道,R4/10,武蔵野,C 武蔵境駅,8.田無,18,13,1,281,83,378,32
71,柳橋,武蔵境通り×五日市街道,R4/10,武蔵野,C 武蔵境駅,8.田無,12時間計,171,23,2376,1084,3654,226
71,柳橋,武蔵境通り×五日市街道,R4/10,武蔵野,C 武蔵境駅,9.青梅街道,7,6,1,75,19,101,3
71,柳橋,武蔵境通り×五日市街道,R4/10,武蔵野,C 武蔵境駅,9.青梅街道,8,15,3,69,48,135,10
71,柳橋,武蔵境通り×五日市街道,R4/10,武蔵野,C 武蔵境駅,9.青梅街道,9,11,2,44,33,90,3
71,柳橋,武蔵境通り×五日市街道,R4/10,武蔵野,C 武蔵境駅,9.青梅街道,10,11,0,53,27,91,2
71,柳橋,武蔵境通り×五日市街道,R4/10,武蔵野,C 武蔵境駅,9.青梅街道,11,9,0,41,32,82,8
71,柳橋,武蔵境通り×五日市街道,R4/10,武蔵野,C 武蔵境駅,9.青梅街道,12,8,0,48,20,76,4
71,柳橋,武蔵境通り×五日市街道,R4/10,武蔵野,C 武蔵境駅,9.青梅街道,13,6,1,33,27,67,3
71,柳橋,武蔵境通り×五日市街道,R4/10,武蔵野,C 武蔵境駅,9.青梅街道,14,5,0,38,30,73,5
71,柳橋,武蔵境通り×五日市街道,R4/10,武蔵野,C 武蔵境駅,9.青梅街道,15,7,2,53,18,80,1
71,柳橋,武蔵境通り×五日市街道,R4/10,武蔵野,C 武蔵境駅,9.青梅街道,16,9,0,56,32,97,3
71,柳橋,武蔵境通り×五日市街道,R4/10,武蔵野,C 武蔵境駅,9.青梅街道,17,9,0,68,34,111,9
71,柳橋,武蔵境通り×五日市街道,R4/10,武蔵野,C 武蔵境駅,9.青梅街道,18,5,0,59,8,72,9
71,柳橋,武蔵境通り×五日市街道,R4/10,武蔵野,C 武蔵境駅,9.青梅街道,12時間計,101,9,637,328,1075,60
71,柳橋,武蔵境通り×五日市街道,R4/10,武蔵野,C 武蔵境駅,流入計,7,22,4,258,109,393,13
71,柳橋,武蔵境通り×五日市街道,R4/10,武蔵野,C 武蔵境駅,流入計,8,35,6,266,117,424,27
71,柳橋,武蔵境通り×五日市街道,R4/10,武蔵野,C 武蔵境駅,流入計,9,27,5,211,133,376,13
71,柳橋,武蔵境通り×五日市街道,R4/10,武蔵野,C 武蔵境駅,流入計,10,25,3,217,133,378,10
71,柳橋,武蔵境通り×五日市街道,R4/10,武蔵野,C 武蔵境駅,流入計,11,21,2,228,135,386,28
71,柳橋,武蔵境通り×五日市街道,R4/10,武蔵野,C 武蔵境駅,流入計,12,17,2,212,94,325,22
71,柳橋,武蔵境通り×五日市街道,R4/10,武蔵野,C 武蔵境駅,流入計,13,23,7,266,120,416,25
71,柳橋,武蔵境通り×五日市街道,R4/10,武蔵野,C 武蔵境駅,流入計,14,20,1,223,122,366,25
71,柳橋,武蔵境通り×五日市街道,R4/10,武蔵野,C 武蔵境駅,流入計,15,19,4,246,100,369,13
71,柳橋,武蔵境通り×五日市街道,R4/10,武蔵野,C 武蔵境駅,流入計,16,20,0,276,142,438,27
71,柳橋,武蔵境通り×五日市街道,R4/10,武蔵野,C 武蔵境駅,流入計,17,25,0,324,151,500,48
71,柳橋,武蔵境通り×五日市街道,R4/10,武蔵野,C 武蔵境駅,流入計,18,18,1,344,91,454,42
71,柳橋,武蔵境通り×五日市街道,R4/10,武蔵野,C 武蔵境駅,流入計,12時間計,272,35,3071,1447,4825,293
71,柳橋,武蔵境通り×五日市街道,R4/10,武蔵野,D 青梅街道,10.武蔵境駅,7,11,1,54,23,89,7
71,柳橋,武蔵境通り×五日市街道,R4/10,武蔵野,D 青梅街道,10.武蔵境駅,8,12,0,61,34,107,2
71,柳橋,武蔵境通り×五日市街道,R4/10,武蔵野,D 青梅街道,10.武蔵境駅,9,9,1,43,23,76,3
71,柳橋,武蔵境通り×五日市街道,R4/10,武蔵野,D 青梅街道,10.武蔵境駅,10,6,0,37,22,65,1
71,柳橋,武蔵境通り×五日市街道,R4/10,武蔵野,D 青梅街道,10.武蔵境駅,11,5,0,33,25,63,3
71,柳橋,武蔵境通り×五日市街道,R4/10,武蔵野,D 青梅街道,10.武蔵境駅,12,7,0,37,29,73,8
71,柳橋,武蔵境通り×五日市街道,R4/10,武蔵野,D 青梅街道,10.武蔵境駅,13,6,1,40,17,64,6
71,柳橋,武蔵境通り×五日市街道,R4/10,武蔵野,D 青梅街道,10.武蔵境駅,14,6,0,33,13,52,2
71,柳橋,武蔵境通り×五日市街道,R4/10,武蔵野,D 青梅街道,10.武蔵境駅,15,7,0,37,10,54,4
71,柳橋,武蔵境通り×五日市街道,R4/10,武蔵野,D 青梅街道,10.武蔵境駅,16,7,0,44,14,65,2
71,柳橋,武蔵境通り×五日市街道,R4/10,武蔵野,D 青梅街道,10.武蔵境駅,17,5,0,53,13,71,2
71,柳橋,武蔵境通り×五日市街道,R4/10,武蔵野,D 青梅街道,10.武蔵境駅,18,7,0,50,12,69,4
71,柳橋,武蔵境通り×五日市街道,R4/10,武蔵野,D 青梅街道,10.武蔵境駅,12時間計,88,3,522,235,848,44
71,柳橋,武蔵境通り×五日市街道,R4/10,武蔵野,D 青梅街道,11.拝島,7,11,8,229,177,425,30
71,柳橋,武蔵境通り×五日市街道,R4/10,武蔵野,D 青梅街道,11.拝島,8,13,5,284,164,466,23
71,柳橋,武蔵境通り×五日市街道,R4/10,武蔵野,D 青梅街道,11.拝島,9,13,4,215,120,352,18
71,柳橋,武蔵境通り×五日市街道,R4/10,武蔵野,D 青梅街道,11.拝島,10,7,3,256,115,381,14
71,柳橋,武蔵境通り×五日市街道,R4/10,武蔵野,D 青梅街道,11.拝島,11,8,4,190,135,337,15
71,柳橋,武蔵境通り×五日市街道,R4/10,武蔵野,D 青梅街道,11.拝島,12,10,2,218,118,348,17
71,柳橋,武蔵境通り×五日市街道,R4/10,武蔵野,D 青梅街道,11.拝島,13,11,2,183,133,329,14
71,柳橋,武蔵境通り×五日市街道,R4/10,武蔵野,D 青梅街道,11.拝島,14,13,2,214,141,370,27
71,柳橋,武蔵境通り×五日市街道,R4/10,武蔵野,D 青梅街道,11.拝島,15,9,2,202,128,341,12
71,柳橋,武蔵境通り×五日市街道,R4/10,武蔵野,D 青梅街道,11.拝島,16,11,2,307,127,447,4
71,柳橋,武蔵境通り×五日市街道,R4/10,武蔵野,D 青梅街道,11.拝島,17,9,1,234,141,385,26
71,柳橋,武蔵境通り×五日市街道,R4/10,武蔵野,D 青梅街道,11.拝島,18,7,0,259,125,391,31
71,柳橋,武蔵境通り×五日市街道,R4/10,武蔵野,D 青梅街道,11.拝島,12時間計,122,35,2791,1624,4572,231
71,柳橋,武蔵境通り×五日市街道,R4/10,武蔵野,D 青梅街道,12.田無,7,0,1,17,13,31,0
71,柳橋,武蔵境通り×五日市街道,R4/10,武蔵野,D 青梅街道,12.田無,8,0,0,39,7,46,2
71,柳橋,武蔵境通り×五日市街道,R4/10,武蔵野,D 青梅街道,12.田無,9,2,0,44,24,70,3
71,柳橋,武蔵境通り×五日市街道,R4/10,武蔵野,D 青梅街道,12.田無,10,0,0,37,22,59,3
71,柳橋,武蔵境通り×五日市街道,R4/10,武蔵野,D 青梅街道,12.田無,11,1,0,47,25,73,2
71,柳橋,武蔵境通り×五日市街道,R4/10,武蔵野,D 青梅街道,12.田無,12,0,0,46,22,68,1
71,柳橋,武蔵境通り×五日市街道,R4/10,武蔵野,D 青梅街道,12.田無,13,0,0,39,15,54,1
71,柳橋,武蔵境通り×五日市街道,R4/10,武蔵野,D 青梅街道,12.田無,14,0,0,51,26,77,4
71,柳橋,武蔵境通り×五日市街道,R4/10,武蔵野,D 青梅街道,12.田無,15,0,0,57,17,74,1
71,柳橋,武蔵境通り×五日市街道,R4/10,武蔵野,D 青梅街道,12.田無,16,0,0,47,27,74,5
71,柳橋,武蔵境通り×五日市街道,R4/10,武蔵野,D 青梅街道,12.田無,17,0,0,55,39,94,7
71,柳橋,武蔵境通り×五日市街道,R4/10,武蔵野,D 青梅街道,12.田無,18,0,0,73,18,91,4
71,柳橋,武蔵境通り×五日市街道,R4/10,武蔵野,D 青梅街道,12.田無,12時間計,3,1,552,255,811,33
71,柳橋,武蔵境通り×五日市街道,R4/10,武蔵野,D 青梅街道,流入計,7,22,10,300,213,545,37
71,柳橋,武蔵境通り×五日市街道,R4/10,武蔵野,D 青梅街道,流入計,8,25,5,384,205,619,27
71,柳橋,武蔵境通り×五日市街道,R4/10,武蔵野,D 青梅街道,流入計,9,24,5,302,167,498,24
71,柳橋,武蔵境通り×五日市街道,R4/10,武蔵野,D 青梅街道,流入計,10,13,3,330,159,505,18
71,柳橋,武蔵境通り×五日市街道,R4/10,武蔵野,D 青梅街道,流入計,11,14,4,270,185,473,20
71,柳橋,武蔵境通り×五日市街道,R4/10,武蔵野,D 青梅街道,流入計,12,17,2,301,169,489,26
71,柳橋,武蔵境通り×五日市街道,R4/10,武蔵野,D 青梅街道,流入計,13,17,3,262,165,447,21
71,柳橋,武蔵境通り×五日市街道,R4/10,武蔵野,D 青梅街道,流入計,14,19,2,298,180,499,33
71,柳橋,武蔵境通り×五日市街道,R4/10,武蔵野,D 青梅街道,流入計,15,16,2,296,155,469,17
71,柳橋,武蔵境通り×五日市街道,R4/10,武蔵野,D 青梅街道,流入計,16,18,2,398,168,586,11
71,柳橋,武蔵境通り×五日市街道,R4/10,武蔵野,D 青梅街道,流入計,17,14,1,342,193,550,35
71,柳橋,武蔵境通り×五日市街道,R4/10,武蔵野,D 青梅街道,流入計,18,14,0,382,155,551,39
71,柳橋,武蔵境通り×五日市街道,R4/10,武蔵野,D 青梅街道,流入計,12時間計,213,39,3865,2114,6231,308
