﻿地点番号,地点名,交差道路名,調査年月,管轄警察署,流入方向,流出方向,時間帯等,車道通行自転車,歩道通行自転車,自転車計
326,関前１,伏見通り×井の頭通り,R4/10,武蔵野,A 新座,1環八通り,7,0,-,-
326,関前１,伏見通り×井の頭通り,R4/10,武蔵野,A 新座,1環八通り,8,0,-,-
326,関前１,伏見通り×井の頭通り,R4/10,武蔵野,A 新座,1環八通り,9,0,-,-
326,関前１,伏見通り×井の頭通り,R4/10,武蔵野,A 新座,1環八通り,10,1,-,-
326,関前１,伏見通り×井の頭通り,R4/10,武蔵野,A 新座,1環八通り,11,0,-,-
326,関前１,伏見通り×井の頭通り,R4/10,武蔵野,A 新座,1環八通り,12,0,-,-
326,関前１,伏見通り×井の頭通り,R4/10,武蔵野,A 新座,1環八通り,13,0,-,-
326,関前１,伏見通り×井の頭通り,R4/10,武蔵野,A 新座,1環八通り,14,0,-,-
326,関前１,伏見通り×井の頭通り,R4/10,武蔵野,A 新座,1環八通り,15,0,-,-
326,関前１,伏見通り×井の頭通り,R4/10,武蔵野,A 新座,1環八通り,16,0,-,-
326,関前１,伏見通り×井の頭通り,R4/10,武蔵野,A 新座,1環八通り,17,4,-,-
326,関前１,伏見通り×井の頭通り,R4/10,武蔵野,A 新座,1環八通り,18,0,-,-
326,関前１,伏見通り×井の頭通り,R4/10,武蔵野,A 新座,1環八通り,12時間計,5,-,-
326,関前１,伏見通り×井の頭通り,R4/10,武蔵野,A 新座,2調布,7,6,-,-
326,関前１,伏見通り×井の頭通り,R4/10,武蔵野,A 新座,2調布,8,16,-,-
326,関前１,伏見通り×井の頭通り,R4/10,武蔵野,A 新座,2調布,9,8,-,-
326,関前１,伏見通り×井の頭通り,R4/10,武蔵野,A 新座,2調布,10,1,-,-
326,関前１,伏見通り×井の頭通り,R4/10,武蔵野,A 新座,2調布,11,1,-,-
326,関前１,伏見通り×井の頭通り,R4/10,武蔵野,A 新座,2調布,12,0,-,-
326,関前１,伏見通り×井の頭通り,R4/10,武蔵野,A 新座,2調布,13,6,-,-
326,関前１,伏見通り×井の頭通り,R4/10,武蔵野,A 新座,2調布,14,4,-,-
326,関前１,伏見通り×井の頭通り,R4/10,武蔵野,A 新座,2調布,15,5,-,-
326,関前１,伏見通り×井の頭通り,R4/10,武蔵野,A 新座,2調布,16,3,-,-
326,関前１,伏見通り×井の頭通り,R4/10,武蔵野,A 新座,2調布,17,0,-,-
326,関前１,伏見通り×井の頭通り,R4/10,武蔵野,A 新座,2調布,18,0,-,-
326,関前１,伏見通り×井の頭通り,R4/10,武蔵野,A 新座,2調布,12時間計,50,-,-
326,関前１,伏見通り×井の頭通り,R4/10,武蔵野,A 新座,3関前五丁目,7,0,-,-
326,関前１,伏見通り×井の頭通り,R4/10,武蔵野,A 新座,3関前五丁目,8,0,-,-
326,関前１,伏見通り×井の頭通り,R4/10,武蔵野,A 新座,3関前五丁目,9,0,-,-
326,関前１,伏見通り×井の頭通り,R4/10,武蔵野,A 新座,3関前五丁目,10,0,-,-
326,関前１,伏見通り×井の頭通り,R4/10,武蔵野,A 新座,3関前五丁目,11,0,-,-
326,関前１,伏見通り×井の頭通り,R4/10,武蔵野,A 新座,3関前五丁目,12,0,-,-
326,関前１,伏見通り×井の頭通り,R4/10,武蔵野,A 新座,3関前五丁目,13,0,-,-
326,関前１,伏見通り×井の頭通り,R4/10,武蔵野,A 新座,3関前五丁目,14,0,-,-
326,関前１,伏見通り×井の頭通り,R4/10,武蔵野,A 新座,3関前五丁目,15,0,-,-
326,関前１,伏見通り×井の頭通り,R4/10,武蔵野,A 新座,3関前五丁目,16,0,-,-
326,関前１,伏見通り×井の頭通り,R4/10,武蔵野,A 新座,3関前五丁目,17,0,-,-
326,関前１,伏見通り×井の頭通り,R4/10,武蔵野,A 新座,3関前五丁目,18,0,-,-
326,関前１,伏見通り×井の頭通り,R4/10,武蔵野,A 新座,3関前五丁目,12時間計,0,-,-
326,関前１,伏見通り×井の頭通り,R4/10,武蔵野,A 新座,流入計,7,6,165,171
326,関前１,伏見通り×井の頭通り,R4/10,武蔵野,A 新座,流入計,8,16,242,258
326,関前１,伏見通り×井の頭通り,R4/10,武蔵野,A 新座,流入計,9,8,59,67
326,関前１,伏見通り×井の頭通り,R4/10,武蔵野,A 新座,流入計,10,2,77,79
326,関前１,伏見通り×井の頭通り,R4/10,武蔵野,A 新座,流入計,11,1,88,89
326,関前１,伏見通り×井の頭通り,R4/10,武蔵野,A 新座,流入計,12,0,69,69
326,関前１,伏見通り×井の頭通り,R4/10,武蔵野,A 新座,流入計,13,6,66,72
326,関前１,伏見通り×井の頭通り,R4/10,武蔵野,A 新座,流入計,14,4,70,74
326,関前１,伏見通り×井の頭通り,R4/10,武蔵野,A 新座,流入計,15,5,92,97
326,関前１,伏見通り×井の頭通り,R4/10,武蔵野,A 新座,流入計,16,3,87,90
326,関前１,伏見通り×井の頭通り,R4/10,武蔵野,A 新座,流入計,17,4,129,133
326,関前１,伏見通り×井の頭通り,R4/10,武蔵野,A 新座,流入計,18,0,70,70
326,関前１,伏見通り×井の頭通り,R4/10,武蔵野,A 新座,流入計,12時間計,55,1214,1269
326,関前１,伏見通り×井の頭通り,R4/10,武蔵野,B 関前五丁目,4新座,7,0,-,-
326,関前１,伏見通り×井の頭通り,R4/10,武蔵野,B 関前五丁目,4新座,8,1,-,-
326,関前１,伏見通り×井の頭通り,R4/10,武蔵野,B 関前五丁目,4新座,9,3,-,-
326,関前１,伏見通り×井の頭通り,R4/10,武蔵野,B 関前五丁目,4新座,10,2,-,-
326,関前１,伏見通り×井の頭通り,R4/10,武蔵野,B 関前五丁目,4新座,11,0,-,-
326,関前１,伏見通り×井の頭通り,R4/10,武蔵野,B 関前五丁目,4新座,12,0,-,-
326,関前１,伏見通り×井の頭通り,R4/10,武蔵野,B 関前五丁目,4新座,13,1,-,-
326,関前１,伏見通り×井の頭通り,R4/10,武蔵野,B 関前五丁目,4新座,14,0,-,-
326,関前１,伏見通り×井の頭通り,R4/10,武蔵野,B 関前五丁目,4新座,15,0,-,-
326,関前１,伏見通り×井の頭通り,R4/10,武蔵野,B 関前五丁目,4新座,16,0,-,-
326,関前１,伏見通り×井の頭通り,R4/10,武蔵野,B 関前五丁目,4新座,17,0,-,-
326,関前１,伏見通り×井の頭通り,R4/10,武蔵野,B 関前五丁目,4新座,18,0,-,-
326,関前１,伏見通り×井の頭通り,R4/10,武蔵野,B 関前五丁目,4新座,12時間計,7,-,-
326,関前１,伏見通り×井の頭通り,R4/10,武蔵野,B 関前五丁目,5環八通り,7,91,-,-
326,関前１,伏見通り×井の頭通り,R4/10,武蔵野,B 関前五丁目,5環八通り,8,68,-,-
326,関前１,伏見通り×井の頭通り,R4/10,武蔵野,B 関前五丁目,5環八通り,9,34,-,-
326,関前１,伏見通り×井の頭通り,R4/10,武蔵野,B 関前五丁目,5環八通り,10,37,-,-
326,関前１,伏見通り×井の頭通り,R4/10,武蔵野,B 関前五丁目,5環八通り,11,24,-,-
326,関前１,伏見通り×井の頭通り,R4/10,武蔵野,B 関前五丁目,5環八通り,12,22,-,-
326,関前１,伏見通り×井の頭通り,R4/10,武蔵野,B 関前五丁目,5環八通り,13,15,-,-
326,関前１,伏見通り×井の頭通り,R4/10,武蔵野,B 関前五丁目,5環八通り,14,10,-,-
326,関前１,伏見通り×井の頭通り,R4/10,武蔵野,B 関前五丁目,5環八通り,15,13,-,-
326,関前１,伏見通り×井の頭通り,R4/10,武蔵野,B 関前五丁目,5環八通り,16,14,-,-
326,関前１,伏見通り×井の頭通り,R4/10,武蔵野,B 関前五丁目,5環八通り,17,19,-,-
326,関前１,伏見通り×井の頭通り,R4/10,武蔵野,B 関前五丁目,5環八通り,18,24,-,-
326,関前１,伏見通り×井の頭通り,R4/10,武蔵野,B 関前五丁目,5環八通り,12時間計,371,-,-
326,関前１,伏見通り×井の頭通り,R4/10,武蔵野,B 関前五丁目,6調布,7,0,-,-
326,関前１,伏見通り×井の頭通り,R4/10,武蔵野,B 関前五丁目,6調布,8,1,-,-
326,関前１,伏見通り×井の頭通り,R4/10,武蔵野,B 関前五丁目,6調布,9,0,-,-
326,関前１,伏見通り×井の頭通り,R4/10,武蔵野,B 関前五丁目,6調布,10,0,-,-
326,関前１,伏見通り×井の頭通り,R4/10,武蔵野,B 関前五丁目,6調布,11,0,-,-
326,関前１,伏見通り×井の頭通り,R4/10,武蔵野,B 関前五丁目,6調布,12,1,-,-
326,関前１,伏見通り×井の頭通り,R4/10,武蔵野,B 関前五丁目,6調布,13,1,-,-
326,関前１,伏見通り×井の頭通り,R4/10,武蔵野,B 関前五丁目,6調布,14,0,-,-
326,関前１,伏見通り×井の頭通り,R4/10,武蔵野,B 関前五丁目,6調布,15,1,-,-
326,関前１,伏見通り×井の頭通り,R4/10,武蔵野,B 関前五丁目,6調布,16,0,-,-
326,関前１,伏見通り×井の頭通り,R4/10,武蔵野,B 関前五丁目,6調布,17,1,-,-
326,関前１,伏見通り×井の頭通り,R4/10,武蔵野,B 関前五丁目,6調布,18,1,-,-
326,関前１,伏見通り×井の頭通り,R4/10,武蔵野,B 関前五丁目,6調布,12時間計,6,-,-
326,関前１,伏見通り×井の頭通り,R4/10,武蔵野,B 関前五丁目,流入計,7,91,80,171
326,関前１,伏見通り×井の頭通り,R4/10,武蔵野,B 関前五丁目,流入計,8,70,80,150
326,関前１,伏見通り×井の頭通り,R4/10,武蔵野,B 関前五丁目,流入計,9,37,38,75
326,関前１,伏見通り×井の頭通り,R4/10,武蔵野,B 関前五丁目,流入計,10,39,28,67
326,関前１,伏見通り×井の頭通り,R4/10,武蔵野,B 関前五丁目,流入計,11,24,37,61
326,関前１,伏見通り×井の頭通り,R4/10,武蔵野,B 関前五丁目,流入計,12,23,54,77
326,関前１,伏見通り×井の頭通り,R4/10,武蔵野,B 関前五丁目,流入計,13,17,32,49
326,関前１,伏見通り×井の頭通り,R4/10,武蔵野,B 関前五丁目,流入計,14,10,41,51
326,関前１,伏見通り×井の頭通り,R4/10,武蔵野,B 関前五丁目,流入計,15,14,19,33
326,関前１,伏見通り×井の頭通り,R4/10,武蔵野,B 関前五丁目,流入計,16,14,46,60
326,関前１,伏見通り×井の頭通り,R4/10,武蔵野,B 関前五丁目,流入計,17,20,18,38
326,関前１,伏見通り×井の頭通り,R4/10,武蔵野,B 関前五丁目,流入計,18,25,4,29
326,関前１,伏見通り×井の頭通り,R4/10,武蔵野,B 関前五丁目,流入計,12時間計,384,477,861
326,関前１,伏見通り×井の頭通り,R4/10,武蔵野,C 調布,7関前五丁目,7,2,-,-
326,関前１,伏見通り×井の頭通り,R4/10,武蔵野,C 調布,7関前五丁目,8,2,-,-
326,関前１,伏見通り×井の頭通り,R4/10,武蔵野,C 調布,7関前五丁目,9,0,-,-
326,関前１,伏見通り×井の頭通り,R4/10,武蔵野,C 調布,7関前五丁目,10,1,-,-
326,関前１,伏見通り×井の頭通り,R4/10,武蔵野,C 調布,7関前五丁目,11,0,-,-
326,関前１,伏見通り×井の頭通り,R4/10,武蔵野,C 調布,7関前五丁目,12,0,-,-
326,関前１,伏見通り×井の頭通り,R4/10,武蔵野,C 調布,7関前五丁目,13,0,-,-
326,関前１,伏見通り×井の頭通り,R4/10,武蔵野,C 調布,7関前五丁目,14,0,-,-
326,関前１,伏見通り×井の頭通り,R4/10,武蔵野,C 調布,7関前五丁目,15,2,-,-
326,関前１,伏見通り×井の頭通り,R4/10,武蔵野,C 調布,7関前五丁目,16,2,-,-
326,関前１,伏見通り×井の頭通り,R4/10,武蔵野,C 調布,7関前五丁目,17,2,-,-
326,関前１,伏見通り×井の頭通り,R4/10,武蔵野,C 調布,7関前五丁目,18,1,-,-
326,関前１,伏見通り×井の頭通り,R4/10,武蔵野,C 調布,7関前五丁目,12時間計,12,-,-
326,関前１,伏見通り×井の頭通り,R4/10,武蔵野,C 調布,8新座,7,3,-,-
326,関前１,伏見通り×井の頭通り,R4/10,武蔵野,C 調布,8新座,8,4,-,-
326,関前１,伏見通り×井の頭通り,R4/10,武蔵野,C 調布,8新座,9,3,-,-
326,関前１,伏見通り×井の頭通り,R4/10,武蔵野,C 調布,8新座,10,2,-,-
326,関前１,伏見通り×井の頭通り,R4/10,武蔵野,C 調布,8新座,11,1,-,-
326,関前１,伏見通り×井の頭通り,R4/10,武蔵野,C 調布,8新座,12,2,-,-
326,関前１,伏見通り×井の頭通り,R4/10,武蔵野,C 調布,8新座,13,3,-,-
326,関前１,伏見通り×井の頭通り,R4/10,武蔵野,C 調布,8新座,14,4,-,-
326,関前１,伏見通り×井の頭通り,R4/10,武蔵野,C 調布,8新座,15,4,-,-
326,関前１,伏見通り×井の頭通り,R4/10,武蔵野,C 調布,8新座,16,4,-,-
326,関前１,伏見通り×井の頭通り,R4/10,武蔵野,C 調布,8新座,17,10,-,-
326,関前１,伏見通り×井の頭通り,R4/10,武蔵野,C 調布,8新座,18,7,-,-
326,関前１,伏見通り×井の頭通り,R4/10,武蔵野,C 調布,8新座,12時間計,47,-,-
326,関前１,伏見通り×井の頭通り,R4/10,武蔵野,C 調布,9環八通り,7,0,-,-
326,関前１,伏見通り×井の頭通り,R4/10,武蔵野,C 調布,9環八通り,8,0,-,-
326,関前１,伏見通り×井の頭通り,R4/10,武蔵野,C 調布,9環八通り,9,0,-,-
326,関前１,伏見通り×井の頭通り,R4/10,武蔵野,C 調布,9環八通り,10,0,-,-
326,関前１,伏見通り×井の頭通り,R4/10,武蔵野,C 調布,9環八通り,11,0,-,-
326,関前１,伏見通り×井の頭通り,R4/10,武蔵野,C 調布,9環八通り,12,0,-,-
326,関前１,伏見通り×井の頭通り,R4/10,武蔵野,C 調布,9環八通り,13,0,-,-
326,関前１,伏見通り×井の頭通り,R4/10,武蔵野,C 調布,9環八通り,14,0,-,-
326,関前１,伏見通り×井の頭通り,R4/10,武蔵野,C 調布,9環八通り,15,0,-,-
326,関前１,伏見通り×井の頭通り,R4/10,武蔵野,C 調布,9環八通り,16,1,-,-
326,関前１,伏見通り×井の頭通り,R4/10,武蔵野,C 調布,9環八通り,17,0,-,-
326,関前１,伏見通り×井の頭通り,R4/10,武蔵野,C 調布,9環八通り,18,0,-,-
326,関前１,伏見通り×井の頭通り,R4/10,武蔵野,C 調布,9環八通り,12時間計,1,-,-
326,関前１,伏見通り×井の頭通り,R4/10,武蔵野,C 調布,流入計,7,5,122,127
326,関前１,伏見通り×井の頭通り,R4/10,武蔵野,C 調布,流入計,8,6,272,278
326,関前１,伏見通り×井の頭通り,R4/10,武蔵野,C 調布,流入計,9,3,61,64
326,関前１,伏見通り×井の頭通り,R4/10,武蔵野,C 調布,流入計,10,3,89,92
326,関前１,伏見通り×井の頭通り,R4/10,武蔵野,C 調布,流入計,11,1,80,81
326,関前１,伏見通り×井の頭通り,R4/10,武蔵野,C 調布,流入計,12,2,89,91
326,関前１,伏見通り×井の頭通り,R4/10,武蔵野,C 調布,流入計,13,3,87,90
326,関前１,伏見通り×井の頭通り,R4/10,武蔵野,C 調布,流入計,14,4,99,103
326,関前１,伏見通り×井の頭通り,R4/10,武蔵野,C 調布,流入計,15,6,111,117
326,関前１,伏見通り×井の頭通り,R4/10,武蔵野,C 調布,流入計,16,7,137,144
326,関前１,伏見通り×井の頭通り,R4/10,武蔵野,C 調布,流入計,17,12,141,153
326,関前１,伏見通り×井の頭通り,R4/10,武蔵野,C 調布,流入計,18,8,172,180
326,関前１,伏見通り×井の頭通り,R4/10,武蔵野,C 調布,流入計,12時間計,60,1460,1520
326,関前１,伏見通り×井の頭通り,R4/10,武蔵野,D 環八通り,10調布,7,0,-,-
326,関前１,伏見通り×井の頭通り,R4/10,武蔵野,D 環八通り,10調布,8,3,-,-
326,関前１,伏見通り×井の頭通り,R4/10,武蔵野,D 環八通り,10調布,9,1,-,-
326,関前１,伏見通り×井の頭通り,R4/10,武蔵野,D 環八通り,10調布,10,1,-,-
326,関前１,伏見通り×井の頭通り,R4/10,武蔵野,D 環八通り,10調布,11,1,-,-
326,関前１,伏見通り×井の頭通り,R4/10,武蔵野,D 環八通り,10調布,12,0,-,-
326,関前１,伏見通り×井の頭通り,R4/10,武蔵野,D 環八通り,10調布,13,2,-,-
326,関前１,伏見通り×井の頭通り,R4/10,武蔵野,D 環八通り,10調布,14,0,-,-
326,関前１,伏見通り×井の頭通り,R4/10,武蔵野,D 環八通り,10調布,15,0,-,-
326,関前１,伏見通り×井の頭通り,R4/10,武蔵野,D 環八通り,10調布,16,1,-,-
326,関前１,伏見通り×井の頭通り,R4/10,武蔵野,D 環八通り,10調布,17,0,-,-
326,関前１,伏見通り×井の頭通り,R4/10,武蔵野,D 環八通り,10調布,18,3,-,-
326,関前１,伏見通り×井の頭通り,R4/10,武蔵野,D 環八通り,10調布,12時間計,12,-,-
326,関前１,伏見通り×井の頭通り,R4/10,武蔵野,D 環八通り,11関前五丁目,7,13,-,-
326,関前１,伏見通り×井の頭通り,R4/10,武蔵野,D 環八通り,11関前五丁目,8,27,-,-
326,関前１,伏見通り×井の頭通り,R4/10,武蔵野,D 環八通り,11関前五丁目,9,18,-,-
326,関前１,伏見通り×井の頭通り,R4/10,武蔵野,D 環八通り,11関前五丁目,10,7,-,-
326,関前１,伏見通り×井の頭通り,R4/10,武蔵野,D 環八通り,11関前五丁目,11,5,-,-
326,関前１,伏見通り×井の頭通り,R4/10,武蔵野,D 環八通り,11関前五丁目,12,12,-,-
326,関前１,伏見通り×井の頭通り,R4/10,武蔵野,D 環八通り,11関前五丁目,13,13,-,-
326,関前１,伏見通り×井の頭通り,R4/10,武蔵野,D 環八通り,11関前五丁目,14,22,-,-
326,関前１,伏見通り×井の頭通り,R4/10,武蔵野,D 環八通り,11関前五丁目,15,22,-,-
326,関前１,伏見通り×井の頭通り,R4/10,武蔵野,D 環八通り,11関前五丁目,16,15,-,-
326,関前１,伏見通り×井の頭通り,R4/10,武蔵野,D 環八通り,11関前五丁目,17,27,-,-
326,関前１,伏見通り×井の頭通り,R4/10,武蔵野,D 環八通り,11関前五丁目,18,28,-,-
326,関前１,伏見通り×井の頭通り,R4/10,武蔵野,D 環八通り,11関前五丁目,12時間計,209,-,-
326,関前１,伏見通り×井の頭通り,R4/10,武蔵野,D 環八通り,12新座,7,0,-,-
326,関前１,伏見通り×井の頭通り,R4/10,武蔵野,D 環八通り,12新座,8,0,-,-
326,関前１,伏見通り×井の頭通り,R4/10,武蔵野,D 環八通り,12新座,9,0,-,-
326,関前１,伏見通り×井の頭通り,R4/10,武蔵野,D 環八通り,12新座,10,0,-,-
326,関前１,伏見通り×井の頭通り,R4/10,武蔵野,D 環八通り,12新座,11,0,-,-
326,関前１,伏見通り×井の頭通り,R4/10,武蔵野,D 環八通り,12新座,12,0,-,-
326,関前１,伏見通り×井の頭通り,R4/10,武蔵野,D 環八通り,12新座,13,0,-,-
326,関前１,伏見通り×井の頭通り,R4/10,武蔵野,D 環八通り,12新座,14,0,-,-
326,関前１,伏見通り×井の頭通り,R4/10,武蔵野,D 環八通り,12新座,15,0,-,-
326,関前１,伏見通り×井の頭通り,R4/10,武蔵野,D 環八通り,12新座,16,0,-,-
326,関前１,伏見通り×井の頭通り,R4/10,武蔵野,D 環八通り,12新座,17,0,-,-
326,関前１,伏見通り×井の頭通り,R4/10,武蔵野,D 環八通り,12新座,18,0,-,-
326,関前１,伏見通り×井の頭通り,R4/10,武蔵野,D 環八通り,12新座,12時間計,0,-,-
326,関前１,伏見通り×井の頭通り,R4/10,武蔵野,D 環八通り,流入計,7,13,60,73
326,関前１,伏見通り×井の頭通り,R4/10,武蔵野,D 環八通り,流入計,8,30,94,124
326,関前１,伏見通り×井の頭通り,R4/10,武蔵野,D 環八通り,流入計,9,19,44,63
326,関前１,伏見通り×井の頭通り,R4/10,武蔵野,D 環八通り,流入計,10,8,38,46
326,関前１,伏見通り×井の頭通り,R4/10,武蔵野,D 環八通り,流入計,11,6,48,54
326,関前１,伏見通り×井の頭通り,R4/10,武蔵野,D 環八通り,流入計,12,12,77,89
326,関前１,伏見通り×井の頭通り,R4/10,武蔵野,D 環八通り,流入計,13,15,88,103
326,関前１,伏見通り×井の頭通り,R4/10,武蔵野,D 環八通り,流入計,14,22,70,92
326,関前１,伏見通り×井の頭通り,R4/10,武蔵野,D 環八通り,流入計,15,22,90,112
326,関前１,伏見通り×井の頭通り,R4/10,武蔵野,D 環八通り,流入計,16,16,78,94
326,関前１,伏見通り×井の頭通り,R4/10,武蔵野,D 環八通り,流入計,17,27,189,216
326,関前１,伏見通り×井の頭通り,R4/10,武蔵野,D 環八通り,流入計,18,31,142,173
326,関前１,伏見通り×井の頭通り,R4/10,武蔵野,D 環八通り,流入計,12時間計,221,1018,1239
326,関前１,伏見通り×井の頭通り,R4/10,武蔵野,全方向計,全方向計,7,115,427,542
326,関前１,伏見通り×井の頭通り,R4/10,武蔵野,全方向計,全方向計,8,122,688,810
326,関前１,伏見通り×井の頭通り,R4/10,武蔵野,全方向計,全方向計,9,67,202,269
326,関前１,伏見通り×井の頭通り,R4/10,武蔵野,全方向計,全方向計,10,52,232,284
326,関前１,伏見通り×井の頭通り,R4/10,武蔵野,全方向計,全方向計,11,32,253,285
326,関前１,伏見通り×井の頭通り,R4/10,武蔵野,全方向計,全方向計,12,37,289,326
326,関前１,伏見通り×井の頭通り,R4/10,武蔵野,全方向計,全方向計,13,41,273,314
326,関前１,伏見通り×井の頭通り,R4/10,武蔵野,全方向計,全方向計,14,40,280,320
326,関前１,伏見通り×井の頭通り,R4/10,武蔵野,全方向計,全方向計,15,47,312,359
326,関前１,伏見通り×井の頭通り,R4/10,武蔵野,全方向計,全方向計,16,40,348,388
326,関前１,伏見通り×井の頭通り,R4/10,武蔵野,全方向計,全方向計,17,63,477,540
326,関前１,伏見通り×井の頭通り,R4/10,武蔵野,全方向計,全方向計,18,64,388,452
326,関前１,伏見通り×井の頭通り,R4/10,武蔵野,全方向計,全方向計,12時間計,720,4169,4889
