﻿地点番号,地点名,交差道路名,調査年月,管轄警察署,流出方向,時間帯等,大型乗用,大型貨物,普通乗用,普通貨物,四輪計,二輪車
326,関前１,伏見通り×井の頭通り,R4/10,武蔵野,A 新座,7,7,17,431,346,801,42
326,関前１,伏見通り×井の頭通り,R4/10,武蔵野,A 新座,8,10,25,474,322,831,40
326,関前１,伏見通り×井の頭通り,R4/10,武蔵野,A 新座,9,15,32,374,279,700,23
326,関前１,伏見通り×井の頭通り,R4/10,武蔵野,A 新座,10,5,26,349,259,639,24
326,関前１,伏見通り×井の頭通り,R4/10,武蔵野,A 新座,11,6,11,399,284,700,36
326,関前１,伏見通り×井の頭通り,R4/10,武蔵野,A 新座,12,7,21,376,254,658,30
326,関前１,伏見通り×井の頭通り,R4/10,武蔵野,A 新座,13,5,44,375,250,674,27
326,関前１,伏見通り×井の頭通り,R4/10,武蔵野,A 新座,14,7,23,434,270,734,33
326,関前１,伏見通り×井の頭通り,R4/10,武蔵野,A 新座,15,5,16,454,290,765,25
326,関前１,伏見通り×井の頭通り,R4/10,武蔵野,A 新座,16,7,9,495,308,819,38
326,関前１,伏見通り×井の頭通り,R4/10,武蔵野,A 新座,17,10,6,545,380,941,71
326,関前１,伏見通り×井の頭通り,R4/10,武蔵野,A 新座,18,3,5,571,244,823,61
326,関前１,伏見通り×井の頭通り,R4/10,武蔵野,A 新座,12時間計,87,235,5277,3486,9085,450
326,関前１,伏見通り×井の頭通り,R4/10,武蔵野,B 関前五丁目,7,3,5,151,78,237,21
326,関前１,伏見通り×井の頭通り,R4/10,武蔵野,B 関前五丁目,8,3,5,199,79,286,10
326,関前１,伏見通り×井の頭通り,R4/10,武蔵野,B 関前五丁目,9,4,3,168,104,279,13
326,関前１,伏見通り×井の頭通り,R4/10,武蔵野,B 関前五丁目,10,4,0,202,122,328,11
326,関前１,伏見通り×井の頭通り,R4/10,武蔵野,B 関前五丁目,11,5,5,225,116,351,21
326,関前１,伏見通り×井の頭通り,R4/10,武蔵野,B 関前五丁目,12,2,4,237,98,341,22
326,関前１,伏見通り×井の頭通り,R4/10,武蔵野,B 関前五丁目,13,2,2,211,116,331,16
326,関前１,伏見通り×井の頭通り,R4/10,武蔵野,B 関前五丁目,14,3,0,234,128,365,17
326,関前１,伏見通り×井の頭通り,R4/10,武蔵野,B 関前五丁目,15,0,3,215,124,342,19
326,関前１,伏見通り×井の頭通り,R4/10,武蔵野,B 関前五丁目,16,5,0,274,136,415,22
326,関前１,伏見通り×井の頭通り,R4/10,武蔵野,B 関前五丁目,17,3,2,263,122,390,32
326,関前１,伏見通り×井の頭通り,R4/10,武蔵野,B 関前五丁目,18,0,2,289,117,408,42
326,関前１,伏見通り×井の頭通り,R4/10,武蔵野,B 関前五丁目,12時間計,34,31,2668,1340,4073,246
326,関前１,伏見通り×井の頭通り,R4/10,武蔵野,C 調布,7,7,17,590,487,1101,81
326,関前１,伏見通り×井の頭通り,R4/10,武蔵野,C 調布,8,15,21,562,375,973,59
326,関前１,伏見通り×井の頭通り,R4/10,武蔵野,C 調布,9,2,20,504,286,812,40
326,関前１,伏見通り×井の頭通り,R4/10,武蔵野,C 調布,10,5,18,395,267,685,27
326,関前１,伏見通り×井の頭通り,R4/10,武蔵野,C 調布,11,4,20,449,303,776,37
326,関前１,伏見通り×井の頭通り,R4/10,武蔵野,C 調布,12,6,19,424,240,689,44
326,関前１,伏見通り×井の頭通り,R4/10,武蔵野,C 調布,13,2,11,409,242,664,42
326,関前１,伏見通り×井の頭通り,R4/10,武蔵野,C 調布,14,5,7,415,228,655,34
326,関前１,伏見通り×井の頭通り,R4/10,武蔵野,C 調布,15,3,10,411,251,675,29
326,関前１,伏見通り×井の頭通り,R4/10,武蔵野,C 調布,16,3,7,495,295,800,46
326,関前１,伏見通り×井の頭通り,R4/10,武蔵野,C 調布,17,4,10,481,251,746,48
326,関前１,伏見通り×井の頭通り,R4/10,武蔵野,C 調布,18,3,8,503,220,734,45
326,関前１,伏見通り×井の頭通り,R4/10,武蔵野,C 調布,12時間計,59,168,5638,3445,9310,532
326,関前１,伏見通り×井の頭通り,R4/10,武蔵野,D 環八通り,7,5,5,203,185,398,50
326,関前１,伏見通り×井の頭通り,R4/10,武蔵野,D 環八通り,8,4,0,217,180,401,32
326,関前１,伏見通り×井の頭通り,R4/10,武蔵野,D 環八通り,9,2,3,284,175,464,40
326,関前１,伏見通り×井の頭通り,R4/10,武蔵野,D 環八通り,10,2,0,303,143,448,29
326,関前１,伏見通り×井の頭通り,R4/10,武蔵野,D 環八通り,11,2,1,258,136,397,36
326,関前１,伏見通り×井の頭通り,R4/10,武蔵野,D 環八通り,12,1,0,254,113,368,44
326,関前１,伏見通り×井の頭通り,R4/10,武蔵野,D 環八通り,13,2,2,237,119,360,27
326,関前１,伏見通り×井の頭通り,R4/10,武蔵野,D 環八通り,14,0,7,259,137,403,26
326,関前１,伏見通り×井の頭通り,R4/10,武蔵野,D 環八通り,15,1,6,283,100,390,22
326,関前１,伏見通り×井の頭通り,R4/10,武蔵野,D 環八通り,16,4,3,299,121,427,19
326,関前１,伏見通り×井の頭通り,R4/10,武蔵野,D 環八通り,17,4,1,291,77,373,34
326,関前１,伏見通り×井の頭通り,R4/10,武蔵野,D 環八通り,18,1,2,273,53,329,29
326,関前１,伏見通り×井の頭通り,R4/10,武蔵野,D 環八通り,12時間計,28,30,3161,1539,4758,388
326,関前１,伏見通り×井の頭通り,R4/10,武蔵野,全方向合計,7,22,44,1375,1096,2537,194
326,関前１,伏見通り×井の頭通り,R4/10,武蔵野,全方向合計,8,32,51,1452,956,2491,141
326,関前１,伏見通り×井の頭通り,R4/10,武蔵野,全方向合計,9,23,58,1330,844,2255,116
326,関前１,伏見通り×井の頭通り,R4/10,武蔵野,全方向合計,10,16,44,1249,791,2100,91
326,関前１,伏見通り×井の頭通り,R4/10,武蔵野,全方向合計,11,17,37,1331,839,2224,130
326,関前１,伏見通り×井の頭通り,R4/10,武蔵野,全方向合計,12,16,44,1291,705,2056,140
326,関前１,伏見通り×井の頭通り,R4/10,武蔵野,全方向合計,13,11,59,1232,727,2029,112
326,関前１,伏見通り×井の頭通り,R4/10,武蔵野,全方向合計,14,15,37,1342,763,2157,110
326,関前１,伏見通り×井の頭通り,R4/10,武蔵野,全方向合計,15,9,35,1363,765,2172,95
326,関前１,伏見通り×井の頭通り,R4/10,武蔵野,全方向合計,16,19,19,1563,860,2461,125
326,関前１,伏見通り×井の頭通り,R4/10,武蔵野,全方向合計,17,21,19,1580,830,2450,185
326,関前１,伏見通り×井の頭通り,R4/10,武蔵野,全方向合計,18,7,17,1636,634,2294,177
326,関前１,伏見通り×井の頭通り,R4/10,武蔵野,全方向合計,12時間計,208,464,16744,9810,27226,1616
