﻿地点番号,地点名,交差道路名,調査年月,管轄警察署,流入方向,流出方向,時間帯等,大型乗用,大型貨物,普通乗用,普通貨物,四輪計,二輪車
326,関前１,伏見通り×井の頭通り,R4/10,武蔵野,A 新座,1.環八通り,7,3,1,34,29,67,8
326,関前１,伏見通り×井の頭通り,R4/10,武蔵野,A 新座,1.環八通り,8,3,0,41,40,84,5
326,関前１,伏見通り×井の頭通り,R4/10,武蔵野,A 新座,1.環八通り,9,1,2,70,32,105,11
326,関前１,伏見通り×井の頭通り,R4/10,武蔵野,A 新座,1.環八通り,10,1,0,77,38,116,6
326,関前１,伏見通り×井の頭通り,R4/10,武蔵野,A 新座,1.環八通り,11,1,0,67,25,93,7
326,関前１,伏見通り×井の頭通り,R4/10,武蔵野,A 新座,1.環八通り,12,1,0,62,21,84,10
326,関前１,伏見通り×井の頭通り,R4/10,武蔵野,A 新座,1.環八通り,13,0,2,63,25,90,5
326,関前１,伏見通り×井の頭通り,R4/10,武蔵野,A 新座,1.環八通り,14,0,6,56,32,94,8
326,関前１,伏見通り×井の頭通り,R4/10,武蔵野,A 新座,1.環八通り,15,1,4,67,25,97,3
326,関前１,伏見通り×井の頭通り,R4/10,武蔵野,A 新座,1.環八通り,16,4,1,65,31,101,6
326,関前１,伏見通り×井の頭通り,R4/10,武蔵野,A 新座,1.環八通り,17,4,1,93,14,112,10
326,関前１,伏見通り×井の頭通り,R4/10,武蔵野,A 新座,1.環八通り,18,0,2,94,11,107,6
326,関前１,伏見通り×井の頭通り,R4/10,武蔵野,A 新座,1.環八通り,12時間計,19,19,789,323,1150,85
326,関前１,伏見通り×井の頭通り,R4/10,武蔵野,A 新座,2.調布,7,6,17,441,394,858,60
326,関前１,伏見通り×井の頭通り,R4/10,武蔵野,A 新座,2.調布,8,7,21,439,293,760,49
326,関前１,伏見通り×井の頭通り,R4/10,武蔵野,A 新座,2.調布,9,2,18,403,228,651,29
326,関前１,伏見通り×井の頭通り,R4/10,武蔵野,A 新座,2.調布,10,5,17,310,214,546,22
326,関前１,伏見通り×井の頭通り,R4/10,武蔵野,A 新座,2.調布,11,3,18,342,236,599,33
326,関前１,伏見通り×井の頭通り,R4/10,武蔵野,A 新座,2.調布,12,5,16,313,196,530,35
326,関前１,伏見通り×井の頭通り,R4/10,武蔵野,A 新座,2.調布,13,2,11,305,177,495,34
326,関前１,伏見通り×井の頭通り,R4/10,武蔵野,A 新座,2.調布,14,4,7,314,182,507,25
326,関前１,伏見通り×井の頭通り,R4/10,武蔵野,A 新座,2.調布,15,3,8,320,216,547,22
326,関前１,伏見通り×井の頭通り,R4/10,武蔵野,A 新座,2.調布,16,3,6,402,261,672,39
326,関前１,伏見通り×井の頭通り,R4/10,武蔵野,A 新座,2.調布,17,3,10,344,205,562,40
326,関前１,伏見通り×井の頭通り,R4/10,武蔵野,A 新座,2.調布,18,3,7,391,184,585,36
326,関前１,伏見通り×井の頭通り,R4/10,武蔵野,A 新座,2.調布,12時間計,46,156,4324,2786,7312,424
326,関前１,伏見通り×井の頭通り,R4/10,武蔵野,A 新座,3.関前五丁目,7,0,0,4,1,5,1
326,関前１,伏見通り×井の頭通り,R4/10,武蔵野,A 新座,3.関前五丁目,8,1,1,6,9,17,1
326,関前１,伏見通り×井の頭通り,R4/10,武蔵野,A 新座,3.関前五丁目,9,0,0,16,8,24,1
326,関前１,伏見通り×井の頭通り,R4/10,武蔵野,A 新座,3.関前五丁目,10,1,0,31,13,45,0
326,関前１,伏見通り×井の頭通り,R4/10,武蔵野,A 新座,3.関前五丁目,11,0,2,27,10,39,1
326,関前１,伏見通り×井の頭通り,R4/10,武蔵野,A 新座,3.関前五丁目,12,0,0,26,7,33,4
326,関前１,伏見通り×井の頭通り,R4/10,武蔵野,A 新座,3.関前五丁目,13,0,0,24,9,33,1
326,関前１,伏見通り×井の頭通り,R4/10,武蔵野,A 新座,3.関前五丁目,14,0,0,26,9,35,2
326,関前１,伏見通り×井の頭通り,R4/10,武蔵野,A 新座,3.関前五丁目,15,0,0,31,11,42,1
326,関前１,伏見通り×井の頭通り,R4/10,武蔵野,A 新座,3.関前五丁目,16,0,0,35,15,50,3
326,関前１,伏見通り×井の頭通り,R4/10,武蔵野,A 新座,3.関前五丁目,17,0,0,38,1,39,1
326,関前１,伏見通り×井の頭通り,R4/10,武蔵野,A 新座,3.関前五丁目,18,0,0,17,7,24,2
326,関前１,伏見通り×井の頭通り,R4/10,武蔵野,A 新座,3.関前五丁目,12時間計,2,3,281,100,386,18
326,関前１,伏見通り×井の頭通り,R4/10,武蔵野,A 新座,流入計,7,9,18,479,424,930,69
326,関前１,伏見通り×井の頭通り,R4/10,武蔵野,A 新座,流入計,8,11,22,486,342,861,55
326,関前１,伏見通り×井の頭通り,R4/10,武蔵野,A 新座,流入計,9,3,20,489,268,780,41
326,関前１,伏見通り×井の頭通り,R4/10,武蔵野,A 新座,流入計,10,7,17,418,265,707,28
326,関前１,伏見通り×井の頭通り,R4/10,武蔵野,A 新座,流入計,11,4,20,436,271,731,41
326,関前１,伏見通り×井の頭通り,R4/10,武蔵野,A 新座,流入計,12,6,16,401,224,647,49
326,関前１,伏見通り×井の頭通り,R4/10,武蔵野,A 新座,流入計,13,2,13,392,211,618,40
326,関前１,伏見通り×井の頭通り,R4/10,武蔵野,A 新座,流入計,14,4,13,396,223,636,35
326,関前１,伏見通り×井の頭通り,R4/10,武蔵野,A 新座,流入計,15,4,12,418,252,686,26
326,関前１,伏見通り×井の頭通り,R4/10,武蔵野,A 新座,流入計,16,7,7,502,307,823,48
326,関前１,伏見通り×井の頭通り,R4/10,武蔵野,A 新座,流入計,17,7,11,475,220,713,51
326,関前１,伏見通り×井の頭通り,R4/10,武蔵野,A 新座,流入計,18,3,9,502,202,716,44
326,関前１,伏見通り×井の頭通り,R4/10,武蔵野,A 新座,流入計,12時間計,67,178,5394,3209,8848,527
326,関前１,伏見通り×井の頭通り,R4/10,武蔵野,B 関前五丁目,4.新座,7,0,0,12,18,30,0
326,関前１,伏見通り×井の頭通り,R4/10,武蔵野,B 関前五丁目,4.新座,8,0,0,15,9,24,0
326,関前１,伏見通り×井の頭通り,R4/10,武蔵野,B 関前五丁目,4.新座,9,2,0,22,17,41,0
326,関前１,伏見通り×井の頭通り,R4/10,武蔵野,B 関前五丁目,4.新座,10,0,0,19,13,32,0
326,関前１,伏見通り×井の頭通り,R4/10,武蔵野,B 関前五丁目,4.新座,11,0,0,16,17,33,6
326,関前１,伏見通り×井の頭通り,R4/10,武蔵野,B 関前五丁目,4.新座,12,0,0,18,17,35,1
326,関前１,伏見通り×井の頭通り,R4/10,武蔵野,B 関前五丁目,4.新座,13,0,0,25,9,34,3
326,関前１,伏見通り×井の頭通り,R4/10,武蔵野,B 関前五丁目,4.新座,14,2,0,22,10,34,0
326,関前１,伏見通り×井の頭通り,R4/10,武蔵野,B 関前五丁目,4.新座,15,1,0,23,10,34,1
326,関前１,伏見通り×井の頭通り,R4/10,武蔵野,B 関前五丁目,4.新座,16,0,0,20,7,27,2
326,関前１,伏見通り×井の頭通り,R4/10,武蔵野,B 関前五丁目,4.新座,17,1,0,28,3,32,4
326,関前１,伏見通り×井の頭通り,R4/10,武蔵野,B 関前五丁目,4.新座,18,0,0,22,1,23,1
326,関前１,伏見通り×井の頭通り,R4/10,武蔵野,B 関前五丁目,4.新座,12時間計,6,0,242,131,379,18
326,関前１,伏見通り×井の頭通り,R4/10,武蔵野,B 関前五丁目,5.環八通り,7,1,1,135,127,264,35
326,関前１,伏見通り×井の頭通り,R4/10,武蔵野,B 関前五丁目,5.環八通り,8,1,0,126,105,232,27
326,関前１,伏見通り×井の頭通り,R4/10,武蔵野,B 関前五丁目,5.環八通り,9,1,1,156,105,263,26
326,関前１,伏見通り×井の頭通り,R4/10,武蔵野,B 関前五丁目,5.環八通り,10,1,0,159,76,236,22
326,関前１,伏見通り×井の頭通り,R4/10,武蔵野,B 関前五丁目,5.環八通り,11,0,0,148,80,228,23
326,関前１,伏見通り×井の頭通り,R4/10,武蔵野,B 関前五丁目,5.環八通り,12,0,0,128,71,199,25
326,関前１,伏見通り×井の頭通り,R4/10,武蔵野,B 関前五丁目,5.環八通り,13,1,0,117,63,181,18
326,関前１,伏見通り×井の頭通り,R4/10,武蔵野,B 関前五丁目,5.環八通り,14,0,0,147,69,216,14
326,関前１,伏見通り×井の頭通り,R4/10,武蔵野,B 関前五丁目,5.環八通り,15,0,2,163,46,211,13
326,関前１,伏見通り×井の頭通り,R4/10,武蔵野,B 関前五丁目,5.環八通り,16,0,0,165,58,223,11
326,関前１,伏見通り×井の頭通り,R4/10,武蔵野,B 関前五丁目,5.環八通り,17,0,0,137,41,178,21
326,関前１,伏見通り×井の頭通り,R4/10,武蔵野,B 関前五丁目,5.環八通り,18,1,0,123,33,157,18
326,関前１,伏見通り×井の頭通り,R4/10,武蔵野,B 関前五丁目,5.環八通り,12時間計,6,4,1704,874,2588,253
326,関前１,伏見通り×井の頭通り,R4/10,武蔵野,B 関前五丁目,6.調布,7,1,0,110,71,182,14
326,関前１,伏見通り×井の頭通り,R4/10,武蔵野,B 関前五丁目,6.調布,8,4,0,63,55,122,4
326,関前１,伏見通り×井の頭通り,R4/10,武蔵野,B 関前五丁目,6.調布,9,0,1,52,31,84,6
326,関前１,伏見通り×井の頭通り,R4/10,武蔵野,B 関前五丁目,6.調布,10,0,0,40,22,62,1
326,関前１,伏見通り×井の頭通り,R4/10,武蔵野,B 関前五丁目,6.調布,11,1,1,59,34,95,2
326,関前１,伏見通り×井の頭通り,R4/10,武蔵野,B 関前五丁目,6.調布,12,1,2,48,23,74,4
326,関前１,伏見通り×井の頭通り,R4/10,武蔵野,B 関前五丁目,6.調布,13,0,0,48,29,77,4
326,関前１,伏見通り×井の頭通り,R4/10,武蔵野,B 関前五丁目,6.調布,14,1,0,49,22,72,1
326,関前１,伏見通り×井の頭通り,R4/10,武蔵野,B 関前五丁目,6.調布,15,0,0,40,17,57,3
326,関前１,伏見通り×井の頭通り,R4/10,武蔵野,B 関前五丁目,6.調布,16,0,1,46,15,62,1
326,関前１,伏見通り×井の頭通り,R4/10,武蔵野,B 関前五丁目,6.調布,17,0,0,70,24,94,3
326,関前１,伏見通り×井の頭通り,R4/10,武蔵野,B 関前五丁目,6.調布,18,0,1,58,19,78,1
326,関前１,伏見通り×井の頭通り,R4/10,武蔵野,B 関前五丁目,6.調布,12時間計,8,6,683,362,1059,44
326,関前１,伏見通り×井の頭通り,R4/10,武蔵野,B 関前五丁目,流入計,7,2,1,257,216,476,49
326,関前１,伏見通り×井の頭通り,R4/10,武蔵野,B 関前五丁目,流入計,8,5,0,204,169,378,31
326,関前１,伏見通り×井の頭通り,R4/10,武蔵野,B 関前五丁目,流入計,9,3,2,230,153,388,32
326,関前１,伏見通り×井の頭通り,R4/10,武蔵野,B 関前五丁目,流入計,10,1,0,218,111,330,23
326,関前１,伏見通り×井の頭通り,R4/10,武蔵野,B 関前五丁目,流入計,11,1,1,223,131,356,31
326,関前１,伏見通り×井の頭通り,R4/10,武蔵野,B 関前五丁目,流入計,12,1,2,194,111,308,30
326,関前１,伏見通り×井の頭通り,R4/10,武蔵野,B 関前五丁目,流入計,13,1,0,190,101,292,25
326,関前１,伏見通り×井の頭通り,R4/10,武蔵野,B 関前五丁目,流入計,14,3,0,218,101,322,15
326,関前１,伏見通り×井の頭通り,R4/10,武蔵野,B 関前五丁目,流入計,15,1,2,226,73,302,17
326,関前１,伏見通り×井の頭通り,R4/10,武蔵野,B 関前五丁目,流入計,16,0,1,231,80,312,14
326,関前１,伏見通り×井の頭通り,R4/10,武蔵野,B 関前五丁目,流入計,17,1,0,235,68,304,28
326,関前１,伏見通り×井の頭通り,R4/10,武蔵野,B 関前五丁目,流入計,18,1,1,203,53,258,20
326,関前１,伏見通り×井の頭通り,R4/10,武蔵野,B 関前五丁目,流入計,12時間計,20,10,2629,1367,4026,315
326,関前１,伏見通り×井の頭通り,R4/10,武蔵野,C 調布,7.関前五丁目,7,1,2,36,21,60,6
326,関前１,伏見通り×井の頭通り,R4/10,武蔵野,C 調布,7.関前五丁目,8,0,1,52,16,69,2
326,関前１,伏見通り×井の頭通り,R4/10,武蔵野,C 調布,7.関前五丁目,9,1,3,48,17,69,3
326,関前１,伏見通り×井の頭通り,R4/10,武蔵野,C 調布,7.関前五丁目,10,0,0,46,22,68,1
326,関前１,伏見通り×井の頭通り,R4/10,武蔵野,C 調布,7.関前五丁目,11,1,3,47,29,80,3
326,関前１,伏見通り×井の頭通り,R4/10,武蔵野,C 調布,7.関前五丁目,12,0,1,49,24,74,2
326,関前１,伏見通り×井の頭通り,R4/10,武蔵野,C 調布,7.関前五丁目,13,1,0,42,23,66,5
326,関前１,伏見通り×井の頭通り,R4/10,武蔵野,C 調布,7.関前五丁目,14,0,0,55,28,83,2
326,関前１,伏見通り×井の頭通り,R4/10,武蔵野,C 調布,7.関前五丁目,15,0,0,45,20,65,1
326,関前１,伏見通り×井の頭通り,R4/10,武蔵野,C 調布,7.関前五丁目,16,0,0,76,31,107,4
326,関前１,伏見通り×井の頭通り,R4/10,武蔵野,C 調布,7.関前五丁目,17,0,2,60,29,91,5
326,関前１,伏見通り×井の頭通り,R4/10,武蔵野,C 調布,7.関前五丁目,18,0,0,67,27,94,6
326,関前１,伏見通り×井の頭通り,R4/10,武蔵野,C 調布,7.関前五丁目,12時間計,4,12,623,287,926,40
326,関前１,伏見通り×井の頭通り,R4/10,武蔵野,C 調布,8.新座,7,6,17,359,316,698,40
326,関前１,伏見通り×井の頭通り,R4/10,武蔵野,C 調布,8.新座,8,5,25,394,289,713,38
326,関前１,伏見通り×井の頭通り,R4/10,武蔵野,C 調布,8.新座,9,7,27,300,235,569,22
326,関前１,伏見通り×井の頭通り,R4/10,武蔵野,C 調布,8.新座,10,3,23,280,204,510,19
326,関前１,伏見通り×井の頭通り,R4/10,武蔵野,C 調布,8.新座,11,2,9,317,244,572,27
326,関前１,伏見通り×井の頭通り,R4/10,武蔵野,C 調布,8.新座,12,4,19,288,208,519,24
326,関前１,伏見通り×井の頭通り,R4/10,武蔵野,C 調布,8.新座,13,1,44,298,209,552,20
326,関前１,伏見通り×井の頭通り,R4/10,武蔵野,C 調布,8.新座,14,2,23,346,235,606,30
326,関前１,伏見通り×井の頭通り,R4/10,武蔵野,C 調布,8.新座,15,2,14,369,251,636,22
326,関前１,伏見通り×井の頭通り,R4/10,武蔵野,C 調布,8.新座,16,0,9,397,265,671,33
326,関前１,伏見通り×井の頭通り,R4/10,武蔵野,C 調布,8.新座,17,5,6,442,352,805,60
326,関前１,伏見通り×井の頭通り,R4/10,武蔵野,C 調布,8.新座,18,0,5,450,207,662,54
326,関前１,伏見通り×井の頭通り,R4/10,武蔵野,C 調布,8.新座,12時間計,37,221,4240,3015,7513,389
326,関前１,伏見通り×井の頭通り,R4/10,武蔵野,C 調布,9.環八通り,7,1,3,34,29,67,7
326,関前１,伏見通り×井の頭通り,R4/10,武蔵野,C 調布,9.環八通り,8,0,0,50,35,85,0
326,関前１,伏見通り×井の頭通り,R4/10,武蔵野,C 調布,9.環八通り,9,0,0,58,38,96,3
326,関前１,伏見通り×井の頭通り,R4/10,武蔵野,C 調布,9.環八通り,10,0,0,67,29,96,1
326,関前１,伏見通り×井の頭通り,R4/10,武蔵野,C 調布,9.環八通り,11,1,1,43,31,76,6
326,関前１,伏見通り×井の頭通り,R4/10,武蔵野,C 調布,9.環八通り,12,0,0,64,21,85,9
326,関前１,伏見通り×井の頭通り,R4/10,武蔵野,C 調布,9.環八通り,13,1,0,57,31,89,4
326,関前１,伏見通り×井の頭通り,R4/10,武蔵野,C 調布,9.環八通り,14,0,1,56,36,93,4
326,関前１,伏見通り×井の頭通り,R4/10,武蔵野,C 調布,9.環八通り,15,0,0,53,29,82,6
326,関前１,伏見通り×井の頭通り,R4/10,武蔵野,C 調布,9.環八通り,16,0,2,69,32,103,2
326,関前１,伏見通り×井の頭通り,R4/10,武蔵野,C 調布,9.環八通り,17,0,0,61,22,83,3
326,関前１,伏見通り×井の頭通り,R4/10,武蔵野,C 調布,9.環八通り,18,0,0,56,9,65,5
326,関前１,伏見通り×井の頭通り,R4/10,武蔵野,C 調布,9.環八通り,12時間計,3,7,668,342,1020,50
326,関前１,伏見通り×井の頭通り,R4/10,武蔵野,C 調布,流入計,7,8,22,429,366,825,53
326,関前１,伏見通り×井の頭通り,R4/10,武蔵野,C 調布,流入計,8,5,26,496,340,867,40
326,関前１,伏見通り×井の頭通り,R4/10,武蔵野,C 調布,流入計,9,8,30,406,290,734,28
326,関前１,伏見通り×井の頭通り,R4/10,武蔵野,C 調布,流入計,10,3,23,393,255,674,21
326,関前１,伏見通り×井の頭通り,R4/10,武蔵野,C 調布,流入計,11,4,13,407,304,728,36
326,関前１,伏見通り×井の頭通り,R4/10,武蔵野,C 調布,流入計,12,4,20,401,253,678,35
326,関前１,伏見通り×井の頭通り,R4/10,武蔵野,C 調布,流入計,13,3,44,397,263,707,29
326,関前１,伏見通り×井の頭通り,R4/10,武蔵野,C 調布,流入計,14,2,24,457,299,782,36
326,関前１,伏見通り×井の頭通り,R4/10,武蔵野,C 調布,流入計,15,2,14,467,300,783,29
326,関前１,伏見通り×井の頭通り,R4/10,武蔵野,C 調布,流入計,16,0,11,542,328,881,39
326,関前１,伏見通り×井の頭通り,R4/10,武蔵野,C 調布,流入計,17,5,8,563,403,979,68
326,関前１,伏見通り×井の頭通り,R4/10,武蔵野,C 調布,流入計,18,0,5,573,243,821,65
326,関前１,伏見通り×井の頭通り,R4/10,武蔵野,C 調布,流入計,12時間計,44,240,5531,3644,9459,479
326,関前１,伏見通り×井の頭通り,R4/10,武蔵野,D 環八通り,10.調布,7,0,0,39,22,61,7
326,関前１,伏見通り×井の頭通り,R4/10,武蔵野,D 環八通り,10.調布,8,4,0,60,27,91,6
326,関前１,伏見通り×井の頭通り,R4/10,武蔵野,D 環八通り,10.調布,9,0,1,49,27,77,5
326,関前１,伏見通り×井の頭通り,R4/10,武蔵野,D 環八通り,10.調布,10,0,1,45,31,77,4
326,関前１,伏見通り×井の頭通り,R4/10,武蔵野,D 環八通り,10.調布,11,0,1,48,33,82,2
326,関前１,伏見通り×井の頭通り,R4/10,武蔵野,D 環八通り,10.調布,12,0,1,63,21,85,5
326,関前１,伏見通り×井の頭通り,R4/10,武蔵野,D 環八通り,10.調布,13,0,0,56,36,92,4
326,関前１,伏見通り×井の頭通り,R4/10,武蔵野,D 環八通り,10.調布,14,0,0,52,24,76,8
326,関前１,伏見通り×井の頭通り,R4/10,武蔵野,D 環八通り,10.調布,15,0,2,51,18,71,4
326,関前１,伏見通り×井の頭通り,R4/10,武蔵野,D 環八通り,10.調布,16,0,0,47,19,66,6
326,関前１,伏見通り×井の頭通り,R4/10,武蔵野,D 環八通り,10.調布,17,1,0,67,22,90,5
326,関前１,伏見通り×井の頭通り,R4/10,武蔵野,D 環八通り,10.調布,18,0,0,54,17,71,8
326,関前１,伏見通り×井の頭通り,R4/10,武蔵野,D 環八通り,10.調布,12時間計,5,6,631,297,939,64
326,関前１,伏見通り×井の頭通り,R4/10,武蔵野,D 環八通り,11.関前五丁目,7,2,3,111,56,172,14
326,関前１,伏見通り×井の頭通り,R4/10,武蔵野,D 環八通り,11.関前五丁目,8,2,3,141,54,200,7
326,関前１,伏見通り×井の頭通り,R4/10,武蔵野,D 環八通り,11.関前五丁目,9,3,0,104,79,186,9
326,関前１,伏見通り×井の頭通り,R4/10,武蔵野,D 環八通り,11.関前五丁目,10,3,0,125,87,215,10
326,関前１,伏見通り×井の頭通り,R4/10,武蔵野,D 環八通り,11.関前五丁目,11,4,0,151,77,232,17
326,関前１,伏見通り×井の頭通り,R4/10,武蔵野,D 環八通り,11.関前五丁目,12,2,3,162,67,234,16
326,関前１,伏見通り×井の頭通り,R4/10,武蔵野,D 環八通り,11.関前五丁目,13,1,2,145,84,232,10
326,関前１,伏見通り×井の頭通り,R4/10,武蔵野,D 環八通り,11.関前五丁目,14,3,0,153,91,247,13
326,関前１,伏見通り×井の頭通り,R4/10,武蔵野,D 環八通り,11.関前五丁目,15,0,3,139,93,235,17
326,関前１,伏見通り×井の頭通り,R4/10,武蔵野,D 環八通り,11.関前五丁目,16,5,0,163,90,258,15
326,関前１,伏見通り×井の頭通り,R4/10,武蔵野,D 環八通り,11.関前五丁目,17,3,0,165,92,260,26
326,関前１,伏見通り×井の頭通り,R4/10,武蔵野,D 環八通り,11.関前五丁目,18,0,2,205,83,290,34
326,関前１,伏見通り×井の頭通り,R4/10,武蔵野,D 環八通り,11.関前五丁目,12時間計,28,16,1764,953,2761,188
326,関前１,伏見通り×井の頭通り,R4/10,武蔵野,D 環八通り,12.新座,7,1,0,60,12,73,2
326,関前１,伏見通り×井の頭通り,R4/10,武蔵野,D 環八通り,12.新座,8,5,0,65,24,94,2
326,関前１,伏見通り×井の頭通り,R4/10,武蔵野,D 環八通り,12.新座,9,6,5,52,27,90,1
326,関前１,伏見通り×井の頭通り,R4/10,武蔵野,D 環八通り,12.新座,10,2,3,50,42,97,5
326,関前１,伏見通り×井の頭通り,R4/10,武蔵野,D 環八通り,12.新座,11,4,2,66,23,95,3
326,関前１,伏見通り×井の頭通り,R4/10,武蔵野,D 環八通り,12.新座,12,3,2,70,29,104,5
326,関前１,伏見通り×井の頭通り,R4/10,武蔵野,D 環八通り,12.新座,13,4,0,52,32,88,4
326,関前１,伏見通り×井の頭通り,R4/10,武蔵野,D 環八通り,12.新座,14,3,0,66,25,94,3
326,関前１,伏見通り×井の頭通り,R4/10,武蔵野,D 環八通り,12.新座,15,2,2,62,29,95,2
326,関前１,伏見通り×井の頭通り,R4/10,武蔵野,D 環八通り,12.新座,16,7,0,78,36,121,3
326,関前１,伏見通り×井の頭通り,R4/10,武蔵野,D 環八通り,12.新座,17,4,0,75,25,104,7
326,関前１,伏見通り×井の頭通り,R4/10,武蔵野,D 環八通り,12.新座,18,3,0,99,36,138,6
326,関前１,伏見通り×井の頭通り,R4/10,武蔵野,D 環八通り,12.新座,12時間計,44,14,795,340,1193,43
326,関前１,伏見通り×井の頭通り,R4/10,武蔵野,D 環八通り,流入計,7,3,3,210,90,306,23
326,関前１,伏見通り×井の頭通り,R4/10,武蔵野,D 環八通り,流入計,8,11,3,266,105,385,15
326,関前１,伏見通り×井の頭通り,R4/10,武蔵野,D 環八通り,流入計,9,9,6,205,133,353,15
326,関前１,伏見通り×井の頭通り,R4/10,武蔵野,D 環八通り,流入計,10,5,4,220,160,389,19
326,関前１,伏見通り×井の頭通り,R4/10,武蔵野,D 環八通り,流入計,11,8,3,265,133,409,22
326,関前１,伏見通り×井の頭通り,R4/10,武蔵野,D 環八通り,流入計,12,5,6,295,117,423,26
326,関前１,伏見通り×井の頭通り,R4/10,武蔵野,D 環八通り,流入計,13,5,2,253,152,412,18
326,関前１,伏見通り×井の頭通り,R4/10,武蔵野,D 環八通り,流入計,14,6,0,271,140,417,24
326,関前１,伏見通り×井の頭通り,R4/10,武蔵野,D 環八通り,流入計,15,2,7,252,140,401,23
326,関前１,伏見通り×井の頭通り,R4/10,武蔵野,D 環八通り,流入計,16,12,0,288,145,445,24
326,関前１,伏見通り×井の頭通り,R4/10,武蔵野,D 環八通り,流入計,17,8,0,307,139,454,38
326,関前１,伏見通り×井の頭通り,R4/10,武蔵野,D 環八通り,流入計,18,3,2,358,136,499,48
326,関前１,伏見通り×井の頭通り,R4/10,武蔵野,D 環八通り,流入計,12時間計,77,36,3190,1590,4893,295
