﻿地点番号,地点名,交差道路名,調査年月,管轄警察署,流入方向,流出方向,時間帯等,車道通行自転車,歩道通行自転車,自転車計
313,お台場中央,湾岸道路×臨港道路,R4/11,東京湾岸,A お台場海浜公園,1浦安,7,0,-,-
313,お台場中央,湾岸道路×臨港道路,R4/11,東京湾岸,A お台場海浜公園,1浦安,8,0,-,-
313,お台場中央,湾岸道路×臨港道路,R4/11,東京湾岸,A お台場海浜公園,1浦安,9,0,-,-
313,お台場中央,湾岸道路×臨港道路,R4/11,東京湾岸,A お台場海浜公園,1浦安,10,0,-,-
313,お台場中央,湾岸道路×臨港道路,R4/11,東京湾岸,A お台場海浜公園,1浦安,11,0,-,-
313,お台場中央,湾岸道路×臨港道路,R4/11,東京湾岸,A お台場海浜公園,1浦安,12,0,-,-
313,お台場中央,湾岸道路×臨港道路,R4/11,東京湾岸,A お台場海浜公園,1浦安,13,0,-,-
313,お台場中央,湾岸道路×臨港道路,R4/11,東京湾岸,A お台場海浜公園,1浦安,14,0,-,-
313,お台場中央,湾岸道路×臨港道路,R4/11,東京湾岸,A お台場海浜公園,1浦安,15,0,-,-
313,お台場中央,湾岸道路×臨港道路,R4/11,東京湾岸,A お台場海浜公園,1浦安,16,0,-,-
313,お台場中央,湾岸道路×臨港道路,R4/11,東京湾岸,A お台場海浜公園,1浦安,17,0,-,-
313,お台場中央,湾岸道路×臨港道路,R4/11,東京湾岸,A お台場海浜公園,1浦安,18,0,-,-
313,お台場中央,湾岸道路×臨港道路,R4/11,東京湾岸,A お台場海浜公園,1浦安,12時間計,0,-,-
313,お台場中央,湾岸道路×臨港道路,R4/11,東京湾岸,A お台場海浜公園,2青海,7,2,-,-
313,お台場中央,湾岸道路×臨港道路,R4/11,東京湾岸,A お台場海浜公園,2青海,8,7,-,-
313,お台場中央,湾岸道路×臨港道路,R4/11,東京湾岸,A お台場海浜公園,2青海,9,2,-,-
313,お台場中央,湾岸道路×臨港道路,R4/11,東京湾岸,A お台場海浜公園,2青海,10,2,-,-
313,お台場中央,湾岸道路×臨港道路,R4/11,東京湾岸,A お台場海浜公園,2青海,11,7,-,-
313,お台場中央,湾岸道路×臨港道路,R4/11,東京湾岸,A お台場海浜公園,2青海,12,6,-,-
313,お台場中央,湾岸道路×臨港道路,R4/11,東京湾岸,A お台場海浜公園,2青海,13,4,-,-
313,お台場中央,湾岸道路×臨港道路,R4/11,東京湾岸,A お台場海浜公園,2青海,14,10,-,-
313,お台場中央,湾岸道路×臨港道路,R4/11,東京湾岸,A お台場海浜公園,2青海,15,8,-,-
313,お台場中央,湾岸道路×臨港道路,R4/11,東京湾岸,A お台場海浜公園,2青海,16,4,-,-
313,お台場中央,湾岸道路×臨港道路,R4/11,東京湾岸,A お台場海浜公園,2青海,17,14,-,-
313,お台場中央,湾岸道路×臨港道路,R4/11,東京湾岸,A お台場海浜公園,2青海,18,9,-,-
313,お台場中央,湾岸道路×臨港道路,R4/11,東京湾岸,A お台場海浜公園,2青海,12時間計,75,-,-
313,お台場中央,湾岸道路×臨港道路,R4/11,東京湾岸,A お台場海浜公園,3平和島,7,0,-,-
313,お台場中央,湾岸道路×臨港道路,R4/11,東京湾岸,A お台場海浜公園,3平和島,8,0,-,-
313,お台場中央,湾岸道路×臨港道路,R4/11,東京湾岸,A お台場海浜公園,3平和島,9,0,-,-
313,お台場中央,湾岸道路×臨港道路,R4/11,東京湾岸,A お台場海浜公園,3平和島,10,0,-,-
313,お台場中央,湾岸道路×臨港道路,R4/11,東京湾岸,A お台場海浜公園,3平和島,11,0,-,-
313,お台場中央,湾岸道路×臨港道路,R4/11,東京湾岸,A お台場海浜公園,3平和島,12,0,-,-
313,お台場中央,湾岸道路×臨港道路,R4/11,東京湾岸,A お台場海浜公園,3平和島,13,0,-,-
313,お台場中央,湾岸道路×臨港道路,R4/11,東京湾岸,A お台場海浜公園,3平和島,14,0,-,-
313,お台場中央,湾岸道路×臨港道路,R4/11,東京湾岸,A お台場海浜公園,3平和島,15,0,-,-
313,お台場中央,湾岸道路×臨港道路,R4/11,東京湾岸,A お台場海浜公園,3平和島,16,0,-,-
313,お台場中央,湾岸道路×臨港道路,R4/11,東京湾岸,A お台場海浜公園,3平和島,17,0,-,-
313,お台場中央,湾岸道路×臨港道路,R4/11,東京湾岸,A お台場海浜公園,3平和島,18,0,-,-
313,お台場中央,湾岸道路×臨港道路,R4/11,東京湾岸,A お台場海浜公園,3平和島,12時間計,0,-,-
313,お台場中央,湾岸道路×臨港道路,R4/11,東京湾岸,A お台場海浜公園,流入計,7,2,0,2
313,お台場中央,湾岸道路×臨港道路,R4/11,東京湾岸,A お台場海浜公園,流入計,8,7,1,8
313,お台場中央,湾岸道路×臨港道路,R4/11,東京湾岸,A お台場海浜公園,流入計,9,2,0,2
313,お台場中央,湾岸道路×臨港道路,R4/11,東京湾岸,A お台場海浜公園,流入計,10,2,0,2
313,お台場中央,湾岸道路×臨港道路,R4/11,東京湾岸,A お台場海浜公園,流入計,11,7,2,9
313,お台場中央,湾岸道路×臨港道路,R4/11,東京湾岸,A お台場海浜公園,流入計,12,6,2,8
313,お台場中央,湾岸道路×臨港道路,R4/11,東京湾岸,A お台場海浜公園,流入計,13,4,1,5
313,お台場中央,湾岸道路×臨港道路,R4/11,東京湾岸,A お台場海浜公園,流入計,14,10,0,10
313,お台場中央,湾岸道路×臨港道路,R4/11,東京湾岸,A お台場海浜公園,流入計,15,8,2,10
313,お台場中央,湾岸道路×臨港道路,R4/11,東京湾岸,A お台場海浜公園,流入計,16,4,1,5
313,お台場中央,湾岸道路×臨港道路,R4/11,東京湾岸,A お台場海浜公園,流入計,17,14,2,16
313,お台場中央,湾岸道路×臨港道路,R4/11,東京湾岸,A お台場海浜公園,流入計,18,9,0,9
313,お台場中央,湾岸道路×臨港道路,R4/11,東京湾岸,A お台場海浜公園,流入計,12時間計,75,11,86
313,お台場中央,湾岸道路×臨港道路,R4/11,東京湾岸,B 平和島,4お台場海浜公園,7,1,-,-
313,お台場中央,湾岸道路×臨港道路,R4/11,東京湾岸,B 平和島,4お台場海浜公園,8,0,-,-
313,お台場中央,湾岸道路×臨港道路,R4/11,東京湾岸,B 平和島,4お台場海浜公園,9,0,-,-
313,お台場中央,湾岸道路×臨港道路,R4/11,東京湾岸,B 平和島,4お台場海浜公園,10,0,-,-
313,お台場中央,湾岸道路×臨港道路,R4/11,東京湾岸,B 平和島,4お台場海浜公園,11,0,-,-
313,お台場中央,湾岸道路×臨港道路,R4/11,東京湾岸,B 平和島,4お台場海浜公園,12,0,-,-
313,お台場中央,湾岸道路×臨港道路,R4/11,東京湾岸,B 平和島,4お台場海浜公園,13,1,-,-
313,お台場中央,湾岸道路×臨港道路,R4/11,東京湾岸,B 平和島,4お台場海浜公園,14,0,-,-
313,お台場中央,湾岸道路×臨港道路,R4/11,東京湾岸,B 平和島,4お台場海浜公園,15,0,-,-
313,お台場中央,湾岸道路×臨港道路,R4/11,東京湾岸,B 平和島,4お台場海浜公園,16,0,-,-
313,お台場中央,湾岸道路×臨港道路,R4/11,東京湾岸,B 平和島,4お台場海浜公園,17,1,-,-
313,お台場中央,湾岸道路×臨港道路,R4/11,東京湾岸,B 平和島,4お台場海浜公園,18,0,-,-
313,お台場中央,湾岸道路×臨港道路,R4/11,東京湾岸,B 平和島,4お台場海浜公園,12時間計,3,-,-
313,お台場中央,湾岸道路×臨港道路,R4/11,東京湾岸,B 平和島,5浦安,7,0,-,-
313,お台場中央,湾岸道路×臨港道路,R4/11,東京湾岸,B 平和島,5浦安,8,1,-,-
313,お台場中央,湾岸道路×臨港道路,R4/11,東京湾岸,B 平和島,5浦安,9,1,-,-
313,お台場中央,湾岸道路×臨港道路,R4/11,東京湾岸,B 平和島,5浦安,10,0,-,-
313,お台場中央,湾岸道路×臨港道路,R4/11,東京湾岸,B 平和島,5浦安,11,1,-,-
313,お台場中央,湾岸道路×臨港道路,R4/11,東京湾岸,B 平和島,5浦安,12,0,-,-
313,お台場中央,湾岸道路×臨港道路,R4/11,東京湾岸,B 平和島,5浦安,13,2,-,-
313,お台場中央,湾岸道路×臨港道路,R4/11,東京湾岸,B 平和島,5浦安,14,2,-,-
313,お台場中央,湾岸道路×臨港道路,R4/11,東京湾岸,B 平和島,5浦安,15,1,-,-
313,お台場中央,湾岸道路×臨港道路,R4/11,東京湾岸,B 平和島,5浦安,16,2,-,-
313,お台場中央,湾岸道路×臨港道路,R4/11,東京湾岸,B 平和島,5浦安,17,9,-,-
313,お台場中央,湾岸道路×臨港道路,R4/11,東京湾岸,B 平和島,5浦安,18,4,-,-
313,お台場中央,湾岸道路×臨港道路,R4/11,東京湾岸,B 平和島,5浦安,12時間計,23,-,-
313,お台場中央,湾岸道路×臨港道路,R4/11,東京湾岸,B 平和島,6青海,7,0,-,-
313,お台場中央,湾岸道路×臨港道路,R4/11,東京湾岸,B 平和島,6青海,8,0,-,-
313,お台場中央,湾岸道路×臨港道路,R4/11,東京湾岸,B 平和島,6青海,9,0,-,-
313,お台場中央,湾岸道路×臨港道路,R4/11,東京湾岸,B 平和島,6青海,10,0,-,-
313,お台場中央,湾岸道路×臨港道路,R4/11,東京湾岸,B 平和島,6青海,11,0,-,-
313,お台場中央,湾岸道路×臨港道路,R4/11,東京湾岸,B 平和島,6青海,12,0,-,-
313,お台場中央,湾岸道路×臨港道路,R4/11,東京湾岸,B 平和島,6青海,13,0,-,-
313,お台場中央,湾岸道路×臨港道路,R4/11,東京湾岸,B 平和島,6青海,14,0,-,-
313,お台場中央,湾岸道路×臨港道路,R4/11,東京湾岸,B 平和島,6青海,15,0,-,-
313,お台場中央,湾岸道路×臨港道路,R4/11,東京湾岸,B 平和島,6青海,16,0,-,-
313,お台場中央,湾岸道路×臨港道路,R4/11,東京湾岸,B 平和島,6青海,17,0,-,-
313,お台場中央,湾岸道路×臨港道路,R4/11,東京湾岸,B 平和島,6青海,18,0,-,-
313,お台場中央,湾岸道路×臨港道路,R4/11,東京湾岸,B 平和島,6青海,12時間計,0,-,-
313,お台場中央,湾岸道路×臨港道路,R4/11,東京湾岸,B 平和島,7浦安,7,0,-,-
313,お台場中央,湾岸道路×臨港道路,R4/11,東京湾岸,B 平和島,7浦安,8,0,-,-
313,お台場中央,湾岸道路×臨港道路,R4/11,東京湾岸,B 平和島,7浦安,9,0,-,-
313,お台場中央,湾岸道路×臨港道路,R4/11,東京湾岸,B 平和島,7浦安,10,0,-,-
313,お台場中央,湾岸道路×臨港道路,R4/11,東京湾岸,B 平和島,7浦安,11,0,-,-
313,お台場中央,湾岸道路×臨港道路,R4/11,東京湾岸,B 平和島,7浦安,12,0,-,-
313,お台場中央,湾岸道路×臨港道路,R4/11,東京湾岸,B 平和島,7浦安,13,0,-,-
313,お台場中央,湾岸道路×臨港道路,R4/11,東京湾岸,B 平和島,7浦安,14,0,-,-
313,お台場中央,湾岸道路×臨港道路,R4/11,東京湾岸,B 平和島,7浦安,15,0,-,-
313,お台場中央,湾岸道路×臨港道路,R4/11,東京湾岸,B 平和島,7浦安,16,0,-,-
313,お台場中央,湾岸道路×臨港道路,R4/11,東京湾岸,B 平和島,7浦安,17,0,-,-
313,お台場中央,湾岸道路×臨港道路,R4/11,東京湾岸,B 平和島,7浦安,18,0,-,-
313,お台場中央,湾岸道路×臨港道路,R4/11,東京湾岸,B 平和島,7浦安,12時間計,0,-,-
313,お台場中央,湾岸道路×臨港道路,R4/11,東京湾岸,B 平和島,流入計,7,1,0,1
313,お台場中央,湾岸道路×臨港道路,R4/11,東京湾岸,B 平和島,流入計,8,1,2,3
313,お台場中央,湾岸道路×臨港道路,R4/11,東京湾岸,B 平和島,流入計,9,1,2,3
313,お台場中央,湾岸道路×臨港道路,R4/11,東京湾岸,B 平和島,流入計,10,0,0,0
313,お台場中央,湾岸道路×臨港道路,R4/11,東京湾岸,B 平和島,流入計,11,1,1,2
313,お台場中央,湾岸道路×臨港道路,R4/11,東京湾岸,B 平和島,流入計,12,0,1,1
313,お台場中央,湾岸道路×臨港道路,R4/11,東京湾岸,B 平和島,流入計,13,3,5,8
313,お台場中央,湾岸道路×臨港道路,R4/11,東京湾岸,B 平和島,流入計,14,2,0,2
313,お台場中央,湾岸道路×臨港道路,R4/11,東京湾岸,B 平和島,流入計,15,1,2,3
313,お台場中央,湾岸道路×臨港道路,R4/11,東京湾岸,B 平和島,流入計,16,2,1,3
313,お台場中央,湾岸道路×臨港道路,R4/11,東京湾岸,B 平和島,流入計,17,10,8,18
313,お台場中央,湾岸道路×臨港道路,R4/11,東京湾岸,B 平和島,流入計,18,4,4,8
313,お台場中央,湾岸道路×臨港道路,R4/11,東京湾岸,B 平和島,流入計,12時間計,26,26,52
313,お台場中央,湾岸道路×臨港道路,R4/11,東京湾岸,C 青海,8平和島,7,0,-,-
313,お台場中央,湾岸道路×臨港道路,R4/11,東京湾岸,C 青海,8平和島,8,0,-,-
313,お台場中央,湾岸道路×臨港道路,R4/11,東京湾岸,C 青海,8平和島,9,0,-,-
313,お台場中央,湾岸道路×臨港道路,R4/11,東京湾岸,C 青海,8平和島,10,0,-,-
313,お台場中央,湾岸道路×臨港道路,R4/11,東京湾岸,C 青海,8平和島,11,1,-,-
313,お台場中央,湾岸道路×臨港道路,R4/11,東京湾岸,C 青海,8平和島,12,0,-,-
313,お台場中央,湾岸道路×臨港道路,R4/11,東京湾岸,C 青海,8平和島,13,0,-,-
313,お台場中央,湾岸道路×臨港道路,R4/11,東京湾岸,C 青海,8平和島,14,0,-,-
313,お台場中央,湾岸道路×臨港道路,R4/11,東京湾岸,C 青海,8平和島,15,0,-,-
313,お台場中央,湾岸道路×臨港道路,R4/11,東京湾岸,C 青海,8平和島,16,0,-,-
313,お台場中央,湾岸道路×臨港道路,R4/11,東京湾岸,C 青海,8平和島,17,0,-,-
313,お台場中央,湾岸道路×臨港道路,R4/11,東京湾岸,C 青海,8平和島,18,1,-,-
313,お台場中央,湾岸道路×臨港道路,R4/11,東京湾岸,C 青海,8平和島,12時間計,2,-,-
313,お台場中央,湾岸道路×臨港道路,R4/11,東京湾岸,C 青海,9お台場海浜公園,7,0,-,-
313,お台場中央,湾岸道路×臨港道路,R4/11,東京湾岸,C 青海,9お台場海浜公園,8,4,-,-
313,お台場中央,湾岸道路×臨港道路,R4/11,東京湾岸,C 青海,9お台場海浜公園,9,5,-,-
313,お台場中央,湾岸道路×臨港道路,R4/11,東京湾岸,C 青海,9お台場海浜公園,10,4,-,-
313,お台場中央,湾岸道路×臨港道路,R4/11,東京湾岸,C 青海,9お台場海浜公園,11,6,-,-
313,お台場中央,湾岸道路×臨港道路,R4/11,東京湾岸,C 青海,9お台場海浜公園,12,9,-,-
313,お台場中央,湾岸道路×臨港道路,R4/11,東京湾岸,C 青海,9お台場海浜公園,13,6,-,-
313,お台場中央,湾岸道路×臨港道路,R4/11,東京湾岸,C 青海,9お台場海浜公園,14,11,-,-
313,お台場中央,湾岸道路×臨港道路,R4/11,東京湾岸,C 青海,9お台場海浜公園,15,17,-,-
313,お台場中央,湾岸道路×臨港道路,R4/11,東京湾岸,C 青海,9お台場海浜公園,16,8,-,-
313,お台場中央,湾岸道路×臨港道路,R4/11,東京湾岸,C 青海,9お台場海浜公園,17,9,-,-
313,お台場中央,湾岸道路×臨港道路,R4/11,東京湾岸,C 青海,9お台場海浜公園,18,13,-,-
313,お台場中央,湾岸道路×臨港道路,R4/11,東京湾岸,C 青海,9お台場海浜公園,12時間計,92,-,-
313,お台場中央,湾岸道路×臨港道路,R4/11,東京湾岸,C 青海,10浦安,7,0,-,-
313,お台場中央,湾岸道路×臨港道路,R4/11,東京湾岸,C 青海,10浦安,8,0,-,-
313,お台場中央,湾岸道路×臨港道路,R4/11,東京湾岸,C 青海,10浦安,9,0,-,-
313,お台場中央,湾岸道路×臨港道路,R4/11,東京湾岸,C 青海,10浦安,10,0,-,-
313,お台場中央,湾岸道路×臨港道路,R4/11,東京湾岸,C 青海,10浦安,11,0,-,-
313,お台場中央,湾岸道路×臨港道路,R4/11,東京湾岸,C 青海,10浦安,12,0,-,-
313,お台場中央,湾岸道路×臨港道路,R4/11,東京湾岸,C 青海,10浦安,13,0,-,-
313,お台場中央,湾岸道路×臨港道路,R4/11,東京湾岸,C 青海,10浦安,14,0,-,-
313,お台場中央,湾岸道路×臨港道路,R4/11,東京湾岸,C 青海,10浦安,15,0,-,-
313,お台場中央,湾岸道路×臨港道路,R4/11,東京湾岸,C 青海,10浦安,16,0,-,-
313,お台場中央,湾岸道路×臨港道路,R4/11,東京湾岸,C 青海,10浦安,17,0,-,-
313,お台場中央,湾岸道路×臨港道路,R4/11,東京湾岸,C 青海,10浦安,18,0,-,-
313,お台場中央,湾岸道路×臨港道路,R4/11,東京湾岸,C 青海,10浦安,12時間計,0,-,-
313,お台場中央,湾岸道路×臨港道路,R4/11,東京湾岸,C 青海,流入計,7,0,0,0
313,お台場中央,湾岸道路×臨港道路,R4/11,東京湾岸,C 青海,流入計,8,4,2,6
313,お台場中央,湾岸道路×臨港道路,R4/11,東京湾岸,C 青海,流入計,9,5,1,6
313,お台場中央,湾岸道路×臨港道路,R4/11,東京湾岸,C 青海,流入計,10,4,0,4
313,お台場中央,湾岸道路×臨港道路,R4/11,東京湾岸,C 青海,流入計,11,7,4,11
313,お台場中央,湾岸道路×臨港道路,R4/11,東京湾岸,C 青海,流入計,12,9,1,10
313,お台場中央,湾岸道路×臨港道路,R4/11,東京湾岸,C 青海,流入計,13,6,1,7
313,お台場中央,湾岸道路×臨港道路,R4/11,東京湾岸,C 青海,流入計,14,11,3,14
313,お台場中央,湾岸道路×臨港道路,R4/11,東京湾岸,C 青海,流入計,15,17,3,20
313,お台場中央,湾岸道路×臨港道路,R4/11,東京湾岸,C 青海,流入計,16,8,2,10
313,お台場中央,湾岸道路×臨港道路,R4/11,東京湾岸,C 青海,流入計,17,9,3,12
313,お台場中央,湾岸道路×臨港道路,R4/11,東京湾岸,C 青海,流入計,18,14,5,19
313,お台場中央,湾岸道路×臨港道路,R4/11,東京湾岸,C 青海,流入計,12時間計,94,25,119
313,お台場中央,湾岸道路×臨港道路,R4/11,東京湾岸,D 浦安,11青海,7,0,-,-
313,お台場中央,湾岸道路×臨港道路,R4/11,東京湾岸,D 浦安,11青海,8,0,-,-
313,お台場中央,湾岸道路×臨港道路,R4/11,東京湾岸,D 浦安,11青海,9,0,-,-
313,お台場中央,湾岸道路×臨港道路,R4/11,東京湾岸,D 浦安,11青海,10,0,-,-
313,お台場中央,湾岸道路×臨港道路,R4/11,東京湾岸,D 浦安,11青海,11,1,-,-
313,お台場中央,湾岸道路×臨港道路,R4/11,東京湾岸,D 浦安,11青海,12,0,-,-
313,お台場中央,湾岸道路×臨港道路,R4/11,東京湾岸,D 浦安,11青海,13,0,-,-
313,お台場中央,湾岸道路×臨港道路,R4/11,東京湾岸,D 浦安,11青海,14,0,-,-
313,お台場中央,湾岸道路×臨港道路,R4/11,東京湾岸,D 浦安,11青海,15,0,-,-
313,お台場中央,湾岸道路×臨港道路,R4/11,東京湾岸,D 浦安,11青海,16,0,-,-
313,お台場中央,湾岸道路×臨港道路,R4/11,東京湾岸,D 浦安,11青海,17,0,-,-
313,お台場中央,湾岸道路×臨港道路,R4/11,東京湾岸,D 浦安,11青海,18,0,-,-
313,お台場中央,湾岸道路×臨港道路,R4/11,東京湾岸,D 浦安,11青海,12時間計,1,-,-
313,お台場中央,湾岸道路×臨港道路,R4/11,東京湾岸,D 浦安,12平和島,7,1,-,-
313,お台場中央,湾岸道路×臨港道路,R4/11,東京湾岸,D 浦安,12平和島,8,5,-,-
313,お台場中央,湾岸道路×臨港道路,R4/11,東京湾岸,D 浦安,12平和島,9,1,-,-
313,お台場中央,湾岸道路×臨港道路,R4/11,東京湾岸,D 浦安,12平和島,10,4,-,-
313,お台場中央,湾岸道路×臨港道路,R4/11,東京湾岸,D 浦安,12平和島,11,8,-,-
313,お台場中央,湾岸道路×臨港道路,R4/11,東京湾岸,D 浦安,12平和島,12,0,-,-
313,お台場中央,湾岸道路×臨港道路,R4/11,東京湾岸,D 浦安,12平和島,13,0,-,-
313,お台場中央,湾岸道路×臨港道路,R4/11,東京湾岸,D 浦安,12平和島,14,7,-,-
313,お台場中央,湾岸道路×臨港道路,R4/11,東京湾岸,D 浦安,12平和島,15,2,-,-
313,お台場中央,湾岸道路×臨港道路,R4/11,東京湾岸,D 浦安,12平和島,16,8,-,-
313,お台場中央,湾岸道路×臨港道路,R4/11,東京湾岸,D 浦安,12平和島,17,8,-,-
313,お台場中央,湾岸道路×臨港道路,R4/11,東京湾岸,D 浦安,12平和島,18,2,-,-
313,お台場中央,湾岸道路×臨港道路,R4/11,東京湾岸,D 浦安,12平和島,12時間計,46,-,-
313,お台場中央,湾岸道路×臨港道路,R4/11,東京湾岸,D 浦安,13お台場海浜公園,7,0,-,-
313,お台場中央,湾岸道路×臨港道路,R4/11,東京湾岸,D 浦安,13お台場海浜公園,8,0,-,-
313,お台場中央,湾岸道路×臨港道路,R4/11,東京湾岸,D 浦安,13お台場海浜公園,9,0,-,-
313,お台場中央,湾岸道路×臨港道路,R4/11,東京湾岸,D 浦安,13お台場海浜公園,10,0,-,-
313,お台場中央,湾岸道路×臨港道路,R4/11,東京湾岸,D 浦安,13お台場海浜公園,11,0,-,-
313,お台場中央,湾岸道路×臨港道路,R4/11,東京湾岸,D 浦安,13お台場海浜公園,12,0,-,-
313,お台場中央,湾岸道路×臨港道路,R4/11,東京湾岸,D 浦安,13お台場海浜公園,13,0,-,-
313,お台場中央,湾岸道路×臨港道路,R4/11,東京湾岸,D 浦安,13お台場海浜公園,14,0,-,-
313,お台場中央,湾岸道路×臨港道路,R4/11,東京湾岸,D 浦安,13お台場海浜公園,15,0,-,-
313,お台場中央,湾岸道路×臨港道路,R4/11,東京湾岸,D 浦安,13お台場海浜公園,16,0,-,-
313,お台場中央,湾岸道路×臨港道路,R4/11,東京湾岸,D 浦安,13お台場海浜公園,17,0,-,-
313,お台場中央,湾岸道路×臨港道路,R4/11,東京湾岸,D 浦安,13お台場海浜公園,18,0,-,-
313,お台場中央,湾岸道路×臨港道路,R4/11,東京湾岸,D 浦安,13お台場海浜公園,12時間計,0,-,-
313,お台場中央,湾岸道路×臨港道路,R4/11,東京湾岸,D 浦安,14平和島,7,0,-,-
313,お台場中央,湾岸道路×臨港道路,R4/11,東京湾岸,D 浦安,14平和島,8,0,-,-
313,お台場中央,湾岸道路×臨港道路,R4/11,東京湾岸,D 浦安,14平和島,9,0,-,-
313,お台場中央,湾岸道路×臨港道路,R4/11,東京湾岸,D 浦安,14平和島,10,0,-,-
313,お台場中央,湾岸道路×臨港道路,R4/11,東京湾岸,D 浦安,14平和島,11,0,-,-
313,お台場中央,湾岸道路×臨港道路,R4/11,東京湾岸,D 浦安,14平和島,12,0,-,-
313,お台場中央,湾岸道路×臨港道路,R4/11,東京湾岸,D 浦安,14平和島,13,0,-,-
313,お台場中央,湾岸道路×臨港道路,R4/11,東京湾岸,D 浦安,14平和島,14,0,-,-
313,お台場中央,湾岸道路×臨港道路,R4/11,東京湾岸,D 浦安,14平和島,15,0,-,-
313,お台場中央,湾岸道路×臨港道路,R4/11,東京湾岸,D 浦安,14平和島,16,0,-,-
313,お台場中央,湾岸道路×臨港道路,R4/11,東京湾岸,D 浦安,14平和島,17,0,-,-
313,お台場中央,湾岸道路×臨港道路,R4/11,東京湾岸,D 浦安,14平和島,18,0,-,-
313,お台場中央,湾岸道路×臨港道路,R4/11,東京湾岸,D 浦安,14平和島,12時間計,0,-,-
313,お台場中央,湾岸道路×臨港道路,R4/11,東京湾岸,D 浦安,流入計,7,1,0,1
313,お台場中央,湾岸道路×臨港道路,R4/11,東京湾岸,D 浦安,流入計,8,5,2,7
313,お台場中央,湾岸道路×臨港道路,R4/11,東京湾岸,D 浦安,流入計,9,1,3,4
313,お台場中央,湾岸道路×臨港道路,R4/11,東京湾岸,D 浦安,流入計,10,4,0,4
313,お台場中央,湾岸道路×臨港道路,R4/11,東京湾岸,D 浦安,流入計,11,9,4,13
313,お台場中央,湾岸道路×臨港道路,R4/11,東京湾岸,D 浦安,流入計,12,0,5,5
313,お台場中央,湾岸道路×臨港道路,R4/11,東京湾岸,D 浦安,流入計,13,0,1,1
313,お台場中央,湾岸道路×臨港道路,R4/11,東京湾岸,D 浦安,流入計,14,7,1,8
313,お台場中央,湾岸道路×臨港道路,R4/11,東京湾岸,D 浦安,流入計,15,2,4,6
313,お台場中央,湾岸道路×臨港道路,R4/11,東京湾岸,D 浦安,流入計,16,8,0,8
313,お台場中央,湾岸道路×臨港道路,R4/11,東京湾岸,D 浦安,流入計,17,8,1,9
313,お台場中央,湾岸道路×臨港道路,R4/11,東京湾岸,D 浦安,流入計,18,2,0,2
313,お台場中央,湾岸道路×臨港道路,R4/11,東京湾岸,D 浦安,流入計,12時間計,47,21,68
313,お台場中央,湾岸道路×臨港道路,R4/11,東京湾岸,全方向計,全方向計,7,4,0,4
313,お台場中央,湾岸道路×臨港道路,R4/11,東京湾岸,全方向計,全方向計,8,17,7,24
313,お台場中央,湾岸道路×臨港道路,R4/11,東京湾岸,全方向計,全方向計,9,9,6,15
313,お台場中央,湾岸道路×臨港道路,R4/11,東京湾岸,全方向計,全方向計,10,10,0,10
313,お台場中央,湾岸道路×臨港道路,R4/11,東京湾岸,全方向計,全方向計,11,24,11,35
313,お台場中央,湾岸道路×臨港道路,R4/11,東京湾岸,全方向計,全方向計,12,15,9,24
313,お台場中央,湾岸道路×臨港道路,R4/11,東京湾岸,全方向計,全方向計,13,13,8,21
313,お台場中央,湾岸道路×臨港道路,R4/11,東京湾岸,全方向計,全方向計,14,30,4,34
313,お台場中央,湾岸道路×臨港道路,R4/11,東京湾岸,全方向計,全方向計,15,28,11,39
313,お台場中央,湾岸道路×臨港道路,R4/11,東京湾岸,全方向計,全方向計,16,22,4,26
313,お台場中央,湾岸道路×臨港道路,R4/11,東京湾岸,全方向計,全方向計,17,41,14,55
313,お台場中央,湾岸道路×臨港道路,R4/11,東京湾岸,全方向計,全方向計,18,29,9,38
313,お台場中央,湾岸道路×臨港道路,R4/11,東京湾岸,全方向計,全方向計,12時間計,242,83,325
