﻿地点番号,地点名,交差道路名,調査年月,管轄警察署,流出方向,時間帯等,大型乗用,大型貨物,普通乗用,普通貨物,四輪計,二輪車
313,お台場中央,湾岸道路×臨港道路,R4/11,東京湾岸,A お台場海浜公園,7,8,7,100,40,155,2
313,お台場中央,湾岸道路×臨港道路,R4/11,東京湾岸,A お台場海浜公園,8,13,3,117,31,164,6
313,お台場中央,湾岸道路×臨港道路,R4/11,東京湾岸,A お台場海浜公園,9,9,9,164,57,239,0
313,お台場中央,湾岸道路×臨港道路,R4/11,東京湾岸,A お台場海浜公園,10,13,3,137,59,212,5
313,お台場中央,湾岸道路×臨港道路,R4/11,東京湾岸,A お台場海浜公園,11,7,7,179,45,238,7
313,お台場中央,湾岸道路×臨港道路,R4/11,東京湾岸,A お台場海浜公園,12,8,3,141,37,189,10
313,お台場中央,湾岸道路×臨港道路,R4/11,東京湾岸,A お台場海浜公園,13,8,4,134,47,193,6
313,お台場中央,湾岸道路×臨港道路,R4/11,東京湾岸,A お台場海浜公園,14,15,4,134,54,207,9
313,お台場中央,湾岸道路×臨港道路,R4/11,東京湾岸,A お台場海浜公園,15,12,5,133,48,198,11
313,お台場中央,湾岸道路×臨港道路,R4/11,東京湾岸,A お台場海浜公園,16,11,4,146,53,214,9
313,お台場中央,湾岸道路×臨港道路,R4/11,東京湾岸,A お台場海浜公園,17,18,3,175,32,228,7
313,お台場中央,湾岸道路×臨港道路,R4/11,東京湾岸,A お台場海浜公園,18,9,4,150,24,187,7
313,お台場中央,湾岸道路×臨港道路,R4/11,東京湾岸,A お台場海浜公園,12時間計,131,56,1710,527,2424,79
313,お台場中央,湾岸道路×臨港道路,R4/11,東京湾岸,B 平和島,7,8,87,596,393,1084,95
313,お台場中央,湾岸道路×臨港道路,R4/11,東京湾岸,B 平和島,8,9,348,558,477,1392,58
313,お台場中央,湾岸道路×臨港道路,R4/11,東京湾岸,B 平和島,9,12,307,559,431,1309,52
313,お台場中央,湾岸道路×臨港道路,R4/11,東京湾岸,B 平和島,10,14,304,481,648,1447,36
313,お台場中央,湾岸道路×臨港道路,R4/11,東京湾岸,B 平和島,11,13,324,514,583,1434,33
313,お台場中央,湾岸道路×臨港道路,R4/11,東京湾岸,B 平和島,12,12,222,508,507,1249,36
313,お台場中央,湾岸道路×臨港道路,R4/11,東京湾岸,B 平和島,13,22,326,554,563,1465,41
313,お台場中央,湾岸道路×臨港道路,R4/11,東京湾岸,B 平和島,14,20,324,590,490,1424,32
313,お台場中央,湾岸道路×臨港道路,R4/11,東京湾岸,B 平和島,15,12,273,684,506,1475,51
313,お台場中央,湾岸道路×臨港道路,R4/11,東京湾岸,B 平和島,16,15,255,657,559,1486,60
313,お台場中央,湾岸道路×臨港道路,R4/11,東京湾岸,B 平和島,17,20,194,908,452,1574,65
313,お台場中央,湾岸道路×臨港道路,R4/11,東京湾岸,B 平和島,18,19,181,999,433,1632,95
313,お台場中央,湾岸道路×臨港道路,R4/11,東京湾岸,B 平和島,12時間計,176,3145,7608,6042,16971,654
313,お台場中央,湾岸道路×臨港道路,R4/11,東京湾岸,C 青海,7,7,69,227,72,375,13
313,お台場中央,湾岸道路×臨港道路,R4/11,東京湾岸,C 青海,8,14,108,214,123,459,9
313,お台場中央,湾岸道路×臨港道路,R4/11,東京湾岸,C 青海,9,22,156,207,141,526,12
313,お台場中央,湾岸道路×臨港道路,R4/11,東京湾岸,C 青海,10,16,228,180,141,565,13
313,お台場中央,湾岸道路×臨港道路,R4/11,東京湾岸,C 青海,11,16,245,152,204,617,13
313,お台場中央,湾岸道路×臨港道路,R4/11,東京湾岸,C 青海,12,8,171,160,145,484,9
313,お台場中央,湾岸道路×臨港道路,R4/11,東京湾岸,C 青海,13,15,122,174,125,436,10
313,お台場中央,湾岸道路×臨港道路,R4/11,東京湾岸,C 青海,14,20,164,205,136,525,15
313,お台場中央,湾岸道路×臨港道路,R4/11,東京湾岸,C 青海,15,19,148,190,117,474,20
313,お台場中央,湾岸道路×臨港道路,R4/11,東京湾岸,C 青海,16,12,85,150,115,362,8
313,お台場中央,湾岸道路×臨港道路,R4/11,東京湾岸,C 青海,17,22,59,150,62,293,7
313,お台場中央,湾岸道路×臨港道路,R4/11,東京湾岸,C 青海,18,13,41,116,54,224,8
313,お台場中央,湾岸道路×臨港道路,R4/11,東京湾岸,C 青海,12時間計,184,1596,2125,1435,5340,137
313,お台場中央,湾岸道路×臨港道路,R4/11,東京湾岸,D 浦安,7,23,173,658,482,1336,89
313,お台場中央,湾岸道路×臨港道路,R4/11,東京湾岸,D 浦安,8,18,172,650,492,1332,86
313,お台場中央,湾岸道路×臨港道路,R4/11,東京湾岸,D 浦安,9,21,275,444,460,1200,59
313,お台場中央,湾岸道路×臨港道路,R4/11,東京湾岸,D 浦安,10,8,282,380,427,1097,36
313,お台場中央,湾岸道路×臨港道路,R4/11,東京湾岸,D 浦安,11,20,257,437,426,1140,31
313,お台場中央,湾岸道路×臨港道路,R4/11,東京湾岸,D 浦安,12,13,228,430,439,1110,41
313,お台場中央,湾岸道路×臨港道路,R4/11,東京湾岸,D 浦安,13,15,260,450,424,1149,33
313,お台場中央,湾岸道路×臨港道路,R4/11,東京湾岸,D 浦安,14,13,287,424,415,1139,43
313,お台場中央,湾岸道路×臨港道路,R4/11,東京湾岸,D 浦安,15,15,277,450,372,1114,40
313,お台場中央,湾岸道路×臨港道路,R4/11,東京湾岸,D 浦安,16,13,210,502,389,1114,68
313,お台場中央,湾岸道路×臨港道路,R4/11,東京湾岸,D 浦安,17,16,190,733,314,1253,93
313,お台場中央,湾岸道路×臨港道路,R4/11,東京湾岸,D 浦安,18,20,132,697,255,1104,82
313,お台場中央,湾岸道路×臨港道路,R4/11,東京湾岸,D 浦安,12時間計,195,2743,6255,4895,14088,701
313,お台場中央,湾岸道路×臨港道路,R4/11,東京湾岸,全方向合計,7,46,336,1581,987,2950,199
313,お台場中央,湾岸道路×臨港道路,R4/11,東京湾岸,全方向合計,8,54,631,1539,1123,3347,159
313,お台場中央,湾岸道路×臨港道路,R4/11,東京湾岸,全方向合計,9,64,747,1374,1089,3274,123
313,お台場中央,湾岸道路×臨港道路,R4/11,東京湾岸,全方向合計,10,51,817,1178,1275,3321,90
313,お台場中央,湾岸道路×臨港道路,R4/11,東京湾岸,全方向合計,11,56,833,1282,1258,3429,84
313,お台場中央,湾岸道路×臨港道路,R4/11,東京湾岸,全方向合計,12,41,624,1239,1128,3032,96
313,お台場中央,湾岸道路×臨港道路,R4/11,東京湾岸,全方向合計,13,60,712,1312,1159,3243,90
313,お台場中央,湾岸道路×臨港道路,R4/11,東京湾岸,全方向合計,14,68,779,1353,1095,3295,99
313,お台場中央,湾岸道路×臨港道路,R4/11,東京湾岸,全方向合計,15,58,703,1457,1043,3261,122
313,お台場中央,湾岸道路×臨港道路,R4/11,東京湾岸,全方向合計,16,51,554,1455,1116,3176,145
313,お台場中央,湾岸道路×臨港道路,R4/11,東京湾岸,全方向合計,17,76,446,1966,860,3348,172
313,お台場中央,湾岸道路×臨港道路,R4/11,東京湾岸,全方向合計,18,61,358,1962,766,3147,192
313,お台場中央,湾岸道路×臨港道路,R4/11,東京湾岸,全方向合計,12時間計,686,7540,17698,12899,38823,1571
