﻿地点番号,地点名,交差道路名,調査年月,管轄警察署,流入方向,流出方向,時間帯等,大型乗用,大型貨物,普通乗用,普通貨物,四輪計,二輪車
313,お台場中央,湾岸道路×臨港道路,R4/11,東京湾岸,A お台場海浜公園,1.浦安,7,0,0,5,1,6,0
313,お台場中央,湾岸道路×臨港道路,R4/11,東京湾岸,A お台場海浜公園,1.浦安,8,0,0,5,9,14,1
313,お台場中央,湾岸道路×臨港道路,R4/11,東京湾岸,A お台場海浜公園,1.浦安,9,0,0,7,19,26,0
313,お台場中央,湾岸道路×臨港道路,R4/11,東京湾岸,A お台場海浜公園,1.浦安,10,0,0,19,11,30,0
313,お台場中央,湾岸道路×臨港道路,R4/11,東京湾岸,A お台場海浜公園,1.浦安,11,0,0,12,12,24,0
313,お台場中央,湾岸道路×臨港道路,R4/11,東京湾岸,A お台場海浜公園,1.浦安,12,0,0,18,10,28,0
313,お台場中央,湾岸道路×臨港道路,R4/11,東京湾岸,A お台場海浜公園,1.浦安,13,3,0,23,12,38,0
313,お台場中央,湾岸道路×臨港道路,R4/11,東京湾岸,A お台場海浜公園,1.浦安,14,0,0,19,10,29,1
313,お台場中央,湾岸道路×臨港道路,R4/11,東京湾岸,A お台場海浜公園,1.浦安,15,0,0,22,12,34,0
313,お台場中央,湾岸道路×臨港道路,R4/11,東京湾岸,A お台場海浜公園,1.浦安,16,0,0,21,6,27,1
313,お台場中央,湾岸道路×臨港道路,R4/11,東京湾岸,A お台場海浜公園,1.浦安,17,0,1,24,5,30,0
313,お台場中央,湾岸道路×臨港道路,R4/11,東京湾岸,A お台場海浜公園,1.浦安,18,0,0,23,0,23,2
313,お台場中央,湾岸道路×臨港道路,R4/11,東京湾岸,A お台場海浜公園,1.浦安,12時間計,3,1,198,107,309,5
313,お台場中央,湾岸道路×臨港道路,R4/11,東京湾岸,A お台場海浜公園,2.青海,7,4,23,100,32,159,7
313,お台場中央,湾岸道路×臨港道路,R4/11,東京湾岸,A お台場海浜公園,2.青海,8,8,45,90,38,181,3
313,お台場中央,湾岸道路×臨港道路,R4/11,東京湾岸,A お台場海浜公園,2.青海,9,6,57,69,53,185,6
313,お台場中央,湾岸道路×臨港道路,R4/11,東京湾岸,A お台場海浜公園,2.青海,10,8,69,62,64,203,6
313,お台場中央,湾岸道路×臨港道路,R4/11,東京湾岸,A お台場海浜公園,2.青海,11,9,95,60,94,258,5
313,お台場中央,湾岸道路×臨港道路,R4/11,東京湾岸,A お台場海浜公園,2.青海,12,5,63,65,68,201,4
313,お台場中央,湾岸道路×臨港道路,R4/11,東京湾岸,A お台場海浜公園,2.青海,13,10,39,74,40,163,5
313,お台場中央,湾岸道路×臨港道路,R4/11,東京湾岸,A お台場海浜公園,2.青海,14,14,69,93,64,240,7
313,お台場中央,湾岸道路×臨港道路,R4/11,東京湾岸,A お台場海浜公園,2.青海,15,9,53,88,49,199,11
313,お台場中央,湾岸道路×臨港道路,R4/11,東京湾岸,A お台場海浜公園,2.青海,16,6,35,53,52,146,4
313,お台場中央,湾岸道路×臨港道路,R4/11,東京湾岸,A お台場海浜公園,2.青海,17,11,23,55,27,116,4
313,お台場中央,湾岸道路×臨港道路,R4/11,東京湾岸,A お台場海浜公園,2.青海,18,8,17,42,24,91,3
313,お台場中央,湾岸道路×臨港道路,R4/11,東京湾岸,A お台場海浜公園,2.青海,12時間計,98,588,851,605,2142,65
313,お台場中央,湾岸道路×臨港道路,R4/11,東京湾岸,A お台場海浜公園,3.平和島,7,2,3,40,13,58,3
313,お台場中央,湾岸道路×臨港道路,R4/11,東京湾岸,A お台場海浜公園,3.平和島,8,2,6,41,12,61,0
313,お台場中央,湾岸道路×臨港道路,R4/11,東京湾岸,A お台場海浜公園,3.平和島,9,3,10,69,29,111,1
313,お台場中央,湾岸道路×臨港道路,R4/11,東京湾岸,A お台場海浜公園,3.平和島,10,4,5,67,35,111,3
313,お台場中央,湾岸道路×臨港道路,R4/11,東京湾岸,A お台場海浜公園,3.平和島,11,2,3,83,41,129,2
313,お台場中央,湾岸道路×臨港道路,R4/11,東京湾岸,A お台場海浜公園,3.平和島,12,3,4,87,41,135,4
313,お台場中央,湾岸道路×臨港道路,R4/11,東京湾岸,A お台場海浜公園,3.平和島,13,6,6,85,38,135,0
313,お台場中央,湾岸道路×臨港道路,R4/11,東京湾岸,A お台場海浜公園,3.平和島,14,3,3,102,30,138,0
313,お台場中央,湾岸道路×臨港道路,R4/11,東京湾岸,A お台場海浜公園,3.平和島,15,2,8,124,33,167,7
313,お台場中央,湾岸道路×臨港道路,R4/11,東京湾岸,A お台場海浜公園,3.平和島,16,2,5,121,35,163,4
313,お台場中央,湾岸道路×臨港道路,R4/11,東京湾岸,A お台場海浜公園,3.平和島,17,2,2,137,29,170,3
313,お台場中央,湾岸道路×臨港道路,R4/11,東京湾岸,A お台場海浜公園,3.平和島,18,6,3,146,13,168,7
313,お台場中央,湾岸道路×臨港道路,R4/11,東京湾岸,A お台場海浜公園,3.平和島,12時間計,37,58,1102,349,1546,34
313,お台場中央,湾岸道路×臨港道路,R4/11,東京湾岸,A お台場海浜公園,流入計,7,6,26,145,46,223,10
313,お台場中央,湾岸道路×臨港道路,R4/11,東京湾岸,A お台場海浜公園,流入計,8,10,51,136,59,256,4
313,お台場中央,湾岸道路×臨港道路,R4/11,東京湾岸,A お台場海浜公園,流入計,9,9,67,145,101,322,7
313,お台場中央,湾岸道路×臨港道路,R4/11,東京湾岸,A お台場海浜公園,流入計,10,12,74,148,110,344,9
313,お台場中央,湾岸道路×臨港道路,R4/11,東京湾岸,A お台場海浜公園,流入計,11,11,98,155,147,411,7
313,お台場中央,湾岸道路×臨港道路,R4/11,東京湾岸,A お台場海浜公園,流入計,12,8,67,170,119,364,8
313,お台場中央,湾岸道路×臨港道路,R4/11,東京湾岸,A お台場海浜公園,流入計,13,19,45,182,90,336,5
313,お台場中央,湾岸道路×臨港道路,R4/11,東京湾岸,A お台場海浜公園,流入計,14,17,72,214,104,407,8
313,お台場中央,湾岸道路×臨港道路,R4/11,東京湾岸,A お台場海浜公園,流入計,15,11,61,234,94,400,18
313,お台場中央,湾岸道路×臨港道路,R4/11,東京湾岸,A お台場海浜公園,流入計,16,8,40,195,93,336,9
313,お台場中央,湾岸道路×臨港道路,R4/11,東京湾岸,A お台場海浜公園,流入計,17,13,26,216,61,316,7
313,お台場中央,湾岸道路×臨港道路,R4/11,東京湾岸,A お台場海浜公園,流入計,18,14,20,211,37,282,12
313,お台場中央,湾岸道路×臨港道路,R4/11,東京湾岸,A お台場海浜公園,流入計,12時間計,138,647,2151,1061,3997,104
313,お台場中央,湾岸道路×臨港道路,R4/11,東京湾岸,B 平和島,4.お台場海浜公園,7,3,3,19,14,39,1
313,お台場中央,湾岸道路×臨港道路,R4/11,東京湾岸,B 平和島,4.お台場海浜公園,8,7,0,33,15,55,2
313,お台場中央,湾岸道路×臨港道路,R4/11,東京湾岸,B 平和島,4.お台場海浜公園,9,3,3,62,20,88,0
313,お台場中央,湾岸道路×臨港道路,R4/11,東京湾岸,B 平和島,4.お台場海浜公園,10,8,1,49,19,77,0
313,お台場中央,湾岸道路×臨港道路,R4/11,東京湾岸,B 平和島,4.お台場海浜公園,11,3,4,64,14,85,3
313,お台場中央,湾岸道路×臨港道路,R4/11,東京湾岸,B 平和島,4.お台場海浜公園,12,4,0,52,11,67,1
313,お台場中央,湾岸道路×臨港道路,R4/11,東京湾岸,B 平和島,4.お台場海浜公園,13,3,2,59,13,77,3
313,お台場中央,湾岸道路×臨港道路,R4/11,東京湾岸,B 平和島,4.お台場海浜公園,14,6,3,52,15,76,3
313,お台場中央,湾岸道路×臨港道路,R4/11,東京湾岸,B 平和島,4.お台場海浜公園,15,4,1,46,17,68,0
313,お台場中央,湾岸道路×臨港道路,R4/11,東京湾岸,B 平和島,4.お台場海浜公園,16,3,0,56,14,73,0
313,お台場中央,湾岸道路×臨港道路,R4/11,東京湾岸,B 平和島,4.お台場海浜公園,17,8,2,71,4,85,0
313,お台場中央,湾岸道路×臨港道路,R4/11,東京湾岸,B 平和島,4.お台場海浜公園,18,2,0,54,3,59,0
313,お台場中央,湾岸道路×臨港道路,R4/11,東京湾岸,B 平和島,4.お台場海浜公園,12時間計,54,19,617,159,849,13
313,お台場中央,湾岸道路×臨港道路,R4/11,東京湾岸,B 平和島,5.浦安,7,1,19,66,49,135,1
313,お台場中央,湾岸道路×臨港道路,R4/11,東京湾岸,B 平和島,5.浦安,8,2,23,111,55,191,3
313,お台場中央,湾岸道路×臨港道路,R4/11,東京湾岸,B 平和島,5.浦安,9,3,26,84,44,157,6
313,お台場中央,湾岸道路×臨港道路,R4/11,東京湾岸,B 平和島,5.浦安,10,1,26,70,42,139,2
313,お台場中央,湾岸道路×臨港道路,R4/11,東京湾岸,B 平和島,5.浦安,11,4,20,83,40,147,2
313,お台場中央,湾岸道路×臨港道路,R4/11,東京湾岸,B 平和島,5.浦安,12,5,32,81,46,164,5
313,お台場中央,湾岸道路×臨港道路,R4/11,東京湾岸,B 平和島,5.浦安,13,2,21,85,41,149,1
313,お台場中央,湾岸道路×臨港道路,R4/11,東京湾岸,B 平和島,5.浦安,14,1,25,85,32,143,4
313,お台場中央,湾岸道路×臨港道路,R4/11,東京湾岸,B 平和島,5.浦安,15,0,21,81,33,135,4
313,お台場中央,湾岸道路×臨港道路,R4/11,東京湾岸,B 平和島,5.浦安,16,0,12,89,34,135,4
313,お台場中央,湾岸道路×臨港道路,R4/11,東京湾岸,B 平和島,5.浦安,17,1,19,106,43,169,1
313,お台場中央,湾岸道路×臨港道路,R4/11,東京湾岸,B 平和島,5.浦安,18,2,21,103,27,153,5
313,お台場中央,湾岸道路×臨港道路,R4/11,東京湾岸,B 平和島,5.浦安,12時間計,22,265,1044,486,1817,38
313,お台場中央,湾岸道路×臨港道路,R4/11,東京湾岸,B 平和島,6.青海,7,3,24,77,27,131,2
313,お台場中央,湾岸道路×臨港道路,R4/11,東京湾岸,B 平和島,6.青海,8,4,38,74,47,163,1
313,お台場中央,湾岸道路×臨港道路,R4/11,東京湾岸,B 平和島,6.青海,9,13,52,96,57,218,2
313,お台場中央,湾岸道路×臨港道路,R4/11,東京湾岸,B 平和島,6.青海,10,7,107,66,52,232,4
313,お台場中央,湾岸道路×臨港道路,R4/11,東京湾岸,B 平和島,6.青海,11,7,77,65,65,214,3
313,お台場中央,湾岸道路×臨港道路,R4/11,東京湾岸,B 平和島,6.青海,12,2,59,60,54,175,2
313,お台場中央,湾岸道路×臨港道路,R4/11,東京湾岸,B 平和島,6.青海,13,5,42,70,59,176,1
313,お台場中央,湾岸道路×臨港道路,R4/11,東京湾岸,B 平和島,6.青海,14,5,63,79,44,191,7
313,お台場中央,湾岸道路×臨港道路,R4/11,東京湾岸,B 平和島,6.青海,15,7,56,75,48,186,6
313,お台場中央,湾岸道路×臨港道路,R4/11,東京湾岸,B 平和島,6.青海,16,6,32,74,47,159,2
313,お台場中央,湾岸道路×臨港道路,R4/11,東京湾岸,B 平和島,6.青海,17,10,28,67,21,126,3
313,お台場中央,湾岸道路×臨港道路,R4/11,東京湾岸,B 平和島,6.青海,18,4,15,56,22,97,4
313,お台場中央,湾岸道路×臨港道路,R4/11,東京湾岸,B 平和島,6.青海,12時間計,73,593,859,543,2068,37
313,お台場中央,湾岸道路×臨港道路,R4/11,東京湾岸,B 平和島,7.浦安,7,16,135,577,417,1145,87
313,お台場中央,湾岸道路×臨港道路,R4/11,東京湾岸,B 平和島,7.浦安,8,10,122,516,407,1055,82
313,お台場中央,湾岸道路×臨港道路,R4/11,東京湾岸,B 平和島,7.浦安,9,9,200,342,381,932,52
313,お台場中央,湾岸道路×臨港道路,R4/11,東京湾岸,B 平和島,7.浦安,10,2,225,278,356,861,32
313,お台場中央,湾岸道路×臨港道路,R4/11,東京湾岸,B 平和島,7.浦安,11,9,191,324,360,884,27
313,お台場中央,湾岸道路×臨港道路,R4/11,東京湾岸,B 平和島,7.浦安,12,3,163,321,373,860,35
313,お台場中央,湾岸道路×臨港道路,R4/11,東京湾岸,B 平和島,7.浦安,13,5,199,333,354,891,32
313,お台場中央,湾岸道路×臨港道路,R4/11,東京湾岸,B 平和島,7.浦安,14,6,229,309,359,903,37
313,お台場中央,湾岸道路×臨港道路,R4/11,東京湾岸,B 平和島,7.浦安,15,9,222,329,308,868,35
313,お台場中央,湾岸道路×臨港道路,R4/11,東京湾岸,B 平和島,7.浦安,16,9,174,371,329,883,56
313,お台場中央,湾岸道路×臨港道路,R4/11,東京湾岸,B 平和島,7.浦安,17,9,140,565,244,958,86
313,お台場中央,湾岸道路×臨港道路,R4/11,東京湾岸,B 平和島,7.浦安,18,9,93,547,215,864,72
313,お台場中央,湾岸道路×臨港道路,R4/11,東京湾岸,B 平和島,7.浦安,12時間計,96,2093,4812,4103,11104,633
313,お台場中央,湾岸道路×臨港道路,R4/11,東京湾岸,B 平和島,流入計,7,23,181,739,507,1450,91
313,お台場中央,湾岸道路×臨港道路,R4/11,東京湾岸,B 平和島,流入計,8,23,183,734,524,1464,88
313,お台場中央,湾岸道路×臨港道路,R4/11,東京湾岸,B 平和島,流入計,9,28,281,584,502,1395,60
313,お台場中央,湾岸道路×臨港道路,R4/11,東京湾岸,B 平和島,流入計,10,18,359,463,469,1309,38
313,お台場中央,湾岸道路×臨港道路,R4/11,東京湾岸,B 平和島,流入計,11,23,292,536,479,1330,35
313,お台場中央,湾岸道路×臨港道路,R4/11,東京湾岸,B 平和島,流入計,12,14,254,514,484,1266,43
313,お台場中央,湾岸道路×臨港道路,R4/11,東京湾岸,B 平和島,流入計,13,15,264,547,467,1293,37
313,お台場中央,湾岸道路×臨港道路,R4/11,東京湾岸,B 平和島,流入計,14,18,320,525,450,1313,51
313,お台場中央,湾岸道路×臨港道路,R4/11,東京湾岸,B 平和島,流入計,15,20,300,531,406,1257,45
313,お台場中央,湾岸道路×臨港道路,R4/11,東京湾岸,B 平和島,流入計,16,18,218,590,424,1250,62
313,お台場中央,湾岸道路×臨港道路,R4/11,東京湾岸,B 平和島,流入計,17,28,189,809,312,1338,90
313,お台場中央,湾岸道路×臨港道路,R4/11,東京湾岸,B 平和島,流入計,18,17,129,760,267,1173,81
313,お台場中央,湾岸道路×臨港道路,R4/11,東京湾岸,B 平和島,流入計,12時間計,245,2970,7332,5291,15838,721
313,お台場中央,湾岸道路×臨港道路,R4/11,東京湾岸,C 青海,8.平和島,7,1,26,18,40,85,2
313,お台場中央,湾岸道路×臨港道路,R4/11,東京湾岸,C 青海,8.平和島,8,2,78,31,24,135,1
313,お台場中央,湾岸道路×臨港道路,R4/11,東京湾岸,C 青海,8.平和島,9,2,99,35,33,169,2
313,お台場中央,湾岸道路×臨港道路,R4/11,東京湾岸,C 青海,8.平和島,10,5,106,44,50,205,0
313,お台場中央,湾岸道路×臨港道路,R4/11,東京湾岸,C 青海,8.平和島,11,3,108,44,64,219,1
313,お台場中央,湾岸道路×臨港道路,R4/11,東京湾岸,C 青海,8.平和島,12,0,46,45,46,137,2
313,お台場中央,湾岸道路×臨港道路,R4/11,東京湾岸,C 青海,8.平和島,13,4,80,53,58,195,1
313,お台場中央,湾岸道路×臨港道路,R4/11,東京湾岸,C 青海,8.平和島,14,8,96,71,45,220,1
313,お台場中央,湾岸道路×臨港道路,R4/11,東京湾岸,C 青海,8.平和島,15,0,89,80,53,222,6
313,お台場中央,湾岸道路×臨港道路,R4/11,東京湾岸,C 青海,8.平和島,16,4,50,60,54,168,7
313,お台場中央,湾岸道路×臨港道路,R4/11,東京湾岸,C 青海,8.平和島,17,2,44,121,45,212,9
313,お台場中央,湾岸道路×臨港道路,R4/11,東京湾岸,C 青海,8.平和島,18,7,23,102,26,158,11
313,お台場中央,湾岸道路×臨港道路,R4/11,東京湾岸,C 青海,8.平和島,12時間計,38,845,704,538,2125,43
313,お台場中央,湾岸道路×臨港道路,R4/11,東京湾岸,C 青海,9.お台場海浜公園,7,5,3,58,20,86,1
313,お台場中央,湾岸道路×臨港道路,R4/11,東京湾岸,C 青海,9.お台場海浜公園,8,6,2,58,11,77,1
313,お台場中央,湾岸道路×臨港道路,R4/11,東京湾岸,C 青海,9.お台場海浜公園,9,4,6,53,22,85,0
313,お台場中央,湾岸道路×臨港道路,R4/11,東京湾岸,C 青海,9.お台場海浜公園,10,4,2,49,21,76,0
313,お台場中央,湾岸道路×臨港道路,R4/11,東京湾岸,C 青海,9.お台場海浜公園,11,4,3,57,25,89,3
313,お台場中央,湾岸道路×臨港道路,R4/11,東京湾岸,C 青海,9.お台場海浜公園,12,3,3,48,24,78,7
313,お台場中央,湾岸道路×臨港道路,R4/11,東京湾岸,C 青海,9.お台場海浜公園,13,5,2,49,22,78,2
313,お台場中央,湾岸道路×臨港道路,R4/11,東京湾岸,C 青海,9.お台場海浜公園,14,8,1,48,31,88,4
313,お台場中央,湾岸道路×臨港道路,R4/11,東京湾岸,C 青海,9.お台場海浜公園,15,8,3,62,26,99,10
313,お台場中央,湾岸道路×臨港道路,R4/11,東京湾岸,C 青海,9.お台場海浜公園,16,8,3,65,29,105,6
313,お台場中央,湾岸道路×臨港道路,R4/11,東京湾岸,C 青海,9.お台場海浜公園,17,7,1,71,24,103,6
313,お台場中央,湾岸道路×臨港道路,R4/11,東京湾岸,C 青海,9.お台場海浜公園,18,7,4,56,15,82,4
313,お台場中央,湾岸道路×臨港道路,R4/11,東京湾岸,C 青海,9.お台場海浜公園,12時間計,69,33,674,270,1046,44
313,お台場中央,湾岸道路×臨港道路,R4/11,東京湾岸,C 青海,10.浦安,7,6,19,10,15,50,1
313,お台場中央,湾岸道路×臨港道路,R4/11,東京湾岸,C 青海,10.浦安,8,6,27,18,21,72,0
313,お台場中央,湾岸道路×臨港道路,R4/11,東京湾岸,C 青海,10.浦安,9,9,49,11,16,85,1
313,お台場中央,湾岸道路×臨港道路,R4/11,東京湾岸,C 青海,10.浦安,10,5,31,13,18,67,2
313,お台場中央,湾岸道路×臨港道路,R4/11,東京湾岸,C 青海,10.浦安,11,7,46,18,14,85,2
313,お台場中央,湾岸道路×臨港道路,R4/11,東京湾岸,C 青海,10.浦安,12,5,33,10,10,58,1
313,お台場中央,湾岸道路×臨港道路,R4/11,東京湾岸,C 青海,10.浦安,13,5,40,9,17,71,0
313,お台場中央,湾岸道路×臨港道路,R4/11,東京湾岸,C 青海,10.浦安,14,6,33,11,14,64,1
313,お台場中央,湾岸道路×臨港道路,R4/11,東京湾岸,C 青海,10.浦安,15,6,34,18,19,77,1
313,お台場中央,湾岸道路×臨港道路,R4/11,東京湾岸,C 青海,10.浦安,16,4,24,21,20,69,7
313,お台場中央,湾岸道路×臨港道路,R4/11,東京湾岸,C 青海,10.浦安,17,6,30,38,22,96,6
313,お台場中央,湾岸道路×臨港道路,R4/11,東京湾岸,C 青海,10.浦安,18,9,18,24,13,64,3
313,お台場中央,湾岸道路×臨港道路,R4/11,東京湾岸,C 青海,10.浦安,12時間計,74,384,201,199,858,25
313,お台場中央,湾岸道路×臨港道路,R4/11,東京湾岸,C 青海,流入計,7,12,48,86,75,221,4
313,お台場中央,湾岸道路×臨港道路,R4/11,東京湾岸,C 青海,流入計,8,14,107,107,56,284,2
313,お台場中央,湾岸道路×臨港道路,R4/11,東京湾岸,C 青海,流入計,9,15,154,99,71,339,3
313,お台場中央,湾岸道路×臨港道路,R4/11,東京湾岸,C 青海,流入計,10,14,139,106,89,348,2
313,お台場中央,湾岸道路×臨港道路,R4/11,東京湾岸,C 青海,流入計,11,14,157,119,103,393,6
313,お台場中央,湾岸道路×臨港道路,R4/11,東京湾岸,C 青海,流入計,12,8,82,103,80,273,10
313,お台場中央,湾岸道路×臨港道路,R4/11,東京湾岸,C 青海,流入計,13,14,122,111,97,344,3
313,お台場中央,湾岸道路×臨港道路,R4/11,東京湾岸,C 青海,流入計,14,22,130,130,90,372,6
313,お台場中央,湾岸道路×臨港道路,R4/11,東京湾岸,C 青海,流入計,15,14,126,160,98,398,17
313,お台場中央,湾岸道路×臨港道路,R4/11,東京湾岸,C 青海,流入計,16,16,77,146,103,342,20
313,お台場中央,湾岸道路×臨港道路,R4/11,東京湾岸,C 青海,流入計,17,15,75,230,91,411,21
313,お台場中央,湾岸道路×臨港道路,R4/11,東京湾岸,C 青海,流入計,18,23,45,182,54,304,18
313,お台場中央,湾岸道路×臨港道路,R4/11,東京湾岸,C 青海,流入計,12時間計,181,1262,1579,1007,4029,112
313,お台場中央,湾岸道路×臨港道路,R4/11,東京湾岸,D 浦安,11.青海,7,0,22,50,13,85,4
313,お台場中央,湾岸道路×臨港道路,R4/11,東京湾岸,D 浦安,11.青海,8,2,25,50,38,115,5
313,お台場中央,湾岸道路×臨港道路,R4/11,東京湾岸,D 浦安,11.青海,9,3,47,42,31,123,4
313,お台場中央,湾岸道路×臨港道路,R4/11,東京湾岸,D 浦安,11.青海,10,1,52,52,25,130,3
313,お台場中央,湾岸道路×臨港道路,R4/11,東京湾岸,D 浦安,11.青海,11,0,73,27,45,145,5
313,お台場中央,湾岸道路×臨港道路,R4/11,東京湾岸,D 浦安,11.青海,12,1,49,35,23,108,3
313,お台場中央,湾岸道路×臨港道路,R4/11,東京湾岸,D 浦安,11.青海,13,0,41,30,26,97,4
313,お台場中央,湾岸道路×臨港道路,R4/11,東京湾岸,D 浦安,11.青海,14,1,32,33,28,94,1
313,お台場中央,湾岸道路×臨港道路,R4/11,東京湾岸,D 浦安,11.青海,15,3,39,27,20,89,3
313,お台場中央,湾岸道路×臨港道路,R4/11,東京湾岸,D 浦安,11.青海,16,0,18,23,16,57,2
313,お台場中央,湾岸道路×臨港道路,R4/11,東京湾岸,D 浦安,11.青海,17,1,8,28,14,51,0
313,お台場中央,湾岸道路×臨港道路,R4/11,東京湾岸,D 浦安,11.青海,18,1,9,18,8,36,1
313,お台場中央,湾岸道路×臨港道路,R4/11,東京湾岸,D 浦安,11.青海,12時間計,13,415,415,287,1130,35
313,お台場中央,湾岸道路×臨港道路,R4/11,東京湾岸,D 浦安,12.平和島,7,1,29,65,89,184,3
313,お台場中央,湾岸道路×臨港道路,R4/11,東京湾岸,D 浦安,12.平和島,8,1,68,96,64,229,4
313,お台場中央,湾岸道路×臨港道路,R4/11,東京湾岸,D 浦安,12.平和島,9,4,54,110,57,225,5
313,お台場中央,湾岸道路×臨港道路,R4/11,東京湾岸,D 浦安,12.平和島,10,3,41,102,65,211,5
313,お台場中央,湾岸道路×臨港道路,R4/11,東京湾岸,D 浦安,12.平和島,11,4,58,100,73,235,1
313,お台場中央,湾岸道路×臨港道路,R4/11,東京湾岸,D 浦安,12.平和島,12,4,37,97,75,213,6
313,お台場中央,湾岸道路×臨港道路,R4/11,東京湾岸,D 浦安,12.平和島,13,6,45,85,78,214,6
313,お台場中央,湾岸道路×臨港道路,R4/11,東京湾岸,D 浦安,12.平和島,14,4,55,129,67,255,2
313,お台場中央,湾岸道路×臨港道路,R4/11,東京湾岸,D 浦安,12.平和島,15,2,47,119,41,209,3
313,お台場中央,湾岸道路×臨港道路,R4/11,東京湾岸,D 浦安,12.平和島,16,5,51,115,70,241,2
313,お台場中央,湾岸道路×臨港道路,R4/11,東京湾岸,D 浦安,12.平和島,17,2,41,149,56,248,4
313,お台場中央,湾岸道路×臨港道路,R4/11,東京湾岸,D 浦安,12.平和島,18,0,29,111,37,177,3
313,お台場中央,湾岸道路×臨港道路,R4/11,東京湾岸,D 浦安,12.平和島,12時間計,36,555,1278,772,2641,44
313,お台場中央,湾岸道路×臨港道路,R4/11,東京湾岸,D 浦安,13.お台場海浜公園,7,0,1,23,6,30,0
313,お台場中央,湾岸道路×臨港道路,R4/11,東京湾岸,D 浦安,13.お台場海浜公園,8,0,1,26,5,32,3
313,お台場中央,湾岸道路×臨港道路,R4/11,東京湾岸,D 浦安,13.お台場海浜公園,9,2,0,49,15,66,0
313,お台場中央,湾岸道路×臨港道路,R4/11,東京湾岸,D 浦安,13.お台場海浜公園,10,1,0,39,19,59,5
313,お台場中央,湾岸道路×臨港道路,R4/11,東京湾岸,D 浦安,13.お台場海浜公園,11,0,0,58,6,64,1
313,お台場中央,湾岸道路×臨港道路,R4/11,東京湾岸,D 浦安,13.お台場海浜公園,12,1,0,41,2,44,2
313,お台場中央,湾岸道路×臨港道路,R4/11,東京湾岸,D 浦安,13.お台場海浜公園,13,0,0,26,12,38,1
313,お台場中央,湾岸道路×臨港道路,R4/11,東京湾岸,D 浦安,13.お台場海浜公園,14,1,0,34,8,43,2
313,お台場中央,湾岸道路×臨港道路,R4/11,東京湾岸,D 浦安,13.お台場海浜公園,15,0,1,25,5,31,1
313,お台場中央,湾岸道路×臨港道路,R4/11,東京湾岸,D 浦安,13.お台場海浜公園,16,0,1,25,10,36,3
313,お台場中央,湾岸道路×臨港道路,R4/11,東京湾岸,D 浦安,13.お台場海浜公園,17,3,0,33,4,40,1
313,お台場中央,湾岸道路×臨港道路,R4/11,東京湾岸,D 浦安,13.お台場海浜公園,18,0,0,40,6,46,3
313,お台場中央,湾岸道路×臨港道路,R4/11,東京湾岸,D 浦安,13.お台場海浜公園,12時間計,8,4,419,98,529,22
313,お台場中央,湾岸道路×臨港道路,R4/11,東京湾岸,D 浦安,14.平和島,7,4,29,473,251,757,87
313,お台場中央,湾岸道路×臨港道路,R4/11,東京湾岸,D 浦安,14.平和島,8,4,196,390,377,967,53
313,お台場中央,湾岸道路×臨港道路,R4/11,東京湾岸,D 浦安,14.平和島,9,3,144,345,312,804,44
313,お台場中央,湾岸道路×臨港道路,R4/11,東京湾岸,D 浦安,14.平和島,10,2,152,268,498,920,28
313,お台場中央,湾岸道路×臨港道路,R4/11,東京湾岸,D 浦安,14.平和島,11,4,155,287,405,851,29
313,お台場中央,湾岸道路×臨港道路,R4/11,東京湾岸,D 浦安,14.平和島,12,5,135,279,345,764,24
313,お台場中央,湾岸道路×臨港道路,R4/11,東京湾岸,D 浦安,14.平和島,13,6,195,331,389,921,34
313,お台場中央,湾岸道路×臨港道路,R4/11,東京湾岸,D 浦安,14.平和島,14,5,170,288,348,811,29
313,お台場中央,湾岸道路×臨港道路,R4/11,東京湾岸,D 浦安,14.平和島,15,8,129,361,379,877,35
313,お台場中央,湾岸道路×臨港道路,R4/11,東京湾岸,D 浦安,14.平和島,16,4,149,361,400,914,47
313,お台場中央,湾岸道路×臨港道路,R4/11,東京湾岸,D 浦安,14.平和島,17,14,107,501,322,944,49
313,お台場中央,湾岸道路×臨港道路,R4/11,東京湾岸,D 浦安,14.平和島,18,6,126,640,357,1129,74
313,お台場中央,湾岸道路×臨港道路,R4/11,東京湾岸,D 浦安,14.平和島,12時間計,65,1687,4524,4383,10659,533
313,お台場中央,湾岸道路×臨港道路,R4/11,東京湾岸,D 浦安,流入計,7,5,81,611,359,1056,94
313,お台場中央,湾岸道路×臨港道路,R4/11,東京湾岸,D 浦安,流入計,8,7,290,562,484,1343,65
313,お台場中央,湾岸道路×臨港道路,R4/11,東京湾岸,D 浦安,流入計,9,12,245,546,415,1218,53
313,お台場中央,湾岸道路×臨港道路,R4/11,東京湾岸,D 浦安,流入計,10,7,245,461,607,1320,41
313,お台場中央,湾岸道路×臨港道路,R4/11,東京湾岸,D 浦安,流入計,11,8,286,472,529,1295,36
313,お台場中央,湾岸道路×臨港道路,R4/11,東京湾岸,D 浦安,流入計,12,11,221,452,445,1129,35
313,お台場中央,湾岸道路×臨港道路,R4/11,東京湾岸,D 浦安,流入計,13,12,281,472,505,1270,45
313,お台場中央,湾岸道路×臨港道路,R4/11,東京湾岸,D 浦安,流入計,14,11,257,484,451,1203,34
313,お台場中央,湾岸道路×臨港道路,R4/11,東京湾岸,D 浦安,流入計,15,13,216,532,445,1206,42
313,お台場中央,湾岸道路×臨港道路,R4/11,東京湾岸,D 浦安,流入計,16,9,219,524,496,1248,54
313,お台場中央,湾岸道路×臨港道路,R4/11,東京湾岸,D 浦安,流入計,17,20,156,711,396,1283,54
313,お台場中央,湾岸道路×臨港道路,R4/11,東京湾岸,D 浦安,流入計,18,7,164,809,408,1388,81
313,お台場中央,湾岸道路×臨港道路,R4/11,東京湾岸,D 浦安,流入計,12時間計,122,2661,6636,5540,14959,634
