﻿地点番号,地点名,交差道路名,調査年月,管轄警察署,流入方向,流出方向,時間帯等,車道通行自転車,歩道通行自転車,自転車計
35,上馬,環七通り×玉川通り,R4/11,世田谷,A 渋谷,1平和島,7,2,-,-
35,上馬,環七通り×玉川通り,R4/11,世田谷,A 渋谷,1平和島,8,1,-,-
35,上馬,環七通り×玉川通り,R4/11,世田谷,A 渋谷,1平和島,9,0,-,-
35,上馬,環七通り×玉川通り,R4/11,世田谷,A 渋谷,1平和島,10,0,-,-
35,上馬,環七通り×玉川通り,R4/11,世田谷,A 渋谷,1平和島,11,5,-,-
35,上馬,環七通り×玉川通り,R4/11,世田谷,A 渋谷,1平和島,12,1,-,-
35,上馬,環七通り×玉川通り,R4/11,世田谷,A 渋谷,1平和島,13,1,-,-
35,上馬,環七通り×玉川通り,R4/11,世田谷,A 渋谷,1平和島,14,5,-,-
35,上馬,環七通り×玉川通り,R4/11,世田谷,A 渋谷,1平和島,15,5,-,-
35,上馬,環七通り×玉川通り,R4/11,世田谷,A 渋谷,1平和島,16,7,-,-
35,上馬,環七通り×玉川通り,R4/11,世田谷,A 渋谷,1平和島,17,8,-,-
35,上馬,環七通り×玉川通り,R4/11,世田谷,A 渋谷,1平和島,18,4,-,-
35,上馬,環七通り×玉川通り,R4/11,世田谷,A 渋谷,1平和島,12時間計,39,-,-
35,上馬,環七通り×玉川通り,R4/11,世田谷,A 渋谷,2二子玉川,7,27,-,-
35,上馬,環七通り×玉川通り,R4/11,世田谷,A 渋谷,2二子玉川,8,83,-,-
35,上馬,環七通り×玉川通り,R4/11,世田谷,A 渋谷,2二子玉川,9,38,-,-
35,上馬,環七通り×玉川通り,R4/11,世田谷,A 渋谷,2二子玉川,10,46,-,-
35,上馬,環七通り×玉川通り,R4/11,世田谷,A 渋谷,2二子玉川,11,54,-,-
35,上馬,環七通り×玉川通り,R4/11,世田谷,A 渋谷,2二子玉川,12,45,-,-
35,上馬,環七通り×玉川通り,R4/11,世田谷,A 渋谷,2二子玉川,13,77,-,-
35,上馬,環七通り×玉川通り,R4/11,世田谷,A 渋谷,2二子玉川,14,74,-,-
35,上馬,環七通り×玉川通り,R4/11,世田谷,A 渋谷,2二子玉川,15,71,-,-
35,上馬,環七通り×玉川通り,R4/11,世田谷,A 渋谷,2二子玉川,16,97,-,-
35,上馬,環七通り×玉川通り,R4/11,世田谷,A 渋谷,2二子玉川,17,87,-,-
35,上馬,環七通り×玉川通り,R4/11,世田谷,A 渋谷,2二子玉川,18,82,-,-
35,上馬,環七通り×玉川通り,R4/11,世田谷,A 渋谷,2二子玉川,12時間計,781,-,-
35,上馬,環七通り×玉川通り,R4/11,世田谷,A 渋谷,3大原,7,1,-,-
35,上馬,環七通り×玉川通り,R4/11,世田谷,A 渋谷,3大原,8,6,-,-
35,上馬,環七通り×玉川通り,R4/11,世田谷,A 渋谷,3大原,9,7,-,-
35,上馬,環七通り×玉川通り,R4/11,世田谷,A 渋谷,3大原,10,1,-,-
35,上馬,環七通り×玉川通り,R4/11,世田谷,A 渋谷,3大原,11,5,-,-
35,上馬,環七通り×玉川通り,R4/11,世田谷,A 渋谷,3大原,12,7,-,-
35,上馬,環七通り×玉川通り,R4/11,世田谷,A 渋谷,3大原,13,7,-,-
35,上馬,環七通り×玉川通り,R4/11,世田谷,A 渋谷,3大原,14,6,-,-
35,上馬,環七通り×玉川通り,R4/11,世田谷,A 渋谷,3大原,15,2,-,-
35,上馬,環七通り×玉川通り,R4/11,世田谷,A 渋谷,3大原,16,3,-,-
35,上馬,環七通り×玉川通り,R4/11,世田谷,A 渋谷,3大原,17,14,-,-
35,上馬,環七通り×玉川通り,R4/11,世田谷,A 渋谷,3大原,18,16,-,-
35,上馬,環七通り×玉川通り,R4/11,世田谷,A 渋谷,3大原,12時間計,75,-,-
35,上馬,環七通り×玉川通り,R4/11,世田谷,A 渋谷,流入計,7,30,51,81
35,上馬,環七通り×玉川通り,R4/11,世田谷,A 渋谷,流入計,8,90,77,167
35,上馬,環七通り×玉川通り,R4/11,世田谷,A 渋谷,流入計,9,45,77,122
35,上馬,環七通り×玉川通り,R4/11,世田谷,A 渋谷,流入計,10,47,62,109
35,上馬,環七通り×玉川通り,R4/11,世田谷,A 渋谷,流入計,11,64,69,133
35,上馬,環七通り×玉川通り,R4/11,世田谷,A 渋谷,流入計,12,53,73,126
35,上馬,環七通り×玉川通り,R4/11,世田谷,A 渋谷,流入計,13,85,95,180
35,上馬,環七通り×玉川通り,R4/11,世田谷,A 渋谷,流入計,14,85,62,147
35,上馬,環七通り×玉川通り,R4/11,世田谷,A 渋谷,流入計,15,78,62,140
35,上馬,環七通り×玉川通り,R4/11,世田谷,A 渋谷,流入計,16,107,126,233
35,上馬,環七通り×玉川通り,R4/11,世田谷,A 渋谷,流入計,17,109,99,208
35,上馬,環七通り×玉川通り,R4/11,世田谷,A 渋谷,流入計,18,102,99,201
35,上馬,環七通り×玉川通り,R4/11,世田谷,A 渋谷,流入計,12時間計,895,952,1847
35,上馬,環七通り×玉川通り,R4/11,世田谷,B 大原,4渋谷,7,10,-,-
35,上馬,環七通り×玉川通り,R4/11,世田谷,B 大原,4渋谷,8,3,-,-
35,上馬,環七通り×玉川通り,R4/11,世田谷,B 大原,4渋谷,9,0,-,-
35,上馬,環七通り×玉川通り,R4/11,世田谷,B 大原,4渋谷,10,0,-,-
35,上馬,環七通り×玉川通り,R4/11,世田谷,B 大原,4渋谷,11,0,-,-
35,上馬,環七通り×玉川通り,R4/11,世田谷,B 大原,4渋谷,12,0,-,-
35,上馬,環七通り×玉川通り,R4/11,世田谷,B 大原,4渋谷,13,0,-,-
35,上馬,環七通り×玉川通り,R4/11,世田谷,B 大原,4渋谷,14,1,-,-
35,上馬,環七通り×玉川通り,R4/11,世田谷,B 大原,4渋谷,15,0,-,-
35,上馬,環七通り×玉川通り,R4/11,世田谷,B 大原,4渋谷,16,0,-,-
35,上馬,環七通り×玉川通り,R4/11,世田谷,B 大原,4渋谷,17,0,-,-
35,上馬,環七通り×玉川通り,R4/11,世田谷,B 大原,4渋谷,18,0,-,-
35,上馬,環七通り×玉川通り,R4/11,世田谷,B 大原,4渋谷,12時間計,14,-,-
35,上馬,環七通り×玉川通り,R4/11,世田谷,B 大原,5平和島,7,40,-,-
35,上馬,環七通り×玉川通り,R4/11,世田谷,B 大原,5平和島,8,48,-,-
35,上馬,環七通り×玉川通り,R4/11,世田谷,B 大原,5平和島,9,33,-,-
35,上馬,環七通り×玉川通り,R4/11,世田谷,B 大原,5平和島,10,23,-,-
35,上馬,環七通り×玉川通り,R4/11,世田谷,B 大原,5平和島,11,28,-,-
35,上馬,環七通り×玉川通り,R4/11,世田谷,B 大原,5平和島,12,21,-,-
35,上馬,環七通り×玉川通り,R4/11,世田谷,B 大原,5平和島,13,11,-,-
35,上馬,環七通り×玉川通り,R4/11,世田谷,B 大原,5平和島,14,17,-,-
35,上馬,環七通り×玉川通り,R4/11,世田谷,B 大原,5平和島,15,29,-,-
35,上馬,環七通り×玉川通り,R4/11,世田谷,B 大原,5平和島,16,54,-,-
35,上馬,環七通り×玉川通り,R4/11,世田谷,B 大原,5平和島,17,46,-,-
35,上馬,環七通り×玉川通り,R4/11,世田谷,B 大原,5平和島,18,29,-,-
35,上馬,環七通り×玉川通り,R4/11,世田谷,B 大原,5平和島,12時間計,379,-,-
35,上馬,環七通り×玉川通り,R4/11,世田谷,B 大原,6二子玉川,7,0,-,-
35,上馬,環七通り×玉川通り,R4/11,世田谷,B 大原,6二子玉川,8,0,-,-
35,上馬,環七通り×玉川通り,R4/11,世田谷,B 大原,6二子玉川,9,0,-,-
35,上馬,環七通り×玉川通り,R4/11,世田谷,B 大原,6二子玉川,10,1,-,-
35,上馬,環七通り×玉川通り,R4/11,世田谷,B 大原,6二子玉川,11,5,-,-
35,上馬,環七通り×玉川通り,R4/11,世田谷,B 大原,6二子玉川,12,3,-,-
35,上馬,環七通り×玉川通り,R4/11,世田谷,B 大原,6二子玉川,13,5,-,-
35,上馬,環七通り×玉川通り,R4/11,世田谷,B 大原,6二子玉川,14,3,-,-
35,上馬,環七通り×玉川通り,R4/11,世田谷,B 大原,6二子玉川,15,1,-,-
35,上馬,環七通り×玉川通り,R4/11,世田谷,B 大原,6二子玉川,16,0,-,-
35,上馬,環七通り×玉川通り,R4/11,世田谷,B 大原,6二子玉川,17,0,-,-
35,上馬,環七通り×玉川通り,R4/11,世田谷,B 大原,6二子玉川,18,1,-,-
35,上馬,環七通り×玉川通り,R4/11,世田谷,B 大原,6二子玉川,12時間計,19,-,-
35,上馬,環七通り×玉川通り,R4/11,世田谷,B 大原,7平和島,7,0,-,-
35,上馬,環七通り×玉川通り,R4/11,世田谷,B 大原,7平和島,8,0,-,-
35,上馬,環七通り×玉川通り,R4/11,世田谷,B 大原,7平和島,9,0,-,-
35,上馬,環七通り×玉川通り,R4/11,世田谷,B 大原,7平和島,10,0,-,-
35,上馬,環七通り×玉川通り,R4/11,世田谷,B 大原,7平和島,11,0,-,-
35,上馬,環七通り×玉川通り,R4/11,世田谷,B 大原,7平和島,12,0,-,-
35,上馬,環七通り×玉川通り,R4/11,世田谷,B 大原,7平和島,13,0,-,-
35,上馬,環七通り×玉川通り,R4/11,世田谷,B 大原,7平和島,14,0,-,-
35,上馬,環七通り×玉川通り,R4/11,世田谷,B 大原,7平和島,15,0,-,-
35,上馬,環七通り×玉川通り,R4/11,世田谷,B 大原,7平和島,16,0,-,-
35,上馬,環七通り×玉川通り,R4/11,世田谷,B 大原,7平和島,17,0,-,-
35,上馬,環七通り×玉川通り,R4/11,世田谷,B 大原,7平和島,18,1,-,-
35,上馬,環七通り×玉川通り,R4/11,世田谷,B 大原,7平和島,12時間計,1,-,-
35,上馬,環七通り×玉川通り,R4/11,世田谷,B 大原,流入計,7,50,95,145
35,上馬,環七通り×玉川通り,R4/11,世田谷,B 大原,流入計,8,51,125,176
35,上馬,環七通り×玉川通り,R4/11,世田谷,B 大原,流入計,9,33,72,105
35,上馬,環七通り×玉川通り,R4/11,世田谷,B 大原,流入計,10,24,85,109
35,上馬,環七通り×玉川通り,R4/11,世田谷,B 大原,流入計,11,33,65,98
35,上馬,環七通り×玉川通り,R4/11,世田谷,B 大原,流入計,12,24,71,95
35,上馬,環七通り×玉川通り,R4/11,世田谷,B 大原,流入計,13,16,76,92
35,上馬,環七通り×玉川通り,R4/11,世田谷,B 大原,流入計,14,21,94,115
35,上馬,環七通り×玉川通り,R4/11,世田谷,B 大原,流入計,15,30,68,98
35,上馬,環七通り×玉川通り,R4/11,世田谷,B 大原,流入計,16,54,117,171
35,上馬,環七通り×玉川通り,R4/11,世田谷,B 大原,流入計,17,46,117,163
35,上馬,環七通り×玉川通り,R4/11,世田谷,B 大原,流入計,18,31,90,121
35,上馬,環七通り×玉川通り,R4/11,世田谷,B 大原,流入計,12時間計,413,1075,1488
35,上馬,環七通り×玉川通り,R4/11,世田谷,C 二子玉川,8平和島,7,1,-,-
35,上馬,環七通り×玉川通り,R4/11,世田谷,C 二子玉川,8平和島,8,3,-,-
35,上馬,環七通り×玉川通り,R4/11,世田谷,C 二子玉川,8平和島,9,4,-,-
35,上馬,環七通り×玉川通り,R4/11,世田谷,C 二子玉川,8平和島,10,1,-,-
35,上馬,環七通り×玉川通り,R4/11,世田谷,C 二子玉川,8平和島,11,2,-,-
35,上馬,環七通り×玉川通り,R4/11,世田谷,C 二子玉川,8平和島,12,1,-,-
35,上馬,環七通り×玉川通り,R4/11,世田谷,C 二子玉川,8平和島,13,0,-,-
35,上馬,環七通り×玉川通り,R4/11,世田谷,C 二子玉川,8平和島,14,1,-,-
35,上馬,環七通り×玉川通り,R4/11,世田谷,C 二子玉川,8平和島,15,1,-,-
35,上馬,環七通り×玉川通り,R4/11,世田谷,C 二子玉川,8平和島,16,1,-,-
35,上馬,環七通り×玉川通り,R4/11,世田谷,C 二子玉川,8平和島,17,3,-,-
35,上馬,環七通り×玉川通り,R4/11,世田谷,C 二子玉川,8平和島,18,1,-,-
35,上馬,環七通り×玉川通り,R4/11,世田谷,C 二子玉川,8平和島,12時間計,19,-,-
35,上馬,環七通り×玉川通り,R4/11,世田谷,C 二子玉川,9渋谷,7,119,-,-
35,上馬,環七通り×玉川通り,R4/11,世田谷,C 二子玉川,9渋谷,8,131,-,-
35,上馬,環七通り×玉川通り,R4/11,世田谷,C 二子玉川,9渋谷,9,70,-,-
35,上馬,環七通り×玉川通り,R4/11,世田谷,C 二子玉川,9渋谷,10,82,-,-
35,上馬,環七通り×玉川通り,R4/11,世田谷,C 二子玉川,9渋谷,11,66,-,-
35,上馬,環七通り×玉川通り,R4/11,世田谷,C 二子玉川,9渋谷,12,73,-,-
35,上馬,環七通り×玉川通り,R4/11,世田谷,C 二子玉川,9渋谷,13,60,-,-
35,上馬,環七通り×玉川通り,R4/11,世田谷,C 二子玉川,9渋谷,14,41,-,-
35,上馬,環七通り×玉川通り,R4/11,世田谷,C 二子玉川,9渋谷,15,52,-,-
35,上馬,環七通り×玉川通り,R4/11,世田谷,C 二子玉川,9渋谷,16,59,-,-
35,上馬,環七通り×玉川通り,R4/11,世田谷,C 二子玉川,9渋谷,17,72,-,-
35,上馬,環七通り×玉川通り,R4/11,世田谷,C 二子玉川,9渋谷,18,68,-,-
35,上馬,環七通り×玉川通り,R4/11,世田谷,C 二子玉川,9渋谷,12時間計,893,-,-
35,上馬,環七通り×玉川通り,R4/11,世田谷,C 二子玉川,10大原,7,2,-,-
35,上馬,環七通り×玉川通り,R4/11,世田谷,C 二子玉川,10大原,8,0,-,-
35,上馬,環七通り×玉川通り,R4/11,世田谷,C 二子玉川,10大原,9,1,-,-
35,上馬,環七通り×玉川通り,R4/11,世田谷,C 二子玉川,10大原,10,0,-,-
35,上馬,環七通り×玉川通り,R4/11,世田谷,C 二子玉川,10大原,11,4,-,-
35,上馬,環七通り×玉川通り,R4/11,世田谷,C 二子玉川,10大原,12,0,-,-
35,上馬,環七通り×玉川通り,R4/11,世田谷,C 二子玉川,10大原,13,0,-,-
35,上馬,環七通り×玉川通り,R4/11,世田谷,C 二子玉川,10大原,14,1,-,-
35,上馬,環七通り×玉川通り,R4/11,世田谷,C 二子玉川,10大原,15,1,-,-
35,上馬,環七通り×玉川通り,R4/11,世田谷,C 二子玉川,10大原,16,6,-,-
35,上馬,環七通り×玉川通り,R4/11,世田谷,C 二子玉川,10大原,17,3,-,-
35,上馬,環七通り×玉川通り,R4/11,世田谷,C 二子玉川,10大原,18,6,-,-
35,上馬,環七通り×玉川通り,R4/11,世田谷,C 二子玉川,10大原,12時間計,24,-,-
35,上馬,環七通り×玉川通り,R4/11,世田谷,C 二子玉川,流入計,7,122,35,157
35,上馬,環七通り×玉川通り,R4/11,世田谷,C 二子玉川,流入計,8,134,116,250
35,上馬,環七通り×玉川通り,R4/11,世田谷,C 二子玉川,流入計,9,75,132,207
35,上馬,環七通り×玉川通り,R4/11,世田谷,C 二子玉川,流入計,10,83,101,184
35,上馬,環七通り×玉川通り,R4/11,世田谷,C 二子玉川,流入計,11,72,135,207
35,上馬,環七通り×玉川通り,R4/11,世田谷,C 二子玉川,流入計,12,74,170,244
35,上馬,環七通り×玉川通り,R4/11,世田谷,C 二子玉川,流入計,13,60,88,148
35,上馬,環七通り×玉川通り,R4/11,世田谷,C 二子玉川,流入計,14,43,63,106
35,上馬,環七通り×玉川通り,R4/11,世田谷,C 二子玉川,流入計,15,54,106,160
35,上馬,環七通り×玉川通り,R4/11,世田谷,C 二子玉川,流入計,16,66,137,203
35,上馬,環七通り×玉川通り,R4/11,世田谷,C 二子玉川,流入計,17,78,173,251
35,上馬,環七通り×玉川通り,R4/11,世田谷,C 二子玉川,流入計,18,75,132,207
35,上馬,環七通り×玉川通り,R4/11,世田谷,C 二子玉川,流入計,12時間計,936,1388,2324
35,上馬,環七通り×玉川通り,R4/11,世田谷,D 平和島,11二子玉川,7,4,-,-
35,上馬,環七通り×玉川通り,R4/11,世田谷,D 平和島,11二子玉川,8,1,-,-
35,上馬,環七通り×玉川通り,R4/11,世田谷,D 平和島,11二子玉川,9,1,-,-
35,上馬,環七通り×玉川通り,R4/11,世田谷,D 平和島,11二子玉川,10,0,-,-
35,上馬,環七通り×玉川通り,R4/11,世田谷,D 平和島,11二子玉川,11,5,-,-
35,上馬,環七通り×玉川通り,R4/11,世田谷,D 平和島,11二子玉川,12,7,-,-
35,上馬,環七通り×玉川通り,R4/11,世田谷,D 平和島,11二子玉川,13,9,-,-
35,上馬,環七通り×玉川通り,R4/11,世田谷,D 平和島,11二子玉川,14,6,-,-
35,上馬,環七通り×玉川通り,R4/11,世田谷,D 平和島,11二子玉川,15,3,-,-
35,上馬,環七通り×玉川通り,R4/11,世田谷,D 平和島,11二子玉川,16,1,-,-
35,上馬,環七通り×玉川通り,R4/11,世田谷,D 平和島,11二子玉川,17,4,-,-
35,上馬,環七通り×玉川通り,R4/11,世田谷,D 平和島,11二子玉川,18,3,-,-
35,上馬,環七通り×玉川通り,R4/11,世田谷,D 平和島,11二子玉川,12時間計,44,-,-
35,上馬,環七通り×玉川通り,R4/11,世田谷,D 平和島,12大原,7,45,-,-
35,上馬,環七通り×玉川通り,R4/11,世田谷,D 平和島,12大原,8,70,-,-
35,上馬,環七通り×玉川通り,R4/11,世田谷,D 平和島,12大原,9,26,-,-
35,上馬,環七通り×玉川通り,R4/11,世田谷,D 平和島,12大原,10,21,-,-
35,上馬,環七通り×玉川通り,R4/11,世田谷,D 平和島,12大原,11,30,-,-
35,上馬,環七通り×玉川通り,R4/11,世田谷,D 平和島,12大原,12,22,-,-
35,上馬,環七通り×玉川通り,R4/11,世田谷,D 平和島,12大原,13,40,-,-
35,上馬,環七通り×玉川通り,R4/11,世田谷,D 平和島,12大原,14,24,-,-
35,上馬,環七通り×玉川通り,R4/11,世田谷,D 平和島,12大原,15,28,-,-
35,上馬,環七通り×玉川通り,R4/11,世田谷,D 平和島,12大原,16,40,-,-
35,上馬,環七通り×玉川通り,R4/11,世田谷,D 平和島,12大原,17,61,-,-
35,上馬,環七通り×玉川通り,R4/11,世田谷,D 平和島,12大原,18,66,-,-
35,上馬,環七通り×玉川通り,R4/11,世田谷,D 平和島,12大原,12時間計,473,-,-
35,上馬,環七通り×玉川通り,R4/11,世田谷,D 平和島,13渋谷,7,2,-,-
35,上馬,環七通り×玉川通り,R4/11,世田谷,D 平和島,13渋谷,8,9,-,-
35,上馬,環七通り×玉川通り,R4/11,世田谷,D 平和島,13渋谷,9,9,-,-
35,上馬,環七通り×玉川通り,R4/11,世田谷,D 平和島,13渋谷,10,10,-,-
35,上馬,環七通り×玉川通り,R4/11,世田谷,D 平和島,13渋谷,11,15,-,-
35,上馬,環七通り×玉川通り,R4/11,世田谷,D 平和島,13渋谷,12,9,-,-
35,上馬,環七通り×玉川通り,R4/11,世田谷,D 平和島,13渋谷,13,10,-,-
35,上馬,環七通り×玉川通り,R4/11,世田谷,D 平和島,13渋谷,14,11,-,-
35,上馬,環七通り×玉川通り,R4/11,世田谷,D 平和島,13渋谷,15,14,-,-
35,上馬,環七通り×玉川通り,R4/11,世田谷,D 平和島,13渋谷,16,11,-,-
35,上馬,環七通り×玉川通り,R4/11,世田谷,D 平和島,13渋谷,17,14,-,-
35,上馬,環七通り×玉川通り,R4/11,世田谷,D 平和島,13渋谷,18,12,-,-
35,上馬,環七通り×玉川通り,R4/11,世田谷,D 平和島,13渋谷,12時間計,126,-,-
35,上馬,環七通り×玉川通り,R4/11,世田谷,D 平和島,14大原,7,0,-,-
35,上馬,環七通り×玉川通り,R4/11,世田谷,D 平和島,14大原,8,0,-,-
35,上馬,環七通り×玉川通り,R4/11,世田谷,D 平和島,14大原,9,0,-,-
35,上馬,環七通り×玉川通り,R4/11,世田谷,D 平和島,14大原,10,0,-,-
35,上馬,環七通り×玉川通り,R4/11,世田谷,D 平和島,14大原,11,0,-,-
35,上馬,環七通り×玉川通り,R4/11,世田谷,D 平和島,14大原,12,0,-,-
35,上馬,環七通り×玉川通り,R4/11,世田谷,D 平和島,14大原,13,0,-,-
35,上馬,環七通り×玉川通り,R4/11,世田谷,D 平和島,14大原,14,0,-,-
35,上馬,環七通り×玉川通り,R4/11,世田谷,D 平和島,14大原,15,0,-,-
35,上馬,環七通り×玉川通り,R4/11,世田谷,D 平和島,14大原,16,0,-,-
35,上馬,環七通り×玉川通り,R4/11,世田谷,D 平和島,14大原,17,0,-,-
35,上馬,環七通り×玉川通り,R4/11,世田谷,D 平和島,14大原,18,0,-,-
35,上馬,環七通り×玉川通り,R4/11,世田谷,D 平和島,14大原,12時間計,0,-,-
35,上馬,環七通り×玉川通り,R4/11,世田谷,D 平和島,流入計,7,51,77,128
35,上馬,環七通り×玉川通り,R4/11,世田谷,D 平和島,流入計,8,80,105,185
35,上馬,環七通り×玉川通り,R4/11,世田谷,D 平和島,流入計,9,36,90,126
35,上馬,環七通り×玉川通り,R4/11,世田谷,D 平和島,流入計,10,31,89,120
35,上馬,環七通り×玉川通り,R4/11,世田谷,D 平和島,流入計,11,50,90,140
35,上馬,環七通り×玉川通り,R4/11,世田谷,D 平和島,流入計,12,38,79,117
35,上馬,環七通り×玉川通り,R4/11,世田谷,D 平和島,流入計,13,59,158,217
35,上馬,環七通り×玉川通り,R4/11,世田谷,D 平和島,流入計,14,41,109,150
35,上馬,環七通り×玉川通り,R4/11,世田谷,D 平和島,流入計,15,45,107,152
35,上馬,環七通り×玉川通り,R4/11,世田谷,D 平和島,流入計,16,52,120,172
35,上馬,環七通り×玉川通り,R4/11,世田谷,D 平和島,流入計,17,79,127,206
35,上馬,環七通り×玉川通り,R4/11,世田谷,D 平和島,流入計,18,81,86,167
35,上馬,環七通り×玉川通り,R4/11,世田谷,D 平和島,流入計,12時間計,643,1237,1880
35,上馬,環七通り×玉川通り,R4/11,世田谷,全方向計,全方向計,7,253,258,511
35,上馬,環七通り×玉川通り,R4/11,世田谷,全方向計,全方向計,8,355,423,778
35,上馬,環七通り×玉川通り,R4/11,世田谷,全方向計,全方向計,9,189,371,560
35,上馬,環七通り×玉川通り,R4/11,世田谷,全方向計,全方向計,10,185,337,522
35,上馬,環七通り×玉川通り,R4/11,世田谷,全方向計,全方向計,11,219,359,578
35,上馬,環七通り×玉川通り,R4/11,世田谷,全方向計,全方向計,12,189,393,582
35,上馬,環七通り×玉川通り,R4/11,世田谷,全方向計,全方向計,13,220,417,637
35,上馬,環七通り×玉川通り,R4/11,世田谷,全方向計,全方向計,14,190,328,518
35,上馬,環七通り×玉川通り,R4/11,世田谷,全方向計,全方向計,15,207,343,550
35,上馬,環七通り×玉川通り,R4/11,世田谷,全方向計,全方向計,16,279,500,779
35,上馬,環七通り×玉川通り,R4/11,世田谷,全方向計,全方向計,17,312,516,828
35,上馬,環七通り×玉川通り,R4/11,世田谷,全方向計,全方向計,18,289,407,696
35,上馬,環七通り×玉川通り,R4/11,世田谷,全方向計,全方向計,12時間計,2887,4652,7539
