﻿地点番号,地点名,交差道路名,調査年月,管轄警察署,流入方向,流出方向,時間帯等,大型乗用,大型貨物,普通乗用,普通貨物,四輪計,二輪車
35,上馬,環七通り×玉川通り,R4/11,世田谷,A 渋谷,1.平和島,7,5,1,33,28,67,3
35,上馬,環七通り×玉川通り,R4/11,世田谷,A 渋谷,1.平和島,8,3,2,40,31,76,0
35,上馬,環七通り×玉川通り,R4/11,世田谷,A 渋谷,1.平和島,9,5,3,44,42,94,4
35,上馬,環七通り×玉川通り,R4/11,世田谷,A 渋谷,1.平和島,10,4,2,50,65,121,3
35,上馬,環七通り×玉川通り,R4/11,世田谷,A 渋谷,1.平和島,11,4,6,50,39,99,7
35,上馬,環七通り×玉川通り,R4/11,世田谷,A 渋谷,1.平和島,12,4,2,55,40,101,5
35,上馬,環七通り×玉川通り,R4/11,世田谷,A 渋谷,1.平和島,13,4,1,58,48,111,8
35,上馬,環七通り×玉川通り,R4/11,世田谷,A 渋谷,1.平和島,14,5,3,66,41,115,16
35,上馬,環七通り×玉川通り,R4/11,世田谷,A 渋谷,1.平和島,15,4,2,61,44,111,9
35,上馬,環七通り×玉川通り,R4/11,世田谷,A 渋谷,1.平和島,16,4,2,60,36,102,13
35,上馬,環七通り×玉川通り,R4/11,世田谷,A 渋谷,1.平和島,17,4,3,63,33,103,15
35,上馬,環七通り×玉川通り,R4/11,世田谷,A 渋谷,1.平和島,18,5,0,53,30,88,7
35,上馬,環七通り×玉川通り,R4/11,世田谷,A 渋谷,1.平和島,12時間計,51,27,633,477,1188,90
35,上馬,環七通り×玉川通り,R4/11,世田谷,A 渋谷,2.二子玉川,7,16,26,389,265,696,59
35,上馬,環七通り×玉川通り,R4/11,世田谷,A 渋谷,2.二子玉川,8,14,17,367,277,675,37
35,上馬,環七通り×玉川通り,R4/11,世田谷,A 渋谷,2.二子玉川,9,21,32,417,325,795,41
35,上馬,環七通り×玉川通り,R4/11,世田谷,A 渋谷,2.二子玉川,10,13,38,433,313,797,42
35,上馬,環七通り×玉川通り,R4/11,世田谷,A 渋谷,2.二子玉川,11,12,29,442,385,868,75
35,上馬,環七通り×玉川通り,R4/11,世田谷,A 渋谷,2.二子玉川,12,14,25,565,302,906,59
35,上馬,環七通り×玉川通り,R4/11,世田谷,A 渋谷,2.二子玉川,13,13,22,528,351,914,58
35,上馬,環七通り×玉川通り,R4/11,世田谷,A 渋谷,2.二子玉川,14,13,18,517,269,817,80
35,上馬,環七通り×玉川通り,R4/11,世田谷,A 渋谷,2.二子玉川,15,16,16,592,310,934,89
35,上馬,環七通り×玉川通り,R4/11,世田谷,A 渋谷,2.二子玉川,16,11,15,601,312,939,100
35,上馬,環七通り×玉川通り,R4/11,世田谷,A 渋谷,2.二子玉川,17,13,7,713,327,1060,149
35,上馬,環七通り×玉川通り,R4/11,世田谷,A 渋谷,2.二子玉川,18,14,4,653,226,897,135
35,上馬,環七通り×玉川通り,R4/11,世田谷,A 渋谷,2.二子玉川,12時間計,170,249,6217,3662,10298,924
35,上馬,環七通り×玉川通り,R4/11,世田谷,A 渋谷,3.大原,7,0,6,14,5,25,2
35,上馬,環七通り×玉川通り,R4/11,世田谷,A 渋谷,3.大原,8,0,4,12,12,28,3
35,上馬,環七通り×玉川通り,R4/11,世田谷,A 渋谷,3.大原,9,1,9,20,19,49,2
35,上馬,環七通り×玉川通り,R4/11,世田谷,A 渋谷,3.大原,10,1,4,22,16,43,5
35,上馬,環七通り×玉川通り,R4/11,世田谷,A 渋谷,3.大原,11,1,3,26,16,46,4
35,上馬,環七通り×玉川通り,R4/11,世田谷,A 渋谷,3.大原,12,0,1,27,20,48,9
35,上馬,環七通り×玉川通り,R4/11,世田谷,A 渋谷,3.大原,13,1,6,29,16,52,7
35,上馬,環七通り×玉川通り,R4/11,世田谷,A 渋谷,3.大原,14,0,3,25,23,51,12
35,上馬,環七通り×玉川通り,R4/11,世田谷,A 渋谷,3.大原,15,3,2,30,21,56,4
35,上馬,環七通り×玉川通り,R4/11,世田谷,A 渋谷,3.大原,16,1,3,30,22,56,7
35,上馬,環七通り×玉川通り,R4/11,世田谷,A 渋谷,3.大原,17,0,0,35,17,52,5
35,上馬,環七通り×玉川通り,R4/11,世田谷,A 渋谷,3.大原,18,0,4,29,9,42,11
35,上馬,環七通り×玉川通り,R4/11,世田谷,A 渋谷,3.大原,12時間計,8,45,299,196,548,71
35,上馬,環七通り×玉川通り,R4/11,世田谷,A 渋谷,流入計,7,21,33,436,298,788,64
35,上馬,環七通り×玉川通り,R4/11,世田谷,A 渋谷,流入計,8,17,23,419,320,779,40
35,上馬,環七通り×玉川通り,R4/11,世田谷,A 渋谷,流入計,9,27,44,481,386,938,47
35,上馬,環七通り×玉川通り,R4/11,世田谷,A 渋谷,流入計,10,18,44,505,394,961,50
35,上馬,環七通り×玉川通り,R4/11,世田谷,A 渋谷,流入計,11,17,38,518,440,1013,86
35,上馬,環七通り×玉川通り,R4/11,世田谷,A 渋谷,流入計,12,18,28,647,362,1055,73
35,上馬,環七通り×玉川通り,R4/11,世田谷,A 渋谷,流入計,13,18,29,615,415,1077,73
35,上馬,環七通り×玉川通り,R4/11,世田谷,A 渋谷,流入計,14,18,24,608,333,983,108
35,上馬,環七通り×玉川通り,R4/11,世田谷,A 渋谷,流入計,15,23,20,683,375,1101,102
35,上馬,環七通り×玉川通り,R4/11,世田谷,A 渋谷,流入計,16,16,20,691,370,1097,120
35,上馬,環七通り×玉川通り,R4/11,世田谷,A 渋谷,流入計,17,17,10,811,377,1215,169
35,上馬,環七通り×玉川通り,R4/11,世田谷,A 渋谷,流入計,18,19,8,735,265,1027,153
35,上馬,環七通り×玉川通り,R4/11,世田谷,A 渋谷,流入計,12時間計,229,321,7149,4335,12034,1085
35,上馬,環七通り×玉川通り,R4/11,世田谷,B 大原,4.渋谷,7,1,5,83,26,115,15
35,上馬,環七通り×玉川通り,R4/11,世田谷,B 大原,4.渋谷,8,4,8,73,28,113,7
35,上馬,環七通り×玉川通り,R4/11,世田谷,B 大原,4.渋谷,9,3,8,77,29,117,3
35,上馬,環七通り×玉川通り,R4/11,世田谷,B 大原,4.渋谷,10,3,4,58,38,103,5
35,上馬,環七通り×玉川通り,R4/11,世田谷,B 大原,4.渋谷,11,1,8,45,23,77,9
35,上馬,環七通り×玉川通り,R4/11,世田谷,B 大原,4.渋谷,12,3,8,44,18,73,3
35,上馬,環七通り×玉川通り,R4/11,世田谷,B 大原,4.渋谷,13,1,8,31,19,59,8
35,上馬,環七通り×玉川通り,R4/11,世田谷,B 大原,4.渋谷,14,0,3,39,28,70,9
35,上馬,環七通り×玉川通り,R4/11,世田谷,B 大原,4.渋谷,15,1,3,36,11,51,3
35,上馬,環七通り×玉川通り,R4/11,世田谷,B 大原,4.渋谷,16,0,6,39,14,59,4
35,上馬,環七通り×玉川通り,R4/11,世田谷,B 大原,4.渋谷,17,0,3,44,19,66,3
35,上馬,環七通り×玉川通り,R4/11,世田谷,B 大原,4.渋谷,18,0,2,28,7,37,6
35,上馬,環七通り×玉川通り,R4/11,世田谷,B 大原,4.渋谷,12時間計,17,66,597,260,940,75
35,上馬,環七通り×玉川通り,R4/11,世田谷,B 大原,5.平和島,7,7,0,8,8,23,41
35,上馬,環七通り×玉川通り,R4/11,世田谷,B 大原,5.平和島,8,7,0,9,9,25,15
35,上馬,環七通り×玉川通り,R4/11,世田谷,B 大原,5.平和島,9,5,0,11,8,24,10
35,上馬,環七通り×玉川通り,R4/11,世田谷,B 大原,5.平和島,10,3,0,12,9,24,10
35,上馬,環七通り×玉川通り,R4/11,世田谷,B 大原,5.平和島,11,3,1,17,10,31,2
35,上馬,環七通り×玉川通り,R4/11,世田谷,B 大原,5.平和島,12,4,1,5,7,17,9
35,上馬,環七通り×玉川通り,R4/11,世田谷,B 大原,5.平和島,13,3,0,7,6,16,9
35,上馬,環七通り×玉川通り,R4/11,世田谷,B 大原,5.平和島,14,3,0,8,4,15,8
35,上馬,環七通り×玉川通り,R4/11,世田谷,B 大原,5.平和島,15,5,0,10,9,24,3
35,上馬,環七通り×玉川通り,R4/11,世田谷,B 大原,5.平和島,16,4,0,13,2,19,5
35,上馬,環七通り×玉川通り,R4/11,世田谷,B 大原,5.平和島,17,7,0,17,5,29,6
35,上馬,環七通り×玉川通り,R4/11,世田谷,B 大原,5.平和島,18,5,0,9,4,18,7
35,上馬,環七通り×玉川通り,R4/11,世田谷,B 大原,5.平和島,12時間計,56,2,126,81,265,125
35,上馬,環七通り×玉川通り,R4/11,世田谷,B 大原,6.二子玉川,7,1,8,145,148,302,35
35,上馬,環七通り×玉川通り,R4/11,世田谷,B 大原,6.二子玉川,8,1,9,139,125,274,30
35,上馬,環七通り×玉川通り,R4/11,世田谷,B 大原,6.二子玉川,9,0,19,131,122,272,26
35,上馬,環七通り×玉川通り,R4/11,世田谷,B 大原,6.二子玉川,10,0,15,129,116,260,16
35,上馬,環七通り×玉川通り,R4/11,世田谷,B 大原,6.二子玉川,11,0,11,137,125,273,28
35,上馬,環七通り×玉川通り,R4/11,世田谷,B 大原,6.二子玉川,12,0,11,130,67,208,24
35,上馬,環七通り×玉川通り,R4/11,世田谷,B 大原,6.二子玉川,13,0,11,139,158,308,19
35,上馬,環七通り×玉川通り,R4/11,世田谷,B 大原,6.二子玉川,14,1,17,137,104,259,25
35,上馬,環七通り×玉川通り,R4/11,世田谷,B 大原,6.二子玉川,15,0,20,139,104,263,22
35,上馬,環七通り×玉川通り,R4/11,世田谷,B 大原,6.二子玉川,16,5,15,115,95,230,23
35,上馬,環七通り×玉川通り,R4/11,世田谷,B 大原,6.二子玉川,17,0,11,140,108,259,21
35,上馬,環七通り×玉川通り,R4/11,世田谷,B 大原,6.二子玉川,18,0,7,145,75,227,28
35,上馬,環七通り×玉川通り,R4/11,世田谷,B 大原,6.二子玉川,12時間計,8,154,1626,1347,3135,297
35,上馬,環七通り×玉川通り,R4/11,世田谷,B 大原,7.平和島,7,3,31,718,615,1367,143
35,上馬,環七通り×玉川通り,R4/11,世田谷,B 大原,7.平和島,8,3,28,609,571,1211,90
35,上馬,環七通り×玉川通り,R4/11,世田谷,B 大原,7.平和島,9,7,82,644,682,1415,81
35,上馬,環七通り×玉川通り,R4/11,世田谷,B 大原,7.平和島,10,0,64,564,577,1205,65
35,上馬,環七通り×玉川通り,R4/11,世田谷,B 大原,7.平和島,11,2,83,561,533,1179,53
35,上馬,環七通り×玉川通り,R4/11,世田谷,B 大原,7.平和島,12,0,121,549,538,1208,61
35,上馬,環七通り×玉川通り,R4/11,世田谷,B 大原,7.平和島,13,2,86,568,492,1148,63
35,上馬,環七通り×玉川通り,R4/11,世田谷,B 大原,7.平和島,14,1,82,499,512,1094,58
35,上馬,環七通り×玉川通り,R4/11,世田谷,B 大原,7.平和島,15,3,41,538,551,1133,69
35,上馬,環七通り×玉川通り,R4/11,世田谷,B 大原,7.平和島,16,4,45,536,506,1091,76
35,上馬,環七通り×玉川通り,R4/11,世田谷,B 大原,7.平和島,17,3,31,760,552,1346,94
35,上馬,環七通り×玉川通り,R4/11,世田谷,B 大原,7.平和島,18,1,21,823,388,1233,103
35,上馬,環七通り×玉川通り,R4/11,世田谷,B 大原,7.平和島,12時間計,29,715,7369,6517,14630,956
35,上馬,環七通り×玉川通り,R4/11,世田谷,B 大原,流入計,7,12,44,954,797,1807,234
35,上馬,環七通り×玉川通り,R4/11,世田谷,B 大原,流入計,8,15,45,830,733,1623,142
35,上馬,環七通り×玉川通り,R4/11,世田谷,B 大原,流入計,9,15,109,863,841,1828,120
35,上馬,環七通り×玉川通り,R4/11,世田谷,B 大原,流入計,10,6,83,763,740,1592,96
35,上馬,環七通り×玉川通り,R4/11,世田谷,B 大原,流入計,11,6,103,760,691,1560,92
35,上馬,環七通り×玉川通り,R4/11,世田谷,B 大原,流入計,12,7,141,728,630,1506,97
35,上馬,環七通り×玉川通り,R4/11,世田谷,B 大原,流入計,13,6,105,745,675,1531,99
35,上馬,環七通り×玉川通り,R4/11,世田谷,B 大原,流入計,14,5,102,683,648,1438,100
35,上馬,環七通り×玉川通り,R4/11,世田谷,B 大原,流入計,15,9,64,723,675,1471,97
35,上馬,環七通り×玉川通り,R4/11,世田谷,B 大原,流入計,16,13,66,703,617,1399,108
35,上馬,環七通り×玉川通り,R4/11,世田谷,B 大原,流入計,17,10,45,961,684,1700,124
35,上馬,環七通り×玉川通り,R4/11,世田谷,B 大原,流入計,18,6,30,1005,474,1515,144
35,上馬,環七通り×玉川通り,R4/11,世田谷,B 大原,流入計,12時間計,110,937,9718,8205,18970,1453
35,上馬,環七通り×玉川通り,R4/11,世田谷,C 二子玉川,8.平和島,7,3,15,43,40,101,9
35,上馬,環七通り×玉川通り,R4/11,世田谷,C 二子玉川,8.平和島,8,2,14,38,30,84,6
35,上馬,環七通り×玉川通り,R4/11,世田谷,C 二子玉川,8.平和島,9,7,30,40,69,146,5
35,上馬,環七通り×玉川通り,R4/11,世田谷,C 二子玉川,8.平和島,10,1,38,56,66,161,5
35,上馬,環七通り×玉川通り,R4/11,世田谷,C 二子玉川,8.平和島,11,2,41,57,32,132,7
35,上馬,環七通り×玉川通り,R4/11,世田谷,C 二子玉川,8.平和島,12,1,34,71,79,185,8
35,上馬,環七通り×玉川通り,R4/11,世田谷,C 二子玉川,8.平和島,13,5,41,95,48,189,14
35,上馬,環七通り×玉川通り,R4/11,世田谷,C 二子玉川,8.平和島,14,4,26,99,54,183,7
35,上馬,環七通り×玉川通り,R4/11,世田谷,C 二子玉川,8.平和島,15,5,21,102,72,200,9
35,上馬,環七通り×玉川通り,R4/11,世田谷,C 二子玉川,8.平和島,16,1,16,99,49,165,12
35,上馬,環七通り×玉川通り,R4/11,世田谷,C 二子玉川,8.平和島,17,3,12,99,51,165,12
35,上馬,環七通り×玉川通り,R4/11,世田谷,C 二子玉川,8.平和島,18,2,10,113,30,155,9
35,上馬,環七通り×玉川通り,R4/11,世田谷,C 二子玉川,8.平和島,12時間計,36,298,912,620,1866,103
35,上馬,環七通り×玉川通り,R4/11,世田谷,C 二子玉川,9.渋谷,7,17,97,633,446,1193,161
35,上馬,環七通り×玉川通り,R4/11,世田谷,C 二子玉川,9.渋谷,8,19,88,464,180,751,149
35,上馬,環七通り×玉川通り,R4/11,世田谷,C 二子玉川,9.渋谷,9,13,53,485,288,839,153
35,上馬,環七通り×玉川通り,R4/11,世田谷,C 二子玉川,9.渋谷,10,13,76,517,279,885,80
35,上馬,環七通り×玉川通り,R4/11,世田谷,C 二子玉川,9.渋谷,11,12,65,472,256,805,70
35,上馬,環七通り×玉川通り,R4/11,世田谷,C 二子玉川,9.渋谷,12,13,60,511,194,778,84
35,上馬,環七通り×玉川通り,R4/11,世田谷,C 二子玉川,9.渋谷,13,13,65,479,225,782,84
35,上馬,環七通り×玉川通り,R4/11,世田谷,C 二子玉川,9.渋谷,14,18,57,510,206,791,74
35,上馬,環七通り×玉川通り,R4/11,世田谷,C 二子玉川,9.渋谷,15,10,50,459,184,703,60
35,上馬,環七通り×玉川通り,R4/11,世田谷,C 二子玉川,9.渋谷,16,14,45,596,259,914,80
35,上馬,環七通り×玉川通り,R4/11,世田谷,C 二子玉川,9.渋谷,17,11,39,512,253,815,72
35,上馬,環七通り×玉川通り,R4/11,世田谷,C 二子玉川,9.渋谷,18,11,36,551,139,737,71
35,上馬,環七通り×玉川通り,R4/11,世田谷,C 二子玉川,9.渋谷,12時間計,164,731,6189,2909,9993,1138
35,上馬,環七通り×玉川通り,R4/11,世田谷,C 二子玉川,10.大原,7,3,6,44,53,106,30
35,上馬,環七通り×玉川通り,R4/11,世田谷,C 二子玉川,10.大原,8,0,6,36,47,89,25
35,上馬,環七通り×玉川通り,R4/11,世田谷,C 二子玉川,10.大原,9,1,5,56,48,110,15
35,上馬,環七通り×玉川通り,R4/11,世田谷,C 二子玉川,10.大原,10,1,12,59,62,134,10
35,上馬,環七通り×玉川通り,R4/11,世田谷,C 二子玉川,10.大原,11,0,13,56,55,124,14
35,上馬,環七通り×玉川通り,R4/11,世田谷,C 二子玉川,10.大原,12,0,9,68,52,129,14
35,上馬,環七通り×玉川通り,R4/11,世田谷,C 二子玉川,10.大原,13,0,14,80,51,145,9
35,上馬,環七通り×玉川通り,R4/11,世田谷,C 二子玉川,10.大原,14,0,6,63,49,118,8
35,上馬,環七通り×玉川通り,R4/11,世田谷,C 二子玉川,10.大原,15,1,3,67,37,108,6
35,上馬,環七通り×玉川通り,R4/11,世田谷,C 二子玉川,10.大原,16,0,4,80,46,130,14
35,上馬,環七通り×玉川通り,R4/11,世田谷,C 二子玉川,10.大原,17,1,6,95,38,140,17
35,上馬,環七通り×玉川通り,R4/11,世田谷,C 二子玉川,10.大原,18,0,4,96,40,140,20
35,上馬,環七通り×玉川通り,R4/11,世田谷,C 二子玉川,10.大原,12時間計,7,88,800,578,1473,182
35,上馬,環七通り×玉川通り,R4/11,世田谷,C 二子玉川,流入計,7,23,118,720,539,1400,200
35,上馬,環七通り×玉川通り,R4/11,世田谷,C 二子玉川,流入計,8,21,108,538,257,924,180
35,上馬,環七通り×玉川通り,R4/11,世田谷,C 二子玉川,流入計,9,21,88,581,405,1095,173
35,上馬,環七通り×玉川通り,R4/11,世田谷,C 二子玉川,流入計,10,15,126,632,407,1180,95
35,上馬,環七通り×玉川通り,R4/11,世田谷,C 二子玉川,流入計,11,14,119,585,343,1061,91
35,上馬,環七通り×玉川通り,R4/11,世田谷,C 二子玉川,流入計,12,14,103,650,325,1092,106
35,上馬,環七通り×玉川通り,R4/11,世田谷,C 二子玉川,流入計,13,18,120,654,324,1116,107
35,上馬,環七通り×玉川通り,R4/11,世田谷,C 二子玉川,流入計,14,22,89,672,309,1092,89
35,上馬,環七通り×玉川通り,R4/11,世田谷,C 二子玉川,流入計,15,16,74,628,293,1011,75
35,上馬,環七通り×玉川通り,R4/11,世田谷,C 二子玉川,流入計,16,15,65,775,354,1209,106
35,上馬,環七通り×玉川通り,R4/11,世田谷,C 二子玉川,流入計,17,15,57,706,342,1120,101
35,上馬,環七通り×玉川通り,R4/11,世田谷,C 二子玉川,流入計,18,13,50,760,209,1032,100
35,上馬,環七通り×玉川通り,R4/11,世田谷,C 二子玉川,流入計,12時間計,207,1117,7901,4107,13332,1423
35,上馬,環七通り×玉川通り,R4/11,世田谷,D 平和島,11.二子玉川,7,2,16,84,63,165,8
35,上馬,環七通り×玉川通り,R4/11,世田谷,D 平和島,11.二子玉川,8,0,6,74,69,149,13
35,上馬,環七通り×玉川通り,R4/11,世田谷,D 平和島,11.二子玉川,9,0,9,68,73,150,6
35,上馬,環七通り×玉川通り,R4/11,世田谷,D 平和島,11.二子玉川,10,0,11,70,84,165,2
35,上馬,環七通り×玉川通り,R4/11,世田谷,D 平和島,11.二子玉川,11,1,10,68,78,157,5
35,上馬,環七通り×玉川通り,R4/11,世田谷,D 平和島,11.二子玉川,12,0,10,68,62,140,9
35,上馬,環七通り×玉川通り,R4/11,世田谷,D 平和島,11.二子玉川,13,1,7,75,73,156,6
35,上馬,環七通り×玉川通り,R4/11,世田谷,D 平和島,11.二子玉川,14,0,12,77,66,155,9
35,上馬,環七通り×玉川通り,R4/11,世田谷,D 平和島,11.二子玉川,15,1,14,77,70,162,11
35,上馬,環七通り×玉川通り,R4/11,世田谷,D 平和島,11.二子玉川,16,0,9,89,61,159,15
35,上馬,環七通り×玉川通り,R4/11,世田谷,D 平和島,11.二子玉川,17,0,5,77,60,142,11
35,上馬,環七通り×玉川通り,R4/11,世田谷,D 平和島,11.二子玉川,18,0,7,94,47,148,15
35,上馬,環七通り×玉川通り,R4/11,世田谷,D 平和島,11.二子玉川,12時間計,5,116,921,806,1848,110
35,上馬,環七通り×玉川通り,R4/11,世田谷,D 平和島,12.大原,7,5,3,12,7,27,2
35,上馬,環七通り×玉川通り,R4/11,世田谷,D 平和島,12.大原,8,6,3,4,12,25,12
35,上馬,環七通り×玉川通り,R4/11,世田谷,D 平和島,12.大原,9,4,0,8,3,15,12
35,上馬,環七通り×玉川通り,R4/11,世田谷,D 平和島,12.大原,10,4,3,13,8,28,16
35,上馬,環七通り×玉川通り,R4/11,世田谷,D 平和島,12.大原,11,5,3,6,6,20,11
35,上馬,環七通り×玉川通り,R4/11,世田谷,D 平和島,12.大原,12,3,2,8,2,15,10
35,上馬,環七通り×玉川通り,R4/11,世田谷,D 平和島,12.大原,13,5,2,6,7,20,8
35,上馬,環七通り×玉川通り,R4/11,世田谷,D 平和島,12.大原,14,3,1,7,4,15,4
35,上馬,環七通り×玉川通り,R4/11,世田谷,D 平和島,12.大原,15,4,1,4,4,13,4
35,上馬,環七通り×玉川通り,R4/11,世田谷,D 平和島,12.大原,16,4,0,9,3,16,13
35,上馬,環七通り×玉川通り,R4/11,世田谷,D 平和島,12.大原,17,4,2,7,5,18,3
35,上馬,環七通り×玉川通り,R4/11,世田谷,D 平和島,12.大原,18,6,0,5,2,13,10
35,上馬,環七通り×玉川通り,R4/11,世田谷,D 平和島,12.大原,12時間計,53,20,89,63,225,105
35,上馬,環七通り×玉川通り,R4/11,世田谷,D 平和島,13.渋谷,7,11,11,190,54,266,18
35,上馬,環七通り×玉川通り,R4/11,世田谷,D 平和島,13.渋谷,8,7,17,152,64,240,7
35,上馬,環七通り×玉川通り,R4/11,世田谷,D 平和島,13.渋谷,9,4,10,119,69,202,18
35,上馬,環七通り×玉川通り,R4/11,世田谷,D 平和島,13.渋谷,10,6,14,133,73,226,15
35,上馬,環七通り×玉川通り,R4/11,世田谷,D 平和島,13.渋谷,11,4,15,131,71,221,17
35,上馬,環七通り×玉川通り,R4/11,世田谷,D 平和島,13.渋谷,12,4,12,113,41,170,11
35,上馬,環七通り×玉川通り,R4/11,世田谷,D 平和島,13.渋谷,13,5,14,125,53,197,12
35,上馬,環七通り×玉川通り,R4/11,世田谷,D 平和島,13.渋谷,14,4,12,98,51,165,23
35,上馬,環七通り×玉川通り,R4/11,世田谷,D 平和島,13.渋谷,15,4,11,103,60,178,19
35,上馬,環七通り×玉川通り,R4/11,世田谷,D 平和島,13.渋谷,16,7,7,125,58,197,24
35,上馬,環七通り×玉川通り,R4/11,世田谷,D 平和島,13.渋谷,17,5,11,86,57,159,25
35,上馬,環七通り×玉川通り,R4/11,世田谷,D 平和島,13.渋谷,18,4,3,98,19,124,18
35,上馬,環七通り×玉川通り,R4/11,世田谷,D 平和島,13.渋谷,12時間計,65,137,1473,670,2345,207
35,上馬,環七通り×玉川通り,R4/11,世田谷,D 平和島,14.大原,7,3,58,575,578,1214,72
35,上馬,環七通り×玉川通り,R4/11,世田谷,D 平和島,14.大原,8,4,48,591,624,1267,98
35,上馬,環七通り×玉川通り,R4/11,世田谷,D 平和島,14.大原,9,1,75,558,505,1139,73
35,上馬,環七通り×玉川通り,R4/11,世田谷,D 平和島,14.大原,10,3,69,440,597,1109,65
35,上馬,環七通り×玉川通り,R4/11,世田谷,D 平和島,14.大原,11,0,63,548,602,1213,40
35,上馬,環七通り×玉川通り,R4/11,世田谷,D 平和島,14.大原,12,1,58,565,553,1177,58
35,上馬,環七通り×玉川通り,R4/11,世田谷,D 平和島,14.大原,13,2,54,595,538,1189,63
35,上馬,環七通り×玉川通り,R4/11,世田谷,D 平和島,14.大原,14,5,98,644,643,1390,82
35,上馬,環七通り×玉川通り,R4/11,世田谷,D 平和島,14.大原,15,1,69,587,662,1319,64
35,上馬,環七通り×玉川通り,R4/11,世田谷,D 平和島,14.大原,16,7,65,661,546,1279,102
35,上馬,環七通り×玉川通り,R4/11,世田谷,D 平和島,14.大原,17,2,56,830,646,1534,144
35,上馬,環七通り×玉川通り,R4/11,世田谷,D 平和島,14.大原,18,2,64,770,435,1271,131
35,上馬,環七通り×玉川通り,R4/11,世田谷,D 平和島,14.大原,12時間計,31,777,7364,6929,15101,992
35,上馬,環七通り×玉川通り,R4/11,世田谷,D 平和島,流入計,7,21,88,861,702,1672,100
35,上馬,環七通り×玉川通り,R4/11,世田谷,D 平和島,流入計,8,17,74,821,769,1681,130
35,上馬,環七通り×玉川通り,R4/11,世田谷,D 平和島,流入計,9,9,94,753,650,1506,109
35,上馬,環七通り×玉川通り,R4/11,世田谷,D 平和島,流入計,10,13,97,656,762,1528,98
35,上馬,環七通り×玉川通り,R4/11,世田谷,D 平和島,流入計,11,10,91,753,757,1611,73
35,上馬,環七通り×玉川通り,R4/11,世田谷,D 平和島,流入計,12,8,82,754,658,1502,88
35,上馬,環七通り×玉川通り,R4/11,世田谷,D 平和島,流入計,13,13,77,801,671,1562,89
35,上馬,環七通り×玉川通り,R4/11,世田谷,D 平和島,流入計,14,12,123,826,764,1725,118
35,上馬,環七通り×玉川通り,R4/11,世田谷,D 平和島,流入計,15,10,95,771,796,1672,98
35,上馬,環七通り×玉川通り,R4/11,世田谷,D 平和島,流入計,16,18,81,884,668,1651,154
35,上馬,環七通り×玉川通り,R4/11,世田谷,D 平和島,流入計,17,11,74,1000,768,1853,183
35,上馬,環七通り×玉川通り,R4/11,世田谷,D 平和島,流入計,18,12,74,967,503,1556,174
35,上馬,環七通り×玉川通り,R4/11,世田谷,D 平和島,流入計,12時間計,154,1050,9847,8468,19519,1414
