﻿地点番号,地点名,交差道路名,調査年月,管轄警察署,流出方向,時間帯等,大型乗用,大型貨物,普通乗用,普通貨物,四輪計,二輪車
24,大関横丁,明治通り×日光街道,R4/11,下谷,A 千住,7,14,56,475,379,924,46
24,大関横丁,明治通り×日光街道,R4/11,下谷,A 千住,8,7,48,536,437,1028,57
24,大関横丁,明治通り×日光街道,R4/11,下谷,A 千住,9,7,56,526,577,1166,55
24,大関横丁,明治通り×日光街道,R4/11,下谷,A 千住,10,4,52,591,638,1285,57
24,大関横丁,明治通り×日光街道,R4/11,下谷,A 千住,11,10,66,728,604,1408,74
24,大関横丁,明治通り×日光街道,R4/11,下谷,A 千住,12,4,59,749,577,1389,98
24,大関横丁,明治通り×日光街道,R4/11,下谷,A 千住,13,6,45,651,599,1301,64
24,大関横丁,明治通り×日光街道,R4/11,下谷,A 千住,14,8,46,698,589,1341,73
24,大関横丁,明治通り×日光街道,R4/11,下谷,A 千住,15,11,45,786,635,1477,82
24,大関横丁,明治通り×日光街道,R4/11,下谷,A 千住,16,13,48,782,605,1448,119
24,大関横丁,明治通り×日光街道,R4/11,下谷,A 千住,17,16,38,828,608,1490,143
24,大関横丁,明治通り×日光街道,R4/11,下谷,A 千住,18,7,32,979,437,1455,136
24,大関横丁,明治通り×日光街道,R4/11,下谷,A 千住,12時間計,107,591,8329,6685,15712,1004
24,大関横丁,明治通り×日光街道,R4/11,下谷,B 荒川,7,19,20,358,457,854,101
24,大関横丁,明治通り×日光街道,R4/11,下谷,B 荒川,8,23,22,428,401,874,60
24,大関横丁,明治通り×日光街道,R4/11,下谷,B 荒川,9,16,24,436,443,919,58
24,大関横丁,明治通り×日光街道,R4/11,下谷,B 荒川,10,16,37,399,529,981,35
24,大関横丁,明治通り×日光街道,R4/11,下谷,B 荒川,11,12,31,361,455,859,62
24,大関横丁,明治通り×日光街道,R4/11,下谷,B 荒川,12,14,26,390,394,824,44
24,大関横丁,明治通り×日光街道,R4/11,下谷,B 荒川,13,13,18,462,452,945,59
24,大関横丁,明治通り×日光街道,R4/11,下谷,B 荒川,14,14,27,509,337,887,44
24,大関横丁,明治通り×日光街道,R4/11,下谷,B 荒川,15,24,26,441,442,933,53
24,大関横丁,明治通り×日光街道,R4/11,下谷,B 荒川,16,20,18,548,469,1055,80
24,大関横丁,明治通り×日光街道,R4/11,下谷,B 荒川,17,13,10,698,459,1180,99
24,大関横丁,明治通り×日光街道,R4/11,下谷,B 荒川,18,11,16,651,379,1057,101
24,大関横丁,明治通り×日光街道,R4/11,下谷,B 荒川,12時間計,195,275,5681,5217,11368,796
24,大関横丁,明治通り×日光街道,R4/11,下谷,C 上野,7,42,40,1028,1134,2244,218
24,大関横丁,明治通り×日光街道,R4/11,下谷,C 上野,8,34,55,1041,902,2032,155
24,大関横丁,明治通り×日光街道,R4/11,下谷,C 上野,9,21,69,1005,697,1792,148
24,大関横丁,明治通り×日光街道,R4/11,下谷,C 上野,10,17,94,954,602,1667,100
24,大関横丁,明治通り×日光街道,R4/11,下谷,C 上野,11,17,85,810,559,1471,81
24,大関横丁,明治通り×日光街道,R4/11,下谷,C 上野,12,20,90,802,456,1368,91
24,大関横丁,明治通り×日光街道,R4/11,下谷,C 上野,13,23,53,814,569,1459,86
24,大関横丁,明治通り×日光街道,R4/11,下谷,C 上野,14,23,37,856,511,1427,80
24,大関横丁,明治通り×日光街道,R4/11,下谷,C 上野,15,22,33,925,463,1443,82
24,大関横丁,明治通り×日光街道,R4/11,下谷,C 上野,16,23,28,907,452,1410,79
24,大関横丁,明治通り×日光街道,R4/11,下谷,C 上野,17,19,26,858,362,1265,81
24,大関横丁,明治通り×日光街道,R4/11,下谷,C 上野,18,15,21,624,290,950,73
24,大関横丁,明治通り×日光街道,R4/11,下谷,C 上野,12時間計,276,631,10624,6997,18528,1274
24,大関横丁,明治通り×日光街道,R4/11,下谷,D 浅草,7,19,26,366,391,802,76
24,大関横丁,明治通り×日光街道,R4/11,下谷,D 浅草,8,21,16,362,356,755,50
24,大関横丁,明治通り×日光街道,R4/11,下谷,D 浅草,9,15,22,362,288,687,29
24,大関横丁,明治通り×日光街道,R4/11,下谷,D 浅草,10,13,30,342,358,743,45
24,大関横丁,明治通り×日光街道,R4/11,下谷,D 浅草,11,16,36,343,348,743,40
24,大関横丁,明治通り×日光街道,R4/11,下谷,D 浅草,12,10,24,345,281,660,36
24,大関横丁,明治通り×日光街道,R4/11,下谷,D 浅草,13,12,33,321,359,725,52
24,大関横丁,明治通り×日光街道,R4/11,下谷,D 浅草,14,14,24,371,346,755,40
24,大関横丁,明治通り×日光街道,R4/11,下谷,D 浅草,15,13,24,395,327,759,48
24,大関横丁,明治通り×日光街道,R4/11,下谷,D 浅草,16,17,19,383,328,747,74
24,大関横丁,明治通り×日光街道,R4/11,下谷,D 浅草,17,10,9,426,242,687,69
24,大関横丁,明治通り×日光街道,R4/11,下谷,D 浅草,18,16,8,401,165,590,61
24,大関横丁,明治通り×日光街道,R4/11,下谷,D 浅草,12時間計,176,271,4417,3789,8653,620
24,大関横丁,明治通り×日光街道,R4/11,下谷,全方向合計,7,94,142,2227,2361,4824,441
24,大関横丁,明治通り×日光街道,R4/11,下谷,全方向合計,8,85,141,2367,2096,4689,322
24,大関横丁,明治通り×日光街道,R4/11,下谷,全方向合計,9,59,171,2329,2005,4564,290
24,大関横丁,明治通り×日光街道,R4/11,下谷,全方向合計,10,50,213,2286,2127,4676,237
24,大関横丁,明治通り×日光街道,R4/11,下谷,全方向合計,11,55,218,2242,1966,4481,257
24,大関横丁,明治通り×日光街道,R4/11,下谷,全方向合計,12,48,199,2286,1708,4241,269
24,大関横丁,明治通り×日光街道,R4/11,下谷,全方向合計,13,54,149,2248,1979,4430,261
24,大関横丁,明治通り×日光街道,R4/11,下谷,全方向合計,14,59,134,2434,1783,4410,237
24,大関横丁,明治通り×日光街道,R4/11,下谷,全方向合計,15,70,128,2547,1867,4612,265
24,大関横丁,明治通り×日光街道,R4/11,下谷,全方向合計,16,73,113,2620,1854,4660,352
24,大関横丁,明治通り×日光街道,R4/11,下谷,全方向合計,17,58,83,2810,1671,4622,392
24,大関横丁,明治通り×日光街道,R4/11,下谷,全方向合計,18,49,77,2655,1271,4052,371
24,大関横丁,明治通り×日光街道,R4/11,下谷,全方向合計,12時間計,754,1768,29051,22688,54261,3694
