﻿地点番号,地点名,交差道路名,調査年月,管轄警察署,流出方向,時間帯等,大型乗用,大型貨物,普通乗用,普通貨物,四輪計,二輪車
332,東名入口,八王子街道×厚木大山街道,R4/10,町田,A 市ヶ尾,7,18,92,816,596,1522,83
332,東名入口,八王子街道×厚木大山街道,R4/10,町田,A 市ヶ尾,8,9,101,920,638,1668,76
332,東名入口,八王子街道×厚木大山街道,R4/10,町田,A 市ヶ尾,9,16,196,1038,655,1905,109
332,東名入口,八王子街道×厚木大山街道,R4/10,町田,A 市ヶ尾,10,13,174,1053,600,1840,61
332,東名入口,八王子街道×厚木大山街道,R4/10,町田,A 市ヶ尾,11,8,145,700,573,1426,35
332,東名入口,八王子街道×厚木大山街道,R4/10,町田,A 市ヶ尾,12,13,107,860,422,1402,69
332,東名入口,八王子街道×厚木大山街道,R4/10,町田,A 市ヶ尾,13,8,97,935,445,1485,61
332,東名入口,八王子街道×厚木大山街道,R4/10,町田,A 市ヶ尾,14,12,87,923,470,1492,64
332,東名入口,八王子街道×厚木大山街道,R4/10,町田,A 市ヶ尾,15,13,93,1053,386,1545,66
332,東名入口,八王子街道×厚木大山街道,R4/10,町田,A 市ヶ尾,16,10,105,1247,430,1792,110
332,東名入口,八王子街道×厚木大山街道,R4/10,町田,A 市ヶ尾,17,6,72,1190,396,1664,134
332,東名入口,八王子街道×厚木大山街道,R4/10,町田,A 市ヶ尾,18,17,43,1278,343,1681,109
332,東名入口,八王子街道×厚木大山街道,R4/10,町田,A 市ヶ尾,12時間計,143,1312,12013,5954,19422,977
332,東名入口,八王子街道×厚木大山街道,R4/10,町田,B 鵜野森,7,14,187,1518,635,2354,114
332,東名入口,八王子街道×厚木大山街道,R4/10,町田,B 鵜野森,8,11,152,1311,734,2208,62
332,東名入口,八王子街道×厚木大山街道,R4/10,町田,B 鵜野森,9,6,225,1088,609,1928,57
332,東名入口,八王子街道×厚木大山街道,R4/10,町田,B 鵜野森,10,10,214,1319,769,2312,37
332,東名入口,八王子街道×厚木大山街道,R4/10,町田,B 鵜野森,11,6,154,1113,637,1910,43
332,東名入口,八王子街道×厚木大山街道,R4/10,町田,B 鵜野森,12,9,125,1169,500,1803,45
332,東名入口,八王子街道×厚木大山街道,R4/10,町田,B 鵜野森,13,11,191,1376,581,2159,64
332,東名入口,八王子街道×厚木大山街道,R4/10,町田,B 鵜野森,14,14,156,1385,608,2163,53
332,東名入口,八王子街道×厚木大山街道,R4/10,町田,B 鵜野森,15,14,187,1324,705,2230,53
332,東名入口,八王子街道×厚木大山街道,R4/10,町田,B 鵜野森,16,13,204,1364,710,2291,72
332,東名入口,八王子街道×厚木大山街道,R4/10,町田,B 鵜野森,17,10,53,1536,741,2340,103
332,東名入口,八王子街道×厚木大山街道,R4/10,町田,B 鵜野森,18,15,42,1659,432,2148,98
332,東名入口,八王子街道×厚木大山街道,R4/10,町田,B 鵜野森,12時間計,133,1890,16162,7661,25846,801
332,東名入口,八王子街道×厚木大山街道,R4/10,町田,C 厚木,7,16,219,1187,714,2136,160
332,東名入口,八王子街道×厚木大山街道,R4/10,町田,C 厚木,8,17,89,898,456,1460,111
332,東名入口,八王子街道×厚木大山街道,R4/10,町田,C 厚木,9,18,141,691,396,1246,58
332,東名入口,八王子街道×厚木大山街道,R4/10,町田,C 厚木,10,9,138,563,491,1201,57
332,東名入口,八王子街道×厚木大山街道,R4/10,町田,C 厚木,11,8,122,515,421,1066,34
332,東名入口,八王子街道×厚木大山街道,R4/10,町田,C 厚木,12,4,306,664,532,1506,83
332,東名入口,八王子街道×厚木大山街道,R4/10,町田,C 厚木,13,18,309,629,489,1445,89
332,東名入口,八王子街道×厚木大山街道,R4/10,町田,C 厚木,14,17,319,822,409,1567,62
332,東名入口,八王子街道×厚木大山街道,R4/10,町田,C 厚木,15,17,260,739,409,1425,56
332,東名入口,八王子街道×厚木大山街道,R4/10,町田,C 厚木,16,13,100,852,529,1494,68
332,東名入口,八王子街道×厚木大山街道,R4/10,町田,C 厚木,17,12,76,993,515,1596,130
332,東名入口,八王子街道×厚木大山街道,R4/10,町田,C 厚木,18,15,49,879,995,1938,119
332,東名入口,八王子街道×厚木大山街道,R4/10,町田,C 厚木,12時間計,164,2128,9432,6356,18080,1027
332,東名入口,八王子街道×厚木大山街道,R4/10,町田,D 横浜町田ＩＣ,7,13,221,1490,980,2704,137
332,東名入口,八王子街道×厚木大山街道,R4/10,町田,D 横浜町田ＩＣ,8,13,183,1274,894,2364,91
332,東名入口,八王子街道×厚木大山街道,R4/10,町田,D 横浜町田ＩＣ,9,9,262,1219,798,2288,41
332,東名入口,八王子街道×厚木大山街道,R4/10,町田,D 横浜町田ＩＣ,10,5,299,1041,715,2060,30
332,東名入口,八王子街道×厚木大山街道,R4/10,町田,D 横浜町田ＩＣ,11,8,325,1162,695,2190,36
332,東名入口,八王子街道×厚木大山街道,R4/10,町田,D 横浜町田ＩＣ,12,10,240,1265,732,2247,44
332,東名入口,八王子街道×厚木大山街道,R4/10,町田,D 横浜町田ＩＣ,13,11,185,1233,732,2161,49
332,東名入口,八王子街道×厚木大山街道,R4/10,町田,D 横浜町田ＩＣ,14,7,173,1341,775,2296,61
332,東名入口,八王子街道×厚木大山街道,R4/10,町田,D 横浜町田ＩＣ,15,16,188,1406,775,2385,50
332,東名入口,八王子街道×厚木大山街道,R4/10,町田,D 横浜町田ＩＣ,16,13,169,1348,666,2196,65
332,東名入口,八王子街道×厚木大山街道,R4/10,町田,D 横浜町田ＩＣ,17,12,136,1549,692,2389,101
332,東名入口,八王子街道×厚木大山街道,R4/10,町田,D 横浜町田ＩＣ,18,11,120,1271,600,2002,102
332,東名入口,八王子街道×厚木大山街道,R4/10,町田,D 横浜町田ＩＣ,12時間計,128,2501,15599,9054,27282,807
332,東名入口,八王子街道×厚木大山街道,R4/10,町田,全方向合計,7,61,719,5011,2925,8716,494
332,東名入口,八王子街道×厚木大山街道,R4/10,町田,全方向合計,8,50,525,4403,2722,7700,340
332,東名入口,八王子街道×厚木大山街道,R4/10,町田,全方向合計,9,49,824,4036,2458,7367,265
332,東名入口,八王子街道×厚木大山街道,R4/10,町田,全方向合計,10,37,825,3976,2575,7413,185
332,東名入口,八王子街道×厚木大山街道,R4/10,町田,全方向合計,11,30,746,3490,2326,6592,148
332,東名入口,八王子街道×厚木大山街道,R4/10,町田,全方向合計,12,36,778,3958,2186,6958,241
332,東名入口,八王子街道×厚木大山街道,R4/10,町田,全方向合計,13,48,782,4173,2247,7250,263
332,東名入口,八王子街道×厚木大山街道,R4/10,町田,全方向合計,14,50,735,4471,2262,7518,240
332,東名入口,八王子街道×厚木大山街道,R4/10,町田,全方向合計,15,60,728,4522,2275,7585,225
332,東名入口,八王子街道×厚木大山街道,R4/10,町田,全方向合計,16,49,578,4811,2335,7773,315
332,東名入口,八王子街道×厚木大山街道,R4/10,町田,全方向合計,17,40,337,5268,2344,7989,468
332,東名入口,八王子街道×厚木大山街道,R4/10,町田,全方向合計,18,58,254,5087,2370,7769,428
332,東名入口,八王子街道×厚木大山街道,R4/10,町田,全方向合計,12時間計,568,7831,53206,29025,90630,3612
