﻿地点番号,地点名,交差道路名,調査年月,管轄警察署,流入方向,流出方向,時間帯等,車道通行自転車,歩道通行自転車,自転車計
332,東名入口,八王子街道×厚木大山街道,R4/10,町田,A 市ヶ尾,1横浜町田ＩＣ,7,0,-,-
332,東名入口,八王子街道×厚木大山街道,R4/10,町田,A 市ヶ尾,1横浜町田ＩＣ,8,0,-,-
332,東名入口,八王子街道×厚木大山街道,R4/10,町田,A 市ヶ尾,1横浜町田ＩＣ,9,0,-,-
332,東名入口,八王子街道×厚木大山街道,R4/10,町田,A 市ヶ尾,1横浜町田ＩＣ,10,2,-,-
332,東名入口,八王子街道×厚木大山街道,R4/10,町田,A 市ヶ尾,1横浜町田ＩＣ,11,0,-,-
332,東名入口,八王子街道×厚木大山街道,R4/10,町田,A 市ヶ尾,1横浜町田ＩＣ,12,0,-,-
332,東名入口,八王子街道×厚木大山街道,R4/10,町田,A 市ヶ尾,1横浜町田ＩＣ,13,0,-,-
332,東名入口,八王子街道×厚木大山街道,R4/10,町田,A 市ヶ尾,1横浜町田ＩＣ,14,1,-,-
332,東名入口,八王子街道×厚木大山街道,R4/10,町田,A 市ヶ尾,1横浜町田ＩＣ,15,0,-,-
332,東名入口,八王子街道×厚木大山街道,R4/10,町田,A 市ヶ尾,1横浜町田ＩＣ,16,0,-,-
332,東名入口,八王子街道×厚木大山街道,R4/10,町田,A 市ヶ尾,1横浜町田ＩＣ,17,0,-,-
332,東名入口,八王子街道×厚木大山街道,R4/10,町田,A 市ヶ尾,1横浜町田ＩＣ,18,1,-,-
332,東名入口,八王子街道×厚木大山街道,R4/10,町田,A 市ヶ尾,1横浜町田ＩＣ,12時間計,4,-,-
332,東名入口,八王子街道×厚木大山街道,R4/10,町田,A 市ヶ尾,2厚木,7,2,-,-
332,東名入口,八王子街道×厚木大山街道,R4/10,町田,A 市ヶ尾,2厚木,8,1,-,-
332,東名入口,八王子街道×厚木大山街道,R4/10,町田,A 市ヶ尾,2厚木,9,2,-,-
332,東名入口,八王子街道×厚木大山街道,R4/10,町田,A 市ヶ尾,2厚木,10,1,-,-
332,東名入口,八王子街道×厚木大山街道,R4/10,町田,A 市ヶ尾,2厚木,11,4,-,-
332,東名入口,八王子街道×厚木大山街道,R4/10,町田,A 市ヶ尾,2厚木,12,0,-,-
332,東名入口,八王子街道×厚木大山街道,R4/10,町田,A 市ヶ尾,2厚木,13,2,-,-
332,東名入口,八王子街道×厚木大山街道,R4/10,町田,A 市ヶ尾,2厚木,14,0,-,-
332,東名入口,八王子街道×厚木大山街道,R4/10,町田,A 市ヶ尾,2厚木,15,1,-,-
332,東名入口,八王子街道×厚木大山街道,R4/10,町田,A 市ヶ尾,2厚木,16,0,-,-
332,東名入口,八王子街道×厚木大山街道,R4/10,町田,A 市ヶ尾,2厚木,17,1,-,-
332,東名入口,八王子街道×厚木大山街道,R4/10,町田,A 市ヶ尾,2厚木,18,0,-,-
332,東名入口,八王子街道×厚木大山街道,R4/10,町田,A 市ヶ尾,2厚木,12時間計,14,-,-
332,東名入口,八王子街道×厚木大山街道,R4/10,町田,A 市ヶ尾,3鵜野森,7,0,-,-
332,東名入口,八王子街道×厚木大山街道,R4/10,町田,A 市ヶ尾,3鵜野森,8,0,-,-
332,東名入口,八王子街道×厚木大山街道,R4/10,町田,A 市ヶ尾,3鵜野森,9,0,-,-
332,東名入口,八王子街道×厚木大山街道,R4/10,町田,A 市ヶ尾,3鵜野森,10,0,-,-
332,東名入口,八王子街道×厚木大山街道,R4/10,町田,A 市ヶ尾,3鵜野森,11,0,-,-
332,東名入口,八王子街道×厚木大山街道,R4/10,町田,A 市ヶ尾,3鵜野森,12,0,-,-
332,東名入口,八王子街道×厚木大山街道,R4/10,町田,A 市ヶ尾,3鵜野森,13,0,-,-
332,東名入口,八王子街道×厚木大山街道,R4/10,町田,A 市ヶ尾,3鵜野森,14,0,-,-
332,東名入口,八王子街道×厚木大山街道,R4/10,町田,A 市ヶ尾,3鵜野森,15,0,-,-
332,東名入口,八王子街道×厚木大山街道,R4/10,町田,A 市ヶ尾,3鵜野森,16,0,-,-
332,東名入口,八王子街道×厚木大山街道,R4/10,町田,A 市ヶ尾,3鵜野森,17,0,-,-
332,東名入口,八王子街道×厚木大山街道,R4/10,町田,A 市ヶ尾,3鵜野森,18,0,-,-
332,東名入口,八王子街道×厚木大山街道,R4/10,町田,A 市ヶ尾,3鵜野森,12時間計,0,-,-
332,東名入口,八王子街道×厚木大山街道,R4/10,町田,A 市ヶ尾,4厚木,7,2,-,-
332,東名入口,八王子街道×厚木大山街道,R4/10,町田,A 市ヶ尾,4厚木,8,3,-,-
332,東名入口,八王子街道×厚木大山街道,R4/10,町田,A 市ヶ尾,4厚木,9,2,-,-
332,東名入口,八王子街道×厚木大山街道,R4/10,町田,A 市ヶ尾,4厚木,10,1,-,-
332,東名入口,八王子街道×厚木大山街道,R4/10,町田,A 市ヶ尾,4厚木,11,2,-,-
332,東名入口,八王子街道×厚木大山街道,R4/10,町田,A 市ヶ尾,4厚木,12,0,-,-
332,東名入口,八王子街道×厚木大山街道,R4/10,町田,A 市ヶ尾,4厚木,13,1,-,-
332,東名入口,八王子街道×厚木大山街道,R4/10,町田,A 市ヶ尾,4厚木,14,1,-,-
332,東名入口,八王子街道×厚木大山街道,R4/10,町田,A 市ヶ尾,4厚木,15,1,-,-
332,東名入口,八王子街道×厚木大山街道,R4/10,町田,A 市ヶ尾,4厚木,16,1,-,-
332,東名入口,八王子街道×厚木大山街道,R4/10,町田,A 市ヶ尾,4厚木,17,0,-,-
332,東名入口,八王子街道×厚木大山街道,R4/10,町田,A 市ヶ尾,4厚木,18,1,-,-
332,東名入口,八王子街道×厚木大山街道,R4/10,町田,A 市ヶ尾,4厚木,12時間計,15,-,-
332,東名入口,八王子街道×厚木大山街道,R4/10,町田,A 市ヶ尾,流入計,7,4,9,13
332,東名入口,八王子街道×厚木大山街道,R4/10,町田,A 市ヶ尾,流入計,8,4,16,20
332,東名入口,八王子街道×厚木大山街道,R4/10,町田,A 市ヶ尾,流入計,9,4,7,11
332,東名入口,八王子街道×厚木大山街道,R4/10,町田,A 市ヶ尾,流入計,10,4,7,11
332,東名入口,八王子街道×厚木大山街道,R4/10,町田,A 市ヶ尾,流入計,11,6,2,8
332,東名入口,八王子街道×厚木大山街道,R4/10,町田,A 市ヶ尾,流入計,12,0,7,7
332,東名入口,八王子街道×厚木大山街道,R4/10,町田,A 市ヶ尾,流入計,13,3,13,16
332,東名入口,八王子街道×厚木大山街道,R4/10,町田,A 市ヶ尾,流入計,14,2,10,12
332,東名入口,八王子街道×厚木大山街道,R4/10,町田,A 市ヶ尾,流入計,15,2,9,11
332,東名入口,八王子街道×厚木大山街道,R4/10,町田,A 市ヶ尾,流入計,16,1,12,13
332,東名入口,八王子街道×厚木大山街道,R4/10,町田,A 市ヶ尾,流入計,17,1,5,6
332,東名入口,八王子街道×厚木大山街道,R4/10,町田,A 市ヶ尾,流入計,18,2,5,7
332,東名入口,八王子街道×厚木大山街道,R4/10,町田,A 市ヶ尾,流入計,12時間計,33,102,135
332,東名入口,八王子街道×厚木大山街道,R4/10,町田,B 鵜野森,5市ヶ尾,7,0,-,-
332,東名入口,八王子街道×厚木大山街道,R4/10,町田,B 鵜野森,5市ヶ尾,8,0,-,-
332,東名入口,八王子街道×厚木大山街道,R4/10,町田,B 鵜野森,5市ヶ尾,9,0,-,-
332,東名入口,八王子街道×厚木大山街道,R4/10,町田,B 鵜野森,5市ヶ尾,10,0,-,-
332,東名入口,八王子街道×厚木大山街道,R4/10,町田,B 鵜野森,5市ヶ尾,11,0,-,-
332,東名入口,八王子街道×厚木大山街道,R4/10,町田,B 鵜野森,5市ヶ尾,12,0,-,-
332,東名入口,八王子街道×厚木大山街道,R4/10,町田,B 鵜野森,5市ヶ尾,13,0,-,-
332,東名入口,八王子街道×厚木大山街道,R4/10,町田,B 鵜野森,5市ヶ尾,14,0,-,-
332,東名入口,八王子街道×厚木大山街道,R4/10,町田,B 鵜野森,5市ヶ尾,15,0,-,-
332,東名入口,八王子街道×厚木大山街道,R4/10,町田,B 鵜野森,5市ヶ尾,16,0,-,-
332,東名入口,八王子街道×厚木大山街道,R4/10,町田,B 鵜野森,5市ヶ尾,17,1,-,-
332,東名入口,八王子街道×厚木大山街道,R4/10,町田,B 鵜野森,5市ヶ尾,18,0,-,-
332,東名入口,八王子街道×厚木大山街道,R4/10,町田,B 鵜野森,5市ヶ尾,12時間計,1,-,-
332,東名入口,八王子街道×厚木大山街道,R4/10,町田,B 鵜野森,6横浜町田ＩＣ,7,1,-,-
332,東名入口,八王子街道×厚木大山街道,R4/10,町田,B 鵜野森,6横浜町田ＩＣ,8,1,-,-
332,東名入口,八王子街道×厚木大山街道,R4/10,町田,B 鵜野森,6横浜町田ＩＣ,9,0,-,-
332,東名入口,八王子街道×厚木大山街道,R4/10,町田,B 鵜野森,6横浜町田ＩＣ,10,0,-,-
332,東名入口,八王子街道×厚木大山街道,R4/10,町田,B 鵜野森,6横浜町田ＩＣ,11,1,-,-
332,東名入口,八王子街道×厚木大山街道,R4/10,町田,B 鵜野森,6横浜町田ＩＣ,12,0,-,-
332,東名入口,八王子街道×厚木大山街道,R4/10,町田,B 鵜野森,6横浜町田ＩＣ,13,0,-,-
332,東名入口,八王子街道×厚木大山街道,R4/10,町田,B 鵜野森,6横浜町田ＩＣ,14,0,-,-
332,東名入口,八王子街道×厚木大山街道,R4/10,町田,B 鵜野森,6横浜町田ＩＣ,15,0,-,-
332,東名入口,八王子街道×厚木大山街道,R4/10,町田,B 鵜野森,6横浜町田ＩＣ,16,0,-,-
332,東名入口,八王子街道×厚木大山街道,R4/10,町田,B 鵜野森,6横浜町田ＩＣ,17,1,-,-
332,東名入口,八王子街道×厚木大山街道,R4/10,町田,B 鵜野森,6横浜町田ＩＣ,18,1,-,-
332,東名入口,八王子街道×厚木大山街道,R4/10,町田,B 鵜野森,6横浜町田ＩＣ,12時間計,5,-,-
332,東名入口,八王子街道×厚木大山街道,R4/10,町田,B 鵜野森,7厚木,7,1,-,-
332,東名入口,八王子街道×厚木大山街道,R4/10,町田,B 鵜野森,7厚木,8,1,-,-
332,東名入口,八王子街道×厚木大山街道,R4/10,町田,B 鵜野森,7厚木,9,0,-,-
332,東名入口,八王子街道×厚木大山街道,R4/10,町田,B 鵜野森,7厚木,10,1,-,-
332,東名入口,八王子街道×厚木大山街道,R4/10,町田,B 鵜野森,7厚木,11,0,-,-
332,東名入口,八王子街道×厚木大山街道,R4/10,町田,B 鵜野森,7厚木,12,0,-,-
332,東名入口,八王子街道×厚木大山街道,R4/10,町田,B 鵜野森,7厚木,13,0,-,-
332,東名入口,八王子街道×厚木大山街道,R4/10,町田,B 鵜野森,7厚木,14,0,-,-
332,東名入口,八王子街道×厚木大山街道,R4/10,町田,B 鵜野森,7厚木,15,0,-,-
332,東名入口,八王子街道×厚木大山街道,R4/10,町田,B 鵜野森,7厚木,16,0,-,-
332,東名入口,八王子街道×厚木大山街道,R4/10,町田,B 鵜野森,7厚木,17,0,-,-
332,東名入口,八王子街道×厚木大山街道,R4/10,町田,B 鵜野森,7厚木,18,0,-,-
332,東名入口,八王子街道×厚木大山街道,R4/10,町田,B 鵜野森,7厚木,12時間計,3,-,-
332,東名入口,八王子街道×厚木大山街道,R4/10,町田,B 鵜野森,8横浜町田ＩＣ,7,0,-,-
332,東名入口,八王子街道×厚木大山街道,R4/10,町田,B 鵜野森,8横浜町田ＩＣ,8,0,-,-
332,東名入口,八王子街道×厚木大山街道,R4/10,町田,B 鵜野森,8横浜町田ＩＣ,9,0,-,-
332,東名入口,八王子街道×厚木大山街道,R4/10,町田,B 鵜野森,8横浜町田ＩＣ,10,0,-,-
332,東名入口,八王子街道×厚木大山街道,R4/10,町田,B 鵜野森,8横浜町田ＩＣ,11,0,-,-
332,東名入口,八王子街道×厚木大山街道,R4/10,町田,B 鵜野森,8横浜町田ＩＣ,12,0,-,-
332,東名入口,八王子街道×厚木大山街道,R4/10,町田,B 鵜野森,8横浜町田ＩＣ,13,0,-,-
332,東名入口,八王子街道×厚木大山街道,R4/10,町田,B 鵜野森,8横浜町田ＩＣ,14,0,-,-
332,東名入口,八王子街道×厚木大山街道,R4/10,町田,B 鵜野森,8横浜町田ＩＣ,15,0,-,-
332,東名入口,八王子街道×厚木大山街道,R4/10,町田,B 鵜野森,8横浜町田ＩＣ,16,0,-,-
332,東名入口,八王子街道×厚木大山街道,R4/10,町田,B 鵜野森,8横浜町田ＩＣ,17,0,-,-
332,東名入口,八王子街道×厚木大山街道,R4/10,町田,B 鵜野森,8横浜町田ＩＣ,18,0,-,-
332,東名入口,八王子街道×厚木大山街道,R4/10,町田,B 鵜野森,8横浜町田ＩＣ,12時間計,0,-,-
332,東名入口,八王子街道×厚木大山街道,R4/10,町田,B 鵜野森,流入計,7,2,13,15
332,東名入口,八王子街道×厚木大山街道,R4/10,町田,B 鵜野森,流入計,8,2,17,19
332,東名入口,八王子街道×厚木大山街道,R4/10,町田,B 鵜野森,流入計,9,0,5,5
332,東名入口,八王子街道×厚木大山街道,R4/10,町田,B 鵜野森,流入計,10,1,14,15
332,東名入口,八王子街道×厚木大山街道,R4/10,町田,B 鵜野森,流入計,11,1,13,14
332,東名入口,八王子街道×厚木大山街道,R4/10,町田,B 鵜野森,流入計,12,0,23,23
332,東名入口,八王子街道×厚木大山街道,R4/10,町田,B 鵜野森,流入計,13,0,19,19
332,東名入口,八王子街道×厚木大山街道,R4/10,町田,B 鵜野森,流入計,14,0,5,5
332,東名入口,八王子街道×厚木大山街道,R4/10,町田,B 鵜野森,流入計,15,0,14,14
332,東名入口,八王子街道×厚木大山街道,R4/10,町田,B 鵜野森,流入計,16,0,33,33
332,東名入口,八王子街道×厚木大山街道,R4/10,町田,B 鵜野森,流入計,17,2,35,37
332,東名入口,八王子街道×厚木大山街道,R4/10,町田,B 鵜野森,流入計,18,1,55,56
332,東名入口,八王子街道×厚木大山街道,R4/10,町田,B 鵜野森,流入計,12時間計,9,246,255
332,東名入口,八王子街道×厚木大山街道,R4/10,町田,C 厚木,9鵜野森,7,0,-,-
332,東名入口,八王子街道×厚木大山街道,R4/10,町田,C 厚木,9鵜野森,8,0,-,-
332,東名入口,八王子街道×厚木大山街道,R4/10,町田,C 厚木,9鵜野森,9,0,-,-
332,東名入口,八王子街道×厚木大山街道,R4/10,町田,C 厚木,9鵜野森,10,0,-,-
332,東名入口,八王子街道×厚木大山街道,R4/10,町田,C 厚木,9鵜野森,11,0,-,-
332,東名入口,八王子街道×厚木大山街道,R4/10,町田,C 厚木,9鵜野森,12,0,-,-
332,東名入口,八王子街道×厚木大山街道,R4/10,町田,C 厚木,9鵜野森,13,0,-,-
332,東名入口,八王子街道×厚木大山街道,R4/10,町田,C 厚木,9鵜野森,14,0,-,-
332,東名入口,八王子街道×厚木大山街道,R4/10,町田,C 厚木,9鵜野森,15,0,-,-
332,東名入口,八王子街道×厚木大山街道,R4/10,町田,C 厚木,9鵜野森,16,0,-,-
332,東名入口,八王子街道×厚木大山街道,R4/10,町田,C 厚木,9鵜野森,17,0,-,-
332,東名入口,八王子街道×厚木大山街道,R4/10,町田,C 厚木,9鵜野森,18,0,-,-
332,東名入口,八王子街道×厚木大山街道,R4/10,町田,C 厚木,9鵜野森,12時間計,0,-,-
332,東名入口,八王子街道×厚木大山街道,R4/10,町田,C 厚木,10市ヶ尾,7,1,-,-
332,東名入口,八王子街道×厚木大山街道,R4/10,町田,C 厚木,10市ヶ尾,8,2,-,-
332,東名入口,八王子街道×厚木大山街道,R4/10,町田,C 厚木,10市ヶ尾,9,3,-,-
332,東名入口,八王子街道×厚木大山街道,R4/10,町田,C 厚木,10市ヶ尾,10,0,-,-
332,東名入口,八王子街道×厚木大山街道,R4/10,町田,C 厚木,10市ヶ尾,11,2,-,-
332,東名入口,八王子街道×厚木大山街道,R4/10,町田,C 厚木,10市ヶ尾,12,1,-,-
332,東名入口,八王子街道×厚木大山街道,R4/10,町田,C 厚木,10市ヶ尾,13,0,-,-
332,東名入口,八王子街道×厚木大山街道,R4/10,町田,C 厚木,10市ヶ尾,14,2,-,-
332,東名入口,八王子街道×厚木大山街道,R4/10,町田,C 厚木,10市ヶ尾,15,1,-,-
332,東名入口,八王子街道×厚木大山街道,R4/10,町田,C 厚木,10市ヶ尾,16,2,-,-
332,東名入口,八王子街道×厚木大山街道,R4/10,町田,C 厚木,10市ヶ尾,17,4,-,-
332,東名入口,八王子街道×厚木大山街道,R4/10,町田,C 厚木,10市ヶ尾,18,3,-,-
332,東名入口,八王子街道×厚木大山街道,R4/10,町田,C 厚木,10市ヶ尾,12時間計,21,-,-
332,東名入口,八王子街道×厚木大山街道,R4/10,町田,C 厚木,11横浜町田ＩＣ,7,0,-,-
332,東名入口,八王子街道×厚木大山街道,R4/10,町田,C 厚木,11横浜町田ＩＣ,8,0,-,-
332,東名入口,八王子街道×厚木大山街道,R4/10,町田,C 厚木,11横浜町田ＩＣ,9,0,-,-
332,東名入口,八王子街道×厚木大山街道,R4/10,町田,C 厚木,11横浜町田ＩＣ,10,0,-,-
332,東名入口,八王子街道×厚木大山街道,R4/10,町田,C 厚木,11横浜町田ＩＣ,11,0,-,-
332,東名入口,八王子街道×厚木大山街道,R4/10,町田,C 厚木,11横浜町田ＩＣ,12,0,-,-
332,東名入口,八王子街道×厚木大山街道,R4/10,町田,C 厚木,11横浜町田ＩＣ,13,0,-,-
332,東名入口,八王子街道×厚木大山街道,R4/10,町田,C 厚木,11横浜町田ＩＣ,14,0,-,-
332,東名入口,八王子街道×厚木大山街道,R4/10,町田,C 厚木,11横浜町田ＩＣ,15,0,-,-
332,東名入口,八王子街道×厚木大山街道,R4/10,町田,C 厚木,11横浜町田ＩＣ,16,0,-,-
332,東名入口,八王子街道×厚木大山街道,R4/10,町田,C 厚木,11横浜町田ＩＣ,17,0,-,-
332,東名入口,八王子街道×厚木大山街道,R4/10,町田,C 厚木,11横浜町田ＩＣ,18,0,-,-
332,東名入口,八王子街道×厚木大山街道,R4/10,町田,C 厚木,11横浜町田ＩＣ,12時間計,0,-,-
332,東名入口,八王子街道×厚木大山街道,R4/10,町田,C 厚木,12市ヶ尾,7,0,-,-
332,東名入口,八王子街道×厚木大山街道,R4/10,町田,C 厚木,12市ヶ尾,8,1,-,-
332,東名入口,八王子街道×厚木大山街道,R4/10,町田,C 厚木,12市ヶ尾,9,2,-,-
332,東名入口,八王子街道×厚木大山街道,R4/10,町田,C 厚木,12市ヶ尾,10,0,-,-
332,東名入口,八王子街道×厚木大山街道,R4/10,町田,C 厚木,12市ヶ尾,11,0,-,-
332,東名入口,八王子街道×厚木大山街道,R4/10,町田,C 厚木,12市ヶ尾,12,0,-,-
332,東名入口,八王子街道×厚木大山街道,R4/10,町田,C 厚木,12市ヶ尾,13,0,-,-
332,東名入口,八王子街道×厚木大山街道,R4/10,町田,C 厚木,12市ヶ尾,14,2,-,-
332,東名入口,八王子街道×厚木大山街道,R4/10,町田,C 厚木,12市ヶ尾,15,1,-,-
332,東名入口,八王子街道×厚木大山街道,R4/10,町田,C 厚木,12市ヶ尾,16,2,-,-
332,東名入口,八王子街道×厚木大山街道,R4/10,町田,C 厚木,12市ヶ尾,17,2,-,-
332,東名入口,八王子街道×厚木大山街道,R4/10,町田,C 厚木,12市ヶ尾,18,1,-,-
332,東名入口,八王子街道×厚木大山街道,R4/10,町田,C 厚木,12市ヶ尾,12時間計,11,-,-
332,東名入口,八王子街道×厚木大山街道,R4/10,町田,C 厚木,流入計,7,1,16,17
332,東名入口,八王子街道×厚木大山街道,R4/10,町田,C 厚木,流入計,8,3,29,32
332,東名入口,八王子街道×厚木大山街道,R4/10,町田,C 厚木,流入計,9,5,11,16
332,東名入口,八王子街道×厚木大山街道,R4/10,町田,C 厚木,流入計,10,0,17,17
332,東名入口,八王子街道×厚木大山街道,R4/10,町田,C 厚木,流入計,11,2,24,26
332,東名入口,八王子街道×厚木大山街道,R4/10,町田,C 厚木,流入計,12,1,4,5
332,東名入口,八王子街道×厚木大山街道,R4/10,町田,C 厚木,流入計,13,0,15,15
332,東名入口,八王子街道×厚木大山街道,R4/10,町田,C 厚木,流入計,14,4,7,11
332,東名入口,八王子街道×厚木大山街道,R4/10,町田,C 厚木,流入計,15,2,10,12
332,東名入口,八王子街道×厚木大山街道,R4/10,町田,C 厚木,流入計,16,4,11,15
332,東名入口,八王子街道×厚木大山街道,R4/10,町田,C 厚木,流入計,17,6,16,22
332,東名入口,八王子街道×厚木大山街道,R4/10,町田,C 厚木,流入計,18,4,8,12
332,東名入口,八王子街道×厚木大山街道,R4/10,町田,C 厚木,流入計,12時間計,32,168,200
332,東名入口,八王子街道×厚木大山街道,R4/10,町田,D 横浜町田ＩＣ,13厚木,7,0,-,-
332,東名入口,八王子街道×厚木大山街道,R4/10,町田,D 横浜町田ＩＣ,13厚木,8,0,-,-
332,東名入口,八王子街道×厚木大山街道,R4/10,町田,D 横浜町田ＩＣ,13厚木,9,0,-,-
332,東名入口,八王子街道×厚木大山街道,R4/10,町田,D 横浜町田ＩＣ,13厚木,10,0,-,-
332,東名入口,八王子街道×厚木大山街道,R4/10,町田,D 横浜町田ＩＣ,13厚木,11,0,-,-
332,東名入口,八王子街道×厚木大山街道,R4/10,町田,D 横浜町田ＩＣ,13厚木,12,1,-,-
332,東名入口,八王子街道×厚木大山街道,R4/10,町田,D 横浜町田ＩＣ,13厚木,13,1,-,-
332,東名入口,八王子街道×厚木大山街道,R4/10,町田,D 横浜町田ＩＣ,13厚木,14,1,-,-
332,東名入口,八王子街道×厚木大山街道,R4/10,町田,D 横浜町田ＩＣ,13厚木,15,0,-,-
332,東名入口,八王子街道×厚木大山街道,R4/10,町田,D 横浜町田ＩＣ,13厚木,16,0,-,-
332,東名入口,八王子街道×厚木大山街道,R4/10,町田,D 横浜町田ＩＣ,13厚木,17,0,-,-
332,東名入口,八王子街道×厚木大山街道,R4/10,町田,D 横浜町田ＩＣ,13厚木,18,1,-,-
332,東名入口,八王子街道×厚木大山街道,R4/10,町田,D 横浜町田ＩＣ,13厚木,12時間計,4,-,-
332,東名入口,八王子街道×厚木大山街道,R4/10,町田,D 横浜町田ＩＣ,14鵜野森,7,1,-,-
332,東名入口,八王子街道×厚木大山街道,R4/10,町田,D 横浜町田ＩＣ,14鵜野森,8,0,-,-
332,東名入口,八王子街道×厚木大山街道,R4/10,町田,D 横浜町田ＩＣ,14鵜野森,9,1,-,-
332,東名入口,八王子街道×厚木大山街道,R4/10,町田,D 横浜町田ＩＣ,14鵜野森,10,0,-,-
332,東名入口,八王子街道×厚木大山街道,R4/10,町田,D 横浜町田ＩＣ,14鵜野森,11,0,-,-
332,東名入口,八王子街道×厚木大山街道,R4/10,町田,D 横浜町田ＩＣ,14鵜野森,12,0,-,-
332,東名入口,八王子街道×厚木大山街道,R4/10,町田,D 横浜町田ＩＣ,14鵜野森,13,0,-,-
332,東名入口,八王子街道×厚木大山街道,R4/10,町田,D 横浜町田ＩＣ,14鵜野森,14,0,-,-
332,東名入口,八王子街道×厚木大山街道,R4/10,町田,D 横浜町田ＩＣ,14鵜野森,15,0,-,-
332,東名入口,八王子街道×厚木大山街道,R4/10,町田,D 横浜町田ＩＣ,14鵜野森,16,0,-,-
332,東名入口,八王子街道×厚木大山街道,R4/10,町田,D 横浜町田ＩＣ,14鵜野森,17,0,-,-
332,東名入口,八王子街道×厚木大山街道,R4/10,町田,D 横浜町田ＩＣ,14鵜野森,18,0,-,-
332,東名入口,八王子街道×厚木大山街道,R4/10,町田,D 横浜町田ＩＣ,14鵜野森,12時間計,2,-,-
332,東名入口,八王子街道×厚木大山街道,R4/10,町田,D 横浜町田ＩＣ,15市ヶ尾,7,0,-,-
332,東名入口,八王子街道×厚木大山街道,R4/10,町田,D 横浜町田ＩＣ,15市ヶ尾,8,2,-,-
332,東名入口,八王子街道×厚木大山街道,R4/10,町田,D 横浜町田ＩＣ,15市ヶ尾,9,1,-,-
332,東名入口,八王子街道×厚木大山街道,R4/10,町田,D 横浜町田ＩＣ,15市ヶ尾,10,0,-,-
332,東名入口,八王子街道×厚木大山街道,R4/10,町田,D 横浜町田ＩＣ,15市ヶ尾,11,0,-,-
332,東名入口,八王子街道×厚木大山街道,R4/10,町田,D 横浜町田ＩＣ,15市ヶ尾,12,0,-,-
332,東名入口,八王子街道×厚木大山街道,R4/10,町田,D 横浜町田ＩＣ,15市ヶ尾,13,0,-,-
332,東名入口,八王子街道×厚木大山街道,R4/10,町田,D 横浜町田ＩＣ,15市ヶ尾,14,0,-,-
332,東名入口,八王子街道×厚木大山街道,R4/10,町田,D 横浜町田ＩＣ,15市ヶ尾,15,0,-,-
332,東名入口,八王子街道×厚木大山街道,R4/10,町田,D 横浜町田ＩＣ,15市ヶ尾,16,0,-,-
332,東名入口,八王子街道×厚木大山街道,R4/10,町田,D 横浜町田ＩＣ,15市ヶ尾,17,0,-,-
332,東名入口,八王子街道×厚木大山街道,R4/10,町田,D 横浜町田ＩＣ,15市ヶ尾,18,1,-,-
332,東名入口,八王子街道×厚木大山街道,R4/10,町田,D 横浜町田ＩＣ,15市ヶ尾,12時間計,4,-,-
332,東名入口,八王子街道×厚木大山街道,R4/10,町田,D 横浜町田ＩＣ,16鵜野森,7,0,-,-
332,東名入口,八王子街道×厚木大山街道,R4/10,町田,D 横浜町田ＩＣ,16鵜野森,8,0,-,-
332,東名入口,八王子街道×厚木大山街道,R4/10,町田,D 横浜町田ＩＣ,16鵜野森,9,0,-,-
332,東名入口,八王子街道×厚木大山街道,R4/10,町田,D 横浜町田ＩＣ,16鵜野森,10,0,-,-
332,東名入口,八王子街道×厚木大山街道,R4/10,町田,D 横浜町田ＩＣ,16鵜野森,11,0,-,-
332,東名入口,八王子街道×厚木大山街道,R4/10,町田,D 横浜町田ＩＣ,16鵜野森,12,0,-,-
332,東名入口,八王子街道×厚木大山街道,R4/10,町田,D 横浜町田ＩＣ,16鵜野森,13,0,-,-
332,東名入口,八王子街道×厚木大山街道,R4/10,町田,D 横浜町田ＩＣ,16鵜野森,14,0,-,-
332,東名入口,八王子街道×厚木大山街道,R4/10,町田,D 横浜町田ＩＣ,16鵜野森,15,0,-,-
332,東名入口,八王子街道×厚木大山街道,R4/10,町田,D 横浜町田ＩＣ,16鵜野森,16,0,-,-
332,東名入口,八王子街道×厚木大山街道,R4/10,町田,D 横浜町田ＩＣ,16鵜野森,17,0,-,-
332,東名入口,八王子街道×厚木大山街道,R4/10,町田,D 横浜町田ＩＣ,16鵜野森,18,0,-,-
332,東名入口,八王子街道×厚木大山街道,R4/10,町田,D 横浜町田ＩＣ,16鵜野森,12時間計,0,-,-
332,東名入口,八王子街道×厚木大山街道,R4/10,町田,D 横浜町田ＩＣ,流入計,7,1,34,35
332,東名入口,八王子街道×厚木大山街道,R4/10,町田,D 横浜町田ＩＣ,流入計,8,2,34,36
332,東名入口,八王子街道×厚木大山街道,R4/10,町田,D 横浜町田ＩＣ,流入計,9,2,23,25
332,東名入口,八王子街道×厚木大山街道,R4/10,町田,D 横浜町田ＩＣ,流入計,10,0,14,14
332,東名入口,八王子街道×厚木大山街道,R4/10,町田,D 横浜町田ＩＣ,流入計,11,0,15,15
332,東名入口,八王子街道×厚木大山街道,R4/10,町田,D 横浜町田ＩＣ,流入計,12,1,19,20
332,東名入口,八王子街道×厚木大山街道,R4/10,町田,D 横浜町田ＩＣ,流入計,13,1,6,7
332,東名入口,八王子街道×厚木大山街道,R4/10,町田,D 横浜町田ＩＣ,流入計,14,1,10,11
332,東名入口,八王子街道×厚木大山街道,R4/10,町田,D 横浜町田ＩＣ,流入計,15,0,9,9
332,東名入口,八王子街道×厚木大山街道,R4/10,町田,D 横浜町田ＩＣ,流入計,16,0,22,22
332,東名入口,八王子街道×厚木大山街道,R4/10,町田,D 横浜町田ＩＣ,流入計,17,0,21,21
332,東名入口,八王子街道×厚木大山街道,R4/10,町田,D 横浜町田ＩＣ,流入計,18,2,12,14
332,東名入口,八王子街道×厚木大山街道,R4/10,町田,D 横浜町田ＩＣ,流入計,12時間計,10,219,229
332,東名入口,八王子街道×厚木大山街道,R4/10,町田,全方向計,全方向計,7,8,72,80
332,東名入口,八王子街道×厚木大山街道,R4/10,町田,全方向計,全方向計,8,11,96,107
332,東名入口,八王子街道×厚木大山街道,R4/10,町田,全方向計,全方向計,9,11,46,57
332,東名入口,八王子街道×厚木大山街道,R4/10,町田,全方向計,全方向計,10,5,52,57
332,東名入口,八王子街道×厚木大山街道,R4/10,町田,全方向計,全方向計,11,9,54,63
332,東名入口,八王子街道×厚木大山街道,R4/10,町田,全方向計,全方向計,12,2,53,55
332,東名入口,八王子街道×厚木大山街道,R4/10,町田,全方向計,全方向計,13,4,53,57
332,東名入口,八王子街道×厚木大山街道,R4/10,町田,全方向計,全方向計,14,7,32,39
332,東名入口,八王子街道×厚木大山街道,R4/10,町田,全方向計,全方向計,15,4,42,46
332,東名入口,八王子街道×厚木大山街道,R4/10,町田,全方向計,全方向計,16,5,78,83
332,東名入口,八王子街道×厚木大山街道,R4/10,町田,全方向計,全方向計,17,9,77,86
332,東名入口,八王子街道×厚木大山街道,R4/10,町田,全方向計,全方向計,18,9,80,89
332,東名入口,八王子街道×厚木大山街道,R4/10,町田,全方向計,全方向計,12時間計,84,735,819
