﻿地点番号,地点名,交差道路名,調査年月,管轄警察署,流入方向,流出方向,時間帯等,大型乗用,大型貨物,普通乗用,普通貨物,四輪計,二輪車
332,東名入口,八王子街道×厚木大山街道,R4/10,町田,A 市ヶ尾,1.横浜町田ＩＣ,7,6,15,195,108,324,7
332,東名入口,八王子街道×厚木大山街道,R4/10,町田,A 市ヶ尾,1.横浜町田ＩＣ,8,8,18,178,106,310,7
332,東名入口,八王子街道×厚木大山街道,R4/10,町田,A 市ヶ尾,1.横浜町田ＩＣ,9,3,17,189,81,290,4
332,東名入口,八王子街道×厚木大山街道,R4/10,町田,A 市ヶ尾,1.横浜町田ＩＣ,10,3,25,183,78,289,9
332,東名入口,八王子街道×厚木大山街道,R4/10,町田,A 市ヶ尾,1.横浜町田ＩＣ,11,2,20,160,84,266,7
332,東名入口,八王子街道×厚木大山街道,R4/10,町田,A 市ヶ尾,1.横浜町田ＩＣ,12,6,19,219,95,339,7
332,東名入口,八王子街道×厚木大山街道,R4/10,町田,A 市ヶ尾,1.横浜町田ＩＣ,13,9,20,173,109,311,12
332,東名入口,八王子街道×厚木大山街道,R4/10,町田,A 市ヶ尾,1.横浜町田ＩＣ,14,5,17,178,120,320,9
332,東名入口,八王子街道×厚木大山街道,R4/10,町田,A 市ヶ尾,1.横浜町田ＩＣ,15,7,14,212,95,328,12
332,東名入口,八王子街道×厚木大山街道,R4/10,町田,A 市ヶ尾,1.横浜町田ＩＣ,16,8,14,182,115,319,8
332,東名入口,八王子街道×厚木大山街道,R4/10,町田,A 市ヶ尾,1.横浜町田ＩＣ,17,4,10,200,115,329,7
332,東名入口,八王子街道×厚木大山街道,R4/10,町田,A 市ヶ尾,1.横浜町田ＩＣ,18,5,7,229,68,309,14
332,東名入口,八王子街道×厚木大山街道,R4/10,町田,A 市ヶ尾,1.横浜町田ＩＣ,12時間計,66,196,2298,1174,3734,103
332,東名入口,八王子街道×厚木大山街道,R4/10,町田,A 市ヶ尾,2.厚木,7,1,3,52,34,90,5
332,東名入口,八王子街道×厚木大山街道,R4/10,町田,A 市ヶ尾,2.厚木,8,2,4,39,21,66,9
332,東名入口,八王子街道×厚木大山街道,R4/10,町田,A 市ヶ尾,2.厚木,9,1,0,55,25,81,5
332,東名入口,八王子街道×厚木大山街道,R4/10,町田,A 市ヶ尾,2.厚木,10,2,2,35,25,64,9
332,東名入口,八王子街道×厚木大山街道,R4/10,町田,A 市ヶ尾,2.厚木,11,1,4,34,19,58,3
332,東名入口,八王子街道×厚木大山街道,R4/10,町田,A 市ヶ尾,2.厚木,12,1,6,42,20,69,7
332,東名入口,八王子街道×厚木大山街道,R4/10,町田,A 市ヶ尾,2.厚木,13,1,3,51,24,79,3
332,東名入口,八王子街道×厚木大山街道,R4/10,町田,A 市ヶ尾,2.厚木,14,3,7,53,13,76,0
332,東名入口,八王子街道×厚木大山街道,R4/10,町田,A 市ヶ尾,2.厚木,15,2,5,35,27,69,6
332,東名入口,八王子街道×厚木大山街道,R4/10,町田,A 市ヶ尾,2.厚木,16,2,1,52,27,82,1
332,東名入口,八王子街道×厚木大山街道,R4/10,町田,A 市ヶ尾,2.厚木,17,1,0,68,27,96,7
332,東名入口,八王子街道×厚木大山街道,R4/10,町田,A 市ヶ尾,2.厚木,18,1,1,60,21,83,4
332,東名入口,八王子街道×厚木大山街道,R4/10,町田,A 市ヶ尾,2.厚木,12時間計,18,36,576,283,913,59
332,東名入口,八王子街道×厚木大山街道,R4/10,町田,A 市ヶ尾,3.鵜野森,7,2,4,134,44,184,23
332,東名入口,八王子街道×厚木大山街道,R4/10,町田,A 市ヶ尾,3.鵜野森,8,1,3,139,91,234,14
332,東名入口,八王子街道×厚木大山街道,R4/10,町田,A 市ヶ尾,3.鵜野森,9,1,10,132,68,211,13
332,東名入口,八王子街道×厚木大山街道,R4/10,町田,A 市ヶ尾,3.鵜野森,10,1,3,166,61,231,6
332,東名入口,八王子街道×厚木大山街道,R4/10,町田,A 市ヶ尾,3.鵜野森,11,0,4,162,62,228,8
332,東名入口,八王子街道×厚木大山街道,R4/10,町田,A 市ヶ尾,3.鵜野森,12,1,10,176,35,222,8
332,東名入口,八王子街道×厚木大山街道,R4/10,町田,A 市ヶ尾,3.鵜野森,13,1,2,176,32,211,10
332,東名入口,八王子街道×厚木大山街道,R4/10,町田,A 市ヶ尾,3.鵜野森,14,0,1,145,77,223,10
332,東名入口,八王子街道×厚木大山街道,R4/10,町田,A 市ヶ尾,3.鵜野森,15,1,12,116,68,197,8
332,東名入口,八王子街道×厚木大山街道,R4/10,町田,A 市ヶ尾,3.鵜野森,16,1,2,163,64,230,11
332,東名入口,八王子街道×厚木大山街道,R4/10,町田,A 市ヶ尾,3.鵜野森,17,1,6,161,91,259,23
332,東名入口,八王子街道×厚木大山街道,R4/10,町田,A 市ヶ尾,3.鵜野森,18,1,1,178,23,203,17
332,東名入口,八王子街道×厚木大山街道,R4/10,町田,A 市ヶ尾,3.鵜野森,12時間計,11,58,1848,716,2633,151
332,東名入口,八王子街道×厚木大山街道,R4/10,町田,A 市ヶ尾,4.厚木,7,10,96,928,592,1626,134
332,東名入口,八王子街道×厚木大山街道,R4/10,町田,A 市ヶ尾,4.厚木,8,7,45,649,280,981,82
332,東名入口,八王子街道×厚木大山街道,R4/10,町田,A 市ヶ尾,4.厚木,9,10,79,453,199,741,45
332,東名入口,八王子街道×厚木大山街道,R4/10,町田,A 市ヶ尾,4.厚木,10,3,66,332,269,670,32
332,東名入口,八王子街道×厚木大山街道,R4/10,町田,A 市ヶ尾,4.厚木,11,4,55,294,207,560,21
332,東名入口,八王子街道×厚木大山街道,R4/10,町田,A 市ヶ尾,4.厚木,12,1,137,421,418,977,65
332,東名入口,八王子街道×厚木大山街道,R4/10,町田,A 市ヶ尾,4.厚木,13,13,142,371,365,891,75
332,東名入口,八王子街道×厚木大山街道,R4/10,町田,A 市ヶ尾,4.厚木,14,8,190,498,249,945,55
332,東名入口,八王子街道×厚木大山街道,R4/10,町田,A 市ヶ尾,4.厚木,15,7,143,486,240,876,43
332,東名入口,八王子街道×厚木大山街道,R4/10,町田,A 市ヶ尾,4.厚木,16,5,50,530,318,903,55
332,東名入口,八王子街道×厚木大山街道,R4/10,町田,A 市ヶ尾,4.厚木,17,4,56,672,316,1048,102
332,東名入口,八王子街道×厚木大山街道,R4/10,町田,A 市ヶ尾,4.厚木,18,9,1,541,848,1399,90
332,東名入口,八王子街道×厚木大山街道,R4/10,町田,A 市ヶ尾,4.厚木,12時間計,81,1060,6175,4301,11617,799
332,東名入口,八王子街道×厚木大山街道,R4/10,町田,A 市ヶ尾,流入計,7,19,118,1309,778,2224,169
332,東名入口,八王子街道×厚木大山街道,R4/10,町田,A 市ヶ尾,流入計,8,18,70,1005,498,1591,112
332,東名入口,八王子街道×厚木大山街道,R4/10,町田,A 市ヶ尾,流入計,9,15,106,829,373,1323,67
332,東名入口,八王子街道×厚木大山街道,R4/10,町田,A 市ヶ尾,流入計,10,9,96,716,433,1254,56
332,東名入口,八王子街道×厚木大山街道,R4/10,町田,A 市ヶ尾,流入計,11,7,83,650,372,1112,39
332,東名入口,八王子街道×厚木大山街道,R4/10,町田,A 市ヶ尾,流入計,12,9,172,858,568,1607,87
332,東名入口,八王子街道×厚木大山街道,R4/10,町田,A 市ヶ尾,流入計,13,24,167,771,530,1492,100
332,東名入口,八王子街道×厚木大山街道,R4/10,町田,A 市ヶ尾,流入計,14,16,215,874,459,1564,74
332,東名入口,八王子街道×厚木大山街道,R4/10,町田,A 市ヶ尾,流入計,15,17,174,849,430,1470,69
332,東名入口,八王子街道×厚木大山街道,R4/10,町田,A 市ヶ尾,流入計,16,16,67,927,524,1534,75
332,東名入口,八王子街道×厚木大山街道,R4/10,町田,A 市ヶ尾,流入計,17,10,72,1101,549,1732,139
332,東名入口,八王子街道×厚木大山街道,R4/10,町田,A 市ヶ尾,流入計,18,16,10,1008,960,1994,125
332,東名入口,八王子街道×厚木大山街道,R4/10,町田,A 市ヶ尾,流入計,12時間計,176,1350,10897,6474,18897,1112
332,東名入口,八王子街道×厚木大山街道,R4/10,町田,B 鵜野森,5.市ヶ尾,7,1,4,50,55,110,13
332,東名入口,八王子街道×厚木大山街道,R4/10,町田,B 鵜野森,5.市ヶ尾,8,5,7,85,68,165,9
332,東名入口,八王子街道×厚木大山街道,R4/10,町田,B 鵜野森,5.市ヶ尾,9,1,2,126,59,188,15
332,東名入口,八王子街道×厚木大山街道,R4/10,町田,B 鵜野森,5.市ヶ尾,10,1,2,128,40,171,5
332,東名入口,八王子街道×厚木大山街道,R4/10,町田,B 鵜野森,5.市ヶ尾,11,4,12,105,78,199,3
332,東名入口,八王子街道×厚木大山街道,R4/10,町田,B 鵜野森,5.市ヶ尾,12,1,5,112,51,169,4
332,東名入口,八王子街道×厚木大山街道,R4/10,町田,B 鵜野森,5.市ヶ尾,13,1,5,169,65,240,10
332,東名入口,八王子街道×厚木大山街道,R4/10,町田,B 鵜野森,5.市ヶ尾,14,3,7,138,55,203,7
332,東名入口,八王子街道×厚木大山街道,R4/10,町田,B 鵜野森,5.市ヶ尾,15,1,3,180,26,210,11
332,東名入口,八王子街道×厚木大山街道,R4/10,町田,B 鵜野森,5.市ヶ尾,16,1,9,210,24,244,17
332,東名入口,八王子街道×厚木大山街道,R4/10,町田,B 鵜野森,5.市ヶ尾,17,1,1,137,69,208,22
332,東名入口,八王子街道×厚木大山街道,R4/10,町田,B 鵜野森,5.市ヶ尾,18,7,1,134,46,188,9
332,東名入口,八王子街道×厚木大山街道,R4/10,町田,B 鵜野森,5.市ヶ尾,12時間計,27,58,1574,636,2295,125
332,東名入口,八王子街道×厚木大山街道,R4/10,町田,B 鵜野森,6.横浜町田ＩＣ,7,5,4,233,175,417,47
332,東名入口,八王子街道×厚木大山街道,R4/10,町田,B 鵜野森,6.横浜町田ＩＣ,8,2,10,227,137,376,31
332,東名入口,八王子街道×厚木大山街道,R4/10,町田,B 鵜野森,6.横浜町田ＩＣ,9,5,19,183,122,329,16
332,東名入口,八王子街道×厚木大山街道,R4/10,町田,B 鵜野森,6.横浜町田ＩＣ,10,2,13,147,108,270,7
332,東名入口,八王子街道×厚木大山街道,R4/10,町田,B 鵜野森,6.横浜町田ＩＣ,11,3,25,166,66,260,7
332,東名入口,八王子街道×厚木大山街道,R4/10,町田,B 鵜野森,6.横浜町田ＩＣ,12,3,11,178,71,263,14
332,東名入口,八王子街道×厚木大山街道,R4/10,町田,B 鵜野森,6.横浜町田ＩＣ,13,1,7,185,68,261,14
332,東名入口,八王子街道×厚木大山街道,R4/10,町田,B 鵜野森,6.横浜町田ＩＣ,14,1,6,230,75,312,19
332,東名入口,八王子街道×厚木大山街道,R4/10,町田,B 鵜野森,6.横浜町田ＩＣ,15,6,18,246,60,330,16
332,東名入口,八王子街道×厚木大山街道,R4/10,町田,B 鵜野森,6.横浜町田ＩＣ,16,2,26,248,78,354,18
332,東名入口,八王子街道×厚木大山街道,R4/10,町田,B 鵜野森,6.横浜町田ＩＣ,17,4,19,205,63,291,32
332,東名入口,八王子街道×厚木大山街道,R4/10,町田,B 鵜野森,6.横浜町田ＩＣ,18,3,7,203,46,259,27
332,東名入口,八王子街道×厚木大山街道,R4/10,町田,B 鵜野森,6.横浜町田ＩＣ,12時間計,37,165,2451,1069,3722,248
332,東名入口,八王子街道×厚木大山街道,R4/10,町田,B 鵜野森,7.厚木,7,4,8,25,9,46,3
332,東名入口,八王子街道×厚木大山街道,R4/10,町田,B 鵜野森,7.厚木,8,7,4,29,18,58,0
332,東名入口,八王子街道×厚木大山街道,R4/10,町田,B 鵜野森,7.厚木,9,4,4,24,9,41,0
332,東名入口,八王子街道×厚木大山街道,R4/10,町田,B 鵜野森,7.厚木,10,3,9,31,18,61,3
332,東名入口,八王子街道×厚木大山街道,R4/10,町田,B 鵜野森,7.厚木,11,3,9,43,22,77,0
332,東名入口,八王子街道×厚木大山街道,R4/10,町田,B 鵜野森,7.厚木,12,2,5,52,18,77,4
332,東名入口,八王子街道×厚木大山街道,R4/10,町田,B 鵜野森,7.厚木,13,3,9,56,24,92,2
332,東名入口,八王子街道×厚木大山街道,R4/10,町田,B 鵜野森,7.厚木,14,5,8,60,22,95,3
332,東名入口,八王子街道×厚木大山街道,R4/10,町田,B 鵜野森,7.厚木,15,4,9,54,17,84,2
332,東名入口,八王子街道×厚木大山街道,R4/10,町田,B 鵜野森,7.厚木,16,3,1,72,17,93,0
332,東名入口,八王子街道×厚木大山街道,R4/10,町田,B 鵜野森,7.厚木,17,4,0,52,13,69,5
332,東名入口,八王子街道×厚木大山街道,R4/10,町田,B 鵜野森,7.厚木,18,3,0,53,20,76,4
332,東名入口,八王子街道×厚木大山街道,R4/10,町田,B 鵜野森,7.厚木,12時間計,45,66,551,207,869,26
332,東名入口,八王子街道×厚木大山街道,R4/10,町田,B 鵜野森,8.横浜町田ＩＣ,7,2,176,861,486,1525,51
332,東名入口,八王子街道×厚木大山街道,R4/10,町田,B 鵜野森,8.横浜町田ＩＣ,8,3,103,697,482,1285,32
332,東名入口,八王子街道×厚木大山街道,R4/10,町田,B 鵜野森,8.横浜町田ＩＣ,9,1,158,705,414,1278,14
332,東名入口,八王子街道×厚木大山街道,R4/10,町田,B 鵜野森,8.横浜町田ＩＣ,10,0,194,569,366,1129,8
332,東名入口,八王子街道×厚木大山街道,R4/10,町田,B 鵜野森,8.横浜町田ＩＣ,11,2,185,630,407,1224,18
332,東名入口,八王子街道×厚木大山街道,R4/10,町田,B 鵜野森,8.横浜町田ＩＣ,12,1,135,666,432,1234,19
332,東名入口,八王子街道×厚木大山街道,R4/10,町田,B 鵜野森,8.横浜町田ＩＣ,13,1,111,700,404,1216,16
332,東名入口,八王子街道×厚木大山街道,R4/10,町田,B 鵜野森,8.横浜町田ＩＣ,14,0,115,711,408,1234,22
332,東名入口,八王子街道×厚木大山街道,R4/10,町田,B 鵜野森,8.横浜町田ＩＣ,15,1,107,713,488,1309,17
332,東名入口,八王子街道×厚木大山街道,R4/10,町田,B 鵜野森,8.横浜町田ＩＣ,16,2,62,662,354,1080,25
332,東名入口,八王子街道×厚木大山街道,R4/10,町田,B 鵜野森,8.横浜町田ＩＣ,17,3,50,842,382,1277,44
332,東名入口,八王子街道×厚木大山街道,R4/10,町田,B 鵜野森,8.横浜町田ＩＣ,18,2,69,551,415,1037,35
332,東名入口,八王子街道×厚木大山街道,R4/10,町田,B 鵜野森,8.横浜町田ＩＣ,12時間計,18,1465,8307,5038,14828,301
332,東名入口,八王子街道×厚木大山街道,R4/10,町田,B 鵜野森,流入計,7,12,192,1169,725,2098,114
332,東名入口,八王子街道×厚木大山街道,R4/10,町田,B 鵜野森,流入計,8,17,124,1038,705,1884,72
332,東名入口,八王子街道×厚木大山街道,R4/10,町田,B 鵜野森,流入計,9,11,183,1038,604,1836,45
332,東名入口,八王子街道×厚木大山街道,R4/10,町田,B 鵜野森,流入計,10,6,218,875,532,1631,23
332,東名入口,八王子街道×厚木大山街道,R4/10,町田,B 鵜野森,流入計,11,12,231,944,573,1760,28
332,東名入口,八王子街道×厚木大山街道,R4/10,町田,B 鵜野森,流入計,12,7,156,1008,572,1743,41
332,東名入口,八王子街道×厚木大山街道,R4/10,町田,B 鵜野森,流入計,13,6,132,1110,561,1809,42
332,東名入口,八王子街道×厚木大山街道,R4/10,町田,B 鵜野森,流入計,14,9,136,1139,560,1844,51
332,東名入口,八王子街道×厚木大山街道,R4/10,町田,B 鵜野森,流入計,15,12,137,1193,591,1933,46
332,東名入口,八王子街道×厚木大山街道,R4/10,町田,B 鵜野森,流入計,16,8,98,1192,473,1771,60
332,東名入口,八王子街道×厚木大山街道,R4/10,町田,B 鵜野森,流入計,17,12,70,1236,527,1845,103
332,東名入口,八王子街道×厚木大山街道,R4/10,町田,B 鵜野森,流入計,18,15,77,941,527,1560,75
332,東名入口,八王子街道×厚木大山街道,R4/10,町田,B 鵜野森,流入計,12時間計,127,1754,12883,6950,21714,700
332,東名入口,八王子街道×厚木大山街道,R4/10,町田,C 厚木,9.鵜野森,7,5,1,12,6,24,0
332,東名入口,八王子街道×厚木大山街道,R4/10,町田,C 厚木,9.鵜野森,8,4,2,21,14,41,2
332,東名入口,八王子街道×厚木大山街道,R4/10,町田,C 厚木,9.鵜野森,9,2,1,35,17,55,1
332,東名入口,八王子街道×厚木大山街道,R4/10,町田,C 厚木,9.鵜野森,10,2,2,48,20,72,2
332,東名入口,八王子街道×厚木大山街道,R4/10,町田,C 厚木,9.鵜野森,11,3,2,43,22,70,0
332,東名入口,八王子街道×厚木大山街道,R4/10,町田,C 厚木,9.鵜野森,12,4,2,69,9,84,1
332,東名入口,八王子街道×厚木大山街道,R4/10,町田,C 厚木,9.鵜野森,13,3,1,53,15,72,4
332,東名入口,八王子街道×厚木大山街道,R4/10,町田,C 厚木,9.鵜野森,14,5,0,49,16,70,3
332,東名入口,八王子街道×厚木大山街道,R4/10,町田,C 厚木,9.鵜野森,15,3,1,44,16,64,2
332,東名入口,八王子街道×厚木大山街道,R4/10,町田,C 厚木,9.鵜野森,16,3,1,53,15,72,2
332,東名入口,八王子街道×厚木大山街道,R4/10,町田,C 厚木,9.鵜野森,17,2,1,51,6,60,3
332,東名入口,八王子街道×厚木大山街道,R4/10,町田,C 厚木,9.鵜野森,18,4,1,30,3,38,3
332,東名入口,八王子街道×厚木大山街道,R4/10,町田,C 厚木,9.鵜野森,12時間計,40,15,508,159,722,23
332,東名入口,八王子街道×厚木大山街道,R4/10,町田,C 厚木,10.市ヶ尾,7,1,4,91,69,165,12
332,東名入口,八王子街道×厚木大山街道,R4/10,町田,C 厚木,10.市ヶ尾,8,1,2,99,34,136,8
332,東名入口,八王子街道×厚木大山街道,R4/10,町田,C 厚木,10.市ヶ尾,9,0,0,73,25,98,5
332,東名入口,八王子街道×厚木大山街道,R4/10,町田,C 厚木,10.市ヶ尾,10,0,2,48,24,74,2
332,東名入口,八王子街道×厚木大山街道,R4/10,町田,C 厚木,10.市ヶ尾,11,1,3,50,38,92,4
332,東名入口,八王子街道×厚木大山街道,R4/10,町田,C 厚木,10.市ヶ尾,12,3,0,49,28,80,3
332,東名入口,八王子街道×厚木大山街道,R4/10,町田,C 厚木,10.市ヶ尾,13,0,2,53,34,89,5
332,東名入口,八王子街道×厚木大山街道,R4/10,町田,C 厚木,10.市ヶ尾,14,0,1,67,32,100,1
332,東名入口,八王子街道×厚木大山街道,R4/10,町田,C 厚木,10.市ヶ尾,15,0,1,91,22,114,10
332,東名入口,八王子街道×厚木大山街道,R4/10,町田,C 厚木,10.市ヶ尾,16,0,0,97,17,114,4
332,東名入口,八王子街道×厚木大山街道,R4/10,町田,C 厚木,10.市ヶ尾,17,1,0,66,35,102,11
332,東名入口,八王子街道×厚木大山街道,R4/10,町田,C 厚木,10.市ヶ尾,18,0,1,76,19,96,3
332,東名入口,八王子街道×厚木大山街道,R4/10,町田,C 厚木,10.市ヶ尾,12時間計,7,16,860,377,1260,68
332,東名入口,八王子街道×厚木大山街道,R4/10,町田,C 厚木,11.横浜町田ＩＣ,7,0,26,201,211,438,32
332,東名入口,八王子街道×厚木大山街道,R4/10,町田,C 厚木,11.横浜町田ＩＣ,8,0,52,172,169,393,21
332,東名入口,八王子街道×厚木大山街道,R4/10,町田,C 厚木,11.横浜町田ＩＣ,9,0,68,142,181,391,7
332,東名入口,八王子街道×厚木大山街道,R4/10,町田,C 厚木,11.横浜町田ＩＣ,10,0,67,142,163,372,6
332,東名入口,八王子街道×厚木大山街道,R4/10,町田,C 厚木,11.横浜町田ＩＣ,11,1,95,206,138,440,4
332,東名入口,八王子街道×厚木大山街道,R4/10,町田,C 厚木,11.横浜町田ＩＣ,12,0,75,202,134,411,4
332,東名入口,八王子街道×厚木大山街道,R4/10,町田,C 厚木,11.横浜町田ＩＣ,13,0,47,175,151,373,7
332,東名入口,八王子街道×厚木大山街道,R4/10,町田,C 厚木,11.横浜町田ＩＣ,14,1,35,222,172,430,11
332,東名入口,八王子街道×厚木大山街道,R4/10,町田,C 厚木,11.横浜町田ＩＣ,15,2,49,235,132,418,5
332,東名入口,八王子街道×厚木大山街道,R4/10,町田,C 厚木,11.横浜町田ＩＣ,16,1,67,256,119,443,14
332,東名入口,八王子街道×厚木大山街道,R4/10,町田,C 厚木,11.横浜町田ＩＣ,17,1,57,302,132,492,18
332,東名入口,八王子街道×厚木大山街道,R4/10,町田,C 厚木,11.横浜町田ＩＣ,18,1,37,288,71,397,26
332,東名入口,八王子街道×厚木大山街道,R4/10,町田,C 厚木,11.横浜町田ＩＣ,12時間計,7,675,2543,1773,4998,155
332,東名入口,八王子街道×厚木大山街道,R4/10,町田,C 厚木,12.市ヶ尾,7,10,79,542,319,950,50
332,東名入口,八王子街道×厚木大山街道,R4/10,町田,C 厚木,12.市ヶ尾,8,0,83,585,383,1051,52
332,東名入口,八王子街道×厚木大山街道,R4/10,町田,C 厚木,12.市ヶ尾,9,12,180,642,488,1322,80
332,東名入口,八王子街道×厚木大山街道,R4/10,町田,C 厚木,12.市ヶ尾,10,10,162,653,470,1295,45
332,東名入口,八王子街道×厚木大山街道,R4/10,町田,C 厚木,12.市ヶ尾,11,2,120,384,338,844,24
332,東名入口,八王子街道×厚木大山街道,R4/10,町田,C 厚木,12.市ヶ尾,12,7,94,520,237,858,51
332,東名入口,八王子街道×厚木大山街道,R4/10,町田,C 厚木,12.市ヶ尾,13,4,75,516,252,847,38
332,東名入口,八王子街道×厚木大山街道,R4/10,町田,C 厚木,12.市ヶ尾,14,8,73,547,275,903,44
332,東名入口,八王子街道×厚木大山街道,R4/10,町田,C 厚木,12.市ヶ尾,15,11,88,539,289,927,39
332,東名入口,八王子街道×厚木大山街道,R4/10,町田,C 厚木,12.市ヶ尾,16,5,91,663,353,1112,79
332,東名入口,八王子街道×厚木大山街道,R4/10,町田,C 厚木,12.市ヶ尾,17,3,66,792,177,1038,91
332,東名入口,八王子街道×厚木大山街道,R4/10,町田,C 厚木,12.市ヶ尾,18,8,36,839,154,1037,84
332,東名入口,八王子街道×厚木大山街道,R4/10,町田,C 厚木,12.市ヶ尾,12時間計,80,1147,7222,3735,12184,677
332,東名入口,八王子街道×厚木大山街道,R4/10,町田,C 厚木,流入計,7,16,110,846,605,1577,94
332,東名入口,八王子街道×厚木大山街道,R4/10,町田,C 厚木,流入計,8,5,139,877,600,1621,83
332,東名入口,八王子街道×厚木大山街道,R4/10,町田,C 厚木,流入計,9,14,249,892,711,1866,93
332,東名入口,八王子街道×厚木大山街道,R4/10,町田,C 厚木,流入計,10,12,233,891,677,1813,55
332,東名入口,八王子街道×厚木大山街道,R4/10,町田,C 厚木,流入計,11,7,220,683,536,1446,32
332,東名入口,八王子街道×厚木大山街道,R4/10,町田,C 厚木,流入計,12,14,171,840,408,1433,59
332,東名入口,八王子街道×厚木大山街道,R4/10,町田,C 厚木,流入計,13,7,125,797,452,1381,54
332,東名入口,八王子街道×厚木大山街道,R4/10,町田,C 厚木,流入計,14,14,109,885,495,1503,59
332,東名入口,八王子街道×厚木大山街道,R4/10,町田,C 厚木,流入計,15,16,139,909,459,1523,56
332,東名入口,八王子街道×厚木大山街道,R4/10,町田,C 厚木,流入計,16,9,159,1069,504,1741,99
332,東名入口,八王子街道×厚木大山街道,R4/10,町田,C 厚木,流入計,17,7,124,1211,350,1692,123
332,東名入口,八王子街道×厚木大山街道,R4/10,町田,C 厚木,流入計,18,13,75,1233,247,1568,116
332,東名入口,八王子街道×厚木大山街道,R4/10,町田,C 厚木,流入計,12時間計,134,1853,11133,6044,19164,923
332,東名入口,八王子街道×厚木大山街道,R4/10,町田,D 横浜町田ＩＣ,13.厚木,7,1,112,182,79,374,18
332,東名入口,八王子街道×厚木大山街道,R4/10,町田,D 横浜町田ＩＣ,13.厚木,8,1,36,181,137,355,20
332,東名入口,八王子街道×厚木大山街道,R4/10,町田,D 横浜町田ＩＣ,13.厚木,9,3,58,159,163,383,8
332,東名入口,八王子街道×厚木大山街道,R4/10,町田,D 横浜町田ＩＣ,13.厚木,10,1,61,165,179,406,13
332,東名入口,八王子街道×厚木大山街道,R4/10,町田,D 横浜町田ＩＣ,13.厚木,11,0,54,144,173,371,10
332,東名入口,八王子街道×厚木大山街道,R4/10,町田,D 横浜町田ＩＣ,13.厚木,12,0,158,149,76,383,7
332,東名入口,八王子街道×厚木大山街道,R4/10,町田,D 横浜町田ＩＣ,13.厚木,13,1,155,151,76,383,9
332,東名入口,八王子街道×厚木大山街道,R4/10,町田,D 横浜町田ＩＣ,13.厚木,14,1,114,211,125,451,4
332,東名入口,八王子街道×厚木大山街道,R4/10,町田,D 横浜町田ＩＣ,13.厚木,15,4,103,164,125,396,5
332,東名入口,八王子街道×厚木大山街道,R4/10,町田,D 横浜町田ＩＣ,13.厚木,16,3,48,198,167,416,12
332,東名入口,八王子街道×厚木大山街道,R4/10,町田,D 横浜町田ＩＣ,13.厚木,17,3,20,201,159,383,16
332,東名入口,八王子街道×厚木大山街道,R4/10,町田,D 横浜町田ＩＣ,13.厚木,18,2,47,225,106,380,21
332,東名入口,八王子街道×厚木大山街道,R4/10,町田,D 横浜町田ＩＣ,13.厚木,12時間計,20,966,2130,1565,4681,143
332,東名入口,八王子街道×厚木大山街道,R4/10,町田,D 横浜町田ＩＣ,14.鵜野森,7,4,19,489,134,646,27
332,東名入口,八王子街道×厚木大山街道,R4/10,町田,D 横浜町田ＩＣ,14.鵜野森,8,3,15,273,193,484,19
332,東名入口,八王子街道×厚木大山街道,R4/10,町田,D 横浜町田ＩＣ,14.鵜野森,9,1,15,249,149,414,12
332,東名入口,八王子街道×厚木大山街道,R4/10,町田,D 横浜町田ＩＣ,14.鵜野森,10,4,34,366,200,604,12
332,東名入口,八王子街道×厚木大山街道,R4/10,町田,D 横浜町田ＩＣ,14.鵜野森,11,2,36,307,177,522,19
332,東名入口,八王子街道×厚木大山街道,R4/10,町田,D 横浜町田ＩＣ,14.鵜野森,12,3,16,388,100,507,21
332,東名入口,八王子街道×厚木大山街道,R4/10,町田,D 横浜町田ＩＣ,14.鵜野森,13,3,14,377,193,587,25
332,東名入口,八王子街道×厚木大山街道,R4/10,町田,D 横浜町田ＩＣ,14.鵜野森,14,5,15,278,75,373,12
332,東名入口,八王子街道×厚木大山街道,R4/10,町田,D 横浜町田ＩＣ,14.鵜野森,15,4,20,336,225,585,18
332,東名入口,八王子街道×厚木大山街道,R4/10,町田,D 横浜町田ＩＣ,14.鵜野森,16,5,22,416,258,701,26
332,東名入口,八王子街道×厚木大山街道,R4/10,町田,D 横浜町田ＩＣ,14.鵜野森,17,7,14,457,328,806,46
332,東名入口,八王子街道×厚木大山街道,R4/10,町田,D 横浜町田ＩＣ,14.鵜野森,18,8,12,755,95,870,33
332,東名入口,八王子街道×厚木大山街道,R4/10,町田,D 横浜町田ＩＣ,14.鵜野森,12時間計,49,232,4691,2127,7099,270
332,東名入口,八王子街道×厚木大山街道,R4/10,町田,D 横浜町田ＩＣ,15.市ヶ尾,7,6,5,133,153,297,8
332,東名入口,八王子街道×厚木大山街道,R4/10,町田,D 横浜町田ＩＣ,15.市ヶ尾,8,3,9,151,153,316,7
332,東名入口,八王子街道×厚木大山街道,R4/10,町田,D 横浜町田ＩＣ,15.市ヶ尾,9,3,14,197,83,297,9
332,東名入口,八王子街道×厚木大山街道,R4/10,町田,D 横浜町田ＩＣ,15.市ヶ尾,10,2,8,224,66,300,9
332,東名入口,八王子街道×厚木大山街道,R4/10,町田,D 横浜町田ＩＣ,15.市ヶ尾,11,1,10,161,119,291,4
332,東名入口,八王子街道×厚木大山街道,R4/10,町田,D 横浜町田ＩＣ,15.市ヶ尾,12,2,8,179,106,295,11
332,東名入口,八王子街道×厚木大山街道,R4/10,町田,D 横浜町田ＩＣ,15.市ヶ尾,13,3,15,197,94,309,8
332,東名入口,八王子街道×厚木大山街道,R4/10,町田,D 横浜町田ＩＣ,15.市ヶ尾,14,1,6,171,108,286,12
332,東名入口,八王子街道×厚木大山街道,R4/10,町田,D 横浜町田ＩＣ,15.市ヶ尾,15,1,1,243,49,294,6
332,東名入口,八王子街道×厚木大山街道,R4/10,町田,D 横浜町田ＩＣ,15.市ヶ尾,16,4,5,277,36,322,10
332,東名入口,八王子街道×厚木大山街道,R4/10,町田,D 横浜町田ＩＣ,15.市ヶ尾,17,1,5,195,115,316,10
332,東名入口,八王子街道×厚木大山街道,R4/10,町田,D 横浜町田ＩＣ,15.市ヶ尾,18,2,5,229,124,360,13
332,東名入口,八王子街道×厚木大山街道,R4/10,町田,D 横浜町田ＩＣ,15.市ヶ尾,12時間計,29,91,2357,1206,3683,107
332,東名入口,八王子街道×厚木大山街道,R4/10,町田,D 横浜町田ＩＣ,16.鵜野森,7,3,163,883,451,1500,64
332,東名入口,八王子街道×厚木大山街道,R4/10,町田,D 横浜町田ＩＣ,16.鵜野森,8,3,132,878,436,1449,27
332,東名入口,八王子街道×厚木大山街道,R4/10,町田,D 横浜町田ＩＣ,16.鵜野森,9,2,199,672,375,1248,31
332,東名入口,八王子街道×厚木大山街道,R4/10,町田,D 横浜町田ＩＣ,16.鵜野森,10,3,175,739,488,1405,17
332,東名入口,八王子街道×厚木大山街道,R4/10,町田,D 横浜町田ＩＣ,16.鵜野森,11,1,112,601,376,1090,16
332,東名入口,八王子街道×厚木大山街道,R4/10,町田,D 横浜町田ＩＣ,16.鵜野森,12,1,97,536,356,990,15
332,東名入口,八王子街道×厚木大山街道,R4/10,町田,D 横浜町田ＩＣ,16.鵜野森,13,4,174,770,341,1289,25
332,東名入口,八王子街道×厚木大山街道,R4/10,町田,D 横浜町田ＩＣ,16.鵜野森,14,4,140,913,440,1497,28
332,東名入口,八王子街道×厚木大山街道,R4/10,町田,D 横浜町田ＩＣ,16.鵜野森,15,6,154,828,396,1384,25
332,東名入口,八王子街道×厚木大山街道,R4/10,町田,D 横浜町田ＩＣ,16.鵜野森,16,4,179,732,373,1288,33
332,東名入口,八王子街道×厚木大山街道,R4/10,町田,D 横浜町田ＩＣ,16.鵜野森,17,0,32,867,316,1215,31
332,東名入口,八王子街道×厚木大山街道,R4/10,町田,D 横浜町田ＩＣ,16.鵜野森,18,2,28,696,311,1037,45
332,東名入口,八王子街道×厚木大山街道,R4/10,町田,D 横浜町田ＩＣ,16.鵜野森,12時間計,33,1585,9115,4659,15392,357
332,東名入口,八王子街道×厚木大山街道,R4/10,町田,D 横浜町田ＩＣ,流入計,7,14,299,1687,817,2817,117
332,東名入口,八王子街道×厚木大山街道,R4/10,町田,D 横浜町田ＩＣ,流入計,8,10,192,1483,919,2604,73
332,東名入口,八王子街道×厚木大山街道,R4/10,町田,D 横浜町田ＩＣ,流入計,9,9,286,1277,770,2342,60
332,東名入口,八王子街道×厚木大山街道,R4/10,町田,D 横浜町田ＩＣ,流入計,10,10,278,1494,933,2715,51
332,東名入口,八王子街道×厚木大山街道,R4/10,町田,D 横浜町田ＩＣ,流入計,11,4,212,1213,845,2274,49
332,東名入口,八王子街道×厚木大山街道,R4/10,町田,D 横浜町田ＩＣ,流入計,12,6,279,1252,638,2175,54
332,東名入口,八王子街道×厚木大山街道,R4/10,町田,D 横浜町田ＩＣ,流入計,13,11,358,1495,704,2568,67
332,東名入口,八王子街道×厚木大山街道,R4/10,町田,D 横浜町田ＩＣ,流入計,14,11,275,1573,748,2607,56
332,東名入口,八王子街道×厚木大山街道,R4/10,町田,D 横浜町田ＩＣ,流入計,15,15,278,1571,795,2659,54
332,東名入口,八王子街道×厚木大山街道,R4/10,町田,D 横浜町田ＩＣ,流入計,16,16,254,1623,834,2727,81
332,東名入口,八王子街道×厚木大山街道,R4/10,町田,D 横浜町田ＩＣ,流入計,17,11,71,1720,918,2720,103
332,東名入口,八王子街道×厚木大山街道,R4/10,町田,D 横浜町田ＩＣ,流入計,18,14,92,1905,636,2647,112
332,東名入口,八王子街道×厚木大山街道,R4/10,町田,D 横浜町田ＩＣ,流入計,12時間計,131,2874,18293,9557,30855,877
