﻿地点番号,地点名,交差道路名,調査年月,管轄警察署,流出方向,時間帯等,大型乗用,大型貨物,普通乗用,普通貨物,四輪計,二輪車
64,練馬北町陸橋,環八通り×川越街道,R4/11,光が丘,A 赤羽,7,21,22,810,526,1379,94
64,練馬北町陸橋,環八通り×川越街道,R4/11,光が丘,A 赤羽,8,22,34,698,486,1240,85
64,練馬北町陸橋,環八通り×川越街道,R4/11,光が丘,A 赤羽,9,17,41,609,481,1148,43
64,練馬北町陸橋,環八通り×川越街道,R4/11,光が丘,A 赤羽,10,20,66,490,543,1119,47
64,練馬北町陸橋,環八通り×川越街道,R4/11,光が丘,A 赤羽,11,8,62,504,496,1070,48
64,練馬北町陸橋,環八通り×川越街道,R4/11,光が丘,A 赤羽,12,9,46,517,431,1003,41
64,練馬北町陸橋,環八通り×川越街道,R4/11,光が丘,A 赤羽,13,8,33,522,489,1052,40
64,練馬北町陸橋,環八通り×川越街道,R4/11,光が丘,A 赤羽,14,19,38,540,528,1125,44
64,練馬北町陸橋,環八通り×川越街道,R4/11,光が丘,A 赤羽,15,12,33,590,568,1203,52
64,練馬北町陸橋,環八通り×川越街道,R4/11,光が丘,A 赤羽,16,15,27,658,514,1214,45
64,練馬北町陸橋,環八通り×川越街道,R4/11,光が丘,A 赤羽,17,15,9,689,578,1291,76
64,練馬北町陸橋,環八通り×川越街道,R4/11,光が丘,A 赤羽,18,8,6,700,398,1112,86
64,練馬北町陸橋,環八通り×川越街道,R4/11,光が丘,A 赤羽,12時間計,174,417,7327,6038,13956,701
64,練馬北町陸橋,環八通り×川越街道,R4/11,光が丘,B 和光市,7,8,61,406,323,798,81
64,練馬北町陸橋,環八通り×川越街道,R4/11,光が丘,B 和光市,8,3,46,450,401,900,68
64,練馬北町陸橋,環八通り×川越街道,R4/11,光が丘,B 和光市,9,5,50,390,408,853,50
64,練馬北町陸橋,環八通り×川越街道,R4/11,光が丘,B 和光市,10,7,58,347,421,833,34
64,練馬北町陸橋,環八通り×川越街道,R4/11,光が丘,B 和光市,11,3,72,376,415,866,57
64,練馬北町陸橋,環八通り×川越街道,R4/11,光が丘,B 和光市,12,3,47,407,437,894,38
64,練馬北町陸橋,環八通り×川越街道,R4/11,光が丘,B 和光市,13,4,46,433,454,937,41
64,練馬北町陸橋,環八通り×川越街道,R4/11,光が丘,B 和光市,14,7,56,487,436,986,46
64,練馬北町陸橋,環八通り×川越街道,R4/11,光が丘,B 和光市,15,4,46,436,417,903,54
64,練馬北町陸橋,環八通り×川越街道,R4/11,光が丘,B 和光市,16,10,34,516,421,981,66
64,練馬北町陸橋,環八通り×川越街道,R4/11,光が丘,B 和光市,17,7,26,618,454,1105,149
64,練馬北町陸橋,環八通り×川越街道,R4/11,光が丘,B 和光市,18,3,21,589,338,951,99
64,練馬北町陸橋,環八通り×川越街道,R4/11,光が丘,B 和光市,12時間計,64,563,5455,4925,11007,783
64,練馬北町陸橋,環八通り×川越街道,R4/11,光が丘,C 井草,7,15,49,617,637,1318,80
64,練馬北町陸橋,環八通り×川越街道,R4/11,光が丘,C 井草,8,17,35,633,627,1312,64
64,練馬北町陸橋,環八通り×川越街道,R4/11,光が丘,C 井草,9,11,35,562,546,1154,51
64,練馬北町陸橋,環八通り×川越街道,R4/11,光が丘,C 井草,10,11,37,505,434,987,33
64,練馬北町陸橋,環八通り×川越街道,R4/11,光が丘,C 井草,11,15,60,503,516,1094,35
64,練馬北町陸橋,環八通り×川越街道,R4/11,光が丘,C 井草,12,10,46,544,394,994,38
64,練馬北町陸橋,環八通り×川越街道,R4/11,光が丘,C 井草,13,10,43,664,436,1153,37
64,練馬北町陸橋,環八通り×川越街道,R4/11,光が丘,C 井草,14,13,29,556,475,1073,42
64,練馬北町陸橋,環八通り×川越街道,R4/11,光が丘,C 井草,15,17,26,648,492,1183,48
64,練馬北町陸橋,環八通り×川越街道,R4/11,光が丘,C 井草,16,24,23,673,487,1207,56
64,練馬北町陸橋,環八通り×川越街道,R4/11,光が丘,C 井草,17,20,22,859,509,1410,77
64,練馬北町陸橋,環八通り×川越街道,R4/11,光が丘,C 井草,18,13,33,891,321,1258,88
64,練馬北町陸橋,環八通り×川越街道,R4/11,光が丘,C 井草,12時間計,176,438,7655,5874,14143,649
64,練馬北町陸橋,環八通り×川越街道,R4/11,光が丘,D 池袋,7,5,57,477,558,1097,164
64,練馬北町陸橋,環八通り×川越街道,R4/11,光が丘,D 池袋,8,4,47,636,608,1295,157
64,練馬北町陸橋,環八通り×川越街道,R4/11,光が丘,D 池袋,9,13,40,731,615,1399,88
64,練馬北町陸橋,環八通り×川越街道,R4/11,光が丘,D 池袋,10,8,49,688,489,1234,74
64,練馬北町陸橋,環八通り×川越街道,R4/11,光が丘,D 池袋,11,4,66,625,438,1133,61
64,練馬北町陸橋,環八通り×川越街道,R4/11,光が丘,D 池袋,12,7,68,523,424,1022,53
64,練馬北町陸橋,環八通り×川越街道,R4/11,光が丘,D 池袋,13,10,56,558,456,1080,63
64,練馬北町陸橋,環八通り×川越街道,R4/11,光が丘,D 池袋,14,11,42,692,491,1236,65
64,練馬北町陸橋,環八通り×川越街道,R4/11,光が丘,D 池袋,15,8,23,798,448,1277,64
64,練馬北町陸橋,環八通り×川越街道,R4/11,光が丘,D 池袋,16,10,21,679,364,1074,56
64,練馬北町陸橋,環八通り×川越街道,R4/11,光が丘,D 池袋,17,5,15,745,309,1074,101
64,練馬北町陸橋,環八通り×川越街道,R4/11,光が丘,D 池袋,18,3,16,642,245,906,84
64,練馬北町陸橋,環八通り×川越街道,R4/11,光が丘,D 池袋,12時間計,88,500,7794,5445,13827,1030
64,練馬北町陸橋,環八通り×川越街道,R4/11,光が丘,全方向合計,7,49,189,2310,2044,4592,419
64,練馬北町陸橋,環八通り×川越街道,R4/11,光が丘,全方向合計,8,46,162,2417,2122,4747,374
64,練馬北町陸橋,環八通り×川越街道,R4/11,光が丘,全方向合計,9,46,166,2292,2050,4554,232
64,練馬北町陸橋,環八通り×川越街道,R4/11,光が丘,全方向合計,10,46,210,2030,1887,4173,188
64,練馬北町陸橋,環八通り×川越街道,R4/11,光が丘,全方向合計,11,30,260,2008,1865,4163,201
64,練馬北町陸橋,環八通り×川越街道,R4/11,光が丘,全方向合計,12,29,207,1991,1686,3913,170
64,練馬北町陸橋,環八通り×川越街道,R4/11,光が丘,全方向合計,13,32,178,2177,1835,4222,181
64,練馬北町陸橋,環八通り×川越街道,R4/11,光が丘,全方向合計,14,50,165,2275,1930,4420,197
64,練馬北町陸橋,環八通り×川越街道,R4/11,光が丘,全方向合計,15,41,128,2472,1925,4566,218
64,練馬北町陸橋,環八通り×川越街道,R4/11,光が丘,全方向合計,16,59,105,2526,1786,4476,223
64,練馬北町陸橋,環八通り×川越街道,R4/11,光が丘,全方向合計,17,47,72,2911,1850,4880,403
64,練馬北町陸橋,環八通り×川越街道,R4/11,光が丘,全方向合計,18,27,76,2822,1302,4227,357
64,練馬北町陸橋,環八通り×川越街道,R4/11,光が丘,全方向合計,12時間計,502,1918,28231,22282,52933,3163
