﻿地点番号,地点名,交差道路名,調査年月,管轄警察署,流入方向,流出方向,時間帯等,大型乗用,大型貨物,普通乗用,普通貨物,四輪計,二輪車
47,一之江１,環七通り×京葉道路,R4/11,小松川,A 青戸八丁目,1.篠崎,7,2,23,152,102,279,7
47,一之江１,環七通り×京葉道路,R4/11,小松川,A 青戸八丁目,1.篠崎,8,0,27,106,100,233,4
47,一之江１,環七通り×京葉道路,R4/11,小松川,A 青戸八丁目,1.篠崎,9,0,31,103,110,244,7
47,一之江１,環七通り×京葉道路,R4/11,小松川,A 青戸八丁目,1.篠崎,10,2,28,107,99,236,4
47,一之江１,環七通り×京葉道路,R4/11,小松川,A 青戸八丁目,1.篠崎,11,0,25,114,106,245,3
47,一之江１,環七通り×京葉道路,R4/11,小松川,A 青戸八丁目,1.篠崎,12,0,18,81,84,183,5
47,一之江１,環七通り×京葉道路,R4/11,小松川,A 青戸八丁目,1.篠崎,13,1,17,107,93,218,4
47,一之江１,環七通り×京葉道路,R4/11,小松川,A 青戸八丁目,1.篠崎,14,2,24,100,99,225,6
47,一之江１,環七通り×京葉道路,R4/11,小松川,A 青戸八丁目,1.篠崎,15,0,23,102,82,207,2
47,一之江１,環七通り×京葉道路,R4/11,小松川,A 青戸八丁目,1.篠崎,16,0,19,138,95,252,7
47,一之江１,環七通り×京葉道路,R4/11,小松川,A 青戸八丁目,1.篠崎,17,0,15,154,84,253,11
47,一之江１,環七通り×京葉道路,R4/11,小松川,A 青戸八丁目,1.篠崎,18,0,6,141,76,223,10
47,一之江１,環七通り×京葉道路,R4/11,小松川,A 青戸八丁目,1.篠崎,12時間計,7,256,1405,1130,2798,70
47,一之江１,環七通り×京葉道路,R4/11,小松川,A 青戸八丁目,2.葛西臨海公園,7,1,0,11,14,26,6
47,一之江１,環七通り×京葉道路,R4/11,小松川,A 青戸八丁目,2.葛西臨海公園,8,4,0,13,13,30,7
47,一之江１,環七通り×京葉道路,R4/11,小松川,A 青戸八丁目,2.葛西臨海公園,9,1,2,10,8,21,3
47,一之江１,環七通り×京葉道路,R4/11,小松川,A 青戸八丁目,2.葛西臨海公園,10,2,2,11,9,24,2
47,一之江１,環七通り×京葉道路,R4/11,小松川,A 青戸八丁目,2.葛西臨海公園,11,3,2,11,8,24,4
47,一之江１,環七通り×京葉道路,R4/11,小松川,A 青戸八丁目,2.葛西臨海公園,12,1,0,9,5,15,5
47,一之江１,環七通り×京葉道路,R4/11,小松川,A 青戸八丁目,2.葛西臨海公園,13,2,0,11,15,28,6
47,一之江１,環七通り×京葉道路,R4/11,小松川,A 青戸八丁目,2.葛西臨海公園,14,2,1,13,10,26,3
47,一之江１,環七通り×京葉道路,R4/11,小松川,A 青戸八丁目,2.葛西臨海公園,15,0,1,7,13,21,7
47,一之江１,環七通り×京葉道路,R4/11,小松川,A 青戸八丁目,2.葛西臨海公園,16,1,1,7,6,15,1
47,一之江１,環七通り×京葉道路,R4/11,小松川,A 青戸八丁目,2.葛西臨海公園,17,1,0,9,4,14,6
47,一之江１,環七通り×京葉道路,R4/11,小松川,A 青戸八丁目,2.葛西臨海公園,18,0,2,5,2,9,4
47,一之江１,環七通り×京葉道路,R4/11,小松川,A 青戸八丁目,2.葛西臨海公園,12時間計,18,11,117,107,253,54
47,一之江１,環七通り×京葉道路,R4/11,小松川,A 青戸八丁目,3.東小松川,7,1,12,51,35,99,12
47,一之江１,環七通り×京葉道路,R4/11,小松川,A 青戸八丁目,3.東小松川,8,2,14,59,51,126,12
47,一之江１,環七通り×京葉道路,R4/11,小松川,A 青戸八丁目,3.東小松川,9,2,12,47,31,92,6
47,一之江１,環七通り×京葉道路,R4/11,小松川,A 青戸八丁目,3.東小松川,10,3,4,60,57,124,5
47,一之江１,環七通り×京葉道路,R4/11,小松川,A 青戸八丁目,3.東小松川,11,0,6,55,56,117,4
47,一之江１,環七通り×京葉道路,R4/11,小松川,A 青戸八丁目,3.東小松川,12,0,2,37,33,72,5
47,一之江１,環七通り×京葉道路,R4/11,小松川,A 青戸八丁目,3.東小松川,13,0,3,47,37,87,4
47,一之江１,環七通り×京葉道路,R4/11,小松川,A 青戸八丁目,3.東小松川,14,2,5,53,48,108,5
47,一之江１,環七通り×京葉道路,R4/11,小松川,A 青戸八丁目,3.東小松川,15,0,3,51,37,91,6
47,一之江１,環七通り×京葉道路,R4/11,小松川,A 青戸八丁目,3.東小松川,16,0,4,62,39,105,7
47,一之江１,環七通り×京葉道路,R4/11,小松川,A 青戸八丁目,3.東小松川,17,0,1,64,38,103,7
47,一之江１,環七通り×京葉道路,R4/11,小松川,A 青戸八丁目,3.東小松川,18,0,1,62,30,93,7
47,一之江１,環七通り×京葉道路,R4/11,小松川,A 青戸八丁目,3.東小松川,12時間計,10,67,648,492,1217,80
47,一之江１,環七通り×京葉道路,R4/11,小松川,A 青戸八丁目,4.葛西臨海公園,7,17,114,700,465,1296,130
47,一之江１,環七通り×京葉道路,R4/11,小松川,A 青戸八丁目,4.葛西臨海公園,8,23,93,568,464,1148,84
47,一之江１,環七通り×京葉道路,R4/11,小松川,A 青戸八丁目,4.葛西臨海公園,9,18,105,456,504,1083,43
47,一之江１,環七通り×京葉道路,R4/11,小松川,A 青戸八丁目,4.葛西臨海公園,10,13,110,445,426,994,33
47,一之江１,環七通り×京葉道路,R4/11,小松川,A 青戸八丁目,4.葛西臨海公園,11,9,91,352,467,919,37
47,一之江１,環七通り×京葉道路,R4/11,小松川,A 青戸八丁目,4.葛西臨海公園,12,9,88,461,438,996,19
47,一之江１,環七通り×京葉道路,R4/11,小松川,A 青戸八丁目,4.葛西臨海公園,13,9,112,502,309,932,34
47,一之江１,環七通り×京葉道路,R4/11,小松川,A 青戸八丁目,4.葛西臨海公園,14,14,97,470,304,885,35
47,一之江１,環七通り×京葉道路,R4/11,小松川,A 青戸八丁目,4.葛西臨海公園,15,15,103,489,277,884,41
47,一之江１,環七通り×京葉道路,R4/11,小松川,A 青戸八丁目,4.葛西臨海公園,16,18,71,537,296,922,36
47,一之江１,環七通り×京葉道路,R4/11,小松川,A 青戸八丁目,4.葛西臨海公園,17,22,57,533,321,933,75
47,一之江１,環七通り×京葉道路,R4/11,小松川,A 青戸八丁目,4.葛西臨海公園,18,12,37,496,199,744,58
47,一之江１,環七通り×京葉道路,R4/11,小松川,A 青戸八丁目,4.葛西臨海公園,12時間計,179,1078,6009,4470,11736,625
47,一之江１,環七通り×京葉道路,R4/11,小松川,A 青戸八丁目,流入計,7,21,149,914,616,1700,155
47,一之江１,環七通り×京葉道路,R4/11,小松川,A 青戸八丁目,流入計,8,29,134,746,628,1537,107
47,一之江１,環七通り×京葉道路,R4/11,小松川,A 青戸八丁目,流入計,9,21,150,616,653,1440,59
47,一之江１,環七通り×京葉道路,R4/11,小松川,A 青戸八丁目,流入計,10,20,144,623,591,1378,44
47,一之江１,環七通り×京葉道路,R4/11,小松川,A 青戸八丁目,流入計,11,12,124,532,637,1305,48
47,一之江１,環七通り×京葉道路,R4/11,小松川,A 青戸八丁目,流入計,12,10,108,588,560,1266,34
47,一之江１,環七通り×京葉道路,R4/11,小松川,A 青戸八丁目,流入計,13,12,132,667,454,1265,48
47,一之江１,環七通り×京葉道路,R4/11,小松川,A 青戸八丁目,流入計,14,20,127,636,461,1244,49
47,一之江１,環七通り×京葉道路,R4/11,小松川,A 青戸八丁目,流入計,15,15,130,649,409,1203,56
47,一之江１,環七通り×京葉道路,R4/11,小松川,A 青戸八丁目,流入計,16,19,95,744,436,1294,51
47,一之江１,環七通り×京葉道路,R4/11,小松川,A 青戸八丁目,流入計,17,23,73,760,447,1303,99
47,一之江１,環七通り×京葉道路,R4/11,小松川,A 青戸八丁目,流入計,18,12,46,704,307,1069,79
47,一之江１,環七通り×京葉道路,R4/11,小松川,A 青戸八丁目,流入計,12時間計,214,1412,8179,6199,16004,829
47,一之江１,環七通り×京葉道路,R4/11,小松川,B 東小松川,5.青戸八丁目,7,2,5,21,10,38,3
47,一之江１,環七通り×京葉道路,R4/11,小松川,B 東小松川,5.青戸八丁目,8,0,1,29,21,51,3
47,一之江１,環七通り×京葉道路,R4/11,小松川,B 東小松川,5.青戸八丁目,9,1,1,38,32,72,3
47,一之江１,環七通り×京葉道路,R4/11,小松川,B 東小松川,5.青戸八丁目,10,0,3,21,30,54,4
47,一之江１,環七通り×京葉道路,R4/11,小松川,B 東小松川,5.青戸八丁目,11,1,5,28,30,64,5
47,一之江１,環七通り×京葉道路,R4/11,小松川,B 東小松川,5.青戸八丁目,12,0,0,23,33,56,3
47,一之江１,環七通り×京葉道路,R4/11,小松川,B 東小松川,5.青戸八丁目,13,1,0,27,39,67,7
47,一之江１,環七通り×京葉道路,R4/11,小松川,B 東小松川,5.青戸八丁目,14,0,4,30,28,62,3
47,一之江１,環七通り×京葉道路,R4/11,小松川,B 東小松川,5.青戸八丁目,15,1,6,44,39,90,4
47,一之江１,環七通り×京葉道路,R4/11,小松川,B 東小松川,5.青戸八丁目,16,1,7,42,24,74,2
47,一之江１,環七通り×京葉道路,R4/11,小松川,B 東小松川,5.青戸八丁目,17,1,5,46,20,72,3
47,一之江１,環七通り×京葉道路,R4/11,小松川,B 東小松川,5.青戸八丁目,18,1,2,58,39,100,7
47,一之江１,環七通り×京葉道路,R4/11,小松川,B 東小松川,5.青戸八丁目,12時間計,9,39,407,345,800,47
47,一之江１,環七通り×京葉道路,R4/11,小松川,B 東小松川,6.篠崎,7,3,13,607,264,887,37
47,一之江１,環七通り×京葉道路,R4/11,小松川,B 東小松川,6.篠崎,8,6,37,490,255,788,38
47,一之江１,環七通り×京葉道路,R4/11,小松川,B 東小松川,6.篠崎,9,2,42,415,358,817,26
47,一之江１,環七通り×京葉道路,R4/11,小松川,B 東小松川,6.篠崎,10,0,74,380,386,840,31
47,一之江１,環七通り×京葉道路,R4/11,小松川,B 東小松川,6.篠崎,11,1,58,457,498,1014,32
47,一之江１,環七通り×京葉道路,R4/11,小松川,B 東小松川,6.篠崎,12,4,50,394,309,757,21
47,一之江１,環七通り×京葉道路,R4/11,小松川,B 東小松川,6.篠崎,13,7,58,515,310,890,26
47,一之江１,環七通り×京葉道路,R4/11,小松川,B 東小松川,6.篠崎,14,1,49,494,395,939,44
47,一之江１,環七通り×京葉道路,R4/11,小松川,B 東小松川,6.篠崎,15,7,59,476,396,938,44
47,一之江１,環七通り×京葉道路,R4/11,小松川,B 東小松川,6.篠崎,16,6,33,549,397,985,35
47,一之江１,環七通り×京葉道路,R4/11,小松川,B 東小松川,6.篠崎,17,1,26,686,429,1142,82
47,一之江１,環七通り×京葉道路,R4/11,小松川,B 東小松川,6.篠崎,18,1,15,702,333,1051,70
47,一之江１,環七通り×京葉道路,R4/11,小松川,B 東小松川,6.篠崎,12時間計,39,514,6165,4330,11048,486
47,一之江１,環七通り×京葉道路,R4/11,小松川,B 東小松川,7.葛西臨海公園,7,2,8,19,15,44,3
47,一之江１,環七通り×京葉道路,R4/11,小松川,B 東小松川,7.葛西臨海公園,8,0,7,23,26,56,5
47,一之江１,環七通り×京葉道路,R4/11,小松川,B 東小松川,7.葛西臨海公園,9,2,5,31,21,59,4
47,一之江１,環七通り×京葉道路,R4/11,小松川,B 東小松川,7.葛西臨海公園,10,1,8,51,37,97,1
47,一之江１,環七通り×京葉道路,R4/11,小松川,B 東小松川,7.葛西臨海公園,11,0,5,44,39,88,5
47,一之江１,環七通り×京葉道路,R4/11,小松川,B 東小松川,7.葛西臨海公園,12,0,3,56,23,82,4
47,一之江１,環七通り×京葉道路,R4/11,小松川,B 東小松川,7.葛西臨海公園,13,1,5,40,22,68,3
47,一之江１,環七通り×京葉道路,R4/11,小松川,B 東小松川,7.葛西臨海公園,14,0,1,40,41,82,4
47,一之江１,環七通り×京葉道路,R4/11,小松川,B 東小松川,7.葛西臨海公園,15,0,4,59,54,117,4
47,一之江１,環七通り×京葉道路,R4/11,小松川,B 東小松川,7.葛西臨海公園,16,1,2,48,58,109,3
47,一之江１,環七通り×京葉道路,R4/11,小松川,B 東小松川,7.葛西臨海公園,17,2,2,53,44,101,10
47,一之江１,環七通り×京葉道路,R4/11,小松川,B 東小松川,7.葛西臨海公園,18,0,1,55,27,83,9
47,一之江１,環七通り×京葉道路,R4/11,小松川,B 東小松川,7.葛西臨海公園,12時間計,9,51,519,407,986,55
47,一之江１,環七通り×京葉道路,R4/11,小松川,B 東小松川,流入計,7,7,26,647,289,969,43
47,一之江１,環七通り×京葉道路,R4/11,小松川,B 東小松川,流入計,8,6,45,542,302,895,46
47,一之江１,環七通り×京葉道路,R4/11,小松川,B 東小松川,流入計,9,5,48,484,411,948,33
47,一之江１,環七通り×京葉道路,R4/11,小松川,B 東小松川,流入計,10,1,85,452,453,991,36
47,一之江１,環七通り×京葉道路,R4/11,小松川,B 東小松川,流入計,11,2,68,529,567,1166,42
47,一之江１,環七通り×京葉道路,R4/11,小松川,B 東小松川,流入計,12,4,53,473,365,895,28
47,一之江１,環七通り×京葉道路,R4/11,小松川,B 東小松川,流入計,13,9,63,582,371,1025,36
47,一之江１,環七通り×京葉道路,R4/11,小松川,B 東小松川,流入計,14,1,54,564,464,1083,51
47,一之江１,環七通り×京葉道路,R4/11,小松川,B 東小松川,流入計,15,8,69,579,489,1145,52
47,一之江１,環七通り×京葉道路,R4/11,小松川,B 東小松川,流入計,16,8,42,639,479,1168,40
47,一之江１,環七通り×京葉道路,R4/11,小松川,B 東小松川,流入計,17,4,33,785,493,1315,95
47,一之江１,環七通り×京葉道路,R4/11,小松川,B 東小松川,流入計,18,2,18,815,399,1234,86
47,一之江１,環七通り×京葉道路,R4/11,小松川,B 東小松川,流入計,12時間計,57,604,7091,5082,12834,588
47,一之江１,環七通り×京葉道路,R4/11,小松川,C 葛西臨海公園,8.東小松川,7,0,8,27,31,66,3
47,一之江１,環七通り×京葉道路,R4/11,小松川,C 葛西臨海公園,8.東小松川,8,1,7,52,21,81,7
47,一之江１,環七通り×京葉道路,R4/11,小松川,C 葛西臨海公園,8.東小松川,9,1,9,45,30,85,3
47,一之江１,環七通り×京葉道路,R4/11,小松川,C 葛西臨海公園,8.東小松川,10,0,9,40,35,84,8
47,一之江１,環七通り×京葉道路,R4/11,小松川,C 葛西臨海公園,8.東小松川,11,1,1,61,34,97,3
47,一之江１,環七通り×京葉道路,R4/11,小松川,C 葛西臨海公園,8.東小松川,12,0,8,46,32,86,5
47,一之江１,環七通り×京葉道路,R4/11,小松川,C 葛西臨海公園,8.東小松川,13,0,8,54,27,89,6
47,一之江１,環七通り×京葉道路,R4/11,小松川,C 葛西臨海公園,8.東小松川,14,0,7,63,37,107,3
47,一之江１,環七通り×京葉道路,R4/11,小松川,C 葛西臨海公園,8.東小松川,15,0,5,75,33,113,4
47,一之江１,環七通り×京葉道路,R4/11,小松川,C 葛西臨海公園,8.東小松川,16,0,3,68,30,101,4
47,一之江１,環七通り×京葉道路,R4/11,小松川,C 葛西臨海公園,8.東小松川,17,0,0,41,20,61,4
47,一之江１,環七通り×京葉道路,R4/11,小松川,C 葛西臨海公園,8.東小松川,18,0,0,50,21,71,10
47,一之江１,環七通り×京葉道路,R4/11,小松川,C 葛西臨海公園,8.東小松川,12時間計,3,65,622,351,1041,60
47,一之江１,環七通り×京葉道路,R4/11,小松川,C 葛西臨海公園,9.青戸八丁目,7,4,2,11,4,21,4
47,一之江１,環七通り×京葉道路,R4/11,小松川,C 葛西臨海公園,9.青戸八丁目,8,2,1,15,12,30,5
47,一之江１,環七通り×京葉道路,R4/11,小松川,C 葛西臨海公園,9.青戸八丁目,9,2,0,19,13,34,3
47,一之江１,環七通り×京葉道路,R4/11,小松川,C 葛西臨海公園,9.青戸八丁目,10,1,1,23,10,35,3
47,一之江１,環七通り×京葉道路,R4/11,小松川,C 葛西臨海公園,9.青戸八丁目,11,1,1,11,10,23,3
47,一之江１,環七通り×京葉道路,R4/11,小松川,C 葛西臨海公園,9.青戸八丁目,12,1,0,17,5,23,7
47,一之江１,環七通り×京葉道路,R4/11,小松川,C 葛西臨海公園,9.青戸八丁目,13,2,0,22,15,39,7
47,一之江１,環七通り×京葉道路,R4/11,小松川,C 葛西臨海公園,9.青戸八丁目,14,1,1,19,14,35,12
47,一之江１,環七通り×京葉道路,R4/11,小松川,C 葛西臨海公園,9.青戸八丁目,15,1,1,24,9,35,8
47,一之江１,環七通り×京葉道路,R4/11,小松川,C 葛西臨海公園,9.青戸八丁目,16,1,1,26,10,38,8
47,一之江１,環七通り×京葉道路,R4/11,小松川,C 葛西臨海公園,9.青戸八丁目,17,1,2,23,14,40,16
47,一之江１,環七通り×京葉道路,R4/11,小松川,C 葛西臨海公園,9.青戸八丁目,18,1,0,23,13,37,22
47,一之江１,環七通り×京葉道路,R4/11,小松川,C 葛西臨海公園,9.青戸八丁目,12時間計,18,10,233,129,390,98
47,一之江１,環七通り×京葉道路,R4/11,小松川,C 葛西臨海公園,10.篠崎,7,0,4,67,38,109,4
47,一之江１,環七通り×京葉道路,R4/11,小松川,C 葛西臨海公園,10.篠崎,8,0,6,84,46,136,4
47,一之江１,環七通り×京葉道路,R4/11,小松川,C 葛西臨海公園,10.篠崎,9,3,7,97,94,201,3
47,一之江１,環七通り×京葉道路,R4/11,小松川,C 葛西臨海公園,10.篠崎,10,1,5,69,77,152,4
47,一之江１,環七通り×京葉道路,R4/11,小松川,C 葛西臨海公園,10.篠崎,11,0,6,73,72,151,5
47,一之江１,環七通り×京葉道路,R4/11,小松川,C 葛西臨海公園,10.篠崎,12,0,2,67,56,125,2
47,一之江１,環七通り×京葉道路,R4/11,小松川,C 葛西臨海公園,10.篠崎,13,1,8,76,51,136,3
47,一之江１,環七通り×京葉道路,R4/11,小松川,C 葛西臨海公園,10.篠崎,14,0,7,88,72,167,3
47,一之江１,環七通り×京葉道路,R4/11,小松川,C 葛西臨海公園,10.篠崎,15,3,3,87,108,201,6
47,一之江１,環七通り×京葉道路,R4/11,小松川,C 葛西臨海公園,10.篠崎,16,0,6,107,94,207,4
47,一之江１,環七通り×京葉道路,R4/11,小松川,C 葛西臨海公園,10.篠崎,17,1,9,98,67,175,5
47,一之江１,環七通り×京葉道路,R4/11,小松川,C 葛西臨海公園,10.篠崎,18,0,0,115,49,164,19
47,一之江１,環七通り×京葉道路,R4/11,小松川,C 葛西臨海公園,10.篠崎,12時間計,9,63,1028,824,1924,62
47,一之江１,環七通り×京葉道路,R4/11,小松川,C 葛西臨海公園,11.青戸八丁目,7,26,109,459,276,870,84
47,一之江１,環七通り×京葉道路,R4/11,小松川,C 葛西臨海公園,11.青戸八丁目,8,17,86,438,299,840,64
47,一之江１,環七通り×京葉道路,R4/11,小松川,C 葛西臨海公園,11.青戸八丁目,9,12,65,353,383,813,29
47,一之江１,環七通り×京葉道路,R4/11,小松川,C 葛西臨海公園,11.青戸八丁目,10,11,75,499,335,920,19
47,一之江１,環七通り×京葉道路,R4/11,小松川,C 葛西臨海公園,11.青戸八丁目,11,12,101,541,289,943,35
47,一之江１,環七通り×京葉道路,R4/11,小松川,C 葛西臨海公園,11.青戸八丁目,12,15,119,443,318,895,48
47,一之江１,環七通り×京葉道路,R4/11,小松川,C 葛西臨海公園,11.青戸八丁目,13,9,87,437,347,880,41
47,一之江１,環七通り×京葉道路,R4/11,小松川,C 葛西臨海公園,11.青戸八丁目,14,11,117,431,473,1032,46
47,一之江１,環七通り×京葉道路,R4/11,小松川,C 葛西臨海公園,11.青戸八丁目,15,20,125,470,408,1023,49
47,一之江１,環七通り×京葉道路,R4/11,小松川,C 葛西臨海公園,11.青戸八丁目,16,14,94,627,403,1138,66
47,一之江１,環七通り×京葉道路,R4/11,小松川,C 葛西臨海公園,11.青戸八丁目,17,9,99,735,321,1164,97
47,一之江１,環七通り×京葉道路,R4/11,小松川,C 葛西臨海公園,11.青戸八丁目,18,9,80,692,314,1095,82
47,一之江１,環七通り×京葉道路,R4/11,小松川,C 葛西臨海公園,11.青戸八丁目,12時間計,165,1157,6125,4166,11613,660
47,一之江１,環七通り×京葉道路,R4/11,小松川,C 葛西臨海公園,流入計,7,30,123,564,349,1066,95
47,一之江１,環七通り×京葉道路,R4/11,小松川,C 葛西臨海公園,流入計,8,20,100,589,378,1087,80
47,一之江１,環七通り×京葉道路,R4/11,小松川,C 葛西臨海公園,流入計,9,18,81,514,520,1133,38
47,一之江１,環七通り×京葉道路,R4/11,小松川,C 葛西臨海公園,流入計,10,13,90,631,457,1191,34
47,一之江１,環七通り×京葉道路,R4/11,小松川,C 葛西臨海公園,流入計,11,14,109,686,405,1214,46
47,一之江１,環七通り×京葉道路,R4/11,小松川,C 葛西臨海公園,流入計,12,16,129,573,411,1129,62
47,一之江１,環七通り×京葉道路,R4/11,小松川,C 葛西臨海公園,流入計,13,12,103,589,440,1144,57
47,一之江１,環七通り×京葉道路,R4/11,小松川,C 葛西臨海公園,流入計,14,12,132,601,596,1341,64
47,一之江１,環七通り×京葉道路,R4/11,小松川,C 葛西臨海公園,流入計,15,24,134,656,558,1372,67
47,一之江１,環七通り×京葉道路,R4/11,小松川,C 葛西臨海公園,流入計,16,15,104,828,537,1484,82
47,一之江１,環七通り×京葉道路,R4/11,小松川,C 葛西臨海公園,流入計,17,11,110,897,422,1440,122
47,一之江１,環七通り×京葉道路,R4/11,小松川,C 葛西臨海公園,流入計,18,10,80,880,397,1367,133
47,一之江１,環七通り×京葉道路,R4/11,小松川,C 葛西臨海公園,流入計,12時間計,195,1295,8008,5470,14968,880
47,一之江１,環七通り×京葉道路,R4/11,小松川,D 篠崎,12.葛西臨海公園,7,1,2,37,29,69,0
47,一之江１,環七通り×京葉道路,R4/11,小松川,D 篠崎,12.葛西臨海公園,8,2,6,45,37,90,3
47,一之江１,環七通り×京葉道路,R4/11,小松川,D 篠崎,12.葛西臨海公園,9,0,7,56,30,93,2
47,一之江１,環七通り×京葉道路,R4/11,小松川,D 篠崎,12.葛西臨海公園,10,0,7,61,37,105,3
47,一之江１,環七通り×京葉道路,R4/11,小松川,D 篠崎,12.葛西臨海公園,11,1,2,55,46,104,5
47,一之江１,環七通り×京葉道路,R4/11,小松川,D 篠崎,12.葛西臨海公園,12,1,8,68,40,117,5
47,一之江１,環七通り×京葉道路,R4/11,小松川,D 篠崎,12.葛西臨海公園,13,0,6,61,43,110,2
47,一之江１,環七通り×京葉道路,R4/11,小松川,D 篠崎,12.葛西臨海公園,14,1,3,62,41,107,2
47,一之江１,環七通り×京葉道路,R4/11,小松川,D 篠崎,12.葛西臨海公園,15,2,7,63,41,113,1
47,一之江１,環七通り×京葉道路,R4/11,小松川,D 篠崎,12.葛西臨海公園,16,3,13,70,39,125,1
47,一之江１,環七通り×京葉道路,R4/11,小松川,D 篠崎,12.葛西臨海公園,17,0,5,55,35,95,3
47,一之江１,環七通り×京葉道路,R4/11,小松川,D 篠崎,12.葛西臨海公園,18,0,2,72,33,107,3
47,一之江１,環七通り×京葉道路,R4/11,小松川,D 篠崎,12.葛西臨海公園,12時間計,11,68,705,451,1235,30
47,一之江１,環七通り×京葉道路,R4/11,小松川,D 篠崎,13.東小松川,7,1,50,480,448,979,95
47,一之江１,環七通り×京葉道路,R4/11,小松川,D 篠崎,13.東小松川,8,2,79,578,418,1077,67
47,一之江１,環七通り×京葉道路,R4/11,小松川,D 篠崎,13.東小松川,9,2,81,580,343,1006,33
47,一之江１,環七通り×京葉道路,R4/11,小松川,D 篠崎,13.東小松川,10,5,91,484,287,867,29
47,一之江１,環七通り×京葉道路,R4/11,小松川,D 篠崎,13.東小松川,11,8,69,482,332,891,35
47,一之江１,環七通り×京葉道路,R4/11,小松川,D 篠崎,13.東小松川,12,8,39,385,221,653,34
47,一之江１,環七通り×京葉道路,R4/11,小松川,D 篠崎,13.東小松川,13,6,54,423,301,784,36
47,一之江１,環七通り×京葉道路,R4/11,小松川,D 篠崎,13.東小松川,14,3,51,450,325,829,45
47,一之江１,環七通り×京葉道路,R4/11,小松川,D 篠崎,13.東小松川,15,1,38,529,323,891,26
47,一之江１,環七通り×京葉道路,R4/11,小松川,D 篠崎,13.東小松川,16,6,25,537,322,890,38
47,一之江１,環七通り×京葉道路,R4/11,小松川,D 篠崎,13.東小松川,17,2,21,644,305,972,40
47,一之江１,環七通り×京葉道路,R4/11,小松川,D 篠崎,13.東小松川,18,5,13,532,207,757,50
47,一之江１,環七通り×京葉道路,R4/11,小松川,D 篠崎,13.東小松川,12時間計,49,611,6104,3832,10596,528
47,一之江１,環七通り×京葉道路,R4/11,小松川,D 篠崎,14.青戸八丁目,7,1,39,121,49,210,7
47,一之江１,環七通り×京葉道路,R4/11,小松川,D 篠崎,14.青戸八丁目,8,3,23,127,69,222,8
47,一之江１,環七通り×京葉道路,R4/11,小松川,D 篠崎,14.青戸八丁目,9,0,25,103,95,223,1
47,一之江１,環七通り×京葉道路,R4/11,小松川,D 篠崎,14.青戸八丁目,10,1,39,95,70,205,6
47,一之江１,環七通り×京葉道路,R4/11,小松川,D 篠崎,14.青戸八丁目,11,0,38,113,81,232,5
47,一之江１,環七通り×京葉道路,R4/11,小松川,D 篠崎,14.青戸八丁目,12,1,24,100,80,205,3
47,一之江１,環七通り×京葉道路,R4/11,小松川,D 篠崎,14.青戸八丁目,13,0,22,112,97,231,5
47,一之江１,環七通り×京葉道路,R4/11,小松川,D 篠崎,14.青戸八丁目,14,2,26,118,88,234,4
47,一之江１,環七通り×京葉道路,R4/11,小松川,D 篠崎,14.青戸八丁目,15,0,15,151,94,260,4
47,一之江１,環七通り×京葉道路,R4/11,小松川,D 篠崎,14.青戸八丁目,16,4,30,137,86,257,5
47,一之江１,環七通り×京葉道路,R4/11,小松川,D 篠崎,14.青戸八丁目,17,0,21,146,83,250,7
47,一之江１,環七通り×京葉道路,R4/11,小松川,D 篠崎,14.青戸八丁目,18,0,9,172,76,257,4
47,一之江１,環七通り×京葉道路,R4/11,小松川,D 篠崎,14.青戸八丁目,12時間計,12,311,1495,968,2786,59
47,一之江１,環七通り×京葉道路,R4/11,小松川,D 篠崎,流入計,7,3,91,638,526,1258,102
47,一之江１,環七通り×京葉道路,R4/11,小松川,D 篠崎,流入計,8,7,108,750,524,1389,78
47,一之江１,環七通り×京葉道路,R4/11,小松川,D 篠崎,流入計,9,2,113,739,468,1322,36
47,一之江１,環七通り×京葉道路,R4/11,小松川,D 篠崎,流入計,10,6,137,640,394,1177,38
47,一之江１,環七通り×京葉道路,R4/11,小松川,D 篠崎,流入計,11,9,109,650,459,1227,45
47,一之江１,環七通り×京葉道路,R4/11,小松川,D 篠崎,流入計,12,10,71,553,341,975,42
47,一之江１,環七通り×京葉道路,R4/11,小松川,D 篠崎,流入計,13,6,82,596,441,1125,43
47,一之江１,環七通り×京葉道路,R4/11,小松川,D 篠崎,流入計,14,6,80,630,454,1170,51
47,一之江１,環七通り×京葉道路,R4/11,小松川,D 篠崎,流入計,15,3,60,743,458,1264,31
47,一之江１,環七通り×京葉道路,R4/11,小松川,D 篠崎,流入計,16,13,68,744,447,1272,44
47,一之江１,環七通り×京葉道路,R4/11,小松川,D 篠崎,流入計,17,2,47,845,423,1317,50
47,一之江１,環七通り×京葉道路,R4/11,小松川,D 篠崎,流入計,18,5,24,776,316,1121,57
47,一之江１,環七通り×京葉道路,R4/11,小松川,D 篠崎,流入計,12時間計,72,990,8304,5251,14617,617
