﻿地点番号,地点名,交差道路名,調査年月,管轄警察署,流入方向,流出方向,時間帯等,車道通行自転車,歩道通行自転車,自転車計
47,一之江１,環七通り×京葉道路,R4/11,小松川,A 青戸八丁目,1篠崎,7,0,-,-
47,一之江１,環七通り×京葉道路,R4/11,小松川,A 青戸八丁目,1篠崎,8,1,-,-
47,一之江１,環七通り×京葉道路,R4/11,小松川,A 青戸八丁目,1篠崎,9,0,-,-
47,一之江１,環七通り×京葉道路,R4/11,小松川,A 青戸八丁目,1篠崎,10,0,-,-
47,一之江１,環七通り×京葉道路,R4/11,小松川,A 青戸八丁目,1篠崎,11,1,-,-
47,一之江１,環七通り×京葉道路,R4/11,小松川,A 青戸八丁目,1篠崎,12,0,-,-
47,一之江１,環七通り×京葉道路,R4/11,小松川,A 青戸八丁目,1篠崎,13,0,-,-
47,一之江１,環七通り×京葉道路,R4/11,小松川,A 青戸八丁目,1篠崎,14,0,-,-
47,一之江１,環七通り×京葉道路,R4/11,小松川,A 青戸八丁目,1篠崎,15,1,-,-
47,一之江１,環七通り×京葉道路,R4/11,小松川,A 青戸八丁目,1篠崎,16,1,-,-
47,一之江１,環七通り×京葉道路,R4/11,小松川,A 青戸八丁目,1篠崎,17,0,-,-
47,一之江１,環七通り×京葉道路,R4/11,小松川,A 青戸八丁目,1篠崎,18,0,-,-
47,一之江１,環七通り×京葉道路,R4/11,小松川,A 青戸八丁目,1篠崎,12時間計,4,-,-
47,一之江１,環七通り×京葉道路,R4/11,小松川,A 青戸八丁目,2葛西臨海公園,7,27,-,-
47,一之江１,環七通り×京葉道路,R4/11,小松川,A 青戸八丁目,2葛西臨海公園,8,13,-,-
47,一之江１,環七通り×京葉道路,R4/11,小松川,A 青戸八丁目,2葛西臨海公園,9,8,-,-
47,一之江１,環七通り×京葉道路,R4/11,小松川,A 青戸八丁目,2葛西臨海公園,10,4,-,-
47,一之江１,環七通り×京葉道路,R4/11,小松川,A 青戸八丁目,2葛西臨海公園,11,3,-,-
47,一之江１,環七通り×京葉道路,R4/11,小松川,A 青戸八丁目,2葛西臨海公園,12,4,-,-
47,一之江１,環七通り×京葉道路,R4/11,小松川,A 青戸八丁目,2葛西臨海公園,13,3,-,-
47,一之江１,環七通り×京葉道路,R4/11,小松川,A 青戸八丁目,2葛西臨海公園,14,2,-,-
47,一之江１,環七通り×京葉道路,R4/11,小松川,A 青戸八丁目,2葛西臨海公園,15,10,-,-
47,一之江１,環七通り×京葉道路,R4/11,小松川,A 青戸八丁目,2葛西臨海公園,16,2,-,-
47,一之江１,環七通り×京葉道路,R4/11,小松川,A 青戸八丁目,2葛西臨海公園,17,11,-,-
47,一之江１,環七通り×京葉道路,R4/11,小松川,A 青戸八丁目,2葛西臨海公園,18,8,-,-
47,一之江１,環七通り×京葉道路,R4/11,小松川,A 青戸八丁目,2葛西臨海公園,12時間計,95,-,-
47,一之江１,環七通り×京葉道路,R4/11,小松川,A 青戸八丁目,3東小松川,7,0,-,-
47,一之江１,環七通り×京葉道路,R4/11,小松川,A 青戸八丁目,3東小松川,8,0,-,-
47,一之江１,環七通り×京葉道路,R4/11,小松川,A 青戸八丁目,3東小松川,9,0,-,-
47,一之江１,環七通り×京葉道路,R4/11,小松川,A 青戸八丁目,3東小松川,10,0,-,-
47,一之江１,環七通り×京葉道路,R4/11,小松川,A 青戸八丁目,3東小松川,11,0,-,-
47,一之江１,環七通り×京葉道路,R4/11,小松川,A 青戸八丁目,3東小松川,12,0,-,-
47,一之江１,環七通り×京葉道路,R4/11,小松川,A 青戸八丁目,3東小松川,13,0,-,-
47,一之江１,環七通り×京葉道路,R4/11,小松川,A 青戸八丁目,3東小松川,14,0,-,-
47,一之江１,環七通り×京葉道路,R4/11,小松川,A 青戸八丁目,3東小松川,15,0,-,-
47,一之江１,環七通り×京葉道路,R4/11,小松川,A 青戸八丁目,3東小松川,16,0,-,-
47,一之江１,環七通り×京葉道路,R4/11,小松川,A 青戸八丁目,3東小松川,17,0,-,-
47,一之江１,環七通り×京葉道路,R4/11,小松川,A 青戸八丁目,3東小松川,18,0,-,-
47,一之江１,環七通り×京葉道路,R4/11,小松川,A 青戸八丁目,3東小松川,12時間計,0,-,-
47,一之江１,環七通り×京葉道路,R4/11,小松川,A 青戸八丁目,4葛西臨海公園,7,0,-,-
47,一之江１,環七通り×京葉道路,R4/11,小松川,A 青戸八丁目,4葛西臨海公園,8,0,-,-
47,一之江１,環七通り×京葉道路,R4/11,小松川,A 青戸八丁目,4葛西臨海公園,9,0,-,-
47,一之江１,環七通り×京葉道路,R4/11,小松川,A 青戸八丁目,4葛西臨海公園,10,0,-,-
47,一之江１,環七通り×京葉道路,R4/11,小松川,A 青戸八丁目,4葛西臨海公園,11,0,-,-
47,一之江１,環七通り×京葉道路,R4/11,小松川,A 青戸八丁目,4葛西臨海公園,12,0,-,-
47,一之江１,環七通り×京葉道路,R4/11,小松川,A 青戸八丁目,4葛西臨海公園,13,0,-,-
47,一之江１,環七通り×京葉道路,R4/11,小松川,A 青戸八丁目,4葛西臨海公園,14,0,-,-
47,一之江１,環七通り×京葉道路,R4/11,小松川,A 青戸八丁目,4葛西臨海公園,15,0,-,-
47,一之江１,環七通り×京葉道路,R4/11,小松川,A 青戸八丁目,4葛西臨海公園,16,0,-,-
47,一之江１,環七通り×京葉道路,R4/11,小松川,A 青戸八丁目,4葛西臨海公園,17,0,-,-
47,一之江１,環七通り×京葉道路,R4/11,小松川,A 青戸八丁目,4葛西臨海公園,18,0,-,-
47,一之江１,環七通り×京葉道路,R4/11,小松川,A 青戸八丁目,4葛西臨海公園,12時間計,0,-,-
47,一之江１,環七通り×京葉道路,R4/11,小松川,A 青戸八丁目,流入計,7,27,134,161
47,一之江１,環七通り×京葉道路,R4/11,小松川,A 青戸八丁目,流入計,8,14,135,149
47,一之江１,環七通り×京葉道路,R4/11,小松川,A 青戸八丁目,流入計,9,8,86,94
47,一之江１,環七通り×京葉道路,R4/11,小松川,A 青戸八丁目,流入計,10,4,60,64
47,一之江１,環七通り×京葉道路,R4/11,小松川,A 青戸八丁目,流入計,11,4,63,67
47,一之江１,環七通り×京葉道路,R4/11,小松川,A 青戸八丁目,流入計,12,4,60,64
47,一之江１,環七通り×京葉道路,R4/11,小松川,A 青戸八丁目,流入計,13,3,49,52
47,一之江１,環七通り×京葉道路,R4/11,小松川,A 青戸八丁目,流入計,14,2,69,71
47,一之江１,環七通り×京葉道路,R4/11,小松川,A 青戸八丁目,流入計,15,11,83,94
47,一之江１,環七通り×京葉道路,R4/11,小松川,A 青戸八丁目,流入計,16,3,108,111
47,一之江１,環七通り×京葉道路,R4/11,小松川,A 青戸八丁目,流入計,17,11,129,140
47,一之江１,環七通り×京葉道路,R4/11,小松川,A 青戸八丁目,流入計,18,8,101,109
47,一之江１,環七通り×京葉道路,R4/11,小松川,A 青戸八丁目,流入計,12時間計,99,1077,1176
47,一之江１,環七通り×京葉道路,R4/11,小松川,B 東小松川,5青戸八丁目,7,0,-,-
47,一之江１,環七通り×京葉道路,R4/11,小松川,B 東小松川,5青戸八丁目,8,0,-,-
47,一之江１,環七通り×京葉道路,R4/11,小松川,B 東小松川,5青戸八丁目,9,1,-,-
47,一之江１,環七通り×京葉道路,R4/11,小松川,B 東小松川,5青戸八丁目,10,0,-,-
47,一之江１,環七通り×京葉道路,R4/11,小松川,B 東小松川,5青戸八丁目,11,0,-,-
47,一之江１,環七通り×京葉道路,R4/11,小松川,B 東小松川,5青戸八丁目,12,0,-,-
47,一之江１,環七通り×京葉道路,R4/11,小松川,B 東小松川,5青戸八丁目,13,0,-,-
47,一之江１,環七通り×京葉道路,R4/11,小松川,B 東小松川,5青戸八丁目,14,0,-,-
47,一之江１,環七通り×京葉道路,R4/11,小松川,B 東小松川,5青戸八丁目,15,0,-,-
47,一之江１,環七通り×京葉道路,R4/11,小松川,B 東小松川,5青戸八丁目,16,0,-,-
47,一之江１,環七通り×京葉道路,R4/11,小松川,B 東小松川,5青戸八丁目,17,0,-,-
47,一之江１,環七通り×京葉道路,R4/11,小松川,B 東小松川,5青戸八丁目,18,1,-,-
47,一之江１,環七通り×京葉道路,R4/11,小松川,B 東小松川,5青戸八丁目,12時間計,2,-,-
47,一之江１,環七通り×京葉道路,R4/11,小松川,B 東小松川,6篠崎,7,0,-,-
47,一之江１,環七通り×京葉道路,R4/11,小松川,B 東小松川,6篠崎,8,2,-,-
47,一之江１,環七通り×京葉道路,R4/11,小松川,B 東小松川,6篠崎,9,0,-,-
47,一之江１,環七通り×京葉道路,R4/11,小松川,B 東小松川,6篠崎,10,1,-,-
47,一之江１,環七通り×京葉道路,R4/11,小松川,B 東小松川,6篠崎,11,0,-,-
47,一之江１,環七通り×京葉道路,R4/11,小松川,B 東小松川,6篠崎,12,5,-,-
47,一之江１,環七通り×京葉道路,R4/11,小松川,B 東小松川,6篠崎,13,0,-,-
47,一之江１,環七通り×京葉道路,R4/11,小松川,B 東小松川,6篠崎,14,0,-,-
47,一之江１,環七通り×京葉道路,R4/11,小松川,B 東小松川,6篠崎,15,1,-,-
47,一之江１,環七通り×京葉道路,R4/11,小松川,B 東小松川,6篠崎,16,1,-,-
47,一之江１,環七通り×京葉道路,R4/11,小松川,B 東小松川,6篠崎,17,5,-,-
47,一之江１,環七通り×京葉道路,R4/11,小松川,B 東小松川,6篠崎,18,7,-,-
47,一之江１,環七通り×京葉道路,R4/11,小松川,B 東小松川,6篠崎,12時間計,22,-,-
47,一之江１,環七通り×京葉道路,R4/11,小松川,B 東小松川,7葛西臨海公園,7,0,-,-
47,一之江１,環七通り×京葉道路,R4/11,小松川,B 東小松川,7葛西臨海公園,8,0,-,-
47,一之江１,環七通り×京葉道路,R4/11,小松川,B 東小松川,7葛西臨海公園,9,0,-,-
47,一之江１,環七通り×京葉道路,R4/11,小松川,B 東小松川,7葛西臨海公園,10,0,-,-
47,一之江１,環七通り×京葉道路,R4/11,小松川,B 東小松川,7葛西臨海公園,11,1,-,-
47,一之江１,環七通り×京葉道路,R4/11,小松川,B 東小松川,7葛西臨海公園,12,0,-,-
47,一之江１,環七通り×京葉道路,R4/11,小松川,B 東小松川,7葛西臨海公園,13,0,-,-
47,一之江１,環七通り×京葉道路,R4/11,小松川,B 東小松川,7葛西臨海公園,14,0,-,-
47,一之江１,環七通り×京葉道路,R4/11,小松川,B 東小松川,7葛西臨海公園,15,3,-,-
47,一之江１,環七通り×京葉道路,R4/11,小松川,B 東小松川,7葛西臨海公園,16,0,-,-
47,一之江１,環七通り×京葉道路,R4/11,小松川,B 東小松川,7葛西臨海公園,17,0,-,-
47,一之江１,環七通り×京葉道路,R4/11,小松川,B 東小松川,7葛西臨海公園,18,0,-,-
47,一之江１,環七通り×京葉道路,R4/11,小松川,B 東小松川,7葛西臨海公園,12時間計,4,-,-
47,一之江１,環七通り×京葉道路,R4/11,小松川,B 東小松川,流入計,7,0,101,101
47,一之江１,環七通り×京葉道路,R4/11,小松川,B 東小松川,流入計,8,2,121,123
47,一之江１,環七通り×京葉道路,R4/11,小松川,B 東小松川,流入計,9,1,115,116
47,一之江１,環七通り×京葉道路,R4/11,小松川,B 東小松川,流入計,10,1,81,82
47,一之江１,環七通り×京葉道路,R4/11,小松川,B 東小松川,流入計,11,1,74,75
47,一之江１,環七通り×京葉道路,R4/11,小松川,B 東小松川,流入計,12,5,85,90
47,一之江１,環七通り×京葉道路,R4/11,小松川,B 東小松川,流入計,13,0,100,100
47,一之江１,環七通り×京葉道路,R4/11,小松川,B 東小松川,流入計,14,0,99,99
47,一之江１,環七通り×京葉道路,R4/11,小松川,B 東小松川,流入計,15,4,201,205
47,一之江１,環七通り×京葉道路,R4/11,小松川,B 東小松川,流入計,16,1,187,188
47,一之江１,環七通り×京葉道路,R4/11,小松川,B 東小松川,流入計,17,5,267,272
47,一之江１,環七通り×京葉道路,R4/11,小松川,B 東小松川,流入計,18,8,229,237
47,一之江１,環七通り×京葉道路,R4/11,小松川,B 東小松川,流入計,12時間計,28,1660,1688
47,一之江１,環七通り×京葉道路,R4/11,小松川,C 葛西臨海公園,8東小松川,7,3,-,-
47,一之江１,環七通り×京葉道路,R4/11,小松川,C 葛西臨海公園,8東小松川,8,3,-,-
47,一之江１,環七通り×京葉道路,R4/11,小松川,C 葛西臨海公園,8東小松川,9,1,-,-
47,一之江１,環七通り×京葉道路,R4/11,小松川,C 葛西臨海公園,8東小松川,10,0,-,-
47,一之江１,環七通り×京葉道路,R4/11,小松川,C 葛西臨海公園,8東小松川,11,0,-,-
47,一之江１,環七通り×京葉道路,R4/11,小松川,C 葛西臨海公園,8東小松川,12,0,-,-
47,一之江１,環七通り×京葉道路,R4/11,小松川,C 葛西臨海公園,8東小松川,13,2,-,-
47,一之江１,環七通り×京葉道路,R4/11,小松川,C 葛西臨海公園,8東小松川,14,0,-,-
47,一之江１,環七通り×京葉道路,R4/11,小松川,C 葛西臨海公園,8東小松川,15,1,-,-
47,一之江１,環七通り×京葉道路,R4/11,小松川,C 葛西臨海公園,8東小松川,16,1,-,-
47,一之江１,環七通り×京葉道路,R4/11,小松川,C 葛西臨海公園,8東小松川,17,0,-,-
47,一之江１,環七通り×京葉道路,R4/11,小松川,C 葛西臨海公園,8東小松川,18,0,-,-
47,一之江１,環七通り×京葉道路,R4/11,小松川,C 葛西臨海公園,8東小松川,12時間計,11,-,-
47,一之江１,環七通り×京葉道路,R4/11,小松川,C 葛西臨海公園,9青戸八丁目,7,0,-,-
47,一之江１,環七通り×京葉道路,R4/11,小松川,C 葛西臨海公園,9青戸八丁目,8,1,-,-
47,一之江１,環七通り×京葉道路,R4/11,小松川,C 葛西臨海公園,9青戸八丁目,9,0,-,-
47,一之江１,環七通り×京葉道路,R4/11,小松川,C 葛西臨海公園,9青戸八丁目,10,2,-,-
47,一之江１,環七通り×京葉道路,R4/11,小松川,C 葛西臨海公園,9青戸八丁目,11,3,-,-
47,一之江１,環七通り×京葉道路,R4/11,小松川,C 葛西臨海公園,9青戸八丁目,12,0,-,-
47,一之江１,環七通り×京葉道路,R4/11,小松川,C 葛西臨海公園,9青戸八丁目,13,3,-,-
47,一之江１,環七通り×京葉道路,R4/11,小松川,C 葛西臨海公園,9青戸八丁目,14,1,-,-
47,一之江１,環七通り×京葉道路,R4/11,小松川,C 葛西臨海公園,9青戸八丁目,15,3,-,-
47,一之江１,環七通り×京葉道路,R4/11,小松川,C 葛西臨海公園,9青戸八丁目,16,8,-,-
47,一之江１,環七通り×京葉道路,R4/11,小松川,C 葛西臨海公園,9青戸八丁目,17,3,-,-
47,一之江１,環七通り×京葉道路,R4/11,小松川,C 葛西臨海公園,9青戸八丁目,18,6,-,-
47,一之江１,環七通り×京葉道路,R4/11,小松川,C 葛西臨海公園,9青戸八丁目,12時間計,30,-,-
47,一之江１,環七通り×京葉道路,R4/11,小松川,C 葛西臨海公園,10篠崎,7,0,-,-
47,一之江１,環七通り×京葉道路,R4/11,小松川,C 葛西臨海公園,10篠崎,8,0,-,-
47,一之江１,環七通り×京葉道路,R4/11,小松川,C 葛西臨海公園,10篠崎,9,0,-,-
47,一之江１,環七通り×京葉道路,R4/11,小松川,C 葛西臨海公園,10篠崎,10,0,-,-
47,一之江１,環七通り×京葉道路,R4/11,小松川,C 葛西臨海公園,10篠崎,11,0,-,-
47,一之江１,環七通り×京葉道路,R4/11,小松川,C 葛西臨海公園,10篠崎,12,0,-,-
47,一之江１,環七通り×京葉道路,R4/11,小松川,C 葛西臨海公園,10篠崎,13,0,-,-
47,一之江１,環七通り×京葉道路,R4/11,小松川,C 葛西臨海公園,10篠崎,14,0,-,-
47,一之江１,環七通り×京葉道路,R4/11,小松川,C 葛西臨海公園,10篠崎,15,0,-,-
47,一之江１,環七通り×京葉道路,R4/11,小松川,C 葛西臨海公園,10篠崎,16,0,-,-
47,一之江１,環七通り×京葉道路,R4/11,小松川,C 葛西臨海公園,10篠崎,17,0,-,-
47,一之江１,環七通り×京葉道路,R4/11,小松川,C 葛西臨海公園,10篠崎,18,0,-,-
47,一之江１,環七通り×京葉道路,R4/11,小松川,C 葛西臨海公園,10篠崎,12時間計,0,-,-
47,一之江１,環七通り×京葉道路,R4/11,小松川,C 葛西臨海公園,11青戸八丁目,7,0,-,-
47,一之江１,環七通り×京葉道路,R4/11,小松川,C 葛西臨海公園,11青戸八丁目,8,0,-,-
47,一之江１,環七通り×京葉道路,R4/11,小松川,C 葛西臨海公園,11青戸八丁目,9,0,-,-
47,一之江１,環七通り×京葉道路,R4/11,小松川,C 葛西臨海公園,11青戸八丁目,10,0,-,-
47,一之江１,環七通り×京葉道路,R4/11,小松川,C 葛西臨海公園,11青戸八丁目,11,0,-,-
47,一之江１,環七通り×京葉道路,R4/11,小松川,C 葛西臨海公園,11青戸八丁目,12,0,-,-
47,一之江１,環七通り×京葉道路,R4/11,小松川,C 葛西臨海公園,11青戸八丁目,13,0,-,-
47,一之江１,環七通り×京葉道路,R4/11,小松川,C 葛西臨海公園,11青戸八丁目,14,0,-,-
47,一之江１,環七通り×京葉道路,R4/11,小松川,C 葛西臨海公園,11青戸八丁目,15,0,-,-
47,一之江１,環七通り×京葉道路,R4/11,小松川,C 葛西臨海公園,11青戸八丁目,16,0,-,-
47,一之江１,環七通り×京葉道路,R4/11,小松川,C 葛西臨海公園,11青戸八丁目,17,0,-,-
47,一之江１,環七通り×京葉道路,R4/11,小松川,C 葛西臨海公園,11青戸八丁目,18,0,-,-
47,一之江１,環七通り×京葉道路,R4/11,小松川,C 葛西臨海公園,11青戸八丁目,12時間計,0,-,-
47,一之江１,環七通り×京葉道路,R4/11,小松川,C 葛西臨海公園,流入計,7,3,74,77
47,一之江１,環七通り×京葉道路,R4/11,小松川,C 葛西臨海公園,流入計,8,4,62,66
47,一之江１,環七通り×京葉道路,R4/11,小松川,C 葛西臨海公園,流入計,9,1,55,56
47,一之江１,環七通り×京葉道路,R4/11,小松川,C 葛西臨海公園,流入計,10,2,59,61
47,一之江１,環七通り×京葉道路,R4/11,小松川,C 葛西臨海公園,流入計,11,3,62,65
47,一之江１,環七通り×京葉道路,R4/11,小松川,C 葛西臨海公園,流入計,12,0,51,51
47,一之江１,環七通り×京葉道路,R4/11,小松川,C 葛西臨海公園,流入計,13,5,49,54
47,一之江１,環七通り×京葉道路,R4/11,小松川,C 葛西臨海公園,流入計,14,1,50,51
47,一之江１,環七通り×京葉道路,R4/11,小松川,C 葛西臨海公園,流入計,15,4,94,98
47,一之江１,環七通り×京葉道路,R4/11,小松川,C 葛西臨海公園,流入計,16,9,113,122
47,一之江１,環七通り×京葉道路,R4/11,小松川,C 葛西臨海公園,流入計,17,3,84,87
47,一之江１,環七通り×京葉道路,R4/11,小松川,C 葛西臨海公園,流入計,18,6,103,109
47,一之江１,環七通り×京葉道路,R4/11,小松川,C 葛西臨海公園,流入計,12時間計,41,856,897
47,一之江１,環七通り×京葉道路,R4/11,小松川,D 篠崎,12葛西臨海公園,7,0,-,-
47,一之江１,環七通り×京葉道路,R4/11,小松川,D 篠崎,12葛西臨海公園,8,0,-,-
47,一之江１,環七通り×京葉道路,R4/11,小松川,D 篠崎,12葛西臨海公園,9,0,-,-
47,一之江１,環七通り×京葉道路,R4/11,小松川,D 篠崎,12葛西臨海公園,10,0,-,-
47,一之江１,環七通り×京葉道路,R4/11,小松川,D 篠崎,12葛西臨海公園,11,2,-,-
47,一之江１,環七通り×京葉道路,R4/11,小松川,D 篠崎,12葛西臨海公園,12,1,-,-
47,一之江１,環七通り×京葉道路,R4/11,小松川,D 篠崎,12葛西臨海公園,13,0,-,-
47,一之江１,環七通り×京葉道路,R4/11,小松川,D 篠崎,12葛西臨海公園,14,0,-,-
47,一之江１,環七通り×京葉道路,R4/11,小松川,D 篠崎,12葛西臨海公園,15,0,-,-
47,一之江１,環七通り×京葉道路,R4/11,小松川,D 篠崎,12葛西臨海公園,16,0,-,-
47,一之江１,環七通り×京葉道路,R4/11,小松川,D 篠崎,12葛西臨海公園,17,0,-,-
47,一之江１,環七通り×京葉道路,R4/11,小松川,D 篠崎,12葛西臨海公園,18,0,-,-
47,一之江１,環七通り×京葉道路,R4/11,小松川,D 篠崎,12葛西臨海公園,12時間計,3,-,-
47,一之江１,環七通り×京葉道路,R4/11,小松川,D 篠崎,13東小松川,7,6,-,-
47,一之江１,環七通り×京葉道路,R4/11,小松川,D 篠崎,13東小松川,8,7,-,-
47,一之江１,環七通り×京葉道路,R4/11,小松川,D 篠崎,13東小松川,9,3,-,-
47,一之江１,環七通り×京葉道路,R4/11,小松川,D 篠崎,13東小松川,10,2,-,-
47,一之江１,環七通り×京葉道路,R4/11,小松川,D 篠崎,13東小松川,11,1,-,-
47,一之江１,環七通り×京葉道路,R4/11,小松川,D 篠崎,13東小松川,12,0,-,-
47,一之江１,環七通り×京葉道路,R4/11,小松川,D 篠崎,13東小松川,13,1,-,-
47,一之江１,環七通り×京葉道路,R4/11,小松川,D 篠崎,13東小松川,14,3,-,-
47,一之江１,環七通り×京葉道路,R4/11,小松川,D 篠崎,13東小松川,15,2,-,-
47,一之江１,環七通り×京葉道路,R4/11,小松川,D 篠崎,13東小松川,16,4,-,-
47,一之江１,環七通り×京葉道路,R4/11,小松川,D 篠崎,13東小松川,17,2,-,-
47,一之江１,環七通り×京葉道路,R4/11,小松川,D 篠崎,13東小松川,18,3,-,-
47,一之江１,環七通り×京葉道路,R4/11,小松川,D 篠崎,13東小松川,12時間計,34,-,-
47,一之江１,環七通り×京葉道路,R4/11,小松川,D 篠崎,14青戸八丁目,7,0,-,-
47,一之江１,環七通り×京葉道路,R4/11,小松川,D 篠崎,14青戸八丁目,8,0,-,-
47,一之江１,環七通り×京葉道路,R4/11,小松川,D 篠崎,14青戸八丁目,9,0,-,-
47,一之江１,環七通り×京葉道路,R4/11,小松川,D 篠崎,14青戸八丁目,10,0,-,-
47,一之江１,環七通り×京葉道路,R4/11,小松川,D 篠崎,14青戸八丁目,11,0,-,-
47,一之江１,環七通り×京葉道路,R4/11,小松川,D 篠崎,14青戸八丁目,12,0,-,-
47,一之江１,環七通り×京葉道路,R4/11,小松川,D 篠崎,14青戸八丁目,13,0,-,-
47,一之江１,環七通り×京葉道路,R4/11,小松川,D 篠崎,14青戸八丁目,14,0,-,-
47,一之江１,環七通り×京葉道路,R4/11,小松川,D 篠崎,14青戸八丁目,15,0,-,-
47,一之江１,環七通り×京葉道路,R4/11,小松川,D 篠崎,14青戸八丁目,16,0,-,-
47,一之江１,環七通り×京葉道路,R4/11,小松川,D 篠崎,14青戸八丁目,17,0,-,-
47,一之江１,環七通り×京葉道路,R4/11,小松川,D 篠崎,14青戸八丁目,18,0,-,-
47,一之江１,環七通り×京葉道路,R4/11,小松川,D 篠崎,14青戸八丁目,12時間計,0,-,-
47,一之江１,環七通り×京葉道路,R4/11,小松川,D 篠崎,流入計,7,6,310,316
47,一之江１,環七通り×京葉道路,R4/11,小松川,D 篠崎,流入計,8,7,373,380
47,一之江１,環七通り×京葉道路,R4/11,小松川,D 篠崎,流入計,9,3,157,160
47,一之江１,環七通り×京葉道路,R4/11,小松川,D 篠崎,流入計,10,2,87,89
47,一之江１,環七通り×京葉道路,R4/11,小松川,D 篠崎,流入計,11,3,79,82
47,一之江１,環七通り×京葉道路,R4/11,小松川,D 篠崎,流入計,12,1,69,70
47,一之江１,環七通り×京葉道路,R4/11,小松川,D 篠崎,流入計,13,1,99,100
47,一之江１,環七通り×京葉道路,R4/11,小松川,D 篠崎,流入計,14,3,77,80
47,一之江１,環七通り×京葉道路,R4/11,小松川,D 篠崎,流入計,15,2,99,101
47,一之江１,環七通り×京葉道路,R4/11,小松川,D 篠崎,流入計,16,4,84,88
47,一之江１,環七通り×京葉道路,R4/11,小松川,D 篠崎,流入計,17,2,106,108
47,一之江１,環七通り×京葉道路,R4/11,小松川,D 篠崎,流入計,18,3,98,101
47,一之江１,環七通り×京葉道路,R4/11,小松川,D 篠崎,流入計,12時間計,37,1638,1675
47,一之江１,環七通り×京葉道路,R4/11,小松川,全方向計,全方向計,7,36,619,655
47,一之江１,環七通り×京葉道路,R4/11,小松川,全方向計,全方向計,8,27,691,718
47,一之江１,環七通り×京葉道路,R4/11,小松川,全方向計,全方向計,9,13,413,426
47,一之江１,環七通り×京葉道路,R4/11,小松川,全方向計,全方向計,10,9,287,296
47,一之江１,環七通り×京葉道路,R4/11,小松川,全方向計,全方向計,11,11,278,289
47,一之江１,環七通り×京葉道路,R4/11,小松川,全方向計,全方向計,12,10,265,275
47,一之江１,環七通り×京葉道路,R4/11,小松川,全方向計,全方向計,13,9,297,306
47,一之江１,環七通り×京葉道路,R4/11,小松川,全方向計,全方向計,14,6,295,301
47,一之江１,環七通り×京葉道路,R4/11,小松川,全方向計,全方向計,15,21,477,498
47,一之江１,環七通り×京葉道路,R4/11,小松川,全方向計,全方向計,16,17,492,509
47,一之江１,環七通り×京葉道路,R4/11,小松川,全方向計,全方向計,17,21,586,607
47,一之江１,環七通り×京葉道路,R4/11,小松川,全方向計,全方向計,18,25,531,556
47,一之江１,環七通り×京葉道路,R4/11,小松川,全方向計,全方向計,12時間計,205,5231,5436
