﻿地点番号,地点名,交差道路名,調査年月,管轄警察署,流出方向,時間帯等,大型乗用,大型貨物,普通乗用,普通貨物,四輪計,二輪車
47,一之江１,環七通り×京葉道路,R4/11,小松川,A 青戸八丁目,7,33,155,612,339,1139,98
47,一之江１,環七通り×京葉道路,R4/11,小松川,A 青戸八丁目,8,22,111,609,401,1143,80
47,一之江１,環七通り×京葉道路,R4/11,小松川,A 青戸八丁目,9,15,91,513,523,1142,36
47,一之江１,環七通り×京葉道路,R4/11,小松川,A 青戸八丁目,10,13,118,638,445,1214,32
47,一之江１,環七通り×京葉道路,R4/11,小松川,A 青戸八丁目,11,14,145,693,410,1262,48
47,一之江１,環七通り×京葉道路,R4/11,小松川,A 青戸八丁目,12,17,143,583,436,1179,61
47,一之江１,環七通り×京葉道路,R4/11,小松川,A 青戸八丁目,13,12,109,598,498,1217,60
47,一之江１,環七通り×京葉道路,R4/11,小松川,A 青戸八丁目,14,14,148,598,603,1363,65
47,一之江１,環七通り×京葉道路,R4/11,小松川,A 青戸八丁目,15,22,147,689,550,1408,65
47,一之江１,環七通り×京葉道路,R4/11,小松川,A 青戸八丁目,16,20,132,832,523,1507,81
47,一之江１,環七通り×京葉道路,R4/11,小松川,A 青戸八丁目,17,11,127,950,438,1526,123
47,一之江１,環七通り×京葉道路,R4/11,小松川,A 青戸八丁目,18,11,91,945,442,1489,115
47,一之江１,環七通り×京葉道路,R4/11,小松川,A 青戸八丁目,12時間計,204,1517,8260,5608,15589,864
47,一之江１,環七通り×京葉道路,R4/11,小松川,B 東小松川,7,2,70,558,514,1144,110
47,一之江１,環七通り×京葉道路,R4/11,小松川,B 東小松川,8,5,100,689,490,1284,86
47,一之江１,環七通り×京葉道路,R4/11,小松川,B 東小松川,9,5,102,672,404,1183,42
47,一之江１,環七通り×京葉道路,R4/11,小松川,B 東小松川,10,8,104,584,379,1075,42
47,一之江１,環七通り×京葉道路,R4/11,小松川,B 東小松川,11,9,76,598,422,1105,42
47,一之江１,環七通り×京葉道路,R4/11,小松川,B 東小松川,12,8,49,468,286,811,44
47,一之江１,環七通り×京葉道路,R4/11,小松川,B 東小松川,13,6,65,524,365,960,46
47,一之江１,環七通り×京葉道路,R4/11,小松川,B 東小松川,14,5,63,566,410,1044,53
47,一之江１,環七通り×京葉道路,R4/11,小松川,B 東小松川,15,1,46,655,393,1095,36
47,一之江１,環七通り×京葉道路,R4/11,小松川,B 東小松川,16,6,32,667,391,1096,49
47,一之江１,環七通り×京葉道路,R4/11,小松川,B 東小松川,17,2,22,749,363,1136,51
47,一之江１,環七通り×京葉道路,R4/11,小松川,B 東小松川,18,5,14,644,258,921,67
47,一之江１,環七通り×京葉道路,R4/11,小松川,B 東小松川,12時間計,62,743,7374,4675,12854,668
47,一之江１,環七通り×京葉道路,R4/11,小松川,C 葛西臨海公園,7,21,124,767,523,1435,139
47,一之江１,環七通り×京葉道路,R4/11,小松川,C 葛西臨海公園,8,29,106,649,540,1324,99
47,一之江１,環七通り×京葉道路,R4/11,小松川,C 葛西臨海公園,9,21,119,553,563,1256,52
47,一之江１,環七通り×京葉道路,R4/11,小松川,C 葛西臨海公園,10,16,127,568,509,1220,39
47,一之江１,環七通り×京葉道路,R4/11,小松川,C 葛西臨海公園,11,13,100,462,560,1135,51
47,一之江１,環七通り×京葉道路,R4/11,小松川,C 葛西臨海公園,12,11,99,594,506,1210,33
47,一之江１,環七通り×京葉道路,R4/11,小松川,C 葛西臨海公園,13,12,123,614,389,1138,45
47,一之江１,環七通り×京葉道路,R4/11,小松川,C 葛西臨海公園,14,17,102,585,396,1100,44
47,一之江１,環七通り×京葉道路,R4/11,小松川,C 葛西臨海公園,15,17,115,618,385,1135,53
47,一之江１,環七通り×京葉道路,R4/11,小松川,C 葛西臨海公園,16,23,87,662,399,1171,41
47,一之江１,環七通り×京葉道路,R4/11,小松川,C 葛西臨海公園,17,25,64,650,404,1143,94
47,一之江１,環七通り×京葉道路,R4/11,小松川,C 葛西臨海公園,18,12,42,628,261,943,74
47,一之江１,環七通り×京葉道路,R4/11,小松川,C 葛西臨海公園,12時間計,217,1208,7350,5435,14210,764
47,一之江１,環七通り×京葉道路,R4/11,小松川,D 篠崎,7,5,40,826,404,1275,48
47,一之江１,環七通り×京葉道路,R4/11,小松川,D 篠崎,8,6,70,680,401,1157,46
47,一之江１,環七通り×京葉道路,R4/11,小松川,D 篠崎,9,5,80,615,562,1262,36
47,一之江１,環七通り×京葉道路,R4/11,小松川,D 篠崎,10,3,107,556,562,1228,39
47,一之江１,環七通り×京葉道路,R4/11,小松川,D 篠崎,11,1,89,644,676,1410,40
47,一之江１,環七通り×京葉道路,R4/11,小松川,D 篠崎,12,4,70,542,449,1065,28
47,一之江１,環七通り×京葉道路,R4/11,小松川,D 篠崎,13,9,83,698,454,1244,33
47,一之江１,環七通り×京葉道路,R4/11,小松川,D 篠崎,14,3,80,682,566,1331,53
47,一之江１,環七通り×京葉道路,R4/11,小松川,D 篠崎,15,10,85,665,586,1346,52
47,一之江１,環七通り×京葉道路,R4/11,小松川,D 篠崎,16,6,58,794,586,1444,46
47,一之江１,環七通り×京葉道路,R4/11,小松川,D 篠崎,17,2,50,938,580,1570,98
47,一之江１,環七通り×京葉道路,R4/11,小松川,D 篠崎,18,1,21,958,458,1438,99
47,一之江１,環七通り×京葉道路,R4/11,小松川,D 篠崎,12時間計,55,833,8598,6284,15770,618
47,一之江１,環七通り×京葉道路,R4/11,小松川,全方向合計,7,61,389,2763,1780,4993,395
47,一之江１,環七通り×京葉道路,R4/11,小松川,全方向合計,8,62,387,2627,1832,4908,311
47,一之江１,環七通り×京葉道路,R4/11,小松川,全方向合計,9,46,392,2353,2052,4843,166
47,一之江１,環七通り×京葉道路,R4/11,小松川,全方向合計,10,40,456,2346,1895,4737,152
47,一之江１,環七通り×京葉道路,R4/11,小松川,全方向合計,11,37,410,2397,2068,4912,181
47,一之江１,環七通り×京葉道路,R4/11,小松川,全方向合計,12,40,361,2187,1677,4265,166
47,一之江１,環七通り×京葉道路,R4/11,小松川,全方向合計,13,39,380,2434,1706,4559,184
47,一之江１,環七通り×京葉道路,R4/11,小松川,全方向合計,14,39,393,2431,1975,4838,215
47,一之江１,環七通り×京葉道路,R4/11,小松川,全方向合計,15,50,393,2627,1914,4984,206
47,一之江１,環七通り×京葉道路,R4/11,小松川,全方向合計,16,55,309,2955,1899,5218,217
47,一之江１,環七通り×京葉道路,R4/11,小松川,全方向合計,17,40,263,3287,1785,5375,366
47,一之江１,環七通り×京葉道路,R4/11,小松川,全方向合計,18,29,168,3175,1419,4791,355
47,一之江１,環七通り×京葉道路,R4/11,小松川,全方向合計,12時間計,538,4301,31582,22002,58423,2914
