﻿地点番号,地点名,交差道路名,調査年月,管轄警察署,流出方向,時間帯等,大型乗用,大型貨物,普通乗用,普通貨物,四輪計,二輪車
20,西巣鴨,明治通り×中山道,R4/11,巣鴨,A 王子,7,19,7,342,291,659,44
20,西巣鴨,明治通り×中山道,R4/11,巣鴨,A 王子,8,42,7,350,365,764,43
20,西巣鴨,明治通り×中山道,R4/11,巣鴨,A 王子,9,29,18,328,427,802,39
20,西巣鴨,明治通り×中山道,R4/11,巣鴨,A 王子,10,23,13,436,390,862,42
20,西巣鴨,明治通り×中山道,R4/11,巣鴨,A 王子,11,20,14,488,336,858,58
20,西巣鴨,明治通り×中山道,R4/11,巣鴨,A 王子,12,19,22,583,292,916,68
20,西巣鴨,明治通り×中山道,R4/11,巣鴨,A 王子,13,19,17,414,427,877,74
20,西巣鴨,明治通り×中山道,R4/11,巣鴨,A 王子,14,20,22,431,449,922,70
20,西巣鴨,明治通り×中山道,R4/11,巣鴨,A 王子,15,28,14,469,435,946,80
20,西巣鴨,明治通り×中山道,R4/11,巣鴨,A 王子,16,31,12,532,391,966,63
20,西巣鴨,明治通り×中山道,R4/11,巣鴨,A 王子,17,19,8,844,202,1073,123
20,西巣鴨,明治通り×中山道,R4/11,巣鴨,A 王子,18,27,8,833,124,992,112
20,西巣鴨,明治通り×中山道,R4/11,巣鴨,A 王子,12時間計,296,162,6050,4129,10637,816
20,西巣鴨,明治通り×中山道,R4/11,巣鴨,B 板橋,7,3,17,335,235,590,34
20,西巣鴨,明治通り×中山道,R4/11,巣鴨,B 板橋,8,0,14,458,224,696,37
20,西巣鴨,明治通り×中山道,R4/11,巣鴨,B 板橋,9,5,10,527,247,789,37
20,西巣鴨,明治通り×中山道,R4/11,巣鴨,B 板橋,10,2,13,385,422,822,43
20,西巣鴨,明治通り×中山道,R4/11,巣鴨,B 板橋,11,4,14,416,460,894,50
20,西巣鴨,明治通り×中山道,R4/11,巣鴨,B 板橋,12,2,12,401,400,815,59
20,西巣鴨,明治通り×中山道,R4/11,巣鴨,B 板橋,13,5,16,427,379,827,56
20,西巣鴨,明治通り×中山道,R4/11,巣鴨,B 板橋,14,1,17,624,298,940,54
20,西巣鴨,明治通り×中山道,R4/11,巣鴨,B 板橋,15,3,23,717,313,1056,65
20,西巣鴨,明治通り×中山道,R4/11,巣鴨,B 板橋,16,4,21,593,428,1046,70
20,西巣鴨,明治通り×中山道,R4/11,巣鴨,B 板橋,17,3,17,660,593,1273,125
20,西巣鴨,明治通り×中山道,R4/11,巣鴨,B 板橋,18,2,15,668,360,1045,93
20,西巣鴨,明治通り×中山道,R4/11,巣鴨,B 板橋,12時間計,34,189,6211,4359,10793,723
20,西巣鴨,明治通り×中山道,R4/11,巣鴨,C 池袋,7,43,22,388,424,877,66
20,西巣鴨,明治通り×中山道,R4/11,巣鴨,C 池袋,8,36,19,373,388,816,66
20,西巣鴨,明治通り×中山道,R4/11,巣鴨,C 池袋,9,43,8,509,401,961,67
20,西巣鴨,明治通り×中山道,R4/11,巣鴨,C 池袋,10,20,8,525,380,933,52
20,西巣鴨,明治通り×中山道,R4/11,巣鴨,C 池袋,11,27,9,414,294,744,43
20,西巣鴨,明治通り×中山道,R4/11,巣鴨,C 池袋,12,36,12,398,256,702,53
20,西巣鴨,明治通り×中山道,R4/11,巣鴨,C 池袋,13,25,20,381,320,746,58
20,西巣鴨,明治通り×中山道,R4/11,巣鴨,C 池袋,14,32,16,388,295,731,64
20,西巣鴨,明治通り×中山道,R4/11,巣鴨,C 池袋,15,30,14,470,287,801,62
20,西巣鴨,明治通り×中山道,R4/11,巣鴨,C 池袋,16,32,7,330,211,580,49
20,西巣鴨,明治通り×中山道,R4/11,巣鴨,C 池袋,17,25,4,482,144,655,65
20,西巣鴨,明治通り×中山道,R4/11,巣鴨,C 池袋,18,40,5,483,95,623,28
20,西巣鴨,明治通り×中山道,R4/11,巣鴨,C 池袋,12時間計,389,144,5141,3495,9169,673
20,西巣鴨,明治通り×中山道,R4/11,巣鴨,D 白山上,7,32,28,541,299,900,63
20,西巣鴨,明治通り×中山道,R4/11,巣鴨,D 白山上,8,7,20,724,431,1182,79
20,西巣鴨,明治通り×中山道,R4/11,巣鴨,D 白山上,9,15,19,679,424,1137,79
20,西巣鴨,明治通り×中山道,R4/11,巣鴨,D 白山上,10,22,26,585,447,1080,22
20,西巣鴨,明治通り×中山道,R4/11,巣鴨,D 白山上,11,24,22,610,418,1074,68
20,西巣鴨,明治通り×中山道,R4/11,巣鴨,D 白山上,12,15,35,518,349,917,46
20,西巣鴨,明治通り×中山道,R4/11,巣鴨,D 白山上,13,11,12,322,292,637,39
20,西巣鴨,明治通り×中山道,R4/11,巣鴨,D 白山上,14,16,14,567,253,850,47
20,西巣鴨,明治通り×中山道,R4/11,巣鴨,D 白山上,15,13,17,490,248,768,34
20,西巣鴨,明治通り×中山道,R4/11,巣鴨,D 白山上,16,17,39,478,267,801,54
20,西巣鴨,明治通り×中山道,R4/11,巣鴨,D 白山上,17,27,35,463,224,749,74
20,西巣鴨,明治通り×中山道,R4/11,巣鴨,D 白山上,18,15,20,506,172,713,39
20,西巣鴨,明治通り×中山道,R4/11,巣鴨,D 白山上,12時間計,214,287,6483,3824,10808,644
20,西巣鴨,明治通り×中山道,R4/11,巣鴨,全方向合計,7,97,74,1606,1249,3026,207
20,西巣鴨,明治通り×中山道,R4/11,巣鴨,全方向合計,8,85,60,1905,1408,3458,225
20,西巣鴨,明治通り×中山道,R4/11,巣鴨,全方向合計,9,92,55,2043,1499,3689,222
20,西巣鴨,明治通り×中山道,R4/11,巣鴨,全方向合計,10,67,60,1931,1639,3697,159
20,西巣鴨,明治通り×中山道,R4/11,巣鴨,全方向合計,11,75,59,1928,1508,3570,219
20,西巣鴨,明治通り×中山道,R4/11,巣鴨,全方向合計,12,72,81,1900,1297,3350,226
20,西巣鴨,明治通り×中山道,R4/11,巣鴨,全方向合計,13,60,65,1544,1418,3087,227
20,西巣鴨,明治通り×中山道,R4/11,巣鴨,全方向合計,14,69,69,2010,1295,3443,235
20,西巣鴨,明治通り×中山道,R4/11,巣鴨,全方向合計,15,74,68,2146,1283,3571,241
20,西巣鴨,明治通り×中山道,R4/11,巣鴨,全方向合計,16,84,79,1933,1297,3393,236
20,西巣鴨,明治通り×中山道,R4/11,巣鴨,全方向合計,17,74,64,2449,1163,3750,387
20,西巣鴨,明治通り×中山道,R4/11,巣鴨,全方向合計,18,84,48,2490,751,3373,272
20,西巣鴨,明治通り×中山道,R4/11,巣鴨,全方向合計,12時間計,933,782,23885,15807,41407,2856
