﻿地点番号,地点名,交差道路名,調査年月,管轄警察署,流入方向,流出方向,時間帯等,大型乗用,大型貨物,普通乗用,普通貨物,四輪計,二輪車
20,西巣鴨,明治通り×中山道,R4/11,巣鴨,A 王子,1.白山上,7,4,6,69,43,122,10
20,西巣鴨,明治通り×中山道,R4/11,巣鴨,A 王子,1.白山上,8,1,1,102,56,160,8
20,西巣鴨,明治通り×中山道,R4/11,巣鴨,A 王子,1.白山上,9,2,6,102,57,167,12
20,西巣鴨,明治通り×中山道,R4/11,巣鴨,A 王子,1.白山上,10,3,5,86,44,138,8
20,西巣鴨,明治通り×中山道,R4/11,巣鴨,A 王子,1.白山上,11,3,6,77,59,145,3
20,西巣鴨,明治通り×中山道,R4/11,巣鴨,A 王子,1.白山上,12,1,6,84,40,131,7
20,西巣鴨,明治通り×中山道,R4/11,巣鴨,A 王子,1.白山上,13,1,2,77,41,121,2
20,西巣鴨,明治通り×中山道,R4/11,巣鴨,A 王子,1.白山上,14,3,2,84,47,136,5
20,西巣鴨,明治通り×中山道,R4/11,巣鴨,A 王子,1.白山上,15,5,3,74,41,123,1
20,西巣鴨,明治通り×中山道,R4/11,巣鴨,A 王子,1.白山上,16,2,9,91,54,156,5
20,西巣鴨,明治通り×中山道,R4/11,巣鴨,A 王子,1.白山上,17,6,9,46,32,93,9
20,西巣鴨,明治通り×中山道,R4/11,巣鴨,A 王子,1.白山上,18,0,4,100,26,130,8
20,西巣鴨,明治通り×中山道,R4/11,巣鴨,A 王子,1.白山上,12時間計,31,59,992,540,1622,78
20,西巣鴨,明治通り×中山道,R4/11,巣鴨,A 王子,2.池袋,7,35,12,292,304,643,54
20,西巣鴨,明治通り×中山道,R4/11,巣鴨,A 王子,2.池袋,8,29,7,266,261,563,57
20,西巣鴨,明治通り×中山道,R4/11,巣鴨,A 王子,2.池袋,9,23,5,350,276,654,50
20,西巣鴨,明治通り×中山道,R4/11,巣鴨,A 王子,2.池袋,10,14,6,368,263,651,46
20,西巣鴨,明治通り×中山道,R4/11,巣鴨,A 王子,2.池袋,11,22,6,268,208,504,39
20,西巣鴨,明治通り×中山道,R4/11,巣鴨,A 王子,2.池袋,12,24,10,262,187,483,42
20,西巣鴨,明治通り×中山道,R4/11,巣鴨,A 王子,2.池袋,13,14,10,259,225,508,41
20,西巣鴨,明治通り×中山道,R4/11,巣鴨,A 王子,2.池袋,14,23,9,258,201,491,47
20,西巣鴨,明治通り×中山道,R4/11,巣鴨,A 王子,2.池袋,15,22,11,297,174,504,43
20,西巣鴨,明治通り×中山道,R4/11,巣鴨,A 王子,2.池袋,16,18,6,203,135,362,39
20,西巣鴨,明治通り×中山道,R4/11,巣鴨,A 王子,2.池袋,17,14,3,323,61,401,47
20,西巣鴨,明治通り×中山道,R4/11,巣鴨,A 王子,2.池袋,18,29,4,323,53,409,14
20,西巣鴨,明治通り×中山道,R4/11,巣鴨,A 王子,2.池袋,12時間計,267,89,3469,2348,6173,519
20,西巣鴨,明治通り×中山道,R4/11,巣鴨,A 王子,3.板橋,7,1,3,51,53,108,5
20,西巣鴨,明治通り×中山道,R4/11,巣鴨,A 王子,3.板橋,8,0,2,77,42,121,12
20,西巣鴨,明治通り×中山道,R4/11,巣鴨,A 王子,3.板橋,9,2,1,76,62,141,7
20,西巣鴨,明治通り×中山道,R4/11,巣鴨,A 王子,3.板橋,10,0,2,80,78,160,7
20,西巣鴨,明治通り×中山道,R4/11,巣鴨,A 王子,3.板橋,11,0,3,82,81,166,10
20,西巣鴨,明治通り×中山道,R4/11,巣鴨,A 王子,3.板橋,12,0,4,68,80,152,12
20,西巣鴨,明治通り×中山道,R4/11,巣鴨,A 王子,3.板橋,13,1,5,71,66,143,3
20,西巣鴨,明治通り×中山道,R4/11,巣鴨,A 王子,3.板橋,14,1,3,99,61,164,2
20,西巣鴨,明治通り×中山道,R4/11,巣鴨,A 王子,3.板橋,15,0,5,86,50,141,7
20,西巣鴨,明治通り×中山道,R4/11,巣鴨,A 王子,3.板橋,16,0,3,87,85,175,9
20,西巣鴨,明治通り×中山道,R4/11,巣鴨,A 王子,3.板橋,17,0,0,90,93,183,14
20,西巣鴨,明治通り×中山道,R4/11,巣鴨,A 王子,3.板橋,18,0,0,85,54,139,6
20,西巣鴨,明治通り×中山道,R4/11,巣鴨,A 王子,3.板橋,12時間計,5,31,952,805,1793,94
20,西巣鴨,明治通り×中山道,R4/11,巣鴨,A 王子,流入計,7,40,21,412,400,873,69
20,西巣鴨,明治通り×中山道,R4/11,巣鴨,A 王子,流入計,8,30,10,445,359,844,77
20,西巣鴨,明治通り×中山道,R4/11,巣鴨,A 王子,流入計,9,27,12,528,395,962,69
20,西巣鴨,明治通り×中山道,R4/11,巣鴨,A 王子,流入計,10,17,13,534,385,949,61
20,西巣鴨,明治通り×中山道,R4/11,巣鴨,A 王子,流入計,11,25,15,427,348,815,52
20,西巣鴨,明治通り×中山道,R4/11,巣鴨,A 王子,流入計,12,25,20,414,307,766,61
20,西巣鴨,明治通り×中山道,R4/11,巣鴨,A 王子,流入計,13,16,17,407,332,772,46
20,西巣鴨,明治通り×中山道,R4/11,巣鴨,A 王子,流入計,14,27,14,441,309,791,54
20,西巣鴨,明治通り×中山道,R4/11,巣鴨,A 王子,流入計,15,27,19,457,265,768,51
20,西巣鴨,明治通り×中山道,R4/11,巣鴨,A 王子,流入計,16,20,18,381,274,693,53
20,西巣鴨,明治通り×中山道,R4/11,巣鴨,A 王子,流入計,17,20,12,459,186,677,70
20,西巣鴨,明治通り×中山道,R4/11,巣鴨,A 王子,流入計,18,29,8,508,133,678,28
20,西巣鴨,明治通り×中山道,R4/11,巣鴨,A 王子,流入計,12時間計,303,179,5413,3693,9588,691
20,西巣鴨,明治通り×中山道,R4/11,巣鴨,B 板橋,4.王子,7,0,0,65,65,130,3
20,西巣鴨,明治通り×中山道,R4/11,巣鴨,B 板橋,4.王子,8,2,1,56,79,138,4
20,西巣鴨,明治通り×中山道,R4/11,巣鴨,B 板橋,4.王子,9,0,2,68,76,146,6
20,西巣鴨,明治通り×中山道,R4/11,巣鴨,B 板橋,4.王子,10,2,0,87,66,155,4
20,西巣鴨,明治通り×中山道,R4/11,巣鴨,B 板橋,4.王子,11,3,2,97,53,155,9
20,西巣鴨,明治通り×中山道,R4/11,巣鴨,B 板橋,4.王子,12,0,4,98,44,146,8
20,西巣鴨,明治通り×中山道,R4/11,巣鴨,B 板橋,4.王子,13,0,2,84,67,153,8
20,西巣鴨,明治通り×中山道,R4/11,巣鴨,B 板橋,4.王子,14,1,8,74,55,138,5
20,西巣鴨,明治通り×中山道,R4/11,巣鴨,B 板橋,4.王子,15,0,7,76,83,166,11
20,西巣鴨,明治通り×中山道,R4/11,巣鴨,B 板橋,4.王子,16,0,6,79,53,138,3
20,西巣鴨,明治通り×中山道,R4/11,巣鴨,B 板橋,4.王子,17,1,4,100,24,129,4
20,西巣鴨,明治通り×中山道,R4/11,巣鴨,B 板橋,4.王子,18,0,0,93,17,110,10
20,西巣鴨,明治通り×中山道,R4/11,巣鴨,B 板橋,4.王子,12時間計,9,36,977,682,1704,75
20,西巣鴨,明治通り×中山道,R4/11,巣鴨,B 板橋,5.白山上,7,19,21,433,235,708,49
20,西巣鴨,明治通り×中山道,R4/11,巣鴨,B 板橋,5.白山上,8,1,18,555,330,904,67
20,西巣鴨,明治通り×中山道,R4/11,巣鴨,B 板橋,5.白山上,9,2,13,506,326,847,61
20,西巣鴨,明治通り×中山道,R4/11,巣鴨,B 板橋,5.白山上,10,4,19,437,348,808,7
20,西巣鴨,明治通り×中山道,R4/11,巣鴨,B 板橋,5.白山上,11,8,13,468,319,808,61
20,西巣鴨,明治通り×中山道,R4/11,巣鴨,B 板橋,5.白山上,12,2,29,380,259,670,34
20,西巣鴨,明治通り×中山道,R4/11,巣鴨,B 板橋,5.白山上,13,2,10,206,208,426,32
20,西巣鴨,明治通り×中山道,R4/11,巣鴨,B 板橋,5.白山上,14,3,11,405,174,593,36
20,西巣鴨,明治通り×中山道,R4/11,巣鴨,B 板橋,5.白山上,15,2,14,340,172,528,29
20,西巣鴨,明治通り×中山道,R4/11,巣鴨,B 板橋,5.白山上,16,3,27,300,159,489,33
20,西巣鴨,明治通り×中山道,R4/11,巣鴨,B 板橋,5.白山上,17,4,19,323,152,498,40
20,西巣鴨,明治通り×中山道,R4/11,巣鴨,B 板橋,5.白山上,18,5,14,342,120,481,26
20,西巣鴨,明治通り×中山道,R4/11,巣鴨,B 板橋,5.白山上,12時間計,55,208,4695,2802,7760,475
20,西巣鴨,明治通り×中山道,R4/11,巣鴨,B 板橋,6.池袋,7,1,5,64,88,158,8
20,西巣鴨,明治通り×中山道,R4/11,巣鴨,B 板橋,6.池袋,8,0,7,60,81,148,7
20,西巣鴨,明治通り×中山道,R4/11,巣鴨,B 板橋,6.池袋,9,1,2,98,78,179,8
20,西巣鴨,明治通り×中山道,R4/11,巣鴨,B 板橋,6.池袋,10,0,2,93,58,153,2
20,西巣鴨,明治通り×中山道,R4/11,巣鴨,B 板橋,6.池袋,11,0,3,83,47,133,1
20,西巣鴨,明治通り×中山道,R4/11,巣鴨,B 板橋,6.池袋,12,1,1,75,40,117,5
20,西巣鴨,明治通り×中山道,R4/11,巣鴨,B 板橋,6.池袋,13,0,6,68,49,123,6
20,西巣鴨,明治通り×中山道,R4/11,巣鴨,B 板橋,6.池袋,14,1,5,69,53,128,15
20,西巣鴨,明治通り×中山道,R4/11,巣鴨,B 板橋,6.池袋,15,0,2,89,55,146,4
20,西巣鴨,明治通り×中山道,R4/11,巣鴨,B 板橋,6.池袋,16,4,1,73,35,113,4
20,西巣鴨,明治通り×中山道,R4/11,巣鴨,B 板橋,6.池袋,17,0,0,105,37,142,7
20,西巣鴨,明治通り×中山道,R4/11,巣鴨,B 板橋,6.池袋,18,0,0,84,22,106,7
20,西巣鴨,明治通り×中山道,R4/11,巣鴨,B 板橋,6.池袋,12時間計,8,34,961,643,1646,74
20,西巣鴨,明治通り×中山道,R4/11,巣鴨,B 板橋,流入計,7,20,26,562,388,996,60
20,西巣鴨,明治通り×中山道,R4/11,巣鴨,B 板橋,流入計,8,3,26,671,490,1190,78
20,西巣鴨,明治通り×中山道,R4/11,巣鴨,B 板橋,流入計,9,3,17,672,480,1172,75
20,西巣鴨,明治通り×中山道,R4/11,巣鴨,B 板橋,流入計,10,6,21,617,472,1116,13
20,西巣鴨,明治通り×中山道,R4/11,巣鴨,B 板橋,流入計,11,11,18,648,419,1096,71
20,西巣鴨,明治通り×中山道,R4/11,巣鴨,B 板橋,流入計,12,3,34,553,343,933,47
20,西巣鴨,明治通り×中山道,R4/11,巣鴨,B 板橋,流入計,13,2,18,358,324,702,46
20,西巣鴨,明治通り×中山道,R4/11,巣鴨,B 板橋,流入計,14,5,24,548,282,859,56
20,西巣鴨,明治通り×中山道,R4/11,巣鴨,B 板橋,流入計,15,2,23,505,310,840,44
20,西巣鴨,明治通り×中山道,R4/11,巣鴨,B 板橋,流入計,16,7,34,452,247,740,40
20,西巣鴨,明治通り×中山道,R4/11,巣鴨,B 板橋,流入計,17,5,23,528,213,769,51
20,西巣鴨,明治通り×中山道,R4/11,巣鴨,B 板橋,流入計,18,5,14,519,159,697,43
20,西巣鴨,明治通り×中山道,R4/11,巣鴨,B 板橋,流入計,12時間計,72,278,6633,4127,11110,624
20,西巣鴨,明治通り×中山道,R4/11,巣鴨,C 池袋,7.板橋,7,0,0,53,47,100,4
20,西巣鴨,明治通り×中山道,R4/11,巣鴨,C 池袋,7.板橋,8,0,1,76,39,116,3
20,西巣鴨,明治通り×中山道,R4/11,巣鴨,C 池袋,7.板橋,9,2,0,80,31,113,6
20,西巣鴨,明治通り×中山道,R4/11,巣鴨,C 池袋,7.板橋,10,0,1,59,84,144,5
20,西巣鴨,明治通り×中山道,R4/11,巣鴨,C 池袋,7.板橋,11,0,1,66,65,132,8
20,西巣鴨,明治通り×中山道,R4/11,巣鴨,C 池袋,7.板橋,12,0,0,66,47,113,14
20,西巣鴨,明治通り×中山道,R4/11,巣鴨,C 池袋,7.板橋,13,0,3,85,70,158,11
20,西巣鴨,明治通り×中山道,R4/11,巣鴨,C 池袋,7.板橋,14,0,2,90,44,136,8
20,西巣鴨,明治通り×中山道,R4/11,巣鴨,C 池袋,7.板橋,15,1,2,117,50,170,7
20,西巣鴨,明治通り×中山道,R4/11,巣鴨,C 池袋,7.板橋,16,0,2,93,68,163,15
20,西巣鴨,明治通り×中山道,R4/11,巣鴨,C 池袋,7.板橋,17,0,0,85,83,168,16
20,西巣鴨,明治通り×中山道,R4/11,巣鴨,C 池袋,7.板橋,18,0,0,86,52,138,19
20,西巣鴨,明治通り×中山道,R4/11,巣鴨,C 池袋,7.板橋,12時間計,3,12,956,680,1651,116
20,西巣鴨,明治通り×中山道,R4/11,巣鴨,C 池袋,8.王子,7,19,6,194,177,396,38
20,西巣鴨,明治通り×中山道,R4/11,巣鴨,C 池袋,8.王子,8,31,4,219,221,475,34
20,西巣鴨,明治通り×中山道,R4/11,巣鴨,C 池袋,8.王子,9,27,11,185,254,477,24
20,西巣鴨,明治通り×中山道,R4/11,巣鴨,C 池袋,8.王子,10,18,10,257,236,521,32
20,西巣鴨,明治通り×中山道,R4/11,巣鴨,C 池袋,8.王子,11,15,9,310,215,549,47
20,西巣鴨,明治通り×中山道,R4/11,巣鴨,C 池袋,8.王子,12,15,10,398,175,598,52
20,西巣鴨,明治通り×中山道,R4/11,巣鴨,C 池袋,8.王子,13,17,9,253,277,556,55
20,西巣鴨,明治通り×中山道,R4/11,巣鴨,C 池袋,8.王子,14,17,11,269,296,593,58
20,西巣鴨,明治通り×中山道,R4/11,巣鴨,C 池袋,8.王子,15,25,5,303,269,602,62
20,西巣鴨,明治通り×中山道,R4/11,巣鴨,C 池袋,8.王子,16,27,3,356,266,652,47
20,西巣鴨,明治通り×中山道,R4/11,巣鴨,C 池袋,8.王子,17,17,2,573,131,723,104
20,西巣鴨,明治通り×中山道,R4/11,巣鴨,C 池袋,8.王子,18,23,4,587,77,691,84
20,西巣鴨,明治通り×中山道,R4/11,巣鴨,C 池袋,8.王子,12時間計,251,84,3904,2594,6833,637
20,西巣鴨,明治通り×中山道,R4/11,巣鴨,C 池袋,9.白山上,7,9,1,39,21,70,4
20,西巣鴨,明治通り×中山道,R4/11,巣鴨,C 池袋,9.白山上,8,5,1,67,45,118,4
20,西巣鴨,明治通り×中山道,R4/11,巣鴨,C 池袋,9.白山上,9,11,0,71,41,123,6
20,西巣鴨,明治通り×中山道,R4/11,巣鴨,C 池袋,9.白山上,10,15,2,62,55,134,7
20,西巣鴨,明治通り×中山道,R4/11,巣鴨,C 池袋,9.白山上,11,13,3,65,40,121,4
20,西巣鴨,明治通り×中山道,R4/11,巣鴨,C 池袋,9.白山上,12,12,0,54,50,116,5
20,西巣鴨,明治通り×中山道,R4/11,巣鴨,C 池袋,9.白山上,13,8,0,39,43,90,5
20,西巣鴨,明治通り×中山道,R4/11,巣鴨,C 池袋,9.白山上,14,10,1,78,32,121,6
20,西巣鴨,明治通り×中山道,R4/11,巣鴨,C 池袋,9.白山上,15,6,0,76,35,117,4
20,西巣鴨,明治通り×中山道,R4/11,巣鴨,C 池袋,9.白山上,16,12,3,87,54,156,16
20,西巣鴨,明治通り×中山道,R4/11,巣鴨,C 池袋,9.白山上,17,17,7,94,40,158,25
20,西巣鴨,明治通り×中山道,R4/11,巣鴨,C 池袋,9.白山上,18,10,2,64,26,102,5
20,西巣鴨,明治通り×中山道,R4/11,巣鴨,C 池袋,9.白山上,12時間計,128,20,796,482,1426,91
20,西巣鴨,明治通り×中山道,R4/11,巣鴨,C 池袋,流入計,7,28,7,286,245,566,46
20,西巣鴨,明治通り×中山道,R4/11,巣鴨,C 池袋,流入計,8,36,6,362,305,709,41
20,西巣鴨,明治通り×中山道,R4/11,巣鴨,C 池袋,流入計,9,40,11,336,326,713,36
20,西巣鴨,明治通り×中山道,R4/11,巣鴨,C 池袋,流入計,10,33,13,378,375,799,44
20,西巣鴨,明治通り×中山道,R4/11,巣鴨,C 池袋,流入計,11,28,13,441,320,802,59
20,西巣鴨,明治通り×中山道,R4/11,巣鴨,C 池袋,流入計,12,27,10,518,272,827,71
20,西巣鴨,明治通り×中山道,R4/11,巣鴨,C 池袋,流入計,13,25,12,377,390,804,71
20,西巣鴨,明治通り×中山道,R4/11,巣鴨,C 池袋,流入計,14,27,14,437,372,850,72
20,西巣鴨,明治通り×中山道,R4/11,巣鴨,C 池袋,流入計,15,32,7,496,354,889,73
20,西巣鴨,明治通り×中山道,R4/11,巣鴨,C 池袋,流入計,16,39,8,536,388,971,78
20,西巣鴨,明治通り×中山道,R4/11,巣鴨,C 池袋,流入計,17,34,9,752,254,1049,145
20,西巣鴨,明治通り×中山道,R4/11,巣鴨,C 池袋,流入計,18,33,6,737,155,931,108
20,西巣鴨,明治通り×中山道,R4/11,巣鴨,C 池袋,流入計,12時間計,382,116,5656,3756,9910,844
20,西巣鴨,明治通り×中山道,R4/11,巣鴨,D 白山上,10.池袋,7,7,5,32,32,76,4
20,西巣鴨,明治通り×中山道,R4/11,巣鴨,D 白山上,10.池袋,8,7,5,47,46,105,2
20,西巣鴨,明治通り×中山道,R4/11,巣鴨,D 白山上,10.池袋,9,19,1,61,47,128,9
20,西巣鴨,明治通り×中山道,R4/11,巣鴨,D 白山上,10.池袋,10,6,0,64,59,129,4
20,西巣鴨,明治通り×中山道,R4/11,巣鴨,D 白山上,10.池袋,11,5,0,63,39,107,3
20,西巣鴨,明治通り×中山道,R4/11,巣鴨,D 白山上,10.池袋,12,11,1,61,29,102,6
20,西巣鴨,明治通り×中山道,R4/11,巣鴨,D 白山上,10.池袋,13,11,4,54,46,115,11
20,西巣鴨,明治通り×中山道,R4/11,巣鴨,D 白山上,10.池袋,14,8,2,61,41,112,2
20,西巣鴨,明治通り×中山道,R4/11,巣鴨,D 白山上,10.池袋,15,8,1,84,58,151,15
20,西巣鴨,明治通り×中山道,R4/11,巣鴨,D 白山上,10.池袋,16,10,0,54,41,105,6
20,西巣鴨,明治通り×中山道,R4/11,巣鴨,D 白山上,10.池袋,17,11,1,54,46,112,11
20,西巣鴨,明治通り×中山道,R4/11,巣鴨,D 白山上,10.池袋,18,11,1,76,20,108,7
20,西巣鴨,明治通り×中山道,R4/11,巣鴨,D 白山上,10.池袋,12時間計,114,21,711,504,1350,80
20,西巣鴨,明治通り×中山道,R4/11,巣鴨,D 白山上,11.板橋,7,2,14,231,135,382,25
20,西巣鴨,明治通り×中山道,R4/11,巣鴨,D 白山上,11.板橋,8,0,11,305,143,459,22
20,西巣鴨,明治通り×中山道,R4/11,巣鴨,D 白山上,11.板橋,9,1,9,371,154,535,24
20,西巣鴨,明治通り×中山道,R4/11,巣鴨,D 白山上,11.板橋,10,2,10,246,260,518,31
20,西巣鴨,明治通り×中山道,R4/11,巣鴨,D 白山上,11.板橋,11,4,10,268,314,596,32
20,西巣鴨,明治通り×中山道,R4/11,巣鴨,D 白山上,11.板橋,12,2,8,267,273,550,33
20,西巣鴨,明治通り×中山道,R4/11,巣鴨,D 白山上,11.板橋,13,4,8,271,243,526,42
20,西巣鴨,明治通り×中山道,R4/11,巣鴨,D 白山上,11.板橋,14,0,12,435,193,640,44
20,西巣鴨,明治通り×中山道,R4/11,巣鴨,D 白山上,11.板橋,15,2,16,514,213,745,51
20,西巣鴨,明治通り×中山道,R4/11,巣鴨,D 白山上,11.板橋,16,4,16,413,275,708,46
20,西巣鴨,明治通り×中山道,R4/11,巣鴨,D 白山上,11.板橋,17,3,17,485,417,922,95
20,西巣鴨,明治通り×中山道,R4/11,巣鴨,D 白山上,11.板橋,18,2,15,497,254,768,68
20,西巣鴨,明治通り×中山道,R4/11,巣鴨,D 白山上,11.板橋,12時間計,26,146,4303,2874,7349,513
20,西巣鴨,明治通り×中山道,R4/11,巣鴨,D 白山上,12.王子,7,0,1,83,49,133,3
20,西巣鴨,明治通り×中山道,R4/11,巣鴨,D 白山上,12.王子,8,9,2,75,65,151,5
20,西巣鴨,明治通り×中山道,R4/11,巣鴨,D 白山上,12.王子,9,2,5,75,97,179,9
20,西巣鴨,明治通り×中山道,R4/11,巣鴨,D 白山上,12.王子,10,3,3,92,88,186,6
20,西巣鴨,明治通り×中山道,R4/11,巣鴨,D 白山上,12.王子,11,2,3,81,68,154,2
20,西巣鴨,明治通り×中山道,R4/11,巣鴨,D 白山上,12.王子,12,4,8,87,73,172,8
20,西巣鴨,明治通り×中山道,R4/11,巣鴨,D 白山上,12.王子,13,2,6,77,83,168,11
20,西巣鴨,明治通り×中山道,R4/11,巣鴨,D 白山上,12.王子,14,2,3,88,98,191,7
20,西巣鴨,明治通り×中山道,R4/11,巣鴨,D 白山上,12.王子,15,3,2,90,83,178,7
20,西巣鴨,明治通り×中山道,R4/11,巣鴨,D 白山上,12.王子,16,4,3,97,72,176,13
20,西巣鴨,明治通り×中山道,R4/11,巣鴨,D 白山上,12.王子,17,1,2,171,47,221,15
20,西巣鴨,明治通り×中山道,R4/11,巣鴨,D 白山上,12.王子,18,4,4,153,30,191,18
20,西巣鴨,明治通り×中山道,R4/11,巣鴨,D 白山上,12.王子,12時間計,36,42,1169,853,2100,104
20,西巣鴨,明治通り×中山道,R4/11,巣鴨,D 白山上,流入計,7,9,20,346,216,591,32
20,西巣鴨,明治通り×中山道,R4/11,巣鴨,D 白山上,流入計,8,16,18,427,254,715,29
20,西巣鴨,明治通り×中山道,R4/11,巣鴨,D 白山上,流入計,9,22,15,507,298,842,42
20,西巣鴨,明治通り×中山道,R4/11,巣鴨,D 白山上,流入計,10,11,13,402,407,833,41
20,西巣鴨,明治通り×中山道,R4/11,巣鴨,D 白山上,流入計,11,11,13,412,421,857,37
20,西巣鴨,明治通り×中山道,R4/11,巣鴨,D 白山上,流入計,12,17,17,415,375,824,47
20,西巣鴨,明治通り×中山道,R4/11,巣鴨,D 白山上,流入計,13,17,18,402,372,809,64
20,西巣鴨,明治通り×中山道,R4/11,巣鴨,D 白山上,流入計,14,10,17,584,332,943,53
20,西巣鴨,明治通り×中山道,R4/11,巣鴨,D 白山上,流入計,15,13,19,688,354,1074,73
20,西巣鴨,明治通り×中山道,R4/11,巣鴨,D 白山上,流入計,16,18,19,564,388,989,65
20,西巣鴨,明治通り×中山道,R4/11,巣鴨,D 白山上,流入計,17,15,20,710,510,1255,121
20,西巣鴨,明治通り×中山道,R4/11,巣鴨,D 白山上,流入計,18,17,20,726,304,1067,93
20,西巣鴨,明治通り×中山道,R4/11,巣鴨,D 白山上,流入計,12時間計,176,209,6183,4231,10799,697
