﻿観測地点,Ｈ１７区間番号,路線名,都市計画路線名,通称道路名,調査日,天候,ピーク時間交通量（台／ｈ）,ピーク率（％）,混雑時平均旅行速度（ｋｍ／ｈ）,大型車台数（台／１２ｈ）,混入率（％）,混雑度,昼夜率,車線数,５８年度（台／１２ｈ）,６０年度（台／１２ｈ）,６３年度（台／１２ｈ）,２年度（台／１２ｈ）,６年度（台／１２ｈ）,９年度（台／１２ｈ）,１１年度（台／１２ｈ）,１７年度（台／１２ｈ）,２２年度（台／１２ｈ）
２０大泉ＪＣＴ～和光ＩＣ,３０００５,東北縦貫自動車道,外郭環状線,（外環）,１１月７日（日）,曇,4598,9.4,-,3695,7.6,-,1.54,6,-,-,-,-,33566,41809,39250,-,48668
,,,,,,,,,,,,,,,,,,,,,,,
観測地点,Ｈ１７区間番号,路線名,都市計画路線名,通称道路名,調査日,天候,時間・種別,７～８,８～９,９～１０,１０～１１,１１～１２,１２～１３,１３～１４,１４～１５,１５～１６,１６～１７,１７～１８,１８～１９,１２ｈ計,２４ｈ計,,
２０大泉ＪＣＴ～和光ＩＣ,３０００５,東北縦貫自動車道,外郭環状線,（外環）,１１月７日（日）,曇,自動車類上り大型車,208,210,167,148,112,106,101,152,123,135,107,152,1721,3423,,
２０大泉ＪＣＴ～和光ＩＣ,３０００５,東北縦貫自動車道,外郭環状線,（外環）,１１月７日（日）,曇,自動車類上り小型車,1797,1766,1871,1852,1647,1375,1447,1740,1868,2083,2157,2060,21663,33498,,
２０大泉ＪＣＴ～和光ＩＣ,３０００５,東北縦貫自動車道,外郭環状線,（外環）,１１月７日（日）,曇,自動車類上り計,2005,1976,2038,2000,1759,1481,1548,1892,1991,2218,2264,2212,23384,36921,,
２０大泉ＪＣＴ～和光ＩＣ,３０００５,東北縦貫自動車道,外郭環状線,（外環）,１１月７日（日）,曇,自動車類下り大型車,197,228,190,141,173,149,139,154,160,153,139,151,1974,3627,,
２０大泉ＪＣＴ～和光ＩＣ,３０００５,東北縦貫自動車道,外郭環状線,（外環）,１１月７日（日）,曇,自動車類下り小型車,1472,1749,1870,1906,1806,1837,1886,2243,2317,2227,1977,2020,23310,34618,,
２０大泉ＪＣＴ～和光ＩＣ,３０００５,東北縦貫自動車道,外郭環状線,（外環）,１１月７日（日）,曇,自動車類下り計,1669,1977,2060,2047,1979,1986,2025,2397,2477,2380,2116,2171,25284,38245,,
２０大泉ＪＣＴ～和光ＩＣ,３０００５,東北縦貫自動車道,外郭環状線,（外環）,１１月７日（日）,曇,自動車類合計大型車,405,438,357,289,285,255,240,306,283,288,246,303,3695,7050,,
２０大泉ＪＣＴ～和光ＩＣ,３０００５,東北縦貫自動車道,外郭環状線,（外環）,１１月７日（日）,曇,自動車類合計小型車,3269,3515,3741,3758,3453,3212,3333,3983,4185,4310,4134,4080,44973,68116,,
２０大泉ＪＣＴ～和光ＩＣ,３０００５,東北縦貫自動車道,外郭環状線,（外環）,１１月７日（日）,曇,自動車類合計計,3674,3953,4098,4047,3738,3467,3573,4289,4468,4598,4380,4383,48668,75166,,
２０大泉ＪＣＴ～和光ＩＣ,３０００５,東北縦貫自動車道,外郭環状線,（外環）,１１月７日（日）,曇,二輪車類,191,106,65,39,49,66,50,96,103,122,129,132,1148,,,
２０大泉ＪＣＴ～和光ＩＣ,３０００５,東北縦貫自動車道,外郭環状線,（外環）,１１月７日（日）,曇,自転車類,-,-,-,-,-,-,-,-,-,-,-,-,-,,,
２０大泉ＪＣＴ～和光ＩＣ,３０００５,東北縦貫自動車道,外郭環状線,（外環）,１１月７日（日）,曇,歩行者類,-,-,-,-,-,-,-,-,-,-,-,-,-,,,
