﻿観測地点,Ｈ１７区間番号,路線名,都市計画路線名,通称道路名,調査日,天候,ピーク時間交通量（台／ｈ）,ピーク率（％）,混雑時平均旅行速度（ｋｍ／ｈ）,大型車台数（台／１２ｈ）,混入率（％）,混雑度,昼夜率,車線数,５８年度（台／１２ｈ）,６０年度（台／１２ｈ）,６３年度（台／１２ｈ）,２年度（台／１２ｈ）,６年度（台／１２ｈ）,９年度（台／１２ｈ）,１１年度（台／１２ｈ）,１７年度（台／１２ｈ）,２２年度（台／１２ｈ）
１０３６０一之江出入口～篠崎ＩＣ,３１０４２,一般国道１４号（京葉道路）,放１５,京葉道路,１１月７日（日）,曇,2607,8.9,-,882,3.0,-,1.55,6,-,-,-,72746,78196,78206,78608,-,29448
,,,,,,,,,,,,,,,,,,,,,,,
観測地点,Ｈ１７区間番号,路線名,都市計画路線名,通称道路名,調査日,天候,時間・種別,７～８,８～９,９～１０,１０～１１,１１～１２,１２～１３,１３～１４,１４～１５,１５～１６,１６～１７,１７～１８,１８～１９,１２ｈ計,２４ｈ計,,
１０３６０一之江出入口～篠崎ＩＣ,３１０４２,一般国道１４号（京葉道路）,放１５,京葉道路,１１月７日（日）,曇,自動車類上り大型車,57,39,30,20,24,27,35,23,21,23,23,37,359,768,,
１０３６０一之江出入口～篠崎ＩＣ,３１０４２,一般国道１４号（京葉道路）,放１５,京葉道路,１１月７日（日）,曇,自動車類上り小型車,1107,1278,1368,1403,1407,1351,1416,1347,1233,1218,1138,1132,15398,22493,,
１０３６０一之江出入口～篠崎ＩＣ,３１０４２,一般国道１４号（京葉道路）,放１５,京葉道路,１１月７日（日）,曇,自動車類上り計,1164,1317,1398,1423,1431,1378,1451,1370,1254,1241,1161,1169,15757,23261,,
１０３６０一之江出入口～篠崎ＩＣ,３１０４２,一般国道１４号（京葉道路）,放１５,京葉道路,１１月７日（日）,曇,自動車類下り大型車,57,54,54,54,48,43,36,40,44,44,33,16,523,940,,
１０３６０一之江出入口～篠崎ＩＣ,３１０４２,一般国道１４号（京葉道路）,放１５,京葉道路,１１月７日（日）,曇,自動車類下り小型車,1070,1014,1022,1049,976,1048,1030,1197,1279,1231,1166,1086,13168,21462,,
１０３６０一之江出入口～篠崎ＩＣ,３１０４２,一般国道１４号（京葉道路）,放１５,京葉道路,１１月７日（日）,曇,自動車類下り計,1127,1068,1076,1103,1024,1091,1066,1237,1323,1275,1199,1102,13691,22402,,
１０３６０一之江出入口～篠崎ＩＣ,３１０４２,一般国道１４号（京葉道路）,放１５,京葉道路,１１月７日（日）,曇,自動車類合計大型車,114,93,84,74,72,70,71,63,65,67,56,53,882,1708,,
１０３６０一之江出入口～篠崎ＩＣ,３１０４２,一般国道１４号（京葉道路）,放１５,京葉道路,１１月７日（日）,曇,自動車類合計小型車,2177,2292,2390,2452,2383,2399,2446,2544,2512,2449,2304,2218,28566,43955,,
１０３６０一之江出入口～篠崎ＩＣ,３１０４２,一般国道１４号（京葉道路）,放１５,京葉道路,１１月７日（日）,曇,自動車類合計計,2291,2385,2474,2526,2455,2469,2517,2607,2577,2516,2360,2271,29448,45663,,
１０３６０一之江出入口～篠崎ＩＣ,３１０４２,一般国道１４号（京葉道路）,放１５,京葉道路,１１月７日（日）,曇,二輪車類,54,63,28,34,36,33,35,33,44,64,31,39,494,,,
１０３６０一之江出入口～篠崎ＩＣ,３１０４２,一般国道１４号（京葉道路）,放１５,京葉道路,１１月７日（日）,曇,自転車類,-,-,-,-,-,-,-,-,-,-,-,-,-,,,
１０３６０一之江出入口～篠崎ＩＣ,３１０４２,一般国道１４号（京葉道路）,放１５,京葉道路,１１月７日（日）,曇,歩行者類,-,-,-,-,-,-,-,-,-,-,-,-,-,,,
