﻿観測地点,Ｈ１７区間番号,路線名,都市計画路線名,通称道路名,調査日,天候,ピーク時間交通量（台／ｈ）,ピーク率（％）,混雑時平均旅行速度（ｋｍ／ｈ）,大型車台数（台／１２ｈ）,混入率（％）,混雑度,昼夜率,車線数,５８年度（台／１２ｈ）,６０年度（台／１２ｈ）,６３年度（台／１２ｈ）,２年度（台／１２ｈ）,６年度（台／１２ｈ）,９年度（台／１２ｈ）,１１年度（台／１２ｈ）,１７年度（台／１２ｈ）,２２年度（台／１２ｈ）
１０高井戸ＩＣ～世田谷区・東京都境間,３０００２,中央自動車道（富士吉田線）,－,（中央道）,１１月７日（日）,晴,5279,8.9,-,3945,6.6,-,1.55,4,-,-,-,52690,56364,53428,51279,-,59584
,,,,,,,,,,,,,,,,,,,,,,,
観測地点,Ｈ１７区間番号,路線名,都市計画路線名,通称道路名,調査日,天候,時間・種別,７～８,８～９,９～１０,１０～１１,１１～１２,１２～１３,１３～１４,１４～１５,１５～１６,１６～１７,１７～１８,１８～１９,１２ｈ計,２４ｈ計,,
１０高井戸ＩＣ～世田谷区・東京都境間,３０００２,中央自動車道（富士吉田線）,－,（中央道）,１１月７日（日）,晴,自動車類上り大型車,158,191,198,128,98,117,123,111,104,106,86,157,1577,3139,,
１０高井戸ＩＣ～世田谷区・東京都境間,３０００２,中央自動車道（富士吉田線）,－,（中央道）,１１月７日（日）,晴,自動車類上り小型車,2195,2188,2575,2735,2696,2437,2665,2844,2679,2609,2425,2241,30289,44969,,
１０高井戸ＩＣ～世田谷区・東京都境間,３０００２,中央自動車道（富士吉田線）,－,（中央道）,１１月７日（日）,晴,自動車類上り計,2353,2379,2773,2863,2794,2554,2788,2955,2783,2715,2511,2398,31866,48108,,
１０高井戸ＩＣ～世田谷区・東京都境間,３０００２,中央自動車道（富士吉田線）,－,（中央道）,１１月７日（日）,晴,自動車類下り大型車,253,271,212,182,158,171,134,184,176,193,213,221,2368,4513,,
１０高井戸ＩＣ～世田谷区・東京都境間,３０００２,中央自動車道（富士吉田線）,－,（中央道）,１１月７日（日）,晴,自動車類下り小型車,1904,1996,2255,2226,2143,1901,1768,2036,2320,2246,2269,2286,25350,39529,,
１０高井戸ＩＣ～世田谷区・東京都境間,３０００２,中央自動車道（富士吉田線）,－,（中央道）,１１月７日（日）,晴,自動車類下り計,2157,2267,2467,2408,2301,2072,1902,2220,2496,2439,2482,2507,27718,44042,,
１０高井戸ＩＣ～世田谷区・東京都境間,３０００２,中央自動車道（富士吉田線）,－,（中央道）,１１月７日（日）,晴,自動車類合計大型車,411,462,410,310,256,288,257,295,280,299,299,378,3945,7652,,
１０高井戸ＩＣ～世田谷区・東京都境間,３０００２,中央自動車道（富士吉田線）,－,（中央道）,１１月７日（日）,晴,自動車類合計小型車,4099,4184,4830,4961,4839,4338,4433,4880,4999,4855,4694,4527,55639,84498,,
１０高井戸ＩＣ～世田谷区・東京都境間,３０００２,中央自動車道（富士吉田線）,－,（中央道）,１１月７日（日）,晴,自動車類合計計,4510,4646,5240,5271,5095,4626,4690,5175,5279,5154,4993,4905,59584,92150,,
１０高井戸ＩＣ～世田谷区・東京都境間,３０００２,中央自動車道（富士吉田線）,－,（中央道）,１１月７日（日）,晴,二輪車類,160,192,147,112,157,139,176,186,238,208,196,156,2067,,,
１０高井戸ＩＣ～世田谷区・東京都境間,３０００２,中央自動車道（富士吉田線）,－,（中央道）,１１月７日（日）,晴,自転車類,-,-,-,-,-,-,-,-,-,-,-,-,-,,,
１０高井戸ＩＣ～世田谷区・東京都境間,３０００２,中央自動車道（富士吉田線）,－,（中央道）,１１月７日（日）,晴,歩行者類,-,-,-,-,-,-,-,-,-,-,-,-,-,,,
