﻿観測地点,Ｈ１７区間番号,路線名,都市計画路線名,通称道路名,調査日,天候,ピーク時間交通量（台／ｈ）,ピーク率（％）,混雑時平均旅行速度（ｋｍ／ｈ）,大型車台数（台／１２ｈ）,混入率（％）,混雑度,昼夜率,車線数,５８年度（台／１２ｈ）,６０年度（台／１２ｈ）,６３年度（台／１２ｈ）,２年度（台／１２ｈ）,６年度（台／１２ｈ）,９年度（台／１２ｈ）,１１年度（台／１２ｈ）,１７年度（台／１２ｈ）,２２年度（台／１２ｈ）
１１０１０玉川ＩＣ～京浜川崎ＩＣ,３１１５６,一般国道４６６号（第三京浜道路）,－,（第三京浜）,１１月７日（日）,晴,4646,10.3,-,773,1.7,-,1.44,6,-,-,-,54212,60817,59226,50624,-,45222
,,,,,,,,,,,,,,,,,,,,,,,
観測地点,Ｈ１７区間番号,路線名,都市計画路線名,通称道路名,調査日,天候,時間・種別,７～８,８～９,９～１０,１０～１１,１１～１２,１２～１３,１３～１４,１４～１５,１５～１６,１６～１７,１７～１８,１８～１９,１２ｈ計,２４ｈ計,,
１１０１０玉川ＩＣ～京浜川崎ＩＣ,３１１５６,一般国道４６６号（第三京浜道路）,－,（第三京浜）,１１月７日（日）,晴,自動車類上り大型車,51,37,29,31,26,27,23,36,36,32,18,31,377,699,,
１１０１０玉川ＩＣ～京浜川崎ＩＣ,３１１５６,一般国道４６６号（第三京浜道路）,－,（第三京浜）,１１月７日（日）,晴,自動車類上り小型車,1453,1763,1841,1804,1699,1719,1720,1944,2181,2453,2335,1959,22871,32133,,
１１０１０玉川ＩＣ～京浜川崎ＩＣ,３１１５６,一般国道４６６号（第三京浜道路）,－,（第三京浜）,１１月７日（日）,晴,自動車類上り計,1504,1800,1870,1835,1725,1746,1743,1980,2217,2485,2353,1990,23248,32832,,
１１０１０玉川ＩＣ～京浜川崎ＩＣ,３１１５６,一般国道４６６号（第三京浜道路）,－,（第三京浜）,１１月７日（日）,晴,自動車類下り大型車,40,20,32,40,32,37,28,34,37,32,28,36,396,718,,
１１０１０玉川ＩＣ～京浜川崎ＩＣ,３１１５６,一般国道４６６号（第三京浜道路）,－,（第三京浜）,１１月７日（日）,晴,自動車類下り小型車,1146,1385,1647,1879,1867,1846,1905,1943,1955,2129,2095,1781,21578,31433,,
１１０１０玉川ＩＣ～京浜川崎ＩＣ,３１１５６,一般国道４６６号（第三京浜道路）,－,（第三京浜）,１１月７日（日）,晴,自動車類下り計,1186,1405,1679,1919,1899,1883,1933,1977,1992,2161,2123,1817,21974,32151,,
１１０１０玉川ＩＣ～京浜川崎ＩＣ,３１１５６,一般国道４６６号（第三京浜道路）,－,（第三京浜）,１１月７日（日）,晴,自動車類合計大型車,91,57,61,71,58,64,51,70,73,64,46,67,773,1417,,
１１０１０玉川ＩＣ～京浜川崎ＩＣ,３１１５６,一般国道４６６号（第三京浜道路）,－,（第三京浜）,１１月７日（日）,晴,自動車類合計小型車,2599,3148,3488,3683,3566,3565,3625,3887,4136,4582,4430,3740,44449,63566,,
１１０１０玉川ＩＣ～京浜川崎ＩＣ,３１１５６,一般国道４６６号（第三京浜道路）,－,（第三京浜）,１１月７日（日）,晴,自動車類合計計,2690,3205,3549,3754,3624,3629,3676,3957,4209,4646,4476,3807,45222,64983,,
１１０１０玉川ＩＣ～京浜川崎ＩＣ,３１１５６,一般国道４６６号（第三京浜道路）,－,（第三京浜）,１１月７日（日）,晴,二輪車類,110,118,114,123,132,114,128,144,145,140,126,114,1508,,,
１１０１０玉川ＩＣ～京浜川崎ＩＣ,３１１５６,一般国道４６６号（第三京浜道路）,－,（第三京浜）,１１月７日（日）,晴,自転車類,-,-,-,-,-,-,-,-,-,-,-,-,-,,,
１１０１０玉川ＩＣ～京浜川崎ＩＣ,３１１５６,一般国道４６６号（第三京浜道路）,－,（第三京浜）,１１月７日（日）,晴,歩行者類,-,-,-,-,-,-,-,-,-,-,-,-,-,,,
