﻿観測地点,Ｈ１７区間番号,路線名,都市計画路線名,通称道路名,調査日,天候,ピーク時間交通量（台／ｈ）,ピーク率（％）,混雑時平均旅行速度（ｋｍ／ｈ）,大型車台数（台／１２ｈ）,混入率（％）,混雑度,昼夜率,車線数,５８年度（台／１２ｈ）,６０年度（台／１２ｈ）,６３年度（台／１２ｈ）,２年度（台／１２ｈ）,６年度（台／１２ｈ）,９年度（台／１２ｈ）,１１年度（台／１２ｈ）,１７年度（台／１２ｈ）,２２年度（台／１２ｈ）
３０練馬ＩＣ～大泉ＪＣＴ,１,関越自動車道（新潟線）,－,（関越道）,１１月７日（日）,曇,2714,10.2,-,1481,5.6,-,1.56,4,-,-,-,-,34704,32074,26350,26086,26536
,,,,,,,,,,,,,,,,,,,,,,,
観測地点,Ｈ１７区間番号,路線名,都市計画路線名,通称道路名,調査日,天候,時間・種別,７～８,８～９,９～１０,１０～１１,１１～１２,１２～１３,１３～１４,１４～１５,１５～１６,１６～１７,１７～１８,１８～１９,１２ｈ計,２４ｈ計,,
３０練馬ＩＣ～大泉ＪＣＴ,１,関越自動車道（新潟線）,－,（関越道）,１１月７日（日）,曇,自動車類上り大型車,94,110,85,70,73,82,87,74,49,50,53,65,892,1619,,
３０練馬ＩＣ～大泉ＪＣＴ,１,関越自動車道（新潟線）,－,（関越道）,１１月７日（日）,曇,自動車類上り小型車,631,851,962,996,1100,1048,1303,1872,1703,1501,1355,1450,14772,22818,,
３０練馬ＩＣ～大泉ＪＣＴ,１,関越自動車道（新潟線）,－,（関越道）,１１月７日（日）,曇,自動車類上り計,725,961,1047,1066,1173,1130,1390,1946,1752,1551,1408,1515,15664,24437,,
３０練馬ＩＣ～大泉ＪＣＴ,１,関越自動車道（新潟線）,－,（関越道）,１１月７日（日）,曇,自動車類下り大型車,59,71,55,49,40,36,58,37,36,46,55,47,589,1064,,
３０練馬ＩＣ～大泉ＪＣＴ,１,関越自動車道（新潟線）,－,（関越道）,１１月７日（日）,曇,自動車類下り小型車,1229,978,1048,981,866,654,701,731,703,805,832,755,10283,15907,,
３０練馬ＩＣ～大泉ＪＣＴ,１,関越自動車道（新潟線）,－,（関越道）,１１月７日（日）,曇,自動車類下り計,1288,1049,1103,1030,906,690,759,768,739,851,887,802,10872,16971,,
３０練馬ＩＣ～大泉ＪＣＴ,１,関越自動車道（新潟線）,－,（関越道）,１１月７日（日）,曇,自動車類合計大型車,153,181,140,119,113,118,145,111,85,96,108,112,1481,2683,,
３０練馬ＩＣ～大泉ＪＣＴ,１,関越自動車道（新潟線）,－,（関越道）,１１月７日（日）,曇,自動車類合計小型車,1860,1829,2010,1977,1966,1702,2004,2603,2406,2306,2187,2205,25055,38725,,
３０練馬ＩＣ～大泉ＪＣＴ,１,関越自動車道（新潟線）,－,（関越道）,１１月７日（日）,曇,自動車類合計計,2013,2010,2150,2096,2079,1820,2149,2714,2491,2402,2295,2317,26536,41408,,
３０練馬ＩＣ～大泉ＪＣＴ,１,関越自動車道（新潟線）,－,（関越道）,１１月７日（日）,曇,二輪車類,106,63,55,53,49,53,71,69,52,101,57,71,800,,,
３０練馬ＩＣ～大泉ＪＣＴ,１,関越自動車道（新潟線）,－,（関越道）,１１月７日（日）,曇,自転車類,-,-,-,-,-,-,-,-,-,-,-,-,-,,,
３０練馬ＩＣ～大泉ＪＣＴ,１,関越自動車道（新潟線）,－,（関越道）,１１月７日（日）,曇,歩行者類,-,-,-,-,-,-,-,-,-,-,-,-,-,,,
