﻿観測地点,Ｈ１７区間番号,路線名,都市計画路線名,通称道路名,調査日,天候,ピーク時間交通量（台／ｈ）,ピーク率（％）,混雑時平均旅行速度（ｋｍ／ｈ）,大型車台数（台／１２ｈ）,混入率（％）,混雑度,昼夜率,車線数,５８年度（台／１２ｈ）,６０年度（台／１２ｈ）,６３年度（台／１２ｈ）,２年度（台／１２ｈ）,６年度（台／１２ｈ）,９年度（台／１２ｈ）,１１年度（台／１２ｈ）,１７年度（台／１２ｈ）,２２年度（台／１２ｈ）
１０３５０東京都江戸川区篠崎８丁目,－,一般国道１４号（京葉道路）,放１５,京葉道路,１１月７日（日）,曇,3531,9.3,-,1905,5.0,-,1.44,6,-,-,-,-,-,-,-,-,38136
,,,,,,,,,,,,,,,,,,,,,,,
観測地点,Ｈ１７区間番号,路線名,都市計画路線名,通称道路名,調査日,天候,時間・種別,７～８,８～９,９～１０,１０～１１,１１～１２,１２～１３,１３～１４,１４～１５,１５～１６,１６～１７,１７～１８,１８～１９,１２ｈ計,２４ｈ計,,
１０３５０東京都江戸川区篠崎８丁目,－,一般国道１４号（京葉道路）,放１５,京葉道路,１１月７日（日）,曇,自動車類上り大型車,144,88,99,91,74,90,107,102,61,55,64,92,1067,1914,,
１０３５０東京都江戸川区篠崎８丁目,－,一般国道１４号（京葉道路）,放１５,京葉道路,１１月７日（日）,曇,自動車類上り小型車,1036,1216,1296,1341,1566,1452,1635,1827,1897,1970,1965,1860,19061,26681,,
１０３５０東京都江戸川区篠崎８丁目,－,一般国道１４号（京葉道路）,放１５,京葉道路,１１月７日（日）,曇,自動車類上り計,1180,1304,1395,1432,1640,1542,1742,1929,1958,2025,2029,1952,20128,28595,,
１０３５０東京都江戸川区篠崎８丁目,－,一般国道１４号（京葉道路）,放１５,京葉道路,１１月７日（日）,曇,自動車類下り大型車,73,88,71,93,75,73,58,54,57,64,75,57,838,1303,,
１０３５０東京都江戸川区篠崎８丁目,－,一般国道１４号（京葉道路）,放１５,京葉道路,１１月７日（日）,曇,自動車類下り小型車,1218,1270,1564,1612,1611,1469,1470,1509,1429,1426,1427,1165,17170,25152,,
１０３５０東京都江戸川区篠崎８丁目,－,一般国道１４号（京葉道路）,放１５,京葉道路,１１月７日（日）,曇,自動車類下り計,1291,1358,1635,1705,1686,1542,1528,1563,1486,1490,1502,1222,18008,26455,,
１０３５０東京都江戸川区篠崎８丁目,－,一般国道１４号（京葉道路）,放１５,京葉道路,１１月７日（日）,曇,自動車類合計大型車,217,176,170,184,149,163,165,156,118,119,139,149,1905,3217,,
１０３５０東京都江戸川区篠崎８丁目,－,一般国道１４号（京葉道路）,放１５,京葉道路,１１月７日（日）,曇,自動車類合計小型車,2254,2486,2860,2953,3177,2921,3105,3336,3326,3396,3392,3025,36231,51833,,
１０３５０東京都江戸川区篠崎８丁目,－,一般国道１４号（京葉道路）,放１５,京葉道路,１１月７日（日）,曇,自動車類合計計,2471,2662,3030,3137,3326,3084,3270,3492,3444,3515,3531,3174,38136,55050,,
１０３５０東京都江戸川区篠崎８丁目,－,一般国道１４号（京葉道路）,放１５,京葉道路,１１月７日（日）,曇,二輪車類,57,74,35,45,48,41,45,44,63,97,46,53,648,,,
１０３５０東京都江戸川区篠崎８丁目,－,一般国道１４号（京葉道路）,放１５,京葉道路,１１月７日（日）,曇,自転車類,-,-,-,-,-,-,-,-,-,-,-,-,-,,,
１０３５０東京都江戸川区篠崎８丁目,－,一般国道１４号（京葉道路）,放１５,京葉道路,１１月７日（日）,曇,歩行者類,-,-,-,-,-,-,-,-,-,-,-,-,-,,,
