﻿観測地点,Ｈ１７区間番号,路線名,都市計画路線名,通称道路名,調査日,天候,ピーク時間交通量（台／ｈ）,ピーク率（％）,混雑時平均旅行速度（ｋｍ／ｈ）,大型車台数（台／１２ｈ）,混入率（％）,混雑度,昼夜率,車線数,５８年度（台／１２ｈ）,６０年度（台／１２ｈ）,６３年度（台／１２ｈ）,２年度（台／１２ｈ）,６年度（台／１２ｈ）,９年度（台／１２ｈ）,１１年度（台／１２ｈ）,１７年度（台／１２ｈ）,２２年度（台／１２ｈ）
１０３４０東京都江戸川区大杉３丁目,－,一般国道１４号（京葉道路）,放１５,京葉道路,１１月７日（日）,曇,3102,9.8,-,1573,5.0,-,1.53,4,-,-,-,-,-,-,-,-,31580
,,,,,,,,,,,,,,,,,,,,,,,
観測地点,Ｈ１７区間番号,路線名,都市計画路線名,通称道路名,調査日,天候,時間・種別,７～８,８～９,９～１０,１０～１１,１１～１２,１２～１３,１３～１４,１４～１５,１５～１６,１６～１７,１７～１８,１８～１９,１２ｈ計,２４ｈ計,,
１０３４０東京都江戸川区大杉３丁目,－,一般国道１４号（京葉道路）,放１５,京葉道路,１１月７日（日）,曇,自動車類上り大型車,92,125,88,60,47,29,50,60,60,47,28,42,728,1293,,
１０３４０東京都江戸川区大杉３丁目,－,一般国道１４号（京葉道路）,放１５,京葉道路,１１月７日（日）,曇,自動車類上り小型車,547,895,1137,1250,1345,1492,1343,1400,1509,1400,1387,1365,15070,21850,,
１０３４０東京都江戸川区大杉３丁目,－,一般国道１４号（京葉道路）,放１５,京葉道路,１１月７日（日）,曇,自動車類上り計,639,1020,1225,1310,1392,1521,1393,1460,1569,1447,1415,1407,15798,23143,,
１０３４０東京都江戸川区大杉３丁目,－,一般国道１４号（京葉道路）,放１５,京葉道路,１１月７日（日）,曇,自動車類下り大型車,55,68,74,80,90,72,66,51,61,58,98,72,845,1407,,
１０３４０東京都江戸川区大杉３丁目,－,一般国道１４号（京葉道路）,放１５,京葉道路,１１月７日（日）,曇,自動車類下り小型車,703,790,952,1181,1178,1302,1348,1338,1431,1504,1589,1621,14937,23676,,
１０３４０東京都江戸川区大杉３丁目,－,一般国道１４号（京葉道路）,放１５,京葉道路,１１月７日（日）,曇,自動車類下り計,758,858,1026,1261,1268,1374,1414,1389,1492,1562,1687,1693,15782,25083,,
１０３４０東京都江戸川区大杉３丁目,－,一般国道１４号（京葉道路）,放１５,京葉道路,１１月７日（日）,曇,自動車類合計大型車,147,193,162,140,137,101,116,111,121,105,126,114,1573,2700,,
１０３４０東京都江戸川区大杉３丁目,－,一般国道１４号（京葉道路）,放１５,京葉道路,１１月７日（日）,曇,自動車類合計小型車,1250,1685,2089,2431,2523,2794,2691,2738,2940,2904,2976,2986,30007,45526,,
１０３４０東京都江戸川区大杉３丁目,－,一般国道１４号（京葉道路）,放１５,京葉道路,１１月７日（日）,曇,自動車類合計計,1397,1878,2251,2571,2660,2895,2807,2849,3061,3009,3102,3100,31580,48226,,
１０３４０東京都江戸川区大杉３丁目,－,一般国道１４号（京葉道路）,放１５,京葉道路,１１月７日（日）,曇,二輪車類,32,48,25,36,38,38,39,35,52,76,40,54,513,,,
１０３４０東京都江戸川区大杉３丁目,－,一般国道１４号（京葉道路）,放１５,京葉道路,１１月７日（日）,曇,自転車類,-,-,-,-,-,-,-,-,-,-,-,-,-,,,
１０３４０東京都江戸川区大杉３丁目,－,一般国道１４号（京葉道路）,放１５,京葉道路,１１月７日（日）,曇,歩行者類,-,-,-,-,-,-,-,-,-,-,-,-,-,,,
