﻿地点番号,地点名,交差道路名,調査年月,管轄警察署,流出方向,時間帯等,大型乗用,大型貨物,普通乗用,普通貨物,四輪計,二輪車
62,四面道,環八通り×青梅街道,R4/11,荻窪,A 井荻駅,7,23,70,794,439,1326,41
62,四面道,環八通り×青梅街道,R4/11,荻窪,A 井荻駅,8,39,98,861,578,1576,76
62,四面道,環八通り×青梅街道,R4/11,荻窪,A 井荻駅,9,30,112,843,622,1607,37
62,四面道,環八通り×青梅街道,R4/11,荻窪,A 井荻駅,10,27,118,759,646,1550,45
62,四面道,環八通り×青梅街道,R4/11,荻窪,A 井荻駅,11,15,120,691,714,1540,33
62,四面道,環八通り×青梅街道,R4/11,荻窪,A 井荻駅,12,21,92,428,586,1127,22
62,四面道,環八通り×青梅街道,R4/11,荻窪,A 井荻駅,13,21,81,476,613,1191,48
62,四面道,環八通り×青梅街道,R4/11,荻窪,A 井荻駅,14,28,78,707,679,1492,52
62,四面道,環八通り×青梅街道,R4/11,荻窪,A 井荻駅,15,28,95,905,637,1665,61
62,四面道,環八通り×青梅街道,R4/11,荻窪,A 井荻駅,16,27,108,900,741,1776,74
62,四面道,環八通り×青梅街道,R4/11,荻窪,A 井荻駅,17,21,89,925,631,1666,83
62,四面道,環八通り×青梅街道,R4/11,荻窪,A 井荻駅,18,27,48,770,498,1343,65
62,四面道,環八通り×青梅街道,R4/11,荻窪,A 井荻駅,12時間計,307,1109,9059,7384,17859,637
62,四面道,環八通り×青梅街道,R4/11,荻窪,B 田無,7,49,18,445,265,777,32
62,四面道,環八通り×青梅街道,R4/11,荻窪,B 田無,8,59,20,442,325,846,34
62,四面道,環八通り×青梅街道,R4/11,荻窪,B 田無,9,55,31,397,314,797,40
62,四面道,環八通り×青梅街道,R4/11,荻窪,B 田無,10,36,33,383,326,778,44
62,四面道,環八通り×青梅街道,R4/11,荻窪,B 田無,11,39,25,394,334,792,59
62,四面道,環八通り×青梅街道,R4/11,荻窪,B 田無,12,36,14,405,307,762,51
62,四面道,環八通り×青梅街道,R4/11,荻窪,B 田無,13,35,25,492,304,856,48
62,四面道,環八通り×青梅街道,R4/11,荻窪,B 田無,14,41,18,458,264,781,41
62,四面道,環八通り×青梅街道,R4/11,荻窪,B 田無,15,44,24,496,298,862,58
62,四面道,環八通り×青梅街道,R4/11,荻窪,B 田無,16,40,28,516,303,887,55
62,四面道,環八通り×青梅街道,R4/11,荻窪,B 田無,17,38,15,569,348,970,93
62,四面道,環八通り×青梅街道,R4/11,荻窪,B 田無,18,43,7,678,308,1036,90
62,四面道,環八通り×青梅街道,R4/11,荻窪,B 田無,12時間計,515,258,5675,3696,10144,645
62,四面道,環八通り×青梅街道,R4/11,荻窪,C 高井戸,7,4,78,567,658,1307,75
62,四面道,環八通り×青梅街道,R4/11,荻窪,C 高井戸,8,3,90,616,659,1368,74
62,四面道,環八通り×青梅街道,R4/11,荻窪,C 高井戸,9,4,108,590,565,1267,60
62,四面道,環八通り×青梅街道,R4/11,荻窪,C 高井戸,10,0,102,604,454,1160,46
62,四面道,環八通り×青梅街道,R4/11,荻窪,C 高井戸,11,0,109,580,435,1124,31
62,四面道,環八通り×青梅街道,R4/11,荻窪,C 高井戸,12,3,89,782,439,1313,42
62,四面道,環八通り×青梅街道,R4/11,荻窪,C 高井戸,13,1,93,617,493,1204,32
62,四面道,環八通り×青梅街道,R4/11,荻窪,C 高井戸,14,9,104,756,463,1332,38
62,四面道,環八通り×青梅街道,R4/11,荻窪,C 高井戸,15,2,76,581,420,1079,45
62,四面道,環八通り×青梅街道,R4/11,荻窪,C 高井戸,16,2,65,715,434,1216,44
62,四面道,環八通り×青梅街道,R4/11,荻窪,C 高井戸,17,2,67,931,350,1350,49
62,四面道,環八通り×青梅街道,R4/11,荻窪,C 高井戸,18,1,80,907,393,1381,69
62,四面道,環八通り×青梅街道,R4/11,荻窪,C 高井戸,12時間計,31,1061,8246,5763,15101,605
62,四面道,環八通り×青梅街道,R4/11,荻窪,D 新宿,7,84,31,503,507,1125,85
62,四面道,環八通り×青梅街道,R4/11,荻窪,D 新宿,8,100,14,562,552,1228,81
62,四面道,環八通り×青梅街道,R4/11,荻窪,D 新宿,9,55,18,534,538,1145,66
62,四面道,環八通り×青梅街道,R4/11,荻窪,D 新宿,10,56,21,530,360,967,84
62,四面道,環八通り×青梅街道,R4/11,荻窪,D 新宿,11,52,22,587,308,969,65
62,四面道,環八通り×青梅街道,R4/11,荻窪,D 新宿,12,53,18,527,286,884,69
62,四面道,環八通り×青梅街道,R4/11,荻窪,D 新宿,13,60,4,532,283,879,76
62,四面道,環八通り×青梅街道,R4/11,荻窪,D 新宿,14,46,4,555,307,912,69
62,四面道,環八通り×青梅街道,R4/11,荻窪,D 新宿,15,59,3,538,265,865,64
62,四面道,環八通り×青梅街道,R4/11,荻窪,D 新宿,16,59,4,580,231,874,67
62,四面道,環八通り×青梅街道,R4/11,荻窪,D 新宿,17,58,3,681,229,971,53
62,四面道,環八通り×青梅街道,R4/11,荻窪,D 新宿,18,56,2,545,134,737,57
62,四面道,環八通り×青梅街道,R4/11,荻窪,D 新宿,12時間計,738,144,6674,4000,11556,836
62,四面道,環八通り×青梅街道,R4/11,荻窪,全方向合計,7,160,197,2309,1869,4535,233
62,四面道,環八通り×青梅街道,R4/11,荻窪,全方向合計,8,201,222,2481,2114,5018,265
62,四面道,環八通り×青梅街道,R4/11,荻窪,全方向合計,9,144,269,2364,2039,4816,203
62,四面道,環八通り×青梅街道,R4/11,荻窪,全方向合計,10,119,274,2276,1786,4455,219
62,四面道,環八通り×青梅街道,R4/11,荻窪,全方向合計,11,106,276,2252,1791,4425,188
62,四面道,環八通り×青梅街道,R4/11,荻窪,全方向合計,12,113,213,2142,1618,4086,184
62,四面道,環八通り×青梅街道,R4/11,荻窪,全方向合計,13,117,203,2117,1693,4130,204
62,四面道,環八通り×青梅街道,R4/11,荻窪,全方向合計,14,124,204,2476,1713,4517,200
62,四面道,環八通り×青梅街道,R4/11,荻窪,全方向合計,15,133,198,2520,1620,4471,228
62,四面道,環八通り×青梅街道,R4/11,荻窪,全方向合計,16,128,205,2711,1709,4753,240
62,四面道,環八通り×青梅街道,R4/11,荻窪,全方向合計,17,119,174,3106,1558,4957,278
62,四面道,環八通り×青梅街道,R4/11,荻窪,全方向合計,18,127,137,2900,1333,4497,281
62,四面道,環八通り×青梅街道,R4/11,荻窪,全方向合計,12時間計,1591,2572,29654,20843,54660,2723
