﻿地点番号,地点名,交差道路名,調査年月,管轄警察署,流入方向,流出方向,時間帯等,大型乗用,大型貨物,普通乗用,普通貨物,四輪計,二輪車
62,四面道,環八通り×青梅街道,R4/11,荻窪,A 井荻駅,1.新宿,7,25,4,84,76,189,15
62,四面道,環八通り×青梅街道,R4/11,荻窪,A 井荻駅,1.新宿,8,30,1,110,132,273,13
62,四面道,環八通り×青梅街道,R4/11,荻窪,A 井荻駅,1.新宿,9,21,3,90,117,231,11
62,四面道,環八通り×青梅街道,R4/11,荻窪,A 井荻駅,1.新宿,10,17,3,97,69,186,18
62,四面道,環八通り×青梅街道,R4/11,荻窪,A 井荻駅,1.新宿,11,19,4,91,57,171,14
62,四面道,環八通り×青梅街道,R4/11,荻窪,A 井荻駅,1.新宿,12,16,3,81,47,147,15
62,四面道,環八通り×青梅街道,R4/11,荻窪,A 井荻駅,1.新宿,13,18,1,95,53,167,15
62,四面道,環八通り×青梅街道,R4/11,荻窪,A 井荻駅,1.新宿,14,21,0,114,53,188,7
62,四面道,環八通り×青梅街道,R4/11,荻窪,A 井荻駅,1.新宿,15,15,0,100,53,168,8
62,四面道,環八通り×青梅街道,R4/11,荻窪,A 井荻駅,1.新宿,16,21,0,112,48,181,19
62,四面道,環八通り×青梅街道,R4/11,荻窪,A 井荻駅,1.新宿,17,22,0,138,46,206,15
62,四面道,環八通り×青梅街道,R4/11,荻窪,A 井荻駅,1.新宿,18,19,2,107,29,157,11
62,四面道,環八通り×青梅街道,R4/11,荻窪,A 井荻駅,1.新宿,12時間計,244,21,1219,780,2264,161
62,四面道,環八通り×青梅街道,R4/11,荻窪,A 井荻駅,2.高井戸,7,0,0,1,3,4,3
62,四面道,環八通り×青梅街道,R4/11,荻窪,A 井荻駅,2.高井戸,8,0,0,1,4,5,1
62,四面道,環八通り×青梅街道,R4/11,荻窪,A 井荻駅,2.高井戸,9,0,0,5,5,10,7
62,四面道,環八通り×青梅街道,R4/11,荻窪,A 井荻駅,2.高井戸,10,0,0,10,7,17,9
62,四面道,環八通り×青梅街道,R4/11,荻窪,A 井荻駅,2.高井戸,11,0,0,8,4,12,1
62,四面道,環八通り×青梅街道,R4/11,荻窪,A 井荻駅,2.高井戸,12,0,1,5,4,10,4
62,四面道,環八通り×青梅街道,R4/11,荻窪,A 井荻駅,2.高井戸,13,0,0,5,5,10,2
62,四面道,環八通り×青梅街道,R4/11,荻窪,A 井荻駅,2.高井戸,14,0,0,3,6,9,2
62,四面道,環八通り×青梅街道,R4/11,荻窪,A 井荻駅,2.高井戸,15,0,0,4,4,8,3
62,四面道,環八通り×青梅街道,R4/11,荻窪,A 井荻駅,2.高井戸,16,0,0,3,2,5,1
62,四面道,環八通り×青梅街道,R4/11,荻窪,A 井荻駅,2.高井戸,17,0,0,5,3,8,3
62,四面道,環八通り×青梅街道,R4/11,荻窪,A 井荻駅,2.高井戸,18,0,0,7,0,7,4
62,四面道,環八通り×青梅街道,R4/11,荻窪,A 井荻駅,2.高井戸,12時間計,0,1,57,47,105,40
62,四面道,環八通り×青梅街道,R4/11,荻窪,A 井荻駅,3.田無,7,0,2,66,72,140,9
62,四面道,環八通り×青梅街道,R4/11,荻窪,A 井荻駅,3.田無,8,0,2,53,56,111,7
62,四面道,環八通り×青梅街道,R4/11,荻窪,A 井荻駅,3.田無,9,0,3,59,52,114,3
62,四面道,環八通り×青梅街道,R4/11,荻窪,A 井荻駅,3.田無,10,0,5,43,61,109,8
62,四面道,環八通り×青梅街道,R4/11,荻窪,A 井荻駅,3.田無,11,0,7,50,64,121,10
62,四面道,環八通り×青梅街道,R4/11,荻窪,A 井荻駅,3.田無,12,0,3,42,45,90,11
62,四面道,環八通り×青梅街道,R4/11,荻窪,A 井荻駅,3.田無,13,0,3,51,47,101,3
62,四面道,環八通り×青梅街道,R4/11,荻窪,A 井荻駅,3.田無,14,0,4,49,33,86,4
62,四面道,環八通り×青梅街道,R4/11,荻窪,A 井荻駅,3.田無,15,4,4,50,32,90,8
62,四面道,環八通り×青梅街道,R4/11,荻窪,A 井荻駅,3.田無,16,0,0,52,34,86,4
62,四面道,環八通り×青梅街道,R4/11,荻窪,A 井荻駅,3.田無,17,0,2,60,44,106,12
62,四面道,環八通り×青梅街道,R4/11,荻窪,A 井荻駅,3.田無,18,0,2,64,23,89,12
62,四面道,環八通り×青梅街道,R4/11,荻窪,A 井荻駅,3.田無,12時間計,4,37,639,563,1243,91
62,四面道,環八通り×青梅街道,R4/11,荻窪,A 井荻駅,4.高井戸,7,4,75,508,608,1195,54
62,四面道,環八通り×青梅街道,R4/11,荻窪,A 井荻駅,4.高井戸,8,3,88,543,588,1222,69
62,四面道,環八通り×青梅街道,R4/11,荻窪,A 井荻駅,4.高井戸,9,2,104,486,483,1075,47
62,四面道,環八通り×青梅街道,R4/11,荻窪,A 井荻駅,4.高井戸,10,0,97,515,383,995,34
62,四面道,環八通り×青梅街道,R4/11,荻窪,A 井荻駅,4.高井戸,11,0,106,477,351,934,20
62,四面道,環八通り×青梅街道,R4/11,荻窪,A 井荻駅,4.高井戸,12,2,83,676,360,1121,28
62,四面道,環八通り×青梅街道,R4/11,荻窪,A 井荻駅,4.高井戸,13,1,87,502,396,986,23
62,四面道,環八通り×青梅街道,R4/11,荻窪,A 井荻駅,4.高井戸,14,9,99,631,368,1107,29
62,四面道,環八通り×青梅街道,R4/11,荻窪,A 井荻駅,4.高井戸,15,1,76,435,322,834,33
62,四面道,環八通り×青梅街道,R4/11,荻窪,A 井荻駅,4.高井戸,16,0,63,558,352,973,35
62,四面道,環八通り×青梅街道,R4/11,荻窪,A 井荻駅,4.高井戸,17,2,66,797,278,1143,42
62,四面道,環八通り×青梅街道,R4/11,荻窪,A 井荻駅,4.高井戸,18,1,80,794,347,1222,60
62,四面道,環八通り×青梅街道,R4/11,荻窪,A 井荻駅,4.高井戸,12時間計,25,1024,6922,4836,12807,474
62,四面道,環八通り×青梅街道,R4/11,荻窪,A 井荻駅,流入計,7,29,81,659,759,1528,81
62,四面道,環八通り×青梅街道,R4/11,荻窪,A 井荻駅,流入計,8,33,91,707,780,1611,90
62,四面道,環八通り×青梅街道,R4/11,荻窪,A 井荻駅,流入計,9,23,110,640,657,1430,68
62,四面道,環八通り×青梅街道,R4/11,荻窪,A 井荻駅,流入計,10,17,105,665,520,1307,69
62,四面道,環八通り×青梅街道,R4/11,荻窪,A 井荻駅,流入計,11,19,117,626,476,1238,45
62,四面道,環八通り×青梅街道,R4/11,荻窪,A 井荻駅,流入計,12,18,90,804,456,1368,58
62,四面道,環八通り×青梅街道,R4/11,荻窪,A 井荻駅,流入計,13,19,91,653,501,1264,43
62,四面道,環八通り×青梅街道,R4/11,荻窪,A 井荻駅,流入計,14,30,103,797,460,1390,42
62,四面道,環八通り×青梅街道,R4/11,荻窪,A 井荻駅,流入計,15,20,80,589,411,1100,52
62,四面道,環八通り×青梅街道,R4/11,荻窪,A 井荻駅,流入計,16,21,63,725,436,1245,59
62,四面道,環八通り×青梅街道,R4/11,荻窪,A 井荻駅,流入計,17,24,68,1000,371,1463,72
62,四面道,環八通り×青梅街道,R4/11,荻窪,A 井荻駅,流入計,18,20,84,972,399,1475,87
62,四面道,環八通り×青梅街道,R4/11,荻窪,A 井荻駅,流入計,12時間計,273,1083,8837,6226,16419,766
62,四面道,環八通り×青梅街道,R4/11,荻窪,B 田無,5.井荻駅,7,1,8,26,24,59,3
62,四面道,環八通り×青梅街道,R4/11,荻窪,B 田無,5.井荻駅,8,3,3,34,33,73,2
62,四面道,環八通り×青梅街道,R4/11,荻窪,B 田無,5.井荻駅,9,0,6,33,42,81,1
62,四面道,環八通り×青梅街道,R4/11,荻窪,B 田無,5.井荻駅,10,0,5,37,44,86,2
62,四面道,環八通り×青梅街道,R4/11,荻窪,B 田無,5.井荻駅,11,0,3,43,36,82,2
62,四面道,環八通り×青梅街道,R4/11,荻窪,B 田無,5.井荻駅,12,0,8,31,32,71,4
62,四面道,環八通り×青梅街道,R4/11,荻窪,B 田無,5.井荻駅,13,0,2,36,52,90,3
62,四面道,環八通り×青梅街道,R4/11,荻窪,B 田無,5.井荻駅,14,0,5,41,60,106,5
62,四面道,環八通り×青梅街道,R4/11,荻窪,B 田無,5.井荻駅,15,1,5,49,52,107,8
62,四面道,環八通り×青梅街道,R4/11,荻窪,B 田無,5.井荻駅,16,0,8,47,55,110,6
62,四面道,環八通り×青梅街道,R4/11,荻窪,B 田無,5.井荻駅,17,1,0,30,39,70,2
62,四面道,環八通り×青梅街道,R4/11,荻窪,B 田無,5.井荻駅,18,1,5,41,24,71,3
62,四面道,環八通り×青梅街道,R4/11,荻窪,B 田無,5.井荻駅,12時間計,7,58,448,493,1006,41
62,四面道,環八通り×青梅街道,R4/11,荻窪,B 田無,6.新宿,7,57,25,352,373,807,62
62,四面道,環八通り×青梅街道,R4/11,荻窪,B 田無,6.新宿,8,69,13,373,338,793,65
62,四面道,環八通り×青梅街道,R4/11,荻窪,B 田無,6.新宿,9,34,15,396,336,781,50
62,四面道,環八通り×青梅街道,R4/11,荻窪,B 田無,6.新宿,10,38,17,387,232,674,55
62,四面道,環八通り×青梅街道,R4/11,荻窪,B 田無,6.新宿,11,32,17,443,201,693,43
62,四面道,環八通り×青梅街道,R4/11,荻窪,B 田無,6.新宿,12,37,15,394,193,639,43
62,四面道,環八通り×青梅街道,R4/11,荻窪,B 田無,6.新宿,13,42,3,377,172,594,54
62,四面道,環八通り×青梅街道,R4/11,荻窪,B 田無,6.新宿,14,25,4,363,195,587,50
62,四面道,環八通り×青梅街道,R4/11,荻窪,B 田無,6.新宿,15,44,3,375,167,589,41
62,四面道,環八通り×青梅街道,R4/11,荻窪,B 田無,6.新宿,16,35,4,402,160,601,38
62,四面道,環八通り×青梅街道,R4/11,荻窪,B 田無,6.新宿,17,35,3,464,160,662,30
62,四面道,環八通り×青梅街道,R4/11,荻窪,B 田無,6.新宿,18,37,0,381,88,506,34
62,四面道,環八通り×青梅街道,R4/11,荻窪,B 田無,6.新宿,12時間計,485,119,4707,2615,7926,565
62,四面道,環八通り×青梅街道,R4/11,荻窪,B 田無,7.高井戸,7,0,3,51,35,89,11
62,四面道,環八通り×青梅街道,R4/11,荻窪,B 田無,7.高井戸,8,0,2,53,44,99,0
62,四面道,環八通り×青梅街道,R4/11,荻窪,B 田無,7.高井戸,9,2,4,71,54,131,4
62,四面道,環八通り×青梅街道,R4/11,荻窪,B 田無,7.高井戸,10,0,4,54,44,102,1
62,四面道,環八通り×青梅街道,R4/11,荻窪,B 田無,7.高井戸,11,0,3,65,51,119,5
62,四面道,環八通り×青梅街道,R4/11,荻窪,B 田無,7.高井戸,12,1,5,72,59,137,5
62,四面道,環八通り×青梅街道,R4/11,荻窪,B 田無,7.高井戸,13,0,5,78,59,142,4
62,四面道,環八通り×青梅街道,R4/11,荻窪,B 田無,7.高井戸,14,0,3,89,56,148,1
62,四面道,環八通り×青梅街道,R4/11,荻窪,B 田無,7.高井戸,15,0,0,98,65,163,2
62,四面道,環八通り×青梅街道,R4/11,荻窪,B 田無,7.高井戸,16,1,2,95,51,149,0
62,四面道,環八通り×青梅街道,R4/11,荻窪,B 田無,7.高井戸,17,0,1,91,54,146,2
62,四面道,環八通り×青梅街道,R4/11,荻窪,B 田無,7.高井戸,18,0,0,76,36,112,2
62,四面道,環八通り×青梅街道,R4/11,荻窪,B 田無,7.高井戸,12時間計,4,32,893,608,1537,37
62,四面道,環八通り×青梅街道,R4/11,荻窪,B 田無,流入計,7,58,36,429,432,955,76
62,四面道,環八通り×青梅街道,R4/11,荻窪,B 田無,流入計,8,72,18,460,415,965,67
62,四面道,環八通り×青梅街道,R4/11,荻窪,B 田無,流入計,9,36,25,500,432,993,55
62,四面道,環八通り×青梅街道,R4/11,荻窪,B 田無,流入計,10,38,26,478,320,862,58
62,四面道,環八通り×青梅街道,R4/11,荻窪,B 田無,流入計,11,32,23,551,288,894,50
62,四面道,環八通り×青梅街道,R4/11,荻窪,B 田無,流入計,12,38,28,497,284,847,52
62,四面道,環八通り×青梅街道,R4/11,荻窪,B 田無,流入計,13,42,10,491,283,826,61
62,四面道,環八通り×青梅街道,R4/11,荻窪,B 田無,流入計,14,25,12,493,311,841,56
62,四面道,環八通り×青梅街道,R4/11,荻窪,B 田無,流入計,15,45,8,522,284,859,51
62,四面道,環八通り×青梅街道,R4/11,荻窪,B 田無,流入計,16,36,14,544,266,860,44
62,四面道,環八通り×青梅街道,R4/11,荻窪,B 田無,流入計,17,36,4,585,253,878,34
62,四面道,環八通り×青梅街道,R4/11,荻窪,B 田無,流入計,18,38,5,498,148,689,39
62,四面道,環八通り×青梅街道,R4/11,荻窪,B 田無,流入計,12時間計,496,209,6048,3716,10469,643
62,四面道,環八通り×青梅街道,R4/11,荻窪,C 高井戸,8.田無,7,0,4,99,66,169,3
62,四面道,環八通り×青梅街道,R4/11,荻窪,C 高井戸,8.田無,8,1,4,101,78,184,7
62,四面道,環八通り×青梅街道,R4/11,荻窪,C 高井戸,8.田無,9,2,12,98,72,184,6
62,四面道,環八通り×青梅街道,R4/11,荻窪,C 高井戸,8.田無,10,1,8,91,64,164,5
62,四面道,環八通り×青梅街道,R4/11,荻窪,C 高井戸,8.田無,11,4,6,86,84,180,8
62,四面道,環八通り×青梅街道,R4/11,荻窪,C 高井戸,8.田無,12,0,4,103,72,179,3
62,四面道,環八通り×青梅街道,R4/11,荻窪,C 高井戸,8.田無,13,0,7,120,78,205,11
62,四面道,環八通り×青梅街道,R4/11,荻窪,C 高井戸,8.田無,14,2,3,100,66,171,6
62,四面道,環八通り×青梅街道,R4/11,荻窪,C 高井戸,8.田無,15,2,7,104,60,173,4
62,四面道,環八通り×青梅街道,R4/11,荻窪,C 高井戸,8.田無,16,0,9,102,47,158,3
62,四面道,環八通り×青梅街道,R4/11,荻窪,C 高井戸,8.田無,17,2,2,105,47,156,12
62,四面道,環八通り×青梅街道,R4/11,荻窪,C 高井戸,8.田無,18,3,1,115,49,168,12
62,四面道,環八通り×青梅街道,R4/11,荻窪,C 高井戸,8.田無,12時間計,17,67,1224,783,2091,80
62,四面道,環八通り×青梅街道,R4/11,荻窪,C 高井戸,9.井荻駅,7,0,0,19,6,25,6
62,四面道,環八通り×青梅街道,R4/11,荻窪,C 高井戸,9.井荻駅,8,0,2,15,16,33,9
62,四面道,環八通り×青梅街道,R4/11,荻窪,C 高井戸,9.井荻駅,9,0,0,8,9,17,5
62,四面道,環八通り×青梅街道,R4/11,荻窪,C 高井戸,9.井荻駅,10,0,0,12,8,20,1
62,四面道,環八通り×青梅街道,R4/11,荻窪,C 高井戸,9.井荻駅,11,1,0,13,9,23,1
62,四面道,環八通り×青梅街道,R4/11,荻窪,C 高井戸,9.井荻駅,12,0,0,10,10,20,3
62,四面道,環八通り×青梅街道,R4/11,荻窪,C 高井戸,9.井荻駅,13,0,0,7,7,14,4
62,四面道,環八通り×青梅街道,R4/11,荻窪,C 高井戸,9.井荻駅,14,0,1,6,13,20,5
62,四面道,環八通り×青梅街道,R4/11,荻窪,C 高井戸,9.井荻駅,15,0,0,5,13,18,8
62,四面道,環八通り×青梅街道,R4/11,荻窪,C 高井戸,9.井荻駅,16,0,1,12,18,31,7
62,四面道,環八通り×青梅街道,R4/11,荻窪,C 高井戸,9.井荻駅,17,0,0,24,21,45,7
62,四面道,環八通り×青梅街道,R4/11,荻窪,C 高井戸,9.井荻駅,18,0,1,28,12,41,16
62,四面道,環八通り×青梅街道,R4/11,荻窪,C 高井戸,9.井荻駅,12時間計,1,5,159,142,307,72
62,四面道,環八通り×青梅街道,R4/11,荻窪,C 高井戸,10.新宿,7,2,2,67,58,129,8
62,四面道,環八通り×青梅街道,R4/11,荻窪,C 高井戸,10.新宿,8,1,0,79,82,162,3
62,四面道,環八通り×青梅街道,R4/11,荻窪,C 高井戸,10.新宿,9,0,0,48,85,133,5
62,四面道,環八通り×青梅街道,R4/11,荻窪,C 高井戸,10.新宿,10,1,1,46,59,107,11
62,四面道,環八通り×青梅街道,R4/11,荻窪,C 高井戸,10.新宿,11,1,1,53,50,105,8
62,四面道,環八通り×青梅街道,R4/11,荻窪,C 高井戸,10.新宿,12,0,0,52,46,98,11
62,四面道,環八通り×青梅街道,R4/11,荻窪,C 高井戸,10.新宿,13,0,0,60,58,118,7
62,四面道,環八通り×青梅街道,R4/11,荻窪,C 高井戸,10.新宿,14,0,0,78,59,137,12
62,四面道,環八通り×青梅街道,R4/11,荻窪,C 高井戸,10.新宿,15,0,0,63,45,108,15
62,四面道,環八通り×青梅街道,R4/11,荻窪,C 高井戸,10.新宿,16,3,0,66,23,92,10
62,四面道,環八通り×青梅街道,R4/11,荻窪,C 高井戸,10.新宿,17,1,0,79,23,103,8
62,四面道,環八通り×青梅街道,R4/11,荻窪,C 高井戸,10.新宿,18,0,0,57,17,74,12
62,四面道,環八通り×青梅街道,R4/11,荻窪,C 高井戸,10.新宿,12時間計,9,4,748,605,1366,110
62,四面道,環八通り×青梅街道,R4/11,荻窪,C 高井戸,11.井荻駅,7,0,57,678,384,1119,19
62,四面道,環八通り×青梅街道,R4/11,荻窪,C 高井戸,11.井荻駅,8,4,85,738,486,1313,55
62,四面道,環八通り×青梅街道,R4/11,荻窪,C 高井戸,11.井荻駅,9,9,98,764,514,1385,28
62,四面道,環八通り×青梅街道,R4/11,荻窪,C 高井戸,11.井荻駅,10,6,108,662,553,1329,36
62,四面道,環八通り×青梅街道,R4/11,荻窪,C 高井戸,11.井荻駅,11,1,115,583,625,1324,22
62,四面道,環八通り×青梅街道,R4/11,荻窪,C 高井戸,11.井荻駅,12,2,80,327,499,908,13
62,四面道,環八通り×青梅街道,R4/11,荻窪,C 高井戸,11.井荻駅,13,2,78,377,510,967,34
62,四面道,環八通り×青梅街道,R4/11,荻窪,C 高井戸,11.井荻駅,14,9,69,603,550,1231,32
62,四面道,環八通り×青梅街道,R4/11,荻窪,C 高井戸,11.井荻駅,15,10,88,787,514,1399,38
62,四面道,環八通り×青梅街道,R4/11,荻窪,C 高井戸,11.井荻駅,16,6,99,784,615,1504,55
62,四面道,環八通り×青梅街道,R4/11,荻窪,C 高井戸,11.井荻駅,17,3,88,788,527,1406,69
62,四面道,環八通り×青梅街道,R4/11,荻窪,C 高井戸,11.井荻駅,18,5,40,651,428,1124,35
62,四面道,環八通り×青梅街道,R4/11,荻窪,C 高井戸,11.井荻駅,12時間計,57,1005,7742,6205,15009,436
62,四面道,環八通り×青梅街道,R4/11,荻窪,C 高井戸,流入計,7,2,63,863,514,1442,36
62,四面道,環八通り×青梅街道,R4/11,荻窪,C 高井戸,流入計,8,6,91,933,662,1692,74
62,四面道,環八通り×青梅街道,R4/11,荻窪,C 高井戸,流入計,9,11,110,918,680,1719,44
62,四面道,環八通り×青梅街道,R4/11,荻窪,C 高井戸,流入計,10,8,117,811,684,1620,53
62,四面道,環八通り×青梅街道,R4/11,荻窪,C 高井戸,流入計,11,7,122,735,768,1632,39
62,四面道,環八通り×青梅街道,R4/11,荻窪,C 高井戸,流入計,12,2,84,492,627,1205,30
62,四面道,環八通り×青梅街道,R4/11,荻窪,C 高井戸,流入計,13,2,85,564,653,1304,56
62,四面道,環八通り×青梅街道,R4/11,荻窪,C 高井戸,流入計,14,11,73,787,688,1559,55
62,四面道,環八通り×青梅街道,R4/11,荻窪,C 高井戸,流入計,15,12,95,959,632,1698,65
62,四面道,環八通り×青梅街道,R4/11,荻窪,C 高井戸,流入計,16,9,109,964,703,1785,75
62,四面道,環八通り×青梅街道,R4/11,荻窪,C 高井戸,流入計,17,6,90,996,618,1710,96
62,四面道,環八通り×青梅街道,R4/11,荻窪,C 高井戸,流入計,18,8,42,851,506,1407,75
62,四面道,環八通り×青梅街道,R4/11,荻窪,C 高井戸,流入計,12時間計,84,1081,9873,7735,18773,698
62,四面道,環八通り×青梅街道,R4/11,荻窪,D 新宿,12.高井戸,7,0,0,7,12,19,7
62,四面道,環八通り×青梅街道,R4/11,荻窪,D 新宿,12.高井戸,8,0,0,19,23,42,4
62,四面道,環八通り×青梅街道,R4/11,荻窪,D 新宿,12.高井戸,9,0,0,28,23,51,2
62,四面道,環八通り×青梅街道,R4/11,荻窪,D 新宿,12.高井戸,10,0,1,25,20,46,2
62,四面道,環八通り×青梅街道,R4/11,荻窪,D 新宿,12.高井戸,11,0,0,30,29,59,5
62,四面道,環八通り×青梅街道,R4/11,荻窪,D 新宿,12.高井戸,12,0,0,29,16,45,5
62,四面道,環八通り×青梅街道,R4/11,荻窪,D 新宿,12.高井戸,13,0,1,32,33,66,3
62,四面道,環八通り×青梅街道,R4/11,荻窪,D 新宿,12.高井戸,14,0,2,33,33,68,6
62,四面道,環八通り×青梅街道,R4/11,荻窪,D 新宿,12.高井戸,15,1,0,44,29,74,7
62,四面道,環八通り×青梅街道,R4/11,荻窪,D 新宿,12.高井戸,16,1,0,59,29,89,8
62,四面道,環八通り×青梅街道,R4/11,荻窪,D 新宿,12.高井戸,17,0,0,38,15,53,2
62,四面道,環八通り×青梅街道,R4/11,荻窪,D 新宿,12.高井戸,18,0,0,30,10,40,3
62,四面道,環八通り×青梅街道,R4/11,荻窪,D 新宿,12.高井戸,12時間計,2,4,374,272,652,54
62,四面道,環八通り×青梅街道,R4/11,荻窪,D 新宿,13.田無,7,49,12,280,127,468,20
62,四面道,環八通り×青梅街道,R4/11,荻窪,D 新宿,13.田無,8,58,14,288,191,551,20
62,四面道,環八通り×青梅街道,R4/11,荻窪,D 新宿,13.田無,9,53,16,240,190,499,31
62,四面道,環八通り×青梅街道,R4/11,荻窪,D 新宿,13.田無,10,35,20,249,201,505,31
62,四面道,環八通り×青梅街道,R4/11,荻窪,D 新宿,13.田無,11,35,12,258,186,491,41
62,四面道,環八通り×青梅街道,R4/11,荻窪,D 新宿,13.田無,12,36,7,260,190,493,37
62,四面道,環八通り×青梅街道,R4/11,荻窪,D 新宿,13.田無,13,35,15,321,179,550,34
62,四面道,環八通り×青梅街道,R4/11,荻窪,D 新宿,13.田無,14,39,11,309,165,524,31
62,四面道,環八通り×青梅街道,R4/11,荻窪,D 新宿,13.田無,15,38,13,342,206,599,46
62,四面道,環八通り×青梅街道,R4/11,荻窪,D 新宿,13.田無,16,40,19,362,222,643,48
62,四面道,環八通り×青梅街道,R4/11,荻窪,D 新宿,13.田無,17,36,11,404,257,708,69
62,四面道,環八通り×青梅街道,R4/11,荻窪,D 新宿,13.田無,18,40,4,499,236,779,66
62,四面道,環八通り×青梅街道,R4/11,荻窪,D 新宿,13.田無,12時間計,494,154,3812,2350,6810,474
62,四面道,環八通り×青梅街道,R4/11,荻窪,D 新宿,14.井荻駅,7,22,5,71,25,123,13
62,四面道,環八通り×青梅街道,R4/11,荻窪,D 新宿,14.井荻駅,8,32,8,74,43,157,10
62,四面道,環八通り×青梅街道,R4/11,荻窪,D 新宿,14.井荻駅,9,21,8,38,57,124,3
62,四面道,環八通り×青梅街道,R4/11,荻窪,D 新宿,14.井荻駅,10,21,5,48,41,115,6
62,四面道,環八通り×青梅街道,R4/11,荻窪,D 新宿,14.井荻駅,11,13,2,52,44,111,8
62,四面道,環八通り×青梅街道,R4/11,荻窪,D 新宿,14.井荻駅,12,19,4,60,45,128,2
62,四面道,環八通り×青梅街道,R4/11,荻窪,D 新宿,14.井荻駅,13,19,1,56,44,120,7
62,四面道,環八通り×青梅街道,R4/11,荻窪,D 新宿,14.井荻駅,14,19,3,57,56,135,10
62,四面道,環八通り×青梅街道,R4/11,荻窪,D 新宿,14.井荻駅,15,17,2,64,58,141,7
62,四面道,環八通り×青梅街道,R4/11,荻窪,D 新宿,14.井荻駅,16,21,0,57,53,131,6
62,四面道,環八通り×青梅街道,R4/11,荻窪,D 新宿,14.井荻駅,17,17,1,83,44,145,5
62,四面道,環八通り×青梅街道,R4/11,荻窪,D 新宿,14.井荻駅,18,21,2,50,34,107,11
62,四面道,環八通り×青梅街道,R4/11,荻窪,D 新宿,14.井荻駅,12時間計,242,41,710,544,1537,88
62,四面道,環八通り×青梅街道,R4/11,荻窪,D 新宿,流入計,7,71,17,358,164,610,40
62,四面道,環八通り×青梅街道,R4/11,荻窪,D 新宿,流入計,8,90,22,381,257,750,34
62,四面道,環八通り×青梅街道,R4/11,荻窪,D 新宿,流入計,9,74,24,306,270,674,36
62,四面道,環八通り×青梅街道,R4/11,荻窪,D 新宿,流入計,10,56,26,322,262,666,39
62,四面道,環八通り×青梅街道,R4/11,荻窪,D 新宿,流入計,11,48,14,340,259,661,54
62,四面道,環八通り×青梅街道,R4/11,荻窪,D 新宿,流入計,12,55,11,349,251,666,44
62,四面道,環八通り×青梅街道,R4/11,荻窪,D 新宿,流入計,13,54,17,409,256,736,44
62,四面道,環八通り×青梅街道,R4/11,荻窪,D 新宿,流入計,14,58,16,399,254,727,47
62,四面道,環八通り×青梅街道,R4/11,荻窪,D 新宿,流入計,15,56,15,450,293,814,60
62,四面道,環八通り×青梅街道,R4/11,荻窪,D 新宿,流入計,16,62,19,478,304,863,62
62,四面道,環八通り×青梅街道,R4/11,荻窪,D 新宿,流入計,17,53,12,525,316,906,76
62,四面道,環八通り×青梅街道,R4/11,荻窪,D 新宿,流入計,18,61,6,579,280,926,80
62,四面道,環八通り×青梅街道,R4/11,荻窪,D 新宿,流入計,12時間計,738,199,4896,3166,8999,616
