﻿地点番号,地点名,交差道路名,調査年月,管轄警察署,流出方向,時間帯等,大型乗用,大型貨物,普通乗用,普通貨物,四輪計,二輪車
304,浅草橋,靖国通り×江戸通り,R4/11,久松,A 蔵前,7,10,5,297,106,418,33
304,浅草橋,靖国通り×江戸通り,R4/11,久松,A 蔵前,8,19,5,336,192,552,18
304,浅草橋,靖国通り×江戸通り,R4/11,久松,A 蔵前,9,16,7,337,205,565,28
304,浅草橋,靖国通り×江戸通り,R4/11,久松,A 蔵前,10,12,10,368,234,624,24
304,浅草橋,靖国通り×江戸通り,R4/11,久松,A 蔵前,11,7,11,434,236,688,28
304,浅草橋,靖国通り×江戸通り,R4/11,久松,A 蔵前,12,19,11,455,222,707,21
304,浅草橋,靖国通り×江戸通り,R4/11,久松,A 蔵前,13,13,11,503,251,778,32
304,浅草橋,靖国通り×江戸通り,R4/11,久松,A 蔵前,14,12,10,441,279,742,29
304,浅草橋,靖国通り×江戸通り,R4/11,久松,A 蔵前,15,10,15,454,244,723,34
304,浅草橋,靖国通り×江戸通り,R4/11,久松,A 蔵前,16,11,9,551,201,772,36
304,浅草橋,靖国通り×江戸通り,R4/11,久松,A 蔵前,17,8,3,547,169,727,43
304,浅草橋,靖国通り×江戸通り,R4/11,久松,A 蔵前,18,21,3,491,1054,1569,62
304,浅草橋,靖国通り×江戸通り,R4/11,久松,A 蔵前,12時間計,158,100,5214,3393,8865,388
304,浅草橋,靖国通り×江戸通り,R4/11,久松,B 岩本町,7,12,22,764,241,1039,81
304,浅草橋,靖国通り×江戸通り,R4/11,久松,B 岩本町,8,11,17,658,538,1224,101
304,浅草橋,靖国通り×江戸通り,R4/11,久松,B 岩本町,9,11,27,656,542,1236,66
304,浅草橋,靖国通り×江戸通り,R4/11,久松,B 岩本町,10,10,19,788,485,1302,52
304,浅草橋,靖国通り×江戸通り,R4/11,久松,B 岩本町,11,5,21,725,455,1206,64
304,浅草橋,靖国通り×江戸通り,R4/11,久松,B 岩本町,12,3,33,700,351,1087,72
304,浅草橋,靖国通り×江戸通り,R4/11,久松,B 岩本町,13,5,20,669,414,1108,57
304,浅草橋,靖国通り×江戸通り,R4/11,久松,B 岩本町,14,5,16,641,401,1063,65
304,浅草橋,靖国通り×江戸通り,R4/11,久松,B 岩本町,15,7,14,656,348,1025,48
304,浅草橋,靖国通り×江戸通り,R4/11,久松,B 岩本町,16,6,9,623,347,985,40
304,浅草橋,靖国通り×江戸通り,R4/11,久松,B 岩本町,17,7,15,595,319,936,63
304,浅草橋,靖国通り×江戸通り,R4/11,久松,B 岩本町,18,6,12,538,221,777,51
304,浅草橋,靖国通り×江戸通り,R4/11,久松,B 岩本町,12時間計,88,225,8013,4662,12988,760
304,浅草橋,靖国通り×江戸通り,R4/11,久松,C 小伝馬町,7,22,9,450,328,809,60
304,浅草橋,靖国通り×江戸通り,R4/11,久松,C 小伝馬町,8,15,17,723,345,1100,37
304,浅草橋,靖国通り×江戸通り,R4/11,久松,C 小伝馬町,9,8,8,518,266,800,42
304,浅草橋,靖国通り×江戸通り,R4/11,久松,C 小伝馬町,10,14,9,516,270,809,28
304,浅草橋,靖国通り×江戸通り,R4/11,久松,C 小伝馬町,11,7,10,613,220,850,27
304,浅草橋,靖国通り×江戸通り,R4/11,久松,C 小伝馬町,12,8,11,514,176,709,29
304,浅草橋,靖国通り×江戸通り,R4/11,久松,C 小伝馬町,13,13,8,564,187,772,20
304,浅草橋,靖国通り×江戸通り,R4/11,久松,C 小伝馬町,14,20,10,558,213,801,25
304,浅草橋,靖国通り×江戸通り,R4/11,久松,C 小伝馬町,15,18,6,567,179,770,22
304,浅草橋,靖国通り×江戸通り,R4/11,久松,C 小伝馬町,16,7,6,707,153,873,26
304,浅草橋,靖国通り×江戸通り,R4/11,久松,C 小伝馬町,17,13,3,558,154,728,27
304,浅草橋,靖国通り×江戸通り,R4/11,久松,C 小伝馬町,18,8,4,410,57,479,35
304,浅草橋,靖国通り×江戸通り,R4/11,久松,C 小伝馬町,12時間計,153,101,6698,2548,9500,378
304,浅草橋,靖国通り×江戸通り,R4/11,久松,D 両国橋,7,3,8,438,259,708,66
304,浅草橋,靖国通り×江戸通り,R4/11,久松,D 両国橋,8,9,22,548,282,861,36
304,浅草橋,靖国通り×江戸通り,R4/11,久松,D 両国橋,9,7,21,596,359,983,44
304,浅草橋,靖国通り×江戸通り,R4/11,久松,D 両国橋,10,3,29,429,443,904,38
304,浅草橋,靖国通り×江戸通り,R4/11,久松,D 両国橋,11,8,28,510,402,948,54
304,浅草橋,靖国通り×江戸通り,R4/11,久松,D 両国橋,12,4,22,477,397,900,50
304,浅草橋,靖国通り×江戸通り,R4/11,久松,D 両国橋,13,1,22,524,364,911,36
304,浅草橋,靖国通り×江戸通り,R4/11,久松,D 両国橋,14,1,17,651,357,1026,39
304,浅草橋,靖国通り×江戸通り,R4/11,久松,D 両国橋,15,2,19,623,353,997,51
304,浅草橋,靖国通り×江戸通り,R4/11,久松,D 両国橋,16,4,15,486,427,932,56
304,浅草橋,靖国通り×江戸通り,R4/11,久松,D 両国橋,17,4,6,555,442,1007,118
304,浅草橋,靖国通り×江戸通り,R4/11,久松,D 両国橋,18,2,6,1689,275,1972,94
304,浅草橋,靖国通り×江戸通り,R4/11,久松,D 両国橋,12時間計,48,215,7526,4360,12149,682
304,浅草橋,靖国通り×江戸通り,R4/11,久松,全方向合計,7,47,44,1949,934,2974,240
304,浅草橋,靖国通り×江戸通り,R4/11,久松,全方向合計,8,54,61,2265,1357,3737,192
304,浅草橋,靖国通り×江戸通り,R4/11,久松,全方向合計,9,42,63,2107,1372,3584,180
304,浅草橋,靖国通り×江戸通り,R4/11,久松,全方向合計,10,39,67,2101,1432,3639,142
304,浅草橋,靖国通り×江戸通り,R4/11,久松,全方向合計,11,27,70,2282,1313,3692,173
304,浅草橋,靖国通り×江戸通り,R4/11,久松,全方向合計,12,34,77,2146,1146,3403,172
304,浅草橋,靖国通り×江戸通り,R4/11,久松,全方向合計,13,32,61,2260,1216,3569,145
304,浅草橋,靖国通り×江戸通り,R4/11,久松,全方向合計,14,38,53,2291,1250,3632,158
304,浅草橋,靖国通り×江戸通り,R4/11,久松,全方向合計,15,37,54,2300,1124,3515,155
304,浅草橋,靖国通り×江戸通り,R4/11,久松,全方向合計,16,28,39,2367,1128,3562,158
304,浅草橋,靖国通り×江戸通り,R4/11,久松,全方向合計,17,32,27,2255,1084,3398,251
304,浅草橋,靖国通り×江戸通り,R4/11,久松,全方向合計,18,37,25,3128,1607,4797,242
304,浅草橋,靖国通り×江戸通り,R4/11,久松,全方向合計,12時間計,447,641,27451,14963,43502,2208
