﻿地点番号,地点名,交差道路名,調査年月,管轄警察署,流入方向,流出方向,時間帯等,車道通行自転車,歩道通行自転車,自転車計
315,北参道,明治通り×四谷角筈線,R4/11,原宿,A 新宿,1外苑,7,4,-,-
315,北参道,明治通り×四谷角筈線,R4/11,原宿,A 新宿,1外苑,8,7,-,-
315,北参道,明治通り×四谷角筈線,R4/11,原宿,A 新宿,1外苑,9,8,-,-
315,北参道,明治通り×四谷角筈線,R4/11,原宿,A 新宿,1外苑,10,5,-,-
315,北参道,明治通り×四谷角筈線,R4/11,原宿,A 新宿,1外苑,11,8,-,-
315,北参道,明治通り×四谷角筈線,R4/11,原宿,A 新宿,1外苑,12,5,-,-
315,北参道,明治通り×四谷角筈線,R4/11,原宿,A 新宿,1外苑,13,9,-,-
315,北参道,明治通り×四谷角筈線,R4/11,原宿,A 新宿,1外苑,14,5,-,-
315,北参道,明治通り×四谷角筈線,R4/11,原宿,A 新宿,1外苑,15,5,-,-
315,北参道,明治通り×四谷角筈線,R4/11,原宿,A 新宿,1外苑,16,4,-,-
315,北参道,明治通り×四谷角筈線,R4/11,原宿,A 新宿,1外苑,17,2,-,-
315,北参道,明治通り×四谷角筈線,R4/11,原宿,A 新宿,1外苑,18,9,-,-
315,北参道,明治通り×四谷角筈線,R4/11,原宿,A 新宿,1外苑,12時間計,71,-,-
315,北参道,明治通り×四谷角筈線,R4/11,原宿,A 新宿,2渋谷,7,24,-,-
315,北参道,明治通り×四谷角筈線,R4/11,原宿,A 新宿,2渋谷,8,35,-,-
315,北参道,明治通り×四谷角筈線,R4/11,原宿,A 新宿,2渋谷,9,44,-,-
315,北参道,明治通り×四谷角筈線,R4/11,原宿,A 新宿,2渋谷,10,20,-,-
315,北参道,明治通り×四谷角筈線,R4/11,原宿,A 新宿,2渋谷,11,21,-,-
315,北参道,明治通り×四谷角筈線,R4/11,原宿,A 新宿,2渋谷,12,52,-,-
315,北参道,明治通り×四谷角筈線,R4/11,原宿,A 新宿,2渋谷,13,33,-,-
315,北参道,明治通り×四谷角筈線,R4/11,原宿,A 新宿,2渋谷,14,23,-,-
315,北参道,明治通り×四谷角筈線,R4/11,原宿,A 新宿,2渋谷,15,30,-,-
315,北参道,明治通り×四谷角筈線,R4/11,原宿,A 新宿,2渋谷,16,41,-,-
315,北参道,明治通り×四谷角筈線,R4/11,原宿,A 新宿,2渋谷,17,27,-,-
315,北参道,明治通り×四谷角筈線,R4/11,原宿,A 新宿,2渋谷,18,38,-,-
315,北参道,明治通り×四谷角筈線,R4/11,原宿,A 新宿,2渋谷,12時間計,388,-,-
315,北参道,明治通り×四谷角筈線,R4/11,原宿,A 新宿,3明治神宮,7,0,-,-
315,北参道,明治通り×四谷角筈線,R4/11,原宿,A 新宿,3明治神宮,8,0,-,-
315,北参道,明治通り×四谷角筈線,R4/11,原宿,A 新宿,3明治神宮,9,0,-,-
315,北参道,明治通り×四谷角筈線,R4/11,原宿,A 新宿,3明治神宮,10,0,-,-
315,北参道,明治通り×四谷角筈線,R4/11,原宿,A 新宿,3明治神宮,11,0,-,-
315,北参道,明治通り×四谷角筈線,R4/11,原宿,A 新宿,3明治神宮,12,0,-,-
315,北参道,明治通り×四谷角筈線,R4/11,原宿,A 新宿,3明治神宮,13,0,-,-
315,北参道,明治通り×四谷角筈線,R4/11,原宿,A 新宿,3明治神宮,14,0,-,-
315,北参道,明治通り×四谷角筈線,R4/11,原宿,A 新宿,3明治神宮,15,0,-,-
315,北参道,明治通り×四谷角筈線,R4/11,原宿,A 新宿,3明治神宮,16,0,-,-
315,北参道,明治通り×四谷角筈線,R4/11,原宿,A 新宿,3明治神宮,17,0,-,-
315,北参道,明治通り×四谷角筈線,R4/11,原宿,A 新宿,3明治神宮,18,0,-,-
315,北参道,明治通り×四谷角筈線,R4/11,原宿,A 新宿,3明治神宮,12時間計,0,-,-
315,北参道,明治通り×四谷角筈線,R4/11,原宿,A 新宿,流入計,7,28,19,47
315,北参道,明治通り×四谷角筈線,R4/11,原宿,A 新宿,流入計,8,42,26,68
315,北参道,明治通り×四谷角筈線,R4/11,原宿,A 新宿,流入計,9,52,30,82
315,北参道,明治通り×四谷角筈線,R4/11,原宿,A 新宿,流入計,10,25,55,80
315,北参道,明治通り×四谷角筈線,R4/11,原宿,A 新宿,流入計,11,29,43,72
315,北参道,明治通り×四谷角筈線,R4/11,原宿,A 新宿,流入計,12,57,37,94
315,北参道,明治通り×四谷角筈線,R4/11,原宿,A 新宿,流入計,13,42,50,92
315,北参道,明治通り×四谷角筈線,R4/11,原宿,A 新宿,流入計,14,28,36,64
315,北参道,明治通り×四谷角筈線,R4/11,原宿,A 新宿,流入計,15,35,42,77
315,北参道,明治通り×四谷角筈線,R4/11,原宿,A 新宿,流入計,16,45,38,83
315,北参道,明治通り×四谷角筈線,R4/11,原宿,A 新宿,流入計,17,29,53,82
315,北参道,明治通り×四谷角筈線,R4/11,原宿,A 新宿,流入計,18,47,33,80
315,北参道,明治通り×四谷角筈線,R4/11,原宿,A 新宿,流入計,12時間計,459,462,921
315,北参道,明治通り×四谷角筈線,R4/11,原宿,B 明治神宮,4新宿,7,1,-,-
315,北参道,明治通り×四谷角筈線,R4/11,原宿,B 明治神宮,4新宿,8,2,-,-
315,北参道,明治通り×四谷角筈線,R4/11,原宿,B 明治神宮,4新宿,9,2,-,-
315,北参道,明治通り×四谷角筈線,R4/11,原宿,B 明治神宮,4新宿,10,0,-,-
315,北参道,明治通り×四谷角筈線,R4/11,原宿,B 明治神宮,4新宿,11,1,-,-
315,北参道,明治通り×四谷角筈線,R4/11,原宿,B 明治神宮,4新宿,12,2,-,-
315,北参道,明治通り×四谷角筈線,R4/11,原宿,B 明治神宮,4新宿,13,7,-,-
315,北参道,明治通り×四谷角筈線,R4/11,原宿,B 明治神宮,4新宿,14,6,-,-
315,北参道,明治通り×四谷角筈線,R4/11,原宿,B 明治神宮,4新宿,15,4,-,-
315,北参道,明治通り×四谷角筈線,R4/11,原宿,B 明治神宮,4新宿,16,1,-,-
315,北参道,明治通り×四谷角筈線,R4/11,原宿,B 明治神宮,4新宿,17,0,-,-
315,北参道,明治通り×四谷角筈線,R4/11,原宿,B 明治神宮,4新宿,18,7,-,-
315,北参道,明治通り×四谷角筈線,R4/11,原宿,B 明治神宮,4新宿,12時間計,33,-,-
315,北参道,明治通り×四谷角筈線,R4/11,原宿,B 明治神宮,5外苑,7,27,-,-
315,北参道,明治通り×四谷角筈線,R4/11,原宿,B 明治神宮,5外苑,8,43,-,-
315,北参道,明治通り×四谷角筈線,R4/11,原宿,B 明治神宮,5外苑,9,39,-,-
315,北参道,明治通り×四谷角筈線,R4/11,原宿,B 明治神宮,5外苑,10,24,-,-
315,北参道,明治通り×四谷角筈線,R4/11,原宿,B 明治神宮,5外苑,11,17,-,-
315,北参道,明治通り×四谷角筈線,R4/11,原宿,B 明治神宮,5外苑,12,9,-,-
315,北参道,明治通り×四谷角筈線,R4/11,原宿,B 明治神宮,5外苑,13,3,-,-
315,北参道,明治通り×四谷角筈線,R4/11,原宿,B 明治神宮,5外苑,14,9,-,-
315,北参道,明治通り×四谷角筈線,R4/11,原宿,B 明治神宮,5外苑,15,8,-,-
315,北参道,明治通り×四谷角筈線,R4/11,原宿,B 明治神宮,5外苑,16,5,-,-
315,北参道,明治通り×四谷角筈線,R4/11,原宿,B 明治神宮,5外苑,17,11,-,-
315,北参道,明治通り×四谷角筈線,R4/11,原宿,B 明治神宮,5外苑,18,6,-,-
315,北参道,明治通り×四谷角筈線,R4/11,原宿,B 明治神宮,5外苑,12時間計,201,-,-
315,北参道,明治通り×四谷角筈線,R4/11,原宿,B 明治神宮,6渋谷,7,0,-,-
315,北参道,明治通り×四谷角筈線,R4/11,原宿,B 明治神宮,6渋谷,8,1,-,-
315,北参道,明治通り×四谷角筈線,R4/11,原宿,B 明治神宮,6渋谷,9,0,-,-
315,北参道,明治通り×四谷角筈線,R4/11,原宿,B 明治神宮,6渋谷,10,0,-,-
315,北参道,明治通り×四谷角筈線,R4/11,原宿,B 明治神宮,6渋谷,11,0,-,-
315,北参道,明治通り×四谷角筈線,R4/11,原宿,B 明治神宮,6渋谷,12,2,-,-
315,北参道,明治通り×四谷角筈線,R4/11,原宿,B 明治神宮,6渋谷,13,1,-,-
315,北参道,明治通り×四谷角筈線,R4/11,原宿,B 明治神宮,6渋谷,14,0,-,-
315,北参道,明治通り×四谷角筈線,R4/11,原宿,B 明治神宮,6渋谷,15,0,-,-
315,北参道,明治通り×四谷角筈線,R4/11,原宿,B 明治神宮,6渋谷,16,1,-,-
315,北参道,明治通り×四谷角筈線,R4/11,原宿,B 明治神宮,6渋谷,17,0,-,-
315,北参道,明治通り×四谷角筈線,R4/11,原宿,B 明治神宮,6渋谷,18,0,-,-
315,北参道,明治通り×四谷角筈線,R4/11,原宿,B 明治神宮,6渋谷,12時間計,5,-,-
315,北参道,明治通り×四谷角筈線,R4/11,原宿,B 明治神宮,流入計,7,28,33,61
315,北参道,明治通り×四谷角筈線,R4/11,原宿,B 明治神宮,流入計,8,46,48,94
315,北参道,明治通り×四谷角筈線,R4/11,原宿,B 明治神宮,流入計,9,41,85,126
315,北参道,明治通り×四谷角筈線,R4/11,原宿,B 明治神宮,流入計,10,24,60,84
315,北参道,明治通り×四谷角筈線,R4/11,原宿,B 明治神宮,流入計,11,18,34,52
315,北参道,明治通り×四谷角筈線,R4/11,原宿,B 明治神宮,流入計,12,13,38,51
315,北参道,明治通り×四谷角筈線,R4/11,原宿,B 明治神宮,流入計,13,11,40,51
315,北参道,明治通り×四谷角筈線,R4/11,原宿,B 明治神宮,流入計,14,15,35,50
315,北参道,明治通り×四谷角筈線,R4/11,原宿,B 明治神宮,流入計,15,12,40,52
315,北参道,明治通り×四谷角筈線,R4/11,原宿,B 明治神宮,流入計,16,7,43,50
315,北参道,明治通り×四谷角筈線,R4/11,原宿,B 明治神宮,流入計,17,11,37,48
315,北参道,明治通り×四谷角筈線,R4/11,原宿,B 明治神宮,流入計,18,13,35,48
315,北参道,明治通り×四谷角筈線,R4/11,原宿,B 明治神宮,流入計,12時間計,239,528,767
315,北参道,明治通り×四谷角筈線,R4/11,原宿,C 渋谷,7明治神宮,7,1,-,-
315,北参道,明治通り×四谷角筈線,R4/11,原宿,C 渋谷,7明治神宮,8,0,-,-
315,北参道,明治通り×四谷角筈線,R4/11,原宿,C 渋谷,7明治神宮,9,2,-,-
315,北参道,明治通り×四谷角筈線,R4/11,原宿,C 渋谷,7明治神宮,10,1,-,-
315,北参道,明治通り×四谷角筈線,R4/11,原宿,C 渋谷,7明治神宮,11,1,-,-
315,北参道,明治通り×四谷角筈線,R4/11,原宿,C 渋谷,7明治神宮,12,3,-,-
315,北参道,明治通り×四谷角筈線,R4/11,原宿,C 渋谷,7明治神宮,13,1,-,-
315,北参道,明治通り×四谷角筈線,R4/11,原宿,C 渋谷,7明治神宮,14,0,-,-
315,北参道,明治通り×四谷角筈線,R4/11,原宿,C 渋谷,7明治神宮,15,3,-,-
315,北参道,明治通り×四谷角筈線,R4/11,原宿,C 渋谷,7明治神宮,16,0,-,-
315,北参道,明治通り×四谷角筈線,R4/11,原宿,C 渋谷,7明治神宮,17,1,-,-
315,北参道,明治通り×四谷角筈線,R4/11,原宿,C 渋谷,7明治神宮,18,3,-,-
315,北参道,明治通り×四谷角筈線,R4/11,原宿,C 渋谷,7明治神宮,12時間計,16,-,-
315,北参道,明治通り×四谷角筈線,R4/11,原宿,C 渋谷,8新宿,7,11,-,-
315,北参道,明治通り×四谷角筈線,R4/11,原宿,C 渋谷,8新宿,8,42,-,-
315,北参道,明治通り×四谷角筈線,R4/11,原宿,C 渋谷,8新宿,9,26,-,-
315,北参道,明治通り×四谷角筈線,R4/11,原宿,C 渋谷,8新宿,10,26,-,-
315,北参道,明治通り×四谷角筈線,R4/11,原宿,C 渋谷,8新宿,11,31,-,-
315,北参道,明治通り×四谷角筈線,R4/11,原宿,C 渋谷,8新宿,12,47,-,-
315,北参道,明治通り×四谷角筈線,R4/11,原宿,C 渋谷,8新宿,13,42,-,-
315,北参道,明治通り×四谷角筈線,R4/11,原宿,C 渋谷,8新宿,14,41,-,-
315,北参道,明治通り×四谷角筈線,R4/11,原宿,C 渋谷,8新宿,15,36,-,-
315,北参道,明治通り×四谷角筈線,R4/11,原宿,C 渋谷,8新宿,16,48,-,-
315,北参道,明治通り×四谷角筈線,R4/11,原宿,C 渋谷,8新宿,17,47,-,-
315,北参道,明治通り×四谷角筈線,R4/11,原宿,C 渋谷,8新宿,18,51,-,-
315,北参道,明治通り×四谷角筈線,R4/11,原宿,C 渋谷,8新宿,12時間計,448,-,-
315,北参道,明治通り×四谷角筈線,R4/11,原宿,C 渋谷,9外苑,7,0,-,-
315,北参道,明治通り×四谷角筈線,R4/11,原宿,C 渋谷,9外苑,8,0,-,-
315,北参道,明治通り×四谷角筈線,R4/11,原宿,C 渋谷,9外苑,9,0,-,-
315,北参道,明治通り×四谷角筈線,R4/11,原宿,C 渋谷,9外苑,10,0,-,-
315,北参道,明治通り×四谷角筈線,R4/11,原宿,C 渋谷,9外苑,11,0,-,-
315,北参道,明治通り×四谷角筈線,R4/11,原宿,C 渋谷,9外苑,12,0,-,-
315,北参道,明治通り×四谷角筈線,R4/11,原宿,C 渋谷,9外苑,13,0,-,-
315,北参道,明治通り×四谷角筈線,R4/11,原宿,C 渋谷,9外苑,14,0,-,-
315,北参道,明治通り×四谷角筈線,R4/11,原宿,C 渋谷,9外苑,15,0,-,-
315,北参道,明治通り×四谷角筈線,R4/11,原宿,C 渋谷,9外苑,16,0,-,-
315,北参道,明治通り×四谷角筈線,R4/11,原宿,C 渋谷,9外苑,17,0,-,-
315,北参道,明治通り×四谷角筈線,R4/11,原宿,C 渋谷,9外苑,18,0,-,-
315,北参道,明治通り×四谷角筈線,R4/11,原宿,C 渋谷,9外苑,12時間計,0,-,-
315,北参道,明治通り×四谷角筈線,R4/11,原宿,C 渋谷,流入計,7,12,13,25
315,北参道,明治通り×四谷角筈線,R4/11,原宿,C 渋谷,流入計,8,42,39,81
315,北参道,明治通り×四谷角筈線,R4/11,原宿,C 渋谷,流入計,9,28,49,77
315,北参道,明治通り×四谷角筈線,R4/11,原宿,C 渋谷,流入計,10,27,35,62
315,北参道,明治通り×四谷角筈線,R4/11,原宿,C 渋谷,流入計,11,32,50,82
315,北参道,明治通り×四谷角筈線,R4/11,原宿,C 渋谷,流入計,12,50,50,100
315,北参道,明治通り×四谷角筈線,R4/11,原宿,C 渋谷,流入計,13,43,50,93
315,北参道,明治通り×四谷角筈線,R4/11,原宿,C 渋谷,流入計,14,41,57,98
315,北参道,明治通り×四谷角筈線,R4/11,原宿,C 渋谷,流入計,15,39,34,73
315,北参道,明治通り×四谷角筈線,R4/11,原宿,C 渋谷,流入計,16,48,72,120
315,北参道,明治通り×四谷角筈線,R4/11,原宿,C 渋谷,流入計,17,48,49,97
315,北参道,明治通り×四谷角筈線,R4/11,原宿,C 渋谷,流入計,18,54,54,108
315,北参道,明治通り×四谷角筈線,R4/11,原宿,C 渋谷,流入計,12時間計,464,552,1016
315,北参道,明治通り×四谷角筈線,R4/11,原宿,D 外苑,10渋谷,7,0,-,-
315,北参道,明治通り×四谷角筈線,R4/11,原宿,D 外苑,10渋谷,8,2,-,-
315,北参道,明治通り×四谷角筈線,R4/11,原宿,D 外苑,10渋谷,9,2,-,-
315,北参道,明治通り×四谷角筈線,R4/11,原宿,D 外苑,10渋谷,10,0,-,-
315,北参道,明治通り×四谷角筈線,R4/11,原宿,D 外苑,10渋谷,11,0,-,-
315,北参道,明治通り×四谷角筈線,R4/11,原宿,D 外苑,10渋谷,12,2,-,-
315,北参道,明治通り×四谷角筈線,R4/11,原宿,D 外苑,10渋谷,13,0,-,-
315,北参道,明治通り×四谷角筈線,R4/11,原宿,D 外苑,10渋谷,14,0,-,-
315,北参道,明治通り×四谷角筈線,R4/11,原宿,D 外苑,10渋谷,15,0,-,-
315,北参道,明治通り×四谷角筈線,R4/11,原宿,D 外苑,10渋谷,16,1,-,-
315,北参道,明治通り×四谷角筈線,R4/11,原宿,D 外苑,10渋谷,17,0,-,-
315,北参道,明治通り×四谷角筈線,R4/11,原宿,D 外苑,10渋谷,18,1,-,-
315,北参道,明治通り×四谷角筈線,R4/11,原宿,D 外苑,10渋谷,12時間計,8,-,-
315,北参道,明治通り×四谷角筈線,R4/11,原宿,D 外苑,11明治神宮,7,9,-,-
315,北参道,明治通り×四谷角筈線,R4/11,原宿,D 外苑,11明治神宮,8,10,-,-
315,北参道,明治通り×四谷角筈線,R4/11,原宿,D 外苑,11明治神宮,9,5,-,-
315,北参道,明治通り×四谷角筈線,R4/11,原宿,D 外苑,11明治神宮,10,3,-,-
315,北参道,明治通り×四谷角筈線,R4/11,原宿,D 外苑,11明治神宮,11,2,-,-
315,北参道,明治通り×四谷角筈線,R4/11,原宿,D 外苑,11明治神宮,12,2,-,-
315,北参道,明治通り×四谷角筈線,R4/11,原宿,D 外苑,11明治神宮,13,0,-,-
315,北参道,明治通り×四谷角筈線,R4/11,原宿,D 外苑,11明治神宮,14,5,-,-
315,北参道,明治通り×四谷角筈線,R4/11,原宿,D 外苑,11明治神宮,15,4,-,-
315,北参道,明治通り×四谷角筈線,R4/11,原宿,D 外苑,11明治神宮,16,2,-,-
315,北参道,明治通り×四谷角筈線,R4/11,原宿,D 外苑,11明治神宮,17,16,-,-
315,北参道,明治通り×四谷角筈線,R4/11,原宿,D 外苑,11明治神宮,18,27,-,-
315,北参道,明治通り×四谷角筈線,R4/11,原宿,D 外苑,11明治神宮,12時間計,85,-,-
315,北参道,明治通り×四谷角筈線,R4/11,原宿,D 外苑,12新宿,7,0,-,-
315,北参道,明治通り×四谷角筈線,R4/11,原宿,D 外苑,12新宿,8,1,-,-
315,北参道,明治通り×四谷角筈線,R4/11,原宿,D 外苑,12新宿,9,0,-,-
315,北参道,明治通り×四谷角筈線,R4/11,原宿,D 外苑,12新宿,10,0,-,-
315,北参道,明治通り×四谷角筈線,R4/11,原宿,D 外苑,12新宿,11,0,-,-
315,北参道,明治通り×四谷角筈線,R4/11,原宿,D 外苑,12新宿,12,0,-,-
315,北参道,明治通り×四谷角筈線,R4/11,原宿,D 外苑,12新宿,13,0,-,-
315,北参道,明治通り×四谷角筈線,R4/11,原宿,D 外苑,12新宿,14,0,-,-
315,北参道,明治通り×四谷角筈線,R4/11,原宿,D 外苑,12新宿,15,0,-,-
315,北参道,明治通り×四谷角筈線,R4/11,原宿,D 外苑,12新宿,16,0,-,-
315,北参道,明治通り×四谷角筈線,R4/11,原宿,D 外苑,12新宿,17,0,-,-
315,北参道,明治通り×四谷角筈線,R4/11,原宿,D 外苑,12新宿,18,0,-,-
315,北参道,明治通り×四谷角筈線,R4/11,原宿,D 外苑,12新宿,12時間計,1,-,-
315,北参道,明治通り×四谷角筈線,R4/11,原宿,D 外苑,流入計,7,9,7,16
315,北参道,明治通り×四谷角筈線,R4/11,原宿,D 外苑,流入計,8,13,30,43
315,北参道,明治通り×四谷角筈線,R4/11,原宿,D 外苑,流入計,9,7,25,32
315,北参道,明治通り×四谷角筈線,R4/11,原宿,D 外苑,流入計,10,3,22,25
315,北参道,明治通り×四谷角筈線,R4/11,原宿,D 外苑,流入計,11,2,21,23
315,北参道,明治通り×四谷角筈線,R4/11,原宿,D 外苑,流入計,12,4,20,24
315,北参道,明治通り×四谷角筈線,R4/11,原宿,D 外苑,流入計,13,0,29,29
315,北参道,明治通り×四谷角筈線,R4/11,原宿,D 外苑,流入計,14,5,31,36
315,北参道,明治通り×四谷角筈線,R4/11,原宿,D 外苑,流入計,15,4,29,33
315,北参道,明治通り×四谷角筈線,R4/11,原宿,D 外苑,流入計,16,3,32,35
315,北参道,明治通り×四谷角筈線,R4/11,原宿,D 外苑,流入計,17,16,32,48
315,北参道,明治通り×四谷角筈線,R4/11,原宿,D 外苑,流入計,18,28,31,59
315,北参道,明治通り×四谷角筈線,R4/11,原宿,D 外苑,流入計,12時間計,94,309,403
315,北参道,明治通り×四谷角筈線,R4/11,原宿,全方向計,全方向計,7,77,72,149
315,北参道,明治通り×四谷角筈線,R4/11,原宿,全方向計,全方向計,8,143,143,286
315,北参道,明治通り×四谷角筈線,R4/11,原宿,全方向計,全方向計,9,128,189,317
315,北参道,明治通り×四谷角筈線,R4/11,原宿,全方向計,全方向計,10,79,172,251
315,北参道,明治通り×四谷角筈線,R4/11,原宿,全方向計,全方向計,11,81,148,229
315,北参道,明治通り×四谷角筈線,R4/11,原宿,全方向計,全方向計,12,124,145,269
315,北参道,明治通り×四谷角筈線,R4/11,原宿,全方向計,全方向計,13,96,169,265
315,北参道,明治通り×四谷角筈線,R4/11,原宿,全方向計,全方向計,14,89,159,248
315,北参道,明治通り×四谷角筈線,R4/11,原宿,全方向計,全方向計,15,90,145,235
315,北参道,明治通り×四谷角筈線,R4/11,原宿,全方向計,全方向計,16,103,185,288
315,北参道,明治通り×四谷角筈線,R4/11,原宿,全方向計,全方向計,17,104,171,275
315,北参道,明治通り×四谷角筈線,R4/11,原宿,全方向計,全方向計,18,142,153,295
315,北参道,明治通り×四谷角筈線,R4/11,原宿,全方向計,全方向計,12時間計,1256,1851,3107
