﻿地点番号,地点名,交差道路名,調査年月,管轄警察署,流出方向,時間帯等,大型乗用,大型貨物,普通乗用,普通貨物,四輪計,二輪車
315,北参道,明治通り×四谷角筈線,R4/11,原宿,A 新宿,7,7,1,205,227,440,25
315,北参道,明治通り×四谷角筈線,R4/11,原宿,A 新宿,8,6,4,215,234,459,40
315,北参道,明治通り×四谷角筈線,R4/11,原宿,A 新宿,9,5,2,212,204,423,30
315,北参道,明治通り×四谷角筈線,R4/11,原宿,A 新宿,10,5,8,343,242,598,40
315,北参道,明治通り×四谷角筈線,R4/11,原宿,A 新宿,11,9,5,331,169,514,25
315,北参道,明治通り×四谷角筈線,R4/11,原宿,A 新宿,12,7,6,383,187,583,45
315,北参道,明治通り×四谷角筈線,R4/11,原宿,A 新宿,13,5,5,381,175,566,47
315,北参道,明治通り×四谷角筈線,R4/11,原宿,A 新宿,14,9,5,323,149,486,51
315,北参道,明治通り×四谷角筈線,R4/11,原宿,A 新宿,15,4,2,328,150,484,41
315,北参道,明治通り×四谷角筈線,R4/11,原宿,A 新宿,16,5,4,410,163,582,58
315,北参道,明治通り×四谷角筈線,R4/11,原宿,A 新宿,17,7,1,398,136,542,59
315,北参道,明治通り×四谷角筈線,R4/11,原宿,A 新宿,18,5,1,483,115,604,53
315,北参道,明治通り×四谷角筈線,R4/11,原宿,A 新宿,12時間計,74,44,4012,2151,6281,514
315,北参道,明治通り×四谷角筈線,R4/11,原宿,B 明治神宮,7,1,0,130,89,220,12
315,北参道,明治通り×四谷角筈線,R4/11,原宿,B 明治神宮,8,9,1,205,119,334,16
315,北参道,明治通り×四谷角筈線,R4/11,原宿,B 明治神宮,9,6,0,260,148,414,20
315,北参道,明治通り×四谷角筈線,R4/11,原宿,B 明治神宮,10,5,1,309,168,483,26
315,北参道,明治通り×四谷角筈線,R4/11,原宿,B 明治神宮,11,5,1,339,184,529,32
315,北参道,明治通り×四谷角筈線,R4/11,原宿,B 明治神宮,12,2,0,359,158,519,27
315,北参道,明治通り×四谷角筈線,R4/11,原宿,B 明治神宮,13,6,2,341,152,501,34
315,北参道,明治通り×四谷角筈線,R4/11,原宿,B 明治神宮,14,6,1,340,172,519,38
315,北参道,明治通り×四谷角筈線,R4/11,原宿,B 明治神宮,15,5,2,388,147,542,40
315,北参道,明治通り×四谷角筈線,R4/11,原宿,B 明治神宮,16,9,0,422,152,583,41
315,北参道,明治通り×四谷角筈線,R4/11,原宿,B 明治神宮,17,10,0,456,170,636,34
315,北参道,明治通り×四谷角筈線,R4/11,原宿,B 明治神宮,18,4,0,524,96,624,42
315,北参道,明治通り×四谷角筈線,R4/11,原宿,B 明治神宮,12時間計,68,8,4073,1755,5904,362
315,北参道,明治通り×四谷角筈線,R4/11,原宿,C 渋谷,7,14,5,284,375,678,52
315,北参道,明治通り×四谷角筈線,R4/11,原宿,C 渋谷,8,8,8,326,348,690,55
315,北参道,明治通り×四谷角筈線,R4/11,原宿,C 渋谷,9,10,7,444,320,781,59
315,北参道,明治通り×四谷角筈線,R4/11,原宿,C 渋谷,10,8,4,418,273,703,55
315,北参道,明治通り×四谷角筈線,R4/11,原宿,C 渋谷,11,7,6,499,242,754,54
315,北参道,明治通り×四谷角筈線,R4/11,原宿,C 渋谷,12,4,5,570,219,798,56
315,北参道,明治通り×四谷角筈線,R4/11,原宿,C 渋谷,13,5,5,511,191,712,57
315,北参道,明治通り×四谷角筈線,R4/11,原宿,C 渋谷,14,9,4,490,210,713,44
315,北参道,明治通り×四谷角筈線,R4/11,原宿,C 渋谷,15,7,3,606,191,807,75
315,北参道,明治通り×四谷角筈線,R4/11,原宿,C 渋谷,16,6,5,624,161,796,69
315,北参道,明治通り×四谷角筈線,R4/11,原宿,C 渋谷,17,4,1,634,104,743,49
315,北参道,明治通り×四谷角筈線,R4/11,原宿,C 渋谷,18,7,1,611,65,684,54
315,北参道,明治通り×四谷角筈線,R4/11,原宿,C 渋谷,12時間計,89,54,6017,2699,8859,679
315,北参道,明治通り×四谷角筈線,R4/11,原宿,D 外苑,7,0,0,162,85,247,22
315,北参道,明治通り×四谷角筈線,R4/11,原宿,D 外苑,8,4,1,188,108,301,21
315,北参道,明治通り×四谷角筈線,R4/11,原宿,D 外苑,9,4,0,251,131,386,35
315,北参道,明治通り×四谷角筈線,R4/11,原宿,D 外苑,10,5,3,240,137,385,23
315,北参道,明治通り×四谷角筈線,R4/11,原宿,D 外苑,11,5,1,244,108,358,17
315,北参道,明治通り×四谷角筈線,R4/11,原宿,D 外苑,12,4,0,222,79,305,22
315,北参道,明治通り×四谷角筈線,R4/11,原宿,D 外苑,13,3,1,200,96,300,13
315,北参道,明治通り×四谷角筈線,R4/11,原宿,D 外苑,14,3,1,231,88,323,18
315,北参道,明治通り×四谷角筈線,R4/11,原宿,D 外苑,15,4,1,228,101,334,15
315,北参道,明治通り×四谷角筈線,R4/11,原宿,D 外苑,16,5,0,242,64,311,9
315,北参道,明治通り×四谷角筈線,R4/11,原宿,D 外苑,17,3,2,255,71,331,16
315,北参道,明治通り×四谷角筈線,R4/11,原宿,D 外苑,18,3,1,160,42,206,19
315,北参道,明治通り×四谷角筈線,R4/11,原宿,D 外苑,12時間計,43,11,2623,1110,3787,230
315,北参道,明治通り×四谷角筈線,R4/11,原宿,全方向合計,7,22,6,781,776,1585,111
315,北参道,明治通り×四谷角筈線,R4/11,原宿,全方向合計,8,27,14,934,809,1784,132
315,北参道,明治通り×四谷角筈線,R4/11,原宿,全方向合計,9,25,9,1167,803,2004,144
315,北参道,明治通り×四谷角筈線,R4/11,原宿,全方向合計,10,23,16,1310,820,2169,144
315,北参道,明治通り×四谷角筈線,R4/11,原宿,全方向合計,11,26,13,1413,703,2155,128
315,北参道,明治通り×四谷角筈線,R4/11,原宿,全方向合計,12,17,11,1534,643,2205,150
315,北参道,明治通り×四谷角筈線,R4/11,原宿,全方向合計,13,19,13,1433,614,2079,151
315,北参道,明治通り×四谷角筈線,R4/11,原宿,全方向合計,14,27,11,1384,619,2041,151
315,北参道,明治通り×四谷角筈線,R4/11,原宿,全方向合計,15,20,8,1550,589,2167,171
315,北参道,明治通り×四谷角筈線,R4/11,原宿,全方向合計,16,25,9,1698,540,2272,177
315,北参道,明治通り×四谷角筈線,R4/11,原宿,全方向合計,17,24,4,1743,481,2252,158
315,北参道,明治通り×四谷角筈線,R4/11,原宿,全方向合計,18,19,3,1778,318,2118,168
315,北参道,明治通り×四谷角筈線,R4/11,原宿,全方向合計,12時間計,274,117,16725,7715,24831,1785
