﻿地点番号,地点名,交差道路名,調査年月,管轄警察署,流入方向,流出方向,時間帯等,大型乗用,大型貨物,普通乗用,普通貨物,四輪計,二輪車
37,大原,環七通り×甲州街道,R4/11,北沢,A 高円寺,1.新宿,7,8,0,108,59,175,10
37,大原,環七通り×甲州街道,R4/11,北沢,A 高円寺,1.新宿,8,9,8,154,70,241,12
37,大原,環七通り×甲州街道,R4/11,北沢,A 高円寺,1.新宿,9,5,7,114,63,189,13
37,大原,環七通り×甲州街道,R4/11,北沢,A 高円寺,1.新宿,10,8,7,103,60,178,8
37,大原,環七通り×甲州街道,R4/11,北沢,A 高円寺,1.新宿,11,5,3,85,58,151,12
37,大原,環七通り×甲州街道,R4/11,北沢,A 高円寺,1.新宿,12,6,6,109,45,166,10
37,大原,環七通り×甲州街道,R4/11,北沢,A 高円寺,1.新宿,13,7,8,82,63,160,11
37,大原,環七通り×甲州街道,R4/11,北沢,A 高円寺,1.新宿,14,6,6,97,73,182,17
37,大原,環七通り×甲州街道,R4/11,北沢,A 高円寺,1.新宿,15,5,3,104,66,178,8
37,大原,環七通り×甲州街道,R4/11,北沢,A 高円寺,1.新宿,16,5,4,85,57,151,6
37,大原,環七通り×甲州街道,R4/11,北沢,A 高円寺,1.新宿,17,5,2,89,38,134,14
37,大原,環七通り×甲州街道,R4/11,北沢,A 高円寺,1.新宿,18,5,0,83,30,118,9
37,大原,環七通り×甲州街道,R4/11,北沢,A 高円寺,1.新宿,12時間計,74,54,1213,682,2023,130
37,大原,環七通り×甲州街道,R4/11,北沢,A 高円寺,2.平和島,7,4,54,780,594,1432,151
37,大原,環七通り×甲州街道,R4/11,北沢,A 高円寺,2.平和島,8,12,59,752,566,1389,200
37,大原,環七通り×甲州街道,R4/11,北沢,A 高円寺,2.平和島,9,3,61,664,648,1376,107
37,大原,環七通り×甲州街道,R4/11,北沢,A 高円寺,2.平和島,10,3,68,626,506,1203,75
37,大原,環七通り×甲州街道,R4/11,北沢,A 高円寺,2.平和島,11,9,86,614,532,1241,92
37,大原,環七通り×甲州街道,R4/11,北沢,A 高円寺,2.平和島,12,5,100,606,503,1214,87
37,大原,環七通り×甲州街道,R4/11,北沢,A 高円寺,2.平和島,13,3,68,544,431,1046,86
37,大原,環七通り×甲州街道,R4/11,北沢,A 高円寺,2.平和島,14,2,47,543,507,1099,80
37,大原,環七通り×甲州街道,R4/11,北沢,A 高円寺,2.平和島,15,2,35,630,540,1207,79
37,大原,環七通り×甲州街道,R4/11,北沢,A 高円寺,2.平和島,16,8,25,729,423,1185,84
37,大原,環七通り×甲州街道,R4/11,北沢,A 高円寺,2.平和島,17,3,29,930,445,1407,106
37,大原,環七通り×甲州街道,R4/11,北沢,A 高円寺,2.平和島,18,3,20,812,294,1129,91
37,大原,環七通り×甲州街道,R4/11,北沢,A 高円寺,2.平和島,12時間計,57,652,8230,5989,14928,1238
37,大原,環七通り×甲州街道,R4/11,北沢,A 高円寺,3.八王子,7,4,4,138,48,194,9
37,大原,環七通り×甲州街道,R4/11,北沢,A 高円寺,3.八王子,8,5,5,133,59,202,10
37,大原,環七通り×甲州街道,R4/11,北沢,A 高円寺,3.八王子,9,0,11,95,107,213,4
37,大原,環七通り×甲州街道,R4/11,北沢,A 高円寺,3.八王子,10,0,8,102,98,208,6
37,大原,環七通り×甲州街道,R4/11,北沢,A 高円寺,3.八王子,11,0,7,159,68,234,5
37,大原,環七通り×甲州街道,R4/11,北沢,A 高円寺,3.八王子,12,1,10,122,75,208,4
37,大原,環七通り×甲州街道,R4/11,北沢,A 高円寺,3.八王子,13,0,8,106,104,218,9
37,大原,環七通り×甲州街道,R4/11,北沢,A 高円寺,3.八王子,14,0,10,121,85,216,6
37,大原,環七通り×甲州街道,R4/11,北沢,A 高円寺,3.八王子,15,3,3,147,76,229,5
37,大原,環七通り×甲州街道,R4/11,北沢,A 高円寺,3.八王子,16,1,4,149,69,223,2
37,大原,環七通り×甲州街道,R4/11,北沢,A 高円寺,3.八王子,17,0,5,126,93,224,11
37,大原,環七通り×甲州街道,R4/11,北沢,A 高円寺,3.八王子,18,0,4,147,78,229,5
37,大原,環七通り×甲州街道,R4/11,北沢,A 高円寺,3.八王子,12時間計,14,79,1545,960,2598,76
37,大原,環七通り×甲州街道,R4/11,北沢,A 高円寺,流入計,7,16,58,1026,701,1801,170
37,大原,環七通り×甲州街道,R4/11,北沢,A 高円寺,流入計,8,26,72,1039,695,1832,222
37,大原,環七通り×甲州街道,R4/11,北沢,A 高円寺,流入計,9,8,79,873,818,1778,124
37,大原,環七通り×甲州街道,R4/11,北沢,A 高円寺,流入計,10,11,83,831,664,1589,89
37,大原,環七通り×甲州街道,R4/11,北沢,A 高円寺,流入計,11,14,96,858,658,1626,109
37,大原,環七通り×甲州街道,R4/11,北沢,A 高円寺,流入計,12,12,116,837,623,1588,101
37,大原,環七通り×甲州街道,R4/11,北沢,A 高円寺,流入計,13,10,84,732,598,1424,106
37,大原,環七通り×甲州街道,R4/11,北沢,A 高円寺,流入計,14,8,63,761,665,1497,103
37,大原,環七通り×甲州街道,R4/11,北沢,A 高円寺,流入計,15,10,41,881,682,1614,92
37,大原,環七通り×甲州街道,R4/11,北沢,A 高円寺,流入計,16,14,33,963,549,1559,92
37,大原,環七通り×甲州街道,R4/11,北沢,A 高円寺,流入計,17,8,36,1145,576,1765,131
37,大原,環七通り×甲州街道,R4/11,北沢,A 高円寺,流入計,18,8,24,1042,402,1476,105
37,大原,環七通り×甲州街道,R4/11,北沢,A 高円寺,流入計,12時間計,145,785,10988,7631,19549,1444
37,大原,環七通り×甲州街道,R4/11,北沢,B 八王子,4.高円寺,7,1,18,132,137,288,17
37,大原,環七通り×甲州街道,R4/11,北沢,B 八王子,4.高円寺,8,1,16,170,171,358,10
37,大原,環七通り×甲州街道,R4/11,北沢,B 八王子,4.高円寺,9,0,28,128,110,266,7
37,大原,環七通り×甲州街道,R4/11,北沢,B 八王子,4.高円寺,10,2,20,108,157,287,9
37,大原,環七通り×甲州街道,R4/11,北沢,B 八王子,4.高円寺,11,1,15,147,159,322,11
37,大原,環七通り×甲州街道,R4/11,北沢,B 八王子,4.高円寺,12,1,10,121,134,266,8
37,大原,環七通り×甲州街道,R4/11,北沢,B 八王子,4.高円寺,13,1,16,135,112,264,10
37,大原,環七通り×甲州街道,R4/11,北沢,B 八王子,4.高円寺,14,2,23,109,125,259,17
37,大原,環七通り×甲州街道,R4/11,北沢,B 八王子,4.高円寺,15,5,19,151,137,312,20
37,大原,環七通り×甲州街道,R4/11,北沢,B 八王子,4.高円寺,16,2,2,148,124,276,20
37,大原,環七通り×甲州街道,R4/11,北沢,B 八王子,4.高円寺,17,0,17,181,91,289,17
37,大原,環七通り×甲州街道,R4/11,北沢,B 八王子,4.高円寺,18,1,5,182,116,304,15
37,大原,環七通り×甲州街道,R4/11,北沢,B 八王子,4.高円寺,12時間計,17,189,1712,1573,3491,161
37,大原,環七通り×甲州街道,R4/11,北沢,B 八王子,5.新宿,7,0,0,14,6,20,42
37,大原,環七通り×甲州街道,R4/11,北沢,B 八王子,5.新宿,8,0,0,17,5,22,49
37,大原,環七通り×甲州街道,R4/11,北沢,B 八王子,5.新宿,9,1,2,14,4,21,20
37,大原,環七通り×甲州街道,R4/11,北沢,B 八王子,5.新宿,10,0,0,5,5,10,9
37,大原,環七通り×甲州街道,R4/11,北沢,B 八王子,5.新宿,11,1,0,9,1,11,11
37,大原,環七通り×甲州街道,R4/11,北沢,B 八王子,5.新宿,12,0,0,9,2,11,7
37,大原,環七通り×甲州街道,R4/11,北沢,B 八王子,5.新宿,13,0,0,8,2,10,11
37,大原,環七通り×甲州街道,R4/11,北沢,B 八王子,5.新宿,14,0,0,11,3,14,10
37,大原,環七通り×甲州街道,R4/11,北沢,B 八王子,5.新宿,15,0,0,7,1,8,3
37,大原,環七通り×甲州街道,R4/11,北沢,B 八王子,5.新宿,16,0,0,9,1,10,3
37,大原,環七通り×甲州街道,R4/11,北沢,B 八王子,5.新宿,17,0,0,6,3,9,6
37,大原,環七通り×甲州街道,R4/11,北沢,B 八王子,5.新宿,18,0,0,16,1,17,10
37,大原,環七通り×甲州街道,R4/11,北沢,B 八王子,5.新宿,12時間計,2,2,125,34,163,181
37,大原,環七通り×甲州街道,R4/11,北沢,B 八王子,6.平和島,7,1,4,134,94,233,51
37,大原,環七通り×甲州街道,R4/11,北沢,B 八王子,6.平和島,8,1,11,154,105,271,47
37,大原,環七通り×甲州街道,R4/11,北沢,B 八王子,6.平和島,9,2,13,128,97,240,25
37,大原,環七通り×甲州街道,R4/11,北沢,B 八王子,6.平和島,10,0,18,119,92,229,17
37,大原,環七通り×甲州街道,R4/11,北沢,B 八王子,6.平和島,11,0,18,117,84,219,12
37,大原,環七通り×甲州街道,R4/11,北沢,B 八王子,6.平和島,12,1,15,140,98,254,20
37,大原,環七通り×甲州街道,R4/11,北沢,B 八王子,6.平和島,13,0,15,129,81,225,16
37,大原,環七通り×甲州街道,R4/11,北沢,B 八王子,6.平和島,14,2,17,119,94,232,11
37,大原,環七通り×甲州街道,R4/11,北沢,B 八王子,6.平和島,15,2,4,131,86,223,22
37,大原,環七通り×甲州街道,R4/11,北沢,B 八王子,6.平和島,16,7,5,142,61,215,14
37,大原,環七通り×甲州街道,R4/11,北沢,B 八王子,6.平和島,17,1,4,159,46,210,8
37,大原,環七通り×甲州街道,R4/11,北沢,B 八王子,6.平和島,18,0,4,137,26,167,16
37,大原,環七通り×甲州街道,R4/11,北沢,B 八王子,6.平和島,12時間計,17,128,1609,964,2718,259
37,大原,環七通り×甲州街道,R4/11,北沢,B 八王子,7.新宿,7,17,36,1255,406,1714,161
37,大原,環七通り×甲州街道,R4/11,北沢,B 八王子,7.新宿,8,12,29,982,604,1627,87
37,大原,環七通り×甲州街道,R4/11,北沢,B 八王子,7.新宿,9,17,30,775,716,1538,116
37,大原,環七通り×甲州街道,R4/11,北沢,B 八王子,7.新宿,10,13,31,764,676,1484,70
37,大原,環七通り×甲州街道,R4/11,北沢,B 八王子,7.新宿,11,6,34,729,567,1336,49
37,大原,環七通り×甲州街道,R4/11,北沢,B 八王子,7.新宿,12,14,23,889,650,1576,94
37,大原,環七通り×甲州街道,R4/11,北沢,B 八王子,7.新宿,13,13,15,908,413,1349,72
37,大原,環七通り×甲州街道,R4/11,北沢,B 八王子,7.新宿,14,12,31,701,426,1170,60
37,大原,環七通り×甲州街道,R4/11,北沢,B 八王子,7.新宿,15,15,29,697,517,1258,65
37,大原,環七通り×甲州街道,R4/11,北沢,B 八王子,7.新宿,16,14,24,795,492,1325,43
37,大原,環七通り×甲州街道,R4/11,北沢,B 八王子,7.新宿,17,7,13,962,511,1493,55
37,大原,環七通り×甲州街道,R4/11,北沢,B 八王子,7.新宿,18,11,4,831,314,1160,83
37,大原,環七通り×甲州街道,R4/11,北沢,B 八王子,7.新宿,12時間計,151,299,10288,6292,17030,955
37,大原,環七通り×甲州街道,R4/11,北沢,B 八王子,流入計,7,19,58,1535,643,2255,271
37,大原,環七通り×甲州街道,R4/11,北沢,B 八王子,流入計,8,14,56,1323,885,2278,193
37,大原,環七通り×甲州街道,R4/11,北沢,B 八王子,流入計,9,20,73,1045,927,2065,168
37,大原,環七通り×甲州街道,R4/11,北沢,B 八王子,流入計,10,15,69,996,930,2010,105
37,大原,環七通り×甲州街道,R4/11,北沢,B 八王子,流入計,11,8,67,1002,811,1888,83
37,大原,環七通り×甲州街道,R4/11,北沢,B 八王子,流入計,12,16,48,1159,884,2107,129
37,大原,環七通り×甲州街道,R4/11,北沢,B 八王子,流入計,13,14,46,1180,608,1848,109
37,大原,環七通り×甲州街道,R4/11,北沢,B 八王子,流入計,14,16,71,940,648,1675,98
37,大原,環七通り×甲州街道,R4/11,北沢,B 八王子,流入計,15,22,52,986,741,1801,110
37,大原,環七通り×甲州街道,R4/11,北沢,B 八王子,流入計,16,23,31,1094,678,1826,80
37,大原,環七通り×甲州街道,R4/11,北沢,B 八王子,流入計,17,8,34,1308,651,2001,86
37,大原,環七通り×甲州街道,R4/11,北沢,B 八王子,流入計,18,12,13,1166,457,1648,124
37,大原,環七通り×甲州街道,R4/11,北沢,B 八王子,流入計,12時間計,187,618,13734,8863,23402,1556
37,大原,環七通り×甲州街道,R4/11,北沢,C 平和島,8.八王子,7,4,12,256,57,329,16
37,大原,環七通り×甲州街道,R4/11,北沢,C 平和島,8.八王子,8,4,14,208,84,310,19
37,大原,環七通り×甲州街道,R4/11,北沢,C 平和島,8.八王子,9,1,11,137,96,245,23
37,大原,環七通り×甲州街道,R4/11,北沢,C 平和島,8.八王子,10,1,29,148,103,281,10
37,大原,環七通り×甲州街道,R4/11,北沢,C 平和島,8.八王子,11,0,24,237,109,370,10
37,大原,環七通り×甲州街道,R4/11,北沢,C 平和島,8.八王子,12,1,17,209,70,297,10
37,大原,環七通り×甲州街道,R4/11,北沢,C 平和島,8.八王子,13,1,25,204,83,313,22
37,大原,環七通り×甲州街道,R4/11,北沢,C 平和島,8.八王子,14,4,17,194,123,338,20
37,大原,環七通り×甲州街道,R4/11,北沢,C 平和島,8.八王子,15,0,14,205,107,326,10
37,大原,環七通り×甲州街道,R4/11,北沢,C 平和島,8.八王子,16,2,13,222,90,327,12
37,大原,環七通り×甲州街道,R4/11,北沢,C 平和島,8.八王子,17,0,15,135,117,267,17
37,大原,環七通り×甲州街道,R4/11,北沢,C 平和島,8.八王子,18,1,10,164,118,293,23
37,大原,環七通り×甲州街道,R4/11,北沢,C 平和島,8.八王子,12時間計,19,201,2319,1157,3696,192
37,大原,環七通り×甲州街道,R4/11,北沢,C 平和島,9.高円寺,7,7,68,581,513,1169,89
37,大原,環七通り×甲州街道,R4/11,北沢,C 平和島,9.高円寺,8,3,51,577,491,1122,70
37,大原,環七通り×甲州街道,R4/11,北沢,C 平和島,9.高円寺,9,5,87,457,465,1014,32
37,大原,環七通り×甲州街道,R4/11,北沢,C 平和島,9.高円寺,10,8,41,465,575,1089,52
37,大原,環七通り×甲州街道,R4/11,北沢,C 平和島,9.高円寺,11,12,71,620,559,1262,62
37,大原,環七通り×甲州街道,R4/11,北沢,C 平和島,9.高円寺,12,3,80,594,566,1243,71
37,大原,環七通り×甲州街道,R4/11,北沢,C 平和島,9.高円寺,13,5,89,504,539,1137,54
37,大原,環七通り×甲州街道,R4/11,北沢,C 平和島,9.高円寺,14,6,66,443,537,1052,65
37,大原,環七通り×甲州街道,R4/11,北沢,C 平和島,9.高円寺,15,8,76,579,652,1315,75
37,大原,環七通り×甲州街道,R4/11,北沢,C 平和島,9.高円寺,16,12,66,596,578,1252,116
37,大原,環七通り×甲州街道,R4/11,北沢,C 平和島,9.高円寺,17,14,84,706,610,1414,124
37,大原,環七通り×甲州街道,R4/11,北沢,C 平和島,9.高円寺,18,3,65,682,500,1250,119
37,大原,環七通り×甲州街道,R4/11,北沢,C 平和島,9.高円寺,12時間計,86,844,6804,6585,14319,929
37,大原,環七通り×甲州街道,R4/11,北沢,C 平和島,10.新宿,7,0,0,0,0,0,0
37,大原,環七通り×甲州街道,R4/11,北沢,C 平和島,10.新宿,8,0,0,0,0,0,0
37,大原,環七通り×甲州街道,R4/11,北沢,C 平和島,10.新宿,9,0,0,0,0,0,0
37,大原,環七通り×甲州街道,R4/11,北沢,C 平和島,10.新宿,10,0,0,0,0,0,0
37,大原,環七通り×甲州街道,R4/11,北沢,C 平和島,10.新宿,11,0,0,0,0,0,0
37,大原,環七通り×甲州街道,R4/11,北沢,C 平和島,10.新宿,12,0,0,0,0,0,0
37,大原,環七通り×甲州街道,R4/11,北沢,C 平和島,10.新宿,13,0,0,0,0,0,0
37,大原,環七通り×甲州街道,R4/11,北沢,C 平和島,10.新宿,14,0,0,0,0,0,0
37,大原,環七通り×甲州街道,R4/11,北沢,C 平和島,10.新宿,15,0,0,0,0,0,0
37,大原,環七通り×甲州街道,R4/11,北沢,C 平和島,10.新宿,16,0,0,0,0,0,0
37,大原,環七通り×甲州街道,R4/11,北沢,C 平和島,10.新宿,17,0,0,0,0,0,0
37,大原,環七通り×甲州街道,R4/11,北沢,C 平和島,10.新宿,18,0,0,0,0,0,0
37,大原,環七通り×甲州街道,R4/11,北沢,C 平和島,10.新宿,12時間計,0,0,0,0,0,0
37,大原,環七通り×甲州街道,R4/11,北沢,C 平和島,15.新宿,7,0,2,110,73,185,9
37,大原,環七通り×甲州街道,R4/11,北沢,C 平和島,15.新宿,8,3,1,144,83,231,7
37,大原,環七通り×甲州街道,R4/11,北沢,C 平和島,15.新宿,9,2,3,120,79,204,4
37,大原,環七通り×甲州街道,R4/11,北沢,C 平和島,15.新宿,10,2,3,89,78,172,7
37,大原,環七通り×甲州街道,R4/11,北沢,C 平和島,15.新宿,11,4,4,72,57,137,8
37,大原,環七通り×甲州街道,R4/11,北沢,C 平和島,15.新宿,12,2,2,86,49,139,7
37,大原,環七通り×甲州街道,R4/11,北沢,C 平和島,15.新宿,13,3,3,81,70,157,3
37,大原,環七通り×甲州街道,R4/11,北沢,C 平和島,15.新宿,14,2,2,76,50,130,5
37,大原,環七通り×甲州街道,R4/11,北沢,C 平和島,15.新宿,15,3,1,67,49,120,4
37,大原,環七通り×甲州街道,R4/11,北沢,C 平和島,15.新宿,16,4,0,72,41,117,9
37,大原,環七通り×甲州街道,R4/11,北沢,C 平和島,15.新宿,17,3,0,71,39,113,15
37,大原,環七通り×甲州街道,R4/11,北沢,C 平和島,15.新宿,18,3,0,57,22,82,12
37,大原,環七通り×甲州街道,R4/11,北沢,C 平和島,15.新宿,12時間計,31,21,1045,690,1787,90
37,大原,環七通り×甲州街道,R4/11,北沢,C 平和島,流入計,7,11,82,947,643,1683,114
37,大原,環七通り×甲州街道,R4/11,北沢,C 平和島,流入計,8,10,66,929,658,1663,96
37,大原,環七通り×甲州街道,R4/11,北沢,C 平和島,流入計,9,8,101,714,640,1463,59
37,大原,環七通り×甲州街道,R4/11,北沢,C 平和島,流入計,10,11,73,702,756,1542,69
37,大原,環七通り×甲州街道,R4/11,北沢,C 平和島,流入計,11,16,99,929,725,1769,80
37,大原,環七通り×甲州街道,R4/11,北沢,C 平和島,流入計,12,6,99,889,685,1679,88
37,大原,環七通り×甲州街道,R4/11,北沢,C 平和島,流入計,13,9,117,789,692,1607,79
37,大原,環七通り×甲州街道,R4/11,北沢,C 平和島,流入計,14,12,85,713,710,1520,90
37,大原,環七通り×甲州街道,R4/11,北沢,C 平和島,流入計,15,11,91,851,808,1761,89
37,大原,環七通り×甲州街道,R4/11,北沢,C 平和島,流入計,16,18,79,890,709,1696,137
37,大原,環七通り×甲州街道,R4/11,北沢,C 平和島,流入計,17,17,99,912,766,1794,156
37,大原,環七通り×甲州街道,R4/11,北沢,C 平和島,流入計,18,7,75,903,640,1625,154
37,大原,環七通り×甲州街道,R4/11,北沢,C 平和島,流入計,12時間計,136,1066,10168,8432,19802,1211
37,大原,環七通り×甲州街道,R4/11,北沢,D 新宿,11.平和島,7,2,2,53,39,96,11
37,大原,環七通り×甲州街道,R4/11,北沢,D 新宿,11.平和島,8,3,3,55,84,145,6
37,大原,環七通り×甲州街道,R4/11,北沢,D 新宿,11.平和島,9,2,1,72,73,148,5
37,大原,環七通り×甲州街道,R4/11,北沢,D 新宿,11.平和島,10,2,1,100,55,158,9
37,大原,環七通り×甲州街道,R4/11,北沢,D 新宿,11.平和島,11,2,4,82,76,164,7
37,大原,環七通り×甲州街道,R4/11,北沢,D 新宿,11.平和島,12,5,1,70,69,145,9
37,大原,環七通り×甲州街道,R4/11,北沢,D 新宿,11.平和島,13,5,1,84,80,170,17
37,大原,環七通り×甲州街道,R4/11,北沢,D 新宿,11.平和島,14,5,2,96,52,155,19
37,大原,環七通り×甲州街道,R4/11,北沢,D 新宿,11.平和島,15,3,1,102,59,165,10
37,大原,環七通り×甲州街道,R4/11,北沢,D 新宿,11.平和島,16,2,0,100,39,141,9
37,大原,環七通り×甲州街道,R4/11,北沢,D 新宿,11.平和島,17,4,2,94,51,151,13
37,大原,環七通り×甲州街道,R4/11,北沢,D 新宿,11.平和島,18,6,4,93,51,154,5
37,大原,環七通り×甲州街道,R4/11,北沢,D 新宿,11.平和島,12時間計,41,22,1001,728,1792,120
37,大原,環七通り×甲州街道,R4/11,北沢,D 新宿,12.八王子,7,0,1,11,3,15,3
37,大原,環七通り×甲州街道,R4/11,北沢,D 新宿,12.八王子,8,0,1,14,6,21,8
37,大原,環七通り×甲州街道,R4/11,北沢,D 新宿,12.八王子,9,0,3,15,4,22,3
37,大原,環七通り×甲州街道,R4/11,北沢,D 新宿,12.八王子,10,0,0,13,9,22,4
37,大原,環七通り×甲州街道,R4/11,北沢,D 新宿,12.八王子,11,0,0,22,0,22,11
37,大原,環七通り×甲州街道,R4/11,北沢,D 新宿,12.八王子,12,0,0,27,7,34,5
37,大原,環七通り×甲州街道,R4/11,北沢,D 新宿,12.八王子,13,0,0,10,10,20,10
37,大原,環七通り×甲州街道,R4/11,北沢,D 新宿,12.八王子,14,0,0,11,4,15,15
37,大原,環七通り×甲州街道,R4/11,北沢,D 新宿,12.八王子,15,0,0,36,6,42,11
37,大原,環七通り×甲州街道,R4/11,北沢,D 新宿,12.八王子,16,0,1,34,6,41,8
37,大原,環七通り×甲州街道,R4/11,北沢,D 新宿,12.八王子,17,0,0,18,4,22,7
37,大原,環七通り×甲州街道,R4/11,北沢,D 新宿,12.八王子,18,0,0,20,7,27,18
37,大原,環七通り×甲州街道,R4/11,北沢,D 新宿,12.八王子,12時間計,0,6,231,66,303,103
37,大原,環七通り×甲州街道,R4/11,北沢,D 新宿,13.高円寺,7,4,17,78,40,139,2
37,大原,環七通り×甲州街道,R4/11,北沢,D 新宿,13.高円寺,8,10,13,108,88,219,18
37,大原,環七通り×甲州街道,R4/11,北沢,D 新宿,13.高円寺,9,6,22,63,56,147,6
37,大原,環七通り×甲州街道,R4/11,北沢,D 新宿,13.高円寺,10,8,17,64,51,140,5
37,大原,環七通り×甲州街道,R4/11,北沢,D 新宿,13.高円寺,11,8,19,72,65,164,8
37,大原,環七通り×甲州街道,R4/11,北沢,D 新宿,13.高円寺,12,8,9,79,64,160,8
37,大原,環七通り×甲州街道,R4/11,北沢,D 新宿,13.高円寺,13,8,13,94,55,170,15
37,大原,環七通り×甲州街道,R4/11,北沢,D 新宿,13.高円寺,14,6,12,70,42,130,7
37,大原,環七通り×甲州街道,R4/11,北沢,D 新宿,13.高円寺,15,9,3,117,64,193,18
37,大原,環七通り×甲州街道,R4/11,北沢,D 新宿,13.高円寺,16,7,5,92,50,154,16
37,大原,環七通り×甲州街道,R4/11,北沢,D 新宿,13.高円寺,17,8,7,81,54,150,11
37,大原,環七通り×甲州街道,R4/11,北沢,D 新宿,13.高円寺,18,10,11,134,60,215,22
37,大原,環七通り×甲州街道,R4/11,北沢,D 新宿,13.高円寺,12時間計,92,148,1052,689,1981,136
37,大原,環七通り×甲州街道,R4/11,北沢,D 新宿,14.八王子,7,39,28,581,265,913,57
37,大原,環七通り×甲州街道,R4/11,北沢,D 新宿,14.八王子,8,13,33,426,333,805,32
37,大原,環七通り×甲州街道,R4/11,北沢,D 新宿,14.八王子,9,7,26,826,323,1182,56
37,大原,環七通り×甲州街道,R4/11,北沢,D 新宿,14.八王子,10,19,29,831,377,1256,51
37,大原,環七通り×甲州街道,R4/11,北沢,D 新宿,14.八王子,11,14,32,595,443,1084,34
37,大原,環七通り×甲州街道,R4/11,北沢,D 新宿,14.八王子,12,17,39,541,473,1070,68
37,大原,環七通り×甲州街道,R4/11,北沢,D 新宿,14.八王子,13,17,39,716,502,1274,64
37,大原,環七通り×甲州街道,R4/11,北沢,D 新宿,14.八王子,14,12,21,700,559,1292,44
37,大原,環七通り×甲州街道,R4/11,北沢,D 新宿,14.八王子,15,9,34,806,717,1566,69
37,大原,環七通り×甲州街道,R4/11,北沢,D 新宿,14.八王子,16,18,21,862,660,1561,119
37,大原,環七通り×甲州街道,R4/11,北沢,D 新宿,14.八王子,17,23,11,910,709,1653,138
37,大原,環七通り×甲州街道,R4/11,北沢,D 新宿,14.八王子,18,10,15,1067,602,1694,138
37,大原,環七通り×甲州街道,R4/11,北沢,D 新宿,14.八王子,12時間計,198,328,8861,5963,15350,870
37,大原,環七通り×甲州街道,R4/11,北沢,D 新宿,流入計,7,45,48,723,347,1163,73
37,大原,環七通り×甲州街道,R4/11,北沢,D 新宿,流入計,8,26,50,603,511,1190,64
37,大原,環七通り×甲州街道,R4/11,北沢,D 新宿,流入計,9,15,52,976,456,1499,70
37,大原,環七通り×甲州街道,R4/11,北沢,D 新宿,流入計,10,29,47,1008,492,1576,69
37,大原,環七通り×甲州街道,R4/11,北沢,D 新宿,流入計,11,24,55,771,584,1434,60
37,大原,環七通り×甲州街道,R4/11,北沢,D 新宿,流入計,12,30,49,717,613,1409,90
37,大原,環七通り×甲州街道,R4/11,北沢,D 新宿,流入計,13,30,53,904,647,1634,106
37,大原,環七通り×甲州街道,R4/11,北沢,D 新宿,流入計,14,23,35,877,657,1592,85
37,大原,環七通り×甲州街道,R4/11,北沢,D 新宿,流入計,15,21,38,1061,846,1966,108
37,大原,環七通り×甲州街道,R4/11,北沢,D 新宿,流入計,16,27,27,1088,755,1897,152
37,大原,環七通り×甲州街道,R4/11,北沢,D 新宿,流入計,17,35,20,1103,818,1976,169
37,大原,環七通り×甲州街道,R4/11,北沢,D 新宿,流入計,18,26,30,1314,720,2090,183
37,大原,環七通り×甲州街道,R4/11,北沢,D 新宿,流入計,12時間計,331,504,11145,7446,19426,1229
