﻿地点番号,地点名,交差道路名,調査年月,管轄警察署,流入方向,流出方向,時間帯等,大型乗用,大型貨物,普通乗用,普通貨物,四輪計,二輪車
17,新宿５,明治通り×靖国通り,R4/11,四谷,A 池袋,1.市ヶ谷,7,0,0,4,1,5,0
17,新宿５,明治通り×靖国通り,R4/11,四谷,A 池袋,1.市ヶ谷,8,0,0,2,2,4,0
17,新宿５,明治通り×靖国通り,R4/11,四谷,A 池袋,1.市ヶ谷,9,0,0,4,5,9,0
17,新宿５,明治通り×靖国通り,R4/11,四谷,A 池袋,1.市ヶ谷,10,0,0,4,7,11,0
17,新宿５,明治通り×靖国通り,R4/11,四谷,A 池袋,1.市ヶ谷,11,0,0,9,5,14,0
17,新宿５,明治通り×靖国通り,R4/11,四谷,A 池袋,1.市ヶ谷,12,0,0,13,2,15,1
17,新宿５,明治通り×靖国通り,R4/11,四谷,A 池袋,1.市ヶ谷,13,0,0,11,7,18,0
17,新宿５,明治通り×靖国通り,R4/11,四谷,A 池袋,1.市ヶ谷,14,0,0,11,3,14,0
17,新宿５,明治通り×靖国通り,R4/11,四谷,A 池袋,1.市ヶ谷,15,0,0,13,4,17,2
17,新宿５,明治通り×靖国通り,R4/11,四谷,A 池袋,1.市ヶ谷,16,0,1,9,4,14,1
17,新宿５,明治通り×靖国通り,R4/11,四谷,A 池袋,1.市ヶ谷,17,0,0,18,2,20,0
17,新宿５,明治通り×靖国通り,R4/11,四谷,A 池袋,1.市ヶ谷,18,0,0,6,2,8,0
17,新宿５,明治通り×靖国通り,R4/11,四谷,A 池袋,1.市ヶ谷,12時間計,0,1,104,44,149,4
17,新宿５,明治通り×靖国通り,R4/11,四谷,A 池袋,2.渋谷,7,11,9,276,345,641,52
17,新宿５,明治通り×靖国通り,R4/11,四谷,A 池袋,2.渋谷,8,10,2,266,284,562,43
17,新宿５,明治通り×靖国通り,R4/11,四谷,A 池袋,2.渋谷,9,6,4,380,244,634,60
17,新宿５,明治通り×靖国通り,R4/11,四谷,A 池袋,2.渋谷,10,11,3,502,221,737,41
17,新宿５,明治通り×靖国通り,R4/11,四谷,A 池袋,2.渋谷,11,9,4,402,148,563,55
17,新宿５,明治通り×靖国通り,R4/11,四谷,A 池袋,2.渋谷,12,8,2,363,167,540,66
17,新宿５,明治通り×靖国通り,R4/11,四谷,A 池袋,2.渋谷,13,10,2,319,141,472,44
17,新宿５,明治通り×靖国通り,R4/11,四谷,A 池袋,2.渋谷,14,11,1,353,138,503,47
17,新宿５,明治通り×靖国通り,R4/11,四谷,A 池袋,2.渋谷,15,8,3,450,115,576,44
17,新宿５,明治通り×靖国通り,R4/11,四谷,A 池袋,2.渋谷,16,13,2,491,107,613,48
17,新宿５,明治通り×靖国通り,R4/11,四谷,A 池袋,2.渋谷,17,6,0,402,95,503,45
17,新宿５,明治通り×靖国通り,R4/11,四谷,A 池袋,2.渋谷,18,5,1,424,66,496,53
17,新宿５,明治通り×靖国通り,R4/11,四谷,A 池袋,2.渋谷,12時間計,108,33,4628,2071,6840,598
17,新宿５,明治通り×靖国通り,R4/11,四谷,A 池袋,3.西新宿,7,0,0,0,0,0,0
17,新宿５,明治通り×靖国通り,R4/11,四谷,A 池袋,3.西新宿,8,0,0,0,0,0,0
17,新宿５,明治通り×靖国通り,R4/11,四谷,A 池袋,3.西新宿,9,0,0,1,0,1,0
17,新宿５,明治通り×靖国通り,R4/11,四谷,A 池袋,3.西新宿,10,0,0,1,0,1,0
17,新宿５,明治通り×靖国通り,R4/11,四谷,A 池袋,3.西新宿,11,0,0,1,1,2,0
17,新宿５,明治通り×靖国通り,R4/11,四谷,A 池袋,3.西新宿,12,0,0,1,0,1,0
17,新宿５,明治通り×靖国通り,R4/11,四谷,A 池袋,3.西新宿,13,0,0,0,0,0,0
17,新宿５,明治通り×靖国通り,R4/11,四谷,A 池袋,3.西新宿,14,0,0,0,0,0,0
17,新宿５,明治通り×靖国通り,R4/11,四谷,A 池袋,3.西新宿,15,0,0,2,0,2,0
17,新宿５,明治通り×靖国通り,R4/11,四谷,A 池袋,3.西新宿,16,0,0,1,0,1,0
17,新宿５,明治通り×靖国通り,R4/11,四谷,A 池袋,3.西新宿,17,0,0,0,0,0,0
17,新宿５,明治通り×靖国通り,R4/11,四谷,A 池袋,3.西新宿,18,0,0,0,0,0,0
17,新宿５,明治通り×靖国通り,R4/11,四谷,A 池袋,3.西新宿,12時間計,0,0,7,1,8,0
17,新宿５,明治通り×靖国通り,R4/11,四谷,A 池袋,流入計,7,11,9,280,346,646,52
17,新宿５,明治通り×靖国通り,R4/11,四谷,A 池袋,流入計,8,10,2,268,286,566,43
17,新宿５,明治通り×靖国通り,R4/11,四谷,A 池袋,流入計,9,6,4,385,249,644,60
17,新宿５,明治通り×靖国通り,R4/11,四谷,A 池袋,流入計,10,11,3,507,228,749,41
17,新宿５,明治通り×靖国通り,R4/11,四谷,A 池袋,流入計,11,9,4,412,154,579,55
17,新宿５,明治通り×靖国通り,R4/11,四谷,A 池袋,流入計,12,8,2,377,169,556,67
17,新宿５,明治通り×靖国通り,R4/11,四谷,A 池袋,流入計,13,10,2,330,148,490,44
17,新宿５,明治通り×靖国通り,R4/11,四谷,A 池袋,流入計,14,11,1,364,141,517,47
17,新宿５,明治通り×靖国通り,R4/11,四谷,A 池袋,流入計,15,8,3,465,119,595,46
17,新宿５,明治通り×靖国通り,R4/11,四谷,A 池袋,流入計,16,13,3,501,111,628,49
17,新宿５,明治通り×靖国通り,R4/11,四谷,A 池袋,流入計,17,6,0,420,97,523,45
17,新宿５,明治通り×靖国通り,R4/11,四谷,A 池袋,流入計,18,5,1,430,68,504,53
17,新宿５,明治通り×靖国通り,R4/11,四谷,A 池袋,流入計,12時間計,108,34,4739,2116,6997,602
17,新宿５,明治通り×靖国通り,R4/11,四谷,B 西新宿,4.池袋,7,9,0,37,26,72,2
17,新宿５,明治通り×靖国通り,R4/11,四谷,B 西新宿,4.池袋,8,7,0,60,45,112,6
17,新宿５,明治通り×靖国通り,R4/11,四谷,B 西新宿,4.池袋,9,8,0,73,45,126,11
17,新宿５,明治通り×靖国通り,R4/11,四谷,B 西新宿,4.池袋,10,7,0,70,47,124,6
17,新宿５,明治通り×靖国通り,R4/11,四谷,B 西新宿,4.池袋,11,9,0,100,48,157,7
17,新宿５,明治通り×靖国通り,R4/11,四谷,B 西新宿,4.池袋,12,7,0,95,31,133,8
17,新宿５,明治通り×靖国通り,R4/11,四谷,B 西新宿,4.池袋,13,8,1,111,48,168,4
17,新宿５,明治通り×靖国通り,R4/11,四谷,B 西新宿,4.池袋,14,5,1,97,48,151,4
17,新宿５,明治通り×靖国通り,R4/11,四谷,B 西新宿,4.池袋,15,6,0,82,37,125,7
17,新宿５,明治通り×靖国通り,R4/11,四谷,B 西新宿,4.池袋,16,6,0,103,41,150,8
17,新宿５,明治通り×靖国通り,R4/11,四谷,B 西新宿,4.池袋,17,7,0,107,39,153,7
17,新宿５,明治通り×靖国通り,R4/11,四谷,B 西新宿,4.池袋,18,6,0,113,12,131,4
17,新宿５,明治通り×靖国通り,R4/11,四谷,B 西新宿,4.池袋,12時間計,85,2,1048,467,1602,74
17,新宿５,明治通り×靖国通り,R4/11,四谷,B 西新宿,5.市ヶ谷,7,9,5,378,334,726,63
17,新宿５,明治通り×靖国通り,R4/11,四谷,B 西新宿,5.市ヶ谷,8,9,6,573,251,839,48
17,新宿５,明治通り×靖国通り,R4/11,四谷,B 西新宿,5.市ヶ谷,9,10,5,595,268,878,40
17,新宿５,明治通り×靖国通り,R4/11,四谷,B 西新宿,5.市ヶ谷,10,9,5,540,310,864,68
17,新宿５,明治通り×靖国通り,R4/11,四谷,B 西新宿,5.市ヶ谷,11,7,4,483,292,786,48
17,新宿５,明治通り×靖国通り,R4/11,四谷,B 西新宿,5.市ヶ谷,12,5,4,384,214,607,50
17,新宿５,明治通り×靖国通り,R4/11,四谷,B 西新宿,5.市ヶ谷,13,8,3,404,247,662,56
17,新宿５,明治通り×靖国通り,R4/11,四谷,B 西新宿,5.市ヶ谷,14,7,2,522,217,748,35
17,新宿５,明治通り×靖国通り,R4/11,四谷,B 西新宿,5.市ヶ谷,15,7,4,528,217,756,29
17,新宿５,明治通り×靖国通り,R4/11,四谷,B 西新宿,5.市ヶ谷,16,7,3,486,215,711,53
17,新宿５,明治通り×靖国通り,R4/11,四谷,B 西新宿,5.市ヶ谷,17,11,2,528,173,714,51
17,新宿５,明治通り×靖国通り,R4/11,四谷,B 西新宿,5.市ヶ谷,18,12,2,382,145,541,55
17,新宿５,明治通り×靖国通り,R4/11,四谷,B 西新宿,5.市ヶ谷,12時間計,101,45,5803,2883,8832,596
17,新宿５,明治通り×靖国通り,R4/11,四谷,B 西新宿,6.渋谷,7,3,5,87,82,177,15
17,新宿５,明治通り×靖国通り,R4/11,四谷,B 西新宿,6.渋谷,8,0,1,87,101,189,20
17,新宿５,明治通り×靖国通り,R4/11,四谷,B 西新宿,6.渋谷,9,0,0,119,76,195,11
17,新宿５,明治通り×靖国通り,R4/11,四谷,B 西新宿,6.渋谷,10,0,1,133,62,196,12
17,新宿５,明治通り×靖国通り,R4/11,四谷,B 西新宿,6.渋谷,11,0,1,90,47,138,8
17,新宿５,明治通り×靖国通り,R4/11,四谷,B 西新宿,6.渋谷,12,0,0,122,42,164,15
17,新宿５,明治通り×靖国通り,R4/11,四谷,B 西新宿,6.渋谷,13,0,0,95,46,141,10
17,新宿５,明治通り×靖国通り,R4/11,四谷,B 西新宿,6.渋谷,14,1,0,98,34,133,8
17,新宿５,明治通り×靖国通り,R4/11,四谷,B 西新宿,6.渋谷,15,0,2,110,27,139,9
17,新宿５,明治通り×靖国通り,R4/11,四谷,B 西新宿,6.渋谷,16,1,1,96,31,129,7
17,新宿５,明治通り×靖国通り,R4/11,四谷,B 西新宿,6.渋谷,17,3,1,175,20,199,8
17,新宿５,明治通り×靖国通り,R4/11,四谷,B 西新宿,6.渋谷,18,1,0,121,13,135,9
17,新宿５,明治通り×靖国通り,R4/11,四谷,B 西新宿,6.渋谷,12時間計,9,12,1333,581,1935,132
17,新宿５,明治通り×靖国通り,R4/11,四谷,B 西新宿,流入計,7,21,10,502,442,975,80
17,新宿５,明治通り×靖国通り,R4/11,四谷,B 西新宿,流入計,8,16,7,720,397,1140,74
17,新宿５,明治通り×靖国通り,R4/11,四谷,B 西新宿,流入計,9,18,5,787,389,1199,62
17,新宿５,明治通り×靖国通り,R4/11,四谷,B 西新宿,流入計,10,16,6,743,419,1184,86
17,新宿５,明治通り×靖国通り,R4/11,四谷,B 西新宿,流入計,11,16,5,673,387,1081,63
17,新宿５,明治通り×靖国通り,R4/11,四谷,B 西新宿,流入計,12,12,4,601,287,904,73
17,新宿５,明治通り×靖国通り,R4/11,四谷,B 西新宿,流入計,13,16,4,610,341,971,70
17,新宿５,明治通り×靖国通り,R4/11,四谷,B 西新宿,流入計,14,13,3,717,299,1032,47
17,新宿５,明治通り×靖国通り,R4/11,四谷,B 西新宿,流入計,15,13,6,720,281,1020,45
17,新宿５,明治通り×靖国通り,R4/11,四谷,B 西新宿,流入計,16,14,4,685,287,990,68
17,新宿５,明治通り×靖国通り,R4/11,四谷,B 西新宿,流入計,17,21,3,810,232,1066,66
17,新宿５,明治通り×靖国通り,R4/11,四谷,B 西新宿,流入計,18,19,2,616,170,807,68
17,新宿５,明治通り×靖国通り,R4/11,四谷,B 西新宿,流入計,12時間計,195,59,8184,3931,12369,802
17,新宿５,明治通り×靖国通り,R4/11,四谷,C 渋谷,7.西新宿,7,0,0,42,60,102,2
17,新宿５,明治通り×靖国通り,R4/11,四谷,C 渋谷,7.西新宿,8,0,0,51,52,103,6
17,新宿５,明治通り×靖国通り,R4/11,四谷,C 渋谷,7.西新宿,9,0,0,90,42,132,4
17,新宿５,明治通り×靖国通り,R4/11,四谷,C 渋谷,7.西新宿,10,0,0,111,43,154,3
17,新宿５,明治通り×靖国通り,R4/11,四谷,C 渋谷,7.西新宿,11,0,0,145,26,171,7
17,新宿５,明治通り×靖国通り,R4/11,四谷,C 渋谷,7.西新宿,12,0,0,163,37,200,9
17,新宿５,明治通り×靖国通り,R4/11,四谷,C 渋谷,7.西新宿,13,0,0,156,28,184,6
17,新宿５,明治通り×靖国通り,R4/11,四谷,C 渋谷,7.西新宿,14,0,0,139,25,164,8
17,新宿５,明治通り×靖国通り,R4/11,四谷,C 渋谷,7.西新宿,15,1,0,163,27,191,8
17,新宿５,明治通り×靖国通り,R4/11,四谷,C 渋谷,7.西新宿,16,1,1,158,30,190,7
17,新宿５,明治通り×靖国通り,R4/11,四谷,C 渋谷,7.西新宿,17,2,0,150,46,198,15
17,新宿５,明治通り×靖国通り,R4/11,四谷,C 渋谷,7.西新宿,18,0,0,192,24,216,9
17,新宿５,明治通り×靖国通り,R4/11,四谷,C 渋谷,7.西新宿,12時間計,4,1,1560,440,2005,84
17,新宿５,明治通り×靖国通り,R4/11,四谷,C 渋谷,8.池袋,7,10,0,259,273,542,37
17,新宿５,明治通り×靖国通り,R4/11,四谷,C 渋谷,8.池袋,8,13,3,233,255,504,40
17,新宿５,明治通り×靖国通り,R4/11,四谷,C 渋谷,8.池袋,9,8,3,223,207,441,30
17,新宿５,明治通り×靖国通り,R4/11,四谷,C 渋谷,8.池袋,10,8,0,243,207,458,35
17,新宿５,明治通り×靖国通り,R4/11,四谷,C 渋谷,8.池袋,11,11,3,392,152,558,29
17,新宿５,明治通り×靖国通り,R4/11,四谷,C 渋谷,8.池袋,12,8,1,426,151,586,26
17,新宿５,明治通り×靖国通り,R4/11,四谷,C 渋谷,8.池袋,13,6,0,333,155,494,45
17,新宿５,明治通り×靖国通り,R4/11,四谷,C 渋谷,8.池袋,14,11,1,377,154,543,56
17,新宿５,明治通り×靖国通り,R4/11,四谷,C 渋谷,8.池袋,15,8,0,341,148,497,41
17,新宿５,明治通り×靖国通り,R4/11,四谷,C 渋谷,8.池袋,16,15,1,436,180,632,45
17,新宿５,明治通り×靖国通り,R4/11,四谷,C 渋谷,8.池袋,17,14,0,509,131,654,41
17,新宿５,明治通り×靖国通り,R4/11,四谷,C 渋谷,8.池袋,18,12,0,503,85,600,23
17,新宿５,明治通り×靖国通り,R4/11,四谷,C 渋谷,8.池袋,12時間計,124,12,4275,2098,6509,448
17,新宿５,明治通り×靖国通り,R4/11,四谷,C 渋谷,9.市ヶ谷,7,1,0,36,39,76,1
17,新宿５,明治通り×靖国通り,R4/11,四谷,C 渋谷,9.市ヶ谷,8,1,1,25,47,74,3
17,新宿５,明治通り×靖国通り,R4/11,四谷,C 渋谷,9.市ヶ谷,9,2,0,59,40,101,2
17,新宿５,明治通り×靖国通り,R4/11,四谷,C 渋谷,9.市ヶ谷,10,0,0,49,38,87,4
17,新宿５,明治通り×靖国通り,R4/11,四谷,C 渋谷,9.市ヶ谷,11,0,0,65,42,107,5
17,新宿５,明治通り×靖国通り,R4/11,四谷,C 渋谷,9.市ヶ谷,12,1,0,60,28,89,4
17,新宿５,明治通り×靖国通り,R4/11,四谷,C 渋谷,9.市ヶ谷,13,3,1,48,35,87,2
17,新宿５,明治通り×靖国通り,R4/11,四谷,C 渋谷,9.市ヶ谷,14,0,0,77,20,97,2
17,新宿５,明治通り×靖国通り,R4/11,四谷,C 渋谷,9.市ヶ谷,15,0,1,74,27,102,2
17,新宿５,明治通り×靖国通り,R4/11,四谷,C 渋谷,9.市ヶ谷,16,0,0,64,24,88,2
17,新宿５,明治通り×靖国通り,R4/11,四谷,C 渋谷,9.市ヶ谷,17,0,0,59,15,74,4
17,新宿５,明治通り×靖国通り,R4/11,四谷,C 渋谷,9.市ヶ谷,18,0,0,39,17,56,0
17,新宿５,明治通り×靖国通り,R4/11,四谷,C 渋谷,9.市ヶ谷,12時間計,8,3,655,372,1038,31
17,新宿５,明治通り×靖国通り,R4/11,四谷,C 渋谷,流入計,7,11,0,337,372,720,40
17,新宿５,明治通り×靖国通り,R4/11,四谷,C 渋谷,流入計,8,14,4,309,354,681,49
17,新宿５,明治通り×靖国通り,R4/11,四谷,C 渋谷,流入計,9,10,3,372,289,674,36
17,新宿５,明治通り×靖国通り,R4/11,四谷,C 渋谷,流入計,10,8,0,403,288,699,42
17,新宿５,明治通り×靖国通り,R4/11,四谷,C 渋谷,流入計,11,11,3,602,220,836,41
17,新宿５,明治通り×靖国通り,R4/11,四谷,C 渋谷,流入計,12,9,1,649,216,875,39
17,新宿５,明治通り×靖国通り,R4/11,四谷,C 渋谷,流入計,13,9,1,537,218,765,53
17,新宿５,明治通り×靖国通り,R4/11,四谷,C 渋谷,流入計,14,11,1,593,199,804,66
17,新宿５,明治通り×靖国通り,R4/11,四谷,C 渋谷,流入計,15,9,1,578,202,790,51
17,新宿５,明治通り×靖国通り,R4/11,四谷,C 渋谷,流入計,16,16,2,658,234,910,54
17,新宿５,明治通り×靖国通り,R4/11,四谷,C 渋谷,流入計,17,16,0,718,192,926,60
17,新宿５,明治通り×靖国通り,R4/11,四谷,C 渋谷,流入計,18,12,0,734,126,872,32
17,新宿５,明治通り×靖国通り,R4/11,四谷,C 渋谷,流入計,12時間計,136,16,6490,2910,9552,563
17,新宿５,明治通り×靖国通り,R4/11,四谷,D 市ヶ谷,10.渋谷,7,0,2,42,48,92,6
17,新宿５,明治通り×靖国通り,R4/11,四谷,D 市ヶ谷,10.渋谷,8,0,0,26,40,66,7
17,新宿５,明治通り×靖国通り,R4/11,四谷,D 市ヶ谷,10.渋谷,9,2,0,46,34,82,4
17,新宿５,明治通り×靖国通り,R4/11,四谷,D 市ヶ谷,10.渋谷,10,1,0,95,31,127,4
17,新宿５,明治通り×靖国通り,R4/11,四谷,D 市ヶ谷,10.渋谷,11,0,1,44,26,71,5
17,新宿５,明治通り×靖国通り,R4/11,四谷,D 市ヶ谷,10.渋谷,12,0,0,67,29,96,6
17,新宿５,明治通り×靖国通り,R4/11,四谷,D 市ヶ谷,10.渋谷,13,0,0,46,17,63,8
17,新宿５,明治通り×靖国通り,R4/11,四谷,D 市ヶ谷,10.渋谷,14,2,0,47,26,75,3
17,新宿５,明治通り×靖国通り,R4/11,四谷,D 市ヶ谷,10.渋谷,15,0,0,59,14,73,3
17,新宿５,明治通り×靖国通り,R4/11,四谷,D 市ヶ谷,10.渋谷,16,0,2,63,19,84,13
17,新宿５,明治通り×靖国通り,R4/11,四谷,D 市ヶ谷,10.渋谷,17,0,0,64,17,81,11
17,新宿５,明治通り×靖国通り,R4/11,四谷,D 市ヶ谷,10.渋谷,18,0,0,66,12,78,5
17,新宿５,明治通り×靖国通り,R4/11,四谷,D 市ヶ谷,10.渋谷,12時間計,5,5,665,313,988,75
17,新宿５,明治通り×靖国通り,R4/11,四谷,D 市ヶ谷,11.西新宿,7,19,10,350,232,611,40
17,新宿５,明治通り×靖国通り,R4/11,四谷,D 市ヶ谷,11.西新宿,8,19,8,435,179,641,37
17,新宿５,明治通り×靖国通り,R4/11,四谷,D 市ヶ谷,11.西新宿,9,21,8,510,264,803,30
17,新宿５,明治通り×靖国通り,R4/11,四谷,D 市ヶ谷,11.西新宿,10,24,11,404,322,761,34
17,新宿５,明治通り×靖国通り,R4/11,四谷,D 市ヶ谷,11.西新宿,11,22,7,452,297,778,45
17,新宿５,明治通り×靖国通り,R4/11,四谷,D 市ヶ谷,11.西新宿,12,29,5,564,230,828,64
17,新宿５,明治通り×靖国通り,R4/11,四谷,D 市ヶ谷,11.西新宿,13,24,8,557,198,787,48
17,新宿５,明治通り×靖国通り,R4/11,四谷,D 市ヶ谷,11.西新宿,14,25,10,609,259,903,53
17,新宿５,明治通り×靖国通り,R4/11,四谷,D 市ヶ谷,11.西新宿,15,26,7,649,231,913,79
17,新宿５,明治通り×靖国通り,R4/11,四谷,D 市ヶ谷,11.西新宿,16,25,6,618,256,905,56
17,新宿５,明治通り×靖国通り,R4/11,四谷,D 市ヶ谷,11.西新宿,17,22,2,626,223,873,70
17,新宿５,明治通り×靖国通り,R4/11,四谷,D 市ヶ谷,11.西新宿,18,21,3,550,190,764,54
17,新宿５,明治通り×靖国通り,R4/11,四谷,D 市ヶ谷,11.西新宿,12時間計,277,85,6324,2881,9567,610
17,新宿５,明治通り×靖国通り,R4/11,四谷,D 市ヶ谷,12.池袋,7,0,0,12,12,24,2
17,新宿５,明治通り×靖国通り,R4/11,四谷,D 市ヶ谷,12.池袋,8,0,0,29,38,67,4
17,新宿５,明治通り×靖国通り,R4/11,四谷,D 市ヶ谷,12.池袋,9,3,0,47,58,108,5
17,新宿５,明治通り×靖国通り,R4/11,四谷,D 市ヶ谷,12.池袋,10,3,0,34,48,85,2
17,新宿５,明治通り×靖国通り,R4/11,四谷,D 市ヶ谷,12.池袋,11,1,0,28,27,56,1
17,新宿５,明治通り×靖国通り,R4/11,四谷,D 市ヶ谷,12.池袋,12,0,0,40,24,64,2
17,新宿５,明治通り×靖国通り,R4/11,四谷,D 市ヶ谷,12.池袋,13,0,0,28,30,58,3
17,新宿５,明治通り×靖国通り,R4/11,四谷,D 市ヶ谷,12.池袋,14,0,0,28,25,53,2
17,新宿５,明治通り×靖国通り,R4/11,四谷,D 市ヶ谷,12.池袋,15,0,0,40,37,77,3
17,新宿５,明治通り×靖国通り,R4/11,四谷,D 市ヶ谷,12.池袋,16,0,0,39,25,64,3
17,新宿５,明治通り×靖国通り,R4/11,四谷,D 市ヶ谷,12.池袋,17,1,0,59,12,72,0
17,新宿５,明治通り×靖国通り,R4/11,四谷,D 市ヶ谷,12.池袋,18,0,0,25,9,34,0
17,新宿５,明治通り×靖国通り,R4/11,四谷,D 市ヶ谷,12.池袋,12時間計,8,0,409,345,762,27
17,新宿５,明治通り×靖国通り,R4/11,四谷,D 市ヶ谷,流入計,7,19,12,404,292,727,48
17,新宿５,明治通り×靖国通り,R4/11,四谷,D 市ヶ谷,流入計,8,19,8,490,257,774,48
17,新宿５,明治通り×靖国通り,R4/11,四谷,D 市ヶ谷,流入計,9,26,8,603,356,993,39
17,新宿５,明治通り×靖国通り,R4/11,四谷,D 市ヶ谷,流入計,10,28,11,533,401,973,40
17,新宿５,明治通り×靖国通り,R4/11,四谷,D 市ヶ谷,流入計,11,23,8,524,350,905,51
17,新宿５,明治通り×靖国通り,R4/11,四谷,D 市ヶ谷,流入計,12,29,5,671,283,988,72
17,新宿５,明治通り×靖国通り,R4/11,四谷,D 市ヶ谷,流入計,13,24,8,631,245,908,59
17,新宿５,明治通り×靖国通り,R4/11,四谷,D 市ヶ谷,流入計,14,27,10,684,310,1031,58
17,新宿５,明治通り×靖国通り,R4/11,四谷,D 市ヶ谷,流入計,15,26,7,748,282,1063,85
17,新宿５,明治通り×靖国通り,R4/11,四谷,D 市ヶ谷,流入計,16,25,8,720,300,1053,72
17,新宿５,明治通り×靖国通り,R4/11,四谷,D 市ヶ谷,流入計,17,23,2,749,252,1026,81
17,新宿５,明治通り×靖国通り,R4/11,四谷,D 市ヶ谷,流入計,18,21,3,641,211,876,59
17,新宿５,明治通り×靖国通り,R4/11,四谷,D 市ヶ谷,流入計,12時間計,290,90,7398,3539,11317,712
