﻿地点番号,地点名,交差道路名,調査年月,管轄警察署,流出方向,時間帯等,大型乗用,大型貨物,普通乗用,普通貨物,四輪計,二輪車
17,新宿５,明治通り×靖国通り,R4/11,四谷,A 池袋,7,19,0,308,311,638,41
17,新宿５,明治通り×靖国通り,R4/11,四谷,A 池袋,8,20,3,322,338,683,50
17,新宿５,明治通り×靖国通り,R4/11,四谷,A 池袋,9,19,3,343,310,675,46
17,新宿５,明治通り×靖国通り,R4/11,四谷,A 池袋,10,18,0,347,302,667,43
17,新宿５,明治通り×靖国通り,R4/11,四谷,A 池袋,11,21,3,520,227,771,37
17,新宿５,明治通り×靖国通り,R4/11,四谷,A 池袋,12,15,1,561,206,783,36
17,新宿５,明治通り×靖国通り,R4/11,四谷,A 池袋,13,14,1,472,233,720,52
17,新宿５,明治通り×靖国通り,R4/11,四谷,A 池袋,14,16,2,502,227,747,62
17,新宿５,明治通り×靖国通り,R4/11,四谷,A 池袋,15,14,0,463,222,699,51
17,新宿５,明治通り×靖国通り,R4/11,四谷,A 池袋,16,21,1,578,246,846,56
17,新宿５,明治通り×靖国通り,R4/11,四谷,A 池袋,17,22,0,675,182,879,48
17,新宿５,明治通り×靖国通り,R4/11,四谷,A 池袋,18,18,0,641,106,765,27
17,新宿５,明治通り×靖国通り,R4/11,四谷,A 池袋,12時間計,217,14,5732,2910,8873,549
17,新宿５,明治通り×靖国通り,R4/11,四谷,B 西新宿,7,19,10,392,292,713,42
17,新宿５,明治通り×靖国通り,R4/11,四谷,B 西新宿,8,19,8,486,231,744,43
17,新宿５,明治通り×靖国通り,R4/11,四谷,B 西新宿,9,21,8,601,306,936,34
17,新宿５,明治通り×靖国通り,R4/11,四谷,B 西新宿,10,24,11,516,365,916,37
17,新宿５,明治通り×靖国通り,R4/11,四谷,B 西新宿,11,22,7,598,324,951,52
17,新宿５,明治通り×靖国通り,R4/11,四谷,B 西新宿,12,29,5,728,267,1029,73
17,新宿５,明治通り×靖国通り,R4/11,四谷,B 西新宿,13,24,8,713,226,971,54
17,新宿５,明治通り×靖国通り,R4/11,四谷,B 西新宿,14,25,10,748,284,1067,61
17,新宿５,明治通り×靖国通り,R4/11,四谷,B 西新宿,15,27,7,814,258,1106,87
17,新宿５,明治通り×靖国通り,R4/11,四谷,B 西新宿,16,26,7,777,286,1096,63
17,新宿５,明治通り×靖国通り,R4/11,四谷,B 西新宿,17,24,2,776,269,1071,85
17,新宿５,明治通り×靖国通り,R4/11,四谷,B 西新宿,18,21,3,742,214,980,63
17,新宿５,明治通り×靖国通り,R4/11,四谷,B 西新宿,12時間計,281,86,7891,3322,11580,694
17,新宿５,明治通り×靖国通り,R4/11,四谷,C 渋谷,7,14,16,405,475,910,73
17,新宿５,明治通り×靖国通り,R4/11,四谷,C 渋谷,8,10,3,379,425,817,70
17,新宿５,明治通り×靖国通り,R4/11,四谷,C 渋谷,9,8,4,545,354,911,75
17,新宿５,明治通り×靖国通り,R4/11,四谷,C 渋谷,10,12,4,730,314,1060,57
17,新宿５,明治通り×靖国通り,R4/11,四谷,C 渋谷,11,9,6,536,221,772,68
17,新宿５,明治通り×靖国通り,R4/11,四谷,C 渋谷,12,8,2,552,238,800,87
17,新宿５,明治通り×靖国通り,R4/11,四谷,C 渋谷,13,10,2,460,204,676,62
17,新宿５,明治通り×靖国通り,R4/11,四谷,C 渋谷,14,14,1,498,198,711,58
17,新宿５,明治通り×靖国通り,R4/11,四谷,C 渋谷,15,8,5,619,156,788,56
17,新宿５,明治通り×靖国通り,R4/11,四谷,C 渋谷,16,14,5,650,157,826,68
17,新宿５,明治通り×靖国通り,R4/11,四谷,C 渋谷,17,9,1,641,132,783,64
17,新宿５,明治通り×靖国通り,R4/11,四谷,C 渋谷,18,6,1,611,91,709,67
17,新宿５,明治通り×靖国通り,R4/11,四谷,C 渋谷,12時間計,122,50,6626,2965,9763,805
17,新宿５,明治通り×靖国通り,R4/11,四谷,D 市ヶ谷,7,10,5,418,374,807,64
17,新宿５,明治通り×靖国通り,R4/11,四谷,D 市ヶ谷,8,10,7,600,300,917,51
17,新宿５,明治通り×靖国通り,R4/11,四谷,D 市ヶ谷,9,12,5,658,313,988,42
17,新宿５,明治通り×靖国通り,R4/11,四谷,D 市ヶ谷,10,9,5,593,355,962,72
17,新宿５,明治通り×靖国通り,R4/11,四谷,D 市ヶ谷,11,7,4,557,339,907,53
17,新宿５,明治通り×靖国通り,R4/11,四谷,D 市ヶ谷,12,6,4,457,244,711,55
17,新宿５,明治通り×靖国通り,R4/11,四谷,D 市ヶ谷,13,11,4,463,289,767,58
17,新宿５,明治通り×靖国通り,R4/11,四谷,D 市ヶ谷,14,7,2,610,240,859,37
17,新宿５,明治通り×靖国通り,R4/11,四谷,D 市ヶ谷,15,7,5,615,248,875,33
17,新宿５,明治通り×靖国通り,R4/11,四谷,D 市ヶ谷,16,7,4,559,243,813,56
17,新宿５,明治通り×靖国通り,R4/11,四谷,D 市ヶ谷,17,11,2,605,190,808,55
17,新宿５,明治通り×靖国通り,R4/11,四谷,D 市ヶ谷,18,12,2,427,164,605,55
17,新宿５,明治通り×靖国通り,R4/11,四谷,D 市ヶ谷,12時間計,109,49,6562,3299,10019,631
17,新宿５,明治通り×靖国通り,R4/11,四谷,全方向合計,7,62,31,1523,1452,3068,220
17,新宿５,明治通り×靖国通り,R4/11,四谷,全方向合計,8,59,21,1787,1294,3161,214
17,新宿５,明治通り×靖国通り,R4/11,四谷,全方向合計,9,60,20,2147,1283,3510,197
17,新宿５,明治通り×靖国通り,R4/11,四谷,全方向合計,10,63,20,2186,1336,3605,209
17,新宿５,明治通り×靖国通り,R4/11,四谷,全方向合計,11,59,20,2211,1111,3401,210
17,新宿５,明治通り×靖国通り,R4/11,四谷,全方向合計,12,58,12,2298,955,3323,251
17,新宿５,明治通り×靖国通り,R4/11,四谷,全方向合計,13,59,15,2108,952,3134,226
17,新宿５,明治通り×靖国通り,R4/11,四谷,全方向合計,14,62,15,2358,949,3384,218
17,新宿５,明治通り×靖国通り,R4/11,四谷,全方向合計,15,56,17,2511,884,3468,227
17,新宿５,明治通り×靖国通り,R4/11,四谷,全方向合計,16,68,17,2564,932,3581,243
17,新宿５,明治通り×靖国通り,R4/11,四谷,全方向合計,17,66,5,2697,773,3541,252
17,新宿５,明治通り×靖国通り,R4/11,四谷,全方向合計,18,57,6,2421,575,3059,212
17,新宿５,明治通り×靖国通り,R4/11,四谷,全方向合計,12時間計,729,199,26811,12496,40235,2679
