﻿地点番号,地点名,交差道路名,調査年月,管轄警察署,流入方向,流出方向,時間帯等,車道通行自転車,歩道通行自転車,自転車計
17,新宿５,明治通り×靖国通り,R4/11,四谷,A 池袋,1市ヶ谷,7,0,-,-
17,新宿５,明治通り×靖国通り,R4/11,四谷,A 池袋,1市ヶ谷,8,0,-,-
17,新宿５,明治通り×靖国通り,R4/11,四谷,A 池袋,1市ヶ谷,9,0,-,-
17,新宿５,明治通り×靖国通り,R4/11,四谷,A 池袋,1市ヶ谷,10,1,-,-
17,新宿５,明治通り×靖国通り,R4/11,四谷,A 池袋,1市ヶ谷,11,0,-,-
17,新宿５,明治通り×靖国通り,R4/11,四谷,A 池袋,1市ヶ谷,12,2,-,-
17,新宿５,明治通り×靖国通り,R4/11,四谷,A 池袋,1市ヶ谷,13,1,-,-
17,新宿５,明治通り×靖国通り,R4/11,四谷,A 池袋,1市ヶ谷,14,0,-,-
17,新宿５,明治通り×靖国通り,R4/11,四谷,A 池袋,1市ヶ谷,15,0,-,-
17,新宿５,明治通り×靖国通り,R4/11,四谷,A 池袋,1市ヶ谷,16,0,-,-
17,新宿５,明治通り×靖国通り,R4/11,四谷,A 池袋,1市ヶ谷,17,1,-,-
17,新宿５,明治通り×靖国通り,R4/11,四谷,A 池袋,1市ヶ谷,18,0,-,-
17,新宿５,明治通り×靖国通り,R4/11,四谷,A 池袋,1市ヶ谷,12時間計,5,-,-
17,新宿５,明治通り×靖国通り,R4/11,四谷,A 池袋,2渋谷,7,23,-,-
17,新宿５,明治通り×靖国通り,R4/11,四谷,A 池袋,2渋谷,8,37,-,-
17,新宿５,明治通り×靖国通り,R4/11,四谷,A 池袋,2渋谷,9,54,-,-
17,新宿５,明治通り×靖国通り,R4/11,四谷,A 池袋,2渋谷,10,38,-,-
17,新宿５,明治通り×靖国通り,R4/11,四谷,A 池袋,2渋谷,11,31,-,-
17,新宿５,明治通り×靖国通り,R4/11,四谷,A 池袋,2渋谷,12,35,-,-
17,新宿５,明治通り×靖国通り,R4/11,四谷,A 池袋,2渋谷,13,36,-,-
17,新宿５,明治通り×靖国通り,R4/11,四谷,A 池袋,2渋谷,14,31,-,-
17,新宿５,明治通り×靖国通り,R4/11,四谷,A 池袋,2渋谷,15,28,-,-
17,新宿５,明治通り×靖国通り,R4/11,四谷,A 池袋,2渋谷,16,40,-,-
17,新宿５,明治通り×靖国通り,R4/11,四谷,A 池袋,2渋谷,17,39,-,-
17,新宿５,明治通り×靖国通り,R4/11,四谷,A 池袋,2渋谷,18,37,-,-
17,新宿５,明治通り×靖国通り,R4/11,四谷,A 池袋,2渋谷,12時間計,429,-,-
17,新宿５,明治通り×靖国通り,R4/11,四谷,A 池袋,3西新宿,7,0,-,-
17,新宿５,明治通り×靖国通り,R4/11,四谷,A 池袋,3西新宿,8,0,-,-
17,新宿５,明治通り×靖国通り,R4/11,四谷,A 池袋,3西新宿,9,0,-,-
17,新宿５,明治通り×靖国通り,R4/11,四谷,A 池袋,3西新宿,10,0,-,-
17,新宿５,明治通り×靖国通り,R4/11,四谷,A 池袋,3西新宿,11,0,-,-
17,新宿５,明治通り×靖国通り,R4/11,四谷,A 池袋,3西新宿,12,0,-,-
17,新宿５,明治通り×靖国通り,R4/11,四谷,A 池袋,3西新宿,13,0,-,-
17,新宿５,明治通り×靖国通り,R4/11,四谷,A 池袋,3西新宿,14,0,-,-
17,新宿５,明治通り×靖国通り,R4/11,四谷,A 池袋,3西新宿,15,0,-,-
17,新宿５,明治通り×靖国通り,R4/11,四谷,A 池袋,3西新宿,16,0,-,-
17,新宿５,明治通り×靖国通り,R4/11,四谷,A 池袋,3西新宿,17,0,-,-
17,新宿５,明治通り×靖国通り,R4/11,四谷,A 池袋,3西新宿,18,0,-,-
17,新宿５,明治通り×靖国通り,R4/11,四谷,A 池袋,3西新宿,12時間計,0,-,-
17,新宿５,明治通り×靖国通り,R4/11,四谷,A 池袋,流入計,7,23,20,43
17,新宿５,明治通り×靖国通り,R4/11,四谷,A 池袋,流入計,8,37,25,62
17,新宿５,明治通り×靖国通り,R4/11,四谷,A 池袋,流入計,9,54,25,79
17,新宿５,明治通り×靖国通り,R4/11,四谷,A 池袋,流入計,10,39,46,85
17,新宿５,明治通り×靖国通り,R4/11,四谷,A 池袋,流入計,11,31,19,50
17,新宿５,明治通り×靖国通り,R4/11,四谷,A 池袋,流入計,12,37,20,57
17,新宿５,明治通り×靖国通り,R4/11,四谷,A 池袋,流入計,13,37,24,61
17,新宿５,明治通り×靖国通り,R4/11,四谷,A 池袋,流入計,14,31,22,53
17,新宿５,明治通り×靖国通り,R4/11,四谷,A 池袋,流入計,15,28,20,48
17,新宿５,明治通り×靖国通り,R4/11,四谷,A 池袋,流入計,16,40,24,64
17,新宿５,明治通り×靖国通り,R4/11,四谷,A 池袋,流入計,17,40,15,55
17,新宿５,明治通り×靖国通り,R4/11,四谷,A 池袋,流入計,18,37,17,54
17,新宿５,明治通り×靖国通り,R4/11,四谷,A 池袋,流入計,12時間計,434,277,711
17,新宿５,明治通り×靖国通り,R4/11,四谷,B 西新宿,4池袋,7,0,-,-
17,新宿５,明治通り×靖国通り,R4/11,四谷,B 西新宿,4池袋,8,0,-,-
17,新宿５,明治通り×靖国通り,R4/11,四谷,B 西新宿,4池袋,9,6,-,-
17,新宿５,明治通り×靖国通り,R4/11,四谷,B 西新宿,4池袋,10,8,-,-
17,新宿５,明治通り×靖国通り,R4/11,四谷,B 西新宿,4池袋,11,1,-,-
17,新宿５,明治通り×靖国通り,R4/11,四谷,B 西新宿,4池袋,12,3,-,-
17,新宿５,明治通り×靖国通り,R4/11,四谷,B 西新宿,4池袋,13,6,-,-
17,新宿５,明治通り×靖国通り,R4/11,四谷,B 西新宿,4池袋,14,5,-,-
17,新宿５,明治通り×靖国通り,R4/11,四谷,B 西新宿,4池袋,15,13,-,-
17,新宿５,明治通り×靖国通り,R4/11,四谷,B 西新宿,4池袋,16,24,-,-
17,新宿５,明治通り×靖国通り,R4/11,四谷,B 西新宿,4池袋,17,3,-,-
17,新宿５,明治通り×靖国通り,R4/11,四谷,B 西新宿,4池袋,18,1,-,-
17,新宿５,明治通り×靖国通り,R4/11,四谷,B 西新宿,4池袋,12時間計,70,-,-
17,新宿５,明治通り×靖国通り,R4/11,四谷,B 西新宿,5市ヶ谷,7,35,-,-
17,新宿５,明治通り×靖国通り,R4/11,四谷,B 西新宿,5市ヶ谷,8,60,-,-
17,新宿５,明治通り×靖国通り,R4/11,四谷,B 西新宿,5市ヶ谷,9,66,-,-
17,新宿５,明治通り×靖国通り,R4/11,四谷,B 西新宿,5市ヶ谷,10,35,-,-
17,新宿５,明治通り×靖国通り,R4/11,四谷,B 西新宿,5市ヶ谷,11,43,-,-
17,新宿５,明治通り×靖国通り,R4/11,四谷,B 西新宿,5市ヶ谷,12,28,-,-
17,新宿５,明治通り×靖国通り,R4/11,四谷,B 西新宿,5市ヶ谷,13,40,-,-
17,新宿５,明治通り×靖国通り,R4/11,四谷,B 西新宿,5市ヶ谷,14,24,-,-
17,新宿５,明治通り×靖国通り,R4/11,四谷,B 西新宿,5市ヶ谷,15,24,-,-
17,新宿５,明治通り×靖国通り,R4/11,四谷,B 西新宿,5市ヶ谷,16,37,-,-
17,新宿５,明治通り×靖国通り,R4/11,四谷,B 西新宿,5市ヶ谷,17,37,-,-
17,新宿５,明治通り×靖国通り,R4/11,四谷,B 西新宿,5市ヶ谷,18,37,-,-
17,新宿５,明治通り×靖国通り,R4/11,四谷,B 西新宿,5市ヶ谷,12時間計,466,-,-
17,新宿５,明治通り×靖国通り,R4/11,四谷,B 西新宿,6渋谷,7,0,-,-
17,新宿５,明治通り×靖国通り,R4/11,四谷,B 西新宿,6渋谷,8,2,-,-
17,新宿５,明治通り×靖国通り,R4/11,四谷,B 西新宿,6渋谷,9,0,-,-
17,新宿５,明治通り×靖国通り,R4/11,四谷,B 西新宿,6渋谷,10,1,-,-
17,新宿５,明治通り×靖国通り,R4/11,四谷,B 西新宿,6渋谷,11,1,-,-
17,新宿５,明治通り×靖国通り,R4/11,四谷,B 西新宿,6渋谷,12,0,-,-
17,新宿５,明治通り×靖国通り,R4/11,四谷,B 西新宿,6渋谷,13,0,-,-
17,新宿５,明治通り×靖国通り,R4/11,四谷,B 西新宿,6渋谷,14,0,-,-
17,新宿５,明治通り×靖国通り,R4/11,四谷,B 西新宿,6渋谷,15,0,-,-
17,新宿５,明治通り×靖国通り,R4/11,四谷,B 西新宿,6渋谷,16,0,-,-
17,新宿５,明治通り×靖国通り,R4/11,四谷,B 西新宿,6渋谷,17,0,-,-
17,新宿５,明治通り×靖国通り,R4/11,四谷,B 西新宿,6渋谷,18,2,-,-
17,新宿５,明治通り×靖国通り,R4/11,四谷,B 西新宿,6渋谷,12時間計,6,-,-
17,新宿５,明治通り×靖国通り,R4/11,四谷,B 西新宿,流入計,7,35,23,58
17,新宿５,明治通り×靖国通り,R4/11,四谷,B 西新宿,流入計,8,62,41,103
17,新宿５,明治通り×靖国通り,R4/11,四谷,B 西新宿,流入計,9,72,50,122
17,新宿５,明治通り×靖国通り,R4/11,四谷,B 西新宿,流入計,10,44,20,64
17,新宿５,明治通り×靖国通り,R4/11,四谷,B 西新宿,流入計,11,45,24,69
17,新宿５,明治通り×靖国通り,R4/11,四谷,B 西新宿,流入計,12,31,35,66
17,新宿５,明治通り×靖国通り,R4/11,四谷,B 西新宿,流入計,13,46,42,88
17,新宿５,明治通り×靖国通り,R4/11,四谷,B 西新宿,流入計,14,29,52,81
17,新宿５,明治通り×靖国通り,R4/11,四谷,B 西新宿,流入計,15,37,66,103
17,新宿５,明治通り×靖国通り,R4/11,四谷,B 西新宿,流入計,16,61,58,119
17,新宿５,明治通り×靖国通り,R4/11,四谷,B 西新宿,流入計,17,40,26,66
17,新宿５,明治通り×靖国通り,R4/11,四谷,B 西新宿,流入計,18,40,23,63
17,新宿５,明治通り×靖国通り,R4/11,四谷,B 西新宿,流入計,12時間計,542,460,1002
17,新宿５,明治通り×靖国通り,R4/11,四谷,C 渋谷,7西新宿,7,0,-,-
17,新宿５,明治通り×靖国通り,R4/11,四谷,C 渋谷,7西新宿,8,1,-,-
17,新宿５,明治通り×靖国通り,R4/11,四谷,C 渋谷,7西新宿,9,1,-,-
17,新宿５,明治通り×靖国通り,R4/11,四谷,C 渋谷,7西新宿,10,0,-,-
17,新宿５,明治通り×靖国通り,R4/11,四谷,C 渋谷,7西新宿,11,3,-,-
17,新宿５,明治通り×靖国通り,R4/11,四谷,C 渋谷,7西新宿,12,2,-,-
17,新宿５,明治通り×靖国通り,R4/11,四谷,C 渋谷,7西新宿,13,8,-,-
17,新宿５,明治通り×靖国通り,R4/11,四谷,C 渋谷,7西新宿,14,6,-,-
17,新宿５,明治通り×靖国通り,R4/11,四谷,C 渋谷,7西新宿,15,8,-,-
17,新宿５,明治通り×靖国通り,R4/11,四谷,C 渋谷,7西新宿,16,0,-,-
17,新宿５,明治通り×靖国通り,R4/11,四谷,C 渋谷,7西新宿,17,4,-,-
17,新宿５,明治通り×靖国通り,R4/11,四谷,C 渋谷,7西新宿,18,3,-,-
17,新宿５,明治通り×靖国通り,R4/11,四谷,C 渋谷,7西新宿,12時間計,36,-,-
17,新宿５,明治通り×靖国通り,R4/11,四谷,C 渋谷,8池袋,7,17,-,-
17,新宿５,明治通り×靖国通り,R4/11,四谷,C 渋谷,8池袋,8,37,-,-
17,新宿５,明治通り×靖国通り,R4/11,四谷,C 渋谷,8池袋,9,27,-,-
17,新宿５,明治通り×靖国通り,R4/11,四谷,C 渋谷,8池袋,10,25,-,-
17,新宿５,明治通り×靖国通り,R4/11,四谷,C 渋谷,8池袋,11,31,-,-
17,新宿５,明治通り×靖国通り,R4/11,四谷,C 渋谷,8池袋,12,27,-,-
17,新宿５,明治通り×靖国通り,R4/11,四谷,C 渋谷,8池袋,13,40,-,-
17,新宿５,明治通り×靖国通り,R4/11,四谷,C 渋谷,8池袋,14,31,-,-
17,新宿５,明治通り×靖国通り,R4/11,四谷,C 渋谷,8池袋,15,35,-,-
17,新宿５,明治通り×靖国通り,R4/11,四谷,C 渋谷,8池袋,16,48,-,-
17,新宿５,明治通り×靖国通り,R4/11,四谷,C 渋谷,8池袋,17,27,-,-
17,新宿５,明治通り×靖国通り,R4/11,四谷,C 渋谷,8池袋,18,10,-,-
17,新宿５,明治通り×靖国通り,R4/11,四谷,C 渋谷,8池袋,12時間計,355,-,-
17,新宿５,明治通り×靖国通り,R4/11,四谷,C 渋谷,9市ヶ谷,7,0,-,-
17,新宿５,明治通り×靖国通り,R4/11,四谷,C 渋谷,9市ヶ谷,8,0,-,-
17,新宿５,明治通り×靖国通り,R4/11,四谷,C 渋谷,9市ヶ谷,9,0,-,-
17,新宿５,明治通り×靖国通り,R4/11,四谷,C 渋谷,9市ヶ谷,10,0,-,-
17,新宿５,明治通り×靖国通り,R4/11,四谷,C 渋谷,9市ヶ谷,11,0,-,-
17,新宿５,明治通り×靖国通り,R4/11,四谷,C 渋谷,9市ヶ谷,12,0,-,-
17,新宿５,明治通り×靖国通り,R4/11,四谷,C 渋谷,9市ヶ谷,13,0,-,-
17,新宿５,明治通り×靖国通り,R4/11,四谷,C 渋谷,9市ヶ谷,14,0,-,-
17,新宿５,明治通り×靖国通り,R4/11,四谷,C 渋谷,9市ヶ谷,15,0,-,-
17,新宿５,明治通り×靖国通り,R4/11,四谷,C 渋谷,9市ヶ谷,16,0,-,-
17,新宿５,明治通り×靖国通り,R4/11,四谷,C 渋谷,9市ヶ谷,17,1,-,-
17,新宿５,明治通り×靖国通り,R4/11,四谷,C 渋谷,9市ヶ谷,18,0,-,-
17,新宿５,明治通り×靖国通り,R4/11,四谷,C 渋谷,9市ヶ谷,12時間計,1,-,-
17,新宿５,明治通り×靖国通り,R4/11,四谷,C 渋谷,流入計,7,17,13,30
17,新宿５,明治通り×靖国通り,R4/11,四谷,C 渋谷,流入計,8,38,15,53
17,新宿５,明治通り×靖国通り,R4/11,四谷,C 渋谷,流入計,9,28,10,38
17,新宿５,明治通り×靖国通り,R4/11,四谷,C 渋谷,流入計,10,25,2,27
17,新宿５,明治通り×靖国通り,R4/11,四谷,C 渋谷,流入計,11,34,12,46
17,新宿５,明治通り×靖国通り,R4/11,四谷,C 渋谷,流入計,12,29,20,49
17,新宿５,明治通り×靖国通り,R4/11,四谷,C 渋谷,流入計,13,48,16,64
17,新宿５,明治通り×靖国通り,R4/11,四谷,C 渋谷,流入計,14,37,14,51
17,新宿５,明治通り×靖国通り,R4/11,四谷,C 渋谷,流入計,15,43,9,52
17,新宿５,明治通り×靖国通り,R4/11,四谷,C 渋谷,流入計,16,48,7,55
17,新宿５,明治通り×靖国通り,R4/11,四谷,C 渋谷,流入計,17,32,6,38
17,新宿５,明治通り×靖国通り,R4/11,四谷,C 渋谷,流入計,18,13,19,32
17,新宿５,明治通り×靖国通り,R4/11,四谷,C 渋谷,流入計,12時間計,392,143,535
17,新宿５,明治通り×靖国通り,R4/11,四谷,D 市ヶ谷,10渋谷,7,0,-,-
17,新宿５,明治通り×靖国通り,R4/11,四谷,D 市ヶ谷,10渋谷,8,0,-,-
17,新宿５,明治通り×靖国通り,R4/11,四谷,D 市ヶ谷,10渋谷,9,1,-,-
17,新宿５,明治通り×靖国通り,R4/11,四谷,D 市ヶ谷,10渋谷,10,2,-,-
17,新宿５,明治通り×靖国通り,R4/11,四谷,D 市ヶ谷,10渋谷,11,3,-,-
17,新宿５,明治通り×靖国通り,R4/11,四谷,D 市ヶ谷,10渋谷,12,0,-,-
17,新宿５,明治通り×靖国通り,R4/11,四谷,D 市ヶ谷,10渋谷,13,0,-,-
17,新宿５,明治通り×靖国通り,R4/11,四谷,D 市ヶ谷,10渋谷,14,0,-,-
17,新宿５,明治通り×靖国通り,R4/11,四谷,D 市ヶ谷,10渋谷,15,1,-,-
17,新宿５,明治通り×靖国通り,R4/11,四谷,D 市ヶ谷,10渋谷,16,1,-,-
17,新宿５,明治通り×靖国通り,R4/11,四谷,D 市ヶ谷,10渋谷,17,2,-,-
17,新宿５,明治通り×靖国通り,R4/11,四谷,D 市ヶ谷,10渋谷,18,1,-,-
17,新宿５,明治通り×靖国通り,R4/11,四谷,D 市ヶ谷,10渋谷,12時間計,11,-,-
17,新宿５,明治通り×靖国通り,R4/11,四谷,D 市ヶ谷,11西新宿,7,24,-,-
17,新宿５,明治通り×靖国通り,R4/11,四谷,D 市ヶ谷,11西新宿,8,41,-,-
17,新宿５,明治通り×靖国通り,R4/11,四谷,D 市ヶ谷,11西新宿,9,45,-,-
17,新宿５,明治通り×靖国通り,R4/11,四谷,D 市ヶ谷,11西新宿,10,33,-,-
17,新宿５,明治通り×靖国通り,R4/11,四谷,D 市ヶ谷,11西新宿,11,40,-,-
17,新宿５,明治通り×靖国通り,R4/11,四谷,D 市ヶ谷,11西新宿,12,63,-,-
17,新宿５,明治通り×靖国通り,R4/11,四谷,D 市ヶ谷,11西新宿,13,63,-,-
17,新宿５,明治通り×靖国通り,R4/11,四谷,D 市ヶ谷,11西新宿,14,65,-,-
17,新宿５,明治通り×靖国通り,R4/11,四谷,D 市ヶ谷,11西新宿,15,49,-,-
17,新宿５,明治通り×靖国通り,R4/11,四谷,D 市ヶ谷,11西新宿,16,56,-,-
17,新宿５,明治通り×靖国通り,R4/11,四谷,D 市ヶ谷,11西新宿,17,57,-,-
17,新宿５,明治通り×靖国通り,R4/11,四谷,D 市ヶ谷,11西新宿,18,87,-,-
17,新宿５,明治通り×靖国通り,R4/11,四谷,D 市ヶ谷,11西新宿,12時間計,623,-,-
17,新宿５,明治通り×靖国通り,R4/11,四谷,D 市ヶ谷,12池袋,7,0,-,-
17,新宿５,明治通り×靖国通り,R4/11,四谷,D 市ヶ谷,12池袋,8,0,-,-
17,新宿５,明治通り×靖国通り,R4/11,四谷,D 市ヶ谷,12池袋,9,4,-,-
17,新宿５,明治通り×靖国通り,R4/11,四谷,D 市ヶ谷,12池袋,10,1,-,-
17,新宿５,明治通り×靖国通り,R4/11,四谷,D 市ヶ谷,12池袋,11,0,-,-
17,新宿５,明治通り×靖国通り,R4/11,四谷,D 市ヶ谷,12池袋,12,0,-,-
17,新宿５,明治通り×靖国通り,R4/11,四谷,D 市ヶ谷,12池袋,13,0,-,-
17,新宿５,明治通り×靖国通り,R4/11,四谷,D 市ヶ谷,12池袋,14,0,-,-
17,新宿５,明治通り×靖国通り,R4/11,四谷,D 市ヶ谷,12池袋,15,0,-,-
17,新宿５,明治通り×靖国通り,R4/11,四谷,D 市ヶ谷,12池袋,16,0,-,-
17,新宿５,明治通り×靖国通り,R4/11,四谷,D 市ヶ谷,12池袋,17,0,-,-
17,新宿５,明治通り×靖国通り,R4/11,四谷,D 市ヶ谷,12池袋,18,0,-,-
17,新宿５,明治通り×靖国通り,R4/11,四谷,D 市ヶ谷,12池袋,12時間計,5,-,-
17,新宿５,明治通り×靖国通り,R4/11,四谷,D 市ヶ谷,流入計,7,24,12,36
17,新宿５,明治通り×靖国通り,R4/11,四谷,D 市ヶ谷,流入計,8,41,8,49
17,新宿５,明治通り×靖国通り,R4/11,四谷,D 市ヶ谷,流入計,9,50,21,71
17,新宿５,明治通り×靖国通り,R4/11,四谷,D 市ヶ谷,流入計,10,36,41,77
17,新宿５,明治通り×靖国通り,R4/11,四谷,D 市ヶ谷,流入計,11,43,46,89
17,新宿５,明治通り×靖国通り,R4/11,四谷,D 市ヶ谷,流入計,12,63,30,93
17,新宿５,明治通り×靖国通り,R4/11,四谷,D 市ヶ谷,流入計,13,63,27,90
17,新宿５,明治通り×靖国通り,R4/11,四谷,D 市ヶ谷,流入計,14,65,15,80
17,新宿５,明治通り×靖国通り,R4/11,四谷,D 市ヶ谷,流入計,15,50,25,75
17,新宿５,明治通り×靖国通り,R4/11,四谷,D 市ヶ谷,流入計,16,57,40,97
17,新宿５,明治通り×靖国通り,R4/11,四谷,D 市ヶ谷,流入計,17,59,42,101
17,新宿５,明治通り×靖国通り,R4/11,四谷,D 市ヶ谷,流入計,18,88,52,140
17,新宿５,明治通り×靖国通り,R4/11,四谷,D 市ヶ谷,流入計,12時間計,639,359,998
17,新宿５,明治通り×靖国通り,R4/11,四谷,全方向計,全方向計,7,99,68,167
17,新宿５,明治通り×靖国通り,R4/11,四谷,全方向計,全方向計,8,178,89,267
17,新宿５,明治通り×靖国通り,R4/11,四谷,全方向計,全方向計,9,204,106,310
17,新宿５,明治通り×靖国通り,R4/11,四谷,全方向計,全方向計,10,144,109,253
17,新宿５,明治通り×靖国通り,R4/11,四谷,全方向計,全方向計,11,153,101,254
17,新宿５,明治通り×靖国通り,R4/11,四谷,全方向計,全方向計,12,160,105,265
17,新宿５,明治通り×靖国通り,R4/11,四谷,全方向計,全方向計,13,194,109,303
17,新宿５,明治通り×靖国通り,R4/11,四谷,全方向計,全方向計,14,162,103,265
17,新宿５,明治通り×靖国通り,R4/11,四谷,全方向計,全方向計,15,158,120,278
17,新宿５,明治通り×靖国通り,R4/11,四谷,全方向計,全方向計,16,206,129,335
17,新宿５,明治通り×靖国通り,R4/11,四谷,全方向計,全方向計,17,171,89,260
17,新宿５,明治通り×靖国通り,R4/11,四谷,全方向計,全方向計,18,178,111,289
17,新宿５,明治通り×靖国通り,R4/11,四谷,全方向計,全方向計,12時間計,2007,1239,3246
