﻿地点番号,地点名,交差道路名,調査年月,管轄警察署,流入方向,流出方向,時間帯等,車道通行自転車,歩道通行自転車,自転車計
36,若林,環七通り×世田谷通り,R4/11,世田谷,A 大原,1渋谷,7,0,-,-
36,若林,環七通り×世田谷通り,R4/11,世田谷,A 大原,1渋谷,8,2,-,-
36,若林,環七通り×世田谷通り,R4/11,世田谷,A 大原,1渋谷,9,5,-,-
36,若林,環七通り×世田谷通り,R4/11,世田谷,A 大原,1渋谷,10,0,-,-
36,若林,環七通り×世田谷通り,R4/11,世田谷,A 大原,1渋谷,11,2,-,-
36,若林,環七通り×世田谷通り,R4/11,世田谷,A 大原,1渋谷,12,0,-,-
36,若林,環七通り×世田谷通り,R4/11,世田谷,A 大原,1渋谷,13,0,-,-
36,若林,環七通り×世田谷通り,R4/11,世田谷,A 大原,1渋谷,14,1,-,-
36,若林,環七通り×世田谷通り,R4/11,世田谷,A 大原,1渋谷,15,0,-,-
36,若林,環七通り×世田谷通り,R4/11,世田谷,A 大原,1渋谷,16,3,-,-
36,若林,環七通り×世田谷通り,R4/11,世田谷,A 大原,1渋谷,17,0,-,-
36,若林,環七通り×世田谷通り,R4/11,世田谷,A 大原,1渋谷,18,0,-,-
36,若林,環七通り×世田谷通り,R4/11,世田谷,A 大原,1渋谷,12時間計,13,-,-
36,若林,環七通り×世田谷通り,R4/11,世田谷,A 大原,2平和島,7,33,-,-
36,若林,環七通り×世田谷通り,R4/11,世田谷,A 大原,2平和島,8,24,-,-
36,若林,環七通り×世田谷通り,R4/11,世田谷,A 大原,2平和島,9,15,-,-
36,若林,環七通り×世田谷通り,R4/11,世田谷,A 大原,2平和島,10,12,-,-
36,若林,環七通り×世田谷通り,R4/11,世田谷,A 大原,2平和島,11,9,-,-
36,若林,環七通り×世田谷通り,R4/11,世田谷,A 大原,2平和島,12,17,-,-
36,若林,環七通り×世田谷通り,R4/11,世田谷,A 大原,2平和島,13,14,-,-
36,若林,環七通り×世田谷通り,R4/11,世田谷,A 大原,2平和島,14,13,-,-
36,若林,環七通り×世田谷通り,R4/11,世田谷,A 大原,2平和島,15,14,-,-
36,若林,環七通り×世田谷通り,R4/11,世田谷,A 大原,2平和島,16,15,-,-
36,若林,環七通り×世田谷通り,R4/11,世田谷,A 大原,2平和島,17,18,-,-
36,若林,環七通り×世田谷通り,R4/11,世田谷,A 大原,2平和島,18,16,-,-
36,若林,環七通り×世田谷通り,R4/11,世田谷,A 大原,2平和島,12時間計,200,-,-
36,若林,環七通り×世田谷通り,R4/11,世田谷,A 大原,3成城,7,0,-,-
36,若林,環七通り×世田谷通り,R4/11,世田谷,A 大原,3成城,8,0,-,-
36,若林,環七通り×世田谷通り,R4/11,世田谷,A 大原,3成城,9,1,-,-
36,若林,環七通り×世田谷通り,R4/11,世田谷,A 大原,3成城,10,0,-,-
36,若林,環七通り×世田谷通り,R4/11,世田谷,A 大原,3成城,11,0,-,-
36,若林,環七通り×世田谷通り,R4/11,世田谷,A 大原,3成城,12,0,-,-
36,若林,環七通り×世田谷通り,R4/11,世田谷,A 大原,3成城,13,0,-,-
36,若林,環七通り×世田谷通り,R4/11,世田谷,A 大原,3成城,14,0,-,-
36,若林,環七通り×世田谷通り,R4/11,世田谷,A 大原,3成城,15,0,-,-
36,若林,環七通り×世田谷通り,R4/11,世田谷,A 大原,3成城,16,0,-,-
36,若林,環七通り×世田谷通り,R4/11,世田谷,A 大原,3成城,17,1,-,-
36,若林,環七通り×世田谷通り,R4/11,世田谷,A 大原,3成城,18,1,-,-
36,若林,環七通り×世田谷通り,R4/11,世田谷,A 大原,3成城,12時間計,3,-,-
36,若林,環七通り×世田谷通り,R4/11,世田谷,A 大原,4平和島,7,0,-,-
36,若林,環七通り×世田谷通り,R4/11,世田谷,A 大原,4平和島,8,0,-,-
36,若林,環七通り×世田谷通り,R4/11,世田谷,A 大原,4平和島,9,0,-,-
36,若林,環七通り×世田谷通り,R4/11,世田谷,A 大原,4平和島,10,0,-,-
36,若林,環七通り×世田谷通り,R4/11,世田谷,A 大原,4平和島,11,0,-,-
36,若林,環七通り×世田谷通り,R4/11,世田谷,A 大原,4平和島,12,0,-,-
36,若林,環七通り×世田谷通り,R4/11,世田谷,A 大原,4平和島,13,0,-,-
36,若林,環七通り×世田谷通り,R4/11,世田谷,A 大原,4平和島,14,0,-,-
36,若林,環七通り×世田谷通り,R4/11,世田谷,A 大原,4平和島,15,0,-,-
36,若林,環七通り×世田谷通り,R4/11,世田谷,A 大原,4平和島,16,0,-,-
36,若林,環七通り×世田谷通り,R4/11,世田谷,A 大原,4平和島,17,0,-,-
36,若林,環七通り×世田谷通り,R4/11,世田谷,A 大原,4平和島,18,0,-,-
36,若林,環七通り×世田谷通り,R4/11,世田谷,A 大原,4平和島,12時間計,0,-,-
36,若林,環七通り×世田谷通り,R4/11,世田谷,A 大原,流入計,7,33,62,95
36,若林,環七通り×世田谷通り,R4/11,世田谷,A 大原,流入計,8,26,76,102
36,若林,環七通り×世田谷通り,R4/11,世田谷,A 大原,流入計,9,21,57,78
36,若林,環七通り×世田谷通り,R4/11,世田谷,A 大原,流入計,10,12,54,66
36,若林,環七通り×世田谷通り,R4/11,世田谷,A 大原,流入計,11,11,46,57
36,若林,環七通り×世田谷通り,R4/11,世田谷,A 大原,流入計,12,17,65,82
36,若林,環七通り×世田谷通り,R4/11,世田谷,A 大原,流入計,13,14,66,80
36,若林,環七通り×世田谷通り,R4/11,世田谷,A 大原,流入計,14,14,52,66
36,若林,環七通り×世田谷通り,R4/11,世田谷,A 大原,流入計,15,14,44,58
36,若林,環七通り×世田谷通り,R4/11,世田谷,A 大原,流入計,16,18,69,87
36,若林,環七通り×世田谷通り,R4/11,世田谷,A 大原,流入計,17,19,69,88
36,若林,環七通り×世田谷通り,R4/11,世田谷,A 大原,流入計,18,17,68,85
36,若林,環七通り×世田谷通り,R4/11,世田谷,A 大原,流入計,12時間計,216,728,944
36,若林,環七通り×世田谷通り,R4/11,世田谷,B 成城,5大原,7,2,-,-
36,若林,環七通り×世田谷通り,R4/11,世田谷,B 成城,5大原,8,1,-,-
36,若林,環七通り×世田谷通り,R4/11,世田谷,B 成城,5大原,9,1,-,-
36,若林,環七通り×世田谷通り,R4/11,世田谷,B 成城,5大原,10,1,-,-
36,若林,環七通り×世田谷通り,R4/11,世田谷,B 成城,5大原,11,8,-,-
36,若林,環七通り×世田谷通り,R4/11,世田谷,B 成城,5大原,12,8,-,-
36,若林,環七通り×世田谷通り,R4/11,世田谷,B 成城,5大原,13,0,-,-
36,若林,環七通り×世田谷通り,R4/11,世田谷,B 成城,5大原,14,2,-,-
36,若林,環七通り×世田谷通り,R4/11,世田谷,B 成城,5大原,15,4,-,-
36,若林,環七通り×世田谷通り,R4/11,世田谷,B 成城,5大原,16,0,-,-
36,若林,環七通り×世田谷通り,R4/11,世田谷,B 成城,5大原,17,4,-,-
36,若林,環七通り×世田谷通り,R4/11,世田谷,B 成城,5大原,18,2,-,-
36,若林,環七通り×世田谷通り,R4/11,世田谷,B 成城,5大原,12時間計,33,-,-
36,若林,環七通り×世田谷通り,R4/11,世田谷,B 成城,6渋谷,7,96,-,-
36,若林,環七通り×世田谷通り,R4/11,世田谷,B 成城,6渋谷,8,167,-,-
36,若林,環七通り×世田谷通り,R4/11,世田谷,B 成城,6渋谷,9,193,-,-
36,若林,環七通り×世田谷通り,R4/11,世田谷,B 成城,6渋谷,10,157,-,-
36,若林,環七通り×世田谷通り,R4/11,世田谷,B 成城,6渋谷,11,127,-,-
36,若林,環七通り×世田谷通り,R4/11,世田谷,B 成城,6渋谷,12,95,-,-
36,若林,環七通り×世田谷通り,R4/11,世田谷,B 成城,6渋谷,13,53,-,-
36,若林,環七通り×世田谷通り,R4/11,世田谷,B 成城,6渋谷,14,63,-,-
36,若林,環七通り×世田谷通り,R4/11,世田谷,B 成城,6渋谷,15,77,-,-
36,若林,環七通り×世田谷通り,R4/11,世田谷,B 成城,6渋谷,16,80,-,-
36,若林,環七通り×世田谷通り,R4/11,世田谷,B 成城,6渋谷,17,79,-,-
36,若林,環七通り×世田谷通り,R4/11,世田谷,B 成城,6渋谷,18,66,-,-
36,若林,環七通り×世田谷通り,R4/11,世田谷,B 成城,6渋谷,12時間計,1253,-,-
36,若林,環七通り×世田谷通り,R4/11,世田谷,B 成城,7平和島,7,1,-,-
36,若林,環七通り×世田谷通り,R4/11,世田谷,B 成城,7平和島,8,0,-,-
36,若林,環七通り×世田谷通り,R4/11,世田谷,B 成城,7平和島,9,0,-,-
36,若林,環七通り×世田谷通り,R4/11,世田谷,B 成城,7平和島,10,1,-,-
36,若林,環七通り×世田谷通り,R4/11,世田谷,B 成城,7平和島,11,0,-,-
36,若林,環七通り×世田谷通り,R4/11,世田谷,B 成城,7平和島,12,0,-,-
36,若林,環七通り×世田谷通り,R4/11,世田谷,B 成城,7平和島,13,1,-,-
36,若林,環七通り×世田谷通り,R4/11,世田谷,B 成城,7平和島,14,0,-,-
36,若林,環七通り×世田谷通り,R4/11,世田谷,B 成城,7平和島,15,0,-,-
36,若林,環七通り×世田谷通り,R4/11,世田谷,B 成城,7平和島,16,0,-,-
36,若林,環七通り×世田谷通り,R4/11,世田谷,B 成城,7平和島,17,0,-,-
36,若林,環七通り×世田谷通り,R4/11,世田谷,B 成城,7平和島,18,1,-,-
36,若林,環七通り×世田谷通り,R4/11,世田谷,B 成城,7平和島,12時間計,4,-,-
36,若林,環七通り×世田谷通り,R4/11,世田谷,B 成城,流入計,7,99,140,239
36,若林,環七通り×世田谷通り,R4/11,世田谷,B 成城,流入計,8,168,219,387
36,若林,環七通り×世田谷通り,R4/11,世田谷,B 成城,流入計,9,194,188,382
36,若林,環七通り×世田谷通り,R4/11,世田谷,B 成城,流入計,10,159,153,312
36,若林,環七通り×世田谷通り,R4/11,世田谷,B 成城,流入計,11,135,175,310
36,若林,環七通り×世田谷通り,R4/11,世田谷,B 成城,流入計,12,103,156,259
36,若林,環七通り×世田谷通り,R4/11,世田谷,B 成城,流入計,13,54,154,208
36,若林,環七通り×世田谷通り,R4/11,世田谷,B 成城,流入計,14,65,119,184
36,若林,環七通り×世田谷通り,R4/11,世田谷,B 成城,流入計,15,81,106,187
36,若林,環七通り×世田谷通り,R4/11,世田谷,B 成城,流入計,16,80,123,203
36,若林,環七通り×世田谷通り,R4/11,世田谷,B 成城,流入計,17,83,131,214
36,若林,環七通り×世田谷通り,R4/11,世田谷,B 成城,流入計,18,69,88,157
36,若林,環七通り×世田谷通り,R4/11,世田谷,B 成城,流入計,12時間計,1290,1752,3042
36,若林,環七通り×世田谷通り,R4/11,世田谷,C 平和島,8成城,7,12,-,-
36,若林,環七通り×世田谷通り,R4/11,世田谷,C 平和島,8成城,8,18,-,-
36,若林,環七通り×世田谷通り,R4/11,世田谷,C 平和島,8成城,9,4,-,-
36,若林,環七通り×世田谷通り,R4/11,世田谷,C 平和島,8成城,10,0,-,-
36,若林,環七通り×世田谷通り,R4/11,世田谷,C 平和島,8成城,11,0,-,-
36,若林,環七通り×世田谷通り,R4/11,世田谷,C 平和島,8成城,12,1,-,-
36,若林,環七通り×世田谷通り,R4/11,世田谷,C 平和島,8成城,13,0,-,-
36,若林,環七通り×世田谷通り,R4/11,世田谷,C 平和島,8成城,14,4,-,-
36,若林,環七通り×世田谷通り,R4/11,世田谷,C 平和島,8成城,15,1,-,-
36,若林,環七通り×世田谷通り,R4/11,世田谷,C 平和島,8成城,16,2,-,-
36,若林,環七通り×世田谷通り,R4/11,世田谷,C 平和島,8成城,17,1,-,-
36,若林,環七通り×世田谷通り,R4/11,世田谷,C 平和島,8成城,18,3,-,-
36,若林,環七通り×世田谷通り,R4/11,世田谷,C 平和島,8成城,12時間計,46,-,-
36,若林,環七通り×世田谷通り,R4/11,世田谷,C 平和島,9大原,7,10,-,-
36,若林,環七通り×世田谷通り,R4/11,世田谷,C 平和島,9大原,8,50,-,-
36,若林,環七通り×世田谷通り,R4/11,世田谷,C 平和島,9大原,9,12,-,-
36,若林,環七通り×世田谷通り,R4/11,世田谷,C 平和島,9大原,10,6,-,-
36,若林,環七通り×世田谷通り,R4/11,世田谷,C 平和島,9大原,11,7,-,-
36,若林,環七通り×世田谷通り,R4/11,世田谷,C 平和島,9大原,12,10,-,-
36,若林,環七通り×世田谷通り,R4/11,世田谷,C 平和島,9大原,13,20,-,-
36,若林,環七通り×世田谷通り,R4/11,世田谷,C 平和島,9大原,14,21,-,-
36,若林,環七通り×世田谷通り,R4/11,世田谷,C 平和島,9大原,15,17,-,-
36,若林,環七通り×世田谷通り,R4/11,世田谷,C 平和島,9大原,16,24,-,-
36,若林,環七通り×世田谷通り,R4/11,世田谷,C 平和島,9大原,17,11,-,-
36,若林,環七通り×世田谷通り,R4/11,世田谷,C 平和島,9大原,18,6,-,-
36,若林,環七通り×世田谷通り,R4/11,世田谷,C 平和島,9大原,12時間計,194,-,-
36,若林,環七通り×世田谷通り,R4/11,世田谷,C 平和島,10渋谷,7,1,-,-
36,若林,環七通り×世田谷通り,R4/11,世田谷,C 平和島,10渋谷,8,0,-,-
36,若林,環七通り×世田谷通り,R4/11,世田谷,C 平和島,10渋谷,9,0,-,-
36,若林,環七通り×世田谷通り,R4/11,世田谷,C 平和島,10渋谷,10,0,-,-
36,若林,環七通り×世田谷通り,R4/11,世田谷,C 平和島,10渋谷,11,0,-,-
36,若林,環七通り×世田谷通り,R4/11,世田谷,C 平和島,10渋谷,12,0,-,-
36,若林,環七通り×世田谷通り,R4/11,世田谷,C 平和島,10渋谷,13,0,-,-
36,若林,環七通り×世田谷通り,R4/11,世田谷,C 平和島,10渋谷,14,0,-,-
36,若林,環七通り×世田谷通り,R4/11,世田谷,C 平和島,10渋谷,15,1,-,-
36,若林,環七通り×世田谷通り,R4/11,世田谷,C 平和島,10渋谷,16,0,-,-
36,若林,環七通り×世田谷通り,R4/11,世田谷,C 平和島,10渋谷,17,0,-,-
36,若林,環七通り×世田谷通り,R4/11,世田谷,C 平和島,10渋谷,18,0,-,-
36,若林,環七通り×世田谷通り,R4/11,世田谷,C 平和島,10渋谷,12時間計,2,-,-
36,若林,環七通り×世田谷通り,R4/11,世田谷,C 平和島,11大原,7,0,-,-
36,若林,環七通り×世田谷通り,R4/11,世田谷,C 平和島,11大原,8,0,-,-
36,若林,環七通り×世田谷通り,R4/11,世田谷,C 平和島,11大原,9,0,-,-
36,若林,環七通り×世田谷通り,R4/11,世田谷,C 平和島,11大原,10,0,-,-
36,若林,環七通り×世田谷通り,R4/11,世田谷,C 平和島,11大原,11,0,-,-
36,若林,環七通り×世田谷通り,R4/11,世田谷,C 平和島,11大原,12,0,-,-
36,若林,環七通り×世田谷通り,R4/11,世田谷,C 平和島,11大原,13,0,-,-
36,若林,環七通り×世田谷通り,R4/11,世田谷,C 平和島,11大原,14,0,-,-
36,若林,環七通り×世田谷通り,R4/11,世田谷,C 平和島,11大原,15,0,-,-
36,若林,環七通り×世田谷通り,R4/11,世田谷,C 平和島,11大原,16,0,-,-
36,若林,環七通り×世田谷通り,R4/11,世田谷,C 平和島,11大原,17,0,-,-
36,若林,環七通り×世田谷通り,R4/11,世田谷,C 平和島,11大原,18,0,-,-
36,若林,環七通り×世田谷通り,R4/11,世田谷,C 平和島,11大原,12時間計,0,-,-
36,若林,環七通り×世田谷通り,R4/11,世田谷,C 平和島,流入計,7,23,46,69
36,若林,環七通り×世田谷通り,R4/11,世田谷,C 平和島,流入計,8,68,59,127
36,若林,環七通り×世田谷通り,R4/11,世田谷,C 平和島,流入計,9,16,46,62
36,若林,環七通り×世田谷通り,R4/11,世田谷,C 平和島,流入計,10,6,45,51
36,若林,環七通り×世田谷通り,R4/11,世田谷,C 平和島,流入計,11,7,39,46
36,若林,環七通り×世田谷通り,R4/11,世田谷,C 平和島,流入計,12,11,54,65
36,若林,環七通り×世田谷通り,R4/11,世田谷,C 平和島,流入計,13,20,75,95
36,若林,環七通り×世田谷通り,R4/11,世田谷,C 平和島,流入計,14,25,63,88
36,若林,環七通り×世田谷通り,R4/11,世田谷,C 平和島,流入計,15,19,47,66
36,若林,環七通り×世田谷通り,R4/11,世田谷,C 平和島,流入計,16,26,55,81
36,若林,環七通り×世田谷通り,R4/11,世田谷,C 平和島,流入計,17,12,77,89
36,若林,環七通り×世田谷通り,R4/11,世田谷,C 平和島,流入計,18,9,59,68
36,若林,環七通り×世田谷通り,R4/11,世田谷,C 平和島,流入計,12時間計,242,665,907
36,若林,環七通り×世田谷通り,R4/11,世田谷,D 渋谷,12平和島,7,1,-,-
36,若林,環七通り×世田谷通り,R4/11,世田谷,D 渋谷,12平和島,8,0,-,-
36,若林,環七通り×世田谷通り,R4/11,世田谷,D 渋谷,12平和島,9,0,-,-
36,若林,環七通り×世田谷通り,R4/11,世田谷,D 渋谷,12平和島,10,0,-,-
36,若林,環七通り×世田谷通り,R4/11,世田谷,D 渋谷,12平和島,11,0,-,-
36,若林,環七通り×世田谷通り,R4/11,世田谷,D 渋谷,12平和島,12,1,-,-
36,若林,環七通り×世田谷通り,R4/11,世田谷,D 渋谷,12平和島,13,0,-,-
36,若林,環七通り×世田谷通り,R4/11,世田谷,D 渋谷,12平和島,14,0,-,-
36,若林,環七通り×世田谷通り,R4/11,世田谷,D 渋谷,12平和島,15,0,-,-
36,若林,環七通り×世田谷通り,R4/11,世田谷,D 渋谷,12平和島,16,0,-,-
36,若林,環七通り×世田谷通り,R4/11,世田谷,D 渋谷,12平和島,17,0,-,-
36,若林,環七通り×世田谷通り,R4/11,世田谷,D 渋谷,12平和島,18,1,-,-
36,若林,環七通り×世田谷通り,R4/11,世田谷,D 渋谷,12平和島,12時間計,3,-,-
36,若林,環七通り×世田谷通り,R4/11,世田谷,D 渋谷,13成城,7,35,-,-
36,若林,環七通り×世田谷通り,R4/11,世田谷,D 渋谷,13成城,8,65,-,-
36,若林,環七通り×世田谷通り,R4/11,世田谷,D 渋谷,13成城,9,34,-,-
36,若林,環七通り×世田谷通り,R4/11,世田谷,D 渋谷,13成城,10,27,-,-
36,若林,環七通り×世田谷通り,R4/11,世田谷,D 渋谷,13成城,11,38,-,-
36,若林,環七通り×世田谷通り,R4/11,世田谷,D 渋谷,13成城,12,51,-,-
36,若林,環七通り×世田谷通り,R4/11,世田谷,D 渋谷,13成城,13,23,-,-
36,若林,環七通り×世田谷通り,R4/11,世田谷,D 渋谷,13成城,14,82,-,-
36,若林,環七通り×世田谷通り,R4/11,世田谷,D 渋谷,13成城,15,64,-,-
36,若林,環七通り×世田谷通り,R4/11,世田谷,D 渋谷,13成城,16,61,-,-
36,若林,環七通り×世田谷通り,R4/11,世田谷,D 渋谷,13成城,17,87,-,-
36,若林,環七通り×世田谷通り,R4/11,世田谷,D 渋谷,13成城,18,96,-,-
36,若林,環七通り×世田谷通り,R4/11,世田谷,D 渋谷,13成城,12時間計,663,-,-
36,若林,環七通り×世田谷通り,R4/11,世田谷,D 渋谷,14大原,7,0,-,-
36,若林,環七通り×世田谷通り,R4/11,世田谷,D 渋谷,14大原,8,0,-,-
36,若林,環七通り×世田谷通り,R4/11,世田谷,D 渋谷,14大原,9,0,-,-
36,若林,環七通り×世田谷通り,R4/11,世田谷,D 渋谷,14大原,10,0,-,-
36,若林,環七通り×世田谷通り,R4/11,世田谷,D 渋谷,14大原,11,0,-,-
36,若林,環七通り×世田谷通り,R4/11,世田谷,D 渋谷,14大原,12,0,-,-
36,若林,環七通り×世田谷通り,R4/11,世田谷,D 渋谷,14大原,13,2,-,-
36,若林,環七通り×世田谷通り,R4/11,世田谷,D 渋谷,14大原,14,0,-,-
36,若林,環七通り×世田谷通り,R4/11,世田谷,D 渋谷,14大原,15,1,-,-
36,若林,環七通り×世田谷通り,R4/11,世田谷,D 渋谷,14大原,16,0,-,-
36,若林,環七通り×世田谷通り,R4/11,世田谷,D 渋谷,14大原,17,0,-,-
36,若林,環七通り×世田谷通り,R4/11,世田谷,D 渋谷,14大原,18,1,-,-
36,若林,環七通り×世田谷通り,R4/11,世田谷,D 渋谷,14大原,12時間計,4,-,-
36,若林,環七通り×世田谷通り,R4/11,世田谷,D 渋谷,流入計,7,36,47,83
36,若林,環七通り×世田谷通り,R4/11,世田谷,D 渋谷,流入計,8,65,71,136
36,若林,環七通り×世田谷通り,R4/11,世田谷,D 渋谷,流入計,9,34,78,112
36,若林,環七通り×世田谷通り,R4/11,世田谷,D 渋谷,流入計,10,27,93,120
36,若林,環七通り×世田谷通り,R4/11,世田谷,D 渋谷,流入計,11,38,113,151
36,若林,環七通り×世田谷通り,R4/11,世田谷,D 渋谷,流入計,12,52,139,191
36,若林,環七通り×世田谷通り,R4/11,世田谷,D 渋谷,流入計,13,25,85,110
36,若林,環七通り×世田谷通り,R4/11,世田谷,D 渋谷,流入計,14,82,133,215
36,若林,環七通り×世田谷通り,R4/11,世田谷,D 渋谷,流入計,15,65,104,169
36,若林,環七通り×世田谷通り,R4/11,世田谷,D 渋谷,流入計,16,61,136,197
36,若林,環七通り×世田谷通り,R4/11,世田谷,D 渋谷,流入計,17,87,201,288
36,若林,環七通り×世田谷通り,R4/11,世田谷,D 渋谷,流入計,18,98,205,303
36,若林,環七通り×世田谷通り,R4/11,世田谷,D 渋谷,流入計,12時間計,670,1405,2075
36,若林,環七通り×世田谷通り,R4/11,世田谷,全方向計,全方向計,7,191,295,486
36,若林,環七通り×世田谷通り,R4/11,世田谷,全方向計,全方向計,8,327,425,752
36,若林,環七通り×世田谷通り,R4/11,世田谷,全方向計,全方向計,9,265,369,634
36,若林,環七通り×世田谷通り,R4/11,世田谷,全方向計,全方向計,10,204,345,549
36,若林,環七通り×世田谷通り,R4/11,世田谷,全方向計,全方向計,11,191,373,564
36,若林,環七通り×世田谷通り,R4/11,世田谷,全方向計,全方向計,12,183,414,597
36,若林,環七通り×世田谷通り,R4/11,世田谷,全方向計,全方向計,13,113,380,493
36,若林,環七通り×世田谷通り,R4/11,世田谷,全方向計,全方向計,14,186,367,553
36,若林,環七通り×世田谷通り,R4/11,世田谷,全方向計,全方向計,15,179,301,480
36,若林,環七通り×世田谷通り,R4/11,世田谷,全方向計,全方向計,16,185,383,568
36,若林,環七通り×世田谷通り,R4/11,世田谷,全方向計,全方向計,17,201,478,679
36,若林,環七通り×世田谷通り,R4/11,世田谷,全方向計,全方向計,18,193,420,613
36,若林,環七通り×世田谷通り,R4/11,世田谷,全方向計,全方向計,12時間計,2418,4550,6968
