﻿地点番号,地点名,交差道路名,調査年月,管轄警察署,流入方向,流出方向,時間帯等,車道通行自転車,歩道通行自転車,自転車計
92,箱根ヶ崎西,東京環状×青梅街道,R4/10,福生,A 入間,1東大和,7,0,-,-
92,箱根ヶ崎西,東京環状×青梅街道,R4/10,福生,A 入間,1東大和,8,0,-,-
92,箱根ヶ崎西,東京環状×青梅街道,R4/10,福生,A 入間,1東大和,9,0,-,-
92,箱根ヶ崎西,東京環状×青梅街道,R4/10,福生,A 入間,1東大和,10,0,-,-
92,箱根ヶ崎西,東京環状×青梅街道,R4/10,福生,A 入間,1東大和,11,0,-,-
92,箱根ヶ崎西,東京環状×青梅街道,R4/10,福生,A 入間,1東大和,12,0,-,-
92,箱根ヶ崎西,東京環状×青梅街道,R4/10,福生,A 入間,1東大和,13,0,-,-
92,箱根ヶ崎西,東京環状×青梅街道,R4/10,福生,A 入間,1東大和,14,0,-,-
92,箱根ヶ崎西,東京環状×青梅街道,R4/10,福生,A 入間,1東大和,15,0,-,-
92,箱根ヶ崎西,東京環状×青梅街道,R4/10,福生,A 入間,1東大和,16,0,-,-
92,箱根ヶ崎西,東京環状×青梅街道,R4/10,福生,A 入間,1東大和,17,0,-,-
92,箱根ヶ崎西,東京環状×青梅街道,R4/10,福生,A 入間,1東大和,18,0,-,-
92,箱根ヶ崎西,東京環状×青梅街道,R4/10,福生,A 入間,1東大和,12時間計,0,-,-
92,箱根ヶ崎西,東京環状×青梅街道,R4/10,福生,A 入間,2昭島,7,0,-,-
92,箱根ヶ崎西,東京環状×青梅街道,R4/10,福生,A 入間,2昭島,8,0,-,-
92,箱根ヶ崎西,東京環状×青梅街道,R4/10,福生,A 入間,2昭島,9,0,-,-
92,箱根ヶ崎西,東京環状×青梅街道,R4/10,福生,A 入間,2昭島,10,0,-,-
92,箱根ヶ崎西,東京環状×青梅街道,R4/10,福生,A 入間,2昭島,11,0,-,-
92,箱根ヶ崎西,東京環状×青梅街道,R4/10,福生,A 入間,2昭島,12,0,-,-
92,箱根ヶ崎西,東京環状×青梅街道,R4/10,福生,A 入間,2昭島,13,0,-,-
92,箱根ヶ崎西,東京環状×青梅街道,R4/10,福生,A 入間,2昭島,14,0,-,-
92,箱根ヶ崎西,東京環状×青梅街道,R4/10,福生,A 入間,2昭島,15,0,-,-
92,箱根ヶ崎西,東京環状×青梅街道,R4/10,福生,A 入間,2昭島,16,0,-,-
92,箱根ヶ崎西,東京環状×青梅街道,R4/10,福生,A 入間,2昭島,17,2,-,-
92,箱根ヶ崎西,東京環状×青梅街道,R4/10,福生,A 入間,2昭島,18,0,-,-
92,箱根ヶ崎西,東京環状×青梅街道,R4/10,福生,A 入間,2昭島,12時間計,2,-,-
92,箱根ヶ崎西,東京環状×青梅街道,R4/10,福生,A 入間,3青梅,7,0,-,-
92,箱根ヶ崎西,東京環状×青梅街道,R4/10,福生,A 入間,3青梅,8,1,-,-
92,箱根ヶ崎西,東京環状×青梅街道,R4/10,福生,A 入間,3青梅,9,0,-,-
92,箱根ヶ崎西,東京環状×青梅街道,R4/10,福生,A 入間,3青梅,10,0,-,-
92,箱根ヶ崎西,東京環状×青梅街道,R4/10,福生,A 入間,3青梅,11,0,-,-
92,箱根ヶ崎西,東京環状×青梅街道,R4/10,福生,A 入間,3青梅,12,0,-,-
92,箱根ヶ崎西,東京環状×青梅街道,R4/10,福生,A 入間,3青梅,13,0,-,-
92,箱根ヶ崎西,東京環状×青梅街道,R4/10,福生,A 入間,3青梅,14,0,-,-
92,箱根ヶ崎西,東京環状×青梅街道,R4/10,福生,A 入間,3青梅,15,0,-,-
92,箱根ヶ崎西,東京環状×青梅街道,R4/10,福生,A 入間,3青梅,16,0,-,-
92,箱根ヶ崎西,東京環状×青梅街道,R4/10,福生,A 入間,3青梅,17,0,-,-
92,箱根ヶ崎西,東京環状×青梅街道,R4/10,福生,A 入間,3青梅,18,0,-,-
92,箱根ヶ崎西,東京環状×青梅街道,R4/10,福生,A 入間,3青梅,12時間計,1,-,-
92,箱根ヶ崎西,東京環状×青梅街道,R4/10,福生,A 入間,4昭島,7,0,-,-
92,箱根ヶ崎西,東京環状×青梅街道,R4/10,福生,A 入間,4昭島,8,0,-,-
92,箱根ヶ崎西,東京環状×青梅街道,R4/10,福生,A 入間,4昭島,9,0,-,-
92,箱根ヶ崎西,東京環状×青梅街道,R4/10,福生,A 入間,4昭島,10,0,-,-
92,箱根ヶ崎西,東京環状×青梅街道,R4/10,福生,A 入間,4昭島,11,0,-,-
92,箱根ヶ崎西,東京環状×青梅街道,R4/10,福生,A 入間,4昭島,12,0,-,-
92,箱根ヶ崎西,東京環状×青梅街道,R4/10,福生,A 入間,4昭島,13,0,-,-
92,箱根ヶ崎西,東京環状×青梅街道,R4/10,福生,A 入間,4昭島,14,0,-,-
92,箱根ヶ崎西,東京環状×青梅街道,R4/10,福生,A 入間,4昭島,15,0,-,-
92,箱根ヶ崎西,東京環状×青梅街道,R4/10,福生,A 入間,4昭島,16,0,-,-
92,箱根ヶ崎西,東京環状×青梅街道,R4/10,福生,A 入間,4昭島,17,0,-,-
92,箱根ヶ崎西,東京環状×青梅街道,R4/10,福生,A 入間,4昭島,18,0,-,-
92,箱根ヶ崎西,東京環状×青梅街道,R4/10,福生,A 入間,4昭島,12時間計,0,-,-
92,箱根ヶ崎西,東京環状×青梅街道,R4/10,福生,A 入間,流入計,7,0,11,11
92,箱根ヶ崎西,東京環状×青梅街道,R4/10,福生,A 入間,流入計,8,1,13,14
92,箱根ヶ崎西,東京環状×青梅街道,R4/10,福生,A 入間,流入計,9,0,13,13
92,箱根ヶ崎西,東京環状×青梅街道,R4/10,福生,A 入間,流入計,10,0,9,9
92,箱根ヶ崎西,東京環状×青梅街道,R4/10,福生,A 入間,流入計,11,0,16,16
92,箱根ヶ崎西,東京環状×青梅街道,R4/10,福生,A 入間,流入計,12,0,29,29
92,箱根ヶ崎西,東京環状×青梅街道,R4/10,福生,A 入間,流入計,13,0,31,31
92,箱根ヶ崎西,東京環状×青梅街道,R4/10,福生,A 入間,流入計,14,0,51,51
92,箱根ヶ崎西,東京環状×青梅街道,R4/10,福生,A 入間,流入計,15,0,27,27
92,箱根ヶ崎西,東京環状×青梅街道,R4/10,福生,A 入間,流入計,16,0,26,26
92,箱根ヶ崎西,東京環状×青梅街道,R4/10,福生,A 入間,流入計,17,2,66,68
92,箱根ヶ崎西,東京環状×青梅街道,R4/10,福生,A 入間,流入計,18,0,24,24
92,箱根ヶ崎西,東京環状×青梅街道,R4/10,福生,A 入間,流入計,12時間計,3,316,319
92,箱根ヶ崎西,東京環状×青梅街道,R4/10,福生,B 青梅,5入間,7,0,-,-
92,箱根ヶ崎西,東京環状×青梅街道,R4/10,福生,B 青梅,5入間,8,0,-,-
92,箱根ヶ崎西,東京環状×青梅街道,R4/10,福生,B 青梅,5入間,9,0,-,-
92,箱根ヶ崎西,東京環状×青梅街道,R4/10,福生,B 青梅,5入間,10,0,-,-
92,箱根ヶ崎西,東京環状×青梅街道,R4/10,福生,B 青梅,5入間,11,0,-,-
92,箱根ヶ崎西,東京環状×青梅街道,R4/10,福生,B 青梅,5入間,12,0,-,-
92,箱根ヶ崎西,東京環状×青梅街道,R4/10,福生,B 青梅,5入間,13,0,-,-
92,箱根ヶ崎西,東京環状×青梅街道,R4/10,福生,B 青梅,5入間,14,0,-,-
92,箱根ヶ崎西,東京環状×青梅街道,R4/10,福生,B 青梅,5入間,15,0,-,-
92,箱根ヶ崎西,東京環状×青梅街道,R4/10,福生,B 青梅,5入間,16,0,-,-
92,箱根ヶ崎西,東京環状×青梅街道,R4/10,福生,B 青梅,5入間,17,0,-,-
92,箱根ヶ崎西,東京環状×青梅街道,R4/10,福生,B 青梅,5入間,18,0,-,-
92,箱根ヶ崎西,東京環状×青梅街道,R4/10,福生,B 青梅,5入間,12時間計,0,-,-
92,箱根ヶ崎西,東京環状×青梅街道,R4/10,福生,B 青梅,6東大和,7,2,-,-
92,箱根ヶ崎西,東京環状×青梅街道,R4/10,福生,B 青梅,6東大和,8,2,-,-
92,箱根ヶ崎西,東京環状×青梅街道,R4/10,福生,B 青梅,6東大和,9,0,-,-
92,箱根ヶ崎西,東京環状×青梅街道,R4/10,福生,B 青梅,6東大和,10,0,-,-
92,箱根ヶ崎西,東京環状×青梅街道,R4/10,福生,B 青梅,6東大和,11,0,-,-
92,箱根ヶ崎西,東京環状×青梅街道,R4/10,福生,B 青梅,6東大和,12,1,-,-
92,箱根ヶ崎西,東京環状×青梅街道,R4/10,福生,B 青梅,6東大和,13,1,-,-
92,箱根ヶ崎西,東京環状×青梅街道,R4/10,福生,B 青梅,6東大和,14,1,-,-
92,箱根ヶ崎西,東京環状×青梅街道,R4/10,福生,B 青梅,6東大和,15,0,-,-
92,箱根ヶ崎西,東京環状×青梅街道,R4/10,福生,B 青梅,6東大和,16,0,-,-
92,箱根ヶ崎西,東京環状×青梅街道,R4/10,福生,B 青梅,6東大和,17,0,-,-
92,箱根ヶ崎西,東京環状×青梅街道,R4/10,福生,B 青梅,6東大和,18,1,-,-
92,箱根ヶ崎西,東京環状×青梅街道,R4/10,福生,B 青梅,6東大和,12時間計,8,-,-
92,箱根ヶ崎西,東京環状×青梅街道,R4/10,福生,B 青梅,7昭島,7,0,-,-
92,箱根ヶ崎西,東京環状×青梅街道,R4/10,福生,B 青梅,7昭島,8,0,-,-
92,箱根ヶ崎西,東京環状×青梅街道,R4/10,福生,B 青梅,7昭島,9,0,-,-
92,箱根ヶ崎西,東京環状×青梅街道,R4/10,福生,B 青梅,7昭島,10,0,-,-
92,箱根ヶ崎西,東京環状×青梅街道,R4/10,福生,B 青梅,7昭島,11,0,-,-
92,箱根ヶ崎西,東京環状×青梅街道,R4/10,福生,B 青梅,7昭島,12,0,-,-
92,箱根ヶ崎西,東京環状×青梅街道,R4/10,福生,B 青梅,7昭島,13,0,-,-
92,箱根ヶ崎西,東京環状×青梅街道,R4/10,福生,B 青梅,7昭島,14,0,-,-
92,箱根ヶ崎西,東京環状×青梅街道,R4/10,福生,B 青梅,7昭島,15,0,-,-
92,箱根ヶ崎西,東京環状×青梅街道,R4/10,福生,B 青梅,7昭島,16,0,-,-
92,箱根ヶ崎西,東京環状×青梅街道,R4/10,福生,B 青梅,7昭島,17,0,-,-
92,箱根ヶ崎西,東京環状×青梅街道,R4/10,福生,B 青梅,7昭島,18,0,-,-
92,箱根ヶ崎西,東京環状×青梅街道,R4/10,福生,B 青梅,7昭島,12時間計,0,-,-
92,箱根ヶ崎西,東京環状×青梅街道,R4/10,福生,B 青梅,流入計,7,2,45,47
92,箱根ヶ崎西,東京環状×青梅街道,R4/10,福生,B 青梅,流入計,8,2,40,42
92,箱根ヶ崎西,東京環状×青梅街道,R4/10,福生,B 青梅,流入計,9,0,15,15
92,箱根ヶ崎西,東京環状×青梅街道,R4/10,福生,B 青梅,流入計,10,0,13,13
92,箱根ヶ崎西,東京環状×青梅街道,R4/10,福生,B 青梅,流入計,11,0,17,17
92,箱根ヶ崎西,東京環状×青梅街道,R4/10,福生,B 青梅,流入計,12,1,20,21
92,箱根ヶ崎西,東京環状×青梅街道,R4/10,福生,B 青梅,流入計,13,1,17,18
92,箱根ヶ崎西,東京環状×青梅街道,R4/10,福生,B 青梅,流入計,14,1,40,41
92,箱根ヶ崎西,東京環状×青梅街道,R4/10,福生,B 青梅,流入計,15,0,23,23
92,箱根ヶ崎西,東京環状×青梅街道,R4/10,福生,B 青梅,流入計,16,0,23,23
92,箱根ヶ崎西,東京環状×青梅街道,R4/10,福生,B 青梅,流入計,17,0,33,33
92,箱根ヶ崎西,東京環状×青梅街道,R4/10,福生,B 青梅,流入計,18,1,24,25
92,箱根ヶ崎西,東京環状×青梅街道,R4/10,福生,B 青梅,流入計,12時間計,8,310,318
92,箱根ヶ崎西,東京環状×青梅街道,R4/10,福生,C 昭島,8青梅,7,0,-,-
92,箱根ヶ崎西,東京環状×青梅街道,R4/10,福生,C 昭島,8青梅,8,0,-,-
92,箱根ヶ崎西,東京環状×青梅街道,R4/10,福生,C 昭島,8青梅,9,0,-,-
92,箱根ヶ崎西,東京環状×青梅街道,R4/10,福生,C 昭島,8青梅,10,0,-,-
92,箱根ヶ崎西,東京環状×青梅街道,R4/10,福生,C 昭島,8青梅,11,0,-,-
92,箱根ヶ崎西,東京環状×青梅街道,R4/10,福生,C 昭島,8青梅,12,0,-,-
92,箱根ヶ崎西,東京環状×青梅街道,R4/10,福生,C 昭島,8青梅,13,0,-,-
92,箱根ヶ崎西,東京環状×青梅街道,R4/10,福生,C 昭島,8青梅,14,0,-,-
92,箱根ヶ崎西,東京環状×青梅街道,R4/10,福生,C 昭島,8青梅,15,0,-,-
92,箱根ヶ崎西,東京環状×青梅街道,R4/10,福生,C 昭島,8青梅,16,0,-,-
92,箱根ヶ崎西,東京環状×青梅街道,R4/10,福生,C 昭島,8青梅,17,0,-,-
92,箱根ヶ崎西,東京環状×青梅街道,R4/10,福生,C 昭島,8青梅,18,0,-,-
92,箱根ヶ崎西,東京環状×青梅街道,R4/10,福生,C 昭島,8青梅,12時間計,0,-,-
92,箱根ヶ崎西,東京環状×青梅街道,R4/10,福生,C 昭島,9入間,7,3,-,-
92,箱根ヶ崎西,東京環状×青梅街道,R4/10,福生,C 昭島,9入間,8,6,-,-
92,箱根ヶ崎西,東京環状×青梅街道,R4/10,福生,C 昭島,9入間,9,0,-,-
92,箱根ヶ崎西,東京環状×青梅街道,R4/10,福生,C 昭島,9入間,10,0,-,-
92,箱根ヶ崎西,東京環状×青梅街道,R4/10,福生,C 昭島,9入間,11,0,-,-
92,箱根ヶ崎西,東京環状×青梅街道,R4/10,福生,C 昭島,9入間,12,0,-,-
92,箱根ヶ崎西,東京環状×青梅街道,R4/10,福生,C 昭島,9入間,13,0,-,-
92,箱根ヶ崎西,東京環状×青梅街道,R4/10,福生,C 昭島,9入間,14,0,-,-
92,箱根ヶ崎西,東京環状×青梅街道,R4/10,福生,C 昭島,9入間,15,1,-,-
92,箱根ヶ崎西,東京環状×青梅街道,R4/10,福生,C 昭島,9入間,16,0,-,-
92,箱根ヶ崎西,東京環状×青梅街道,R4/10,福生,C 昭島,9入間,17,0,-,-
92,箱根ヶ崎西,東京環状×青梅街道,R4/10,福生,C 昭島,9入間,18,0,-,-
92,箱根ヶ崎西,東京環状×青梅街道,R4/10,福生,C 昭島,9入間,12時間計,10,-,-
92,箱根ヶ崎西,東京環状×青梅街道,R4/10,福生,C 昭島,10東大和,7,0,-,-
92,箱根ヶ崎西,東京環状×青梅街道,R4/10,福生,C 昭島,10東大和,8,0,-,-
92,箱根ヶ崎西,東京環状×青梅街道,R4/10,福生,C 昭島,10東大和,9,0,-,-
92,箱根ヶ崎西,東京環状×青梅街道,R4/10,福生,C 昭島,10東大和,10,0,-,-
92,箱根ヶ崎西,東京環状×青梅街道,R4/10,福生,C 昭島,10東大和,11,0,-,-
92,箱根ヶ崎西,東京環状×青梅街道,R4/10,福生,C 昭島,10東大和,12,0,-,-
92,箱根ヶ崎西,東京環状×青梅街道,R4/10,福生,C 昭島,10東大和,13,0,-,-
92,箱根ヶ崎西,東京環状×青梅街道,R4/10,福生,C 昭島,10東大和,14,0,-,-
92,箱根ヶ崎西,東京環状×青梅街道,R4/10,福生,C 昭島,10東大和,15,0,-,-
92,箱根ヶ崎西,東京環状×青梅街道,R4/10,福生,C 昭島,10東大和,16,0,-,-
92,箱根ヶ崎西,東京環状×青梅街道,R4/10,福生,C 昭島,10東大和,17,0,-,-
92,箱根ヶ崎西,東京環状×青梅街道,R4/10,福生,C 昭島,10東大和,18,0,-,-
92,箱根ヶ崎西,東京環状×青梅街道,R4/10,福生,C 昭島,10東大和,12時間計,0,-,-
92,箱根ヶ崎西,東京環状×青梅街道,R4/10,福生,C 昭島,11入間,7,0,-,-
92,箱根ヶ崎西,東京環状×青梅街道,R4/10,福生,C 昭島,11入間,8,0,-,-
92,箱根ヶ崎西,東京環状×青梅街道,R4/10,福生,C 昭島,11入間,9,0,-,-
92,箱根ヶ崎西,東京環状×青梅街道,R4/10,福生,C 昭島,11入間,10,0,-,-
92,箱根ヶ崎西,東京環状×青梅街道,R4/10,福生,C 昭島,11入間,11,0,-,-
92,箱根ヶ崎西,東京環状×青梅街道,R4/10,福生,C 昭島,11入間,12,0,-,-
92,箱根ヶ崎西,東京環状×青梅街道,R4/10,福生,C 昭島,11入間,13,0,-,-
92,箱根ヶ崎西,東京環状×青梅街道,R4/10,福生,C 昭島,11入間,14,0,-,-
92,箱根ヶ崎西,東京環状×青梅街道,R4/10,福生,C 昭島,11入間,15,0,-,-
92,箱根ヶ崎西,東京環状×青梅街道,R4/10,福生,C 昭島,11入間,16,0,-,-
92,箱根ヶ崎西,東京環状×青梅街道,R4/10,福生,C 昭島,11入間,17,0,-,-
92,箱根ヶ崎西,東京環状×青梅街道,R4/10,福生,C 昭島,11入間,18,0,-,-
92,箱根ヶ崎西,東京環状×青梅街道,R4/10,福生,C 昭島,11入間,12時間計,0,-,-
92,箱根ヶ崎西,東京環状×青梅街道,R4/10,福生,C 昭島,流入計,7,3,53,56
92,箱根ヶ崎西,東京環状×青梅街道,R4/10,福生,C 昭島,流入計,8,6,92,98
92,箱根ヶ崎西,東京環状×青梅街道,R4/10,福生,C 昭島,流入計,9,0,12,12
92,箱根ヶ崎西,東京環状×青梅街道,R4/10,福生,C 昭島,流入計,10,0,15,15
92,箱根ヶ崎西,東京環状×青梅街道,R4/10,福生,C 昭島,流入計,11,0,11,11
92,箱根ヶ崎西,東京環状×青梅街道,R4/10,福生,C 昭島,流入計,12,0,5,5
92,箱根ヶ崎西,東京環状×青梅街道,R4/10,福生,C 昭島,流入計,13,0,12,12
92,箱根ヶ崎西,東京環状×青梅街道,R4/10,福生,C 昭島,流入計,14,0,3,3
92,箱根ヶ崎西,東京環状×青梅街道,R4/10,福生,C 昭島,流入計,15,1,13,14
92,箱根ヶ崎西,東京環状×青梅街道,R4/10,福生,C 昭島,流入計,16,0,12,12
92,箱根ヶ崎西,東京環状×青梅街道,R4/10,福生,C 昭島,流入計,17,0,9,9
92,箱根ヶ崎西,東京環状×青梅街道,R4/10,福生,C 昭島,流入計,18,0,10,10
92,箱根ヶ崎西,東京環状×青梅街道,R4/10,福生,C 昭島,流入計,12時間計,10,247,257
92,箱根ヶ崎西,東京環状×青梅街道,R4/10,福生,D 東大和,12昭島,7,0,-,-
92,箱根ヶ崎西,東京環状×青梅街道,R4/10,福生,D 東大和,12昭島,8,0,-,-
92,箱根ヶ崎西,東京環状×青梅街道,R4/10,福生,D 東大和,12昭島,9,0,-,-
92,箱根ヶ崎西,東京環状×青梅街道,R4/10,福生,D 東大和,12昭島,10,0,-,-
92,箱根ヶ崎西,東京環状×青梅街道,R4/10,福生,D 東大和,12昭島,11,0,-,-
92,箱根ヶ崎西,東京環状×青梅街道,R4/10,福生,D 東大和,12昭島,12,1,-,-
92,箱根ヶ崎西,東京環状×青梅街道,R4/10,福生,D 東大和,12昭島,13,0,-,-
92,箱根ヶ崎西,東京環状×青梅街道,R4/10,福生,D 東大和,12昭島,14,0,-,-
92,箱根ヶ崎西,東京環状×青梅街道,R4/10,福生,D 東大和,12昭島,15,0,-,-
92,箱根ヶ崎西,東京環状×青梅街道,R4/10,福生,D 東大和,12昭島,16,1,-,-
92,箱根ヶ崎西,東京環状×青梅街道,R4/10,福生,D 東大和,12昭島,17,0,-,-
92,箱根ヶ崎西,東京環状×青梅街道,R4/10,福生,D 東大和,12昭島,18,0,-,-
92,箱根ヶ崎西,東京環状×青梅街道,R4/10,福生,D 東大和,12昭島,12時間計,2,-,-
92,箱根ヶ崎西,東京環状×青梅街道,R4/10,福生,D 東大和,13青梅,7,1,-,-
92,箱根ヶ崎西,東京環状×青梅街道,R4/10,福生,D 東大和,13青梅,8,1,-,-
92,箱根ヶ崎西,東京環状×青梅街道,R4/10,福生,D 東大和,13青梅,9,3,-,-
92,箱根ヶ崎西,東京環状×青梅街道,R4/10,福生,D 東大和,13青梅,10,0,-,-
92,箱根ヶ崎西,東京環状×青梅街道,R4/10,福生,D 東大和,13青梅,11,0,-,-
92,箱根ヶ崎西,東京環状×青梅街道,R4/10,福生,D 東大和,13青梅,12,0,-,-
92,箱根ヶ崎西,東京環状×青梅街道,R4/10,福生,D 東大和,13青梅,13,0,-,-
92,箱根ヶ崎西,東京環状×青梅街道,R4/10,福生,D 東大和,13青梅,14,2,-,-
92,箱根ヶ崎西,東京環状×青梅街道,R4/10,福生,D 東大和,13青梅,15,0,-,-
92,箱根ヶ崎西,東京環状×青梅街道,R4/10,福生,D 東大和,13青梅,16,1,-,-
92,箱根ヶ崎西,東京環状×青梅街道,R4/10,福生,D 東大和,13青梅,17,2,-,-
92,箱根ヶ崎西,東京環状×青梅街道,R4/10,福生,D 東大和,13青梅,18,0,-,-
92,箱根ヶ崎西,東京環状×青梅街道,R4/10,福生,D 東大和,13青梅,12時間計,10,-,-
92,箱根ヶ崎西,東京環状×青梅街道,R4/10,福生,D 東大和,14入間,7,1,-,-
92,箱根ヶ崎西,東京環状×青梅街道,R4/10,福生,D 東大和,14入間,8,0,-,-
92,箱根ヶ崎西,東京環状×青梅街道,R4/10,福生,D 東大和,14入間,9,0,-,-
92,箱根ヶ崎西,東京環状×青梅街道,R4/10,福生,D 東大和,14入間,10,0,-,-
92,箱根ヶ崎西,東京環状×青梅街道,R4/10,福生,D 東大和,14入間,11,0,-,-
92,箱根ヶ崎西,東京環状×青梅街道,R4/10,福生,D 東大和,14入間,12,0,-,-
92,箱根ヶ崎西,東京環状×青梅街道,R4/10,福生,D 東大和,14入間,13,0,-,-
92,箱根ヶ崎西,東京環状×青梅街道,R4/10,福生,D 東大和,14入間,14,0,-,-
92,箱根ヶ崎西,東京環状×青梅街道,R4/10,福生,D 東大和,14入間,15,0,-,-
92,箱根ヶ崎西,東京環状×青梅街道,R4/10,福生,D 東大和,14入間,16,0,-,-
92,箱根ヶ崎西,東京環状×青梅街道,R4/10,福生,D 東大和,14入間,17,0,-,-
92,箱根ヶ崎西,東京環状×青梅街道,R4/10,福生,D 東大和,14入間,18,0,-,-
92,箱根ヶ崎西,東京環状×青梅街道,R4/10,福生,D 東大和,14入間,12時間計,1,-,-
92,箱根ヶ崎西,東京環状×青梅街道,R4/10,福生,D 東大和,流入計,7,2,23,25
92,箱根ヶ崎西,東京環状×青梅街道,R4/10,福生,D 東大和,流入計,8,1,27,28
92,箱根ヶ崎西,東京環状×青梅街道,R4/10,福生,D 東大和,流入計,9,3,8,11
92,箱根ヶ崎西,東京環状×青梅街道,R4/10,福生,D 東大和,流入計,10,0,18,18
92,箱根ヶ崎西,東京環状×青梅街道,R4/10,福生,D 東大和,流入計,11,0,20,20
92,箱根ヶ崎西,東京環状×青梅街道,R4/10,福生,D 東大和,流入計,12,1,23,24
92,箱根ヶ崎西,東京環状×青梅街道,R4/10,福生,D 東大和,流入計,13,0,35,35
92,箱根ヶ崎西,東京環状×青梅街道,R4/10,福生,D 東大和,流入計,14,2,31,33
92,箱根ヶ崎西,東京環状×青梅街道,R4/10,福生,D 東大和,流入計,15,0,35,35
92,箱根ヶ崎西,東京環状×青梅街道,R4/10,福生,D 東大和,流入計,16,2,39,41
92,箱根ヶ崎西,東京環状×青梅街道,R4/10,福生,D 東大和,流入計,17,2,45,47
92,箱根ヶ崎西,東京環状×青梅街道,R4/10,福生,D 東大和,流入計,18,0,25,25
92,箱根ヶ崎西,東京環状×青梅街道,R4/10,福生,D 東大和,流入計,12時間計,13,329,342
92,箱根ヶ崎西,東京環状×青梅街道,R4/10,福生,全方向計,全方向計,7,7,132,139
92,箱根ヶ崎西,東京環状×青梅街道,R4/10,福生,全方向計,全方向計,8,10,172,182
92,箱根ヶ崎西,東京環状×青梅街道,R4/10,福生,全方向計,全方向計,9,3,48,51
92,箱根ヶ崎西,東京環状×青梅街道,R4/10,福生,全方向計,全方向計,10,0,55,55
92,箱根ヶ崎西,東京環状×青梅街道,R4/10,福生,全方向計,全方向計,11,0,64,64
92,箱根ヶ崎西,東京環状×青梅街道,R4/10,福生,全方向計,全方向計,12,2,77,79
92,箱根ヶ崎西,東京環状×青梅街道,R4/10,福生,全方向計,全方向計,13,1,95,96
92,箱根ヶ崎西,東京環状×青梅街道,R4/10,福生,全方向計,全方向計,14,3,125,128
92,箱根ヶ崎西,東京環状×青梅街道,R4/10,福生,全方向計,全方向計,15,1,98,99
92,箱根ヶ崎西,東京環状×青梅街道,R4/10,福生,全方向計,全方向計,16,2,100,102
92,箱根ヶ崎西,東京環状×青梅街道,R4/10,福生,全方向計,全方向計,17,4,153,157
92,箱根ヶ崎西,東京環状×青梅街道,R4/10,福生,全方向計,全方向計,18,1,83,84
92,箱根ヶ崎西,東京環状×青梅街道,R4/10,福生,全方向計,全方向計,12時間計,34,1202,1236
