﻿地点番号,地点名,交差道路名,調査年月,管轄警察署,流入方向,流出方向,時間帯等,大型乗用,大型貨物,普通乗用,普通貨物,四輪計,二輪車
92,箱根ヶ崎西,東京環状×青梅街道,R4/10,福生,A 入間,1.東大和,7,3,16,48,51,118,0
92,箱根ヶ崎西,東京環状×青梅街道,R4/10,福生,A 入間,1.東大和,8,0,25,51,57,133,0
92,箱根ヶ崎西,東京環状×青梅街道,R4/10,福生,A 入間,1.東大和,9,0,33,45,36,114,1
92,箱根ヶ崎西,東京環状×青梅街道,R4/10,福生,A 入間,1.東大和,10,1,38,62,46,147,2
92,箱根ヶ崎西,東京環状×青梅街道,R4/10,福生,A 入間,1.東大和,11,0,20,43,42,105,1
92,箱根ヶ崎西,東京環状×青梅街道,R4/10,福生,A 入間,1.東大和,12,2,22,73,42,139,8
92,箱根ヶ崎西,東京環状×青梅街道,R4/10,福生,A 入間,1.東大和,13,0,19,81,40,140,3
92,箱根ヶ崎西,東京環状×青梅街道,R4/10,福生,A 入間,1.東大和,14,1,20,70,39,130,1
92,箱根ヶ崎西,東京環状×青梅街道,R4/10,福生,A 入間,1.東大和,15,2,19,79,42,142,1
92,箱根ヶ崎西,東京環状×青梅街道,R4/10,福生,A 入間,1.東大和,16,1,19,78,39,137,3
92,箱根ヶ崎西,東京環状×青梅街道,R4/10,福生,A 入間,1.東大和,17,0,9,84,30,123,4
92,箱根ヶ崎西,東京環状×青梅街道,R4/10,福生,A 入間,1.東大和,18,1,8,82,28,119,1
92,箱根ヶ崎西,東京環状×青梅街道,R4/10,福生,A 入間,1.東大和,12時間計,11,248,796,492,1547,25
92,箱根ヶ崎西,東京環状×青梅街道,R4/10,福生,A 入間,2.昭島,7,0,2,16,7,25,1
92,箱根ヶ崎西,東京環状×青梅街道,R4/10,福生,A 入間,2.昭島,8,0,2,30,7,39,2
92,箱根ヶ崎西,東京環状×青梅街道,R4/10,福生,A 入間,2.昭島,9,0,0,13,10,23,0
92,箱根ヶ崎西,東京環状×青梅街道,R4/10,福生,A 入間,2.昭島,10,0,0,11,8,19,2
92,箱根ヶ崎西,東京環状×青梅街道,R4/10,福生,A 入間,2.昭島,11,0,1,8,14,23,1
92,箱根ヶ崎西,東京環状×青梅街道,R4/10,福生,A 入間,2.昭島,12,0,4,14,5,23,1
92,箱根ヶ崎西,東京環状×青梅街道,R4/10,福生,A 入間,2.昭島,13,0,0,19,9,28,1
92,箱根ヶ崎西,東京環状×青梅街道,R4/10,福生,A 入間,2.昭島,14,0,0,21,9,30,3
92,箱根ヶ崎西,東京環状×青梅街道,R4/10,福生,A 入間,2.昭島,15,0,0,20,11,31,2
92,箱根ヶ崎西,東京環状×青梅街道,R4/10,福生,A 入間,2.昭島,16,0,1,16,5,22,3
92,箱根ヶ崎西,東京環状×青梅街道,R4/10,福生,A 入間,2.昭島,17,0,0,23,10,33,3
92,箱根ヶ崎西,東京環状×青梅街道,R4/10,福生,A 入間,2.昭島,18,0,0,27,3,30,2
92,箱根ヶ崎西,東京環状×青梅街道,R4/10,福生,A 入間,2.昭島,12時間計,0,10,218,98,326,21
92,箱根ヶ崎西,東京環状×青梅街道,R4/10,福生,A 入間,3.青梅,7,1,10,124,35,170,7
92,箱根ヶ崎西,東京環状×青梅街道,R4/10,福生,A 入間,3.青梅,8,1,13,119,39,172,7
92,箱根ヶ崎西,東京環状×青梅街道,R4/10,福生,A 入間,3.青梅,9,0,18,33,38,89,1
92,箱根ヶ崎西,東京環状×青梅街道,R4/10,福生,A 入間,3.青梅,10,0,13,80,47,140,4
92,箱根ヶ崎西,東京環状×青梅街道,R4/10,福生,A 入間,3.青梅,11,0,16,58,34,108,0
92,箱根ヶ崎西,東京環状×青梅街道,R4/10,福生,A 入間,3.青梅,12,0,10,57,23,90,6
92,箱根ヶ崎西,東京環状×青梅街道,R4/10,福生,A 入間,3.青梅,13,0,13,64,41,118,2
92,箱根ヶ崎西,東京環状×青梅街道,R4/10,福生,A 入間,3.青梅,14,0,18,57,37,112,1
92,箱根ヶ崎西,東京環状×青梅街道,R4/10,福生,A 入間,3.青梅,15,0,18,55,24,97,2
92,箱根ヶ崎西,東京環状×青梅街道,R4/10,福生,A 入間,3.青梅,16,0,7,82,22,111,5
92,箱根ヶ崎西,東京環状×青梅街道,R4/10,福生,A 入間,3.青梅,17,1,6,136,44,187,9
92,箱根ヶ崎西,東京環状×青梅街道,R4/10,福生,A 入間,3.青梅,18,1,3,106,24,134,3
92,箱根ヶ崎西,東京環状×青梅街道,R4/10,福生,A 入間,3.青梅,12時間計,4,145,971,408,1528,47
92,箱根ヶ崎西,東京環状×青梅街道,R4/10,福生,A 入間,4.昭島,7,4,190,500,244,938,15
92,箱根ヶ崎西,東京環状×青梅街道,R4/10,福生,A 入間,4.昭島,8,3,160,440,210,813,6
92,箱根ヶ崎西,東京環状×青梅街道,R4/10,福生,A 入間,4.昭島,9,1,150,321,297,769,9
92,箱根ヶ崎西,東京環状×青梅街道,R4/10,福生,A 入間,4.昭島,10,3,154,305,218,680,10
92,箱根ヶ崎西,東京環状×青梅街道,R4/10,福生,A 入間,4.昭島,11,3,132,314,247,696,21
92,箱根ヶ崎西,東京環状×青梅街道,R4/10,福生,A 入間,4.昭島,12,1,149,320,208,678,7
92,箱根ヶ崎西,東京環状×青梅街道,R4/10,福生,A 入間,4.昭島,13,3,205,300,196,704,8
92,箱根ヶ崎西,東京環状×青梅街道,R4/10,福生,A 入間,4.昭島,14,2,214,403,210,829,8
92,箱根ヶ崎西,東京環状×青梅街道,R4/10,福生,A 入間,4.昭島,15,4,144,524,250,922,13
92,箱根ヶ崎西,東京環状×青梅街道,R4/10,福生,A 入間,4.昭島,16,5,129,577,247,958,20
92,箱根ヶ崎西,東京環状×青梅街道,R4/10,福生,A 入間,4.昭島,17,1,108,734,302,1145,33
92,箱根ヶ崎西,東京環状×青梅街道,R4/10,福生,A 入間,4.昭島,18,2,102,583,329,1016,24
92,箱根ヶ崎西,東京環状×青梅街道,R4/10,福生,A 入間,4.昭島,12時間計,32,1837,5321,2958,10148,174
92,箱根ヶ崎西,東京環状×青梅街道,R4/10,福生,A 入間,流入計,7,8,218,688,337,1251,23
92,箱根ヶ崎西,東京環状×青梅街道,R4/10,福生,A 入間,流入計,8,4,200,640,313,1157,15
92,箱根ヶ崎西,東京環状×青梅街道,R4/10,福生,A 入間,流入計,9,1,201,412,381,995,11
92,箱根ヶ崎西,東京環状×青梅街道,R4/10,福生,A 入間,流入計,10,4,205,458,319,986,18
92,箱根ヶ崎西,東京環状×青梅街道,R4/10,福生,A 入間,流入計,11,3,169,423,337,932,23
92,箱根ヶ崎西,東京環状×青梅街道,R4/10,福生,A 入間,流入計,12,3,185,464,278,930,22
92,箱根ヶ崎西,東京環状×青梅街道,R4/10,福生,A 入間,流入計,13,3,237,464,286,990,14
92,箱根ヶ崎西,東京環状×青梅街道,R4/10,福生,A 入間,流入計,14,3,252,551,295,1101,13
92,箱根ヶ崎西,東京環状×青梅街道,R4/10,福生,A 入間,流入計,15,6,181,678,327,1192,18
92,箱根ヶ崎西,東京環状×青梅街道,R4/10,福生,A 入間,流入計,16,6,156,753,313,1228,31
92,箱根ヶ崎西,東京環状×青梅街道,R4/10,福生,A 入間,流入計,17,2,123,977,386,1488,49
92,箱根ヶ崎西,東京環状×青梅街道,R4/10,福生,A 入間,流入計,18,4,113,798,384,1299,30
92,箱根ヶ崎西,東京環状×青梅街道,R4/10,福生,A 入間,流入計,12時間計,47,2240,7306,3956,13549,267
92,箱根ヶ崎西,東京環状×青梅街道,R4/10,福生,B 青梅,5.入間,7,0,9,36,12,57,2
92,箱根ヶ崎西,東京環状×青梅街道,R4/10,福生,B 青梅,5.入間,8,1,15,31,19,66,1
92,箱根ヶ崎西,東京環状×青梅街道,R4/10,福生,B 青梅,5.入間,9,0,11,23,16,50,2
92,箱根ヶ崎西,東京環状×青梅街道,R4/10,福生,B 青梅,5.入間,10,0,8,26,20,54,0
92,箱根ヶ崎西,東京環状×青梅街道,R4/10,福生,B 青梅,5.入間,11,0,16,41,19,76,1
92,箱根ヶ崎西,東京環状×青梅街道,R4/10,福生,B 青梅,5.入間,12,0,11,33,17,61,3
92,箱根ヶ崎西,東京環状×青梅街道,R4/10,福生,B 青梅,5.入間,13,0,8,47,18,73,0
92,箱根ヶ崎西,東京環状×青梅街道,R4/10,福生,B 青梅,5.入間,14,2,16,50,22,90,0
92,箱根ヶ崎西,東京環状×青梅街道,R4/10,福生,B 青梅,5.入間,15,1,6,36,20,63,2
92,箱根ヶ崎西,東京環状×青梅街道,R4/10,福生,B 青梅,5.入間,16,0,6,46,30,82,2
92,箱根ヶ崎西,東京環状×青梅街道,R4/10,福生,B 青梅,5.入間,17,0,6,64,24,94,7
92,箱根ヶ崎西,東京環状×青梅街道,R4/10,福生,B 青梅,5.入間,18,0,4,48,13,65,4
92,箱根ヶ崎西,東京環状×青梅街道,R4/10,福生,B 青梅,5.入間,12時間計,4,116,481,230,831,24
92,箱根ヶ崎西,東京環状×青梅街道,R4/10,福生,B 青梅,6.東大和,7,2,23,641,162,828,31
92,箱根ヶ崎西,東京環状×青梅街道,R4/10,福生,B 青梅,6.東大和,8,4,21,583,159,767,18
92,箱根ヶ崎西,東京環状×青梅街道,R4/10,福生,B 青梅,6.東大和,9,1,36,359,137,533,13
92,箱根ヶ崎西,東京環状×青梅街道,R4/10,福生,B 青梅,6.東大和,10,2,36,354,147,539,15
92,箱根ヶ崎西,東京環状×青梅街道,R4/10,福生,B 青梅,6.東大和,11,1,38,351,131,521,9
92,箱根ヶ崎西,東京環状×青梅街道,R4/10,福生,B 青梅,6.東大和,12,2,24,357,115,498,19
92,箱根ヶ崎西,東京環状×青梅街道,R4/10,福生,B 青梅,6.東大和,13,2,18,403,142,565,13
92,箱根ヶ崎西,東京環状×青梅街道,R4/10,福生,B 青梅,6.東大和,14,3,16,429,155,603,29
92,箱根ヶ崎西,東京環状×青梅街道,R4/10,福生,B 青梅,6.東大和,15,5,22,497,151,675,44
92,箱根ヶ崎西,東京環状×青梅街道,R4/10,福生,B 青梅,6.東大和,16,3,17,489,157,666,36
92,箱根ヶ崎西,東京環状×青梅街道,R4/10,福生,B 青梅,6.東大和,17,6,14,652,169,841,32
92,箱根ヶ崎西,東京環状×青梅街道,R4/10,福生,B 青梅,6.東大和,18,2,12,500,80,594,19
92,箱根ヶ崎西,東京環状×青梅街道,R4/10,福生,B 青梅,6.東大和,12時間計,33,277,5615,1705,7630,278
92,箱根ヶ崎西,東京環状×青梅街道,R4/10,福生,B 青梅,7.昭島,7,1,5,99,31,136,2
92,箱根ヶ崎西,東京環状×青梅街道,R4/10,福生,B 青梅,7.昭島,8,0,4,98,32,134,2
92,箱根ヶ崎西,東京環状×青梅街道,R4/10,福生,B 青梅,7.昭島,9,0,13,51,29,93,1
92,箱根ヶ崎西,東京環状×青梅街道,R4/10,福生,B 青梅,7.昭島,10,0,11,55,28,94,0
92,箱根ヶ崎西,東京環状×青梅街道,R4/10,福生,B 青梅,7.昭島,11,0,5,47,22,74,2
92,箱根ヶ崎西,東京環状×青梅街道,R4/10,福生,B 青梅,7.昭島,12,0,10,58,22,90,1
92,箱根ヶ崎西,東京環状×青梅街道,R4/10,福生,B 青梅,7.昭島,13,0,4,62,32,98,1
92,箱根ヶ崎西,東京環状×青梅街道,R4/10,福生,B 青梅,7.昭島,14,0,8,57,22,87,0
92,箱根ヶ崎西,東京環状×青梅街道,R4/10,福生,B 青梅,7.昭島,15,0,6,51,24,81,2
92,箱根ヶ崎西,東京環状×青梅街道,R4/10,福生,B 青梅,7.昭島,16,0,7,81,31,119,7
92,箱根ヶ崎西,東京環状×青梅街道,R4/10,福生,B 青梅,7.昭島,17,0,3,133,24,160,4
92,箱根ヶ崎西,東京環状×青梅街道,R4/10,福生,B 青梅,7.昭島,18,0,2,76,25,103,5
92,箱根ヶ崎西,東京環状×青梅街道,R4/10,福生,B 青梅,7.昭島,12時間計,1,78,868,322,1269,27
92,箱根ヶ崎西,東京環状×青梅街道,R4/10,福生,B 青梅,流入計,7,3,37,776,205,1021,35
92,箱根ヶ崎西,東京環状×青梅街道,R4/10,福生,B 青梅,流入計,8,5,40,712,210,967,21
92,箱根ヶ崎西,東京環状×青梅街道,R4/10,福生,B 青梅,流入計,9,1,60,433,182,676,16
92,箱根ヶ崎西,東京環状×青梅街道,R4/10,福生,B 青梅,流入計,10,2,55,435,195,687,15
92,箱根ヶ崎西,東京環状×青梅街道,R4/10,福生,B 青梅,流入計,11,1,59,439,172,671,12
92,箱根ヶ崎西,東京環状×青梅街道,R4/10,福生,B 青梅,流入計,12,2,45,448,154,649,23
92,箱根ヶ崎西,東京環状×青梅街道,R4/10,福生,B 青梅,流入計,13,2,30,512,192,736,14
92,箱根ヶ崎西,東京環状×青梅街道,R4/10,福生,B 青梅,流入計,14,5,40,536,199,780,29
92,箱根ヶ崎西,東京環状×青梅街道,R4/10,福生,B 青梅,流入計,15,6,34,584,195,819,48
92,箱根ヶ崎西,東京環状×青梅街道,R4/10,福生,B 青梅,流入計,16,3,30,616,218,867,45
92,箱根ヶ崎西,東京環状×青梅街道,R4/10,福生,B 青梅,流入計,17,6,23,849,217,1095,43
92,箱根ヶ崎西,東京環状×青梅街道,R4/10,福生,B 青梅,流入計,18,2,18,624,118,762,28
92,箱根ヶ崎西,東京環状×青梅街道,R4/10,福生,B 青梅,流入計,12時間計,38,471,6964,2257,9730,329
92,箱根ヶ崎西,東京環状×青梅街道,R4/10,福生,C 昭島,8.青梅,7,0,6,72,21,99,2
92,箱根ヶ崎西,東京環状×青梅街道,R4/10,福生,C 昭島,8.青梅,8,1,9,80,43,133,5
92,箱根ヶ崎西,東京環状×青梅街道,R4/10,福生,C 昭島,8.青梅,9,0,13,50,23,86,1
92,箱根ヶ崎西,東京環状×青梅街道,R4/10,福生,C 昭島,8.青梅,10,1,12,38,23,74,1
92,箱根ヶ崎西,東京環状×青梅街道,R4/10,福生,C 昭島,8.青梅,11,0,8,57,22,87,3
92,箱根ヶ崎西,東京環状×青梅街道,R4/10,福生,C 昭島,8.青梅,12,0,9,48,36,93,2
92,箱根ヶ崎西,東京環状×青梅街道,R4/10,福生,C 昭島,8.青梅,13,1,7,54,27,89,2
92,箱根ヶ崎西,東京環状×青梅街道,R4/10,福生,C 昭島,8.青梅,14,0,4,53,18,75,5
92,箱根ヶ崎西,東京環状×青梅街道,R4/10,福生,C 昭島,8.青梅,15,0,7,49,22,78,3
92,箱根ヶ崎西,東京環状×青梅街道,R4/10,福生,C 昭島,8.青梅,16,0,3,99,33,135,3
92,箱根ヶ崎西,東京環状×青梅街道,R4/10,福生,C 昭島,8.青梅,17,1,1,115,28,145,1
92,箱根ヶ崎西,東京環状×青梅街道,R4/10,福生,C 昭島,8.青梅,18,0,1,98,22,121,3
92,箱根ヶ崎西,東京環状×青梅街道,R4/10,福生,C 昭島,8.青梅,12時間計,4,80,813,318,1215,31
92,箱根ヶ崎西,東京環状×青梅街道,R4/10,福生,C 昭島,9.入間,7,0,7,111,20,138,21
92,箱根ヶ崎西,東京環状×青梅街道,R4/10,福生,C 昭島,9.入間,8,1,6,83,27,117,20
92,箱根ヶ崎西,東京環状×青梅街道,R4/10,福生,C 昭島,9.入間,9,5,4,31,4,44,2
92,箱根ヶ崎西,東京環状×青梅街道,R4/10,福生,C 昭島,9.入間,10,0,6,26,16,48,2
92,箱根ヶ崎西,東京環状×青梅街道,R4/10,福生,C 昭島,9.入間,11,0,8,27,11,46,4
92,箱根ヶ崎西,東京環状×青梅街道,R4/10,福生,C 昭島,9.入間,12,0,0,13,3,16,2
92,箱根ヶ崎西,東京環状×青梅街道,R4/10,福生,C 昭島,9.入間,13,0,6,19,9,34,0
92,箱根ヶ崎西,東京環状×青梅街道,R4/10,福生,C 昭島,9.入間,14,0,2,18,3,23,2
92,箱根ヶ崎西,東京環状×青梅街道,R4/10,福生,C 昭島,9.入間,15,0,1,13,4,18,0
92,箱根ヶ崎西,東京環状×青梅街道,R4/10,福生,C 昭島,9.入間,16,0,0,18,6,24,2
92,箱根ヶ崎西,東京環状×青梅街道,R4/10,福生,C 昭島,9.入間,17,0,0,28,5,33,3
92,箱根ヶ崎西,東京環状×青梅街道,R4/10,福生,C 昭島,9.入間,18,0,0,12,4,16,5
92,箱根ヶ崎西,東京環状×青梅街道,R4/10,福生,C 昭島,9.入間,12時間計,6,40,399,112,557,63
92,箱根ヶ崎西,東京環状×青梅街道,R4/10,福生,C 昭島,10.東大和,7,0,1,33,8,42,0
92,箱根ヶ崎西,東京環状×青梅街道,R4/10,福生,C 昭島,10.東大和,8,0,2,27,16,45,2
92,箱根ヶ崎西,東京環状×青梅街道,R4/10,福生,C 昭島,10.東大和,9,0,2,18,6,26,0
92,箱根ヶ崎西,東京環状×青梅街道,R4/10,福生,C 昭島,10.東大和,10,1,3,12,17,33,0
92,箱根ヶ崎西,東京環状×青梅街道,R4/10,福生,C 昭島,10.東大和,11,0,5,21,13,39,2
92,箱根ヶ崎西,東京環状×青梅街道,R4/10,福生,C 昭島,10.東大和,12,0,2,15,13,30,0
92,箱根ヶ崎西,東京環状×青梅街道,R4/10,福生,C 昭島,10.東大和,13,0,0,21,8,29,2
92,箱根ヶ崎西,東京環状×青梅街道,R4/10,福生,C 昭島,10.東大和,14,1,0,16,9,26,1
92,箱根ヶ崎西,東京環状×青梅街道,R4/10,福生,C 昭島,10.東大和,15,0,2,17,6,25,0
92,箱根ヶ崎西,東京環状×青梅街道,R4/10,福生,C 昭島,10.東大和,16,0,0,26,10,36,2
92,箱根ヶ崎西,東京環状×青梅街道,R4/10,福生,C 昭島,10.東大和,17,0,1,32,8,41,3
92,箱根ヶ崎西,東京環状×青梅街道,R4/10,福生,C 昭島,10.東大和,18,0,0,26,6,32,1
92,箱根ヶ崎西,東京環状×青梅街道,R4/10,福生,C 昭島,10.東大和,12時間計,2,18,264,120,404,13
92,箱根ヶ崎西,東京環状×青梅街道,R4/10,福生,C 昭島,11.入間,7,2,88,750,230,1070,24
92,箱根ヶ崎西,東京環状×青梅街道,R4/10,福生,C 昭島,11.入間,8,4,136,435,244,819,6
92,箱根ヶ崎西,東京環状×青梅街道,R4/10,福生,C 昭島,11.入間,9,5,133,476,310,924,11
92,箱根ヶ崎西,東京環状×青梅街道,R4/10,福生,C 昭島,11.入間,10,2,208,449,301,960,11
92,箱根ヶ崎西,東京環状×青梅街道,R4/10,福生,C 昭島,11.入間,11,5,235,355,309,904,10
92,箱根ヶ崎西,東京環状×青梅街道,R4/10,福生,C 昭島,11.入間,12,2,187,354,351,894,13
92,箱根ヶ崎西,東京環状×青梅街道,R4/10,福生,C 昭島,11.入間,13,1,177,387,311,876,11
92,箱根ヶ崎西,東京環状×青梅街道,R4/10,福生,C 昭島,11.入間,14,3,143,354,294,794,14
92,箱根ヶ崎西,東京環状×青梅街道,R4/10,福生,C 昭島,11.入間,15,2,143,390,399,934,10
92,箱根ヶ崎西,東京環状×青梅街道,R4/10,福生,C 昭島,11.入間,16,1,110,400,301,812,20
92,箱根ヶ崎西,東京環状×青梅街道,R4/10,福生,C 昭島,11.入間,17,3,122,500,354,979,15
92,箱根ヶ崎西,東京環状×青梅街道,R4/10,福生,C 昭島,11.入間,18,2,95,603,251,951,27
92,箱根ヶ崎西,東京環状×青梅街道,R4/10,福生,C 昭島,11.入間,12時間計,32,1777,5453,3655,10917,172
92,箱根ヶ崎西,東京環状×青梅街道,R4/10,福生,C 昭島,流入計,7,2,102,966,279,1349,47
92,箱根ヶ崎西,東京環状×青梅街道,R4/10,福生,C 昭島,流入計,8,6,153,625,330,1114,33
92,箱根ヶ崎西,東京環状×青梅街道,R4/10,福生,C 昭島,流入計,9,10,152,575,343,1080,14
92,箱根ヶ崎西,東京環状×青梅街道,R4/10,福生,C 昭島,流入計,10,4,229,525,357,1115,14
92,箱根ヶ崎西,東京環状×青梅街道,R4/10,福生,C 昭島,流入計,11,5,256,460,355,1076,19
92,箱根ヶ崎西,東京環状×青梅街道,R4/10,福生,C 昭島,流入計,12,2,198,430,403,1033,17
92,箱根ヶ崎西,東京環状×青梅街道,R4/10,福生,C 昭島,流入計,13,2,190,481,355,1028,15
92,箱根ヶ崎西,東京環状×青梅街道,R4/10,福生,C 昭島,流入計,14,4,149,441,324,918,22
92,箱根ヶ崎西,東京環状×青梅街道,R4/10,福生,C 昭島,流入計,15,2,153,469,431,1055,13
92,箱根ヶ崎西,東京環状×青梅街道,R4/10,福生,C 昭島,流入計,16,1,113,543,350,1007,27
92,箱根ヶ崎西,東京環状×青梅街道,R4/10,福生,C 昭島,流入計,17,4,124,675,395,1198,22
92,箱根ヶ崎西,東京環状×青梅街道,R4/10,福生,C 昭島,流入計,18,2,96,739,283,1120,36
92,箱根ヶ崎西,東京環状×青梅街道,R4/10,福生,C 昭島,流入計,12時間計,44,1915,6929,4205,13093,279
92,箱根ヶ崎西,東京環状×青梅街道,R4/10,福生,D 東大和,12.昭島,7,0,0,4,1,5,0
92,箱根ヶ崎西,東京環状×青梅街道,R4/10,福生,D 東大和,12.昭島,8,0,2,0,3,5,0
92,箱根ヶ崎西,東京環状×青梅街道,R4/10,福生,D 東大和,12.昭島,9,0,2,5,1,8,0
92,箱根ヶ崎西,東京環状×青梅街道,R4/10,福生,D 東大和,12.昭島,10,0,0,3,5,8,0
92,箱根ヶ崎西,東京環状×青梅街道,R4/10,福生,D 東大和,12.昭島,11,0,0,4,4,8,1
92,箱根ヶ崎西,東京環状×青梅街道,R4/10,福生,D 東大和,12.昭島,12,0,0,8,5,13,2
92,箱根ヶ崎西,東京環状×青梅街道,R4/10,福生,D 東大和,12.昭島,13,0,0,7,8,15,0
92,箱根ヶ崎西,東京環状×青梅街道,R4/10,福生,D 東大和,12.昭島,14,0,0,7,2,9,0
92,箱根ヶ崎西,東京環状×青梅街道,R4/10,福生,D 東大和,12.昭島,15,0,0,10,8,18,0
92,箱根ヶ崎西,東京環状×青梅街道,R4/10,福生,D 東大和,12.昭島,16,0,1,6,2,9,0
92,箱根ヶ崎西,東京環状×青梅街道,R4/10,福生,D 東大和,12.昭島,17,0,0,9,2,11,0
92,箱根ヶ崎西,東京環状×青梅街道,R4/10,福生,D 東大和,12.昭島,18,0,0,7,3,10,1
92,箱根ヶ崎西,東京環状×青梅街道,R4/10,福生,D 東大和,12.昭島,12時間計,0,5,70,44,119,4
92,箱根ヶ崎西,東京環状×青梅街道,R4/10,福生,D 東大和,13.青梅,7,10,20,612,166,808,36
92,箱根ヶ崎西,東京環状×青梅街道,R4/10,福生,D 東大和,13.青梅,8,5,25,585,203,818,22
92,箱根ヶ崎西,東京環状×青梅街道,R4/10,福生,D 東大和,13.青梅,9,3,30,318,161,512,23
92,箱根ヶ崎西,東京環状×青梅街道,R4/10,福生,D 東大和,13.青梅,10,5,29,322,130,486,24
92,箱根ヶ崎西,東京環状×青梅街道,R4/10,福生,D 東大和,13.青梅,11,1,23,404,130,558,23
92,箱根ヶ崎西,東京環状×青梅街道,R4/10,福生,D 東大和,13.青梅,12,4,19,417,119,559,20
92,箱根ヶ崎西,東京環状×青梅街道,R4/10,福生,D 東大和,13.青梅,13,3,31,461,157,652,22
92,箱根ヶ崎西,東京環状×青梅街道,R4/10,福生,D 東大和,13.青梅,14,4,18,377,146,545,21
92,箱根ヶ崎西,東京環状×青梅街道,R4/10,福生,D 東大和,13.青梅,15,2,14,406,145,567,18
92,箱根ヶ崎西,東京環状×青梅街道,R4/10,福生,D 東大和,13.青梅,16,2,13,517,189,721,16
92,箱根ヶ崎西,東京環状×青梅街道,R4/10,福生,D 東大和,13.青梅,17,2,5,618,162,787,30
92,箱根ヶ崎西,東京環状×青梅街道,R4/10,福生,D 東大和,13.青梅,18,3,1,648,150,802,21
92,箱根ヶ崎西,東京環状×青梅街道,R4/10,福生,D 東大和,13.青梅,12時間計,44,228,5685,1858,7815,276
92,箱根ヶ崎西,東京環状×青梅街道,R4/10,福生,D 東大和,14.入間,7,2,12,52,30,96,5
92,箱根ヶ崎西,東京環状×青梅街道,R4/10,福生,D 東大和,14.入間,8,6,12,57,39,114,3
92,箱根ヶ崎西,東京環状×青梅街道,R4/10,福生,D 東大和,14.入間,9,2,15,42,33,92,5
92,箱根ヶ崎西,東京環状×青梅街道,R4/10,福生,D 東大和,14.入間,10,0,18,52,34,104,1
92,箱根ヶ崎西,東京環状×青梅街道,R4/10,福生,D 東大和,14.入間,11,0,16,54,46,116,3
92,箱根ヶ崎西,東京環状×青梅街道,R4/10,福生,D 東大和,14.入間,12,0,17,60,33,110,1
92,箱根ヶ崎西,東京環状×青梅街道,R4/10,福生,D 東大和,14.入間,13,0,14,62,34,110,1
92,箱根ヶ崎西,東京環状×青梅街道,R4/10,福生,D 東大和,14.入間,14,0,10,55,25,90,0
92,箱根ヶ崎西,東京環状×青梅街道,R4/10,福生,D 東大和,14.入間,15,2,14,56,34,106,0
92,箱根ヶ崎西,東京環状×青梅街道,R4/10,福生,D 東大和,14.入間,16,0,18,67,28,113,0
92,箱根ヶ崎西,東京環状×青梅街道,R4/10,福生,D 東大和,14.入間,17,3,12,82,35,132,4
92,箱根ヶ崎西,東京環状×青梅街道,R4/10,福生,D 東大和,14.入間,18,0,15,75,30,120,1
92,箱根ヶ崎西,東京環状×青梅街道,R4/10,福生,D 東大和,14.入間,12時間計,15,173,714,401,1303,24
92,箱根ヶ崎西,東京環状×青梅街道,R4/10,福生,D 東大和,流入計,7,12,32,668,197,909,41
92,箱根ヶ崎西,東京環状×青梅街道,R4/10,福生,D 東大和,流入計,8,11,39,642,245,937,25
92,箱根ヶ崎西,東京環状×青梅街道,R4/10,福生,D 東大和,流入計,9,5,47,365,195,612,28
92,箱根ヶ崎西,東京環状×青梅街道,R4/10,福生,D 東大和,流入計,10,5,47,377,169,598,25
92,箱根ヶ崎西,東京環状×青梅街道,R4/10,福生,D 東大和,流入計,11,1,39,462,180,682,27
92,箱根ヶ崎西,東京環状×青梅街道,R4/10,福生,D 東大和,流入計,12,4,36,485,157,682,23
92,箱根ヶ崎西,東京環状×青梅街道,R4/10,福生,D 東大和,流入計,13,3,45,530,199,777,23
92,箱根ヶ崎西,東京環状×青梅街道,R4/10,福生,D 東大和,流入計,14,4,28,439,173,644,21
92,箱根ヶ崎西,東京環状×青梅街道,R4/10,福生,D 東大和,流入計,15,4,28,472,187,691,18
92,箱根ヶ崎西,東京環状×青梅街道,R4/10,福生,D 東大和,流入計,16,2,32,590,219,843,16
92,箱根ヶ崎西,東京環状×青梅街道,R4/10,福生,D 東大和,流入計,17,5,17,709,199,930,34
92,箱根ヶ崎西,東京環状×青梅街道,R4/10,福生,D 東大和,流入計,18,3,16,730,183,932,23
92,箱根ヶ崎西,東京環状×青梅街道,R4/10,福生,D 東大和,流入計,12時間計,59,406,6469,2303,9237,304
