﻿地点番号,地点名,交差道路名,調査年月,管轄警察署,流出方向,時間帯等,大型乗用,大型貨物,普通乗用,普通貨物,四輪計,二輪車
92,箱根ヶ崎西,東京環状×青梅街道,R4/10,福生,A 入間,7,4,116,949,292,1361,52
92,箱根ヶ崎西,東京環状×青梅街道,R4/10,福生,A 入間,8,12,169,606,329,1116,30
92,箱根ヶ崎西,東京環状×青梅街道,R4/10,福生,A 入間,9,12,163,572,363,1110,20
92,箱根ヶ崎西,東京環状×青梅街道,R4/10,福生,A 入間,10,2,240,553,371,1166,14
92,箱根ヶ崎西,東京環状×青梅街道,R4/10,福生,A 入間,11,5,275,477,385,1142,18
92,箱根ヶ崎西,東京環状×青梅街道,R4/10,福生,A 入間,12,2,215,460,404,1081,19
92,箱根ヶ崎西,東京環状×青梅街道,R4/10,福生,A 入間,13,1,205,515,372,1093,12
92,箱根ヶ崎西,東京環状×青梅街道,R4/10,福生,A 入間,14,5,171,477,344,997,16
92,箱根ヶ崎西,東京環状×青梅街道,R4/10,福生,A 入間,15,5,164,495,457,1121,12
92,箱根ヶ崎西,東京環状×青梅街道,R4/10,福生,A 入間,16,1,134,531,365,1031,24
92,箱根ヶ崎西,東京環状×青梅街道,R4/10,福生,A 入間,17,6,140,674,418,1238,29
92,箱根ヶ崎西,東京環状×青梅街道,R4/10,福生,A 入間,18,2,114,738,298,1152,37
92,箱根ヶ崎西,東京環状×青梅街道,R4/10,福生,A 入間,12時間計,57,2106,7047,4398,13608,283
92,箱根ヶ崎西,東京環状×青梅街道,R4/10,福生,B 青梅,7,11,36,808,222,1077,45
92,箱根ヶ崎西,東京環状×青梅街道,R4/10,福生,B 青梅,8,7,47,784,285,1123,34
92,箱根ヶ崎西,東京環状×青梅街道,R4/10,福生,B 青梅,9,3,61,401,222,687,25
92,箱根ヶ崎西,東京環状×青梅街道,R4/10,福生,B 青梅,10,6,54,440,200,700,29
92,箱根ヶ崎西,東京環状×青梅街道,R4/10,福生,B 青梅,11,1,47,519,186,753,26
92,箱根ヶ崎西,東京環状×青梅街道,R4/10,福生,B 青梅,12,4,38,522,178,742,28
92,箱根ヶ崎西,東京環状×青梅街道,R4/10,福生,B 青梅,13,4,51,579,225,859,26
92,箱根ヶ崎西,東京環状×青梅街道,R4/10,福生,B 青梅,14,4,40,487,201,732,27
92,箱根ヶ崎西,東京環状×青梅街道,R4/10,福生,B 青梅,15,2,39,510,191,742,23
92,箱根ヶ崎西,東京環状×青梅街道,R4/10,福生,B 青梅,16,2,23,698,244,967,24
92,箱根ヶ崎西,東京環状×青梅街道,R4/10,福生,B 青梅,17,4,12,869,234,1119,40
92,箱根ヶ崎西,東京環状×青梅街道,R4/10,福生,B 青梅,18,4,5,852,196,1057,27
92,箱根ヶ崎西,東京環状×青梅街道,R4/10,福生,B 青梅,12時間計,52,453,7469,2584,10558,354
92,箱根ヶ崎西,東京環状×青梅街道,R4/10,福生,C 昭島,7,5,197,619,283,1104,18
92,箱根ヶ崎西,東京環状×青梅街道,R4/10,福生,C 昭島,8,3,168,568,252,991,10
92,箱根ヶ崎西,東京環状×青梅街道,R4/10,福生,C 昭島,9,1,165,390,337,893,10
92,箱根ヶ崎西,東京環状×青梅街道,R4/10,福生,C 昭島,10,3,165,374,259,801,12
92,箱根ヶ崎西,東京環状×青梅街道,R4/10,福生,C 昭島,11,3,138,373,287,801,25
92,箱根ヶ崎西,東京環状×青梅街道,R4/10,福生,C 昭島,12,1,163,400,240,804,11
92,箱根ヶ崎西,東京環状×青梅街道,R4/10,福生,C 昭島,13,3,209,388,245,845,10
92,箱根ヶ崎西,東京環状×青梅街道,R4/10,福生,C 昭島,14,2,222,488,243,955,11
92,箱根ヶ崎西,東京環状×青梅街道,R4/10,福生,C 昭島,15,4,150,605,293,1052,17
92,箱根ヶ崎西,東京環状×青梅街道,R4/10,福生,C 昭島,16,5,138,680,285,1108,30
92,箱根ヶ崎西,東京環状×青梅街道,R4/10,福生,C 昭島,17,1,111,899,338,1349,40
92,箱根ヶ崎西,東京環状×青梅街道,R4/10,福生,C 昭島,18,2,104,693,360,1159,32
92,箱根ヶ崎西,東京環状×青梅街道,R4/10,福生,C 昭島,12時間計,33,1930,6477,3422,11862,226
92,箱根ヶ崎西,東京環状×青梅街道,R4/10,福生,D 東大和,7,5,40,722,221,988,31
92,箱根ヶ崎西,東京環状×青梅街道,R4/10,福生,D 東大和,8,4,48,661,232,945,20
92,箱根ヶ崎西,東京環状×青梅街道,R4/10,福生,D 東大和,9,1,71,422,179,673,14
92,箱根ヶ崎西,東京環状×青梅街道,R4/10,福生,D 東大和,10,4,77,428,210,719,17
92,箱根ヶ崎西,東京環状×青梅街道,R4/10,福生,D 東大和,11,1,63,415,186,665,12
92,箱根ヶ崎西,東京環状×青梅街道,R4/10,福生,D 東大和,12,4,48,445,170,667,27
92,箱根ヶ崎西,東京環状×青梅街道,R4/10,福生,D 東大和,13,2,37,505,190,734,18
92,箱根ヶ崎西,東京環状×青梅街道,R4/10,福生,D 東大和,14,5,36,515,203,759,31
92,箱根ヶ崎西,東京環状×青梅街道,R4/10,福生,D 東大和,15,7,43,593,199,842,45
92,箱根ヶ崎西,東京環状×青梅街道,R4/10,福生,D 東大和,16,4,36,593,206,839,41
92,箱根ヶ崎西,東京環状×青梅街道,R4/10,福生,D 東大和,17,6,24,768,207,1005,39
92,箱根ヶ崎西,東京環状×青梅街道,R4/10,福生,D 東大和,18,3,20,608,114,745,21
92,箱根ヶ崎西,東京環状×青梅街道,R4/10,福生,D 東大和,12時間計,46,543,6675,2317,9581,316
92,箱根ヶ崎西,東京環状×青梅街道,R4/10,福生,全方向合計,7,25,389,3098,1018,4530,146
92,箱根ヶ崎西,東京環状×青梅街道,R4/10,福生,全方向合計,8,26,432,2619,1098,4175,94
92,箱根ヶ崎西,東京環状×青梅街道,R4/10,福生,全方向合計,9,17,460,1785,1101,3363,69
92,箱根ヶ崎西,東京環状×青梅街道,R4/10,福生,全方向合計,10,15,536,1795,1040,3386,72
92,箱根ヶ崎西,東京環状×青梅街道,R4/10,福生,全方向合計,11,10,523,1784,1044,3361,81
92,箱根ヶ崎西,東京環状×青梅街道,R4/10,福生,全方向合計,12,11,464,1827,992,3294,85
92,箱根ヶ崎西,東京環状×青梅街道,R4/10,福生,全方向合計,13,10,502,1987,1032,3531,66
92,箱根ヶ崎西,東京環状×青梅街道,R4/10,福生,全方向合計,14,16,469,1967,991,3443,85
92,箱根ヶ崎西,東京環状×青梅街道,R4/10,福生,全方向合計,15,18,396,2203,1140,3757,97
92,箱根ヶ崎西,東京環状×青梅街道,R4/10,福生,全方向合計,16,12,331,2502,1100,3945,119
92,箱根ヶ崎西,東京環状×青梅街道,R4/10,福生,全方向合計,17,17,287,3210,1197,4711,148
92,箱根ヶ崎西,東京環状×青梅街道,R4/10,福生,全方向合計,18,11,243,2891,968,4113,117
92,箱根ヶ崎西,東京環状×青梅街道,R4/10,福生,全方向合計,12時間計,188,5032,27668,12721,45609,1179
