﻿地点番号,地点名,交差道路名,調査年月,管轄警察署,流出方向,時間帯等,大型乗用,大型貨物,普通乗用,普通貨物,四輪計,二輪車
26,亀戸４,明治通り×蔵前橋通り,R4/11,城東,A 向島,7,19,15,205,136,375,24
26,亀戸４,明治通り×蔵前橋通り,R4/11,城東,A 向島,8,14,13,252,166,445,21
26,亀戸４,明治通り×蔵前橋通り,R4/11,城東,A 向島,9,14,18,248,213,493,18
26,亀戸４,明治通り×蔵前橋通り,R4/11,城東,A 向島,10,9,13,266,224,512,26
26,亀戸４,明治通り×蔵前橋通り,R4/11,城東,A 向島,11,8,12,250,182,452,26
26,亀戸４,明治通り×蔵前橋通り,R4/11,城東,A 向島,12,12,16,282,155,465,32
26,亀戸４,明治通り×蔵前橋通り,R4/11,城東,A 向島,13,6,15,255,172,448,33
26,亀戸４,明治通り×蔵前橋通り,R4/11,城東,A 向島,14,10,16,298,170,494,26
26,亀戸４,明治通り×蔵前橋通り,R4/11,城東,A 向島,15,16,8,315,198,537,36
26,亀戸４,明治通り×蔵前橋通り,R4/11,城東,A 向島,16,13,5,298,156,472,36
26,亀戸４,明治通り×蔵前橋通り,R4/11,城東,A 向島,17,6,5,337,135,483,48
26,亀戸４,明治通り×蔵前橋通り,R4/11,城東,A 向島,18,14,4,312,76,406,72
26,亀戸４,明治通り×蔵前橋通り,R4/11,城東,A 向島,12時間計,141,140,3318,1983,5582,398
26,亀戸４,明治通り×蔵前橋通り,R4/11,城東,B 天神橋,7,11,12,735,548,1306,128
26,亀戸４,明治通り×蔵前橋通り,R4/11,城東,B 天神橋,8,8,14,718,431,1171,82
26,亀戸４,明治通り×蔵前橋通り,R4/11,城東,B 天神橋,9,5,14,602,273,894,88
26,亀戸４,明治通り×蔵前橋通り,R4/11,城東,B 天神橋,10,3,16,630,258,907,57
26,亀戸４,明治通り×蔵前橋通り,R4/11,城東,B 天神橋,11,2,13,501,291,807,39
26,亀戸４,明治通り×蔵前橋通り,R4/11,城東,B 天神橋,12,4,14,457,278,753,54
26,亀戸４,明治通り×蔵前橋通り,R4/11,城東,B 天神橋,13,2,15,465,312,794,51
26,亀戸４,明治通り×蔵前橋通り,R4/11,城東,B 天神橋,14,2,3,479,245,729,33
26,亀戸４,明治通り×蔵前橋通り,R4/11,城東,B 天神橋,15,4,0,521,231,756,42
26,亀戸４,明治通り×蔵前橋通り,R4/11,城東,B 天神橋,16,8,6,526,213,753,33
26,亀戸４,明治通り×蔵前橋通り,R4/11,城東,B 天神橋,17,5,6,571,178,760,39
26,亀戸４,明治通り×蔵前橋通り,R4/11,城東,B 天神橋,18,3,9,403,182,597,49
26,亀戸４,明治通り×蔵前橋通り,R4/11,城東,B 天神橋,12時間計,57,122,6608,3440,10227,695
26,亀戸４,明治通り×蔵前橋通り,R4/11,城東,C 亀戸駅,7,17,16,234,209,476,61
26,亀戸４,明治通り×蔵前橋通り,R4/11,城東,C 亀戸駅,8,19,18,251,239,527,40
26,亀戸４,明治通り×蔵前橋通り,R4/11,城東,C 亀戸駅,9,18,16,245,207,486,42
26,亀戸４,明治通り×蔵前橋通り,R4/11,城東,C 亀戸駅,10,12,17,256,206,491,52
26,亀戸４,明治通り×蔵前橋通り,R4/11,城東,C 亀戸駅,11,11,10,247,205,473,43
26,亀戸４,明治通り×蔵前橋通り,R4/11,城東,C 亀戸駅,12,9,11,252,170,442,48
26,亀戸４,明治通り×蔵前橋通り,R4/11,城東,C 亀戸駅,13,11,9,277,202,499,46
26,亀戸４,明治通り×蔵前橋通り,R4/11,城東,C 亀戸駅,14,13,11,260,203,487,51
26,亀戸４,明治通り×蔵前橋通り,R4/11,城東,C 亀戸駅,15,11,3,243,195,452,38
26,亀戸４,明治通り×蔵前橋通り,R4/11,城東,C 亀戸駅,16,14,8,273,158,453,47
26,亀戸４,明治通り×蔵前橋通り,R4/11,城東,C 亀戸駅,17,19,14,314,152,499,46
26,亀戸４,明治通り×蔵前橋通り,R4/11,城東,C 亀戸駅,18,16,7,260,111,394,56
26,亀戸４,明治通り×蔵前橋通り,R4/11,城東,C 亀戸駅,12時間計,170,140,3112,2257,5679,570
26,亀戸４,明治通り×蔵前橋通り,R4/11,城東,D 江東新橋,7,1,22,277,198,498,46
26,亀戸４,明治通り×蔵前橋通り,R4/11,城東,D 江東新橋,8,2,28,383,291,704,42
26,亀戸４,明治通り×蔵前橋通り,R4/11,城東,D 江東新橋,9,6,28,377,346,757,37
26,亀戸４,明治通り×蔵前橋通り,R4/11,城東,D 江東新橋,10,1,41,462,394,898,43
26,亀戸４,明治通り×蔵前橋通り,R4/11,城東,D 江東新橋,11,0,36,466,417,919,32
26,亀戸４,明治通り×蔵前橋通り,R4/11,城東,D 江東新橋,12,0,29,554,369,952,63
26,亀戸４,明治通り×蔵前橋通り,R4/11,城東,D 江東新橋,13,1,26,504,356,887,56
26,亀戸４,明治通り×蔵前橋通り,R4/11,城東,D 江東新橋,14,1,29,626,452,1108,58
26,亀戸４,明治通り×蔵前橋通り,R4/11,城東,D 江東新橋,15,0,38,668,452,1158,68
26,亀戸４,明治通り×蔵前橋通り,R4/11,城東,D 江東新橋,16,3,15,673,452,1143,75
26,亀戸４,明治通り×蔵前橋通り,R4/11,城東,D 江東新橋,17,1,11,780,499,1291,135
26,亀戸４,明治通り×蔵前橋通り,R4/11,城東,D 江東新橋,18,1,9,717,388,1115,130
26,亀戸４,明治通り×蔵前橋通り,R4/11,城東,D 江東新橋,12時間計,17,312,6487,4614,11430,785
26,亀戸４,明治通り×蔵前橋通り,R4/11,城東,全方向合計,7,48,65,1451,1091,2655,259
26,亀戸４,明治通り×蔵前橋通り,R4/11,城東,全方向合計,8,43,73,1604,1127,2847,185
26,亀戸４,明治通り×蔵前橋通り,R4/11,城東,全方向合計,9,43,76,1472,1039,2630,185
26,亀戸４,明治通り×蔵前橋通り,R4/11,城東,全方向合計,10,25,87,1614,1082,2808,178
26,亀戸４,明治通り×蔵前橋通り,R4/11,城東,全方向合計,11,21,71,1464,1095,2651,140
26,亀戸４,明治通り×蔵前橋通り,R4/11,城東,全方向合計,12,25,70,1545,972,2612,197
26,亀戸４,明治通り×蔵前橋通り,R4/11,城東,全方向合計,13,20,65,1501,1042,2628,186
26,亀戸４,明治通り×蔵前橋通り,R4/11,城東,全方向合計,14,26,59,1663,1070,2818,168
26,亀戸４,明治通り×蔵前橋通り,R4/11,城東,全方向合計,15,31,49,1747,1076,2903,184
26,亀戸４,明治通り×蔵前橋通り,R4/11,城東,全方向合計,16,38,34,1770,979,2821,191
26,亀戸４,明治通り×蔵前橋通り,R4/11,城東,全方向合計,17,31,36,2002,964,3033,268
26,亀戸４,明治通り×蔵前橋通り,R4/11,城東,全方向合計,18,34,29,1692,757,2512,307
26,亀戸４,明治通り×蔵前橋通り,R4/11,城東,全方向合計,12時間計,385,714,19525,12294,32918,2448
