﻿地点番号,地点名,交差道路名,調査年月,管轄警察署,流入方向,流出方向,時間帯等,大型乗用,大型貨物,普通乗用,普通貨物,四輪計,二輪車
26,亀戸４,明治通り×蔵前橋通り,R4/11,城東,A 向島,1.江東新橋,7,0,2,15,13,30,1
26,亀戸４,明治通り×蔵前橋通り,R4/11,城東,A 向島,1.江東新橋,8,0,3,20,29,52,0
26,亀戸４,明治通り×蔵前橋通り,R4/11,城東,A 向島,1.江東新橋,9,0,2,22,20,44,0
26,亀戸４,明治通り×蔵前橋通り,R4/11,城東,A 向島,1.江東新橋,10,0,7,36,38,81,2
26,亀戸４,明治通り×蔵前橋通り,R4/11,城東,A 向島,1.江東新橋,11,0,5,32,38,75,2
26,亀戸４,明治通り×蔵前橋通り,R4/11,城東,A 向島,1.江東新橋,12,0,3,37,24,64,6
26,亀戸４,明治通り×蔵前橋通り,R4/11,城東,A 向島,1.江東新橋,13,0,5,38,28,71,2
26,亀戸４,明治通り×蔵前橋通り,R4/11,城東,A 向島,1.江東新橋,14,1,8,39,39,87,3
26,亀戸４,明治通り×蔵前橋通り,R4/11,城東,A 向島,1.江東新橋,15,0,8,44,27,79,4
26,亀戸４,明治通り×蔵前橋通り,R4/11,城東,A 向島,1.江東新橋,16,0,2,39,36,77,2
26,亀戸４,明治通り×蔵前橋通り,R4/11,城東,A 向島,1.江東新橋,17,0,0,27,20,47,6
26,亀戸４,明治通り×蔵前橋通り,R4/11,城東,A 向島,1.江東新橋,18,0,0,43,17,60,7
26,亀戸４,明治通り×蔵前橋通り,R4/11,城東,A 向島,1.江東新橋,12時間計,1,45,392,329,767,35
26,亀戸４,明治通り×蔵前橋通り,R4/11,城東,A 向島,2.亀戸駅,7,12,14,151,120,297,41
26,亀戸４,明治通り×蔵前橋通り,R4/11,城東,A 向島,2.亀戸駅,8,13,16,169,136,334,30
26,亀戸４,明治通り×蔵前橋通り,R4/11,城東,A 向島,2.亀戸駅,9,14,10,146,121,291,27
26,亀戸４,明治通り×蔵前橋通り,R4/11,城東,A 向島,2.亀戸駅,10,9,12,158,126,305,39
26,亀戸４,明治通り×蔵前橋通り,R4/11,城東,A 向島,2.亀戸駅,11,8,7,139,117,271,35
26,亀戸４,明治通り×蔵前橋通り,R4/11,城東,A 向島,2.亀戸駅,12,7,6,140,97,250,33
26,亀戸４,明治通り×蔵前橋通り,R4/11,城東,A 向島,2.亀戸駅,13,9,7,150,129,295,31
26,亀戸４,明治通り×蔵前橋通り,R4/11,城東,A 向島,2.亀戸駅,14,10,6,132,107,255,38
26,亀戸４,明治通り×蔵前橋通り,R4/11,城東,A 向島,2.亀戸駅,15,9,3,139,112,263,22
26,亀戸４,明治通り×蔵前橋通り,R4/11,城東,A 向島,2.亀戸駅,16,9,4,158,99,270,31
26,亀戸４,明治通り×蔵前橋通り,R4/11,城東,A 向島,2.亀戸駅,17,13,10,174,93,290,33
26,亀戸４,明治通り×蔵前橋通り,R4/11,城東,A 向島,2.亀戸駅,18,13,4,158,66,241,31
26,亀戸４,明治通り×蔵前橋通り,R4/11,城東,A 向島,2.亀戸駅,12時間計,126,99,1814,1323,3362,391
26,亀戸４,明治通り×蔵前橋通り,R4/11,城東,A 向島,3.天神橋,7,0,1,44,36,81,2
26,亀戸４,明治通り×蔵前橋通り,R4/11,城東,A 向島,3.天神橋,8,0,1,42,28,71,7
26,亀戸４,明治通り×蔵前橋通り,R4/11,城東,A 向島,3.天神橋,9,0,3,62,21,86,2
26,亀戸４,明治通り×蔵前橋通り,R4/11,城東,A 向島,3.天神橋,10,0,1,47,30,78,8
26,亀戸４,明治通り×蔵前橋通り,R4/11,城東,A 向島,3.天神橋,11,0,0,53,27,80,5
26,亀戸４,明治通り×蔵前橋通り,R4/11,城東,A 向島,3.天神橋,12,0,0,42,22,64,6
26,亀戸４,明治通り×蔵前橋通り,R4/11,城東,A 向島,3.天神橋,13,0,2,39,25,66,5
26,亀戸４,明治通り×蔵前橋通り,R4/11,城東,A 向島,3.天神橋,14,0,0,45,19,64,5
26,亀戸４,明治通り×蔵前橋通り,R4/11,城東,A 向島,3.天神橋,15,0,0,61,17,78,5
26,亀戸４,明治通り×蔵前橋通り,R4/11,城東,A 向島,3.天神橋,16,1,0,66,25,92,3
26,亀戸４,明治通り×蔵前橋通り,R4/11,城東,A 向島,3.天神橋,17,2,0,68,24,94,6
26,亀戸４,明治通り×蔵前橋通り,R4/11,城東,A 向島,3.天神橋,18,0,0,57,17,74,10
26,亀戸４,明治通り×蔵前橋通り,R4/11,城東,A 向島,3.天神橋,12時間計,3,8,626,291,928,64
26,亀戸４,明治通り×蔵前橋通り,R4/11,城東,A 向島,流入計,7,12,17,210,169,408,44
26,亀戸４,明治通り×蔵前橋通り,R4/11,城東,A 向島,流入計,8,13,20,231,193,457,37
26,亀戸４,明治通り×蔵前橋通り,R4/11,城東,A 向島,流入計,9,14,15,230,162,421,29
26,亀戸４,明治通り×蔵前橋通り,R4/11,城東,A 向島,流入計,10,9,20,241,194,464,49
26,亀戸４,明治通り×蔵前橋通り,R4/11,城東,A 向島,流入計,11,8,12,224,182,426,42
26,亀戸４,明治通り×蔵前橋通り,R4/11,城東,A 向島,流入計,12,7,9,219,143,378,45
26,亀戸４,明治通り×蔵前橋通り,R4/11,城東,A 向島,流入計,13,9,14,227,182,432,38
26,亀戸４,明治通り×蔵前橋通り,R4/11,城東,A 向島,流入計,14,11,14,216,165,406,46
26,亀戸４,明治通り×蔵前橋通り,R4/11,城東,A 向島,流入計,15,9,11,244,156,420,31
26,亀戸４,明治通り×蔵前橋通り,R4/11,城東,A 向島,流入計,16,10,6,263,160,439,36
26,亀戸４,明治通り×蔵前橋通り,R4/11,城東,A 向島,流入計,17,15,10,269,137,431,45
26,亀戸４,明治通り×蔵前橋通り,R4/11,城東,A 向島,流入計,18,13,4,258,100,375,48
26,亀戸４,明治通り×蔵前橋通り,R4/11,城東,A 向島,流入計,12時間計,130,152,2832,1943,5057,490
26,亀戸４,明治通り×蔵前橋通り,R4/11,城東,B 天神橋,4.向島,7,0,0,15,14,29,4
26,亀戸４,明治通り×蔵前橋通り,R4/11,城東,B 天神橋,4.向島,8,0,3,26,17,46,1
26,亀戸４,明治通り×蔵前橋通り,R4/11,城東,B 天神橋,4.向島,9,0,1,31,25,57,2
26,亀戸４,明治通り×蔵前橋通り,R4/11,城東,B 天神橋,4.向島,10,0,0,44,28,72,5
26,亀戸４,明治通り×蔵前橋通り,R4/11,城東,B 天神橋,4.向島,11,0,1,38,20,59,7
26,亀戸４,明治通り×蔵前橋通り,R4/11,城東,B 天神橋,4.向島,12,0,2,45,24,71,7
26,亀戸４,明治通り×蔵前橋通り,R4/11,城東,B 天神橋,4.向島,13,0,0,39,27,66,3
26,亀戸４,明治通り×蔵前橋通り,R4/11,城東,B 天神橋,4.向島,14,0,0,33,20,53,2
26,亀戸４,明治通り×蔵前橋通り,R4/11,城東,B 天神橋,4.向島,15,0,0,39,35,74,4
26,亀戸４,明治通り×蔵前橋通り,R4/11,城東,B 天神橋,4.向島,16,1,0,37,23,61,7
26,亀戸４,明治通り×蔵前橋通り,R4/11,城東,B 天神橋,4.向島,17,0,0,33,19,52,8
26,亀戸４,明治通り×蔵前橋通り,R4/11,城東,B 天神橋,4.向島,18,0,0,41,5,46,11
26,亀戸４,明治通り×蔵前橋通り,R4/11,城東,B 天神橋,4.向島,12時間計,1,7,421,257,686,61
26,亀戸４,明治通り×蔵前橋通り,R4/11,城東,B 天神橋,5.江東新橋,7,1,7,205,133,346,36
26,亀戸４,明治通り×蔵前橋通り,R4/11,城東,B 天神橋,5.江東新橋,8,0,11,297,203,511,35
26,亀戸４,明治通り×蔵前橋通り,R4/11,城東,B 天神橋,5.江東新橋,9,4,12,273,254,543,32
26,亀戸４,明治通り×蔵前橋通り,R4/11,城東,B 天神橋,5.江東新橋,10,1,16,343,275,635,32
26,亀戸４,明治通り×蔵前橋通り,R4/11,城東,B 天神橋,5.江東新橋,11,0,10,344,289,643,24
26,亀戸４,明治通り×蔵前橋通り,R4/11,城東,B 天神橋,5.江東新橋,12,0,11,417,274,702,49
26,亀戸４,明治通り×蔵前橋通り,R4/11,城東,B 天神橋,5.江東新橋,13,0,11,384,258,653,47
26,亀戸４,明治通り×蔵前橋通り,R4/11,城東,B 天神橋,5.江東新橋,14,0,8,485,347,840,45
26,亀戸４,明治通り×蔵前橋通り,R4/11,城東,B 天神橋,5.江東新橋,15,0,13,520,329,862,55
26,亀戸４,明治通り×蔵前橋通り,R4/11,城東,B 天神橋,5.江東新橋,16,2,10,501,344,857,55
26,亀戸４,明治通り×蔵前橋通り,R4/11,城東,B 天神橋,5.江東新橋,17,1,8,619,407,1035,109
26,亀戸４,明治通り×蔵前橋通り,R4/11,城東,B 天神橋,5.江東新橋,18,1,6,527,298,832,101
26,亀戸４,明治通り×蔵前橋通り,R4/11,城東,B 天神橋,5.江東新橋,12時間計,10,123,4915,3411,8459,620
26,亀戸４,明治通り×蔵前橋通り,R4/11,城東,B 天神橋,6.亀戸駅,7,5,1,26,30,62,2
26,亀戸４,明治通り×蔵前橋通り,R4/11,城東,B 天神橋,6.亀戸駅,8,6,0,32,43,81,2
26,亀戸４,明治通り×蔵前橋通り,R4/11,城東,B 天神橋,6.亀戸駅,9,4,0,47,36,87,7
26,亀戸４,明治通り×蔵前橋通り,R4/11,城東,B 天神橋,6.亀戸駅,10,3,0,48,31,82,5
26,亀戸４,明治通り×蔵前橋通り,R4/11,城東,B 天神橋,6.亀戸駅,11,2,0,54,44,100,1
26,亀戸４,明治通り×蔵前橋通り,R4/11,城東,B 天神橋,6.亀戸駅,12,2,0,58,44,104,6
26,亀戸４,明治通り×蔵前橋通り,R4/11,城東,B 天神橋,6.亀戸駅,13,2,2,61,34,99,8
26,亀戸４,明治通り×蔵前橋通り,R4/11,城東,B 天神橋,6.亀戸駅,14,3,1,69,61,134,6
26,亀戸４,明治通り×蔵前橋通り,R4/11,城東,B 天神橋,6.亀戸駅,15,2,0,49,46,97,4
26,亀戸４,明治通り×蔵前橋通り,R4/11,城東,B 天神橋,6.亀戸駅,16,5,0,61,28,94,7
26,亀戸４,明治通り×蔵前橋通り,R4/11,城東,B 天神橋,6.亀戸駅,17,4,1,77,27,109,4
26,亀戸４,明治通り×蔵前橋通り,R4/11,城東,B 天神橋,6.亀戸駅,18,3,1,51,30,85,12
26,亀戸４,明治通り×蔵前橋通り,R4/11,城東,B 天神橋,6.亀戸駅,12時間計,41,6,633,454,1134,64
26,亀戸４,明治通り×蔵前橋通り,R4/11,城東,B 天神橋,流入計,7,6,8,246,177,437,42
26,亀戸４,明治通り×蔵前橋通り,R4/11,城東,B 天神橋,流入計,8,6,14,355,263,638,38
26,亀戸４,明治通り×蔵前橋通り,R4/11,城東,B 天神橋,流入計,9,8,13,351,315,687,41
26,亀戸４,明治通り×蔵前橋通り,R4/11,城東,B 天神橋,流入計,10,4,16,435,334,789,42
26,亀戸４,明治通り×蔵前橋通り,R4/11,城東,B 天神橋,流入計,11,2,11,436,353,802,32
26,亀戸４,明治通り×蔵前橋通り,R4/11,城東,B 天神橋,流入計,12,2,13,520,342,877,62
26,亀戸４,明治通り×蔵前橋通り,R4/11,城東,B 天神橋,流入計,13,2,13,484,319,818,58
26,亀戸４,明治通り×蔵前橋通り,R4/11,城東,B 天神橋,流入計,14,3,9,587,428,1027,53
26,亀戸４,明治通り×蔵前橋通り,R4/11,城東,B 天神橋,流入計,15,2,13,608,410,1033,63
26,亀戸４,明治通り×蔵前橋通り,R4/11,城東,B 天神橋,流入計,16,8,10,599,395,1012,69
26,亀戸４,明治通り×蔵前橋通り,R4/11,城東,B 天神橋,流入計,17,5,9,729,453,1196,121
26,亀戸４,明治通り×蔵前橋通り,R4/11,城東,B 天神橋,流入計,18,4,7,619,333,963,124
26,亀戸４,明治通り×蔵前橋通り,R4/11,城東,B 天神橋,流入計,12時間計,52,136,5969,4122,10279,745
26,亀戸４,明治通り×蔵前橋通り,R4/11,城東,C 亀戸駅,7.天神橋,7,6,2,47,42,97,3
26,亀戸４,明治通り×蔵前橋通り,R4/11,城東,C 亀戸駅,7.天神橋,8,3,5,46,39,93,2
26,亀戸４,明治通り×蔵前橋通り,R4/11,城東,C 亀戸駅,7.天神橋,9,4,6,60,31,101,7
26,亀戸４,明治通り×蔵前橋通り,R4/11,城東,C 亀戸駅,7.天神橋,10,2,3,66,22,93,2
26,亀戸４,明治通り×蔵前橋通り,R4/11,城東,C 亀戸駅,7.天神橋,11,2,4,48,17,71,4
26,亀戸４,明治通り×蔵前橋通り,R4/11,城東,C 亀戸駅,7.天神橋,12,4,2,56,18,80,12
26,亀戸４,明治通り×蔵前橋通り,R4/11,城東,C 亀戸駅,7.天神橋,13,2,2,47,29,80,9
26,亀戸４,明治通り×蔵前橋通り,R4/11,城東,C 亀戸駅,7.天神橋,14,2,1,61,14,78,2
26,亀戸４,明治通り×蔵前橋通り,R4/11,城東,C 亀戸駅,7.天神橋,15,4,0,47,19,70,9
26,亀戸４,明治通り×蔵前橋通り,R4/11,城東,C 亀戸駅,7.天神橋,16,4,0,48,15,67,5
26,亀戸４,明治通り×蔵前橋通り,R4/11,城東,C 亀戸駅,7.天神橋,17,3,1,63,20,87,3
26,亀戸４,明治通り×蔵前橋通り,R4/11,城東,C 亀戸駅,7.天神橋,18,3,0,52,17,72,6
26,亀戸４,明治通り×蔵前橋通り,R4/11,城東,C 亀戸駅,7.天神橋,12時間計,39,26,641,283,989,64
26,亀戸４,明治通り×蔵前橋通り,R4/11,城東,C 亀戸駅,8.向島,7,19,14,153,94,280,18
26,亀戸４,明治通り×蔵前橋通り,R4/11,城東,C 亀戸駅,8.向島,8,14,10,183,114,321,16
26,亀戸４,明治通り×蔵前橋通り,R4/11,城東,C 亀戸駅,8.向島,9,13,14,170,159,356,12
26,亀戸４,明治通り×蔵前橋通り,R4/11,城東,C 亀戸駅,8.向島,10,9,10,160,154,333,20
26,亀戸４,明治通り×蔵前橋通り,R4/11,城東,C 亀戸駅,8.向島,11,7,11,169,131,318,16
26,亀戸４,明治通り×蔵前橋通り,R4/11,城東,C 亀戸駅,8.向島,12,12,10,187,110,319,24
26,亀戸４,明治通り×蔵前橋通り,R4/11,城東,C 亀戸駅,8.向島,13,6,14,163,116,299,27
26,亀戸４,明治通り×蔵前橋通り,R4/11,城東,C 亀戸駅,8.向島,14,10,15,197,117,339,21
26,亀戸４,明治通り×蔵前橋通り,R4/11,城東,C 亀戸駅,8.向島,15,15,8,224,127,374,28
26,亀戸４,明治通り×蔵前橋通り,R4/11,城東,C 亀戸駅,8.向島,16,12,5,216,111,344,24
26,亀戸４,明治通り×蔵前橋通り,R4/11,城東,C 亀戸駅,8.向島,17,6,5,256,103,370,37
26,亀戸４,明治通り×蔵前橋通り,R4/11,城東,C 亀戸駅,8.向島,18,14,4,224,61,303,59
26,亀戸４,明治通り×蔵前橋通り,R4/11,城東,C 亀戸駅,8.向島,12時間計,137,120,2302,1397,3956,302
26,亀戸４,明治通り×蔵前橋通り,R4/11,城東,C 亀戸駅,9.江東新橋,7,0,13,57,52,122,9
26,亀戸４,明治通り×蔵前橋通り,R4/11,城東,C 亀戸駅,9.江東新橋,8,2,14,66,59,141,7
26,亀戸４,明治通り×蔵前橋通り,R4/11,城東,C 亀戸駅,9.江東新橋,9,2,14,82,72,170,5
26,亀戸４,明治通り×蔵前橋通り,R4/11,城東,C 亀戸駅,9.江東新橋,10,0,18,83,81,182,9
26,亀戸４,明治通り×蔵前橋通り,R4/11,城東,C 亀戸駅,9.江東新橋,11,0,21,90,90,201,6
26,亀戸４,明治通り×蔵前橋通り,R4/11,城東,C 亀戸駅,9.江東新橋,12,0,15,100,71,186,8
26,亀戸４,明治通り×蔵前橋通り,R4/11,城東,C 亀戸駅,9.江東新橋,13,1,10,82,70,163,7
26,亀戸４,明治通り×蔵前橋通り,R4/11,城東,C 亀戸駅,9.江東新橋,14,0,13,102,66,181,10
26,亀戸４,明治通り×蔵前橋通り,R4/11,城東,C 亀戸駅,9.江東新橋,15,0,17,104,96,217,9
26,亀戸４,明治通り×蔵前橋通り,R4/11,城東,C 亀戸駅,9.江東新橋,16,1,3,133,72,209,18
26,亀戸４,明治通り×蔵前橋通り,R4/11,城東,C 亀戸駅,9.江東新橋,17,0,3,134,72,209,20
26,亀戸４,明治通り×蔵前橋通り,R4/11,城東,C 亀戸駅,9.江東新橋,18,0,3,147,73,223,22
26,亀戸４,明治通り×蔵前橋通り,R4/11,城東,C 亀戸駅,9.江東新橋,12時間計,6,144,1180,874,2204,130
26,亀戸４,明治通り×蔵前橋通り,R4/11,城東,C 亀戸駅,流入計,7,25,29,257,188,499,30
26,亀戸４,明治通り×蔵前橋通り,R4/11,城東,C 亀戸駅,流入計,8,19,29,295,212,555,25
26,亀戸４,明治通り×蔵前橋通り,R4/11,城東,C 亀戸駅,流入計,9,19,34,312,262,627,24
26,亀戸４,明治通り×蔵前橋通り,R4/11,城東,C 亀戸駅,流入計,10,11,31,309,257,608,31
26,亀戸４,明治通り×蔵前橋通り,R4/11,城東,C 亀戸駅,流入計,11,9,36,307,238,590,26
26,亀戸４,明治通り×蔵前橋通り,R4/11,城東,C 亀戸駅,流入計,12,16,27,343,199,585,44
26,亀戸４,明治通り×蔵前橋通り,R4/11,城東,C 亀戸駅,流入計,13,9,26,292,215,542,43
26,亀戸４,明治通り×蔵前橋通り,R4/11,城東,C 亀戸駅,流入計,14,12,29,360,197,598,33
26,亀戸４,明治通り×蔵前橋通り,R4/11,城東,C 亀戸駅,流入計,15,19,25,375,242,661,46
26,亀戸４,明治通り×蔵前橋通り,R4/11,城東,C 亀戸駅,流入計,16,17,8,397,198,620,47
26,亀戸４,明治通り×蔵前橋通り,R4/11,城東,C 亀戸駅,流入計,17,9,9,453,195,666,60
26,亀戸４,明治通り×蔵前橋通り,R4/11,城東,C 亀戸駅,流入計,18,17,7,423,151,598,87
26,亀戸４,明治通り×蔵前橋通り,R4/11,城東,C 亀戸駅,流入計,12時間計,182,290,4123,2554,7149,496
26,亀戸４,明治通り×蔵前橋通り,R4/11,城東,D 江東新橋,10.亀戸駅,7,0,1,57,59,117,18
26,亀戸４,明治通り×蔵前橋通り,R4/11,城東,D 江東新橋,10.亀戸駅,8,0,2,50,60,112,8
26,亀戸４,明治通り×蔵前橋通り,R4/11,城東,D 江東新橋,10.亀戸駅,9,0,6,52,50,108,8
26,亀戸４,明治通り×蔵前橋通り,R4/11,城東,D 江東新橋,10.亀戸駅,10,0,5,50,49,104,8
26,亀戸４,明治通り×蔵前橋通り,R4/11,城東,D 江東新橋,10.亀戸駅,11,1,3,54,44,102,7
26,亀戸４,明治通り×蔵前橋通り,R4/11,城東,D 江東新橋,10.亀戸駅,12,0,5,54,29,88,9
26,亀戸４,明治通り×蔵前橋通り,R4/11,城東,D 江東新橋,10.亀戸駅,13,0,0,66,39,105,7
26,亀戸４,明治通り×蔵前橋通り,R4/11,城東,D 江東新橋,10.亀戸駅,14,0,4,59,35,98,7
26,亀戸４,明治通り×蔵前橋通り,R4/11,城東,D 江東新橋,10.亀戸駅,15,0,0,55,37,92,12
26,亀戸４,明治通り×蔵前橋通り,R4/11,城東,D 江東新橋,10.亀戸駅,16,0,4,54,31,89,9
26,亀戸４,明治通り×蔵前橋通り,R4/11,城東,D 江東新橋,10.亀戸駅,17,2,3,63,32,100,9
26,亀戸４,明治通り×蔵前橋通り,R4/11,城東,D 江東新橋,10.亀戸駅,18,0,2,51,15,68,13
26,亀戸４,明治通り×蔵前橋通り,R4/11,城東,D 江東新橋,10.亀戸駅,12時間計,3,35,665,480,1183,115
26,亀戸４,明治通り×蔵前橋通り,R4/11,城東,D 江東新橋,11.天神橋,7,5,9,644,470,1128,123
26,亀戸４,明治通り×蔵前橋通り,R4/11,城東,D 江東新橋,11.天神橋,8,5,8,630,364,1007,73
26,亀戸４,明治通り×蔵前橋通り,R4/11,城東,D 江東新橋,11.天神橋,9,1,5,480,221,707,79
26,亀戸４,明治通り×蔵前橋通り,R4/11,城東,D 江東新橋,11.天神橋,10,1,12,517,206,736,47
26,亀戸４,明治通り×蔵前橋通り,R4/11,城東,D 江東新橋,11.天神橋,11,0,9,400,247,656,30
26,亀戸４,明治通り×蔵前橋通り,R4/11,城東,D 江東新橋,11.天神橋,12,0,12,359,238,609,36
26,亀戸４,明治通り×蔵前橋通り,R4/11,城東,D 江東新橋,11.天神橋,13,0,11,379,258,648,37
26,亀戸４,明治通り×蔵前橋通り,R4/11,城東,D 江東新橋,11.天神橋,14,0,2,373,212,587,26
26,亀戸４,明治通り×蔵前橋通り,R4/11,城東,D 江東新橋,11.天神橋,15,0,0,413,195,608,28
26,亀戸４,明治通り×蔵前橋通り,R4/11,城東,D 江東新橋,11.天神橋,16,3,6,412,173,594,25
26,亀戸４,明治通り×蔵前橋通り,R4/11,城東,D 江東新橋,11.天神橋,17,0,5,440,134,579,30
26,亀戸４,明治通り×蔵前橋通り,R4/11,城東,D 江東新橋,11.天神橋,18,0,9,294,148,451,33
26,亀戸４,明治通り×蔵前橋通り,R4/11,城東,D 江東新橋,11.天神橋,12時間計,15,88,5341,2866,8310,567
26,亀戸４,明治通り×蔵前橋通り,R4/11,城東,D 江東新橋,12.向島,7,0,1,37,28,66,2
26,亀戸４,明治通り×蔵前橋通り,R4/11,城東,D 江東新橋,12.向島,8,0,0,43,35,78,4
26,亀戸４,明治通り×蔵前橋通り,R4/11,城東,D 江東新橋,12.向島,9,1,3,47,29,80,4
26,亀戸４,明治通り×蔵前橋通り,R4/11,城東,D 江東新橋,12.向島,10,0,3,62,42,107,1
26,亀戸４,明治通り×蔵前橋通り,R4/11,城東,D 江東新橋,12.向島,11,1,0,43,31,75,3
26,亀戸４,明治通り×蔵前橋通り,R4/11,城東,D 江東新橋,12.向島,12,0,4,50,21,75,1
26,亀戸４,明治通り×蔵前橋通り,R4/11,城東,D 江東新橋,12.向島,13,0,1,53,29,83,3
26,亀戸４,明治通り×蔵前橋通り,R4/11,城東,D 江東新橋,12.向島,14,0,1,68,33,102,3
26,亀戸４,明治通り×蔵前橋通り,R4/11,城東,D 江東新橋,12.向島,15,1,0,52,36,89,4
26,亀戸４,明治通り×蔵前橋通り,R4/11,城東,D 江東新橋,12.向島,16,0,0,45,22,67,5
26,亀戸４,明治通り×蔵前橋通り,R4/11,城東,D 江東新橋,12.向島,17,0,0,48,13,61,3
26,亀戸４,明治通り×蔵前橋通り,R4/11,城東,D 江東新橋,12.向島,18,0,0,47,10,57,2
26,亀戸４,明治通り×蔵前橋通り,R4/11,城東,D 江東新橋,12.向島,12時間計,3,13,595,329,940,35
26,亀戸４,明治通り×蔵前橋通り,R4/11,城東,D 江東新橋,流入計,7,5,11,738,557,1311,143
26,亀戸４,明治通り×蔵前橋通り,R4/11,城東,D 江東新橋,流入計,8,5,10,723,459,1197,85
26,亀戸４,明治通り×蔵前橋通り,R4/11,城東,D 江東新橋,流入計,9,2,14,579,300,895,91
26,亀戸４,明治通り×蔵前橋通り,R4/11,城東,D 江東新橋,流入計,10,1,20,629,297,947,56
26,亀戸４,明治通り×蔵前橋通り,R4/11,城東,D 江東新橋,流入計,11,2,12,497,322,833,40
26,亀戸４,明治通り×蔵前橋通り,R4/11,城東,D 江東新橋,流入計,12,0,21,463,288,772,46
26,亀戸４,明治通り×蔵前橋通り,R4/11,城東,D 江東新橋,流入計,13,0,12,498,326,836,47
26,亀戸４,明治通り×蔵前橋通り,R4/11,城東,D 江東新橋,流入計,14,0,7,500,280,787,36
26,亀戸４,明治通り×蔵前橋通り,R4/11,城東,D 江東新橋,流入計,15,1,0,520,268,789,44
26,亀戸４,明治通り×蔵前橋通り,R4/11,城東,D 江東新橋,流入計,16,3,10,511,226,750,39
26,亀戸４,明治通り×蔵前橋通り,R4/11,城東,D 江東新橋,流入計,17,2,8,551,179,740,42
26,亀戸４,明治通り×蔵前橋通り,R4/11,城東,D 江東新橋,流入計,18,0,11,392,173,576,48
26,亀戸４,明治通り×蔵前橋通り,R4/11,城東,D 江東新橋,流入計,12時間計,21,136,6601,3675,10433,717
