﻿地点番号,地点名,交差道路名,調査年月,管轄警察署,流入方向,流出方向,時間帯等,車道通行自転車,歩道通行自転車,自転車計
26,亀戸４,明治通り×蔵前橋通り,R4/11,城東,A 向島,1江東新橋,7,1,-,-
26,亀戸４,明治通り×蔵前橋通り,R4/11,城東,A 向島,1江東新橋,8,0,-,-
26,亀戸４,明治通り×蔵前橋通り,R4/11,城東,A 向島,1江東新橋,9,0,-,-
26,亀戸４,明治通り×蔵前橋通り,R4/11,城東,A 向島,1江東新橋,10,0,-,-
26,亀戸４,明治通り×蔵前橋通り,R4/11,城東,A 向島,1江東新橋,11,3,-,-
26,亀戸４,明治通り×蔵前橋通り,R4/11,城東,A 向島,1江東新橋,12,0,-,-
26,亀戸４,明治通り×蔵前橋通り,R4/11,城東,A 向島,1江東新橋,13,0,-,-
26,亀戸４,明治通り×蔵前橋通り,R4/11,城東,A 向島,1江東新橋,14,0,-,-
26,亀戸４,明治通り×蔵前橋通り,R4/11,城東,A 向島,1江東新橋,15,0,-,-
26,亀戸４,明治通り×蔵前橋通り,R4/11,城東,A 向島,1江東新橋,16,0,-,-
26,亀戸４,明治通り×蔵前橋通り,R4/11,城東,A 向島,1江東新橋,17,0,-,-
26,亀戸４,明治通り×蔵前橋通り,R4/11,城東,A 向島,1江東新橋,18,0,-,-
26,亀戸４,明治通り×蔵前橋通り,R4/11,城東,A 向島,1江東新橋,12時間計,4,-,-
26,亀戸４,明治通り×蔵前橋通り,R4/11,城東,A 向島,2亀戸駅,7,83,-,-
26,亀戸４,明治通り×蔵前橋通り,R4/11,城東,A 向島,2亀戸駅,8,115,-,-
26,亀戸４,明治通り×蔵前橋通り,R4/11,城東,A 向島,2亀戸駅,9,51,-,-
26,亀戸４,明治通り×蔵前橋通り,R4/11,城東,A 向島,2亀戸駅,10,34,-,-
26,亀戸４,明治通り×蔵前橋通り,R4/11,城東,A 向島,2亀戸駅,11,30,-,-
26,亀戸４,明治通り×蔵前橋通り,R4/11,城東,A 向島,2亀戸駅,12,34,-,-
26,亀戸４,明治通り×蔵前橋通り,R4/11,城東,A 向島,2亀戸駅,13,43,-,-
26,亀戸４,明治通り×蔵前橋通り,R4/11,城東,A 向島,2亀戸駅,14,27,-,-
26,亀戸４,明治通り×蔵前橋通り,R4/11,城東,A 向島,2亀戸駅,15,32,-,-
26,亀戸４,明治通り×蔵前橋通り,R4/11,城東,A 向島,2亀戸駅,16,42,-,-
26,亀戸４,明治通り×蔵前橋通り,R4/11,城東,A 向島,2亀戸駅,17,46,-,-
26,亀戸４,明治通り×蔵前橋通り,R4/11,城東,A 向島,2亀戸駅,18,45,-,-
26,亀戸４,明治通り×蔵前橋通り,R4/11,城東,A 向島,2亀戸駅,12時間計,582,-,-
26,亀戸４,明治通り×蔵前橋通り,R4/11,城東,A 向島,3天神橋,7,0,-,-
26,亀戸４,明治通り×蔵前橋通り,R4/11,城東,A 向島,3天神橋,8,2,-,-
26,亀戸４,明治通り×蔵前橋通り,R4/11,城東,A 向島,3天神橋,9,0,-,-
26,亀戸４,明治通り×蔵前橋通り,R4/11,城東,A 向島,3天神橋,10,0,-,-
26,亀戸４,明治通り×蔵前橋通り,R4/11,城東,A 向島,3天神橋,11,0,-,-
26,亀戸４,明治通り×蔵前橋通り,R4/11,城東,A 向島,3天神橋,12,0,-,-
26,亀戸４,明治通り×蔵前橋通り,R4/11,城東,A 向島,3天神橋,13,0,-,-
26,亀戸４,明治通り×蔵前橋通り,R4/11,城東,A 向島,3天神橋,14,0,-,-
26,亀戸４,明治通り×蔵前橋通り,R4/11,城東,A 向島,3天神橋,15,0,-,-
26,亀戸４,明治通り×蔵前橋通り,R4/11,城東,A 向島,3天神橋,16,1,-,-
26,亀戸４,明治通り×蔵前橋通り,R4/11,城東,A 向島,3天神橋,17,0,-,-
26,亀戸４,明治通り×蔵前橋通り,R4/11,城東,A 向島,3天神橋,18,0,-,-
26,亀戸４,明治通り×蔵前橋通り,R4/11,城東,A 向島,3天神橋,12時間計,3,-,-
26,亀戸４,明治通り×蔵前橋通り,R4/11,城東,A 向島,流入計,7,84,97,181
26,亀戸４,明治通り×蔵前橋通り,R4/11,城東,A 向島,流入計,8,117,191,308
26,亀戸４,明治通り×蔵前橋通り,R4/11,城東,A 向島,流入計,9,51,152,203
26,亀戸４,明治通り×蔵前橋通り,R4/11,城東,A 向島,流入計,10,34,138,172
26,亀戸４,明治通り×蔵前橋通り,R4/11,城東,A 向島,流入計,11,33,89,122
26,亀戸４,明治通り×蔵前橋通り,R4/11,城東,A 向島,流入計,12,34,66,100
26,亀戸４,明治通り×蔵前橋通り,R4/11,城東,A 向島,流入計,13,43,90,133
26,亀戸４,明治通り×蔵前橋通り,R4/11,城東,A 向島,流入計,14,27,98,125
26,亀戸４,明治通り×蔵前橋通り,R4/11,城東,A 向島,流入計,15,32,127,159
26,亀戸４,明治通り×蔵前橋通り,R4/11,城東,A 向島,流入計,16,43,151,194
26,亀戸４,明治通り×蔵前橋通り,R4/11,城東,A 向島,流入計,17,46,107,153
26,亀戸４,明治通り×蔵前橋通り,R4/11,城東,A 向島,流入計,18,45,116,161
26,亀戸４,明治通り×蔵前橋通り,R4/11,城東,A 向島,流入計,12時間計,589,1422,2011
26,亀戸４,明治通り×蔵前橋通り,R4/11,城東,B 天神橋,4向島,7,0,-,-
26,亀戸４,明治通り×蔵前橋通り,R4/11,城東,B 天神橋,4向島,8,0,-,-
26,亀戸４,明治通り×蔵前橋通り,R4/11,城東,B 天神橋,4向島,9,1,-,-
26,亀戸４,明治通り×蔵前橋通り,R4/11,城東,B 天神橋,4向島,10,1,-,-
26,亀戸４,明治通り×蔵前橋通り,R4/11,城東,B 天神橋,4向島,11,1,-,-
26,亀戸４,明治通り×蔵前橋通り,R4/11,城東,B 天神橋,4向島,12,2,-,-
26,亀戸４,明治通り×蔵前橋通り,R4/11,城東,B 天神橋,4向島,13,0,-,-
26,亀戸４,明治通り×蔵前橋通り,R4/11,城東,B 天神橋,4向島,14,0,-,-
26,亀戸４,明治通り×蔵前橋通り,R4/11,城東,B 天神橋,4向島,15,1,-,-
26,亀戸４,明治通り×蔵前橋通り,R4/11,城東,B 天神橋,4向島,16,2,-,-
26,亀戸４,明治通り×蔵前橋通り,R4/11,城東,B 天神橋,4向島,17,4,-,-
26,亀戸４,明治通り×蔵前橋通り,R4/11,城東,B 天神橋,4向島,18,3,-,-
26,亀戸４,明治通り×蔵前橋通り,R4/11,城東,B 天神橋,4向島,12時間計,15,-,-
26,亀戸４,明治通り×蔵前橋通り,R4/11,城東,B 天神橋,5江東新橋,7,19,-,-
26,亀戸４,明治通り×蔵前橋通り,R4/11,城東,B 天神橋,5江東新橋,8,7,-,-
26,亀戸４,明治通り×蔵前橋通り,R4/11,城東,B 天神橋,5江東新橋,9,13,-,-
26,亀戸４,明治通り×蔵前橋通り,R4/11,城東,B 天神橋,5江東新橋,10,19,-,-
26,亀戸４,明治通り×蔵前橋通り,R4/11,城東,B 天神橋,5江東新橋,11,11,-,-
26,亀戸４,明治通り×蔵前橋通り,R4/11,城東,B 天神橋,5江東新橋,12,16,-,-
26,亀戸４,明治通り×蔵前橋通り,R4/11,城東,B 天神橋,5江東新橋,13,13,-,-
26,亀戸４,明治通り×蔵前橋通り,R4/11,城東,B 天神橋,5江東新橋,14,9,-,-
26,亀戸４,明治通り×蔵前橋通り,R4/11,城東,B 天神橋,5江東新橋,15,20,-,-
26,亀戸４,明治通り×蔵前橋通り,R4/11,城東,B 天神橋,5江東新橋,16,20,-,-
26,亀戸４,明治通り×蔵前橋通り,R4/11,城東,B 天神橋,5江東新橋,17,29,-,-
26,亀戸４,明治通り×蔵前橋通り,R4/11,城東,B 天神橋,5江東新橋,18,33,-,-
26,亀戸４,明治通り×蔵前橋通り,R4/11,城東,B 天神橋,5江東新橋,12時間計,209,-,-
26,亀戸４,明治通り×蔵前橋通り,R4/11,城東,B 天神橋,6亀戸駅,7,0,-,-
26,亀戸４,明治通り×蔵前橋通り,R4/11,城東,B 天神橋,6亀戸駅,8,0,-,-
26,亀戸４,明治通り×蔵前橋通り,R4/11,城東,B 天神橋,6亀戸駅,9,0,-,-
26,亀戸４,明治通り×蔵前橋通り,R4/11,城東,B 天神橋,6亀戸駅,10,3,-,-
26,亀戸４,明治通り×蔵前橋通り,R4/11,城東,B 天神橋,6亀戸駅,11,2,-,-
26,亀戸４,明治通り×蔵前橋通り,R4/11,城東,B 天神橋,6亀戸駅,12,0,-,-
26,亀戸４,明治通り×蔵前橋通り,R4/11,城東,B 天神橋,6亀戸駅,13,0,-,-
26,亀戸４,明治通り×蔵前橋通り,R4/11,城東,B 天神橋,6亀戸駅,14,2,-,-
26,亀戸４,明治通り×蔵前橋通り,R4/11,城東,B 天神橋,6亀戸駅,15,0,-,-
26,亀戸４,明治通り×蔵前橋通り,R4/11,城東,B 天神橋,6亀戸駅,16,4,-,-
26,亀戸４,明治通り×蔵前橋通り,R4/11,城東,B 天神橋,6亀戸駅,17,3,-,-
26,亀戸４,明治通り×蔵前橋通り,R4/11,城東,B 天神橋,6亀戸駅,18,0,-,-
26,亀戸４,明治通り×蔵前橋通り,R4/11,城東,B 天神橋,6亀戸駅,12時間計,14,-,-
26,亀戸４,明治通り×蔵前橋通り,R4/11,城東,B 天神橋,流入計,7,19,37,56
26,亀戸４,明治通り×蔵前橋通り,R4/11,城東,B 天神橋,流入計,8,7,27,34
26,亀戸４,明治通り×蔵前橋通り,R4/11,城東,B 天神橋,流入計,9,14,44,58
26,亀戸４,明治通り×蔵前橋通り,R4/11,城東,B 天神橋,流入計,10,23,39,62
26,亀戸４,明治通り×蔵前橋通り,R4/11,城東,B 天神橋,流入計,11,14,56,70
26,亀戸４,明治通り×蔵前橋通り,R4/11,城東,B 天神橋,流入計,12,18,69,87
26,亀戸４,明治通り×蔵前橋通り,R4/11,城東,B 天神橋,流入計,13,13,64,77
26,亀戸４,明治通り×蔵前橋通り,R4/11,城東,B 天神橋,流入計,14,11,47,58
26,亀戸４,明治通り×蔵前橋通り,R4/11,城東,B 天神橋,流入計,15,21,83,104
26,亀戸４,明治通り×蔵前橋通り,R4/11,城東,B 天神橋,流入計,16,26,80,106
26,亀戸４,明治通り×蔵前橋通り,R4/11,城東,B 天神橋,流入計,17,36,94,130
26,亀戸４,明治通り×蔵前橋通り,R4/11,城東,B 天神橋,流入計,18,36,122,158
26,亀戸４,明治通り×蔵前橋通り,R4/11,城東,B 天神橋,流入計,12時間計,238,762,1000
26,亀戸４,明治通り×蔵前橋通り,R4/11,城東,C 亀戸駅,7天神橋,7,0,-,-
26,亀戸４,明治通り×蔵前橋通り,R4/11,城東,C 亀戸駅,7天神橋,8,5,-,-
26,亀戸４,明治通り×蔵前橋通り,R4/11,城東,C 亀戸駅,7天神橋,9,3,-,-
26,亀戸４,明治通り×蔵前橋通り,R4/11,城東,C 亀戸駅,7天神橋,10,0,-,-
26,亀戸４,明治通り×蔵前橋通り,R4/11,城東,C 亀戸駅,7天神橋,11,0,-,-
26,亀戸４,明治通り×蔵前橋通り,R4/11,城東,C 亀戸駅,7天神橋,12,0,-,-
26,亀戸４,明治通り×蔵前橋通り,R4/11,城東,C 亀戸駅,7天神橋,13,0,-,-
26,亀戸４,明治通り×蔵前橋通り,R4/11,城東,C 亀戸駅,7天神橋,14,1,-,-
26,亀戸４,明治通り×蔵前橋通り,R4/11,城東,C 亀戸駅,7天神橋,15,2,-,-
26,亀戸４,明治通り×蔵前橋通り,R4/11,城東,C 亀戸駅,7天神橋,16,0,-,-
26,亀戸４,明治通り×蔵前橋通り,R4/11,城東,C 亀戸駅,7天神橋,17,2,-,-
26,亀戸４,明治通り×蔵前橋通り,R4/11,城東,C 亀戸駅,7天神橋,18,2,-,-
26,亀戸４,明治通り×蔵前橋通り,R4/11,城東,C 亀戸駅,7天神橋,12時間計,15,-,-
26,亀戸４,明治通り×蔵前橋通り,R4/11,城東,C 亀戸駅,8向島,7,6,-,-
26,亀戸４,明治通り×蔵前橋通り,R4/11,城東,C 亀戸駅,8向島,8,4,-,-
26,亀戸４,明治通り×蔵前橋通り,R4/11,城東,C 亀戸駅,8向島,9,12,-,-
26,亀戸４,明治通り×蔵前橋通り,R4/11,城東,C 亀戸駅,8向島,10,13,-,-
26,亀戸４,明治通り×蔵前橋通り,R4/11,城東,C 亀戸駅,8向島,11,21,-,-
26,亀戸４,明治通り×蔵前橋通り,R4/11,城東,C 亀戸駅,8向島,12,36,-,-
26,亀戸４,明治通り×蔵前橋通り,R4/11,城東,C 亀戸駅,8向島,13,3,-,-
26,亀戸４,明治通り×蔵前橋通り,R4/11,城東,C 亀戸駅,8向島,14,2,-,-
26,亀戸４,明治通り×蔵前橋通り,R4/11,城東,C 亀戸駅,8向島,15,21,-,-
26,亀戸４,明治通り×蔵前橋通り,R4/11,城東,C 亀戸駅,8向島,16,17,-,-
26,亀戸４,明治通り×蔵前橋通り,R4/11,城東,C 亀戸駅,8向島,17,32,-,-
26,亀戸４,明治通り×蔵前橋通り,R4/11,城東,C 亀戸駅,8向島,18,62,-,-
26,亀戸４,明治通り×蔵前橋通り,R4/11,城東,C 亀戸駅,8向島,12時間計,229,-,-
26,亀戸４,明治通り×蔵前橋通り,R4/11,城東,C 亀戸駅,9江東新橋,7,0,-,-
26,亀戸４,明治通り×蔵前橋通り,R4/11,城東,C 亀戸駅,9江東新橋,8,2,-,-
26,亀戸４,明治通り×蔵前橋通り,R4/11,城東,C 亀戸駅,9江東新橋,9,0,-,-
26,亀戸４,明治通り×蔵前橋通り,R4/11,城東,C 亀戸駅,9江東新橋,10,0,-,-
26,亀戸４,明治通り×蔵前橋通り,R4/11,城東,C 亀戸駅,9江東新橋,11,1,-,-
26,亀戸４,明治通り×蔵前橋通り,R4/11,城東,C 亀戸駅,9江東新橋,12,0,-,-
26,亀戸４,明治通り×蔵前橋通り,R4/11,城東,C 亀戸駅,9江東新橋,13,1,-,-
26,亀戸４,明治通り×蔵前橋通り,R4/11,城東,C 亀戸駅,9江東新橋,14,3,-,-
26,亀戸４,明治通り×蔵前橋通り,R4/11,城東,C 亀戸駅,9江東新橋,15,0,-,-
26,亀戸４,明治通り×蔵前橋通り,R4/11,城東,C 亀戸駅,9江東新橋,16,2,-,-
26,亀戸４,明治通り×蔵前橋通り,R4/11,城東,C 亀戸駅,9江東新橋,17,0,-,-
26,亀戸４,明治通り×蔵前橋通り,R4/11,城東,C 亀戸駅,9江東新橋,18,1,-,-
26,亀戸４,明治通り×蔵前橋通り,R4/11,城東,C 亀戸駅,9江東新橋,12時間計,10,-,-
26,亀戸４,明治通り×蔵前橋通り,R4/11,城東,C 亀戸駅,流入計,7,6,30,36
26,亀戸４,明治通り×蔵前橋通り,R4/11,城東,C 亀戸駅,流入計,8,11,27,38
26,亀戸４,明治通り×蔵前橋通り,R4/11,城東,C 亀戸駅,流入計,9,15,52,67
26,亀戸４,明治通り×蔵前橋通り,R4/11,城東,C 亀戸駅,流入計,10,13,63,76
26,亀戸４,明治通り×蔵前橋通り,R4/11,城東,C 亀戸駅,流入計,11,22,70,92
26,亀戸４,明治通り×蔵前橋通り,R4/11,城東,C 亀戸駅,流入計,12,36,75,111
26,亀戸４,明治通り×蔵前橋通り,R4/11,城東,C 亀戸駅,流入計,13,4,88,92
26,亀戸４,明治通り×蔵前橋通り,R4/11,城東,C 亀戸駅,流入計,14,6,83,89
26,亀戸４,明治通り×蔵前橋通り,R4/11,城東,C 亀戸駅,流入計,15,23,83,106
26,亀戸４,明治通り×蔵前橋通り,R4/11,城東,C 亀戸駅,流入計,16,19,78,97
26,亀戸４,明治通り×蔵前橋通り,R4/11,城東,C 亀戸駅,流入計,17,34,103,137
26,亀戸４,明治通り×蔵前橋通り,R4/11,城東,C 亀戸駅,流入計,18,65,109,174
26,亀戸４,明治通り×蔵前橋通り,R4/11,城東,C 亀戸駅,流入計,12時間計,254,861,1115
26,亀戸４,明治通り×蔵前橋通り,R4/11,城東,D 江東新橋,10亀戸駅,7,1,-,-
26,亀戸４,明治通り×蔵前橋通り,R4/11,城東,D 江東新橋,10亀戸駅,8,1,-,-
26,亀戸４,明治通り×蔵前橋通り,R4/11,城東,D 江東新橋,10亀戸駅,9,1,-,-
26,亀戸４,明治通り×蔵前橋通り,R4/11,城東,D 江東新橋,10亀戸駅,10,3,-,-
26,亀戸４,明治通り×蔵前橋通り,R4/11,城東,D 江東新橋,10亀戸駅,11,4,-,-
26,亀戸４,明治通り×蔵前橋通り,R4/11,城東,D 江東新橋,10亀戸駅,12,0,-,-
26,亀戸４,明治通り×蔵前橋通り,R4/11,城東,D 江東新橋,10亀戸駅,13,0,-,-
26,亀戸４,明治通り×蔵前橋通り,R4/11,城東,D 江東新橋,10亀戸駅,14,2,-,-
26,亀戸４,明治通り×蔵前橋通り,R4/11,城東,D 江東新橋,10亀戸駅,15,0,-,-
26,亀戸４,明治通り×蔵前橋通り,R4/11,城東,D 江東新橋,10亀戸駅,16,1,-,-
26,亀戸４,明治通り×蔵前橋通り,R4/11,城東,D 江東新橋,10亀戸駅,17,1,-,-
26,亀戸４,明治通り×蔵前橋通り,R4/11,城東,D 江東新橋,10亀戸駅,18,0,-,-
26,亀戸４,明治通り×蔵前橋通り,R4/11,城東,D 江東新橋,10亀戸駅,12時間計,14,-,-
26,亀戸４,明治通り×蔵前橋通り,R4/11,城東,D 江東新橋,11天神橋,7,35,-,-
26,亀戸４,明治通り×蔵前橋通り,R4/11,城東,D 江東新橋,11天神橋,8,58,-,-
26,亀戸４,明治通り×蔵前橋通り,R4/11,城東,D 江東新橋,11天神橋,9,33,-,-
26,亀戸４,明治通り×蔵前橋通り,R4/11,城東,D 江東新橋,11天神橋,10,11,-,-
26,亀戸４,明治通り×蔵前橋通り,R4/11,城東,D 江東新橋,11天神橋,11,2,-,-
26,亀戸４,明治通り×蔵前橋通り,R4/11,城東,D 江東新橋,11天神橋,12,16,-,-
26,亀戸４,明治通り×蔵前橋通り,R4/11,城東,D 江東新橋,11天神橋,13,9,-,-
26,亀戸４,明治通り×蔵前橋通り,R4/11,城東,D 江東新橋,11天神橋,14,8,-,-
26,亀戸４,明治通り×蔵前橋通り,R4/11,城東,D 江東新橋,11天神橋,15,13,-,-
26,亀戸４,明治通り×蔵前橋通り,R4/11,城東,D 江東新橋,11天神橋,16,2,-,-
26,亀戸４,明治通り×蔵前橋通り,R4/11,城東,D 江東新橋,11天神橋,17,6,-,-
26,亀戸４,明治通り×蔵前橋通り,R4/11,城東,D 江東新橋,11天神橋,18,17,-,-
26,亀戸４,明治通り×蔵前橋通り,R4/11,城東,D 江東新橋,11天神橋,12時間計,210,-,-
26,亀戸４,明治通り×蔵前橋通り,R4/11,城東,D 江東新橋,12向島,7,0,-,-
26,亀戸４,明治通り×蔵前橋通り,R4/11,城東,D 江東新橋,12向島,8,0,-,-
26,亀戸４,明治通り×蔵前橋通り,R4/11,城東,D 江東新橋,12向島,9,1,-,-
26,亀戸４,明治通り×蔵前橋通り,R4/11,城東,D 江東新橋,12向島,10,0,-,-
26,亀戸４,明治通り×蔵前橋通り,R4/11,城東,D 江東新橋,12向島,11,0,-,-
26,亀戸４,明治通り×蔵前橋通り,R4/11,城東,D 江東新橋,12向島,12,0,-,-
26,亀戸４,明治通り×蔵前橋通り,R4/11,城東,D 江東新橋,12向島,13,0,-,-
26,亀戸４,明治通り×蔵前橋通り,R4/11,城東,D 江東新橋,12向島,14,0,-,-
26,亀戸４,明治通り×蔵前橋通り,R4/11,城東,D 江東新橋,12向島,15,0,-,-
26,亀戸４,明治通り×蔵前橋通り,R4/11,城東,D 江東新橋,12向島,16,1,-,-
26,亀戸４,明治通り×蔵前橋通り,R4/11,城東,D 江東新橋,12向島,17,0,-,-
26,亀戸４,明治通り×蔵前橋通り,R4/11,城東,D 江東新橋,12向島,18,0,-,-
26,亀戸４,明治通り×蔵前橋通り,R4/11,城東,D 江東新橋,12向島,12時間計,2,-,-
26,亀戸４,明治通り×蔵前橋通り,R4/11,城東,D 江東新橋,流入計,7,36,66,102
26,亀戸４,明治通り×蔵前橋通り,R4/11,城東,D 江東新橋,流入計,8,59,93,152
26,亀戸４,明治通り×蔵前橋通り,R4/11,城東,D 江東新橋,流入計,9,35,88,123
26,亀戸４,明治通り×蔵前橋通り,R4/11,城東,D 江東新橋,流入計,10,14,100,114
26,亀戸４,明治通り×蔵前橋通り,R4/11,城東,D 江東新橋,流入計,11,6,72,78
26,亀戸４,明治通り×蔵前橋通り,R4/11,城東,D 江東新橋,流入計,12,16,82,98
26,亀戸４,明治通り×蔵前橋通り,R4/11,城東,D 江東新橋,流入計,13,9,81,90
26,亀戸４,明治通り×蔵前橋通り,R4/11,城東,D 江東新橋,流入計,14,10,52,62
26,亀戸４,明治通り×蔵前橋通り,R4/11,城東,D 江東新橋,流入計,15,13,49,62
26,亀戸４,明治通り×蔵前橋通り,R4/11,城東,D 江東新橋,流入計,16,4,71,75
26,亀戸４,明治通り×蔵前橋通り,R4/11,城東,D 江東新橋,流入計,17,7,114,121
26,亀戸４,明治通り×蔵前橋通り,R4/11,城東,D 江東新橋,流入計,18,17,53,70
26,亀戸４,明治通り×蔵前橋通り,R4/11,城東,D 江東新橋,流入計,12時間計,226,921,1147
26,亀戸４,明治通り×蔵前橋通り,R4/11,城東,全方向計,全方向計,7,145,230,375
26,亀戸４,明治通り×蔵前橋通り,R4/11,城東,全方向計,全方向計,8,194,338,532
26,亀戸４,明治通り×蔵前橋通り,R4/11,城東,全方向計,全方向計,9,115,336,451
26,亀戸４,明治通り×蔵前橋通り,R4/11,城東,全方向計,全方向計,10,84,340,424
26,亀戸４,明治通り×蔵前橋通り,R4/11,城東,全方向計,全方向計,11,75,287,362
26,亀戸４,明治通り×蔵前橋通り,R4/11,城東,全方向計,全方向計,12,104,292,396
26,亀戸４,明治通り×蔵前橋通り,R4/11,城東,全方向計,全方向計,13,69,323,392
26,亀戸４,明治通り×蔵前橋通り,R4/11,城東,全方向計,全方向計,14,54,280,334
26,亀戸４,明治通り×蔵前橋通り,R4/11,城東,全方向計,全方向計,15,89,342,431
26,亀戸４,明治通り×蔵前橋通り,R4/11,城東,全方向計,全方向計,16,92,380,472
26,亀戸４,明治通り×蔵前橋通り,R4/11,城東,全方向計,全方向計,17,123,418,541
26,亀戸４,明治通り×蔵前橋通り,R4/11,城東,全方向計,全方向計,18,163,400,563
26,亀戸４,明治通り×蔵前橋通り,R4/11,城東,全方向計,全方向計,12時間計,1307,3966,5273
