﻿地点番号,地点名,交差道路名,調査年月,管轄警察署,流入方向,流出方向,時間帯等,車道通行自転車,歩道通行自転車,自転車計
28,南砂４,明治通り×葛西橋通り,R4/11,城東,A 亀戸,1葛西橋,7,0,-,-
28,南砂４,明治通り×葛西橋通り,R4/11,城東,A 亀戸,1葛西橋,8,3,-,-
28,南砂４,明治通り×葛西橋通り,R4/11,城東,A 亀戸,1葛西橋,9,1,-,-
28,南砂４,明治通り×葛西橋通り,R4/11,城東,A 亀戸,1葛西橋,10,0,-,-
28,南砂４,明治通り×葛西橋通り,R4/11,城東,A 亀戸,1葛西橋,11,2,-,-
28,南砂４,明治通り×葛西橋通り,R4/11,城東,A 亀戸,1葛西橋,12,5,-,-
28,南砂４,明治通り×葛西橋通り,R4/11,城東,A 亀戸,1葛西橋,13,0,-,-
28,南砂４,明治通り×葛西橋通り,R4/11,城東,A 亀戸,1葛西橋,14,1,-,-
28,南砂４,明治通り×葛西橋通り,R4/11,城東,A 亀戸,1葛西橋,15,1,-,-
28,南砂４,明治通り×葛西橋通り,R4/11,城東,A 亀戸,1葛西橋,16,1,-,-
28,南砂４,明治通り×葛西橋通り,R4/11,城東,A 亀戸,1葛西橋,17,1,-,-
28,南砂４,明治通り×葛西橋通り,R4/11,城東,A 亀戸,1葛西橋,18,1,-,-
28,南砂４,明治通り×葛西橋通り,R4/11,城東,A 亀戸,1葛西橋,12時間計,16,-,-
28,南砂４,明治通り×葛西橋通り,R4/11,城東,A 亀戸,2新木場,7,40,-,-
28,南砂４,明治通り×葛西橋通り,R4/11,城東,A 亀戸,2新木場,8,29,-,-
28,南砂４,明治通り×葛西橋通り,R4/11,城東,A 亀戸,2新木場,9,11,-,-
28,南砂４,明治通り×葛西橋通り,R4/11,城東,A 亀戸,2新木場,10,5,-,-
28,南砂４,明治通り×葛西橋通り,R4/11,城東,A 亀戸,2新木場,11,2,-,-
28,南砂４,明治通り×葛西橋通り,R4/11,城東,A 亀戸,2新木場,12,2,-,-
28,南砂４,明治通り×葛西橋通り,R4/11,城東,A 亀戸,2新木場,13,6,-,-
28,南砂４,明治通り×葛西橋通り,R4/11,城東,A 亀戸,2新木場,14,5,-,-
28,南砂４,明治通り×葛西橋通り,R4/11,城東,A 亀戸,2新木場,15,4,-,-
28,南砂４,明治通り×葛西橋通り,R4/11,城東,A 亀戸,2新木場,16,5,-,-
28,南砂４,明治通り×葛西橋通り,R4/11,城東,A 亀戸,2新木場,17,4,-,-
28,南砂４,明治通り×葛西橋通り,R4/11,城東,A 亀戸,2新木場,18,7,-,-
28,南砂４,明治通り×葛西橋通り,R4/11,城東,A 亀戸,2新木場,12時間計,120,-,-
28,南砂４,明治通り×葛西橋通り,R4/11,城東,A 亀戸,3永代橋,7,2,-,-
28,南砂４,明治通り×葛西橋通り,R4/11,城東,A 亀戸,3永代橋,8,1,-,-
28,南砂４,明治通り×葛西橋通り,R4/11,城東,A 亀戸,3永代橋,9,0,-,-
28,南砂４,明治通り×葛西橋通り,R4/11,城東,A 亀戸,3永代橋,10,0,-,-
28,南砂４,明治通り×葛西橋通り,R4/11,城東,A 亀戸,3永代橋,11,0,-,-
28,南砂４,明治通り×葛西橋通り,R4/11,城東,A 亀戸,3永代橋,12,0,-,-
28,南砂４,明治通り×葛西橋通り,R4/11,城東,A 亀戸,3永代橋,13,0,-,-
28,南砂４,明治通り×葛西橋通り,R4/11,城東,A 亀戸,3永代橋,14,0,-,-
28,南砂４,明治通り×葛西橋通り,R4/11,城東,A 亀戸,3永代橋,15,0,-,-
28,南砂４,明治通り×葛西橋通り,R4/11,城東,A 亀戸,3永代橋,16,0,-,-
28,南砂４,明治通り×葛西橋通り,R4/11,城東,A 亀戸,3永代橋,17,1,-,-
28,南砂４,明治通り×葛西橋通り,R4/11,城東,A 亀戸,3永代橋,18,0,-,-
28,南砂４,明治通り×葛西橋通り,R4/11,城東,A 亀戸,3永代橋,12時間計,4,-,-
28,南砂４,明治通り×葛西橋通り,R4/11,城東,A 亀戸,流入計,7,42,138,180
28,南砂４,明治通り×葛西橋通り,R4/11,城東,A 亀戸,流入計,8,33,184,217
28,南砂４,明治通り×葛西橋通り,R4/11,城東,A 亀戸,流入計,9,12,140,152
28,南砂４,明治通り×葛西橋通り,R4/11,城東,A 亀戸,流入計,10,5,144,149
28,南砂４,明治通り×葛西橋通り,R4/11,城東,A 亀戸,流入計,11,4,109,113
28,南砂４,明治通り×葛西橋通り,R4/11,城東,A 亀戸,流入計,12,7,142,149
28,南砂４,明治通り×葛西橋通り,R4/11,城東,A 亀戸,流入計,13,6,104,110
28,南砂４,明治通り×葛西橋通り,R4/11,城東,A 亀戸,流入計,14,6,83,89
28,南砂４,明治通り×葛西橋通り,R4/11,城東,A 亀戸,流入計,15,5,92,97
28,南砂４,明治通り×葛西橋通り,R4/11,城東,A 亀戸,流入計,16,6,116,122
28,南砂４,明治通り×葛西橋通り,R4/11,城東,A 亀戸,流入計,17,6,108,114
28,南砂４,明治通り×葛西橋通り,R4/11,城東,A 亀戸,流入計,18,8,111,119
28,南砂４,明治通り×葛西橋通り,R4/11,城東,A 亀戸,流入計,12時間計,140,1471,1611
28,南砂４,明治通り×葛西橋通り,R4/11,城東,B 永代橋,4亀戸,7,0,-,-
28,南砂４,明治通り×葛西橋通り,R4/11,城東,B 永代橋,4亀戸,8,3,-,-
28,南砂４,明治通り×葛西橋通り,R4/11,城東,B 永代橋,4亀戸,9,0,-,-
28,南砂４,明治通り×葛西橋通り,R4/11,城東,B 永代橋,4亀戸,10,1,-,-
28,南砂４,明治通り×葛西橋通り,R4/11,城東,B 永代橋,4亀戸,11,0,-,-
28,南砂４,明治通り×葛西橋通り,R4/11,城東,B 永代橋,4亀戸,12,2,-,-
28,南砂４,明治通り×葛西橋通り,R4/11,城東,B 永代橋,4亀戸,13,1,-,-
28,南砂４,明治通り×葛西橋通り,R4/11,城東,B 永代橋,4亀戸,14,0,-,-
28,南砂４,明治通り×葛西橋通り,R4/11,城東,B 永代橋,4亀戸,15,2,-,-
28,南砂４,明治通り×葛西橋通り,R4/11,城東,B 永代橋,4亀戸,16,3,-,-
28,南砂４,明治通り×葛西橋通り,R4/11,城東,B 永代橋,4亀戸,17,5,-,-
28,南砂４,明治通り×葛西橋通り,R4/11,城東,B 永代橋,4亀戸,18,1,-,-
28,南砂４,明治通り×葛西橋通り,R4/11,城東,B 永代橋,4亀戸,12時間計,18,-,-
28,南砂４,明治通り×葛西橋通り,R4/11,城東,B 永代橋,5葛西橋,7,7,-,-
28,南砂４,明治通り×葛西橋通り,R4/11,城東,B 永代橋,5葛西橋,8,18,-,-
28,南砂４,明治通り×葛西橋通り,R4/11,城東,B 永代橋,5葛西橋,9,5,-,-
28,南砂４,明治通り×葛西橋通り,R4/11,城東,B 永代橋,5葛西橋,10,4,-,-
28,南砂４,明治通り×葛西橋通り,R4/11,城東,B 永代橋,5葛西橋,11,4,-,-
28,南砂４,明治通り×葛西橋通り,R4/11,城東,B 永代橋,5葛西橋,12,6,-,-
28,南砂４,明治通り×葛西橋通り,R4/11,城東,B 永代橋,5葛西橋,13,2,-,-
28,南砂４,明治通り×葛西橋通り,R4/11,城東,B 永代橋,5葛西橋,14,8,-,-
28,南砂４,明治通り×葛西橋通り,R4/11,城東,B 永代橋,5葛西橋,15,5,-,-
28,南砂４,明治通り×葛西橋通り,R4/11,城東,B 永代橋,5葛西橋,16,10,-,-
28,南砂４,明治通り×葛西橋通り,R4/11,城東,B 永代橋,5葛西橋,17,26,-,-
28,南砂４,明治通り×葛西橋通り,R4/11,城東,B 永代橋,5葛西橋,18,27,-,-
28,南砂４,明治通り×葛西橋通り,R4/11,城東,B 永代橋,5葛西橋,12時間計,122,-,-
28,南砂４,明治通り×葛西橋通り,R4/11,城東,B 永代橋,6新木場,7,1,-,-
28,南砂４,明治通り×葛西橋通り,R4/11,城東,B 永代橋,6新木場,8,0,-,-
28,南砂４,明治通り×葛西橋通り,R4/11,城東,B 永代橋,6新木場,9,0,-,-
28,南砂４,明治通り×葛西橋通り,R4/11,城東,B 永代橋,6新木場,10,0,-,-
28,南砂４,明治通り×葛西橋通り,R4/11,城東,B 永代橋,6新木場,11,1,-,-
28,南砂４,明治通り×葛西橋通り,R4/11,城東,B 永代橋,6新木場,12,0,-,-
28,南砂４,明治通り×葛西橋通り,R4/11,城東,B 永代橋,6新木場,13,0,-,-
28,南砂４,明治通り×葛西橋通り,R4/11,城東,B 永代橋,6新木場,14,0,-,-
28,南砂４,明治通り×葛西橋通り,R4/11,城東,B 永代橋,6新木場,15,1,-,-
28,南砂４,明治通り×葛西橋通り,R4/11,城東,B 永代橋,6新木場,16,0,-,-
28,南砂４,明治通り×葛西橋通り,R4/11,城東,B 永代橋,6新木場,17,0,-,-
28,南砂４,明治通り×葛西橋通り,R4/11,城東,B 永代橋,6新木場,18,1,-,-
28,南砂４,明治通り×葛西橋通り,R4/11,城東,B 永代橋,6新木場,12時間計,4,-,-
28,南砂４,明治通り×葛西橋通り,R4/11,城東,B 永代橋,流入計,7,8,59,67
28,南砂４,明治通り×葛西橋通り,R4/11,城東,B 永代橋,流入計,8,21,96,117
28,南砂４,明治通り×葛西橋通り,R4/11,城東,B 永代橋,流入計,9,5,46,51
28,南砂４,明治通り×葛西橋通り,R4/11,城東,B 永代橋,流入計,10,5,70,75
28,南砂４,明治通り×葛西橋通り,R4/11,城東,B 永代橋,流入計,11,5,70,75
28,南砂４,明治通り×葛西橋通り,R4/11,城東,B 永代橋,流入計,12,8,61,69
28,南砂４,明治通り×葛西橋通り,R4/11,城東,B 永代橋,流入計,13,3,65,68
28,南砂４,明治通り×葛西橋通り,R4/11,城東,B 永代橋,流入計,14,8,64,72
28,南砂４,明治通り×葛西橋通り,R4/11,城東,B 永代橋,流入計,15,8,70,78
28,南砂４,明治通り×葛西橋通り,R4/11,城東,B 永代橋,流入計,16,13,118,131
28,南砂４,明治通り×葛西橋通り,R4/11,城東,B 永代橋,流入計,17,31,141,172
28,南砂４,明治通り×葛西橋通り,R4/11,城東,B 永代橋,流入計,18,29,128,157
28,南砂４,明治通り×葛西橋通り,R4/11,城東,B 永代橋,流入計,12時間計,144,988,1132
28,南砂４,明治通り×葛西橋通り,R4/11,城東,C 新木場,7永代橋,7,0,-,-
28,南砂４,明治通り×葛西橋通り,R4/11,城東,C 新木場,7永代橋,8,0,-,-
28,南砂４,明治通り×葛西橋通り,R4/11,城東,C 新木場,7永代橋,9,1,-,-
28,南砂４,明治通り×葛西橋通り,R4/11,城東,C 新木場,7永代橋,10,2,-,-
28,南砂４,明治通り×葛西橋通り,R4/11,城東,C 新木場,7永代橋,11,0,-,-
28,南砂４,明治通り×葛西橋通り,R4/11,城東,C 新木場,7永代橋,12,0,-,-
28,南砂４,明治通り×葛西橋通り,R4/11,城東,C 新木場,7永代橋,13,0,-,-
28,南砂４,明治通り×葛西橋通り,R4/11,城東,C 新木場,7永代橋,14,1,-,-
28,南砂４,明治通り×葛西橋通り,R4/11,城東,C 新木場,7永代橋,15,2,-,-
28,南砂４,明治通り×葛西橋通り,R4/11,城東,C 新木場,7永代橋,16,0,-,-
28,南砂４,明治通り×葛西橋通り,R4/11,城東,C 新木場,7永代橋,17,1,-,-
28,南砂４,明治通り×葛西橋通り,R4/11,城東,C 新木場,7永代橋,18,3,-,-
28,南砂４,明治通り×葛西橋通り,R4/11,城東,C 新木場,7永代橋,12時間計,10,-,-
28,南砂４,明治通り×葛西橋通り,R4/11,城東,C 新木場,8亀戸,7,2,-,-
28,南砂４,明治通り×葛西橋通り,R4/11,城東,C 新木場,8亀戸,8,3,-,-
28,南砂４,明治通り×葛西橋通り,R4/11,城東,C 新木場,8亀戸,9,3,-,-
28,南砂４,明治通り×葛西橋通り,R4/11,城東,C 新木場,8亀戸,10,3,-,-
28,南砂４,明治通り×葛西橋通り,R4/11,城東,C 新木場,8亀戸,11,1,-,-
28,南砂４,明治通り×葛西橋通り,R4/11,城東,C 新木場,8亀戸,12,2,-,-
28,南砂４,明治通り×葛西橋通り,R4/11,城東,C 新木場,8亀戸,13,2,-,-
28,南砂４,明治通り×葛西橋通り,R4/11,城東,C 新木場,8亀戸,14,3,-,-
28,南砂４,明治通り×葛西橋通り,R4/11,城東,C 新木場,8亀戸,15,6,-,-
28,南砂４,明治通り×葛西橋通り,R4/11,城東,C 新木場,8亀戸,16,8,-,-
28,南砂４,明治通り×葛西橋通り,R4/11,城東,C 新木場,8亀戸,17,15,-,-
28,南砂４,明治通り×葛西橋通り,R4/11,城東,C 新木場,8亀戸,18,10,-,-
28,南砂４,明治通り×葛西橋通り,R4/11,城東,C 新木場,8亀戸,12時間計,58,-,-
28,南砂４,明治通り×葛西橋通り,R4/11,城東,C 新木場,9葛西橋,7,1,-,-
28,南砂４,明治通り×葛西橋通り,R4/11,城東,C 新木場,9葛西橋,8,0,-,-
28,南砂４,明治通り×葛西橋通り,R4/11,城東,C 新木場,9葛西橋,9,0,-,-
28,南砂４,明治通り×葛西橋通り,R4/11,城東,C 新木場,9葛西橋,10,0,-,-
28,南砂４,明治通り×葛西橋通り,R4/11,城東,C 新木場,9葛西橋,11,0,-,-
28,南砂４,明治通り×葛西橋通り,R4/11,城東,C 新木場,9葛西橋,12,0,-,-
28,南砂４,明治通り×葛西橋通り,R4/11,城東,C 新木場,9葛西橋,13,1,-,-
28,南砂４,明治通り×葛西橋通り,R4/11,城東,C 新木場,9葛西橋,14,0,-,-
28,南砂４,明治通り×葛西橋通り,R4/11,城東,C 新木場,9葛西橋,15,0,-,-
28,南砂４,明治通り×葛西橋通り,R4/11,城東,C 新木場,9葛西橋,16,0,-,-
28,南砂４,明治通り×葛西橋通り,R4/11,城東,C 新木場,9葛西橋,17,1,-,-
28,南砂４,明治通り×葛西橋通り,R4/11,城東,C 新木場,9葛西橋,18,0,-,-
28,南砂４,明治通り×葛西橋通り,R4/11,城東,C 新木場,9葛西橋,12時間計,3,-,-
28,南砂４,明治通り×葛西橋通り,R4/11,城東,C 新木場,流入計,7,3,68,71
28,南砂４,明治通り×葛西橋通り,R4/11,城東,C 新木場,流入計,8,3,127,130
28,南砂４,明治通り×葛西橋通り,R4/11,城東,C 新木場,流入計,9,4,85,89
28,南砂４,明治通り×葛西橋通り,R4/11,城東,C 新木場,流入計,10,5,76,81
28,南砂４,明治通り×葛西橋通り,R4/11,城東,C 新木場,流入計,11,1,75,76
28,南砂４,明治通り×葛西橋通り,R4/11,城東,C 新木場,流入計,12,2,95,97
28,南砂４,明治通り×葛西橋通り,R4/11,城東,C 新木場,流入計,13,3,87,90
28,南砂４,明治通り×葛西橋通り,R4/11,城東,C 新木場,流入計,14,4,99,103
28,南砂４,明治通り×葛西橋通り,R4/11,城東,C 新木場,流入計,15,8,143,151
28,南砂４,明治通り×葛西橋通り,R4/11,城東,C 新木場,流入計,16,8,140,148
28,南砂４,明治通り×葛西橋通り,R4/11,城東,C 新木場,流入計,17,17,151,168
28,南砂４,明治通り×葛西橋通り,R4/11,城東,C 新木場,流入計,18,13,201,214
28,南砂４,明治通り×葛西橋通り,R4/11,城東,C 新木場,流入計,12時間計,71,1347,1418
28,南砂４,明治通り×葛西橋通り,R4/11,城東,D 葛西橋,10新木場,7,1,-,-
28,南砂４,明治通り×葛西橋通り,R4/11,城東,D 葛西橋,10新木場,8,2,-,-
28,南砂４,明治通り×葛西橋通り,R4/11,城東,D 葛西橋,10新木場,9,0,-,-
28,南砂４,明治通り×葛西橋通り,R4/11,城東,D 葛西橋,10新木場,10,1,-,-
28,南砂４,明治通り×葛西橋通り,R4/11,城東,D 葛西橋,10新木場,11,0,-,-
28,南砂４,明治通り×葛西橋通り,R4/11,城東,D 葛西橋,10新木場,12,1,-,-
28,南砂４,明治通り×葛西橋通り,R4/11,城東,D 葛西橋,10新木場,13,1,-,-
28,南砂４,明治通り×葛西橋通り,R4/11,城東,D 葛西橋,10新木場,14,1,-,-
28,南砂４,明治通り×葛西橋通り,R4/11,城東,D 葛西橋,10新木場,15,3,-,-
28,南砂４,明治通り×葛西橋通り,R4/11,城東,D 葛西橋,10新木場,16,0,-,-
28,南砂４,明治通り×葛西橋通り,R4/11,城東,D 葛西橋,10新木場,17,0,-,-
28,南砂４,明治通り×葛西橋通り,R4/11,城東,D 葛西橋,10新木場,18,0,-,-
28,南砂４,明治通り×葛西橋通り,R4/11,城東,D 葛西橋,10新木場,12時間計,10,-,-
28,南砂４,明治通り×葛西橋通り,R4/11,城東,D 葛西橋,11永代橋,7,37,-,-
28,南砂４,明治通り×葛西橋通り,R4/11,城東,D 葛西橋,11永代橋,8,72,-,-
28,南砂４,明治通り×葛西橋通り,R4/11,城東,D 葛西橋,11永代橋,9,28,-,-
28,南砂４,明治通り×葛西橋通り,R4/11,城東,D 葛西橋,11永代橋,10,10,-,-
28,南砂４,明治通り×葛西橋通り,R4/11,城東,D 葛西橋,11永代橋,11,6,-,-
28,南砂４,明治通り×葛西橋通り,R4/11,城東,D 葛西橋,11永代橋,12,9,-,-
28,南砂４,明治通り×葛西橋通り,R4/11,城東,D 葛西橋,11永代橋,13,10,-,-
28,南砂４,明治通り×葛西橋通り,R4/11,城東,D 葛西橋,11永代橋,14,8,-,-
28,南砂４,明治通り×葛西橋通り,R4/11,城東,D 葛西橋,11永代橋,15,5,-,-
28,南砂４,明治通り×葛西橋通り,R4/11,城東,D 葛西橋,11永代橋,16,5,-,-
28,南砂４,明治通り×葛西橋通り,R4/11,城東,D 葛西橋,11永代橋,17,5,-,-
28,南砂４,明治通り×葛西橋通り,R4/11,城東,D 葛西橋,11永代橋,18,10,-,-
28,南砂４,明治通り×葛西橋通り,R4/11,城東,D 葛西橋,11永代橋,12時間計,205,-,-
28,南砂４,明治通り×葛西橋通り,R4/11,城東,D 葛西橋,12亀戸,7,0,-,-
28,南砂４,明治通り×葛西橋通り,R4/11,城東,D 葛西橋,12亀戸,8,0,-,-
28,南砂４,明治通り×葛西橋通り,R4/11,城東,D 葛西橋,12亀戸,9,1,-,-
28,南砂４,明治通り×葛西橋通り,R4/11,城東,D 葛西橋,12亀戸,10,0,-,-
28,南砂４,明治通り×葛西橋通り,R4/11,城東,D 葛西橋,12亀戸,11,0,-,-
28,南砂４,明治通り×葛西橋通り,R4/11,城東,D 葛西橋,12亀戸,12,0,-,-
28,南砂４,明治通り×葛西橋通り,R4/11,城東,D 葛西橋,12亀戸,13,0,-,-
28,南砂４,明治通り×葛西橋通り,R4/11,城東,D 葛西橋,12亀戸,14,1,-,-
28,南砂４,明治通り×葛西橋通り,R4/11,城東,D 葛西橋,12亀戸,15,1,-,-
28,南砂４,明治通り×葛西橋通り,R4/11,城東,D 葛西橋,12亀戸,16,0,-,-
28,南砂４,明治通り×葛西橋通り,R4/11,城東,D 葛西橋,12亀戸,17,0,-,-
28,南砂４,明治通り×葛西橋通り,R4/11,城東,D 葛西橋,12亀戸,18,0,-,-
28,南砂４,明治通り×葛西橋通り,R4/11,城東,D 葛西橋,12亀戸,12時間計,3,-,-
28,南砂４,明治通り×葛西橋通り,R4/11,城東,D 葛西橋,流入計,7,38,83,121
28,南砂４,明治通り×葛西橋通り,R4/11,城東,D 葛西橋,流入計,8,74,150,224
28,南砂４,明治通り×葛西橋通り,R4/11,城東,D 葛西橋,流入計,9,29,114,143
28,南砂４,明治通り×葛西橋通り,R4/11,城東,D 葛西橋,流入計,10,11,72,83
28,南砂４,明治通り×葛西橋通り,R4/11,城東,D 葛西橋,流入計,11,6,65,71
28,南砂４,明治通り×葛西橋通り,R4/11,城東,D 葛西橋,流入計,12,10,75,85
28,南砂４,明治通り×葛西橋通り,R4/11,城東,D 葛西橋,流入計,13,11,69,80
28,南砂４,明治通り×葛西橋通り,R4/11,城東,D 葛西橋,流入計,14,10,62,72
28,南砂４,明治通り×葛西橋通り,R4/11,城東,D 葛西橋,流入計,15,9,74,83
28,南砂４,明治通り×葛西橋通り,R4/11,城東,D 葛西橋,流入計,16,5,73,78
28,南砂４,明治通り×葛西橋通り,R4/11,城東,D 葛西橋,流入計,17,5,97,102
28,南砂４,明治通り×葛西橋通り,R4/11,城東,D 葛西橋,流入計,18,10,72,82
28,南砂４,明治通り×葛西橋通り,R4/11,城東,D 葛西橋,流入計,12時間計,218,1006,1224
28,南砂４,明治通り×葛西橋通り,R4/11,城東,全方向計,全方向計,7,91,348,439
28,南砂４,明治通り×葛西橋通り,R4/11,城東,全方向計,全方向計,8,131,557,688
28,南砂４,明治通り×葛西橋通り,R4/11,城東,全方向計,全方向計,9,50,385,435
28,南砂４,明治通り×葛西橋通り,R4/11,城東,全方向計,全方向計,10,26,362,388
28,南砂４,明治通り×葛西橋通り,R4/11,城東,全方向計,全方向計,11,16,319,335
28,南砂４,明治通り×葛西橋通り,R4/11,城東,全方向計,全方向計,12,27,373,400
28,南砂４,明治通り×葛西橋通り,R4/11,城東,全方向計,全方向計,13,23,325,348
28,南砂４,明治通り×葛西橋通り,R4/11,城東,全方向計,全方向計,14,28,308,336
28,南砂４,明治通り×葛西橋通り,R4/11,城東,全方向計,全方向計,15,30,379,409
28,南砂４,明治通り×葛西橋通り,R4/11,城東,全方向計,全方向計,16,32,447,479
28,南砂４,明治通り×葛西橋通り,R4/11,城東,全方向計,全方向計,17,59,497,556
28,南砂４,明治通り×葛西橋通り,R4/11,城東,全方向計,全方向計,18,60,512,572
28,南砂４,明治通り×葛西橋通り,R4/11,城東,全方向計,全方向計,12時間計,573,4812,5385
