﻿地点番号,地点名,交差道路名,調査年月,管轄警察署,流入方向,流出方向,時間帯等,大型乗用,大型貨物,普通乗用,普通貨物,四輪計,二輪車
60,環八井の頭,環八通り×井の頭通り,R4/11,高井戸,A 荻窪,1.永福町,7,4,10,132,77,223,10
60,環八井の頭,環八通り×井の頭通り,R4/11,高井戸,A 荻窪,1.永福町,8,12,4,109,55,180,7
60,環八井の頭,環八通り×井の頭通り,R4/11,高井戸,A 荻窪,1.永福町,9,6,3,87,55,151,5
60,環八井の頭,環八通り×井の頭通り,R4/11,高井戸,A 荻窪,1.永福町,10,1,6,77,72,156,4
60,環八井の頭,環八通り×井の頭通り,R4/11,高井戸,A 荻窪,1.永福町,11,0,8,80,66,154,5
60,環八井の頭,環八通り×井の頭通り,R4/11,高井戸,A 荻窪,1.永福町,12,5,3,115,59,182,5
60,環八井の頭,環八通り×井の頭通り,R4/11,高井戸,A 荻窪,1.永福町,13,3,2,92,65,162,7
60,環八井の頭,環八通り×井の頭通り,R4/11,高井戸,A 荻窪,1.永福町,14,9,4,117,83,213,4
60,環八井の頭,環八通り×井の頭通り,R4/11,高井戸,A 荻窪,1.永福町,15,2,6,104,66,178,12
60,環八井の頭,環八通り×井の頭通り,R4/11,高井戸,A 荻窪,1.永福町,16,4,11,132,67,214,9
60,環八井の頭,環八通り×井の頭通り,R4/11,高井戸,A 荻窪,1.永福町,17,8,7,100,44,159,6
60,環八井の頭,環八通り×井の頭通り,R4/11,高井戸,A 荻窪,1.永福町,18,9,2,93,26,130,6
60,環八井の頭,環八通り×井の頭通り,R4/11,高井戸,A 荻窪,1.永福町,12時間計,63,66,1238,735,2102,80
60,環八井の頭,環八通り×井の頭通り,R4/11,高井戸,A 荻窪,2.瀬田,7,2,4,51,65,122,17
60,環八井の頭,環八通り×井の頭通り,R4/11,高井戸,A 荻窪,2.瀬田,8,1,2,40,82,125,15
60,環八井の頭,環八通り×井の頭通り,R4/11,高井戸,A 荻窪,2.瀬田,9,3,3,53,100,159,17
60,環八井の頭,環八通り×井の頭通り,R4/11,高井戸,A 荻窪,2.瀬田,10,0,6,71,114,191,5
60,環八井の頭,環八通り×井の頭通り,R4/11,高井戸,A 荻窪,2.瀬田,11,2,5,77,124,208,3
60,環八井の頭,環八通り×井の頭通り,R4/11,高井戸,A 荻窪,2.瀬田,12,0,0,64,94,158,14
60,環八井の頭,環八通り×井の頭通り,R4/11,高井戸,A 荻窪,2.瀬田,13,0,4,53,108,165,7
60,環八井の頭,環八通り×井の頭通り,R4/11,高井戸,A 荻窪,2.瀬田,14,0,3,50,97,150,7
60,環八井の頭,環八通り×井の頭通り,R4/11,高井戸,A 荻窪,2.瀬田,15,0,1,55,86,142,3
60,環八井の頭,環八通り×井の頭通り,R4/11,高井戸,A 荻窪,2.瀬田,16,0,0,63,46,109,7
60,環八井の頭,環八通り×井の頭通り,R4/11,高井戸,A 荻窪,2.瀬田,17,0,0,139,57,196,26
60,環八井の頭,環八通り×井の頭通り,R4/11,高井戸,A 荻窪,2.瀬田,18,0,0,83,36,119,11
60,環八井の頭,環八通り×井の頭通り,R4/11,高井戸,A 荻窪,2.瀬田,12時間計,8,28,799,1009,1844,132
60,環八井の頭,環八通り×井の頭通り,R4/11,高井戸,A 荻窪,3.吉祥寺,7,0,0,35,47,82,8
60,環八井の頭,環八通り×井の頭通り,R4/11,高井戸,A 荻窪,3.吉祥寺,8,1,1,32,54,88,8
60,環八井の頭,環八通り×井の頭通り,R4/11,高井戸,A 荻窪,3.吉祥寺,9,0,0,50,47,97,3
60,環八井の頭,環八通り×井の頭通り,R4/11,高井戸,A 荻窪,3.吉祥寺,10,0,0,50,67,117,5
60,環八井の頭,環八通り×井の頭通り,R4/11,高井戸,A 荻窪,3.吉祥寺,11,0,0,66,86,152,8
60,環八井の頭,環八通り×井の頭通り,R4/11,高井戸,A 荻窪,3.吉祥寺,12,0,1,70,68,139,12
60,環八井の頭,環八通り×井の頭通り,R4/11,高井戸,A 荻窪,3.吉祥寺,13,0,2,61,58,121,8
60,環八井の頭,環八通り×井の頭通り,R4/11,高井戸,A 荻窪,3.吉祥寺,14,0,1,89,63,153,14
60,環八井の頭,環八通り×井の頭通り,R4/11,高井戸,A 荻窪,3.吉祥寺,15,0,0,97,72,169,12
60,環八井の頭,環八通り×井の頭通り,R4/11,高井戸,A 荻窪,3.吉祥寺,16,0,0,112,84,196,15
60,環八井の頭,環八通り×井の頭通り,R4/11,高井戸,A 荻窪,3.吉祥寺,17,0,0,122,82,204,11
60,環八井の頭,環八通り×井の頭通り,R4/11,高井戸,A 荻窪,3.吉祥寺,18,0,0,104,63,167,16
60,環八井の頭,環八通り×井の頭通り,R4/11,高井戸,A 荻窪,3.吉祥寺,12時間計,1,5,888,791,1685,120
60,環八井の頭,環八通り×井の頭通り,R4/11,高井戸,A 荻窪,4.瀬田,7,4,68,620,470,1162,54
60,環八井の頭,環八通り×井の頭通り,R4/11,高井戸,A 荻窪,4.瀬田,8,8,87,730,525,1350,61
60,環八井の頭,環八通り×井の頭通り,R4/11,高井戸,A 荻窪,4.瀬田,9,0,40,586,341,967,27
60,環八井の頭,環八通り×井の頭通り,R4/11,高井戸,A 荻窪,4.瀬田,10,2,55,504,360,921,26
60,環八井の頭,環八通り×井の頭通り,R4/11,高井戸,A 荻窪,4.瀬田,11,1,99,444,385,929,23
60,環八井の頭,環八通り×井の頭通り,R4/11,高井戸,A 荻窪,4.瀬田,12,2,85,503,464,1054,20
60,環八井の頭,環八通り×井の頭通り,R4/11,高井戸,A 荻窪,4.瀬田,13,4,105,530,383,1022,24
60,環八井の頭,環八通り×井の頭通り,R4/11,高井戸,A 荻窪,4.瀬田,14,11,82,685,430,1208,31
60,環八井の頭,環八通り×井の頭通り,R4/11,高井戸,A 荻窪,4.瀬田,15,3,70,713,583,1369,35
60,環八井の頭,環八通り×井の頭通り,R4/11,高井戸,A 荻窪,4.瀬田,16,3,68,680,468,1219,31
60,環八井の頭,環八通り×井の頭通り,R4/11,高井戸,A 荻窪,4.瀬田,17,3,48,806,503,1360,34
60,環八井の頭,環八通り×井の頭通り,R4/11,高井戸,A 荻窪,4.瀬田,18,1,35,766,347,1149,38
60,環八井の頭,環八通り×井の頭通り,R4/11,高井戸,A 荻窪,4.瀬田,12時間計,42,842,7567,5259,13710,404
60,環八井の頭,環八通り×井の頭通り,R4/11,高井戸,A 荻窪,流入計,7,10,82,838,659,1589,89
60,環八井の頭,環八通り×井の頭通り,R4/11,高井戸,A 荻窪,流入計,8,22,94,911,716,1743,91
60,環八井の頭,環八通り×井の頭通り,R4/11,高井戸,A 荻窪,流入計,9,9,46,776,543,1374,52
60,環八井の頭,環八通り×井の頭通り,R4/11,高井戸,A 荻窪,流入計,10,3,67,702,613,1385,40
60,環八井の頭,環八通り×井の頭通り,R4/11,高井戸,A 荻窪,流入計,11,3,112,667,661,1443,39
60,環八井の頭,環八通り×井の頭通り,R4/11,高井戸,A 荻窪,流入計,12,7,89,752,685,1533,51
60,環八井の頭,環八通り×井の頭通り,R4/11,高井戸,A 荻窪,流入計,13,7,113,736,614,1470,46
60,環八井の頭,環八通り×井の頭通り,R4/11,高井戸,A 荻窪,流入計,14,20,90,941,673,1724,56
60,環八井の頭,環八通り×井の頭通り,R4/11,高井戸,A 荻窪,流入計,15,5,77,969,807,1858,62
60,環八井の頭,環八通り×井の頭通り,R4/11,高井戸,A 荻窪,流入計,16,7,79,987,665,1738,62
60,環八井の頭,環八通り×井の頭通り,R4/11,高井戸,A 荻窪,流入計,17,11,55,1167,686,1919,77
60,環八井の頭,環八通り×井の頭通り,R4/11,高井戸,A 荻窪,流入計,18,10,37,1046,472,1565,71
60,環八井の頭,環八通り×井の頭通り,R4/11,高井戸,A 荻窪,流入計,12時間計,114,941,10492,7794,19341,736
60,環八井の頭,環八通り×井の頭通り,R4/11,高井戸,B 吉祥寺,5.荻窪,7,0,0,3,2,5,0
60,環八井の頭,環八通り×井の頭通り,R4/11,高井戸,B 吉祥寺,5.荻窪,8,0,0,16,4,20,0
60,環八井の頭,環八通り×井の頭通り,R4/11,高井戸,B 吉祥寺,5.荻窪,9,0,2,14,16,32,0
60,環八井の頭,環八通り×井の頭通り,R4/11,高井戸,B 吉祥寺,5.荻窪,10,1,0,16,15,32,0
60,環八井の頭,環八通り×井の頭通り,R4/11,高井戸,B 吉祥寺,5.荻窪,11,0,1,15,13,29,2
60,環八井の頭,環八通り×井の頭通り,R4/11,高井戸,B 吉祥寺,5.荻窪,12,0,1,16,8,25,1
60,環八井の頭,環八通り×井の頭通り,R4/11,高井戸,B 吉祥寺,5.荻窪,13,0,0,24,17,41,3
60,環八井の頭,環八通り×井の頭通り,R4/11,高井戸,B 吉祥寺,5.荻窪,14,0,0,25,10,35,2
60,環八井の頭,環八通り×井の頭通り,R4/11,高井戸,B 吉祥寺,5.荻窪,15,0,0,24,10,34,0
60,環八井の頭,環八通り×井の頭通り,R4/11,高井戸,B 吉祥寺,5.荻窪,16,1,0,30,13,44,2
60,環八井の頭,環八通り×井の頭通り,R4/11,高井戸,B 吉祥寺,5.荻窪,17,0,0,27,16,43,0
60,環八井の頭,環八通り×井の頭通り,R4/11,高井戸,B 吉祥寺,5.荻窪,18,0,0,12,7,19,0
60,環八井の頭,環八通り×井の頭通り,R4/11,高井戸,B 吉祥寺,5.荻窪,12時間計,2,4,222,131,359,10
60,環八井の頭,環八通り×井の頭通り,R4/11,高井戸,B 吉祥寺,6.永福町,7,2,7,410,193,612,28
60,環八井の頭,環八通り×井の頭通り,R4/11,高井戸,B 吉祥寺,6.永福町,8,3,2,338,132,475,19
60,環八井の頭,環八通り×井の頭通り,R4/11,高井戸,B 吉祥寺,6.永福町,9,1,1,257,119,378,26
60,環八井の頭,環八通り×井の頭通り,R4/11,高井戸,B 吉祥寺,6.永福町,10,3,2,253,164,422,30
60,環八井の頭,環八通り×井の頭通り,R4/11,高井戸,B 吉祥寺,6.永福町,11,0,3,212,121,336,22
60,環八井の頭,環八通り×井の頭通り,R4/11,高井戸,B 吉祥寺,6.永福町,12,2,4,264,111,381,35
60,環八井の頭,環八通り×井の頭通り,R4/11,高井戸,B 吉祥寺,6.永福町,13,1,4,218,99,322,20
60,環八井の頭,環八通り×井の頭通り,R4/11,高井戸,B 吉祥寺,6.永福町,14,2,1,234,88,325,18
60,環八井の頭,環八通り×井の頭通り,R4/11,高井戸,B 吉祥寺,6.永福町,15,1,0,242,85,328,19
60,環八井の頭,環八通り×井の頭通り,R4/11,高井戸,B 吉祥寺,6.永福町,16,2,11,231,74,318,38
60,環八井の頭,環八通り×井の頭通り,R4/11,高井戸,B 吉祥寺,6.永福町,17,2,4,287,83,376,43
60,環八井の頭,環八通り×井の頭通り,R4/11,高井戸,B 吉祥寺,6.永福町,18,2,0,204,69,275,19
60,環八井の頭,環八通り×井の頭通り,R4/11,高井戸,B 吉祥寺,6.永福町,12時間計,21,39,3150,1338,4548,317
60,環八井の頭,環八通り×井の頭通り,R4/11,高井戸,B 吉祥寺,7.瀬田,7,5,3,192,121,321,10
60,環八井の頭,環八通り×井の頭通り,R4/11,高井戸,B 吉祥寺,7.瀬田,8,3,4,163,94,264,2
60,環八井の頭,環八通り×井の頭通り,R4/11,高井戸,B 吉祥寺,7.瀬田,9,4,3,130,82,219,5
60,環八井の頭,環八通り×井の頭通り,R4/11,高井戸,B 吉祥寺,7.瀬田,10,2,1,124,73,200,7
60,環八井の頭,環八通り×井の頭通り,R4/11,高井戸,B 吉祥寺,7.瀬田,11,9,3,130,62,204,15
60,環八井の頭,環八通り×井の頭通り,R4/11,高井戸,B 吉祥寺,7.瀬田,12,2,0,111,70,183,2
60,環八井の頭,環八通り×井の頭通り,R4/11,高井戸,B 吉祥寺,7.瀬田,13,1,4,111,69,185,7
60,環八井の頭,環八通り×井の頭通り,R4/11,高井戸,B 吉祥寺,7.瀬田,14,2,4,119,61,186,7
60,環八井の頭,環八通り×井の頭通り,R4/11,高井戸,B 吉祥寺,7.瀬田,15,1,3,116,41,161,3
60,環八井の頭,環八通り×井の頭通り,R4/11,高井戸,B 吉祥寺,7.瀬田,16,3,3,125,44,175,3
60,環八井の頭,環八通り×井の頭通り,R4/11,高井戸,B 吉祥寺,7.瀬田,17,1,1,173,19,194,5
60,環八井の頭,環八通り×井の頭通り,R4/11,高井戸,B 吉祥寺,7.瀬田,18,0,0,116,14,130,8
60,環八井の頭,環八通り×井の頭通り,R4/11,高井戸,B 吉祥寺,7.瀬田,12時間計,33,29,1610,750,2422,74
60,環八井の頭,環八通り×井の頭通り,R4/11,高井戸,B 吉祥寺,15.荻窪,7,0,0,46,42,88,8
60,環八井の頭,環八通り×井の頭通り,R4/11,高井戸,B 吉祥寺,15.荻窪,8,0,0,54,86,140,7
60,環八井の頭,環八通り×井の頭通り,R4/11,高井戸,B 吉祥寺,15.荻窪,9,0,0,49,36,85,1
60,環八井の頭,環八通り×井の頭通り,R4/11,高井戸,B 吉祥寺,15.荻窪,10,0,0,42,53,95,7
60,環八井の頭,環八通り×井の頭通り,R4/11,高井戸,B 吉祥寺,15.荻窪,11,0,0,48,40,88,7
60,環八井の頭,環八通り×井の頭通り,R4/11,高井戸,B 吉祥寺,15.荻窪,12,0,0,40,31,71,6
60,環八井の頭,環八通り×井の頭通り,R4/11,高井戸,B 吉祥寺,15.荻窪,13,0,0,43,38,81,8
60,環八井の頭,環八通り×井の頭通り,R4/11,高井戸,B 吉祥寺,15.荻窪,14,0,0,44,27,71,6
60,環八井の頭,環八通り×井の頭通り,R4/11,高井戸,B 吉祥寺,15.荻窪,15,0,0,43,26,69,8
60,環八井の頭,環八通り×井の頭通り,R4/11,高井戸,B 吉祥寺,15.荻窪,16,0,0,60,33,93,11
60,環八井の頭,環八通り×井の頭通り,R4/11,高井戸,B 吉祥寺,15.荻窪,17,0,0,53,38,91,13
60,環八井の頭,環八通り×井の頭通り,R4/11,高井戸,B 吉祥寺,15.荻窪,18,0,0,36,13,49,7
60,環八井の頭,環八通り×井の頭通り,R4/11,高井戸,B 吉祥寺,15.荻窪,12時間計,0,0,558,463,1021,89
60,環八井の頭,環八通り×井の頭通り,R4/11,高井戸,B 吉祥寺,流入計,7,7,10,651,358,1026,46
60,環八井の頭,環八通り×井の頭通り,R4/11,高井戸,B 吉祥寺,流入計,8,6,6,571,316,899,28
60,環八井の頭,環八通り×井の頭通り,R4/11,高井戸,B 吉祥寺,流入計,9,5,6,450,253,714,32
60,環八井の頭,環八通り×井の頭通り,R4/11,高井戸,B 吉祥寺,流入計,10,6,3,435,305,749,44
60,環八井の頭,環八通り×井の頭通り,R4/11,高井戸,B 吉祥寺,流入計,11,9,7,405,236,657,46
60,環八井の頭,環八通り×井の頭通り,R4/11,高井戸,B 吉祥寺,流入計,12,4,5,431,220,660,44
60,環八井の頭,環八通り×井の頭通り,R4/11,高井戸,B 吉祥寺,流入計,13,2,8,396,223,629,38
60,環八井の頭,環八通り×井の頭通り,R4/11,高井戸,B 吉祥寺,流入計,14,4,5,422,186,617,33
60,環八井の頭,環八通り×井の頭通り,R4/11,高井戸,B 吉祥寺,流入計,15,2,3,425,162,592,30
60,環八井の頭,環八通り×井の頭通り,R4/11,高井戸,B 吉祥寺,流入計,16,6,14,446,164,630,54
60,環八井の頭,環八通り×井の頭通り,R4/11,高井戸,B 吉祥寺,流入計,17,3,5,540,156,704,61
60,環八井の頭,環八通り×井の頭通り,R4/11,高井戸,B 吉祥寺,流入計,18,2,0,368,103,473,34
60,環八井の頭,環八通り×井の頭通り,R4/11,高井戸,B 吉祥寺,流入計,12時間計,56,72,5540,2682,8350,490
60,環八井の頭,環八通り×井の頭通り,R4/11,高井戸,C 瀬田,8.吉祥寺,7,5,1,89,75,170,5
60,環八井の頭,環八通り×井の頭通り,R4/11,高井戸,C 瀬田,8.吉祥寺,8,2,2,70,78,152,5
60,環八井の頭,環八通り×井の頭通り,R4/11,高井戸,C 瀬田,8.吉祥寺,9,0,0,69,83,152,5
60,環八井の頭,環八通り×井の頭通り,R4/11,高井戸,C 瀬田,8.吉祥寺,10,0,0,88,88,176,4
60,環八井の頭,環八通り×井の頭通り,R4/11,高井戸,C 瀬田,8.吉祥寺,11,3,0,93,94,190,3
60,環八井の頭,環八通り×井の頭通り,R4/11,高井戸,C 瀬田,8.吉祥寺,12,1,1,89,67,158,7
60,環八井の頭,環八通り×井の頭通り,R4/11,高井戸,C 瀬田,8.吉祥寺,13,2,1,101,64,168,9
60,環八井の頭,環八通り×井の頭通り,R4/11,高井戸,C 瀬田,8.吉祥寺,14,2,0,129,74,205,4
60,環八井の頭,環八通り×井の頭通り,R4/11,高井戸,C 瀬田,8.吉祥寺,15,1,0,107,53,161,5
60,環八井の頭,環八通り×井の頭通り,R4/11,高井戸,C 瀬田,8.吉祥寺,16,2,0,124,48,174,11
60,環八井の頭,環八通り×井の頭通り,R4/11,高井戸,C 瀬田,8.吉祥寺,17,2,1,91,38,132,5
60,環八井の頭,環八通り×井の頭通り,R4/11,高井戸,C 瀬田,8.吉祥寺,18,2,0,123,35,160,9
60,環八井の頭,環八通り×井の頭通り,R4/11,高井戸,C 瀬田,8.吉祥寺,12時間計,22,6,1173,797,1998,72
60,環八井の頭,環八通り×井の頭通り,R4/11,高井戸,C 瀬田,9.荻窪,7,3,5,93,92,193,13
60,環八井の頭,環八通り×井の頭通り,R4/11,高井戸,C 瀬田,9.荻窪,8,8,5,106,89,208,14
60,環八井の頭,環八通り×井の頭通り,R4/11,高井戸,C 瀬田,9.荻窪,9,2,3,99,140,244,11
60,環八井の頭,環八通り×井の頭通り,R4/11,高井戸,C 瀬田,9.荻窪,10,5,6,84,160,255,14
60,環八井の頭,環八通り×井の頭通り,R4/11,高井戸,C 瀬田,9.荻窪,11,0,4,92,127,223,15
60,環八井の頭,環八通り×井の頭通り,R4/11,高井戸,C 瀬田,9.荻窪,12,0,4,96,117,217,4
60,環八井の頭,環八通り×井の頭通り,R4/11,高井戸,C 瀬田,9.荻窪,13,0,4,81,122,207,11
60,環八井の頭,環八通り×井の頭通り,R4/11,高井戸,C 瀬田,9.荻窪,14,5,6,125,126,262,12
60,環八井の頭,環八通り×井の頭通り,R4/11,高井戸,C 瀬田,9.荻窪,15,1,7,118,122,248,16
60,環八井の頭,環八通り×井の頭通り,R4/11,高井戸,C 瀬田,9.荻窪,16,3,5,148,77,233,22
60,環八井の頭,環八通り×井の頭通り,R4/11,高井戸,C 瀬田,9.荻窪,17,2,5,132,88,227,20
60,環八井の頭,環八通り×井の頭通り,R4/11,高井戸,C 瀬田,9.荻窪,18,2,1,149,62,214,21
60,環八井の頭,環八通り×井の頭通り,R4/11,高井戸,C 瀬田,9.荻窪,12時間計,31,55,1323,1322,2731,173
60,環八井の頭,環八通り×井の頭通り,R4/11,高井戸,C 瀬田,10.永福町,7,0,2,18,32,52,0
60,環八井の頭,環八通り×井の頭通り,R4/11,高井戸,C 瀬田,10.永福町,8,0,1,30,39,70,0
60,環八井の頭,環八通り×井の頭通り,R4/11,高井戸,C 瀬田,10.永福町,9,0,2,31,25,58,2
60,環八井の頭,環八通り×井の頭通り,R4/11,高井戸,C 瀬田,10.永福町,10,0,0,17,29,46,0
60,環八井の頭,環八通り×井の頭通り,R4/11,高井戸,C 瀬田,10.永福町,11,0,3,17,24,44,2
60,環八井の頭,環八通り×井の頭通り,R4/11,高井戸,C 瀬田,10.永福町,12,0,3,28,23,54,4
60,環八井の頭,環八通り×井の頭通り,R4/11,高井戸,C 瀬田,10.永福町,13,0,1,17,27,45,2
60,環八井の頭,環八通り×井の頭通り,R4/11,高井戸,C 瀬田,10.永福町,14,0,1,33,24,58,4
60,環八井の頭,環八通り×井の頭通り,R4/11,高井戸,C 瀬田,10.永福町,15,0,0,23,10,33,0
60,環八井の頭,環八通り×井の頭通り,R4/11,高井戸,C 瀬田,10.永福町,16,0,2,28,9,39,2
60,環八井の頭,環八通り×井の頭通り,R4/11,高井戸,C 瀬田,10.永福町,17,0,2,20,11,33,2
60,環八井の頭,環八通り×井の頭通り,R4/11,高井戸,C 瀬田,10.永福町,18,0,0,34,4,38,0
60,環八井の頭,環八通り×井の頭通り,R4/11,高井戸,C 瀬田,10.永福町,12時間計,0,17,296,257,570,18
60,環八井の頭,環八通り×井の頭通り,R4/11,高井戸,C 瀬田,11.荻窪,7,2,47,615,610,1274,64
60,環八井の頭,環八通り×井の頭通り,R4/11,高井戸,C 瀬田,11.荻窪,8,4,69,536,444,1053,44
60,環八井の頭,環八通り×井の頭通り,R4/11,高井戸,C 瀬田,11.荻窪,9,9,93,613,499,1214,37
60,環八井の頭,環八通り×井の頭通り,R4/11,高井戸,C 瀬田,11.荻窪,10,1,74,521,441,1037,21
60,環八井の頭,環八通り×井の頭通り,R4/11,高井戸,C 瀬田,11.荻窪,11,0,70,500,439,1009,18
60,環八井の頭,環八通り×井の頭通り,R4/11,高井戸,C 瀬田,11.荻窪,12,0,87,503,446,1036,34
60,環八井の頭,環八通り×井の頭通り,R4/11,高井戸,C 瀬田,11.荻窪,13,0,67,531,495,1093,28
60,環八井の頭,環八通り×井の頭通り,R4/11,高井戸,C 瀬田,11.荻窪,14,4,67,584,485,1140,23
60,環八井の頭,環八通り×井の頭通り,R4/11,高井戸,C 瀬田,11.荻窪,15,1,83,605,448,1137,25
60,環八井の頭,環八通り×井の頭通り,R4/11,高井戸,C 瀬田,11.荻窪,16,3,89,679,390,1161,30
60,環八井の頭,環八通り×井の頭通り,R4/11,高井戸,C 瀬田,11.荻窪,17,3,71,704,363,1141,50
60,環八井の頭,環八通り×井の頭通り,R4/11,高井戸,C 瀬田,11.荻窪,18,2,34,715,541,1292,68
60,環八井の頭,環八通り×井の頭通り,R4/11,高井戸,C 瀬田,11.荻窪,12時間計,29,851,7106,5601,13587,442
60,環八井の頭,環八通り×井の頭通り,R4/11,高井戸,C 瀬田,流入計,7,10,55,815,809,1689,82
60,環八井の頭,環八通り×井の頭通り,R4/11,高井戸,C 瀬田,流入計,8,14,77,742,650,1483,63
60,環八井の頭,環八通り×井の頭通り,R4/11,高井戸,C 瀬田,流入計,9,11,98,812,747,1668,55
60,環八井の頭,環八通り×井の頭通り,R4/11,高井戸,C 瀬田,流入計,10,6,80,710,718,1514,39
60,環八井の頭,環八通り×井の頭通り,R4/11,高井戸,C 瀬田,流入計,11,3,77,702,684,1466,38
60,環八井の頭,環八通り×井の頭通り,R4/11,高井戸,C 瀬田,流入計,12,1,95,716,653,1465,49
60,環八井の頭,環八通り×井の頭通り,R4/11,高井戸,C 瀬田,流入計,13,2,73,730,708,1513,50
60,環八井の頭,環八通り×井の頭通り,R4/11,高井戸,C 瀬田,流入計,14,11,74,871,709,1665,43
60,環八井の頭,環八通り×井の頭通り,R4/11,高井戸,C 瀬田,流入計,15,3,90,853,633,1579,46
60,環八井の頭,環八通り×井の頭通り,R4/11,高井戸,C 瀬田,流入計,16,8,96,979,524,1607,65
60,環八井の頭,環八通り×井の頭通り,R4/11,高井戸,C 瀬田,流入計,17,7,79,947,500,1533,77
60,環八井の頭,環八通り×井の頭通り,R4/11,高井戸,C 瀬田,流入計,18,6,35,1021,642,1704,98
60,環八井の頭,環八通り×井の頭通り,R4/11,高井戸,C 瀬田,流入計,12時間計,82,929,9898,7977,18886,705
60,環八井の頭,環八通り×井の頭通り,R4/11,高井戸,D 永福町,12.瀬田,7,0,0,2,6,8,0
60,環八井の頭,環八通り×井の頭通り,R4/11,高井戸,D 永福町,12.瀬田,8,0,1,5,16,22,0
60,環八井の頭,環八通り×井の頭通り,R4/11,高井戸,D 永福町,12.瀬田,9,0,0,11,31,42,1
60,環八井の頭,環八通り×井の頭通り,R4/11,高井戸,D 永福町,12.瀬田,10,0,0,8,19,27,2
60,環八井の頭,環八通り×井の頭通り,R4/11,高井戸,D 永福町,12.瀬田,11,2,0,14,17,33,1
60,環八井の頭,環八通り×井の頭通り,R4/11,高井戸,D 永福町,12.瀬田,12,1,0,15,23,39,0
60,環八井の頭,環八通り×井の頭通り,R4/11,高井戸,D 永福町,12.瀬田,13,1,3,12,28,44,1
60,環八井の頭,環八通り×井の頭通り,R4/11,高井戸,D 永福町,12.瀬田,14,1,3,5,16,25,2
60,環八井の頭,環八通り×井の頭通り,R4/11,高井戸,D 永福町,12.瀬田,15,0,0,8,7,15,0
60,環八井の頭,環八通り×井の頭通り,R4/11,高井戸,D 永福町,12.瀬田,16,1,0,7,7,15,1
60,環八井の頭,環八通り×井の頭通り,R4/11,高井戸,D 永福町,12.瀬田,17,0,0,4,6,10,0
60,環八井の頭,環八通り×井の頭通り,R4/11,高井戸,D 永福町,12.瀬田,18,0,0,7,5,12,0
60,環八井の頭,環八通り×井の頭通り,R4/11,高井戸,D 永福町,12.瀬田,12時間計,6,7,98,181,292,8
60,環八井の頭,環八通り×井の頭通り,R4/11,高井戸,D 永福町,13.吉祥寺,7,2,0,95,74,171,16
60,環八井の頭,環八通り×井の頭通り,R4/11,高井戸,D 永福町,13.吉祥寺,8,2,1,128,96,227,6
60,環八井の頭,環八通り×井の頭通り,R4/11,高井戸,D 永福町,13.吉祥寺,9,8,3,145,99,255,18
60,環八井の頭,環八通り×井の頭通り,R4/11,高井戸,D 永福町,13.吉祥寺,10,0,1,155,151,307,26
60,環八井の頭,環八通り×井の頭通り,R4/11,高井戸,D 永福町,13.吉祥寺,11,2,0,199,132,333,20
60,環八井の頭,環八通り×井の頭通り,R4/11,高井戸,D 永福町,13.吉祥寺,12,1,0,169,115,285,17
60,環八井の頭,環八通り×井の頭通り,R4/11,高井戸,D 永福町,13.吉祥寺,13,1,1,176,128,306,22
60,環八井の頭,環八通り×井の頭通り,R4/11,高井戸,D 永福町,13.吉祥寺,14,1,0,135,109,245,39
60,環八井の頭,環八通り×井の頭通り,R4/11,高井戸,D 永福町,13.吉祥寺,15,1,0,189,139,329,39
60,環八井の頭,環八通り×井の頭通り,R4/11,高井戸,D 永福町,13.吉祥寺,16,1,0,265,123,389,32
60,環八井の頭,環八通り×井の頭通り,R4/11,高井戸,D 永福町,13.吉祥寺,17,1,0,275,179,455,40
60,環八井の頭,環八通り×井の頭通り,R4/11,高井戸,D 永福町,13.吉祥寺,18,0,0,277,154,431,37
60,環八井の頭,環八通り×井の頭通り,R4/11,高井戸,D 永福町,13.吉祥寺,12時間計,20,6,2208,1499,3733,312
60,環八井の頭,環八通り×井の頭通り,R4/11,高井戸,D 永福町,14.荻窪,7,0,5,82,40,127,8
60,環八井の頭,環八通り×井の頭通り,R4/11,高井戸,D 永福町,14.荻窪,8,2,3,73,45,123,5
60,環八井の頭,環八通り×井の頭通り,R4/11,高井戸,D 永福町,14.荻窪,9,4,3,99,83,189,8
60,環八井の頭,環八通り×井の頭通り,R4/11,高井戸,D 永福町,14.荻窪,10,2,3,91,68,164,5
60,環八井の頭,環八通り×井の頭通り,R4/11,高井戸,D 永福町,14.荻窪,11,0,2,109,90,201,13
60,環八井の頭,環八通り×井の頭通り,R4/11,高井戸,D 永福町,14.荻窪,12,0,2,99,76,177,6
60,環八井の頭,環八通り×井の頭通り,R4/11,高井戸,D 永福町,14.荻窪,13,0,3,116,103,222,12
60,環八井の頭,環八通り×井の頭通り,R4/11,高井戸,D 永福町,14.荻窪,14,3,0,121,101,225,9
60,環八井の頭,環八通り×井の頭通り,R4/11,高井戸,D 永福町,14.荻窪,15,2,0,111,119,232,12
60,環八井の頭,環八通り×井の頭通り,R4/11,高井戸,D 永福町,14.荻窪,16,2,4,128,130,264,9
60,環八井の頭,環八通り×井の頭通り,R4/11,高井戸,D 永福町,14.荻窪,17,1,1,135,115,252,7
60,環八井の頭,環八通り×井の頭通り,R4/11,高井戸,D 永福町,14.荻窪,18,1,4,143,110,258,11
60,環八井の頭,環八通り×井の頭通り,R4/11,高井戸,D 永福町,14.荻窪,12時間計,17,30,1307,1080,2434,105
60,環八井の頭,環八通り×井の頭通り,R4/11,高井戸,D 永福町,流入計,7,2,5,179,120,306,24
60,環八井の頭,環八通り×井の頭通り,R4/11,高井戸,D 永福町,流入計,8,4,5,206,157,372,11
60,環八井の頭,環八通り×井の頭通り,R4/11,高井戸,D 永福町,流入計,9,12,6,255,213,486,27
60,環八井の頭,環八通り×井の頭通り,R4/11,高井戸,D 永福町,流入計,10,2,4,254,238,498,33
60,環八井の頭,環八通り×井の頭通り,R4/11,高井戸,D 永福町,流入計,11,4,2,322,239,567,34
60,環八井の頭,環八通り×井の頭通り,R4/11,高井戸,D 永福町,流入計,12,2,2,283,214,501,23
60,環八井の頭,環八通り×井の頭通り,R4/11,高井戸,D 永福町,流入計,13,2,7,304,259,572,35
60,環八井の頭,環八通り×井の頭通り,R4/11,高井戸,D 永福町,流入計,14,5,3,261,226,495,50
60,環八井の頭,環八通り×井の頭通り,R4/11,高井戸,D 永福町,流入計,15,3,0,308,265,576,51
60,環八井の頭,環八通り×井の頭通り,R4/11,高井戸,D 永福町,流入計,16,4,4,400,260,668,42
60,環八井の頭,環八通り×井の頭通り,R4/11,高井戸,D 永福町,流入計,17,2,1,414,300,717,47
60,環八井の頭,環八通り×井の頭通り,R4/11,高井戸,D 永福町,流入計,18,1,4,427,269,701,48
60,環八井の頭,環八通り×井の頭通り,R4/11,高井戸,D 永福町,流入計,12時間計,43,43,3613,2760,6459,425
