﻿地点番号,地点名,交差道路名,調査年月,管轄警察署,流出方向,時間帯等,大型乗用,大型貨物,普通乗用,普通貨物,四輪計,二輪車
60,環八井の頭,環八通り×井の頭通り,R4/11,高井戸,A 荻窪,7,5,57,839,786,1687,93
60,環八井の頭,環八通り×井の頭通り,R4/11,高井戸,A 荻窪,8,14,77,785,668,1544,70
60,環八井の頭,環八通り×井の頭通り,R4/11,高井戸,A 荻窪,9,15,101,874,774,1764,57
60,環八井の頭,環八通り×井の頭通り,R4/11,高井戸,A 荻窪,10,9,83,754,737,1583,47
60,環八井の頭,環八通り×井の頭通り,R4/11,高井戸,A 荻窪,11,0,77,764,709,1550,55
60,環八井の頭,環八通り×井の頭通り,R4/11,高井戸,A 荻窪,12,0,94,754,678,1526,51
60,環八井の頭,環八通り×井の頭通り,R4/11,高井戸,A 荻窪,13,0,74,795,775,1644,62
60,環八井の頭,環八通り×井の頭通り,R4/11,高井戸,A 荻窪,14,12,73,899,749,1733,52
60,環八井の頭,環八通り×井の頭通り,R4/11,高井戸,A 荻窪,15,4,90,901,725,1720,61
60,環八井の頭,環八通り×井の頭通り,R4/11,高井戸,A 荻窪,16,9,98,1045,643,1795,74
60,環八井の頭,環八通り×井の頭通り,R4/11,高井戸,A 荻窪,17,6,77,1051,620,1754,90
60,環八井の頭,環八通り×井の頭通り,R4/11,高井戸,A 荻窪,18,5,39,1055,733,1832,107
60,環八井の頭,環八通り×井の頭通り,R4/11,高井戸,A 荻窪,12時間計,79,940,10516,8597,20132,819
60,環八井の頭,環八通り×井の頭通り,R4/11,高井戸,B 吉祥寺,7,7,1,219,196,423,29
60,環八井の頭,環八通り×井の頭通り,R4/11,高井戸,B 吉祥寺,8,5,4,230,228,467,19
60,環八井の頭,環八通り×井の頭通り,R4/11,高井戸,B 吉祥寺,9,8,3,264,229,504,26
60,環八井の頭,環八通り×井の頭通り,R4/11,高井戸,B 吉祥寺,10,0,1,293,306,600,35
60,環八井の頭,環八通り×井の頭通り,R4/11,高井戸,B 吉祥寺,11,5,0,358,312,675,31
60,環八井の頭,環八通り×井の頭通り,R4/11,高井戸,B 吉祥寺,12,2,2,328,250,582,36
60,環八井の頭,環八通り×井の頭通り,R4/11,高井戸,B 吉祥寺,13,3,4,338,250,595,39
60,環八井の頭,環八通り×井の頭通り,R4/11,高井戸,B 吉祥寺,14,3,1,353,246,603,57
60,環八井の頭,環八通り×井の頭通り,R4/11,高井戸,B 吉祥寺,15,2,0,393,264,659,56
60,環八井の頭,環八通り×井の頭通り,R4/11,高井戸,B 吉祥寺,16,3,0,501,255,759,58
60,環八井の頭,環八通り×井の頭通り,R4/11,高井戸,B 吉祥寺,17,3,1,488,299,791,56
60,環八井の頭,環八通り×井の頭通り,R4/11,高井戸,B 吉祥寺,18,2,0,504,252,758,62
60,環八井の頭,環八通り×井の頭通り,R4/11,高井戸,B 吉祥寺,12時間計,43,17,4269,3087,7416,504
60,環八井の頭,環八通り×井の頭通り,R4/11,高井戸,C 瀬田,7,11,75,865,662,1613,81
60,環八井の頭,環八通り×井の頭通り,R4/11,高井戸,C 瀬田,8,12,94,938,717,1761,78
60,環八井の頭,環八通り×井の頭通り,R4/11,高井戸,C 瀬田,9,7,46,780,554,1387,50
60,環八井の頭,環八通り×井の頭通り,R4/11,高井戸,C 瀬田,10,4,62,707,566,1339,40
60,環八井の頭,環八通り×井の頭通り,R4/11,高井戸,C 瀬田,11,14,107,665,588,1374,42
60,環八井の頭,環八通り×井の頭通り,R4/11,高井戸,C 瀬田,12,5,85,693,651,1434,36
60,環八井の頭,環八通り×井の頭通り,R4/11,高井戸,C 瀬田,13,6,116,706,588,1416,39
60,環八井の頭,環八通り×井の頭通り,R4/11,高井戸,C 瀬田,14,14,92,859,604,1569,47
60,環八井の頭,環八通り×井の頭通り,R4/11,高井戸,C 瀬田,15,4,74,892,717,1687,41
60,環八井の頭,環八通り×井の頭通り,R4/11,高井戸,C 瀬田,16,7,71,875,565,1518,42
60,環八井の頭,環八通り×井の頭通り,R4/11,高井戸,C 瀬田,17,4,49,1122,585,1760,65
60,環八井の頭,環八通り×井の頭通り,R4/11,高井戸,C 瀬田,18,1,35,972,402,1410,57
60,環八井の頭,環八通り×井の頭通り,R4/11,高井戸,C 瀬田,12時間計,89,906,10074,7199,18268,618
60,環八井の頭,環八通り×井の頭通り,R4/11,高井戸,D 永福町,7,6,19,560,302,887,38
60,環八井の頭,環八通り×井の頭通り,R4/11,高井戸,D 永福町,8,15,7,477,226,725,26
60,環八井の頭,環八通り×井の頭通り,R4/11,高井戸,D 永福町,9,7,6,375,199,587,33
60,環八井の頭,環八通り×井の頭通り,R4/11,高井戸,D 永福町,10,4,8,347,265,624,34
60,環八井の頭,環八通り×井の頭通り,R4/11,高井戸,D 永福町,11,0,14,309,211,534,29
60,環八井の頭,環八通り×井の頭通り,R4/11,高井戸,D 永福町,12,7,10,407,193,617,44
60,環八井の頭,環八通り×井の頭通り,R4/11,高井戸,D 永福町,13,4,7,327,191,529,29
60,環八井の頭,環八通り×井の頭通り,R4/11,高井戸,D 永福町,14,11,6,384,195,596,26
60,環八井の頭,環八通り×井の頭通り,R4/11,高井戸,D 永福町,15,3,6,369,161,539,31
60,環八井の頭,環八通り×井の頭通り,R4/11,高井戸,D 永福町,16,6,24,391,150,571,49
60,環八井の頭,環八通り×井の頭通り,R4/11,高井戸,D 永福町,17,10,13,407,138,568,51
60,環八井の頭,環八通り×井の頭通り,R4/11,高井戸,D 永福町,18,11,2,331,99,443,25
60,環八井の頭,環八通り×井の頭通り,R4/11,高井戸,D 永福町,12時間計,84,122,4684,2330,7220,415
60,環八井の頭,環八通り×井の頭通り,R4/11,高井戸,全方向合計,7,29,152,2483,1946,4610,241
60,環八井の頭,環八通り×井の頭通り,R4/11,高井戸,全方向合計,8,46,182,2430,1839,4497,193
60,環八井の頭,環八通り×井の頭通り,R4/11,高井戸,全方向合計,9,37,156,2293,1756,4242,166
60,環八井の頭,環八通り×井の頭通り,R4/11,高井戸,全方向合計,10,17,154,2101,1874,4146,156
60,環八井の頭,環八通り×井の頭通り,R4/11,高井戸,全方向合計,11,19,198,2096,1820,4133,157
60,環八井の頭,環八通り×井の頭通り,R4/11,高井戸,全方向合計,12,14,191,2182,1772,4159,167
60,環八井の頭,環八通り×井の頭通り,R4/11,高井戸,全方向合計,13,13,201,2166,1804,4184,169
60,環八井の頭,環八通り×井の頭通り,R4/11,高井戸,全方向合計,14,40,172,2495,1794,4501,182
60,環八井の頭,環八通り×井の頭通り,R4/11,高井戸,全方向合計,15,13,170,2555,1867,4605,189
60,環八井の頭,環八通り×井の頭通り,R4/11,高井戸,全方向合計,16,25,193,2812,1613,4643,223
60,環八井の頭,環八通り×井の頭通り,R4/11,高井戸,全方向合計,17,23,140,3068,1642,4873,262
60,環八井の頭,環八通り×井の頭通り,R4/11,高井戸,全方向合計,18,19,76,2862,1486,4443,251
60,環八井の頭,環八通り×井の頭通り,R4/11,高井戸,全方向合計,12時間計,295,1985,29543,21213,53036,2356
