﻿地点番号,地点名,交差道路名,調査年月,管轄警察署,流出方向,時間帯等,大型乗用,大型貨物,普通乗用,普通貨物,四輪計,二輪車
21,飛鳥山,明治通り×北本通り,R4/11,滝野川,A 王子,7,47,53,510,239,849,42
21,飛鳥山,明治通り×北本通り,R4/11,滝野川,A 王子,8,50,47,542,320,959,50
21,飛鳥山,明治通り×北本通り,R4/11,滝野川,A 王子,9,34,35,473,484,1026,50
21,飛鳥山,明治通り×北本通り,R4/11,滝野川,A 王子,10,34,31,582,686,1333,58
21,飛鳥山,明治通り×北本通り,R4/11,滝野川,A 王子,11,43,39,511,673,1266,74
21,飛鳥山,明治通り×北本通り,R4/11,滝野川,A 王子,12,42,38,684,571,1335,86
21,飛鳥山,明治通り×北本通り,R4/11,滝野川,A 王子,13,37,38,645,410,1130,82
21,飛鳥山,明治通り×北本通り,R4/11,滝野川,A 王子,14,28,35,665,659,1387,85
21,飛鳥山,明治通り×北本通り,R4/11,滝野川,A 王子,15,32,32,654,637,1355,118
21,飛鳥山,明治通り×北本通り,R4/11,滝野川,A 王子,16,41,31,781,629,1482,110
21,飛鳥山,明治通り×北本通り,R4/11,滝野川,A 王子,17,45,37,1012,580,1674,204
21,飛鳥山,明治通り×北本通り,R4/11,滝野川,A 王子,18,34,19,1009,303,1365,138
21,飛鳥山,明治通り×北本通り,R4/11,滝野川,A 王子,12時間計,467,435,8068,6191,15161,1097
21,飛鳥山,明治通り×北本通り,R4/11,滝野川,B 池袋,7,31,23,356,334,744,46
21,飛鳥山,明治通り×北本通り,R4/11,滝野川,B 池袋,8,27,12,273,365,677,34
21,飛鳥山,明治通り×北本通り,R4/11,滝野川,B 池袋,9,29,19,372,305,725,43
21,飛鳥山,明治通り×北本通り,R4/11,滝野川,B 池袋,10,17,19,335,293,664,42
21,飛鳥山,明治通り×北本通り,R4/11,滝野川,B 池袋,11,17,23,329,253,622,44
21,飛鳥山,明治通り×北本通り,R4/11,滝野川,B 池袋,12,23,23,328,205,579,33
21,飛鳥山,明治通り×北本通り,R4/11,滝野川,B 池袋,13,17,20,287,223,547,39
21,飛鳥山,明治通り×北本通り,R4/11,滝野川,B 池袋,14,17,29,351,253,650,44
21,飛鳥山,明治通り×北本通り,R4/11,滝野川,B 池袋,15,22,14,379,178,593,37
21,飛鳥山,明治通り×北本通り,R4/11,滝野川,B 池袋,16,17,11,402,218,648,39
21,飛鳥山,明治通り×北本通り,R4/11,滝野川,B 池袋,17,21,14,383,153,571,42
21,飛鳥山,明治通り×北本通り,R4/11,滝野川,B 池袋,18,20,4,362,157,543,49
21,飛鳥山,明治通り×北本通り,R4/11,滝野川,B 池袋,12時間計,258,211,4157,2937,7563,492
21,飛鳥山,明治通り×北本通り,R4/11,滝野川,C 駒込,7,8,9,558,541,1116,91
21,飛鳥山,明治通り×北本通り,R4/11,滝野川,C 駒込,8,15,17,644,589,1265,86
21,飛鳥山,明治通り×北本通り,R4/11,滝野川,C 駒込,9,7,19,549,453,1028,58
21,飛鳥山,明治通り×北本通り,R4/11,滝野川,C 駒込,10,9,20,454,339,822,68
21,飛鳥山,明治通り×北本通り,R4/11,滝野川,C 駒込,11,8,20,352,271,651,48
21,飛鳥山,明治通り×北本通り,R4/11,滝野川,C 駒込,12,6,20,356,222,604,52
21,飛鳥山,明治通り×北本通り,R4/11,滝野川,C 駒込,13,4,13,397,273,687,64
21,飛鳥山,明治通り×北本通り,R4/11,滝野川,C 駒込,14,10,25,385,274,694,58
21,飛鳥山,明治通り×北本通り,R4/11,滝野川,C 駒込,15,11,16,376,206,609,50
21,飛鳥山,明治通り×北本通り,R4/11,滝野川,C 駒込,16,8,7,397,198,610,38
21,飛鳥山,明治通り×北本通り,R4/11,滝野川,C 駒込,17,7,5,416,150,578,52
21,飛鳥山,明治通り×北本通り,R4/11,滝野川,C 駒込,18,6,3,323,100,432,47
21,飛鳥山,明治通り×北本通り,R4/11,滝野川,C 駒込,12時間計,99,174,5207,3616,9096,712
21,飛鳥山,明治通り×北本通り,R4/11,滝野川,全方向合計,7,86,85,1424,1114,2709,179
21,飛鳥山,明治通り×北本通り,R4/11,滝野川,全方向合計,8,92,76,1459,1274,2901,170
21,飛鳥山,明治通り×北本通り,R4/11,滝野川,全方向合計,9,70,73,1394,1242,2779,151
21,飛鳥山,明治通り×北本通り,R4/11,滝野川,全方向合計,10,60,70,1371,1318,2819,168
21,飛鳥山,明治通り×北本通り,R4/11,滝野川,全方向合計,11,68,82,1192,1197,2539,166
21,飛鳥山,明治通り×北本通り,R4/11,滝野川,全方向合計,12,71,81,1368,998,2518,171
21,飛鳥山,明治通り×北本通り,R4/11,滝野川,全方向合計,13,58,71,1329,906,2364,185
21,飛鳥山,明治通り×北本通り,R4/11,滝野川,全方向合計,14,55,89,1401,1186,2731,187
21,飛鳥山,明治通り×北本通り,R4/11,滝野川,全方向合計,15,65,62,1409,1021,2557,205
21,飛鳥山,明治通り×北本通り,R4/11,滝野川,全方向合計,16,66,49,1580,1045,2740,187
21,飛鳥山,明治通り×北本通り,R4/11,滝野川,全方向合計,17,73,56,1811,883,2823,298
21,飛鳥山,明治通り×北本通り,R4/11,滝野川,全方向合計,18,60,26,1694,560,2340,234
21,飛鳥山,明治通り×北本通り,R4/11,滝野川,全方向合計,12時間計,824,820,17432,12744,31820,2301
