﻿地点番号,地点名,交差道路名,調査年月,管轄警察署,流入方向,流出方向,時間帯等,大型乗用,大型貨物,普通乗用,普通貨物,四輪計,二輪車
310,新宿５東,明治通り×靖国通り,R4/11,四谷,A 池袋,1.市ヶ谷,7,2,4,70,95,171,14
310,新宿５東,明治通り×靖国通り,R4/11,四谷,A 池袋,1.市ヶ谷,8,1,1,73,86,161,6
310,新宿５東,明治通り×靖国通り,R4/11,四谷,A 池袋,1.市ヶ谷,9,0,3,92,102,197,11
310,新宿５東,明治通り×靖国通り,R4/11,四谷,A 池袋,1.市ヶ谷,10,0,5,121,98,224,12
310,新宿５東,明治通り×靖国通り,R4/11,四谷,A 池袋,1.市ヶ谷,11,1,7,116,83,207,18
310,新宿５東,明治通り×靖国通り,R4/11,四谷,A 池袋,1.市ヶ谷,12,1,1,126,76,204,19
310,新宿５東,明治通り×靖国通り,R4/11,四谷,A 池袋,1.市ヶ谷,13,1,2,130,108,241,14
310,新宿５東,明治通り×靖国通り,R4/11,四谷,A 池袋,1.市ヶ谷,14,0,4,136,88,228,13
310,新宿５東,明治通り×靖国通り,R4/11,四谷,A 池袋,1.市ヶ谷,15,0,2,133,94,229,15
310,新宿５東,明治通り×靖国通り,R4/11,四谷,A 池袋,1.市ヶ谷,16,0,0,150,61,211,11
310,新宿５東,明治通り×靖国通り,R4/11,四谷,A 池袋,1.市ヶ谷,17,1,1,167,63,232,9
310,新宿５東,明治通り×靖国通り,R4/11,四谷,A 池袋,1.市ヶ谷,18,0,0,159,55,214,13
310,新宿５東,明治通り×靖国通り,R4/11,四谷,A 池袋,1.市ヶ谷,12時間計,7,30,1473,1009,2519,155
310,新宿５東,明治通り×靖国通り,R4/11,四谷,A 池袋,2.渋谷,7,0,1,53,64,118,6
310,新宿５東,明治通り×靖国通り,R4/11,四谷,A 池袋,2.渋谷,8,0,1,93,83,177,19
310,新宿５東,明治通り×靖国通り,R4/11,四谷,A 池袋,2.渋谷,9,3,0,96,85,184,23
310,新宿５東,明治通り×靖国通り,R4/11,四谷,A 池袋,2.渋谷,10,0,2,107,75,184,18
310,新宿５東,明治通り×靖国通り,R4/11,四谷,A 池袋,2.渋谷,11,0,0,116,77,193,15
310,新宿５東,明治通り×靖国通り,R4/11,四谷,A 池袋,2.渋谷,12,0,0,97,62,159,13
310,新宿５東,明治通り×靖国通り,R4/11,四谷,A 池袋,2.渋谷,13,0,0,132,72,204,22
310,新宿５東,明治通り×靖国通り,R4/11,四谷,A 池袋,2.渋谷,14,1,0,146,75,222,20
310,新宿５東,明治通り×靖国通り,R4/11,四谷,A 池袋,2.渋谷,15,0,0,136,69,205,17
310,新宿５東,明治通り×靖国通り,R4/11,四谷,A 池袋,2.渋谷,16,0,0,141,67,208,19
310,新宿５東,明治通り×靖国通り,R4/11,四谷,A 池袋,2.渋谷,17,0,0,150,66,216,14
310,新宿５東,明治通り×靖国通り,R4/11,四谷,A 池袋,2.渋谷,18,0,3,119,37,159,19
310,新宿５東,明治通り×靖国通り,R4/11,四谷,A 池袋,2.渋谷,12時間計,4,7,1386,832,2229,205
310,新宿５東,明治通り×靖国通り,R4/11,四谷,A 池袋,3.西新宿,7,10,0,27,30,67,2
310,新宿５東,明治通り×靖国通り,R4/11,四谷,A 池袋,3.西新宿,8,12,4,41,28,85,0
310,新宿５東,明治通り×靖国通り,R4/11,四谷,A 池袋,3.西新宿,9,11,0,51,41,103,3
310,新宿５東,明治通り×靖国通り,R4/11,四谷,A 池袋,3.西新宿,10,18,0,76,56,150,0
310,新宿５東,明治通り×靖国通り,R4/11,四谷,A 池袋,3.西新宿,11,16,0,72,33,121,9
310,新宿５東,明治通り×靖国通り,R4/11,四谷,A 池袋,3.西新宿,12,17,0,73,41,131,4
310,新宿５東,明治通り×靖国通り,R4/11,四谷,A 池袋,3.西新宿,13,16,1,84,44,145,4
310,新宿５東,明治通り×靖国通り,R4/11,四谷,A 池袋,3.西新宿,14,17,2,84,47,150,7
310,新宿５東,明治通り×靖国通り,R4/11,四谷,A 池袋,3.西新宿,15,16,1,92,30,139,3
310,新宿５東,明治通り×靖国通り,R4/11,四谷,A 池袋,3.西新宿,16,16,1,136,40,193,3
310,新宿５東,明治通り×靖国通り,R4/11,四谷,A 池袋,3.西新宿,17,17,0,108,33,158,4
310,新宿５東,明治通り×靖国通り,R4/11,四谷,A 池袋,3.西新宿,18,15,0,114,24,153,3
310,新宿５東,明治通り×靖国通り,R4/11,四谷,A 池袋,3.西新宿,12時間計,181,9,958,447,1595,42
310,新宿５東,明治通り×靖国通り,R4/11,四谷,A 池袋,流入計,7,12,5,150,189,356,22
310,新宿５東,明治通り×靖国通り,R4/11,四谷,A 池袋,流入計,8,13,6,207,197,423,25
310,新宿５東,明治通り×靖国通り,R4/11,四谷,A 池袋,流入計,9,14,3,239,228,484,37
310,新宿５東,明治通り×靖国通り,R4/11,四谷,A 池袋,流入計,10,18,7,304,229,558,30
310,新宿５東,明治通り×靖国通り,R4/11,四谷,A 池袋,流入計,11,17,7,304,193,521,42
310,新宿５東,明治通り×靖国通り,R4/11,四谷,A 池袋,流入計,12,18,1,296,179,494,36
310,新宿５東,明治通り×靖国通り,R4/11,四谷,A 池袋,流入計,13,17,3,346,224,590,40
310,新宿５東,明治通り×靖国通り,R4/11,四谷,A 池袋,流入計,14,18,6,366,210,600,40
310,新宿５東,明治通り×靖国通り,R4/11,四谷,A 池袋,流入計,15,16,3,361,193,573,35
310,新宿５東,明治通り×靖国通り,R4/11,四谷,A 池袋,流入計,16,16,1,427,168,612,33
310,新宿５東,明治通り×靖国通り,R4/11,四谷,A 池袋,流入計,17,18,1,425,162,606,27
310,新宿５東,明治通り×靖国通り,R4/11,四谷,A 池袋,流入計,18,15,3,392,116,526,35
310,新宿５東,明治通り×靖国通り,R4/11,四谷,A 池袋,流入計,12時間計,192,46,3817,2288,6343,402
310,新宿５東,明治通り×靖国通り,R4/11,四谷,B 西新宿,4.池袋,7,0,0,5,8,13,1
310,新宿５東,明治通り×靖国通り,R4/11,四谷,B 西新宿,4.池袋,8,0,0,9,13,22,0
310,新宿５東,明治通り×靖国通り,R4/11,四谷,B 西新宿,4.池袋,9,0,0,18,16,34,2
310,新宿５東,明治通り×靖国通り,R4/11,四谷,B 西新宿,4.池袋,10,0,1,24,16,41,0
310,新宿５東,明治通り×靖国通り,R4/11,四谷,B 西新宿,4.池袋,11,0,0,34,24,58,0
310,新宿５東,明治通り×靖国通り,R4/11,四谷,B 西新宿,4.池袋,12,0,0,25,13,38,0
310,新宿５東,明治通り×靖国通り,R4/11,四谷,B 西新宿,4.池袋,13,0,1,23,15,39,0
310,新宿５東,明治通り×靖国通り,R4/11,四谷,B 西新宿,4.池袋,14,0,1,21,16,38,2
310,新宿５東,明治通り×靖国通り,R4/11,四谷,B 西新宿,4.池袋,15,0,0,24,17,41,1
310,新宿５東,明治通り×靖国通り,R4/11,四谷,B 西新宿,4.池袋,16,0,0,21,16,37,0
310,新宿５東,明治通り×靖国通り,R4/11,四谷,B 西新宿,4.池袋,17,0,1,26,17,44,0
310,新宿５東,明治通り×靖国通り,R4/11,四谷,B 西新宿,4.池袋,18,0,0,12,12,24,1
310,新宿５東,明治通り×靖国通り,R4/11,四谷,B 西新宿,4.池袋,12時間計,0,4,242,183,429,7
310,新宿５東,明治通り×靖国通り,R4/11,四谷,B 西新宿,5.市ヶ谷,7,10,3,388,346,747,55
310,新宿５東,明治通り×靖国通り,R4/11,四谷,B 西新宿,5.市ヶ谷,8,9,2,544,254,809,49
310,新宿５東,明治通り×靖国通り,R4/11,四谷,B 西新宿,5.市ヶ谷,9,12,4,603,270,889,34
310,新宿５東,明治通り×靖国通り,R4/11,四谷,B 西新宿,5.市ヶ谷,10,8,3,521,321,853,66
310,新宿５東,明治通り×靖国通り,R4/11,四谷,B 西新宿,5.市ヶ谷,11,7,2,471,280,760,50
310,新宿５東,明治通り×靖国通り,R4/11,四谷,B 西新宿,5.市ヶ谷,12,6,6,386,192,590,48
310,新宿５東,明治通り×靖国通り,R4/11,四谷,B 西新宿,5.市ヶ谷,13,6,3,382,242,633,58
310,新宿５東,明治通り×靖国通り,R4/11,四谷,B 西新宿,5.市ヶ谷,14,7,2,521,188,718,37
310,新宿５東,明治通り×靖国通り,R4/11,四谷,B 西新宿,5.市ヶ谷,15,7,6,548,194,755,43
310,新宿５東,明治通り×靖国通り,R4/11,四谷,B 西新宿,5.市ヶ谷,16,6,2,486,196,690,61
310,新宿５東,明治通り×靖国通り,R4/11,四谷,B 西新宿,5.市ヶ谷,17,12,1,526,163,702,47
310,新宿５東,明治通り×靖国通り,R4/11,四谷,B 西新宿,5.市ヶ谷,18,10,0,353,137,500,52
310,新宿５東,明治通り×靖国通り,R4/11,四谷,B 西新宿,5.市ヶ谷,12時間計,100,34,5729,2783,8646,600
310,新宿５東,明治通り×靖国通り,R4/11,四谷,B 西新宿,6.渋谷,7,0,2,35,21,58,4
310,新宿５東,明治通り×靖国通り,R4/11,四谷,B 西新宿,6.渋谷,8,1,5,35,36,77,6
310,新宿５東,明治通り×靖国通り,R4/11,四谷,B 西新宿,6.渋谷,9,1,2,55,33,91,8
310,新宿５東,明治通り×靖国通り,R4/11,四谷,B 西新宿,6.渋谷,10,0,2,45,26,73,8
310,新宿５東,明治通り×靖国通り,R4/11,四谷,B 西新宿,6.渋谷,11,0,0,50,34,84,2
310,新宿５東,明治通り×靖国通り,R4/11,四谷,B 西新宿,6.渋谷,12,0,1,44,39,84,3
310,新宿５東,明治通り×靖国通り,R4/11,四谷,B 西新宿,6.渋谷,13,5,1,53,29,88,4
310,新宿５東,明治通り×靖国通り,R4/11,四谷,B 西新宿,6.渋谷,14,0,0,64,44,108,3
310,新宿５東,明治通り×靖国通り,R4/11,四谷,B 西新宿,6.渋谷,15,0,0,46,35,81,7
310,新宿５東,明治通り×靖国通り,R4/11,四谷,B 西新宿,6.渋谷,16,1,0,51,31,83,3
310,新宿５東,明治通り×靖国通り,R4/11,四谷,B 西新宿,6.渋谷,17,0,1,50,19,70,4
310,新宿５東,明治通り×靖国通り,R4/11,四谷,B 西新宿,6.渋谷,18,1,2,61,12,76,2
310,新宿５東,明治通り×靖国通り,R4/11,四谷,B 西新宿,6.渋谷,12時間計,9,16,589,359,973,54
310,新宿５東,明治通り×靖国通り,R4/11,四谷,B 西新宿,流入計,7,10,5,428,375,818,60
310,新宿５東,明治通り×靖国通り,R4/11,四谷,B 西新宿,流入計,8,10,7,588,303,908,55
310,新宿５東,明治通り×靖国通り,R4/11,四谷,B 西新宿,流入計,9,13,6,676,319,1014,44
310,新宿５東,明治通り×靖国通り,R4/11,四谷,B 西新宿,流入計,10,8,6,590,363,967,74
310,新宿５東,明治通り×靖国通り,R4/11,四谷,B 西新宿,流入計,11,7,2,555,338,902,52
310,新宿５東,明治通り×靖国通り,R4/11,四谷,B 西新宿,流入計,12,6,7,455,244,712,51
310,新宿５東,明治通り×靖国通り,R4/11,四谷,B 西新宿,流入計,13,11,5,458,286,760,62
310,新宿５東,明治通り×靖国通り,R4/11,四谷,B 西新宿,流入計,14,7,3,606,248,864,42
310,新宿５東,明治通り×靖国通り,R4/11,四谷,B 西新宿,流入計,15,7,6,618,246,877,51
310,新宿５東,明治通り×靖国通り,R4/11,四谷,B 西新宿,流入計,16,7,2,558,243,810,64
310,新宿５東,明治通り×靖国通り,R4/11,四谷,B 西新宿,流入計,17,12,3,602,199,816,51
310,新宿５東,明治通り×靖国通り,R4/11,四谷,B 西新宿,流入計,18,11,2,426,161,600,55
310,新宿５東,明治通り×靖国通り,R4/11,四谷,B 西新宿,流入計,12時間計,109,54,6560,3325,10048,661
310,新宿５東,明治通り×靖国通り,R4/11,四谷,C 渋谷,7.西新宿,7,0,0,15,29,44,1
310,新宿５東,明治通り×靖国通り,R4/11,四谷,C 渋谷,7.西新宿,8,1,3,35,46,85,2
310,新宿５東,明治通り×靖国通り,R4/11,四谷,C 渋谷,7.西新宿,9,0,4,48,66,118,5
310,新宿５東,明治通り×靖国通り,R4/11,四谷,C 渋谷,7.西新宿,10,1,2,61,67,131,2
310,新宿５東,明治通り×靖国通り,R4/11,四谷,C 渋谷,7.西新宿,11,1,1,71,68,141,5
310,新宿５東,明治通り×靖国通り,R4/11,四谷,C 渋谷,7.西新宿,12,3,0,82,52,137,8
310,新宿５東,明治通り×靖国通り,R4/11,四谷,C 渋谷,7.西新宿,13,2,1,81,47,131,6
310,新宿５東,明治通り×靖国通り,R4/11,四谷,C 渋谷,7.西新宿,14,3,4,91,68,166,6
310,新宿５東,明治通り×靖国通り,R4/11,四谷,C 渋谷,7.西新宿,15,1,5,82,57,145,5
310,新宿５東,明治通り×靖国通り,R4/11,四谷,C 渋谷,7.西新宿,16,3,6,134,71,214,6
310,新宿５東,明治通り×靖国通り,R4/11,四谷,C 渋谷,7.西新宿,17,0,1,116,49,166,12
310,新宿５東,明治通り×靖国通り,R4/11,四谷,C 渋谷,7.西新宿,18,1,0,138,55,194,14
310,新宿５東,明治通り×靖国通り,R4/11,四谷,C 渋谷,7.西新宿,12時間計,16,27,954,675,1672,72
310,新宿５東,明治通り×靖国通り,R4/11,四谷,C 渋谷,8.池袋,7,4,2,38,30,74,2
310,新宿５東,明治通り×靖国通り,R4/11,四谷,C 渋谷,8.池袋,8,5,1,44,52,102,2
310,新宿５東,明治通り×靖国通り,R4/11,四谷,C 渋谷,8.池袋,9,4,0,56,57,117,10
310,新宿５東,明治通り×靖国通り,R4/11,四谷,C 渋谷,8.池袋,10,9,1,75,62,147,7
310,新宿５東,明治通り×靖国通り,R4/11,四谷,C 渋谷,8.池袋,11,8,0,77,83,168,10
310,新宿５東,明治通り×靖国通り,R4/11,四谷,C 渋谷,8.池袋,12,7,1,97,62,167,10
310,新宿５東,明治通り×靖国通り,R4/11,四谷,C 渋谷,8.池袋,13,9,0,87,63,159,9
310,新宿５東,明治通り×靖国通り,R4/11,四谷,C 渋谷,8.池袋,14,9,0,98,64,171,6
310,新宿５東,明治通り×靖国通り,R4/11,四谷,C 渋谷,8.池袋,15,8,1,109,59,177,8
310,新宿５東,明治通り×靖国通り,R4/11,四谷,C 渋谷,8.池袋,16,8,0,98,64,170,17
310,新宿５東,明治通り×靖国通り,R4/11,四谷,C 渋谷,8.池袋,17,9,2,107,63,181,14
310,新宿５東,明治通り×靖国通り,R4/11,四谷,C 渋谷,8.池袋,18,8,1,125,35,169,18
310,新宿５東,明治通り×靖国通り,R4/11,四谷,C 渋谷,8.池袋,12時間計,88,9,1011,694,1802,113
310,新宿５東,明治通り×靖国通り,R4/11,四谷,C 渋谷,9.市ヶ谷,7,0,0,5,6,11,3
310,新宿５東,明治通り×靖国通り,R4/11,四谷,C 渋谷,9.市ヶ谷,8,1,0,16,15,32,3
310,新宿５東,明治通り×靖国通り,R4/11,四谷,C 渋谷,9.市ヶ谷,9,0,0,20,26,46,1
310,新宿５東,明治通り×靖国通り,R4/11,四谷,C 渋谷,9.市ヶ谷,10,0,0,27,20,47,3
310,新宿５東,明治通り×靖国通り,R4/11,四谷,C 渋谷,9.市ヶ谷,11,1,0,43,23,67,4
310,新宿５東,明治通り×靖国通り,R4/11,四谷,C 渋谷,9.市ヶ谷,12,0,0,28,17,45,1
310,新宿５東,明治通り×靖国通り,R4/11,四谷,C 渋谷,9.市ヶ谷,13,0,0,23,25,48,4
310,新宿５東,明治通り×靖国通り,R4/11,四谷,C 渋谷,9.市ヶ谷,14,0,1,35,24,60,2
310,新宿５東,明治通り×靖国通り,R4/11,四谷,C 渋谷,9.市ヶ谷,15,0,0,36,27,63,3
310,新宿５東,明治通り×靖国通り,R4/11,四谷,C 渋谷,9.市ヶ谷,16,1,0,42,18,61,6
310,新宿５東,明治通り×靖国通り,R4/11,四谷,C 渋谷,9.市ヶ谷,17,1,0,50,16,67,7
310,新宿５東,明治通り×靖国通り,R4/11,四谷,C 渋谷,9.市ヶ谷,18,0,0,40,8,48,4
310,新宿５東,明治通り×靖国通り,R4/11,四谷,C 渋谷,9.市ヶ谷,12時間計,4,1,365,225,595,41
310,新宿５東,明治通り×靖国通り,R4/11,四谷,C 渋谷,流入計,7,4,2,58,65,129,6
310,新宿５東,明治通り×靖国通り,R4/11,四谷,C 渋谷,流入計,8,7,4,95,113,219,7
310,新宿５東,明治通り×靖国通り,R4/11,四谷,C 渋谷,流入計,9,4,4,124,149,281,16
310,新宿５東,明治通り×靖国通り,R4/11,四谷,C 渋谷,流入計,10,10,3,163,149,325,12
310,新宿５東,明治通り×靖国通り,R4/11,四谷,C 渋谷,流入計,11,10,1,191,174,376,19
310,新宿５東,明治通り×靖国通り,R4/11,四谷,C 渋谷,流入計,12,10,1,207,131,349,19
310,新宿５東,明治通り×靖国通り,R4/11,四谷,C 渋谷,流入計,13,11,1,191,135,338,19
310,新宿５東,明治通り×靖国通り,R4/11,四谷,C 渋谷,流入計,14,12,5,224,156,397,14
310,新宿５東,明治通り×靖国通り,R4/11,四谷,C 渋谷,流入計,15,9,6,227,143,385,16
310,新宿５東,明治通り×靖国通り,R4/11,四谷,C 渋谷,流入計,16,12,6,274,153,445,29
310,新宿５東,明治通り×靖国通り,R4/11,四谷,C 渋谷,流入計,17,10,3,273,128,414,33
310,新宿５東,明治通り×靖国通り,R4/11,四谷,C 渋谷,流入計,18,9,1,303,98,411,36
310,新宿５東,明治通り×靖国通り,R4/11,四谷,C 渋谷,流入計,12時間計,108,37,2330,1594,4069,226
310,新宿５東,明治通り×靖国通り,R4/11,四谷,D 市ヶ谷,10.渋谷,7,0,0,9,12,21,2
310,新宿５東,明治通り×靖国通り,R4/11,四谷,D 市ヶ谷,10.渋谷,8,1,0,14,17,32,0
310,新宿５東,明治通り×靖国通り,R4/11,四谷,D 市ヶ谷,10.渋谷,9,0,1,22,23,46,2
310,新宿５東,明治通り×靖国通り,R4/11,四谷,D 市ヶ谷,10.渋谷,10,0,0,33,19,52,1
310,新宿５東,明治通り×靖国通り,R4/11,四谷,D 市ヶ谷,10.渋谷,11,0,0,23,16,39,1
310,新宿５東,明治通り×靖国通り,R4/11,四谷,D 市ヶ谷,10.渋谷,12,0,0,29,14,43,5
310,新宿５東,明治通り×靖国通り,R4/11,四谷,D 市ヶ谷,10.渋谷,13,1,0,32,15,48,2
310,新宿５東,明治通り×靖国通り,R4/11,四谷,D 市ヶ谷,10.渋谷,14,0,0,37,23,60,5
310,新宿５東,明治通り×靖国通り,R4/11,四谷,D 市ヶ谷,10.渋谷,15,0,0,38,21,59,3
310,新宿５東,明治通り×靖国通り,R4/11,四谷,D 市ヶ谷,10.渋谷,16,0,0,33,15,48,2
310,新宿５東,明治通り×靖国通り,R4/11,四谷,D 市ヶ谷,10.渋谷,17,0,0,43,9,52,2
310,新宿５東,明治通り×靖国通り,R4/11,四谷,D 市ヶ谷,10.渋谷,18,0,0,33,12,45,3
310,新宿５東,明治通り×靖国通り,R4/11,四谷,D 市ヶ谷,10.渋谷,12時間計,2,1,346,196,545,28
310,新宿５東,明治通り×靖国通り,R4/11,四谷,D 市ヶ谷,11.西新宿,7,9,12,356,236,613,45
310,新宿５東,明治通り×靖国通り,R4/11,四谷,D 市ヶ谷,11.西新宿,8,8,3,411,182,604,52
310,新宿５東,明治通り×靖国通り,R4/11,四谷,D 市ヶ谷,11.西新宿,9,13,2,501,252,768,25
310,新宿５東,明治通り×靖国通り,R4/11,四谷,D 市ヶ谷,11.西新宿,10,9,9,405,277,700,37
310,新宿５東,明治通り×靖国通り,R4/11,四谷,D 市ヶ谷,11.西新宿,11,5,7,395,255,662,43
310,新宿５東,明治通り×靖国通り,R4/11,四谷,D 市ヶ谷,11.西新宿,12,9,5,497,185,696,60
310,新宿５東,明治通り×靖国通り,R4/11,四谷,D 市ヶ谷,11.西新宿,13,7,5,471,156,639,55
310,新宿５東,明治通り×靖国通り,R4/11,四谷,D 市ヶ谷,11.西新宿,14,8,4,499,196,707,43
310,新宿５東,明治通り×靖国通り,R4/11,四谷,D 市ヶ谷,11.西新宿,15,8,3,569,189,769,77
310,新宿５東,明治通り×靖国通り,R4/11,四谷,D 市ヶ谷,11.西新宿,16,6,2,466,193,667,72
310,新宿５東,明治通り×靖国通り,R4/11,四谷,D 市ヶ谷,11.西新宿,17,6,1,526,172,705,68
310,新宿５東,明治通り×靖国通り,R4/11,四谷,D 市ヶ谷,11.西新宿,18,5,2,401,128,536,44
310,新宿５東,明治通り×靖国通り,R4/11,四谷,D 市ヶ谷,11.西新宿,12時間計,93,55,5497,2421,8066,621
310,新宿５東,明治通り×靖国通り,R4/11,四谷,D 市ヶ谷,12.池袋,7,0,0,45,59,104,4
310,新宿５東,明治通り×靖国通り,R4/11,四谷,D 市ヶ谷,12.池袋,8,0,1,61,56,118,3
310,新宿５東,明治通り×靖国通り,R4/11,四谷,D 市ヶ谷,12.池袋,9,0,3,57,61,121,4
310,新宿５東,明治通り×靖国通り,R4/11,四谷,D 市ヶ谷,12.池袋,10,1,1,67,57,126,3
310,新宿５東,明治通り×靖国通り,R4/11,四谷,D 市ヶ谷,12.池袋,11,0,2,53,53,108,3
310,新宿５東,明治通り×靖国通り,R4/11,四谷,D 市ヶ谷,12.池袋,12,1,2,66,52,121,4
310,新宿５東,明治通り×靖国通り,R4/11,四谷,D 市ヶ谷,12.池袋,13,0,1,59,52,112,8
310,新宿５東,明治通り×靖国通り,R4/11,四谷,D 市ヶ谷,12.池袋,14,2,2,61,62,127,6
310,新宿５東,明治通り×靖国通り,R4/11,四谷,D 市ヶ谷,12.池袋,15,1,1,80,42,124,5
310,新宿５東,明治通り×靖国通り,R4/11,四谷,D 市ヶ谷,12.池袋,16,0,0,74,50,124,4
310,新宿５東,明治通り×靖国通り,R4/11,四谷,D 市ヶ谷,12.池袋,17,0,1,77,29,107,8
310,新宿５東,明治通り×靖国通り,R4/11,四谷,D 市ヶ谷,12.池袋,18,1,0,71,17,89,3
310,新宿５東,明治通り×靖国通り,R4/11,四谷,D 市ヶ谷,12.池袋,12時間計,6,14,771,590,1381,55
310,新宿５東,明治通り×靖国通り,R4/11,四谷,D 市ヶ谷,流入計,7,9,12,410,307,738,51
310,新宿５東,明治通り×靖国通り,R4/11,四谷,D 市ヶ谷,流入計,8,9,4,486,255,754,55
310,新宿５東,明治通り×靖国通り,R4/11,四谷,D 市ヶ谷,流入計,9,13,6,580,336,935,31
310,新宿５東,明治通り×靖国通り,R4/11,四谷,D 市ヶ谷,流入計,10,10,10,505,353,878,41
310,新宿５東,明治通り×靖国通り,R4/11,四谷,D 市ヶ谷,流入計,11,5,9,471,324,809,47
310,新宿５東,明治通り×靖国通り,R4/11,四谷,D 市ヶ谷,流入計,12,10,7,592,251,860,69
310,新宿５東,明治通り×靖国通り,R4/11,四谷,D 市ヶ谷,流入計,13,8,6,562,223,799,65
310,新宿５東,明治通り×靖国通り,R4/11,四谷,D 市ヶ谷,流入計,14,10,6,597,281,894,54
310,新宿５東,明治通り×靖国通り,R4/11,四谷,D 市ヶ谷,流入計,15,9,4,687,252,952,85
310,新宿５東,明治通り×靖国通り,R4/11,四谷,D 市ヶ谷,流入計,16,6,2,573,258,839,78
310,新宿５東,明治通り×靖国通り,R4/11,四谷,D 市ヶ谷,流入計,17,6,2,646,210,864,78
310,新宿５東,明治通り×靖国通り,R4/11,四谷,D 市ヶ谷,流入計,18,6,2,505,157,670,50
310,新宿５東,明治通り×靖国通り,R4/11,四谷,D 市ヶ谷,流入計,12時間計,101,70,6614,3207,9992,704
