﻿地点番号,地点名,交差道路名,調査年月,管轄警察署,流入方向,流出方向,時間帯等,車道通行自転車,歩道通行自転車,自転車計
310,新宿５東,明治通り×靖国通り,R4/11,四谷,A 池袋,1市ヶ谷,7,6,-,-
310,新宿５東,明治通り×靖国通り,R4/11,四谷,A 池袋,1市ヶ谷,8,6,-,-
310,新宿５東,明治通り×靖国通り,R4/11,四谷,A 池袋,1市ヶ谷,9,15,-,-
310,新宿５東,明治通り×靖国通り,R4/11,四谷,A 池袋,1市ヶ谷,10,1,-,-
310,新宿５東,明治通り×靖国通り,R4/11,四谷,A 池袋,1市ヶ谷,11,5,-,-
310,新宿５東,明治通り×靖国通り,R4/11,四谷,A 池袋,1市ヶ谷,12,10,-,-
310,新宿５東,明治通り×靖国通り,R4/11,四谷,A 池袋,1市ヶ谷,13,4,-,-
310,新宿５東,明治通り×靖国通り,R4/11,四谷,A 池袋,1市ヶ谷,14,5,-,-
310,新宿５東,明治通り×靖国通り,R4/11,四谷,A 池袋,1市ヶ谷,15,6,-,-
310,新宿５東,明治通り×靖国通り,R4/11,四谷,A 池袋,1市ヶ谷,16,6,-,-
310,新宿５東,明治通り×靖国通り,R4/11,四谷,A 池袋,1市ヶ谷,17,8,-,-
310,新宿５東,明治通り×靖国通り,R4/11,四谷,A 池袋,1市ヶ谷,18,4,-,-
310,新宿５東,明治通り×靖国通り,R4/11,四谷,A 池袋,1市ヶ谷,12時間計,76,-,-
310,新宿５東,明治通り×靖国通り,R4/11,四谷,A 池袋,2渋谷,7,11,-,-
310,新宿５東,明治通り×靖国通り,R4/11,四谷,A 池袋,2渋谷,8,32,-,-
310,新宿５東,明治通り×靖国通り,R4/11,四谷,A 池袋,2渋谷,9,45,-,-
310,新宿５東,明治通り×靖国通り,R4/11,四谷,A 池袋,2渋谷,10,45,-,-
310,新宿５東,明治通り×靖国通り,R4/11,四谷,A 池袋,2渋谷,11,22,-,-
310,新宿５東,明治通り×靖国通り,R4/11,四谷,A 池袋,2渋谷,12,15,-,-
310,新宿５東,明治通り×靖国通り,R4/11,四谷,A 池袋,2渋谷,13,13,-,-
310,新宿５東,明治通り×靖国通り,R4/11,四谷,A 池袋,2渋谷,14,15,-,-
310,新宿５東,明治通り×靖国通り,R4/11,四谷,A 池袋,2渋谷,15,21,-,-
310,新宿５東,明治通り×靖国通り,R4/11,四谷,A 池袋,2渋谷,16,35,-,-
310,新宿５東,明治通り×靖国通り,R4/11,四谷,A 池袋,2渋谷,17,15,-,-
310,新宿５東,明治通り×靖国通り,R4/11,四谷,A 池袋,2渋谷,18,7,-,-
310,新宿５東,明治通り×靖国通り,R4/11,四谷,A 池袋,2渋谷,12時間計,276,-,-
310,新宿５東,明治通り×靖国通り,R4/11,四谷,A 池袋,3西新宿,7,0,-,-
310,新宿５東,明治通り×靖国通り,R4/11,四谷,A 池袋,3西新宿,8,0,-,-
310,新宿５東,明治通り×靖国通り,R4/11,四谷,A 池袋,3西新宿,9,0,-,-
310,新宿５東,明治通り×靖国通り,R4/11,四谷,A 池袋,3西新宿,10,0,-,-
310,新宿５東,明治通り×靖国通り,R4/11,四谷,A 池袋,3西新宿,11,0,-,-
310,新宿５東,明治通り×靖国通り,R4/11,四谷,A 池袋,3西新宿,12,0,-,-
310,新宿５東,明治通り×靖国通り,R4/11,四谷,A 池袋,3西新宿,13,1,-,-
310,新宿５東,明治通り×靖国通り,R4/11,四谷,A 池袋,3西新宿,14,0,-,-
310,新宿５東,明治通り×靖国通り,R4/11,四谷,A 池袋,3西新宿,15,0,-,-
310,新宿５東,明治通り×靖国通り,R4/11,四谷,A 池袋,3西新宿,16,0,-,-
310,新宿５東,明治通り×靖国通り,R4/11,四谷,A 池袋,3西新宿,17,0,-,-
310,新宿５東,明治通り×靖国通り,R4/11,四谷,A 池袋,3西新宿,18,0,-,-
310,新宿５東,明治通り×靖国通り,R4/11,四谷,A 池袋,3西新宿,12時間計,1,-,-
310,新宿５東,明治通り×靖国通り,R4/11,四谷,A 池袋,流入計,7,17,14,31
310,新宿５東,明治通り×靖国通り,R4/11,四谷,A 池袋,流入計,8,38,19,57
310,新宿５東,明治通り×靖国通り,R4/11,四谷,A 池袋,流入計,9,60,26,86
310,新宿５東,明治通り×靖国通り,R4/11,四谷,A 池袋,流入計,10,46,36,82
310,新宿５東,明治通り×靖国通り,R4/11,四谷,A 池袋,流入計,11,27,21,48
310,新宿５東,明治通り×靖国通り,R4/11,四谷,A 池袋,流入計,12,25,21,46
310,新宿５東,明治通り×靖国通り,R4/11,四谷,A 池袋,流入計,13,18,30,48
310,新宿５東,明治通り×靖国通り,R4/11,四谷,A 池袋,流入計,14,20,22,42
310,新宿５東,明治通り×靖国通り,R4/11,四谷,A 池袋,流入計,15,27,32,59
310,新宿５東,明治通り×靖国通り,R4/11,四谷,A 池袋,流入計,16,41,40,81
310,新宿５東,明治通り×靖国通り,R4/11,四谷,A 池袋,流入計,17,23,29,52
310,新宿５東,明治通り×靖国通り,R4/11,四谷,A 池袋,流入計,18,11,15,26
310,新宿５東,明治通り×靖国通り,R4/11,四谷,A 池袋,流入計,12時間計,353,305,658
310,新宿５東,明治通り×靖国通り,R4/11,四谷,B 西新宿,4池袋,7,1,-,-
310,新宿５東,明治通り×靖国通り,R4/11,四谷,B 西新宿,4池袋,8,0,-,-
310,新宿５東,明治通り×靖国通り,R4/11,四谷,B 西新宿,4池袋,9,0,-,-
310,新宿５東,明治通り×靖国通り,R4/11,四谷,B 西新宿,4池袋,10,0,-,-
310,新宿５東,明治通り×靖国通り,R4/11,四谷,B 西新宿,4池袋,11,0,-,-
310,新宿５東,明治通り×靖国通り,R4/11,四谷,B 西新宿,4池袋,12,0,-,-
310,新宿５東,明治通り×靖国通り,R4/11,四谷,B 西新宿,4池袋,13,0,-,-
310,新宿５東,明治通り×靖国通り,R4/11,四谷,B 西新宿,4池袋,14,1,-,-
310,新宿５東,明治通り×靖国通り,R4/11,四谷,B 西新宿,4池袋,15,0,-,-
310,新宿５東,明治通り×靖国通り,R4/11,四谷,B 西新宿,4池袋,16,0,-,-
310,新宿５東,明治通り×靖国通り,R4/11,四谷,B 西新宿,4池袋,17,0,-,-
310,新宿５東,明治通り×靖国通り,R4/11,四谷,B 西新宿,4池袋,18,0,-,-
310,新宿５東,明治通り×靖国通り,R4/11,四谷,B 西新宿,4池袋,12時間計,2,-,-
310,新宿５東,明治通り×靖国通り,R4/11,四谷,B 西新宿,5市ヶ谷,7,46,-,-
310,新宿５東,明治通り×靖国通り,R4/11,四谷,B 西新宿,5市ヶ谷,8,51,-,-
310,新宿５東,明治通り×靖国通り,R4/11,四谷,B 西新宿,5市ヶ谷,9,78,-,-
310,新宿５東,明治通り×靖国通り,R4/11,四谷,B 西新宿,5市ヶ谷,10,36,-,-
310,新宿５東,明治通り×靖国通り,R4/11,四谷,B 西新宿,5市ヶ谷,11,39,-,-
310,新宿５東,明治通り×靖国通り,R4/11,四谷,B 西新宿,5市ヶ谷,12,53,-,-
310,新宿５東,明治通り×靖国通り,R4/11,四谷,B 西新宿,5市ヶ谷,13,55,-,-
310,新宿５東,明治通り×靖国通り,R4/11,四谷,B 西新宿,5市ヶ谷,14,36,-,-
310,新宿５東,明治通り×靖国通り,R4/11,四谷,B 西新宿,5市ヶ谷,15,44,-,-
310,新宿５東,明治通り×靖国通り,R4/11,四谷,B 西新宿,5市ヶ谷,16,53,-,-
310,新宿５東,明治通り×靖国通り,R4/11,四谷,B 西新宿,5市ヶ谷,17,50,-,-
310,新宿５東,明治通り×靖国通り,R4/11,四谷,B 西新宿,5市ヶ谷,18,62,-,-
310,新宿５東,明治通り×靖国通り,R4/11,四谷,B 西新宿,5市ヶ谷,12時間計,603,-,-
310,新宿５東,明治通り×靖国通り,R4/11,四谷,B 西新宿,6渋谷,7,0,-,-
310,新宿５東,明治通り×靖国通り,R4/11,四谷,B 西新宿,6渋谷,8,0,-,-
310,新宿５東,明治通り×靖国通り,R4/11,四谷,B 西新宿,6渋谷,9,2,-,-
310,新宿５東,明治通り×靖国通り,R4/11,四谷,B 西新宿,6渋谷,10,0,-,-
310,新宿５東,明治通り×靖国通り,R4/11,四谷,B 西新宿,6渋谷,11,0,-,-
310,新宿５東,明治通り×靖国通り,R4/11,四谷,B 西新宿,6渋谷,12,0,-,-
310,新宿５東,明治通り×靖国通り,R4/11,四谷,B 西新宿,6渋谷,13,0,-,-
310,新宿５東,明治通り×靖国通り,R4/11,四谷,B 西新宿,6渋谷,14,0,-,-
310,新宿５東,明治通り×靖国通り,R4/11,四谷,B 西新宿,6渋谷,15,0,-,-
310,新宿５東,明治通り×靖国通り,R4/11,四谷,B 西新宿,6渋谷,16,0,-,-
310,新宿５東,明治通り×靖国通り,R4/11,四谷,B 西新宿,6渋谷,17,0,-,-
310,新宿５東,明治通り×靖国通り,R4/11,四谷,B 西新宿,6渋谷,18,0,-,-
310,新宿５東,明治通り×靖国通り,R4/11,四谷,B 西新宿,6渋谷,12時間計,2,-,-
310,新宿５東,明治通り×靖国通り,R4/11,四谷,B 西新宿,流入計,7,47,28,75
310,新宿５東,明治通り×靖国通り,R4/11,四谷,B 西新宿,流入計,8,51,26,77
310,新宿５東,明治通り×靖国通り,R4/11,四谷,B 西新宿,流入計,9,80,31,111
310,新宿５東,明治通り×靖国通り,R4/11,四谷,B 西新宿,流入計,10,36,44,80
310,新宿５東,明治通り×靖国通り,R4/11,四谷,B 西新宿,流入計,11,39,46,85
310,新宿５東,明治通り×靖国通り,R4/11,四谷,B 西新宿,流入計,12,53,34,87
310,新宿５東,明治通り×靖国通り,R4/11,四谷,B 西新宿,流入計,13,55,54,109
310,新宿５東,明治通り×靖国通り,R4/11,四谷,B 西新宿,流入計,14,37,28,65
310,新宿５東,明治通り×靖国通り,R4/11,四谷,B 西新宿,流入計,15,44,33,77
310,新宿５東,明治通り×靖国通り,R4/11,四谷,B 西新宿,流入計,16,53,27,80
310,新宿５東,明治通り×靖国通り,R4/11,四谷,B 西新宿,流入計,17,50,28,78
310,新宿５東,明治通り×靖国通り,R4/11,四谷,B 西新宿,流入計,18,62,23,85
310,新宿５東,明治通り×靖国通り,R4/11,四谷,B 西新宿,流入計,12時間計,607,402,1009
310,新宿５東,明治通り×靖国通り,R4/11,四谷,C 渋谷,7西新宿,7,1,-,-
310,新宿５東,明治通り×靖国通り,R4/11,四谷,C 渋谷,7西新宿,8,1,-,-
310,新宿５東,明治通り×靖国通り,R4/11,四谷,C 渋谷,7西新宿,9,0,-,-
310,新宿５東,明治通り×靖国通り,R4/11,四谷,C 渋谷,7西新宿,10,2,-,-
310,新宿５東,明治通り×靖国通り,R4/11,四谷,C 渋谷,7西新宿,11,0,-,-
310,新宿５東,明治通り×靖国通り,R4/11,四谷,C 渋谷,7西新宿,12,2,-,-
310,新宿５東,明治通り×靖国通り,R4/11,四谷,C 渋谷,7西新宿,13,0,-,-
310,新宿５東,明治通り×靖国通り,R4/11,四谷,C 渋谷,7西新宿,14,1,-,-
310,新宿５東,明治通り×靖国通り,R4/11,四谷,C 渋谷,7西新宿,15,0,-,-
310,新宿５東,明治通り×靖国通り,R4/11,四谷,C 渋谷,7西新宿,16,4,-,-
310,新宿５東,明治通り×靖国通り,R4/11,四谷,C 渋谷,7西新宿,17,1,-,-
310,新宿５東,明治通り×靖国通り,R4/11,四谷,C 渋谷,7西新宿,18,1,-,-
310,新宿５東,明治通り×靖国通り,R4/11,四谷,C 渋谷,7西新宿,12時間計,13,-,-
310,新宿５東,明治通り×靖国通り,R4/11,四谷,C 渋谷,8池袋,7,2,-,-
310,新宿５東,明治通り×靖国通り,R4/11,四谷,C 渋谷,8池袋,8,4,-,-
310,新宿５東,明治通り×靖国通り,R4/11,四谷,C 渋谷,8池袋,9,4,-,-
310,新宿５東,明治通り×靖国通り,R4/11,四谷,C 渋谷,8池袋,10,4,-,-
310,新宿５東,明治通り×靖国通り,R4/11,四谷,C 渋谷,8池袋,11,6,-,-
310,新宿５東,明治通り×靖国通り,R4/11,四谷,C 渋谷,8池袋,12,11,-,-
310,新宿５東,明治通り×靖国通り,R4/11,四谷,C 渋谷,8池袋,13,10,-,-
310,新宿５東,明治通り×靖国通り,R4/11,四谷,C 渋谷,8池袋,14,13,-,-
310,新宿５東,明治通り×靖国通り,R4/11,四谷,C 渋谷,8池袋,15,6,-,-
310,新宿５東,明治通り×靖国通り,R4/11,四谷,C 渋谷,8池袋,16,4,-,-
310,新宿５東,明治通り×靖国通り,R4/11,四谷,C 渋谷,8池袋,17,26,-,-
310,新宿５東,明治通り×靖国通り,R4/11,四谷,C 渋谷,8池袋,18,13,-,-
310,新宿５東,明治通り×靖国通り,R4/11,四谷,C 渋谷,8池袋,12時間計,103,-,-
310,新宿５東,明治通り×靖国通り,R4/11,四谷,C 渋谷,9市ヶ谷,7,0,-,-
310,新宿５東,明治通り×靖国通り,R4/11,四谷,C 渋谷,9市ヶ谷,8,0,-,-
310,新宿５東,明治通り×靖国通り,R4/11,四谷,C 渋谷,9市ヶ谷,9,1,-,-
310,新宿５東,明治通り×靖国通り,R4/11,四谷,C 渋谷,9市ヶ谷,10,0,-,-
310,新宿５東,明治通り×靖国通り,R4/11,四谷,C 渋谷,9市ヶ谷,11,0,-,-
310,新宿５東,明治通り×靖国通り,R4/11,四谷,C 渋谷,9市ヶ谷,12,0,-,-
310,新宿５東,明治通り×靖国通り,R4/11,四谷,C 渋谷,9市ヶ谷,13,0,-,-
310,新宿５東,明治通り×靖国通り,R4/11,四谷,C 渋谷,9市ヶ谷,14,0,-,-
310,新宿５東,明治通り×靖国通り,R4/11,四谷,C 渋谷,9市ヶ谷,15,0,-,-
310,新宿５東,明治通り×靖国通り,R4/11,四谷,C 渋谷,9市ヶ谷,16,0,-,-
310,新宿５東,明治通り×靖国通り,R4/11,四谷,C 渋谷,9市ヶ谷,17,0,-,-
310,新宿５東,明治通り×靖国通り,R4/11,四谷,C 渋谷,9市ヶ谷,18,0,-,-
310,新宿５東,明治通り×靖国通り,R4/11,四谷,C 渋谷,9市ヶ谷,12時間計,1,-,-
310,新宿５東,明治通り×靖国通り,R4/11,四谷,C 渋谷,流入計,7,3,11,14
310,新宿５東,明治通り×靖国通り,R4/11,四谷,C 渋谷,流入計,8,5,22,27
310,新宿５東,明治通り×靖国通り,R4/11,四谷,C 渋谷,流入計,9,5,23,28
310,新宿５東,明治通り×靖国通り,R4/11,四谷,C 渋谷,流入計,10,6,29,35
310,新宿５東,明治通り×靖国通り,R4/11,四谷,C 渋谷,流入計,11,6,34,40
310,新宿５東,明治通り×靖国通り,R4/11,四谷,C 渋谷,流入計,12,13,38,51
310,新宿５東,明治通り×靖国通り,R4/11,四谷,C 渋谷,流入計,13,10,53,63
310,新宿５東,明治通り×靖国通り,R4/11,四谷,C 渋谷,流入計,14,14,59,73
310,新宿５東,明治通り×靖国通り,R4/11,四谷,C 渋谷,流入計,15,6,47,53
310,新宿５東,明治通り×靖国通り,R4/11,四谷,C 渋谷,流入計,16,8,64,72
310,新宿５東,明治通り×靖国通り,R4/11,四谷,C 渋谷,流入計,17,27,42,69
310,新宿５東,明治通り×靖国通り,R4/11,四谷,C 渋谷,流入計,18,14,31,45
310,新宿５東,明治通り×靖国通り,R4/11,四谷,C 渋谷,流入計,12時間計,117,453,570
310,新宿５東,明治通り×靖国通り,R4/11,四谷,D 市ヶ谷,10渋谷,7,0,-,-
310,新宿５東,明治通り×靖国通り,R4/11,四谷,D 市ヶ谷,10渋谷,8,0,-,-
310,新宿５東,明治通り×靖国通り,R4/11,四谷,D 市ヶ谷,10渋谷,9,1,-,-
310,新宿５東,明治通り×靖国通り,R4/11,四谷,D 市ヶ谷,10渋谷,10,3,-,-
310,新宿５東,明治通り×靖国通り,R4/11,四谷,D 市ヶ谷,10渋谷,11,3,-,-
310,新宿５東,明治通り×靖国通り,R4/11,四谷,D 市ヶ谷,10渋谷,12,1,-,-
310,新宿５東,明治通り×靖国通り,R4/11,四谷,D 市ヶ谷,10渋谷,13,1,-,-
310,新宿５東,明治通り×靖国通り,R4/11,四谷,D 市ヶ谷,10渋谷,14,0,-,-
310,新宿５東,明治通り×靖国通り,R4/11,四谷,D 市ヶ谷,10渋谷,15,2,-,-
310,新宿５東,明治通り×靖国通り,R4/11,四谷,D 市ヶ谷,10渋谷,16,2,-,-
310,新宿５東,明治通り×靖国通り,R4/11,四谷,D 市ヶ谷,10渋谷,17,4,-,-
310,新宿５東,明治通り×靖国通り,R4/11,四谷,D 市ヶ谷,10渋谷,18,5,-,-
310,新宿５東,明治通り×靖国通り,R4/11,四谷,D 市ヶ谷,10渋谷,12時間計,22,-,-
310,新宿５東,明治通り×靖国通り,R4/11,四谷,D 市ヶ谷,11西新宿,7,12,-,-
310,新宿５東,明治通り×靖国通り,R4/11,四谷,D 市ヶ谷,11西新宿,8,30,-,-
310,新宿５東,明治通り×靖国通り,R4/11,四谷,D 市ヶ谷,11西新宿,9,40,-,-
310,新宿５東,明治通り×靖国通り,R4/11,四谷,D 市ヶ谷,11西新宿,10,28,-,-
310,新宿５東,明治通り×靖国通り,R4/11,四谷,D 市ヶ谷,11西新宿,11,43,-,-
310,新宿５東,明治通り×靖国通り,R4/11,四谷,D 市ヶ谷,11西新宿,12,46,-,-
310,新宿５東,明治通り×靖国通り,R4/11,四谷,D 市ヶ谷,11西新宿,13,45,-,-
310,新宿５東,明治通り×靖国通り,R4/11,四谷,D 市ヶ谷,11西新宿,14,41,-,-
310,新宿５東,明治通り×靖国通り,R4/11,四谷,D 市ヶ谷,11西新宿,15,45,-,-
310,新宿５東,明治通り×靖国通り,R4/11,四谷,D 市ヶ谷,11西新宿,16,57,-,-
310,新宿５東,明治通り×靖国通り,R4/11,四谷,D 市ヶ谷,11西新宿,17,57,-,-
310,新宿５東,明治通り×靖国通り,R4/11,四谷,D 市ヶ谷,11西新宿,18,65,-,-
310,新宿５東,明治通り×靖国通り,R4/11,四谷,D 市ヶ谷,11西新宿,12時間計,509,-,-
310,新宿５東,明治通り×靖国通り,R4/11,四谷,D 市ヶ谷,12池袋,7,0,-,-
310,新宿５東,明治通り×靖国通り,R4/11,四谷,D 市ヶ谷,12池袋,8,1,-,-
310,新宿５東,明治通り×靖国通り,R4/11,四谷,D 市ヶ谷,12池袋,9,0,-,-
310,新宿５東,明治通り×靖国通り,R4/11,四谷,D 市ヶ谷,12池袋,10,0,-,-
310,新宿５東,明治通り×靖国通り,R4/11,四谷,D 市ヶ谷,12池袋,11,0,-,-
310,新宿５東,明治通り×靖国通り,R4/11,四谷,D 市ヶ谷,12池袋,12,0,-,-
310,新宿５東,明治通り×靖国通り,R4/11,四谷,D 市ヶ谷,12池袋,13,0,-,-
310,新宿５東,明治通り×靖国通り,R4/11,四谷,D 市ヶ谷,12池袋,14,0,-,-
310,新宿５東,明治通り×靖国通り,R4/11,四谷,D 市ヶ谷,12池袋,15,0,-,-
310,新宿５東,明治通り×靖国通り,R4/11,四谷,D 市ヶ谷,12池袋,16,0,-,-
310,新宿５東,明治通り×靖国通り,R4/11,四谷,D 市ヶ谷,12池袋,17,0,-,-
310,新宿５東,明治通り×靖国通り,R4/11,四谷,D 市ヶ谷,12池袋,18,1,-,-
310,新宿５東,明治通り×靖国通り,R4/11,四谷,D 市ヶ谷,12池袋,12時間計,2,-,-
310,新宿５東,明治通り×靖国通り,R4/11,四谷,D 市ヶ谷,流入計,7,12,15,27
310,新宿５東,明治通り×靖国通り,R4/11,四谷,D 市ヶ谷,流入計,8,31,32,63
310,新宿５東,明治通り×靖国通り,R4/11,四谷,D 市ヶ谷,流入計,9,41,36,77
310,新宿５東,明治通り×靖国通り,R4/11,四谷,D 市ヶ谷,流入計,10,31,56,87
310,新宿５東,明治通り×靖国通り,R4/11,四谷,D 市ヶ谷,流入計,11,46,50,96
310,新宿５東,明治通り×靖国通り,R4/11,四谷,D 市ヶ谷,流入計,12,47,44,91
310,新宿５東,明治通り×靖国通り,R4/11,四谷,D 市ヶ谷,流入計,13,46,53,99
310,新宿５東,明治通り×靖国通り,R4/11,四谷,D 市ヶ谷,流入計,14,41,62,103
310,新宿５東,明治通り×靖国通り,R4/11,四谷,D 市ヶ谷,流入計,15,47,36,83
310,新宿５東,明治通り×靖国通り,R4/11,四谷,D 市ヶ谷,流入計,16,59,51,110
310,新宿５東,明治通り×靖国通り,R4/11,四谷,D 市ヶ谷,流入計,17,61,28,89
310,新宿５東,明治通り×靖国通り,R4/11,四谷,D 市ヶ谷,流入計,18,71,29,100
310,新宿５東,明治通り×靖国通り,R4/11,四谷,D 市ヶ谷,流入計,12時間計,533,492,1025
310,新宿５東,明治通り×靖国通り,R4/11,四谷,全方向計,全方向計,7,79,68,147
310,新宿５東,明治通り×靖国通り,R4/11,四谷,全方向計,全方向計,8,125,99,224
310,新宿５東,明治通り×靖国通り,R4/11,四谷,全方向計,全方向計,9,186,116,302
310,新宿５東,明治通り×靖国通り,R4/11,四谷,全方向計,全方向計,10,119,165,284
310,新宿５東,明治通り×靖国通り,R4/11,四谷,全方向計,全方向計,11,118,151,269
310,新宿５東,明治通り×靖国通り,R4/11,四谷,全方向計,全方向計,12,138,137,275
310,新宿５東,明治通り×靖国通り,R4/11,四谷,全方向計,全方向計,13,129,190,319
310,新宿５東,明治通り×靖国通り,R4/11,四谷,全方向計,全方向計,14,112,171,283
310,新宿５東,明治通り×靖国通り,R4/11,四谷,全方向計,全方向計,15,124,148,272
310,新宿５東,明治通り×靖国通り,R4/11,四谷,全方向計,全方向計,16,161,182,343
310,新宿５東,明治通り×靖国通り,R4/11,四谷,全方向計,全方向計,17,161,127,288
310,新宿５東,明治通り×靖国通り,R4/11,四谷,全方向計,全方向計,18,158,98,256
310,新宿５東,明治通り×靖国通り,R4/11,四谷,全方向計,全方向計,12時間計,1610,1652,3262
