﻿地点番号,地点名,交差道路名,調査年月,管轄警察署,流入方向,流出方向,時間帯等,車道通行自転車,歩道通行自転車,自転車計
328,東伏見,伏見通り×青梅街道,R4/10,田無,A 新座,1荻窪,7,0,-,-
328,東伏見,伏見通り×青梅街道,R4/10,田無,A 新座,1荻窪,8,0,-,-
328,東伏見,伏見通り×青梅街道,R4/10,田無,A 新座,1荻窪,9,0,-,-
328,東伏見,伏見通り×青梅街道,R4/10,田無,A 新座,1荻窪,10,0,-,-
328,東伏見,伏見通り×青梅街道,R4/10,田無,A 新座,1荻窪,11,0,-,-
328,東伏見,伏見通り×青梅街道,R4/10,田無,A 新座,1荻窪,12,0,-,-
328,東伏見,伏見通り×青梅街道,R4/10,田無,A 新座,1荻窪,13,0,-,-
328,東伏見,伏見通り×青梅街道,R4/10,田無,A 新座,1荻窪,14,0,-,-
328,東伏見,伏見通り×青梅街道,R4/10,田無,A 新座,1荻窪,15,0,-,-
328,東伏見,伏見通り×青梅街道,R4/10,田無,A 新座,1荻窪,16,0,-,-
328,東伏見,伏見通り×青梅街道,R4/10,田無,A 新座,1荻窪,17,0,-,-
328,東伏見,伏見通り×青梅街道,R4/10,田無,A 新座,1荻窪,18,0,-,-
328,東伏見,伏見通り×青梅街道,R4/10,田無,A 新座,1荻窪,12時間計,0,-,-
328,東伏見,伏見通り×青梅街道,R4/10,田無,A 新座,2調布,7,0,-,-
328,東伏見,伏見通り×青梅街道,R4/10,田無,A 新座,2調布,8,1,-,-
328,東伏見,伏見通り×青梅街道,R4/10,田無,A 新座,2調布,9,0,-,-
328,東伏見,伏見通り×青梅街道,R4/10,田無,A 新座,2調布,10,0,-,-
328,東伏見,伏見通り×青梅街道,R4/10,田無,A 新座,2調布,11,2,-,-
328,東伏見,伏見通り×青梅街道,R4/10,田無,A 新座,2調布,12,1,-,-
328,東伏見,伏見通り×青梅街道,R4/10,田無,A 新座,2調布,13,5,-,-
328,東伏見,伏見通り×青梅街道,R4/10,田無,A 新座,2調布,14,0,-,-
328,東伏見,伏見通り×青梅街道,R4/10,田無,A 新座,2調布,15,0,-,-
328,東伏見,伏見通り×青梅街道,R4/10,田無,A 新座,2調布,16,1,-,-
328,東伏見,伏見通り×青梅街道,R4/10,田無,A 新座,2調布,17,0,-,-
328,東伏見,伏見通り×青梅街道,R4/10,田無,A 新座,2調布,18,17,-,-
328,東伏見,伏見通り×青梅街道,R4/10,田無,A 新座,2調布,12時間計,27,-,-
328,東伏見,伏見通り×青梅街道,R4/10,田無,A 新座,3東久留米,7,0,-,-
328,東伏見,伏見通り×青梅街道,R4/10,田無,A 新座,3東久留米,8,0,-,-
328,東伏見,伏見通り×青梅街道,R4/10,田無,A 新座,3東久留米,9,0,-,-
328,東伏見,伏見通り×青梅街道,R4/10,田無,A 新座,3東久留米,10,0,-,-
328,東伏見,伏見通り×青梅街道,R4/10,田無,A 新座,3東久留米,11,0,-,-
328,東伏見,伏見通り×青梅街道,R4/10,田無,A 新座,3東久留米,12,0,-,-
328,東伏見,伏見通り×青梅街道,R4/10,田無,A 新座,3東久留米,13,0,-,-
328,東伏見,伏見通り×青梅街道,R4/10,田無,A 新座,3東久留米,14,0,-,-
328,東伏見,伏見通り×青梅街道,R4/10,田無,A 新座,3東久留米,15,0,-,-
328,東伏見,伏見通り×青梅街道,R4/10,田無,A 新座,3東久留米,16,0,-,-
328,東伏見,伏見通り×青梅街道,R4/10,田無,A 新座,3東久留米,17,0,-,-
328,東伏見,伏見通り×青梅街道,R4/10,田無,A 新座,3東久留米,18,0,-,-
328,東伏見,伏見通り×青梅街道,R4/10,田無,A 新座,3東久留米,12時間計,0,-,-
328,東伏見,伏見通り×青梅街道,R4/10,田無,A 新座,4保谷町,7,0,-,-
328,東伏見,伏見通り×青梅街道,R4/10,田無,A 新座,4保谷町,8,0,-,-
328,東伏見,伏見通り×青梅街道,R4/10,田無,A 新座,4保谷町,9,0,-,-
328,東伏見,伏見通り×青梅街道,R4/10,田無,A 新座,4保谷町,10,0,-,-
328,東伏見,伏見通り×青梅街道,R4/10,田無,A 新座,4保谷町,11,0,-,-
328,東伏見,伏見通り×青梅街道,R4/10,田無,A 新座,4保谷町,12,0,-,-
328,東伏見,伏見通り×青梅街道,R4/10,田無,A 新座,4保谷町,13,0,-,-
328,東伏見,伏見通り×青梅街道,R4/10,田無,A 新座,4保谷町,14,0,-,-
328,東伏見,伏見通り×青梅街道,R4/10,田無,A 新座,4保谷町,15,0,-,-
328,東伏見,伏見通り×青梅街道,R4/10,田無,A 新座,4保谷町,16,0,-,-
328,東伏見,伏見通り×青梅街道,R4/10,田無,A 新座,4保谷町,17,0,-,-
328,東伏見,伏見通り×青梅街道,R4/10,田無,A 新座,4保谷町,18,0,-,-
328,東伏見,伏見通り×青梅街道,R4/10,田無,A 新座,4保谷町,12時間計,0,-,-
328,東伏見,伏見通り×青梅街道,R4/10,田無,A 新座,流入計,7,0,179,179
328,東伏見,伏見通り×青梅街道,R4/10,田無,A 新座,流入計,8,1,271,272
328,東伏見,伏見通り×青梅街道,R4/10,田無,A 新座,流入計,9,0,102,102
328,東伏見,伏見通り×青梅街道,R4/10,田無,A 新座,流入計,10,0,68,68
328,東伏見,伏見通り×青梅街道,R4/10,田無,A 新座,流入計,11,2,69,71
328,東伏見,伏見通り×青梅街道,R4/10,田無,A 新座,流入計,12,1,60,61
328,東伏見,伏見通り×青梅街道,R4/10,田無,A 新座,流入計,13,5,70,75
328,東伏見,伏見通り×青梅街道,R4/10,田無,A 新座,流入計,14,0,50,50
328,東伏見,伏見通り×青梅街道,R4/10,田無,A 新座,流入計,15,0,28,28
328,東伏見,伏見通り×青梅街道,R4/10,田無,A 新座,流入計,16,1,65,66
328,東伏見,伏見通り×青梅街道,R4/10,田無,A 新座,流入計,17,0,69,69
328,東伏見,伏見通り×青梅街道,R4/10,田無,A 新座,流入計,18,17,90,107
328,東伏見,伏見通り×青梅街道,R4/10,田無,A 新座,流入計,12時間計,27,1121,1148
328,東伏見,伏見通り×青梅街道,R4/10,田無,B 保谷町,5新座,7,0,-,-
328,東伏見,伏見通り×青梅街道,R4/10,田無,B 保谷町,5新座,8,0,-,-
328,東伏見,伏見通り×青梅街道,R4/10,田無,B 保谷町,5新座,9,0,-,-
328,東伏見,伏見通り×青梅街道,R4/10,田無,B 保谷町,5新座,10,0,-,-
328,東伏見,伏見通り×青梅街道,R4/10,田無,B 保谷町,5新座,11,0,-,-
328,東伏見,伏見通り×青梅街道,R4/10,田無,B 保谷町,5新座,12,0,-,-
328,東伏見,伏見通り×青梅街道,R4/10,田無,B 保谷町,5新座,13,0,-,-
328,東伏見,伏見通り×青梅街道,R4/10,田無,B 保谷町,5新座,14,0,-,-
328,東伏見,伏見通り×青梅街道,R4/10,田無,B 保谷町,5新座,15,0,-,-
328,東伏見,伏見通り×青梅街道,R4/10,田無,B 保谷町,5新座,16,0,-,-
328,東伏見,伏見通り×青梅街道,R4/10,田無,B 保谷町,5新座,17,2,-,-
328,東伏見,伏見通り×青梅街道,R4/10,田無,B 保谷町,5新座,18,0,-,-
328,東伏見,伏見通り×青梅街道,R4/10,田無,B 保谷町,5新座,12時間計,2,-,-
328,東伏見,伏見通り×青梅街道,R4/10,田無,B 保谷町,6荻窪,7,0,-,-
328,東伏見,伏見通り×青梅街道,R4/10,田無,B 保谷町,6荻窪,8,1,-,-
328,東伏見,伏見通り×青梅街道,R4/10,田無,B 保谷町,6荻窪,9,0,-,-
328,東伏見,伏見通り×青梅街道,R4/10,田無,B 保谷町,6荻窪,10,0,-,-
328,東伏見,伏見通り×青梅街道,R4/10,田無,B 保谷町,6荻窪,11,0,-,-
328,東伏見,伏見通り×青梅街道,R4/10,田無,B 保谷町,6荻窪,12,0,-,-
328,東伏見,伏見通り×青梅街道,R4/10,田無,B 保谷町,6荻窪,13,0,-,-
328,東伏見,伏見通り×青梅街道,R4/10,田無,B 保谷町,6荻窪,14,0,-,-
328,東伏見,伏見通り×青梅街道,R4/10,田無,B 保谷町,6荻窪,15,0,-,-
328,東伏見,伏見通り×青梅街道,R4/10,田無,B 保谷町,6荻窪,16,0,-,-
328,東伏見,伏見通り×青梅街道,R4/10,田無,B 保谷町,6荻窪,17,0,-,-
328,東伏見,伏見通り×青梅街道,R4/10,田無,B 保谷町,6荻窪,18,0,-,-
328,東伏見,伏見通り×青梅街道,R4/10,田無,B 保谷町,6荻窪,12時間計,1,-,-
328,東伏見,伏見通り×青梅街道,R4/10,田無,B 保谷町,7調布,7,3,-,-
328,東伏見,伏見通り×青梅街道,R4/10,田無,B 保谷町,7調布,8,2,-,-
328,東伏見,伏見通り×青梅街道,R4/10,田無,B 保谷町,7調布,9,0,-,-
328,東伏見,伏見通り×青梅街道,R4/10,田無,B 保谷町,7調布,10,0,-,-
328,東伏見,伏見通り×青梅街道,R4/10,田無,B 保谷町,7調布,11,0,-,-
328,東伏見,伏見通り×青梅街道,R4/10,田無,B 保谷町,7調布,12,0,-,-
328,東伏見,伏見通り×青梅街道,R4/10,田無,B 保谷町,7調布,13,2,-,-
328,東伏見,伏見通り×青梅街道,R4/10,田無,B 保谷町,7調布,14,0,-,-
328,東伏見,伏見通り×青梅街道,R4/10,田無,B 保谷町,7調布,15,0,-,-
328,東伏見,伏見通り×青梅街道,R4/10,田無,B 保谷町,7調布,16,0,-,-
328,東伏見,伏見通り×青梅街道,R4/10,田無,B 保谷町,7調布,17,0,-,-
328,東伏見,伏見通り×青梅街道,R4/10,田無,B 保谷町,7調布,18,0,-,-
328,東伏見,伏見通り×青梅街道,R4/10,田無,B 保谷町,7調布,12時間計,7,-,-
328,東伏見,伏見通り×青梅街道,R4/10,田無,B 保谷町,8東久留米,7,0,-,-
328,東伏見,伏見通り×青梅街道,R4/10,田無,B 保谷町,8東久留米,8,12,-,-
328,東伏見,伏見通り×青梅街道,R4/10,田無,B 保谷町,8東久留米,9,1,-,-
328,東伏見,伏見通り×青梅街道,R4/10,田無,B 保谷町,8東久留米,10,3,-,-
328,東伏見,伏見通り×青梅街道,R4/10,田無,B 保谷町,8東久留米,11,0,-,-
328,東伏見,伏見通り×青梅街道,R4/10,田無,B 保谷町,8東久留米,12,1,-,-
328,東伏見,伏見通り×青梅街道,R4/10,田無,B 保谷町,8東久留米,13,6,-,-
328,東伏見,伏見通り×青梅街道,R4/10,田無,B 保谷町,8東久留米,14,2,-,-
328,東伏見,伏見通り×青梅街道,R4/10,田無,B 保谷町,8東久留米,15,0,-,-
328,東伏見,伏見通り×青梅街道,R4/10,田無,B 保谷町,8東久留米,16,0,-,-
328,東伏見,伏見通り×青梅街道,R4/10,田無,B 保谷町,8東久留米,17,3,-,-
328,東伏見,伏見通り×青梅街道,R4/10,田無,B 保谷町,8東久留米,18,5,-,-
328,東伏見,伏見通り×青梅街道,R4/10,田無,B 保谷町,8東久留米,12時間計,33,-,-
328,東伏見,伏見通り×青梅街道,R4/10,田無,B 保谷町,流入計,7,3,21,24
328,東伏見,伏見通り×青梅街道,R4/10,田無,B 保谷町,流入計,8,15,10,25
328,東伏見,伏見通り×青梅街道,R4/10,田無,B 保谷町,流入計,9,1,8,9
328,東伏見,伏見通り×青梅街道,R4/10,田無,B 保谷町,流入計,10,3,10,13
328,東伏見,伏見通り×青梅街道,R4/10,田無,B 保谷町,流入計,11,0,10,10
328,東伏見,伏見通り×青梅街道,R4/10,田無,B 保谷町,流入計,12,1,4,5
328,東伏見,伏見通り×青梅街道,R4/10,田無,B 保谷町,流入計,13,8,2,10
328,東伏見,伏見通り×青梅街道,R4/10,田無,B 保谷町,流入計,14,2,0,2
328,東伏見,伏見通り×青梅街道,R4/10,田無,B 保谷町,流入計,15,0,7,7
328,東伏見,伏見通り×青梅街道,R4/10,田無,B 保谷町,流入計,16,0,5,5
328,東伏見,伏見通り×青梅街道,R4/10,田無,B 保谷町,流入計,17,5,4,9
328,東伏見,伏見通り×青梅街道,R4/10,田無,B 保谷町,流入計,18,5,1,6
328,東伏見,伏見通り×青梅街道,R4/10,田無,B 保谷町,流入計,12時間計,43,82,125
328,東伏見,伏見通り×青梅街道,R4/10,田無,C 東久留米,9保谷町,7,0,-,-
328,東伏見,伏見通り×青梅街道,R4/10,田無,C 東久留米,9保谷町,8,2,-,-
328,東伏見,伏見通り×青梅街道,R4/10,田無,C 東久留米,9保谷町,9,0,-,-
328,東伏見,伏見通り×青梅街道,R4/10,田無,C 東久留米,9保谷町,10,0,-,-
328,東伏見,伏見通り×青梅街道,R4/10,田無,C 東久留米,9保谷町,11,5,-,-
328,東伏見,伏見通り×青梅街道,R4/10,田無,C 東久留米,9保谷町,12,1,-,-
328,東伏見,伏見通り×青梅街道,R4/10,田無,C 東久留米,9保谷町,13,0,-,-
328,東伏見,伏見通り×青梅街道,R4/10,田無,C 東久留米,9保谷町,14,2,-,-
328,東伏見,伏見通り×青梅街道,R4/10,田無,C 東久留米,9保谷町,15,2,-,-
328,東伏見,伏見通り×青梅街道,R4/10,田無,C 東久留米,9保谷町,16,0,-,-
328,東伏見,伏見通り×青梅街道,R4/10,田無,C 東久留米,9保谷町,17,1,-,-
328,東伏見,伏見通り×青梅街道,R4/10,田無,C 東久留米,9保谷町,18,1,-,-
328,東伏見,伏見通り×青梅街道,R4/10,田無,C 東久留米,9保谷町,12時間計,14,-,-
328,東伏見,伏見通り×青梅街道,R4/10,田無,C 東久留米,10新座,7,14,-,-
328,東伏見,伏見通り×青梅街道,R4/10,田無,C 東久留米,10新座,8,4,-,-
328,東伏見,伏見通り×青梅街道,R4/10,田無,C 東久留米,10新座,9,4,-,-
328,東伏見,伏見通り×青梅街道,R4/10,田無,C 東久留米,10新座,10,1,-,-
328,東伏見,伏見通り×青梅街道,R4/10,田無,C 東久留米,10新座,11,1,-,-
328,東伏見,伏見通り×青梅街道,R4/10,田無,C 東久留米,10新座,12,2,-,-
328,東伏見,伏見通り×青梅街道,R4/10,田無,C 東久留米,10新座,13,0,-,-
328,東伏見,伏見通り×青梅街道,R4/10,田無,C 東久留米,10新座,14,1,-,-
328,東伏見,伏見通り×青梅街道,R4/10,田無,C 東久留米,10新座,15,0,-,-
328,東伏見,伏見通り×青梅街道,R4/10,田無,C 東久留米,10新座,16,0,-,-
328,東伏見,伏見通り×青梅街道,R4/10,田無,C 東久留米,10新座,17,0,-,-
328,東伏見,伏見通り×青梅街道,R4/10,田無,C 東久留米,10新座,18,0,-,-
328,東伏見,伏見通り×青梅街道,R4/10,田無,C 東久留米,10新座,12時間計,27,-,-
328,東伏見,伏見通り×青梅街道,R4/10,田無,C 東久留米,11荻窪,7,16,-,-
328,東伏見,伏見通り×青梅街道,R4/10,田無,C 東久留米,11荻窪,8,19,-,-
328,東伏見,伏見通り×青梅街道,R4/10,田無,C 東久留米,11荻窪,9,8,-,-
328,東伏見,伏見通り×青梅街道,R4/10,田無,C 東久留米,11荻窪,10,12,-,-
328,東伏見,伏見通り×青梅街道,R4/10,田無,C 東久留米,11荻窪,11,10,-,-
328,東伏見,伏見通り×青梅街道,R4/10,田無,C 東久留米,11荻窪,12,2,-,-
328,東伏見,伏見通り×青梅街道,R4/10,田無,C 東久留米,11荻窪,13,4,-,-
328,東伏見,伏見通り×青梅街道,R4/10,田無,C 東久留米,11荻窪,14,5,-,-
328,東伏見,伏見通り×青梅街道,R4/10,田無,C 東久留米,11荻窪,15,3,-,-
328,東伏見,伏見通り×青梅街道,R4/10,田無,C 東久留米,11荻窪,16,4,-,-
328,東伏見,伏見通り×青梅街道,R4/10,田無,C 東久留米,11荻窪,17,5,-,-
328,東伏見,伏見通り×青梅街道,R4/10,田無,C 東久留米,11荻窪,18,7,-,-
328,東伏見,伏見通り×青梅街道,R4/10,田無,C 東久留米,11荻窪,12時間計,95,-,-
328,東伏見,伏見通り×青梅街道,R4/10,田無,C 東久留米,12調布,7,0,-,-
328,東伏見,伏見通り×青梅街道,R4/10,田無,C 東久留米,12調布,8,1,-,-
328,東伏見,伏見通り×青梅街道,R4/10,田無,C 東久留米,12調布,9,0,-,-
328,東伏見,伏見通り×青梅街道,R4/10,田無,C 東久留米,12調布,10,0,-,-
328,東伏見,伏見通り×青梅街道,R4/10,田無,C 東久留米,12調布,11,0,-,-
328,東伏見,伏見通り×青梅街道,R4/10,田無,C 東久留米,12調布,12,0,-,-
328,東伏見,伏見通り×青梅街道,R4/10,田無,C 東久留米,12調布,13,5,-,-
328,東伏見,伏見通り×青梅街道,R4/10,田無,C 東久留米,12調布,14,0,-,-
328,東伏見,伏見通り×青梅街道,R4/10,田無,C 東久留米,12調布,15,2,-,-
328,東伏見,伏見通り×青梅街道,R4/10,田無,C 東久留米,12調布,16,0,-,-
328,東伏見,伏見通り×青梅街道,R4/10,田無,C 東久留米,12調布,17,0,-,-
328,東伏見,伏見通り×青梅街道,R4/10,田無,C 東久留米,12調布,18,0,-,-
328,東伏見,伏見通り×青梅街道,R4/10,田無,C 東久留米,12調布,12時間計,8,-,-
328,東伏見,伏見通り×青梅街道,R4/10,田無,C 東久留米,流入計,7,30,30,60
328,東伏見,伏見通り×青梅街道,R4/10,田無,C 東久留米,流入計,8,26,32,58
328,東伏見,伏見通り×青梅街道,R4/10,田無,C 東久留米,流入計,9,12,35,47
328,東伏見,伏見通り×青梅街道,R4/10,田無,C 東久留米,流入計,10,13,41,54
328,東伏見,伏見通り×青梅街道,R4/10,田無,C 東久留米,流入計,11,16,42,58
328,東伏見,伏見通り×青梅街道,R4/10,田無,C 東久留米,流入計,12,5,25,30
328,東伏見,伏見通り×青梅街道,R4/10,田無,C 東久留米,流入計,13,9,32,41
328,東伏見,伏見通り×青梅街道,R4/10,田無,C 東久留米,流入計,14,8,32,40
328,東伏見,伏見通り×青梅街道,R4/10,田無,C 東久留米,流入計,15,7,39,46
328,東伏見,伏見通り×青梅街道,R4/10,田無,C 東久留米,流入計,16,4,50,54
328,東伏見,伏見通り×青梅街道,R4/10,田無,C 東久留米,流入計,17,6,34,40
328,東伏見,伏見通り×青梅街道,R4/10,田無,C 東久留米,流入計,18,8,31,39
328,東伏見,伏見通り×青梅街道,R4/10,田無,C 東久留米,流入計,12時間計,144,423,567
328,東伏見,伏見通り×青梅街道,R4/10,田無,D 調布,13東久留米,7,3,-,-
328,東伏見,伏見通り×青梅街道,R4/10,田無,D 調布,13東久留米,8,0,-,-
328,東伏見,伏見通り×青梅街道,R4/10,田無,D 調布,13東久留米,9,0,-,-
328,東伏見,伏見通り×青梅街道,R4/10,田無,D 調布,13東久留米,10,1,-,-
328,東伏見,伏見通り×青梅街道,R4/10,田無,D 調布,13東久留米,11,2,-,-
328,東伏見,伏見通り×青梅街道,R4/10,田無,D 調布,13東久留米,12,3,-,-
328,東伏見,伏見通り×青梅街道,R4/10,田無,D 調布,13東久留米,13,1,-,-
328,東伏見,伏見通り×青梅街道,R4/10,田無,D 調布,13東久留米,14,0,-,-
328,東伏見,伏見通り×青梅街道,R4/10,田無,D 調布,13東久留米,15,5,-,-
328,東伏見,伏見通り×青梅街道,R4/10,田無,D 調布,13東久留米,16,2,-,-
328,東伏見,伏見通り×青梅街道,R4/10,田無,D 調布,13東久留米,17,1,-,-
328,東伏見,伏見通り×青梅街道,R4/10,田無,D 調布,13東久留米,18,0,-,-
328,東伏見,伏見通り×青梅街道,R4/10,田無,D 調布,13東久留米,12時間計,18,-,-
328,東伏見,伏見通り×青梅街道,R4/10,田無,D 調布,14保谷町,7,0,-,-
328,東伏見,伏見通り×青梅街道,R4/10,田無,D 調布,14保谷町,8,0,-,-
328,東伏見,伏見通り×青梅街道,R4/10,田無,D 調布,14保谷町,9,1,-,-
328,東伏見,伏見通り×青梅街道,R4/10,田無,D 調布,14保谷町,10,0,-,-
328,東伏見,伏見通り×青梅街道,R4/10,田無,D 調布,14保谷町,11,1,-,-
328,東伏見,伏見通り×青梅街道,R4/10,田無,D 調布,14保谷町,12,0,-,-
328,東伏見,伏見通り×青梅街道,R4/10,田無,D 調布,14保谷町,13,3,-,-
328,東伏見,伏見通り×青梅街道,R4/10,田無,D 調布,14保谷町,14,2,-,-
328,東伏見,伏見通り×青梅街道,R4/10,田無,D 調布,14保谷町,15,0,-,-
328,東伏見,伏見通り×青梅街道,R4/10,田無,D 調布,14保谷町,16,0,-,-
328,東伏見,伏見通り×青梅街道,R4/10,田無,D 調布,14保谷町,17,7,-,-
328,東伏見,伏見通り×青梅街道,R4/10,田無,D 調布,14保谷町,18,3,-,-
328,東伏見,伏見通り×青梅街道,R4/10,田無,D 調布,14保谷町,12時間計,17,-,-
328,東伏見,伏見通り×青梅街道,R4/10,田無,D 調布,15新座,7,0,-,-
328,東伏見,伏見通り×青梅街道,R4/10,田無,D 調布,15新座,8,0,-,-
328,東伏見,伏見通り×青梅街道,R4/10,田無,D 調布,15新座,9,0,-,-
328,東伏見,伏見通り×青梅街道,R4/10,田無,D 調布,15新座,10,1,-,-
328,東伏見,伏見通り×青梅街道,R4/10,田無,D 調布,15新座,11,0,-,-
328,東伏見,伏見通り×青梅街道,R4/10,田無,D 調布,15新座,12,0,-,-
328,東伏見,伏見通り×青梅街道,R4/10,田無,D 調布,15新座,13,1,-,-
328,東伏見,伏見通り×青梅街道,R4/10,田無,D 調布,15新座,14,0,-,-
328,東伏見,伏見通り×青梅街道,R4/10,田無,D 調布,15新座,15,1,-,-
328,東伏見,伏見通り×青梅街道,R4/10,田無,D 調布,15新座,16,0,-,-
328,東伏見,伏見通り×青梅街道,R4/10,田無,D 調布,15新座,17,3,-,-
328,東伏見,伏見通り×青梅街道,R4/10,田無,D 調布,15新座,18,0,-,-
328,東伏見,伏見通り×青梅街道,R4/10,田無,D 調布,15新座,12時間計,6,-,-
328,東伏見,伏見通り×青梅街道,R4/10,田無,D 調布,16荻窪,7,0,-,-
328,東伏見,伏見通り×青梅街道,R4/10,田無,D 調布,16荻窪,8,1,-,-
328,東伏見,伏見通り×青梅街道,R4/10,田無,D 調布,16荻窪,9,0,-,-
328,東伏見,伏見通り×青梅街道,R4/10,田無,D 調布,16荻窪,10,0,-,-
328,東伏見,伏見通り×青梅街道,R4/10,田無,D 調布,16荻窪,11,0,-,-
328,東伏見,伏見通り×青梅街道,R4/10,田無,D 調布,16荻窪,12,0,-,-
328,東伏見,伏見通り×青梅街道,R4/10,田無,D 調布,16荻窪,13,0,-,-
328,東伏見,伏見通り×青梅街道,R4/10,田無,D 調布,16荻窪,14,0,-,-
328,東伏見,伏見通り×青梅街道,R4/10,田無,D 調布,16荻窪,15,0,-,-
328,東伏見,伏見通り×青梅街道,R4/10,田無,D 調布,16荻窪,16,0,-,-
328,東伏見,伏見通り×青梅街道,R4/10,田無,D 調布,16荻窪,17,1,-,-
328,東伏見,伏見通り×青梅街道,R4/10,田無,D 調布,16荻窪,18,0,-,-
328,東伏見,伏見通り×青梅街道,R4/10,田無,D 調布,16荻窪,12時間計,2,-,-
328,東伏見,伏見通り×青梅街道,R4/10,田無,D 調布,流入計,7,3,38,41
328,東伏見,伏見通り×青梅街道,R4/10,田無,D 調布,流入計,8,1,37,38
328,東伏見,伏見通り×青梅街道,R4/10,田無,D 調布,流入計,9,1,42,43
328,東伏見,伏見通り×青梅街道,R4/10,田無,D 調布,流入計,10,2,51,53
328,東伏見,伏見通り×青梅街道,R4/10,田無,D 調布,流入計,11,3,36,39
328,東伏見,伏見通り×青梅街道,R4/10,田無,D 調布,流入計,12,3,45,48
328,東伏見,伏見通り×青梅街道,R4/10,田無,D 調布,流入計,13,5,37,42
328,東伏見,伏見通り×青梅街道,R4/10,田無,D 調布,流入計,14,2,56,58
328,東伏見,伏見通り×青梅街道,R4/10,田無,D 調布,流入計,15,6,120,126
328,東伏見,伏見通り×青梅街道,R4/10,田無,D 調布,流入計,16,2,58,60
328,東伏見,伏見通り×青梅街道,R4/10,田無,D 調布,流入計,17,12,144,156
328,東伏見,伏見通り×青梅街道,R4/10,田無,D 調布,流入計,18,3,129,132
328,東伏見,伏見通り×青梅街道,R4/10,田無,D 調布,流入計,12時間計,43,793,836
328,東伏見,伏見通り×青梅街道,R4/10,田無,E 荻窪,17調布,7,0,-,-
328,東伏見,伏見通り×青梅街道,R4/10,田無,E 荻窪,17調布,8,0,-,-
328,東伏見,伏見通り×青梅街道,R4/10,田無,E 荻窪,17調布,9,0,-,-
328,東伏見,伏見通り×青梅街道,R4/10,田無,E 荻窪,17調布,10,0,-,-
328,東伏見,伏見通り×青梅街道,R4/10,田無,E 荻窪,17調布,11,0,-,-
328,東伏見,伏見通り×青梅街道,R4/10,田無,E 荻窪,17調布,12,1,-,-
328,東伏見,伏見通り×青梅街道,R4/10,田無,E 荻窪,17調布,13,4,-,-
328,東伏見,伏見通り×青梅街道,R4/10,田無,E 荻窪,17調布,14,0,-,-
328,東伏見,伏見通り×青梅街道,R4/10,田無,E 荻窪,17調布,15,0,-,-
328,東伏見,伏見通り×青梅街道,R4/10,田無,E 荻窪,17調布,16,0,-,-
328,東伏見,伏見通り×青梅街道,R4/10,田無,E 荻窪,17調布,17,0,-,-
328,東伏見,伏見通り×青梅街道,R4/10,田無,E 荻窪,17調布,18,6,-,-
328,東伏見,伏見通り×青梅街道,R4/10,田無,E 荻窪,17調布,12時間計,11,-,-
328,東伏見,伏見通り×青梅街道,R4/10,田無,E 荻窪,18東久留米,7,10,-,-
328,東伏見,伏見通り×青梅街道,R4/10,田無,E 荻窪,18東久留米,8,11,-,-
328,東伏見,伏見通り×青梅街道,R4/10,田無,E 荻窪,18東久留米,9,2,-,-
328,東伏見,伏見通り×青梅街道,R4/10,田無,E 荻窪,18東久留米,10,9,-,-
328,東伏見,伏見通り×青梅街道,R4/10,田無,E 荻窪,18東久留米,11,14,-,-
328,東伏見,伏見通り×青梅街道,R4/10,田無,E 荻窪,18東久留米,12,10,-,-
328,東伏見,伏見通り×青梅街道,R4/10,田無,E 荻窪,18東久留米,13,17,-,-
328,東伏見,伏見通り×青梅街道,R4/10,田無,E 荻窪,18東久留米,14,6,-,-
328,東伏見,伏見通り×青梅街道,R4/10,田無,E 荻窪,18東久留米,15,7,-,-
328,東伏見,伏見通り×青梅街道,R4/10,田無,E 荻窪,18東久留米,16,15,-,-
328,東伏見,伏見通り×青梅街道,R4/10,田無,E 荻窪,18東久留米,17,5,-,-
328,東伏見,伏見通り×青梅街道,R4/10,田無,E 荻窪,18東久留米,18,19,-,-
328,東伏見,伏見通り×青梅街道,R4/10,田無,E 荻窪,18東久留米,12時間計,125,-,-
328,東伏見,伏見通り×青梅街道,R4/10,田無,E 荻窪,19保谷町,7,0,-,-
328,東伏見,伏見通り×青梅街道,R4/10,田無,E 荻窪,19保谷町,8,1,-,-
328,東伏見,伏見通り×青梅街道,R4/10,田無,E 荻窪,19保谷町,9,1,-,-
328,東伏見,伏見通り×青梅街道,R4/10,田無,E 荻窪,19保谷町,10,0,-,-
328,東伏見,伏見通り×青梅街道,R4/10,田無,E 荻窪,19保谷町,11,1,-,-
328,東伏見,伏見通り×青梅街道,R4/10,田無,E 荻窪,19保谷町,12,0,-,-
328,東伏見,伏見通り×青梅街道,R4/10,田無,E 荻窪,19保谷町,13,0,-,-
328,東伏見,伏見通り×青梅街道,R4/10,田無,E 荻窪,19保谷町,14,0,-,-
328,東伏見,伏見通り×青梅街道,R4/10,田無,E 荻窪,19保谷町,15,1,-,-
328,東伏見,伏見通り×青梅街道,R4/10,田無,E 荻窪,19保谷町,16,0,-,-
328,東伏見,伏見通り×青梅街道,R4/10,田無,E 荻窪,19保谷町,17,0,-,-
328,東伏見,伏見通り×青梅街道,R4/10,田無,E 荻窪,19保谷町,18,0,-,-
328,東伏見,伏見通り×青梅街道,R4/10,田無,E 荻窪,19保谷町,12時間計,4,-,-
328,東伏見,伏見通り×青梅街道,R4/10,田無,E 荻窪,20新座,7,0,-,-
328,東伏見,伏見通り×青梅街道,R4/10,田無,E 荻窪,20新座,8,1,-,-
328,東伏見,伏見通り×青梅街道,R4/10,田無,E 荻窪,20新座,9,0,-,-
328,東伏見,伏見通り×青梅街道,R4/10,田無,E 荻窪,20新座,10,0,-,-
328,東伏見,伏見通り×青梅街道,R4/10,田無,E 荻窪,20新座,11,0,-,-
328,東伏見,伏見通り×青梅街道,R4/10,田無,E 荻窪,20新座,12,0,-,-
328,東伏見,伏見通り×青梅街道,R4/10,田無,E 荻窪,20新座,13,0,-,-
328,東伏見,伏見通り×青梅街道,R4/10,田無,E 荻窪,20新座,14,0,-,-
328,東伏見,伏見通り×青梅街道,R4/10,田無,E 荻窪,20新座,15,0,-,-
328,東伏見,伏見通り×青梅街道,R4/10,田無,E 荻窪,20新座,16,0,-,-
328,東伏見,伏見通り×青梅街道,R4/10,田無,E 荻窪,20新座,17,0,-,-
328,東伏見,伏見通り×青梅街道,R4/10,田無,E 荻窪,20新座,18,0,-,-
328,東伏見,伏見通り×青梅街道,R4/10,田無,E 荻窪,20新座,12時間計,1,-,-
328,東伏見,伏見通り×青梅街道,R4/10,田無,E 荻窪,流入計,7,10,15,25
328,東伏見,伏見通り×青梅街道,R4/10,田無,E 荻窪,流入計,8,13,28,41
328,東伏見,伏見通り×青梅街道,R4/10,田無,E 荻窪,流入計,9,3,28,31
328,東伏見,伏見通り×青梅街道,R4/10,田無,E 荻窪,流入計,10,9,17,26
328,東伏見,伏見通り×青梅街道,R4/10,田無,E 荻窪,流入計,11,15,11,26
328,東伏見,伏見通り×青梅街道,R4/10,田無,E 荻窪,流入計,12,11,29,40
328,東伏見,伏見通り×青梅街道,R4/10,田無,E 荻窪,流入計,13,21,42,63
328,東伏見,伏見通り×青梅街道,R4/10,田無,E 荻窪,流入計,14,6,25,31
328,東伏見,伏見通り×青梅街道,R4/10,田無,E 荻窪,流入計,15,8,15,23
328,東伏見,伏見通り×青梅街道,R4/10,田無,E 荻窪,流入計,16,15,26,41
328,東伏見,伏見通り×青梅街道,R4/10,田無,E 荻窪,流入計,17,5,27,32
328,東伏見,伏見通り×青梅街道,R4/10,田無,E 荻窪,流入計,18,25,46,71
328,東伏見,伏見通り×青梅街道,R4/10,田無,E 荻窪,流入計,12時間計,141,309,450
328,東伏見,伏見通り×青梅街道,R4/10,田無,全方向計,全方向計,7,46,283,329
328,東伏見,伏見通り×青梅街道,R4/10,田無,全方向計,全方向計,8,56,378,434
328,東伏見,伏見通り×青梅街道,R4/10,田無,全方向計,全方向計,9,17,215,232
328,東伏見,伏見通り×青梅街道,R4/10,田無,全方向計,全方向計,10,27,187,214
328,東伏見,伏見通り×青梅街道,R4/10,田無,全方向計,全方向計,11,36,168,204
328,東伏見,伏見通り×青梅街道,R4/10,田無,全方向計,全方向計,12,21,163,184
328,東伏見,伏見通り×青梅街道,R4/10,田無,全方向計,全方向計,13,48,183,231
328,東伏見,伏見通り×青梅街道,R4/10,田無,全方向計,全方向計,14,18,163,181
328,東伏見,伏見通り×青梅街道,R4/10,田無,全方向計,全方向計,15,21,209,230
328,東伏見,伏見通り×青梅街道,R4/10,田無,全方向計,全方向計,16,22,204,226
328,東伏見,伏見通り×青梅街道,R4/10,田無,全方向計,全方向計,17,28,278,306
328,東伏見,伏見通り×青梅街道,R4/10,田無,全方向計,全方向計,18,58,297,355
328,東伏見,伏見通り×青梅街道,R4/10,田無,全方向計,全方向計,12時間計,398,2728,3126
