﻿地点番号,地点名,交差道路名,調査年月,管轄警察署,流入方向,流出方向,時間帯等,大型乗用,大型貨物,普通乗用,普通貨物,四輪計,二輪車
328,東伏見,伏見通り×青梅街道,R4/10,田無,A 新座,1.荻窪,7,0,3,42,36,81,9
328,東伏見,伏見通り×青梅街道,R4/10,田無,A 新座,1.荻窪,8,1,5,52,43,101,13
328,東伏見,伏見通り×青梅街道,R4/10,田無,A 新座,1.荻窪,9,3,3,54,34,94,5
328,東伏見,伏見通り×青梅街道,R4/10,田無,A 新座,1.荻窪,10,0,6,66,32,104,9
328,東伏見,伏見通り×青梅街道,R4/10,田無,A 新座,1.荻窪,11,0,1,57,31,89,5
328,東伏見,伏見通り×青梅街道,R4/10,田無,A 新座,1.荻窪,12,1,4,54,40,99,7
328,東伏見,伏見通り×青梅街道,R4/10,田無,A 新座,1.荻窪,13,0,4,40,26,70,6
328,東伏見,伏見通り×青梅街道,R4/10,田無,A 新座,1.荻窪,14,0,0,49,29,78,1
328,東伏見,伏見通り×青梅街道,R4/10,田無,A 新座,1.荻窪,15,0,0,53,21,74,2
328,東伏見,伏見通り×青梅街道,R4/10,田無,A 新座,1.荻窪,16,0,1,63,22,86,6
328,東伏見,伏見通り×青梅街道,R4/10,田無,A 新座,1.荻窪,17,0,4,74,27,105,8
328,東伏見,伏見通り×青梅街道,R4/10,田無,A 新座,1.荻窪,18,0,1,70,22,93,6
328,東伏見,伏見通り×青梅街道,R4/10,田無,A 新座,1.荻窪,12時間計,5,32,674,363,1074,77
328,東伏見,伏見通り×青梅街道,R4/10,田無,A 新座,2.調布,7,9,8,315,223,555,49
328,東伏見,伏見通り×青梅街道,R4/10,田無,A 新座,2.調布,8,13,15,344,200,572,48
328,東伏見,伏見通り×青梅街道,R4/10,田無,A 新座,2.調布,9,8,13,300,152,473,27
328,東伏見,伏見通り×青梅街道,R4/10,田無,A 新座,2.調布,10,4,19,242,156,421,23
328,東伏見,伏見通り×青梅街道,R4/10,田無,A 新座,2.調布,11,2,16,209,135,362,23
328,東伏見,伏見通り×青梅街道,R4/10,田無,A 新座,2.調布,12,3,14,203,154,374,27
328,東伏見,伏見通り×青梅街道,R4/10,田無,A 新座,2.調布,13,11,10,192,108,321,32
328,東伏見,伏見通り×青梅街道,R4/10,田無,A 新座,2.調布,14,5,12,258,113,388,22
328,東伏見,伏見通り×青梅街道,R4/10,田無,A 新座,2.調布,15,11,7,208,117,343,26
328,東伏見,伏見通り×青梅街道,R4/10,田無,A 新座,2.調布,16,3,5,265,143,416,31
328,東伏見,伏見通り×青梅街道,R4/10,田無,A 新座,2.調布,17,7,8,338,141,494,32
328,東伏見,伏見通り×青梅街道,R4/10,田無,A 新座,2.調布,18,8,9,228,122,367,28
328,東伏見,伏見通り×青梅街道,R4/10,田無,A 新座,2.調布,12時間計,84,136,3102,1764,5086,368
328,東伏見,伏見通り×青梅街道,R4/10,田無,A 新座,3.東久留米,7,0,3,14,4,21,0
328,東伏見,伏見通り×青梅街道,R4/10,田無,A 新座,3.東久留米,8,1,2,26,6,35,2
328,東伏見,伏見通り×青梅街道,R4/10,田無,A 新座,3.東久留米,9,0,0,23,15,38,3
328,東伏見,伏見通り×青梅街道,R4/10,田無,A 新座,3.東久留米,10,0,1,26,17,44,2
328,東伏見,伏見通り×青梅街道,R4/10,田無,A 新座,3.東久留米,11,0,2,25,11,38,1
328,東伏見,伏見通り×青梅街道,R4/10,田無,A 新座,3.東久留米,12,0,1,24,6,31,3
328,東伏見,伏見通り×青梅街道,R4/10,田無,A 新座,3.東久留米,13,0,2,31,5,38,1
328,東伏見,伏見通り×青梅街道,R4/10,田無,A 新座,3.東久留米,14,1,0,26,14,41,1
328,東伏見,伏見通り×青梅街道,R4/10,田無,A 新座,3.東久留米,15,4,2,31,11,48,1
328,東伏見,伏見通り×青梅街道,R4/10,田無,A 新座,3.東久留米,16,0,0,24,15,39,1
328,東伏見,伏見通り×青梅街道,R4/10,田無,A 新座,3.東久留米,17,1,2,31,7,41,4
328,東伏見,伏見通り×青梅街道,R4/10,田無,A 新座,3.東久留米,18,0,0,25,1,26,0
328,東伏見,伏見通り×青梅街道,R4/10,田無,A 新座,3.東久留米,12時間計,7,15,306,112,440,19
328,東伏見,伏見通り×青梅街道,R4/10,田無,A 新座,4.保谷町,7,1,0,3,2,6,0
328,東伏見,伏見通り×青梅街道,R4/10,田無,A 新座,4.保谷町,8,0,0,0,0,0,0
328,東伏見,伏見通り×青梅街道,R4/10,田無,A 新座,4.保谷町,9,0,0,0,0,0,0
328,東伏見,伏見通り×青梅街道,R4/10,田無,A 新座,4.保谷町,10,0,0,0,0,0,0
328,東伏見,伏見通り×青梅街道,R4/10,田無,A 新座,4.保谷町,11,0,0,0,0,0,0
328,東伏見,伏見通り×青梅街道,R4/10,田無,A 新座,4.保谷町,12,0,0,0,0,0,0
328,東伏見,伏見通り×青梅街道,R4/10,田無,A 新座,4.保谷町,13,0,0,0,0,0,0
328,東伏見,伏見通り×青梅街道,R4/10,田無,A 新座,4.保谷町,14,0,0,0,0,0,0
328,東伏見,伏見通り×青梅街道,R4/10,田無,A 新座,4.保谷町,15,0,0,0,0,0,0
328,東伏見,伏見通り×青梅街道,R4/10,田無,A 新座,4.保谷町,16,0,0,0,0,0,0
328,東伏見,伏見通り×青梅街道,R4/10,田無,A 新座,4.保谷町,17,0,0,0,0,0,0
328,東伏見,伏見通り×青梅街道,R4/10,田無,A 新座,4.保谷町,18,0,0,0,0,0,0
328,東伏見,伏見通り×青梅街道,R4/10,田無,A 新座,4.保谷町,12時間計,1,0,3,2,6,0
328,東伏見,伏見通り×青梅街道,R4/10,田無,A 新座,流入計,7,10,14,374,265,663,58
328,東伏見,伏見通り×青梅街道,R4/10,田無,A 新座,流入計,8,15,22,422,249,708,63
328,東伏見,伏見通り×青梅街道,R4/10,田無,A 新座,流入計,9,11,16,377,201,605,35
328,東伏見,伏見通り×青梅街道,R4/10,田無,A 新座,流入計,10,4,26,334,205,569,34
328,東伏見,伏見通り×青梅街道,R4/10,田無,A 新座,流入計,11,2,19,291,177,489,29
328,東伏見,伏見通り×青梅街道,R4/10,田無,A 新座,流入計,12,4,19,281,200,504,37
328,東伏見,伏見通り×青梅街道,R4/10,田無,A 新座,流入計,13,11,16,263,139,429,39
328,東伏見,伏見通り×青梅街道,R4/10,田無,A 新座,流入計,14,6,12,333,156,507,24
328,東伏見,伏見通り×青梅街道,R4/10,田無,A 新座,流入計,15,15,9,292,149,465,29
328,東伏見,伏見通り×青梅街道,R4/10,田無,A 新座,流入計,16,3,6,352,180,541,38
328,東伏見,伏見通り×青梅街道,R4/10,田無,A 新座,流入計,17,8,14,443,175,640,44
328,東伏見,伏見通り×青梅街道,R4/10,田無,A 新座,流入計,18,8,10,323,145,486,34
328,東伏見,伏見通り×青梅街道,R4/10,田無,A 新座,流入計,12時間計,97,183,4085,2241,6606,464
328,東伏見,伏見通り×青梅街道,R4/10,田無,B 保谷町,5.新座,7,0,0,0,0,0,0
328,東伏見,伏見通り×青梅街道,R4/10,田無,B 保谷町,5.新座,8,0,0,0,0,0,0
328,東伏見,伏見通り×青梅街道,R4/10,田無,B 保谷町,5.新座,9,0,0,0,0,0,0
328,東伏見,伏見通り×青梅街道,R4/10,田無,B 保谷町,5.新座,10,0,0,0,0,0,0
328,東伏見,伏見通り×青梅街道,R4/10,田無,B 保谷町,5.新座,11,0,0,0,0,0,0
328,東伏見,伏見通り×青梅街道,R4/10,田無,B 保谷町,5.新座,12,0,0,0,0,0,0
328,東伏見,伏見通り×青梅街道,R4/10,田無,B 保谷町,5.新座,13,0,0,1,0,1,0
328,東伏見,伏見通り×青梅街道,R4/10,田無,B 保谷町,5.新座,14,0,0,1,0,1,0
328,東伏見,伏見通り×青梅街道,R4/10,田無,B 保谷町,5.新座,15,0,0,0,0,0,0
328,東伏見,伏見通り×青梅街道,R4/10,田無,B 保谷町,5.新座,16,0,0,1,0,1,0
328,東伏見,伏見通り×青梅街道,R4/10,田無,B 保谷町,5.新座,17,0,0,0,0,0,1
328,東伏見,伏見通り×青梅街道,R4/10,田無,B 保谷町,5.新座,18,0,1,0,0,1,0
328,東伏見,伏見通り×青梅街道,R4/10,田無,B 保谷町,5.新座,12時間計,0,1,3,0,4,1
328,東伏見,伏見通り×青梅街道,R4/10,田無,B 保谷町,6.荻窪,7,4,0,19,14,37,2
328,東伏見,伏見通り×青梅街道,R4/10,田無,B 保谷町,6.荻窪,8,4,0,13,17,34,1
328,東伏見,伏見通り×青梅街道,R4/10,田無,B 保谷町,6.荻窪,9,2,0,12,4,18,2
328,東伏見,伏見通り×青梅街道,R4/10,田無,B 保谷町,6.荻窪,10,3,0,23,9,35,1
328,東伏見,伏見通り×青梅街道,R4/10,田無,B 保谷町,6.荻窪,11,4,0,12,3,19,5
328,東伏見,伏見通り×青梅街道,R4/10,田無,B 保谷町,6.荻窪,12,3,0,7,2,12,3
328,東伏見,伏見通り×青梅街道,R4/10,田無,B 保谷町,6.荻窪,13,3,0,12,8,23,3
328,東伏見,伏見通り×青梅街道,R4/10,田無,B 保谷町,6.荻窪,14,3,0,13,13,29,2
328,東伏見,伏見通り×青梅街道,R4/10,田無,B 保谷町,6.荻窪,15,3,0,18,3,24,1
328,東伏見,伏見通り×青梅街道,R4/10,田無,B 保谷町,6.荻窪,16,3,0,11,9,23,1
328,東伏見,伏見通り×青梅街道,R4/10,田無,B 保谷町,6.荻窪,17,3,0,20,9,32,0
328,東伏見,伏見通り×青梅街道,R4/10,田無,B 保谷町,6.荻窪,18,3,0,8,3,14,3
328,東伏見,伏見通り×青梅街道,R4/10,田無,B 保谷町,6.荻窪,12時間計,38,0,168,94,300,24
328,東伏見,伏見通り×青梅街道,R4/10,田無,B 保谷町,7.調布,7,16,3,110,67,196,10
328,東伏見,伏見通り×青梅街道,R4/10,田無,B 保谷町,7.調布,8,24,4,100,59,187,10
328,東伏見,伏見通り×青梅街道,R4/10,田無,B 保谷町,7.調布,9,12,4,55,29,100,4
328,東伏見,伏見通り×青梅街道,R4/10,田無,B 保谷町,7.調布,10,14,3,50,26,93,1
328,東伏見,伏見通り×青梅街道,R4/10,田無,B 保谷町,7.調布,11,11,1,22,13,47,5
328,東伏見,伏見通り×青梅街道,R4/10,田無,B 保谷町,7.調布,12,15,9,27,18,69,5
328,東伏見,伏見通り×青梅街道,R4/10,田無,B 保谷町,7.調布,13,12,1,45,18,76,5
328,東伏見,伏見通り×青梅街道,R4/10,田無,B 保谷町,7.調布,14,13,1,30,17,61,4
328,東伏見,伏見通り×青梅街道,R4/10,田無,B 保谷町,7.調布,15,12,0,56,19,87,0
328,東伏見,伏見通り×青梅街道,R4/10,田無,B 保谷町,7.調布,16,14,0,30,11,55,5
328,東伏見,伏見通り×青梅街道,R4/10,田無,B 保谷町,7.調布,17,15,1,27,9,52,3
328,東伏見,伏見通り×青梅街道,R4/10,田無,B 保谷町,7.調布,18,14,1,40,13,68,7
328,東伏見,伏見通り×青梅街道,R4/10,田無,B 保谷町,7.調布,12時間計,172,28,592,299,1091,59
328,東伏見,伏見通り×青梅街道,R4/10,田無,B 保谷町,8.東久留米,7,0,0,4,1,5,0
328,東伏見,伏見通り×青梅街道,R4/10,田無,B 保谷町,8.東久留米,8,0,2,13,9,24,0
328,東伏見,伏見通り×青梅街道,R4/10,田無,B 保谷町,8.東久留米,9,0,0,4,5,9,1
328,東伏見,伏見通り×青梅街道,R4/10,田無,B 保谷町,8.東久留米,10,0,1,8,3,12,1
328,東伏見,伏見通り×青梅街道,R4/10,田無,B 保谷町,8.東久留米,11,0,0,13,7,20,2
328,東伏見,伏見通り×青梅街道,R4/10,田無,B 保谷町,8.東久留米,12,0,0,12,2,14,1
328,東伏見,伏見通り×青梅街道,R4/10,田無,B 保谷町,8.東久留米,13,0,1,15,1,17,1
328,東伏見,伏見通り×青梅街道,R4/10,田無,B 保谷町,8.東久留米,14,0,0,3,5,8,0
328,東伏見,伏見通り×青梅街道,R4/10,田無,B 保谷町,8.東久留米,15,0,0,12,2,14,2
328,東伏見,伏見通り×青梅街道,R4/10,田無,B 保谷町,8.東久留米,16,0,0,11,5,16,1
328,東伏見,伏見通り×青梅街道,R4/10,田無,B 保谷町,8.東久留米,17,0,0,8,3,11,0
328,東伏見,伏見通り×青梅街道,R4/10,田無,B 保谷町,8.東久留米,18,0,0,13,4,17,2
328,東伏見,伏見通り×青梅街道,R4/10,田無,B 保谷町,8.東久留米,12時間計,0,4,116,47,167,11
328,東伏見,伏見通り×青梅街道,R4/10,田無,B 保谷町,流入計,7,20,3,133,82,238,12
328,東伏見,伏見通り×青梅街道,R4/10,田無,B 保谷町,流入計,8,28,6,126,85,245,11
328,東伏見,伏見通り×青梅街道,R4/10,田無,B 保谷町,流入計,9,14,4,71,38,127,7
328,東伏見,伏見通り×青梅街道,R4/10,田無,B 保谷町,流入計,10,17,4,81,38,140,3
328,東伏見,伏見通り×青梅街道,R4/10,田無,B 保谷町,流入計,11,15,1,47,23,86,12
328,東伏見,伏見通り×青梅街道,R4/10,田無,B 保谷町,流入計,12,18,9,46,22,95,9
328,東伏見,伏見通り×青梅街道,R4/10,田無,B 保谷町,流入計,13,15,2,73,27,117,9
328,東伏見,伏見通り×青梅街道,R4/10,田無,B 保谷町,流入計,14,16,1,47,35,99,6
328,東伏見,伏見通り×青梅街道,R4/10,田無,B 保谷町,流入計,15,15,0,86,24,125,3
328,東伏見,伏見通り×青梅街道,R4/10,田無,B 保谷町,流入計,16,17,0,53,25,95,7
328,東伏見,伏見通り×青梅街道,R4/10,田無,B 保谷町,流入計,17,18,1,55,21,95,4
328,東伏見,伏見通り×青梅街道,R4/10,田無,B 保谷町,流入計,18,17,2,61,20,100,12
328,東伏見,伏見通り×青梅街道,R4/10,田無,B 保谷町,流入計,12時間計,210,33,879,440,1562,95
328,東伏見,伏見通り×青梅街道,R4/10,田無,C 東久留米,9.保谷町,7,0,0,5,2,7,0
328,東伏見,伏見通り×青梅街道,R4/10,田無,C 東久留米,9.保谷町,8,0,0,2,0,2,0
328,東伏見,伏見通り×青梅街道,R4/10,田無,C 東久留米,9.保谷町,9,1,0,3,1,5,0
328,東伏見,伏見通り×青梅街道,R4/10,田無,C 東久留米,9.保谷町,10,0,0,2,0,2,0
328,東伏見,伏見通り×青梅街道,R4/10,田無,C 東久留米,9.保谷町,11,0,0,2,0,2,0
328,東伏見,伏見通り×青梅街道,R4/10,田無,C 東久留米,9.保谷町,12,0,0,3,0,3,0
328,東伏見,伏見通り×青梅街道,R4/10,田無,C 東久留米,9.保谷町,13,0,0,3,2,5,0
328,東伏見,伏見通り×青梅街道,R4/10,田無,C 東久留米,9.保谷町,14,0,0,3,0,3,0
328,東伏見,伏見通り×青梅街道,R4/10,田無,C 東久留米,9.保谷町,15,1,0,3,3,7,0
328,東伏見,伏見通り×青梅街道,R4/10,田無,C 東久留米,9.保谷町,16,0,0,5,0,5,1
328,東伏見,伏見通り×青梅街道,R4/10,田無,C 東久留米,9.保谷町,17,0,0,5,2,7,2
328,東伏見,伏見通り×青梅街道,R4/10,田無,C 東久留米,9.保谷町,18,0,0,2,1,3,2
328,東伏見,伏見通り×青梅街道,R4/10,田無,C 東久留米,9.保谷町,12時間計,2,0,38,11,51,5
328,東伏見,伏見通り×青梅街道,R4/10,田無,C 東久留米,10.新座,7,4,0,6,17,27,1
328,東伏見,伏見通り×青梅街道,R4/10,田無,C 東久留米,10.新座,8,2,3,18,11,34,1
328,東伏見,伏見通り×青梅街道,R4/10,田無,C 東久留米,10.新座,9,2,1,21,15,39,1
328,東伏見,伏見通り×青梅街道,R4/10,田無,C 東久留米,10.新座,10,0,2,22,6,30,0
328,東伏見,伏見通り×青梅街道,R4/10,田無,C 東久留米,10.新座,11,1,0,19,3,23,1
328,東伏見,伏見通り×青梅街道,R4/10,田無,C 東久留米,10.新座,12,0,0,26,5,31,3
328,東伏見,伏見通り×青梅街道,R4/10,田無,C 東久留米,10.新座,13,0,0,22,14,36,5
328,東伏見,伏見通り×青梅街道,R4/10,田無,C 東久留米,10.新座,14,0,2,29,18,49,4
328,東伏見,伏見通り×青梅街道,R4/10,田無,C 東久留米,10.新座,15,1,0,24,7,32,1
328,東伏見,伏見通り×青梅街道,R4/10,田無,C 東久留米,10.新座,16,1,0,37,13,51,4
328,東伏見,伏見通り×青梅街道,R4/10,田無,C 東久留米,10.新座,17,0,1,43,4,48,2
328,東伏見,伏見通り×青梅街道,R4/10,田無,C 東久留米,10.新座,18,0,1,25,2,28,2
328,東伏見,伏見通り×青梅街道,R4/10,田無,C 東久留米,10.新座,12時間計,11,10,292,115,428,25
328,東伏見,伏見通り×青梅街道,R4/10,田無,C 東久留米,11.荻窪,7,9,17,455,393,874,75
328,東伏見,伏見通り×青梅街道,R4/10,田無,C 東久留米,11.荻窪,8,8,17,472,272,769,54
328,東伏見,伏見通り×青梅街道,R4/10,田無,C 東久留米,11.荻窪,9,8,15,373,243,639,38
328,東伏見,伏見通り×青梅街道,R4/10,田無,C 東久留米,11.荻窪,10,5,23,409,197,634,28
328,東伏見,伏見通り×青梅街道,R4/10,田無,C 東久留米,11.荻窪,11,6,21,395,196,618,33
328,東伏見,伏見通り×青梅街道,R4/10,田無,C 東久留米,11.荻窪,12,8,8,377,196,589,38
328,東伏見,伏見通り×青梅街道,R4/10,田無,C 東久留米,11.荻窪,13,4,6,354,191,555,31
328,東伏見,伏見通り×青梅街道,R4/10,田無,C 東久留米,11.荻窪,14,10,7,346,181,544,30
328,東伏見,伏見通り×青梅街道,R4/10,田無,C 東久留米,11.荻窪,15,5,4,405,166,580,24
328,東伏見,伏見通り×青梅街道,R4/10,田無,C 東久留米,11.荻窪,16,6,8,470,188,672,33
328,東伏見,伏見通り×青梅街道,R4/10,田無,C 東久留米,11.荻窪,17,3,6,445,163,617,40
328,東伏見,伏見通り×青梅街道,R4/10,田無,C 東久留米,11.荻窪,18,7,3,426,140,576,20
328,東伏見,伏見通り×青梅街道,R4/10,田無,C 東久留米,11.荻窪,12時間計,79,135,4927,2526,7667,444
328,東伏見,伏見通り×青梅街道,R4/10,田無,C 東久留米,12.調布,7,8,5,142,79,234,6
328,東伏見,伏見通り×青梅街道,R4/10,田無,C 東久留米,12.調布,8,11,8,129,55,203,4
328,東伏見,伏見通り×青梅街道,R4/10,田無,C 東久留米,12.調布,9,6,5,110,59,180,2
328,東伏見,伏見通り×青梅街道,R4/10,田無,C 東久留米,12.調布,10,2,8,99,44,153,0
328,東伏見,伏見通り×青梅街道,R4/10,田無,C 東久留米,12.調布,11,2,7,101,61,171,4
328,東伏見,伏見通り×青梅街道,R4/10,田無,C 東久留米,12.調布,12,2,9,118,43,172,6
328,東伏見,伏見通り×青梅街道,R4/10,田無,C 東久留米,12.調布,13,3,10,95,36,144,4
328,東伏見,伏見通り×青梅街道,R4/10,田無,C 東久留米,12.調布,14,4,3,106,51,164,3
328,東伏見,伏見通り×青梅街道,R4/10,田無,C 東久留米,12.調布,15,2,5,139,56,202,5
328,東伏見,伏見通り×青梅街道,R4/10,田無,C 東久留米,12.調布,16,1,2,118,52,173,9
328,東伏見,伏見通り×青梅街道,R4/10,田無,C 東久留米,12.調布,17,3,0,151,42,196,6
328,東伏見,伏見通り×青梅街道,R4/10,田無,C 東久留米,12.調布,18,1,2,131,30,164,5
328,東伏見,伏見通り×青梅街道,R4/10,田無,C 東久留米,12.調布,12時間計,45,64,1439,608,2156,54
328,東伏見,伏見通り×青梅街道,R4/10,田無,C 東久留米,流入計,7,21,22,608,491,1142,82
328,東伏見,伏見通り×青梅街道,R4/10,田無,C 東久留米,流入計,8,21,28,621,338,1008,59
328,東伏見,伏見通り×青梅街道,R4/10,田無,C 東久留米,流入計,9,17,21,507,318,863,41
328,東伏見,伏見通り×青梅街道,R4/10,田無,C 東久留米,流入計,10,7,33,532,247,819,28
328,東伏見,伏見通り×青梅街道,R4/10,田無,C 東久留米,流入計,11,9,28,517,260,814,38
328,東伏見,伏見通り×青梅街道,R4/10,田無,C 東久留米,流入計,12,10,17,524,244,795,47
328,東伏見,伏見通り×青梅街道,R4/10,田無,C 東久留米,流入計,13,7,16,474,243,740,40
328,東伏見,伏見通り×青梅街道,R4/10,田無,C 東久留米,流入計,14,14,12,484,250,760,37
328,東伏見,伏見通り×青梅街道,R4/10,田無,C 東久留米,流入計,15,9,9,571,232,821,30
328,東伏見,伏見通り×青梅街道,R4/10,田無,C 東久留米,流入計,16,8,10,630,253,901,47
328,東伏見,伏見通り×青梅街道,R4/10,田無,C 東久留米,流入計,17,6,7,644,211,868,50
328,東伏見,伏見通り×青梅街道,R4/10,田無,C 東久留米,流入計,18,8,6,584,173,771,29
328,東伏見,伏見通り×青梅街道,R4/10,田無,C 東久留米,流入計,12時間計,137,209,6696,3260,10302,528
328,東伏見,伏見通り×青梅街道,R4/10,田無,D 調布,13.東久留米,7,26,7,132,31,196,6
328,東伏見,伏見通り×青梅街道,R4/10,田無,D 調布,13.東久留米,8,21,13,120,47,201,0
328,東伏見,伏見通り×青梅街道,R4/10,田無,D 調布,13.東久留米,9,17,4,116,73,210,6
328,東伏見,伏見通り×青梅街道,R4/10,田無,D 調布,13.東久留米,10,13,11,107,65,196,7
328,東伏見,伏見通り×青梅街道,R4/10,田無,D 調布,13.東久留米,11,15,8,117,60,200,5
328,東伏見,伏見通り×青梅街道,R4/10,田無,D 調布,13.東久留米,12,14,12,125,52,203,6
328,東伏見,伏見通り×青梅街道,R4/10,田無,D 調布,13.東久留米,13,12,7,124,41,184,5
328,東伏見,伏見通り×青梅街道,R4/10,田無,D 調布,13.東久留米,14,12,4,105,80,201,7
328,東伏見,伏見通り×青梅街道,R4/10,田無,D 調布,13.東久留米,15,20,8,145,79,252,14
328,東伏見,伏見通り×青梅街道,R4/10,田無,D 調布,13.東久留米,16,16,4,136,56,212,5
328,東伏見,伏見通り×青梅街道,R4/10,田無,D 調布,13.東久留米,17,17,2,182,49,250,10
328,東伏見,伏見通り×青梅街道,R4/10,田無,D 調布,13.東久留米,18,20,2,188,42,252,6
328,東伏見,伏見通り×青梅街道,R4/10,田無,D 調布,13.東久留米,12時間計,203,82,1597,675,2557,77
328,東伏見,伏見通り×青梅街道,R4/10,田無,D 調布,14.保谷町,7,0,0,6,2,8,0
328,東伏見,伏見通り×青梅街道,R4/10,田無,D 調布,14.保谷町,8,2,0,5,5,12,1
328,東伏見,伏見通り×青梅街道,R4/10,田無,D 調布,14.保谷町,9,1,0,13,12,26,3
328,東伏見,伏見通り×青梅街道,R4/10,田無,D 調布,14.保谷町,10,1,0,12,7,20,2
328,東伏見,伏見通り×青梅街道,R4/10,田無,D 調布,14.保谷町,11,1,0,23,13,37,11
328,東伏見,伏見通り×青梅街道,R4/10,田無,D 調布,14.保谷町,12,0,0,27,12,39,3
328,東伏見,伏見通り×青梅街道,R4/10,田無,D 調布,14.保谷町,13,1,0,19,5,25,4
328,東伏見,伏見通り×青梅街道,R4/10,田無,D 調布,14.保谷町,14,0,0,27,6,33,5
328,東伏見,伏見通り×青梅街道,R4/10,田無,D 調布,14.保谷町,15,0,0,26,9,35,8
328,東伏見,伏見通り×青梅街道,R4/10,田無,D 調布,14.保谷町,16,0,0,44,13,57,9
328,東伏見,伏見通り×青梅街道,R4/10,田無,D 調布,14.保谷町,17,0,0,58,22,80,13
328,東伏見,伏見通り×青梅街道,R4/10,田無,D 調布,14.保谷町,18,0,0,57,26,83,16
328,東伏見,伏見通り×青梅街道,R4/10,田無,D 調布,14.保谷町,12時間計,6,0,317,132,455,75
328,東伏見,伏見通り×青梅街道,R4/10,田無,D 調布,15.新座,7,6,5,335,219,565,34
328,東伏見,伏見通り×青梅街道,R4/10,田無,D 調布,15.新座,8,5,12,402,186,605,24
328,東伏見,伏見通り×青梅街道,R4/10,田無,D 調布,15.新座,9,6,14,282,231,533,15
328,東伏見,伏見通り×青梅街道,R4/10,田無,D 調布,15.新座,10,3,21,276,191,491,9
328,東伏見,伏見通り×青梅街道,R4/10,田無,D 調布,15.新座,11,7,11,224,125,367,13
328,東伏見,伏見通り×青梅街道,R4/10,田無,D 調布,15.新座,12,2,16,259,198,475,19
328,東伏見,伏見通り×青梅街道,R4/10,田無,D 調布,15.新座,13,4,18,221,202,445,17
328,東伏見,伏見通り×青梅街道,R4/10,田無,D 調布,15.新座,14,6,14,269,178,467,19
328,東伏見,伏見通り×青梅街道,R4/10,田無,D 調布,15.新座,15,3,5,355,193,556,18
328,東伏見,伏見通り×青梅街道,R4/10,田無,D 調布,15.新座,16,4,4,320,202,530,31
328,東伏見,伏見通り×青梅街道,R4/10,田無,D 調布,15.新座,17,6,6,423,259,694,40
328,東伏見,伏見通り×青梅街道,R4/10,田無,D 調布,15.新座,18,7,7,409,199,622,46
328,東伏見,伏見通り×青梅街道,R4/10,田無,D 調布,15.新座,12時間計,59,133,3775,2383,6350,285
328,東伏見,伏見通り×青梅街道,R4/10,田無,D 調布,16.荻窪,7,2,3,20,12,37,0
328,東伏見,伏見通り×青梅街道,R4/10,田無,D 調布,16.荻窪,8,2,1,31,29,63,2
328,東伏見,伏見通り×青梅街道,R4/10,田無,D 調布,16.荻窪,9,1,0,25,20,46,0
328,東伏見,伏見通り×青梅街道,R4/10,田無,D 調布,16.荻窪,10,0,4,40,11,55,0
328,東伏見,伏見通り×青梅街道,R4/10,田無,D 調布,16.荻窪,11,1,2,30,17,50,4
328,東伏見,伏見通り×青梅街道,R4/10,田無,D 調布,16.荻窪,12,1,1,27,15,44,2
328,東伏見,伏見通り×青梅街道,R4/10,田無,D 調布,16.荻窪,13,1,1,22,16,40,4
328,東伏見,伏見通り×青梅街道,R4/10,田無,D 調布,16.荻窪,14,2,2,29,18,51,1
328,東伏見,伏見通り×青梅街道,R4/10,田無,D 調布,16.荻窪,15,1,0,48,8,57,0
328,東伏見,伏見通り×青梅街道,R4/10,田無,D 調布,16.荻窪,16,1,0,30,16,47,1
328,東伏見,伏見通り×青梅街道,R4/10,田無,D 調布,16.荻窪,17,1,1,28,9,39,2
328,東伏見,伏見通り×青梅街道,R4/10,田無,D 調布,16.荻窪,18,1,1,43,11,56,4
328,東伏見,伏見通り×青梅街道,R4/10,田無,D 調布,16.荻窪,12時間計,14,16,373,182,585,20
328,東伏見,伏見通り×青梅街道,R4/10,田無,D 調布,流入計,7,34,15,493,264,806,40
328,東伏見,伏見通り×青梅街道,R4/10,田無,D 調布,流入計,8,30,26,558,267,881,27
328,東伏見,伏見通り×青梅街道,R4/10,田無,D 調布,流入計,9,25,18,436,336,815,24
328,東伏見,伏見通り×青梅街道,R4/10,田無,D 調布,流入計,10,17,36,435,274,762,18
328,東伏見,伏見通り×青梅街道,R4/10,田無,D 調布,流入計,11,24,21,394,215,654,33
328,東伏見,伏見通り×青梅街道,R4/10,田無,D 調布,流入計,12,17,29,438,277,761,30
328,東伏見,伏見通り×青梅街道,R4/10,田無,D 調布,流入計,13,18,26,386,264,694,30
328,東伏見,伏見通り×青梅街道,R4/10,田無,D 調布,流入計,14,20,20,430,282,752,32
328,東伏見,伏見通り×青梅街道,R4/10,田無,D 調布,流入計,15,24,13,574,289,900,40
328,東伏見,伏見通り×青梅街道,R4/10,田無,D 調布,流入計,16,21,8,530,287,846,46
328,東伏見,伏見通り×青梅街道,R4/10,田無,D 調布,流入計,17,24,9,691,339,1063,65
328,東伏見,伏見通り×青梅街道,R4/10,田無,D 調布,流入計,18,28,10,697,278,1013,72
328,東伏見,伏見通り×青梅街道,R4/10,田無,D 調布,流入計,12時間計,282,231,6062,3372,9947,457
328,東伏見,伏見通り×青梅街道,R4/10,田無,E 荻窪,17.調布,7,0,2,64,41,107,4
328,東伏見,伏見通り×青梅街道,R4/10,田無,E 荻窪,17.調布,8,4,3,70,27,104,4
328,東伏見,伏見通り×青梅街道,R4/10,田無,E 荻窪,17.調布,9,2,5,39,27,73,3
328,東伏見,伏見通り×青梅街道,R4/10,田無,E 荻窪,17.調布,10,1,1,31,20,53,1
328,東伏見,伏見通り×青梅街道,R4/10,田無,E 荻窪,17.調布,11,4,3,36,20,63,4
328,東伏見,伏見通り×青梅街道,R4/10,田無,E 荻窪,17.調布,12,2,0,39,27,68,3
328,東伏見,伏見通り×青梅街道,R4/10,田無,E 荻窪,17.調布,13,1,4,44,22,71,12
328,東伏見,伏見通り×青梅街道,R4/10,田無,E 荻窪,17.調布,14,1,1,41,20,63,4
328,東伏見,伏見通り×青梅街道,R4/10,田無,E 荻窪,17.調布,15,2,1,33,20,56,1
328,東伏見,伏見通り×青梅街道,R4/10,田無,E 荻窪,17.調布,16,1,0,35,25,61,2
328,東伏見,伏見通り×青梅街道,R4/10,田無,E 荻窪,17.調布,17,1,1,44,27,73,4
328,東伏見,伏見通り×青梅街道,R4/10,田無,E 荻窪,17.調布,18,2,5,49,26,82,11
328,東伏見,伏見通り×青梅街道,R4/10,田無,E 荻窪,17.調布,12時間計,21,26,525,302,874,53
328,東伏見,伏見通り×青梅街道,R4/10,田無,E 荻窪,18.東久留米,7,2,36,400,83,521,20
328,東伏見,伏見通り×青梅街道,R4/10,田無,E 荻窪,18.東久留米,8,9,36,439,136,620,20
328,東伏見,伏見通り×青梅街道,R4/10,田無,E 荻窪,18.東久留米,9,8,25,346,206,585,37
328,東伏見,伏見通り×青梅街道,R4/10,田無,E 荻窪,18.東久留米,10,9,19,350,207,585,36
328,東伏見,伏見通り×青梅街道,R4/10,田無,E 荻窪,18.東久留米,11,6,18,334,207,565,28
328,東伏見,伏見通り×青梅街道,R4/10,田無,E 荻窪,18.東久留米,12,4,22,343,196,565,14
328,東伏見,伏見通り×青梅街道,R4/10,田無,E 荻窪,18.東久留米,13,5,20,355,238,618,23
328,東伏見,伏見通り×青梅街道,R4/10,田無,E 荻窪,18.東久留米,14,10,10,343,250,613,23
328,東伏見,伏見通り×青梅街道,R4/10,田無,E 荻窪,18.東久留米,15,8,21,447,269,745,44
328,東伏見,伏見通り×青梅街道,R4/10,田無,E 荻窪,18.東久留米,16,9,9,336,251,605,40
328,東伏見,伏見通り×青梅街道,R4/10,田無,E 荻窪,18.東久留米,17,5,12,444,231,692,53
328,東伏見,伏見通り×青梅街道,R4/10,田無,E 荻窪,18.東久留米,18,5,9,591,261,866,51
328,東伏見,伏見通り×青梅街道,R4/10,田無,E 荻窪,18.東久留米,12時間計,80,237,4728,2535,7580,389
328,東伏見,伏見通り×青梅街道,R4/10,田無,E 荻窪,19.保谷町,7,0,0,4,1,5,0
328,東伏見,伏見通り×青梅街道,R4/10,田無,E 荻窪,19.保谷町,8,0,0,5,0,5,1
328,東伏見,伏見通り×青梅街道,R4/10,田無,E 荻窪,19.保谷町,9,1,0,3,2,6,0
328,東伏見,伏見通り×青梅街道,R4/10,田無,E 荻窪,19.保谷町,10,3,0,7,5,15,1
328,東伏見,伏見通り×青梅街道,R4/10,田無,E 荻窪,19.保谷町,11,3,0,10,8,21,1
328,東伏見,伏見通り×青梅街道,R4/10,田無,E 荻窪,19.保谷町,12,3,0,13,5,21,1
328,東伏見,伏見通り×青梅街道,R4/10,田無,E 荻窪,19.保谷町,13,1,0,3,0,4,0
328,東伏見,伏見通り×青梅街道,R4/10,田無,E 荻窪,19.保谷町,14,2,0,12,4,18,0
328,東伏見,伏見通り×青梅街道,R4/10,田無,E 荻窪,19.保谷町,15,1,0,17,2,20,0
328,東伏見,伏見通り×青梅街道,R4/10,田無,E 荻窪,19.保谷町,16,3,0,24,14,41,2
328,東伏見,伏見通り×青梅街道,R4/10,田無,E 荻窪,19.保谷町,17,3,0,28,25,56,4
328,東伏見,伏見通り×青梅街道,R4/10,田無,E 荻窪,19.保谷町,18,3,0,26,21,50,0
328,東伏見,伏見通り×青梅街道,R4/10,田無,E 荻窪,19.保谷町,12時間計,23,0,152,87,262,10
328,東伏見,伏見通り×青梅街道,R4/10,田無,E 荻窪,20.新座,7,0,0,58,40,98,8
328,東伏見,伏見通り×青梅街道,R4/10,田無,E 荻窪,20.新座,8,0,3,56,37,96,6
328,東伏見,伏見通り×青梅街道,R4/10,田無,E 荻窪,20.新座,9,0,4,44,30,78,6
328,東伏見,伏見通り×青梅街道,R4/10,田無,E 荻窪,20.新座,10,8,5,35,31,79,3
328,東伏見,伏見通り×青梅街道,R4/10,田無,E 荻窪,20.新座,11,14,3,53,33,103,0
328,東伏見,伏見通り×青梅街道,R4/10,田無,E 荻窪,20.新座,12,2,2,95,34,133,5
328,東伏見,伏見通り×青梅街道,R4/10,田無,E 荻窪,20.新座,13,1,2,47,48,98,7
328,東伏見,伏見通り×青梅街道,R4/10,田無,E 荻窪,20.新座,14,2,9,61,55,127,3
328,東伏見,伏見通り×青梅街道,R4/10,田無,E 荻窪,20.新座,15,3,1,66,42,112,7
328,東伏見,伏見通り×青梅街道,R4/10,田無,E 荻窪,20.新座,16,7,0,86,52,145,5
328,東伏見,伏見通り×青梅街道,R4/10,田無,E 荻窪,20.新座,17,10,2,105,48,165,10
328,東伏見,伏見通り×青梅街道,R4/10,田無,E 荻窪,20.新座,18,3,1,71,42,117,10
328,東伏見,伏見通り×青梅街道,R4/10,田無,E 荻窪,20.新座,12時間計,50,32,777,492,1351,70
328,東伏見,伏見通り×青梅街道,R4/10,田無,E 荻窪,流入計,7,2,38,526,165,731,32
328,東伏見,伏見通り×青梅街道,R4/10,田無,E 荻窪,流入計,8,13,42,570,200,825,31
328,東伏見,伏見通り×青梅街道,R4/10,田無,E 荻窪,流入計,9,11,34,432,265,742,46
328,東伏見,伏見通り×青梅街道,R4/10,田無,E 荻窪,流入計,10,21,25,423,263,732,41
328,東伏見,伏見通り×青梅街道,R4/10,田無,E 荻窪,流入計,11,27,24,433,268,752,33
328,東伏見,伏見通り×青梅街道,R4/10,田無,E 荻窪,流入計,12,11,24,490,262,787,23
328,東伏見,伏見通り×青梅街道,R4/10,田無,E 荻窪,流入計,13,8,26,449,308,791,42
328,東伏見,伏見通り×青梅街道,R4/10,田無,E 荻窪,流入計,14,15,20,457,329,821,30
328,東伏見,伏見通り×青梅街道,R4/10,田無,E 荻窪,流入計,15,14,23,563,333,933,52
328,東伏見,伏見通り×青梅街道,R4/10,田無,E 荻窪,流入計,16,20,9,481,342,852,49
328,東伏見,伏見通り×青梅街道,R4/10,田無,E 荻窪,流入計,17,19,15,621,331,986,71
328,東伏見,伏見通り×青梅街道,R4/10,田無,E 荻窪,流入計,18,13,15,737,350,1115,72
328,東伏見,伏見通り×青梅街道,R4/10,田無,E 荻窪,流入計,12時間計,174,295,6182,3416,10067,522
