﻿地点番号,地点名,交差道路名,調査年月,管轄警察署,流出方向,時間帯等,大型乗用,大型貨物,普通乗用,普通貨物,四輪計,二輪車
328,東伏見,伏見通り×青梅街道,R4/10,田無,A 新座,7,10,5,399,276,690,43
328,東伏見,伏見通り×青梅街道,R4/10,田無,A 新座,8,7,18,476,234,735,31
328,東伏見,伏見通り×青梅街道,R4/10,田無,A 新座,9,8,19,347,276,650,22
328,東伏見,伏見通り×青梅街道,R4/10,田無,A 新座,10,11,28,333,228,600,12
328,東伏見,伏見通り×青梅街道,R4/10,田無,A 新座,11,22,14,296,161,493,14
328,東伏見,伏見通り×青梅街道,R4/10,田無,A 新座,12,4,18,380,237,639,27
328,東伏見,伏見通り×青梅街道,R4/10,田無,A 新座,13,5,20,291,264,580,29
328,東伏見,伏見通り×青梅街道,R4/10,田無,A 新座,14,8,25,360,251,644,26
328,東伏見,伏見通り×青梅街道,R4/10,田無,A 新座,15,7,6,445,242,700,26
328,東伏見,伏見通り×青梅街道,R4/10,田無,A 新座,16,12,4,444,267,727,40
328,東伏見,伏見通り×青梅街道,R4/10,田無,A 新座,17,16,9,571,311,907,53
328,東伏見,伏見通り×青梅街道,R4/10,田無,A 新座,18,10,10,505,243,768,58
328,東伏見,伏見通り×青梅街道,R4/10,田無,A 新座,12時間計,120,176,4847,2990,8133,381
328,東伏見,伏見通り×青梅街道,R4/10,田無,B 保谷町,7,1,0,18,7,26,0
328,東伏見,伏見通り×青梅街道,R4/10,田無,B 保谷町,8,2,0,12,5,19,2
328,東伏見,伏見通り×青梅街道,R4/10,田無,B 保谷町,9,3,0,19,15,37,3
328,東伏見,伏見通り×青梅街道,R4/10,田無,B 保谷町,10,4,0,21,12,37,3
328,東伏見,伏見通り×青梅街道,R4/10,田無,B 保谷町,11,4,0,35,21,60,12
328,東伏見,伏見通り×青梅街道,R4/10,田無,B 保谷町,12,3,0,43,17,63,4
328,東伏見,伏見通り×青梅街道,R4/10,田無,B 保谷町,13,2,0,25,7,34,4
328,東伏見,伏見通り×青梅街道,R4/10,田無,B 保谷町,14,2,0,42,10,54,5
328,東伏見,伏見通り×青梅街道,R4/10,田無,B 保谷町,15,2,0,46,14,62,8
328,東伏見,伏見通り×青梅街道,R4/10,田無,B 保谷町,16,3,0,73,27,103,12
328,東伏見,伏見通り×青梅街道,R4/10,田無,B 保谷町,17,3,0,91,49,143,19
328,東伏見,伏見通り×青梅街道,R4/10,田無,B 保谷町,18,3,0,85,48,136,18
328,東伏見,伏見通り×青梅街道,R4/10,田無,B 保谷町,12時間計,32,0,510,232,774,90
328,東伏見,伏見通り×青梅街道,R4/10,田無,C 東久留米,7,28,46,550,119,743,26
328,東伏見,伏見通り×青梅街道,R4/10,田無,C 東久留米,8,31,53,598,198,880,22
328,東伏見,伏見通り×青梅街道,R4/10,田無,C 東久留米,9,25,29,489,299,842,47
328,東伏見,伏見通り×青梅街道,R4/10,田無,C 東久留米,10,22,32,491,292,837,46
328,東伏見,伏見通り×青梅街道,R4/10,田無,C 東久留米,11,21,28,489,285,823,36
328,東伏見,伏見通り×青梅街道,R4/10,田無,C 東久留米,12,18,35,504,256,813,24
328,東伏見,伏見通り×青梅街道,R4/10,田無,C 東久留米,13,17,30,525,285,857,30
328,東伏見,伏見通り×青梅街道,R4/10,田無,C 東久留米,14,23,14,477,349,863,31
328,東伏見,伏見通り×青梅街道,R4/10,田無,C 東久留米,15,32,31,635,361,1059,61
328,東伏見,伏見通り×青梅街道,R4/10,田無,C 東久留米,16,25,13,507,327,872,47
328,東伏見,伏見通り×青梅街道,R4/10,田無,C 東久留米,17,23,16,665,290,994,67
328,東伏見,伏見通り×青梅街道,R4/10,田無,C 東久留米,18,25,11,817,308,1161,59
328,東伏見,伏見通り×青梅街道,R4/10,田無,C 東久留米,12時間計,290,338,6747,3369,10744,496
328,東伏見,伏見通り×青梅街道,R4/10,田無,D 調布,7,33,18,631,410,1092,69
328,東伏見,伏見通り×青梅街道,R4/10,田無,D 調布,8,52,30,643,341,1066,66
328,東伏見,伏見通り×青梅街道,R4/10,田無,D 調布,9,28,27,504,267,826,36
328,東伏見,伏見通り×青梅街道,R4/10,田無,D 調布,10,21,31,422,246,720,25
328,東伏見,伏見通り×青梅街道,R4/10,田無,D 調布,11,19,27,368,229,643,36
328,東伏見,伏見通り×青梅街道,R4/10,田無,D 調布,12,22,32,387,242,683,41
328,東伏見,伏見通り×青梅街道,R4/10,田無,D 調布,13,27,25,376,184,612,53
328,東伏見,伏見通り×青梅街道,R4/10,田無,D 調布,14,23,17,435,201,676,33
328,東伏見,伏見通り×青梅街道,R4/10,田無,D 調布,15,27,13,436,212,688,32
328,東伏見,伏見通り×青梅街道,R4/10,田無,D 調布,16,19,7,448,231,705,47
328,東伏見,伏見通り×青梅街道,R4/10,田無,D 調布,17,26,10,560,219,815,45
328,東伏見,伏見通り×青梅街道,R4/10,田無,D 調布,18,25,17,448,191,681,51
328,東伏見,伏見通り×青梅街道,R4/10,田無,D 調布,12時間計,322,254,5658,2973,9207,534
328,東伏見,伏見通り×青梅街道,R4/10,田無,E 荻窪,7,15,23,536,455,1029,86
328,東伏見,伏見通り×青梅街道,R4/10,田無,E 荻窪,8,15,23,568,361,967,70
328,東伏見,伏見通り×青梅街道,R4/10,田無,E 荻窪,9,14,18,464,301,797,45
328,東伏見,伏見通り×青梅街道,R4/10,田無,E 荻窪,10,8,33,538,249,828,38
328,東伏見,伏見通り×青梅街道,R4/10,田無,E 荻窪,11,11,24,494,247,776,47
328,東伏見,伏見通り×青梅街道,R4/10,田無,E 荻窪,12,13,13,465,253,744,50
328,東伏見,伏見通り×青梅街道,R4/10,田無,E 荻窪,13,8,11,428,241,688,44
328,東伏見,伏見通り×青梅街道,R4/10,田無,E 荻窪,14,15,9,437,241,702,34
328,東伏見,伏見通り×青梅街道,R4/10,田無,E 荻窪,15,9,4,524,198,735,27
328,東伏見,伏見通り×青梅街道,R4/10,田無,E 荻窪,16,10,9,574,235,828,41
328,東伏見,伏見通り×青梅街道,R4/10,田無,E 荻窪,17,7,11,567,208,793,50
328,東伏見,伏見通り×青梅街道,R4/10,田無,E 荻窪,18,11,5,547,176,739,33
328,東伏見,伏見通り×青梅街道,R4/10,田無,E 荻窪,12時間計,136,183,6142,3165,9626,565
328,東伏見,伏見通り×青梅街道,R4/10,田無,全方向合計,7,87,92,2134,1267,3580,224
328,東伏見,伏見通り×青梅街道,R4/10,田無,全方向合計,8,107,124,2297,1139,3667,191
328,東伏見,伏見通り×青梅街道,R4/10,田無,全方向合計,9,78,93,1823,1158,3152,153
328,東伏見,伏見通り×青梅街道,R4/10,田無,全方向合計,10,66,124,1805,1027,3022,124
328,東伏見,伏見通り×青梅街道,R4/10,田無,全方向合計,11,77,93,1682,943,2795,145
328,東伏見,伏見通り×青梅街道,R4/10,田無,全方向合計,12,60,98,1779,1005,2942,146
328,東伏見,伏見通り×青梅街道,R4/10,田無,全方向合計,13,59,86,1645,981,2771,160
328,東伏見,伏見通り×青梅街道,R4/10,田無,全方向合計,14,71,65,1751,1052,2939,129
328,東伏見,伏見通り×青梅街道,R4/10,田無,全方向合計,15,77,54,2086,1027,3244,154
328,東伏見,伏見通り×青梅街道,R4/10,田無,全方向合計,16,69,33,2046,1087,3235,187
328,東伏見,伏見通り×青梅街道,R4/10,田無,全方向合計,17,75,46,2454,1077,3652,234
328,東伏見,伏見通り×青梅街道,R4/10,田無,全方向合計,18,74,43,2402,966,3485,219
328,東伏見,伏見通り×青梅街道,R4/10,田無,全方向合計,12時間計,900,951,23904,12729,38484,2066
