﻿地点番号,地点名,交差道路名,調査年月,管轄警察署,流入方向,流出方向,時間帯等,大型乗用,大型貨物,普通乗用,普通貨物,四輪計,二輪車
85,左入橋,東京環状×新滝山街道,R4/10,八王子,A 堂方上,1.大和田三丁目,7,3,78,113,131,325,8
85,左入橋,東京環状×新滝山街道,R4/10,八王子,A 堂方上,1.大和田三丁目,8,4,57,95,103,259,13
85,左入橋,東京環状×新滝山街道,R4/10,八王子,A 堂方上,1.大和田三丁目,9,1,58,90,142,291,7
85,左入橋,東京環状×新滝山街道,R4/10,八王子,A 堂方上,1.大和田三丁目,10,1,118,110,85,314,10
85,左入橋,東京環状×新滝山街道,R4/10,八王子,A 堂方上,1.大和田三丁目,11,2,90,112,75,279,9
85,左入橋,東京環状×新滝山街道,R4/10,八王子,A 堂方上,1.大和田三丁目,12,2,103,73,72,250,0
85,左入橋,東京環状×新滝山街道,R4/10,八王子,A 堂方上,1.大和田三丁目,13,4,70,94,99,267,5
85,左入橋,東京環状×新滝山街道,R4/10,八王子,A 堂方上,1.大和田三丁目,14,2,82,113,120,317,7
85,左入橋,東京環状×新滝山街道,R4/10,八王子,A 堂方上,1.大和田三丁目,15,2,63,127,109,301,6
85,左入橋,東京環状×新滝山街道,R4/10,八王子,A 堂方上,1.大和田三丁目,16,1,75,159,82,317,11
85,左入橋,東京環状×新滝山街道,R4/10,八王子,A 堂方上,1.大和田三丁目,17,1,60,162,54,277,13
85,左入橋,東京環状×新滝山街道,R4/10,八王子,A 堂方上,1.大和田三丁目,18,28,38,172,33,271,10
85,左入橋,東京環状×新滝山街道,R4/10,八王子,A 堂方上,1.大和田三丁目,12時間計,51,892,1420,1105,3468,99
85,左入橋,東京環状×新滝山街道,R4/10,八王子,A 堂方上,2.八王子ＩＣ,7,5,34,454,189,682,18
85,左入橋,東京環状×新滝山街道,R4/10,八王子,A 堂方上,2.八王子ＩＣ,8,5,50,459,162,676,22
85,左入橋,東京環状×新滝山街道,R4/10,八王子,A 堂方上,2.八王子ＩＣ,9,3,48,289,214,554,12
85,左入橋,東京環状×新滝山街道,R4/10,八王子,A 堂方上,2.八王子ＩＣ,10,4,48,242,196,490,10
85,左入橋,東京環状×新滝山街道,R4/10,八王子,A 堂方上,2.八王子ＩＣ,11,5,66,313,198,582,16
85,左入橋,東京環状×新滝山街道,R4/10,八王子,A 堂方上,2.八王子ＩＣ,12,2,38,322,185,547,14
85,左入橋,東京環状×新滝山街道,R4/10,八王子,A 堂方上,2.八王子ＩＣ,13,3,60,336,152,551,7
85,左入橋,東京環状×新滝山街道,R4/10,八王子,A 堂方上,2.八王子ＩＣ,14,4,79,361,118,562,6
85,左入橋,東京環状×新滝山街道,R4/10,八王子,A 堂方上,2.八王子ＩＣ,15,5,50,285,123,463,9
85,左入橋,東京環状×新滝山街道,R4/10,八王子,A 堂方上,2.八王子ＩＣ,16,3,51,383,201,638,9
85,左入橋,東京環状×新滝山街道,R4/10,八王子,A 堂方上,2.八王子ＩＣ,17,7,38,473,291,809,26
85,左入橋,東京環状×新滝山街道,R4/10,八王子,A 堂方上,2.八王子ＩＣ,18,3,33,365,271,672,22
85,左入橋,東京環状×新滝山街道,R4/10,八王子,A 堂方上,2.八王子ＩＣ,12時間計,49,595,4282,2300,7226,171
85,左入橋,東京環状×新滝山街道,R4/10,八王子,A 堂方上,3.丹木町,7,0,2,68,21,91,4
85,左入橋,東京環状×新滝山街道,R4/10,八王子,A 堂方上,3.丹木町,8,3,5,84,30,122,6
85,左入橋,東京環状×新滝山街道,R4/10,八王子,A 堂方上,3.丹木町,9,0,5,76,20,101,0
85,左入橋,東京環状×新滝山街道,R4/10,八王子,A 堂方上,3.丹木町,10,1,12,109,23,145,6
85,左入橋,東京環状×新滝山街道,R4/10,八王子,A 堂方上,3.丹木町,11,2,4,117,27,150,1
85,左入橋,東京環状×新滝山街道,R4/10,八王子,A 堂方上,3.丹木町,12,1,6,78,18,103,1
85,左入橋,東京環状×新滝山街道,R4/10,八王子,A 堂方上,3.丹木町,13,0,7,89,26,122,3
85,左入橋,東京環状×新滝山街道,R4/10,八王子,A 堂方上,3.丹木町,14,2,10,58,28,98,1
85,左入橋,東京環状×新滝山街道,R4/10,八王子,A 堂方上,3.丹木町,15,0,4,74,27,105,2
85,左入橋,東京環状×新滝山街道,R4/10,八王子,A 堂方上,3.丹木町,16,4,8,94,24,130,2
85,左入橋,東京環状×新滝山街道,R4/10,八王子,A 堂方上,3.丹木町,17,7,10,104,25,146,3
85,左入橋,東京環状×新滝山街道,R4/10,八王子,A 堂方上,3.丹木町,18,2,3,130,20,155,2
85,左入橋,東京環状×新滝山街道,R4/10,八王子,A 堂方上,3.丹木町,12時間計,22,76,1081,289,1468,31
85,左入橋,東京環状×新滝山街道,R4/10,八王子,A 堂方上,流入計,7,8,114,635,341,1098,30
85,左入橋,東京環状×新滝山街道,R4/10,八王子,A 堂方上,流入計,8,12,112,638,295,1057,41
85,左入橋,東京環状×新滝山街道,R4/10,八王子,A 堂方上,流入計,9,4,111,455,376,946,19
85,左入橋,東京環状×新滝山街道,R4/10,八王子,A 堂方上,流入計,10,6,178,461,304,949,26
85,左入橋,東京環状×新滝山街道,R4/10,八王子,A 堂方上,流入計,11,9,160,542,300,1011,26
85,左入橋,東京環状×新滝山街道,R4/10,八王子,A 堂方上,流入計,12,5,147,473,275,900,15
85,左入橋,東京環状×新滝山街道,R4/10,八王子,A 堂方上,流入計,13,7,137,519,277,940,15
85,左入橋,東京環状×新滝山街道,R4/10,八王子,A 堂方上,流入計,14,8,171,532,266,977,14
85,左入橋,東京環状×新滝山街道,R4/10,八王子,A 堂方上,流入計,15,7,117,486,259,869,17
85,左入橋,東京環状×新滝山街道,R4/10,八王子,A 堂方上,流入計,16,8,134,636,307,1085,22
85,左入橋,東京環状×新滝山街道,R4/10,八王子,A 堂方上,流入計,17,15,108,739,370,1232,42
85,左入橋,東京環状×新滝山街道,R4/10,八王子,A 堂方上,流入計,18,33,74,667,324,1098,34
85,左入橋,東京環状×新滝山街道,R4/10,八王子,A 堂方上,流入計,12時間計,122,1563,6783,3694,12162,301
85,左入橋,東京環状×新滝山街道,R4/10,八王子,B 丹木町,4.堂方上,7,6,4,72,21,103,1
85,左入橋,東京環状×新滝山街道,R4/10,八王子,B 丹木町,4.堂方上,8,4,16,68,22,110,3
85,左入橋,東京環状×新滝山街道,R4/10,八王子,B 丹木町,4.堂方上,9,1,8,70,46,125,1
85,左入橋,東京環状×新滝山街道,R4/10,八王子,B 丹木町,4.堂方上,10,2,12,93,34,141,0
85,左入橋,東京環状×新滝山街道,R4/10,八王子,B 丹木町,4.堂方上,11,2,6,85,25,118,3
85,左入橋,東京環状×新滝山街道,R4/10,八王子,B 丹木町,4.堂方上,12,2,5,92,25,124,2
85,左入橋,東京環状×新滝山街道,R4/10,八王子,B 丹木町,4.堂方上,13,9,8,59,25,101,6
85,左入橋,東京環状×新滝山街道,R4/10,八王子,B 丹木町,4.堂方上,14,2,2,63,20,87,5
85,左入橋,東京環状×新滝山街道,R4/10,八王子,B 丹木町,4.堂方上,15,2,11,127,33,173,4
85,左入橋,東京環状×新滝山街道,R4/10,八王子,B 丹木町,4.堂方上,16,1,12,108,26,147,2
85,左入橋,東京環状×新滝山街道,R4/10,八王子,B 丹木町,4.堂方上,17,1,12,106,43,162,5
85,左入橋,東京環状×新滝山街道,R4/10,八王子,B 丹木町,4.堂方上,18,3,14,116,38,171,4
85,左入橋,東京環状×新滝山街道,R4/10,八王子,B 丹木町,4.堂方上,12時間計,35,110,1059,358,1562,36
85,左入橋,東京環状×新滝山街道,R4/10,八王子,B 丹木町,5.大和田三丁目,7,9,22,299,173,503,17
85,左入橋,東京環状×新滝山街道,R4/10,八王子,B 丹木町,5.大和田三丁目,8,3,38,251,165,457,17
85,左入橋,東京環状×新滝山街道,R4/10,八王子,B 丹木町,5.大和田三丁目,9,1,44,173,129,347,7
85,左入橋,東京環状×新滝山街道,R4/10,八王子,B 丹木町,5.大和田三丁目,10,1,50,193,89,333,2
85,左入橋,東京環状×新滝山街道,R4/10,八王子,B 丹木町,5.大和田三丁目,11,0,53,242,81,376,9
85,左入橋,東京環状×新滝山街道,R4/10,八王子,B 丹木町,5.大和田三丁目,12,4,37,192,84,317,10
85,左入橋,東京環状×新滝山街道,R4/10,八王子,B 丹木町,5.大和田三丁目,13,3,38,191,109,341,8
85,左入橋,東京環状×新滝山街道,R4/10,八王子,B 丹木町,5.大和田三丁目,14,7,54,256,115,432,20
85,左入橋,東京環状×新滝山街道,R4/10,八王子,B 丹木町,5.大和田三丁目,15,4,37,215,116,372,15
85,左入橋,東京環状×新滝山街道,R4/10,八王子,B 丹木町,5.大和田三丁目,16,3,18,292,91,404,20
85,左入橋,東京環状×新滝山街道,R4/10,八王子,B 丹木町,5.大和田三丁目,17,1,16,282,85,384,19
85,左入橋,東京環状×新滝山街道,R4/10,八王子,B 丹木町,5.大和田三丁目,18,3,13,358,90,464,23
85,左入橋,東京環状×新滝山街道,R4/10,八王子,B 丹木町,5.大和田三丁目,12時間計,39,420,2944,1327,4730,167
85,左入橋,東京環状×新滝山街道,R4/10,八王子,B 丹木町,6.八王子ＩＣ,7,4,6,77,68,155,2
85,左入橋,東京環状×新滝山街道,R4/10,八王子,B 丹木町,6.八王子ＩＣ,8,4,11,80,50,145,1
85,左入橋,東京環状×新滝山街道,R4/10,八王子,B 丹木町,6.八王子ＩＣ,9,2,12,95,41,150,4
85,左入橋,東京環状×新滝山街道,R4/10,八王子,B 丹木町,6.八王子ＩＣ,10,1,14,100,34,149,2
85,左入橋,東京環状×新滝山街道,R4/10,八王子,B 丹木町,6.八王子ＩＣ,11,2,18,94,55,169,2
85,左入橋,東京環状×新滝山街道,R4/10,八王子,B 丹木町,6.八王子ＩＣ,12,1,17,103,55,176,2
85,左入橋,東京環状×新滝山街道,R4/10,八王子,B 丹木町,6.八王子ＩＣ,13,2,9,93,29,133,2
85,左入橋,東京環状×新滝山街道,R4/10,八王子,B 丹木町,6.八王子ＩＣ,14,4,13,126,27,170,3
85,左入橋,東京環状×新滝山街道,R4/10,八王子,B 丹木町,6.八王子ＩＣ,15,3,18,166,68,255,6
85,左入橋,東京環状×新滝山街道,R4/10,八王子,B 丹木町,6.八王子ＩＣ,16,2,16,190,83,291,1
85,左入橋,東京環状×新滝山街道,R4/10,八王子,B 丹木町,6.八王子ＩＣ,17,1,7,151,51,210,6
85,左入橋,東京環状×新滝山街道,R4/10,八王子,B 丹木町,6.八王子ＩＣ,18,2,5,96,59,162,2
85,左入橋,東京環状×新滝山街道,R4/10,八王子,B 丹木町,6.八王子ＩＣ,12時間計,28,146,1371,620,2165,33
85,左入橋,東京環状×新滝山街道,R4/10,八王子,B 丹木町,流入計,7,19,32,448,262,761,20
85,左入橋,東京環状×新滝山街道,R4/10,八王子,B 丹木町,流入計,8,11,65,399,237,712,21
85,左入橋,東京環状×新滝山街道,R4/10,八王子,B 丹木町,流入計,9,4,64,338,216,622,12
85,左入橋,東京環状×新滝山街道,R4/10,八王子,B 丹木町,流入計,10,4,76,386,157,623,4
85,左入橋,東京環状×新滝山街道,R4/10,八王子,B 丹木町,流入計,11,4,77,421,161,663,14
85,左入橋,東京環状×新滝山街道,R4/10,八王子,B 丹木町,流入計,12,7,59,387,164,617,14
85,左入橋,東京環状×新滝山街道,R4/10,八王子,B 丹木町,流入計,13,14,55,343,163,575,16
85,左入橋,東京環状×新滝山街道,R4/10,八王子,B 丹木町,流入計,14,13,69,445,162,689,28
85,左入橋,東京環状×新滝山街道,R4/10,八王子,B 丹木町,流入計,15,9,66,508,217,800,25
85,左入橋,東京環状×新滝山街道,R4/10,八王子,B 丹木町,流入計,16,6,46,590,200,842,23
85,左入橋,東京環状×新滝山街道,R4/10,八王子,B 丹木町,流入計,17,3,35,539,179,756,30
85,左入橋,東京環状×新滝山街道,R4/10,八王子,B 丹木町,流入計,18,8,32,570,187,797,29
85,左入橋,東京環状×新滝山街道,R4/10,八王子,B 丹木町,流入計,12時間計,102,676,5374,2305,8457,236
85,左入橋,東京環状×新滝山街道,R4/10,八王子,C 八王子ＩＣ,7.丹木町,7,0,8,125,21,154,3
85,左入橋,東京環状×新滝山街道,R4/10,八王子,C 八王子ＩＣ,7.丹木町,8,2,7,105,29,143,3
85,左入橋,東京環状×新滝山街道,R4/10,八王子,C 八王子ＩＣ,7.丹木町,9,1,15,87,39,142,9
85,左入橋,東京環状×新滝山街道,R4/10,八王子,C 八王子ＩＣ,7.丹木町,10,3,17,87,22,129,4
85,左入橋,東京環状×新滝山街道,R4/10,八王子,C 八王子ＩＣ,7.丹木町,11,2,24,106,45,177,4
85,左入橋,東京環状×新滝山街道,R4/10,八王子,C 八王子ＩＣ,7.丹木町,12,0,12,123,35,170,3
85,左入橋,東京環状×新滝山街道,R4/10,八王子,C 八王子ＩＣ,7.丹木町,13,0,17,83,29,129,3
85,左入橋,東京環状×新滝山街道,R4/10,八王子,C 八王子ＩＣ,7.丹木町,14,2,11,83,48,144,2
85,左入橋,東京環状×新滝山街道,R4/10,八王子,C 八王子ＩＣ,7.丹木町,15,1,10,67,47,125,3
85,左入橋,東京環状×新滝山街道,R4/10,八王子,C 八王子ＩＣ,7.丹木町,16,3,16,64,20,103,0
85,左入橋,東京環状×新滝山街道,R4/10,八王子,C 八王子ＩＣ,7.丹木町,17,3,9,71,27,110,2
85,左入橋,東京環状×新滝山街道,R4/10,八王子,C 八王子ＩＣ,7.丹木町,18,1,7,100,25,133,0
85,左入橋,東京環状×新滝山街道,R4/10,八王子,C 八王子ＩＣ,7.丹木町,12時間計,18,153,1101,387,1659,36
85,左入橋,東京環状×新滝山街道,R4/10,八王子,C 八王子ＩＣ,8.堂方上,7,3,47,514,153,717,29
85,左入橋,東京環状×新滝山街道,R4/10,八王子,C 八王子ＩＣ,8.堂方上,8,3,49,439,171,662,11
85,左入橋,東京環状×新滝山街道,R4/10,八王子,C 八王子ＩＣ,8.堂方上,9,4,79,439,259,781,11
85,左入橋,東京環状×新滝山街道,R4/10,八王子,C 八王子ＩＣ,8.堂方上,10,0,87,373,178,638,13
85,左入橋,東京環状×新滝山街道,R4/10,八王子,C 八王子ＩＣ,8.堂方上,11,1,79,321,270,671,13
85,左入橋,東京環状×新滝山街道,R4/10,八王子,C 八王子ＩＣ,8.堂方上,12,1,83,333,269,686,10
85,左入橋,東京環状×新滝山街道,R4/10,八王子,C 八王子ＩＣ,8.堂方上,13,7,62,239,153,461,7
85,左入橋,東京環状×新滝山街道,R4/10,八王子,C 八王子ＩＣ,8.堂方上,14,9,68,262,154,493,11
85,左入橋,東京環状×新滝山街道,R4/10,八王子,C 八王子ＩＣ,8.堂方上,15,2,87,391,219,699,17
85,左入橋,東京環状×新滝山街道,R4/10,八王子,C 八王子ＩＣ,8.堂方上,16,10,92,527,176,805,17
85,左入橋,東京環状×新滝山街道,R4/10,八王子,C 八王子ＩＣ,8.堂方上,17,9,37,510,358,914,21
85,左入橋,東京環状×新滝山街道,R4/10,八王子,C 八王子ＩＣ,8.堂方上,18,3,44,402,286,735,11
85,左入橋,東京環状×新滝山街道,R4/10,八王子,C 八王子ＩＣ,8.堂方上,12時間計,52,814,4750,2646,8262,171
85,左入橋,東京環状×新滝山街道,R4/10,八王子,C 八王子ＩＣ,9.大和田三丁目,7,2,8,138,77,225,6
85,左入橋,東京環状×新滝山街道,R4/10,八王子,C 八王子ＩＣ,9.大和田三丁目,8,1,16,170,87,274,5
85,左入橋,東京環状×新滝山街道,R4/10,八王子,C 八王子ＩＣ,9.大和田三丁目,9,2,22,129,81,234,0
85,左入橋,東京環状×新滝山街道,R4/10,八王子,C 八王子ＩＣ,9.大和田三丁目,10,0,19,100,38,157,4
85,左入橋,東京環状×新滝山街道,R4/10,八王子,C 八王子ＩＣ,9.大和田三丁目,11,1,18,120,41,180,6
85,左入橋,東京環状×新滝山街道,R4/10,八王子,C 八王子ＩＣ,9.大和田三丁目,12,0,18,97,51,166,5
85,左入橋,東京環状×新滝山街道,R4/10,八王子,C 八王子ＩＣ,9.大和田三丁目,13,3,13,127,54,197,2
85,左入橋,東京環状×新滝山街道,R4/10,八王子,C 八王子ＩＣ,9.大和田三丁目,14,4,22,171,96,293,5
85,左入橋,東京環状×新滝山街道,R4/10,八王子,C 八王子ＩＣ,9.大和田三丁目,15,5,17,195,95,312,3
85,左入橋,東京環状×新滝山街道,R4/10,八王子,C 八王子ＩＣ,9.大和田三丁目,16,7,17,179,52,255,3
85,左入橋,東京環状×新滝山街道,R4/10,八王子,C 八王子ＩＣ,9.大和田三丁目,17,2,11,198,48,259,9
85,左入橋,東京環状×新滝山街道,R4/10,八王子,C 八王子ＩＣ,9.大和田三丁目,18,2,8,183,46,239,8
85,左入橋,東京環状×新滝山街道,R4/10,八王子,C 八王子ＩＣ,9.大和田三丁目,12時間計,29,189,1807,766,2791,56
85,左入橋,東京環状×新滝山街道,R4/10,八王子,C 八王子ＩＣ,流入計,7,5,63,777,251,1096,38
85,左入橋,東京環状×新滝山街道,R4/10,八王子,C 八王子ＩＣ,流入計,8,6,72,714,287,1079,19
85,左入橋,東京環状×新滝山街道,R4/10,八王子,C 八王子ＩＣ,流入計,9,7,116,655,379,1157,20
85,左入橋,東京環状×新滝山街道,R4/10,八王子,C 八王子ＩＣ,流入計,10,3,123,560,238,924,21
85,左入橋,東京環状×新滝山街道,R4/10,八王子,C 八王子ＩＣ,流入計,11,4,121,547,356,1028,23
85,左入橋,東京環状×新滝山街道,R4/10,八王子,C 八王子ＩＣ,流入計,12,1,113,553,355,1022,18
85,左入橋,東京環状×新滝山街道,R4/10,八王子,C 八王子ＩＣ,流入計,13,10,92,449,236,787,12
85,左入橋,東京環状×新滝山街道,R4/10,八王子,C 八王子ＩＣ,流入計,14,15,101,516,298,930,18
85,左入橋,東京環状×新滝山街道,R4/10,八王子,C 八王子ＩＣ,流入計,15,8,114,653,361,1136,23
85,左入橋,東京環状×新滝山街道,R4/10,八王子,C 八王子ＩＣ,流入計,16,20,125,770,248,1163,20
85,左入橋,東京環状×新滝山街道,R4/10,八王子,C 八王子ＩＣ,流入計,17,14,57,779,433,1283,32
85,左入橋,東京環状×新滝山街道,R4/10,八王子,C 八王子ＩＣ,流入計,18,6,59,685,357,1107,19
85,左入橋,東京環状×新滝山街道,R4/10,八王子,C 八王子ＩＣ,流入計,12時間計,99,1156,7658,3799,12712,263
85,左入橋,東京環状×新滝山街道,R4/10,八王子,D 大和田三丁目,10.八王子ＩＣ,7,3,14,271,101,389,9
85,左入橋,東京環状×新滝山街道,R4/10,八王子,D 大和田三丁目,10.八王子ＩＣ,8,2,23,276,120,421,8
85,左入橋,東京環状×新滝山街道,R4/10,八王子,D 大和田三丁目,10.八王子ＩＣ,9,3,36,221,137,397,2
85,左入橋,東京環状×新滝山街道,R4/10,八王子,D 大和田三丁目,10.八王子ＩＣ,10,3,37,200,128,368,8
85,左入橋,東京環状×新滝山街道,R4/10,八王子,D 大和田三丁目,10.八王子ＩＣ,11,2,34,252,171,459,14
85,左入橋,東京環状×新滝山街道,R4/10,八王子,D 大和田三丁目,10.八王子ＩＣ,12,1,27,181,125,334,6
85,左入橋,東京環状×新滝山街道,R4/10,八王子,D 大和田三丁目,10.八王子ＩＣ,13,2,12,244,114,372,4
85,左入橋,東京環状×新滝山街道,R4/10,八王子,D 大和田三丁目,10.八王子ＩＣ,14,4,29,271,130,434,8
85,左入橋,東京環状×新滝山街道,R4/10,八王子,D 大和田三丁目,10.八王子ＩＣ,15,5,29,240,154,428,3
85,左入橋,東京環状×新滝山街道,R4/10,八王子,D 大和田三丁目,10.八王子ＩＣ,16,4,19,284,147,454,5
85,左入橋,東京環状×新滝山街道,R4/10,八王子,D 大和田三丁目,10.八王子ＩＣ,17,6,18,220,176,420,7
85,左入橋,東京環状×新滝山街道,R4/10,八王子,D 大和田三丁目,10.八王子ＩＣ,18,1,11,197,101,310,7
85,左入橋,東京環状×新滝山街道,R4/10,八王子,D 大和田三丁目,10.八王子ＩＣ,12時間計,36,289,2857,1604,4786,81
85,左入橋,東京環状×新滝山街道,R4/10,八王子,D 大和田三丁目,11.丹木町,7,3,17,368,119,507,11
85,左入橋,東京環状×新滝山街道,R4/10,八王子,D 大和田三丁目,11.丹木町,8,8,44,288,131,471,17
85,左入橋,東京環状×新滝山街道,R4/10,八王子,D 大和田三丁目,11.丹木町,9,3,37,238,92,370,13
85,左入橋,東京環状×新滝山街道,R4/10,八王子,D 大和田三丁目,11.丹木町,10,1,33,239,117,390,16
85,左入橋,東京環状×新滝山街道,R4/10,八王子,D 大和田三丁目,11.丹木町,11,3,44,228,95,370,10
85,左入橋,東京環状×新滝山街道,R4/10,八王子,D 大和田三丁目,11.丹木町,12,1,47,254,104,406,15
85,左入橋,東京環状×新滝山街道,R4/10,八王子,D 大和田三丁目,11.丹木町,13,3,65,247,110,425,12
85,左入橋,東京環状×新滝山街道,R4/10,八王子,D 大和田三丁目,11.丹木町,14,2,68,203,123,396,10
85,左入橋,東京環状×新滝山街道,R4/10,八王子,D 大和田三丁目,11.丹木町,15,3,33,198,155,389,4
85,左入橋,東京環状×新滝山街道,R4/10,八王子,D 大和田三丁目,11.丹木町,16,10,45,162,111,328,9
85,左入橋,東京環状×新滝山街道,R4/10,八王子,D 大和田三丁目,11.丹木町,17,6,15,158,78,257,3
85,左入橋,東京環状×新滝山街道,R4/10,八王子,D 大和田三丁目,11.丹木町,18,6,24,388,51,469,12
85,左入橋,東京環状×新滝山街道,R4/10,八王子,D 大和田三丁目,11.丹木町,12時間計,49,472,2971,1286,4778,132
85,左入橋,東京環状×新滝山街道,R4/10,八王子,D 大和田三丁目,12.堂方上,7,15,96,337,133,581,24
85,左入橋,東京環状×新滝山街道,R4/10,八王子,D 大和田三丁目,12.堂方上,8,6,100,350,144,600,15
85,左入橋,東京環状×新滝山街道,R4/10,八王子,D 大和田三丁目,12.堂方上,9,1,119,221,162,503,5
85,左入橋,東京環状×新滝山街道,R4/10,八王子,D 大和田三丁目,12.堂方上,10,2,144,223,224,593,11
85,左入橋,東京環状×新滝山街道,R4/10,八王子,D 大和田三丁目,12.堂方上,11,2,153,155,220,530,6
85,左入橋,東京環状×新滝山街道,R4/10,八王子,D 大和田三丁目,12.堂方上,12,0,116,189,198,503,9
85,左入橋,東京環状×新滝山街道,R4/10,八王子,D 大和田三丁目,12.堂方上,13,4,154,278,240,676,14
85,左入橋,東京環状×新滝山街道,R4/10,八王子,D 大和田三丁目,12.堂方上,14,4,166,202,204,576,3
85,左入橋,東京環状×新滝山街道,R4/10,八王子,D 大和田三丁目,12.堂方上,15,5,98,280,159,542,9
85,左入橋,東京環状×新滝山街道,R4/10,八王子,D 大和田三丁目,12.堂方上,16,1,83,295,169,548,11
85,左入橋,東京環状×新滝山街道,R4/10,八王子,D 大和田三丁目,12.堂方上,17,2,64,341,202,609,20
85,左入橋,東京環状×新滝山街道,R4/10,八王子,D 大和田三丁目,12.堂方上,18,0,69,331,147,547,26
85,左入橋,東京環状×新滝山街道,R4/10,八王子,D 大和田三丁目,12.堂方上,12時間計,42,1362,3202,2202,6808,153
85,左入橋,東京環状×新滝山街道,R4/10,八王子,D 大和田三丁目,流入計,7,21,127,976,353,1477,44
85,左入橋,東京環状×新滝山街道,R4/10,八王子,D 大和田三丁目,流入計,8,16,167,914,395,1492,40
85,左入橋,東京環状×新滝山街道,R4/10,八王子,D 大和田三丁目,流入計,9,7,192,680,391,1270,20
85,左入橋,東京環状×新滝山街道,R4/10,八王子,D 大和田三丁目,流入計,10,6,214,662,469,1351,35
85,左入橋,東京環状×新滝山街道,R4/10,八王子,D 大和田三丁目,流入計,11,7,231,635,486,1359,30
85,左入橋,東京環状×新滝山街道,R4/10,八王子,D 大和田三丁目,流入計,12,2,190,624,427,1243,30
85,左入橋,東京環状×新滝山街道,R4/10,八王子,D 大和田三丁目,流入計,13,9,231,769,464,1473,30
85,左入橋,東京環状×新滝山街道,R4/10,八王子,D 大和田三丁目,流入計,14,10,263,676,457,1406,21
85,左入橋,東京環状×新滝山街道,R4/10,八王子,D 大和田三丁目,流入計,15,13,160,718,468,1359,16
85,左入橋,東京環状×新滝山街道,R4/10,八王子,D 大和田三丁目,流入計,16,15,147,741,427,1330,25
85,左入橋,東京環状×新滝山街道,R4/10,八王子,D 大和田三丁目,流入計,17,14,97,719,456,1286,30
85,左入橋,東京環状×新滝山街道,R4/10,八王子,D 大和田三丁目,流入計,18,7,104,916,299,1326,45
85,左入橋,東京環状×新滝山街道,R4/10,八王子,D 大和田三丁目,流入計,12時間計,127,2123,9030,5092,16372,366
