﻿地点番号,地点名,交差道路名,調査年月,管轄警察署,流出方向,時間帯等,大型乗用,大型貨物,普通乗用,普通貨物,四輪計,二輪車
85,左入橋,東京環状×新滝山街道,R4/10,八王子,A 堂方上,7,24,147,923,307,1401,54
85,左入橋,東京環状×新滝山街道,R4/10,八王子,A 堂方上,8,13,165,857,337,1372,29
85,左入橋,東京環状×新滝山街道,R4/10,八王子,A 堂方上,9,6,206,730,467,1409,17
85,左入橋,東京環状×新滝山街道,R4/10,八王子,A 堂方上,10,4,243,689,436,1372,24
85,左入橋,東京環状×新滝山街道,R4/10,八王子,A 堂方上,11,5,238,561,515,1319,22
85,左入橋,東京環状×新滝山街道,R4/10,八王子,A 堂方上,12,3,204,614,492,1313,21
85,左入橋,東京環状×新滝山街道,R4/10,八王子,A 堂方上,13,20,224,576,418,1238,27
85,左入橋,東京環状×新滝山街道,R4/10,八王子,A 堂方上,14,15,236,527,378,1156,19
85,左入橋,東京環状×新滝山街道,R4/10,八王子,A 堂方上,15,9,196,798,411,1414,30
85,左入橋,東京環状×新滝山街道,R4/10,八王子,A 堂方上,16,12,187,930,371,1500,30
85,左入橋,東京環状×新滝山街道,R4/10,八王子,A 堂方上,17,12,113,957,603,1685,46
85,左入橋,東京環状×新滝山街道,R4/10,八王子,A 堂方上,18,6,127,849,471,1453,41
85,左入橋,東京環状×新滝山街道,R4/10,八王子,A 堂方上,12時間計,129,2286,9011,5206,16632,360
85,左入橋,東京環状×新滝山街道,R4/10,八王子,B 丹木町,7,3,27,561,161,752,18
85,左入橋,東京環状×新滝山街道,R4/10,八王子,B 丹木町,8,13,56,477,190,736,26
85,左入橋,東京環状×新滝山街道,R4/10,八王子,B 丹木町,9,4,57,401,151,613,22
85,左入橋,東京環状×新滝山街道,R4/10,八王子,B 丹木町,10,5,62,435,162,664,26
85,左入橋,東京環状×新滝山街道,R4/10,八王子,B 丹木町,11,7,72,451,167,697,15
85,左入橋,東京環状×新滝山街道,R4/10,八王子,B 丹木町,12,2,65,455,157,679,19
85,左入橋,東京環状×新滝山街道,R4/10,八王子,B 丹木町,13,3,89,419,165,676,18
85,左入橋,東京環状×新滝山街道,R4/10,八王子,B 丹木町,14,6,89,344,199,638,13
85,左入橋,東京環状×新滝山街道,R4/10,八王子,B 丹木町,15,4,47,339,229,619,9
85,左入橋,東京環状×新滝山街道,R4/10,八王子,B 丹木町,16,17,69,320,155,561,11
85,左入橋,東京環状×新滝山街道,R4/10,八王子,B 丹木町,17,16,34,333,130,513,8
85,左入橋,東京環状×新滝山街道,R4/10,八王子,B 丹木町,18,9,34,618,96,757,14
85,左入橋,東京環状×新滝山街道,R4/10,八王子,B 丹木町,12時間計,89,701,5153,1962,7905,199
85,左入橋,東京環状×新滝山街道,R4/10,八王子,C 八王子ＩＣ,7,12,54,802,358,1226,29
85,左入橋,東京環状×新滝山街道,R4/10,八王子,C 八王子ＩＣ,8,11,84,815,332,1242,31
85,左入橋,東京環状×新滝山街道,R4/10,八王子,C 八王子ＩＣ,9,8,96,605,392,1101,18
85,左入橋,東京環状×新滝山街道,R4/10,八王子,C 八王子ＩＣ,10,8,99,542,358,1007,20
85,左入橋,東京環状×新滝山街道,R4/10,八王子,C 八王子ＩＣ,11,9,118,659,424,1210,32
85,左入橋,東京環状×新滝山街道,R4/10,八王子,C 八王子ＩＣ,12,4,82,606,365,1057,22
85,左入橋,東京環状×新滝山街道,R4/10,八王子,C 八王子ＩＣ,13,7,81,673,295,1056,13
85,左入橋,東京環状×新滝山街道,R4/10,八王子,C 八王子ＩＣ,14,12,121,758,275,1166,17
85,左入橋,東京環状×新滝山街道,R4/10,八王子,C 八王子ＩＣ,15,13,97,691,345,1146,18
85,左入橋,東京環状×新滝山街道,R4/10,八王子,C 八王子ＩＣ,16,9,86,857,431,1383,15
85,左入橋,東京環状×新滝山街道,R4/10,八王子,C 八王子ＩＣ,17,14,63,844,518,1439,39
85,左入橋,東京環状×新滝山街道,R4/10,八王子,C 八王子ＩＣ,18,6,49,658,431,1144,31
85,左入橋,東京環状×新滝山街道,R4/10,八王子,C 八王子ＩＣ,12時間計,113,1030,8510,4524,14177,285
85,左入橋,東京環状×新滝山街道,R4/10,八王子,D 大和田三丁目,7,14,108,550,381,1053,31
85,左入橋,東京環状×新滝山街道,R4/10,八王子,D 大和田三丁目,8,8,111,516,355,990,35
85,左入橋,東京環状×新滝山街道,R4/10,八王子,D 大和田三丁目,9,4,124,392,352,872,14
85,左入橋,東京環状×新滝山街道,R4/10,八王子,D 大和田三丁目,10,2,187,403,212,804,16
85,左入橋,東京環状×新滝山街道,R4/10,八王子,D 大和田三丁目,11,3,161,474,197,835,24
85,左入橋,東京環状×新滝山街道,R4/10,八王子,D 大和田三丁目,12,6,158,362,207,733,15
85,左入橋,東京環状×新滝山街道,R4/10,八王子,D 大和田三丁目,13,10,121,412,262,805,15
85,左入橋,東京環状×新滝山街道,R4/10,八王子,D 大和田三丁目,14,13,158,540,331,1042,32
85,左入橋,東京環状×新滝山街道,R4/10,八王子,D 大和田三丁目,15,11,117,537,320,985,24
85,左入橋,東京環状×新滝山街道,R4/10,八王子,D 大和田三丁目,16,11,110,630,225,976,34
85,左入橋,東京環状×新滝山街道,R4/10,八王子,D 大和田三丁目,17,4,87,642,187,920,41
85,左入橋,東京環状×新滝山街道,R4/10,八王子,D 大和田三丁目,18,33,59,713,169,974,41
85,左入橋,東京環状×新滝山街道,R4/10,八王子,D 大和田三丁目,12時間計,119,1501,6171,3198,10989,322
85,左入橋,東京環状×新滝山街道,R4/10,八王子,全方向合計,7,53,336,2836,1207,4432,132
85,左入橋,東京環状×新滝山街道,R4/10,八王子,全方向合計,8,45,416,2665,1214,4340,121
85,左入橋,東京環状×新滝山街道,R4/10,八王子,全方向合計,9,22,483,2128,1362,3995,71
85,左入橋,東京環状×新滝山街道,R4/10,八王子,全方向合計,10,19,591,2069,1168,3847,86
85,左入橋,東京環状×新滝山街道,R4/10,八王子,全方向合計,11,24,589,2145,1303,4061,93
85,左入橋,東京環状×新滝山街道,R4/10,八王子,全方向合計,12,15,509,2037,1221,3782,77
85,左入橋,東京環状×新滝山街道,R4/10,八王子,全方向合計,13,40,515,2080,1140,3775,73
85,左入橋,東京環状×新滝山街道,R4/10,八王子,全方向合計,14,46,604,2169,1183,4002,81
85,左入橋,東京環状×新滝山街道,R4/10,八王子,全方向合計,15,37,457,2365,1305,4164,81
85,左入橋,東京環状×新滝山街道,R4/10,八王子,全方向合計,16,49,452,2737,1182,4420,90
85,左入橋,東京環状×新滝山街道,R4/10,八王子,全方向合計,17,46,297,2776,1438,4557,134
85,左入橋,東京環状×新滝山街道,R4/10,八王子,全方向合計,18,54,269,2838,1167,4328,127
85,左入橋,東京環状×新滝山街道,R4/10,八王子,全方向合計,12時間計,450,5518,28845,14890,49703,1166
