﻿地点番号,地点名,交差道路名,調査年月,管轄警察署,流入方向,流出方向,時間帯等,車道通行自転車,歩道通行自転車,自転車計
85,左入橋,東京環状×新滝山街道,R4/10,八王子,A 堂方上,1大和田三丁目,7,0,-,-
85,左入橋,東京環状×新滝山街道,R4/10,八王子,A 堂方上,1大和田三丁目,8,0,-,-
85,左入橋,東京環状×新滝山街道,R4/10,八王子,A 堂方上,1大和田三丁目,9,0,-,-
85,左入橋,東京環状×新滝山街道,R4/10,八王子,A 堂方上,1大和田三丁目,10,0,-,-
85,左入橋,東京環状×新滝山街道,R4/10,八王子,A 堂方上,1大和田三丁目,11,0,-,-
85,左入橋,東京環状×新滝山街道,R4/10,八王子,A 堂方上,1大和田三丁目,12,0,-,-
85,左入橋,東京環状×新滝山街道,R4/10,八王子,A 堂方上,1大和田三丁目,13,0,-,-
85,左入橋,東京環状×新滝山街道,R4/10,八王子,A 堂方上,1大和田三丁目,14,0,-,-
85,左入橋,東京環状×新滝山街道,R4/10,八王子,A 堂方上,1大和田三丁目,15,1,-,-
85,左入橋,東京環状×新滝山街道,R4/10,八王子,A 堂方上,1大和田三丁目,16,0,-,-
85,左入橋,東京環状×新滝山街道,R4/10,八王子,A 堂方上,1大和田三丁目,17,0,-,-
85,左入橋,東京環状×新滝山街道,R4/10,八王子,A 堂方上,1大和田三丁目,18,0,-,-
85,左入橋,東京環状×新滝山街道,R4/10,八王子,A 堂方上,1大和田三丁目,12時間計,1,-,-
85,左入橋,東京環状×新滝山街道,R4/10,八王子,A 堂方上,2八王子ＩＣ,7,1,-,-
85,左入橋,東京環状×新滝山街道,R4/10,八王子,A 堂方上,2八王子ＩＣ,8,3,-,-
85,左入橋,東京環状×新滝山街道,R4/10,八王子,A 堂方上,2八王子ＩＣ,9,0,-,-
85,左入橋,東京環状×新滝山街道,R4/10,八王子,A 堂方上,2八王子ＩＣ,10,0,-,-
85,左入橋,東京環状×新滝山街道,R4/10,八王子,A 堂方上,2八王子ＩＣ,11,0,-,-
85,左入橋,東京環状×新滝山街道,R4/10,八王子,A 堂方上,2八王子ＩＣ,12,0,-,-
85,左入橋,東京環状×新滝山街道,R4/10,八王子,A 堂方上,2八王子ＩＣ,13,0,-,-
85,左入橋,東京環状×新滝山街道,R4/10,八王子,A 堂方上,2八王子ＩＣ,14,0,-,-
85,左入橋,東京環状×新滝山街道,R4/10,八王子,A 堂方上,2八王子ＩＣ,15,0,-,-
85,左入橋,東京環状×新滝山街道,R4/10,八王子,A 堂方上,2八王子ＩＣ,16,0,-,-
85,左入橋,東京環状×新滝山街道,R4/10,八王子,A 堂方上,2八王子ＩＣ,17,0,-,-
85,左入橋,東京環状×新滝山街道,R4/10,八王子,A 堂方上,2八王子ＩＣ,18,0,-,-
85,左入橋,東京環状×新滝山街道,R4/10,八王子,A 堂方上,2八王子ＩＣ,12時間計,4,-,-
85,左入橋,東京環状×新滝山街道,R4/10,八王子,A 堂方上,3丹木町,7,0,-,-
85,左入橋,東京環状×新滝山街道,R4/10,八王子,A 堂方上,3丹木町,8,0,-,-
85,左入橋,東京環状×新滝山街道,R4/10,八王子,A 堂方上,3丹木町,9,0,-,-
85,左入橋,東京環状×新滝山街道,R4/10,八王子,A 堂方上,3丹木町,10,0,-,-
85,左入橋,東京環状×新滝山街道,R4/10,八王子,A 堂方上,3丹木町,11,0,-,-
85,左入橋,東京環状×新滝山街道,R4/10,八王子,A 堂方上,3丹木町,12,0,-,-
85,左入橋,東京環状×新滝山街道,R4/10,八王子,A 堂方上,3丹木町,13,0,-,-
85,左入橋,東京環状×新滝山街道,R4/10,八王子,A 堂方上,3丹木町,14,0,-,-
85,左入橋,東京環状×新滝山街道,R4/10,八王子,A 堂方上,3丹木町,15,0,-,-
85,左入橋,東京環状×新滝山街道,R4/10,八王子,A 堂方上,3丹木町,16,0,-,-
85,左入橋,東京環状×新滝山街道,R4/10,八王子,A 堂方上,3丹木町,17,0,-,-
85,左入橋,東京環状×新滝山街道,R4/10,八王子,A 堂方上,3丹木町,18,0,-,-
85,左入橋,東京環状×新滝山街道,R4/10,八王子,A 堂方上,3丹木町,12時間計,0,-,-
85,左入橋,東京環状×新滝山街道,R4/10,八王子,A 堂方上,流入計,7,1,22,23
85,左入橋,東京環状×新滝山街道,R4/10,八王子,A 堂方上,流入計,8,3,28,31
85,左入橋,東京環状×新滝山街道,R4/10,八王子,A 堂方上,流入計,9,0,19,19
85,左入橋,東京環状×新滝山街道,R4/10,八王子,A 堂方上,流入計,10,0,19,19
85,左入橋,東京環状×新滝山街道,R4/10,八王子,A 堂方上,流入計,11,0,9,9
85,左入橋,東京環状×新滝山街道,R4/10,八王子,A 堂方上,流入計,12,0,14,14
85,左入橋,東京環状×新滝山街道,R4/10,八王子,A 堂方上,流入計,13,0,13,13
85,左入橋,東京環状×新滝山街道,R4/10,八王子,A 堂方上,流入計,14,0,18,18
85,左入橋,東京環状×新滝山街道,R4/10,八王子,A 堂方上,流入計,15,1,39,40
85,左入橋,東京環状×新滝山街道,R4/10,八王子,A 堂方上,流入計,16,0,26,26
85,左入橋,東京環状×新滝山街道,R4/10,八王子,A 堂方上,流入計,17,0,39,39
85,左入橋,東京環状×新滝山街道,R4/10,八王子,A 堂方上,流入計,18,0,28,28
85,左入橋,東京環状×新滝山街道,R4/10,八王子,A 堂方上,流入計,12時間計,5,274,279
85,左入橋,東京環状×新滝山街道,R4/10,八王子,B 丹木町,4堂方上,7,0,-,-
85,左入橋,東京環状×新滝山街道,R4/10,八王子,B 丹木町,4堂方上,8,0,-,-
85,左入橋,東京環状×新滝山街道,R4/10,八王子,B 丹木町,4堂方上,9,0,-,-
85,左入橋,東京環状×新滝山街道,R4/10,八王子,B 丹木町,4堂方上,10,0,-,-
85,左入橋,東京環状×新滝山街道,R4/10,八王子,B 丹木町,4堂方上,11,0,-,-
85,左入橋,東京環状×新滝山街道,R4/10,八王子,B 丹木町,4堂方上,12,0,-,-
85,左入橋,東京環状×新滝山街道,R4/10,八王子,B 丹木町,4堂方上,13,0,-,-
85,左入橋,東京環状×新滝山街道,R4/10,八王子,B 丹木町,4堂方上,14,0,-,-
85,左入橋,東京環状×新滝山街道,R4/10,八王子,B 丹木町,4堂方上,15,0,-,-
85,左入橋,東京環状×新滝山街道,R4/10,八王子,B 丹木町,4堂方上,16,1,-,-
85,左入橋,東京環状×新滝山街道,R4/10,八王子,B 丹木町,4堂方上,17,0,-,-
85,左入橋,東京環状×新滝山街道,R4/10,八王子,B 丹木町,4堂方上,18,0,-,-
85,左入橋,東京環状×新滝山街道,R4/10,八王子,B 丹木町,4堂方上,12時間計,1,-,-
85,左入橋,東京環状×新滝山街道,R4/10,八王子,B 丹木町,5大和田三丁目,7,0,-,-
85,左入橋,東京環状×新滝山街道,R4/10,八王子,B 丹木町,5大和田三丁目,8,0,-,-
85,左入橋,東京環状×新滝山街道,R4/10,八王子,B 丹木町,5大和田三丁目,9,0,-,-
85,左入橋,東京環状×新滝山街道,R4/10,八王子,B 丹木町,5大和田三丁目,10,0,-,-
85,左入橋,東京環状×新滝山街道,R4/10,八王子,B 丹木町,5大和田三丁目,11,0,-,-
85,左入橋,東京環状×新滝山街道,R4/10,八王子,B 丹木町,5大和田三丁目,12,0,-,-
85,左入橋,東京環状×新滝山街道,R4/10,八王子,B 丹木町,5大和田三丁目,13,0,-,-
85,左入橋,東京環状×新滝山街道,R4/10,八王子,B 丹木町,5大和田三丁目,14,0,-,-
85,左入橋,東京環状×新滝山街道,R4/10,八王子,B 丹木町,5大和田三丁目,15,0,-,-
85,左入橋,東京環状×新滝山街道,R4/10,八王子,B 丹木町,5大和田三丁目,16,0,-,-
85,左入橋,東京環状×新滝山街道,R4/10,八王子,B 丹木町,5大和田三丁目,17,0,-,-
85,左入橋,東京環状×新滝山街道,R4/10,八王子,B 丹木町,5大和田三丁目,18,0,-,-
85,左入橋,東京環状×新滝山街道,R4/10,八王子,B 丹木町,5大和田三丁目,12時間計,0,-,-
85,左入橋,東京環状×新滝山街道,R4/10,八王子,B 丹木町,6八王子ＩＣ,7,0,-,-
85,左入橋,東京環状×新滝山街道,R4/10,八王子,B 丹木町,6八王子ＩＣ,8,0,-,-
85,左入橋,東京環状×新滝山街道,R4/10,八王子,B 丹木町,6八王子ＩＣ,9,0,-,-
85,左入橋,東京環状×新滝山街道,R4/10,八王子,B 丹木町,6八王子ＩＣ,10,0,-,-
85,左入橋,東京環状×新滝山街道,R4/10,八王子,B 丹木町,6八王子ＩＣ,11,0,-,-
85,左入橋,東京環状×新滝山街道,R4/10,八王子,B 丹木町,6八王子ＩＣ,12,0,-,-
85,左入橋,東京環状×新滝山街道,R4/10,八王子,B 丹木町,6八王子ＩＣ,13,0,-,-
85,左入橋,東京環状×新滝山街道,R4/10,八王子,B 丹木町,6八王子ＩＣ,14,0,-,-
85,左入橋,東京環状×新滝山街道,R4/10,八王子,B 丹木町,6八王子ＩＣ,15,0,-,-
85,左入橋,東京環状×新滝山街道,R4/10,八王子,B 丹木町,6八王子ＩＣ,16,0,-,-
85,左入橋,東京環状×新滝山街道,R4/10,八王子,B 丹木町,6八王子ＩＣ,17,0,-,-
85,左入橋,東京環状×新滝山街道,R4/10,八王子,B 丹木町,6八王子ＩＣ,18,0,-,-
85,左入橋,東京環状×新滝山街道,R4/10,八王子,B 丹木町,6八王子ＩＣ,12時間計,0,-,-
85,左入橋,東京環状×新滝山街道,R4/10,八王子,B 丹木町,流入計,7,0,27,27
85,左入橋,東京環状×新滝山街道,R4/10,八王子,B 丹木町,流入計,8,0,70,70
85,左入橋,東京環状×新滝山街道,R4/10,八王子,B 丹木町,流入計,9,0,18,18
85,左入橋,東京環状×新滝山街道,R4/10,八王子,B 丹木町,流入計,10,0,27,27
85,左入橋,東京環状×新滝山街道,R4/10,八王子,B 丹木町,流入計,11,0,14,14
85,左入橋,東京環状×新滝山街道,R4/10,八王子,B 丹木町,流入計,12,0,14,14
85,左入橋,東京環状×新滝山街道,R4/10,八王子,B 丹木町,流入計,13,0,6,6
85,左入橋,東京環状×新滝山街道,R4/10,八王子,B 丹木町,流入計,14,0,8,8
85,左入橋,東京環状×新滝山街道,R4/10,八王子,B 丹木町,流入計,15,0,30,30
85,左入橋,東京環状×新滝山街道,R4/10,八王子,B 丹木町,流入計,16,1,52,53
85,左入橋,東京環状×新滝山街道,R4/10,八王子,B 丹木町,流入計,17,0,37,37
85,左入橋,東京環状×新滝山街道,R4/10,八王子,B 丹木町,流入計,18,0,14,14
85,左入橋,東京環状×新滝山街道,R4/10,八王子,B 丹木町,流入計,12時間計,1,317,318
85,左入橋,東京環状×新滝山街道,R4/10,八王子,C 八王子ＩＣ,7丹木町,7,0,-,-
85,左入橋,東京環状×新滝山街道,R4/10,八王子,C 八王子ＩＣ,7丹木町,8,0,-,-
85,左入橋,東京環状×新滝山街道,R4/10,八王子,C 八王子ＩＣ,7丹木町,9,1,-,-
85,左入橋,東京環状×新滝山街道,R4/10,八王子,C 八王子ＩＣ,7丹木町,10,0,-,-
85,左入橋,東京環状×新滝山街道,R4/10,八王子,C 八王子ＩＣ,7丹木町,11,0,-,-
85,左入橋,東京環状×新滝山街道,R4/10,八王子,C 八王子ＩＣ,7丹木町,12,0,-,-
85,左入橋,東京環状×新滝山街道,R4/10,八王子,C 八王子ＩＣ,7丹木町,13,0,-,-
85,左入橋,東京環状×新滝山街道,R4/10,八王子,C 八王子ＩＣ,7丹木町,14,0,-,-
85,左入橋,東京環状×新滝山街道,R4/10,八王子,C 八王子ＩＣ,7丹木町,15,0,-,-
85,左入橋,東京環状×新滝山街道,R4/10,八王子,C 八王子ＩＣ,7丹木町,16,0,-,-
85,左入橋,東京環状×新滝山街道,R4/10,八王子,C 八王子ＩＣ,7丹木町,17,0,-,-
85,左入橋,東京環状×新滝山街道,R4/10,八王子,C 八王子ＩＣ,7丹木町,18,0,-,-
85,左入橋,東京環状×新滝山街道,R4/10,八王子,C 八王子ＩＣ,7丹木町,12時間計,1,-,-
85,左入橋,東京環状×新滝山街道,R4/10,八王子,C 八王子ＩＣ,8堂方上,7,0,-,-
85,左入橋,東京環状×新滝山街道,R4/10,八王子,C 八王子ＩＣ,8堂方上,8,0,-,-
85,左入橋,東京環状×新滝山街道,R4/10,八王子,C 八王子ＩＣ,8堂方上,9,0,-,-
85,左入橋,東京環状×新滝山街道,R4/10,八王子,C 八王子ＩＣ,8堂方上,10,0,-,-
85,左入橋,東京環状×新滝山街道,R4/10,八王子,C 八王子ＩＣ,8堂方上,11,0,-,-
85,左入橋,東京環状×新滝山街道,R4/10,八王子,C 八王子ＩＣ,8堂方上,12,0,-,-
85,左入橋,東京環状×新滝山街道,R4/10,八王子,C 八王子ＩＣ,8堂方上,13,1,-,-
85,左入橋,東京環状×新滝山街道,R4/10,八王子,C 八王子ＩＣ,8堂方上,14,0,-,-
85,左入橋,東京環状×新滝山街道,R4/10,八王子,C 八王子ＩＣ,8堂方上,15,0,-,-
85,左入橋,東京環状×新滝山街道,R4/10,八王子,C 八王子ＩＣ,8堂方上,16,0,-,-
85,左入橋,東京環状×新滝山街道,R4/10,八王子,C 八王子ＩＣ,8堂方上,17,0,-,-
85,左入橋,東京環状×新滝山街道,R4/10,八王子,C 八王子ＩＣ,8堂方上,18,0,-,-
85,左入橋,東京環状×新滝山街道,R4/10,八王子,C 八王子ＩＣ,8堂方上,12時間計,1,-,-
85,左入橋,東京環状×新滝山街道,R4/10,八王子,C 八王子ＩＣ,9大和田三丁目,7,0,-,-
85,左入橋,東京環状×新滝山街道,R4/10,八王子,C 八王子ＩＣ,9大和田三丁目,8,0,-,-
85,左入橋,東京環状×新滝山街道,R4/10,八王子,C 八王子ＩＣ,9大和田三丁目,9,0,-,-
85,左入橋,東京環状×新滝山街道,R4/10,八王子,C 八王子ＩＣ,9大和田三丁目,10,0,-,-
85,左入橋,東京環状×新滝山街道,R4/10,八王子,C 八王子ＩＣ,9大和田三丁目,11,0,-,-
85,左入橋,東京環状×新滝山街道,R4/10,八王子,C 八王子ＩＣ,9大和田三丁目,12,0,-,-
85,左入橋,東京環状×新滝山街道,R4/10,八王子,C 八王子ＩＣ,9大和田三丁目,13,0,-,-
85,左入橋,東京環状×新滝山街道,R4/10,八王子,C 八王子ＩＣ,9大和田三丁目,14,0,-,-
85,左入橋,東京環状×新滝山街道,R4/10,八王子,C 八王子ＩＣ,9大和田三丁目,15,0,-,-
85,左入橋,東京環状×新滝山街道,R4/10,八王子,C 八王子ＩＣ,9大和田三丁目,16,0,-,-
85,左入橋,東京環状×新滝山街道,R4/10,八王子,C 八王子ＩＣ,9大和田三丁目,17,0,-,-
85,左入橋,東京環状×新滝山街道,R4/10,八王子,C 八王子ＩＣ,9大和田三丁目,18,0,-,-
85,左入橋,東京環状×新滝山街道,R4/10,八王子,C 八王子ＩＣ,9大和田三丁目,12時間計,0,-,-
85,左入橋,東京環状×新滝山街道,R4/10,八王子,C 八王子ＩＣ,流入計,7,0,28,28
85,左入橋,東京環状×新滝山街道,R4/10,八王子,C 八王子ＩＣ,流入計,8,0,46,46
85,左入橋,東京環状×新滝山街道,R4/10,八王子,C 八王子ＩＣ,流入計,9,1,10,11
85,左入橋,東京環状×新滝山街道,R4/10,八王子,C 八王子ＩＣ,流入計,10,0,6,6
85,左入橋,東京環状×新滝山街道,R4/10,八王子,C 八王子ＩＣ,流入計,11,0,9,9
85,左入橋,東京環状×新滝山街道,R4/10,八王子,C 八王子ＩＣ,流入計,12,0,14,14
85,左入橋,東京環状×新滝山街道,R4/10,八王子,C 八王子ＩＣ,流入計,13,1,14,15
85,左入橋,東京環状×新滝山街道,R4/10,八王子,C 八王子ＩＣ,流入計,14,0,9,9
85,左入橋,東京環状×新滝山街道,R4/10,八王子,C 八王子ＩＣ,流入計,15,0,11,11
85,左入橋,東京環状×新滝山街道,R4/10,八王子,C 八王子ＩＣ,流入計,16,0,10,10
85,左入橋,東京環状×新滝山街道,R4/10,八王子,C 八王子ＩＣ,流入計,17,0,17,17
85,左入橋,東京環状×新滝山街道,R4/10,八王子,C 八王子ＩＣ,流入計,18,0,19,19
85,左入橋,東京環状×新滝山街道,R4/10,八王子,C 八王子ＩＣ,流入計,12時間計,2,193,195
85,左入橋,東京環状×新滝山街道,R4/10,八王子,D 大和田三丁目,10八王子ＩＣ,7,0,-,-
85,左入橋,東京環状×新滝山街道,R4/10,八王子,D 大和田三丁目,10八王子ＩＣ,8,0,-,-
85,左入橋,東京環状×新滝山街道,R4/10,八王子,D 大和田三丁目,10八王子ＩＣ,9,0,-,-
85,左入橋,東京環状×新滝山街道,R4/10,八王子,D 大和田三丁目,10八王子ＩＣ,10,0,-,-
85,左入橋,東京環状×新滝山街道,R4/10,八王子,D 大和田三丁目,10八王子ＩＣ,11,0,-,-
85,左入橋,東京環状×新滝山街道,R4/10,八王子,D 大和田三丁目,10八王子ＩＣ,12,0,-,-
85,左入橋,東京環状×新滝山街道,R4/10,八王子,D 大和田三丁目,10八王子ＩＣ,13,0,-,-
85,左入橋,東京環状×新滝山街道,R4/10,八王子,D 大和田三丁目,10八王子ＩＣ,14,0,-,-
85,左入橋,東京環状×新滝山街道,R4/10,八王子,D 大和田三丁目,10八王子ＩＣ,15,0,-,-
85,左入橋,東京環状×新滝山街道,R4/10,八王子,D 大和田三丁目,10八王子ＩＣ,16,0,-,-
85,左入橋,東京環状×新滝山街道,R4/10,八王子,D 大和田三丁目,10八王子ＩＣ,17,0,-,-
85,左入橋,東京環状×新滝山街道,R4/10,八王子,D 大和田三丁目,10八王子ＩＣ,18,0,-,-
85,左入橋,東京環状×新滝山街道,R4/10,八王子,D 大和田三丁目,10八王子ＩＣ,12時間計,0,-,-
85,左入橋,東京環状×新滝山街道,R4/10,八王子,D 大和田三丁目,11丹木町,7,1,-,-
85,左入橋,東京環状×新滝山街道,R4/10,八王子,D 大和田三丁目,11丹木町,8,0,-,-
85,左入橋,東京環状×新滝山街道,R4/10,八王子,D 大和田三丁目,11丹木町,9,0,-,-
85,左入橋,東京環状×新滝山街道,R4/10,八王子,D 大和田三丁目,11丹木町,10,0,-,-
85,左入橋,東京環状×新滝山街道,R4/10,八王子,D 大和田三丁目,11丹木町,11,0,-,-
85,左入橋,東京環状×新滝山街道,R4/10,八王子,D 大和田三丁目,11丹木町,12,0,-,-
85,左入橋,東京環状×新滝山街道,R4/10,八王子,D 大和田三丁目,11丹木町,13,0,-,-
85,左入橋,東京環状×新滝山街道,R4/10,八王子,D 大和田三丁目,11丹木町,14,0,-,-
85,左入橋,東京環状×新滝山街道,R4/10,八王子,D 大和田三丁目,11丹木町,15,0,-,-
85,左入橋,東京環状×新滝山街道,R4/10,八王子,D 大和田三丁目,11丹木町,16,0,-,-
85,左入橋,東京環状×新滝山街道,R4/10,八王子,D 大和田三丁目,11丹木町,17,0,-,-
85,左入橋,東京環状×新滝山街道,R4/10,八王子,D 大和田三丁目,11丹木町,18,0,-,-
85,左入橋,東京環状×新滝山街道,R4/10,八王子,D 大和田三丁目,11丹木町,12時間計,1,-,-
85,左入橋,東京環状×新滝山街道,R4/10,八王子,D 大和田三丁目,12堂方上,7,1,-,-
85,左入橋,東京環状×新滝山街道,R4/10,八王子,D 大和田三丁目,12堂方上,8,0,-,-
85,左入橋,東京環状×新滝山街道,R4/10,八王子,D 大和田三丁目,12堂方上,9,0,-,-
85,左入橋,東京環状×新滝山街道,R4/10,八王子,D 大和田三丁目,12堂方上,10,0,-,-
85,左入橋,東京環状×新滝山街道,R4/10,八王子,D 大和田三丁目,12堂方上,11,0,-,-
85,左入橋,東京環状×新滝山街道,R4/10,八王子,D 大和田三丁目,12堂方上,12,0,-,-
85,左入橋,東京環状×新滝山街道,R4/10,八王子,D 大和田三丁目,12堂方上,13,1,-,-
85,左入橋,東京環状×新滝山街道,R4/10,八王子,D 大和田三丁目,12堂方上,14,0,-,-
85,左入橋,東京環状×新滝山街道,R4/10,八王子,D 大和田三丁目,12堂方上,15,0,-,-
85,左入橋,東京環状×新滝山街道,R4/10,八王子,D 大和田三丁目,12堂方上,16,0,-,-
85,左入橋,東京環状×新滝山街道,R4/10,八王子,D 大和田三丁目,12堂方上,17,0,-,-
85,左入橋,東京環状×新滝山街道,R4/10,八王子,D 大和田三丁目,12堂方上,18,0,-,-
85,左入橋,東京環状×新滝山街道,R4/10,八王子,D 大和田三丁目,12堂方上,12時間計,2,-,-
85,左入橋,東京環状×新滝山街道,R4/10,八王子,D 大和田三丁目,流入計,7,2,16,18
85,左入橋,東京環状×新滝山街道,R4/10,八王子,D 大和田三丁目,流入計,8,0,31,31
85,左入橋,東京環状×新滝山街道,R4/10,八王子,D 大和田三丁目,流入計,9,0,15,15
85,左入橋,東京環状×新滝山街道,R4/10,八王子,D 大和田三丁目,流入計,10,0,9,9
85,左入橋,東京環状×新滝山街道,R4/10,八王子,D 大和田三丁目,流入計,11,0,5,5
85,左入橋,東京環状×新滝山街道,R4/10,八王子,D 大和田三丁目,流入計,12,0,9,9
85,左入橋,東京環状×新滝山街道,R4/10,八王子,D 大和田三丁目,流入計,13,1,5,6
85,左入橋,東京環状×新滝山街道,R4/10,八王子,D 大和田三丁目,流入計,14,0,12,12
85,左入橋,東京環状×新滝山街道,R4/10,八王子,D 大和田三丁目,流入計,15,0,2,2
85,左入橋,東京環状×新滝山街道,R4/10,八王子,D 大和田三丁目,流入計,16,0,5,5
85,左入橋,東京環状×新滝山街道,R4/10,八王子,D 大和田三丁目,流入計,17,0,14,14
85,左入橋,東京環状×新滝山街道,R4/10,八王子,D 大和田三丁目,流入計,18,0,17,17
85,左入橋,東京環状×新滝山街道,R4/10,八王子,D 大和田三丁目,流入計,12時間計,3,140,143
85,左入橋,東京環状×新滝山街道,R4/10,八王子,全方向計,全方向計,7,3,93,96
85,左入橋,東京環状×新滝山街道,R4/10,八王子,全方向計,全方向計,8,3,175,178
85,左入橋,東京環状×新滝山街道,R4/10,八王子,全方向計,全方向計,9,1,62,63
85,左入橋,東京環状×新滝山街道,R4/10,八王子,全方向計,全方向計,10,0,61,61
85,左入橋,東京環状×新滝山街道,R4/10,八王子,全方向計,全方向計,11,0,37,37
85,左入橋,東京環状×新滝山街道,R4/10,八王子,全方向計,全方向計,12,0,51,51
85,左入橋,東京環状×新滝山街道,R4/10,八王子,全方向計,全方向計,13,2,38,40
85,左入橋,東京環状×新滝山街道,R4/10,八王子,全方向計,全方向計,14,0,47,47
85,左入橋,東京環状×新滝山街道,R4/10,八王子,全方向計,全方向計,15,1,82,83
85,左入橋,東京環状×新滝山街道,R4/10,八王子,全方向計,全方向計,16,1,93,94
85,左入橋,東京環状×新滝山街道,R4/10,八王子,全方向計,全方向計,17,0,107,107
85,左入橋,東京環状×新滝山街道,R4/10,八王子,全方向計,全方向計,18,0,78,78
85,左入橋,東京環状×新滝山街道,R4/10,八王子,全方向計,全方向計,12時間計,11,924,935
