﻿地点番号,地点名,交差道路名,調査年月,管轄警察署,流入方向,流出方向,時間帯等,大型乗用,大型貨物,普通乗用,普通貨物,四輪計,二輪車
54,田園調布警察前,環八通り×中原街道,R4/11,田園調布,A 等々力不動前,1.南千束,7,0,2,38,27,67,6
54,田園調布警察前,環八通り×中原街道,R4/11,田園調布,A 等々力不動前,1.南千束,8,0,4,57,32,93,2
54,田園調布警察前,環八通り×中原街道,R4/11,田園調布,A 等々力不動前,1.南千束,9,0,1,35,30,66,4
54,田園調布警察前,環八通り×中原街道,R4/11,田園調布,A 等々力不動前,1.南千束,10,0,7,53,33,93,6
54,田園調布警察前,環八通り×中原街道,R4/11,田園調布,A 等々力不動前,1.南千束,11,0,11,49,39,99,9
54,田園調布警察前,環八通り×中原街道,R4/11,田園調布,A 等々力不動前,1.南千束,12,0,5,49,29,83,9
54,田園調布警察前,環八通り×中原街道,R4/11,田園調布,A 等々力不動前,1.南千束,13,1,5,48,42,96,10
54,田園調布警察前,環八通り×中原街道,R4/11,田園調布,A 等々力不動前,1.南千束,14,0,5,54,34,93,8
54,田園調布警察前,環八通り×中原街道,R4/11,田園調布,A 等々力不動前,1.南千束,15,2,3,57,34,96,5
54,田園調布警察前,環八通り×中原街道,R4/11,田園調布,A 等々力不動前,1.南千束,16,0,2,41,40,83,5
54,田園調布警察前,環八通り×中原街道,R4/11,田園調布,A 等々力不動前,1.南千束,17,0,2,47,25,74,4
54,田園調布警察前,環八通り×中原街道,R4/11,田園調布,A 等々力不動前,1.南千束,18,1,2,47,19,69,2
54,田園調布警察前,環八通り×中原街道,R4/11,田園調布,A 等々力不動前,1.南千束,12時間計,4,49,575,384,1012,70
54,田園調布警察前,環八通り×中原街道,R4/11,田園調布,A 等々力不動前,2.蒲田,7,0,2,22,13,37,19
54,田園調布警察前,環八通り×中原街道,R4/11,田園調布,A 等々力不動前,2.蒲田,8,0,0,38,13,51,3
54,田園調布警察前,環八通り×中原街道,R4/11,田園調布,A 等々力不動前,2.蒲田,9,0,2,24,21,47,7
54,田園調布警察前,環八通り×中原街道,R4/11,田園調布,A 等々力不動前,2.蒲田,10,0,0,28,21,49,5
54,田園調布警察前,環八通り×中原街道,R4/11,田園調布,A 等々力不動前,2.蒲田,11,0,0,28,16,44,7
54,田園調布警察前,環八通り×中原街道,R4/11,田園調布,A 等々力不動前,2.蒲田,12,0,1,30,12,43,21
54,田園調布警察前,環八通り×中原街道,R4/11,田園調布,A 等々力不動前,2.蒲田,13,0,0,22,19,41,7
54,田園調布警察前,環八通り×中原街道,R4/11,田園調布,A 等々力不動前,2.蒲田,14,0,0,36,8,44,10
54,田園調布警察前,環八通り×中原街道,R4/11,田園調布,A 等々力不動前,2.蒲田,15,0,1,20,17,38,7
54,田園調布警察前,環八通り×中原街道,R4/11,田園調布,A 等々力不動前,2.蒲田,16,0,0,35,20,55,15
54,田園調布警察前,環八通り×中原街道,R4/11,田園調布,A 等々力不動前,2.蒲田,17,0,1,37,12,50,8
54,田園調布警察前,環八通り×中原街道,R4/11,田園調布,A 等々力不動前,2.蒲田,18,0,0,30,8,38,13
54,田園調布警察前,環八通り×中原街道,R4/11,田園調布,A 等々力不動前,2.蒲田,12時間計,0,7,350,180,537,122
54,田園調布警察前,環八通り×中原街道,R4/11,田園調布,A 等々力不動前,3.丸子橋,7,0,2,49,44,95,8
54,田園調布警察前,環八通り×中原街道,R4/11,田園調布,A 等々力不動前,3.丸子橋,8,0,3,63,35,101,6
54,田園調布警察前,環八通り×中原街道,R4/11,田園調布,A 等々力不動前,3.丸子橋,9,1,4,56,34,95,5
54,田園調布警察前,環八通り×中原街道,R4/11,田園調布,A 等々力不動前,3.丸子橋,10,0,2,44,20,66,3
54,田園調布警察前,環八通り×中原街道,R4/11,田園調布,A 等々力不動前,3.丸子橋,11,0,1,50,27,78,5
54,田園調布警察前,環八通り×中原街道,R4/11,田園調布,A 等々力不動前,3.丸子橋,12,0,2,66,37,105,4
54,田園調布警察前,環八通り×中原街道,R4/11,田園調布,A 等々力不動前,3.丸子橋,13,1,2,60,38,101,12
54,田園調布警察前,環八通り×中原街道,R4/11,田園調布,A 等々力不動前,3.丸子橋,14,0,1,35,32,68,6
54,田園調布警察前,環八通り×中原街道,R4/11,田園調布,A 等々力不動前,3.丸子橋,15,0,2,44,22,68,5
54,田園調布警察前,環八通り×中原街道,R4/11,田園調布,A 等々力不動前,3.丸子橋,16,1,0,46,17,64,1
54,田園調布警察前,環八通り×中原街道,R4/11,田園調布,A 等々力不動前,3.丸子橋,17,0,0,38,6,44,1
54,田園調布警察前,環八通り×中原街道,R4/11,田園調布,A 等々力不動前,3.丸子橋,18,2,1,88,41,132,16
54,田園調布警察前,環八通り×中原街道,R4/11,田園調布,A 等々力不動前,3.丸子橋,12時間計,5,20,639,353,1017,72
54,田園調布警察前,環八通り×中原街道,R4/11,田園調布,A 等々力不動前,4.蒲田,7,12,48,656,352,1068,70
54,田園調布警察前,環八通り×中原街道,R4/11,田園調布,A 等々力不動前,4.蒲田,8,4,39,748,327,1118,55
54,田園調布警察前,環八通り×中原街道,R4/11,田園調布,A 等々力不動前,4.蒲田,9,2,34,535,354,925,34
54,田園調布警察前,環八通り×中原街道,R4/11,田園調布,A 等々力不動前,4.蒲田,10,3,40,566,366,975,25
54,田園調布警察前,環八通り×中原街道,R4/11,田園調布,A 等々力不動前,4.蒲田,11,0,32,503,206,741,50
54,田園調布警察前,環八通り×中原街道,R4/11,田園調布,A 等々力不動前,4.蒲田,12,0,51,463,335,849,53
54,田園調布警察前,環八通り×中原街道,R4/11,田園調布,A 等々力不動前,4.蒲田,13,4,51,487,339,881,45
54,田園調布警察前,環八通り×中原街道,R4/11,田園調布,A 等々力不動前,4.蒲田,14,6,31,484,220,741,43
54,田園調布警察前,環八通り×中原街道,R4/11,田園調布,A 等々力不動前,4.蒲田,15,11,24,435,372,842,55
54,田園調布警察前,環八通り×中原街道,R4/11,田園調布,A 等々力不動前,4.蒲田,16,3,23,397,283,706,44
54,田園調布警察前,環八通り×中原街道,R4/11,田園調布,A 等々力不動前,4.蒲田,17,2,24,485,250,761,48
54,田園調布警察前,環八通り×中原街道,R4/11,田園調布,A 等々力不動前,4.蒲田,18,6,17,464,170,657,73
54,田園調布警察前,環八通り×中原街道,R4/11,田園調布,A 等々力不動前,4.蒲田,12時間計,53,414,6223,3574,10264,595
54,田園調布警察前,環八通り×中原街道,R4/11,田園調布,A 等々力不動前,流入計,7,12,54,765,436,1267,103
54,田園調布警察前,環八通り×中原街道,R4/11,田園調布,A 等々力不動前,流入計,8,4,46,906,407,1363,66
54,田園調布警察前,環八通り×中原街道,R4/11,田園調布,A 等々力不動前,流入計,9,3,41,650,439,1133,50
54,田園調布警察前,環八通り×中原街道,R4/11,田園調布,A 等々力不動前,流入計,10,3,49,691,440,1183,39
54,田園調布警察前,環八通り×中原街道,R4/11,田園調布,A 等々力不動前,流入計,11,0,44,630,288,962,71
54,田園調布警察前,環八通り×中原街道,R4/11,田園調布,A 等々力不動前,流入計,12,0,59,608,413,1080,87
54,田園調布警察前,環八通り×中原街道,R4/11,田園調布,A 等々力不動前,流入計,13,6,58,617,438,1119,74
54,田園調布警察前,環八通り×中原街道,R4/11,田園調布,A 等々力不動前,流入計,14,6,37,609,294,946,67
54,田園調布警察前,環八通り×中原街道,R4/11,田園調布,A 等々力不動前,流入計,15,13,30,556,445,1044,72
54,田園調布警察前,環八通り×中原街道,R4/11,田園調布,A 等々力不動前,流入計,16,4,25,519,360,908,65
54,田園調布警察前,環八通り×中原街道,R4/11,田園調布,A 等々力不動前,流入計,17,2,27,607,293,929,61
54,田園調布警察前,環八通り×中原街道,R4/11,田園調布,A 等々力不動前,流入計,18,9,20,629,238,896,104
54,田園調布警察前,環八通り×中原街道,R4/11,田園調布,A 等々力不動前,流入計,12時間計,62,490,7787,4491,12830,859
54,田園調布警察前,環八通り×中原街道,R4/11,田園調布,B 丸子橋,5.等々力不動前,7,1,1,29,19,50,5
54,田園調布警察前,環八通り×中原街道,R4/11,田園調布,B 丸子橋,5.等々力不動前,8,1,2,36,35,74,3
54,田園調布警察前,環八通り×中原街道,R4/11,田園調布,B 丸子橋,5.等々力不動前,9,0,3,34,25,62,2
54,田園調布警察前,環八通り×中原街道,R4/11,田園調布,B 丸子橋,5.等々力不動前,10,0,6,41,37,84,7
54,田園調布警察前,環八通り×中原街道,R4/11,田園調布,B 丸子橋,5.等々力不動前,11,0,1,48,26,75,3
54,田園調布警察前,環八通り×中原街道,R4/11,田園調布,B 丸子橋,5.等々力不動前,12,2,2,37,22,63,5
54,田園調布警察前,環八通り×中原街道,R4/11,田園調布,B 丸子橋,5.等々力不動前,13,0,1,34,18,53,2
54,田園調布警察前,環八通り×中原街道,R4/11,田園調布,B 丸子橋,5.等々力不動前,14,1,3,34,17,55,1
54,田園調布警察前,環八通り×中原街道,R4/11,田園調布,B 丸子橋,5.等々力不動前,15,0,1,47,22,70,1
54,田園調布警察前,環八通り×中原街道,R4/11,田園調布,B 丸子橋,5.等々力不動前,16,0,1,45,18,64,3
54,田園調布警察前,環八通り×中原街道,R4/11,田園調布,B 丸子橋,5.等々力不動前,17,0,0,64,25,89,6
54,田園調布警察前,環八通り×中原街道,R4/11,田園調布,B 丸子橋,5.等々力不動前,18,3,0,35,9,47,6
54,田園調布警察前,環八通り×中原街道,R4/11,田園調布,B 丸子橋,5.等々力不動前,12時間計,8,21,484,273,786,44
54,田園調布警察前,環八通り×中原街道,R4/11,田園調布,B 丸子橋,6.南千束,7,9,32,583,414,1038,173
54,田園調布警察前,環八通り×中原街道,R4/11,田園調布,B 丸子橋,6.南千束,8,8,22,488,279,797,107
54,田園調布警察前,環八通り×中原街道,R4/11,田園調布,B 丸子橋,6.南千束,9,4,14,427,309,754,84
54,田園調布警察前,環八通り×中原街道,R4/11,田園調布,B 丸子橋,6.南千束,10,6,21,383,290,700,73
54,田園調布警察前,環八通り×中原街道,R4/11,田園調布,B 丸子橋,6.南千束,11,7,27,414,258,706,53
54,田園調布警察前,環八通り×中原街道,R4/11,田園調布,B 丸子橋,6.南千束,12,5,22,354,215,596,43
54,田園調布警察前,環八通り×中原街道,R4/11,田園調布,B 丸子橋,6.南千束,13,7,26,433,302,768,61
54,田園調布警察前,環八通り×中原街道,R4/11,田園調布,B 丸子橋,6.南千束,14,7,19,359,285,670,40
54,田園調布警察前,環八通り×中原街道,R4/11,田園調布,B 丸子橋,6.南千束,15,6,13,425,318,762,34
54,田園調布警察前,環八通り×中原街道,R4/11,田園調布,B 丸子橋,6.南千束,16,4,8,375,241,628,44
54,田園調布警察前,環八通り×中原街道,R4/11,田園調布,B 丸子橋,6.南千束,17,7,10,445,234,696,50
54,田園調布警察前,環八通り×中原街道,R4/11,田園調布,B 丸子橋,6.南千束,18,6,8,419,182,615,62
54,田園調布警察前,環八通り×中原街道,R4/11,田園調布,B 丸子橋,6.南千束,12時間計,76,222,5105,3327,8730,824
54,田園調布警察前,環八通り×中原街道,R4/11,田園調布,B 丸子橋,7.蒲田,7,2,2,123,73,200,11
54,田園調布警察前,環八通り×中原街道,R4/11,田園調布,B 丸子橋,7.蒲田,8,4,7,116,112,239,31
54,田園調布警察前,環八通り×中原街道,R4/11,田園調布,B 丸子橋,7.蒲田,9,2,3,112,94,211,8
54,田園調布警察前,環八通り×中原街道,R4/11,田園調布,B 丸子橋,7.蒲田,10,0,7,104,82,193,8
54,田園調布警察前,環八通り×中原街道,R4/11,田園調布,B 丸子橋,7.蒲田,11,2,5,68,61,136,7
54,田園調布警察前,環八通り×中原街道,R4/11,田園調布,B 丸子橋,7.蒲田,12,1,0,81,77,159,8
54,田園調布警察前,環八通り×中原街道,R4/11,田園調布,B 丸子橋,7.蒲田,13,1,0,90,58,149,9
54,田園調布警察前,環八通り×中原街道,R4/11,田園調布,B 丸子橋,7.蒲田,14,2,3,76,58,139,5
54,田園調布警察前,環八通り×中原街道,R4/11,田園調布,B 丸子橋,7.蒲田,15,0,3,94,55,152,3
54,田園調布警察前,環八通り×中原街道,R4/11,田園調布,B 丸子橋,7.蒲田,16,1,0,86,49,136,10
54,田園調布警察前,環八通り×中原街道,R4/11,田園調布,B 丸子橋,7.蒲田,17,1,0,78,38,117,7
54,田園調布警察前,環八通り×中原街道,R4/11,田園調布,B 丸子橋,7.蒲田,18,1,0,99,40,140,4
54,田園調布警察前,環八通り×中原街道,R4/11,田園調布,B 丸子橋,7.蒲田,12時間計,17,30,1127,797,1971,111
54,田園調布警察前,環八通り×中原街道,R4/11,田園調布,B 丸子橋,流入計,7,12,35,735,506,1288,189
54,田園調布警察前,環八通り×中原街道,R4/11,田園調布,B 丸子橋,流入計,8,13,31,640,426,1110,141
54,田園調布警察前,環八通り×中原街道,R4/11,田園調布,B 丸子橋,流入計,9,6,20,573,428,1027,94
54,田園調布警察前,環八通り×中原街道,R4/11,田園調布,B 丸子橋,流入計,10,6,34,528,409,977,88
54,田園調布警察前,環八通り×中原街道,R4/11,田園調布,B 丸子橋,流入計,11,9,33,530,345,917,63
54,田園調布警察前,環八通り×中原街道,R4/11,田園調布,B 丸子橋,流入計,12,8,24,472,314,818,56
54,田園調布警察前,環八通り×中原街道,R4/11,田園調布,B 丸子橋,流入計,13,8,27,557,378,970,72
54,田園調布警察前,環八通り×中原街道,R4/11,田園調布,B 丸子橋,流入計,14,10,25,469,360,864,46
54,田園調布警察前,環八通り×中原街道,R4/11,田園調布,B 丸子橋,流入計,15,6,17,566,395,984,38
54,田園調布警察前,環八通り×中原街道,R4/11,田園調布,B 丸子橋,流入計,16,5,9,506,308,828,57
54,田園調布警察前,環八通り×中原街道,R4/11,田園調布,B 丸子橋,流入計,17,8,10,587,297,902,63
54,田園調布警察前,環八通り×中原街道,R4/11,田園調布,B 丸子橋,流入計,18,10,8,553,231,802,72
54,田園調布警察前,環八通り×中原街道,R4/11,田園調布,B 丸子橋,流入計,12時間計,101,273,6716,4397,11487,979
54,田園調布警察前,環八通り×中原街道,R4/11,田園調布,C 蒲田,8.丸子橋,7,4,3,71,49,127,5
54,田園調布警察前,環八通り×中原街道,R4/11,田園調布,C 蒲田,8.丸子橋,8,4,9,59,75,147,8
54,田園調布警察前,環八通り×中原街道,R4/11,田園調布,C 蒲田,8.丸子橋,9,0,7,57,73,137,6
54,田園調布警察前,環八通り×中原街道,R4/11,田園調布,C 蒲田,8.丸子橋,10,1,2,75,52,130,6
54,田園調布警察前,環八通り×中原街道,R4/11,田園調布,C 蒲田,8.丸子橋,11,2,1,75,48,126,1
54,田園調布警察前,環八通り×中原街道,R4/11,田園調布,C 蒲田,8.丸子橋,12,1,3,59,48,111,4
54,田園調布警察前,環八通り×中原街道,R4/11,田園調布,C 蒲田,8.丸子橋,13,3,0,54,52,109,7
54,田園調布警察前,環八通り×中原街道,R4/11,田園調布,C 蒲田,8.丸子橋,14,1,4,54,53,112,8
54,田園調布警察前,環八通り×中原街道,R4/11,田園調布,C 蒲田,8.丸子橋,15,1,1,67,67,136,5
54,田園調布警察前,環八通り×中原街道,R4/11,田園調布,C 蒲田,8.丸子橋,16,3,2,91,40,136,6
54,田園調布警察前,環八通り×中原街道,R4/11,田園調布,C 蒲田,8.丸子橋,17,1,0,102,58,161,11
54,田園調布警察前,環八通り×中原街道,R4/11,田園調布,C 蒲田,8.丸子橋,18,1,1,93,52,147,15
54,田園調布警察前,環八通り×中原街道,R4/11,田園調布,C 蒲田,8.丸子橋,12時間計,22,33,857,667,1579,82
54,田園調布警察前,環八通り×中原街道,R4/11,田園調布,C 蒲田,9.等々力不動前,7,0,0,4,3,7,2
54,田園調布警察前,環八通り×中原街道,R4/11,田園調布,C 蒲田,9.等々力不動前,8,1,0,9,4,14,1
54,田園調布警察前,環八通り×中原街道,R4/11,田園調布,C 蒲田,9.等々力不動前,9,0,0,11,5,16,5
54,田園調布警察前,環八通り×中原街道,R4/11,田園調布,C 蒲田,9.等々力不動前,10,0,0,22,15,37,4
54,田園調布警察前,環八通り×中原街道,R4/11,田園調布,C 蒲田,9.等々力不動前,11,1,0,11,10,22,4
54,田園調布警察前,環八通り×中原街道,R4/11,田園調布,C 蒲田,9.等々力不動前,12,0,1,15,6,22,4
54,田園調布警察前,環八通り×中原街道,R4/11,田園調布,C 蒲田,9.等々力不動前,13,0,0,10,0,10,3
54,田園調布警察前,環八通り×中原街道,R4/11,田園調布,C 蒲田,9.等々力不動前,14,0,0,8,3,11,3
54,田園調布警察前,環八通り×中原街道,R4/11,田園調布,C 蒲田,9.等々力不動前,15,0,0,12,4,16,2
54,田園調布警察前,環八通り×中原街道,R4/11,田園調布,C 蒲田,9.等々力不動前,16,0,0,11,5,16,2
54,田園調布警察前,環八通り×中原街道,R4/11,田園調布,C 蒲田,9.等々力不動前,17,0,0,17,4,21,8
54,田園調布警察前,環八通り×中原街道,R4/11,田園調布,C 蒲田,9.等々力不動前,18,0,0,6,3,9,4
54,田園調布警察前,環八通り×中原街道,R4/11,田園調布,C 蒲田,9.等々力不動前,12時間計,2,1,136,62,201,42
54,田園調布警察前,環八通り×中原街道,R4/11,田園調布,C 蒲田,10.南千束,7,0,1,50,31,82,15
54,田園調布警察前,環八通り×中原街道,R4/11,田園調布,C 蒲田,10.南千束,8,0,0,36,39,75,20
54,田園調布警察前,環八通り×中原街道,R4/11,田園調布,C 蒲田,10.南千束,9,0,2,53,67,122,10
54,田園調布警察前,環八通り×中原街道,R4/11,田園調布,C 蒲田,10.南千束,10,1,3,86,58,148,26
54,田園調布警察前,環八通り×中原街道,R4/11,田園調布,C 蒲田,10.南千束,11,0,1,57,60,118,7
54,田園調布警察前,環八通り×中原街道,R4/11,田園調布,C 蒲田,10.南千束,12,0,1,66,34,101,18
54,田園調布警察前,環八通り×中原街道,R4/11,田園調布,C 蒲田,10.南千束,13,0,0,82,60,142,14
54,田園調布警察前,環八通り×中原街道,R4/11,田園調布,C 蒲田,10.南千束,14,1,1,80,39,121,11
54,田園調布警察前,環八通り×中原街道,R4/11,田園調布,C 蒲田,10.南千束,15,2,0,89,51,142,13
54,田園調布警察前,環八通り×中原街道,R4/11,田園調布,C 蒲田,10.南千束,16,2,0,69,39,110,19
54,田園調布警察前,環八通り×中原街道,R4/11,田園調布,C 蒲田,10.南千束,17,0,1,78,35,114,11
54,田園調布警察前,環八通り×中原街道,R4/11,田園調布,C 蒲田,10.南千束,18,0,1,87,19,107,11
54,田園調布警察前,環八通り×中原街道,R4/11,田園調布,C 蒲田,10.南千束,12時間計,6,11,833,532,1382,175
54,田園調布警察前,環八通り×中原街道,R4/11,田園調布,C 蒲田,11.等々力不動前,7,7,32,453,344,836,49
54,田園調布警察前,環八通り×中原街道,R4/11,田園調布,C 蒲田,11.等々力不動前,8,6,19,531,385,941,42
54,田園調布警察前,環八通り×中原街道,R4/11,田園調布,C 蒲田,11.等々力不動前,9,7,66,653,244,970,45
54,田園調布警察前,環八通り×中原街道,R4/11,田園調布,C 蒲田,11.等々力不動前,10,1,38,465,424,928,37
54,田園調布警察前,環八通り×中原街道,R4/11,田園調布,C 蒲田,11.等々力不動前,11,1,43,545,392,981,44
54,田園調布警察前,環八通り×中原街道,R4/11,田園調布,C 蒲田,11.等々力不動前,12,2,88,708,128,926,39
54,田園調布警察前,環八通り×中原街道,R4/11,田園調布,C 蒲田,11.等々力不動前,13,1,19,482,394,896,55
54,田園調布警察前,環八通り×中原街道,R4/11,田園調布,C 蒲田,11.等々力不動前,14,7,44,554,386,991,47
54,田園調布警察前,環八通り×中原街道,R4/11,田園調布,C 蒲田,11.等々力不動前,15,2,49,965,133,1149,35
54,田園調布警察前,環八通り×中原街道,R4/11,田園調布,C 蒲田,11.等々力不動前,16,2,23,733,410,1168,51
54,田園調布警察前,環八通り×中原街道,R4/11,田園調布,C 蒲田,11.等々力不動前,17,3,25,940,345,1313,72
54,田園調布警察前,環八通り×中原街道,R4/11,田園調布,C 蒲田,11.等々力不動前,18,2,21,1171,28,1222,51
54,田園調布警察前,環八通り×中原街道,R4/11,田園調布,C 蒲田,11.等々力不動前,12時間計,41,467,8200,3613,12321,567
54,田園調布警察前,環八通り×中原街道,R4/11,田園調布,C 蒲田,流入計,7,11,36,578,427,1052,71
54,田園調布警察前,環八通り×中原街道,R4/11,田園調布,C 蒲田,流入計,8,11,28,635,503,1177,71
54,田園調布警察前,環八通り×中原街道,R4/11,田園調布,C 蒲田,流入計,9,7,75,774,389,1245,66
54,田園調布警察前,環八通り×中原街道,R4/11,田園調布,C 蒲田,流入計,10,3,43,648,549,1243,73
54,田園調布警察前,環八通り×中原街道,R4/11,田園調布,C 蒲田,流入計,11,4,45,688,510,1247,56
54,田園調布警察前,環八通り×中原街道,R4/11,田園調布,C 蒲田,流入計,12,3,93,848,216,1160,65
54,田園調布警察前,環八通り×中原街道,R4/11,田園調布,C 蒲田,流入計,13,4,19,628,506,1157,79
54,田園調布警察前,環八通り×中原街道,R4/11,田園調布,C 蒲田,流入計,14,9,49,696,481,1235,69
54,田園調布警察前,環八通り×中原街道,R4/11,田園調布,C 蒲田,流入計,15,5,50,1133,255,1443,55
54,田園調布警察前,環八通り×中原街道,R4/11,田園調布,C 蒲田,流入計,16,7,25,904,494,1430,78
54,田園調布警察前,環八通り×中原街道,R4/11,田園調布,C 蒲田,流入計,17,4,26,1137,442,1609,102
54,田園調布警察前,環八通り×中原街道,R4/11,田園調布,C 蒲田,流入計,18,3,23,1357,102,1485,81
54,田園調布警察前,環八通り×中原街道,R4/11,田園調布,C 蒲田,流入計,12時間計,71,512,10026,4874,15483,866
54,田園調布警察前,環八通り×中原街道,R4/11,田園調布,D 南千束,12.蒲田,7,1,1,41,31,74,14
54,田園調布警察前,環八通り×中原街道,R4/11,田園調布,D 南千束,12.蒲田,8,2,5,52,27,86,9
54,田園調布警察前,環八通り×中原街道,R4/11,田園調布,D 南千束,12.蒲田,9,0,2,35,33,70,7
54,田園調布警察前,環八通り×中原街道,R4/11,田園調布,D 南千束,12.蒲田,10,0,4,59,55,118,4
54,田園調布警察前,環八通り×中原街道,R4/11,田園調布,D 南千束,12.蒲田,11,0,0,45,45,90,5
54,田園調布警察前,環八通り×中原街道,R4/11,田園調布,D 南千束,12.蒲田,12,0,1,65,65,131,10
54,田園調布警察前,環八通り×中原街道,R4/11,田園調布,D 南千束,12.蒲田,13,1,2,60,43,106,4
54,田園調布警察前,環八通り×中原街道,R4/11,田園調布,D 南千束,12.蒲田,14,0,4,57,45,106,8
54,田園調布警察前,環八通り×中原街道,R4/11,田園調布,D 南千束,12.蒲田,15,0,3,52,43,98,6
54,田園調布警察前,環八通り×中原街道,R4/11,田園調布,D 南千束,12.蒲田,16,2,1,57,37,97,16
54,田園調布警察前,環八通り×中原街道,R4/11,田園調布,D 南千束,12.蒲田,17,0,1,75,21,97,7
54,田園調布警察前,環八通り×中原街道,R4/11,田園調布,D 南千束,12.蒲田,18,0,0,39,11,50,6
54,田園調布警察前,環八通り×中原街道,R4/11,田園調布,D 南千束,12.蒲田,12時間計,6,24,637,456,1123,96
54,田園調布警察前,環八通り×中原街道,R4/11,田園調布,D 南千束,13.丸子橋,7,6,20,371,293,690,61
54,田園調布警察前,環八通り×中原街道,R4/11,田園調布,D 南千束,13.丸子橋,8,16,45,320,206,587,56
54,田園調布警察前,環八通り×中原街道,R4/11,田園調布,D 南千束,13.丸子橋,9,4,18,294,275,591,32
54,田園調布警察前,環八通り×中原街道,R4/11,田園調布,D 南千束,13.丸子橋,10,10,15,394,223,642,35
54,田園調布警察前,環八通り×中原街道,R4/11,田園調布,D 南千束,13.丸子橋,11,5,24,395,231,655,25
54,田園調布警察前,環八通り×中原街道,R4/11,田園調布,D 南千束,13.丸子橋,12,6,17,400,281,704,50
54,田園調布警察前,環八通り×中原街道,R4/11,田園調布,D 南千束,13.丸子橋,13,8,20,303,242,573,33
54,田園調布警察前,環八通り×中原街道,R4/11,田園調布,D 南千束,13.丸子橋,14,10,28,406,336,780,53
54,田園調布警察前,環八通り×中原街道,R4/11,田園調布,D 南千束,13.丸子橋,15,8,28,388,327,751,49
54,田園調布警察前,環八通り×中原街道,R4/11,田園調布,D 南千束,13.丸子橋,16,14,16,610,235,875,50
54,田園調布警察前,環八通り×中原街道,R4/11,田園調布,D 南千束,13.丸子橋,17,6,10,689,227,932,102
54,田園調布警察前,環八通り×中原街道,R4/11,田園調布,D 南千束,13.丸子橋,18,10,6,627,316,959,120
54,田園調布警察前,環八通り×中原街道,R4/11,田園調布,D 南千束,13.丸子橋,12時間計,103,247,5197,3192,8739,666
54,田園調布警察前,環八通り×中原街道,R4/11,田園調布,D 南千束,14.等々力不動前,7,2,1,59,32,94,6
54,田園調布警察前,環八通り×中原街道,R4/11,田園調布,D 南千束,14.等々力不動前,8,1,1,74,60,136,7
54,田園調布警察前,環八通り×中原街道,R4/11,田園調布,D 南千束,14.等々力不動前,9,0,3,54,53,110,5
54,田園調布警察前,環八通り×中原街道,R4/11,田園調布,D 南千束,14.等々力不動前,10,0,3,75,64,142,2
54,田園調布警察前,環八通り×中原街道,R4/11,田園調布,D 南千束,14.等々力不動前,11,0,1,58,49,108,9
54,田園調布警察前,環八通り×中原街道,R4/11,田園調布,D 南千束,14.等々力不動前,12,0,4,70,52,126,3
54,田園調布警察前,環八通り×中原街道,R4/11,田園調布,D 南千束,14.等々力不動前,13,0,3,78,71,152,6
54,田園調布警察前,環八通り×中原街道,R4/11,田園調布,D 南千束,14.等々力不動前,14,0,3,91,49,143,13
54,田園調布警察前,環八通り×中原街道,R4/11,田園調布,D 南千束,14.等々力不動前,15,0,2,101,57,160,6
54,田園調布警察前,環八通り×中原街道,R4/11,田園調布,D 南千束,14.等々力不動前,16,1,1,113,57,172,4
54,田園調布警察前,環八通り×中原街道,R4/11,田園調布,D 南千束,14.等々力不動前,17,1,2,134,76,213,3
54,田園調布警察前,環八通り×中原街道,R4/11,田園調布,D 南千束,14.等々力不動前,18,1,0,91,42,134,11
54,田園調布警察前,環八通り×中原街道,R4/11,田園調布,D 南千束,14.等々力不動前,12時間計,6,24,998,662,1690,75
54,田園調布警察前,環八通り×中原街道,R4/11,田園調布,D 南千束,流入計,7,9,22,471,356,858,81
54,田園調布警察前,環八通り×中原街道,R4/11,田園調布,D 南千束,流入計,8,19,51,446,293,809,72
54,田園調布警察前,環八通り×中原街道,R4/11,田園調布,D 南千束,流入計,9,4,23,383,361,771,44
54,田園調布警察前,環八通り×中原街道,R4/11,田園調布,D 南千束,流入計,10,10,22,528,342,902,41
54,田園調布警察前,環八通り×中原街道,R4/11,田園調布,D 南千束,流入計,11,5,25,498,325,853,39
54,田園調布警察前,環八通り×中原街道,R4/11,田園調布,D 南千束,流入計,12,6,22,535,398,961,63
54,田園調布警察前,環八通り×中原街道,R4/11,田園調布,D 南千束,流入計,13,9,25,441,356,831,43
54,田園調布警察前,環八通り×中原街道,R4/11,田園調布,D 南千束,流入計,14,10,35,554,430,1029,74
54,田園調布警察前,環八通り×中原街道,R4/11,田園調布,D 南千束,流入計,15,8,33,541,427,1009,61
54,田園調布警察前,環八通り×中原街道,R4/11,田園調布,D 南千束,流入計,16,17,18,780,329,1144,70
54,田園調布警察前,環八通り×中原街道,R4/11,田園調布,D 南千束,流入計,17,7,13,898,324,1242,112
54,田園調布警察前,環八通り×中原街道,R4/11,田園調布,D 南千束,流入計,18,11,6,757,369,1143,137
54,田園調布警察前,環八通り×中原街道,R4/11,田園調布,D 南千束,流入計,12時間計,115,295,6832,4310,11552,837
