﻿地点番号,地点名,交差道路名,調査年月,管轄警察署,流出方向,時間帯等,大型乗用,大型貨物,普通乗用,普通貨物,四輪計,二輪車
54,田園調布警察前,環八通り×中原街道,R4/11,田園調布,A 等々力不動前,7,10,34,545,398,987,62
54,田園調布警察前,環八通り×中原街道,R4/11,田園調布,A 等々力不動前,8,9,22,650,484,1165,53
54,田園調布警察前,環八通り×中原街道,R4/11,田園調布,A 等々力不動前,9,7,72,752,327,1158,57
54,田園調布警察前,環八通り×中原街道,R4/11,田園調布,A 等々力不動前,10,1,47,603,540,1191,50
54,田園調布警察前,環八通り×中原街道,R4/11,田園調布,A 等々力不動前,11,2,45,662,477,1186,60
54,田園調布警察前,環八通り×中原街道,R4/11,田園調布,A 等々力不動前,12,4,95,830,208,1137,51
54,田園調布警察前,環八通り×中原街道,R4/11,田園調布,A 等々力不動前,13,1,23,604,483,1111,66
54,田園調布警察前,環八通り×中原街道,R4/11,田園調布,A 等々力不動前,14,8,50,687,455,1200,64
54,田園調布警察前,環八通り×中原街道,R4/11,田園調布,A 等々力不動前,15,2,52,1125,216,1395,44
54,田園調布警察前,環八通り×中原街道,R4/11,田園調布,A 等々力不動前,16,3,25,902,490,1420,60
54,田園調布警察前,環八通り×中原街道,R4/11,田園調布,A 等々力不動前,17,4,27,1155,450,1636,89
54,田園調布警察前,環八通り×中原街道,R4/11,田園調布,A 等々力不動前,18,6,21,1303,82,1412,72
54,田園調布警察前,環八通り×中原街道,R4/11,田園調布,A 等々力不動前,12時間計,57,513,9818,4610,14998,728
54,田園調布警察前,環八通り×中原街道,R4/11,田園調布,B 丸子橋,7,10,25,491,386,912,74
54,田園調布警察前,環八通り×中原街道,R4/11,田園調布,B 丸子橋,8,20,57,442,316,835,70
54,田園調布警察前,環八通り×中原街道,R4/11,田園調布,B 丸子橋,9,5,29,407,382,823,43
54,田園調布警察前,環八通り×中原街道,R4/11,田園調布,B 丸子橋,10,11,19,513,295,838,44
54,田園調布警察前,環八通り×中原街道,R4/11,田園調布,B 丸子橋,11,7,26,520,306,859,31
54,田園調布警察前,環八通り×中原街道,R4/11,田園調布,B 丸子橋,12,7,22,525,366,920,58
54,田園調布警察前,環八通り×中原街道,R4/11,田園調布,B 丸子橋,13,12,22,417,332,783,52
54,田園調布警察前,環八通り×中原街道,R4/11,田園調布,B 丸子橋,14,11,33,495,421,960,67
54,田園調布警察前,環八通り×中原街道,R4/11,田園調布,B 丸子橋,15,9,31,499,416,955,59
54,田園調布警察前,環八通り×中原街道,R4/11,田園調布,B 丸子橋,16,18,18,747,292,1075,57
54,田園調布警察前,環八通り×中原街道,R4/11,田園調布,B 丸子橋,17,7,10,829,291,1137,114
54,田園調布警察前,環八通り×中原街道,R4/11,田園調布,B 丸子橋,18,13,8,808,409,1238,151
54,田園調布警察前,環八通り×中原街道,R4/11,田園調布,B 丸子橋,12時間計,130,300,6693,4212,11335,820
54,田園調布警察前,環八通り×中原街道,R4/11,田園調布,C 蒲田,7,15,53,842,469,1379,114
54,田園調布警察前,環八通り×中原街道,R4/11,田園調布,C 蒲田,8,10,51,954,479,1494,98
54,田園調布警察前,環八通り×中原街道,R4/11,田園調布,C 蒲田,9,4,41,706,502,1253,56
54,田園調布警察前,環八通り×中原街道,R4/11,田園調布,C 蒲田,10,3,51,757,524,1335,42
54,田園調布警察前,環八通り×中原街道,R4/11,田園調布,C 蒲田,11,2,37,644,328,1011,69
54,田園調布警察前,環八通り×中原街道,R4/11,田園調布,C 蒲田,12,1,53,639,489,1182,92
54,田園調布警察前,環八通り×中原街道,R4/11,田園調布,C 蒲田,13,6,53,659,459,1177,65
54,田園調布警察前,環八通り×中原街道,R4/11,田園調布,C 蒲田,14,8,38,653,331,1030,66
54,田園調布警察前,環八通り×中原街道,R4/11,田園調布,C 蒲田,15,11,31,601,487,1130,71
54,田園調布警察前,環八通り×中原街道,R4/11,田園調布,C 蒲田,16,6,24,575,389,994,85
54,田園調布警察前,環八通り×中原街道,R4/11,田園調布,C 蒲田,17,3,26,675,321,1025,70
54,田園調布警察前,環八通り×中原街道,R4/11,田園調布,C 蒲田,18,7,17,632,229,885,96
54,田園調布警察前,環八通り×中原街道,R4/11,田園調布,C 蒲田,12時間計,76,475,8337,5007,13895,924
54,田園調布警察前,環八通り×中原街道,R4/11,田園調布,D 南千束,7,9,35,671,472,1187,194
54,田園調布警察前,環八通り×中原街道,R4/11,田園調布,D 南千束,8,8,26,581,350,965,129
54,田園調布警察前,環八通り×中原街道,R4/11,田園調布,D 南千束,9,4,17,515,406,942,98
54,田園調布警察前,環八通り×中原街道,R4/11,田園調布,D 南千束,10,7,31,522,381,941,105
54,田園調布警察前,環八通り×中原街道,R4/11,田園調布,D 南千束,11,7,39,520,357,923,69
54,田園調布警察前,環八通り×中原街道,R4/11,田園調布,D 南千束,12,5,28,469,278,780,70
54,田園調布警察前,環八通り×中原街道,R4/11,田園調布,D 南千束,13,8,31,563,404,1006,85
54,田園調布警察前,環八通り×中原街道,R4/11,田園調布,D 南千束,14,8,25,493,358,884,59
54,田園調布警察前,環八通り×中原街道,R4/11,田園調布,D 南千束,15,10,16,571,403,1000,52
54,田園調布警察前,環八通り×中原街道,R4/11,田園調布,D 南千束,16,6,10,485,320,821,68
54,田園調布警察前,環八通り×中原街道,R4/11,田園調布,D 南千束,17,7,13,570,294,884,65
54,田園調布警察前,環八通り×中原街道,R4/11,田園調布,D 南千束,18,7,11,553,220,791,75
54,田園調布警察前,環八通り×中原街道,R4/11,田園調布,D 南千束,12時間計,86,282,6513,4243,11124,1069
54,田園調布警察前,環八通り×中原街道,R4/11,田園調布,全方向合計,7,44,147,2549,1725,4465,444
54,田園調布警察前,環八通り×中原街道,R4/11,田園調布,全方向合計,8,47,156,2627,1629,4459,350
54,田園調布警察前,環八通り×中原街道,R4/11,田園調布,全方向合計,9,20,159,2380,1617,4176,254
54,田園調布警察前,環八通り×中原街道,R4/11,田園調布,全方向合計,10,22,148,2395,1740,4305,241
54,田園調布警察前,環八通り×中原街道,R4/11,田園調布,全方向合計,11,18,147,2346,1468,3979,229
54,田園調布警察前,環八通り×中原街道,R4/11,田園調布,全方向合計,12,17,198,2463,1341,4019,271
54,田園調布警察前,環八通り×中原街道,R4/11,田園調布,全方向合計,13,27,129,2243,1678,4077,268
54,田園調布警察前,環八通り×中原街道,R4/11,田園調布,全方向合計,14,35,146,2328,1565,4074,256
54,田園調布警察前,環八通り×中原街道,R4/11,田園調布,全方向合計,15,32,130,2796,1522,4480,226
54,田園調布警察前,環八通り×中原街道,R4/11,田園調布,全方向合計,16,33,77,2709,1491,4310,270
54,田園調布警察前,環八通り×中原街道,R4/11,田園調布,全方向合計,17,21,76,3229,1356,4682,338
54,田園調布警察前,環八通り×中原街道,R4/11,田園調布,全方向合計,18,33,57,3296,940,4326,394
54,田園調布警察前,環八通り×中原街道,R4/11,田園調布,全方向合計,12時間計,349,1570,31361,18072,51352,3541
