﻿地点番号,地点名,交差道路名,調査年月,管轄警察署,流入方向,流出方向,時間帯等,大型乗用,大型貨物,普通乗用,普通貨物,四輪計,二輪車
87,堂方上,東京環状×新奥多摩街道,R4/10,昭島,A 昭島市街,1.立川,7,2,2,35,13,52,3
87,堂方上,東京環状×新奥多摩街道,R4/10,昭島,A 昭島市街,1.立川,8,0,0,13,9,22,1
87,堂方上,東京環状×新奥多摩街道,R4/10,昭島,A 昭島市街,1.立川,9,2,0,8,2,12,0
87,堂方上,東京環状×新奥多摩街道,R4/10,昭島,A 昭島市街,1.立川,10,0,1,11,4,16,0
87,堂方上,東京環状×新奥多摩街道,R4/10,昭島,A 昭島市街,1.立川,11,1,1,17,8,27,0
87,堂方上,東京環状×新奥多摩街道,R4/10,昭島,A 昭島市街,1.立川,12,1,0,13,5,19,1
87,堂方上,東京環状×新奥多摩街道,R4/10,昭島,A 昭島市街,1.立川,13,0,1,14,6,21,0
87,堂方上,東京環状×新奥多摩街道,R4/10,昭島,A 昭島市街,1.立川,14,1,0,4,6,11,1
87,堂方上,東京環状×新奥多摩街道,R4/10,昭島,A 昭島市街,1.立川,15,0,0,13,4,17,1
87,堂方上,東京環状×新奥多摩街道,R4/10,昭島,A 昭島市街,1.立川,16,0,1,14,6,21,1
87,堂方上,東京環状×新奥多摩街道,R4/10,昭島,A 昭島市街,1.立川,17,1,0,15,2,18,0
87,堂方上,東京環状×新奥多摩街道,R4/10,昭島,A 昭島市街,1.立川,18,1,1,11,2,15,0
87,堂方上,東京環状×新奥多摩街道,R4/10,昭島,A 昭島市街,1.立川,12時間計,9,7,168,67,251,8
87,堂方上,東京環状×新奥多摩街道,R4/10,昭島,A 昭島市街,2.八王子,7,4,8,270,43,325,13
87,堂方上,東京環状×新奥多摩街道,R4/10,昭島,A 昭島市街,2.八王子,8,6,10,192,85,293,7
87,堂方上,東京環状×新奥多摩街道,R4/10,昭島,A 昭島市街,2.八王子,9,1,25,134,74,234,8
87,堂方上,東京環状×新奥多摩街道,R4/10,昭島,A 昭島市街,2.八王子,10,0,10,133,93,236,3
87,堂方上,東京環状×新奥多摩街道,R4/10,昭島,A 昭島市街,2.八王子,11,1,6,140,88,235,3
87,堂方上,東京環状×新奥多摩街道,R4/10,昭島,A 昭島市街,2.八王子,12,1,8,145,37,191,7
87,堂方上,東京環状×新奥多摩街道,R4/10,昭島,A 昭島市街,2.八王子,13,1,5,190,59,255,3
87,堂方上,東京環状×新奥多摩街道,R4/10,昭島,A 昭島市街,2.八王子,14,4,7,190,89,290,4
87,堂方上,東京環状×新奥多摩街道,R4/10,昭島,A 昭島市街,2.八王子,15,1,6,176,90,273,2
87,堂方上,東京環状×新奥多摩街道,R4/10,昭島,A 昭島市街,2.八王子,16,2,3,188,91,284,17
87,堂方上,東京環状×新奥多摩街道,R4/10,昭島,A 昭島市街,2.八王子,17,3,9,181,91,284,10
87,堂方上,東京環状×新奥多摩街道,R4/10,昭島,A 昭島市街,2.八王子,18,3,8,233,59,303,16
87,堂方上,東京環状×新奥多摩街道,R4/10,昭島,A 昭島市街,2.八王子,12時間計,27,105,2172,899,3203,93
87,堂方上,東京環状×新奥多摩街道,R4/10,昭島,A 昭島市街,3.川越,7,0,0,6,0,6,0
87,堂方上,東京環状×新奥多摩街道,R4/10,昭島,A 昭島市街,3.川越,8,0,0,2,2,4,1
87,堂方上,東京環状×新奥多摩街道,R4/10,昭島,A 昭島市街,3.川越,9,0,0,4,2,6,0
87,堂方上,東京環状×新奥多摩街道,R4/10,昭島,A 昭島市街,3.川越,10,0,0,4,3,7,0
87,堂方上,東京環状×新奥多摩街道,R4/10,昭島,A 昭島市街,3.川越,11,0,0,7,8,15,0
87,堂方上,東京環状×新奥多摩街道,R4/10,昭島,A 昭島市街,3.川越,12,0,0,7,5,12,0
87,堂方上,東京環状×新奥多摩街道,R4/10,昭島,A 昭島市街,3.川越,13,0,1,8,0,9,1
87,堂方上,東京環状×新奥多摩街道,R4/10,昭島,A 昭島市街,3.川越,14,0,0,17,2,19,3
87,堂方上,東京環状×新奥多摩街道,R4/10,昭島,A 昭島市街,3.川越,15,0,1,6,2,9,1
87,堂方上,東京環状×新奥多摩街道,R4/10,昭島,A 昭島市街,3.川越,16,0,1,5,4,10,1
87,堂方上,東京環状×新奥多摩街道,R4/10,昭島,A 昭島市街,3.川越,17,0,0,7,4,11,1
87,堂方上,東京環状×新奥多摩街道,R4/10,昭島,A 昭島市街,3.川越,18,0,0,4,4,8,0
87,堂方上,東京環状×新奥多摩街道,R4/10,昭島,A 昭島市街,3.川越,12時間計,0,3,77,36,116,8
87,堂方上,東京環状×新奥多摩街道,R4/10,昭島,A 昭島市街,流入計,7,6,10,311,56,383,16
87,堂方上,東京環状×新奥多摩街道,R4/10,昭島,A 昭島市街,流入計,8,6,10,207,96,319,9
87,堂方上,東京環状×新奥多摩街道,R4/10,昭島,A 昭島市街,流入計,9,3,25,146,78,252,8
87,堂方上,東京環状×新奥多摩街道,R4/10,昭島,A 昭島市街,流入計,10,0,11,148,100,259,3
87,堂方上,東京環状×新奥多摩街道,R4/10,昭島,A 昭島市街,流入計,11,2,7,164,104,277,3
87,堂方上,東京環状×新奥多摩街道,R4/10,昭島,A 昭島市街,流入計,12,2,8,165,47,222,8
87,堂方上,東京環状×新奥多摩街道,R4/10,昭島,A 昭島市街,流入計,13,1,7,212,65,285,4
87,堂方上,東京環状×新奥多摩街道,R4/10,昭島,A 昭島市街,流入計,14,5,7,211,97,320,8
87,堂方上,東京環状×新奥多摩街道,R4/10,昭島,A 昭島市街,流入計,15,1,7,195,96,299,4
87,堂方上,東京環状×新奥多摩街道,R4/10,昭島,A 昭島市街,流入計,16,2,5,207,101,315,19
87,堂方上,東京環状×新奥多摩街道,R4/10,昭島,A 昭島市街,流入計,17,4,9,203,97,313,11
87,堂方上,東京環状×新奥多摩街道,R4/10,昭島,A 昭島市街,流入計,18,4,9,248,65,326,16
87,堂方上,東京環状×新奥多摩街道,R4/10,昭島,A 昭島市街,流入計,12時間計,36,115,2417,1002,3570,109
87,堂方上,東京環状×新奥多摩街道,R4/10,昭島,B 川越,4.昭島市街,7,0,0,9,7,16,0
87,堂方上,東京環状×新奥多摩街道,R4/10,昭島,B 川越,4.昭島市街,8,0,0,10,10,20,0
87,堂方上,東京環状×新奥多摩街道,R4/10,昭島,B 川越,4.昭島市街,9,0,0,14,4,18,1
87,堂方上,東京環状×新奥多摩街道,R4/10,昭島,B 川越,4.昭島市街,10,0,2,11,2,15,0
87,堂方上,東京環状×新奥多摩街道,R4/10,昭島,B 川越,4.昭島市街,11,0,1,9,1,11,1
87,堂方上,東京環状×新奥多摩街道,R4/10,昭島,B 川越,4.昭島市街,12,0,0,13,5,18,0
87,堂方上,東京環状×新奥多摩街道,R4/10,昭島,B 川越,4.昭島市街,13,0,0,13,4,17,1
87,堂方上,東京環状×新奥多摩街道,R4/10,昭島,B 川越,4.昭島市街,14,0,0,11,5,16,1
87,堂方上,東京環状×新奥多摩街道,R4/10,昭島,B 川越,4.昭島市街,15,0,0,14,2,16,0
87,堂方上,東京環状×新奥多摩街道,R4/10,昭島,B 川越,4.昭島市街,16,0,3,10,6,19,0
87,堂方上,東京環状×新奥多摩街道,R4/10,昭島,B 川越,4.昭島市街,17,0,0,10,2,12,0
87,堂方上,東京環状×新奥多摩街道,R4/10,昭島,B 川越,4.昭島市街,18,0,0,14,3,17,2
87,堂方上,東京環状×新奥多摩街道,R4/10,昭島,B 川越,4.昭島市街,12時間計,0,6,138,51,195,6
87,堂方上,東京環状×新奥多摩街道,R4/10,昭島,B 川越,5.立川,7,6,69,499,294,868,30
87,堂方上,東京環状×新奥多摩街道,R4/10,昭島,B 川越,5.立川,8,5,36,502,261,804,31
87,堂方上,東京環状×新奥多摩街道,R4/10,昭島,B 川越,5.立川,9,2,37,449,133,621,16
87,堂方上,東京環状×新奥多摩街道,R4/10,昭島,B 川越,5.立川,10,1,61,404,125,591,7
87,堂方上,東京環状×新奥多摩街道,R4/10,昭島,B 川越,5.立川,11,3,61,424,135,623,18
87,堂方上,東京環状×新奥多摩街道,R4/10,昭島,B 川越,5.立川,12,8,63,378,140,589,12
87,堂方上,東京環状×新奥多摩街道,R4/10,昭島,B 川越,5.立川,13,4,47,327,160,538,19
87,堂方上,東京環状×新奥多摩街道,R4/10,昭島,B 川越,5.立川,14,6,38,403,180,627,20
87,堂方上,東京環状×新奥多摩街道,R4/10,昭島,B 川越,5.立川,15,7,33,520,127,687,17
87,堂方上,東京環状×新奥多摩街道,R4/10,昭島,B 川越,5.立川,16,3,20,512,132,667,32
87,堂方上,東京環状×新奥多摩街道,R4/10,昭島,B 川越,5.立川,17,1,12,589,174,776,29
87,堂方上,東京環状×新奥多摩街道,R4/10,昭島,B 川越,5.立川,18,2,11,520,150,683,51
87,堂方上,東京環状×新奥多摩街道,R4/10,昭島,B 川越,5.立川,12時間計,48,488,5527,2011,8074,282
87,堂方上,東京環状×新奥多摩街道,R4/10,昭島,B 川越,6.八王子,7,5,87,418,185,695,28
87,堂方上,東京環状×新奥多摩街道,R4/10,昭島,B 川越,6.八王子,8,5,81,291,162,539,26
87,堂方上,東京環状×新奥多摩街道,R4/10,昭島,B 川越,6.八王子,9,9,111,225,186,531,9
87,堂方上,東京環状×新奥多摩街道,R4/10,昭島,B 川越,6.八王子,10,4,106,189,187,486,12
87,堂方上,東京環状×新奥多摩街道,R4/10,昭島,B 川越,6.八王子,11,2,118,235,182,537,10
87,堂方上,東京環状×新奥多摩街道,R4/10,昭島,B 川越,6.八王子,12,3,94,201,99,397,7
87,堂方上,東京環状×新奥多摩街道,R4/10,昭島,B 川越,6.八王子,13,7,105,314,129,555,7
87,堂方上,東京環状×新奥多摩街道,R4/10,昭島,B 川越,6.八王子,14,7,95,269,169,540,7
87,堂方上,東京環状×新奥多摩街道,R4/10,昭島,B 川越,6.八王子,15,5,62,365,190,622,11
87,堂方上,東京環状×新奥多摩街道,R4/10,昭島,B 川越,6.八王子,16,1,95,345,201,642,18
87,堂方上,東京環状×新奥多摩街道,R4/10,昭島,B 川越,6.八王子,17,6,62,366,216,650,24
87,堂方上,東京環状×新奥多摩街道,R4/10,昭島,B 川越,6.八王子,18,4,50,469,75,598,19
87,堂方上,東京環状×新奥多摩街道,R4/10,昭島,B 川越,6.八王子,12時間計,58,1066,3687,1981,6792,178
87,堂方上,東京環状×新奥多摩街道,R4/10,昭島,B 川越,流入計,7,11,156,926,486,1579,58
87,堂方上,東京環状×新奥多摩街道,R4/10,昭島,B 川越,流入計,8,10,117,803,433,1363,57
87,堂方上,東京環状×新奥多摩街道,R4/10,昭島,B 川越,流入計,9,11,148,688,323,1170,26
87,堂方上,東京環状×新奥多摩街道,R4/10,昭島,B 川越,流入計,10,5,169,604,314,1092,19
87,堂方上,東京環状×新奥多摩街道,R4/10,昭島,B 川越,流入計,11,5,180,668,318,1171,29
87,堂方上,東京環状×新奥多摩街道,R4/10,昭島,B 川越,流入計,12,11,157,592,244,1004,19
87,堂方上,東京環状×新奥多摩街道,R4/10,昭島,B 川越,流入計,13,11,152,654,293,1110,27
87,堂方上,東京環状×新奥多摩街道,R4/10,昭島,B 川越,流入計,14,13,133,683,354,1183,28
87,堂方上,東京環状×新奥多摩街道,R4/10,昭島,B 川越,流入計,15,12,95,899,319,1325,28
87,堂方上,東京環状×新奥多摩街道,R4/10,昭島,B 川越,流入計,16,4,118,867,339,1328,50
87,堂方上,東京環状×新奥多摩街道,R4/10,昭島,B 川越,流入計,17,7,74,965,392,1438,53
87,堂方上,東京環状×新奥多摩街道,R4/10,昭島,B 川越,流入計,18,6,61,1003,228,1298,72
87,堂方上,東京環状×新奥多摩街道,R4/10,昭島,B 川越,流入計,12時間計,106,1560,9352,4043,15061,466
87,堂方上,東京環状×新奥多摩街道,R4/10,昭島,C 八王子,7.川越,7,8,116,323,134,581,26
87,堂方上,東京環状×新奥多摩街道,R4/10,昭島,C 八王子,7.川越,8,6,104,245,157,512,17
87,堂方上,東京環状×新奥多摩街道,R4/10,昭島,C 八王子,7.川越,9,3,93,252,199,547,8
87,堂方上,東京環状×新奥多摩街道,R4/10,昭島,C 八王子,7.川越,10,0,99,192,169,460,4
87,堂方上,東京環状×新奥多摩街道,R4/10,昭島,C 八王子,7.川越,11,0,139,185,178,502,6
87,堂方上,東京環状×新奥多摩街道,R4/10,昭島,C 八王子,7.川越,12,0,101,184,193,478,11
87,堂方上,東京環状×新奥多摩街道,R4/10,昭島,C 八王子,7.川越,13,1,132,239,167,539,10
87,堂方上,東京環状×新奥多摩街道,R4/10,昭島,C 八王子,7.川越,14,3,153,245,184,585,6
87,堂方上,東京環状×新奥多摩街道,R4/10,昭島,C 八王子,7.川越,15,0,90,247,197,534,12
87,堂方上,東京環状×新奥多摩街道,R4/10,昭島,C 八王子,7.川越,16,4,71,286,219,580,12
87,堂方上,東京環状×新奥多摩街道,R4/10,昭島,C 八王子,7.川越,17,2,46,275,172,495,20
87,堂方上,東京環状×新奥多摩街道,R4/10,昭島,C 八王子,7.川越,18,4,53,320,140,517,19
87,堂方上,東京環状×新奥多摩街道,R4/10,昭島,C 八王子,7.川越,12時間計,31,1197,2993,2109,6330,151
87,堂方上,東京環状×新奥多摩街道,R4/10,昭島,C 八王子,8.昭島市街,7,4,10,171,90,275,13
87,堂方上,東京環状×新奥多摩街道,R4/10,昭島,C 八王子,8.昭島市街,8,2,9,178,102,291,9
87,堂方上,東京環状×新奥多摩街道,R4/10,昭島,C 八王子,8.昭島市街,9,1,6,127,96,230,4
87,堂方上,東京環状×新奥多摩街道,R4/10,昭島,C 八王子,8.昭島市街,10,1,9,126,63,199,6
87,堂方上,東京環状×新奥多摩街道,R4/10,昭島,C 八王子,8.昭島市街,11,1,6,128,62,197,3
87,堂方上,東京環状×新奥多摩街道,R4/10,昭島,C 八王子,8.昭島市街,12,1,7,152,78,238,5
87,堂方上,東京環状×新奥多摩街道,R4/10,昭島,C 八王子,8.昭島市街,13,2,10,163,82,257,10
87,堂方上,東京環状×新奥多摩街道,R4/10,昭島,C 八王子,8.昭島市街,14,1,7,118,99,225,7
87,堂方上,東京環状×新奥多摩街道,R4/10,昭島,C 八王子,8.昭島市街,15,2,10,143,108,263,5
87,堂方上,東京環状×新奥多摩街道,R4/10,昭島,C 八王子,8.昭島市街,16,5,10,216,78,309,4
87,堂方上,東京環状×新奥多摩街道,R4/10,昭島,C 八王子,8.昭島市街,17,1,7,240,65,313,9
87,堂方上,東京環状×新奥多摩街道,R4/10,昭島,C 八王子,8.昭島市街,18,2,3,233,89,327,9
87,堂方上,東京環状×新奥多摩街道,R4/10,昭島,C 八王子,8.昭島市街,12時間計,23,94,1995,1012,3124,84
87,堂方上,東京環状×新奥多摩街道,R4/10,昭島,C 八王子,9.立川,7,1,8,71,50,130,4
87,堂方上,東京環状×新奥多摩街道,R4/10,昭島,C 八王子,9.立川,8,0,3,39,42,84,1
87,堂方上,東京環状×新奥多摩街道,R4/10,昭島,C 八王子,9.立川,9,2,3,51,24,80,2
87,堂方上,東京環状×新奥多摩街道,R4/10,昭島,C 八王子,9.立川,10,1,4,49,13,67,1
87,堂方上,東京環状×新奥多摩街道,R4/10,昭島,C 八王子,9.立川,11,0,4,50,25,79,2
87,堂方上,東京環状×新奥多摩街道,R4/10,昭島,C 八王子,9.立川,12,0,6,65,28,99,5
87,堂方上,東京環状×新奥多摩街道,R4/10,昭島,C 八王子,9.立川,13,0,2,34,18,54,1
87,堂方上,東京環状×新奥多摩街道,R4/10,昭島,C 八王子,9.立川,14,1,4,46,27,78,2
87,堂方上,東京環状×新奥多摩街道,R4/10,昭島,C 八王子,9.立川,15,0,2,63,23,88,0
87,堂方上,東京環状×新奥多摩街道,R4/10,昭島,C 八王子,9.立川,16,0,1,73,16,90,4
87,堂方上,東京環状×新奥多摩街道,R4/10,昭島,C 八王子,9.立川,17,0,2,83,21,106,4
87,堂方上,東京環状×新奥多摩街道,R4/10,昭島,C 八王子,9.立川,18,0,0,71,20,91,3
87,堂方上,東京環状×新奥多摩街道,R4/10,昭島,C 八王子,9.立川,12時間計,5,39,695,307,1046,29
87,堂方上,東京環状×新奥多摩街道,R4/10,昭島,C 八王子,流入計,7,13,134,565,274,986,43
87,堂方上,東京環状×新奥多摩街道,R4/10,昭島,C 八王子,流入計,8,8,116,462,301,887,27
87,堂方上,東京環状×新奥多摩街道,R4/10,昭島,C 八王子,流入計,9,6,102,430,319,857,14
87,堂方上,東京環状×新奥多摩街道,R4/10,昭島,C 八王子,流入計,10,2,112,367,245,726,11
87,堂方上,東京環状×新奥多摩街道,R4/10,昭島,C 八王子,流入計,11,1,149,363,265,778,11
87,堂方上,東京環状×新奥多摩街道,R4/10,昭島,C 八王子,流入計,12,1,114,401,299,815,21
87,堂方上,東京環状×新奥多摩街道,R4/10,昭島,C 八王子,流入計,13,3,144,436,267,850,21
87,堂方上,東京環状×新奥多摩街道,R4/10,昭島,C 八王子,流入計,14,5,164,409,310,888,15
87,堂方上,東京環状×新奥多摩街道,R4/10,昭島,C 八王子,流入計,15,2,102,453,328,885,17
87,堂方上,東京環状×新奥多摩街道,R4/10,昭島,C 八王子,流入計,16,9,82,575,313,979,20
87,堂方上,東京環状×新奥多摩街道,R4/10,昭島,C 八王子,流入計,17,3,55,598,258,914,33
87,堂方上,東京環状×新奥多摩街道,R4/10,昭島,C 八王子,流入計,18,6,56,624,249,935,31
87,堂方上,東京環状×新奥多摩街道,R4/10,昭島,C 八王子,流入計,12時間計,59,1330,5683,3428,10500,264
87,堂方上,東京環状×新奥多摩街道,R4/10,昭島,D 立川,10.八王子,7,0,6,54,11,71,2
87,堂方上,東京環状×新奥多摩街道,R4/10,昭島,D 立川,10.八王子,8,1,5,55,22,83,0
87,堂方上,東京環状×新奥多摩街道,R4/10,昭島,D 立川,10.八王子,9,0,6,60,21,87,3
87,堂方上,東京環状×新奥多摩街道,R4/10,昭島,D 立川,10.八王子,10,0,2,42,19,63,5
87,堂方上,東京環状×新奥多摩街道,R4/10,昭島,D 立川,10.八王子,11,0,3,28,15,46,2
87,堂方上,東京環状×新奥多摩街道,R4/10,昭島,D 立川,10.八王子,12,2,5,30,15,52,4
87,堂方上,東京環状×新奥多摩街道,R4/10,昭島,D 立川,10.八王子,13,0,2,42,22,66,0
87,堂方上,東京環状×新奥多摩街道,R4/10,昭島,D 立川,10.八王子,14,0,1,59,13,73,5
87,堂方上,東京環状×新奥多摩街道,R4/10,昭島,D 立川,10.八王子,15,0,2,47,19,68,1
87,堂方上,東京環状×新奥多摩街道,R4/10,昭島,D 立川,10.八王子,16,0,5,40,29,74,0
87,堂方上,東京環状×新奥多摩街道,R4/10,昭島,D 立川,10.八王子,17,0,1,36,15,52,5
87,堂方上,東京環状×新奥多摩街道,R4/10,昭島,D 立川,10.八王子,18,0,0,20,4,24,1
87,堂方上,東京環状×新奥多摩街道,R4/10,昭島,D 立川,10.八王子,12時間計,3,38,513,205,759,28
87,堂方上,東京環状×新奥多摩街道,R4/10,昭島,D 立川,11.川越,7,9,48,510,114,681,30
87,堂方上,東京環状×新奥多摩街道,R4/10,昭島,D 立川,11.川越,8,2,89,447,132,670,19
87,堂方上,東京環状×新奥多摩街道,R4/10,昭島,D 立川,11.川越,9,8,89,337,197,631,15
87,堂方上,東京環状×新奥多摩街道,R4/10,昭島,D 立川,11.川越,10,2,70,307,167,546,23
87,堂方上,東京環状×新奥多摩街道,R4/10,昭島,D 立川,11.川越,11,1,45,318,210,574,15
87,堂方上,東京環状×新奥多摩街道,R4/10,昭島,D 立川,11.川越,12,1,57,339,154,551,20
87,堂方上,東京環状×新奥多摩街道,R4/10,昭島,D 立川,11.川越,13,2,80,416,152,650,13
87,堂方上,東京環状×新奥多摩街道,R4/10,昭島,D 立川,11.川越,14,4,68,371,136,579,15
87,堂方上,東京環状×新奥多摩街道,R4/10,昭島,D 立川,11.川越,15,1,37,345,199,582,13
87,堂方上,東京環状×新奥多摩街道,R4/10,昭島,D 立川,11.川越,16,2,27,395,219,643,24
87,堂方上,東京環状×新奥多摩街道,R4/10,昭島,D 立川,11.川越,17,2,16,510,235,763,20
87,堂方上,東京環状×新奥多摩街道,R4/10,昭島,D 立川,11.川越,18,0,14,492,171,677,33
87,堂方上,東京環状×新奥多摩街道,R4/10,昭島,D 立川,11.川越,12時間計,34,640,4787,2086,7547,240
87,堂方上,東京環状×新奥多摩街道,R4/10,昭島,D 立川,12.昭島市街,7,0,0,19,6,25,1
87,堂方上,東京環状×新奥多摩街道,R4/10,昭島,D 立川,12.昭島市街,8,0,1,13,4,18,0
87,堂方上,東京環状×新奥多摩街道,R4/10,昭島,D 立川,12.昭島市街,9,1,0,21,9,31,0
87,堂方上,東京環状×新奥多摩街道,R4/10,昭島,D 立川,12.昭島市街,10,2,2,35,11,50,1
87,堂方上,東京環状×新奥多摩街道,R4/10,昭島,D 立川,12.昭島市街,11,3,1,26,14,44,0
87,堂方上,東京環状×新奥多摩街道,R4/10,昭島,D 立川,12.昭島市街,12,1,0,18,6,25,1
87,堂方上,東京環状×新奥多摩街道,R4/10,昭島,D 立川,12.昭島市街,13,1,0,15,9,25,0
87,堂方上,東京環状×新奥多摩街道,R4/10,昭島,D 立川,12.昭島市街,14,1,0,20,12,33,1
87,堂方上,東京環状×新奥多摩街道,R4/10,昭島,D 立川,12.昭島市街,15,1,0,18,12,31,1
87,堂方上,東京環状×新奥多摩街道,R4/10,昭島,D 立川,12.昭島市街,16,0,1,12,2,15,0
87,堂方上,東京環状×新奥多摩街道,R4/10,昭島,D 立川,12.昭島市街,17,0,0,4,2,6,0
87,堂方上,東京環状×新奥多摩街道,R4/10,昭島,D 立川,12.昭島市街,18,0,0,24,3,27,0
87,堂方上,東京環状×新奥多摩街道,R4/10,昭島,D 立川,12.昭島市街,12時間計,10,5,225,90,330,5
87,堂方上,東京環状×新奥多摩街道,R4/10,昭島,D 立川,流入計,7,9,54,583,131,777,33
87,堂方上,東京環状×新奥多摩街道,R4/10,昭島,D 立川,流入計,8,3,95,515,158,771,19
87,堂方上,東京環状×新奥多摩街道,R4/10,昭島,D 立川,流入計,9,9,95,418,227,749,18
87,堂方上,東京環状×新奥多摩街道,R4/10,昭島,D 立川,流入計,10,4,74,384,197,659,29
87,堂方上,東京環状×新奥多摩街道,R4/10,昭島,D 立川,流入計,11,4,49,372,239,664,17
87,堂方上,東京環状×新奥多摩街道,R4/10,昭島,D 立川,流入計,12,4,62,387,175,628,25
87,堂方上,東京環状×新奥多摩街道,R4/10,昭島,D 立川,流入計,13,3,82,473,183,741,13
87,堂方上,東京環状×新奥多摩街道,R4/10,昭島,D 立川,流入計,14,5,69,450,161,685,21
87,堂方上,東京環状×新奥多摩街道,R4/10,昭島,D 立川,流入計,15,2,39,410,230,681,15
87,堂方上,東京環状×新奥多摩街道,R4/10,昭島,D 立川,流入計,16,2,33,447,250,732,24
87,堂方上,東京環状×新奥多摩街道,R4/10,昭島,D 立川,流入計,17,2,17,550,252,821,25
87,堂方上,東京環状×新奥多摩街道,R4/10,昭島,D 立川,流入計,18,0,14,536,178,728,34
87,堂方上,東京環状×新奥多摩街道,R4/10,昭島,D 立川,流入計,12時間計,47,683,5525,2381,8636,273
