﻿地点番号,地点名,交差道路名,調査年月,管轄警察署,流入方向,流出方向,時間帯等,車道通行自転車,歩道通行自転車,自転車計
87,堂方上,東京環状×新奥多摩街道,R4/10,昭島,A 昭島市街,1立川,7,1,-,-
87,堂方上,東京環状×新奥多摩街道,R4/10,昭島,A 昭島市街,1立川,8,0,-,-
87,堂方上,東京環状×新奥多摩街道,R4/10,昭島,A 昭島市街,1立川,9,0,-,-
87,堂方上,東京環状×新奥多摩街道,R4/10,昭島,A 昭島市街,1立川,10,0,-,-
87,堂方上,東京環状×新奥多摩街道,R4/10,昭島,A 昭島市街,1立川,11,0,-,-
87,堂方上,東京環状×新奥多摩街道,R4/10,昭島,A 昭島市街,1立川,12,2,-,-
87,堂方上,東京環状×新奥多摩街道,R4/10,昭島,A 昭島市街,1立川,13,1,-,-
87,堂方上,東京環状×新奥多摩街道,R4/10,昭島,A 昭島市街,1立川,14,0,-,-
87,堂方上,東京環状×新奥多摩街道,R4/10,昭島,A 昭島市街,1立川,15,0,-,-
87,堂方上,東京環状×新奥多摩街道,R4/10,昭島,A 昭島市街,1立川,16,0,-,-
87,堂方上,東京環状×新奥多摩街道,R4/10,昭島,A 昭島市街,1立川,17,1,-,-
87,堂方上,東京環状×新奥多摩街道,R4/10,昭島,A 昭島市街,1立川,18,0,-,-
87,堂方上,東京環状×新奥多摩街道,R4/10,昭島,A 昭島市街,1立川,12時間計,5,-,-
87,堂方上,東京環状×新奥多摩街道,R4/10,昭島,A 昭島市街,2八王子,7,3,-,-
87,堂方上,東京環状×新奥多摩街道,R4/10,昭島,A 昭島市街,2八王子,8,0,-,-
87,堂方上,東京環状×新奥多摩街道,R4/10,昭島,A 昭島市街,2八王子,9,0,-,-
87,堂方上,東京環状×新奥多摩街道,R4/10,昭島,A 昭島市街,2八王子,10,0,-,-
87,堂方上,東京環状×新奥多摩街道,R4/10,昭島,A 昭島市街,2八王子,11,0,-,-
87,堂方上,東京環状×新奥多摩街道,R4/10,昭島,A 昭島市街,2八王子,12,0,-,-
87,堂方上,東京環状×新奥多摩街道,R4/10,昭島,A 昭島市街,2八王子,13,4,-,-
87,堂方上,東京環状×新奥多摩街道,R4/10,昭島,A 昭島市街,2八王子,14,0,-,-
87,堂方上,東京環状×新奥多摩街道,R4/10,昭島,A 昭島市街,2八王子,15,0,-,-
87,堂方上,東京環状×新奥多摩街道,R4/10,昭島,A 昭島市街,2八王子,16,0,-,-
87,堂方上,東京環状×新奥多摩街道,R4/10,昭島,A 昭島市街,2八王子,17,1,-,-
87,堂方上,東京環状×新奥多摩街道,R4/10,昭島,A 昭島市街,2八王子,18,1,-,-
87,堂方上,東京環状×新奥多摩街道,R4/10,昭島,A 昭島市街,2八王子,12時間計,9,-,-
87,堂方上,東京環状×新奥多摩街道,R4/10,昭島,A 昭島市街,3川越,7,0,-,-
87,堂方上,東京環状×新奥多摩街道,R4/10,昭島,A 昭島市街,3川越,8,0,-,-
87,堂方上,東京環状×新奥多摩街道,R4/10,昭島,A 昭島市街,3川越,9,0,-,-
87,堂方上,東京環状×新奥多摩街道,R4/10,昭島,A 昭島市街,3川越,10,0,-,-
87,堂方上,東京環状×新奥多摩街道,R4/10,昭島,A 昭島市街,3川越,11,0,-,-
87,堂方上,東京環状×新奥多摩街道,R4/10,昭島,A 昭島市街,3川越,12,0,-,-
87,堂方上,東京環状×新奥多摩街道,R4/10,昭島,A 昭島市街,3川越,13,2,-,-
87,堂方上,東京環状×新奥多摩街道,R4/10,昭島,A 昭島市街,3川越,14,2,-,-
87,堂方上,東京環状×新奥多摩街道,R4/10,昭島,A 昭島市街,3川越,15,1,-,-
87,堂方上,東京環状×新奥多摩街道,R4/10,昭島,A 昭島市街,3川越,16,0,-,-
87,堂方上,東京環状×新奥多摩街道,R4/10,昭島,A 昭島市街,3川越,17,1,-,-
87,堂方上,東京環状×新奥多摩街道,R4/10,昭島,A 昭島市街,3川越,18,0,-,-
87,堂方上,東京環状×新奥多摩街道,R4/10,昭島,A 昭島市街,3川越,12時間計,6,-,-
87,堂方上,東京環状×新奥多摩街道,R4/10,昭島,A 昭島市街,流入計,7,4,19,23
87,堂方上,東京環状×新奥多摩街道,R4/10,昭島,A 昭島市街,流入計,8,0,21,21
87,堂方上,東京環状×新奥多摩街道,R4/10,昭島,A 昭島市街,流入計,9,0,24,24
87,堂方上,東京環状×新奥多摩街道,R4/10,昭島,A 昭島市街,流入計,10,0,27,27
87,堂方上,東京環状×新奥多摩街道,R4/10,昭島,A 昭島市街,流入計,11,0,7,7
87,堂方上,東京環状×新奥多摩街道,R4/10,昭島,A 昭島市街,流入計,12,2,13,15
87,堂方上,東京環状×新奥多摩街道,R4/10,昭島,A 昭島市街,流入計,13,7,10,17
87,堂方上,東京環状×新奥多摩街道,R4/10,昭島,A 昭島市街,流入計,14,2,19,21
87,堂方上,東京環状×新奥多摩街道,R4/10,昭島,A 昭島市街,流入計,15,1,34,35
87,堂方上,東京環状×新奥多摩街道,R4/10,昭島,A 昭島市街,流入計,16,0,28,28
87,堂方上,東京環状×新奥多摩街道,R4/10,昭島,A 昭島市街,流入計,17,3,20,23
87,堂方上,東京環状×新奥多摩街道,R4/10,昭島,A 昭島市街,流入計,18,1,16,17
87,堂方上,東京環状×新奥多摩街道,R4/10,昭島,A 昭島市街,流入計,12時間計,20,238,258
87,堂方上,東京環状×新奥多摩街道,R4/10,昭島,B 川越,4昭島市街,7,0,-,-
87,堂方上,東京環状×新奥多摩街道,R4/10,昭島,B 川越,4昭島市街,8,0,-,-
87,堂方上,東京環状×新奥多摩街道,R4/10,昭島,B 川越,4昭島市街,9,0,-,-
87,堂方上,東京環状×新奥多摩街道,R4/10,昭島,B 川越,4昭島市街,10,0,-,-
87,堂方上,東京環状×新奥多摩街道,R4/10,昭島,B 川越,4昭島市街,11,0,-,-
87,堂方上,東京環状×新奥多摩街道,R4/10,昭島,B 川越,4昭島市街,12,0,-,-
87,堂方上,東京環状×新奥多摩街道,R4/10,昭島,B 川越,4昭島市街,13,0,-,-
87,堂方上,東京環状×新奥多摩街道,R4/10,昭島,B 川越,4昭島市街,14,0,-,-
87,堂方上,東京環状×新奥多摩街道,R4/10,昭島,B 川越,4昭島市街,15,0,-,-
87,堂方上,東京環状×新奥多摩街道,R4/10,昭島,B 川越,4昭島市街,16,0,-,-
87,堂方上,東京環状×新奥多摩街道,R4/10,昭島,B 川越,4昭島市街,17,0,-,-
87,堂方上,東京環状×新奥多摩街道,R4/10,昭島,B 川越,4昭島市街,18,0,-,-
87,堂方上,東京環状×新奥多摩街道,R4/10,昭島,B 川越,4昭島市街,12時間計,0,-,-
87,堂方上,東京環状×新奥多摩街道,R4/10,昭島,B 川越,5立川,7,2,-,-
87,堂方上,東京環状×新奥多摩街道,R4/10,昭島,B 川越,5立川,8,0,-,-
87,堂方上,東京環状×新奥多摩街道,R4/10,昭島,B 川越,5立川,9,0,-,-
87,堂方上,東京環状×新奥多摩街道,R4/10,昭島,B 川越,5立川,10,0,-,-
87,堂方上,東京環状×新奥多摩街道,R4/10,昭島,B 川越,5立川,11,0,-,-
87,堂方上,東京環状×新奥多摩街道,R4/10,昭島,B 川越,5立川,12,1,-,-
87,堂方上,東京環状×新奥多摩街道,R4/10,昭島,B 川越,5立川,13,0,-,-
87,堂方上,東京環状×新奥多摩街道,R4/10,昭島,B 川越,5立川,14,1,-,-
87,堂方上,東京環状×新奥多摩街道,R4/10,昭島,B 川越,5立川,15,3,-,-
87,堂方上,東京環状×新奥多摩街道,R4/10,昭島,B 川越,5立川,16,1,-,-
87,堂方上,東京環状×新奥多摩街道,R4/10,昭島,B 川越,5立川,17,1,-,-
87,堂方上,東京環状×新奥多摩街道,R4/10,昭島,B 川越,5立川,18,1,-,-
87,堂方上,東京環状×新奥多摩街道,R4/10,昭島,B 川越,5立川,12時間計,10,-,-
87,堂方上,東京環状×新奥多摩街道,R4/10,昭島,B 川越,6八王子,7,5,-,-
87,堂方上,東京環状×新奥多摩街道,R4/10,昭島,B 川越,6八王子,8,1,-,-
87,堂方上,東京環状×新奥多摩街道,R4/10,昭島,B 川越,6八王子,9,1,-,-
87,堂方上,東京環状×新奥多摩街道,R4/10,昭島,B 川越,6八王子,10,1,-,-
87,堂方上,東京環状×新奥多摩街道,R4/10,昭島,B 川越,6八王子,11,0,-,-
87,堂方上,東京環状×新奥多摩街道,R4/10,昭島,B 川越,6八王子,12,1,-,-
87,堂方上,東京環状×新奥多摩街道,R4/10,昭島,B 川越,6八王子,13,0,-,-
87,堂方上,東京環状×新奥多摩街道,R4/10,昭島,B 川越,6八王子,14,0,-,-
87,堂方上,東京環状×新奥多摩街道,R4/10,昭島,B 川越,6八王子,15,0,-,-
87,堂方上,東京環状×新奥多摩街道,R4/10,昭島,B 川越,6八王子,16,0,-,-
87,堂方上,東京環状×新奥多摩街道,R4/10,昭島,B 川越,6八王子,17,0,-,-
87,堂方上,東京環状×新奥多摩街道,R4/10,昭島,B 川越,6八王子,18,0,-,-
87,堂方上,東京環状×新奥多摩街道,R4/10,昭島,B 川越,6八王子,12時間計,9,-,-
87,堂方上,東京環状×新奥多摩街道,R4/10,昭島,B 川越,流入計,7,7,14,21
87,堂方上,東京環状×新奥多摩街道,R4/10,昭島,B 川越,流入計,8,1,31,32
87,堂方上,東京環状×新奥多摩街道,R4/10,昭島,B 川越,流入計,9,1,16,17
87,堂方上,東京環状×新奥多摩街道,R4/10,昭島,B 川越,流入計,10,1,11,12
87,堂方上,東京環状×新奥多摩街道,R4/10,昭島,B 川越,流入計,11,0,4,4
87,堂方上,東京環状×新奥多摩街道,R4/10,昭島,B 川越,流入計,12,2,28,30
87,堂方上,東京環状×新奥多摩街道,R4/10,昭島,B 川越,流入計,13,0,18,18
87,堂方上,東京環状×新奥多摩街道,R4/10,昭島,B 川越,流入計,14,1,18,19
87,堂方上,東京環状×新奥多摩街道,R4/10,昭島,B 川越,流入計,15,3,15,18
87,堂方上,東京環状×新奥多摩街道,R4/10,昭島,B 川越,流入計,16,1,10,11
87,堂方上,東京環状×新奥多摩街道,R4/10,昭島,B 川越,流入計,17,1,7,8
87,堂方上,東京環状×新奥多摩街道,R4/10,昭島,B 川越,流入計,18,1,14,15
87,堂方上,東京環状×新奥多摩街道,R4/10,昭島,B 川越,流入計,12時間計,19,186,205
87,堂方上,東京環状×新奥多摩街道,R4/10,昭島,C 八王子,7川越,7,0,-,-
87,堂方上,東京環状×新奥多摩街道,R4/10,昭島,C 八王子,7川越,8,1,-,-
87,堂方上,東京環状×新奥多摩街道,R4/10,昭島,C 八王子,7川越,9,0,-,-
87,堂方上,東京環状×新奥多摩街道,R4/10,昭島,C 八王子,7川越,10,0,-,-
87,堂方上,東京環状×新奥多摩街道,R4/10,昭島,C 八王子,7川越,11,0,-,-
87,堂方上,東京環状×新奥多摩街道,R4/10,昭島,C 八王子,7川越,12,0,-,-
87,堂方上,東京環状×新奥多摩街道,R4/10,昭島,C 八王子,7川越,13,0,-,-
87,堂方上,東京環状×新奥多摩街道,R4/10,昭島,C 八王子,7川越,14,0,-,-
87,堂方上,東京環状×新奥多摩街道,R4/10,昭島,C 八王子,7川越,15,0,-,-
87,堂方上,東京環状×新奥多摩街道,R4/10,昭島,C 八王子,7川越,16,0,-,-
87,堂方上,東京環状×新奥多摩街道,R4/10,昭島,C 八王子,7川越,17,0,-,-
87,堂方上,東京環状×新奥多摩街道,R4/10,昭島,C 八王子,7川越,18,0,-,-
87,堂方上,東京環状×新奥多摩街道,R4/10,昭島,C 八王子,7川越,12時間計,1,-,-
87,堂方上,東京環状×新奥多摩街道,R4/10,昭島,C 八王子,8昭島市街,7,0,-,-
87,堂方上,東京環状×新奥多摩街道,R4/10,昭島,C 八王子,8昭島市街,8,0,-,-
87,堂方上,東京環状×新奥多摩街道,R4/10,昭島,C 八王子,8昭島市街,9,0,-,-
87,堂方上,東京環状×新奥多摩街道,R4/10,昭島,C 八王子,8昭島市街,10,0,-,-
87,堂方上,東京環状×新奥多摩街道,R4/10,昭島,C 八王子,8昭島市街,11,1,-,-
87,堂方上,東京環状×新奥多摩街道,R4/10,昭島,C 八王子,8昭島市街,12,0,-,-
87,堂方上,東京環状×新奥多摩街道,R4/10,昭島,C 八王子,8昭島市街,13,0,-,-
87,堂方上,東京環状×新奥多摩街道,R4/10,昭島,C 八王子,8昭島市街,14,0,-,-
87,堂方上,東京環状×新奥多摩街道,R4/10,昭島,C 八王子,8昭島市街,15,1,-,-
87,堂方上,東京環状×新奥多摩街道,R4/10,昭島,C 八王子,8昭島市街,16,0,-,-
87,堂方上,東京環状×新奥多摩街道,R4/10,昭島,C 八王子,8昭島市街,17,0,-,-
87,堂方上,東京環状×新奥多摩街道,R4/10,昭島,C 八王子,8昭島市街,18,0,-,-
87,堂方上,東京環状×新奥多摩街道,R4/10,昭島,C 八王子,8昭島市街,12時間計,2,-,-
87,堂方上,東京環状×新奥多摩街道,R4/10,昭島,C 八王子,9立川,7,1,-,-
87,堂方上,東京環状×新奥多摩街道,R4/10,昭島,C 八王子,9立川,8,0,-,-
87,堂方上,東京環状×新奥多摩街道,R4/10,昭島,C 八王子,9立川,9,0,-,-
87,堂方上,東京環状×新奥多摩街道,R4/10,昭島,C 八王子,9立川,10,0,-,-
87,堂方上,東京環状×新奥多摩街道,R4/10,昭島,C 八王子,9立川,11,0,-,-
87,堂方上,東京環状×新奥多摩街道,R4/10,昭島,C 八王子,9立川,12,0,-,-
87,堂方上,東京環状×新奥多摩街道,R4/10,昭島,C 八王子,9立川,13,0,-,-
87,堂方上,東京環状×新奥多摩街道,R4/10,昭島,C 八王子,9立川,14,0,-,-
87,堂方上,東京環状×新奥多摩街道,R4/10,昭島,C 八王子,9立川,15,0,-,-
87,堂方上,東京環状×新奥多摩街道,R4/10,昭島,C 八王子,9立川,16,0,-,-
87,堂方上,東京環状×新奥多摩街道,R4/10,昭島,C 八王子,9立川,17,0,-,-
87,堂方上,東京環状×新奥多摩街道,R4/10,昭島,C 八王子,9立川,18,0,-,-
87,堂方上,東京環状×新奥多摩街道,R4/10,昭島,C 八王子,9立川,12時間計,1,-,-
87,堂方上,東京環状×新奥多摩街道,R4/10,昭島,C 八王子,流入計,7,1,45,46
87,堂方上,東京環状×新奥多摩街道,R4/10,昭島,C 八王子,流入計,8,1,21,22
87,堂方上,東京環状×新奥多摩街道,R4/10,昭島,C 八王子,流入計,9,0,22,22
87,堂方上,東京環状×新奥多摩街道,R4/10,昭島,C 八王子,流入計,10,0,36,36
87,堂方上,東京環状×新奥多摩街道,R4/10,昭島,C 八王子,流入計,11,1,27,28
87,堂方上,東京環状×新奥多摩街道,R4/10,昭島,C 八王子,流入計,12,0,25,25
87,堂方上,東京環状×新奥多摩街道,R4/10,昭島,C 八王子,流入計,13,0,19,19
87,堂方上,東京環状×新奥多摩街道,R4/10,昭島,C 八王子,流入計,14,0,19,19
87,堂方上,東京環状×新奥多摩街道,R4/10,昭島,C 八王子,流入計,15,1,29,30
87,堂方上,東京環状×新奥多摩街道,R4/10,昭島,C 八王子,流入計,16,0,37,37
87,堂方上,東京環状×新奥多摩街道,R4/10,昭島,C 八王子,流入計,17,0,49,49
87,堂方上,東京環状×新奥多摩街道,R4/10,昭島,C 八王子,流入計,18,0,30,30
87,堂方上,東京環状×新奥多摩街道,R4/10,昭島,C 八王子,流入計,12時間計,4,359,363
87,堂方上,東京環状×新奥多摩街道,R4/10,昭島,D 立川,10八王子,7,2,-,-
87,堂方上,東京環状×新奥多摩街道,R4/10,昭島,D 立川,10八王子,8,0,-,-
87,堂方上,東京環状×新奥多摩街道,R4/10,昭島,D 立川,10八王子,9,2,-,-
87,堂方上,東京環状×新奥多摩街道,R4/10,昭島,D 立川,10八王子,10,0,-,-
87,堂方上,東京環状×新奥多摩街道,R4/10,昭島,D 立川,10八王子,11,0,-,-
87,堂方上,東京環状×新奥多摩街道,R4/10,昭島,D 立川,10八王子,12,1,-,-
87,堂方上,東京環状×新奥多摩街道,R4/10,昭島,D 立川,10八王子,13,2,-,-
87,堂方上,東京環状×新奥多摩街道,R4/10,昭島,D 立川,10八王子,14,0,-,-
87,堂方上,東京環状×新奥多摩街道,R4/10,昭島,D 立川,10八王子,15,0,-,-
87,堂方上,東京環状×新奥多摩街道,R4/10,昭島,D 立川,10八王子,16,1,-,-
87,堂方上,東京環状×新奥多摩街道,R4/10,昭島,D 立川,10八王子,17,0,-,-
87,堂方上,東京環状×新奥多摩街道,R4/10,昭島,D 立川,10八王子,18,0,-,-
87,堂方上,東京環状×新奥多摩街道,R4/10,昭島,D 立川,10八王子,12時間計,8,-,-
87,堂方上,東京環状×新奥多摩街道,R4/10,昭島,D 立川,11川越,7,0,-,-
87,堂方上,東京環状×新奥多摩街道,R4/10,昭島,D 立川,11川越,8,1,-,-
87,堂方上,東京環状×新奥多摩街道,R4/10,昭島,D 立川,11川越,9,0,-,-
87,堂方上,東京環状×新奥多摩街道,R4/10,昭島,D 立川,11川越,10,0,-,-
87,堂方上,東京環状×新奥多摩街道,R4/10,昭島,D 立川,11川越,11,0,-,-
87,堂方上,東京環状×新奥多摩街道,R4/10,昭島,D 立川,11川越,12,0,-,-
87,堂方上,東京環状×新奥多摩街道,R4/10,昭島,D 立川,11川越,13,2,-,-
87,堂方上,東京環状×新奥多摩街道,R4/10,昭島,D 立川,11川越,14,0,-,-
87,堂方上,東京環状×新奥多摩街道,R4/10,昭島,D 立川,11川越,15,0,-,-
87,堂方上,東京環状×新奥多摩街道,R4/10,昭島,D 立川,11川越,16,0,-,-
87,堂方上,東京環状×新奥多摩街道,R4/10,昭島,D 立川,11川越,17,0,-,-
87,堂方上,東京環状×新奥多摩街道,R4/10,昭島,D 立川,11川越,18,0,-,-
87,堂方上,東京環状×新奥多摩街道,R4/10,昭島,D 立川,11川越,12時間計,3,-,-
87,堂方上,東京環状×新奥多摩街道,R4/10,昭島,D 立川,12昭島市街,7,0,-,-
87,堂方上,東京環状×新奥多摩街道,R4/10,昭島,D 立川,12昭島市街,8,0,-,-
87,堂方上,東京環状×新奥多摩街道,R4/10,昭島,D 立川,12昭島市街,9,0,-,-
87,堂方上,東京環状×新奥多摩街道,R4/10,昭島,D 立川,12昭島市街,10,1,-,-
87,堂方上,東京環状×新奥多摩街道,R4/10,昭島,D 立川,12昭島市街,11,0,-,-
87,堂方上,東京環状×新奥多摩街道,R4/10,昭島,D 立川,12昭島市街,12,0,-,-
87,堂方上,東京環状×新奥多摩街道,R4/10,昭島,D 立川,12昭島市街,13,0,-,-
87,堂方上,東京環状×新奥多摩街道,R4/10,昭島,D 立川,12昭島市街,14,0,-,-
87,堂方上,東京環状×新奥多摩街道,R4/10,昭島,D 立川,12昭島市街,15,0,-,-
87,堂方上,東京環状×新奥多摩街道,R4/10,昭島,D 立川,12昭島市街,16,1,-,-
87,堂方上,東京環状×新奥多摩街道,R4/10,昭島,D 立川,12昭島市街,17,1,-,-
87,堂方上,東京環状×新奥多摩街道,R4/10,昭島,D 立川,12昭島市街,18,0,-,-
87,堂方上,東京環状×新奥多摩街道,R4/10,昭島,D 立川,12昭島市街,12時間計,3,-,-
87,堂方上,東京環状×新奥多摩街道,R4/10,昭島,D 立川,流入計,7,2,19,21
87,堂方上,東京環状×新奥多摩街道,R4/10,昭島,D 立川,流入計,8,1,38,39
87,堂方上,東京環状×新奥多摩街道,R4/10,昭島,D 立川,流入計,9,2,17,19
87,堂方上,東京環状×新奥多摩街道,R4/10,昭島,D 立川,流入計,10,1,26,27
87,堂方上,東京環状×新奥多摩街道,R4/10,昭島,D 立川,流入計,11,0,29,29
87,堂方上,東京環状×新奥多摩街道,R4/10,昭島,D 立川,流入計,12,1,33,34
87,堂方上,東京環状×新奥多摩街道,R4/10,昭島,D 立川,流入計,13,4,13,17
87,堂方上,東京環状×新奥多摩街道,R4/10,昭島,D 立川,流入計,14,0,17,17
87,堂方上,東京環状×新奥多摩街道,R4/10,昭島,D 立川,流入計,15,0,20,20
87,堂方上,東京環状×新奥多摩街道,R4/10,昭島,D 立川,流入計,16,2,21,23
87,堂方上,東京環状×新奥多摩街道,R4/10,昭島,D 立川,流入計,17,1,41,42
87,堂方上,東京環状×新奥多摩街道,R4/10,昭島,D 立川,流入計,18,0,27,27
87,堂方上,東京環状×新奥多摩街道,R4/10,昭島,D 立川,流入計,12時間計,14,301,315
87,堂方上,東京環状×新奥多摩街道,R4/10,昭島,全方向計,全方向計,7,14,97,111
87,堂方上,東京環状×新奥多摩街道,R4/10,昭島,全方向計,全方向計,8,3,111,114
87,堂方上,東京環状×新奥多摩街道,R4/10,昭島,全方向計,全方向計,9,3,79,82
87,堂方上,東京環状×新奥多摩街道,R4/10,昭島,全方向計,全方向計,10,2,100,102
87,堂方上,東京環状×新奥多摩街道,R4/10,昭島,全方向計,全方向計,11,1,67,68
87,堂方上,東京環状×新奥多摩街道,R4/10,昭島,全方向計,全方向計,12,5,99,104
87,堂方上,東京環状×新奥多摩街道,R4/10,昭島,全方向計,全方向計,13,11,60,71
87,堂方上,東京環状×新奥多摩街道,R4/10,昭島,全方向計,全方向計,14,3,73,76
87,堂方上,東京環状×新奥多摩街道,R4/10,昭島,全方向計,全方向計,15,5,98,103
87,堂方上,東京環状×新奥多摩街道,R4/10,昭島,全方向計,全方向計,16,3,96,99
87,堂方上,東京環状×新奥多摩街道,R4/10,昭島,全方向計,全方向計,17,5,117,122
87,堂方上,東京環状×新奥多摩街道,R4/10,昭島,全方向計,全方向計,18,2,87,89
87,堂方上,東京環状×新奥多摩街道,R4/10,昭島,全方向計,全方向計,12時間計,57,1084,1141
