﻿地点番号,地点名,交差道路名,調査年月,管轄警察署,流出方向,時間帯等,大型乗用,大型貨物,普通乗用,普通貨物,四輪計,二輪車
87,堂方上,東京環状×新奥多摩街道,R4/10,昭島,A 昭島市街,7,4,10,199,103,316,14
87,堂方上,東京環状×新奥多摩街道,R4/10,昭島,A 昭島市街,8,2,10,201,116,329,9
87,堂方上,東京環状×新奥多摩街道,R4/10,昭島,A 昭島市街,9,2,6,162,109,279,5
87,堂方上,東京環状×新奥多摩街道,R4/10,昭島,A 昭島市街,10,3,13,172,76,264,7
87,堂方上,東京環状×新奥多摩街道,R4/10,昭島,A 昭島市街,11,4,8,163,77,252,4
87,堂方上,東京環状×新奥多摩街道,R4/10,昭島,A 昭島市街,12,2,7,183,89,281,6
87,堂方上,東京環状×新奥多摩街道,R4/10,昭島,A 昭島市街,13,3,10,191,95,299,11
87,堂方上,東京環状×新奥多摩街道,R4/10,昭島,A 昭島市街,14,2,7,149,116,274,9
87,堂方上,東京環状×新奥多摩街道,R4/10,昭島,A 昭島市街,15,3,10,175,122,310,6
87,堂方上,東京環状×新奥多摩街道,R4/10,昭島,A 昭島市街,16,5,14,238,86,343,4
87,堂方上,東京環状×新奥多摩街道,R4/10,昭島,A 昭島市街,17,1,7,254,69,331,9
87,堂方上,東京環状×新奥多摩街道,R4/10,昭島,A 昭島市街,18,2,3,271,95,371,11
87,堂方上,東京環状×新奥多摩街道,R4/10,昭島,A 昭島市街,12時間計,33,105,2358,1153,3649,95
87,堂方上,東京環状×新奥多摩街道,R4/10,昭島,B 川越,7,17,164,839,248,1268,56
87,堂方上,東京環状×新奥多摩街道,R4/10,昭島,B 川越,8,8,193,694,291,1186,37
87,堂方上,東京環状×新奥多摩街道,R4/10,昭島,B 川越,9,11,182,593,398,1184,23
87,堂方上,東京環状×新奥多摩街道,R4/10,昭島,B 川越,10,2,169,503,339,1013,27
87,堂方上,東京環状×新奥多摩街道,R4/10,昭島,B 川越,11,1,184,510,396,1091,21
87,堂方上,東京環状×新奥多摩街道,R4/10,昭島,B 川越,12,1,158,530,352,1041,31
87,堂方上,東京環状×新奥多摩街道,R4/10,昭島,B 川越,13,3,213,663,319,1198,24
87,堂方上,東京環状×新奥多摩街道,R4/10,昭島,B 川越,14,7,221,633,322,1183,24
87,堂方上,東京環状×新奥多摩街道,R4/10,昭島,B 川越,15,1,128,598,398,1125,26
87,堂方上,東京環状×新奥多摩街道,R4/10,昭島,B 川越,16,6,99,686,442,1233,37
87,堂方上,東京環状×新奥多摩街道,R4/10,昭島,B 川越,17,4,62,792,411,1269,41
87,堂方上,東京環状×新奥多摩街道,R4/10,昭島,B 川越,18,4,67,816,315,1202,52
87,堂方上,東京環状×新奥多摩街道,R4/10,昭島,B 川越,12時間計,65,1840,7857,4231,13993,399
87,堂方上,東京環状×新奥多摩街道,R4/10,昭島,C 八王子,7,9,101,742,239,1091,43
87,堂方上,東京環状×新奥多摩街道,R4/10,昭島,C 八王子,8,12,96,538,269,915,33
87,堂方上,東京環状×新奥多摩街道,R4/10,昭島,C 八王子,9,10,142,419,281,852,20
87,堂方上,東京環状×新奥多摩街道,R4/10,昭島,C 八王子,10,4,118,364,299,785,20
87,堂方上,東京環状×新奥多摩街道,R4/10,昭島,C 八王子,11,3,127,403,285,818,15
87,堂方上,東京環状×新奥多摩街道,R4/10,昭島,C 八王子,12,6,107,376,151,640,18
87,堂方上,東京環状×新奥多摩街道,R4/10,昭島,C 八王子,13,8,112,546,210,876,10
87,堂方上,東京環状×新奥多摩街道,R4/10,昭島,C 八王子,14,11,103,518,271,903,16
87,堂方上,東京環状×新奥多摩街道,R4/10,昭島,C 八王子,15,6,70,588,299,963,14
87,堂方上,東京環状×新奥多摩街道,R4/10,昭島,C 八王子,16,3,103,573,321,1000,35
87,堂方上,東京環状×新奥多摩街道,R4/10,昭島,C 八王子,17,9,72,583,322,986,39
87,堂方上,東京環状×新奥多摩街道,R4/10,昭島,C 八王子,18,7,58,722,138,925,36
87,堂方上,東京環状×新奥多摩街道,R4/10,昭島,C 八王子,12時間計,88,1209,6372,3085,10754,299
87,堂方上,東京環状×新奥多摩街道,R4/10,昭島,D 立川,7,9,79,605,357,1050,37
87,堂方上,東京環状×新奥多摩街道,R4/10,昭島,D 立川,8,5,39,554,312,910,33
87,堂方上,東京環状×新奥多摩街道,R4/10,昭島,D 立川,9,6,40,508,159,713,18
87,堂方上,東京環状×新奥多摩街道,R4/10,昭島,D 立川,10,2,66,464,142,674,8
87,堂方上,東京環状×新奥多摩街道,R4/10,昭島,D 立川,11,4,66,491,168,729,20
87,堂方上,東京環状×新奥多摩街道,R4/10,昭島,D 立川,12,9,69,456,173,707,18
87,堂方上,東京環状×新奥多摩街道,R4/10,昭島,D 立川,13,4,50,375,184,613,20
87,堂方上,東京環状×新奥多摩街道,R4/10,昭島,D 立川,14,8,42,453,213,716,23
87,堂方上,東京環状×新奥多摩街道,R4/10,昭島,D 立川,15,7,35,596,154,792,18
87,堂方上,東京環状×新奥多摩街道,R4/10,昭島,D 立川,16,3,22,599,154,778,37
87,堂方上,東京環状×新奥多摩街道,R4/10,昭島,D 立川,17,2,14,687,197,900,33
87,堂方上,東京環状×新奥多摩街道,R4/10,昭島,D 立川,18,3,12,602,172,789,54
87,堂方上,東京環状×新奥多摩街道,R4/10,昭島,D 立川,12時間計,62,534,6390,2385,9371,319
87,堂方上,東京環状×新奥多摩街道,R4/10,昭島,全方向合計,7,39,354,2385,947,3725,150
87,堂方上,東京環状×新奥多摩街道,R4/10,昭島,全方向合計,8,27,338,1987,988,3340,112
87,堂方上,東京環状×新奥多摩街道,R4/10,昭島,全方向合計,9,29,370,1682,947,3028,66
87,堂方上,東京環状×新奥多摩街道,R4/10,昭島,全方向合計,10,11,366,1503,856,2736,62
87,堂方上,東京環状×新奥多摩街道,R4/10,昭島,全方向合計,11,12,385,1567,926,2890,60
87,堂方上,東京環状×新奥多摩街道,R4/10,昭島,全方向合計,12,18,341,1545,765,2669,73
87,堂方上,東京環状×新奥多摩街道,R4/10,昭島,全方向合計,13,18,385,1775,808,2986,65
87,堂方上,東京環状×新奥多摩街道,R4/10,昭島,全方向合計,14,28,373,1753,922,3076,72
87,堂方上,東京環状×新奥多摩街道,R4/10,昭島,全方向合計,15,17,243,1957,973,3190,64
87,堂方上,東京環状×新奥多摩街道,R4/10,昭島,全方向合計,16,17,238,2096,1003,3354,113
87,堂方上,東京環状×新奥多摩街道,R4/10,昭島,全方向合計,17,16,155,2316,999,3486,122
87,堂方上,東京環状×新奥多摩街道,R4/10,昭島,全方向合計,18,16,140,2411,720,3287,153
87,堂方上,東京環状×新奥多摩街道,R4/10,昭島,全方向合計,12時間計,248,3688,22977,10854,37767,1112
