﻿地点番号,地点名,交差道路名,調査年月,管轄警察署,流入方向,流出方向,時間帯等,車道通行自転車,歩道通行自転車,自転車計
303,赤坂１,外堀通り×環状二号線,R4/11,赤坂,A 赤坂見附,1新橋,7,28,-,-
303,赤坂１,外堀通り×環状二号線,R4/11,赤坂,A 赤坂見附,1新橋,8,42,-,-
303,赤坂１,外堀通り×環状二号線,R4/11,赤坂,A 赤坂見附,1新橋,9,43,-,-
303,赤坂１,外堀通り×環状二号線,R4/11,赤坂,A 赤坂見附,1新橋,10,36,-,-
303,赤坂１,外堀通り×環状二号線,R4/11,赤坂,A 赤坂見附,1新橋,11,24,-,-
303,赤坂１,外堀通り×環状二号線,R4/11,赤坂,A 赤坂見附,1新橋,12,31,-,-
303,赤坂１,外堀通り×環状二号線,R4/11,赤坂,A 赤坂見附,1新橋,13,29,-,-
303,赤坂１,外堀通り×環状二号線,R4/11,赤坂,A 赤坂見附,1新橋,14,28,-,-
303,赤坂１,外堀通り×環状二号線,R4/11,赤坂,A 赤坂見附,1新橋,15,27,-,-
303,赤坂１,外堀通り×環状二号線,R4/11,赤坂,A 赤坂見附,1新橋,16,26,-,-
303,赤坂１,外堀通り×環状二号線,R4/11,赤坂,A 赤坂見附,1新橋,17,26,-,-
303,赤坂１,外堀通り×環状二号線,R4/11,赤坂,A 赤坂見附,1新橋,18,34,-,-
303,赤坂１,外堀通り×環状二号線,R4/11,赤坂,A 赤坂見附,1新橋,12時間計,374,-,-
303,赤坂１,外堀通り×環状二号線,R4/11,赤坂,A 赤坂見附,2汐留,7,3,-,-
303,赤坂１,外堀通り×環状二号線,R4/11,赤坂,A 赤坂見附,2汐留,8,11,-,-
303,赤坂１,外堀通り×環状二号線,R4/11,赤坂,A 赤坂見附,2汐留,9,2,-,-
303,赤坂１,外堀通り×環状二号線,R4/11,赤坂,A 赤坂見附,2汐留,10,3,-,-
303,赤坂１,外堀通り×環状二号線,R4/11,赤坂,A 赤坂見附,2汐留,11,0,-,-
303,赤坂１,外堀通り×環状二号線,R4/11,赤坂,A 赤坂見附,2汐留,12,0,-,-
303,赤坂１,外堀通り×環状二号線,R4/11,赤坂,A 赤坂見附,2汐留,13,0,-,-
303,赤坂１,外堀通り×環状二号線,R4/11,赤坂,A 赤坂見附,2汐留,14,4,-,-
303,赤坂１,外堀通り×環状二号線,R4/11,赤坂,A 赤坂見附,2汐留,15,0,-,-
303,赤坂１,外堀通り×環状二号線,R4/11,赤坂,A 赤坂見附,2汐留,16,3,-,-
303,赤坂１,外堀通り×環状二号線,R4/11,赤坂,A 赤坂見附,2汐留,17,2,-,-
303,赤坂１,外堀通り×環状二号線,R4/11,赤坂,A 赤坂見附,2汐留,18,0,-,-
303,赤坂１,外堀通り×環状二号線,R4/11,赤坂,A 赤坂見附,2汐留,12時間計,28,-,-
303,赤坂１,外堀通り×環状二号線,R4/11,赤坂,A 赤坂見附,3六本木通り,7,0,-,-
303,赤坂１,外堀通り×環状二号線,R4/11,赤坂,A 赤坂見附,3六本木通り,8,0,-,-
303,赤坂１,外堀通り×環状二号線,R4/11,赤坂,A 赤坂見附,3六本木通り,9,0,-,-
303,赤坂１,外堀通り×環状二号線,R4/11,赤坂,A 赤坂見附,3六本木通り,10,0,-,-
303,赤坂１,外堀通り×環状二号線,R4/11,赤坂,A 赤坂見附,3六本木通り,11,0,-,-
303,赤坂１,外堀通り×環状二号線,R4/11,赤坂,A 赤坂見附,3六本木通り,12,0,-,-
303,赤坂１,外堀通り×環状二号線,R4/11,赤坂,A 赤坂見附,3六本木通り,13,0,-,-
303,赤坂１,外堀通り×環状二号線,R4/11,赤坂,A 赤坂見附,3六本木通り,14,0,-,-
303,赤坂１,外堀通り×環状二号線,R4/11,赤坂,A 赤坂見附,3六本木通り,15,0,-,-
303,赤坂１,外堀通り×環状二号線,R4/11,赤坂,A 赤坂見附,3六本木通り,16,0,-,-
303,赤坂１,外堀通り×環状二号線,R4/11,赤坂,A 赤坂見附,3六本木通り,17,0,-,-
303,赤坂１,外堀通り×環状二号線,R4/11,赤坂,A 赤坂見附,3六本木通り,18,0,-,-
303,赤坂１,外堀通り×環状二号線,R4/11,赤坂,A 赤坂見附,3六本木通り,12時間計,0,-,-
303,赤坂１,外堀通り×環状二号線,R4/11,赤坂,A 赤坂見附,流入計,7,31,17,48
303,赤坂１,外堀通り×環状二号線,R4/11,赤坂,A 赤坂見附,流入計,8,53,5,58
303,赤坂１,外堀通り×環状二号線,R4/11,赤坂,A 赤坂見附,流入計,9,45,15,60
303,赤坂１,外堀通り×環状二号線,R4/11,赤坂,A 赤坂見附,流入計,10,39,14,53
303,赤坂１,外堀通り×環状二号線,R4/11,赤坂,A 赤坂見附,流入計,11,24,19,43
303,赤坂１,外堀通り×環状二号線,R4/11,赤坂,A 赤坂見附,流入計,12,31,17,48
303,赤坂１,外堀通り×環状二号線,R4/11,赤坂,A 赤坂見附,流入計,13,29,13,42
303,赤坂１,外堀通り×環状二号線,R4/11,赤坂,A 赤坂見附,流入計,14,32,16,48
303,赤坂１,外堀通り×環状二号線,R4/11,赤坂,A 赤坂見附,流入計,15,27,10,37
303,赤坂１,外堀通り×環状二号線,R4/11,赤坂,A 赤坂見附,流入計,16,29,15,44
303,赤坂１,外堀通り×環状二号線,R4/11,赤坂,A 赤坂見附,流入計,17,28,18,46
303,赤坂１,外堀通り×環状二号線,R4/11,赤坂,A 赤坂見附,流入計,18,34,19,53
303,赤坂１,外堀通り×環状二号線,R4/11,赤坂,A 赤坂見附,流入計,12時間計,402,178,580
303,赤坂１,外堀通り×環状二号線,R4/11,赤坂,B 六本木通り,4赤坂見附,7,0,-,-
303,赤坂１,外堀通り×環状二号線,R4/11,赤坂,B 六本木通り,4赤坂見附,8,0,-,-
303,赤坂１,外堀通り×環状二号線,R4/11,赤坂,B 六本木通り,4赤坂見附,9,0,-,-
303,赤坂１,外堀通り×環状二号線,R4/11,赤坂,B 六本木通り,4赤坂見附,10,0,-,-
303,赤坂１,外堀通り×環状二号線,R4/11,赤坂,B 六本木通り,4赤坂見附,11,0,-,-
303,赤坂１,外堀通り×環状二号線,R4/11,赤坂,B 六本木通り,4赤坂見附,12,0,-,-
303,赤坂１,外堀通り×環状二号線,R4/11,赤坂,B 六本木通り,4赤坂見附,13,0,-,-
303,赤坂１,外堀通り×環状二号線,R4/11,赤坂,B 六本木通り,4赤坂見附,14,0,-,-
303,赤坂１,外堀通り×環状二号線,R4/11,赤坂,B 六本木通り,4赤坂見附,15,0,-,-
303,赤坂１,外堀通り×環状二号線,R4/11,赤坂,B 六本木通り,4赤坂見附,16,0,-,-
303,赤坂１,外堀通り×環状二号線,R4/11,赤坂,B 六本木通り,4赤坂見附,17,0,-,-
303,赤坂１,外堀通り×環状二号線,R4/11,赤坂,B 六本木通り,4赤坂見附,18,0,-,-
303,赤坂１,外堀通り×環状二号線,R4/11,赤坂,B 六本木通り,4赤坂見附,12時間計,0,-,-
303,赤坂１,外堀通り×環状二号線,R4/11,赤坂,B 六本木通り,5新橋,7,1,-,-
303,赤坂１,外堀通り×環状二号線,R4/11,赤坂,B 六本木通り,5新橋,8,5,-,-
303,赤坂１,外堀通り×環状二号線,R4/11,赤坂,B 六本木通り,5新橋,9,4,-,-
303,赤坂１,外堀通り×環状二号線,R4/11,赤坂,B 六本木通り,5新橋,10,4,-,-
303,赤坂１,外堀通り×環状二号線,R4/11,赤坂,B 六本木通り,5新橋,11,3,-,-
303,赤坂１,外堀通り×環状二号線,R4/11,赤坂,B 六本木通り,5新橋,12,2,-,-
303,赤坂１,外堀通り×環状二号線,R4/11,赤坂,B 六本木通り,5新橋,13,1,-,-
303,赤坂１,外堀通り×環状二号線,R4/11,赤坂,B 六本木通り,5新橋,14,1,-,-
303,赤坂１,外堀通り×環状二号線,R4/11,赤坂,B 六本木通り,5新橋,15,1,-,-
303,赤坂１,外堀通り×環状二号線,R4/11,赤坂,B 六本木通り,5新橋,16,0,-,-
303,赤坂１,外堀通り×環状二号線,R4/11,赤坂,B 六本木通り,5新橋,17,1,-,-
303,赤坂１,外堀通り×環状二号線,R4/11,赤坂,B 六本木通り,5新橋,18,3,-,-
303,赤坂１,外堀通り×環状二号線,R4/11,赤坂,B 六本木通り,5新橋,12時間計,26,-,-
303,赤坂１,外堀通り×環状二号線,R4/11,赤坂,B 六本木通り,6汐留,7,1,-,-
303,赤坂１,外堀通り×環状二号線,R4/11,赤坂,B 六本木通り,6汐留,8,1,-,-
303,赤坂１,外堀通り×環状二号線,R4/11,赤坂,B 六本木通り,6汐留,9,0,-,-
303,赤坂１,外堀通り×環状二号線,R4/11,赤坂,B 六本木通り,6汐留,10,2,-,-
303,赤坂１,外堀通り×環状二号線,R4/11,赤坂,B 六本木通り,6汐留,11,0,-,-
303,赤坂１,外堀通り×環状二号線,R4/11,赤坂,B 六本木通り,6汐留,12,0,-,-
303,赤坂１,外堀通り×環状二号線,R4/11,赤坂,B 六本木通り,6汐留,13,0,-,-
303,赤坂１,外堀通り×環状二号線,R4/11,赤坂,B 六本木通り,6汐留,14,0,-,-
303,赤坂１,外堀通り×環状二号線,R4/11,赤坂,B 六本木通り,6汐留,15,0,-,-
303,赤坂１,外堀通り×環状二号線,R4/11,赤坂,B 六本木通り,6汐留,16,0,-,-
303,赤坂１,外堀通り×環状二号線,R4/11,赤坂,B 六本木通り,6汐留,17,0,-,-
303,赤坂１,外堀通り×環状二号線,R4/11,赤坂,B 六本木通り,6汐留,18,2,-,-
303,赤坂１,外堀通り×環状二号線,R4/11,赤坂,B 六本木通り,6汐留,12時間計,6,-,-
303,赤坂１,外堀通り×環状二号線,R4/11,赤坂,B 六本木通り,流入計,7,2,15,17
303,赤坂１,外堀通り×環状二号線,R4/11,赤坂,B 六本木通り,流入計,8,6,12,18
303,赤坂１,外堀通り×環状二号線,R4/11,赤坂,B 六本木通り,流入計,9,4,16,20
303,赤坂１,外堀通り×環状二号線,R4/11,赤坂,B 六本木通り,流入計,10,6,9,15
303,赤坂１,外堀通り×環状二号線,R4/11,赤坂,B 六本木通り,流入計,11,3,16,19
303,赤坂１,外堀通り×環状二号線,R4/11,赤坂,B 六本木通り,流入計,12,2,8,10
303,赤坂１,外堀通り×環状二号線,R4/11,赤坂,B 六本木通り,流入計,13,1,9,10
303,赤坂１,外堀通り×環状二号線,R4/11,赤坂,B 六本木通り,流入計,14,1,11,12
303,赤坂１,外堀通り×環状二号線,R4/11,赤坂,B 六本木通り,流入計,15,1,5,6
303,赤坂１,外堀通り×環状二号線,R4/11,赤坂,B 六本木通り,流入計,16,0,12,12
303,赤坂１,外堀通り×環状二号線,R4/11,赤坂,B 六本木通り,流入計,17,1,7,8
303,赤坂１,外堀通り×環状二号線,R4/11,赤坂,B 六本木通り,流入計,18,5,3,8
303,赤坂１,外堀通り×環状二号線,R4/11,赤坂,B 六本木通り,流入計,12時間計,32,123,155
303,赤坂１,外堀通り×環状二号線,R4/11,赤坂,C 汐留,7六本木通り,7,1,-,-
303,赤坂１,外堀通り×環状二号線,R4/11,赤坂,C 汐留,7六本木通り,8,1,-,-
303,赤坂１,外堀通り×環状二号線,R4/11,赤坂,C 汐留,7六本木通り,9,2,-,-
303,赤坂１,外堀通り×環状二号線,R4/11,赤坂,C 汐留,7六本木通り,10,0,-,-
303,赤坂１,外堀通り×環状二号線,R4/11,赤坂,C 汐留,7六本木通り,11,1,-,-
303,赤坂１,外堀通り×環状二号線,R4/11,赤坂,C 汐留,7六本木通り,12,0,-,-
303,赤坂１,外堀通り×環状二号線,R4/11,赤坂,C 汐留,7六本木通り,13,1,-,-
303,赤坂１,外堀通り×環状二号線,R4/11,赤坂,C 汐留,7六本木通り,14,0,-,-
303,赤坂１,外堀通り×環状二号線,R4/11,赤坂,C 汐留,7六本木通り,15,0,-,-
303,赤坂１,外堀通り×環状二号線,R4/11,赤坂,C 汐留,7六本木通り,16,0,-,-
303,赤坂１,外堀通り×環状二号線,R4/11,赤坂,C 汐留,7六本木通り,17,0,-,-
303,赤坂１,外堀通り×環状二号線,R4/11,赤坂,C 汐留,7六本木通り,18,0,-,-
303,赤坂１,外堀通り×環状二号線,R4/11,赤坂,C 汐留,7六本木通り,12時間計,6,-,-
303,赤坂１,外堀通り×環状二号線,R4/11,赤坂,C 汐留,8赤坂見附,7,3,-,-
303,赤坂１,外堀通り×環状二号線,R4/11,赤坂,C 汐留,8赤坂見附,8,3,-,-
303,赤坂１,外堀通り×環状二号線,R4/11,赤坂,C 汐留,8赤坂見附,9,2,-,-
303,赤坂１,外堀通り×環状二号線,R4/11,赤坂,C 汐留,8赤坂見附,10,4,-,-
303,赤坂１,外堀通り×環状二号線,R4/11,赤坂,C 汐留,8赤坂見附,11,7,-,-
303,赤坂１,外堀通り×環状二号線,R4/11,赤坂,C 汐留,8赤坂見附,12,5,-,-
303,赤坂１,外堀通り×環状二号線,R4/11,赤坂,C 汐留,8赤坂見附,13,3,-,-
303,赤坂１,外堀通り×環状二号線,R4/11,赤坂,C 汐留,8赤坂見附,14,0,-,-
303,赤坂１,外堀通り×環状二号線,R4/11,赤坂,C 汐留,8赤坂見附,15,7,-,-
303,赤坂１,外堀通り×環状二号線,R4/11,赤坂,C 汐留,8赤坂見附,16,10,-,-
303,赤坂１,外堀通り×環状二号線,R4/11,赤坂,C 汐留,8赤坂見附,17,7,-,-
303,赤坂１,外堀通り×環状二号線,R4/11,赤坂,C 汐留,8赤坂見附,18,8,-,-
303,赤坂１,外堀通り×環状二号線,R4/11,赤坂,C 汐留,8赤坂見附,12時間計,59,-,-
303,赤坂１,外堀通り×環状二号線,R4/11,赤坂,C 汐留,9新橋,7,0,-,-
303,赤坂１,外堀通り×環状二号線,R4/11,赤坂,C 汐留,9新橋,8,0,-,-
303,赤坂１,外堀通り×環状二号線,R4/11,赤坂,C 汐留,9新橋,9,0,-,-
303,赤坂１,外堀通り×環状二号線,R4/11,赤坂,C 汐留,9新橋,10,0,-,-
303,赤坂１,外堀通り×環状二号線,R4/11,赤坂,C 汐留,9新橋,11,0,-,-
303,赤坂１,外堀通り×環状二号線,R4/11,赤坂,C 汐留,9新橋,12,0,-,-
303,赤坂１,外堀通り×環状二号線,R4/11,赤坂,C 汐留,9新橋,13,1,-,-
303,赤坂１,外堀通り×環状二号線,R4/11,赤坂,C 汐留,9新橋,14,0,-,-
303,赤坂１,外堀通り×環状二号線,R4/11,赤坂,C 汐留,9新橋,15,0,-,-
303,赤坂１,外堀通り×環状二号線,R4/11,赤坂,C 汐留,9新橋,16,0,-,-
303,赤坂１,外堀通り×環状二号線,R4/11,赤坂,C 汐留,9新橋,17,0,-,-
303,赤坂１,外堀通り×環状二号線,R4/11,赤坂,C 汐留,9新橋,18,1,-,-
303,赤坂１,外堀通り×環状二号線,R4/11,赤坂,C 汐留,9新橋,12時間計,2,-,-
303,赤坂１,外堀通り×環状二号線,R4/11,赤坂,C 汐留,流入計,7,4,31,35
303,赤坂１,外堀通り×環状二号線,R4/11,赤坂,C 汐留,流入計,8,4,29,33
303,赤坂１,外堀通り×環状二号線,R4/11,赤坂,C 汐留,流入計,9,4,32,36
303,赤坂１,外堀通り×環状二号線,R4/11,赤坂,C 汐留,流入計,10,4,29,33
303,赤坂１,外堀通り×環状二号線,R4/11,赤坂,C 汐留,流入計,11,8,16,24
303,赤坂１,外堀通り×環状二号線,R4/11,赤坂,C 汐留,流入計,12,5,14,19
303,赤坂１,外堀通り×環状二号線,R4/11,赤坂,C 汐留,流入計,13,5,16,21
303,赤坂１,外堀通り×環状二号線,R4/11,赤坂,C 汐留,流入計,14,0,19,19
303,赤坂１,外堀通り×環状二号線,R4/11,赤坂,C 汐留,流入計,15,7,12,19
303,赤坂１,外堀通り×環状二号線,R4/11,赤坂,C 汐留,流入計,16,10,17,27
303,赤坂１,外堀通り×環状二号線,R4/11,赤坂,C 汐留,流入計,17,7,8,15
303,赤坂１,外堀通り×環状二号線,R4/11,赤坂,C 汐留,流入計,18,9,22,31
303,赤坂１,外堀通り×環状二号線,R4/11,赤坂,C 汐留,流入計,12時間計,67,245,312
303,赤坂１,外堀通り×環状二号線,R4/11,赤坂,D 新橋,10汐留,7,1,-,-
303,赤坂１,外堀通り×環状二号線,R4/11,赤坂,D 新橋,10汐留,8,0,-,-
303,赤坂１,外堀通り×環状二号線,R4/11,赤坂,D 新橋,10汐留,9,0,-,-
303,赤坂１,外堀通り×環状二号線,R4/11,赤坂,D 新橋,10汐留,10,0,-,-
303,赤坂１,外堀通り×環状二号線,R4/11,赤坂,D 新橋,10汐留,11,1,-,-
303,赤坂１,外堀通り×環状二号線,R4/11,赤坂,D 新橋,10汐留,12,1,-,-
303,赤坂１,外堀通り×環状二号線,R4/11,赤坂,D 新橋,10汐留,13,0,-,-
303,赤坂１,外堀通り×環状二号線,R4/11,赤坂,D 新橋,10汐留,14,0,-,-
303,赤坂１,外堀通り×環状二号線,R4/11,赤坂,D 新橋,10汐留,15,0,-,-
303,赤坂１,外堀通り×環状二号線,R4/11,赤坂,D 新橋,10汐留,16,0,-,-
303,赤坂１,外堀通り×環状二号線,R4/11,赤坂,D 新橋,10汐留,17,0,-,-
303,赤坂１,外堀通り×環状二号線,R4/11,赤坂,D 新橋,10汐留,18,0,-,-
303,赤坂１,外堀通り×環状二号線,R4/11,赤坂,D 新橋,10汐留,12時間計,3,-,-
303,赤坂１,外堀通り×環状二号線,R4/11,赤坂,D 新橋,11六本木通り,7,1,-,-
303,赤坂１,外堀通り×環状二号線,R4/11,赤坂,D 新橋,11六本木通り,8,2,-,-
303,赤坂１,外堀通り×環状二号線,R4/11,赤坂,D 新橋,11六本木通り,9,2,-,-
303,赤坂１,外堀通り×環状二号線,R4/11,赤坂,D 新橋,11六本木通り,10,0,-,-
303,赤坂１,外堀通り×環状二号線,R4/11,赤坂,D 新橋,11六本木通り,11,5,-,-
303,赤坂１,外堀通り×環状二号線,R4/11,赤坂,D 新橋,11六本木通り,12,2,-,-
303,赤坂１,外堀通り×環状二号線,R4/11,赤坂,D 新橋,11六本木通り,13,6,-,-
303,赤坂１,外堀通り×環状二号線,R4/11,赤坂,D 新橋,11六本木通り,14,9,-,-
303,赤坂１,外堀通り×環状二号線,R4/11,赤坂,D 新橋,11六本木通り,15,0,-,-
303,赤坂１,外堀通り×環状二号線,R4/11,赤坂,D 新橋,11六本木通り,16,1,-,-
303,赤坂１,外堀通り×環状二号線,R4/11,赤坂,D 新橋,11六本木通り,17,7,-,-
303,赤坂１,外堀通り×環状二号線,R4/11,赤坂,D 新橋,11六本木通り,18,1,-,-
303,赤坂１,外堀通り×環状二号線,R4/11,赤坂,D 新橋,11六本木通り,12時間計,36,-,-
303,赤坂１,外堀通り×環状二号線,R4/11,赤坂,D 新橋,12赤坂見附,7,16,-,-
303,赤坂１,外堀通り×環状二号線,R4/11,赤坂,D 新橋,12赤坂見附,8,22,-,-
303,赤坂１,外堀通り×環状二号線,R4/11,赤坂,D 新橋,12赤坂見附,9,21,-,-
303,赤坂１,外堀通り×環状二号線,R4/11,赤坂,D 新橋,12赤坂見附,10,28,-,-
303,赤坂１,外堀通り×環状二号線,R4/11,赤坂,D 新橋,12赤坂見附,11,20,-,-
303,赤坂１,外堀通り×環状二号線,R4/11,赤坂,D 新橋,12赤坂見附,12,12,-,-
303,赤坂１,外堀通り×環状二号線,R4/11,赤坂,D 新橋,12赤坂見附,13,20,-,-
303,赤坂１,外堀通り×環状二号線,R4/11,赤坂,D 新橋,12赤坂見附,14,21,-,-
303,赤坂１,外堀通り×環状二号線,R4/11,赤坂,D 新橋,12赤坂見附,15,15,-,-
303,赤坂１,外堀通り×環状二号線,R4/11,赤坂,D 新橋,12赤坂見附,16,24,-,-
303,赤坂１,外堀通り×環状二号線,R4/11,赤坂,D 新橋,12赤坂見附,17,28,-,-
303,赤坂１,外堀通り×環状二号線,R4/11,赤坂,D 新橋,12赤坂見附,18,18,-,-
303,赤坂１,外堀通り×環状二号線,R4/11,赤坂,D 新橋,12赤坂見附,12時間計,245,-,-
303,赤坂１,外堀通り×環状二号線,R4/11,赤坂,D 新橋,流入計,7,18,18,36
303,赤坂１,外堀通り×環状二号線,R4/11,赤坂,D 新橋,流入計,8,24,19,43
303,赤坂１,外堀通り×環状二号線,R4/11,赤坂,D 新橋,流入計,9,23,16,39
303,赤坂１,外堀通り×環状二号線,R4/11,赤坂,D 新橋,流入計,10,28,24,52
303,赤坂１,外堀通り×環状二号線,R4/11,赤坂,D 新橋,流入計,11,26,19,45
303,赤坂１,外堀通り×環状二号線,R4/11,赤坂,D 新橋,流入計,12,15,14,29
303,赤坂１,外堀通り×環状二号線,R4/11,赤坂,D 新橋,流入計,13,26,17,43
303,赤坂１,外堀通り×環状二号線,R4/11,赤坂,D 新橋,流入計,14,30,22,52
303,赤坂１,外堀通り×環状二号線,R4/11,赤坂,D 新橋,流入計,15,15,20,35
303,赤坂１,外堀通り×環状二号線,R4/11,赤坂,D 新橋,流入計,16,25,9,34
303,赤坂１,外堀通り×環状二号線,R4/11,赤坂,D 新橋,流入計,17,35,21,56
303,赤坂１,外堀通り×環状二号線,R4/11,赤坂,D 新橋,流入計,18,19,20,39
303,赤坂１,外堀通り×環状二号線,R4/11,赤坂,D 新橋,流入計,12時間計,284,219,503
303,赤坂１,外堀通り×環状二号線,R4/11,赤坂,全方向計,全方向計,7,55,81,136
303,赤坂１,外堀通り×環状二号線,R4/11,赤坂,全方向計,全方向計,8,87,65,152
303,赤坂１,外堀通り×環状二号線,R4/11,赤坂,全方向計,全方向計,9,76,79,155
303,赤坂１,外堀通り×環状二号線,R4/11,赤坂,全方向計,全方向計,10,77,76,153
303,赤坂１,外堀通り×環状二号線,R4/11,赤坂,全方向計,全方向計,11,61,70,131
303,赤坂１,外堀通り×環状二号線,R4/11,赤坂,全方向計,全方向計,12,53,53,106
303,赤坂１,外堀通り×環状二号線,R4/11,赤坂,全方向計,全方向計,13,61,55,116
303,赤坂１,外堀通り×環状二号線,R4/11,赤坂,全方向計,全方向計,14,63,68,131
303,赤坂１,外堀通り×環状二号線,R4/11,赤坂,全方向計,全方向計,15,50,47,97
303,赤坂１,外堀通り×環状二号線,R4/11,赤坂,全方向計,全方向計,16,64,53,117
303,赤坂１,外堀通り×環状二号線,R4/11,赤坂,全方向計,全方向計,17,71,54,125
303,赤坂１,外堀通り×環状二号線,R4/11,赤坂,全方向計,全方向計,18,67,64,131
303,赤坂１,外堀通り×環状二号線,R4/11,赤坂,全方向計,全方向計,12時間計,785,765,1550
