﻿地点番号,地点名,交差道路名,調査年月,管轄警察署,流出方向,時間帯等,大型乗用,大型貨物,普通乗用,普通貨物,四輪計,二輪車
67,矢野口,鶴川街道×川崎街道,R4/10,多摩中央,A 調布,7,1,37,484,365,887,117
67,矢野口,鶴川街道×川崎街道,R4/10,多摩中央,A 調布,8,4,42,524,314,884,68
67,矢野口,鶴川街道×川崎街道,R4/10,多摩中央,A 調布,9,6,50,489,242,787,39
67,矢野口,鶴川街道×川崎街道,R4/10,多摩中央,A 調布,10,1,39,473,234,747,44
67,矢野口,鶴川街道×川崎街道,R4/10,多摩中央,A 調布,11,0,40,491,242,773,39
67,矢野口,鶴川街道×川崎街道,R4/10,多摩中央,A 調布,12,4,44,480,214,742,33
67,矢野口,鶴川街道×川崎街道,R4/10,多摩中央,A 調布,13,0,30,514,237,781,43
67,矢野口,鶴川街道×川崎街道,R4/10,多摩中央,A 調布,14,3,36,528,240,807,34
67,矢野口,鶴川街道×川崎街道,R4/10,多摩中央,A 調布,15,1,32,555,219,807,48
67,矢野口,鶴川街道×川崎街道,R4/10,多摩中央,A 調布,16,2,22,635,205,864,48
67,矢野口,鶴川街道×川崎街道,R4/10,多摩中央,A 調布,17,3,20,688,224,935,69
67,矢野口,鶴川街道×川崎街道,R4/10,多摩中央,A 調布,18,1,16,561,172,750,62
67,矢野口,鶴川街道×川崎街道,R4/10,多摩中央,A 調布,12時間計,26,408,6422,2908,9764,644
67,矢野口,鶴川街道×川崎街道,R4/10,多摩中央,B 大丸,7,8,39,417,220,684,36
67,矢野口,鶴川街道×川崎街道,R4/10,多摩中央,B 大丸,8,0,42,360,176,578,41
67,矢野口,鶴川街道×川崎街道,R4/10,多摩中央,B 大丸,9,2,69,287,182,540,32
67,矢野口,鶴川街道×川崎街道,R4/10,多摩中央,B 大丸,10,1,46,315,156,518,30
67,矢野口,鶴川街道×川崎街道,R4/10,多摩中央,B 大丸,11,5,44,286,186,521,23
67,矢野口,鶴川街道×川崎街道,R4/10,多摩中央,B 大丸,12,2,64,302,165,533,28
67,矢野口,鶴川街道×川崎街道,R4/10,多摩中央,B 大丸,13,2,49,300,168,519,29
67,矢野口,鶴川街道×川崎街道,R4/10,多摩中央,B 大丸,14,8,51,297,165,521,26
67,矢野口,鶴川街道×川崎街道,R4/10,多摩中央,B 大丸,15,4,44,311,179,538,27
67,矢野口,鶴川街道×川崎街道,R4/10,多摩中央,B 大丸,16,7,27,372,181,587,31
67,矢野口,鶴川街道×川崎街道,R4/10,多摩中央,B 大丸,17,7,26,405,203,641,54
67,矢野口,鶴川街道×川崎街道,R4/10,多摩中央,B 大丸,18,2,23,367,172,564,53
67,矢野口,鶴川街道×川崎街道,R4/10,多摩中央,B 大丸,12時間計,48,524,4019,2153,6744,410
67,矢野口,鶴川街道×川崎街道,R4/10,多摩中央,C 町田,7,3,19,444,203,669,43
67,矢野口,鶴川街道×川崎街道,R4/10,多摩中央,C 町田,8,8,21,410,168,607,41
67,矢野口,鶴川街道×川崎街道,R4/10,多摩中央,C 町田,9,7,16,360,161,544,17
67,矢野口,鶴川街道×川崎街道,R4/10,多摩中央,C 町田,10,3,20,414,178,615,33
67,矢野口,鶴川街道×川崎街道,R4/10,多摩中央,C 町田,11,2,29,420,182,633,31
67,矢野口,鶴川街道×川崎街道,R4/10,多摩中央,C 町田,12,4,38,388,162,592,34
67,矢野口,鶴川街道×川崎街道,R4/10,多摩中央,C 町田,13,9,27,448,195,679,23
67,矢野口,鶴川街道×川崎街道,R4/10,多摩中央,C 町田,14,4,22,409,183,618,34
67,矢野口,鶴川街道×川崎街道,R4/10,多摩中央,C 町田,15,2,17,470,175,664,36
67,矢野口,鶴川街道×川崎街道,R4/10,多摩中央,C 町田,16,5,38,478,160,681,39
67,矢野口,鶴川街道×川崎街道,R4/10,多摩中央,C 町田,17,7,11,524,219,761,72
67,矢野口,鶴川街道×川崎街道,R4/10,多摩中央,C 町田,18,1,5,438,165,609,56
67,矢野口,鶴川街道×川崎街道,R4/10,多摩中央,C 町田,12時間計,55,263,5203,2151,7672,459
67,矢野口,鶴川街道×川崎街道,R4/10,多摩中央,D 川崎,7,3,17,283,284,587,70
67,矢野口,鶴川街道×川崎街道,R4/10,多摩中央,D 川崎,8,3,25,274,166,468,56
67,矢野口,鶴川街道×川崎街道,R4/10,多摩中央,D 川崎,9,1,23,274,156,454,27
67,矢野口,鶴川街道×川崎街道,R4/10,多摩中央,D 川崎,10,1,25,334,152,512,34
67,矢野口,鶴川街道×川崎街道,R4/10,多摩中央,D 川崎,11,1,19,344,172,536,35
67,矢野口,鶴川街道×川崎街道,R4/10,多摩中央,D 川崎,12,1,18,350,157,526,28
67,矢野口,鶴川街道×川崎街道,R4/10,多摩中央,D 川崎,13,0,18,338,157,513,22
67,矢野口,鶴川街道×川崎街道,R4/10,多摩中央,D 川崎,14,3,21,399,176,599,32
67,矢野口,鶴川街道×川崎街道,R4/10,多摩中央,D 川崎,15,3,10,424,157,594,32
67,矢野口,鶴川街道×川崎街道,R4/10,多摩中央,D 川崎,16,1,15,492,162,670,40
67,矢野口,鶴川街道×川崎街道,R4/10,多摩中央,D 川崎,17,0,10,473,190,673,52
67,矢野口,鶴川街道×川崎街道,R4/10,多摩中央,D 川崎,18,3,5,485,135,628,47
67,矢野口,鶴川街道×川崎街道,R4/10,多摩中央,D 川崎,12時間計,20,206,4470,2064,6760,475
67,矢野口,鶴川街道×川崎街道,R4/10,多摩中央,全方向合計,7,15,112,1628,1072,2827,266
67,矢野口,鶴川街道×川崎街道,R4/10,多摩中央,全方向合計,8,15,130,1568,824,2537,206
67,矢野口,鶴川街道×川崎街道,R4/10,多摩中央,全方向合計,9,16,158,1410,741,2325,115
67,矢野口,鶴川街道×川崎街道,R4/10,多摩中央,全方向合計,10,6,130,1536,720,2392,141
67,矢野口,鶴川街道×川崎街道,R4/10,多摩中央,全方向合計,11,8,132,1541,782,2463,128
67,矢野口,鶴川街道×川崎街道,R4/10,多摩中央,全方向合計,12,11,164,1520,698,2393,123
67,矢野口,鶴川街道×川崎街道,R4/10,多摩中央,全方向合計,13,11,124,1600,757,2492,117
67,矢野口,鶴川街道×川崎街道,R4/10,多摩中央,全方向合計,14,18,130,1633,764,2545,126
67,矢野口,鶴川街道×川崎街道,R4/10,多摩中央,全方向合計,15,10,103,1760,730,2603,143
67,矢野口,鶴川街道×川崎街道,R4/10,多摩中央,全方向合計,16,15,102,1977,708,2802,158
67,矢野口,鶴川街道×川崎街道,R4/10,多摩中央,全方向合計,17,17,67,2090,836,3010,247
67,矢野口,鶴川街道×川崎街道,R4/10,多摩中央,全方向合計,18,7,49,1851,644,2551,218
67,矢野口,鶴川街道×川崎街道,R4/10,多摩中央,全方向合計,12時間計,149,1401,20114,9276,30940,1988
