﻿地点番号,地点名,交差道路名,調査年月,管轄警察署,流入方向,流出方向,時間帯等,車道通行自転車,歩道通行自転車,自転車計
67,矢野口,鶴川街道×川崎街道,R4/10,多摩中央,A 調布,1川崎,7,0,-,-
67,矢野口,鶴川街道×川崎街道,R4/10,多摩中央,A 調布,1川崎,8,0,-,-
67,矢野口,鶴川街道×川崎街道,R4/10,多摩中央,A 調布,1川崎,9,0,-,-
67,矢野口,鶴川街道×川崎街道,R4/10,多摩中央,A 調布,1川崎,10,0,-,-
67,矢野口,鶴川街道×川崎街道,R4/10,多摩中央,A 調布,1川崎,11,0,-,-
67,矢野口,鶴川街道×川崎街道,R4/10,多摩中央,A 調布,1川崎,12,1,-,-
67,矢野口,鶴川街道×川崎街道,R4/10,多摩中央,A 調布,1川崎,13,0,-,-
67,矢野口,鶴川街道×川崎街道,R4/10,多摩中央,A 調布,1川崎,14,0,-,-
67,矢野口,鶴川街道×川崎街道,R4/10,多摩中央,A 調布,1川崎,15,1,-,-
67,矢野口,鶴川街道×川崎街道,R4/10,多摩中央,A 調布,1川崎,16,1,-,-
67,矢野口,鶴川街道×川崎街道,R4/10,多摩中央,A 調布,1川崎,17,2,-,-
67,矢野口,鶴川街道×川崎街道,R4/10,多摩中央,A 調布,1川崎,18,0,-,-
67,矢野口,鶴川街道×川崎街道,R4/10,多摩中央,A 調布,1川崎,12時間計,5,-,-
67,矢野口,鶴川街道×川崎街道,R4/10,多摩中央,A 調布,2町田,7,13,-,-
67,矢野口,鶴川街道×川崎街道,R4/10,多摩中央,A 調布,2町田,8,10,-,-
67,矢野口,鶴川街道×川崎街道,R4/10,多摩中央,A 調布,2町田,9,15,-,-
67,矢野口,鶴川街道×川崎街道,R4/10,多摩中央,A 調布,2町田,10,5,-,-
67,矢野口,鶴川街道×川崎街道,R4/10,多摩中央,A 調布,2町田,11,7,-,-
67,矢野口,鶴川街道×川崎街道,R4/10,多摩中央,A 調布,2町田,12,6,-,-
67,矢野口,鶴川街道×川崎街道,R4/10,多摩中央,A 調布,2町田,13,3,-,-
67,矢野口,鶴川街道×川崎街道,R4/10,多摩中央,A 調布,2町田,14,7,-,-
67,矢野口,鶴川街道×川崎街道,R4/10,多摩中央,A 調布,2町田,15,6,-,-
67,矢野口,鶴川街道×川崎街道,R4/10,多摩中央,A 調布,2町田,16,8,-,-
67,矢野口,鶴川街道×川崎街道,R4/10,多摩中央,A 調布,2町田,17,6,-,-
67,矢野口,鶴川街道×川崎街道,R4/10,多摩中央,A 調布,2町田,18,2,-,-
67,矢野口,鶴川街道×川崎街道,R4/10,多摩中央,A 調布,2町田,12時間計,88,-,-
67,矢野口,鶴川街道×川崎街道,R4/10,多摩中央,A 調布,3大丸,7,2,-,-
67,矢野口,鶴川街道×川崎街道,R4/10,多摩中央,A 調布,3大丸,8,0,-,-
67,矢野口,鶴川街道×川崎街道,R4/10,多摩中央,A 調布,3大丸,9,0,-,-
67,矢野口,鶴川街道×川崎街道,R4/10,多摩中央,A 調布,3大丸,10,0,-,-
67,矢野口,鶴川街道×川崎街道,R4/10,多摩中央,A 調布,3大丸,11,0,-,-
67,矢野口,鶴川街道×川崎街道,R4/10,多摩中央,A 調布,3大丸,12,0,-,-
67,矢野口,鶴川街道×川崎街道,R4/10,多摩中央,A 調布,3大丸,13,0,-,-
67,矢野口,鶴川街道×川崎街道,R4/10,多摩中央,A 調布,3大丸,14,0,-,-
67,矢野口,鶴川街道×川崎街道,R4/10,多摩中央,A 調布,3大丸,15,0,-,-
67,矢野口,鶴川街道×川崎街道,R4/10,多摩中央,A 調布,3大丸,16,0,-,-
67,矢野口,鶴川街道×川崎街道,R4/10,多摩中央,A 調布,3大丸,17,0,-,-
67,矢野口,鶴川街道×川崎街道,R4/10,多摩中央,A 調布,3大丸,18,0,-,-
67,矢野口,鶴川街道×川崎街道,R4/10,多摩中央,A 調布,3大丸,12時間計,2,-,-
67,矢野口,鶴川街道×川崎街道,R4/10,多摩中央,A 調布,流入計,7,15,39,54
67,矢野口,鶴川街道×川崎街道,R4/10,多摩中央,A 調布,流入計,8,10,89,99
67,矢野口,鶴川街道×川崎街道,R4/10,多摩中央,A 調布,流入計,9,15,73,88
67,矢野口,鶴川街道×川崎街道,R4/10,多摩中央,A 調布,流入計,10,5,68,73
67,矢野口,鶴川街道×川崎街道,R4/10,多摩中央,A 調布,流入計,11,7,61,68
67,矢野口,鶴川街道×川崎街道,R4/10,多摩中央,A 調布,流入計,12,7,62,69
67,矢野口,鶴川街道×川崎街道,R4/10,多摩中央,A 調布,流入計,13,3,79,82
67,矢野口,鶴川街道×川崎街道,R4/10,多摩中央,A 調布,流入計,14,7,79,86
67,矢野口,鶴川街道×川崎街道,R4/10,多摩中央,A 調布,流入計,15,7,109,116
67,矢野口,鶴川街道×川崎街道,R4/10,多摩中央,A 調布,流入計,16,9,87,96
67,矢野口,鶴川街道×川崎街道,R4/10,多摩中央,A 調布,流入計,17,8,130,138
67,矢野口,鶴川街道×川崎街道,R4/10,多摩中央,A 調布,流入計,18,2,97,99
67,矢野口,鶴川街道×川崎街道,R4/10,多摩中央,A 調布,流入計,12時間計,95,973,1068
67,矢野口,鶴川街道×川崎街道,R4/10,多摩中央,B 大丸,4調布,7,0,-,-
67,矢野口,鶴川街道×川崎街道,R4/10,多摩中央,B 大丸,4調布,8,1,-,-
67,矢野口,鶴川街道×川崎街道,R4/10,多摩中央,B 大丸,4調布,9,0,-,-
67,矢野口,鶴川街道×川崎街道,R4/10,多摩中央,B 大丸,4調布,10,0,-,-
67,矢野口,鶴川街道×川崎街道,R4/10,多摩中央,B 大丸,4調布,11,0,-,-
67,矢野口,鶴川街道×川崎街道,R4/10,多摩中央,B 大丸,4調布,12,1,-,-
67,矢野口,鶴川街道×川崎街道,R4/10,多摩中央,B 大丸,4調布,13,0,-,-
67,矢野口,鶴川街道×川崎街道,R4/10,多摩中央,B 大丸,4調布,14,0,-,-
67,矢野口,鶴川街道×川崎街道,R4/10,多摩中央,B 大丸,4調布,15,2,-,-
67,矢野口,鶴川街道×川崎街道,R4/10,多摩中央,B 大丸,4調布,16,1,-,-
67,矢野口,鶴川街道×川崎街道,R4/10,多摩中央,B 大丸,4調布,17,0,-,-
67,矢野口,鶴川街道×川崎街道,R4/10,多摩中央,B 大丸,4調布,18,1,-,-
67,矢野口,鶴川街道×川崎街道,R4/10,多摩中央,B 大丸,4調布,12時間計,6,-,-
67,矢野口,鶴川街道×川崎街道,R4/10,多摩中央,B 大丸,5川崎,7,2,-,-
67,矢野口,鶴川街道×川崎街道,R4/10,多摩中央,B 大丸,5川崎,8,2,-,-
67,矢野口,鶴川街道×川崎街道,R4/10,多摩中央,B 大丸,5川崎,9,2,-,-
67,矢野口,鶴川街道×川崎街道,R4/10,多摩中央,B 大丸,5川崎,10,3,-,-
67,矢野口,鶴川街道×川崎街道,R4/10,多摩中央,B 大丸,5川崎,11,2,-,-
67,矢野口,鶴川街道×川崎街道,R4/10,多摩中央,B 大丸,5川崎,12,4,-,-
67,矢野口,鶴川街道×川崎街道,R4/10,多摩中央,B 大丸,5川崎,13,2,-,-
67,矢野口,鶴川街道×川崎街道,R4/10,多摩中央,B 大丸,5川崎,14,1,-,-
67,矢野口,鶴川街道×川崎街道,R4/10,多摩中央,B 大丸,5川崎,15,4,-,-
67,矢野口,鶴川街道×川崎街道,R4/10,多摩中央,B 大丸,5川崎,16,1,-,-
67,矢野口,鶴川街道×川崎街道,R4/10,多摩中央,B 大丸,5川崎,17,3,-,-
67,矢野口,鶴川街道×川崎街道,R4/10,多摩中央,B 大丸,5川崎,18,5,-,-
67,矢野口,鶴川街道×川崎街道,R4/10,多摩中央,B 大丸,5川崎,12時間計,31,-,-
67,矢野口,鶴川街道×川崎街道,R4/10,多摩中央,B 大丸,6町田,7,0,-,-
67,矢野口,鶴川街道×川崎街道,R4/10,多摩中央,B 大丸,6町田,8,0,-,-
67,矢野口,鶴川街道×川崎街道,R4/10,多摩中央,B 大丸,6町田,9,0,-,-
67,矢野口,鶴川街道×川崎街道,R4/10,多摩中央,B 大丸,6町田,10,0,-,-
67,矢野口,鶴川街道×川崎街道,R4/10,多摩中央,B 大丸,6町田,11,0,-,-
67,矢野口,鶴川街道×川崎街道,R4/10,多摩中央,B 大丸,6町田,12,0,-,-
67,矢野口,鶴川街道×川崎街道,R4/10,多摩中央,B 大丸,6町田,13,0,-,-
67,矢野口,鶴川街道×川崎街道,R4/10,多摩中央,B 大丸,6町田,14,0,-,-
67,矢野口,鶴川街道×川崎街道,R4/10,多摩中央,B 大丸,6町田,15,0,-,-
67,矢野口,鶴川街道×川崎街道,R4/10,多摩中央,B 大丸,6町田,16,0,-,-
67,矢野口,鶴川街道×川崎街道,R4/10,多摩中央,B 大丸,6町田,17,0,-,-
67,矢野口,鶴川街道×川崎街道,R4/10,多摩中央,B 大丸,6町田,18,0,-,-
67,矢野口,鶴川街道×川崎街道,R4/10,多摩中央,B 大丸,6町田,12時間計,0,-,-
67,矢野口,鶴川街道×川崎街道,R4/10,多摩中央,B 大丸,流入計,7,2,51,53
67,矢野口,鶴川街道×川崎街道,R4/10,多摩中央,B 大丸,流入計,8,3,50,53
67,矢野口,鶴川街道×川崎街道,R4/10,多摩中央,B 大丸,流入計,9,2,51,53
67,矢野口,鶴川街道×川崎街道,R4/10,多摩中央,B 大丸,流入計,10,3,68,71
67,矢野口,鶴川街道×川崎街道,R4/10,多摩中央,B 大丸,流入計,11,2,68,70
67,矢野口,鶴川街道×川崎街道,R4/10,多摩中央,B 大丸,流入計,12,5,56,61
67,矢野口,鶴川街道×川崎街道,R4/10,多摩中央,B 大丸,流入計,13,2,48,50
67,矢野口,鶴川街道×川崎街道,R4/10,多摩中央,B 大丸,流入計,14,1,53,54
67,矢野口,鶴川街道×川崎街道,R4/10,多摩中央,B 大丸,流入計,15,6,69,75
67,矢野口,鶴川街道×川崎街道,R4/10,多摩中央,B 大丸,流入計,16,2,58,60
67,矢野口,鶴川街道×川崎街道,R4/10,多摩中央,B 大丸,流入計,17,3,79,82
67,矢野口,鶴川街道×川崎街道,R4/10,多摩中央,B 大丸,流入計,18,6,78,84
67,矢野口,鶴川街道×川崎街道,R4/10,多摩中央,B 大丸,流入計,12時間計,37,729,766
67,矢野口,鶴川街道×川崎街道,R4/10,多摩中央,C 町田,7大丸,7,0,-,-
67,矢野口,鶴川街道×川崎街道,R4/10,多摩中央,C 町田,7大丸,8,0,-,-
67,矢野口,鶴川街道×川崎街道,R4/10,多摩中央,C 町田,7大丸,9,0,-,-
67,矢野口,鶴川街道×川崎街道,R4/10,多摩中央,C 町田,7大丸,10,0,-,-
67,矢野口,鶴川街道×川崎街道,R4/10,多摩中央,C 町田,7大丸,11,0,-,-
67,矢野口,鶴川街道×川崎街道,R4/10,多摩中央,C 町田,7大丸,12,0,-,-
67,矢野口,鶴川街道×川崎街道,R4/10,多摩中央,C 町田,7大丸,13,0,-,-
67,矢野口,鶴川街道×川崎街道,R4/10,多摩中央,C 町田,7大丸,14,0,-,-
67,矢野口,鶴川街道×川崎街道,R4/10,多摩中央,C 町田,7大丸,15,0,-,-
67,矢野口,鶴川街道×川崎街道,R4/10,多摩中央,C 町田,7大丸,16,0,-,-
67,矢野口,鶴川街道×川崎街道,R4/10,多摩中央,C 町田,7大丸,17,0,-,-
67,矢野口,鶴川街道×川崎街道,R4/10,多摩中央,C 町田,7大丸,18,0,-,-
67,矢野口,鶴川街道×川崎街道,R4/10,多摩中央,C 町田,7大丸,12時間計,0,-,-
67,矢野口,鶴川街道×川崎街道,R4/10,多摩中央,C 町田,8調布,7,17,-,-
67,矢野口,鶴川街道×川崎街道,R4/10,多摩中央,C 町田,8調布,8,11,-,-
67,矢野口,鶴川街道×川崎街道,R4/10,多摩中央,C 町田,8調布,9,6,-,-
67,矢野口,鶴川街道×川崎街道,R4/10,多摩中央,C 町田,8調布,10,8,-,-
67,矢野口,鶴川街道×川崎街道,R4/10,多摩中央,C 町田,8調布,11,15,-,-
67,矢野口,鶴川街道×川崎街道,R4/10,多摩中央,C 町田,8調布,12,9,-,-
67,矢野口,鶴川街道×川崎街道,R4/10,多摩中央,C 町田,8調布,13,17,-,-
67,矢野口,鶴川街道×川崎街道,R4/10,多摩中央,C 町田,8調布,14,10,-,-
67,矢野口,鶴川街道×川崎街道,R4/10,多摩中央,C 町田,8調布,15,5,-,-
67,矢野口,鶴川街道×川崎街道,R4/10,多摩中央,C 町田,8調布,16,6,-,-
67,矢野口,鶴川街道×川崎街道,R4/10,多摩中央,C 町田,8調布,17,17,-,-
67,矢野口,鶴川街道×川崎街道,R4/10,多摩中央,C 町田,8調布,18,7,-,-
67,矢野口,鶴川街道×川崎街道,R4/10,多摩中央,C 町田,8調布,12時間計,128,-,-
67,矢野口,鶴川街道×川崎街道,R4/10,多摩中央,C 町田,9川崎,7,0,-,-
67,矢野口,鶴川街道×川崎街道,R4/10,多摩中央,C 町田,9川崎,8,0,-,-
67,矢野口,鶴川街道×川崎街道,R4/10,多摩中央,C 町田,9川崎,9,0,-,-
67,矢野口,鶴川街道×川崎街道,R4/10,多摩中央,C 町田,9川崎,10,0,-,-
67,矢野口,鶴川街道×川崎街道,R4/10,多摩中央,C 町田,9川崎,11,0,-,-
67,矢野口,鶴川街道×川崎街道,R4/10,多摩中央,C 町田,9川崎,12,0,-,-
67,矢野口,鶴川街道×川崎街道,R4/10,多摩中央,C 町田,9川崎,13,0,-,-
67,矢野口,鶴川街道×川崎街道,R4/10,多摩中央,C 町田,9川崎,14,0,-,-
67,矢野口,鶴川街道×川崎街道,R4/10,多摩中央,C 町田,9川崎,15,0,-,-
67,矢野口,鶴川街道×川崎街道,R4/10,多摩中央,C 町田,9川崎,16,0,-,-
67,矢野口,鶴川街道×川崎街道,R4/10,多摩中央,C 町田,9川崎,17,0,-,-
67,矢野口,鶴川街道×川崎街道,R4/10,多摩中央,C 町田,9川崎,18,0,-,-
67,矢野口,鶴川街道×川崎街道,R4/10,多摩中央,C 町田,9川崎,12時間計,0,-,-
67,矢野口,鶴川街道×川崎街道,R4/10,多摩中央,C 町田,流入計,7,17,122,139
67,矢野口,鶴川街道×川崎街道,R4/10,多摩中央,C 町田,流入計,8,11,191,202
67,矢野口,鶴川街道×川崎街道,R4/10,多摩中央,C 町田,流入計,9,6,100,106
67,矢野口,鶴川街道×川崎街道,R4/10,多摩中央,C 町田,流入計,10,8,80,88
67,矢野口,鶴川街道×川崎街道,R4/10,多摩中央,C 町田,流入計,11,15,120,135
67,矢野口,鶴川街道×川崎街道,R4/10,多摩中央,C 町田,流入計,12,9,104,113
67,矢野口,鶴川街道×川崎街道,R4/10,多摩中央,C 町田,流入計,13,17,84,101
67,矢野口,鶴川街道×川崎街道,R4/10,多摩中央,C 町田,流入計,14,10,104,114
67,矢野口,鶴川街道×川崎街道,R4/10,多摩中央,C 町田,流入計,15,5,101,106
67,矢野口,鶴川街道×川崎街道,R4/10,多摩中央,C 町田,流入計,16,6,113,119
67,矢野口,鶴川街道×川崎街道,R4/10,多摩中央,C 町田,流入計,17,17,123,140
67,矢野口,鶴川街道×川崎街道,R4/10,多摩中央,C 町田,流入計,18,7,82,89
67,矢野口,鶴川街道×川崎街道,R4/10,多摩中央,C 町田,流入計,12時間計,128,1324,1452
67,矢野口,鶴川街道×川崎街道,R4/10,多摩中央,D 川崎,10町田,7,1,-,-
67,矢野口,鶴川街道×川崎街道,R4/10,多摩中央,D 川崎,10町田,8,1,-,-
67,矢野口,鶴川街道×川崎街道,R4/10,多摩中央,D 川崎,10町田,9,1,-,-
67,矢野口,鶴川街道×川崎街道,R4/10,多摩中央,D 川崎,10町田,10,1,-,-
67,矢野口,鶴川街道×川崎街道,R4/10,多摩中央,D 川崎,10町田,11,0,-,-
67,矢野口,鶴川街道×川崎街道,R4/10,多摩中央,D 川崎,10町田,12,0,-,-
67,矢野口,鶴川街道×川崎街道,R4/10,多摩中央,D 川崎,10町田,13,0,-,-
67,矢野口,鶴川街道×川崎街道,R4/10,多摩中央,D 川崎,10町田,14,0,-,-
67,矢野口,鶴川街道×川崎街道,R4/10,多摩中央,D 川崎,10町田,15,0,-,-
67,矢野口,鶴川街道×川崎街道,R4/10,多摩中央,D 川崎,10町田,16,2,-,-
67,矢野口,鶴川街道×川崎街道,R4/10,多摩中央,D 川崎,10町田,17,2,-,-
67,矢野口,鶴川街道×川崎街道,R4/10,多摩中央,D 川崎,10町田,18,0,-,-
67,矢野口,鶴川街道×川崎街道,R4/10,多摩中央,D 川崎,10町田,12時間計,8,-,-
67,矢野口,鶴川街道×川崎街道,R4/10,多摩中央,D 川崎,11大丸,7,3,-,-
67,矢野口,鶴川街道×川崎街道,R4/10,多摩中央,D 川崎,11大丸,8,2,-,-
67,矢野口,鶴川街道×川崎街道,R4/10,多摩中央,D 川崎,11大丸,9,2,-,-
67,矢野口,鶴川街道×川崎街道,R4/10,多摩中央,D 川崎,11大丸,10,1,-,-
67,矢野口,鶴川街道×川崎街道,R4/10,多摩中央,D 川崎,11大丸,11,1,-,-
67,矢野口,鶴川街道×川崎街道,R4/10,多摩中央,D 川崎,11大丸,12,0,-,-
67,矢野口,鶴川街道×川崎街道,R4/10,多摩中央,D 川崎,11大丸,13,1,-,-
67,矢野口,鶴川街道×川崎街道,R4/10,多摩中央,D 川崎,11大丸,14,1,-,-
67,矢野口,鶴川街道×川崎街道,R4/10,多摩中央,D 川崎,11大丸,15,0,-,-
67,矢野口,鶴川街道×川崎街道,R4/10,多摩中央,D 川崎,11大丸,16,1,-,-
67,矢野口,鶴川街道×川崎街道,R4/10,多摩中央,D 川崎,11大丸,17,1,-,-
67,矢野口,鶴川街道×川崎街道,R4/10,多摩中央,D 川崎,11大丸,18,3,-,-
67,矢野口,鶴川街道×川崎街道,R4/10,多摩中央,D 川崎,11大丸,12時間計,16,-,-
67,矢野口,鶴川街道×川崎街道,R4/10,多摩中央,D 川崎,12調布,7,0,-,-
67,矢野口,鶴川街道×川崎街道,R4/10,多摩中央,D 川崎,12調布,8,0,-,-
67,矢野口,鶴川街道×川崎街道,R4/10,多摩中央,D 川崎,12調布,9,0,-,-
67,矢野口,鶴川街道×川崎街道,R4/10,多摩中央,D 川崎,12調布,10,0,-,-
67,矢野口,鶴川街道×川崎街道,R4/10,多摩中央,D 川崎,12調布,11,0,-,-
67,矢野口,鶴川街道×川崎街道,R4/10,多摩中央,D 川崎,12調布,12,0,-,-
67,矢野口,鶴川街道×川崎街道,R4/10,多摩中央,D 川崎,12調布,13,0,-,-
67,矢野口,鶴川街道×川崎街道,R4/10,多摩中央,D 川崎,12調布,14,0,-,-
67,矢野口,鶴川街道×川崎街道,R4/10,多摩中央,D 川崎,12調布,15,0,-,-
67,矢野口,鶴川街道×川崎街道,R4/10,多摩中央,D 川崎,12調布,16,0,-,-
67,矢野口,鶴川街道×川崎街道,R4/10,多摩中央,D 川崎,12調布,17,0,-,-
67,矢野口,鶴川街道×川崎街道,R4/10,多摩中央,D 川崎,12調布,18,0,-,-
67,矢野口,鶴川街道×川崎街道,R4/10,多摩中央,D 川崎,12調布,12時間計,0,-,-
67,矢野口,鶴川街道×川崎街道,R4/10,多摩中央,D 川崎,流入計,7,4,38,42
67,矢野口,鶴川街道×川崎街道,R4/10,多摩中央,D 川崎,流入計,8,3,80,83
67,矢野口,鶴川街道×川崎街道,R4/10,多摩中央,D 川崎,流入計,9,3,68,71
67,矢野口,鶴川街道×川崎街道,R4/10,多摩中央,D 川崎,流入計,10,2,79,81
67,矢野口,鶴川街道×川崎街道,R4/10,多摩中央,D 川崎,流入計,11,1,94,95
67,矢野口,鶴川街道×川崎街道,R4/10,多摩中央,D 川崎,流入計,12,0,74,74
67,矢野口,鶴川街道×川崎街道,R4/10,多摩中央,D 川崎,流入計,13,1,70,71
67,矢野口,鶴川街道×川崎街道,R4/10,多摩中央,D 川崎,流入計,14,1,91,92
67,矢野口,鶴川街道×川崎街道,R4/10,多摩中央,D 川崎,流入計,15,0,77,77
67,矢野口,鶴川街道×川崎街道,R4/10,多摩中央,D 川崎,流入計,16,3,66,69
67,矢野口,鶴川街道×川崎街道,R4/10,多摩中央,D 川崎,流入計,17,3,94,97
67,矢野口,鶴川街道×川崎街道,R4/10,多摩中央,D 川崎,流入計,18,3,63,66
67,矢野口,鶴川街道×川崎街道,R4/10,多摩中央,D 川崎,流入計,12時間計,24,894,918
67,矢野口,鶴川街道×川崎街道,R4/10,多摩中央,全方向計,全方向計,7,38,250,288
67,矢野口,鶴川街道×川崎街道,R4/10,多摩中央,全方向計,全方向計,8,27,410,437
67,矢野口,鶴川街道×川崎街道,R4/10,多摩中央,全方向計,全方向計,9,26,292,318
67,矢野口,鶴川街道×川崎街道,R4/10,多摩中央,全方向計,全方向計,10,18,295,313
67,矢野口,鶴川街道×川崎街道,R4/10,多摩中央,全方向計,全方向計,11,25,343,368
67,矢野口,鶴川街道×川崎街道,R4/10,多摩中央,全方向計,全方向計,12,21,296,317
67,矢野口,鶴川街道×川崎街道,R4/10,多摩中央,全方向計,全方向計,13,23,281,304
67,矢野口,鶴川街道×川崎街道,R4/10,多摩中央,全方向計,全方向計,14,19,327,346
67,矢野口,鶴川街道×川崎街道,R4/10,多摩中央,全方向計,全方向計,15,18,356,374
67,矢野口,鶴川街道×川崎街道,R4/10,多摩中央,全方向計,全方向計,16,20,324,344
67,矢野口,鶴川街道×川崎街道,R4/10,多摩中央,全方向計,全方向計,17,31,426,457
67,矢野口,鶴川街道×川崎街道,R4/10,多摩中央,全方向計,全方向計,18,18,320,338
67,矢野口,鶴川街道×川崎街道,R4/10,多摩中央,全方向計,全方向計,12時間計,284,3920,4204
