﻿地点番号,地点名,交差道路名,調査年月,管轄警察署,流入方向,流出方向,時間帯等,大型乗用,大型貨物,普通乗用,普通貨物,四輪計,二輪車
67,矢野口,鶴川街道×川崎街道,R4/10,多摩中央,A 調布,1.川崎,7,0,0,50,46,96,8
67,矢野口,鶴川街道×川崎街道,R4/10,多摩中央,A 調布,1.川崎,8,0,1,46,28,75,10
67,矢野口,鶴川街道×川崎街道,R4/10,多摩中央,A 調布,1.川崎,9,0,3,59,31,93,5
67,矢野口,鶴川街道×川崎街道,R4/10,多摩中央,A 調布,1.川崎,10,0,4,72,47,123,13
67,矢野口,鶴川街道×川崎街道,R4/10,多摩中央,A 調布,1.川崎,11,0,1,78,42,121,11
67,矢野口,鶴川街道×川崎街道,R4/10,多摩中央,A 調布,1.川崎,12,0,1,95,35,131,6
67,矢野口,鶴川街道×川崎街道,R4/10,多摩中央,A 調布,1.川崎,13,0,4,90,29,123,3
67,矢野口,鶴川街道×川崎街道,R4/10,多摩中央,A 調布,1.川崎,14,0,5,95,34,134,7
67,矢野口,鶴川街道×川崎街道,R4/10,多摩中央,A 調布,1.川崎,15,0,2,94,42,138,2
67,矢野口,鶴川街道×川崎街道,R4/10,多摩中央,A 調布,1.川崎,16,0,0,116,36,152,8
67,矢野口,鶴川街道×川崎街道,R4/10,多摩中央,A 調布,1.川崎,17,0,1,113,35,149,15
67,矢野口,鶴川街道×川崎街道,R4/10,多摩中央,A 調布,1.川崎,18,0,0,104,43,147,11
67,矢野口,鶴川街道×川崎街道,R4/10,多摩中央,A 調布,1.川崎,12時間計,0,22,1012,448,1482,99
67,矢野口,鶴川街道×川崎街道,R4/10,多摩中央,A 調布,2.町田,7,1,15,335,162,513,35
67,矢野口,鶴川街道×川崎街道,R4/10,多摩中央,A 調布,2.町田,8,3,16,304,133,456,26
67,矢野口,鶴川街道×川崎街道,R4/10,多摩中央,A 調布,2.町田,9,4,11,233,117,365,15
67,矢野口,鶴川街道×川崎街道,R4/10,多摩中央,A 調布,2.町田,10,1,15,266,138,420,25
67,矢野口,鶴川街道×川崎街道,R4/10,多摩中央,A 調布,2.町田,11,1,20,300,138,459,16
67,矢野口,鶴川街道×川崎街道,R4/10,多摩中央,A 調布,2.町田,12,1,29,270,122,422,26
67,矢野口,鶴川街道×川崎街道,R4/10,多摩中央,A 調布,2.町田,13,2,21,316,150,489,14
67,矢野口,鶴川街道×川崎街道,R4/10,多摩中央,A 調布,2.町田,14,0,15,281,139,435,27
67,矢野口,鶴川街道×川崎街道,R4/10,多摩中央,A 調布,2.町田,15,0,13,307,126,446,23
67,矢野口,鶴川街道×川崎街道,R4/10,多摩中央,A 調布,2.町田,16,2,30,321,120,473,33
67,矢野口,鶴川街道×川崎街道,R4/10,多摩中央,A 調布,2.町田,17,1,9,347,173,530,62
67,矢野口,鶴川街道×川崎街道,R4/10,多摩中央,A 調布,2.町田,18,0,2,316,126,444,47
67,矢野口,鶴川街道×川崎街道,R4/10,多摩中央,A 調布,2.町田,12時間計,16,196,3596,1644,5452,349
67,矢野口,鶴川街道×川崎街道,R4/10,多摩中央,A 調布,3.大丸,7,2,25,82,55,164,8
67,矢野口,鶴川街道×川崎街道,R4/10,多摩中央,A 調布,3.大丸,8,0,31,90,43,164,11
67,矢野口,鶴川街道×川崎街道,R4/10,多摩中央,A 調布,3.大丸,9,0,48,73,57,178,2
67,矢野口,鶴川街道×川崎街道,R4/10,多摩中央,A 調布,3.大丸,10,0,27,90,45,162,10
67,矢野口,鶴川街道×川崎街道,R4/10,多摩中央,A 調布,3.大丸,11,0,29,70,64,163,2
67,矢野口,鶴川街道×川崎街道,R4/10,多摩中央,A 調布,3.大丸,12,1,38,94,48,181,4
67,矢野口,鶴川街道×川崎街道,R4/10,多摩中央,A 調布,3.大丸,13,0,34,72,52,158,7
67,矢野口,鶴川街道×川崎街道,R4/10,多摩中央,A 調布,3.大丸,14,1,40,81,48,170,10
67,矢野口,鶴川街道×川崎街道,R4/10,多摩中央,A 調布,3.大丸,15,0,30,77,59,166,5
67,矢野口,鶴川街道×川崎街道,R4/10,多摩中央,A 調布,3.大丸,16,5,14,92,53,164,6
67,矢野口,鶴川街道×川崎街道,R4/10,多摩中央,A 調布,3.大丸,17,5,19,96,68,188,10
67,矢野口,鶴川街道×川崎街道,R4/10,多摩中央,A 調布,3.大丸,18,1,17,77,27,122,11
67,矢野口,鶴川街道×川崎街道,R4/10,多摩中央,A 調布,3.大丸,12時間計,15,352,994,619,1980,86
67,矢野口,鶴川街道×川崎街道,R4/10,多摩中央,A 調布,流入計,7,3,40,467,263,773,51
67,矢野口,鶴川街道×川崎街道,R4/10,多摩中央,A 調布,流入計,8,3,48,440,204,695,47
67,矢野口,鶴川街道×川崎街道,R4/10,多摩中央,A 調布,流入計,9,4,62,365,205,636,22
67,矢野口,鶴川街道×川崎街道,R4/10,多摩中央,A 調布,流入計,10,1,46,428,230,705,48
67,矢野口,鶴川街道×川崎街道,R4/10,多摩中央,A 調布,流入計,11,1,50,448,244,743,29
67,矢野口,鶴川街道×川崎街道,R4/10,多摩中央,A 調布,流入計,12,2,68,459,205,734,36
67,矢野口,鶴川街道×川崎街道,R4/10,多摩中央,A 調布,流入計,13,2,59,478,231,770,24
67,矢野口,鶴川街道×川崎街道,R4/10,多摩中央,A 調布,流入計,14,1,60,457,221,739,44
67,矢野口,鶴川街道×川崎街道,R4/10,多摩中央,A 調布,流入計,15,0,45,478,227,750,30
67,矢野口,鶴川街道×川崎街道,R4/10,多摩中央,A 調布,流入計,16,7,44,529,209,789,47
67,矢野口,鶴川街道×川崎街道,R4/10,多摩中央,A 調布,流入計,17,6,29,556,276,867,87
67,矢野口,鶴川街道×川崎街道,R4/10,多摩中央,A 調布,流入計,18,1,19,497,196,713,69
67,矢野口,鶴川街道×川崎街道,R4/10,多摩中央,A 調布,流入計,12時間計,31,570,5602,2711,8914,534
67,矢野口,鶴川街道×川崎街道,R4/10,多摩中央,B 大丸,4.調布,7,1,25,72,68,166,11
67,矢野口,鶴川街道×川崎街道,R4/10,多摩中央,B 大丸,4.調布,8,0,16,70,59,145,3
67,矢野口,鶴川街道×川崎街道,R4/10,多摩中央,B 大丸,4.調布,9,2,26,64,50,142,3
67,矢野口,鶴川街道×川崎街道,R4/10,多摩中央,B 大丸,4.調布,10,1,19,63,42,125,3
67,矢野口,鶴川街道×川崎街道,R4/10,多摩中央,B 大丸,4.調布,11,0,24,63,30,117,5
67,矢野口,鶴川街道×川崎街道,R4/10,多摩中央,B 大丸,4.調布,12,0,20,67,49,136,5
67,矢野口,鶴川街道×川崎街道,R4/10,多摩中央,B 大丸,4.調布,13,0,13,82,34,129,4
67,矢野口,鶴川街道×川崎街道,R4/10,多摩中央,B 大丸,4.調布,14,0,22,86,48,156,4
67,矢野口,鶴川街道×川崎街道,R4/10,多摩中央,B 大丸,4.調布,15,0,22,100,29,151,9
67,矢野口,鶴川街道×川崎街道,R4/10,多摩中央,B 大丸,4.調布,16,1,14,88,36,139,7
67,矢野口,鶴川街道×川崎街道,R4/10,多摩中央,B 大丸,4.調布,17,1,16,109,34,160,9
67,矢野口,鶴川街道×川崎街道,R4/10,多摩中央,B 大丸,4.調布,18,0,13,107,18,138,11
67,矢野口,鶴川街道×川崎街道,R4/10,多摩中央,B 大丸,4.調布,12時間計,6,230,971,497,1704,74
67,矢野口,鶴川街道×川崎街道,R4/10,多摩中央,B 大丸,5.川崎,7,1,15,200,196,412,46
67,矢野口,鶴川街道×川崎街道,R4/10,多摩中央,B 大丸,5.川崎,8,0,21,169,107,297,30
67,矢野口,鶴川街道×川崎街道,R4/10,多摩中央,B 大丸,5.川崎,9,0,17,158,87,262,19
67,矢野口,鶴川街道×川崎街道,R4/10,多摩中央,B 大丸,5.川崎,10,1,21,175,79,276,14
67,矢野口,鶴川街道×川崎街道,R4/10,多摩中央,B 大丸,5.川崎,11,1,14,160,95,270,18
67,矢野口,鶴川街道×川崎街道,R4/10,多摩中央,B 大丸,5.川崎,12,0,15,178,96,289,19
67,矢野口,鶴川街道×川崎街道,R4/10,多摩中央,B 大丸,5.川崎,13,0,12,154,97,263,16
67,矢野口,鶴川街道×川崎街道,R4/10,多摩中央,B 大丸,5.川崎,14,2,15,207,112,336,16
67,矢野口,鶴川街道×川崎街道,R4/10,多摩中央,B 大丸,5.川崎,15,3,6,229,88,326,24
67,矢野口,鶴川街道×川崎街道,R4/10,多摩中央,B 大丸,5.川崎,16,1,13,244,90,348,25
67,矢野口,鶴川街道×川崎街道,R4/10,多摩中央,B 大丸,5.川崎,17,0,8,236,122,366,27
67,矢野口,鶴川街道×川崎街道,R4/10,多摩中央,B 大丸,5.川崎,18,3,5,274,73,355,26
67,矢野口,鶴川街道×川崎街道,R4/10,多摩中央,B 大丸,5.川崎,12時間計,12,162,2384,1242,3800,280
67,矢野口,鶴川街道×川崎街道,R4/10,多摩中央,B 大丸,6.町田,7,2,0,29,14,45,1
67,矢野口,鶴川街道×川崎街道,R4/10,多摩中央,B 大丸,6.町田,8,4,3,45,11,63,4
67,矢野口,鶴川街道×川崎街道,R4/10,多摩中央,B 大丸,6.町田,9,3,5,46,19,73,0
67,矢野口,鶴川街道×川崎街道,R4/10,多摩中央,B 大丸,6.町田,10,2,3,50,16,71,3
67,矢野口,鶴川街道×川崎街道,R4/10,多摩中央,B 大丸,6.町田,11,1,5,34,14,54,2
67,矢野口,鶴川街道×川崎街道,R4/10,多摩中央,B 大丸,6.町田,12,3,2,33,10,48,2
67,矢野口,鶴川街道×川崎街道,R4/10,多摩中央,B 大丸,6.町田,13,5,3,41,14,63,4
67,矢野口,鶴川街道×川崎街道,R4/10,多摩中央,B 大丸,6.町田,14,1,4,39,16,60,3
67,矢野口,鶴川街道×川崎街道,R4/10,多摩中央,B 大丸,6.町田,15,1,3,55,12,71,4
67,矢野口,鶴川街道×川崎街道,R4/10,多摩中央,B 大丸,6.町田,16,3,3,60,13,79,2
67,矢野口,鶴川街道×川崎街道,R4/10,多摩中央,B 大丸,6.町田,17,3,0,62,12,77,0
67,矢野口,鶴川街道×川崎街道,R4/10,多摩中央,B 大丸,6.町田,18,1,0,47,11,59,2
67,矢野口,鶴川街道×川崎街道,R4/10,多摩中央,B 大丸,6.町田,12時間計,29,31,541,162,763,27
67,矢野口,鶴川街道×川崎街道,R4/10,多摩中央,B 大丸,流入計,7,4,40,301,278,623,58
67,矢野口,鶴川街道×川崎街道,R4/10,多摩中央,B 大丸,流入計,8,4,40,284,177,505,37
67,矢野口,鶴川街道×川崎街道,R4/10,多摩中央,B 大丸,流入計,9,5,48,268,156,477,22
67,矢野口,鶴川街道×川崎街道,R4/10,多摩中央,B 大丸,流入計,10,4,43,288,137,472,20
67,矢野口,鶴川街道×川崎街道,R4/10,多摩中央,B 大丸,流入計,11,2,43,257,139,441,25
67,矢野口,鶴川街道×川崎街道,R4/10,多摩中央,B 大丸,流入計,12,3,37,278,155,473,26
67,矢野口,鶴川街道×川崎街道,R4/10,多摩中央,B 大丸,流入計,13,5,28,277,145,455,24
67,矢野口,鶴川街道×川崎街道,R4/10,多摩中央,B 大丸,流入計,14,3,41,332,176,552,23
67,矢野口,鶴川街道×川崎街道,R4/10,多摩中央,B 大丸,流入計,15,4,31,384,129,548,37
67,矢野口,鶴川街道×川崎街道,R4/10,多摩中央,B 大丸,流入計,16,5,30,392,139,566,34
67,矢野口,鶴川街道×川崎街道,R4/10,多摩中央,B 大丸,流入計,17,4,24,407,168,603,36
67,矢野口,鶴川街道×川崎街道,R4/10,多摩中央,B 大丸,流入計,18,4,18,428,102,552,39
67,矢野口,鶴川街道×川崎街道,R4/10,多摩中央,B 大丸,流入計,12時間計,47,423,3896,1901,6267,381
67,矢野口,鶴川街道×川崎街道,R4/10,多摩中央,C 町田,7.大丸,7,2,0,11,3,16,0
67,矢野口,鶴川街道×川崎街道,R4/10,多摩中央,C 町田,7.大丸,8,0,3,19,4,26,0
67,矢野口,鶴川街道×川崎街道,R4/10,多摩中央,C 町田,7.大丸,9,1,4,17,8,30,1
67,矢野口,鶴川街道×川崎街道,R4/10,多摩中央,C 町田,7.大丸,10,1,3,21,12,37,1
67,矢野口,鶴川街道×川崎街道,R4/10,多摩中央,C 町田,7.大丸,11,4,2,23,10,39,0
67,矢野口,鶴川街道×川崎街道,R4/10,多摩中央,C 町田,7.大丸,12,0,4,23,9,36,1
67,矢野口,鶴川街道×川崎街道,R4/10,多摩中央,C 町田,7.大丸,13,2,2,26,9,39,2
67,矢野口,鶴川街道×川崎街道,R4/10,多摩中央,C 町田,7.大丸,14,1,2,21,8,32,2
67,矢野口,鶴川街道×川崎街道,R4/10,多摩中央,C 町田,7.大丸,15,2,2,26,3,33,1
67,矢野口,鶴川街道×川崎街道,R4/10,多摩中央,C 町田,7.大丸,16,1,2,38,9,50,3
67,矢野口,鶴川街道×川崎街道,R4/10,多摩中央,C 町田,7.大丸,17,2,0,35,5,42,1
67,矢野口,鶴川街道×川崎街道,R4/10,多摩中央,C 町田,7.大丸,18,1,0,34,3,38,2
67,矢野口,鶴川街道×川崎街道,R4/10,多摩中央,C 町田,7.大丸,12時間計,17,24,294,83,418,14
67,矢野口,鶴川街道×川崎街道,R4/10,多摩中央,C 町田,8.調布,7,0,11,293,215,519,88
67,矢野口,鶴川街道×川崎街道,R4/10,多摩中央,C 町田,8.調布,8,3,25,328,197,553,54
67,矢野口,鶴川街道×川崎街道,R4/10,多摩中央,C 町田,8.調布,9,4,21,298,149,472,28
67,矢野口,鶴川街道×川崎街道,R4/10,多摩中央,C 町田,8.調布,10,0,13,292,149,454,36
67,矢野口,鶴川街道×川崎街道,R4/10,多摩中央,C 町田,8.調布,11,0,13,315,148,476,29
67,矢野口,鶴川街道×川崎街道,R4/10,多摩中央,C 町田,8.調布,12,4,20,286,116,426,21
67,矢野口,鶴川街道×川崎街道,R4/10,多摩中央,C 町田,8.調布,13,0,14,319,146,479,33
67,矢野口,鶴川街道×川崎街道,R4/10,多摩中央,C 町田,8.調布,14,3,10,304,132,449,25
67,矢野口,鶴川街道×川崎街道,R4/10,多摩中央,C 町田,8.調布,15,1,8,359,132,500,31
67,矢野口,鶴川街道×川崎街道,R4/10,多摩中央,C 町田,8.調布,16,0,7,430,127,564,34
67,矢野口,鶴川街道×川崎街道,R4/10,多摩中央,C 町田,8.調布,17,2,4,448,134,588,48
67,矢野口,鶴川街道×川崎街道,R4/10,多摩中央,C 町田,8.調布,18,1,3,342,103,449,40
67,矢野口,鶴川街道×川崎街道,R4/10,多摩中央,C 町田,8.調布,12時間計,18,149,4014,1748,5929,467
67,矢野口,鶴川街道×川崎街道,R4/10,多摩中央,C 町田,9.川崎,7,2,2,33,42,79,16
67,矢野口,鶴川街道×川崎街道,R4/10,多摩中央,C 町田,9.川崎,8,3,3,59,31,96,16
67,矢野口,鶴川街道×川崎街道,R4/10,多摩中央,C 町田,9.川崎,9,1,3,57,38,99,3
67,矢野口,鶴川街道×川崎街道,R4/10,多摩中央,C 町田,9.川崎,10,0,0,87,26,113,7
67,矢野口,鶴川街道×川崎街道,R4/10,多摩中央,C 町田,9.川崎,11,0,4,106,35,145,6
67,矢野口,鶴川街道×川崎街道,R4/10,多摩中央,C 町田,9.川崎,12,1,2,77,26,106,3
67,矢野口,鶴川街道×川崎街道,R4/10,多摩中央,C 町田,9.川崎,13,0,2,94,31,127,3
67,矢野口,鶴川街道×川崎街道,R4/10,多摩中央,C 町田,9.川崎,14,1,1,97,30,129,9
67,矢野口,鶴川街道×川崎街道,R4/10,多摩中央,C 町田,9.川崎,15,0,2,101,27,130,6
67,矢野口,鶴川街道×川崎街道,R4/10,多摩中央,C 町田,9.川崎,16,0,2,132,36,170,7
67,矢野口,鶴川街道×川崎街道,R4/10,多摩中央,C 町田,9.川崎,17,0,1,124,33,158,10
67,矢野口,鶴川街道×川崎街道,R4/10,多摩中央,C 町田,9.川崎,18,0,0,107,19,126,10
67,矢野口,鶴川街道×川崎街道,R4/10,多摩中央,C 町田,9.川崎,12時間計,8,22,1074,374,1478,96
67,矢野口,鶴川街道×川崎街道,R4/10,多摩中央,C 町田,流入計,7,4,13,337,260,614,104
67,矢野口,鶴川街道×川崎街道,R4/10,多摩中央,C 町田,流入計,8,6,31,406,232,675,70
67,矢野口,鶴川街道×川崎街道,R4/10,多摩中央,C 町田,流入計,9,6,28,372,195,601,32
67,矢野口,鶴川街道×川崎街道,R4/10,多摩中央,C 町田,流入計,10,1,16,400,187,604,44
67,矢野口,鶴川街道×川崎街道,R4/10,多摩中央,C 町田,流入計,11,4,19,444,193,660,35
67,矢野口,鶴川街道×川崎街道,R4/10,多摩中央,C 町田,流入計,12,5,26,386,151,568,25
67,矢野口,鶴川街道×川崎街道,R4/10,多摩中央,C 町田,流入計,13,2,18,439,186,645,38
67,矢野口,鶴川街道×川崎街道,R4/10,多摩中央,C 町田,流入計,14,5,13,422,170,610,36
67,矢野口,鶴川街道×川崎街道,R4/10,多摩中央,C 町田,流入計,15,3,12,486,162,663,38
67,矢野口,鶴川街道×川崎街道,R4/10,多摩中央,C 町田,流入計,16,1,11,600,172,784,44
67,矢野口,鶴川街道×川崎街道,R4/10,多摩中央,C 町田,流入計,17,4,5,607,172,788,59
67,矢野口,鶴川街道×川崎街道,R4/10,多摩中央,C 町田,流入計,18,2,3,483,125,613,52
67,矢野口,鶴川街道×川崎街道,R4/10,多摩中央,C 町田,流入計,12時間計,43,195,5382,2205,7825,577
67,矢野口,鶴川街道×川崎街道,R4/10,多摩中央,D 川崎,10.町田,7,0,4,80,27,111,7
67,矢野口,鶴川街道×川崎街道,R4/10,多摩中央,D 川崎,10.町田,8,1,2,61,24,88,11
67,矢野口,鶴川街道×川崎街道,R4/10,多摩中央,D 川崎,10.町田,9,0,0,81,25,106,2
67,矢野口,鶴川街道×川崎街道,R4/10,多摩中央,D 川崎,10.町田,10,0,2,98,24,124,5
67,矢野口,鶴川街道×川崎街道,R4/10,多摩中央,D 川崎,10.町田,11,0,4,86,30,120,13
67,矢野口,鶴川街道×川崎街道,R4/10,多摩中央,D 川崎,10.町田,12,0,7,85,30,122,6
67,矢野口,鶴川街道×川崎街道,R4/10,多摩中央,D 川崎,10.町田,13,2,3,91,31,127,5
67,矢野口,鶴川街道×川崎街道,R4/10,多摩中央,D 川崎,10.町田,14,3,3,89,28,123,4
67,矢野口,鶴川街道×川崎街道,R4/10,多摩中央,D 川崎,10.町田,15,1,1,108,37,147,9
67,矢野口,鶴川街道×川崎街道,R4/10,多摩中央,D 川崎,10.町田,16,0,5,97,27,129,4
67,矢野口,鶴川街道×川崎街道,R4/10,多摩中央,D 川崎,10.町田,17,3,2,115,34,154,10
67,矢野口,鶴川街道×川崎街道,R4/10,多摩中央,D 川崎,10.町田,18,0,3,75,28,106,7
67,矢野口,鶴川街道×川崎街道,R4/10,多摩中央,D 川崎,10.町田,12時間計,10,36,1066,345,1457,83
67,矢野口,鶴川街道×川崎街道,R4/10,多摩中央,D 川崎,11.大丸,7,4,14,324,162,504,28
67,矢野口,鶴川街道×川崎街道,R4/10,多摩中央,D 川崎,11.大丸,8,0,8,251,129,388,30
67,矢野口,鶴川街道×川崎街道,R4/10,多摩中央,D 川崎,11.大丸,9,1,17,197,117,332,29
67,矢野口,鶴川街道×川崎街道,R4/10,多摩中央,D 川崎,11.大丸,10,0,16,204,99,319,19
67,矢野口,鶴川街道×川崎街道,R4/10,多摩中央,D 川崎,11.大丸,11,1,13,193,112,319,21
67,矢野口,鶴川街道×川崎街道,R4/10,多摩中央,D 川崎,11.大丸,12,1,22,185,108,316,23
67,矢野口,鶴川街道×川崎街道,R4/10,多摩中央,D 川崎,11.大丸,13,0,13,202,107,322,20
67,矢野口,鶴川街道×川崎街道,R4/10,多摩中央,D 川崎,11.大丸,14,6,9,195,109,319,14
67,矢野口,鶴川街道×川崎街道,R4/10,多摩中央,D 川崎,11.大丸,15,2,12,208,117,339,21
67,矢野口,鶴川街道×川崎街道,R4/10,多摩中央,D 川崎,11.大丸,16,1,11,242,119,373,22
67,矢野口,鶴川街道×川崎街道,R4/10,多摩中央,D 川崎,11.大丸,17,0,7,274,130,411,43
67,矢野口,鶴川街道×川崎街道,R4/10,多摩中央,D 川崎,11.大丸,18,0,6,256,142,404,40
67,矢野口,鶴川街道×川崎街道,R4/10,多摩中央,D 川崎,11.大丸,12時間計,16,148,2731,1451,4346,310
67,矢野口,鶴川街道×川崎街道,R4/10,多摩中央,D 川崎,12.調布,7,0,1,119,82,202,18
67,矢野口,鶴川街道×川崎街道,R4/10,多摩中央,D 川崎,12.調布,8,1,1,126,58,186,11
67,矢野口,鶴川街道×川崎街道,R4/10,多摩中央,D 川崎,12.調布,9,0,3,127,43,173,8
67,矢野口,鶴川街道×川崎街道,R4/10,多摩中央,D 川崎,12.調布,10,0,7,118,43,168,5
67,矢野口,鶴川街道×川崎街道,R4/10,多摩中央,D 川崎,12.調布,11,0,3,113,64,180,5
67,矢野口,鶴川街道×川崎街道,R4/10,多摩中央,D 川崎,12.調布,12,0,4,127,49,180,7
67,矢野口,鶴川街道×川崎街道,R4/10,多摩中央,D 川崎,12.調布,13,0,3,113,57,173,6
67,矢野口,鶴川街道×川崎街道,R4/10,多摩中央,D 川崎,12.調布,14,0,4,138,60,202,5
67,矢野口,鶴川街道×川崎街道,R4/10,多摩中央,D 川崎,12.調布,15,0,2,96,58,156,8
67,矢野口,鶴川街道×川崎街道,R4/10,多摩中央,D 川崎,12.調布,16,1,1,117,42,161,7
67,矢野口,鶴川街道×川崎街道,R4/10,多摩中央,D 川崎,12.調布,17,0,0,131,56,187,12
67,矢野口,鶴川街道×川崎街道,R4/10,多摩中央,D 川崎,12.調布,18,0,0,112,51,163,11
67,矢野口,鶴川街道×川崎街道,R4/10,多摩中央,D 川崎,12.調布,12時間計,2,29,1437,663,2131,103
67,矢野口,鶴川街道×川崎街道,R4/10,多摩中央,D 川崎,流入計,7,4,19,523,271,817,53
67,矢野口,鶴川街道×川崎街道,R4/10,多摩中央,D 川崎,流入計,8,2,11,438,211,662,52
67,矢野口,鶴川街道×川崎街道,R4/10,多摩中央,D 川崎,流入計,9,1,20,405,185,611,39
67,矢野口,鶴川街道×川崎街道,R4/10,多摩中央,D 川崎,流入計,10,0,25,420,166,611,29
67,矢野口,鶴川街道×川崎街道,R4/10,多摩中央,D 川崎,流入計,11,1,20,392,206,619,39
67,矢野口,鶴川街道×川崎街道,R4/10,多摩中央,D 川崎,流入計,12,1,33,397,187,618,36
67,矢野口,鶴川街道×川崎街道,R4/10,多摩中央,D 川崎,流入計,13,2,19,406,195,622,31
67,矢野口,鶴川街道×川崎街道,R4/10,多摩中央,D 川崎,流入計,14,9,16,422,197,644,23
67,矢野口,鶴川街道×川崎街道,R4/10,多摩中央,D 川崎,流入計,15,3,15,412,212,642,38
67,矢野口,鶴川街道×川崎街道,R4/10,多摩中央,D 川崎,流入計,16,2,17,456,188,663,33
67,矢野口,鶴川街道×川崎街道,R4/10,多摩中央,D 川崎,流入計,17,3,9,520,220,752,65
67,矢野口,鶴川街道×川崎街道,R4/10,多摩中央,D 川崎,流入計,18,0,9,443,221,673,58
67,矢野口,鶴川街道×川崎街道,R4/10,多摩中央,D 川崎,流入計,12時間計,28,213,5234,2459,7934,496
