﻿地点番号,地点名,交差道路名,調査年月,管轄警察署,流出方向,時間帯等,大型乗用,大型貨物,普通乗用,普通貨物,四輪計,二輪車
75,本宿交番前,鎌倉街道×甲州街道,R4/10,府中,A 東八道路,7,8,34,494,382,918,90
75,本宿交番前,鎌倉街道×甲州街道,R4/10,府中,A 東八道路,8,7,40,485,355,887,56
75,本宿交番前,鎌倉街道×甲州街道,R4/10,府中,A 東八道路,9,7,46,567,325,945,29
75,本宿交番前,鎌倉街道×甲州街道,R4/10,府中,A 東八道路,10,4,54,481,302,841,28
75,本宿交番前,鎌倉街道×甲州街道,R4/10,府中,A 東八道路,11,4,31,454,311,800,23
75,本宿交番前,鎌倉街道×甲州街道,R4/10,府中,A 東八道路,12,0,28,522,270,820,25
75,本宿交番前,鎌倉街道×甲州街道,R4/10,府中,A 東八道路,13,5,24,528,270,827,35
75,本宿交番前,鎌倉街道×甲州街道,R4/10,府中,A 東八道路,14,4,32,576,290,902,45
75,本宿交番前,鎌倉街道×甲州街道,R4/10,府中,A 東八道路,15,3,24,490,258,775,45
75,本宿交番前,鎌倉街道×甲州街道,R4/10,府中,A 東八道路,16,6,18,569,288,881,38
75,本宿交番前,鎌倉街道×甲州街道,R4/10,府中,A 東八道路,17,3,12,664,256,935,49
75,本宿交番前,鎌倉街道×甲州街道,R4/10,府中,A 東八道路,18,4,11,739,244,998,49
75,本宿交番前,鎌倉街道×甲州街道,R4/10,府中,A 東八道路,12時間計,55,354,6569,3551,10529,512
75,本宿交番前,鎌倉街道×甲州街道,R4/10,府中,B 国立府中ＩＣ,7,10,29,757,429,1225,57
75,本宿交番前,鎌倉街道×甲州街道,R4/10,府中,B 国立府中ＩＣ,8,10,52,625,330,1017,58
75,本宿交番前,鎌倉街道×甲州街道,R4/10,府中,B 国立府中ＩＣ,9,9,49,568,345,971,48
75,本宿交番前,鎌倉街道×甲州街道,R4/10,府中,B 国立府中ＩＣ,10,11,36,527,331,905,31
75,本宿交番前,鎌倉街道×甲州街道,R4/10,府中,B 国立府中ＩＣ,11,6,45,622,353,1026,35
75,本宿交番前,鎌倉街道×甲州街道,R4/10,府中,B 国立府中ＩＣ,12,7,34,612,370,1023,43
75,本宿交番前,鎌倉街道×甲州街道,R4/10,府中,B 国立府中ＩＣ,13,8,37,531,349,925,37
75,本宿交番前,鎌倉街道×甲州街道,R4/10,府中,B 国立府中ＩＣ,14,6,52,553,343,954,24
75,本宿交番前,鎌倉街道×甲州街道,R4/10,府中,B 国立府中ＩＣ,15,6,35,615,400,1056,34
75,本宿交番前,鎌倉街道×甲州街道,R4/10,府中,B 国立府中ＩＣ,16,5,28,588,370,991,45
75,本宿交番前,鎌倉街道×甲州街道,R4/10,府中,B 国立府中ＩＣ,17,3,20,639,395,1057,56
75,本宿交番前,鎌倉街道×甲州街道,R4/10,府中,B 国立府中ＩＣ,18,8,15,720,366,1109,46
75,本宿交番前,鎌倉街道×甲州街道,R4/10,府中,B 国立府中ＩＣ,12時間計,89,432,7357,4381,12259,514
75,本宿交番前,鎌倉街道×甲州街道,R4/10,府中,C 新大栗橋交差点,7,7,26,650,361,1044,71
75,本宿交番前,鎌倉街道×甲州街道,R4/10,府中,C 新大栗橋交差点,8,4,30,648,328,1010,40
75,本宿交番前,鎌倉街道×甲州街道,R4/10,府中,C 新大栗橋交差点,9,9,38,552,289,888,37
75,本宿交番前,鎌倉街道×甲州街道,R4/10,府中,C 新大栗橋交差点,10,2,35,527,260,824,31
75,本宿交番前,鎌倉街道×甲州街道,R4/10,府中,C 新大栗橋交差点,11,2,33,460,302,797,20
75,本宿交番前,鎌倉街道×甲州街道,R4/10,府中,C 新大栗橋交差点,12,3,16,538,271,828,42
75,本宿交番前,鎌倉街道×甲州街道,R4/10,府中,C 新大栗橋交差点,13,3,28,560,311,902,37
75,本宿交番前,鎌倉街道×甲州街道,R4/10,府中,C 新大栗橋交差点,14,4,24,585,307,920,28
75,本宿交番前,鎌倉街道×甲州街道,R4/10,府中,C 新大栗橋交差点,15,9,23,604,274,910,36
75,本宿交番前,鎌倉街道×甲州街道,R4/10,府中,C 新大栗橋交差点,16,7,23,658,295,983,32
75,本宿交番前,鎌倉街道×甲州街道,R4/10,府中,C 新大栗橋交差点,17,8,20,763,355,1146,92
75,本宿交番前,鎌倉街道×甲州街道,R4/10,府中,C 新大栗橋交差点,18,3,12,799,267,1081,57
75,本宿交番前,鎌倉街道×甲州街道,R4/10,府中,C 新大栗橋交差点,12時間計,61,308,7344,3620,11333,523
75,本宿交番前,鎌倉街道×甲州街道,R4/10,府中,D 府中市,7,4,45,577,465,1091,48
75,本宿交番前,鎌倉街道×甲州街道,R4/10,府中,D 府中市,8,5,41,509,401,956,36
75,本宿交番前,鎌倉街道×甲州街道,R4/10,府中,D 府中市,9,6,52,480,382,920,23
75,本宿交番前,鎌倉街道×甲州街道,R4/10,府中,D 府中市,10,2,70,503,324,899,24
75,本宿交番前,鎌倉街道×甲州街道,R4/10,府中,D 府中市,11,5,50,463,283,801,32
75,本宿交番前,鎌倉街道×甲州街道,R4/10,府中,D 府中市,12,5,56,606,236,903,25
75,本宿交番前,鎌倉街道×甲州街道,R4/10,府中,D 府中市,13,3,41,484,273,801,30
75,本宿交番前,鎌倉街道×甲州街道,R4/10,府中,D 府中市,14,6,39,575,325,945,42
75,本宿交番前,鎌倉街道×甲州街道,R4/10,府中,D 府中市,15,5,30,589,282,906,44
75,本宿交番前,鎌倉街道×甲州街道,R4/10,府中,D 府中市,16,6,24,652,258,940,47
75,本宿交番前,鎌倉街道×甲州街道,R4/10,府中,D 府中市,17,6,12,663,267,948,57
75,本宿交番前,鎌倉街道×甲州街道,R4/10,府中,D 府中市,18,3,11,698,201,913,57
75,本宿交番前,鎌倉街道×甲州街道,R4/10,府中,D 府中市,12時間計,56,471,6799,3697,11023,465
75,本宿交番前,鎌倉街道×甲州街道,R4/10,府中,全方向合計,7,29,134,2478,1637,4278,266
75,本宿交番前,鎌倉街道×甲州街道,R4/10,府中,全方向合計,8,26,163,2267,1414,3870,190
75,本宿交番前,鎌倉街道×甲州街道,R4/10,府中,全方向合計,9,31,185,2167,1341,3724,137
75,本宿交番前,鎌倉街道×甲州街道,R4/10,府中,全方向合計,10,19,195,2038,1217,3469,114
75,本宿交番前,鎌倉街道×甲州街道,R4/10,府中,全方向合計,11,17,159,1999,1249,3424,110
75,本宿交番前,鎌倉街道×甲州街道,R4/10,府中,全方向合計,12,15,134,2278,1147,3574,135
75,本宿交番前,鎌倉街道×甲州街道,R4/10,府中,全方向合計,13,19,130,2103,1203,3455,139
75,本宿交番前,鎌倉街道×甲州街道,R4/10,府中,全方向合計,14,20,147,2289,1265,3721,139
75,本宿交番前,鎌倉街道×甲州街道,R4/10,府中,全方向合計,15,23,112,2298,1214,3647,159
75,本宿交番前,鎌倉街道×甲州街道,R4/10,府中,全方向合計,16,24,93,2467,1211,3795,162
75,本宿交番前,鎌倉街道×甲州街道,R4/10,府中,全方向合計,17,20,64,2729,1273,4086,254
75,本宿交番前,鎌倉街道×甲州街道,R4/10,府中,全方向合計,18,18,49,2956,1078,4101,209
75,本宿交番前,鎌倉街道×甲州街道,R4/10,府中,全方向合計,12時間計,261,1565,28069,15249,45144,2014
