﻿地点番号,地点名,交差道路名,調査年月,管轄警察署,流入方向,流出方向,時間帯等,大型乗用,大型貨物,普通乗用,普通貨物,四輪計,二輪車
75,本宿交番前,鎌倉街道×甲州街道,R4/10,府中,A 東八道路,1.府中市,7,0,0,26,12,38,1
75,本宿交番前,鎌倉街道×甲州街道,R4/10,府中,A 東八道路,1.府中市,8,0,0,27,14,41,2
75,本宿交番前,鎌倉街道×甲州街道,R4/10,府中,A 東八道路,1.府中市,9,0,0,29,16,45,1
75,本宿交番前,鎌倉街道×甲州街道,R4/10,府中,A 東八道路,1.府中市,10,0,0,31,11,42,1
75,本宿交番前,鎌倉街道×甲州街道,R4/10,府中,A 東八道路,1.府中市,11,0,0,29,18,47,4
75,本宿交番前,鎌倉街道×甲州街道,R4/10,府中,A 東八道路,1.府中市,12,0,0,44,12,56,3
75,本宿交番前,鎌倉街道×甲州街道,R4/10,府中,A 東八道路,1.府中市,13,0,0,25,11,36,4
75,本宿交番前,鎌倉街道×甲州街道,R4/10,府中,A 東八道路,1.府中市,14,0,0,36,7,43,4
75,本宿交番前,鎌倉街道×甲州街道,R4/10,府中,A 東八道路,1.府中市,15,0,0,37,11,48,1
75,本宿交番前,鎌倉街道×甲州街道,R4/10,府中,A 東八道路,1.府中市,16,0,0,30,8,38,3
75,本宿交番前,鎌倉街道×甲州街道,R4/10,府中,A 東八道路,1.府中市,17,0,0,39,16,55,4
75,本宿交番前,鎌倉街道×甲州街道,R4/10,府中,A 東八道路,1.府中市,18,0,0,27,10,37,1
75,本宿交番前,鎌倉街道×甲州街道,R4/10,府中,A 東八道路,1.府中市,12時間計,0,0,380,146,526,29
75,本宿交番前,鎌倉街道×甲州街道,R4/10,府中,A 東八道路,2.新大栗橋交差点,7,6,19,441,259,725,63
75,本宿交番前,鎌倉街道×甲州街道,R4/10,府中,A 東八道路,2.新大栗橋交差点,8,2,19,435,234,690,33
75,本宿交番前,鎌倉街道×甲州街道,R4/10,府中,A 東八道路,2.新大栗橋交差点,9,6,32,354,172,564,29
75,本宿交番前,鎌倉街道×甲州街道,R4/10,府中,A 東八道路,2.新大栗橋交差点,10,1,20,353,163,537,25
75,本宿交番前,鎌倉街道×甲州街道,R4/10,府中,A 東八道路,2.新大栗橋交差点,11,0,21,286,172,479,16
75,本宿交番前,鎌倉街道×甲州街道,R4/10,府中,A 東八道路,2.新大栗橋交差点,12,0,13,328,161,502,37
75,本宿交番前,鎌倉街道×甲州街道,R4/10,府中,A 東八道路,2.新大栗橋交差点,13,2,24,350,185,561,28
75,本宿交番前,鎌倉街道×甲州街道,R4/10,府中,A 東八道路,2.新大栗橋交差点,14,2,18,352,199,571,20
75,本宿交番前,鎌倉街道×甲州街道,R4/10,府中,A 東八道路,2.新大栗橋交差点,15,5,14,344,170,533,29
75,本宿交番前,鎌倉街道×甲州街道,R4/10,府中,A 東八道路,2.新大栗橋交差点,16,5,12,384,189,590,23
75,本宿交番前,鎌倉街道×甲州街道,R4/10,府中,A 東八道路,2.新大栗橋交差点,17,5,11,453,209,678,79
75,本宿交番前,鎌倉街道×甲州街道,R4/10,府中,A 東八道路,2.新大栗橋交差点,18,1,10,488,159,658,45
75,本宿交番前,鎌倉街道×甲州街道,R4/10,府中,A 東八道路,2.新大栗橋交差点,12時間計,35,213,4568,2272,7088,427
75,本宿交番前,鎌倉街道×甲州街道,R4/10,府中,A 東八道路,3.国立府中ＩＣ,7,1,10,171,98,280,15
75,本宿交番前,鎌倉街道×甲州街道,R4/10,府中,A 東八道路,3.国立府中ＩＣ,8,2,19,145,69,235,17
75,本宿交番前,鎌倉街道×甲州街道,R4/10,府中,A 東八道路,3.国立府中ＩＣ,9,4,21,147,63,235,16
75,本宿交番前,鎌倉街道×甲州街道,R4/10,府中,A 東八道路,3.国立府中ＩＣ,10,2,10,149,82,243,13
75,本宿交番前,鎌倉街道×甲州街道,R4/10,府中,A 東八道路,3.国立府中ＩＣ,11,1,10,157,82,250,9
75,本宿交番前,鎌倉街道×甲州街道,R4/10,府中,A 東八道路,3.国立府中ＩＣ,12,2,7,159,93,261,11
75,本宿交番前,鎌倉街道×甲州街道,R4/10,府中,A 東八道路,3.国立府中ＩＣ,13,4,19,140,87,250,7
75,本宿交番前,鎌倉街道×甲州街道,R4/10,府中,A 東八道路,3.国立府中ＩＣ,14,2,15,148,95,260,6
75,本宿交番前,鎌倉街道×甲州街道,R4/10,府中,A 東八道路,3.国立府中ＩＣ,15,0,12,162,91,265,9
75,本宿交番前,鎌倉街道×甲州街道,R4/10,府中,A 東八道路,3.国立府中ＩＣ,16,0,13,151,82,246,8
75,本宿交番前,鎌倉街道×甲州街道,R4/10,府中,A 東八道路,3.国立府中ＩＣ,17,0,11,154,99,264,13
75,本宿交番前,鎌倉街道×甲州街道,R4/10,府中,A 東八道路,3.国立府中ＩＣ,18,1,7,186,108,302,12
75,本宿交番前,鎌倉街道×甲州街道,R4/10,府中,A 東八道路,3.国立府中ＩＣ,12時間計,19,154,1869,1049,3091,136
75,本宿交番前,鎌倉街道×甲州街道,R4/10,府中,A 東八道路,流入計,7,7,29,638,369,1043,79
75,本宿交番前,鎌倉街道×甲州街道,R4/10,府中,A 東八道路,流入計,8,4,38,607,317,966,52
75,本宿交番前,鎌倉街道×甲州街道,R4/10,府中,A 東八道路,流入計,9,10,53,530,251,844,46
75,本宿交番前,鎌倉街道×甲州街道,R4/10,府中,A 東八道路,流入計,10,3,30,533,256,822,39
75,本宿交番前,鎌倉街道×甲州街道,R4/10,府中,A 東八道路,流入計,11,1,31,472,272,776,29
75,本宿交番前,鎌倉街道×甲州街道,R4/10,府中,A 東八道路,流入計,12,2,20,531,266,819,51
75,本宿交番前,鎌倉街道×甲州街道,R4/10,府中,A 東八道路,流入計,13,6,43,515,283,847,39
75,本宿交番前,鎌倉街道×甲州街道,R4/10,府中,A 東八道路,流入計,14,4,33,536,301,874,30
75,本宿交番前,鎌倉街道×甲州街道,R4/10,府中,A 東八道路,流入計,15,5,26,543,272,846,39
75,本宿交番前,鎌倉街道×甲州街道,R4/10,府中,A 東八道路,流入計,16,5,25,565,279,874,34
75,本宿交番前,鎌倉街道×甲州街道,R4/10,府中,A 東八道路,流入計,17,5,22,646,324,997,96
75,本宿交番前,鎌倉街道×甲州街道,R4/10,府中,A 東八道路,流入計,18,2,17,701,277,997,58
75,本宿交番前,鎌倉街道×甲州街道,R4/10,府中,A 東八道路,流入計,12時間計,54,367,6817,3467,10705,592
75,本宿交番前,鎌倉街道×甲州街道,R4/10,府中,B 国立府中ＩＣ,4.東八道路,7,2,13,99,115,229,7
75,本宿交番前,鎌倉街道×甲州街道,R4/10,府中,B 国立府中ＩＣ,4.東八道路,8,5,15,106,133,259,2
75,本宿交番前,鎌倉街道×甲州街道,R4/10,府中,B 国立府中ＩＣ,4.東八道路,9,1,16,144,123,284,3
75,本宿交番前,鎌倉街道×甲州街道,R4/10,府中,B 国立府中ＩＣ,4.東八道路,10,3,22,135,128,288,8
75,本宿交番前,鎌倉街道×甲州街道,R4/10,府中,B 国立府中ＩＣ,4.東八道路,11,3,20,156,109,288,3
75,本宿交番前,鎌倉街道×甲州街道,R4/10,府中,B 国立府中ＩＣ,4.東八道路,12,0,14,195,123,332,6
75,本宿交番前,鎌倉街道×甲州街道,R4/10,府中,B 国立府中ＩＣ,4.東八道路,13,3,10,178,92,283,4
75,本宿交番前,鎌倉街道×甲州街道,R4/10,府中,B 国立府中ＩＣ,4.東八道路,14,2,11,211,120,344,14
75,本宿交番前,鎌倉街道×甲州街道,R4/10,府中,B 国立府中ＩＣ,4.東八道路,15,1,9,176,102,288,13
75,本宿交番前,鎌倉街道×甲州街道,R4/10,府中,B 国立府中ＩＣ,4.東八道路,16,0,8,176,93,277,10
75,本宿交番前,鎌倉街道×甲州街道,R4/10,府中,B 国立府中ＩＣ,4.東八道路,17,2,8,204,68,282,12
75,本宿交番前,鎌倉街道×甲州街道,R4/10,府中,B 国立府中ＩＣ,4.東八道路,18,1,5,247,67,320,6
75,本宿交番前,鎌倉街道×甲州街道,R4/10,府中,B 国立府中ＩＣ,4.東八道路,12時間計,23,151,2027,1273,3474,88
75,本宿交番前,鎌倉街道×甲州街道,R4/10,府中,B 国立府中ＩＣ,5.府中市,7,3,43,376,340,762,32
75,本宿交番前,鎌倉街道×甲州街道,R4/10,府中,B 国立府中ＩＣ,5.府中市,8,3,32,332,305,672,27
75,本宿交番前,鎌倉街道×甲州街道,R4/10,府中,B 国立府中ＩＣ,5.府中市,9,5,40,315,269,629,15
75,本宿交番前,鎌倉街道×甲州街道,R4/10,府中,B 国立府中ＩＣ,5.府中市,10,2,60,332,244,638,20
75,本宿交番前,鎌倉街道×甲州街道,R4/10,府中,B 国立府中ＩＣ,5.府中市,11,5,39,298,197,539,24
75,本宿交番前,鎌倉街道×甲州街道,R4/10,府中,B 国立府中ＩＣ,5.府中市,12,5,50,412,172,639,19
75,本宿交番前,鎌倉街道×甲州街道,R4/10,府中,B 国立府中ＩＣ,5.府中市,13,2,23,322,193,540,16
75,本宿交番前,鎌倉街道×甲州街道,R4/10,府中,B 国立府中ＩＣ,5.府中市,14,6,30,381,234,651,28
75,本宿交番前,鎌倉街道×甲州街道,R4/10,府中,B 国立府中ＩＣ,5.府中市,15,5,19,410,216,650,37
75,本宿交番前,鎌倉街道×甲州街道,R4/10,府中,B 国立府中ＩＣ,5.府中市,16,4,16,483,192,695,35
75,本宿交番前,鎌倉街道×甲州街道,R4/10,府中,B 国立府中ＩＣ,5.府中市,17,6,9,429,180,624,46
75,本宿交番前,鎌倉街道×甲州街道,R4/10,府中,B 国立府中ＩＣ,5.府中市,18,3,9,510,146,668,47
75,本宿交番前,鎌倉街道×甲州街道,R4/10,府中,B 国立府中ＩＣ,5.府中市,12時間計,49,370,4600,2688,7707,346
75,本宿交番前,鎌倉街道×甲州街道,R4/10,府中,B 国立府中ＩＣ,6.新大栗橋交差点,7,0,2,77,36,115,1
75,本宿交番前,鎌倉街道×甲州街道,R4/10,府中,B 国立府中ＩＣ,6.新大栗橋交差点,8,0,7,75,37,119,1
75,本宿交番前,鎌倉街道×甲州街道,R4/10,府中,B 国立府中ＩＣ,6.新大栗橋交差点,9,1,3,93,44,141,4
75,本宿交番前,鎌倉街道×甲州街道,R4/10,府中,B 国立府中ＩＣ,6.新大栗橋交差点,10,1,6,77,37,121,3
75,本宿交番前,鎌倉街道×甲州街道,R4/10,府中,B 国立府中ＩＣ,6.新大栗橋交差点,11,1,9,78,65,153,2
75,本宿交番前,鎌倉街道×甲州街道,R4/10,府中,B 国立府中ＩＣ,6.新大栗橋交差点,12,1,2,85,57,145,0
75,本宿交番前,鎌倉街道×甲州街道,R4/10,府中,B 国立府中ＩＣ,6.新大栗橋交差点,13,1,4,92,59,156,2
75,本宿交番前,鎌倉街道×甲州街道,R4/10,府中,B 国立府中ＩＣ,6.新大栗橋交差点,14,1,3,104,43,151,3
75,本宿交番前,鎌倉街道×甲州街道,R4/10,府中,B 国立府中ＩＣ,6.新大栗橋交差点,15,2,4,116,46,168,4
75,本宿交番前,鎌倉街道×甲州街道,R4/10,府中,B 国立府中ＩＣ,6.新大栗橋交差点,16,1,8,125,41,175,2
75,本宿交番前,鎌倉街道×甲州街道,R4/10,府中,B 国立府中ＩＣ,6.新大栗橋交差点,17,2,4,142,59,207,5
75,本宿交番前,鎌倉街道×甲州街道,R4/10,府中,B 国立府中ＩＣ,6.新大栗橋交差点,18,1,2,143,40,186,5
75,本宿交番前,鎌倉街道×甲州街道,R4/10,府中,B 国立府中ＩＣ,6.新大栗橋交差点,12時間計,12,54,1207,564,1837,32
75,本宿交番前,鎌倉街道×甲州街道,R4/10,府中,B 国立府中ＩＣ,流入計,7,5,58,552,491,1106,40
75,本宿交番前,鎌倉街道×甲州街道,R4/10,府中,B 国立府中ＩＣ,流入計,8,8,54,513,475,1050,30
75,本宿交番前,鎌倉街道×甲州街道,R4/10,府中,B 国立府中ＩＣ,流入計,9,7,59,552,436,1054,22
75,本宿交番前,鎌倉街道×甲州街道,R4/10,府中,B 国立府中ＩＣ,流入計,10,6,88,544,409,1047,31
75,本宿交番前,鎌倉街道×甲州街道,R4/10,府中,B 国立府中ＩＣ,流入計,11,9,68,532,371,980,29
75,本宿交番前,鎌倉街道×甲州街道,R4/10,府中,B 国立府中ＩＣ,流入計,12,6,66,692,352,1116,25
75,本宿交番前,鎌倉街道×甲州街道,R4/10,府中,B 国立府中ＩＣ,流入計,13,6,37,592,344,979,22
75,本宿交番前,鎌倉街道×甲州街道,R4/10,府中,B 国立府中ＩＣ,流入計,14,9,44,696,397,1146,45
75,本宿交番前,鎌倉街道×甲州街道,R4/10,府中,B 国立府中ＩＣ,流入計,15,8,32,702,364,1106,54
75,本宿交番前,鎌倉街道×甲州街道,R4/10,府中,B 国立府中ＩＣ,流入計,16,5,32,784,326,1147,47
75,本宿交番前,鎌倉街道×甲州街道,R4/10,府中,B 国立府中ＩＣ,流入計,17,10,21,775,307,1113,63
75,本宿交番前,鎌倉街道×甲州街道,R4/10,府中,B 国立府中ＩＣ,流入計,18,5,16,900,253,1174,58
75,本宿交番前,鎌倉街道×甲州街道,R4/10,府中,B 国立府中ＩＣ,流入計,12時間計,84,575,7834,4525,13018,466
75,本宿交番前,鎌倉街道×甲州街道,R4/10,府中,C 新大栗橋交差点,7.国立府中ＩＣ,7,1,1,55,23,80,4
75,本宿交番前,鎌倉街道×甲州街道,R4/10,府中,C 新大栗橋交差点,7.国立府中ＩＣ,8,2,1,63,26,92,4
75,本宿交番前,鎌倉街道×甲州街道,R4/10,府中,C 新大栗橋交差点,7.国立府中ＩＣ,9,1,6,69,32,108,1
75,本宿交番前,鎌倉街道×甲州街道,R4/10,府中,C 新大栗橋交差点,7.国立府中ＩＣ,10,2,4,64,22,92,1
75,本宿交番前,鎌倉街道×甲州街道,R4/10,府中,C 新大栗橋交差点,7.国立府中ＩＣ,11,1,10,70,39,120,4
75,本宿交番前,鎌倉街道×甲州街道,R4/10,府中,C 新大栗橋交差点,7.国立府中ＩＣ,12,1,4,78,33,116,2
75,本宿交番前,鎌倉街道×甲州街道,R4/10,府中,C 新大栗橋交差点,7.国立府中ＩＣ,13,1,5,51,25,82,2
75,本宿交番前,鎌倉街道×甲州街道,R4/10,府中,C 新大栗橋交差点,7.国立府中ＩＣ,14,1,4,47,36,88,3
75,本宿交番前,鎌倉街道×甲州街道,R4/10,府中,C 新大栗橋交差点,7.国立府中ＩＣ,15,1,1,60,34,96,0
75,本宿交番前,鎌倉街道×甲州街道,R4/10,府中,C 新大栗橋交差点,7.国立府中ＩＣ,16,1,2,50,23,76,1
75,本宿交番前,鎌倉街道×甲州街道,R4/10,府中,C 新大栗橋交差点,7.国立府中ＩＣ,17,1,2,52,36,91,2
75,本宿交番前,鎌倉街道×甲州街道,R4/10,府中,C 新大栗橋交差点,7.国立府中ＩＣ,18,0,3,47,21,71,2
75,本宿交番前,鎌倉街道×甲州街道,R4/10,府中,C 新大栗橋交差点,7.国立府中ＩＣ,12時間計,13,43,706,350,1112,26
75,本宿交番前,鎌倉街道×甲州街道,R4/10,府中,C 新大栗橋交差点,8.東八道路,7,5,21,371,252,649,81
75,本宿交番前,鎌倉街道×甲州街道,R4/10,府中,C 新大栗橋交差点,8.東八道路,8,1,25,359,202,587,51
75,本宿交番前,鎌倉街道×甲州街道,R4/10,府中,C 新大栗橋交差点,8.東八道路,9,4,29,392,181,606,25
75,本宿交番前,鎌倉街道×甲州街道,R4/10,府中,C 新大栗橋交差点,8.東八道路,10,1,32,322,161,516,19
75,本宿交番前,鎌倉街道×甲州街道,R4/10,府中,C 新大栗橋交差点,8.東八道路,11,1,11,270,183,465,20
75,本宿交番前,鎌倉街道×甲州街道,R4/10,府中,C 新大栗橋交差点,8.東八道路,12,0,13,297,132,442,18
75,本宿交番前,鎌倉街道×甲州街道,R4/10,府中,C 新大栗橋交差点,8.東八道路,13,2,14,309,159,484,28
75,本宿交番前,鎌倉街道×甲州街道,R4/10,府中,C 新大栗橋交差点,8.東八道路,14,1,21,331,160,513,30
75,本宿交番前,鎌倉街道×甲州街道,R4/10,府中,C 新大栗橋交差点,8.東八道路,15,2,15,274,142,433,31
75,本宿交番前,鎌倉街道×甲州街道,R4/10,府中,C 新大栗橋交差点,8.東八道路,16,6,10,354,178,548,27
75,本宿交番前,鎌倉街道×甲州街道,R4/10,府中,C 新大栗橋交差点,8.東八道路,17,1,4,421,172,598,35
75,本宿交番前,鎌倉街道×甲州街道,R4/10,府中,C 新大栗橋交差点,8.東八道路,18,2,6,446,164,618,37
75,本宿交番前,鎌倉街道×甲州街道,R4/10,府中,C 新大栗橋交差点,8.東八道路,12時間計,26,201,4146,2086,6459,402
75,本宿交番前,鎌倉街道×甲州街道,R4/10,府中,C 新大栗橋交差点,9.府中市,7,1,2,175,113,291,15
75,本宿交番前,鎌倉街道×甲州街道,R4/10,府中,C 新大栗橋交差点,9.府中市,8,2,9,150,82,243,7
75,本宿交番前,鎌倉街道×甲州街道,R4/10,府中,C 新大栗橋交差点,9.府中市,9,1,12,136,97,246,7
75,本宿交番前,鎌倉街道×甲州街道,R4/10,府中,C 新大栗橋交差点,9.府中市,10,0,10,140,69,219,3
75,本宿交番前,鎌倉街道×甲州街道,R4/10,府中,C 新大栗橋交差点,9.府中市,11,0,11,136,68,215,4
75,本宿交番前,鎌倉街道×甲州街道,R4/10,府中,C 新大栗橋交差点,9.府中市,12,0,6,150,52,208,3
75,本宿交番前,鎌倉街道×甲州街道,R4/10,府中,C 新大栗橋交差点,9.府中市,13,1,18,137,69,225,10
75,本宿交番前,鎌倉街道×甲州街道,R4/10,府中,C 新大栗橋交差点,9.府中市,14,0,9,158,84,251,10
75,本宿交番前,鎌倉街道×甲州街道,R4/10,府中,C 新大栗橋交差点,9.府中市,15,0,11,142,55,208,6
75,本宿交番前,鎌倉街道×甲州街道,R4/10,府中,C 新大栗橋交差点,9.府中市,16,2,8,139,58,207,9
75,本宿交番前,鎌倉街道×甲州街道,R4/10,府中,C 新大栗橋交差点,9.府中市,17,0,3,195,71,269,7
75,本宿交番前,鎌倉街道×甲州街道,R4/10,府中,C 新大栗橋交差点,9.府中市,18,0,2,161,45,208,9
75,本宿交番前,鎌倉街道×甲州街道,R4/10,府中,C 新大栗橋交差点,9.府中市,12時間計,7,101,1819,863,2790,90
75,本宿交番前,鎌倉街道×甲州街道,R4/10,府中,C 新大栗橋交差点,流入計,7,7,24,601,388,1020,100
75,本宿交番前,鎌倉街道×甲州街道,R4/10,府中,C 新大栗橋交差点,流入計,8,5,35,572,310,922,62
75,本宿交番前,鎌倉街道×甲州街道,R4/10,府中,C 新大栗橋交差点,流入計,9,6,47,597,310,960,33
75,本宿交番前,鎌倉街道×甲州街道,R4/10,府中,C 新大栗橋交差点,流入計,10,3,46,526,252,827,23
75,本宿交番前,鎌倉街道×甲州街道,R4/10,府中,C 新大栗橋交差点,流入計,11,2,32,476,290,800,28
75,本宿交番前,鎌倉街道×甲州街道,R4/10,府中,C 新大栗橋交差点,流入計,12,1,23,525,217,766,23
75,本宿交番前,鎌倉街道×甲州街道,R4/10,府中,C 新大栗橋交差点,流入計,13,4,37,497,253,791,40
75,本宿交番前,鎌倉街道×甲州街道,R4/10,府中,C 新大栗橋交差点,流入計,14,2,34,536,280,852,43
75,本宿交番前,鎌倉街道×甲州街道,R4/10,府中,C 新大栗橋交差点,流入計,15,3,27,476,231,737,37
75,本宿交番前,鎌倉街道×甲州街道,R4/10,府中,C 新大栗橋交差点,流入計,16,9,20,543,259,831,37
75,本宿交番前,鎌倉街道×甲州街道,R4/10,府中,C 新大栗橋交差点,流入計,17,2,9,668,279,958,44
75,本宿交番前,鎌倉街道×甲州街道,R4/10,府中,C 新大栗橋交差点,流入計,18,2,11,654,230,897,48
75,本宿交番前,鎌倉街道×甲州街道,R4/10,府中,C 新大栗橋交差点,流入計,12時間計,46,345,6671,3299,10361,518
75,本宿交番前,鎌倉街道×甲州街道,R4/10,府中,D 府中市,10.新大栗橋交差点,7,1,5,132,66,204,7
75,本宿交番前,鎌倉街道×甲州街道,R4/10,府中,D 府中市,10.新大栗橋交差点,8,2,4,138,57,201,6
75,本宿交番前,鎌倉街道×甲州街道,R4/10,府中,D 府中市,10.新大栗橋交差点,9,2,3,105,73,183,4
75,本宿交番前,鎌倉街道×甲州街道,R4/10,府中,D 府中市,10.新大栗橋交差点,10,0,9,97,60,166,3
75,本宿交番前,鎌倉街道×甲州街道,R4/10,府中,D 府中市,10.新大栗橋交差点,11,1,3,96,65,165,2
75,本宿交番前,鎌倉街道×甲州街道,R4/10,府中,D 府中市,10.新大栗橋交差点,12,2,1,125,53,181,5
75,本宿交番前,鎌倉街道×甲州街道,R4/10,府中,D 府中市,10.新大栗橋交差点,13,0,0,118,67,185,7
75,本宿交番前,鎌倉街道×甲州街道,R4/10,府中,D 府中市,10.新大栗橋交差点,14,1,3,129,65,198,5
75,本宿交番前,鎌倉街道×甲州街道,R4/10,府中,D 府中市,10.新大栗橋交差点,15,2,5,144,58,209,3
75,本宿交番前,鎌倉街道×甲州街道,R4/10,府中,D 府中市,10.新大栗橋交差点,16,1,3,149,65,218,7
75,本宿交番前,鎌倉街道×甲州街道,R4/10,府中,D 府中市,10.新大栗橋交差点,17,1,5,168,87,261,8
75,本宿交番前,鎌倉街道×甲州街道,R4/10,府中,D 府中市,10.新大栗橋交差点,18,1,0,168,68,237,7
75,本宿交番前,鎌倉街道×甲州街道,R4/10,府中,D 府中市,10.新大栗橋交差点,12時間計,14,41,1569,784,2408,64
75,本宿交番前,鎌倉街道×甲州街道,R4/10,府中,D 府中市,11.国立府中ＩＣ,7,8,18,531,308,865,38
75,本宿交番前,鎌倉街道×甲州街道,R4/10,府中,D 府中市,11.国立府中ＩＣ,8,6,32,417,235,690,37
75,本宿交番前,鎌倉街道×甲州街道,R4/10,府中,D 府中市,11.国立府中ＩＣ,9,4,22,352,250,628,31
75,本宿交番前,鎌倉街道×甲州街道,R4/10,府中,D 府中市,11.国立府中ＩＣ,10,7,22,314,227,570,17
75,本宿交番前,鎌倉街道×甲州街道,R4/10,府中,D 府中市,11.国立府中ＩＣ,11,4,25,395,232,656,22
75,本宿交番前,鎌倉街道×甲州街道,R4/10,府中,D 府中市,11.国立府中ＩＣ,12,4,23,375,244,646,30
75,本宿交番前,鎌倉街道×甲州街道,R4/10,府中,D 府中市,11.国立府中ＩＣ,13,3,13,340,237,593,28
75,本宿交番前,鎌倉街道×甲州街道,R4/10,府中,D 府中市,11.国立府中ＩＣ,14,3,33,358,212,606,15
75,本宿交番前,鎌倉街道×甲州街道,R4/10,府中,D 府中市,11.国立府中ＩＣ,15,5,22,393,275,695,25
75,本宿交番前,鎌倉街道×甲州街道,R4/10,府中,D 府中市,11.国立府中ＩＣ,16,4,13,387,265,669,36
75,本宿交番前,鎌倉街道×甲州街道,R4/10,府中,D 府中市,11.国立府中ＩＣ,17,2,7,433,260,702,41
75,本宿交番前,鎌倉街道×甲州街道,R4/10,府中,D 府中市,11.国立府中ＩＣ,18,7,5,487,237,736,32
75,本宿交番前,鎌倉街道×甲州街道,R4/10,府中,D 府中市,11.国立府中ＩＣ,12時間計,57,235,4782,2982,8056,352
75,本宿交番前,鎌倉街道×甲州街道,R4/10,府中,D 府中市,12.東八道路,7,1,0,24,15,40,2
75,本宿交番前,鎌倉街道×甲州街道,R4/10,府中,D 府中市,12.東八道路,8,1,0,20,20,41,3
75,本宿交番前,鎌倉街道×甲州街道,R4/10,府中,D 府中市,12.東八道路,9,2,1,31,21,55,1
75,本宿交番前,鎌倉街道×甲州街道,R4/10,府中,D 府中市,12.東八道路,10,0,0,24,13,37,1
75,本宿交番前,鎌倉街道×甲州街道,R4/10,府中,D 府中市,12.東八道路,11,0,0,28,19,47,0
75,本宿交番前,鎌倉街道×甲州街道,R4/10,府中,D 府中市,12.東八道路,12,0,1,30,15,46,1
75,本宿交番前,鎌倉街道×甲州街道,R4/10,府中,D 府中市,12.東八道路,13,0,0,41,19,60,3
75,本宿交番前,鎌倉街道×甲州街道,R4/10,府中,D 府中市,12.東八道路,14,1,0,34,10,45,1
75,本宿交番前,鎌倉街道×甲州街道,R4/10,府中,D 府中市,12.東八道路,15,0,0,40,14,54,1
75,本宿交番前,鎌倉街道×甲州街道,R4/10,府中,D 府中市,12.東八道路,16,0,0,39,17,56,1
75,本宿交番前,鎌倉街道×甲州街道,R4/10,府中,D 府中市,12.東八道路,17,0,0,39,16,55,2
75,本宿交番前,鎌倉街道×甲州街道,R4/10,府中,D 府中市,12.東八道路,18,1,0,46,13,60,6
75,本宿交番前,鎌倉街道×甲州街道,R4/10,府中,D 府中市,12.東八道路,12時間計,6,2,396,192,596,22
75,本宿交番前,鎌倉街道×甲州街道,R4/10,府中,D 府中市,流入計,7,10,23,687,389,1109,47
75,本宿交番前,鎌倉街道×甲州街道,R4/10,府中,D 府中市,流入計,8,9,36,575,312,932,46
75,本宿交番前,鎌倉街道×甲州街道,R4/10,府中,D 府中市,流入計,9,8,26,488,344,866,36
75,本宿交番前,鎌倉街道×甲州街道,R4/10,府中,D 府中市,流入計,10,7,31,435,300,773,21
75,本宿交番前,鎌倉街道×甲州街道,R4/10,府中,D 府中市,流入計,11,5,28,519,316,868,24
75,本宿交番前,鎌倉街道×甲州街道,R4/10,府中,D 府中市,流入計,12,6,25,530,312,873,36
75,本宿交番前,鎌倉街道×甲州街道,R4/10,府中,D 府中市,流入計,13,3,13,499,323,838,38
75,本宿交番前,鎌倉街道×甲州街道,R4/10,府中,D 府中市,流入計,14,5,36,521,287,849,21
75,本宿交番前,鎌倉街道×甲州街道,R4/10,府中,D 府中市,流入計,15,7,27,577,347,958,29
75,本宿交番前,鎌倉街道×甲州街道,R4/10,府中,D 府中市,流入計,16,5,16,575,347,943,44
75,本宿交番前,鎌倉街道×甲州街道,R4/10,府中,D 府中市,流入計,17,3,12,640,363,1018,51
75,本宿交番前,鎌倉街道×甲州街道,R4/10,府中,D 府中市,流入計,18,9,5,701,318,1033,45
75,本宿交番前,鎌倉街道×甲州街道,R4/10,府中,D 府中市,流入計,12時間計,77,278,6747,3958,11060,438
