﻿地点番号,地点名,交差道路名,調査年月,管轄警察署,流入方向,流出方向,時間帯等,車道通行自転車,歩道通行自転車,自転車計
75,本宿交番前,鎌倉街道×甲州街道,R4/10,府中,A 東八道路,1府中市,7,3,-,-
75,本宿交番前,鎌倉街道×甲州街道,R4/10,府中,A 東八道路,1府中市,8,0,-,-
75,本宿交番前,鎌倉街道×甲州街道,R4/10,府中,A 東八道路,1府中市,9,0,-,-
75,本宿交番前,鎌倉街道×甲州街道,R4/10,府中,A 東八道路,1府中市,10,0,-,-
75,本宿交番前,鎌倉街道×甲州街道,R4/10,府中,A 東八道路,1府中市,11,0,-,-
75,本宿交番前,鎌倉街道×甲州街道,R4/10,府中,A 東八道路,1府中市,12,0,-,-
75,本宿交番前,鎌倉街道×甲州街道,R4/10,府中,A 東八道路,1府中市,13,0,-,-
75,本宿交番前,鎌倉街道×甲州街道,R4/10,府中,A 東八道路,1府中市,14,0,-,-
75,本宿交番前,鎌倉街道×甲州街道,R4/10,府中,A 東八道路,1府中市,15,0,-,-
75,本宿交番前,鎌倉街道×甲州街道,R4/10,府中,A 東八道路,1府中市,16,0,-,-
75,本宿交番前,鎌倉街道×甲州街道,R4/10,府中,A 東八道路,1府中市,17,0,-,-
75,本宿交番前,鎌倉街道×甲州街道,R4/10,府中,A 東八道路,1府中市,18,0,-,-
75,本宿交番前,鎌倉街道×甲州街道,R4/10,府中,A 東八道路,1府中市,12時間計,3,-,-
75,本宿交番前,鎌倉街道×甲州街道,R4/10,府中,A 東八道路,2新大栗橋交差点,7,19,-,-
75,本宿交番前,鎌倉街道×甲州街道,R4/10,府中,A 東八道路,2新大栗橋交差点,8,22,-,-
75,本宿交番前,鎌倉街道×甲州街道,R4/10,府中,A 東八道路,2新大栗橋交差点,9,7,-,-
75,本宿交番前,鎌倉街道×甲州街道,R4/10,府中,A 東八道路,2新大栗橋交差点,10,4,-,-
75,本宿交番前,鎌倉街道×甲州街道,R4/10,府中,A 東八道路,2新大栗橋交差点,11,4,-,-
75,本宿交番前,鎌倉街道×甲州街道,R4/10,府中,A 東八道路,2新大栗橋交差点,12,10,-,-
75,本宿交番前,鎌倉街道×甲州街道,R4/10,府中,A 東八道路,2新大栗橋交差点,13,5,-,-
75,本宿交番前,鎌倉街道×甲州街道,R4/10,府中,A 東八道路,2新大栗橋交差点,14,4,-,-
75,本宿交番前,鎌倉街道×甲州街道,R4/10,府中,A 東八道路,2新大栗橋交差点,15,5,-,-
75,本宿交番前,鎌倉街道×甲州街道,R4/10,府中,A 東八道路,2新大栗橋交差点,16,11,-,-
75,本宿交番前,鎌倉街道×甲州街道,R4/10,府中,A 東八道路,2新大栗橋交差点,17,18,-,-
75,本宿交番前,鎌倉街道×甲州街道,R4/10,府中,A 東八道路,2新大栗橋交差点,18,9,-,-
75,本宿交番前,鎌倉街道×甲州街道,R4/10,府中,A 東八道路,2新大栗橋交差点,12時間計,118,-,-
75,本宿交番前,鎌倉街道×甲州街道,R4/10,府中,A 東八道路,3国立府中ＩＣ,7,0,-,-
75,本宿交番前,鎌倉街道×甲州街道,R4/10,府中,A 東八道路,3国立府中ＩＣ,8,0,-,-
75,本宿交番前,鎌倉街道×甲州街道,R4/10,府中,A 東八道路,3国立府中ＩＣ,9,0,-,-
75,本宿交番前,鎌倉街道×甲州街道,R4/10,府中,A 東八道路,3国立府中ＩＣ,10,0,-,-
75,本宿交番前,鎌倉街道×甲州街道,R4/10,府中,A 東八道路,3国立府中ＩＣ,11,0,-,-
75,本宿交番前,鎌倉街道×甲州街道,R4/10,府中,A 東八道路,3国立府中ＩＣ,12,0,-,-
75,本宿交番前,鎌倉街道×甲州街道,R4/10,府中,A 東八道路,3国立府中ＩＣ,13,0,-,-
75,本宿交番前,鎌倉街道×甲州街道,R4/10,府中,A 東八道路,3国立府中ＩＣ,14,0,-,-
75,本宿交番前,鎌倉街道×甲州街道,R4/10,府中,A 東八道路,3国立府中ＩＣ,15,0,-,-
75,本宿交番前,鎌倉街道×甲州街道,R4/10,府中,A 東八道路,3国立府中ＩＣ,16,0,-,-
75,本宿交番前,鎌倉街道×甲州街道,R4/10,府中,A 東八道路,3国立府中ＩＣ,17,0,-,-
75,本宿交番前,鎌倉街道×甲州街道,R4/10,府中,A 東八道路,3国立府中ＩＣ,18,0,-,-
75,本宿交番前,鎌倉街道×甲州街道,R4/10,府中,A 東八道路,3国立府中ＩＣ,12時間計,0,-,-
75,本宿交番前,鎌倉街道×甲州街道,R4/10,府中,A 東八道路,流入計,7,22,99,121
75,本宿交番前,鎌倉街道×甲州街道,R4/10,府中,A 東八道路,流入計,8,22,147,169
75,本宿交番前,鎌倉街道×甲州街道,R4/10,府中,A 東八道路,流入計,9,7,88,95
75,本宿交番前,鎌倉街道×甲州街道,R4/10,府中,A 東八道路,流入計,10,4,83,87
75,本宿交番前,鎌倉街道×甲州街道,R4/10,府中,A 東八道路,流入計,11,4,97,101
75,本宿交番前,鎌倉街道×甲州街道,R4/10,府中,A 東八道路,流入計,12,10,123,133
75,本宿交番前,鎌倉街道×甲州街道,R4/10,府中,A 東八道路,流入計,13,5,118,123
75,本宿交番前,鎌倉街道×甲州街道,R4/10,府中,A 東八道路,流入計,14,4,86,90
75,本宿交番前,鎌倉街道×甲州街道,R4/10,府中,A 東八道路,流入計,15,5,98,103
75,本宿交番前,鎌倉街道×甲州街道,R4/10,府中,A 東八道路,流入計,16,11,94,105
75,本宿交番前,鎌倉街道×甲州街道,R4/10,府中,A 東八道路,流入計,17,18,171,189
75,本宿交番前,鎌倉街道×甲州街道,R4/10,府中,A 東八道路,流入計,18,9,119,128
75,本宿交番前,鎌倉街道×甲州街道,R4/10,府中,A 東八道路,流入計,12時間計,121,1323,1444
75,本宿交番前,鎌倉街道×甲州街道,R4/10,府中,B 国立府中ＩＣ,4東八道路,7,0,-,-
75,本宿交番前,鎌倉街道×甲州街道,R4/10,府中,B 国立府中ＩＣ,4東八道路,8,0,-,-
75,本宿交番前,鎌倉街道×甲州街道,R4/10,府中,B 国立府中ＩＣ,4東八道路,9,0,-,-
75,本宿交番前,鎌倉街道×甲州街道,R4/10,府中,B 国立府中ＩＣ,4東八道路,10,0,-,-
75,本宿交番前,鎌倉街道×甲州街道,R4/10,府中,B 国立府中ＩＣ,4東八道路,11,0,-,-
75,本宿交番前,鎌倉街道×甲州街道,R4/10,府中,B 国立府中ＩＣ,4東八道路,12,0,-,-
75,本宿交番前,鎌倉街道×甲州街道,R4/10,府中,B 国立府中ＩＣ,4東八道路,13,0,-,-
75,本宿交番前,鎌倉街道×甲州街道,R4/10,府中,B 国立府中ＩＣ,4東八道路,14,0,-,-
75,本宿交番前,鎌倉街道×甲州街道,R4/10,府中,B 国立府中ＩＣ,4東八道路,15,0,-,-
75,本宿交番前,鎌倉街道×甲州街道,R4/10,府中,B 国立府中ＩＣ,4東八道路,16,0,-,-
75,本宿交番前,鎌倉街道×甲州街道,R4/10,府中,B 国立府中ＩＣ,4東八道路,17,0,-,-
75,本宿交番前,鎌倉街道×甲州街道,R4/10,府中,B 国立府中ＩＣ,4東八道路,18,0,-,-
75,本宿交番前,鎌倉街道×甲州街道,R4/10,府中,B 国立府中ＩＣ,4東八道路,12時間計,0,-,-
75,本宿交番前,鎌倉街道×甲州街道,R4/10,府中,B 国立府中ＩＣ,5府中市,7,0,-,-
75,本宿交番前,鎌倉街道×甲州街道,R4/10,府中,B 国立府中ＩＣ,5府中市,8,3,-,-
75,本宿交番前,鎌倉街道×甲州街道,R4/10,府中,B 国立府中ＩＣ,5府中市,9,5,-,-
75,本宿交番前,鎌倉街道×甲州街道,R4/10,府中,B 国立府中ＩＣ,5府中市,10,0,-,-
75,本宿交番前,鎌倉街道×甲州街道,R4/10,府中,B 国立府中ＩＣ,5府中市,11,0,-,-
75,本宿交番前,鎌倉街道×甲州街道,R4/10,府中,B 国立府中ＩＣ,5府中市,12,2,-,-
75,本宿交番前,鎌倉街道×甲州街道,R4/10,府中,B 国立府中ＩＣ,5府中市,13,1,-,-
75,本宿交番前,鎌倉街道×甲州街道,R4/10,府中,B 国立府中ＩＣ,5府中市,14,4,-,-
75,本宿交番前,鎌倉街道×甲州街道,R4/10,府中,B 国立府中ＩＣ,5府中市,15,0,-,-
75,本宿交番前,鎌倉街道×甲州街道,R4/10,府中,B 国立府中ＩＣ,5府中市,16,0,-,-
75,本宿交番前,鎌倉街道×甲州街道,R4/10,府中,B 国立府中ＩＣ,5府中市,17,0,-,-
75,本宿交番前,鎌倉街道×甲州街道,R4/10,府中,B 国立府中ＩＣ,5府中市,18,6,-,-
75,本宿交番前,鎌倉街道×甲州街道,R4/10,府中,B 国立府中ＩＣ,5府中市,12時間計,21,-,-
75,本宿交番前,鎌倉街道×甲州街道,R4/10,府中,B 国立府中ＩＣ,6新大栗橋交差点,7,0,-,-
75,本宿交番前,鎌倉街道×甲州街道,R4/10,府中,B 国立府中ＩＣ,6新大栗橋交差点,8,0,-,-
75,本宿交番前,鎌倉街道×甲州街道,R4/10,府中,B 国立府中ＩＣ,6新大栗橋交差点,9,0,-,-
75,本宿交番前,鎌倉街道×甲州街道,R4/10,府中,B 国立府中ＩＣ,6新大栗橋交差点,10,0,-,-
75,本宿交番前,鎌倉街道×甲州街道,R4/10,府中,B 国立府中ＩＣ,6新大栗橋交差点,11,0,-,-
75,本宿交番前,鎌倉街道×甲州街道,R4/10,府中,B 国立府中ＩＣ,6新大栗橋交差点,12,0,-,-
75,本宿交番前,鎌倉街道×甲州街道,R4/10,府中,B 国立府中ＩＣ,6新大栗橋交差点,13,0,-,-
75,本宿交番前,鎌倉街道×甲州街道,R4/10,府中,B 国立府中ＩＣ,6新大栗橋交差点,14,0,-,-
75,本宿交番前,鎌倉街道×甲州街道,R4/10,府中,B 国立府中ＩＣ,6新大栗橋交差点,15,0,-,-
75,本宿交番前,鎌倉街道×甲州街道,R4/10,府中,B 国立府中ＩＣ,6新大栗橋交差点,16,0,-,-
75,本宿交番前,鎌倉街道×甲州街道,R4/10,府中,B 国立府中ＩＣ,6新大栗橋交差点,17,0,-,-
75,本宿交番前,鎌倉街道×甲州街道,R4/10,府中,B 国立府中ＩＣ,6新大栗橋交差点,18,0,-,-
75,本宿交番前,鎌倉街道×甲州街道,R4/10,府中,B 国立府中ＩＣ,6新大栗橋交差点,12時間計,0,-,-
75,本宿交番前,鎌倉街道×甲州街道,R4/10,府中,B 国立府中ＩＣ,流入計,7,0,48,48
75,本宿交番前,鎌倉街道×甲州街道,R4/10,府中,B 国立府中ＩＣ,流入計,8,3,50,53
75,本宿交番前,鎌倉街道×甲州街道,R4/10,府中,B 国立府中ＩＣ,流入計,9,5,32,37
75,本宿交番前,鎌倉街道×甲州街道,R4/10,府中,B 国立府中ＩＣ,流入計,10,0,30,30
75,本宿交番前,鎌倉街道×甲州街道,R4/10,府中,B 国立府中ＩＣ,流入計,11,0,35,35
75,本宿交番前,鎌倉街道×甲州街道,R4/10,府中,B 国立府中ＩＣ,流入計,12,2,22,24
75,本宿交番前,鎌倉街道×甲州街道,R4/10,府中,B 国立府中ＩＣ,流入計,13,1,21,22
75,本宿交番前,鎌倉街道×甲州街道,R4/10,府中,B 国立府中ＩＣ,流入計,14,4,45,49
75,本宿交番前,鎌倉街道×甲州街道,R4/10,府中,B 国立府中ＩＣ,流入計,15,0,36,36
75,本宿交番前,鎌倉街道×甲州街道,R4/10,府中,B 国立府中ＩＣ,流入計,16,0,37,37
75,本宿交番前,鎌倉街道×甲州街道,R4/10,府中,B 国立府中ＩＣ,流入計,17,0,55,55
75,本宿交番前,鎌倉街道×甲州街道,R4/10,府中,B 国立府中ＩＣ,流入計,18,6,32,38
75,本宿交番前,鎌倉街道×甲州街道,R4/10,府中,B 国立府中ＩＣ,流入計,12時間計,21,443,464
75,本宿交番前,鎌倉街道×甲州街道,R4/10,府中,C 新大栗橋交差点,7国立府中ＩＣ,7,0,-,-
75,本宿交番前,鎌倉街道×甲州街道,R4/10,府中,C 新大栗橋交差点,7国立府中ＩＣ,8,0,-,-
75,本宿交番前,鎌倉街道×甲州街道,R4/10,府中,C 新大栗橋交差点,7国立府中ＩＣ,9,0,-,-
75,本宿交番前,鎌倉街道×甲州街道,R4/10,府中,C 新大栗橋交差点,7国立府中ＩＣ,10,0,-,-
75,本宿交番前,鎌倉街道×甲州街道,R4/10,府中,C 新大栗橋交差点,7国立府中ＩＣ,11,0,-,-
75,本宿交番前,鎌倉街道×甲州街道,R4/10,府中,C 新大栗橋交差点,7国立府中ＩＣ,12,0,-,-
75,本宿交番前,鎌倉街道×甲州街道,R4/10,府中,C 新大栗橋交差点,7国立府中ＩＣ,13,0,-,-
75,本宿交番前,鎌倉街道×甲州街道,R4/10,府中,C 新大栗橋交差点,7国立府中ＩＣ,14,0,-,-
75,本宿交番前,鎌倉街道×甲州街道,R4/10,府中,C 新大栗橋交差点,7国立府中ＩＣ,15,0,-,-
75,本宿交番前,鎌倉街道×甲州街道,R4/10,府中,C 新大栗橋交差点,7国立府中ＩＣ,16,0,-,-
75,本宿交番前,鎌倉街道×甲州街道,R4/10,府中,C 新大栗橋交差点,7国立府中ＩＣ,17,0,-,-
75,本宿交番前,鎌倉街道×甲州街道,R4/10,府中,C 新大栗橋交差点,7国立府中ＩＣ,18,0,-,-
75,本宿交番前,鎌倉街道×甲州街道,R4/10,府中,C 新大栗橋交差点,7国立府中ＩＣ,12時間計,0,-,-
75,本宿交番前,鎌倉街道×甲州街道,R4/10,府中,C 新大栗橋交差点,8東八道路,7,12,-,-
75,本宿交番前,鎌倉街道×甲州街道,R4/10,府中,C 新大栗橋交差点,8東八道路,8,9,-,-
75,本宿交番前,鎌倉街道×甲州街道,R4/10,府中,C 新大栗橋交差点,8東八道路,9,1,-,-
75,本宿交番前,鎌倉街道×甲州街道,R4/10,府中,C 新大栗橋交差点,8東八道路,10,1,-,-
75,本宿交番前,鎌倉街道×甲州街道,R4/10,府中,C 新大栗橋交差点,8東八道路,11,0,-,-
75,本宿交番前,鎌倉街道×甲州街道,R4/10,府中,C 新大栗橋交差点,8東八道路,12,0,-,-
75,本宿交番前,鎌倉街道×甲州街道,R4/10,府中,C 新大栗橋交差点,8東八道路,13,0,-,-
75,本宿交番前,鎌倉街道×甲州街道,R4/10,府中,C 新大栗橋交差点,8東八道路,14,4,-,-
75,本宿交番前,鎌倉街道×甲州街道,R4/10,府中,C 新大栗橋交差点,8東八道路,15,6,-,-
75,本宿交番前,鎌倉街道×甲州街道,R4/10,府中,C 新大栗橋交差点,8東八道路,16,8,-,-
75,本宿交番前,鎌倉街道×甲州街道,R4/10,府中,C 新大栗橋交差点,8東八道路,17,4,-,-
75,本宿交番前,鎌倉街道×甲州街道,R4/10,府中,C 新大栗橋交差点,8東八道路,18,10,-,-
75,本宿交番前,鎌倉街道×甲州街道,R4/10,府中,C 新大栗橋交差点,8東八道路,12時間計,55,-,-
75,本宿交番前,鎌倉街道×甲州街道,R4/10,府中,C 新大栗橋交差点,9府中市,7,0,-,-
75,本宿交番前,鎌倉街道×甲州街道,R4/10,府中,C 新大栗橋交差点,9府中市,8,0,-,-
75,本宿交番前,鎌倉街道×甲州街道,R4/10,府中,C 新大栗橋交差点,9府中市,9,0,-,-
75,本宿交番前,鎌倉街道×甲州街道,R4/10,府中,C 新大栗橋交差点,9府中市,10,0,-,-
75,本宿交番前,鎌倉街道×甲州街道,R4/10,府中,C 新大栗橋交差点,9府中市,11,0,-,-
75,本宿交番前,鎌倉街道×甲州街道,R4/10,府中,C 新大栗橋交差点,9府中市,12,0,-,-
75,本宿交番前,鎌倉街道×甲州街道,R4/10,府中,C 新大栗橋交差点,9府中市,13,0,-,-
75,本宿交番前,鎌倉街道×甲州街道,R4/10,府中,C 新大栗橋交差点,9府中市,14,0,-,-
75,本宿交番前,鎌倉街道×甲州街道,R4/10,府中,C 新大栗橋交差点,9府中市,15,0,-,-
75,本宿交番前,鎌倉街道×甲州街道,R4/10,府中,C 新大栗橋交差点,9府中市,16,0,-,-
75,本宿交番前,鎌倉街道×甲州街道,R4/10,府中,C 新大栗橋交差点,9府中市,17,0,-,-
75,本宿交番前,鎌倉街道×甲州街道,R4/10,府中,C 新大栗橋交差点,9府中市,18,0,-,-
75,本宿交番前,鎌倉街道×甲州街道,R4/10,府中,C 新大栗橋交差点,9府中市,12時間計,0,-,-
75,本宿交番前,鎌倉街道×甲州街道,R4/10,府中,C 新大栗橋交差点,流入計,7,12,93,105
75,本宿交番前,鎌倉街道×甲州街道,R4/10,府中,C 新大栗橋交差点,流入計,8,9,86,95
75,本宿交番前,鎌倉街道×甲州街道,R4/10,府中,C 新大栗橋交差点,流入計,9,1,62,63
75,本宿交番前,鎌倉街道×甲州街道,R4/10,府中,C 新大栗橋交差点,流入計,10,1,96,97
75,本宿交番前,鎌倉街道×甲州街道,R4/10,府中,C 新大栗橋交差点,流入計,11,0,86,86
75,本宿交番前,鎌倉街道×甲州街道,R4/10,府中,C 新大栗橋交差点,流入計,12,0,65,65
75,本宿交番前,鎌倉街道×甲州街道,R4/10,府中,C 新大栗橋交差点,流入計,13,0,63,63
75,本宿交番前,鎌倉街道×甲州街道,R4/10,府中,C 新大栗橋交差点,流入計,14,4,72,76
75,本宿交番前,鎌倉街道×甲州街道,R4/10,府中,C 新大栗橋交差点,流入計,15,6,62,68
75,本宿交番前,鎌倉街道×甲州街道,R4/10,府中,C 新大栗橋交差点,流入計,16,8,114,122
75,本宿交番前,鎌倉街道×甲州街道,R4/10,府中,C 新大栗橋交差点,流入計,17,4,117,121
75,本宿交番前,鎌倉街道×甲州街道,R4/10,府中,C 新大栗橋交差点,流入計,18,10,92,102
75,本宿交番前,鎌倉街道×甲州街道,R4/10,府中,C 新大栗橋交差点,流入計,12時間計,55,1008,1063
75,本宿交番前,鎌倉街道×甲州街道,R4/10,府中,D 府中市,10新大栗橋交差点,7,0,-,-
75,本宿交番前,鎌倉街道×甲州街道,R4/10,府中,D 府中市,10新大栗橋交差点,8,0,-,-
75,本宿交番前,鎌倉街道×甲州街道,R4/10,府中,D 府中市,10新大栗橋交差点,9,0,-,-
75,本宿交番前,鎌倉街道×甲州街道,R4/10,府中,D 府中市,10新大栗橋交差点,10,0,-,-
75,本宿交番前,鎌倉街道×甲州街道,R4/10,府中,D 府中市,10新大栗橋交差点,11,0,-,-
75,本宿交番前,鎌倉街道×甲州街道,R4/10,府中,D 府中市,10新大栗橋交差点,12,0,-,-
75,本宿交番前,鎌倉街道×甲州街道,R4/10,府中,D 府中市,10新大栗橋交差点,13,0,-,-
75,本宿交番前,鎌倉街道×甲州街道,R4/10,府中,D 府中市,10新大栗橋交差点,14,0,-,-
75,本宿交番前,鎌倉街道×甲州街道,R4/10,府中,D 府中市,10新大栗橋交差点,15,0,-,-
75,本宿交番前,鎌倉街道×甲州街道,R4/10,府中,D 府中市,10新大栗橋交差点,16,0,-,-
75,本宿交番前,鎌倉街道×甲州街道,R4/10,府中,D 府中市,10新大栗橋交差点,17,0,-,-
75,本宿交番前,鎌倉街道×甲州街道,R4/10,府中,D 府中市,10新大栗橋交差点,18,1,-,-
75,本宿交番前,鎌倉街道×甲州街道,R4/10,府中,D 府中市,10新大栗橋交差点,12時間計,1,-,-
75,本宿交番前,鎌倉街道×甲州街道,R4/10,府中,D 府中市,11国立府中ＩＣ,7,2,-,-
75,本宿交番前,鎌倉街道×甲州街道,R4/10,府中,D 府中市,11国立府中ＩＣ,8,6,-,-
75,本宿交番前,鎌倉街道×甲州街道,R4/10,府中,D 府中市,11国立府中ＩＣ,9,2,-,-
75,本宿交番前,鎌倉街道×甲州街道,R4/10,府中,D 府中市,11国立府中ＩＣ,10,1,-,-
75,本宿交番前,鎌倉街道×甲州街道,R4/10,府中,D 府中市,11国立府中ＩＣ,11,0,-,-
75,本宿交番前,鎌倉街道×甲州街道,R4/10,府中,D 府中市,11国立府中ＩＣ,12,0,-,-
75,本宿交番前,鎌倉街道×甲州街道,R4/10,府中,D 府中市,11国立府中ＩＣ,13,0,-,-
75,本宿交番前,鎌倉街道×甲州街道,R4/10,府中,D 府中市,11国立府中ＩＣ,14,3,-,-
75,本宿交番前,鎌倉街道×甲州街道,R4/10,府中,D 府中市,11国立府中ＩＣ,15,1,-,-
75,本宿交番前,鎌倉街道×甲州街道,R4/10,府中,D 府中市,11国立府中ＩＣ,16,1,-,-
75,本宿交番前,鎌倉街道×甲州街道,R4/10,府中,D 府中市,11国立府中ＩＣ,17,3,-,-
75,本宿交番前,鎌倉街道×甲州街道,R4/10,府中,D 府中市,11国立府中ＩＣ,18,4,-,-
75,本宿交番前,鎌倉街道×甲州街道,R4/10,府中,D 府中市,11国立府中ＩＣ,12時間計,23,-,-
75,本宿交番前,鎌倉街道×甲州街道,R4/10,府中,D 府中市,12東八道路,7,0,-,-
75,本宿交番前,鎌倉街道×甲州街道,R4/10,府中,D 府中市,12東八道路,8,0,-,-
75,本宿交番前,鎌倉街道×甲州街道,R4/10,府中,D 府中市,12東八道路,9,0,-,-
75,本宿交番前,鎌倉街道×甲州街道,R4/10,府中,D 府中市,12東八道路,10,0,-,-
75,本宿交番前,鎌倉街道×甲州街道,R4/10,府中,D 府中市,12東八道路,11,0,-,-
75,本宿交番前,鎌倉街道×甲州街道,R4/10,府中,D 府中市,12東八道路,12,0,-,-
75,本宿交番前,鎌倉街道×甲州街道,R4/10,府中,D 府中市,12東八道路,13,0,-,-
75,本宿交番前,鎌倉街道×甲州街道,R4/10,府中,D 府中市,12東八道路,14,0,-,-
75,本宿交番前,鎌倉街道×甲州街道,R4/10,府中,D 府中市,12東八道路,15,0,-,-
75,本宿交番前,鎌倉街道×甲州街道,R4/10,府中,D 府中市,12東八道路,16,0,-,-
75,本宿交番前,鎌倉街道×甲州街道,R4/10,府中,D 府中市,12東八道路,17,0,-,-
75,本宿交番前,鎌倉街道×甲州街道,R4/10,府中,D 府中市,12東八道路,18,0,-,-
75,本宿交番前,鎌倉街道×甲州街道,R4/10,府中,D 府中市,12東八道路,12時間計,0,-,-
75,本宿交番前,鎌倉街道×甲州街道,R4/10,府中,D 府中市,流入計,7,2,35,37
75,本宿交番前,鎌倉街道×甲州街道,R4/10,府中,D 府中市,流入計,8,6,59,65
75,本宿交番前,鎌倉街道×甲州街道,R4/10,府中,D 府中市,流入計,9,2,21,23
75,本宿交番前,鎌倉街道×甲州街道,R4/10,府中,D 府中市,流入計,10,1,31,32
75,本宿交番前,鎌倉街道×甲州街道,R4/10,府中,D 府中市,流入計,11,0,20,20
75,本宿交番前,鎌倉街道×甲州街道,R4/10,府中,D 府中市,流入計,12,0,32,32
75,本宿交番前,鎌倉街道×甲州街道,R4/10,府中,D 府中市,流入計,13,0,34,34
75,本宿交番前,鎌倉街道×甲州街道,R4/10,府中,D 府中市,流入計,14,3,25,28
75,本宿交番前,鎌倉街道×甲州街道,R4/10,府中,D 府中市,流入計,15,1,49,50
75,本宿交番前,鎌倉街道×甲州街道,R4/10,府中,D 府中市,流入計,16,1,42,43
75,本宿交番前,鎌倉街道×甲州街道,R4/10,府中,D 府中市,流入計,17,3,66,69
75,本宿交番前,鎌倉街道×甲州街道,R4/10,府中,D 府中市,流入計,18,5,37,42
75,本宿交番前,鎌倉街道×甲州街道,R4/10,府中,D 府中市,流入計,12時間計,24,451,475
75,本宿交番前,鎌倉街道×甲州街道,R4/10,府中,全方向計,全方向計,7,36,275,311
75,本宿交番前,鎌倉街道×甲州街道,R4/10,府中,全方向計,全方向計,8,40,342,382
75,本宿交番前,鎌倉街道×甲州街道,R4/10,府中,全方向計,全方向計,9,15,203,218
75,本宿交番前,鎌倉街道×甲州街道,R4/10,府中,全方向計,全方向計,10,6,240,246
75,本宿交番前,鎌倉街道×甲州街道,R4/10,府中,全方向計,全方向計,11,4,238,242
75,本宿交番前,鎌倉街道×甲州街道,R4/10,府中,全方向計,全方向計,12,12,242,254
75,本宿交番前,鎌倉街道×甲州街道,R4/10,府中,全方向計,全方向計,13,6,236,242
75,本宿交番前,鎌倉街道×甲州街道,R4/10,府中,全方向計,全方向計,14,15,228,243
75,本宿交番前,鎌倉街道×甲州街道,R4/10,府中,全方向計,全方向計,15,12,245,257
75,本宿交番前,鎌倉街道×甲州街道,R4/10,府中,全方向計,全方向計,16,20,287,307
75,本宿交番前,鎌倉街道×甲州街道,R4/10,府中,全方向計,全方向計,17,25,409,434
75,本宿交番前,鎌倉街道×甲州街道,R4/10,府中,全方向計,全方向計,18,30,280,310
75,本宿交番前,鎌倉街道×甲州街道,R4/10,府中,全方向計,全方向計,12時間計,221,3225,3446
