﻿地点番号,地点名,交差道路名,調査年月,管轄警察署,流入方向,流出方向,時間帯等,大型乗用,大型貨物,普通乗用,普通貨物,四輪計,二輪車
29,夢の島,明治通り×湾岸道路,R4/11,東京湾岸,A 亀戸,1.浦安,7,3,27,92,88,210,10
29,夢の島,明治通り×湾岸道路,R4/11,東京湾岸,A 亀戸,1.浦安,8,2,58,67,83,210,6
29,夢の島,明治通り×湾岸道路,R4/11,東京湾岸,A 亀戸,1.浦安,9,1,54,40,84,179,4
29,夢の島,明治通り×湾岸道路,R4/11,東京湾岸,A 亀戸,1.浦安,10,4,53,39,89,185,4
29,夢の島,明治通り×湾岸道路,R4/11,東京湾岸,A 亀戸,1.浦安,11,0,68,52,83,203,1
29,夢の島,明治通り×湾岸道路,R4/11,東京湾岸,A 亀戸,1.浦安,12,7,41,56,97,201,5
29,夢の島,明治通り×湾岸道路,R4/11,東京湾岸,A 亀戸,1.浦安,13,8,48,43,104,203,5
29,夢の島,明治通り×湾岸道路,R4/11,東京湾岸,A 亀戸,1.浦安,14,0,55,48,93,196,2
29,夢の島,明治通り×湾岸道路,R4/11,東京湾岸,A 亀戸,1.浦安,15,0,80,66,107,253,5
29,夢の島,明治通り×湾岸道路,R4/11,東京湾岸,A 亀戸,1.浦安,16,0,69,64,105,238,4
29,夢の島,明治通り×湾岸道路,R4/11,東京湾岸,A 亀戸,1.浦安,17,2,56,68,87,213,6
29,夢の島,明治通り×湾岸道路,R4/11,東京湾岸,A 亀戸,1.浦安,18,1,72,95,86,254,15
29,夢の島,明治通り×湾岸道路,R4/11,東京湾岸,A 亀戸,1.浦安,12時間計,28,681,730,1106,2545,67
29,夢の島,明治通り×湾岸道路,R4/11,東京湾岸,A 亀戸,2.１４号地,7,8,42,263,182,495,127
29,夢の島,明治通り×湾岸道路,R4/11,東京湾岸,A 亀戸,2.１４号地,8,30,33,182,166,411,69
29,夢の島,明治通り×湾岸道路,R4/11,東京湾岸,A 亀戸,2.１４号地,9,21,32,112,204,369,21
29,夢の島,明治通り×湾岸道路,R4/11,東京湾岸,A 亀戸,2.１４号地,10,12,35,100,196,343,13
29,夢の島,明治通り×湾岸道路,R4/11,東京湾岸,A 亀戸,2.１４号地,11,5,41,66,222,334,11
29,夢の島,明治通り×湾岸道路,R4/11,東京湾岸,A 亀戸,2.１４号地,12,6,13,75,206,300,5
29,夢の島,明治通り×湾岸道路,R4/11,東京湾岸,A 亀戸,2.１４号地,13,4,37,69,221,331,10
29,夢の島,明治通り×湾岸道路,R4/11,東京湾岸,A 亀戸,2.１４号地,14,8,33,66,198,305,15
29,夢の島,明治通り×湾岸道路,R4/11,東京湾岸,A 亀戸,2.１４号地,15,6,42,81,200,329,11
29,夢の島,明治通り×湾岸道路,R4/11,東京湾岸,A 亀戸,2.１４号地,16,9,40,77,164,290,10
29,夢の島,明治通り×湾岸道路,R4/11,東京湾岸,A 亀戸,2.１４号地,17,15,40,66,176,297,5
29,夢の島,明治通り×湾岸道路,R4/11,東京湾岸,A 亀戸,2.１４号地,18,11,32,50,161,254,7
29,夢の島,明治通り×湾岸道路,R4/11,東京湾岸,A 亀戸,2.１４号地,12時間計,135,420,1207,2296,4058,304
29,夢の島,明治通り×湾岸道路,R4/11,東京湾岸,A 亀戸,3.台場,7,0,12,67,65,144,23
29,夢の島,明治通り×湾岸道路,R4/11,東京湾岸,A 亀戸,3.台場,8,0,18,53,60,131,10
29,夢の島,明治通り×湾岸道路,R4/11,東京湾岸,A 亀戸,3.台場,9,0,27,50,65,142,8
29,夢の島,明治通り×湾岸道路,R4/11,東京湾岸,A 亀戸,3.台場,10,1,16,57,63,137,5
29,夢の島,明治通り×湾岸道路,R4/11,東京湾岸,A 亀戸,3.台場,11,0,28,41,62,131,7
29,夢の島,明治通り×湾岸道路,R4/11,東京湾岸,A 亀戸,3.台場,12,0,14,57,49,120,5
29,夢の島,明治通り×湾岸道路,R4/11,東京湾岸,A 亀戸,3.台場,13,0,24,52,59,135,10
29,夢の島,明治通り×湾岸道路,R4/11,東京湾岸,A 亀戸,3.台場,14,1,23,64,65,153,7
29,夢の島,明治通り×湾岸道路,R4/11,東京湾岸,A 亀戸,3.台場,15,3,19,62,79,163,4
29,夢の島,明治通り×湾岸道路,R4/11,東京湾岸,A 亀戸,3.台場,16,0,22,62,61,145,6
29,夢の島,明治通り×湾岸道路,R4/11,東京湾岸,A 亀戸,3.台場,17,0,22,54,53,129,5
29,夢の島,明治通り×湾岸道路,R4/11,東京湾岸,A 亀戸,3.台場,18,0,16,72,35,123,7
29,夢の島,明治通り×湾岸道路,R4/11,東京湾岸,A 亀戸,3.台場,12時間計,5,241,691,716,1653,97
29,夢の島,明治通り×湾岸道路,R4/11,東京湾岸,A 亀戸,流入計,7,11,81,422,335,849,160
29,夢の島,明治通り×湾岸道路,R4/11,東京湾岸,A 亀戸,流入計,8,32,109,302,309,752,85
29,夢の島,明治通り×湾岸道路,R4/11,東京湾岸,A 亀戸,流入計,9,22,113,202,353,690,33
29,夢の島,明治通り×湾岸道路,R4/11,東京湾岸,A 亀戸,流入計,10,17,104,196,348,665,22
29,夢の島,明治通り×湾岸道路,R4/11,東京湾岸,A 亀戸,流入計,11,5,137,159,367,668,19
29,夢の島,明治通り×湾岸道路,R4/11,東京湾岸,A 亀戸,流入計,12,13,68,188,352,621,15
29,夢の島,明治通り×湾岸道路,R4/11,東京湾岸,A 亀戸,流入計,13,12,109,164,384,669,25
29,夢の島,明治通り×湾岸道路,R4/11,東京湾岸,A 亀戸,流入計,14,9,111,178,356,654,24
29,夢の島,明治通り×湾岸道路,R4/11,東京湾岸,A 亀戸,流入計,15,9,141,209,386,745,20
29,夢の島,明治通り×湾岸道路,R4/11,東京湾岸,A 亀戸,流入計,16,9,131,203,330,673,20
29,夢の島,明治通り×湾岸道路,R4/11,東京湾岸,A 亀戸,流入計,17,17,118,188,316,639,16
29,夢の島,明治通り×湾岸道路,R4/11,東京湾岸,A 亀戸,流入計,18,12,120,217,282,631,29
29,夢の島,明治通り×湾岸道路,R4/11,東京湾岸,A 亀戸,流入計,12時間計,168,1342,2628,4118,8256,468
29,夢の島,明治通り×湾岸道路,R4/11,東京湾岸,B 台場,4.亀戸,7,1,30,50,68,149,4
29,夢の島,明治通り×湾岸道路,R4/11,東京湾岸,B 台場,4.亀戸,8,3,20,44,85,152,6
29,夢の島,明治通り×湾岸道路,R4/11,東京湾岸,B 台場,4.亀戸,9,1,27,41,63,132,3
29,夢の島,明治通り×湾岸道路,R4/11,東京湾岸,B 台場,4.亀戸,10,1,23,40,69,133,4
29,夢の島,明治通り×湾岸道路,R4/11,東京湾岸,B 台場,4.亀戸,11,0,21,41,70,132,7
29,夢の島,明治通り×湾岸道路,R4/11,東京湾岸,B 台場,4.亀戸,12,0,24,55,63,142,11
29,夢の島,明治通り×湾岸道路,R4/11,東京湾岸,B 台場,4.亀戸,13,0,18,45,96,159,8
29,夢の島,明治通り×湾岸道路,R4/11,東京湾岸,B 台場,4.亀戸,14,0,24,60,79,163,7
29,夢の島,明治通り×湾岸道路,R4/11,東京湾岸,B 台場,4.亀戸,15,2,23,53,58,136,10
29,夢の島,明治通り×湾岸道路,R4/11,東京湾岸,B 台場,4.亀戸,16,2,30,55,65,152,20
29,夢の島,明治通り×湾岸道路,R4/11,東京湾岸,B 台場,4.亀戸,17,4,23,61,66,154,16
29,夢の島,明治通り×湾岸道路,R4/11,東京湾岸,B 台場,4.亀戸,18,3,32,70,70,175,14
29,夢の島,明治通り×湾岸道路,R4/11,東京湾岸,B 台場,4.亀戸,12時間計,17,295,615,852,1779,110
29,夢の島,明治通り×湾岸道路,R4/11,東京湾岸,B 台場,5.浦安,7,2,11,70,71,154,6
29,夢の島,明治通り×湾岸道路,R4/11,東京湾岸,B 台場,5.浦安,8,1,25,76,101,203,5
29,夢の島,明治通り×湾岸道路,R4/11,東京湾岸,B 台場,5.浦安,9,0,37,42,117,196,2
29,夢の島,明治通り×湾岸道路,R4/11,東京湾岸,B 台場,5.浦安,10,0,50,54,150,254,7
29,夢の島,明治通り×湾岸道路,R4/11,東京湾岸,B 台場,5.浦安,11,2,48,41,139,230,7
29,夢の島,明治通り×湾岸道路,R4/11,東京湾岸,B 台場,5.浦安,12,4,20,56,114,194,7
29,夢の島,明治通り×湾岸道路,R4/11,東京湾岸,B 台場,5.浦安,13,0,26,56,159,241,8
29,夢の島,明治通り×湾岸道路,R4/11,東京湾岸,B 台場,5.浦安,14,6,67,58,136,267,5
29,夢の島,明治通り×湾岸道路,R4/11,東京湾岸,B 台場,5.浦安,15,0,82,47,88,217,5
29,夢の島,明治通り×湾岸道路,R4/11,東京湾岸,B 台場,5.浦安,16,0,69,76,91,236,7
29,夢の島,明治通り×湾岸道路,R4/11,東京湾岸,B 台場,5.浦安,17,2,59,100,99,260,11
29,夢の島,明治通り×湾岸道路,R4/11,東京湾岸,B 台場,5.浦安,18,0,27,117,72,216,9
29,夢の島,明治通り×湾岸道路,R4/11,東京湾岸,B 台場,5.浦安,12時間計,17,521,793,1337,2668,79
29,夢の島,明治通り×湾岸道路,R4/11,東京湾岸,B 台場,6.１４号地,7,0,4,47,32,83,7
29,夢の島,明治通り×湾岸道路,R4/11,東京湾岸,B 台場,6.１４号地,8,1,1,55,54,111,7
29,夢の島,明治通り×湾岸道路,R4/11,東京湾岸,B 台場,6.１４号地,9,1,3,35,61,100,5
29,夢の島,明治通り×湾岸道路,R4/11,東京湾岸,B 台場,6.１４号地,10,1,3,29,76,109,4
29,夢の島,明治通り×湾岸道路,R4/11,東京湾岸,B 台場,6.１４号地,11,1,2,23,69,95,6
29,夢の島,明治通り×湾岸道路,R4/11,東京湾岸,B 台場,6.１４号地,12,1,3,16,56,76,2
29,夢の島,明治通り×湾岸道路,R4/11,東京湾岸,B 台場,6.１４号地,13,1,2,23,68,94,0
29,夢の島,明治通り×湾岸道路,R4/11,東京湾岸,B 台場,6.１４号地,14,1,1,18,60,80,4
29,夢の島,明治通り×湾岸道路,R4/11,東京湾岸,B 台場,6.１４号地,15,1,4,16,53,74,0
29,夢の島,明治通り×湾岸道路,R4/11,東京湾岸,B 台場,6.１４号地,16,1,3,21,45,70,2
29,夢の島,明治通り×湾岸道路,R4/11,東京湾岸,B 台場,6.１４号地,17,1,2,18,39,60,4
29,夢の島,明治通り×湾岸道路,R4/11,東京湾岸,B 台場,6.１４号地,18,2,2,12,72,88,0
29,夢の島,明治通り×湾岸道路,R4/11,東京湾岸,B 台場,6.１４号地,12時間計,12,30,313,685,1040,41
29,夢の島,明治通り×湾岸道路,R4/11,東京湾岸,B 台場,7.浦安,7,23,244,711,322,1300,120
29,夢の島,明治通り×湾岸道路,R4/11,東京湾岸,B 台場,7.浦安,8,11,196,500,272,979,87
29,夢の島,明治通り×湾岸道路,R4/11,東京湾岸,B 台場,7.浦安,9,8,123,378,273,782,47
29,夢の島,明治通り×湾岸道路,R4/11,東京湾岸,B 台場,7.浦安,10,6,276,327,343,952,48
29,夢の島,明治通り×湾岸道路,R4/11,東京湾岸,B 台場,7.浦安,11,7,294,379,363,1043,40
29,夢の島,明治通り×湾岸道路,R4/11,東京湾岸,B 台場,7.浦安,12,4,287,437,325,1053,53
29,夢の島,明治通り×湾岸道路,R4/11,東京湾岸,B 台場,7.浦安,13,6,207,603,256,1072,46
29,夢の島,明治通り×湾岸道路,R4/11,東京湾岸,B 台場,7.浦安,14,12,222,564,235,1033,43
29,夢の島,明治通り×湾岸道路,R4/11,東京湾岸,B 台場,7.浦安,15,7,236,451,286,980,55
29,夢の島,明治通り×湾岸道路,R4/11,東京湾岸,B 台場,7.浦安,16,6,242,651,252,1151,66
29,夢の島,明治通り×湾岸道路,R4/11,東京湾岸,B 台場,7.浦安,17,9,175,679,238,1101,106
29,夢の島,明治通り×湾岸道路,R4/11,東京湾岸,B 台場,7.浦安,18,12,184,726,221,1143,83
29,夢の島,明治通り×湾岸道路,R4/11,東京湾岸,B 台場,7.浦安,12時間計,111,2686,6406,3386,12589,794
29,夢の島,明治通り×湾岸道路,R4/11,東京湾岸,B 台場,流入計,7,26,289,878,493,1686,137
29,夢の島,明治通り×湾岸道路,R4/11,東京湾岸,B 台場,流入計,8,16,242,675,512,1445,105
29,夢の島,明治通り×湾岸道路,R4/11,東京湾岸,B 台場,流入計,9,10,190,496,514,1210,57
29,夢の島,明治通り×湾岸道路,R4/11,東京湾岸,B 台場,流入計,10,8,352,450,638,1448,63
29,夢の島,明治通り×湾岸道路,R4/11,東京湾岸,B 台場,流入計,11,10,365,484,641,1500,60
29,夢の島,明治通り×湾岸道路,R4/11,東京湾岸,B 台場,流入計,12,9,334,564,558,1465,73
29,夢の島,明治通り×湾岸道路,R4/11,東京湾岸,B 台場,流入計,13,7,253,727,579,1566,62
29,夢の島,明治通り×湾岸道路,R4/11,東京湾岸,B 台場,流入計,14,19,314,700,510,1543,59
29,夢の島,明治通り×湾岸道路,R4/11,東京湾岸,B 台場,流入計,15,10,345,567,485,1407,70
29,夢の島,明治通り×湾岸道路,R4/11,東京湾岸,B 台場,流入計,16,9,344,803,453,1609,95
29,夢の島,明治通り×湾岸道路,R4/11,東京湾岸,B 台場,流入計,17,16,259,858,442,1575,137
29,夢の島,明治通り×湾岸道路,R4/11,東京湾岸,B 台場,流入計,18,17,245,925,435,1622,106
29,夢の島,明治通り×湾岸道路,R4/11,東京湾岸,B 台場,流入計,12時間計,157,3532,8127,6260,18076,1024
29,夢の島,明治通り×湾岸道路,R4/11,東京湾岸,C １４号地,8.台場,7,1,5,13,40,59,3
29,夢の島,明治通り×湾岸道路,R4/11,東京湾岸,C １４号地,8.台場,8,3,3,10,52,68,1
29,夢の島,明治通り×湾岸道路,R4/11,東京湾岸,C １４号地,8.台場,9,0,5,11,62,78,1
29,夢の島,明治通り×湾岸道路,R4/11,東京湾岸,C １４号地,8.台場,10,0,2,18,47,67,2
29,夢の島,明治通り×湾岸道路,R4/11,東京湾岸,C １４号地,8.台場,11,0,12,34,44,90,3
29,夢の島,明治通り×湾岸道路,R4/11,東京湾岸,C １４号地,8.台場,12,1,5,21,43,70,4
29,夢の島,明治通り×湾岸道路,R4/11,東京湾岸,C １４号地,8.台場,13,0,11,19,45,75,3
29,夢の島,明治通り×湾岸道路,R4/11,東京湾岸,C １４号地,8.台場,14,1,14,25,70,110,5
29,夢の島,明治通り×湾岸道路,R4/11,東京湾岸,C １４号地,8.台場,15,1,7,29,42,79,2
29,夢の島,明治通り×湾岸道路,R4/11,東京湾岸,C １４号地,8.台場,16,1,2,30,51,84,1
29,夢の島,明治通り×湾岸道路,R4/11,東京湾岸,C １４号地,8.台場,17,0,8,47,34,89,4
29,夢の島,明治通り×湾岸道路,R4/11,東京湾岸,C １４号地,8.台場,18,1,16,34,39,90,3
29,夢の島,明治通り×湾岸道路,R4/11,東京湾岸,C １４号地,8.台場,12時間計,9,90,291,569,959,32
29,夢の島,明治通り×湾岸道路,R4/11,東京湾岸,C １４号地,9.亀戸,7,16,34,82,187,319,10
29,夢の島,明治通り×湾岸道路,R4/11,東京湾岸,C １４号地,9.亀戸,8,20,27,77,262,386,5
29,夢の島,明治通り×湾岸道路,R4/11,東京湾岸,C １４号地,9.亀戸,9,20,29,74,309,432,14
29,夢の島,明治通り×湾岸道路,R4/11,東京湾岸,C １４号地,9.亀戸,10,10,26,53,238,327,20
29,夢の島,明治通り×湾岸道路,R4/11,東京湾岸,C １４号地,9.亀戸,11,9,47,92,249,397,18
29,夢の島,明治通り×湾岸道路,R4/11,東京湾岸,C １４号地,9.亀戸,12,5,38,67,164,274,16
29,夢の島,明治通り×湾岸道路,R4/11,東京湾岸,C １４号地,9.亀戸,13,6,25,67,249,347,13
29,夢の島,明治通り×湾岸道路,R4/11,東京湾岸,C １４号地,9.亀戸,14,5,27,105,269,406,19
29,夢の島,明治通り×湾岸道路,R4/11,東京湾岸,C １４号地,9.亀戸,15,9,30,134,188,361,34
29,夢の島,明治通り×湾岸道路,R4/11,東京湾岸,C １４号地,9.亀戸,16,16,32,154,183,385,54
29,夢の島,明治通り×湾岸道路,R4/11,東京湾岸,C １４号地,9.亀戸,17,31,72,247,128,478,93
29,夢の島,明治通り×湾岸道路,R4/11,東京湾岸,C １４号地,9.亀戸,18,13,54,177,84,328,81
29,夢の島,明治通り×湾岸道路,R4/11,東京湾岸,C １４号地,9.亀戸,12時間計,160,441,1329,2510,4440,377
29,夢の島,明治通り×湾岸道路,R4/11,東京湾岸,C １４号地,10.浦安,7,0,16,47,97,160,0
29,夢の島,明治通り×湾岸道路,R4/11,東京湾岸,C １４号地,10.浦安,8,0,24,26,72,122,0
29,夢の島,明治通り×湾岸道路,R4/11,東京湾岸,C １４号地,10.浦安,9,0,22,25,89,136,1
29,夢の島,明治通り×湾岸道路,R4/11,東京湾岸,C １４号地,10.浦安,10,1,22,23,82,128,1
29,夢の島,明治通り×湾岸道路,R4/11,東京湾岸,C １４号地,10.浦安,11,1,36,23,99,159,0
29,夢の島,明治通り×湾岸道路,R4/11,東京湾岸,C １４号地,10.浦安,12,0,49,23,37,109,1
29,夢の島,明治通り×湾岸道路,R4/11,東京湾岸,C １４号地,10.浦安,13,0,23,42,79,144,2
29,夢の島,明治通り×湾岸道路,R4/11,東京湾岸,C １４号地,10.浦安,14,0,17,38,91,146,0
29,夢の島,明治通り×湾岸道路,R4/11,東京湾岸,C １４号地,10.浦安,15,0,23,44,76,143,0
29,夢の島,明治通り×湾岸道路,R4/11,東京湾岸,C １４号地,10.浦安,16,0,17,48,67,132,3
29,夢の島,明治通り×湾岸道路,R4/11,東京湾岸,C １４号地,10.浦安,17,0,39,95,31,165,8
29,夢の島,明治通り×湾岸道路,R4/11,東京湾岸,C １４号地,10.浦安,18,0,34,61,27,122,5
29,夢の島,明治通り×湾岸道路,R4/11,東京湾岸,C １４号地,10.浦安,12時間計,2,322,495,847,1666,21
29,夢の島,明治通り×湾岸道路,R4/11,東京湾岸,C １４号地,流入計,7,17,55,142,324,538,13
29,夢の島,明治通り×湾岸道路,R4/11,東京湾岸,C １４号地,流入計,8,23,54,113,386,576,6
29,夢の島,明治通り×湾岸道路,R4/11,東京湾岸,C １４号地,流入計,9,20,56,110,460,646,16
29,夢の島,明治通り×湾岸道路,R4/11,東京湾岸,C １４号地,流入計,10,11,50,94,367,522,23
29,夢の島,明治通り×湾岸道路,R4/11,東京湾岸,C １４号地,流入計,11,10,95,149,392,646,21
29,夢の島,明治通り×湾岸道路,R4/11,東京湾岸,C １４号地,流入計,12,6,92,111,244,453,21
29,夢の島,明治通り×湾岸道路,R4/11,東京湾岸,C １４号地,流入計,13,6,59,128,373,566,18
29,夢の島,明治通り×湾岸道路,R4/11,東京湾岸,C １４号地,流入計,14,6,58,168,430,662,24
29,夢の島,明治通り×湾岸道路,R4/11,東京湾岸,C １４号地,流入計,15,10,60,207,306,583,36
29,夢の島,明治通り×湾岸道路,R4/11,東京湾岸,C １４号地,流入計,16,17,51,232,301,601,58
29,夢の島,明治通り×湾岸道路,R4/11,東京湾岸,C １４号地,流入計,17,31,119,389,193,732,105
29,夢の島,明治通り×湾岸道路,R4/11,東京湾岸,C １４号地,流入計,18,14,104,272,150,540,89
29,夢の島,明治通り×湾岸道路,R4/11,東京湾岸,C １４号地,流入計,12時間計,171,853,2115,3926,7065,430
29,夢の島,明治通り×湾岸道路,R4/11,東京湾岸,D 浦安,11.１４号地,7,0,20,281,96,397,19
29,夢の島,明治通り×湾岸道路,R4/11,東京湾岸,D 浦安,11.１４号地,8,0,104,160,94,358,16
29,夢の島,明治通り×湾岸道路,R4/11,東京湾岸,D 浦安,11.１４号地,9,1,86,77,127,291,3
29,夢の島,明治通り×湾岸道路,R4/11,東京湾岸,D 浦安,11.１４号地,10,0,99,54,175,328,2
29,夢の島,明治通り×湾岸道路,R4/11,東京湾岸,D 浦安,11.１４号地,11,3,74,48,179,304,0
29,夢の島,明治通り×湾岸道路,R4/11,東京湾岸,D 浦安,11.１４号地,12,0,49,49,151,249,1
29,夢の島,明治通り×湾岸道路,R4/11,東京湾岸,D 浦安,11.１４号地,13,0,37,37,135,209,4
29,夢の島,明治通り×湾岸道路,R4/11,東京湾岸,D 浦安,11.１４号地,14,0,74,43,114,231,2
29,夢の島,明治通り×湾岸道路,R4/11,東京湾岸,D 浦安,11.１４号地,15,0,70,48,100,218,2
29,夢の島,明治通り×湾岸道路,R4/11,東京湾岸,D 浦安,11.１４号地,16,1,28,42,131,202,2
29,夢の島,明治通り×湾岸道路,R4/11,東京湾岸,D 浦安,11.１４号地,17,1,19,40,143,203,3
29,夢の島,明治通り×湾岸道路,R4/11,東京湾岸,D 浦安,11.１４号地,18,0,37,28,144,209,2
29,夢の島,明治通り×湾岸道路,R4/11,東京湾岸,D 浦安,11.１４号地,12時間計,6,697,907,1589,3199,56
29,夢の島,明治通り×湾岸道路,R4/11,東京湾岸,D 浦安,12.台場,7,1,38,78,62,179,18
29,夢の島,明治通り×湾岸道路,R4/11,東京湾岸,D 浦安,12.台場,8,0,45,120,83,248,12
29,夢の島,明治通り×湾岸道路,R4/11,東京湾岸,D 浦安,12.台場,9,0,56,74,64,194,10
29,夢の島,明治通り×湾岸道路,R4/11,東京湾岸,D 浦安,12.台場,10,1,64,54,81,200,7
29,夢の島,明治通り×湾岸道路,R4/11,東京湾岸,D 浦安,12.台場,11,2,49,55,85,191,5
29,夢の島,明治通り×湾岸道路,R4/11,東京湾岸,D 浦安,12.台場,12,0,48,53,53,154,4
29,夢の島,明治通り×湾岸道路,R4/11,東京湾岸,D 浦安,12.台場,13,0,74,51,68,193,3
29,夢の島,明治通り×湾岸道路,R4/11,東京湾岸,D 浦安,12.台場,14,1,77,77,72,227,6
29,夢の島,明治通り×湾岸道路,R4/11,東京湾岸,D 浦安,12.台場,15,2,63,74,76,215,14
29,夢の島,明治通り×湾岸道路,R4/11,東京湾岸,D 浦安,12.台場,16,2,43,85,61,191,5
29,夢の島,明治通り×湾岸道路,R4/11,東京湾岸,D 浦安,12.台場,17,2,31,83,59,175,8
29,夢の島,明治通り×湾岸道路,R4/11,東京湾岸,D 浦安,12.台場,18,1,26,53,59,139,7
29,夢の島,明治通り×湾岸道路,R4/11,東京湾岸,D 浦安,12.台場,12時間計,12,614,857,823,2306,99
29,夢の島,明治通り×湾岸道路,R4/11,東京湾岸,D 浦安,13.亀戸,7,11,40,105,136,292,10
29,夢の島,明治通り×湾岸道路,R4/11,東京湾岸,D 浦安,13.亀戸,8,10,56,87,168,321,13
29,夢の島,明治通り×湾岸道路,R4/11,東京湾岸,D 浦安,13.亀戸,9,7,45,57,133,242,6
29,夢の島,明治通り×湾岸道路,R4/11,東京湾岸,D 浦安,13.亀戸,10,2,50,36,136,224,1
29,夢の島,明治通り×湾岸道路,R4/11,東京湾岸,D 浦安,13.亀戸,11,1,83,36,94,214,3
29,夢の島,明治通り×湾岸道路,R4/11,東京湾岸,D 浦安,13.亀戸,12,2,68,59,100,229,3
29,夢の島,明治通り×湾岸道路,R4/11,東京湾岸,D 浦安,13.亀戸,13,0,54,68,126,248,3
29,夢の島,明治通り×湾岸道路,R4/11,東京湾岸,D 浦安,13.亀戸,14,5,70,82,122,279,5
29,夢の島,明治通り×湾岸道路,R4/11,東京湾岸,D 浦安,13.亀戸,15,1,69,89,105,264,8
29,夢の島,明治通り×湾岸道路,R4/11,東京湾岸,D 浦安,13.亀戸,16,1,73,79,120,273,6
29,夢の島,明治通り×湾岸道路,R4/11,東京湾岸,D 浦安,13.亀戸,17,2,121,124,58,305,19
29,夢の島,明治通り×湾岸道路,R4/11,東京湾岸,D 浦安,13.亀戸,18,1,142,89,26,258,11
29,夢の島,明治通り×湾岸道路,R4/11,東京湾岸,D 浦安,13.亀戸,12時間計,43,871,911,1324,3149,88
29,夢の島,明治通り×湾岸道路,R4/11,東京湾岸,D 浦安,14.台場,7,6,244,570,263,1083,145
29,夢の島,明治通り×湾岸道路,R4/11,東京湾岸,D 浦安,14.台場,8,16,334,599,441,1390,99
29,夢の島,明治通り×湾岸道路,R4/11,東京湾岸,D 浦安,14.台場,9,21,338,520,367,1246,67
29,夢の島,明治通り×湾岸道路,R4/11,東京湾岸,D 浦安,14.台場,10,11,318,507,294,1130,50
29,夢の島,明治通り×湾岸道路,R4/11,東京湾岸,D 浦安,14.台場,11,3,264,518,266,1051,32
29,夢の島,明治通り×湾岸道路,R4/11,東京湾岸,D 浦安,14.台場,12,3,319,403,197,922,38
29,夢の島,明治通り×湾岸道路,R4/11,東京湾岸,D 浦安,14.台場,13,10,294,418,247,969,46
29,夢の島,明治通り×湾岸道路,R4/11,東京湾岸,D 浦安,14.台場,14,13,267,368,220,868,24
29,夢の島,明治通り×湾岸道路,R4/11,東京湾岸,D 浦安,14.台場,15,7,262,405,261,935,39
29,夢の島,明治通り×湾岸道路,R4/11,東京湾岸,D 浦安,14.台場,16,8,128,606,166,908,37
29,夢の島,明治通り×湾岸道路,R4/11,東京湾岸,D 浦安,14.台場,17,5,100,705,177,987,41
29,夢の島,明治通り×湾岸道路,R4/11,東京湾岸,D 浦安,14.台場,18,1,151,792,194,1138,53
29,夢の島,明治通り×湾岸道路,R4/11,東京湾岸,D 浦安,14.台場,12時間計,104,3019,6411,3093,12627,671
29,夢の島,明治通り×湾岸道路,R4/11,東京湾岸,D 浦安,流入計,7,18,342,1034,557,1951,192
29,夢の島,明治通り×湾岸道路,R4/11,東京湾岸,D 浦安,流入計,8,26,539,966,786,2317,140
29,夢の島,明治通り×湾岸道路,R4/11,東京湾岸,D 浦安,流入計,9,29,525,728,691,1973,86
29,夢の島,明治通り×湾岸道路,R4/11,東京湾岸,D 浦安,流入計,10,14,531,651,686,1882,60
29,夢の島,明治通り×湾岸道路,R4/11,東京湾岸,D 浦安,流入計,11,9,470,657,624,1760,40
29,夢の島,明治通り×湾岸道路,R4/11,東京湾岸,D 浦安,流入計,12,5,484,564,501,1554,46
29,夢の島,明治通り×湾岸道路,R4/11,東京湾岸,D 浦安,流入計,13,10,459,574,576,1619,56
29,夢の島,明治通り×湾岸道路,R4/11,東京湾岸,D 浦安,流入計,14,19,488,570,528,1605,37
29,夢の島,明治通り×湾岸道路,R4/11,東京湾岸,D 浦安,流入計,15,10,464,616,542,1632,63
29,夢の島,明治通り×湾岸道路,R4/11,東京湾岸,D 浦安,流入計,16,12,272,812,478,1574,50
29,夢の島,明治通り×湾岸道路,R4/11,東京湾岸,D 浦安,流入計,17,10,271,952,437,1670,71
29,夢の島,明治通り×湾岸道路,R4/11,東京湾岸,D 浦安,流入計,18,3,356,962,423,1744,73
29,夢の島,明治通り×湾岸道路,R4/11,東京湾岸,D 浦安,流入計,12時間計,165,5201,9086,6829,21281,914
