﻿地点番号,地点名,交差道路名,調査年月,管轄警察署,流入方向,流出方向,時間帯等,大型乗用,大型貨物,普通乗用,普通貨物,四輪計,二輪車
49,葛西臨海公園,環七通り×湾岸道路,R4/11,葛西,A 一之江一丁目,1.浦安,7,4,69,271,86,430,30
49,葛西臨海公園,環七通り×湾岸道路,R4/11,葛西,A 一之江一丁目,1.浦安,8,3,75,224,102,404,16
49,葛西臨海公園,環七通り×湾岸道路,R4/11,葛西,A 一之江一丁目,1.浦安,9,4,36,208,156,404,5
49,葛西臨海公園,環七通り×湾岸道路,R4/11,葛西,A 一之江一丁目,1.浦安,10,1,28,175,136,340,3
49,葛西臨海公園,環七通り×湾岸道路,R4/11,葛西,A 一之江一丁目,1.浦安,11,1,49,127,91,268,11
49,葛西臨海公園,環七通り×湾岸道路,R4/11,葛西,A 一之江一丁目,1.浦安,12,1,32,130,108,271,10
49,葛西臨海公園,環七通り×湾岸道路,R4/11,葛西,A 一之江一丁目,1.浦安,13,3,47,148,101,299,9
49,葛西臨海公園,環七通り×湾岸道路,R4/11,葛西,A 一之江一丁目,1.浦安,14,6,52,138,109,305,6
49,葛西臨海公園,環七通り×湾岸道路,R4/11,葛西,A 一之江一丁目,1.浦安,15,1,38,139,131,309,17
49,葛西臨海公園,環七通り×湾岸道路,R4/11,葛西,A 一之江一丁目,1.浦安,16,3,26,136,123,288,10
49,葛西臨海公園,環七通り×湾岸道路,R4/11,葛西,A 一之江一丁目,1.浦安,17,7,40,189,88,324,13
49,葛西臨海公園,環七通り×湾岸道路,R4/11,葛西,A 一之江一丁目,1.浦安,18,4,31,201,58,294,12
49,葛西臨海公園,環七通り×湾岸道路,R4/11,葛西,A 一之江一丁目,1.浦安,12時間計,38,523,2086,1289,3936,142
49,葛西臨海公園,環七通り×湾岸道路,R4/11,葛西,A 一之江一丁目,2.葛西臨海公園,7,29,2,65,7,103,13
49,葛西臨海公園,環七通り×湾岸道路,R4/11,葛西,A 一之江一丁目,2.葛西臨海公園,8,27,7,63,15,112,4
49,葛西臨海公園,環七通り×湾岸道路,R4/11,葛西,A 一之江一丁目,2.葛西臨海公園,9,22,2,44,12,80,5
49,葛西臨海公園,環七通り×湾岸道路,R4/11,葛西,A 一之江一丁目,2.葛西臨海公園,10,22,3,52,12,89,5
49,葛西臨海公園,環七通り×湾岸道路,R4/11,葛西,A 一之江一丁目,2.葛西臨海公園,11,18,3,44,5,70,1
49,葛西臨海公園,環七通り×湾岸道路,R4/11,葛西,A 一之江一丁目,2.葛西臨海公園,12,11,1,36,7,55,5
49,葛西臨海公園,環七通り×湾岸道路,R4/11,葛西,A 一之江一丁目,2.葛西臨海公園,13,11,1,31,13,56,1
49,葛西臨海公園,環七通り×湾岸道路,R4/11,葛西,A 一之江一丁目,2.葛西臨海公園,14,10,3,14,3,30,3
49,葛西臨海公園,環七通り×湾岸道路,R4/11,葛西,A 一之江一丁目,2.葛西臨海公園,15,11,0,22,7,40,0
49,葛西臨海公園,環七通り×湾岸道路,R4/11,葛西,A 一之江一丁目,2.葛西臨海公園,16,20,2,37,9,68,7
49,葛西臨海公園,環七通り×湾岸道路,R4/11,葛西,A 一之江一丁目,2.葛西臨海公園,17,13,4,32,6,55,1
49,葛西臨海公園,環七通り×湾岸道路,R4/11,葛西,A 一之江一丁目,2.葛西臨海公園,18,18,0,29,2,49,1
49,葛西臨海公園,環七通り×湾岸道路,R4/11,葛西,A 一之江一丁目,2.葛西臨海公園,12時間計,212,28,469,98,807,46
49,葛西臨海公園,環七通り×湾岸道路,R4/11,葛西,A 一之江一丁目,3.東雲,7,9,126,422,227,784,46
49,葛西臨海公園,環七通り×湾岸道路,R4/11,葛西,A 一之江一丁目,3.東雲,8,9,107,353,297,766,45
49,葛西臨海公園,環七通り×湾岸道路,R4/11,葛西,A 一之江一丁目,3.東雲,9,4,121,226,363,714,15
49,葛西臨海公園,環七通り×湾岸道路,R4/11,葛西,A 一之江一丁目,3.東雲,10,4,146,259,260,669,20
49,葛西臨海公園,環七通り×湾岸道路,R4/11,葛西,A 一之江一丁目,3.東雲,11,8,114,268,140,530,6
49,葛西臨海公園,環七通り×湾岸道路,R4/11,葛西,A 一之江一丁目,3.東雲,12,8,113,239,118,478,10
49,葛西臨海公園,環七通り×湾岸道路,R4/11,葛西,A 一之江一丁目,3.東雲,13,4,118,250,238,610,15
49,葛西臨海公園,環七通り×湾岸道路,R4/11,葛西,A 一之江一丁目,3.東雲,14,5,93,224,230,552,9
49,葛西臨海公園,環七通り×湾岸道路,R4/11,葛西,A 一之江一丁目,3.東雲,15,5,52,285,242,584,11
49,葛西臨海公園,環七通り×湾岸道路,R4/11,葛西,A 一之江一丁目,3.東雲,16,5,64,296,218,583,11
49,葛西臨海公園,環七通り×湾岸道路,R4/11,葛西,A 一之江一丁目,3.東雲,17,14,45,332,158,549,1
49,葛西臨海公園,環七通り×湾岸道路,R4/11,葛西,A 一之江一丁目,3.東雲,18,13,48,257,117,435,13
49,葛西臨海公園,環七通り×湾岸道路,R4/11,葛西,A 一之江一丁目,3.東雲,12時間計,88,1147,3411,2608,7254,202
49,葛西臨海公園,環七通り×湾岸道路,R4/11,葛西,A 一之江一丁目,流入計,7,42,197,758,320,1317,89
49,葛西臨海公園,環七通り×湾岸道路,R4/11,葛西,A 一之江一丁目,流入計,8,39,189,640,414,1282,65
49,葛西臨海公園,環七通り×湾岸道路,R4/11,葛西,A 一之江一丁目,流入計,9,30,159,478,531,1198,25
49,葛西臨海公園,環七通り×湾岸道路,R4/11,葛西,A 一之江一丁目,流入計,10,27,177,486,408,1098,28
49,葛西臨海公園,環七通り×湾岸道路,R4/11,葛西,A 一之江一丁目,流入計,11,27,166,439,236,868,18
49,葛西臨海公園,環七通り×湾岸道路,R4/11,葛西,A 一之江一丁目,流入計,12,20,146,405,233,804,25
49,葛西臨海公園,環七通り×湾岸道路,R4/11,葛西,A 一之江一丁目,流入計,13,18,166,429,352,965,25
49,葛西臨海公園,環七通り×湾岸道路,R4/11,葛西,A 一之江一丁目,流入計,14,21,148,376,342,887,18
49,葛西臨海公園,環七通り×湾岸道路,R4/11,葛西,A 一之江一丁目,流入計,15,17,90,446,380,933,28
49,葛西臨海公園,環七通り×湾岸道路,R4/11,葛西,A 一之江一丁目,流入計,16,28,92,469,350,939,28
49,葛西臨海公園,環七通り×湾岸道路,R4/11,葛西,A 一之江一丁目,流入計,17,34,89,553,252,928,15
49,葛西臨海公園,環七通り×湾岸道路,R4/11,葛西,A 一之江一丁目,流入計,18,35,79,487,177,778,26
49,葛西臨海公園,環七通り×湾岸道路,R4/11,葛西,A 一之江一丁目,流入計,12時間計,338,1698,5966,3995,11997,390
49,葛西臨海公園,環七通り×湾岸道路,R4/11,葛西,B 東雲,4.一之江一丁目,7,4,39,168,155,366,10
49,葛西臨海公園,環七通り×湾岸道路,R4/11,葛西,B 東雲,4.一之江一丁目,8,12,74,192,134,412,9
49,葛西臨海公園,環七通り×湾岸道路,R4/11,葛西,B 東雲,4.一之江一丁目,9,3,105,218,216,542,12
49,葛西臨海公園,環七通り×湾岸道路,R4/11,葛西,B 東雲,4.一之江一丁目,10,9,81,265,185,540,14
49,葛西臨海公園,環七通り×湾岸道路,R4/11,葛西,B 東雲,4.一之江一丁目,11,6,97,267,188,558,12
49,葛西臨海公園,環七通り×湾岸道路,R4/11,葛西,B 東雲,4.一之江一丁目,12,2,77,277,247,603,19
49,葛西臨海公園,環七通り×湾岸道路,R4/11,葛西,B 東雲,4.一之江一丁目,13,8,75,295,277,655,26
49,葛西臨海公園,環七通り×湾岸道路,R4/11,葛西,B 東雲,4.一之江一丁目,14,9,103,260,304,676,21
49,葛西臨海公園,環七通り×湾岸道路,R4/11,葛西,B 東雲,4.一之江一丁目,15,5,158,243,295,701,21
49,葛西臨海公園,環七通り×湾岸道路,R4/11,葛西,B 東雲,4.一之江一丁目,16,6,153,465,285,909,34
49,葛西臨海公園,環七通り×湾岸道路,R4/11,葛西,B 東雲,4.一之江一丁目,17,8,98,525,306,937,79
49,葛西臨海公園,環七通り×湾岸道路,R4/11,葛西,B 東雲,4.一之江一丁目,18,8,66,430,297,801,69
49,葛西臨海公園,環七通り×湾岸道路,R4/11,葛西,B 東雲,4.一之江一丁目,12時間計,80,1126,3605,2889,7700,326
49,葛西臨海公園,環七通り×湾岸道路,R4/11,葛西,B 東雲,5.浦安,7,2,23,111,46,182,14
49,葛西臨海公園,環七通り×湾岸道路,R4/11,葛西,B 東雲,5.浦安,8,0,29,121,28,178,12
49,葛西臨海公園,環七通り×湾岸道路,R4/11,葛西,B 東雲,5.浦安,9,1,13,116,42,172,3
49,葛西臨海公園,環七通り×湾岸道路,R4/11,葛西,B 東雲,5.浦安,10,3,17,82,77,179,3
49,葛西臨海公園,環七通り×湾岸道路,R4/11,葛西,B 東雲,5.浦安,11,0,25,84,50,159,7
49,葛西臨海公園,環七通り×湾岸道路,R4/11,葛西,B 東雲,5.浦安,12,1,21,89,50,161,0
49,葛西臨海公園,環七通り×湾岸道路,R4/11,葛西,B 東雲,5.浦安,13,1,24,79,48,152,8
49,葛西臨海公園,環七通り×湾岸道路,R4/11,葛西,B 東雲,5.浦安,14,0,28,66,36,130,5
49,葛西臨海公園,環七通り×湾岸道路,R4/11,葛西,B 東雲,5.浦安,15,1,19,85,70,175,9
49,葛西臨海公園,環七通り×湾岸道路,R4/11,葛西,B 東雲,5.浦安,16,0,12,102,68,182,9
49,葛西臨海公園,環七通り×湾岸道路,R4/11,葛西,B 東雲,5.浦安,17,1,11,126,46,184,14
49,葛西臨海公園,環七通り×湾岸道路,R4/11,葛西,B 東雲,5.浦安,18,0,17,128,39,184,19
49,葛西臨海公園,環七通り×湾岸道路,R4/11,葛西,B 東雲,5.浦安,12時間計,10,239,1189,600,2038,103
49,葛西臨海公園,環七通り×湾岸道路,R4/11,葛西,B 東雲,6.葛西臨海公園,7,2,2,12,2,18,1
49,葛西臨海公園,環七通り×湾岸道路,R4/11,葛西,B 東雲,6.葛西臨海公園,8,5,4,36,5,50,1
49,葛西臨海公園,環七通り×湾岸道路,R4/11,葛西,B 東雲,6.葛西臨海公園,9,3,4,27,7,41,1
49,葛西臨海公園,環七通り×湾岸道路,R4/11,葛西,B 東雲,6.葛西臨海公園,10,2,0,31,5,38,0
49,葛西臨海公園,環七通り×湾岸道路,R4/11,葛西,B 東雲,6.葛西臨海公園,11,1,1,40,0,42,1
49,葛西臨海公園,環七通り×湾岸道路,R4/11,葛西,B 東雲,6.葛西臨海公園,12,0,3,25,6,34,3
49,葛西臨海公園,環七通り×湾岸道路,R4/11,葛西,B 東雲,6.葛西臨海公園,13,0,0,24,9,33,2
49,葛西臨海公園,環七通り×湾岸道路,R4/11,葛西,B 東雲,6.葛西臨海公園,14,0,0,14,1,15,1
49,葛西臨海公園,環七通り×湾岸道路,R4/11,葛西,B 東雲,6.葛西臨海公園,15,1,0,22,7,30,1
49,葛西臨海公園,環七通り×湾岸道路,R4/11,葛西,B 東雲,6.葛西臨海公園,16,1,0,17,10,28,0
49,葛西臨海公園,環七通り×湾岸道路,R4/11,葛西,B 東雲,6.葛西臨海公園,17,0,0,11,3,14,0
49,葛西臨海公園,環七通り×湾岸道路,R4/11,葛西,B 東雲,6.葛西臨海公園,18,0,0,14,4,18,1
49,葛西臨海公園,環七通り×湾岸道路,R4/11,葛西,B 東雲,6.葛西臨海公園,12時間計,15,14,273,59,361,12
49,葛西臨海公園,環七通り×湾岸道路,R4/11,葛西,B 東雲,7.浦安,7,41,241,1015,420,1717,53
49,葛西臨海公園,環七通り×湾岸道路,R4/11,葛西,B 東雲,7.浦安,8,37,282,1060,369,1748,40
49,葛西臨海公園,環七通り×湾岸道路,R4/11,葛西,B 東雲,7.浦安,9,33,298,1024,343,1698,35
49,葛西臨海公園,環七通り×湾岸道路,R4/11,葛西,B 東雲,7.浦安,10,22,392,686,492,1592,23
49,葛西臨海公園,環七通り×湾岸道路,R4/11,葛西,B 東雲,7.浦安,11,10,323,588,499,1420,36
49,葛西臨海公園,環七通り×湾岸道路,R4/11,葛西,B 東雲,7.浦安,12,10,319,556,519,1404,44
49,葛西臨海公園,環七通り×湾岸道路,R4/11,葛西,B 東雲,7.浦安,13,31,337,519,544,1431,40
49,葛西臨海公園,環七通り×湾岸道路,R4/11,葛西,B 東雲,7.浦安,14,24,336,624,464,1448,26
49,葛西臨海公園,環七通り×湾岸道路,R4/11,葛西,B 東雲,7.浦安,15,13,356,702,535,1606,45
49,葛西臨海公園,環七通り×湾岸道路,R4/11,葛西,B 東雲,7.浦安,16,11,273,780,352,1416,63
49,葛西臨海公園,環七通り×湾岸道路,R4/11,葛西,B 東雲,7.浦安,17,15,200,940,326,1481,105
49,葛西臨海公園,環七通り×湾岸道路,R4/11,葛西,B 東雲,7.浦安,18,18,205,1056,446,1725,128
49,葛西臨海公園,環七通り×湾岸道路,R4/11,葛西,B 東雲,7.浦安,12時間計,265,3562,9550,5309,18686,638
49,葛西臨海公園,環七通り×湾岸道路,R4/11,葛西,B 東雲,16.東雲,7,4,0,7,7,18,0
49,葛西臨海公園,環七通り×湾岸道路,R4/11,葛西,B 東雲,16.東雲,8,0,0,3,2,5,0
49,葛西臨海公園,環七通り×湾岸道路,R4/11,葛西,B 東雲,16.東雲,9,0,0,6,1,7,0
49,葛西臨海公園,環七通り×湾岸道路,R4/11,葛西,B 東雲,16.東雲,10,0,0,8,0,8,1
49,葛西臨海公園,環七通り×湾岸道路,R4/11,葛西,B 東雲,16.東雲,11,0,1,11,0,12,0
49,葛西臨海公園,環七通り×湾岸道路,R4/11,葛西,B 東雲,16.東雲,12,0,1,7,2,10,0
49,葛西臨海公園,環七通り×湾岸道路,R4/11,葛西,B 東雲,16.東雲,13,0,0,7,1,8,0
49,葛西臨海公園,環七通り×湾岸道路,R4/11,葛西,B 東雲,16.東雲,14,0,0,3,0,3,0
49,葛西臨海公園,環七通り×湾岸道路,R4/11,葛西,B 東雲,16.東雲,15,0,0,4,0,4,0
49,葛西臨海公園,環七通り×湾岸道路,R4/11,葛西,B 東雲,16.東雲,16,0,0,6,0,6,0
49,葛西臨海公園,環七通り×湾岸道路,R4/11,葛西,B 東雲,16.東雲,17,0,1,5,0,6,0
49,葛西臨海公園,環七通り×湾岸道路,R4/11,葛西,B 東雲,16.東雲,18,0,1,7,0,8,0
49,葛西臨海公園,環七通り×湾岸道路,R4/11,葛西,B 東雲,16.東雲,12時間計,4,4,74,13,95,1
49,葛西臨海公園,環七通り×湾岸道路,R4/11,葛西,B 東雲,流入計,7,53,305,1313,630,2301,78
49,葛西臨海公園,環七通り×湾岸道路,R4/11,葛西,B 東雲,流入計,8,54,389,1412,538,2393,62
49,葛西臨海公園,環七通り×湾岸道路,R4/11,葛西,B 東雲,流入計,9,40,420,1391,609,2460,51
49,葛西臨海公園,環七通り×湾岸道路,R4/11,葛西,B 東雲,流入計,10,36,490,1072,759,2357,41
49,葛西臨海公園,環七通り×湾岸道路,R4/11,葛西,B 東雲,流入計,11,17,447,990,737,2191,56
49,葛西臨海公園,環七通り×湾岸道路,R4/11,葛西,B 東雲,流入計,12,13,421,954,824,2212,66
49,葛西臨海公園,環七通り×湾岸道路,R4/11,葛西,B 東雲,流入計,13,40,436,924,879,2279,76
49,葛西臨海公園,環七通り×湾岸道路,R4/11,葛西,B 東雲,流入計,14,33,467,967,805,2272,53
49,葛西臨海公園,環七通り×湾岸道路,R4/11,葛西,B 東雲,流入計,15,20,533,1056,907,2516,76
49,葛西臨海公園,環七通り×湾岸道路,R4/11,葛西,B 東雲,流入計,16,18,438,1370,715,2541,106
49,葛西臨海公園,環七通り×湾岸道路,R4/11,葛西,B 東雲,流入計,17,24,310,1607,681,2622,198
49,葛西臨海公園,環七通り×湾岸道路,R4/11,葛西,B 東雲,流入計,18,26,289,1635,786,2736,217
49,葛西臨海公園,環七通り×湾岸道路,R4/11,葛西,B 東雲,流入計,12時間計,374,4945,14691,8870,28880,1080
49,葛西臨海公園,環七通り×湾岸道路,R4/11,葛西,C 葛西臨海公園,8.東雲,7,0,3,9,5,17,0
49,葛西臨海公園,環七通り×湾岸道路,R4/11,葛西,C 葛西臨海公園,8.東雲,8,3,2,16,12,33,2
49,葛西臨海公園,環七通り×湾岸道路,R4/11,葛西,C 葛西臨海公園,8.東雲,9,0,5,6,10,21,0
49,葛西臨海公園,環七通り×湾岸道路,R4/11,葛西,C 葛西臨海公園,8.東雲,10,2,1,8,7,18,0
49,葛西臨海公園,環七通り×湾岸道路,R4/11,葛西,C 葛西臨海公園,8.東雲,11,0,4,14,12,30,4
49,葛西臨海公園,環七通り×湾岸道路,R4/11,葛西,C 葛西臨海公園,8.東雲,12,0,3,22,12,37,6
49,葛西臨海公園,環七通り×湾岸道路,R4/11,葛西,C 葛西臨海公園,8.東雲,13,1,7,29,9,46,0
49,葛西臨海公園,環七通り×湾岸道路,R4/11,葛西,C 葛西臨海公園,8.東雲,14,2,4,38,16,60,3
49,葛西臨海公園,環七通り×湾岸道路,R4/11,葛西,C 葛西臨海公園,8.東雲,15,0,2,26,10,38,0
49,葛西臨海公園,環七通り×湾岸道路,R4/11,葛西,C 葛西臨海公園,8.東雲,16,1,2,40,6,49,2
49,葛西臨海公園,環七通り×湾岸道路,R4/11,葛西,C 葛西臨海公園,8.東雲,17,0,2,36,14,52,3
49,葛西臨海公園,環七通り×湾岸道路,R4/11,葛西,C 葛西臨海公園,8.東雲,18,0,2,13,3,18,1
49,葛西臨海公園,環七通り×湾岸道路,R4/11,葛西,C 葛西臨海公園,8.東雲,12時間計,9,37,257,116,419,21
49,葛西臨海公園,環七通り×湾岸道路,R4/11,葛西,C 葛西臨海公園,9.一之江一丁目,7,26,3,66,10,105,10
49,葛西臨海公園,環七通り×湾岸道路,R4/11,葛西,C 葛西臨海公園,9.一之江一丁目,8,26,2,68,13,109,1
49,葛西臨海公園,環七通り×湾岸道路,R4/11,葛西,C 葛西臨海公園,9.一之江一丁目,9,31,0,38,14,83,2
49,葛西臨海公園,環七通り×湾岸道路,R4/11,葛西,C 葛西臨海公園,9.一之江一丁目,10,22,5,38,9,74,2
49,葛西臨海公園,環七通り×湾岸道路,R4/11,葛西,C 葛西臨海公園,9.一之江一丁目,11,16,4,27,13,60,3
49,葛西臨海公園,環七通り×湾岸道路,R4/11,葛西,C 葛西臨海公園,9.一之江一丁目,12,15,2,38,15,70,9
49,葛西臨海公園,環七通り×湾岸道路,R4/11,葛西,C 葛西臨海公園,9.一之江一丁目,13,11,3,35,14,63,5
49,葛西臨海公園,環七通り×湾岸道路,R4/11,葛西,C 葛西臨海公園,9.一之江一丁目,14,21,2,26,13,62,5
49,葛西臨海公園,環七通り×湾岸道路,R4/11,葛西,C 葛西臨海公園,9.一之江一丁目,15,21,1,46,19,87,2
49,葛西臨海公園,環七通り×湾岸道路,R4/11,葛西,C 葛西臨海公園,9.一之江一丁目,16,16,1,60,18,95,4
49,葛西臨海公園,環七通り×湾岸道路,R4/11,葛西,C 葛西臨海公園,9.一之江一丁目,17,15,2,55,11,83,10
49,葛西臨海公園,環七通り×湾岸道路,R4/11,葛西,C 葛西臨海公園,9.一之江一丁目,18,23,2,61,7,93,22
49,葛西臨海公園,環七通り×湾岸道路,R4/11,葛西,C 葛西臨海公園,9.一之江一丁目,12時間計,243,27,558,156,984,75
49,葛西臨海公園,環七通り×湾岸道路,R4/11,葛西,C 葛西臨海公園,10.浦安,7,7,2,18,6,33,2
49,葛西臨海公園,環七通り×湾岸道路,R4/11,葛西,C 葛西臨海公園,10.浦安,8,9,0,12,6,27,0
49,葛西臨海公園,環七通り×湾岸道路,R4/11,葛西,C 葛西臨海公園,10.浦安,9,8,1,15,3,27,2
49,葛西臨海公園,環七通り×湾岸道路,R4/11,葛西,C 葛西臨海公園,10.浦安,10,6,0,13,2,21,1
49,葛西臨海公園,環七通り×湾岸道路,R4/11,葛西,C 葛西臨海公園,10.浦安,11,6,1,17,2,26,1
49,葛西臨海公園,環七通り×湾岸道路,R4/11,葛西,C 葛西臨海公園,10.浦安,12,9,0,18,2,29,1
49,葛西臨海公園,環七通り×湾岸道路,R4/11,葛西,C 葛西臨海公園,10.浦安,13,12,2,35,3,52,2
49,葛西臨海公園,環七通り×湾岸道路,R4/11,葛西,C 葛西臨海公園,10.浦安,14,8,0,32,1,41,1
49,葛西臨海公園,環七通り×湾岸道路,R4/11,葛西,C 葛西臨海公園,10.浦安,15,7,0,24,1,32,0
49,葛西臨海公園,環七通り×湾岸道路,R4/11,葛西,C 葛西臨海公園,10.浦安,16,11,2,18,5,36,1
49,葛西臨海公園,環七通り×湾岸道路,R4/11,葛西,C 葛西臨海公園,10.浦安,17,6,0,22,0,28,1
49,葛西臨海公園,環七通り×湾岸道路,R4/11,葛西,C 葛西臨海公園,10.浦安,18,9,2,13,5,29,5
49,葛西臨海公園,環七通り×湾岸道路,R4/11,葛西,C 葛西臨海公園,10.浦安,12時間計,98,10,237,36,381,17
49,葛西臨海公園,環七通り×湾岸道路,R4/11,葛西,C 葛西臨海公園,流入計,7,33,8,93,21,155,12
49,葛西臨海公園,環七通り×湾岸道路,R4/11,葛西,C 葛西臨海公園,流入計,8,38,4,96,31,169,3
49,葛西臨海公園,環七通り×湾岸道路,R4/11,葛西,C 葛西臨海公園,流入計,9,39,6,59,27,131,4
49,葛西臨海公園,環七通り×湾岸道路,R4/11,葛西,C 葛西臨海公園,流入計,10,30,6,59,18,113,3
49,葛西臨海公園,環七通り×湾岸道路,R4/11,葛西,C 葛西臨海公園,流入計,11,22,9,58,27,116,8
49,葛西臨海公園,環七通り×湾岸道路,R4/11,葛西,C 葛西臨海公園,流入計,12,24,5,78,29,136,16
49,葛西臨海公園,環七通り×湾岸道路,R4/11,葛西,C 葛西臨海公園,流入計,13,24,12,99,26,161,7
49,葛西臨海公園,環七通り×湾岸道路,R4/11,葛西,C 葛西臨海公園,流入計,14,31,6,96,30,163,9
49,葛西臨海公園,環七通り×湾岸道路,R4/11,葛西,C 葛西臨海公園,流入計,15,28,3,96,30,157,2
49,葛西臨海公園,環七通り×湾岸道路,R4/11,葛西,C 葛西臨海公園,流入計,16,28,5,118,29,180,7
49,葛西臨海公園,環七通り×湾岸道路,R4/11,葛西,C 葛西臨海公園,流入計,17,21,4,113,25,163,14
49,葛西臨海公園,環七通り×湾岸道路,R4/11,葛西,C 葛西臨海公園,流入計,18,32,6,87,15,140,28
49,葛西臨海公園,環七通り×湾岸道路,R4/11,葛西,C 葛西臨海公園,流入計,12時間計,350,74,1052,308,1784,113
49,葛西臨海公園,環七通り×湾岸道路,R4/11,葛西,D 浦安,11.葛西臨海公園,7,1,0,14,3,18,3
49,葛西臨海公園,環七通り×湾岸道路,R4/11,葛西,D 浦安,11.葛西臨海公園,8,6,1,20,2,29,2
49,葛西臨海公園,環七通り×湾岸道路,R4/11,葛西,D 浦安,11.葛西臨海公園,9,12,0,32,6,50,5
49,葛西臨海公園,環七通り×湾岸道路,R4/11,葛西,D 浦安,11.葛西臨海公園,10,8,0,32,5,45,3
49,葛西臨海公園,環七通り×湾岸道路,R4/11,葛西,D 浦安,11.葛西臨海公園,11,10,2,26,6,44,3
49,葛西臨海公園,環七通り×湾岸道路,R4/11,葛西,D 浦安,11.葛西臨海公園,12,10,0,42,2,54,0
49,葛西臨海公園,環七通り×湾岸道路,R4/11,葛西,D 浦安,11.葛西臨海公園,13,5,1,26,3,35,1
49,葛西臨海公園,環七通り×湾岸道路,R4/11,葛西,D 浦安,11.葛西臨海公園,14,7,1,18,4,30,0
49,葛西臨海公園,環七通り×湾岸道路,R4/11,葛西,D 浦安,11.葛西臨海公園,15,7,0,13,4,24,2
49,葛西臨海公園,環七通り×湾岸道路,R4/11,葛西,D 浦安,11.葛西臨海公園,16,10,0,18,9,37,2
49,葛西臨海公園,環七通り×湾岸道路,R4/11,葛西,D 浦安,11.葛西臨海公園,17,10,1,8,4,23,2
49,葛西臨海公園,環七通り×湾岸道路,R4/11,葛西,D 浦安,11.葛西臨海公園,18,10,0,19,5,34,0
49,葛西臨海公園,環七通り×湾岸道路,R4/11,葛西,D 浦安,11.葛西臨海公園,12時間計,96,6,268,53,423,23
49,葛西臨海公園,環七通り×湾岸道路,R4/11,葛西,D 浦安,12.東雲,7,1,52,242,122,417,69
49,葛西臨海公園,環七通り×湾岸道路,R4/11,葛西,D 浦安,12.東雲,8,2,50,212,173,437,33
49,葛西臨海公園,環七通り×湾岸道路,R4/11,葛西,D 浦安,12.東雲,9,1,48,202,164,415,15
49,葛西臨海公園,環七通り×湾岸道路,R4/11,葛西,D 浦安,12.東雲,10,0,61,161,132,354,15
49,葛西臨海公園,環七通り×湾岸道路,R4/11,葛西,D 浦安,12.東雲,11,0,68,127,96,291,8
49,葛西臨海公園,環七通り×湾岸道路,R4/11,葛西,D 浦安,12.東雲,12,3,59,136,102,300,12
49,葛西臨海公園,環七通り×湾岸道路,R4/11,葛西,D 浦安,12.東雲,13,0,62,171,97,330,5
49,葛西臨海公園,環七通り×湾岸道路,R4/11,葛西,D 浦安,12.東雲,14,2,49,122,114,287,11
49,葛西臨海公園,環七通り×湾岸道路,R4/11,葛西,D 浦安,12.東雲,15,1,33,160,98,292,13
49,葛西臨海公園,環七通り×湾岸道路,R4/11,葛西,D 浦安,12.東雲,16,1,54,251,80,386,15
49,葛西臨海公園,環七通り×湾岸道路,R4/11,葛西,D 浦安,12.東雲,17,1,29,183,96,309,32
49,葛西臨海公園,環七通り×湾岸道路,R4/11,葛西,D 浦安,12.東雲,18,0,63,212,52,327,15
49,葛西臨海公園,環七通り×湾岸道路,R4/11,葛西,D 浦安,12.東雲,12時間計,12,628,2179,1326,4145,243
49,葛西臨海公園,環七通り×湾岸道路,R4/11,葛西,D 浦安,13.一之江一丁目,7,7,6,107,58,178,4
49,葛西臨海公園,環七通り×湾岸道路,R4/11,葛西,D 浦安,13.一之江一丁目,8,10,10,188,82,290,14
49,葛西臨海公園,環七通り×湾岸道路,R4/11,葛西,D 浦安,13.一之江一丁目,9,5,16,171,118,310,2
49,葛西臨海公園,環七通り×湾岸道路,R4/11,葛西,D 浦安,13.一之江一丁目,10,4,24,165,94,287,3
49,葛西臨海公園,環七通り×湾岸道路,R4/11,葛西,D 浦安,13.一之江一丁目,11,4,21,101,89,215,5
49,葛西臨海公園,環七通り×湾岸道路,R4/11,葛西,D 浦安,13.一之江一丁目,12,7,18,128,95,248,2
49,葛西臨海公園,環七通り×湾岸道路,R4/11,葛西,D 浦安,13.一之江一丁目,13,13,23,180,83,299,8
49,葛西臨海公園,環七通り×湾岸道路,R4/11,葛西,D 浦安,13.一之江一丁目,14,5,28,133,100,266,8
49,葛西臨海公園,環七通り×湾岸道路,R4/11,葛西,D 浦安,13.一之江一丁目,15,2,33,178,95,308,7
49,葛西臨海公園,環七通り×湾岸道路,R4/11,葛西,D 浦安,13.一之江一丁目,16,0,40,198,87,325,5
49,葛西臨海公園,環七通り×湾岸道路,R4/11,葛西,D 浦安,13.一之江一丁目,17,2,35,317,105,459,15
49,葛西臨海公園,環七通り×湾岸道路,R4/11,葛西,D 浦安,13.一之江一丁目,18,9,19,181,35,244,9
49,葛西臨海公園,環七通り×湾岸道路,R4/11,葛西,D 浦安,13.一之江一丁目,12時間計,68,273,2047,1041,3429,82
49,葛西臨海公園,環七通り×湾岸道路,R4/11,葛西,D 浦安,14.東雲,7,26,262,1135,651,2074,25
49,葛西臨海公園,環七通り×湾岸道路,R4/11,葛西,D 浦安,14.東雲,8,20,277,972,404,1673,39
49,葛西臨海公園,環七通り×湾岸道路,R4/11,葛西,D 浦安,14.東雲,9,14,316,505,443,1278,64
49,葛西臨海公園,環七通り×湾岸道路,R4/11,葛西,D 浦安,14.東雲,10,10,462,488,448,1408,38
49,葛西臨海公園,環七通り×湾岸道路,R4/11,葛西,D 浦安,14.東雲,11,4,481,478,386,1349,22
49,葛西臨海公園,環七通り×湾岸道路,R4/11,葛西,D 浦安,14.東雲,12,6,344,440,284,1074,34
49,葛西臨海公園,環七通り×湾岸道路,R4/11,葛西,D 浦安,14.東雲,13,5,284,424,302,1015,29
49,葛西臨海公園,環七通り×湾岸道路,R4/11,葛西,D 浦安,14.東雲,14,3,271,412,291,977,22
49,葛西臨海公園,環七通り×湾岸道路,R4/11,葛西,D 浦安,14.東雲,15,7,215,442,374,1038,40
49,葛西臨海公園,環七通り×湾岸道路,R4/11,葛西,D 浦安,14.東雲,16,4,242,521,356,1123,39
49,葛西臨海公園,環七通り×湾岸道路,R4/11,葛西,D 浦安,14.東雲,17,8,183,734,308,1233,54
49,葛西臨海公園,環七通り×湾岸道路,R4/11,葛西,D 浦安,14.東雲,18,4,120,638,234,996,54
49,葛西臨海公園,環七通り×湾岸道路,R4/11,葛西,D 浦安,14.東雲,12時間計,111,3457,7189,4481,15238,460
49,葛西臨海公園,環七通り×湾岸道路,R4/11,葛西,D 浦安,15.浦安,7,0,8,47,10,65,0
49,葛西臨海公園,環七通り×湾岸道路,R4/11,葛西,D 浦安,15.浦安,8,0,2,106,7,115,2
49,葛西臨海公園,環七通り×湾岸道路,R4/11,葛西,D 浦安,15.浦安,9,1,3,79,15,98,2
49,葛西臨海公園,環七通り×湾岸道路,R4/11,葛西,D 浦安,15.浦安,10,0,8,52,13,73,1
49,葛西臨海公園,環七通り×湾岸道路,R4/11,葛西,D 浦安,15.浦安,11,0,7,34,4,45,1
49,葛西臨海公園,環七通り×湾岸道路,R4/11,葛西,D 浦安,15.浦安,12,0,6,65,13,84,1
49,葛西臨海公園,環七通り×湾岸道路,R4/11,葛西,D 浦安,15.浦安,13,1,5,50,8,64,4
49,葛西臨海公園,環七通り×湾岸道路,R4/11,葛西,D 浦安,15.浦安,14,0,6,62,12,80,1
49,葛西臨海公園,環七通り×湾岸道路,R4/11,葛西,D 浦安,15.浦安,15,0,7,57,14,78,1
49,葛西臨海公園,環七通り×湾岸道路,R4/11,葛西,D 浦安,15.浦安,16,0,7,75,13,95,2
49,葛西臨海公園,環七通り×湾岸道路,R4/11,葛西,D 浦安,15.浦安,17,0,11,74,11,96,5
49,葛西臨海公園,環七通り×湾岸道路,R4/11,葛西,D 浦安,15.浦安,18,0,16,77,10,103,5
49,葛西臨海公園,環七通り×湾岸道路,R4/11,葛西,D 浦安,15.浦安,12時間計,2,86,778,130,996,25
49,葛西臨海公園,環七通り×湾岸道路,R4/11,葛西,D 浦安,流入計,7,35,328,1545,844,2752,101
49,葛西臨海公園,環七通り×湾岸道路,R4/11,葛西,D 浦安,流入計,8,38,340,1498,668,2544,90
49,葛西臨海公園,環七通り×湾岸道路,R4/11,葛西,D 浦安,流入計,9,33,383,989,746,2151,88
49,葛西臨海公園,環七通り×湾岸道路,R4/11,葛西,D 浦安,流入計,10,22,555,898,692,2167,60
49,葛西臨海公園,環七通り×湾岸道路,R4/11,葛西,D 浦安,流入計,11,18,579,766,581,1944,39
49,葛西臨海公園,環七通り×湾岸道路,R4/11,葛西,D 浦安,流入計,12,26,427,811,496,1760,49
49,葛西臨海公園,環七通り×湾岸道路,R4/11,葛西,D 浦安,流入計,13,24,375,851,493,1743,47
49,葛西臨海公園,環七通り×湾岸道路,R4/11,葛西,D 浦安,流入計,14,17,355,747,521,1640,42
49,葛西臨海公園,環七通り×湾岸道路,R4/11,葛西,D 浦安,流入計,15,17,288,850,585,1740,63
49,葛西臨海公園,環七通り×湾岸道路,R4/11,葛西,D 浦安,流入計,16,15,343,1063,545,1966,63
49,葛西臨海公園,環七通り×湾岸道路,R4/11,葛西,D 浦安,流入計,17,21,259,1316,524,2120,108
49,葛西臨海公園,環七通り×湾岸道路,R4/11,葛西,D 浦安,流入計,18,23,218,1127,336,1704,83
49,葛西臨海公園,環七通り×湾岸道路,R4/11,葛西,D 浦安,流入計,12時間計,289,4450,12461,7031,24231,833
