﻿地点番号,地点名,交差道路名,調査年月,管轄警察署,流入方向,流出方向,時間帯等,大型乗用,大型貨物,普通乗用,普通貨物,四輪計,二輪車
78,野口橋,府中街道×新青梅街道,R4/10,東村山,A 所沢,1.田無,7,0,0,4,3,7,0
78,野口橋,府中街道×新青梅街道,R4/10,東村山,A 所沢,1.田無,8,0,0,9,6,15,0
78,野口橋,府中街道×新青梅街道,R4/10,東村山,A 所沢,1.田無,9,0,0,10,9,19,0
78,野口橋,府中街道×新青梅街道,R4/10,東村山,A 所沢,1.田無,10,0,1,15,8,24,0
78,野口橋,府中街道×新青梅街道,R4/10,東村山,A 所沢,1.田無,11,0,1,15,2,18,1
78,野口橋,府中街道×新青梅街道,R4/10,東村山,A 所沢,1.田無,12,0,1,15,6,22,0
78,野口橋,府中街道×新青梅街道,R4/10,東村山,A 所沢,1.田無,13,0,0,13,5,18,2
78,野口橋,府中街道×新青梅街道,R4/10,東村山,A 所沢,1.田無,14,0,0,17,8,25,2
78,野口橋,府中街道×新青梅街道,R4/10,東村山,A 所沢,1.田無,15,1,0,23,9,33,1
78,野口橋,府中街道×新青梅街道,R4/10,東村山,A 所沢,1.田無,16,0,1,20,2,23,1
78,野口橋,府中街道×新青梅街道,R4/10,東村山,A 所沢,1.田無,17,0,0,15,5,20,0
78,野口橋,府中街道×新青梅街道,R4/10,東村山,A 所沢,1.田無,18,0,0,14,3,17,1
78,野口橋,府中街道×新青梅街道,R4/10,東村山,A 所沢,1.田無,12時間計,1,4,170,66,241,8
78,野口橋,府中街道×新青梅街道,R4/10,東村山,A 所沢,2.府中,7,4,9,102,95,210,3
78,野口橋,府中街道×新青梅街道,R4/10,東村山,A 所沢,2.府中,8,3,6,132,66,207,12
78,野口橋,府中街道×新青梅街道,R4/10,東村山,A 所沢,2.府中,9,1,4,122,63,190,14
78,野口橋,府中街道×新青梅街道,R4/10,東村山,A 所沢,2.府中,10,2,5,147,43,197,14
78,野口橋,府中街道×新青梅街道,R4/10,東村山,A 所沢,2.府中,11,0,7,122,71,200,14
78,野口橋,府中街道×新青梅街道,R4/10,東村山,A 所沢,2.府中,12,1,9,142,64,216,10
78,野口橋,府中街道×新青梅街道,R4/10,東村山,A 所沢,2.府中,13,0,7,152,77,236,15
78,野口橋,府中街道×新青梅街道,R4/10,東村山,A 所沢,2.府中,14,1,5,127,55,188,11
78,野口橋,府中街道×新青梅街道,R4/10,東村山,A 所沢,2.府中,15,3,11,130,59,203,6
78,野口橋,府中街道×新青梅街道,R4/10,東村山,A 所沢,2.府中,16,4,4,171,52,231,8
78,野口橋,府中街道×新青梅街道,R4/10,東村山,A 所沢,2.府中,17,2,4,145,58,209,15
78,野口橋,府中街道×新青梅街道,R4/10,東村山,A 所沢,2.府中,18,2,6,137,38,183,14
78,野口橋,府中街道×新青梅街道,R4/10,東村山,A 所沢,2.府中,12時間計,23,77,1629,741,2470,136
78,野口橋,府中街道×新青梅街道,R4/10,東村山,A 所沢,3.青梅,7,1,7,54,31,93,4
78,野口橋,府中街道×新青梅街道,R4/10,東村山,A 所沢,3.青梅,8,1,14,58,35,108,2
78,野口橋,府中街道×新青梅街道,R4/10,東村山,A 所沢,3.青梅,9,0,6,59,46,111,5
78,野口橋,府中街道×新青梅街道,R4/10,東村山,A 所沢,3.青梅,10,3,8,61,42,114,3
78,野口橋,府中街道×新青梅街道,R4/10,東村山,A 所沢,3.青梅,11,0,11,81,39,131,1
78,野口橋,府中街道×新青梅街道,R4/10,東村山,A 所沢,3.青梅,12,0,8,67,36,111,4
78,野口橋,府中街道×新青梅街道,R4/10,東村山,A 所沢,3.青梅,13,0,6,72,27,105,4
78,野口橋,府中街道×新青梅街道,R4/10,東村山,A 所沢,3.青梅,14,1,10,71,38,120,2
78,野口橋,府中街道×新青梅街道,R4/10,東村山,A 所沢,3.青梅,15,0,14,68,23,105,6
78,野口橋,府中街道×新青梅街道,R4/10,東村山,A 所沢,3.青梅,16,1,9,64,21,95,3
78,野口橋,府中街道×新青梅街道,R4/10,東村山,A 所沢,3.青梅,17,0,8,80,28,116,4
78,野口橋,府中街道×新青梅街道,R4/10,東村山,A 所沢,3.青梅,18,2,2,68,20,92,3
78,野口橋,府中街道×新青梅街道,R4/10,東村山,A 所沢,3.青梅,12時間計,9,103,803,386,1301,41
78,野口橋,府中街道×新青梅街道,R4/10,東村山,A 所沢,13.田無,7,0,0,2,1,3,0
78,野口橋,府中街道×新青梅街道,R4/10,東村山,A 所沢,13.田無,8,0,0,0,2,2,0
78,野口橋,府中街道×新青梅街道,R4/10,東村山,A 所沢,13.田無,9,0,0,4,4,8,2
78,野口橋,府中街道×新青梅街道,R4/10,東村山,A 所沢,13.田無,10,0,0,3,2,5,0
78,野口橋,府中街道×新青梅街道,R4/10,東村山,A 所沢,13.田無,11,0,0,7,2,9,3
78,野口橋,府中街道×新青梅街道,R4/10,東村山,A 所沢,13.田無,12,0,0,6,5,11,0
78,野口橋,府中街道×新青梅街道,R4/10,東村山,A 所沢,13.田無,13,0,1,13,3,17,1
78,野口橋,府中街道×新青梅街道,R4/10,東村山,A 所沢,13.田無,14,0,0,9,9,18,0
78,野口橋,府中街道×新青梅街道,R4/10,東村山,A 所沢,13.田無,15,0,0,12,2,14,1
78,野口橋,府中街道×新青梅街道,R4/10,東村山,A 所沢,13.田無,16,0,0,9,2,11,0
78,野口橋,府中街道×新青梅街道,R4/10,東村山,A 所沢,13.田無,17,0,0,7,2,9,1
78,野口橋,府中街道×新青梅街道,R4/10,東村山,A 所沢,13.田無,18,0,0,6,2,8,6
78,野口橋,府中街道×新青梅街道,R4/10,東村山,A 所沢,13.田無,12時間計,0,1,78,36,115,14
78,野口橋,府中街道×新青梅街道,R4/10,東村山,A 所沢,流入計,7,5,16,162,130,313,7
78,野口橋,府中街道×新青梅街道,R4/10,東村山,A 所沢,流入計,8,4,20,199,109,332,14
78,野口橋,府中街道×新青梅街道,R4/10,東村山,A 所沢,流入計,9,1,10,195,122,328,21
78,野口橋,府中街道×新青梅街道,R4/10,東村山,A 所沢,流入計,10,5,14,226,95,340,17
78,野口橋,府中街道×新青梅街道,R4/10,東村山,A 所沢,流入計,11,0,19,225,114,358,19
78,野口橋,府中街道×新青梅街道,R4/10,東村山,A 所沢,流入計,12,1,18,230,111,360,14
78,野口橋,府中街道×新青梅街道,R4/10,東村山,A 所沢,流入計,13,0,14,250,112,376,22
78,野口橋,府中街道×新青梅街道,R4/10,東村山,A 所沢,流入計,14,2,15,224,110,351,15
78,野口橋,府中街道×新青梅街道,R4/10,東村山,A 所沢,流入計,15,4,25,233,93,355,14
78,野口橋,府中街道×新青梅街道,R4/10,東村山,A 所沢,流入計,16,5,14,264,77,360,12
78,野口橋,府中街道×新青梅街道,R4/10,東村山,A 所沢,流入計,17,2,12,247,93,354,20
78,野口橋,府中街道×新青梅街道,R4/10,東村山,A 所沢,流入計,18,4,8,225,63,300,24
78,野口橋,府中街道×新青梅街道,R4/10,東村山,A 所沢,流入計,12時間計,33,185,2680,1229,4127,199
78,野口橋,府中街道×新青梅街道,R4/10,東村山,B 青梅,4.所沢,7,1,4,27,21,53,1
78,野口橋,府中街道×新青梅街道,R4/10,東村山,B 青梅,4.所沢,8,1,7,38,51,97,2
78,野口橋,府中街道×新青梅街道,R4/10,東村山,B 青梅,4.所沢,9,0,9,46,55,110,1
78,野口橋,府中街道×新青梅街道,R4/10,東村山,B 青梅,4.所沢,10,0,11,55,36,102,3
78,野口橋,府中街道×新青梅街道,R4/10,東村山,B 青梅,4.所沢,11,0,19,74,33,126,2
78,野口橋,府中街道×新青梅街道,R4/10,東村山,B 青梅,4.所沢,12,1,11,65,32,109,1
78,野口橋,府中街道×新青梅街道,R4/10,東村山,B 青梅,4.所沢,13,0,6,71,43,120,2
78,野口橋,府中街道×新青梅街道,R4/10,東村山,B 青梅,4.所沢,14,1,9,59,40,109,6
78,野口橋,府中街道×新青梅街道,R4/10,東村山,B 青梅,4.所沢,15,1,7,79,36,123,3
78,野口橋,府中街道×新青梅街道,R4/10,東村山,B 青梅,4.所沢,16,1,9,74,33,117,0
78,野口橋,府中街道×新青梅街道,R4/10,東村山,B 青梅,4.所沢,17,1,4,78,25,108,4
78,野口橋,府中街道×新青梅街道,R4/10,東村山,B 青梅,4.所沢,18,1,3,77,11,92,3
78,野口橋,府中街道×新青梅街道,R4/10,東村山,B 青梅,4.所沢,12時間計,8,99,743,416,1266,28
78,野口橋,府中街道×新青梅街道,R4/10,東村山,B 青梅,5.田無,7,9,48,516,483,1056,47
78,野口橋,府中街道×新青梅街道,R4/10,東村山,B 青梅,5.田無,8,10,37,605,354,1006,23
78,野口橋,府中街道×新青梅街道,R4/10,東村山,B 青梅,5.田無,9,6,37,553,348,944,27
78,野口橋,府中街道×新青梅街道,R4/10,東村山,B 青梅,5.田無,10,2,61,451,361,875,22
78,野口橋,府中街道×新青梅街道,R4/10,東村山,B 青梅,5.田無,11,1,62,489,338,890,18
78,野口橋,府中街道×新青梅街道,R4/10,東村山,B 青梅,5.田無,12,3,40,553,315,911,25
78,野口橋,府中街道×新青梅街道,R4/10,東村山,B 青梅,5.田無,13,1,20,560,324,905,26
78,野口橋,府中街道×新青梅街道,R4/10,東村山,B 青梅,5.田無,14,10,14,585,291,900,33
78,野口橋,府中街道×新青梅街道,R4/10,東村山,B 青梅,5.田無,15,5,26,746,312,1089,48
78,野口橋,府中街道×新青梅街道,R4/10,東村山,B 青梅,5.田無,16,6,30,672,338,1046,61
78,野口橋,府中街道×新青梅街道,R4/10,東村山,B 青梅,5.田無,17,6,23,725,328,1082,48
78,野口橋,府中街道×新青梅街道,R4/10,東村山,B 青梅,5.田無,18,1,13,798,245,1057,59
78,野口橋,府中街道×新青梅街道,R4/10,東村山,B 青梅,5.田無,12時間計,60,411,7253,4037,11761,437
78,野口橋,府中街道×新青梅街道,R4/10,東村山,B 青梅,6.府中,7,2,2,44,59,107,6
78,野口橋,府中街道×新青梅街道,R4/10,東村山,B 青梅,6.府中,8,3,6,96,40,145,2
78,野口橋,府中街道×新青梅街道,R4/10,東村山,B 青梅,6.府中,9,0,7,65,30,102,3
78,野口橋,府中街道×新青梅街道,R4/10,東村山,B 青梅,6.府中,10,0,4,57,39,100,1
78,野口橋,府中街道×新青梅街道,R4/10,東村山,B 青梅,6.府中,11,0,3,66,26,95,2
78,野口橋,府中街道×新青梅街道,R4/10,東村山,B 青梅,6.府中,12,0,7,69,28,104,5
78,野口橋,府中街道×新青梅街道,R4/10,東村山,B 青梅,6.府中,13,1,4,61,38,104,3
78,野口橋,府中街道×新青梅街道,R4/10,東村山,B 青梅,6.府中,14,1,5,69,34,109,0
78,野口橋,府中街道×新青梅街道,R4/10,東村山,B 青梅,6.府中,15,1,4,54,30,89,1
78,野口橋,府中街道×新青梅街道,R4/10,東村山,B 青梅,6.府中,16,0,1,92,28,121,3
78,野口橋,府中街道×新青梅街道,R4/10,東村山,B 青梅,6.府中,17,0,2,63,25,90,1
78,野口橋,府中街道×新青梅街道,R4/10,東村山,B 青梅,6.府中,18,0,1,74,19,94,2
78,野口橋,府中街道×新青梅街道,R4/10,東村山,B 青梅,6.府中,12時間計,8,46,810,396,1260,29
78,野口橋,府中街道×新青梅街道,R4/10,東村山,B 青梅,流入計,7,12,54,587,563,1216,54
78,野口橋,府中街道×新青梅街道,R4/10,東村山,B 青梅,流入計,8,14,50,739,445,1248,27
78,野口橋,府中街道×新青梅街道,R4/10,東村山,B 青梅,流入計,9,6,53,664,433,1156,31
78,野口橋,府中街道×新青梅街道,R4/10,東村山,B 青梅,流入計,10,2,76,563,436,1077,26
78,野口橋,府中街道×新青梅街道,R4/10,東村山,B 青梅,流入計,11,1,84,629,397,1111,22
78,野口橋,府中街道×新青梅街道,R4/10,東村山,B 青梅,流入計,12,4,58,687,375,1124,31
78,野口橋,府中街道×新青梅街道,R4/10,東村山,B 青梅,流入計,13,2,30,692,405,1129,31
78,野口橋,府中街道×新青梅街道,R4/10,東村山,B 青梅,流入計,14,12,28,713,365,1118,39
78,野口橋,府中街道×新青梅街道,R4/10,東村山,B 青梅,流入計,15,7,37,879,378,1301,52
78,野口橋,府中街道×新青梅街道,R4/10,東村山,B 青梅,流入計,16,7,40,838,399,1284,64
78,野口橋,府中街道×新青梅街道,R4/10,東村山,B 青梅,流入計,17,7,29,866,378,1280,53
78,野口橋,府中街道×新青梅街道,R4/10,東村山,B 青梅,流入計,18,2,17,949,275,1243,64
78,野口橋,府中街道×新青梅街道,R4/10,東村山,B 青梅,流入計,12時間計,76,556,8806,4849,14287,494
78,野口橋,府中街道×新青梅街道,R4/10,東村山,C 府中,7.青梅,7,1,3,58,22,84,2
78,野口橋,府中街道×新青梅街道,R4/10,東村山,C 府中,7.青梅,8,2,6,63,29,100,5
78,野口橋,府中街道×新青梅街道,R4/10,東村山,C 府中,7.青梅,9,3,6,76,39,124,1
78,野口橋,府中街道×新青梅街道,R4/10,東村山,C 府中,7.青梅,10,3,9,91,41,144,4
78,野口橋,府中街道×新青梅街道,R4/10,東村山,C 府中,7.青梅,11,0,5,98,40,143,9
78,野口橋,府中街道×新青梅街道,R4/10,東村山,C 府中,7.青梅,12,0,2,79,41,122,4
78,野口橋,府中街道×新青梅街道,R4/10,東村山,C 府中,7.青梅,13,2,3,65,35,105,5
78,野口橋,府中街道×新青梅街道,R4/10,東村山,C 府中,7.青梅,14,1,4,83,40,128,4
78,野口橋,府中街道×新青梅街道,R4/10,東村山,C 府中,7.青梅,15,6,4,73,32,115,6
78,野口橋,府中街道×新青梅街道,R4/10,東村山,C 府中,7.青梅,16,1,5,94,44,144,10
78,野口橋,府中街道×新青梅街道,R4/10,東村山,C 府中,7.青梅,17,0,1,96,54,151,7
78,野口橋,府中街道×新青梅街道,R4/10,東村山,C 府中,7.青梅,18,1,1,103,40,145,12
78,野口橋,府中街道×新青梅街道,R4/10,東村山,C 府中,7.青梅,12時間計,20,49,979,457,1505,69
78,野口橋,府中街道×新青梅街道,R4/10,東村山,C 府中,8.所沢,7,0,3,104,79,186,10
78,野口橋,府中街道×新青梅街道,R4/10,東村山,C 府中,8.所沢,8,4,13,81,64,162,5
78,野口橋,府中街道×新青梅街道,R4/10,東村山,C 府中,8.所沢,9,0,13,94,53,160,12
78,野口橋,府中街道×新青梅街道,R4/10,東村山,C 府中,8.所沢,10,0,6,100,46,152,6
78,野口橋,府中街道×新青梅街道,R4/10,東村山,C 府中,8.所沢,11,0,8,107,54,169,3
78,野口橋,府中街道×新青梅街道,R4/10,東村山,C 府中,8.所沢,12,0,7,122,61,190,9
78,野口橋,府中街道×新青梅街道,R4/10,東村山,C 府中,8.所沢,13,1,5,126,74,206,7
78,野口橋,府中街道×新青梅街道,R4/10,東村山,C 府中,8.所沢,14,3,6,131,66,206,8
78,野口橋,府中街道×新青梅街道,R4/10,東村山,C 府中,8.所沢,15,1,4,125,53,183,10
78,野口橋,府中街道×新青梅街道,R4/10,東村山,C 府中,8.所沢,16,2,3,113,47,165,5
78,野口橋,府中街道×新青梅街道,R4/10,東村山,C 府中,8.所沢,17,0,9,119,61,189,7
78,野口橋,府中街道×新青梅街道,R4/10,東村山,C 府中,8.所沢,18,0,3,140,40,183,13
78,野口橋,府中街道×新青梅街道,R4/10,東村山,C 府中,8.所沢,12時間計,11,80,1362,698,2151,95
78,野口橋,府中街道×新青梅街道,R4/10,東村山,C 府中,9.田無,7,0,5,45,17,67,4
78,野口橋,府中街道×新青梅街道,R4/10,東村山,C 府中,9.田無,8,0,2,61,22,85,2
78,野口橋,府中街道×新青梅街道,R4/10,東村山,C 府中,9.田無,9,2,1,33,39,75,5
78,野口橋,府中街道×新青梅街道,R4/10,東村山,C 府中,9.田無,10,0,3,40,26,69,3
78,野口橋,府中街道×新青梅街道,R4/10,東村山,C 府中,9.田無,11,0,4,51,28,83,1
78,野口橋,府中街道×新青梅街道,R4/10,東村山,C 府中,9.田無,12,0,5,58,33,96,3
78,野口橋,府中街道×新青梅街道,R4/10,東村山,C 府中,9.田無,13,2,3,41,47,93,2
78,野口橋,府中街道×新青梅街道,R4/10,東村山,C 府中,9.田無,14,4,1,59,39,103,2
78,野口橋,府中街道×新青梅街道,R4/10,東村山,C 府中,9.田無,15,2,3,69,40,114,3
78,野口橋,府中街道×新青梅街道,R4/10,東村山,C 府中,9.田無,16,0,4,60,42,106,1
78,野口橋,府中街道×新青梅街道,R4/10,東村山,C 府中,9.田無,17,1,5,78,38,122,7
78,野口橋,府中街道×新青梅街道,R4/10,東村山,C 府中,9.田無,18,0,2,83,27,112,3
78,野口橋,府中街道×新青梅街道,R4/10,東村山,C 府中,9.田無,12時間計,11,38,678,398,1125,36
78,野口橋,府中街道×新青梅街道,R4/10,東村山,C 府中,流入計,7,1,11,207,118,337,16
78,野口橋,府中街道×新青梅街道,R4/10,東村山,C 府中,流入計,8,6,21,205,115,347,12
78,野口橋,府中街道×新青梅街道,R4/10,東村山,C 府中,流入計,9,5,20,203,131,359,18
78,野口橋,府中街道×新青梅街道,R4/10,東村山,C 府中,流入計,10,3,18,231,113,365,13
78,野口橋,府中街道×新青梅街道,R4/10,東村山,C 府中,流入計,11,0,17,256,122,395,13
78,野口橋,府中街道×新青梅街道,R4/10,東村山,C 府中,流入計,12,0,14,259,135,408,16
78,野口橋,府中街道×新青梅街道,R4/10,東村山,C 府中,流入計,13,5,11,232,156,404,14
78,野口橋,府中街道×新青梅街道,R4/10,東村山,C 府中,流入計,14,8,11,273,145,437,14
78,野口橋,府中街道×新青梅街道,R4/10,東村山,C 府中,流入計,15,9,11,267,125,412,19
78,野口橋,府中街道×新青梅街道,R4/10,東村山,C 府中,流入計,16,3,12,267,133,415,16
78,野口橋,府中街道×新青梅街道,R4/10,東村山,C 府中,流入計,17,1,15,293,153,462,21
78,野口橋,府中街道×新青梅街道,R4/10,東村山,C 府中,流入計,18,1,6,326,107,440,28
78,野口橋,府中街道×新青梅街道,R4/10,東村山,C 府中,流入計,12時間計,42,167,3019,1553,4781,200
78,野口橋,府中街道×新青梅街道,R4/10,東村山,D 田無,10.府中,7,2,5,34,43,84,3
78,野口橋,府中街道×新青梅街道,R4/10,東村山,D 田無,10.府中,8,6,6,64,38,114,5
78,野口橋,府中街道×新青梅街道,R4/10,東村山,D 田無,10.府中,9,1,4,47,46,98,2
78,野口橋,府中街道×新青梅街道,R4/10,東村山,D 田無,10.府中,10,0,4,32,49,85,3
78,野口橋,府中街道×新青梅街道,R4/10,東村山,D 田無,10.府中,11,0,3,46,32,81,4
78,野口橋,府中街道×新青梅街道,R4/10,東村山,D 田無,10.府中,12,1,3,52,21,77,2
78,野口橋,府中街道×新青梅街道,R4/10,東村山,D 田無,10.府中,13,1,4,32,37,74,2
78,野口橋,府中街道×新青梅街道,R4/10,東村山,D 田無,10.府中,14,2,2,41,24,69,3
78,野口橋,府中街道×新青梅街道,R4/10,東村山,D 田無,10.府中,15,2,3,51,16,72,3
78,野口橋,府中街道×新青梅街道,R4/10,東村山,D 田無,10.府中,16,0,2,59,33,94,4
78,野口橋,府中街道×新青梅街道,R4/10,東村山,D 田無,10.府中,17,0,5,59,22,86,3
78,野口橋,府中街道×新青梅街道,R4/10,東村山,D 田無,10.府中,18,1,3,51,21,76,5
78,野口橋,府中街道×新青梅街道,R4/10,東村山,D 田無,10.府中,12時間計,16,44,568,382,1010,39
78,野口橋,府中街道×新青梅街道,R4/10,東村山,D 田無,11.青梅,7,6,24,808,429,1267,63
78,野口橋,府中街道×新青梅街道,R4/10,東村山,D 田無,11.青梅,8,4,39,675,369,1087,51
78,野口橋,府中街道×新青梅街道,R4/10,東村山,D 田無,11.青梅,9,14,54,558,316,942,35
78,野口橋,府中街道×新青梅街道,R4/10,東村山,D 田無,11.青梅,10,5,57,550,338,950,46
78,野口橋,府中街道×新青梅街道,R4/10,東村山,D 田無,11.青梅,11,1,47,560,329,937,35
78,野口橋,府中街道×新青梅街道,R4/10,東村山,D 田無,11.青梅,12,2,35,648,380,1065,29
78,野口橋,府中街道×新青梅街道,R4/10,東村山,D 田無,11.青梅,13,1,46,536,359,942,30
78,野口橋,府中街道×新青梅街道,R4/10,東村山,D 田無,11.青梅,14,8,34,477,321,840,21
78,野口橋,府中街道×新青梅街道,R4/10,東村山,D 田無,11.青梅,15,11,49,527,391,978,37
78,野口橋,府中街道×新青梅街道,R4/10,東村山,D 田無,11.青梅,16,5,30,576,425,1036,21
78,野口橋,府中街道×新青梅街道,R4/10,東村山,D 田無,11.青梅,17,0,25,703,449,1177,46
78,野口橋,府中街道×新青梅街道,R4/10,東村山,D 田無,11.青梅,18,4,17,705,465,1191,45
78,野口橋,府中街道×新青梅街道,R4/10,東村山,D 田無,11.青梅,12時間計,61,457,7323,4571,12412,459
78,野口橋,府中街道×新青梅街道,R4/10,東村山,D 田無,12.所沢,7,0,0,12,8,20,2
78,野口橋,府中街道×新青梅街道,R4/10,東村山,D 田無,12.所沢,8,0,0,22,12,34,1
78,野口橋,府中街道×新青梅街道,R4/10,東村山,D 田無,12.所沢,9,0,1,21,15,37,2
78,野口橋,府中街道×新青梅街道,R4/10,東村山,D 田無,12.所沢,10,0,2,15,11,28,0
78,野口橋,府中街道×新青梅街道,R4/10,東村山,D 田無,12.所沢,11,0,1,29,16,46,1
78,野口橋,府中街道×新青梅街道,R4/10,東村山,D 田無,12.所沢,12,0,2,23,14,39,1
78,野口橋,府中街道×新青梅街道,R4/10,東村山,D 田無,12.所沢,13,0,0,28,9,37,0
78,野口橋,府中街道×新青梅街道,R4/10,東村山,D 田無,12.所沢,14,0,2,19,11,32,0
78,野口橋,府中街道×新青梅街道,R4/10,東村山,D 田無,12.所沢,15,0,0,24,16,40,1
78,野口橋,府中街道×新青梅街道,R4/10,東村山,D 田無,12.所沢,16,0,0,22,12,34,1
78,野口橋,府中街道×新青梅街道,R4/10,東村山,D 田無,12.所沢,17,0,0,23,6,29,0
78,野口橋,府中街道×新青梅街道,R4/10,東村山,D 田無,12.所沢,18,0,0,20,7,27,0
78,野口橋,府中街道×新青梅街道,R4/10,東村山,D 田無,12.所沢,12時間計,0,8,258,137,403,9
78,野口橋,府中街道×新青梅街道,R4/10,東村山,D 田無,流入計,7,8,29,854,480,1371,68
78,野口橋,府中街道×新青梅街道,R4/10,東村山,D 田無,流入計,8,10,45,761,419,1235,57
78,野口橋,府中街道×新青梅街道,R4/10,東村山,D 田無,流入計,9,15,59,626,377,1077,39
78,野口橋,府中街道×新青梅街道,R4/10,東村山,D 田無,流入計,10,5,63,597,398,1063,49
78,野口橋,府中街道×新青梅街道,R4/10,東村山,D 田無,流入計,11,1,51,635,377,1064,40
78,野口橋,府中街道×新青梅街道,R4/10,東村山,D 田無,流入計,12,3,40,723,415,1181,32
78,野口橋,府中街道×新青梅街道,R4/10,東村山,D 田無,流入計,13,2,50,596,405,1053,32
78,野口橋,府中街道×新青梅街道,R4/10,東村山,D 田無,流入計,14,10,38,537,356,941,24
78,野口橋,府中街道×新青梅街道,R4/10,東村山,D 田無,流入計,15,13,52,602,423,1090,41
78,野口橋,府中街道×新青梅街道,R4/10,東村山,D 田無,流入計,16,5,32,657,470,1164,26
78,野口橋,府中街道×新青梅街道,R4/10,東村山,D 田無,流入計,17,0,30,785,477,1292,49
78,野口橋,府中街道×新青梅街道,R4/10,東村山,D 田無,流入計,18,5,20,776,493,1294,50
78,野口橋,府中街道×新青梅街道,R4/10,東村山,D 田無,流入計,12時間計,77,509,8149,5090,13825,507
