﻿地点番号,地点名,交差道路名,調査年月,管轄警察署,流出方向,時間帯等,大型乗用,大型貨物,普通乗用,普通貨物,四輪計,二輪車
78,野口橋,府中街道×新青梅街道,R4/10,東村山,A 所沢,7,1,7,143,108,259,13
78,野口橋,府中街道×新青梅街道,R4/10,東村山,A 所沢,8,5,20,141,127,293,8
78,野口橋,府中街道×新青梅街道,R4/10,東村山,A 所沢,9,0,23,161,123,307,15
78,野口橋,府中街道×新青梅街道,R4/10,東村山,A 所沢,10,0,19,170,93,282,9
78,野口橋,府中街道×新青梅街道,R4/10,東村山,A 所沢,11,0,28,210,103,341,6
78,野口橋,府中街道×新青梅街道,R4/10,東村山,A 所沢,12,1,20,210,107,338,11
78,野口橋,府中街道×新青梅街道,R4/10,東村山,A 所沢,13,1,11,225,126,363,9
78,野口橋,府中街道×新青梅街道,R4/10,東村山,A 所沢,14,4,17,209,117,347,14
78,野口橋,府中街道×新青梅街道,R4/10,東村山,A 所沢,15,2,11,228,105,346,14
78,野口橋,府中街道×新青梅街道,R4/10,東村山,A 所沢,16,3,12,209,92,316,6
78,野口橋,府中街道×新青梅街道,R4/10,東村山,A 所沢,17,1,13,220,92,326,11
78,野口橋,府中街道×新青梅街道,R4/10,東村山,A 所沢,18,1,6,237,58,302,16
78,野口橋,府中街道×新青梅街道,R4/10,東村山,A 所沢,12時間計,19,187,2363,1251,3820,132
78,野口橋,府中街道×新青梅街道,R4/10,東村山,B 青梅,7,8,34,920,482,1444,69
78,野口橋,府中街道×新青梅街道,R4/10,東村山,B 青梅,8,7,59,796,433,1295,58
78,野口橋,府中街道×新青梅街道,R4/10,東村山,B 青梅,9,17,66,693,401,1177,41
78,野口橋,府中街道×新青梅街道,R4/10,東村山,B 青梅,10,11,74,702,421,1208,53
78,野口橋,府中街道×新青梅街道,R4/10,東村山,B 青梅,11,1,63,739,408,1211,45
78,野口橋,府中街道×新青梅街道,R4/10,東村山,B 青梅,12,2,45,794,457,1298,37
78,野口橋,府中街道×新青梅街道,R4/10,東村山,B 青梅,13,3,55,673,421,1152,39
78,野口橋,府中街道×新青梅街道,R4/10,東村山,B 青梅,14,10,48,631,399,1088,27
78,野口橋,府中街道×新青梅街道,R4/10,東村山,B 青梅,15,17,67,668,446,1198,49
78,野口橋,府中街道×新青梅街道,R4/10,東村山,B 青梅,16,7,44,734,490,1275,34
78,野口橋,府中街道×新青梅街道,R4/10,東村山,B 青梅,17,0,34,879,531,1444,57
78,野口橋,府中街道×新青梅街道,R4/10,東村山,B 青梅,18,7,20,876,525,1428,60
78,野口橋,府中街道×新青梅街道,R4/10,東村山,B 青梅,12時間計,90,609,9105,5414,15218,569
78,野口橋,府中街道×新青梅街道,R4/10,東村山,C 府中,7,8,16,180,197,401,12
78,野口橋,府中街道×新青梅街道,R4/10,東村山,C 府中,8,12,18,292,144,466,19
78,野口橋,府中街道×新青梅街道,R4/10,東村山,C 府中,9,2,15,234,139,390,19
78,野口橋,府中街道×新青梅街道,R4/10,東村山,C 府中,10,2,13,236,131,382,18
78,野口橋,府中街道×新青梅街道,R4/10,東村山,C 府中,11,0,13,234,129,376,20
78,野口橋,府中街道×新青梅街道,R4/10,東村山,C 府中,12,2,19,263,113,397,17
78,野口橋,府中街道×新青梅街道,R4/10,東村山,C 府中,13,2,15,245,152,414,20
78,野口橋,府中街道×新青梅街道,R4/10,東村山,C 府中,14,4,12,237,113,366,14
78,野口橋,府中街道×新青梅街道,R4/10,東村山,C 府中,15,6,18,235,105,364,10
78,野口橋,府中街道×新青梅街道,R4/10,東村山,C 府中,16,4,7,322,113,446,15
78,野口橋,府中街道×新青梅街道,R4/10,東村山,C 府中,17,2,11,267,105,385,19
78,野口橋,府中街道×新青梅街道,R4/10,東村山,C 府中,18,3,10,262,78,353,21
78,野口橋,府中街道×新青梅街道,R4/10,東村山,C 府中,12時間計,47,167,3007,1519,4740,204
78,野口橋,府中街道×新青梅街道,R4/10,東村山,D 田無,7,9,53,567,504,1133,51
78,野口橋,府中街道×新青梅街道,R4/10,東村山,D 田無,8,10,39,675,384,1108,25
78,野口橋,府中街道×新青梅街道,R4/10,東村山,D 田無,9,8,38,600,400,1046,34
78,野口橋,府中街道×新青梅街道,R4/10,東村山,D 田無,10,2,65,509,397,973,25
78,野口橋,府中街道×新青梅街道,R4/10,東村山,D 田無,11,1,67,562,370,1000,23
78,野口橋,府中街道×新青梅街道,R4/10,東村山,D 田無,12,3,46,632,359,1040,28
78,野口橋,府中街道×新青梅街道,R4/10,東村山,D 田無,13,3,24,627,379,1033,31
78,野口橋,府中街道×新青梅街道,R4/10,東村山,D 田無,14,14,15,670,347,1046,37
78,野口橋,府中街道×新青梅街道,R4/10,東村山,D 田無,15,8,29,850,363,1250,53
78,野口橋,府中街道×新青梅街道,R4/10,東村山,D 田無,16,6,35,761,384,1186,63
78,野口橋,府中街道×新青梅街道,R4/10,東村山,D 田無,17,7,28,825,373,1233,56
78,野口橋,府中街道×新青梅街道,R4/10,東村山,D 田無,18,1,15,901,277,1194,69
78,野口橋,府中街道×新青梅街道,R4/10,東村山,D 田無,12時間計,72,454,8179,4537,13242,495
78,野口橋,府中街道×新青梅街道,R4/10,東村山,全方向合計,7,26,110,1810,1291,3237,145
78,野口橋,府中街道×新青梅街道,R4/10,東村山,全方向合計,8,34,136,1904,1088,3162,110
78,野口橋,府中街道×新青梅街道,R4/10,東村山,全方向合計,9,27,142,1688,1063,2920,109
78,野口橋,府中街道×新青梅街道,R4/10,東村山,全方向合計,10,15,171,1617,1042,2845,105
78,野口橋,府中街道×新青梅街道,R4/10,東村山,全方向合計,11,2,171,1745,1010,2928,94
78,野口橋,府中街道×新青梅街道,R4/10,東村山,全方向合計,12,8,130,1899,1036,3073,93
78,野口橋,府中街道×新青梅街道,R4/10,東村山,全方向合計,13,9,105,1770,1078,2962,99
78,野口橋,府中街道×新青梅街道,R4/10,東村山,全方向合計,14,32,92,1747,976,2847,92
78,野口橋,府中街道×新青梅街道,R4/10,東村山,全方向合計,15,33,125,1981,1019,3158,126
78,野口橋,府中街道×新青梅街道,R4/10,東村山,全方向合計,16,20,98,2026,1079,3223,118
78,野口橋,府中街道×新青梅街道,R4/10,東村山,全方向合計,17,10,86,2191,1101,3388,143
78,野口橋,府中街道×新青梅街道,R4/10,東村山,全方向合計,18,12,51,2276,938,3277,166
78,野口橋,府中街道×新青梅街道,R4/10,東村山,全方向合計,12時間計,228,1417,22654,12721,37020,1400
