﻿地点番号,地点名,交差道路名,調査年月,管轄警察署,流入方向,流出方向,時間帯等,車道通行自転車,歩道通行自転車,自転車計
78,野口橋,府中街道×新青梅街道,R4/10,東村山,A 所沢,1田無,7,0,-,-
78,野口橋,府中街道×新青梅街道,R4/10,東村山,A 所沢,1田無,8,0,-,-
78,野口橋,府中街道×新青梅街道,R4/10,東村山,A 所沢,1田無,9,0,-,-
78,野口橋,府中街道×新青梅街道,R4/10,東村山,A 所沢,1田無,10,0,-,-
78,野口橋,府中街道×新青梅街道,R4/10,東村山,A 所沢,1田無,11,0,-,-
78,野口橋,府中街道×新青梅街道,R4/10,東村山,A 所沢,1田無,12,0,-,-
78,野口橋,府中街道×新青梅街道,R4/10,東村山,A 所沢,1田無,13,0,-,-
78,野口橋,府中街道×新青梅街道,R4/10,東村山,A 所沢,1田無,14,0,-,-
78,野口橋,府中街道×新青梅街道,R4/10,東村山,A 所沢,1田無,15,0,-,-
78,野口橋,府中街道×新青梅街道,R4/10,東村山,A 所沢,1田無,16,0,-,-
78,野口橋,府中街道×新青梅街道,R4/10,東村山,A 所沢,1田無,17,0,-,-
78,野口橋,府中街道×新青梅街道,R4/10,東村山,A 所沢,1田無,18,0,-,-
78,野口橋,府中街道×新青梅街道,R4/10,東村山,A 所沢,1田無,12時間計,0,-,-
78,野口橋,府中街道×新青梅街道,R4/10,東村山,A 所沢,2府中,7,25,-,-
78,野口橋,府中街道×新青梅街道,R4/10,東村山,A 所沢,2府中,8,33,-,-
78,野口橋,府中街道×新青梅街道,R4/10,東村山,A 所沢,2府中,9,30,-,-
78,野口橋,府中街道×新青梅街道,R4/10,東村山,A 所沢,2府中,10,18,-,-
78,野口橋,府中街道×新青梅街道,R4/10,東村山,A 所沢,2府中,11,3,-,-
78,野口橋,府中街道×新青梅街道,R4/10,東村山,A 所沢,2府中,12,6,-,-
78,野口橋,府中街道×新青梅街道,R4/10,東村山,A 所沢,2府中,13,25,-,-
78,野口橋,府中街道×新青梅街道,R4/10,東村山,A 所沢,2府中,14,19,-,-
78,野口橋,府中街道×新青梅街道,R4/10,東村山,A 所沢,2府中,15,9,-,-
78,野口橋,府中街道×新青梅街道,R4/10,東村山,A 所沢,2府中,16,8,-,-
78,野口橋,府中街道×新青梅街道,R4/10,東村山,A 所沢,2府中,17,6,-,-
78,野口橋,府中街道×新青梅街道,R4/10,東村山,A 所沢,2府中,18,56,-,-
78,野口橋,府中街道×新青梅街道,R4/10,東村山,A 所沢,2府中,12時間計,238,-,-
78,野口橋,府中街道×新青梅街道,R4/10,東村山,A 所沢,3青梅,7,0,-,-
78,野口橋,府中街道×新青梅街道,R4/10,東村山,A 所沢,3青梅,8,0,-,-
78,野口橋,府中街道×新青梅街道,R4/10,東村山,A 所沢,3青梅,9,0,-,-
78,野口橋,府中街道×新青梅街道,R4/10,東村山,A 所沢,3青梅,10,0,-,-
78,野口橋,府中街道×新青梅街道,R4/10,東村山,A 所沢,3青梅,11,0,-,-
78,野口橋,府中街道×新青梅街道,R4/10,東村山,A 所沢,3青梅,12,0,-,-
78,野口橋,府中街道×新青梅街道,R4/10,東村山,A 所沢,3青梅,13,0,-,-
78,野口橋,府中街道×新青梅街道,R4/10,東村山,A 所沢,3青梅,14,0,-,-
78,野口橋,府中街道×新青梅街道,R4/10,東村山,A 所沢,3青梅,15,0,-,-
78,野口橋,府中街道×新青梅街道,R4/10,東村山,A 所沢,3青梅,16,0,-,-
78,野口橋,府中街道×新青梅街道,R4/10,東村山,A 所沢,3青梅,17,0,-,-
78,野口橋,府中街道×新青梅街道,R4/10,東村山,A 所沢,3青梅,18,0,-,-
78,野口橋,府中街道×新青梅街道,R4/10,東村山,A 所沢,3青梅,12時間計,0,-,-
78,野口橋,府中街道×新青梅街道,R4/10,東村山,A 所沢,13田無,7,3,-,-
78,野口橋,府中街道×新青梅街道,R4/10,東村山,A 所沢,13田無,8,0,-,-
78,野口橋,府中街道×新青梅街道,R4/10,東村山,A 所沢,13田無,9,3,-,-
78,野口橋,府中街道×新青梅街道,R4/10,東村山,A 所沢,13田無,10,3,-,-
78,野口橋,府中街道×新青梅街道,R4/10,東村山,A 所沢,13田無,11,3,-,-
78,野口橋,府中街道×新青梅街道,R4/10,東村山,A 所沢,13田無,12,1,-,-
78,野口橋,府中街道×新青梅街道,R4/10,東村山,A 所沢,13田無,13,2,-,-
78,野口橋,府中街道×新青梅街道,R4/10,東村山,A 所沢,13田無,14,2,-,-
78,野口橋,府中街道×新青梅街道,R4/10,東村山,A 所沢,13田無,15,5,-,-
78,野口橋,府中街道×新青梅街道,R4/10,東村山,A 所沢,13田無,16,3,-,-
78,野口橋,府中街道×新青梅街道,R4/10,東村山,A 所沢,13田無,17,5,-,-
78,野口橋,府中街道×新青梅街道,R4/10,東村山,A 所沢,13田無,18,1,-,-
78,野口橋,府中街道×新青梅街道,R4/10,東村山,A 所沢,13田無,12時間計,31,-,-
78,野口橋,府中街道×新青梅街道,R4/10,東村山,A 所沢,流入計,7,28,75,103
78,野口橋,府中街道×新青梅街道,R4/10,東村山,A 所沢,流入計,8,33,127,160
78,野口橋,府中街道×新青梅街道,R4/10,東村山,A 所沢,流入計,9,33,87,120
78,野口橋,府中街道×新青梅街道,R4/10,東村山,A 所沢,流入計,10,21,80,101
78,野口橋,府中街道×新青梅街道,R4/10,東村山,A 所沢,流入計,11,6,97,103
78,野口橋,府中街道×新青梅街道,R4/10,東村山,A 所沢,流入計,12,7,75,82
78,野口橋,府中街道×新青梅街道,R4/10,東村山,A 所沢,流入計,13,27,71,98
78,野口橋,府中街道×新青梅街道,R4/10,東村山,A 所沢,流入計,14,21,92,113
78,野口橋,府中街道×新青梅街道,R4/10,東村山,A 所沢,流入計,15,14,126,140
78,野口橋,府中街道×新青梅街道,R4/10,東村山,A 所沢,流入計,16,11,105,116
78,野口橋,府中街道×新青梅街道,R4/10,東村山,A 所沢,流入計,17,11,122,133
78,野口橋,府中街道×新青梅街道,R4/10,東村山,A 所沢,流入計,18,57,91,148
78,野口橋,府中街道×新青梅街道,R4/10,東村山,A 所沢,流入計,12時間計,269,1148,1417
78,野口橋,府中街道×新青梅街道,R4/10,東村山,B 青梅,4所沢,7,0,-,-
78,野口橋,府中街道×新青梅街道,R4/10,東村山,B 青梅,4所沢,8,0,-,-
78,野口橋,府中街道×新青梅街道,R4/10,東村山,B 青梅,4所沢,9,0,-,-
78,野口橋,府中街道×新青梅街道,R4/10,東村山,B 青梅,4所沢,10,0,-,-
78,野口橋,府中街道×新青梅街道,R4/10,東村山,B 青梅,4所沢,11,0,-,-
78,野口橋,府中街道×新青梅街道,R4/10,東村山,B 青梅,4所沢,12,0,-,-
78,野口橋,府中街道×新青梅街道,R4/10,東村山,B 青梅,4所沢,13,0,-,-
78,野口橋,府中街道×新青梅街道,R4/10,東村山,B 青梅,4所沢,14,0,-,-
78,野口橋,府中街道×新青梅街道,R4/10,東村山,B 青梅,4所沢,15,0,-,-
78,野口橋,府中街道×新青梅街道,R4/10,東村山,B 青梅,4所沢,16,0,-,-
78,野口橋,府中街道×新青梅街道,R4/10,東村山,B 青梅,4所沢,17,0,-,-
78,野口橋,府中街道×新青梅街道,R4/10,東村山,B 青梅,4所沢,18,0,-,-
78,野口橋,府中街道×新青梅街道,R4/10,東村山,B 青梅,4所沢,12時間計,0,-,-
78,野口橋,府中街道×新青梅街道,R4/10,東村山,B 青梅,5田無,7,1,-,-
78,野口橋,府中街道×新青梅街道,R4/10,東村山,B 青梅,5田無,8,2,-,-
78,野口橋,府中街道×新青梅街道,R4/10,東村山,B 青梅,5田無,9,4,-,-
78,野口橋,府中街道×新青梅街道,R4/10,東村山,B 青梅,5田無,10,1,-,-
78,野口橋,府中街道×新青梅街道,R4/10,東村山,B 青梅,5田無,11,2,-,-
78,野口橋,府中街道×新青梅街道,R4/10,東村山,B 青梅,5田無,12,0,-,-
78,野口橋,府中街道×新青梅街道,R4/10,東村山,B 青梅,5田無,13,3,-,-
78,野口橋,府中街道×新青梅街道,R4/10,東村山,B 青梅,5田無,14,1,-,-
78,野口橋,府中街道×新青梅街道,R4/10,東村山,B 青梅,5田無,15,3,-,-
78,野口橋,府中街道×新青梅街道,R4/10,東村山,B 青梅,5田無,16,2,-,-
78,野口橋,府中街道×新青梅街道,R4/10,東村山,B 青梅,5田無,17,4,-,-
78,野口橋,府中街道×新青梅街道,R4/10,東村山,B 青梅,5田無,18,3,-,-
78,野口橋,府中街道×新青梅街道,R4/10,東村山,B 青梅,5田無,12時間計,26,-,-
78,野口橋,府中街道×新青梅街道,R4/10,東村山,B 青梅,6府中,7,1,-,-
78,野口橋,府中街道×新青梅街道,R4/10,東村山,B 青梅,6府中,8,0,-,-
78,野口橋,府中街道×新青梅街道,R4/10,東村山,B 青梅,6府中,9,0,-,-
78,野口橋,府中街道×新青梅街道,R4/10,東村山,B 青梅,6府中,10,0,-,-
78,野口橋,府中街道×新青梅街道,R4/10,東村山,B 青梅,6府中,11,0,-,-
78,野口橋,府中街道×新青梅街道,R4/10,東村山,B 青梅,6府中,12,0,-,-
78,野口橋,府中街道×新青梅街道,R4/10,東村山,B 青梅,6府中,13,0,-,-
78,野口橋,府中街道×新青梅街道,R4/10,東村山,B 青梅,6府中,14,1,-,-
78,野口橋,府中街道×新青梅街道,R4/10,東村山,B 青梅,6府中,15,1,-,-
78,野口橋,府中街道×新青梅街道,R4/10,東村山,B 青梅,6府中,16,0,-,-
78,野口橋,府中街道×新青梅街道,R4/10,東村山,B 青梅,6府中,17,0,-,-
78,野口橋,府中街道×新青梅街道,R4/10,東村山,B 青梅,6府中,18,0,-,-
78,野口橋,府中街道×新青梅街道,R4/10,東村山,B 青梅,6府中,12時間計,3,-,-
78,野口橋,府中街道×新青梅街道,R4/10,東村山,B 青梅,流入計,7,2,48,50
78,野口橋,府中街道×新青梅街道,R4/10,東村山,B 青梅,流入計,8,2,114,116
78,野口橋,府中街道×新青梅街道,R4/10,東村山,B 青梅,流入計,9,4,67,71
78,野口橋,府中街道×新青梅街道,R4/10,東村山,B 青梅,流入計,10,1,33,34
78,野口橋,府中街道×新青梅街道,R4/10,東村山,B 青梅,流入計,11,2,33,35
78,野口橋,府中街道×新青梅街道,R4/10,東村山,B 青梅,流入計,12,0,28,28
78,野口橋,府中街道×新青梅街道,R4/10,東村山,B 青梅,流入計,13,3,36,39
78,野口橋,府中街道×新青梅街道,R4/10,東村山,B 青梅,流入計,14,2,38,40
78,野口橋,府中街道×新青梅街道,R4/10,東村山,B 青梅,流入計,15,4,44,48
78,野口橋,府中街道×新青梅街道,R4/10,東村山,B 青梅,流入計,16,2,57,59
78,野口橋,府中街道×新青梅街道,R4/10,東村山,B 青梅,流入計,17,4,69,73
78,野口橋,府中街道×新青梅街道,R4/10,東村山,B 青梅,流入計,18,3,41,44
78,野口橋,府中街道×新青梅街道,R4/10,東村山,B 青梅,流入計,12時間計,29,608,637
78,野口橋,府中街道×新青梅街道,R4/10,東村山,C 府中,7青梅,7,8,-,-
78,野口橋,府中街道×新青梅街道,R4/10,東村山,C 府中,7青梅,8,6,-,-
78,野口橋,府中街道×新青梅街道,R4/10,東村山,C 府中,7青梅,9,0,-,-
78,野口橋,府中街道×新青梅街道,R4/10,東村山,C 府中,7青梅,10,0,-,-
78,野口橋,府中街道×新青梅街道,R4/10,東村山,C 府中,7青梅,11,0,-,-
78,野口橋,府中街道×新青梅街道,R4/10,東村山,C 府中,7青梅,12,1,-,-
78,野口橋,府中街道×新青梅街道,R4/10,東村山,C 府中,7青梅,13,0,-,-
78,野口橋,府中街道×新青梅街道,R4/10,東村山,C 府中,7青梅,14,1,-,-
78,野口橋,府中街道×新青梅街道,R4/10,東村山,C 府中,7青梅,15,0,-,-
78,野口橋,府中街道×新青梅街道,R4/10,東村山,C 府中,7青梅,16,1,-,-
78,野口橋,府中街道×新青梅街道,R4/10,東村山,C 府中,7青梅,17,0,-,-
78,野口橋,府中街道×新青梅街道,R4/10,東村山,C 府中,7青梅,18,0,-,-
78,野口橋,府中街道×新青梅街道,R4/10,東村山,C 府中,7青梅,12時間計,17,-,-
78,野口橋,府中街道×新青梅街道,R4/10,東村山,C 府中,8所沢,7,4,-,-
78,野口橋,府中街道×新青梅街道,R4/10,東村山,C 府中,8所沢,8,3,-,-
78,野口橋,府中街道×新青梅街道,R4/10,東村山,C 府中,8所沢,9,0,-,-
78,野口橋,府中街道×新青梅街道,R4/10,東村山,C 府中,8所沢,10,2,-,-
78,野口橋,府中街道×新青梅街道,R4/10,東村山,C 府中,8所沢,11,2,-,-
78,野口橋,府中街道×新青梅街道,R4/10,東村山,C 府中,8所沢,12,1,-,-
78,野口橋,府中街道×新青梅街道,R4/10,東村山,C 府中,8所沢,13,1,-,-
78,野口橋,府中街道×新青梅街道,R4/10,東村山,C 府中,8所沢,14,0,-,-
78,野口橋,府中街道×新青梅街道,R4/10,東村山,C 府中,8所沢,15,2,-,-
78,野口橋,府中街道×新青梅街道,R4/10,東村山,C 府中,8所沢,16,1,-,-
78,野口橋,府中街道×新青梅街道,R4/10,東村山,C 府中,8所沢,17,5,-,-
78,野口橋,府中街道×新青梅街道,R4/10,東村山,C 府中,8所沢,18,3,-,-
78,野口橋,府中街道×新青梅街道,R4/10,東村山,C 府中,8所沢,12時間計,24,-,-
78,野口橋,府中街道×新青梅街道,R4/10,東村山,C 府中,9田無,7,0,-,-
78,野口橋,府中街道×新青梅街道,R4/10,東村山,C 府中,9田無,8,0,-,-
78,野口橋,府中街道×新青梅街道,R4/10,東村山,C 府中,9田無,9,0,-,-
78,野口橋,府中街道×新青梅街道,R4/10,東村山,C 府中,9田無,10,1,-,-
78,野口橋,府中街道×新青梅街道,R4/10,東村山,C 府中,9田無,11,0,-,-
78,野口橋,府中街道×新青梅街道,R4/10,東村山,C 府中,9田無,12,0,-,-
78,野口橋,府中街道×新青梅街道,R4/10,東村山,C 府中,9田無,13,0,-,-
78,野口橋,府中街道×新青梅街道,R4/10,東村山,C 府中,9田無,14,0,-,-
78,野口橋,府中街道×新青梅街道,R4/10,東村山,C 府中,9田無,15,0,-,-
78,野口橋,府中街道×新青梅街道,R4/10,東村山,C 府中,9田無,16,0,-,-
78,野口橋,府中街道×新青梅街道,R4/10,東村山,C 府中,9田無,17,0,-,-
78,野口橋,府中街道×新青梅街道,R4/10,東村山,C 府中,9田無,18,0,-,-
78,野口橋,府中街道×新青梅街道,R4/10,東村山,C 府中,9田無,12時間計,1,-,-
78,野口橋,府中街道×新青梅街道,R4/10,東村山,C 府中,流入計,7,12,79,91
78,野口橋,府中街道×新青梅街道,R4/10,東村山,C 府中,流入計,8,9,142,151
78,野口橋,府中街道×新青梅街道,R4/10,東村山,C 府中,流入計,9,0,87,87
78,野口橋,府中街道×新青梅街道,R4/10,東村山,C 府中,流入計,10,3,81,84
78,野口橋,府中街道×新青梅街道,R4/10,東村山,C 府中,流入計,11,2,62,64
78,野口橋,府中街道×新青梅街道,R4/10,東村山,C 府中,流入計,12,2,88,90
78,野口橋,府中街道×新青梅街道,R4/10,東村山,C 府中,流入計,13,1,88,89
78,野口橋,府中街道×新青梅街道,R4/10,東村山,C 府中,流入計,14,1,65,66
78,野口橋,府中街道×新青梅街道,R4/10,東村山,C 府中,流入計,15,2,90,92
78,野口橋,府中街道×新青梅街道,R4/10,東村山,C 府中,流入計,16,2,93,95
78,野口橋,府中街道×新青梅街道,R4/10,東村山,C 府中,流入計,17,5,107,112
78,野口橋,府中街道×新青梅街道,R4/10,東村山,C 府中,流入計,18,3,93,96
78,野口橋,府中街道×新青梅街道,R4/10,東村山,C 府中,流入計,12時間計,42,1075,1117
78,野口橋,府中街道×新青梅街道,R4/10,東村山,D 田無,10府中,7,1,-,-
78,野口橋,府中街道×新青梅街道,R4/10,東村山,D 田無,10府中,8,0,-,-
78,野口橋,府中街道×新青梅街道,R4/10,東村山,D 田無,10府中,9,0,-,-
78,野口橋,府中街道×新青梅街道,R4/10,東村山,D 田無,10府中,10,0,-,-
78,野口橋,府中街道×新青梅街道,R4/10,東村山,D 田無,10府中,11,0,-,-
78,野口橋,府中街道×新青梅街道,R4/10,東村山,D 田無,10府中,12,0,-,-
78,野口橋,府中街道×新青梅街道,R4/10,東村山,D 田無,10府中,13,0,-,-
78,野口橋,府中街道×新青梅街道,R4/10,東村山,D 田無,10府中,14,0,-,-
78,野口橋,府中街道×新青梅街道,R4/10,東村山,D 田無,10府中,15,0,-,-
78,野口橋,府中街道×新青梅街道,R4/10,東村山,D 田無,10府中,16,0,-,-
78,野口橋,府中街道×新青梅街道,R4/10,東村山,D 田無,10府中,17,0,-,-
78,野口橋,府中街道×新青梅街道,R4/10,東村山,D 田無,10府中,18,0,-,-
78,野口橋,府中街道×新青梅街道,R4/10,東村山,D 田無,10府中,12時間計,1,-,-
78,野口橋,府中街道×新青梅街道,R4/10,東村山,D 田無,11青梅,7,2,-,-
78,野口橋,府中街道×新青梅街道,R4/10,東村山,D 田無,11青梅,8,7,-,-
78,野口橋,府中街道×新青梅街道,R4/10,東村山,D 田無,11青梅,9,2,-,-
78,野口橋,府中街道×新青梅街道,R4/10,東村山,D 田無,11青梅,10,3,-,-
78,野口橋,府中街道×新青梅街道,R4/10,東村山,D 田無,11青梅,11,1,-,-
78,野口橋,府中街道×新青梅街道,R4/10,東村山,D 田無,11青梅,12,0,-,-
78,野口橋,府中街道×新青梅街道,R4/10,東村山,D 田無,11青梅,13,0,-,-
78,野口橋,府中街道×新青梅街道,R4/10,東村山,D 田無,11青梅,14,0,-,-
78,野口橋,府中街道×新青梅街道,R4/10,東村山,D 田無,11青梅,15,8,-,-
78,野口橋,府中街道×新青梅街道,R4/10,東村山,D 田無,11青梅,16,0,-,-
78,野口橋,府中街道×新青梅街道,R4/10,東村山,D 田無,11青梅,17,0,-,-
78,野口橋,府中街道×新青梅街道,R4/10,東村山,D 田無,11青梅,18,3,-,-
78,野口橋,府中街道×新青梅街道,R4/10,東村山,D 田無,11青梅,12時間計,26,-,-
78,野口橋,府中街道×新青梅街道,R4/10,東村山,D 田無,12所沢,7,0,-,-
78,野口橋,府中街道×新青梅街道,R4/10,東村山,D 田無,12所沢,8,0,-,-
78,野口橋,府中街道×新青梅街道,R4/10,東村山,D 田無,12所沢,9,0,-,-
78,野口橋,府中街道×新青梅街道,R4/10,東村山,D 田無,12所沢,10,0,-,-
78,野口橋,府中街道×新青梅街道,R4/10,東村山,D 田無,12所沢,11,0,-,-
78,野口橋,府中街道×新青梅街道,R4/10,東村山,D 田無,12所沢,12,0,-,-
78,野口橋,府中街道×新青梅街道,R4/10,東村山,D 田無,12所沢,13,0,-,-
78,野口橋,府中街道×新青梅街道,R4/10,東村山,D 田無,12所沢,14,0,-,-
78,野口橋,府中街道×新青梅街道,R4/10,東村山,D 田無,12所沢,15,0,-,-
78,野口橋,府中街道×新青梅街道,R4/10,東村山,D 田無,12所沢,16,0,-,-
78,野口橋,府中街道×新青梅街道,R4/10,東村山,D 田無,12所沢,17,0,-,-
78,野口橋,府中街道×新青梅街道,R4/10,東村山,D 田無,12所沢,18,0,-,-
78,野口橋,府中街道×新青梅街道,R4/10,東村山,D 田無,12所沢,12時間計,0,-,-
78,野口橋,府中街道×新青梅街道,R4/10,東村山,D 田無,流入計,7,3,22,25
78,野口橋,府中街道×新青梅街道,R4/10,東村山,D 田無,流入計,8,7,29,36
78,野口橋,府中街道×新青梅街道,R4/10,東村山,D 田無,流入計,9,2,14,16
78,野口橋,府中街道×新青梅街道,R4/10,東村山,D 田無,流入計,10,3,22,25
78,野口橋,府中街道×新青梅街道,R4/10,東村山,D 田無,流入計,11,1,16,17
78,野口橋,府中街道×新青梅街道,R4/10,東村山,D 田無,流入計,12,0,20,20
78,野口橋,府中街道×新青梅街道,R4/10,東村山,D 田無,流入計,13,0,20,20
78,野口橋,府中街道×新青梅街道,R4/10,東村山,D 田無,流入計,14,0,14,14
78,野口橋,府中街道×新青梅街道,R4/10,東村山,D 田無,流入計,15,8,32,40
78,野口橋,府中街道×新青梅街道,R4/10,東村山,D 田無,流入計,16,0,17,17
78,野口橋,府中街道×新青梅街道,R4/10,東村山,D 田無,流入計,17,0,30,30
78,野口橋,府中街道×新青梅街道,R4/10,東村山,D 田無,流入計,18,3,26,29
78,野口橋,府中街道×新青梅街道,R4/10,東村山,D 田無,流入計,12時間計,27,262,289
78,野口橋,府中街道×新青梅街道,R4/10,東村山,全方向計,全方向計,7,45,224,269
78,野口橋,府中街道×新青梅街道,R4/10,東村山,全方向計,全方向計,8,51,412,463
78,野口橋,府中街道×新青梅街道,R4/10,東村山,全方向計,全方向計,9,39,255,294
78,野口橋,府中街道×新青梅街道,R4/10,東村山,全方向計,全方向計,10,28,216,244
78,野口橋,府中街道×新青梅街道,R4/10,東村山,全方向計,全方向計,11,11,208,219
78,野口橋,府中街道×新青梅街道,R4/10,東村山,全方向計,全方向計,12,9,211,220
78,野口橋,府中街道×新青梅街道,R4/10,東村山,全方向計,全方向計,13,31,215,246
78,野口橋,府中街道×新青梅街道,R4/10,東村山,全方向計,全方向計,14,24,209,233
78,野口橋,府中街道×新青梅街道,R4/10,東村山,全方向計,全方向計,15,28,292,320
78,野口橋,府中街道×新青梅街道,R4/10,東村山,全方向計,全方向計,16,15,272,287
78,野口橋,府中街道×新青梅街道,R4/10,東村山,全方向計,全方向計,17,20,328,348
78,野口橋,府中街道×新青梅街道,R4/10,東村山,全方向計,全方向計,18,66,251,317
78,野口橋,府中街道×新青梅街道,R4/10,東村山,全方向計,全方向計,12時間計,367,3093,3460
