﻿地点番号,地点名,交差道路名,調査年月,管轄警察署,流出方向,時間帯等,大型乗用,大型貨物,普通乗用,普通貨物,四輪計,二輪車
307,上野駅,昭和通り×浅草通り,R4/11,上野,A 千住,7,3,57,366,265,691,46
307,上野駅,昭和通り×浅草通り,R4/11,上野,A 千住,8,8,34,421,360,823,43
307,上野駅,昭和通り×浅草通り,R4/11,上野,A 千住,9,4,59,412,377,852,56
307,上野駅,昭和通り×浅草通り,R4/11,上野,A 千住,10,3,64,385,352,804,57
307,上野駅,昭和通り×浅草通り,R4/11,上野,A 千住,11,6,53,394,451,904,58
307,上野駅,昭和通り×浅草通り,R4/11,上野,A 千住,12,5,52,526,430,1013,61
307,上野駅,昭和通り×浅草通り,R4/11,上野,A 千住,13,4,28,535,373,940,77
307,上野駅,昭和通り×浅草通り,R4/11,上野,A 千住,14,6,29,609,452,1096,81
307,上野駅,昭和通り×浅草通り,R4/11,上野,A 千住,15,2,34,536,425,997,88
307,上野駅,昭和通り×浅草通り,R4/11,上野,A 千住,16,1,41,540,351,933,89
307,上野駅,昭和通り×浅草通り,R4/11,上野,A 千住,17,1,23,657,359,1040,89
307,上野駅,昭和通り×浅草通り,R4/11,上野,A 千住,18,3,43,741,267,1054,136
307,上野駅,昭和通り×浅草通り,R4/11,上野,A 千住,12時間計,46,517,6122,4462,11147,881
307,上野駅,昭和通り×浅草通り,R4/11,上野,B 上野駅,7,0,0,0,0,0,0
307,上野駅,昭和通り×浅草通り,R4/11,上野,B 上野駅,8,0,0,0,0,0,0
307,上野駅,昭和通り×浅草通り,R4/11,上野,B 上野駅,9,0,0,0,0,0,0
307,上野駅,昭和通り×浅草通り,R4/11,上野,B 上野駅,10,0,0,0,0,0,0
307,上野駅,昭和通り×浅草通り,R4/11,上野,B 上野駅,11,0,0,0,0,0,0
307,上野駅,昭和通り×浅草通り,R4/11,上野,B 上野駅,12,0,0,0,0,0,0
307,上野駅,昭和通り×浅草通り,R4/11,上野,B 上野駅,13,0,0,0,0,0,0
307,上野駅,昭和通り×浅草通り,R4/11,上野,B 上野駅,14,0,0,0,0,0,0
307,上野駅,昭和通り×浅草通り,R4/11,上野,B 上野駅,15,0,0,0,0,0,0
307,上野駅,昭和通り×浅草通り,R4/11,上野,B 上野駅,16,0,0,0,0,0,0
307,上野駅,昭和通り×浅草通り,R4/11,上野,B 上野駅,17,0,0,0,0,0,0
307,上野駅,昭和通り×浅草通り,R4/11,上野,B 上野駅,18,0,0,0,0,0,0
307,上野駅,昭和通り×浅草通り,R4/11,上野,B 上野駅,12時間計,0,0,0,0,0,0
307,上野駅,昭和通り×浅草通り,R4/11,上野,C 秋葉原,7,33,59,1102,967,2161,213
307,上野駅,昭和通り×浅草通り,R4/11,上野,C 秋葉原,8,53,32,1278,893,2256,188
307,上野駅,昭和通り×浅草通り,R4/11,上野,C 秋葉原,9,31,42,1261,761,2095,115
307,上野駅,昭和通り×浅草通り,R4/11,上野,C 秋葉原,10,20,72,1053,703,1848,111
307,上野駅,昭和通り×浅草通り,R4/11,上野,C 秋葉原,11,36,80,1381,723,2220,124
307,上野駅,昭和通り×浅草通り,R4/11,上野,C 秋葉原,12,26,74,1196,625,1921,83
307,上野駅,昭和通り×浅草通り,R4/11,上野,C 秋葉原,13,39,59,1227,592,1917,92
307,上野駅,昭和通り×浅草通り,R4/11,上野,C 秋葉原,14,21,43,1245,584,1893,98
307,上野駅,昭和通り×浅草通り,R4/11,上野,C 秋葉原,15,27,23,953,417,1420,80
307,上野駅,昭和通り×浅草通り,R4/11,上野,C 秋葉原,16,25,20,1042,464,1551,59
307,上野駅,昭和通り×浅草通り,R4/11,上野,C 秋葉原,17,19,26,1359,328,1732,104
307,上野駅,昭和通り×浅草通り,R4/11,上野,C 秋葉原,18,18,24,1193,266,1501,97
307,上野駅,昭和通り×浅草通り,R4/11,上野,C 秋葉原,12時間計,348,554,14290,7323,22515,1364
307,上野駅,昭和通り×浅草通り,R4/11,上野,D 浅草,7,18,4,191,88,301,11
307,上野駅,昭和通り×浅草通り,R4/11,上野,D 浅草,8,10,11,248,100,369,13
307,上野駅,昭和通り×浅草通り,R4/11,上野,D 浅草,9,14,8,349,172,543,18
307,上野駅,昭和通り×浅草通り,R4/11,上野,D 浅草,10,16,6,365,215,602,16
307,上野駅,昭和通り×浅草通り,R4/11,上野,D 浅草,11,17,3,361,236,617,21
307,上野駅,昭和通り×浅草通り,R4/11,上野,D 浅草,12,18,4,347,172,541,19
307,上野駅,昭和通り×浅草通り,R4/11,上野,D 浅草,13,20,4,366,174,564,23
307,上野駅,昭和通り×浅草通り,R4/11,上野,D 浅草,14,21,6,424,187,638,31
307,上野駅,昭和通り×浅草通り,R4/11,上野,D 浅草,15,17,3,544,198,762,17
307,上野駅,昭和通り×浅草通り,R4/11,上野,D 浅草,16,18,1,497,229,745,26
307,上野駅,昭和通り×浅草通り,R4/11,上野,D 浅草,17,14,1,389,199,603,23
307,上野駅,昭和通り×浅草通り,R4/11,上野,D 浅草,18,15,1,438,140,594,15
307,上野駅,昭和通り×浅草通り,R4/11,上野,D 浅草,12時間計,198,52,4519,2110,6879,233
307,上野駅,昭和通り×浅草通り,R4/11,上野,全方向合計,7,54,120,1659,1320,3153,270
307,上野駅,昭和通り×浅草通り,R4/11,上野,全方向合計,8,71,77,1947,1353,3448,244
307,上野駅,昭和通り×浅草通り,R4/11,上野,全方向合計,9,49,109,2022,1310,3490,189
307,上野駅,昭和通り×浅草通り,R4/11,上野,全方向合計,10,39,142,1803,1270,3254,184
307,上野駅,昭和通り×浅草通り,R4/11,上野,全方向合計,11,59,136,2136,1410,3741,203
307,上野駅,昭和通り×浅草通り,R4/11,上野,全方向合計,12,49,130,2069,1227,3475,163
307,上野駅,昭和通り×浅草通り,R4/11,上野,全方向合計,13,63,91,2128,1139,3421,192
307,上野駅,昭和通り×浅草通り,R4/11,上野,全方向合計,14,48,78,2278,1223,3627,210
307,上野駅,昭和通り×浅草通り,R4/11,上野,全方向合計,15,46,60,2033,1040,3179,185
307,上野駅,昭和通り×浅草通り,R4/11,上野,全方向合計,16,44,62,2079,1044,3229,174
307,上野駅,昭和通り×浅草通り,R4/11,上野,全方向合計,17,34,50,2405,886,3375,216
307,上野駅,昭和通り×浅草通り,R4/11,上野,全方向合計,18,36,68,2372,673,3149,248
307,上野駅,昭和通り×浅草通り,R4/11,上野,全方向合計,12時間計,592,1123,24931,13895,40541,2478
