﻿地点番号,地点名,交差道路名,調査年月,管轄警察署,流出方向,時間帯等,大型乗用,大型貨物,普通乗用,普通貨物,四輪計,二輪車
52,南蒲田,環八通り×第一京浜,R4/11,蒲田,A 平和島,7,21,73,857,321,1272,252
52,南蒲田,環八通り×第一京浜,R4/11,蒲田,A 平和島,8,23,104,827,320,1274,180
52,南蒲田,環八通り×第一京浜,R4/11,蒲田,A 平和島,9,15,125,581,455,1176,83
52,南蒲田,環八通り×第一京浜,R4/11,蒲田,A 平和島,10,17,115,548,405,1085,53
52,南蒲田,環八通り×第一京浜,R4/11,蒲田,A 平和島,11,9,126,582,482,1199,75
52,南蒲田,環八通り×第一京浜,R4/11,蒲田,A 平和島,12,10,104,451,462,1027,75
52,南蒲田,環八通り×第一京浜,R4/11,蒲田,A 平和島,13,18,76,517,353,964,46
52,南蒲田,環八通り×第一京浜,R4/11,蒲田,A 平和島,14,18,96,576,366,1056,56
52,南蒲田,環八通り×第一京浜,R4/11,蒲田,A 平和島,15,16,42,532,404,994,71
52,南蒲田,環八通り×第一京浜,R4/11,蒲田,A 平和島,16,23,37,714,340,1114,85
52,南蒲田,環八通り×第一京浜,R4/11,蒲田,A 平和島,17,17,43,809,309,1178,122
52,南蒲田,環八通り×第一京浜,R4/11,蒲田,A 平和島,18,12,24,809,297,1142,136
52,南蒲田,環八通り×第一京浜,R4/11,蒲田,A 平和島,12時間計,199,965,7803,4514,13481,1234
52,南蒲田,環八通り×第一京浜,R4/11,蒲田,B 矢口,7,13,29,362,420,824,94
52,南蒲田,環八通り×第一京浜,R4/11,蒲田,B 矢口,8,12,44,465,280,801,40
52,南蒲田,環八通り×第一京浜,R4/11,蒲田,B 矢口,9,9,34,530,371,944,45
52,南蒲田,環八通り×第一京浜,R4/11,蒲田,B 矢口,10,6,35,351,436,828,38
52,南蒲田,環八通り×第一京浜,R4/11,蒲田,B 矢口,11,8,62,422,279,771,52
52,南蒲田,環八通り×第一京浜,R4/11,蒲田,B 矢口,12,8,23,520,308,859,73
52,南蒲田,環八通り×第一京浜,R4/11,蒲田,B 矢口,13,8,28,436,383,855,59
52,南蒲田,環八通り×第一京浜,R4/11,蒲田,B 矢口,14,14,47,533,288,882,56
52,南蒲田,環八通り×第一京浜,R4/11,蒲田,B 矢口,15,16,23,662,305,1006,52
52,南蒲田,環八通り×第一京浜,R4/11,蒲田,B 矢口,16,10,17,601,349,977,77
52,南蒲田,環八通り×第一京浜,R4/11,蒲田,B 矢口,17,10,32,565,221,828,105
52,南蒲田,環八通り×第一京浜,R4/11,蒲田,B 矢口,18,12,11,729,204,956,127
52,南蒲田,環八通り×第一京浜,R4/11,蒲田,B 矢口,12時間計,126,385,6176,3844,10531,818
52,南蒲田,環八通り×第一京浜,R4/11,蒲田,C 川崎,7,12,103,493,327,935,81
52,南蒲田,環八通り×第一京浜,R4/11,蒲田,C 川崎,8,39,110,537,337,1023,72
52,南蒲田,環八通り×第一京浜,R4/11,蒲田,C 川崎,9,10,118,402,391,921,56
52,南蒲田,環八通り×第一京浜,R4/11,蒲田,C 川崎,10,11,125,494,363,993,52
52,南蒲田,環八通り×第一京浜,R4/11,蒲田,C 川崎,11,11,105,504,348,968,57
52,南蒲田,環八通り×第一京浜,R4/11,蒲田,C 川崎,12,8,105,473,319,905,56
52,南蒲田,環八通り×第一京浜,R4/11,蒲田,C 川崎,13,5,116,531,307,959,61
52,南蒲田,環八通り×第一京浜,R4/11,蒲田,C 川崎,14,9,122,476,374,981,55
52,南蒲田,環八通り×第一京浜,R4/11,蒲田,C 川崎,15,16,82,467,409,974,90
52,南蒲田,環八通り×第一京浜,R4/11,蒲田,C 川崎,16,13,91,618,421,1143,87
52,南蒲田,環八通り×第一京浜,R4/11,蒲田,C 川崎,17,4,90,812,395,1301,171
52,南蒲田,環八通り×第一京浜,R4/11,蒲田,C 川崎,18,5,38,842,295,1180,147
52,南蒲田,環八通り×第一京浜,R4/11,蒲田,C 川崎,12時間計,143,1205,6649,4286,12283,985
52,南蒲田,環八通り×第一京浜,R4/11,蒲田,D 大鳥居,7,27,55,452,270,804,112
52,南蒲田,環八通り×第一京浜,R4/11,蒲田,D 大鳥居,8,26,64,454,293,837,76
52,南蒲田,環八通り×第一京浜,R4/11,蒲田,D 大鳥居,9,21,62,424,319,826,36
52,南蒲田,環八通り×第一京浜,R4/11,蒲田,D 大鳥居,10,18,75,360,327,780,49
52,南蒲田,環八通り×第一京浜,R4/11,蒲田,D 大鳥居,11,15,61,365,269,710,40
52,南蒲田,環八通り×第一京浜,R4/11,蒲田,D 大鳥居,12,11,69,358,229,667,60
52,南蒲田,環八通り×第一京浜,R4/11,蒲田,D 大鳥居,13,14,63,316,286,679,46
52,南蒲田,環八通り×第一京浜,R4/11,蒲田,D 大鳥居,14,18,62,420,330,830,53
52,南蒲田,環八通り×第一京浜,R4/11,蒲田,D 大鳥居,15,15,67,387,314,783,59
52,南蒲田,環八通り×第一京浜,R4/11,蒲田,D 大鳥居,16,15,50,390,287,742,60
52,南蒲田,環八通り×第一京浜,R4/11,蒲田,D 大鳥居,17,17,32,427,238,714,71
52,南蒲田,環八通り×第一京浜,R4/11,蒲田,D 大鳥居,18,19,32,367,157,575,82
52,南蒲田,環八通り×第一京浜,R4/11,蒲田,D 大鳥居,12時間計,216,692,4720,3319,8947,744
52,南蒲田,環八通り×第一京浜,R4/11,蒲田,全方向合計,7,73,260,2164,1338,3835,539
52,南蒲田,環八通り×第一京浜,R4/11,蒲田,全方向合計,8,100,322,2283,1230,3935,368
52,南蒲田,環八通り×第一京浜,R4/11,蒲田,全方向合計,9,55,339,1937,1536,3867,220
52,南蒲田,環八通り×第一京浜,R4/11,蒲田,全方向合計,10,52,350,1753,1531,3686,192
52,南蒲田,環八通り×第一京浜,R4/11,蒲田,全方向合計,11,43,354,1873,1378,3648,224
52,南蒲田,環八通り×第一京浜,R4/11,蒲田,全方向合計,12,37,301,1802,1318,3458,264
52,南蒲田,環八通り×第一京浜,R4/11,蒲田,全方向合計,13,45,283,1800,1329,3457,212
52,南蒲田,環八通り×第一京浜,R4/11,蒲田,全方向合計,14,59,327,2005,1358,3749,220
52,南蒲田,環八通り×第一京浜,R4/11,蒲田,全方向合計,15,63,214,2048,1432,3757,272
52,南蒲田,環八通り×第一京浜,R4/11,蒲田,全方向合計,16,61,195,2323,1397,3976,309
52,南蒲田,環八通り×第一京浜,R4/11,蒲田,全方向合計,17,48,197,2613,1163,4021,469
52,南蒲田,環八通り×第一京浜,R4/11,蒲田,全方向合計,18,48,105,2747,953,3853,492
52,南蒲田,環八通り×第一京浜,R4/11,蒲田,全方向合計,12時間計,684,3247,25348,15963,45242,3781
