﻿地点番号,地点名,交差道路名,調査年月,管轄警察署,流入方向,流出方向,時間帯等,大型乗用,大型貨物,普通乗用,普通貨物,四輪計,二輪車
52,南蒲田,環八通り×第一京浜,R4/11,蒲田,A 平和島,1.大鳥居,7,10,9,40,24,83,4
52,南蒲田,環八通り×第一京浜,R4/11,蒲田,A 平和島,1.大鳥居,8,10,9,51,33,103,2
52,南蒲田,環八通り×第一京浜,R4/11,蒲田,A 平和島,1.大鳥居,9,9,15,63,47,134,1
52,南蒲田,環八通り×第一京浜,R4/11,蒲田,A 平和島,1.大鳥居,10,7,14,60,69,150,4
52,南蒲田,環八通り×第一京浜,R4/11,蒲田,A 平和島,1.大鳥居,11,7,10,59,55,131,6
52,南蒲田,環八通り×第一京浜,R4/11,蒲田,A 平和島,1.大鳥居,12,7,5,47,33,92,4
52,南蒲田,環八通り×第一京浜,R4/11,蒲田,A 平和島,1.大鳥居,13,7,13,51,39,110,6
52,南蒲田,環八通り×第一京浜,R4/11,蒲田,A 平和島,1.大鳥居,14,10,11,66,51,138,9
52,南蒲田,環八通り×第一京浜,R4/11,蒲田,A 平和島,1.大鳥居,15,9,12,60,39,120,8
52,南蒲田,環八通り×第一京浜,R4/11,蒲田,A 平和島,1.大鳥居,16,7,11,65,50,133,7
52,南蒲田,環八通り×第一京浜,R4/11,蒲田,A 平和島,1.大鳥居,17,8,5,65,31,109,5
52,南蒲田,環八通り×第一京浜,R4/11,蒲田,A 平和島,1.大鳥居,18,11,4,84,23,122,13
52,南蒲田,環八通り×第一京浜,R4/11,蒲田,A 平和島,1.大鳥居,12時間計,102,118,711,494,1425,69
52,南蒲田,環八通り×第一京浜,R4/11,蒲田,A 平和島,2.川崎,7,2,5,14,13,34,8
52,南蒲田,環八通り×第一京浜,R4/11,蒲田,A 平和島,2.川崎,8,2,4,34,18,58,8
52,南蒲田,環八通り×第一京浜,R4/11,蒲田,A 平和島,2.川崎,9,0,6,24,35,65,7
52,南蒲田,環八通り×第一京浜,R4/11,蒲田,A 平和島,2.川崎,10,0,9,24,23,56,7
52,南蒲田,環八通り×第一京浜,R4/11,蒲田,A 平和島,2.川崎,11,0,9,31,25,65,3
52,南蒲田,環八通り×第一京浜,R4/11,蒲田,A 平和島,2.川崎,12,0,5,23,14,42,7
52,南蒲田,環八通り×第一京浜,R4/11,蒲田,A 平和島,2.川崎,13,0,5,22,18,45,8
52,南蒲田,環八通り×第一京浜,R4/11,蒲田,A 平和島,2.川崎,14,1,5,29,30,65,9
52,南蒲田,環八通り×第一京浜,R4/11,蒲田,A 平和島,2.川崎,15,1,0,27,17,45,6
52,南蒲田,環八通り×第一京浜,R4/11,蒲田,A 平和島,2.川崎,16,2,7,20,21,50,6
52,南蒲田,環八通り×第一京浜,R4/11,蒲田,A 平和島,2.川崎,17,1,2,54,22,79,11
52,南蒲田,環八通り×第一京浜,R4/11,蒲田,A 平和島,2.川崎,18,0,5,46,34,85,28
52,南蒲田,環八通り×第一京浜,R4/11,蒲田,A 平和島,2.川崎,12時間計,9,62,348,270,689,108
52,南蒲田,環八通り×第一京浜,R4/11,蒲田,A 平和島,3.矢口,7,0,12,44,88,144,15
52,南蒲田,環八通り×第一京浜,R4/11,蒲田,A 平和島,3.矢口,8,0,14,96,57,167,12
52,南蒲田,環八通り×第一京浜,R4/11,蒲田,A 平和島,3.矢口,9,0,7,86,81,174,10
52,南蒲田,環八通り×第一京浜,R4/11,蒲田,A 平和島,3.矢口,10,0,7,74,87,168,6
52,南蒲田,環八通り×第一京浜,R4/11,蒲田,A 平和島,3.矢口,11,0,13,95,52,160,10
52,南蒲田,環八通り×第一京浜,R4/11,蒲田,A 平和島,3.矢口,12,0,2,121,43,166,7
52,南蒲田,環八通り×第一京浜,R4/11,蒲田,A 平和島,3.矢口,13,1,5,87,86,179,10
52,南蒲田,環八通り×第一京浜,R4/11,蒲田,A 平和島,3.矢口,14,2,13,117,51,183,7
52,南蒲田,環八通り×第一京浜,R4/11,蒲田,A 平和島,3.矢口,15,0,0,109,54,163,12
52,南蒲田,環八通り×第一京浜,R4/11,蒲田,A 平和島,3.矢口,16,0,2,84,74,160,12
52,南蒲田,環八通り×第一京浜,R4/11,蒲田,A 平和島,3.矢口,17,1,9,93,36,139,24
52,南蒲田,環八通り×第一京浜,R4/11,蒲田,A 平和島,3.矢口,18,0,3,87,26,116,16
52,南蒲田,環八通り×第一京浜,R4/11,蒲田,A 平和島,3.矢口,12時間計,4,87,1093,735,1919,141
52,南蒲田,環八通り×第一京浜,R4/11,蒲田,A 平和島,4.川崎,7,5,80,364,278,727,60
52,南蒲田,環八通り×第一京浜,R4/11,蒲田,A 平和島,4.川崎,8,9,79,334,251,673,45
52,南蒲田,環八通り×第一京浜,R4/11,蒲田,A 平和島,4.川崎,9,5,87,263,290,645,41
52,南蒲田,環八通り×第一京浜,R4/11,蒲田,A 平和島,4.川崎,10,5,86,380,273,744,37
52,南蒲田,環八通り×第一京浜,R4/11,蒲田,A 平和島,4.川崎,11,6,70,363,245,684,46
52,南蒲田,環八通り×第一京浜,R4/11,蒲田,A 平和島,4.川崎,12,3,75,335,234,647,37
52,南蒲田,環八通り×第一京浜,R4/11,蒲田,A 平和島,4.川崎,13,1,81,388,238,708,43
52,南蒲田,環八通り×第一京浜,R4/11,蒲田,A 平和島,4.川崎,14,2,86,358,271,717,36
52,南蒲田,環八通り×第一京浜,R4/11,蒲田,A 平和島,4.川崎,15,7,70,316,325,718,69
52,南蒲田,環八通り×第一京浜,R4/11,蒲田,A 平和島,4.川崎,16,6,69,473,343,891,71
52,南蒲田,環八通り×第一京浜,R4/11,蒲田,A 平和島,4.川崎,17,0,76,625,297,998,139
52,南蒲田,環八通り×第一京浜,R4/11,蒲田,A 平和島,4.川崎,18,0,25,675,211,911,100
52,南蒲田,環八通り×第一京浜,R4/11,蒲田,A 平和島,4.川崎,12時間計,49,884,4874,3256,9063,724
52,南蒲田,環八通り×第一京浜,R4/11,蒲田,A 平和島,流入計,7,17,106,462,403,988,87
52,南蒲田,環八通り×第一京浜,R4/11,蒲田,A 平和島,流入計,8,21,106,515,359,1001,67
52,南蒲田,環八通り×第一京浜,R4/11,蒲田,A 平和島,流入計,9,14,115,436,453,1018,59
52,南蒲田,環八通り×第一京浜,R4/11,蒲田,A 平和島,流入計,10,12,116,538,452,1118,54
52,南蒲田,環八通り×第一京浜,R4/11,蒲田,A 平和島,流入計,11,13,102,548,377,1040,65
52,南蒲田,環八通り×第一京浜,R4/11,蒲田,A 平和島,流入計,12,10,87,526,324,947,55
52,南蒲田,環八通り×第一京浜,R4/11,蒲田,A 平和島,流入計,13,9,104,548,381,1042,67
52,南蒲田,環八通り×第一京浜,R4/11,蒲田,A 平和島,流入計,14,15,115,570,403,1103,61
52,南蒲田,環八通り×第一京浜,R4/11,蒲田,A 平和島,流入計,15,17,82,512,435,1046,95
52,南蒲田,環八通り×第一京浜,R4/11,蒲田,A 平和島,流入計,16,15,89,642,488,1234,96
52,南蒲田,環八通り×第一京浜,R4/11,蒲田,A 平和島,流入計,17,10,92,837,386,1325,179
52,南蒲田,環八通り×第一京浜,R4/11,蒲田,A 平和島,流入計,18,11,37,892,294,1234,157
52,南蒲田,環八通り×第一京浜,R4/11,蒲田,A 平和島,流入計,12時間計,164,1151,7026,4755,13096,1042
52,南蒲田,環八通り×第一京浜,R4/11,蒲田,B 矢口,5.平和島,7,3,10,63,23,99,21
52,南蒲田,環八通り×第一京浜,R4/11,蒲田,B 矢口,5.平和島,8,0,15,69,24,108,12
52,南蒲田,環八通り×第一京浜,R4/11,蒲田,B 矢口,5.平和島,9,0,11,59,54,124,5
52,南蒲田,環八通り×第一京浜,R4/11,蒲田,B 矢口,5.平和島,10,1,20,73,37,131,5
52,南蒲田,環八通り×第一京浜,R4/11,蒲田,B 矢口,5.平和島,11,0,9,99,55,163,10
52,南蒲田,環八通り×第一京浜,R4/11,蒲田,B 矢口,5.平和島,12,0,10,52,75,137,8
52,南蒲田,環八通り×第一京浜,R4/11,蒲田,B 矢口,5.平和島,13,3,11,84,30,128,3
52,南蒲田,環八通り×第一京浜,R4/11,蒲田,B 矢口,5.平和島,14,2,7,93,49,151,8
52,南蒲田,環八通り×第一京浜,R4/11,蒲田,B 矢口,5.平和島,15,1,6,65,61,133,7
52,南蒲田,環八通り×第一京浜,R4/11,蒲田,B 矢口,5.平和島,16,2,4,76,40,122,6
52,南蒲田,環八通り×第一京浜,R4/11,蒲田,B 矢口,5.平和島,17,5,1,96,41,143,13
52,南蒲田,環八通り×第一京浜,R4/11,蒲田,B 矢口,5.平和島,18,0,0,71,49,120,11
52,南蒲田,環八通り×第一京浜,R4/11,蒲田,B 矢口,5.平和島,12時間計,17,104,900,538,1559,109
52,南蒲田,環八通り×第一京浜,R4/11,蒲田,B 矢口,6.大鳥居,7,14,32,349,202,597,92
52,南蒲田,環八通り×第一京浜,R4/11,蒲田,B 矢口,6.大鳥居,8,15,38,332,239,624,64
52,南蒲田,環八通り×第一京浜,R4/11,蒲田,B 矢口,6.大鳥居,9,12,37,322,243,614,30
52,南蒲田,環八通り×第一京浜,R4/11,蒲田,B 矢口,6.大鳥居,10,11,46,262,216,535,43
52,南蒲田,環八通り×第一京浜,R4/11,蒲田,B 矢口,6.大鳥居,11,8,36,263,179,486,31
52,南蒲田,環八通り×第一京浜,R4/11,蒲田,B 矢口,6.大鳥居,12,4,47,276,173,500,45
52,南蒲田,環八通り×第一京浜,R4/11,蒲田,B 矢口,6.大鳥居,13,7,35,231,218,491,36
52,南蒲田,環八通り×第一京浜,R4/11,蒲田,B 矢口,6.大鳥居,14,8,36,301,246,591,42
52,南蒲田,環八通り×第一京浜,R4/11,蒲田,B 矢口,6.大鳥居,15,6,38,284,240,568,46
52,南蒲田,環八通り×第一京浜,R4/11,蒲田,B 矢口,6.大鳥居,16,8,30,271,199,508,46
52,南蒲田,環八通り×第一京浜,R4/11,蒲田,B 矢口,6.大鳥居,17,9,22,306,162,499,61
52,南蒲田,環八通り×第一京浜,R4/11,蒲田,B 矢口,6.大鳥居,18,8,18,228,112,366,60
52,南蒲田,環八通り×第一京浜,R4/11,蒲田,B 矢口,6.大鳥居,12時間計,110,415,3425,2429,6379,596
52,南蒲田,環八通り×第一京浜,R4/11,蒲田,B 矢口,7.川崎,7,4,11,56,16,87,7
52,南蒲田,環八通り×第一京浜,R4/11,蒲田,B 矢口,7.川崎,8,12,17,70,36,135,9
52,南蒲田,環八通り×第一京浜,R4/11,蒲田,B 矢口,7.川崎,9,5,14,55,40,114,5
52,南蒲田,環八通り×第一京浜,R4/11,蒲田,B 矢口,7.川崎,10,5,15,64,46,130,7
52,南蒲田,環八通り×第一京浜,R4/11,蒲田,B 矢口,7.川崎,11,4,14,69,35,122,6
52,南蒲田,環八通り×第一京浜,R4/11,蒲田,B 矢口,7.川崎,12,5,13,76,48,142,6
52,南蒲田,環八通り×第一京浜,R4/11,蒲田,B 矢口,7.川崎,13,4,19,73,28,124,7
52,南蒲田,環八通り×第一京浜,R4/11,蒲田,B 矢口,7.川崎,14,6,18,42,43,109,7
52,南蒲田,環八通り×第一京浜,R4/11,蒲田,B 矢口,7.川崎,15,7,6,93,27,133,9
52,南蒲田,環八通り×第一京浜,R4/11,蒲田,B 矢口,7.川崎,16,4,8,78,24,114,6
52,南蒲田,環八通り×第一京浜,R4/11,蒲田,B 矢口,7.川崎,17,3,5,61,43,112,10
52,南蒲田,環八通り×第一京浜,R4/11,蒲田,B 矢口,7.川崎,18,5,3,68,28,104,13
52,南蒲田,環八通り×第一京浜,R4/11,蒲田,B 矢口,7.川崎,12時間計,64,143,805,414,1426,92
52,南蒲田,環八通り×第一京浜,R4/11,蒲田,B 矢口,流入計,7,21,53,468,241,783,120
52,南蒲田,環八通り×第一京浜,R4/11,蒲田,B 矢口,流入計,8,27,70,471,299,867,85
52,南蒲田,環八通り×第一京浜,R4/11,蒲田,B 矢口,流入計,9,17,62,436,337,852,40
52,南蒲田,環八通り×第一京浜,R4/11,蒲田,B 矢口,流入計,10,17,81,399,299,796,55
52,南蒲田,環八通り×第一京浜,R4/11,蒲田,B 矢口,流入計,11,12,59,431,269,771,47
52,南蒲田,環八通り×第一京浜,R4/11,蒲田,B 矢口,流入計,12,9,70,404,296,779,59
52,南蒲田,環八通り×第一京浜,R4/11,蒲田,B 矢口,流入計,13,14,65,388,276,743,46
52,南蒲田,環八通り×第一京浜,R4/11,蒲田,B 矢口,流入計,14,16,61,436,338,851,57
52,南蒲田,環八通り×第一京浜,R4/11,蒲田,B 矢口,流入計,15,14,50,442,328,834,62
52,南蒲田,環八通り×第一京浜,R4/11,蒲田,B 矢口,流入計,16,14,42,425,263,744,58
52,南蒲田,環八通り×第一京浜,R4/11,蒲田,B 矢口,流入計,17,17,28,463,246,754,84
52,南蒲田,環八通り×第一京浜,R4/11,蒲田,B 矢口,流入計,18,13,21,367,189,590,84
52,南蒲田,環八通り×第一京浜,R4/11,蒲田,B 矢口,流入計,12時間計,191,662,5130,3381,9364,797
52,南蒲田,環八通り×第一京浜,R4/11,蒲田,C 川崎,8.矢口,7,6,2,66,75,149,8
52,南蒲田,環八通り×第一京浜,R4/11,蒲田,C 川崎,8.矢口,8,7,3,82,42,134,5
52,南蒲田,環八通り×第一京浜,R4/11,蒲田,C 川崎,8.矢口,9,5,6,99,70,180,5
52,南蒲田,環八通り×第一京浜,R4/11,蒲田,C 川崎,8.矢口,10,4,4,57,87,152,10
52,南蒲田,環八通り×第一京浜,R4/11,蒲田,C 川崎,8.矢口,11,4,8,96,29,137,4
52,南蒲田,環八通り×第一京浜,R4/11,蒲田,C 川崎,8.矢口,12,4,1,115,51,171,13
52,南蒲田,環八通り×第一京浜,R4/11,蒲田,C 川崎,8.矢口,13,4,0,76,65,145,6
52,南蒲田,環八通り×第一京浜,R4/11,蒲田,C 川崎,8.矢口,14,5,6,89,33,133,10
52,南蒲田,環八通り×第一京浜,R4/11,蒲田,C 川崎,8.矢口,15,12,5,127,31,175,3
52,南蒲田,環八通り×第一京浜,R4/11,蒲田,C 川崎,8.矢口,16,5,2,83,63,153,4
52,南蒲田,環八通り×第一京浜,R4/11,蒲田,C 川崎,8.矢口,17,3,6,92,26,127,10
52,南蒲田,環八通り×第一京浜,R4/11,蒲田,C 川崎,8.矢口,18,5,0,117,18,140,11
52,南蒲田,環八通り×第一京浜,R4/11,蒲田,C 川崎,8.矢口,12時間計,64,43,1099,590,1796,89
52,南蒲田,環八通り×第一京浜,R4/11,蒲田,C 川崎,9.平和島,7,1,1,57,7,66,8
52,南蒲田,環八通り×第一京浜,R4/11,蒲田,C 川崎,9.平和島,8,1,0,75,10,86,7
52,南蒲田,環八通り×第一京浜,R4/11,蒲田,C 川崎,9.平和島,9,0,1,46,33,80,14
52,南蒲田,環八通り×第一京浜,R4/11,蒲田,C 川崎,9.平和島,10,3,6,68,25,102,11
52,南蒲田,環八通り×第一京浜,R4/11,蒲田,C 川崎,9.平和島,11,0,0,78,17,95,19
52,南蒲田,環八通り×第一京浜,R4/11,蒲田,C 川崎,9.平和島,12,0,0,43,19,62,13
52,南蒲田,環八通り×第一京浜,R4/11,蒲田,C 川崎,9.平和島,13,0,1,54,11,66,7
52,南蒲田,環八通り×第一京浜,R4/11,蒲田,C 川崎,9.平和島,14,0,0,51,17,68,7
52,南蒲田,環八通り×第一京浜,R4/11,蒲田,C 川崎,9.平和島,15,0,0,40,14,54,13
52,南蒲田,環八通り×第一京浜,R4/11,蒲田,C 川崎,9.平和島,16,2,1,83,8,94,13
52,南蒲田,環八通り×第一京浜,R4/11,蒲田,C 川崎,9.平和島,17,0,0,69,13,82,16
52,南蒲田,環八通り×第一京浜,R4/11,蒲田,C 川崎,9.平和島,18,0,0,58,17,75,7
52,南蒲田,環八通り×第一京浜,R4/11,蒲田,C 川崎,9.平和島,12時間計,7,10,722,191,930,135
52,南蒲田,環八通り×第一京浜,R4/11,蒲田,C 川崎,10.大鳥居,7,3,14,63,44,124,16
52,南蒲田,環八通り×第一京浜,R4/11,蒲田,C 川崎,10.大鳥居,8,1,17,71,21,110,10
52,南蒲田,環八通り×第一京浜,R4/11,蒲田,C 川崎,10.大鳥居,9,0,10,39,29,78,5
52,南蒲田,環八通り×第一京浜,R4/11,蒲田,C 川崎,10.大鳥居,10,0,15,38,42,95,2
52,南蒲田,環八通り×第一京浜,R4/11,蒲田,C 川崎,10.大鳥居,11,0,15,43,35,93,3
52,南蒲田,環八通り×第一京浜,R4/11,蒲田,C 川崎,10.大鳥居,12,0,17,35,23,75,11
52,南蒲田,環八通り×第一京浜,R4/11,蒲田,C 川崎,10.大鳥居,13,0,15,34,29,78,4
52,南蒲田,環八通り×第一京浜,R4/11,蒲田,C 川崎,10.大鳥居,14,0,15,53,33,101,2
52,南蒲田,環八通り×第一京浜,R4/11,蒲田,C 川崎,10.大鳥居,15,0,17,43,35,95,5
52,南蒲田,環八通り×第一京浜,R4/11,蒲田,C 川崎,10.大鳥居,16,0,9,54,38,101,7
52,南蒲田,環八通り×第一京浜,R4/11,蒲田,C 川崎,10.大鳥居,17,0,5,56,45,106,5
52,南蒲田,環八通り×第一京浜,R4/11,蒲田,C 川崎,10.大鳥居,18,0,10,55,22,87,9
52,南蒲田,環八通り×第一京浜,R4/11,蒲田,C 川崎,10.大鳥居,12時間計,4,159,584,396,1143,79
52,南蒲田,環八通り×第一京浜,R4/11,蒲田,C 川崎,11.平和島,7,3,59,677,280,1019,220
52,南蒲田,環八通り×第一京浜,R4/11,蒲田,C 川崎,11.平和島,8,8,89,555,265,917,154
52,南蒲田,環八通り×第一京浜,R4/11,蒲田,C 川崎,11.平和島,9,4,111,400,314,829,59
52,南蒲田,環八通り×第一京浜,R4/11,蒲田,C 川崎,11.平和島,10,1,85,314,299,699,29
52,南蒲田,環八通り×第一京浜,R4/11,蒲田,C 川崎,11.平和島,11,0,117,295,372,784,35
52,南蒲田,環八通り×第一京浜,R4/11,蒲田,C 川崎,11.平和島,12,0,94,287,314,695,47
52,南蒲田,環八通り×第一京浜,R4/11,蒲田,C 川崎,11.平和島,13,4,62,287,276,629,27
52,南蒲田,環八通り×第一京浜,R4/11,蒲田,C 川崎,11.平和島,14,6,89,332,260,687,29
52,南蒲田,環八通り×第一京浜,R4/11,蒲田,C 川崎,11.平和島,15,6,34,316,273,629,45
52,南蒲田,環八通り×第一京浜,R4/11,蒲田,C 川崎,11.平和島,16,7,29,416,267,719,59
52,南蒲田,環八通り×第一京浜,R4/11,蒲田,C 川崎,11.平和島,17,0,42,510,237,789,86
52,南蒲田,環八通り×第一京浜,R4/11,蒲田,C 川崎,11.平和島,18,0,24,577,202,803,103
52,南蒲田,環八通り×第一京浜,R4/11,蒲田,C 川崎,11.平和島,12時間計,39,835,4966,3359,9199,893
52,南蒲田,環八通り×第一京浜,R4/11,蒲田,C 川崎,流入計,7,13,76,863,406,1358,252
52,南蒲田,環八通り×第一京浜,R4/11,蒲田,C 川崎,流入計,8,17,109,783,338,1247,176
52,南蒲田,環八通り×第一京浜,R4/11,蒲田,C 川崎,流入計,9,9,128,584,446,1167,83
52,南蒲田,環八通り×第一京浜,R4/11,蒲田,C 川崎,流入計,10,8,110,477,453,1048,52
52,南蒲田,環八通り×第一京浜,R4/11,蒲田,C 川崎,流入計,11,4,140,512,453,1109,61
52,南蒲田,環八通り×第一京浜,R4/11,蒲田,C 川崎,流入計,12,4,112,480,407,1003,84
52,南蒲田,環八通り×第一京浜,R4/11,蒲田,C 川崎,流入計,13,8,78,451,381,918,44
52,南蒲田,環八通り×第一京浜,R4/11,蒲田,C 川崎,流入計,14,11,110,525,343,989,48
52,南蒲田,環八通り×第一京浜,R4/11,蒲田,C 川崎,流入計,15,18,56,526,353,953,66
52,南蒲田,環八通り×第一京浜,R4/11,蒲田,C 川崎,流入計,16,14,41,636,376,1067,83
52,南蒲田,環八通り×第一京浜,R4/11,蒲田,C 川崎,流入計,17,3,53,727,321,1104,117
52,南蒲田,環八通り×第一京浜,R4/11,蒲田,C 川崎,流入計,18,5,34,807,259,1105,130
52,南蒲田,環八通り×第一京浜,R4/11,蒲田,C 川崎,流入計,12時間計,114,1047,7371,4536,13068,1196
52,南蒲田,環八通り×第一京浜,R4/11,蒲田,D 大鳥居,12.川崎,7,1,7,59,20,87,6
52,南蒲田,環八通り×第一京浜,R4/11,蒲田,D 大鳥居,12.川崎,8,16,10,99,32,157,10
52,南蒲田,環八通り×第一京浜,R4/11,蒲田,D 大鳥居,12.川崎,9,0,11,60,26,97,3
52,南蒲田,環八通り×第一京浜,R4/11,蒲田,D 大鳥居,12.川崎,10,1,15,26,21,63,1
52,南蒲田,環八通り×第一京浜,R4/11,蒲田,D 大鳥居,12.川崎,11,1,12,41,43,97,2
52,南蒲田,環八通り×第一京浜,R4/11,蒲田,D 大鳥居,12.川崎,12,0,12,39,23,74,6
52,南蒲田,環八通り×第一京浜,R4/11,蒲田,D 大鳥居,12.川崎,13,0,11,48,23,82,3
52,南蒲田,環八通り×第一京浜,R4/11,蒲田,D 大鳥居,12.川崎,14,0,13,47,30,90,3
52,南蒲田,環八通り×第一京浜,R4/11,蒲田,D 大鳥居,12.川崎,15,1,6,31,40,78,6
52,南蒲田,環八通り×第一京浜,R4/11,蒲田,D 大鳥居,12.川崎,16,1,7,47,33,88,4
52,南蒲田,環八通り×第一京浜,R4/11,蒲田,D 大鳥居,12.川崎,17,0,7,72,33,112,11
52,南蒲田,環八通り×第一京浜,R4/11,蒲田,D 大鳥居,12.川崎,18,0,5,53,22,80,6
52,南蒲田,環八通り×第一京浜,R4/11,蒲田,D 大鳥居,12.川崎,12時間計,21,116,622,346,1105,61
52,南蒲田,環八通り×第一京浜,R4/11,蒲田,D 大鳥居,13.矢口,7,7,15,252,257,531,71
52,南蒲田,環八通り×第一京浜,R4/11,蒲田,D 大鳥居,13.矢口,8,5,27,287,181,500,23
52,南蒲田,環八通り×第一京浜,R4/11,蒲田,D 大鳥居,13.矢口,9,4,21,345,220,590,30
52,南蒲田,環八通り×第一京浜,R4/11,蒲田,D 大鳥居,13.矢口,10,2,24,220,262,508,22
52,南蒲田,環八通り×第一京浜,R4/11,蒲田,D 大鳥居,13.矢口,11,4,41,231,198,474,38
52,南蒲田,環八通り×第一京浜,R4/11,蒲田,D 大鳥居,13.矢口,12,4,20,284,214,522,53
52,南蒲田,環八通り×第一京浜,R4/11,蒲田,D 大鳥居,13.矢口,13,3,23,273,232,531,43
52,南蒲田,環八通り×第一京浜,R4/11,蒲田,D 大鳥居,13.矢口,14,7,28,327,204,566,39
52,南蒲田,環八通り×第一京浜,R4/11,蒲田,D 大鳥居,13.矢口,15,4,18,426,220,668,37
52,南蒲田,環八通り×第一京浜,R4/11,蒲田,D 大鳥居,13.矢口,16,5,13,434,212,664,61
52,南蒲田,環八通り×第一京浜,R4/11,蒲田,D 大鳥居,13.矢口,17,6,17,380,159,562,71
52,南蒲田,環八通り×第一京浜,R4/11,蒲田,D 大鳥居,13.矢口,18,7,8,525,160,700,100
52,南蒲田,環八通り×第一京浜,R4/11,蒲田,D 大鳥居,13.矢口,12時間計,58,255,3984,2519,6816,588
52,南蒲田,環八通り×第一京浜,R4/11,蒲田,D 大鳥居,14.平和島,7,14,3,60,11,88,3
52,南蒲田,環八通り×第一京浜,R4/11,蒲田,D 大鳥居,14.平和島,8,14,0,128,21,163,7
52,南蒲田,環八通り×第一京浜,R4/11,蒲田,D 大鳥居,14.平和島,9,11,2,76,54,143,5
52,南蒲田,環八通り×第一京浜,R4/11,蒲田,D 大鳥居,14.平和島,10,12,4,93,44,153,8
52,南蒲田,環八通り×第一京浜,R4/11,蒲田,D 大鳥居,14.平和島,11,9,0,110,38,157,11
52,南蒲田,環八通り×第一京浜,R4/11,蒲田,D 大鳥居,14.平和島,12,10,0,69,54,133,7
52,南蒲田,環八通り×第一京浜,R4/11,蒲田,D 大鳥居,14.平和島,13,11,2,92,36,141,9
52,南蒲田,環八通り×第一京浜,R4/11,蒲田,D 大鳥居,14.平和島,14,10,0,100,40,150,12
52,南蒲田,環八通り×第一京浜,R4/11,蒲田,D 大鳥居,14.平和島,15,9,2,111,56,178,6
52,南蒲田,環八通り×第一京浜,R4/11,蒲田,D 大鳥居,14.平和島,16,12,3,139,25,179,7
52,南蒲田,環八通り×第一京浜,R4/11,蒲田,D 大鳥居,14.平和島,17,12,0,134,18,164,7
52,南蒲田,環八通り×第一京浜,R4/11,蒲田,D 大鳥居,14.平和島,18,12,0,103,29,144,15
52,南蒲田,環八通り×第一京浜,R4/11,蒲田,D 大鳥居,14.平和島,12時間計,136,16,1215,426,1793,97
52,南蒲田,環八通り×第一京浜,R4/11,蒲田,D 大鳥居,流入計,7,22,25,371,288,706,80
52,南蒲田,環八通り×第一京浜,R4/11,蒲田,D 大鳥居,流入計,8,35,37,514,234,820,40
52,南蒲田,環八通り×第一京浜,R4/11,蒲田,D 大鳥居,流入計,9,15,34,481,300,830,38
52,南蒲田,環八通り×第一京浜,R4/11,蒲田,D 大鳥居,流入計,10,15,43,339,327,724,31
52,南蒲田,環八通り×第一京浜,R4/11,蒲田,D 大鳥居,流入計,11,14,53,382,279,728,51
52,南蒲田,環八通り×第一京浜,R4/11,蒲田,D 大鳥居,流入計,12,14,32,392,291,729,66
52,南蒲田,環八通り×第一京浜,R4/11,蒲田,D 大鳥居,流入計,13,14,36,413,291,754,55
52,南蒲田,環八通り×第一京浜,R4/11,蒲田,D 大鳥居,流入計,14,17,41,474,274,806,54
52,南蒲田,環八通り×第一京浜,R4/11,蒲田,D 大鳥居,流入計,15,14,26,568,316,924,49
52,南蒲田,環八通り×第一京浜,R4/11,蒲田,D 大鳥居,流入計,16,18,23,620,270,931,72
52,南蒲田,環八通り×第一京浜,R4/11,蒲田,D 大鳥居,流入計,17,18,24,586,210,838,89
52,南蒲田,環八通り×第一京浜,R4/11,蒲田,D 大鳥居,流入計,18,19,13,681,211,924,121
52,南蒲田,環八通り×第一京浜,R4/11,蒲田,D 大鳥居,流入計,12時間計,215,387,5821,3291,9714,746
