﻿地点番号,地点名,交差道路名,調査年月,管轄警察署,流入方向,流出方向,時間帯等,車道通行自転車,歩道通行自転車,自転車計
52,南蒲田,環八通り×第一京浜,R4/11,蒲田,A 平和島,1大鳥居,7,0,-,-
52,南蒲田,環八通り×第一京浜,R4/11,蒲田,A 平和島,1大鳥居,8,0,-,-
52,南蒲田,環八通り×第一京浜,R4/11,蒲田,A 平和島,1大鳥居,9,0,-,-
52,南蒲田,環八通り×第一京浜,R4/11,蒲田,A 平和島,1大鳥居,10,1,-,-
52,南蒲田,環八通り×第一京浜,R4/11,蒲田,A 平和島,1大鳥居,11,0,-,-
52,南蒲田,環八通り×第一京浜,R4/11,蒲田,A 平和島,1大鳥居,12,0,-,-
52,南蒲田,環八通り×第一京浜,R4/11,蒲田,A 平和島,1大鳥居,13,4,-,-
52,南蒲田,環八通り×第一京浜,R4/11,蒲田,A 平和島,1大鳥居,14,1,-,-
52,南蒲田,環八通り×第一京浜,R4/11,蒲田,A 平和島,1大鳥居,15,0,-,-
52,南蒲田,環八通り×第一京浜,R4/11,蒲田,A 平和島,1大鳥居,16,1,-,-
52,南蒲田,環八通り×第一京浜,R4/11,蒲田,A 平和島,1大鳥居,17,0,-,-
52,南蒲田,環八通り×第一京浜,R4/11,蒲田,A 平和島,1大鳥居,18,9,-,-
52,南蒲田,環八通り×第一京浜,R4/11,蒲田,A 平和島,1大鳥居,12時間計,16,-,-
52,南蒲田,環八通り×第一京浜,R4/11,蒲田,A 平和島,2川崎,7,17,-,-
52,南蒲田,環八通り×第一京浜,R4/11,蒲田,A 平和島,2川崎,8,86,-,-
52,南蒲田,環八通り×第一京浜,R4/11,蒲田,A 平和島,2川崎,9,22,-,-
52,南蒲田,環八通り×第一京浜,R4/11,蒲田,A 平和島,2川崎,10,4,-,-
52,南蒲田,環八通り×第一京浜,R4/11,蒲田,A 平和島,2川崎,11,4,-,-
52,南蒲田,環八通り×第一京浜,R4/11,蒲田,A 平和島,2川崎,12,6,-,-
52,南蒲田,環八通り×第一京浜,R4/11,蒲田,A 平和島,2川崎,13,7,-,-
52,南蒲田,環八通り×第一京浜,R4/11,蒲田,A 平和島,2川崎,14,8,-,-
52,南蒲田,環八通り×第一京浜,R4/11,蒲田,A 平和島,2川崎,15,10,-,-
52,南蒲田,環八通り×第一京浜,R4/11,蒲田,A 平和島,2川崎,16,18,-,-
52,南蒲田,環八通り×第一京浜,R4/11,蒲田,A 平和島,2川崎,17,24,-,-
52,南蒲田,環八通り×第一京浜,R4/11,蒲田,A 平和島,2川崎,18,22,-,-
52,南蒲田,環八通り×第一京浜,R4/11,蒲田,A 平和島,2川崎,12時間計,228,-,-
52,南蒲田,環八通り×第一京浜,R4/11,蒲田,A 平和島,3矢口,7,0,-,-
52,南蒲田,環八通り×第一京浜,R4/11,蒲田,A 平和島,3矢口,8,0,-,-
52,南蒲田,環八通り×第一京浜,R4/11,蒲田,A 平和島,3矢口,9,0,-,-
52,南蒲田,環八通り×第一京浜,R4/11,蒲田,A 平和島,3矢口,10,0,-,-
52,南蒲田,環八通り×第一京浜,R4/11,蒲田,A 平和島,3矢口,11,0,-,-
52,南蒲田,環八通り×第一京浜,R4/11,蒲田,A 平和島,3矢口,12,0,-,-
52,南蒲田,環八通り×第一京浜,R4/11,蒲田,A 平和島,3矢口,13,0,-,-
52,南蒲田,環八通り×第一京浜,R4/11,蒲田,A 平和島,3矢口,14,1,-,-
52,南蒲田,環八通り×第一京浜,R4/11,蒲田,A 平和島,3矢口,15,0,-,-
52,南蒲田,環八通り×第一京浜,R4/11,蒲田,A 平和島,3矢口,16,0,-,-
52,南蒲田,環八通り×第一京浜,R4/11,蒲田,A 平和島,3矢口,17,0,-,-
52,南蒲田,環八通り×第一京浜,R4/11,蒲田,A 平和島,3矢口,18,0,-,-
52,南蒲田,環八通り×第一京浜,R4/11,蒲田,A 平和島,3矢口,12時間計,1,-,-
52,南蒲田,環八通り×第一京浜,R4/11,蒲田,A 平和島,4川崎,7,0,-,-
52,南蒲田,環八通り×第一京浜,R4/11,蒲田,A 平和島,4川崎,8,0,-,-
52,南蒲田,環八通り×第一京浜,R4/11,蒲田,A 平和島,4川崎,9,0,-,-
52,南蒲田,環八通り×第一京浜,R4/11,蒲田,A 平和島,4川崎,10,0,-,-
52,南蒲田,環八通り×第一京浜,R4/11,蒲田,A 平和島,4川崎,11,0,-,-
52,南蒲田,環八通り×第一京浜,R4/11,蒲田,A 平和島,4川崎,12,0,-,-
52,南蒲田,環八通り×第一京浜,R4/11,蒲田,A 平和島,4川崎,13,0,-,-
52,南蒲田,環八通り×第一京浜,R4/11,蒲田,A 平和島,4川崎,14,0,-,-
52,南蒲田,環八通り×第一京浜,R4/11,蒲田,A 平和島,4川崎,15,0,-,-
52,南蒲田,環八通り×第一京浜,R4/11,蒲田,A 平和島,4川崎,16,0,-,-
52,南蒲田,環八通り×第一京浜,R4/11,蒲田,A 平和島,4川崎,17,0,-,-
52,南蒲田,環八通り×第一京浜,R4/11,蒲田,A 平和島,4川崎,18,1,-,-
52,南蒲田,環八通り×第一京浜,R4/11,蒲田,A 平和島,4川崎,12時間計,1,-,-
52,南蒲田,環八通り×第一京浜,R4/11,蒲田,A 平和島,流入計,7,17,72,89
52,南蒲田,環八通り×第一京浜,R4/11,蒲田,A 平和島,流入計,8,86,107,193
52,南蒲田,環八通り×第一京浜,R4/11,蒲田,A 平和島,流入計,9,22,105,127
52,南蒲田,環八通り×第一京浜,R4/11,蒲田,A 平和島,流入計,10,5,82,87
52,南蒲田,環八通り×第一京浜,R4/11,蒲田,A 平和島,流入計,11,4,106,110
52,南蒲田,環八通り×第一京浜,R4/11,蒲田,A 平和島,流入計,12,6,110,116
52,南蒲田,環八通り×第一京浜,R4/11,蒲田,A 平和島,流入計,13,11,125,136
52,南蒲田,環八通り×第一京浜,R4/11,蒲田,A 平和島,流入計,14,10,133,143
52,南蒲田,環八通り×第一京浜,R4/11,蒲田,A 平和島,流入計,15,10,124,134
52,南蒲田,環八通り×第一京浜,R4/11,蒲田,A 平和島,流入計,16,19,135,154
52,南蒲田,環八通り×第一京浜,R4/11,蒲田,A 平和島,流入計,17,24,170,194
52,南蒲田,環八通り×第一京浜,R4/11,蒲田,A 平和島,流入計,18,32,232,264
52,南蒲田,環八通り×第一京浜,R4/11,蒲田,A 平和島,流入計,12時間計,246,1501,1747
52,南蒲田,環八通り×第一京浜,R4/11,蒲田,B 矢口,5平和島,7,2,-,-
52,南蒲田,環八通り×第一京浜,R4/11,蒲田,B 矢口,5平和島,8,0,-,-
52,南蒲田,環八通り×第一京浜,R4/11,蒲田,B 矢口,5平和島,9,0,-,-
52,南蒲田,環八通り×第一京浜,R4/11,蒲田,B 矢口,5平和島,10,0,-,-
52,南蒲田,環八通り×第一京浜,R4/11,蒲田,B 矢口,5平和島,11,0,-,-
52,南蒲田,環八通り×第一京浜,R4/11,蒲田,B 矢口,5平和島,12,2,-,-
52,南蒲田,環八通り×第一京浜,R4/11,蒲田,B 矢口,5平和島,13,1,-,-
52,南蒲田,環八通り×第一京浜,R4/11,蒲田,B 矢口,5平和島,14,0,-,-
52,南蒲田,環八通り×第一京浜,R4/11,蒲田,B 矢口,5平和島,15,0,-,-
52,南蒲田,環八通り×第一京浜,R4/11,蒲田,B 矢口,5平和島,16,0,-,-
52,南蒲田,環八通り×第一京浜,R4/11,蒲田,B 矢口,5平和島,17,0,-,-
52,南蒲田,環八通り×第一京浜,R4/11,蒲田,B 矢口,5平和島,18,0,-,-
52,南蒲田,環八通り×第一京浜,R4/11,蒲田,B 矢口,5平和島,12時間計,5,-,-
52,南蒲田,環八通り×第一京浜,R4/11,蒲田,B 矢口,6大鳥居,7,14,-,-
52,南蒲田,環八通り×第一京浜,R4/11,蒲田,B 矢口,6大鳥居,8,14,-,-
52,南蒲田,環八通り×第一京浜,R4/11,蒲田,B 矢口,6大鳥居,9,1,-,-
52,南蒲田,環八通り×第一京浜,R4/11,蒲田,B 矢口,6大鳥居,10,5,-,-
52,南蒲田,環八通り×第一京浜,R4/11,蒲田,B 矢口,6大鳥居,11,4,-,-
52,南蒲田,環八通り×第一京浜,R4/11,蒲田,B 矢口,6大鳥居,12,8,-,-
52,南蒲田,環八通り×第一京浜,R4/11,蒲田,B 矢口,6大鳥居,13,8,-,-
52,南蒲田,環八通り×第一京浜,R4/11,蒲田,B 矢口,6大鳥居,14,3,-,-
52,南蒲田,環八通り×第一京浜,R4/11,蒲田,B 矢口,6大鳥居,15,1,-,-
52,南蒲田,環八通り×第一京浜,R4/11,蒲田,B 矢口,6大鳥居,16,3,-,-
52,南蒲田,環八通り×第一京浜,R4/11,蒲田,B 矢口,6大鳥居,17,9,-,-
52,南蒲田,環八通り×第一京浜,R4/11,蒲田,B 矢口,6大鳥居,18,18,-,-
52,南蒲田,環八通り×第一京浜,R4/11,蒲田,B 矢口,6大鳥居,12時間計,88,-,-
52,南蒲田,環八通り×第一京浜,R4/11,蒲田,B 矢口,7川崎,7,0,-,-
52,南蒲田,環八通り×第一京浜,R4/11,蒲田,B 矢口,7川崎,8,1,-,-
52,南蒲田,環八通り×第一京浜,R4/11,蒲田,B 矢口,7川崎,9,0,-,-
52,南蒲田,環八通り×第一京浜,R4/11,蒲田,B 矢口,7川崎,10,0,-,-
52,南蒲田,環八通り×第一京浜,R4/11,蒲田,B 矢口,7川崎,11,0,-,-
52,南蒲田,環八通り×第一京浜,R4/11,蒲田,B 矢口,7川崎,12,0,-,-
52,南蒲田,環八通り×第一京浜,R4/11,蒲田,B 矢口,7川崎,13,0,-,-
52,南蒲田,環八通り×第一京浜,R4/11,蒲田,B 矢口,7川崎,14,1,-,-
52,南蒲田,環八通り×第一京浜,R4/11,蒲田,B 矢口,7川崎,15,0,-,-
52,南蒲田,環八通り×第一京浜,R4/11,蒲田,B 矢口,7川崎,16,0,-,-
52,南蒲田,環八通り×第一京浜,R4/11,蒲田,B 矢口,7川崎,17,1,-,-
52,南蒲田,環八通り×第一京浜,R4/11,蒲田,B 矢口,7川崎,18,1,-,-
52,南蒲田,環八通り×第一京浜,R4/11,蒲田,B 矢口,7川崎,12時間計,4,-,-
52,南蒲田,環八通り×第一京浜,R4/11,蒲田,B 矢口,流入計,7,16,316,332
52,南蒲田,環八通り×第一京浜,R4/11,蒲田,B 矢口,流入計,8,15,316,331
52,南蒲田,環八通り×第一京浜,R4/11,蒲田,B 矢口,流入計,9,1,233,234
52,南蒲田,環八通り×第一京浜,R4/11,蒲田,B 矢口,流入計,10,5,175,180
52,南蒲田,環八通り×第一京浜,R4/11,蒲田,B 矢口,流入計,11,4,271,275
52,南蒲田,環八通り×第一京浜,R4/11,蒲田,B 矢口,流入計,12,10,205,215
52,南蒲田,環八通り×第一京浜,R4/11,蒲田,B 矢口,流入計,13,9,197,206
52,南蒲田,環八通り×第一京浜,R4/11,蒲田,B 矢口,流入計,14,4,240,244
52,南蒲田,環八通り×第一京浜,R4/11,蒲田,B 矢口,流入計,15,1,278,279
52,南蒲田,環八通り×第一京浜,R4/11,蒲田,B 矢口,流入計,16,3,277,280
52,南蒲田,環八通り×第一京浜,R4/11,蒲田,B 矢口,流入計,17,10,309,319
52,南蒲田,環八通り×第一京浜,R4/11,蒲田,B 矢口,流入計,18,19,429,448
52,南蒲田,環八通り×第一京浜,R4/11,蒲田,B 矢口,流入計,12時間計,97,3246,3343
52,南蒲田,環八通り×第一京浜,R4/11,蒲田,C 川崎,8矢口,7,0,-,-
52,南蒲田,環八通り×第一京浜,R4/11,蒲田,C 川崎,8矢口,8,1,-,-
52,南蒲田,環八通り×第一京浜,R4/11,蒲田,C 川崎,8矢口,9,1,-,-
52,南蒲田,環八通り×第一京浜,R4/11,蒲田,C 川崎,8矢口,10,0,-,-
52,南蒲田,環八通り×第一京浜,R4/11,蒲田,C 川崎,8矢口,11,0,-,-
52,南蒲田,環八通り×第一京浜,R4/11,蒲田,C 川崎,8矢口,12,0,-,-
52,南蒲田,環八通り×第一京浜,R4/11,蒲田,C 川崎,8矢口,13,0,-,-
52,南蒲田,環八通り×第一京浜,R4/11,蒲田,C 川崎,8矢口,14,0,-,-
52,南蒲田,環八通り×第一京浜,R4/11,蒲田,C 川崎,8矢口,15,0,-,-
52,南蒲田,環八通り×第一京浜,R4/11,蒲田,C 川崎,8矢口,16,0,-,-
52,南蒲田,環八通り×第一京浜,R4/11,蒲田,C 川崎,8矢口,17,0,-,-
52,南蒲田,環八通り×第一京浜,R4/11,蒲田,C 川崎,8矢口,18,0,-,-
52,南蒲田,環八通り×第一京浜,R4/11,蒲田,C 川崎,8矢口,12時間計,2,-,-
52,南蒲田,環八通り×第一京浜,R4/11,蒲田,C 川崎,9平和島,7,85,-,-
52,南蒲田,環八通り×第一京浜,R4/11,蒲田,C 川崎,9平和島,8,2,-,-
52,南蒲田,環八通り×第一京浜,R4/11,蒲田,C 川崎,9平和島,9,4,-,-
52,南蒲田,環八通り×第一京浜,R4/11,蒲田,C 川崎,9平和島,10,8,-,-
52,南蒲田,環八通り×第一京浜,R4/11,蒲田,C 川崎,9平和島,11,12,-,-
52,南蒲田,環八通り×第一京浜,R4/11,蒲田,C 川崎,9平和島,12,2,-,-
52,南蒲田,環八通り×第一京浜,R4/11,蒲田,C 川崎,9平和島,13,10,-,-
52,南蒲田,環八通り×第一京浜,R4/11,蒲田,C 川崎,9平和島,14,5,-,-
52,南蒲田,環八通り×第一京浜,R4/11,蒲田,C 川崎,9平和島,15,4,-,-
52,南蒲田,環八通り×第一京浜,R4/11,蒲田,C 川崎,9平和島,16,17,-,-
52,南蒲田,環八通り×第一京浜,R4/11,蒲田,C 川崎,9平和島,17,24,-,-
52,南蒲田,環八通り×第一京浜,R4/11,蒲田,C 川崎,9平和島,18,11,-,-
52,南蒲田,環八通り×第一京浜,R4/11,蒲田,C 川崎,9平和島,12時間計,184,-,-
52,南蒲田,環八通り×第一京浜,R4/11,蒲田,C 川崎,10大鳥居,7,0,-,-
52,南蒲田,環八通り×第一京浜,R4/11,蒲田,C 川崎,10大鳥居,8,1,-,-
52,南蒲田,環八通り×第一京浜,R4/11,蒲田,C 川崎,10大鳥居,9,0,-,-
52,南蒲田,環八通り×第一京浜,R4/11,蒲田,C 川崎,10大鳥居,10,1,-,-
52,南蒲田,環八通り×第一京浜,R4/11,蒲田,C 川崎,10大鳥居,11,0,-,-
52,南蒲田,環八通り×第一京浜,R4/11,蒲田,C 川崎,10大鳥居,12,0,-,-
52,南蒲田,環八通り×第一京浜,R4/11,蒲田,C 川崎,10大鳥居,13,0,-,-
52,南蒲田,環八通り×第一京浜,R4/11,蒲田,C 川崎,10大鳥居,14,0,-,-
52,南蒲田,環八通り×第一京浜,R4/11,蒲田,C 川崎,10大鳥居,15,0,-,-
52,南蒲田,環八通り×第一京浜,R4/11,蒲田,C 川崎,10大鳥居,16,0,-,-
52,南蒲田,環八通り×第一京浜,R4/11,蒲田,C 川崎,10大鳥居,17,0,-,-
52,南蒲田,環八通り×第一京浜,R4/11,蒲田,C 川崎,10大鳥居,18,0,-,-
52,南蒲田,環八通り×第一京浜,R4/11,蒲田,C 川崎,10大鳥居,12時間計,2,-,-
52,南蒲田,環八通り×第一京浜,R4/11,蒲田,C 川崎,11平和島,7,0,-,-
52,南蒲田,環八通り×第一京浜,R4/11,蒲田,C 川崎,11平和島,8,0,-,-
52,南蒲田,環八通り×第一京浜,R4/11,蒲田,C 川崎,11平和島,9,0,-,-
52,南蒲田,環八通り×第一京浜,R4/11,蒲田,C 川崎,11平和島,10,0,-,-
52,南蒲田,環八通り×第一京浜,R4/11,蒲田,C 川崎,11平和島,11,0,-,-
52,南蒲田,環八通り×第一京浜,R4/11,蒲田,C 川崎,11平和島,12,0,-,-
52,南蒲田,環八通り×第一京浜,R4/11,蒲田,C 川崎,11平和島,13,0,-,-
52,南蒲田,環八通り×第一京浜,R4/11,蒲田,C 川崎,11平和島,14,0,-,-
52,南蒲田,環八通り×第一京浜,R4/11,蒲田,C 川崎,11平和島,15,0,-,-
52,南蒲田,環八通り×第一京浜,R4/11,蒲田,C 川崎,11平和島,16,0,-,-
52,南蒲田,環八通り×第一京浜,R4/11,蒲田,C 川崎,11平和島,17,0,-,-
52,南蒲田,環八通り×第一京浜,R4/11,蒲田,C 川崎,11平和島,18,0,-,-
52,南蒲田,環八通り×第一京浜,R4/11,蒲田,C 川崎,11平和島,12時間計,0,-,-
52,南蒲田,環八通り×第一京浜,R4/11,蒲田,C 川崎,流入計,7,85,202,287
52,南蒲田,環八通り×第一京浜,R4/11,蒲田,C 川崎,流入計,8,4,237,241
52,南蒲田,環八通り×第一京浜,R4/11,蒲田,C 川崎,流入計,9,5,130,135
52,南蒲田,環八通り×第一京浜,R4/11,蒲田,C 川崎,流入計,10,9,89,98
52,南蒲田,環八通り×第一京浜,R4/11,蒲田,C 川崎,流入計,11,12,104,116
52,南蒲田,環八通り×第一京浜,R4/11,蒲田,C 川崎,流入計,12,2,96,98
52,南蒲田,環八通り×第一京浜,R4/11,蒲田,C 川崎,流入計,13,10,64,74
52,南蒲田,環八通り×第一京浜,R4/11,蒲田,C 川崎,流入計,14,5,68,73
52,南蒲田,環八通り×第一京浜,R4/11,蒲田,C 川崎,流入計,15,4,118,122
52,南蒲田,環八通り×第一京浜,R4/11,蒲田,C 川崎,流入計,16,17,115,132
52,南蒲田,環八通り×第一京浜,R4/11,蒲田,C 川崎,流入計,17,24,130,154
52,南蒲田,環八通り×第一京浜,R4/11,蒲田,C 川崎,流入計,18,11,99,110
52,南蒲田,環八通り×第一京浜,R4/11,蒲田,C 川崎,流入計,12時間計,188,1452,1640
52,南蒲田,環八通り×第一京浜,R4/11,蒲田,D 大鳥居,12川崎,7,0,-,-
52,南蒲田,環八通り×第一京浜,R4/11,蒲田,D 大鳥居,12川崎,8,0,-,-
52,南蒲田,環八通り×第一京浜,R4/11,蒲田,D 大鳥居,12川崎,9,0,-,-
52,南蒲田,環八通り×第一京浜,R4/11,蒲田,D 大鳥居,12川崎,10,0,-,-
52,南蒲田,環八通り×第一京浜,R4/11,蒲田,D 大鳥居,12川崎,11,0,-,-
52,南蒲田,環八通り×第一京浜,R4/11,蒲田,D 大鳥居,12川崎,12,0,-,-
52,南蒲田,環八通り×第一京浜,R4/11,蒲田,D 大鳥居,12川崎,13,0,-,-
52,南蒲田,環八通り×第一京浜,R4/11,蒲田,D 大鳥居,12川崎,14,0,-,-
52,南蒲田,環八通り×第一京浜,R4/11,蒲田,D 大鳥居,12川崎,15,4,-,-
52,南蒲田,環八通り×第一京浜,R4/11,蒲田,D 大鳥居,12川崎,16,1,-,-
52,南蒲田,環八通り×第一京浜,R4/11,蒲田,D 大鳥居,12川崎,17,2,-,-
52,南蒲田,環八通り×第一京浜,R4/11,蒲田,D 大鳥居,12川崎,18,1,-,-
52,南蒲田,環八通り×第一京浜,R4/11,蒲田,D 大鳥居,12川崎,12時間計,8,-,-
52,南蒲田,環八通り×第一京浜,R4/11,蒲田,D 大鳥居,13矢口,7,4,-,-
52,南蒲田,環八通り×第一京浜,R4/11,蒲田,D 大鳥居,13矢口,8,5,-,-
52,南蒲田,環八通り×第一京浜,R4/11,蒲田,D 大鳥居,13矢口,9,1,-,-
52,南蒲田,環八通り×第一京浜,R4/11,蒲田,D 大鳥居,13矢口,10,0,-,-
52,南蒲田,環八通り×第一京浜,R4/11,蒲田,D 大鳥居,13矢口,11,0,-,-
52,南蒲田,環八通り×第一京浜,R4/11,蒲田,D 大鳥居,13矢口,12,0,-,-
52,南蒲田,環八通り×第一京浜,R4/11,蒲田,D 大鳥居,13矢口,13,0,-,-
52,南蒲田,環八通り×第一京浜,R4/11,蒲田,D 大鳥居,13矢口,14,2,-,-
52,南蒲田,環八通り×第一京浜,R4/11,蒲田,D 大鳥居,13矢口,15,2,-,-
52,南蒲田,環八通り×第一京浜,R4/11,蒲田,D 大鳥居,13矢口,16,0,-,-
52,南蒲田,環八通り×第一京浜,R4/11,蒲田,D 大鳥居,13矢口,17,6,-,-
52,南蒲田,環八通り×第一京浜,R4/11,蒲田,D 大鳥居,13矢口,18,10,-,-
52,南蒲田,環八通り×第一京浜,R4/11,蒲田,D 大鳥居,13矢口,12時間計,30,-,-
52,南蒲田,環八通り×第一京浜,R4/11,蒲田,D 大鳥居,14平和島,7,0,-,-
52,南蒲田,環八通り×第一京浜,R4/11,蒲田,D 大鳥居,14平和島,8,0,-,-
52,南蒲田,環八通り×第一京浜,R4/11,蒲田,D 大鳥居,14平和島,9,0,-,-
52,南蒲田,環八通り×第一京浜,R4/11,蒲田,D 大鳥居,14平和島,10,0,-,-
52,南蒲田,環八通り×第一京浜,R4/11,蒲田,D 大鳥居,14平和島,11,0,-,-
52,南蒲田,環八通り×第一京浜,R4/11,蒲田,D 大鳥居,14平和島,12,0,-,-
52,南蒲田,環八通り×第一京浜,R4/11,蒲田,D 大鳥居,14平和島,13,0,-,-
52,南蒲田,環八通り×第一京浜,R4/11,蒲田,D 大鳥居,14平和島,14,0,-,-
52,南蒲田,環八通り×第一京浜,R4/11,蒲田,D 大鳥居,14平和島,15,0,-,-
52,南蒲田,環八通り×第一京浜,R4/11,蒲田,D 大鳥居,14平和島,16,0,-,-
52,南蒲田,環八通り×第一京浜,R4/11,蒲田,D 大鳥居,14平和島,17,0,-,-
52,南蒲田,環八通り×第一京浜,R4/11,蒲田,D 大鳥居,14平和島,18,0,-,-
52,南蒲田,環八通り×第一京浜,R4/11,蒲田,D 大鳥居,14平和島,12時間計,0,-,-
52,南蒲田,環八通り×第一京浜,R4/11,蒲田,D 大鳥居,流入計,7,4,244,248
52,南蒲田,環八通り×第一京浜,R4/11,蒲田,D 大鳥居,流入計,8,5,346,351
52,南蒲田,環八通り×第一京浜,R4/11,蒲田,D 大鳥居,流入計,9,1,178,179
52,南蒲田,環八通り×第一京浜,R4/11,蒲田,D 大鳥居,流入計,10,0,141,141
52,南蒲田,環八通り×第一京浜,R4/11,蒲田,D 大鳥居,流入計,11,0,170,170
52,南蒲田,環八通り×第一京浜,R4/11,蒲田,D 大鳥居,流入計,12,0,163,163
52,南蒲田,環八通り×第一京浜,R4/11,蒲田,D 大鳥居,流入計,13,0,149,149
52,南蒲田,環八通り×第一京浜,R4/11,蒲田,D 大鳥居,流入計,14,2,128,130
52,南蒲田,環八通り×第一京浜,R4/11,蒲田,D 大鳥居,流入計,15,6,179,185
52,南蒲田,環八通り×第一京浜,R4/11,蒲田,D 大鳥居,流入計,16,1,190,191
52,南蒲田,環八通り×第一京浜,R4/11,蒲田,D 大鳥居,流入計,17,8,214,222
52,南蒲田,環八通り×第一京浜,R4/11,蒲田,D 大鳥居,流入計,18,11,223,234
52,南蒲田,環八通り×第一京浜,R4/11,蒲田,D 大鳥居,流入計,12時間計,38,2325,2363
52,南蒲田,環八通り×第一京浜,R4/11,蒲田,全方向計,全方向計,7,122,834,956
52,南蒲田,環八通り×第一京浜,R4/11,蒲田,全方向計,全方向計,8,110,1006,1116
52,南蒲田,環八通り×第一京浜,R4/11,蒲田,全方向計,全方向計,9,29,646,675
52,南蒲田,環八通り×第一京浜,R4/11,蒲田,全方向計,全方向計,10,19,487,506
52,南蒲田,環八通り×第一京浜,R4/11,蒲田,全方向計,全方向計,11,20,651,671
52,南蒲田,環八通り×第一京浜,R4/11,蒲田,全方向計,全方向計,12,18,574,592
52,南蒲田,環八通り×第一京浜,R4/11,蒲田,全方向計,全方向計,13,30,535,565
52,南蒲田,環八通り×第一京浜,R4/11,蒲田,全方向計,全方向計,14,21,569,590
52,南蒲田,環八通り×第一京浜,R4/11,蒲田,全方向計,全方向計,15,21,699,720
52,南蒲田,環八通り×第一京浜,R4/11,蒲田,全方向計,全方向計,16,40,717,757
52,南蒲田,環八通り×第一京浜,R4/11,蒲田,全方向計,全方向計,17,66,823,889
52,南蒲田,環八通り×第一京浜,R4/11,蒲田,全方向計,全方向計,18,73,983,1056
52,南蒲田,環八通り×第一京浜,R4/11,蒲田,全方向計,全方向計,12時間計,569,8524,9093
