﻿地点番号,地点名,交差道路名,調査年月,管轄警察署,流入方向,流出方向,時間帯等,大型乗用,大型貨物,普通乗用,普通貨物,四輪計,二輪車
82,本町１,八王子武蔵村山線×新青梅街道,R4/10,東大和,A 多摩湖,1.東大和,7,1,2,11,2,16,1
82,本町１,八王子武蔵村山線×新青梅街道,R4/10,東大和,A 多摩湖,1.東大和,8,2,2,10,1,15,0
82,本町１,八王子武蔵村山線×新青梅街道,R4/10,東大和,A 多摩湖,1.東大和,9,0,0,12,4,16,0
82,本町１,八王子武蔵村山線×新青梅街道,R4/10,東大和,A 多摩湖,1.東大和,10,0,0,15,7,22,1
82,本町１,八王子武蔵村山線×新青梅街道,R4/10,東大和,A 多摩湖,1.東大和,11,0,1,21,3,25,1
82,本町１,八王子武蔵村山線×新青梅街道,R4/10,東大和,A 多摩湖,1.東大和,12,0,0,17,5,22,1
82,本町１,八王子武蔵村山線×新青梅街道,R4/10,東大和,A 多摩湖,1.東大和,13,1,1,19,3,24,1
82,本町１,八王子武蔵村山線×新青梅街道,R4/10,東大和,A 多摩湖,1.東大和,14,2,3,23,2,30,0
82,本町１,八王子武蔵村山線×新青梅街道,R4/10,東大和,A 多摩湖,1.東大和,15,0,2,23,9,34,0
82,本町１,八王子武蔵村山線×新青梅街道,R4/10,東大和,A 多摩湖,1.東大和,16,0,0,29,7,36,1
82,本町１,八王子武蔵村山線×新青梅街道,R4/10,東大和,A 多摩湖,1.東大和,17,1,0,16,4,21,0
82,本町１,八王子武蔵村山線×新青梅街道,R4/10,東大和,A 多摩湖,1.東大和,18,0,0,26,4,30,2
82,本町１,八王子武蔵村山線×新青梅街道,R4/10,東大和,A 多摩湖,1.東大和,12時間計,7,11,222,51,291,8
82,本町１,八王子武蔵村山線×新青梅街道,R4/10,東大和,A 多摩湖,2.立川,7,2,3,167,57,229,14
82,本町１,八王子武蔵村山線×新青梅街道,R4/10,東大和,A 多摩湖,2.立川,8,3,4,146,46,199,9
82,本町１,八王子武蔵村山線×新青梅街道,R4/10,東大和,A 多摩湖,2.立川,9,2,0,125,25,152,6
82,本町１,八王子武蔵村山線×新青梅街道,R4/10,東大和,A 多摩湖,2.立川,10,2,6,174,22,204,2
82,本町１,八王子武蔵村山線×新青梅街道,R4/10,東大和,A 多摩湖,2.立川,11,1,0,192,21,214,7
82,本町１,八王子武蔵村山線×新青梅街道,R4/10,東大和,A 多摩湖,2.立川,12,2,3,153,31,189,8
82,本町１,八王子武蔵村山線×新青梅街道,R4/10,東大和,A 多摩湖,2.立川,13,2,2,148,47,199,5
82,本町１,八王子武蔵村山線×新青梅街道,R4/10,東大和,A 多摩湖,2.立川,14,2,1,137,55,195,6
82,本町１,八王子武蔵村山線×新青梅街道,R4/10,東大和,A 多摩湖,2.立川,15,2,5,130,35,172,3
82,本町１,八王子武蔵村山線×新青梅街道,R4/10,東大和,A 多摩湖,2.立川,16,1,1,140,32,174,0
82,本町１,八王子武蔵村山線×新青梅街道,R4/10,東大和,A 多摩湖,2.立川,17,3,6,142,22,173,2
82,本町１,八王子武蔵村山線×新青梅街道,R4/10,東大和,A 多摩湖,2.立川,18,3,0,154,19,176,7
82,本町１,八王子武蔵村山線×新青梅街道,R4/10,東大和,A 多摩湖,2.立川,12時間計,25,31,1808,412,2276,69
82,本町１,八王子武蔵村山線×新青梅街道,R4/10,東大和,A 多摩湖,3.箱根ヶ崎,7,0,0,17,7,24,0
82,本町１,八王子武蔵村山線×新青梅街道,R4/10,東大和,A 多摩湖,3.箱根ヶ崎,8,0,0,15,4,19,0
82,本町１,八王子武蔵村山線×新青梅街道,R4/10,東大和,A 多摩湖,3.箱根ヶ崎,9,1,4,24,3,32,0
82,本町１,八王子武蔵村山線×新青梅街道,R4/10,東大和,A 多摩湖,3.箱根ヶ崎,10,4,1,37,4,46,0
82,本町１,八王子武蔵村山線×新青梅街道,R4/10,東大和,A 多摩湖,3.箱根ヶ崎,11,0,1,20,8,29,1
82,本町１,八王子武蔵村山線×新青梅街道,R4/10,東大和,A 多摩湖,3.箱根ヶ崎,12,0,0,20,4,24,0
82,本町１,八王子武蔵村山線×新青梅街道,R4/10,東大和,A 多摩湖,3.箱根ヶ崎,13,0,2,20,6,28,1
82,本町１,八王子武蔵村山線×新青梅街道,R4/10,東大和,A 多摩湖,3.箱根ヶ崎,14,0,4,23,3,30,0
82,本町１,八王子武蔵村山線×新青梅街道,R4/10,東大和,A 多摩湖,3.箱根ヶ崎,15,1,1,22,3,27,2
82,本町１,八王子武蔵村山線×新青梅街道,R4/10,東大和,A 多摩湖,3.箱根ヶ崎,16,0,0,30,4,34,3
82,本町１,八王子武蔵村山線×新青梅街道,R4/10,東大和,A 多摩湖,3.箱根ヶ崎,17,0,0,23,2,25,1
82,本町１,八王子武蔵村山線×新青梅街道,R4/10,東大和,A 多摩湖,3.箱根ヶ崎,18,0,0,17,3,20,1
82,本町１,八王子武蔵村山線×新青梅街道,R4/10,東大和,A 多摩湖,3.箱根ヶ崎,12時間計,6,13,268,51,338,9
82,本町１,八王子武蔵村山線×新青梅街道,R4/10,東大和,A 多摩湖,流入計,7,3,5,195,66,269,15
82,本町１,八王子武蔵村山線×新青梅街道,R4/10,東大和,A 多摩湖,流入計,8,5,6,171,51,233,9
82,本町１,八王子武蔵村山線×新青梅街道,R4/10,東大和,A 多摩湖,流入計,9,3,4,161,32,200,6
82,本町１,八王子武蔵村山線×新青梅街道,R4/10,東大和,A 多摩湖,流入計,10,6,7,226,33,272,3
82,本町１,八王子武蔵村山線×新青梅街道,R4/10,東大和,A 多摩湖,流入計,11,1,2,233,32,268,9
82,本町１,八王子武蔵村山線×新青梅街道,R4/10,東大和,A 多摩湖,流入計,12,2,3,190,40,235,9
82,本町１,八王子武蔵村山線×新青梅街道,R4/10,東大和,A 多摩湖,流入計,13,3,5,187,56,251,7
82,本町１,八王子武蔵村山線×新青梅街道,R4/10,東大和,A 多摩湖,流入計,14,4,8,183,60,255,6
82,本町１,八王子武蔵村山線×新青梅街道,R4/10,東大和,A 多摩湖,流入計,15,3,8,175,47,233,5
82,本町１,八王子武蔵村山線×新青梅街道,R4/10,東大和,A 多摩湖,流入計,16,1,1,199,43,244,4
82,本町１,八王子武蔵村山線×新青梅街道,R4/10,東大和,A 多摩湖,流入計,17,4,6,181,28,219,3
82,本町１,八王子武蔵村山線×新青梅街道,R4/10,東大和,A 多摩湖,流入計,18,3,0,197,26,226,10
82,本町１,八王子武蔵村山線×新青梅街道,R4/10,東大和,A 多摩湖,流入計,12時間計,38,55,2298,514,2905,86
82,本町１,八王子武蔵村山線×新青梅街道,R4/10,東大和,B 箱根ヶ崎,4.多摩湖,7,0,1,10,2,13,1
82,本町１,八王子武蔵村山線×新青梅街道,R4/10,東大和,B 箱根ヶ崎,4.多摩湖,8,0,0,12,6,18,4
82,本町１,八王子武蔵村山線×新青梅街道,R4/10,東大和,B 箱根ヶ崎,4.多摩湖,9,0,1,19,4,24,1
82,本町１,八王子武蔵村山線×新青梅街道,R4/10,東大和,B 箱根ヶ崎,4.多摩湖,10,0,0,13,8,21,0
82,本町１,八王子武蔵村山線×新青梅街道,R4/10,東大和,B 箱根ヶ崎,4.多摩湖,11,0,1,23,5,29,1
82,本町１,八王子武蔵村山線×新青梅街道,R4/10,東大和,B 箱根ヶ崎,4.多摩湖,12,1,1,21,3,26,1
82,本町１,八王子武蔵村山線×新青梅街道,R4/10,東大和,B 箱根ヶ崎,4.多摩湖,13,0,2,22,6,30,1
82,本町１,八王子武蔵村山線×新青梅街道,R4/10,東大和,B 箱根ヶ崎,4.多摩湖,14,0,0,32,4,36,2
82,本町１,八王子武蔵村山線×新青梅街道,R4/10,東大和,B 箱根ヶ崎,4.多摩湖,15,0,0,22,2,24,0
82,本町１,八王子武蔵村山線×新青梅街道,R4/10,東大和,B 箱根ヶ崎,4.多摩湖,16,0,0,23,5,28,0
82,本町１,八王子武蔵村山線×新青梅街道,R4/10,東大和,B 箱根ヶ崎,4.多摩湖,17,0,2,32,5,39,1
82,本町１,八王子武蔵村山線×新青梅街道,R4/10,東大和,B 箱根ヶ崎,4.多摩湖,18,0,0,38,3,41,3
82,本町１,八王子武蔵村山線×新青梅街道,R4/10,東大和,B 箱根ヶ崎,4.多摩湖,12時間計,1,8,267,53,329,15
82,本町１,八王子武蔵村山線×新青梅街道,R4/10,東大和,B 箱根ヶ崎,5.東大和,7,3,135,669,224,1031,32
82,本町１,八王子武蔵村山線×新青梅街道,R4/10,東大和,B 箱根ヶ崎,5.東大和,8,0,85,571,236,892,14
82,本町１,八王子武蔵村山線×新青梅街道,R4/10,東大和,B 箱根ヶ崎,5.東大和,9,5,76,506,298,885,16
82,本町１,八王子武蔵村山線×新青梅街道,R4/10,東大和,B 箱根ヶ崎,5.東大和,10,1,76,419,226,722,10
82,本町１,八王子武蔵村山線×新青梅街道,R4/10,東大和,B 箱根ヶ崎,5.東大和,11,2,74,490,262,828,10
82,本町１,八王子武蔵村山線×新青梅街道,R4/10,東大和,B 箱根ヶ崎,5.東大和,12,4,34,501,243,782,33
82,本町１,八王子武蔵村山線×新青梅街道,R4/10,東大和,B 箱根ヶ崎,5.東大和,13,6,29,402,259,696,24
82,本町１,八王子武蔵村山線×新青梅街道,R4/10,東大和,B 箱根ヶ崎,5.東大和,14,10,56,532,258,856,26
82,本町１,八王子武蔵村山線×新青梅街道,R4/10,東大和,B 箱根ヶ崎,5.東大和,15,6,29,697,291,1023,52
82,本町１,八王子武蔵村山線×新青梅街道,R4/10,東大和,B 箱根ヶ崎,5.東大和,16,4,24,705,281,1014,48
82,本町１,八王子武蔵村山線×新青梅街道,R4/10,東大和,B 箱根ヶ崎,5.東大和,17,6,18,849,284,1157,48
82,本町１,八王子武蔵村山線×新青梅街道,R4/10,東大和,B 箱根ヶ崎,5.東大和,18,2,20,888,184,1094,49
82,本町１,八王子武蔵村山線×新青梅街道,R4/10,東大和,B 箱根ヶ崎,5.東大和,12時間計,49,656,7229,3046,10980,362
82,本町１,八王子武蔵村山線×新青梅街道,R4/10,東大和,B 箱根ヶ崎,6.立川,7,0,15,66,20,101,3
82,本町１,八王子武蔵村山線×新青梅街道,R4/10,東大和,B 箱根ヶ崎,6.立川,8,1,15,81,23,120,1
82,本町１,八王子武蔵村山線×新青梅街道,R4/10,東大和,B 箱根ヶ崎,6.立川,9,0,7,73,26,106,1
82,本町１,八王子武蔵村山線×新青梅街道,R4/10,東大和,B 箱根ヶ崎,6.立川,10,0,10,101,17,128,2
82,本町１,八王子武蔵村山線×新青梅街道,R4/10,東大和,B 箱根ヶ崎,6.立川,11,0,7,109,9,125,2
82,本町１,八王子武蔵村山線×新青梅街道,R4/10,東大和,B 箱根ヶ崎,6.立川,12,0,8,108,15,131,1
82,本町１,八王子武蔵村山線×新青梅街道,R4/10,東大和,B 箱根ヶ崎,6.立川,13,0,7,92,24,123,0
82,本町１,八王子武蔵村山線×新青梅街道,R4/10,東大和,B 箱根ヶ崎,6.立川,14,1,4,104,20,129,0
82,本町１,八王子武蔵村山線×新青梅街道,R4/10,東大和,B 箱根ヶ崎,6.立川,15,0,4,90,16,110,4
82,本町１,八王子武蔵村山線×新青梅街道,R4/10,東大和,B 箱根ヶ崎,6.立川,16,1,6,97,17,121,0
82,本町１,八王子武蔵村山線×新青梅街道,R4/10,東大和,B 箱根ヶ崎,6.立川,17,1,6,116,14,137,3
82,本町１,八王子武蔵村山線×新青梅街道,R4/10,東大和,B 箱根ヶ崎,6.立川,18,0,4,122,16,142,2
82,本町１,八王子武蔵村山線×新青梅街道,R4/10,東大和,B 箱根ヶ崎,6.立川,12時間計,4,93,1159,217,1473,19
82,本町１,八王子武蔵村山線×新青梅街道,R4/10,東大和,B 箱根ヶ崎,流入計,7,3,151,745,246,1145,36
82,本町１,八王子武蔵村山線×新青梅街道,R4/10,東大和,B 箱根ヶ崎,流入計,8,1,100,664,265,1030,19
82,本町１,八王子武蔵村山線×新青梅街道,R4/10,東大和,B 箱根ヶ崎,流入計,9,5,84,598,328,1015,18
82,本町１,八王子武蔵村山線×新青梅街道,R4/10,東大和,B 箱根ヶ崎,流入計,10,1,86,533,251,871,12
82,本町１,八王子武蔵村山線×新青梅街道,R4/10,東大和,B 箱根ヶ崎,流入計,11,2,82,622,276,982,13
82,本町１,八王子武蔵村山線×新青梅街道,R4/10,東大和,B 箱根ヶ崎,流入計,12,5,43,630,261,939,35
82,本町１,八王子武蔵村山線×新青梅街道,R4/10,東大和,B 箱根ヶ崎,流入計,13,6,38,516,289,849,25
82,本町１,八王子武蔵村山線×新青梅街道,R4/10,東大和,B 箱根ヶ崎,流入計,14,11,60,668,282,1021,28
82,本町１,八王子武蔵村山線×新青梅街道,R4/10,東大和,B 箱根ヶ崎,流入計,15,6,33,809,309,1157,56
82,本町１,八王子武蔵村山線×新青梅街道,R4/10,東大和,B 箱根ヶ崎,流入計,16,5,30,825,303,1163,48
82,本町１,八王子武蔵村山線×新青梅街道,R4/10,東大和,B 箱根ヶ崎,流入計,17,7,26,997,303,1333,52
82,本町１,八王子武蔵村山線×新青梅街道,R4/10,東大和,B 箱根ヶ崎,流入計,18,2,24,1048,203,1277,54
82,本町１,八王子武蔵村山線×新青梅街道,R4/10,東大和,B 箱根ヶ崎,流入計,12時間計,54,757,8655,3316,12782,396
82,本町１,八王子武蔵村山線×新青梅街道,R4/10,東大和,C 立川,7.箱根ヶ崎,7,5,7,55,13,80,2
82,本町１,八王子武蔵村山線×新青梅街道,R4/10,東大和,C 立川,7.箱根ヶ崎,8,0,13,34,12,59,2
82,本町１,八王子武蔵村山線×新青梅街道,R4/10,東大和,C 立川,7.箱根ヶ崎,9,2,24,24,19,69,2
82,本町１,八王子武蔵村山線×新青梅街道,R4/10,東大和,C 立川,7.箱根ヶ崎,10,0,14,37,21,72,1
82,本町１,八王子武蔵村山線×新青梅街道,R4/10,東大和,C 立川,7.箱根ヶ崎,11,1,8,52,22,83,1
82,本町１,八王子武蔵村山線×新青梅街道,R4/10,東大和,C 立川,7.箱根ヶ崎,12,2,4,58,12,76,1
82,本町１,八王子武蔵村山線×新青梅街道,R4/10,東大和,C 立川,7.箱根ヶ崎,13,0,4,80,16,100,3
82,本町１,八王子武蔵村山線×新青梅街道,R4/10,東大和,C 立川,7.箱根ヶ崎,14,0,8,93,12,113,1
82,本町１,八王子武蔵村山線×新青梅街道,R4/10,東大和,C 立川,7.箱根ヶ崎,15,0,7,70,13,90,1
82,本町１,八王子武蔵村山線×新青梅街道,R4/10,東大和,C 立川,7.箱根ヶ崎,16,0,2,98,12,112,0
82,本町１,八王子武蔵村山線×新青梅街道,R4/10,東大和,C 立川,7.箱根ヶ崎,17,0,5,58,12,75,1
82,本町１,八王子武蔵村山線×新青梅街道,R4/10,東大和,C 立川,7.箱根ヶ崎,18,0,2,48,18,68,1
82,本町１,八王子武蔵村山線×新青梅街道,R4/10,東大和,C 立川,7.箱根ヶ崎,12時間計,10,98,707,182,997,16
82,本町１,八王子武蔵村山線×新青梅街道,R4/10,東大和,C 立川,8.多摩湖,7,3,8,98,51,160,1
82,本町１,八王子武蔵村山線×新青梅街道,R4/10,東大和,C 立川,8.多摩湖,8,2,8,89,39,138,3
82,本町１,八王子武蔵村山線×新青梅街道,R4/10,東大和,C 立川,8.多摩湖,9,3,6,53,41,103,2
82,本町１,八王子武蔵村山線×新青梅街道,R4/10,東大和,C 立川,8.多摩湖,10,1,1,87,63,152,2
82,本町１,八王子武蔵村山線×新青梅街道,R4/10,東大和,C 立川,8.多摩湖,11,2,3,110,38,153,8
82,本町１,八王子武蔵村山線×新青梅街道,R4/10,東大和,C 立川,8.多摩湖,12,1,2,126,47,176,4
82,本町１,八王子武蔵村山線×新青梅街道,R4/10,東大和,C 立川,8.多摩湖,13,2,9,142,23,176,5
82,本町１,八王子武蔵村山線×新青梅街道,R4/10,東大和,C 立川,8.多摩湖,14,1,7,96,32,136,5
82,本町１,八王子武蔵村山線×新青梅街道,R4/10,東大和,C 立川,8.多摩湖,15,1,3,144,32,180,3
82,本町１,八王子武蔵村山線×新青梅街道,R4/10,東大和,C 立川,8.多摩湖,16,2,1,111,31,145,4
82,本町１,八王子武蔵村山線×新青梅街道,R4/10,東大和,C 立川,8.多摩湖,17,2,5,141,34,182,7
82,本町１,八王子武蔵村山線×新青梅街道,R4/10,東大和,C 立川,8.多摩湖,18,2,6,167,26,201,10
82,本町１,八王子武蔵村山線×新青梅街道,R4/10,東大和,C 立川,8.多摩湖,12時間計,22,59,1364,457,1902,54
82,本町１,八王子武蔵村山線×新青梅街道,R4/10,東大和,C 立川,9.東大和,7,2,3,107,69,181,12
82,本町１,八王子武蔵村山線×新青梅街道,R4/10,東大和,C 立川,9.東大和,8,1,14,104,106,225,10
82,本町１,八王子武蔵村山線×新青梅街道,R4/10,東大和,C 立川,9.東大和,9,2,12,72,92,178,2
82,本町１,八王子武蔵村山線×新青梅街道,R4/10,東大和,C 立川,9.東大和,10,0,13,50,75,138,1
82,本町１,八王子武蔵村山線×新青梅街道,R4/10,東大和,C 立川,9.東大和,11,0,6,87,75,168,3
82,本町１,八王子武蔵村山線×新青梅街道,R4/10,東大和,C 立川,9.東大和,12,1,14,90,73,178,4
82,本町１,八王子武蔵村山線×新青梅街道,R4/10,東大和,C 立川,9.東大和,13,0,8,74,45,127,4
82,本町１,八王子武蔵村山線×新青梅街道,R4/10,東大和,C 立川,9.東大和,14,0,19,104,36,159,4
82,本町１,八王子武蔵村山線×新青梅街道,R4/10,東大和,C 立川,9.東大和,15,0,15,114,50,179,1
82,本町１,八王子武蔵村山線×新青梅街道,R4/10,東大和,C 立川,9.東大和,16,0,7,126,53,186,8
82,本町１,八王子武蔵村山線×新青梅街道,R4/10,東大和,C 立川,9.東大和,17,2,2,179,47,230,7
82,本町１,八王子武蔵村山線×新青梅街道,R4/10,東大和,C 立川,9.東大和,18,1,3,139,34,177,16
82,本町１,八王子武蔵村山線×新青梅街道,R4/10,東大和,C 立川,9.東大和,12時間計,9,116,1246,755,2126,72
82,本町１,八王子武蔵村山線×新青梅街道,R4/10,東大和,C 立川,流入計,7,10,18,260,133,421,15
82,本町１,八王子武蔵村山線×新青梅街道,R4/10,東大和,C 立川,流入計,8,3,35,227,157,422,15
82,本町１,八王子武蔵村山線×新青梅街道,R4/10,東大和,C 立川,流入計,9,7,42,149,152,350,6
82,本町１,八王子武蔵村山線×新青梅街道,R4/10,東大和,C 立川,流入計,10,1,28,174,159,362,4
82,本町１,八王子武蔵村山線×新青梅街道,R4/10,東大和,C 立川,流入計,11,3,17,249,135,404,12
82,本町１,八王子武蔵村山線×新青梅街道,R4/10,東大和,C 立川,流入計,12,4,20,274,132,430,9
82,本町１,八王子武蔵村山線×新青梅街道,R4/10,東大和,C 立川,流入計,13,2,21,296,84,403,12
82,本町１,八王子武蔵村山線×新青梅街道,R4/10,東大和,C 立川,流入計,14,1,34,293,80,408,10
82,本町１,八王子武蔵村山線×新青梅街道,R4/10,東大和,C 立川,流入計,15,1,25,328,95,449,5
82,本町１,八王子武蔵村山線×新青梅街道,R4/10,東大和,C 立川,流入計,16,2,10,335,96,443,12
82,本町１,八王子武蔵村山線×新青梅街道,R4/10,東大和,C 立川,流入計,17,4,12,378,93,487,15
82,本町１,八王子武蔵村山線×新青梅街道,R4/10,東大和,C 立川,流入計,18,3,11,354,78,446,27
82,本町１,八王子武蔵村山線×新青梅街道,R4/10,東大和,C 立川,流入計,12時間計,41,273,3317,1394,5025,142
82,本町１,八王子武蔵村山線×新青梅街道,R4/10,東大和,D 東大和,10.立川,7,2,6,59,39,106,1
82,本町１,八王子武蔵村山線×新青梅街道,R4/10,東大和,D 東大和,10.立川,8,1,5,79,34,119,5
82,本町１,八王子武蔵村山線×新青梅街道,R4/10,東大和,D 東大和,10.立川,9,0,10,72,34,116,1
82,本町１,八王子武蔵村山線×新青梅街道,R4/10,東大和,D 東大和,10.立川,10,0,13,94,35,142,3
82,本町１,八王子武蔵村山線×新青梅街道,R4/10,東大和,D 東大和,10.立川,11,0,6,98,25,129,1
82,本町１,八王子武蔵村山線×新青梅街道,R4/10,東大和,D 東大和,10.立川,12,0,6,96,39,141,4
82,本町１,八王子武蔵村山線×新青梅街道,R4/10,東大和,D 東大和,10.立川,13,0,7,93,43,143,4
82,本町１,八王子武蔵村山線×新青梅街道,R4/10,東大和,D 東大和,10.立川,14,0,7,100,49,156,4
82,本町１,八王子武蔵村山線×新青梅街道,R4/10,東大和,D 東大和,10.立川,15,0,7,86,37,130,1
82,本町１,八王子武蔵村山線×新青梅街道,R4/10,東大和,D 東大和,10.立川,16,1,11,81,43,136,1
82,本町１,八王子武蔵村山線×新青梅街道,R4/10,東大和,D 東大和,10.立川,17,2,16,120,40,178,1
82,本町１,八王子武蔵村山線×新青梅街道,R4/10,東大和,D 東大和,10.立川,18,0,6,93,32,131,1
82,本町１,八王子武蔵村山線×新青梅街道,R4/10,東大和,D 東大和,10.立川,12時間計,6,100,1071,450,1627,27
82,本町１,八王子武蔵村山線×新青梅街道,R4/10,東大和,D 東大和,11.箱根ヶ崎,7,10,40,822,242,1114,32
82,本町１,八王子武蔵村山線×新青梅街道,R4/10,東大和,D 東大和,11.箱根ヶ崎,8,16,45,676,261,998,25
82,本町１,八王子武蔵村山線×新青梅街道,R4/10,東大和,D 東大和,11.箱根ヶ崎,9,15,84,591,251,941,45
82,本町１,八王子武蔵村山線×新青梅街道,R4/10,東大和,D 東大和,11.箱根ヶ崎,10,2,115,585,269,971,38
82,本町１,八王子武蔵村山線×新青梅街道,R4/10,東大和,D 東大和,11.箱根ヶ崎,11,1,87,512,238,838,25
82,本町１,八王子武蔵村山線×新青梅街道,R4/10,東大和,D 東大和,11.箱根ヶ崎,12,2,54,524,282,862,25
82,本町１,八王子武蔵村山線×新青梅街道,R4/10,東大和,D 東大和,11.箱根ヶ崎,13,2,67,540,316,925,22
82,本町１,八王子武蔵村山線×新青梅街道,R4/10,東大和,D 東大和,11.箱根ヶ崎,14,6,69,555,314,944,32
82,本町１,八王子武蔵村山線×新青梅街道,R4/10,東大和,D 東大和,11.箱根ヶ崎,15,12,71,571,305,959,34
82,本町１,八王子武蔵村山線×新青梅街道,R4/10,東大和,D 東大和,11.箱根ヶ崎,16,17,74,644,357,1092,25
82,本町１,八王子武蔵村山線×新青梅街道,R4/10,東大和,D 東大和,11.箱根ヶ崎,17,3,42,644,322,1011,19
82,本町１,八王子武蔵村山線×新青梅街道,R4/10,東大和,D 東大和,11.箱根ヶ崎,18,1,12,571,390,974,37
82,本町１,八王子武蔵村山線×新青梅街道,R4/10,東大和,D 東大和,11.箱根ヶ崎,12時間計,87,760,7235,3547,11629,359
82,本町１,八王子武蔵村山線×新青梅街道,R4/10,東大和,D 東大和,12.多摩湖,7,0,0,10,5,15,0
82,本町１,八王子武蔵村山線×新青梅街道,R4/10,東大和,D 東大和,12.多摩湖,8,0,1,18,8,27,0
82,本町１,八王子武蔵村山線×新青梅街道,R4/10,東大和,D 東大和,12.多摩湖,9,3,2,27,12,44,0
82,本町１,八王子武蔵村山線×新青梅街道,R4/10,東大和,D 東大和,12.多摩湖,10,0,0,23,6,29,1
82,本町１,八王子武蔵村山線×新青梅街道,R4/10,東大和,D 東大和,12.多摩湖,11,1,5,30,5,41,1
82,本町１,八王子武蔵村山線×新青梅街道,R4/10,東大和,D 東大和,12.多摩湖,12,0,3,29,7,39,1
82,本町１,八王子武蔵村山線×新青梅街道,R4/10,東大和,D 東大和,12.多摩湖,13,0,1,32,10,43,1
82,本町１,八王子武蔵村山線×新青梅街道,R4/10,東大和,D 東大和,12.多摩湖,14,0,0,31,12,43,0
82,本町１,八王子武蔵村山線×新青梅街道,R4/10,東大和,D 東大和,12.多摩湖,15,0,0,42,15,57,0
82,本町１,八王子武蔵村山線×新青梅街道,R4/10,東大和,D 東大和,12.多摩湖,16,0,1,35,12,48,4
82,本町１,八王子武蔵村山線×新青梅街道,R4/10,東大和,D 東大和,12.多摩湖,17,0,2,55,8,65,1
82,本町１,八王子武蔵村山線×新青梅街道,R4/10,東大和,D 東大和,12.多摩湖,18,0,0,45,9,54,4
82,本町１,八王子武蔵村山線×新青梅街道,R4/10,東大和,D 東大和,12.多摩湖,12時間計,4,15,377,109,505,13
82,本町１,八王子武蔵村山線×新青梅街道,R4/10,東大和,D 東大和,流入計,7,12,46,891,286,1235,33
82,本町１,八王子武蔵村山線×新青梅街道,R4/10,東大和,D 東大和,流入計,8,17,51,773,303,1144,30
82,本町１,八王子武蔵村山線×新青梅街道,R4/10,東大和,D 東大和,流入計,9,18,96,690,297,1101,46
82,本町１,八王子武蔵村山線×新青梅街道,R4/10,東大和,D 東大和,流入計,10,2,128,702,310,1142,42
82,本町１,八王子武蔵村山線×新青梅街道,R4/10,東大和,D 東大和,流入計,11,2,98,640,268,1008,27
82,本町１,八王子武蔵村山線×新青梅街道,R4/10,東大和,D 東大和,流入計,12,2,63,649,328,1042,30
82,本町１,八王子武蔵村山線×新青梅街道,R4/10,東大和,D 東大和,流入計,13,2,75,665,369,1111,27
82,本町１,八王子武蔵村山線×新青梅街道,R4/10,東大和,D 東大和,流入計,14,6,76,686,375,1143,36
82,本町１,八王子武蔵村山線×新青梅街道,R4/10,東大和,D 東大和,流入計,15,12,78,699,357,1146,35
82,本町１,八王子武蔵村山線×新青梅街道,R4/10,東大和,D 東大和,流入計,16,18,86,760,412,1276,30
82,本町１,八王子武蔵村山線×新青梅街道,R4/10,東大和,D 東大和,流入計,17,5,60,819,370,1254,21
82,本町１,八王子武蔵村山線×新青梅街道,R4/10,東大和,D 東大和,流入計,18,1,18,709,431,1159,42
82,本町１,八王子武蔵村山線×新青梅街道,R4/10,東大和,D 東大和,流入計,12時間計,97,875,8683,4106,13761,399
