﻿地点番号,地点名,交差道路名,調査年月,管轄警察署,流入方向,流出方向,時間帯等,車道通行自転車,歩道通行自転車,自転車計
82,本町１,八王子武蔵村山線×新青梅街道,R4/10,東大和,A 多摩湖,1東大和,7,0,-,-
82,本町１,八王子武蔵村山線×新青梅街道,R4/10,東大和,A 多摩湖,1東大和,8,0,-,-
82,本町１,八王子武蔵村山線×新青梅街道,R4/10,東大和,A 多摩湖,1東大和,9,0,-,-
82,本町１,八王子武蔵村山線×新青梅街道,R4/10,東大和,A 多摩湖,1東大和,10,0,-,-
82,本町１,八王子武蔵村山線×新青梅街道,R4/10,東大和,A 多摩湖,1東大和,11,0,-,-
82,本町１,八王子武蔵村山線×新青梅街道,R4/10,東大和,A 多摩湖,1東大和,12,0,-,-
82,本町１,八王子武蔵村山線×新青梅街道,R4/10,東大和,A 多摩湖,1東大和,13,0,-,-
82,本町１,八王子武蔵村山線×新青梅街道,R4/10,東大和,A 多摩湖,1東大和,14,0,-,-
82,本町１,八王子武蔵村山線×新青梅街道,R4/10,東大和,A 多摩湖,1東大和,15,0,-,-
82,本町１,八王子武蔵村山線×新青梅街道,R4/10,東大和,A 多摩湖,1東大和,16,0,-,-
82,本町１,八王子武蔵村山線×新青梅街道,R4/10,東大和,A 多摩湖,1東大和,17,0,-,-
82,本町１,八王子武蔵村山線×新青梅街道,R4/10,東大和,A 多摩湖,1東大和,18,0,-,-
82,本町１,八王子武蔵村山線×新青梅街道,R4/10,東大和,A 多摩湖,1東大和,12時間計,0,-,-
82,本町１,八王子武蔵村山線×新青梅街道,R4/10,東大和,A 多摩湖,2立川,7,4,-,-
82,本町１,八王子武蔵村山線×新青梅街道,R4/10,東大和,A 多摩湖,2立川,8,3,-,-
82,本町１,八王子武蔵村山線×新青梅街道,R4/10,東大和,A 多摩湖,2立川,9,4,-,-
82,本町１,八王子武蔵村山線×新青梅街道,R4/10,東大和,A 多摩湖,2立川,10,1,-,-
82,本町１,八王子武蔵村山線×新青梅街道,R4/10,東大和,A 多摩湖,2立川,11,1,-,-
82,本町１,八王子武蔵村山線×新青梅街道,R4/10,東大和,A 多摩湖,2立川,12,2,-,-
82,本町１,八王子武蔵村山線×新青梅街道,R4/10,東大和,A 多摩湖,2立川,13,3,-,-
82,本町１,八王子武蔵村山線×新青梅街道,R4/10,東大和,A 多摩湖,2立川,14,1,-,-
82,本町１,八王子武蔵村山線×新青梅街道,R4/10,東大和,A 多摩湖,2立川,15,3,-,-
82,本町１,八王子武蔵村山線×新青梅街道,R4/10,東大和,A 多摩湖,2立川,16,0,-,-
82,本町１,八王子武蔵村山線×新青梅街道,R4/10,東大和,A 多摩湖,2立川,17,0,-,-
82,本町１,八王子武蔵村山線×新青梅街道,R4/10,東大和,A 多摩湖,2立川,18,1,-,-
82,本町１,八王子武蔵村山線×新青梅街道,R4/10,東大和,A 多摩湖,2立川,12時間計,23,-,-
82,本町１,八王子武蔵村山線×新青梅街道,R4/10,東大和,A 多摩湖,3箱根ヶ崎,7,0,-,-
82,本町１,八王子武蔵村山線×新青梅街道,R4/10,東大和,A 多摩湖,3箱根ヶ崎,8,0,-,-
82,本町１,八王子武蔵村山線×新青梅街道,R4/10,東大和,A 多摩湖,3箱根ヶ崎,9,0,-,-
82,本町１,八王子武蔵村山線×新青梅街道,R4/10,東大和,A 多摩湖,3箱根ヶ崎,10,0,-,-
82,本町１,八王子武蔵村山線×新青梅街道,R4/10,東大和,A 多摩湖,3箱根ヶ崎,11,0,-,-
82,本町１,八王子武蔵村山線×新青梅街道,R4/10,東大和,A 多摩湖,3箱根ヶ崎,12,0,-,-
82,本町１,八王子武蔵村山線×新青梅街道,R4/10,東大和,A 多摩湖,3箱根ヶ崎,13,0,-,-
82,本町１,八王子武蔵村山線×新青梅街道,R4/10,東大和,A 多摩湖,3箱根ヶ崎,14,0,-,-
82,本町１,八王子武蔵村山線×新青梅街道,R4/10,東大和,A 多摩湖,3箱根ヶ崎,15,0,-,-
82,本町１,八王子武蔵村山線×新青梅街道,R4/10,東大和,A 多摩湖,3箱根ヶ崎,16,0,-,-
82,本町１,八王子武蔵村山線×新青梅街道,R4/10,東大和,A 多摩湖,3箱根ヶ崎,17,0,-,-
82,本町１,八王子武蔵村山線×新青梅街道,R4/10,東大和,A 多摩湖,3箱根ヶ崎,18,0,-,-
82,本町１,八王子武蔵村山線×新青梅街道,R4/10,東大和,A 多摩湖,3箱根ヶ崎,12時間計,0,-,-
82,本町１,八王子武蔵村山線×新青梅街道,R4/10,東大和,A 多摩湖,流入計,7,4,42,46
82,本町１,八王子武蔵村山線×新青梅街道,R4/10,東大和,A 多摩湖,流入計,8,3,41,44
82,本町１,八王子武蔵村山線×新青梅街道,R4/10,東大和,A 多摩湖,流入計,9,4,42,46
82,本町１,八王子武蔵村山線×新青梅街道,R4/10,東大和,A 多摩湖,流入計,10,1,41,42
82,本町１,八王子武蔵村山線×新青梅街道,R4/10,東大和,A 多摩湖,流入計,11,1,45,46
82,本町１,八王子武蔵村山線×新青梅街道,R4/10,東大和,A 多摩湖,流入計,12,2,20,22
82,本町１,八王子武蔵村山線×新青梅街道,R4/10,東大和,A 多摩湖,流入計,13,3,21,24
82,本町１,八王子武蔵村山線×新青梅街道,R4/10,東大和,A 多摩湖,流入計,14,1,19,20
82,本町１,八王子武蔵村山線×新青梅街道,R4/10,東大和,A 多摩湖,流入計,15,3,41,44
82,本町１,八王子武蔵村山線×新青梅街道,R4/10,東大和,A 多摩湖,流入計,16,0,44,44
82,本町１,八王子武蔵村山線×新青梅街道,R4/10,東大和,A 多摩湖,流入計,17,0,38,38
82,本町１,八王子武蔵村山線×新青梅街道,R4/10,東大和,A 多摩湖,流入計,18,1,26,27
82,本町１,八王子武蔵村山線×新青梅街道,R4/10,東大和,A 多摩湖,流入計,12時間計,23,420,443
82,本町１,八王子武蔵村山線×新青梅街道,R4/10,東大和,B 箱根ヶ崎,4多摩湖,7,0,-,-
82,本町１,八王子武蔵村山線×新青梅街道,R4/10,東大和,B 箱根ヶ崎,4多摩湖,8,0,-,-
82,本町１,八王子武蔵村山線×新青梅街道,R4/10,東大和,B 箱根ヶ崎,4多摩湖,9,0,-,-
82,本町１,八王子武蔵村山線×新青梅街道,R4/10,東大和,B 箱根ヶ崎,4多摩湖,10,0,-,-
82,本町１,八王子武蔵村山線×新青梅街道,R4/10,東大和,B 箱根ヶ崎,4多摩湖,11,0,-,-
82,本町１,八王子武蔵村山線×新青梅街道,R4/10,東大和,B 箱根ヶ崎,4多摩湖,12,0,-,-
82,本町１,八王子武蔵村山線×新青梅街道,R4/10,東大和,B 箱根ヶ崎,4多摩湖,13,0,-,-
82,本町１,八王子武蔵村山線×新青梅街道,R4/10,東大和,B 箱根ヶ崎,4多摩湖,14,0,-,-
82,本町１,八王子武蔵村山線×新青梅街道,R4/10,東大和,B 箱根ヶ崎,4多摩湖,15,0,-,-
82,本町１,八王子武蔵村山線×新青梅街道,R4/10,東大和,B 箱根ヶ崎,4多摩湖,16,0,-,-
82,本町１,八王子武蔵村山線×新青梅街道,R4/10,東大和,B 箱根ヶ崎,4多摩湖,17,0,-,-
82,本町１,八王子武蔵村山線×新青梅街道,R4/10,東大和,B 箱根ヶ崎,4多摩湖,18,0,-,-
82,本町１,八王子武蔵村山線×新青梅街道,R4/10,東大和,B 箱根ヶ崎,4多摩湖,12時間計,0,-,-
82,本町１,八王子武蔵村山線×新青梅街道,R4/10,東大和,B 箱根ヶ崎,5東大和,7,1,-,-
82,本町１,八王子武蔵村山線×新青梅街道,R4/10,東大和,B 箱根ヶ崎,5東大和,8,1,-,-
82,本町１,八王子武蔵村山線×新青梅街道,R4/10,東大和,B 箱根ヶ崎,5東大和,9,2,-,-
82,本町１,八王子武蔵村山線×新青梅街道,R4/10,東大和,B 箱根ヶ崎,5東大和,10,1,-,-
82,本町１,八王子武蔵村山線×新青梅街道,R4/10,東大和,B 箱根ヶ崎,5東大和,11,0,-,-
82,本町１,八王子武蔵村山線×新青梅街道,R4/10,東大和,B 箱根ヶ崎,5東大和,12,0,-,-
82,本町１,八王子武蔵村山線×新青梅街道,R4/10,東大和,B 箱根ヶ崎,5東大和,13,1,-,-
82,本町１,八王子武蔵村山線×新青梅街道,R4/10,東大和,B 箱根ヶ崎,5東大和,14,0,-,-
82,本町１,八王子武蔵村山線×新青梅街道,R4/10,東大和,B 箱根ヶ崎,5東大和,15,0,-,-
82,本町１,八王子武蔵村山線×新青梅街道,R4/10,東大和,B 箱根ヶ崎,5東大和,16,0,-,-
82,本町１,八王子武蔵村山線×新青梅街道,R4/10,東大和,B 箱根ヶ崎,5東大和,17,0,-,-
82,本町１,八王子武蔵村山線×新青梅街道,R4/10,東大和,B 箱根ヶ崎,5東大和,18,3,-,-
82,本町１,八王子武蔵村山線×新青梅街道,R4/10,東大和,B 箱根ヶ崎,5東大和,12時間計,9,-,-
82,本町１,八王子武蔵村山線×新青梅街道,R4/10,東大和,B 箱根ヶ崎,6立川,7,0,-,-
82,本町１,八王子武蔵村山線×新青梅街道,R4/10,東大和,B 箱根ヶ崎,6立川,8,0,-,-
82,本町１,八王子武蔵村山線×新青梅街道,R4/10,東大和,B 箱根ヶ崎,6立川,9,0,-,-
82,本町１,八王子武蔵村山線×新青梅街道,R4/10,東大和,B 箱根ヶ崎,6立川,10,0,-,-
82,本町１,八王子武蔵村山線×新青梅街道,R4/10,東大和,B 箱根ヶ崎,6立川,11,0,-,-
82,本町１,八王子武蔵村山線×新青梅街道,R4/10,東大和,B 箱根ヶ崎,6立川,12,0,-,-
82,本町１,八王子武蔵村山線×新青梅街道,R4/10,東大和,B 箱根ヶ崎,6立川,13,0,-,-
82,本町１,八王子武蔵村山線×新青梅街道,R4/10,東大和,B 箱根ヶ崎,6立川,14,0,-,-
82,本町１,八王子武蔵村山線×新青梅街道,R4/10,東大和,B 箱根ヶ崎,6立川,15,0,-,-
82,本町１,八王子武蔵村山線×新青梅街道,R4/10,東大和,B 箱根ヶ崎,6立川,16,0,-,-
82,本町１,八王子武蔵村山線×新青梅街道,R4/10,東大和,B 箱根ヶ崎,6立川,17,0,-,-
82,本町１,八王子武蔵村山線×新青梅街道,R4/10,東大和,B 箱根ヶ崎,6立川,18,0,-,-
82,本町１,八王子武蔵村山線×新青梅街道,R4/10,東大和,B 箱根ヶ崎,6立川,12時間計,0,-,-
82,本町１,八王子武蔵村山線×新青梅街道,R4/10,東大和,B 箱根ヶ崎,流入計,7,1,37,38
82,本町１,八王子武蔵村山線×新青梅街道,R4/10,東大和,B 箱根ヶ崎,流入計,8,1,39,40
82,本町１,八王子武蔵村山線×新青梅街道,R4/10,東大和,B 箱根ヶ崎,流入計,9,2,33,35
82,本町１,八王子武蔵村山線×新青梅街道,R4/10,東大和,B 箱根ヶ崎,流入計,10,1,22,23
82,本町１,八王子武蔵村山線×新青梅街道,R4/10,東大和,B 箱根ヶ崎,流入計,11,0,21,21
82,本町１,八王子武蔵村山線×新青梅街道,R4/10,東大和,B 箱根ヶ崎,流入計,12,0,21,21
82,本町１,八王子武蔵村山線×新青梅街道,R4/10,東大和,B 箱根ヶ崎,流入計,13,1,24,25
82,本町１,八王子武蔵村山線×新青梅街道,R4/10,東大和,B 箱根ヶ崎,流入計,14,0,19,19
82,本町１,八王子武蔵村山線×新青梅街道,R4/10,東大和,B 箱根ヶ崎,流入計,15,0,39,39
82,本町１,八王子武蔵村山線×新青梅街道,R4/10,東大和,B 箱根ヶ崎,流入計,16,0,38,38
82,本町１,八王子武蔵村山線×新青梅街道,R4/10,東大和,B 箱根ヶ崎,流入計,17,0,25,25
82,本町１,八王子武蔵村山線×新青梅街道,R4/10,東大和,B 箱根ヶ崎,流入計,18,3,51,54
82,本町１,八王子武蔵村山線×新青梅街道,R4/10,東大和,B 箱根ヶ崎,流入計,12時間計,9,369,378
82,本町１,八王子武蔵村山線×新青梅街道,R4/10,東大和,C 立川,7箱根ヶ崎,7,0,-,-
82,本町１,八王子武蔵村山線×新青梅街道,R4/10,東大和,C 立川,7箱根ヶ崎,8,0,-,-
82,本町１,八王子武蔵村山線×新青梅街道,R4/10,東大和,C 立川,7箱根ヶ崎,9,0,-,-
82,本町１,八王子武蔵村山線×新青梅街道,R4/10,東大和,C 立川,7箱根ヶ崎,10,0,-,-
82,本町１,八王子武蔵村山線×新青梅街道,R4/10,東大和,C 立川,7箱根ヶ崎,11,0,-,-
82,本町１,八王子武蔵村山線×新青梅街道,R4/10,東大和,C 立川,7箱根ヶ崎,12,0,-,-
82,本町１,八王子武蔵村山線×新青梅街道,R4/10,東大和,C 立川,7箱根ヶ崎,13,0,-,-
82,本町１,八王子武蔵村山線×新青梅街道,R4/10,東大和,C 立川,7箱根ヶ崎,14,0,-,-
82,本町１,八王子武蔵村山線×新青梅街道,R4/10,東大和,C 立川,7箱根ヶ崎,15,0,-,-
82,本町１,八王子武蔵村山線×新青梅街道,R4/10,東大和,C 立川,7箱根ヶ崎,16,0,-,-
82,本町１,八王子武蔵村山線×新青梅街道,R4/10,東大和,C 立川,7箱根ヶ崎,17,0,-,-
82,本町１,八王子武蔵村山線×新青梅街道,R4/10,東大和,C 立川,7箱根ヶ崎,18,0,-,-
82,本町１,八王子武蔵村山線×新青梅街道,R4/10,東大和,C 立川,7箱根ヶ崎,12時間計,0,-,-
82,本町１,八王子武蔵村山線×新青梅街道,R4/10,東大和,C 立川,8多摩湖,7,1,-,-
82,本町１,八王子武蔵村山線×新青梅街道,R4/10,東大和,C 立川,8多摩湖,8,2,-,-
82,本町１,八王子武蔵村山線×新青梅街道,R4/10,東大和,C 立川,8多摩湖,9,2,-,-
82,本町１,八王子武蔵村山線×新青梅街道,R4/10,東大和,C 立川,8多摩湖,10,1,-,-
82,本町１,八王子武蔵村山線×新青梅街道,R4/10,東大和,C 立川,8多摩湖,11,0,-,-
82,本町１,八王子武蔵村山線×新青梅街道,R4/10,東大和,C 立川,8多摩湖,12,0,-,-
82,本町１,八王子武蔵村山線×新青梅街道,R4/10,東大和,C 立川,8多摩湖,13,0,-,-
82,本町１,八王子武蔵村山線×新青梅街道,R4/10,東大和,C 立川,8多摩湖,14,1,-,-
82,本町１,八王子武蔵村山線×新青梅街道,R4/10,東大和,C 立川,8多摩湖,15,1,-,-
82,本町１,八王子武蔵村山線×新青梅街道,R4/10,東大和,C 立川,8多摩湖,16,0,-,-
82,本町１,八王子武蔵村山線×新青梅街道,R4/10,東大和,C 立川,8多摩湖,17,0,-,-
82,本町１,八王子武蔵村山線×新青梅街道,R4/10,東大和,C 立川,8多摩湖,18,1,-,-
82,本町１,八王子武蔵村山線×新青梅街道,R4/10,東大和,C 立川,8多摩湖,12時間計,9,-,-
82,本町１,八王子武蔵村山線×新青梅街道,R4/10,東大和,C 立川,9東大和,7,0,-,-
82,本町１,八王子武蔵村山線×新青梅街道,R4/10,東大和,C 立川,9東大和,8,0,-,-
82,本町１,八王子武蔵村山線×新青梅街道,R4/10,東大和,C 立川,9東大和,9,0,-,-
82,本町１,八王子武蔵村山線×新青梅街道,R4/10,東大和,C 立川,9東大和,10,0,-,-
82,本町１,八王子武蔵村山線×新青梅街道,R4/10,東大和,C 立川,9東大和,11,0,-,-
82,本町１,八王子武蔵村山線×新青梅街道,R4/10,東大和,C 立川,9東大和,12,0,-,-
82,本町１,八王子武蔵村山線×新青梅街道,R4/10,東大和,C 立川,9東大和,13,0,-,-
82,本町１,八王子武蔵村山線×新青梅街道,R4/10,東大和,C 立川,9東大和,14,0,-,-
82,本町１,八王子武蔵村山線×新青梅街道,R4/10,東大和,C 立川,9東大和,15,0,-,-
82,本町１,八王子武蔵村山線×新青梅街道,R4/10,東大和,C 立川,9東大和,16,0,-,-
82,本町１,八王子武蔵村山線×新青梅街道,R4/10,東大和,C 立川,9東大和,17,0,-,-
82,本町１,八王子武蔵村山線×新青梅街道,R4/10,東大和,C 立川,9東大和,18,0,-,-
82,本町１,八王子武蔵村山線×新青梅街道,R4/10,東大和,C 立川,9東大和,12時間計,0,-,-
82,本町１,八王子武蔵村山線×新青梅街道,R4/10,東大和,C 立川,流入計,7,1,16,17
82,本町１,八王子武蔵村山線×新青梅街道,R4/10,東大和,C 立川,流入計,8,2,29,31
82,本町１,八王子武蔵村山線×新青梅街道,R4/10,東大和,C 立川,流入計,9,2,22,24
82,本町１,八王子武蔵村山線×新青梅街道,R4/10,東大和,C 立川,流入計,10,1,23,24
82,本町１,八王子武蔵村山線×新青梅街道,R4/10,東大和,C 立川,流入計,11,0,24,24
82,本町１,八王子武蔵村山線×新青梅街道,R4/10,東大和,C 立川,流入計,12,0,24,24
82,本町１,八王子武蔵村山線×新青梅街道,R4/10,東大和,C 立川,流入計,13,0,26,26
82,本町１,八王子武蔵村山線×新青梅街道,R4/10,東大和,C 立川,流入計,14,1,36,37
82,本町１,八王子武蔵村山線×新青梅街道,R4/10,東大和,C 立川,流入計,15,1,43,44
82,本町１,八王子武蔵村山線×新青梅街道,R4/10,東大和,C 立川,流入計,16,0,37,37
82,本町１,八王子武蔵村山線×新青梅街道,R4/10,東大和,C 立川,流入計,17,0,37,37
82,本町１,八王子武蔵村山線×新青梅街道,R4/10,東大和,C 立川,流入計,18,1,33,34
82,本町１,八王子武蔵村山線×新青梅街道,R4/10,東大和,C 立川,流入計,12時間計,9,350,359
82,本町１,八王子武蔵村山線×新青梅街道,R4/10,東大和,D 東大和,10立川,7,0,-,-
82,本町１,八王子武蔵村山線×新青梅街道,R4/10,東大和,D 東大和,10立川,8,0,-,-
82,本町１,八王子武蔵村山線×新青梅街道,R4/10,東大和,D 東大和,10立川,9,0,-,-
82,本町１,八王子武蔵村山線×新青梅街道,R4/10,東大和,D 東大和,10立川,10,0,-,-
82,本町１,八王子武蔵村山線×新青梅街道,R4/10,東大和,D 東大和,10立川,11,0,-,-
82,本町１,八王子武蔵村山線×新青梅街道,R4/10,東大和,D 東大和,10立川,12,0,-,-
82,本町１,八王子武蔵村山線×新青梅街道,R4/10,東大和,D 東大和,10立川,13,0,-,-
82,本町１,八王子武蔵村山線×新青梅街道,R4/10,東大和,D 東大和,10立川,14,0,-,-
82,本町１,八王子武蔵村山線×新青梅街道,R4/10,東大和,D 東大和,10立川,15,0,-,-
82,本町１,八王子武蔵村山線×新青梅街道,R4/10,東大和,D 東大和,10立川,16,0,-,-
82,本町１,八王子武蔵村山線×新青梅街道,R4/10,東大和,D 東大和,10立川,17,0,-,-
82,本町１,八王子武蔵村山線×新青梅街道,R4/10,東大和,D 東大和,10立川,18,0,-,-
82,本町１,八王子武蔵村山線×新青梅街道,R4/10,東大和,D 東大和,10立川,12時間計,0,-,-
82,本町１,八王子武蔵村山線×新青梅街道,R4/10,東大和,D 東大和,11箱根ヶ崎,7,0,-,-
82,本町１,八王子武蔵村山線×新青梅街道,R4/10,東大和,D 東大和,11箱根ヶ崎,8,0,-,-
82,本町１,八王子武蔵村山線×新青梅街道,R4/10,東大和,D 東大和,11箱根ヶ崎,9,1,-,-
82,本町１,八王子武蔵村山線×新青梅街道,R4/10,東大和,D 東大和,11箱根ヶ崎,10,0,-,-
82,本町１,八王子武蔵村山線×新青梅街道,R4/10,東大和,D 東大和,11箱根ヶ崎,11,0,-,-
82,本町１,八王子武蔵村山線×新青梅街道,R4/10,東大和,D 東大和,11箱根ヶ崎,12,0,-,-
82,本町１,八王子武蔵村山線×新青梅街道,R4/10,東大和,D 東大和,11箱根ヶ崎,13,0,-,-
82,本町１,八王子武蔵村山線×新青梅街道,R4/10,東大和,D 東大和,11箱根ヶ崎,14,0,-,-
82,本町１,八王子武蔵村山線×新青梅街道,R4/10,東大和,D 東大和,11箱根ヶ崎,15,0,-,-
82,本町１,八王子武蔵村山線×新青梅街道,R4/10,東大和,D 東大和,11箱根ヶ崎,16,0,-,-
82,本町１,八王子武蔵村山線×新青梅街道,R4/10,東大和,D 東大和,11箱根ヶ崎,17,1,-,-
82,本町１,八王子武蔵村山線×新青梅街道,R4/10,東大和,D 東大和,11箱根ヶ崎,18,1,-,-
82,本町１,八王子武蔵村山線×新青梅街道,R4/10,東大和,D 東大和,11箱根ヶ崎,12時間計,3,-,-
82,本町１,八王子武蔵村山線×新青梅街道,R4/10,東大和,D 東大和,12多摩湖,7,0,-,-
82,本町１,八王子武蔵村山線×新青梅街道,R4/10,東大和,D 東大和,12多摩湖,8,0,-,-
82,本町１,八王子武蔵村山線×新青梅街道,R4/10,東大和,D 東大和,12多摩湖,9,0,-,-
82,本町１,八王子武蔵村山線×新青梅街道,R4/10,東大和,D 東大和,12多摩湖,10,0,-,-
82,本町１,八王子武蔵村山線×新青梅街道,R4/10,東大和,D 東大和,12多摩湖,11,0,-,-
82,本町１,八王子武蔵村山線×新青梅街道,R4/10,東大和,D 東大和,12多摩湖,12,0,-,-
82,本町１,八王子武蔵村山線×新青梅街道,R4/10,東大和,D 東大和,12多摩湖,13,0,-,-
82,本町１,八王子武蔵村山線×新青梅街道,R4/10,東大和,D 東大和,12多摩湖,14,0,-,-
82,本町１,八王子武蔵村山線×新青梅街道,R4/10,東大和,D 東大和,12多摩湖,15,0,-,-
82,本町１,八王子武蔵村山線×新青梅街道,R4/10,東大和,D 東大和,12多摩湖,16,0,-,-
82,本町１,八王子武蔵村山線×新青梅街道,R4/10,東大和,D 東大和,12多摩湖,17,0,-,-
82,本町１,八王子武蔵村山線×新青梅街道,R4/10,東大和,D 東大和,12多摩湖,18,0,-,-
82,本町１,八王子武蔵村山線×新青梅街道,R4/10,東大和,D 東大和,12多摩湖,12時間計,0,-,-
82,本町１,八王子武蔵村山線×新青梅街道,R4/10,東大和,D 東大和,流入計,7,0,25,25
82,本町１,八王子武蔵村山線×新青梅街道,R4/10,東大和,D 東大和,流入計,8,0,65,65
82,本町１,八王子武蔵村山線×新青梅街道,R4/10,東大和,D 東大和,流入計,9,1,20,21
82,本町１,八王子武蔵村山線×新青梅街道,R4/10,東大和,D 東大和,流入計,10,0,20,20
82,本町１,八王子武蔵村山線×新青梅街道,R4/10,東大和,D 東大和,流入計,11,0,18,18
82,本町１,八王子武蔵村山線×新青梅街道,R4/10,東大和,D 東大和,流入計,12,0,21,21
82,本町１,八王子武蔵村山線×新青梅街道,R4/10,東大和,D 東大和,流入計,13,0,15,15
82,本町１,八王子武蔵村山線×新青梅街道,R4/10,東大和,D 東大和,流入計,14,0,15,15
82,本町１,八王子武蔵村山線×新青梅街道,R4/10,東大和,D 東大和,流入計,15,0,19,19
82,本町１,八王子武蔵村山線×新青梅街道,R4/10,東大和,D 東大和,流入計,16,0,22,22
82,本町１,八王子武蔵村山線×新青梅街道,R4/10,東大和,D 東大和,流入計,17,1,24,25
82,本町１,八王子武蔵村山線×新青梅街道,R4/10,東大和,D 東大和,流入計,18,1,40,41
82,本町１,八王子武蔵村山線×新青梅街道,R4/10,東大和,D 東大和,流入計,12時間計,3,304,307
82,本町１,八王子武蔵村山線×新青梅街道,R4/10,東大和,全方向計,全方向計,7,6,120,126
82,本町１,八王子武蔵村山線×新青梅街道,R4/10,東大和,全方向計,全方向計,8,6,174,180
82,本町１,八王子武蔵村山線×新青梅街道,R4/10,東大和,全方向計,全方向計,9,9,117,126
82,本町１,八王子武蔵村山線×新青梅街道,R4/10,東大和,全方向計,全方向計,10,3,106,109
82,本町１,八王子武蔵村山線×新青梅街道,R4/10,東大和,全方向計,全方向計,11,1,108,109
82,本町１,八王子武蔵村山線×新青梅街道,R4/10,東大和,全方向計,全方向計,12,2,86,88
82,本町１,八王子武蔵村山線×新青梅街道,R4/10,東大和,全方向計,全方向計,13,4,86,90
82,本町１,八王子武蔵村山線×新青梅街道,R4/10,東大和,全方向計,全方向計,14,2,89,91
82,本町１,八王子武蔵村山線×新青梅街道,R4/10,東大和,全方向計,全方向計,15,4,142,146
82,本町１,八王子武蔵村山線×新青梅街道,R4/10,東大和,全方向計,全方向計,16,0,141,141
82,本町１,八王子武蔵村山線×新青梅街道,R4/10,東大和,全方向計,全方向計,17,1,124,125
82,本町１,八王子武蔵村山線×新青梅街道,R4/10,東大和,全方向計,全方向計,18,6,150,156
82,本町１,八王子武蔵村山線×新青梅街道,R4/10,東大和,全方向計,全方向計,12時間計,44,1443,1487
