﻿地点番号,地点名,交差道路名,調査年月,管轄警察署,流出方向,時間帯等,大型乗用,大型貨物,普通乗用,普通貨物,四輪計,二輪車
82,本町１,八王子武蔵村山線×新青梅街道,R4/10,東大和,A 多摩湖,7,3,9,118,58,188,2
82,本町１,八王子武蔵村山線×新青梅街道,R4/10,東大和,A 多摩湖,8,2,9,119,53,183,7
82,本町１,八王子武蔵村山線×新青梅街道,R4/10,東大和,A 多摩湖,9,6,9,99,57,171,3
82,本町１,八王子武蔵村山線×新青梅街道,R4/10,東大和,A 多摩湖,10,1,1,123,77,202,3
82,本町１,八王子武蔵村山線×新青梅街道,R4/10,東大和,A 多摩湖,11,3,9,163,48,223,10
82,本町１,八王子武蔵村山線×新青梅街道,R4/10,東大和,A 多摩湖,12,2,6,176,57,241,6
82,本町１,八王子武蔵村山線×新青梅街道,R4/10,東大和,A 多摩湖,13,2,12,196,39,249,7
82,本町１,八王子武蔵村山線×新青梅街道,R4/10,東大和,A 多摩湖,14,1,7,159,48,215,7
82,本町１,八王子武蔵村山線×新青梅街道,R4/10,東大和,A 多摩湖,15,1,3,208,49,261,3
82,本町１,八王子武蔵村山線×新青梅街道,R4/10,東大和,A 多摩湖,16,2,2,169,48,221,8
82,本町１,八王子武蔵村山線×新青梅街道,R4/10,東大和,A 多摩湖,17,2,9,228,47,286,9
82,本町１,八王子武蔵村山線×新青梅街道,R4/10,東大和,A 多摩湖,18,2,6,250,38,296,17
82,本町１,八王子武蔵村山線×新青梅街道,R4/10,東大和,A 多摩湖,12時間計,27,82,2008,619,2736,82
82,本町１,八王子武蔵村山線×新青梅街道,R4/10,東大和,B 箱根ヶ崎,7,15,47,894,262,1218,34
82,本町１,八王子武蔵村山線×新青梅街道,R4/10,東大和,B 箱根ヶ崎,8,16,58,725,277,1076,27
82,本町１,八王子武蔵村山線×新青梅街道,R4/10,東大和,B 箱根ヶ崎,9,18,112,639,273,1042,47
82,本町１,八王子武蔵村山線×新青梅街道,R4/10,東大和,B 箱根ヶ崎,10,6,130,659,294,1089,39
82,本町１,八王子武蔵村山線×新青梅街道,R4/10,東大和,B 箱根ヶ崎,11,2,96,584,268,950,27
82,本町１,八王子武蔵村山線×新青梅街道,R4/10,東大和,B 箱根ヶ崎,12,4,58,602,298,962,26
82,本町１,八王子武蔵村山線×新青梅街道,R4/10,東大和,B 箱根ヶ崎,13,2,73,640,338,1053,26
82,本町１,八王子武蔵村山線×新青梅街道,R4/10,東大和,B 箱根ヶ崎,14,6,81,671,329,1087,33
82,本町１,八王子武蔵村山線×新青梅街道,R4/10,東大和,B 箱根ヶ崎,15,13,79,663,321,1076,37
82,本町１,八王子武蔵村山線×新青梅街道,R4/10,東大和,B 箱根ヶ崎,16,17,76,772,373,1238,28
82,本町１,八王子武蔵村山線×新青梅街道,R4/10,東大和,B 箱根ヶ崎,17,3,47,725,336,1111,21
82,本町１,八王子武蔵村山線×新青梅街道,R4/10,東大和,B 箱根ヶ崎,18,1,14,636,411,1062,39
82,本町１,八王子武蔵村山線×新青梅街道,R4/10,東大和,B 箱根ヶ崎,12時間計,103,871,8210,3780,12964,384
82,本町１,八王子武蔵村山線×新青梅街道,R4/10,東大和,C 立川,7,4,24,292,116,436,18
82,本町１,八王子武蔵村山線×新青梅街道,R4/10,東大和,C 立川,8,5,24,306,103,438,15
82,本町１,八王子武蔵村山線×新青梅街道,R4/10,東大和,C 立川,9,2,17,270,85,374,8
82,本町１,八王子武蔵村山線×新青梅街道,R4/10,東大和,C 立川,10,2,29,369,74,474,7
82,本町１,八王子武蔵村山線×新青梅街道,R4/10,東大和,C 立川,11,1,13,399,55,468,10
82,本町１,八王子武蔵村山線×新青梅街道,R4/10,東大和,C 立川,12,2,17,357,85,461,13
82,本町１,八王子武蔵村山線×新青梅街道,R4/10,東大和,C 立川,13,2,16,333,114,465,9
82,本町１,八王子武蔵村山線×新青梅街道,R4/10,東大和,C 立川,14,3,12,341,124,480,10
82,本町１,八王子武蔵村山線×新青梅街道,R4/10,東大和,C 立川,15,2,16,306,88,412,8
82,本町１,八王子武蔵村山線×新青梅街道,R4/10,東大和,C 立川,16,3,18,318,92,431,1
82,本町１,八王子武蔵村山線×新青梅街道,R4/10,東大和,C 立川,17,6,28,378,76,488,6
82,本町１,八王子武蔵村山線×新青梅街道,R4/10,東大和,C 立川,18,3,10,369,67,449,10
82,本町１,八王子武蔵村山線×新青梅街道,R4/10,東大和,C 立川,12時間計,35,224,4038,1079,5376,115
82,本町１,八王子武蔵村山線×新青梅街道,R4/10,東大和,D 東大和,7,6,140,787,295,1228,45
82,本町１,八王子武蔵村山線×新青梅街道,R4/10,東大和,D 東大和,8,3,101,685,343,1132,24
82,本町１,八王子武蔵村山線×新青梅街道,R4/10,東大和,D 東大和,9,7,88,590,394,1079,18
82,本町１,八王子武蔵村山線×新青梅街道,R4/10,東大和,D 東大和,10,1,89,484,308,882,12
82,本町１,八王子武蔵村山線×新青梅街道,R4/10,東大和,D 東大和,11,2,81,598,340,1021,14
82,本町１,八王子武蔵村山線×新青梅街道,R4/10,東大和,D 東大和,12,5,48,608,321,982,38
82,本町１,八王子武蔵村山線×新青梅街道,R4/10,東大和,D 東大和,13,7,38,495,307,847,29
82,本町１,八王子武蔵村山線×新青梅街道,R4/10,東大和,D 東大和,14,12,78,659,296,1045,30
82,本町１,八王子武蔵村山線×新青梅街道,R4/10,東大和,D 東大和,15,6,46,834,350,1236,53
82,本町１,八王子武蔵村山線×新青梅街道,R4/10,東大和,D 東大和,16,4,31,860,341,1236,57
82,本町１,八王子武蔵村山線×新青梅街道,R4/10,東大和,D 東大和,17,9,20,1044,335,1408,55
82,本町１,八王子武蔵村山線×新青梅街道,R4/10,東大和,D 東大和,18,3,23,1053,222,1301,67
82,本町１,八王子武蔵村山線×新青梅街道,R4/10,東大和,D 東大和,12時間計,65,783,8697,3852,13397,442
82,本町１,八王子武蔵村山線×新青梅街道,R4/10,東大和,全方向合計,7,28,220,2091,731,3070,99
82,本町１,八王子武蔵村山線×新青梅街道,R4/10,東大和,全方向合計,8,26,192,1835,776,2829,73
82,本町１,八王子武蔵村山線×新青梅街道,R4/10,東大和,全方向合計,9,33,226,1598,809,2666,76
82,本町１,八王子武蔵村山線×新青梅街道,R4/10,東大和,全方向合計,10,10,249,1635,753,2647,61
82,本町１,八王子武蔵村山線×新青梅街道,R4/10,東大和,全方向合計,11,8,199,1744,711,2662,61
82,本町１,八王子武蔵村山線×新青梅街道,R4/10,東大和,全方向合計,12,13,129,1743,761,2646,83
82,本町１,八王子武蔵村山線×新青梅街道,R4/10,東大和,全方向合計,13,13,139,1664,798,2614,71
82,本町１,八王子武蔵村山線×新青梅街道,R4/10,東大和,全方向合計,14,22,178,1830,797,2827,80
82,本町１,八王子武蔵村山線×新青梅街道,R4/10,東大和,全方向合計,15,22,144,2011,808,2985,101
82,本町１,八王子武蔵村山線×新青梅街道,R4/10,東大和,全方向合計,16,26,127,2119,854,3126,94
82,本町１,八王子武蔵村山線×新青梅街道,R4/10,東大和,全方向合計,17,20,104,2375,794,3293,91
82,本町１,八王子武蔵村山線×新青梅街道,R4/10,東大和,全方向合計,18,9,53,2308,738,3108,133
82,本町１,八王子武蔵村山線×新青梅街道,R4/10,東大和,全方向合計,12時間計,230,1960,22953,9330,34473,1023
