﻿地点番号,地点名,交差道路名,調査年月,管轄警察署,流出方向,時間帯等,大型乗用,大型貨物,普通乗用,普通貨物,四輪計,二輪車
27,亀戸駅前,明治通り×京葉道路,R4/11,城東,A 福神橋,7,43,23,250,256,572,40
27,亀戸駅前,明治通り×京葉道路,R4/11,城東,A 福神橋,8,43,25,332,264,664,48
27,亀戸駅前,明治通り×京葉道路,R4/11,城東,A 福神橋,9,36,31,355,310,732,44
27,亀戸駅前,明治通り×京葉道路,R4/11,城東,A 福神橋,10,31,26,503,207,767,67
27,亀戸駅前,明治通り×京葉道路,R4/11,城東,A 福神橋,11,25,24,430,190,669,54
27,亀戸駅前,明治通り×京葉道路,R4/11,城東,A 福神橋,12,22,22,336,223,603,69
27,亀戸駅前,明治通り×京葉道路,R4/11,城東,A 福神橋,13,19,15,347,253,634,75
27,亀戸駅前,明治通り×京葉道路,R4/11,城東,A 福神橋,14,21,33,383,281,718,91
27,亀戸駅前,明治通り×京葉道路,R4/11,城東,A 福神橋,15,29,23,370,263,685,69
27,亀戸駅前,明治通り×京葉道路,R4/11,城東,A 福神橋,16,34,6,417,272,729,102
27,亀戸駅前,明治通り×京葉道路,R4/11,城東,A 福神橋,17,31,9,401,206,647,100
27,亀戸駅前,明治通り×京葉道路,R4/11,城東,A 福神橋,18,23,6,400,182,611,122
27,亀戸駅前,明治通り×京葉道路,R4/11,城東,A 福神橋,12時間計,357,243,4524,2907,8031,881
27,亀戸駅前,明治通り×京葉道路,R4/11,城東,B 錦糸町,7,31,28,848,245,1152,120
27,亀戸駅前,明治通り×京葉道路,R4/11,城東,B 錦糸町,8,41,30,902,264,1237,133
27,亀戸駅前,明治通り×京葉道路,R4/11,城東,B 錦糸町,9,34,42,622,456,1154,71
27,亀戸駅前,明治通り×京葉道路,R4/11,城東,B 錦糸町,10,28,43,659,377,1107,67
27,亀戸駅前,明治通り×京葉道路,R4/11,城東,B 錦糸町,11,26,52,619,448,1145,87
27,亀戸駅前,明治通り×京葉道路,R4/11,城東,B 錦糸町,12,25,43,584,331,983,55
27,亀戸駅前,明治通り×京葉道路,R4/11,城東,B 錦糸町,13,25,37,660,335,1057,69
27,亀戸駅前,明治通り×京葉道路,R4/11,城東,B 錦糸町,14,23,41,699,301,1064,56
27,亀戸駅前,明治通り×京葉道路,R4/11,城東,B 錦糸町,15,24,23,606,312,965,48
27,亀戸駅前,明治通り×京葉道路,R4/11,城東,B 錦糸町,16,27,13,648,347,1035,65
27,亀戸駅前,明治通り×京葉道路,R4/11,城東,B 錦糸町,17,31,14,673,289,1007,75
27,亀戸駅前,明治通り×京葉道路,R4/11,城東,B 錦糸町,18,27,5,577,237,846,68
27,亀戸駅前,明治通り×京葉道路,R4/11,城東,B 錦糸町,12時間計,342,371,8097,3942,12752,914
27,亀戸駅前,明治通り×京葉道路,R4/11,城東,C 大島,7,46,16,230,231,523,63
27,亀戸駅前,明治通り×京葉道路,R4/11,城東,C 大島,8,51,22,219,239,531,45
27,亀戸駅前,明治通り×京葉道路,R4/11,城東,C 大島,9,41,16,240,254,551,27
27,亀戸駅前,明治通り×京葉道路,R4/11,城東,C 大島,10,30,22,280,211,543,55
27,亀戸駅前,明治通り×京葉道路,R4/11,城東,C 大島,11,24,15,288,244,571,62
27,亀戸駅前,明治通り×京葉道路,R4/11,城東,C 大島,12,21,6,278,167,472,49
27,亀戸駅前,明治通り×京葉道路,R4/11,城東,C 大島,13,26,12,259,222,519,56
27,亀戸駅前,明治通り×京葉道路,R4/11,城東,C 大島,14,28,5,285,203,521,56
27,亀戸駅前,明治通り×京葉道路,R4/11,城東,C 大島,15,39,3,277,202,521,42
27,亀戸駅前,明治通り×京葉道路,R4/11,城東,C 大島,16,37,7,305,171,520,57
27,亀戸駅前,明治通り×京葉道路,R4/11,城東,C 大島,17,34,8,315,158,515,66
27,亀戸駅前,明治通り×京葉道路,R4/11,城東,C 大島,18,37,6,313,131,487,63
27,亀戸駅前,明治通り×京葉道路,R4/11,城東,C 大島,12時間計,414,138,3289,2433,6274,641
27,亀戸駅前,明治通り×京葉道路,R4/11,城東,D 小松川,7,23,23,326,248,620,31
27,亀戸駅前,明治通り×京葉道路,R4/11,城東,D 小松川,8,32,18,383,281,714,29
27,亀戸駅前,明治通り×京葉道路,R4/11,城東,D 小松川,9,25,23,379,385,812,33
27,亀戸駅前,明治通り×京葉道路,R4/11,城東,D 小松川,10,16,30,443,411,900,58
27,亀戸駅前,明治通り×京葉道路,R4/11,城東,D 小松川,11,19,28,436,462,945,52
27,亀戸駅前,明治通り×京葉道路,R4/11,城東,D 小松川,12,18,20,506,358,902,66
27,亀戸駅前,明治通り×京葉道路,R4/11,城東,D 小松川,13,17,19,516,367,919,56
27,亀戸駅前,明治通り×京葉道路,R4/11,城東,D 小松川,14,16,32,499,424,971,55
27,亀戸駅前,明治通り×京葉道路,R4/11,城東,D 小松川,15,21,32,614,492,1159,61
27,亀戸駅前,明治通り×京葉道路,R4/11,城東,D 小松川,16,19,19,598,440,1076,73
27,亀戸駅前,明治通り×京葉道路,R4/11,城東,D 小松川,17,33,26,736,547,1342,109
27,亀戸駅前,明治通り×京葉道路,R4/11,城東,D 小松川,18,24,11,805,381,1221,114
27,亀戸駅前,明治通り×京葉道路,R4/11,城東,D 小松川,12時間計,263,281,6241,4796,11581,737
27,亀戸駅前,明治通り×京葉道路,R4/11,城東,全方向合計,7,143,90,1654,980,2867,254
27,亀戸駅前,明治通り×京葉道路,R4/11,城東,全方向合計,8,167,95,1836,1048,3146,255
27,亀戸駅前,明治通り×京葉道路,R4/11,城東,全方向合計,9,136,112,1596,1405,3249,175
27,亀戸駅前,明治通り×京葉道路,R4/11,城東,全方向合計,10,105,121,1885,1206,3317,247
27,亀戸駅前,明治通り×京葉道路,R4/11,城東,全方向合計,11,94,119,1773,1344,3330,255
27,亀戸駅前,明治通り×京葉道路,R4/11,城東,全方向合計,12,86,91,1704,1079,2960,239
27,亀戸駅前,明治通り×京葉道路,R4/11,城東,全方向合計,13,87,83,1782,1177,3129,256
27,亀戸駅前,明治通り×京葉道路,R4/11,城東,全方向合計,14,88,111,1866,1209,3274,258
27,亀戸駅前,明治通り×京葉道路,R4/11,城東,全方向合計,15,113,81,1867,1269,3330,220
27,亀戸駅前,明治通り×京葉道路,R4/11,城東,全方向合計,16,117,45,1968,1230,3360,297
27,亀戸駅前,明治通り×京葉道路,R4/11,城東,全方向合計,17,129,57,2125,1200,3511,350
27,亀戸駅前,明治通り×京葉道路,R4/11,城東,全方向合計,18,111,28,2095,931,3165,367
27,亀戸駅前,明治通り×京葉道路,R4/11,城東,全方向合計,12時間計,1376,1033,22151,14078,38638,3173
