﻿地点番号,地点名,交差道路名,調査年月,管轄警察署,流入方向,流出方向,時間帯等,大型乗用,大型貨物,普通乗用,普通貨物,四輪計,二輪車
27,亀戸駅前,明治通り×京葉道路,R4/11,城東,A 福神橋,1.小松川,7,11,4,45,34,94,2
27,亀戸駅前,明治通り×京葉道路,R4/11,城東,A 福神橋,1.小松川,8,11,2,60,40,113,3
27,亀戸駅前,明治通り×京葉道路,R4/11,城東,A 福神橋,1.小松川,9,9,3,53,30,95,7
27,亀戸駅前,明治通り×京葉道路,R4/11,城東,A 福神橋,1.小松川,10,6,1,62,46,115,12
27,亀戸駅前,明治通り×京葉道路,R4/11,城東,A 福神橋,1.小松川,11,6,0,47,52,105,7
27,亀戸駅前,明治通り×京葉道路,R4/11,城東,A 福神橋,1.小松川,12,4,0,70,50,124,18
27,亀戸駅前,明治通り×京葉道路,R4/11,城東,A 福神橋,1.小松川,13,5,0,71,40,116,15
27,亀戸駅前,明治通り×京葉道路,R4/11,城東,A 福神橋,1.小松川,14,5,5,69,49,128,8
27,亀戸駅前,明治通り×京葉道路,R4/11,城東,A 福神橋,1.小松川,15,6,0,73,48,127,10
27,亀戸駅前,明治通り×京葉道路,R4/11,城東,A 福神橋,1.小松川,16,8,0,63,36,107,12
27,亀戸駅前,明治通り×京葉道路,R4/11,城東,A 福神橋,1.小松川,17,16,4,84,52,156,18
27,亀戸駅前,明治通り×京葉道路,R4/11,城東,A 福神橋,1.小松川,18,12,3,94,28,137,15
27,亀戸駅前,明治通り×京葉道路,R4/11,城東,A 福神橋,1.小松川,12時間計,99,22,791,505,1417,127
27,亀戸駅前,明治通り×京葉道路,R4/11,城東,A 福神橋,2.大島,7,17,14,163,151,345,50
27,亀戸駅前,明治通り×京葉道路,R4/11,城東,A 福神橋,2.大島,8,26,13,145,164,348,37
27,亀戸駅前,明治通り×京葉道路,R4/11,城東,A 福神橋,2.大島,9,20,10,155,154,339,22
27,亀戸駅前,明治通り×京葉道路,R4/11,城東,A 福神橋,2.大島,10,15,13,165,122,315,46
27,亀戸駅前,明治通り×京葉道路,R4/11,城東,A 福神橋,2.大島,11,13,10,164,155,342,44
27,亀戸駅前,明治通り×京葉道路,R4/11,城東,A 福神橋,2.大島,12,10,5,176,105,296,33
27,亀戸駅前,明治通り×京葉道路,R4/11,城東,A 福神橋,2.大島,13,14,9,161,145,329,40
27,亀戸駅前,明治通り×京葉道路,R4/11,城東,A 福神橋,2.大島,14,12,5,166,130,313,45
27,亀戸駅前,明治通り×京葉道路,R4/11,城東,A 福神橋,2.大島,15,17,3,178,131,329,38
27,亀戸駅前,明治通り×京葉道路,R4/11,城東,A 福神橋,2.大島,16,17,5,182,108,312,43
27,亀戸駅前,明治通り×京葉道路,R4/11,城東,A 福神橋,2.大島,17,15,8,209,104,336,52
27,亀戸駅前,明治通り×京葉道路,R4/11,城東,A 福神橋,2.大島,18,18,6,196,81,301,51
27,亀戸駅前,明治通り×京葉道路,R4/11,城東,A 福神橋,2.大島,12時間計,194,101,2060,1550,3905,501
27,亀戸駅前,明治通り×京葉道路,R4/11,城東,A 福神橋,3.錦糸町,7,0,0,36,12,48,4
27,亀戸駅前,明治通り×京葉道路,R4/11,城東,A 福神橋,3.錦糸町,8,0,1,49,19,69,3
27,亀戸駅前,明治通り×京葉道路,R4/11,城東,A 福神橋,3.錦糸町,9,0,2,37,39,78,4
27,亀戸駅前,明治通り×京葉道路,R4/11,城東,A 福神橋,3.錦糸町,10,1,1,48,35,85,5
27,亀戸駅前,明治通り×京葉道路,R4/11,城東,A 福神橋,3.錦糸町,11,0,1,49,32,82,9
27,亀戸駅前,明治通り×京葉道路,R4/11,城東,A 福神橋,3.錦糸町,12,0,1,58,25,84,4
27,亀戸駅前,明治通り×京葉道路,R4/11,城東,A 福神橋,3.錦糸町,13,1,3,79,38,121,7
27,亀戸駅前,明治通り×京葉道路,R4/11,城東,A 福神橋,3.錦糸町,14,1,0,64,25,90,4
27,亀戸駅前,明治通り×京葉道路,R4/11,城東,A 福神橋,3.錦糸町,15,0,0,48,25,73,4
27,亀戸駅前,明治通り×京葉道路,R4/11,城東,A 福神橋,3.錦糸町,16,0,0,53,31,84,9
27,亀戸駅前,明治通り×京葉道路,R4/11,城東,A 福神橋,3.錦糸町,17,0,1,58,34,93,3
27,亀戸駅前,明治通り×京葉道路,R4/11,城東,A 福神橋,3.錦糸町,18,0,0,53,14,67,7
27,亀戸駅前,明治通り×京葉道路,R4/11,城東,A 福神橋,3.錦糸町,12時間計,3,10,632,329,974,63
27,亀戸駅前,明治通り×京葉道路,R4/11,城東,A 福神橋,流入計,7,28,18,244,197,487,56
27,亀戸駅前,明治通り×京葉道路,R4/11,城東,A 福神橋,流入計,8,37,16,254,223,530,43
27,亀戸駅前,明治通り×京葉道路,R4/11,城東,A 福神橋,流入計,9,29,15,245,223,512,33
27,亀戸駅前,明治通り×京葉道路,R4/11,城東,A 福神橋,流入計,10,22,15,275,203,515,63
27,亀戸駅前,明治通り×京葉道路,R4/11,城東,A 福神橋,流入計,11,19,11,260,239,529,60
27,亀戸駅前,明治通り×京葉道路,R4/11,城東,A 福神橋,流入計,12,14,6,304,180,504,55
27,亀戸駅前,明治通り×京葉道路,R4/11,城東,A 福神橋,流入計,13,20,12,311,223,566,62
27,亀戸駅前,明治通り×京葉道路,R4/11,城東,A 福神橋,流入計,14,18,10,299,204,531,57
27,亀戸駅前,明治通り×京葉道路,R4/11,城東,A 福神橋,流入計,15,23,3,299,204,529,52
27,亀戸駅前,明治通り×京葉道路,R4/11,城東,A 福神橋,流入計,16,25,5,298,175,503,64
27,亀戸駅前,明治通り×京葉道路,R4/11,城東,A 福神橋,流入計,17,31,13,351,190,585,73
27,亀戸駅前,明治通り×京葉道路,R4/11,城東,A 福神橋,流入計,18,30,9,343,123,505,73
27,亀戸駅前,明治通り×京葉道路,R4/11,城東,A 福神橋,流入計,12時間計,296,133,3483,2384,6296,691
27,亀戸駅前,明治通り×京葉道路,R4/11,城東,B 錦糸町,4.福神橋,7,7,0,32,25,64,0
27,亀戸駅前,明治通り×京葉道路,R4/11,城東,B 錦糸町,4.福神橋,8,4,1,37,44,86,3
27,亀戸駅前,明治通り×京葉道路,R4/11,城東,B 錦糸町,4.福神橋,9,3,2,45,48,98,4
27,亀戸駅前,明治通り×京葉道路,R4/11,城東,B 錦糸町,4.福神橋,10,7,3,77,29,116,5
27,亀戸駅前,明治通り×京葉道路,R4/11,城東,B 錦糸町,4.福神橋,11,8,0,84,28,120,6
27,亀戸駅前,明治通り×京葉道路,R4/11,城東,B 錦糸町,4.福神橋,12,5,0,60,42,107,8
27,亀戸駅前,明治通り×京葉道路,R4/11,城東,B 錦糸町,4.福神橋,13,2,0,56,44,102,4
27,亀戸駅前,明治通り×京葉道路,R4/11,城東,B 錦糸町,4.福神橋,14,3,1,60,34,98,8
27,亀戸駅前,明治通り×京葉道路,R4/11,城東,B 錦糸町,4.福神橋,15,7,1,53,44,105,9
27,亀戸駅前,明治通り×京葉道路,R4/11,城東,B 錦糸町,4.福神橋,16,7,0,65,41,113,11
27,亀戸駅前,明治通り×京葉道路,R4/11,城東,B 錦糸町,4.福神橋,17,6,1,65,34,106,5
27,亀戸駅前,明治通り×京葉道路,R4/11,城東,B 錦糸町,4.福神橋,18,1,0,56,25,82,11
27,亀戸駅前,明治通り×京葉道路,R4/11,城東,B 錦糸町,4.福神橋,12時間計,60,9,690,438,1197,74
27,亀戸駅前,明治通り×京葉道路,R4/11,城東,B 錦糸町,5.小松川,7,11,17,247,189,464,25
27,亀戸駅前,明治通り×京葉道路,R4/11,城東,B 錦糸町,5.小松川,8,20,15,291,221,547,23
27,亀戸駅前,明治通り×京葉道路,R4/11,城東,B 錦糸町,5.小松川,9,15,19,299,324,657,22
27,亀戸駅前,明治通り×京葉道路,R4/11,城東,B 錦糸町,5.小松川,10,10,28,339,322,699,42
27,亀戸駅前,明治通り×京葉道路,R4/11,城東,B 錦糸町,5.小松川,11,13,26,330,349,718,40
27,亀戸駅前,明治通り×京葉道路,R4/11,城東,B 錦糸町,5.小松川,12,13,15,376,259,663,42
27,亀戸駅前,明治通り×京葉道路,R4/11,城東,B 錦糸町,5.小松川,13,12,18,395,293,718,34
27,亀戸駅前,明治通り×京葉道路,R4/11,城東,B 錦糸町,5.小松川,14,11,25,361,323,720,39
27,亀戸駅前,明治通り×京葉道路,R4/11,城東,B 錦糸町,5.小松川,15,15,29,482,386,912,46
27,亀戸駅前,明治通り×京葉道路,R4/11,城東,B 錦糸町,5.小松川,16,11,19,461,352,843,51
27,亀戸駅前,明治通り×京葉道路,R4/11,城東,B 錦糸町,5.小松川,17,14,21,531,413,979,81
27,亀戸駅前,明治通り×京葉道路,R4/11,城東,B 錦糸町,5.小松川,18,12,8,616,318,954,91
27,亀戸駅前,明治通り×京葉道路,R4/11,城東,B 錦糸町,5.小松川,12時間計,157,240,4728,3749,8874,536
27,亀戸駅前,明治通り×京葉道路,R4/11,城東,B 錦糸町,6.大島,7,29,1,16,22,68,2
27,亀戸駅前,明治通り×京葉道路,R4/11,城東,B 錦糸町,6.大島,8,25,1,19,22,67,4
27,亀戸駅前,明治通り×京葉道路,R4/11,城東,B 錦糸町,6.大島,9,21,0,30,44,95,2
27,亀戸駅前,明治通り×京葉道路,R4/11,城東,B 錦糸町,6.大島,10,12,0,31,41,84,6
27,亀戸駅前,明治通り×京葉道路,R4/11,城東,B 錦糸町,6.大島,11,11,0,48,35,94,5
27,亀戸駅前,明治通り×京葉道路,R4/11,城東,B 錦糸町,6.大島,12,11,0,50,26,87,6
27,亀戸駅前,明治通り×京葉道路,R4/11,城東,B 錦糸町,6.大島,13,12,2,54,38,106,7
27,亀戸駅前,明治通り×京葉道路,R4/11,城東,B 錦糸町,6.大島,14,13,0,48,43,104,4
27,亀戸駅前,明治通り×京葉道路,R4/11,城東,B 錦糸町,6.大島,15,17,0,45,34,96,3
27,亀戸駅前,明治通り×京葉道路,R4/11,城東,B 錦糸町,6.大島,16,19,0,50,29,98,5
27,亀戸駅前,明治通り×京葉道路,R4/11,城東,B 錦糸町,6.大島,17,17,0,43,25,85,8
27,亀戸駅前,明治通り×京葉道路,R4/11,城東,B 錦糸町,6.大島,18,18,0,50,30,98,5
27,亀戸駅前,明治通り×京葉道路,R4/11,城東,B 錦糸町,6.大島,12時間計,205,4,484,389,1082,57
27,亀戸駅前,明治通り×京葉道路,R4/11,城東,B 錦糸町,流入計,7,47,18,295,236,596,27
27,亀戸駅前,明治通り×京葉道路,R4/11,城東,B 錦糸町,流入計,8,49,17,347,287,700,30
27,亀戸駅前,明治通り×京葉道路,R4/11,城東,B 錦糸町,流入計,9,39,21,374,416,850,28
27,亀戸駅前,明治通り×京葉道路,R4/11,城東,B 錦糸町,流入計,10,29,31,447,392,899,53
27,亀戸駅前,明治通り×京葉道路,R4/11,城東,B 錦糸町,流入計,11,32,26,462,412,932,51
27,亀戸駅前,明治通り×京葉道路,R4/11,城東,B 錦糸町,流入計,12,29,15,486,327,857,56
27,亀戸駅前,明治通り×京葉道路,R4/11,城東,B 錦糸町,流入計,13,26,20,505,375,926,45
27,亀戸駅前,明治通り×京葉道路,R4/11,城東,B 錦糸町,流入計,14,27,26,469,400,922,51
27,亀戸駅前,明治通り×京葉道路,R4/11,城東,B 錦糸町,流入計,15,39,30,580,464,1113,58
27,亀戸駅前,明治通り×京葉道路,R4/11,城東,B 錦糸町,流入計,16,37,19,576,422,1054,67
27,亀戸駅前,明治通り×京葉道路,R4/11,城東,B 錦糸町,流入計,17,37,22,639,472,1170,94
27,亀戸駅前,明治通り×京葉道路,R4/11,城東,B 錦糸町,流入計,18,31,8,722,373,1134,107
27,亀戸駅前,明治通り×京葉道路,R4/11,城東,B 錦糸町,流入計,12時間計,422,253,5902,4576,11153,667
27,亀戸駅前,明治通り×京葉道路,R4/11,城東,C 大島,7.錦糸町,7,15,2,44,6,67,1
27,亀戸駅前,明治通り×京葉道路,R4/11,城東,C 大島,7.錦糸町,8,23,1,33,13,70,3
27,亀戸駅前,明治通り×京葉道路,R4/11,城東,C 大島,7.錦糸町,9,21,0,28,22,71,4
27,亀戸駅前,明治通り×京葉道路,R4/11,城東,C 大島,7.錦糸町,10,19,2,40,23,84,5
27,亀戸駅前,明治通り×京葉道路,R4/11,城東,C 大島,7.錦糸町,11,13,2,30,30,75,7
27,亀戸駅前,明治通り×京葉道路,R4/11,城東,C 大島,7.錦糸町,12,12,3,47,28,90,4
27,亀戸駅前,明治通り×京葉道路,R4/11,城東,C 大島,7.錦糸町,13,12,0,47,24,83,4
27,亀戸駅前,明治通り×京葉道路,R4/11,城東,C 大島,7.錦糸町,14,11,1,53,13,78,6
27,亀戸駅前,明治通り×京葉道路,R4/11,城東,C 大島,7.錦糸町,15,13,1,47,19,80,5
27,亀戸駅前,明治通り×京葉道路,R4/11,城東,C 大島,7.錦糸町,16,14,0,40,23,77,4
27,亀戸駅前,明治通り×京葉道路,R4/11,城東,C 大島,7.錦糸町,17,18,1,51,15,85,11
27,亀戸駅前,明治通り×京葉道路,R4/11,城東,C 大島,7.錦糸町,18,17,0,49,12,78,8
27,亀戸駅前,明治通り×京葉道路,R4/11,城東,C 大島,7.錦糸町,12時間計,188,13,509,228,938,62
27,亀戸駅前,明治通り×京葉道路,R4/11,城東,C 大島,8.福神橋,7,22,20,139,153,334,31
27,亀戸駅前,明治通り×京葉道路,R4/11,城東,C 大島,8.福神橋,8,25,14,185,156,380,37
27,亀戸駅前,明治通り×京葉道路,R4/11,城東,C 大島,8.福神橋,9,21,19,207,193,440,31
27,亀戸駅前,明治通り×京葉道路,R4/11,城東,C 大島,8.福神橋,10,15,16,287,137,455,46
27,亀戸駅前,明治通り×京葉道路,R4/11,城東,C 大島,8.福神橋,11,11,19,243,125,398,42
27,亀戸駅前,明治通り×京葉道路,R4/11,城東,C 大島,8.福神橋,12,10,19,197,133,359,48
27,亀戸駅前,明治通り×京葉道路,R4/11,城東,C 大島,8.福神橋,13,12,7,201,161,381,55
27,亀戸駅前,明治通り×京葉道路,R4/11,城東,C 大島,8.福神橋,14,13,18,232,180,443,77
27,亀戸駅前,明治通り×京葉道路,R4/11,城東,C 大島,8.福神橋,15,14,16,218,170,418,56
27,亀戸駅前,明治通り×京葉道路,R4/11,城東,C 大島,8.福神橋,16,18,6,241,182,447,80
27,亀戸駅前,明治通り×京葉道路,R4/11,城東,C 大島,8.福神橋,17,17,7,234,125,383,81
27,亀戸駅前,明治通り×京葉道路,R4/11,城東,C 大島,8.福神橋,18,14,6,239,131,390,103
27,亀戸駅前,明治通り×京葉道路,R4/11,城東,C 大島,8.福神橋,12時間計,192,167,2623,1846,4828,687
27,亀戸駅前,明治通り×京葉道路,R4/11,城東,C 大島,9.小松川,7,1,2,34,25,62,4
27,亀戸駅前,明治通り×京葉道路,R4/11,城東,C 大島,9.小松川,8,1,1,32,20,54,3
27,亀戸駅前,明治通り×京葉道路,R4/11,城東,C 大島,9.小松川,9,1,1,27,31,60,4
27,亀戸駅前,明治通り×京葉道路,R4/11,城東,C 大島,9.小松川,10,0,1,42,43,86,4
27,亀戸駅前,明治通り×京葉道路,R4/11,城東,C 大島,9.小松川,11,0,2,59,61,122,5
27,亀戸駅前,明治通り×京葉道路,R4/11,城東,C 大島,9.小松川,12,1,5,60,49,115,6
27,亀戸駅前,明治通り×京葉道路,R4/11,城東,C 大島,9.小松川,13,0,1,50,34,85,7
27,亀戸駅前,明治通り×京葉道路,R4/11,城東,C 大島,9.小松川,14,0,2,69,52,123,8
27,亀戸駅前,明治通り×京葉道路,R4/11,城東,C 大島,9.小松川,15,0,3,59,58,120,5
27,亀戸駅前,明治通り×京葉道路,R4/11,城東,C 大島,9.小松川,16,0,0,74,52,126,10
27,亀戸駅前,明治通り×京葉道路,R4/11,城東,C 大島,9.小松川,17,3,1,121,82,207,10
27,亀戸駅前,明治通り×京葉道路,R4/11,城東,C 大島,9.小松川,18,0,0,95,35,130,8
27,亀戸駅前,明治通り×京葉道路,R4/11,城東,C 大島,9.小松川,12時間計,7,19,722,542,1290,74
27,亀戸駅前,明治通り×京葉道路,R4/11,城東,C 大島,流入計,7,38,24,217,184,463,36
27,亀戸駅前,明治通り×京葉道路,R4/11,城東,C 大島,流入計,8,49,16,250,189,504,43
27,亀戸駅前,明治通り×京葉道路,R4/11,城東,C 大島,流入計,9,43,20,262,246,571,39
27,亀戸駅前,明治通り×京葉道路,R4/11,城東,C 大島,流入計,10,34,19,369,203,625,55
27,亀戸駅前,明治通り×京葉道路,R4/11,城東,C 大島,流入計,11,24,23,332,216,595,54
27,亀戸駅前,明治通り×京葉道路,R4/11,城東,C 大島,流入計,12,23,27,304,210,564,58
27,亀戸駅前,明治通り×京葉道路,R4/11,城東,C 大島,流入計,13,24,8,298,219,549,66
27,亀戸駅前,明治通り×京葉道路,R4/11,城東,C 大島,流入計,14,24,21,354,245,644,91
27,亀戸駅前,明治通り×京葉道路,R4/11,城東,C 大島,流入計,15,27,20,324,247,618,66
27,亀戸駅前,明治通り×京葉道路,R4/11,城東,C 大島,流入計,16,32,6,355,257,650,94
27,亀戸駅前,明治通り×京葉道路,R4/11,城東,C 大島,流入計,17,38,9,406,222,675,102
27,亀戸駅前,明治通り×京葉道路,R4/11,城東,C 大島,流入計,18,31,6,383,178,598,119
27,亀戸駅前,明治通り×京葉道路,R4/11,城東,C 大島,流入計,12時間計,387,199,3854,2616,7056,823
27,亀戸駅前,明治通り×京葉道路,R4/11,城東,D 小松川,10.大島,7,0,1,51,58,110,11
27,亀戸駅前,明治通り×京葉道路,R4/11,城東,D 小松川,10.大島,8,0,8,55,53,116,4
27,亀戸駅前,明治通り×京葉道路,R4/11,城東,D 小松川,10.大島,9,0,6,55,56,117,3
27,亀戸駅前,明治通り×京葉道路,R4/11,城東,D 小松川,10.大島,10,3,9,84,48,144,3
27,亀戸駅前,明治通り×京葉道路,R4/11,城東,D 小松川,10.大島,11,0,5,76,54,135,13
27,亀戸駅前,明治通り×京葉道路,R4/11,城東,D 小松川,10.大島,12,0,1,52,36,89,10
27,亀戸駅前,明治通り×京葉道路,R4/11,城東,D 小松川,10.大島,13,0,1,44,39,84,9
27,亀戸駅前,明治通り×京葉道路,R4/11,城東,D 小松川,10.大島,14,3,0,71,30,104,7
27,亀戸駅前,明治通り×京葉道路,R4/11,城東,D 小松川,10.大島,15,5,0,54,37,96,1
27,亀戸駅前,明治通り×京葉道路,R4/11,城東,D 小松川,10.大島,16,1,2,73,34,110,9
27,亀戸駅前,明治通り×京葉道路,R4/11,城東,D 小松川,10.大島,17,2,0,63,29,94,6
27,亀戸駅前,明治通り×京葉道路,R4/11,城東,D 小松川,10.大島,18,1,0,67,20,88,7
27,亀戸駅前,明治通り×京葉道路,R4/11,城東,D 小松川,10.大島,12時間計,15,33,745,494,1287,83
27,亀戸駅前,明治通り×京葉道路,R4/11,城東,D 小松川,11.錦糸町,7,16,26,768,227,1037,115
27,亀戸駅前,明治通り×京葉道路,R4/11,城東,D 小松川,11.錦糸町,8,18,28,820,232,1098,127
27,亀戸駅前,明治通り×京葉道路,R4/11,城東,D 小松川,11.錦糸町,9,13,40,557,395,1005,63
27,亀戸駅前,明治通り×京葉道路,R4/11,城東,D 小松川,11.錦糸町,10,8,40,571,319,938,57
27,亀戸駅前,明治通り×京葉道路,R4/11,城東,D 小松川,11.錦糸町,11,13,49,540,386,988,71
27,亀戸駅前,明治通り×京葉道路,R4/11,城東,D 小松川,11.錦糸町,12,13,39,479,278,809,47
27,亀戸駅前,明治通り×京葉道路,R4/11,城東,D 小松川,11.錦糸町,13,12,34,534,273,853,58
27,亀戸駅前,明治通り×京葉道路,R4/11,城東,D 小松川,11.錦糸町,14,11,40,582,263,896,46
27,亀戸駅前,明治通り×京葉道路,R4/11,城東,D 小松川,11.錦糸町,15,11,22,511,268,812,39
27,亀戸駅前,明治通り×京葉道路,R4/11,城東,D 小松川,11.錦糸町,16,13,13,555,293,874,52
27,亀戸駅前,明治通り×京葉道路,R4/11,城東,D 小松川,11.錦糸町,17,13,12,564,240,829,61
27,亀戸駅前,明治通り×京葉道路,R4/11,城東,D 小松川,11.錦糸町,18,10,5,475,211,701,53
27,亀戸駅前,明治通り×京葉道路,R4/11,城東,D 小松川,11.錦糸町,12時間計,151,348,6956,3385,10840,789
27,亀戸駅前,明治通り×京葉道路,R4/11,城東,D 小松川,12.福神橋,7,14,3,79,78,174,9
27,亀戸駅前,明治通り×京葉道路,R4/11,城東,D 小松川,12.福神橋,8,14,10,110,64,198,8
27,亀戸駅前,明治通り×京葉道路,R4/11,城東,D 小松川,12.福神橋,9,12,10,103,69,194,9
27,亀戸駅前,明治通り×京葉道路,R4/11,城東,D 小松川,12.福神橋,10,9,7,139,41,196,16
27,亀戸駅前,明治通り×京葉道路,R4/11,城東,D 小松川,12.福神橋,11,6,5,103,37,151,6
27,亀戸駅前,明治通り×京葉道路,R4/11,城東,D 小松川,12.福神橋,12,7,3,79,48,137,13
27,亀戸駅前,明治通り×京葉道路,R4/11,城東,D 小松川,12.福神橋,13,5,8,90,48,151,16
27,亀戸駅前,明治通り×京葉道路,R4/11,城東,D 小松川,12.福神橋,14,5,14,91,67,177,6
27,亀戸駅前,明治通り×京葉道路,R4/11,城東,D 小松川,12.福神橋,15,8,6,99,49,162,4
27,亀戸駅前,明治通り×京葉道路,R4/11,城東,D 小松川,12.福神橋,16,9,0,111,49,169,11
27,亀戸駅前,明治通り×京葉道路,R4/11,城東,D 小松川,12.福神橋,17,8,1,102,47,158,14
27,亀戸駅前,明治通り×京葉道路,R4/11,城東,D 小松川,12.福神橋,18,8,0,105,26,139,8
27,亀戸駅前,明治通り×京葉道路,R4/11,城東,D 小松川,12.福神橋,12時間計,105,67,1211,623,2006,120
27,亀戸駅前,明治通り×京葉道路,R4/11,城東,D 小松川,流入計,7,30,30,898,363,1321,135
27,亀戸駅前,明治通り×京葉道路,R4/11,城東,D 小松川,流入計,8,32,46,985,349,1412,139
27,亀戸駅前,明治通り×京葉道路,R4/11,城東,D 小松川,流入計,9,25,56,715,520,1316,75
27,亀戸駅前,明治通り×京葉道路,R4/11,城東,D 小松川,流入計,10,20,56,794,408,1278,76
27,亀戸駅前,明治通り×京葉道路,R4/11,城東,D 小松川,流入計,11,19,59,719,477,1274,90
27,亀戸駅前,明治通り×京葉道路,R4/11,城東,D 小松川,流入計,12,20,43,610,362,1035,70
27,亀戸駅前,明治通り×京葉道路,R4/11,城東,D 小松川,流入計,13,17,43,668,360,1088,83
27,亀戸駅前,明治通り×京葉道路,R4/11,城東,D 小松川,流入計,14,19,54,744,360,1177,59
27,亀戸駅前,明治通り×京葉道路,R4/11,城東,D 小松川,流入計,15,24,28,664,354,1070,44
27,亀戸駅前,明治通り×京葉道路,R4/11,城東,D 小松川,流入計,16,23,15,739,376,1153,72
27,亀戸駅前,明治通り×京葉道路,R4/11,城東,D 小松川,流入計,17,23,13,729,316,1081,81
27,亀戸駅前,明治通り×京葉道路,R4/11,城東,D 小松川,流入計,18,19,5,647,257,928,68
27,亀戸駅前,明治通り×京葉道路,R4/11,城東,D 小松川,流入計,12時間計,271,448,8912,4502,14133,992
