﻿地点番号,地点名,交差道路名,調査年月,管轄警察署,流入方向,流出方向,時間帯等,大型乗用,大型貨物,普通乗用,普通貨物,四輪計,二輪車
302,虎ノ門２,環状二号線×桜田通り,R4/11,愛宕,A 桜田門,1.汐留,7,0,0,17,12,29,3
302,虎ノ門２,環状二号線×桜田通り,R4/11,愛宕,A 桜田門,1.汐留,8,1,2,32,12,47,4
302,虎ノ門２,環状二号線×桜田通り,R4/11,愛宕,A 桜田門,1.汐留,9,1,3,37,16,57,8
302,虎ノ門２,環状二号線×桜田通り,R4/11,愛宕,A 桜田門,1.汐留,10,0,3,30,20,53,0
302,虎ノ門２,環状二号線×桜田通り,R4/11,愛宕,A 桜田門,1.汐留,11,1,2,33,18,54,0
302,虎ノ門２,環状二号線×桜田通り,R4/11,愛宕,A 桜田門,1.汐留,12,0,2,40,15,57,2
302,虎ノ門２,環状二号線×桜田通り,R4/11,愛宕,A 桜田門,1.汐留,13,0,4,49,15,68,0
302,虎ノ門２,環状二号線×桜田通り,R4/11,愛宕,A 桜田門,1.汐留,14,1,2,60,21,84,1
302,虎ノ門２,環状二号線×桜田通り,R4/11,愛宕,A 桜田門,1.汐留,15,1,1,56,19,77,3
302,虎ノ門２,環状二号線×桜田通り,R4/11,愛宕,A 桜田門,1.汐留,16,0,1,46,11,58,1
302,虎ノ門２,環状二号線×桜田通り,R4/11,愛宕,A 桜田門,1.汐留,17,0,0,32,10,42,0
302,虎ノ門２,環状二号線×桜田通り,R4/11,愛宕,A 桜田門,1.汐留,18,0,2,36,10,48,2
302,虎ノ門２,環状二号線×桜田通り,R4/11,愛宕,A 桜田門,1.汐留,12時間計,5,22,468,179,674,24
302,虎ノ門２,環状二号線×桜田通り,R4/11,愛宕,A 桜田門,2.赤羽橋,7,6,4,202,126,338,32
302,虎ノ門２,環状二号線×桜田通り,R4/11,愛宕,A 桜田門,2.赤羽橋,8,8,8,232,128,376,12
302,虎ノ門２,環状二号線×桜田通り,R4/11,愛宕,A 桜田門,2.赤羽橋,9,7,7,286,154,454,10
302,虎ノ門２,環状二号線×桜田通り,R4/11,愛宕,A 桜田門,2.赤羽橋,10,9,7,299,160,475,14
302,虎ノ門２,環状二号線×桜田通り,R4/11,愛宕,A 桜田門,2.赤羽橋,11,6,5,296,140,447,18
302,虎ノ門２,環状二号線×桜田通り,R4/11,愛宕,A 桜田門,2.赤羽橋,12,5,5,283,116,409,10
302,虎ノ門２,環状二号線×桜田通り,R4/11,愛宕,A 桜田門,2.赤羽橋,13,7,2,307,99,415,12
302,虎ノ門２,環状二号線×桜田通り,R4/11,愛宕,A 桜田門,2.赤羽橋,14,3,5,321,117,446,9
302,虎ノ門２,環状二号線×桜田通り,R4/11,愛宕,A 桜田門,2.赤羽橋,15,7,3,328,71,409,6
302,虎ノ門２,環状二号線×桜田通り,R4/11,愛宕,A 桜田門,2.赤羽橋,16,7,7,326,107,447,24
302,虎ノ門２,環状二号線×桜田通り,R4/11,愛宕,A 桜田門,2.赤羽橋,17,11,4,294,121,430,15
302,虎ノ門２,環状二号線×桜田通り,R4/11,愛宕,A 桜田門,2.赤羽橋,18,9,1,335,63,408,19
302,虎ノ門２,環状二号線×桜田通り,R4/11,愛宕,A 桜田門,2.赤羽橋,12時間計,85,58,3509,1402,5054,181
302,虎ノ門２,環状二号線×桜田通り,R4/11,愛宕,A 桜田門,3.溜池,7,0,1,15,19,35,2
302,虎ノ門２,環状二号線×桜田通り,R4/11,愛宕,A 桜田門,3.溜池,8,2,2,15,15,34,0
302,虎ノ門２,環状二号線×桜田通り,R4/11,愛宕,A 桜田門,3.溜池,9,0,0,12,16,28,0
302,虎ノ門２,環状二号線×桜田通り,R4/11,愛宕,A 桜田門,3.溜池,10,0,1,17,12,30,1
302,虎ノ門２,環状二号線×桜田通り,R4/11,愛宕,A 桜田門,3.溜池,11,2,2,11,9,24,0
302,虎ノ門２,環状二号線×桜田通り,R4/11,愛宕,A 桜田門,3.溜池,12,2,1,20,7,30,1
302,虎ノ門２,環状二号線×桜田通り,R4/11,愛宕,A 桜田門,3.溜池,13,2,2,17,14,35,3
302,虎ノ門２,環状二号線×桜田通り,R4/11,愛宕,A 桜田門,3.溜池,14,2,2,21,14,39,1
302,虎ノ門２,環状二号線×桜田通り,R4/11,愛宕,A 桜田門,3.溜池,15,2,0,27,10,39,1
302,虎ノ門２,環状二号線×桜田通り,R4/11,愛宕,A 桜田門,3.溜池,16,1,0,25,6,32,1
302,虎ノ門２,環状二号線×桜田通り,R4/11,愛宕,A 桜田門,3.溜池,17,3,0,21,6,30,0
302,虎ノ門２,環状二号線×桜田通り,R4/11,愛宕,A 桜田門,3.溜池,18,2,0,19,5,26,2
302,虎ノ門２,環状二号線×桜田通り,R4/11,愛宕,A 桜田門,3.溜池,12時間計,18,11,220,133,382,12
302,虎ノ門２,環状二号線×桜田通り,R4/11,愛宕,A 桜田門,流入計,7,6,5,234,157,402,37
302,虎ノ門２,環状二号線×桜田通り,R4/11,愛宕,A 桜田門,流入計,8,11,12,279,155,457,16
302,虎ノ門２,環状二号線×桜田通り,R4/11,愛宕,A 桜田門,流入計,9,8,10,335,186,539,18
302,虎ノ門２,環状二号線×桜田通り,R4/11,愛宕,A 桜田門,流入計,10,9,11,346,192,558,15
302,虎ノ門２,環状二号線×桜田通り,R4/11,愛宕,A 桜田門,流入計,11,9,9,340,167,525,18
302,虎ノ門２,環状二号線×桜田通り,R4/11,愛宕,A 桜田門,流入計,12,7,8,343,138,496,13
302,虎ノ門２,環状二号線×桜田通り,R4/11,愛宕,A 桜田門,流入計,13,9,8,373,128,518,15
302,虎ノ門２,環状二号線×桜田通り,R4/11,愛宕,A 桜田門,流入計,14,6,9,402,152,569,11
302,虎ノ門２,環状二号線×桜田通り,R4/11,愛宕,A 桜田門,流入計,15,10,4,411,100,525,10
302,虎ノ門２,環状二号線×桜田通り,R4/11,愛宕,A 桜田門,流入計,16,8,8,397,124,537,26
302,虎ノ門２,環状二号線×桜田通り,R4/11,愛宕,A 桜田門,流入計,17,14,4,347,137,502,15
302,虎ノ門２,環状二号線×桜田通り,R4/11,愛宕,A 桜田門,流入計,18,11,3,390,78,482,23
302,虎ノ門２,環状二号線×桜田通り,R4/11,愛宕,A 桜田門,流入計,12時間計,108,91,4197,1714,6110,217
302,虎ノ門２,環状二号線×桜田通り,R4/11,愛宕,B 溜池,4.桜田門,7,0,0,7,4,11,0
302,虎ノ門２,環状二号線×桜田通り,R4/11,愛宕,B 溜池,4.桜田門,8,0,3,14,9,26,1
302,虎ノ門２,環状二号線×桜田通り,R4/11,愛宕,B 溜池,4.桜田門,9,0,0,15,3,18,0
302,虎ノ門２,環状二号線×桜田通り,R4/11,愛宕,B 溜池,4.桜田門,10,0,0,21,6,27,2
302,虎ノ門２,環状二号線×桜田通り,R4/11,愛宕,B 溜池,4.桜田門,11,0,3,14,4,21,0
302,虎ノ門２,環状二号線×桜田通り,R4/11,愛宕,B 溜池,4.桜田門,12,0,0,12,2,14,0
302,虎ノ門２,環状二号線×桜田通り,R4/11,愛宕,B 溜池,4.桜田門,13,0,0,13,4,17,1
302,虎ノ門２,環状二号線×桜田通り,R4/11,愛宕,B 溜池,4.桜田門,14,0,1,13,3,17,0
302,虎ノ門２,環状二号線×桜田通り,R4/11,愛宕,B 溜池,4.桜田門,15,0,0,13,3,16,0
302,虎ノ門２,環状二号線×桜田通り,R4/11,愛宕,B 溜池,4.桜田門,16,0,0,17,7,24,0
302,虎ノ門２,環状二号線×桜田通り,R4/11,愛宕,B 溜池,4.桜田門,17,0,0,9,4,13,1
302,虎ノ門２,環状二号線×桜田通り,R4/11,愛宕,B 溜池,4.桜田門,18,0,0,7,4,11,0
302,虎ノ門２,環状二号線×桜田通り,R4/11,愛宕,B 溜池,4.桜田門,12時間計,0,7,155,53,215,5
302,虎ノ門２,環状二号線×桜田通り,R4/11,愛宕,B 溜池,5.汐留,7,1,11,192,127,331,29
302,虎ノ門２,環状二号線×桜田通り,R4/11,愛宕,B 溜池,5.汐留,8,0,12,217,124,353,21
302,虎ノ門２,環状二号線×桜田通り,R4/11,愛宕,B 溜池,5.汐留,9,2,19,201,130,352,30
302,虎ノ門２,環状二号線×桜田通り,R4/11,愛宕,B 溜池,5.汐留,10,2,18,225,132,377,22
302,虎ノ門２,環状二号線×桜田通り,R4/11,愛宕,B 溜池,5.汐留,11,1,15,227,115,358,18
302,虎ノ門２,環状二号線×桜田通り,R4/11,愛宕,B 溜池,5.汐留,12,1,8,242,117,368,19
302,虎ノ門２,環状二号線×桜田通り,R4/11,愛宕,B 溜池,5.汐留,13,3,19,238,115,375,20
302,虎ノ門２,環状二号線×桜田通り,R4/11,愛宕,B 溜池,5.汐留,14,0,11,240,151,402,21
302,虎ノ門２,環状二号線×桜田通り,R4/11,愛宕,B 溜池,5.汐留,15,1,9,259,125,394,14
302,虎ノ門２,環状二号線×桜田通り,R4/11,愛宕,B 溜池,5.汐留,16,0,6,274,103,383,13
302,虎ノ門２,環状二号線×桜田通り,R4/11,愛宕,B 溜池,5.汐留,17,2,2,299,80,383,17
302,虎ノ門２,環状二号線×桜田通り,R4/11,愛宕,B 溜池,5.汐留,18,0,7,245,80,332,7
302,虎ノ門２,環状二号線×桜田通り,R4/11,愛宕,B 溜池,5.汐留,12時間計,13,137,2859,1399,4408,231
302,虎ノ門２,環状二号線×桜田通り,R4/11,愛宕,B 溜池,6.赤羽橋,7,1,2,61,31,95,8
302,虎ノ門２,環状二号線×桜田通り,R4/11,愛宕,B 溜池,6.赤羽橋,8,1,4,72,40,117,5
302,虎ノ門２,環状二号線×桜田通り,R4/11,愛宕,B 溜池,6.赤羽橋,9,0,5,78,56,139,5
302,虎ノ門２,環状二号線×桜田通り,R4/11,愛宕,B 溜池,6.赤羽橋,10,0,9,91,63,163,4
302,虎ノ門２,環状二号線×桜田通り,R4/11,愛宕,B 溜池,6.赤羽橋,11,2,7,78,62,149,4
302,虎ノ門２,環状二号線×桜田通り,R4/11,愛宕,B 溜池,6.赤羽橋,12,2,8,88,49,147,8
302,虎ノ門２,環状二号線×桜田通り,R4/11,愛宕,B 溜池,6.赤羽橋,13,1,5,99,44,149,7
302,虎ノ門２,環状二号線×桜田通り,R4/11,愛宕,B 溜池,6.赤羽橋,14,0,2,91,52,145,0
302,虎ノ門２,環状二号線×桜田通り,R4/11,愛宕,B 溜池,6.赤羽橋,15,0,6,89,42,137,5
302,虎ノ門２,環状二号線×桜田通り,R4/11,愛宕,B 溜池,6.赤羽橋,16,2,7,106,45,160,2
302,虎ノ門２,環状二号線×桜田通り,R4/11,愛宕,B 溜池,6.赤羽橋,17,0,1,85,30,116,4
302,虎ノ門２,環状二号線×桜田通り,R4/11,愛宕,B 溜池,6.赤羽橋,18,1,0,85,26,112,4
302,虎ノ門２,環状二号線×桜田通り,R4/11,愛宕,B 溜池,6.赤羽橋,12時間計,10,56,1023,540,1629,56
302,虎ノ門２,環状二号線×桜田通り,R4/11,愛宕,B 溜池,流入計,7,2,13,260,162,437,37
302,虎ノ門２,環状二号線×桜田通り,R4/11,愛宕,B 溜池,流入計,8,1,19,303,173,496,27
302,虎ノ門２,環状二号線×桜田通り,R4/11,愛宕,B 溜池,流入計,9,2,24,294,189,509,35
302,虎ノ門２,環状二号線×桜田通り,R4/11,愛宕,B 溜池,流入計,10,2,27,337,201,567,28
302,虎ノ門２,環状二号線×桜田通り,R4/11,愛宕,B 溜池,流入計,11,3,25,319,181,528,22
302,虎ノ門２,環状二号線×桜田通り,R4/11,愛宕,B 溜池,流入計,12,3,16,342,168,529,27
302,虎ノ門２,環状二号線×桜田通り,R4/11,愛宕,B 溜池,流入計,13,4,24,350,163,541,28
302,虎ノ門２,環状二号線×桜田通り,R4/11,愛宕,B 溜池,流入計,14,0,14,344,206,564,21
302,虎ノ門２,環状二号線×桜田通り,R4/11,愛宕,B 溜池,流入計,15,1,15,361,170,547,19
302,虎ノ門２,環状二号線×桜田通り,R4/11,愛宕,B 溜池,流入計,16,2,13,397,155,567,15
302,虎ノ門２,環状二号線×桜田通り,R4/11,愛宕,B 溜池,流入計,17,2,3,393,114,512,22
302,虎ノ門２,環状二号線×桜田通り,R4/11,愛宕,B 溜池,流入計,18,1,7,337,110,455,11
302,虎ノ門２,環状二号線×桜田通り,R4/11,愛宕,B 溜池,流入計,12時間計,23,200,4037,1992,6252,292
302,虎ノ門２,環状二号線×桜田通り,R4/11,愛宕,C 赤羽橋,7.溜池,7,1,5,37,22,65,0
302,虎ノ門２,環状二号線×桜田通り,R4/11,愛宕,C 赤羽橋,7.溜池,8,2,5,50,59,116,5
302,虎ノ門２,環状二号線×桜田通り,R4/11,愛宕,C 赤羽橋,7.溜池,9,1,6,59,50,116,4
302,虎ノ門２,環状二号線×桜田通り,R4/11,愛宕,C 赤羽橋,7.溜池,10,3,2,59,69,133,2
302,虎ノ門２,環状二号線×桜田通り,R4/11,愛宕,C 赤羽橋,7.溜池,11,4,4,60,47,115,8
302,虎ノ門２,環状二号線×桜田通り,R4/11,愛宕,C 赤羽橋,7.溜池,12,5,5,69,33,112,6
302,虎ノ門２,環状二号線×桜田通り,R4/11,愛宕,C 赤羽橋,7.溜池,13,2,3,90,45,140,6
302,虎ノ門２,環状二号線×桜田通り,R4/11,愛宕,C 赤羽橋,7.溜池,14,2,3,84,57,146,6
302,虎ノ門２,環状二号線×桜田通り,R4/11,愛宕,C 赤羽橋,7.溜池,15,1,2,103,41,147,5
302,虎ノ門２,環状二号線×桜田通り,R4/11,愛宕,C 赤羽橋,7.溜池,16,1,1,112,20,134,5
302,虎ノ門２,環状二号線×桜田通り,R4/11,愛宕,C 赤羽橋,7.溜池,17,4,1,83,34,122,8
302,虎ノ門２,環状二号線×桜田通り,R4/11,愛宕,C 赤羽橋,7.溜池,18,3,0,66,29,98,3
302,虎ノ門２,環状二号線×桜田通り,R4/11,愛宕,C 赤羽橋,7.溜池,12時間計,29,37,872,506,1444,58
302,虎ノ門２,環状二号線×桜田通り,R4/11,愛宕,C 赤羽橋,8.桜田門,7,6,3,181,68,258,13
302,虎ノ門２,環状二号線×桜田通り,R4/11,愛宕,C 赤羽橋,8.桜田門,8,3,9,262,131,405,11
302,虎ノ門２,環状二号線×桜田通り,R4/11,愛宕,C 赤羽橋,8.桜田門,9,1,19,263,140,423,15
302,虎ノ門２,環状二号線×桜田通り,R4/11,愛宕,C 赤羽橋,8.桜田門,10,3,24,296,151,474,13
302,虎ノ門２,環状二号線×桜田通り,R4/11,愛宕,C 赤羽橋,8.桜田門,11,2,14,302,123,441,15
302,虎ノ門２,環状二号線×桜田通り,R4/11,愛宕,C 赤羽橋,8.桜田門,12,2,7,309,107,425,22
302,虎ノ門２,環状二号線×桜田通り,R4/11,愛宕,C 赤羽橋,8.桜田門,13,3,9,297,80,389,16
302,虎ノ門２,環状二号線×桜田通り,R4/11,愛宕,C 赤羽橋,8.桜田門,14,5,8,321,120,454,12
302,虎ノ門２,環状二号線×桜田通り,R4/11,愛宕,C 赤羽橋,8.桜田門,15,6,13,361,109,489,10
302,虎ノ門２,環状二号線×桜田通り,R4/11,愛宕,C 赤羽橋,8.桜田門,16,2,6,364,132,504,25
302,虎ノ門２,環状二号線×桜田通り,R4/11,愛宕,C 赤羽橋,8.桜田門,17,5,2,394,113,514,27
302,虎ノ門２,環状二号線×桜田通り,R4/11,愛宕,C 赤羽橋,8.桜田門,18,4,1,330,44,379,19
302,虎ノ門２,環状二号線×桜田通り,R4/11,愛宕,C 赤羽橋,8.桜田門,12時間計,42,115,3680,1318,5155,198
302,虎ノ門２,環状二号線×桜田通り,R4/11,愛宕,C 赤羽橋,9.汐留,7,1,3,54,23,81,4
302,虎ノ門２,環状二号線×桜田通り,R4/11,愛宕,C 赤羽橋,9.汐留,8,0,2,65,32,99,3
302,虎ノ門２,環状二号線×桜田通り,R4/11,愛宕,C 赤羽橋,9.汐留,9,1,4,64,35,104,5
302,虎ノ門２,環状二号線×桜田通り,R4/11,愛宕,C 赤羽橋,9.汐留,10,1,3,50,34,88,1
302,虎ノ門２,環状二号線×桜田通り,R4/11,愛宕,C 赤羽橋,9.汐留,11,0,5,46,30,81,0
302,虎ノ門２,環状二号線×桜田通り,R4/11,愛宕,C 赤羽橋,9.汐留,12,0,7,58,26,91,4
302,虎ノ門２,環状二号線×桜田通り,R4/11,愛宕,C 赤羽橋,9.汐留,13,1,6,42,40,89,1
302,虎ノ門２,環状二号線×桜田通り,R4/11,愛宕,C 赤羽橋,9.汐留,14,0,7,54,28,89,1
302,虎ノ門２,環状二号線×桜田通り,R4/11,愛宕,C 赤羽橋,9.汐留,15,0,5,66,29,100,3
302,虎ノ門２,環状二号線×桜田通り,R4/11,愛宕,C 赤羽橋,9.汐留,16,0,6,70,29,105,5
302,虎ノ門２,環状二号線×桜田通り,R4/11,愛宕,C 赤羽橋,9.汐留,17,1,2,70,26,99,13
302,虎ノ門２,環状二号線×桜田通り,R4/11,愛宕,C 赤羽橋,9.汐留,18,0,2,48,13,63,5
302,虎ノ門２,環状二号線×桜田通り,R4/11,愛宕,C 赤羽橋,9.汐留,12時間計,5,52,687,345,1089,45
302,虎ノ門２,環状二号線×桜田通り,R4/11,愛宕,C 赤羽橋,流入計,7,8,11,272,113,404,17
302,虎ノ門２,環状二号線×桜田通り,R4/11,愛宕,C 赤羽橋,流入計,8,5,16,377,222,620,19
302,虎ノ門２,環状二号線×桜田通り,R4/11,愛宕,C 赤羽橋,流入計,9,3,29,386,225,643,24
302,虎ノ門２,環状二号線×桜田通り,R4/11,愛宕,C 赤羽橋,流入計,10,7,29,405,254,695,16
302,虎ノ門２,環状二号線×桜田通り,R4/11,愛宕,C 赤羽橋,流入計,11,6,23,408,200,637,23
302,虎ノ門２,環状二号線×桜田通り,R4/11,愛宕,C 赤羽橋,流入計,12,7,19,436,166,628,32
302,虎ノ門２,環状二号線×桜田通り,R4/11,愛宕,C 赤羽橋,流入計,13,6,18,429,165,618,23
302,虎ノ門２,環状二号線×桜田通り,R4/11,愛宕,C 赤羽橋,流入計,14,7,18,459,205,689,19
302,虎ノ門２,環状二号線×桜田通り,R4/11,愛宕,C 赤羽橋,流入計,15,7,20,530,179,736,18
302,虎ノ門２,環状二号線×桜田通り,R4/11,愛宕,C 赤羽橋,流入計,16,3,13,546,181,743,35
302,虎ノ門２,環状二号線×桜田通り,R4/11,愛宕,C 赤羽橋,流入計,17,10,5,547,173,735,48
302,虎ノ門２,環状二号線×桜田通り,R4/11,愛宕,C 赤羽橋,流入計,18,7,3,444,86,540,27
302,虎ノ門２,環状二号線×桜田通り,R4/11,愛宕,C 赤羽橋,流入計,12時間計,76,204,5239,2169,7688,301
302,虎ノ門２,環状二号線×桜田通り,R4/11,愛宕,D 汐留,10.赤羽橋,7,2,6,68,62,138,10
302,虎ノ門２,環状二号線×桜田通り,R4/11,愛宕,D 汐留,10.赤羽橋,8,0,1,75,88,164,12
302,虎ノ門２,環状二号線×桜田通り,R4/11,愛宕,D 汐留,10.赤羽橋,9,1,2,74,92,169,4
302,虎ノ門２,環状二号線×桜田通り,R4/11,愛宕,D 汐留,10.赤羽橋,10,0,7,67,80,154,9
302,虎ノ門２,環状二号線×桜田通り,R4/11,愛宕,D 汐留,10.赤羽橋,11,0,1,81,58,140,10
302,虎ノ門２,環状二号線×桜田通り,R4/11,愛宕,D 汐留,10.赤羽橋,12,1,7,62,52,122,3
302,虎ノ門２,環状二号線×桜田通り,R4/11,愛宕,D 汐留,10.赤羽橋,13,0,2,72,65,139,10
302,虎ノ門２,環状二号線×桜田通り,R4/11,愛宕,D 汐留,10.赤羽橋,14,0,7,68,58,133,6
302,虎ノ門２,環状二号線×桜田通り,R4/11,愛宕,D 汐留,10.赤羽橋,15,0,2,79,43,124,6
302,虎ノ門２,環状二号線×桜田通り,R4/11,愛宕,D 汐留,10.赤羽橋,16,1,1,83,35,120,5
302,虎ノ門２,環状二号線×桜田通り,R4/11,愛宕,D 汐留,10.赤羽橋,17,1,0,107,43,151,6
302,虎ノ門２,環状二号線×桜田通り,R4/11,愛宕,D 汐留,10.赤羽橋,18,1,1,92,22,116,8
302,虎ノ門２,環状二号線×桜田通り,R4/11,愛宕,D 汐留,10.赤羽橋,12時間計,7,37,928,698,1670,89
302,虎ノ門２,環状二号線×桜田通り,R4/11,愛宕,D 汐留,11.溜池,7,4,19,167,113,303,13
302,虎ノ門２,環状二号線×桜田通り,R4/11,愛宕,D 汐留,11.溜池,8,2,19,221,220,462,24
302,虎ノ門２,環状二号線×桜田通り,R4/11,愛宕,D 汐留,11.溜池,9,9,22,287,166,484,28
302,虎ノ門２,環状二号線×桜田通り,R4/11,愛宕,D 汐留,11.溜池,10,6,31,215,148,400,28
302,虎ノ門２,環状二号線×桜田通り,R4/11,愛宕,D 汐留,11.溜池,11,2,20,228,129,379,23
302,虎ノ門２,環状二号線×桜田通り,R4/11,愛宕,D 汐留,11.溜池,12,2,26,219,127,374,33
302,虎ノ門２,環状二号線×桜田通り,R4/11,愛宕,D 汐留,11.溜池,13,2,28,212,122,364,10
302,虎ノ門２,環状二号線×桜田通り,R4/11,愛宕,D 汐留,11.溜池,14,0,24,229,113,366,19
302,虎ノ門２,環状二号線×桜田通り,R4/11,愛宕,D 汐留,11.溜池,15,4,13,294,103,414,27
302,虎ノ門２,環状二号線×桜田通り,R4/11,愛宕,D 汐留,11.溜池,16,1,6,250,93,350,25
302,虎ノ門２,環状二号線×桜田通り,R4/11,愛宕,D 汐留,11.溜池,17,1,7,264,80,352,35
302,虎ノ門２,環状二号線×桜田通り,R4/11,愛宕,D 汐留,11.溜池,18,1,2,263,67,333,33
302,虎ノ門２,環状二号線×桜田通り,R4/11,愛宕,D 汐留,11.溜池,12時間計,34,217,2849,1481,4581,298
302,虎ノ門２,環状二号線×桜田通り,R4/11,愛宕,D 汐留,12.桜田門,7,0,1,7,11,19,1
302,虎ノ門２,環状二号線×桜田通り,R4/11,愛宕,D 汐留,12.桜田門,8,0,9,16,7,32,2
302,虎ノ門２,環状二号線×桜田通り,R4/11,愛宕,D 汐留,12.桜田門,9,0,3,30,13,46,2
302,虎ノ門２,環状二号線×桜田通り,R4/11,愛宕,D 汐留,12.桜田門,10,1,1,22,12,36,3
302,虎ノ門２,環状二号線×桜田通り,R4/11,愛宕,D 汐留,12.桜田門,11,0,7,19,14,40,1
302,虎ノ門２,環状二号線×桜田通り,R4/11,愛宕,D 汐留,12.桜田門,12,0,1,26,8,35,4
302,虎ノ門２,環状二号線×桜田通り,R4/11,愛宕,D 汐留,12.桜田門,13,0,1,29,10,40,2
302,虎ノ門２,環状二号線×桜田通り,R4/11,愛宕,D 汐留,12.桜田門,14,0,3,23,14,40,2
302,虎ノ門２,環状二号線×桜田通り,R4/11,愛宕,D 汐留,12.桜田門,15,0,1,25,12,38,1
302,虎ノ門２,環状二号線×桜田通り,R4/11,愛宕,D 汐留,12.桜田門,16,0,2,29,11,42,1
302,虎ノ門２,環状二号線×桜田通り,R4/11,愛宕,D 汐留,12.桜田門,17,0,1,40,10,51,2
302,虎ノ門２,環状二号線×桜田通り,R4/11,愛宕,D 汐留,12.桜田門,18,0,0,25,4,29,1
302,虎ノ門２,環状二号線×桜田通り,R4/11,愛宕,D 汐留,12.桜田門,12時間計,1,30,291,126,448,22
302,虎ノ門２,環状二号線×桜田通り,R4/11,愛宕,D 汐留,流入計,7,6,26,242,186,460,24
302,虎ノ門２,環状二号線×桜田通り,R4/11,愛宕,D 汐留,流入計,8,2,29,312,315,658,38
302,虎ノ門２,環状二号線×桜田通り,R4/11,愛宕,D 汐留,流入計,9,10,27,391,271,699,34
302,虎ノ門２,環状二号線×桜田通り,R4/11,愛宕,D 汐留,流入計,10,7,39,304,240,590,40
302,虎ノ門２,環状二号線×桜田通り,R4/11,愛宕,D 汐留,流入計,11,2,28,328,201,559,34
302,虎ノ門２,環状二号線×桜田通り,R4/11,愛宕,D 汐留,流入計,12,3,34,307,187,531,40
302,虎ノ門２,環状二号線×桜田通り,R4/11,愛宕,D 汐留,流入計,13,2,31,313,197,543,22
302,虎ノ門２,環状二号線×桜田通り,R4/11,愛宕,D 汐留,流入計,14,0,34,320,185,539,27
302,虎ノ門２,環状二号線×桜田通り,R4/11,愛宕,D 汐留,流入計,15,4,16,398,158,576,34
302,虎ノ門２,環状二号線×桜田通り,R4/11,愛宕,D 汐留,流入計,16,2,9,362,139,512,31
302,虎ノ門２,環状二号線×桜田通り,R4/11,愛宕,D 汐留,流入計,17,2,8,411,133,554,43
302,虎ノ門２,環状二号線×桜田通り,R4/11,愛宕,D 汐留,流入計,18,2,3,380,93,478,42
302,虎ノ門２,環状二号線×桜田通り,R4/11,愛宕,D 汐留,流入計,12時間計,42,284,4068,2305,6699,409
