﻿地点番号,地点名,交差道路名,調査年月,管轄警察署,流入方向,流出方向,時間帯等,車道通行自転車,歩道通行自転車,自転車計
302,虎ノ門２,環状二号線×桜田通り,R4/11,愛宕,A 桜田門,1汐留,7,0,-,-
302,虎ノ門２,環状二号線×桜田通り,R4/11,愛宕,A 桜田門,1汐留,8,10,-,-
302,虎ノ門２,環状二号線×桜田通り,R4/11,愛宕,A 桜田門,1汐留,9,10,-,-
302,虎ノ門２,環状二号線×桜田通り,R4/11,愛宕,A 桜田門,1汐留,10,0,-,-
302,虎ノ門２,環状二号線×桜田通り,R4/11,愛宕,A 桜田門,1汐留,11,0,-,-
302,虎ノ門２,環状二号線×桜田通り,R4/11,愛宕,A 桜田門,1汐留,12,0,-,-
302,虎ノ門２,環状二号線×桜田通り,R4/11,愛宕,A 桜田門,1汐留,13,1,-,-
302,虎ノ門２,環状二号線×桜田通り,R4/11,愛宕,A 桜田門,1汐留,14,1,-,-
302,虎ノ門２,環状二号線×桜田通り,R4/11,愛宕,A 桜田門,1汐留,15,0,-,-
302,虎ノ門２,環状二号線×桜田通り,R4/11,愛宕,A 桜田門,1汐留,16,0,-,-
302,虎ノ門２,環状二号線×桜田通り,R4/11,愛宕,A 桜田門,1汐留,17,0,-,-
302,虎ノ門２,環状二号線×桜田通り,R4/11,愛宕,A 桜田門,1汐留,18,0,-,-
302,虎ノ門２,環状二号線×桜田通り,R4/11,愛宕,A 桜田門,1汐留,12時間計,22,-,-
302,虎ノ門２,環状二号線×桜田通り,R4/11,愛宕,A 桜田門,2赤羽橋,7,0,-,-
302,虎ノ門２,環状二号線×桜田通り,R4/11,愛宕,A 桜田門,2赤羽橋,8,11,-,-
302,虎ノ門２,環状二号線×桜田通り,R4/11,愛宕,A 桜田門,2赤羽橋,9,16,-,-
302,虎ノ門２,環状二号線×桜田通り,R4/11,愛宕,A 桜田門,2赤羽橋,10,8,-,-
302,虎ノ門２,環状二号線×桜田通り,R4/11,愛宕,A 桜田門,2赤羽橋,11,14,-,-
302,虎ノ門２,環状二号線×桜田通り,R4/11,愛宕,A 桜田門,2赤羽橋,12,18,-,-
302,虎ノ門２,環状二号線×桜田通り,R4/11,愛宕,A 桜田門,2赤羽橋,13,11,-,-
302,虎ノ門２,環状二号線×桜田通り,R4/11,愛宕,A 桜田門,2赤羽橋,14,10,-,-
302,虎ノ門２,環状二号線×桜田通り,R4/11,愛宕,A 桜田門,2赤羽橋,15,7,-,-
302,虎ノ門２,環状二号線×桜田通り,R4/11,愛宕,A 桜田門,2赤羽橋,16,13,-,-
302,虎ノ門２,環状二号線×桜田通り,R4/11,愛宕,A 桜田門,2赤羽橋,17,20,-,-
302,虎ノ門２,環状二号線×桜田通り,R4/11,愛宕,A 桜田門,2赤羽橋,18,30,-,-
302,虎ノ門２,環状二号線×桜田通り,R4/11,愛宕,A 桜田門,2赤羽橋,12時間計,158,-,-
302,虎ノ門２,環状二号線×桜田通り,R4/11,愛宕,A 桜田門,3溜池,7,0,-,-
302,虎ノ門２,環状二号線×桜田通り,R4/11,愛宕,A 桜田門,3溜池,8,0,-,-
302,虎ノ門２,環状二号線×桜田通り,R4/11,愛宕,A 桜田門,3溜池,9,0,-,-
302,虎ノ門２,環状二号線×桜田通り,R4/11,愛宕,A 桜田門,3溜池,10,0,-,-
302,虎ノ門２,環状二号線×桜田通り,R4/11,愛宕,A 桜田門,3溜池,11,0,-,-
302,虎ノ門２,環状二号線×桜田通り,R4/11,愛宕,A 桜田門,3溜池,12,0,-,-
302,虎ノ門２,環状二号線×桜田通り,R4/11,愛宕,A 桜田門,3溜池,13,0,-,-
302,虎ノ門２,環状二号線×桜田通り,R4/11,愛宕,A 桜田門,3溜池,14,0,-,-
302,虎ノ門２,環状二号線×桜田通り,R4/11,愛宕,A 桜田門,3溜池,15,0,-,-
302,虎ノ門２,環状二号線×桜田通り,R4/11,愛宕,A 桜田門,3溜池,16,0,-,-
302,虎ノ門２,環状二号線×桜田通り,R4/11,愛宕,A 桜田門,3溜池,17,0,-,-
302,虎ノ門２,環状二号線×桜田通り,R4/11,愛宕,A 桜田門,3溜池,18,0,-,-
302,虎ノ門２,環状二号線×桜田通り,R4/11,愛宕,A 桜田門,3溜池,12時間計,0,-,-
302,虎ノ門２,環状二号線×桜田通り,R4/11,愛宕,A 桜田門,流入計,7,0,13,13
302,虎ノ門２,環状二号線×桜田通り,R4/11,愛宕,A 桜田門,流入計,8,21,11,32
302,虎ノ門２,環状二号線×桜田通り,R4/11,愛宕,A 桜田門,流入計,9,26,10,36
302,虎ノ門２,環状二号線×桜田通り,R4/11,愛宕,A 桜田門,流入計,10,8,7,15
302,虎ノ門２,環状二号線×桜田通り,R4/11,愛宕,A 桜田門,流入計,11,14,7,21
302,虎ノ門２,環状二号線×桜田通り,R4/11,愛宕,A 桜田門,流入計,12,18,2,20
302,虎ノ門２,環状二号線×桜田通り,R4/11,愛宕,A 桜田門,流入計,13,12,6,18
302,虎ノ門２,環状二号線×桜田通り,R4/11,愛宕,A 桜田門,流入計,14,11,7,18
302,虎ノ門２,環状二号線×桜田通り,R4/11,愛宕,A 桜田門,流入計,15,7,8,15
302,虎ノ門２,環状二号線×桜田通り,R4/11,愛宕,A 桜田門,流入計,16,13,13,26
302,虎ノ門２,環状二号線×桜田通り,R4/11,愛宕,A 桜田門,流入計,17,20,9,29
302,虎ノ門２,環状二号線×桜田通り,R4/11,愛宕,A 桜田門,流入計,18,30,6,36
302,虎ノ門２,環状二号線×桜田通り,R4/11,愛宕,A 桜田門,流入計,12時間計,180,99,279
302,虎ノ門２,環状二号線×桜田通り,R4/11,愛宕,B 溜池,4桜田門,7,0,-,-
302,虎ノ門２,環状二号線×桜田通り,R4/11,愛宕,B 溜池,4桜田門,8,1,-,-
302,虎ノ門２,環状二号線×桜田通り,R4/11,愛宕,B 溜池,4桜田門,9,0,-,-
302,虎ノ門２,環状二号線×桜田通り,R4/11,愛宕,B 溜池,4桜田門,10,1,-,-
302,虎ノ門２,環状二号線×桜田通り,R4/11,愛宕,B 溜池,4桜田門,11,0,-,-
302,虎ノ門２,環状二号線×桜田通り,R4/11,愛宕,B 溜池,4桜田門,12,0,-,-
302,虎ノ門２,環状二号線×桜田通り,R4/11,愛宕,B 溜池,4桜田門,13,0,-,-
302,虎ノ門２,環状二号線×桜田通り,R4/11,愛宕,B 溜池,4桜田門,14,0,-,-
302,虎ノ門２,環状二号線×桜田通り,R4/11,愛宕,B 溜池,4桜田門,15,0,-,-
302,虎ノ門２,環状二号線×桜田通り,R4/11,愛宕,B 溜池,4桜田門,16,0,-,-
302,虎ノ門２,環状二号線×桜田通り,R4/11,愛宕,B 溜池,4桜田門,17,0,-,-
302,虎ノ門２,環状二号線×桜田通り,R4/11,愛宕,B 溜池,4桜田門,18,0,-,-
302,虎ノ門２,環状二号線×桜田通り,R4/11,愛宕,B 溜池,4桜田門,12時間計,2,-,-
302,虎ノ門２,環状二号線×桜田通り,R4/11,愛宕,B 溜池,5汐留,7,2,-,-
302,虎ノ門２,環状二号線×桜田通り,R4/11,愛宕,B 溜池,5汐留,8,4,-,-
302,虎ノ門２,環状二号線×桜田通り,R4/11,愛宕,B 溜池,5汐留,9,5,-,-
302,虎ノ門２,環状二号線×桜田通り,R4/11,愛宕,B 溜池,5汐留,10,9,-,-
302,虎ノ門２,環状二号線×桜田通り,R4/11,愛宕,B 溜池,5汐留,11,6,-,-
302,虎ノ門２,環状二号線×桜田通り,R4/11,愛宕,B 溜池,5汐留,12,2,-,-
302,虎ノ門２,環状二号線×桜田通り,R4/11,愛宕,B 溜池,5汐留,13,2,-,-
302,虎ノ門２,環状二号線×桜田通り,R4/11,愛宕,B 溜池,5汐留,14,3,-,-
302,虎ノ門２,環状二号線×桜田通り,R4/11,愛宕,B 溜池,5汐留,15,0,-,-
302,虎ノ門２,環状二号線×桜田通り,R4/11,愛宕,B 溜池,5汐留,16,0,-,-
302,虎ノ門２,環状二号線×桜田通り,R4/11,愛宕,B 溜池,5汐留,17,2,-,-
302,虎ノ門２,環状二号線×桜田通り,R4/11,愛宕,B 溜池,5汐留,18,3,-,-
302,虎ノ門２,環状二号線×桜田通り,R4/11,愛宕,B 溜池,5汐留,12時間計,38,-,-
302,虎ノ門２,環状二号線×桜田通り,R4/11,愛宕,B 溜池,6赤羽橋,7,0,-,-
302,虎ノ門２,環状二号線×桜田通り,R4/11,愛宕,B 溜池,6赤羽橋,8,0,-,-
302,虎ノ門２,環状二号線×桜田通り,R4/11,愛宕,B 溜池,6赤羽橋,9,0,-,-
302,虎ノ門２,環状二号線×桜田通り,R4/11,愛宕,B 溜池,6赤羽橋,10,2,-,-
302,虎ノ門２,環状二号線×桜田通り,R4/11,愛宕,B 溜池,6赤羽橋,11,4,-,-
302,虎ノ門２,環状二号線×桜田通り,R4/11,愛宕,B 溜池,6赤羽橋,12,2,-,-
302,虎ノ門２,環状二号線×桜田通り,R4/11,愛宕,B 溜池,6赤羽橋,13,0,-,-
302,虎ノ門２,環状二号線×桜田通り,R4/11,愛宕,B 溜池,6赤羽橋,14,0,-,-
302,虎ノ門２,環状二号線×桜田通り,R4/11,愛宕,B 溜池,6赤羽橋,15,2,-,-
302,虎ノ門２,環状二号線×桜田通り,R4/11,愛宕,B 溜池,6赤羽橋,16,1,-,-
302,虎ノ門２,環状二号線×桜田通り,R4/11,愛宕,B 溜池,6赤羽橋,17,3,-,-
302,虎ノ門２,環状二号線×桜田通り,R4/11,愛宕,B 溜池,6赤羽橋,18,3,-,-
302,虎ノ門２,環状二号線×桜田通り,R4/11,愛宕,B 溜池,6赤羽橋,12時間計,17,-,-
302,虎ノ門２,環状二号線×桜田通り,R4/11,愛宕,B 溜池,流入計,7,2,7,9
302,虎ノ門２,環状二号線×桜田通り,R4/11,愛宕,B 溜池,流入計,8,5,15,20
302,虎ノ門２,環状二号線×桜田通り,R4/11,愛宕,B 溜池,流入計,9,5,8,13
302,虎ノ門２,環状二号線×桜田通り,R4/11,愛宕,B 溜池,流入計,10,12,6,18
302,虎ノ門２,環状二号線×桜田通り,R4/11,愛宕,B 溜池,流入計,11,10,10,20
302,虎ノ門２,環状二号線×桜田通り,R4/11,愛宕,B 溜池,流入計,12,4,12,16
302,虎ノ門２,環状二号線×桜田通り,R4/11,愛宕,B 溜池,流入計,13,2,10,12
302,虎ノ門２,環状二号線×桜田通り,R4/11,愛宕,B 溜池,流入計,14,3,11,14
302,虎ノ門２,環状二号線×桜田通り,R4/11,愛宕,B 溜池,流入計,15,2,13,15
302,虎ノ門２,環状二号線×桜田通り,R4/11,愛宕,B 溜池,流入計,16,1,14,15
302,虎ノ門２,環状二号線×桜田通り,R4/11,愛宕,B 溜池,流入計,17,5,9,14
302,虎ノ門２,環状二号線×桜田通り,R4/11,愛宕,B 溜池,流入計,18,6,22,28
302,虎ノ門２,環状二号線×桜田通り,R4/11,愛宕,B 溜池,流入計,12時間計,57,137,194
302,虎ノ門２,環状二号線×桜田通り,R4/11,愛宕,C 赤羽橋,7溜池,7,0,-,-
302,虎ノ門２,環状二号線×桜田通り,R4/11,愛宕,C 赤羽橋,7溜池,8,1,-,-
302,虎ノ門２,環状二号線×桜田通り,R4/11,愛宕,C 赤羽橋,7溜池,9,0,-,-
302,虎ノ門２,環状二号線×桜田通り,R4/11,愛宕,C 赤羽橋,7溜池,10,0,-,-
302,虎ノ門２,環状二号線×桜田通り,R4/11,愛宕,C 赤羽橋,7溜池,11,1,-,-
302,虎ノ門２,環状二号線×桜田通り,R4/11,愛宕,C 赤羽橋,7溜池,12,2,-,-
302,虎ノ門２,環状二号線×桜田通り,R4/11,愛宕,C 赤羽橋,7溜池,13,6,-,-
302,虎ノ門２,環状二号線×桜田通り,R4/11,愛宕,C 赤羽橋,7溜池,14,1,-,-
302,虎ノ門２,環状二号線×桜田通り,R4/11,愛宕,C 赤羽橋,7溜池,15,1,-,-
302,虎ノ門２,環状二号線×桜田通り,R4/11,愛宕,C 赤羽橋,7溜池,16,0,-,-
302,虎ノ門２,環状二号線×桜田通り,R4/11,愛宕,C 赤羽橋,7溜池,17,2,-,-
302,虎ノ門２,環状二号線×桜田通り,R4/11,愛宕,C 赤羽橋,7溜池,18,2,-,-
302,虎ノ門２,環状二号線×桜田通り,R4/11,愛宕,C 赤羽橋,7溜池,12時間計,16,-,-
302,虎ノ門２,環状二号線×桜田通り,R4/11,愛宕,C 赤羽橋,8桜田門,7,13,-,-
302,虎ノ門２,環状二号線×桜田通り,R4/11,愛宕,C 赤羽橋,8桜田門,8,17,-,-
302,虎ノ門２,環状二号線×桜田通り,R4/11,愛宕,C 赤羽橋,8桜田門,9,26,-,-
302,虎ノ門２,環状二号線×桜田通り,R4/11,愛宕,C 赤羽橋,8桜田門,10,13,-,-
302,虎ノ門２,環状二号線×桜田通り,R4/11,愛宕,C 赤羽橋,8桜田門,11,16,-,-
302,虎ノ門２,環状二号線×桜田通り,R4/11,愛宕,C 赤羽橋,8桜田門,12,16,-,-
302,虎ノ門２,環状二号線×桜田通り,R4/11,愛宕,C 赤羽橋,8桜田門,13,11,-,-
302,虎ノ門２,環状二号線×桜田通り,R4/11,愛宕,C 赤羽橋,8桜田門,14,17,-,-
302,虎ノ門２,環状二号線×桜田通り,R4/11,愛宕,C 赤羽橋,8桜田門,15,14,-,-
302,虎ノ門２,環状二号線×桜田通り,R4/11,愛宕,C 赤羽橋,8桜田門,16,19,-,-
302,虎ノ門２,環状二号線×桜田通り,R4/11,愛宕,C 赤羽橋,8桜田門,17,25,-,-
302,虎ノ門２,環状二号線×桜田通り,R4/11,愛宕,C 赤羽橋,8桜田門,18,21,-,-
302,虎ノ門２,環状二号線×桜田通り,R4/11,愛宕,C 赤羽橋,8桜田門,12時間計,208,-,-
302,虎ノ門２,環状二号線×桜田通り,R4/11,愛宕,C 赤羽橋,9汐留,7,0,-,-
302,虎ノ門２,環状二号線×桜田通り,R4/11,愛宕,C 赤羽橋,9汐留,8,0,-,-
302,虎ノ門２,環状二号線×桜田通り,R4/11,愛宕,C 赤羽橋,9汐留,9,0,-,-
302,虎ノ門２,環状二号線×桜田通り,R4/11,愛宕,C 赤羽橋,9汐留,10,0,-,-
302,虎ノ門２,環状二号線×桜田通り,R4/11,愛宕,C 赤羽橋,9汐留,11,0,-,-
302,虎ノ門２,環状二号線×桜田通り,R4/11,愛宕,C 赤羽橋,9汐留,12,0,-,-
302,虎ノ門２,環状二号線×桜田通り,R4/11,愛宕,C 赤羽橋,9汐留,13,0,-,-
302,虎ノ門２,環状二号線×桜田通り,R4/11,愛宕,C 赤羽橋,9汐留,14,0,-,-
302,虎ノ門２,環状二号線×桜田通り,R4/11,愛宕,C 赤羽橋,9汐留,15,0,-,-
302,虎ノ門２,環状二号線×桜田通り,R4/11,愛宕,C 赤羽橋,9汐留,16,0,-,-
302,虎ノ門２,環状二号線×桜田通り,R4/11,愛宕,C 赤羽橋,9汐留,17,0,-,-
302,虎ノ門２,環状二号線×桜田通り,R4/11,愛宕,C 赤羽橋,9汐留,18,0,-,-
302,虎ノ門２,環状二号線×桜田通り,R4/11,愛宕,C 赤羽橋,9汐留,12時間計,0,-,-
302,虎ノ門２,環状二号線×桜田通り,R4/11,愛宕,C 赤羽橋,流入計,7,13,16,29
302,虎ノ門２,環状二号線×桜田通り,R4/11,愛宕,C 赤羽橋,流入計,8,18,11,29
302,虎ノ門２,環状二号線×桜田通り,R4/11,愛宕,C 赤羽橋,流入計,9,26,15,41
302,虎ノ門２,環状二号線×桜田通り,R4/11,愛宕,C 赤羽橋,流入計,10,13,12,25
302,虎ノ門２,環状二号線×桜田通り,R4/11,愛宕,C 赤羽橋,流入計,11,17,19,36
302,虎ノ門２,環状二号線×桜田通り,R4/11,愛宕,C 赤羽橋,流入計,12,18,14,32
302,虎ノ門２,環状二号線×桜田通り,R4/11,愛宕,C 赤羽橋,流入計,13,17,12,29
302,虎ノ門２,環状二号線×桜田通り,R4/11,愛宕,C 赤羽橋,流入計,14,18,7,25
302,虎ノ門２,環状二号線×桜田通り,R4/11,愛宕,C 赤羽橋,流入計,15,15,9,24
302,虎ノ門２,環状二号線×桜田通り,R4/11,愛宕,C 赤羽橋,流入計,16,19,15,34
302,虎ノ門２,環状二号線×桜田通り,R4/11,愛宕,C 赤羽橋,流入計,17,27,6,33
302,虎ノ門２,環状二号線×桜田通り,R4/11,愛宕,C 赤羽橋,流入計,18,23,12,35
302,虎ノ門２,環状二号線×桜田通り,R4/11,愛宕,C 赤羽橋,流入計,12時間計,224,148,372
302,虎ノ門２,環状二号線×桜田通り,R4/11,愛宕,D 汐留,10赤羽橋,7,0,-,-
302,虎ノ門２,環状二号線×桜田通り,R4/11,愛宕,D 汐留,10赤羽橋,8,0,-,-
302,虎ノ門２,環状二号線×桜田通り,R4/11,愛宕,D 汐留,10赤羽橋,9,2,-,-
302,虎ノ門２,環状二号線×桜田通り,R4/11,愛宕,D 汐留,10赤羽橋,10,0,-,-
302,虎ノ門２,環状二号線×桜田通り,R4/11,愛宕,D 汐留,10赤羽橋,11,1,-,-
302,虎ノ門２,環状二号線×桜田通り,R4/11,愛宕,D 汐留,10赤羽橋,12,0,-,-
302,虎ノ門２,環状二号線×桜田通り,R4/11,愛宕,D 汐留,10赤羽橋,13,0,-,-
302,虎ノ門２,環状二号線×桜田通り,R4/11,愛宕,D 汐留,10赤羽橋,14,0,-,-
302,虎ノ門２,環状二号線×桜田通り,R4/11,愛宕,D 汐留,10赤羽橋,15,1,-,-
302,虎ノ門２,環状二号線×桜田通り,R4/11,愛宕,D 汐留,10赤羽橋,16,0,-,-
302,虎ノ門２,環状二号線×桜田通り,R4/11,愛宕,D 汐留,10赤羽橋,17,0,-,-
302,虎ノ門２,環状二号線×桜田通り,R4/11,愛宕,D 汐留,10赤羽橋,18,0,-,-
302,虎ノ門２,環状二号線×桜田通り,R4/11,愛宕,D 汐留,10赤羽橋,12時間計,4,-,-
302,虎ノ門２,環状二号線×桜田通り,R4/11,愛宕,D 汐留,11溜池,7,0,-,-
302,虎ノ門２,環状二号線×桜田通り,R4/11,愛宕,D 汐留,11溜池,8,1,-,-
302,虎ノ門２,環状二号線×桜田通り,R4/11,愛宕,D 汐留,11溜池,9,1,-,-
302,虎ノ門２,環状二号線×桜田通り,R4/11,愛宕,D 汐留,11溜池,10,1,-,-
302,虎ノ門２,環状二号線×桜田通り,R4/11,愛宕,D 汐留,11溜池,11,2,-,-
302,虎ノ門２,環状二号線×桜田通り,R4/11,愛宕,D 汐留,11溜池,12,2,-,-
302,虎ノ門２,環状二号線×桜田通り,R4/11,愛宕,D 汐留,11溜池,13,0,-,-
302,虎ノ門２,環状二号線×桜田通り,R4/11,愛宕,D 汐留,11溜池,14,0,-,-
302,虎ノ門２,環状二号線×桜田通り,R4/11,愛宕,D 汐留,11溜池,15,0,-,-
302,虎ノ門２,環状二号線×桜田通り,R4/11,愛宕,D 汐留,11溜池,16,3,-,-
302,虎ノ門２,環状二号線×桜田通り,R4/11,愛宕,D 汐留,11溜池,17,0,-,-
302,虎ノ門２,環状二号線×桜田通り,R4/11,愛宕,D 汐留,11溜池,18,4,-,-
302,虎ノ門２,環状二号線×桜田通り,R4/11,愛宕,D 汐留,11溜池,12時間計,14,-,-
302,虎ノ門２,環状二号線×桜田通り,R4/11,愛宕,D 汐留,12桜田門,7,0,-,-
302,虎ノ門２,環状二号線×桜田通り,R4/11,愛宕,D 汐留,12桜田門,8,0,-,-
302,虎ノ門２,環状二号線×桜田通り,R4/11,愛宕,D 汐留,12桜田門,9,0,-,-
302,虎ノ門２,環状二号線×桜田通り,R4/11,愛宕,D 汐留,12桜田門,10,0,-,-
302,虎ノ門２,環状二号線×桜田通り,R4/11,愛宕,D 汐留,12桜田門,11,0,-,-
302,虎ノ門２,環状二号線×桜田通り,R4/11,愛宕,D 汐留,12桜田門,12,0,-,-
302,虎ノ門２,環状二号線×桜田通り,R4/11,愛宕,D 汐留,12桜田門,13,0,-,-
302,虎ノ門２,環状二号線×桜田通り,R4/11,愛宕,D 汐留,12桜田門,14,0,-,-
302,虎ノ門２,環状二号線×桜田通り,R4/11,愛宕,D 汐留,12桜田門,15,0,-,-
302,虎ノ門２,環状二号線×桜田通り,R4/11,愛宕,D 汐留,12桜田門,16,0,-,-
302,虎ノ門２,環状二号線×桜田通り,R4/11,愛宕,D 汐留,12桜田門,17,0,-,-
302,虎ノ門２,環状二号線×桜田通り,R4/11,愛宕,D 汐留,12桜田門,18,0,-,-
302,虎ノ門２,環状二号線×桜田通り,R4/11,愛宕,D 汐留,12桜田門,12時間計,0,-,-
302,虎ノ門２,環状二号線×桜田通り,R4/11,愛宕,D 汐留,流入計,7,0,5,5
302,虎ノ門２,環状二号線×桜田通り,R4/11,愛宕,D 汐留,流入計,8,1,4,5
302,虎ノ門２,環状二号線×桜田通り,R4/11,愛宕,D 汐留,流入計,9,3,10,13
302,虎ノ門２,環状二号線×桜田通り,R4/11,愛宕,D 汐留,流入計,10,1,4,5
302,虎ノ門２,環状二号線×桜田通り,R4/11,愛宕,D 汐留,流入計,11,3,9,12
302,虎ノ門２,環状二号線×桜田通り,R4/11,愛宕,D 汐留,流入計,12,2,4,6
302,虎ノ門２,環状二号線×桜田通り,R4/11,愛宕,D 汐留,流入計,13,0,4,4
302,虎ノ門２,環状二号線×桜田通り,R4/11,愛宕,D 汐留,流入計,14,0,9,9
302,虎ノ門２,環状二号線×桜田通り,R4/11,愛宕,D 汐留,流入計,15,1,10,11
302,虎ノ門２,環状二号線×桜田通り,R4/11,愛宕,D 汐留,流入計,16,3,4,7
302,虎ノ門２,環状二号線×桜田通り,R4/11,愛宕,D 汐留,流入計,17,0,7,7
302,虎ノ門２,環状二号線×桜田通り,R4/11,愛宕,D 汐留,流入計,18,4,8,12
302,虎ノ門２,環状二号線×桜田通り,R4/11,愛宕,D 汐留,流入計,12時間計,18,78,96
302,虎ノ門２,環状二号線×桜田通り,R4/11,愛宕,全方向計,全方向計,7,15,41,56
302,虎ノ門２,環状二号線×桜田通り,R4/11,愛宕,全方向計,全方向計,8,45,41,86
302,虎ノ門２,環状二号線×桜田通り,R4/11,愛宕,全方向計,全方向計,9,60,43,103
302,虎ノ門２,環状二号線×桜田通り,R4/11,愛宕,全方向計,全方向計,10,34,29,63
302,虎ノ門２,環状二号線×桜田通り,R4/11,愛宕,全方向計,全方向計,11,44,45,89
302,虎ノ門２,環状二号線×桜田通り,R4/11,愛宕,全方向計,全方向計,12,42,32,74
302,虎ノ門２,環状二号線×桜田通り,R4/11,愛宕,全方向計,全方向計,13,31,32,63
302,虎ノ門２,環状二号線×桜田通り,R4/11,愛宕,全方向計,全方向計,14,32,34,66
302,虎ノ門２,環状二号線×桜田通り,R4/11,愛宕,全方向計,全方向計,15,25,40,65
302,虎ノ門２,環状二号線×桜田通り,R4/11,愛宕,全方向計,全方向計,16,36,46,82
302,虎ノ門２,環状二号線×桜田通り,R4/11,愛宕,全方向計,全方向計,17,52,31,83
302,虎ノ門２,環状二号線×桜田通り,R4/11,愛宕,全方向計,全方向計,18,63,48,111
302,虎ノ門２,環状二号線×桜田通り,R4/11,愛宕,全方向計,全方向計,12時間計,479,462,941
