﻿地点番号,地点名,交差道路名,調査年月,管轄警察署,流出方向,時間帯等,大型乗用,大型貨物,普通乗用,普通貨物,四輪計,二輪車
302,虎ノ門２,環状二号線×桜田通り,R4/11,愛宕,A 桜田門,7,6,4,195,83,288,14
302,虎ノ門２,環状二号線×桜田通り,R4/11,愛宕,A 桜田門,8,3,21,292,147,463,14
302,虎ノ門２,環状二号線×桜田通り,R4/11,愛宕,A 桜田門,9,1,22,308,156,487,17
302,虎ノ門２,環状二号線×桜田通り,R4/11,愛宕,A 桜田門,10,4,25,339,169,537,18
302,虎ノ門２,環状二号線×桜田通り,R4/11,愛宕,A 桜田門,11,2,24,335,141,502,16
302,虎ノ門２,環状二号線×桜田通り,R4/11,愛宕,A 桜田門,12,2,8,347,117,474,26
302,虎ノ門２,環状二号線×桜田通り,R4/11,愛宕,A 桜田門,13,3,10,339,94,446,19
302,虎ノ門２,環状二号線×桜田通り,R4/11,愛宕,A 桜田門,14,5,12,357,137,511,14
302,虎ノ門２,環状二号線×桜田通り,R4/11,愛宕,A 桜田門,15,6,14,399,124,543,11
302,虎ノ門２,環状二号線×桜田通り,R4/11,愛宕,A 桜田門,16,2,8,410,150,570,26
302,虎ノ門２,環状二号線×桜田通り,R4/11,愛宕,A 桜田門,17,5,3,443,127,578,30
302,虎ノ門２,環状二号線×桜田通り,R4/11,愛宕,A 桜田門,18,4,1,362,52,419,20
302,虎ノ門２,環状二号線×桜田通り,R4/11,愛宕,A 桜田門,12時間計,43,152,4126,1497,5818,225
302,虎ノ門２,環状二号線×桜田通り,R4/11,愛宕,B 溜池,7,5,25,219,154,403,15
302,虎ノ門２,環状二号線×桜田通り,R4/11,愛宕,B 溜池,8,6,26,286,294,612,29
302,虎ノ門２,環状二号線×桜田通り,R4/11,愛宕,B 溜池,9,10,28,358,232,628,32
302,虎ノ門２,環状二号線×桜田通り,R4/11,愛宕,B 溜池,10,9,34,291,229,563,31
302,虎ノ門２,環状二号線×桜田通り,R4/11,愛宕,B 溜池,11,8,26,299,185,518,31
302,虎ノ門２,環状二号線×桜田通り,R4/11,愛宕,B 溜池,12,9,32,308,167,516,40
302,虎ノ門２,環状二号線×桜田通り,R4/11,愛宕,B 溜池,13,6,33,319,181,539,19
302,虎ノ門２,環状二号線×桜田通り,R4/11,愛宕,B 溜池,14,4,29,334,184,551,26
302,虎ノ門２,環状二号線×桜田通り,R4/11,愛宕,B 溜池,15,7,15,424,154,600,33
302,虎ノ門２,環状二号線×桜田通り,R4/11,愛宕,B 溜池,16,3,7,387,119,516,31
302,虎ノ門２,環状二号線×桜田通り,R4/11,愛宕,B 溜池,17,8,8,368,120,504,43
302,虎ノ門２,環状二号線×桜田通り,R4/11,愛宕,B 溜池,18,6,2,348,101,457,38
302,虎ノ門２,環状二号線×桜田通り,R4/11,愛宕,B 溜池,12時間計,81,265,3941,2120,6407,368
302,虎ノ門２,環状二号線×桜田通り,R4/11,愛宕,C 赤羽橋,7,9,12,331,219,571,50
302,虎ノ門２,環状二号線×桜田通り,R4/11,愛宕,C 赤羽橋,8,9,13,379,256,657,29
302,虎ノ門２,環状二号線×桜田通り,R4/11,愛宕,C 赤羽橋,9,8,14,438,302,762,19
302,虎ノ門２,環状二号線×桜田通り,R4/11,愛宕,C 赤羽橋,10,9,23,457,303,792,27
302,虎ノ門２,環状二号線×桜田通り,R4/11,愛宕,C 赤羽橋,11,8,13,455,260,736,32
302,虎ノ門２,環状二号線×桜田通り,R4/11,愛宕,C 赤羽橋,12,8,20,433,217,678,21
302,虎ノ門２,環状二号線×桜田通り,R4/11,愛宕,C 赤羽橋,13,8,9,478,208,703,29
302,虎ノ門２,環状二号線×桜田通り,R4/11,愛宕,C 赤羽橋,14,3,14,480,227,724,15
302,虎ノ門２,環状二号線×桜田通り,R4/11,愛宕,C 赤羽橋,15,7,11,496,156,670,17
302,虎ノ門２,環状二号線×桜田通り,R4/11,愛宕,C 赤羽橋,16,10,15,515,187,727,31
302,虎ノ門２,環状二号線×桜田通り,R4/11,愛宕,C 赤羽橋,17,12,5,486,194,697,25
302,虎ノ門２,環状二号線×桜田通り,R4/11,愛宕,C 赤羽橋,18,11,2,512,111,636,31
302,虎ノ門２,環状二号線×桜田通り,R4/11,愛宕,C 赤羽橋,12時間計,102,151,5460,2640,8353,326
302,虎ノ門２,環状二号線×桜田通り,R4/11,愛宕,D 汐留,7,2,14,263,162,441,36
302,虎ノ門２,環状二号線×桜田通り,R4/11,愛宕,D 汐留,8,1,16,314,168,499,28
302,虎ノ門２,環状二号線×桜田通り,R4/11,愛宕,D 汐留,9,4,26,302,181,513,43
302,虎ノ門２,環状二号線×桜田通り,R4/11,愛宕,D 汐留,10,3,24,305,186,518,23
302,虎ノ門２,環状二号線×桜田通り,R4/11,愛宕,D 汐留,11,2,22,306,163,493,18
302,虎ノ門２,環状二号線×桜田通り,R4/11,愛宕,D 汐留,12,1,17,340,158,516,25
302,虎ノ門２,環状二号線×桜田通り,R4/11,愛宕,D 汐留,13,4,29,329,170,532,21
302,虎ノ門２,環状二号線×桜田通り,R4/11,愛宕,D 汐留,14,1,20,354,200,575,23
302,虎ノ門２,環状二号線×桜田通り,R4/11,愛宕,D 汐留,15,2,15,381,173,571,20
302,虎ノ門２,環状二号線×桜田通り,R4/11,愛宕,D 汐留,16,0,13,390,143,546,19
302,虎ノ門２,環状二号線×桜田通り,R4/11,愛宕,D 汐留,17,3,4,401,116,524,30
302,虎ノ門２,環状二号線×桜田通り,R4/11,愛宕,D 汐留,18,0,11,329,103,443,14
302,虎ノ門２,環状二号線×桜田通り,R4/11,愛宕,D 汐留,12時間計,23,211,4014,1923,6171,300
302,虎ノ門２,環状二号線×桜田通り,R4/11,愛宕,全方向合計,7,22,55,1008,618,1703,115
302,虎ノ門２,環状二号線×桜田通り,R4/11,愛宕,全方向合計,8,19,76,1271,865,2231,100
302,虎ノ門２,環状二号線×桜田通り,R4/11,愛宕,全方向合計,9,23,90,1406,871,2390,111
302,虎ノ門２,環状二号線×桜田通り,R4/11,愛宕,全方向合計,10,25,106,1392,887,2410,99
302,虎ノ門２,環状二号線×桜田通り,R4/11,愛宕,全方向合計,11,20,85,1395,749,2249,97
302,虎ノ門２,環状二号線×桜田通り,R4/11,愛宕,全方向合計,12,20,77,1428,659,2184,112
302,虎ノ門２,環状二号線×桜田通り,R4/11,愛宕,全方向合計,13,21,81,1465,653,2220,88
302,虎ノ門２,環状二号線×桜田通り,R4/11,愛宕,全方向合計,14,13,75,1525,748,2361,78
302,虎ノ門２,環状二号線×桜田通り,R4/11,愛宕,全方向合計,15,22,55,1700,607,2384,81
302,虎ノ門２,環状二号線×桜田通り,R4/11,愛宕,全方向合計,16,15,43,1702,599,2359,107
302,虎ノ門２,環状二号線×桜田通り,R4/11,愛宕,全方向合計,17,28,20,1698,557,2303,128
302,虎ノ門２,環状二号線×桜田通り,R4/11,愛宕,全方向合計,18,21,16,1551,367,1955,103
302,虎ノ門２,環状二号線×桜田通り,R4/11,愛宕,全方向合計,12時間計,249,779,17541,8180,26749,1219
