﻿地点番号,地点名,交差道路名,調査年月,管轄警察署,流入方向,流出方向,時間帯等,車道通行自転車,歩道通行自転車,自転車計
89,武蔵野橋南,東京環状×睦橋通り,R4/10,福生,A 武蔵野橋,1拝島駅,7,0,-,-
89,武蔵野橋南,東京環状×睦橋通り,R4/10,福生,A 武蔵野橋,1拝島駅,8,1,-,-
89,武蔵野橋南,東京環状×睦橋通り,R4/10,福生,A 武蔵野橋,1拝島駅,9,0,-,-
89,武蔵野橋南,東京環状×睦橋通り,R4/10,福生,A 武蔵野橋,1拝島駅,10,0,-,-
89,武蔵野橋南,東京環状×睦橋通り,R4/10,福生,A 武蔵野橋,1拝島駅,11,0,-,-
89,武蔵野橋南,東京環状×睦橋通り,R4/10,福生,A 武蔵野橋,1拝島駅,12,0,-,-
89,武蔵野橋南,東京環状×睦橋通り,R4/10,福生,A 武蔵野橋,1拝島駅,13,0,-,-
89,武蔵野橋南,東京環状×睦橋通り,R4/10,福生,A 武蔵野橋,1拝島駅,14,0,-,-
89,武蔵野橋南,東京環状×睦橋通り,R4/10,福生,A 武蔵野橋,1拝島駅,15,0,-,-
89,武蔵野橋南,東京環状×睦橋通り,R4/10,福生,A 武蔵野橋,1拝島駅,16,0,-,-
89,武蔵野橋南,東京環状×睦橋通り,R4/10,福生,A 武蔵野橋,1拝島駅,17,0,-,-
89,武蔵野橋南,東京環状×睦橋通り,R4/10,福生,A 武蔵野橋,1拝島駅,18,0,-,-
89,武蔵野橋南,東京環状×睦橋通り,R4/10,福生,A 武蔵野橋,1拝島駅,12時間計,1,-,-
89,武蔵野橋南,東京環状×睦橋通り,R4/10,福生,A 武蔵野橋,2町田,7,0,-,-
89,武蔵野橋南,東京環状×睦橋通り,R4/10,福生,A 武蔵野橋,2町田,8,0,-,-
89,武蔵野橋南,東京環状×睦橋通り,R4/10,福生,A 武蔵野橋,2町田,9,0,-,-
89,武蔵野橋南,東京環状×睦橋通り,R4/10,福生,A 武蔵野橋,2町田,10,0,-,-
89,武蔵野橋南,東京環状×睦橋通り,R4/10,福生,A 武蔵野橋,2町田,11,0,-,-
89,武蔵野橋南,東京環状×睦橋通り,R4/10,福生,A 武蔵野橋,2町田,12,0,-,-
89,武蔵野橋南,東京環状×睦橋通り,R4/10,福生,A 武蔵野橋,2町田,13,0,-,-
89,武蔵野橋南,東京環状×睦橋通り,R4/10,福生,A 武蔵野橋,2町田,14,0,-,-
89,武蔵野橋南,東京環状×睦橋通り,R4/10,福生,A 武蔵野橋,2町田,15,0,-,-
89,武蔵野橋南,東京環状×睦橋通り,R4/10,福生,A 武蔵野橋,2町田,16,0,-,-
89,武蔵野橋南,東京環状×睦橋通り,R4/10,福生,A 武蔵野橋,2町田,17,0,-,-
89,武蔵野橋南,東京環状×睦橋通り,R4/10,福生,A 武蔵野橋,2町田,18,0,-,-
89,武蔵野橋南,東京環状×睦橋通り,R4/10,福生,A 武蔵野橋,2町田,12時間計,0,-,-
89,武蔵野橋南,東京環状×睦橋通り,R4/10,福生,A 武蔵野橋,3多摩川,7,0,-,-
89,武蔵野橋南,東京環状×睦橋通り,R4/10,福生,A 武蔵野橋,3多摩川,8,1,-,-
89,武蔵野橋南,東京環状×睦橋通り,R4/10,福生,A 武蔵野橋,3多摩川,9,0,-,-
89,武蔵野橋南,東京環状×睦橋通り,R4/10,福生,A 武蔵野橋,3多摩川,10,1,-,-
89,武蔵野橋南,東京環状×睦橋通り,R4/10,福生,A 武蔵野橋,3多摩川,11,0,-,-
89,武蔵野橋南,東京環状×睦橋通り,R4/10,福生,A 武蔵野橋,3多摩川,12,0,-,-
89,武蔵野橋南,東京環状×睦橋通り,R4/10,福生,A 武蔵野橋,3多摩川,13,1,-,-
89,武蔵野橋南,東京環状×睦橋通り,R4/10,福生,A 武蔵野橋,3多摩川,14,0,-,-
89,武蔵野橋南,東京環状×睦橋通り,R4/10,福生,A 武蔵野橋,3多摩川,15,2,-,-
89,武蔵野橋南,東京環状×睦橋通り,R4/10,福生,A 武蔵野橋,3多摩川,16,0,-,-
89,武蔵野橋南,東京環状×睦橋通り,R4/10,福生,A 武蔵野橋,3多摩川,17,0,-,-
89,武蔵野橋南,東京環状×睦橋通り,R4/10,福生,A 武蔵野橋,3多摩川,18,0,-,-
89,武蔵野橋南,東京環状×睦橋通り,R4/10,福生,A 武蔵野橋,3多摩川,12時間計,5,-,-
89,武蔵野橋南,東京環状×睦橋通り,R4/10,福生,A 武蔵野橋,流入計,7,0,31,31
89,武蔵野橋南,東京環状×睦橋通り,R4/10,福生,A 武蔵野橋,流入計,8,2,53,55
89,武蔵野橋南,東京環状×睦橋通り,R4/10,福生,A 武蔵野橋,流入計,9,0,14,14
89,武蔵野橋南,東京環状×睦橋通り,R4/10,福生,A 武蔵野橋,流入計,10,1,6,7
89,武蔵野橋南,東京環状×睦橋通り,R4/10,福生,A 武蔵野橋,流入計,11,0,12,12
89,武蔵野橋南,東京環状×睦橋通り,R4/10,福生,A 武蔵野橋,流入計,12,0,10,10
89,武蔵野橋南,東京環状×睦橋通り,R4/10,福生,A 武蔵野橋,流入計,13,1,17,18
89,武蔵野橋南,東京環状×睦橋通り,R4/10,福生,A 武蔵野橋,流入計,14,0,16,16
89,武蔵野橋南,東京環状×睦橋通り,R4/10,福生,A 武蔵野橋,流入計,15,2,17,19
89,武蔵野橋南,東京環状×睦橋通り,R4/10,福生,A 武蔵野橋,流入計,16,0,31,31
89,武蔵野橋南,東京環状×睦橋通り,R4/10,福生,A 武蔵野橋,流入計,17,0,36,36
89,武蔵野橋南,東京環状×睦橋通り,R4/10,福生,A 武蔵野橋,流入計,18,0,24,24
89,武蔵野橋南,東京環状×睦橋通り,R4/10,福生,A 武蔵野橋,流入計,12時間計,6,267,273
89,武蔵野橋南,東京環状×睦橋通り,R4/10,福生,B 多摩川,4武蔵野橋,7,0,-,-
89,武蔵野橋南,東京環状×睦橋通り,R4/10,福生,B 多摩川,4武蔵野橋,8,0,-,-
89,武蔵野橋南,東京環状×睦橋通り,R4/10,福生,B 多摩川,4武蔵野橋,9,0,-,-
89,武蔵野橋南,東京環状×睦橋通り,R4/10,福生,B 多摩川,4武蔵野橋,10,0,-,-
89,武蔵野橋南,東京環状×睦橋通り,R4/10,福生,B 多摩川,4武蔵野橋,11,0,-,-
89,武蔵野橋南,東京環状×睦橋通り,R4/10,福生,B 多摩川,4武蔵野橋,12,0,-,-
89,武蔵野橋南,東京環状×睦橋通り,R4/10,福生,B 多摩川,4武蔵野橋,13,0,-,-
89,武蔵野橋南,東京環状×睦橋通り,R4/10,福生,B 多摩川,4武蔵野橋,14,0,-,-
89,武蔵野橋南,東京環状×睦橋通り,R4/10,福生,B 多摩川,4武蔵野橋,15,0,-,-
89,武蔵野橋南,東京環状×睦橋通り,R4/10,福生,B 多摩川,4武蔵野橋,16,0,-,-
89,武蔵野橋南,東京環状×睦橋通り,R4/10,福生,B 多摩川,4武蔵野橋,17,0,-,-
89,武蔵野橋南,東京環状×睦橋通り,R4/10,福生,B 多摩川,4武蔵野橋,18,0,-,-
89,武蔵野橋南,東京環状×睦橋通り,R4/10,福生,B 多摩川,4武蔵野橋,12時間計,0,-,-
89,武蔵野橋南,東京環状×睦橋通り,R4/10,福生,B 多摩川,5拝島駅,7,1,-,-
89,武蔵野橋南,東京環状×睦橋通り,R4/10,福生,B 多摩川,5拝島駅,8,0,-,-
89,武蔵野橋南,東京環状×睦橋通り,R4/10,福生,B 多摩川,5拝島駅,9,0,-,-
89,武蔵野橋南,東京環状×睦橋通り,R4/10,福生,B 多摩川,5拝島駅,10,0,-,-
89,武蔵野橋南,東京環状×睦橋通り,R4/10,福生,B 多摩川,5拝島駅,11,0,-,-
89,武蔵野橋南,東京環状×睦橋通り,R4/10,福生,B 多摩川,5拝島駅,12,0,-,-
89,武蔵野橋南,東京環状×睦橋通り,R4/10,福生,B 多摩川,5拝島駅,13,0,-,-
89,武蔵野橋南,東京環状×睦橋通り,R4/10,福生,B 多摩川,5拝島駅,14,0,-,-
89,武蔵野橋南,東京環状×睦橋通り,R4/10,福生,B 多摩川,5拝島駅,15,1,-,-
89,武蔵野橋南,東京環状×睦橋通り,R4/10,福生,B 多摩川,5拝島駅,16,0,-,-
89,武蔵野橋南,東京環状×睦橋通り,R4/10,福生,B 多摩川,5拝島駅,17,1,-,-
89,武蔵野橋南,東京環状×睦橋通り,R4/10,福生,B 多摩川,5拝島駅,18,0,-,-
89,武蔵野橋南,東京環状×睦橋通り,R4/10,福生,B 多摩川,5拝島駅,12時間計,3,-,-
89,武蔵野橋南,東京環状×睦橋通り,R4/10,福生,B 多摩川,6町田,7,0,-,-
89,武蔵野橋南,東京環状×睦橋通り,R4/10,福生,B 多摩川,6町田,8,0,-,-
89,武蔵野橋南,東京環状×睦橋通り,R4/10,福生,B 多摩川,6町田,9,0,-,-
89,武蔵野橋南,東京環状×睦橋通り,R4/10,福生,B 多摩川,6町田,10,0,-,-
89,武蔵野橋南,東京環状×睦橋通り,R4/10,福生,B 多摩川,6町田,11,0,-,-
89,武蔵野橋南,東京環状×睦橋通り,R4/10,福生,B 多摩川,6町田,12,0,-,-
89,武蔵野橋南,東京環状×睦橋通り,R4/10,福生,B 多摩川,6町田,13,0,-,-
89,武蔵野橋南,東京環状×睦橋通り,R4/10,福生,B 多摩川,6町田,14,0,-,-
89,武蔵野橋南,東京環状×睦橋通り,R4/10,福生,B 多摩川,6町田,15,0,-,-
89,武蔵野橋南,東京環状×睦橋通り,R4/10,福生,B 多摩川,6町田,16,0,-,-
89,武蔵野橋南,東京環状×睦橋通り,R4/10,福生,B 多摩川,6町田,17,0,-,-
89,武蔵野橋南,東京環状×睦橋通り,R4/10,福生,B 多摩川,6町田,18,0,-,-
89,武蔵野橋南,東京環状×睦橋通り,R4/10,福生,B 多摩川,6町田,12時間計,0,-,-
89,武蔵野橋南,東京環状×睦橋通り,R4/10,福生,B 多摩川,流入計,7,1,71,72
89,武蔵野橋南,東京環状×睦橋通り,R4/10,福生,B 多摩川,流入計,8,0,81,81
89,武蔵野橋南,東京環状×睦橋通り,R4/10,福生,B 多摩川,流入計,9,0,37,37
89,武蔵野橋南,東京環状×睦橋通り,R4/10,福生,B 多摩川,流入計,10,0,31,31
89,武蔵野橋南,東京環状×睦橋通り,R4/10,福生,B 多摩川,流入計,11,0,45,45
89,武蔵野橋南,東京環状×睦橋通り,R4/10,福生,B 多摩川,流入計,12,0,32,32
89,武蔵野橋南,東京環状×睦橋通り,R4/10,福生,B 多摩川,流入計,13,0,23,23
89,武蔵野橋南,東京環状×睦橋通り,R4/10,福生,B 多摩川,流入計,14,0,33,33
89,武蔵野橋南,東京環状×睦橋通り,R4/10,福生,B 多摩川,流入計,15,1,43,44
89,武蔵野橋南,東京環状×睦橋通り,R4/10,福生,B 多摩川,流入計,16,0,31,31
89,武蔵野橋南,東京環状×睦橋通り,R4/10,福生,B 多摩川,流入計,17,1,37,38
89,武蔵野橋南,東京環状×睦橋通り,R4/10,福生,B 多摩川,流入計,18,0,25,25
89,武蔵野橋南,東京環状×睦橋通り,R4/10,福生,B 多摩川,流入計,12時間計,3,489,492
89,武蔵野橋南,東京環状×睦橋通り,R4/10,福生,C 町田,7多摩川,7,0,-,-
89,武蔵野橋南,東京環状×睦橋通り,R4/10,福生,C 町田,7多摩川,8,0,-,-
89,武蔵野橋南,東京環状×睦橋通り,R4/10,福生,C 町田,7多摩川,9,0,-,-
89,武蔵野橋南,東京環状×睦橋通り,R4/10,福生,C 町田,7多摩川,10,0,-,-
89,武蔵野橋南,東京環状×睦橋通り,R4/10,福生,C 町田,7多摩川,11,0,-,-
89,武蔵野橋南,東京環状×睦橋通り,R4/10,福生,C 町田,7多摩川,12,0,-,-
89,武蔵野橋南,東京環状×睦橋通り,R4/10,福生,C 町田,7多摩川,13,0,-,-
89,武蔵野橋南,東京環状×睦橋通り,R4/10,福生,C 町田,7多摩川,14,0,-,-
89,武蔵野橋南,東京環状×睦橋通り,R4/10,福生,C 町田,7多摩川,15,0,-,-
89,武蔵野橋南,東京環状×睦橋通り,R4/10,福生,C 町田,7多摩川,16,0,-,-
89,武蔵野橋南,東京環状×睦橋通り,R4/10,福生,C 町田,7多摩川,17,0,-,-
89,武蔵野橋南,東京環状×睦橋通り,R4/10,福生,C 町田,7多摩川,18,1,-,-
89,武蔵野橋南,東京環状×睦橋通り,R4/10,福生,C 町田,7多摩川,12時間計,1,-,-
89,武蔵野橋南,東京環状×睦橋通り,R4/10,福生,C 町田,8武蔵野橋,7,0,-,-
89,武蔵野橋南,東京環状×睦橋通り,R4/10,福生,C 町田,8武蔵野橋,8,0,-,-
89,武蔵野橋南,東京環状×睦橋通り,R4/10,福生,C 町田,8武蔵野橋,9,0,-,-
89,武蔵野橋南,東京環状×睦橋通り,R4/10,福生,C 町田,8武蔵野橋,10,0,-,-
89,武蔵野橋南,東京環状×睦橋通り,R4/10,福生,C 町田,8武蔵野橋,11,0,-,-
89,武蔵野橋南,東京環状×睦橋通り,R4/10,福生,C 町田,8武蔵野橋,12,0,-,-
89,武蔵野橋南,東京環状×睦橋通り,R4/10,福生,C 町田,8武蔵野橋,13,0,-,-
89,武蔵野橋南,東京環状×睦橋通り,R4/10,福生,C 町田,8武蔵野橋,14,2,-,-
89,武蔵野橋南,東京環状×睦橋通り,R4/10,福生,C 町田,8武蔵野橋,15,0,-,-
89,武蔵野橋南,東京環状×睦橋通り,R4/10,福生,C 町田,8武蔵野橋,16,0,-,-
89,武蔵野橋南,東京環状×睦橋通り,R4/10,福生,C 町田,8武蔵野橋,17,0,-,-
89,武蔵野橋南,東京環状×睦橋通り,R4/10,福生,C 町田,8武蔵野橋,18,0,-,-
89,武蔵野橋南,東京環状×睦橋通り,R4/10,福生,C 町田,8武蔵野橋,12時間計,2,-,-
89,武蔵野橋南,東京環状×睦橋通り,R4/10,福生,C 町田,9拝島駅,7,0,-,-
89,武蔵野橋南,東京環状×睦橋通り,R4/10,福生,C 町田,9拝島駅,8,0,-,-
89,武蔵野橋南,東京環状×睦橋通り,R4/10,福生,C 町田,9拝島駅,9,0,-,-
89,武蔵野橋南,東京環状×睦橋通り,R4/10,福生,C 町田,9拝島駅,10,0,-,-
89,武蔵野橋南,東京環状×睦橋通り,R4/10,福生,C 町田,9拝島駅,11,0,-,-
89,武蔵野橋南,東京環状×睦橋通り,R4/10,福生,C 町田,9拝島駅,12,0,-,-
89,武蔵野橋南,東京環状×睦橋通り,R4/10,福生,C 町田,9拝島駅,13,0,-,-
89,武蔵野橋南,東京環状×睦橋通り,R4/10,福生,C 町田,9拝島駅,14,0,-,-
89,武蔵野橋南,東京環状×睦橋通り,R4/10,福生,C 町田,9拝島駅,15,0,-,-
89,武蔵野橋南,東京環状×睦橋通り,R4/10,福生,C 町田,9拝島駅,16,0,-,-
89,武蔵野橋南,東京環状×睦橋通り,R4/10,福生,C 町田,9拝島駅,17,0,-,-
89,武蔵野橋南,東京環状×睦橋通り,R4/10,福生,C 町田,9拝島駅,18,0,-,-
89,武蔵野橋南,東京環状×睦橋通り,R4/10,福生,C 町田,9拝島駅,12時間計,0,-,-
89,武蔵野橋南,東京環状×睦橋通り,R4/10,福生,C 町田,流入計,7,0,22,22
89,武蔵野橋南,東京環状×睦橋通り,R4/10,福生,C 町田,流入計,8,0,27,27
89,武蔵野橋南,東京環状×睦橋通り,R4/10,福生,C 町田,流入計,9,0,20,20
89,武蔵野橋南,東京環状×睦橋通り,R4/10,福生,C 町田,流入計,10,0,3,3
89,武蔵野橋南,東京環状×睦橋通り,R4/10,福生,C 町田,流入計,11,0,3,3
89,武蔵野橋南,東京環状×睦橋通り,R4/10,福生,C 町田,流入計,12,0,8,8
89,武蔵野橋南,東京環状×睦橋通り,R4/10,福生,C 町田,流入計,13,0,7,7
89,武蔵野橋南,東京環状×睦橋通り,R4/10,福生,C 町田,流入計,14,2,13,15
89,武蔵野橋南,東京環状×睦橋通り,R4/10,福生,C 町田,流入計,15,0,31,31
89,武蔵野橋南,東京環状×睦橋通り,R4/10,福生,C 町田,流入計,16,0,14,14
89,武蔵野橋南,東京環状×睦橋通り,R4/10,福生,C 町田,流入計,17,0,19,19
89,武蔵野橋南,東京環状×睦橋通り,R4/10,福生,C 町田,流入計,18,1,16,17
89,武蔵野橋南,東京環状×睦橋通り,R4/10,福生,C 町田,流入計,12時間計,3,183,186
89,武蔵野橋南,東京環状×睦橋通り,R4/10,福生,D 拝島駅,10町田,7,0,-,-
89,武蔵野橋南,東京環状×睦橋通り,R4/10,福生,D 拝島駅,10町田,8,1,-,-
89,武蔵野橋南,東京環状×睦橋通り,R4/10,福生,D 拝島駅,10町田,9,0,-,-
89,武蔵野橋南,東京環状×睦橋通り,R4/10,福生,D 拝島駅,10町田,10,0,-,-
89,武蔵野橋南,東京環状×睦橋通り,R4/10,福生,D 拝島駅,10町田,11,0,-,-
89,武蔵野橋南,東京環状×睦橋通り,R4/10,福生,D 拝島駅,10町田,12,0,-,-
89,武蔵野橋南,東京環状×睦橋通り,R4/10,福生,D 拝島駅,10町田,13,0,-,-
89,武蔵野橋南,東京環状×睦橋通り,R4/10,福生,D 拝島駅,10町田,14,0,-,-
89,武蔵野橋南,東京環状×睦橋通り,R4/10,福生,D 拝島駅,10町田,15,0,-,-
89,武蔵野橋南,東京環状×睦橋通り,R4/10,福生,D 拝島駅,10町田,16,0,-,-
89,武蔵野橋南,東京環状×睦橋通り,R4/10,福生,D 拝島駅,10町田,17,0,-,-
89,武蔵野橋南,東京環状×睦橋通り,R4/10,福生,D 拝島駅,10町田,18,0,-,-
89,武蔵野橋南,東京環状×睦橋通り,R4/10,福生,D 拝島駅,10町田,12時間計,1,-,-
89,武蔵野橋南,東京環状×睦橋通り,R4/10,福生,D 拝島駅,11多摩川,7,0,-,-
89,武蔵野橋南,東京環状×睦橋通り,R4/10,福生,D 拝島駅,11多摩川,8,2,-,-
89,武蔵野橋南,東京環状×睦橋通り,R4/10,福生,D 拝島駅,11多摩川,9,0,-,-
89,武蔵野橋南,東京環状×睦橋通り,R4/10,福生,D 拝島駅,11多摩川,10,1,-,-
89,武蔵野橋南,東京環状×睦橋通り,R4/10,福生,D 拝島駅,11多摩川,11,1,-,-
89,武蔵野橋南,東京環状×睦橋通り,R4/10,福生,D 拝島駅,11多摩川,12,0,-,-
89,武蔵野橋南,東京環状×睦橋通り,R4/10,福生,D 拝島駅,11多摩川,13,1,-,-
89,武蔵野橋南,東京環状×睦橋通り,R4/10,福生,D 拝島駅,11多摩川,14,0,-,-
89,武蔵野橋南,東京環状×睦橋通り,R4/10,福生,D 拝島駅,11多摩川,15,1,-,-
89,武蔵野橋南,東京環状×睦橋通り,R4/10,福生,D 拝島駅,11多摩川,16,1,-,-
89,武蔵野橋南,東京環状×睦橋通り,R4/10,福生,D 拝島駅,11多摩川,17,1,-,-
89,武蔵野橋南,東京環状×睦橋通り,R4/10,福生,D 拝島駅,11多摩川,18,2,-,-
89,武蔵野橋南,東京環状×睦橋通り,R4/10,福生,D 拝島駅,11多摩川,12時間計,10,-,-
89,武蔵野橋南,東京環状×睦橋通り,R4/10,福生,D 拝島駅,12武蔵野橋,7,0,-,-
89,武蔵野橋南,東京環状×睦橋通り,R4/10,福生,D 拝島駅,12武蔵野橋,8,0,-,-
89,武蔵野橋南,東京環状×睦橋通り,R4/10,福生,D 拝島駅,12武蔵野橋,9,0,-,-
89,武蔵野橋南,東京環状×睦橋通り,R4/10,福生,D 拝島駅,12武蔵野橋,10,0,-,-
89,武蔵野橋南,東京環状×睦橋通り,R4/10,福生,D 拝島駅,12武蔵野橋,11,0,-,-
89,武蔵野橋南,東京環状×睦橋通り,R4/10,福生,D 拝島駅,12武蔵野橋,12,0,-,-
89,武蔵野橋南,東京環状×睦橋通り,R4/10,福生,D 拝島駅,12武蔵野橋,13,0,-,-
89,武蔵野橋南,東京環状×睦橋通り,R4/10,福生,D 拝島駅,12武蔵野橋,14,0,-,-
89,武蔵野橋南,東京環状×睦橋通り,R4/10,福生,D 拝島駅,12武蔵野橋,15,0,-,-
89,武蔵野橋南,東京環状×睦橋通り,R4/10,福生,D 拝島駅,12武蔵野橋,16,0,-,-
89,武蔵野橋南,東京環状×睦橋通り,R4/10,福生,D 拝島駅,12武蔵野橋,17,0,-,-
89,武蔵野橋南,東京環状×睦橋通り,R4/10,福生,D 拝島駅,12武蔵野橋,18,0,-,-
89,武蔵野橋南,東京環状×睦橋通り,R4/10,福生,D 拝島駅,12武蔵野橋,12時間計,0,-,-
89,武蔵野橋南,東京環状×睦橋通り,R4/10,福生,D 拝島駅,流入計,7,0,19,19
89,武蔵野橋南,東京環状×睦橋通り,R4/10,福生,D 拝島駅,流入計,8,3,15,18
89,武蔵野橋南,東京環状×睦橋通り,R4/10,福生,D 拝島駅,流入計,9,0,15,15
89,武蔵野橋南,東京環状×睦橋通り,R4/10,福生,D 拝島駅,流入計,10,1,12,13
89,武蔵野橋南,東京環状×睦橋通り,R4/10,福生,D 拝島駅,流入計,11,1,12,13
89,武蔵野橋南,東京環状×睦橋通り,R4/10,福生,D 拝島駅,流入計,12,0,19,19
89,武蔵野橋南,東京環状×睦橋通り,R4/10,福生,D 拝島駅,流入計,13,1,12,13
89,武蔵野橋南,東京環状×睦橋通り,R4/10,福生,D 拝島駅,流入計,14,0,17,17
89,武蔵野橋南,東京環状×睦橋通り,R4/10,福生,D 拝島駅,流入計,15,1,28,29
89,武蔵野橋南,東京環状×睦橋通り,R4/10,福生,D 拝島駅,流入計,16,1,32,33
89,武蔵野橋南,東京環状×睦橋通り,R4/10,福生,D 拝島駅,流入計,17,1,49,50
89,武蔵野橋南,東京環状×睦橋通り,R4/10,福生,D 拝島駅,流入計,18,2,58,60
89,武蔵野橋南,東京環状×睦橋通り,R4/10,福生,D 拝島駅,流入計,12時間計,11,288,299
89,武蔵野橋南,東京環状×睦橋通り,R4/10,福生,全方向計,全方向計,7,1,143,144
89,武蔵野橋南,東京環状×睦橋通り,R4/10,福生,全方向計,全方向計,8,5,176,181
89,武蔵野橋南,東京環状×睦橋通り,R4/10,福生,全方向計,全方向計,9,0,86,86
89,武蔵野橋南,東京環状×睦橋通り,R4/10,福生,全方向計,全方向計,10,2,52,54
89,武蔵野橋南,東京環状×睦橋通り,R4/10,福生,全方向計,全方向計,11,1,72,73
89,武蔵野橋南,東京環状×睦橋通り,R4/10,福生,全方向計,全方向計,12,0,69,69
89,武蔵野橋南,東京環状×睦橋通り,R4/10,福生,全方向計,全方向計,13,2,59,61
89,武蔵野橋南,東京環状×睦橋通り,R4/10,福生,全方向計,全方向計,14,2,79,81
89,武蔵野橋南,東京環状×睦橋通り,R4/10,福生,全方向計,全方向計,15,4,119,123
89,武蔵野橋南,東京環状×睦橋通り,R4/10,福生,全方向計,全方向計,16,1,108,109
89,武蔵野橋南,東京環状×睦橋通り,R4/10,福生,全方向計,全方向計,17,2,141,143
89,武蔵野橋南,東京環状×睦橋通り,R4/10,福生,全方向計,全方向計,18,3,123,126
89,武蔵野橋南,東京環状×睦橋通り,R4/10,福生,全方向計,全方向計,12時間計,23,1227,1250
