﻿地点番号,地点名,交差道路名,調査年月,管轄警察署,流入方向,流出方向,時間帯等,大型乗用,大型貨物,普通乗用,普通貨物,四輪計,二輪車
89,武蔵野橋南,東京環状×睦橋通り,R4/10,福生,A 武蔵野橋,1.拝島駅,7,5,0,61,27,93,6
89,武蔵野橋南,東京環状×睦橋通り,R4/10,福生,A 武蔵野橋,1.拝島駅,8,2,0,58,25,85,3
89,武蔵野橋南,東京環状×睦橋通り,R4/10,福生,A 武蔵野橋,1.拝島駅,9,1,2,89,24,116,2
89,武蔵野橋南,東京環状×睦橋通り,R4/10,福生,A 武蔵野橋,1.拝島駅,10,2,1,76,24,103,2
89,武蔵野橋南,東京環状×睦橋通り,R4/10,福生,A 武蔵野橋,1.拝島駅,11,1,1,53,33,88,2
89,武蔵野橋南,東京環状×睦橋通り,R4/10,福生,A 武蔵野橋,1.拝島駅,12,1,0,54,24,79,4
89,武蔵野橋南,東京環状×睦橋通り,R4/10,福生,A 武蔵野橋,1.拝島駅,13,1,2,41,20,64,0
89,武蔵野橋南,東京環状×睦橋通り,R4/10,福生,A 武蔵野橋,1.拝島駅,14,2,1,72,16,91,2
89,武蔵野橋南,東京環状×睦橋通り,R4/10,福生,A 武蔵野橋,1.拝島駅,15,2,0,93,19,114,2
89,武蔵野橋南,東京環状×睦橋通り,R4/10,福生,A 武蔵野橋,1.拝島駅,16,4,2,139,12,157,9
89,武蔵野橋南,東京環状×睦橋通り,R4/10,福生,A 武蔵野橋,1.拝島駅,17,2,2,127,28,159,6
89,武蔵野橋南,東京環状×睦橋通り,R4/10,福生,A 武蔵野橋,1.拝島駅,18,2,1,142,26,171,5
89,武蔵野橋南,東京環状×睦橋通り,R4/10,福生,A 武蔵野橋,1.拝島駅,12時間計,25,12,1005,278,1320,43
89,武蔵野橋南,東京環状×睦橋通り,R4/10,福生,A 武蔵野橋,2.町田,7,1,95,514,252,862,29
89,武蔵野橋南,東京環状×睦橋通り,R4/10,福生,A 武蔵野橋,2.町田,8,2,113,402,283,800,27
89,武蔵野橋南,東京環状×睦橋通り,R4/10,福生,A 武蔵野橋,2.町田,9,4,131,340,286,761,11
89,武蔵野橋南,東京環状×睦橋通り,R4/10,福生,A 武蔵野橋,2.町田,10,2,140,248,252,642,8
89,武蔵野橋南,東京環状×睦橋通り,R4/10,福生,A 武蔵野橋,2.町田,11,1,141,298,232,672,14
89,武蔵野橋南,東京環状×睦橋通り,R4/10,福生,A 武蔵野橋,2.町田,12,1,100,386,211,698,14
89,武蔵野橋南,東京環状×睦橋通り,R4/10,福生,A 武蔵野橋,2.町田,13,3,130,358,233,724,10
89,武蔵野橋南,東京環状×睦橋通り,R4/10,福生,A 武蔵野橋,2.町田,14,3,100,439,257,799,10
89,武蔵野橋南,東京環状×睦橋通り,R4/10,福生,A 武蔵野橋,2.町田,15,2,90,447,253,792,15
89,武蔵野橋南,東京環状×睦橋通り,R4/10,福生,A 武蔵野橋,2.町田,16,5,87,590,283,965,32
89,武蔵野橋南,東京環状×睦橋通り,R4/10,福生,A 武蔵野橋,2.町田,17,0,71,626,225,922,46
89,武蔵野橋南,東京環状×睦橋通り,R4/10,福生,A 武蔵野橋,2.町田,18,2,66,772,196,1036,31
89,武蔵野橋南,東京環状×睦橋通り,R4/10,福生,A 武蔵野橋,2.町田,12時間計,26,1264,5420,2963,9673,247
89,武蔵野橋南,東京環状×睦橋通り,R4/10,福生,A 武蔵野橋,3.多摩川,7,5,14,122,100,241,6
89,武蔵野橋南,東京環状×睦橋通り,R4/10,福生,A 武蔵野橋,3.多摩川,8,3,17,159,92,271,8
89,武蔵野橋南,東京環状×睦橋通り,R4/10,福生,A 武蔵野橋,3.多摩川,9,2,15,125,40,182,10
89,武蔵野橋南,東京環状×睦橋通り,R4/10,福生,A 武蔵野橋,3.多摩川,10,0,17,163,72,252,13
89,武蔵野橋南,東京環状×睦橋通り,R4/10,福生,A 武蔵野橋,3.多摩川,11,0,15,145,41,201,11
89,武蔵野橋南,東京環状×睦橋通り,R4/10,福生,A 武蔵野橋,3.多摩川,12,0,10,114,89,213,12
89,武蔵野橋南,東京環状×睦橋通り,R4/10,福生,A 武蔵野橋,3.多摩川,13,1,12,129,62,204,10
89,武蔵野橋南,東京環状×睦橋通り,R4/10,福生,A 武蔵野橋,3.多摩川,14,2,3,81,43,129,3
89,武蔵野橋南,東京環状×睦橋通り,R4/10,福生,A 武蔵野橋,3.多摩川,15,0,3,86,73,162,4
89,武蔵野橋南,東京環状×睦橋通り,R4/10,福生,A 武蔵野橋,3.多摩川,16,3,6,63,85,157,12
89,武蔵野橋南,東京環状×睦橋通り,R4/10,福生,A 武蔵野橋,3.多摩川,17,0,7,127,91,225,6
89,武蔵野橋南,東京環状×睦橋通り,R4/10,福生,A 武蔵野橋,3.多摩川,18,0,12,191,144,347,21
89,武蔵野橋南,東京環状×睦橋通り,R4/10,福生,A 武蔵野橋,3.多摩川,12時間計,16,131,1505,932,2584,116
89,武蔵野橋南,東京環状×睦橋通り,R4/10,福生,A 武蔵野橋,流入計,7,11,109,697,379,1196,41
89,武蔵野橋南,東京環状×睦橋通り,R4/10,福生,A 武蔵野橋,流入計,8,7,130,619,400,1156,38
89,武蔵野橋南,東京環状×睦橋通り,R4/10,福生,A 武蔵野橋,流入計,9,7,148,554,350,1059,23
89,武蔵野橋南,東京環状×睦橋通り,R4/10,福生,A 武蔵野橋,流入計,10,4,158,487,348,997,23
89,武蔵野橋南,東京環状×睦橋通り,R4/10,福生,A 武蔵野橋,流入計,11,2,157,496,306,961,27
89,武蔵野橋南,東京環状×睦橋通り,R4/10,福生,A 武蔵野橋,流入計,12,2,110,554,324,990,30
89,武蔵野橋南,東京環状×睦橋通り,R4/10,福生,A 武蔵野橋,流入計,13,5,144,528,315,992,20
89,武蔵野橋南,東京環状×睦橋通り,R4/10,福生,A 武蔵野橋,流入計,14,7,104,592,316,1019,15
89,武蔵野橋南,東京環状×睦橋通り,R4/10,福生,A 武蔵野橋,流入計,15,4,93,626,345,1068,21
89,武蔵野橋南,東京環状×睦橋通り,R4/10,福生,A 武蔵野橋,流入計,16,12,95,792,380,1279,53
89,武蔵野橋南,東京環状×睦橋通り,R4/10,福生,A 武蔵野橋,流入計,17,2,80,880,344,1306,58
89,武蔵野橋南,東京環状×睦橋通り,R4/10,福生,A 武蔵野橋,流入計,18,4,79,1105,366,1554,57
89,武蔵野橋南,東京環状×睦橋通り,R4/10,福生,A 武蔵野橋,流入計,12時間計,67,1407,7930,4173,13577,406
89,武蔵野橋南,東京環状×睦橋通り,R4/10,福生,B 多摩川,4.武蔵野橋,7,3,5,182,85,275,15
89,武蔵野橋南,東京環状×睦橋通り,R4/10,福生,B 多摩川,4.武蔵野橋,8,1,2,159,60,222,7
89,武蔵野橋南,東京環状×睦橋通り,R4/10,福生,B 多摩川,4.武蔵野橋,9,1,5,142,58,206,4
89,武蔵野橋南,東京環状×睦橋通り,R4/10,福生,B 多摩川,4.武蔵野橋,10,1,6,131,76,214,4
89,武蔵野橋南,東京環状×睦橋通り,R4/10,福生,B 多摩川,4.武蔵野橋,11,2,12,128,73,215,5
89,武蔵野橋南,東京環状×睦橋通り,R4/10,福生,B 多摩川,4.武蔵野橋,12,1,4,118,50,173,9
89,武蔵野橋南,東京環状×睦橋通り,R4/10,福生,B 多摩川,4.武蔵野橋,13,0,3,145,62,210,4
89,武蔵野橋南,東京環状×睦橋通り,R4/10,福生,B 多摩川,4.武蔵野橋,14,3,8,167,67,245,13
89,武蔵野橋南,東京環状×睦橋通り,R4/10,福生,B 多摩川,4.武蔵野橋,15,1,7,140,62,210,11
89,武蔵野橋南,東京環状×睦橋通り,R4/10,福生,B 多摩川,4.武蔵野橋,16,5,2,168,63,238,9
89,武蔵野橋南,東京環状×睦橋通り,R4/10,福生,B 多摩川,4.武蔵野橋,17,0,0,187,60,247,10
89,武蔵野橋南,東京環状×睦橋通り,R4/10,福生,B 多摩川,4.武蔵野橋,18,0,1,197,37,235,15
89,武蔵野橋南,東京環状×睦橋通り,R4/10,福生,B 多摩川,4.武蔵野橋,12時間計,18,55,1864,753,2690,106
89,武蔵野橋南,東京環状×睦橋通り,R4/10,福生,B 多摩川,5.拝島駅,7,15,1,189,33,238,25
89,武蔵野橋南,東京環状×睦橋通り,R4/10,福生,B 多摩川,5.拝島駅,8,9,0,139,29,177,6
89,武蔵野橋南,東京環状×睦橋通り,R4/10,福生,B 多摩川,5.拝島駅,9,9,0,250,18,277,5
89,武蔵野橋南,東京環状×睦橋通り,R4/10,福生,B 多摩川,5.拝島駅,10,7,1,110,29,147,2
89,武蔵野橋南,東京環状×睦橋通り,R4/10,福生,B 多摩川,5.拝島駅,11,8,2,155,32,197,5
89,武蔵野橋南,東京環状×睦橋通り,R4/10,福生,B 多摩川,5.拝島駅,12,8,1,154,31,194,5
89,武蔵野橋南,東京環状×睦橋通り,R4/10,福生,B 多摩川,5.拝島駅,13,5,0,143,11,159,2
89,武蔵野橋南,東京環状×睦橋通り,R4/10,福生,B 多摩川,5.拝島駅,14,6,0,147,28,181,5
89,武蔵野橋南,東京環状×睦橋通り,R4/10,福生,B 多摩川,5.拝島駅,15,10,0,202,19,231,3
89,武蔵野橋南,東京環状×睦橋通り,R4/10,福生,B 多摩川,5.拝島駅,16,15,0,175,11,201,6
89,武蔵野橋南,東京環状×睦橋通り,R4/10,福生,B 多摩川,5.拝島駅,17,17,0,190,20,227,9
89,武蔵野橋南,東京環状×睦橋通り,R4/10,福生,B 多摩川,5.拝島駅,18,14,1,175,29,219,6
89,武蔵野橋南,東京環状×睦橋通り,R4/10,福生,B 多摩川,5.拝島駅,12時間計,123,6,2029,290,2448,79
89,武蔵野橋南,東京環状×睦橋通り,R4/10,福生,B 多摩川,6.町田,7,0,0,32,4,36,1
89,武蔵野橋南,東京環状×睦橋通り,R4/10,福生,B 多摩川,6.町田,8,1,0,19,3,23,0
89,武蔵野橋南,東京環状×睦橋通り,R4/10,福生,B 多摩川,6.町田,9,0,0,7,1,8,0
89,武蔵野橋南,東京環状×睦橋通り,R4/10,福生,B 多摩川,6.町田,10,0,0,3,1,4,0
89,武蔵野橋南,東京環状×睦橋通り,R4/10,福生,B 多摩川,6.町田,11,0,0,4,1,5,1
89,武蔵野橋南,東京環状×睦橋通り,R4/10,福生,B 多摩川,6.町田,12,0,0,14,3,17,0
89,武蔵野橋南,東京環状×睦橋通り,R4/10,福生,B 多摩川,6.町田,13,0,0,8,3,11,1
89,武蔵野橋南,東京環状×睦橋通り,R4/10,福生,B 多摩川,6.町田,14,0,0,9,2,11,0
89,武蔵野橋南,東京環状×睦橋通り,R4/10,福生,B 多摩川,6.町田,15,0,0,11,5,16,0
89,武蔵野橋南,東京環状×睦橋通り,R4/10,福生,B 多摩川,6.町田,16,0,0,5,1,6,0
89,武蔵野橋南,東京環状×睦橋通り,R4/10,福生,B 多摩川,6.町田,17,0,0,15,4,19,0
89,武蔵野橋南,東京環状×睦橋通り,R4/10,福生,B 多摩川,6.町田,18,0,0,19,3,22,1
89,武蔵野橋南,東京環状×睦橋通り,R4/10,福生,B 多摩川,6.町田,12時間計,1,0,146,31,178,4
89,武蔵野橋南,東京環状×睦橋通り,R4/10,福生,B 多摩川,流入計,7,18,6,403,122,549,41
89,武蔵野橋南,東京環状×睦橋通り,R4/10,福生,B 多摩川,流入計,8,11,2,317,92,422,13
89,武蔵野橋南,東京環状×睦橋通り,R4/10,福生,B 多摩川,流入計,9,10,5,399,77,491,9
89,武蔵野橋南,東京環状×睦橋通り,R4/10,福生,B 多摩川,流入計,10,8,7,244,106,365,6
89,武蔵野橋南,東京環状×睦橋通り,R4/10,福生,B 多摩川,流入計,11,10,14,287,106,417,11
89,武蔵野橋南,東京環状×睦橋通り,R4/10,福生,B 多摩川,流入計,12,9,5,286,84,384,14
89,武蔵野橋南,東京環状×睦橋通り,R4/10,福生,B 多摩川,流入計,13,5,3,296,76,380,7
89,武蔵野橋南,東京環状×睦橋通り,R4/10,福生,B 多摩川,流入計,14,9,8,323,97,437,18
89,武蔵野橋南,東京環状×睦橋通り,R4/10,福生,B 多摩川,流入計,15,11,7,353,86,457,14
89,武蔵野橋南,東京環状×睦橋通り,R4/10,福生,B 多摩川,流入計,16,20,2,348,75,445,15
89,武蔵野橋南,東京環状×睦橋通り,R4/10,福生,B 多摩川,流入計,17,17,0,392,84,493,19
89,武蔵野橋南,東京環状×睦橋通り,R4/10,福生,B 多摩川,流入計,18,14,2,391,69,476,22
89,武蔵野橋南,東京環状×睦橋通り,R4/10,福生,B 多摩川,流入計,12時間計,142,61,4039,1074,5316,189
89,武蔵野橋南,東京環状×睦橋通り,R4/10,福生,C 町田,7.多摩川,7,1,0,14,6,21,9
89,武蔵野橋南,東京環状×睦橋通り,R4/10,福生,C 町田,7.多摩川,8,3,0,13,7,23,1
89,武蔵野橋南,東京環状×睦橋通り,R4/10,福生,C 町田,7.多摩川,9,0,0,28,9,37,0
89,武蔵野橋南,東京環状×睦橋通り,R4/10,福生,C 町田,7.多摩川,10,0,2,35,9,46,2
89,武蔵野橋南,東京環状×睦橋通り,R4/10,福生,C 町田,7.多摩川,11,1,3,29,8,41,1
89,武蔵野橋南,東京環状×睦橋通り,R4/10,福生,C 町田,7.多摩川,12,0,0,25,7,32,2
89,武蔵野橋南,東京環状×睦橋通り,R4/10,福生,C 町田,7.多摩川,13,0,0,19,3,22,1
89,武蔵野橋南,東京環状×睦橋通り,R4/10,福生,C 町田,7.多摩川,14,0,0,27,7,34,0
89,武蔵野橋南,東京環状×睦橋通り,R4/10,福生,C 町田,7.多摩川,15,0,0,34,10,44,0
89,武蔵野橋南,東京環状×睦橋通り,R4/10,福生,C 町田,7.多摩川,16,1,0,28,11,40,2
89,武蔵野橋南,東京環状×睦橋通り,R4/10,福生,C 町田,7.多摩川,17,0,1,33,10,44,2
89,武蔵野橋南,東京環状×睦橋通り,R4/10,福生,C 町田,7.多摩川,18,1,0,47,12,60,2
89,武蔵野橋南,東京環状×睦橋通り,R4/10,福生,C 町田,7.多摩川,12時間計,7,6,332,99,444,22
89,武蔵野橋南,東京環状×睦橋通り,R4/10,福生,C 町田,8.武蔵野橋,7,1,111,687,182,981,53
89,武蔵野橋南,東京環状×睦橋通り,R4/10,福生,C 町田,8.武蔵野橋,8,5,101,625,295,1026,39
89,武蔵野橋南,東京環状×睦橋通り,R4/10,福生,C 町田,8.武蔵野橋,9,8,112,416,318,854,11
89,武蔵野橋南,東京環状×睦橋通り,R4/10,福生,C 町田,8.武蔵野橋,10,3,183,381,355,922,15
89,武蔵野橋南,東京環状×睦橋通り,R4/10,福生,C 町田,8.武蔵野橋,11,5,184,337,314,840,10
89,武蔵野橋南,東京環状×睦橋通り,R4/10,福生,C 町田,8.武蔵野橋,12,3,151,325,313,792,8
89,武蔵野橋南,東京環状×睦橋通り,R4/10,福生,C 町田,8.武蔵野橋,13,6,147,367,245,765,16
89,武蔵野橋南,東京環状×睦橋通り,R4/10,福生,C 町田,8.武蔵野橋,14,10,126,386,333,855,14
89,武蔵野橋南,東京環状×睦橋通り,R4/10,福生,C 町田,8.武蔵野橋,15,8,123,362,289,782,18
89,武蔵野橋南,東京環状×睦橋通り,R4/10,福生,C 町田,8.武蔵野橋,16,0,107,481,386,974,20
89,武蔵野橋南,東京環状×睦橋通り,R4/10,福生,C 町田,8.武蔵野橋,17,9,94,485,267,855,35
89,武蔵野橋南,東京環状×睦橋通り,R4/10,福生,C 町田,8.武蔵野橋,18,7,51,619,296,973,94
89,武蔵野橋南,東京環状×睦橋通り,R4/10,福生,C 町田,8.武蔵野橋,12時間計,65,1490,5471,3593,10619,333
89,武蔵野橋南,東京環状×睦橋通り,R4/10,福生,C 町田,9.拝島駅,7,11,1,17,5,34,0
89,武蔵野橋南,東京環状×睦橋通り,R4/10,福生,C 町田,9.拝島駅,8,6,0,17,3,26,1
89,武蔵野橋南,東京環状×睦橋通り,R4/10,福生,C 町田,9.拝島駅,9,3,0,21,6,30,0
89,武蔵野橋南,東京環状×睦橋通り,R4/10,福生,C 町田,9.拝島駅,10,1,1,15,4,21,0
89,武蔵野橋南,東京環状×睦橋通り,R4/10,福生,C 町田,9.拝島駅,11,4,0,20,5,29,1
89,武蔵野橋南,東京環状×睦橋通り,R4/10,福生,C 町田,9.拝島駅,12,5,0,16,3,24,1
89,武蔵野橋南,東京環状×睦橋通り,R4/10,福生,C 町田,9.拝島駅,13,2,0,14,6,22,0
89,武蔵野橋南,東京環状×睦橋通り,R4/10,福生,C 町田,9.拝島駅,14,3,1,23,3,30,1
89,武蔵野橋南,東京環状×睦橋通り,R4/10,福生,C 町田,9.拝島駅,15,2,0,28,1,31,0
89,武蔵野橋南,東京環状×睦橋通り,R4/10,福生,C 町田,9.拝島駅,16,5,0,37,5,47,1
89,武蔵野橋南,東京環状×睦橋通り,R4/10,福生,C 町田,9.拝島駅,17,2,0,26,3,31,1
89,武蔵野橋南,東京環状×睦橋通り,R4/10,福生,C 町田,9.拝島駅,18,1,0,26,7,34,2
89,武蔵野橋南,東京環状×睦橋通り,R4/10,福生,C 町田,9.拝島駅,12時間計,45,3,260,51,359,8
89,武蔵野橋南,東京環状×睦橋通り,R4/10,福生,C 町田,流入計,7,13,112,718,193,1036,62
89,武蔵野橋南,東京環状×睦橋通り,R4/10,福生,C 町田,流入計,8,14,101,655,305,1075,41
89,武蔵野橋南,東京環状×睦橋通り,R4/10,福生,C 町田,流入計,9,11,112,465,333,921,11
89,武蔵野橋南,東京環状×睦橋通り,R4/10,福生,C 町田,流入計,10,4,186,431,368,989,17
89,武蔵野橋南,東京環状×睦橋通り,R4/10,福生,C 町田,流入計,11,10,187,386,327,910,12
89,武蔵野橋南,東京環状×睦橋通り,R4/10,福生,C 町田,流入計,12,8,151,366,323,848,11
89,武蔵野橋南,東京環状×睦橋通り,R4/10,福生,C 町田,流入計,13,8,147,400,254,809,17
89,武蔵野橋南,東京環状×睦橋通り,R4/10,福生,C 町田,流入計,14,13,127,436,343,919,15
89,武蔵野橋南,東京環状×睦橋通り,R4/10,福生,C 町田,流入計,15,10,123,424,300,857,18
89,武蔵野橋南,東京環状×睦橋通り,R4/10,福生,C 町田,流入計,16,6,107,546,402,1061,23
89,武蔵野橋南,東京環状×睦橋通り,R4/10,福生,C 町田,流入計,17,11,95,544,280,930,38
89,武蔵野橋南,東京環状×睦橋通り,R4/10,福生,C 町田,流入計,18,9,51,692,315,1067,98
89,武蔵野橋南,東京環状×睦橋通り,R4/10,福生,C 町田,流入計,12時間計,117,1499,6063,3743,11422,363
89,武蔵野橋南,東京環状×睦橋通り,R4/10,福生,D 拝島駅,10.町田,7,4,1,21,2,28,0
89,武蔵野橋南,東京環状×睦橋通り,R4/10,福生,D 拝島駅,10.町田,8,8,0,15,6,29,0
89,武蔵野橋南,東京環状×睦橋通り,R4/10,福生,D 拝島駅,10.町田,9,3,0,10,10,23,0
89,武蔵野橋南,東京環状×睦橋通り,R4/10,福生,D 拝島駅,10.町田,10,1,0,7,7,15,0
89,武蔵野橋南,東京環状×睦橋通り,R4/10,福生,D 拝島駅,10.町田,11,3,1,10,4,18,1
89,武蔵野橋南,東京環状×睦橋通り,R4/10,福生,D 拝島駅,10.町田,12,3,0,13,2,18,0
89,武蔵野橋南,東京環状×睦橋通り,R4/10,福生,D 拝島駅,10.町田,13,1,0,15,2,18,2
89,武蔵野橋南,東京環状×睦橋通り,R4/10,福生,D 拝島駅,10.町田,14,3,0,18,2,23,1
89,武蔵野橋南,東京環状×睦橋通り,R4/10,福生,D 拝島駅,10.町田,15,1,1,20,8,30,0
89,武蔵野橋南,東京環状×睦橋通り,R4/10,福生,D 拝島駅,10.町田,16,4,0,11,3,18,3
89,武蔵野橋南,東京環状×睦橋通り,R4/10,福生,D 拝島駅,10.町田,17,2,0,12,7,21,0
89,武蔵野橋南,東京環状×睦橋通り,R4/10,福生,D 拝島駅,10.町田,18,1,1,24,0,26,1
89,武蔵野橋南,東京環状×睦橋通り,R4/10,福生,D 拝島駅,10.町田,12時間計,34,4,176,53,267,8
89,武蔵野橋南,東京環状×睦橋通り,R4/10,福生,D 拝島駅,11.多摩川,7,18,0,135,30,183,11
89,武蔵野橋南,東京環状×睦橋通り,R4/10,福生,D 拝島駅,11.多摩川,8,17,0,94,20,131,5
89,武蔵野橋南,東京環状×睦橋通り,R4/10,福生,D 拝島駅,11.多摩川,9,14,4,111,41,170,3
89,武蔵野橋南,東京環状×睦橋通り,R4/10,福生,D 拝島駅,11.多摩川,10,10,4,137,32,183,3
89,武蔵野橋南,東京環状×睦橋通り,R4/10,福生,D 拝島駅,11.多摩川,11,7,0,174,34,215,4
89,武蔵野橋南,東京環状×睦橋通り,R4/10,福生,D 拝島駅,11.多摩川,12,9,1,163,35,208,4
89,武蔵野橋南,東京環状×睦橋通り,R4/10,福生,D 拝島駅,11.多摩川,13,8,7,164,37,216,3
89,武蔵野橋南,東京環状×睦橋通り,R4/10,福生,D 拝島駅,11.多摩川,14,9,2,149,37,197,6
89,武蔵野橋南,東京環状×睦橋通り,R4/10,福生,D 拝島駅,11.多摩川,15,10,1,154,35,200,3
89,武蔵野橋南,東京環状×睦橋通り,R4/10,福生,D 拝島駅,11.多摩川,16,16,2,181,34,233,2
89,武蔵野橋南,東京環状×睦橋通り,R4/10,福生,D 拝島駅,11.多摩川,17,16,3,174,29,222,7
89,武蔵野橋南,東京環状×睦橋通り,R4/10,福生,D 拝島駅,11.多摩川,18,13,1,167,31,212,10
89,武蔵野橋南,東京環状×睦橋通り,R4/10,福生,D 拝島駅,11.多摩川,12時間計,147,25,1803,395,2370,61
89,武蔵野橋南,東京環状×睦橋通り,R4/10,福生,D 拝島駅,12.武蔵野橋,7,1,6,76,26,109,5
89,武蔵野橋南,東京環状×睦橋通り,R4/10,福生,D 拝島駅,12.武蔵野橋,8,0,4,77,27,108,4
89,武蔵野橋南,東京環状×睦橋通り,R4/10,福生,D 拝島駅,12.武蔵野橋,9,0,6,66,45,117,1
89,武蔵野橋南,東京環状×睦橋通り,R4/10,福生,D 拝島駅,12.武蔵野橋,10,0,7,68,35,110,1
89,武蔵野橋南,東京環状×睦橋通り,R4/10,福生,D 拝島駅,12.武蔵野橋,11,0,6,73,27,106,1
89,武蔵野橋南,東京環状×睦橋通り,R4/10,福生,D 拝島駅,12.武蔵野橋,12,0,2,68,33,103,1
89,武蔵野橋南,東京環状×睦橋通り,R4/10,福生,D 拝島駅,12.武蔵野橋,13,2,4,65,29,100,2
89,武蔵野橋南,東京環状×睦橋通り,R4/10,福生,D 拝島駅,12.武蔵野橋,14,3,5,65,31,104,2
89,武蔵野橋南,東京環状×睦橋通り,R4/10,福生,D 拝島駅,12.武蔵野橋,15,1,5,57,32,95,2
89,武蔵野橋南,東京環状×睦橋通り,R4/10,福生,D 拝島駅,12.武蔵野橋,16,2,6,79,16,103,1
89,武蔵野橋南,東京環状×睦橋通り,R4/10,福生,D 拝島駅,12.武蔵野橋,17,0,4,81,18,103,7
89,武蔵野橋南,東京環状×睦橋通り,R4/10,福生,D 拝島駅,12.武蔵野橋,18,1,4,100,14,119,3
89,武蔵野橋南,東京環状×睦橋通り,R4/10,福生,D 拝島駅,12.武蔵野橋,12時間計,10,59,875,333,1277,30
89,武蔵野橋南,東京環状×睦橋通り,R4/10,福生,D 拝島駅,流入計,7,23,7,232,58,320,16
89,武蔵野橋南,東京環状×睦橋通り,R4/10,福生,D 拝島駅,流入計,8,25,4,186,53,268,9
89,武蔵野橋南,東京環状×睦橋通り,R4/10,福生,D 拝島駅,流入計,9,17,10,187,96,310,4
89,武蔵野橋南,東京環状×睦橋通り,R4/10,福生,D 拝島駅,流入計,10,11,11,212,74,308,4
89,武蔵野橋南,東京環状×睦橋通り,R4/10,福生,D 拝島駅,流入計,11,10,7,257,65,339,6
89,武蔵野橋南,東京環状×睦橋通り,R4/10,福生,D 拝島駅,流入計,12,12,3,244,70,329,5
89,武蔵野橋南,東京環状×睦橋通り,R4/10,福生,D 拝島駅,流入計,13,11,11,244,68,334,7
89,武蔵野橋南,東京環状×睦橋通り,R4/10,福生,D 拝島駅,流入計,14,15,7,232,70,324,9
89,武蔵野橋南,東京環状×睦橋通り,R4/10,福生,D 拝島駅,流入計,15,12,7,231,75,325,5
89,武蔵野橋南,東京環状×睦橋通り,R4/10,福生,D 拝島駅,流入計,16,22,8,271,53,354,6
89,武蔵野橋南,東京環状×睦橋通り,R4/10,福生,D 拝島駅,流入計,17,18,7,267,54,346,14
89,武蔵野橋南,東京環状×睦橋通り,R4/10,福生,D 拝島駅,流入計,18,15,6,291,45,357,14
89,武蔵野橋南,東京環状×睦橋通り,R4/10,福生,D 拝島駅,流入計,12時間計,191,88,2854,781,3914,99
