﻿地点番号,地点名,交差道路名,調査年月,管轄警察署,流出方向,時間帯等,大型乗用,大型貨物,普通乗用,普通貨物,四輪計,二輪車
89,武蔵野橋南,東京環状×睦橋通り,R4/10,福生,A 武蔵野橋,7,5,122,945,293,1365,73
89,武蔵野橋南,東京環状×睦橋通り,R4/10,福生,A 武蔵野橋,8,6,107,861,382,1356,50
89,武蔵野橋南,東京環状×睦橋通り,R4/10,福生,A 武蔵野橋,9,9,123,624,421,1177,16
89,武蔵野橋南,東京環状×睦橋通り,R4/10,福生,A 武蔵野橋,10,4,196,580,466,1246,20
89,武蔵野橋南,東京環状×睦橋通り,R4/10,福生,A 武蔵野橋,11,7,202,538,414,1161,16
89,武蔵野橋南,東京環状×睦橋通り,R4/10,福生,A 武蔵野橋,12,4,157,511,396,1068,18
89,武蔵野橋南,東京環状×睦橋通り,R4/10,福生,A 武蔵野橋,13,8,154,577,336,1075,22
89,武蔵野橋南,東京環状×睦橋通り,R4/10,福生,A 武蔵野橋,14,16,139,618,431,1204,29
89,武蔵野橋南,東京環状×睦橋通り,R4/10,福生,A 武蔵野橋,15,10,135,559,383,1087,31
89,武蔵野橋南,東京環状×睦橋通り,R4/10,福生,A 武蔵野橋,16,7,115,728,465,1315,30
89,武蔵野橋南,東京環状×睦橋通り,R4/10,福生,A 武蔵野橋,17,9,98,753,345,1205,52
89,武蔵野橋南,東京環状×睦橋通り,R4/10,福生,A 武蔵野橋,18,8,56,916,347,1327,112
89,武蔵野橋南,東京環状×睦橋通り,R4/10,福生,A 武蔵野橋,12時間計,93,1604,8210,4679,14586,469
89,武蔵野橋南,東京環状×睦橋通り,R4/10,福生,B 多摩川,7,24,14,271,136,445,26
89,武蔵野橋南,東京環状×睦橋通り,R4/10,福生,B 多摩川,8,23,17,266,119,425,14
89,武蔵野橋南,東京環状×睦橋通り,R4/10,福生,B 多摩川,9,16,19,264,90,389,13
89,武蔵野橋南,東京環状×睦橋通り,R4/10,福生,B 多摩川,10,10,23,335,113,481,18
89,武蔵野橋南,東京環状×睦橋通り,R4/10,福生,B 多摩川,11,8,18,348,83,457,16
89,武蔵野橋南,東京環状×睦橋通り,R4/10,福生,B 多摩川,12,9,11,302,131,453,18
89,武蔵野橋南,東京環状×睦橋通り,R4/10,福生,B 多摩川,13,9,19,312,102,442,14
89,武蔵野橋南,東京環状×睦橋通り,R4/10,福生,B 多摩川,14,11,5,257,87,360,9
89,武蔵野橋南,東京環状×睦橋通り,R4/10,福生,B 多摩川,15,10,4,274,118,406,7
89,武蔵野橋南,東京環状×睦橋通り,R4/10,福生,B 多摩川,16,20,8,272,130,430,16
89,武蔵野橋南,東京環状×睦橋通り,R4/10,福生,B 多摩川,17,16,11,334,130,491,15
89,武蔵野橋南,東京環状×睦橋通り,R4/10,福生,B 多摩川,18,14,13,405,187,619,33
89,武蔵野橋南,東京環状×睦橋通り,R4/10,福生,B 多摩川,12時間計,170,162,3640,1426,5398,199
89,武蔵野橋南,東京環状×睦橋通り,R4/10,福生,C 町田,7,5,96,567,258,926,30
89,武蔵野橋南,東京環状×睦橋通り,R4/10,福生,C 町田,8,11,113,436,292,852,27
89,武蔵野橋南,東京環状×睦橋通り,R4/10,福生,C 町田,9,7,131,357,297,792,11
89,武蔵野橋南,東京環状×睦橋通り,R4/10,福生,C 町田,10,3,140,258,260,661,8
89,武蔵野橋南,東京環状×睦橋通り,R4/10,福生,C 町田,11,4,142,312,237,695,16
89,武蔵野橋南,東京環状×睦橋通り,R4/10,福生,C 町田,12,4,100,413,216,733,14
89,武蔵野橋南,東京環状×睦橋通り,R4/10,福生,C 町田,13,4,130,381,238,753,13
89,武蔵野橋南,東京環状×睦橋通り,R4/10,福生,C 町田,14,6,100,466,261,833,11
89,武蔵野橋南,東京環状×睦橋通り,R4/10,福生,C 町田,15,3,91,478,266,838,15
89,武蔵野橋南,東京環状×睦橋通り,R4/10,福生,C 町田,16,9,87,606,287,989,35
89,武蔵野橋南,東京環状×睦橋通り,R4/10,福生,C 町田,17,2,71,653,236,962,46
89,武蔵野橋南,東京環状×睦橋通り,R4/10,福生,C 町田,18,3,67,815,199,1084,33
89,武蔵野橋南,東京環状×睦橋通り,R4/10,福生,C 町田,12時間計,61,1268,5742,3047,10118,259
89,武蔵野橋南,東京環状×睦橋通り,R4/10,福生,D 拝島駅,7,31,2,267,65,365,31
89,武蔵野橋南,東京環状×睦橋通り,R4/10,福生,D 拝島駅,8,17,0,214,57,288,10
89,武蔵野橋南,東京環状×睦橋通り,R4/10,福生,D 拝島駅,9,13,2,360,48,423,7
89,武蔵野橋南,東京環状×睦橋通り,R4/10,福生,D 拝島駅,10,10,3,201,57,271,4
89,武蔵野橋南,東京環状×睦橋通り,R4/10,福生,D 拝島駅,11,13,3,228,70,314,8
89,武蔵野橋南,東京環状×睦橋通り,R4/10,福生,D 拝島駅,12,14,1,224,58,297,10
89,武蔵野橋南,東京環状×睦橋通り,R4/10,福生,D 拝島駅,13,8,2,198,37,245,2
89,武蔵野橋南,東京環状×睦橋通り,R4/10,福生,D 拝島駅,14,11,2,242,47,302,8
89,武蔵野橋南,東京環状×睦橋通り,R4/10,福生,D 拝島駅,15,14,0,323,39,376,5
89,武蔵野橋南,東京環状×睦橋通り,R4/10,福生,D 拝島駅,16,24,2,351,28,405,16
89,武蔵野橋南,東京環状×睦橋通り,R4/10,福生,D 拝島駅,17,21,2,343,51,417,16
89,武蔵野橋南,東京環状×睦橋通り,R4/10,福生,D 拝島駅,18,17,2,343,62,424,13
89,武蔵野橋南,東京環状×睦橋通り,R4/10,福生,D 拝島駅,12時間計,193,21,3294,619,4127,130
89,武蔵野橋南,東京環状×睦橋通り,R4/10,福生,全方向合計,7,65,234,2050,752,3101,160
89,武蔵野橋南,東京環状×睦橋通り,R4/10,福生,全方向合計,8,57,237,1777,850,2921,101
89,武蔵野橋南,東京環状×睦橋通り,R4/10,福生,全方向合計,9,45,275,1605,856,2781,47
89,武蔵野橋南,東京環状×睦橋通り,R4/10,福生,全方向合計,10,27,362,1374,896,2659,50
89,武蔵野橋南,東京環状×睦橋通り,R4/10,福生,全方向合計,11,32,365,1426,804,2627,56
89,武蔵野橋南,東京環状×睦橋通り,R4/10,福生,全方向合計,12,31,269,1450,801,2551,60
89,武蔵野橋南,東京環状×睦橋通り,R4/10,福生,全方向合計,13,29,305,1468,713,2515,51
89,武蔵野橋南,東京環状×睦橋通り,R4/10,福生,全方向合計,14,44,246,1583,826,2699,57
89,武蔵野橋南,東京環状×睦橋通り,R4/10,福生,全方向合計,15,37,230,1634,806,2707,58
89,武蔵野橋南,東京環状×睦橋通り,R4/10,福生,全方向合計,16,60,212,1957,910,3139,97
89,武蔵野橋南,東京環状×睦橋通り,R4/10,福生,全方向合計,17,48,182,2083,762,3075,129
89,武蔵野橋南,東京環状×睦橋通り,R4/10,福生,全方向合計,18,42,138,2479,795,3454,191
89,武蔵野橋南,東京環状×睦橋通り,R4/10,福生,全方向合計,12時間計,517,3055,20886,9771,34229,1057
