﻿地点番号,地点名,交差道路名,調査年月,管轄警察署,流出方向,時間帯等,大型乗用,大型貨物,普通乗用,普通貨物,四輪計,二輪車
19,池袋六ツ又,明治通り×春日通り,R4/11,池袋,A 板橋,7,13,14,375,369,771,69
19,池袋六ツ又,明治通り×春日通り,R4/11,池袋,A 板橋,8,10,19,460,520,1009,55
19,池袋六ツ又,明治通り×春日通り,R4/11,池袋,A 板橋,9,11,26,547,611,1195,64
19,池袋六ツ又,明治通り×春日通り,R4/11,池袋,A 板橋,10,9,34,579,640,1262,107
19,池袋六ツ又,明治通り×春日通り,R4/11,池袋,A 板橋,11,11,27,631,681,1350,106
19,池袋六ツ又,明治通り×春日通り,R4/11,池袋,A 板橋,12,12,20,668,564,1264,94
19,池袋六ツ又,明治通り×春日通り,R4/11,池袋,A 板橋,13,9,18,686,608,1321,114
19,池袋六ツ又,明治通り×春日通り,R4/11,池袋,A 板橋,14,11,21,797,593,1422,119
19,池袋六ツ又,明治通り×春日通り,R4/11,池袋,A 板橋,15,9,17,778,564,1368,125
19,池袋六ツ又,明治通り×春日通り,R4/11,池袋,A 板橋,16,8,11,864,582,1465,120
19,池袋六ツ又,明治通り×春日通り,R4/11,池袋,A 板橋,17,12,8,980,577,1577,195
19,池袋六ツ又,明治通り×春日通り,R4/11,池袋,A 板橋,18,10,6,1010,432,1458,145
19,池袋六ツ又,明治通り×春日通り,R4/11,池袋,A 板橋,12時間計,125,221,8375,6741,15462,1313
19,池袋六ツ又,明治通り×春日通り,R4/11,池袋,B 池袋水天宮,7,0,0,3,11,14,0
19,池袋六ツ又,明治通り×春日通り,R4/11,池袋,B 池袋水天宮,8,0,0,12,12,24,1
19,池袋六ツ又,明治通り×春日通り,R4/11,池袋,B 池袋水天宮,9,0,0,16,13,29,2
19,池袋六ツ又,明治通り×春日通り,R4/11,池袋,B 池袋水天宮,10,0,0,17,18,35,2
19,池袋六ツ又,明治通り×春日通り,R4/11,池袋,B 池袋水天宮,11,0,0,13,9,22,6
19,池袋六ツ又,明治通り×春日通り,R4/11,池袋,B 池袋水天宮,12,0,0,18,20,38,6
19,池袋六ツ又,明治通り×春日通り,R4/11,池袋,B 池袋水天宮,13,0,0,15,13,28,5
19,池袋六ツ又,明治通り×春日通り,R4/11,池袋,B 池袋水天宮,14,0,0,12,10,22,3
19,池袋六ツ又,明治通り×春日通り,R4/11,池袋,B 池袋水天宮,15,0,0,16,18,34,3
19,池袋六ツ又,明治通り×春日通り,R4/11,池袋,B 池袋水天宮,16,0,0,11,6,17,2
19,池袋六ツ又,明治通り×春日通り,R4/11,池袋,B 池袋水天宮,17,0,0,8,5,13,3
19,池袋六ツ又,明治通り×春日通り,R4/11,池袋,B 池袋水天宮,18,0,0,14,2,16,3
19,池袋六ツ又,明治通り×春日通り,R4/11,池袋,B 池袋水天宮,12時間計,0,0,155,137,292,36
19,池袋六ツ又,明治通り×春日通り,R4/11,池袋,C 池袋駅,7,40,18,272,257,587,46
19,池袋六ツ又,明治通り×春日通り,R4/11,池袋,C 池袋駅,8,38,21,273,285,617,43
19,池袋六ツ又,明治通り×春日通り,R4/11,池袋,C 池袋駅,9,27,9,342,242,620,57
19,池袋六ツ又,明治通り×春日通り,R4/11,池袋,C 池袋駅,10,34,15,376,219,644,52
19,池袋六ツ又,明治通り×春日通り,R4/11,池袋,C 池袋駅,11,28,9,343,218,598,65
19,池袋六ツ又,明治通り×春日通り,R4/11,池袋,C 池袋駅,12,33,21,404,192,650,72
19,池袋六ツ又,明治通り×春日通り,R4/11,池袋,C 池袋駅,13,28,10,350,195,583,70
19,池袋六ツ又,明治通り×春日通り,R4/11,池袋,C 池袋駅,14,36,10,383,200,629,70
19,池袋六ツ又,明治通り×春日通り,R4/11,池袋,C 池袋駅,15,25,1,379,172,577,65
19,池袋六ツ又,明治通り×春日通り,R4/11,池袋,C 池袋駅,16,37,0,389,181,607,74
19,池袋六ツ又,明治通り×春日通り,R4/11,池袋,C 池袋駅,17,29,1,381,110,521,71
19,池袋六ツ又,明治通り×春日通り,R4/11,池袋,C 池袋駅,18,31,14,349,92,486,61
19,池袋六ツ又,明治通り×春日通り,R4/11,池袋,C 池袋駅,12時間計,386,129,4241,2363,7119,746
19,池袋六ツ又,明治通り×春日通り,R4/11,池袋,D 護国寺,7,12,12,313,329,666,66
19,池袋六ツ又,明治通り×春日通り,R4/11,池袋,D 護国寺,8,13,15,368,315,711,46
19,池袋六ツ又,明治通り×春日通り,R4/11,池袋,D 護国寺,9,14,22,340,282,658,51
19,池袋六ツ又,明治通り×春日通り,R4/11,池袋,D 護国寺,10,11,21,374,251,657,35
19,池袋六ツ又,明治通り×春日通り,R4/11,池袋,D 護国寺,11,8,7,304,236,555,44
19,池袋六ツ又,明治通り×春日通り,R4/11,池袋,D 護国寺,12,12,17,315,201,545,49
19,池袋六ツ又,明治通り×春日通り,R4/11,池袋,D 護国寺,13,11,10,301,204,526,37
19,池袋六ツ又,明治通り×春日通り,R4/11,池袋,D 護国寺,14,6,2,310,177,495,38
19,池袋六ツ又,明治通り×春日通り,R4/11,池袋,D 護国寺,15,14,20,321,152,507,31
19,池袋六ツ又,明治通り×春日通り,R4/11,池袋,D 護国寺,16,8,21,342,162,533,37
19,池袋六ツ又,明治通り×春日通り,R4/11,池袋,D 護国寺,17,11,1,314,124,450,38
19,池袋六ツ又,明治通り×春日通り,R4/11,池袋,D 護国寺,18,10,2,286,74,372,41
19,池袋六ツ又,明治通り×春日通り,R4/11,池袋,D 護国寺,12時間計,130,150,3888,2507,6675,513
19,池袋六ツ又,明治通り×春日通り,R4/11,池袋,E 大塚辻町,7,3,33,446,411,893,118
19,池袋六ツ又,明治通り×春日通り,R4/11,池袋,E 大塚辻町,8,5,13,483,378,879,92
19,池袋六ツ又,明治通り×春日通り,R4/11,池袋,E 大塚辻町,9,3,18,498,411,930,65
19,池袋六ツ又,明治通り×春日通り,R4/11,池袋,E 大塚辻町,10,0,27,430,421,878,62
19,池袋六ツ又,明治通り×春日通り,R4/11,池袋,E 大塚辻町,11,0,18,429,318,765,60
19,池袋六ツ又,明治通り×春日通り,R4/11,池袋,E 大塚辻町,12,0,14,459,312,785,83
19,池袋六ツ又,明治通り×春日通り,R4/11,池袋,E 大塚辻町,13,0,22,474,309,805,75
19,池袋六ツ又,明治通り×春日通り,R4/11,池袋,E 大塚辻町,14,0,15,442,328,785,62
19,池袋六ツ又,明治通り×春日通り,R4/11,池袋,E 大塚辻町,15,1,12,411,320,744,55
19,池袋六ツ又,明治通り×春日通り,R4/11,池袋,E 大塚辻町,16,3,1,438,268,710,72
19,池袋六ツ又,明治通り×春日通り,R4/11,池袋,E 大塚辻町,17,6,6,512,229,753,92
19,池袋六ツ又,明治通り×春日通り,R4/11,池袋,E 大塚辻町,18,1,6,479,133,619,70
19,池袋六ツ又,明治通り×春日通り,R4/11,池袋,E 大塚辻町,12時間計,22,185,5501,3838,9546,906
19,池袋六ツ又,明治通り×春日通り,R4/11,池袋,F 王子,7,26,3,194,194,417,20
19,池袋六ツ又,明治通り×春日通り,R4/11,池袋,F 王子,8,34,6,295,295,630,24
19,池袋六ツ又,明治通り×春日通り,R4/11,池袋,F 王子,9,27,13,344,344,728,50
19,池袋六ツ又,明治通り×春日通り,R4/11,池袋,F 王子,10,32,15,361,361,769,35
19,池袋六ツ又,明治通り×春日通り,R4/11,池袋,F 王子,11,29,13,347,347,736,52
19,池袋六ツ又,明治通り×春日通り,R4/11,池袋,F 王子,12,21,9,238,238,506,54
19,池袋六ツ又,明治通り×春日通り,R4/11,池袋,F 王子,13,29,6,315,315,665,71
19,池袋六ツ又,明治通り×春日通り,R4/11,池袋,F 王子,14,28,7,277,277,589,73
19,池袋六ツ又,明治通り×春日通り,R4/11,池袋,F 王子,15,27,4,269,269,569,86
19,池袋六ツ又,明治通り×春日通り,R4/11,池袋,F 王子,16,32,2,262,262,558,91
19,池袋六ツ又,明治通り×春日通り,R4/11,池袋,F 王子,17,30,1,269,269,569,116
19,池袋六ツ又,明治通り×春日通り,R4/11,池袋,F 王子,18,28,1,135,135,299,90
19,池袋六ツ又,明治通り×春日通り,R4/11,池袋,F 王子,12時間計,343,80,3306,3306,7035,762
19,池袋六ツ又,明治通り×春日通り,R4/11,池袋,全方向合計,7,94,80,1638,1571,3383,319
19,池袋六ツ又,明治通り×春日通り,R4/11,池袋,全方向合計,8,100,74,1883,1805,3862,261
19,池袋六ツ又,明治通り×春日通り,R4/11,池袋,全方向合計,9,82,88,2034,1903,4107,289
19,池袋六ツ又,明治通り×春日通り,R4/11,池袋,全方向合計,10,86,112,2072,1910,4180,293
19,池袋六ツ又,明治通り×春日通り,R4/11,池袋,全方向合計,11,76,74,2050,1809,4009,333
19,池袋六ツ又,明治通り×春日通り,R4/11,池袋,全方向合計,12,78,81,2179,1527,3865,358
19,池袋六ツ又,明治通り×春日通り,R4/11,池袋,全方向合計,13,77,66,2227,1644,4014,372
19,池袋六ツ又,明治通り×春日通り,R4/11,池袋,全方向合計,14,81,55,2436,1585,4157,365
19,池袋六ツ又,明治通り×春日通り,R4/11,池袋,全方向合計,15,76,54,2380,1495,4005,365
19,池袋六ツ又,明治通り×春日通り,R4/11,池袋,全方向合計,16,88,35,2509,1461,4093,396
19,池袋六ツ又,明治通り×春日通り,R4/11,池袋,全方向合計,17,88,17,2711,1314,4130,515
19,池袋六ツ又,明治通り×春日通り,R4/11,池袋,全方向合計,18,80,29,2628,868,3605,410
19,池袋六ツ又,明治通り×春日通り,R4/11,池袋,全方向合計,12時間計,1006,765,26747,18892,47410,4276
