﻿地点番号,地点名,交差道路名,調査年月,管轄警察署,流入方向,流出方向,時間帯等,大型乗用,大型貨物,普通乗用,普通貨物,四輪計,二輪車
18,高戸橋,明治通り×新目白通り,R4/11,戸塚,A 池袋,1.飯田橋,7,1,1,67,24,93,0
18,高戸橋,明治通り×新目白通り,R4/11,戸塚,A 池袋,1.飯田橋,8,1,2,103,36,142,1
18,高戸橋,明治通り×新目白通り,R4/11,戸塚,A 池袋,1.飯田橋,9,3,4,58,34,99,7
18,高戸橋,明治通り×新目白通り,R4/11,戸塚,A 池袋,1.飯田橋,10,1,3,55,27,86,2
18,高戸橋,明治通り×新目白通り,R4/11,戸塚,A 池袋,1.飯田橋,11,2,3,45,37,87,4
18,高戸橋,明治通り×新目白通り,R4/11,戸塚,A 池袋,1.飯田橋,12,0,1,51,34,86,7
18,高戸橋,明治通り×新目白通り,R4/11,戸塚,A 池袋,1.飯田橋,13,1,0,47,26,74,6
18,高戸橋,明治通り×新目白通り,R4/11,戸塚,A 池袋,1.飯田橋,14,1,0,51,30,82,9
18,高戸橋,明治通り×新目白通り,R4/11,戸塚,A 池袋,1.飯田橋,15,0,0,41,24,65,5
18,高戸橋,明治通り×新目白通り,R4/11,戸塚,A 池袋,1.飯田橋,16,0,0,48,15,63,5
18,高戸橋,明治通り×新目白通り,R4/11,戸塚,A 池袋,1.飯田橋,17,1,0,47,19,67,5
18,高戸橋,明治通り×新目白通り,R4/11,戸塚,A 池袋,1.飯田橋,18,0,0,47,5,52,7
18,高戸橋,明治通り×新目白通り,R4/11,戸塚,A 池袋,1.飯田橋,12時間計,11,14,660,311,996,58
18,高戸橋,明治通り×新目白通り,R4/11,戸塚,A 池袋,2.新宿,7,13,5,343,357,718,48
18,高戸橋,明治通り×新目白通り,R4/11,戸塚,A 池袋,2.新宿,8,11,1,282,272,566,52
18,高戸橋,明治通り×新目白通り,R4/11,戸塚,A 池袋,2.新宿,9,12,2,377,274,665,67
18,高戸橋,明治通り×新目白通り,R4/11,戸塚,A 池袋,2.新宿,10,7,2,555,216,780,53
18,高戸橋,明治通り×新目白通り,R4/11,戸塚,A 池袋,2.新宿,11,8,4,636,248,896,46
18,高戸橋,明治通り×新目白通り,R4/11,戸塚,A 池袋,2.新宿,12,8,3,407,193,611,67
18,高戸橋,明治通り×新目白通り,R4/11,戸塚,A 池袋,2.新宿,13,8,3,365,180,556,48
18,高戸橋,明治通り×新目白通り,R4/11,戸塚,A 池袋,2.新宿,14,13,1,387,214,615,62
18,高戸橋,明治通り×新目白通り,R4/11,戸塚,A 池袋,2.新宿,15,7,1,415,170,593,59
18,高戸橋,明治通り×新目白通り,R4/11,戸塚,A 池袋,2.新宿,16,11,1,601,172,785,46
18,高戸橋,明治通り×新目白通り,R4/11,戸塚,A 池袋,2.新宿,17,5,2,703,162,872,57
18,高戸橋,明治通り×新目白通り,R4/11,戸塚,A 池袋,2.新宿,18,7,0,405,136,548,70
18,高戸橋,明治通り×新目白通り,R4/11,戸塚,A 池袋,2.新宿,12時間計,110,25,5476,2594,8205,675
18,高戸橋,明治通り×新目白通り,R4/11,戸塚,A 池袋,3.谷原,7,4,3,47,33,87,3
18,高戸橋,明治通り×新目白通り,R4/11,戸塚,A 池袋,3.谷原,8,2,0,31,28,61,3
18,高戸橋,明治通り×新目白通り,R4/11,戸塚,A 池袋,3.谷原,9,3,0,40,35,78,2
18,高戸橋,明治通り×新目白通り,R4/11,戸塚,A 池袋,3.谷原,10,3,0,43,50,96,6
18,高戸橋,明治通り×新目白通り,R4/11,戸塚,A 池袋,3.谷原,11,3,0,47,46,96,10
18,高戸橋,明治通り×新目白通り,R4/11,戸塚,A 池袋,3.谷原,12,4,0,51,47,102,10
18,高戸橋,明治通り×新目白通り,R4/11,戸塚,A 池袋,3.谷原,13,1,0,55,50,106,9
18,高戸橋,明治通り×新目白通り,R4/11,戸塚,A 池袋,3.谷原,14,5,0,42,40,87,4
18,高戸橋,明治通り×新目白通り,R4/11,戸塚,A 池袋,3.谷原,15,2,0,60,43,105,3
18,高戸橋,明治通り×新目白通り,R4/11,戸塚,A 池袋,3.谷原,16,6,0,48,30,84,8
18,高戸橋,明治通り×新目白通り,R4/11,戸塚,A 池袋,3.谷原,17,4,0,62,42,108,9
18,高戸橋,明治通り×新目白通り,R4/11,戸塚,A 池袋,3.谷原,18,4,0,59,21,84,10
18,高戸橋,明治通り×新目白通り,R4/11,戸塚,A 池袋,3.谷原,12時間計,41,3,585,465,1094,77
18,高戸橋,明治通り×新目白通り,R4/11,戸塚,A 池袋,流入計,7,18,9,457,414,898,51
18,高戸橋,明治通り×新目白通り,R4/11,戸塚,A 池袋,流入計,8,14,3,416,336,769,56
18,高戸橋,明治通り×新目白通り,R4/11,戸塚,A 池袋,流入計,9,18,6,475,343,842,76
18,高戸橋,明治通り×新目白通り,R4/11,戸塚,A 池袋,流入計,10,11,5,653,293,962,61
18,高戸橋,明治通り×新目白通り,R4/11,戸塚,A 池袋,流入計,11,13,7,728,331,1079,60
18,高戸橋,明治通り×新目白通り,R4/11,戸塚,A 池袋,流入計,12,12,4,509,274,799,84
18,高戸橋,明治通り×新目白通り,R4/11,戸塚,A 池袋,流入計,13,10,3,467,256,736,63
18,高戸橋,明治通り×新目白通り,R4/11,戸塚,A 池袋,流入計,14,19,1,480,284,784,75
18,高戸橋,明治通り×新目白通り,R4/11,戸塚,A 池袋,流入計,15,9,1,516,237,763,67
18,高戸橋,明治通り×新目白通り,R4/11,戸塚,A 池袋,流入計,16,17,1,697,217,932,59
18,高戸橋,明治通り×新目白通り,R4/11,戸塚,A 池袋,流入計,17,10,2,812,223,1047,71
18,高戸橋,明治通り×新目白通り,R4/11,戸塚,A 池袋,流入計,18,11,0,511,162,684,87
18,高戸橋,明治通り×新目白通り,R4/11,戸塚,A 池袋,流入計,12時間計,162,42,6721,3370,10295,810
18,高戸橋,明治通り×新目白通り,R4/11,戸塚,B 谷原,4.池袋,7,1,0,14,14,29,2
18,高戸橋,明治通り×新目白通り,R4/11,戸塚,B 谷原,4.池袋,8,0,1,21,22,44,3
18,高戸橋,明治通り×新目白通り,R4/11,戸塚,B 谷原,4.池袋,9,2,0,34,38,74,2
18,高戸橋,明治通り×新目白通り,R4/11,戸塚,B 谷原,4.池袋,10,3,0,42,44,89,8
18,高戸橋,明治通り×新目白通り,R4/11,戸塚,B 谷原,4.池袋,11,3,0,63,38,104,7
18,高戸橋,明治通り×新目白通り,R4/11,戸塚,B 谷原,4.池袋,12,3,1,31,31,66,4
18,高戸橋,明治通り×新目白通り,R4/11,戸塚,B 谷原,4.池袋,13,2,0,50,29,81,4
18,高戸橋,明治通り×新目白通り,R4/11,戸塚,B 谷原,4.池袋,14,2,0,54,45,101,15
18,高戸橋,明治通り×新目白通り,R4/11,戸塚,B 谷原,4.池袋,15,2,0,48,46,96,11
18,高戸橋,明治通り×新目白通り,R4/11,戸塚,B 谷原,4.池袋,16,1,0,72,35,108,8
18,高戸橋,明治通り×新目白通り,R4/11,戸塚,B 谷原,4.池袋,17,2,0,105,30,137,11
18,高戸橋,明治通り×新目白通り,R4/11,戸塚,B 谷原,4.池袋,18,1,0,74,20,95,19
18,高戸橋,明治通り×新目白通り,R4/11,戸塚,B 谷原,4.池袋,12時間計,22,2,608,392,1024,94
18,高戸橋,明治通り×新目白通り,R4/11,戸塚,B 谷原,5.飯田橋,7,0,14,371,317,702,103
18,高戸橋,明治通り×新目白通り,R4/11,戸塚,B 谷原,5.飯田橋,8,5,15,437,294,751,78
18,高戸橋,明治通り×新目白通り,R4/11,戸塚,B 谷原,5.飯田橋,9,4,11,397,198,610,56
18,高戸橋,明治通り×新目白通り,R4/11,戸塚,B 谷原,5.飯田橋,10,0,10,285,185,480,48
18,高戸橋,明治通り×新目白通り,R4/11,戸塚,B 谷原,5.飯田橋,11,0,7,269,189,465,37
18,高戸橋,明治通り×新目白通り,R4/11,戸塚,B 谷原,5.飯田橋,12,1,4,261,209,475,42
18,高戸橋,明治通り×新目白通り,R4/11,戸塚,B 谷原,5.飯田橋,13,0,4,383,186,573,28
18,高戸橋,明治通り×新目白通り,R4/11,戸塚,B 谷原,5.飯田橋,14,0,7,364,179,550,30
18,高戸橋,明治通り×新目白通り,R4/11,戸塚,B 谷原,5.飯田橋,15,0,2,268,133,403,24
18,高戸橋,明治通り×新目白通り,R4/11,戸塚,B 谷原,5.飯田橋,16,0,6,258,165,429,32
18,高戸橋,明治通り×新目白通り,R4/11,戸塚,B 谷原,5.飯田橋,17,1,1,292,114,408,35
18,高戸橋,明治通り×新目白通り,R4/11,戸塚,B 谷原,5.飯田橋,18,0,1,249,108,358,27
18,高戸橋,明治通り×新目白通り,R4/11,戸塚,B 谷原,5.飯田橋,12時間計,11,82,3834,2277,6204,540
18,高戸橋,明治通り×新目白通り,R4/11,戸塚,B 谷原,6.新宿,7,3,5,127,160,295,25
18,高戸橋,明治通り×新目白通り,R4/11,戸塚,B 谷原,6.新宿,8,3,4,164,158,329,26
18,高戸橋,明治通り×新目白通り,R4/11,戸塚,B 谷原,6.新宿,9,3,3,194,140,340,21
18,高戸橋,明治通り×新目白通り,R4/11,戸塚,B 谷原,6.新宿,10,2,11,192,91,296,13
18,高戸橋,明治通り×新目白通り,R4/11,戸塚,B 谷原,6.新宿,11,2,4,188,78,272,8
18,高戸橋,明治通り×新目白通り,R4/11,戸塚,B 谷原,6.新宿,12,2,5,139,66,212,14
18,高戸橋,明治通り×新目白通り,R4/11,戸塚,B 谷原,6.新宿,13,2,4,144,99,249,12
18,高戸橋,明治通り×新目白通り,R4/11,戸塚,B 谷原,6.新宿,14,2,2,130,67,201,17
18,高戸橋,明治通り×新目白通り,R4/11,戸塚,B 谷原,6.新宿,15,4,2,152,83,241,13
18,高戸橋,明治通り×新目白通り,R4/11,戸塚,B 谷原,6.新宿,16,6,1,239,27,273,10
18,高戸橋,明治通り×新目白通り,R4/11,戸塚,B 谷原,6.新宿,17,0,2,214,69,285,11
18,高戸橋,明治通り×新目白通り,R4/11,戸塚,B 谷原,6.新宿,18,0,0,119,35,154,9
18,高戸橋,明治通り×新目白通り,R4/11,戸塚,B 谷原,6.新宿,12時間計,29,43,2002,1073,3147,179
18,高戸橋,明治通り×新目白通り,R4/11,戸塚,B 谷原,流入計,7,4,19,512,491,1026,130
18,高戸橋,明治通り×新目白通り,R4/11,戸塚,B 谷原,流入計,8,8,20,622,474,1124,107
18,高戸橋,明治通り×新目白通り,R4/11,戸塚,B 谷原,流入計,9,9,14,625,376,1024,79
18,高戸橋,明治通り×新目白通り,R4/11,戸塚,B 谷原,流入計,10,5,21,519,320,865,69
18,高戸橋,明治通り×新目白通り,R4/11,戸塚,B 谷原,流入計,11,5,11,520,305,841,52
18,高戸橋,明治通り×新目白通り,R4/11,戸塚,B 谷原,流入計,12,6,10,431,306,753,60
18,高戸橋,明治通り×新目白通り,R4/11,戸塚,B 谷原,流入計,13,4,8,577,314,903,44
18,高戸橋,明治通り×新目白通り,R4/11,戸塚,B 谷原,流入計,14,4,9,548,291,852,62
18,高戸橋,明治通り×新目白通り,R4/11,戸塚,B 谷原,流入計,15,6,4,468,262,740,48
18,高戸橋,明治通り×新目白通り,R4/11,戸塚,B 谷原,流入計,16,7,7,569,227,810,50
18,高戸橋,明治通り×新目白通り,R4/11,戸塚,B 谷原,流入計,17,3,3,611,213,830,57
18,高戸橋,明治通り×新目白通り,R4/11,戸塚,B 谷原,流入計,18,1,1,442,163,607,55
18,高戸橋,明治通り×新目白通り,R4/11,戸塚,B 谷原,流入計,12時間計,62,127,6444,3742,10375,813
18,高戸橋,明治通り×新目白通り,R4/11,戸塚,C 新宿,7.谷原,7,2,0,80,52,134,7
18,高戸橋,明治通り×新目白通り,R4/11,戸塚,C 新宿,7.谷原,8,6,8,101,82,197,12
18,高戸橋,明治通り×新目白通り,R4/11,戸塚,C 新宿,7.谷原,9,3,3,89,100,195,10
18,高戸橋,明治通り×新目白通り,R4/11,戸塚,C 新宿,7.谷原,10,0,7,97,125,229,10
18,高戸橋,明治通り×新目白通り,R4/11,戸塚,C 新宿,7.谷原,11,0,8,112,104,224,17
18,高戸橋,明治通り×新目白通り,R4/11,戸塚,C 新宿,7.谷原,12,0,4,141,117,262,20
18,高戸橋,明治通り×新目白通り,R4/11,戸塚,C 新宿,7.谷原,13,3,6,148,142,299,21
18,高戸橋,明治通り×新目白通り,R4/11,戸塚,C 新宿,7.谷原,14,4,9,151,132,296,17
18,高戸橋,明治通り×新目白通り,R4/11,戸塚,C 新宿,7.谷原,15,0,9,193,164,366,13
18,高戸橋,明治通り×新目白通り,R4/11,戸塚,C 新宿,7.谷原,16,6,2,174,133,315,24
18,高戸橋,明治通り×新目白通り,R4/11,戸塚,C 新宿,7.谷原,17,0,0,198,139,337,27
18,高戸橋,明治通り×新目白通り,R4/11,戸塚,C 新宿,7.谷原,18,3,1,200,111,315,23
18,高戸橋,明治通り×新目白通り,R4/11,戸塚,C 新宿,7.谷原,12時間計,27,57,1684,1401,3169,201
18,高戸橋,明治通り×新目白通り,R4/11,戸塚,C 新宿,8.池袋,7,13,0,244,213,470,24
18,高戸橋,明治通り×新目白通り,R4/11,戸塚,C 新宿,8.池袋,8,9,6,252,275,542,37
18,高戸橋,明治通り×新目白通り,R4/11,戸塚,C 新宿,8.池袋,9,10,4,274,281,569,49
18,高戸橋,明治通り×新目白通り,R4/11,戸塚,C 新宿,8.池袋,10,11,3,327,349,690,33
18,高戸橋,明治通り×新目白通り,R4/11,戸塚,C 新宿,8.池袋,11,6,2,365,330,703,42
18,高戸橋,明治通り×新目白通り,R4/11,戸塚,C 新宿,8.池袋,12,9,3,356,245,613,48
18,高戸橋,明治通り×新目白通り,R4/11,戸塚,C 新宿,8.池袋,13,8,5,319,239,571,44
18,高戸橋,明治通り×新目白通り,R4/11,戸塚,C 新宿,8.池袋,14,11,7,369,258,645,43
18,高戸橋,明治通り×新目白通り,R4/11,戸塚,C 新宿,8.池袋,15,9,1,418,236,664,69
18,高戸橋,明治通り×新目白通り,R4/11,戸塚,C 新宿,8.池袋,16,10,0,522,258,790,73
18,高戸橋,明治通り×新目白通り,R4/11,戸塚,C 新宿,8.池袋,17,14,2,635,291,942,60
18,高戸橋,明治通り×新目白通り,R4/11,戸塚,C 新宿,8.池袋,18,12,1,383,167,563,65
18,高戸橋,明治通り×新目白通り,R4/11,戸塚,C 新宿,8.池袋,12時間計,122,34,4464,3142,7762,587
18,高戸橋,明治通り×新目白通り,R4/11,戸塚,C 新宿,9.飯田橋,7,0,1,14,15,30,1
18,高戸橋,明治通り×新目白通り,R4/11,戸塚,C 新宿,9.飯田橋,8,0,1,33,25,59,2
18,高戸橋,明治通り×新目白通り,R4/11,戸塚,C 新宿,9.飯田橋,9,0,0,29,13,42,5
18,高戸橋,明治通り×新目白通り,R4/11,戸塚,C 新宿,9.飯田橋,10,0,1,28,24,53,1
18,高戸橋,明治通り×新目白通り,R4/11,戸塚,C 新宿,9.飯田橋,11,0,0,30,31,61,6
18,高戸橋,明治通り×新目白通り,R4/11,戸塚,C 新宿,9.飯田橋,12,0,0,48,28,76,9
18,高戸橋,明治通り×新目白通り,R4/11,戸塚,C 新宿,9.飯田橋,13,0,1,30,15,46,3
18,高戸橋,明治通り×新目白通り,R4/11,戸塚,C 新宿,9.飯田橋,14,0,0,36,20,56,1
18,高戸橋,明治通り×新目白通り,R4/11,戸塚,C 新宿,9.飯田橋,15,0,0,25,13,38,3
18,高戸橋,明治通り×新目白通り,R4/11,戸塚,C 新宿,9.飯田橋,16,0,0,24,16,40,2
18,高戸橋,明治通り×新目白通り,R4/11,戸塚,C 新宿,9.飯田橋,17,0,0,28,11,39,9
18,高戸橋,明治通り×新目白通り,R4/11,戸塚,C 新宿,9.飯田橋,18,0,1,29,11,41,4
18,高戸橋,明治通り×新目白通り,R4/11,戸塚,C 新宿,9.飯田橋,12時間計,0,5,354,222,581,46
18,高戸橋,明治通り×新目白通り,R4/11,戸塚,C 新宿,流入計,7,15,1,338,280,634,32
18,高戸橋,明治通り×新目白通り,R4/11,戸塚,C 新宿,流入計,8,15,15,386,382,798,51
18,高戸橋,明治通り×新目白通り,R4/11,戸塚,C 新宿,流入計,9,13,7,392,394,806,64
18,高戸橋,明治通り×新目白通り,R4/11,戸塚,C 新宿,流入計,10,11,11,452,498,972,44
18,高戸橋,明治通り×新目白通り,R4/11,戸塚,C 新宿,流入計,11,6,10,507,465,988,65
18,高戸橋,明治通り×新目白通り,R4/11,戸塚,C 新宿,流入計,12,9,7,545,390,951,77
18,高戸橋,明治通り×新目白通り,R4/11,戸塚,C 新宿,流入計,13,11,12,497,396,916,68
18,高戸橋,明治通り×新目白通り,R4/11,戸塚,C 新宿,流入計,14,15,16,556,410,997,61
18,高戸橋,明治通り×新目白通り,R4/11,戸塚,C 新宿,流入計,15,9,10,636,413,1068,85
18,高戸橋,明治通り×新目白通り,R4/11,戸塚,C 新宿,流入計,16,16,2,720,407,1145,99
18,高戸橋,明治通り×新目白通り,R4/11,戸塚,C 新宿,流入計,17,14,2,861,441,1318,96
18,高戸橋,明治通り×新目白通り,R4/11,戸塚,C 新宿,流入計,18,15,3,612,289,919,92
18,高戸橋,明治通り×新目白通り,R4/11,戸塚,C 新宿,流入計,12時間計,149,96,6502,4765,11512,834
18,高戸橋,明治通り×新目白通り,R4/11,戸塚,D 飯田橋,10.新宿,7,1,1,20,20,42,4
18,高戸橋,明治通り×新目白通り,R4/11,戸塚,D 飯田橋,10.新宿,8,0,0,20,24,44,1
18,高戸橋,明治通り×新目白通り,R4/11,戸塚,D 飯田橋,10.新宿,9,0,0,34,23,57,3
18,高戸橋,明治通り×新目白通り,R4/11,戸塚,D 飯田橋,10.新宿,10,2,0,51,44,97,3
18,高戸橋,明治通り×新目白通り,R4/11,戸塚,D 飯田橋,10.新宿,11,0,1,50,22,73,10
18,高戸橋,明治通り×新目白通り,R4/11,戸塚,D 飯田橋,10.新宿,12,0,1,32,28,61,9
18,高戸橋,明治通り×新目白通り,R4/11,戸塚,D 飯田橋,10.新宿,13,0,0,40,22,62,5
18,高戸橋,明治通り×新目白通り,R4/11,戸塚,D 飯田橋,10.新宿,14,0,0,46,23,69,6
18,高戸橋,明治通り×新目白通り,R4/11,戸塚,D 飯田橋,10.新宿,15,0,0,31,17,48,3
18,高戸橋,明治通り×新目白通り,R4/11,戸塚,D 飯田橋,10.新宿,16,0,0,32,13,45,2
18,高戸橋,明治通り×新目白通り,R4/11,戸塚,D 飯田橋,10.新宿,17,0,0,41,9,50,2
18,高戸橋,明治通り×新目白通り,R4/11,戸塚,D 飯田橋,10.新宿,18,0,0,37,13,50,6
18,高戸橋,明治通り×新目白通り,R4/11,戸塚,D 飯田橋,10.新宿,12時間計,3,3,434,258,698,54
18,高戸橋,明治通り×新目白通り,R4/11,戸塚,D 飯田橋,11.谷原,7,0,13,278,202,493,27
18,高戸橋,明治通り×新目白通り,R4/11,戸塚,D 飯田橋,11.谷原,8,0,9,269,252,530,22
18,高戸橋,明治通り×新目白通り,R4/11,戸塚,D 飯田橋,11.谷原,9,3,7,254,262,526,25
18,高戸橋,明治通り×新目白通り,R4/11,戸塚,D 飯田橋,11.谷原,10,0,13,249,260,522,30
18,高戸橋,明治通り×新目白通り,R4/11,戸塚,D 飯田橋,11.谷原,11,2,6,247,262,517,29
18,高戸橋,明治通り×新目白通り,R4/11,戸塚,D 飯田橋,11.谷原,12,2,13,263,253,531,34
18,高戸橋,明治通り×新目白通り,R4/11,戸塚,D 飯田橋,11.谷原,13,3,6,273,250,532,33
18,高戸橋,明治通り×新目白通り,R4/11,戸塚,D 飯田橋,11.谷原,14,7,10,355,300,672,40
18,高戸橋,明治通り×新目白通り,R4/11,戸塚,D 飯田橋,11.谷原,15,0,5,296,273,574,51
18,高戸橋,明治通り×新目白通り,R4/11,戸塚,D 飯田橋,11.谷原,16,2,6,329,249,586,39
18,高戸橋,明治通り×新目白通り,R4/11,戸塚,D 飯田橋,11.谷原,17,2,5,333,256,596,64
18,高戸橋,明治通り×新目白通り,R4/11,戸塚,D 飯田橋,11.谷原,18,2,3,382,198,585,71
18,高戸橋,明治通り×新目白通り,R4/11,戸塚,D 飯田橋,11.谷原,12時間計,23,96,3528,3017,6664,465
18,高戸橋,明治通り×新目白通り,R4/11,戸塚,D 飯田橋,12.池袋,7,1,1,49,28,79,1
18,高戸橋,明治通り×新目白通り,R4/11,戸塚,D 飯田橋,12.池袋,8,2,1,40,46,89,3
18,高戸橋,明治通り×新目白通り,R4/11,戸塚,D 飯田橋,12.池袋,9,1,6,37,25,69,3
18,高戸橋,明治通り×新目白通り,R4/11,戸塚,D 飯田橋,12.池袋,10,2,8,46,28,84,2
18,高戸橋,明治通り×新目白通り,R4/11,戸塚,D 飯田橋,12.池袋,11,1,9,40,35,85,0
18,高戸橋,明治通り×新目白通り,R4/11,戸塚,D 飯田橋,12.池袋,12,1,5,55,28,89,7
18,高戸橋,明治通り×新目白通り,R4/11,戸塚,D 飯田橋,12.池袋,13,2,3,36,33,74,5
18,高戸橋,明治通り×新目白通り,R4/11,戸塚,D 飯田橋,12.池袋,14,0,1,43,41,85,4
18,高戸橋,明治通り×新目白通り,R4/11,戸塚,D 飯田橋,12.池袋,15,3,0,56,21,80,1
18,高戸橋,明治通り×新目白通り,R4/11,戸塚,D 飯田橋,12.池袋,16,1,0,40,27,68,3
18,高戸橋,明治通り×新目白通り,R4/11,戸塚,D 飯田橋,12.池袋,17,0,0,39,13,52,2
18,高戸橋,明治通り×新目白通り,R4/11,戸塚,D 飯田橋,12.池袋,18,0,0,39,7,46,4
18,高戸橋,明治通り×新目白通り,R4/11,戸塚,D 飯田橋,12.池袋,12時間計,14,34,520,332,900,35
18,高戸橋,明治通り×新目白通り,R4/11,戸塚,D 飯田橋,流入計,7,2,15,347,250,614,32
18,高戸橋,明治通り×新目白通り,R4/11,戸塚,D 飯田橋,流入計,8,2,10,329,322,663,26
18,高戸橋,明治通り×新目白通り,R4/11,戸塚,D 飯田橋,流入計,9,4,13,325,310,652,31
18,高戸橋,明治通り×新目白通り,R4/11,戸塚,D 飯田橋,流入計,10,4,21,346,332,703,35
18,高戸橋,明治通り×新目白通り,R4/11,戸塚,D 飯田橋,流入計,11,3,16,337,319,675,39
18,高戸橋,明治通り×新目白通り,R4/11,戸塚,D 飯田橋,流入計,12,3,19,350,309,681,50
18,高戸橋,明治通り×新目白通り,R4/11,戸塚,D 飯田橋,流入計,13,5,9,349,305,668,43
18,高戸橋,明治通り×新目白通り,R4/11,戸塚,D 飯田橋,流入計,14,7,11,444,364,826,50
18,高戸橋,明治通り×新目白通り,R4/11,戸塚,D 飯田橋,流入計,15,3,5,383,311,702,55
18,高戸橋,明治通り×新目白通り,R4/11,戸塚,D 飯田橋,流入計,16,3,6,401,289,699,44
18,高戸橋,明治通り×新目白通り,R4/11,戸塚,D 飯田橋,流入計,17,2,5,413,278,698,68
18,高戸橋,明治通り×新目白通り,R4/11,戸塚,D 飯田橋,流入計,18,2,3,458,218,681,81
18,高戸橋,明治通り×新目白通り,R4/11,戸塚,D 飯田橋,流入計,12時間計,40,133,4482,3607,8262,554
