﻿地点番号,地点名,交差道路名,調査年月,管轄警察署,流出方向,時間帯等,大型乗用,大型貨物,普通乗用,普通貨物,四輪計,二輪車
18,高戸橋,明治通り×新目白通り,R4/11,戸塚,A 池袋,7,15,1,307,255,578,27
18,高戸橋,明治通り×新目白通り,R4/11,戸塚,A 池袋,8,11,8,313,343,675,43
18,高戸橋,明治通り×新目白通り,R4/11,戸塚,A 池袋,9,13,10,345,344,712,54
18,高戸橋,明治通り×新目白通り,R4/11,戸塚,A 池袋,10,16,11,415,421,863,43
18,高戸橋,明治通り×新目白通り,R4/11,戸塚,A 池袋,11,10,11,468,403,892,49
18,高戸橋,明治通り×新目白通り,R4/11,戸塚,A 池袋,12,13,9,442,304,768,59
18,高戸橋,明治通り×新目白通り,R4/11,戸塚,A 池袋,13,12,8,405,301,726,53
18,高戸橋,明治通り×新目白通り,R4/11,戸塚,A 池袋,14,13,8,466,344,831,62
18,高戸橋,明治通り×新目白通り,R4/11,戸塚,A 池袋,15,14,1,522,303,840,81
18,高戸橋,明治通り×新目白通り,R4/11,戸塚,A 池袋,16,12,0,634,320,966,84
18,高戸橋,明治通り×新目白通り,R4/11,戸塚,A 池袋,17,16,2,779,334,1131,73
18,高戸橋,明治通り×新目白通り,R4/11,戸塚,A 池袋,18,13,1,496,194,704,88
18,高戸橋,明治通り×新目白通り,R4/11,戸塚,A 池袋,12時間計,158,70,5592,3866,9686,716
18,高戸橋,明治通り×新目白通り,R4/11,戸塚,B 谷原,7,6,16,405,287,714,37
18,高戸橋,明治通り×新目白通り,R4/11,戸塚,B 谷原,8,8,17,401,362,788,37
18,高戸橋,明治通り×新目白通り,R4/11,戸塚,B 谷原,9,9,10,383,397,799,37
18,高戸橋,明治通り×新目白通り,R4/11,戸塚,B 谷原,10,3,20,389,435,847,46
18,高戸橋,明治通り×新目白通り,R4/11,戸塚,B 谷原,11,5,14,406,412,837,56
18,高戸橋,明治通り×新目白通り,R4/11,戸塚,B 谷原,12,6,17,455,417,895,64
18,高戸橋,明治通り×新目白通り,R4/11,戸塚,B 谷原,13,7,12,476,442,937,63
18,高戸橋,明治通り×新目白通り,R4/11,戸塚,B 谷原,14,16,19,548,472,1055,61
18,高戸橋,明治通り×新目白通り,R4/11,戸塚,B 谷原,15,2,14,549,480,1045,67
18,高戸橋,明治通り×新目白通り,R4/11,戸塚,B 谷原,16,14,8,551,412,985,71
18,高戸橋,明治通り×新目白通り,R4/11,戸塚,B 谷原,17,6,5,593,437,1041,100
18,高戸橋,明治通り×新目白通り,R4/11,戸塚,B 谷原,18,9,4,641,330,984,104
18,高戸橋,明治通り×新目白通り,R4/11,戸塚,B 谷原,12時間計,91,156,5797,4883,10927,743
18,高戸橋,明治通り×新目白通り,R4/11,戸塚,C 新宿,7,17,11,490,537,1055,77
18,高戸橋,明治通り×新目白通り,R4/11,戸塚,C 新宿,8,14,5,466,454,939,79
18,高戸橋,明治通り×新目白通り,R4/11,戸塚,C 新宿,9,15,5,605,437,1062,91
18,高戸橋,明治通り×新目白通り,R4/11,戸塚,C 新宿,10,11,13,798,351,1173,69
18,高戸橋,明治通り×新目白通り,R4/11,戸塚,C 新宿,11,10,9,874,348,1241,64
18,高戸橋,明治通り×新目白通り,R4/11,戸塚,C 新宿,12,10,9,578,287,884,90
18,高戸橋,明治通り×新目白通り,R4/11,戸塚,C 新宿,13,10,7,549,301,867,65
18,高戸橋,明治通り×新目白通り,R4/11,戸塚,C 新宿,14,15,3,563,304,885,85
18,高戸橋,明治通り×新目白通り,R4/11,戸塚,C 新宿,15,11,3,598,270,882,75
18,高戸橋,明治通り×新目白通り,R4/11,戸塚,C 新宿,16,17,2,872,212,1103,58
18,高戸橋,明治通り×新目白通り,R4/11,戸塚,C 新宿,17,5,4,958,240,1207,70
18,高戸橋,明治通り×新目白通り,R4/11,戸塚,C 新宿,18,7,0,561,184,752,85
18,高戸橋,明治通り×新目白通り,R4/11,戸塚,C 新宿,12時間計,142,71,7912,3925,12050,908
18,高戸橋,明治通り×新目白通り,R4/11,戸塚,D 飯田橋,7,1,16,452,356,825,104
18,高戸橋,明治通り×新目白通り,R4/11,戸塚,D 飯田橋,8,6,18,573,355,952,81
18,高戸橋,明治通り×新目白通り,R4/11,戸塚,D 飯田橋,9,7,15,484,245,751,68
18,高戸橋,明治通り×新目白通り,R4/11,戸塚,D 飯田橋,10,1,14,368,236,619,51
18,高戸橋,明治通り×新目白通り,R4/11,戸塚,D 飯田橋,11,2,10,344,257,613,47
18,高戸橋,明治通り×新目白通り,R4/11,戸塚,D 飯田橋,12,1,5,360,271,637,58
18,高戸橋,明治通り×新目白通り,R4/11,戸塚,D 飯田橋,13,1,5,460,227,693,37
18,高戸橋,明治通り×新目白通り,R4/11,戸塚,D 飯田橋,14,1,7,451,229,688,40
18,高戸橋,明治通り×新目白通り,R4/11,戸塚,D 飯田橋,15,0,2,334,170,506,32
18,高戸橋,明治通り×新目白通り,R4/11,戸塚,D 飯田橋,16,0,6,330,196,532,39
18,高戸橋,明治通り×新目白通り,R4/11,戸塚,D 飯田橋,17,2,1,367,144,514,49
18,高戸橋,明治通り×新目白通り,R4/11,戸塚,D 飯田橋,18,0,2,325,124,451,38
18,高戸橋,明治通り×新目白通り,R4/11,戸塚,D 飯田橋,12時間計,22,101,4848,2810,7781,644
18,高戸橋,明治通り×新目白通り,R4/11,戸塚,全方向合計,7,39,44,1654,1435,3172,245
18,高戸橋,明治通り×新目白通り,R4/11,戸塚,全方向合計,8,39,48,1753,1514,3354,240
18,高戸橋,明治通り×新目白通り,R4/11,戸塚,全方向合計,9,44,40,1817,1423,3324,250
18,高戸橋,明治通り×新目白通り,R4/11,戸塚,全方向合計,10,31,58,1970,1443,3502,209
18,高戸橋,明治通り×新目白通り,R4/11,戸塚,全方向合計,11,27,44,2092,1420,3583,216
18,高戸橋,明治通り×新目白通り,R4/11,戸塚,全方向合計,12,30,40,1835,1279,3184,271
18,高戸橋,明治通り×新目白通り,R4/11,戸塚,全方向合計,13,30,32,1890,1271,3223,218
18,高戸橋,明治通り×新目白通り,R4/11,戸塚,全方向合計,14,45,37,2028,1349,3459,248
18,高戸橋,明治通り×新目白通り,R4/11,戸塚,全方向合計,15,27,20,2003,1223,3273,255
18,高戸橋,明治通り×新目白通り,R4/11,戸塚,全方向合計,16,43,16,2387,1140,3586,252
18,高戸橋,明治通り×新目白通り,R4/11,戸塚,全方向合計,17,29,12,2697,1155,3893,292
18,高戸橋,明治通り×新目白通り,R4/11,戸塚,全方向合計,18,29,7,2023,832,2891,315
18,高戸橋,明治通り×新目白通り,R4/11,戸塚,全方向合計,12時間計,413,398,24149,15484,40444,3011
