﻿地点番号,地点名,交差道路名,調査年月,管轄警察署,流入方向,流出方向,時間帯等,車道通行自転車,歩道通行自転車,自転車計
30,環七大井埠頭,環七通り×湾岸道路,R4/11,東京湾岸,A 八潮,1大井埠頭,7,0,-,-
30,環七大井埠頭,環七通り×湾岸道路,R4/11,東京湾岸,A 八潮,1大井埠頭,8,0,-,-
30,環七大井埠頭,環七通り×湾岸道路,R4/11,東京湾岸,A 八潮,1大井埠頭,9,0,-,-
30,環七大井埠頭,環七通り×湾岸道路,R4/11,東京湾岸,A 八潮,1大井埠頭,10,0,-,-
30,環七大井埠頭,環七通り×湾岸道路,R4/11,東京湾岸,A 八潮,1大井埠頭,11,0,-,-
30,環七大井埠頭,環七通り×湾岸道路,R4/11,東京湾岸,A 八潮,1大井埠頭,12,0,-,-
30,環七大井埠頭,環七通り×湾岸道路,R4/11,東京湾岸,A 八潮,1大井埠頭,13,0,-,-
30,環七大井埠頭,環七通り×湾岸道路,R4/11,東京湾岸,A 八潮,1大井埠頭,14,0,-,-
30,環七大井埠頭,環七通り×湾岸道路,R4/11,東京湾岸,A 八潮,1大井埠頭,15,0,-,-
30,環七大井埠頭,環七通り×湾岸道路,R4/11,東京湾岸,A 八潮,1大井埠頭,16,0,-,-
30,環七大井埠頭,環七通り×湾岸道路,R4/11,東京湾岸,A 八潮,1大井埠頭,17,0,-,-
30,環七大井埠頭,環七通り×湾岸道路,R4/11,東京湾岸,A 八潮,1大井埠頭,18,0,-,-
30,環七大井埠頭,環七通り×湾岸道路,R4/11,東京湾岸,A 八潮,1大井埠頭,12時間計,0,-,-
30,環七大井埠頭,環七通り×湾岸道路,R4/11,東京湾岸,A 八潮,2羽田,7,2,-,-
30,環七大井埠頭,環七通り×湾岸道路,R4/11,東京湾岸,A 八潮,2羽田,8,0,-,-
30,環七大井埠頭,環七通り×湾岸道路,R4/11,東京湾岸,A 八潮,2羽田,9,1,-,-
30,環七大井埠頭,環七通り×湾岸道路,R4/11,東京湾岸,A 八潮,2羽田,10,0,-,-
30,環七大井埠頭,環七通り×湾岸道路,R4/11,東京湾岸,A 八潮,2羽田,11,0,-,-
30,環七大井埠頭,環七通り×湾岸道路,R4/11,東京湾岸,A 八潮,2羽田,12,0,-,-
30,環七大井埠頭,環七通り×湾岸道路,R4/11,東京湾岸,A 八潮,2羽田,13,0,-,-
30,環七大井埠頭,環七通り×湾岸道路,R4/11,東京湾岸,A 八潮,2羽田,14,0,-,-
30,環七大井埠頭,環七通り×湾岸道路,R4/11,東京湾岸,A 八潮,2羽田,15,0,-,-
30,環七大井埠頭,環七通り×湾岸道路,R4/11,東京湾岸,A 八潮,2羽田,16,2,-,-
30,環七大井埠頭,環七通り×湾岸道路,R4/11,東京湾岸,A 八潮,2羽田,17,0,-,-
30,環七大井埠頭,環七通り×湾岸道路,R4/11,東京湾岸,A 八潮,2羽田,18,0,-,-
30,環七大井埠頭,環七通り×湾岸道路,R4/11,東京湾岸,A 八潮,2羽田,12時間計,5,-,-
30,環七大井埠頭,環七通り×湾岸道路,R4/11,東京湾岸,A 八潮,3平和島,7,0,-,-
30,環七大井埠頭,環七通り×湾岸道路,R4/11,東京湾岸,A 八潮,3平和島,8,0,-,-
30,環七大井埠頭,環七通り×湾岸道路,R4/11,東京湾岸,A 八潮,3平和島,9,0,-,-
30,環七大井埠頭,環七通り×湾岸道路,R4/11,東京湾岸,A 八潮,3平和島,10,0,-,-
30,環七大井埠頭,環七通り×湾岸道路,R4/11,東京湾岸,A 八潮,3平和島,11,0,-,-
30,環七大井埠頭,環七通り×湾岸道路,R4/11,東京湾岸,A 八潮,3平和島,12,0,-,-
30,環七大井埠頭,環七通り×湾岸道路,R4/11,東京湾岸,A 八潮,3平和島,13,0,-,-
30,環七大井埠頭,環七通り×湾岸道路,R4/11,東京湾岸,A 八潮,3平和島,14,0,-,-
30,環七大井埠頭,環七通り×湾岸道路,R4/11,東京湾岸,A 八潮,3平和島,15,0,-,-
30,環七大井埠頭,環七通り×湾岸道路,R4/11,東京湾岸,A 八潮,3平和島,16,0,-,-
30,環七大井埠頭,環七通り×湾岸道路,R4/11,東京湾岸,A 八潮,3平和島,17,0,-,-
30,環七大井埠頭,環七通り×湾岸道路,R4/11,東京湾岸,A 八潮,3平和島,18,0,-,-
30,環七大井埠頭,環七通り×湾岸道路,R4/11,東京湾岸,A 八潮,3平和島,12時間計,0,-,-
30,環七大井埠頭,環七通り×湾岸道路,R4/11,東京湾岸,A 八潮,4羽田,7,0,-,-
30,環七大井埠頭,環七通り×湾岸道路,R4/11,東京湾岸,A 八潮,4羽田,8,0,-,-
30,環七大井埠頭,環七通り×湾岸道路,R4/11,東京湾岸,A 八潮,4羽田,9,0,-,-
30,環七大井埠頭,環七通り×湾岸道路,R4/11,東京湾岸,A 八潮,4羽田,10,0,-,-
30,環七大井埠頭,環七通り×湾岸道路,R4/11,東京湾岸,A 八潮,4羽田,11,0,-,-
30,環七大井埠頭,環七通り×湾岸道路,R4/11,東京湾岸,A 八潮,4羽田,12,0,-,-
30,環七大井埠頭,環七通り×湾岸道路,R4/11,東京湾岸,A 八潮,4羽田,13,0,-,-
30,環七大井埠頭,環七通り×湾岸道路,R4/11,東京湾岸,A 八潮,4羽田,14,0,-,-
30,環七大井埠頭,環七通り×湾岸道路,R4/11,東京湾岸,A 八潮,4羽田,15,0,-,-
30,環七大井埠頭,環七通り×湾岸道路,R4/11,東京湾岸,A 八潮,4羽田,16,0,-,-
30,環七大井埠頭,環七通り×湾岸道路,R4/11,東京湾岸,A 八潮,4羽田,17,0,-,-
30,環七大井埠頭,環七通り×湾岸道路,R4/11,東京湾岸,A 八潮,4羽田,18,0,-,-
30,環七大井埠頭,環七通り×湾岸道路,R4/11,東京湾岸,A 八潮,4羽田,12時間計,0,-,-
30,環七大井埠頭,環七通り×湾岸道路,R4/11,東京湾岸,A 八潮,流入計,7,2,88,90
30,環七大井埠頭,環七通り×湾岸道路,R4/11,東京湾岸,A 八潮,流入計,8,0,90,90
30,環七大井埠頭,環七通り×湾岸道路,R4/11,東京湾岸,A 八潮,流入計,9,1,13,14
30,環七大井埠頭,環七通り×湾岸道路,R4/11,東京湾岸,A 八潮,流入計,10,0,6,6
30,環七大井埠頭,環七通り×湾岸道路,R4/11,東京湾岸,A 八潮,流入計,11,0,6,6
30,環七大井埠頭,環七通り×湾岸道路,R4/11,東京湾岸,A 八潮,流入計,12,0,8,8
30,環七大井埠頭,環七通り×湾岸道路,R4/11,東京湾岸,A 八潮,流入計,13,0,6,6
30,環七大井埠頭,環七通り×湾岸道路,R4/11,東京湾岸,A 八潮,流入計,14,0,8,8
30,環七大井埠頭,環七通り×湾岸道路,R4/11,東京湾岸,A 八潮,流入計,15,0,6,6
30,環七大井埠頭,環七通り×湾岸道路,R4/11,東京湾岸,A 八潮,流入計,16,2,12,14
30,環七大井埠頭,環七通り×湾岸道路,R4/11,東京湾岸,A 八潮,流入計,17,0,29,29
30,環七大井埠頭,環七通り×湾岸道路,R4/11,東京湾岸,A 八潮,流入計,18,0,20,20
30,環七大井埠頭,環七通り×湾岸道路,R4/11,東京湾岸,A 八潮,流入計,12時間計,5,292,297
30,環七大井埠頭,環七通り×湾岸道路,R4/11,東京湾岸,B 平和島,5八潮,7,0,-,-
30,環七大井埠頭,環七通り×湾岸道路,R4/11,東京湾岸,B 平和島,5八潮,8,0,-,-
30,環七大井埠頭,環七通り×湾岸道路,R4/11,東京湾岸,B 平和島,5八潮,9,0,-,-
30,環七大井埠頭,環七通り×湾岸道路,R4/11,東京湾岸,B 平和島,5八潮,10,0,-,-
30,環七大井埠頭,環七通り×湾岸道路,R4/11,東京湾岸,B 平和島,5八潮,11,0,-,-
30,環七大井埠頭,環七通り×湾岸道路,R4/11,東京湾岸,B 平和島,5八潮,12,0,-,-
30,環七大井埠頭,環七通り×湾岸道路,R4/11,東京湾岸,B 平和島,5八潮,13,0,-,-
30,環七大井埠頭,環七通り×湾岸道路,R4/11,東京湾岸,B 平和島,5八潮,14,0,-,-
30,環七大井埠頭,環七通り×湾岸道路,R4/11,東京湾岸,B 平和島,5八潮,15,0,-,-
30,環七大井埠頭,環七通り×湾岸道路,R4/11,東京湾岸,B 平和島,5八潮,16,0,-,-
30,環七大井埠頭,環七通り×湾岸道路,R4/11,東京湾岸,B 平和島,5八潮,17,0,-,-
30,環七大井埠頭,環七通り×湾岸道路,R4/11,東京湾岸,B 平和島,5八潮,18,0,-,-
30,環七大井埠頭,環七通り×湾岸道路,R4/11,東京湾岸,B 平和島,5八潮,12時間計,0,-,-
30,環七大井埠頭,環七通り×湾岸道路,R4/11,東京湾岸,B 平和島,6大井埠頭,7,0,-,-
30,環七大井埠頭,環七通り×湾岸道路,R4/11,東京湾岸,B 平和島,6大井埠頭,8,0,-,-
30,環七大井埠頭,環七通り×湾岸道路,R4/11,東京湾岸,B 平和島,6大井埠頭,9,0,-,-
30,環七大井埠頭,環七通り×湾岸道路,R4/11,東京湾岸,B 平和島,6大井埠頭,10,0,-,-
30,環七大井埠頭,環七通り×湾岸道路,R4/11,東京湾岸,B 平和島,6大井埠頭,11,0,-,-
30,環七大井埠頭,環七通り×湾岸道路,R4/11,東京湾岸,B 平和島,6大井埠頭,12,0,-,-
30,環七大井埠頭,環七通り×湾岸道路,R4/11,東京湾岸,B 平和島,6大井埠頭,13,0,-,-
30,環七大井埠頭,環七通り×湾岸道路,R4/11,東京湾岸,B 平和島,6大井埠頭,14,0,-,-
30,環七大井埠頭,環七通り×湾岸道路,R4/11,東京湾岸,B 平和島,6大井埠頭,15,0,-,-
30,環七大井埠頭,環七通り×湾岸道路,R4/11,東京湾岸,B 平和島,6大井埠頭,16,0,-,-
30,環七大井埠頭,環七通り×湾岸道路,R4/11,東京湾岸,B 平和島,6大井埠頭,17,0,-,-
30,環七大井埠頭,環七通り×湾岸道路,R4/11,東京湾岸,B 平和島,6大井埠頭,18,0,-,-
30,環七大井埠頭,環七通り×湾岸道路,R4/11,東京湾岸,B 平和島,6大井埠頭,12時間計,0,-,-
30,環七大井埠頭,環七通り×湾岸道路,R4/11,東京湾岸,B 平和島,7羽田,7,0,-,-
30,環七大井埠頭,環七通り×湾岸道路,R4/11,東京湾岸,B 平和島,7羽田,8,0,-,-
30,環七大井埠頭,環七通り×湾岸道路,R4/11,東京湾岸,B 平和島,7羽田,9,0,-,-
30,環七大井埠頭,環七通り×湾岸道路,R4/11,東京湾岸,B 平和島,7羽田,10,0,-,-
30,環七大井埠頭,環七通り×湾岸道路,R4/11,東京湾岸,B 平和島,7羽田,11,0,-,-
30,環七大井埠頭,環七通り×湾岸道路,R4/11,東京湾岸,B 平和島,7羽田,12,0,-,-
30,環七大井埠頭,環七通り×湾岸道路,R4/11,東京湾岸,B 平和島,7羽田,13,0,-,-
30,環七大井埠頭,環七通り×湾岸道路,R4/11,東京湾岸,B 平和島,7羽田,14,0,-,-
30,環七大井埠頭,環七通り×湾岸道路,R4/11,東京湾岸,B 平和島,7羽田,15,0,-,-
30,環七大井埠頭,環七通り×湾岸道路,R4/11,東京湾岸,B 平和島,7羽田,16,0,-,-
30,環七大井埠頭,環七通り×湾岸道路,R4/11,東京湾岸,B 平和島,7羽田,17,0,-,-
30,環七大井埠頭,環七通り×湾岸道路,R4/11,東京湾岸,B 平和島,7羽田,18,0,-,-
30,環七大井埠頭,環七通り×湾岸道路,R4/11,東京湾岸,B 平和島,7羽田,12時間計,0,-,-
30,環七大井埠頭,環七通り×湾岸道路,R4/11,東京湾岸,B 平和島,8大井埠頭,7,0,-,-
30,環七大井埠頭,環七通り×湾岸道路,R4/11,東京湾岸,B 平和島,8大井埠頭,8,0,-,-
30,環七大井埠頭,環七通り×湾岸道路,R4/11,東京湾岸,B 平和島,8大井埠頭,9,0,-,-
30,環七大井埠頭,環七通り×湾岸道路,R4/11,東京湾岸,B 平和島,8大井埠頭,10,0,-,-
30,環七大井埠頭,環七通り×湾岸道路,R4/11,東京湾岸,B 平和島,8大井埠頭,11,0,-,-
30,環七大井埠頭,環七通り×湾岸道路,R4/11,東京湾岸,B 平和島,8大井埠頭,12,0,-,-
30,環七大井埠頭,環七通り×湾岸道路,R4/11,東京湾岸,B 平和島,8大井埠頭,13,0,-,-
30,環七大井埠頭,環七通り×湾岸道路,R4/11,東京湾岸,B 平和島,8大井埠頭,14,0,-,-
30,環七大井埠頭,環七通り×湾岸道路,R4/11,東京湾岸,B 平和島,8大井埠頭,15,0,-,-
30,環七大井埠頭,環七通り×湾岸道路,R4/11,東京湾岸,B 平和島,8大井埠頭,16,0,-,-
30,環七大井埠頭,環七通り×湾岸道路,R4/11,東京湾岸,B 平和島,8大井埠頭,17,0,-,-
30,環七大井埠頭,環七通り×湾岸道路,R4/11,東京湾岸,B 平和島,8大井埠頭,18,0,-,-
30,環七大井埠頭,環七通り×湾岸道路,R4/11,東京湾岸,B 平和島,8大井埠頭,12時間計,0,-,-
30,環七大井埠頭,環七通り×湾岸道路,R4/11,東京湾岸,B 平和島,流入計,7,0,365,365
30,環七大井埠頭,環七通り×湾岸道路,R4/11,東京湾岸,B 平和島,流入計,8,0,365,365
30,環七大井埠頭,環七通り×湾岸道路,R4/11,東京湾岸,B 平和島,流入計,9,0,79,79
30,環七大井埠頭,環七通り×湾岸道路,R4/11,東京湾岸,B 平和島,流入計,10,0,28,28
30,環七大井埠頭,環七通り×湾岸道路,R4/11,東京湾岸,B 平和島,流入計,11,0,27,27
30,環七大井埠頭,環七通り×湾岸道路,R4/11,東京湾岸,B 平和島,流入計,12,0,30,30
30,環七大井埠頭,環七通り×湾岸道路,R4/11,東京湾岸,B 平和島,流入計,13,0,21,21
30,環七大井埠頭,環七通り×湾岸道路,R4/11,東京湾岸,B 平和島,流入計,14,0,23,23
30,環七大井埠頭,環七通り×湾岸道路,R4/11,東京湾岸,B 平和島,流入計,15,0,22,22
30,環七大井埠頭,環七通り×湾岸道路,R4/11,東京湾岸,B 平和島,流入計,16,0,18,18
30,環七大井埠頭,環七通り×湾岸道路,R4/11,東京湾岸,B 平和島,流入計,17,0,14,14
30,環七大井埠頭,環七通り×湾岸道路,R4/11,東京湾岸,B 平和島,流入計,18,0,30,30
30,環七大井埠頭,環七通り×湾岸道路,R4/11,東京湾岸,B 平和島,流入計,12時間計,0,1022,1022
30,環七大井埠頭,環七通り×湾岸道路,R4/11,東京湾岸,C 羽田,9平和島,7,0,-,-
30,環七大井埠頭,環七通り×湾岸道路,R4/11,東京湾岸,C 羽田,9平和島,8,0,-,-
30,環七大井埠頭,環七通り×湾岸道路,R4/11,東京湾岸,C 羽田,9平和島,9,0,-,-
30,環七大井埠頭,環七通り×湾岸道路,R4/11,東京湾岸,C 羽田,9平和島,10,0,-,-
30,環七大井埠頭,環七通り×湾岸道路,R4/11,東京湾岸,C 羽田,9平和島,11,0,-,-
30,環七大井埠頭,環七通り×湾岸道路,R4/11,東京湾岸,C 羽田,9平和島,12,0,-,-
30,環七大井埠頭,環七通り×湾岸道路,R4/11,東京湾岸,C 羽田,9平和島,13,0,-,-
30,環七大井埠頭,環七通り×湾岸道路,R4/11,東京湾岸,C 羽田,9平和島,14,0,-,-
30,環七大井埠頭,環七通り×湾岸道路,R4/11,東京湾岸,C 羽田,9平和島,15,0,-,-
30,環七大井埠頭,環七通り×湾岸道路,R4/11,東京湾岸,C 羽田,9平和島,16,0,-,-
30,環七大井埠頭,環七通り×湾岸道路,R4/11,東京湾岸,C 羽田,9平和島,17,0,-,-
30,環七大井埠頭,環七通り×湾岸道路,R4/11,東京湾岸,C 羽田,9平和島,18,3,-,-
30,環七大井埠頭,環七通り×湾岸道路,R4/11,東京湾岸,C 羽田,9平和島,12時間計,3,-,-
30,環七大井埠頭,環七通り×湾岸道路,R4/11,東京湾岸,C 羽田,10八潮,7,0,-,-
30,環七大井埠頭,環七通り×湾岸道路,R4/11,東京湾岸,C 羽田,10八潮,8,0,-,-
30,環七大井埠頭,環七通り×湾岸道路,R4/11,東京湾岸,C 羽田,10八潮,9,0,-,-
30,環七大井埠頭,環七通り×湾岸道路,R4/11,東京湾岸,C 羽田,10八潮,10,0,-,-
30,環七大井埠頭,環七通り×湾岸道路,R4/11,東京湾岸,C 羽田,10八潮,11,0,-,-
30,環七大井埠頭,環七通り×湾岸道路,R4/11,東京湾岸,C 羽田,10八潮,12,0,-,-
30,環七大井埠頭,環七通り×湾岸道路,R4/11,東京湾岸,C 羽田,10八潮,13,0,-,-
30,環七大井埠頭,環七通り×湾岸道路,R4/11,東京湾岸,C 羽田,10八潮,14,0,-,-
30,環七大井埠頭,環七通り×湾岸道路,R4/11,東京湾岸,C 羽田,10八潮,15,0,-,-
30,環七大井埠頭,環七通り×湾岸道路,R4/11,東京湾岸,C 羽田,10八潮,16,0,-,-
30,環七大井埠頭,環七通り×湾岸道路,R4/11,東京湾岸,C 羽田,10八潮,17,0,-,-
30,環七大井埠頭,環七通り×湾岸道路,R4/11,東京湾岸,C 羽田,10八潮,18,0,-,-
30,環七大井埠頭,環七通り×湾岸道路,R4/11,東京湾岸,C 羽田,10八潮,12時間計,0,-,-
30,環七大井埠頭,環七通り×湾岸道路,R4/11,東京湾岸,C 羽田,11大井埠頭,7,0,-,-
30,環七大井埠頭,環七通り×湾岸道路,R4/11,東京湾岸,C 羽田,11大井埠頭,8,0,-,-
30,環七大井埠頭,環七通り×湾岸道路,R4/11,東京湾岸,C 羽田,11大井埠頭,9,0,-,-
30,環七大井埠頭,環七通り×湾岸道路,R4/11,東京湾岸,C 羽田,11大井埠頭,10,0,-,-
30,環七大井埠頭,環七通り×湾岸道路,R4/11,東京湾岸,C 羽田,11大井埠頭,11,0,-,-
30,環七大井埠頭,環七通り×湾岸道路,R4/11,東京湾岸,C 羽田,11大井埠頭,12,0,-,-
30,環七大井埠頭,環七通り×湾岸道路,R4/11,東京湾岸,C 羽田,11大井埠頭,13,0,-,-
30,環七大井埠頭,環七通り×湾岸道路,R4/11,東京湾岸,C 羽田,11大井埠頭,14,0,-,-
30,環七大井埠頭,環七通り×湾岸道路,R4/11,東京湾岸,C 羽田,11大井埠頭,15,0,-,-
30,環七大井埠頭,環七通り×湾岸道路,R4/11,東京湾岸,C 羽田,11大井埠頭,16,0,-,-
30,環七大井埠頭,環七通り×湾岸道路,R4/11,東京湾岸,C 羽田,11大井埠頭,17,0,-,-
30,環七大井埠頭,環七通り×湾岸道路,R4/11,東京湾岸,C 羽田,11大井埠頭,18,0,-,-
30,環七大井埠頭,環七通り×湾岸道路,R4/11,東京湾岸,C 羽田,11大井埠頭,12時間計,0,-,-
30,環七大井埠頭,環七通り×湾岸道路,R4/11,東京湾岸,C 羽田,12八潮,7,0,-,-
30,環七大井埠頭,環七通り×湾岸道路,R4/11,東京湾岸,C 羽田,12八潮,8,0,-,-
30,環七大井埠頭,環七通り×湾岸道路,R4/11,東京湾岸,C 羽田,12八潮,9,0,-,-
30,環七大井埠頭,環七通り×湾岸道路,R4/11,東京湾岸,C 羽田,12八潮,10,0,-,-
30,環七大井埠頭,環七通り×湾岸道路,R4/11,東京湾岸,C 羽田,12八潮,11,0,-,-
30,環七大井埠頭,環七通り×湾岸道路,R4/11,東京湾岸,C 羽田,12八潮,12,0,-,-
30,環七大井埠頭,環七通り×湾岸道路,R4/11,東京湾岸,C 羽田,12八潮,13,0,-,-
30,環七大井埠頭,環七通り×湾岸道路,R4/11,東京湾岸,C 羽田,12八潮,14,0,-,-
30,環七大井埠頭,環七通り×湾岸道路,R4/11,東京湾岸,C 羽田,12八潮,15,0,-,-
30,環七大井埠頭,環七通り×湾岸道路,R4/11,東京湾岸,C 羽田,12八潮,16,0,-,-
30,環七大井埠頭,環七通り×湾岸道路,R4/11,東京湾岸,C 羽田,12八潮,17,0,-,-
30,環七大井埠頭,環七通り×湾岸道路,R4/11,東京湾岸,C 羽田,12八潮,18,0,-,-
30,環七大井埠頭,環七通り×湾岸道路,R4/11,東京湾岸,C 羽田,12八潮,12時間計,0,-,-
30,環七大井埠頭,環七通り×湾岸道路,R4/11,東京湾岸,C 羽田,流入計,7,0,70,70
30,環七大井埠頭,環七通り×湾岸道路,R4/11,東京湾岸,C 羽田,流入計,8,0,55,55
30,環七大井埠頭,環七通り×湾岸道路,R4/11,東京湾岸,C 羽田,流入計,9,0,42,42
30,環七大井埠頭,環七通り×湾岸道路,R4/11,東京湾岸,C 羽田,流入計,10,0,48,48
30,環七大井埠頭,環七通り×湾岸道路,R4/11,東京湾岸,C 羽田,流入計,11,0,49,49
30,環七大井埠頭,環七通り×湾岸道路,R4/11,東京湾岸,C 羽田,流入計,12,0,37,37
30,環七大井埠頭,環七通り×湾岸道路,R4/11,東京湾岸,C 羽田,流入計,13,0,54,54
30,環七大井埠頭,環七通り×湾岸道路,R4/11,東京湾岸,C 羽田,流入計,14,0,93,93
30,環七大井埠頭,環七通り×湾岸道路,R4/11,東京湾岸,C 羽田,流入計,15,0,101,101
30,環七大井埠頭,環七通り×湾岸道路,R4/11,東京湾岸,C 羽田,流入計,16,0,118,118
30,環七大井埠頭,環七通り×湾岸道路,R4/11,東京湾岸,C 羽田,流入計,17,0,156,156
30,環七大井埠頭,環七通り×湾岸道路,R4/11,東京湾岸,C 羽田,流入計,18,3,66,69
30,環七大井埠頭,環七通り×湾岸道路,R4/11,東京湾岸,C 羽田,流入計,12時間計,3,889,892
30,環七大井埠頭,環七通り×湾岸道路,R4/11,東京湾岸,D 大井埠頭,13羽田,7,0,-,-
30,環七大井埠頭,環七通り×湾岸道路,R4/11,東京湾岸,D 大井埠頭,13羽田,8,0,-,-
30,環七大井埠頭,環七通り×湾岸道路,R4/11,東京湾岸,D 大井埠頭,13羽田,9,0,-,-
30,環七大井埠頭,環七通り×湾岸道路,R4/11,東京湾岸,D 大井埠頭,13羽田,10,0,-,-
30,環七大井埠頭,環七通り×湾岸道路,R4/11,東京湾岸,D 大井埠頭,13羽田,11,0,-,-
30,環七大井埠頭,環七通り×湾岸道路,R4/11,東京湾岸,D 大井埠頭,13羽田,12,0,-,-
30,環七大井埠頭,環七通り×湾岸道路,R4/11,東京湾岸,D 大井埠頭,13羽田,13,0,-,-
30,環七大井埠頭,環七通り×湾岸道路,R4/11,東京湾岸,D 大井埠頭,13羽田,14,0,-,-
30,環七大井埠頭,環七通り×湾岸道路,R4/11,東京湾岸,D 大井埠頭,13羽田,15,0,-,-
30,環七大井埠頭,環七通り×湾岸道路,R4/11,東京湾岸,D 大井埠頭,13羽田,16,0,-,-
30,環七大井埠頭,環七通り×湾岸道路,R4/11,東京湾岸,D 大井埠頭,13羽田,17,0,-,-
30,環七大井埠頭,環七通り×湾岸道路,R4/11,東京湾岸,D 大井埠頭,13羽田,18,0,-,-
30,環七大井埠頭,環七通り×湾岸道路,R4/11,東京湾岸,D 大井埠頭,13羽田,12時間計,0,-,-
30,環七大井埠頭,環七通り×湾岸道路,R4/11,東京湾岸,D 大井埠頭,14平和島,7,0,-,-
30,環七大井埠頭,環七通り×湾岸道路,R4/11,東京湾岸,D 大井埠頭,14平和島,8,0,-,-
30,環七大井埠頭,環七通り×湾岸道路,R4/11,東京湾岸,D 大井埠頭,14平和島,9,0,-,-
30,環七大井埠頭,環七通り×湾岸道路,R4/11,東京湾岸,D 大井埠頭,14平和島,10,0,-,-
30,環七大井埠頭,環七通り×湾岸道路,R4/11,東京湾岸,D 大井埠頭,14平和島,11,0,-,-
30,環七大井埠頭,環七通り×湾岸道路,R4/11,東京湾岸,D 大井埠頭,14平和島,12,0,-,-
30,環七大井埠頭,環七通り×湾岸道路,R4/11,東京湾岸,D 大井埠頭,14平和島,13,0,-,-
30,環七大井埠頭,環七通り×湾岸道路,R4/11,東京湾岸,D 大井埠頭,14平和島,14,0,-,-
30,環七大井埠頭,環七通り×湾岸道路,R4/11,東京湾岸,D 大井埠頭,14平和島,15,0,-,-
30,環七大井埠頭,環七通り×湾岸道路,R4/11,東京湾岸,D 大井埠頭,14平和島,16,0,-,-
30,環七大井埠頭,環七通り×湾岸道路,R4/11,東京湾岸,D 大井埠頭,14平和島,17,0,-,-
30,環七大井埠頭,環七通り×湾岸道路,R4/11,東京湾岸,D 大井埠頭,14平和島,18,1,-,-
30,環七大井埠頭,環七通り×湾岸道路,R4/11,東京湾岸,D 大井埠頭,14平和島,12時間計,1,-,-
30,環七大井埠頭,環七通り×湾岸道路,R4/11,東京湾岸,D 大井埠頭,15八潮,7,0,-,-
30,環七大井埠頭,環七通り×湾岸道路,R4/11,東京湾岸,D 大井埠頭,15八潮,8,0,-,-
30,環七大井埠頭,環七通り×湾岸道路,R4/11,東京湾岸,D 大井埠頭,15八潮,9,0,-,-
30,環七大井埠頭,環七通り×湾岸道路,R4/11,東京湾岸,D 大井埠頭,15八潮,10,0,-,-
30,環七大井埠頭,環七通り×湾岸道路,R4/11,東京湾岸,D 大井埠頭,15八潮,11,0,-,-
30,環七大井埠頭,環七通り×湾岸道路,R4/11,東京湾岸,D 大井埠頭,15八潮,12,0,-,-
30,環七大井埠頭,環七通り×湾岸道路,R4/11,東京湾岸,D 大井埠頭,15八潮,13,0,-,-
30,環七大井埠頭,環七通り×湾岸道路,R4/11,東京湾岸,D 大井埠頭,15八潮,14,0,-,-
30,環七大井埠頭,環七通り×湾岸道路,R4/11,東京湾岸,D 大井埠頭,15八潮,15,0,-,-
30,環七大井埠頭,環七通り×湾岸道路,R4/11,東京湾岸,D 大井埠頭,15八潮,16,0,-,-
30,環七大井埠頭,環七通り×湾岸道路,R4/11,東京湾岸,D 大井埠頭,15八潮,17,0,-,-
30,環七大井埠頭,環七通り×湾岸道路,R4/11,東京湾岸,D 大井埠頭,15八潮,18,0,-,-
30,環七大井埠頭,環七通り×湾岸道路,R4/11,東京湾岸,D 大井埠頭,15八潮,12時間計,0,-,-
30,環七大井埠頭,環七通り×湾岸道路,R4/11,東京湾岸,D 大井埠頭,16平和島,7,0,-,-
30,環七大井埠頭,環七通り×湾岸道路,R4/11,東京湾岸,D 大井埠頭,16平和島,8,0,-,-
30,環七大井埠頭,環七通り×湾岸道路,R4/11,東京湾岸,D 大井埠頭,16平和島,9,0,-,-
30,環七大井埠頭,環七通り×湾岸道路,R4/11,東京湾岸,D 大井埠頭,16平和島,10,0,-,-
30,環七大井埠頭,環七通り×湾岸道路,R4/11,東京湾岸,D 大井埠頭,16平和島,11,0,-,-
30,環七大井埠頭,環七通り×湾岸道路,R4/11,東京湾岸,D 大井埠頭,16平和島,12,0,-,-
30,環七大井埠頭,環七通り×湾岸道路,R4/11,東京湾岸,D 大井埠頭,16平和島,13,0,-,-
30,環七大井埠頭,環七通り×湾岸道路,R4/11,東京湾岸,D 大井埠頭,16平和島,14,0,-,-
30,環七大井埠頭,環七通り×湾岸道路,R4/11,東京湾岸,D 大井埠頭,16平和島,15,0,-,-
30,環七大井埠頭,環七通り×湾岸道路,R4/11,東京湾岸,D 大井埠頭,16平和島,16,0,-,-
30,環七大井埠頭,環七通り×湾岸道路,R4/11,東京湾岸,D 大井埠頭,16平和島,17,0,-,-
30,環七大井埠頭,環七通り×湾岸道路,R4/11,東京湾岸,D 大井埠頭,16平和島,18,0,-,-
30,環七大井埠頭,環七通り×湾岸道路,R4/11,東京湾岸,D 大井埠頭,16平和島,12時間計,0,-,-
30,環七大井埠頭,環七通り×湾岸道路,R4/11,東京湾岸,D 大井埠頭,流入計,7,0,16,16
30,環七大井埠頭,環七通り×湾岸道路,R4/11,東京湾岸,D 大井埠頭,流入計,8,0,8,8
30,環七大井埠頭,環七通り×湾岸道路,R4/11,東京湾岸,D 大井埠頭,流入計,9,0,17,17
30,環七大井埠頭,環七通り×湾岸道路,R4/11,東京湾岸,D 大井埠頭,流入計,10,0,12,12
30,環七大井埠頭,環七通り×湾岸道路,R4/11,東京湾岸,D 大井埠頭,流入計,11,0,19,19
30,環七大井埠頭,環七通り×湾岸道路,R4/11,東京湾岸,D 大井埠頭,流入計,12,0,9,9
30,環七大井埠頭,環七通り×湾岸道路,R4/11,東京湾岸,D 大井埠頭,流入計,13,0,9,9
30,環七大井埠頭,環七通り×湾岸道路,R4/11,東京湾岸,D 大井埠頭,流入計,14,0,22,22
30,環七大井埠頭,環七通り×湾岸道路,R4/11,東京湾岸,D 大井埠頭,流入計,15,0,37,37
30,環七大井埠頭,環七通り×湾岸道路,R4/11,東京湾岸,D 大井埠頭,流入計,16,0,86,86
30,環七大井埠頭,環七通り×湾岸道路,R4/11,東京湾岸,D 大井埠頭,流入計,17,0,198,198
30,環七大井埠頭,環七通り×湾岸道路,R4/11,東京湾岸,D 大井埠頭,流入計,18,1,117,118
30,環七大井埠頭,環七通り×湾岸道路,R4/11,東京湾岸,D 大井埠頭,流入計,12時間計,1,550,551
30,環七大井埠頭,環七通り×湾岸道路,R4/11,東京湾岸,全方向計,全方向計,7,2,539,541
30,環七大井埠頭,環七通り×湾岸道路,R4/11,東京湾岸,全方向計,全方向計,8,0,518,518
30,環七大井埠頭,環七通り×湾岸道路,R4/11,東京湾岸,全方向計,全方向計,9,1,151,152
30,環七大井埠頭,環七通り×湾岸道路,R4/11,東京湾岸,全方向計,全方向計,10,0,94,94
30,環七大井埠頭,環七通り×湾岸道路,R4/11,東京湾岸,全方向計,全方向計,11,0,101,101
30,環七大井埠頭,環七通り×湾岸道路,R4/11,東京湾岸,全方向計,全方向計,12,0,84,84
30,環七大井埠頭,環七通り×湾岸道路,R4/11,東京湾岸,全方向計,全方向計,13,0,90,90
30,環七大井埠頭,環七通り×湾岸道路,R4/11,東京湾岸,全方向計,全方向計,14,0,146,146
30,環七大井埠頭,環七通り×湾岸道路,R4/11,東京湾岸,全方向計,全方向計,15,0,166,166
30,環七大井埠頭,環七通り×湾岸道路,R4/11,東京湾岸,全方向計,全方向計,16,2,234,236
30,環七大井埠頭,環七通り×湾岸道路,R4/11,東京湾岸,全方向計,全方向計,17,0,397,397
30,環七大井埠頭,環七通り×湾岸道路,R4/11,東京湾岸,全方向計,全方向計,18,4,233,237
30,環七大井埠頭,環七通り×湾岸道路,R4/11,東京湾岸,全方向計,全方向計,12時間計,9,2753,2762
