﻿地点番号,地点名,交差道路名,調査年月,管轄警察署,流出方向,時間帯等,大型乗用,大型貨物,普通乗用,普通貨物,四輪計,二輪車
32,松原橋,環七通り×第二京浜,R4/11,池上,A 五反田,7,20,31,840,695,1586,153
32,松原橋,環七通り×第二京浜,R4/11,池上,A 五反田,8,14,40,1014,759,1827,130
32,松原橋,環七通り×第二京浜,R4/11,池上,A 五反田,9,10,44,818,673,1545,119
32,松原橋,環七通り×第二京浜,R4/11,池上,A 五反田,10,14,54,747,612,1427,98
32,松原橋,環七通り×第二京浜,R4/11,池上,A 五反田,11,19,49,766,592,1426,84
32,松原橋,環七通り×第二京浜,R4/11,池上,A 五反田,12,7,38,602,440,1087,56
32,松原橋,環七通り×第二京浜,R4/11,池上,A 五反田,13,7,46,548,466,1067,61
32,松原橋,環七通り×第二京浜,R4/11,池上,A 五反田,14,10,39,790,686,1525,83
32,松原橋,環七通り×第二京浜,R4/11,池上,A 五反田,15,16,28,812,615,1471,90
32,松原橋,環七通り×第二京浜,R4/11,池上,A 五反田,16,26,28,960,430,1444,101
32,松原橋,環七通り×第二京浜,R4/11,池上,A 五反田,17,12,18,880,310,1220,130
32,松原橋,環七通り×第二京浜,R4/11,池上,A 五反田,18,10,8,620,310,948,130
32,松原橋,環七通り×第二京浜,R4/11,池上,A 五反田,12時間計,165,423,9397,6588,16573,1235
32,松原橋,環七通り×第二京浜,R4/11,池上,B 世田谷,7,26,186,524,403,1139,97
32,松原橋,環七通り×第二京浜,R4/11,池上,B 世田谷,8,14,132,433,445,1024,87
32,松原橋,環七通り×第二京浜,R4/11,池上,B 世田谷,9,15,133,427,665,1240,55
32,松原橋,環七通り×第二京浜,R4/11,池上,B 世田谷,10,12,110,343,562,1027,61
32,松原橋,環七通り×第二京浜,R4/11,池上,B 世田谷,11,8,151,424,536,1119,64
32,松原橋,環七通り×第二京浜,R4/11,池上,B 世田谷,12,8,117,425,566,1116,62
32,松原橋,環七通り×第二京浜,R4/11,池上,B 世田谷,13,16,158,552,433,1159,65
32,松原橋,環七通り×第二京浜,R4/11,池上,B 世田谷,14,14,174,497,419,1104,58
32,松原橋,環七通り×第二京浜,R4/11,池上,B 世田谷,15,16,132,553,543,1244,74
32,松原橋,環七通り×第二京浜,R4/11,池上,B 世田谷,16,19,101,659,524,1303,98
32,松原橋,環七通り×第二京浜,R4/11,池上,B 世田谷,17,12,81,725,460,1278,178
32,松原橋,環七通り×第二京浜,R4/11,池上,B 世田谷,18,16,80,782,328,1206,161
32,松原橋,環七通り×第二京浜,R4/11,池上,B 世田谷,12時間計,176,1555,6344,5884,13959,1060
32,松原橋,環七通り×第二京浜,R4/11,池上,C 川崎,7,26,24,600,489,1139,124
32,松原橋,環七通り×第二京浜,R4/11,池上,C 川崎,8,31,51,631,674,1387,107
32,松原橋,環七通り×第二京浜,R4/11,池上,C 川崎,9,11,43,604,533,1191,55
32,松原橋,環七通り×第二京浜,R4/11,池上,C 川崎,10,5,36,691,619,1351,68
32,松原橋,環七通り×第二京浜,R4/11,池上,C 川崎,11,7,48,692,706,1453,87
32,松原橋,環七通り×第二京浜,R4/11,池上,C 川崎,12,6,54,725,700,1485,86
32,松原橋,環七通り×第二京浜,R4/11,池上,C 川崎,13,13,41,720,596,1370,96
32,松原橋,環七通り×第二京浜,R4/11,池上,C 川崎,14,20,32,803,632,1487,82
32,松原橋,環七通り×第二京浜,R4/11,池上,C 川崎,15,10,32,834,771,1647,91
32,松原橋,環七通り×第二京浜,R4/11,池上,C 川崎,16,18,21,888,720,1647,98
32,松原橋,環七通り×第二京浜,R4/11,池上,C 川崎,17,16,13,1150,676,1855,198
32,松原橋,環七通り×第二京浜,R4/11,池上,C 川崎,18,17,9,1106,590,1722,175
32,松原橋,環七通り×第二京浜,R4/11,池上,C 川崎,12時間計,180,404,9444,7706,17734,1267
32,松原橋,環七通り×第二京浜,R4/11,池上,D 平和島,7,14,34,647,500,1195,174
32,松原橋,環七通り×第二京浜,R4/11,池上,D 平和島,8,31,80,690,507,1308,126
32,松原橋,環七通り×第二京浜,R4/11,池上,D 平和島,9,17,92,618,551,1278,69
32,松原橋,環七通り×第二京浜,R4/11,池上,D 平和島,10,14,120,560,619,1313,80
32,松原橋,環七通り×第二京浜,R4/11,池上,D 平和島,11,6,79,523,592,1200,49
32,松原橋,環七通り×第二京浜,R4/11,池上,D 平和島,12,8,122,584,482,1196,65
32,松原橋,環七通り×第二京浜,R4/11,池上,D 平和島,13,9,102,525,596,1232,60
32,松原橋,環七通り×第二京浜,R4/11,池上,D 平和島,14,14,69,569,584,1236,74
32,松原橋,環七通り×第二京浜,R4/11,池上,D 平和島,15,14,53,542,523,1132,67
32,松原橋,環七通り×第二京浜,R4/11,池上,D 平和島,16,18,50,561,454,1083,111
32,松原橋,環七通り×第二京浜,R4/11,池上,D 平和島,17,10,33,603,405,1051,149
32,松原橋,環七通り×第二京浜,R4/11,池上,D 平和島,18,10,31,593,340,974,93
32,松原橋,環七通り×第二京浜,R4/11,池上,D 平和島,12時間計,165,865,7015,6153,14198,1117
32,松原橋,環七通り×第二京浜,R4/11,池上,E （世田谷）,7,26,162,529,398,1115,104
32,松原橋,環七通り×第二京浜,R4/11,池上,E （世田谷）,8,14,114,474,433,1035,87
32,松原橋,環七通り×第二京浜,R4/11,池上,E （世田谷）,9,15,111,426,649,1201,68
32,松原橋,環七通り×第二京浜,R4/11,池上,E （世田谷）,10,11,101,376,588,1076,62
32,松原橋,環七通り×第二京浜,R4/11,池上,E （世田谷）,11,8,143,421,547,1119,69
32,松原橋,環七通り×第二京浜,R4/11,池上,E （世田谷）,12,7,98,452,576,1133,67
32,松原橋,環七通り×第二京浜,R4/11,池上,E （世田谷）,13,15,151,577,450,1193,80
32,松原橋,環七通り×第二京浜,R4/11,池上,E （世田谷）,14,13,163,534,427,1137,67
32,松原橋,環七通り×第二京浜,R4/11,池上,E （世田谷）,15,16,130,596,545,1287,82
32,松原橋,環七通り×第二京浜,R4/11,池上,E （世田谷）,16,22,97,667,526,1312,102
32,松原橋,環七通り×第二京浜,R4/11,池上,E （世田谷）,17,12,74,727,446,1259,191
32,松原橋,環七通り×第二京浜,R4/11,池上,E （世田谷）,18,16,78,793,331,1218,180
32,松原橋,環七通り×第二京浜,R4/11,池上,E （世田谷）,12時間計,175,1422,6572,5916,14085,1159
32,松原橋,環七通り×第二京浜,R4/11,池上,F （平和島）,7,11,40,511,511,1073,160
32,松原橋,環七通り×第二京浜,R4/11,池上,F （平和島）,8,33,89,510,510,1142,125
32,松原橋,環七通り×第二京浜,R4/11,池上,F （平和島）,9,16,102,531,531,1180,63
32,松原橋,環七通り×第二京浜,R4/11,池上,F （平和島）,10,14,126,626,626,1392,69
32,松原橋,環七通り×第二京浜,R4/11,池上,F （平和島）,11,6,92,581,581,1260,36
32,松原橋,環七通り×第二京浜,R4/11,池上,F （平和島）,12,8,149,468,468,1093,64
32,松原橋,環七通り×第二京浜,R4/11,池上,F （平和島）,13,9,116,544,544,1213,54
32,松原橋,環七通り×第二京浜,R4/11,池上,F （平和島）,14,12,75,557,557,1201,64
32,松原橋,環七通り×第二京浜,R4/11,池上,F （平和島）,15,14,58,516,516,1104,58
32,松原橋,環七通り×第二京浜,R4/11,池上,F （平和島）,16,16,46,456,456,974,93
32,松原橋,環七通り×第二京浜,R4/11,池上,F （平和島）,17,10,35,397,397,839,130
32,松原橋,環七通り×第二京浜,R4/11,池上,F （平和島）,18,10,33,345,345,733,87
32,松原橋,環七通り×第二京浜,R4/11,池上,F （平和島）,12時間計,159,961,6042,6042,13204,1003
32,松原橋,環七通り×第二京浜,R4/11,池上,全方向合計,7,86,275,2611,2087,5059,548
32,松原橋,環七通り×第二京浜,R4/11,池上,全方向合計,8,90,303,2768,2385,5546,450
32,松原橋,環七通り×第二京浜,R4/11,池上,全方向合計,9,53,312,2467,2422,5254,298
32,松原橋,環七通り×第二京浜,R4/11,池上,全方向合計,10,45,320,2341,2412,5118,307
32,松原橋,環七通り×第二京浜,R4/11,池上,全方向合計,11,40,327,2405,2426,5198,284
32,松原橋,環七通り×第二京浜,R4/11,池上,全方向合計,12,29,331,2336,2188,4884,269
32,松原橋,環七通り×第二京浜,R4/11,池上,全方向合計,13,45,347,2345,2091,4828,282
32,松原橋,環七通り×第二京浜,R4/11,池上,全方向合計,14,58,314,2659,2321,5352,297
32,松原橋,環七通り×第二京浜,R4/11,池上,全方向合計,15,56,245,2741,2452,5494,322
32,松原橋,環七通り×第二京浜,R4/11,池上,全方向合計,16,81,200,3068,2128,5477,408
32,松原橋,環七通り×第二京浜,R4/11,池上,全方向合計,17,50,145,3358,1851,5404,655
32,松原橋,環七通り×第二京浜,R4/11,池上,全方向合計,18,53,128,3101,1568,4850,559
32,松原橋,環七通り×第二京浜,R4/11,池上,全方向合計,12時間計,686,3247,32200,26331,62464,4679
