﻿地点番号,地点名,交差道路名,調査年月,管轄警察署,流入方向,流出方向,時間帯等,大型乗用,大型貨物,普通乗用,普通貨物,四輪計,二輪車
32,松原橋,環七通り×第二京浜,R4/11,池上,A 五反田,1.平和島,7,3,1,60,58,122,25
32,松原橋,環七通り×第二京浜,R4/11,池上,A 五反田,1.平和島,8,0,4,94,68,166,15
32,松原橋,環七通り×第二京浜,R4/11,池上,A 五反田,1.平和島,9,1,1,88,93,183,12
32,松原橋,環七通り×第二京浜,R4/11,池上,A 五反田,1.平和島,10,0,3,100,89,192,14
32,松原橋,環七通り×第二京浜,R4/11,池上,A 五反田,1.平和島,11,0,0,99,101,200,18
32,松原橋,環七通り×第二京浜,R4/11,池上,A 五反田,1.平和島,12,0,2,109,88,199,10
32,松原橋,環七通り×第二京浜,R4/11,池上,A 五反田,1.平和島,13,0,1,101,126,228,16
32,松原橋,環七通り×第二京浜,R4/11,池上,A 五反田,1.平和島,14,3,4,125,99,231,18
32,松原橋,環七通り×第二京浜,R4/11,池上,A 五反田,1.平和島,15,1,2,105,96,204,17
32,松原橋,環七通り×第二京浜,R4/11,池上,A 五反田,1.平和島,16,2,4,113,83,202,27
32,松原橋,環七通り×第二京浜,R4/11,池上,A 五反田,1.平和島,17,0,0,98,81,179,30
32,松原橋,環七通り×第二京浜,R4/11,池上,A 五反田,1.平和島,18,0,2,96,53,151,26
32,松原橋,環七通り×第二京浜,R4/11,池上,A 五反田,1.平和島,12時間計,10,24,1188,1035,2257,228
32,松原橋,環七通り×第二京浜,R4/11,池上,A 五反田,2.（世田谷）,7,1,1,43,51,96,10
32,松原橋,環七通り×第二京浜,R4/11,池上,A 五反田,2.（世田谷）,8,2,3,46,40,91,8
32,松原橋,環七通り×第二京浜,R4/11,池上,A 五反田,2.（世田谷）,9,0,0,49,38,87,3
32,松原橋,環七通り×第二京浜,R4/11,池上,A 五反田,2.（世田谷）,10,1,0,61,42,104,9
32,松原橋,環七通り×第二京浜,R4/11,池上,A 五反田,2.（世田谷）,11,0,0,42,53,95,4
32,松原橋,環七通り×第二京浜,R4/11,池上,A 五反田,2.（世田谷）,12,0,2,44,37,83,15
32,松原橋,環七通り×第二京浜,R4/11,池上,A 五反田,2.（世田谷）,13,0,0,39,75,114,6
32,松原橋,環七通り×第二京浜,R4/11,池上,A 五反田,2.（世田谷）,14,1,0,54,59,114,8
32,松原橋,環七通り×第二京浜,R4/11,池上,A 五反田,2.（世田谷）,15,0,1,44,43,88,4
32,松原橋,環七通り×第二京浜,R4/11,池上,A 五反田,2.（世田谷）,16,0,3,70,44,117,10
32,松原橋,環七通り×第二京浜,R4/11,池上,A 五反田,2.（世田谷）,17,0,1,68,85,154,21
32,松原橋,環七通り×第二京浜,R4/11,池上,A 五反田,2.（世田谷）,18,0,0,69,28,97,13
32,松原橋,環七通り×第二京浜,R4/11,池上,A 五反田,2.（世田谷）,12時間計,5,11,629,595,1240,111
32,松原橋,環七通り×第二京浜,R4/11,池上,A 五反田,3.川崎,7,24,13,489,405,931,111
32,松原橋,環七通り×第二京浜,R4/11,池上,A 五反田,3.川崎,8,26,21,487,584,1118,90
32,松原橋,環七通り×第二京浜,R4/11,池上,A 五反田,3.川崎,9,10,13,497,444,964,47
32,松原橋,環七通り×第二京浜,R4/11,池上,A 五反田,3.川崎,10,5,11,573,506,1095,61
32,松原橋,環七通り×第二京浜,R4/11,池上,A 五反田,3.川崎,11,7,19,602,593,1221,78
32,松原橋,環七通り×第二京浜,R4/11,池上,A 五反田,3.川崎,12,6,15,609,593,1223,69
32,松原橋,環七通り×第二京浜,R4/11,池上,A 五反田,3.川崎,13,13,16,597,496,1122,78
32,松原橋,環七通り×第二京浜,R4/11,池上,A 五反田,3.川崎,14,18,16,660,538,1232,69
32,松原橋,環七通り×第二京浜,R4/11,池上,A 五反田,3.川崎,15,9,17,726,654,1406,77
32,松原橋,環七通り×第二京浜,R4/11,池上,A 五反田,3.川崎,16,16,17,752,611,1396,84
32,松原橋,環七通り×第二京浜,R4/11,池上,A 五反田,3.川崎,17,16,9,999,589,1613,177
32,松原橋,環七通り×第二京浜,R4/11,池上,A 五反田,3.川崎,18,17,5,975,519,1516,145
32,松原橋,環七通り×第二京浜,R4/11,池上,A 五反田,3.川崎,12時間計,167,172,7966,6532,14837,1086
32,松原橋,環七通り×第二京浜,R4/11,池上,A 五反田,流入計,7,28,15,592,514,1149,146
32,松原橋,環七通り×第二京浜,R4/11,池上,A 五反田,流入計,8,28,28,627,692,1375,113
32,松原橋,環七通り×第二京浜,R4/11,池上,A 五反田,流入計,9,11,14,634,575,1234,62
32,松原橋,環七通り×第二京浜,R4/11,池上,A 五反田,流入計,10,6,14,734,637,1391,84
32,松原橋,環七通り×第二京浜,R4/11,池上,A 五反田,流入計,11,7,19,743,747,1516,100
32,松原橋,環七通り×第二京浜,R4/11,池上,A 五反田,流入計,12,6,19,762,718,1505,94
32,松原橋,環七通り×第二京浜,R4/11,池上,A 五反田,流入計,13,13,17,737,697,1464,100
32,松原橋,環七通り×第二京浜,R4/11,池上,A 五反田,流入計,14,22,20,839,696,1577,95
32,松原橋,環七通り×第二京浜,R4/11,池上,A 五反田,流入計,15,10,20,875,793,1698,98
32,松原橋,環七通り×第二京浜,R4/11,池上,A 五反田,流入計,16,18,24,935,738,1715,121
32,松原橋,環七通り×第二京浜,R4/11,池上,A 五反田,流入計,17,16,10,1165,755,1946,228
32,松原橋,環七通り×第二京浜,R4/11,池上,A 五反田,流入計,18,17,7,1140,600,1764,184
32,松原橋,環七通り×第二京浜,R4/11,池上,A 五反田,流入計,12時間計,182,207,9783,8162,18334,1425
32,松原橋,環七通り×第二京浜,R4/11,池上,B 世田谷,4.五反田,7,0,0,2,9,11,1
32,松原橋,環七通り×第二京浜,R4/11,池上,B 世田谷,4.五反田,8,0,0,9,8,17,0
32,松原橋,環七通り×第二京浜,R4/11,池上,B 世田谷,4.五反田,9,0,0,12,10,22,3
32,松原橋,環七通り×第二京浜,R4/11,池上,B 世田谷,4.五反田,10,0,2,20,17,39,2
32,松原橋,環七通り×第二京浜,R4/11,池上,B 世田谷,4.五反田,11,0,2,17,14,33,3
32,松原橋,環七通り×第二京浜,R4/11,池上,B 世田谷,4.五反田,12,1,1,11,13,26,4
32,松原橋,環七通り×第二京浜,R4/11,池上,B 世田谷,4.五反田,13,0,0,11,13,24,2
32,松原橋,環七通り×第二京浜,R4/11,池上,B 世田谷,4.五反田,14,0,1,14,4,19,1
32,松原橋,環七通り×第二京浜,R4/11,池上,B 世田谷,4.五反田,15,0,0,12,14,26,3
32,松原橋,環七通り×第二京浜,R4/11,池上,B 世田谷,4.五反田,16,0,4,7,10,21,2
32,松原橋,環七通り×第二京浜,R4/11,池上,B 世田谷,4.五反田,17,0,0,17,10,27,3
32,松原橋,環七通り×第二京浜,R4/11,池上,B 世田谷,4.五反田,18,0,0,13,8,21,3
32,松原橋,環七通り×第二京浜,R4/11,池上,B 世田谷,4.五反田,12時間計,1,10,145,130,286,27
32,松原橋,環七通り×第二京浜,R4/11,池上,B 世田谷,7.五反田,7,1,1,5,4,11,1
32,松原橋,環七通り×第二京浜,R4/11,池上,B 世田谷,7.五反田,8,0,0,5,2,7,0
32,松原橋,環七通り×第二京浜,R4/11,池上,B 世田谷,7.五反田,9,0,0,7,8,15,1
32,松原橋,環七通り×第二京浜,R4/11,池上,B 世田谷,7.五反田,10,0,4,18,7,29,0
32,松原橋,環七通り×第二京浜,R4/11,池上,B 世田谷,7.五反田,11,1,3,18,8,30,0
32,松原橋,環七通り×第二京浜,R4/11,池上,B 世田谷,7.五反田,12,0,0,15,17,32,0
32,松原橋,環七通り×第二京浜,R4/11,池上,B 世田谷,7.五反田,13,0,3,11,17,31,1
32,松原橋,環七通り×第二京浜,R4/11,池上,B 世田谷,7.五反田,14,0,1,16,15,32,1
32,松原橋,環七通り×第二京浜,R4/11,池上,B 世田谷,7.五反田,15,1,0,18,11,30,0
32,松原橋,環七通り×第二京浜,R4/11,池上,B 世田谷,7.五反田,16,0,1,22,7,30,1
32,松原橋,環七通り×第二京浜,R4/11,池上,B 世田谷,7.五反田,17,0,0,20,3,23,1
32,松原橋,環七通り×第二京浜,R4/11,池上,B 世田谷,7.五反田,18,0,0,18,5,23,0
32,松原橋,環七通り×第二京浜,R4/11,池上,B 世田谷,7.五反田,12時間計,3,13,173,104,293,6
32,松原橋,環七通り×第二京浜,R4/11,池上,B 世田谷,15.（平和島）,7,11,29,610,445,1095,143
32,松原橋,環七通り×第二京浜,R4/11,池上,B 世田谷,15.（平和島）,8,32,77,607,425,1141,107
32,松原橋,環七通り×第二京浜,R4/11,池上,B 世田谷,15.（平和島）,9,14,85,530,470,1099,52
32,松原橋,環七通り×第二京浜,R4/11,池上,B 世田谷,15.（平和島）,10,14,110,505,572,1201,63
32,松原橋,環七通り×第二京浜,R4/11,池上,B 世田谷,15.（平和島）,11,6,81,426,528,1041,26
32,松原橋,環七通り×第二京浜,R4/11,池上,B 世田谷,15.（平和島）,12,8,135,497,417,1057,51
32,松原橋,環七通り×第二京浜,R4/11,池上,B 世田谷,15.（平和島）,13,9,109,475,500,1093,47
32,松原橋,環七通り×第二京浜,R4/11,池上,B 世田谷,15.（平和島）,14,9,58,481,506,1054,52
32,松原橋,環七通り×第二京浜,R4/11,池上,B 世田谷,15.（平和島）,15,12,45,457,464,978,50
32,松原橋,環七通り×第二京浜,R4/11,池上,B 世田谷,15.（平和島）,16,15,29,496,424,964,84
32,松原橋,環七通り×第二京浜,R4/11,池上,B 世田谷,15.（平和島）,17,9,25,559,360,953,117
32,松原橋,環七通り×第二京浜,R4/11,池上,B 世田谷,15.（平和島）,18,10,24,540,315,889,61
32,松原橋,環七通り×第二京浜,R4/11,池上,B 世田谷,15.（平和島）,12時間計,149,807,6183,5426,12565,853
32,松原橋,環七通り×第二京浜,R4/11,池上,B 世田谷,流入計,7,12,30,617,458,1117,145
32,松原橋,環七通り×第二京浜,R4/11,池上,B 世田谷,流入計,8,32,77,621,435,1165,107
32,松原橋,環七通り×第二京浜,R4/11,池上,B 世田谷,流入計,9,14,85,549,488,1136,56
32,松原橋,環七通り×第二京浜,R4/11,池上,B 世田谷,流入計,10,14,116,543,596,1269,65
32,松原橋,環七通り×第二京浜,R4/11,池上,B 世田谷,流入計,11,7,86,461,550,1104,29
32,松原橋,環七通り×第二京浜,R4/11,池上,B 世田谷,流入計,12,9,136,523,447,1115,55
32,松原橋,環七通り×第二京浜,R4/11,池上,B 世田谷,流入計,13,9,112,497,530,1148,50
32,松原橋,環七通り×第二京浜,R4/11,池上,B 世田谷,流入計,14,9,60,511,525,1105,54
32,松原橋,環七通り×第二京浜,R4/11,池上,B 世田谷,流入計,15,13,45,487,489,1034,53
32,松原橋,環七通り×第二京浜,R4/11,池上,B 世田谷,流入計,16,15,34,525,441,1015,87
32,松原橋,環七通り×第二京浜,R4/11,池上,B 世田谷,流入計,17,9,25,596,373,1003,121
32,松原橋,環七通り×第二京浜,R4/11,池上,B 世田谷,流入計,18,10,24,571,328,933,64
32,松原橋,環七通り×第二京浜,R4/11,池上,B 世田谷,流入計,12時間計,153,830,6501,5660,13144,886
32,松原橋,環七通り×第二京浜,R4/11,池上,C 川崎,8.世田谷,7,0,32,69,53,154,9
32,松原橋,環七通り×第二京浜,R4/11,池上,C 川崎,8.世田谷,8,0,25,46,56,127,9
32,松原橋,環七通り×第二京浜,R4/11,池上,C 川崎,8.世田谷,9,0,31,57,82,170,5
32,松原橋,環七通り×第二京浜,R4/11,池上,C 川崎,8.世田谷,10,1,22,42,64,129,7
32,松原橋,環七通り×第二京浜,R4/11,池上,C 川崎,8.世田谷,11,0,21,67,80,168,8
32,松原橋,環七通り×第二京浜,R4/11,池上,C 川崎,8.世田谷,12,1,26,41,52,120,8
32,松原橋,環七通り×第二京浜,R4/11,池上,C 川崎,8.世田谷,13,1,22,66,58,147,3
32,松原橋,環七通り×第二京浜,R4/11,池上,C 川崎,8.世田谷,14,1,28,56,67,152,3
32,松原橋,環七通り×第二京浜,R4/11,池上,C 川崎,8.世田谷,15,0,10,66,60,136,7
32,松原橋,環七通り×第二京浜,R4/11,池上,C 川崎,8.世田谷,16,0,9,71,54,134,7
32,松原橋,環七通り×第二京浜,R4/11,池上,C 川崎,8.世田谷,17,1,8,91,55,155,6
32,松原橋,環七通り×第二京浜,R4/11,池上,C 川崎,8.世田谷,18,0,3,61,24,88,2
32,松原橋,環七通り×第二京浜,R4/11,池上,C 川崎,8.世田谷,12時間計,5,237,733,705,1680,74
32,松原橋,環七通り×第二京浜,R4/11,池上,C 川崎,9.五反田,7,0,0,0,3,3,0
32,松原橋,環七通り×第二京浜,R4/11,池上,C 川崎,9.五反田,8,0,0,2,3,5,0
32,松原橋,環七通り×第二京浜,R4/11,池上,C 川崎,9.五反田,9,0,0,2,2,4,0
32,松原橋,環七通り×第二京浜,R4/11,池上,C 川崎,9.五反田,10,0,7,4,6,17,3
32,松原橋,環七通り×第二京浜,R4/11,池上,C 川崎,9.五反田,11,0,0,2,3,5,0
32,松原橋,環七通り×第二京浜,R4/11,池上,C 川崎,9.五反田,12,0,1,4,3,8,2
32,松原橋,環七通り×第二京浜,R4/11,池上,C 川崎,9.五反田,13,0,0,1,2,3,1
32,松原橋,環七通り×第二京浜,R4/11,池上,C 川崎,9.五反田,14,0,0,1,2,3,3
32,松原橋,環七通り×第二京浜,R4/11,池上,C 川崎,9.五反田,15,0,0,3,0,3,0
32,松原橋,環七通り×第二京浜,R4/11,池上,C 川崎,9.五反田,16,0,0,1,1,2,0
32,松原橋,環七通り×第二京浜,R4/11,池上,C 川崎,9.五反田,17,0,0,3,0,3,0
32,松原橋,環七通り×第二京浜,R4/11,池上,C 川崎,9.五反田,18,0,0,2,1,3,1
32,松原橋,環七通り×第二京浜,R4/11,池上,C 川崎,9.五反田,12時間計,0,8,25,26,59,10
32,松原橋,環七通り×第二京浜,R4/11,池上,C 川崎,10.（平和島）,7,0,11,65,66,142,17
32,松原橋,環七通り×第二京浜,R4/11,池上,C 川崎,10.（平和島）,8,1,12,104,85,202,18
32,松原橋,環七通り×第二京浜,R4/11,池上,C 川崎,10.（平和島）,9,2,17,73,61,153,11
32,松原橋,環七通り×第二京浜,R4/11,池上,C 川崎,10.（平和島）,10,0,16,50,54,120,6
32,松原橋,環七通り×第二京浜,R4/11,池上,C 川崎,10.（平和島）,11,0,11,61,53,125,10
32,松原橋,環七通り×第二京浜,R4/11,池上,C 川崎,10.（平和島）,12,0,14,70,51,135,13
32,松原橋,環七通り×第二京浜,R4/11,池上,C 川崎,10.（平和島）,13,0,7,41,44,92,7
32,松原橋,環七通り×第二京浜,R4/11,池上,C 川崎,10.（平和島）,14,3,17,64,51,135,12
32,松原橋,環七通り×第二京浜,R4/11,池上,C 川崎,10.（平和島）,15,2,13,66,52,133,8
32,松原橋,環七通り×第二京浜,R4/11,池上,C 川崎,10.（平和島）,16,1,17,66,32,116,9
32,松原橋,環七通り×第二京浜,R4/11,池上,C 川崎,10.（平和島）,17,1,10,71,37,119,13
32,松原橋,環七通り×第二京浜,R4/11,池上,C 川崎,10.（平和島）,18,0,9,55,30,94,26
32,松原橋,環七通り×第二京浜,R4/11,池上,C 川崎,10.（平和島）,12時間計,10,154,786,616,1566,150
32,松原橋,環七通り×第二京浜,R4/11,池上,C 川崎,11.五反田,7,19,22,759,631,1431,135
32,松原橋,環七通り×第二京浜,R4/11,池上,C 川崎,11.五反田,8,14,33,911,702,1660,121
32,松原橋,環七通り×第二京浜,R4/11,池上,C 川崎,11.五反田,9,10,35,741,587,1373,97
32,松原橋,環七通り×第二京浜,R4/11,池上,C 川崎,11.五反田,10,14,28,630,492,1164,85
32,松原橋,環七通り×第二京浜,R4/11,池上,C 川崎,11.五反田,11,18,31,665,476,1190,68
32,松原橋,環七通り×第二京浜,R4/11,池上,C 川崎,11.五反田,12,6,29,504,345,884,37
32,松原橋,環七通り×第二京浜,R4/11,池上,C 川崎,11.五反田,13,7,28,434,359,828,39
32,松原橋,環七通り×第二京浜,R4/11,池上,C 川崎,11.五反田,14,10,20,666,590,1286,66
32,松原橋,環七通り×第二京浜,R4/11,池上,C 川崎,11.五反田,15,15,20,670,528,1233,72
32,松原橋,環七通り×第二京浜,R4/11,池上,C 川崎,11.五反田,16,23,18,851,356,1248,87
32,松原橋,環七通り×第二京浜,R4/11,池上,C 川崎,11.五反田,17,11,17,747,256,1031,107
32,松原橋,環七通り×第二京浜,R4/11,池上,C 川崎,11.五反田,18,10,7,515,269,801,105
32,松原橋,環七通り×第二京浜,R4/11,池上,C 川崎,11.五反田,12時間計,157,288,8093,5591,14129,1019
32,松原橋,環七通り×第二京浜,R4/11,池上,C 川崎,流入計,7,19,65,893,753,1730,161
32,松原橋,環七通り×第二京浜,R4/11,池上,C 川崎,流入計,8,15,70,1063,846,1994,148
32,松原橋,環七通り×第二京浜,R4/11,池上,C 川崎,流入計,9,12,83,873,732,1700,113
32,松原橋,環七通り×第二京浜,R4/11,池上,C 川崎,流入計,10,15,73,726,616,1430,101
32,松原橋,環七通り×第二京浜,R4/11,池上,C 川崎,流入計,11,18,63,795,612,1488,86
32,松原橋,環七通り×第二京浜,R4/11,池上,C 川崎,流入計,12,7,70,619,451,1147,60
32,松原橋,環七通り×第二京浜,R4/11,池上,C 川崎,流入計,13,8,57,542,463,1070,50
32,松原橋,環七通り×第二京浜,R4/11,池上,C 川崎,流入計,14,14,65,787,710,1576,84
32,松原橋,環七通り×第二京浜,R4/11,池上,C 川崎,流入計,15,17,43,805,640,1505,87
32,松原橋,環七通り×第二京浜,R4/11,池上,C 川崎,流入計,16,24,44,989,443,1500,103
32,松原橋,環七通り×第二京浜,R4/11,池上,C 川崎,流入計,17,13,35,912,348,1308,126
32,松原橋,環七通り×第二京浜,R4/11,池上,C 川崎,流入計,18,10,19,633,324,986,134
32,松原橋,環七通り×第二京浜,R4/11,池上,C 川崎,流入計,12時間計,172,687,9637,6938,17434,1253
32,松原橋,環七通り×第二京浜,R4/11,池上,D 平和島,12.川崎,7,2,4,23,15,44,2
32,松原橋,環七通り×第二京浜,R4/11,池上,D 平和島,12.川崎,8,3,17,29,19,68,3
32,松原橋,環七通り×第二京浜,R4/11,池上,D 平和島,12.川崎,9,1,19,34,16,70,2
32,松原橋,環七通り×第二京浜,R4/11,池上,D 平和島,12.川崎,10,0,16,23,17,56,4
32,松原橋,環七通り×第二京浜,R4/11,池上,D 平和島,12.川崎,11,0,16,27,23,66,4
32,松原橋,環七通り×第二京浜,R4/11,池上,D 平和島,12.川崎,12,0,10,24,33,67,8
32,松原橋,環七通り×第二京浜,R4/11,池上,D 平和島,12.川崎,13,0,10,31,26,67,8
32,松原橋,環七通り×第二京浜,R4/11,池上,D 平和島,12.川崎,14,1,6,42,22,71,5
32,松原橋,環七通り×第二京浜,R4/11,池上,D 平和島,12.川崎,15,0,8,22,28,58,6
32,松原橋,環七通り×第二京浜,R4/11,池上,D 平和島,12.川崎,16,2,4,22,24,52,5
32,松原橋,環七通り×第二京浜,R4/11,池上,D 平和島,12.川崎,17,0,2,26,14,42,10
32,松原橋,環七通り×第二京浜,R4/11,池上,D 平和島,12.川崎,18,0,0,33,13,46,10
32,松原橋,環七通り×第二京浜,R4/11,池上,D 平和島,12.川崎,12時間計,9,112,336,250,707,67
32,松原橋,環七通り×第二京浜,R4/11,池上,D 平和島,16.（世田谷）,7,25,161,486,347,1019,94
32,松原橋,環七通り×第二京浜,R4/11,池上,D 平和島,16.（世田谷）,8,12,111,428,393,944,79
32,松原橋,環七通り×第二京浜,R4/11,池上,D 平和島,16.（世田谷）,9,15,111,377,611,1114,65
32,松原橋,環七通り×第二京浜,R4/11,池上,D 平和島,16.（世田谷）,10,10,101,315,546,972,53
32,松原橋,環七通り×第二京浜,R4/11,池上,D 平和島,16.（世田谷）,11,8,143,379,494,1024,65
32,松原橋,環七通り×第二京浜,R4/11,池上,D 平和島,16.（世田谷）,12,7,96,408,539,1050,52
32,松原橋,環七通り×第二京浜,R4/11,池上,D 平和島,16.（世田谷）,13,15,151,538,375,1079,74
32,松原橋,環七通り×第二京浜,R4/11,池上,D 平和島,16.（世田谷）,14,12,163,480,368,1023,59
32,松原橋,環七通り×第二京浜,R4/11,池上,D 平和島,16.（世田谷）,15,16,129,552,502,1199,78
32,松原橋,環七通り×第二京浜,R4/11,池上,D 平和島,16.（世田谷）,16,22,94,597,482,1195,92
32,松原橋,環七通り×第二京浜,R4/11,池上,D 平和島,16.（世田谷）,17,12,73,659,361,1105,170
32,松原橋,環七通り×第二京浜,R4/11,池上,D 平和島,16.（世田谷）,18,16,78,724,303,1121,167
32,松原橋,環七通り×第二京浜,R4/11,池上,D 平和島,16.（世田谷）,12時間計,170,1411,5943,5321,12845,1048
32,松原橋,環七通り×第二京浜,R4/11,池上,D 平和島,流入計,7,27,165,509,362,1063,96
32,松原橋,環七通り×第二京浜,R4/11,池上,D 平和島,流入計,8,15,128,457,412,1012,82
32,松原橋,環七通り×第二京浜,R4/11,池上,D 平和島,流入計,9,16,130,411,627,1184,67
32,松原橋,環七通り×第二京浜,R4/11,池上,D 平和島,流入計,10,10,117,338,563,1028,57
32,松原橋,環七通り×第二京浜,R4/11,池上,D 平和島,流入計,11,8,159,406,517,1090,69
32,松原橋,環七通り×第二京浜,R4/11,池上,D 平和島,流入計,12,7,106,432,572,1117,60
32,松原橋,環七通り×第二京浜,R4/11,池上,D 平和島,流入計,13,15,161,569,401,1146,82
32,松原橋,環七通り×第二京浜,R4/11,池上,D 平和島,流入計,14,13,169,522,390,1094,64
32,松原橋,環七通り×第二京浜,R4/11,池上,D 平和島,流入計,15,16,137,574,530,1257,84
32,松原橋,環七通り×第二京浜,R4/11,池上,D 平和島,流入計,16,24,98,619,506,1247,97
32,松原橋,環七通り×第二京浜,R4/11,池上,D 平和島,流入計,17,12,75,685,375,1147,180
32,松原橋,環七通り×第二京浜,R4/11,池上,D 平和島,流入計,18,16,78,757,316,1167,177
32,松原橋,環七通り×第二京浜,R4/11,池上,D 平和島,流入計,12時間計,179,1523,6279,5571,13552,1115
32,松原橋,環七通り×第二京浜,R4/11,池上,E （世田谷）,5.川崎,7,0,7,88,69,164,11
32,松原橋,環七通り×第二京浜,R4/11,池上,E （世田谷）,5.川崎,8,2,13,115,71,201,14
32,松原橋,環七通り×第二京浜,R4/11,池上,E （世田谷）,5.川崎,9,0,11,73,73,157,6
32,松原橋,環七通り×第二京浜,R4/11,池上,E （世田谷）,5.川崎,10,0,9,95,96,200,3
32,松原橋,環七通り×第二京浜,R4/11,池上,E （世田谷）,5.川崎,11,0,13,63,90,166,5
32,松原橋,環七通り×第二京浜,R4/11,池上,E （世田谷）,5.川崎,12,0,29,92,74,195,9
32,松原橋,環七通り×第二京浜,R4/11,池上,E （世田谷）,5.川崎,13,0,15,92,74,181,10
32,松原橋,環七通り×第二京浜,R4/11,池上,E （世田谷）,5.川崎,14,1,10,101,72,184,8
32,松原橋,環七通り×第二京浜,R4/11,池上,E （世田谷）,5.川崎,15,1,7,86,89,183,8
32,松原橋,環七通り×第二京浜,R4/11,池上,E （世田谷）,5.川崎,16,0,0,114,85,199,9
32,松原橋,環七通り×第二京浜,R4/11,池上,E （世田谷）,5.川崎,17,0,2,125,73,200,11
32,松原橋,環七通り×第二京浜,R4/11,池上,E （世田谷）,5.川崎,18,0,4,98,58,160,20
32,松原橋,環七通り×第二京浜,R4/11,池上,E （世田谷）,5.川崎,12時間計,4,120,1142,924,2190,114
32,松原橋,環七通り×第二京浜,R4/11,池上,E （世田谷）,6.平和島,7,11,33,587,442,1073,149
32,松原橋,環七通り×第二京浜,R4/11,池上,E （世田谷）,6.平和島,8,31,76,596,439,1142,111
32,松原橋,環七通り×第二京浜,R4/11,池上,E （世田谷）,6.平和島,9,16,91,530,458,1095,57
32,松原橋,環七通り×第二京浜,R4/11,池上,E （世田谷）,6.平和島,10,14,117,460,530,1121,66
32,松原橋,環七通り×第二京浜,R4/11,池上,E （世田谷）,6.平和島,11,6,79,424,491,1000,31
32,松原橋,環七通り×第二京浜,R4/11,池上,E （世田谷）,6.平和島,12,8,120,475,394,997,55
32,松原橋,環七通り×第二京浜,R4/11,池上,E （世田谷）,6.平和島,13,9,101,424,470,1004,44
32,松原橋,環七通り×第二京浜,R4/11,池上,E （世田谷）,6.平和島,14,11,65,444,485,1005,56
32,松原橋,環七通り×第二京浜,R4/11,池上,E （世田谷）,6.平和島,15,13,51,437,427,928,50
32,松原橋,環七通り×第二京浜,R4/11,池上,E （世田谷）,6.平和島,16,16,46,448,371,881,84
32,松原橋,環七通り×第二京浜,R4/11,池上,E （世田谷）,6.平和島,17,10,33,505,324,872,119
32,松原橋,環七通り×第二京浜,R4/11,池上,E （世田谷）,6.平和島,18,10,29,497,287,823,67
32,松原橋,環七通り×第二京浜,R4/11,池上,E （世田谷）,6.平和島,12時間計,155,841,5827,5118,11941,889
32,松原橋,環七通り×第二京浜,R4/11,池上,E （世田谷）,流入計,7,11,40,675,511,1237,160
32,松原橋,環七通り×第二京浜,R4/11,池上,E （世田谷）,流入計,8,33,89,711,510,1343,125
32,松原橋,環七通り×第二京浜,R4/11,池上,E （世田谷）,流入計,9,16,102,603,531,1252,63
32,松原橋,環七通り×第二京浜,R4/11,池上,E （世田谷）,流入計,10,14,126,555,626,1321,69
32,松原橋,環七通り×第二京浜,R4/11,池上,E （世田谷）,流入計,11,6,92,487,581,1166,36
32,松原橋,環七通り×第二京浜,R4/11,池上,E （世田谷）,流入計,12,8,149,567,468,1192,64
32,松原橋,環七通り×第二京浜,R4/11,池上,E （世田谷）,流入計,13,9,116,516,544,1185,54
32,松原橋,環七通り×第二京浜,R4/11,池上,E （世田谷）,流入計,14,12,75,545,557,1189,64
32,松原橋,環七通り×第二京浜,R4/11,池上,E （世田谷）,流入計,15,14,58,523,516,1111,58
32,松原橋,環七通り×第二京浜,R4/11,池上,E （世田谷）,流入計,16,16,46,562,456,1080,93
32,松原橋,環七通り×第二京浜,R4/11,池上,E （世田谷）,流入計,17,10,35,630,397,1072,130
32,松原橋,環七通り×第二京浜,R4/11,池上,E （世田谷）,流入計,18,10,33,595,345,983,87
32,松原橋,環七通り×第二京浜,R4/11,池上,E （世田谷）,流入計,12時間計,159,961,6969,6042,14131,1003
32,松原橋,環七通り×第二京浜,R4/11,池上,F （平和島）,13.五反田,7,0,8,74,48,130,16
32,松原橋,環七通り×第二京浜,R4/11,池上,F （平和島）,13.五反田,8,0,7,87,44,138,9
32,松原橋,環七通り×第二京浜,R4/11,池上,F （平和島）,13.五反田,9,0,9,56,66,131,18
32,松原橋,環七通り×第二京浜,R4/11,池上,F （平和島）,13.五反田,10,0,13,75,90,178,8
32,松原橋,環七通り×第二京浜,R4/11,池上,F （平和島）,13.五反田,11,0,13,64,91,168,13
32,松原橋,環七通り×第二京浜,R4/11,池上,F （平和島）,13.五反田,12,0,7,68,62,137,13
32,松原橋,環七通り×第二京浜,R4/11,池上,F （平和島）,13.五反田,13,0,15,91,75,181,18
32,松原橋,環七通り×第二京浜,R4/11,池上,F （平和島）,13.五反田,14,0,17,93,75,185,12
32,松原橋,環七通り×第二京浜,R4/11,池上,F （平和島）,13.五反田,15,0,8,109,62,179,15
32,松原橋,環七通り×第二京浜,R4/11,池上,F （平和島）,13.五反田,16,3,5,79,56,143,11
32,松原橋,環七通り×第二京浜,R4/11,池上,F （平和島）,13.五反田,17,1,1,93,41,136,19
32,松原橋,環七通り×第二京浜,R4/11,池上,F （平和島）,13.五反田,18,0,1,72,27,100,21
32,松原橋,環七通り×第二京浜,R4/11,池上,F （平和島）,13.五反田,12時間計,4,104,961,737,1806,173
32,松原橋,環七通り×第二京浜,R4/11,池上,F （平和島）,14.世田谷,7,26,154,455,350,985,88
32,松原橋,環七通り×第二京浜,R4/11,池上,F （平和島）,14.世田谷,8,14,107,387,389,897,78
32,松原橋,環七通り×第二京浜,R4/11,池上,F （平和島）,14.世田谷,9,15,102,370,583,1070,50
32,松原橋,環七通り×第二京浜,R4/11,池上,F （平和島）,14.世田谷,10,11,88,301,498,898,54
32,松原橋,環七通り×第二京浜,R4/11,池上,F （平和島）,14.世田谷,11,8,130,357,456,951,56
32,松原橋,環七通り×第二京浜,R4/11,池上,F （平和島）,14.世田谷,12,7,91,384,514,996,54
32,松原橋,環七通り×第二京浜,R4/11,池上,F （平和島）,14.世田谷,13,15,136,486,375,1012,62
32,松原橋,環七通り×第二京浜,R4/11,池上,F （平和島）,14.世田谷,14,13,146,441,352,952,55
32,松原橋,環七通り×第二京浜,R4/11,池上,F （平和島）,14.世田谷,15,16,122,487,483,1108,67
32,松原橋,環七通り×第二京浜,R4/11,池上,F （平和島）,14.世田谷,16,19,92,588,470,1169,91
32,松原橋,環七通り×第二京浜,R4/11,池上,F （平和島）,14.世田谷,17,11,73,634,405,1123,172
32,松原橋,環七通り×第二京浜,R4/11,池上,F （平和島）,14.世田谷,18,16,77,721,304,1118,159
32,松原橋,環七通り×第二京浜,R4/11,池上,F （平和島）,14.世田谷,12時間計,171,1318,5611,5179,12279,986
32,松原橋,環七通り×第二京浜,R4/11,池上,F （平和島）,流入計,7,26,162,529,398,1115,104
32,松原橋,環七通り×第二京浜,R4/11,池上,F （平和島）,流入計,8,14,114,474,433,1035,87
32,松原橋,環七通り×第二京浜,R4/11,池上,F （平和島）,流入計,9,15,111,426,649,1201,68
32,松原橋,環七通り×第二京浜,R4/11,池上,F （平和島）,流入計,10,11,101,376,588,1076,62
32,松原橋,環七通り×第二京浜,R4/11,池上,F （平和島）,流入計,11,8,143,421,547,1119,69
32,松原橋,環七通り×第二京浜,R4/11,池上,F （平和島）,流入計,12,7,98,452,576,1133,67
32,松原橋,環七通り×第二京浜,R4/11,池上,F （平和島）,流入計,13,15,151,577,450,1193,80
32,松原橋,環七通り×第二京浜,R4/11,池上,F （平和島）,流入計,14,13,163,534,427,1137,67
32,松原橋,環七通り×第二京浜,R4/11,池上,F （平和島）,流入計,15,16,130,596,545,1287,82
32,松原橋,環七通り×第二京浜,R4/11,池上,F （平和島）,流入計,16,22,97,667,526,1312,102
32,松原橋,環七通り×第二京浜,R4/11,池上,F （平和島）,流入計,17,12,74,727,446,1259,191
32,松原橋,環七通り×第二京浜,R4/11,池上,F （平和島）,流入計,18,16,78,793,331,1218,180
32,松原橋,環七通り×第二京浜,R4/11,池上,F （平和島）,流入計,12時間計,175,1422,6572,5916,14085,1159
