﻿"投票所_全国地方公共団体コード","施設_ID","投票所_ID","投票所_名称","投票所_名称（カナ）","投票所_名称（英字）","投票所_説明","投票所_緯度","投票所_経度","投票所_座標参照系","投票所_座標参照系コード","投票所_投票所区分","投票所_投票区名"
"131083","131083R00001","131083R00001","八名川小学校","","","令和5年12月10日執行江東区長選挙における情報です。最新の情報については江東区ホームページよりご確認ください。","","","","","投票所","1"
"131083","131083R00002","131083R00002","深川小学校","","","令和5年12月10日執行江東区長選挙における情報です。最新の情報については江東区ホームページよりご確認ください。","","","","","投票所","2"
"131083","131083R00003","131083R00003","中村中学校・高等学校","","","令和5年12月10日執行江東区長選挙における情報です。最新の情報については江東区ホームページよりご確認ください。","","","","","投票所","3"
"131083","131083R00004","131083R00004","元加賀小学校","","","令和5年12月10日執行江東区長選挙における情報です。最新の情報については江東区ホームページよりご確認ください。","","","","","投票所","4"
"131083","131083R00005","131083R00005","深川第六中学校","","","令和5年12月10日執行江東区長選挙における情報です。最新の情報については江東区ホームページよりご確認ください。","","","","","投票所","5"
"131083","131083R00006","131083R00006","毛利小学校","","","令和5年12月10日執行江東区長選挙における情報です。最新の情報については江東区ホームページよりご確認ください。","","","","","投票所","6"
"131083","131083R00007","131083R00007","東川小学校","","","令和5年12月10日執行江東区長選挙における情報です。最新の情報については江東区ホームページよりご確認ください。","","","","","投票所","7"
"131083","131083R00008","131083R00008","扇橋小学校","","","令和5年12月10日執行江東区長選挙における情報です。最新の情報については江東区ホームページよりご確認ください。","","","","","投票所","8"
"131083","131083R00009","131083R00009","都立大江戸高等学校","","","令和5年12月10日執行江東区長選挙における情報です。最新の情報については江東区ホームページよりご確認ください。","","","","","投票所","9"
"131083","131083R00010","131083R00010","深川第二中学校","","","令和5年12月10日執行江東区長選挙における情報です。最新の情報については江東区ホームページよりご確認ください。","","","","","投票所","10"
"131083","131083R00011","131083R00011","臨海小学校","","","令和5年12月10日執行江東区長選挙における情報です。最新の情報については江東区ホームページよりご確認ください。","","","","","投票所","11"
"131083","131083R00012","131083R00012","数矢小学校","","","令和5年12月10日執行江東区長選挙における情報です。最新の情報については江東区ホームページよりご確認ください。","","","","","投票所","12"
"131083","131083R00013","131083R00013","深川第三中学校","","","令和5年12月10日執行江東区長選挙における情報です。最新の情報については江東区ホームページよりご確認ください。","","","","","投票所","13"
"131083","131083R00014","131083R00014","平久小学校","","","令和5年12月10日執行江東区長選挙における情報です。最新の情報については江東区ホームページよりご確認ください。","","","","","投票所","14"
"131083","131083R00015","131083R00015","東陽小学校","","","令和5年12月10日執行江東区長選挙における情報です。最新の情報については江東区ホームページよりご確認ください。","","","","","投票所","15"
"131083","131083R00016","131083R00016","江東区役所","","","令和5年12月10日執行江東区長選挙における情報です。最新の情報については江東区ホームページよりご確認ください。","","","","","投票所","16"
"131083","131083R00017","131083R00017","東陽中学校","","","令和5年12月10日執行江東区長選挙における情報です。最新の情報については江東区ホームページよりご確認ください。","","","","","投票所","17"
"131083","131083R00018","131083R00018","深川南部保健相談所","","","令和5年12月10日執行江東区長選挙における情報です。最新の情報については江東区ホームページよりご確認ください。","","","","","投票所","18"
"131083","131083R00019","131083R00019","深川第八中学校","","","令和5年12月10日執行江東区長選挙における情報です。最新の情報については江東区ホームページよりご確認ください。","","","","","投票所","19"
"131083","131083R00020","131083R00020","枝川小学校","","","令和5年12月10日執行江東区長選挙における情報です。最新の情報については江東区ホームページよりご確認ください。","","","","","投票所","20"
"131083","131083R00021","131083R00021","豊洲北小学校","","","令和5年12月10日執行江東区長選挙における情報です。最新の情報については江東区ホームページよりご確認ください。","","","","","投票所","21"
"131083","131083R00022","131083R00022","豊洲小学校","","","令和5年12月10日執行江東区長選挙における情報です。最新の情報については江東区ホームページよりご確認ください。","","","","","投票所","22"
"131083","131083R00023","131083R00023","東雲小学校","","","令和5年12月10日執行江東区長選挙における情報です。最新の情報については江東区ホームページよりご確認ください。","","","","","投票所","23"
"131083","131083R00024","131083R00024","グランチャ東雲","","","令和5年12月10日執行江東区長選挙における情報です。最新の情報については江東区ホームページよりご確認ください。","","","","","投票所","24"
"131083","131083R00025","131083R00025","第二辰巳小学校","","","令和5年12月10日執行江東区長選挙における情報です。最新の情報については江東区ホームページよりご確認ください。","","","","","投票所","25"
"131083","131083R00026","131083R00026","辰巳中学校","","","令和5年12月10日執行江東区長選挙における情報です。最新の情報については江東区ホームページよりご確認ください。","","","","","投票所","26"
"131083","131083R00027","131083R00027","香取小学校","","","令和5年12月10日執行江東区長選挙における情報です。最新の情報については江東区ホームページよりご確認ください。","","","","","投票所","27"
"131083","131083R00028","131083R00028","第一亀戸小学校","","","令和5年12月10日執行江東区長選挙における情報です。最新の情報については江東区ホームページよりご確認ください。","","","","","投票所","28"
"131083","131083R00029","131083R00029","水神小学校","","","令和5年12月10日執行江東区長選挙における情報です。最新の情報については江東区ホームページよりご確認ください。","","","","","投票所","29"
"131083","131083R00030","131083R00030","第三亀戸中学校","","","令和5年12月10日執行江東区長選挙における情報です。最新の情報については江東区ホームページよりご確認ください。","","","","","投票所","30"
"131083","131083R00031","131083R00031","第二亀戸小学校","","","令和5年12月10日執行江東区長選挙における情報です。最新の情報については江東区ホームページよりご確認ください。","","","","","投票所","31"
"131083","131083R00032","131083R00032","浅間竪川小学校","","","令和5年12月10日執行江東区長選挙における情報です。最新の情報については江東区ホームページよりご確認ください。","","","","","投票所","32"
"131083","131083R00033","131083R00033","青少年交流プラザ","","","令和5年12月10日執行江東区長選挙における情報です。最新の情報については江東区ホームページよりご確認ください。","","","","","投票所","33"
"131083","131083R00034","131083R00034","亀戸中学校","","","令和5年12月10日執行江東区長選挙における情報です。最新の情報については江東区ホームページよりご確認ください。","","","","","投票所","34"
"131083","131083R00035","131083R00035","第一大島小学校","","","令和5年12月10日執行江東区長選挙における情報です。最新の情報については江東区ホームページよりご確認ください。","","","","","投票所","35"
"131083","131083R00036","131083R00036","第二大島中学校","","","令和5年12月10日執行江東区長選挙における情報です。最新の情報については江東区ホームページよりご確認ください。","","","","","投票所","36"
"131083","131083R00037","131083R00037","大島南央小学校","","","令和5年12月10日執行江東区長選挙における情報です。最新の情報については江東区ホームページよりご確認ください。","","","","","投票所","37"
"131083","131083R00038","131083R00038","大島幼稚園","","","令和5年12月10日執行江東区長選挙における情報です。最新の情報については江東区ホームページよりご確認ください。","","","","","投票所","38"
"131083","131083R00039","131083R00039","第四大島小学校","","","令和5年12月10日執行江東区長選挙における情報です。最新の情報については江東区ホームページよりご確認ください。","","","","","投票所","39"
"131083","131083R00040","131083R00040","第三大島小学校","","","令和5年12月10日執行江東区長選挙における情報です。最新の情報については江東区ホームページよりご確認ください。","","","","","投票所","40"
"131083","131083R00041","131083R00041","大島中学校","","","令和5年12月10日執行江東区長選挙における情報です。最新の情報については江東区ホームページよりご確認ください。","","","","","投票所","41"
"131083","131083R00042","131083R00042","北砂小学校","","","令和5年12月10日執行江東区長選挙における情報です。最新の情報については江東区ホームページよりご確認ください。","","","","","投票所","42"
"131083","131083R00043","131083R00043","砂町小学校","","","令和5年12月10日執行江東区長選挙における情報です。最新の情報については江東区ホームページよりご確認ください。","","","","","投票所","43"
"131083","131083R00044","131083R00044","小名木川小学校","","","令和5年12月10日執行江東区長選挙における情報です。最新の情報については江東区ホームページよりご確認ください。","","","","","投票所","44"
"131083","131083R00045","131083R00045","亀高小学校","","","令和5年12月10日執行江東区長選挙における情報です。最新の情報については江東区ホームページよりご確認ください。","","","","","投票所","45"
"131083","131083R00046","131083R00046","第六砂町小学校","","","令和5年12月10日執行江東区長選挙における情報です。最新の情報については江東区ホームページよりご確認ください。","","","","","投票所","46"
"131083","131083R00047","131083R00047","東砂小学校","","","令和5年12月10日執行江東区長選挙における情報です。最新の情報については江東区ホームページよりご確認ください。","","","","","投票所","47"
"131083","131083R00048","131083R00048","第七砂町小学校","","","令和5年12月10日執行江東区長選挙における情報です。最新の情報については江東区ホームページよりご確認ください。","","","","","投票所","48"
"131083","131083R00049","131083R00049","東砂スポーツセンター","","","令和5年12月10日執行江東区長選挙における情報です。最新の情報については江東区ホームページよりご確認ください。","","","","","投票所","49"
"131083","131083R00050","131083R00050","第四砂町小学校","","","令和5年12月10日執行江東区長選挙における情報です。最新の情報については江東区ホームページよりご確認ください。","","","","","投票所","50"
"131083","131083R00051","131083R00051","第三砂町小学校","","","令和5年12月10日執行江東区長選挙における情報です。最新の情報については江東区ホームページよりご確認ください。","","","","","投票所","51"
"131083","131083R00052","131083R00052","第二砂町小学校","","","令和5年12月10日執行江東区長選挙における情報です。最新の情報については江東区ホームページよりご確認ください。","","","","","投票所","52"
"131083","131083R00053","131083R00053","南砂小学校","","","令和5年12月10日執行江東区長選挙における情報です。最新の情報については江東区ホームページよりご確認ください。","","","","","投票所","53"
"131083","131083R00054","131083R00054","第三砂町中学校","","","令和5年12月10日執行江東区長選挙における情報です。最新の情報については江東区ホームページよりご確認ください。","","","","","投票所","54"
"131083","131083R00055","131083R00055","第二砂町中学校","","","令和5年12月10日執行江東区長選挙における情報です。最新の情報については江東区ホームページよりご確認ください。","","","","","投票所","55"
"131083","131083R00056","131083R00056","有明西学園","","","令和5年12月10日執行江東区長選挙における情報です。最新の情報については江東区ホームページよりご確認ください。","","","","","投票所","56"
"131083","131083R00057","131083R00057","豊洲シビックセンター","","","令和5年12月10日執行江東区長選挙における情報です。最新の情報については江東区ホームページよりご確認ください。","","","","","投票所","57"
"131083","131083R00058","131083R00058","江東区役所","","","令和5年12月10日執行江東区長選挙における情報です。最新の情報については江東区ホームページよりご確認ください。","","","","","期日前投票所",""
"131083","131083R00059","131083R00059","森下文化センター","","","令和5年12月10日執行江東区長選挙における情報です。最新の情報については江東区ホームページよりご確認ください。","","","","","期日前投票所",""
"131083","131083R00060","131083R00060","富岡区民館","","","令和5年12月10日執行江東区長選挙における情報です。最新の情報については江東区ホームページよりご確認ください。","","","","","期日前投票所",""
"131083","131083R00061","131083R00061","豊洲シビックセンター","","","令和5年12月10日執行江東区長選挙における情報です。最新の情報については江東区ホームページよりご確認ください。","","","","","期日前投票所",""
"131083","131083R00062","131083R00062","小松橋区民館","","","令和5年12月10日執行江東区長選挙における情報です。最新の情報については江東区ホームページよりご確認ください。","","","","","期日前投票所",""
"131083","131083R00063","131083R00063","カメリアプラザ","","","令和5年12月10日執行江東区長選挙における情報です。最新の情報については江東区ホームページよりご確認ください。","","","","","期日前投票所",""
"131083","131083R00064","131083R00064","総合区民センター","","","令和5年12月10日執行江東区長選挙における情報です。最新の情報については江東区ホームページよりご確認ください。","","","","","期日前投票所",""
"131083","131083R00065","131083R00065","砂町区民館","","","令和5年12月10日執行江東区長選挙における情報です。最新の情報については江東区ホームページよりご確認ください。","","","","","期日前投票所",""
"131083","131083R00066","131083R00066","南砂区民館","","","令和5年12月10日執行江東区長選挙における情報です。最新の情報については江東区ホームページよりご確認ください。","","","","","期日前投票所",""
