﻿地点番号,地点名,交差道路名,調査年月,管轄警察署,流入方向,流出方向,時間帯等,大型乗用,大型貨物,普通乗用,普通貨物,四輪計,二輪車
329,保谷中南,伏見通り×新青梅街道,R4/10,田無,A 新座,1.丸山陸橋,7,0,1,8,11,20,0
329,保谷中南,伏見通り×新青梅街道,R4/10,田無,A 新座,1.丸山陸橋,8,0,0,14,15,29,2
329,保谷中南,伏見通り×新青梅街道,R4/10,田無,A 新座,1.丸山陸橋,9,0,1,23,20,44,0
329,保谷中南,伏見通り×新青梅街道,R4/10,田無,A 新座,1.丸山陸橋,10,0,0,22,19,41,1
329,保谷中南,伏見通り×新青梅街道,R4/10,田無,A 新座,1.丸山陸橋,11,0,0,25,22,47,1
329,保谷中南,伏見通り×新青梅街道,R4/10,田無,A 新座,1.丸山陸橋,12,0,1,21,12,34,3
329,保谷中南,伏見通り×新青梅街道,R4/10,田無,A 新座,1.丸山陸橋,13,0,0,36,22,58,1
329,保谷中南,伏見通り×新青梅街道,R4/10,田無,A 新座,1.丸山陸橋,14,1,0,31,15,47,3
329,保谷中南,伏見通り×新青梅街道,R4/10,田無,A 新座,1.丸山陸橋,15,1,1,35,17,54,5
329,保谷中南,伏見通り×新青梅街道,R4/10,田無,A 新座,1.丸山陸橋,16,0,1,27,15,43,2
329,保谷中南,伏見通り×新青梅街道,R4/10,田無,A 新座,1.丸山陸橋,17,0,0,20,11,31,1
329,保谷中南,伏見通り×新青梅街道,R4/10,田無,A 新座,1.丸山陸橋,18,0,0,14,9,23,4
329,保谷中南,伏見通り×新青梅街道,R4/10,田無,A 新座,1.丸山陸橋,12時間計,2,5,276,188,471,23
329,保谷中南,伏見通り×新青梅街道,R4/10,田無,A 新座,2.調布,7,4,9,292,251,556,51
329,保谷中南,伏見通り×新青梅街道,R4/10,田無,A 新座,2.調布,8,3,11,299,170,483,48
329,保谷中南,伏見通り×新青梅街道,R4/10,田無,A 新座,2.調布,9,4,10,280,166,460,24
329,保谷中南,伏見通り×新青梅街道,R4/10,田無,A 新座,2.調布,10,2,15,236,169,422,24
329,保谷中南,伏見通り×新青梅街道,R4/10,田無,A 新座,2.調布,11,3,20,187,153,363,21
329,保谷中南,伏見通り×新青梅街道,R4/10,田無,A 新座,2.調布,12,3,17,197,143,360,14
329,保谷中南,伏見通り×新青梅街道,R4/10,田無,A 新座,2.調布,13,3,14,168,112,297,22
329,保谷中南,伏見通り×新青梅街道,R4/10,田無,A 新座,2.調布,14,5,9,221,108,343,18
329,保谷中南,伏見通り×新青梅街道,R4/10,田無,A 新座,2.調布,15,3,8,203,138,352,15
329,保谷中南,伏見通り×新青梅街道,R4/10,田無,A 新座,2.調布,16,2,5,262,153,422,28
329,保谷中南,伏見通り×新青梅街道,R4/10,田無,A 新座,2.調布,17,3,12,322,164,501,35
329,保谷中南,伏見通り×新青梅街道,R4/10,田無,A 新座,2.調布,18,3,6,308,116,433,25
329,保谷中南,伏見通り×新青梅街道,R4/10,田無,A 新座,2.調布,12時間計,38,136,2975,1843,4992,325
329,保谷中南,伏見通り×新青梅街道,R4/10,田無,A 新座,3.野口橋,7,2,0,27,13,42,5
329,保谷中南,伏見通り×新青梅街道,R4/10,田無,A 新座,3.野口橋,8,0,0,45,41,86,1
329,保谷中南,伏見通り×新青梅街道,R4/10,田無,A 新座,3.野口橋,9,2,2,34,25,63,1
329,保谷中南,伏見通り×新青梅街道,R4/10,田無,A 新座,3.野口橋,10,0,0,44,14,58,1
329,保谷中南,伏見通り×新青梅街道,R4/10,田無,A 新座,3.野口橋,11,0,1,44,14,59,5
329,保谷中南,伏見通り×新青梅街道,R4/10,田無,A 新座,3.野口橋,12,0,0,41,20,61,3
329,保谷中南,伏見通り×新青梅街道,R4/10,田無,A 新座,3.野口橋,13,0,1,38,25,64,3
329,保谷中南,伏見通り×新青梅街道,R4/10,田無,A 新座,3.野口橋,14,2,0,37,24,63,1
329,保谷中南,伏見通り×新青梅街道,R4/10,田無,A 新座,3.野口橋,15,0,1,32,20,53,0
329,保谷中南,伏見通り×新青梅街道,R4/10,田無,A 新座,3.野口橋,16,0,0,56,23,79,2
329,保谷中南,伏見通り×新青梅街道,R4/10,田無,A 新座,3.野口橋,17,1,0,57,39,97,0
329,保谷中南,伏見通り×新青梅街道,R4/10,田無,A 新座,3.野口橋,18,0,0,59,26,85,4
329,保谷中南,伏見通り×新青梅街道,R4/10,田無,A 新座,3.野口橋,12時間計,7,5,514,284,810,26
329,保谷中南,伏見通り×新青梅街道,R4/10,田無,A 新座,流入計,7,6,10,327,275,618,56
329,保谷中南,伏見通り×新青梅街道,R4/10,田無,A 新座,流入計,8,3,11,358,226,598,51
329,保谷中南,伏見通り×新青梅街道,R4/10,田無,A 新座,流入計,9,6,13,337,211,567,25
329,保谷中南,伏見通り×新青梅街道,R4/10,田無,A 新座,流入計,10,2,15,302,202,521,26
329,保谷中南,伏見通り×新青梅街道,R4/10,田無,A 新座,流入計,11,3,21,256,189,469,27
329,保谷中南,伏見通り×新青梅街道,R4/10,田無,A 新座,流入計,12,3,18,259,175,455,20
329,保谷中南,伏見通り×新青梅街道,R4/10,田無,A 新座,流入計,13,3,15,242,159,419,26
329,保谷中南,伏見通り×新青梅街道,R4/10,田無,A 新座,流入計,14,8,9,289,147,453,22
329,保谷中南,伏見通り×新青梅街道,R4/10,田無,A 新座,流入計,15,4,10,270,175,459,20
329,保谷中南,伏見通り×新青梅街道,R4/10,田無,A 新座,流入計,16,2,6,345,191,544,32
329,保谷中南,伏見通り×新青梅街道,R4/10,田無,A 新座,流入計,17,4,12,399,214,629,36
329,保谷中南,伏見通り×新青梅街道,R4/10,田無,A 新座,流入計,18,3,6,381,151,541,33
329,保谷中南,伏見通り×新青梅街道,R4/10,田無,A 新座,流入計,12時間計,47,146,3765,2315,6273,374
329,保谷中南,伏見通り×新青梅街道,R4/10,田無,B 野口橋,4.新座,7,0,1,10,6,17,1
329,保谷中南,伏見通り×新青梅街道,R4/10,田無,B 野口橋,4.新座,8,1,3,15,13,32,1
329,保谷中南,伏見通り×新青梅街道,R4/10,田無,B 野口橋,4.新座,9,0,0,16,7,23,1
329,保谷中南,伏見通り×新青梅街道,R4/10,田無,B 野口橋,4.新座,10,0,1,17,15,33,3
329,保谷中南,伏見通り×新青梅街道,R4/10,田無,B 野口橋,4.新座,11,0,0,19,11,30,2
329,保谷中南,伏見通り×新青梅街道,R4/10,田無,B 野口橋,4.新座,12,0,0,32,12,44,4
329,保谷中南,伏見通り×新青梅街道,R4/10,田無,B 野口橋,4.新座,13,0,0,33,9,42,1
329,保谷中南,伏見通り×新青梅街道,R4/10,田無,B 野口橋,4.新座,14,0,1,23,15,39,1
329,保谷中南,伏見通り×新青梅街道,R4/10,田無,B 野口橋,4.新座,15,0,0,24,14,38,4
329,保谷中南,伏見通り×新青梅街道,R4/10,田無,B 野口橋,4.新座,16,1,0,30,17,48,1
329,保谷中南,伏見通り×新青梅街道,R4/10,田無,B 野口橋,4.新座,17,1,0,47,11,59,2
329,保谷中南,伏見通り×新青梅街道,R4/10,田無,B 野口橋,4.新座,18,0,0,28,12,40,4
329,保谷中南,伏見通り×新青梅街道,R4/10,田無,B 野口橋,4.新座,12時間計,3,6,294,142,445,25
329,保谷中南,伏見通り×新青梅街道,R4/10,田無,B 野口橋,5.丸山陸橋,7,2,15,265,276,558,70
329,保谷中南,伏見通り×新青梅街道,R4/10,田無,B 野口橋,5.丸山陸橋,8,2,7,249,199,457,33
329,保谷中南,伏見通り×新青梅街道,R4/10,田無,B 野口橋,5.丸山陸橋,9,2,8,252,210,472,36
329,保谷中南,伏見通り×新青梅街道,R4/10,田無,B 野口橋,5.丸山陸橋,10,0,13,245,166,424,23
329,保谷中南,伏見通り×新青梅街道,R4/10,田無,B 野口橋,5.丸山陸橋,11,0,16,258,163,437,34
329,保谷中南,伏見通り×新青梅街道,R4/10,田無,B 野口橋,5.丸山陸橋,12,1,10,314,176,501,23
329,保谷中南,伏見通り×新青梅街道,R4/10,田無,B 野口橋,5.丸山陸橋,13,2,8,275,165,450,19
329,保谷中南,伏見通り×新青梅街道,R4/10,田無,B 野口橋,5.丸山陸橋,14,2,8,342,129,481,32
329,保谷中南,伏見通り×新青梅街道,R4/10,田無,B 野口橋,5.丸山陸橋,15,1,3,341,123,468,36
329,保谷中南,伏見通り×新青梅街道,R4/10,田無,B 野口橋,5.丸山陸橋,16,0,3,301,163,467,22
329,保谷中南,伏見通り×新青梅街道,R4/10,田無,B 野口橋,5.丸山陸橋,17,0,3,277,168,448,40
329,保谷中南,伏見通り×新青梅街道,R4/10,田無,B 野口橋,5.丸山陸橋,18,2,1,371,102,476,45
329,保谷中南,伏見通り×新青梅街道,R4/10,田無,B 野口橋,5.丸山陸橋,12時間計,14,95,3490,2040,5639,413
329,保谷中南,伏見通り×新青梅街道,R4/10,田無,B 野口橋,6.調布,7,0,3,17,14,34,2
329,保谷中南,伏見通り×新青梅街道,R4/10,田無,B 野口橋,6.調布,8,1,0,19,7,27,8
329,保谷中南,伏見通り×新青梅街道,R4/10,田無,B 野口橋,6.調布,9,0,0,28,16,44,5
329,保谷中南,伏見通り×新青梅街道,R4/10,田無,B 野口橋,6.調布,10,0,0,28,16,44,4
329,保谷中南,伏見通り×新青梅街道,R4/10,田無,B 野口橋,6.調布,11,0,1,30,10,41,0
329,保谷中南,伏見通り×新青梅街道,R4/10,田無,B 野口橋,6.調布,12,0,0,23,13,36,6
329,保谷中南,伏見通り×新青梅街道,R4/10,田無,B 野口橋,6.調布,13,0,0,31,15,46,3
329,保谷中南,伏見通り×新青梅街道,R4/10,田無,B 野口橋,6.調布,14,0,0,40,13,53,4
329,保谷中南,伏見通り×新青梅街道,R4/10,田無,B 野口橋,6.調布,15,0,0,32,18,50,4
329,保谷中南,伏見通り×新青梅街道,R4/10,田無,B 野口橋,6.調布,16,0,0,39,23,62,4
329,保谷中南,伏見通り×新青梅街道,R4/10,田無,B 野口橋,6.調布,17,1,0,52,14,67,3
329,保谷中南,伏見通り×新青梅街道,R4/10,田無,B 野口橋,6.調布,18,1,0,43,13,57,7
329,保谷中南,伏見通り×新青梅街道,R4/10,田無,B 野口橋,6.調布,12時間計,3,4,382,172,561,50
329,保谷中南,伏見通り×新青梅街道,R4/10,田無,B 野口橋,流入計,7,2,19,292,296,609,73
329,保谷中南,伏見通り×新青梅街道,R4/10,田無,B 野口橋,流入計,8,4,10,283,219,516,42
329,保谷中南,伏見通り×新青梅街道,R4/10,田無,B 野口橋,流入計,9,2,8,296,233,539,42
329,保谷中南,伏見通り×新青梅街道,R4/10,田無,B 野口橋,流入計,10,0,14,290,197,501,30
329,保谷中南,伏見通り×新青梅街道,R4/10,田無,B 野口橋,流入計,11,0,17,307,184,508,36
329,保谷中南,伏見通り×新青梅街道,R4/10,田無,B 野口橋,流入計,12,1,10,369,201,581,33
329,保谷中南,伏見通り×新青梅街道,R4/10,田無,B 野口橋,流入計,13,2,8,339,189,538,23
329,保谷中南,伏見通り×新青梅街道,R4/10,田無,B 野口橋,流入計,14,2,9,405,157,573,37
329,保谷中南,伏見通り×新青梅街道,R4/10,田無,B 野口橋,流入計,15,1,3,397,155,556,44
329,保谷中南,伏見通り×新青梅街道,R4/10,田無,B 野口橋,流入計,16,1,3,370,203,577,27
329,保谷中南,伏見通り×新青梅街道,R4/10,田無,B 野口橋,流入計,17,2,3,376,193,574,45
329,保谷中南,伏見通り×新青梅街道,R4/10,田無,B 野口橋,流入計,18,3,1,442,127,573,56
329,保谷中南,伏見通り×新青梅街道,R4/10,田無,B 野口橋,流入計,12時間計,20,105,4166,2354,6645,488
329,保谷中南,伏見通り×新青梅街道,R4/10,田無,C 調布,7.野口橋,7,4,1,23,14,42,1
329,保谷中南,伏見通り×新青梅街道,R4/10,田無,C 調布,7.野口橋,8,1,0,24,21,46,2
329,保谷中南,伏見通り×新青梅街道,R4/10,田無,C 調布,7.野口橋,9,2,0,17,21,40,4
329,保谷中南,伏見通り×新青梅街道,R4/10,田無,C 調布,7.野口橋,10,1,1,24,22,48,2
329,保谷中南,伏見通り×新青梅街道,R4/10,田無,C 調布,7.野口橋,11,1,0,25,15,41,7
329,保谷中南,伏見通り×新青梅街道,R4/10,田無,C 調布,7.野口橋,12,0,0,31,25,56,3
329,保谷中南,伏見通り×新青梅街道,R4/10,田無,C 調布,7.野口橋,13,0,0,26,22,48,2
329,保谷中南,伏見通り×新青梅街道,R4/10,田無,C 調布,7.野口橋,14,0,0,37,17,54,2
329,保谷中南,伏見通り×新青梅街道,R4/10,田無,C 調布,7.野口橋,15,1,0,23,24,48,7
329,保谷中南,伏見通り×新青梅街道,R4/10,田無,C 調布,7.野口橋,16,2,0,22,10,34,8
329,保谷中南,伏見通り×新青梅街道,R4/10,田無,C 調布,7.野口橋,17,0,0,41,5,46,3
329,保谷中南,伏見通り×新青梅街道,R4/10,田無,C 調布,7.野口橋,18,1,0,34,7,42,7
329,保谷中南,伏見通り×新青梅街道,R4/10,田無,C 調布,7.野口橋,12時間計,13,2,327,203,545,48
329,保谷中南,伏見通り×新青梅街道,R4/10,田無,C 調布,8.新座,7,3,6,286,213,508,25
329,保谷中南,伏見通り×新青梅街道,R4/10,田無,C 調布,8.新座,8,5,17,298,177,497,20
329,保谷中南,伏見通り×新青梅街道,R4/10,田無,C 調布,8.新座,9,3,25,241,188,457,15
329,保谷中南,伏見通り×新青梅街道,R4/10,田無,C 調布,8.新座,10,6,15,225,196,442,13
329,保谷中南,伏見通り×新青梅街道,R4/10,田無,C 調布,8.新座,11,3,12,212,188,415,23
329,保谷中南,伏見通り×新青梅街道,R4/10,田無,C 調布,8.新座,12,3,14,199,165,381,14
329,保谷中南,伏見通り×新青梅街道,R4/10,田無,C 調布,8.新座,13,5,16,206,218,445,24
329,保谷中南,伏見通り×新青梅街道,R4/10,田無,C 調布,8.新座,14,4,13,216,201,434,13
329,保谷中南,伏見通り×新青梅街道,R4/10,田無,C 調布,8.新座,15,5,4,266,180,455,17
329,保谷中南,伏見通り×新青梅街道,R4/10,田無,C 調布,8.新座,16,4,8,257,200,469,19
329,保谷中南,伏見通り×新青梅街道,R4/10,田無,C 調布,8.新座,17,2,5,346,249,602,44
329,保谷中南,伏見通り×新青梅街道,R4/10,田無,C 調布,8.新座,18,7,3,363,241,614,44
329,保谷中南,伏見通り×新青梅街道,R4/10,田無,C 調布,8.新座,12時間計,50,138,3115,2416,5719,271
329,保谷中南,伏見通り×新青梅街道,R4/10,田無,C 調布,9.丸山陸橋,7,4,3,110,71,188,10
329,保谷中南,伏見通り×新青梅街道,R4/10,田無,C 調布,9.丸山陸橋,8,3,4,121,61,189,6
329,保谷中南,伏見通り×新青梅街道,R4/10,田無,C 調布,9.丸山陸橋,9,1,2,100,78,181,1
329,保谷中南,伏見通り×新青梅街道,R4/10,田無,C 調布,9.丸山陸橋,10,0,5,63,44,112,3
329,保谷中南,伏見通り×新青梅街道,R4/10,田無,C 調布,9.丸山陸橋,11,0,3,65,52,120,1
329,保谷中南,伏見通り×新青梅街道,R4/10,田無,C 調布,9.丸山陸橋,12,0,3,81,57,141,2
329,保谷中南,伏見通り×新青梅街道,R4/10,田無,C 調布,9.丸山陸橋,13,0,0,91,49,140,5
329,保谷中南,伏見通り×新青梅街道,R4/10,田無,C 調布,9.丸山陸橋,14,1,2,84,49,136,5
329,保谷中南,伏見通り×新青梅街道,R4/10,田無,C 調布,9.丸山陸橋,15,2,1,91,51,145,6
329,保谷中南,伏見通り×新青梅街道,R4/10,田無,C 調布,9.丸山陸橋,16,0,0,103,69,172,8
329,保谷中南,伏見通り×新青梅街道,R4/10,田無,C 調布,9.丸山陸橋,17,2,1,98,34,135,9
329,保谷中南,伏見通り×新青梅街道,R4/10,田無,C 調布,9.丸山陸橋,18,0,0,95,45,140,11
329,保谷中南,伏見通り×新青梅街道,R4/10,田無,C 調布,9.丸山陸橋,12時間計,13,24,1102,660,1799,67
329,保谷中南,伏見通り×新青梅街道,R4/10,田無,C 調布,流入計,7,11,10,419,298,738,36
329,保谷中南,伏見通り×新青梅街道,R4/10,田無,C 調布,流入計,8,9,21,443,259,732,28
329,保谷中南,伏見通り×新青梅街道,R4/10,田無,C 調布,流入計,9,6,27,358,287,678,20
329,保谷中南,伏見通り×新青梅街道,R4/10,田無,C 調布,流入計,10,7,21,312,262,602,18
329,保谷中南,伏見通り×新青梅街道,R4/10,田無,C 調布,流入計,11,4,15,302,255,576,31
329,保谷中南,伏見通り×新青梅街道,R4/10,田無,C 調布,流入計,12,3,17,311,247,578,19
329,保谷中南,伏見通り×新青梅街道,R4/10,田無,C 調布,流入計,13,5,16,323,289,633,31
329,保谷中南,伏見通り×新青梅街道,R4/10,田無,C 調布,流入計,14,5,15,337,267,624,20
329,保谷中南,伏見通り×新青梅街道,R4/10,田無,C 調布,流入計,15,8,5,380,255,648,30
329,保谷中南,伏見通り×新青梅街道,R4/10,田無,C 調布,流入計,16,6,8,382,279,675,35
329,保谷中南,伏見通り×新青梅街道,R4/10,田無,C 調布,流入計,17,4,6,485,288,783,56
329,保谷中南,伏見通り×新青梅街道,R4/10,田無,C 調布,流入計,18,8,3,492,293,796,62
329,保谷中南,伏見通り×新青梅街道,R4/10,田無,C 調布,流入計,12時間計,76,164,4544,3279,8063,386
329,保谷中南,伏見通り×新青梅街道,R4/10,田無,D 丸山陸橋,10.調布,7,1,3,60,47,111,8
329,保谷中南,伏見通り×新青梅街道,R4/10,田無,D 丸山陸橋,10.調布,8,1,3,60,42,106,6
329,保谷中南,伏見通り×新青梅街道,R4/10,田無,D 丸山陸橋,10.調布,9,2,1,54,41,98,6
329,保谷中南,伏見通り×新青梅街道,R4/10,田無,D 丸山陸橋,10.調布,10,0,5,72,49,126,6
329,保谷中南,伏見通り×新青梅街道,R4/10,田無,D 丸山陸橋,10.調布,11,0,2,65,42,109,4
329,保谷中南,伏見通り×新青梅街道,R4/10,田無,D 丸山陸橋,10.調布,12,0,0,49,22,71,5
329,保谷中南,伏見通り×新青梅街道,R4/10,田無,D 丸山陸橋,10.調布,13,0,3,47,32,82,7
329,保谷中南,伏見通り×新青梅街道,R4/10,田無,D 丸山陸橋,10.調布,14,3,1,60,35,99,4
329,保谷中南,伏見通り×新青梅街道,R4/10,田無,D 丸山陸橋,10.調布,15,1,0,37,35,73,0
329,保谷中南,伏見通り×新青梅街道,R4/10,田無,D 丸山陸橋,10.調布,16,0,0,52,32,84,5
329,保谷中南,伏見通り×新青梅街道,R4/10,田無,D 丸山陸橋,10.調布,17,2,2,61,28,93,7
329,保谷中南,伏見通り×新青梅街道,R4/10,田無,D 丸山陸橋,10.調布,18,1,1,48,25,75,8
329,保谷中南,伏見通り×新青梅街道,R4/10,田無,D 丸山陸橋,10.調布,12時間計,11,21,665,430,1127,66
329,保谷中南,伏見通り×新青梅街道,R4/10,田無,D 丸山陸橋,11.野口橋,7,3,2,238,209,452,39
329,保谷中南,伏見通り×新青梅街道,R4/10,田無,D 丸山陸橋,11.野口橋,8,2,7,225,194,428,27
329,保谷中南,伏見通り×新青梅街道,R4/10,田無,D 丸山陸橋,11.野口橋,9,0,7,262,171,440,16
329,保谷中南,伏見通り×新青梅街道,R4/10,田無,D 丸山陸橋,11.野口橋,10,0,11,232,164,407,21
329,保谷中南,伏見通り×新青梅街道,R4/10,田無,D 丸山陸橋,11.野口橋,11,0,10,277,154,441,19
329,保谷中南,伏見通り×新青梅街道,R4/10,田無,D 丸山陸橋,11.野口橋,12,2,15,288,161,466,19
329,保谷中南,伏見通り×新青梅街道,R4/10,田無,D 丸山陸橋,11.野口橋,13,1,11,283,120,415,36
329,保谷中南,伏見通り×新青梅街道,R4/10,田無,D 丸山陸橋,11.野口橋,14,3,12,271,167,453,28
329,保谷中南,伏見通り×新青梅街道,R4/10,田無,D 丸山陸橋,11.野口橋,15,2,10,287,164,463,27
329,保谷中南,伏見通り×新青梅街道,R4/10,田無,D 丸山陸橋,11.野口橋,16,1,3,255,146,405,41
329,保谷中南,伏見通り×新青梅街道,R4/10,田無,D 丸山陸橋,11.野口橋,17,3,7,212,179,401,43
329,保谷中南,伏見通り×新青梅街道,R4/10,田無,D 丸山陸橋,11.野口橋,18,0,1,303,185,489,52
329,保谷中南,伏見通り×新青梅街道,R4/10,田無,D 丸山陸橋,11.野口橋,12時間計,17,96,3133,2014,5260,368
329,保谷中南,伏見通り×新青梅街道,R4/10,田無,D 丸山陸橋,12.新座,7,0,1,14,4,19,1
329,保谷中南,伏見通り×新青梅街道,R4/10,田無,D 丸山陸橋,12.新座,8,0,0,13,12,25,0
329,保谷中南,伏見通り×新青梅街道,R4/10,田無,D 丸山陸橋,12.新座,9,0,0,20,18,38,0
329,保谷中南,伏見通り×新青梅街道,R4/10,田無,D 丸山陸橋,12.新座,10,0,0,17,17,34,5
329,保谷中南,伏見通り×新青梅街道,R4/10,田無,D 丸山陸橋,12.新座,11,0,1,21,8,30,0
329,保谷中南,伏見通り×新青梅街道,R4/10,田無,D 丸山陸橋,12.新座,12,0,0,15,8,23,1
329,保谷中南,伏見通り×新青梅街道,R4/10,田無,D 丸山陸橋,12.新座,13,0,0,27,16,43,1
329,保谷中南,伏見通り×新青梅街道,R4/10,田無,D 丸山陸橋,12.新座,14,0,0,18,15,33,1
329,保谷中南,伏見通り×新青梅街道,R4/10,田無,D 丸山陸橋,12.新座,15,1,0,29,16,46,1
329,保谷中南,伏見通り×新青梅街道,R4/10,田無,D 丸山陸橋,12.新座,16,0,0,23,20,43,1
329,保谷中南,伏見通り×新青梅街道,R4/10,田無,D 丸山陸橋,12.新座,17,0,0,16,12,28,2
329,保谷中南,伏見通り×新青梅街道,R4/10,田無,D 丸山陸橋,12.新座,18,0,1,17,7,25,0
329,保谷中南,伏見通り×新青梅街道,R4/10,田無,D 丸山陸橋,12.新座,12時間計,1,3,230,153,387,13
329,保谷中南,伏見通り×新青梅街道,R4/10,田無,D 丸山陸橋,流入計,7,4,6,312,260,582,48
329,保谷中南,伏見通り×新青梅街道,R4/10,田無,D 丸山陸橋,流入計,8,3,10,298,248,559,33
329,保谷中南,伏見通り×新青梅街道,R4/10,田無,D 丸山陸橋,流入計,9,2,8,336,230,576,22
329,保谷中南,伏見通り×新青梅街道,R4/10,田無,D 丸山陸橋,流入計,10,0,16,321,230,567,32
329,保谷中南,伏見通り×新青梅街道,R4/10,田無,D 丸山陸橋,流入計,11,0,13,363,204,580,23
329,保谷中南,伏見通り×新青梅街道,R4/10,田無,D 丸山陸橋,流入計,12,2,15,352,191,560,25
329,保谷中南,伏見通り×新青梅街道,R4/10,田無,D 丸山陸橋,流入計,13,1,14,357,168,540,44
329,保谷中南,伏見通り×新青梅街道,R4/10,田無,D 丸山陸橋,流入計,14,6,13,349,217,585,33
329,保谷中南,伏見通り×新青梅街道,R4/10,田無,D 丸山陸橋,流入計,15,4,10,353,215,582,28
329,保谷中南,伏見通り×新青梅街道,R4/10,田無,D 丸山陸橋,流入計,16,1,3,330,198,532,47
329,保谷中南,伏見通り×新青梅街道,R4/10,田無,D 丸山陸橋,流入計,17,5,9,289,219,522,52
329,保谷中南,伏見通り×新青梅街道,R4/10,田無,D 丸山陸橋,流入計,18,1,3,368,217,589,60
329,保谷中南,伏見通り×新青梅街道,R4/10,田無,D 丸山陸橋,流入計,12時間計,29,120,4028,2597,6774,447
