﻿地点番号,地点名,交差道路名,調査年月,管轄警察署,流入方向,流出方向,時間帯等,車道通行自転車,歩道通行自転車,自転車計
329,保谷中南,伏見通り×新青梅街道,R4/10,田無,A 新座,1丸山陸橋,7,0,-,-
329,保谷中南,伏見通り×新青梅街道,R4/10,田無,A 新座,1丸山陸橋,8,0,-,-
329,保谷中南,伏見通り×新青梅街道,R4/10,田無,A 新座,1丸山陸橋,9,0,-,-
329,保谷中南,伏見通り×新青梅街道,R4/10,田無,A 新座,1丸山陸橋,10,0,-,-
329,保谷中南,伏見通り×新青梅街道,R4/10,田無,A 新座,1丸山陸橋,11,0,-,-
329,保谷中南,伏見通り×新青梅街道,R4/10,田無,A 新座,1丸山陸橋,12,0,-,-
329,保谷中南,伏見通り×新青梅街道,R4/10,田無,A 新座,1丸山陸橋,13,0,-,-
329,保谷中南,伏見通り×新青梅街道,R4/10,田無,A 新座,1丸山陸橋,14,0,-,-
329,保谷中南,伏見通り×新青梅街道,R4/10,田無,A 新座,1丸山陸橋,15,0,-,-
329,保谷中南,伏見通り×新青梅街道,R4/10,田無,A 新座,1丸山陸橋,16,0,-,-
329,保谷中南,伏見通り×新青梅街道,R4/10,田無,A 新座,1丸山陸橋,17,0,-,-
329,保谷中南,伏見通り×新青梅街道,R4/10,田無,A 新座,1丸山陸橋,18,0,-,-
329,保谷中南,伏見通り×新青梅街道,R4/10,田無,A 新座,1丸山陸橋,12時間計,0,-,-
329,保谷中南,伏見通り×新青梅街道,R4/10,田無,A 新座,2調布,7,2,-,-
329,保谷中南,伏見通り×新青梅街道,R4/10,田無,A 新座,2調布,8,3,-,-
329,保谷中南,伏見通り×新青梅街道,R4/10,田無,A 新座,2調布,9,0,-,-
329,保谷中南,伏見通り×新青梅街道,R4/10,田無,A 新座,2調布,10,0,-,-
329,保谷中南,伏見通り×新青梅街道,R4/10,田無,A 新座,2調布,11,0,-,-
329,保谷中南,伏見通り×新青梅街道,R4/10,田無,A 新座,2調布,12,0,-,-
329,保谷中南,伏見通り×新青梅街道,R4/10,田無,A 新座,2調布,13,1,-,-
329,保谷中南,伏見通り×新青梅街道,R4/10,田無,A 新座,2調布,14,0,-,-
329,保谷中南,伏見通り×新青梅街道,R4/10,田無,A 新座,2調布,15,0,-,-
329,保谷中南,伏見通り×新青梅街道,R4/10,田無,A 新座,2調布,16,1,-,-
329,保谷中南,伏見通り×新青梅街道,R4/10,田無,A 新座,2調布,17,1,-,-
329,保谷中南,伏見通り×新青梅街道,R4/10,田無,A 新座,2調布,18,1,-,-
329,保谷中南,伏見通り×新青梅街道,R4/10,田無,A 新座,2調布,12時間計,9,-,-
329,保谷中南,伏見通り×新青梅街道,R4/10,田無,A 新座,3野口橋,7,12,-,-
329,保谷中南,伏見通り×新青梅街道,R4/10,田無,A 新座,3野口橋,8,1,-,-
329,保谷中南,伏見通り×新青梅街道,R4/10,田無,A 新座,3野口橋,9,0,-,-
329,保谷中南,伏見通り×新青梅街道,R4/10,田無,A 新座,3野口橋,10,0,-,-
329,保谷中南,伏見通り×新青梅街道,R4/10,田無,A 新座,3野口橋,11,0,-,-
329,保谷中南,伏見通り×新青梅街道,R4/10,田無,A 新座,3野口橋,12,4,-,-
329,保谷中南,伏見通り×新青梅街道,R4/10,田無,A 新座,3野口橋,13,2,-,-
329,保谷中南,伏見通り×新青梅街道,R4/10,田無,A 新座,3野口橋,14,0,-,-
329,保谷中南,伏見通り×新青梅街道,R4/10,田無,A 新座,3野口橋,15,0,-,-
329,保谷中南,伏見通り×新青梅街道,R4/10,田無,A 新座,3野口橋,16,0,-,-
329,保谷中南,伏見通り×新青梅街道,R4/10,田無,A 新座,3野口橋,17,0,-,-
329,保谷中南,伏見通り×新青梅街道,R4/10,田無,A 新座,3野口橋,18,2,-,-
329,保谷中南,伏見通り×新青梅街道,R4/10,田無,A 新座,3野口橋,12時間計,21,-,-
329,保谷中南,伏見通り×新青梅街道,R4/10,田無,A 新座,流入計,7,14,113,127
329,保谷中南,伏見通り×新青梅街道,R4/10,田無,A 新座,流入計,8,4,223,227
329,保谷中南,伏見通り×新青梅街道,R4/10,田無,A 新座,流入計,9,0,97,97
329,保谷中南,伏見通り×新青梅街道,R4/10,田無,A 新座,流入計,10,0,101,101
329,保谷中南,伏見通り×新青梅街道,R4/10,田無,A 新座,流入計,11,0,75,75
329,保谷中南,伏見通り×新青梅街道,R4/10,田無,A 新座,流入計,12,4,68,72
329,保谷中南,伏見通り×新青梅街道,R4/10,田無,A 新座,流入計,13,3,79,82
329,保谷中南,伏見通り×新青梅街道,R4/10,田無,A 新座,流入計,14,0,55,55
329,保谷中南,伏見通り×新青梅街道,R4/10,田無,A 新座,流入計,15,0,93,93
329,保谷中南,伏見通り×新青梅街道,R4/10,田無,A 新座,流入計,16,1,105,106
329,保谷中南,伏見通り×新青梅街道,R4/10,田無,A 新座,流入計,17,1,87,88
329,保谷中南,伏見通り×新青梅街道,R4/10,田無,A 新座,流入計,18,3,66,69
329,保谷中南,伏見通り×新青梅街道,R4/10,田無,A 新座,流入計,12時間計,30,1162,1192
329,保谷中南,伏見通り×新青梅街道,R4/10,田無,B 野口橋,4新座,7,0,-,-
329,保谷中南,伏見通り×新青梅街道,R4/10,田無,B 野口橋,4新座,8,0,-,-
329,保谷中南,伏見通り×新青梅街道,R4/10,田無,B 野口橋,4新座,9,0,-,-
329,保谷中南,伏見通り×新青梅街道,R4/10,田無,B 野口橋,4新座,10,0,-,-
329,保谷中南,伏見通り×新青梅街道,R4/10,田無,B 野口橋,4新座,11,0,-,-
329,保谷中南,伏見通り×新青梅街道,R4/10,田無,B 野口橋,4新座,12,0,-,-
329,保谷中南,伏見通り×新青梅街道,R4/10,田無,B 野口橋,4新座,13,0,-,-
329,保谷中南,伏見通り×新青梅街道,R4/10,田無,B 野口橋,4新座,14,0,-,-
329,保谷中南,伏見通り×新青梅街道,R4/10,田無,B 野口橋,4新座,15,0,-,-
329,保谷中南,伏見通り×新青梅街道,R4/10,田無,B 野口橋,4新座,16,0,-,-
329,保谷中南,伏見通り×新青梅街道,R4/10,田無,B 野口橋,4新座,17,0,-,-
329,保谷中南,伏見通り×新青梅街道,R4/10,田無,B 野口橋,4新座,18,0,-,-
329,保谷中南,伏見通り×新青梅街道,R4/10,田無,B 野口橋,4新座,12時間計,0,-,-
329,保谷中南,伏見通り×新青梅街道,R4/10,田無,B 野口橋,5丸山陸橋,7,60,-,-
329,保谷中南,伏見通り×新青梅街道,R4/10,田無,B 野口橋,5丸山陸橋,8,29,-,-
329,保谷中南,伏見通り×新青梅街道,R4/10,田無,B 野口橋,5丸山陸橋,9,12,-,-
329,保谷中南,伏見通り×新青梅街道,R4/10,田無,B 野口橋,5丸山陸橋,10,4,-,-
329,保谷中南,伏見通り×新青梅街道,R4/10,田無,B 野口橋,5丸山陸橋,11,6,-,-
329,保谷中南,伏見通り×新青梅街道,R4/10,田無,B 野口橋,5丸山陸橋,12,4,-,-
329,保谷中南,伏見通り×新青梅街道,R4/10,田無,B 野口橋,5丸山陸橋,13,5,-,-
329,保谷中南,伏見通り×新青梅街道,R4/10,田無,B 野口橋,5丸山陸橋,14,5,-,-
329,保谷中南,伏見通り×新青梅街道,R4/10,田無,B 野口橋,5丸山陸橋,15,7,-,-
329,保谷中南,伏見通り×新青梅街道,R4/10,田無,B 野口橋,5丸山陸橋,16,14,-,-
329,保谷中南,伏見通り×新青梅街道,R4/10,田無,B 野口橋,5丸山陸橋,17,14,-,-
329,保谷中南,伏見通り×新青梅街道,R4/10,田無,B 野口橋,5丸山陸橋,18,10,-,-
329,保谷中南,伏見通り×新青梅街道,R4/10,田無,B 野口橋,5丸山陸橋,12時間計,170,-,-
329,保谷中南,伏見通り×新青梅街道,R4/10,田無,B 野口橋,6調布,7,0,-,-
329,保谷中南,伏見通り×新青梅街道,R4/10,田無,B 野口橋,6調布,8,0,-,-
329,保谷中南,伏見通り×新青梅街道,R4/10,田無,B 野口橋,6調布,9,0,-,-
329,保谷中南,伏見通り×新青梅街道,R4/10,田無,B 野口橋,6調布,10,0,-,-
329,保谷中南,伏見通り×新青梅街道,R4/10,田無,B 野口橋,6調布,11,0,-,-
329,保谷中南,伏見通り×新青梅街道,R4/10,田無,B 野口橋,6調布,12,0,-,-
329,保谷中南,伏見通り×新青梅街道,R4/10,田無,B 野口橋,6調布,13,0,-,-
329,保谷中南,伏見通り×新青梅街道,R4/10,田無,B 野口橋,6調布,14,0,-,-
329,保谷中南,伏見通り×新青梅街道,R4/10,田無,B 野口橋,6調布,15,0,-,-
329,保谷中南,伏見通り×新青梅街道,R4/10,田無,B 野口橋,6調布,16,0,-,-
329,保谷中南,伏見通り×新青梅街道,R4/10,田無,B 野口橋,6調布,17,0,-,-
329,保谷中南,伏見通り×新青梅街道,R4/10,田無,B 野口橋,6調布,18,0,-,-
329,保谷中南,伏見通り×新青梅街道,R4/10,田無,B 野口橋,6調布,12時間計,0,-,-
329,保谷中南,伏見通り×新青梅街道,R4/10,田無,B 野口橋,流入計,7,60,104,164
329,保谷中南,伏見通り×新青梅街道,R4/10,田無,B 野口橋,流入計,8,29,96,125
329,保谷中南,伏見通り×新青梅街道,R4/10,田無,B 野口橋,流入計,9,12,65,77
329,保谷中南,伏見通り×新青梅街道,R4/10,田無,B 野口橋,流入計,10,4,70,74
329,保谷中南,伏見通り×新青梅街道,R4/10,田無,B 野口橋,流入計,11,6,87,93
329,保谷中南,伏見通り×新青梅街道,R4/10,田無,B 野口橋,流入計,12,4,86,90
329,保谷中南,伏見通り×新青梅街道,R4/10,田無,B 野口橋,流入計,13,5,100,105
329,保谷中南,伏見通り×新青梅街道,R4/10,田無,B 野口橋,流入計,14,5,73,78
329,保谷中南,伏見通り×新青梅街道,R4/10,田無,B 野口橋,流入計,15,7,86,93
329,保谷中南,伏見通り×新青梅街道,R4/10,田無,B 野口橋,流入計,16,14,119,133
329,保谷中南,伏見通り×新青梅街道,R4/10,田無,B 野口橋,流入計,17,14,138,152
329,保谷中南,伏見通り×新青梅街道,R4/10,田無,B 野口橋,流入計,18,10,110,120
329,保谷中南,伏見通り×新青梅街道,R4/10,田無,B 野口橋,流入計,12時間計,170,1134,1304
329,保谷中南,伏見通り×新青梅街道,R4/10,田無,C 調布,7野口橋,7,2,-,-
329,保谷中南,伏見通り×新青梅街道,R4/10,田無,C 調布,7野口橋,8,0,-,-
329,保谷中南,伏見通り×新青梅街道,R4/10,田無,C 調布,7野口橋,9,0,-,-
329,保谷中南,伏見通り×新青梅街道,R4/10,田無,C 調布,7野口橋,10,0,-,-
329,保谷中南,伏見通り×新青梅街道,R4/10,田無,C 調布,7野口橋,11,0,-,-
329,保谷中南,伏見通り×新青梅街道,R4/10,田無,C 調布,7野口橋,12,0,-,-
329,保谷中南,伏見通り×新青梅街道,R4/10,田無,C 調布,7野口橋,13,0,-,-
329,保谷中南,伏見通り×新青梅街道,R4/10,田無,C 調布,7野口橋,14,1,-,-
329,保谷中南,伏見通り×新青梅街道,R4/10,田無,C 調布,7野口橋,15,0,-,-
329,保谷中南,伏見通り×新青梅街道,R4/10,田無,C 調布,7野口橋,16,0,-,-
329,保谷中南,伏見通り×新青梅街道,R4/10,田無,C 調布,7野口橋,17,0,-,-
329,保谷中南,伏見通り×新青梅街道,R4/10,田無,C 調布,7野口橋,18,0,-,-
329,保谷中南,伏見通り×新青梅街道,R4/10,田無,C 調布,7野口橋,12時間計,3,-,-
329,保谷中南,伏見通り×新青梅街道,R4/10,田無,C 調布,8新座,7,1,-,-
329,保谷中南,伏見通り×新青梅街道,R4/10,田無,C 調布,8新座,8,0,-,-
329,保谷中南,伏見通り×新青梅街道,R4/10,田無,C 調布,8新座,9,0,-,-
329,保谷中南,伏見通り×新青梅街道,R4/10,田無,C 調布,8新座,10,0,-,-
329,保谷中南,伏見通り×新青梅街道,R4/10,田無,C 調布,8新座,11,3,-,-
329,保谷中南,伏見通り×新青梅街道,R4/10,田無,C 調布,8新座,12,0,-,-
329,保谷中南,伏見通り×新青梅街道,R4/10,田無,C 調布,8新座,13,2,-,-
329,保谷中南,伏見通り×新青梅街道,R4/10,田無,C 調布,8新座,14,1,-,-
329,保谷中南,伏見通り×新青梅街道,R4/10,田無,C 調布,8新座,15,1,-,-
329,保谷中南,伏見通り×新青梅街道,R4/10,田無,C 調布,8新座,16,0,-,-
329,保谷中南,伏見通り×新青梅街道,R4/10,田無,C 調布,8新座,17,1,-,-
329,保谷中南,伏見通り×新青梅街道,R4/10,田無,C 調布,8新座,18,2,-,-
329,保谷中南,伏見通り×新青梅街道,R4/10,田無,C 調布,8新座,12時間計,11,-,-
329,保谷中南,伏見通り×新青梅街道,R4/10,田無,C 調布,9丸山陸橋,7,1,-,-
329,保谷中南,伏見通り×新青梅街道,R4/10,田無,C 調布,9丸山陸橋,8,0,-,-
329,保谷中南,伏見通り×新青梅街道,R4/10,田無,C 調布,9丸山陸橋,9,0,-,-
329,保谷中南,伏見通り×新青梅街道,R4/10,田無,C 調布,9丸山陸橋,10,0,-,-
329,保谷中南,伏見通り×新青梅街道,R4/10,田無,C 調布,9丸山陸橋,11,0,-,-
329,保谷中南,伏見通り×新青梅街道,R4/10,田無,C 調布,9丸山陸橋,12,0,-,-
329,保谷中南,伏見通り×新青梅街道,R4/10,田無,C 調布,9丸山陸橋,13,0,-,-
329,保谷中南,伏見通り×新青梅街道,R4/10,田無,C 調布,9丸山陸橋,14,0,-,-
329,保谷中南,伏見通り×新青梅街道,R4/10,田無,C 調布,9丸山陸橋,15,0,-,-
329,保谷中南,伏見通り×新青梅街道,R4/10,田無,C 調布,9丸山陸橋,16,0,-,-
329,保谷中南,伏見通り×新青梅街道,R4/10,田無,C 調布,9丸山陸橋,17,0,-,-
329,保谷中南,伏見通り×新青梅街道,R4/10,田無,C 調布,9丸山陸橋,18,0,-,-
329,保谷中南,伏見通り×新青梅街道,R4/10,田無,C 調布,9丸山陸橋,12時間計,1,-,-
329,保谷中南,伏見通り×新青梅街道,R4/10,田無,C 調布,流入計,7,4,58,62
329,保谷中南,伏見通り×新青梅街道,R4/10,田無,C 調布,流入計,8,0,74,74
329,保谷中南,伏見通り×新青梅街道,R4/10,田無,C 調布,流入計,9,0,51,51
329,保谷中南,伏見通り×新青梅街道,R4/10,田無,C 調布,流入計,10,0,52,52
329,保谷中南,伏見通り×新青梅街道,R4/10,田無,C 調布,流入計,11,3,58,61
329,保谷中南,伏見通り×新青梅街道,R4/10,田無,C 調布,流入計,12,0,54,54
329,保谷中南,伏見通り×新青梅街道,R4/10,田無,C 調布,流入計,13,2,47,49
329,保谷中南,伏見通り×新青梅街道,R4/10,田無,C 調布,流入計,14,2,50,52
329,保谷中南,伏見通り×新青梅街道,R4/10,田無,C 調布,流入計,15,1,63,64
329,保谷中南,伏見通り×新青梅街道,R4/10,田無,C 調布,流入計,16,0,65,65
329,保谷中南,伏見通り×新青梅街道,R4/10,田無,C 調布,流入計,17,1,96,97
329,保谷中南,伏見通り×新青梅街道,R4/10,田無,C 調布,流入計,18,2,111,113
329,保谷中南,伏見通り×新青梅街道,R4/10,田無,C 調布,流入計,12時間計,15,779,794
329,保谷中南,伏見通り×新青梅街道,R4/10,田無,D 丸山陸橋,10調布,7,0,-,-
329,保谷中南,伏見通り×新青梅街道,R4/10,田無,D 丸山陸橋,10調布,8,0,-,-
329,保谷中南,伏見通り×新青梅街道,R4/10,田無,D 丸山陸橋,10調布,9,0,-,-
329,保谷中南,伏見通り×新青梅街道,R4/10,田無,D 丸山陸橋,10調布,10,0,-,-
329,保谷中南,伏見通り×新青梅街道,R4/10,田無,D 丸山陸橋,10調布,11,0,-,-
329,保谷中南,伏見通り×新青梅街道,R4/10,田無,D 丸山陸橋,10調布,12,0,-,-
329,保谷中南,伏見通り×新青梅街道,R4/10,田無,D 丸山陸橋,10調布,13,0,-,-
329,保谷中南,伏見通り×新青梅街道,R4/10,田無,D 丸山陸橋,10調布,14,0,-,-
329,保谷中南,伏見通り×新青梅街道,R4/10,田無,D 丸山陸橋,10調布,15,0,-,-
329,保谷中南,伏見通り×新青梅街道,R4/10,田無,D 丸山陸橋,10調布,16,0,-,-
329,保谷中南,伏見通り×新青梅街道,R4/10,田無,D 丸山陸橋,10調布,17,0,-,-
329,保谷中南,伏見通り×新青梅街道,R4/10,田無,D 丸山陸橋,10調布,18,0,-,-
329,保谷中南,伏見通り×新青梅街道,R4/10,田無,D 丸山陸橋,10調布,12時間計,0,-,-
329,保谷中南,伏見通り×新青梅街道,R4/10,田無,D 丸山陸橋,11野口橋,7,35,-,-
329,保谷中南,伏見通り×新青梅街道,R4/10,田無,D 丸山陸橋,11野口橋,8,16,-,-
329,保谷中南,伏見通り×新青梅街道,R4/10,田無,D 丸山陸橋,11野口橋,9,4,-,-
329,保谷中南,伏見通り×新青梅街道,R4/10,田無,D 丸山陸橋,11野口橋,10,6,-,-
329,保谷中南,伏見通り×新青梅街道,R4/10,田無,D 丸山陸橋,11野口橋,11,5,-,-
329,保谷中南,伏見通り×新青梅街道,R4/10,田無,D 丸山陸橋,11野口橋,12,7,-,-
329,保谷中南,伏見通り×新青梅街道,R4/10,田無,D 丸山陸橋,11野口橋,13,3,-,-
329,保谷中南,伏見通り×新青梅街道,R4/10,田無,D 丸山陸橋,11野口橋,14,6,-,-
329,保谷中南,伏見通り×新青梅街道,R4/10,田無,D 丸山陸橋,11野口橋,15,12,-,-
329,保谷中南,伏見通り×新青梅街道,R4/10,田無,D 丸山陸橋,11野口橋,16,7,-,-
329,保谷中南,伏見通り×新青梅街道,R4/10,田無,D 丸山陸橋,11野口橋,17,9,-,-
329,保谷中南,伏見通り×新青梅街道,R4/10,田無,D 丸山陸橋,11野口橋,18,37,-,-
329,保谷中南,伏見通り×新青梅街道,R4/10,田無,D 丸山陸橋,11野口橋,12時間計,147,-,-
329,保谷中南,伏見通り×新青梅街道,R4/10,田無,D 丸山陸橋,12新座,7,0,-,-
329,保谷中南,伏見通り×新青梅街道,R4/10,田無,D 丸山陸橋,12新座,8,0,-,-
329,保谷中南,伏見通り×新青梅街道,R4/10,田無,D 丸山陸橋,12新座,9,0,-,-
329,保谷中南,伏見通り×新青梅街道,R4/10,田無,D 丸山陸橋,12新座,10,0,-,-
329,保谷中南,伏見通り×新青梅街道,R4/10,田無,D 丸山陸橋,12新座,11,0,-,-
329,保谷中南,伏見通り×新青梅街道,R4/10,田無,D 丸山陸橋,12新座,12,0,-,-
329,保谷中南,伏見通り×新青梅街道,R4/10,田無,D 丸山陸橋,12新座,13,0,-,-
329,保谷中南,伏見通り×新青梅街道,R4/10,田無,D 丸山陸橋,12新座,14,0,-,-
329,保谷中南,伏見通り×新青梅街道,R4/10,田無,D 丸山陸橋,12新座,15,0,-,-
329,保谷中南,伏見通り×新青梅街道,R4/10,田無,D 丸山陸橋,12新座,16,0,-,-
329,保谷中南,伏見通り×新青梅街道,R4/10,田無,D 丸山陸橋,12新座,17,0,-,-
329,保谷中南,伏見通り×新青梅街道,R4/10,田無,D 丸山陸橋,12新座,18,0,-,-
329,保谷中南,伏見通り×新青梅街道,R4/10,田無,D 丸山陸橋,12新座,12時間計,0,-,-
329,保谷中南,伏見通り×新青梅街道,R4/10,田無,D 丸山陸橋,流入計,7,35,64,99
329,保谷中南,伏見通り×新青梅街道,R4/10,田無,D 丸山陸橋,流入計,8,16,86,102
329,保谷中南,伏見通り×新青梅街道,R4/10,田無,D 丸山陸橋,流入計,9,4,95,99
329,保谷中南,伏見通り×新青梅街道,R4/10,田無,D 丸山陸橋,流入計,10,6,76,82
329,保谷中南,伏見通り×新青梅街道,R4/10,田無,D 丸山陸橋,流入計,11,5,60,65
329,保谷中南,伏見通り×新青梅街道,R4/10,田無,D 丸山陸橋,流入計,12,7,54,61
329,保谷中南,伏見通り×新青梅街道,R4/10,田無,D 丸山陸橋,流入計,13,3,54,57
329,保谷中南,伏見通り×新青梅街道,R4/10,田無,D 丸山陸橋,流入計,14,6,61,67
329,保谷中南,伏見通り×新青梅街道,R4/10,田無,D 丸山陸橋,流入計,15,12,54,66
329,保谷中南,伏見通り×新青梅街道,R4/10,田無,D 丸山陸橋,流入計,16,7,97,104
329,保谷中南,伏見通り×新青梅街道,R4/10,田無,D 丸山陸橋,流入計,17,9,125,134
329,保谷中南,伏見通り×新青梅街道,R4/10,田無,D 丸山陸橋,流入計,18,37,95,132
329,保谷中南,伏見通り×新青梅街道,R4/10,田無,D 丸山陸橋,流入計,12時間計,147,921,1068
329,保谷中南,伏見通り×新青梅街道,R4/10,田無,全方向計,全方向計,7,113,339,452
329,保谷中南,伏見通り×新青梅街道,R4/10,田無,全方向計,全方向計,8,49,479,528
329,保谷中南,伏見通り×新青梅街道,R4/10,田無,全方向計,全方向計,9,16,308,324
329,保谷中南,伏見通り×新青梅街道,R4/10,田無,全方向計,全方向計,10,10,299,309
329,保谷中南,伏見通り×新青梅街道,R4/10,田無,全方向計,全方向計,11,14,280,294
329,保谷中南,伏見通り×新青梅街道,R4/10,田無,全方向計,全方向計,12,15,262,277
329,保谷中南,伏見通り×新青梅街道,R4/10,田無,全方向計,全方向計,13,13,280,293
329,保谷中南,伏見通り×新青梅街道,R4/10,田無,全方向計,全方向計,14,13,239,252
329,保谷中南,伏見通り×新青梅街道,R4/10,田無,全方向計,全方向計,15,20,296,316
329,保谷中南,伏見通り×新青梅街道,R4/10,田無,全方向計,全方向計,16,22,386,408
329,保谷中南,伏見通り×新青梅街道,R4/10,田無,全方向計,全方向計,17,25,446,471
329,保谷中南,伏見通り×新青梅街道,R4/10,田無,全方向計,全方向計,18,52,382,434
329,保谷中南,伏見通り×新青梅街道,R4/10,田無,全方向計,全方向計,12時間計,362,3996,4358
