﻿地点番号,地点名,交差道路名,調査年月,管轄警察署,流入方向,流出方向,時間帯等,大型乗用,大型貨物,普通乗用,普通貨物,四輪計,二輪車
34,柿の木坂陸橋,環七通り×目黒通り,R4/11,碑文谷,A 目黒,1.平和島,7,2,4,79,47,132,4
34,柿の木坂陸橋,環七通り×目黒通り,R4/11,碑文谷,A 目黒,1.平和島,8,2,3,56,39,100,2
34,柿の木坂陸橋,環七通り×目黒通り,R4/11,碑文谷,A 目黒,1.平和島,9,0,3,33,36,72,2
34,柿の木坂陸橋,環七通り×目黒通り,R4/11,碑文谷,A 目黒,1.平和島,10,1,2,47,40,90,9
34,柿の木坂陸橋,環七通り×目黒通り,R4/11,碑文谷,A 目黒,1.平和島,11,0,1,40,40,81,5
34,柿の木坂陸橋,環七通り×目黒通り,R4/11,碑文谷,A 目黒,1.平和島,12,0,0,39,26,65,5
34,柿の木坂陸橋,環七通り×目黒通り,R4/11,碑文谷,A 目黒,1.平和島,13,0,1,58,35,94,8
34,柿の木坂陸橋,環七通り×目黒通り,R4/11,碑文谷,A 目黒,1.平和島,14,0,0,58,25,83,13
34,柿の木坂陸橋,環七通り×目黒通り,R4/11,碑文谷,A 目黒,1.平和島,15,0,0,40,35,75,2
34,柿の木坂陸橋,環七通り×目黒通り,R4/11,碑文谷,A 目黒,1.平和島,16,1,1,21,18,41,2
34,柿の木坂陸橋,環七通り×目黒通り,R4/11,碑文谷,A 目黒,1.平和島,17,0,0,29,13,42,4
34,柿の木坂陸橋,環七通り×目黒通り,R4/11,碑文谷,A 目黒,1.平和島,18,0,0,27,9,36,4
34,柿の木坂陸橋,環七通り×目黒通り,R4/11,碑文谷,A 目黒,1.平和島,12時間計,6,15,527,363,911,60
34,柿の木坂陸橋,環七通り×目黒通り,R4/11,碑文谷,A 目黒,2.等々力,7,12,1,259,147,419,5
34,柿の木坂陸橋,環七通り×目黒通り,R4/11,碑文谷,A 目黒,2.等々力,8,14,1,304,168,487,20
34,柿の木坂陸橋,環七通り×目黒通り,R4/11,碑文谷,A 目黒,2.等々力,9,12,2,255,193,462,34
34,柿の木坂陸橋,環七通り×目黒通り,R4/11,碑文谷,A 目黒,2.等々力,10,11,4,381,226,622,51
34,柿の木坂陸橋,環七通り×目黒通り,R4/11,碑文谷,A 目黒,2.等々力,11,8,6,438,269,721,45
34,柿の木坂陸橋,環七通り×目黒通り,R4/11,碑文谷,A 目黒,2.等々力,12,5,2,323,173,503,31
34,柿の木坂陸橋,環七通り×目黒通り,R4/11,碑文谷,A 目黒,2.等々力,13,10,4,249,159,422,26
34,柿の木坂陸橋,環七通り×目黒通り,R4/11,碑文谷,A 目黒,2.等々力,14,12,6,366,187,571,33
34,柿の木坂陸橋,環七通り×目黒通り,R4/11,碑文谷,A 目黒,2.等々力,15,14,3,454,166,637,40
34,柿の木坂陸橋,環七通り×目黒通り,R4/11,碑文谷,A 目黒,2.等々力,16,16,6,629,292,943,36
34,柿の木坂陸橋,環七通り×目黒通り,R4/11,碑文谷,A 目黒,2.等々力,17,13,0,786,331,1130,71
34,柿の木坂陸橋,環七通り×目黒通り,R4/11,碑文谷,A 目黒,2.等々力,18,24,0,369,239,632,51
34,柿の木坂陸橋,環七通り×目黒通り,R4/11,碑文谷,A 目黒,2.等々力,12時間計,151,35,4813,2550,7549,443
34,柿の木坂陸橋,環七通り×目黒通り,R4/11,碑文谷,A 目黒,3.大原,7,1,7,58,62,128,7
34,柿の木坂陸橋,環七通り×目黒通り,R4/11,碑文谷,A 目黒,3.大原,8,0,3,91,53,147,8
34,柿の木坂陸橋,環七通り×目黒通り,R4/11,碑文谷,A 目黒,3.大原,9,2,6,91,65,164,9
34,柿の木坂陸橋,環七通り×目黒通り,R4/11,碑文谷,A 目黒,3.大原,10,0,12,75,66,153,12
34,柿の木坂陸橋,環七通り×目黒通り,R4/11,碑文谷,A 目黒,3.大原,11,2,10,111,55,178,11
34,柿の木坂陸橋,環七通り×目黒通り,R4/11,碑文谷,A 目黒,3.大原,12,1,5,134,58,198,7
34,柿の木坂陸橋,環七通り×目黒通り,R4/11,碑文谷,A 目黒,3.大原,13,0,4,105,64,173,8
34,柿の木坂陸橋,環七通り×目黒通り,R4/11,碑文谷,A 目黒,3.大原,14,1,3,101,69,174,12
34,柿の木坂陸橋,環七通り×目黒通り,R4/11,碑文谷,A 目黒,3.大原,15,1,6,128,84,219,13
34,柿の木坂陸橋,環七通り×目黒通り,R4/11,碑文谷,A 目黒,3.大原,16,2,1,154,59,216,16
34,柿の木坂陸橋,環七通り×目黒通り,R4/11,碑文谷,A 目黒,3.大原,17,2,3,183,41,229,6
34,柿の木坂陸橋,環七通り×目黒通り,R4/11,碑文谷,A 目黒,3.大原,18,0,1,195,29,225,7
34,柿の木坂陸橋,環七通り×目黒通り,R4/11,碑文谷,A 目黒,3.大原,12時間計,12,61,1426,705,2204,116
34,柿の木坂陸橋,環七通り×目黒通り,R4/11,碑文谷,A 目黒,流入計,7,15,12,396,256,679,16
34,柿の木坂陸橋,環七通り×目黒通り,R4/11,碑文谷,A 目黒,流入計,8,16,7,451,260,734,30
34,柿の木坂陸橋,環七通り×目黒通り,R4/11,碑文谷,A 目黒,流入計,9,14,11,379,294,698,45
34,柿の木坂陸橋,環七通り×目黒通り,R4/11,碑文谷,A 目黒,流入計,10,12,18,503,332,865,72
34,柿の木坂陸橋,環七通り×目黒通り,R4/11,碑文谷,A 目黒,流入計,11,10,17,589,364,980,61
34,柿の木坂陸橋,環七通り×目黒通り,R4/11,碑文谷,A 目黒,流入計,12,6,7,496,257,766,43
34,柿の木坂陸橋,環七通り×目黒通り,R4/11,碑文谷,A 目黒,流入計,13,10,9,412,258,689,42
34,柿の木坂陸橋,環七通り×目黒通り,R4/11,碑文谷,A 目黒,流入計,14,13,9,525,281,828,58
34,柿の木坂陸橋,環七通り×目黒通り,R4/11,碑文谷,A 目黒,流入計,15,15,9,622,285,931,55
34,柿の木坂陸橋,環七通り×目黒通り,R4/11,碑文谷,A 目黒,流入計,16,19,8,804,369,1200,54
34,柿の木坂陸橋,環七通り×目黒通り,R4/11,碑文谷,A 目黒,流入計,17,15,3,998,385,1401,81
34,柿の木坂陸橋,環七通り×目黒通り,R4/11,碑文谷,A 目黒,流入計,18,24,1,591,277,893,62
34,柿の木坂陸橋,環七通り×目黒通り,R4/11,碑文谷,A 目黒,流入計,12時間計,169,111,6766,3618,10664,619
34,柿の木坂陸橋,環七通り×目黒通り,R4/11,碑文谷,B 大原,4.目黒,7,0,2,91,54,147,10
34,柿の木坂陸橋,環七通り×目黒通り,R4/11,碑文谷,B 大原,4.目黒,8,0,2,84,43,129,6
34,柿の木坂陸橋,環七通り×目黒通り,R4/11,碑文谷,B 大原,4.目黒,9,1,4,79,40,124,9
34,柿の木坂陸橋,環七通り×目黒通り,R4/11,碑文谷,B 大原,4.目黒,10,1,2,100,45,148,9
34,柿の木坂陸橋,環七通り×目黒通り,R4/11,碑文谷,B 大原,4.目黒,11,0,1,89,54,144,8
34,柿の木坂陸橋,環七通り×目黒通り,R4/11,碑文谷,B 大原,4.目黒,12,1,1,51,63,116,8
34,柿の木坂陸橋,環七通り×目黒通り,R4/11,碑文谷,B 大原,4.目黒,13,1,1,64,43,109,6
34,柿の木坂陸橋,環七通り×目黒通り,R4/11,碑文谷,B 大原,4.目黒,14,1,2,71,32,106,3
34,柿の木坂陸橋,環七通り×目黒通り,R4/11,碑文谷,B 大原,4.目黒,15,1,1,69,30,101,5
34,柿の木坂陸橋,環七通り×目黒通り,R4/11,碑文谷,B 大原,4.目黒,16,0,1,74,35,110,14
34,柿の木坂陸橋,環七通り×目黒通り,R4/11,碑文谷,B 大原,4.目黒,17,0,0,86,24,110,6
34,柿の木坂陸橋,環七通り×目黒通り,R4/11,碑文谷,B 大原,4.目黒,18,1,0,67,23,91,8
34,柿の木坂陸橋,環七通り×目黒通り,R4/11,碑文谷,B 大原,4.目黒,12時間計,7,17,925,486,1435,92
34,柿の木坂陸橋,環七通り×目黒通り,R4/11,碑文谷,B 大原,5.平和島,7,0,2,42,21,65,18
34,柿の木坂陸橋,環七通り×目黒通り,R4/11,碑文谷,B 大原,5.平和島,8,0,0,19,16,35,37
34,柿の木坂陸橋,環七通り×目黒通り,R4/11,碑文谷,B 大原,5.平和島,9,0,1,12,8,21,16
34,柿の木坂陸橋,環七通り×目黒通り,R4/11,碑文谷,B 大原,5.平和島,10,1,0,13,6,20,3
34,柿の木坂陸橋,環七通り×目黒通り,R4/11,碑文谷,B 大原,5.平和島,11,0,2,12,5,19,12
34,柿の木坂陸橋,環七通り×目黒通り,R4/11,碑文谷,B 大原,5.平和島,12,0,0,6,4,10,7
34,柿の木坂陸橋,環七通り×目黒通り,R4/11,碑文谷,B 大原,5.平和島,13,0,0,10,14,24,13
34,柿の木坂陸橋,環七通り×目黒通り,R4/11,碑文谷,B 大原,5.平和島,14,0,0,11,13,24,12
34,柿の木坂陸橋,環七通り×目黒通り,R4/11,碑文谷,B 大原,5.平和島,15,0,0,10,14,24,9
34,柿の木坂陸橋,環七通り×目黒通り,R4/11,碑文谷,B 大原,5.平和島,16,0,0,20,19,39,20
34,柿の木坂陸橋,環七通り×目黒通り,R4/11,碑文谷,B 大原,5.平和島,17,1,1,10,7,19,14
34,柿の木坂陸橋,環七通り×目黒通り,R4/11,碑文谷,B 大原,5.平和島,18,0,0,11,3,14,10
34,柿の木坂陸橋,環七通り×目黒通り,R4/11,碑文谷,B 大原,5.平和島,12時間計,2,6,176,130,314,171
34,柿の木坂陸橋,環七通り×目黒通り,R4/11,碑文谷,B 大原,6.等々力,7,2,1,121,60,184,4
34,柿の木坂陸橋,環七通り×目黒通り,R4/11,碑文谷,B 大原,6.等々力,8,5,2,126,119,252,4
34,柿の木坂陸橋,環七通り×目黒通り,R4/11,碑文谷,B 大原,6.等々力,9,0,1,119,106,226,17
34,柿の木坂陸橋,環七通り×目黒通り,R4/11,碑文谷,B 大原,6.等々力,10,8,3,142,142,295,24
34,柿の木坂陸橋,環七通り×目黒通り,R4/11,碑文谷,B 大原,6.等々力,11,0,10,121,174,305,11
34,柿の木坂陸橋,環七通り×目黒通り,R4/11,碑文谷,B 大原,6.等々力,12,0,5,112,136,253,10
34,柿の木坂陸橋,環七通り×目黒通り,R4/11,碑文谷,B 大原,6.等々力,13,0,4,112,112,228,16
34,柿の木坂陸橋,環七通り×目黒通り,R4/11,碑文谷,B 大原,6.等々力,14,0,9,128,103,240,11
34,柿の木坂陸橋,環七通り×目黒通り,R4/11,碑文谷,B 大原,6.等々力,15,1,13,122,102,238,17
34,柿の木坂陸橋,環七通り×目黒通り,R4/11,碑文谷,B 大原,6.等々力,16,0,3,186,144,333,14
34,柿の木坂陸橋,環七通り×目黒通り,R4/11,碑文谷,B 大原,6.等々力,17,1,0,232,148,381,12
34,柿の木坂陸橋,環七通り×目黒通り,R4/11,碑文谷,B 大原,6.等々力,18,1,0,169,85,255,18
34,柿の木坂陸橋,環七通り×目黒通り,R4/11,碑文谷,B 大原,6.等々力,12時間計,18,51,1690,1431,3190,158
34,柿の木坂陸橋,環七通り×目黒通り,R4/11,碑文谷,B 大原,7.平和島,7,4,46,605,625,1280,156
34,柿の木坂陸橋,環七通り×目黒通り,R4/11,碑文谷,B 大原,7.平和島,8,5,57,564,460,1086,55
34,柿の木坂陸橋,環七通り×目黒通り,R4/11,碑文谷,B 大原,7.平和島,9,5,89,462,512,1068,59
34,柿の木坂陸橋,環七通り×目黒通り,R4/11,碑文谷,B 大原,7.平和島,10,4,94,505,463,1066,51
34,柿の木坂陸橋,環七通り×目黒通り,R4/11,碑文谷,B 大原,7.平和島,11,5,133,489,506,1133,49
34,柿の木坂陸橋,環七通り×目黒通り,R4/11,碑文谷,B 大原,7.平和島,12,3,125,514,388,1030,52
34,柿の木坂陸橋,環七通り×目黒通り,R4/11,碑文谷,B 大原,7.平和島,13,7,109,502,485,1103,53
34,柿の木坂陸橋,環七通り×目黒通り,R4/11,碑文谷,B 大原,7.平和島,14,4,53,451,495,1003,59
34,柿の木坂陸橋,環七通り×目黒通り,R4/11,碑文谷,B 大原,7.平和島,15,4,48,499,504,1055,52
34,柿の木坂陸橋,環七通り×目黒通り,R4/11,碑文谷,B 大原,7.平和島,16,8,29,531,474,1042,86
34,柿の木坂陸橋,環七通り×目黒通り,R4/11,碑文谷,B 大原,7.平和島,17,5,39,630,461,1135,88
34,柿の木坂陸橋,環七通り×目黒通り,R4/11,碑文谷,B 大原,7.平和島,18,4,30,627,333,994,98
34,柿の木坂陸橋,環七通り×目黒通り,R4/11,碑文谷,B 大原,7.平和島,12時間計,58,852,6379,5706,12995,858
34,柿の木坂陸橋,環七通り×目黒通り,R4/11,碑文谷,B 大原,流入計,7,6,51,859,760,1676,188
34,柿の木坂陸橋,環七通り×目黒通り,R4/11,碑文谷,B 大原,流入計,8,10,61,793,638,1502,102
34,柿の木坂陸橋,環七通り×目黒通り,R4/11,碑文谷,B 大原,流入計,9,6,95,672,666,1439,101
34,柿の木坂陸橋,環七通り×目黒通り,R4/11,碑文谷,B 大原,流入計,10,14,99,760,656,1529,87
34,柿の木坂陸橋,環七通り×目黒通り,R4/11,碑文谷,B 大原,流入計,11,5,146,711,739,1601,80
34,柿の木坂陸橋,環七通り×目黒通り,R4/11,碑文谷,B 大原,流入計,12,4,131,683,591,1409,77
34,柿の木坂陸橋,環七通り×目黒通り,R4/11,碑文谷,B 大原,流入計,13,8,114,688,654,1464,88
34,柿の木坂陸橋,環七通り×目黒通り,R4/11,碑文谷,B 大原,流入計,14,5,64,661,643,1373,85
34,柿の木坂陸橋,環七通り×目黒通り,R4/11,碑文谷,B 大原,流入計,15,6,62,700,650,1418,83
34,柿の木坂陸橋,環七通り×目黒通り,R4/11,碑文谷,B 大原,流入計,16,8,33,811,672,1524,134
34,柿の木坂陸橋,環七通り×目黒通り,R4/11,碑文谷,B 大原,流入計,17,7,40,958,640,1645,120
34,柿の木坂陸橋,環七通り×目黒通り,R4/11,碑文谷,B 大原,流入計,18,6,30,874,444,1354,134
34,柿の木坂陸橋,環七通り×目黒通り,R4/11,碑文谷,B 大原,流入計,12時間計,85,926,9170,7753,17934,1279
34,柿の木坂陸橋,環七通り×目黒通り,R4/11,碑文谷,C 等々力,8.大原,7,2,4,77,80,163,1
34,柿の木坂陸橋,環七通り×目黒通り,R4/11,碑文谷,C 等々力,8.大原,8,0,1,68,82,151,3
34,柿の木坂陸橋,環七通り×目黒通り,R4/11,碑文谷,C 等々力,8.大原,9,3,3,107,80,193,9
34,柿の木坂陸橋,環七通り×目黒通り,R4/11,碑文谷,C 等々力,8.大原,10,1,4,93,90,188,5
34,柿の木坂陸橋,環七通り×目黒通り,R4/11,碑文谷,C 等々力,8.大原,11,7,3,91,79,180,3
34,柿の木坂陸橋,環七通り×目黒通り,R4/11,碑文谷,C 等々力,8.大原,12,1,9,76,80,166,5
34,柿の木坂陸橋,環七通り×目黒通り,R4/11,碑文谷,C 等々力,8.大原,13,5,8,98,97,208,8
34,柿の木坂陸橋,環七通り×目黒通り,R4/11,碑文谷,C 等々力,8.大原,14,1,9,83,73,166,5
34,柿の木坂陸橋,環七通り×目黒通り,R4/11,碑文谷,C 等々力,8.大原,15,0,0,96,88,184,4
34,柿の木坂陸橋,環七通り×目黒通り,R4/11,碑文谷,C 等々力,8.大原,16,3,1,125,93,222,8
34,柿の木坂陸橋,環七通り×目黒通り,R4/11,碑文谷,C 等々力,8.大原,17,2,0,187,58,247,6
34,柿の木坂陸橋,環七通り×目黒通り,R4/11,碑文谷,C 等々力,8.大原,18,0,0,120,26,146,3
34,柿の木坂陸橋,環七通り×目黒通り,R4/11,碑文谷,C 等々力,8.大原,12時間計,25,42,1221,926,2214,60
34,柿の木坂陸橋,環七通り×目黒通り,R4/11,碑文谷,C 等々力,9.目黒,7,17,2,696,439,1154,24
34,柿の木坂陸橋,環七通り×目黒通り,R4/11,碑文谷,C 等々力,9.目黒,8,19,8,720,254,1001,24
34,柿の木坂陸橋,環七通り×目黒通り,R4/11,碑文谷,C 等々力,9.目黒,9,15,11,761,194,981,26
34,柿の木坂陸橋,環七通り×目黒通り,R4/11,碑文谷,C 等々力,9.目黒,10,9,14,476,259,758,29
34,柿の木坂陸橋,環七通り×目黒通り,R4/11,碑文谷,C 等々力,9.目黒,11,8,12,479,274,773,30
34,柿の木坂陸橋,環七通り×目黒通り,R4/11,碑文谷,C 等々力,9.目黒,12,8,5,463,229,705,41
34,柿の木坂陸橋,環七通り×目黒通り,R4/11,碑文谷,C 等々力,9.目黒,13,10,7,359,172,548,38
34,柿の木坂陸橋,環七通り×目黒通り,R4/11,碑文谷,C 等々力,9.目黒,14,15,5,434,141,595,26
34,柿の木坂陸橋,環七通り×目黒通り,R4/11,碑文谷,C 等々力,9.目黒,15,12,8,450,155,625,21
34,柿の木坂陸橋,環七通り×目黒通り,R4/11,碑文谷,C 等々力,9.目黒,16,13,2,437,189,641,30
34,柿の木坂陸橋,環七通り×目黒通り,R4/11,碑文谷,C 等々力,9.目黒,17,11,5,444,219,679,29
34,柿の木坂陸橋,環七通り×目黒通り,R4/11,碑文谷,C 等々力,9.目黒,18,12,1,402,134,549,37
34,柿の木坂陸橋,環七通り×目黒通り,R4/11,碑文谷,C 等々力,9.目黒,12時間計,149,80,6121,2659,9009,355
34,柿の木坂陸橋,環七通り×目黒通り,R4/11,碑文谷,C 等々力,10.平和島,7,2,10,475,196,683,11
34,柿の木坂陸橋,環七通り×目黒通り,R4/11,碑文谷,C 等々力,10.平和島,8,0,9,141,134,284,17
34,柿の木坂陸橋,環七通り×目黒通り,R4/11,碑文谷,C 等々力,10.平和島,9,4,6,113,108,231,5
34,柿の木坂陸橋,環七通り×目黒通り,R4/11,碑文谷,C 等々力,10.平和島,10,0,9,90,103,202,6
34,柿の木坂陸橋,環七通り×目黒通り,R4/11,碑文谷,C 等々力,10.平和島,11,1,4,107,80,192,8
34,柿の木坂陸橋,環七通り×目黒通り,R4/11,碑文谷,C 等々力,10.平和島,12,0,3,89,94,186,9
34,柿の木坂陸橋,環七通り×目黒通り,R4/11,碑文谷,C 等々力,10.平和島,13,1,4,134,85,224,10
34,柿の木坂陸橋,環七通り×目黒通り,R4/11,碑文谷,C 等々力,10.平和島,14,0,3,88,90,181,13
34,柿の木坂陸橋,環七通り×目黒通り,R4/11,碑文谷,C 等々力,10.平和島,15,0,1,91,70,162,6
34,柿の木坂陸橋,環七通り×目黒通り,R4/11,碑文谷,C 等々力,10.平和島,16,1,2,85,124,212,17
34,柿の木坂陸橋,環七通り×目黒通り,R4/11,碑文谷,C 等々力,10.平和島,17,0,2,152,94,248,8
34,柿の木坂陸橋,環七通り×目黒通り,R4/11,碑文谷,C 等々力,10.平和島,18,1,0,143,49,193,4
34,柿の木坂陸橋,環七通り×目黒通り,R4/11,碑文谷,C 等々力,10.平和島,12時間計,10,53,1708,1227,2998,114
34,柿の木坂陸橋,環七通り×目黒通り,R4/11,碑文谷,C 等々力,流入計,7,21,16,1248,715,2000,36
34,柿の木坂陸橋,環七通り×目黒通り,R4/11,碑文谷,C 等々力,流入計,8,19,18,929,470,1436,44
34,柿の木坂陸橋,環七通り×目黒通り,R4/11,碑文谷,C 等々力,流入計,9,22,20,981,382,1405,40
34,柿の木坂陸橋,環七通り×目黒通り,R4/11,碑文谷,C 等々力,流入計,10,10,27,659,452,1148,40
34,柿の木坂陸橋,環七通り×目黒通り,R4/11,碑文谷,C 等々力,流入計,11,16,19,677,433,1145,41
34,柿の木坂陸橋,環七通り×目黒通り,R4/11,碑文谷,C 等々力,流入計,12,9,17,628,403,1057,55
34,柿の木坂陸橋,環七通り×目黒通り,R4/11,碑文谷,C 等々力,流入計,13,16,19,591,354,980,56
34,柿の木坂陸橋,環七通り×目黒通り,R4/11,碑文谷,C 等々力,流入計,14,16,17,605,304,942,44
34,柿の木坂陸橋,環七通り×目黒通り,R4/11,碑文谷,C 等々力,流入計,15,12,9,637,313,971,31
34,柿の木坂陸橋,環七通り×目黒通り,R4/11,碑文谷,C 等々力,流入計,16,17,5,647,406,1075,55
34,柿の木坂陸橋,環七通り×目黒通り,R4/11,碑文谷,C 等々力,流入計,17,13,7,783,371,1174,43
34,柿の木坂陸橋,環七通り×目黒通り,R4/11,碑文谷,C 等々力,流入計,18,13,1,665,209,888,44
34,柿の木坂陸橋,環七通り×目黒通り,R4/11,碑文谷,C 等々力,流入計,12時間計,184,175,9050,4812,14221,529
34,柿の木坂陸橋,環七通り×目黒通り,R4/11,碑文谷,D 平和島,11.等々力,7,2,2,70,18,92,12
34,柿の木坂陸橋,環七通り×目黒通り,R4/11,碑文谷,D 平和島,11.等々力,8,4,0,112,75,191,10
34,柿の木坂陸橋,環七通り×目黒通り,R4/11,碑文谷,D 平和島,11.等々力,9,1,3,82,87,173,14
34,柿の木坂陸橋,環七通り×目黒通り,R4/11,碑文谷,D 平和島,11.等々力,10,1,3,128,120,252,16
34,柿の木坂陸橋,環七通り×目黒通り,R4/11,碑文谷,D 平和島,11.等々力,11,0,6,110,102,218,17
34,柿の木坂陸橋,環七通り×目黒通り,R4/11,碑文谷,D 平和島,11.等々力,12,0,7,84,90,181,18
34,柿の木坂陸橋,環七通り×目黒通り,R4/11,碑文谷,D 平和島,11.等々力,13,0,2,72,104,178,15
34,柿の木坂陸橋,環七通り×目黒通り,R4/11,碑文谷,D 平和島,11.等々力,14,1,6,94,73,174,19
34,柿の木坂陸橋,環七通り×目黒通り,R4/11,碑文谷,D 平和島,11.等々力,15,1,7,123,93,224,14
34,柿の木坂陸橋,環七通り×目黒通り,R4/11,碑文谷,D 平和島,11.等々力,16,1,2,196,128,327,30
34,柿の木坂陸橋,環七通り×目黒通り,R4/11,碑文谷,D 平和島,11.等々力,17,0,3,217,129,349,35
34,柿の木坂陸橋,環七通り×目黒通り,R4/11,碑文谷,D 平和島,11.等々力,18,1,3,113,102,219,21
34,柿の木坂陸橋,環七通り×目黒通り,R4/11,碑文谷,D 平和島,11.等々力,12時間計,12,44,1401,1121,2578,221
34,柿の木坂陸橋,環七通り×目黒通り,R4/11,碑文谷,D 平和島,12.大原,7,0,1,7,2,10,8
34,柿の木坂陸橋,環七通り×目黒通り,R4/11,碑文谷,D 平和島,12.大原,8,0,1,5,4,10,3
34,柿の木坂陸橋,環七通り×目黒通り,R4/11,碑文谷,D 平和島,12.大原,9,0,0,14,3,17,4
34,柿の木坂陸橋,環七通り×目黒通り,R4/11,碑文谷,D 平和島,12.大原,10,0,1,10,9,20,4
34,柿の木坂陸橋,環七通り×目黒通り,R4/11,碑文谷,D 平和島,12.大原,11,0,2,18,4,24,3
34,柿の木坂陸橋,環七通り×目黒通り,R4/11,碑文谷,D 平和島,12.大原,12,0,1,11,4,16,10
34,柿の木坂陸橋,環七通り×目黒通り,R4/11,碑文谷,D 平和島,12.大原,13,0,3,15,8,26,4
34,柿の木坂陸橋,環七通り×目黒通り,R4/11,碑文谷,D 平和島,12.大原,14,0,2,9,9,20,14
34,柿の木坂陸橋,環七通り×目黒通り,R4/11,碑文谷,D 平和島,12.大原,15,0,0,13,2,15,9
34,柿の木坂陸橋,環七通り×目黒通り,R4/11,碑文谷,D 平和島,12.大原,16,0,0,11,5,16,4
34,柿の木坂陸橋,環七通り×目黒通り,R4/11,碑文谷,D 平和島,12.大原,17,0,1,13,1,15,10
34,柿の木坂陸橋,環七通り×目黒通り,R4/11,碑文谷,D 平和島,12.大原,18,0,0,16,0,16,6
34,柿の木坂陸橋,環七通り×目黒通り,R4/11,碑文谷,D 平和島,12.大原,12時間計,0,12,142,51,205,79
34,柿の木坂陸橋,環七通り×目黒通り,R4/11,碑文谷,D 平和島,13.目黒,7,1,1,89,33,124,13
34,柿の木坂陸橋,環七通り×目黒通り,R4/11,碑文谷,D 平和島,13.目黒,8,0,3,123,54,180,16
34,柿の木坂陸橋,環七通り×目黒通り,R4/11,碑文谷,D 平和島,13.目黒,9,1,4,136,47,188,4
34,柿の木坂陸橋,環七通り×目黒通り,R4/11,碑文谷,D 平和島,13.目黒,10,0,2,58,79,139,6
34,柿の木坂陸橋,環七通り×目黒通り,R4/11,碑文谷,D 平和島,13.目黒,11,1,2,89,58,150,15
34,柿の木坂陸橋,環七通り×目黒通り,R4/11,碑文谷,D 平和島,13.目黒,12,0,1,100,34,135,18
34,柿の木坂陸橋,環七通り×目黒通り,R4/11,碑文谷,D 平和島,13.目黒,13,1,1,91,41,134,10
34,柿の木坂陸橋,環七通り×目黒通り,R4/11,碑文谷,D 平和島,13.目黒,14,3,2,139,41,185,11
34,柿の木坂陸橋,環七通り×目黒通り,R4/11,碑文谷,D 平和島,13.目黒,15,1,2,98,23,124,3
34,柿の木坂陸橋,環七通り×目黒通り,R4/11,碑文谷,D 平和島,13.目黒,16,0,0,88,34,122,7
34,柿の木坂陸橋,環七通り×目黒通り,R4/11,碑文谷,D 平和島,13.目黒,17,0,0,73,28,101,11
34,柿の木坂陸橋,環七通り×目黒通り,R4/11,碑文谷,D 平和島,13.目黒,18,0,0,69,17,86,10
34,柿の木坂陸橋,環七通り×目黒通り,R4/11,碑文谷,D 平和島,13.目黒,12時間計,8,18,1153,489,1668,124
34,柿の木坂陸橋,環七通り×目黒通り,R4/11,碑文谷,D 平和島,14.大原,7,13,72,834,431,1350,90
34,柿の木坂陸橋,環七通り×目黒通り,R4/11,碑文谷,D 平和島,14.大原,8,3,74,619,327,1023,81
34,柿の木坂陸橋,環七通り×目黒通り,R4/11,碑文谷,D 平和島,14.大原,9,6,99,673,453,1231,84
34,柿の木坂陸橋,環七通り×目黒通り,R4/11,碑文谷,D 平和島,14.大原,10,8,120,418,440,986,42
34,柿の木坂陸橋,環七通り×目黒通り,R4/11,碑文谷,D 平和島,14.大原,11,5,112,582,415,1114,45
34,柿の木坂陸橋,環七通り×目黒通り,R4/11,碑文谷,D 平和島,14.大原,12,9,127,443,405,984,52
34,柿の木坂陸橋,環七通り×目黒通り,R4/11,碑文谷,D 平和島,14.大原,13,8,83,521,415,1027,66
34,柿の木坂陸橋,環七通り×目黒通り,R4/11,碑文谷,D 平和島,14.大原,14,7,107,414,454,982,38
34,柿の木坂陸橋,環七通り×目黒通り,R4/11,碑文谷,D 平和島,14.大原,15,6,96,697,418,1217,63
34,柿の木坂陸橋,環七通り×目黒通り,R4/11,碑文谷,D 平和島,14.大原,16,7,86,491,404,988,68
34,柿の木坂陸橋,環七通り×目黒通り,R4/11,碑文谷,D 平和島,14.大原,17,4,91,943,304,1342,106
34,柿の木坂陸橋,環七通り×目黒通り,R4/11,碑文谷,D 平和島,14.大原,18,2,71,547,261,881,21
34,柿の木坂陸橋,環七通り×目黒通り,R4/11,碑文谷,D 平和島,14.大原,12時間計,78,1138,7182,4727,13125,756
34,柿の木坂陸橋,環七通り×目黒通り,R4/11,碑文谷,D 平和島,流入計,7,16,76,1000,484,1576,123
34,柿の木坂陸橋,環七通り×目黒通り,R4/11,碑文谷,D 平和島,流入計,8,7,78,859,460,1404,110
34,柿の木坂陸橋,環七通り×目黒通り,R4/11,碑文谷,D 平和島,流入計,9,8,106,905,590,1609,106
34,柿の木坂陸橋,環七通り×目黒通り,R4/11,碑文谷,D 平和島,流入計,10,9,126,614,648,1397,68
34,柿の木坂陸橋,環七通り×目黒通り,R4/11,碑文谷,D 平和島,流入計,11,6,122,799,579,1506,80
34,柿の木坂陸橋,環七通り×目黒通り,R4/11,碑文谷,D 平和島,流入計,12,9,136,638,533,1316,98
34,柿の木坂陸橋,環七通り×目黒通り,R4/11,碑文谷,D 平和島,流入計,13,9,89,699,568,1365,95
34,柿の木坂陸橋,環七通り×目黒通り,R4/11,碑文谷,D 平和島,流入計,14,11,117,656,577,1361,82
34,柿の木坂陸橋,環七通り×目黒通り,R4/11,碑文谷,D 平和島,流入計,15,8,105,931,536,1580,89
34,柿の木坂陸橋,環七通り×目黒通り,R4/11,碑文谷,D 平和島,流入計,16,8,88,786,571,1453,109
34,柿の木坂陸橋,環七通り×目黒通り,R4/11,碑文谷,D 平和島,流入計,17,4,95,1246,462,1807,162
34,柿の木坂陸橋,環七通り×目黒通り,R4/11,碑文谷,D 平和島,流入計,18,3,74,745,380,1202,58
34,柿の木坂陸橋,環七通り×目黒通り,R4/11,碑文谷,D 平和島,流入計,12時間計,98,1212,9878,6388,17576,1180
