﻿地点番号,地点名,交差道路名,調査年月,管轄警察署,流入方向,流出方向,時間帯等,車道通行自転車,歩道通行自転車,自転車計
34,柿の木坂陸橋,環七通り×目黒通り,R4/11,碑文谷,A 目黒,1平和島,7,1,-,-
34,柿の木坂陸橋,環七通り×目黒通り,R4/11,碑文谷,A 目黒,1平和島,8,3,-,-
34,柿の木坂陸橋,環七通り×目黒通り,R4/11,碑文谷,A 目黒,1平和島,9,1,-,-
34,柿の木坂陸橋,環七通り×目黒通り,R4/11,碑文谷,A 目黒,1平和島,10,1,-,-
34,柿の木坂陸橋,環七通り×目黒通り,R4/11,碑文谷,A 目黒,1平和島,11,0,-,-
34,柿の木坂陸橋,環七通り×目黒通り,R4/11,碑文谷,A 目黒,1平和島,12,2,-,-
34,柿の木坂陸橋,環七通り×目黒通り,R4/11,碑文谷,A 目黒,1平和島,13,11,-,-
34,柿の木坂陸橋,環七通り×目黒通り,R4/11,碑文谷,A 目黒,1平和島,14,0,-,-
34,柿の木坂陸橋,環七通り×目黒通り,R4/11,碑文谷,A 目黒,1平和島,15,0,-,-
34,柿の木坂陸橋,環七通り×目黒通り,R4/11,碑文谷,A 目黒,1平和島,16,1,-,-
34,柿の木坂陸橋,環七通り×目黒通り,R4/11,碑文谷,A 目黒,1平和島,17,4,-,-
34,柿の木坂陸橋,環七通り×目黒通り,R4/11,碑文谷,A 目黒,1平和島,18,0,-,-
34,柿の木坂陸橋,環七通り×目黒通り,R4/11,碑文谷,A 目黒,1平和島,12時間計,24,-,-
34,柿の木坂陸橋,環七通り×目黒通り,R4/11,碑文谷,A 目黒,2等々力,7,4,-,-
34,柿の木坂陸橋,環七通り×目黒通り,R4/11,碑文谷,A 目黒,2等々力,8,17,-,-
34,柿の木坂陸橋,環七通り×目黒通り,R4/11,碑文谷,A 目黒,2等々力,9,20,-,-
34,柿の木坂陸橋,環七通り×目黒通り,R4/11,碑文谷,A 目黒,2等々力,10,25,-,-
34,柿の木坂陸橋,環七通り×目黒通り,R4/11,碑文谷,A 目黒,2等々力,11,27,-,-
34,柿の木坂陸橋,環七通り×目黒通り,R4/11,碑文谷,A 目黒,2等々力,12,12,-,-
34,柿の木坂陸橋,環七通り×目黒通り,R4/11,碑文谷,A 目黒,2等々力,13,9,-,-
34,柿の木坂陸橋,環七通り×目黒通り,R4/11,碑文谷,A 目黒,2等々力,14,7,-,-
34,柿の木坂陸橋,環七通り×目黒通り,R4/11,碑文谷,A 目黒,2等々力,15,14,-,-
34,柿の木坂陸橋,環七通り×目黒通り,R4/11,碑文谷,A 目黒,2等々力,16,27,-,-
34,柿の木坂陸橋,環七通り×目黒通り,R4/11,碑文谷,A 目黒,2等々力,17,15,-,-
34,柿の木坂陸橋,環七通り×目黒通り,R4/11,碑文谷,A 目黒,2等々力,18,11,-,-
34,柿の木坂陸橋,環七通り×目黒通り,R4/11,碑文谷,A 目黒,2等々力,12時間計,188,-,-
34,柿の木坂陸橋,環七通り×目黒通り,R4/11,碑文谷,A 目黒,3大原,7,1,-,-
34,柿の木坂陸橋,環七通り×目黒通り,R4/11,碑文谷,A 目黒,3大原,8,0,-,-
34,柿の木坂陸橋,環七通り×目黒通り,R4/11,碑文谷,A 目黒,3大原,9,0,-,-
34,柿の木坂陸橋,環七通り×目黒通り,R4/11,碑文谷,A 目黒,3大原,10,0,-,-
34,柿の木坂陸橋,環七通り×目黒通り,R4/11,碑文谷,A 目黒,3大原,11,0,-,-
34,柿の木坂陸橋,環七通り×目黒通り,R4/11,碑文谷,A 目黒,3大原,12,0,-,-
34,柿の木坂陸橋,環七通り×目黒通り,R4/11,碑文谷,A 目黒,3大原,13,0,-,-
34,柿の木坂陸橋,環七通り×目黒通り,R4/11,碑文谷,A 目黒,3大原,14,1,-,-
34,柿の木坂陸橋,環七通り×目黒通り,R4/11,碑文谷,A 目黒,3大原,15,0,-,-
34,柿の木坂陸橋,環七通り×目黒通り,R4/11,碑文谷,A 目黒,3大原,16,1,-,-
34,柿の木坂陸橋,環七通り×目黒通り,R4/11,碑文谷,A 目黒,3大原,17,0,-,-
34,柿の木坂陸橋,環七通り×目黒通り,R4/11,碑文谷,A 目黒,3大原,18,1,-,-
34,柿の木坂陸橋,環七通り×目黒通り,R4/11,碑文谷,A 目黒,3大原,12時間計,4,-,-
34,柿の木坂陸橋,環七通り×目黒通り,R4/11,碑文谷,A 目黒,流入計,7,6,90,96
34,柿の木坂陸橋,環七通り×目黒通り,R4/11,碑文谷,A 目黒,流入計,8,20,119,139
34,柿の木坂陸橋,環七通り×目黒通り,R4/11,碑文谷,A 目黒,流入計,9,21,50,71
34,柿の木坂陸橋,環七通り×目黒通り,R4/11,碑文谷,A 目黒,流入計,10,26,54,80
34,柿の木坂陸橋,環七通り×目黒通り,R4/11,碑文谷,A 目黒,流入計,11,27,71,98
34,柿の木坂陸橋,環七通り×目黒通り,R4/11,碑文谷,A 目黒,流入計,12,14,43,57
34,柿の木坂陸橋,環七通り×目黒通り,R4/11,碑文谷,A 目黒,流入計,13,20,60,80
34,柿の木坂陸橋,環七通り×目黒通り,R4/11,碑文谷,A 目黒,流入計,14,8,51,59
34,柿の木坂陸橋,環七通り×目黒通り,R4/11,碑文谷,A 目黒,流入計,15,14,44,58
34,柿の木坂陸橋,環七通り×目黒通り,R4/11,碑文谷,A 目黒,流入計,16,29,55,84
34,柿の木坂陸橋,環七通り×目黒通り,R4/11,碑文谷,A 目黒,流入計,17,19,114,133
34,柿の木坂陸橋,環七通り×目黒通り,R4/11,碑文谷,A 目黒,流入計,18,12,37,49
34,柿の木坂陸橋,環七通り×目黒通り,R4/11,碑文谷,A 目黒,流入計,12時間計,216,788,1004
34,柿の木坂陸橋,環七通り×目黒通り,R4/11,碑文谷,B 大原,4目黒,7,3,-,-
34,柿の木坂陸橋,環七通り×目黒通り,R4/11,碑文谷,B 大原,4目黒,8,3,-,-
34,柿の木坂陸橋,環七通り×目黒通り,R4/11,碑文谷,B 大原,4目黒,9,2,-,-
34,柿の木坂陸橋,環七通り×目黒通り,R4/11,碑文谷,B 大原,4目黒,10,0,-,-
34,柿の木坂陸橋,環七通り×目黒通り,R4/11,碑文谷,B 大原,4目黒,11,5,-,-
34,柿の木坂陸橋,環七通り×目黒通り,R4/11,碑文谷,B 大原,4目黒,12,1,-,-
34,柿の木坂陸橋,環七通り×目黒通り,R4/11,碑文谷,B 大原,4目黒,13,0,-,-
34,柿の木坂陸橋,環七通り×目黒通り,R4/11,碑文谷,B 大原,4目黒,14,1,-,-
34,柿の木坂陸橋,環七通り×目黒通り,R4/11,碑文谷,B 大原,4目黒,15,0,-,-
34,柿の木坂陸橋,環七通り×目黒通り,R4/11,碑文谷,B 大原,4目黒,16,6,-,-
34,柿の木坂陸橋,環七通り×目黒通り,R4/11,碑文谷,B 大原,4目黒,17,3,-,-
34,柿の木坂陸橋,環七通り×目黒通り,R4/11,碑文谷,B 大原,4目黒,18,1,-,-
34,柿の木坂陸橋,環七通り×目黒通り,R4/11,碑文谷,B 大原,4目黒,12時間計,25,-,-
34,柿の木坂陸橋,環七通り×目黒通り,R4/11,碑文谷,B 大原,5平和島,7,21,-,-
34,柿の木坂陸橋,環七通り×目黒通り,R4/11,碑文谷,B 大原,5平和島,8,36,-,-
34,柿の木坂陸橋,環七通り×目黒通り,R4/11,碑文谷,B 大原,5平和島,9,8,-,-
34,柿の木坂陸橋,環七通り×目黒通り,R4/11,碑文谷,B 大原,5平和島,10,6,-,-
34,柿の木坂陸橋,環七通り×目黒通り,R4/11,碑文谷,B 大原,5平和島,11,11,-,-
34,柿の木坂陸橋,環七通り×目黒通り,R4/11,碑文谷,B 大原,5平和島,12,3,-,-
34,柿の木坂陸橋,環七通り×目黒通り,R4/11,碑文谷,B 大原,5平和島,13,18,-,-
34,柿の木坂陸橋,環七通り×目黒通り,R4/11,碑文谷,B 大原,5平和島,14,11,-,-
34,柿の木坂陸橋,環七通り×目黒通り,R4/11,碑文谷,B 大原,5平和島,15,13,-,-
34,柿の木坂陸橋,環七通り×目黒通り,R4/11,碑文谷,B 大原,5平和島,16,18,-,-
34,柿の木坂陸橋,環七通り×目黒通り,R4/11,碑文谷,B 大原,5平和島,17,28,-,-
34,柿の木坂陸橋,環七通り×目黒通り,R4/11,碑文谷,B 大原,5平和島,18,37,-,-
34,柿の木坂陸橋,環七通り×目黒通り,R4/11,碑文谷,B 大原,5平和島,12時間計,210,-,-
34,柿の木坂陸橋,環七通り×目黒通り,R4/11,碑文谷,B 大原,6等々力,7,3,-,-
34,柿の木坂陸橋,環七通り×目黒通り,R4/11,碑文谷,B 大原,6等々力,8,3,-,-
34,柿の木坂陸橋,環七通り×目黒通り,R4/11,碑文谷,B 大原,6等々力,9,1,-,-
34,柿の木坂陸橋,環七通り×目黒通り,R4/11,碑文谷,B 大原,6等々力,10,4,-,-
34,柿の木坂陸橋,環七通り×目黒通り,R4/11,碑文谷,B 大原,6等々力,11,0,-,-
34,柿の木坂陸橋,環七通り×目黒通り,R4/11,碑文谷,B 大原,6等々力,12,1,-,-
34,柿の木坂陸橋,環七通り×目黒通り,R4/11,碑文谷,B 大原,6等々力,13,2,-,-
34,柿の木坂陸橋,環七通り×目黒通り,R4/11,碑文谷,B 大原,6等々力,14,0,-,-
34,柿の木坂陸橋,環七通り×目黒通り,R4/11,碑文谷,B 大原,6等々力,15,0,-,-
34,柿の木坂陸橋,環七通り×目黒通り,R4/11,碑文谷,B 大原,6等々力,16,2,-,-
34,柿の木坂陸橋,環七通り×目黒通り,R4/11,碑文谷,B 大原,6等々力,17,0,-,-
34,柿の木坂陸橋,環七通り×目黒通り,R4/11,碑文谷,B 大原,6等々力,18,1,-,-
34,柿の木坂陸橋,環七通り×目黒通り,R4/11,碑文谷,B 大原,6等々力,12時間計,17,-,-
34,柿の木坂陸橋,環七通り×目黒通り,R4/11,碑文谷,B 大原,7平和島,7,0,-,-
34,柿の木坂陸橋,環七通り×目黒通り,R4/11,碑文谷,B 大原,7平和島,8,0,-,-
34,柿の木坂陸橋,環七通り×目黒通り,R4/11,碑文谷,B 大原,7平和島,9,0,-,-
34,柿の木坂陸橋,環七通り×目黒通り,R4/11,碑文谷,B 大原,7平和島,10,0,-,-
34,柿の木坂陸橋,環七通り×目黒通り,R4/11,碑文谷,B 大原,7平和島,11,0,-,-
34,柿の木坂陸橋,環七通り×目黒通り,R4/11,碑文谷,B 大原,7平和島,12,1,-,-
34,柿の木坂陸橋,環七通り×目黒通り,R4/11,碑文谷,B 大原,7平和島,13,0,-,-
34,柿の木坂陸橋,環七通り×目黒通り,R4/11,碑文谷,B 大原,7平和島,14,0,-,-
34,柿の木坂陸橋,環七通り×目黒通り,R4/11,碑文谷,B 大原,7平和島,15,0,-,-
34,柿の木坂陸橋,環七通り×目黒通り,R4/11,碑文谷,B 大原,7平和島,16,0,-,-
34,柿の木坂陸橋,環七通り×目黒通り,R4/11,碑文谷,B 大原,7平和島,17,0,-,-
34,柿の木坂陸橋,環七通り×目黒通り,R4/11,碑文谷,B 大原,7平和島,18,0,-,-
34,柿の木坂陸橋,環七通り×目黒通り,R4/11,碑文谷,B 大原,7平和島,12時間計,1,-,-
34,柿の木坂陸橋,環七通り×目黒通り,R4/11,碑文谷,B 大原,流入計,7,27,37,64
34,柿の木坂陸橋,環七通り×目黒通り,R4/11,碑文谷,B 大原,流入計,8,42,85,127
34,柿の木坂陸橋,環七通り×目黒通り,R4/11,碑文谷,B 大原,流入計,9,11,40,51
34,柿の木坂陸橋,環七通り×目黒通り,R4/11,碑文谷,B 大原,流入計,10,10,39,49
34,柿の木坂陸橋,環七通り×目黒通り,R4/11,碑文谷,B 大原,流入計,11,16,44,60
34,柿の木坂陸橋,環七通り×目黒通り,R4/11,碑文谷,B 大原,流入計,12,6,45,51
34,柿の木坂陸橋,環七通り×目黒通り,R4/11,碑文谷,B 大原,流入計,13,20,39,59
34,柿の木坂陸橋,環七通り×目黒通り,R4/11,碑文谷,B 大原,流入計,14,12,37,49
34,柿の木坂陸橋,環七通り×目黒通り,R4/11,碑文谷,B 大原,流入計,15,13,34,47
34,柿の木坂陸橋,環七通り×目黒通り,R4/11,碑文谷,B 大原,流入計,16,26,45,71
34,柿の木坂陸橋,環七通り×目黒通り,R4/11,碑文谷,B 大原,流入計,17,31,66,97
34,柿の木坂陸橋,環七通り×目黒通り,R4/11,碑文谷,B 大原,流入計,18,39,44,83
34,柿の木坂陸橋,環七通り×目黒通り,R4/11,碑文谷,B 大原,流入計,12時間計,253,555,808
34,柿の木坂陸橋,環七通り×目黒通り,R4/11,碑文谷,C 等々力,8大原,7,15,-,-
34,柿の木坂陸橋,環七通り×目黒通り,R4/11,碑文谷,C 等々力,8大原,8,14,-,-
34,柿の木坂陸橋,環七通り×目黒通り,R4/11,碑文谷,C 等々力,8大原,9,4,-,-
34,柿の木坂陸橋,環七通り×目黒通り,R4/11,碑文谷,C 等々力,8大原,10,3,-,-
34,柿の木坂陸橋,環七通り×目黒通り,R4/11,碑文谷,C 等々力,8大原,11,1,-,-
34,柿の木坂陸橋,環七通り×目黒通り,R4/11,碑文谷,C 等々力,8大原,12,1,-,-
34,柿の木坂陸橋,環七通り×目黒通り,R4/11,碑文谷,C 等々力,8大原,13,4,-,-
34,柿の木坂陸橋,環七通り×目黒通り,R4/11,碑文谷,C 等々力,8大原,14,0,-,-
34,柿の木坂陸橋,環七通り×目黒通り,R4/11,碑文谷,C 等々力,8大原,15,1,-,-
34,柿の木坂陸橋,環七通り×目黒通り,R4/11,碑文谷,C 等々力,8大原,16,0,-,-
34,柿の木坂陸橋,環七通り×目黒通り,R4/11,碑文谷,C 等々力,8大原,17,2,-,-
34,柿の木坂陸橋,環七通り×目黒通り,R4/11,碑文谷,C 等々力,8大原,18,0,-,-
34,柿の木坂陸橋,環七通り×目黒通り,R4/11,碑文谷,C 等々力,8大原,12時間計,45,-,-
34,柿の木坂陸橋,環七通り×目黒通り,R4/11,碑文谷,C 等々力,9目黒,7,15,-,-
34,柿の木坂陸橋,環七通り×目黒通り,R4/11,碑文谷,C 等々力,9目黒,8,21,-,-
34,柿の木坂陸橋,環七通り×目黒通り,R4/11,碑文谷,C 等々力,9目黒,9,20,-,-
34,柿の木坂陸橋,環七通り×目黒通り,R4/11,碑文谷,C 等々力,9目黒,10,10,-,-
34,柿の木坂陸橋,環七通り×目黒通り,R4/11,碑文谷,C 等々力,9目黒,11,13,-,-
34,柿の木坂陸橋,環七通り×目黒通り,R4/11,碑文谷,C 等々力,9目黒,12,8,-,-
34,柿の木坂陸橋,環七通り×目黒通り,R4/11,碑文谷,C 等々力,9目黒,13,10,-,-
34,柿の木坂陸橋,環七通り×目黒通り,R4/11,碑文谷,C 等々力,9目黒,14,12,-,-
34,柿の木坂陸橋,環七通り×目黒通り,R4/11,碑文谷,C 等々力,9目黒,15,7,-,-
34,柿の木坂陸橋,環七通り×目黒通り,R4/11,碑文谷,C 等々力,9目黒,16,7,-,-
34,柿の木坂陸橋,環七通り×目黒通り,R4/11,碑文谷,C 等々力,9目黒,17,12,-,-
34,柿の木坂陸橋,環七通り×目黒通り,R4/11,碑文谷,C 等々力,9目黒,18,5,-,-
34,柿の木坂陸橋,環七通り×目黒通り,R4/11,碑文谷,C 等々力,9目黒,12時間計,140,-,-
34,柿の木坂陸橋,環七通り×目黒通り,R4/11,碑文谷,C 等々力,10平和島,7,0,-,-
34,柿の木坂陸橋,環七通り×目黒通り,R4/11,碑文谷,C 等々力,10平和島,8,0,-,-
34,柿の木坂陸橋,環七通り×目黒通り,R4/11,碑文谷,C 等々力,10平和島,9,0,-,-
34,柿の木坂陸橋,環七通り×目黒通り,R4/11,碑文谷,C 等々力,10平和島,10,0,-,-
34,柿の木坂陸橋,環七通り×目黒通り,R4/11,碑文谷,C 等々力,10平和島,11,2,-,-
34,柿の木坂陸橋,環七通り×目黒通り,R4/11,碑文谷,C 等々力,10平和島,12,0,-,-
34,柿の木坂陸橋,環七通り×目黒通り,R4/11,碑文谷,C 等々力,10平和島,13,1,-,-
34,柿の木坂陸橋,環七通り×目黒通り,R4/11,碑文谷,C 等々力,10平和島,14,0,-,-
34,柿の木坂陸橋,環七通り×目黒通り,R4/11,碑文谷,C 等々力,10平和島,15,0,-,-
34,柿の木坂陸橋,環七通り×目黒通り,R4/11,碑文谷,C 等々力,10平和島,16,0,-,-
34,柿の木坂陸橋,環七通り×目黒通り,R4/11,碑文谷,C 等々力,10平和島,17,0,-,-
34,柿の木坂陸橋,環七通り×目黒通り,R4/11,碑文谷,C 等々力,10平和島,18,0,-,-
34,柿の木坂陸橋,環七通り×目黒通り,R4/11,碑文谷,C 等々力,10平和島,12時間計,3,-,-
34,柿の木坂陸橋,環七通り×目黒通り,R4/11,碑文谷,C 等々力,流入計,7,30,43,73
34,柿の木坂陸橋,環七通り×目黒通り,R4/11,碑文谷,C 等々力,流入計,8,35,97,132
34,柿の木坂陸橋,環七通り×目黒通り,R4/11,碑文谷,C 等々力,流入計,9,24,71,95
34,柿の木坂陸橋,環七通り×目黒通り,R4/11,碑文谷,C 等々力,流入計,10,13,110,123
34,柿の木坂陸橋,環七通り×目黒通り,R4/11,碑文谷,C 等々力,流入計,11,16,141,157
34,柿の木坂陸橋,環七通り×目黒通り,R4/11,碑文谷,C 等々力,流入計,12,9,69,78
34,柿の木坂陸橋,環七通り×目黒通り,R4/11,碑文谷,C 等々力,流入計,13,15,98,113
34,柿の木坂陸橋,環七通り×目黒通り,R4/11,碑文谷,C 等々力,流入計,14,12,73,85
34,柿の木坂陸橋,環七通り×目黒通り,R4/11,碑文谷,C 等々力,流入計,15,8,88,96
34,柿の木坂陸橋,環七通り×目黒通り,R4/11,碑文谷,C 等々力,流入計,16,7,148,155
34,柿の木坂陸橋,環七通り×目黒通り,R4/11,碑文谷,C 等々力,流入計,17,14,141,155
34,柿の木坂陸橋,環七通り×目黒通り,R4/11,碑文谷,C 等々力,流入計,18,5,66,71
34,柿の木坂陸橋,環七通り×目黒通り,R4/11,碑文谷,C 等々力,流入計,12時間計,188,1145,1333
34,柿の木坂陸橋,環七通り×目黒通り,R4/11,碑文谷,D 平和島,11等々力,7,3,-,-
34,柿の木坂陸橋,環七通り×目黒通り,R4/11,碑文谷,D 平和島,11等々力,8,7,-,-
34,柿の木坂陸橋,環七通り×目黒通り,R4/11,碑文谷,D 平和島,11等々力,9,3,-,-
34,柿の木坂陸橋,環七通り×目黒通り,R4/11,碑文谷,D 平和島,11等々力,10,8,-,-
34,柿の木坂陸橋,環七通り×目黒通り,R4/11,碑文谷,D 平和島,11等々力,11,9,-,-
34,柿の木坂陸橋,環七通り×目黒通り,R4/11,碑文谷,D 平和島,11等々力,12,1,-,-
34,柿の木坂陸橋,環七通り×目黒通り,R4/11,碑文谷,D 平和島,11等々力,13,1,-,-
34,柿の木坂陸橋,環七通り×目黒通り,R4/11,碑文谷,D 平和島,11等々力,14,0,-,-
34,柿の木坂陸橋,環七通り×目黒通り,R4/11,碑文谷,D 平和島,11等々力,15,0,-,-
34,柿の木坂陸橋,環七通り×目黒通り,R4/11,碑文谷,D 平和島,11等々力,16,5,-,-
34,柿の木坂陸橋,環七通り×目黒通り,R4/11,碑文谷,D 平和島,11等々力,17,3,-,-
34,柿の木坂陸橋,環七通り×目黒通り,R4/11,碑文谷,D 平和島,11等々力,18,0,-,-
34,柿の木坂陸橋,環七通り×目黒通り,R4/11,碑文谷,D 平和島,11等々力,12時間計,40,-,-
34,柿の木坂陸橋,環七通り×目黒通り,R4/11,碑文谷,D 平和島,12大原,7,20,-,-
34,柿の木坂陸橋,環七通り×目黒通り,R4/11,碑文谷,D 平和島,12大原,8,27,-,-
34,柿の木坂陸橋,環七通り×目黒通り,R4/11,碑文谷,D 平和島,12大原,9,15,-,-
34,柿の木坂陸橋,環七通り×目黒通り,R4/11,碑文谷,D 平和島,12大原,10,14,-,-
34,柿の木坂陸橋,環七通り×目黒通り,R4/11,碑文谷,D 平和島,12大原,11,7,-,-
34,柿の木坂陸橋,環七通り×目黒通り,R4/11,碑文谷,D 平和島,12大原,12,9,-,-
34,柿の木坂陸橋,環七通り×目黒通り,R4/11,碑文谷,D 平和島,12大原,13,20,-,-
34,柿の木坂陸橋,環七通り×目黒通り,R4/11,碑文谷,D 平和島,12大原,14,13,-,-
34,柿の木坂陸橋,環七通り×目黒通り,R4/11,碑文谷,D 平和島,12大原,15,13,-,-
34,柿の木坂陸橋,環七通り×目黒通り,R4/11,碑文谷,D 平和島,12大原,16,14,-,-
34,柿の木坂陸橋,環七通り×目黒通り,R4/11,碑文谷,D 平和島,12大原,17,27,-,-
34,柿の木坂陸橋,環七通り×目黒通り,R4/11,碑文谷,D 平和島,12大原,18,7,-,-
34,柿の木坂陸橋,環七通り×目黒通り,R4/11,碑文谷,D 平和島,12大原,12時間計,186,-,-
34,柿の木坂陸橋,環七通り×目黒通り,R4/11,碑文谷,D 平和島,13目黒,7,1,-,-
34,柿の木坂陸橋,環七通り×目黒通り,R4/11,碑文谷,D 平和島,13目黒,8,2,-,-
34,柿の木坂陸橋,環七通り×目黒通り,R4/11,碑文谷,D 平和島,13目黒,9,1,-,-
34,柿の木坂陸橋,環七通り×目黒通り,R4/11,碑文谷,D 平和島,13目黒,10,2,-,-
34,柿の木坂陸橋,環七通り×目黒通り,R4/11,碑文谷,D 平和島,13目黒,11,3,-,-
34,柿の木坂陸橋,環七通り×目黒通り,R4/11,碑文谷,D 平和島,13目黒,12,1,-,-
34,柿の木坂陸橋,環七通り×目黒通り,R4/11,碑文谷,D 平和島,13目黒,13,1,-,-
34,柿の木坂陸橋,環七通り×目黒通り,R4/11,碑文谷,D 平和島,13目黒,14,1,-,-
34,柿の木坂陸橋,環七通り×目黒通り,R4/11,碑文谷,D 平和島,13目黒,15,1,-,-
34,柿の木坂陸橋,環七通り×目黒通り,R4/11,碑文谷,D 平和島,13目黒,16,0,-,-
34,柿の木坂陸橋,環七通り×目黒通り,R4/11,碑文谷,D 平和島,13目黒,17,2,-,-
34,柿の木坂陸橋,環七通り×目黒通り,R4/11,碑文谷,D 平和島,13目黒,18,0,-,-
34,柿の木坂陸橋,環七通り×目黒通り,R4/11,碑文谷,D 平和島,13目黒,12時間計,15,-,-
34,柿の木坂陸橋,環七通り×目黒通り,R4/11,碑文谷,D 平和島,14大原,7,0,-,-
34,柿の木坂陸橋,環七通り×目黒通り,R4/11,碑文谷,D 平和島,14大原,8,0,-,-
34,柿の木坂陸橋,環七通り×目黒通り,R4/11,碑文谷,D 平和島,14大原,9,0,-,-
34,柿の木坂陸橋,環七通り×目黒通り,R4/11,碑文谷,D 平和島,14大原,10,0,-,-
34,柿の木坂陸橋,環七通り×目黒通り,R4/11,碑文谷,D 平和島,14大原,11,0,-,-
34,柿の木坂陸橋,環七通り×目黒通り,R4/11,碑文谷,D 平和島,14大原,12,0,-,-
34,柿の木坂陸橋,環七通り×目黒通り,R4/11,碑文谷,D 平和島,14大原,13,0,-,-
34,柿の木坂陸橋,環七通り×目黒通り,R4/11,碑文谷,D 平和島,14大原,14,0,-,-
34,柿の木坂陸橋,環七通り×目黒通り,R4/11,碑文谷,D 平和島,14大原,15,0,-,-
34,柿の木坂陸橋,環七通り×目黒通り,R4/11,碑文谷,D 平和島,14大原,16,0,-,-
34,柿の木坂陸橋,環七通り×目黒通り,R4/11,碑文谷,D 平和島,14大原,17,0,-,-
34,柿の木坂陸橋,環七通り×目黒通り,R4/11,碑文谷,D 平和島,14大原,18,0,-,-
34,柿の木坂陸橋,環七通り×目黒通り,R4/11,碑文谷,D 平和島,14大原,12時間計,0,-,-
34,柿の木坂陸橋,環七通り×目黒通り,R4/11,碑文谷,D 平和島,流入計,7,24,54,78
34,柿の木坂陸橋,環七通り×目黒通り,R4/11,碑文谷,D 平和島,流入計,8,36,78,114
34,柿の木坂陸橋,環七通り×目黒通り,R4/11,碑文谷,D 平和島,流入計,9,19,53,72
34,柿の木坂陸橋,環七通り×目黒通り,R4/11,碑文谷,D 平和島,流入計,10,24,78,102
34,柿の木坂陸橋,環七通り×目黒通り,R4/11,碑文谷,D 平和島,流入計,11,19,120,139
34,柿の木坂陸橋,環七通り×目黒通り,R4/11,碑文谷,D 平和島,流入計,12,11,74,85
34,柿の木坂陸橋,環七通り×目黒通り,R4/11,碑文谷,D 平和島,流入計,13,22,77,99
34,柿の木坂陸橋,環七通り×目黒通り,R4/11,碑文谷,D 平和島,流入計,14,14,74,88
34,柿の木坂陸橋,環七通り×目黒通り,R4/11,碑文谷,D 平和島,流入計,15,14,61,75
34,柿の木坂陸橋,環七通り×目黒通り,R4/11,碑文谷,D 平和島,流入計,16,19,87,106
34,柿の木坂陸橋,環七通り×目黒通り,R4/11,碑文谷,D 平和島,流入計,17,32,65,97
34,柿の木坂陸橋,環七通り×目黒通り,R4/11,碑文谷,D 平和島,流入計,18,7,62,69
34,柿の木坂陸橋,環七通り×目黒通り,R4/11,碑文谷,D 平和島,流入計,12時間計,241,883,1124
34,柿の木坂陸橋,環七通り×目黒通り,R4/11,碑文谷,全方向計,全方向計,7,87,224,311
34,柿の木坂陸橋,環七通り×目黒通り,R4/11,碑文谷,全方向計,全方向計,8,133,379,512
34,柿の木坂陸橋,環七通り×目黒通り,R4/11,碑文谷,全方向計,全方向計,9,75,214,289
34,柿の木坂陸橋,環七通り×目黒通り,R4/11,碑文谷,全方向計,全方向計,10,73,281,354
34,柿の木坂陸橋,環七通り×目黒通り,R4/11,碑文谷,全方向計,全方向計,11,78,376,454
34,柿の木坂陸橋,環七通り×目黒通り,R4/11,碑文谷,全方向計,全方向計,12,40,231,271
34,柿の木坂陸橋,環七通り×目黒通り,R4/11,碑文谷,全方向計,全方向計,13,77,274,351
34,柿の木坂陸橋,環七通り×目黒通り,R4/11,碑文谷,全方向計,全方向計,14,46,235,281
34,柿の木坂陸橋,環七通り×目黒通り,R4/11,碑文谷,全方向計,全方向計,15,49,227,276
34,柿の木坂陸橋,環七通り×目黒通り,R4/11,碑文谷,全方向計,全方向計,16,81,335,416
34,柿の木坂陸橋,環七通り×目黒通り,R4/11,碑文谷,全方向計,全方向計,17,96,386,482
34,柿の木坂陸橋,環七通り×目黒通り,R4/11,碑文谷,全方向計,全方向計,18,63,209,272
34,柿の木坂陸橋,環七通り×目黒通り,R4/11,碑文谷,全方向計,全方向計,12時間計,898,3371,4269
