﻿地点番号,地点名,交差道路名,調査年月,管轄警察署,流入方向,流出方向,時間帯等,大型乗用,大型貨物,普通乗用,普通貨物,四輪計,二輪車
 74-2,（行幸橋）,鎌倉街道×川崎街道,R4/10,多摩中央,D 町田市,1.府中街道,7,1,0,123,80,204,7
 74-2,（行幸橋）,鎌倉街道×川崎街道,R4/10,多摩中央,D 町田市,1.府中街道,8,0,1,130,61,192,4
 74-2,（行幸橋）,鎌倉街道×川崎街道,R4/10,多摩中央,D 町田市,1.府中街道,9,0,0,83,50,133,4
 74-2,（行幸橋）,鎌倉街道×川崎街道,R4/10,多摩中央,D 町田市,1.府中街道,10,0,0,90,45,135,3
 74-2,（行幸橋）,鎌倉街道×川崎街道,R4/10,多摩中央,D 町田市,1.府中街道,11,0,1,73,38,112,6
 74-2,（行幸橋）,鎌倉街道×川崎街道,R4/10,多摩中央,D 町田市,1.府中街道,12,0,0,113,34,147,1
 74-2,（行幸橋）,鎌倉街道×川崎街道,R4/10,多摩中央,D 町田市,1.府中街道,13,0,0,95,43,138,3
 74-2,（行幸橋）,鎌倉街道×川崎街道,R4/10,多摩中央,D 町田市,1.府中街道,14,1,0,100,39,140,6
 74-2,（行幸橋）,鎌倉街道×川崎街道,R4/10,多摩中央,D 町田市,1.府中街道,15,0,0,118,40,158,13
 74-2,（行幸橋）,鎌倉街道×川崎街道,R4/10,多摩中央,D 町田市,1.府中街道,16,0,0,134,26,160,8
 74-2,（行幸橋）,鎌倉街道×川崎街道,R4/10,多摩中央,D 町田市,1.府中街道,17,0,0,129,41,170,6
 74-2,（行幸橋）,鎌倉街道×川崎街道,R4/10,多摩中央,D 町田市,1.府中街道,18,0,0,149,38,187,8
 74-2,（行幸橋）,鎌倉街道×川崎街道,R4/10,多摩中央,D 町田市,1.府中街道,12時間計,2,2,1337,535,1876,69
 74-2,（行幸橋）,鎌倉街道×川崎街道,R4/10,多摩中央,D 町田市,流入計,7,1,0,123,80,204,7
 74-2,（行幸橋）,鎌倉街道×川崎街道,R4/10,多摩中央,D 町田市,流入計,8,0,1,130,61,192,4
 74-2,（行幸橋）,鎌倉街道×川崎街道,R4/10,多摩中央,D 町田市,流入計,9,0,0,83,50,133,4
 74-2,（行幸橋）,鎌倉街道×川崎街道,R4/10,多摩中央,D 町田市,流入計,10,0,0,90,45,135,3
 74-2,（行幸橋）,鎌倉街道×川崎街道,R4/10,多摩中央,D 町田市,流入計,11,0,1,73,38,112,6
 74-2,（行幸橋）,鎌倉街道×川崎街道,R4/10,多摩中央,D 町田市,流入計,12,0,0,113,34,147,1
 74-2,（行幸橋）,鎌倉街道×川崎街道,R4/10,多摩中央,D 町田市,流入計,13,0,0,95,43,138,3
 74-2,（行幸橋）,鎌倉街道×川崎街道,R4/10,多摩中央,D 町田市,流入計,14,1,0,100,39,140,6
 74-2,（行幸橋）,鎌倉街道×川崎街道,R4/10,多摩中央,D 町田市,流入計,15,0,0,118,40,158,13
 74-2,（行幸橋）,鎌倉街道×川崎街道,R4/10,多摩中央,D 町田市,流入計,16,0,0,134,26,160,8
 74-2,（行幸橋）,鎌倉街道×川崎街道,R4/10,多摩中央,D 町田市,流入計,17,0,0,129,41,170,6
 74-2,（行幸橋）,鎌倉街道×川崎街道,R4/10,多摩中央,D 町田市,流入計,18,0,0,149,38,187,8
 74-2,（行幸橋）,鎌倉街道×川崎街道,R4/10,多摩中央,D 町田市,流入計,12時間計,2,2,1337,535,1876,69
 74-2,（行幸橋）,鎌倉街道×川崎街道,R4/10,多摩中央,E 府中街道,2.町田市,7,0,0,169,44,213,8
 74-2,（行幸橋）,鎌倉街道×川崎街道,R4/10,多摩中央,E 府中街道,2.町田市,8,0,1,131,60,192,10
 74-2,（行幸橋）,鎌倉街道×川崎街道,R4/10,多摩中央,E 府中街道,2.町田市,9,2,0,126,62,190,7
 74-2,（行幸橋）,鎌倉街道×川崎街道,R4/10,多摩中央,E 府中街道,2.町田市,10,0,0,137,51,188,12
 74-2,（行幸橋）,鎌倉街道×川崎街道,R4/10,多摩中央,E 府中街道,2.町田市,11,1,1,131,75,208,8
 74-2,（行幸橋）,鎌倉街道×川崎街道,R4/10,多摩中央,E 府中街道,2.町田市,12,0,0,121,50,171,16
 74-2,（行幸橋）,鎌倉街道×川崎街道,R4/10,多摩中央,E 府中街道,2.町田市,13,0,0,111,71,182,8
 74-2,（行幸橋）,鎌倉街道×川崎街道,R4/10,多摩中央,E 府中街道,2.町田市,14,1,0,134,71,206,6
 74-2,（行幸橋）,鎌倉街道×川崎街道,R4/10,多摩中央,E 府中街道,2.町田市,15,0,0,127,81,208,5
 74-2,（行幸橋）,鎌倉街道×川崎街道,R4/10,多摩中央,E 府中街道,2.町田市,16,3,0,134,69,206,8
 74-2,（行幸橋）,鎌倉街道×川崎街道,R4/10,多摩中央,E 府中街道,2.町田市,17,3,0,169,75,247,19
 74-2,（行幸橋）,鎌倉街道×川崎街道,R4/10,多摩中央,E 府中街道,2.町田市,18,0,0,154,73,227,5
 74-2,（行幸橋）,鎌倉街道×川崎街道,R4/10,多摩中央,E 府中街道,2.町田市,12時間計,10,2,1644,782,2438,112
 74-2,（行幸橋）,鎌倉街道×川崎街道,R4/10,多摩中央,E 府中街道,流入計,7,0,0,169,44,213,8
 74-2,（行幸橋）,鎌倉街道×川崎街道,R4/10,多摩中央,E 府中街道,流入計,8,0,1,131,60,192,10
 74-2,（行幸橋）,鎌倉街道×川崎街道,R4/10,多摩中央,E 府中街道,流入計,9,2,0,126,62,190,7
 74-2,（行幸橋）,鎌倉街道×川崎街道,R4/10,多摩中央,E 府中街道,流入計,10,0,0,137,51,188,12
 74-2,（行幸橋）,鎌倉街道×川崎街道,R4/10,多摩中央,E 府中街道,流入計,11,1,1,131,75,208,8
 74-2,（行幸橋）,鎌倉街道×川崎街道,R4/10,多摩中央,E 府中街道,流入計,12,0,0,121,50,171,16
 74-2,（行幸橋）,鎌倉街道×川崎街道,R4/10,多摩中央,E 府中街道,流入計,13,0,0,111,71,182,8
 74-2,（行幸橋）,鎌倉街道×川崎街道,R4/10,多摩中央,E 府中街道,流入計,14,1,0,134,71,206,6
 74-2,（行幸橋）,鎌倉街道×川崎街道,R4/10,多摩中央,E 府中街道,流入計,15,0,0,127,81,208,5
 74-2,（行幸橋）,鎌倉街道×川崎街道,R4/10,多摩中央,E 府中街道,流入計,16,3,0,134,69,206,8
 74-2,（行幸橋）,鎌倉街道×川崎街道,R4/10,多摩中央,E 府中街道,流入計,17,3,0,169,75,247,19
 74-2,（行幸橋）,鎌倉街道×川崎街道,R4/10,多摩中央,E 府中街道,流入計,18,0,0,154,73,227,5
 74-2,（行幸橋）,鎌倉街道×川崎街道,R4/10,多摩中央,E 府中街道,流入計,12時間計,10,2,1644,782,2438,112
