﻿地点番号,地点名,交差道路名,調査年月,管轄警察署,流出方向,時間帯等,大型乗用,大型貨物,普通乗用,普通貨物,四輪計,二輪車
332-1,東名入口,八王子街道×厚木大山街道,R4/10,町田,A 市ヶ尾,7,18,92,811,594,1515,83
332-1,東名入口,八王子街道×厚木大山街道,R4/10,町田,A 市ヶ尾,8,9,101,905,633,1648,74
332-1,東名入口,八王子街道×厚木大山街道,R4/10,町田,A 市ヶ尾,9,16,196,1021,650,1883,108
332-1,東名入口,八王子街道×厚木大山街道,R4/10,町田,A 市ヶ尾,10,13,174,1039,597,1823,59
332-1,東名入口,八王子街道×厚木大山街道,R4/10,町田,A 市ヶ尾,11,8,145,692,566,1411,33
332-1,東名入口,八王子街道×厚木大山街道,R4/10,町田,A 市ヶ尾,12,13,107,842,418,1380,68
332-1,東名入口,八王子街道×厚木大山街道,R4/10,町田,A 市ヶ尾,13,8,97,923,442,1470,60
332-1,東名入口,八王子街道×厚木大山街道,R4/10,町田,A 市ヶ尾,14,12,87,909,466,1474,60
332-1,東名入口,八王子街道×厚木大山街道,R4/10,町田,A 市ヶ尾,15,13,93,1047,383,1536,65
332-1,東名入口,八王子街道×厚木大山街道,R4/10,町田,A 市ヶ尾,16,10,105,1235,425,1775,110
332-1,東名入口,八王子街道×厚木大山街道,R4/10,町田,A 市ヶ尾,17,6,71,1171,388,1636,131
332-1,東名入口,八王子街道×厚木大山街道,R4/10,町田,A 市ヶ尾,18,17,43,1265,339,1664,109
332-1,東名入口,八王子街道×厚木大山街道,R4/10,町田,A 市ヶ尾,12時間計,143,1311,11860,5901,19215,960
332-1,東名入口,八王子街道×厚木大山街道,R4/10,町田,B 鵜野森,7,14,187,1518,635,2354,114
332-1,東名入口,八王子街道×厚木大山街道,R4/10,町田,B 鵜野森,8,11,152,1311,734,2208,62
332-1,東名入口,八王子街道×厚木大山街道,R4/10,町田,B 鵜野森,9,6,225,1088,609,1928,57
332-1,東名入口,八王子街道×厚木大山街道,R4/10,町田,B 鵜野森,10,10,214,1319,769,2312,37
332-1,東名入口,八王子街道×厚木大山街道,R4/10,町田,B 鵜野森,11,6,154,1113,637,1910,43
332-1,東名入口,八王子街道×厚木大山街道,R4/10,町田,B 鵜野森,12,9,125,1169,500,1803,45
332-1,東名入口,八王子街道×厚木大山街道,R4/10,町田,B 鵜野森,13,11,191,1376,581,2159,64
332-1,東名入口,八王子街道×厚木大山街道,R4/10,町田,B 鵜野森,14,14,156,1385,608,2163,53
332-1,東名入口,八王子街道×厚木大山街道,R4/10,町田,B 鵜野森,15,14,187,1324,705,2230,53
332-1,東名入口,八王子街道×厚木大山街道,R4/10,町田,B 鵜野森,16,13,204,1364,710,2291,72
332-1,東名入口,八王子街道×厚木大山街道,R4/10,町田,B 鵜野森,17,10,53,1536,741,2340,103
332-1,東名入口,八王子街道×厚木大山街道,R4/10,町田,B 鵜野森,18,15,42,1659,432,2148,98
332-1,東名入口,八王子街道×厚木大山街道,R4/10,町田,B 鵜野森,12時間計,133,1890,16162,7661,25846,801
332-1,東名入口,八王子街道×厚木大山街道,R4/10,町田,C 厚木,7,16,219,1187,714,2136,160
332-1,東名入口,八王子街道×厚木大山街道,R4/10,町田,C 厚木,8,17,89,898,456,1460,111
332-1,東名入口,八王子街道×厚木大山街道,R4/10,町田,C 厚木,9,18,141,691,396,1246,58
332-1,東名入口,八王子街道×厚木大山街道,R4/10,町田,C 厚木,10,9,138,563,491,1201,57
332-1,東名入口,八王子街道×厚木大山街道,R4/10,町田,C 厚木,11,8,122,515,421,1066,34
332-1,東名入口,八王子街道×厚木大山街道,R4/10,町田,C 厚木,12,4,306,664,532,1506,83
332-1,東名入口,八王子街道×厚木大山街道,R4/10,町田,C 厚木,13,18,309,629,489,1445,89
332-1,東名入口,八王子街道×厚木大山街道,R4/10,町田,C 厚木,14,17,319,822,409,1567,62
332-1,東名入口,八王子街道×厚木大山街道,R4/10,町田,C 厚木,15,17,260,739,409,1425,56
332-1,東名入口,八王子街道×厚木大山街道,R4/10,町田,C 厚木,16,13,100,852,529,1494,68
332-1,東名入口,八王子街道×厚木大山街道,R4/10,町田,C 厚木,17,12,76,993,515,1596,130
332-1,東名入口,八王子街道×厚木大山街道,R4/10,町田,C 厚木,18,15,49,879,995,1938,119
332-1,東名入口,八王子街道×厚木大山街道,R4/10,町田,C 厚木,12時間計,164,2128,9432,6356,18080,1027
332-1,東名入口,八王子街道×厚木大山街道,R4/10,町田,D 横浜町田ＩＣ,7,7,211,1321,885,2424,132
332-1,東名入口,八王子街道×厚木大山街道,R4/10,町田,D 横浜町田ＩＣ,8,5,166,1108,795,2074,85
332-1,東名入口,八王子街道×厚木大山街道,R4/10,町田,D 横浜町田ＩＣ,9,6,248,1041,718,2013,37
332-1,東名入口,八王子街道×厚木大山街道,R4/10,町田,D 横浜町田ＩＣ,10,2,279,873,638,1792,21
332-1,東名入口,八王子街道×厚木大山街道,R4/10,町田,D 横浜町田ＩＣ,11,6,308,1018,614,1946,30
332-1,東名入口,八王子街道×厚木大山街道,R4/10,町田,D 横浜町田ＩＣ,12,4,221,1062,641,1928,37
332-1,東名入口,八王子街道×厚木大山街道,R4/10,町田,D 横浜町田ＩＣ,13,2,166,1078,629,1875,39
332-1,東名入口,八王子街道×厚木大山街道,R4/10,町田,D 横浜町田ＩＣ,14,2,156,1183,661,2002,53
332-1,東名入口,八王子街道×厚木大山街道,R4/10,町田,D 横浜町田ＩＣ,15,9,177,1209,682,2077,39
332-1,東名入口,八王子街道×厚木大山街道,R4/10,町田,D 横浜町田ＩＣ,16,5,159,1179,555,1898,58
332-1,東名入口,八王子街道×厚木大山街道,R4/10,町田,D 横浜町田ＩＣ,17,9,128,1358,577,2072,94
332-1,東名入口,八王子街道×厚木大山街道,R4/10,町田,D 横浜町田ＩＣ,18,6,114,1059,534,1713,88
332-1,東名入口,八王子街道×厚木大山街道,R4/10,町田,D 横浜町田ＩＣ,12時間計,63,2333,13489,7929,23814,713
332-1,東名入口,八王子街道×厚木大山街道,R4/10,町田,全方向合計,7,55,709,4837,2828,8429,489
332-1,東名入口,八王子街道×厚木大山街道,R4/10,町田,全方向合計,8,42,508,4222,2618,7390,332
332-1,東名入口,八王子街道×厚木大山街道,R4/10,町田,全方向合計,9,46,810,3841,2373,7070,260
332-1,東名入口,八王子街道×厚木大山街道,R4/10,町田,全方向合計,10,34,805,3794,2495,7128,174
332-1,東名入口,八王子街道×厚木大山街道,R4/10,町田,全方向合計,11,28,729,3338,2238,6333,140
332-1,東名入口,八王子街道×厚木大山街道,R4/10,町田,全方向合計,12,30,759,3737,2091,6617,233
332-1,東名入口,八王子街道×厚木大山街道,R4/10,町田,全方向合計,13,39,763,4006,2141,6949,252
332-1,東名入口,八王子街道×厚木大山街道,R4/10,町田,全方向合計,14,45,718,4299,2144,7206,228
332-1,東名入口,八王子街道×厚木大山街道,R4/10,町田,全方向合計,15,53,717,4319,2179,7268,213
332-1,東名入口,八王子街道×厚木大山街道,R4/10,町田,全方向合計,16,41,568,4630,2219,7458,308
332-1,東名入口,八王子街道×厚木大山街道,R4/10,町田,全方向合計,17,37,328,5058,2221,7644,458
332-1,東名入口,八王子街道×厚木大山街道,R4/10,町田,全方向合計,18,53,248,4862,2300,7463,414
332-1,東名入口,八王子街道×厚木大山街道,R4/10,町田,全方向合計,12時間計,503,7662,50943,27847,86955,3501
