﻿観測地点,Ｈ１７区間番号,路線名,都市計画路線名,通称道路名,調査日,天候,ピーク時間交通量（台／ｈ）,ピーク率（％）,混雑時平均旅行速度（ｋｍ／ｈ）,大型車台数（台／１２ｈ）,混入率（％）,混雑度,昼夜率,車線数,５８年度（台／１２ｈ）,６０年度（台／１２ｈ）,６３年度（台／１２ｈ）,２年度（台／１２ｈ）,６年度（台／１２ｈ）,９年度（台／１２ｈ）,１１年度（台／１２ｈ）,１７年度（台／１２ｈ）,２２年度（台／１２ｈ）
６１８９０大島町元町２－１８,６０７３,一般都道大島循環線（都道２０８号）,－,大島一周道路,１１月１６日（火）,晴,500,11.5,32.9,413,9.5,0.51,-,2,3710,3342,3853,4105,4593,4297,4329,4353,4365
,,,,,,,,,,,,,,,,,,,,,,,
観測地点,Ｈ１７区間番号,路線名,都市計画路線名,通称道路名,調査日,天候,時間・種別,７～８,８～９,９～１０,１０～１１,１１～１２,１２～１３,１３～１４,１４～１５,１５～１６,１６～１７,１７～１８,１８～１９,１２ｈ計,２４ｈ計,,
６１８９０大島町元町２－１８,６０７３,一般都道大島循環線（都道２０８号）,－,大島一周道路,１１月１６日（火）,晴,自動車類上り大型車,15,21,21,21,26,3,26,23,14,18,12,2,202,-,,
６１８９０大島町元町２－１８,６０７３,一般都道大島循環線（都道２０８号）,－,大島一周道路,１１月１６日（火）,晴,自動車類上り小型車,166,100,127,138,231,65,247,159,154,212,215,135,1949,-,,
６１８９０大島町元町２－１８,６０７３,一般都道大島循環線（都道２０８号）,－,大島一周道路,１１月１６日（火）,晴,自動車類上り計,181,121,148,159,257,68,273,182,168,230,227,137,2151,-,,
６１８９０大島町元町２－１８,６０７３,一般都道大島循環線（都道２０８号）,－,大島一周道路,１１月１６日（火）,晴,自動車類下り大型車,27,25,29,9,32,6,22,20,15,13,6,7,211,-,,
６１８９０大島町元町２－１８,６０７３,一般都道大島循環線（都道２０８号）,－,大島一周道路,１１月１６日（火）,晴,自動車類下り小型車,247,234,156,128,211,181,156,145,126,171,182,66,2003,-,,
６１８９０大島町元町２－１８,６０７３,一般都道大島循環線（都道２０８号）,－,大島一周道路,１１月１６日（火）,晴,自動車類下り計,274,259,185,137,243,187,178,165,141,184,188,73,2214,-,,
６１８９０大島町元町２－１８,６０７３,一般都道大島循環線（都道２０８号）,－,大島一周道路,１１月１６日（火）,晴,自動車類合計大型車,42,46,50,30,58,9,48,43,29,31,18,9,413,-,,
６１８９０大島町元町２－１８,６０７３,一般都道大島循環線（都道２０８号）,－,大島一周道路,１１月１６日（火）,晴,自動車類合計小型車,413,334,283,266,442,246,403,304,280,383,397,201,3952,-,,
６１８９０大島町元町２－１８,６０７３,一般都道大島循環線（都道２０８号）,－,大島一周道路,１１月１６日（火）,晴,自動車類合計計,455,380,333,296,500,255,451,347,309,414,415,210,4365,-,,
６１８９０大島町元町２－１８,６０７３,一般都道大島循環線（都道２０８号）,－,大島一周道路,１１月１６日（火）,晴,二輪車類,9,5,15,6,7,4,3,2,3,6,5,2,67,,,
６１８９０大島町元町２－１８,６０７３,一般都道大島循環線（都道２０８号）,－,大島一周道路,１１月１６日（火）,晴,自転車類,1,1,1,4,3,2,0,1,5,2,4,3,27,,,
６１８９０大島町元町２－１８,６０７３,一般都道大島循環線（都道２０８号）,－,大島一周道路,１１月１６日（火）,晴,歩行者類,10,5,7,4,19,6,9,6,17,11,18,15,127,,,
