﻿観測地点,Ｈ１７区間番号,路線名,都市計画路線名,通称道路名,調査日,天候,ピーク時間交通量（台／ｈ）,ピーク率（％）,混雑時平均旅行速度（ｋｍ／ｈ）,大型車台数（台／１２ｈ）,混入率（％）,混雑度,昼夜率,車線数,５８年度（台／１２ｈ）,６０年度（台／１２ｈ）,６３年度（台／１２ｈ）,２年度（台／１２ｈ）,６年度（台／１２ｈ）,９年度（台／１２ｈ）,１１年度（台／１２ｈ）,１７年度（台／１２ｈ）,２２年度（台／１２ｈ）
６２５２０小笠原村父島字扇浦,６１０１,一般都道父島循環線（都道２４０号）,－,湾岸通り,１１月１５日（月）,曇,103,14.4,37.9,158,22.1,0.22,-,2,373,743,438,371,780,1116,-,921,715
,,,,,,,,,,,,,,,,,,,,,,,
観測地点,Ｈ１７区間番号,路線名,都市計画路線名,通称道路名,調査日,天候,時間・種別,７～８,８～９,９～１０,１０～１１,１１～１２,１２～１３,１３～１４,１４～１５,１５～１６,１６～１７,１７～１８,１８～１９,１２ｈ計,２４ｈ計,,
６２５２０小笠原村父島字扇浦,６１０１,一般都道父島循環線（都道２４０号）,－,湾岸通り,１１月１５日（月）,曇,自動車類上り大型車,3,10,2,7,8,3,10,6,7,13,1,1,71,-,,
６２５２０小笠原村父島字扇浦,６１０１,一般都道父島循環線（都道２４０号）,－,湾岸通り,１１月１５日（月）,曇,自動車類上り小型車,32,19,33,22,23,22,35,11,24,30,19,8,278,-,,
６２５２０小笠原村父島字扇浦,６１０１,一般都道父島循環線（都道２４０号）,－,湾岸通り,１１月１５日（月）,曇,自動車類上り計,35,29,35,29,31,25,45,17,31,43,20,9,349,-,,
６２５２０小笠原村父島字扇浦,６１０１,一般都道父島循環線（都道２４０号）,－,湾岸通り,１１月１５日（月）,曇,自動車類下り大型車,7,7,5,7,8,6,20,10,7,6,3,1,87,-,,
６２５２０小笠原村父島字扇浦,６１０１,一般都道父島循環線（都道２４０号）,－,湾岸通り,１１月１５日（月）,曇,自動車類下り小型車,17,20,35,25,23,26,38,19,21,28,13,14,279,-,,
６２５２０小笠原村父島字扇浦,６１０１,一般都道父島循環線（都道２４０号）,－,湾岸通り,１１月１５日（月）,曇,自動車類下り計,24,27,40,32,31,32,58,29,28,34,16,15,366,-,,
６２５２０小笠原村父島字扇浦,６１０１,一般都道父島循環線（都道２４０号）,－,湾岸通り,１１月１５日（月）,曇,自動車類合計大型車,10,17,7,14,16,9,30,16,14,19,4,2,158,-,,
６２５２０小笠原村父島字扇浦,６１０１,一般都道父島循環線（都道２４０号）,－,湾岸通り,１１月１５日（月）,曇,自動車類合計小型車,49,39,68,47,46,48,73,30,45,58,32,22,557,-,,
６２５２０小笠原村父島字扇浦,６１０１,一般都道父島循環線（都道２４０号）,－,湾岸通り,１１月１５日（月）,曇,自動車類合計計,59,56,75,61,62,57,103,46,59,77,36,24,715,-,,
６２５２０小笠原村父島字扇浦,６１０１,一般都道父島循環線（都道２４０号）,－,湾岸通り,１１月１５日（月）,曇,二輪車類,13,4,4,5,5,10,15,8,12,9,11,8,104,,,
６２５２０小笠原村父島字扇浦,６１０１,一般都道父島循環線（都道２４０号）,－,湾岸通り,１１月１５日（月）,曇,自転車類,0,0,1,0,0,1,1,0,0,0,0,1,4,,,
６２５２０小笠原村父島字扇浦,６１０１,一般都道父島循環線（都道２４０号）,－,湾岸通り,１１月１５日（月）,曇,歩行者類,4,3,1,0,0,5,1,1,0,3,7,2,27,,,
