﻿観測地点,Ｈ１７区間番号,路線名,都市計画路線名,通称道路名,調査日,天候,ピーク時間交通量（台／ｈ）,ピーク率（％）,混雑時平均旅行速度（ｋｍ／ｈ）,大型車台数（台／１２ｈ）,混入率（％）,混雑度,昼夜率,車線数,５８年度（台／１２ｈ）,６０年度（台／１２ｈ）,６３年度（台／１２ｈ）,２年度（台／１２ｈ）,６年度（台／１２ｈ）,９年度（台／１２ｈ）,１１年度（台／１２ｈ）,１７年度（台／１２ｈ）,２２年度（台／１２ｈ）
４０稲城ＩＣ～国立府中ＩＣ間,３,中央自動車道（富士吉田線）,－,（中央道）,１１月１０日（水）,晴,5256,9.6,14,6738,12.4,0.91,1.52,4,43001,46728,50170,59758,53710,54253,55282,53662,54498
,,,,,,,,,,,,,,,,,,,,,,,
観測地点,Ｈ１７区間番号,路線名,都市計画路線名,通称道路名,調査日,天候,時間・種別,７～８,８～９,９～１０,１０～１１,１１～１２,１２～１３,１３～１４,１４～１５,１５～１６,１６～１７,１７～１８,１８～１９,１２ｈ計,２４ｈ計,,
４０稲城ＩＣ～国立府中ＩＣ間,３,中央自動車道（富士吉田線）,－,（中央道）,１１月１０日（水）,晴,自動車類上り大型車,150,235,339,344,332,319,285,272,274,220,176,191,3137,6375,,
４０稲城ＩＣ～国立府中ＩＣ間,３,中央自動車道（富士吉田線）,－,（中央道）,１１月１０日（水）,晴,自動車類上り小型車,1368,1309,1388,1579,1619,1703,1776,2058,2486,2829,2608,2103,22826,33925,,
４０稲城ＩＣ～国立府中ＩＣ間,３,中央自動車道（富士吉田線）,－,（中央道）,１１月１０日（水）,晴,自動車類上り計,1518,1544,1727,1923,1951,2022,2061,2330,2760,3049,2784,2294,25963,40300,,
４０稲城ＩＣ～国立府中ＩＣ間,３,中央自動車道（富士吉田線）,－,（中央道）,１１月１０日（水）,晴,自動車類下り大型車,232,279,344,388,326,368,318,288,302,328,238,190,3601,6696,,
４０稲城ＩＣ～国立府中ＩＣ間,３,中央自動車道（富士吉田線）,－,（中央道）,１１月１０日（水）,晴,自動車類下り小型車,2287,2444,2184,2353,2194,1955,1648,1842,1832,1879,2107,2209,24934,35833,,
４０稲城ＩＣ～国立府中ＩＣ間,３,中央自動車道（富士吉田線）,－,（中央道）,１１月１０日（水）,晴,自動車類下り計,2519,2723,2528,2741,2520,2323,1966,2130,2134,2207,2345,2399,28535,42529,,
４０稲城ＩＣ～国立府中ＩＣ間,３,中央自動車道（富士吉田線）,－,（中央道）,１１月１０日（水）,晴,自動車類合計大型車,382,514,683,732,658,687,603,560,576,548,414,381,6738,13071,,
４０稲城ＩＣ～国立府中ＩＣ間,３,中央自動車道（富士吉田線）,－,（中央道）,１１月１０日（水）,晴,自動車類合計小型車,3655,3753,3572,3932,3813,3658,3424,3900,4318,4708,4715,4312,47760,69758,,
４０稲城ＩＣ～国立府中ＩＣ間,３,中央自動車道（富士吉田線）,－,（中央道）,１１月１０日（水）,晴,自動車類合計計,4037,4267,4255,4664,4471,4345,4027,4460,4894,5256,5129,4693,54498,82829,,
４０稲城ＩＣ～国立府中ＩＣ間,３,中央自動車道（富士吉田線）,－,（中央道）,１１月１０日（水）,晴,二輪車類,42,44,41,57,61,56,54,63,67,67,39,27,618,,,
４０稲城ＩＣ～国立府中ＩＣ間,３,中央自動車道（富士吉田線）,－,（中央道）,１１月１０日（水）,晴,自転車類,-,-,-,-,-,-,-,-,-,-,-,-,-,,,
４０稲城ＩＣ～国立府中ＩＣ間,３,中央自動車道（富士吉田線）,－,（中央道）,１１月１０日（水）,晴,歩行者類,-,-,-,-,-,-,-,-,-,-,-,-,-,,,
