﻿観測地点,Ｈ１７区間番号,路線名,都市計画路線名,通称道路名,調査日,天候,ピーク時間交通量（台／ｈ）,ピーク率（％）,混雑時平均旅行速度（ｋｍ／ｈ）,大型車台数（台／１２ｈ）,混入率（％）,混雑度,昼夜率,車線数,５８年度（台／１２ｈ）,６０年度（台／１２ｈ）,６３年度（台／１２ｈ）,２年度（台／１２ｈ）,６年度（台／１２ｈ）,９年度（台／１２ｈ）,１１年度（台／１２ｈ）,１７年度（台／１２ｈ）,２２年度（台／１２ｈ）
１０４１０八王子西ＩＣ～あきる野ＩＣ,０,一般国道４６８号（圏央道）,秋多１・３・１,（圏央道）,１１月１０日（水）,晴,1779,10.7,78.6,4516,27.1,0.31,1.43,4,-,-,-,-,-,-,-,-,16692
,,,,,,,,,,,,,,,,,,,,,,,
観測地点,Ｈ１７区間番号,路線名,都市計画路線名,通称道路名,調査日,天候,時間・種別,７～８,８～９,９～１０,１０～１１,１１～１２,１２～１３,１３～１４,１４～１５,１５～１６,１６～１７,１７～１８,１８～１９,１２ｈ計,２４ｈ計,,
１０４１０八王子西ＩＣ～あきる野ＩＣ,０,一般国道４６８号（圏央道）,秋多１・３・１,（圏央道）,１１月１０日（水）,晴,自動車類上り大型車,144,187,204,229,234,219,181,167,182,191,219,217,2374,4156,,
１０４１０八王子西ＩＣ～あきる野ＩＣ,０,一般国道４６８号（圏央道）,秋多１・３・１,（圏央道）,１１月１０日（水）,晴,自動車類上り小型車,508,613,612,586,420,376,355,415,480,545,615,461,5986,7609,,
１０４１０八王子西ＩＣ～あきる野ＩＣ,０,一般国道４６８号（圏央道）,秋多１・３・１,（圏央道）,１１月１０日（水）,晴,自動車類上り計,652,800,816,815,654,595,536,582,662,736,834,678,8360,11765,,
１０４１０八王子西ＩＣ～あきる野ＩＣ,０,一般国道４６８号（圏央道）,秋多１・３・１,（圏央道）,１１月１０日（水）,晴,自動車類下り大型車,212,193,236,225,197,167,133,151,151,161,171,145,2142,4437,,
１０４１０八王子西ＩＣ～あきる野ＩＣ,０,一般国道４６８号（圏央道）,秋多１・３・１,（圏央道）,１１月１０日（水）,晴,自動車類下り小型車,458,514,473,424,417,370,366,477,630,672,774,615,6190,7711,,
１０４１０八王子西ＩＣ～あきる野ＩＣ,０,一般国道４６８号（圏央道）,秋多１・３・１,（圏央道）,１１月１０日（水）,晴,自動車類下り計,670,707,709,649,614,537,499,628,781,833,945,760,8332,12148,,
１０４１０八王子西ＩＣ～あきる野ＩＣ,０,一般国道４６８号（圏央道）,秋多１・３・１,（圏央道）,１１月１０日（水）,晴,自動車類合計大型車,356,380,440,454,431,386,314,318,333,352,390,362,4516,8593,,
１０４１０八王子西ＩＣ～あきる野ＩＣ,０,一般国道４６８号（圏央道）,秋多１・３・１,（圏央道）,１１月１０日（水）,晴,自動車類合計小型車,966,1127,1085,1010,837,746,721,892,1110,1217,1389,1076,12176,15320,,
１０４１０八王子西ＩＣ～あきる野ＩＣ,０,一般国道４６８号（圏央道）,秋多１・３・１,（圏央道）,１１月１０日（水）,晴,自動車類合計計,1322,1507,1525,1464,1268,1132,1035,1210,1443,1569,1779,1438,16692,23913,,
１０４１０八王子西ＩＣ～あきる野ＩＣ,０,一般国道４６８号（圏央道）,秋多１・３・１,（圏央道）,１１月１０日（水）,晴,二輪車類,4,8,8,22,22,13,7,11,27,14,10,5,151,,,
１０４１０八王子西ＩＣ～あきる野ＩＣ,０,一般国道４６８号（圏央道）,秋多１・３・１,（圏央道）,１１月１０日（水）,晴,自転車類,-,-,-,-,-,-,-,-,-,-,-,-,-,,,
１０４１０八王子西ＩＣ～あきる野ＩＣ,０,一般国道４６８号（圏央道）,秋多１・３・１,（圏央道）,１１月１０日（水）,晴,歩行者類,-,-,-,-,-,-,-,-,-,-,-,-,-,,,
