﻿観測地点,Ｈ１７区間番号,路線名,都市計画路線名,通称道路名,調査日,天候,ピーク時間交通量（台／ｈ）,ピーク率（％）,混雑時平均旅行速度（ｋｍ／ｈ）,大型車台数（台／１２ｈ）,混入率（％）,混雑度,昼夜率,車線数,５８年度（台／１２ｈ）,６０年度（台／１２ｈ）,６３年度（台／１２ｈ）,２年度（台／１２ｈ）,６年度（台／１２ｈ）,９年度（台／１２ｈ）,１１年度（台／１２ｈ）,１７年度（台／１２ｈ）,２２年度（台／１２ｈ）
６２８４０八王子市下恩方町３３９５,６１１２,一般都道上野原八王子線（都道５２１号）,－,陣馬街道,１０月２７日（水）,晴,303,9.5,29,341,10.7,0.65,-,2,1850,1645,1889,1744,2006,2565,-,2227,3183
,,,,,,,,,,,,,,,,,,,,,,,
観測地点,Ｈ１７区間番号,路線名,都市計画路線名,通称道路名,調査日,天候,時間・種別,７～８,８～９,９～１０,１０～１１,１１～１２,１２～１３,１３～１４,１４～１５,１５～１６,１６～１７,１７～１８,１８～１９,１２ｈ計,２４ｈ計,,
６２８４０八王子市下恩方町３３９５,６１１２,一般都道上野原八王子線（都道５２１号）,－,陣馬街道,１０月２７日（水）,晴,自動車類上り大型車,10,19,20,15,12,18,10,19,9,4,16,11,163,-,,
６２８４０八王子市下恩方町３３９５,６１１２,一般都道上野原八王子線（都道５２１号）,－,陣馬街道,１０月２７日（水）,晴,自動車類上り小型車,125,163,134,126,84,99,118,131,120,114,88,84,1386,-,,
６２８４０八王子市下恩方町３３９５,６１１２,一般都道上野原八王子線（都道５２１号）,－,陣馬街道,１０月２７日（水）,晴,自動車類上り計,135,182,154,141,96,117,128,150,129,118,104,95,1549,-,,
６２８４０八王子市下恩方町３３９５,６１１２,一般都道上野原八王子線（都道５２１号）,－,陣馬街道,１０月２７日（水）,晴,自動車類下り大型車,14,18,17,21,12,16,16,20,12,11,11,10,178,-,,
６２８４０八王子市下恩方町３３９５,６１１２,一般都道上野原八王子線（都道５２１号）,－,陣馬街道,１０月２７日（水）,晴,自動車類下り小型車,153,103,108,115,94,101,90,130,157,168,157,80,1456,-,,
６２８４０八王子市下恩方町３３９５,６１１２,一般都道上野原八王子線（都道５２１号）,－,陣馬街道,１０月２７日（水）,晴,自動車類下り計,167,121,125,136,106,117,106,150,169,179,168,90,1634,-,,
６２８４０八王子市下恩方町３３９５,６１１２,一般都道上野原八王子線（都道５２１号）,－,陣馬街道,１０月２７日（水）,晴,自動車類合計大型車,24,37,37,36,24,34,26,39,21,15,27,21,341,-,,
６２８４０八王子市下恩方町３３９５,６１１２,一般都道上野原八王子線（都道５２１号）,－,陣馬街道,１０月２７日（水）,晴,自動車類合計小型車,278,266,242,241,178,200,208,261,277,282,245,164,2842,-,,
６２８４０八王子市下恩方町３３９５,６１１２,一般都道上野原八王子線（都道５２１号）,－,陣馬街道,１０月２７日（水）,晴,自動車類合計計,302,303,279,277,202,234,234,300,298,297,272,185,3183,-,,
６２８４０八王子市下恩方町３３９５,６１１２,一般都道上野原八王子線（都道５２１号）,－,陣馬街道,１０月２７日（水）,晴,二輪車類,20,14,12,9,17,15,20,13,31,21,25,10,207,,,
６２８４０八王子市下恩方町３３９５,６１１２,一般都道上野原八王子線（都道５２１号）,－,陣馬街道,１０月２７日（水）,晴,自転車類,106,102,8,7,13,14,14,108,63,23,59,20,537,,,
６２８４０八王子市下恩方町３３９５,６１１２,一般都道上野原八王子線（都道５２１号）,－,陣馬街道,１０月２７日（水）,晴,歩行者類,101,21,8,8,11,6,9,40,47,16,37,18,322,,,
