﻿観測地点,Ｈ１７区間番号,路線名,都市計画路線名,通称道路名,調査日,天候,ピーク時間交通量（台／ｈ）,ピーク率（％）,混雑時平均旅行速度（ｋｍ／ｈ）,大型車台数（台／１２ｈ）,混入率（％）,混雑度,昼夜率,車線数,５８年度（台／１２ｈ）,６０年度（台／１２ｈ）,６３年度（台／１２ｈ）,２年度（台／１２ｈ）,６年度（台／１２ｈ）,９年度（台／１２ｈ）,１１年度（台／１２ｈ）,１７年度（台／１２ｈ）,２２年度（台／１２ｈ）
４１２１０日野市落川２００１,４０４４,主要地方道府中相模原線（都道２０号）,日野３・２・７,（府中四谷橋）,１０月２１日（木）,雨,1966,10.4,32.9,2748,14.5,0.84,-,4,-,-,-,-,-,-,16179,15074,18965
,,,,,,,,,,,,,,,,,,,,,,,
観測地点,Ｈ１７区間番号,路線名,都市計画路線名,通称道路名,調査日,天候,時間・種別,７～８,８～９,９～１０,１０～１１,１１～１２,１２～１３,１３～１４,１４～１５,１５～１６,１６～１７,１７～１８,１８～１９,１２ｈ計,２４ｈ計,,
４１２１０日野市落川２００１,４０４４,主要地方道府中相模原線（都道２０号）,日野３・２・７,（府中四谷橋）,１０月２１日（木）,雨,自動車類上り大型車,99,109,122,132,123,118,106,98,96,102,80,67,1252,-,,
４１２１０日野市落川２００１,４０４４,主要地方道府中相模原線（都道２０号）,日野３・２・７,（府中四谷橋）,１０月２１日（木）,雨,自動車類上り小型車,932,856,632,508,584,537,566,613,643,691,791,658,8011,-,,
４１２１０日野市落川２００１,４０４４,主要地方道府中相模原線（都道２０号）,日野３・２・７,（府中四谷橋）,１０月２１日（木）,雨,自動車類上り計,1031,965,754,640,707,655,672,711,739,793,871,725,9263,-,,
４１２１０日野市落川２００１,４０４４,主要地方道府中相模原線（都道２０号）,日野３・２・７,（府中四谷橋）,１０月２１日（木）,雨,自動車類下り大型車,137,163,147,143,162,119,135,115,109,97,86,83,1496,-,,
４１２１０日野市落川２００１,４０４４,主要地方道府中相模原線（都道２０号）,日野３・２・７,（府中四谷橋）,１０月２１日（木）,雨,自動車類下り小型車,677,838,660,534,575,569,571,625,629,677,941,910,8206,-,,
４１２１０日野市落川２００１,４０４４,主要地方道府中相模原線（都道２０号）,日野３・２・７,（府中四谷橋）,１０月２１日（木）,雨,自動車類下り計,814,1001,807,677,737,688,706,740,738,774,1027,993,9702,-,,
４１２１０日野市落川２００１,４０４４,主要地方道府中相模原線（都道２０号）,日野３・２・７,（府中四谷橋）,１０月２１日（木）,雨,自動車類合計大型車,236,272,269,275,285,237,241,213,205,199,166,150,2748,-,,
４１２１０日野市落川２００１,４０４４,主要地方道府中相模原線（都道２０号）,日野３・２・７,（府中四谷橋）,１０月２１日（木）,雨,自動車類合計小型車,1609,1694,1292,1042,1159,1106,1137,1238,1272,1368,1732,1568,16217,-,,
４１２１０日野市落川２００１,４０４４,主要地方道府中相模原線（都道２０号）,日野３・２・７,（府中四谷橋）,１０月２１日（木）,雨,自動車類合計計,1845,1966,1561,1317,1444,1343,1378,1451,1477,1567,1898,1718,18965,-,,
４１２１０日野市落川２００１,４０４４,主要地方道府中相模原線（都道２０号）,日野３・２・７,（府中四谷橋）,１０月２１日（木）,雨,二輪車類,110,106,92,33,43,57,62,62,53,58,84,76,836,,,
４１２１０日野市落川２００１,４０４４,主要地方道府中相模原線（都道２０号）,日野３・２・７,（府中四谷橋）,１０月２１日（木）,雨,自転車類,59,89,31,32,34,24,19,16,21,54,55,75,509,,,
４１２１０日野市落川２００１,４０４４,主要地方道府中相模原線（都道２０号）,日野３・２・７,（府中四谷橋）,１０月２１日（木）,雨,歩行者類,65,38,13,27,24,7,22,29,27,34,47,49,382,,,
