﻿観測地点,Ｈ１７区間番号,路線名,都市計画路線名,通称道路名,調査日,天候,ピーク時間交通量（台／ｈ）,ピーク率（％）,混雑時平均旅行速度（ｋｍ／ｈ）,大型車台数（台／１２ｈ）,混入率（％）,混雑度,昼夜率,車線数,５８年度（台／１２ｈ）,６０年度（台／１２ｈ）,６３年度（台／１２ｈ）,２年度（台／１２ｈ）,６年度（台／１２ｈ）,９年度（台／１２ｈ）,１１年度（台／１２ｈ）,１７年度（台／１２ｈ）,２２年度（台／１２ｈ）
４０８４０小平市小川東町２,４０３３,主要地方道立川所沢線（都道１６号）,小平３・３・８,府中街道,１０月１３日（水）,晴,858,8.8,16.4,1789,18.4,1.33,-,2,11348,10332,10491,10672,8950,9866,9295,9249,9743
,,,,,,,,,,,,,,,,,,,,,,,
観測地点,Ｈ１７区間番号,路線名,都市計画路線名,通称道路名,調査日,天候,時間・種別,７～８,８～９,９～１０,１０～１１,１１～１２,１２～１３,１３～１４,１４～１５,１５～１６,１６～１７,１７～１８,１８～１９,１２ｈ計,２４ｈ計,,
４０８４０小平市小川東町２,４０３３,主要地方道立川所沢線（都道１６号）,小平３・３・８,府中街道,１０月１３日（水）,晴,自動車類上り大型車,112,88,100,95,97,78,69,59,54,51,35,31,869,-,,
４０８４０小平市小川東町２,４０３３,主要地方道立川所沢線（都道１６号）,小平３・３・８,府中街道,１０月１３日（水）,晴,自動車類上り小型車,341,342,276,330,322,330,339,365,336,377,346,344,4048,-,,
４０８４０小平市小川東町２,４０３３,主要地方道立川所沢線（都道１６号）,小平３・３・８,府中街道,１０月１３日（水）,晴,自動車類上り計,453,430,376,425,419,408,408,424,390,428,381,375,4917,-,,
４０８４０小平市小川東町２,４０３３,主要地方道立川所沢線（都道１６号）,小平３・３・８,府中街道,１０月１３日（水）,晴,自動車類下り大型車,66,88,117,101,100,92,65,76,79,53,45,38,920,-,,
４０８４０小平市小川東町２,４０３３,主要地方道立川所沢線（都道１６号）,小平３・３・８,府中街道,１０月１３日（水）,晴,自動車類下り小型車,284,259,261,298,297,315,312,324,344,359,432,421,3906,-,,
４０８４０小平市小川東町２,４０３３,主要地方道立川所沢線（都道１６号）,小平３・３・８,府中街道,１０月１３日（水）,晴,自動車類下り計,350,347,378,399,397,407,377,400,423,412,477,459,4826,-,,
４０８４０小平市小川東町２,４０３３,主要地方道立川所沢線（都道１６号）,小平３・３・８,府中街道,１０月１３日（水）,晴,自動車類合計大型車,178,176,217,196,197,170,134,135,133,104,80,69,1789,-,,
４０８４０小平市小川東町２,４０３３,主要地方道立川所沢線（都道１６号）,小平３・３・８,府中街道,１０月１３日（水）,晴,自動車類合計小型車,625,601,537,628,619,645,651,689,680,736,778,765,7954,-,,
４０８４０小平市小川東町２,４０３３,主要地方道立川所沢線（都道１６号）,小平３・３・８,府中街道,１０月１３日（水）,晴,自動車類合計計,803,777,754,824,816,815,785,824,813,840,858,834,9743,-,,
４０８４０小平市小川東町２,４０３３,主要地方道立川所沢線（都道１６号）,小平３・３・８,府中街道,１０月１３日（水）,晴,二輪車類,24,24,11,11,11,21,29,23,26,27,30,38,275,,,
４０８４０小平市小川東町２,４０３３,主要地方道立川所沢線（都道１６号）,小平３・３・８,府中街道,１０月１３日（水）,晴,自転車類,279,348,198,232,181,204,232,241,345,373,367,268,3268,,,
４０８４０小平市小川東町２,４０３３,主要地方道立川所沢線（都道１６号）,小平３・３・８,府中街道,１０月１３日（水）,晴,歩行者類,73,108,38,59,53,65,36,55,81,136,101,107,912,,,
