﻿観測地点,Ｈ１７区間番号,路線名,都市計画路線名,通称道路名,調査日,天候,ピーク時間交通量（台／ｈ）,ピーク率（％）,混雑時平均旅行速度（ｋｍ／ｈ）,大型車台数（台／１２ｈ）,混入率（％）,混雑度,昼夜率,車線数,５８年度（台／１２ｈ）,６０年度（台／１２ｈ）,６３年度（台／１２ｈ）,２年度（台／１２ｈ）,６年度（台／１２ｈ）,９年度（台／１２ｈ）,１１年度（台／１２ｈ）,１７年度（台／１２ｈ）,２２年度（台／１２ｈ）
６１９９０新島村中河原,６０７７,一般都道若郷新島港線（都道２１１号）,－,新島本道,１１月８日（月）,晴,214,13.1,38.2,87,5.3,0.24,-,2,1220,905,1672,1714,1408,1555,-,1492,1632
,,,,,,,,,,,,,,,,,,,,,,,
観測地点,Ｈ１７区間番号,路線名,都市計画路線名,通称道路名,調査日,天候,時間・種別,７～８,８～９,９～１０,１０～１１,１１～１２,１２～１３,１３～１４,１４～１５,１５～１６,１６～１７,１７～１８,１８～１９,１２ｈ計,２４ｈ計,,
６１９９０新島村中河原,６０７７,一般都道若郷新島港線（都道２１１号）,－,新島本道,１１月８日（月）,晴,自動車類上り大型車,4,4,4,6,8,7,6,2,1,3,1,0,46,-,,
６１９９０新島村中河原,６０７７,一般都道若郷新島港線（都道２１１号）,－,新島本道,１１月８日（月）,晴,自動車類上り小型車,34,110,52,74,79,81,59,45,45,66,96,32,773,-,,
６１９９０新島村中河原,６０７７,一般都道若郷新島港線（都道２１１号）,－,新島本道,１１月８日（月）,晴,自動車類上り計,38,114,56,80,87,88,65,47,46,69,97,32,819,-,,
６１９９０新島村中河原,６０７７,一般都道若郷新島港線（都道２１１号）,－,新島本道,１１月８日（月）,晴,自動車類下り大型車,4,5,1,7,9,3,3,5,0,4,0,0,41,-,,
６１９９０新島村中河原,６０７７,一般都道若郷新島港線（都道２１１号）,－,新島本道,１１月８日（月）,晴,自動車類下り小型車,76,95,61,78,100,35,77,55,50,58,52,35,772,-,,
６１９９０新島村中河原,６０７７,一般都道若郷新島港線（都道２１１号）,－,新島本道,１１月８日（月）,晴,自動車類下り計,80,100,62,85,109,38,80,60,50,62,52,35,813,-,,
６１９９０新島村中河原,６０７７,一般都道若郷新島港線（都道２１１号）,－,新島本道,１１月８日（月）,晴,自動車類合計大型車,8,9,5,13,17,10,9,7,1,7,1,0,87,-,,
６１９９０新島村中河原,６０７７,一般都道若郷新島港線（都道２１１号）,－,新島本道,１１月８日（月）,晴,自動車類合計小型車,110,205,113,152,179,116,136,100,95,124,148,67,1545,-,,
６１９９０新島村中河原,６０７７,一般都道若郷新島港線（都道２１１号）,－,新島本道,１１月８日（月）,晴,自動車類合計計,118,214,118,165,196,126,145,107,96,131,149,67,1632,-,,
６１９９０新島村中河原,６０７７,一般都道若郷新島港線（都道２１１号）,－,新島本道,１１月８日（月）,晴,二輪車類,4,5,0,2,4,5,6,0,1,4,6,3,40,,,
６１９９０新島村中河原,６０７７,一般都道若郷新島港線（都道２１１号）,－,新島本道,１１月８日（月）,晴,自転車類,1,2,0,1,2,1,1,3,5,2,2,2,22,,,
６１９９０新島村中河原,６０７７,一般都道若郷新島港線（都道２１１号）,－,新島本道,１１月８日（月）,晴,歩行者類,1,5,1,3,0,1,2,1,2,1,4,11,32,,,
