﻿観測地点,Ｈ１７区間番号,路線名,都市計画路線名,通称道路名,調査日,天候,ピーク時間交通量（台／ｈ）,ピーク率（％）,混雑時平均旅行速度（ｋｍ／ｈ）,大型車台数（台／１２ｈ）,混入率（％）,混雑度,昼夜率,車線数,５８年度（台／１２ｈ）,６０年度（台／１２ｈ）,６３年度（台／１２ｈ）,２年度（台／１２ｈ）,６年度（台／１２ｈ）,９年度（台／１２ｈ）,１１年度（台／１２ｈ）,１７年度（台／１２ｈ）,２２年度（台／１２ｈ）
６１３２０八王子市小比企町１６１９,６０４８,一般都道上館日野線（都道１７３号）,－,北野街道,１０月２７日（水）,晴,983,10.0,15.2,803,8.2,1.06,-,2,8670,8283,8513,10135,10085,10877,11315,10791,9826
,,,,,,,,,,,,,,,,,,,,,,,
観測地点,Ｈ１７区間番号,路線名,都市計画路線名,通称道路名,調査日,天候,時間・種別,７～８,８～９,９～１０,１０～１１,１１～１２,１２～１３,１３～１４,１４～１５,１５～１６,１６～１７,１７～１８,１８～１９,１２ｈ計,２４ｈ計,,
６１３２０八王子市小比企町１６１９,６０４８,一般都道上館日野線（都道１７３号）,－,北野街道,１０月２７日（水）,晴,自動車類上り大型車,34,50,63,50,39,28,43,37,36,18,18,8,424,-,,
６１３２０八王子市小比企町１６１９,６０４８,一般都道上館日野線（都道１７３号）,－,北野街道,１０月２７日（水）,晴,自動車類上り小型車,319,433,316,317,310,321,341,325,414,352,451,460,4359,-,,
６１３２０八王子市小比企町１６１９,６０４８,一般都道上館日野線（都道１７３号）,－,北野街道,１０月２７日（水）,晴,自動車類上り計,353,483,379,367,349,349,384,362,450,370,469,468,4783,-,,
６１３２０八王子市小比企町１６１９,６０４８,一般都道上館日野線（都道１７３号）,－,北野街道,１０月２７日（水）,晴,自動車類下り大型車,31,41,38,29,40,29,40,36,34,29,16,16,379,-,,
６１３２０八王子市小比企町１６１９,６０４８,一般都道上館日野線（都道１７３号）,－,北野街道,１０月２７日（水）,晴,自動車類下り小型車,396,402,326,398,339,351,362,411,420,395,498,366,4664,-,,
６１３２０八王子市小比企町１６１９,６０４８,一般都道上館日野線（都道１７３号）,－,北野街道,１０月２７日（水）,晴,自動車類下り計,427,443,364,427,379,380,402,447,454,424,514,382,5043,-,,
６１３２０八王子市小比企町１６１９,６０４８,一般都道上館日野線（都道１７３号）,－,北野街道,１０月２７日（水）,晴,自動車類合計大型車,65,91,101,79,79,57,83,73,70,47,34,24,803,-,,
６１３２０八王子市小比企町１６１９,６０４８,一般都道上館日野線（都道１７３号）,－,北野街道,１０月２７日（水）,晴,自動車類合計小型車,715,835,642,715,649,672,703,736,834,747,949,826,9023,-,,
６１３２０八王子市小比企町１６１９,６０４８,一般都道上館日野線（都道１７３号）,－,北野街道,１０月２７日（水）,晴,自動車類合計計,780,926,743,794,728,729,786,809,904,794,983,850,9826,-,,
６１３２０八王子市小比企町１６１９,６０４８,一般都道上館日野線（都道１７３号）,－,北野街道,１０月２７日（水）,晴,二輪車類,55,71,48,52,48,61,42,54,44,59,75,73,682,,,
６１３２０八王子市小比企町１６１９,６０４８,一般都道上館日野線（都道１７３号）,－,北野街道,１０月２７日（水）,晴,自転車類,16,14,8,12,7,3,8,18,12,22,12,13,145,,,
６１３２０八王子市小比企町１６１９,６０４８,一般都道上館日野線（都道１７３号）,－,北野街道,１０月２７日（水）,晴,歩行者類,19,29,6,12,7,4,6,25,12,15,6,10,151,,,
