﻿観測地点,Ｈ１７区間番号,路線名,都市計画路線名,通称道路名,調査日,天候,ピーク時間交通量（台／ｈ）,ピーク率（％）,混雑時平均旅行速度（ｋｍ／ｈ）,大型車台数（台／１２ｈ）,混入率（％）,混雑度,昼夜率,車線数,５８年度（台／１２ｈ）,６０年度（台／１２ｈ）,６３年度（台／１２ｈ）,２年度（台／１２ｈ）,６年度（台／１２ｈ）,９年度（台／１２ｈ）,１１年度（台／１２ｈ）,１７年度（台／１２ｈ）,２２年度（台／１２ｈ）
６０３７０東久留米市柳窪４－１１,６０１８,一般都道東村山東久留米線（都道１２９号）,－,－,１０月１３日（水）,晴,118,14.8,23.5,42,5.3,0.18,-,2,5834,6125,6610,7720,7962,8391,7905,6875,798
,,,,,,,,,,,,,,,,,,,,,,,
観測地点,Ｈ１７区間番号,路線名,都市計画路線名,通称道路名,調査日,天候,時間・種別,７～８,８～９,９～１０,１０～１１,１１～１２,１２～１３,１３～１４,１４～１５,１５～１６,１６～１７,１７～１８,１８～１９,１２ｈ計,２４ｈ計,,
６０３７０東久留米市柳窪４－１１,６０１８,一般都道東村山東久留米線（都道１２９号）,－,－,１０月１３日（水）,晴,自動車類上り大型車,2,2,5,1,2,0,1,5,4,1,1,1,25,-,,
６０３７０東久留米市柳窪４－１１,６０１８,一般都道東村山東久留米線（都道１２９号）,－,－,１０月１３日（水）,晴,自動車類上り小型車,13,24,29,31,46,24,26,54,52,87,56,25,467,-,,
６０３７０東久留米市柳窪４－１１,６０１８,一般都道東村山東久留米線（都道１２９号）,－,－,１０月１３日（水）,晴,自動車類上り計,15,26,34,32,48,24,27,59,56,88,57,26,492,-,,
６０３７０東久留米市柳窪４－１１,６０１８,一般都道東村山東久留米線（都道１２９号）,－,－,１０月１３日（水）,晴,自動車類下り大型車,0,1,4,1,3,0,1,2,3,1,0,1,17,-,,
６０３７０東久留米市柳窪４－１１,６０１８,一般都道東村山東久留米線（都道１２９号）,－,－,１０月１３日（水）,晴,自動車類下り小型車,34,28,26,15,15,25,23,26,19,29,28,21,289,-,,
６０３７０東久留米市柳窪４－１１,６０１８,一般都道東村山東久留米線（都道１２９号）,－,－,１０月１３日（水）,晴,自動車類下り計,34,29,30,16,18,25,24,28,22,30,28,22,306,-,,
６０３７０東久留米市柳窪４－１１,６０１８,一般都道東村山東久留米線（都道１２９号）,－,－,１０月１３日（水）,晴,自動車類合計大型車,2,3,9,2,5,0,2,7,7,2,1,2,42,-,,
６０３７０東久留米市柳窪４－１１,６０１８,一般都道東村山東久留米線（都道１２９号）,－,－,１０月１３日（水）,晴,自動車類合計小型車,47,52,55,46,61,49,49,80,71,116,84,46,756,-,,
６０３７０東久留米市柳窪４－１１,６０１８,一般都道東村山東久留米線（都道１２９号）,－,－,１０月１３日（水）,晴,自動車類合計計,49,55,64,48,66,49,51,87,78,118,85,48,798,-,,
６０３７０東久留米市柳窪４－１１,６０１８,一般都道東村山東久留米線（都道１２９号）,－,－,１０月１３日（水）,晴,二輪車類,-,-,-,-,-,-,-,-,-,-,-,-,-,,,
６０３７０東久留米市柳窪４－１１,６０１８,一般都道東村山東久留米線（都道１２９号）,－,－,１０月１３日（水）,晴,自転車類,34,32,25,19,22,23,11,14,28,28,27,14,277,,,
６０３７０東久留米市柳窪４－１１,６０１８,一般都道東村山東久留米線（都道１２９号）,－,－,１０月１３日（水）,晴,歩行者類,22,10,5,5,0,4,2,3,7,12,8,5,83,,,
