﻿観測地点,Ｈ１７区間番号,路線名,都市計画路線名,通称道路名,調査日,天候,ピーク時間交通量（台／ｈ）,ピーク率（％）,混雑時平均旅行速度（ｋｍ／ｈ）,大型車台数（台／１２ｈ）,混入率（％）,混雑度,昼夜率,車線数,５８年度（台／１２ｈ）,６０年度（台／１２ｈ）,６３年度（台／１２ｈ）,２年度（台／１２ｈ）,６年度（台／１２ｈ）,９年度（台／１２ｈ）,１１年度（台／１２ｈ）,１７年度（台／１２ｈ）,２２年度（台／１２ｈ）
４０１１０東久留米市下里６－５－８７,４００５,主要地方道東京所沢線（都道４号）,－,所沢街道,１０月１３日（水）,晴,977,8.9,19.2,1988,18.1,1.17,-,2,10521,10400,8836,9646,9406,9041,9076,9297,10963
,,,,,,,,,,,,,,,,,,,,,,,
観測地点,Ｈ１７区間番号,路線名,都市計画路線名,通称道路名,調査日,天候,時間・種別,７～８,８～９,９～１０,１０～１１,１１～１２,１２～１３,１３～１４,１４～１５,１５～１６,１６～１７,１７～１８,１８～１９,１２ｈ計,２４ｈ計,,
４０１１０東久留米市下里６－５－８７,４００５,主要地方道東京所沢線（都道４号）,－,所沢街道,１０月１３日（水）,晴,自動車類上り大型車,97,82,120,83,103,88,79,80,57,38,37,26,890,-,,
４０１１０東久留米市下里６－５－８７,４００５,主要地方道東京所沢線（都道４号）,－,所沢街道,１０月１３日（水）,晴,自動車類上り小型車,376,342,381,323,352,323,351,365,378,363,445,420,4419,-,,
４０１１０東久留米市下里６－５－８７,４００５,主要地方道東京所沢線（都道４号）,－,所沢街道,１０月１３日（水）,晴,自動車類上り計,473,424,501,406,455,411,430,445,435,401,482,446,5309,-,,
４０１１０東久留米市下里６－５－８７,４００５,主要地方道東京所沢線（都道４号）,－,所沢街道,１０月１３日（水）,晴,自動車類下り大型車,66,89,96,117,118,111,91,116,94,80,75,45,1098,-,,
４０１１０東久留米市下里６－５－８７,４００５,主要地方道東京所沢線（都道４号）,－,所沢街道,１０月１３日（水）,晴,自動車類下り小型車,408,358,354,320,354,323,373,350,411,408,420,477,4556,-,,
４０１１０東久留米市下里６－５－８７,４００５,主要地方道東京所沢線（都道４号）,－,所沢街道,１０月１３日（水）,晴,自動車類下り計,474,447,450,437,472,434,464,466,505,488,495,522,5654,-,,
４０１１０東久留米市下里６－５－８７,４００５,主要地方道東京所沢線（都道４号）,－,所沢街道,１０月１３日（水）,晴,自動車類合計大型車,163,171,216,200,221,199,170,196,151,118,112,71,1988,-,,
４０１１０東久留米市下里６－５－８７,４００５,主要地方道東京所沢線（都道４号）,－,所沢街道,１０月１３日（水）,晴,自動車類合計小型車,784,700,735,643,706,646,724,715,789,771,865,897,8975,-,,
４０１１０東久留米市下里６－５－８７,４００５,主要地方道東京所沢線（都道４号）,－,所沢街道,１０月１３日（水）,晴,自動車類合計計,947,871,951,843,927,845,894,911,940,889,977,968,10963,-,,
４０１１０東久留米市下里６－５－８７,４００５,主要地方道東京所沢線（都道４号）,－,所沢街道,１０月１３日（水）,晴,二輪車類,-,-,-,-,-,-,-,-,-,-,-,-,-,,,
４０１１０東久留米市下里６－５－８７,４００５,主要地方道東京所沢線（都道４号）,－,所沢街道,１０月１３日（水）,晴,自転車類,-,-,-,-,-,-,-,-,-,-,-,-,-,,,
４０１１０東久留米市下里６－５－８７,４００５,主要地方道東京所沢線（都道４号）,－,所沢街道,１０月１３日（水）,晴,歩行者類,-,-,-,-,-,-,-,-,-,-,-,-,-,,,
