﻿観測地点,Ｈ１７区間番号,路線名,都市計画路線名,通称道路名,調査日,天候,ピーク時間交通量（台／ｈ）,ピーク率（％）,混雑時平均旅行速度（ｋｍ／ｈ）,大型車台数（台／１２ｈ）,混入率（％）,混雑度,昼夜率,車線数,５８年度（台／１２ｈ）,６０年度（台／１２ｈ）,６３年度（台／１２ｈ）,２年度（台／１２ｈ）,６年度（台／１２ｈ）,９年度（台／１２ｈ）,１１年度（台／１２ｈ）,１７年度（台／１２ｈ）,２２年度（台／１２ｈ）
６１０４０昭島市宮沢町１－７,６０４３,一般都道三ツ木八王子線（都道１６２号）,昭島３・４・１６,（諏訪松中通り）,１０月２８日（木）,雨,1256,9.0,17.5,2791,19.9,1.28,-,2,11017,11091,12422,13314,13006,15052,14701,13678,13996
,,,,,,,,,,,,,,,,,,,,,,,
観測地点,Ｈ１７区間番号,路線名,都市計画路線名,通称道路名,調査日,天候,時間・種別,７～８,８～９,９～１０,１０～１１,１１～１２,１２～１３,１３～１４,１４～１５,１５～１６,１６～１７,１７～１８,１８～１９,１２ｈ計,２４ｈ計,,
６１０４０昭島市宮沢町１－７,６０４３,一般都道三ツ木八王子線（都道１６２号）,昭島３・４・１６,（諏訪松中通り）,１０月２８日（木）,雨,自動車類上り大型車,119,141,136,148,159,147,142,177,121,101,76,93,1560,-,,
６１０４０昭島市宮沢町１－７,６０４３,一般都道三ツ木八王子線（都道１６２号）,昭島３・４・１６,（諏訪松中通り）,１０月２８日（木）,雨,自動車類上り小型車,478,502,476,495,440,448,402,441,435,495,495,501,5608,-,,
６１０４０昭島市宮沢町１－７,６０４３,一般都道三ツ木八王子線（都道１６２号）,昭島３・４・１６,（諏訪松中通り）,１０月２８日（木）,雨,自動車類上り計,597,643,612,643,599,595,544,618,556,596,571,594,7168,-,,
６１０４０昭島市宮沢町１－７,６０４３,一般都道三ツ木八王子線（都道１６２号）,昭島３・４・１６,（諏訪松中通り）,１０月２８日（木）,雨,自動車類下り大型車,113,122,141,123,134,93,106,98,94,72,59,76,1231,-,,
６１０４０昭島市宮沢町１－７,６０４３,一般都道三ツ木八王子線（都道１６２号）,昭島３・４・１６,（諏訪松中通り）,１０月２８日（木）,雨,自動車類下り小型車,448,442,403,342,451,389,464,432,517,518,605,586,5597,-,,
６１０４０昭島市宮沢町１－７,６０４３,一般都道三ツ木八王子線（都道１６２号）,昭島３・４・１６,（諏訪松中通り）,１０月２８日（木）,雨,自動車類下り計,561,564,544,465,585,482,570,530,611,590,664,662,6828,-,,
６１０４０昭島市宮沢町１－７,６０４３,一般都道三ツ木八王子線（都道１６２号）,昭島３・４・１６,（諏訪松中通り）,１０月２８日（木）,雨,自動車類合計大型車,232,263,277,271,293,240,248,275,215,173,135,169,2791,-,,
６１０４０昭島市宮沢町１－７,６０４３,一般都道三ツ木八王子線（都道１６２号）,昭島３・４・１６,（諏訪松中通り）,１０月２８日（木）,雨,自動車類合計小型車,926,944,879,837,891,837,866,873,952,1013,1100,1087,11205,-,,
６１０４０昭島市宮沢町１－７,６０４３,一般都道三ツ木八王子線（都道１６２号）,昭島３・４・１６,（諏訪松中通り）,１０月２８日（木）,雨,自動車類合計計,1158,1207,1156,1108,1184,1077,1114,1148,1167,1186,1235,1256,13996,-,,
６１０４０昭島市宮沢町１－７,６０４３,一般都道三ツ木八王子線（都道１６２号）,昭島３・４・１６,（諏訪松中通り）,１０月２８日（木）,雨,二輪車類,38,41,7,10,8,17,14,10,19,12,40,26,242,,,
６１０４０昭島市宮沢町１－７,６０４３,一般都道三ツ木八王子線（都道１６２号）,昭島３・４・１６,（諏訪松中通り）,１０月２８日（木）,雨,自転車類,88,76,47,23,33,32,23,30,34,42,68,61,557,,,
６１０４０昭島市宮沢町１－７,６０４３,一般都道三ツ木八王子線（都道１６２号）,昭島３・４・１６,（諏訪松中通り）,１０月２８日（木）,雨,歩行者類,46,41,21,49,54,40,29,54,73,47,52,45,551,,,
