﻿観測地点,Ｈ１７区間番号,路線名,都市計画路線名,通称道路名,調査日,天候,ピーク時間交通量（台／ｈ）,ピーク率（％）,混雑時平均旅行速度（ｋｍ／ｈ）,大型車台数（台／１２ｈ）,混入率（％）,混雑度,昼夜率,車線数,５８年度（台／１２ｈ）,６０年度（台／１２ｈ）,６３年度（台／１２ｈ）,２年度（台／１２ｈ）,６年度（台／１２ｈ）,９年度（台／１２ｈ）,１１年度（台／１２ｈ）,１７年度（台／１２ｈ）,２２年度（台／１２ｈ）
４１７６０西多摩郡瑞穂町長岡長谷部３７０,４０６５,主要地方道瑞穂富岡線（都道４４号）,－,岩蔵街道,１０月２８日（木）,雨,1159,10.6,27.9,2014,18.5,1.14,-,2,-,-,-,-,-,9298,9628,8740,10887
,,,,,,,,,,,,,,,,,,,,,,,
観測地点,Ｈ１７区間番号,路線名,都市計画路線名,通称道路名,調査日,天候,時間・種別,７～８,８～９,９～１０,１０～１１,１１～１２,１２～１３,１３～１４,１４～１５,１５～１６,１６～１７,１７～１８,１８～１９,１２ｈ計,２４ｈ計,,
４１７６０西多摩郡瑞穂町長岡長谷部３７０,４０６５,主要地方道瑞穂富岡線（都道４４号）,－,岩蔵街道,１０月２８日（木）,雨,自動車類上り大型車,71,100,110,87,97,101,107,101,84,78,56,51,1043,-,,
４１７６０西多摩郡瑞穂町長岡長谷部３７０,４０６５,主要地方道瑞穂富岡線（都道４４号）,－,岩蔵街道,１０月２８日（木）,雨,自動車類上り小型車,522,443,307,314,288,321,358,352,434,437,553,406,4735,-,,
４１７６０西多摩郡瑞穂町長岡長谷部３７０,４０６５,主要地方道瑞穂富岡線（都道４４号）,－,岩蔵街道,１０月２８日（木）,雨,自動車類上り計,593,543,417,401,385,422,465,453,518,515,609,457,5778,-,,
４１７６０西多摩郡瑞穂町長岡長谷部３７０,４０６５,主要地方道瑞穂富岡線（都道４４号）,－,岩蔵街道,１０月２８日（木）,雨,自動車類下り大型車,54,68,94,84,88,76,79,98,85,100,71,74,971,-,,
４１７６０西多摩郡瑞穂町長岡長谷部３７０,４０６５,主要地方道瑞穂富岡線（都道４４号）,－,岩蔵街道,１０月２８日（木）,雨,自動車類下り小型車,383,355,280,269,281,281,325,319,327,379,479,460,4138,-,,
４１７６０西多摩郡瑞穂町長岡長谷部３７０,４０６５,主要地方道瑞穂富岡線（都道４４号）,－,岩蔵街道,１０月２８日（木）,雨,自動車類下り計,437,423,374,353,369,357,404,417,412,479,550,534,5109,-,,
４１７６０西多摩郡瑞穂町長岡長谷部３７０,４０６５,主要地方道瑞穂富岡線（都道４４号）,－,岩蔵街道,１０月２８日（木）,雨,自動車類合計大型車,125,168,204,171,185,177,186,199,169,178,127,125,2014,-,,
４１７６０西多摩郡瑞穂町長岡長谷部３７０,４０６５,主要地方道瑞穂富岡線（都道４４号）,－,岩蔵街道,１０月２８日（木）,雨,自動車類合計小型車,905,798,587,583,569,602,683,671,761,816,1032,866,8873,-,,
４１７６０西多摩郡瑞穂町長岡長谷部３７０,４０６５,主要地方道瑞穂富岡線（都道４４号）,－,岩蔵街道,１０月２８日（木）,雨,自動車類合計計,1030,966,791,754,754,779,869,870,930,994,1159,991,10887,-,,
４１７６０西多摩郡瑞穂町長岡長谷部３７０,４０６５,主要地方道瑞穂富岡線（都道４４号）,－,岩蔵街道,１０月２８日（木）,雨,二輪車類,-,-,-,-,-,-,-,-,-,-,-,-,-,,,
４１７６０西多摩郡瑞穂町長岡長谷部３７０,４０６５,主要地方道瑞穂富岡線（都道４４号）,－,岩蔵街道,１０月２８日（木）,雨,自転車類,18,25,6,3,1,1,1,9,6,8,8,11,97,,,
４１７６０西多摩郡瑞穂町長岡長谷部３７０,４０６５,主要地方道瑞穂富岡線（都道４４号）,－,岩蔵街道,１０月２８日（木）,雨,歩行者類,3,5,0,3,0,1,0,1,0,0,0,3,16,,,
