﻿観測地点,Ｈ１７区間番号,路線名,都市計画路線名,通称道路名,調査日,天候,ピーク時間交通量（台／ｈ）,ピーク率（％）,混雑時平均旅行速度（ｋｍ／ｈ）,大型車台数（台／１２ｈ）,混入率（％）,混雑度,昼夜率,車線数,５８年度（台／１２ｈ）,６０年度（台／１２ｈ）,６３年度（台／１２ｈ）,２年度（台／１２ｈ）,６年度（台／１２ｈ）,９年度（台／１２ｈ）,１１年度（台／１２ｈ）,１７年度（台／１２ｈ）,２２年度（台／１２ｈ）
６０３５０東村山市秋津町５－８－２３,４６００８,一般都道秋津停車場線（都道１２７号）,－,－,１０月１３日（水）,晴,40,15.4,9,51,19.7,0.35,-,1,-,-,-,-,-,-,-,5930,259
,,,,,,,,,,,,,,,,,,,,,,,
観測地点,Ｈ１７区間番号,路線名,都市計画路線名,通称道路名,調査日,天候,時間・種別,７～８,８～９,９～１０,１０～１１,１１～１２,１２～１３,１３～１４,１４～１５,１５～１６,１６～１７,１７～１８,１８～１９,１２ｈ計,２４ｈ計,,
６０３５０東村山市秋津町５－８－２３,４６００８,一般都道秋津停車場線（都道１２７号）,－,－,１０月１３日（水）,晴,自動車類上り大型車,0,0,1,3,5,2,7,1,3,5,0,0,27,-,,
６０３５０東村山市秋津町５－８－２３,４６００８,一般都道秋津停車場線（都道１２７号）,－,－,１０月１３日（水）,晴,自動車類上り小型車,2,1,18,21,14,16,16,8,11,7,3,2,119,-,,
６０３５０東村山市秋津町５－８－２３,４６００８,一般都道秋津停車場線（都道１２７号）,－,－,１０月１３日（水）,晴,自動車類上り計,2,1,19,24,19,18,23,9,14,12,3,2,146,-,,
６０３５０東村山市秋津町５－８－２３,４６００８,一般都道秋津停車場線（都道１２７号）,－,－,１０月１３日（水）,晴,自動車類下り大型車,0,0,5,2,2,1,6,1,3,3,1,0,24,-,,
６０３５０東村山市秋津町５－８－２３,４６００８,一般都道秋津停車場線（都道１２７号）,－,－,１０月１３日（水）,晴,自動車類下り小型車,1,1,10,14,15,5,5,14,14,8,2,0,89,-,,
６０３５０東村山市秋津町５－８－２３,４６００８,一般都道秋津停車場線（都道１２７号）,－,－,１０月１３日（水）,晴,自動車類下り計,1,1,15,16,17,6,11,15,17,11,3,0,113,-,,
６０３５０東村山市秋津町５－８－２３,４６００８,一般都道秋津停車場線（都道１２７号）,－,－,１０月１３日（水）,晴,自動車類合計大型車,0,0,6,5,7,3,13,2,6,8,1,0,51,-,,
６０３５０東村山市秋津町５－８－２３,４６００８,一般都道秋津停車場線（都道１２７号）,－,－,１０月１３日（水）,晴,自動車類合計小型車,3,2,28,35,29,21,21,22,25,15,5,2,208,-,,
６０３５０東村山市秋津町５－８－２３,４６００８,一般都道秋津停車場線（都道１２７号）,－,－,１０月１３日（水）,晴,自動車類合計計,3,2,34,40,36,24,34,24,31,23,6,2,259,-,,
６０３５０東村山市秋津町５－８－２３,４６００８,一般都道秋津停車場線（都道１２７号）,－,－,１０月１３日（水）,晴,二輪車類,-,-,-,-,-,-,-,-,-,-,-,-,-,,,
６０３５０東村山市秋津町５－８－２３,４６００８,一般都道秋津停車場線（都道１２７号）,－,－,１０月１３日（水）,晴,自転車類,120,171,249,379,371,328,317,285,281,291,314,214,3320,,,
６０３５０東村山市秋津町５－８－２３,４６００８,一般都道秋津停車場線（都道１２７号）,－,－,１０月１３日（水）,晴,歩行者類,10234,6503,3034,2262,1909,1901,1648,1249,2200,3129,3558,5875,43502,,,
