﻿観測地点,Ｈ１７区間番号,路線名,都市計画路線名,通称道路名,調査日,天候,ピーク時間交通量（台／ｈ）,ピーク率（％）,混雑時平均旅行速度（ｋｍ／ｈ）,大型車台数（台／１２ｈ）,混入率（％）,混雑度,昼夜率,車線数,５８年度（台／１２ｈ）,６０年度（台／１２ｈ）,６３年度（台／１２ｈ）,２年度（台／１２ｈ）,６年度（台／１２ｈ）,９年度（台／１２ｈ）,１１年度（台／１２ｈ）,１７年度（台／１２ｈ）,２２年度（台／１２ｈ）
６０３２０稲城市矢野口３３０２,６０１６,一般都道稲城読売ランド前停車場線（都道１２４号）,多摩３・４・１２,－,１０月２０日（水）,雨,890,10.1,24.7,689,7.8,0.86,-,2,4383,4725,4603,5401,4215,5066,5115,5047,8783
,,,,,,,,,,,,,,,,,,,,,,,
観測地点,Ｈ１７区間番号,路線名,都市計画路線名,通称道路名,調査日,天候,時間・種別,７～８,８～９,９～１０,１０～１１,１１～１２,１２～１３,１３～１４,１４～１５,１５～１６,１６～１７,１７～１８,１８～１９,１２ｈ計,２４ｈ計,,
６０３２０稲城市矢野口３３０２,６０１６,一般都道稲城読売ランド前停車場線（都道１２４号）,多摩３・４・１２,－,１０月２０日（水）,雨,自動車類上り大型車,20,44,36,34,32,26,31,37,35,24,17,16,352,-,,
６０３２０稲城市矢野口３３０２,６０１６,一般都道稲城読売ランド前停車場線（都道１２４号）,多摩３・４・１２,－,１０月２０日（水）,雨,自動車類上り小型車,429,448,315,330,324,237,244,243,275,341,374,338,3898,-,,
６０３２０稲城市矢野口３３０２,６０１６,一般都道稲城読売ランド前停車場線（都道１２４号）,多摩３・４・１２,－,１０月２０日（水）,雨,自動車類上り計,449,492,351,364,356,263,275,280,310,365,391,354,4250,-,,
６０３２０稲城市矢野口３３０２,６０１６,一般都道稲城読売ランド前停車場線（都道１２４号）,多摩３・４・１２,－,１０月２０日（水）,雨,自動車類下り大型車,37,28,44,30,24,22,29,38,29,23,17,16,337,-,,
６０３２０稲城市矢野口３３０２,６０１６,一般都道稲城読売ランド前停車場線（都道１２４号）,多摩３・４・１２,－,１０月２０日（水）,雨,自動車類下り小型車,380,342,284,314,332,299,299,301,345,420,482,398,4196,-,,
６０３２０稲城市矢野口３３０２,６０１６,一般都道稲城読売ランド前停車場線（都道１２４号）,多摩３・４・１２,－,１０月２０日（水）,雨,自動車類下り計,417,370,328,344,356,321,328,339,374,443,499,414,4533,-,,
６０３２０稲城市矢野口３３０２,６０１６,一般都道稲城読売ランド前停車場線（都道１２４号）,多摩３・４・１２,－,１０月２０日（水）,雨,自動車類合計大型車,57,72,80,64,56,48,60,75,64,47,34,32,689,-,,
６０３２０稲城市矢野口３３０２,６０１６,一般都道稲城読売ランド前停車場線（都道１２４号）,多摩３・４・１２,－,１０月２０日（水）,雨,自動車類合計小型車,809,790,599,644,656,536,543,544,620,761,856,736,8094,-,,
６０３２０稲城市矢野口３３０２,６０１６,一般都道稲城読売ランド前停車場線（都道１２４号）,多摩３・４・１２,－,１０月２０日（水）,雨,自動車類合計計,866,862,679,708,712,584,603,619,684,808,890,768,8783,-,,
６０３２０稲城市矢野口３３０２,６０１６,一般都道稲城読売ランド前停車場線（都道１２４号）,多摩３・４・１２,－,１０月２０日（水）,雨,二輪車類,-,-,-,-,-,-,-,-,-,-,-,-,-,,,
６０３２０稲城市矢野口３３０２,６０１６,一般都道稲城読売ランド前停車場線（都道１２４号）,多摩３・４・１２,－,１０月２０日（水）,雨,自転車類,3,6,1,3,2,5,6,0,5,2,0,8,41,,,
６０３２０稲城市矢野口３３０２,６０１６,一般都道稲城読売ランド前停車場線（都道１２４号）,多摩３・４・１２,－,１０月２０日（水）,雨,歩行者類,3,3,6,8,6,1,3,2,6,7,1,5,51,,,
