﻿観測地点,Ｈ１７区間番号,路線名,都市計画路線名,通称道路名,調査日,天候,ピーク時間交通量（台／ｈ）,ピーク率（％）,混雑時平均旅行速度（ｋｍ／ｈ）,大型車台数（台／１２ｈ）,混入率（％）,混雑度,昼夜率,車線数,５８年度（台／１２ｈ）,６０年度（台／１２ｈ）,６３年度（台／１２ｈ）,２年度（台／１２ｈ）,６年度（台／１２ｈ）,９年度（台／１２ｈ）,１１年度（台／１２ｈ）,１７年度（台／１２ｈ）,２２年度（台／１２ｈ）
６２３７０府中市白糸台６－１４－１,６０９６,一般都道府中調布線（都道２２９号）,－,旧甲州街道,１０月２０日（水）,雨,498,10.6,20.4,545,11.5,0.97,-,2,8850,9319,9685,11989,11354,10687,11404,10341,4720
,,,,,,,,,,,,,,,,,,,,,,,
観測地点,Ｈ１７区間番号,路線名,都市計画路線名,通称道路名,調査日,天候,時間・種別,７～８,８～９,９～１０,１０～１１,１１～１２,１２～１３,１３～１４,１４～１５,１５～１６,１６～１７,１７～１８,１８～１９,１２ｈ計,２４ｈ計,,
６２３７０府中市白糸台６－１４－１,６０９６,一般都道府中調布線（都道２２９号）,－,旧甲州街道,１０月２０日（水）,雨,自動車類上り大型車,20,32,31,19,23,24,13,23,25,15,13,16,254,-,,
６２３７０府中市白糸台６－１４－１,６０９６,一般都道府中調布線（都道２２９号）,－,旧甲州街道,１０月２０日（水）,雨,自動車類上り小型車,96,103,114,134,127,147,153,149,164,189,225,182,1783,-,,
６２３７０府中市白糸台６－１４－１,６０９６,一般都道府中調布線（都道２２９号）,－,旧甲州街道,１０月２０日（水）,雨,自動車類上り計,116,135,145,153,150,171,166,172,189,204,238,198,2037,-,,
６２３７０府中市白糸台６－１４－１,６０９６,一般都道府中調布線（都道２２９号）,－,旧甲州街道,１０月２０日（水）,雨,自動車類下り大型車,37,33,30,30,26,28,25,17,28,15,15,7,291,-,,
６２３７０府中市白糸台６－１４－１,６０９６,一般都道府中調布線（都道２２９号）,－,旧甲州街道,１０月２０日（水）,雨,自動車類下り小型車,345,275,209,165,145,193,150,179,190,188,182,171,2392,-,,
６２３７０府中市白糸台６－１４－１,６０９６,一般都道府中調布線（都道２２９号）,－,旧甲州街道,１０月２０日（水）,雨,自動車類下り計,382,308,239,195,171,221,175,196,218,203,197,178,2683,-,,
６２３７０府中市白糸台６－１４－１,６０９６,一般都道府中調布線（都道２２９号）,－,旧甲州街道,１０月２０日（水）,雨,自動車類合計大型車,57,65,61,49,49,52,38,40,53,30,28,23,545,-,,
６２３７０府中市白糸台６－１４－１,６０９６,一般都道府中調布線（都道２２９号）,－,旧甲州街道,１０月２０日（水）,雨,自動車類合計小型車,441,378,323,299,272,340,303,328,354,377,407,353,4175,-,,
６２３７０府中市白糸台６－１４－１,６０９６,一般都道府中調布線（都道２２９号）,－,旧甲州街道,１０月２０日（水）,雨,自動車類合計計,498,443,384,348,321,392,341,368,407,407,435,376,4720,-,,
６２３７０府中市白糸台６－１４－１,６０９６,一般都道府中調布線（都道２２９号）,－,旧甲州街道,１０月２０日（水）,雨,二輪車類,-,-,-,-,-,-,-,-,-,-,-,-,-,,,
６２３７０府中市白糸台６－１４－１,６０９６,一般都道府中調布線（都道２２９号）,－,旧甲州街道,１０月２０日（水）,雨,自転車類,101,87,80,64,50,71,48,57,73,79,92,104,906,,,
６２３７０府中市白糸台６－１４－１,６０９６,一般都道府中調布線（都道２２９号）,－,旧甲州街道,１０月２０日（水）,雨,歩行者類,93,81,45,25,24,35,36,20,54,48,51,99,611,,,
