﻿観測地点,Ｈ１７区間番号,路線名,都市計画路線名,通称道路名,調査日,天候,ピーク時間交通量（台／ｈ）,ピーク率（％）,混雑時平均旅行速度（ｋｍ／ｈ）,大型車台数（台／１２ｈ）,混入率（％）,混雑度,昼夜率,車線数,５８年度（台／１２ｈ）,６０年度（台／１２ｈ）,６３年度（台／１２ｈ）,２年度（台／１２ｈ）,６年度（台／１２ｈ）,９年度（台／１２ｈ）,１１年度（台／１２ｈ）,１７年度（台／１２ｈ）,２２年度（台／１２ｈ）
６２７００西多摩郡日の出町大久野６３４３,６１０６,一般都道青梅日の出線（都道２５１号）,－,－,１０月２６日（火）,曇,398,12.1,33.5,293,8.9,0.52,-,2,1729,1820,1975,2207,2851,3020,-,3135,3285
,,,,,,,,,,,,,,,,,,,,,,,
観測地点,Ｈ１７区間番号,路線名,都市計画路線名,通称道路名,調査日,天候,時間・種別,７～８,８～９,９～１０,１０～１１,１１～１２,１２～１３,１３～１４,１４～１５,１５～１６,１６～１７,１７～１８,１８～１９,１２ｈ計,２４ｈ計,,
６２７００西多摩郡日の出町大久野６３４３,６１０６,一般都道青梅日の出線（都道２５１号）,－,－,１０月２６日（火）,曇,自動車類上り大型車,17,22,12,21,11,13,13,8,20,8,4,2,151,-,,
６２７００西多摩郡日の出町大久野６３４３,６１０６,一般都道青梅日の出線（都道２５１号）,－,－,１０月２６日（火）,曇,自動車類上り小型車,161,189,117,103,77,101,101,94,117,119,178,130,1487,-,,
６２７００西多摩郡日の出町大久野６３４３,６１０６,一般都道青梅日の出線（都道２５１号）,－,－,１０月２６日（火）,曇,自動車類上り計,178,211,129,124,88,114,114,102,137,127,182,132,1638,-,,
６２７００西多摩郡日の出町大久野６３４３,６１０６,一般都道青梅日の出線（都道２５１号）,－,－,１０月２６日（火）,曇,自動車類下り大型車,16,14,3,13,10,13,8,20,10,8,22,5,142,-,,
６２７００西多摩郡日の出町大久野６３４３,６１０６,一般都道青梅日の出線（都道２５１号）,－,－,１０月２６日（火）,曇,自動車類下り小型車,204,150,87,113,148,108,116,116,127,82,160,94,1505,-,,
６２７００西多摩郡日の出町大久野６３４３,６１０６,一般都道青梅日の出線（都道２５１号）,－,－,１０月２６日（火）,曇,自動車類下り計,220,164,90,126,158,121,124,136,137,90,182,99,1647,-,,
６２７００西多摩郡日の出町大久野６３４３,６１０６,一般都道青梅日の出線（都道２５１号）,－,－,１０月２６日（火）,曇,自動車類合計大型車,33,36,15,34,21,26,21,28,30,16,26,7,293,-,,
６２７００西多摩郡日の出町大久野６３４３,６１０６,一般都道青梅日の出線（都道２５１号）,－,－,１０月２６日（火）,曇,自動車類合計小型車,365,339,204,216,225,209,217,210,244,201,338,224,2992,-,,
６２７００西多摩郡日の出町大久野６３４３,６１０６,一般都道青梅日の出線（都道２５１号）,－,－,１０月２６日（火）,曇,自動車類合計計,398,375,219,250,246,235,238,238,274,217,364,231,3285,-,,
６２７００西多摩郡日の出町大久野６３４３,６１０６,一般都道青梅日の出線（都道２５１号）,－,－,１０月２６日（火）,曇,二輪車類,5,5,2,7,4,8,7,6,2,7,7,9,69,,,
６２７００西多摩郡日の出町大久野６３４３,６１０６,一般都道青梅日の出線（都道２５１号）,－,－,１０月２６日（火）,曇,自転車類,1,0,1,0,0,0,0,0,1,1,0,1,5,,,
６２７００西多摩郡日の出町大久野６３４３,６１０６,一般都道青梅日の出線（都道２５１号）,－,－,１０月２６日（火）,曇,歩行者類,2,3,0,1,1,0,0,0,3,1,1,3,15,,,
