﻿観測地点,Ｈ１７区間番号,路線名,都市計画路線名,通称道路名,調査日,天候,ピーク時間交通量（台／ｈ）,ピーク率（％）,混雑時平均旅行速度（ｋｍ／ｈ）,大型車台数（台／１２ｈ）,混入率（％）,混雑度,昼夜率,車線数,５８年度（台／１２ｈ）,６０年度（台／１２ｈ）,６３年度（台／１２ｈ）,２年度（台／１２ｈ）,６年度（台／１２ｈ）,９年度（台／１２ｈ）,１１年度（台／１２ｈ）,１７年度（台／１２ｈ）,２２年度（台／１２ｈ）
１００５０鑓水ＩＣ～打越ＩＣ間（御殿山料金所）,１００４,一般国道１６号（八王子バイパス）,八王子３・３・４１,（八王子バイパス）,１１月１０日（水）,晴,2697,9.2,58.6,10168,34.7,0.49,1.59,4,-,-,8859,12394,18427,20551,20740,20186,29266
,,,,,,,,,,,,,,,,,,,,,,,
観測地点,Ｈ１７区間番号,路線名,都市計画路線名,通称道路名,調査日,天候,時間・種別,７～８,８～９,９～１０,１０～１１,１１～１２,１２～１３,１３～１４,１４～１５,１５～１６,１６～１７,１７～１８,１８～１９,１２ｈ計,２４ｈ計,,
１００５０鑓水ＩＣ～打越ＩＣ間（御殿山料金所）,１００４,一般国道１６号（八王子バイパス）,八王子３・３・４１,（八王子バイパス）,１１月１０日（水）,晴,自動車類上り大型車,372,403,419,512,503,496,496,467,386,330,314,273,4971,9149,,
１００５０鑓水ＩＣ～打越ＩＣ間（御殿山料金所）,１００４,一般国道１６号（八王子バイパス）,八王子３・３・４１,（八王子バイパス）,１１月１０日（水）,晴,自動車類上り小型車,791,754,666,697,692,679,648,716,737,841,977,1005,9203,14029,,
１００５０鑓水ＩＣ～打越ＩＣ間（御殿山料金所）,１００４,一般国道１６号（八王子バイパス）,八王子３・３・４１,（八王子バイパス）,１１月１０日（水）,晴,自動車類上り計,1163,1157,1085,1209,1195,1175,1144,1183,1123,1171,1291,1278,14174,23178,,
１００５０鑓水ＩＣ～打越ＩＣ間（御殿山料金所）,１００４,一般国道１６号（八王子バイパス）,八王子３・３・４１,（八王子バイパス）,１１月１０日（水）,晴,自動車類下り大型車,367,463,495,579,562,489,484,412,439,359,300,248,5197,8729,,
１００５０鑓水ＩＣ～打越ＩＣ間（御殿山料金所）,１００４,一般国道１６号（八王子バイパス）,八王子３・３・４１,（八王子バイパス）,１１月１０日（水）,晴,自動車類下り小型車,1115,839,715,598,721,682,740,725,839,767,1106,1048,9895,14589,,
１００５０鑓水ＩＣ～打越ＩＣ間（御殿山料金所）,１００４,一般国道１６号（八王子バイパス）,八王子３・３・４１,（八王子バイパス）,１１月１０日（水）,晴,自動車類下り計,1482,1302,1210,1177,1283,1171,1224,1137,1278,1126,1406,1296,15092,23318,,
１００５０鑓水ＩＣ～打越ＩＣ間（御殿山料金所）,１００４,一般国道１６号（八王子バイパス）,八王子３・３・４１,（八王子バイパス）,１１月１０日（水）,晴,自動車類合計大型車,739,866,914,1091,1065,985,980,879,825,689,614,521,10168,17878,,
１００５０鑓水ＩＣ～打越ＩＣ間（御殿山料金所）,１００４,一般国道１６号（八王子バイパス）,八王子３・３・４１,（八王子バイパス）,１１月１０日（水）,晴,自動車類合計小型車,1906,1593,1381,1295,1413,1361,1388,1441,1576,1608,2083,2053,19098,28618,,
１００５０鑓水ＩＣ～打越ＩＣ間（御殿山料金所）,１００４,一般国道１６号（八王子バイパス）,八王子３・３・４１,（八王子バイパス）,１１月１０日（水）,晴,自動車類合計計,2645,2459,2295,2386,2478,2346,2368,2320,2401,2297,2697,2574,29266,46496,,
１００５０鑓水ＩＣ～打越ＩＣ間（御殿山料金所）,１００４,一般国道１６号（八王子バイパス）,八王子３・３・４１,（八王子バイパス）,１１月１０日（水）,晴,二輪車類,79,76,29,53,51,49,37,45,50,50,74,61,654,,,
１００５０鑓水ＩＣ～打越ＩＣ間（御殿山料金所）,１００４,一般国道１６号（八王子バイパス）,八王子３・３・４１,（八王子バイパス）,１１月１０日（水）,晴,自転車類,-,-,-,-,-,-,-,-,-,-,-,-,-,,,
１００５０鑓水ＩＣ～打越ＩＣ間（御殿山料金所）,１００４,一般国道１６号（八王子バイパス）,八王子３・３・４１,（八王子バイパス）,１１月１０日（水）,晴,歩行者類,-,-,-,-,-,-,-,-,-,-,-,-,-,,,
