﻿観測地点,Ｈ１７区間番号,路線名,都市計画路線名,通称道路名,調査日,天候,ピーク時間交通量（台／ｈ）,ピーク率（％）,混雑時平均旅行速度（ｋｍ／ｈ）,大型車台数（台／１２ｈ）,混入率（％）,混雑度,昼夜率,車線数,５８年度（台／１２ｈ）,６０年度（台／１２ｈ）,６３年度（台／１２ｈ）,２年度（台／１２ｈ）,６年度（台／１２ｈ）,９年度（台／１２ｈ）,１１年度（台／１２ｈ）,１７年度（台／１２ｈ）,２２年度（台／１２ｈ）
６２１００八丈島八丈町三根柿の木坂,６０８４,一般都道八丈循環線（都道２１５号）,－,－,１１月８日（月）,曇,56,11.6,37.9,43,8.9,0.07,-,2,552,482,408,420,303,348,588,433,484
,,,,,,,,,,,,,,,,,,,,,,,
観測地点,Ｈ１７区間番号,路線名,都市計画路線名,通称道路名,調査日,天候,時間・種別,７～８,８～９,９～１０,１０～１１,１１～１２,１２～１３,１３～１４,１４～１５,１５～１６,１６～１７,１７～１８,１８～１９,１２ｈ計,２４ｈ計,,
６２１００八丈島八丈町三根柿の木坂,６０８４,一般都道八丈循環線（都道２１５号）,－,－,１１月８日（月）,曇,自動車類上り大型車,1,1,9,1,2,0,1,2,1,2,0,0,20,-,,
６２１００八丈島八丈町三根柿の木坂,６０８４,一般都道八丈循環線（都道２１５号）,－,－,１１月８日（月）,曇,自動車類上り小型車,28,23,19,12,15,21,25,19,14,20,24,4,224,-,,
６２１００八丈島八丈町三根柿の木坂,６０８４,一般都道八丈循環線（都道２１５号）,－,－,１１月８日（月）,曇,自動車類上り計,29,24,28,13,17,21,26,21,15,22,24,4,244,-,,
６２１００八丈島八丈町三根柿の木坂,６０８４,一般都道八丈循環線（都道２１５号）,－,－,１１月８日（月）,曇,自動車類下り大型車,0,3,5,3,2,1,1,1,3,4,0,0,23,-,,
６２１００八丈島八丈町三根柿の木坂,６０８４,一般都道八丈循環線（都道２１５号）,－,－,１１月８日（月）,曇,自動車類下り小型車,8,15,21,23,19,18,29,17,15,22,26,4,217,-,,
６２１００八丈島八丈町三根柿の木坂,６０８４,一般都道八丈循環線（都道２１５号）,－,－,１１月８日（月）,曇,自動車類下り計,8,18,26,26,21,19,30,18,18,26,26,4,240,-,,
６２１００八丈島八丈町三根柿の木坂,６０８４,一般都道八丈循環線（都道２１５号）,－,－,１１月８日（月）,曇,自動車類合計大型車,1,4,14,4,4,1,2,3,4,6,0,0,43,-,,
６２１００八丈島八丈町三根柿の木坂,６０８４,一般都道八丈循環線（都道２１５号）,－,－,１１月８日（月）,曇,自動車類合計小型車,36,38,40,35,34,39,54,36,29,42,50,8,441,-,,
６２１００八丈島八丈町三根柿の木坂,６０８４,一般都道八丈循環線（都道２１５号）,－,－,１１月８日（月）,曇,自動車類合計計,37,42,54,39,38,40,56,39,33,48,50,8,484,-,,
６２１００八丈島八丈町三根柿の木坂,６０８４,一般都道八丈循環線（都道２１５号）,－,－,１１月８日（月）,曇,二輪車類,1,1,0,0,2,1,2,0,0,1,0,0,8,,,
６２１００八丈島八丈町三根柿の木坂,６０８４,一般都道八丈循環線（都道２１５号）,－,－,１１月８日（月）,曇,自転車類,0,0,0,0,0,0,0,0,0,1,0,0,1,,,
６２１００八丈島八丈町三根柿の木坂,６０８４,一般都道八丈循環線（都道２１５号）,－,－,１１月８日（月）,曇,歩行者類,0,0,0,0,0,0,0,0,3,3,0,0,6,,,
