﻿観測地点,Ｈ１７区間番号,路線名,都市計画路線名,通称道路名,調査日,天候,ピーク時間交通量（台／ｈ）,ピーク率（％）,混雑時平均旅行速度（ｋｍ／ｈ）,大型車台数（台／１２ｈ）,混入率（％）,混雑度,昼夜率,車線数,５８年度（台／１２ｈ）,６０年度（台／１２ｈ）,６３年度（台／１２ｈ）,２年度（台／１２ｈ）,６年度（台／１２ｈ）,９年度（台／１２ｈ）,１１年度（台／１２ｈ）,１７年度（台／１２ｈ）,２２年度（台／１２ｈ）
６２２６０国分寺市光町１－１－１５,６０９１,一般都道国立停車場恋ケ窪線（都道２２２号）,国分寺３・４・７,（市役所通り）,１０月１４日（木）,曇,733,9.2,16.8,718,9.0,0.8,-,2,6210,6371,6441,6220,6752,6129,5886,5588,8006
,,,,,,,,,,,,,,,,,,,,,,,
観測地点,Ｈ１７区間番号,路線名,都市計画路線名,通称道路名,調査日,天候,時間・種別,７～８,８～９,９～１０,１０～１１,１１～１２,１２～１３,１３～１４,１４～１５,１５～１６,１６～１７,１７～１８,１８～１９,１２ｈ計,２４ｈ計,,
６２２６０国分寺市光町１－１－１５,６０９１,一般都道国立停車場恋ケ窪線（都道２２２号）,国分寺３・４・７,（市役所通り）,１０月１４日（木）,曇,自動車類上り大型車,15,37,36,23,29,23,26,33,27,29,14,20,312,-,,
６２２６０国分寺市光町１－１－１５,６０９１,一般都道国立停車場恋ケ窪線（都道２２２号）,国分寺３・４・７,（市役所通り）,１０月１４日（木）,曇,自動車類上り小型車,278,288,288,304,284,260,277,253,258,332,364,332,3518,-,,
６２２６０国分寺市光町１－１－１５,６０９１,一般都道国立停車場恋ケ窪線（都道２２２号）,国分寺３・４・７,（市役所通り）,１０月１４日（木）,曇,自動車類上り計,293,325,324,327,313,283,303,286,285,361,378,352,3830,-,,
６２２６０国分寺市光町１－１－１５,６０９１,一般都道国立停車場恋ケ窪線（都道２２２号）,国分寺３・４・７,（市役所通り）,１０月１４日（木）,曇,自動車類下り大型車,52,47,38,40,34,27,42,35,32,31,15,13,406,-,,
６２２６０国分寺市光町１－１－１５,６０９１,一般都道国立停車場恋ケ窪線（都道２２２号）,国分寺３・４・７,（市役所通り）,１０月１４日（木）,曇,自動車類下り小型車,371,352,309,310,253,284,272,306,311,341,328,333,3770,-,,
６２２６０国分寺市光町１－１－１５,６０９１,一般都道国立停車場恋ケ窪線（都道２２２号）,国分寺３・４・７,（市役所通り）,１０月１４日（木）,曇,自動車類下り計,423,399,347,350,287,311,314,341,343,372,343,346,4176,-,,
６２２６０国分寺市光町１－１－１５,６０９１,一般都道国立停車場恋ケ窪線（都道２２２号）,国分寺３・４・７,（市役所通り）,１０月１４日（木）,曇,自動車類合計大型車,67,84,74,63,63,50,68,68,59,60,29,33,718,-,,
６２２６０国分寺市光町１－１－１５,６０９１,一般都道国立停車場恋ケ窪線（都道２２２号）,国分寺３・４・７,（市役所通り）,１０月１４日（木）,曇,自動車類合計小型車,649,640,597,614,537,544,549,559,569,673,692,665,7288,-,,
６２２６０国分寺市光町１－１－１５,６０９１,一般都道国立停車場恋ケ窪線（都道２２２号）,国分寺３・４・７,（市役所通り）,１０月１４日（木）,曇,自動車類合計計,716,724,671,677,600,594,617,627,628,733,721,698,8006,-,,
６２２６０国分寺市光町１－１－１５,６０９１,一般都道国立停車場恋ケ窪線（都道２２２号）,国分寺３・４・７,（市役所通り）,１０月１４日（木）,曇,二輪車類,-,-,-,-,-,-,-,-,-,-,-,-,-,,,
６２２６０国分寺市光町１－１－１５,６０９１,一般都道国立停車場恋ケ窪線（都道２２２号）,国分寺３・４・７,（市役所通り）,１０月１４日（木）,曇,自転車類,170,283,149,166,133,163,147,186,153,183,231,231,2195,,,
６２２６０国分寺市光町１－１－１５,６０９１,一般都道国立停車場恋ケ窪線（都道２２２号）,国分寺３・４・７,（市役所通り）,１０月１４日（木）,曇,歩行者類,150,142,94,71,91,65,62,75,82,102,132,152,1218,,,
