﻿観測地点,Ｈ１７区間番号,路線名,都市計画路線名,通称道路名,調査日,天候,ピーク時間交通量（台／ｈ）,ピーク率（％）,混雑時平均旅行速度（ｋｍ／ｈ）,大型車台数（台／１２ｈ）,混入率（％）,混雑度,昼夜率,車線数,５８年度（台／１２ｈ）,６０年度（台／１２ｈ）,６３年度（台／１２ｈ）,２年度（台／１２ｈ）,６年度（台／１２ｈ）,９年度（台／１２ｈ）,１１年度（台／１２ｈ）,１７年度（台／１２ｈ）,２２年度（台／１２ｈ）
４２０５０町田市森野５－１５,４０７７,主要地方道相模原町田線（都道５２号）,町田３・３・８,鎌倉街道,１０月２１日（木）,雨,1066,9.5,10.3,1329,11.8,1.14,-,2,14354,12901,14750,13207,13838,12987,14624,12732,11238
,,,,,,,,,,,,,,,,,,,,,,,
観測地点,Ｈ１７区間番号,路線名,都市計画路線名,通称道路名,調査日,天候,時間・種別,７～８,８～９,９～１０,１０～１１,１１～１２,１２～１３,１３～１４,１４～１５,１５～１６,１６～１７,１７～１８,１８～１９,１２ｈ計,２４ｈ計,,
４２０５０町田市森野５－１５,４０７７,主要地方道相模原町田線（都道５２号）,町田３・３・８,鎌倉街道,１０月２１日（木）,雨,自動車類上り大型車,66,65,96,80,70,68,52,67,57,45,50,34,750,-,,
４２０５０町田市森野５－１５,４０７７,主要地方道相模原町田線（都道５２号）,町田３・３・８,鎌倉街道,１０月２１日（木）,雨,自動車類上り小型車,469,460,446,474,454,520,386,473,471,455,604,395,5607,-,,
４２０５０町田市森野５－１５,４０７７,主要地方道相模原町田線（都道５２号）,町田３・３・８,鎌倉街道,１０月２１日（木）,雨,自動車類上り計,535,525,542,554,524,588,438,540,528,500,654,429,6357,-,,
４２０５０町田市森野５－１５,４０７７,主要地方道相模原町田線（都道５２号）,町田３・３・８,鎌倉街道,１０月２１日（木）,雨,自動車類下り大型車,48,50,61,75,60,56,55,45,32,32,34,31,579,-,,
４２０５０町田市森野５－１５,４０７７,主要地方道相模原町田線（都道５２号）,町田３・３・８,鎌倉街道,１０月２１日（木）,雨,自動車類下り小型車,483,384,331,343,376,349,335,348,392,292,330,339,4302,-,,
４２０５０町田市森野５－１５,４０７７,主要地方道相模原町田線（都道５２号）,町田３・３・８,鎌倉街道,１０月２１日（木）,雨,自動車類下り計,531,434,392,418,436,405,390,393,424,324,364,370,4881,-,,
４２０５０町田市森野５－１５,４０７７,主要地方道相模原町田線（都道５２号）,町田３・３・８,鎌倉街道,１０月２１日（木）,雨,自動車類合計大型車,114,115,157,155,130,124,107,112,89,77,84,65,1329,-,,
４２０５０町田市森野５－１５,４０７７,主要地方道相模原町田線（都道５２号）,町田３・３・８,鎌倉街道,１０月２１日（木）,雨,自動車類合計小型車,952,844,777,817,830,869,721,821,863,747,934,734,9909,-,,
４２０５０町田市森野５－１５,４０７７,主要地方道相模原町田線（都道５２号）,町田３・３・８,鎌倉街道,１０月２１日（木）,雨,自動車類合計計,1066,959,934,972,960,993,828,933,952,824,1018,799,11238,-,,
４２０５０町田市森野５－１５,４０７７,主要地方道相模原町田線（都道５２号）,町田３・３・８,鎌倉街道,１０月２１日（木）,雨,二輪車類,64,61,24,17,21,28,22,19,23,37,50,45,411,,,
４２０５０町田市森野５－１５,４０７７,主要地方道相模原町田線（都道５２号）,町田３・３・８,鎌倉街道,１０月２１日（木）,雨,自転車類,25,33,21,9,15,12,7,18,17,33,31,17,238,,,
４２０５０町田市森野５－１５,４０７７,主要地方道相模原町田線（都道５２号）,町田３・３・８,鎌倉街道,１０月２１日（木）,雨,歩行者類,20,21,25,10,14,11,8,14,11,17,25,14,190,,,
