﻿観測地点,Ｈ１７区間番号,路線名,都市計画路線名,通称道路名,調査日,天候,ピーク時間交通量（台／ｈ）,ピーク率（％）,混雑時平均旅行速度（ｋｍ／ｈ）,大型車台数（台／１２ｈ）,混入率（％）,混雑度,昼夜率,車線数,５８年度（台／１２ｈ）,６０年度（台／１２ｈ）,６３年度（台／１２ｈ）,２年度（台／１２ｈ）,６年度（台／１２ｈ）,９年度（台／１２ｈ）,１１年度（台／１２ｈ）,１７年度（台／１２ｈ）,２２年度（台／１２ｈ）
４１８３０青梅市畑中１－１２５,４０７０,主要地方道奥多摩青梅線（都道４５号）,青梅３・４・１,吉野街道,１０月２６日（火）,曇,1099,10.5,32.8,1212,11.6,1.23,-,2,6464,7105,8805,9608,10910,10652,11309,11776,10447
,,,,,,,,,,,,,,,,,,,,,,,
観測地点,Ｈ１７区間番号,路線名,都市計画路線名,通称道路名,調査日,天候,時間・種別,７～８,８～９,９～１０,１０～１１,１１～１２,１２～１３,１３～１４,１４～１５,１５～１６,１６～１７,１７～１８,１８～１９,１２ｈ計,２４ｈ計,,
４１８３０青梅市畑中１－１２５,４０７０,主要地方道奥多摩青梅線（都道４５号）,青梅３・４・１,吉野街道,１０月２６日（火）,曇,自動車類上り大型車,53,48,73,61,60,49,64,68,66,53,19,17,631,-,,
４１８３０青梅市畑中１－１２５,４０７０,主要地方道奥多摩青梅線（都道４５号）,青梅３・４・１,吉野街道,１０月２６日（火）,曇,自動車類上り小型車,345,320,294,286,361,303,285,322,351,441,547,479,4334,-,,
４１８３０青梅市畑中１－１２５,４０７０,主要地方道奥多摩青梅線（都道４５号）,青梅３・４・１,吉野街道,１０月２６日（火）,曇,自動車類上り計,398,368,367,347,421,352,349,390,417,494,566,496,4965,-,,
４１８３０青梅市畑中１－１２５,４０７０,主要地方道奥多摩青梅線（都道４５号）,青梅３・４・１,吉野街道,１０月２６日（火）,曇,自動車類下り大型車,52,47,36,65,54,48,58,63,35,51,49,23,581,-,,
４１８３０青梅市畑中１－１２５,４０７０,主要地方道奥多摩青梅線（都道４５号）,青梅３・４・１,吉野街道,１０月２６日（火）,曇,自動車類下り小型車,649,581,441,367,365,264,375,418,357,344,427,313,4901,-,,
４１８３０青梅市畑中１－１２５,４０７０,主要地方道奥多摩青梅線（都道４５号）,青梅３・４・１,吉野街道,１０月２６日（火）,曇,自動車類下り計,701,628,477,432,419,312,433,481,392,395,476,336,5482,-,,
４１８３０青梅市畑中１－１２５,４０７０,主要地方道奥多摩青梅線（都道４５号）,青梅３・４・１,吉野街道,１０月２６日（火）,曇,自動車類合計大型車,105,95,109,126,114,97,122,131,101,104,68,40,1212,-,,
４１８３０青梅市畑中１－１２５,４０７０,主要地方道奥多摩青梅線（都道４５号）,青梅３・４・１,吉野街道,１０月２６日（火）,曇,自動車類合計小型車,994,901,735,653,726,567,660,740,708,785,974,792,9235,-,,
４１８３０青梅市畑中１－１２５,４０７０,主要地方道奥多摩青梅線（都道４５号）,青梅３・４・１,吉野街道,１０月２６日（火）,曇,自動車類合計計,1099,996,844,779,840,664,782,871,809,889,1042,832,10447,-,,
４１８３０青梅市畑中１－１２５,４０７０,主要地方道奥多摩青梅線（都道４５号）,青梅３・４・１,吉野街道,１０月２６日（火）,曇,二輪車類,33,26,19,22,17,11,28,21,24,29,19,33,282,,,
４１８３０青梅市畑中１－１２５,４０７０,主要地方道奥多摩青梅線（都道４５号）,青梅３・４・１,吉野街道,１０月２６日（火）,曇,自転車類,23,6,5,5,2,5,6,15,7,9,1,13,97,,,
４１８３０青梅市畑中１－１２５,４０７０,主要地方道奥多摩青梅線（都道４５号）,青梅３・４・１,吉野街道,１０月２６日（火）,曇,歩行者類,58,20,10,12,16,19,9,17,23,17,28,26,255,,,
