﻿観測地点,Ｈ１７区間番号,路線名,都市計画路線名,通称道路名,調査日,天候,ピーク時間交通量（台／ｈ）,ピーク率（％）,混雑時平均旅行速度（ｋｍ／ｈ）,大型車台数（台／１２ｈ）,混入率（％）,混雑度,昼夜率,車線数,５８年度（台／１２ｈ）,６０年度（台／１２ｈ）,６３年度（台／１２ｈ）,２年度（台／１２ｈ）,６年度（台／１２ｈ）,９年度（台／１２ｈ）,１１年度（台／１２ｈ）,１７年度（台／１２ｈ）,２２年度（台／１２ｈ）
４１８７０八王子市元八王子町３－２１５３,４０７１,主要地方道八王子あきる野線（都道４６号）,－,高尾街道,１０月２７日（水）,晴,1712,10.1,12.6,2814,16.6,1.86,-,2,9706,10121,9389,11330,11456,12568,16461,17336,16998
,,,,,,,,,,,,,,,,,,,,,,,
観測地点,Ｈ１７区間番号,路線名,都市計画路線名,通称道路名,調査日,天候,時間・種別,７～８,８～９,９～１０,１０～１１,１１～１２,１２～１３,１３～１４,１４～１５,１５～１６,１６～１７,１７～１８,１８～１９,１２ｈ計,２４ｈ計,,
４１８７０八王子市元八王子町３－２１５３,４０７１,主要地方道八王子あきる野線（都道４６号）,－,高尾街道,１０月２７日（水）,晴,自動車類上り大型車,116,133,137,133,136,99,123,115,132,95,77,48,1344,-,,
４１８７０八王子市元八王子町３－２１５３,４０７１,主要地方道八王子あきる野線（都道４６号）,－,高尾街道,１０月２７日（水）,晴,自動車類上り小型車,653,541,559,605,583,447,504,488,591,597,593,641,6802,-,,
４１８７０八王子市元八王子町３－２１５３,４０７１,主要地方道八王子あきる野線（都道４６号）,－,高尾街道,１０月２７日（水）,晴,自動車類上り計,769,674,696,738,719,546,627,603,723,692,670,689,8146,-,,
４１８７０八王子市元八王子町３－２１５３,４０７１,主要地方道八王子あきる野線（都道４６号）,－,高尾街道,１０月２７日（水）,晴,自動車類下り大型車,139,144,139,145,154,125,117,120,103,119,102,63,1470,-,,
４１８７０八王子市元八王子町３－２１５３,４０７１,主要地方道八王子あきる野線（都道４６号）,－,高尾街道,１０月２７日（水）,晴,自動車類下り小型車,804,662,520,527,606,483,509,538,526,610,805,792,7382,-,,
４１８７０八王子市元八王子町３－２１５３,４０７１,主要地方道八王子あきる野線（都道４６号）,－,高尾街道,１０月２７日（水）,晴,自動車類下り計,943,806,659,672,760,608,626,658,629,729,907,855,8852,-,,
４１８７０八王子市元八王子町３－２１５３,４０７１,主要地方道八王子あきる野線（都道４６号）,－,高尾街道,１０月２７日（水）,晴,自動車類合計大型車,255,277,276,278,290,224,240,235,235,214,179,111,2814,-,,
４１８７０八王子市元八王子町３－２１５３,４０７１,主要地方道八王子あきる野線（都道４６号）,－,高尾街道,１０月２７日（水）,晴,自動車類合計小型車,1457,1203,1079,1132,1189,930,1013,1026,1117,1207,1398,1433,14184,-,,
４１８７０八王子市元八王子町３－２１５３,４０７１,主要地方道八王子あきる野線（都道４６号）,－,高尾街道,１０月２７日（水）,晴,自動車類合計計,1712,1480,1355,1410,1479,1154,1253,1261,1352,1421,1577,1544,16998,-,,
４１８７０八王子市元八王子町３－２１５３,４０７１,主要地方道八王子あきる野線（都道４６号）,－,高尾街道,１０月２７日（水）,晴,二輪車類,194,112,88,62,50,43,44,42,39,60,93,89,916,,,
４１８７０八王子市元八王子町３－２１５３,４０７１,主要地方道八王子あきる野線（都道４６号）,－,高尾街道,１０月２７日（水）,晴,自転車類,89,71,26,27,18,16,20,26,60,39,30,28,450,,,
４１８７０八王子市元八王子町３－２１５３,４０７１,主要地方道八王子あきる野線（都道４６号）,－,高尾街道,１０月２７日（水）,晴,歩行者類,86,54,53,46,36,37,39,50,74,47,39,50,611,,,
