﻿観測地点,Ｈ１７区間番号,路線名,都市計画路線名,通称道路名,調査日,天候,ピーク時間交通量（台／ｈ）,ピーク率（％）,混雑時平均旅行速度（ｋｍ／ｈ）,大型車台数（台／１２ｈ）,混入率（％）,混雑度,昼夜率,車線数,５８年度（台／１２ｈ）,６０年度（台／１２ｈ）,６３年度（台／１２ｈ）,２年度（台／１２ｈ）,６年度（台／１２ｈ）,９年度（台／１２ｈ）,１１年度（台／１２ｈ）,１７年度（台／１２ｈ）,２２年度（台／１２ｈ）
４１６００西多摩郡檜原村南郷８３６,４０５５,主要地方道上野原あきる野線（都道３３号）,－,檜原街道,１０月２８日（木）,雨,145,10.9,37.2,198,14.9,0.22,-,2,-,-,-,1428,1706,1952,1567,1606,1331
,,,,,,,,,,,,,,,,,,,,,,,
観測地点,Ｈ１７区間番号,路線名,都市計画路線名,通称道路名,調査日,天候,時間・種別,７～８,８～９,９～１０,１０～１１,１１～１２,１２～１３,１３～１４,１４～１５,１５～１６,１６～１７,１７～１８,１８～１９,１２ｈ計,２４ｈ計,,
４１６００西多摩郡檜原村南郷８３６,４０５５,主要地方道上野原あきる野線（都道３３号）,－,檜原街道,１０月２８日（木）,雨,自動車類上り大型車,8,6,15,4,15,7,4,16,7,3,2,2,89,-,,
４１６００西多摩郡檜原村南郷８３６,４０５５,主要地方道上野原あきる野線（都道３３号）,－,檜原街道,１０月２８日（木）,雨,自動車類上り小型車,48,66,40,48,45,47,30,36,34,44,59,49,546,-,,
４１６００西多摩郡檜原村南郷８３６,４０５５,主要地方道上野原あきる野線（都道３３号）,－,檜原街道,１０月２８日（木）,雨,自動車類上り計,56,72,55,52,60,54,34,52,41,47,61,51,635,-,,
４１６００西多摩郡檜原村南郷８３６,４０５５,主要地方道上野原あきる野線（都道３３号）,－,檜原街道,１０月２８日（木）,雨,自動車類下り大型車,3,11,10,9,13,9,10,9,11,13,5,6,109,-,,
４１６００西多摩郡檜原村南郷８３６,４０５５,主要地方道上野原あきる野線（都道３３号）,－,檜原街道,１０月２８日（木）,雨,自動車類下り小型車,66,62,43,33,37,40,51,47,54,61,54,39,587,-,,
４１６００西多摩郡檜原村南郷８３６,４０５５,主要地方道上野原あきる野線（都道３３号）,－,檜原街道,１０月２８日（木）,雨,自動車類下り計,69,73,53,42,50,49,61,56,65,74,59,45,696,-,,
４１６００西多摩郡檜原村南郷８３６,４０５５,主要地方道上野原あきる野線（都道３３号）,－,檜原街道,１０月２８日（木）,雨,自動車類合計大型車,11,17,25,13,28,16,14,25,18,16,7,8,198,-,,
４１６００西多摩郡檜原村南郷８３６,４０５５,主要地方道上野原あきる野線（都道３３号）,－,檜原街道,１０月２８日（木）,雨,自動車類合計小型車,114,128,83,81,82,87,81,83,88,105,113,88,1133,-,,
４１６００西多摩郡檜原村南郷８３６,４０５５,主要地方道上野原あきる野線（都道３３号）,－,檜原街道,１０月２８日（木）,雨,自動車類合計計,125,145,108,94,110,103,95,108,106,121,120,96,1331,-,,
４１６００西多摩郡檜原村南郷８３６,４０５５,主要地方道上野原あきる野線（都道３３号）,－,檜原街道,１０月２８日（木）,雨,二輪車類,1,0,0,0,1,1,0,2,0,0,0,0,5,,,
４１６００西多摩郡檜原村南郷８３６,４０５５,主要地方道上野原あきる野線（都道３３号）,－,檜原街道,１０月２８日（木）,雨,自転車類,0,0,0,0,0,0,0,0,0,0,0,0,0,,,
４１６００西多摩郡檜原村南郷８３６,４０５５,主要地方道上野原あきる野線（都道３３号）,－,檜原街道,１０月２８日（木）,雨,歩行者類,2,0,0,2,0,0,0,0,0,0,0,0,4,,,
