﻿観測地点,Ｈ１７区間番号,路線名,都市計画路線名,通称道路名,調査日,天候,ピーク時間交通量（台／ｈ）,ピーク率（％）,混雑時平均旅行速度（ｋｍ／ｈ）,大型車台数（台／１２ｈ）,混入率（％）,混雑度,昼夜率,車線数,５８年度（台／１２ｈ）,６０年度（台／１２ｈ）,６３年度（台／１２ｈ）,２年度（台／１２ｈ）,６年度（台／１２ｈ）,９年度（台／１２ｈ）,１１年度（台／１２ｈ）,１７年度（台／１２ｈ）,２２年度（台／１２ｈ）
４２１５０町田市図師町,４０８４,主要地方道相模原大蔵町線（都道５７号）,町田３・４・１８,（芝溝街道）,１０月２１日（木）,雨,1216,9.7,20.7,1621,12.9,1.24,-,2,11285,11034,11248,12238,11995,12427,12666,13876,12557
,,,,,,,,,,,,,,,,,,,,,,,
観測地点,Ｈ１７区間番号,路線名,都市計画路線名,通称道路名,調査日,天候,時間・種別,７～８,８～９,９～１０,１０～１１,１１～１２,１２～１３,１３～１４,１４～１５,１５～１６,１６～１７,１７～１８,１８～１９,１２ｈ計,２４ｈ計,,
４２１５０町田市図師町,４０８４,主要地方道相模原大蔵町線（都道５７号）,町田３・４・１８,（芝溝街道）,１０月２１日（木）,雨,自動車類上り大型車,69,93,101,91,81,53,70,58,49,63,36,35,799,-,,
４２１５０町田市図師町,４０８４,主要地方道相模原大蔵町線（都道５７号）,町田３・４・１８,（芝溝街道）,１０月２１日（木）,雨,自動車類上り小型車,495,488,395,391,374,449,433,460,437,450,525,560,5457,-,,
４２１５０町田市図師町,４０８４,主要地方道相模原大蔵町線（都道５７号）,町田３・４・１８,（芝溝街道）,１０月２１日（木）,雨,自動車類上り計,564,581,496,482,455,502,503,518,486,513,561,595,6256,-,,
４２１５０町田市図師町,４０８４,主要地方道相模原大蔵町線（都道５７号）,町田３・４・１８,（芝溝街道）,１０月２１日（木）,雨,自動車類下り大型車,81,62,85,94,61,85,82,62,51,45,63,51,822,-,,
４２１５０町田市図師町,４０８４,主要地方道相模原大蔵町線（都道５７号）,町田３・４・１８,（芝溝街道）,１０月２１日（木）,雨,自動車類下り小型車,560,573,458,473,374,476,439,429,304,315,573,505,5479,-,,
４２１５０町田市図師町,４０８４,主要地方道相模原大蔵町線（都道５７号）,町田３・４・１８,（芝溝街道）,１０月２１日（木）,雨,自動車類下り計,641,635,543,567,435,561,521,491,355,360,636,556,6301,-,,
４２１５０町田市図師町,４０８４,主要地方道相模原大蔵町線（都道５７号）,町田３・４・１８,（芝溝街道）,１０月２１日（木）,雨,自動車類合計大型車,150,155,186,185,142,138,152,120,100,108,99,86,1621,-,,
４２１５０町田市図師町,４０８４,主要地方道相模原大蔵町線（都道５７号）,町田３・４・１８,（芝溝街道）,１０月２１日（木）,雨,自動車類合計小型車,1055,1061,853,864,748,925,872,889,741,765,1098,1065,10936,-,,
４２１５０町田市図師町,４０８４,主要地方道相模原大蔵町線（都道５７号）,町田３・４・１８,（芝溝街道）,１０月２１日（木）,雨,自動車類合計計,1205,1216,1039,1049,890,1063,1024,1009,841,873,1197,1151,12557,-,,
４２１５０町田市図師町,４０８４,主要地方道相模原大蔵町線（都道５７号）,町田３・４・１８,（芝溝街道）,１０月２１日（木）,雨,二輪車類,77,56,27,34,22,25,28,27,19,40,56,62,473,,,
４２１５０町田市図師町,４０８４,主要地方道相模原大蔵町線（都道５７号）,町田３・４・１８,（芝溝街道）,１０月２１日（木）,雨,自転車類,31,34,5,15,16,18,6,6,7,20,30,17,205,,,
４２１５０町田市図師町,４０８４,主要地方道相模原大蔵町線（都道５７号）,町田３・４・１８,（芝溝街道）,１０月２１日（木）,雨,歩行者類,54,52,34,21,38,37,31,33,43,57,58,48,506,,,
