﻿観測地点,Ｈ１７区間番号,路線名,都市計画路線名,通称道路名,調査日,天候,ピーク時間交通量（台／ｈ）,ピーク率（％）,混雑時平均旅行速度（ｋｍ／ｈ）,大型車台数（台／１２ｈ）,混入率（％）,混雑度,昼夜率,車線数,５８年度（台／１２ｈ）,６０年度（台／１２ｈ）,６３年度（台／１２ｈ）,２年度（台／１２ｈ）,６年度（台／１２ｈ）,９年度（台／１２ｈ）,１１年度（台／１２ｈ）,１７年度（台／１２ｈ）,２２年度（台／１２ｈ）
６２０２０三宅島三宅村阿古５１２,６０７９,一般都道三宅循環線（都道２１２号）,－,三宅一周道路,１１月１５日（月）,晴,182,10.0,36.8,146,8.0,0.27,-,2,-,1808,1396,1461,1521,1728,-,1892,1815
,,,,,,,,,,,,,,,,,,,,,,,
観測地点,Ｈ１７区間番号,路線名,都市計画路線名,通称道路名,調査日,天候,時間・種別,７～８,８～９,９～１０,１０～１１,１１～１２,１２～１３,１３～１４,１４～１５,１５～１６,１６～１７,１７～１８,１８～１９,１２ｈ計,２４ｈ計,,
６２０２０三宅島三宅村阿古５１２,６０７９,一般都道三宅循環線（都道２１２号）,－,三宅一周道路,１１月１５日（月）,晴,自動車類上り大型車,6,8,2,11,6,2,3,6,5,6,4,4,63,-,,
６２０２０三宅島三宅村阿古５１２,６０７９,一般都道三宅循環線（都道２１２号）,－,三宅一周道路,１１月１５日（月）,晴,自動車類上り小型車,62,57,59,53,86,89,72,52,69,82,84,48,813,-,,
６２０２０三宅島三宅村阿古５１２,６０７９,一般都道三宅循環線（都道２１２号）,－,三宅一周道路,１１月１５日（月）,晴,自動車類上り計,68,65,61,64,92,91,75,58,74,88,88,52,876,-,,
６２０２０三宅島三宅村阿古５１２,６０７９,一般都道三宅循環線（都道２１２号）,－,三宅一周道路,１１月１５日（月）,晴,自動車類下り大型車,11,9,11,8,10,1,6,5,5,9,5,3,83,-,,
６２０２０三宅島三宅村阿古５１２,６０７９,一般都道三宅循環線（都道２１２号）,－,三宅一周道路,１１月１５日（月）,晴,自動車類下り小型車,87,75,72,53,80,84,73,53,66,76,81,56,856,-,,
６２０２０三宅島三宅村阿古５１２,６０７９,一般都道三宅循環線（都道２１２号）,－,三宅一周道路,１１月１５日（月）,晴,自動車類下り計,98,84,83,61,90,85,79,58,71,85,86,59,939,-,,
６２０２０三宅島三宅村阿古５１２,６０７９,一般都道三宅循環線（都道２１２号）,－,三宅一周道路,１１月１５日（月）,晴,自動車類合計大型車,17,17,13,19,16,3,9,11,10,15,9,7,146,-,,
６２０２０三宅島三宅村阿古５１２,６０７９,一般都道三宅循環線（都道２１２号）,－,三宅一周道路,１１月１５日（月）,晴,自動車類合計小型車,149,132,131,106,166,173,145,105,135,158,165,104,1669,-,,
６２０２０三宅島三宅村阿古５１２,６０７９,一般都道三宅循環線（都道２１２号）,－,三宅一周道路,１１月１５日（月）,晴,自動車類合計計,166,149,144,125,182,176,154,116,145,173,174,111,1815,-,,
６２０２０三宅島三宅村阿古５１２,６０７９,一般都道三宅循環線（都道２１２号）,－,三宅一周道路,１１月１５日（月）,晴,二輪車類,8,3,2,2,4,8,4,1,2,0,3,0,37,,,
６２０２０三宅島三宅村阿古５１２,６０７９,一般都道三宅循環線（都道２１２号）,－,三宅一周道路,１１月１５日（月）,晴,自転車類,1,0,0,0,2,2,4,2,2,3,4,0,20,,,
６２０２０三宅島三宅村阿古５１２,６０７９,一般都道三宅循環線（都道２１２号）,－,三宅一周道路,１１月１５日（月）,晴,歩行者類,2,5,8,4,3,7,8,10,2,5,2,6,62,,,
