﻿観測地点,Ｈ１７区間番号,路線名,都市計画路線名,通称道路名,調査日,天候,ピーク時間交通量（台／ｈ）,ピーク率（％）,混雑時平均旅行速度（ｋｍ／ｈ）,大型車台数（台／１２ｈ）,混入率（％）,混雑度,昼夜率,車線数,５８年度（台／１２ｈ）,６０年度（台／１２ｈ）,６３年度（台／１２ｈ）,２年度（台／１２ｈ）,６年度（台／１２ｈ）,９年度（台／１２ｈ）,１１年度（台／１２ｈ）,１７年度（台／１２ｈ）,２２年度（台／１２ｈ）
４１１００多摩市聖ケ丘４－３,０,主要地方道町田調布線（都道１９号）,多摩３・１・６,（尾根幹線道路）,１０月２１日（木）,雨,1123,10.4,23.3,1660,15.4,1.08,-,2,-,-,-,-,-,-,-,-,10766
,,,,,,,,,,,,,,,,,,,,,,,
観測地点,Ｈ１７区間番号,路線名,都市計画路線名,通称道路名,調査日,天候,時間・種別,７～８,８～９,９～１０,１０～１１,１１～１２,１２～１３,１３～１４,１４～１５,１５～１６,１６～１７,１７～１８,１８～１９,１２ｈ計,２４ｈ計,,
４１１００多摩市聖ケ丘４－３,０,主要地方道町田調布線（都道１９号）,多摩３・１・６,（尾根幹線道路）,１０月２１日（木）,雨,自動車類上り大型車,73,74,99,92,89,62,57,77,61,45,59,35,823,-,,
４１１００多摩市聖ケ丘４－３,０,主要地方道町田調布線（都道１９号）,多摩３・１・６,（尾根幹線道路）,１０月２１日（木）,雨,自動車類上り小型車,573,510,346,283,272,296,356,364,370,377,447,470,4664,-,,
４１１００多摩市聖ケ丘４－３,０,主要地方道町田調布線（都道１９号）,多摩３・１・６,（尾根幹線道路）,１０月２１日（木）,雨,自動車類上り計,646,584,445,375,361,358,413,441,431,422,506,505,5487,-,,
４１１００多摩市聖ケ丘４－３,０,主要地方道町田調布線（都道１９号）,多摩３・１・６,（尾根幹線道路）,１０月２１日（木）,雨,自動車類下り大型車,60,74,76,77,59,63,79,82,68,82,68,49,837,-,,
４１１００多摩市聖ケ丘４－３,０,主要地方道町田調布線（都道１９号）,多摩３・１・６,（尾根幹線道路）,１０月２１日（木）,雨,自動車類下り小型車,394,465,330,346,324,292,315,341,366,403,430,436,4442,-,,
４１１００多摩市聖ケ丘４－３,０,主要地方道町田調布線（都道１９号）,多摩３・１・６,（尾根幹線道路）,１０月２１日（木）,雨,自動車類下り計,454,539,406,423,383,355,394,423,434,485,498,485,5279,-,,
４１１００多摩市聖ケ丘４－３,０,主要地方道町田調布線（都道１９号）,多摩３・１・６,（尾根幹線道路）,１０月２１日（木）,雨,自動車類合計大型車,133,148,175,169,148,125,136,159,129,127,127,84,1660,-,,
４１１００多摩市聖ケ丘４－３,０,主要地方道町田調布線（都道１９号）,多摩３・１・６,（尾根幹線道路）,１０月２１日（木）,雨,自動車類合計小型車,967,975,676,629,596,588,671,705,736,780,877,906,9106,-,,
４１１００多摩市聖ケ丘４－３,０,主要地方道町田調布線（都道１９号）,多摩３・１・６,（尾根幹線道路）,１０月２１日（木）,雨,自動車類合計計,1100,1123,851,798,744,713,807,864,865,907,1004,990,10766,-,,
４１１００多摩市聖ケ丘４－３,０,主要地方道町田調布線（都道１９号）,多摩３・１・６,（尾根幹線道路）,１０月２１日（木）,雨,二輪車類,62,55,41,27,34,28,33,32,36,50,63,63,524,,,
４１１００多摩市聖ケ丘４－３,０,主要地方道町田調布線（都道１９号）,多摩３・１・６,（尾根幹線道路）,１０月２１日（木）,雨,自転車類,15,23,3,8,21,6,1,2,1,4,2,0,86,,,
４１１００多摩市聖ケ丘４－３,０,主要地方道町田調布線（都道１９号）,多摩３・１・６,（尾根幹線道路）,１０月２１日（木）,雨,歩行者類,11,24,11,19,45,12,11,18,15,31,12,13,222,,,
