﻿観測地点,Ｈ１７区間番号,路線名,都市計画路線名,通称道路名,調査日,天候,ピーク時間交通量（台／ｈ）,ピーク率（％）,混雑時平均旅行速度（ｋｍ／ｈ）,大型車台数（台／１２ｈ）,混入率（％）,混雑度,昼夜率,車線数,５８年度（台／１２ｈ）,６０年度（台／１２ｈ）,６３年度（台／１２ｈ）,２年度（台／１２ｈ）,６年度（台／１２ｈ）,９年度（台／１２ｈ）,１１年度（台／１２ｈ）,１７年度（台／１２ｈ）,２２年度（台／１２ｈ）
４００７０東久留米市南町１－３－１,４００５,主要地方道東京所沢線（都道４号）,－,所沢街道,１０月１３日（水）,晴,930,9.0,11.7,2008,19.4,0.24,-,6,10521,10400,8836,9646,9406,9041,9076,9297,10340
,,,,,,,,,,,,,,,,,,,,,,,
観測地点,Ｈ１７区間番号,路線名,都市計画路線名,通称道路名,調査日,天候,時間・種別,７～８,８～９,９～１０,１０～１１,１１～１２,１２～１３,１３～１４,１４～１５,１５～１６,１６～１７,１７～１８,１８～１９,１２ｈ計,２４ｈ計,,
４００７０東久留米市南町１－３－１,４００５,主要地方道東京所沢線（都道４号）,－,所沢街道,１０月１３日（水）,晴,自動車類上り大型車,116,116,95,95,80,86,94,79,59,58,48,29,955,-,,
４００７０東久留米市南町１－３－１,４００５,主要地方道東京所沢線（都道４号）,－,所沢街道,１０月１３日（水）,晴,自動車類上り小型車,361,347,354,310,352,344,320,324,377,334,375,329,4127,-,,
４００７０東久留米市南町１－３－１,４００５,主要地方道東京所沢線（都道４号）,－,所沢街道,１０月１３日（水）,晴,自動車類上り計,477,463,449,405,432,430,414,403,436,392,423,358,5082,-,,
４００７０東久留米市南町１－３－１,４００５,主要地方道東京所沢線（都道４号）,－,所沢街道,１０月１３日（水）,晴,自動車類下り大型車,66,79,90,118,92,97,97,100,102,86,68,58,1053,-,,
４００７０東久留米市南町１－３－１,４００５,主要地方道東京所沢線（都道４号）,－,所沢街道,１０月１３日（水）,晴,自動車類下り小型車,328,317,281,280,331,327,354,329,367,387,439,465,4205,-,,
４００７０東久留米市南町１－３－１,４００５,主要地方道東京所沢線（都道４号）,－,所沢街道,１０月１３日（水）,晴,自動車類下り計,394,396,371,398,423,424,451,429,469,473,507,523,5258,-,,
４００７０東久留米市南町１－３－１,４００５,主要地方道東京所沢線（都道４号）,－,所沢街道,１０月１３日（水）,晴,自動車類合計大型車,182,195,185,213,172,183,191,179,161,144,116,87,2008,-,,
４００７０東久留米市南町１－３－１,４００５,主要地方道東京所沢線（都道４号）,－,所沢街道,１０月１３日（水）,晴,自動車類合計小型車,689,664,635,590,683,671,674,653,744,721,814,794,8332,-,,
４００７０東久留米市南町１－３－１,４００５,主要地方道東京所沢線（都道４号）,－,所沢街道,１０月１３日（水）,晴,自動車類合計計,871,859,820,803,855,854,865,832,905,865,930,881,10340,-,,
４００７０東久留米市南町１－３－１,４００５,主要地方道東京所沢線（都道４号）,－,所沢街道,１０月１３日（水）,晴,二輪車類,-,-,-,-,-,-,-,-,-,-,-,-,-,,,
４００７０東久留米市南町１－３－１,４００５,主要地方道東京所沢線（都道４号）,－,所沢街道,１０月１３日（水）,晴,自転車類,111,125,77,57,46,49,44,35,39,53,66,81,783,,,
４００７０東久留米市南町１－３－１,４００５,主要地方道東京所沢線（都道４号）,－,所沢街道,１０月１３日（水）,晴,歩行者類,21,9,7,7,9,13,12,13,7,13,17,14,142,,,
