﻿観測地点,Ｈ１７区間番号,路線名,都市計画路線名,通称道路名,調査日,天候,ピーク時間交通量（台／ｈ）,ピーク率（％）,混雑時平均旅行速度（ｋｍ／ｈ）,大型車台数（台／１２ｈ）,混入率（％）,混雑度,昼夜率,車線数,５８年度（台／１２ｈ）,６０年度（台／１２ｈ）,６３年度（台／１２ｈ）,２年度（台／１２ｈ）,６年度（台／１２ｈ）,９年度（台／１２ｈ）,１１年度（台／１２ｈ）,１７年度（台／１２ｈ）,２２年度（台／１２ｈ）
４０６１０三鷹市井口１－２５－１,４０２４,主要地方道調布田無線（都道１２号）,－,武蔵境通り,１０月２０日（水）,雨,629,9.2,11.5,759,11.0,0.75,-,2,5230,5253,5183,4373,5002,5769,5394,6390,6874
,,,,,,,,,,,,,,,,,,,,,,,
観測地点,Ｈ１７区間番号,路線名,都市計画路線名,通称道路名,調査日,天候,時間・種別,７～８,８～９,９～１０,１０～１１,１１～１２,１２～１３,１３～１４,１４～１５,１５～１６,１６～１７,１７～１８,１８～１９,１２ｈ計,２４ｈ計,,
４０６１０三鷹市井口１－２５－１,４０２４,主要地方道調布田無線（都道１２号）,－,武蔵境通り,１０月２０日（水）,雨,自動車類上り大型車,35,33,38,28,47,20,42,22,26,18,15,22,346,-,,
４０６１０三鷹市井口１－２５－１,４０２４,主要地方道調布田無線（都道１２号）,－,武蔵境通り,１０月２０日（水）,雨,自動車類上り小型車,292,256,241,246,274,210,257,248,275,297,255,240,3091,-,,
４０６１０三鷹市井口１－２５－１,４０２４,主要地方道調布田無線（都道１２号）,－,武蔵境通り,１０月２０日（水）,雨,自動車類上り計,327,289,279,274,321,230,299,270,301,315,270,262,3437,-,,
４０６１０三鷹市井口１－２５－１,４０２４,主要地方道調布田無線（都道１２号）,－,武蔵境通り,１０月２０日（水）,雨,自動車類下り大型車,30,39,49,40,57,32,37,24,35,23,31,16,413,-,,
４０６１０三鷹市井口１－２５－１,４０２４,主要地方道調布田無線（都道１２号）,－,武蔵境通り,１０月２０日（水）,雨,自動車類下り小型車,186,301,246,208,232,234,292,275,283,262,258,247,3024,-,,
４０６１０三鷹市井口１－２５－１,４０２４,主要地方道調布田無線（都道１２号）,－,武蔵境通り,１０月２０日（水）,雨,自動車類下り計,216,340,295,248,289,266,329,299,318,285,289,263,3437,-,,
４０６１０三鷹市井口１－２５－１,４０２４,主要地方道調布田無線（都道１２号）,－,武蔵境通り,１０月２０日（水）,雨,自動車類合計大型車,65,72,87,68,104,52,79,46,61,41,46,38,759,-,,
４０６１０三鷹市井口１－２５－１,４０２４,主要地方道調布田無線（都道１２号）,－,武蔵境通り,１０月２０日（水）,雨,自動車類合計小型車,478,557,487,454,506,444,549,523,558,559,513,487,6115,-,,
４０６１０三鷹市井口１－２５－１,４０２４,主要地方道調布田無線（都道１２号）,－,武蔵境通り,１０月２０日（水）,雨,自動車類合計計,543,629,574,522,610,496,628,569,619,600,559,525,6874,-,,
４０６１０三鷹市井口１－２５－１,４０２４,主要地方道調布田無線（都道１２号）,－,武蔵境通り,１０月２０日（水）,雨,二輪車類,-,-,-,-,-,-,-,-,-,-,-,-,-,,,
４０６１０三鷹市井口１－２５－１,４０２４,主要地方道調布田無線（都道１２号）,－,武蔵境通り,１０月２０日（水）,雨,自転車類,-,-,-,-,-,-,-,-,-,-,-,-,-,,,
４０６１０三鷹市井口１－２５－１,４０２４,主要地方道調布田無線（都道１２号）,－,武蔵境通り,１０月２０日（水）,雨,歩行者類,-,-,-,-,-,-,-,-,-,-,-,-,-,,,
