﻿観測地点,Ｈ１７区間番号,路線名,都市計画路線名,通称道路名,調査日,天候,ピーク時間交通量（台／ｈ）,ピーク率（％）,混雑時平均旅行速度（ｋｍ／ｈ）,大型車台数（台／１２ｈ）,混入率（％）,混雑度,昼夜率,車線数,５８年度（台／１２ｈ）,６０年度（台／１２ｈ）,６３年度（台／１２ｈ）,２年度（台／１２ｈ）,６年度（台／１２ｈ）,９年度（台／１２ｈ）,１１年度（台／１２ｈ）,１７年度（台／１２ｈ）,２２年度（台／１２ｈ）
６２１５０八丈島八丈町三根農協前,６０８７,一般都道神湊八重根港線（都道２１６号）,－,－,１１月８日（月）,曇,505,10.3,37.9,305,6.2,0.49,-,2,4317,4825,4716,4796,4594,5157,4057,4891,4891
,,,,,,,,,,,,,,,,,,,,,,,
観測地点,Ｈ１７区間番号,路線名,都市計画路線名,通称道路名,調査日,天候,時間・種別,７～８,８～９,９～１０,１０～１１,１１～１２,１２～１３,１３～１４,１４～１５,１５～１６,１６～１７,１７～１８,１８～１９,１２ｈ計,２４ｈ計,,
６２１５０八丈島八丈町三根農協前,６０８７,一般都道神湊八重根港線（都道２１６号）,－,－,１１月８日（月）,曇,自動車類上り大型車,9,8,21,8,13,6,14,13,17,21,11,1,142,-,,
６２１５０八丈島八丈町三根農協前,６０８７,一般都道神湊八重根港線（都道２１６号）,－,－,１１月８日（月）,曇,自動車類上り小型車,108,165,211,195,205,221,195,203,162,196,253,162,2276,-,,
６２１５０八丈島八丈町三根農協前,６０８７,一般都道神湊八重根港線（都道２１６号）,－,－,１１月８日（月）,曇,自動車類上り計,117,173,232,203,218,227,209,216,179,217,264,163,2418,-,,
６２１５０八丈島八丈町三根農協前,６０８７,一般都道神湊八重根港線（都道２１６号）,－,－,１１月８日（月）,曇,自動車類下り大型車,11,23,23,16,15,7,17,15,15,14,5,2,163,-,,
６２１５０八丈島八丈町三根農協前,６０８７,一般都道神湊八重根港線（都道２１６号）,－,－,１１月８日（月）,曇,自動車類下り小型車,154,227,217,216,156,239,168,201,170,213,236,113,2310,-,,
６２１５０八丈島八丈町三根農協前,６０８７,一般都道神湊八重根港線（都道２１６号）,－,－,１１月８日（月）,曇,自動車類下り計,165,250,240,232,171,246,185,216,185,227,241,115,2473,-,,
６２１５０八丈島八丈町三根農協前,６０８７,一般都道神湊八重根港線（都道２１６号）,－,－,１１月８日（月）,曇,自動車類合計大型車,20,31,44,24,28,13,31,28,32,35,16,3,305,-,,
６２１５０八丈島八丈町三根農協前,６０８７,一般都道神湊八重根港線（都道２１６号）,－,－,１１月８日（月）,曇,自動車類合計小型車,262,392,428,411,361,460,363,404,332,409,489,275,4586,-,,
６２１５０八丈島八丈町三根農協前,６０８７,一般都道神湊八重根港線（都道２１６号）,－,－,１１月８日（月）,曇,自動車類合計計,282,423,472,435,389,473,394,432,364,444,505,278,4891,-,,
６２１５０八丈島八丈町三根農協前,６０８７,一般都道神湊八重根港線（都道２１６号）,－,－,１１月８日（月）,曇,二輪車類,12,12,24,14,17,19,13,20,8,13,12,7,171,,,
６２１５０八丈島八丈町三根農協前,６０８７,一般都道神湊八重根港線（都道２１６号）,－,－,１１月８日（月）,曇,自転車類,8,4,4,5,3,5,6,8,4,14,41,6,108,,,
６２１５０八丈島八丈町三根農協前,６０８７,一般都道神湊八重根港線（都道２１６号）,－,－,１１月８日（月）,曇,歩行者類,6,0,9,6,8,5,9,12,3,8,20,8,94,,,
