﻿観測地点,Ｈ１７区間番号,路線名,都市計画路線名,通称道路名,調査日,天候,ピーク時間交通量（台／ｈ）,ピーク率（％）,混雑時平均旅行速度（ｋｍ／ｈ）,大型車台数（台／１２ｈ）,混入率（％）,混雑度,昼夜率,車線数,５８年度（台／１２ｈ）,６０年度（台／１２ｈ）,６３年度（台／１２ｈ）,２年度（台／１２ｈ）,６年度（台／１２ｈ）,９年度（台／１２ｈ）,１１年度（台／１２ｈ）,１７年度（台／１２ｈ）,２２年度（台／１２ｈ）
６１６７０青梅市梅郷３－９０４,６０６１,一般都道梅郷日向和田線（都道１９９号）,青梅３・４・３０,（神代橋）,１０月２６日（火）,曇,340,10.8,26,232,7.4,0.37,-,2,3107,2868,2902,3262,3233,3566,-,3120,3153
,,,,,,,,,,,,,,,,,,,,,,,
観測地点,Ｈ１７区間番号,路線名,都市計画路線名,通称道路名,調査日,天候,時間・種別,７～８,８～９,９～１０,１０～１１,１１～１２,１２～１３,１３～１４,１４～１５,１５～１６,１６～１７,１７～１８,１８～１９,１２ｈ計,２４ｈ計,,
６１６７０青梅市梅郷３－９０４,６０６１,一般都道梅郷日向和田線（都道１９９号）,青梅３・４・３０,（神代橋）,１０月２６日（火）,曇,自動車類上り大型車,5,10,5,11,12,8,7,9,3,3,6,0,79,-,,
６１６７０青梅市梅郷３－９０４,６０６１,一般都道梅郷日向和田線（都道１９９号）,青梅３・４・３０,（神代橋）,１０月２６日（火）,曇,自動車類上り小型車,143,112,139,136,116,122,140,123,129,142,160,159,1621,-,,
６１６７０青梅市梅郷３－９０４,６０６１,一般都道梅郷日向和田線（都道１９９号）,青梅３・４・３０,（神代橋）,１０月２６日（火）,曇,自動車類上り計,148,122,144,147,128,130,147,132,132,145,166,159,1700,-,,
６１６７０青梅市梅郷３－９０４,６０６１,一般都道梅郷日向和田線（都道１９９号）,青梅３・４・３０,（神代橋）,１０月２６日（火）,曇,自動車類下り大型車,8,43,29,7,7,8,9,6,18,8,9,1,153,-,,
６１６７０青梅市梅郷３－９０４,６０６１,一般都道梅郷日向和田線（都道１９９号）,青梅３・４・３０,（神代橋）,１０月２６日（火）,曇,自動車類下り小型車,184,98,109,118,85,91,108,101,93,107,89,117,1300,-,,
６１６７０青梅市梅郷３－９０４,６０６１,一般都道梅郷日向和田線（都道１９９号）,青梅３・４・３０,（神代橋）,１０月２６日（火）,曇,自動車類下り計,192,141,138,125,92,99,117,107,111,115,98,118,1453,-,,
６１６７０青梅市梅郷３－９０４,６０６１,一般都道梅郷日向和田線（都道１９９号）,青梅３・４・３０,（神代橋）,１０月２６日（火）,曇,自動車類合計大型車,13,53,34,18,19,16,16,15,21,11,15,1,232,-,,
６１６７０青梅市梅郷３－９０４,６０６１,一般都道梅郷日向和田線（都道１９９号）,青梅３・４・３０,（神代橋）,１０月２６日（火）,曇,自動車類合計小型車,327,210,248,254,201,213,248,224,222,249,249,276,2921,-,,
６１６７０青梅市梅郷３－９０４,６０６１,一般都道梅郷日向和田線（都道１９９号）,青梅３・４・３０,（神代橋）,１０月２６日（火）,曇,自動車類合計計,340,263,282,272,220,229,264,239,243,260,264,277,3153,-,,
６１６７０青梅市梅郷３－９０４,６０６１,一般都道梅郷日向和田線（都道１９９号）,青梅３・４・３０,（神代橋）,１０月２６日（火）,曇,二輪車類,8,6,4,6,5,8,3,13,7,8,13,8,89,,,
６１６７０青梅市梅郷３－９０４,６０６１,一般都道梅郷日向和田線（都道１９９号）,青梅３・４・３０,（神代橋）,１０月２６日（火）,曇,自転車類,25,12,5,2,7,9,23,12,7,16,16,18,152,,,
６１６７０青梅市梅郷３－９０４,６０６１,一般都道梅郷日向和田線（都道１９９号）,青梅３・４・３０,（神代橋）,１０月２６日（火）,曇,歩行者類,72,31,48,35,16,22,32,40,24,47,28,37,432,,,
