﻿観測地点,Ｈ１７区間番号,路線名,都市計画路線名,通称道路名,調査日,天候,ピーク時間交通量（台／ｈ）,ピーク率（％）,混雑時平均旅行速度（ｋｍ／ｈ）,大型車台数（台／１２ｈ）,混入率（％）,混雑度,昼夜率,車線数,５８年度（台／１２ｈ）,６０年度（台／１２ｈ）,６３年度（台／１２ｈ）,２年度（台／１２ｈ）,６年度（台／１２ｈ）,９年度（台／１２ｈ）,１１年度（台／１２ｈ）,１７年度（台／１２ｈ）,２２年度（台／１２ｈ）
６１３３０八王子市長沼町４－７,６０４９,一般都道上館日野線（都道１７３号）,八王子３・４・１４,北野街道,１０月２１日（木）,雨,1058,9.6,18,1164,10.5,1.17,-,2,10337,11011,10715,11561,10160,11017,12316,12024,11042
,,,,,,,,,,,,,,,,,,,,,,,
観測地点,Ｈ１７区間番号,路線名,都市計画路線名,通称道路名,調査日,天候,時間・種別,７～８,８～９,９～１０,１０～１１,１１～１２,１２～１３,１３～１４,１４～１５,１５～１６,１６～１７,１７～１８,１８～１９,１２ｈ計,２４ｈ計,,
６１３３０八王子市長沼町４－７,６０４９,一般都道上館日野線（都道１７３号）,八王子３・４・１４,北野街道,１０月２１日（木）,雨,自動車類上り大型車,59,50,75,77,69,63,44,44,41,27,32,31,612,-,,
６１３３０八王子市長沼町４－７,６０４９,一般都道上館日野線（都道１７３号）,八王子３・４・１４,北野街道,１０月２１日（木）,雨,自動車類上り小型車,391,406,360,331,335,355,405,409,401,415,505,461,4774,-,,
６１３３０八王子市長沼町４－７,６０４９,一般都道上館日野線（都道１７３号）,八王子３・４・１４,北野街道,１０月２１日（木）,雨,自動車類上り計,450,456,435,408,404,418,449,453,442,442,537,492,5386,-,,
６１３３０八王子市長沼町４－７,６０４９,一般都道上館日野線（都道１７３号）,八王子３・４・１４,北野街道,１０月２１日（木）,雨,自動車類下り大型車,49,54,83,66,49,31,46,59,50,33,19,13,552,-,,
６１３３０八王子市長沼町４－７,６０４９,一般都道上館日野線（都道１７３号）,八王子３・４・１４,北野街道,１０月２１日（木）,雨,自動車類下り小型車,557,548,435,425,370,412,388,368,383,398,446,374,5104,-,,
６１３３０八王子市長沼町４－７,６０４９,一般都道上館日野線（都道１７３号）,八王子３・４・１４,北野街道,１０月２１日（木）,雨,自動車類下り計,606,602,518,491,419,443,434,427,433,431,465,387,5656,-,,
６１３３０八王子市長沼町４－７,６０４９,一般都道上館日野線（都道１７３号）,八王子３・４・１４,北野街道,１０月２１日（木）,雨,自動車類合計大型車,108,104,158,143,118,94,90,103,91,60,51,44,1164,-,,
６１３３０八王子市長沼町４－７,６０４９,一般都道上館日野線（都道１７３号）,八王子３・４・１４,北野街道,１０月２１日（木）,雨,自動車類合計小型車,948,954,795,756,705,767,793,777,784,813,951,835,9878,-,,
６１３３０八王子市長沼町４－７,６０４９,一般都道上館日野線（都道１７３号）,八王子３・４・１４,北野街道,１０月２１日（木）,雨,自動車類合計計,1056,1058,953,899,823,861,883,880,875,873,1002,879,11042,-,,
６１３３０八王子市長沼町４－７,６０４９,一般都道上館日野線（都道１７３号）,八王子３・４・１４,北野街道,１０月２１日（木）,雨,二輪車類,43,55,48,41,36,30,36,36,41,46,52,49,513,,,
６１３３０八王子市長沼町４－７,６０４９,一般都道上館日野線（都道１７３号）,八王子３・４・１４,北野街道,１０月２１日（木）,雨,自転車類,19,25,11,13,7,5,8,3,18,24,18,22,173,,,
６１３３０八王子市長沼町４－７,６０４９,一般都道上館日野線（都道１７３号）,八王子３・４・１４,北野街道,１０月２１日（木）,雨,歩行者類,118,87,52,32,35,50,43,34,48,46,71,76,692,,,
