﻿観測地点,Ｈ１７区間番号,路線名,都市計画路線名,通称道路名,調査日,天候,ピーク時間交通量（台／ｈ）,ピーク率（％）,混雑時平均旅行速度（ｋｍ／ｈ）,大型車台数（台／１２ｈ）,混入率（％）,混雑度,昼夜率,車線数,５８年度（台／１２ｈ）,６０年度（台／１２ｈ）,６３年度（台／１２ｈ）,２年度（台／１２ｈ）,６年度（台／１２ｈ）,９年度（台／１２ｈ）,１１年度（台／１２ｈ）,１７年度（台／１２ｈ）,２２年度（台／１２ｈ）
４００１０狛江市東和泉４－９,４００１,主要地方道世田谷町田線（都道３号）,調布３・４・３,世田谷通り,１０月２０日（水）,雨,2074,10.7,25.7,2065,10.6,0.95,-,2,11708,11269,11315,10951,10611,12319,11459,16731,19464
,,,,,,,,,,,,,,,,,,,,,,,
観測地点,Ｈ１７区間番号,路線名,都市計画路線名,通称道路名,調査日,天候,時間・種別,７～８,８～９,９～１０,１０～１１,１１～１２,１２～１３,１３～１４,１４～１５,１５～１６,１６～１７,１７～１８,１８～１９,１２ｈ計,２４ｈ計,,
４００１０狛江市東和泉４－９,４００１,主要地方道世田谷町田線（都道３号）,調布３・４・３,世田谷通り,１０月２０日（水）,雨,自動車類上り大型車,97,91,88,82,83,88,112,96,62,80,41,34,954,-,,
４００１０狛江市東和泉４－９,４００１,主要地方道世田谷町田線（都道３号）,調布３・４・３,世田谷通り,１０月２０日（水）,雨,自動車類上り小型車,1129,867,732,594,576,582,592,658,679,669,743,857,8678,-,,
４００１０狛江市東和泉４－９,４００１,主要地方道世田谷町田線（都道３号）,調布３・４・３,世田谷通り,１０月２０日（水）,雨,自動車類上り計,1226,958,820,676,659,670,704,754,741,749,784,891,9632,-,,
４００１０狛江市東和泉４－９,４００１,主要地方道世田谷町田線（都道３号）,調布３・４・３,世田谷通り,１０月２０日（水）,雨,自動車類下り大型車,114,100,115,124,100,86,104,92,98,96,51,31,1111,-,,
４００１０狛江市東和泉４－９,４００１,主要地方道世田谷町田線（都道３号）,調布３・４・３,世田谷通り,１０月２０日（水）,雨,自動車類下り小型車,734,624,625,672,654,615,711,651,659,767,982,1027,8721,-,,
４００１０狛江市東和泉４－９,４００１,主要地方道世田谷町田線（都道３号）,調布３・４・３,世田谷通り,１０月２０日（水）,雨,自動車類下り計,848,724,740,796,754,701,815,743,757,863,1033,1058,9832,-,,
４００１０狛江市東和泉４－９,４００１,主要地方道世田谷町田線（都道３号）,調布３・４・３,世田谷通り,１０月２０日（水）,雨,自動車類合計大型車,211,191,203,206,183,174,216,188,160,176,92,65,2065,-,,
４００１０狛江市東和泉４－９,４００１,主要地方道世田谷町田線（都道３号）,調布３・４・３,世田谷通り,１０月２０日（水）,雨,自動車類合計小型車,1863,1491,1357,1266,1230,1197,1303,1309,1338,1436,1725,1884,17399,-,,
４００１０狛江市東和泉４－９,４００１,主要地方道世田谷町田線（都道３号）,調布３・４・３,世田谷通り,１０月２０日（水）,雨,自動車類合計計,2074,1682,1560,1472,1413,1371,1519,1497,1498,1612,1817,1949,19464,-,,
４００１０狛江市東和泉４－９,４００１,主要地方道世田谷町田線（都道３号）,調布３・４・３,世田谷通り,１０月２０日（水）,雨,二輪車類,154,136,117,107,35,58,50,41,44,62,118,135,1057,,,
４００１０狛江市東和泉４－９,４００１,主要地方道世田谷町田線（都道３号）,調布３・４・３,世田谷通り,１０月２０日（水）,雨,自転車類,269,244,140,100,60,91,88,105,119,183,200,193,1792,,,
４００１０狛江市東和泉４－９,４００１,主要地方道世田谷町田線（都道３号）,調布３・４・３,世田谷通り,１０月２０日（水）,雨,歩行者類,54,42,26,34,27,27,29,33,41,49,55,73,490,,,
