﻿観測地点,Ｈ１７区間番号,路線名,都市計画路線名,通称道路名,調査日,天候,ピーク時間交通量（台／ｈ）,ピーク率（％）,混雑時平均旅行速度（ｋｍ／ｈ）,大型車台数（台／１２ｈ）,混入率（％）,混雑度,昼夜率,車線数,５８年度（台／１２ｈ）,６０年度（台／１２ｈ）,６３年度（台／１２ｈ）,２年度（台／１２ｈ）,６年度（台／１２ｈ）,９年度（台／１２ｈ）,１１年度（台／１２ｈ）,１７年度（台／１２ｈ）,２２年度（台／１２ｈ）
６０７１０町田市下小山田町３２６,６０３０,一般都道町田平山八王子線（都道１５５号）,町田３・４・４０,－,１０月２１日（木）,雨,621,14.0,28.6,432,9.8,0.66,-,2,2416,2599,2199,2924,3394,3364,-,4538,4429
,,,,,,,,,,,,,,,,,,,,,,,
観測地点,Ｈ１７区間番号,路線名,都市計画路線名,通称道路名,調査日,天候,時間・種別,７～８,８～９,９～１０,１０～１１,１１～１２,１２～１３,１３～１４,１４～１５,１５～１６,１６～１７,１７～１８,１８～１９,１２ｈ計,２４ｈ計,,
６０７１０町田市下小山田町３２６,６０３０,一般都道町田平山八王子線（都道１５５号）,町田３・４・４０,－,１０月２１日（木）,雨,自動車類上り大型車,9,19,18,26,18,6,21,15,21,19,22,13,207,-,,
６０７１０町田市下小山田町３２６,６０３０,一般都道町田平山八王子線（都道１５５号）,町田３・４・４０,－,１０月２１日（木）,雨,自動車類上り小型車,206,359,135,169,92,134,120,121,135,183,249,209,2112,-,,
６０７１０町田市下小山田町３２６,６０３０,一般都道町田平山八王子線（都道１５５号）,町田３・４・４０,－,１０月２１日（木）,雨,自動車類上り計,215,378,153,195,110,140,141,136,156,202,271,222,2319,-,,
６０７１０町田市下小山田町３２６,６０３０,一般都道町田平山八王子線（都道１５５号）,町田３・４・４０,－,１０月２１日（木）,雨,自動車類下り大型車,14,26,15,15,23,11,14,13,30,17,39,8,225,-,,
６０７１０町田市下小山田町３２６,６０３０,一般都道町田平山八王子線（都道１５５号）,町田３・４・４０,－,１０月２１日（木）,雨,自動車類下り小型車,148,217,160,172,130,138,115,109,112,153,213,218,1885,-,,
６０７１０町田市下小山田町３２６,６０３０,一般都道町田平山八王子線（都道１５５号）,町田３・４・４０,－,１０月２１日（木）,雨,自動車類下り計,162,243,175,187,153,149,129,122,142,170,252,226,2110,-,,
６０７１０町田市下小山田町３２６,６０３０,一般都道町田平山八王子線（都道１５５号）,町田３・４・４０,－,１０月２１日（木）,雨,自動車類合計大型車,23,45,33,41,41,17,35,28,51,36,61,21,432,-,,
６０７１０町田市下小山田町３２６,６０３０,一般都道町田平山八王子線（都道１５５号）,町田３・４・４０,－,１０月２１日（木）,雨,自動車類合計小型車,354,576,295,341,222,272,235,230,247,336,462,427,3997,-,,
６０７１０町田市下小山田町３２６,６０３０,一般都道町田平山八王子線（都道１５５号）,町田３・４・４０,－,１０月２１日（木）,雨,自動車類合計計,377,621,328,382,263,289,270,258,298,372,523,448,4429,-,,
６０７１０町田市下小山田町３２６,６０３０,一般都道町田平山八王子線（都道１５５号）,町田３・４・４０,－,１０月２１日（木）,雨,二輪車類,45,45,16,29,5,13,9,16,12,29,31,33,283,,,
６０７１０町田市下小山田町３２６,６０３０,一般都道町田平山八王子線（都道１５５号）,町田３・４・４０,－,１０月２１日（木）,雨,自転車類,14,19,3,8,6,7,2,4,1,4,3,9,80,,,
６０７１０町田市下小山田町３２６,６０３０,一般都道町田平山八王子線（都道１５５号）,町田３・４・４０,－,１０月２１日（木）,雨,歩行者類,23,14,4,1,5,3,25,9,2,15,3,9,113,,,
