﻿観測地点,Ｈ１７区間番号,路線名,都市計画路線名,通称道路名,調査日,天候,ピーク時間交通量（台／ｈ）,ピーク率（％）,混雑時平均旅行速度（ｋｍ／ｈ）,大型車台数（台／１２ｈ）,混入率（％）,混雑度,昼夜率,車線数,５８年度（台／１２ｈ）,６０年度（台／１２ｈ）,６３年度（台／１２ｈ）,２年度（台／１２ｈ）,６年度（台／１２ｈ）,９年度（台／１２ｈ）,１１年度（台／１２ｈ）,１７年度（台／１２ｈ）,２２年度（台／１２ｈ）
４０７５０小平市花小金井１－２,４０２９,主要地方道府中清瀬線（都道１５号）,小平３・４・１７,小金井街道,１０月２６日（火）,晴,681,9.4,5.9,1330,18.4,1.01,1.53,2,11637,11288,10877,11758,10950,11359,11176,9015,7214
,,,,,,,,,,,,,,,,,,,,,,,
観測地点,Ｈ１７区間番号,路線名,都市計画路線名,通称道路名,調査日,天候,時間・種別,７～８,８～９,９～１０,１０～１１,１１～１２,１２～１３,１３～１４,１４～１５,１５～１６,１６～１７,１７～１８,１８～１９,１２ｈ計,２４ｈ計,,
４０７５０小平市花小金井１－２,４０２９,主要地方道府中清瀬線（都道１５号）,小平３・４・１７,小金井街道,１０月２６日（火）,晴,自動車類上り大型車,97,73,76,77,65,69,59,52,45,45,37,35,730,1100,,
４０７５０小平市花小金井１－２,４０２９,主要地方道府中清瀬線（都道１５号）,小平３・４・１７,小金井街道,１０月２６日（火）,晴,自動車類上り小型車,197,220,234,278,269,270,282,298,302,244,230,220,3044,4491,,
４０７５０小平市花小金井１－２,４０２９,主要地方道府中清瀬線（都道１５号）,小平３・４・１７,小金井街道,１０月２６日（火）,晴,自動車類上り計,294,293,310,355,334,339,341,350,347,289,267,255,3774,5591,,
４０７５０小平市花小金井１－２,４０２９,主要地方道府中清瀬線（都道１５号）,小平３・４・１７,小金井街道,１０月２６日（火）,晴,自動車類下り大型車,47,69,67,67,59,52,49,45,43,38,33,31,600,848,,
４０７５０小平市花小金井１－２,４０２９,主要地方道府中清瀬線（都道１５号）,小平３・４・１７,小金井街道,１０月２６日（火）,晴,自動車類下り小型車,135,184,216,259,252,263,265,275,263,234,244,250,2840,4580,,
４０７５０小平市花小金井１－２,４０２９,主要地方道府中清瀬線（都道１５号）,小平３・４・１７,小金井街道,１０月２６日（火）,晴,自動車類下り計,182,253,283,326,311,315,314,320,306,272,277,281,3440,5428,,
４０７５０小平市花小金井１－２,４０２９,主要地方道府中清瀬線（都道１５号）,小平３・４・１７,小金井街道,１０月２６日（火）,晴,自動車類合計大型車,144,142,143,144,124,121,108,97,88,83,70,66,1330,1948,,
４０７５０小平市花小金井１－２,４０２９,主要地方道府中清瀬線（都道１５号）,小平３・４・１７,小金井街道,１０月２６日（火）,晴,自動車類合計小型車,332,404,450,537,521,533,547,573,565,478,474,470,5884,9071,,
４０７５０小平市花小金井１－２,４０２９,主要地方道府中清瀬線（都道１５号）,小平３・４・１７,小金井街道,１０月２６日（火）,晴,自動車類合計計,476,546,593,681,645,654,655,670,653,561,544,536,7214,11019,,
４０７５０小平市花小金井１－２,４０２９,主要地方道府中清瀬線（都道１５号）,小平３・４・１７,小金井街道,１０月２６日（火）,晴,二輪車類,61,45,40,43,38,39,43,38,44,43,60,57,551,,,
４０７５０小平市花小金井１－２,４０２９,主要地方道府中清瀬線（都道１５号）,小平３・４・１７,小金井街道,１０月２６日（火）,晴,自転車類,401,461,362,342,339,330,308,267,268,363,430,407,4278,,,
４０７５０小平市花小金井１－２,４０２９,主要地方道府中清瀬線（都道１５号）,小平３・４・１７,小金井街道,１０月２６日（火）,晴,歩行者類,451,416,216,205,224,221,225,219,275,328,370,413,3563,,,
