﻿観測地点,Ｈ１７区間番号,路線名,都市計画路線名,通称道路名,調査日,天候,ピーク時間交通量（台／ｈ）,ピーク率（％）,混雑時平均旅行速度（ｋｍ／ｈ）,大型車台数（台／１２ｈ）,混入率（％）,混雑度,昼夜率,車線数,５８年度（台／１２ｈ）,６０年度（台／１２ｈ）,６３年度（台／１２ｈ）,２年度（台／１２ｈ）,６年度（台／１２ｈ）,９年度（台／１２ｈ）,１１年度（台／１２ｈ）,１７年度（台／１２ｈ）,２２年度（台／１２ｈ）
６２８５０八王子市西寺方町６２４,６１１３,一般都道上野原八王子線（都道５２１号）,－,陣馬街道,１０月２７日（水）,晴,1251,10.0,21.4,1403,11.2,1.76,-,2,10564,9967,10402,10788,10459,12400,12990,12715,12541
,,,,,,,,,,,,,,,,,,,,,,,
観測地点,Ｈ１７区間番号,路線名,都市計画路線名,通称道路名,調査日,天候,時間・種別,７～８,８～９,９～１０,１０～１１,１１～１２,１２～１３,１３～１４,１４～１５,１５～１６,１６～１７,１７～１８,１８～１９,１２ｈ計,２４ｈ計,,
６２８５０八王子市西寺方町６２４,６１１３,一般都道上野原八王子線（都道５２１号）,－,陣馬街道,１０月２７日（水）,晴,自動車類上り大型車,51,87,58,82,74,62,74,57,52,36,34,30,697,-,,
６２８５０八王子市西寺方町６２４,６１１３,一般都道上野原八王子線（都道５２１号）,－,陣馬街道,１０月２７日（水）,晴,自動車類上り小型車,550,644,587,498,427,381,438,401,442,428,432,447,5675,-,,
６２８５０八王子市西寺方町６２４,６１１３,一般都道上野原八王子線（都道５２１号）,－,陣馬街道,１０月２７日（水）,晴,自動車類上り計,601,731,645,580,501,443,512,458,494,464,466,477,6372,-,,
６２８５０八王子市西寺方町６２４,６１１３,一般都道上野原八王子線（都道５２１号）,－,陣馬街道,１０月２７日（水）,晴,自動車類下り大型車,36,63,88,64,67,48,59,87,59,68,39,28,706,-,,
６２８５０八王子市西寺方町６２４,６１１３,一般都道上野原八王子線（都道５２１号）,－,陣馬街道,１０月２７日（水）,晴,自動車類下り小型車,382,457,401,397,434,353,394,431,495,552,636,531,5463,-,,
６２８５０八王子市西寺方町６２４,６１１３,一般都道上野原八王子線（都道５２１号）,－,陣馬街道,１０月２７日（水）,晴,自動車類下り計,418,520,489,461,501,401,453,518,554,620,675,559,6169,-,,
６２８５０八王子市西寺方町６２４,６１１３,一般都道上野原八王子線（都道５２１号）,－,陣馬街道,１０月２７日（水）,晴,自動車類合計大型車,87,150,146,146,141,110,133,144,111,104,73,58,1403,-,,
６２８５０八王子市西寺方町６２４,６１１３,一般都道上野原八王子線（都道５２１号）,－,陣馬街道,１０月２７日（水）,晴,自動車類合計小型車,932,1101,988,895,861,734,832,832,937,980,1068,978,11138,-,,
６２８５０八王子市西寺方町６２４,６１１３,一般都道上野原八王子線（都道５２１号）,－,陣馬街道,１０月２７日（水）,晴,自動車類合計計,1019,1251,1134,1041,1002,844,965,976,1048,1084,1141,1036,12541,-,,
６２８５０八王子市西寺方町６２４,６１１３,一般都道上野原八王子線（都道５２１号）,－,陣馬街道,１０月２７日（水）,晴,二輪車類,77,95,48,35,49,48,50,57,63,47,74,77,720,,,
６２８５０八王子市西寺方町６２４,６１１３,一般都道上野原八王子線（都道５２１号）,－,陣馬街道,１０月２７日（水）,晴,自転車類,98,90,36,38,36,42,39,36,65,45,75,35,635,,,
６２８５０八王子市西寺方町６２４,６１１３,一般都道上野原八王子線（都道５２１号）,－,陣馬街道,１０月２７日（水）,晴,歩行者類,14,23,9,14,20,13,10,21,31,24,15,17,211,,,
