﻿観測地点,Ｈ１７区間番号,路線名,都市計画路線名,通称道路名,調査日,天候,ピーク時間交通量（台／ｈ）,ピーク率（％）,混雑時平均旅行速度（ｋｍ／ｈ）,大型車台数（台／１２ｈ）,混入率（％）,混雑度,昼夜率,車線数,５８年度（台／１２ｈ）,６０年度（台／１２ｈ）,６３年度（台／１２ｈ）,２年度（台／１２ｈ）,６年度（台／１２ｈ）,９年度（台／１２ｈ）,１１年度（台／１２ｈ）,１７年度（台／１２ｈ）,２２年度（台／１２ｈ）
６１６９０あきる野市乙津１９９７,６０６３,一般都道十里木御嶽停車場線（都道２０１号）,－,－,１０月２７日（水）,晴,119,11.9,31.2,82,8.2,0.14,-,2,1226,1007,1103,1132,1459,1253,-,743,999
,,,,,,,,,,,,,,,,,,,,,,,
観測地点,Ｈ１７区間番号,路線名,都市計画路線名,通称道路名,調査日,天候,時間・種別,７～８,８～９,９～１０,１０～１１,１１～１２,１２～１３,１３～１４,１４～１５,１５～１６,１６～１７,１７～１８,１８～１９,１２ｈ計,２４ｈ計,,
６１６９０あきる野市乙津１９９７,６０６３,一般都道十里木御嶽停車場線（都道２０１号）,－,－,１０月２７日（水）,晴,自動車類上り大型車,1,1,5,5,7,2,6,1,4,3,3,1,39,-,,
６１６９０あきる野市乙津１９９７,６０６３,一般都道十里木御嶽停車場線（都道２０１号）,－,－,１０月２７日（水）,晴,自動車類上り小型車,69,42,31,37,34,36,29,44,51,62,37,13,485,-,,
６１６９０あきる野市乙津１９９７,６０６３,一般都道十里木御嶽停車場線（都道２０１号）,－,－,１０月２７日（水）,晴,自動車類上り計,70,43,36,42,41,38,35,45,55,65,40,14,524,-,,
６１６９０あきる野市乙津１９９７,６０６３,一般都道十里木御嶽停車場線（都道２０１号）,－,－,１０月２７日（水）,晴,自動車類下り大型車,1,5,4,5,6,4,4,4,0,3,3,4,43,-,,
６１６９０あきる野市乙津１９９７,６０６３,一般都道十里木御嶽停車場線（都道２０１号）,－,－,１０月２７日（水）,晴,自動車類下り小型車,38,21,44,29,41,26,29,36,44,51,35,38,432,-,,
６１６９０あきる野市乙津１９９７,６０６３,一般都道十里木御嶽停車場線（都道２０１号）,－,－,１０月２７日（水）,晴,自動車類下り計,39,26,48,34,47,30,33,40,44,54,38,42,475,-,,
６１６９０あきる野市乙津１９９７,６０６３,一般都道十里木御嶽停車場線（都道２０１号）,－,－,１０月２７日（水）,晴,自動車類合計大型車,2,6,9,10,13,6,10,5,4,6,6,5,82,-,,
６１６９０あきる野市乙津１９９７,６０６３,一般都道十里木御嶽停車場線（都道２０１号）,－,－,１０月２７日（水）,晴,自動車類合計小型車,107,63,75,66,75,62,58,80,95,113,72,51,917,-,,
６１６９０あきる野市乙津１９９７,６０６３,一般都道十里木御嶽停車場線（都道２０１号）,－,－,１０月２７日（水）,晴,自動車類合計計,109,69,84,76,88,68,68,85,99,119,78,56,999,-,,
６１６９０あきる野市乙津１９９７,６０６３,一般都道十里木御嶽停車場線（都道２０１号）,－,－,１０月２７日（水）,晴,二輪車類,5,0,3,4,5,2,2,8,6,3,3,2,43,,,
６１６９０あきる野市乙津１９９７,６０６３,一般都道十里木御嶽停車場線（都道２０１号）,－,－,１０月２７日（水）,晴,自転車類,0,0,1,0,1,1,2,1,0,0,0,0,6,,,
６１６９０あきる野市乙津１９９７,６０６３,一般都道十里木御嶽停車場線（都道２０１号）,－,－,１０月２７日（水）,晴,歩行者類,14,4,9,5,5,14,11,7,3,8,5,2,87,,,
