﻿観測地点,Ｈ１７区間番号,路線名,都市計画路線名,通称道路名,調査日,天候,ピーク時間交通量（台／ｈ）,ピーク率（％）,混雑時平均旅行速度（ｋｍ／ｈ）,大型車台数（台／１２ｈ）,混入率（％）,混雑度,昼夜率,車線数,５８年度（台／１２ｈ）,６０年度（台／１２ｈ）,６３年度（台／１２ｈ）,２年度（台／１２ｈ）,６年度（台／１２ｈ）,９年度（台／１２ｈ）,１１年度（台／１２ｈ）,１７年度（台／１２ｈ）,２２年度（台／１２ｈ）
４０６２０武蔵野市関前５－８,４０２４,主要地方道調布田無線（都道１２号）,武蔵野３・４・２２,武蔵境通り,１０月２０日（水）,雨,1097,9.4,8.9,1554,13.3,1.16,-,2,5230,5253,5183,4373,5002,5769,5394,6390,11717
,,,,,,,,,,,,,,,,,,,,,,,
観測地点,Ｈ１７区間番号,路線名,都市計画路線名,通称道路名,調査日,天候,時間・種別,７～８,８～９,９～１０,１０～１１,１１～１２,１２～１３,１３～１４,１４～１５,１５～１６,１６～１７,１７～１８,１８～１９,１２ｈ計,２４ｈ計,,
４０６２０武蔵野市関前５－８,４０２４,主要地方道調布田無線（都道１２号）,武蔵野３・４・２２,武蔵境通り,１０月２０日（水）,雨,自動車類上り大型車,80,82,73,60,57,72,63,45,50,46,40,53,721,-,,
４０６２０武蔵野市関前５－８,４０２４,主要地方道調布田無線（都道１２号）,武蔵野３・４・２２,武蔵境通り,１０月２０日（水）,雨,自動車類上り小型車,447,370,371,448,407,329,380,327,326,340,439,351,4535,-,,
４０６２０武蔵野市関前５－８,４０２４,主要地方道調布田無線（都道１２号）,武蔵野３・４・２２,武蔵境通り,１０月２０日（水）,雨,自動車類上り計,527,452,444,508,464,401,443,372,376,386,479,404,5256,-,,
４０６２０武蔵野市関前５－８,４０２４,主要地方道調布田無線（都道１２号）,武蔵野３・４・２２,武蔵境通り,１０月２０日（水）,雨,自動車類下り大型車,54,86,112,108,81,67,49,54,59,70,53,40,833,-,,
４０６２０武蔵野市関前５－８,４０２４,主要地方道調布田無線（都道１２号）,武蔵野３・４・２２,武蔵境通り,１０月２０日（水）,雨,自動車類下り小型車,516,497,399,406,393,457,424,488,462,504,487,595,5628,-,,
４０６２０武蔵野市関前５－８,４０２４,主要地方道調布田無線（都道１２号）,武蔵野３・４・２２,武蔵境通り,１０月２０日（水）,雨,自動車類下り計,570,583,511,514,474,524,473,542,521,574,540,635,6461,-,,
４０６２０武蔵野市関前５－８,４０２４,主要地方道調布田無線（都道１２号）,武蔵野３・４・２２,武蔵境通り,１０月２０日（水）,雨,自動車類合計大型車,134,168,185,168,138,139,112,99,109,116,93,93,1554,-,,
４０６２０武蔵野市関前５－８,４０２４,主要地方道調布田無線（都道１２号）,武蔵野３・４・２２,武蔵境通り,１０月２０日（水）,雨,自動車類合計小型車,963,867,770,854,800,786,804,815,788,844,926,946,10163,-,,
４０６２０武蔵野市関前５－８,４０２４,主要地方道調布田無線（都道１２号）,武蔵野３・４・２２,武蔵境通り,１０月２０日（水）,雨,自動車類合計計,1097,1035,955,1022,938,925,916,914,897,960,1019,1039,11717,-,,
４０６２０武蔵野市関前５－８,４０２４,主要地方道調布田無線（都道１２号）,武蔵野３・４・２２,武蔵境通り,１０月２０日（水）,雨,二輪車類,51,49,39,16,28,24,33,25,38,46,50,54,453,,,
４０６２０武蔵野市関前５－８,４０２４,主要地方道調布田無線（都道１２号）,武蔵野３・４・２２,武蔵境通り,１０月２０日（水）,雨,自転車類,537,476,219,233,225,278,237,214,271,321,457,428,3896,,,
４０６２０武蔵野市関前５－８,４０２４,主要地方道調布田無線（都道１２号）,武蔵野３・４・２２,武蔵境通り,１０月２０日（水）,雨,歩行者類,98,136,63,102,59,69,57,81,59,115,96,125,1060,,,
