﻿観測地点,Ｈ１７区間番号,路線名,都市計画路線名,通称道路名,調査日,天候,ピーク時間交通量（台／ｈ）,ピーク率（％）,混雑時平均旅行速度（ｋｍ／ｈ）,大型車台数（台／１２ｈ）,混入率（％）,混雑度,昼夜率,車線数,５８年度（台／１２ｈ）,６０年度（台／１２ｈ）,６３年度（台／１２ｈ）,２年度（台／１２ｈ）,６年度（台／１２ｈ）,９年度（台／１２ｈ）,１１年度（台／１２ｈ）,１７年度（台／１２ｈ）,２２年度（台／１２ｈ）
４０１４０東久留米市南町２－９－３７,４００７,主要地方道新宿青梅線（都道５号）,西東京３・５・４,新青梅街道,１０月１３日（水）,晴,2313,9.3,16.6,3763,15.2,0.91,-,4,30190,27044,26070,28821,27598,28661,28375,27057,24744
,,,,,,,,,,,,,,,,,,,,,,,
観測地点,Ｈ１７区間番号,路線名,都市計画路線名,通称道路名,調査日,天候,時間・種別,７～８,８～９,９～１０,１０～１１,１１～１２,１２～１３,１３～１４,１４～１５,１５～１６,１６～１７,１７～１８,１８～１９,１２ｈ計,２４ｈ計,,
４０１４０東久留米市南町２－９－３７,４００７,主要地方道新宿青梅線（都道５号）,西東京３・５・４,新青梅街道,１０月１３日（水）,晴,自動車類上り大型車,129,220,194,202,209,149,152,154,139,103,75,57,1783,-,,
４０１４０東久留米市南町２－９－３７,４００７,主要地方道新宿青梅線（都道５号）,西東京３・５・４,新青梅街道,１０月１３日（水）,晴,自動車類上り小型車,835,790,720,719,746,780,803,812,914,938,996,906,9959,-,,
４０１４０東久留米市南町２－９－３７,４００７,主要地方道新宿青梅線（都道５号）,西東京３・５・４,新青梅街道,１０月１３日（水）,晴,自動車類上り計,964,1010,914,921,955,929,955,966,1053,1041,1071,963,11742,-,,
４０１４０東久留米市南町２－９－３７,４００７,主要地方道新宿青梅線（都道５号）,西東京３・５・４,新青梅街道,１０月１３日（水）,晴,自動車類下り大型車,147,192,179,177,213,191,188,192,145,143,108,105,1980,-,,
４０１４０東久留米市南町２－９－３７,４００７,主要地方道新宿青梅線（都道５号）,西東京３・５・４,新青梅街道,１０月１３日（水）,晴,自動車類下り小型車,862,807,827,922,891,805,835,903,957,926,1134,1153,11022,-,,
４０１４０東久留米市南町２－９－３７,４００７,主要地方道新宿青梅線（都道５号）,西東京３・５・４,新青梅街道,１０月１３日（水）,晴,自動車類下り計,1009,999,1006,1099,1104,996,1023,1095,1102,1069,1242,1258,13002,-,,
４０１４０東久留米市南町２－９－３７,４００７,主要地方道新宿青梅線（都道５号）,西東京３・５・４,新青梅街道,１０月１３日（水）,晴,自動車類合計大型車,276,412,373,379,422,340,340,346,284,246,183,162,3763,-,,
４０１４０東久留米市南町２－９－３７,４００７,主要地方道新宿青梅線（都道５号）,西東京３・５・４,新青梅街道,１０月１３日（水）,晴,自動車類合計小型車,1697,1597,1547,1641,1637,1585,1638,1715,1871,1864,2130,2059,20981,-,,
４０１４０東久留米市南町２－９－３７,４００７,主要地方道新宿青梅線（都道５号）,西東京３・５・４,新青梅街道,１０月１３日（水）,晴,自動車類合計計,1973,2009,1920,2020,2059,1925,1978,2061,2155,2110,2313,2221,24744,-,,
４０１４０東久留米市南町２－９－３７,４００７,主要地方道新宿青梅線（都道５号）,西東京３・５・４,新青梅街道,１０月１３日（水）,晴,二輪車類,83,78,40,23,26,47,57,60,83,85,93,100,775,,,
４０１４０東久留米市南町２－９－３７,４００７,主要地方道新宿青梅線（都道５号）,西東京３・５・４,新青梅街道,１０月１３日（水）,晴,自転車類,220,284,122,131,170,143,139,188,217,216,223,225,2278,,,
４０１４０東久留米市南町２－９－３７,４００７,主要地方道新宿青梅線（都道５号）,西東京３・５・４,新青梅街道,１０月１３日（水）,晴,歩行者類,27,23,16,27,23,35,27,24,24,51,51,15,343,,,
