﻿観測地点,Ｈ１７区間番号,路線名,都市計画路線名,通称道路名,調査日,天候,ピーク時間交通量（台／ｈ）,ピーク率（％）,混雑時平均旅行速度（ｋｍ／ｈ）,大型車台数（台／１２ｈ）,混入率（％）,混雑度,昼夜率,車線数,５８年度（台／１２ｈ）,６０年度（台／１２ｈ）,６３年度（台／１２ｈ）,２年度（台／１２ｈ）,６年度（台／１２ｈ）,９年度（台／１２ｈ）,１１年度（台／１２ｈ）,１７年度（台／１２ｈ）,２２年度（台／１２ｈ）
４０２２０小平市花小金井１－３１－２４,１４００７,主要地方道新宿青梅線（都道５号）,小平３・４・９,青梅街道,１０月１３日（水）,晴,651,9.3,22,885,12.6,0.77,-,2,7505,7049,7460,7676,6961,7170,6978,6776,7019
,,,,,,,,,,,,,,,,,,,,,,,
観測地点,Ｈ１７区間番号,路線名,都市計画路線名,通称道路名,調査日,天候,時間・種別,７～８,８～９,９～１０,１０～１１,１１～１２,１２～１３,１３～１４,１４～１５,１５～１６,１６～１７,１７～１８,１８～１９,１２ｈ計,２４ｈ計,,
４０２２０小平市花小金井１－３１－２４,１４００７,主要地方道新宿青梅線（都道５号）,小平３・４・９,青梅街道,１０月１３日（水）,晴,自動車類上り大型車,45,28,67,48,32,29,41,35,33,31,23,27,439,-,,
４０２２０小平市花小金井１－３１－２４,１４００７,主要地方道新宿青梅線（都道５号）,小平３・４・９,青梅街道,１０月１３日（水）,晴,自動車類上り小型車,298,235,215,215,212,267,263,247,247,259,301,241,3000,-,,
４０２２０小平市花小金井１－３１－２４,１４００７,主要地方道新宿青梅線（都道５号）,小平３・４・９,青梅街道,１０月１３日（水）,晴,自動車類上り計,343,263,282,263,244,296,304,282,280,290,324,268,3439,-,,
４０２２０小平市花小金井１－３１－２４,１４００７,主要地方道新宿青梅線（都道５号）,小平３・４・９,青梅街道,１０月１３日（水）,晴,自動車類下り大型車,36,44,55,40,42,36,37,34,32,39,30,21,446,-,,
４０２２０小平市花小金井１－３１－２４,１４００７,主要地方道新宿青梅線（都道５号）,小平３・４・９,青梅街道,１０月１３日（水）,晴,自動車類下り小型車,245,220,233,246,255,240,280,285,252,251,297,330,3134,-,,
４０２２０小平市花小金井１－３１－２４,１４００７,主要地方道新宿青梅線（都道５号）,小平３・４・９,青梅街道,１０月１３日（水）,晴,自動車類下り計,281,264,288,286,297,276,317,319,284,290,327,351,3580,-,,
４０２２０小平市花小金井１－３１－２４,１４００７,主要地方道新宿青梅線（都道５号）,小平３・４・９,青梅街道,１０月１３日（水）,晴,自動車類合計大型車,81,72,122,88,74,65,78,69,65,70,53,48,885,-,,
４０２２０小平市花小金井１－３１－２４,１４００７,主要地方道新宿青梅線（都道５号）,小平３・４・９,青梅街道,１０月１３日（水）,晴,自動車類合計小型車,543,455,448,461,467,507,543,532,499,510,598,571,6134,-,,
４０２２０小平市花小金井１－３１－２４,１４００７,主要地方道新宿青梅線（都道５号）,小平３・４・９,青梅街道,１０月１３日（水）,晴,自動車類合計計,624,527,570,549,541,572,621,601,564,580,651,619,7019,-,,
４０２２０小平市花小金井１－３１－２４,１４００７,主要地方道新宿青梅線（都道５号）,小平３・４・９,青梅街道,１０月１３日（水）,晴,二輪車類,-,-,-,-,-,-,-,-,-,-,-,-,-,,,
４０２２０小平市花小金井１－３１－２４,１４００７,主要地方道新宿青梅線（都道５号）,小平３・４・９,青梅街道,１０月１３日（水）,晴,自転車類,218,239,149,143,146,149,143,143,180,182,193,187,2072,,,
４０２２０小平市花小金井１－３１－２４,１４００７,主要地方道新宿青梅線（都道５号）,小平３・４・９,青梅街道,１０月１３日（水）,晴,歩行者類,194,183,73,63,68,89,86,85,79,89,104,140,1253,,,
