﻿観測地点,Ｈ１７区間番号,路線名,都市計画路線名,通称道路名,調査日,天候,ピーク時間交通量（台／ｈ）,ピーク率（％）,混雑時平均旅行速度（ｋｍ／ｈ）,大型車台数（台／１２ｈ）,混入率（％）,混雑度,昼夜率,車線数,５８年度（台／１２ｈ）,６０年度（台／１２ｈ）,６３年度（台／１２ｈ）,２年度（台／１２ｈ）,６年度（台／１２ｈ）,９年度（台／１２ｈ）,１１年度（台／１２ｈ）,１７年度（台／１２ｈ）,２２年度（台／１２ｈ）
４０２６０瑞穂町殿ヶ谷９８０,１４００９,主要地方道新宿青梅線（都道５号）,－,青梅街道,１０月２８日（木）,雨,1249,10.7,17.5,1749,15.0,1.32,-,2,10571,10745,9947,12448,13199,13476,13048,10901,11627
,,,,,,,,,,,,,,,,,,,,,,,
観測地点,Ｈ１７区間番号,路線名,都市計画路線名,通称道路名,調査日,天候,時間・種別,７～８,８～９,９～１０,１０～１１,１１～１２,１２～１３,１３～１４,１４～１５,１５～１６,１６～１７,１７～１８,１８～１９,１２ｈ計,２４ｈ計,,
４０２６０瑞穂町殿ヶ谷９８０,１４００９,主要地方道新宿青梅線（都道５号）,－,青梅街道,１０月２８日（木）,雨,自動車類上り大型車,79,100,85,67,61,59,86,81,86,76,53,65,898,-,,
４０２６０瑞穂町殿ヶ谷９８０,１４００９,主要地方道新宿青梅線（都道５号）,－,青梅街道,１０月２８日（木）,雨,自動車類上り小型車,483,399,330,296,301,312,333,336,386,455,547,503,4681,-,,
４０２６０瑞穂町殿ヶ谷９８０,１４００９,主要地方道新宿青梅線（都道５号）,－,青梅街道,１０月２８日（木）,雨,自動車類上り計,562,499,415,363,362,371,419,417,472,531,600,568,5579,-,,
４０２６０瑞穂町殿ヶ谷９８０,１４００９,主要地方道新宿青梅線（都道５号）,－,青梅街道,１０月２８日（木）,雨,自動車類下り大型車,46,70,74,75,73,81,79,79,76,78,51,69,851,-,,
４０２６０瑞穂町殿ヶ谷９８０,１４００９,主要地方道新宿青梅線（都道５号）,－,青梅街道,１０月２８日（木）,雨,自動車類下り小型車,641,502,412,406,365,322,353,391,393,430,504,478,5197,-,,
４０２６０瑞穂町殿ヶ谷９８０,１４００９,主要地方道新宿青梅線（都道５号）,－,青梅街道,１０月２８日（木）,雨,自動車類下り計,687,572,486,481,438,403,432,470,469,508,555,547,6048,-,,
４０２６０瑞穂町殿ヶ谷９８０,１４００９,主要地方道新宿青梅線（都道５号）,－,青梅街道,１０月２８日（木）,雨,自動車類合計大型車,125,170,159,142,134,140,165,160,162,154,104,134,1749,-,,
４０２６０瑞穂町殿ヶ谷９８０,１４００９,主要地方道新宿青梅線（都道５号）,－,青梅街道,１０月２８日（木）,雨,自動車類合計小型車,1124,901,742,702,666,634,686,727,779,885,1051,981,9878,-,,
４０２６０瑞穂町殿ヶ谷９８０,１４００９,主要地方道新宿青梅線（都道５号）,－,青梅街道,１０月２８日（木）,雨,自動車類合計計,1249,1071,901,844,800,774,851,887,941,1039,1155,1115,11627,-,,
４０２６０瑞穂町殿ヶ谷９８０,１４００９,主要地方道新宿青梅線（都道５号）,－,青梅街道,１０月２８日（木）,雨,二輪車類,51,34,16,13,14,7,10,20,25,31,45,36,302,,,
４０２６０瑞穂町殿ヶ谷９８０,１４００９,主要地方道新宿青梅線（都道５号）,－,青梅街道,１０月２８日（木）,雨,自転車類,20,14,0,3,0,3,0,1,5,0,2,2,50,,,
４０２６０瑞穂町殿ヶ谷９８０,１４００９,主要地方道新宿青梅線（都道５号）,－,青梅街道,１０月２８日（木）,雨,歩行者類,4,5,1,3,2,1,0,1,0,0,1,2,20,,,
