﻿観測地点,Ｈ１７区間番号,路線名,都市計画路線名,通称道路名,調査日,天候,ピーク時間交通量（台／ｈ）,ピーク率（％）,混雑時平均旅行速度（ｋｍ／ｈ）,大型車台数（台／１２ｈ）,混入率（％）,混雑度,昼夜率,車線数,５８年度（台／１２ｈ）,６０年度（台／１２ｈ）,６３年度（台／１２ｈ）,２年度（台／１２ｈ）,６年度（台／１２ｈ）,９年度（台／１２ｈ）,１１年度（台／１２ｈ）,１７年度（台／１２ｈ）,２２年度（台／１２ｈ）
６０八王子～八王子ＪＣＴ,５,中央自動車道（富士吉田線）,－,（中央道）,１１月１０日（水）,晴,3588,10.7,72.3,6851,20.5,0.87,1.41,4,20556,20308,26915,28442,26980,31402,30173,29090,33492
,,,,,,,,,,,,,,,,,,,,,,,
観測地点,Ｈ１７区間番号,路線名,都市計画路線名,通称道路名,調査日,天候,時間・種別,７～８,８～９,９～１０,１０～１１,１１～１２,１２～１３,１３～１４,１４～１５,１５～１６,１６～１７,１７～１８,１８～１９,１２ｈ計,２４ｈ計,,
６０八王子～八王子ＪＣＴ,５,中央自動車道（富士吉田線）,－,（中央道）,１１月１０日（水）,晴,自動車類上り大型車,226,228,280,322,326,305,236,266,249,276,297,253,3264,6396,,
６０八王子～八王子ＪＣＴ,５,中央自動車道（富士吉田線）,－,（中央道）,１１月１０日（水）,晴,自動車類上り小型車,693,591,651,684,600,686,803,1192,1678,2096,2204,1676,13554,17342,,
６０八王子～八王子ＪＣＴ,５,中央自動車道（富士吉田線）,－,（中央道）,１１月１０日（水）,晴,自動車類上り計,919,819,931,1006,926,991,1039,1458,1927,2372,2501,1929,16818,23738,,
６０八王子～八王子ＪＣＴ,５,中央自動車道（富士吉田線）,－,（中央道）,１１月１０日（水）,晴,自動車類下り大型車,245,285,360,409,335,319,296,271,278,300,282,207,3587,6165,,
６０八王子～八王子ＪＣＴ,５,中央自動車道（富士吉田線）,－,（中央道）,１１月１０日（水）,晴,自動車類下り小型車,1626,1554,1578,1604,1345,949,739,735,710,744,805,698,13087,17333,,
６０八王子～八王子ＪＣＴ,５,中央自動車道（富士吉田線）,－,（中央道）,１１月１０日（水）,晴,自動車類下り計,1871,1839,1938,2013,1680,1268,1035,1006,988,1044,1087,905,16674,23498,,
６０八王子～八王子ＪＣＴ,５,中央自動車道（富士吉田線）,－,（中央道）,１１月１０日（水）,晴,自動車類合計大型車,471,513,640,731,661,624,532,537,527,576,579,460,6851,12561,,
６０八王子～八王子ＪＣＴ,５,中央自動車道（富士吉田線）,－,（中央道）,１１月１０日（水）,晴,自動車類合計小型車,2319,2145,2229,2288,1945,1635,1542,1927,2388,2840,3009,2374,26641,34675,,
６０八王子～八王子ＪＣＴ,５,中央自動車道（富士吉田線）,－,（中央道）,１１月１０日（水）,晴,自動車類合計計,2790,2658,2869,3019,2606,2259,2074,2464,2915,3416,3588,2834,33492,47236,,
６０八王子～八王子ＪＣＴ,５,中央自動車道（富士吉田線）,－,（中央道）,１１月１０日（水）,晴,二輪車類,9,23,17,25,32,25,24,55,56,37,34,20,357,,,
６０八王子～八王子ＪＣＴ,５,中央自動車道（富士吉田線）,－,（中央道）,１１月１０日（水）,晴,自転車類,-,-,-,-,-,-,-,-,-,-,-,-,-,,,
６０八王子～八王子ＪＣＴ,５,中央自動車道（富士吉田線）,－,（中央道）,１１月１０日（水）,晴,歩行者類,-,-,-,-,-,-,-,-,-,-,-,-,-,,,
