﻿観測地点,Ｈ１７区間番号,路線名,都市計画路線名,通称道路名,調査日,天候,ピーク時間交通量（台／ｈ）,ピーク率（％）,混雑時平均旅行速度（ｋｍ／ｈ）,大型車台数（台／１２ｈ）,混入率（％）,混雑度,昼夜率,車線数,５８年度（台／１２ｈ）,６０年度（台／１２ｈ）,６３年度（台／１２ｈ）,２年度（台／１２ｈ）,６年度（台／１２ｈ）,９年度（台／１２ｈ）,１１年度（台／１２ｈ）,１７年度（台／１２ｈ）,２２年度（台／１２ｈ）
６００８０武蔵野市吉祥寺東町２－２４,６００４,一般都道杉並武蔵野線（都道１１３号）,武蔵野３・４・１１,（女子大通り）,１０月２６日（火）,晴,596,9.6,11.7,742,12.0,0.85,-,2,7105,7677,7009,7964,7164,5935,7058,6427,6208
,,,,,,,,,,,,,,,,,,,,,,,
観測地点,Ｈ１７区間番号,路線名,都市計画路線名,通称道路名,調査日,天候,時間・種別,７～８,８～９,９～１０,１０～１１,１１～１２,１２～１３,１３～１４,１４～１５,１５～１６,１６～１７,１７～１８,１８～１９,１２ｈ計,２４ｈ計,,
６００８０武蔵野市吉祥寺東町２－２４,６００４,一般都道杉並武蔵野線（都道１１３号）,武蔵野３・４・１１,（女子大通り）,１０月２６日（火）,晴,自動車類上り大型車,39,44,35,38,27,33,31,22,23,27,21,12,352,-,,
６００８０武蔵野市吉祥寺東町２－２４,６００４,一般都道杉並武蔵野線（都道１１３号）,武蔵野３・４・１１,（女子大通り）,１０月２６日（火）,晴,自動車類上り小型車,271,272,210,151,162,162,180,165,164,197,179,164,2277,-,,
６００８０武蔵野市吉祥寺東町２－２４,６００４,一般都道杉並武蔵野線（都道１１３号）,武蔵野３・４・１１,（女子大通り）,１０月２６日（火）,晴,自動車類上り計,310,316,245,189,189,195,211,187,187,224,200,176,2629,-,,
６００８０武蔵野市吉祥寺東町２－２４,６００４,一般都道杉並武蔵野線（都道１１３号）,武蔵野３・４・１１,（女子大通り）,１０月２６日（火）,晴,自動車類下り大型車,28,35,49,49,24,29,27,32,42,43,17,15,390,-,,
６００８０武蔵野市吉祥寺東町２－２４,６００４,一般都道杉並武蔵野線（都道１１３号）,武蔵野３・４・１１,（女子大通り）,１０月２６日（火）,晴,自動車類下り小型車,165,197,248,263,267,243,228,256,280,329,342,371,3189,-,,
６００８０武蔵野市吉祥寺東町２－２４,６００４,一般都道杉並武蔵野線（都道１１３号）,武蔵野３・４・１１,（女子大通り）,１０月２６日（火）,晴,自動車類下り計,193,232,297,312,291,272,255,288,322,372,359,386,3579,-,,
６００８０武蔵野市吉祥寺東町２－２４,６００４,一般都道杉並武蔵野線（都道１１３号）,武蔵野３・４・１１,（女子大通り）,１０月２６日（火）,晴,自動車類合計大型車,67,79,84,87,51,62,58,54,65,70,38,27,742,-,,
６００８０武蔵野市吉祥寺東町２－２４,６００４,一般都道杉並武蔵野線（都道１１３号）,武蔵野３・４・１１,（女子大通り）,１０月２６日（火）,晴,自動車類合計小型車,436,469,458,414,429,405,408,421,444,526,521,535,5466,-,,
６００８０武蔵野市吉祥寺東町２－２４,６００４,一般都道杉並武蔵野線（都道１１３号）,武蔵野３・４・１１,（女子大通り）,１０月２６日（火）,晴,自動車類合計計,503,548,542,501,480,467,466,475,509,596,559,562,6208,-,,
６００８０武蔵野市吉祥寺東町２－２４,６００４,一般都道杉並武蔵野線（都道１１３号）,武蔵野３・４・１１,（女子大通り）,１０月２６日（火）,晴,二輪車類,33,42,34,25,32,35,28,23,23,25,26,36,362,,,
６００８０武蔵野市吉祥寺東町２－２４,６００４,一般都道杉並武蔵野線（都道１１３号）,武蔵野３・４・１１,（女子大通り）,１０月２６日（火）,晴,自転車類,68,111,71,113,55,90,95,53,47,81,89,97,970,,,
６００８０武蔵野市吉祥寺東町２－２４,６００４,一般都道杉並武蔵野線（都道１１３号）,武蔵野３・４・１１,（女子大通り）,１０月２６日（火）,晴,歩行者類,53,99,28,67,29,47,53,31,66,116,52,51,692,,,
