﻿観測地点,Ｈ１７区間番号,路線名,都市計画路線名,通称道路名,調査日,天候,ピーク時間交通量（台／ｈ）,ピーク率（％）,混雑時平均旅行速度（ｋｍ／ｈ）,大型車台数（台／１２ｈ）,混入率（％）,混雑度,昼夜率,車線数,５８年度（台／１２ｈ）,６０年度（台／１２ｈ）,６３年度（台／１２ｈ）,２年度（台／１２ｈ）,６年度（台／１２ｈ）,９年度（台／１２ｈ）,１１年度（台／１２ｈ）,１７年度（台／１２ｈ）,２２年度（台／１２ｈ）
４１３９０羽村市小作台４－２－１７,４０５０,主要地方道立川青梅線（都道２９号）,福生３・４・５,新奥多摩街道,１０月２８日（木）,雨,688,9.1,19,525,6.9,0.81,-,2,-,-,-,-,-,10601,11044,11579,7564
,,,,,,,,,,,,,,,,,,,,,,,
観測地点,Ｈ１７区間番号,路線名,都市計画路線名,通称道路名,調査日,天候,時間・種別,７～８,８～９,９～１０,１０～１１,１１～１２,１２～１３,１３～１４,１４～１５,１５～１６,１６～１７,１７～１８,１８～１９,１２ｈ計,２４ｈ計,,
４１３９０羽村市小作台４－２－１７,４０５０,主要地方道立川青梅線（都道２９号）,福生３・４・５,新奥多摩街道,１０月２８日（木）,雨,自動車類上り大型車,16,20,18,25,15,24,34,27,30,21,7,7,244,-,,
４１３９０羽村市小作台４－２－１７,４０５０,主要地方道立川青梅線（都道２９号）,福生３・４・５,新奥多摩街道,１０月２８日（木）,雨,自動車類上り小型車,386,396,275,348,248,304,289,319,302,351,332,259,3809,-,,
４１３９０羽村市小作台４－２－１７,４０５０,主要地方道立川青梅線（都道２９号）,福生３・４・５,新奥多摩街道,１０月２８日（木）,雨,自動車類上り計,402,416,293,373,263,328,323,346,332,372,339,266,4053,-,,
４１３９０羽村市小作台４－２－１７,４０５０,主要地方道立川青梅線（都道２９号）,福生３・４・５,新奥多摩街道,１０月２８日（木）,雨,自動車類下り大型車,14,32,28,25,21,22,32,40,26,16,13,12,281,-,,
４１３９０羽村市小作台４－２－１７,４０５０,主要地方道立川青梅線（都道２９号）,福生３・４・５,新奥多摩街道,１０月２８日（木）,雨,自動車類下り小型車,239,240,243,290,234,277,282,275,269,296,330,255,3230,-,,
４１３９０羽村市小作台４－２－１７,４０５０,主要地方道立川青梅線（都道２９号）,福生３・４・５,新奥多摩街道,１０月２８日（木）,雨,自動車類下り計,253,272,271,315,255,299,314,315,295,312,343,267,3511,-,,
４１３９０羽村市小作台４－２－１７,４０５０,主要地方道立川青梅線（都道２９号）,福生３・４・５,新奥多摩街道,１０月２８日（木）,雨,自動車類合計大型車,30,52,46,50,36,46,66,67,56,37,20,19,525,-,,
４１３９０羽村市小作台４－２－１７,４０５０,主要地方道立川青梅線（都道２９号）,福生３・４・５,新奥多摩街道,１０月２８日（木）,雨,自動車類合計小型車,625,636,518,638,482,581,571,594,571,647,662,514,7039,-,,
４１３９０羽村市小作台４－２－１７,４０５０,主要地方道立川青梅線（都道２９号）,福生３・４・５,新奥多摩街道,１０月２８日（木）,雨,自動車類合計計,655,688,564,688,518,627,637,661,627,684,682,533,7564,-,,
４１３９０羽村市小作台４－２－１７,４０５０,主要地方道立川青梅線（都道２９号）,福生３・４・５,新奥多摩街道,１０月２８日（木）,雨,二輪車類,-,-,-,-,-,-,-,-,-,-,-,-,-,,,
４１３９０羽村市小作台４－２－１７,４０５０,主要地方道立川青梅線（都道２９号）,福生３・４・５,新奥多摩街道,１０月２８日（木）,雨,自転車類,-,-,-,-,-,-,-,-,-,-,-,-,-,,,
４１３９０羽村市小作台４－２－１７,４０５０,主要地方道立川青梅線（都道２９号）,福生３・４・５,新奥多摩街道,１０月２８日（木）,雨,歩行者類,-,-,-,-,-,-,-,-,-,-,-,-,-,,,
