﻿観測地点,Ｈ１７区間番号,路線名,都市計画路線名,通称道路名,調査日,天候,ピーク時間交通量（台／ｈ）,ピーク率（％）,混雑時平均旅行速度（ｋｍ／ｈ）,大型車台数（台／１２ｈ）,混入率（％）,混雑度,昼夜率,車線数,５８年度（台／１２ｈ）,６０年度（台／１２ｈ）,６３年度（台／１２ｈ）,２年度（台／１２ｈ）,６年度（台／１２ｈ）,９年度（台／１２ｈ）,１１年度（台／１２ｈ）,１７年度（台／１２ｈ）,２２年度（台／１２ｈ）
６２６２０府中市浅間町３－７－１３,６１０３,一般都道府中小平線（都道２４８号）,府中３・４・７,新小金井街道,１０月２０日（水）,雨,857,9.3,16.4,1406,15.3,0.99,-,2,9380,9278,9562,9920,10356,10383,10347,9157,9175
,,,,,,,,,,,,,,,,,,,,,,,
観測地点,Ｈ１７区間番号,路線名,都市計画路線名,通称道路名,調査日,天候,時間・種別,７～８,８～９,９～１０,１０～１１,１１～１２,１２～１３,１３～１４,１４～１５,１５～１６,１６～１７,１７～１８,１８～１９,１２ｈ計,２４ｈ計,,
６２６２０府中市浅間町３－７－１３,６１０３,一般都道府中小平線（都道２４８号）,府中３・４・７,新小金井街道,１０月２０日（水）,雨,自動車類上り大型車,61,66,87,69,60,83,83,59,48,34,27,32,709,-,,
６２６２０府中市浅間町３－７－１３,６１０３,一般都道府中小平線（都道２４８号）,府中３・４・７,新小金井街道,１０月２０日（水）,雨,自動車類上り小型車,434,336,316,308,313,302,338,362,322,345,410,350,4136,-,,
６２６２０府中市浅間町３－７－１３,６１０３,一般都道府中小平線（都道２４８号）,府中３・４・７,新小金井街道,１０月２０日（水）,雨,自動車類上り計,495,402,403,377,373,385,421,421,370,379,437,382,4845,-,,
６２６２０府中市浅間町３－７－１３,６１０３,一般都道府中小平線（都道２４８号）,府中３・４・７,新小金井街道,１０月２０日（水）,雨,自動車類下り大型車,60,55,73,75,80,61,72,51,53,40,38,39,697,-,,
６２６２０府中市浅間町３－７－１３,６１０３,一般都道府中小平線（都道２４８号）,府中３・４・７,新小金井街道,１０月２０日（水）,雨,自動車類下り小型車,302,312,274,292,334,276,277,297,299,319,349,302,3633,-,,
６２６２０府中市浅間町３－７－１３,６１０３,一般都道府中小平線（都道２４８号）,府中３・４・７,新小金井街道,１０月２０日（水）,雨,自動車類下り計,362,367,347,367,414,337,349,348,352,359,387,341,4330,-,,
６２６２０府中市浅間町３－７－１３,６１０３,一般都道府中小平線（都道２４８号）,府中３・４・７,新小金井街道,１０月２０日（水）,雨,自動車類合計大型車,121,121,160,144,140,144,155,110,101,74,65,71,1406,-,,
６２６２０府中市浅間町３－７－１３,６１０３,一般都道府中小平線（都道２４８号）,府中３・４・７,新小金井街道,１０月２０日（水）,雨,自動車類合計小型車,736,648,590,600,647,578,615,659,621,664,759,652,7769,-,,
６２６２０府中市浅間町３－７－１３,６１０３,一般都道府中小平線（都道２４８号）,府中３・４・７,新小金井街道,１０月２０日（水）,雨,自動車類合計計,857,769,750,744,787,722,770,769,722,738,824,723,9175,-,,
６２６２０府中市浅間町３－７－１３,６１０３,一般都道府中小平線（都道２４８号）,府中３・４・７,新小金井街道,１０月２０日（水）,雨,二輪車類,-,-,-,-,-,-,-,-,-,-,-,-,-,,,
６２６２０府中市浅間町３－７－１３,６１０３,一般都道府中小平線（都道２４８号）,府中３・４・７,新小金井街道,１０月２０日（水）,雨,自転車類,128,134,70,78,81,84,76,63,98,117,119,110,1158,,,
６２６２０府中市浅間町３－７－１３,６１０３,一般都道府中小平線（都道２４８号）,府中３・４・７,新小金井街道,１０月２０日（水）,雨,歩行者類,69,55,39,33,27,49,39,31,46,41,80,73,582,,,
