﻿観測地点,Ｈ１７区間番号,路線名,都市計画路線名,通称道路名,調査日,天候,ピーク時間交通量（台／ｈ）,ピーク率（％）,混雑時平均旅行速度（ｋｍ／ｈ）,大型車台数（台／１２ｈ）,混入率（％）,混雑度,昼夜率,車線数,５８年度（台／１２ｈ）,６０年度（台／１２ｈ）,６３年度（台／１２ｈ）,２年度（台／１２ｈ）,６年度（台／１２ｈ）,９年度（台／１２ｈ）,１１年度（台／１２ｈ）,１７年度（台／１２ｈ）,２２年度（台／１２ｈ）
４０７７０東久留米市野火止２－２３－１６,４０３０,主要地方道府中清瀬線（都道１５号）,－,小金井街道,１０月１３日（水）,晴,776,9.0,8.8,1536,17.8,1.04,-,2,11266,11133,11404,11985,11495,11930,11402,10746,8608
,,,,,,,,,,,,,,,,,,,,,,,
観測地点,Ｈ１７区間番号,路線名,都市計画路線名,通称道路名,調査日,天候,時間・種別,７～８,８～９,９～１０,１０～１１,１１～１２,１２～１３,１３～１４,１４～１５,１５～１６,１６～１７,１７～１８,１８～１９,１２ｈ計,２４ｈ計,,
４０７７０東久留米市野火止２－２３－１６,４０３０,主要地方道府中清瀬線（都道１５号）,－,小金井街道,１０月１３日（水）,晴,自動車類上り大型車,99,77,82,89,70,63,62,64,38,45,39,35,763,-,,
４０７７０東久留米市野火止２－２３－１６,４０３０,主要地方道府中清瀬線（都道１５号）,－,小金井街道,１０月１３日（水）,晴,自動車類上り小型車,275,273,264,336,350,309,332,367,353,355,386,343,3943,-,,
４０７７０東久留米市野火止２－２３－１６,４０３０,主要地方道府中清瀬線（都道１５号）,－,小金井街道,１０月１３日（水）,晴,自動車類上り計,374,350,346,425,420,372,394,431,391,400,425,378,4706,-,,
４０７７０東久留米市野火止２－２３－１６,４０３０,主要地方道府中清瀬線（都道１５号）,－,小金井街道,１０月１３日（水）,晴,自動車類下り大型車,58,68,89,74,87,69,83,57,66,64,30,28,773,-,,
４０７７０東久留米市野火止２－２３－１６,４０３０,主要地方道府中清瀬線（都道１５号）,－,小金井街道,１０月１３日（水）,晴,自動車類下り小型車,254,242,212,221,239,292,265,288,312,289,257,258,3129,-,,
４０７７０東久留米市野火止２－２３－１６,４０３０,主要地方道府中清瀬線（都道１５号）,－,小金井街道,１０月１３日（水）,晴,自動車類下り計,312,310,301,295,326,361,348,345,378,353,287,286,3902,-,,
４０７７０東久留米市野火止２－２３－１６,４０３０,主要地方道府中清瀬線（都道１５号）,－,小金井街道,１０月１３日（水）,晴,自動車類合計大型車,157,145,171,163,157,132,145,121,104,109,69,63,1536,-,,
４０７７０東久留米市野火止２－２３－１６,４０３０,主要地方道府中清瀬線（都道１５号）,－,小金井街道,１０月１３日（水）,晴,自動車類合計小型車,529,515,476,557,589,601,597,655,665,644,643,601,7072,-,,
４０７７０東久留米市野火止２－２３－１６,４０３０,主要地方道府中清瀬線（都道１５号）,－,小金井街道,１０月１３日（水）,晴,自動車類合計計,686,660,647,720,746,733,742,776,769,753,712,664,8608,-,,
４０７７０東久留米市野火止２－２３－１６,４０３０,主要地方道府中清瀬線（都道１５号）,－,小金井街道,１０月１３日（水）,晴,二輪車類,41,34,20,19,21,19,19,32,33,34,41,50,363,,,
４０７７０東久留米市野火止２－２３－１６,４０３０,主要地方道府中清瀬線（都道１５号）,－,小金井街道,１０月１３日（水）,晴,自転車類,121,225,83,101,82,81,72,81,147,131,134,111,1369,,,
４０７７０東久留米市野火止２－２３－１６,４０３０,主要地方道府中清瀬線（都道１５号）,－,小金井街道,１０月１３日（水）,晴,歩行者類,69,74,56,34,50,44,41,42,49,72,83,43,657,,,
