﻿観測地点,Ｈ１７区間番号,路線名,都市計画路線名,通称道路名,調査日,天候,ピーク時間交通量（台／ｈ）,ピーク率（％）,混雑時平均旅行速度（ｋｍ／ｈ）,大型車台数（台／１２ｈ）,混入率（％）,混雑度,昼夜率,車線数,５８年度（台／１２ｈ）,６０年度（台／１２ｈ）,６３年度（台／１２ｈ）,２年度（台／１２ｈ）,６年度（台／１２ｈ）,９年度（台／１２ｈ）,１１年度（台／１２ｈ）,１７年度（台／１２ｈ）,２２年度（台／１２ｈ）
４０４２０西東京市東伏見４－３－１５,４０１４,主要地方道杉並あきる野線（都道７号）,西東京３・４・５,－,１０月２０日（水）,雨,815,12.1,19.7,735,10.9,0.82,-,2,12715,12470,11880,11187,12919,13142,12118,11792,6748
,,,,,,,,,,,,,,,,,,,,,,,
観測地点,Ｈ１７区間番号,路線名,都市計画路線名,通称道路名,調査日,天候,時間・種別,７～８,８～９,９～１０,１０～１１,１１～１２,１２～１３,１３～１４,１４～１５,１５～１６,１６～１７,１７～１８,１８～１９,１２ｈ計,２４ｈ計,,
４０４２０西東京市東伏見４－３－１５,４０１４,主要地方道杉並あきる野線（都道７号）,西東京３・４・５,－,１０月２０日（水）,雨,自動車類上り大型車,25,36,56,29,39,29,37,35,31,20,25,15,377,-,,
４０４２０西東京市東伏見４－３－１５,４０１４,主要地方道杉並あきる野線（都道７号）,西東京３・４・５,－,１０月２０日（水）,雨,自動車類上り小型車,427,325,246,209,199,192,182,218,233,297,345,317,3190,-,,
４０４２０西東京市東伏見４－３－１５,４０１４,主要地方道杉並あきる野線（都道７号）,西東京３・４・５,－,１０月２０日（水）,雨,自動車類上り計,452,361,302,238,238,221,219,253,264,317,370,332,3567,-,,
４０４２０西東京市東伏見４－３－１５,４０１４,主要地方道杉並あきる野線（都道７号）,西東京３・４・５,－,１０月２０日（水）,雨,自動車類下り大型車,36,35,34,30,57,36,23,26,31,21,13,16,358,-,,
４０４２０西東京市東伏見４－３－１５,４０１４,主要地方道杉並あきる野線（都道７号）,西東京３・４・５,－,１０月２０日（水）,雨,自動車類下り小型車,327,271,249,188,204,234,196,193,186,229,243,303,2823,-,,
４０４２０西東京市東伏見４－３－１５,４０１４,主要地方道杉並あきる野線（都道７号）,西東京３・４・５,－,１０月２０日（水）,雨,自動車類下り計,363,306,283,218,261,270,219,219,217,250,256,319,3181,-,,
４０４２０西東京市東伏見４－３－１５,４０１４,主要地方道杉並あきる野線（都道７号）,西東京３・４・５,－,１０月２０日（水）,雨,自動車類合計大型車,61,71,90,59,96,65,60,61,62,41,38,31,735,-,,
４０４２０西東京市東伏見４－３－１５,４０１４,主要地方道杉並あきる野線（都道７号）,西東京３・４・５,－,１０月２０日（水）,雨,自動車類合計小型車,754,596,495,397,403,426,378,411,419,526,588,620,6013,-,,
４０４２０西東京市東伏見４－３－１５,４０１４,主要地方道杉並あきる野線（都道７号）,西東京３・４・５,－,１０月２０日（水）,雨,自動車類合計計,815,667,585,456,499,491,438,472,481,567,626,651,6748,-,,
４０４２０西東京市東伏見４－３－１５,４０１４,主要地方道杉並あきる野線（都道７号）,西東京３・４・５,－,１０月２０日（水）,雨,二輪車類,49,44,39,22,16,24,21,18,17,19,36,47,352,,,
４０４２０西東京市東伏見４－３－１５,４０１４,主要地方道杉並あきる野線（都道７号）,西東京３・４・５,－,１０月２０日（水）,雨,自転車類,118,237,75,62,59,87,42,48,83,70,76,74,1031,,,
４０４２０西東京市東伏見４－３－１５,４０１４,主要地方道杉並あきる野線（都道７号）,西東京３・４・５,－,１０月２０日（水）,雨,歩行者類,12,11,11,8,9,15,10,3,17,20,12,8,136,,,
