﻿観測地点,Ｈ１７区間番号,路線名,都市計画路線名,通称道路名,調査日,天候,ピーク時間交通量（台／ｈ）,ピーク率（％）,混雑時平均旅行速度（ｋｍ／ｈ）,大型車台数（台／１２ｈ）,混入率（％）,混雑度,昼夜率,車線数,５８年度（台／１２ｈ）,６０年度（台／１２ｈ）,６３年度（台／１２ｈ）,２年度（台／１２ｈ）,６年度（台／１２ｈ）,９年度（台／１２ｈ）,１１年度（台／１２ｈ）,１７年度（台／１２ｈ）,２２年度（台／１２ｈ）
４０８３０立川市幸町４－４３－２,４０３２,主要地方道立川所沢線（都道１６号）,立川３・５・２５,立川通り,１０月１３日（水）,晴,1146,9.5,12,1419,11.8,1.34,-,2,10076,9263,9887,10216,9656,9805,9332,9288,12034
,,,,,,,,,,,,,,,,,,,,,,,
観測地点,Ｈ１７区間番号,路線名,都市計画路線名,通称道路名,調査日,天候,時間・種別,７～８,８～９,９～１０,１０～１１,１１～１２,１２～１３,１３～１４,１４～１５,１５～１６,１６～１７,１７～１８,１８～１９,１２ｈ計,２４ｈ計,,
４０８３０立川市幸町４－４３－２,４０３２,主要地方道立川所沢線（都道１６号）,立川３・５・２５,立川通り,１０月１３日（水）,晴,自動車類上り大型車,84,89,55,73,66,75,60,57,44,43,34,33,713,-,,
４０８３０立川市幸町４－４３－２,４０３２,主要地方道立川所沢線（都道１６号）,立川３・５・２５,立川通り,１０月１３日（水）,晴,自動車類上り小型車,594,577,404,425,338,407,428,447,436,448,424,417,5345,-,,
４０８３０立川市幸町４－４３－２,４０３２,主要地方道立川所沢線（都道１６号）,立川３・５・２５,立川通り,１０月１３日（水）,晴,自動車類上り計,678,666,459,498,404,482,488,504,480,491,458,450,6058,-,,
４０８３０立川市幸町４－４３－２,４０３２,主要地方道立川所沢線（都道１６号）,立川３・５・２５,立川通り,１０月１３日（水）,晴,自動車類下り大型車,49,68,78,81,69,74,54,51,51,43,46,42,706,-,,
４０８３０立川市幸町４－４３－２,４０３２,主要地方道立川所沢線（都道１６号）,立川３・５・２５,立川通り,１０月１３日（水）,晴,自動車類下り小型車,371,412,352,475,385,372,473,440,448,476,534,532,5270,-,,
４０８３０立川市幸町４－４３－２,４０３２,主要地方道立川所沢線（都道１６号）,立川３・５・２５,立川通り,１０月１３日（水）,晴,自動車類下り計,420,480,430,556,454,446,527,491,499,519,580,574,5976,-,,
４０８３０立川市幸町４－４３－２,４０３２,主要地方道立川所沢線（都道１６号）,立川３・５・２５,立川通り,１０月１３日（水）,晴,自動車類合計大型車,133,157,133,154,135,149,114,108,95,86,80,75,1419,-,,
４０８３０立川市幸町４－４３－２,４０３２,主要地方道立川所沢線（都道１６号）,立川３・５・２５,立川通り,１０月１３日（水）,晴,自動車類合計小型車,965,989,756,900,723,779,901,887,884,924,958,949,10615,-,,
４０８３０立川市幸町４－４３－２,４０３２,主要地方道立川所沢線（都道１６号）,立川３・５・２５,立川通り,１０月１３日（水）,晴,自動車類合計計,1098,1146,889,1054,858,928,1015,995,979,1010,1038,1024,12034,-,,
４０８３０立川市幸町４－４３－２,４０３２,主要地方道立川所沢線（都道１６号）,立川３・５・２５,立川通り,１０月１３日（水）,晴,二輪車類,-,-,-,-,-,-,-,-,-,-,-,-,-,,,
４０８３０立川市幸町４－４３－２,４０３２,主要地方道立川所沢線（都道１６号）,立川３・５・２５,立川通り,１０月１３日（水）,晴,自転車類,-,-,-,-,-,-,-,-,-,-,-,-,-,,,
４０８３０立川市幸町４－４３－２,４０３２,主要地方道立川所沢線（都道１６号）,立川３・５・２５,立川通り,１０月１３日（水）,晴,歩行者類,-,-,-,-,-,-,-,-,-,-,-,-,-,,,
