﻿観測地点,Ｈ１７区間番号,路線名,都市計画路線名,通称道路名,調査日,天候,ピーク時間交通量（台／ｈ）,ピーク率（％）,混雑時平均旅行速度（ｋｍ／ｈ）,大型車台数（台／１２ｈ）,混入率（％）,混雑度,昼夜率,車線数,５８年度（台／１２ｈ）,６０年度（台／１２ｈ）,６３年度（台／１２ｈ）,２年度（台／１２ｈ）,６年度（台／１２ｈ）,９年度（台／１２ｈ）,１１年度（台／１２ｈ）,１７年度（台／１２ｈ）,２２年度（台／１２ｈ）
４１８１０青梅市御岳２－３０５,４０６８,主要地方道奥多摩青梅線（都道４５号）,－,吉野街道,１０月２８日（木）,雨,373,11.2,41.8,702,21.0,0.49,-,2,3476,3245,3785,4006,4397,4785,4331,3996,3339
,,,,,,,,,,,,,,,,,,,,,,,
観測地点,Ｈ１７区間番号,路線名,都市計画路線名,通称道路名,調査日,天候,時間・種別,７～８,８～９,９～１０,１０～１１,１１～１２,１２～１３,１３～１４,１４～１５,１５～１６,１６～１７,１７～１８,１８～１９,１２ｈ計,２４ｈ計,,
４１８１０青梅市御岳２－３０５,４０６８,主要地方道奥多摩青梅線（都道４５号）,－,吉野街道,１０月２８日（木）,雨,自動車類上り大型車,46,32,40,48,26,23,30,35,27,30,16,6,359,-,,
４１８１０青梅市御岳２－３０５,４０６８,主要地方道奥多摩青梅線（都道４５号）,－,吉野街道,１０月２８日（木）,雨,自動車類上り小型車,105,89,105,108,105,108,115,107,103,118,159,100,1322,-,,
４１８１０青梅市御岳２－３０５,４０６８,主要地方道奥多摩青梅線（都道４５号）,－,吉野街道,１０月２８日（木）,雨,自動車類上り計,151,121,145,156,131,131,145,142,130,148,175,106,1681,-,,
４１８１０青梅市御岳２－３０５,４０６８,主要地方道奥多摩青梅線（都道４５号）,－,吉野街道,１０月２８日（木）,雨,自動車類下り大型車,35,31,43,45,25,30,35,41,24,19,11,4,343,-,,
４１８１０青梅市御岳２－３０５,４０６８,主要地方道奥多摩青梅線（都道４５号）,－,吉野街道,１０月２８日（木）,雨,自動車類下り小型車,187,116,102,109,114,102,91,91,92,95,108,108,1315,-,,
４１８１０青梅市御岳２－３０５,４０６８,主要地方道奥多摩青梅線（都道４５号）,－,吉野街道,１０月２８日（木）,雨,自動車類下り計,222,147,145,154,139,132,126,132,116,114,119,112,1658,-,,
４１８１０青梅市御岳２－３０５,４０６８,主要地方道奥多摩青梅線（都道４５号）,－,吉野街道,１０月２８日（木）,雨,自動車類合計大型車,81,63,83,93,51,53,65,76,51,49,27,10,702,-,,
４１８１０青梅市御岳２－３０５,４０６８,主要地方道奥多摩青梅線（都道４５号）,－,吉野街道,１０月２８日（木）,雨,自動車類合計小型車,292,205,207,217,219,210,206,198,195,213,267,208,2637,-,,
４１８１０青梅市御岳２－３０５,４０６８,主要地方道奥多摩青梅線（都道４５号）,－,吉野街道,１０月２８日（木）,雨,自動車類合計計,373,268,290,310,270,263,271,274,246,262,294,218,3339,-,,
４１８１０青梅市御岳２－３０５,４０６８,主要地方道奥多摩青梅線（都道４５号）,－,吉野街道,１０月２８日（木）,雨,二輪車類,-,-,-,-,-,-,-,-,-,-,-,-,-,,,
４１８１０青梅市御岳２－３０５,４０６８,主要地方道奥多摩青梅線（都道４５号）,－,吉野街道,１０月２８日（木）,雨,自転車類,0,0,0,0,0,0,0,0,0,0,0,1,1,,,
４１８１０青梅市御岳２－３０５,４０６８,主要地方道奥多摩青梅線（都道４５号）,－,吉野街道,１０月２８日（木）,雨,歩行者類,4,1,0,0,1,4,0,2,0,2,0,0,14,,,
