﻿観測地点,Ｈ１７区間番号,路線名,都市計画路線名,通称道路名,調査日,天候,ピーク時間交通量（台／ｈ）,ピーク率（％）,混雑時平均旅行速度（ｋｍ／ｈ）,大型車台数（台／１２ｈ）,混入率（％）,混雑度,昼夜率,車線数,５８年度（台／１２ｈ）,６０年度（台／１２ｈ）,６３年度（台／１２ｈ）,２年度（台／１２ｈ）,６年度（台／１２ｈ）,９年度（台／１２ｈ）,１１年度（台／１２ｈ）,１７年度（台／１２ｈ）,２２年度（台／１２ｈ）
６１８５０大島町元町津倍付,６０６９,一般都道大島公園線（都道２０７号）,－,三原山登山道路,１１月１６日（火）,晴,114,12.6,38.6,245,27.0,0.25,-,2,289,237,367,278,461,355,-,581,907
,,,,,,,,,,,,,,,,,,,,,,,
観測地点,Ｈ１７区間番号,路線名,都市計画路線名,通称道路名,調査日,天候,時間・種別,７～８,８～９,９～１０,１０～１１,１１～１２,１２～１３,１３～１４,１４～１５,１５～１６,１６～１７,１７～１８,１８～１９,１２ｈ計,２４ｈ計,,
６１８５０大島町元町津倍付,６０６９,一般都道大島公園線（都道２０７号）,－,三原山登山道路,１１月１６日（火）,晴,自動車類上り大型車,13,27,21,13,12,6,18,12,13,1,6,0,142,-,,
６１８５０大島町元町津倍付,６０６９,一般都道大島公園線（都道２０７号）,－,三原山登山道路,１１月１６日（火）,晴,自動車類上り小型車,23,40,43,16,37,24,36,28,45,20,28,11,351,-,,
６１８５０大島町元町津倍付,６０６９,一般都道大島公園線（都道２０７号）,－,三原山登山道路,１１月１６日（火）,晴,自動車類上り計,36,67,64,29,49,30,54,40,58,21,34,11,493,-,,
６１８５０大島町元町津倍付,６０６９,一般都道大島公園線（都道２０７号）,－,三原山登山道路,１１月１６日（火）,晴,自動車類下り大型車,7,19,14,16,4,4,12,5,13,8,0,1,103,-,,
６１８５０大島町元町津倍付,６０６９,一般都道大島公園線（都道２０７号）,－,三原山登山道路,１１月１６日（火）,晴,自動車類下り小型車,24,28,25,25,35,24,23,28,29,32,25,13,311,-,,
６１８５０大島町元町津倍付,６０６９,一般都道大島公園線（都道２０７号）,－,三原山登山道路,１１月１６日（火）,晴,自動車類下り計,31,47,39,41,39,28,35,33,42,40,25,14,414,-,,
６１８５０大島町元町津倍付,６０６９,一般都道大島公園線（都道２０７号）,－,三原山登山道路,１１月１６日（火）,晴,自動車類合計大型車,20,46,35,29,16,10,30,17,26,9,6,1,245,-,,
６１８５０大島町元町津倍付,６０６９,一般都道大島公園線（都道２０７号）,－,三原山登山道路,１１月１６日（火）,晴,自動車類合計小型車,47,68,68,41,72,48,59,56,74,52,53,24,662,-,,
６１８５０大島町元町津倍付,６０６９,一般都道大島公園線（都道２０７号）,－,三原山登山道路,１１月１６日（火）,晴,自動車類合計計,67,114,103,70,88,58,89,73,100,61,59,25,907,-,,
６１８５０大島町元町津倍付,６０６９,一般都道大島公園線（都道２０７号）,－,三原山登山道路,１１月１６日（火）,晴,二輪車類,3,0,1,1,6,3,2,0,1,1,1,0,19,,,
６１８５０大島町元町津倍付,６０６９,一般都道大島公園線（都道２０７号）,－,三原山登山道路,１１月１６日（火）,晴,自転車類,0,0,0,0,0,0,0,0,1,0,0,0,1,,,
６１８５０大島町元町津倍付,６０６９,一般都道大島公園線（都道２０７号）,－,三原山登山道路,１１月１６日（火）,晴,歩行者類,2,0,1,0,0,0,0,12,2,4,0,0,21,,,
