﻿観測地点,Ｈ１７区間番号,路線名,都市計画路線名,通称道路名,調査日,天候,ピーク時間交通量（台／ｈ）,ピーク率（％）,混雑時平均旅行速度（ｋｍ／ｈ）,大型車台数（台／１２ｈ）,混入率（％）,混雑度,昼夜率,車線数,５８年度（台／１２ｈ）,６０年度（台／１２ｈ）,６３年度（台／１２ｈ）,２年度（台／１２ｈ）,６年度（台／１２ｈ）,９年度（台／１２ｈ）,１１年度（台／１２ｈ）,１７年度（台／１２ｈ）,２２年度（台／１２ｈ）
４１５３０西多摩郡日の出町大久野１６３１,４０５２,主要地方道青梅あきる野線（都道３１号）,秋多３・５・７,秋川街道,１０月２６日（火）,曇,748,10.9,28,1031,15.0,0.77,-,2,5230,5386,6115,6752,8223,7792,7324,7667,6871
,,,,,,,,,,,,,,,,,,,,,,,
観測地点,Ｈ１７区間番号,路線名,都市計画路線名,通称道路名,調査日,天候,時間・種別,７～８,８～９,９～１０,１０～１１,１１～１２,１２～１３,１３～１４,１４～１５,１５～１６,１６～１７,１７～１８,１８～１９,１２ｈ計,２４ｈ計,,
４１５３０西多摩郡日の出町大久野１６３１,４０５２,主要地方道青梅あきる野線（都道３１号）,秋多３・５・７,秋川街道,１０月２６日（火）,曇,自動車類上り大型車,22,43,54,39,71,52,68,50,66,35,33,16,549,-,,
４１５３０西多摩郡日の出町大久野１６３１,４０５２,主要地方道青梅あきる野線（都道３１号）,秋多３・５・７,秋川街道,１０月２６日（火）,曇,自動車類上り小型車,418,386,222,175,200,197,221,208,213,216,316,228,3000,-,,
４１５３０西多摩郡日の出町大久野１６３１,４０５２,主要地方道青梅あきる野線（都道３１号）,秋多３・５・７,秋川街道,１０月２６日（火）,曇,自動車類上り計,440,429,276,214,271,249,289,258,279,251,349,244,3549,-,,
４１５３０西多摩郡日の出町大久野１６３１,４０５２,主要地方道青梅あきる野線（都道３１号）,秋多３・５・７,秋川街道,１０月２６日（火）,曇,自動車類下り大型車,26,35,74,55,44,40,44,57,43,33,18,13,482,-,,
４１５３０西多摩郡日の出町大久野１６３１,４０５２,主要地方道青梅あきる野線（都道３１号）,秋多３・５・７,秋川街道,１０月２６日（火）,曇,自動車類下り小型車,272,214,203,230,189,192,182,200,207,290,381,280,2840,-,,
４１５３０西多摩郡日の出町大久野１６３１,４０５２,主要地方道青梅あきる野線（都道３１号）,秋多３・５・７,秋川街道,１０月２６日（火）,曇,自動車類下り計,298,249,277,285,233,232,226,257,250,323,399,293,3322,-,,
４１５３０西多摩郡日の出町大久野１６３１,４０５２,主要地方道青梅あきる野線（都道３１号）,秋多３・５・７,秋川街道,１０月２６日（火）,曇,自動車類合計大型車,48,78,128,94,115,92,112,107,109,68,51,29,1031,-,,
４１５３０西多摩郡日の出町大久野１６３１,４０５２,主要地方道青梅あきる野線（都道３１号）,秋多３・５・７,秋川街道,１０月２６日（火）,曇,自動車類合計小型車,690,600,425,405,389,389,403,408,420,506,697,508,5840,-,,
４１５３０西多摩郡日の出町大久野１６３１,４０５２,主要地方道青梅あきる野線（都道３１号）,秋多３・５・７,秋川街道,１０月２６日（火）,曇,自動車類合計計,738,678,553,499,504,481,515,515,529,574,748,537,6871,-,,
４１５３０西多摩郡日の出町大久野１６３１,４０５２,主要地方道青梅あきる野線（都道３１号）,秋多３・５・７,秋川街道,１０月２６日（火）,曇,二輪車類,16,15,11,8,8,7,6,4,9,8,9,9,110,,,
４１５３０西多摩郡日の出町大久野１６３１,４０５２,主要地方道青梅あきる野線（都道３１号）,秋多３・５・７,秋川街道,１０月２６日（火）,曇,自転車類,4,5,0,1,0,1,2,3,4,8,4,2,34,,,
４１５３０西多摩郡日の出町大久野１６３１,４０５２,主要地方道青梅あきる野線（都道３１号）,秋多３・５・７,秋川街道,１０月２６日（火）,曇,歩行者類,45,36,2,9,7,1,16,9,44,27,22,26,244,,,
