﻿観測地点,Ｈ１７区間番号,路線名,都市計画路線名,通称道路名,調査日,天候,ピーク時間交通量（台／ｈ）,ピーク率（％）,混雑時平均旅行速度（ｋｍ／ｈ）,大型車台数（台／１２ｈ）,混入率（％）,混雑度,昼夜率,車線数,５８年度（台／１２ｈ）,６０年度（台／１２ｈ）,６３年度（台／１２ｈ）,２年度（台／１２ｈ）,６年度（台／１２ｈ）,９年度（台／１２ｈ）,１１年度（台／１２ｈ）,１７年度（台／１２ｈ）,２２年度（台／１２ｈ）
６０８８０町田市小山ヶ丘２－１－２,４６０８８,一般都道小山乞田線（都道１５８号）,多摩３・１・６,（尾根幹線道路）,１０月２１日（木）,雨,1480,9.0,26.8,2344,14.3,1.54,-,2,-,-,-,-,-,-,-,18997,16358
,,,,,,,,,,,,,,,,,,,,,,,
観測地点,Ｈ１７区間番号,路線名,都市計画路線名,通称道路名,調査日,天候,時間・種別,７～８,８～９,９～１０,１０～１１,１１～１２,１２～１３,１３～１４,１４～１５,１５～１６,１６～１７,１７～１８,１８～１９,１２ｈ計,２４ｈ計,,
６０８８０町田市小山ヶ丘２－１－２,４６０８８,一般都道小山乞田線（都道１５８号）,多摩３・１・６,（尾根幹線道路）,１０月２１日（木）,雨,自動車類上り大型車,101,96,109,108,106,90,100,114,107,85,89,59,1164,-,,
６０８８０町田市小山ヶ丘２－１－２,４６０８８,一般都道小山乞田線（都道１５８号）,多摩３・１・６,（尾根幹線道路）,１０月２１日（木）,雨,自動車類上り小型車,517,588,486,596,572,497,627,605,535,573,649,751,6996,-,,
６０８８０町田市小山ヶ丘２－１－２,４６０８８,一般都道小山乞田線（都道１５８号）,多摩３・１・６,（尾根幹線道路）,１０月２１日（木）,雨,自動車類上り計,618,684,595,704,678,587,727,719,642,658,738,810,8160,-,,
６０８８０町田市小山ヶ丘２－１－２,４６０８８,一般都道小山乞田線（都道１５８号）,多摩３・１・６,（尾根幹線道路）,１０月２１日（木）,雨,自動車類下り大型車,93,114,176,112,130,105,87,80,79,80,67,57,1180,-,,
６０８８０町田市小山ヶ丘２－１－２,４６０８８,一般都道小山乞田線（都道１５８号）,多摩３・１・６,（尾根幹線道路）,１０月２１日（木）,雨,自動車類下り小型車,741,667,516,470,536,528,536,551,608,617,635,613,7018,-,,
６０８８０町田市小山ヶ丘２－１－２,４６０８８,一般都道小山乞田線（都道１５８号）,多摩３・１・６,（尾根幹線道路）,１０月２１日（木）,雨,自動車類下り計,834,781,692,582,666,633,623,631,687,697,702,670,8198,-,,
６０８８０町田市小山ヶ丘２－１－２,４６０８８,一般都道小山乞田線（都道１５８号）,多摩３・１・６,（尾根幹線道路）,１０月２１日（木）,雨,自動車類合計大型車,194,210,285,220,236,195,187,194,186,165,156,116,2344,-,,
６０８８０町田市小山ヶ丘２－１－２,４６０８８,一般都道小山乞田線（都道１５８号）,多摩３・１・６,（尾根幹線道路）,１０月２１日（木）,雨,自動車類合計小型車,1258,1255,1002,1066,1108,1025,1163,1156,1143,1190,1284,1364,14014,-,,
６０８８０町田市小山ヶ丘２－１－２,４６０８８,一般都道小山乞田線（都道１５８号）,多摩３・１・６,（尾根幹線道路）,１０月２１日（木）,雨,自動車類合計計,1452,1465,1287,1286,1344,1220,1350,1350,1329,1355,1440,1480,16358,-,,
６０８８０町田市小山ヶ丘２－１－２,４６０８８,一般都道小山乞田線（都道１５８号）,多摩３・１・６,（尾根幹線道路）,１０月２１日（木）,雨,二輪車類,24,42,53,52,49,46,55,46,60,63,53,46,589,,,
６０８８０町田市小山ヶ丘２－１－２,４６０８８,一般都道小山乞田線（都道１５８号）,多摩３・１・６,（尾根幹線道路）,１０月２１日（木）,雨,自転車類,15,22,8,9,5,5,4,3,5,11,17,11,115,,,
６０８８０町田市小山ヶ丘２－１－２,４６０８８,一般都道小山乞田線（都道１５８号）,多摩３・１・６,（尾根幹線道路）,１０月２１日（木）,雨,歩行者類,5,24,11,4,2,4,7,5,10,12,24,8,116,,,
