﻿観測地点,Ｈ１７区間番号,路線名,都市計画路線名,通称道路名,調査日,天候,ピーク時間交通量（台／ｈ）,ピーク率（％）,混雑時平均旅行速度（ｋｍ／ｈ）,大型車台数（台／１２ｈ）,混入率（％）,混雑度,昼夜率,車線数,５８年度（台／１２ｈ）,６０年度（台／１２ｈ）,６３年度（台／１２ｈ）,２年度（台／１２ｈ）,６年度（台／１２ｈ）,９年度（台／１２ｈ）,１１年度（台／１２ｈ）,１７年度（台／１２ｈ）,２２年度（台／１２ｈ）
４００３０町田市玉川学園４－２４,４００３,主要地方道世田谷町田線（都道３号）,町田３・４・３３,鶴川街道,１０月２１日（木）,雨,1069,8.8,17,1003,8.3,1.11,-,2,7984,8940,8085,10153,11623,12112,13361,12774,12080
,,,,,,,,,,,,,,,,,,,,,,,
観測地点,Ｈ１７区間番号,路線名,都市計画路線名,通称道路名,調査日,天候,時間・種別,７～８,８～９,９～１０,１０～１１,１１～１２,１２～１３,１３～１４,１４～１５,１５～１６,１６～１７,１７～１８,１８～１９,１２ｈ計,２４ｈ計,,
４００３０町田市玉川学園４－２４,４００３,主要地方道世田谷町田線（都道３号）,町田３・４・３３,鶴川街道,１０月２１日（木）,雨,自動車類上り大型車,41,58,58,51,37,34,48,38,27,35,29,38,494,-,,
４００３０町田市玉川学園４－２４,４００３,主要地方道世田谷町田線（都道３号）,町田３・４・３３,鶴川街道,１０月２１日（木）,雨,自動車類上り小型車,413,465,434,415,438,480,417,455,518,496,534,470,5535,-,,
４００３０町田市玉川学園４－２４,４００３,主要地方道世田谷町田線（都道３号）,町田３・４・３３,鶴川街道,１０月２１日（木）,雨,自動車類上り計,454,523,492,466,475,514,465,493,545,531,563,508,6029,-,,
４００３０町田市玉川学園４－２４,４００３,主要地方道世田谷町田線（都道３号）,町田３・４・３３,鶴川街道,１０月２１日（木）,雨,自動車類下り大型車,48,51,42,39,55,43,40,35,35,50,38,33,509,-,,
４００３０町田市玉川学園４－２４,４００３,主要地方道世田谷町田線（都道３号）,町田３・４・３３,鶴川街道,１０月２１日（木）,雨,自動車類下り小型車,455,465,484,544,454,454,425,465,451,419,468,458,5542,-,,
４００３０町田市玉川学園４－２４,４００３,主要地方道世田谷町田線（都道３号）,町田３・４・３３,鶴川街道,１０月２１日（木）,雨,自動車類下り計,503,516,526,583,509,497,465,500,486,469,506,491,6051,-,,
４００３０町田市玉川学園４－２４,４００３,主要地方道世田谷町田線（都道３号）,町田３・４・３３,鶴川街道,１０月２１日（木）,雨,自動車類合計大型車,89,109,100,90,92,77,88,73,62,85,67,71,1003,-,,
４００３０町田市玉川学園４－２４,４００３,主要地方道世田谷町田線（都道３号）,町田３・４・３３,鶴川街道,１０月２１日（木）,雨,自動車類合計小型車,868,930,918,959,892,934,842,920,969,915,1002,928,11077,-,,
４００３０町田市玉川学園４－２４,４００３,主要地方道世田谷町田線（都道３号）,町田３・４・３３,鶴川街道,１０月２１日（木）,雨,自動車類合計計,957,1039,1018,1049,984,1011,930,993,1031,1000,1069,999,12080,-,,
４００３０町田市玉川学園４－２４,４００３,主要地方道世田谷町田線（都道３号）,町田３・４・３３,鶴川街道,１０月２１日（木）,雨,二輪車類,78,62,40,25,27,28,38,34,37,47,52,75,543,,,
４００３０町田市玉川学園４－２４,４００３,主要地方道世田谷町田線（都道３号）,町田３・４・３３,鶴川街道,１０月２１日（木）,雨,自転車類,36,31,30,12,11,24,18,9,17,28,43,32,291,,,
４００３０町田市玉川学園４－２４,４００３,主要地方道世田谷町田線（都道３号）,町田３・４・３３,鶴川街道,１０月２１日（木）,雨,歩行者類,24,24,51,17,17,21,19,29,25,50,39,29,345,,,
