﻿観測地点,Ｈ１７区間番号,路線名,都市計画路線名,通称道路名,調査日,天候,ピーク時間交通量（台／ｈ）,ピーク率（％）,混雑時平均旅行速度（ｋｍ／ｈ）,大型車台数（台／１２ｈ）,混入率（％）,混雑度,昼夜率,車線数,５８年度（台／１２ｈ）,６０年度（台／１２ｈ）,６３年度（台／１２ｈ）,２年度（台／１２ｈ）,６年度（台／１２ｈ）,９年度（台／１２ｈ）,１１年度（台／１２ｈ）,１７年度（台／１２ｈ）,２２年度（台／１２ｈ）
４１０３０町田市野津田町９３４,４０３９,主要地方道府中町田線（都道１８号）,町田３・４・１８,鎌倉街道,１０月２１日（木）,雨,1172,9.6,16.8,1732,14.2,1.55,-,2,16679,16759,16972,11624,17121,18565,10265,11972,12192
,,,,,,,,,,,,,,,,,,,,,,,
観測地点,Ｈ１７区間番号,路線名,都市計画路線名,通称道路名,調査日,天候,時間・種別,７～８,８～９,９～１０,１０～１１,１１～１２,１２～１３,１３～１４,１４～１５,１５～１６,１６～１７,１７～１８,１８～１９,１２ｈ計,２４ｈ計,,
４１０３０町田市野津田町９３４,４０３９,主要地方道府中町田線（都道１８号）,町田３・４・１８,鎌倉街道,１０月２１日（木）,雨,自動車類上り大型車,50,76,93,90,103,82,83,82,89,80,58,47,933,-,,
４１０３０町田市野津田町９３４,４０３９,主要地方道府中町田線（都道１８号）,町田３・４・１８,鎌倉街道,１０月２１日（木）,雨,自動車類上り小型車,539,594,409,407,412,460,317,436,432,435,481,515,5437,-,,
４１０３０町田市野津田町９３４,４０３９,主要地方道府中町田線（都道１８号）,町田３・４・１８,鎌倉街道,１０月２１日（木）,雨,自動車類上り計,589,670,502,497,515,542,400,518,521,515,539,562,6370,-,,
４１０３０町田市野津田町９３４,４０３９,主要地方道府中町田線（都道１８号）,町田３・４・１８,鎌倉街道,１０月２１日（木）,雨,自動車類下り大型車,89,63,80,76,60,70,85,75,63,58,44,36,799,-,,
４１０３０町田市野津田町９３４,４０３９,主要地方道府中町田線（都道１８号）,町田３・４・１８,鎌倉街道,１０月２１日（木）,雨,自動車類下り小型車,449,439,416,403,347,384,380,413,371,471,472,478,5023,-,,
４１０３０町田市野津田町９３４,４０３９,主要地方道府中町田線（都道１８号）,町田３・４・１８,鎌倉街道,１０月２１日（木）,雨,自動車類下り計,538,502,496,479,407,454,465,488,434,529,516,514,5822,-,,
４１０３０町田市野津田町９３４,４０３９,主要地方道府中町田線（都道１８号）,町田３・４・１８,鎌倉街道,１０月２１日（木）,雨,自動車類合計大型車,139,139,173,166,163,152,168,157,152,138,102,83,1732,-,,
４１０３０町田市野津田町９３４,４０３９,主要地方道府中町田線（都道１８号）,町田３・４・１８,鎌倉街道,１０月２１日（木）,雨,自動車類合計小型車,988,1033,825,810,759,844,697,849,803,906,953,993,10460,-,,
４１０３０町田市野津田町９３４,４０３９,主要地方道府中町田線（都道１８号）,町田３・４・１８,鎌倉街道,１０月２１日（木）,雨,自動車類合計計,1127,1172,998,976,922,996,865,1006,955,1044,1055,1076,12192,-,,
４１０３０町田市野津田町９３４,４０３９,主要地方道府中町田線（都道１８号）,町田３・４・１８,鎌倉街道,１０月２１日（木）,雨,二輪車類,119,110,38,40,34,36,23,35,28,54,62,77,656,,,
４１０３０町田市野津田町９３４,４０３９,主要地方道府中町田線（都道１８号）,町田３・４・１８,鎌倉街道,１０月２１日（木）,雨,自転車類,20,22,7,13,15,3,8,11,11,11,18,9,148,,,
４１０３０町田市野津田町９３４,４０３９,主要地方道府中町田線（都道１８号）,町田３・４・１８,鎌倉街道,１０月２１日（木）,雨,歩行者類,126,12,8,20,2,5,11,68,30,21,11,15,329,,,
