﻿観測地点,Ｈ１７区間番号,路線名,都市計画路線名,通称道路名,調査日,天候,ピーク時間交通量（台／ｈ）,ピーク率（％）,混雑時平均旅行速度（ｋｍ／ｈ）,大型車台数（台／１２ｈ）,混入率（％）,混雑度,昼夜率,車線数,５８年度（台／１２ｈ）,６０年度（台／１２ｈ）,６３年度（台／１２ｈ）,２年度（台／１２ｈ）,６年度（台／１２ｈ）,９年度（台／１２ｈ）,１１年度（台／１２ｈ）,１７年度（台／１２ｈ）,２２年度（台／１２ｈ）
６０９２０多摩市乞田１１４５,６０３６,一般都道小山乞田線（都道１５８号）,多摩３・２・３,多摩ニュータウン通り,１０月２１日（木）,雨,1803,8.8,21,2368,11.5,0.86,1.39,4,11634,15327,18086,16496,20742,20731,20633,20408,20532
,,,,,,,,,,,,,,,,,,,,,,,
観測地点,Ｈ１７区間番号,路線名,都市計画路線名,通称道路名,調査日,天候,時間・種別,７～８,８～９,９～１０,１０～１１,１１～１２,１２～１３,１３～１４,１４～１５,１５～１６,１６～１７,１７～１８,１８～１９,１２ｈ計,２４ｈ計,,
６０９２０多摩市乞田１１４５,６０３６,一般都道小山乞田線（都道１５８号）,多摩３・２・３,多摩ニュータウン通り,１０月２１日（木）,雨,自動車類上り大型車,123,104,122,128,112,85,107,32,100,107,67,47,1134,1566,,
６０９２０多摩市乞田１１４５,６０３６,一般都道小山乞田線（都道１５８号）,多摩３・２・３,多摩ニュータウン通り,１０月２１日（木）,雨,自動車類上り小型車,853,818,638,546,618,711,785,845,768,730,835,852,8999,12665,,
６０９２０多摩市乞田１１４５,６０３６,一般都道小山乞田線（都道１５８号）,多摩３・２・３,多摩ニュータウン通り,１０月２１日（木）,雨,自動車類上り計,976,922,760,674,730,796,892,877,868,837,902,899,10133,14231,,
６０９２０多摩市乞田１１４５,６０３６,一般都道小山乞田線（都道１５８号）,多摩３・２・３,多摩ニュータウン通り,１０月２１日（木）,雨,自動車類下り大型車,119,120,112,123,110,113,105,125,98,84,66,59,1234,1634,,
６０９２０多摩市乞田１１４５,６０３６,一般都道小山乞田線（都道１５８号）,多摩３・２・３,多摩ニュータウン通り,１０月２１日（木）,雨,自動車類下り小型車,703,742,737,747,747,750,741,755,803,800,835,805,9165,12722,,
６０９２０多摩市乞田１１４５,６０３６,一般都道小山乞田線（都道１５８号）,多摩３・２・３,多摩ニュータウン通り,１０月２１日（木）,雨,自動車類下り計,822,862,849,870,857,863,846,880,901,884,901,864,10399,14356,,
６０９２０多摩市乞田１１４５,６０３６,一般都道小山乞田線（都道１５８号）,多摩３・２・３,多摩ニュータウン通り,１０月２１日（木）,雨,自動車類合計大型車,242,224,234,251,222,198,212,157,198,191,133,106,2368,3200,,
６０９２０多摩市乞田１１４５,６０３６,一般都道小山乞田線（都道１５８号）,多摩３・２・３,多摩ニュータウン通り,１０月２１日（木）,雨,自動車類合計小型車,1556,1560,1375,1293,1365,1461,1526,1600,1571,1530,1670,1657,18164,25387,,
６０９２０多摩市乞田１１４５,６０３６,一般都道小山乞田線（都道１５８号）,多摩３・２・３,多摩ニュータウン通り,１０月２１日（木）,雨,自動車類合計計,1798,1784,1609,1544,1587,1659,1738,1757,1769,1721,1803,1763,20532,28587,,
６０９２０多摩市乞田１１４５,６０３６,一般都道小山乞田線（都道１５８号）,多摩３・２・３,多摩ニュータウン通り,１０月２１日（木）,雨,二輪車類,122,103,50,42,33,45,30,38,41,76,95,108,783,,,
６０９２０多摩市乞田１１４５,６０３６,一般都道小山乞田線（都道１５８号）,多摩３・２・３,多摩ニュータウン通り,１０月２１日（木）,雨,自転車類,26,52,24,12,9,13,14,15,18,39,44,32,298,,,
６０９２０多摩市乞田１１４５,６０３６,一般都道小山乞田線（都道１５８号）,多摩３・２・３,多摩ニュータウン通り,１０月２１日（木）,雨,歩行者類,148,47,27,26,31,23,30,104,72,56,58,55,677,,,
