﻿観測地点,Ｈ１７区間番号,路線名,都市計画路線名,通称道路名,調査日,天候,ピーク時間交通量（台／ｈ）,ピーク率（％）,混雑時平均旅行速度（ｋｍ／ｈ）,大型車台数（台／１２ｈ）,混入率（％）,混雑度,昼夜率,車線数,５８年度（台／１２ｈ）,６０年度（台／１２ｈ）,６３年度（台／１２ｈ）,２年度（台／１２ｈ）,６年度（台／１２ｈ）,９年度（台／１２ｈ）,１１年度（台／１２ｈ）,１７年度（台／１２ｈ）,２２年度（台／１２ｈ）
６０２００三鷹市北野４－１１,６００９,一般都道世田谷三鷹線（都道１１７号）,－,吉祥寺通り,１０月２８日（木）,雨,687,9.3,16.1,1004,13.6,0.76,-,2,6859,6526,7382,8934,8703,7741,7788,7772,7402
,,,,,,,,,,,,,,,,,,,,,,,
観測地点,Ｈ１７区間番号,路線名,都市計画路線名,通称道路名,調査日,天候,時間・種別,７～８,８～９,９～１０,１０～１１,１１～１２,１２～１３,１３～１４,１４～１５,１５～１６,１６～１７,１７～１８,１８～１９,１２ｈ計,２４ｈ計,,
６０２００三鷹市北野４－１１,６００９,一般都道世田谷三鷹線（都道１１７号）,－,吉祥寺通り,１０月２８日（木）,雨,自動車類上り大型車,40,63,52,47,34,47,32,43,37,39,25,16,475,-,,
６０２００三鷹市北野４－１１,６００９,一般都道世田谷三鷹線（都道１１７号）,－,吉祥寺通り,１０月２８日（木）,雨,自動車類上り小型車,350,259,254,261,243,241,248,253,251,282,312,237,3191,-,,
６０２００三鷹市北野４－１１,６００９,一般都道世田谷三鷹線（都道１１７号）,－,吉祥寺通り,１０月２８日（木）,雨,自動車類上り計,390,322,306,308,277,288,280,296,288,321,337,253,3666,-,,
６０２００三鷹市北野４－１１,６００９,一般都道世田谷三鷹線（都道１１７号）,－,吉祥寺通り,１０月２８日（木）,雨,自動車類下り大型車,46,34,68,60,47,50,52,26,38,37,35,36,529,-,,
６０２００三鷹市北野４－１１,６００９,一般都道世田谷三鷹線（都道１１７号）,－,吉祥寺通り,１０月２８日（木）,雨,自動車類下り小型車,217,219,262,272,243,291,244,264,251,301,315,328,3207,-,,
６０２００三鷹市北野４－１１,６００９,一般都道世田谷三鷹線（都道１１７号）,－,吉祥寺通り,１０月２８日（木）,雨,自動車類下り計,263,253,330,332,290,341,296,290,289,338,350,364,3736,-,,
６０２００三鷹市北野４－１１,６００９,一般都道世田谷三鷹線（都道１１７号）,－,吉祥寺通り,１０月２８日（木）,雨,自動車類合計大型車,86,97,120,107,81,97,84,69,75,76,60,52,1004,-,,
６０２００三鷹市北野４－１１,６００９,一般都道世田谷三鷹線（都道１１７号）,－,吉祥寺通り,１０月２８日（木）,雨,自動車類合計小型車,567,478,516,533,486,532,492,517,502,583,627,565,6398,-,,
６０２００三鷹市北野４－１１,６００９,一般都道世田谷三鷹線（都道１１７号）,－,吉祥寺通り,１０月２８日（木）,雨,自動車類合計計,653,575,636,640,567,629,576,586,577,659,687,617,7402,-,,
６０２００三鷹市北野４－１１,６００９,一般都道世田谷三鷹線（都道１１７号）,－,吉祥寺通り,１０月２８日（木）,雨,二輪車類,51,33,18,27,12,11,16,13,17,20,32,32,282,,,
６０２００三鷹市北野４－１１,６００９,一般都道世田谷三鷹線（都道１１７号）,－,吉祥寺通り,１０月２８日（木）,雨,自転車類,95,71,35,11,8,23,12,7,23,17,29,32,363,,,
６０２００三鷹市北野４－１１,６００９,一般都道世田谷三鷹線（都道１１７号）,－,吉祥寺通り,１０月２８日（木）,雨,歩行者類,41,18,21,13,14,7,5,9,15,19,10,20,192,,,
