﻿観測地点,Ｈ１７区間番号,路線名,都市計画路線名,通称道路名,調査日,天候,ピーク時間交通量（台／ｈ）,ピーク率（％）,混雑時平均旅行速度（ｋｍ／ｈ）,大型車台数（台／１２ｈ）,混入率（％）,混雑度,昼夜率,車線数,５８年度（台／１２ｈ）,６０年度（台／１２ｈ）,６３年度（台／１２ｈ）,２年度（台／１２ｈ）,６年度（台／１２ｈ）,９年度（台／１２ｈ）,１１年度（台／１２ｈ）,１７年度（台／１２ｈ）,２２年度（台／１２ｈ）
６１９７０大島町波浮港,６０７５,一般都道下地波浮港線（都道２１０号）,－,－,１１月１６日（火）,曇,115,12.5,26.6,110,12.0,0.14,-,2,765,855,1020,843,1312,1004,-,775,919
,,,,,,,,,,,,,,,,,,,,,,,
観測地点,Ｈ１７区間番号,路線名,都市計画路線名,通称道路名,調査日,天候,時間・種別,７～８,８～９,９～１０,１０～１１,１１～１２,１２～１３,１３～１４,１４～１５,１５～１６,１６～１７,１７～１８,１８～１９,１２ｈ計,２４ｈ計,,
６１９７０大島町波浮港,６０７５,一般都道下地波浮港線（都道２１０号）,－,－,１１月１６日（火）,曇,自動車類上り大型車,7,7,8,4,7,5,5,4,6,2,0,1,56,-,,
６１９７０大島町波浮港,６０７５,一般都道下地波浮港線（都道２１０号）,－,－,１１月１６日（火）,曇,自動車類上り小型車,38,36,52,15,46,49,30,29,36,25,47,14,417,-,,
６１９７０大島町波浮港,６０７５,一般都道下地波浮港線（都道２１０号）,－,－,１１月１６日（火）,曇,自動車類上り計,45,43,60,19,53,54,35,33,42,27,47,15,473,-,,
６１９７０大島町波浮港,６０７５,一般都道下地波浮港線（都道２１０号）,－,－,１１月１６日（火）,曇,自動車類下り大型車,10,6,8,3,7,3,4,6,4,1,0,2,54,-,,
６１９７０大島町波浮港,６０７５,一般都道下地波浮港線（都道２１０号）,－,－,１１月１６日（火）,曇,自動車類下り小型車,42,51,47,8,41,51,29,28,32,21,26,16,392,-,,
６１９７０大島町波浮港,６０７５,一般都道下地波浮港線（都道２１０号）,－,－,１１月１６日（火）,曇,自動車類下り計,52,57,55,11,48,54,33,34,36,22,26,18,446,-,,
６１９７０大島町波浮港,６０７５,一般都道下地波浮港線（都道２１０号）,－,－,１１月１６日（火）,曇,自動車類合計大型車,17,13,16,7,14,8,9,10,10,3,0,3,110,-,,
６１９７０大島町波浮港,６０７５,一般都道下地波浮港線（都道２１０号）,－,－,１１月１６日（火）,曇,自動車類合計小型車,80,87,99,23,87,100,59,57,68,46,73,30,809,-,,
６１９７０大島町波浮港,６０７５,一般都道下地波浮港線（都道２１０号）,－,－,１１月１６日（火）,曇,自動車類合計計,97,100,115,30,101,108,68,67,78,49,73,33,919,-,,
６１９７０大島町波浮港,６０７５,一般都道下地波浮港線（都道２１０号）,－,－,１１月１６日（火）,曇,二輪車類,2,3,13,1,2,9,2,5,5,1,6,2,51,,,
６１９７０大島町波浮港,６０７５,一般都道下地波浮港線（都道２１０号）,－,－,１１月１６日（火）,曇,自転車類,0,0,0,0,0,2,2,1,0,0,2,1,8,,,
６１９７０大島町波浮港,６０７５,一般都道下地波浮港線（都道２１０号）,－,－,１１月１６日（火）,曇,歩行者類,1,1,5,3,0,3,0,0,0,7,3,1,24,,,
