﻿観測地点,Ｈ１７区間番号,路線名,都市計画路線名,通称道路名,調査日,天候,ピーク時間交通量（台／ｈ）,ピーク率（％）,混雑時平均旅行速度（ｋｍ／ｈ）,大型車台数（台／１２ｈ）,混入率（％）,混雑度,昼夜率,車線数,５８年度（台／１２ｈ）,６０年度（台／１２ｈ）,６３年度（台／１２ｈ）,２年度（台／１２ｈ）,６年度（台／１２ｈ）,９年度（台／１２ｈ）,１１年度（台／１２ｈ）,１７年度（台／１２ｈ）,２２年度（台／１２ｈ）
６１８２０西多摩郡檜原村人里,６０６８,一般都道川野上川乗線（都道２０６号）,－,檜原街道,１０月２８日（木）,雨,86,13.0,43.3,53,8.0,0.14,-,2,576,678,625,865,1146,1298,902,942,662
,,,,,,,,,,,,,,,,,,,,,,,
観測地点,Ｈ１７区間番号,路線名,都市計画路線名,通称道路名,調査日,天候,時間・種別,７～８,８～９,９～１０,１０～１１,１１～１２,１２～１３,１３～１４,１４～１５,１５～１６,１６～１７,１７～１８,１８～１９,１２ｈ計,２４ｈ計,,
６１８２０西多摩郡檜原村人里,６０６８,一般都道川野上川乗線（都道２０６号）,－,檜原街道,１０月２８日（木）,雨,自動車類上り大型車,1,4,2,2,1,1,0,3,4,2,0,2,22,-,,
６１８２０西多摩郡檜原村人里,６０６８,一般都道川野上川乗線（都道２０６号）,－,檜原街道,１０月２８日（木）,雨,自動車類上り小型車,14,59,28,32,25,13,23,23,16,19,19,14,285,-,,
６１８２０西多摩郡檜原村人里,６０６８,一般都道川野上川乗線（都道２０６号）,－,檜原街道,１０月２８日（木）,雨,自動車類上り計,15,63,30,34,26,14,23,26,20,21,19,16,307,-,,
６１８２０西多摩郡檜原村人里,６０６８,一般都道川野上川乗線（都道２０６号）,－,檜原街道,１０月２８日（木）,雨,自動車類下り大型車,4,2,5,0,3,3,2,2,5,3,2,0,31,-,,
６１８２０西多摩郡檜原村人里,６０６８,一般都道川野上川乗線（都道２０６号）,－,檜原街道,１０月２８日（木）,雨,自動車類下り小型車,22,21,29,28,24,23,24,27,40,32,36,18,324,-,,
６１８２０西多摩郡檜原村人里,６０６８,一般都道川野上川乗線（都道２０６号）,－,檜原街道,１０月２８日（木）,雨,自動車類下り計,26,23,34,28,27,26,26,29,45,35,38,18,355,-,,
６１８２０西多摩郡檜原村人里,６０６８,一般都道川野上川乗線（都道２０６号）,－,檜原街道,１０月２８日（木）,雨,自動車類合計大型車,5,6,7,2,4,4,2,5,9,5,2,2,53,-,,
６１８２０西多摩郡檜原村人里,６０６８,一般都道川野上川乗線（都道２０６号）,－,檜原街道,１０月２８日（木）,雨,自動車類合計小型車,36,80,57,60,49,36,47,50,56,51,55,32,609,-,,
６１８２０西多摩郡檜原村人里,６０６８,一般都道川野上川乗線（都道２０６号）,－,檜原街道,１０月２８日（木）,雨,自動車類合計計,41,86,64,62,53,40,49,55,65,56,57,34,662,-,,
６１８２０西多摩郡檜原村人里,６０６８,一般都道川野上川乗線（都道２０６号）,－,檜原街道,１０月２８日（木）,雨,二輪車類,0,0,0,0,0,0,2,0,0,0,0,0,2,,,
６１８２０西多摩郡檜原村人里,６０６８,一般都道川野上川乗線（都道２０６号）,－,檜原街道,１０月２８日（木）,雨,自転車類,0,0,0,0,0,0,0,0,0,0,0,0,0,,,
６１８２０西多摩郡檜原村人里,６０６８,一般都道川野上川乗線（都道２０６号）,－,檜原街道,１０月２８日（木）,雨,歩行者類,9,6,0,1,0,2,0,0,0,0,2,0,20,,,
