﻿観測地点,Ｈ１７区間番号,路線名,都市計画路線名,通称道路名,調査日,天候,ピーク時間交通量（台／ｈ）,ピーク率（％）,混雑時平均旅行速度（ｋｍ／ｈ）,大型車台数（台／１２ｈ）,混入率（％）,混雑度,昼夜率,車線数,５８年度（台／１２ｈ）,６０年度（台／１２ｈ）,６３年度（台／１２ｈ）,２年度（台／１２ｈ）,６年度（台／１２ｈ）,９年度（台／１２ｈ）,１１年度（台／１２ｈ）,１７年度（台／１２ｈ）,２２年度（台／１２ｈ）
６１４８０西多摩郡日の出町平井１１８６,６０５５,一般都道奥多摩あきる野線（都道１８４号）,－,－,１０月２６日（火）,曇,1211,10.8,23.7,1056,9.4,0.43,-,2,6268,6740,7080,8444,9941,10153,11040,11637,11253
,,,,,,,,,,,,,,,,,,,,,,,
観測地点,Ｈ１７区間番号,路線名,都市計画路線名,通称道路名,調査日,天候,時間・種別,７～８,８～９,９～１０,１０～１１,１１～１２,１２～１３,１３～１４,１４～１５,１５～１６,１６～１７,１７～１８,１８～１９,１２ｈ計,２４ｈ計,,
６１４８０西多摩郡日の出町平井１１８６,６０５５,一般都道奥多摩あきる野線（都道１８４号）,－,－,１０月２６日（火）,曇,自動車類上り大型車,39,50,52,70,58,39,52,38,42,46,37,30,553,-,,
６１４８０西多摩郡日の出町平井１１８６,６０５５,一般都道奥多摩あきる野線（都道１８４号）,－,－,１０月２６日（火）,曇,自動車類上り小型車,354,559,342,323,312,392,378,370,435,439,528,475,4907,-,,
６１４８０西多摩郡日の出町平井１１８６,６０５５,一般都道奥多摩あきる野線（都道１８４号）,－,－,１０月２６日（火）,曇,自動車類上り計,393,609,394,393,370,431,430,408,477,485,565,505,5460,-,,
６１４８０西多摩郡日の出町平井１１８６,６０５５,一般都道奥多摩あきる野線（都道１８４号）,－,－,１０月２６日（火）,曇,自動車類下り大型車,33,52,42,50,59,38,52,45,48,37,36,11,503,-,,
６１４８０西多摩郡日の出町平井１１８６,６０５５,一般都道奥多摩あきる野線（都道１８４号）,－,－,１０月２６日（火）,曇,自動車類下り小型車,450,550,464,452,392,372,398,379,388,474,574,397,5290,-,,
６１４８０西多摩郡日の出町平井１１８６,６０５５,一般都道奥多摩あきる野線（都道１８４号）,－,－,１０月２６日（火）,曇,自動車類下り計,483,602,506,502,451,410,450,424,436,511,610,408,5793,-,,
６１４８０西多摩郡日の出町平井１１８６,６０５５,一般都道奥多摩あきる野線（都道１８４号）,－,－,１０月２６日（火）,曇,自動車類合計大型車,72,102,94,120,117,77,104,83,90,83,73,41,1056,-,,
６１４８０西多摩郡日の出町平井１１８６,６０５５,一般都道奥多摩あきる野線（都道１８４号）,－,－,１０月２６日（火）,曇,自動車類合計小型車,804,1109,806,775,704,764,776,749,823,913,1102,872,10197,-,,
６１４８０西多摩郡日の出町平井１１８６,６０５５,一般都道奥多摩あきる野線（都道１８４号）,－,－,１０月２６日（火）,曇,自動車類合計計,876,1211,900,895,821,841,880,832,913,996,1175,913,11253,-,,
６１４８０西多摩郡日の出町平井１１８６,６０５５,一般都道奥多摩あきる野線（都道１８４号）,－,－,１０月２６日（火）,曇,二輪車類,16,19,12,12,11,16,11,19,7,16,18,17,174,,,
６１４８０西多摩郡日の出町平井１１８６,６０５５,一般都道奥多摩あきる野線（都道１８４号）,－,－,１０月２６日（火）,曇,自転車類,10,21,5,4,4,19,13,15,15,25,20,10,161,,,
６１４８０西多摩郡日の出町平井１１８６,６０５５,一般都道奥多摩あきる野線（都道１８４号）,－,－,１０月２６日（火）,曇,歩行者類,96,40,23,18,13,11,19,28,36,75,33,32,424,,,
