﻿観測地点,Ｈ１７区間番号,路線名,都市計画路線名,通称道路名,調査日,天候,ピーク時間交通量（台／ｈ）,ピーク率（％）,混雑時平均旅行速度（ｋｍ／ｈ）,大型車台数（台／１２ｈ）,混入率（％）,混雑度,昼夜率,車線数,５８年度（台／１２ｈ）,６０年度（台／１２ｈ）,６３年度（台／１２ｈ）,２年度（台／１２ｈ）,６年度（台／１２ｈ）,９年度（台／１２ｈ）,１１年度（台／１２ｈ）,１７年度（台／１２ｈ）,２２年度（台／１２ｈ）
６２８２０八王子市裏高尾町１２７７,６１１１,一般都道浅川相模湖線（都道５１６号）,－,（旧甲州街道）,１０月２７日（水）,晴,50,14.1,25,39,11.0,0.28,-,1,753,803,667,775,886,1047,1161,1154,355
,,,,,,,,,,,,,,,,,,,,,,,
観測地点,Ｈ１７区間番号,路線名,都市計画路線名,通称道路名,調査日,天候,時間・種別,７～８,８～９,９～１０,１０～１１,１１～１２,１２～１３,１３～１４,１４～１５,１５～１６,１６～１７,１７～１８,１８～１９,１２ｈ計,２４ｈ計,,
６２８２０八王子市裏高尾町１２７７,６１１１,一般都道浅川相模湖線（都道５１６号）,－,（旧甲州街道）,１０月２７日（水）,晴,自動車類上り大型車,1,1,1,4,1,1,2,2,2,1,1,1,18,-,,
６２８２０八王子市裏高尾町１２７７,６１１１,一般都道浅川相模湖線（都道５１６号）,－,（旧甲州街道）,１０月２７日（水）,晴,自動車類上り小型車,7,6,19,11,9,19,9,23,19,22,10,1,155,-,,
６２８２０八王子市裏高尾町１２７７,６１１１,一般都道浅川相模湖線（都道５１６号）,－,（旧甲州街道）,１０月２７日（水）,晴,自動車類上り計,8,7,20,15,10,20,11,25,21,23,11,2,173,-,,
６２８２０八王子市裏高尾町１２７７,６１１１,一般都道浅川相模湖線（都道５１６号）,－,（旧甲州街道）,１０月２７日（水）,晴,自動車類下り大型車,1,1,3,3,2,2,3,2,1,1,1,1,21,-,,
６２８２０八王子市裏高尾町１２７７,６１１１,一般都道浅川相模湖線（都道５１６号）,－,（旧甲州街道）,１０月２７日（水）,晴,自動車類下り小型車,8,17,27,12,20,13,7,19,17,11,6,4,161,-,,
６２８２０八王子市裏高尾町１２７７,６１１１,一般都道浅川相模湖線（都道５１６号）,－,（旧甲州街道）,１０月２７日（水）,晴,自動車類下り計,9,18,30,15,22,15,10,21,18,12,7,5,182,-,,
６２８２０八王子市裏高尾町１２７７,６１１１,一般都道浅川相模湖線（都道５１６号）,－,（旧甲州街道）,１０月２７日（水）,晴,自動車類合計大型車,2,2,4,7,3,3,5,4,3,2,2,2,39,-,,
６２８２０八王子市裏高尾町１２７７,６１１１,一般都道浅川相模湖線（都道５１６号）,－,（旧甲州街道）,１０月２７日（水）,晴,自動車類合計小型車,15,23,46,23,29,32,16,42,36,33,16,5,316,-,,
６２８２０八王子市裏高尾町１２７７,６１１１,一般都道浅川相模湖線（都道５１６号）,－,（旧甲州街道）,１０月２７日（水）,晴,自動車類合計計,17,25,50,30,32,35,21,46,39,35,18,7,355,-,,
６２８２０八王子市裏高尾町１２７７,６１１１,一般都道浅川相模湖線（都道５１６号）,－,（旧甲州街道）,１０月２７日（水）,晴,二輪車類,2,2,1,7,2,6,5,3,7,4,4,1,44,,,
６２８２０八王子市裏高尾町１２７７,６１１１,一般都道浅川相模湖線（都道５１６号）,－,（旧甲州街道）,１０月２７日（水）,晴,自転車類,0,2,0,3,1,1,3,1,2,1,0,0,14,,,
６２８２０八王子市裏高尾町１２７７,６１１１,一般都道浅川相模湖線（都道５１６号）,－,（旧甲州街道）,１０月２７日（水）,晴,歩行者類,10,4,6,15,4,5,8,14,17,8,4,0,95,,,
