﻿観測地点,Ｈ１７区間番号,路線名,都市計画路線名,通称道路名,調査日,天候,ピーク時間交通量（台／ｈ）,ピーク率（％）,混雑時平均旅行速度（ｋｍ／ｈ）,大型車台数（台／１２ｈ）,混入率（％）,混雑度,昼夜率,車線数,５８年度（台／１２ｈ）,６０年度（台／１２ｈ）,６３年度（台／１２ｈ）,２年度（台／１２ｈ）,６年度（台／１２ｈ）,９年度（台／１２ｈ）,１１年度（台／１２ｈ）,１７年度（台／１２ｈ）,２２年度（台／１２ｈ）
６２２９０神津島村２番地,６０９２,一般都道長浜多幸線（都道２２４号）,－,神津本道,１１月１５日（月）,晴,165,10.9,28.7,99,6.6,0.19,-,2,1448,973,1365,1706,1482,1233,-,2058,1511
,,,,,,,,,,,,,,,,,,,,,,,
観測地点,Ｈ１７区間番号,路線名,都市計画路線名,通称道路名,調査日,天候,時間・種別,７～８,８～９,９～１０,１０～１１,１１～１２,１２～１３,１３～１４,１４～１５,１５～１６,１６～１７,１７～１８,１８～１９,１２ｈ計,２４ｈ計,,
６２２９０神津島村２番地,６０９２,一般都道長浜多幸線（都道２２４号）,－,神津本道,１１月１５日（月）,晴,自動車類上り大型車,0,5,8,6,6,1,5,5,4,11,1,2,54,-,,
６２２９０神津島村２番地,６０９２,一般都道長浜多幸線（都道２２４号）,－,神津本道,１１月１５日（月）,晴,自動車類上り小型車,83,89,62,65,55,49,75,71,67,77,52,46,791,-,,
６２２９０神津島村２番地,６０９２,一般都道長浜多幸線（都道２２４号）,－,神津本道,１１月１５日（月）,晴,自動車類上り計,83,94,70,71,61,50,80,76,71,88,53,48,845,-,,
６２２９０神津島村２番地,６０９２,一般都道長浜多幸線（都道２２４号）,－,神津本道,１１月１５日（月）,晴,自動車類下り大型車,3,10,0,10,1,0,7,5,2,4,0,3,45,-,,
６２２９０神津島村２番地,６０９２,一般都道長浜多幸線（都道２２４号）,－,神津本道,１１月１５日（月）,晴,自動車類下り小型車,46,48,65,35,47,52,56,47,74,73,43,35,621,-,,
６２２９０神津島村２番地,６０９２,一般都道長浜多幸線（都道２２４号）,－,神津本道,１１月１５日（月）,晴,自動車類下り計,49,58,65,45,48,52,63,52,76,77,43,38,666,-,,
６２２９０神津島村２番地,６０９２,一般都道長浜多幸線（都道２２４号）,－,神津本道,１１月１５日（月）,晴,自動車類合計大型車,3,15,8,16,7,1,12,10,6,15,1,5,99,-,,
６２２９０神津島村２番地,６０９２,一般都道長浜多幸線（都道２２４号）,－,神津本道,１１月１５日（月）,晴,自動車類合計小型車,129,137,127,100,102,101,131,118,141,150,95,81,1412,-,,
６２２９０神津島村２番地,６０９２,一般都道長浜多幸線（都道２２４号）,－,神津本道,１１月１５日（月）,晴,自動車類合計計,132,152,135,116,109,102,143,128,147,165,96,86,1511,-,,
６２２９０神津島村２番地,６０９２,一般都道長浜多幸線（都道２２４号）,－,神津本道,１１月１５日（月）,晴,二輪車類,12,12,16,5,8,17,12,13,13,11,6,9,134,,,
６２２９０神津島村２番地,６０９２,一般都道長浜多幸線（都道２２４号）,－,神津本道,１１月１５日（月）,晴,自転車類,0,0,0,0,0,1,0,1,0,0,1,0,3,,,
６２２９０神津島村２番地,６０９２,一般都道長浜多幸線（都道２２４号）,－,神津本道,１１月１５日（月）,晴,歩行者類,3,2,4,89,5,1,1,6,11,0,66,47,235,,,
