﻿観測地点,Ｈ１７区間番号,路線名,都市計画路線名,通称道路名,調査日,天候,ピーク時間交通量（台／ｈ）,ピーク率（％）,混雑時平均旅行速度（ｋｍ／ｈ）,大型車台数（台／１２ｈ）,混入率（％）,混雑度,昼夜率,車線数,５８年度（台／１２ｈ）,６０年度（台／１２ｈ）,６３年度（台／１２ｈ）,２年度（台／１２ｈ）,６年度（台／１２ｈ）,９年度（台／１２ｈ）,１１年度（台／１２ｈ）,１７年度（台／１２ｈ）,２２年度（台／１２ｈ）
６１８６０大島町元町小清水,６０７０,一般都道大島公園線（都道２０７号）,－,大島一周道路,１１月１６日（火）,晴,658,10.7,36.4,371,6.0,0.64,-,2,4875,5020,5583,6433,6299,6418,6599,6696,6168
,,,,,,,,,,,,,,,,,,,,,,,
観測地点,Ｈ１７区間番号,路線名,都市計画路線名,通称道路名,調査日,天候,時間・種別,７～８,８～９,９～１０,１０～１１,１１～１２,１２～１３,１３～１４,１４～１５,１５～１６,１６～１７,１７～１８,１８～１９,１２ｈ計,２４ｈ計,,
６１８６０大島町元町小清水,６０７０,一般都道大島公園線（都道２０７号）,－,大島一周道路,１１月１６日（火）,晴,自動車類上り大型車,17,35,28,23,16,9,16,24,17,14,4,1,204,-,,
６１８６０大島町元町小清水,６０７０,一般都道大島公園線（都道２０７号）,－,大島一周道路,１１月１６日（火）,晴,自動車類上り小型車,190,255,239,245,289,221,243,377,213,234,304,155,2965,-,,
６１８６０大島町元町小清水,６０７０,一般都道大島公園線（都道２０７号）,－,大島一周道路,１１月１６日（火）,晴,自動車類上り計,207,290,267,268,305,230,259,401,230,248,308,156,3169,-,,
６１８６０大島町元町小清水,６０７０,一般都道大島公園線（都道２０７号）,－,大島一周道路,１１月１６日（火）,晴,自動車類下り大型車,15,12,17,21,16,8,15,18,17,16,10,2,167,-,,
６１８６０大島町元町小清水,６０７０,一般都道大島公園線（都道２０７号）,－,大島一周道路,１１月１６日（火）,晴,自動車類下り小型車,209,237,238,259,264,209,231,239,277,241,286,142,2832,-,,
６１８６０大島町元町小清水,６０７０,一般都道大島公園線（都道２０７号）,－,大島一周道路,１１月１６日（火）,晴,自動車類下り計,224,249,255,280,280,217,246,257,294,257,296,144,2999,-,,
６１８６０大島町元町小清水,６０７０,一般都道大島公園線（都道２０７号）,－,大島一周道路,１１月１６日（火）,晴,自動車類合計大型車,32,47,45,44,32,17,31,42,34,30,14,3,371,-,,
６１８６０大島町元町小清水,６０７０,一般都道大島公園線（都道２０７号）,－,大島一周道路,１１月１６日（火）,晴,自動車類合計小型車,399,492,477,504,553,430,474,616,490,475,590,297,5797,-,,
６１８６０大島町元町小清水,６０７０,一般都道大島公園線（都道２０７号）,－,大島一周道路,１１月１６日（火）,晴,自動車類合計計,431,539,522,548,585,447,505,658,524,505,604,300,6168,-,,
６１８６０大島町元町小清水,６０７０,一般都道大島公園線（都道２０７号）,－,大島一周道路,１１月１６日（火）,晴,二輪車類,11,9,9,7,6,18,7,3,14,13,15,10,122,,,
６１８６０大島町元町小清水,６０７０,一般都道大島公園線（都道２０７号）,－,大島一周道路,１１月１６日（火）,晴,自転車類,17,5,2,4,3,7,5,2,3,11,10,3,72,,,
６１８６０大島町元町小清水,６０７０,一般都道大島公園線（都道２０７号）,－,大島一周道路,１１月１６日（火）,晴,歩行者類,53,76,20,13,14,85,38,7,43,20,75,17,461,,,
