﻿観測地点,Ｈ１７区間番号,路線名,都市計画路線名,通称道路名,調査日,天候,ピーク時間交通量（台／ｈ）,ピーク率（％）,混雑時平均旅行速度（ｋｍ／ｈ）,大型車台数（台／１２ｈ）,混入率（％）,混雑度,昼夜率,車線数,５８年度（台／１２ｈ）,６０年度（台／１２ｈ）,６３年度（台／１２ｈ）,２年度（台／１２ｈ）,６年度（台／１２ｈ）,９年度（台／１２ｈ）,１１年度（台／１２ｈ）,１７年度（台／１２ｈ）,２２年度（台／１２ｈ）
４１６５０清瀬市下清戸１－３５０,４０５９,主要地方道さいたま東村山線（都道４０号）,東村山３・４・７,志木街道,１０月２６日（火）,晴,1081,8.9,10.1,2454,20.2,1.23,-,2,10738,10435,9958,11413,9924,9903,9633,10988,12153
,,,,,,,,,,,,,,,,,,,,,,,
観測地点,Ｈ１７区間番号,路線名,都市計画路線名,通称道路名,調査日,天候,時間・種別,７～８,８～９,９～１０,１０～１１,１１～１２,１２～１３,１３～１４,１４～１５,１５～１６,１６～１７,１７～１８,１８～１９,１２ｈ計,２４ｈ計,,
４１６５０清瀬市下清戸１－３５０,４０５９,主要地方道さいたま東村山線（都道４０号）,東村山３・４・７,志木街道,１０月２６日（火）,晴,自動車類上り大型車,52,66,148,139,138,127,129,131,115,77,54,37,1213,-,,
４１６５０清瀬市下清戸１－３５０,４０５９,主要地方道さいたま東村山線（都道４０号）,東村山３・４・７,志木街道,１０月２６日（火）,晴,自動車類上り小型車,369,355,348,369,374,359,367,375,363,382,387,362,4410,-,,
４１６５０清瀬市下清戸１－３５０,４０５９,主要地方道さいたま東村山線（都道４０号）,東村山３・４・７,志木街道,１０月２６日（火）,晴,自動車類上り計,421,421,496,508,512,486,496,506,478,459,441,399,5623,-,,
４１６５０清瀬市下清戸１－３５０,４０５９,主要地方道さいたま東村山線（都道４０号）,東村山３・４・７,志木街道,１０月２６日（火）,晴,自動車類下り大型車,117,132,137,137,124,114,114,119,93,58,49,47,1241,-,,
４１６５０清瀬市下清戸１－３５０,４０５９,主要地方道さいたま東村山線（都道４０号）,東村山３・４・７,志木街道,１０月２６日（火）,晴,自動車類下り小型車,426,410,410,421,365,342,397,456,461,493,549,559,5289,-,,
４１６５０清瀬市下清戸１－３５０,４０５９,主要地方道さいたま東村山線（都道４０号）,東村山３・４・７,志木街道,１０月２６日（火）,晴,自動車類下り計,543,542,547,558,489,456,511,575,554,551,598,606,6530,-,,
４１６５０清瀬市下清戸１－３５０,４０５９,主要地方道さいたま東村山線（都道４０号）,東村山３・４・７,志木街道,１０月２６日（火）,晴,自動車類合計大型車,169,198,285,276,262,241,243,250,208,135,103,84,2454,-,,
４１６５０清瀬市下清戸１－３５０,４０５９,主要地方道さいたま東村山線（都道４０号）,東村山３・４・７,志木街道,１０月２６日（火）,晴,自動車類合計小型車,795,765,758,790,739,701,764,831,824,875,936,921,9699,-,,
４１６５０清瀬市下清戸１－３５０,４０５９,主要地方道さいたま東村山線（都道４０号）,東村山３・４・７,志木街道,１０月２６日（火）,晴,自動車類合計計,964,963,1043,1066,1001,942,1007,1081,1032,1010,1039,1005,12153,-,,
４１６５０清瀬市下清戸１－３５０,４０５９,主要地方道さいたま東村山線（都道４０号）,東村山３・４・７,志木街道,１０月２６日（火）,晴,二輪車類,100,77,33,34,36,42,44,34,31,55,85,84,655,,,
４１６５０清瀬市下清戸１－３５０,４０５９,主要地方道さいたま東村山線（都道４０号）,東村山３・４・７,志木街道,１０月２６日（火）,晴,自転車類,155,112,77,69,66,57,50,57,63,84,86,91,967,,,
４１６５０清瀬市下清戸１－３５０,４０５９,主要地方道さいたま東村山線（都道４０号）,東村山３・４・７,志木街道,１０月２６日（火）,晴,歩行者類,16,18,25,25,15,21,23,18,24,23,21,24,253,,,
