﻿観測地点,Ｈ１７区間番号,路線名,都市計画路線名,通称道路名,調査日,天候,ピーク時間交通量（台／ｈ）,ピーク率（％）,混雑時平均旅行速度（ｋｍ／ｈ）,大型車台数（台／１２ｈ）,混入率（％）,混雑度,昼夜率,車線数,５８年度（台／１２ｈ）,６０年度（台／１２ｈ）,６３年度（台／１２ｈ）,２年度（台／１２ｈ）,６年度（台／１２ｈ）,９年度（台／１２ｈ）,１１年度（台／１２ｈ）,１７年度（台／１２ｈ）,２２年度（台／１２ｈ）
６２７１０八王子市高倉町２９－５,１０２５,一般都道八王子国立線（都道２５６号）,八王子３・３・１,甲州街道,１０月２１日（木）,雨,1051,9.3,23.4,1680,14.9,0.53,-,4,30782,24840,26311,26185,28356,27136,25754,25988,11265
,,,,,,,,,,,,,,,,,,,,,,,
観測地点,Ｈ１７区間番号,路線名,都市計画路線名,通称道路名,調査日,天候,時間・種別,７～８,８～９,９～１０,１０～１１,１１～１２,１２～１３,１３～１４,１４～１５,１５～１６,１６～１７,１７～１８,１８～１９,１２ｈ計,２４ｈ計,,
６２７１０八王子市高倉町２９－５,１０２５,一般都道八王子国立線（都道２５６号）,八王子３・３・１,甲州街道,１０月２１日（木）,雨,自動車類上り大型車,86,64,100,98,85,77,90,71,58,43,41,25,838,-,,
６２７１０八王子市高倉町２９－５,１０２５,一般都道八王子国立線（都道２５６号）,八王子３・３・１,甲州街道,１０月２１日（木）,雨,自動車類上り小型車,448,457,341,315,431,359,359,353,401,389,480,399,4732,-,,
６２７１０八王子市高倉町２９－５,１０２５,一般都道八王子国立線（都道２５６号）,八王子３・３・１,甲州街道,１０月２１日（木）,雨,自動車類上り計,534,521,441,413,516,436,449,424,459,432,521,424,5570,-,,
６２７１０八王子市高倉町２９－５,１０２５,一般都道八王子国立線（都道２５６号）,八王子３・３・１,甲州街道,１０月２１日（木）,雨,自動車類下り大型車,43,86,99,85,81,61,75,74,69,67,64,38,842,-,,
６２７１０八王子市高倉町２９－５,１０２５,一般都道八王子国立線（都道２５６号）,八王子３・３・１,甲州街道,１０月２１日（木）,雨,自動車類下り小型車,366,444,348,385,383,342,424,472,414,388,460,427,4853,-,,
６２７１０八王子市高倉町２９－５,１０２５,一般都道八王子国立線（都道２５６号）,八王子３・３・１,甲州街道,１０月２１日（木）,雨,自動車類下り計,409,530,447,470,464,403,499,546,483,455,524,465,5695,-,,
６２７１０八王子市高倉町２９－５,１０２５,一般都道八王子国立線（都道２５６号）,八王子３・３・１,甲州街道,１０月２１日（木）,雨,自動車類合計大型車,129,150,199,183,166,138,165,145,127,110,105,63,1680,-,,
６２７１０八王子市高倉町２９－５,１０２５,一般都道八王子国立線（都道２５６号）,八王子３・３・１,甲州街道,１０月２１日（木）,雨,自動車類合計小型車,814,901,689,700,814,701,783,825,815,777,940,826,9585,-,,
６２７１０八王子市高倉町２９－５,１０２５,一般都道八王子国立線（都道２５６号）,八王子３・３・１,甲州街道,１０月２１日（木）,雨,自動車類合計計,943,1051,888,883,980,839,948,970,942,887,1045,889,11265,-,,
６２７１０八王子市高倉町２９－５,１０２５,一般都道八王子国立線（都道２５６号）,八王子３・３・１,甲州街道,１０月２１日（木）,雨,二輪車類,98,87,37,45,57,49,54,53,79,64,83,81,787,,,
６２７１０八王子市高倉町２９－５,１０２５,一般都道八王子国立線（都道２５６号）,八王子３・３・１,甲州街道,１０月２１日（木）,雨,自転車類,62,71,26,27,12,28,16,22,40,35,63,64,466,,,
６２７１０八王子市高倉町２９－５,１０２５,一般都道八王子国立線（都道２５６号）,八王子３・３・１,甲州街道,１０月２１日（木）,雨,歩行者類,71,45,27,13,17,36,9,19,14,27,62,57,397,,,
