﻿観測地点,Ｈ１７区間番号,路線名,都市計画路線名,通称道路名,調査日,天候,ピーク時間交通量（台／ｈ）,ピーク率（％）,混雑時平均旅行速度（ｋｍ／ｈ）,大型車台数（台／１２ｈ）,混入率（％）,混雑度,昼夜率,車線数,５８年度（台／１２ｈ）,６０年度（台／１２ｈ）,６３年度（台／１２ｈ）,２年度（台／１２ｈ）,６年度（台／１２ｈ）,９年度（台／１２ｈ）,１１年度（台／１２ｈ）,１７年度（台／１２ｈ）,２２年度（台／１２ｈ）
４１４５０福生市福生１７９２,１４０５０,主要地方道立川青梅線（都道２９号）,－,奥多摩街道,１０月２８日（木）,雨,537,10.4,23.3,1021,19.9,1.01,-,2,8427,8165,8391,8641,8991,8770,8432,6816,5142
,,,,,,,,,,,,,,,,,,,,,,,
観測地点,Ｈ１７区間番号,路線名,都市計画路線名,通称道路名,調査日,天候,時間・種別,７～８,８～９,９～１０,１０～１１,１１～１２,１２～１３,１３～１４,１４～１５,１５～１６,１６～１７,１７～１８,１８～１９,１２ｈ計,２４ｈ計,,
４１４５０福生市福生１７９２,１４０５０,主要地方道立川青梅線（都道２９号）,－,奥多摩街道,１０月２８日（木）,雨,自動車類上り大型車,27,29,65,68,59,32,48,43,40,29,17,7,464,-,,
４１４５０福生市福生１７９２,１４０５０,主要地方道立川青梅線（都道２９号）,－,奥多摩街道,１０月２８日（木）,雨,自動車類上り小型車,239,201,180,171,168,120,114,172,159,131,169,177,2001,-,,
４１４５０福生市福生１７９２,１４０５０,主要地方道立川青梅線（都道２９号）,－,奥多摩街道,１０月２８日（木）,雨,自動車類上り計,266,230,245,239,227,152,162,215,199,160,186,184,2465,-,,
４１４５０福生市福生１７９２,１４０５０,主要地方道立川青梅線（都道２９号）,－,奥多摩街道,１０月２８日（木）,雨,自動車類下り大型車,36,68,87,71,42,50,45,69,28,25,18,18,557,-,,
４１４５０福生市福生１７９２,１４０５０,主要地方道立川青梅線（都道２９号）,－,奥多摩街道,１０月２８日（木）,雨,自動車類下り小型車,130,185,205,178,134,104,137,176,224,192,212,243,2120,-,,
４１４５０福生市福生１７９２,１４０５０,主要地方道立川青梅線（都道２９号）,－,奥多摩街道,１０月２８日（木）,雨,自動車類下り計,166,253,292,249,176,154,182,245,252,217,230,261,2677,-,,
４１４５０福生市福生１７９２,１４０５０,主要地方道立川青梅線（都道２９号）,－,奥多摩街道,１０月２８日（木）,雨,自動車類合計大型車,63,97,152,139,101,82,93,112,68,54,35,25,1021,-,,
４１４５０福生市福生１７９２,１４０５０,主要地方道立川青梅線（都道２９号）,－,奥多摩街道,１０月２８日（木）,雨,自動車類合計小型車,369,386,385,349,302,224,251,348,383,323,381,420,4121,-,,
４１４５０福生市福生１７９２,１４０５０,主要地方道立川青梅線（都道２９号）,－,奥多摩街道,１０月２８日（木）,雨,自動車類合計計,432,483,537,488,403,306,344,460,451,377,416,445,5142,-,,
４１４５０福生市福生１７９２,１４０５０,主要地方道立川青梅線（都道２９号）,－,奥多摩街道,１０月２８日（木）,雨,二輪車類,-,-,-,-,-,-,-,-,-,-,-,-,-,,,
４１４５０福生市福生１７９２,１４０５０,主要地方道立川青梅線（都道２９号）,－,奥多摩街道,１０月２８日（木）,雨,自転車類,3,2,0,1,1,0,2,0,4,1,1,3,18,,,
４１４５０福生市福生１７９２,１４０５０,主要地方道立川青梅線（都道２９号）,－,奥多摩街道,１０月２８日（木）,雨,歩行者類,1,0,0,1,0,0,1,0,1,0,1,1,6,,,
