﻿観測地点,Ｈ１７区間番号,路線名,都市計画路線名,通称道路名,調査日,天候,ピーク時間交通量（台／ｈ）,ピーク率（％）,混雑時平均旅行速度（ｋｍ／ｈ）,大型車台数（台／１２ｈ）,混入率（％）,混雑度,昼夜率,車線数,５８年度（台／１２ｈ）,６０年度（台／１２ｈ）,６３年度（台／１２ｈ）,２年度（台／１２ｈ）,６年度（台／１２ｈ）,９年度（台／１２ｈ）,１１年度（台／１２ｈ）,１７年度（台／１２ｈ）,２２年度（台／１２ｈ）
４１２７０東久留米市氷川台２－３６,３４０５４,主要地方道練馬所沢線（都道２４号）,－,－,１０月１３日（水）,晴,115,10.5,19.7,48,4.4,0.4,-,1,-,10975,10877,10405,12169,951,973,4199,1095
,,,,,,,,,,,,,,,,,,,,,,,
観測地点,Ｈ１７区間番号,路線名,都市計画路線名,通称道路名,調査日,天候,時間・種別,７～８,８～９,９～１０,１０～１１,１１～１２,１２～１３,１３～１４,１４～１５,１５～１６,１６～１７,１７～１８,１８～１９,１２ｈ計,２４ｈ計,,
４１２７０東久留米市氷川台２－３６,３４０５４,主要地方道練馬所沢線（都道２４号）,－,－,１０月１３日（水）,晴,自動車類上り大型車,0,2,5,3,0,2,4,4,2,1,0,0,23,-,,
４１２７０東久留米市氷川台２－３６,３４０５４,主要地方道練馬所沢線（都道２４号）,－,－,１０月１３日（水）,晴,自動車類上り小型車,32,41,52,48,34,31,36,47,60,51,60,53,545,-,,
４１２７０東久留米市氷川台２－３６,３４０５４,主要地方道練馬所沢線（都道２４号）,－,－,１０月１３日（水）,晴,自動車類上り計,32,43,57,51,34,33,40,51,62,52,60,53,568,-,,
４１２７０東久留米市氷川台２－３６,３４０５４,主要地方道練馬所沢線（都道２４号）,－,－,１０月１３日（水）,晴,自動車類下り大型車,2,0,4,0,3,1,3,6,2,0,2,2,25,-,,
４１２７０東久留米市氷川台２－３６,３４０５４,主要地方道練馬所沢線（都道２４号）,－,－,１０月１３日（水）,晴,自動車類下り小型車,37,34,54,34,35,39,43,46,44,49,36,51,502,-,,
４１２７０東久留米市氷川台２－３６,３４０５４,主要地方道練馬所沢線（都道２４号）,－,－,１０月１３日（水）,晴,自動車類下り計,39,34,58,34,38,40,46,52,46,49,38,53,527,-,,
４１２７０東久留米市氷川台２－３６,３４０５４,主要地方道練馬所沢線（都道２４号）,－,－,１０月１３日（水）,晴,自動車類合計大型車,2,2,9,3,3,3,7,10,4,1,2,2,48,-,,
４１２７０東久留米市氷川台２－３６,３４０５４,主要地方道練馬所沢線（都道２４号）,－,－,１０月１３日（水）,晴,自動車類合計小型車,69,75,106,82,69,70,79,93,104,100,96,104,1047,-,,
４１２７０東久留米市氷川台２－３６,３４０５４,主要地方道練馬所沢線（都道２４号）,－,－,１０月１３日（水）,晴,自動車類合計計,71,77,115,85,72,73,86,103,108,101,98,106,1095,-,,
４１２７０東久留米市氷川台２－３６,３４０５４,主要地方道練馬所沢線（都道２４号）,－,－,１０月１３日（水）,晴,二輪車類,-,-,-,-,-,-,-,-,-,-,-,-,-,,,
４１２７０東久留米市氷川台２－３６,３４０５４,主要地方道練馬所沢線（都道２４号）,－,－,１０月１３日（水）,晴,自転車類,29,59,25,30,23,29,13,16,20,23,17,26,310,,,
４１２７０東久留米市氷川台２－３６,３４０５４,主要地方道練馬所沢線（都道２４号）,－,－,１０月１３日（水）,晴,歩行者類,6,9,5,9,4,4,4,3,4,3,3,4,58,,,
