﻿観測地点,Ｈ１７区間番号,路線名,都市計画路線名,通称道路名,調査日,天候,ピーク時間交通量（台／ｈ）,ピーク率（％）,混雑時平均旅行速度（ｋｍ／ｈ）,大型車台数（台／１２ｈ）,混入率（％）,混雑度,昼夜率,車線数,５８年度（台／１２ｈ）,６０年度（台／１２ｈ）,６３年度（台／１２ｈ）,２年度（台／１２ｈ）,６年度（台／１２ｈ）,９年度（台／１２ｈ）,１１年度（台／１２ｈ）,１７年度（台／１２ｈ）,２２年度（台／１２ｈ）
４０９４０町田市小野路町３３８８,４０３８,主要地方道府中町田線（都道１８号）,多摩３・３・８,鎌倉街道,１０月２１日（木）,雨,2116,10.5,27,3048,15.2,1.19,-,4,13129,14232,14605,14811,16519,16854,16978,19537,20066
,,,,,,,,,,,,,,,,,,,,,,,
観測地点,Ｈ１７区間番号,路線名,都市計画路線名,通称道路名,調査日,天候,時間・種別,７～８,８～９,９～１０,１０～１１,１１～１２,１２～１３,１３～１４,１４～１５,１５～１６,１６～１７,１７～１８,１８～１９,１２ｈ計,２４ｈ計,,
４０９４０町田市小野路町３３８８,４０３８,主要地方道府中町田線（都道１８号）,多摩３・３・８,鎌倉街道,１０月２１日（木）,雨,自動車類上り大型車,168,136,149,179,157,126,133,114,111,111,105,72,1561,-,,
４０９４０町田市小野路町３３８８,４０３８,主要地方道府中町田線（都道１８号）,多摩３・３・８,鎌倉街道,１０月２１日（木）,雨,自動車類上り小型車,973,1031,679,759,640,626,665,585,694,680,757,675,8764,-,,
４０９４０町田市小野路町３３８８,４０３８,主要地方道府中町田線（都道１８号）,多摩３・３・８,鎌倉街道,１０月２１日（木）,雨,自動車類上り計,1141,1167,828,938,797,752,798,699,805,791,862,747,10325,-,,
４０９４０町田市小野路町３３８８,４０３８,主要地方道府中町田線（都道１８号）,多摩３・３・８,鎌倉街道,１０月２１日（木）,雨,自動車類下り大型車,134,123,146,159,156,114,120,114,141,124,82,74,1487,-,,
４０９４０町田市小野路町３３８８,４０３８,主要地方道府中町田線（都道１８号）,多摩３・３・８,鎌倉街道,１０月２１日（木）,雨,自動車類下り小型車,799,826,615,626,525,596,617,631,710,669,832,808,8254,-,,
４０９４０町田市小野路町３３８８,４０３８,主要地方道府中町田線（都道１８号）,多摩３・３・８,鎌倉街道,１０月２１日（木）,雨,自動車類下り計,933,949,761,785,681,710,737,745,851,793,914,882,9741,-,,
４０９４０町田市小野路町３３８８,４０３８,主要地方道府中町田線（都道１８号）,多摩３・３・８,鎌倉街道,１０月２１日（木）,雨,自動車類合計大型車,302,259,295,338,313,240,253,228,252,235,187,146,3048,-,,
４０９４０町田市小野路町３３８８,４０３８,主要地方道府中町田線（都道１８号）,多摩３・３・８,鎌倉街道,１０月２１日（木）,雨,自動車類合計小型車,1772,1857,1294,1385,1165,1222,1282,1216,1404,1349,1589,1483,17018,-,,
４０９４０町田市小野路町３３８８,４０３８,主要地方道府中町田線（都道１８号）,多摩３・３・８,鎌倉街道,１０月２１日（木）,雨,自動車類合計計,2074,2116,1589,1723,1478,1462,1535,1444,1656,1584,1776,1629,20066,-,,
４０９４０町田市小野路町３３８８,４０３８,主要地方道府中町田線（都道１８号）,多摩３・３・８,鎌倉街道,１０月２１日（木）,雨,二輪車類,101,94,40,45,30,39,38,65,57,67,86,72,734,,,
４０９４０町田市小野路町３３８８,４０３８,主要地方道府中町田線（都道１８号）,多摩３・３・８,鎌倉街道,１０月２１日（木）,雨,自転車類,27,30,9,17,11,9,5,5,9,6,16,17,161,,,
４０９４０町田市小野路町３３８８,４０３８,主要地方道府中町田線（都道１８号）,多摩３・３・８,鎌倉街道,１０月２１日（木）,雨,歩行者類,21,36,11,15,8,13,9,26,16,12,12,3,182,,,
