﻿観測地点,Ｈ１７区間番号,路線名,都市計画路線名,通称道路名,調査日,天候,ピーク時間交通量（台／ｈ）,ピーク率（％）,混雑時平均旅行速度（ｋｍ／ｈ）,大型車台数（台／１２ｈ）,混入率（％）,混雑度,昼夜率,車線数,５８年度（台／１２ｈ）,６０年度（台／１２ｈ）,６３年度（台／１２ｈ）,２年度（台／１２ｈ）,６年度（台／１２ｈ）,９年度（台／１２ｈ）,１１年度（台／１２ｈ）,１７年度（台／１２ｈ）,２２年度（台／１２ｈ）
４０１６０東村山市萩山町５－９,４００８,主要地方道新宿青梅線（都道５号）,東村山３・４・４,新青梅街道,１０月１３日（水）,晴,2841,9.8,24.7,4732,16.3,1.59,1.44,4,28208,29776,25705,32852,30034,29444,28748,29911,29023
,,,,,,,,,,,,,,,,,,,,,,,
観測地点,Ｈ１７区間番号,路線名,都市計画路線名,通称道路名,調査日,天候,時間・種別,７～８,８～９,９～１０,１０～１１,１１～１２,１２～１３,１３～１４,１４～１５,１５～１６,１６～１７,１７～１８,１８～１９,１２ｈ計,２４ｈ計,,
４０１６０東村山市萩山町５－９,４００８,主要地方道新宿青梅線（都道５号）,東村山３・４・４,新青梅街道,１０月１３日（水）,晴,自動車類上り大型車,194,240,231,265,185,187,195,204,160,163,118,103,2245,3153,,
４０１６０東村山市萩山町５－９,４００８,主要地方道新宿青梅線（都道５号）,東村山３・４・４,新青梅街道,１０月１３日（水）,晴,自動車類上り小型車,1340,1127,901,864,701,850,893,1004,1007,1157,1103,1134,12081,17837,,
４０１６０東村山市萩山町５－９,４００８,主要地方道新宿青梅線（都道５号）,東村山３・４・４,新青梅街道,１０月１３日（水）,晴,自動車類上り計,1534,1367,1132,1129,886,1037,1088,1208,1167,1320,1221,1237,14326,20990,,
４０１６０東村山市萩山町５－９,４００８,主要地方道新宿青梅線（都道５号）,東村山３・４・４,新青梅街道,１０月１３日（水）,晴,自動車類下り大型車,198,263,239,271,234,250,213,200,190,156,131,142,2487,3260,,
４０１６０東村山市萩山町５－９,４００８,主要地方道新宿青梅線（都道５号）,東村山３・４・４,新青梅街道,１０月１３日（水）,晴,自動車類下り小型車,1109,935,928,909,843,925,988,938,989,1033,1255,1358,12210,17640,,
４０１６０東村山市萩山町５－９,４００８,主要地方道新宿青梅線（都道５号）,東村山３・４・４,新青梅街道,１０月１３日（水）,晴,自動車類下り計,1307,1198,1167,1180,1077,1175,1201,1138,1179,1189,1386,1500,14697,20900,,
４０１６０東村山市萩山町５－９,４００８,主要地方道新宿青梅線（都道５号）,東村山３・４・４,新青梅街道,１０月１３日（水）,晴,自動車類合計大型車,392,503,470,536,419,437,408,404,350,319,249,245,4732,6413,,
４０１６０東村山市萩山町５－９,４００８,主要地方道新宿青梅線（都道５号）,東村山３・４・４,新青梅街道,１０月１３日（水）,晴,自動車類合計小型車,2449,2062,1829,1773,1544,1775,1881,1942,1996,2190,2358,2492,24291,35477,,
４０１６０東村山市萩山町５－９,４００８,主要地方道新宿青梅線（都道５号）,東村山３・４・４,新青梅街道,１０月１３日（水）,晴,自動車類合計計,2841,2565,2299,2309,1963,2212,2289,2346,2346,2509,2607,2737,29023,41890,,
４０１６０東村山市萩山町５－９,４００８,主要地方道新宿青梅線（都道５号）,東村山３・４・４,新青梅街道,１０月１３日（水）,晴,二輪車類,191,126,80,76,48,77,70,87,95,103,115,184,1252,,,
４０１６０東村山市萩山町５－９,４００８,主要地方道新宿青梅線（都道５号）,東村山３・４・４,新青梅街道,１０月１３日（水）,晴,自転車類,226,238,99,113,96,97,100,121,151,217,166,181,1805,,,
４０１６０東村山市萩山町５－９,４００８,主要地方道新宿青梅線（都道５号）,東村山３・４・４,新青梅街道,１０月１３日（水）,晴,歩行者類,21,19,23,26,17,22,14,22,28,37,18,16,263,,,
