﻿観測地点,Ｈ１７区間番号,路線名,都市計画路線名,通称道路名,調査日,天候,ピーク時間交通量（台／ｈ）,ピーク率（％）,混雑時平均旅行速度（ｋｍ／ｈ）,大型車台数（台／１２ｈ）,混入率（％）,混雑度,昼夜率,車線数,５８年度（台／１２ｈ）,６０年度（台／１２ｈ）,６３年度（台／１２ｈ）,２年度（台／１２ｈ）,６年度（台／１２ｈ）,９年度（台／１２ｈ）,１１年度（台／１２ｈ）,１７年度（台／１２ｈ）,２２年度（台／１２ｈ）
６１４７０西多摩郡日の出町大久野４３１２,６０５４,一般都道奥多摩あきる野線（都道１８４号）,－,－,１０月２６日（火）,曇,61,12.2,59.4,80,16.1,0.08,-,2,255,290,275,466,485,634,-,1054,498
,,,,,,,,,,,,,,,,,,,,,,,
観測地点,Ｈ１７区間番号,路線名,都市計画路線名,通称道路名,調査日,天候,時間・種別,７～８,８～９,９～１０,１０～１１,１１～１２,１２～１３,１３～１４,１４～１５,１５～１６,１６～１７,１７～１８,１８～１９,１２ｈ計,２４ｈ計,,
６１４７０西多摩郡日の出町大久野４３１２,６０５４,一般都道奥多摩あきる野線（都道１８４号）,－,－,１０月２６日（火）,曇,自動車類上り大型車,2,6,7,5,4,4,4,1,1,4,1,2,41,-,,
６１４７０西多摩郡日の出町大久野４３１２,６０５４,一般都道奥多摩あきる野線（都道１８４号）,－,－,１０月２６日（火）,曇,自動車類上り小型車,10,20,19,23,26,20,16,15,16,16,12,12,205,-,,
６１４７０西多摩郡日の出町大久野４３１２,６０５４,一般都道奥多摩あきる野線（都道１８４号）,－,－,１０月２６日（火）,曇,自動車類上り計,12,26,26,28,30,24,20,16,17,20,13,14,246,-,,
６１４７０西多摩郡日の出町大久野４３１２,６０５４,一般都道奥多摩あきる野線（都道１８４号）,－,－,１０月２６日（火）,曇,自動車類下り大型車,2,3,2,9,4,5,3,2,3,4,1,1,39,-,,
６１４７０西多摩郡日の出町大久野４３１２,６０５４,一般都道奥多摩あきる野線（都道１８４号）,－,－,１０月２６日（火）,曇,自動車類下り小型車,12,22,21,17,27,17,17,18,17,24,16,5,213,-,,
６１４７０西多摩郡日の出町大久野４３１２,６０５４,一般都道奥多摩あきる野線（都道１８４号）,－,－,１０月２６日（火）,曇,自動車類下り計,14,25,23,26,31,22,20,20,20,28,17,6,252,-,,
６１４７０西多摩郡日の出町大久野４３１２,６０５４,一般都道奥多摩あきる野線（都道１８４号）,－,－,１０月２６日（火）,曇,自動車類合計大型車,4,9,9,14,8,9,7,3,4,8,2,3,80,-,,
６１４７０西多摩郡日の出町大久野４３１２,６０５４,一般都道奥多摩あきる野線（都道１８４号）,－,－,１０月２６日（火）,曇,自動車類合計小型車,22,42,40,40,53,37,33,33,33,40,28,17,418,-,,
６１４７０西多摩郡日の出町大久野４３１２,６０５４,一般都道奥多摩あきる野線（都道１８４号）,－,－,１０月２６日（火）,曇,自動車類合計計,26,51,49,54,61,46,40,36,37,48,30,20,498,-,,
６１４７０西多摩郡日の出町大久野４３１２,６０５４,一般都道奥多摩あきる野線（都道１８４号）,－,－,１０月２６日（火）,曇,二輪車類,4,1,3,4,0,1,1,3,1,0,2,2,22,,,
６１４７０西多摩郡日の出町大久野４３１２,６０５４,一般都道奥多摩あきる野線（都道１８４号）,－,－,１０月２６日（火）,曇,自転車類,3,0,0,1,0,0,1,0,0,1,0,0,6,,,
６１４７０西多摩郡日の出町大久野４３１２,６０５４,一般都道奥多摩あきる野線（都道１８４号）,－,－,１０月２６日（火）,曇,歩行者類,6,0,1,1,2,0,4,1,0,0,0,2,17,,,
