﻿観測地点,Ｈ１７区間番号,路線名,都市計画路線名,通称道路名,調査日,天候,ピーク時間交通量（台／ｈ）,ピーク率（％）,混雑時平均旅行速度（ｋｍ／ｈ）,大型車台数（台／１２ｈ）,混入率（％）,混雑度,昼夜率,車線数,５８年度（台／１２ｈ）,６０年度（台／１２ｈ）,６３年度（台／１２ｈ）,２年度（台／１２ｈ）,６年度（台／１２ｈ）,９年度（台／１２ｈ）,１１年度（台／１２ｈ）,１７年度（台／１２ｈ）,２２年度（台／１２ｈ）
４２０８０青梅市成木６－２９１,４０８０,主要地方道青梅秩父線（都道５３号）,－,成木街道,１０月２６日（火）,曇,41,10.7,44.1,44,11.5,0.06,-,2,888,614,838,710,735,925,-,561,384
,,,,,,,,,,,,,,,,,,,,,,,
観測地点,Ｈ１７区間番号,路線名,都市計画路線名,通称道路名,調査日,天候,時間・種別,７～８,８～９,９～１０,１０～１１,１１～１２,１２～１３,１３～１４,１４～１５,１５～１６,１６～１７,１７～１８,１８～１９,１２ｈ計,２４ｈ計,,
４２０８０青梅市成木６－２９１,４０８０,主要地方道青梅秩父線（都道５３号）,－,成木街道,１０月２６日（火）,曇,自動車類上り大型車,2,4,2,0,3,0,1,0,3,3,1,1,20,-,,
４２０８０青梅市成木６－２９１,４０８０,主要地方道青梅秩父線（都道５３号）,－,成木街道,１０月２６日（火）,曇,自動車類上り小型車,21,14,13,16,10,7,15,16,22,12,16,15,177,-,,
４２０８０青梅市成木６－２９１,４０８０,主要地方道青梅秩父線（都道５３号）,－,成木街道,１０月２６日（火）,曇,自動車類上り計,23,18,15,16,13,7,16,16,25,15,17,16,197,-,,
４２０８０青梅市成木６－２９１,４０８０,主要地方道青梅秩父線（都道５３号）,－,成木街道,１０月２６日（火）,曇,自動車類下り大型車,2,2,3,2,2,1,3,1,4,2,1,1,24,-,,
４２０８０青梅市成木６－２９１,４０８０,主要地方道青梅秩父線（都道５３号）,－,成木街道,１０月２６日（火）,曇,自動車類下り小型車,9,10,7,15,21,7,21,12,12,21,15,13,163,-,,
４２０８０青梅市成木６－２９１,４０８０,主要地方道青梅秩父線（都道５３号）,－,成木街道,１０月２６日（火）,曇,自動車類下り計,11,12,10,17,23,8,24,13,16,23,16,14,187,-,,
４２０８０青梅市成木６－２９１,４０８０,主要地方道青梅秩父線（都道５３号）,－,成木街道,１０月２６日（火）,曇,自動車類合計大型車,4,6,5,2,5,1,4,1,7,5,2,2,44,-,,
４２０８０青梅市成木６－２９１,４０８０,主要地方道青梅秩父線（都道５３号）,－,成木街道,１０月２６日（火）,曇,自動車類合計小型車,30,24,20,31,31,14,36,28,34,33,31,28,340,-,,
４２０８０青梅市成木６－２９１,４０８０,主要地方道青梅秩父線（都道５３号）,－,成木街道,１０月２６日（火）,曇,自動車類合計計,34,30,25,33,36,15,40,29,41,38,33,30,384,-,,
４２０８０青梅市成木６－２９１,４０８０,主要地方道青梅秩父線（都道５３号）,－,成木街道,１０月２６日（火）,曇,二輪車類,3,0,4,1,1,6,2,2,3,0,0,0,22,,,
４２０８０青梅市成木６－２９１,４０８０,主要地方道青梅秩父線（都道５３号）,－,成木街道,１０月２６日（火）,曇,自転車類,1,1,0,0,1,0,1,2,0,0,0,0,6,,,
４２０８０青梅市成木６－２９１,４０８０,主要地方道青梅秩父線（都道５３号）,－,成木街道,１０月２６日（火）,曇,歩行者類,0,1,0,6,1,0,1,1,2,2,1,0,15,,,
