﻿観測地点,Ｈ１７区間番号,路線名,都市計画路線名,通称道路名,調査日,天候,ピーク時間交通量（台／ｈ）,ピーク率（％）,混雑時平均旅行速度（ｋｍ／ｈ）,大型車台数（台／１２ｈ）,混入率（％）,混雑度,昼夜率,車線数,５８年度（台／１２ｈ）,６０年度（台／１２ｈ）,６３年度（台／１２ｈ）,２年度（台／１２ｈ）,６年度（台／１２ｈ）,９年度（台／１２ｈ）,１１年度（台／１２ｈ）,１７年度（台／１２ｈ）,２２年度（台／１２ｈ）
６０９４０八王子市南大沢５－２６－１,６０３５,一般都道小山乞田線（都道１５８号）,八王子３・２・５,多摩ニュータウン通り,１０月２１日（木）,雨,1432,10.0,32.1,1414,9.9,0.58,-,4,-,-,-,-,17242,15057,15890,18997,14338
,,,,,,,,,,,,,,,,,,,,,,,
観測地点,Ｈ１７区間番号,路線名,都市計画路線名,通称道路名,調査日,天候,時間・種別,７～８,８～９,９～１０,１０～１１,１１～１２,１２～１３,１３～１４,１４～１５,１５～１６,１６～１７,１７～１８,１８～１９,１２ｈ計,２４ｈ計,,
６０９４０八王子市南大沢５－２６－１,６０３５,一般都道小山乞田線（都道１５８号）,八王子３・２・５,多摩ニュータウン通り,１０月２１日（木）,雨,自動車類上り大型車,51,74,65,90,74,67,80,83,85,64,40,25,798,-,,
６０９４０八王子市南大沢５－２６－１,６０３５,一般都道小山乞田線（都道１５８号）,八王子３・２・５,多摩ニュータウン通り,１０月２１日（木）,雨,自動車類上り小型車,531,507,448,464,521,533,520,493,529,563,734,692,6535,-,,
６０９４０八王子市南大沢５－２６－１,６０３５,一般都道小山乞田線（都道１５８号）,八王子３・２・５,多摩ニュータウン通り,１０月２１日（木）,雨,自動車類上り計,582,581,513,554,595,600,600,576,614,627,774,717,7333,-,,
６０９４０八王子市南大沢５－２６－１,６０３５,一般都道小山乞田線（都道１５８号）,八王子３・２・５,多摩ニュータウン通り,１０月２１日（木）,雨,自動車類下り大型車,62,60,70,50,72,49,64,49,50,43,25,22,616,-,,
６０９４０八王子市南大沢５－２６－１,６０３５,一般都道小山乞田線（都道１５８号）,八王子３・２・５,多摩ニュータウン通り,１０月２１日（木）,雨,自動車類下り小型車,588,571,387,473,493,536,510,496,544,601,633,557,6389,-,,
６０９４０八王子市南大沢５－２６－１,６０３５,一般都道小山乞田線（都道１５８号）,八王子３・２・５,多摩ニュータウン通り,１０月２１日（木）,雨,自動車類下り計,650,631,457,523,565,585,574,545,594,644,658,579,7005,-,,
６０９４０八王子市南大沢５－２６－１,６０３５,一般都道小山乞田線（都道１５８号）,八王子３・２・５,多摩ニュータウン通り,１０月２１日（木）,雨,自動車類合計大型車,113,134,135,140,146,116,144,132,135,107,65,47,1414,-,,
６０９４０八王子市南大沢５－２６－１,６０３５,一般都道小山乞田線（都道１５８号）,八王子３・２・５,多摩ニュータウン通り,１０月２１日（木）,雨,自動車類合計小型車,1119,1078,835,937,1014,1069,1030,989,1073,1164,1367,1249,12924,-,,
６０９４０八王子市南大沢５－２６－１,６０３５,一般都道小山乞田線（都道１５８号）,八王子３・２・５,多摩ニュータウン通り,１０月２１日（木）,雨,自動車類合計計,1232,1212,970,1077,1160,1185,1174,1121,1208,1271,1432,1296,14338,-,,
６０９４０八王子市南大沢５－２６－１,６０３５,一般都道小山乞田線（都道１５８号）,八王子３・２・５,多摩ニュータウン通り,１０月２１日（木）,雨,二輪車類,66,52,43,30,35,42,42,41,40,32,39,50,512,,,
６０９４０八王子市南大沢５－２６－１,６０３５,一般都道小山乞田線（都道１５８号）,八王子３・２・５,多摩ニュータウン通り,１０月２１日（木）,雨,自転車類,22,54,20,14,11,23,14,17,11,19,37,21,263,,,
６０９４０八王子市南大沢５－２６－１,６０３５,一般都道小山乞田線（都道１５８号）,八王子３・２・５,多摩ニュータウン通り,１０月２１日（木）,雨,歩行者類,9,9,4,6,5,8,3,2,2,7,16,8,79,,,
