﻿観測地点,Ｈ１７区間番号,路線名,都市計画路線名,通称道路名,調査日,天候,ピーク時間交通量（台／ｈ）,ピーク率（％）,混雑時平均旅行速度（ｋｍ／ｈ）,大型車台数（台／１２ｈ）,混入率（％）,混雑度,昼夜率,車線数,５８年度（台／１２ｈ）,６０年度（台／１２ｈ）,６３年度（台／１２ｈ）,２年度（台／１２ｈ）,６年度（台／１２ｈ）,９年度（台／１２ｈ）,１１年度（台／１２ｈ）,１７年度（台／１２ｈ）,２２年度（台／１２ｈ）
６２０６０三宅島三宅村伊ヶ谷３３８,６０８１,一般都道三宅循環線（都道２１２号）,－,－,１１月１５日（月）,晴,34,12.9,25,43,16.3,0.04,-,2,-,214,241,185,235,237,-,202,263
,,,,,,,,,,,,,,,,,,,,,,,
観測地点,Ｈ１７区間番号,路線名,都市計画路線名,通称道路名,調査日,天候,時間・種別,７～８,８～９,９～１０,１０～１１,１１～１２,１２～１３,１３～１４,１４～１５,１５～１６,１６～１７,１７～１８,１８～１９,１２ｈ計,２４ｈ計,,
６２０６０三宅島三宅村伊ヶ谷３３８,６０８１,一般都道三宅循環線（都道２１２号）,－,－,１１月１５日（月）,晴,自動車類上り大型車,2,2,0,2,2,0,3,4,1,3,3,0,22,-,,
６２０６０三宅島三宅村伊ヶ谷３３８,６０８１,一般都道三宅循環線（都道２１２号）,－,－,１１月１５日（月）,晴,自動車類上り小型車,6,7,12,13,13,6,6,8,14,14,10,5,114,-,,
６２０６０三宅島三宅村伊ヶ谷３３８,６０８１,一般都道三宅循環線（都道２１２号）,－,－,１１月１５日（月）,晴,自動車類上り計,8,9,12,15,15,6,9,12,15,17,13,5,136,-,,
６２０６０三宅島三宅村伊ヶ谷３３８,６０８１,一般都道三宅循環線（都道２１２号）,－,－,１１月１５日（月）,晴,自動車類下り大型車,3,1,1,1,2,1,2,5,1,2,2,0,21,-,,
６２０６０三宅島三宅村伊ヶ谷３３８,６０８１,一般都道三宅循環線（都道２１２号）,－,－,１１月１５日（月）,晴,自動車類下り小型車,3,16,11,18,10,8,12,7,3,9,5,4,106,-,,
６２０６０三宅島三宅村伊ヶ谷３３８,６０８１,一般都道三宅循環線（都道２１２号）,－,－,１１月１５日（月）,晴,自動車類下り計,6,17,12,19,12,9,14,12,4,11,7,4,127,-,,
６２０６０三宅島三宅村伊ヶ谷３３８,６０８１,一般都道三宅循環線（都道２１２号）,－,－,１１月１５日（月）,晴,自動車類合計大型車,5,3,1,3,4,1,5,9,2,5,5,0,43,-,,
６２０６０三宅島三宅村伊ヶ谷３３８,６０８１,一般都道三宅循環線（都道２１２号）,－,－,１１月１５日（月）,晴,自動車類合計小型車,9,23,23,31,23,14,18,15,17,23,15,9,220,-,,
６２０６０三宅島三宅村伊ヶ谷３３８,６０８１,一般都道三宅循環線（都道２１２号）,－,－,１１月１５日（月）,晴,自動車類合計計,14,26,24,34,27,15,23,24,19,28,20,9,263,-,,
６２０６０三宅島三宅村伊ヶ谷３３８,６０８１,一般都道三宅循環線（都道２１２号）,－,－,１１月１５日（月）,晴,二輪車類,1,2,0,0,1,0,1,0,2,0,0,0,7,,,
６２０６０三宅島三宅村伊ヶ谷３３８,６０８１,一般都道三宅循環線（都道２１２号）,－,－,１１月１５日（月）,晴,自転車類,0,0,0,0,0,0,0,0,0,0,0,0,0,,,
６２０６０三宅島三宅村伊ヶ谷３３８,６０８１,一般都道三宅循環線（都道２１２号）,－,－,１１月１５日（月）,晴,歩行者類,0,1,3,2,2,3,0,0,0,1,0,0,12,,,
