﻿観測地点,Ｈ１７区間番号,路線名,都市計画路線名,通称道路名,調査日,天候,ピーク時間交通量（台／ｈ）,ピーク率（％）,混雑時平均旅行速度（ｋｍ／ｈ）,大型車台数（台／１２ｈ）,混入率（％）,混雑度,昼夜率,車線数,５８年度（台／１２ｈ）,６０年度（台／１２ｈ）,６３年度（台／１２ｈ）,２年度（台／１２ｈ）,６年度（台／１２ｈ）,９年度（台／１２ｈ）,１１年度（台／１２ｈ）,１７年度（台／１２ｈ）,２２年度（台／１２ｈ）
４１４２０福生市熊川１３９－６,１４０４８,主要地方道立川青梅線（都道２９号）,－,奥多摩街道,１０月１４日（木）,曇,816,12.8,14.2,874,13.7,1.27,-,2,9999,10842,12460,12147,11833,11715,12779,11696,6390
,,,,,,,,,,,,,,,,,,,,,,,
観測地点,Ｈ１７区間番号,路線名,都市計画路線名,通称道路名,調査日,天候,時間・種別,７～８,８～９,９～１０,１０～１１,１１～１２,１２～１３,１３～１４,１４～１５,１５～１６,１６～１７,１７～１８,１８～１９,１２ｈ計,２４ｈ計,,
４１４２０福生市熊川１３９－６,１４０４８,主要地方道立川青梅線（都道２９号）,－,奥多摩街道,１０月１４日（木）,曇,自動車類上り大型車,9,34,26,6,13,8,8,13,8,18,6,6,155,-,,
４１４２０福生市熊川１３９－６,１４０４８,主要地方道立川青梅線（都道２９号）,－,奥多摩街道,１０月１４日（木）,曇,自動車類上り小型車,210,180,163,140,147,139,144,114,145,181,220,206,1989,-,,
４１４２０福生市熊川１３９－６,１４０４８,主要地方道立川青梅線（都道２９号）,－,奥多摩街道,１０月１４日（木）,曇,自動車類上り計,219,214,189,146,160,147,152,127,153,199,226,212,2144,-,,
４１４２０福生市熊川１３９－６,１４０４８,主要地方道立川青梅線（都道２９号）,－,奥多摩街道,１０月１４日（木）,曇,自動車類下り大型車,58,80,84,79,85,63,52,67,43,43,31,34,719,-,,
４１４２０福生市熊川１３９－６,１４０４８,主要地方道立川青梅線（都道２９号）,－,奥多摩街道,１０月１４日（木）,曇,自動車類下り小型車,539,352,268,251,224,207,200,224,237,257,381,387,3527,-,,
４１４２０福生市熊川１３９－６,１４０４８,主要地方道立川青梅線（都道２９号）,－,奥多摩街道,１０月１４日（木）,曇,自動車類下り計,597,432,352,330,309,270,252,291,280,300,412,421,4246,-,,
４１４２０福生市熊川１３９－６,１４０４８,主要地方道立川青梅線（都道２９号）,－,奥多摩街道,１０月１４日（木）,曇,自動車類合計大型車,67,114,110,85,98,71,60,80,51,61,37,40,874,-,,
４１４２０福生市熊川１３９－６,１４０４８,主要地方道立川青梅線（都道２９号）,－,奥多摩街道,１０月１４日（木）,曇,自動車類合計小型車,749,532,431,391,371,346,344,338,382,438,601,593,5516,-,,
４１４２０福生市熊川１３９－６,１４０４８,主要地方道立川青梅線（都道２９号）,－,奥多摩街道,１０月１４日（木）,曇,自動車類合計計,816,646,541,476,469,417,404,418,433,499,638,633,6390,-,,
４１４２０福生市熊川１３９－６,１４０４８,主要地方道立川青梅線（都道２９号）,－,奥多摩街道,１０月１４日（木）,曇,二輪車類,33,23,10,9,8,9,14,17,11,22,25,24,205,,,
４１４２０福生市熊川１３９－６,１４０４８,主要地方道立川青梅線（都道２９号）,－,奥多摩街道,１０月１４日（木）,曇,自転車類,71,70,62,51,51,59,31,42,64,74,99,73,747,,,
４１４２０福生市熊川１３９－６,１４０４８,主要地方道立川青梅線（都道２９号）,－,奥多摩街道,１０月１４日（木）,曇,歩行者類,33,44,51,50,53,54,41,53,42,63,63,49,596,,,
