﻿観測地点,Ｈ１７区間番号,路線名,都市計画路線名,通称道路名,調査日,天候,ピーク時間交通量（台／ｈ）,ピーク率（％）,混雑時平均旅行速度（ｋｍ／ｈ）,大型車台数（台／１２ｈ）,混入率（％）,混雑度,昼夜率,車線数,５８年度（台／１２ｈ）,６０年度（台／１２ｈ）,６３年度（台／１２ｈ）,２年度（台／１２ｈ）,６年度（台／１２ｈ）,９年度（台／１２ｈ）,１１年度（台／１２ｈ）,１７年度（台／１２ｈ）,２２年度（台／１２ｈ）
６２５１０小笠原村父島字東町,６１００,一般都道父島循環線（都道２４０号）,－,湾岸通り,１１月１５日（月）,曇,269,10.5,30.2,164,6.4,0.41,-,2,1595,2109,2273,1788,2117,3244,2448,2366,2551
,,,,,,,,,,,,,,,,,,,,,,,
観測地点,Ｈ１７区間番号,路線名,都市計画路線名,通称道路名,調査日,天候,時間・種別,７～８,８～９,９～１０,１０～１１,１１～１２,１２～１３,１３～１４,１４～１５,１５～１６,１６～１７,１７～１８,１８～１９,１２ｈ計,２４ｈ計,,
６２５１０小笠原村父島字東町,６１００,一般都道父島循環線（都道２４０号）,－,湾岸通り,１１月１５日（月）,曇,自動車類上り大型車,5,10,6,6,6,4,12,7,10,13,3,3,85,-,,
６２５１０小笠原村父島字東町,６１００,一般都道父島循環線（都道２４０号）,－,湾岸通り,１１月１５日（月）,曇,自動車類上り小型車,101,113,109,101,114,93,137,68,98,117,111,43,1205,-,,
６２５１０小笠原村父島字東町,６１００,一般都道父島循環線（都道２４０号）,－,湾岸通り,１１月１５日（月）,曇,自動車類上り計,106,123,115,107,120,97,149,75,108,130,114,46,1290,-,,
６２５１０小笠原村父島字東町,６１００,一般都道父島循環線（都道２４０号）,－,湾岸通り,１１月１５日（月）,曇,自動車類下り大型車,3,5,6,11,5,5,7,9,13,6,5,4,79,-,,
６２５１０小笠原村父島字東町,６１００,一般都道父島循環線（都道２４０号）,－,湾岸通り,１１月１５日（月）,曇,自動車類下り小型車,50,119,110,95,125,124,113,59,85,112,135,55,1182,-,,
６２５１０小笠原村父島字東町,６１００,一般都道父島循環線（都道２４０号）,－,湾岸通り,１１月１５日（月）,曇,自動車類下り計,53,124,116,106,130,129,120,68,98,118,140,59,1261,-,,
６２５１０小笠原村父島字東町,６１００,一般都道父島循環線（都道２４０号）,－,湾岸通り,１１月１５日（月）,曇,自動車類合計大型車,8,15,12,17,11,9,19,16,23,19,8,7,164,-,,
６２５１０小笠原村父島字東町,６１００,一般都道父島循環線（都道２４０号）,－,湾岸通り,１１月１５日（月）,曇,自動車類合計小型車,151,232,219,196,239,217,250,127,183,229,246,98,2387,-,,
６２５１０小笠原村父島字東町,６１００,一般都道父島循環線（都道２４０号）,－,湾岸通り,１１月１５日（月）,曇,自動車類合計計,159,247,231,213,250,226,269,143,206,248,254,105,2551,-,,
６２５１０小笠原村父島字東町,６１００,一般都道父島循環線（都道２４０号）,－,湾岸通り,１１月１５日（月）,曇,二輪車類,35,14,21,19,31,38,46,31,33,40,59,30,397,,,
６２５１０小笠原村父島字東町,６１００,一般都道父島循環線（都道２４０号）,－,湾岸通り,１１月１５日（月）,曇,自転車類,29,4,17,7,21,14,37,31,46,29,60,40,335,,,
６２５１０小笠原村父島字東町,６１００,一般都道父島循環線（都道２４０号）,－,湾岸通り,１１月１５日（月）,曇,歩行者類,92,1,9,12,15,10,21,31,54,33,25,32,335,,,
