﻿観測地点,Ｈ１７区間番号,路線名,都市計画路線名,通称道路名,調査日,天候,ピーク時間交通量（台／ｈ）,ピーク率（％）,混雑時平均旅行速度（ｋｍ／ｈ）,大型車台数（台／１２ｈ）,混入率（％）,混雑度,昼夜率,車線数,５８年度（台／１２ｈ）,６０年度（台／１２ｈ）,６３年度（台／１２ｈ）,２年度（台／１２ｈ）,６年度（台／１２ｈ）,９年度（台／１２ｈ）,１１年度（台／１２ｈ）,１７年度（台／１２ｈ）,２２年度（台／１２ｈ）
４０７６０小平市花小金井４－３５,４０３０,主要地方道府中清瀬線（都道１５号）,小平３・４・１７,小金井街道,１０月１３日（水）,晴,1126,9.0,15.8,1791,14.3,1.41,-,2,11266,11133,11404,11985,11495,11930,11402,10746,12491
,,,,,,,,,,,,,,,,,,,,,,,
観測地点,Ｈ１７区間番号,路線名,都市計画路線名,通称道路名,調査日,天候,時間・種別,７～８,８～９,９～１０,１０～１１,１１～１２,１２～１３,１３～１４,１４～１５,１５～１６,１６～１７,１７～１８,１８～１９,１２ｈ計,２４ｈ計,,
４０７６０小平市花小金井４－３５,４０３０,主要地方道府中清瀬線（都道１５号）,小平３・４・１７,小金井街道,１０月１３日（水）,晴,自動車類上り大型車,110,91,102,80,80,66,61,77,70,57,49,38,881,-,,
４０７６０小平市花小金井４－３５,４０３０,主要地方道府中清瀬線（都道１５号）,小平３・４・１７,小金井街道,１０月１３日（水）,晴,自動車類上り小型車,490,448,405,406,412,481,493,489,445,466,503,494,5532,-,,
４０７６０小平市花小金井４－３５,４０３０,主要地方道府中清瀬線（都道１５号）,小平３・４・１７,小金井街道,１０月１３日（水）,晴,自動車類上り計,600,539,507,486,492,547,554,566,515,523,552,532,6413,-,,
４０７６０小平市花小金井４－３５,４０３０,主要地方道府中清瀬線（都道１５号）,小平３・４・１７,小金井街道,１０月１３日（水）,晴,自動車類下り大型車,63,112,89,87,99,70,84,85,67,64,46,44,910,-,,
４０７６０小平市花小金井４－３５,４０３０,主要地方道府中清瀬線（都道１５号）,小平３・４・１７,小金井街道,１０月１３日（水）,晴,自動車類下り小型車,389,379,347,351,447,437,397,408,471,488,528,526,5168,-,,
４０７６０小平市花小金井４－３５,４０３０,主要地方道府中清瀬線（都道１５号）,小平３・４・１７,小金井街道,１０月１３日（水）,晴,自動車類下り計,452,491,436,438,546,507,481,493,538,552,574,570,6078,-,,
４０７６０小平市花小金井４－３５,４０３０,主要地方道府中清瀬線（都道１５号）,小平３・４・１７,小金井街道,１０月１３日（水）,晴,自動車類合計大型車,173,203,191,167,179,136,145,162,137,121,95,82,1791,-,,
４０７６０小平市花小金井４－３５,４０３０,主要地方道府中清瀬線（都道１５号）,小平３・４・１７,小金井街道,１０月１３日（水）,晴,自動車類合計小型車,879,827,752,757,859,918,890,897,916,954,1031,1020,10700,-,,
４０７６０小平市花小金井４－３５,４０３０,主要地方道府中清瀬線（都道１５号）,小平３・４・１７,小金井街道,１０月１３日（水）,晴,自動車類合計計,1052,1030,943,924,1038,1054,1035,1059,1053,1075,1126,1102,12491,-,,
４０７６０小平市花小金井４－３５,４０３０,主要地方道府中清瀬線（都道１５号）,小平３・４・１７,小金井街道,１０月１３日（水）,晴,二輪車類,49,37,22,21,19,20,23,45,43,32,49,43,403,,,
４０７６０小平市花小金井４－３５,４０３０,主要地方道府中清瀬線（都道１５号）,小平３・４・１７,小金井街道,１０月１３日（水）,晴,自転車類,247,330,131,127,127,127,96,157,209,177,259,238,2225,,,
４０７６０小平市花小金井４－３５,４０３０,主要地方道府中清瀬線（都道１５号）,小平３・４・１７,小金井街道,１０月１３日（水）,晴,歩行者類,31,36,35,37,34,46,18,38,38,38,53,64,468,,,
