﻿観測地点,Ｈ１７区間番号,路線名,都市計画路線名,通称道路名,調査日,天候,ピーク時間交通量（台／ｈ）,ピーク率（％）,混雑時平均旅行速度（ｋｍ／ｈ）,大型車台数（台／１２ｈ）,混入率（％）,混雑度,昼夜率,車線数,５８年度（台／１２ｈ）,６０年度（台／１２ｈ）,６３年度（台／１２ｈ）,２年度（台／１２ｈ）,６年度（台／１２ｈ）,９年度（台／１２ｈ）,１１年度（台／１２ｈ）,１７年度（台／１２ｈ）,２２年度（台／１２ｈ）
４０２００西多摩郡瑞穂町長岡４－４５－７,４０１２,主要地方道新宿青梅線（都道５号）,福生３・４・４,青梅街道,１０月２８日（木）,雨,2023,10.2,25.2,2244,11.3,0.83,-,4,12560,13877,15712,17743,20114,19595,20801,19316,19860
,,,,,,,,,,,,,,,,,,,,,,,
観測地点,Ｈ１７区間番号,路線名,都市計画路線名,通称道路名,調査日,天候,時間・種別,７～８,８～９,９～１０,１０～１１,１１～１２,１２～１３,１３～１４,１４～１５,１５～１６,１６～１７,１７～１８,１８～１９,１２ｈ計,２４ｈ計,,
４０２００西多摩郡瑞穂町長岡４－４５－７,４０１２,主要地方道新宿青梅線（都道５号）,福生３・４・４,青梅街道,１０月２８日（木）,雨,自動車類上り大型車,111,103,137,125,123,80,110,92,74,78,48,35,1116,-,,
４０２００西多摩郡瑞穂町長岡４－４５－７,４０１２,主要地方道新宿青梅線（都道５号）,福生３・４・４,青梅街道,１０月２８日（木）,雨,自動車類上り小型車,1008,854,593,628,706,606,650,678,657,669,942,754,8745,-,,
４０２００西多摩郡瑞穂町長岡４－４５－７,４０１２,主要地方道新宿青梅線（都道５号）,福生３・４・４,青梅街道,１０月２８日（木）,雨,自動車類上り計,1119,957,730,753,829,686,760,770,731,747,990,789,9861,-,,
４０２００西多摩郡瑞穂町長岡４－４５－７,４０１２,主要地方道新宿青梅線（都道５号）,福生３・４・４,青梅街道,１０月２８日（木）,雨,自動車類下り大型車,81,106,119,112,132,93,132,98,85,71,63,36,1128,-,,
４０２００西多摩郡瑞穂町長岡４－４５－７,４０１２,主要地方道新宿青梅線（都道５号）,福生３・４・４,青梅街道,１０月２８日（木）,雨,自動車類下り小型車,814,960,565,588,620,624,690,714,740,750,937,869,8871,-,,
４０２００西多摩郡瑞穂町長岡４－４５－７,４０１２,主要地方道新宿青梅線（都道５号）,福生３・４・４,青梅街道,１０月２８日（木）,雨,自動車類下り計,895,1066,684,700,752,717,822,812,825,821,1000,905,9999,-,,
４０２００西多摩郡瑞穂町長岡４－４５－７,４０１２,主要地方道新宿青梅線（都道５号）,福生３・４・４,青梅街道,１０月２８日（木）,雨,自動車類合計大型車,192,209,256,237,255,173,242,190,159,149,111,71,2244,-,,
４０２００西多摩郡瑞穂町長岡４－４５－７,４０１２,主要地方道新宿青梅線（都道５号）,福生３・４・４,青梅街道,１０月２８日（木）,雨,自動車類合計小型車,1822,1814,1158,1216,1326,1230,1340,1392,1397,1419,1879,1623,17616,-,,
４０２００西多摩郡瑞穂町長岡４－４５－７,４０１２,主要地方道新宿青梅線（都道５号）,福生３・４・４,青梅街道,１０月２８日（木）,雨,自動車類合計計,2014,2023,1414,1453,1581,1403,1582,1582,1556,1568,1990,1694,19860,-,,
４０２００西多摩郡瑞穂町長岡４－４５－７,４０１２,主要地方道新宿青梅線（都道５号）,福生３・４・４,青梅街道,１０月２８日（木）,雨,二輪車類,61,58,36,36,44,49,38,50,48,54,68,61,603,,,
４０２００西多摩郡瑞穂町長岡４－４５－７,４０１２,主要地方道新宿青梅線（都道５号）,福生３・４・４,青梅街道,１０月２８日（木）,雨,自転車類,30,48,18,8,7,16,4,4,13,18,26,34,226,,,
４０２００西多摩郡瑞穂町長岡４－４５－７,４０１２,主要地方道新宿青梅線（都道５号）,福生３・４・４,青梅街道,１０月２８日（木）,雨,歩行者類,9,12,2,6,8,11,8,4,4,1,10,7,82,,,
