﻿観測地点,Ｈ１７区間番号,路線名,都市計画路線名,通称道路名,調査日,天候,ピーク時間交通量（台／ｈ）,ピーク率（％）,混雑時平均旅行速度（ｋｍ／ｈ）,大型車台数（台／１２ｈ）,混入率（％）,混雑度,昼夜率,車線数,５８年度（台／１２ｈ）,６０年度（台／１２ｈ）,６３年度（台／１２ｈ）,２年度（台／１２ｈ）,６年度（台／１２ｈ）,９年度（台／１２ｈ）,１１年度（台／１２ｈ）,１７年度（台／１２ｈ）,２２年度（台／１２ｈ）
４１９００八王子市戸吹町１４１２,４０９３,主要地方道八王子あきる野線（都道４６号）,八王子３・３・４１,（新滝山街道）,１０月１４日（木）,曇,843,10.8,28.7,1197,15.3,0.41,-,4,-,-,-,-,-,-,-,6620,7837
,,,,,,,,,,,,,,,,,,,,,,,
観測地点,Ｈ１７区間番号,路線名,都市計画路線名,通称道路名,調査日,天候,時間・種別,７～８,８～９,９～１０,１０～１１,１１～１２,１２～１３,１３～１４,１４～１５,１５～１６,１６～１７,１７～１８,１８～１９,１２ｈ計,２４ｈ計,,
４１９００八王子市戸吹町１４１２,４０９３,主要地方道八王子あきる野線（都道４６号）,八王子３・３・４１,（新滝山街道）,１０月１４日（木）,曇,自動車類上り大型車,66,58,59,57,50,64,51,50,44,36,23,29,587,-,,
４１９００八王子市戸吹町１４１２,４０９３,主要地方道八王子あきる野線（都道４６号）,八王子３・３・４１,（新滝山街道）,１０月１４日（木）,曇,自動車類上り小型車,323,284,245,223,217,230,227,289,288,296,292,351,3265,-,,
４１９００八王子市戸吹町１４１２,４０９３,主要地方道八王子あきる野線（都道４６号）,八王子３・３・４１,（新滝山街道）,１０月１４日（木）,曇,自動車類上り計,389,342,304,280,267,294,278,339,332,332,315,380,3852,-,,
４１９００八王子市戸吹町１４１２,４０９３,主要地方道八王子あきる野線（都道４６号）,八王子３・３・４１,（新滝山街道）,１０月１４日（木）,曇,自動車類下り大型車,50,34,72,88,74,51,57,44,39,42,36,23,610,-,,
４１９００八王子市戸吹町１４１２,４０９３,主要地方道八王子あきる野線（都道４６号）,八王子３・３・４１,（新滝山街道）,１０月１４日（木）,曇,自動車類下り小型車,404,348,259,324,278,241,223,241,214,241,299,303,3375,-,,
４１９００八王子市戸吹町１４１２,４０９３,主要地方道八王子あきる野線（都道４６号）,八王子３・３・４１,（新滝山街道）,１０月１４日（木）,曇,自動車類下り計,454,382,331,412,352,292,280,285,253,283,335,326,3985,-,,
４１９００八王子市戸吹町１４１２,４０９３,主要地方道八王子あきる野線（都道４６号）,八王子３・３・４１,（新滝山街道）,１０月１４日（木）,曇,自動車類合計大型車,116,92,131,145,124,115,108,94,83,78,59,52,1197,-,,
４１９００八王子市戸吹町１４１２,４０９３,主要地方道八王子あきる野線（都道４６号）,八王子３・３・４１,（新滝山街道）,１０月１４日（木）,曇,自動車類合計小型車,727,632,504,547,495,471,450,530,502,537,591,654,6640,-,,
４１９００八王子市戸吹町１４１２,４０９３,主要地方道八王子あきる野線（都道４６号）,八王子３・３・４１,（新滝山街道）,１０月１４日（木）,曇,自動車類合計計,843,724,635,692,619,586,558,624,585,615,650,706,7837,-,,
４１９００八王子市戸吹町１４１２,４０９３,主要地方道八王子あきる野線（都道４６号）,八王子３・３・４１,（新滝山街道）,１０月１４日（木）,曇,二輪車類,-,-,-,-,-,-,-,-,-,-,-,-,-,,,
４１９００八王子市戸吹町１４１２,４０９３,主要地方道八王子あきる野線（都道４６号）,八王子３・３・４１,（新滝山街道）,１０月１４日（木）,曇,自転車類,11,11,4,7,1,4,2,7,5,14,7,5,78,,,
４１９００八王子市戸吹町１４１２,４０９３,主要地方道八王子あきる野線（都道４６号）,八王子３・３・４１,（新滝山街道）,１０月１４日（木）,曇,歩行者類,7,6,4,4,3,6,2,1,6,11,3,14,67,,,
