﻿観測地点,Ｈ１７区間番号,路線名,都市計画路線名,通称道路名,調査日,天候,ピーク時間交通量（台／ｈ）,ピーク率（％）,混雑時平均旅行速度（ｋｍ／ｈ）,大型車台数（台／１２ｈ）,混入率（％）,混雑度,昼夜率,車線数,５８年度（台／１２ｈ）,６０年度（台／１２ｈ）,６３年度（台／１２ｈ）,２年度（台／１２ｈ）,６年度（台／１２ｈ）,９年度（台／１２ｈ）,１１年度（台／１２ｈ）,１７年度（台／１２ｈ）,２２年度（台／１２ｈ）
６１６８０青梅市柚木町２－３２９,６０６２,一般都道柚木二俣尾線（都道２００号）,－,（奥多摩橋）,１０月２６日（火）,曇,91,11.9,25.5,36,4.7,0.1,-,2,675,892,1096,1049,797,757,803,863,763
,,,,,,,,,,,,,,,,,,,,,,,
観測地点,Ｈ１７区間番号,路線名,都市計画路線名,通称道路名,調査日,天候,時間・種別,７～８,８～９,９～１０,１０～１１,１１～１２,１２～１３,１３～１４,１４～１５,１５～１６,１６～１７,１７～１８,１８～１９,１２ｈ計,２４ｈ計,,
６１６８０青梅市柚木町２－３２９,６０６２,一般都道柚木二俣尾線（都道２００号）,－,（奥多摩橋）,１０月２６日（火）,曇,自動車類上り大型車,0,0,3,0,2,4,3,0,0,1,1,2,16,-,,
６１６８０青梅市柚木町２－３２９,６０６２,一般都道柚木二俣尾線（都道２００号）,－,（奥多摩橋）,１０月２６日（火）,曇,自動車類上り小型車,46,53,30,22,30,30,24,19,28,24,38,46,390,-,,
６１６８０青梅市柚木町２－３２９,６０６２,一般都道柚木二俣尾線（都道２００号）,－,（奥多摩橋）,１０月２６日（火）,曇,自動車類上り計,46,53,33,22,32,34,27,19,28,25,39,48,406,-,,
６１６８０青梅市柚木町２－３２９,６０６２,一般都道柚木二俣尾線（都道２００号）,－,（奥多摩橋）,１０月２６日（火）,曇,自動車類下り大型車,1,1,5,2,1,3,2,3,0,1,1,0,20,-,,
６１６８０青梅市柚木町２－３２９,６０６２,一般都道柚木二俣尾線（都道２００号）,－,（奥多摩橋）,１０月２６日（火）,曇,自動車類下り小型車,16,27,28,18,26,31,12,29,27,31,49,43,337,-,,
６１６８０青梅市柚木町２－３２９,６０６２,一般都道柚木二俣尾線（都道２００号）,－,（奥多摩橋）,１０月２６日（火）,曇,自動車類下り計,17,28,33,20,27,34,14,32,27,32,50,43,357,-,,
６１６８０青梅市柚木町２－３２９,６０６２,一般都道柚木二俣尾線（都道２００号）,－,（奥多摩橋）,１０月２６日（火）,曇,自動車類合計大型車,1,1,8,2,3,7,5,3,0,2,2,2,36,-,,
６１６８０青梅市柚木町２－３２９,６０６２,一般都道柚木二俣尾線（都道２００号）,－,（奥多摩橋）,１０月２６日（火）,曇,自動車類合計小型車,62,80,58,40,56,61,36,48,55,55,87,89,727,-,,
６１６８０青梅市柚木町２－３２９,６０６２,一般都道柚木二俣尾線（都道２００号）,－,（奥多摩橋）,１０月２６日（火）,曇,自動車類合計計,63,81,66,42,59,68,41,51,55,57,89,91,763,-,,
６１６８０青梅市柚木町２－３２９,６０６２,一般都道柚木二俣尾線（都道２００号）,－,（奥多摩橋）,１０月２６日（火）,曇,二輪車類,2,3,0,0,1,2,1,0,3,1,0,2,15,,,
６１６８０青梅市柚木町２－３２９,６０６２,一般都道柚木二俣尾線（都道２００号）,－,（奥多摩橋）,１０月２６日（火）,曇,自転車類,3,1,2,0,0,0,2,1,3,1,8,4,25,,,
６１６８０青梅市柚木町２－３２９,６０６２,一般都道柚木二俣尾線（都道２００号）,－,（奥多摩橋）,１０月２６日（火）,曇,歩行者類,14,6,7,6,4,4,3,5,9,9,6,10,83,,,
