﻿観測地点,Ｈ１７区間番号,路線名,都市計画路線名,通称道路名,調査日,天候,ピーク時間交通量（台／ｈ）,ピーク率（％）,混雑時平均旅行速度（ｋｍ／ｈ）,大型車台数（台／１２ｈ）,混入率（％）,混雑度,昼夜率,車線数,５８年度（台／１２ｈ）,６０年度（台／１２ｈ）,６３年度（台／１２ｈ）,２年度（台／１２ｈ）,６年度（台／１２ｈ）,９年度（台／１２ｈ）,１１年度（台／１２ｈ）,１７年度（台／１２ｈ）,２２年度（台／１２ｈ）
４１２９０西東京市下保谷４－１３,４４０２４,主要地方道飯田橋石神井新座線（都道２５号）,－,－,１０月７日（木）,晴,23,13.1,27.2,17,9.7,0.06,-,2,-,-,-,-,-,-,-,8233,176
,,,,,,,,,,,,,,,,,,,,,,,
観測地点,Ｈ１７区間番号,路線名,都市計画路線名,通称道路名,調査日,天候,時間・種別,７～８,８～９,９～１０,１０～１１,１１～１２,１２～１３,１３～１４,１４～１５,１５～１６,１６～１７,１７～１８,１８～１９,１２ｈ計,２４ｈ計,,
４１２９０西東京市下保谷４－１３,４４０２４,主要地方道飯田橋石神井新座線（都道２５号）,－,－,１０月７日（木）,晴,自動車類上り大型車,0,0,3,1,3,1,0,1,0,2,0,1,12,-,,
４１２９０西東京市下保谷４－１３,４４０２４,主要地方道飯田橋石神井新座線（都道２５号）,－,－,１０月７日（木）,晴,自動車類上り小型車,3,8,11,8,9,7,9,9,7,10,6,7,94,-,,
４１２９０西東京市下保谷４－１３,４４０２４,主要地方道飯田橋石神井新座線（都道２５号）,－,－,１０月７日（木）,晴,自動車類上り計,3,8,14,9,12,8,9,10,7,12,6,8,106,-,,
４１２９０西東京市下保谷４－１３,４４０２４,主要地方道飯田橋石神井新座線（都道２５号）,－,－,１０月７日（木）,晴,自動車類下り大型車,1,0,0,0,1,0,0,1,0,1,0,1,5,-,,
４１２９０西東京市下保谷４－１３,４４０２４,主要地方道飯田橋石神井新座線（都道２５号）,－,－,１０月７日（木）,晴,自動車類下り小型車,1,2,9,7,6,2,8,7,4,7,5,7,65,-,,
４１２９０西東京市下保谷４－１３,４４０２４,主要地方道飯田橋石神井新座線（都道２５号）,－,－,１０月７日（木）,晴,自動車類下り計,2,2,9,7,7,2,8,8,4,8,5,8,70,-,,
４１２９０西東京市下保谷４－１３,４４０２４,主要地方道飯田橋石神井新座線（都道２５号）,－,－,１０月７日（木）,晴,自動車類合計大型車,1,0,3,1,4,1,0,2,0,3,0,2,17,-,,
４１２９０西東京市下保谷４－１３,４４０２４,主要地方道飯田橋石神井新座線（都道２５号）,－,－,１０月７日（木）,晴,自動車類合計小型車,4,10,20,15,15,9,17,16,11,17,11,14,159,-,,
４１２９０西東京市下保谷４－１３,４４０２４,主要地方道飯田橋石神井新座線（都道２５号）,－,－,１０月７日（木）,晴,自動車類合計計,5,10,23,16,19,10,17,18,11,20,11,16,176,-,,
４１２９０西東京市下保谷４－１３,４４０２４,主要地方道飯田橋石神井新座線（都道２５号）,－,－,１０月７日（木）,晴,二輪車類,-,-,-,-,-,-,-,-,-,-,-,-,-,,,
４１２９０西東京市下保谷４－１３,４４０２４,主要地方道飯田橋石神井新座線（都道２５号）,－,－,１０月７日（木）,晴,自転車類,44,56,45,39,46,38,46,39,45,60,43,34,535,,,
４１２９０西東京市下保谷４－１３,４４０２４,主要地方道飯田橋石神井新座線（都道２５号）,－,－,１０月７日（木）,晴,歩行者類,356,236,108,92,92,62,63,59,67,81,133,150,1499,,,
