﻿観測地点,Ｈ１７区間番号,路線名,都市計画路線名,通称道路名,調査日,天候,ピーク時間交通量（台／ｈ）,ピーク率（％）,混雑時平均旅行速度（ｋｍ／ｈ）,大型車台数（台／１２ｈ）,混入率（％）,混雑度,昼夜率,車線数,５８年度（台／１２ｈ）,６０年度（台／１２ｈ）,６３年度（台／１２ｈ）,２年度（台／１２ｈ）,６年度（台／１２ｈ）,９年度（台／１２ｈ）,１１年度（台／１２ｈ）,１７年度（台／１２ｈ）,２２年度（台／１２ｈ）
４１８８０八王子市四谷町７８７,４０７２,主要地方道八王子あきる野線（都道４６号）,－,高尾街道,１０月２７日（水）,晴,1158,9.2,9.3,1567,12.4,1.55,-,2,11371,10519,8602,8085,9148,10876,10514,10759,12643
,,,,,,,,,,,,,,,,,,,,,,,
観測地点,Ｈ１７区間番号,路線名,都市計画路線名,通称道路名,調査日,天候,時間・種別,７～８,８～９,９～１０,１０～１１,１１～１２,１２～１３,１３～１４,１４～１５,１５～１６,１６～１７,１７～１８,１８～１９,１２ｈ計,２４ｈ計,,
４１８８０八王子市四谷町７８７,４０７２,主要地方道八王子あきる野線（都道４６号）,－,高尾街道,１０月２７日（水）,晴,自動車類上り大型車,58,76,98,88,83,57,86,64,85,48,27,17,787,-,,
４１８８０八王子市四谷町７８７,４０７２,主要地方道八王子あきる野線（都道４６号）,－,高尾街道,１０月２７日（水）,晴,自動車類上り小型車,501,437,390,387,411,456,420,566,459,513,556,488,5584,-,,
４１８８０八王子市四谷町７８７,４０７２,主要地方道八王子あきる野線（都道４６号）,－,高尾街道,１０月２７日（水）,晴,自動車類上り計,559,513,488,475,494,513,506,630,544,561,583,505,6371,-,,
４１８８０八王子市四谷町７８７,４０７２,主要地方道八王子あきる野線（都道４６号）,－,高尾街道,１０月２７日（水）,晴,自動車類下り大型車,37,48,100,99,110,65,77,69,54,56,45,20,780,-,,
４１８８０八王子市四谷町７８７,４０７２,主要地方道八王子あきる野線（都道４６号）,－,高尾街道,１０月２７日（水）,晴,自動車類下り小型車,397,396,433,530,554,431,409,434,460,541,487,420,5492,-,,
４１８８０八王子市四谷町７８７,４０７２,主要地方道八王子あきる野線（都道４６号）,－,高尾街道,１０月２７日（水）,晴,自動車類下り計,434,444,533,629,664,496,486,503,514,597,532,440,6272,-,,
４１８８０八王子市四谷町７８７,４０７２,主要地方道八王子あきる野線（都道４６号）,－,高尾街道,１０月２７日（水）,晴,自動車類合計大型車,95,124,198,187,193,122,163,133,139,104,72,37,1567,-,,
４１８８０八王子市四谷町７８７,４０７２,主要地方道八王子あきる野線（都道４６号）,－,高尾街道,１０月２７日（水）,晴,自動車類合計小型車,898,833,823,917,965,887,829,1000,919,1054,1043,908,11076,-,,
４１８８０八王子市四谷町７８７,４０７２,主要地方道八王子あきる野線（都道４６号）,－,高尾街道,１０月２７日（水）,晴,自動車類合計計,993,957,1021,1104,1158,1009,992,1133,1058,1158,1115,945,12643,-,,
４１８８０八王子市四谷町７８７,４０７２,主要地方道八王子あきる野線（都道４６号）,－,高尾街道,１０月２７日（水）,晴,二輪車類,68,39,36,41,34,49,35,38,41,47,61,59,548,,,
４１８８０八王子市四谷町７８７,４０７２,主要地方道八王子あきる野線（都道４６号）,－,高尾街道,１０月２７日（水）,晴,自転車類,68,130,40,47,36,41,39,62,67,41,46,44,661,,,
４１８８０八王子市四谷町７８７,４０７２,主要地方道八王子あきる野線（都道４６号）,－,高尾街道,１０月２７日（水）,晴,歩行者類,17,30,14,13,21,15,7,26,15,14,32,16,220,,,
