﻿観測地点,Ｈ１７区間番号,路線名,都市計画路線名,通称道路名,調査日,天候,ピーク時間交通量（台／ｈ）,ピーク率（％）,混雑時平均旅行速度（ｋｍ／ｈ）,大型車台数（台／１２ｈ）,混入率（％）,混雑度,昼夜率,車線数,５８年度（台／１２ｈ）,６０年度（台／１２ｈ）,６３年度（台／１２ｈ）,２年度（台／１２ｈ）,６年度（台／１２ｈ）,９年度（台／１２ｈ）,１１年度（台／１２ｈ）,１７年度（台／１２ｈ）,２２年度（台／１２ｈ）
６１２００八王子市高月町１２３６,６０４６,一般都道瑞穂あきる野八王子線（都道１６６号）,－,－,１０月１４日（木）,曇,1689,12.1,23.3,1883,13.5,1.69,-,2,13841,13282,12596,13851,14791,15640,17581,16225,13952
,,,,,,,,,,,,,,,,,,,,,,,
観測地点,Ｈ１７区間番号,路線名,都市計画路線名,通称道路名,調査日,天候,時間・種別,７～８,８～９,９～１０,１０～１１,１１～１２,１２～１３,１３～１４,１４～１５,１５～１６,１６～１７,１７～１８,１８～１９,１２ｈ計,２４ｈ計,,
６１２００八王子市高月町１２３６,６０４６,一般都道瑞穂あきる野八王子線（都道１６６号）,－,－,１０月１４日（木）,曇,自動車類上り大型車,76,63,95,103,97,88,92,78,90,85,51,41,959,-,,
６１２００八王子市高月町１２３６,６０４６,一般都道瑞穂あきる野八王子線（都道１６６号）,－,－,１０月１４日（木）,曇,自動車類上り小型車,632,499,466,418,415,384,423,426,425,489,706,692,5975,-,,
６１２００八王子市高月町１２３６,６０４６,一般都道瑞穂あきる野八王子線（都道１６６号）,－,－,１０月１４日（木）,曇,自動車類上り計,708,562,561,521,512,472,515,504,515,574,757,733,6934,-,,
６１２００八王子市高月町１２３６,６０４６,一般都道瑞穂あきる野八王子線（都道１６６号）,－,－,１０月１４日（木）,曇,自動車類下り大型車,86,90,102,79,77,88,78,94,74,71,49,36,924,-,,
６１２００八王子市高月町１２３６,６０４６,一般都道瑞穂あきる野八王子線（都道１６６号）,－,－,１０月１４日（木）,曇,自動車類下り小型車,895,739,482,435,405,382,357,416,407,475,539,562,6094,-,,
６１２００八王子市高月町１２３６,６０４６,一般都道瑞穂あきる野八王子線（都道１６６号）,－,－,１０月１４日（木）,曇,自動車類下り計,981,829,584,514,482,470,435,510,481,546,588,598,7018,-,,
６１２００八王子市高月町１２３６,６０４６,一般都道瑞穂あきる野八王子線（都道１６６号）,－,－,１０月１４日（木）,曇,自動車類合計大型車,162,153,197,182,174,176,170,172,164,156,100,77,1883,-,,
６１２００八王子市高月町１２３６,６０４６,一般都道瑞穂あきる野八王子線（都道１６６号）,－,－,１０月１４日（木）,曇,自動車類合計小型車,1527,1238,948,853,820,766,780,842,832,964,1245,1254,12069,-,,
６１２００八王子市高月町１２３６,６０４６,一般都道瑞穂あきる野八王子線（都道１６６号）,－,－,１０月１４日（木）,曇,自動車類合計計,1689,1391,1145,1035,994,942,950,1014,996,1120,1345,1331,13952,-,,
６１２００八王子市高月町１２３６,６０４６,一般都道瑞穂あきる野八王子線（都道１６６号）,－,－,１０月１４日（木）,曇,二輪車類,56,52,21,32,25,31,22,22,25,38,56,41,421,,,
６１２００八王子市高月町１２３６,６０４６,一般都道瑞穂あきる野八王子線（都道１６６号）,－,－,１０月１４日（木）,曇,自転車類,17,17,7,10,10,5,9,10,13,16,12,13,139,,,
６１２００八王子市高月町１２３６,６０４６,一般都道瑞穂あきる野八王子線（都道１６６号）,－,－,１０月１４日（木）,曇,歩行者類,7,6,9,5,9,2,9,3,2,6,4,3,65,,,
