﻿観測地点,Ｈ１７区間番号,路線名,都市計画路線名,通称道路名,調査日,天候,ピーク時間交通量（台／ｈ）,ピーク率（％）,混雑時平均旅行速度（ｋｍ／ｈ）,大型車台数（台／１２ｈ）,混入率（％）,混雑度,昼夜率,車線数,５８年度（台／１２ｈ）,６０年度（台／１２ｈ）,６３年度（台／１２ｈ）,２年度（台／１２ｈ）,６年度（台／１２ｈ）,９年度（台／１２ｈ）,１１年度（台／１２ｈ）,１７年度（台／１２ｈ）,２２年度（台／１２ｈ）
４０３３０小平市上水本町１－３１,４０１６,主要地方道杉並あきる野線（都道７号）,小平３・１・２,五日市街道,１０月２０日（水）,雨,1070,9.2,14.2,1530,13.2,1.5,-,2,10540,10293,10219,10850,10612,11754,11976,9873,11577
,,,,,,,,,,,,,,,,,,,,,,,
観測地点,Ｈ１７区間番号,路線名,都市計画路線名,通称道路名,調査日,天候,時間・種別,７～８,８～９,９～１０,１０～１１,１１～１２,１２～１３,１３～１４,１４～１５,１５～１６,１６～１７,１７～１８,１８～１９,１２ｈ計,２４ｈ計,,
４０３３０小平市上水本町１－３１,４０１６,主要地方道杉並あきる野線（都道７号）,小平３・１・２,五日市街道,１０月２０日（水）,雨,自動車類上り大型車,93,81,117,84,81,66,67,60,59,46,54,28,836,-,,
４０３３０小平市上水本町１－３１,４０１６,主要地方道杉並あきる野線（都道７号）,小平３・１・２,五日市街道,１０月２０日（水）,雨,自動車類上り小型車,396,401,394,438,404,398,436,490,459,452,504,396,5168,-,,
４０３３０小平市上水本町１－３１,４０１６,主要地方道杉並あきる野線（都道７号）,小平３・１・２,五日市街道,１０月２０日（水）,雨,自動車類上り計,489,482,511,522,485,464,503,550,518,498,558,424,6004,-,,
４０３３０小平市上水本町１－３１,４０１６,主要地方道杉並あきる野線（都道７号）,小平３・１・２,五日市街道,１０月２０日（水）,雨,自動車類下り大型車,41,55,70,85,90,51,78,63,62,40,35,24,694,-,,
４０３３０小平市上水本町１－３１,４０１６,主要地方道杉並あきる野線（都道７号）,小平３・１・２,五日市街道,１０月２０日（水）,雨,自動車類下り小型車,445,404,352,390,346,378,415,380,381,456,477,455,4879,-,,
４０３３０小平市上水本町１－３１,４０１６,主要地方道杉並あきる野線（都道７号）,小平３・１・２,五日市街道,１０月２０日（水）,雨,自動車類下り計,486,459,422,475,436,429,493,443,443,496,512,479,5573,-,,
４０３３０小平市上水本町１－３１,４０１６,主要地方道杉並あきる野線（都道７号）,小平３・１・２,五日市街道,１０月２０日（水）,雨,自動車類合計大型車,134,136,187,169,171,117,145,123,121,86,89,52,1530,-,,
４０３３０小平市上水本町１－３１,４０１６,主要地方道杉並あきる野線（都道７号）,小平３・１・２,五日市街道,１０月２０日（水）,雨,自動車類合計小型車,841,805,746,828,750,776,851,870,840,908,981,851,10047,-,,
４０３３０小平市上水本町１－３１,４０１６,主要地方道杉並あきる野線（都道７号）,小平３・１・２,五日市街道,１０月２０日（水）,雨,自動車類合計計,975,941,933,997,921,893,996,993,961,994,1070,903,11577,-,,
４０３３０小平市上水本町１－３１,４０１６,主要地方道杉並あきる野線（都道７号）,小平３・１・２,五日市街道,１０月２０日（水）,雨,二輪車類,-,-,-,-,-,-,-,-,-,-,-,-,-,,,
４０３３０小平市上水本町１－３１,４０１６,主要地方道杉並あきる野線（都道７号）,小平３・１・２,五日市街道,１０月２０日（水）,雨,自転車類,-,-,-,-,-,-,-,-,-,-,-,-,-,,,
４０３３０小平市上水本町１－３１,４０１６,主要地方道杉並あきる野線（都道７号）,小平３・１・２,五日市街道,１０月２０日（水）,雨,歩行者類,-,-,-,-,-,-,-,-,-,-,-,-,-,,,
