﻿観測地点,Ｈ１７区間番号,路線名,都市計画路線名,通称道路名,調査日,天候,ピーク時間交通量（台／ｈ）,ピーク率（％）,混雑時平均旅行速度（ｋｍ／ｈ）,大型車台数（台／１２ｈ）,混入率（％）,混雑度,昼夜率,車線数,５８年度（台／１２ｈ）,６０年度（台／１２ｈ）,６３年度（台／１２ｈ）,２年度（台／１２ｈ）,６年度（台／１２ｈ）,９年度（台／１２ｈ）,１１年度（台／１２ｈ）,１７年度（台／１２ｈ）,２２年度（台／１２ｈ）
６０５６０国分寺市内藤１－８－６４,６０２８,一般都道立川国分寺線（都道１４５号）,国分寺３・４・３,（多喜窪通り）,１０月２０日（水）,雨,813,10.0,17.5,839,10.3,1.13,-,2,9558,10535,9560,10525,9957,9436,9220,9863,8151
,,,,,,,,,,,,,,,,,,,,,,,
観測地点,Ｈ１７区間番号,路線名,都市計画路線名,通称道路名,調査日,天候,時間・種別,７～８,８～９,９～１０,１０～１１,１１～１２,１２～１３,１３～１４,１４～１５,１５～１６,１６～１７,１７～１８,１８～１９,１２ｈ計,２４ｈ計,,
６０５６０国分寺市内藤１－８－６４,６０２８,一般都道立川国分寺線（都道１４５号）,国分寺３・４・３,（多喜窪通り）,１０月２０日（水）,雨,自動車類上り大型車,37,44,39,44,36,37,26,42,21,24,25,33,408,-,,
６０５６０国分寺市内藤１－８－６４,６０２８,一般都道立川国分寺線（都道１４５号）,国分寺３・４・３,（多喜窪通り）,１０月２０日（水）,雨,自動車類上り小型車,246,292,272,299,306,300,300,344,312,350,356,357,3734,-,,
６０５６０国分寺市内藤１－８－６４,６０２８,一般都道立川国分寺線（都道１４５号）,国分寺３・４・３,（多喜窪通り）,１０月２０日（水）,雨,自動車類上り計,283,336,311,343,342,337,326,386,333,374,381,390,4142,-,,
６０５６０国分寺市内藤１－８－６４,６０２８,一般都道立川国分寺線（都道１４５号）,国分寺３・４・３,（多喜窪通り）,１０月２０日（水）,雨,自動車類下り大型車,47,60,64,43,33,39,34,45,17,30,9,10,431,-,,
６０５６０国分寺市内藤１－８－６４,６０２８,一般都道立川国分寺線（都道１４５号）,国分寺３・４・３,（多喜窪通り）,１０月２０日（水）,雨,自動車類下り小型車,393,417,325,297,256,276,269,268,279,285,277,236,3578,-,,
６０５６０国分寺市内藤１－８－６４,６０２８,一般都道立川国分寺線（都道１４５号）,国分寺３・４・３,（多喜窪通り）,１０月２０日（水）,雨,自動車類下り計,440,477,389,340,289,315,303,313,296,315,286,246,4009,-,,
６０５６０国分寺市内藤１－８－６４,６０２８,一般都道立川国分寺線（都道１４５号）,国分寺３・４・３,（多喜窪通り）,１０月２０日（水）,雨,自動車類合計大型車,84,104,103,87,69,76,60,87,38,54,34,43,839,-,,
６０５６０国分寺市内藤１－８－６４,６０２８,一般都道立川国分寺線（都道１４５号）,国分寺３・４・３,（多喜窪通り）,１０月２０日（水）,雨,自動車類合計小型車,639,709,597,596,562,576,569,612,591,635,633,593,7312,-,,
６０５６０国分寺市内藤１－８－６４,６０２８,一般都道立川国分寺線（都道１４５号）,国分寺３・４・３,（多喜窪通り）,１０月２０日（水）,雨,自動車類合計計,723,813,700,683,631,652,629,699,629,689,667,636,8151,-,,
６０５６０国分寺市内藤１－８－６４,６０２８,一般都道立川国分寺線（都道１４５号）,国分寺３・４・３,（多喜窪通り）,１０月２０日（水）,雨,二輪車類,-,-,-,-,-,-,-,-,-,-,-,-,-,,,
６０５６０国分寺市内藤１－８－６４,６０２８,一般都道立川国分寺線（都道１４５号）,国分寺３・４・３,（多喜窪通り）,１０月２０日（水）,雨,自転車類,-,-,-,-,-,-,-,-,-,-,-,-,-,,,
６０５６０国分寺市内藤１－８－６４,６０２８,一般都道立川国分寺線（都道１４５号）,国分寺３・４・３,（多喜窪通り）,１０月２０日（水）,雨,歩行者類,-,-,-,-,-,-,-,-,-,-,-,-,-,,,
