﻿観測地点,Ｈ１７区間番号,路線名,都市計画路線名,通称道路名,調査日,天候,ピーク時間交通量（台／ｈ）,ピーク率（％）,混雑時平均旅行速度（ｋｍ／ｈ）,大型車台数（台／１２ｈ）,混入率（％）,混雑度,昼夜率,車線数,５８年度（台／１２ｈ）,６０年度（台／１２ｈ）,６３年度（台／１２ｈ）,２年度（台／１２ｈ）,６年度（台／１２ｈ）,９年度（台／１２ｈ）,１１年度（台／１２ｈ）,１７年度（台／１２ｈ）,２２年度（台／１２ｈ）
４０５９０調布市深大寺元町３－３９－５,４０２３,主要地方道調布田無線（都道１２号）,調布３・２・６,武蔵境通り,１０月２０日（水）,雨,1164,8.7,22.6,1823,13.7,1.31,-,2,12151,12448,12746,12512,13235,12990,12763,12065,13322
,,,,,,,,,,,,,,,,,,,,,,,
観測地点,Ｈ１７区間番号,路線名,都市計画路線名,通称道路名,調査日,天候,時間・種別,７～８,８～９,９～１０,１０～１１,１１～１２,１２～１３,１３～１４,１４～１５,１５～１６,１６～１７,１７～１８,１８～１９,１２ｈ計,２４ｈ計,,
４０５９０調布市深大寺元町３－３９－５,４０２３,主要地方道調布田無線（都道１２号）,調布３・２・６,武蔵境通り,１０月２０日（水）,雨,自動車類上り大型車,74,79,83,86,96,90,84,84,72,83,59,46,936,-,,
４０５９０調布市深大寺元町３－３９－５,４０２３,主要地方道調布田無線（都道１２号）,調布３・２・６,武蔵境通り,１０月２０日（水）,雨,自動車類上り小型車,450,492,442,417,523,496,463,482,471,514,504,531,5785,-,,
４０５９０調布市深大寺元町３－３９－５,４０２３,主要地方道調布田無線（都道１２号）,調布３・２・６,武蔵境通り,１０月２０日（水）,雨,自動車類上り計,524,571,525,503,619,586,547,566,543,597,563,577,6721,-,,
４０５９０調布市深大寺元町３－３９－５,４０２３,主要地方道調布田無線（都道１２号）,調布３・２・６,武蔵境通り,１０月２０日（水）,雨,自動車類下り大型車,86,92,99,90,76,65,87,62,71,56,56,47,887,-,,
４０５９０調布市深大寺元町３－３９－５,４０２３,主要地方道調布田無線（都道１２号）,調布３・２・６,武蔵境通り,１０月２０日（水）,雨,自動車類下り小型車,488,461,438,448,463,474,530,493,450,454,503,512,5714,-,,
４０５９０調布市深大寺元町３－３９－５,４０２３,主要地方道調布田無線（都道１２号）,調布３・２・６,武蔵境通り,１０月２０日（水）,雨,自動車類下り計,574,553,537,538,539,539,617,555,521,510,559,559,6601,-,,
４０５９０調布市深大寺元町３－３９－５,４０２３,主要地方道調布田無線（都道１２号）,調布３・２・６,武蔵境通り,１０月２０日（水）,雨,自動車類合計大型車,160,171,182,176,172,155,171,146,143,139,115,93,1823,-,,
４０５９０調布市深大寺元町３－３９－５,４０２３,主要地方道調布田無線（都道１２号）,調布３・２・６,武蔵境通り,１０月２０日（水）,雨,自動車類合計小型車,938,953,880,865,986,970,993,975,921,968,1007,1043,11499,-,,
４０５９０調布市深大寺元町３－３９－５,４０２３,主要地方道調布田無線（都道１２号）,調布３・２・６,武蔵境通り,１０月２０日（水）,雨,自動車類合計計,1098,1124,1062,1041,1158,1125,1164,1121,1064,1107,1122,1136,13322,-,,
４０５９０調布市深大寺元町３－３９－５,４０２３,主要地方道調布田無線（都道１２号）,調布３・２・６,武蔵境通り,１０月２０日（水）,雨,二輪車類,48,38,28,34,33,46,36,42,40,42,72,66,525,,,
４０５９０調布市深大寺元町３－３９－５,４０２３,主要地方道調布田無線（都道１２号）,調布３・２・６,武蔵境通り,１０月２０日（水）,雨,自転車類,383,573,258,234,260,266,160,229,253,252,316,284,3468,,,
４０５９０調布市深大寺元町３－３９－５,４０２３,主要地方道調布田無線（都道１２号）,調布３・２・６,武蔵境通り,１０月２０日（水）,雨,歩行者類,98,75,38,51,125,124,102,132,102,93,115,93,1148,,,
