﻿観測地点,Ｈ１７区間番号,路線名,都市計画路線名,通称道路名,調査日,天候,ピーク時間交通量（台／ｈ）,ピーク率（％）,混雑時平均旅行速度（ｋｍ／ｈ）,大型車台数（台／１２ｈ）,混入率（％）,混雑度,昼夜率,車線数,５８年度（台／１２ｈ）,６０年度（台／１２ｈ）,６３年度（台／１２ｈ）,２年度（台／１２ｈ）,６年度（台／１２ｈ）,９年度（台／１２ｈ）,１１年度（台／１２ｈ）,１７年度（台／１２ｈ）,２２年度（台／１２ｈ）
４１０７０稲城市矢野口３８０,０,主要地方道町田調布線（都道１９号）,多摩３・１・６,鶴川街道,１０月１９日（火）,曇,2177,10.3,5.7,3683,17.4,0.43,-,4,-,-,-,-,-,-,-,-,21153
,,,,,,,,,,,,,,,,,,,,,,,
観測地点,Ｈ１７区間番号,路線名,都市計画路線名,通称道路名,調査日,天候,時間・種別,７～８,８～９,９～１０,１０～１１,１１～１２,１２～１３,１３～１４,１４～１５,１５～１６,１６～１７,１７～１８,１８～１９,１２ｈ計,２４ｈ計,,
４１０７０稲城市矢野口３８０,０,主要地方道町田調布線（都道１９号）,多摩３・１・６,鶴川街道,１０月１９日（火）,曇,自動車類上り大型車,136,159,220,217,205,181,192,190,122,132,122,90,1966,-,,
４１０７０稲城市矢野口３８０,０,主要地方道町田調布線（都道１９号）,多摩３・１・６,鶴川街道,１０月１９日（火）,曇,自動車類上り小型車,741,620,528,568,617,675,581,627,653,692,777,820,7899,-,,
４１０７０稲城市矢野口３８０,０,主要地方道町田調布線（都道１９号）,多摩３・１・６,鶴川街道,１０月１９日（火）,曇,自動車類上り計,877,779,748,785,822,856,773,817,775,824,899,910,9865,-,,
４１０７０稲城市矢野口３８０,０,主要地方道町田調布線（都道１９号）,多摩３・１・６,鶴川街道,１０月１９日（火）,曇,自動車類下り大型車,165,143,195,204,177,162,149,131,166,103,70,52,1717,-,,
４１０７０稲城市矢野口３８０,０,主要地方道町田調布線（都道１９号）,多摩３・１・６,鶴川街道,１０月１９日（火）,曇,自動車類下り小型車,1135,927,807,655,646,698,646,674,776,798,903,906,9571,-,,
４１０７０稲城市矢野口３８０,０,主要地方道町田調布線（都道１９号）,多摩３・１・６,鶴川街道,１０月１９日（火）,曇,自動車類下り計,1300,1070,1002,859,823,860,795,805,942,901,973,958,11288,-,,
４１０７０稲城市矢野口３８０,０,主要地方道町田調布線（都道１９号）,多摩３・１・６,鶴川街道,１０月１９日（火）,曇,自動車類合計大型車,301,302,415,421,382,343,341,321,288,235,192,142,3683,-,,
４１０７０稲城市矢野口３８０,０,主要地方道町田調布線（都道１９号）,多摩３・１・６,鶴川街道,１０月１９日（火）,曇,自動車類合計小型車,1876,1547,1335,1223,1263,1373,1227,1301,1429,1490,1680,1726,17470,-,,
４１０７０稲城市矢野口３８０,０,主要地方道町田調布線（都道１９号）,多摩３・１・６,鶴川街道,１０月１９日（火）,曇,自動車類合計計,2177,1849,1750,1644,1645,1716,1568,1622,1717,1725,1872,1868,21153,-,,
４１０７０稲城市矢野口３８０,０,主要地方道町田調布線（都道１９号）,多摩３・１・６,鶴川街道,１０月１９日（火）,曇,二輪車類,313,220,117,86,69,97,63,74,93,122,179,217,1650,,,
４１０７０稲城市矢野口３８０,０,主要地方道町田調布線（都道１９号）,多摩３・１・６,鶴川街道,１０月１９日（火）,曇,自転車類,259,282,199,191,167,118,128,134,156,168,228,210,2240,,,
４１０７０稲城市矢野口３８０,０,主要地方道町田調布線（都道１９号）,多摩３・１・６,鶴川街道,１０月１９日（火）,曇,歩行者類,202,161,92,84,63,51,43,58,60,69,111,131,1125,,,
