﻿観測地点,Ｈ１７区間番号,路線名,都市計画路線名,通称道路名,調査日,天候,ピーク時間交通量（台／ｈ）,ピーク率（％）,混雑時平均旅行速度（ｋｍ／ｈ）,大型車台数（台／１２ｈ）,混入率（％）,混雑度,昼夜率,車線数,５８年度（台／１２ｈ）,６０年度（台／１２ｈ）,６３年度（台／１２ｈ）,２年度（台／１２ｈ）,６年度（台／１２ｈ）,９年度（台／１２ｈ）,１１年度（台／１２ｈ）,１７年度（台／１２ｈ）,２２年度（台／１２ｈ）
４００２０町田市能ヶ谷町４７６,４００２,主要地方道世田谷町田線（都道３号）,町田３・４・１８,（津久井道）,１０月２１日（木）,雨,956,9.3,8.4,1371,13.3,1.15,-,2,14374,13011,14157,13312,13849,13132,12788,11118,10319
,,,,,,,,,,,,,,,,,,,,,,,
観測地点,Ｈ１７区間番号,路線名,都市計画路線名,通称道路名,調査日,天候,時間・種別,７～８,８～９,９～１０,１０～１１,１１～１２,１２～１３,１３～１４,１４～１５,１５～１６,１６～１７,１７～１８,１８～１９,１２ｈ計,２４ｈ計,,
４００２０町田市能ヶ谷町４７６,４００２,主要地方道世田谷町田線（都道３号）,町田３・４・１８,（津久井道）,１０月２１日（木）,雨,自動車類上り大型車,59,68,65,88,62,55,71,52,44,42,26,17,649,-,,
４００２０町田市能ヶ谷町４７６,４００２,主要地方道世田谷町田線（都道３号）,町田３・４・１８,（津久井道）,１０月２１日（木）,雨,自動車類上り小型車,241,326,337,313,350,360,408,391,376,373,408,354,4237,-,,
４００２０町田市能ヶ谷町４７６,４００２,主要地方道世田谷町田線（都道３号）,町田３・４・１８,（津久井道）,１０月２１日（木）,雨,自動車類上り計,300,394,402,401,412,415,479,443,420,415,434,371,4886,-,,
４００２０町田市能ヶ谷町４７６,４００２,主要地方道世田谷町田線（都道３号）,町田３・４・１８,（津久井道）,１０月２１日（木）,雨,自動車類下り大型車,51,56,79,91,80,63,66,51,56,45,48,36,722,-,,
４００２０町田市能ヶ谷町４７６,４００２,主要地方道世田谷町田線（都道３号）,町田３・４・１８,（津久井道）,１０月２１日（木）,雨,自動車類下り小型車,294,290,384,404,436,399,411,436,418,400,412,427,4711,-,,
４００２０町田市能ヶ谷町４７６,４００２,主要地方道世田谷町田線（都道３号）,町田３・４・１８,（津久井道）,１０月２１日（木）,雨,自動車類下り計,345,346,463,495,516,462,477,487,474,445,460,463,5433,-,,
４００２０町田市能ヶ谷町４７６,４００２,主要地方道世田谷町田線（都道３号）,町田３・４・１８,（津久井道）,１０月２１日（木）,雨,自動車類合計大型車,110,124,144,179,142,118,137,103,100,87,74,53,1371,-,,
４００２０町田市能ヶ谷町４７６,４００２,主要地方道世田谷町田線（都道３号）,町田３・４・１８,（津久井道）,１０月２１日（木）,雨,自動車類合計小型車,535,616,721,717,786,759,819,827,794,773,820,781,8948,-,,
４００２０町田市能ヶ谷町４７６,４００２,主要地方道世田谷町田線（都道３号）,町田３・４・１８,（津久井道）,１０月２１日（木）,雨,自動車類合計計,645,740,865,896,928,877,956,930,894,860,894,834,10319,-,,
４００２０町田市能ヶ谷町４７６,４００２,主要地方道世田谷町田線（都道３号）,町田３・４・１８,（津久井道）,１０月２１日（木）,雨,二輪車類,106,94,45,34,33,36,24,38,42,57,83,94,686,,,
４００２０町田市能ヶ谷町４７６,４００２,主要地方道世田谷町田線（都道３号）,町田３・４・１８,（津久井道）,１０月２１日（木）,雨,自転車類,18,18,3,12,6,10,8,7,16,15,23,21,157,,,
４００２０町田市能ヶ谷町４７６,４００２,主要地方道世田谷町田線（都道３号）,町田３・４・１８,（津久井道）,１０月２１日（木）,雨,歩行者類,51,44,13,23,24,18,14,29,21,23,52,44,356,,,
