﻿観測地点,Ｈ１７区間番号,路線名,都市計画路線名,通称道路名,調査日,天候,ピーク時間交通量（台／ｈ）,ピーク率（％）,混雑時平均旅行速度（ｋｍ／ｈ）,大型車台数（台／１２ｈ）,混入率（％）,混雑度,昼夜率,車線数,５８年度（台／１２ｈ）,６０年度（台／１２ｈ）,６３年度（台／１２ｈ）,２年度（台／１２ｈ）,６年度（台／１２ｈ）,９年度（台／１２ｈ）,１１年度（台／１２ｈ）,１７年度（台／１２ｈ）,２２年度（台／１２ｈ）
６０７７０八王子市堀之内,０,一般都道町田平山八王子線（都道１５５号）,－,－,１０月２７日（水）,晴,1239,9.3,7.7,1485,11.1,2.86,-,1,-,-,-,-,-,-,-,-,13378
,,,,,,,,,,,,,,,,,,,,,,,
観測地点,Ｈ１７区間番号,路線名,都市計画路線名,通称道路名,調査日,天候,時間・種別,７～８,８～９,９～１０,１０～１１,１１～１２,１２～１３,１３～１４,１４～１５,１５～１６,１６～１７,１７～１８,１８～１９,１２ｈ計,２４ｈ計,,
６０７７０八王子市堀之内,０,一般都道町田平山八王子線（都道１５５号）,－,－,１０月２７日（水）,晴,自動車類上り大型車,62,87,102,80,58,60,51,50,62,62,33,39,746,-,,
６０７７０八王子市堀之内,０,一般都道町田平山八王子線（都道１５５号）,－,－,１０月２７日（水）,晴,自動車類上り小型車,484,465,466,614,540,411,486,492,518,577,570,603,6226,-,,
６０７７０八王子市堀之内,０,一般都道町田平山八王子線（都道１５５号）,－,－,１０月２７日（水）,晴,自動車類上り計,546,552,568,694,598,471,537,542,580,639,603,642,6972,-,,
６０７７０八王子市堀之内,０,一般都道町田平山八王子線（都道１５５号）,－,－,１０月２７日（水）,晴,自動車類下り大型車,57,69,90,90,73,69,58,48,57,51,41,36,739,-,,
６０７７０八王子市堀之内,０,一般都道町田平山八王子線（都道１５５号）,－,－,１０月２７日（水）,晴,自動車類下り小型車,495,407,383,365,525,438,423,466,575,549,512,529,5667,-,,
６０７７０八王子市堀之内,０,一般都道町田平山八王子線（都道１５５号）,－,－,１０月２７日（水）,晴,自動車類下り計,552,476,473,455,598,507,481,514,632,600,553,565,6406,-,,
６０７７０八王子市堀之内,０,一般都道町田平山八王子線（都道１５５号）,－,－,１０月２７日（水）,晴,自動車類合計大型車,119,156,192,170,131,129,109,98,119,113,74,75,1485,-,,
６０７７０八王子市堀之内,０,一般都道町田平山八王子線（都道１５５号）,－,－,１０月２７日（水）,晴,自動車類合計小型車,979,872,849,979,1065,849,909,958,1093,1126,1082,1132,11893,-,,
６０７７０八王子市堀之内,０,一般都道町田平山八王子線（都道１５５号）,－,－,１０月２７日（水）,晴,自動車類合計計,1098,1028,1041,1149,1196,978,1018,1056,1212,1239,1156,1207,13378,-,,
６０７７０八王子市堀之内,０,一般都道町田平山八王子線（都道１５５号）,－,－,１０月２７日（水）,晴,二輪車類,117,145,103,73,61,59,60,70,72,113,124,175,1172,,,
６０７７０八王子市堀之内,０,一般都道町田平山八王子線（都道１５５号）,－,－,１０月２７日（水）,晴,自転車類,118,127,98,56,44,60,62,39,52,86,94,97,933,,,
６０７７０八王子市堀之内,０,一般都道町田平山八王子線（都道１５５号）,－,－,１０月２７日（水）,晴,歩行者類,16,20,17,38,17,18,19,41,45,46,23,16,316,,,
