﻿観測地点,Ｈ１７区間番号,路線名,都市計画路線名,通称道路名,調査日,天候,ピーク時間交通量（台／ｈ）,ピーク率（％）,混雑時平均旅行速度（ｋｍ／ｈ）,大型車台数（台／１２ｈ）,混入率（％）,混雑度,昼夜率,車線数,５８年度（台／１２ｈ）,６０年度（台／１２ｈ）,６３年度（台／１２ｈ）,２年度（台／１２ｈ）,６年度（台／１２ｈ）,９年度（台／１２ｈ）,１１年度（台／１２ｈ）,１７年度（台／１２ｈ）,２２年度（台／１２ｈ）
４２０７０青梅市成木８－４０,４０７９,主要地方道青梅秩父線（都道５３号）,－,成木街道,１０月２６日（火）,曇,203,10.1,29.7,696,34.6,0.44,-,2,1524,2076,2118,2803,3772,3469,2344,1943,2010
,,,,,,,,,,,,,,,,,,,,,,,
観測地点,Ｈ１７区間番号,路線名,都市計画路線名,通称道路名,調査日,天候,時間・種別,７～８,８～９,９～１０,１０～１１,１１～１２,１２～１３,１３～１４,１４～１５,１５～１６,１６～１７,１７～１８,１８～１９,１２ｈ計,２４ｈ計,,
４２０７０青梅市成木８－４０,４０７９,主要地方道青梅秩父線（都道５３号）,－,成木街道,１０月２６日（火）,曇,自動車類上り大型車,21,26,39,45,33,30,37,26,33,36,8,6,340,-,,
４２０７０青梅市成木８－４０,４０７９,主要地方道青梅秩父線（都道５３号）,－,成木街道,１０月２６日（火）,曇,自動車類上り小型車,57,63,55,46,45,35,51,44,55,63,104,45,663,-,,
４２０７０青梅市成木８－４０,４０７９,主要地方道青梅秩父線（都道５３号）,－,成木街道,１０月２６日（火）,曇,自動車類上り計,78,89,94,91,78,65,88,70,88,99,112,51,1003,-,,
４２０７０青梅市成木８－４０,４０７９,主要地方道青梅秩父線（都道５３号）,－,成木街道,１０月２６日（火）,曇,自動車類下り大型車,15,34,43,36,35,41,41,35,41,25,7,3,356,-,,
４２０７０青梅市成木８－４０,４０７９,主要地方道青梅秩父線（都道５３号）,－,成木街道,１０月２６日（火）,曇,自動車類下り小型車,56,80,55,39,47,34,63,45,55,68,68,41,651,-,,
４２０７０青梅市成木８－４０,４０７９,主要地方道青梅秩父線（都道５３号）,－,成木街道,１０月２６日（火）,曇,自動車類下り計,71,114,98,75,82,75,104,80,96,93,75,44,1007,-,,
４２０７０青梅市成木８－４０,４０７９,主要地方道青梅秩父線（都道５３号）,－,成木街道,１０月２６日（火）,曇,自動車類合計大型車,36,60,82,81,68,71,78,61,74,61,15,9,696,-,,
４２０７０青梅市成木８－４０,４０７９,主要地方道青梅秩父線（都道５３号）,－,成木街道,１０月２６日（火）,曇,自動車類合計小型車,113,143,110,85,92,69,114,89,110,131,172,86,1314,-,,
４２０７０青梅市成木８－４０,４０７９,主要地方道青梅秩父線（都道５３号）,－,成木街道,１０月２６日（火）,曇,自動車類合計計,149,203,192,166,160,140,192,150,184,192,187,95,2010,-,,
４２０７０青梅市成木８－４０,４０７９,主要地方道青梅秩父線（都道５３号）,－,成木街道,１０月２６日（火）,曇,二輪車類,6,6,2,3,4,7,4,8,7,5,6,5,63,,,
４２０７０青梅市成木８－４０,４０７９,主要地方道青梅秩父線（都道５３号）,－,成木街道,１０月２６日（火）,曇,自転車類,1,3,0,1,1,0,0,1,1,0,2,0,10,,,
４２０７０青梅市成木８－４０,４０７９,主要地方道青梅秩父線（都道５３号）,－,成木街道,１０月２６日（火）,曇,歩行者類,1,5,3,0,0,0,0,2,1,0,1,0,13,,,
