﻿観測地点,Ｈ１７区間番号,路線名,都市計画路線名,通称道路名,調査日,天候,ピーク時間交通量（台／ｈ）,ピーク率（％）,混雑時平均旅行速度（ｋｍ／ｈ）,大型車台数（台／１２ｈ）,混入率（％）,混雑度,昼夜率,車線数,５８年度（台／１２ｈ）,６０年度（台／１２ｈ）,６３年度（台／１２ｈ）,２年度（台／１２ｈ）,６年度（台／１２ｈ）,９年度（台／１２ｈ）,１１年度（台／１２ｈ）,１７年度（台／１２ｈ）,２２年度（台／１２ｈ）
４１５２０日の出町大久野,４０５１,主要地方道青梅あきる野線（都道３１号）,青梅３・４・２５,秋川街道,１０月２８日（木）,雨,791,12.3,39.8,537,8.3,0.74,-,2,6071,6354,7204,8040,10397,10526,11574,10783,6447
,,,,,,,,,,,,,,,,,,,,,,,
観測地点,Ｈ１７区間番号,路線名,都市計画路線名,通称道路名,調査日,天候,時間・種別,７～８,８～９,９～１０,１０～１１,１１～１２,１２～１３,１３～１４,１４～１５,１５～１６,１６～１７,１７～１８,１８～１９,１２ｈ計,２４ｈ計,,
４１５２０日の出町大久野,４０５１,主要地方道青梅あきる野線（都道３１号）,青梅３・４・２５,秋川街道,１０月２８日（木）,雨,自動車類上り大型車,18,28,30,31,32,25,37,22,19,18,18,7,285,-,,
４１５２０日の出町大久野,４０５１,主要地方道青梅あきる野線（都道３１号）,青梅３・４・２５,秋川街道,１０月２８日（木）,雨,自動車類上り小型車,395,345,218,208,172,208,191,198,211,265,356,297,3064,-,,
４１５２０日の出町大久野,４０５１,主要地方道青梅あきる野線（都道３１号）,青梅３・４・２５,秋川街道,１０月２８日（木）,雨,自動車類上り計,413,373,248,239,204,233,228,220,230,283,374,304,3349,-,,
４１５２０日の出町大久野,４０５１,主要地方道青梅あきる野線（都道３１号）,青梅３・４・２５,秋川街道,１０月２８日（木）,雨,自動車類下り大型車,16,15,25,36,23,20,35,33,16,18,8,7,252,-,,
４１５２０日の出町大久野,４０５１,主要地方道青梅あきる野線（都道３１号）,青梅３・４・２５,秋川街道,１０月２８日（木）,雨,自動車類下り小型車,362,376,204,176,193,147,203,196,195,221,328,245,2846,-,,
４１５２０日の出町大久野,４０５１,主要地方道青梅あきる野線（都道３１号）,青梅３・４・２５,秋川街道,１０月２８日（木）,雨,自動車類下り計,378,391,229,212,216,167,238,229,211,239,336,252,3098,-,,
４１５２０日の出町大久野,４０５１,主要地方道青梅あきる野線（都道３１号）,青梅３・４・２５,秋川街道,１０月２８日（木）,雨,自動車類合計大型車,34,43,55,67,55,45,72,55,35,36,26,14,537,-,,
４１５２０日の出町大久野,４０５１,主要地方道青梅あきる野線（都道３１号）,青梅３・４・２５,秋川街道,１０月２８日（木）,雨,自動車類合計小型車,757,721,422,384,365,355,394,394,406,486,684,542,5910,-,,
４１５２０日の出町大久野,４０５１,主要地方道青梅あきる野線（都道３１号）,青梅３・４・２５,秋川街道,１０月２８日（木）,雨,自動車類合計計,791,764,477,451,420,400,466,449,441,522,710,556,6447,-,,
４１５２０日の出町大久野,４０５１,主要地方道青梅あきる野線（都道３１号）,青梅３・４・２５,秋川街道,１０月２８日（木）,雨,二輪車類,-,-,-,-,-,-,-,-,-,-,-,-,-,,,
４１５２０日の出町大久野,４０５１,主要地方道青梅あきる野線（都道３１号）,青梅３・４・２５,秋川街道,１０月２８日（木）,雨,自転車類,0,0,0,0,0,0,0,0,1,0,1,0,2,,,
４１５２０日の出町大久野,４０５１,主要地方道青梅あきる野線（都道３１号）,青梅３・４・２５,秋川街道,１０月２８日（木）,雨,歩行者類,0,0,0,0,0,0,0,0,0,0,0,0,0,,,
