﻿観測地点,Ｈ１７区間番号,路線名,都市計画路線名,通称道路名,調査日,天候,ピーク時間交通量（台／ｈ）,ピーク率（％）,混雑時平均旅行速度（ｋｍ／ｈ）,大型車台数（台／１２ｈ）,混入率（％）,混雑度,昼夜率,車線数,５８年度（台／１２ｈ）,６０年度（台／１２ｈ）,６３年度（台／１２ｈ）,２年度（台／１２ｈ）,６年度（台／１２ｈ）,９年度（台／１２ｈ）,１１年度（台／１２ｈ）,１７年度（台／１２ｈ）,２２年度（台／１２ｈ）
４０７４０小平市御幸町,４０２８,主要地方道府中清瀬線（都道１５号）,小平３・４・１７,小金井街道,１０月２０日（水）,雨,882,9.1,12.9,1555,16.1,1.24,-,2,8427,8376,7640,8322,7330,8028,8215,7452,9663
,,,,,,,,,,,,,,,,,,,,,,,
観測地点,Ｈ１７区間番号,路線名,都市計画路線名,通称道路名,調査日,天候,時間・種別,７～８,８～９,９～１０,１０～１１,１１～１２,１２～１３,１３～１４,１４～１５,１５～１６,１６～１７,１７～１８,１８～１９,１２ｈ計,２４ｈ計,,
４０７４０小平市御幸町,４０２８,主要地方道府中清瀬線（都道１５号）,小平３・４・１７,小金井街道,１０月２０日（水）,雨,自動車類上り大型車,95,97,89,71,84,60,70,61,55,62,51,54,849,-,,
４０７４０小平市御幸町,４０２８,主要地方道府中清瀬線（都道１５号）,小平３・４・１７,小金井街道,１０月２０日（水）,雨,自動車類上り小型車,429,430,346,343,362,379,376,359,364,383,434,346,4551,-,,
４０７４０小平市御幸町,４０２８,主要地方道府中清瀬線（都道１５号）,小平３・４・１７,小金井街道,１０月２０日（水）,雨,自動車類上り計,524,527,435,414,446,439,446,420,419,445,485,400,5400,-,,
４０７４０小平市御幸町,４０２８,主要地方道府中清瀬線（都道１５号）,小平３・４・１７,小金井街道,１０月２０日（水）,雨,自動車類下り大型車,45,78,100,72,62,62,58,67,42,40,44,36,706,-,,
４０７４０小平市御幸町,４０２８,主要地方道府中清瀬線（都道１５号）,小平３・４・１７,小金井街道,１０月２０日（水）,雨,自動車類下り小型車,219,242,247,308,323,288,295,323,318,307,353,334,3557,-,,
４０７４０小平市御幸町,４０２８,主要地方道府中清瀬線（都道１５号）,小平３・４・１７,小金井街道,１０月２０日（水）,雨,自動車類下り計,264,320,347,380,385,350,353,390,360,347,397,370,4263,-,,
４０７４０小平市御幸町,４０２８,主要地方道府中清瀬線（都道１５号）,小平３・４・１７,小金井街道,１０月２０日（水）,雨,自動車類合計大型車,140,175,189,143,146,122,128,128,97,102,95,90,1555,-,,
４０７４０小平市御幸町,４０２８,主要地方道府中清瀬線（都道１５号）,小平３・４・１７,小金井街道,１０月２０日（水）,雨,自動車類合計小型車,648,672,593,651,685,667,671,682,682,690,787,680,8108,-,,
４０７４０小平市御幸町,４０２８,主要地方道府中清瀬線（都道１５号）,小平３・４・１７,小金井街道,１０月２０日（水）,雨,自動車類合計計,788,847,782,794,831,789,799,810,779,792,882,770,9663,-,,
４０７４０小平市御幸町,４０２８,主要地方道府中清瀬線（都道１５号）,小平３・４・１７,小金井街道,１０月２０日（水）,雨,二輪車類,52,25,29,21,18,17,21,25,41,59,56,53,417,,,
４０７４０小平市御幸町,４０２８,主要地方道府中清瀬線（都道１５号）,小平３・４・１７,小金井街道,１０月２０日（水）,雨,自転車類,280,307,132,125,130,151,120,205,194,159,340,258,2401,,,
４０７４０小平市御幸町,４０２８,主要地方道府中清瀬線（都道１５号）,小平３・４・１７,小金井街道,１０月２０日（水）,雨,歩行者類,108,121,77,72,69,70,40,107,61,67,87,94,973,,,
