﻿観測地点,Ｈ１７区間番号,路線名,都市計画路線名,通称道路名,調査日,天候,ピーク時間交通量（台／ｈ）,ピーク率（％）,混雑時平均旅行速度（ｋｍ／ｈ）,大型車台数（台／１２ｈ）,混入率（％）,混雑度,昼夜率,車線数,５８年度（台／１２ｈ）,６０年度（台／１２ｈ）,６３年度（台／１２ｈ）,２年度（台／１２ｈ）,６年度（台／１２ｈ）,９年度（台／１２ｈ）,１１年度（台／１２ｈ）,１７年度（台／１２ｈ）,２２年度（台／１２ｈ）
６００５０西東京市谷戸町１－５,６００３,一般都道ひばりヶ丘停車場線（都道１１２号）,西東京３・４・２２,－,１０月２７日（水）,晴,872,9.7,9.4,948,10.6,0.93,-,2,6797,6741,8107,7796,9278,7848,7903,9253,8961
,,,,,,,,,,,,,,,,,,,,,,,
観測地点,Ｈ１７区間番号,路線名,都市計画路線名,通称道路名,調査日,天候,時間・種別,７～８,８～９,９～１０,１０～１１,１１～１２,１２～１３,１３～１４,１４～１５,１５～１６,１６～１７,１７～１８,１８～１９,１２ｈ計,２４ｈ計,,
６００５０西東京市谷戸町１－５,６００３,一般都道ひばりヶ丘停車場線（都道１１２号）,西東京３・４・２２,－,１０月２７日（水）,晴,自動車類上り大型車,50,56,50,50,44,17,36,50,40,30,22,21,466,-,,
６００５０西東京市谷戸町１－５,６００３,一般都道ひばりヶ丘停車場線（都道１１２号）,西東京３・４・２２,－,１０月２７日（水）,晴,自動車類上り小型車,378,340,341,340,308,269,296,330,377,392,401,305,4077,-,,
６００５０西東京市谷戸町１－５,６００３,一般都道ひばりヶ丘停車場線（都道１１２号）,西東京３・４・２２,－,１０月２７日（水）,晴,自動車類上り計,428,396,391,390,352,286,332,380,417,422,423,326,4543,-,,
６００５０西東京市谷戸町１－５,６００３,一般都道ひばりヶ丘停車場線（都道１１２号）,西東京３・４・２２,－,１０月２７日（水）,晴,自動車類下り大型車,28,40,49,56,49,45,36,44,47,36,30,22,482,-,,
６００５０西東京市谷戸町１－５,６００３,一般都道ひばりヶ丘停車場線（都道１１２号）,西東京３・４・２２,－,１０月２７日（水）,晴,自動車類下り小型車,228,269,287,295,299,294,339,398,408,414,382,323,3936,-,,
６００５０西東京市谷戸町１－５,６００３,一般都道ひばりヶ丘停車場線（都道１１２号）,西東京３・４・２２,－,１０月２７日（水）,晴,自動車類下り計,256,309,336,351,348,339,375,442,455,450,412,345,4418,-,,
６００５０西東京市谷戸町１－５,６００３,一般都道ひばりヶ丘停車場線（都道１１２号）,西東京３・４・２２,－,１０月２７日（水）,晴,自動車類合計大型車,78,96,99,106,93,62,72,94,87,66,52,43,948,-,,
６００５０西東京市谷戸町１－５,６００３,一般都道ひばりヶ丘停車場線（都道１１２号）,西東京３・４・２２,－,１０月２７日（水）,晴,自動車類合計小型車,606,609,628,635,607,563,635,728,785,806,783,628,8013,-,,
６００５０西東京市谷戸町１－５,６００３,一般都道ひばりヶ丘停車場線（都道１１２号）,西東京３・４・２２,－,１０月２７日（水）,晴,自動車類合計計,684,705,727,741,700,625,707,822,872,872,835,671,8961,-,,
６００５０西東京市谷戸町１－５,６００３,一般都道ひばりヶ丘停車場線（都道１１２号）,西東京３・４・２２,－,１０月２７日（水）,晴,二輪車類,59,133,63,72,59,51,54,68,66,78,106,71,880,,,
６００５０西東京市谷戸町１－５,６００３,一般都道ひばりヶ丘停車場線（都道１１２号）,西東京３・４・２２,－,１０月２７日（水）,晴,自転車類,307,421,205,210,213,209,242,228,297,354,359,315,3360,,,
６００５０西東京市谷戸町１－５,６００３,一般都道ひばりヶ丘停車場線（都道１１２号）,西東京３・４・２２,－,１０月２７日（水）,晴,歩行者類,111,218,93,68,46,40,80,154,147,169,105,101,1332,,,
