﻿観測地点,Ｈ１７区間番号,路線名,都市計画路線名,通称道路名,調査日,天候,ピーク時間交通量（台／ｈ）,ピーク率（％）,混雑時平均旅行速度（ｋｍ／ｈ）,大型車台数（台／１２ｈ）,混入率（％）,混雑度,昼夜率,車線数,５８年度（台／１２ｈ）,６０年度（台／１２ｈ）,６３年度（台／１２ｈ）,２年度（台／１２ｈ）,６年度（台／１２ｈ）,９年度（台／１２ｈ）,１１年度（台／１２ｈ）,１７年度（台／１２ｈ）,２２年度（台／１２ｈ）
４１６１０西多摩郡檜原村上元郷４７３,４０５６,主要地方道上野原あきる野線（都道３３号）,－,檜原街道,１０月２８日（木）,雨,340,10.5,40,443,13.7,0.45,-,2,2943,3049,3170,3555,4171,4466,4405,3830,3225
,,,,,,,,,,,,,,,,,,,,,,,
観測地点,Ｈ１７区間番号,路線名,都市計画路線名,通称道路名,調査日,天候,時間・種別,７～８,８～９,９～１０,１０～１１,１１～１２,１２～１３,１３～１４,１４～１５,１５～１６,１６～１７,１７～１８,１８～１９,１２ｈ計,２４ｈ計,,
４１６１０西多摩郡檜原村上元郷４７３,４０５６,主要地方道上野原あきる野線（都道３３号）,－,檜原街道,１０月２８日（木）,雨,自動車類上り大型車,13,19,27,22,25,27,27,26,15,8,4,6,219,-,,
４１６１０西多摩郡檜原村上元郷４７３,４０５６,主要地方道上野原あきる野線（都道３３号）,－,檜原街道,１０月２８日（木）,雨,自動車類上り小型車,129,147,119,116,86,69,85,109,103,120,117,120,1320,-,,
４１６１０西多摩郡檜原村上元郷４７３,４０５６,主要地方道上野原あきる野線（都道３３号）,－,檜原街道,１０月２８日（木）,雨,自動車類上り計,142,166,146,138,111,96,112,135,118,128,121,126,1539,-,,
４１６１０西多摩郡檜原村上元郷４７３,４０５６,主要地方道上野原あきる野線（都道３３号）,－,檜原街道,１０月２８日（木）,雨,自動車類下り大型車,16,17,24,18,25,23,23,23,19,22,10,4,224,-,,
４１６１０西多摩郡檜原村上元郷４７３,４０５６,主要地方道上野原あきる野線（都道３３号）,－,檜原街道,１０月２８日（木）,雨,自動車類下り小型車,156,157,126,103,95,84,129,115,108,144,152,93,1462,-,,
４１６１０西多摩郡檜原村上元郷４７３,４０５６,主要地方道上野原あきる野線（都道３３号）,－,檜原街道,１０月２８日（木）,雨,自動車類下り計,172,174,150,121,120,107,152,138,127,166,162,97,1686,-,,
４１６１０西多摩郡檜原村上元郷４７３,４０５６,主要地方道上野原あきる野線（都道３３号）,－,檜原街道,１０月２８日（木）,雨,自動車類合計大型車,29,36,51,40,50,50,50,49,34,30,14,10,443,-,,
４１６１０西多摩郡檜原村上元郷４７３,４０５６,主要地方道上野原あきる野線（都道３３号）,－,檜原街道,１０月２８日（木）,雨,自動車類合計小型車,285,304,245,219,181,153,214,224,211,264,269,213,2782,-,,
４１６１０西多摩郡檜原村上元郷４７３,４０５６,主要地方道上野原あきる野線（都道３３号）,－,檜原街道,１０月２８日（木）,雨,自動車類合計計,314,340,296,259,231,203,264,273,245,294,283,223,3225,-,,
４１６１０西多摩郡檜原村上元郷４７３,４０５６,主要地方道上野原あきる野線（都道３３号）,－,檜原街道,１０月２８日（木）,雨,二輪車類,0,1,0,3,0,1,0,5,0,2,0,0,12,,,
４１６１０西多摩郡檜原村上元郷４７３,４０５６,主要地方道上野原あきる野線（都道３３号）,－,檜原街道,１０月２８日（木）,雨,自転車類,2,2,0,0,0,0,0,0,0,0,1,0,5,,,
４１６１０西多摩郡檜原村上元郷４７３,４０５６,主要地方道上野原あきる野線（都道３３号）,－,檜原街道,１０月２８日（木）,雨,歩行者類,5,3,3,6,3,3,4,5,6,5,6,6,55,,,
