﻿観測地点,Ｈ１７区間番号,路線名,都市計画路線名,通称道路名,調査日,天候,ピーク時間交通量（台／ｈ）,ピーク率（％）,混雑時平均旅行速度（ｋｍ／ｈ）,大型車台数（台／１２ｈ）,混入率（％）,混雑度,昼夜率,車線数,５８年度（台／１２ｈ）,６０年度（台／１２ｈ）,６３年度（台／１２ｈ）,２年度（台／１２ｈ）,６年度（台／１２ｈ）,９年度（台／１２ｈ）,１１年度（台／１２ｈ）,１７年度（台／１２ｈ）,２２年度（台／１２ｈ）
６２６３０小金井市貫井北町３－３２－１５,６１０３,一般都道府中小平線（都道２４８号）,小平３・４・７,新小金井街道,１０月２０日（水）,雨,1337,9.1,15,2537,17.4,1.48,-,2,9380,9278,9562,9920,10356,10383,10347,9157,14621
,,,,,,,,,,,,,,,,,,,,,,,
観測地点,Ｈ１７区間番号,路線名,都市計画路線名,通称道路名,調査日,天候,時間・種別,７～８,８～９,９～１０,１０～１１,１１～１２,１２～１３,１３～１４,１４～１５,１５～１６,１６～１７,１７～１８,１８～１９,１２ｈ計,２４ｈ計,,
６２６３０小金井市貫井北町３－３２－１５,６１０３,一般都道府中小平線（都道２４８号）,小平３・４・７,新小金井街道,１０月２０日（水）,雨,自動車類上り大型車,146,140,114,122,134,130,143,120,67,65,40,41,1262,-,,
６２６３０小金井市貫井北町３－３２－１５,６１０３,一般都道府中小平線（都道２４８号）,小平３・４・７,新小金井街道,１０月２０日（水）,雨,自動車類上り小型車,578,570,491,460,475,449,475,504,501,536,520,468,6027,-,,
６２６３０小金井市貫井北町３－３２－１５,６１０３,一般都道府中小平線（都道２４８号）,小平３・４・７,新小金井街道,１０月２０日（水）,雨,自動車類上り計,724,710,605,582,609,579,618,624,568,601,560,509,7289,-,,
６２６３０小金井市貫井北町３－３２－１５,６１０３,一般都道府中小平線（都道２４８号）,小平３・４・７,新小金井街道,１０月２０日（水）,雨,自動車類下り大型車,103,112,127,140,141,112,121,123,87,87,60,62,1275,-,,
６２６３０小金井市貫井北町３－３２－１５,６１０３,一般都道府中小平線（都道２４８号）,小平３・４・７,新小金井街道,１０月２０日（水）,雨,自動車類下り小型車,510,449,419,428,495,517,452,498,537,531,578,643,6057,-,,
６２６３０小金井市貫井北町３－３２－１５,６１０３,一般都道府中小平線（都道２４８号）,小平３・４・７,新小金井街道,１０月２０日（水）,雨,自動車類下り計,613,561,546,568,636,629,573,621,624,618,638,705,7332,-,,
６２６３０小金井市貫井北町３－３２－１５,６１０３,一般都道府中小平線（都道２４８号）,小平３・４・７,新小金井街道,１０月２０日（水）,雨,自動車類合計大型車,249,252,241,262,275,242,264,243,154,152,100,103,2537,-,,
６２６３０小金井市貫井北町３－３２－１５,６１０３,一般都道府中小平線（都道２４８号）,小平３・４・７,新小金井街道,１０月２０日（水）,雨,自動車類合計小型車,1088,1019,910,888,970,966,927,1002,1038,1067,1098,1111,12084,-,,
６２６３０小金井市貫井北町３－３２－１５,６１０３,一般都道府中小平線（都道２４８号）,小平３・４・７,新小金井街道,１０月２０日（水）,雨,自動車類合計計,1337,1271,1151,1150,1245,1208,1191,1245,1192,1219,1198,1214,14621,-,,
６２６３０小金井市貫井北町３－３２－１５,６１０３,一般都道府中小平線（都道２４８号）,小平３・４・７,新小金井街道,１０月２０日（水）,雨,二輪車類,89,53,36,32,35,42,28,55,56,63,68,55,612,,,
６２６３０小金井市貫井北町３－３２－１５,６１０３,一般都道府中小平線（都道２４８号）,小平３・４・７,新小金井街道,１０月２０日（水）,雨,自転車類,404,430,111,121,110,152,159,238,220,202,308,321,2776,,,
６２６３０小金井市貫井北町３－３２－１５,６１０３,一般都道府中小平線（都道２４８号）,小平３・４・７,新小金井街道,１０月２０日（水）,雨,歩行者類,63,60,20,21,25,30,22,30,35,38,49,48,441,,,
