﻿観測地点,Ｈ１７区間番号,路線名,都市計画路線名,通称道路名,調査日,天候,ピーク時間交通量（台／ｈ）,ピーク率（％）,混雑時平均旅行速度（ｋｍ／ｈ）,大型車台数（台／１２ｈ）,混入率（％）,混雑度,昼夜率,車線数,５８年度（台／１２ｈ）,６０年度（台／１２ｈ）,６３年度（台／１２ｈ）,２年度（台／１２ｈ）,６年度（台／１２ｈ）,９年度（台／１２ｈ）,１１年度（台／１２ｈ）,１７年度（台／１２ｈ）,２２年度（台／１２ｈ）
４０８２０国分寺市西町５－１１－３,４０３２,主要地方道立川所沢線（都道１６号）,立川３・５・２５,立川通り,１０月１３日（水）,晴,971,9.2,16.4,1578,14.9,0.9,-,2,10076,9263,9887,10216,9656,9805,9332,9288,10571
,,,,,,,,,,,,,,,,,,,,,,,
観測地点,Ｈ１７区間番号,路線名,都市計画路線名,通称道路名,調査日,天候,時間・種別,７～８,８～９,９～１０,１０～１１,１１～１２,１２～１３,１３～１４,１４～１５,１５～１６,１６～１７,１７～１８,１８～１９,１２ｈ計,２４ｈ計,,
４０８２０国分寺市西町５－１１－３,４０３２,主要地方道立川所沢線（都道１６号）,立川３・５・２５,立川通り,１０月１３日（水）,晴,自動車類上り大型車,106,87,97,85,70,71,73,59,54,50,44,40,836,-,,
４０８２０国分寺市西町５－１１－３,４０３２,主要地方道立川所沢線（都道１６号）,立川３・５・２５,立川通り,１０月１３日（水）,晴,自動車類上り小型車,405,415,370,377,392,357,445,413,406,402,381,349,4712,-,,
４０８２０国分寺市西町５－１１－３,４０３２,主要地方道立川所沢線（都道１６号）,立川３・５・２５,立川通り,１０月１３日（水）,晴,自動車類上り計,511,502,467,462,462,428,518,472,460,452,425,389,5548,-,,
４０８２０国分寺市西町５－１１－３,４０３２,主要地方道立川所沢線（都道１６号）,立川３・５・２５,立川通り,１０月１３日（水）,晴,自動車類下り大型車,58,87,93,74,66,67,65,55,52,46,42,37,742,-,,
４０８２０国分寺市西町５－１１－３,４０３２,主要地方道立川所沢線（都道１６号）,立川３・５・２５,立川通り,１０月１３日（水）,晴,自動車類下り小型車,283,351,285,305,348,338,388,396,397,387,405,398,4281,-,,
４０８２０国分寺市西町５－１１－３,４０３２,主要地方道立川所沢線（都道１６号）,立川３・５・２５,立川通り,１０月１３日（水）,晴,自動車類下り計,341,438,378,379,414,405,453,451,449,433,447,435,5023,-,,
４０８２０国分寺市西町５－１１－３,４０３２,主要地方道立川所沢線（都道１６号）,立川３・５・２５,立川通り,１０月１３日（水）,晴,自動車類合計大型車,164,174,190,159,136,138,138,114,106,96,86,77,1578,-,,
４０８２０国分寺市西町５－１１－３,４０３２,主要地方道立川所沢線（都道１６号）,立川３・５・２５,立川通り,１０月１３日（水）,晴,自動車類合計小型車,688,766,655,682,740,695,833,809,803,789,786,747,8993,-,,
４０８２０国分寺市西町５－１１－３,４０３２,主要地方道立川所沢線（都道１６号）,立川３・５・２５,立川通り,１０月１３日（水）,晴,自動車類合計計,852,940,845,841,876,833,971,923,909,885,872,824,10571,-,,
４０８２０国分寺市西町５－１１－３,４０３２,主要地方道立川所沢線（都道１６号）,立川３・５・２５,立川通り,１０月１３日（水）,晴,二輪車類,-,-,-,-,-,-,-,-,-,-,-,-,-,,,
４０８２０国分寺市西町５－１１－３,４０３２,主要地方道立川所沢線（都道１６号）,立川３・５・２５,立川通り,１０月１３日（水）,晴,自転車類,169,227,49,38,44,27,29,38,83,59,74,74,911,,,
４０８２０国分寺市西町５－１１－３,４０３２,主要地方道立川所沢線（都道１６号）,立川３・５・２５,立川通り,１０月１３日（水）,晴,歩行者類,34,13,14,18,13,19,18,19,19,24,30,21,242,,,
