﻿観測地点,Ｈ１７区間番号,路線名,都市計画路線名,通称道路名,調査日,天候,ピーク時間交通量（台／ｈ）,ピーク率（％）,混雑時平均旅行速度（ｋｍ／ｈ）,大型車台数（台／１２ｈ）,混入率（％）,混雑度,昼夜率,車線数,５８年度（台／１２ｈ）,６０年度（台／１２ｈ）,６３年度（台／１２ｈ）,２年度（台／１２ｈ）,６年度（台／１２ｈ）,９年度（台／１２ｈ）,１１年度（台／１２ｈ）,１７年度（台／１２ｈ）,２２年度（台／１２ｈ）
４２１８０八王子市小宮町５０１,４０８５,主要地方道八王子武蔵村山線（都道５９号）,八王子３・４・９,（多摩大橋）,１０月１４日（木）,曇,1967,9.4,16.4,3495,16.6,0.67,-,3,18804,18453,13033,14243,15920,15818,14278,15209,21034
,,,,,,,,,,,,,,,,,,,,,,,
観測地点,Ｈ１７区間番号,路線名,都市計画路線名,通称道路名,調査日,天候,時間・種別,７～８,８～９,９～１０,１０～１１,１１～１２,１２～１３,１３～１４,１４～１５,１５～１６,１６～１７,１７～１８,１８～１９,１２ｈ計,２４ｈ計,,
４２１８０八王子市小宮町５０１,４０８５,主要地方道八王子武蔵村山線（都道５９号）,八王子３・４・９,（多摩大橋）,１０月１４日（木）,曇,自動車類上り大型車,160,155,196,187,155,164,139,140,147,124,94,61,1722,-,,
４２１８０八王子市小宮町５０１,４０８５,主要地方道八王子武蔵村山線（都道５９号）,八王子３・４・９,（多摩大橋）,１０月１４日（木）,曇,自動車類上り小型車,856,791,659,630,648,652,665,751,718,734,876,863,8843,-,,
４２１８０八王子市小宮町５０１,４０８５,主要地方道八王子武蔵村山線（都道５９号）,八王子３・４・９,（多摩大橋）,１０月１４日（木）,曇,自動車類上り計,1016,946,855,817,803,816,804,891,865,858,970,924,10565,-,,
４２１８０八王子市小宮町５０１,４０８５,主要地方道八王子武蔵村山線（都道５９号）,八王子３・４・９,（多摩大橋）,１０月１４日（木）,曇,自動車類下り大型車,136,134,200,190,184,147,173,147,147,124,106,85,1773,-,,
４２１８０八王子市小宮町５０１,４０８５,主要地方道八王子武蔵村山線（都道５９号）,八王子３・４・９,（多摩大橋）,１０月１４日（木）,曇,自動車類下り小型車,786,795,639,692,618,677,630,662,686,740,891,880,8696,-,,
４２１８０八王子市小宮町５０１,４０８５,主要地方道八王子武蔵村山線（都道５９号）,八王子３・４・９,（多摩大橋）,１０月１４日（木）,曇,自動車類下り計,922,929,839,882,802,824,803,809,833,864,997,965,10469,-,,
４２１８０八王子市小宮町５０１,４０８５,主要地方道八王子武蔵村山線（都道５９号）,八王子３・４・９,（多摩大橋）,１０月１４日（木）,曇,自動車類合計大型車,296,289,396,377,339,311,312,287,294,248,200,146,3495,-,,
４２１８０八王子市小宮町５０１,４０８５,主要地方道八王子武蔵村山線（都道５９号）,八王子３・４・９,（多摩大橋）,１０月１４日（木）,曇,自動車類合計小型車,1642,1586,1298,1322,1266,1329,1295,1413,1404,1474,1767,1743,17539,-,,
４２１８０八王子市小宮町５０１,４０８５,主要地方道八王子武蔵村山線（都道５９号）,八王子３・４・９,（多摩大橋）,１０月１４日（木）,曇,自動車類合計計,1938,1875,1694,1699,1605,1640,1607,1700,1698,1722,1967,1889,21034,-,,
４２１８０八王子市小宮町５０１,４０８５,主要地方道八王子武蔵村山線（都道５９号）,八王子３・４・９,（多摩大橋）,１０月１４日（木）,曇,二輪車類,121,108,56,53,47,47,49,50,44,37,71,62,745,,,
４２１８０八王子市小宮町５０１,４０８５,主要地方道八王子武蔵村山線（都道５９号）,八王子３・４・９,（多摩大橋）,１０月１４日（木）,曇,自転車類,154,219,56,33,50,52,49,48,50,51,118,103,983,,,
４２１８０八王子市小宮町５０１,４０８５,主要地方道八王子武蔵村山線（都道５９号）,八王子３・４・９,（多摩大橋）,１０月１４日（木）,曇,歩行者類,31,65,18,25,12,15,28,21,15,20,29,14,293,,,
