﻿観測地点,Ｈ１７区間番号,路線名,都市計画路線名,通称道路名,調査日,天候,ピーク時間交通量（台／ｈ）,ピーク率（％）,混雑時平均旅行速度（ｋｍ／ｈ）,大型車台数（台／１２ｈ）,混入率（％）,混雑度,昼夜率,車線数,５８年度（台／１２ｈ）,６０年度（台／１２ｈ）,６３年度（台／１２ｈ）,２年度（台／１２ｈ）,６年度（台／１２ｈ）,９年度（台／１２ｈ）,１１年度（台／１２ｈ）,１７年度（台／１２ｈ）,２２年度（台／１２ｈ）
４２０６０青梅市黒沢３－１３９２,４０７８,主要地方道青梅秩父線（都道５３号）,－,小曽木街道,１０月２６日（火）,曇,320,14.3,37.2,130,5.8,0.28,-,2,1603,1508,1989,2291,2653,2704,-,2337,2242
,,,,,,,,,,,,,,,,,,,,,,,
観測地点,Ｈ１７区間番号,路線名,都市計画路線名,通称道路名,調査日,天候,時間・種別,７～８,８～９,９～１０,１０～１１,１１～１２,１２～１３,１３～１４,１４～１５,１５～１６,１６～１７,１７～１８,１８～１９,１２ｈ計,２４ｈ計,,
４２０６０青梅市黒沢３－１３９２,４０７８,主要地方道青梅秩父線（都道５３号）,－,小曽木街道,１０月２６日（火）,曇,自動車類上り大型車,5,13,7,8,5,1,11,6,1,3,1,3,64,-,,
４２０６０青梅市黒沢３－１３９２,４０７８,主要地方道青梅秩父線（都道５３号）,－,小曽木街道,１０月２６日（火）,曇,自動車類上り小型車,92,135,73,60,60,54,67,63,100,101,149,89,1043,-,,
４２０６０青梅市黒沢３－１３９２,４０７８,主要地方道青梅秩父線（都道５３号）,－,小曽木街道,１０月２６日（火）,曇,自動車類上り計,97,148,80,68,65,55,78,69,101,104,150,92,1107,-,,
４２０６０青梅市黒沢３－１３９２,４０７８,主要地方道青梅秩父線（都道５３号）,－,小曽木街道,１０月２６日（火）,曇,自動車類下り大型車,6,6,4,12,10,4,6,4,8,3,2,1,66,-,,
４２０６０青梅市黒沢３－１３９２,４０７８,主要地方道青梅秩父線（都道５３号）,－,小曽木街道,１０月２６日（火）,曇,自動車類下り小型車,154,166,96,65,63,71,68,73,73,73,97,70,1069,-,,
４２０６０青梅市黒沢３－１３９２,４０７８,主要地方道青梅秩父線（都道５３号）,－,小曽木街道,１０月２６日（火）,曇,自動車類下り計,160,172,100,77,73,75,74,77,81,76,99,71,1135,-,,
４２０６０青梅市黒沢３－１３９２,４０７８,主要地方道青梅秩父線（都道５３号）,－,小曽木街道,１０月２６日（火）,曇,自動車類合計大型車,11,19,11,20,15,5,17,10,9,6,3,4,130,-,,
４２０６０青梅市黒沢３－１３９２,４０７８,主要地方道青梅秩父線（都道５３号）,－,小曽木街道,１０月２６日（火）,曇,自動車類合計小型車,246,301,169,125,123,125,135,136,173,174,246,159,2112,-,,
４２０６０青梅市黒沢３－１３９２,４０７８,主要地方道青梅秩父線（都道５３号）,－,小曽木街道,１０月２６日（火）,曇,自動車類合計計,257,320,180,145,138,130,152,146,182,180,249,163,2242,-,,
４２０６０青梅市黒沢３－１３９２,４０７８,主要地方道青梅秩父線（都道５３号）,－,小曽木街道,１０月２６日（火）,曇,二輪車類,2,9,10,6,6,4,7,5,7,7,2,8,73,,,
４２０６０青梅市黒沢３－１３９２,４０７８,主要地方道青梅秩父線（都道５３号）,－,小曽木街道,１０月２６日（火）,曇,自転車類,1,3,1,1,0,1,0,3,1,1,2,5,19,,,
４２０６０青梅市黒沢３－１３９２,４０７８,主要地方道青梅秩父線（都道５３号）,－,小曽木街道,１０月２６日（火）,曇,歩行者類,6,0,7,0,5,1,2,0,4,9,4,5,43,,,
