﻿観測地点,Ｈ１７区間番号,路線名,都市計画路線名,通称道路名,調査日,天候,ピーク時間交通量（台／ｈ）,ピーク率（％）,混雑時平均旅行速度（ｋｍ／ｈ）,大型車台数（台／１２ｈ）,混入率（％）,混雑度,昼夜率,車線数,５８年度（台／１２ｈ）,６０年度（台／１２ｈ）,６３年度（台／１２ｈ）,２年度（台／１２ｈ）,６年度（台／１２ｈ）,９年度（台／１２ｈ）,１１年度（台／１２ｈ）,１７年度（台／１２ｈ）,２２年度（台／１２ｈ）
４１５４０八王子市川口町９２３,４０５３,主要地方道八王子五日市線（都道３２号）,－,秋川街道,１０月２７日（水）,晴,762,10.0,30.1,1028,13.5,0.83,-,2,6602,6600,6878,7807,8949,9220,9002,8949,7619
,,,,,,,,,,,,,,,,,,,,,,,
観測地点,Ｈ１７区間番号,路線名,都市計画路線名,通称道路名,調査日,天候,時間・種別,７～８,８～９,９～１０,１０～１１,１１～１２,１２～１３,１３～１４,１４～１５,１５～１６,１６～１７,１７～１８,１８～１９,１２ｈ計,２４ｈ計,,
４１５４０八王子市川口町９２３,４０５３,主要地方道八王子五日市線（都道３２号）,－,秋川街道,１０月２７日（水）,晴,自動車類上り大型車,37,31,48,46,37,30,38,60,46,48,46,34,501,-,,
４１５４０八王子市川口町９２３,４０５３,主要地方道八王子五日市線（都道３２号）,－,秋川街道,１０月２７日（水）,晴,自動車類上り小型車,322,262,284,311,256,173,189,280,377,370,348,261,3433,-,,
４１５４０八王子市川口町９２３,４０５３,主要地方道八王子五日市線（都道３２号）,－,秋川街道,１０月２７日（水）,晴,自動車類上り計,359,293,332,357,293,203,227,340,423,418,394,295,3934,-,,
４１５４０八王子市川口町９２３,４０５３,主要地方道八王子五日市線（都道３２号）,－,秋川街道,１０月２７日（水）,晴,自動車類下り大型車,25,39,41,54,57,43,58,48,55,49,30,28,527,-,,
４１５４０八王子市川口町９２３,４０５３,主要地方道八王子五日市線（都道３２号）,－,秋川街道,１０月２７日（水）,晴,自動車類下り小型車,369,340,242,253,214,243,238,225,255,295,215,269,3158,-,,
４１５４０八王子市川口町９２３,４０５３,主要地方道八王子五日市線（都道３２号）,－,秋川街道,１０月２７日（水）,晴,自動車類下り計,394,379,283,307,271,286,296,273,310,344,245,297,3685,-,,
４１５４０八王子市川口町９２３,４０５３,主要地方道八王子五日市線（都道３２号）,－,秋川街道,１０月２７日（水）,晴,自動車類合計大型車,62,70,89,100,94,73,96,108,101,97,76,62,1028,-,,
４１５４０八王子市川口町９２３,４０５３,主要地方道八王子五日市線（都道３２号）,－,秋川街道,１０月２７日（水）,晴,自動車類合計小型車,691,602,526,564,470,416,427,505,632,665,563,530,6591,-,,
４１５４０八王子市川口町９２３,４０５３,主要地方道八王子五日市線（都道３２号）,－,秋川街道,１０月２７日（水）,晴,自動車類合計計,753,672,615,664,564,489,523,613,733,762,639,592,7619,-,,
４１５４０八王子市川口町９２３,４０５３,主要地方道八王子五日市線（都道３２号）,－,秋川街道,１０月２７日（水）,晴,二輪車類,53,38,32,40,26,31,25,34,38,34,65,28,444,,,
４１５４０八王子市川口町９２３,４０５３,主要地方道八王子五日市線（都道３２号）,－,秋川街道,１０月２７日（水）,晴,自転車類,35,31,21,12,8,25,24,34,25,19,34,27,295,,,
４１５４０八王子市川口町９２３,４０５３,主要地方道八王子五日市線（都道３２号）,－,秋川街道,１０月２７日（水）,晴,歩行者類,65,38,14,21,17,20,61,30,34,36,52,43,431,,,
