﻿観測地点,Ｈ１７区間番号,路線名,都市計画路線名,通称道路名,調査日,天候,ピーク時間交通量（台／ｈ）,ピーク率（％）,混雑時平均旅行速度（ｋｍ／ｈ）,大型車台数（台／１２ｈ）,混入率（％）,混雑度,昼夜率,車線数,５８年度（台／１２ｈ）,６０年度（台／１２ｈ）,６３年度（台／１２ｈ）,２年度（台／１２ｈ）,６年度（台／１２ｈ）,９年度（台／１２ｈ）,１１年度（台／１２ｈ）,１７年度（台／１２ｈ）,２２年度（台／１２ｈ）
４１８００西多摩郡奥多摩町小丹波２０,４０６８,主要地方道奥多摩青梅線（都道４５号）,－,吉野街道,１０月２８日（木）,雨,271,9.8,37.2,647,23.5,0.49,-,2,3476,3245,3785,4006,4397,4785,4331,3996,2759
,,,,,,,,,,,,,,,,,,,,,,,
観測地点,Ｈ１７区間番号,路線名,都市計画路線名,通称道路名,調査日,天候,時間・種別,７～８,８～９,９～１０,１０～１１,１１～１２,１２～１３,１３～１４,１４～１５,１５～１６,１６～１７,１７～１８,１８～１９,１２ｈ計,２４ｈ計,,
４１８００西多摩郡奥多摩町小丹波２０,４０６８,主要地方道奥多摩青梅線（都道４５号）,－,吉野街道,１０月２８日（木）,雨,自動車類上り大型車,29,30,39,46,34,23,30,40,18,21,9,2,321,-,,
４１８００西多摩郡奥多摩町小丹波２０,４０６８,主要地方道奥多摩青梅線（都道４５号）,－,吉野街道,１０月２８日（木）,雨,自動車類上り小型車,133,111,84,94,100,75,80,71,96,76,80,67,1067,-,,
４１８００西多摩郡奥多摩町小丹波２０,４０６８,主要地方道奥多摩青梅線（都道４５号）,－,吉野街道,１０月２８日（木）,雨,自動車類上り計,162,141,123,140,134,98,110,111,114,97,89,69,1388,-,,
４１８００西多摩郡奥多摩町小丹波２０,４０６８,主要地方道奥多摩青梅線（都道４５号）,－,吉野街道,１０月２８日（木）,雨,自動車類下り大型車,43,30,31,45,31,21,34,33,18,24,12,4,326,-,,
４１８００西多摩郡奥多摩町小丹波２０,４０６８,主要地方道奥多摩青梅線（都道４５号）,－,吉野街道,１０月２８日（木）,雨,自動車類下り小型車,66,76,85,84,103,83,87,81,75,102,130,73,1045,-,,
４１８００西多摩郡奥多摩町小丹波２０,４０６８,主要地方道奥多摩青梅線（都道４５号）,－,吉野街道,１０月２８日（木）,雨,自動車類下り計,109,106,116,129,134,104,121,114,93,126,142,77,1371,-,,
４１８００西多摩郡奥多摩町小丹波２０,４０６８,主要地方道奥多摩青梅線（都道４５号）,－,吉野街道,１０月２８日（木）,雨,自動車類合計大型車,72,60,70,91,65,44,64,73,36,45,21,6,647,-,,
４１８００西多摩郡奥多摩町小丹波２０,４０６８,主要地方道奥多摩青梅線（都道４５号）,－,吉野街道,１０月２８日（木）,雨,自動車類合計小型車,199,187,169,178,203,158,167,152,171,178,210,140,2112,-,,
４１８００西多摩郡奥多摩町小丹波２０,４０６８,主要地方道奥多摩青梅線（都道４５号）,－,吉野街道,１０月２８日（木）,雨,自動車類合計計,271,247,239,269,268,202,231,225,207,223,231,146,2759,-,,
４１８００西多摩郡奥多摩町小丹波２０,４０６８,主要地方道奥多摩青梅線（都道４５号）,－,吉野街道,１０月２８日（木）,雨,二輪車類,5,1,0,1,1,1,0,0,1,1,2,1,14,,,
４１８００西多摩郡奥多摩町小丹波２０,４０６８,主要地方道奥多摩青梅線（都道４５号）,－,吉野街道,１０月２８日（木）,雨,自転車類,0,0,0,0,0,0,0,0,0,0,0,0,0,,,
４１８００西多摩郡奥多摩町小丹波２０,４０６８,主要地方道奥多摩青梅線（都道４５号）,－,吉野街道,１０月２８日（木）,雨,歩行者類,5,7,5,2,3,3,2,2,6,2,3,0,40,,,
