﻿観測地点,Ｈ１７区間番号,路線名,都市計画路線名,通称道路名,調査日,天候,ピーク時間交通量（台／ｈ）,ピーク率（％）,混雑時平均旅行速度（ｋｍ／ｈ）,大型車台数（台／１２ｈ）,混入率（％）,混雑度,昼夜率,車線数,５８年度（台／１２ｈ）,６０年度（台／１２ｈ）,６３年度（台／１２ｈ）,２年度（台／１２ｈ）,６年度（台／１２ｈ）,９年度（台／１２ｈ）,１１年度（台／１２ｈ）,１７年度（台／１２ｈ）,２２年度（台／１２ｈ）
６１８８０大島町波浮港沖の根,６０７２,一般都道大島循環線（都道２０８号）,－,大島一周道路,１１月１６日（火）,晴,314,20.8,38,128,8.5,0.22,-,2,1585,1485,1618,1825,1959,1809,-,1625,1509
,,,,,,,,,,,,,,,,,,,,,,,
観測地点,Ｈ１７区間番号,路線名,都市計画路線名,通称道路名,調査日,天候,時間・種別,７～８,８～９,９～１０,１０～１１,１１～１２,１２～１３,１３～１４,１４～１５,１５～１６,１６～１７,１７～１８,１８～１９,１２ｈ計,２４ｈ計,,
６１８８０大島町波浮港沖の根,６０７２,一般都道大島循環線（都道２０８号）,－,大島一周道路,１１月１６日（火）,晴,自動車類上り大型車,4,7,9,10,2,1,2,7,2,14,5,3,66,-,,
６１８８０大島町波浮港沖の根,６０７２,一般都道大島循環線（都道２０８号）,－,大島一周道路,１１月１６日（火）,晴,自動車類上り小型車,44,50,51,82,22,49,53,53,34,147,90,37,712,-,,
６１８８０大島町波浮港沖の根,６０７２,一般都道大島循環線（都道２０８号）,－,大島一周道路,１１月１６日（火）,晴,自動車類上り計,48,57,60,92,24,50,55,60,36,161,95,40,778,-,,
６１８８０大島町波浮港沖の根,６０７２,一般都道大島循環線（都道２０８号）,－,大島一周道路,１１月１６日（火）,晴,自動車類下り大型車,5,6,7,5,4,4,0,8,3,12,5,3,62,-,,
６１８８０大島町波浮港沖の根,６０７２,一般都道大島循環線（都道２０８号）,－,大島一周道路,１１月１６日（火）,晴,自動車類下り小型車,69,72,64,68,30,22,39,56,32,141,46,30,669,-,,
６１８８０大島町波浮港沖の根,６０７２,一般都道大島循環線（都道２０８号）,－,大島一周道路,１１月１６日（火）,晴,自動車類下り計,74,78,71,73,34,26,39,64,35,153,51,33,731,-,,
６１８８０大島町波浮港沖の根,６０７２,一般都道大島循環線（都道２０８号）,－,大島一周道路,１１月１６日（火）,晴,自動車類合計大型車,9,13,16,15,6,5,2,15,5,26,10,6,128,-,,
６１８８０大島町波浮港沖の根,６０７２,一般都道大島循環線（都道２０８号）,－,大島一周道路,１１月１６日（火）,晴,自動車類合計小型車,113,122,115,150,52,71,92,109,66,288,136,67,1381,-,,
６１８８０大島町波浮港沖の根,６０７２,一般都道大島循環線（都道２０８号）,－,大島一周道路,１１月１６日（火）,晴,自動車類合計計,122,135,131,165,58,76,94,124,71,314,146,73,1509,-,,
６１８８０大島町波浮港沖の根,６０７２,一般都道大島循環線（都道２０８号）,－,大島一周道路,１１月１６日（火）,晴,二輪車類,3,4,6,17,2,4,4,9,5,7,3,2,66,,,
６１８８０大島町波浮港沖の根,６０７２,一般都道大島循環線（都道２０８号）,－,大島一周道路,１１月１６日（火）,晴,自転車類,0,0,1,7,0,3,3,0,0,3,5,0,22,,,
６１８８０大島町波浮港沖の根,６０７２,一般都道大島循環線（都道２０８号）,－,大島一周道路,１１月１６日（火）,晴,歩行者類,26,6,9,15,1,3,1,15,10,44,8,3,141,,,
