﻿観測地点,Ｈ１７区間番号,路線名,都市計画路線名,通称道路名,調査日,天候,ピーク時間交通量（台／ｈ）,ピーク率（％）,混雑時平均旅行速度（ｋｍ／ｈ）,大型車台数（台／１２ｈ）,混入率（％）,混雑度,昼夜率,車線数,５８年度（台／１２ｈ）,６０年度（台／１２ｈ）,６３年度（台／１２ｈ）,２年度（台／１２ｈ）,６年度（台／１２ｈ）,９年度（台／１２ｈ）,１１年度（台／１２ｈ）,１７年度（台／１２ｈ）,２２年度（台／１２ｈ）
４０３９０あきる野市二宮３５１,４０１８,主要地方道杉並あきる野線（都道７号）,秋多３・５・１５,五日市街道,１０月２７日（水）,晴,1290,9.6,29.8,964,7.2,1.61,-,2,7298,7946,8016,8824,11025,11561,12630,12831,13441
,,,,,,,,,,,,,,,,,,,,,,,
観測地点,Ｈ１７区間番号,路線名,都市計画路線名,通称道路名,調査日,天候,時間・種別,７～８,８～９,９～１０,１０～１１,１１～１２,１２～１３,１３～１４,１４～１５,１５～１６,１６～１７,１７～１８,１８～１９,１２ｈ計,２４ｈ計,,
４０３９０あきる野市二宮３５１,４０１８,主要地方道杉並あきる野線（都道７号）,秋多３・５・１５,五日市街道,１０月２７日（水）,晴,自動車類上り大型車,28,33,48,50,41,31,39,49,40,41,24,17,441,-,,
４０３９０あきる野市二宮３５１,４０１８,主要地方道杉並あきる野線（都道７号）,秋多３・５・１５,五日市街道,１０月２７日（水）,晴,自動車類上り小型車,448,482,439,505,500,509,480,481,620,598,555,489,6106,-,,
４０３９０あきる野市二宮３５１,４０１８,主要地方道杉並あきる野線（都道７号）,秋多３・５・１５,五日市街道,１０月２７日（水）,晴,自動車類上り計,476,515,487,555,541,540,519,530,660,639,579,506,6547,-,,
４０３９０あきる野市二宮３５１,４０１８,主要地方道杉並あきる野線（都道７号）,秋多３・５・１５,五日市街道,１０月２７日（水）,晴,自動車類下り大型車,35,47,53,53,52,36,54,56,49,37,32,19,523,-,,
４０３９０あきる野市二宮３５１,４０１８,主要地方道杉並あきる野線（都道７号）,秋多３・５・１５,五日市街道,１０月２７日（水）,晴,自動車類下り小型車,379,520,523,549,571,511,502,522,581,581,654,478,6371,-,,
４０３９０あきる野市二宮３５１,４０１８,主要地方道杉並あきる野線（都道７号）,秋多３・５・１５,五日市街道,１０月２７日（水）,晴,自動車類下り計,414,567,576,602,623,547,556,578,630,618,686,497,6894,-,,
４０３９０あきる野市二宮３５１,４０１８,主要地方道杉並あきる野線（都道７号）,秋多３・５・１５,五日市街道,１０月２７日（水）,晴,自動車類合計大型車,63,80,101,103,93,67,93,105,89,78,56,36,964,-,,
４０３９０あきる野市二宮３５１,４０１８,主要地方道杉並あきる野線（都道７号）,秋多３・５・１５,五日市街道,１０月２７日（水）,晴,自動車類合計小型車,827,1002,962,1054,1071,1020,982,1003,1201,1179,1209,967,12477,-,,
４０３９０あきる野市二宮３５１,４０１８,主要地方道杉並あきる野線（都道７号）,秋多３・５・１５,五日市街道,１０月２７日（水）,晴,自動車類合計計,890,1082,1063,1157,1164,1087,1075,1108,1290,1257,1265,1003,13441,-,,
４０３９０あきる野市二宮３５１,４０１８,主要地方道杉並あきる野線（都道７号）,秋多３・５・１５,五日市街道,１０月２７日（水）,晴,二輪車類,42,41,33,30,28,36,27,30,34,37,45,33,416,,,
４０３９０あきる野市二宮３５１,４０１８,主要地方道杉並あきる野線（都道７号）,秋多３・５・１５,五日市街道,１０月２７日（水）,晴,自転車類,47,77,61,53,56,52,48,44,52,60,74,44,668,,,
４０３９０あきる野市二宮３５１,４０１８,主要地方道杉並あきる野線（都道７号）,秋多３・５・１５,五日市街道,１０月２７日（水）,晴,歩行者類,19,25,36,42,15,19,11,12,24,20,27,12,262,,,
