﻿観測地点,Ｈ１７区間番号,路線名,都市計画路線名,通称道路名,調査日,天候,ピーク時間交通量（台／ｈ）,ピーク率（％）,混雑時平均旅行速度（ｋｍ／ｈ）,大型車台数（台／１２ｈ）,混入率（％）,混雑度,昼夜率,車線数,５８年度（台／１２ｈ）,６０年度（台／１２ｈ）,６３年度（台／１２ｈ）,２年度（台／１２ｈ）,６年度（台／１２ｈ）,９年度（台／１２ｈ）,１１年度（台／１２ｈ）,１７年度（台／１２ｈ）,２２年度（台／１２ｈ）
６２０１０三宅島三宅村伊豆６４２,６０７８,一般都道三宅循環線（都道２１２号）,－,三宅一周道路,１１月１５日（月）,晴,180,12.4,36.3,109,7.5,0.21,-,2,-,1398,1362,1433,1731,1544,1677,1405,1457
,,,,,,,,,,,,,,,,,,,,,,,
観測地点,Ｈ１７区間番号,路線名,都市計画路線名,通称道路名,調査日,天候,時間・種別,７～８,８～９,９～１０,１０～１１,１１～１２,１２～１３,１３～１４,１４～１５,１５～１６,１６～１７,１７～１８,１８～１９,１２ｈ計,２４ｈ計,,
６２０１０三宅島三宅村伊豆６４２,６０７８,一般都道三宅循環線（都道２１２号）,－,三宅一周道路,１１月１５日（月）,晴,自動車類上り大型車,5,8,1,5,8,7,4,4,1,12,2,1,58,-,,
６２０１０三宅島三宅村伊豆６４２,６０７８,一般都道三宅循環線（都道２１２号）,－,三宅一周道路,１１月１５日（月）,晴,自動車類上り小型車,38,85,50,80,46,56,48,56,50,75,52,29,665,-,,
６２０１０三宅島三宅村伊豆６４２,６０７８,一般都道三宅循環線（都道２１２号）,－,三宅一周道路,１１月１５日（月）,晴,自動車類上り計,43,93,51,85,54,63,52,60,51,87,54,30,723,-,,
６２０１０三宅島三宅村伊豆６４２,６０７８,一般都道三宅循環線（都道２１２号）,－,三宅一周道路,１１月１５日（月）,晴,自動車類下り大型車,1,7,2,1,5,4,9,4,12,5,0,1,51,-,,
６２０１０三宅島三宅村伊豆６４２,６０７８,一般都道三宅循環線（都道２１２号）,－,三宅一周道路,１１月１５日（月）,晴,自動車類下り小型車,35,80,73,67,54,56,71,45,52,55,60,35,683,-,,
６２０１０三宅島三宅村伊豆６４２,６０７８,一般都道三宅循環線（都道２１２号）,－,三宅一周道路,１１月１５日（月）,晴,自動車類下り計,36,87,75,68,59,60,80,49,64,60,60,36,734,-,,
６２０１０三宅島三宅村伊豆６４２,６０７８,一般都道三宅循環線（都道２１２号）,－,三宅一周道路,１１月１５日（月）,晴,自動車類合計大型車,6,15,3,6,13,11,13,8,13,17,2,2,109,-,,
６２０１０三宅島三宅村伊豆６４２,６０７８,一般都道三宅循環線（都道２１２号）,－,三宅一周道路,１１月１５日（月）,晴,自動車類合計小型車,73,165,123,147,100,112,119,101,102,130,112,64,1348,-,,
６２０１０三宅島三宅村伊豆６４２,６０７８,一般都道三宅循環線（都道２１２号）,－,三宅一周道路,１１月１５日（月）,晴,自動車類合計計,79,180,126,153,113,123,132,109,115,147,114,66,1457,-,,
６２０１０三宅島三宅村伊豆６４２,６０７８,一般都道三宅循環線（都道２１２号）,－,三宅一周道路,１１月１５日（月）,晴,二輪車類,1,2,3,2,4,3,3,4,1,5,4,2,34,,,
６２０１０三宅島三宅村伊豆６４２,６０７８,一般都道三宅循環線（都道２１２号）,－,三宅一周道路,１１月１５日（月）,晴,自転車類,0,0,0,0,0,0,1,0,1,0,1,0,3,,,
６２０１０三宅島三宅村伊豆６４２,６０７８,一般都道三宅循環線（都道２１２号）,－,三宅一周道路,１１月１５日（月）,晴,歩行者類,7,3,2,4,1,1,9,2,2,0,6,3,40,,,
