﻿観測地点,Ｈ１７区間番号,路線名,都市計画路線名,通称道路名,調査日,天候,ピーク時間交通量（台／ｈ）,ピーク率（％）,混雑時平均旅行速度（ｋｍ／ｈ）,大型車台数（台／１２ｈ）,混入率（％）,混雑度,昼夜率,車線数,５８年度（台／１２ｈ）,６０年度（台／１２ｈ）,６３年度（台／１２ｈ）,２年度（台／１２ｈ）,６年度（台／１２ｈ）,９年度（台／１２ｈ）,１１年度（台／１２ｈ）,１７年度（台／１２ｈ）,２２年度（台／１２ｈ）
６０４５０小金井市東町２－６－４,６０２２,一般都道恋ケ窪新田三鷹線（都道１３４号）,小金井３・４・１,連雀通り,１０月２０日（水）,雨,779,9.1,19.5,749,8.7,1.06,-,2,8753,8833,9321,9931,10215,9315,10150,8874,8561
,,,,,,,,,,,,,,,,,,,,,,,
観測地点,Ｈ１７区間番号,路線名,都市計画路線名,通称道路名,調査日,天候,時間・種別,７～８,８～９,９～１０,１０～１１,１１～１２,１２～１３,１３～１４,１４～１５,１５～１６,１６～１７,１７～１８,１８～１９,１２ｈ計,２４ｈ計,,
６０４５０小金井市東町２－６－４,６０２２,一般都道恋ケ窪新田三鷹線（都道１３４号）,小金井３・４・１,連雀通り,１０月２０日（水）,雨,自動車類上り大型車,31,44,37,42,38,36,24,35,28,22,19,7,363,-,,
６０４５０小金井市東町２－６－４,６０２２,一般都道恋ケ窪新田三鷹線（都道１３４号）,小金井３・４・１,連雀通り,１０月２０日（水）,雨,自動車類上り小型車,188,219,273,322,300,306,285,356,331,351,402,403,3736,-,,
６０４５０小金井市東町２－６－４,６０２２,一般都道恋ケ窪新田三鷹線（都道１３４号）,小金井３・４・１,連雀通り,１０月２０日（水）,雨,自動車類上り計,219,263,310,364,338,342,309,391,359,373,421,410,4099,-,,
６０４５０小金井市東町２－６－４,６０２２,一般都道恋ケ窪新田三鷹線（都道１３４号）,小金井３・４・１,連雀通り,１０月２０日（水）,雨,自動車類下り大型車,63,36,41,41,38,32,31,26,21,21,19,17,386,-,,
６０４５０小金井市東町２－６－４,６０２２,一般都道恋ケ窪新田三鷹線（都道１３４号）,小金井３・４・１,連雀通り,１０月２０日（水）,雨,自動車類下り小型車,393,461,315,365,276,268,341,342,348,339,339,289,4076,-,,
６０４５０小金井市東町２－６－４,６０２２,一般都道恋ケ窪新田三鷹線（都道１３４号）,小金井３・４・１,連雀通り,１０月２０日（水）,雨,自動車類下り計,456,497,356,406,314,300,372,368,369,360,358,306,4462,-,,
６０４５０小金井市東町２－６－４,６０２２,一般都道恋ケ窪新田三鷹線（都道１３４号）,小金井３・４・１,連雀通り,１０月２０日（水）,雨,自動車類合計大型車,94,80,78,83,76,68,55,61,49,43,38,24,749,-,,
６０４５０小金井市東町２－６－４,６０２２,一般都道恋ケ窪新田三鷹線（都道１３４号）,小金井３・４・１,連雀通り,１０月２０日（水）,雨,自動車類合計小型車,581,680,588,687,576,574,626,698,679,690,741,692,7812,-,,
６０４５０小金井市東町２－６－４,６０２２,一般都道恋ケ窪新田三鷹線（都道１３４号）,小金井３・４・１,連雀通り,１０月２０日（水）,雨,自動車類合計計,675,760,666,770,652,642,681,759,728,733,779,716,8561,-,,
６０４５０小金井市東町２－６－４,６０２２,一般都道恋ケ窪新田三鷹線（都道１３４号）,小金井３・４・１,連雀通り,１０月２０日（水）,雨,二輪車類,-,-,-,-,-,-,-,-,-,-,-,-,-,,,
６０４５０小金井市東町２－６－４,６０２２,一般都道恋ケ窪新田三鷹線（都道１３４号）,小金井３・４・１,連雀通り,１０月２０日（水）,雨,自転車類,134,173,69,76,68,67,80,61,72,106,132,100,1138,,,
６０４５０小金井市東町２－６－４,６０２２,一般都道恋ケ窪新田三鷹線（都道１３４号）,小金井３・４・１,連雀通り,１０月２０日（水）,雨,歩行者類,40,42,28,21,24,25,22,13,33,40,23,18,329,,,
