﻿観測地点,Ｈ１７区間番号,路線名,都市計画路線名,通称道路名,調査日,天候,ピーク時間交通量（台／ｈ）,ピーク率（％）,混雑時平均旅行速度（ｋｍ／ｈ）,大型車台数（台／１２ｈ）,混入率（％）,混雑度,昼夜率,車線数,５８年度（台／１２ｈ）,６０年度（台／１２ｈ）,６３年度（台／１２ｈ）,２年度（台／１２ｈ）,６年度（台／１２ｈ）,９年度（台／１２ｈ）,１１年度（台／１２ｈ）,１７年度（台／１２ｈ）,２２年度（台／１２ｈ）
４１５７０あきる野市留原８３９,４０５４,主要地方道八王子五日市線（都道３２号）,－,秋川街道,１０月２７日（水）,晴,255,11.7,32.8,372,17.0,0.23,-,2,1120,1274,1393,1926,2538,1936,-,2053,2184
,,,,,,,,,,,,,,,,,,,,,,,
観測地点,Ｈ１７区間番号,路線名,都市計画路線名,通称道路名,調査日,天候,時間・種別,７～８,８～９,９～１０,１０～１１,１１～１２,１２～１３,１３～１４,１４～１５,１５～１６,１６～１７,１７～１８,１８～１９,１２ｈ計,２４ｈ計,,
４１５７０あきる野市留原８３９,４０５４,主要地方道八王子五日市線（都道３２号）,－,秋川街道,１０月２７日（水）,晴,自動車類上り大型車,11,15,17,23,19,6,14,19,21,27,13,5,190,-,,
４１５７０あきる野市留原８３９,４０５４,主要地方道八王子五日市線（都道３２号）,－,秋川街道,１０月２７日（水）,晴,自動車類上り小型車,118,96,44,40,46,39,55,66,89,109,91,80,873,-,,
４１５７０あきる野市留原８３９,４０５４,主要地方道八王子五日市線（都道３２号）,－,秋川街道,１０月２７日（水）,晴,自動車類上り計,129,111,61,63,65,45,69,85,110,136,104,85,1063,-,,
４１５７０あきる野市留原８３９,４０５４,主要地方道八王子五日市線（都道３２号）,－,秋川街道,１０月２７日（水）,晴,自動車類下り大型車,10,19,26,29,14,15,10,20,9,12,14,4,182,-,,
４１５７０あきる野市留原８３９,４０５４,主要地方道八王子五日市線（都道３２号）,－,秋川街道,１０月２７日（水）,晴,自動車類下り小型車,116,91,78,61,65,64,65,64,76,80,116,63,939,-,,
４１５７０あきる野市留原８３９,４０５４,主要地方道八王子五日市線（都道３２号）,－,秋川街道,１０月２７日（水）,晴,自動車類下り計,126,110,104,90,79,79,75,84,85,92,130,67,1121,-,,
４１５７０あきる野市留原８３９,４０５４,主要地方道八王子五日市線（都道３２号）,－,秋川街道,１０月２７日（水）,晴,自動車類合計大型車,21,34,43,52,33,21,24,39,30,39,27,9,372,-,,
４１５７０あきる野市留原８３９,４０５４,主要地方道八王子五日市線（都道３２号）,－,秋川街道,１０月２７日（水）,晴,自動車類合計小型車,234,187,122,101,111,103,120,130,165,189,207,143,1812,-,,
４１５７０あきる野市留原８３９,４０５４,主要地方道八王子五日市線（都道３２号）,－,秋川街道,１０月２７日（水）,晴,自動車類合計計,255,221,165,153,144,124,144,169,195,228,234,152,2184,-,,
４１５７０あきる野市留原８３９,４０５４,主要地方道八王子五日市線（都道３２号）,－,秋川街道,１０月２７日（水）,晴,二輪車類,16,14,11,10,17,6,11,21,12,12,10,10,150,,,
４１５７０あきる野市留原８３９,４０５４,主要地方道八王子五日市線（都道３２号）,－,秋川街道,１０月２７日（水）,晴,自転車類,16,15,10,8,3,16,5,14,8,11,18,8,132,,,
４１５７０あきる野市留原８３９,４０５４,主要地方道八王子五日市線（都道３２号）,－,秋川街道,１０月２７日（水）,晴,歩行者類,131,31,15,17,18,22,20,52,25,43,40,14,428,,,
