﻿観測地点,Ｈ１７区間番号,路線名,都市計画路線名,通称道路名,調査日,天候,ピーク時間交通量（台／ｈ）,ピーク率（％）,混雑時平均旅行速度（ｋｍ／ｈ）,大型車台数（台／１２ｈ）,混入率（％）,混雑度,昼夜率,車線数,５８年度（台／１２ｈ）,６０年度（台／１２ｈ）,６３年度（台／１２ｈ）,２年度（台／１２ｈ）,６年度（台／１２ｈ）,９年度（台／１２ｈ）,１１年度（台／１２ｈ）,１７年度（台／１２ｈ）,２２年度（台／１２ｈ）
４０４００あきる野市引田５５９,４０１９,主要地方道杉並あきる野線（都道７号）,秋多３・３・３,五日市街道,１０月２７日（水）,晴,1900,9.7,30,1764,9.0,0.95,-,4,10592,10558,10950,12777,14878,15670,18130,19373,19577
,,,,,,,,,,,,,,,,,,,,,,,
観測地点,Ｈ１７区間番号,路線名,都市計画路線名,通称道路名,調査日,天候,時間・種別,７～８,８～９,９～１０,１０～１１,１１～１２,１２～１３,１３～１４,１４～１５,１５～１６,１６～１７,１７～１８,１８～１９,１２ｈ計,２４ｈ計,,
４０４００あきる野市引田５５９,４０１９,主要地方道杉並あきる野線（都道７号）,秋多３・３・３,五日市街道,１０月２７日（水）,晴,自動車類上り大型車,68,73,88,107,93,52,92,98,83,60,39,17,870,-,,
４０４００あきる野市引田５５９,４０１９,主要地方道杉並あきる野線（都道７号）,秋多３・３・３,五日市街道,１０月２７日（水）,晴,自動車類上り小型車,826,907,805,805,727,625,608,737,828,882,957,752,9459,-,,
４０４００あきる野市引田５５９,４０１９,主要地方道杉並あきる野線（都道７号）,秋多３・３・３,五日市街道,１０月２７日（水）,晴,自動車類上り計,894,980,893,912,820,677,700,835,911,942,996,769,10329,-,,
４０４００あきる野市引田５５９,４０１９,主要地方道杉並あきる野線（都道７号）,秋多３・３・３,五日市街道,１０月２７日（水）,晴,自動車類下り大型車,55,100,88,100,86,67,86,103,81,46,50,32,894,-,,
４０４００あきる野市引田５５９,４０１９,主要地方道杉並あきる野線（都道７号）,秋多３・３・３,五日市街道,１０月２７日（水）,晴,自動車類下り小型車,693,751,549,540,570,649,657,698,795,719,854,879,8354,-,,
４０４００あきる野市引田５５９,４０１９,主要地方道杉並あきる野線（都道７号）,秋多３・３・３,五日市街道,１０月２７日（水）,晴,自動車類下り計,748,851,637,640,656,716,743,801,876,765,904,911,9248,-,,
４０４００あきる野市引田５５９,４０１９,主要地方道杉並あきる野線（都道７号）,秋多３・３・３,五日市街道,１０月２７日（水）,晴,自動車類合計大型車,123,173,176,207,179,119,178,201,164,106,89,49,1764,-,,
４０４００あきる野市引田５５９,４０１９,主要地方道杉並あきる野線（都道７号）,秋多３・３・３,五日市街道,１０月２７日（水）,晴,自動車類合計小型車,1519,1658,1354,1345,1297,1274,1265,1435,1623,1601,1811,1631,17813,-,,
４０４００あきる野市引田５５９,４０１９,主要地方道杉並あきる野線（都道７号）,秋多３・３・３,五日市街道,１０月２７日（水）,晴,自動車類合計計,1642,1831,1530,1552,1476,1393,1443,1636,1787,1707,1900,1680,19577,-,,
４０４００あきる野市引田５５９,４０１９,主要地方道杉並あきる野線（都道７号）,秋多３・３・３,五日市街道,１０月２７日（水）,晴,二輪車類,56,40,32,42,58,34,44,44,55,57,63,44,569,,,
４０４００あきる野市引田５５９,４０１９,主要地方道杉並あきる野線（都道７号）,秋多３・３・３,五日市街道,１０月２７日（水）,晴,自転車類,84,74,61,54,68,58,50,47,101,98,72,53,820,,,
４０４００あきる野市引田５５９,４０１９,主要地方道杉並あきる野線（都道７号）,秋多３・３・３,五日市街道,１０月２７日（水）,晴,歩行者類,47,52,15,32,31,39,22,45,32,31,54,57,457,,,
