﻿観測地点,Ｈ１７区間番号,路線名,都市計画路線名,通称道路名,調査日,天候,ピーク時間交通量（台／ｈ）,ピーク率（％）,混雑時平均旅行速度（ｋｍ／ｈ）,大型車台数（台／１２ｈ）,混入率（％）,混雑度,昼夜率,車線数,５８年度（台／１２ｈ）,６０年度（台／１２ｈ）,６３年度（台／１２ｈ）,２年度（台／１２ｈ）,６年度（台／１２ｈ）,９年度（台／１２ｈ）,１１年度（台／１２ｈ）,１７年度（台／１２ｈ）,２２年度（台／１２ｈ）
４０１７０東村山市富士見町３－３０,４００９,主要地方道新宿青梅線（都道５号）,東村山３・４・４,新青梅街道,１０月１３日（水）,晴,2815,10.0,19,5263,18.7,1.61,-,4,-,-,25636,25225,22278,25070,27490,28636,28131
,,,,,,,,,,,,,,,,,,,,,,,
観測地点,Ｈ１７区間番号,路線名,都市計画路線名,通称道路名,調査日,天候,時間・種別,７～８,８～９,９～１０,１０～１１,１１～１２,１２～１３,１３～１４,１４～１５,１５～１６,１６～１７,１７～１８,１８～１９,１２ｈ計,２４ｈ計,,
４０１７０東村山市富士見町３－３０,４００９,主要地方道新宿青梅線（都道５号）,東村山３・４・４,新青梅街道,１０月１３日（水）,晴,自動車類上り大型車,188,232,293,281,312,243,261,221,210,163,116,92,2612,-,,
４０１７０東村山市富士見町３－３０,４００９,主要地方道新宿青梅線（都道５号）,東村山３・４・４,新青梅街道,１０月１３日（水）,晴,自動車類上り小型車,1120,848,726,701,719,812,872,930,919,1020,1077,1220,10964,-,,
４０１７０東村山市富士見町３－３０,４００９,主要地方道新宿青梅線（都道５号）,東村山３・４・４,新青梅街道,１０月１３日（水）,晴,自動車類上り計,1308,1080,1019,982,1031,1055,1133,1151,1129,1183,1193,1312,13576,-,,
４０１７０東村山市富士見町３－３０,４００９,主要地方道新宿青梅線（都道５号）,東村山３・４・４,新青梅街道,１０月１３日（水）,晴,自動車類下り大型車,247,211,238,231,254,280,269,207,217,158,192,147,2651,-,,
４０１７０東村山市富士見町３－３０,４００９,主要地方道新宿青梅線（都道５号）,東村山３・４・４,新青梅街道,１０月１３日（水）,晴,自動車類下り小型車,1260,1018,881,880,874,909,902,855,954,940,1291,1140,11904,-,,
４０１７０東村山市富士見町３－３０,４００９,主要地方道新宿青梅線（都道５号）,東村山３・４・４,新青梅街道,１０月１３日（水）,晴,自動車類下り計,1507,1229,1119,1111,1128,1189,1171,1062,1171,1098,1483,1287,14555,-,,
４０１７０東村山市富士見町３－３０,４００９,主要地方道新宿青梅線（都道５号）,東村山３・４・４,新青梅街道,１０月１３日（水）,晴,自動車類合計大型車,435,443,531,512,566,523,530,428,427,321,308,239,5263,-,,
４０１７０東村山市富士見町３－３０,４００９,主要地方道新宿青梅線（都道５号）,東村山３・４・４,新青梅街道,１０月１３日（水）,晴,自動車類合計小型車,2380,1866,1607,1581,1593,1721,1774,1785,1873,1960,2368,2360,22868,-,,
４０１７０東村山市富士見町３－３０,４００９,主要地方道新宿青梅線（都道５号）,東村山３・４・４,新青梅街道,１０月１３日（水）,晴,自動車類合計計,2815,2309,2138,2093,2159,2244,2304,2213,2300,2281,2676,2599,28131,-,,
４０１７０東村山市富士見町３－３０,４００９,主要地方道新宿青梅線（都道５号）,東村山３・４・４,新青梅街道,１０月１３日（水）,晴,二輪車類,73,44,34,22,15,22,35,45,43,37,69,73,512,,,
４０１７０東村山市富士見町３－３０,４００９,主要地方道新宿青梅線（都道５号）,東村山３・４・４,新青梅街道,１０月１３日（水）,晴,自転車類,28,48,8,11,12,19,24,15,32,29,22,19,267,,,
４０１７０東村山市富士見町３－３０,４００９,主要地方道新宿青梅線（都道５号）,東村山３・４・４,新青梅街道,１０月１３日（水）,晴,歩行者類,3,7,6,9,1,4,9,7,3,15,4,6,74,,,
