﻿観測地点,Ｈ１７区間番号,路線名,都市計画路線名,通称道路名,調査日,天候,ピーク時間交通量（台／ｈ）,ピーク率（％）,混雑時平均旅行速度（ｋｍ／ｈ）,大型車台数（台／１２ｈ）,混入率（％）,混雑度,昼夜率,車線数,５８年度（台／１２ｈ）,６０年度（台／１２ｈ）,６３年度（台／１２ｈ）,２年度（台／１２ｈ）,６年度（台／１２ｈ）,９年度（台／１２ｈ）,１１年度（台／１２ｈ）,１７年度（台／１２ｈ）,２２年度（台／１２ｈ）
４１４１０立川市富士見町３－１１－２１,１４０４８,主要地方道立川青梅線（都道２９号）,立川３・４・２,奥多摩街道,１０月１４日（木）,曇,356,10.3,26.4,250,7.2,0.42,-,2,9999,10842,12460,12147,11833,11715,12779,11696,3454
,,,,,,,,,,,,,,,,,,,,,,,
観測地点,Ｈ１７区間番号,路線名,都市計画路線名,通称道路名,調査日,天候,時間・種別,７～８,８～９,９～１０,１０～１１,１１～１２,１２～１３,１３～１４,１４～１５,１５～１６,１６～１７,１７～１８,１８～１９,１２ｈ計,２４ｈ計,,
４１４１０立川市富士見町３－１１－２１,１４０４８,主要地方道立川青梅線（都道２９号）,立川３・４・２,奥多摩街道,１０月１４日（木）,曇,自動車類上り大型車,13,13,16,13,11,11,8,11,12,12,5,5,130,-,,
４１４１０立川市富士見町３－１１－２１,１４０４８,主要地方道立川青梅線（都道２９号）,立川３・４・２,奥多摩街道,１０月１４日（木）,曇,自動車類上り小型車,220,214,153,93,99,103,102,104,130,160,127,136,1641,-,,
４１４１０立川市富士見町３－１１－２１,１４０４８,主要地方道立川青梅線（都道２９号）,立川３・４・２,奥多摩街道,１０月１４日（木）,曇,自動車類上り計,233,227,169,106,110,114,110,115,142,172,132,141,1771,-,,
４１４１０立川市富士見町３－１１－２１,１４０４８,主要地方道立川青梅線（都道２９号）,立川３・４・２,奥多摩街道,１０月１４日（木）,曇,自動車類下り大型車,9,9,17,7,13,9,17,12,9,6,7,5,120,-,,
４１４１０立川市富士見町３－１１－２１,１４０４８,主要地方道立川青梅線（都道２９号）,立川３・４・２,奥多摩街道,１０月１４日（木）,曇,自動車類下り小型車,113,120,128,144,130,122,117,104,116,120,175,174,1563,-,,
４１４１０立川市富士見町３－１１－２１,１４０４８,主要地方道立川青梅線（都道２９号）,立川３・４・２,奥多摩街道,１０月１４日（木）,曇,自動車類下り計,122,129,145,151,143,131,134,116,125,126,182,179,1683,-,,
４１４１０立川市富士見町３－１１－２１,１４０４８,主要地方道立川青梅線（都道２９号）,立川３・４・２,奥多摩街道,１０月１４日（木）,曇,自動車類合計大型車,22,22,33,20,24,20,25,23,21,18,12,10,250,-,,
４１４１０立川市富士見町３－１１－２１,１４０４８,主要地方道立川青梅線（都道２９号）,立川３・４・２,奥多摩街道,１０月１４日（木）,曇,自動車類合計小型車,333,334,281,237,229,225,219,208,246,280,302,310,3204,-,,
４１４１０立川市富士見町３－１１－２１,１４０４８,主要地方道立川青梅線（都道２９号）,立川３・４・２,奥多摩街道,１０月１４日（木）,曇,自動車類合計計,355,356,314,257,253,245,244,231,267,298,314,320,3454,-,,
４１４１０立川市富士見町３－１１－２１,１４０４８,主要地方道立川青梅線（都道２９号）,立川３・４・２,奥多摩街道,１０月１４日（木）,曇,二輪車類,-,-,-,-,-,-,-,-,-,-,-,-,-,,,
４１４１０立川市富士見町３－１１－２１,１４０４８,主要地方道立川青梅線（都道２９号）,立川３・４・２,奥多摩街道,１０月１４日（木）,曇,自転車類,24,19,9,7,5,4,7,3,1,4,11,10,104,,,
４１４１０立川市富士見町３－１１－２１,１４０４８,主要地方道立川青梅線（都道２９号）,立川３・４・２,奥多摩街道,１０月１４日（木）,曇,歩行者類,8,5,5,4,1,2,4,9,0,1,7,0,46,,,
