﻿観測地点,Ｈ１７区間番号,路線名,都市計画路線名,通称道路名,調査日,天候,ピーク時間交通量（台／ｈ）,ピーク率（％）,混雑時平均旅行速度（ｋｍ／ｈ）,大型車台数（台／１２ｈ）,混入率（％）,混雑度,昼夜率,車線数,５８年度（台／１２ｈ）,６０年度（台／１２ｈ）,６３年度（台／１２ｈ）,２年度（台／１２ｈ）,６年度（台／１２ｈ）,９年度（台／１２ｈ）,１１年度（台／１２ｈ）,１７年度（台／１２ｈ）,２２年度（台／１２ｈ）
４０１２０東村山市久米川町５－３６－１６,４００６,主要地方道東京所沢線（都道４号）,東村山３・４・１１,所沢街道,１０月１３日（水）,晴,751,9.8,10,1382,18.0,0.98,-,2,8122,8152,8293,6945,8484,8418,8751,9165,7676
,,,,,,,,,,,,,,,,,,,,,,,
観測地点,Ｈ１７区間番号,路線名,都市計画路線名,通称道路名,調査日,天候,時間・種別,７～８,８～９,９～１０,１０～１１,１１～１２,１２～１３,１３～１４,１４～１５,１５～１６,１６～１７,１７～１８,１８～１９,１２ｈ計,２４ｈ計,,
４０１２０東村山市久米川町５－３６－１６,４００６,主要地方道東京所沢線（都道４号）,東村山３・４・１１,所沢街道,１０月１３日（水）,晴,自動車類上り大型車,77,62,63,77,77,51,51,51,41,31,23,21,625,-,,
４０１２０東村山市久米川町５－３６－１６,４００６,主要地方道東京所沢線（都道４号）,東村山３・４・１１,所沢街道,１０月１３日（水）,晴,自動車類上り小型車,398,363,295,245,243,249,261,267,285,329,334,320,3589,-,,
４０１２０東村山市久米川町５－３６－１６,４００６,主要地方道東京所沢線（都道４号）,東村山３・４・１１,所沢街道,１０月１３日（水）,晴,自動車類上り計,475,425,358,322,320,300,312,318,326,360,357,341,4214,-,,
４０１２０東村山市久米川町５－３６－１６,４００６,主要地方道東京所沢線（都道４号）,東村山３・４・１１,所沢街道,１０月１３日（水）,晴,自動車類下り大型車,48,54,71,69,77,71,75,101,72,50,32,37,757,-,,
４０１２０東村山市久米川町５－３６－１６,４００６,主要地方道東京所沢線（都道４号）,東村山３・４・１１,所沢街道,１０月１３日（水）,晴,自動車類下り小型車,228,189,206,195,196,215,211,231,241,248,269,276,2705,-,,
４０１２０東村山市久米川町５－３６－１６,４００６,主要地方道東京所沢線（都道４号）,東村山３・４・１１,所沢街道,１０月１３日（水）,晴,自動車類下り計,276,243,277,264,273,286,286,332,313,298,301,313,3462,-,,
４０１２０東村山市久米川町５－３６－１６,４００６,主要地方道東京所沢線（都道４号）,東村山３・４・１１,所沢街道,１０月１３日（水）,晴,自動車類合計大型車,125,116,134,146,154,122,126,152,113,81,55,58,1382,-,,
４０１２０東村山市久米川町５－３６－１６,４００６,主要地方道東京所沢線（都道４号）,東村山３・４・１１,所沢街道,１０月１３日（水）,晴,自動車類合計小型車,626,552,501,440,439,464,472,498,526,577,603,596,6294,-,,
４０１２０東村山市久米川町５－３６－１６,４００６,主要地方道東京所沢線（都道４号）,東村山３・４・１１,所沢街道,１０月１３日（水）,晴,自動車類合計計,751,668,635,586,593,586,598,650,639,658,658,654,7676,-,,
４０１２０東村山市久米川町５－３６－１６,４００６,主要地方道東京所沢線（都道４号）,東村山３・４・１１,所沢街道,１０月１３日（水）,晴,二輪車類,-,-,-,-,-,-,-,-,-,-,-,-,-,,,
４０１２０東村山市久米川町５－３６－１６,４００６,主要地方道東京所沢線（都道４号）,東村山３・４・１１,所沢街道,１０月１３日（水）,晴,自転車類,61,72,39,30,44,45,42,33,51,53,91,57,618,,,
４０１２０東村山市久米川町５－３６－１６,４００６,主要地方道東京所沢線（都道４号）,東村山３・４・１１,所沢街道,１０月１３日（水）,晴,歩行者類,39,40,24,29,27,26,31,22,30,46,67,27,408,,,
