﻿観測地点,Ｈ１７区間番号,路線名,都市計画路線名,通称道路名,調査日,天候,ピーク時間交通量（台／ｈ）,ピーク率（％）,混雑時平均旅行速度（ｋｍ／ｈ）,大型車台数（台／１２ｈ）,混入率（％）,混雑度,昼夜率,車線数,５８年度（台／１２ｈ）,６０年度（台／１２ｈ）,６３年度（台／１２ｈ）,２年度（台／１２ｈ）,６年度（台／１２ｈ）,９年度（台／１２ｈ）,１１年度（台／１２ｈ）,１７年度（台／１２ｈ）,２２年度（台／１２ｈ）
６１７６０西多摩郡奥多摩町川井３６５,５６０６５,一般都道上成木川井線（都道２０２号）,－,－,１０月２８日（木）,雨,84,11.2,-,73,9.8,0.13,-,2,-,-,-,-,-,-,-,-,748
,,,,,,,,,,,,,,,,,,,,,,,
観測地点,Ｈ１７区間番号,路線名,都市計画路線名,通称道路名,調査日,天候,時間・種別,７～８,８～９,９～１０,１０～１１,１１～１２,１２～１３,１３～１４,１４～１５,１５～１６,１６～１７,１７～１８,１８～１９,１２ｈ計,２４ｈ計,,
６１７６０西多摩郡奥多摩町川井３６５,５６０６５,一般都道上成木川井線（都道２０２号）,－,－,１０月２８日（木）,雨,自動車類上り大型車,3,2,3,4,3,2,3,3,3,4,3,2,35,-,,
６１７６０西多摩郡奥多摩町川井３６５,５６０６５,一般都道上成木川井線（都道２０２号）,－,－,１０月２８日（木）,雨,自動車類上り小型車,26,24,22,28,21,24,26,24,23,35,36,34,323,-,,
６１７６０西多摩郡奥多摩町川井３６５,５６０６５,一般都道上成木川井線（都道２０２号）,－,－,１０月２８日（木）,雨,自動車類上り計,29,26,25,32,24,26,29,27,26,39,39,36,358,-,,
６１７６０西多摩郡奥多摩町川井３６５,５６０６５,一般都道上成木川井線（都道２０２号）,－,－,１０月２８日（木）,雨,自動車類下り大型車,4,0,2,4,3,3,5,2,2,7,3,3,38,-,,
６１７６０西多摩郡奥多摩町川井３６５,５６０６５,一般都道上成木川井線（都道２０２号）,－,－,１０月２８日（木）,雨,自動車類下り小型車,51,47,33,18,36,28,24,18,35,29,18,15,352,-,,
６１７６０西多摩郡奥多摩町川井３６５,５６０６５,一般都道上成木川井線（都道２０２号）,－,－,１０月２８日（木）,雨,自動車類下り計,55,47,35,22,39,31,29,20,37,36,21,18,390,-,,
６１７６０西多摩郡奥多摩町川井３６５,５６０６５,一般都道上成木川井線（都道２０２号）,－,－,１０月２８日（木）,雨,自動車類合計大型車,7,2,5,8,6,5,8,5,5,11,6,5,73,-,,
６１７６０西多摩郡奥多摩町川井３６５,５６０６５,一般都道上成木川井線（都道２０２号）,－,－,１０月２８日（木）,雨,自動車類合計小型車,77,71,55,46,57,52,50,42,58,64,54,49,675,-,,
６１７６０西多摩郡奥多摩町川井３６５,５６０６５,一般都道上成木川井線（都道２０２号）,－,－,１０月２８日（木）,雨,自動車類合計計,84,73,60,54,63,57,58,47,63,75,60,54,748,-,,
６１７６０西多摩郡奥多摩町川井３６５,５６０６５,一般都道上成木川井線（都道２０２号）,－,－,１０月２８日（木）,雨,二輪車類,1,1,3,2,1,1,1,1,3,0,0,0,14,,,
６１７６０西多摩郡奥多摩町川井３６５,５６０６５,一般都道上成木川井線（都道２０２号）,－,－,１０月２８日（木）,雨,自転車類,1,0,0,0,0,0,0,0,0,0,0,1,2,,,
６１７６０西多摩郡奥多摩町川井３６５,５６０６５,一般都道上成木川井線（都道２０２号）,－,－,１０月２８日（木）,雨,歩行者類,4,3,2,4,1,4,0,0,0,0,1,0,19,,,
