﻿観測地点,Ｈ１７区間番号,路線名,都市計画路線名,通称道路名,調査日,天候,ピーク時間交通量（台／ｈ）,ピーク率（％）,混雑時平均旅行速度（ｋｍ／ｈ）,大型車台数（台／１２ｈ）,混入率（％）,混雑度,昼夜率,車線数,５８年度（台／１２ｈ）,６０年度（台／１２ｈ）,６３年度（台／１２ｈ）,２年度（台／１２ｈ）,６年度（台／１２ｈ）,９年度（台／１２ｈ）,１１年度（台／１２ｈ）,１７年度（台／１２ｈ）,２２年度（台／１２ｈ）
４２１００武蔵村山市本町３－４１,４０８１,主要地方道所沢武蔵村山立川線（都道５５号）,－,－,１０月２６日（火）,晴,735,9.9,30.4,897,12.0,0.86,-,2,2324,2732,3311,2995,2296,4508,4731,6058,7446
,,,,,,,,,,,,,,,,,,,,,,,
観測地点,Ｈ１７区間番号,路線名,都市計画路線名,通称道路名,調査日,天候,時間・種別,７～８,８～９,９～１０,１０～１１,１１～１２,１２～１３,１３～１４,１４～１５,１５～１６,１６～１７,１７～１８,１８～１９,１２ｈ計,２４ｈ計,,
４２１００武蔵村山市本町３－４１,４０８１,主要地方道所沢武蔵村山立川線（都道５５号）,－,－,１０月２６日（火）,晴,自動車類上り大型車,22,23,41,41,43,42,35,37,32,38,30,24,408,-,,
４２１００武蔵村山市本町３－４１,４０８１,主要地方道所沢武蔵村山立川線（都道５５号）,－,－,１０月２６日（火）,晴,自動車類上り小型車,418,310,279,279,246,231,246,260,256,284,270,217,3296,-,,
４２１００武蔵村山市本町３－４１,４０８１,主要地方道所沢武蔵村山立川線（都道５５号）,－,－,１０月２６日（火）,晴,自動車類上り計,440,333,320,320,289,273,281,297,288,322,300,241,3704,-,,
４２１００武蔵村山市本町３－４１,４０８１,主要地方道所沢武蔵村山立川線（都道５５号）,－,－,１０月２６日（火）,晴,自動車類下り大型車,42,45,50,51,54,32,39,50,43,35,30,18,489,-,,
４２１００武蔵村山市本町３－４１,４０８１,主要地方道所沢武蔵村山立川線（都道５５号）,－,－,１０月２６日（火）,晴,自動車類下り小型車,233,192,204,200,229,255,266,262,290,333,405,384,3253,-,,
４２１００武蔵村山市本町３－４１,４０８１,主要地方道所沢武蔵村山立川線（都道５５号）,－,－,１０月２６日（火）,晴,自動車類下り計,275,237,254,251,283,287,305,312,333,368,435,402,3742,-,,
４２１００武蔵村山市本町３－４１,４０８１,主要地方道所沢武蔵村山立川線（都道５５号）,－,－,１０月２６日（火）,晴,自動車類合計大型車,64,68,91,92,97,74,74,87,75,73,60,42,897,-,,
４２１００武蔵村山市本町３－４１,４０８１,主要地方道所沢武蔵村山立川線（都道５５号）,－,－,１０月２６日（火）,晴,自動車類合計小型車,651,502,483,479,475,486,512,522,546,617,675,601,6549,-,,
４２１００武蔵村山市本町３－４１,４０８１,主要地方道所沢武蔵村山立川線（都道５５号）,－,－,１０月２６日（火）,晴,自動車類合計計,715,570,574,571,572,560,586,609,621,690,735,643,7446,-,,
４２１００武蔵村山市本町３－４１,４０８１,主要地方道所沢武蔵村山立川線（都道５５号）,－,－,１０月２６日（火）,晴,二輪車類,9,8,5,6,5,6,5,11,9,9,13,1,87,,,
４２１００武蔵村山市本町３－４１,４０８１,主要地方道所沢武蔵村山立川線（都道５５号）,－,－,１０月２６日（火）,晴,自転車類,25,21,19,18,17,16,21,10,18,19,15,12,211,,,
４２１００武蔵村山市本町３－４１,４０８１,主要地方道所沢武蔵村山立川線（都道５５号）,－,－,１０月２６日（火）,晴,歩行者類,45,20,18,22,18,18,12,13,42,26,10,12,256,,,
