﻿観測地点,Ｈ１７区間番号,路線名,都市計画路線名,通称道路名,調査日,天候,ピーク時間交通量（台／ｈ）,ピーク率（％）,混雑時平均旅行速度（ｋｍ／ｈ）,大型車台数（台／１２ｈ）,混入率（％）,混雑度,昼夜率,車線数,５８年度（台／１２ｈ）,６０年度（台／１２ｈ）,６３年度（台／１２ｈ）,２年度（台／１２ｈ）,６年度（台／１２ｈ）,９年度（台／１２ｈ）,１１年度（台／１２ｈ）,１７年度（台／１２ｈ）,２２年度（台／１２ｈ）
４２２３０あきる野市網代３９４,４０８９,主要地方道山田宮の前線（都道６１号）,－,－,１０月１４日（木）,曇,744,11.3,44.5,789,12.0,0.39,-,2,-,-,-,-,-,8609,9152,8911,6587
,,,,,,,,,,,,,,,,,,,,,,,
観測地点,Ｈ１７区間番号,路線名,都市計画路線名,通称道路名,調査日,天候,時間・種別,７～８,８～９,９～１０,１０～１１,１１～１２,１２～１３,１３～１４,１４～１５,１５～１６,１６～１７,１７～１８,１８～１９,１２ｈ計,２４ｈ計,,
４２２３０あきる野市網代３９４,４０８９,主要地方道山田宮の前線（都道６１号）,－,－,１０月１４日（木）,曇,自動車類上り大型車,33,30,50,40,41,37,45,33,38,31,29,16,423,-,,
４２２３０あきる野市網代３９４,４０８９,主要地方道山田宮の前線（都道６１号）,－,－,１０月１４日（木）,曇,自動車類上り小型車,321,298,199,180,207,185,190,189,219,231,362,330,2911,-,,
４２２３０あきる野市網代３９４,４０８９,主要地方道山田宮の前線（都道６１号）,－,－,１０月１４日（木）,曇,自動車類上り計,354,328,249,220,248,222,235,222,257,262,391,346,3334,-,,
４２２３０あきる野市網代３９４,４０８９,主要地方道山田宮の前線（都道６１号）,－,－,１０月１４日（木）,曇,自動車類下り大型車,17,28,31,26,28,23,41,34,35,37,33,33,366,-,,
４２２３０あきる野市網代３９４,４０８９,主要地方道山田宮の前線（都道６１号）,－,－,１０月１４日（木）,曇,自動車類下り小型車,256,322,201,170,196,187,199,207,265,248,320,316,2887,-,,
４２２３０あきる野市網代３９４,４０８９,主要地方道山田宮の前線（都道６１号）,－,－,１０月１４日（木）,曇,自動車類下り計,273,350,232,196,224,210,240,241,300,285,353,349,3253,-,,
４２２３０あきる野市網代３９４,４０８９,主要地方道山田宮の前線（都道６１号）,－,－,１０月１４日（木）,曇,自動車類合計大型車,50,58,81,66,69,60,86,67,73,68,62,49,789,-,,
４２２３０あきる野市網代３９４,４０８９,主要地方道山田宮の前線（都道６１号）,－,－,１０月１４日（木）,曇,自動車類合計小型車,577,620,400,350,403,372,389,396,484,479,682,646,5798,-,,
４２２３０あきる野市網代３９４,４０８９,主要地方道山田宮の前線（都道６１号）,－,－,１０月１４日（木）,曇,自動車類合計計,627,678,481,416,472,432,475,463,557,547,744,695,6587,-,,
４２２３０あきる野市網代３９４,４０８９,主要地方道山田宮の前線（都道６１号）,－,－,１０月１４日（木）,曇,二輪車類,-,-,-,-,-,-,-,-,-,-,-,-,-,,,
４２２３０あきる野市網代３９４,４０８９,主要地方道山田宮の前線（都道６１号）,－,－,１０月１４日（木）,曇,自転車類,11,1,0,2,2,2,3,1,3,2,5,5,37,,,
４２２３０あきる野市網代３９４,４０８９,主要地方道山田宮の前線（都道６１号）,－,－,１０月１４日（木）,曇,歩行者類,1,0,0,0,1,1,0,0,0,1,0,0,4,,,
