﻿観測地点,Ｈ１７区間番号,路線名,都市計画路線名,通称道路名,調査日,天候,ピーク時間交通量（台／ｈ）,ピーク率（％）,混雑時平均旅行速度（ｋｍ／ｈ）,大型車台数（台／１２ｈ）,混入率（％）,混雑度,昼夜率,車線数,５８年度（台／１２ｈ）,６０年度（台／１２ｈ）,６３年度（台／１２ｈ）,２年度（台／１２ｈ）,６年度（台／１２ｈ）,９年度（台／１２ｈ）,１１年度（台／１２ｈ）,１７年度（台／１２ｈ）,２２年度（台／１２ｈ）
６１０００八王子市子安町２－６,６０４０,一般都道下柚木八王子線（都道１６０号）,－,野猿街道,１０月２７日（水）,晴,1040,9.6,7.7,949,8.7,1.19,-,2,9364,9920,11388,11026,13411,11350,11796,10837,10862
,,,,,,,,,,,,,,,,,,,,,,,
観測地点,Ｈ１７区間番号,路線名,都市計画路線名,通称道路名,調査日,天候,時間・種別,７～８,８～９,９～１０,１０～１１,１１～１２,１２～１３,１３～１４,１４～１５,１５～１６,１６～１７,１７～１８,１８～１９,１２ｈ計,２４ｈ計,,
６１０００八王子市子安町２－６,６０４０,一般都道下柚木八王子線（都道１６０号）,－,野猿街道,１０月２７日（水）,晴,自動車類上り大型車,44,47,40,38,41,48,33,39,31,35,36,23,455,-,,
６１０００八王子市子安町２－６,６０４０,一般都道下柚木八王子線（都道１６０号）,－,野猿街道,１０月２７日（水）,晴,自動車類上り小型車,416,381,357,390,370,394,257,498,383,461,406,418,4731,-,,
６１０００八王子市子安町２－６,６０４０,一般都道下柚木八王子線（都道１６０号）,－,野猿街道,１０月２７日（水）,晴,自動車類上り計,460,428,397,428,411,442,290,537,414,496,442,441,5186,-,,
６１０００八王子市子安町２－６,６０４０,一般都道下柚木八王子線（都道１６０号）,－,野猿街道,１０月２７日（水）,晴,自動車類下り大型車,37,69,52,46,46,30,37,39,43,38,30,27,494,-,,
６１０００八王子市子安町２－６,６０４０,一般都道下柚木八王子線（都道１６０号）,－,野猿街道,１０月２７日（水）,晴,自動車類下り小型車,406,505,439,416,356,366,412,384,377,471,478,572,5182,-,,
６１０００八王子市子安町２－６,６０４０,一般都道下柚木八王子線（都道１６０号）,－,野猿街道,１０月２７日（水）,晴,自動車類下り計,443,574,491,462,402,396,449,423,420,509,508,599,5676,-,,
６１０００八王子市子安町２－６,６０４０,一般都道下柚木八王子線（都道１６０号）,－,野猿街道,１０月２７日（水）,晴,自動車類合計大型車,81,116,92,84,87,78,70,78,74,73,66,50,949,-,,
６１０００八王子市子安町２－６,６０４０,一般都道下柚木八王子線（都道１６０号）,－,野猿街道,１０月２７日（水）,晴,自動車類合計小型車,822,886,796,806,726,760,669,882,760,932,884,990,9913,-,,
６１０００八王子市子安町２－６,６０４０,一般都道下柚木八王子線（都道１６０号）,－,野猿街道,１０月２７日（水）,晴,自動車類合計計,903,1002,888,890,813,838,739,960,834,1005,950,1040,10862,-,,
６１０００八王子市子安町２－６,６０４０,一般都道下柚木八王子線（都道１６０号）,－,野猿街道,１０月２７日（水）,晴,二輪車類,69,79,59,50,44,41,45,41,47,51,58,81,665,,,
６１０００八王子市子安町２－６,６０４０,一般都道下柚木八王子線（都道１６０号）,－,野猿街道,１０月２７日（水）,晴,自転車類,36,42,32,27,22,16,22,31,30,24,38,40,360,,,
６１０００八王子市子安町２－６,６０４０,一般都道下柚木八王子線（都道１６０号）,－,野猿街道,１０月２７日（水）,晴,歩行者類,60,51,25,30,36,36,28,35,41,31,35,63,471,,,
