﻿観測地点,Ｈ１７区間番号,路線名,都市計画路線名,通称道路名,調査日,天候,ピーク時間交通量（台／ｈ）,ピーク率（％）,混雑時平均旅行速度（ｋｍ／ｈ）,大型車台数（台／１２ｈ）,混入率（％）,混雑度,昼夜率,車線数,５８年度（台／１２ｈ）,６０年度（台／１２ｈ）,６３年度（台／１２ｈ）,２年度（台／１２ｈ）,６年度（台／１２ｈ）,９年度（台／１２ｈ）,１１年度（台／１２ｈ）,１７年度（台／１２ｈ）,２２年度（台／１２ｈ）
６０１００武蔵野市御殿山１－１９,６００５,一般都道武蔵野狛江線（都道１１４号）,武蔵野３・４・１６,吉祥寺通り,１０月２０日（水）,雨,1110,9.3,11.3,2246,18.9,1.5,-,2,12197,12623,11931,11831,12412,11750,10408,10759,11874
,,,,,,,,,,,,,,,,,,,,,,,
観測地点,Ｈ１７区間番号,路線名,都市計画路線名,通称道路名,調査日,天候,時間・種別,７～８,８～９,９～１０,１０～１１,１１～１２,１２～１３,１３～１４,１４～１５,１５～１６,１６～１７,１７～１８,１８～１９,１２ｈ計,２４ｈ計,,
６０１００武蔵野市御殿山１－１９,６００５,一般都道武蔵野狛江線（都道１１４号）,武蔵野３・４・１６,吉祥寺通り,１０月２０日（水）,雨,自動車類上り大型車,101,104,115,90,88,85,80,103,67,75,52,58,1018,-,,
６０１００武蔵野市御殿山１－１９,６００５,一般都道武蔵野狛江線（都道１１４号）,武蔵野３・４・１６,吉祥寺通り,１０月２０日（水）,雨,自動車類上り小型車,370,403,291,320,314,326,364,350,339,337,324,300,4038,-,,
６０１００武蔵野市御殿山１－１９,６００５,一般都道武蔵野狛江線（都道１１４号）,武蔵野３・４・１６,吉祥寺通り,１０月２０日（水）,雨,自動車類上り計,471,507,406,410,402,411,444,453,406,412,376,358,5056,-,,
６０１００武蔵野市御殿山１－１９,６００５,一般都道武蔵野狛江線（都道１１４号）,武蔵野３・４・１６,吉祥寺通り,１０月２０日（水）,雨,自動車類下り大型車,137,113,136,100,107,94,98,93,108,82,87,73,1228,-,,
６０１００武蔵野市御殿山１－１９,６００５,一般都道武蔵野狛江線（都道１１４号）,武蔵野３・４・１６,吉祥寺通り,１０月２０日（水）,雨,自動車類下り小型車,502,416,381,415,438,436,448,466,455,524,598,511,5590,-,,
６０１００武蔵野市御殿山１－１９,６００５,一般都道武蔵野狛江線（都道１１４号）,武蔵野３・４・１６,吉祥寺通り,１０月２０日（水）,雨,自動車類下り計,639,529,517,515,545,530,546,559,563,606,685,584,6818,-,,
６０１００武蔵野市御殿山１－１９,６００５,一般都道武蔵野狛江線（都道１１４号）,武蔵野３・４・１６,吉祥寺通り,１０月２０日（水）,雨,自動車類合計大型車,238,217,251,190,195,179,178,196,175,157,139,131,2246,-,,
６０１００武蔵野市御殿山１－１９,６００５,一般都道武蔵野狛江線（都道１１４号）,武蔵野３・４・１６,吉祥寺通り,１０月２０日（水）,雨,自動車類合計小型車,872,819,672,735,752,762,812,816,794,861,922,811,9628,-,,
６０１００武蔵野市御殿山１－１９,６００５,一般都道武蔵野狛江線（都道１１４号）,武蔵野３・４・１６,吉祥寺通り,１０月２０日（水）,雨,自動車類合計計,1110,1036,923,925,947,941,990,1012,969,1018,1061,942,11874,-,,
６０１００武蔵野市御殿山１－１９,６００５,一般都道武蔵野狛江線（都道１１４号）,武蔵野３・４・１６,吉祥寺通り,１０月２０日（水）,雨,二輪車類,51,58,41,44,40,33,21,34,33,54,68,56,533,,,
６０１００武蔵野市御殿山１－１９,６００５,一般都道武蔵野狛江線（都道１１４号）,武蔵野３・４・１６,吉祥寺通り,１０月２０日（水）,雨,自転車類,607,601,442,320,269,301,320,438,477,502,535,625,5437,,,
６０１００武蔵野市御殿山１－１９,６００５,一般都道武蔵野狛江線（都道１１４号）,武蔵野３・４・１６,吉祥寺通り,１０月２０日（水）,雨,歩行者類,212,268,360,211,346,279,405,482,443,407,422,278,4113,,,
