﻿観測地点,Ｈ１７区間番号,路線名,都市計画路線名,通称道路名,調査日,天候,ピーク時間交通量（台／ｈ）,ピーク率（％）,混雑時平均旅行速度（ｋｍ／ｈ）,大型車台数（台／１２ｈ）,混入率（％）,混雑度,昼夜率,車線数,５８年度（台／１２ｈ）,６０年度（台／１２ｈ）,６３年度（台／１２ｈ）,２年度（台／１２ｈ）,６年度（台／１２ｈ）,９年度（台／１２ｈ）,１１年度（台／１２ｈ）,１７年度（台／１２ｈ）,２２年度（台／１２ｈ）
４１３８０福生市加美平３－３８－１８,４０５０,主要地方道立川青梅線（都道２９号）,福生３・４・５,新奥多摩街道,１０月２８日（木）,雨,902,10.6,21.6,693,8.2,0.85,-,2,-,-,-,-,-,10601,11044,11579,8475
,,,,,,,,,,,,,,,,,,,,,,,
観測地点,Ｈ１７区間番号,路線名,都市計画路線名,通称道路名,調査日,天候,時間・種別,７～８,８～９,９～１０,１０～１１,１１～１２,１２～１３,１３～１４,１４～１５,１５～１６,１６～１７,１７～１８,１８～１９,１２ｈ計,２４ｈ計,,
４１３８０福生市加美平３－３８－１８,４０５０,主要地方道立川青梅線（都道２９号）,福生３・４・５,新奥多摩街道,１０月２８日（木）,雨,自動車類上り大型車,22,32,44,38,26,36,23,42,41,30,19,4,357,-,,
４１３８０福生市加美平３－３８－１８,４０５０,主要地方道立川青梅線（都道２９号）,福生３・４・５,新奥多摩街道,１０月２８日（木）,雨,自動車類上り小型車,404,392,302,282,324,274,258,308,306,339,440,383,4012,-,,
４１３８０福生市加美平３－３８－１８,４０５０,主要地方道立川青梅線（都道２９号）,福生３・４・５,新奥多摩街道,１０月２８日（木）,雨,自動車類上り計,426,424,346,320,350,310,281,350,347,369,459,387,4369,-,,
４１３８０福生市加美平３－３８－１８,４０５０,主要地方道立川青梅線（都道２９号）,福生３・４・５,新奥多摩街道,１０月２８日（木）,雨,自動車類下り大型車,22,27,23,42,48,39,25,28,31,28,15,8,336,-,,
４１３８０福生市加美平３－３８－１８,４０５０,主要地方道立川青梅線（都道２９号）,福生３・４・５,新奥多摩街道,１０月２８日（木）,雨,自動車類下り小型車,283,295,269,292,307,319,259,251,316,325,428,426,3770,-,,
４１３８０福生市加美平３－３８－１８,４０５０,主要地方道立川青梅線（都道２９号）,福生３・４・５,新奥多摩街道,１０月２８日（木）,雨,自動車類下り計,305,322,292,334,355,358,284,279,347,353,443,434,4106,-,,
４１３８０福生市加美平３－３８－１８,４０５０,主要地方道立川青梅線（都道２９号）,福生３・４・５,新奥多摩街道,１０月２８日（木）,雨,自動車類合計大型車,44,59,67,80,74,75,48,70,72,58,34,12,693,-,,
４１３８０福生市加美平３－３８－１８,４０５０,主要地方道立川青梅線（都道２９号）,福生３・４・５,新奥多摩街道,１０月２８日（木）,雨,自動車類合計小型車,687,687,571,574,631,593,517,559,622,664,868,809,7782,-,,
４１３８０福生市加美平３－３８－１８,４０５０,主要地方道立川青梅線（都道２９号）,福生３・４・５,新奥多摩街道,１０月２８日（木）,雨,自動車類合計計,731,746,638,654,705,668,565,629,694,722,902,821,8475,-,,
４１３８０福生市加美平３－３８－１８,４０５０,主要地方道立川青梅線（都道２９号）,福生３・４・５,新奥多摩街道,１０月２８日（木）,雨,二輪車類,-,-,-,-,-,-,-,-,-,-,-,-,-,,,
４１３８０福生市加美平３－３８－１８,４０５０,主要地方道立川青梅線（都道２９号）,福生３・４・５,新奥多摩街道,１０月２８日（木）,雨,自転車類,60,31,12,9,10,10,10,21,18,47,38,40,306,,,
４１３８０福生市加美平３－３８－１８,４０５０,主要地方道立川青梅線（都道２９号）,福生３・４・５,新奥多摩街道,１０月２８日（木）,雨,歩行者類,12,12,7,17,14,8,13,4,16,13,18,5,139,,,
