﻿観測地点,Ｈ１７区間番号,路線名,都市計画路線名,通称道路名,調査日,天候,ピーク時間交通量（台／ｈ）,ピーク率（％）,混雑時平均旅行速度（ｋｍ／ｈ）,大型車台数（台／１２ｈ）,混入率（％）,混雑度,昼夜率,車線数,５８年度（台／１２ｈ）,６０年度（台／１２ｈ）,６３年度（台／１２ｈ）,２年度（台／１２ｈ）,６年度（台／１２ｈ）,９年度（台／１２ｈ）,１１年度（台／１２ｈ）,１７年度（台／１２ｈ）,２２年度（台／１２ｈ）
６０９８０八王子市絹ヶ丘３－４５,６０３９,一般都道下柚木八王子線（都道１６０号）,八王子３・３・１３,野猿街道,１０月２７日（水）,晴,1683,10.1,30.8,1521,9.1,0.7,-,4,10914,11077,10731,11345,18111,18312,18467,19286,16653
,,,,,,,,,,,,,,,,,,,,,,,
観測地点,Ｈ１７区間番号,路線名,都市計画路線名,通称道路名,調査日,天候,時間・種別,７～８,８～９,９～１０,１０～１１,１１～１２,１２～１３,１３～１４,１４～１５,１５～１６,１６～１７,１７～１８,１８～１９,１２ｈ計,２４ｈ計,,
６０９８０八王子市絹ヶ丘３－４５,６０３９,一般都道下柚木八王子線（都道１６０号）,八王子３・３・１３,野猿街道,１０月２７日（水）,晴,自動車類上り大型車,67,76,86,78,63,53,40,65,46,56,61,38,729,-,,
６０９８０八王子市絹ヶ丘３－４５,６０３９,一般都道下柚木八王子線（都道１６０号）,八王子３・３・１３,野猿街道,１０月２７日（水）,晴,自動車類上り小型車,643,782,562,584,518,550,555,584,606,639,689,690,7402,-,,
６０９８０八王子市絹ヶ丘３－４５,６０３９,一般都道下柚木八王子線（都道１６０号）,八王子３・３・１３,野猿街道,１０月２７日（水）,晴,自動車類上り計,710,858,648,662,581,603,595,649,652,695,750,728,8131,-,,
６０９８０八王子市絹ヶ丘３－４５,６０３９,一般都道下柚木八王子線（都道１６０号）,八王子３・３・１３,野猿街道,１０月２７日（水）,晴,自動車類下り大型車,69,86,83,80,47,55,67,68,68,73,53,43,792,-,,
６０９８０八王子市絹ヶ丘３－４５,６０３９,一般都道下柚木八王子線（都道１６０号）,八王子３・３・１３,野猿街道,１０月２７日（水）,晴,自動車類下り小型車,766,739,640,523,495,535,543,557,698,728,765,741,7730,-,,
６０９８０八王子市絹ヶ丘３－４５,６０３９,一般都道下柚木八王子線（都道１６０号）,八王子３・３・１３,野猿街道,１０月２７日（水）,晴,自動車類下り計,835,825,723,603,542,590,610,625,766,801,818,784,8522,-,,
６０９８０八王子市絹ヶ丘３－４５,６０３９,一般都道下柚木八王子線（都道１６０号）,八王子３・３・１３,野猿街道,１０月２７日（水）,晴,自動車類合計大型車,136,162,169,158,110,108,107,133,114,129,114,81,1521,-,,
６０９８０八王子市絹ヶ丘３－４５,６０３９,一般都道下柚木八王子線（都道１６０号）,八王子３・３・１３,野猿街道,１０月２７日（水）,晴,自動車類合計小型車,1409,1521,1202,1107,1013,1085,1098,1141,1304,1367,1454,1431,15132,-,,
６０９８０八王子市絹ヶ丘３－４５,６０３９,一般都道下柚木八王子線（都道１６０号）,八王子３・３・１３,野猿街道,１０月２７日（水）,晴,自動車類合計計,1545,1683,1371,1265,1123,1193,1205,1274,1418,1496,1568,1512,16653,-,,
６０９８０八王子市絹ヶ丘３－４５,６０３９,一般都道下柚木八王子線（都道１６０号）,八王子３・３・１３,野猿街道,１０月２７日（水）,晴,二輪車類,141,137,66,97,61,68,80,73,66,83,95,111,1078,,,
６０９８０八王子市絹ヶ丘３－４５,６０３９,一般都道下柚木八王子線（都道１６０号）,八王子３・３・１３,野猿街道,１０月２７日（水）,晴,自転車類,51,60,26,34,22,7,20,8,19,43,22,34,346,,,
６０９８０八王子市絹ヶ丘３－４５,６０３９,一般都道下柚木八王子線（都道１６０号）,八王子３・３・１３,野猿街道,１０月２７日（水）,晴,歩行者類,51,32,23,29,23,24,40,17,21,33,37,24,354,,,
