﻿観測地点,Ｈ１７区間番号,路線名,都市計画路線名,通称道路名,調査日,天候,ピーク時間交通量（台／ｈ）,ピーク率（％）,混雑時平均旅行速度（ｋｍ／ｈ）,大型車台数（台／１２ｈ）,混入率（％）,混雑度,昼夜率,車線数,５８年度（台／１２ｈ）,６０年度（台／１２ｈ）,６３年度（台／１２ｈ）,２年度（台／１２ｈ）,６年度（台／１２ｈ）,９年度（台／１２ｈ）,１１年度（台／１２ｈ）,１７年度（台／１２ｈ）,２２年度（台／１２ｈ）
６０５７０府中市武蔵台２－２０－２,６０２８,一般都道立川国分寺線（都道１４５号）,国分寺３・４・３,（多喜窪通り）,１０月２０日（水）,雨,1240,9.3,9.3,1609,12.0,1.47,-,2,9558,10535,9560,10525,9957,9436,9220,9863,13380
,,,,,,,,,,,,,,,,,,,,,,,
観測地点,Ｈ１７区間番号,路線名,都市計画路線名,通称道路名,調査日,天候,時間・種別,７～８,８～９,９～１０,１０～１１,１１～１２,１２～１３,１３～１４,１４～１５,１５～１６,１６～１７,１７～１８,１８～１９,１２ｈ計,２４ｈ計,,
６０５７０府中市武蔵台２－２０－２,６０２８,一般都道立川国分寺線（都道１４５号）,国分寺３・４・３,（多喜窪通り）,１０月２０日（水）,雨,自動車類上り大型車,80,83,76,81,100,85,79,76,80,60,56,44,900,-,,
６０５７０府中市武蔵台２－２０－２,６０２８,一般都道立川国分寺線（都道１４５号）,国分寺３・４・３,（多喜窪通り）,１０月２０日（水）,雨,自動車類上り小型車,540,539,541,543,538,534,558,542,501,557,584,590,6567,-,,
６０５７０府中市武蔵台２－２０－２,６０２８,一般都道立川国分寺線（都道１４５号）,国分寺３・４・３,（多喜窪通り）,１０月２０日（水）,雨,自動車類上り計,620,622,617,624,638,619,637,618,581,617,640,634,7467,-,,
６０５７０府中市武蔵台２－２０－２,６０２８,一般都道立川国分寺線（都道１４５号）,国分寺３・４・３,（多喜窪通り）,１０月２０日（水）,雨,自動車類下り大型車,87,83,78,59,75,53,59,64,45,40,36,30,709,-,,
６０５７０府中市武蔵台２－２０－２,６０２８,一般都道立川国分寺線（都道１４５号）,国分寺３・４・３,（多喜窪通り）,１０月２０日（水）,雨,自動車類下り小型車,533,407,432,451,410,460,408,404,453,422,405,419,5204,-,,
６０５７０府中市武蔵台２－２０－２,６０２８,一般都道立川国分寺線（都道１４５号）,国分寺３・４・３,（多喜窪通り）,１０月２０日（水）,雨,自動車類下り計,620,490,510,510,485,513,467,468,498,462,441,449,5913,-,,
６０５７０府中市武蔵台２－２０－２,６０２８,一般都道立川国分寺線（都道１４５号）,国分寺３・４・３,（多喜窪通り）,１０月２０日（水）,雨,自動車類合計大型車,167,166,154,140,175,138,138,140,125,100,92,74,1609,-,,
６０５７０府中市武蔵台２－２０－２,６０２８,一般都道立川国分寺線（都道１４５号）,国分寺３・４・３,（多喜窪通り）,１０月２０日（水）,雨,自動車類合計小型車,1073,946,973,994,948,994,966,946,954,979,989,1009,11771,-,,
６０５７０府中市武蔵台２－２０－２,６０２８,一般都道立川国分寺線（都道１４５号）,国分寺３・４・３,（多喜窪通り）,１０月２０日（水）,雨,自動車類合計計,1240,1112,1127,1134,1123,1132,1104,1086,1079,1079,1081,1083,13380,-,,
６０５７０府中市武蔵台２－２０－２,６０２８,一般都道立川国分寺線（都道１４５号）,国分寺３・４・３,（多喜窪通り）,１０月２０日（水）,雨,二輪車類,82,91,50,45,52,59,53,46,72,61,84,81,776,,,
６０５７０府中市武蔵台２－２０－２,６０２８,一般都道立川国分寺線（都道１４５号）,国分寺３・４・３,（多喜窪通り）,１０月２０日（水）,雨,自転車類,52,99,38,37,28,46,30,51,46,61,85,63,636,,,
６０５７０府中市武蔵台２－２０－２,６０２８,一般都道立川国分寺線（都道１４５号）,国分寺３・４・３,（多喜窪通り）,１０月２０日（水）,雨,歩行者類,103,112,30,48,40,53,46,67,48,54,55,51,707,,,
