﻿観測地点,Ｈ１７区間番号,路線名,都市計画路線名,通称道路名,調査日,天候,ピーク時間交通量（台／ｈ）,ピーク率（％）,混雑時平均旅行速度（ｋｍ／ｈ）,大型車台数（台／１２ｈ）,混入率（％）,混雑度,昼夜率,車線数,５８年度（台／１２ｈ）,６０年度（台／１２ｈ）,６３年度（台／１２ｈ）,２年度（台／１２ｈ）,６年度（台／１２ｈ）,９年度（台／１２ｈ）,１１年度（台／１２ｈ）,１７年度（台／１２ｈ）,２２年度（台／１２ｈ）
６０４８０小金井市貫井北町１－１３,６０２３,一般都道武蔵小金井停車場貫井線（都道１３６号）,小金井３・４・４,－,１０月１９日（火）,曇,483,9.4,18.3,863,16.8,0.66,-,2,5782,5682,6190,7287,7051,6419,6621,5675,5143
,,,,,,,,,,,,,,,,,,,,,,,
観測地点,Ｈ１７区間番号,路線名,都市計画路線名,通称道路名,調査日,天候,時間・種別,７～８,８～９,９～１０,１０～１１,１１～１２,１２～１３,１３～１４,１４～１５,１５～１６,１６～１７,１７～１８,１８～１９,１２ｈ計,２４ｈ計,,
６０４８０小金井市貫井北町１－１３,６０２３,一般都道武蔵小金井停車場貫井線（都道１３６号）,小金井３・４・４,－,１０月１９日（火）,曇,自動車類上り大型車,55,62,55,42,31,44,31,53,30,31,31,23,488,-,,
６０４８０小金井市貫井北町１－１３,６０２３,一般都道武蔵小金井停車場貫井線（都道１３６号）,小金井３・４・４,－,１０月１９日（火）,曇,自動車類上り小型車,253,240,235,206,189,160,192,212,235,227,266,212,2627,-,,
６０４８０小金井市貫井北町１－１３,６０２３,一般都道武蔵小金井停車場貫井線（都道１３６号）,小金井３・４・４,－,１０月１９日（火）,曇,自動車類上り計,308,302,290,248,220,204,223,265,265,258,297,235,3115,-,,
６０４８０小金井市貫井北町１－１３,６０２３,一般都道武蔵小金井停車場貫井線（都道１３６号）,小金井３・４・４,－,１０月１９日（火）,曇,自動車類下り大型車,24,38,42,44,38,35,36,25,26,27,24,16,375,-,,
６０４８０小金井市貫井北町１－１３,６０２３,一般都道武蔵小金井停車場貫井線（都道１３６号）,小金井３・４・４,－,１０月１９日（火）,曇,自動車類下り小型車,101,113,143,134,124,132,155,135,153,157,162,144,1653,-,,
６０４８０小金井市貫井北町１－１３,６０２３,一般都道武蔵小金井停車場貫井線（都道１３６号）,小金井３・４・４,－,１０月１９日（火）,曇,自動車類下り計,125,151,185,178,162,167,191,160,179,184,186,160,2028,-,,
６０４８０小金井市貫井北町１－１３,６０２３,一般都道武蔵小金井停車場貫井線（都道１３６号）,小金井３・４・４,－,１０月１９日（火）,曇,自動車類合計大型車,79,100,97,86,69,79,67,78,56,58,55,39,863,-,,
６０４８０小金井市貫井北町１－１３,６０２３,一般都道武蔵小金井停車場貫井線（都道１３６号）,小金井３・４・４,－,１０月１９日（火）,曇,自動車類合計小型車,354,353,378,340,313,292,347,347,388,384,428,356,4280,-,,
６０４８０小金井市貫井北町１－１３,６０２３,一般都道武蔵小金井停車場貫井線（都道１３６号）,小金井３・４・４,－,１０月１９日（火）,曇,自動車類合計計,433,453,475,426,382,371,414,425,444,442,483,395,5143,-,,
６０４８０小金井市貫井北町１－１３,６０２３,一般都道武蔵小金井停車場貫井線（都道１３６号）,小金井３・４・４,－,１０月１９日（火）,曇,二輪車類,51,30,34,33,26,26,25,31,24,38,30,42,390,,,
６０４８０小金井市貫井北町１－１３,６０２３,一般都道武蔵小金井停車場貫井線（都道１３６号）,小金井３・４・４,－,１０月１９日（火）,曇,自転車類,140,216,121,104,130,132,88,115,96,136,164,131,1573,,,
６０４８０小金井市貫井北町１－１３,６０２３,一般都道武蔵小金井停車場貫井線（都道１３６号）,小金井３・４・４,－,１０月１９日（火）,曇,歩行者類,70,82,35,47,36,49,25,44,71,50,50,52,611,,,
