﻿観測地点,Ｈ１７区間番号,路線名,都市計画路線名,通称道路名,調査日,天候,ピーク時間交通量（台／ｈ）,ピーク率（％）,混雑時平均旅行速度（ｋｍ／ｈ）,大型車台数（台／１２ｈ）,混入率（％）,混雑度,昼夜率,車線数,５８年度（台／１２ｈ）,６０年度（台／１２ｈ）,６３年度（台／１２ｈ）,２年度（台／１２ｈ）,６年度（台／１２ｈ）,９年度（台／１２ｈ）,１１年度（台／１２ｈ）,１７年度（台／１２ｈ）,２２年度（台／１２ｈ）
６１９８０新島村中央,６０７６,一般都道若郷新島港線（都道２１１号）,－,新島本道,１１月８日（月）,晴,195,11.4,39.6,128,7.5,0.29,-,2,1056,1105,1305,1266,1154,1606,1579,1878,1712
,,,,,,,,,,,,,,,,,,,,,,,
観測地点,Ｈ１７区間番号,路線名,都市計画路線名,通称道路名,調査日,天候,時間・種別,７～８,８～９,９～１０,１０～１１,１１～１２,１２～１３,１３～１４,１４～１５,１５～１６,１６～１７,１７～１８,１８～１９,１２ｈ計,２４ｈ計,,
６１９８０新島村中央,６０７６,一般都道若郷新島港線（都道２１１号）,－,新島本道,１１月８日（月）,晴,自動車類上り大型車,2,1,15,16,9,2,3,4,5,5,1,1,64,-,,
６１９８０新島村中央,６０７６,一般都道若郷新島港線（都道２１１号）,－,新島本道,１１月８日（月）,晴,自動車類上り小型車,48,81,68,96,53,87,74,83,81,45,53,28,797,-,,
６１９８０新島村中央,６０７６,一般都道若郷新島港線（都道２１１号）,－,新島本道,１１月８日（月）,晴,自動車類上り計,50,82,83,112,62,89,77,87,86,50,54,29,861,-,,
６１９８０新島村中央,６０７６,一般都道若郷新島港線（都道２１１号）,－,新島本道,１１月８日（月）,晴,自動車類下り大型車,1,3,11,12,12,4,6,3,3,6,2,1,64,-,,
６１９８０新島村中央,６０７６,一般都道若郷新島港線（都道２１１号）,－,新島本道,１１月８日（月）,晴,自動車類下り小型車,48,59,68,71,79,90,58,67,91,61,73,22,787,-,,
６１９８０新島村中央,６０７６,一般都道若郷新島港線（都道２１１号）,－,新島本道,１１月８日（月）,晴,自動車類下り計,49,62,79,83,91,94,64,70,94,67,75,23,851,-,,
６１９８０新島村中央,６０７６,一般都道若郷新島港線（都道２１１号）,－,新島本道,１１月８日（月）,晴,自動車類合計大型車,3,4,26,28,21,6,9,7,8,11,3,2,128,-,,
６１９８０新島村中央,６０７６,一般都道若郷新島港線（都道２１１号）,－,新島本道,１１月８日（月）,晴,自動車類合計小型車,96,140,136,167,132,177,132,150,172,106,126,50,1584,-,,
６１９８０新島村中央,６０７６,一般都道若郷新島港線（都道２１１号）,－,新島本道,１１月８日（月）,晴,自動車類合計計,99,144,162,195,153,183,141,157,180,117,129,52,1712,-,,
６１９８０新島村中央,６０７６,一般都道若郷新島港線（都道２１１号）,－,新島本道,１１月８日（月）,晴,二輪車類,0,0,3,0,7,0,3,0,3,2,0,2,20,,,
６１９８０新島村中央,６０７６,一般都道若郷新島港線（都道２１１号）,－,新島本道,１１月８日（月）,晴,自転車類,0,2,3,0,1,0,2,0,0,0,4,1,13,,,
６１９８０新島村中央,６０７６,一般都道若郷新島港線（都道２１１号）,－,新島本道,１１月８日（月）,晴,歩行者類,2,1,0,1,1,0,0,0,2,1,2,1,11,,,
