﻿観測地点,Ｈ１７区間番号,路線名,都市計画路線名,通称道路名,調査日,天候,ピーク時間交通量（台／ｈ）,ピーク率（％）,混雑時平均旅行速度（ｋｍ／ｈ）,大型車台数（台／１２ｈ）,混入率（％）,混雑度,昼夜率,車線数,５８年度（台／１２ｈ）,６０年度（台／１２ｈ）,６３年度（台／１２ｈ）,２年度（台／１２ｈ）,６年度（台／１２ｈ）,９年度（台／１２ｈ）,１１年度（台／１２ｈ）,１７年度（台／１２ｈ）,２２年度（台／１２ｈ）
４１６２０あきる野市五日市１３,４０５７,主要地方道上野原あきる野線（都道３３号）,－,檜原街道,１０月２７日（水）,晴,1078,9.9,33.8,1110,10.2,0.65,-,2,9410,8285,9920,10747,12361,13060,12142,10667,10885
,,,,,,,,,,,,,,,,,,,,,,,
観測地点,Ｈ１７区間番号,路線名,都市計画路線名,通称道路名,調査日,天候,時間・種別,７～８,８～９,９～１０,１０～１１,１１～１２,１２～１３,１３～１４,１４～１５,１５～１６,１６～１７,１７～１８,１８～１９,１２ｈ計,２４ｈ計,,
４１６２０あきる野市五日市１３,４０５７,主要地方道上野原あきる野線（都道３３号）,－,檜原街道,１０月２７日（水）,晴,自動車類上り大型車,44,47,56,62,61,35,55,61,62,31,17,16,547,-,,
４１６２０あきる野市五日市１３,４０５７,主要地方道上野原あきる野線（都道３３号）,－,檜原街道,１０月２７日（水）,晴,自動車類上り小型車,383,362,362,393,413,338,365,382,425,440,454,473,4790,-,,
４１６２０あきる野市五日市１３,４０５７,主要地方道上野原あきる野線（都道３３号）,－,檜原街道,１０月２７日（水）,晴,自動車類上り計,427,409,418,455,474,373,420,443,487,471,471,489,5337,-,,
４１６２０あきる野市五日市１３,４０５７,主要地方道上野原あきる野線（都道３３号）,－,檜原街道,１０月２７日（水）,晴,自動車類下り大型車,27,47,55,52,45,51,62,54,68,55,28,19,563,-,,
４１６２０あきる野市五日市１３,４０５７,主要地方道上野原あきる野線（都道３３号）,－,檜原街道,１０月２７日（水）,晴,自動車類下り小型車,506,404,363,384,364,318,367,400,474,518,579,308,4985,-,,
４１６２０あきる野市五日市１３,４０５７,主要地方道上野原あきる野線（都道３３号）,－,檜原街道,１０月２７日（水）,晴,自動車類下り計,533,451,418,436,409,369,429,454,542,573,607,327,5548,-,,
４１６２０あきる野市五日市１３,４０５７,主要地方道上野原あきる野線（都道３３号）,－,檜原街道,１０月２７日（水）,晴,自動車類合計大型車,71,94,111,114,106,86,117,115,130,86,45,35,1110,-,,
４１６２０あきる野市五日市１３,４０５７,主要地方道上野原あきる野線（都道３３号）,－,檜原街道,１０月２７日（水）,晴,自動車類合計小型車,889,766,725,777,777,656,732,782,899,958,1033,781,9775,-,,
４１６２０あきる野市五日市１３,４０５７,主要地方道上野原あきる野線（都道３３号）,－,檜原街道,１０月２７日（水）,晴,自動車類合計計,960,860,836,891,883,742,849,897,1029,1044,1078,816,10885,-,,
４１６２０あきる野市五日市１３,４０５７,主要地方道上野原あきる野線（都道３３号）,－,檜原街道,１０月２７日（水）,晴,二輪車類,30,24,46,42,52,52,50,73,53,41,30,21,514,,,
４１６２０あきる野市五日市１３,４０５７,主要地方道上野原あきる野線（都道３３号）,－,檜原街道,１０月２７日（水）,晴,自転車類,56,31,42,38,34,48,39,44,59,41,43,28,503,,,
４１６２０あきる野市五日市１３,４０５７,主要地方道上野原あきる野線（都道３３号）,－,檜原街道,１０月２７日（水）,晴,歩行者類,54,86,62,62,70,51,53,70,106,128,63,62,867,,,
