﻿観測地点,Ｈ１７区間番号,路線名,都市計画路線名,通称道路名,調査日,天候,ピーク時間交通量（台／ｈ）,ピーク率（％）,混雑時平均旅行速度（ｋｍ／ｈ）,大型車台数（台／１２ｈ）,混入率（％）,混雑度,昼夜率,車線数,５８年度（台／１２ｈ）,６０年度（台／１２ｈ）,６３年度（台／１２ｈ）,２年度（台／１２ｈ）,６年度（台／１２ｈ）,９年度（台／１２ｈ）,１１年度（台／１２ｈ）,１７年度（台／１２ｈ）,２２年度（台／１２ｈ）
６０７９０多摩市豊ヶ丘６－５,４６０２９,一般都道町田日野線（都道１５６号）,多摩３・１・６,（尾根幹線道路）,１０月２１日（木）,雨,1384,9.0,19.3,2311,15.0,0.71,-,2,-,-,-,-,-,-,-,20408,15427
,,,,,,,,,,,,,,,,,,,,,,,
観測地点,Ｈ１７区間番号,路線名,都市計画路線名,通称道路名,調査日,天候,時間・種別,７～８,８～９,９～１０,１０～１１,１１～１２,１２～１３,１３～１４,１４～１５,１５～１６,１６～１７,１７～１８,１８～１９,１２ｈ計,２４ｈ計,,
６０７９０多摩市豊ヶ丘６－５,４６０２９,一般都道町田日野線（都道１５６号）,多摩３・１・６,（尾根幹線道路）,１０月２１日（木）,雨,自動車類上り大型車,107,91,127,144,125,91,100,113,92,90,91,73,1244,-,,
６０７９０多摩市豊ヶ丘６－５,４６０２９,一般都道町田日野線（都道１５６号）,多摩３・１・６,（尾根幹線道路）,１０月２１日（木）,雨,自動車類上り小型車,625,617,547,510,487,476,544,582,573,609,600,553,6723,-,,
６０７９０多摩市豊ヶ丘６－５,４６０２９,一般都道町田日野線（都道１５６号）,多摩３・１・６,（尾根幹線道路）,１０月２１日（木）,雨,自動車類上り計,732,708,674,654,612,567,644,695,665,699,691,626,7967,-,,
６０７９０多摩市豊ヶ丘６－５,４６０２９,一般都道町田日野線（都道１５６号）,多摩３・１・６,（尾根幹線道路）,１０月２１日（木）,雨,自動車類下り大型車,80,88,94,98,99,71,96,110,89,97,90,55,1067,-,,
６０７９０多摩市豊ヶ丘６－５,４６０２９,一般都道町田日野線（都道１５６号）,多摩３・１・６,（尾根幹線道路）,１０月２１日（木）,雨,自動車類下り小型車,504,576,529,537,535,421,493,504,566,563,603,562,6393,-,,
６０７９０多摩市豊ヶ丘６－５,４６０２９,一般都道町田日野線（都道１５６号）,多摩３・１・６,（尾根幹線道路）,１０月２１日（木）,雨,自動車類下り計,584,664,623,635,634,492,589,614,655,660,693,617,7460,-,,
６０７９０多摩市豊ヶ丘６－５,４６０２９,一般都道町田日野線（都道１５６号）,多摩３・１・６,（尾根幹線道路）,１０月２１日（木）,雨,自動車類合計大型車,187,179,221,242,224,162,196,223,181,187,181,128,2311,-,,
６０７９０多摩市豊ヶ丘６－５,４６０２９,一般都道町田日野線（都道１５６号）,多摩３・１・６,（尾根幹線道路）,１０月２１日（木）,雨,自動車類合計小型車,1129,1193,1076,1047,1022,897,1037,1086,1139,1172,1203,1115,13116,-,,
６０７９０多摩市豊ヶ丘６－５,４６０２９,一般都道町田日野線（都道１５６号）,多摩３・１・６,（尾根幹線道路）,１０月２１日（木）,雨,自動車類合計計,1316,1372,1297,1289,1246,1059,1233,1309,1320,1359,1384,1243,15427,-,,
６０７９０多摩市豊ヶ丘６－５,４６０２９,一般都道町田日野線（都道１５６号）,多摩３・１・６,（尾根幹線道路）,１０月２１日（木）,雨,二輪車類,89,135,39,28,22,40,18,31,32,50,80,96,660,,,
６０７９０多摩市豊ヶ丘６－５,４６０２９,一般都道町田日野線（都道１５６号）,多摩３・１・６,（尾根幹線道路）,１０月２１日（木）,雨,自転車類,14,67,21,18,8,17,5,26,14,39,42,22,293,,,
６０７９０多摩市豊ヶ丘６－５,４６０２９,一般都道町田日野線（都道１５６号）,多摩３・１・６,（尾根幹線道路）,１０月２１日（木）,雨,歩行者類,21,39,15,19,8,10,9,13,17,17,27,15,210,,,
