﻿観測地点,Ｈ１７区間番号,路線名,都市計画路線名,通称道路名,調査日,天候,ピーク時間交通量（台／ｈ）,ピーク率（％）,混雑時平均旅行速度（ｋｍ／ｈ）,大型車台数（台／１２ｈ）,混入率（％）,混雑度,昼夜率,車線数,５８年度（台／１２ｈ）,６０年度（台／１２ｈ）,６３年度（台／１２ｈ）,２年度（台／１２ｈ）,６年度（台／１２ｈ）,９年度（台／１２ｈ）,１１年度（台／１２ｈ）,１７年度（台／１２ｈ）,２２年度（台／１２ｈ）
６０４４０小金井市貫井北町５－１３－２５,６０２１,一般都道恋ケ窪新田三鷹線（都道１３４号）,国分寺３・４・６,連雀通り,１０月２０日（水）,雨,742,8.7,19.6,1102,12.9,1.02,-,2,10120,9855,10156,9231,10281,9140,9828,8503,8547
,,,,,,,,,,,,,,,,,,,,,,,
観測地点,Ｈ１７区間番号,路線名,都市計画路線名,通称道路名,調査日,天候,時間・種別,７～８,８～９,９～１０,１０～１１,１１～１２,１２～１３,１３～１４,１４～１５,１５～１６,１６～１７,１７～１８,１８～１９,１２ｈ計,２４ｈ計,,
６０４４０小金井市貫井北町５－１３－２５,６０２１,一般都道恋ケ窪新田三鷹線（都道１３４号）,国分寺３・４・６,連雀通り,１０月２０日（水）,雨,自動車類上り大型車,76,55,69,68,63,44,42,48,35,32,33,20,585,-,,
６０４４０小金井市貫井北町５－１３－２５,６０２１,一般都道恋ケ窪新田三鷹線（都道１３４号）,国分寺３・４・６,連雀通り,１０月２０日（水）,雨,自動車類上り小型車,433,365,307,347,325,278,265,315,305,322,303,283,3848,-,,
６０４４０小金井市貫井北町５－１３－２５,６０２１,一般都道恋ケ窪新田三鷹線（都道１３４号）,国分寺３・４・６,連雀通り,１０月２０日（水）,雨,自動車類上り計,509,420,376,415,388,322,307,363,340,354,336,303,4433,-,,
６０４４０小金井市貫井北町５－１３－２５,６０２１,一般都道恋ケ窪新田三鷹線（都道１３４号）,国分寺３・４・６,連雀通り,１０月２０日（水）,雨,自動車類下り大型車,34,57,75,55,55,42,55,31,45,20,31,17,517,-,,
６０４４０小金井市貫井北町５－１３－２５,６０２１,一般都道恋ケ窪新田三鷹線（都道１３４号）,国分寺３・４・６,連雀通り,１０月２０日（水）,雨,自動車類下り小型車,197,234,257,272,297,306,290,324,320,340,367,393,3597,-,,
６０４４０小金井市貫井北町５－１３－２５,６０２１,一般都道恋ケ窪新田三鷹線（都道１３４号）,国分寺３・４・６,連雀通り,１０月２０日（水）,雨,自動車類下り計,231,291,332,327,352,348,345,355,365,360,398,410,4114,-,,
６０４４０小金井市貫井北町５－１３－２５,６０２１,一般都道恋ケ窪新田三鷹線（都道１３４号）,国分寺３・４・６,連雀通り,１０月２０日（水）,雨,自動車類合計大型車,110,112,144,123,118,86,97,79,80,52,64,37,1102,-,,
６０４４０小金井市貫井北町５－１３－２５,６０２１,一般都道恋ケ窪新田三鷹線（都道１３４号）,国分寺３・４・６,連雀通り,１０月２０日（水）,雨,自動車類合計小型車,630,599,564,619,622,584,555,639,625,662,670,676,7445,-,,
６０４４０小金井市貫井北町５－１３－２５,６０２１,一般都道恋ケ窪新田三鷹線（都道１３４号）,国分寺３・４・６,連雀通り,１０月２０日（水）,雨,自動車類合計計,740,711,708,742,740,670,652,718,705,714,734,713,8547,-,,
６０４４０小金井市貫井北町５－１３－２５,６０２１,一般都道恋ケ窪新田三鷹線（都道１３４号）,国分寺３・４・６,連雀通り,１０月２０日（水）,雨,二輪車類,-,-,-,-,-,-,-,-,-,-,-,-,-,,,
６０４４０小金井市貫井北町５－１３－２５,６０２１,一般都道恋ケ窪新田三鷹線（都道１３４号）,国分寺３・４・６,連雀通り,１０月２０日（水）,雨,自転車類,210,343,183,249,208,241,168,247,136,293,304,224,2806,,,
６０４４０小金井市貫井北町５－１３－２５,６０２１,一般都道恋ケ窪新田三鷹線（都道１３４号）,国分寺３・４・６,連雀通り,１０月２０日（水）,雨,歩行者類,298,209,113,85,65,70,62,82,67,199,115,64,1429,,,
