﻿観測地点,Ｈ１７区間番号,路線名,都市計画路線名,通称道路名,調査日,天候,ピーク時間交通量（台／ｈ）,ピーク率（％）,混雑時平均旅行速度（ｋｍ／ｈ）,大型車台数（台／１２ｈ）,混入率（％）,混雑度,昼夜率,車線数,５８年度（台／１２ｈ）,６０年度（台／１２ｈ）,６３年度（台／１２ｈ）,２年度（台／１２ｈ）,６年度（台／１２ｈ）,９年度（台／１２ｈ）,１１年度（台／１２ｈ）,１７年度（台／１２ｈ）,２２年度（台／１２ｈ）
６２８６０八王子市日吉町１７,６１１４,一般都道上野原八王子線（都道５２１号）,八王子３・４・２３,陣馬街道,１０月２７日（水）,晴,1552,10.0,17.2,1481,9.5,2.22,1.38,2,16478,16988,17286,18184,16980,16737,18067,16887,15585
,,,,,,,,,,,,,,,,,,,,,,,
観測地点,Ｈ１７区間番号,路線名,都市計画路線名,通称道路名,調査日,天候,時間・種別,７～８,８～９,９～１０,１０～１１,１１～１２,１２～１３,１３～１４,１４～１５,１５～１６,１６～１７,１７～１８,１８～１９,１２ｈ計,２４ｈ計,,
６２８６０八王子市日吉町１７,６１１４,一般都道上野原八王子線（都道５２１号）,八王子３・４・２３,陣馬街道,１０月２７日（水）,晴,自動車類上り大型車,58,64,74,100,66,60,70,56,49,40,31,31,699,871,,
６２８６０八王子市日吉町１７,６１１４,一般都道上野原八王子線（都道５２１号）,八王子３・４・２３,陣馬街道,１０月２７日（水）,晴,自動車類上り小型車,475,551,418,434,480,430,469,506,494,481,582,617,5937,8517,,
６２８６０八王子市日吉町１７,６１１４,一般都道上野原八王子線（都道５２１号）,八王子３・４・２３,陣馬街道,１０月２７日（水）,晴,自動車類上り計,533,615,492,534,546,490,539,562,543,521,613,648,6636,9388,,
６２８６０八王子市日吉町１７,６１１４,一般都道上野原八王子線（都道５２１号）,八王子３・４・２３,陣馬街道,１０月２７日（水）,晴,自動車類下り大型車,52,74,86,86,65,69,54,92,57,64,44,39,782,1030,,
６２８６０八王子市日吉町１７,６１１４,一般都道上野原八王子線（都道５２１号）,八王子３・４・２３,陣馬街道,１０月２７日（水）,晴,自動車類下り小型車,848,863,725,693,596,576,544,643,658,670,729,622,8167,11083,,
６２８６０八王子市日吉町１７,６１１４,一般都道上野原八王子線（都道５２１号）,八王子３・４・２３,陣馬街道,１０月２７日（水）,晴,自動車類下り計,900,937,811,779,661,645,598,735,715,734,773,661,8949,12113,,
６２８６０八王子市日吉町１７,６１１４,一般都道上野原八王子線（都道５２１号）,八王子３・４・２３,陣馬街道,１０月２７日（水）,晴,自動車類合計大型車,110,138,160,186,131,129,124,148,106,104,75,70,1481,1901,,
６２８６０八王子市日吉町１７,６１１４,一般都道上野原八王子線（都道５２１号）,八王子３・４・２３,陣馬街道,１０月２７日（水）,晴,自動車類合計小型車,1323,1414,1143,1127,1076,1006,1013,1149,1152,1151,1311,1239,14104,19600,,
６２８６０八王子市日吉町１７,６１１４,一般都道上野原八王子線（都道５２１号）,八王子３・４・２３,陣馬街道,１０月２７日（水）,晴,自動車類合計計,1433,1552,1303,1313,1207,1135,1137,1297,1258,1255,1386,1309,15585,21501,,
６２８６０八王子市日吉町１７,６１１４,一般都道上野原八王子線（都道５２１号）,八王子３・４・２３,陣馬街道,１０月２７日（水）,晴,二輪車類,144,163,82,60,44,62,67,66,85,73,106,105,1057,,,
６２８６０八王子市日吉町１７,６１１４,一般都道上野原八王子線（都道５２１号）,八王子３・４・２３,陣馬街道,１０月２７日（水）,晴,自転車類,92,192,110,85,73,79,73,86,100,69,121,47,1127,,,
６２８６０八王子市日吉町１７,６１１４,一般都道上野原八王子線（都道５２１号）,八王子３・４・２３,陣馬街道,１０月２７日（水）,晴,歩行者類,59,58,34,22,32,26,33,35,39,53,61,25,477,,,
