﻿観測地点,Ｈ１７区間番号,路線名,都市計画路線名,通称道路名,調査日,天候,ピーク時間交通量（台／ｈ）,ピーク率（％）,混雑時平均旅行速度（ｋｍ／ｈ）,大型車台数（台／１２ｈ）,混入率（％）,混雑度,昼夜率,車線数,５８年度（台／１２ｈ）,６０年度（台／１２ｈ）,６３年度（台／１２ｈ）,２年度（台／１２ｈ）,６年度（台／１２ｈ）,９年度（台／１２ｈ）,１１年度（台／１２ｈ）,１７年度（台／１２ｈ）,２２年度（台／１２ｈ）
６２１１０八丈島八丈町末吉公民館前,６０８５,一般都道八丈循環線（都道２１５号）,－,－,１１月８日（月）,曇,83,12.0,34.1,130,18.8,0.13,-,2,545,537,706,655,617,853,-,652,692
,,,,,,,,,,,,,,,,,,,,,,,
観測地点,Ｈ１７区間番号,路線名,都市計画路線名,通称道路名,調査日,天候,時間・種別,７～８,８～９,９～１０,１０～１１,１１～１２,１２～１３,１３～１４,１４～１５,１５～１６,１６～１７,１７～１８,１８～１９,１２ｈ計,２４ｈ計,,
６２１１０八丈島八丈町末吉公民館前,６０８５,一般都道八丈循環線（都道２１５号）,－,－,１１月８日（月）,曇,自動車類上り大型車,3,8,8,11,3,6,3,8,10,4,2,0,66,-,,
６２１１０八丈島八丈町末吉公民館前,６０８５,一般都道八丈循環線（都道２１５号）,－,－,１１月８日（月）,曇,自動車類上り小型車,15,30,24,26,22,23,26,20,24,24,36,14,284,-,,
６２１１０八丈島八丈町末吉公民館前,６０８５,一般都道八丈循環線（都道２１５号）,－,－,１１月８日（月）,曇,自動車類上り計,18,38,32,37,25,29,29,28,34,28,38,14,350,-,,
６２１１０八丈島八丈町末吉公民館前,６０８５,一般都道八丈循環線（都道２１５号）,－,－,１１月８日（月）,曇,自動車類下り大型車,2,9,3,11,5,2,6,7,8,8,3,0,64,-,,
６２１１０八丈島八丈町末吉公民館前,６０８５,一般都道八丈循環線（都道２１５号）,－,－,１１月８日（月）,曇,自動車類下り小型車,15,36,27,30,21,19,28,24,19,16,37,6,278,-,,
６２１１０八丈島八丈町末吉公民館前,６０８５,一般都道八丈循環線（都道２１５号）,－,－,１１月８日（月）,曇,自動車類下り計,17,45,30,41,26,21,34,31,27,24,40,6,342,-,,
６２１１０八丈島八丈町末吉公民館前,６０８５,一般都道八丈循環線（都道２１５号）,－,－,１１月８日（月）,曇,自動車類合計大型車,5,17,11,22,8,8,9,15,18,12,5,0,130,-,,
６２１１０八丈島八丈町末吉公民館前,６０８５,一般都道八丈循環線（都道２１５号）,－,－,１１月８日（月）,曇,自動車類合計小型車,30,66,51,56,43,42,54,44,43,40,73,20,562,-,,
６２１１０八丈島八丈町末吉公民館前,６０８５,一般都道八丈循環線（都道２１５号）,－,－,１１月８日（月）,曇,自動車類合計計,35,83,62,78,51,50,63,59,61,52,78,20,692,-,,
６２１１０八丈島八丈町末吉公民館前,６０８５,一般都道八丈循環線（都道２１５号）,－,－,１１月８日（月）,曇,二輪車類,2,1,2,2,2,0,2,6,1,1,2,0,21,,,
６２１１０八丈島八丈町末吉公民館前,６０８５,一般都道八丈循環線（都道２１５号）,－,－,１１月８日（月）,曇,自転車類,0,0,0,0,0,0,0,0,0,0,0,0,0,,,
６２１１０八丈島八丈町末吉公民館前,６０８５,一般都道八丈循環線（都道２１５号）,－,－,１１月８日（月）,曇,歩行者類,7,4,3,4,0,3,0,4,13,1,3,0,42,,,
