﻿観測地点,Ｈ１７区間番号,路線名,都市計画路線名,通称道路名,調査日,天候,ピーク時間交通量（台／ｈ）,ピーク率（％）,混雑時平均旅行速度（ｋｍ／ｈ）,大型車台数（台／１２ｈ）,混入率（％）,混雑度,昼夜率,車線数,５８年度（台／１２ｈ）,６０年度（台／１２ｈ）,６３年度（台／１２ｈ）,２年度（台／１２ｈ）,６年度（台／１２ｈ）,９年度（台／１２ｈ）,１１年度（台／１２ｈ）,１７年度（台／１２ｈ）,２２年度（台／１２ｈ）
４０９００府中市分梅町５－１０,１４０３６,主要地方道府中町田線（都道１８号）,－,鎌倉街道,１０月１９日（火）,曇,733,9.7,17,696,9.2,0.87,-,2,11470,12409,12799,14759,14177,11054,9277,7853,7557
,,,,,,,,,,,,,,,,,,,,,,,
観測地点,Ｈ１７区間番号,路線名,都市計画路線名,通称道路名,調査日,天候,時間・種別,７～８,８～９,９～１０,１０～１１,１１～１２,１２～１３,１３～１４,１４～１５,１５～１６,１６～１７,１７～１８,１８～１９,１２ｈ計,２４ｈ計,,
４０９００府中市分梅町５－１０,１４０３６,主要地方道府中町田線（都道１８号）,－,鎌倉街道,１０月１９日（火）,曇,自動車類上り大型車,36,43,38,28,36,23,18,49,20,22,15,13,341,-,,
４０９００府中市分梅町５－１０,１４０３６,主要地方道府中町田線（都道１８号）,－,鎌倉街道,１０月１９日（火）,曇,自動車類上り小型車,415,367,317,248,250,230,252,263,280,279,333,309,3543,-,,
４０９００府中市分梅町５－１０,１４０３６,主要地方道府中町田線（都道１８号）,－,鎌倉街道,１０月１９日（火）,曇,自動車類上り計,451,410,355,276,286,253,270,312,300,301,348,322,3884,-,,
４０９００府中市分梅町５－１０,１４０３６,主要地方道府中町田線（都道１８号）,－,鎌倉街道,１０月１９日（火）,曇,自動車類下り大型車,20,34,42,45,38,40,23,32,24,25,22,10,355,-,,
４０９００府中市分梅町５－１０,１４０３６,主要地方道府中町田線（都道１８号）,－,鎌倉街道,１０月１９日（火）,曇,自動車類下り小型車,223,254,252,242,253,273,210,258,291,338,363,361,3318,-,,
４０９００府中市分梅町５－１０,１４０３６,主要地方道府中町田線（都道１８号）,－,鎌倉街道,１０月１９日（火）,曇,自動車類下り計,243,288,294,287,291,313,233,290,315,363,385,371,3673,-,,
４０９００府中市分梅町５－１０,１４０３６,主要地方道府中町田線（都道１８号）,－,鎌倉街道,１０月１９日（火）,曇,自動車類合計大型車,56,77,80,73,74,63,41,81,44,47,37,23,696,-,,
４０９００府中市分梅町５－１０,１４０３６,主要地方道府中町田線（都道１８号）,－,鎌倉街道,１０月１９日（火）,曇,自動車類合計小型車,638,621,569,490,503,503,462,521,571,617,696,670,6861,-,,
４０９００府中市分梅町５－１０,１４０３６,主要地方道府中町田線（都道１８号）,－,鎌倉街道,１０月１９日（火）,曇,自動車類合計計,694,698,649,563,577,566,503,602,615,664,733,693,7557,-,,
４０９００府中市分梅町５－１０,１４０３６,主要地方道府中町田線（都道１８号）,－,鎌倉街道,１０月１９日（火）,曇,二輪車類,64,74,43,39,43,47,37,60,58,63,85,57,670,,,
４０９００府中市分梅町５－１０,１４０３６,主要地方道府中町田線（都道１８号）,－,鎌倉街道,１０月１９日（火）,曇,自転車類,175,273,154,145,139,147,125,156,131,163,265,192,2065,,,
４０９００府中市分梅町５－１０,１４０３６,主要地方道府中町田線（都道１８号）,－,鎌倉街道,１０月１９日（火）,曇,歩行者類,129,103,44,44,52,71,59,61,75,68,108,101,915,,,
