﻿観測地点,Ｈ１７区間番号,路線名,都市計画路線名,通称道路名,調査日,天候,ピーク時間交通量（台／ｈ）,ピーク率（％）,混雑時平均旅行速度（ｋｍ／ｈ）,大型車台数（台／１２ｈ）,混入率（％）,混雑度,昼夜率,車線数,５８年度（台／１２ｈ）,６０年度（台／１２ｈ）,６３年度（台／１２ｈ）,２年度（台／１２ｈ）,６年度（台／１２ｈ）,９年度（台／１２ｈ）,１１年度（台／１２ｈ）,１７年度（台／１２ｈ）,２２年度（台／１２ｈ）
６０７６０八王子市大和田町１－２０－４,６０３３,一般都道町田平山八王子線（都道１５５号）,八王子３・４・９,－,１０月２１日（木）,雨,871,9.1,7.6,1154,12.0,0.96,-,2,12262,13535,14605,14430,14768,14005,11994,13314,9614
,,,,,,,,,,,,,,,,,,,,,,,
観測地点,Ｈ１７区間番号,路線名,都市計画路線名,通称道路名,調査日,天候,時間・種別,７～８,８～９,９～１０,１０～１１,１１～１２,１２～１３,１３～１４,１４～１５,１５～１６,１６～１７,１７～１８,１８～１９,１２ｈ計,２４ｈ計,,
６０７６０八王子市大和田町１－２０－４,６０３３,一般都道町田平山八王子線（都道１５５号）,八王子３・４・９,－,１０月２１日（木）,雨,自動車類上り大型車,33,56,54,68,41,50,58,45,37,38,42,26,548,-,,
６０７６０八王子市大和田町１－２０－４,６０３３,一般都道町田平山八王子線（都道１５５号）,八王子３・４・９,－,１０月２１日（木）,雨,自動車類上り小型車,295,339,344,372,341,332,368,375,411,424,396,457,4454,-,,
６０７６０八王子市大和田町１－２０－４,６０３３,一般都道町田平山八王子線（都道１５５号）,八王子３・４・９,－,１０月２１日（木）,雨,自動車類上り計,328,395,398,440,382,382,426,420,448,462,438,483,5002,-,,
６０７６０八王子市大和田町１－２０－４,６０３３,一般都道町田平山八王子線（都道１５５号）,八王子３・４・９,－,１０月２１日（木）,雨,自動車類下り大型車,32,65,77,83,45,38,57,42,53,50,44,20,606,-,,
６０７６０八王子市大和田町１－２０－４,６０３３,一般都道町田平山八王子線（都道１５５号）,八王子３・４・９,－,１０月２１日（木）,雨,自動車類下り小型車,279,357,321,348,322,334,362,309,339,335,356,344,4006,-,,
６０７６０八王子市大和田町１－２０－４,６０３３,一般都道町田平山八王子線（都道１５５号）,八王子３・４・９,－,１０月２１日（木）,雨,自動車類下り計,311,422,398,431,367,372,419,351,392,385,400,364,4612,-,,
６０７６０八王子市大和田町１－２０－４,６０３３,一般都道町田平山八王子線（都道１５５号）,八王子３・４・９,－,１０月２１日（木）,雨,自動車類合計大型車,65,121,131,151,86,88,115,87,90,88,86,46,1154,-,,
６０７６０八王子市大和田町１－２０－４,６０３３,一般都道町田平山八王子線（都道１５５号）,八王子３・４・９,－,１０月２１日（木）,雨,自動車類合計小型車,574,696,665,720,663,666,730,684,750,759,752,801,8460,-,,
６０７６０八王子市大和田町１－２０－４,６０３３,一般都道町田平山八王子線（都道１５５号）,八王子３・４・９,－,１０月２１日（木）,雨,自動車類合計計,639,817,796,871,749,754,845,771,840,847,838,847,9614,-,,
６０７６０八王子市大和田町１－２０－４,６０３３,一般都道町田平山八王子線（都道１５５号）,八王子３・４・９,－,１０月２１日（木）,雨,二輪車類,39,46,24,26,24,26,12,13,20,27,38,52,347,,,
６０７６０八王子市大和田町１－２０－４,６０３３,一般都道町田平山八王子線（都道１５５号）,八王子３・４・９,－,１０月２１日（木）,雨,自転車類,34,38,23,13,18,14,17,22,13,25,50,30,297,,,
６０７６０八王子市大和田町１－２０－４,６０３３,一般都道町田平山八王子線（都道１５５号）,八王子３・４・９,－,１０月２１日（木）,雨,歩行者類,38,70,21,20,20,16,21,10,19,19,43,57,354,,,
