﻿観測地点,Ｈ１７区間番号,路線名,都市計画路線名,通称道路名,調査日,天候,ピーク時間交通量（台／ｈ）,ピーク率（％）,混雑時平均旅行速度（ｋｍ／ｈ）,大型車台数（台／１２ｈ）,混入率（％）,混雑度,昼夜率,車線数,５８年度（台／１２ｈ）,６０年度（台／１２ｈ）,６３年度（台／１２ｈ）,２年度（台／１２ｈ）,６年度（台／１２ｈ）,９年度（台／１２ｈ）,１１年度（台／１２ｈ）,１７年度（台／１２ｈ）,２２年度（台／１２ｈ）
４１８９０八王子市犬目町６８１,４０７３,主要地方道八王子あきる野線（都道４６号）,－,高尾街道,１０月２７日（水）,晴,1495,10.9,18.5,2102,15.3,1.64,-,2,-,11277,11708,12798,12173,12400,12115,13275,13704
,,,,,,,,,,,,,,,,,,,,,,,
観測地点,Ｈ１７区間番号,路線名,都市計画路線名,通称道路名,調査日,天候,時間・種別,７～８,８～９,９～１０,１０～１１,１１～１２,１２～１３,１３～１４,１４～１５,１５～１６,１６～１７,１７～１８,１８～１９,１２ｈ計,２４ｈ計,,
４１８９０八王子市犬目町６８１,４０７３,主要地方道八王子あきる野線（都道４６号）,－,高尾街道,１０月２７日（水）,晴,自動車類上り大型車,83,138,93,119,94,87,107,73,73,57,29,21,974,-,,
４１８９０八王子市犬目町６８１,４０７３,主要地方道八王子あきる野線（都道４６号）,－,高尾街道,１０月２７日（水）,晴,自動車類上り小型車,549,469,439,399,348,433,428,519,482,480,544,494,5584,-,,
４１８９０八王子市犬目町６８１,４０７３,主要地方道八王子あきる野線（都道４６号）,－,高尾街道,１０月２７日（水）,晴,自動車類上り計,632,607,532,518,442,520,535,592,555,537,573,515,6558,-,,
４１８９０八王子市犬目町６８１,４０７３,主要地方道八王子あきる野線（都道４６号）,－,高尾街道,１０月２７日（水）,晴,自動車類下り大型車,67,72,109,151,121,103,97,138,103,83,45,39,1128,-,,
４１８９０八王子市犬目町６８１,４０７３,主要地方道八王子あきる野線（都道４６号）,－,高尾街道,１０月２７日（水）,晴,自動車類下り小型車,796,611,465,470,467,400,487,462,499,440,437,484,6018,-,,
４１８９０八王子市犬目町６８１,４０７３,主要地方道八王子あきる野線（都道４６号）,－,高尾街道,１０月２７日（水）,晴,自動車類下り計,863,683,574,621,588,503,584,600,602,523,482,523,7146,-,,
４１８９０八王子市犬目町６８１,４０７３,主要地方道八王子あきる野線（都道４６号）,－,高尾街道,１０月２７日（水）,晴,自動車類合計大型車,150,210,202,270,215,190,204,211,176,140,74,60,2102,-,,
４１８９０八王子市犬目町６８１,４０７３,主要地方道八王子あきる野線（都道４６号）,－,高尾街道,１０月２７日（水）,晴,自動車類合計小型車,1345,1080,904,869,815,833,915,981,981,920,981,978,11602,-,,
４１８９０八王子市犬目町６８１,４０７３,主要地方道八王子あきる野線（都道４６号）,－,高尾街道,１０月２７日（水）,晴,自動車類合計計,1495,1290,1106,1139,1030,1023,1119,1192,1157,1060,1055,1038,13704,-,,
４１８９０八王子市犬目町６８１,４０７３,主要地方道八王子あきる野線（都道４６号）,－,高尾街道,１０月２７日（水）,晴,二輪車類,101,77,58,37,27,58,34,46,27,49,70,42,626,,,
４１８９０八王子市犬目町６８１,４０７３,主要地方道八王子あきる野線（都道４６号）,－,高尾街道,１０月２７日（水）,晴,自転車類,31,37,6,10,7,11,5,15,9,19,29,16,195,,,
４１８９０八王子市犬目町６８１,４０７３,主要地方道八王子あきる野線（都道４６号）,－,高尾街道,１０月２７日（水）,晴,歩行者類,7,5,1,5,3,4,2,2,5,5,4,5,48,,,
