﻿観測地点,Ｈ１７区間番号,路線名,都市計画路線名,通称道路名,調査日,天候,ピーク時間交通量（台／ｈ）,ピーク率（％）,混雑時平均旅行速度（ｋｍ／ｈ）,大型車台数（台／１２ｈ）,混入率（％）,混雑度,昼夜率,車線数,５８年度（台／１２ｈ）,６０年度（台／１２ｈ）,６３年度（台／１２ｈ）,２年度（台／１２ｈ）,６年度（台／１２ｈ）,９年度（台／１２ｈ）,１１年度（台／１２ｈ）,１７年度（台／１２ｈ）,２２年度（台／１２ｈ）
６２１６０八丈島八丈町大賀郷公民館前,０,一般都道神湊八重根港線（都道２１６号）,－,－,１１月８日（月）,曇,166,9.9,41.3,58,3.4,0.19,-,2,-,-,-,-,-,-,-,-,1682
,,,,,,,,,,,,,,,,,,,,,,,
観測地点,Ｈ１７区間番号,路線名,都市計画路線名,通称道路名,調査日,天候,時間・種別,７～８,８～９,９～１０,１０～１１,１１～１２,１２～１３,１３～１４,１４～１５,１５～１６,１６～１７,１７～１８,１８～１９,１２ｈ計,２４ｈ計,,
６２１６０八丈島八丈町大賀郷公民館前,０,一般都道神湊八重根港線（都道２１６号）,－,－,１１月８日（月）,曇,自動車類上り大型車,0,1,2,7,4,2,1,5,2,4,0,1,29,-,,
６２１６０八丈島八丈町大賀郷公民館前,０,一般都道神湊八重根港線（都道２１６号）,－,－,１１月８日（月）,曇,自動車類上り小型車,35,95,75,68,71,71,56,58,68,74,86,47,804,-,,
６２１６０八丈島八丈町大賀郷公民館前,０,一般都道神湊八重根港線（都道２１６号）,－,－,１１月８日（月）,曇,自動車類上り計,35,96,77,75,75,73,57,63,70,78,86,48,833,-,,
６２１６０八丈島八丈町大賀郷公民館前,０,一般都道神湊八重根港線（都道２１６号）,－,－,１１月８日（月）,曇,自動車類下り大型車,1,1,7,4,3,1,5,2,4,1,0,0,29,-,,
６２１６０八丈島八丈町大賀郷公民館前,０,一般都道神湊八重根港線（都道２１６号）,－,－,１１月８日（月）,曇,自動車類下り小型車,33,62,76,62,71,92,70,66,59,80,80,69,820,-,,
６２１６０八丈島八丈町大賀郷公民館前,０,一般都道神湊八重根港線（都道２１６号）,－,－,１１月８日（月）,曇,自動車類下り計,34,63,83,66,74,93,75,68,63,81,80,69,849,-,,
６２１６０八丈島八丈町大賀郷公民館前,０,一般都道神湊八重根港線（都道２１６号）,－,－,１１月８日（月）,曇,自動車類合計大型車,1,2,9,11,7,3,6,7,6,5,0,1,58,-,,
６２１６０八丈島八丈町大賀郷公民館前,０,一般都道神湊八重根港線（都道２１６号）,－,－,１１月８日（月）,曇,自動車類合計小型車,68,157,151,130,142,163,126,124,127,154,166,116,1624,-,,
６２１６０八丈島八丈町大賀郷公民館前,０,一般都道神湊八重根港線（都道２１６号）,－,－,１１月８日（月）,曇,自動車類合計計,69,159,160,141,149,166,132,131,133,159,166,117,1682,-,,
６２１６０八丈島八丈町大賀郷公民館前,０,一般都道神湊八重根港線（都道２１６号）,－,－,１１月８日（月）,曇,二輪車類,1,2,0,0,5,2,2,0,2,2,4,0,20,,,
６２１６０八丈島八丈町大賀郷公民館前,０,一般都道神湊八重根港線（都道２１６号）,－,－,１１月８日（月）,曇,自転車類,1,2,2,2,0,2,2,1,13,4,2,5,36,,,
６２１６０八丈島八丈町大賀郷公民館前,０,一般都道神湊八重根港線（都道２１６号）,－,－,１１月８日（月）,曇,歩行者類,4,4,1,1,3,2,4,3,8,13,6,15,64,,,
