﻿観測地点,Ｈ１７区間番号,路線名,都市計画路線名,通称道路名,調査日,天候,ピーク時間交通量（台／ｈ）,ピーク率（％）,混雑時平均旅行速度（ｋｍ／ｈ）,大型車台数（台／１２ｈ）,混入率（％）,混雑度,昼夜率,車線数,５８年度（台／１２ｈ）,６０年度（台／１２ｈ）,６３年度（台／１２ｈ）,２年度（台／１２ｈ）,６年度（台／１２ｈ）,９年度（台／１２ｈ）,１１年度（台／１２ｈ）,１７年度（台／１２ｈ）,２２年度（台／１２ｈ）
４０３１０武蔵野市桜堤３－３６－４,４０１４,主要地方道杉並あきる野線（都道７号）,武蔵野３・１・１２,五日市街道,１０月２０日（水）,雨,975,9.2,12.8,1161,10.9,1.13,-,2,12715,12470,11880,11187,12919,13142,12118,11792,10626
,,,,,,,,,,,,,,,,,,,,,,,
観測地点,Ｈ１７区間番号,路線名,都市計画路線名,通称道路名,調査日,天候,時間・種別,７～８,８～９,９～１０,１０～１１,１１～１２,１２～１３,１３～１４,１４～１５,１５～１６,１６～１７,１７～１８,１８～１９,１２ｈ計,２４ｈ計,,
４０３１０武蔵野市桜堤３－３６－４,４０１４,主要地方道杉並あきる野線（都道７号）,武蔵野３・１・１２,五日市街道,１０月２０日（水）,雨,自動車類上り大型車,68,69,74,71,63,72,56,55,45,27,28,22,650,-,,
４０３１０武蔵野市桜堤３－３６－４,４０１４,主要地方道杉並あきる野線（都道７号）,武蔵野３・１・１２,五日市街道,１０月２０日（水）,雨,自動車類上り小型車,451,416,395,391,406,486,399,427,431,420,465,493,5180,-,,
４０３１０武蔵野市桜堤３－３６－４,４０１４,主要地方道杉並あきる野線（都道７号）,武蔵野３・１・１２,五日市街道,１０月２０日（水）,雨,自動車類上り計,519,485,469,462,469,558,455,482,476,447,493,515,5830,-,,
４０３１０武蔵野市桜堤３－３６－４,４０１４,主要地方道杉並あきる野線（都道７号）,武蔵野３・１・１２,五日市街道,１０月２０日（水）,雨,自動車類下り大型車,70,63,65,65,48,43,48,29,26,23,19,12,511,-,,
４０３１０武蔵野市桜堤３－３６－４,４０１４,主要地方道杉並あきる野線（都道７号）,武蔵野３・１・１２,五日市街道,１０月２０日（水）,雨,自動車類下り小型車,271,267,341,321,378,374,370,386,396,387,416,378,4285,-,,
４０３１０武蔵野市桜堤３－３６－４,４０１４,主要地方道杉並あきる野線（都道７号）,武蔵野３・１・１２,五日市街道,１０月２０日（水）,雨,自動車類下り計,341,330,406,386,426,417,418,415,422,410,435,390,4796,-,,
４０３１０武蔵野市桜堤３－３６－４,４０１４,主要地方道杉並あきる野線（都道７号）,武蔵野３・１・１２,五日市街道,１０月２０日（水）,雨,自動車類合計大型車,138,132,139,136,111,115,104,84,71,50,47,34,1161,-,,
４０３１０武蔵野市桜堤３－３６－４,４０１４,主要地方道杉並あきる野線（都道７号）,武蔵野３・１・１２,五日市街道,１０月２０日（水）,雨,自動車類合計小型車,722,683,736,712,784,860,769,813,827,807,881,871,9465,-,,
４０３１０武蔵野市桜堤３－３６－４,４０１４,主要地方道杉並あきる野線（都道７号）,武蔵野３・１・１２,五日市街道,１０月２０日（水）,雨,自動車類合計計,860,815,875,848,895,975,873,897,898,857,928,905,10626,-,,
４０３１０武蔵野市桜堤３－３６－４,４０１４,主要地方道杉並あきる野線（都道７号）,武蔵野３・１・１２,五日市街道,１０月２０日（水）,雨,二輪車類,52,44,45,28,31,28,28,38,30,52,70,54,500,,,
４０３１０武蔵野市桜堤３－３６－４,４０１４,主要地方道杉並あきる野線（都道７号）,武蔵野３・１・１２,五日市街道,１０月２０日（水）,雨,自転車類,85,94,58,33,49,57,54,48,61,63,105,88,795,,,
４０３１０武蔵野市桜堤３－３６－４,４０１４,主要地方道杉並あきる野線（都道７号）,武蔵野３・１・１２,五日市街道,１０月２０日（水）,雨,歩行者類,25,22,21,8,12,17,10,12,24,16,24,23,214,,,
