﻿観測地点,Ｈ１７区間番号,路線名,都市計画路線名,通称道路名,調査日,天候,ピーク時間交通量（台／ｈ）,ピーク率（％）,混雑時平均旅行速度（ｋｍ／ｈ）,大型車台数（台／１２ｈ）,混入率（％）,混雑度,昼夜率,車線数,５８年度（台／１２ｈ）,６０年度（台／１２ｈ）,６３年度（台／１２ｈ）,２年度（台／１２ｈ）,６年度（台／１２ｈ）,９年度（台／１２ｈ）,１１年度（台／１２ｈ）,１７年度（台／１２ｈ）,２２年度（台／１２ｈ）
４０２５０武蔵村山市中藤５－４８－２,１４００９,主要地方道新宿青梅線（都道５号）,－,青梅街道,１０月１３日（水）,晴,627,10.1,26.6,552,8.9,0.8,-,2,10571,10745,9947,12448,13199,13476,13048,10901,6178
,,,,,,,,,,,,,,,,,,,,,,,
観測地点,Ｈ１７区間番号,路線名,都市計画路線名,通称道路名,調査日,天候,時間・種別,７～８,８～９,９～１０,１０～１１,１１～１２,１２～１３,１３～１４,１４～１５,１５～１６,１６～１７,１７～１８,１８～１９,１２ｈ計,２４ｈ計,,
４０２５０武蔵村山市中藤５－４８－２,１４００９,主要地方道新宿青梅線（都道５号）,－,青梅街道,１０月１３日（水）,晴,自動車類上り大型車,21,24,20,23,12,16,28,27,20,12,18,12,233,-,,
４０２５０武蔵村山市中藤５－４８－２,１４００９,主要地方道新宿青梅線（都道５号）,－,青梅街道,１０月１３日（水）,晴,自動車類上り小型車,213,186,167,147,160,183,203,199,214,220,283,292,2467,-,,
４０２５０武蔵村山市中藤５－４８－２,１４００９,主要地方道新宿青梅線（都道５号）,－,青梅街道,１０月１３日（水）,晴,自動車類上り計,234,210,187,170,172,199,231,226,234,232,301,304,2700,-,,
４０２５０武蔵村山市中藤５－４８－２,１４００９,主要地方道新宿青梅線（都道５号）,－,青梅街道,１０月１３日（水）,晴,自動車類下り大型車,33,28,29,28,31,26,35,32,15,23,23,16,319,-,,
４０２５０武蔵村山市中藤５－４８－２,１４００９,主要地方道新宿青梅線（都道５号）,－,青梅街道,１０月１３日（水）,晴,自動車類下り小型車,360,329,260,258,220,212,207,280,260,231,274,268,3159,-,,
４０２５０武蔵村山市中藤５－４８－２,１４００９,主要地方道新宿青梅線（都道５号）,－,青梅街道,１０月１３日（水）,晴,自動車類下り計,393,357,289,286,251,238,242,312,275,254,297,284,3478,-,,
４０２５０武蔵村山市中藤５－４８－２,１４００９,主要地方道新宿青梅線（都道５号）,－,青梅街道,１０月１３日（水）,晴,自動車類合計大型車,54,52,49,51,43,42,63,59,35,35,41,28,552,-,,
４０２５０武蔵村山市中藤５－４８－２,１４００９,主要地方道新宿青梅線（都道５号）,－,青梅街道,１０月１３日（水）,晴,自動車類合計小型車,573,515,427,405,380,395,410,479,474,451,557,560,5626,-,,
４０２５０武蔵村山市中藤５－４８－２,１４００９,主要地方道新宿青梅線（都道５号）,－,青梅街道,１０月１３日（水）,晴,自動車類合計計,627,567,476,456,423,437,473,538,509,486,598,588,6178,-,,
４０２５０武蔵村山市中藤５－４８－２,１４００９,主要地方道新宿青梅線（都道５号）,－,青梅街道,１０月１３日（水）,晴,二輪車類,30,13,1,3,3,4,4,15,16,22,23,29,163,,,
４０２５０武蔵村山市中藤５－４８－２,１４００９,主要地方道新宿青梅線（都道５号）,－,青梅街道,１０月１３日（水）,晴,自転車類,15,12,10,8,15,6,12,3,7,3,8,2,101,,,
４０２５０武蔵村山市中藤５－４８－２,１４００９,主要地方道新宿青梅線（都道５号）,－,青梅街道,１０月１３日（水）,晴,歩行者類,5,7,7,5,4,1,6,3,3,3,4,4,52,,,
