﻿観測地点,Ｈ１７区間番号,路線名,都市計画路線名,通称道路名,調査日,天候,ピーク時間交通量（台／ｈ）,ピーク率（％）,混雑時平均旅行速度（ｋｍ／ｈ）,大型車台数（台／１２ｈ）,混入率（％）,混雑度,昼夜率,車線数,５８年度（台／１２ｈ）,６０年度（台／１２ｈ）,６３年度（台／１２ｈ）,２年度（台／１２ｈ）,６年度（台／１２ｈ）,９年度（台／１２ｈ）,１１年度（台／１２ｈ）,１７年度（台／１２ｈ）,２２年度（台／１２ｈ）
５０国立府中ＩＣ～八王子ＩＣ間,４,中央自動車道（富士吉田線）,－,（中央道）,１１月１０日（水）,晴,4607,10.1,89,5571,12.2,0.84,1.47,4,34062,35233,41243,40397,48853,47292,47082,43143,45653
,,,,,,,,,,,,,,,,,,,,,,,
観測地点,Ｈ１７区間番号,路線名,都市計画路線名,通称道路名,調査日,天候,時間・種別,７～８,８～９,９～１０,１０～１１,１１～１２,１２～１３,１３～１４,１４～１５,１５～１６,１６～１７,１７～１８,１８～１９,１２ｈ計,２４ｈ計,,
５０国立府中ＩＣ～八王子ＩＣ間,４,中央自動車道（富士吉田線）,－,（中央道）,１１月１０日（水）,晴,自動車類上り大型車,138,185,266,280,277,278,215,219,210,187,178,209,2642,5427,,
５０国立府中ＩＣ～八王子ＩＣ間,４,中央自動車道（富士吉田線）,－,（中央道）,１１月１０日（水）,晴,自動車類上り小型車,1151,979,1105,1182,1112,1290,1381,1675,2058,2454,2643,2127,19157,27113,,
５０国立府中ＩＣ～八王子ＩＣ間,４,中央自動車道（富士吉田線）,－,（中央道）,１１月１０日（水）,晴,自動車類上り計,1289,1164,1371,1462,1389,1568,1596,1894,2268,2641,2821,2336,21799,32540,,
５０国立府中ＩＣ～八王子ＩＣ間,４,中央自動車道（富士吉田線）,－,（中央道）,１１月１０日（水）,晴,自動車類下り大型車,181,224,283,337,282,295,241,240,244,252,196,154,2929,5462,,
５０国立府中ＩＣ～八王子ＩＣ間,４,中央自動車道（富士吉田線）,－,（中央道）,１１月１０日（水）,晴,自動車類下り小型車,2152,2198,2001,2130,1900,1606,1354,1420,1467,1509,1590,1598,20925,28958,,
５０国立府中ＩＣ～八王子ＩＣ間,４,中央自動車道（富士吉田線）,－,（中央道）,１１月１０日（水）,晴,自動車類下り計,2333,2422,2284,2467,2182,1901,1595,1660,1711,1761,1786,1752,23854,34420,,
５０国立府中ＩＣ～八王子ＩＣ間,４,中央自動車道（富士吉田線）,－,（中央道）,１１月１０日（水）,晴,自動車類合計大型車,319,409,549,617,559,573,456,459,454,439,374,363,5571,10889,,
５０国立府中ＩＣ～八王子ＩＣ間,４,中央自動車道（富士吉田線）,－,（中央道）,１１月１０日（水）,晴,自動車類合計小型車,3303,3177,3106,3312,3012,2896,2735,3095,3525,3963,4233,3725,40082,56071,,
５０国立府中ＩＣ～八王子ＩＣ間,４,中央自動車道（富士吉田線）,－,（中央道）,１１月１０日（水）,晴,自動車類合計計,3622,3586,3655,3929,3571,3469,3191,3554,3979,4402,4607,4088,45653,66960,,
５０国立府中ＩＣ～八王子ＩＣ間,４,中央自動車道（富士吉田線）,－,（中央道）,１１月１０日（水）,晴,二輪車類,37,35,36,48,50,44,43,50,56,57,37,24,517,,,
５０国立府中ＩＣ～八王子ＩＣ間,４,中央自動車道（富士吉田線）,－,（中央道）,１１月１０日（水）,晴,自転車類,-,-,-,-,-,-,-,-,-,-,-,-,-,,,
５０国立府中ＩＣ～八王子ＩＣ間,４,中央自動車道（富士吉田線）,－,（中央道）,１１月１０日（水）,晴,歩行者類,-,-,-,-,-,-,-,-,-,-,-,-,-,,,
