﻿観測地点,Ｈ１７区間番号,路線名,都市計画路線名,通称道路名,調査日,天候,ピーク時間交通量（台／ｈ）,ピーク率（％）,混雑時平均旅行速度（ｋｍ／ｈ）,大型車台数（台／１２ｈ）,混入率（％）,混雑度,昼夜率,車線数,５８年度（台／１２ｈ）,６０年度（台／１２ｈ）,６３年度（台／１２ｈ）,２年度（台／１２ｈ）,６年度（台／１２ｈ）,９年度（台／１２ｈ）,１１年度（台／１２ｈ）,１７年度（台／１２ｈ）,２２年度（台／１２ｈ）
４０６００調布市深大寺北町６－５９,４０２３,主要地方道調布田無線（都道１２号）,三鷹３・２・６,武蔵境通り,１０月２０日（水）,雨,1040,8.8,22.6,1586,13.4,1.21,-,2,12151,12448,12746,12512,13235,12990,12763,12065,11821
,,,,,,,,,,,,,,,,,,,,,,,
観測地点,Ｈ１７区間番号,路線名,都市計画路線名,通称道路名,調査日,天候,時間・種別,７～８,８～９,９～１０,１０～１１,１１～１２,１２～１３,１３～１４,１４～１５,１５～１６,１６～１７,１７～１８,１８～１９,１２ｈ計,２４ｈ計,,
４０６００調布市深大寺北町６－５９,４０２３,主要地方道調布田無線（都道１２号）,三鷹３・２・６,武蔵境通り,１０月２０日（水）,雨,自動車類上り大型車,66,80,81,75,83,71,58,57,61,52,41,43,768,-,,
４０６００調布市深大寺北町６－５９,４０２３,主要地方道調布田無線（都道１２号）,三鷹３・２・６,武蔵境通り,１０月２０日（水）,雨,自動車類上り小型車,409,416,377,403,468,392,428,412,397,411,423,412,4948,-,,
４０６００調布市深大寺北町６－５９,４０２３,主要地方道調布田無線（都道１２号）,三鷹３・２・６,武蔵境通り,１０月２０日（水）,雨,自動車類上り計,475,496,458,478,551,463,486,469,458,463,464,455,5716,-,,
４０６００調布市深大寺北町６－５９,４０２３,主要地方道調布田無線（都道１２号）,三鷹３・２・６,武蔵境通り,１０月２０日（水）,雨,自動車類下り大型車,63,83,89,75,74,74,71,83,57,59,47,43,818,-,,
４０６００調布市深大寺北町６－５９,４０２３,主要地方道調布田無線（都道１２号）,三鷹３・２・６,武蔵境通り,１０月２０日（水）,雨,自動車類下り小型車,385,439,356,415,415,458,441,480,434,499,476,489,5287,-,,
４０６００調布市深大寺北町６－５９,４０２３,主要地方道調布田無線（都道１２号）,三鷹３・２・６,武蔵境通り,１０月２０日（水）,雨,自動車類下り計,448,522,445,490,489,532,512,563,491,558,523,532,6105,-,,
４０６００調布市深大寺北町６－５９,４０２３,主要地方道調布田無線（都道１２号）,三鷹３・２・６,武蔵境通り,１０月２０日（水）,雨,自動車類合計大型車,129,163,170,150,157,145,129,140,118,111,88,86,1586,-,,
４０６００調布市深大寺北町６－５９,４０２３,主要地方道調布田無線（都道１２号）,三鷹３・２・６,武蔵境通り,１０月２０日（水）,雨,自動車類合計小型車,794,855,733,818,883,850,869,892,831,910,899,901,10235,-,,
４０６００調布市深大寺北町６－５９,４０２３,主要地方道調布田無線（都道１２号）,三鷹３・２・６,武蔵境通り,１０月２０日（水）,雨,自動車類合計計,923,1018,903,968,1040,995,998,1032,949,1021,987,987,11821,-,,
４０６００調布市深大寺北町６－５９,４０２３,主要地方道調布田無線（都道１２号）,三鷹３・２・６,武蔵境通り,１０月２０日（水）,雨,二輪車類,87,90,56,50,61,55,54,47,51,59,74,81,765,,,
４０６００調布市深大寺北町６－５９,４０２３,主要地方道調布田無線（都道１２号）,三鷹３・２・６,武蔵境通り,１０月２０日（水）,雨,自転車類,226,309,158,140,191,159,109,155,165,204,230,227,2273,,,
４０６００調布市深大寺北町６－５９,４０２３,主要地方道調布田無線（都道１２号）,三鷹３・２・６,武蔵境通り,１０月２０日（水）,雨,歩行者類,69,96,75,92,111,66,87,69,81,108,97,89,1040,,,
