﻿観測地点,Ｈ１７区間番号,路線名,都市計画路線名,通称道路名,調査日,天候,ピーク時間交通量（台／ｈ）,ピーク率（％）,混雑時平均旅行速度（ｋｍ／ｈ）,大型車台数（台／１２ｈ）,混入率（％）,混雑度,昼夜率,車線数,５８年度（台／１２ｈ）,６０年度（台／１２ｈ）,６３年度（台／１２ｈ）,２年度（台／１２ｈ）,６年度（台／１２ｈ）,９年度（台／１２ｈ）,１１年度（台／１２ｈ）,１７年度（台／１２ｈ）,２２年度（台／１２ｈ）
６２２１０八丈島八丈町末吉洞輪沢,６０８９,一般都道汐間洞輪沢港線（都道２１７号）,－,－,１１月８日（月）,曇,37,11.9,32.5,62,20.0,0.28,-,1,227,298,294,252,219,300,320,241,310
,,,,,,,,,,,,,,,,,,,,,,,
観測地点,Ｈ１７区間番号,路線名,都市計画路線名,通称道路名,調査日,天候,時間・種別,７～８,８～９,９～１０,１０～１１,１１～１２,１２～１３,１３～１４,１４～１５,１５～１６,１６～１７,１７～１８,１８～１９,１２ｈ計,２４ｈ計,,
６２２１０八丈島八丈町末吉洞輪沢,６０８９,一般都道汐間洞輪沢港線（都道２１７号）,－,－,１１月８日（月）,曇,自動車類上り大型車,3,3,2,2,3,0,4,2,5,5,0,1,30,-,,
６２２１０八丈島八丈町末吉洞輪沢,６０８９,一般都道汐間洞輪沢港線（都道２１７号）,－,－,１１月８日（月）,曇,自動車類上り小型車,9,13,14,10,9,10,9,10,13,8,13,3,121,-,,
６２２１０八丈島八丈町末吉洞輪沢,６０８９,一般都道汐間洞輪沢港線（都道２１７号）,－,－,１１月８日（月）,曇,自動車類上り計,12,16,16,12,12,10,13,12,18,13,13,4,151,-,,
６２２１０八丈島八丈町末吉洞輪沢,６０８９,一般都道汐間洞輪沢港線（都道２１７号）,－,－,１１月８日（月）,曇,自動車類下り大型車,1,3,3,2,4,3,2,3,4,4,2,1,32,-,,
６２２１０八丈島八丈町末吉洞輪沢,６０８９,一般都道汐間洞輪沢港線（都道２１７号）,－,－,１１月８日（月）,曇,自動車類下り小型車,10,13,18,15,9,18,6,9,9,3,15,2,127,-,,
６２２１０八丈島八丈町末吉洞輪沢,６０８９,一般都道汐間洞輪沢港線（都道２１７号）,－,－,１１月８日（月）,曇,自動車類下り計,11,16,21,17,13,21,8,12,13,7,17,3,159,-,,
６２２１０八丈島八丈町末吉洞輪沢,６０８９,一般都道汐間洞輪沢港線（都道２１７号）,－,－,１１月８日（月）,曇,自動車類合計大型車,4,6,5,4,7,3,6,5,9,9,2,2,62,-,,
６２２１０八丈島八丈町末吉洞輪沢,６０８９,一般都道汐間洞輪沢港線（都道２１７号）,－,－,１１月８日（月）,曇,自動車類合計小型車,19,26,32,25,18,28,15,19,22,11,28,5,248,-,,
６２２１０八丈島八丈町末吉洞輪沢,６０８９,一般都道汐間洞輪沢港線（都道２１７号）,－,－,１１月８日（月）,曇,自動車類合計計,23,32,37,29,25,31,21,24,31,20,30,7,310,-,,
６２２１０八丈島八丈町末吉洞輪沢,６０８９,一般都道汐間洞輪沢港線（都道２１７号）,－,－,１１月８日（月）,曇,二輪車類,0,0,2,0,0,0,0,0,0,0,0,0,2,,,
６２２１０八丈島八丈町末吉洞輪沢,６０８９,一般都道汐間洞輪沢港線（都道２１７号）,－,－,１１月８日（月）,曇,自転車類,0,0,0,0,0,0,0,0,0,0,0,0,0,,,
６２２１０八丈島八丈町末吉洞輪沢,６０８９,一般都道汐間洞輪沢港線（都道２１７号）,－,－,１１月８日（月）,曇,歩行者類,1,0,0,0,0,0,0,0,0,0,0,0,1,,,
