﻿観測地点,Ｈ１７区間番号,路線名,都市計画路線名,通称道路名,調査日,天候,ピーク時間交通量（台／ｈ）,ピーク率（％）,混雑時平均旅行速度（ｋｍ／ｈ）,大型車台数（台／１２ｈ）,混入率（％）,混雑度,昼夜率,車線数,５８年度（台／１２ｈ）,６０年度（台／１２ｈ）,６３年度（台／１２ｈ）,２年度（台／１２ｈ）,６年度（台／１２ｈ）,９年度（台／１２ｈ）,１１年度（台／１２ｈ）,１７年度（台／１２ｈ）,２２年度（台／１２ｈ）
４１４６０羽村市羽西３－８,１４０５０,主要地方道立川青梅線（都道２９号）,－,奥多摩街道,１０月２８日（木）,雨,777,9.8,22.1,928,11.7,0.93,-,2,8427,8165,8391,8641,8991,8770,8432,6816,7942
,,,,,,,,,,,,,,,,,,,,,,,
観測地点,Ｈ１７区間番号,路線名,都市計画路線名,通称道路名,調査日,天候,時間・種別,７～８,８～９,９～１０,１０～１１,１１～１２,１２～１３,１３～１４,１４～１５,１５～１６,１６～１７,１７～１８,１８～１９,１２ｈ計,２４ｈ計,,
４１４６０羽村市羽西３－８,１４０５０,主要地方道立川青梅線（都道２９号）,－,奥多摩街道,１０月２８日（木）,雨,自動車類上り大型車,23,24,66,50,64,35,40,38,38,19,10,9,416,-,,
４１４６０羽村市羽西３－８,１４０５０,主要地方道立川青梅線（都道２９号）,－,奥多摩街道,１０月２８日（木）,雨,自動車類上り小型車,429,330,272,294,263,239,246,256,285,269,323,251,3457,-,,
４１４６０羽村市羽西３－８,１４０５０,主要地方道立川青梅線（都道２９号）,－,奥多摩街道,１０月２８日（木）,雨,自動車類上り計,452,354,338,344,327,274,286,294,323,288,333,260,3873,-,,
４１４６０羽村市羽西３－８,１４０５０,主要地方道立川青梅線（都道２９号）,－,奥多摩街道,１０月２８日（木）,雨,自動車類下り大型車,33,40,93,71,68,46,36,49,37,22,11,6,512,-,,
４１４６０羽村市羽西３－８,１４０５０,主要地方道立川青梅線（都道２９号）,－,奥多摩街道,１０月２８日（木）,雨,自動車類下り小型車,292,369,321,253,247,239,237,258,290,291,372,388,3557,-,,
４１４６０羽村市羽西３－８,１４０５０,主要地方道立川青梅線（都道２９号）,－,奥多摩街道,１０月２８日（木）,雨,自動車類下り計,325,409,414,324,315,285,273,307,327,313,383,394,4069,-,,
４１４６０羽村市羽西３－８,１４０５０,主要地方道立川青梅線（都道２９号）,－,奥多摩街道,１０月２８日（木）,雨,自動車類合計大型車,56,64,159,121,132,81,76,87,75,41,21,15,928,-,,
４１４６０羽村市羽西３－８,１４０５０,主要地方道立川青梅線（都道２９号）,－,奥多摩街道,１０月２８日（木）,雨,自動車類合計小型車,721,699,593,547,510,478,483,514,575,560,695,639,7014,-,,
４１４６０羽村市羽西３－８,１４０５０,主要地方道立川青梅線（都道２９号）,－,奥多摩街道,１０月２８日（木）,雨,自動車類合計計,777,763,752,668,642,559,559,601,650,601,716,654,7942,-,,
４１４６０羽村市羽西３－８,１４０５０,主要地方道立川青梅線（都道２９号）,－,奥多摩街道,１０月２８日（木）,雨,二輪車類,-,-,-,-,-,-,-,-,-,-,-,-,-,,,
４１４６０羽村市羽西３－８,１４０５０,主要地方道立川青梅線（都道２９号）,－,奥多摩街道,１０月２８日（木）,雨,自転車類,-,-,-,-,-,-,-,-,-,-,-,-,-,,,
４１４６０羽村市羽西３－８,１４０５０,主要地方道立川青梅線（都道２９号）,－,奥多摩街道,１０月２８日（木）,雨,歩行者類,-,-,-,-,-,-,-,-,-,-,-,-,-,,,
