﻿観測地点,Ｈ１７区間番号,路線名,都市計画路線名,通称道路名,調査日,天候,ピーク時間交通量（台／ｈ）,ピーク率（％）,混雑時平均旅行速度（ｋｍ／ｈ）,大型車台数（台／１２ｈ）,混入率（％）,混雑度,昼夜率,車線数,５８年度（台／１２ｈ）,６０年度（台／１２ｈ）,６３年度（台／１２ｈ）,２年度（台／１２ｈ）,６年度（台／１２ｈ）,９年度（台／１２ｈ）,１１年度（台／１２ｈ）,１７年度（台／１２ｈ）,２２年度（台／１２ｈ）
４１９２０町田市相原町,４０７４,主要地方道八王子町田線（都道４７号）,町田３・４・４６,町田街道,１０月２１日（木）,雨,1001,10.8,33.8,2323,25.1,1.44,-,2,6010,5601,5968,5701,6608,6429,6971,6791,9254
,,,,,,,,,,,,,,,,,,,,,,,
観測地点,Ｈ１７区間番号,路線名,都市計画路線名,通称道路名,調査日,天候,時間・種別,７～８,８～９,９～１０,１０～１１,１１～１２,１２～１３,１３～１４,１４～１５,１５～１６,１６～１７,１７～１８,１８～１９,１２ｈ計,２４ｈ計,,
４１９２０町田市相原町,４０７４,主要地方道八王子町田線（都道４７号）,町田３・４・４６,町田街道,１０月２１日（木）,雨,自動車類上り大型車,102,119,130,144,152,120,100,97,110,85,42,25,1226,-,,
４１９２０町田市相原町,４０７４,主要地方道八王子町田線（都道４７号）,町田３・４・４６,町田街道,１０月２１日（木）,雨,自動車類上り小型車,454,473,256,253,292,224,231,199,223,249,287,281,3422,-,,
４１９２０町田市相原町,４０７４,主要地方道八王子町田線（都道４７号）,町田３・４・４６,町田街道,１０月２１日（木）,雨,自動車類上り計,556,592,386,397,444,344,331,296,333,334,329,306,4648,-,,
４１９２０町田市相原町,４０７４,主要地方道八王子町田線（都道４７号）,町田３・４・４６,町田街道,１０月２１日（木）,雨,自動車類下り大型車,62,103,129,113,142,90,108,103,106,71,45,25,1097,-,,
４１９２０町田市相原町,４０７４,主要地方道八王子町田線（都道４７号）,町田３・４・４６,町田街道,１０月２１日（木）,雨,自動車類下り小型車,383,273,242,247,248,251,250,254,258,333,403,367,3509,-,,
４１９２０町田市相原町,４０７４,主要地方道八王子町田線（都道４７号）,町田３・４・４６,町田街道,１０月２１日（木）,雨,自動車類下り計,445,376,371,360,390,341,358,357,364,404,448,392,4606,-,,
４１９２０町田市相原町,４０７４,主要地方道八王子町田線（都道４７号）,町田３・４・４６,町田街道,１０月２１日（木）,雨,自動車類合計大型車,164,222,259,257,294,210,208,200,216,156,87,50,2323,-,,
４１９２０町田市相原町,４０７４,主要地方道八王子町田線（都道４７号）,町田３・４・４６,町田街道,１０月２１日（木）,雨,自動車類合計小型車,837,746,498,500,540,475,481,453,481,582,690,648,6931,-,,
４１９２０町田市相原町,４０７４,主要地方道八王子町田線（都道４７号）,町田３・４・４６,町田街道,１０月２１日（木）,雨,自動車類合計計,1001,968,757,757,834,685,689,653,697,738,777,698,9254,-,,
４１９２０町田市相原町,４０７４,主要地方道八王子町田線（都道４７号）,町田３・４・４６,町田街道,１０月２１日（木）,雨,二輪車類,-,-,-,-,-,-,-,-,-,-,-,-,-,,,
４１９２０町田市相原町,４０７４,主要地方道八王子町田線（都道４７号）,町田３・４・４６,町田街道,１０月２１日（木）,雨,自転車類,7,9,5,11,4,4,3,0,5,6,8,4,66,,,
４１９２０町田市相原町,４０７４,主要地方道八王子町田線（都道４７号）,町田３・４・４６,町田街道,１０月２１日（木）,雨,歩行者類,3,2,8,1,2,5,4,2,5,14,17,6,69,,,
