﻿観測地点,Ｈ１７区間番号,路線名,都市計画路線名,通称道路名,調査日,天候,ピーク時間交通量（台／ｈ）,ピーク率（％）,混雑時平均旅行速度（ｋｍ／ｈ）,大型車台数（台／１２ｈ）,混入率（％）,混雑度,昼夜率,車線数,５８年度（台／１２ｈ）,６０年度（台／１２ｈ）,６３年度（台／１２ｈ）,２年度（台／１２ｈ）,６年度（台／１２ｈ）,９年度（台／１２ｈ）,１１年度（台／１２ｈ）,１７年度（台／１２ｈ）,２２年度（台／１２ｈ）
４１１６０八王子市大塚７７１,４０４５,主要地方道府中相模原線（都道２０号）,八王子３・４・８,野猿街道,１０月２１日（木）,雨,1533,9.3,25.9,2086,12.7,0.69,-,4,11668,10506,10336,12340,25300,16682,19679,18826,16465
,,,,,,,,,,,,,,,,,,,,,,,
観測地点,Ｈ１７区間番号,路線名,都市計画路線名,通称道路名,調査日,天候,時間・種別,７～８,８～９,９～１０,１０～１１,１１～１２,１２～１３,１３～１４,１４～１５,１５～１６,１６～１７,１７～１８,１８～１９,１２ｈ計,２４ｈ計,,
４１１６０八王子市大塚７７１,４０４５,主要地方道府中相模原線（都道２０号）,八王子３・４・８,野猿街道,１０月２１日（木）,雨,自動車類上り大型車,58,96,117,114,85,102,76,78,94,105,63,57,1045,-,,
４１１６０八王子市大塚７７１,４０４５,主要地方道府中相模原線（都道２０号）,八王子３・４・８,野猿街道,１０月２１日（木）,雨,自動車類上り小型車,705,677,509,463,525,538,538,614,605,648,677,635,7134,-,,
４１１６０八王子市大塚７７１,４０４５,主要地方道府中相模原線（都道２０号）,八王子３・４・８,野猿街道,１０月２１日（木）,雨,自動車類上り計,763,773,626,577,610,640,614,692,699,753,740,692,8179,-,,
４１１６０八王子市大塚７７１,４０４５,主要地方道府中相模原線（都道２０号）,八王子３・４・８,野猿街道,１０月２１日（木）,雨,自動車類下り大型車,86,88,86,87,97,86,105,107,95,73,64,67,1041,-,,
４１１６０八王子市大塚７７１,４０４５,主要地方道府中相模原線（都道２０号）,八王子３・４・８,野猿街道,１０月２１日（木）,雨,自動車類下り小型車,551,637,597,560,548,588,528,556,586,657,729,708,7245,-,,
４１１６０八王子市大塚７７１,４０４５,主要地方道府中相模原線（都道２０号）,八王子３・４・８,野猿街道,１０月２１日（木）,雨,自動車類下り計,637,725,683,647,645,674,633,663,681,730,793,775,8286,-,,
４１１６０八王子市大塚７７１,４０４５,主要地方道府中相模原線（都道２０号）,八王子３・４・８,野猿街道,１０月２１日（木）,雨,自動車類合計大型車,144,184,203,201,182,188,181,185,189,178,127,124,2086,-,,
４１１６０八王子市大塚７７１,４０４５,主要地方道府中相模原線（都道２０号）,八王子３・４・８,野猿街道,１０月２１日（木）,雨,自動車類合計小型車,1256,1314,1106,1023,1073,1126,1066,1170,1191,1305,1406,1343,14379,-,,
４１１６０八王子市大塚７７１,４０４５,主要地方道府中相模原線（都道２０号）,八王子３・４・８,野猿街道,１０月２１日（木）,雨,自動車類合計計,1400,1498,1309,1224,1255,1314,1247,1355,1380,1483,1533,1467,16465,-,,
４１１６０八王子市大塚７７１,４０４５,主要地方道府中相模原線（都道２０号）,八王子３・４・８,野猿街道,１０月２１日（木）,雨,二輪車類,59,89,69,78,84,87,79,87,78,83,83,78,954,,,
４１１６０八王子市大塚７７１,４０４５,主要地方道府中相模原線（都道２０号）,八王子３・４・８,野猿街道,１０月２１日（木）,雨,自転車類,22,57,25,35,22,31,27,51,50,76,72,69,537,,,
４１１６０八王子市大塚７７１,４０４５,主要地方道府中相模原線（都道２０号）,八王子３・４・８,野猿街道,１０月２１日（木）,雨,歩行者類,44,49,33,42,51,62,29,43,30,79,94,120,676,,,
