﻿観測地点,Ｈ１７区間番号,路線名,都市計画路線名,通称道路名,調査日,天候,ピーク時間交通量（台／ｈ）,ピーク率（％）,混雑時平均旅行速度（ｋｍ／ｈ）,大型車台数（台／１２ｈ）,混入率（％）,混雑度,昼夜率,車線数,５８年度（台／１２ｈ）,６０年度（台／１２ｈ）,６３年度（台／１２ｈ）,２年度（台／１２ｈ）,６年度（台／１２ｈ）,９年度（台／１２ｈ）,１１年度（台／１２ｈ）,１７年度（台／１２ｈ）,２２年度（台／１２ｈ）
６１７３０青梅市御岳１－８８,６０６４,一般都道十里木御嶽停車場線（都道２０１号）,－,（御岳橋）,１０月２６日（火）,曇,95,9.9,13.6,147,15.4,0.22,-,2,1629,1515,1197,1516,1419,1272,1228,1088,957
,,,,,,,,,,,,,,,,,,,,,,,
観測地点,Ｈ１７区間番号,路線名,都市計画路線名,通称道路名,調査日,天候,時間・種別,７～８,８～９,９～１０,１０～１１,１１～１２,１２～１３,１３～１４,１４～１５,１５～１６,１６～１７,１７～１８,１８～１９,１２ｈ計,２４ｈ計,,
６１７３０青梅市御岳１－８８,６０６４,一般都道十里木御嶽停車場線（都道２０１号）,－,（御岳橋）,１０月２６日（火）,曇,自動車類上り大型車,3,6,7,8,7,5,8,8,5,3,4,2,66,-,,
６１７３０青梅市御岳１－８８,６０６４,一般都道十里木御嶽停車場線（都道２０１号）,－,（御岳橋）,１０月２６日（火）,曇,自動車類上り小型車,38,43,36,30,37,34,32,28,28,37,30,21,394,-,,
６１７３０青梅市御岳１－８８,６０６４,一般都道十里木御嶽停車場線（都道２０１号）,－,（御岳橋）,１０月２６日（火）,曇,自動車類上り計,41,49,43,38,44,39,40,36,33,40,34,23,460,-,,
６１７３０青梅市御岳１－８８,６０６４,一般都道十里木御嶽停車場線（都道２０１号）,－,（御岳橋）,１０月２６日（火）,曇,自動車類下り大型車,10,6,9,12,7,5,7,8,6,6,4,1,81,-,,
６１７３０青梅市御岳１－８８,６０６４,一般都道十里木御嶽停車場線（都道２０１号）,－,（御岳橋）,１０月２６日（火）,曇,自動車類下り小型車,32,38,39,45,32,27,35,36,37,37,36,22,416,-,,
６１７３０青梅市御岳１－８８,６０６４,一般都道十里木御嶽停車場線（都道２０１号）,－,（御岳橋）,１０月２６日（火）,曇,自動車類下り計,42,44,48,57,39,32,42,44,43,43,40,23,497,-,,
６１７３０青梅市御岳１－８８,６０６４,一般都道十里木御嶽停車場線（都道２０１号）,－,（御岳橋）,１０月２６日（火）,曇,自動車類合計大型車,13,12,16,20,14,10,15,16,11,9,8,3,147,-,,
６１７３０青梅市御岳１－８８,６０６４,一般都道十里木御嶽停車場線（都道２０１号）,－,（御岳橋）,１０月２６日（火）,曇,自動車類合計小型車,70,81,75,75,69,61,67,64,65,74,66,43,810,-,,
６１７３０青梅市御岳１－８８,６０６４,一般都道十里木御嶽停車場線（都道２０１号）,－,（御岳橋）,１０月２６日（火）,曇,自動車類合計計,83,93,91,95,83,71,82,80,76,83,74,46,957,-,,
６１７３０青梅市御岳１－８８,６０６４,一般都道十里木御嶽停車場線（都道２０１号）,－,（御岳橋）,１０月２６日（火）,曇,二輪車類,5,4,1,4,2,4,7,0,4,5,1,1,38,,,
６１７３０青梅市御岳１－８８,６０６４,一般都道十里木御嶽停車場線（都道２０１号）,－,（御岳橋）,１０月２６日（火）,曇,自転車類,0,0,0,0,0,0,0,1,0,1,0,0,2,,,
６１７３０青梅市御岳１－８８,６０６４,一般都道十里木御嶽停車場線（都道２０１号）,－,（御岳橋）,１０月２６日（火）,曇,歩行者類,6,8,11,8,5,6,9,10,3,9,4,10,89,,,
