﻿観測地点,Ｈ１７区間番号,路線名,都市計画路線名,通称道路名,調査日,天候,ピーク時間交通量（台／ｈ）,ピーク率（％）,混雑時平均旅行速度（ｋｍ／ｈ）,大型車台数（台／１２ｈ）,混入率（％）,混雑度,昼夜率,車線数,５８年度（台／１２ｈ）,６０年度（台／１２ｈ）,６３年度（台／１２ｈ）,２年度（台／１２ｈ）,６年度（台／１２ｈ）,９年度（台／１２ｈ）,１１年度（台／１２ｈ）,１７年度（台／１２ｈ）,２２年度（台／１２ｈ）
６１８００西多摩郡檜原村小沢,６０６７,一般都道水根本宿線（都道２０５号）,－,－,１０月２８日（木）,雨,82,13.1,33.9,68,10.9,0.11,-,2,637,732,604,736,810,1015,-,1059,625
,,,,,,,,,,,,,,,,,,,,,,,
観測地点,Ｈ１７区間番号,路線名,都市計画路線名,通称道路名,調査日,天候,時間・種別,７～８,８～９,９～１０,１０～１１,１１～１２,１２～１３,１３～１４,１４～１５,１５～１６,１６～１７,１７～１８,１８～１９,１２ｈ計,２４ｈ計,,
６１８００西多摩郡檜原村小沢,６０６７,一般都道水根本宿線（都道２０５号）,－,－,１０月２８日（木）,雨,自動車類上り大型車,5,4,3,0,2,2,7,5,2,1,0,1,32,-,,
６１８００西多摩郡檜原村小沢,６０６７,一般都道水根本宿線（都道２０５号）,－,－,１０月２８日（木）,雨,自動車類上り小型車,23,33,18,22,15,17,23,16,23,20,26,22,258,-,,
６１８００西多摩郡檜原村小沢,６０６７,一般都道水根本宿線（都道２０５号）,－,－,１０月２８日（木）,雨,自動車類上り計,28,37,21,22,17,19,30,21,25,21,26,23,290,-,,
６１８００西多摩郡檜原村小沢,６０６７,一般都道水根本宿線（都道２０５号）,－,－,１０月２８日（木）,雨,自動車類下り大型車,2,4,3,4,2,3,4,7,3,2,1,1,36,-,,
６１８００西多摩郡檜原村小沢,６０６７,一般都道水根本宿線（都道２０５号）,－,－,１０月２８日（木）,雨,自動車類下り小型車,52,39,39,20,18,19,23,19,18,18,20,14,299,-,,
６１８００西多摩郡檜原村小沢,６０６７,一般都道水根本宿線（都道２０５号）,－,－,１０月２８日（木）,雨,自動車類下り計,54,43,42,24,20,22,27,26,21,20,21,15,335,-,,
６１８００西多摩郡檜原村小沢,６０６７,一般都道水根本宿線（都道２０５号）,－,－,１０月２８日（木）,雨,自動車類合計大型車,7,8,6,4,4,5,11,12,5,3,1,2,68,-,,
６１８００西多摩郡檜原村小沢,６０６７,一般都道水根本宿線（都道２０５号）,－,－,１０月２８日（木）,雨,自動車類合計小型車,75,72,57,42,33,36,46,35,41,38,46,36,557,-,,
６１８００西多摩郡檜原村小沢,６０６７,一般都道水根本宿線（都道２０５号）,－,－,１０月２８日（木）,雨,自動車類合計計,82,80,63,46,37,41,57,47,46,41,47,38,625,-,,
６１８００西多摩郡檜原村小沢,６０６７,一般都道水根本宿線（都道２０５号）,－,－,１０月２８日（木）,雨,二輪車類,0,0,0,0,2,1,2,0,0,2,0,0,7,,,
６１８００西多摩郡檜原村小沢,６０６７,一般都道水根本宿線（都道２０５号）,－,－,１０月２８日（木）,雨,自転車類,0,0,0,0,0,0,0,0,0,0,0,1,1,,,
６１８００西多摩郡檜原村小沢,６０６７,一般都道水根本宿線（都道２０５号）,－,－,１０月２８日（木）,雨,歩行者類,6,9,5,2,7,0,3,4,7,8,5,2,58,,,
