﻿観測地点,Ｈ１７区間番号,路線名,都市計画路線名,通称道路名,調査日,天候,ピーク時間交通量（台／ｈ）,ピーク率（％）,混雑時平均旅行速度（ｋｍ／ｈ）,大型車台数（台／１２ｈ）,混入率（％）,混雑度,昼夜率,車線数,５８年度（台／１２ｈ）,６０年度（台／１２ｈ）,６３年度（台／１２ｈ）,２年度（台／１２ｈ）,６年度（台／１２ｈ）,９年度（台／１２ｈ）,１１年度（台／１２ｈ）,１７年度（台／１２ｈ）,２２年度（台／１２ｈ）
１０３９０八王子ＪＣＴ～八王子西,０,一般国道４６８号（圏央道）,八王子１・３・１,（圏央道）,１１月１０日（水）,晴,1984,10.6,77.3,4830,25.9,0.35,1.42,4,-,-,-,-,-,-,-,-,18648
,,,,,,,,,,,,,,,,,,,,,,,
観測地点,Ｈ１７区間番号,路線名,都市計画路線名,通称道路名,調査日,天候,時間・種別,７～８,８～９,９～１０,１０～１１,１１～１２,１２～１３,１３～１４,１４～１５,１５～１６,１６～１７,１７～１８,１８～１９,１２ｈ計,２４ｈ計,,
１０３９０八王子ＪＣＴ～八王子西,０,一般国道４６８号（圏央道）,八王子１・３・１,（圏央道）,１１月１０日（水）,晴,自動車類上り大型車,157,199,235,241,240,242,204,176,191,195,224,232,2536,4393,,
１０３９０八王子ＪＣＴ～八王子西,０,一般国道４６８号（圏央道）,八王子１・３・１,（圏央道）,１１月１０日（水）,晴,自動車類上り小型車,598,687,702,664,469,424,409,476,534,616,674,541,6794,8692,,
１０３９０八王子ＪＣＴ～八王子西,０,一般国道４６８号（圏央道）,八王子１・３・１,（圏央道）,１１月１０日（水）,晴,自動車類上り計,755,886,937,905,709,666,613,652,725,811,898,773,9330,13085,,
１０３９０八王子ＪＣＴ～八王子西,０,一般国道４６８号（圏央道）,八王子１・３・１,（圏央道）,１１月１０日（水）,晴,自動車類下り大型車,215,216,249,231,218,178,146,169,159,179,186,148,2294,4652,,
１０３９０八王子ＪＣＴ～八王子西,０,一般国道４６８号（圏央道）,八王子１・３・１,（圏央道）,１１月１０日（水）,晴,自動車類下り小型車,513,581,528,483,470,404,408,552,710,775,900,700,7024,8753,,
１０３９０八王子ＪＣＴ～八王子西,０,一般国道４６８号（圏央道）,八王子１・３・１,（圏央道）,１１月１０日（水）,晴,自動車類下り計,728,797,777,714,688,582,554,721,869,954,1086,848,9318,13405,,
１０３９０八王子ＪＣＴ～八王子西,０,一般国道４６８号（圏央道）,八王子１・３・１,（圏央道）,１１月１０日（水）,晴,自動車類合計大型車,372,415,484,472,458,420,350,345,350,374,410,380,4830,9045,,
１０３９０八王子ＪＣＴ～八王子西,０,一般国道４６８号（圏央道）,八王子１・３・１,（圏央道）,１１月１０日（水）,晴,自動車類合計小型車,1111,1268,1230,1147,939,828,817,1028,1244,1391,1574,1241,13818,17445,,
１０３９０八王子ＪＣＴ～八王子西,０,一般国道４６８号（圏央道）,八王子１・３・１,（圏央道）,１１月１０日（水）,晴,自動車類合計計,1483,1683,1714,1619,1397,1248,1167,1373,1594,1765,1984,1621,18648,26490,,
１０３９０八王子ＪＣＴ～八王子西,０,一般国道４６８号（圏央道）,八王子１・３・１,（圏央道）,１１月１０日（水）,晴,二輪車類,4,9,8,19,25,11,10,13,28,14,11,6,158,,,
１０３９０八王子ＪＣＴ～八王子西,０,一般国道４６８号（圏央道）,八王子１・３・１,（圏央道）,１１月１０日（水）,晴,自転車類,-,-,-,-,-,-,-,-,-,-,-,-,-,,,
１０３９０八王子ＪＣＴ～八王子西,０,一般国道４６８号（圏央道）,八王子１・３・１,（圏央道）,１１月１０日（水）,晴,歩行者類,-,-,-,-,-,-,-,-,-,-,-,-,-,,,
