﻿観測地点,Ｈ１７区間番号,路線名,都市計画路線名,通称道路名,調査日,天候,ピーク時間交通量（台／ｈ）,ピーク率（％）,混雑時平均旅行速度（ｋｍ／ｈ）,大型車台数（台／１２ｈ）,混入率（％）,混雑度,昼夜率,車線数,５８年度（台／１２ｈ）,６０年度（台／１２ｈ）,６３年度（台／１２ｈ）,２年度（台／１２ｈ）,６年度（台／１２ｈ）,９年度（台／１２ｈ）,１１年度（台／１２ｈ）,１７年度（台／１２ｈ）,２２年度（台／１２ｈ）
４０３２０小平市御幸町,４０１５,主要地方道杉並あきる野線（都道７号）,小金井３・１・６,五日市街道,１０月２０日（水）,雨,675,9.6,13.8,797,11.4,0.92,-,2,8873,7991,7586,6564,7513,7517,7510,6452,6996
,,,,,,,,,,,,,,,,,,,,,,,
観測地点,Ｈ１７区間番号,路線名,都市計画路線名,通称道路名,調査日,天候,時間・種別,７～８,８～９,９～１０,１０～１１,１１～１２,１２～１３,１３～１４,１４～１５,１５～１６,１６～１７,１７～１８,１８～１９,１２ｈ計,２４ｈ計,,
４０３２０小平市御幸町,４０１５,主要地方道杉並あきる野線（都道７号）,小金井３・１・６,五日市街道,１０月２０日（水）,雨,自動車類上り大型車,67,58,54,31,38,21,42,23,23,32,22,22,433,-,,
４０３２０小平市御幸町,４０１５,主要地方道杉並あきる野線（都道７号）,小金井３・１・６,五日市街道,１０月２０日（水）,雨,自動車類上り小型車,292,276,301,246,263,296,310,242,278,300,269,261,3334,-,,
４０３２０小平市御幸町,４０１５,主要地方道杉並あきる野線（都道７号）,小金井３・１・６,五日市街道,１０月２０日（水）,雨,自動車類上り計,359,334,355,277,301,317,352,265,301,332,291,283,3767,-,,
４０３２０小平市御幸町,４０１５,主要地方道杉並あきる野線（都道７号）,小金井３・１・６,五日市街道,１０月２０日（水）,雨,自動車類下り大型車,32,40,39,44,35,41,36,30,20,18,15,14,364,-,,
４０３２０小平市御幸町,４０１５,主要地方道杉並あきる野線（都道７号）,小金井３・１・６,五日市街道,１０月２０日（水）,雨,自動車類下り小型車,220,227,222,285,229,294,287,239,240,254,195,173,2865,-,,
４０３２０小平市御幸町,４０１５,主要地方道杉並あきる野線（都道７号）,小金井３・１・６,五日市街道,１０月２０日（水）,雨,自動車類下り計,252,267,261,329,264,335,323,269,260,272,210,187,3229,-,,
４０３２０小平市御幸町,４０１５,主要地方道杉並あきる野線（都道７号）,小金井３・１・６,五日市街道,１０月２０日（水）,雨,自動車類合計大型車,99,98,93,75,73,62,78,53,43,50,37,36,797,-,,
４０３２０小平市御幸町,４０１５,主要地方道杉並あきる野線（都道７号）,小金井３・１・６,五日市街道,１０月２０日（水）,雨,自動車類合計小型車,512,503,523,531,492,590,597,481,518,554,464,434,6199,-,,
４０３２０小平市御幸町,４０１５,主要地方道杉並あきる野線（都道７号）,小金井３・１・６,五日市街道,１０月２０日（水）,雨,自動車類合計計,611,601,616,606,565,652,675,534,561,604,501,470,6996,-,,
４０３２０小平市御幸町,４０１５,主要地方道杉並あきる野線（都道７号）,小金井３・１・６,五日市街道,１０月２０日（水）,雨,二輪車類,-,-,-,-,-,-,-,-,-,-,-,-,-,,,
４０３２０小平市御幸町,４０１５,主要地方道杉並あきる野線（都道７号）,小金井３・１・６,五日市街道,１０月２０日（水）,雨,自転車類,64,76,81,67,58,48,55,48,48,48,71,60,724,,,
４０３２０小平市御幸町,４０１５,主要地方道杉並あきる野線（都道７号）,小金井３・１・６,五日市街道,１０月２０日（水）,雨,歩行者類,70,53,46,37,44,27,21,26,34,29,26,37,450,,,
