﻿観測地点,Ｈ１７区間番号,路線名,都市計画路線名,通称道路名,調査日,天候,ピーク時間交通量（台／ｈ）,ピーク率（％）,混雑時平均旅行速度（ｋｍ／ｈ）,大型車台数（台／１２ｈ）,混入率（％）,混雑度,昼夜率,車線数,５８年度（台／１２ｈ）,６０年度（台／１２ｈ）,６３年度（台／１２ｈ）,２年度（台／１２ｈ）,６年度（台／１２ｈ）,９年度（台／１２ｈ）,１１年度（台／１２ｈ）,１７年度（台／１２ｈ）,２２年度（台／１２ｈ）
６１９３０大島町岡田,６０７４,一般都道川の道岡田港線（都道２０９号）,－,－,１１月１６日（火）,曇,264,17.8,11.1,152,10.2,0.28,-,2,1312,1979,1443,595,1457,1675,1671,883,1487
,,,,,,,,,,,,,,,,,,,,,,,
観測地点,Ｈ１７区間番号,路線名,都市計画路線名,通称道路名,調査日,天候,時間・種別,７～８,８～９,９～１０,１０～１１,１１～１２,１２～１３,１３～１４,１４～１５,１５～１６,１６～１７,１７～１８,１８～１９,１２ｈ計,２４ｈ計,,
６１９３０大島町岡田,６０７４,一般都道川の道岡田港線（都道２０９号）,－,－,１１月１６日（火）,曇,自動車類上り大型車,2,3,7,18,8,6,5,13,5,5,1,2,75,-,,
６１９３０大島町岡田,６０７４,一般都道川の道岡田港線（都道２０９号）,－,－,１１月１６日（火）,曇,自動車類上り小型車,36,35,39,114,42,35,33,100,55,38,32,17,576,-,,
６１９３０大島町岡田,６０７４,一般都道川の道岡田港線（都道２０９号）,－,－,１１月１６日（火）,曇,自動車類上り計,38,38,46,132,50,41,38,113,60,43,33,19,651,-,,
６１９３０大島町岡田,６０７４,一般都道川の道岡田港線（都道２０９号）,－,－,１１月１６日（火）,曇,自動車類下り大型車,9,3,14,12,8,4,10,9,2,4,1,1,77,-,,
６１９３０大島町岡田,６０７４,一般都道川の道岡田港線（都道２０９号）,－,－,１１月１６日（火）,曇,自動車類下り小型車,41,35,87,120,50,48,71,115,60,45,60,27,759,-,,
６１９３０大島町岡田,６０７４,一般都道川の道岡田港線（都道２０９号）,－,－,１１月１６日（火）,曇,自動車類下り計,50,38,101,132,58,52,81,124,62,49,61,28,836,-,,
６１９３０大島町岡田,６０７４,一般都道川の道岡田港線（都道２０９号）,－,－,１１月１６日（火）,曇,自動車類合計大型車,11,6,21,30,16,10,15,22,7,9,2,3,152,-,,
６１９３０大島町岡田,６０７４,一般都道川の道岡田港線（都道２０９号）,－,－,１１月１６日（火）,曇,自動車類合計小型車,77,70,126,234,92,83,104,215,115,83,92,44,1335,-,,
６１９３０大島町岡田,６０７４,一般都道川の道岡田港線（都道２０９号）,－,－,１１月１６日（火）,曇,自動車類合計計,88,76,147,264,108,93,119,237,122,92,94,47,1487,-,,
６１９３０大島町岡田,６０７４,一般都道川の道岡田港線（都道２０９号）,－,－,１１月１６日（火）,曇,二輪車類,3,1,0,1,1,3,1,3,0,0,2,2,17,,,
６１９３０大島町岡田,６０７４,一般都道川の道岡田港線（都道２０９号）,－,－,１１月１６日（火）,曇,自転車類,2,0,1,1,0,1,0,0,0,0,0,0,5,,,
６１９３０大島町岡田,６０７４,一般都道川の道岡田港線（都道２０９号）,－,－,１１月１６日（火）,曇,歩行者類,5,1,6,3,0,0,0,0,3,3,1,0,22,,,
