﻿観測地点,Ｈ１７区間番号,路線名,都市計画路線名,通称道路名,調査日,天候,ピーク時間交通量（台／ｈ）,ピーク率（％）,混雑時平均旅行速度（ｋｍ／ｈ）,大型車台数（台／１２ｈ）,混入率（％）,混雑度,昼夜率,車線数,５８年度（台／１２ｈ）,６０年度（台／１２ｈ）,６３年度（台／１２ｈ）,２年度（台／１２ｈ）,６年度（台／１２ｈ）,９年度（台／１２ｈ）,１１年度（台／１２ｈ）,１７年度（台／１２ｈ）,２２年度（台／１２ｈ）
６２４７０新島村式根島野伏,６０９９,一般都道式根島循環線（都道２３７号）,－,式根本道,１１月８日（月）,晴,96,12.0,27.1,26,3.3,0.14,-,2,803,617,1015,719,839,862,748,857,797
,,,,,,,,,,,,,,,,,,,,,,,
観測地点,Ｈ１７区間番号,路線名,都市計画路線名,通称道路名,調査日,天候,時間・種別,７～８,８～９,９～１０,１０～１１,１１～１２,１２～１３,１３～１４,１４～１５,１５～１６,１６～１７,１７～１８,１８～１９,１２ｈ計,２４ｈ計,,
６２４７０新島村式根島野伏,６０９９,一般都道式根島循環線（都道２３７号）,－,式根本道,１１月８日（月）,晴,自動車類上り大型車,0,1,3,3,3,0,2,0,1,1,0,0,14,-,,
６２４７０新島村式根島野伏,６０９９,一般都道式根島循環線（都道２３７号）,－,式根本道,１１月８日（月）,晴,自動車類上り小型車,22,42,47,34,50,31,42,28,25,44,26,12,403,-,,
６２４７０新島村式根島野伏,６０９９,一般都道式根島循環線（都道２３７号）,－,式根本道,１１月８日（月）,晴,自動車類上り計,22,43,50,37,53,31,44,28,26,45,26,12,417,-,,
６２４７０新島村式根島野伏,６０９９,一般都道式根島循環線（都道２３７号）,－,式根本道,１１月８日（月）,晴,自動車類下り大型車,0,3,2,4,0,1,0,1,1,0,0,0,12,-,,
６２４７０新島村式根島野伏,６０９９,一般都道式根島循環線（都道２３７号）,－,式根本道,１１月８日（月）,晴,自動車類下り小型車,25,49,38,31,43,46,21,22,24,35,24,10,368,-,,
６２４７０新島村式根島野伏,６０９９,一般都道式根島循環線（都道２３７号）,－,式根本道,１１月８日（月）,晴,自動車類下り計,25,52,40,35,43,47,21,23,25,35,24,10,380,-,,
６２４７０新島村式根島野伏,６０９９,一般都道式根島循環線（都道２３７号）,－,式根本道,１１月８日（月）,晴,自動車類合計大型車,0,4,5,7,3,1,2,1,2,1,0,0,26,-,,
６２４７０新島村式根島野伏,６０９９,一般都道式根島循環線（都道２３７号）,－,式根本道,１１月８日（月）,晴,自動車類合計小型車,47,91,85,65,93,77,63,50,49,79,50,22,771,-,,
６２４７０新島村式根島野伏,６０９９,一般都道式根島循環線（都道２３７号）,－,式根本道,１１月８日（月）,晴,自動車類合計計,47,95,90,72,96,78,65,51,51,80,50,22,797,-,,
６２４７０新島村式根島野伏,６０９９,一般都道式根島循環線（都道２３７号）,－,式根本道,１１月８日（月）,晴,二輪車類,1,7,4,12,13,3,10,3,0,6,3,1,63,,,
６２４７０新島村式根島野伏,６０９９,一般都道式根島循環線（都道２３７号）,－,式根本道,１１月８日（月）,晴,自転車類,5,0,0,0,3,0,1,4,7,6,2,3,31,,,
６２４７０新島村式根島野伏,６０９９,一般都道式根島循環線（都道２３７号）,－,式根本道,１１月８日（月）,晴,歩行者類,12,5,35,30,4,9,27,44,1,11,7,5,190,,,
