﻿観測地点,Ｈ１７区間番号,路線名,都市計画路線名,通称道路名,調査日,天候,ピーク時間交通量（台／ｈ）,ピーク率（％）,混雑時平均旅行速度（ｋｍ／ｈ）,大型車台数（台／１２ｈ）,混入率（％）,混雑度,昼夜率,車線数,５８年度（台／１２ｈ）,６０年度（台／１２ｈ）,６３年度（台／１２ｈ）,２年度（台／１２ｈ）,６年度（台／１２ｈ）,９年度（台／１２ｈ）,１１年度（台／１２ｈ）,１７年度（台／１２ｈ）,２２年度（台／１２ｈ）
６１５９０青梅市二俣尾５－１４８３,６０５９,一般都道下畑軍畑線（都道１９３号）,－,－,１０月２６日（火）,曇,70,11.9,42.4,60,10.2,0.31,-,1,216,251,321,396,581,541,584,727,588
,,,,,,,,,,,,,,,,,,,,,,,
観測地点,Ｈ１７区間番号,路線名,都市計画路線名,通称道路名,調査日,天候,時間・種別,７～８,８～９,９～１０,１０～１１,１１～１２,１２～１３,１３～１４,１４～１５,１５～１６,１６～１７,１７～１８,１８～１９,１２ｈ計,２４ｈ計,,
６１５９０青梅市二俣尾５－１４８３,６０５９,一般都道下畑軍畑線（都道１９３号）,－,－,１０月２６日（火）,曇,自動車類上り大型車,1,1,3,2,1,2,4,2,5,2,3,0,26,-,,
６１５９０青梅市二俣尾５－１４８３,６０５９,一般都道下畑軍畑線（都道１９３号）,－,－,１０月２６日（火）,曇,自動車類上り小型車,39,32,22,20,23,12,16,21,20,24,32,20,281,-,,
６１５９０青梅市二俣尾５－１４８３,６０５９,一般都道下畑軍畑線（都道１９３号）,－,－,１０月２６日（火）,曇,自動車類上り計,40,33,25,22,24,14,20,23,25,26,35,20,307,-,,
６１５９０青梅市二俣尾５－１４８３,６０５９,一般都道下畑軍畑線（都道１９３号）,－,－,１０月２６日（火）,曇,自動車類下り大型車,3,2,4,1,3,1,4,2,2,6,6,0,34,-,,
６１５９０青梅市二俣尾５－１４８３,６０５９,一般都道下畑軍畑線（都道１９３号）,－,－,１０月２６日（火）,曇,自動車類下り小型車,27,22,19,20,28,19,17,21,12,25,24,13,247,-,,
６１５９０青梅市二俣尾５－１４８３,６０５９,一般都道下畑軍畑線（都道１９３号）,－,－,１０月２６日（火）,曇,自動車類下り計,30,24,23,21,31,20,21,23,14,31,30,13,281,-,,
６１５９０青梅市二俣尾５－１４８３,６０５９,一般都道下畑軍畑線（都道１９３号）,－,－,１０月２６日（火）,曇,自動車類合計大型車,4,3,7,3,4,3,8,4,7,8,9,0,60,-,,
６１５９０青梅市二俣尾５－１４８３,６０５９,一般都道下畑軍畑線（都道１９３号）,－,－,１０月２６日（火）,曇,自動車類合計小型車,66,54,41,40,51,31,33,42,32,49,56,33,528,-,,
６１５９０青梅市二俣尾５－１４８３,６０５９,一般都道下畑軍畑線（都道１９３号）,－,－,１０月２６日（火）,曇,自動車類合計計,70,57,48,43,55,34,41,46,39,57,65,33,588,-,,
６１５９０青梅市二俣尾５－１４８３,６０５９,一般都道下畑軍畑線（都道１９３号）,－,－,１０月２６日（火）,曇,二輪車類,2,2,0,0,1,2,1,3,5,0,1,0,17,,,
６１５９０青梅市二俣尾５－１４８３,６０５９,一般都道下畑軍畑線（都道１９３号）,－,－,１０月２６日（火）,曇,自転車類,0,0,0,0,0,0,0,0,0,0,0,0,0,,,
６１５９０青梅市二俣尾５－１４８３,６０５９,一般都道下畑軍畑線（都道１９３号）,－,－,１０月２６日（火）,曇,歩行者類,2,3,2,0,0,1,0,0,0,4,0,1,13,,,
