﻿観測地点,Ｈ１７区間番号,路線名,都市計画路線名,通称道路名,調査日,天候,ピーク時間交通量（台／ｈ）,ピーク率（％）,混雑時平均旅行速度（ｋｍ／ｈ）,大型車台数（台／１２ｈ）,混入率（％）,混雑度,昼夜率,車線数,５８年度（台／１２ｈ）,６０年度（台／１２ｈ）,６３年度（台／１２ｈ）,２年度（台／１２ｈ）,６年度（台／１２ｈ）,９年度（台／１２ｈ）,１１年度（台／１２ｈ）,１７年度（台／１２ｈ）,２２年度（台／１２ｈ）
６２１２０八丈島八丈町大賀郷展望台,６０８６,一般都道八丈循環線（都道２１５号）,－,－,１１月８日（月）,曇,318,11.2,42.5,471,16.6,0.54,-,2,1581,1981,2099,2178,2121,2761,2982,2573,2832
,,,,,,,,,,,,,,,,,,,,,,,
観測地点,Ｈ１７区間番号,路線名,都市計画路線名,通称道路名,調査日,天候,時間・種別,７～８,８～９,９～１０,１０～１１,１１～１２,１２～１３,１３～１４,１４～１５,１５～１６,１６～１７,１７～１８,１８～１９,１２ｈ計,２４ｈ計,,
６２１２０八丈島八丈町大賀郷展望台,６０８６,一般都道八丈循環線（都道２１５号）,－,－,１１月８日（月）,曇,自動車類上り大型車,21,36,28,27,21,13,22,23,24,16,8,1,240,-,,
６２１２０八丈島八丈町大賀郷展望台,６０８６,一般都道八丈循環線（都道２１５号）,－,－,１１月８日（月）,曇,自動車類上り小型車,91,117,77,104,81,107,100,76,94,75,157,99,1178,-,,
６２１２０八丈島八丈町大賀郷展望台,６０８６,一般都道八丈循環線（都道２１５号）,－,－,１１月８日（月）,曇,自動車類上り計,112,153,105,131,102,120,122,99,118,91,165,100,1418,-,,
６２１２０八丈島八丈町大賀郷展望台,６０８６,一般都道八丈循環線（都道２１５号）,－,－,１１月８日（月）,曇,自動車類下り大型車,4,27,34,29,23,2,21,23,20,30,15,3,231,-,,
６２１２０八丈島八丈町大賀郷展望台,６０８６,一般都道八丈循環線（都道２１５号）,－,－,１１月８日（月）,曇,自動車類下り小型車,143,138,101,91,77,102,82,103,76,89,134,47,1183,-,,
６２１２０八丈島八丈町大賀郷展望台,６０８６,一般都道八丈循環線（都道２１５号）,－,－,１１月８日（月）,曇,自動車類下り計,147,165,135,120,100,104,103,126,96,119,149,50,1414,-,,
６２１２０八丈島八丈町大賀郷展望台,６０８６,一般都道八丈循環線（都道２１５号）,－,－,１１月８日（月）,曇,自動車類合計大型車,25,63,62,56,44,15,43,46,44,46,23,4,471,-,,
６２１２０八丈島八丈町大賀郷展望台,６０８６,一般都道八丈循環線（都道２１５号）,－,－,１１月８日（月）,曇,自動車類合計小型車,234,255,178,195,158,209,182,179,170,164,291,146,2361,-,,
６２１２０八丈島八丈町大賀郷展望台,６０８６,一般都道八丈循環線（都道２１５号）,－,－,１１月８日（月）,曇,自動車類合計計,259,318,240,251,202,224,225,225,214,210,314,150,2832,-,,
６２１２０八丈島八丈町大賀郷展望台,６０８６,一般都道八丈循環線（都道２１５号）,－,－,１１月８日（月）,曇,二輪車類,2,0,2,3,0,6,0,2,2,3,3,1,24,,,
６２１２０八丈島八丈町大賀郷展望台,６０８６,一般都道八丈循環線（都道２１５号）,－,－,１１月８日（月）,曇,自転車類,0,0,0,0,0,0,0,0,0,0,0,0,0,,,
６２１２０八丈島八丈町大賀郷展望台,６０８６,一般都道八丈循環線（都道２１５号）,－,－,１１月８日（月）,曇,歩行者類,2,15,3,0,2,2,1,5,4,4,0,2,40,,,
