﻿観測地点,Ｈ１７区間番号,路線名,都市計画路線名,通称道路名,調査日,天候,ピーク時間交通量（台／ｈ）,ピーク率（％）,混雑時平均旅行速度（ｋｍ／ｈ）,大型車台数（台／１２ｈ）,混入率（％）,混雑度,昼夜率,車線数,５８年度（台／１２ｈ）,６０年度（台／１２ｈ）,６３年度（台／１２ｈ）,２年度（台／１２ｈ）,６年度（台／１２ｈ）,９年度（台／１２ｈ）,１１年度（台／１２ｈ）,１７年度（台／１２ｈ）,２２年度（台／１２ｈ）
６１７８０西多摩郡奥多摩町氷川２２２６,６０６６,一般都道日原鐘乳洞線（都道２０４号）,－,日原街道,１０月２８日（木）,雨,61,15.5,30.9,45,11.5,1.23,-,1,534,559,487,559,615,603,478,408,393
,,,,,,,,,,,,,,,,,,,,,,,
観測地点,Ｈ１７区間番号,路線名,都市計画路線名,通称道路名,調査日,天候,時間・種別,７～８,８～９,９～１０,１０～１１,１１～１２,１２～１３,１３～１４,１４～１５,１５～１６,１６～１７,１７～１８,１８～１９,１２ｈ計,２４ｈ計,,
６１７８０西多摩郡奥多摩町氷川２２２６,６０６６,一般都道日原鐘乳洞線（都道２０４号）,－,日原街道,１０月２８日（木）,雨,自動車類上り大型車,1,2,3,3,3,1,2,0,2,4,0,1,22,-,,
６１７８０西多摩郡奥多摩町氷川２２２６,６０６６,一般都道日原鐘乳洞線（都道２０４号）,－,日原街道,１０月２８日（木）,雨,自動車類上り小型車,10,13,10,16,18,17,14,17,6,27,28,6,182,-,,
６１７８０西多摩郡奥多摩町氷川２２２６,６０６６,一般都道日原鐘乳洞線（都道２０４号）,－,日原街道,１０月２８日（木）,雨,自動車類上り計,11,15,13,19,21,18,16,17,8,31,28,7,204,-,,
６１７８０西多摩郡奥多摩町氷川２２２６,６０６６,一般都道日原鐘乳洞線（都道２０４号）,－,日原街道,１０月２８日（木）,雨,自動車類下り大型車,4,5,3,2,0,1,2,2,1,1,1,1,23,-,,
６１７８０西多摩郡奥多摩町氷川２２２６,６０６６,一般都道日原鐘乳洞線（都道２０４号）,－,日原街道,１０月２８日（木）,雨,自動車類下り小型車,46,12,17,11,14,13,7,8,12,10,10,6,166,-,,
６１７８０西多摩郡奥多摩町氷川２２２６,６０６６,一般都道日原鐘乳洞線（都道２０４号）,－,日原街道,１０月２８日（木）,雨,自動車類下り計,50,17,20,13,14,14,9,10,13,11,11,7,189,-,,
６１７８０西多摩郡奥多摩町氷川２２２６,６０６６,一般都道日原鐘乳洞線（都道２０４号）,－,日原街道,１０月２８日（木）,雨,自動車類合計大型車,5,7,6,5,3,2,4,2,3,5,1,2,45,-,,
６１７８０西多摩郡奥多摩町氷川２２２６,６０６６,一般都道日原鐘乳洞線（都道２０４号）,－,日原街道,１０月２８日（木）,雨,自動車類合計小型車,56,25,27,27,32,30,21,25,18,37,38,12,348,-,,
６１７８０西多摩郡奥多摩町氷川２２２６,６０６６,一般都道日原鐘乳洞線（都道２０４号）,－,日原街道,１０月２８日（木）,雨,自動車類合計計,61,32,33,32,35,32,25,27,21,42,39,14,393,-,,
６１７８０西多摩郡奥多摩町氷川２２２６,６０６６,一般都道日原鐘乳洞線（都道２０４号）,－,日原街道,１０月２８日（木）,雨,二輪車類,2,1,0,3,1,0,1,0,1,0,0,0,9,,,
６１７８０西多摩郡奥多摩町氷川２２２６,６０６６,一般都道日原鐘乳洞線（都道２０４号）,－,日原街道,１０月２８日（木）,雨,自転車類,0,0,0,0,0,0,1,0,0,0,1,0,2,,,
６１７８０西多摩郡奥多摩町氷川２２２６,６０６６,一般都道日原鐘乳洞線（都道２０４号）,－,日原街道,１０月２８日（木）,雨,歩行者類,1,1,0,0,2,3,1,0,0,0,0,0,8,,,
