﻿観測地点,Ｈ１７区間番号,路線名,都市計画路線名,通称道路名,調査日,天候,ピーク時間交通量（台／ｈ）,ピーク率（％）,混雑時平均旅行速度（ｋｍ／ｈ）,大型車台数（台／１２ｈ）,混入率（％）,混雑度,昼夜率,車線数,５８年度（台／１２ｈ）,６０年度（台／１２ｈ）,６３年度（台／１２ｈ）,２年度（台／１２ｈ）,６年度（台／１２ｈ）,９年度（台／１２ｈ）,１１年度（台／１２ｈ）,１７年度（台／１２ｈ）,２２年度（台／１２ｈ）
６０９５０多摩市山王下１－１８－１,６０３５,一般都道小山乞田線（都道１５８号）,多摩３・２・３,多摩ニュータウン通り,１０月２１日（木）,雨,2206,9.9,25.5,1898,8.5,1,-,4,-,-,-,-,17242,15057,15890,18997,22374
,,,,,,,,,,,,,,,,,,,,,,,
観測地点,Ｈ１７区間番号,路線名,都市計画路線名,通称道路名,調査日,天候,時間・種別,７～８,８～９,９～１０,１０～１１,１１～１２,１２～１３,１３～１４,１４～１５,１５～１６,１６～１７,１７～１８,１８～１９,１２ｈ計,２４ｈ計,,
６０９５０多摩市山王下１－１８－１,６０３５,一般都道小山乞田線（都道１５８号）,多摩３・２・３,多摩ニュータウン通り,１０月２１日（木）,雨,自動車類上り大型車,57,87,102,120,108,79,76,86,100,59,78,44,996,-,,
６０９５０多摩市山王下１－１８－１,６０３５,一般都道小山乞田線（都道１５８号）,多摩３・２・３,多摩ニュータウン通り,１０月２１日（木）,雨,自動車類上り小型車,595,762,710,817,837,773,784,771,841,939,1130,963,9922,-,,
６０９５０多摩市山王下１－１８－１,６０３５,一般都道小山乞田線（都道１５８号）,多摩３・２・３,多摩ニュータウン通り,１０月２１日（木）,雨,自動車類上り計,652,849,812,937,945,852,860,857,941,998,1208,1007,10918,-,,
６０９５０多摩市山王下１－１８－１,６０３５,一般都道小山乞田線（都道１５８号）,多摩３・２・３,多摩ニュータウン通り,１０月２１日（木）,雨,自動車類下り大型車,106,83,101,59,84,67,87,80,72,64,55,44,902,-,,
６０９５０多摩市山王下１－１８－１,６０３５,一般都道小山乞田線（都道１５８号）,多摩３・２・３,多摩ニュータウン通り,１０月２１日（木）,雨,自動車類下り小型車,1149,1274,883,694,684,751,848,854,846,846,906,819,10554,-,,
６０９５０多摩市山王下１－１８－１,６０３５,一般都道小山乞田線（都道１５８号）,多摩３・２・３,多摩ニュータウン通り,１０月２１日（木）,雨,自動車類下り計,1255,1357,984,753,768,818,935,934,918,910,961,863,11456,-,,
６０９５０多摩市山王下１－１８－１,６０３５,一般都道小山乞田線（都道１５８号）,多摩３・２・３,多摩ニュータウン通り,１０月２１日（木）,雨,自動車類合計大型車,163,170,203,179,192,146,163,166,172,123,133,88,1898,-,,
６０９５０多摩市山王下１－１８－１,６０３５,一般都道小山乞田線（都道１５８号）,多摩３・２・３,多摩ニュータウン通り,１０月２１日（木）,雨,自動車類合計小型車,1744,2036,1593,1511,1521,1524,1632,1625,1687,1785,2036,1782,20476,-,,
６０９５０多摩市山王下１－１８－１,６０３５,一般都道小山乞田線（都道１５８号）,多摩３・２・３,多摩ニュータウン通り,１０月２１日（木）,雨,自動車類合計計,1907,2206,1796,1690,1713,1670,1795,1791,1859,1908,2169,1870,22374,-,,
６０９５０多摩市山王下１－１８－１,６０３５,一般都道小山乞田線（都道１５８号）,多摩３・２・３,多摩ニュータウン通り,１０月２１日（木）,雨,二輪車類,102,77,66,44,45,72,64,75,69,51,81,67,813,,,
６０９５０多摩市山王下１－１８－１,６０３５,一般都道小山乞田線（都道１５８号）,多摩３・２・３,多摩ニュータウン通り,１０月２１日（木）,雨,自転車類,23,51,18,15,13,10,8,11,11,20,26,43,249,,,
６０９５０多摩市山王下１－１８－１,６０３５,一般都道小山乞田線（都道１５８号）,多摩３・２・３,多摩ニュータウン通り,１０月２１日（木）,雨,歩行者類,15,24,13,3,8,8,11,9,7,16,18,25,157,,,
