﻿観測地点,Ｈ１７区間番号,路線名,都市計画路線名,通称道路名,調査日,天候,ピーク時間交通量（台／ｈ）,ピーク率（％）,混雑時平均旅行速度（ｋｍ／ｈ）,大型車台数（台／１２ｈ）,混入率（％）,混雑度,昼夜率,車線数,５８年度（台／１２ｈ）,６０年度（台／１２ｈ）,６３年度（台／１２ｈ）,２年度（台／１２ｈ）,６年度（台／１２ｈ）,９年度（台／１２ｈ）,１１年度（台／１２ｈ）,１７年度（台／１２ｈ）,２２年度（台／１２ｈ）
６０８９０八王子市別所２－５８,４６０３１,一般都道小山乞田線（都道１５８号）,多摩３・１・６,（尾根幹線道路）,１０月２１日（木）,雨,1561,9.2,34,2593,15.3,0.7,-,4,-,-,-,-,-,-,-,20408,16911
,,,,,,,,,,,,,,,,,,,,,,,
観測地点,Ｈ１７区間番号,路線名,都市計画路線名,通称道路名,調査日,天候,時間・種別,７～８,８～９,９～１０,１０～１１,１１～１２,１２～１３,１３～１４,１４～１５,１５～１６,１６～１７,１７～１８,１８～１９,１２ｈ計,２４ｈ計,,
６０８９０八王子市別所２－５８,４６０３１,一般都道小山乞田線（都道１５８号）,多摩３・１・６,（尾根幹線道路）,１０月２１日（木）,雨,自動車類上り大型車,101,86,119,138,128,95,102,109,122,108,111,73,1292,-,,
６０８９０八王子市別所２－５８,４６０３１,一般都道小山乞田線（都道１５８号）,多摩３・１・６,（尾根幹線道路）,１０月２１日（木）,雨,自動車類上り小型車,530,594,499,612,568,508,587,571,580,613,712,751,7125,-,,
６０８９０八王子市別所２－５８,４６０３１,一般都道小山乞田線（都道１５８号）,多摩３・１・６,（尾根幹線道路）,１０月２１日（木）,雨,自動車類上り計,631,680,618,750,696,603,689,680,702,721,823,824,8417,-,,
６０８９０八王子市別所２－５８,４６０３１,一般都道小山乞田線（都道１５８号）,多摩３・１・６,（尾根幹線道路）,１０月２１日（木）,雨,自動車類下り大型車,93,97,166,150,118,109,107,102,87,129,73,70,1301,-,,
６０８９０八王子市別所２－５８,４６０３１,一般都道小山乞田線（都道１５８号）,多摩３・１・６,（尾根幹線道路）,１０月２１日（木）,雨,自動車類下り小型車,706,689,515,492,549,559,568,630,571,604,643,667,7193,-,,
６０８９０八王子市別所２－５８,４６０３１,一般都道小山乞田線（都道１５８号）,多摩３・１・６,（尾根幹線道路）,１０月２１日（木）,雨,自動車類下り計,799,786,681,642,667,668,675,732,658,733,716,737,8494,-,,
６０８９０八王子市別所２－５８,４６０３１,一般都道小山乞田線（都道１５８号）,多摩３・１・６,（尾根幹線道路）,１０月２１日（木）,雨,自動車類合計大型車,194,183,285,288,246,204,209,211,209,237,184,143,2593,-,,
６０８９０八王子市別所２－５８,４６０３１,一般都道小山乞田線（都道１５８号）,多摩３・１・６,（尾根幹線道路）,１０月２１日（木）,雨,自動車類合計小型車,1236,1283,1014,1104,1117,1067,1155,1201,1151,1217,1355,1418,14318,-,,
６０８９０八王子市別所２－５８,４６０３１,一般都道小山乞田線（都道１５８号）,多摩３・１・６,（尾根幹線道路）,１０月２１日（木）,雨,自動車類合計計,1430,1466,1299,1392,1363,1271,1364,1412,1360,1454,1539,1561,16911,-,,
６０８９０八王子市別所２－５８,４６０３１,一般都道小山乞田線（都道１５８号）,多摩３・１・６,（尾根幹線道路）,１０月２１日（木）,雨,二輪車類,59,49,21,23,26,33,25,32,22,52,49,50,441,,,
６０８９０八王子市別所２－５８,４６０３１,一般都道小山乞田線（都道１５８号）,多摩３・１・６,（尾根幹線道路）,１０月２１日（木）,雨,自転車類,18,22,7,2,4,7,4,4,2,8,15,16,109,,,
６０８９０八王子市別所２－５８,４６０３１,一般都道小山乞田線（都道１５８号）,多摩３・１・６,（尾根幹線道路）,１０月２１日（木）,雨,歩行者類,7,8,5,2,3,1,1,2,1,32,21,15,98,,,
