﻿観測地点,Ｈ１７区間番号,路線名,都市計画路線名,通称道路名,調査日,天候,ピーク時間交通量（台／ｈ）,ピーク率（％）,混雑時平均旅行速度（ｋｍ／ｈ）,大型車台数（台／１２ｈ）,混入率（％）,混雑度,昼夜率,車線数,５８年度（台／１２ｈ）,６０年度（台／１２ｈ）,６３年度（台／１２ｈ）,２年度（台／１２ｈ）,６年度（台／１２ｈ）,９年度（台／１２ｈ）,１１年度（台／１２ｈ）,１７年度（台／１２ｈ）,２２年度（台／１２ｈ）
４１０００多摩市永山５－９,４４０１５,主要地方道府中町田線（都道１８号）,多摩３・１・６,（尾根幹線道路）,１０月２１日（木）,雨,1419,9.1,17.9,2555,16.4,0.62,-,4,-,-,-,-,-,-,-,20408,15568
,,,,,,,,,,,,,,,,,,,,,,,
観測地点,Ｈ１７区間番号,路線名,都市計画路線名,通称道路名,調査日,天候,時間・種別,７～８,８～９,９～１０,１０～１１,１１～１２,１２～１３,１３～１４,１４～１５,１５～１６,１６～１７,１７～１８,１８～１９,１２ｈ計,２４ｈ計,,
４１０００多摩市永山５－９,４４０１５,主要地方道府中町田線（都道１８号）,多摩３・１・６,（尾根幹線道路）,１０月２１日（木）,雨,自動車類上り大型車,104,137,125,133,128,109,104,124,93,87,84,69,1297,-,,
４１０００多摩市永山５－９,４４０１５,主要地方道府中町田線（都道１８号）,多摩３・１・６,（尾根幹線道路）,１０月２１日（木）,雨,自動車類上り小型車,582,545,503,427,485,430,545,558,572,590,591,514,6342,-,,
４１０００多摩市永山５－９,４４０１５,主要地方道府中町田線（都道１８号）,多摩３・１・６,（尾根幹線道路）,１０月２１日（木）,雨,自動車類上り計,686,682,628,560,613,539,649,682,665,677,675,583,7639,-,,
４１０００多摩市永山５－９,４４０１５,主要地方道府中町田線（都道１８号）,多摩３・１・６,（尾根幹線道路）,１０月２１日（木）,雨,自動車類下り大型車,72,95,104,141,106,90,109,103,115,121,108,94,1258,-,,
４１０００多摩市永山５－９,４４０１５,主要地方道府中町田線（都道１８号）,多摩３・１・６,（尾根幹線道路）,１０月２１日（木）,雨,自動車類下り小型車,495,626,553,563,539,479,540,557,521,548,636,614,6671,-,,
４１０００多摩市永山５－９,４４０１５,主要地方道府中町田線（都道１８号）,多摩３・１・６,（尾根幹線道路）,１０月２１日（木）,雨,自動車類下り計,567,721,657,704,645,569,649,660,636,669,744,708,7929,-,,
４１０００多摩市永山５－９,４４０１５,主要地方道府中町田線（都道１８号）,多摩３・１・６,（尾根幹線道路）,１０月２１日（木）,雨,自動車類合計大型車,176,232,229,274,234,199,213,227,208,208,192,163,2555,-,,
４１０００多摩市永山５－９,４４０１５,主要地方道府中町田線（都道１８号）,多摩３・１・６,（尾根幹線道路）,１０月２１日（木）,雨,自動車類合計小型車,1077,1171,1056,990,1024,909,1085,1115,1093,1138,1227,1128,13013,-,,
４１０００多摩市永山５－９,４４０１５,主要地方道府中町田線（都道１８号）,多摩３・１・６,（尾根幹線道路）,１０月２１日（木）,雨,自動車類合計計,1253,1403,1285,1264,1258,1108,1298,1342,1301,1346,1419,1291,15568,-,,
４１０００多摩市永山５－９,４４０１５,主要地方道府中町田線（都道１８号）,多摩３・１・６,（尾根幹線道路）,１０月２１日（木）,雨,二輪車類,95,114,41,47,29,48,16,30,27,51,85,80,663,,,
４１０００多摩市永山５－９,４４０１５,主要地方道府中町田線（都道１８号）,多摩３・１・６,（尾根幹線道路）,１０月２１日（木）,雨,自転車類,6,12,1,2,2,2,1,2,4,1,5,2,40,,,
４１０００多摩市永山５－９,４４０１５,主要地方道府中町田線（都道１８号）,多摩３・１・６,（尾根幹線道路）,１０月２１日（木）,雨,歩行者類,1,15,5,1,1,3,0,1,1,7,4,1,40,,,
