﻿観測地点,Ｈ１７区間番号,路線名,都市計画路線名,通称道路名,調査日,天候,ピーク時間交通量（台／ｈ）,ピーク率（％）,混雑時平均旅行速度（ｋｍ／ｈ）,大型車台数（台／１２ｈ）,混入率（％）,混雑度,昼夜率,車線数,５８年度（台／１２ｈ）,６０年度（台／１２ｈ）,６３年度（台／１２ｈ）,２年度（台／１２ｈ）,６年度（台／１２ｈ）,９年度（台／１２ｈ）,１１年度（台／１２ｈ）,１７年度（台／１２ｈ）,２２年度（台／１２ｈ）
４１０６０町田市真光寺２－１－１,４０４１,主要地方道町田調布線（都道１９号）,町田３・４・２３,鶴川街道,１０月２１日（木）,雨,1333,10.4,31.4,1421,11.1,1.49,-,2,5858,6447,6749,6991,7666,9205,7667,9630,12814
,,,,,,,,,,,,,,,,,,,,,,,
観測地点,Ｈ１７区間番号,路線名,都市計画路線名,通称道路名,調査日,天候,時間・種別,７～８,８～９,９～１０,１０～１１,１１～１２,１２～１３,１３～１４,１４～１５,１５～１６,１６～１７,１７～１８,１８～１９,１２ｈ計,２４ｈ計,,
４１０６０町田市真光寺２－１－１,４０４１,主要地方道町田調布線（都道１９号）,町田３・４・２３,鶴川街道,１０月２１日（木）,雨,自動車類上り大型車,54,83,76,64,63,59,65,83,70,44,37,32,730,-,,
４１０６０町田市真光寺２－１－１,４０４１,主要地方道町田調布線（都道１９号）,町田３・４・２３,鶴川街道,１０月２１日（木）,雨,自動車類上り小型車,765,657,580,408,441,410,443,368,471,416,514,470,5943,-,,
４１０６０町田市真光寺２－１－１,４０４１,主要地方道町田調布線（都道１９号）,町田３・４・２３,鶴川街道,１０月２１日（木）,雨,自動車類上り計,819,740,656,472,504,469,508,451,541,460,551,502,6673,-,,
４１０６０町田市真光寺２－１－１,４０４１,主要地方道町田調布線（都道１９号）,町田３・４・２３,鶴川街道,１０月２１日（木）,雨,自動車類下り大型車,38,66,78,58,74,64,70,63,61,45,39,35,691,-,,
４１０６０町田市真光寺２－１－１,４０４１,主要地方道町田調布線（都道１９号）,町田３・４・２３,鶴川街道,１０月２１日（木）,雨,自動車類下り小型車,476,523,407,384,382,414,396,357,427,504,536,644,5450,-,,
４１０６０町田市真光寺２－１－１,４０４１,主要地方道町田調布線（都道１９号）,町田３・４・２３,鶴川街道,１０月２１日（木）,雨,自動車類下り計,514,589,485,442,456,478,466,420,488,549,575,679,6141,-,,
４１０６０町田市真光寺２－１－１,４０４１,主要地方道町田調布線（都道１９号）,町田３・４・２３,鶴川街道,１０月２１日（木）,雨,自動車類合計大型車,92,149,154,122,137,123,135,146,131,89,76,67,1421,-,,
４１０６０町田市真光寺２－１－１,４０４１,主要地方道町田調布線（都道１９号）,町田３・４・２３,鶴川街道,１０月２１日（木）,雨,自動車類合計小型車,1241,1180,987,792,823,824,839,725,898,920,1050,1114,11393,-,,
４１０６０町田市真光寺２－１－１,４０４１,主要地方道町田調布線（都道１９号）,町田３・４・２３,鶴川街道,１０月２１日（木）,雨,自動車類合計計,1333,1329,1141,914,960,947,974,871,1029,1009,1126,1181,12814,-,,
４１０６０町田市真光寺２－１－１,４０４１,主要地方道町田調布線（都道１９号）,町田３・４・２３,鶴川街道,１０月２１日（木）,雨,二輪車類,-,-,-,-,-,-,-,-,-,-,-,-,-,,,
４１０６０町田市真光寺２－１－１,４０４１,主要地方道町田調布線（都道１９号）,町田３・４・２３,鶴川街道,１０月２１日（木）,雨,自転車類,3,5,0,1,2,1,1,4,0,3,1,3,24,,,
４１０６０町田市真光寺２－１－１,４０４１,主要地方道町田調布線（都道１９号）,町田３・４・２３,鶴川街道,１０月２１日（木）,雨,歩行者類,5,4,20,1,6,2,0,3,0,2,2,0,45,,,
