﻿観測地点,Ｈ１７区間番号,路線名,都市計画路線名,通称道路名,調査日,天候,ピーク時間交通量（台／ｈ）,ピーク率（％）,混雑時平均旅行速度（ｋｍ／ｈ）,大型車台数（台／１２ｈ）,混入率（％）,混雑度,昼夜率,車線数,５８年度（台／１２ｈ）,６０年度（台／１２ｈ）,６３年度（台／１２ｈ）,２年度（台／１２ｈ）,６年度（台／１２ｈ）,９年度（台／１２ｈ）,１１年度（台／１２ｈ）,１７年度（台／１２ｈ）,２２年度（台／１２ｈ）
６０４２０小平市上水南町４－１－３,６０２０,一般都道小川山府中線（都道１３３号）,国分寺３・４・１１,（国分寺街道）,１０月２０日（水）,雨,1088,9.6,13.1,1639,14.5,1.15,-,2,11479,12029,12445,13503,14107,13182,14042,12337,11283
,,,,,,,,,,,,,,,,,,,,,,,
観測地点,Ｈ１７区間番号,路線名,都市計画路線名,通称道路名,調査日,天候,時間・種別,７～８,８～９,９～１０,１０～１１,１１～１２,１２～１３,１３～１４,１４～１５,１５～１６,１６～１７,１７～１８,１８～１９,１２ｈ計,２４ｈ計,,
６０４２０小平市上水南町４－１－３,６０２０,一般都道小川山府中線（都道１３３号）,国分寺３・４・１１,（国分寺街道）,１０月２０日（水）,雨,自動車類上り大型車,79,86,100,72,70,68,72,95,58,52,48,43,843,-,,
６０４２０小平市上水南町４－１－３,６０２０,一般都道小川山府中線（都道１３３号）,国分寺３・４・１１,（国分寺街道）,１０月２０日（水）,雨,自動車類上り小型車,363,354,287,327,355,392,363,382,386,449,432,474,4564,-,,
６０４２０小平市上水南町４－１－３,６０２０,一般都道小川山府中線（都道１３３号）,国分寺３・４・１１,（国分寺街道）,１０月２０日（水）,雨,自動車類上り計,442,440,387,399,425,460,435,477,444,501,480,517,5407,-,,
６０４２０小平市上水南町４－１－３,６０２０,一般都道小川山府中線（都道１３３号）,国分寺３・４・１１,（国分寺街道）,１０月２０日（水）,雨,自動車類下り大型車,80,89,98,84,82,60,53,59,55,40,56,40,796,-,,
６０４２０小平市上水南町４－１－３,６０２０,一般都道小川山府中線（都道１３３号）,国分寺３・４・１１,（国分寺街道）,１０月２０日（水）,雨,自動車類下り小型車,566,429,420,436,444,334,350,375,404,421,475,426,5080,-,,
６０４２０小平市上水南町４－１－３,６０２０,一般都道小川山府中線（都道１３３号）,国分寺３・４・１１,（国分寺街道）,１０月２０日（水）,雨,自動車類下り計,646,518,518,520,526,394,403,434,459,461,531,466,5876,-,,
６０４２０小平市上水南町４－１－３,６０２０,一般都道小川山府中線（都道１３３号）,国分寺３・４・１１,（国分寺街道）,１０月２０日（水）,雨,自動車類合計大型車,159,175,198,156,152,128,125,154,113,92,104,83,1639,-,,
６０４２０小平市上水南町４－１－３,６０２０,一般都道小川山府中線（都道１３３号）,国分寺３・４・１１,（国分寺街道）,１０月２０日（水）,雨,自動車類合計小型車,929,783,707,763,799,726,713,757,790,870,907,900,9644,-,,
６０４２０小平市上水南町４－１－３,６０２０,一般都道小川山府中線（都道１３３号）,国分寺３・４・１１,（国分寺街道）,１０月２０日（水）,雨,自動車類合計計,1088,958,905,919,951,854,838,911,903,962,1011,983,11283,-,,
６０４２０小平市上水南町４－１－３,６０２０,一般都道小川山府中線（都道１３３号）,国分寺３・４・１１,（国分寺街道）,１０月２０日（水）,雨,二輪車類,29,30,27,15,20,22,27,30,28,31,44,36,339,,,
６０４２０小平市上水南町４－１－３,６０２０,一般都道小川山府中線（都道１３３号）,国分寺３・４・１１,（国分寺街道）,１０月２０日（水）,雨,自転車類,426,388,158,183,157,274,240,287,308,363,396,404,3584,,,
６０４２０小平市上水南町４－１－３,６０２０,一般都道小川山府中線（都道１３３号）,国分寺３・４・１１,（国分寺街道）,１０月２０日（水）,雨,歩行者類,74,51,54,121,128,187,103,112,119,129,204,171,1453,,,
