﻿観測地点,Ｈ１７区間番号,路線名,都市計画路線名,通称道路名,調査日,天候,ピーク時間交通量（台／ｈ）,ピーク率（％）,混雑時平均旅行速度（ｋｍ／ｈ）,大型車台数（台／１２ｈ）,混入率（％）,混雑度,昼夜率,車線数,５８年度（台／１２ｈ）,６０年度（台／１２ｈ）,６３年度（台／１２ｈ）,２年度（台／１２ｈ）,６年度（台／１２ｈ）,９年度（台／１２ｈ）,１１年度（台／１２ｈ）,１７年度（台／１２ｈ）,２２年度（台／１２ｈ）
４０２９０武蔵野市吉祥寺東町１－１７,４０１３,主要地方道杉並あきる野線（都道７号）,武蔵野３・４・１０,五日市街道,１０月２６日（火）,晴,913,8.9,12.1,1307,12.7,1.08,-,2,10605,10121,9569,10125,10452,10593,11057,11104,10301
,,,,,,,,,,,,,,,,,,,,,,,
観測地点,Ｈ１７区間番号,路線名,都市計画路線名,通称道路名,調査日,天候,時間・種別,７～８,８～９,９～１０,１０～１１,１１～１２,１２～１３,１３～１４,１４～１５,１５～１６,１６～１７,１７～１８,１８～１９,１２ｈ計,２４ｈ計,,
４０２９０武蔵野市吉祥寺東町１－１７,４０１３,主要地方道杉並あきる野線（都道７号）,武蔵野３・４・１０,五日市街道,１０月２６日（火）,晴,自動車類上り大型車,78,81,66,82,66,67,59,58,46,33,30,26,692,-,,
４０２９０武蔵野市吉祥寺東町１－１７,４０１３,主要地方道杉並あきる野線（都道７号）,武蔵野３・４・１０,五日市街道,１０月２６日（火）,晴,自動車類上り小型車,532,475,396,381,386,332,370,443,417,447,433,334,4946,-,,
４０２９０武蔵野市吉祥寺東町１－１７,４０１３,主要地方道杉並あきる野線（都道７号）,武蔵野３・４・１０,五日市街道,１０月２６日（火）,晴,自動車類上り計,610,556,462,463,452,399,429,501,463,480,463,360,5638,-,,
４０２９０武蔵野市吉祥寺東町１－１７,４０１３,主要地方道杉並あきる野線（都道７号）,武蔵野３・４・１０,五日市街道,１０月２６日（火）,晴,自動車類下り大型車,50,82,73,61,77,41,59,53,32,34,31,22,615,-,,
４０２９０武蔵野市吉祥寺東町１－１７,４０１３,主要地方道杉並あきる野線（都道７号）,武蔵野３・４・１０,五日市街道,１０月２６日（火）,晴,自動車類下り小型車,205,263,273,389,329,307,361,358,393,370,410,390,4048,-,,
４０２９０武蔵野市吉祥寺東町１－１７,４０１３,主要地方道杉並あきる野線（都道７号）,武蔵野３・４・１０,五日市街道,１０月２６日（火）,晴,自動車類下り計,255,345,346,450,406,348,420,411,425,404,441,412,4663,-,,
４０２９０武蔵野市吉祥寺東町１－１７,４０１３,主要地方道杉並あきる野線（都道７号）,武蔵野３・４・１０,五日市街道,１０月２６日（火）,晴,自動車類合計大型車,128,163,139,143,143,108,118,111,78,67,61,48,1307,-,,
４０２９０武蔵野市吉祥寺東町１－１７,４０１３,主要地方道杉並あきる野線（都道７号）,武蔵野３・４・１０,五日市街道,１０月２６日（火）,晴,自動車類合計小型車,737,738,669,770,715,639,731,801,810,817,843,724,8994,-,,
４０２９０武蔵野市吉祥寺東町１－１７,４０１３,主要地方道杉並あきる野線（都道７号）,武蔵野３・４・１０,五日市街道,１０月２６日（火）,晴,自動車類合計計,865,901,808,913,858,747,849,912,888,884,904,772,10301,-,,
４０２９０武蔵野市吉祥寺東町１－１７,４０１３,主要地方道杉並あきる野線（都道７号）,武蔵野３・４・１０,五日市街道,１０月２６日（火）,晴,二輪車類,62,59,65,40,57,48,56,56,45,50,65,60,663,,,
４０２９０武蔵野市吉祥寺東町１－１７,４０１３,主要地方道杉並あきる野線（都道７号）,武蔵野３・４・１０,五日市街道,１０月２６日（火）,晴,自転車類,162,219,243,209,205,234,254,166,143,196,271,239,2541,,,
４０２９０武蔵野市吉祥寺東町１－１７,４０１３,主要地方道杉並あきる野線（都道７号）,武蔵野３・４・１０,五日市街道,１０月２６日（火）,晴,歩行者類,71,152,173,220,205,228,233,215,216,289,260,245,2507,,,
