﻿観測地点,Ｈ１７区間番号,路線名,都市計画路線名,通称道路名,調査日,天候,ピーク時間交通量（台／ｈ）,ピーク率（％）,混雑時平均旅行速度（ｋｍ／ｈ）,大型車台数（台／１２ｈ）,混入率（％）,混雑度,昼夜率,車線数,５８年度（台／１２ｈ）,６０年度（台／１２ｈ）,６３年度（台／１２ｈ）,２年度（台／１２ｈ）,６年度（台／１２ｈ）,９年度（台／１２ｈ）,１１年度（台／１２ｈ）,１７年度（台／１２ｈ）,２２年度（台／１２ｈ）
４１９３０町田市常盤町３５２９,４０７６,主要地方道八王子町田線（都道４７号）,町田３・４・３８,町田街道,１０月２１日（木）,雨,1463,9.0,19.5,1952,11.9,1.59,-,2,14371,14077,15039,13816,14321,14396,13071,11613,16343
,,,,,,,,,,,,,,,,,,,,,,,
観測地点,Ｈ１７区間番号,路線名,都市計画路線名,通称道路名,調査日,天候,時間・種別,７～８,８～９,９～１０,１０～１１,１１～１２,１２～１３,１３～１４,１４～１５,１５～１６,１６～１７,１７～１８,１８～１９,１２ｈ計,２４ｈ計,,
４１９３０町田市常盤町３５２９,４０７６,主要地方道八王子町田線（都道４７号）,町田３・４・３８,町田街道,１０月２１日（木）,雨,自動車類上り大型車,66,104,101,104,82,95,90,77,57,68,47,30,921,-,,
４１９３０町田市常盤町３５２９,４０７６,主要地方道八王子町田線（都道４７号）,町田３・４・３８,町田街道,１０月２１日（木）,雨,自動車類上り小型車,617,597,534,580,610,598,583,552,560,567,635,610,7043,-,,
４１９３０町田市常盤町３５２９,４０７６,主要地方道八王子町田線（都道４７号）,町田３・４・３８,町田街道,１０月２１日（木）,雨,自動車類上り計,683,701,635,684,692,693,673,629,617,635,682,640,7964,-,,
４１９３０町田市常盤町３５２９,４０７６,主要地方道八王子町田線（都道４７号）,町田３・４・３８,町田街道,１０月２１日（木）,雨,自動車類下り大型車,85,103,144,99,115,81,87,91,66,80,40,40,1031,-,,
４１９３０町田市常盤町３５２９,４０７６,主要地方道八王子町田線（都道４７号）,町田３・４・３８,町田街道,１０月２１日（木）,雨,自動車類下り小型車,656,659,583,540,549,572,579,647,635,574,722,632,7348,-,,
４１９３０町田市常盤町３５２９,４０７６,主要地方道八王子町田線（都道４７号）,町田３・４・３８,町田街道,１０月２１日（木）,雨,自動車類下り計,741,762,727,639,664,653,666,738,701,654,762,672,8379,-,,
４１９３０町田市常盤町３５２９,４０７６,主要地方道八王子町田線（都道４７号）,町田３・４・３８,町田街道,１０月２１日（木）,雨,自動車類合計大型車,151,207,245,203,197,176,177,168,123,148,87,70,1952,-,,
４１９３０町田市常盤町３５２９,４０７６,主要地方道八王子町田線（都道４７号）,町田３・４・３８,町田街道,１０月２１日（木）,雨,自動車類合計小型車,1273,1256,1117,1120,1159,1170,1162,1199,1195,1141,1357,1242,14391,-,,
４１９３０町田市常盤町３５２９,４０７６,主要地方道八王子町田線（都道４７号）,町田３・４・３８,町田街道,１０月２１日（木）,雨,自動車類合計計,1424,1463,1362,1323,1356,1346,1339,1367,1318,1289,1444,1312,16343,-,,
４１９３０町田市常盤町３５２９,４０７６,主要地方道八王子町田線（都道４７号）,町田３・４・３８,町田街道,１０月２１日（木）,雨,二輪車類,94,75,31,34,14,27,32,24,27,50,63,74,545,,,
４１９３０町田市常盤町３５２９,４０７６,主要地方道八王子町田線（都道４７号）,町田３・４・３８,町田街道,１０月２１日（木）,雨,自転車類,34,66,10,13,23,21,17,19,18,18,45,29,313,,,
４１９３０町田市常盤町３５２９,４０７６,主要地方道八王子町田線（都道４７号）,町田３・４・３８,町田街道,１０月２１日（木）,雨,歩行者類,21,31,36,29,31,15,18,23,15,32,21,25,297,,,
