﻿観測地点,Ｈ１７区間番号,路線名,都市計画路線名,通称道路名,調査日,天候,ピーク時間交通量（台／ｈ）,ピーク率（％）,混雑時平均旅行速度（ｋｍ／ｈ）,大型車台数（台／１２ｈ）,混入率（％）,混雑度,昼夜率,車線数,５８年度（台／１２ｈ）,６０年度（台／１２ｈ）,６３年度（台／１２ｈ）,２年度（台／１２ｈ）,６年度（台／１２ｈ）,９年度（台／１２ｈ）,１１年度（台／１２ｈ）,１７年度（台／１２ｈ）,２２年度（台／１２ｈ）
６０１９０武蔵野市吉祥寺東町２－６,６００８,一般都道関町吉祥寺線（都道１１６号）,武蔵野３・４・１６,吉祥寺通り,１０月２６日（火）,晴,891,9.3,15.8,1246,13.0,0.99,-,2,9917,9938,10305,10600,10843,10274,10021,10873,9572
,,,,,,,,,,,,,,,,,,,,,,,
観測地点,Ｈ１７区間番号,路線名,都市計画路線名,通称道路名,調査日,天候,時間・種別,７～８,８～９,９～１０,１０～１１,１１～１２,１２～１３,１３～１４,１４～１５,１５～１６,１６～１７,１７～１８,１８～１９,１２ｈ計,２４ｈ計,,
６０１９０武蔵野市吉祥寺東町２－６,６００８,一般都道関町吉祥寺線（都道１１６号）,武蔵野３・４・１６,吉祥寺通り,１０月２６日（火）,晴,自動車類上り大型車,47,69,73,80,71,57,61,42,42,46,45,33,666,-,,
６０１９０武蔵野市吉祥寺東町２－６,６００８,一般都道関町吉祥寺線（都道１１６号）,武蔵野３・４・１６,吉祥寺通り,１０月２６日（火）,晴,自動車類上り小型車,248,291,287,205,375,302,358,377,413,434,433,432,4155,-,,
６０１９０武蔵野市吉祥寺東町２－６,６００８,一般都道関町吉祥寺線（都道１１６号）,武蔵野３・４・１６,吉祥寺通り,１０月２６日（火）,晴,自動車類上り計,295,360,360,285,446,359,419,419,455,480,478,465,4821,-,,
６０１９０武蔵野市吉祥寺東町２－６,６００８,一般都道関町吉祥寺線（都道１１６号）,武蔵野３・４・１６,吉祥寺通り,１０月２６日（火）,晴,自動車類下り大型車,100,55,52,56,53,48,39,44,36,32,33,32,580,-,,
６０１９０武蔵野市吉祥寺東町２－６,６００８,一般都道関町吉祥寺線（都道１１６号）,武蔵野３・４・１６,吉祥寺通り,１０月２６日（火）,晴,自動車類下り小型車,481,435,389,322,333,267,322,313,323,379,311,296,4171,-,,
６０１９０武蔵野市吉祥寺東町２－６,６００８,一般都道関町吉祥寺線（都道１１６号）,武蔵野３・４・１６,吉祥寺通り,１０月２６日（火）,晴,自動車類下り計,581,490,441,378,386,315,361,357,359,411,344,328,4751,-,,
６０１９０武蔵野市吉祥寺東町２－６,６００８,一般都道関町吉祥寺線（都道１１６号）,武蔵野３・４・１６,吉祥寺通り,１０月２６日（火）,晴,自動車類合計大型車,147,124,125,136,124,105,100,86,78,78,78,65,1246,-,,
６０１９０武蔵野市吉祥寺東町２－６,６００８,一般都道関町吉祥寺線（都道１１６号）,武蔵野３・４・１６,吉祥寺通り,１０月２６日（火）,晴,自動車類合計小型車,729,726,676,527,708,569,680,690,736,813,744,728,8326,-,,
６０１９０武蔵野市吉祥寺東町２－６,６００８,一般都道関町吉祥寺線（都道１１６号）,武蔵野３・４・１６,吉祥寺通り,１０月２６日（火）,晴,自動車類合計計,876,850,801,663,832,674,780,776,814,891,822,793,9572,-,,
６０１９０武蔵野市吉祥寺東町２－６,６００８,一般都道関町吉祥寺線（都道１１６号）,武蔵野３・４・１６,吉祥寺通り,１０月２６日（火）,晴,二輪車類,68,59,53,47,35,35,52,40,29,48,59,59,584,,,
６０１９０武蔵野市吉祥寺東町２－６,６００８,一般都道関町吉祥寺線（都道１１６号）,武蔵野３・４・１６,吉祥寺通り,１０月２６日（火）,晴,自転車類,326,337,296,220,237,241,245,171,142,215,246,281,2957,,,
６０１９０武蔵野市吉祥寺東町２－６,６００８,一般都道関町吉祥寺線（都道１１６号）,武蔵野３・４・１６,吉祥寺通り,１０月２６日（火）,晴,歩行者類,169,151,141,108,130,121,119,105,114,132,193,146,1629,,,
