﻿観測地点,Ｈ１７区間番号,路線名,都市計画路線名,通称道路名,調査日,天候,ピーク時間交通量（台／ｈ）,ピーク率（％）,混雑時平均旅行速度（ｋｍ／ｈ）,大型車台数（台／１２ｈ）,混入率（％）,混雑度,昼夜率,車線数,５８年度（台／１２ｈ）,６０年度（台／１２ｈ）,６３年度（台／１２ｈ）,２年度（台／１２ｈ）,６年度（台／１２ｈ）,９年度（台／１２ｈ）,１１年度（台／１２ｈ）,１７年度（台／１２ｈ）,２２年度（台／１２ｈ）
４１２８０清瀬市中里４,３４０５３,主要地方道練馬所沢線（都道２４号）,－,小金井街道,１０月１３日（水）,晴,1219,10.4,17.4,1962,16.8,1.3,-,2,-,10975,10877,10405,4489,8418,8751,4199,11688
,,,,,,,,,,,,,,,,,,,,,,,
観測地点,Ｈ１７区間番号,路線名,都市計画路線名,通称道路名,調査日,天候,時間・種別,７～８,８～９,９～１０,１０～１１,１１～１２,１２～１３,１３～１４,１４～１５,１５～１６,１６～１７,１７～１８,１８～１９,１２ｈ計,２４ｈ計,,
４１２８０清瀬市中里４,３４０５３,主要地方道練馬所沢線（都道２４号）,－,小金井街道,１０月１３日（水）,晴,自動車類上り大型車,75,95,72,92,104,92,71,78,61,41,39,39,859,-,,
４１２８０清瀬市中里４,３４０５３,主要地方道練馬所沢線（都道２４号）,－,小金井街道,１０月１３日（水）,晴,自動車類上り小型車,558,483,397,336,308,326,362,366,408,379,439,492,4854,-,,
４１２８０清瀬市中里４,３４０５３,主要地方道練馬所沢線（都道２４号）,－,小金井街道,１０月１３日（水）,晴,自動車類上り計,633,578,469,428,412,418,433,444,469,420,478,531,5713,-,,
４１２８０清瀬市中里４,３４０５３,主要地方道練馬所沢線（都道２４号）,－,小金井街道,１０月１３日（水）,晴,自動車類下り大型車,68,86,102,86,115,80,120,98,97,90,83,78,1103,-,,
４１２８０清瀬市中里４,３４０５３,主要地方道練馬所沢線（都道２４号）,－,小金井街道,１０月１３日（水）,晴,自動車類下り小型車,518,477,411,350,341,321,341,362,396,392,465,498,4872,-,,
４１２８０清瀬市中里４,３４０５３,主要地方道練馬所沢線（都道２４号）,－,小金井街道,１０月１３日（水）,晴,自動車類下り計,586,563,513,436,456,401,461,460,493,482,548,576,5975,-,,
４１２８０清瀬市中里４,３４０５３,主要地方道練馬所沢線（都道２４号）,－,小金井街道,１０月１３日（水）,晴,自動車類合計大型車,143,181,174,178,219,172,191,176,158,131,122,117,1962,-,,
４１２８０清瀬市中里４,３４０５３,主要地方道練馬所沢線（都道２４号）,－,小金井街道,１０月１３日（水）,晴,自動車類合計小型車,1076,960,808,686,649,647,703,728,804,771,904,990,9726,-,,
４１２８０清瀬市中里４,３４０５３,主要地方道練馬所沢線（都道２４号）,－,小金井街道,１０月１３日（水）,晴,自動車類合計計,1219,1141,982,864,868,819,894,904,962,902,1026,1107,11688,-,,
４１２８０清瀬市中里４,３４０５３,主要地方道練馬所沢線（都道２４号）,－,小金井街道,１０月１３日（水）,晴,二輪車類,-,-,-,-,-,-,-,-,-,-,-,-,-,,,
４１２８０清瀬市中里４,３４０５３,主要地方道練馬所沢線（都道２４号）,－,小金井街道,１０月１３日（水）,晴,自転車類,60,75,51,40,38,40,40,37,39,53,74,72,619,,,
４１２８０清瀬市中里４,３４０５３,主要地方道練馬所沢線（都道２４号）,－,小金井街道,１０月１３日（水）,晴,歩行者類,33,35,26,21,24,21,24,27,36,36,24,16,323,,,
