﻿観測地点,Ｈ１７区間番号,路線名,都市計画路線名,通称道路名,調査日,天候,ピーク時間交通量（台／ｈ）,ピーク率（％）,混雑時平均旅行速度（ｋｍ／ｈ）,大型車台数（台／１２ｈ）,混入率（％）,混雑度,昼夜率,車線数,５８年度（台／１２ｈ）,６０年度（台／１２ｈ）,６３年度（台／１２ｈ）,２年度（台／１２ｈ）,６年度（台／１２ｈ）,９年度（台／１２ｈ）,１１年度（台／１２ｈ）,１７年度（台／１２ｈ）,２２年度（台／１２ｈ）
４０１８０武蔵村山市緑が丘,４０１０,主要地方道新宿青梅線（都道５号）,立川３・２・４,新青梅街道,１０月１３日（水）,晴,3094,10.4,22.1,5271,17.8,1.55,-,4,28660,27040,30158,31831,30044,31756,32379,31366,29665
,,,,,,,,,,,,,,,,,,,,,,,
観測地点,Ｈ１７区間番号,路線名,都市計画路線名,通称道路名,調査日,天候,時間・種別,７～８,８～９,９～１０,１０～１１,１１～１２,１２～１３,１３～１４,１４～１５,１５～１６,１６～１７,１７～１８,１８～１９,１２ｈ計,２４ｈ計,,
４０１８０武蔵村山市緑が丘,４０１０,主要地方道新宿青梅線（都道５号）,立川３・２・４,新青梅街道,１０月１３日（水）,晴,自動車類上り大型車,264,244,311,328,288,211,213,201,217,157,107,63,2604,-,,
４０１８０武蔵村山市緑が丘,４０１０,主要地方道新宿青梅線（都道５号）,立川３・２・４,新青梅街道,１０月１３日（水）,晴,自動車類上り小型車,1251,1005,773,736,743,810,919,1026,1133,1245,1350,1386,12377,-,,
４０１８０武蔵村山市緑が丘,４０１０,主要地方道新宿青梅線（都道５号）,立川３・２・４,新青梅街道,１０月１３日（水）,晴,自動車類上り計,1515,1249,1084,1064,1031,1021,1132,1227,1350,1402,1457,1449,14981,-,,
４０１８０武蔵村山市緑が丘,４０１０,主要地方道新宿青梅線（都道５号）,立川３・２・４,新青梅街道,１０月１３日（水）,晴,自動車類下り大型車,233,242,233,274,246,270,257,244,205,185,165,113,2667,-,,
４０１８０武蔵村山市緑が丘,４０１０,主要地方道新宿青梅線（都道５号）,立川３・２・４,新青梅街道,１０月１３日（水）,晴,自動車類下り小型車,1346,1085,823,936,909,893,947,961,925,942,1036,1214,12017,-,,
４０１８０武蔵村山市緑が丘,４０１０,主要地方道新宿青梅線（都道５号）,立川３・２・４,新青梅街道,１０月１３日（水）,晴,自動車類下り計,1579,1327,1056,1210,1155,1163,1204,1205,1130,1127,1201,1327,14684,-,,
４０１８０武蔵村山市緑が丘,４０１０,主要地方道新宿青梅線（都道５号）,立川３・２・４,新青梅街道,１０月１３日（水）,晴,自動車類合計大型車,497,486,544,602,534,481,470,445,422,342,272,176,5271,-,,
４０１８０武蔵村山市緑が丘,４０１０,主要地方道新宿青梅線（都道５号）,立川３・２・４,新青梅街道,１０月１３日（水）,晴,自動車類合計小型車,2597,2090,1596,1672,1652,1703,1866,1987,2058,2187,2386,2600,24394,-,,
４０１８０武蔵村山市緑が丘,４０１０,主要地方道新宿青梅線（都道５号）,立川３・２・４,新青梅街道,１０月１３日（水）,晴,自動車類合計計,3094,2576,2140,2274,2186,2184,2336,2432,2480,2529,2658,2776,29665,-,,
４０１８０武蔵村山市緑が丘,４０１０,主要地方道新宿青梅線（都道５号）,立川３・２・４,新青梅街道,１０月１３日（水）,晴,二輪車類,61,61,28,30,30,30,58,39,45,69,68,87,606,,,
４０１８０武蔵村山市緑が丘,４０１０,主要地方道新宿青梅線（都道５号）,立川３・２・４,新青梅街道,１０月１３日（水）,晴,自転車類,214,195,98,83,59,71,94,60,103,129,101,105,1312,,,
４０１８０武蔵村山市緑が丘,４０１０,主要地方道新宿青梅線（都道５号）,立川３・２・４,新青梅街道,１０月１３日（水）,晴,歩行者類,41,27,18,62,79,20,21,19,22,45,42,23,419,,,
