﻿観測地点,Ｈ１７区間番号,路線名,都市計画路線名,通称道路名,調査日,天候,ピーク時間交通量（台／ｈ）,ピーク率（％）,混雑時平均旅行速度（ｋｍ／ｈ）,大型車台数（台／１２ｈ）,混入率（％）,混雑度,昼夜率,車線数,５８年度（台／１２ｈ）,６０年度（台／１２ｈ）,６３年度（台／１２ｈ）,２年度（台／１２ｈ）,６年度（台／１２ｈ）,９年度（台／１２ｈ）,１１年度（台／１２ｈ）,１７年度（台／１２ｈ）,２２年度（台／１２ｈ）
４０３４０国分寺市並木町３－２３－２,４０１６,主要地方道杉並あきる野線（都道７号）,国分寺３・４・１０,五日市街道,１０月１３日（水）,晴,908,8.7,14.2,1464,14.1,1.05,-,2,10540,10293,10219,10850,10612,11754,11976,9873,10412
,,,,,,,,,,,,,,,,,,,,,,,
観測地点,Ｈ１７区間番号,路線名,都市計画路線名,通称道路名,調査日,天候,時間・種別,７～８,８～９,９～１０,１０～１１,１１～１２,１２～１３,１３～１４,１４～１５,１５～１６,１６～１７,１７～１８,１８～１９,１２ｈ計,２４ｈ計,,
４０３４０国分寺市並木町３－２３－２,４０１６,主要地方道杉並あきる野線（都道７号）,国分寺３・４・１０,五日市街道,１０月１３日（水）,晴,自動車類上り大型車,93,81,94,82,63,67,62,46,44,41,21,17,711,-,,
４０３４０国分寺市並木町３－２３－２,４０１６,主要地方道杉並あきる野線（都道７号）,国分寺３・４・１０,五日市街道,１０月１３日（水）,晴,自動車類上り小型車,375,332,368,329,377,406,375,415,403,443,400,405,4628,-,,
４０３４０国分寺市並木町３－２３－２,４０１６,主要地方道杉並あきる野線（都道７号）,国分寺３・４・１０,五日市街道,１０月１３日（水）,晴,自動車類上り計,468,413,462,411,440,473,437,461,447,484,421,422,5339,-,,
４０３４０国分寺市並木町３－２３－２,４０１６,主要地方道杉並あきる野線（都道７号）,国分寺３・４・１０,五日市街道,１０月１３日（水）,晴,自動車類下り大型車,62,80,65,93,69,72,68,68,59,46,38,33,753,-,,
４０３４０国分寺市並木町３－２３－２,４０１６,主要地方道杉並あきる野線（都道７号）,国分寺３・４・１０,五日市街道,１０月１３日（水）,晴,自動車類下り小型車,330,335,326,282,368,358,371,379,396,358,412,405,4320,-,,
４０３４０国分寺市並木町３－２３－２,４０１６,主要地方道杉並あきる野線（都道７号）,国分寺３・４・１０,五日市街道,１０月１３日（水）,晴,自動車類下り計,392,415,391,375,437,430,439,447,455,404,450,438,5073,-,,
４０３４０国分寺市並木町３－２３－２,４０１６,主要地方道杉並あきる野線（都道７号）,国分寺３・４・１０,五日市街道,１０月１３日（水）,晴,自動車類合計大型車,155,161,159,175,132,139,130,114,103,87,59,50,1464,-,,
４０３４０国分寺市並木町３－２３－２,４０１６,主要地方道杉並あきる野線（都道７号）,国分寺３・４・１０,五日市街道,１０月１３日（水）,晴,自動車類合計小型車,705,667,694,611,745,764,746,794,799,801,812,810,8948,-,,
４０３４０国分寺市並木町３－２３－２,４０１６,主要地方道杉並あきる野線（都道７号）,国分寺３・４・１０,五日市街道,１０月１３日（水）,晴,自動車類合計計,860,828,853,786,877,903,876,908,902,888,871,860,10412,-,,
４０３４０国分寺市並木町３－２３－２,４０１６,主要地方道杉並あきる野線（都道７号）,国分寺３・４・１０,五日市街道,１０月１３日（水）,晴,二輪車類,-,-,-,-,-,-,-,-,-,-,-,-,-,,,
４０３４０国分寺市並木町３－２３－２,４０１６,主要地方道杉並あきる野線（都道７号）,国分寺３・４・１０,五日市街道,１０月１３日（水）,晴,自転車類,82,120,60,78,105,97,110,117,85,78,99,93,1124,,,
４０３４０国分寺市並木町３－２３－２,４０１６,主要地方道杉並あきる野線（都道７号）,国分寺３・４・１０,五日市街道,１０月１３日（水）,晴,歩行者類,7,8,6,15,16,27,9,24,20,22,20,22,196,,,
