﻿観測地点,Ｈ１７区間番号,路線名,都市計画路線名,通称道路名,調査日,天候,ピーク時間交通量（台／ｈ）,ピーク率（％）,混雑時平均旅行速度（ｋｍ／ｈ）,大型車台数（台／１２ｈ）,混入率（％）,混雑度,昼夜率,車線数,５８年度（台／１２ｈ）,６０年度（台／１２ｈ）,６３年度（台／１２ｈ）,２年度（台／１２ｈ）,６年度（台／１２ｈ）,９年度（台／１２ｈ）,１１年度（台／１２ｈ）,１７年度（台／１２ｈ）,２２年度（台／１２ｈ）
４０３８０福生市北田園１－５３－３,４０１７,主要地方道杉並あきる野線（都道７号）,福生３・４・２,五日市街道,１０月２８日（木）,雨,1840,10.7,23.4,2355,13.7,2.81,-,2,17482,16902,17227,17090,16352,17142,17783,18275,17152
,,,,,,,,,,,,,,,,,,,,,,,
観測地点,Ｈ１７区間番号,路線名,都市計画路線名,通称道路名,調査日,天候,時間・種別,７～８,８～９,９～１０,１０～１１,１１～１２,１２～１３,１３～１４,１４～１５,１５～１６,１６～１７,１７～１８,１８～１９,１２ｈ計,２４ｈ計,,
４０３８０福生市北田園１－５３－３,４０１７,主要地方道杉並あきる野線（都道７号）,福生３・４・２,五日市街道,１０月２８日（木）,雨,自動車類上り大型車,90,99,130,138,116,96,106,98,108,78,53,48,1160,-,,
４０３８０福生市北田園１－５３－３,４０１７,主要地方道杉並あきる野線（都道７号）,福生３・４・２,五日市街道,１０月２８日（木）,雨,自動車類上り小型車,982,859,613,560,577,524,533,523,584,581,779,677,7792,-,,
４０３８０福生市北田園１－５３－３,４０１７,主要地方道杉並あきる野線（都道７号）,福生３・４・２,五日市街道,１０月２８日（木）,雨,自動車類上り計,1072,958,743,698,693,620,639,621,692,659,832,725,8952,-,,
４０３８０福生市北田園１－５３－３,４０１７,主要地方道杉並あきる野線（都道７号）,福生３・４・２,五日市街道,１０月２８日（木）,雨,自動車類下り大型車,123,119,160,121,108,98,112,91,92,84,46,41,1195,-,,
４０３８０福生市北田園１－５３－３,４０１７,主要地方道杉並あきる野線（都道７号）,福生３・４・２,五日市街道,１０月２８日（木）,雨,自動車類下り小型車,645,684,521,511,495,469,505,512,571,620,692,780,7005,-,,
４０３８０福生市北田園１－５３－３,４０１７,主要地方道杉並あきる野線（都道７号）,福生３・４・２,五日市街道,１０月２８日（木）,雨,自動車類下り計,768,803,681,632,603,567,617,603,663,704,738,821,8200,-,,
４０３８０福生市北田園１－５３－３,４０１７,主要地方道杉並あきる野線（都道７号）,福生３・４・２,五日市街道,１０月２８日（木）,雨,自動車類合計大型車,213,218,290,259,224,194,218,189,200,162,99,89,2355,-,,
４０３８０福生市北田園１－５３－３,４０１７,主要地方道杉並あきる野線（都道７号）,福生３・４・２,五日市街道,１０月２８日（木）,雨,自動車類合計小型車,1627,1543,1134,1071,1072,993,1038,1035,1155,1201,1471,1457,14797,-,,
４０３８０福生市北田園１－５３－３,４０１７,主要地方道杉並あきる野線（都道７号）,福生３・４・２,五日市街道,１０月２８日（木）,雨,自動車類合計計,1840,1761,1424,1330,1296,1187,1256,1224,1355,1363,1570,1546,17152,-,,
４０３８０福生市北田園１－５３－３,４０１７,主要地方道杉並あきる野線（都道７号）,福生３・４・２,五日市街道,１０月２８日（木）,雨,二輪車類,80,57,52,36,42,43,36,36,55,57,54,54,602,,,
４０３８０福生市北田園１－５３－３,４０１７,主要地方道杉並あきる野線（都道７号）,福生３・４・２,五日市街道,１０月２８日（木）,雨,自転車類,90,72,15,8,13,8,17,8,28,20,45,20,344,,,
４０３８０福生市北田園１－５３－３,４０１７,主要地方道杉並あきる野線（都道７号）,福生３・４・２,五日市街道,１０月２８日（木）,雨,歩行者類,21,25,4,10,19,5,15,9,10,10,18,8,154,,,
