﻿観測地点,Ｈ１７区間番号,路線名,都市計画路線名,通称道路名,調査日,天候,ピーク時間交通量（台／ｈ）,ピーク率（％）,混雑時平均旅行速度（ｋｍ／ｈ）,大型車台数（台／１２ｈ）,混入率（％）,混雑度,昼夜率,車線数,５８年度（台／１２ｈ）,６０年度（台／１２ｈ）,６３年度（台／１２ｈ）,２年度（台／１２ｈ）,６年度（台／１２ｈ）,９年度（台／１２ｈ）,１１年度（台／１２ｈ）,１７年度（台／１２ｈ）,２２年度（台／１２ｈ）
４１７８０青梅市小曾木１－３３６２,４０６７,主要地方道瑞穂富岡線（都道４４号）,－,岩蔵街道,１０月２６日（火）,曇,1091,11.0,26.2,1393,14.1,0.95,-,2,3986,4480,5010,7499,9093,9466,11296,10624,9879
,,,,,,,,,,,,,,,,,,,,,,,
観測地点,Ｈ１７区間番号,路線名,都市計画路線名,通称道路名,調査日,天候,時間・種別,７～８,８～９,９～１０,１０～１１,１１～１２,１２～１３,１３～１４,１４～１５,１５～１６,１６～１７,１７～１８,１８～１９,１２ｈ計,２４ｈ計,,
４１７８０青梅市小曾木１－３３６２,４０６７,主要地方道瑞穂富岡線（都道４４号）,－,岩蔵街道,１０月２６日（火）,曇,自動車類上り大型車,59,68,83,75,77,43,56,79,72,44,45,10,711,-,,
４１７８０青梅市小曾木１－３３６２,４０６７,主要地方道瑞穂富岡線（都道４４号）,－,岩蔵街道,１０月２６日（火）,曇,自動車類上り小型車,571,473,338,299,267,238,274,333,353,449,478,290,4363,-,,
４１７８０青梅市小曾木１－３３６２,４０６７,主要地方道瑞穂富岡線（都道４４号）,－,岩蔵街道,１０月２６日（火）,曇,自動車類上り計,630,541,421,374,344,281,330,412,425,493,523,300,5074,-,,
４１７８０青梅市小曾木１－３３６２,４０６７,主要地方道瑞穂富岡線（都道４４号）,－,岩蔵街道,１０月２６日（火）,曇,自動車類下り大型車,32,59,77,85,92,47,63,71,68,50,22,16,682,-,,
４１７８０青梅市小曾木１－３３６２,４０６７,主要地方道瑞穂富岡線（都道４４号）,－,岩蔵街道,１０月２６日（火）,曇,自動車類下り小型車,397,491,282,249,258,277,261,292,300,373,463,480,4123,-,,
４１７８０青梅市小曾木１－３３６２,４０６７,主要地方道瑞穂富岡線（都道４４号）,－,岩蔵街道,１０月２６日（火）,曇,自動車類下り計,429,550,359,334,350,324,324,363,368,423,485,496,4805,-,,
４１７８０青梅市小曾木１－３３６２,４０６７,主要地方道瑞穂富岡線（都道４４号）,－,岩蔵街道,１０月２６日（火）,曇,自動車類合計大型車,91,127,160,160,169,90,119,150,140,94,67,26,1393,-,,
４１７８０青梅市小曾木１－３３６２,４０６７,主要地方道瑞穂富岡線（都道４４号）,－,岩蔵街道,１０月２６日（火）,曇,自動車類合計小型車,968,964,620,548,525,515,535,625,653,822,941,770,8486,-,,
４１７８０青梅市小曾木１－３３６２,４０６７,主要地方道瑞穂富岡線（都道４４号）,－,岩蔵街道,１０月２６日（火）,曇,自動車類合計計,1059,1091,780,708,694,605,654,775,793,916,1008,796,9879,-,,
４１７８０青梅市小曾木１－３３６２,４０６７,主要地方道瑞穂富岡線（都道４４号）,－,岩蔵街道,１０月２６日（火）,曇,二輪車類,24,15,22,7,9,6,8,14,11,11,25,16,168,,,
４１７８０青梅市小曾木１－３３６２,４０６７,主要地方道瑞穂富岡線（都道４４号）,－,岩蔵街道,１０月２６日（火）,曇,自転車類,3,4,1,2,2,0,1,3,2,0,1,4,23,,,
４１７８０青梅市小曾木１－３３６２,４０６７,主要地方道瑞穂富岡線（都道４４号）,－,岩蔵街道,１０月２６日（火）,曇,歩行者類,17,3,6,1,3,3,1,3,2,1,2,3,45,,,
