﻿観測地点,Ｈ１７区間番号,路線名,都市計画路線名,通称道路名,調査日,天候,ピーク時間交通量（台／ｈ）,ピーク率（％）,混雑時平均旅行速度（ｋｍ／ｈ）,大型車台数（台／１２ｈ）,混入率（％）,混雑度,昼夜率,車線数,５８年度（台／１２ｈ）,６０年度（台／１２ｈ）,６３年度（台／１２ｈ）,２年度（台／１２ｈ）,６年度（台／１２ｈ）,９年度（台／１２ｈ）,１１年度（台／１２ｈ）,１７年度（台／１２ｈ）,２２年度（台／１２ｈ）
６０２８０調布市深大寺東町７－４８,６０１４,一般都道武蔵野調布線（都道１２１号）,三鷹３・４・１７,三鷹通り,１０月２０日（水）,雨,989,9.2,11.4,1444,13.5,1.2,-,2,10540,10777,10562,10782,10756,10814,9627,9192,10712
,,,,,,,,,,,,,,,,,,,,,,,
観測地点,Ｈ１７区間番号,路線名,都市計画路線名,通称道路名,調査日,天候,時間・種別,７～８,８～９,９～１０,１０～１１,１１～１２,１２～１３,１３～１４,１４～１５,１５～１６,１６～１７,１７～１８,１８～１９,１２ｈ計,２４ｈ計,,
６０２８０調布市深大寺東町７－４８,６０１４,一般都道武蔵野調布線（都道１２１号）,三鷹３・４・１７,三鷹通り,１０月２０日（水）,雨,自動車類上り大型車,56,73,107,74,80,72,76,87,55,43,46,25,794,-,,
６０２８０調布市深大寺東町７－４８,６０１４,一般都道武蔵野調布線（都道１２１号）,三鷹３・４・１７,三鷹通り,１０月２０日（水）,雨,自動車類上り小型車,390,425,455,463,480,428,443,422,466,454,485,450,5361,-,,
６０２８０調布市深大寺東町７－４８,６０１４,一般都道武蔵野調布線（都道１２１号）,三鷹３・４・１７,三鷹通り,１０月２０日（水）,雨,自動車類上り計,446,498,562,537,560,500,519,509,521,497,531,475,6155,-,,
６０２８０調布市深大寺東町７－４８,６０１４,一般都道武蔵野調布線（都道１２１号）,三鷹３・４・１７,三鷹通り,１０月２０日（水）,雨,自動車類下り大型車,57,53,78,85,74,45,46,54,47,39,39,33,650,-,,
６０２８０調布市深大寺東町７－４８,６０１４,一般都道武蔵野調布線（都道１２１号）,三鷹３・４・１７,三鷹通り,１０月２０日（水）,雨,自動車類下り小型車,371,313,321,304,355,309,315,325,298,327,332,337,3907,-,,
６０２８０調布市深大寺東町７－４８,６０１４,一般都道武蔵野調布線（都道１２１号）,三鷹３・４・１７,三鷹通り,１０月２０日（水）,雨,自動車類下り計,428,366,399,389,429,354,361,379,345,366,371,370,4557,-,,
６０２８０調布市深大寺東町７－４８,６０１４,一般都道武蔵野調布線（都道１２１号）,三鷹３・４・１７,三鷹通り,１０月２０日（水）,雨,自動車類合計大型車,113,126,185,159,154,117,122,141,102,82,85,58,1444,-,,
６０２８０調布市深大寺東町７－４８,６０１４,一般都道武蔵野調布線（都道１２１号）,三鷹３・４・１７,三鷹通り,１０月２０日（水）,雨,自動車類合計小型車,761,738,776,767,835,737,758,747,764,781,817,787,9268,-,,
６０２８０調布市深大寺東町７－４８,６０１４,一般都道武蔵野調布線（都道１２１号）,三鷹３・４・１７,三鷹通り,１０月２０日（水）,雨,自動車類合計計,874,864,961,926,989,854,880,888,866,863,902,845,10712,-,,
６０２８０調布市深大寺東町７－４８,６０１４,一般都道武蔵野調布線（都道１２１号）,三鷹３・４・１７,三鷹通り,１０月２０日（水）,雨,二輪車類,-,-,-,-,-,-,-,-,-,-,-,-,-,,,
６０２８０調布市深大寺東町７－４８,６０１４,一般都道武蔵野調布線（都道１２１号）,三鷹３・４・１７,三鷹通り,１０月２０日（水）,雨,自転車類,357,570,254,252,267,246,265,255,272,340,345,376,3799,,,
６０２８０調布市深大寺東町７－４８,６０１４,一般都道武蔵野調布線（都道１２１号）,三鷹３・４・１７,三鷹通り,１０月２０日（水）,雨,歩行者類,38,72,61,58,71,113,51,44,45,63,85,103,804,,,
