﻿観測地点,Ｈ１７区間番号,路線名,都市計画路線名,通称道路名,調査日,天候,ピーク時間交通量（台／ｈ）,ピーク率（％）,混雑時平均旅行速度（ｋｍ／ｈ）,大型車台数（台／１２ｈ）,混入率（％）,混雑度,昼夜率,車線数,５８年度（台／１２ｈ）,６０年度（台／１２ｈ）,６３年度（台／１２ｈ）,２年度（台／１２ｈ）,６年度（台／１２ｈ）,９年度（台／１２ｈ）,１１年度（台／１２ｈ）,１７年度（台／１２ｈ）,２２年度（台／１２ｈ）
３０調布ＩＣ～稲城ＩＣ間,２,中央自動車道（富士吉田線）,－,（中央道）,１１月１０日（水）,晴,5739,9.5,19,7083,11.7,0.97,1.51,4,43001,46728,50170,59758,53710,56851,61125,58185,60542
,,,,,,,,,,,,,,,,,,,,,,,
観測地点,Ｈ１７区間番号,路線名,都市計画路線名,通称道路名,調査日,天候,時間・種別,７～８,８～９,９～１０,１０～１１,１１～１２,１２～１３,１３～１４,１４～１５,１５～１６,１６～１７,１７～１８,１８～１９,１２ｈ計,２４ｈ計,,
３０調布ＩＣ～稲城ＩＣ間,２,中央自動車道（富士吉田線）,－,（中央道）,１１月１０日（水）,晴,自動車類上り大型車,236,292,441,382,357,369,320,297,307,248,218,215,3682,7113,,
３０調布ＩＣ～稲城ＩＣ間,２,中央自動車道（富士吉田線）,－,（中央道）,１１月１０日（水）,晴,自動車類上り小型車,1991,1786,1725,1728,1773,1780,1842,2162,2590,2968,2748,2260,25353,37019,,
３０調布ＩＣ～稲城ＩＣ間,２,中央自動車道（富士吉田線）,－,（中央道）,１１月１０日（水）,晴,自動車類上り計,2227,2078,2166,2110,2130,2149,2162,2459,2897,3216,2966,2475,29035,44132,,
３０調布ＩＣ～稲城ＩＣ間,２,中央自動車道（富士吉田線）,－,（中央道）,１１月１０日（水）,晴,自動車類下り大型車,234,265,321,382,304,342,279,283,273,306,222,190,3401,6440,,
３０調布ＩＣ～稲城ＩＣ間,２,中央自動車道（富士吉田線）,－,（中央道）,１１月１０日（水）,晴,自動車類下り小型車,2544,2691,2458,2545,2359,2169,1841,2101,2051,2217,2505,2625,28106,41145,,
３０調布ＩＣ～稲城ＩＣ間,２,中央自動車道（富士吉田線）,－,（中央道）,１１月１０日（水）,晴,自動車類下り計,2778,2956,2779,2927,2663,2511,2120,2384,2324,2523,2727,2815,31507,47585,,
３０調布ＩＣ～稲城ＩＣ間,２,中央自動車道（富士吉田線）,－,（中央道）,１１月１０日（水）,晴,自動車類合計大型車,470,557,762,764,661,711,599,580,580,554,440,405,7083,13553,,
３０調布ＩＣ～稲城ＩＣ間,２,中央自動車道（富士吉田線）,－,（中央道）,１１月１０日（水）,晴,自動車類合計小型車,4535,4477,4183,4273,4132,3949,3683,4263,4641,5185,5253,4885,53459,78164,,
３０調布ＩＣ～稲城ＩＣ間,２,中央自動車道（富士吉田線）,－,（中央道）,１１月１０日（水）,晴,自動車類合計計,5005,5034,4945,5037,4793,4660,4282,4843,5221,5739,5693,5290,60542,91717,,
３０調布ＩＣ～稲城ＩＣ間,２,中央自動車道（富士吉田線）,－,（中央道）,１１月１０日（水）,晴,二輪車類,52,54,48,62,66,62,57,68,71,74,43,30,687,,,
３０調布ＩＣ～稲城ＩＣ間,２,中央自動車道（富士吉田線）,－,（中央道）,１１月１０日（水）,晴,自転車類,-,-,-,-,-,-,-,-,-,-,-,-,-,,,
３０調布ＩＣ～稲城ＩＣ間,２,中央自動車道（富士吉田線）,－,（中央道）,１１月１０日（水）,晴,歩行者類,-,-,-,-,-,-,-,-,-,-,-,-,-,,,
