﻿観測地点,Ｈ１７区間番号,路線名,都市計画路線名,通称道路名,調査日,天候,ピーク時間交通量（台／ｈ）,ピーク率（％）,混雑時平均旅行速度（ｋｍ／ｈ）,大型車台数（台／１２ｈ）,混入率（％）,混雑度,昼夜率,車線数,５８年度（台／１２ｈ）,６０年度（台／１２ｈ）,６３年度（台／１２ｈ）,２年度（台／１２ｈ）,６年度（台／１２ｈ）,９年度（台／１２ｈ）,１１年度（台／１２ｈ）,１７年度（台／１２ｈ）,２２年度（台／１２ｈ）
６２５６０小笠原村母島字元地,６１０２,一般都道沖港北港線（都道２４１号）,－,－,１１月１７日（水）,曇,119,14.3,32.3,96,11.6,0.34,-,1,241,312,371,400,421,462,450,574,831
,,,,,,,,,,,,,,,,,,,,,,,
観測地点,Ｈ１７区間番号,路線名,都市計画路線名,通称道路名,調査日,天候,時間・種別,７～８,８～９,９～１０,１０～１１,１１～１２,１２～１３,１３～１４,１４～１５,１５～１６,１６～１７,１７～１８,１８～１９,１２ｈ計,２４ｈ計,,
６２５６０小笠原村母島字元地,６１０２,一般都道沖港北港線（都道２４１号）,－,－,１１月１７日（水）,曇,自動車類上り大型車,5,12,3,3,4,2,3,6,6,1,1,0,46,-,,
６２５６０小笠原村母島字元地,６１０２,一般都道沖港北港線（都道２４１号）,－,－,１１月１７日（水）,曇,自動車類上り小型車,21,43,28,57,35,25,18,19,36,36,29,19,366,-,,
６２５６０小笠原村母島字元地,６１０２,一般都道沖港北港線（都道２４１号）,－,－,１１月１７日（水）,曇,自動車類上り計,26,55,31,60,39,27,21,25,42,37,30,19,412,-,,
６２５６０小笠原村母島字元地,６１０２,一般都道沖港北港線（都道２４１号）,－,－,１１月１７日（水）,曇,自動車類下り大型車,6,12,2,4,6,0,2,7,8,2,1,0,50,-,,
６２５６０小笠原村母島字元地,６１０２,一般都道沖港北港線（都道２４１号）,－,－,１１月１７日（水）,曇,自動車類下り小型車,47,47,24,55,51,16,15,11,28,34,29,12,369,-,,
６２５６０小笠原村母島字元地,６１０２,一般都道沖港北港線（都道２４１号）,－,－,１１月１７日（水）,曇,自動車類下り計,53,59,26,59,57,16,17,18,36,36,30,12,419,-,,
６２５６０小笠原村母島字元地,６１０２,一般都道沖港北港線（都道２４１号）,－,－,１１月１７日（水）,曇,自動車類合計大型車,11,24,5,7,10,2,5,13,14,3,2,0,96,-,,
６２５６０小笠原村母島字元地,６１０２,一般都道沖港北港線（都道２４１号）,－,－,１１月１７日（水）,曇,自動車類合計小型車,68,90,52,112,86,41,33,30,64,70,58,31,735,-,,
６２５６０小笠原村母島字元地,６１０２,一般都道沖港北港線（都道２４１号）,－,－,１１月１７日（水）,曇,自動車類合計計,79,114,57,119,96,43,38,43,78,73,60,31,831,-,,
６２５６０小笠原村母島字元地,６１０２,一般都道沖港北港線（都道２４１号）,－,－,１１月１７日（水）,曇,二輪車類,20,12,20,15,10,10,5,5,4,8,6,1,116,,,
６２５６０小笠原村母島字元地,６１０２,一般都道沖港北港線（都道２４１号）,－,－,１１月１７日（水）,曇,自転車類,16,3,4,5,0,16,11,1,1,0,10,7,74,,,
６２５６０小笠原村母島字元地,６１０２,一般都道沖港北港線（都道２４１号）,－,－,１１月１７日（水）,曇,歩行者類,19,10,26,14,10,9,12,6,14,5,24,8,157,,,
