﻿観測地点,Ｈ１７区間番号,路線名,都市計画路線名,通称道路名,調査日,天候,ピーク時間交通量（台／ｈ）,ピーク率（％）,混雑時平均旅行速度（ｋｍ／ｈ）,大型車台数（台／１２ｈ）,混入率（％）,混雑度,昼夜率,車線数,５８年度（台／１２ｈ）,６０年度（台／１２ｈ）,６３年度（台／１２ｈ）,２年度（台／１２ｈ）,６年度（台／１２ｈ）,９年度（台／１２ｈ）,１１年度（台／１２ｈ）,１７年度（台／１２ｈ）,２２年度（台／１２ｈ）
６０２２０調布市布田２－３０,６０１０,一般都道北浦上石原線（都道１１９号）,－,旧甲州街道,１０月１９日（火）,曇,525,10.3,11.3,915,17.9,0.7,-,2,6575,6570,6883,7555,7164,6189,6447,4441,5120
,,,,,,,,,,,,,,,,,,,,,,,
観測地点,Ｈ１７区間番号,路線名,都市計画路線名,通称道路名,調査日,天候,時間・種別,７～８,８～９,９～１０,１０～１１,１１～１２,１２～１３,１３～１４,１４～１５,１５～１６,１６～１７,１７～１８,１８～１９,１２ｈ計,２４ｈ計,,
６０２２０調布市布田２－３０,６０１０,一般都道北浦上石原線（都道１１９号）,－,旧甲州街道,１０月１９日（火）,曇,自動車類上り大型車,40,47,51,38,46,33,40,44,45,52,30,36,502,-,,
６０２２０調布市布田２－３０,６０１０,一般都道北浦上石原線（都道１１９号）,－,旧甲州街道,１０月１９日（火）,曇,自動車類上り小型車,128,143,148,170,188,199,202,202,219,265,246,240,2350,-,,
６０２２０調布市布田２－３０,６０１０,一般都道北浦上石原線（都道１１９号）,－,旧甲州街道,１０月１９日（火）,曇,自動車類上り計,168,190,199,208,234,232,242,246,264,317,276,276,2852,-,,
６０２２０調布市布田２－３０,６０１０,一般都道北浦上石原線（都道１１９号）,－,旧甲州街道,１０月１９日（火）,曇,自動車類下り大型車,25,37,37,48,39,31,39,37,39,24,28,29,413,-,,
６０２２０調布市布田２－３０,６０１０,一般都道北浦上石原線（都道１１９号）,－,旧甲州街道,１０月１９日（火）,曇,自動車類下り小型車,129,118,113,142,153,154,168,197,185,184,167,145,1855,-,,
６０２２０調布市布田２－３０,６０１０,一般都道北浦上石原線（都道１１９号）,－,旧甲州街道,１０月１９日（火）,曇,自動車類下り計,154,155,150,190,192,185,207,234,224,208,195,174,2268,-,,
６０２２０調布市布田２－３０,６０１０,一般都道北浦上石原線（都道１１９号）,－,旧甲州街道,１０月１９日（火）,曇,自動車類合計大型車,65,84,88,86,85,64,79,81,84,76,58,65,915,-,,
６０２２０調布市布田２－３０,６０１０,一般都道北浦上石原線（都道１１９号）,－,旧甲州街道,１０月１９日（火）,曇,自動車類合計小型車,257,261,261,312,341,353,370,399,404,449,413,385,4205,-,,
６０２２０調布市布田２－３０,６０１０,一般都道北浦上石原線（都道１１９号）,－,旧甲州街道,１０月１９日（火）,曇,自動車類合計計,322,345,349,398,426,417,449,480,488,525,471,450,5120,-,,
６０２２０調布市布田２－３０,６０１０,一般都道北浦上石原線（都道１１９号）,－,旧甲州街道,１０月１９日（火）,曇,二輪車類,59,41,50,42,45,58,59,52,55,79,79,89,708,,,
６０２２０調布市布田２－３０,６０１０,一般都道北浦上石原線（都道１１９号）,－,旧甲州街道,１０月１９日（火）,曇,自転車類,105,154,131,132,158,180,169,163,150,226,227,203,1998,,,
６０２２０調布市布田２－３０,６０１０,一般都道北浦上石原線（都道１１９号）,－,旧甲州街道,１０月１９日（火）,曇,歩行者類,185,215,182,188,255,327,235,199,240,257,333,344,2960,,,
