﻿観測地点,Ｈ１７区間番号,路線名,都市計画路線名,通称道路名,調査日,天候,ピーク時間交通量（台／ｈ）,ピーク率（％）,混雑時平均旅行速度（ｋｍ／ｈ）,大型車台数（台／１２ｈ）,混入率（％）,混雑度,昼夜率,車線数,５８年度（台／１２ｈ）,６０年度（台／１２ｈ）,６３年度（台／１２ｈ）,２年度（台／１２ｈ）,６年度（台／１２ｈ）,９年度（台／１２ｈ）,１１年度（台／１２ｈ）,１７年度（台／１２ｈ）,２２年度（台／１２ｈ）
６０７８０町田市小野路町４４５,４６０２８,一般都道町田日野線（都道１５６号）,－,－,１０月２１日（木）,雨,23,9.9,9.8,23,9.9,0.29,-,1,-,-,-,-,-,-,-,12483,232
,,,,,,,,,,,,,,,,,,,,,,,
観測地点,Ｈ１７区間番号,路線名,都市計画路線名,通称道路名,調査日,天候,時間・種別,７～８,８～９,９～１０,１０～１１,１１～１２,１２～１３,１３～１４,１４～１５,１５～１６,１６～１７,１７～１８,１８～１９,１２ｈ計,２４ｈ計,,
６０７８０町田市小野路町４４５,４６０２８,一般都道町田日野線（都道１５６号）,－,－,１０月２１日（木）,雨,自動車類上り大型車,1,0,2,1,0,0,2,0,2,2,1,0,11,-,,
６０７８０町田市小野路町４４５,４６０２８,一般都道町田日野線（都道１５６号）,－,－,１０月２１日（木）,雨,自動車類上り小型車,5,10,10,10,9,7,10,9,6,7,11,11,105,-,,
６０７８０町田市小野路町４４５,４６０２８,一般都道町田日野線（都道１５６号）,－,－,１０月２１日（木）,雨,自動車類上り計,6,10,12,11,9,7,12,9,8,9,12,11,116,-,,
６０７８０町田市小野路町４４５,４６０２８,一般都道町田日野線（都道１５６号）,－,－,１０月２１日（木）,雨,自動車類下り大型車,3,0,2,2,2,0,1,0,0,2,0,0,12,-,,
６０７８０町田市小野路町４４５,４６０２８,一般都道町田日野線（都道１５６号）,－,－,１０月２１日（木）,雨,自動車類下り小型車,13,8,6,8,9,6,10,5,13,8,6,12,104,-,,
６０７８０町田市小野路町４４５,４６０２８,一般都道町田日野線（都道１５６号）,－,－,１０月２１日（木）,雨,自動車類下り計,16,8,8,10,11,6,11,5,13,10,6,12,116,-,,
６０７８０町田市小野路町４４５,４６０２８,一般都道町田日野線（都道１５６号）,－,－,１０月２１日（木）,雨,自動車類合計大型車,4,0,4,3,2,0,3,0,2,4,1,0,23,-,,
６０７８０町田市小野路町４４５,４６０２８,一般都道町田日野線（都道１５６号）,－,－,１０月２１日（木）,雨,自動車類合計小型車,18,18,16,18,18,13,20,14,19,15,17,23,209,-,,
６０７８０町田市小野路町４４５,４６０２８,一般都道町田日野線（都道１５６号）,－,－,１０月２１日（木）,雨,自動車類合計計,22,18,20,21,20,13,23,14,21,19,18,23,232,-,,
６０７８０町田市小野路町４４５,４６０２８,一般都道町田日野線（都道１５６号）,－,－,１０月２１日（木）,雨,二輪車類,-,-,-,-,-,-,-,-,-,-,-,-,-,,,
６０７８０町田市小野路町４４５,４６０２８,一般都道町田日野線（都道１５６号）,－,－,１０月２１日（木）,雨,自転車類,7,0,0,2,0,0,0,0,0,0,6,0,15,,,
６０７８０町田市小野路町４４５,４６０２８,一般都道町田日野線（都道１５６号）,－,－,１０月２１日（木）,雨,歩行者類,3,0,2,1,0,2,0,0,0,0,3,1,12,,,
