﻿観測地点,Ｈ１７区間番号,路線名,都市計画路線名,通称道路名,調査日,天候,ピーク時間交通量（台／ｈ）,ピーク率（％）,混雑時平均旅行速度（ｋｍ／ｈ）,大型車台数（台／１２ｈ）,混入率（％）,混雑度,昼夜率,車線数,５８年度（台／１２ｈ）,６０年度（台／１２ｈ）,６３年度（台／１２ｈ）,２年度（台／１２ｈ）,６年度（台／１２ｈ）,９年度（台／１２ｈ）,１１年度（台／１２ｈ）,１７年度（台／１２ｈ）,２２年度（台／１２ｈ）
４０３７０福生市熊川１５６６,４０１６,主要地方道杉並あきる野線（都道７号）,－,五日市街道,１０月１４日（木）,曇,1029,9.8,20.3,1972,18.8,1.42,-,2,10540,10293,10219,10850,10612,11754,11976,9873,10487
,,,,,,,,,,,,,,,,,,,,,,,
観測地点,Ｈ１７区間番号,路線名,都市計画路線名,通称道路名,調査日,天候,時間・種別,７～８,８～９,９～１０,１０～１１,１１～１２,１２～１３,１３～１４,１４～１５,１５～１６,１６～１７,１７～１８,１８～１９,１２ｈ計,２４ｈ計,,
４０３７０福生市熊川１５６６,４０１６,主要地方道杉並あきる野線（都道７号）,－,五日市街道,１０月１４日（木）,曇,自動車類上り大型車,93,88,106,84,87,82,82,87,95,77,62,60,1003,-,,
４０３７０福生市熊川１５６６,４０１６,主要地方道杉並あきる野線（都道７号）,－,五日市街道,１０月１４日（木）,曇,自動車類上り小型車,498,406,380,306,325,378,368,328,391,371,478,446,4675,-,,
４０３７０福生市熊川１５６６,４０１６,主要地方道杉並あきる野線（都道７号）,－,五日市街道,１０月１４日（木）,曇,自動車類上り計,591,494,486,390,412,460,450,415,486,448,540,506,5678,-,,
４０３７０福生市熊川１５６６,４０１６,主要地方道杉並あきる野線（都道７号）,－,五日市街道,１０月１４日（木）,曇,自動車類下り大型車,78,73,108,85,91,81,112,83,88,77,53,40,969,-,,
４０３７０福生市熊川１５６６,４０１６,主要地方道杉並あきる野線（都道７号）,－,五日市街道,１０月１４日（木）,曇,自動車類下り小型車,360,265,279,264,293,321,295,317,347,330,368,401,3840,-,,
４０３７０福生市熊川１５６６,４０１６,主要地方道杉並あきる野線（都道７号）,－,五日市街道,１０月１４日（木）,曇,自動車類下り計,438,338,387,349,384,402,407,400,435,407,421,441,4809,-,,
４０３７０福生市熊川１５６６,４０１６,主要地方道杉並あきる野線（都道７号）,－,五日市街道,１０月１４日（木）,曇,自動車類合計大型車,171,161,214,169,178,163,194,170,183,154,115,100,1972,-,,
４０３７０福生市熊川１５６６,４０１６,主要地方道杉並あきる野線（都道７号）,－,五日市街道,１０月１４日（木）,曇,自動車類合計小型車,858,671,659,570,618,699,663,645,738,701,846,847,8515,-,,
４０３７０福生市熊川１５６６,４０１６,主要地方道杉並あきる野線（都道７号）,－,五日市街道,１０月１４日（木）,曇,自動車類合計計,1029,832,873,739,796,862,857,815,921,855,961,947,10487,-,,
４０３７０福生市熊川１５６６,４０１６,主要地方道杉並あきる野線（都道７号）,－,五日市街道,１０月１４日（木）,曇,二輪車類,-,-,-,-,-,-,-,-,-,-,-,-,-,,,
４０３７０福生市熊川１５６６,４０１６,主要地方道杉並あきる野線（都道７号）,－,五日市街道,１０月１４日（木）,曇,自転車類,-,-,-,-,-,-,-,-,-,-,-,-,-,,,
４０３７０福生市熊川１５６６,４０１６,主要地方道杉並あきる野線（都道７号）,－,五日市街道,１０月１４日（木）,曇,歩行者類,-,-,-,-,-,-,-,-,-,-,-,-,-,,,
