﻿観測地点,Ｈ１７区間番号,路線名,都市計画路線名,通称道路名,調査日,天候,ピーク時間交通量（台／ｈ）,ピーク率（％）,混雑時平均旅行速度（ｋｍ／ｈ）,大型車台数（台／１２ｈ）,混入率（％）,混雑度,昼夜率,車線数,５８年度（台／１２ｈ）,６０年度（台／１２ｈ）,６３年度（台／１２ｈ）,２年度（台／１２ｈ）,６年度（台／１２ｈ）,９年度（台／１２ｈ）,１１年度（台／１２ｈ）,１７年度（台／１２ｈ）,２２年度（台／１２ｈ）
６１８７０大島町泉津,６０７１,一般都道大島循環線（都道２０８号）,－,大島一周道路,１１月１６日（火）,曇,91,11.5,32.4,113,14.2,0.15,-,2,423,613,624,609,474,660,726,730,793
,,,,,,,,,,,,,,,,,,,,,,,
観測地点,Ｈ１７区間番号,路線名,都市計画路線名,通称道路名,調査日,天候,時間・種別,７～８,８～９,９～１０,１０～１１,１１～１２,１２～１３,１３～１４,１４～１５,１５～１６,１６～１７,１７～１８,１８～１９,１２ｈ計,２４ｈ計,,
６１８７０大島町泉津,６０７１,一般都道大島循環線（都道２０８号）,－,大島一周道路,１１月１６日（火）,曇,自動車類上り大型車,3,4,11,7,1,2,6,2,2,5,7,3,53,-,,
６１８７０大島町泉津,６０７１,一般都道大島循環線（都道２０８号）,－,大島一周道路,１１月１６日（火）,曇,自動車類上り小型車,32,35,29,29,30,23,26,25,29,24,31,22,335,-,,
６１８７０大島町泉津,６０７１,一般都道大島循環線（都道２０８号）,－,大島一周道路,１１月１６日（火）,曇,自動車類上り計,35,39,40,36,31,25,32,27,31,29,38,25,388,-,,
６１８７０大島町泉津,６０７１,一般都道大島循環線（都道２０８号）,－,大島一周道路,１１月１６日（火）,曇,自動車類下り大型車,2,7,10,9,4,3,4,6,2,6,3,4,60,-,,
６１８７０大島町泉津,６０７１,一般都道大島循環線（都道２０８号）,－,大島一周道路,１１月１６日（火）,曇,自動車類下り小型車,28,27,41,33,31,23,24,31,23,31,29,24,345,-,,
６１８７０大島町泉津,６０７１,一般都道大島循環線（都道２０８号）,－,大島一周道路,１１月１６日（火）,曇,自動車類下り計,30,34,51,42,35,26,28,37,25,37,32,28,405,-,,
６１８７０大島町泉津,６０７１,一般都道大島循環線（都道２０８号）,－,大島一周道路,１１月１６日（火）,曇,自動車類合計大型車,5,11,21,16,5,5,10,8,4,11,10,7,113,-,,
６１８７０大島町泉津,６０７１,一般都道大島循環線（都道２０８号）,－,大島一周道路,１１月１６日（火）,曇,自動車類合計小型車,60,62,70,62,61,46,50,56,52,55,60,46,680,-,,
６１８７０大島町泉津,６０７１,一般都道大島循環線（都道２０８号）,－,大島一周道路,１１月１６日（火）,曇,自動車類合計計,65,73,91,78,66,51,60,64,56,66,70,53,793,-,,
６１８７０大島町泉津,６０７１,一般都道大島循環線（都道２０８号）,－,大島一周道路,１１月１６日（火）,曇,二輪車類,1,0,0,0,2,5,1,1,0,2,3,0,15,,,
６１８７０大島町泉津,６０７１,一般都道大島循環線（都道２０８号）,－,大島一周道路,１１月１６日（火）,曇,自転車類,0,0,0,0,0,0,0,0,0,0,0,0,0,,,
６１８７０大島町泉津,６０７１,一般都道大島循環線（都道２０８号）,－,大島一周道路,１１月１６日（火）,曇,歩行者類,1,3,24,19,0,8,3,1,3,4,3,0,69,,,
