﻿観測地点,Ｈ１７区間番号,路線名,都市計画路線名,通称道路名,調査日,天候,ピーク時間交通量（台／ｈ）,ピーク率（％）,混雑時平均旅行速度（ｋｍ／ｈ）,大型車台数（台／１２ｈ）,混入率（％）,混雑度,昼夜率,車線数,５８年度（台／１２ｈ）,６０年度（台／１２ｈ）,６３年度（台／１２ｈ）,２年度（台／１２ｈ）,６年度（台／１２ｈ）,９年度（台／１２ｈ）,１１年度（台／１２ｈ）,１７年度（台／１２ｈ）,２２年度（台／１２ｈ）
１００４０相原ＩＣ～鑓水ＩＣ間（相原橋）,１００３,一般国道１６号（八王子バイパス）,町田３・３・４３,（八王子バイパス）,１１月１０日（水）,晴,2281,9.0,58.2,8776,34.8,0.47,1.61,4,-,-,9411,11759,17838,19825,17495,19016,25233
,,,,,,,,,,,,,,,,,,,,,,,
観測地点,Ｈ１７区間番号,路線名,都市計画路線名,通称道路名,調査日,天候,時間・種別,７～８,８～９,９～１０,１０～１１,１１～１２,１２～１３,１３～１４,１４～１５,１５～１６,１６～１７,１７～１８,１８～１９,１２ｈ計,２４ｈ計,,
１００４０相原ＩＣ～鑓水ＩＣ間（相原橋）,１００３,一般国道１６号（八王子バイパス）,町田３・３・４３,（八王子バイパス）,１１月１０日（水）,晴,自動車類上り大型車,334,340,360,441,424,422,436,410,356,292,263,241,4319,8049,,
１００４０相原ＩＣ～鑓水ＩＣ間（相原橋）,１００３,一般国道１６号（八王子バイパス）,町田３・３・４３,（八王子バイパス）,１１月１０日（水）,晴,自動車類上り小型車,709,635,573,601,584,579,568,627,679,743,819,883,8000,12316,,
１００４０相原ＩＣ～鑓水ＩＣ間（相原橋）,１００３,一般国道１６号（八王子バイパス）,町田３・３・４３,（八王子バイパス）,１１月１０日（水）,晴,自動車類上り計,1043,975,933,1042,1008,1001,1004,1037,1035,1035,1082,1124,12319,20365,,
１００４０相原ＩＣ～鑓水ＩＣ間（相原橋）,１００３,一般国道１６号（八王子バイパス）,町田３・３・４３,（八王子バイパス）,１１月１０日（水）,晴,自動車類下り大型車,305,399,436,503,482,414,400,350,382,321,255,210,4457,7668,,
１００４０相原ＩＣ～鑓水ＩＣ間（相原橋）,１００３,一般国道１６号（八王子バイパス）,町田３・３・４３,（八王子バイパス）,１１月１０日（水）,晴,自動車類下り小型車,933,723,630,519,619,577,611,613,723,685,943,881,8457,12659,,
１００４０相原ＩＣ～鑓水ＩＣ間（相原橋）,１００３,一般国道１６号（八王子バイパス）,町田３・３・４３,（八王子バイパス）,１１月１０日（水）,晴,自動車類下り計,1238,1122,1066,1022,1101,991,1011,963,1105,1006,1198,1091,12914,20327,,
１００４０相原ＩＣ～鑓水ＩＣ間（相原橋）,１００３,一般国道１６号（八王子バイパス）,町田３・３・４３,（八王子バイパス）,１１月１０日（水）,晴,自動車類合計大型車,639,739,796,944,906,836,836,760,738,613,518,451,8776,15717,,
１００４０相原ＩＣ～鑓水ＩＣ間（相原橋）,１００３,一般国道１６号（八王子バイパス）,町田３・３・４３,（八王子バイパス）,１１月１０日（水）,晴,自動車類合計小型車,1642,1358,1203,1120,1203,1156,1179,1240,1402,1428,1762,1764,16457,24975,,
１００４０相原ＩＣ～鑓水ＩＣ間（相原橋）,１００３,一般国道１６号（八王子バイパス）,町田３・３・４３,（八王子バイパス）,１１月１０日（水）,晴,自動車類合計計,2281,2097,1999,2064,2109,1992,2015,2000,2140,2041,2280,2215,25233,40692,,
１００４０相原ＩＣ～鑓水ＩＣ間（相原橋）,１００３,一般国道１６号（八王子バイパス）,町田３・３・４３,（八王子バイパス）,１１月１０日（水）,晴,二輪車類,67,66,25,47,42,40,33,44,48,45,59,60,576,,,
１００４０相原ＩＣ～鑓水ＩＣ間（相原橋）,１００３,一般国道１６号（八王子バイパス）,町田３・３・４３,（八王子バイパス）,１１月１０日（水）,晴,自転車類,-,-,-,-,-,-,-,-,-,-,-,-,-,,,
１００４０相原ＩＣ～鑓水ＩＣ間（相原橋）,１００３,一般国道１６号（八王子バイパス）,町田３・３・４３,（八王子バイパス）,１１月１０日（水）,晴,歩行者類,-,-,-,-,-,-,-,-,-,-,-,-,-,,,
