﻿観測地点,Ｈ１７区間番号,路線名,都市計画路線名,通称道路名,調査日,天候,ピーク時間交通量（台／ｈ）,ピーク率（％）,混雑時平均旅行速度（ｋｍ／ｈ）,大型車台数（台／１２ｈ）,混入率（％）,混雑度,昼夜率,車線数,５８年度（台／１２ｈ）,６０年度（台／１２ｈ）,６３年度（台／１２ｈ）,２年度（台／１２ｈ）,６年度（台／１２ｈ）,９年度（台／１２ｈ）,１１年度（台／１２ｈ）,１７年度（台／１２ｈ）,２２年度（台／１２ｈ）
４０７３０小金井市前原町５－３－２４,４０２７,主要地方道府中清瀬線（都道１５号）,－,小金井街道,１０月２０日（水）,雨,626,9.0,19.1,966,13.9,0.79,-,2,6047,6068,6166,6906,7550,7104,7096,7210,6960
,,,,,,,,,,,,,,,,,,,,,,,
観測地点,Ｈ１７区間番号,路線名,都市計画路線名,通称道路名,調査日,天候,時間・種別,７～８,８～９,９～１０,１０～１１,１１～１２,１２～１３,１３～１４,１４～１５,１５～１６,１６～１７,１７～１８,１８～１９,１２ｈ計,２４ｈ計,,
４０７３０小金井市前原町５－３－２４,４０２７,主要地方道府中清瀬線（都道１５号）,－,小金井街道,１０月２０日（水）,雨,自動車類上り大型車,46,55,42,37,45,29,38,38,46,47,30,23,476,-,,
４０７３０小金井市前原町５－３－２４,４０２７,主要地方道府中清瀬線（都道１５号）,－,小金井街道,１０月２０日（水）,雨,自動車類上り小型車,222,259,255,262,259,264,251,251,281,256,256,257,3073,-,,
４０７３０小金井市前原町５－３－２４,４０２７,主要地方道府中清瀬線（都道１５号）,－,小金井街道,１０月２０日（水）,雨,自動車類上り計,268,314,297,299,304,293,289,289,327,303,286,280,3549,-,,
４０７３０小金井市前原町５－３－２４,４０２７,主要地方道府中清瀬線（都道１５号）,－,小金井街道,１０月２０日（水）,雨,自動車類下り大型車,60,51,41,61,38,42,36,38,36,31,28,28,490,-,,
４０７３０小金井市前原町５－３－２４,４０２７,主要地方道府中清瀬線（都道１５号）,－,小金井街道,１０月２０日（水）,雨,自動車類下り小型車,216,225,245,266,225,261,243,242,245,256,240,257,2921,-,,
４０７３０小金井市前原町５－３－２４,４０２７,主要地方道府中清瀬線（都道１５号）,－,小金井街道,１０月２０日（水）,雨,自動車類下り計,276,276,286,327,263,303,279,280,281,287,268,285,3411,-,,
４０７３０小金井市前原町５－３－２４,４０２７,主要地方道府中清瀬線（都道１５号）,－,小金井街道,１０月２０日（水）,雨,自動車類合計大型車,106,106,83,98,83,71,74,76,82,78,58,51,966,-,,
４０７３０小金井市前原町５－３－２４,４０２７,主要地方道府中清瀬線（都道１５号）,－,小金井街道,１０月２０日（水）,雨,自動車類合計小型車,438,484,500,528,484,525,494,493,526,512,496,514,5994,-,,
４０７３０小金井市前原町５－３－２４,４０２７,主要地方道府中清瀬線（都道１５号）,－,小金井街道,１０月２０日（水）,雨,自動車類合計計,544,590,583,626,567,596,568,569,608,590,554,565,6960,-,,
４０７３０小金井市前原町５－３－２４,４０２７,主要地方道府中清瀬線（都道１５号）,－,小金井街道,１０月２０日（水）,雨,二輪車類,-,-,-,-,-,-,-,-,-,-,-,-,-,,,
４０７３０小金井市前原町５－３－２４,４０２７,主要地方道府中清瀬線（都道１５号）,－,小金井街道,１０月２０日（水）,雨,自転車類,85,119,84,73,72,55,75,72,58,108,100,93,994,,,
４０７３０小金井市前原町５－３－２４,４０２７,主要地方道府中清瀬線（都道１５号）,－,小金井街道,１０月２０日（水）,雨,歩行者類,63,107,75,46,27,66,76,33,33,76,94,69,765,,,
