﻿観測地点,Ｈ１７区間番号,路線名,都市計画路線名,通称道路名,調査日,天候,ピーク時間交通量（台／ｈ）,ピーク率（％）,混雑時平均旅行速度（ｋｍ／ｈ）,大型車台数（台／１２ｈ）,混入率（％）,混雑度,昼夜率,車線数,５８年度（台／１２ｈ）,６０年度（台／１２ｈ）,６３年度（台／１２ｈ）,２年度（台／１２ｈ）,６年度（台／１２ｈ）,９年度（台／１２ｈ）,１１年度（台／１２ｈ）,１７年度（台／１２ｈ）,２２年度（台／１２ｈ）
４１３３０青梅市富岡１－６６,４０４７,主要地方道青梅飯能線（都道２８号）,－,小曽木街道,１０月２８日（木）,雨,699,14.5,27.3,664,13.7,0.41,-,2,2313,2468,3342,4708,6730,6682,6539,6222,4834
,,,,,,,,,,,,,,,,,,,,,,,
観測地点,Ｈ１７区間番号,路線名,都市計画路線名,通称道路名,調査日,天候,時間・種別,７～８,８～９,９～１０,１０～１１,１１～１２,１２～１３,１３～１４,１４～１５,１５～１６,１６～１７,１７～１８,１８～１９,１２ｈ計,２４ｈ計,,
４１３３０青梅市富岡１－６６,４０４７,主要地方道青梅飯能線（都道２８号）,－,小曽木街道,１０月２８日（木）,雨,自動車類上り大型車,37,43,16,19,30,40,36,47,18,10,19,5,320,-,,
４１３３０青梅市富岡１－６６,４０４７,主要地方道青梅飯能線（都道２８号）,－,小曽木街道,１０月２８日（木）,雨,自動車類上り小型車,376,289,128,133,125,104,138,147,163,159,185,143,2090,-,,
４１３３０青梅市富岡１－６６,４０４７,主要地方道青梅飯能線（都道２８号）,－,小曽木街道,１０月２８日（木）,雨,自動車類上り計,413,332,144,152,155,144,174,194,181,169,204,148,2410,-,,
４１３３０青梅市富岡１－６６,４０４７,主要地方道青梅飯能線（都道２８号）,－,小曽木街道,１０月２８日（木）,雨,自動車類下り大型車,36,48,19,26,46,29,37,40,18,17,12,16,344,-,,
４１３３０青梅市富岡１－６６,４０４７,主要地方道青梅飯能線（都道２８号）,－,小曽木街道,１０月２８日（木）,雨,自動車類下り小型車,250,172,116,143,116,129,114,142,192,202,236,268,2080,-,,
４１３３０青梅市富岡１－６６,４０４７,主要地方道青梅飯能線（都道２８号）,－,小曽木街道,１０月２８日（木）,雨,自動車類下り計,286,220,135,169,162,158,151,182,210,219,248,284,2424,-,,
４１３３０青梅市富岡１－６６,４０４７,主要地方道青梅飯能線（都道２８号）,－,小曽木街道,１０月２８日（木）,雨,自動車類合計大型車,73,91,35,45,76,69,73,87,36,27,31,21,664,-,,
４１３３０青梅市富岡１－６６,４０４７,主要地方道青梅飯能線（都道２８号）,－,小曽木街道,１０月２８日（木）,雨,自動車類合計小型車,626,461,244,276,241,233,252,289,355,361,421,411,4170,-,,
４１３３０青梅市富岡１－６６,４０４７,主要地方道青梅飯能線（都道２８号）,－,小曽木街道,１０月２８日（木）,雨,自動車類合計計,699,552,279,321,317,302,325,376,391,388,452,432,4834,-,,
４１３３０青梅市富岡１－６６,４０４７,主要地方道青梅飯能線（都道２８号）,－,小曽木街道,１０月２８日（木）,雨,二輪車類,-,-,-,-,-,-,-,-,-,-,-,-,-,,,
４１３３０青梅市富岡１－６６,４０４７,主要地方道青梅飯能線（都道２８号）,－,小曽木街道,１０月２８日（木）,雨,自転車類,1,1,1,0,0,0,0,3,4,1,0,2,13,,,
４１３３０青梅市富岡１－６６,４０４７,主要地方道青梅飯能線（都道２８号）,－,小曽木街道,１０月２８日（木）,雨,歩行者類,5,3,2,0,3,4,1,1,3,2,9,1,34,,,
