﻿観測地点,Ｈ１７区間番号,路線名,都市計画路線名,通称道路名,調査日,天候,ピーク時間交通量（台／ｈ）,ピーク率（％）,混雑時平均旅行速度（ｋｍ／ｈ）,大型車台数（台／１２ｈ）,混入率（％）,混雑度,昼夜率,車線数,５８年度（台／１２ｈ）,６０年度（台／１２ｈ）,６３年度（台／１２ｈ）,２年度（台／１２ｈ）,６年度（台／１２ｈ）,９年度（台／１２ｈ）,１１年度（台／１２ｈ）,１７年度（台／１２ｈ）,２２年度（台／１２ｈ）
６１４５０西多摩郡奥多摩町梅沢７８７,６０５３,一般都道奥多摩あきる野線（都道１８４号）,－,－,１０月２８日（木）,雨,201,11.4,30.2,114,6.5,0.27,-,2,787,718,629,998,1069,951,973,1988,1757
,,,,,,,,,,,,,,,,,,,,,,,
観測地点,Ｈ１７区間番号,路線名,都市計画路線名,通称道路名,調査日,天候,時間・種別,７～８,８～９,９～１０,１０～１１,１１～１２,１２～１３,１３～１４,１４～１５,１５～１６,１６～１７,１７～１８,１８～１９,１２ｈ計,２４ｈ計,,
６１４５０西多摩郡奥多摩町梅沢７８７,６０５３,一般都道奥多摩あきる野線（都道１８４号）,－,－,１０月２８日（木）,雨,自動車類上り大型車,2,9,1,10,5,3,5,7,5,3,2,1,53,-,,
６１４５０西多摩郡奥多摩町梅沢７８７,６０５３,一般都道奥多摩あきる野線（都道１８４号）,－,－,１０月２８日（木）,雨,自動車類上り小型車,103,111,66,69,72,54,56,46,57,56,62,41,793,-,,
６１４５０西多摩郡奥多摩町梅沢７８７,６０５３,一般都道奥多摩あきる野線（都道１８４号）,－,－,１０月２８日（木）,雨,自動車類上り計,105,120,67,79,77,57,61,53,62,59,64,42,846,-,,
６１４５０西多摩郡奥多摩町梅沢７８７,６０５３,一般都道奥多摩あきる野線（都道１８４号）,－,－,１０月２８日（木）,雨,自動車類下り大型車,4,1,6,2,9,8,4,6,10,8,2,1,61,-,,
６１４５０西多摩郡奥多摩町梅沢７８７,６０５３,一般都道奥多摩あきる野線（都道１８４号）,－,－,１０月２８日（木）,雨,自動車類下り小型車,64,80,71,74,44,66,64,44,71,93,117,62,850,-,,
６１４５０西多摩郡奥多摩町梅沢７８７,６０５３,一般都道奥多摩あきる野線（都道１８４号）,－,－,１０月２８日（木）,雨,自動車類下り計,68,81,77,76,53,74,68,50,81,101,119,63,911,-,,
６１４５０西多摩郡奥多摩町梅沢７８７,６０５３,一般都道奥多摩あきる野線（都道１８４号）,－,－,１０月２８日（木）,雨,自動車類合計大型車,6,10,7,12,14,11,9,13,15,11,4,2,114,-,,
６１４５０西多摩郡奥多摩町梅沢７８７,６０５３,一般都道奥多摩あきる野線（都道１８４号）,－,－,１０月２８日（木）,雨,自動車類合計小型車,167,191,137,143,116,120,120,90,128,149,179,103,1643,-,,
６１４５０西多摩郡奥多摩町梅沢７８７,６０５３,一般都道奥多摩あきる野線（都道１８４号）,－,－,１０月２８日（木）,雨,自動車類合計計,173,201,144,155,130,131,129,103,143,160,183,105,1757,-,,
６１４５０西多摩郡奥多摩町梅沢７８７,６０５３,一般都道奥多摩あきる野線（都道１８４号）,－,－,１０月２８日（木）,雨,二輪車類,4,4,1,4,1,0,2,2,0,0,6,0,24,,,
６１４５０西多摩郡奥多摩町梅沢７８７,６０５３,一般都道奥多摩あきる野線（都道１８４号）,－,－,１０月２８日（木）,雨,自転車類,1,0,0,1,0,0,1,0,2,1,0,0,6,,,
６１４５０西多摩郡奥多摩町梅沢７８７,６０５３,一般都道奥多摩あきる野線（都道１８４号）,－,－,１０月２８日（木）,雨,歩行者類,36,6,6,9,2,5,3,5,7,11,4,11,105,,,
