﻿観測地点,Ｈ１７区間番号,路線名,都市計画路線名,通称道路名,調査日,天候,ピーク時間交通量（台／ｈ）,ピーク率（％）,混雑時平均旅行速度（ｋｍ／ｈ）,大型車台数（台／１２ｈ）,混入率（％）,混雑度,昼夜率,車線数,５８年度（台／１２ｈ）,６０年度（台／１２ｈ）,６３年度（台／１２ｈ）,２年度（台／１２ｈ）,６年度（台／１２ｈ）,９年度（台／１２ｈ）,１１年度（台／１２ｈ）,１７年度（台／１２ｈ）,２２年度（台／１２ｈ）
４０１９０武蔵村山市中原２－３－１,４０１１,主要地方道新宿青梅線（都道５号）,立川３・２・４,新青梅街道,１０月２８日（木）,雨,3181,10.0,19.8,5550,17.4,1.72,-,4,27934,29236,27147,29113,27499,30262,34774,36576,31872
,,,,,,,,,,,,,,,,,,,,,,,
観測地点,Ｈ１７区間番号,路線名,都市計画路線名,通称道路名,調査日,天候,時間・種別,７～８,８～９,９～１０,１０～１１,１１～１２,１２～１３,１３～１４,１４～１５,１５～１６,１６～１７,１７～１８,１８～１９,１２ｈ計,２４ｈ計,,
４０１９０武蔵村山市中原２－３－１,４０１１,主要地方道新宿青梅線（都道５号）,立川３・２・４,新青梅街道,１０月２８日（木）,雨,自動車類上り大型車,301,305,329,275,252,191,202,232,188,159,154,112,2700,-,,
４０１９０武蔵村山市中原２－３－１,４０１１,主要地方道新宿青梅線（都道５号）,立川３・２・４,新青梅街道,１０月２８日（木）,雨,自動車類上り小型車,1340,1101,925,885,968,940,1090,1031,1153,1188,1327,1310,13258,-,,
４０１９０武蔵村山市中原２－３－１,４０１１,主要地方道新宿青梅線（都道５号）,立川３・２・４,新青梅街道,１０月２８日（木）,雨,自動車類上り計,1641,1406,1254,1160,1220,1131,1292,1263,1341,1347,1481,1422,15958,-,,
４０１９０武蔵村山市中原２－３－１,４０１１,主要地方道新宿青梅線（都道５号）,立川３・２・４,新青梅街道,１０月２８日（木）,雨,自動車類下り大型車,202,261,318,319,286,263,225,254,240,236,149,97,2850,-,,
４０１９０武蔵村山市中原２－３－１,４０１１,主要地方道新宿青梅線（都道５号）,立川３・２・４,新青梅街道,１０月２８日（木）,雨,自動車類下り小型車,1338,1110,908,1076,957,1056,988,1090,1095,1156,1145,1145,13064,-,,
４０１９０武蔵村山市中原２－３－１,４０１１,主要地方道新宿青梅線（都道５号）,立川３・２・４,新青梅街道,１０月２８日（木）,雨,自動車類下り計,1540,1371,1226,1395,1243,1319,1213,1344,1335,1392,1294,1242,15914,-,,
４０１９０武蔵村山市中原２－３－１,４０１１,主要地方道新宿青梅線（都道５号）,立川３・２・４,新青梅街道,１０月２８日（木）,雨,自動車類合計大型車,503,566,647,594,538,454,427,486,428,395,303,209,5550,-,,
４０１９０武蔵村山市中原２－３－１,４０１１,主要地方道新宿青梅線（都道５号）,立川３・２・４,新青梅街道,１０月２８日（木）,雨,自動車類合計小型車,2678,2211,1833,1961,1925,1996,2078,2121,2248,2344,2472,2455,26322,-,,
４０１９０武蔵村山市中原２－３－１,４０１１,主要地方道新宿青梅線（都道５号）,立川３・２・４,新青梅街道,１０月２８日（木）,雨,自動車類合計計,3181,2777,2480,2555,2463,2450,2505,2607,2676,2739,2775,2664,31872,-,,
４０１９０武蔵村山市中原２－３－１,４０１１,主要地方道新宿青梅線（都道５号）,立川３・２・４,新青梅街道,１０月２８日（木）,雨,二輪車類,59,60,55,54,37,56,56,65,60,70,90,85,747,,,
４０１９０武蔵村山市中原２－３－１,４０１１,主要地方道新宿青梅線（都道５号）,立川３・２・４,新青梅街道,１０月２８日（木）,雨,自転車類,41,38,10,9,2,4,10,8,6,10,20,33,191,,,
４０１９０武蔵村山市中原２－３－１,４０１１,主要地方道新宿青梅線（都道５号）,立川３・２・４,新青梅街道,１０月２８日（木）,雨,歩行者類,2,5,2,5,2,10,1,4,7,2,7,5,52,,,
