﻿観測地点,Ｈ１７区間番号,路線名,都市計画路線名,通称道路名,調査日,天候,ピーク時間交通量（台／ｈ）,ピーク率（％）,混雑時平均旅行速度（ｋｍ／ｈ）,大型車台数（台／１２ｈ）,混入率（％）,混雑度,昼夜率,車線数,５８年度（台／１２ｈ）,６０年度（台／１２ｈ）,６３年度（台／１２ｈ）,２年度（台／１２ｈ）,６年度（台／１２ｈ）,９年度（台／１２ｈ）,１１年度（台／１２ｈ）,１７年度（台／１２ｈ）,２２年度（台／１２ｈ）
４２１９０立川市一番町１－６,４０８６,主要地方道八王子武蔵村山線（都道５９号）,立川３・４・９,（東文化通り）,１０月１４日（木）,曇,723,9.5,13.6,1558,20.5,0.37,-,2,4931,1869,5038,5629,5358,7263,7380,7404,7616
,,,,,,,,,,,,,,,,,,,,,,,
観測地点,Ｈ１７区間番号,路線名,都市計画路線名,通称道路名,調査日,天候,時間・種別,７～８,８～９,９～１０,１０～１１,１１～１２,１２～１３,１３～１４,１４～１５,１５～１６,１６～１７,１７～１８,１８～１９,１２ｈ計,２４ｈ計,,
４２１９０立川市一番町１－６,４０８６,主要地方道八王子武蔵村山線（都道５９号）,立川３・４・９,（東文化通り）,１０月１４日（木）,曇,自動車類上り大型車,83,84,80,90,87,83,83,75,70,58,32,34,859,-,,
４２１９０立川市一番町１－６,４０８６,主要地方道八王子武蔵村山線（都道５９号）,立川３・４・９,（東文化通り）,１０月１４日（木）,曇,自動車類上り小型車,365,355,261,200,212,234,258,274,291,307,322,302,3381,-,,
４２１９０立川市一番町１－６,４０８６,主要地方道八王子武蔵村山線（都道５９号）,立川３・４・９,（東文化通り）,１０月１４日（木）,曇,自動車類上り計,448,439,341,290,299,317,341,349,361,365,354,336,4240,-,,
４２１９０立川市一番町１－６,４０８６,主要地方道八王子武蔵村山線（都道５９号）,立川３・４・９,（東文化通り）,１０月１４日（木）,曇,自動車類下り大型車,50,72,93,74,67,58,53,66,52,45,38,31,699,-,,
４２１９０立川市一番町１－６,４０８６,主要地方道八王子武蔵村山線（都道５９号）,立川３・４・９,（東文化通り）,１０月１４日（木）,曇,自動車類下り小型車,217,212,190,225,200,220,212,213,231,245,254,258,2677,-,,
４２１９０立川市一番町１－６,４０８６,主要地方道八王子武蔵村山線（都道５９号）,立川３・４・９,（東文化通り）,１０月１４日（木）,曇,自動車類下り計,267,284,283,299,267,278,265,279,283,290,292,289,3376,-,,
４２１９０立川市一番町１－６,４０８６,主要地方道八王子武蔵村山線（都道５９号）,立川３・４・９,（東文化通り）,１０月１４日（木）,曇,自動車類合計大型車,133,156,173,164,154,141,136,141,122,103,70,65,1558,-,,
４２１９０立川市一番町１－６,４０８６,主要地方道八王子武蔵村山線（都道５９号）,立川３・４・９,（東文化通り）,１０月１４日（木）,曇,自動車類合計小型車,582,567,451,425,412,454,470,487,522,552,576,560,6058,-,,
４２１９０立川市一番町１－６,４０８６,主要地方道八王子武蔵村山線（都道５９号）,立川３・４・９,（東文化通り）,１０月１４日（木）,曇,自動車類合計計,715,723,624,589,566,595,606,628,644,655,646,625,7616,-,,
４２１９０立川市一番町１－６,４０８６,主要地方道八王子武蔵村山線（都道５９号）,立川３・４・９,（東文化通り）,１０月１４日（木）,曇,二輪車類,29,24,9,10,8,11,8,8,9,18,20,19,173,,,
４２１９０立川市一番町１－６,４０８６,主要地方道八王子武蔵村山線（都道５９号）,立川３・４・９,（東文化通り）,１０月１４日（木）,曇,自転車類,163,206,107,68,68,66,72,57,85,93,147,123,1255,,,
４２１９０立川市一番町１－６,４０８６,主要地方道八王子武蔵村山線（都道５９号）,立川３・４・９,（東文化通り）,１０月１４日（木）,曇,歩行者類,43,25,15,19,19,21,20,23,21,19,32,39,296,,,
