﻿観測地点,Ｈ１７区間番号,路線名,都市計画路線名,通称道路名,調査日,天候,ピーク時間交通量（台／ｈ）,ピーク率（％）,混雑時平均旅行速度（ｋｍ／ｈ）,大型車台数（台／１２ｈ）,混入率（％）,混雑度,昼夜率,車線数,５８年度（台／１２ｈ）,６０年度（台／１２ｈ）,６３年度（台／１２ｈ）,２年度（台／１２ｈ）,６年度（台／１２ｈ）,９年度（台／１２ｈ）,１１年度（台／１２ｈ）,１７年度（台／１２ｈ）,２２年度（台／１２ｈ）
１０３７０西多摩郡奥多摩町河内３７８,１０５９,一般国道４１１号,－,青梅街道,１０月２８日（木）,雨,122,10.6,39.9,150,13.1,0.23,-,2,1467,1505,1267,1729,2409,2624,2028,1863,1149
,,,,,,,,,,,,,,,,,,,,,,,
観測地点,Ｈ１７区間番号,路線名,都市計画路線名,通称道路名,調査日,天候,時間・種別,７～８,８～９,９～１０,１０～１１,１１～１２,１２～１３,１３～１４,１４～１５,１５～１６,１６～１７,１７～１８,１８～１９,１２ｈ計,２４ｈ計,,
１０３７０西多摩郡奥多摩町河内３７８,１０５９,一般国道４１１号,－,青梅街道,１０月２８日（木）,雨,自動車類上り大型車,6,5,10,5,10,11,2,7,14,4,2,4,80,-,,
１０３７０西多摩郡奥多摩町河内３７８,１０５９,一般国道４１１号,－,青梅街道,１０月２８日（木）,雨,自動車類上り小型車,43,31,45,41,41,49,54,54,53,42,19,32,504,-,,
１０３７０西多摩郡奥多摩町河内３７８,１０５９,一般国道４１１号,－,青梅街道,１０月２８日（木）,雨,自動車類上り計,49,36,55,46,51,60,56,61,67,46,21,36,584,-,,
１０３７０西多摩郡奥多摩町河内３７８,１０５９,一般国道４１１号,－,青梅街道,１０月２８日（木）,雨,自動車類下り大型車,7,5,14,10,12,5,4,3,2,3,3,2,70,-,,
１０３７０西多摩郡奥多摩町河内３７８,１０５９,一般国道４１１号,－,青梅街道,１０月２８日（木）,雨,自動車類下り小型車,47,42,53,43,45,42,35,44,46,39,34,25,495,-,,
１０３７０西多摩郡奥多摩町河内３７８,１０５９,一般国道４１１号,－,青梅街道,１０月２８日（木）,雨,自動車類下り計,54,47,67,53,57,47,39,47,48,42,37,27,565,-,,
１０３７０西多摩郡奥多摩町河内３７８,１０５９,一般国道４１１号,－,青梅街道,１０月２８日（木）,雨,自動車類合計大型車,13,10,24,15,22,16,6,10,16,7,5,6,150,-,,
１０３７０西多摩郡奥多摩町河内３７８,１０５９,一般国道４１１号,－,青梅街道,１０月２８日（木）,雨,自動車類合計小型車,90,73,98,84,86,91,89,98,99,81,53,57,999,-,,
１０３７０西多摩郡奥多摩町河内３７８,１０５９,一般国道４１１号,－,青梅街道,１０月２８日（木）,雨,自動車類合計計,103,83,122,99,108,107,95,108,115,88,58,63,1149,-,,
１０３７０西多摩郡奥多摩町河内３７８,１０５９,一般国道４１１号,－,青梅街道,１０月２８日（木）,雨,二輪車類,5,0,3,0,2,0,0,1,0,0,0,0,11,,,
１０３７０西多摩郡奥多摩町河内３７８,１０５９,一般国道４１１号,－,青梅街道,１０月２８日（木）,雨,自転車類,0,0,0,0,0,0,0,0,0,0,0,0,0,,,
１０３７０西多摩郡奥多摩町河内３７８,１０５９,一般国道４１１号,－,青梅街道,１０月２８日（木）,雨,歩行者類,0,0,0,1,0,0,0,0,0,0,0,0,1,,,
