﻿観測地点,Ｈ１７区間番号,路線名,都市計画路線名,通称道路名,調査日,天候,ピーク時間交通量（台／ｈ）,ピーク率（％）,混雑時平均旅行速度（ｋｍ／ｈ）,大型車台数（台／１２ｈ）,混入率（％）,混雑度,昼夜率,車線数,５８年度（台／１２ｈ）,６０年度（台／１２ｈ）,６３年度（台／１２ｈ）,２年度（台／１２ｈ）,６年度（台／１２ｈ）,９年度（台／１２ｈ）,１１年度（台／１２ｈ）,１７年度（台／１２ｈ）,２２年度（台／１２ｈ）
４１３００西東京市ひばりが丘北２－７－２２,４４０２４,主要地方道飯田橋石神井新座線（都道２５号）,－,－,１０月１３日（水）,晴,746,9.2,8,1530,18.8,0.78,-,2,-,-,-,-,-,-,-,8233,8139
,,,,,,,,,,,,,,,,,,,,,,,
観測地点,Ｈ１７区間番号,路線名,都市計画路線名,通称道路名,調査日,天候,時間・種別,７～８,８～９,９～１０,１０～１１,１１～１２,１２～１３,１３～１４,１４～１５,１５～１６,１６～１７,１７～１８,１８～１９,１２ｈ計,２４ｈ計,,
４１３００西東京市ひばりが丘北２－７－２２,４４０２４,主要地方道飯田橋石神井新座線（都道２５号）,－,－,１０月１３日（水）,晴,自動車類上り大型車,97,55,67,67,73,69,77,59,59,49,21,22,715,-,,
４１３００西東京市ひばりが丘北２－７－２２,４４０２４,主要地方道飯田橋石神井新座線（都道２５号）,－,－,１０月１３日（水）,晴,自動車類上り小型車,283,218,230,250,262,221,279,264,262,310,319,320,3218,-,,
４１３００西東京市ひばりが丘北２－７－２２,４４０２４,主要地方道飯田橋石神井新座線（都道２５号）,－,－,１０月１３日（水）,晴,自動車類上り計,380,273,297,317,335,290,356,323,321,359,340,342,3933,-,,
４１３００西東京市ひばりが丘北２－７－２２,４４０２４,主要地方道飯田橋石神井新座線（都道２５号）,－,－,１０月１３日（水）,晴,自動車類下り大型車,27,52,81,100,89,89,83,71,79,74,41,29,815,-,,
４１３００西東京市ひばりが丘北２－７－２２,４４０２４,主要地方道飯田橋石神井新座線（都道２５号）,－,－,１０月１３日（水）,晴,自動車類下り小型車,277,219,237,273,266,238,269,301,310,313,356,332,3391,-,,
４１３００西東京市ひばりが丘北２－７－２２,４４０２４,主要地方道飯田橋石神井新座線（都道２５号）,－,－,１０月１３日（水）,晴,自動車類下り計,304,271,318,373,355,327,352,372,389,387,397,361,4206,-,,
４１３００西東京市ひばりが丘北２－７－２２,４４０２４,主要地方道飯田橋石神井新座線（都道２５号）,－,－,１０月１３日（水）,晴,自動車類合計大型車,124,107,148,167,162,158,160,130,138,123,62,51,1530,-,,
４１３００西東京市ひばりが丘北２－７－２２,４４０２４,主要地方道飯田橋石神井新座線（都道２５号）,－,－,１０月１３日（水）,晴,自動車類合計小型車,560,437,467,523,528,459,548,565,572,623,675,652,6609,-,,
４１３００西東京市ひばりが丘北２－７－２２,４４０２４,主要地方道飯田橋石神井新座線（都道２５号）,－,－,１０月１３日（水）,晴,自動車類合計計,684,544,615,690,690,617,708,695,710,746,737,703,8139,-,,
４１３００西東京市ひばりが丘北２－７－２２,４４０２４,主要地方道飯田橋石神井新座線（都道２５号）,－,－,１０月１３日（水）,晴,二輪車類,-,-,-,-,-,-,-,-,-,-,-,-,-,,,
４１３００西東京市ひばりが丘北２－７－２２,４４０２４,主要地方道飯田橋石神井新座線（都道２５号）,－,－,１０月１３日（水）,晴,自転車類,31,46,43,55,55,67,78,73,73,70,79,84,754,,,
４１３００西東京市ひばりが丘北２－７－２２,４４０２４,主要地方道飯田橋石神井新座線（都道２５号）,－,－,１０月１３日（水）,晴,歩行者類,33,41,34,35,40,47,48,49,53,47,59,58,544,,,
