﻿観測地点,Ｈ１７区間番号,路線名,都市計画路線名,通称道路名,調査日,天候,ピーク時間交通量（台／ｈ）,ピーク率（％）,混雑時平均旅行速度（ｋｍ／ｈ）,大型車台数（台／１２ｈ）,混入率（％）,混雑度,昼夜率,車線数,５８年度（台／１２ｈ）,６０年度（台／１２ｈ）,６３年度（台／１２ｈ）,２年度（台／１２ｈ）,６年度（台／１２ｈ）,９年度（台／１２ｈ）,１１年度（台／１２ｈ）,１７年度（台／１２ｈ）,２２年度（台／１２ｈ）
１０３５０西多摩郡奥多摩町棚沢,１０５７,一般国道４１１号,－,青梅街道,１０月２８日（木）,雨,474,10.2,43.9,477,10.3,0.68,-,2,4463,4615,4818,5095,6084,6856,5661,5561,4635
,,,,,,,,,,,,,,,,,,,,,,,
観測地点,Ｈ１７区間番号,路線名,都市計画路線名,通称道路名,調査日,天候,時間・種別,７～８,８～９,９～１０,１０～１１,１１～１２,１２～１３,１３～１４,１４～１５,１５～１６,１６～１７,１７～１８,１８～１９,１２ｈ計,２４ｈ計,,
１０３５０西多摩郡奥多摩町棚沢,１０５７,一般国道４１１号,－,青梅街道,１０月２８日（木）,雨,自動車類上り大型車,20,20,35,18,33,21,22,22,29,20,15,5,260,-,,
１０３５０西多摩郡奥多摩町棚沢,１０５７,一般国道４１１号,－,青梅街道,１０月２８日（木）,雨,自動車類上り小型車,159,163,168,158,135,167,185,164,189,226,288,128,2130,-,,
１０３５０西多摩郡奥多摩町棚沢,１０５７,一般国道４１１号,－,青梅街道,１０月２８日（木）,雨,自動車類上り計,179,183,203,176,168,188,207,186,218,246,303,133,2390,-,,
１０３５０西多摩郡奥多摩町棚沢,１０５７,一般国道４１１号,－,青梅街道,１０月２８日（木）,雨,自動車類下り大型車,17,26,24,27,30,12,21,24,16,13,3,4,217,-,,
１０３５０西多摩郡奥多摩町棚沢,１０５７,一般国道４１１号,－,青梅街道,１０月２８日（木）,雨,自動車類下り小型車,278,252,167,192,161,157,144,115,168,115,140,139,2028,-,,
１０３５０西多摩郡奥多摩町棚沢,１０５７,一般国道４１１号,－,青梅街道,１０月２８日（木）,雨,自動車類下り計,295,278,191,219,191,169,165,139,184,128,143,143,2245,-,,
１０３５０西多摩郡奥多摩町棚沢,１０５７,一般国道４１１号,－,青梅街道,１０月２８日（木）,雨,自動車類合計大型車,37,46,59,45,63,33,43,46,45,33,18,9,477,-,,
１０３５０西多摩郡奥多摩町棚沢,１０５７,一般国道４１１号,－,青梅街道,１０月２８日（木）,雨,自動車類合計小型車,437,415,335,350,296,324,329,279,357,341,428,267,4158,-,,
１０３５０西多摩郡奥多摩町棚沢,１０５７,一般国道４１１号,－,青梅街道,１０月２８日（木）,雨,自動車類合計計,474,461,394,395,359,357,372,325,402,374,446,276,4635,-,,
１０３５０西多摩郡奥多摩町棚沢,１０５７,一般国道４１１号,－,青梅街道,１０月２８日（木）,雨,二輪車類,7,7,6,5,3,3,0,1,3,1,3,4,43,,,
１０３５０西多摩郡奥多摩町棚沢,１０５７,一般国道４１１号,－,青梅街道,１０月２８日（木）,雨,自転車類,0,0,0,0,0,0,0,0,0,0,0,0,0,,,
１０３５０西多摩郡奥多摩町棚沢,１０５７,一般国道４１１号,－,青梅街道,１０月２８日（木）,雨,歩行者類,3,0,1,1,0,2,0,1,1,0,1,1,11,,,
