﻿観測地点,Ｈ１７区間番号,路線名,都市計画路線名,通称道路名,調査日,天候,ピーク時間交通量（台／ｈ）,ピーク率（％）,混雑時平均旅行速度（ｋｍ／ｈ）,大型車台数（台／１２ｈ）,混入率（％）,混雑度,昼夜率,車線数,５８年度（台／１２ｈ）,６０年度（台／１２ｈ）,６３年度（台／１２ｈ）,２年度（台／１２ｈ）,６年度（台／１２ｈ）,９年度（台／１２ｈ）,１１年度（台／１２ｈ）,１７年度（台／１２ｈ）,２２年度（台／１２ｈ）
４１３５０昭島市拝島町３－１－１,４０４９,主要地方道立川青梅線（都道２９号）,昭島３・４・５,新奥多摩街道,１０月１４日（木）,曇,1536,11.2,13.6,2540,18.5,1.44,-,2,12690,13498,13157,13493,13495,14391,16047,13908,13694
,,,,,,,,,,,,,,,,,,,,,,,
観測地点,Ｈ１７区間番号,路線名,都市計画路線名,通称道路名,調査日,天候,時間・種別,７～８,８～９,９～１０,１０～１１,１１～１２,１２～１３,１３～１４,１４～１５,１５～１６,１６～１７,１７～１８,１８～１９,１２ｈ計,２４ｈ計,,
４１３５０昭島市拝島町３－１－１,４０４９,主要地方道立川青梅線（都道２９号）,昭島３・４・５,新奥多摩街道,１０月１４日（木）,曇,自動車類上り大型車,125,97,125,132,137,102,113,92,85,96,55,40,1199,-,,
４１３５０昭島市拝島町３－１－１,４０４９,主要地方道立川青梅線（都道２９号）,昭島３・４・５,新奥多摩街道,１０月１４日（木）,曇,自動車類上り小型車,700,617,404,414,378,335,380,329,435,568,536,488,5584,-,,
４１３５０昭島市拝島町３－１－１,４０４９,主要地方道立川青梅線（都道２９号）,昭島３・４・５,新奥多摩街道,１０月１４日（木）,曇,自動車類上り計,825,714,529,546,515,437,493,421,520,664,591,528,6783,-,,
４１３５０昭島市拝島町３－１－１,４０４９,主要地方道立川青梅線（都道２９号）,昭島３・４・５,新奥多摩街道,１０月１４日（木）,曇,自動車類下り大型車,99,107,115,156,160,142,114,126,97,80,60,85,1341,-,,
４１３５０昭島市拝島町３－１－１,４０４９,主要地方道立川青梅線（都道２９号）,昭島３・４・５,新奥多摩街道,１０月１４日（木）,曇,自動車類下り小型車,612,353,342,436,432,500,427,434,421,505,579,529,5570,-,,
４１３５０昭島市拝島町３－１－１,４０４９,主要地方道立川青梅線（都道２９号）,昭島３・４・５,新奥多摩街道,１０月１４日（木）,曇,自動車類下り計,711,460,457,592,592,642,541,560,518,585,639,614,6911,-,,
４１３５０昭島市拝島町３－１－１,４０４９,主要地方道立川青梅線（都道２９号）,昭島３・４・５,新奥多摩街道,１０月１４日（木）,曇,自動車類合計大型車,224,204,240,288,297,244,227,218,182,176,115,125,2540,-,,
４１３５０昭島市拝島町３－１－１,４０４９,主要地方道立川青梅線（都道２９号）,昭島３・４・５,新奥多摩街道,１０月１４日（木）,曇,自動車類合計小型車,1312,970,746,850,810,835,807,763,856,1073,1115,1017,11154,-,,
４１３５０昭島市拝島町３－１－１,４０４９,主要地方道立川青梅線（都道２９号）,昭島３・４・５,新奥多摩街道,１０月１４日（木）,曇,自動車類合計計,1536,1174,986,1138,1107,1079,1034,981,1038,1249,1230,1142,13694,-,,
４１３５０昭島市拝島町３－１－１,４０４９,主要地方道立川青梅線（都道２９号）,昭島３・４・５,新奥多摩街道,１０月１４日（木）,曇,二輪車類,67,53,44,25,17,32,27,34,30,36,44,45,454,,,
４１３５０昭島市拝島町３－１－１,４０４９,主要地方道立川青梅線（都道２９号）,昭島３・４・５,新奥多摩街道,１０月１４日（木）,曇,自転車類,36,45,28,13,16,15,18,20,26,31,36,17,301,,,
４１３５０昭島市拝島町３－１－１,４０４９,主要地方道立川青梅線（都道２９号）,昭島３・４・５,新奥多摩街道,１０月１４日（木）,曇,歩行者類,12,10,3,6,8,7,4,5,6,5,14,6,86,,,
