﻿観測地点,Ｈ１７区間番号,路線名,都市計画路線名,通称道路名,調査日,天候,ピーク時間交通量（台／ｈ）,ピーク率（％）,混雑時平均旅行速度（ｋｍ／ｈ）,大型車台数（台／１２ｈ）,混入率（％）,混雑度,昼夜率,車線数,５８年度（台／１２ｈ）,６０年度（台／１２ｈ）,６３年度（台／１２ｈ）,２年度（台／１２ｈ）,６年度（台／１２ｈ）,９年度（台／１２ｈ）,１１年度（台／１２ｈ）,１７年度（台／１２ｈ）,２２年度（台／１２ｈ）
４０４５０福生市南田園１－１－１,１４０１８,主要地方道杉並あきる野線（都道７号）,秋多３・３・３,睦橋通り,１０月１４日（木）,曇,1681,10.0,14.4,1816,10.9,1.71,-,2,4849,6480,5630,7655,9659,11010,13135,17170,16729
,,,,,,,,,,,,,,,,,,,,,,,
観測地点,Ｈ１７区間番号,路線名,都市計画路線名,通称道路名,調査日,天候,時間・種別,７～８,８～９,９～１０,１０～１１,１１～１２,１２～１３,１３～１４,１４～１５,１５～１６,１６～１７,１７～１８,１８～１９,１２ｈ計,２４ｈ計,,
４０４５０福生市南田園１－１－１,１４０１８,主要地方道杉並あきる野線（都道７号）,秋多３・３・３,睦橋通り,１０月１４日（木）,曇,自動車類上り大型車,74,81,91,88,90,61,102,78,58,70,33,47,873,-,,
４０４５０福生市南田園１－１－１,１４０１８,主要地方道杉並あきる野線（都道７号）,秋多３・３・３,睦橋通り,１０月１４日（木）,曇,自動車類上り小型車,739,662,550,496,507,543,532,557,561,618,821,763,7349,-,,
４０４５０福生市南田園１－１－１,１４０１８,主要地方道杉並あきる野線（都道７号）,秋多３・３・３,睦橋通り,１０月１４日（木）,曇,自動車類上り計,813,743,641,584,597,604,634,635,619,688,854,810,8222,-,,
４０４５０福生市南田園１－１－１,１４０１８,主要地方道杉並あきる野線（都道７号）,秋多３・３・３,睦橋通り,１０月１４日（木）,曇,自動車類下り大型車,53,83,96,116,115,72,82,89,79,70,48,40,943,-,,
４０４５０福生市南田園１－１－１,１４０１８,主要地方道杉並あきる野線（都道７号）,秋多３・３・３,睦橋通り,１０月１４日（木）,曇,自動車類下り小型車,792,758,554,574,510,502,548,531,607,643,779,766,7564,-,,
４０４５０福生市南田園１－１－１,１４０１８,主要地方道杉並あきる野線（都道７号）,秋多３・３・３,睦橋通り,１０月１４日（木）,曇,自動車類下り計,845,841,650,690,625,574,630,620,686,713,827,806,8507,-,,
４０４５０福生市南田園１－１－１,１４０１８,主要地方道杉並あきる野線（都道７号）,秋多３・３・３,睦橋通り,１０月１４日（木）,曇,自動車類合計大型車,127,164,187,204,205,133,184,167,137,140,81,87,1816,-,,
４０４５０福生市南田園１－１－１,１４０１８,主要地方道杉並あきる野線（都道７号）,秋多３・３・３,睦橋通り,１０月１４日（木）,曇,自動車類合計小型車,1531,1420,1104,1070,1017,1045,1080,1088,1168,1261,1600,1529,14913,-,,
４０４５０福生市南田園１－１－１,１４０１８,主要地方道杉並あきる野線（都道７号）,秋多３・３・３,睦橋通り,１０月１４日（木）,曇,自動車類合計計,1658,1584,1291,1274,1222,1178,1264,1255,1305,1401,1681,1616,16729,-,,
４０４５０福生市南田園１－１－１,１４０１８,主要地方道杉並あきる野線（都道７号）,秋多３・３・３,睦橋通り,１０月１４日（木）,曇,二輪車類,57,46,28,31,37,29,37,27,24,31,54,45,446,,,
４０４５０福生市南田園１－１－１,１４０１８,主要地方道杉並あきる野線（都道７号）,秋多３・３・３,睦橋通り,１０月１４日（木）,曇,自転車類,240,188,68,52,50,50,58,53,67,79,137,116,1158,,,
４０４５０福生市南田園１－１－１,１４０１８,主要地方道杉並あきる野線（都道７号）,秋多３・３・３,睦橋通り,１０月１４日（木）,曇,歩行者類,65,33,14,14,14,6,14,16,12,21,40,27,276,,,
