﻿観測地点,Ｈ１７区間番号,路線名,都市計画路線名,通称道路名,調査日,天候,ピーク時間交通量（台／ｈ）,ピーク率（％）,混雑時平均旅行速度（ｋｍ／ｈ）,大型車台数（台／１２ｈ）,混入率（％）,混雑度,昼夜率,車線数,５８年度（台／１２ｈ）,６０年度（台／１２ｈ）,６３年度（台／１２ｈ）,２年度（台／１２ｈ）,６年度（台／１２ｈ）,９年度（台／１２ｈ）,１１年度（台／１２ｈ）,１７年度（台／１２ｈ）,２２年度（台／１２ｈ）
６２０５０三宅島三宅村坪田９６３,６０８０,一般都道三宅循環線（都道２１２号）,－,三宅一周道路,１１月１５日（月）,晴,134,11.4,37.8,125,10.6,0.18,-,2,-,1795,1421,1436,2106,1943,1560,1099,1179
,,,,,,,,,,,,,,,,,,,,,,,
観測地点,Ｈ１７区間番号,路線名,都市計画路線名,通称道路名,調査日,天候,時間・種別,７～８,８～９,９～１０,１０～１１,１１～１２,１２～１３,１３～１４,１４～１５,１５～１６,１６～１７,１７～１８,１８～１９,１２ｈ計,２４ｈ計,,
６２０５０三宅島三宅村坪田９６３,６０８０,一般都道三宅循環線（都道２１２号）,－,三宅一周道路,１１月１５日（月）,晴,自動車類上り大型車,1,12,7,4,5,2,5,5,7,8,3,3,62,-,,
６２０５０三宅島三宅村坪田９６３,６０８０,一般都道三宅循環線（都道２１２号）,－,三宅一周道路,１１月１５日（月）,晴,自動車類上り小型車,34,39,49,39,55,41,53,54,39,40,44,24,511,-,,
６２０５０三宅島三宅村坪田９６３,６０８０,一般都道三宅循環線（都道２１２号）,－,三宅一周道路,１１月１５日（月）,晴,自動車類上り計,35,51,56,43,60,43,58,59,46,48,47,27,573,-,,
６２０５０三宅島三宅村坪田９６３,６０８０,一般都道三宅循環線（都道２１２号）,－,三宅一周道路,１１月１５日（月）,晴,自動車類下り大型車,3,5,7,5,8,2,4,5,8,13,2,1,63,-,,
６２０５０三宅島三宅村坪田９６３,６０８０,一般都道三宅循環線（都道２１２号）,－,三宅一周道路,１１月１５日（月）,晴,自動車類下り小型車,51,43,38,41,66,33,37,58,35,73,58,10,543,-,,
６２０５０三宅島三宅村坪田９６３,６０８０,一般都道三宅循環線（都道２１２号）,－,三宅一周道路,１１月１５日（月）,晴,自動車類下り計,54,48,45,46,74,35,41,63,43,86,60,11,606,-,,
６２０５０三宅島三宅村坪田９６３,６０８０,一般都道三宅循環線（都道２１２号）,－,三宅一周道路,１１月１５日（月）,晴,自動車類合計大型車,4,17,14,9,13,4,9,10,15,21,5,4,125,-,,
６２０５０三宅島三宅村坪田９６３,６０８０,一般都道三宅循環線（都道２１２号）,－,三宅一周道路,１１月１５日（月）,晴,自動車類合計小型車,85,82,87,80,121,74,90,112,74,113,102,34,1054,-,,
６２０５０三宅島三宅村坪田９６３,６０８０,一般都道三宅循環線（都道２１２号）,－,三宅一周道路,１１月１５日（月）,晴,自動車類合計計,89,99,101,89,134,78,99,122,89,134,107,38,1179,-,,
６２０５０三宅島三宅村坪田９６３,６０８０,一般都道三宅循環線（都道２１２号）,－,三宅一周道路,１１月１５日（月）,晴,二輪車類,1,5,3,5,4,8,3,1,2,1,2,3,38,,,
６２０５０三宅島三宅村坪田９６３,６０８０,一般都道三宅循環線（都道２１２号）,－,三宅一周道路,１１月１５日（月）,晴,自転車類,2,0,1,0,0,1,1,1,1,2,2,0,11,,,
６２０５０三宅島三宅村坪田９６３,６０８０,一般都道三宅循環線（都道２１２号）,－,三宅一周道路,１１月１５日（月）,晴,歩行者類,1,8,12,0,5,3,2,4,3,7,19,11,75,,,
