﻿観測地点,Ｈ１７区間番号,路線名,都市計画路線名,通称道路名,調査日,天候,ピーク時間交通量（台／ｈ）,ピーク率（％）,混雑時平均旅行速度（ｋｍ／ｈ）,大型車台数（台／１２ｈ）,混入率（％）,混雑度,昼夜率,車線数,５８年度（台／１２ｈ）,６０年度（台／１２ｈ）,６３年度（台／１２ｈ）,２年度（台／１２ｈ）,６年度（台／１２ｈ）,９年度（台／１２ｈ）,１１年度（台／１２ｈ）,１７年度（台／１２ｈ）,２２年度（台／１２ｈ）
６２０７０三宅島三宅村坪田３０６９,６０８２,一般都道中郷坪田港線（都道２１３号）,－,－,１１月１５日（月）,晴,31,14.2,24.7,17,7.8,0.03,-,2,-,493,433,409,414,555,482,364,218
,,,,,,,,,,,,,,,,,,,,,,,
観測地点,Ｈ１７区間番号,路線名,都市計画路線名,通称道路名,調査日,天候,時間・種別,７～８,８～９,９～１０,１０～１１,１１～１２,１２～１３,１３～１４,１４～１５,１５～１６,１６～１７,１７～１８,１８～１９,１２ｈ計,２４ｈ計,,
６２０７０三宅島三宅村坪田３０６９,６０８２,一般都道中郷坪田港線（都道２１３号）,－,－,１１月１５日（月）,晴,自動車類上り大型車,0,2,2,3,0,1,0,0,0,3,0,0,11,-,,
６２０７０三宅島三宅村坪田３０６９,６０８２,一般都道中郷坪田港線（都道２１３号）,－,－,１１月１５日（月）,晴,自動車類上り小型車,14,13,6,2,12,10,7,18,6,8,8,1,105,-,,
６２０７０三宅島三宅村坪田３０６９,６０８２,一般都道中郷坪田港線（都道２１３号）,－,－,１１月１５日（月）,晴,自動車類上り計,14,15,8,5,12,11,7,18,6,11,8,1,116,-,,
６２０７０三宅島三宅村坪田３０６９,６０８２,一般都道中郷坪田港線（都道２１３号）,－,－,１１月１５日（月）,晴,自動車類下り大型車,0,2,2,0,0,1,0,0,0,1,0,0,6,-,,
６２０７０三宅島三宅村坪田３０６９,６０８２,一般都道中郷坪田港線（都道２１３号）,－,－,１１月１５日（月）,晴,自動車類下り小型車,12,12,5,3,7,8,5,13,9,13,4,5,96,-,,
６２０７０三宅島三宅村坪田３０６９,６０８２,一般都道中郷坪田港線（都道２１３号）,－,－,１１月１５日（月）,晴,自動車類下り計,12,14,7,3,7,9,5,13,9,14,4,5,102,-,,
６２０７０三宅島三宅村坪田３０６９,６０８２,一般都道中郷坪田港線（都道２１３号）,－,－,１１月１５日（月）,晴,自動車類合計大型車,0,4,4,3,0,2,0,0,0,4,0,0,17,-,,
６２０７０三宅島三宅村坪田３０６９,６０８２,一般都道中郷坪田港線（都道２１３号）,－,－,１１月１５日（月）,晴,自動車類合計小型車,26,25,11,5,19,18,12,31,15,21,12,6,201,-,,
６２０７０三宅島三宅村坪田３０６９,６０８２,一般都道中郷坪田港線（都道２１３号）,－,－,１１月１５日（月）,晴,自動車類合計計,26,29,15,8,19,20,12,31,15,25,12,6,218,-,,
６２０７０三宅島三宅村坪田３０６９,６０８２,一般都道中郷坪田港線（都道２１３号）,－,－,１１月１５日（月）,晴,二輪車類,0,1,0,0,1,0,5,1,0,0,1,1,10,,,
６２０７０三宅島三宅村坪田３０６９,６０８２,一般都道中郷坪田港線（都道２１３号）,－,－,１１月１５日（月）,晴,自転車類,0,0,0,0,0,0,0,0,0,1,0,0,1,,,
６２０７０三宅島三宅村坪田３０６９,６０８２,一般都道中郷坪田港線（都道２１３号）,－,－,１１月１５日（月）,晴,歩行者類,3,1,2,0,0,2,5,0,1,9,2,0,25,,,
