﻿観測地点,Ｈ１７区間番号,路線名,都市計画路線名,通称道路名,調査日,天候,ピーク時間交通量（台／ｈ）,ピーク率（％）,混雑時平均旅行速度（ｋｍ／ｈ）,大型車台数（台／１２ｈ）,混入率（％）,混雑度,昼夜率,車線数,５８年度（台／１２ｈ）,６０年度（台／１２ｈ）,６３年度（台／１２ｈ）,２年度（台／１２ｈ）,６年度（台／１２ｈ）,９年度（台／１２ｈ）,１１年度（台／１２ｈ）,１７年度（台／１２ｈ）,２２年度（台／１２ｈ）
４１６６０東村山市秋津町１－３２－１８,４０６０,主要地方道さいたま東村山線（都道４０号）,－,志木街道,１０月１３日（水）,晴,1087,9.6,23.5,1602,14.2,1.13,-,2,6460,6203,6193,7104,6271,7630,7723,8891,11284
,,,,,,,,,,,,,,,,,,,,,,,
観測地点,Ｈ１７区間番号,路線名,都市計画路線名,通称道路名,調査日,天候,時間・種別,７～８,８～９,９～１０,１０～１１,１１～１２,１２～１３,１３～１４,１４～１５,１５～１６,１６～１７,１７～１８,１８～１９,１２ｈ計,２４ｈ計,,
４１６６０東村山市秋津町１－３２－１８,４０６０,主要地方道さいたま東村山線（都道４０号）,－,志木街道,１０月１３日（水）,晴,自動車類上り大型車,54,77,115,88,90,75,67,71,68,64,39,23,831,-,,
４１６６０東村山市秋津町１－３２－１８,４０６０,主要地方道さいたま東村山線（都道４０号）,－,志木街道,１０月１３日（水）,晴,自動車類上り小型車,530,464,393,375,331,343,377,374,383,370,464,385,4789,-,,
４１６６０東村山市秋津町１－３２－１８,４０６０,主要地方道さいたま東村山線（都道４０号）,－,志木街道,１０月１３日（水）,晴,自動車類上り計,584,541,508,463,421,418,444,445,451,434,503,408,5620,-,,
４１６６０東村山市秋津町１－３２－１８,４０６０,主要地方道さいたま東村山線（都道４０号）,－,志木街道,１０月１３日（水）,晴,自動車類下り大型車,69,70,80,73,90,60,80,74,70,44,35,26,771,-,,
４１６６０東村山市秋津町１－３２－１８,４０６０,主要地方道さいたま東村山線（都道４０号）,－,志木街道,１０月１３日（水）,晴,自動車類下り小型車,434,407,350,414,342,388,392,350,374,401,504,537,4893,-,,
４１６６０東村山市秋津町１－３２－１８,４０６０,主要地方道さいたま東村山線（都道４０号）,－,志木街道,１０月１３日（水）,晴,自動車類下り計,503,477,430,487,432,448,472,424,444,445,539,563,5664,-,,
４１６６０東村山市秋津町１－３２－１８,４０６０,主要地方道さいたま東村山線（都道４０号）,－,志木街道,１０月１３日（水）,晴,自動車類合計大型車,123,147,195,161,180,135,147,145,138,108,74,49,1602,-,,
４１６６０東村山市秋津町１－３２－１８,４０６０,主要地方道さいたま東村山線（都道４０号）,－,志木街道,１０月１３日（水）,晴,自動車類合計小型車,964,871,743,789,673,731,769,724,757,771,968,922,9682,-,,
４１６６０東村山市秋津町１－３２－１８,４０６０,主要地方道さいたま東村山線（都道４０号）,－,志木街道,１０月１３日（水）,晴,自動車類合計計,1087,1018,938,950,853,866,916,869,895,879,1042,971,11284,-,,
４１６６０東村山市秋津町１－３２－１８,４０６０,主要地方道さいたま東村山線（都道４０号）,－,志木街道,１０月１３日（水）,晴,二輪車類,-,-,-,-,-,-,-,-,-,-,-,-,-,,,
４１６６０東村山市秋津町１－３２－１８,４０６０,主要地方道さいたま東村山線（都道４０号）,－,志木街道,１０月１３日（水）,晴,自転車類,111,128,91,99,109,116,112,115,104,137,175,132,1429,,,
４１６６０東村山市秋津町１－３２－１８,４０６０,主要地方道さいたま東村山線（都道４０号）,－,志木街道,１０月１３日（水）,晴,歩行者類,30,41,29,33,51,50,42,33,49,84,95,53,590,,,
