﻿観測地点,Ｈ１７区間番号,路線名,都市計画路線名,通称道路名,調査日,天候,ピーク時間交通量（台／ｈ）,ピーク率（％）,混雑時平均旅行速度（ｋｍ／ｈ）,大型車台数（台／１２ｈ）,混入率（％）,混雑度,昼夜率,車線数,５８年度（台／１２ｈ）,６０年度（台／１２ｈ）,６３年度（台／１２ｈ）,２年度（台／１２ｈ）,６年度（台／１２ｈ）,９年度（台／１２ｈ）,１１年度（台／１２ｈ）,１７年度（台／１２ｈ）,２２年度（台／１２ｈ）
４１７２０東大和市桜が丘４－４３－１,４０６４,主要地方道立川東大和線（都道４３号）,立川３・３・３０,芋窪街道,１０月１３日（水）,晴,1659,9.5,15.7,2112,12.1,0.65,-,2,11393,11697,10383,10727,9255,9915,15481,19192,17504
,,,,,,,,,,,,,,,,,,,,,,,
観測地点,Ｈ１７区間番号,路線名,都市計画路線名,通称道路名,調査日,天候,時間・種別,７～８,８～９,９～１０,１０～１１,１１～１２,１２～１３,１３～１４,１４～１５,１５～１６,１６～１７,１７～１８,１８～１９,１２ｈ計,２４ｈ計,,
４１７２０東大和市桜が丘４－４３－１,４０６４,主要地方道立川東大和線（都道４３号）,立川３・３・３０,芋窪街道,１０月１３日（水）,晴,自動車類上り大型車,104,73,117,101,91,96,85,83,94,87,85,65,1081,-,,
４１７２０東大和市桜が丘４－４３－１,４０６４,主要地方道立川東大和線（都道４３号）,立川３・３・３０,芋窪街道,１０月１３日（水）,晴,自動車類上り小型車,859,894,684,690,618,590,634,564,624,666,735,674,8232,-,,
４１７２０東大和市桜が丘４－４３－１,４０６４,主要地方道立川東大和線（都道４３号）,立川３・３・３０,芋窪街道,１０月１３日（水）,晴,自動車類上り計,963,967,801,791,709,686,719,647,718,753,820,739,9313,-,,
４１７２０東大和市桜が丘４－４３－１,４０６４,主要地方道立川東大和線（都道４３号）,立川３・３・３０,芋窪街道,１０月１３日（水）,晴,自動車類下り大型車,95,88,80,113,92,94,98,86,89,84,63,49,1031,-,,
４１７２０東大和市桜が丘４－４３－１,４０６４,主要地方道立川東大和線（都道４３号）,立川３・３・３０,芋窪街道,１０月１３日（水）,晴,自動車類下り小型車,568,604,572,593,545,581,605,620,618,682,574,598,7160,-,,
４１７２０東大和市桜が丘４－４３－１,４０６４,主要地方道立川東大和線（都道４３号）,立川３・３・３０,芋窪街道,１０月１３日（水）,晴,自動車類下り計,663,692,652,706,637,675,703,706,707,766,637,647,8191,-,,
４１７２０東大和市桜が丘４－４３－１,４０６４,主要地方道立川東大和線（都道４３号）,立川３・３・３０,芋窪街道,１０月１３日（水）,晴,自動車類合計大型車,199,161,197,214,183,190,183,169,183,171,148,114,2112,-,,
４１７２０東大和市桜が丘４－４３－１,４０６４,主要地方道立川東大和線（都道４３号）,立川３・３・３０,芋窪街道,１０月１３日（水）,晴,自動車類合計小型車,1427,1498,1256,1283,1163,1171,1239,1184,1242,1348,1309,1272,15392,-,,
４１７２０東大和市桜が丘４－４３－１,４０６４,主要地方道立川東大和線（都道４３号）,立川３・３・３０,芋窪街道,１０月１３日（水）,晴,自動車類合計計,1626,1659,1453,1497,1346,1361,1422,1353,1425,1519,1457,1386,17504,-,,
４１７２０東大和市桜が丘４－４３－１,４０６４,主要地方道立川東大和線（都道４３号）,立川３・３・３０,芋窪街道,１０月１３日（水）,晴,二輪車類,83,62,22,26,30,50,41,43,47,55,67,57,583,,,
４１７２０東大和市桜が丘４－４３－１,４０６４,主要地方道立川東大和線（都道４３号）,立川３・３・３０,芋窪街道,１０月１３日（水）,晴,自転車類,-,-,-,-,-,-,-,-,-,-,-,-,-,,,
４１７２０東大和市桜が丘４－４３－１,４０６４,主要地方道立川東大和線（都道４３号）,立川３・３・３０,芋窪街道,１０月１３日（水）,晴,歩行者類,-,-,-,-,-,-,-,-,-,-,-,-,-,,,
