﻿観測地点,Ｈ１７区間番号,路線名,都市計画路線名,通称道路名,調査日,天候,ピーク時間交通量（台／ｈ）,ピーク率（％）,混雑時平均旅行速度（ｋｍ／ｈ）,大型車台数（台／１２ｈ）,混入率（％）,混雑度,昼夜率,車線数,５８年度（台／１２ｈ）,６０年度（台／１２ｈ）,６３年度（台／１２ｈ）,２年度（台／１２ｈ）,６年度（台／１２ｈ）,９年度（台／１２ｈ）,１１年度（台／１２ｈ）,１７年度（台／１２ｈ）,２２年度（台／１２ｈ）
６２０９０八丈島八丈町大賀郷八丈高校前,６０８３,一般都道八丈循環線（都道２１５号）,－,－,１１月８日（月）,曇,294,11.1,37.4,325,12.3,0.34,-,2,1966,2231,2457,2758,2711,2941,-,3190,2643
,,,,,,,,,,,,,,,,,,,,,,,
観測地点,Ｈ１７区間番号,路線名,都市計画路線名,通称道路名,調査日,天候,時間・種別,７～８,８～９,９～１０,１０～１１,１１～１２,１２～１３,１３～１４,１４～１５,１５～１６,１６～１７,１７～１８,１８～１９,１２ｈ計,２４ｈ計,,
６２０９０八丈島八丈町大賀郷八丈高校前,６０８３,一般都道八丈循環線（都道２１５号）,－,－,１１月８日（月）,曇,自動車類上り大型車,13,30,25,16,13,15,18,10,19,14,7,0,180,-,,
６２０９０八丈島八丈町大賀郷八丈高校前,６０８３,一般都道八丈循環線（都道２１５号）,－,－,１１月８日（月）,曇,自動車類上り小型車,75,126,77,83,88,129,85,76,82,107,148,86,1162,-,,
６２０９０八丈島八丈町大賀郷八丈高校前,６０８３,一般都道八丈循環線（都道２１５号）,－,－,１１月８日（月）,曇,自動車類上り計,88,156,102,99,101,144,103,86,101,121,155,86,1342,-,,
６２０９０八丈島八丈町大賀郷八丈高校前,６０８３,一般都道八丈循環線（都道２１５号）,－,－,１１月８日（月）,曇,自動車類下り大型車,5,10,16,17,13,11,15,16,19,16,4,3,145,-,,
６２０９０八丈島八丈町大賀郷八丈高校前,６０８３,一般都道八丈循環線（都道２１５号）,－,－,１１月８日（月）,曇,自動車類下り小型車,112,120,77,77,77,139,94,75,84,106,119,76,1156,-,,
６２０９０八丈島八丈町大賀郷八丈高校前,６０８３,一般都道八丈循環線（都道２１５号）,－,－,１１月８日（月）,曇,自動車類下り計,117,130,93,94,90,150,109,91,103,122,123,79,1301,-,,
６２０９０八丈島八丈町大賀郷八丈高校前,６０８３,一般都道八丈循環線（都道２１５号）,－,－,１１月８日（月）,曇,自動車類合計大型車,18,40,41,33,26,26,33,26,38,30,11,3,325,-,,
６２０９０八丈島八丈町大賀郷八丈高校前,６０８３,一般都道八丈循環線（都道２１５号）,－,－,１１月８日（月）,曇,自動車類合計小型車,187,246,154,160,165,268,179,151,166,213,267,162,2318,-,,
６２０９０八丈島八丈町大賀郷八丈高校前,６０８３,一般都道八丈循環線（都道２１５号）,－,－,１１月８日（月）,曇,自動車類合計計,205,286,195,193,191,294,212,177,204,243,278,165,2643,-,,
６２０９０八丈島八丈町大賀郷八丈高校前,６０８３,一般都道八丈循環線（都道２１５号）,－,－,１１月８日（月）,曇,二輪車類,8,8,4,2,8,5,4,2,0,3,6,6,56,,,
６２０９０八丈島八丈町大賀郷八丈高校前,６０８３,一般都道八丈循環線（都道２１５号）,－,－,１１月８日（月）,曇,自転車類,6,23,1,1,2,4,5,5,15,6,11,16,95,,,
６２０９０八丈島八丈町大賀郷八丈高校前,６０８３,一般都道八丈循環線（都道２１５号）,－,－,１１月８日（月）,曇,歩行者類,11,11,1,1,0,0,3,12,17,8,14,28,106,,,
