﻿観測地点,Ｈ１７区間番号,路線名,都市計画路線名,通称道路名,調査日,天候,ピーク時間交通量（台／ｈ）,ピーク率（％）,混雑時平均旅行速度（ｋｍ／ｈ）,大型車台数（台／１２ｈ）,混入率（％）,混雑度,昼夜率,車線数,５８年度（台／１２ｈ）,６０年度（台／１２ｈ）,６３年度（台／１２ｈ）,２年度（台／１２ｈ）,６年度（台／１２ｈ）,９年度（台／１２ｈ）,１１年度（台／１２ｈ）,１７年度（台／１２ｈ）,２２年度（台／１２ｈ）
６２３００神津島村平たん沢,６０９３,一般都道長浜多幸線（都道２２４号）,－,神津本道,１１月１５日（月）,晴,84,11.8,24.7,55,7.8,0.12,-,2,764,1060,1120,690,635,933,703,678,709
,,,,,,,,,,,,,,,,,,,,,,,
観測地点,Ｈ１７区間番号,路線名,都市計画路線名,通称道路名,調査日,天候,時間・種別,７～８,８～９,９～１０,１０～１１,１１～１２,１２～１３,１３～１４,１４～１５,１５～１６,１６～１７,１７～１８,１８～１９,１２ｈ計,２４ｈ計,,
６２３００神津島村平たん沢,６０９３,一般都道長浜多幸線（都道２２４号）,－,神津本道,１１月１５日（月）,晴,自動車類上り大型車,2,3,5,1,5,0,5,3,1,4,0,0,29,-,,
６２３００神津島村平たん沢,６０９３,一般都道長浜多幸線（都道２２４号）,－,神津本道,１１月１５日（月）,晴,自動車類上り小型車,44,30,44,34,18,31,31,28,21,19,4,2,306,-,,
６２３００神津島村平たん沢,６０９３,一般都道長浜多幸線（都道２２４号）,－,神津本道,１１月１５日（月）,晴,自動車類上り計,46,33,49,35,23,31,36,31,22,23,4,2,335,-,,
６２３００神津島村平たん沢,６０９３,一般都道長浜多幸線（都道２２４号）,－,神津本道,１１月１５日（月）,晴,自動車類下り大型車,3,5,3,3,0,3,4,2,1,2,0,0,26,-,,
６２３００神津島村平たん沢,６０９３,一般都道長浜多幸線（都道２２４号）,－,神津本道,１１月１５日（月）,晴,自動車類下り小型車,16,23,32,38,39,40,19,29,55,30,23,4,348,-,,
６２３００神津島村平たん沢,６０９３,一般都道長浜多幸線（都道２２４号）,－,神津本道,１１月１５日（月）,晴,自動車類下り計,19,28,35,41,39,43,23,31,56,32,23,4,374,-,,
６２３００神津島村平たん沢,６０９３,一般都道長浜多幸線（都道２２４号）,－,神津本道,１１月１５日（月）,晴,自動車類合計大型車,5,8,8,4,5,3,9,5,2,6,0,0,55,-,,
６２３００神津島村平たん沢,６０９３,一般都道長浜多幸線（都道２２４号）,－,神津本道,１１月１５日（月）,晴,自動車類合計小型車,60,53,76,72,57,71,50,57,76,49,27,6,654,-,,
６２３００神津島村平たん沢,６０９３,一般都道長浜多幸線（都道２２４号）,－,神津本道,１１月１５日（月）,晴,自動車類合計計,65,61,84,76,62,74,59,62,78,55,27,6,709,-,,
６２３００神津島村平たん沢,６０９３,一般都道長浜多幸線（都道２２４号）,－,神津本道,１１月１５日（月）,晴,二輪車類,5,11,4,4,2,5,8,5,5,4,5,0,58,,,
６２３００神津島村平たん沢,６０９３,一般都道長浜多幸線（都道２２４号）,－,神津本道,１１月１５日（月）,晴,自転車類,0,0,0,0,0,0,0,0,0,0,0,0,0,,,
６２３００神津島村平たん沢,６０９３,一般都道長浜多幸線（都道２２４号）,－,神津本道,１１月１５日（月）,晴,歩行者類,0,0,1,1,0,0,0,0,0,0,0,0,2,,,
