﻿観測地点,Ｈ１７区間番号,路線名,都市計画路線名,通称道路名,調査日,天候,ピーク時間交通量（台／ｈ）,ピーク率（％）,混雑時平均旅行速度（ｋｍ／ｈ）,大型車台数（台／１２ｈ）,混入率（％）,混雑度,昼夜率,車線数,５８年度（台／１２ｈ）,６０年度（台／１２ｈ）,６３年度（台／１２ｈ）,２年度（台／１２ｈ）,６年度（台／１２ｈ）,９年度（台／１２ｈ）,１１年度（台／１２ｈ）,１７年度（台／１２ｈ）,２２年度（台／１２ｈ）
６２３５０東久留米市弥生１－２－３,６０９５,一般都道小平停車場中新田線（都道２２７号）,－,（東京街道）,１０月１３日（水）,晴,597,9.7,14.6,615,10.0,0.63,-,2,5599,5946,8215,7866,7733,7106,7223,6261,6124
,,,,,,,,,,,,,,,,,,,,,,,
観測地点,Ｈ１７区間番号,路線名,都市計画路線名,通称道路名,調査日,天候,時間・種別,７～８,８～９,９～１０,１０～１１,１１～１２,１２～１３,１３～１４,１４～１５,１５～１６,１６～１７,１７～１８,１８～１９,１２ｈ計,２４ｈ計,,
６２３５０東久留米市弥生１－２－３,６０９５,一般都道小平停車場中新田線（都道２２７号）,－,（東京街道）,１０月１３日（水）,晴,自動車類上り大型車,13,31,29,35,31,19,21,33,34,21,16,18,301,-,,
６２３５０東久留米市弥生１－２－３,６０９５,一般都道小平停車場中新田線（都道２２７号）,－,（東京街道）,１０月１３日（水）,晴,自動車類上り小型車,158,202,166,185,184,183,190,209,227,249,284,257,2494,-,,
６２３５０東久留米市弥生１－２－３,６０９５,一般都道小平停車場中新田線（都道２２７号）,－,（東京街道）,１０月１３日（水）,晴,自動車類上り計,171,233,195,220,215,202,211,242,261,270,300,275,2795,-,,
６２３５０東久留米市弥生１－２－３,６０９５,一般都道小平停車場中新田線（都道２２７号）,－,（東京街道）,１０月１３日（水）,晴,自動車類下り大型車,17,34,50,32,30,22,25,25,30,18,15,16,314,-,,
６２３５０東久留米市弥生１－２－３,６０９５,一般都道小平停車場中新田線（都道２２７号）,－,（東京街道）,１０月１３日（水）,晴,自動車類下り小型車,260,230,192,237,260,239,267,227,252,298,282,271,3015,-,,
６２３５０東久留米市弥生１－２－３,６０９５,一般都道小平停車場中新田線（都道２２７号）,－,（東京街道）,１０月１３日（水）,晴,自動車類下り計,277,264,242,269,290,261,292,252,282,316,297,287,3329,-,,
６２３５０東久留米市弥生１－２－３,６０９５,一般都道小平停車場中新田線（都道２２７号）,－,（東京街道）,１０月１３日（水）,晴,自動車類合計大型車,30,65,79,67,61,41,46,58,64,39,31,34,615,-,,
６２３５０東久留米市弥生１－２－３,６０９５,一般都道小平停車場中新田線（都道２２７号）,－,（東京街道）,１０月１３日（水）,晴,自動車類合計小型車,418,432,358,422,444,422,457,436,479,547,566,528,5509,-,,
６２３５０東久留米市弥生１－２－３,６０９５,一般都道小平停車場中新田線（都道２２７号）,－,（東京街道）,１０月１３日（水）,晴,自動車類合計計,448,497,437,489,505,463,503,494,543,586,597,562,6124,-,,
６２３５０東久留米市弥生１－２－３,６０９５,一般都道小平停車場中新田線（都道２２７号）,－,（東京街道）,１０月１３日（水）,晴,二輪車類,-,-,-,-,-,-,-,-,-,-,-,-,-,,,
６２３５０東久留米市弥生１－２－３,６０９５,一般都道小平停車場中新田線（都道２２７号）,－,（東京街道）,１０月１３日（水）,晴,自転車類,138,161,106,99,130,128,114,118,119,130,152,123,1518,,,
６２３５０東久留米市弥生１－２－３,６０９５,一般都道小平停車場中新田線（都道２２７号）,－,（東京街道）,１０月１３日（水）,晴,歩行者類,122,137,42,58,61,61,64,94,179,114,101,60,1093,,,
