﻿観測地点,Ｈ１７区間番号,路線名,都市計画路線名,通称道路名,調査日,天候,ピーク時間交通量（台／ｈ）,ピーク率（％）,混雑時平均旅行速度（ｋｍ／ｈ）,大型車台数（台／１２ｈ）,混入率（％）,混雑度,昼夜率,車線数,５８年度（台／１２ｈ）,６０年度（台／１２ｈ）,６３年度（台／１２ｈ）,２年度（台／１２ｈ）,６年度（台／１２ｈ）,９年度（台／１２ｈ）,１１年度（台／１２ｈ）,１７年度（台／１２ｈ）,２２年度（台／１２ｈ）
１０３６０西多摩郡奥多摩町氷川１９４,１０５８,一般国道４１１号,－,青梅街道,１０月２８日（木）,雨,241,10.0,26,210,8.7,0.4,-,2,3968,4296,4106,4339,5371,5628,4772,3251,2422
,,,,,,,,,,,,,,,,,,,,,,,
観測地点,Ｈ１７区間番号,路線名,都市計画路線名,通称道路名,調査日,天候,時間・種別,７～８,８～９,９～１０,１０～１１,１１～１２,１２～１３,１３～１４,１４～１５,１５～１６,１６～１７,１７～１８,１８～１９,１２ｈ計,２４ｈ計,,
１０３６０西多摩郡奥多摩町氷川１９４,１０５８,一般国道４１１号,－,青梅街道,１０月２８日（木）,雨,自動車類上り大型車,17,7,16,11,8,10,10,9,10,8,2,2,110,-,,
１０３６０西多摩郡奥多摩町氷川１９４,１０５８,一般国道４１１号,－,青梅街道,１０月２８日（木）,雨,自動車類上り小型車,70,110,103,90,75,83,97,106,108,112,81,59,1094,-,,
１０３６０西多摩郡奥多摩町氷川１９４,１０５８,一般国道４１１号,－,青梅街道,１０月２８日（木）,雨,自動車類上り計,87,117,119,101,83,93,107,115,118,120,83,61,1204,-,,
１０３６０西多摩郡奥多摩町氷川１９４,１０５８,一般国道４１１号,－,青梅街道,１０月２８日（木）,雨,自動車類下り大型車,8,12,9,12,16,8,5,10,5,5,7,3,100,-,,
１０３６０西多摩郡奥多摩町氷川１９４,１０５８,一般国道４１１号,－,青梅街道,１０月２８日（木）,雨,自動車類下り小型車,114,96,113,115,116,97,78,65,60,93,93,78,1118,-,,
１０３６０西多摩郡奥多摩町氷川１９４,１０５８,一般国道４１１号,－,青梅街道,１０月２８日（木）,雨,自動車類下り計,122,108,122,127,132,105,83,75,65,98,100,81,1218,-,,
１０３６０西多摩郡奥多摩町氷川１９４,１０５８,一般国道４１１号,－,青梅街道,１０月２８日（木）,雨,自動車類合計大型車,25,19,25,23,24,18,15,19,15,13,9,5,210,-,,
１０３６０西多摩郡奥多摩町氷川１９４,１０５８,一般国道４１１号,－,青梅街道,１０月２８日（木）,雨,自動車類合計小型車,184,206,216,205,191,180,175,171,168,205,174,137,2212,-,,
１０３６０西多摩郡奥多摩町氷川１９４,１０５８,一般国道４１１号,－,青梅街道,１０月２８日（木）,雨,自動車類合計計,209,225,241,228,215,198,190,190,183,218,183,142,2422,-,,
１０３６０西多摩郡奥多摩町氷川１９４,１０５８,一般国道４１１号,－,青梅街道,１０月２８日（木）,雨,二輪車類,10,2,4,5,5,3,6,2,2,1,0,1,41,,,
１０３６０西多摩郡奥多摩町氷川１９４,１０５８,一般国道４１１号,－,青梅街道,１０月２８日（木）,雨,自転車類,3,1,1,0,1,0,1,0,0,1,3,0,11,,,
１０３６０西多摩郡奥多摩町氷川１９４,１０５８,一般国道４１１号,－,青梅街道,１０月２８日（木）,雨,歩行者類,61,63,33,20,40,30,25,16,16,19,49,43,415,,,
