<?xml version="1.0" encoding="UTF-8"?>
<metadata xml:lang="ja"><Esri><CreaDate>20170217</CreaDate><CreaTime>16385400</CreaTime><ArcGISFormat>1.0</ArcGISFormat><SyncOnce>TRUE</SyncOnce><DataProperties><itemProps><itemLocation><linkage Sync="TRUE">file://\\KIKAKU-073\C$\work\00_地圏\02_作業\伊豆大島\shp\IzuOshima_カルデラ壁コピー</linkage><protocol Sync="TRUE">Local Area Network</protocol></itemLocation></itemProps><copyHistory><copy source="C:\work\00_地圏\02_作業\伊豆大島\shp\IzuOshima_カルデラ壁" dest="\\KIKAKU-073\C$\work\00_地圏\02_作業\伊豆大島\shp\IzuOshima_カルデラ壁コピー" date="20170206" time="09342700"></copy></copyHistory><lineage><Process ToolSource="c:\program files\arcgis\desktop10.3\ArcToolbox\Toolboxes\Data Management Tools.tbx\Project" Date="20170217" Time="163854">Project C:\work\00_地圏\02_作業\伊豆大島\shp\伊豆大島\IzuOshima_割れ目噴火.shp C:\work\00_地圏\02_作業\伊豆大島\shp\投影変換\IzuOshima_割れ目噴火.shp GEOGCS['GCS_JGD_2011',DATUM['D_JGD_2011',SPHEROID['GRS_1980',6378137.0,298.257222101]],PRIMEM['Greenwich',0.0],UNIT['Degree',0.0174532925199433]] # PROJCS['JGD_2011_Japan_Zone_9',GEOGCS['GCS_JGD_2011',DATUM['D_JGD_2011',SPHEROID['GRS_1980',6378137.0,298.257222101]],PRIMEM['Greenwich',0.0],UNIT['Degree',0.0174532925199433]],PROJECTION['Transverse_Mercator'],PARAMETER['False_Easting',0.0],PARAMETER['False_Northing',0.0],PARAMETER['Central_Meridian',139.8333333333333],PARAMETER['Scale_Factor',0.9999],PARAMETER['Latitude_Of_Origin',36.0],UNIT['Meter',1.0]] NO_PRESERVE_SHAPE #</Process></lineage></DataProperties></Esri></metadata>
