﻿地点番号,地点名,交差道路名,調査年月,管轄警察署,流入方向,流出方向,時間帯等,車道通行自転車,歩道通行自転車,自転車計
45,青戸８,環七通り×水戸街道,R4/11,亀有,A 亀有,1松戸,7,3,-,-
45,青戸８,環七通り×水戸街道,R4/11,亀有,A 亀有,1松戸,8,0,-,-
45,青戸８,環七通り×水戸街道,R4/11,亀有,A 亀有,1松戸,9,1,-,-
45,青戸８,環七通り×水戸街道,R4/11,亀有,A 亀有,1松戸,10,1,-,-
45,青戸８,環七通り×水戸街道,R4/11,亀有,A 亀有,1松戸,11,0,-,-
45,青戸８,環七通り×水戸街道,R4/11,亀有,A 亀有,1松戸,12,0,-,-
45,青戸８,環七通り×水戸街道,R4/11,亀有,A 亀有,1松戸,13,0,-,-
45,青戸８,環七通り×水戸街道,R4/11,亀有,A 亀有,1松戸,14,0,-,-
45,青戸８,環七通り×水戸街道,R4/11,亀有,A 亀有,1松戸,15,0,-,-
45,青戸８,環七通り×水戸街道,R4/11,亀有,A 亀有,1松戸,16,3,-,-
45,青戸８,環七通り×水戸街道,R4/11,亀有,A 亀有,1松戸,17,2,-,-
45,青戸８,環七通り×水戸街道,R4/11,亀有,A 亀有,1松戸,18,0,-,-
45,青戸８,環七通り×水戸街道,R4/11,亀有,A 亀有,1松戸,12時間計,10,-,-
45,青戸８,環七通り×水戸街道,R4/11,亀有,A 亀有,2葛西,7,61,-,-
45,青戸８,環七通り×水戸街道,R4/11,亀有,A 亀有,2葛西,8,14,-,-
45,青戸８,環七通り×水戸街道,R4/11,亀有,A 亀有,2葛西,9,4,-,-
45,青戸８,環七通り×水戸街道,R4/11,亀有,A 亀有,2葛西,10,5,-,-
45,青戸８,環七通り×水戸街道,R4/11,亀有,A 亀有,2葛西,11,9,-,-
45,青戸８,環七通り×水戸街道,R4/11,亀有,A 亀有,2葛西,12,4,-,-
45,青戸８,環七通り×水戸街道,R4/11,亀有,A 亀有,2葛西,13,3,-,-
45,青戸８,環七通り×水戸街道,R4/11,亀有,A 亀有,2葛西,14,1,-,-
45,青戸８,環七通り×水戸街道,R4/11,亀有,A 亀有,2葛西,15,4,-,-
45,青戸８,環七通り×水戸街道,R4/11,亀有,A 亀有,2葛西,16,23,-,-
45,青戸８,環七通り×水戸街道,R4/11,亀有,A 亀有,2葛西,17,19,-,-
45,青戸８,環七通り×水戸街道,R4/11,亀有,A 亀有,2葛西,18,7,-,-
45,青戸８,環七通り×水戸街道,R4/11,亀有,A 亀有,2葛西,12時間計,154,-,-
45,青戸８,環七通り×水戸街道,R4/11,亀有,A 亀有,3四つ木,7,0,-,-
45,青戸８,環七通り×水戸街道,R4/11,亀有,A 亀有,3四つ木,8,0,-,-
45,青戸８,環七通り×水戸街道,R4/11,亀有,A 亀有,3四つ木,9,0,-,-
45,青戸８,環七通り×水戸街道,R4/11,亀有,A 亀有,3四つ木,10,0,-,-
45,青戸８,環七通り×水戸街道,R4/11,亀有,A 亀有,3四つ木,11,0,-,-
45,青戸８,環七通り×水戸街道,R4/11,亀有,A 亀有,3四つ木,12,0,-,-
45,青戸８,環七通り×水戸街道,R4/11,亀有,A 亀有,3四つ木,13,0,-,-
45,青戸８,環七通り×水戸街道,R4/11,亀有,A 亀有,3四つ木,14,0,-,-
45,青戸８,環七通り×水戸街道,R4/11,亀有,A 亀有,3四つ木,15,0,-,-
45,青戸８,環七通り×水戸街道,R4/11,亀有,A 亀有,3四つ木,16,0,-,-
45,青戸８,環七通り×水戸街道,R4/11,亀有,A 亀有,3四つ木,17,0,-,-
45,青戸８,環七通り×水戸街道,R4/11,亀有,A 亀有,3四つ木,18,0,-,-
45,青戸８,環七通り×水戸街道,R4/11,亀有,A 亀有,3四つ木,12時間計,0,-,-
45,青戸８,環七通り×水戸街道,R4/11,亀有,A 亀有,4葛西,7,1,-,-
45,青戸８,環七通り×水戸街道,R4/11,亀有,A 亀有,4葛西,8,0,-,-
45,青戸８,環七通り×水戸街道,R4/11,亀有,A 亀有,4葛西,9,0,-,-
45,青戸８,環七通り×水戸街道,R4/11,亀有,A 亀有,4葛西,10,0,-,-
45,青戸８,環七通り×水戸街道,R4/11,亀有,A 亀有,4葛西,11,0,-,-
45,青戸８,環七通り×水戸街道,R4/11,亀有,A 亀有,4葛西,12,0,-,-
45,青戸８,環七通り×水戸街道,R4/11,亀有,A 亀有,4葛西,13,0,-,-
45,青戸８,環七通り×水戸街道,R4/11,亀有,A 亀有,4葛西,14,0,-,-
45,青戸８,環七通り×水戸街道,R4/11,亀有,A 亀有,4葛西,15,0,-,-
45,青戸８,環七通り×水戸街道,R4/11,亀有,A 亀有,4葛西,16,0,-,-
45,青戸８,環七通り×水戸街道,R4/11,亀有,A 亀有,4葛西,17,0,-,-
45,青戸８,環七通り×水戸街道,R4/11,亀有,A 亀有,4葛西,18,0,-,-
45,青戸８,環七通り×水戸街道,R4/11,亀有,A 亀有,4葛西,12時間計,1,-,-
45,青戸８,環七通り×水戸街道,R4/11,亀有,A 亀有,流入計,7,65,103,168
45,青戸８,環七通り×水戸街道,R4/11,亀有,A 亀有,流入計,8,14,148,162
45,青戸８,環七通り×水戸街道,R4/11,亀有,A 亀有,流入計,9,5,71,76
45,青戸８,環七通り×水戸街道,R4/11,亀有,A 亀有,流入計,10,6,77,83
45,青戸８,環七通り×水戸街道,R4/11,亀有,A 亀有,流入計,11,9,63,72
45,青戸８,環七通り×水戸街道,R4/11,亀有,A 亀有,流入計,12,4,97,101
45,青戸８,環七通り×水戸街道,R4/11,亀有,A 亀有,流入計,13,3,83,86
45,青戸８,環七通り×水戸街道,R4/11,亀有,A 亀有,流入計,14,1,73,74
45,青戸８,環七通り×水戸街道,R4/11,亀有,A 亀有,流入計,15,4,88,92
45,青戸８,環七通り×水戸街道,R4/11,亀有,A 亀有,流入計,16,26,85,111
45,青戸８,環七通り×水戸街道,R4/11,亀有,A 亀有,流入計,17,21,133,154
45,青戸８,環七通り×水戸街道,R4/11,亀有,A 亀有,流入計,18,7,100,107
45,青戸８,環七通り×水戸街道,R4/11,亀有,A 亀有,流入計,12時間計,165,1121,1286
45,青戸８,環七通り×水戸街道,R4/11,亀有,B 四つ木,5亀有,7,2,-,-
45,青戸８,環七通り×水戸街道,R4/11,亀有,B 四つ木,5亀有,8,0,-,-
45,青戸８,環七通り×水戸街道,R4/11,亀有,B 四つ木,5亀有,9,0,-,-
45,青戸８,環七通り×水戸街道,R4/11,亀有,B 四つ木,5亀有,10,0,-,-
45,青戸８,環七通り×水戸街道,R4/11,亀有,B 四つ木,5亀有,11,0,-,-
45,青戸８,環七通り×水戸街道,R4/11,亀有,B 四つ木,5亀有,12,1,-,-
45,青戸８,環七通り×水戸街道,R4/11,亀有,B 四つ木,5亀有,13,0,-,-
45,青戸８,環七通り×水戸街道,R4/11,亀有,B 四つ木,5亀有,14,0,-,-
45,青戸８,環七通り×水戸街道,R4/11,亀有,B 四つ木,5亀有,15,0,-,-
45,青戸８,環七通り×水戸街道,R4/11,亀有,B 四つ木,5亀有,16,0,-,-
45,青戸８,環七通り×水戸街道,R4/11,亀有,B 四つ木,5亀有,17,1,-,-
45,青戸８,環七通り×水戸街道,R4/11,亀有,B 四つ木,5亀有,18,0,-,-
45,青戸８,環七通り×水戸街道,R4/11,亀有,B 四つ木,5亀有,12時間計,4,-,-
45,青戸８,環七通り×水戸街道,R4/11,亀有,B 四つ木,6松戸,7,10,-,-
45,青戸８,環七通り×水戸街道,R4/11,亀有,B 四つ木,6松戸,8,13,-,-
45,青戸８,環七通り×水戸街道,R4/11,亀有,B 四つ木,6松戸,9,2,-,-
45,青戸８,環七通り×水戸街道,R4/11,亀有,B 四つ木,6松戸,10,2,-,-
45,青戸８,環七通り×水戸街道,R4/11,亀有,B 四つ木,6松戸,11,5,-,-
45,青戸８,環七通り×水戸街道,R4/11,亀有,B 四つ木,6松戸,12,2,-,-
45,青戸８,環七通り×水戸街道,R4/11,亀有,B 四つ木,6松戸,13,1,-,-
45,青戸８,環七通り×水戸街道,R4/11,亀有,B 四つ木,6松戸,14,2,-,-
45,青戸８,環七通り×水戸街道,R4/11,亀有,B 四つ木,6松戸,15,8,-,-
45,青戸８,環七通り×水戸街道,R4/11,亀有,B 四つ木,6松戸,16,5,-,-
45,青戸８,環七通り×水戸街道,R4/11,亀有,B 四つ木,6松戸,17,16,-,-
45,青戸８,環七通り×水戸街道,R4/11,亀有,B 四つ木,6松戸,18,11,-,-
45,青戸８,環七通り×水戸街道,R4/11,亀有,B 四つ木,6松戸,12時間計,77,-,-
45,青戸８,環七通り×水戸街道,R4/11,亀有,B 四つ木,7葛西,7,0,-,-
45,青戸８,環七通り×水戸街道,R4/11,亀有,B 四つ木,7葛西,8,0,-,-
45,青戸８,環七通り×水戸街道,R4/11,亀有,B 四つ木,7葛西,9,0,-,-
45,青戸８,環七通り×水戸街道,R4/11,亀有,B 四つ木,7葛西,10,1,-,-
45,青戸８,環七通り×水戸街道,R4/11,亀有,B 四つ木,7葛西,11,1,-,-
45,青戸８,環七通り×水戸街道,R4/11,亀有,B 四つ木,7葛西,12,0,-,-
45,青戸８,環七通り×水戸街道,R4/11,亀有,B 四つ木,7葛西,13,0,-,-
45,青戸８,環七通り×水戸街道,R4/11,亀有,B 四つ木,7葛西,14,0,-,-
45,青戸８,環七通り×水戸街道,R4/11,亀有,B 四つ木,7葛西,15,0,-,-
45,青戸８,環七通り×水戸街道,R4/11,亀有,B 四つ木,7葛西,16,4,-,-
45,青戸８,環七通り×水戸街道,R4/11,亀有,B 四つ木,7葛西,17,1,-,-
45,青戸８,環七通り×水戸街道,R4/11,亀有,B 四つ木,7葛西,18,0,-,-
45,青戸８,環七通り×水戸街道,R4/11,亀有,B 四つ木,7葛西,12時間計,7,-,-
45,青戸８,環七通り×水戸街道,R4/11,亀有,B 四つ木,流入計,7,12,95,107
45,青戸８,環七通り×水戸街道,R4/11,亀有,B 四つ木,流入計,8,13,196,209
45,青戸８,環七通り×水戸街道,R4/11,亀有,B 四つ木,流入計,9,2,65,67
45,青戸８,環七通り×水戸街道,R4/11,亀有,B 四つ木,流入計,10,3,96,99
45,青戸８,環七通り×水戸街道,R4/11,亀有,B 四つ木,流入計,11,6,103,109
45,青戸８,環七通り×水戸街道,R4/11,亀有,B 四つ木,流入計,12,3,93,96
45,青戸８,環七通り×水戸街道,R4/11,亀有,B 四つ木,流入計,13,1,83,84
45,青戸８,環七通り×水戸街道,R4/11,亀有,B 四つ木,流入計,14,2,90,92
45,青戸８,環七通り×水戸街道,R4/11,亀有,B 四つ木,流入計,15,8,143,151
45,青戸８,環七通り×水戸街道,R4/11,亀有,B 四つ木,流入計,16,9,178,187
45,青戸８,環七通り×水戸街道,R4/11,亀有,B 四つ木,流入計,17,18,278,296
45,青戸８,環七通り×水戸街道,R4/11,亀有,B 四つ木,流入計,18,11,200,211
45,青戸８,環七通り×水戸街道,R4/11,亀有,B 四つ木,流入計,12時間計,88,1620,1708
45,青戸８,環七通り×水戸街道,R4/11,亀有,C 葛西,8四つ木,7,1,-,-
45,青戸８,環七通り×水戸街道,R4/11,亀有,C 葛西,8四つ木,8,4,-,-
45,青戸８,環七通り×水戸街道,R4/11,亀有,C 葛西,8四つ木,9,0,-,-
45,青戸８,環七通り×水戸街道,R4/11,亀有,C 葛西,8四つ木,10,1,-,-
45,青戸８,環七通り×水戸街道,R4/11,亀有,C 葛西,8四つ木,11,0,-,-
45,青戸８,環七通り×水戸街道,R4/11,亀有,C 葛西,8四つ木,12,1,-,-
45,青戸８,環七通り×水戸街道,R4/11,亀有,C 葛西,8四つ木,13,0,-,-
45,青戸８,環七通り×水戸街道,R4/11,亀有,C 葛西,8四つ木,14,0,-,-
45,青戸８,環七通り×水戸街道,R4/11,亀有,C 葛西,8四つ木,15,0,-,-
45,青戸８,環七通り×水戸街道,R4/11,亀有,C 葛西,8四つ木,16,1,-,-
45,青戸８,環七通り×水戸街道,R4/11,亀有,C 葛西,8四つ木,17,0,-,-
45,青戸８,環七通り×水戸街道,R4/11,亀有,C 葛西,8四つ木,18,0,-,-
45,青戸８,環七通り×水戸街道,R4/11,亀有,C 葛西,8四つ木,12時間計,8,-,-
45,青戸８,環七通り×水戸街道,R4/11,亀有,C 葛西,9亀有,7,3,-,-
45,青戸８,環七通り×水戸街道,R4/11,亀有,C 葛西,9亀有,8,3,-,-
45,青戸８,環七通り×水戸街道,R4/11,亀有,C 葛西,9亀有,9,2,-,-
45,青戸８,環七通り×水戸街道,R4/11,亀有,C 葛西,9亀有,10,1,-,-
45,青戸８,環七通り×水戸街道,R4/11,亀有,C 葛西,9亀有,11,0,-,-
45,青戸８,環七通り×水戸街道,R4/11,亀有,C 葛西,9亀有,12,1,-,-
45,青戸８,環七通り×水戸街道,R4/11,亀有,C 葛西,9亀有,13,1,-,-
45,青戸８,環七通り×水戸街道,R4/11,亀有,C 葛西,9亀有,14,0,-,-
45,青戸８,環七通り×水戸街道,R4/11,亀有,C 葛西,9亀有,15,0,-,-
45,青戸８,環七通り×水戸街道,R4/11,亀有,C 葛西,9亀有,16,1,-,-
45,青戸８,環七通り×水戸街道,R4/11,亀有,C 葛西,9亀有,17,2,-,-
45,青戸８,環七通り×水戸街道,R4/11,亀有,C 葛西,9亀有,18,6,-,-
45,青戸８,環七通り×水戸街道,R4/11,亀有,C 葛西,9亀有,12時間計,20,-,-
45,青戸８,環七通り×水戸街道,R4/11,亀有,C 葛西,10松戸,7,8,-,-
45,青戸８,環七通り×水戸街道,R4/11,亀有,C 葛西,10松戸,8,2,-,-
45,青戸８,環七通り×水戸街道,R4/11,亀有,C 葛西,10松戸,9,0,-,-
45,青戸８,環七通り×水戸街道,R4/11,亀有,C 葛西,10松戸,10,0,-,-
45,青戸８,環七通り×水戸街道,R4/11,亀有,C 葛西,10松戸,11,0,-,-
45,青戸８,環七通り×水戸街道,R4/11,亀有,C 葛西,10松戸,12,0,-,-
45,青戸８,環七通り×水戸街道,R4/11,亀有,C 葛西,10松戸,13,2,-,-
45,青戸８,環七通り×水戸街道,R4/11,亀有,C 葛西,10松戸,14,2,-,-
45,青戸８,環七通り×水戸街道,R4/11,亀有,C 葛西,10松戸,15,0,-,-
45,青戸８,環七通り×水戸街道,R4/11,亀有,C 葛西,10松戸,16,0,-,-
45,青戸８,環七通り×水戸街道,R4/11,亀有,C 葛西,10松戸,17,0,-,-
45,青戸８,環七通り×水戸街道,R4/11,亀有,C 葛西,10松戸,18,0,-,-
45,青戸８,環七通り×水戸街道,R4/11,亀有,C 葛西,10松戸,12時間計,14,-,-
45,青戸８,環七通り×水戸街道,R4/11,亀有,C 葛西,11亀有,7,0,-,-
45,青戸８,環七通り×水戸街道,R4/11,亀有,C 葛西,11亀有,8,0,-,-
45,青戸８,環七通り×水戸街道,R4/11,亀有,C 葛西,11亀有,9,0,-,-
45,青戸８,環七通り×水戸街道,R4/11,亀有,C 葛西,11亀有,10,0,-,-
45,青戸８,環七通り×水戸街道,R4/11,亀有,C 葛西,11亀有,11,0,-,-
45,青戸８,環七通り×水戸街道,R4/11,亀有,C 葛西,11亀有,12,0,-,-
45,青戸８,環七通り×水戸街道,R4/11,亀有,C 葛西,11亀有,13,0,-,-
45,青戸８,環七通り×水戸街道,R4/11,亀有,C 葛西,11亀有,14,0,-,-
45,青戸８,環七通り×水戸街道,R4/11,亀有,C 葛西,11亀有,15,0,-,-
45,青戸８,環七通り×水戸街道,R4/11,亀有,C 葛西,11亀有,16,0,-,-
45,青戸８,環七通り×水戸街道,R4/11,亀有,C 葛西,11亀有,17,0,-,-
45,青戸８,環七通り×水戸街道,R4/11,亀有,C 葛西,11亀有,18,0,-,-
45,青戸８,環七通り×水戸街道,R4/11,亀有,C 葛西,11亀有,12時間計,0,-,-
45,青戸８,環七通り×水戸街道,R4/11,亀有,C 葛西,流入計,7,12,76,88
45,青戸８,環七通り×水戸街道,R4/11,亀有,C 葛西,流入計,8,9,103,112
45,青戸８,環七通り×水戸街道,R4/11,亀有,C 葛西,流入計,9,2,96,98
45,青戸８,環七通り×水戸街道,R4/11,亀有,C 葛西,流入計,10,2,88,90
45,青戸８,環七通り×水戸街道,R4/11,亀有,C 葛西,流入計,11,0,68,68
45,青戸８,環七通り×水戸街道,R4/11,亀有,C 葛西,流入計,12,2,49,51
45,青戸８,環七通り×水戸街道,R4/11,亀有,C 葛西,流入計,13,3,47,50
45,青戸８,環七通り×水戸街道,R4/11,亀有,C 葛西,流入計,14,2,68,70
45,青戸８,環七通り×水戸街道,R4/11,亀有,C 葛西,流入計,15,0,85,85
45,青戸８,環七通り×水戸街道,R4/11,亀有,C 葛西,流入計,16,2,89,91
45,青戸８,環七通り×水戸街道,R4/11,亀有,C 葛西,流入計,17,2,116,118
45,青戸８,環七通り×水戸街道,R4/11,亀有,C 葛西,流入計,18,6,77,83
45,青戸８,環七通り×水戸街道,R4/11,亀有,C 葛西,流入計,12時間計,42,962,1004
45,青戸８,環七通り×水戸街道,R4/11,亀有,D 松戸,12葛西,7,0,-,-
45,青戸８,環七通り×水戸街道,R4/11,亀有,D 松戸,12葛西,8,0,-,-
45,青戸８,環七通り×水戸街道,R4/11,亀有,D 松戸,12葛西,9,0,-,-
45,青戸８,環七通り×水戸街道,R4/11,亀有,D 松戸,12葛西,10,1,-,-
45,青戸８,環七通り×水戸街道,R4/11,亀有,D 松戸,12葛西,11,1,-,-
45,青戸８,環七通り×水戸街道,R4/11,亀有,D 松戸,12葛西,12,0,-,-
45,青戸８,環七通り×水戸街道,R4/11,亀有,D 松戸,12葛西,13,0,-,-
45,青戸８,環七通り×水戸街道,R4/11,亀有,D 松戸,12葛西,14,0,-,-
45,青戸８,環七通り×水戸街道,R4/11,亀有,D 松戸,12葛西,15,0,-,-
45,青戸８,環七通り×水戸街道,R4/11,亀有,D 松戸,12葛西,16,0,-,-
45,青戸８,環七通り×水戸街道,R4/11,亀有,D 松戸,12葛西,17,2,-,-
45,青戸８,環七通り×水戸街道,R4/11,亀有,D 松戸,12葛西,18,1,-,-
45,青戸８,環七通り×水戸街道,R4/11,亀有,D 松戸,12葛西,12時間計,5,-,-
45,青戸８,環七通り×水戸街道,R4/11,亀有,D 松戸,13四つ木,7,13,-,-
45,青戸８,環七通り×水戸街道,R4/11,亀有,D 松戸,13四つ木,8,25,-,-
45,青戸８,環七通り×水戸街道,R4/11,亀有,D 松戸,13四つ木,9,7,-,-
45,青戸８,環七通り×水戸街道,R4/11,亀有,D 松戸,13四つ木,10,2,-,-
45,青戸８,環七通り×水戸街道,R4/11,亀有,D 松戸,13四つ木,11,3,-,-
45,青戸８,環七通り×水戸街道,R4/11,亀有,D 松戸,13四つ木,12,2,-,-
45,青戸８,環七通り×水戸街道,R4/11,亀有,D 松戸,13四つ木,13,5,-,-
45,青戸８,環七通り×水戸街道,R4/11,亀有,D 松戸,13四つ木,14,3,-,-
45,青戸８,環七通り×水戸街道,R4/11,亀有,D 松戸,13四つ木,15,3,-,-
45,青戸８,環七通り×水戸街道,R4/11,亀有,D 松戸,13四つ木,16,2,-,-
45,青戸８,環七通り×水戸街道,R4/11,亀有,D 松戸,13四つ木,17,4,-,-
45,青戸８,環七通り×水戸街道,R4/11,亀有,D 松戸,13四つ木,18,4,-,-
45,青戸８,環七通り×水戸街道,R4/11,亀有,D 松戸,13四つ木,12時間計,73,-,-
45,青戸８,環七通り×水戸街道,R4/11,亀有,D 松戸,14亀有,7,0,-,-
45,青戸８,環七通り×水戸街道,R4/11,亀有,D 松戸,14亀有,8,0,-,-
45,青戸８,環七通り×水戸街道,R4/11,亀有,D 松戸,14亀有,9,0,-,-
45,青戸８,環七通り×水戸街道,R4/11,亀有,D 松戸,14亀有,10,0,-,-
45,青戸８,環七通り×水戸街道,R4/11,亀有,D 松戸,14亀有,11,0,-,-
45,青戸８,環七通り×水戸街道,R4/11,亀有,D 松戸,14亀有,12,0,-,-
45,青戸８,環七通り×水戸街道,R4/11,亀有,D 松戸,14亀有,13,0,-,-
45,青戸８,環七通り×水戸街道,R4/11,亀有,D 松戸,14亀有,14,0,-,-
45,青戸８,環七通り×水戸街道,R4/11,亀有,D 松戸,14亀有,15,0,-,-
45,青戸８,環七通り×水戸街道,R4/11,亀有,D 松戸,14亀有,16,0,-,-
45,青戸８,環七通り×水戸街道,R4/11,亀有,D 松戸,14亀有,17,0,-,-
45,青戸８,環七通り×水戸街道,R4/11,亀有,D 松戸,14亀有,18,0,-,-
45,青戸８,環七通り×水戸街道,R4/11,亀有,D 松戸,14亀有,12時間計,0,-,-
45,青戸８,環七通り×水戸街道,R4/11,亀有,D 松戸,流入計,7,13,354,367
45,青戸８,環七通り×水戸街道,R4/11,亀有,D 松戸,流入計,8,25,434,459
45,青戸８,環七通り×水戸街道,R4/11,亀有,D 松戸,流入計,9,7,178,185
45,青戸８,環七通り×水戸街道,R4/11,亀有,D 松戸,流入計,10,3,76,79
45,青戸８,環七通り×水戸街道,R4/11,亀有,D 松戸,流入計,11,4,67,71
45,青戸８,環七通り×水戸街道,R4/11,亀有,D 松戸,流入計,12,2,83,85
45,青戸８,環七通り×水戸街道,R4/11,亀有,D 松戸,流入計,13,5,104,109
45,青戸８,環七通り×水戸街道,R4/11,亀有,D 松戸,流入計,14,3,82,85
45,青戸８,環七通り×水戸街道,R4/11,亀有,D 松戸,流入計,15,3,141,144
45,青戸８,環七通り×水戸街道,R4/11,亀有,D 松戸,流入計,16,2,94,96
45,青戸８,環七通り×水戸街道,R4/11,亀有,D 松戸,流入計,17,6,154,160
45,青戸８,環七通り×水戸街道,R4/11,亀有,D 松戸,流入計,18,5,85,90
45,青戸８,環七通り×水戸街道,R4/11,亀有,D 松戸,流入計,12時間計,78,1852,1930
45,青戸８,環七通り×水戸街道,R4/11,亀有,全方向計,全方向計,7,102,628,730
45,青戸８,環七通り×水戸街道,R4/11,亀有,全方向計,全方向計,8,61,881,942
45,青戸８,環七通り×水戸街道,R4/11,亀有,全方向計,全方向計,9,16,410,426
45,青戸８,環七通り×水戸街道,R4/11,亀有,全方向計,全方向計,10,14,337,351
45,青戸８,環七通り×水戸街道,R4/11,亀有,全方向計,全方向計,11,19,301,320
45,青戸８,環七通り×水戸街道,R4/11,亀有,全方向計,全方向計,12,11,322,333
45,青戸８,環七通り×水戸街道,R4/11,亀有,全方向計,全方向計,13,12,317,329
45,青戸８,環七通り×水戸街道,R4/11,亀有,全方向計,全方向計,14,8,313,321
45,青戸８,環七通り×水戸街道,R4/11,亀有,全方向計,全方向計,15,15,457,472
45,青戸８,環七通り×水戸街道,R4/11,亀有,全方向計,全方向計,16,39,446,485
45,青戸８,環七通り×水戸街道,R4/11,亀有,全方向計,全方向計,17,47,681,728
45,青戸８,環七通り×水戸街道,R4/11,亀有,全方向計,全方向計,18,29,462,491
45,青戸８,環七通り×水戸街道,R4/11,亀有,全方向計,全方向計,12時間計,373,5555,5928
