﻿地点番号,地点名,交差道路名,調査年月,管轄警察署,流入方向,流出方向,時間帯等,車道通行自転車,歩道通行自転車,自転車計
6,飯田橋,外堀通り×目白通り,R4/11,牛込,A 江戸川橋,1水道橋,7,0,-,-
6,飯田橋,外堀通り×目白通り,R4/11,牛込,A 江戸川橋,1水道橋,8,3,-,-
6,飯田橋,外堀通り×目白通り,R4/11,牛込,A 江戸川橋,1水道橋,9,3,-,-
6,飯田橋,外堀通り×目白通り,R4/11,牛込,A 江戸川橋,1水道橋,10,3,-,-
6,飯田橋,外堀通り×目白通り,R4/11,牛込,A 江戸川橋,1水道橋,11,0,-,-
6,飯田橋,外堀通り×目白通り,R4/11,牛込,A 江戸川橋,1水道橋,12,0,-,-
6,飯田橋,外堀通り×目白通り,R4/11,牛込,A 江戸川橋,1水道橋,13,0,-,-
6,飯田橋,外堀通り×目白通り,R4/11,牛込,A 江戸川橋,1水道橋,14,0,-,-
6,飯田橋,外堀通り×目白通り,R4/11,牛込,A 江戸川橋,1水道橋,15,0,-,-
6,飯田橋,外堀通り×目白通り,R4/11,牛込,A 江戸川橋,1水道橋,16,1,-,-
6,飯田橋,外堀通り×目白通り,R4/11,牛込,A 江戸川橋,1水道橋,17,1,-,-
6,飯田橋,外堀通り×目白通り,R4/11,牛込,A 江戸川橋,1水道橋,18,0,-,-
6,飯田橋,外堀通り×目白通り,R4/11,牛込,A 江戸川橋,1水道橋,12時間計,11,-,-
6,飯田橋,外堀通り×目白通り,R4/11,牛込,A 江戸川橋,2九段下,7,3,-,-
6,飯田橋,外堀通り×目白通り,R4/11,牛込,A 江戸川橋,2九段下,8,14,-,-
6,飯田橋,外堀通り×目白通り,R4/11,牛込,A 江戸川橋,2九段下,9,3,-,-
6,飯田橋,外堀通り×目白通り,R4/11,牛込,A 江戸川橋,2九段下,10,6,-,-
6,飯田橋,外堀通り×目白通り,R4/11,牛込,A 江戸川橋,2九段下,11,6,-,-
6,飯田橋,外堀通り×目白通り,R4/11,牛込,A 江戸川橋,2九段下,12,3,-,-
6,飯田橋,外堀通り×目白通り,R4/11,牛込,A 江戸川橋,2九段下,13,8,-,-
6,飯田橋,外堀通り×目白通り,R4/11,牛込,A 江戸川橋,2九段下,14,7,-,-
6,飯田橋,外堀通り×目白通り,R4/11,牛込,A 江戸川橋,2九段下,15,0,-,-
6,飯田橋,外堀通り×目白通り,R4/11,牛込,A 江戸川橋,2九段下,16,0,-,-
6,飯田橋,外堀通り×目白通り,R4/11,牛込,A 江戸川橋,2九段下,17,4,-,-
6,飯田橋,外堀通り×目白通り,R4/11,牛込,A 江戸川橋,2九段下,18,3,-,-
6,飯田橋,外堀通り×目白通り,R4/11,牛込,A 江戸川橋,2九段下,12時間計,57,-,-
6,飯田橋,外堀通り×目白通り,R4/11,牛込,A 江戸川橋,3市ヶ谷,7,0,-,-
6,飯田橋,外堀通り×目白通り,R4/11,牛込,A 江戸川橋,3市ヶ谷,8,0,-,-
6,飯田橋,外堀通り×目白通り,R4/11,牛込,A 江戸川橋,3市ヶ谷,9,0,-,-
6,飯田橋,外堀通り×目白通り,R4/11,牛込,A 江戸川橋,3市ヶ谷,10,0,-,-
6,飯田橋,外堀通り×目白通り,R4/11,牛込,A 江戸川橋,3市ヶ谷,11,0,-,-
6,飯田橋,外堀通り×目白通り,R4/11,牛込,A 江戸川橋,3市ヶ谷,12,0,-,-
6,飯田橋,外堀通り×目白通り,R4/11,牛込,A 江戸川橋,3市ヶ谷,13,0,-,-
6,飯田橋,外堀通り×目白通り,R4/11,牛込,A 江戸川橋,3市ヶ谷,14,0,-,-
6,飯田橋,外堀通り×目白通り,R4/11,牛込,A 江戸川橋,3市ヶ谷,15,0,-,-
6,飯田橋,外堀通り×目白通り,R4/11,牛込,A 江戸川橋,3市ヶ谷,16,0,-,-
6,飯田橋,外堀通り×目白通り,R4/11,牛込,A 江戸川橋,3市ヶ谷,17,0,-,-
6,飯田橋,外堀通り×目白通り,R4/11,牛込,A 江戸川橋,3市ヶ谷,18,0,-,-
6,飯田橋,外堀通り×目白通り,R4/11,牛込,A 江戸川橋,3市ヶ谷,12時間計,0,-,-
6,飯田橋,外堀通り×目白通り,R4/11,牛込,A 江戸川橋,4神楽坂,7,0,-,-
6,飯田橋,外堀通り×目白通り,R4/11,牛込,A 江戸川橋,4神楽坂,8,0,-,-
6,飯田橋,外堀通り×目白通り,R4/11,牛込,A 江戸川橋,4神楽坂,9,1,-,-
6,飯田橋,外堀通り×目白通り,R4/11,牛込,A 江戸川橋,4神楽坂,10,0,-,-
6,飯田橋,外堀通り×目白通り,R4/11,牛込,A 江戸川橋,4神楽坂,11,0,-,-
6,飯田橋,外堀通り×目白通り,R4/11,牛込,A 江戸川橋,4神楽坂,12,0,-,-
6,飯田橋,外堀通り×目白通り,R4/11,牛込,A 江戸川橋,4神楽坂,13,0,-,-
6,飯田橋,外堀通り×目白通り,R4/11,牛込,A 江戸川橋,4神楽坂,14,0,-,-
6,飯田橋,外堀通り×目白通り,R4/11,牛込,A 江戸川橋,4神楽坂,15,0,-,-
6,飯田橋,外堀通り×目白通り,R4/11,牛込,A 江戸川橋,4神楽坂,16,0,-,-
6,飯田橋,外堀通り×目白通り,R4/11,牛込,A 江戸川橋,4神楽坂,17,0,-,-
6,飯田橋,外堀通り×目白通り,R4/11,牛込,A 江戸川橋,4神楽坂,18,0,-,-
6,飯田橋,外堀通り×目白通り,R4/11,牛込,A 江戸川橋,4神楽坂,12時間計,1,-,-
6,飯田橋,外堀通り×目白通り,R4/11,牛込,A 江戸川橋,流入計,7,3,11,14
6,飯田橋,外堀通り×目白通り,R4/11,牛込,A 江戸川橋,流入計,8,17,24,41
6,飯田橋,外堀通り×目白通り,R4/11,牛込,A 江戸川橋,流入計,9,7,23,30
6,飯田橋,外堀通り×目白通り,R4/11,牛込,A 江戸川橋,流入計,10,9,21,30
6,飯田橋,外堀通り×目白通り,R4/11,牛込,A 江戸川橋,流入計,11,6,24,30
6,飯田橋,外堀通り×目白通り,R4/11,牛込,A 江戸川橋,流入計,12,3,31,34
6,飯田橋,外堀通り×目白通り,R4/11,牛込,A 江戸川橋,流入計,13,8,13,21
6,飯田橋,外堀通り×目白通り,R4/11,牛込,A 江戸川橋,流入計,14,7,30,37
6,飯田橋,外堀通り×目白通り,R4/11,牛込,A 江戸川橋,流入計,15,0,19,19
6,飯田橋,外堀通り×目白通り,R4/11,牛込,A 江戸川橋,流入計,16,1,17,18
6,飯田橋,外堀通り×目白通り,R4/11,牛込,A 江戸川橋,流入計,17,5,17,22
6,飯田橋,外堀通り×目白通り,R4/11,牛込,A 江戸川橋,流入計,18,3,21,24
6,飯田橋,外堀通り×目白通り,R4/11,牛込,A 江戸川橋,流入計,12時間計,69,251,320
6,飯田橋,外堀通り×目白通り,R4/11,牛込,B 神楽坂,5江戸川橋,7,0,-,-
6,飯田橋,外堀通り×目白通り,R4/11,牛込,B 神楽坂,5江戸川橋,8,0,-,-
6,飯田橋,外堀通り×目白通り,R4/11,牛込,B 神楽坂,5江戸川橋,9,2,-,-
6,飯田橋,外堀通り×目白通り,R4/11,牛込,B 神楽坂,5江戸川橋,10,1,-,-
6,飯田橋,外堀通り×目白通り,R4/11,牛込,B 神楽坂,5江戸川橋,11,2,-,-
6,飯田橋,外堀通り×目白通り,R4/11,牛込,B 神楽坂,5江戸川橋,12,0,-,-
6,飯田橋,外堀通り×目白通り,R4/11,牛込,B 神楽坂,5江戸川橋,13,1,-,-
6,飯田橋,外堀通り×目白通り,R4/11,牛込,B 神楽坂,5江戸川橋,14,0,-,-
6,飯田橋,外堀通り×目白通り,R4/11,牛込,B 神楽坂,5江戸川橋,15,0,-,-
6,飯田橋,外堀通り×目白通り,R4/11,牛込,B 神楽坂,5江戸川橋,16,0,-,-
6,飯田橋,外堀通り×目白通り,R4/11,牛込,B 神楽坂,5江戸川橋,17,0,-,-
6,飯田橋,外堀通り×目白通り,R4/11,牛込,B 神楽坂,5江戸川橋,18,0,-,-
6,飯田橋,外堀通り×目白通り,R4/11,牛込,B 神楽坂,5江戸川橋,12時間計,6,-,-
6,飯田橋,外堀通り×目白通り,R4/11,牛込,B 神楽坂,6水道橋,7,3,-,-
6,飯田橋,外堀通り×目白通り,R4/11,牛込,B 神楽坂,6水道橋,8,8,-,-
6,飯田橋,外堀通り×目白通り,R4/11,牛込,B 神楽坂,6水道橋,9,6,-,-
6,飯田橋,外堀通り×目白通り,R4/11,牛込,B 神楽坂,6水道橋,10,11,-,-
6,飯田橋,外堀通り×目白通り,R4/11,牛込,B 神楽坂,6水道橋,11,3,-,-
6,飯田橋,外堀通り×目白通り,R4/11,牛込,B 神楽坂,6水道橋,12,2,-,-
6,飯田橋,外堀通り×目白通り,R4/11,牛込,B 神楽坂,6水道橋,13,2,-,-
6,飯田橋,外堀通り×目白通り,R4/11,牛込,B 神楽坂,6水道橋,14,4,-,-
6,飯田橋,外堀通り×目白通り,R4/11,牛込,B 神楽坂,6水道橋,15,1,-,-
6,飯田橋,外堀通り×目白通り,R4/11,牛込,B 神楽坂,6水道橋,16,9,-,-
6,飯田橋,外堀通り×目白通り,R4/11,牛込,B 神楽坂,6水道橋,17,8,-,-
6,飯田橋,外堀通り×目白通り,R4/11,牛込,B 神楽坂,6水道橋,18,1,-,-
6,飯田橋,外堀通り×目白通り,R4/11,牛込,B 神楽坂,6水道橋,12時間計,58,-,-
6,飯田橋,外堀通り×目白通り,R4/11,牛込,B 神楽坂,7九段下,7,12,-,-
6,飯田橋,外堀通り×目白通り,R4/11,牛込,B 神楽坂,7九段下,8,35,-,-
6,飯田橋,外堀通り×目白通り,R4/11,牛込,B 神楽坂,7九段下,9,22,-,-
6,飯田橋,外堀通り×目白通り,R4/11,牛込,B 神楽坂,7九段下,10,11,-,-
6,飯田橋,外堀通り×目白通り,R4/11,牛込,B 神楽坂,7九段下,11,8,-,-
6,飯田橋,外堀通り×目白通り,R4/11,牛込,B 神楽坂,7九段下,12,12,-,-
6,飯田橋,外堀通り×目白通り,R4/11,牛込,B 神楽坂,7九段下,13,3,-,-
6,飯田橋,外堀通り×目白通り,R4/11,牛込,B 神楽坂,7九段下,14,6,-,-
6,飯田橋,外堀通り×目白通り,R4/11,牛込,B 神楽坂,7九段下,15,2,-,-
6,飯田橋,外堀通り×目白通り,R4/11,牛込,B 神楽坂,7九段下,16,5,-,-
6,飯田橋,外堀通り×目白通り,R4/11,牛込,B 神楽坂,7九段下,17,4,-,-
6,飯田橋,外堀通り×目白通り,R4/11,牛込,B 神楽坂,7九段下,18,8,-,-
6,飯田橋,外堀通り×目白通り,R4/11,牛込,B 神楽坂,7九段下,12時間計,128,-,-
6,飯田橋,外堀通り×目白通り,R4/11,牛込,B 神楽坂,8市ヶ谷,7,0,-,-
6,飯田橋,外堀通り×目白通り,R4/11,牛込,B 神楽坂,8市ヶ谷,8,0,-,-
6,飯田橋,外堀通り×目白通り,R4/11,牛込,B 神楽坂,8市ヶ谷,9,0,-,-
6,飯田橋,外堀通り×目白通り,R4/11,牛込,B 神楽坂,8市ヶ谷,10,0,-,-
6,飯田橋,外堀通り×目白通り,R4/11,牛込,B 神楽坂,8市ヶ谷,11,0,-,-
6,飯田橋,外堀通り×目白通り,R4/11,牛込,B 神楽坂,8市ヶ谷,12,0,-,-
6,飯田橋,外堀通り×目白通り,R4/11,牛込,B 神楽坂,8市ヶ谷,13,1,-,-
6,飯田橋,外堀通り×目白通り,R4/11,牛込,B 神楽坂,8市ヶ谷,14,0,-,-
6,飯田橋,外堀通り×目白通り,R4/11,牛込,B 神楽坂,8市ヶ谷,15,0,-,-
6,飯田橋,外堀通り×目白通り,R4/11,牛込,B 神楽坂,8市ヶ谷,16,0,-,-
6,飯田橋,外堀通り×目白通り,R4/11,牛込,B 神楽坂,8市ヶ谷,17,2,-,-
6,飯田橋,外堀通り×目白通り,R4/11,牛込,B 神楽坂,8市ヶ谷,18,0,-,-
6,飯田橋,外堀通り×目白通り,R4/11,牛込,B 神楽坂,8市ヶ谷,12時間計,3,-,-
6,飯田橋,外堀通り×目白通り,R4/11,牛込,B 神楽坂,流入計,7,15,143,158
6,飯田橋,外堀通り×目白通り,R4/11,牛込,B 神楽坂,流入計,8,43,285,328
6,飯田橋,外堀通り×目白通り,R4/11,牛込,B 神楽坂,流入計,9,30,12,42
6,飯田橋,外堀通り×目白通り,R4/11,牛込,B 神楽坂,流入計,10,23,12,35
6,飯田橋,外堀通り×目白通り,R4/11,牛込,B 神楽坂,流入計,11,13,20,33
6,飯田橋,外堀通り×目白通り,R4/11,牛込,B 神楽坂,流入計,12,14,22,36
6,飯田橋,外堀通り×目白通り,R4/11,牛込,B 神楽坂,流入計,13,7,25,32
6,飯田橋,外堀通り×目白通り,R4/11,牛込,B 神楽坂,流入計,14,10,19,29
6,飯田橋,外堀通り×目白通り,R4/11,牛込,B 神楽坂,流入計,15,3,15,18
6,飯田橋,外堀通り×目白通り,R4/11,牛込,B 神楽坂,流入計,16,14,15,29
6,飯田橋,外堀通り×目白通り,R4/11,牛込,B 神楽坂,流入計,17,14,9,23
6,飯田橋,外堀通り×目白通り,R4/11,牛込,B 神楽坂,流入計,18,9,27,36
6,飯田橋,外堀通り×目白通り,R4/11,牛込,B 神楽坂,流入計,12時間計,195,604,799
6,飯田橋,外堀通り×目白通り,R4/11,牛込,C 市ヶ谷,9神楽坂,7,0,-,-
6,飯田橋,外堀通り×目白通り,R4/11,牛込,C 市ヶ谷,9神楽坂,8,0,-,-
6,飯田橋,外堀通り×目白通り,R4/11,牛込,C 市ヶ谷,9神楽坂,9,0,-,-
6,飯田橋,外堀通り×目白通り,R4/11,牛込,C 市ヶ谷,9神楽坂,10,0,-,-
6,飯田橋,外堀通り×目白通り,R4/11,牛込,C 市ヶ谷,9神楽坂,11,0,-,-
6,飯田橋,外堀通り×目白通り,R4/11,牛込,C 市ヶ谷,9神楽坂,12,1,-,-
6,飯田橋,外堀通り×目白通り,R4/11,牛込,C 市ヶ谷,9神楽坂,13,0,-,-
6,飯田橋,外堀通り×目白通り,R4/11,牛込,C 市ヶ谷,9神楽坂,14,0,-,-
6,飯田橋,外堀通り×目白通り,R4/11,牛込,C 市ヶ谷,9神楽坂,15,3,-,-
6,飯田橋,外堀通り×目白通り,R4/11,牛込,C 市ヶ谷,9神楽坂,16,1,-,-
6,飯田橋,外堀通り×目白通り,R4/11,牛込,C 市ヶ谷,9神楽坂,17,3,-,-
6,飯田橋,外堀通り×目白通り,R4/11,牛込,C 市ヶ谷,9神楽坂,18,1,-,-
6,飯田橋,外堀通り×目白通り,R4/11,牛込,C 市ヶ谷,9神楽坂,12時間計,9,-,-
6,飯田橋,外堀通り×目白通り,R4/11,牛込,C 市ヶ谷,10江戸川橋,7,2,-,-
6,飯田橋,外堀通り×目白通り,R4/11,牛込,C 市ヶ谷,10江戸川橋,8,12,-,-
6,飯田橋,外堀通り×目白通り,R4/11,牛込,C 市ヶ谷,10江戸川橋,9,5,-,-
6,飯田橋,外堀通り×目白通り,R4/11,牛込,C 市ヶ谷,10江戸川橋,10,4,-,-
6,飯田橋,外堀通り×目白通り,R4/11,牛込,C 市ヶ谷,10江戸川橋,11,7,-,-
6,飯田橋,外堀通り×目白通り,R4/11,牛込,C 市ヶ谷,10江戸川橋,12,15,-,-
6,飯田橋,外堀通り×目白通り,R4/11,牛込,C 市ヶ谷,10江戸川橋,13,17,-,-
6,飯田橋,外堀通り×目白通り,R4/11,牛込,C 市ヶ谷,10江戸川橋,14,7,-,-
6,飯田橋,外堀通り×目白通り,R4/11,牛込,C 市ヶ谷,10江戸川橋,15,8,-,-
6,飯田橋,外堀通り×目白通り,R4/11,牛込,C 市ヶ谷,10江戸川橋,16,8,-,-
6,飯田橋,外堀通り×目白通り,R4/11,牛込,C 市ヶ谷,10江戸川橋,17,12,-,-
6,飯田橋,外堀通り×目白通り,R4/11,牛込,C 市ヶ谷,10江戸川橋,18,15,-,-
6,飯田橋,外堀通り×目白通り,R4/11,牛込,C 市ヶ谷,10江戸川橋,12時間計,112,-,-
6,飯田橋,外堀通り×目白通り,R4/11,牛込,C 市ヶ谷,11水道橋,7,13,-,-
6,飯田橋,外堀通り×目白通り,R4/11,牛込,C 市ヶ谷,11水道橋,8,31,-,-
6,飯田橋,外堀通り×目白通り,R4/11,牛込,C 市ヶ谷,11水道橋,9,19,-,-
6,飯田橋,外堀通り×目白通り,R4/11,牛込,C 市ヶ谷,11水道橋,10,14,-,-
6,飯田橋,外堀通り×目白通り,R4/11,牛込,C 市ヶ谷,11水道橋,11,8,-,-
6,飯田橋,外堀通り×目白通り,R4/11,牛込,C 市ヶ谷,11水道橋,12,8,-,-
6,飯田橋,外堀通り×目白通り,R4/11,牛込,C 市ヶ谷,11水道橋,13,10,-,-
6,飯田橋,外堀通り×目白通り,R4/11,牛込,C 市ヶ谷,11水道橋,14,10,-,-
6,飯田橋,外堀通り×目白通り,R4/11,牛込,C 市ヶ谷,11水道橋,15,10,-,-
6,飯田橋,外堀通り×目白通り,R4/11,牛込,C 市ヶ谷,11水道橋,16,14,-,-
6,飯田橋,外堀通り×目白通り,R4/11,牛込,C 市ヶ谷,11水道橋,17,18,-,-
6,飯田橋,外堀通り×目白通り,R4/11,牛込,C 市ヶ谷,11水道橋,18,19,-,-
6,飯田橋,外堀通り×目白通り,R4/11,牛込,C 市ヶ谷,11水道橋,12時間計,174,-,-
6,飯田橋,外堀通り×目白通り,R4/11,牛込,C 市ヶ谷,12九段下,7,0,-,-
6,飯田橋,外堀通り×目白通り,R4/11,牛込,C 市ヶ谷,12九段下,8,0,-,-
6,飯田橋,外堀通り×目白通り,R4/11,牛込,C 市ヶ谷,12九段下,9,0,-,-
6,飯田橋,外堀通り×目白通り,R4/11,牛込,C 市ヶ谷,12九段下,10,0,-,-
6,飯田橋,外堀通り×目白通り,R4/11,牛込,C 市ヶ谷,12九段下,11,0,-,-
6,飯田橋,外堀通り×目白通り,R4/11,牛込,C 市ヶ谷,12九段下,12,0,-,-
6,飯田橋,外堀通り×目白通り,R4/11,牛込,C 市ヶ谷,12九段下,13,0,-,-
6,飯田橋,外堀通り×目白通り,R4/11,牛込,C 市ヶ谷,12九段下,14,0,-,-
6,飯田橋,外堀通り×目白通り,R4/11,牛込,C 市ヶ谷,12九段下,15,0,-,-
6,飯田橋,外堀通り×目白通り,R4/11,牛込,C 市ヶ谷,12九段下,16,0,-,-
6,飯田橋,外堀通り×目白通り,R4/11,牛込,C 市ヶ谷,12九段下,17,0,-,-
6,飯田橋,外堀通り×目白通り,R4/11,牛込,C 市ヶ谷,12九段下,18,0,-,-
6,飯田橋,外堀通り×目白通り,R4/11,牛込,C 市ヶ谷,12九段下,12時間計,0,-,-
6,飯田橋,外堀通り×目白通り,R4/11,牛込,C 市ヶ谷,流入計,7,15,51,66
6,飯田橋,外堀通り×目白通り,R4/11,牛込,C 市ヶ谷,流入計,8,43,122,165
6,飯田橋,外堀通り×目白通り,R4/11,牛込,C 市ヶ谷,流入計,9,24,53,77
6,飯田橋,外堀通り×目白通り,R4/11,牛込,C 市ヶ谷,流入計,10,18,62,80
6,飯田橋,外堀通り×目白通り,R4/11,牛込,C 市ヶ谷,流入計,11,15,76,91
6,飯田橋,外堀通り×目白通り,R4/11,牛込,C 市ヶ谷,流入計,12,24,27,51
6,飯田橋,外堀通り×目白通り,R4/11,牛込,C 市ヶ谷,流入計,13,27,17,44
6,飯田橋,外堀通り×目白通り,R4/11,牛込,C 市ヶ谷,流入計,14,17,21,38
6,飯田橋,外堀通り×目白通り,R4/11,牛込,C 市ヶ谷,流入計,15,21,43,64
6,飯田橋,外堀通り×目白通り,R4/11,牛込,C 市ヶ谷,流入計,16,23,32,55
6,飯田橋,外堀通り×目白通り,R4/11,牛込,C 市ヶ谷,流入計,17,33,26,59
6,飯田橋,外堀通り×目白通り,R4/11,牛込,C 市ヶ谷,流入計,18,35,57,92
6,飯田橋,外堀通り×目白通り,R4/11,牛込,C 市ヶ谷,流入計,12時間計,295,587,882
6,飯田橋,外堀通り×目白通り,R4/11,牛込,D 九段下,13市ヶ谷,7,7,-,-
6,飯田橋,外堀通り×目白通り,R4/11,牛込,D 九段下,13市ヶ谷,8,6,-,-
6,飯田橋,外堀通り×目白通り,R4/11,牛込,D 九段下,13市ヶ谷,9,5,-,-
6,飯田橋,外堀通り×目白通り,R4/11,牛込,D 九段下,13市ヶ谷,10,3,-,-
6,飯田橋,外堀通り×目白通り,R4/11,牛込,D 九段下,13市ヶ谷,11,6,-,-
6,飯田橋,外堀通り×目白通り,R4/11,牛込,D 九段下,13市ヶ谷,12,12,-,-
6,飯田橋,外堀通り×目白通り,R4/11,牛込,D 九段下,13市ヶ谷,13,12,-,-
6,飯田橋,外堀通り×目白通り,R4/11,牛込,D 九段下,13市ヶ谷,14,4,-,-
6,飯田橋,外堀通り×目白通り,R4/11,牛込,D 九段下,13市ヶ谷,15,4,-,-
6,飯田橋,外堀通り×目白通り,R4/11,牛込,D 九段下,13市ヶ谷,16,2,-,-
6,飯田橋,外堀通り×目白通り,R4/11,牛込,D 九段下,13市ヶ谷,17,4,-,-
6,飯田橋,外堀通り×目白通り,R4/11,牛込,D 九段下,13市ヶ谷,18,20,-,-
6,飯田橋,外堀通り×目白通り,R4/11,牛込,D 九段下,13市ヶ谷,12時間計,85,-,-
6,飯田橋,外堀通り×目白通り,R4/11,牛込,D 九段下,14神楽坂,7,7,-,-
6,飯田橋,外堀通り×目白通り,R4/11,牛込,D 九段下,14神楽坂,8,6,-,-
6,飯田橋,外堀通り×目白通り,R4/11,牛込,D 九段下,14神楽坂,9,16,-,-
6,飯田橋,外堀通り×目白通り,R4/11,牛込,D 九段下,14神楽坂,10,15,-,-
6,飯田橋,外堀通り×目白通り,R4/11,牛込,D 九段下,14神楽坂,11,12,-,-
6,飯田橋,外堀通り×目白通り,R4/11,牛込,D 九段下,14神楽坂,12,17,-,-
6,飯田橋,外堀通り×目白通り,R4/11,牛込,D 九段下,14神楽坂,13,12,-,-
6,飯田橋,外堀通り×目白通り,R4/11,牛込,D 九段下,14神楽坂,14,7,-,-
6,飯田橋,外堀通り×目白通り,R4/11,牛込,D 九段下,14神楽坂,15,17,-,-
6,飯田橋,外堀通り×目白通り,R4/11,牛込,D 九段下,14神楽坂,16,15,-,-
6,飯田橋,外堀通り×目白通り,R4/11,牛込,D 九段下,14神楽坂,17,24,-,-
6,飯田橋,外堀通り×目白通り,R4/11,牛込,D 九段下,14神楽坂,18,34,-,-
6,飯田橋,外堀通り×目白通り,R4/11,牛込,D 九段下,14神楽坂,12時間計,182,-,-
6,飯田橋,外堀通り×目白通り,R4/11,牛込,D 九段下,15江戸川橋,7,5,-,-
6,飯田橋,外堀通り×目白通り,R4/11,牛込,D 九段下,15江戸川橋,8,8,-,-
6,飯田橋,外堀通り×目白通り,R4/11,牛込,D 九段下,15江戸川橋,9,4,-,-
6,飯田橋,外堀通り×目白通り,R4/11,牛込,D 九段下,15江戸川橋,10,1,-,-
6,飯田橋,外堀通り×目白通り,R4/11,牛込,D 九段下,15江戸川橋,11,7,-,-
6,飯田橋,外堀通り×目白通り,R4/11,牛込,D 九段下,15江戸川橋,12,6,-,-
6,飯田橋,外堀通り×目白通り,R4/11,牛込,D 九段下,15江戸川橋,13,11,-,-
6,飯田橋,外堀通り×目白通り,R4/11,牛込,D 九段下,15江戸川橋,14,5,-,-
6,飯田橋,外堀通り×目白通り,R4/11,牛込,D 九段下,15江戸川橋,15,13,-,-
6,飯田橋,外堀通り×目白通り,R4/11,牛込,D 九段下,15江戸川橋,16,5,-,-
6,飯田橋,外堀通り×目白通り,R4/11,牛込,D 九段下,15江戸川橋,17,16,-,-
6,飯田橋,外堀通り×目白通り,R4/11,牛込,D 九段下,15江戸川橋,18,29,-,-
6,飯田橋,外堀通り×目白通り,R4/11,牛込,D 九段下,15江戸川橋,12時間計,110,-,-
6,飯田橋,外堀通り×目白通り,R4/11,牛込,D 九段下,16水道橋,7,0,-,-
6,飯田橋,外堀通り×目白通り,R4/11,牛込,D 九段下,16水道橋,8,0,-,-
6,飯田橋,外堀通り×目白通り,R4/11,牛込,D 九段下,16水道橋,9,0,-,-
6,飯田橋,外堀通り×目白通り,R4/11,牛込,D 九段下,16水道橋,10,0,-,-
6,飯田橋,外堀通り×目白通り,R4/11,牛込,D 九段下,16水道橋,11,0,-,-
6,飯田橋,外堀通り×目白通り,R4/11,牛込,D 九段下,16水道橋,12,0,-,-
6,飯田橋,外堀通り×目白通り,R4/11,牛込,D 九段下,16水道橋,13,0,-,-
6,飯田橋,外堀通り×目白通り,R4/11,牛込,D 九段下,16水道橋,14,0,-,-
6,飯田橋,外堀通り×目白通り,R4/11,牛込,D 九段下,16水道橋,15,0,-,-
6,飯田橋,外堀通り×目白通り,R4/11,牛込,D 九段下,16水道橋,16,0,-,-
6,飯田橋,外堀通り×目白通り,R4/11,牛込,D 九段下,16水道橋,17,0,-,-
6,飯田橋,外堀通り×目白通り,R4/11,牛込,D 九段下,16水道橋,18,0,-,-
6,飯田橋,外堀通り×目白通り,R4/11,牛込,D 九段下,16水道橋,12時間計,0,-,-
6,飯田橋,外堀通り×目白通り,R4/11,牛込,D 九段下,流入計,7,19,10,29
6,飯田橋,外堀通り×目白通り,R4/11,牛込,D 九段下,流入計,8,20,9,29
6,飯田橋,外堀通り×目白通り,R4/11,牛込,D 九段下,流入計,9,25,14,39
6,飯田橋,外堀通り×目白通り,R4/11,牛込,D 九段下,流入計,10,19,16,35
6,飯田橋,外堀通り×目白通り,R4/11,牛込,D 九段下,流入計,11,25,11,36
6,飯田橋,外堀通り×目白通り,R4/11,牛込,D 九段下,流入計,12,35,14,49
6,飯田橋,外堀通り×目白通り,R4/11,牛込,D 九段下,流入計,13,35,35,70
6,飯田橋,外堀通り×目白通り,R4/11,牛込,D 九段下,流入計,14,16,33,49
6,飯田橋,外堀通り×目白通り,R4/11,牛込,D 九段下,流入計,15,34,20,54
6,飯田橋,外堀通り×目白通り,R4/11,牛込,D 九段下,流入計,16,22,27,49
6,飯田橋,外堀通り×目白通り,R4/11,牛込,D 九段下,流入計,17,44,55,99
6,飯田橋,外堀通り×目白通り,R4/11,牛込,D 九段下,流入計,18,83,39,122
6,飯田橋,外堀通り×目白通り,R4/11,牛込,D 九段下,流入計,12時間計,377,283,660
6,飯田橋,外堀通り×目白通り,R4/11,牛込,E 水道橋,17九段下,7,0,-,-
6,飯田橋,外堀通り×目白通り,R4/11,牛込,E 水道橋,17九段下,8,0,-,-
6,飯田橋,外堀通り×目白通り,R4/11,牛込,E 水道橋,17九段下,9,0,-,-
6,飯田橋,外堀通り×目白通り,R4/11,牛込,E 水道橋,17九段下,10,0,-,-
6,飯田橋,外堀通り×目白通り,R4/11,牛込,E 水道橋,17九段下,11,0,-,-
6,飯田橋,外堀通り×目白通り,R4/11,牛込,E 水道橋,17九段下,12,0,-,-
6,飯田橋,外堀通り×目白通り,R4/11,牛込,E 水道橋,17九段下,13,0,-,-
6,飯田橋,外堀通り×目白通り,R4/11,牛込,E 水道橋,17九段下,14,0,-,-
6,飯田橋,外堀通り×目白通り,R4/11,牛込,E 水道橋,17九段下,15,0,-,-
6,飯田橋,外堀通り×目白通り,R4/11,牛込,E 水道橋,17九段下,16,10,-,-
6,飯田橋,外堀通り×目白通り,R4/11,牛込,E 水道橋,17九段下,17,12,-,-
6,飯田橋,外堀通り×目白通り,R4/11,牛込,E 水道橋,17九段下,18,0,-,-
6,飯田橋,外堀通り×目白通り,R4/11,牛込,E 水道橋,17九段下,12時間計,22,-,-
6,飯田橋,外堀通り×目白通り,R4/11,牛込,E 水道橋,18市ヶ谷,7,16,-,-
6,飯田橋,外堀通り×目白通り,R4/11,牛込,E 水道橋,18市ヶ谷,8,28,-,-
6,飯田橋,外堀通り×目白通り,R4/11,牛込,E 水道橋,18市ヶ谷,9,19,-,-
6,飯田橋,外堀通り×目白通り,R4/11,牛込,E 水道橋,18市ヶ谷,10,16,-,-
6,飯田橋,外堀通り×目白通り,R4/11,牛込,E 水道橋,18市ヶ谷,11,11,-,-
6,飯田橋,外堀通り×目白通り,R4/11,牛込,E 水道橋,18市ヶ谷,12,18,-,-
6,飯田橋,外堀通り×目白通り,R4/11,牛込,E 水道橋,18市ヶ谷,13,15,-,-
6,飯田橋,外堀通り×目白通り,R4/11,牛込,E 水道橋,18市ヶ谷,14,9,-,-
6,飯田橋,外堀通り×目白通り,R4/11,牛込,E 水道橋,18市ヶ谷,15,15,-,-
6,飯田橋,外堀通り×目白通り,R4/11,牛込,E 水道橋,18市ヶ谷,16,22,-,-
6,飯田橋,外堀通り×目白通り,R4/11,牛込,E 水道橋,18市ヶ谷,17,13,-,-
6,飯田橋,外堀通り×目白通り,R4/11,牛込,E 水道橋,18市ヶ谷,18,34,-,-
6,飯田橋,外堀通り×目白通り,R4/11,牛込,E 水道橋,18市ヶ谷,12時間計,216,-,-
6,飯田橋,外堀通り×目白通り,R4/11,牛込,E 水道橋,19神楽坂,7,0,-,-
6,飯田橋,外堀通り×目白通り,R4/11,牛込,E 水道橋,19神楽坂,8,1,-,-
6,飯田橋,外堀通り×目白通り,R4/11,牛込,E 水道橋,19神楽坂,9,0,-,-
6,飯田橋,外堀通り×目白通り,R4/11,牛込,E 水道橋,19神楽坂,10,0,-,-
6,飯田橋,外堀通り×目白通り,R4/11,牛込,E 水道橋,19神楽坂,11,0,-,-
6,飯田橋,外堀通り×目白通り,R4/11,牛込,E 水道橋,19神楽坂,12,0,-,-
6,飯田橋,外堀通り×目白通り,R4/11,牛込,E 水道橋,19神楽坂,13,0,-,-
6,飯田橋,外堀通り×目白通り,R4/11,牛込,E 水道橋,19神楽坂,14,0,-,-
6,飯田橋,外堀通り×目白通り,R4/11,牛込,E 水道橋,19神楽坂,15,0,-,-
6,飯田橋,外堀通り×目白通り,R4/11,牛込,E 水道橋,19神楽坂,16,0,-,-
6,飯田橋,外堀通り×目白通り,R4/11,牛込,E 水道橋,19神楽坂,17,2,-,-
6,飯田橋,外堀通り×目白通り,R4/11,牛込,E 水道橋,19神楽坂,18,0,-,-
6,飯田橋,外堀通り×目白通り,R4/11,牛込,E 水道橋,19神楽坂,12時間計,3,-,-
6,飯田橋,外堀通り×目白通り,R4/11,牛込,E 水道橋,20江戸川橋,7,1,-,-
6,飯田橋,外堀通り×目白通り,R4/11,牛込,E 水道橋,20江戸川橋,8,0,-,-
6,飯田橋,外堀通り×目白通り,R4/11,牛込,E 水道橋,20江戸川橋,9,0,-,-
6,飯田橋,外堀通り×目白通り,R4/11,牛込,E 水道橋,20江戸川橋,10,0,-,-
6,飯田橋,外堀通り×目白通り,R4/11,牛込,E 水道橋,20江戸川橋,11,0,-,-
6,飯田橋,外堀通り×目白通り,R4/11,牛込,E 水道橋,20江戸川橋,12,0,-,-
6,飯田橋,外堀通り×目白通り,R4/11,牛込,E 水道橋,20江戸川橋,13,0,-,-
6,飯田橋,外堀通り×目白通り,R4/11,牛込,E 水道橋,20江戸川橋,14,0,-,-
6,飯田橋,外堀通り×目白通り,R4/11,牛込,E 水道橋,20江戸川橋,15,0,-,-
6,飯田橋,外堀通り×目白通り,R4/11,牛込,E 水道橋,20江戸川橋,16,0,-,-
6,飯田橋,外堀通り×目白通り,R4/11,牛込,E 水道橋,20江戸川橋,17,0,-,-
6,飯田橋,外堀通り×目白通り,R4/11,牛込,E 水道橋,20江戸川橋,18,1,-,-
6,飯田橋,外堀通り×目白通り,R4/11,牛込,E 水道橋,20江戸川橋,12時間計,2,-,-
6,飯田橋,外堀通り×目白通り,R4/11,牛込,E 水道橋,流入計,7,17,21,38
6,飯田橋,外堀通り×目白通り,R4/11,牛込,E 水道橋,流入計,8,29,39,68
6,飯田橋,外堀通り×目白通り,R4/11,牛込,E 水道橋,流入計,9,19,41,60
6,飯田橋,外堀通り×目白通り,R4/11,牛込,E 水道橋,流入計,10,16,47,63
6,飯田橋,外堀通り×目白通り,R4/11,牛込,E 水道橋,流入計,11,11,28,39
6,飯田橋,外堀通り×目白通り,R4/11,牛込,E 水道橋,流入計,12,18,41,59
6,飯田橋,外堀通り×目白通り,R4/11,牛込,E 水道橋,流入計,13,15,33,48
6,飯田橋,外堀通り×目白通り,R4/11,牛込,E 水道橋,流入計,14,9,20,29
6,飯田橋,外堀通り×目白通り,R4/11,牛込,E 水道橋,流入計,15,15,39,54
6,飯田橋,外堀通り×目白通り,R4/11,牛込,E 水道橋,流入計,16,32,35,67
6,飯田橋,外堀通り×目白通り,R4/11,牛込,E 水道橋,流入計,17,27,33,60
6,飯田橋,外堀通り×目白通り,R4/11,牛込,E 水道橋,流入計,18,35,61,96
6,飯田橋,外堀通り×目白通り,R4/11,牛込,E 水道橋,流入計,12時間計,243,438,681
6,飯田橋,外堀通り×目白通り,R4/11,牛込,F 白鳥橋,21水道橋,7,0,-,-
6,飯田橋,外堀通り×目白通り,R4/11,牛込,F 白鳥橋,21水道橋,8,0,-,-
6,飯田橋,外堀通り×目白通り,R4/11,牛込,F 白鳥橋,21水道橋,9,0,-,-
6,飯田橋,外堀通り×目白通り,R4/11,牛込,F 白鳥橋,21水道橋,10,4,-,-
6,飯田橋,外堀通り×目白通り,R4/11,牛込,F 白鳥橋,21水道橋,11,3,-,-
6,飯田橋,外堀通り×目白通り,R4/11,牛込,F 白鳥橋,21水道橋,12,9,-,-
6,飯田橋,外堀通り×目白通り,R4/11,牛込,F 白鳥橋,21水道橋,13,0,-,-
6,飯田橋,外堀通り×目白通り,R4/11,牛込,F 白鳥橋,21水道橋,14,0,-,-
6,飯田橋,外堀通り×目白通り,R4/11,牛込,F 白鳥橋,21水道橋,15,0,-,-
6,飯田橋,外堀通り×目白通り,R4/11,牛込,F 白鳥橋,21水道橋,16,0,-,-
6,飯田橋,外堀通り×目白通り,R4/11,牛込,F 白鳥橋,21水道橋,17,0,-,-
6,飯田橋,外堀通り×目白通り,R4/11,牛込,F 白鳥橋,21水道橋,18,1,-,-
6,飯田橋,外堀通り×目白通り,R4/11,牛込,F 白鳥橋,21水道橋,12時間計,17,-,-
6,飯田橋,外堀通り×目白通り,R4/11,牛込,F 白鳥橋,22九段下,7,62,-,-
6,飯田橋,外堀通り×目白通り,R4/11,牛込,F 白鳥橋,22九段下,8,42,-,-
6,飯田橋,外堀通り×目白通り,R4/11,牛込,F 白鳥橋,22九段下,9,32,-,-
6,飯田橋,外堀通り×目白通り,R4/11,牛込,F 白鳥橋,22九段下,10,25,-,-
6,飯田橋,外堀通り×目白通り,R4/11,牛込,F 白鳥橋,22九段下,11,22,-,-
6,飯田橋,外堀通り×目白通り,R4/11,牛込,F 白鳥橋,22九段下,12,30,-,-
6,飯田橋,外堀通り×目白通り,R4/11,牛込,F 白鳥橋,22九段下,13,23,-,-
6,飯田橋,外堀通り×目白通り,R4/11,牛込,F 白鳥橋,22九段下,14,15,-,-
6,飯田橋,外堀通り×目白通り,R4/11,牛込,F 白鳥橋,22九段下,15,24,-,-
6,飯田橋,外堀通り×目白通り,R4/11,牛込,F 白鳥橋,22九段下,16,23,-,-
6,飯田橋,外堀通り×目白通り,R4/11,牛込,F 白鳥橋,22九段下,17,17,-,-
6,飯田橋,外堀通り×目白通り,R4/11,牛込,F 白鳥橋,22九段下,18,25,-,-
6,飯田橋,外堀通り×目白通り,R4/11,牛込,F 白鳥橋,22九段下,12時間計,340,-,-
6,飯田橋,外堀通り×目白通り,R4/11,牛込,F 白鳥橋,23市ヶ谷,7,0,-,-
6,飯田橋,外堀通り×目白通り,R4/11,牛込,F 白鳥橋,23市ヶ谷,8,0,-,-
6,飯田橋,外堀通り×目白通り,R4/11,牛込,F 白鳥橋,23市ヶ谷,9,2,-,-
6,飯田橋,外堀通り×目白通り,R4/11,牛込,F 白鳥橋,23市ヶ谷,10,1,-,-
6,飯田橋,外堀通り×目白通り,R4/11,牛込,F 白鳥橋,23市ヶ谷,11,0,-,-
6,飯田橋,外堀通り×目白通り,R4/11,牛込,F 白鳥橋,23市ヶ谷,12,1,-,-
6,飯田橋,外堀通り×目白通り,R4/11,牛込,F 白鳥橋,23市ヶ谷,13,0,-,-
6,飯田橋,外堀通り×目白通り,R4/11,牛込,F 白鳥橋,23市ヶ谷,14,0,-,-
6,飯田橋,外堀通り×目白通り,R4/11,牛込,F 白鳥橋,23市ヶ谷,15,0,-,-
6,飯田橋,外堀通り×目白通り,R4/11,牛込,F 白鳥橋,23市ヶ谷,16,0,-,-
6,飯田橋,外堀通り×目白通り,R4/11,牛込,F 白鳥橋,23市ヶ谷,17,0,-,-
6,飯田橋,外堀通り×目白通り,R4/11,牛込,F 白鳥橋,23市ヶ谷,18,1,-,-
6,飯田橋,外堀通り×目白通り,R4/11,牛込,F 白鳥橋,23市ヶ谷,12時間計,5,-,-
6,飯田橋,外堀通り×目白通り,R4/11,牛込,F 白鳥橋,24神楽坂,7,0,-,-
6,飯田橋,外堀通り×目白通り,R4/11,牛込,F 白鳥橋,24神楽坂,8,0,-,-
6,飯田橋,外堀通り×目白通り,R4/11,牛込,F 白鳥橋,24神楽坂,9,0,-,-
6,飯田橋,外堀通り×目白通り,R4/11,牛込,F 白鳥橋,24神楽坂,10,2,-,-
6,飯田橋,外堀通り×目白通り,R4/11,牛込,F 白鳥橋,24神楽坂,11,1,-,-
6,飯田橋,外堀通り×目白通り,R4/11,牛込,F 白鳥橋,24神楽坂,12,0,-,-
6,飯田橋,外堀通り×目白通り,R4/11,牛込,F 白鳥橋,24神楽坂,13,0,-,-
6,飯田橋,外堀通り×目白通り,R4/11,牛込,F 白鳥橋,24神楽坂,14,0,-,-
6,飯田橋,外堀通り×目白通り,R4/11,牛込,F 白鳥橋,24神楽坂,15,0,-,-
6,飯田橋,外堀通り×目白通り,R4/11,牛込,F 白鳥橋,24神楽坂,16,0,-,-
6,飯田橋,外堀通り×目白通り,R4/11,牛込,F 白鳥橋,24神楽坂,17,0,-,-
6,飯田橋,外堀通り×目白通り,R4/11,牛込,F 白鳥橋,24神楽坂,18,0,-,-
6,飯田橋,外堀通り×目白通り,R4/11,牛込,F 白鳥橋,24神楽坂,12時間計,3,-,-
6,飯田橋,外堀通り×目白通り,R4/11,牛込,F 白鳥橋,25江戸川橋,7,0,-,-
6,飯田橋,外堀通り×目白通り,R4/11,牛込,F 白鳥橋,25江戸川橋,8,0,-,-
6,飯田橋,外堀通り×目白通り,R4/11,牛込,F 白鳥橋,25江戸川橋,9,0,-,-
6,飯田橋,外堀通り×目白通り,R4/11,牛込,F 白鳥橋,25江戸川橋,10,0,-,-
6,飯田橋,外堀通り×目白通り,R4/11,牛込,F 白鳥橋,25江戸川橋,11,0,-,-
6,飯田橋,外堀通り×目白通り,R4/11,牛込,F 白鳥橋,25江戸川橋,12,0,-,-
6,飯田橋,外堀通り×目白通り,R4/11,牛込,F 白鳥橋,25江戸川橋,13,0,-,-
6,飯田橋,外堀通り×目白通り,R4/11,牛込,F 白鳥橋,25江戸川橋,14,0,-,-
6,飯田橋,外堀通り×目白通り,R4/11,牛込,F 白鳥橋,25江戸川橋,15,0,-,-
6,飯田橋,外堀通り×目白通り,R4/11,牛込,F 白鳥橋,25江戸川橋,16,0,-,-
6,飯田橋,外堀通り×目白通り,R4/11,牛込,F 白鳥橋,25江戸川橋,17,0,-,-
6,飯田橋,外堀通り×目白通り,R4/11,牛込,F 白鳥橋,25江戸川橋,18,1,-,-
6,飯田橋,外堀通り×目白通り,R4/11,牛込,F 白鳥橋,25江戸川橋,12時間計,1,-,-
6,飯田橋,外堀通り×目白通り,R4/11,牛込,F 白鳥橋,流入計,7,62,1,63
6,飯田橋,外堀通り×目白通り,R4/11,牛込,F 白鳥橋,流入計,8,42,5,47
6,飯田橋,外堀通り×目白通り,R4/11,牛込,F 白鳥橋,流入計,9,34,5,39
6,飯田橋,外堀通り×目白通り,R4/11,牛込,F 白鳥橋,流入計,10,32,7,39
6,飯田橋,外堀通り×目白通り,R4/11,牛込,F 白鳥橋,流入計,11,26,18,44
6,飯田橋,外堀通り×目白通り,R4/11,牛込,F 白鳥橋,流入計,12,40,10,50
6,飯田橋,外堀通り×目白通り,R4/11,牛込,F 白鳥橋,流入計,13,23,1,24
6,飯田橋,外堀通り×目白通り,R4/11,牛込,F 白鳥橋,流入計,14,15,2,17
6,飯田橋,外堀通り×目白通り,R4/11,牛込,F 白鳥橋,流入計,15,24,5,29
6,飯田橋,外堀通り×目白通り,R4/11,牛込,F 白鳥橋,流入計,16,23,2,25
6,飯田橋,外堀通り×目白通り,R4/11,牛込,F 白鳥橋,流入計,17,17,21,38
6,飯田橋,外堀通り×目白通り,R4/11,牛込,F 白鳥橋,流入計,18,28,12,40
6,飯田橋,外堀通り×目白通り,R4/11,牛込,F 白鳥橋,流入計,12時間計,366,89,455
6,飯田橋,外堀通り×目白通り,R4/11,牛込,全方向計,全方向計,7,131,237,368
6,飯田橋,外堀通り×目白通り,R4/11,牛込,全方向計,全方向計,8,194,484,678
6,飯田橋,外堀通り×目白通り,R4/11,牛込,全方向計,全方向計,9,139,148,287
6,飯田橋,外堀通り×目白通り,R4/11,牛込,全方向計,全方向計,10,117,165,282
6,飯田橋,外堀通り×目白通り,R4/11,牛込,全方向計,全方向計,11,96,177,273
6,飯田橋,外堀通り×目白通り,R4/11,牛込,全方向計,全方向計,12,134,145,279
6,飯田橋,外堀通り×目白通り,R4/11,牛込,全方向計,全方向計,13,115,124,239
6,飯田橋,外堀通り×目白通り,R4/11,牛込,全方向計,全方向計,14,74,125,199
6,飯田橋,外堀通り×目白通り,R4/11,牛込,全方向計,全方向計,15,97,141,238
6,飯田橋,外堀通り×目白通り,R4/11,牛込,全方向計,全方向計,16,115,128,243
6,飯田橋,外堀通り×目白通り,R4/11,牛込,全方向計,全方向計,17,140,161,301
6,飯田橋,外堀通り×目白通り,R4/11,牛込,全方向計,全方向計,18,193,217,410
6,飯田橋,外堀通り×目白通り,R4/11,牛込,全方向計,全方向計,12時間計,1545,2252,3797
