﻿地点番号,地点名,交差道路名,調査年月,管轄警察署,流入方向,流出方向,時間帯等,大型乗用,大型貨物,普通乗用,普通貨物,四輪計,二輪車
6,飯田橋,外堀通り×目白通り,R4/11,牛込,A 江戸川橋,1.水道橋,7,0,0,4,2,6,0
6,飯田橋,外堀通り×目白通り,R4/11,牛込,A 江戸川橋,1.水道橋,8,1,0,18,8,27,0
6,飯田橋,外堀通り×目白通り,R4/11,牛込,A 江戸川橋,1.水道橋,9,0,0,16,10,26,3
6,飯田橋,外堀通り×目白通り,R4/11,牛込,A 江戸川橋,1.水道橋,10,0,0,16,16,32,2
6,飯田橋,外堀通り×目白通り,R4/11,牛込,A 江戸川橋,1.水道橋,11,0,1,16,9,26,1
6,飯田橋,外堀通り×目白通り,R4/11,牛込,A 江戸川橋,1.水道橋,12,0,0,14,9,23,0
6,飯田橋,外堀通り×目白通り,R4/11,牛込,A 江戸川橋,1.水道橋,13,0,1,12,8,21,2
6,飯田橋,外堀通り×目白通り,R4/11,牛込,A 江戸川橋,1.水道橋,14,0,0,19,13,32,2
6,飯田橋,外堀通り×目白通り,R4/11,牛込,A 江戸川橋,1.水道橋,15,0,0,19,12,31,1
6,飯田橋,外堀通り×目白通り,R4/11,牛込,A 江戸川橋,1.水道橋,16,0,0,21,12,33,0
6,飯田橋,外堀通り×目白通り,R4/11,牛込,A 江戸川橋,1.水道橋,17,0,0,29,14,43,5
6,飯田橋,外堀通り×目白通り,R4/11,牛込,A 江戸川橋,1.水道橋,18,0,0,15,5,20,0
6,飯田橋,外堀通り×目白通り,R4/11,牛込,A 江戸川橋,1.水道橋,12時間計,1,2,199,118,320,16
6,飯田橋,外堀通り×目白通り,R4/11,牛込,A 江戸川橋,2.九段下,7,0,7,266,269,542,35
6,飯田橋,外堀通り×目白通り,R4/11,牛込,A 江戸川橋,2.九段下,8,4,13,400,293,710,33
6,飯田橋,外堀通り×目白通り,R4/11,牛込,A 江戸川橋,2.九段下,9,1,14,329,209,553,34
6,飯田橋,外堀通り×目白通り,R4/11,牛込,A 江戸川橋,2.九段下,10,1,19,299,193,512,26
6,飯田橋,外堀通り×目白通り,R4/11,牛込,A 江戸川橋,2.九段下,11,7,10,314,156,487,13
6,飯田橋,外堀通り×目白通り,R4/11,牛込,A 江戸川橋,2.九段下,12,4,9,228,135,376,9
6,飯田橋,外堀通り×目白通り,R4/11,牛込,A 江戸川橋,2.九段下,13,1,8,237,161,407,25
6,飯田橋,外堀通り×目白通り,R4/11,牛込,A 江戸川橋,2.九段下,14,2,7,265,182,456,10
6,飯田橋,外堀通り×目白通り,R4/11,牛込,A 江戸川橋,2.九段下,15,1,6,240,146,393,14
6,飯田橋,外堀通り×目白通り,R4/11,牛込,A 江戸川橋,2.九段下,16,2,9,227,126,364,13
6,飯田橋,外堀通り×目白通り,R4/11,牛込,A 江戸川橋,2.九段下,17,0,8,299,99,406,16
6,飯田橋,外堀通り×目白通り,R4/11,牛込,A 江戸川橋,2.九段下,18,0,2,266,92,360,12
6,飯田橋,外堀通り×目白通り,R4/11,牛込,A 江戸川橋,2.九段下,12時間計,23,112,3370,2061,5566,240
6,飯田橋,外堀通り×目白通り,R4/11,牛込,A 江戸川橋,3.市ヶ谷,7,0,0,19,9,28,0
6,飯田橋,外堀通り×目白通り,R4/11,牛込,A 江戸川橋,3.市ヶ谷,8,0,0,0,0,0,0
6,飯田橋,外堀通り×目白通り,R4/11,牛込,A 江戸川橋,3.市ヶ谷,9,0,0,0,0,0,0
6,飯田橋,外堀通り×目白通り,R4/11,牛込,A 江戸川橋,3.市ヶ谷,10,0,0,0,0,0,0
6,飯田橋,外堀通り×目白通り,R4/11,牛込,A 江戸川橋,3.市ヶ谷,11,0,0,0,0,0,0
6,飯田橋,外堀通り×目白通り,R4/11,牛込,A 江戸川橋,3.市ヶ谷,12,0,0,0,0,0,0
6,飯田橋,外堀通り×目白通り,R4/11,牛込,A 江戸川橋,3.市ヶ谷,13,0,0,0,0,0,0
6,飯田橋,外堀通り×目白通り,R4/11,牛込,A 江戸川橋,3.市ヶ谷,14,0,0,0,0,0,0
6,飯田橋,外堀通り×目白通り,R4/11,牛込,A 江戸川橋,3.市ヶ谷,15,0,0,0,0,0,0
6,飯田橋,外堀通り×目白通り,R4/11,牛込,A 江戸川橋,3.市ヶ谷,16,0,0,0,0,0,0
6,飯田橋,外堀通り×目白通り,R4/11,牛込,A 江戸川橋,3.市ヶ谷,17,0,0,0,0,0,0
6,飯田橋,外堀通り×目白通り,R4/11,牛込,A 江戸川橋,3.市ヶ谷,18,0,0,0,0,0,0
6,飯田橋,外堀通り×目白通り,R4/11,牛込,A 江戸川橋,3.市ヶ谷,12時間計,0,0,19,9,28,0
6,飯田橋,外堀通り×目白通り,R4/11,牛込,A 江戸川橋,4.神楽坂,7,0,0,3,1,4,0
6,飯田橋,外堀通り×目白通り,R4/11,牛込,A 江戸川橋,4.神楽坂,8,0,0,1,0,1,0
6,飯田橋,外堀通り×目白通り,R4/11,牛込,A 江戸川橋,4.神楽坂,9,0,0,0,0,0,0
6,飯田橋,外堀通り×目白通り,R4/11,牛込,A 江戸川橋,4.神楽坂,10,0,0,0,0,0,0
6,飯田橋,外堀通り×目白通り,R4/11,牛込,A 江戸川橋,4.神楽坂,11,0,0,0,0,0,0
6,飯田橋,外堀通り×目白通り,R4/11,牛込,A 江戸川橋,4.神楽坂,12,0,0,0,0,0,0
6,飯田橋,外堀通り×目白通り,R4/11,牛込,A 江戸川橋,4.神楽坂,13,0,0,0,0,0,0
6,飯田橋,外堀通り×目白通り,R4/11,牛込,A 江戸川橋,4.神楽坂,14,0,0,0,0,0,0
6,飯田橋,外堀通り×目白通り,R4/11,牛込,A 江戸川橋,4.神楽坂,15,0,0,0,0,0,0
6,飯田橋,外堀通り×目白通り,R4/11,牛込,A 江戸川橋,4.神楽坂,16,0,0,0,0,0,0
6,飯田橋,外堀通り×目白通り,R4/11,牛込,A 江戸川橋,4.神楽坂,17,0,0,0,0,0,0
6,飯田橋,外堀通り×目白通り,R4/11,牛込,A 江戸川橋,4.神楽坂,18,0,0,0,0,0,0
6,飯田橋,外堀通り×目白通り,R4/11,牛込,A 江戸川橋,4.神楽坂,12時間計,0,0,4,1,5,0
6,飯田橋,外堀通り×目白通り,R4/11,牛込,A 江戸川橋,流入計,7,0,7,292,281,580,35
6,飯田橋,外堀通り×目白通り,R4/11,牛込,A 江戸川橋,流入計,8,5,13,419,301,738,33
6,飯田橋,外堀通り×目白通り,R4/11,牛込,A 江戸川橋,流入計,9,1,14,345,219,579,37
6,飯田橋,外堀通り×目白通り,R4/11,牛込,A 江戸川橋,流入計,10,1,19,315,209,544,28
6,飯田橋,外堀通り×目白通り,R4/11,牛込,A 江戸川橋,流入計,11,7,11,330,165,513,14
6,飯田橋,外堀通り×目白通り,R4/11,牛込,A 江戸川橋,流入計,12,4,9,242,144,399,9
6,飯田橋,外堀通り×目白通り,R4/11,牛込,A 江戸川橋,流入計,13,1,9,249,169,428,27
6,飯田橋,外堀通り×目白通り,R4/11,牛込,A 江戸川橋,流入計,14,2,7,284,195,488,12
6,飯田橋,外堀通り×目白通り,R4/11,牛込,A 江戸川橋,流入計,15,1,6,259,158,424,15
6,飯田橋,外堀通り×目白通り,R4/11,牛込,A 江戸川橋,流入計,16,2,9,248,138,397,13
6,飯田橋,外堀通り×目白通り,R4/11,牛込,A 江戸川橋,流入計,17,0,8,328,113,449,21
6,飯田橋,外堀通り×目白通り,R4/11,牛込,A 江戸川橋,流入計,18,0,2,281,97,380,12
6,飯田橋,外堀通り×目白通り,R4/11,牛込,A 江戸川橋,流入計,12時間計,24,114,3592,2189,5919,256
6,飯田橋,外堀通り×目白通り,R4/11,牛込,B 神楽坂,5.江戸川橋,7,0,0,6,2,8,0
6,飯田橋,外堀通り×目白通り,R4/11,牛込,B 神楽坂,5.江戸川橋,8,0,0,11,4,15,0
6,飯田橋,外堀通り×目白通り,R4/11,牛込,B 神楽坂,5.江戸川橋,9,0,0,20,11,31,0
6,飯田橋,外堀通り×目白通り,R4/11,牛込,B 神楽坂,5.江戸川橋,10,0,1,22,7,30,0
6,飯田橋,外堀通り×目白通り,R4/11,牛込,B 神楽坂,5.江戸川橋,11,0,0,21,9,30,0
6,飯田橋,外堀通り×目白通り,R4/11,牛込,B 神楽坂,5.江戸川橋,12,0,1,21,6,28,3
6,飯田橋,外堀通り×目白通り,R4/11,牛込,B 神楽坂,5.江戸川橋,13,0,0,13,7,20,1
6,飯田橋,外堀通り×目白通り,R4/11,牛込,B 神楽坂,5.江戸川橋,14,0,0,18,6,24,1
6,飯田橋,外堀通り×目白通り,R4/11,牛込,B 神楽坂,5.江戸川橋,15,0,0,13,11,24,0
6,飯田橋,外堀通り×目白通り,R4/11,牛込,B 神楽坂,5.江戸川橋,16,0,0,10,12,22,0
6,飯田橋,外堀通り×目白通り,R4/11,牛込,B 神楽坂,5.江戸川橋,17,0,0,10,8,18,0
6,飯田橋,外堀通り×目白通り,R4/11,牛込,B 神楽坂,5.江戸川橋,18,0,0,13,5,18,0
6,飯田橋,外堀通り×目白通り,R4/11,牛込,B 神楽坂,5.江戸川橋,12時間計,0,2,178,88,268,5
6,飯田橋,外堀通り×目白通り,R4/11,牛込,B 神楽坂,6.水道橋,7,0,0,35,19,54,1
6,飯田橋,外堀通り×目白通り,R4/11,牛込,B 神楽坂,6.水道橋,8,1,0,55,25,81,2
6,飯田橋,外堀通り×目白通り,R4/11,牛込,B 神楽坂,6.水道橋,9,0,1,41,24,66,6
6,飯田橋,外堀通り×目白通り,R4/11,牛込,B 神楽坂,6.水道橋,10,2,0,55,30,87,8
6,飯田橋,外堀通り×目白通り,R4/11,牛込,B 神楽坂,6.水道橋,11,0,0,58,27,85,2
6,飯田橋,外堀通り×目白通り,R4/11,牛込,B 神楽坂,6.水道橋,12,1,1,48,26,76,3
6,飯田橋,外堀通り×目白通り,R4/11,牛込,B 神楽坂,6.水道橋,13,1,1,41,27,70,5
6,飯田橋,外堀通り×目白通り,R4/11,牛込,B 神楽坂,6.水道橋,14,1,1,41,23,66,0
6,飯田橋,外堀通り×目白通り,R4/11,牛込,B 神楽坂,6.水道橋,15,1,0,66,25,92,5
6,飯田橋,外堀通り×目白通り,R4/11,牛込,B 神楽坂,6.水道橋,16,1,0,60,27,88,2
6,飯田橋,外堀通り×目白通り,R4/11,牛込,B 神楽坂,6.水道橋,17,0,0,74,23,97,4
6,飯田橋,外堀通り×目白通り,R4/11,牛込,B 神楽坂,6.水道橋,18,0,0,67,12,79,6
6,飯田橋,外堀通り×目白通り,R4/11,牛込,B 神楽坂,6.水道橋,12時間計,8,4,641,288,941,44
6,飯田橋,外堀通り×目白通り,R4/11,牛込,B 神楽坂,7.九段下,7,2,4,81,38,125,7
6,飯田橋,外堀通り×目白通り,R4/11,牛込,B 神楽坂,7.九段下,8,1,4,119,56,180,8
6,飯田橋,外堀通り×目白通り,R4/11,牛込,B 神楽坂,7.九段下,9,0,2,113,50,165,7
6,飯田橋,外堀通り×目白通り,R4/11,牛込,B 神楽坂,7.九段下,10,1,5,112,67,185,10
6,飯田橋,外堀通り×目白通り,R4/11,牛込,B 神楽坂,7.九段下,11,1,4,111,49,165,13
6,飯田橋,外堀通り×目白通り,R4/11,牛込,B 神楽坂,7.九段下,12,0,1,92,47,140,15
6,飯田橋,外堀通り×目白通り,R4/11,牛込,B 神楽坂,7.九段下,13,0,2,128,58,188,18
6,飯田橋,外堀通り×目白通り,R4/11,牛込,B 神楽坂,7.九段下,14,0,0,114,58,172,14
6,飯田橋,外堀通り×目白通り,R4/11,牛込,B 神楽坂,7.九段下,15,0,0,113,51,164,6
6,飯田橋,外堀通り×目白通り,R4/11,牛込,B 神楽坂,7.九段下,16,1,1,127,58,187,11
6,飯田橋,外堀通り×目白通り,R4/11,牛込,B 神楽坂,7.九段下,17,0,0,132,43,175,10
6,飯田橋,外堀通り×目白通り,R4/11,牛込,B 神楽坂,7.九段下,18,0,0,153,31,184,12
6,飯田橋,外堀通り×目白通り,R4/11,牛込,B 神楽坂,7.九段下,12時間計,6,23,1395,606,2030,131
6,飯田橋,外堀通り×目白通り,R4/11,牛込,B 神楽坂,8.市ヶ谷,7,0,0,11,3,14,2
6,飯田橋,外堀通り×目白通り,R4/11,牛込,B 神楽坂,8.市ヶ谷,8,0,0,24,23,47,2
6,飯田橋,外堀通り×目白通り,R4/11,牛込,B 神楽坂,8.市ヶ谷,9,0,0,28,24,52,2
6,飯田橋,外堀通り×目白通り,R4/11,牛込,B 神楽坂,8.市ヶ谷,10,0,0,34,22,56,1
6,飯田橋,外堀通り×目白通り,R4/11,牛込,B 神楽坂,8.市ヶ谷,11,0,0,39,17,56,2
6,飯田橋,外堀通り×目白通り,R4/11,牛込,B 神楽坂,8.市ヶ谷,12,0,0,28,15,43,1
6,飯田橋,外堀通り×目白通り,R4/11,牛込,B 神楽坂,8.市ヶ谷,13,0,0,32,20,52,3
6,飯田橋,外堀通り×目白通り,R4/11,牛込,B 神楽坂,8.市ヶ谷,14,0,0,33,18,51,2
6,飯田橋,外堀通り×目白通り,R4/11,牛込,B 神楽坂,8.市ヶ谷,15,0,0,33,19,52,4
6,飯田橋,外堀通り×目白通り,R4/11,牛込,B 神楽坂,8.市ヶ谷,16,0,0,29,12,41,9
6,飯田橋,外堀通り×目白通り,R4/11,牛込,B 神楽坂,8.市ヶ谷,17,0,0,24,10,34,2
6,飯田橋,外堀通り×目白通り,R4/11,牛込,B 神楽坂,8.市ヶ谷,18,0,0,38,7,45,0
6,飯田橋,外堀通り×目白通り,R4/11,牛込,B 神楽坂,8.市ヶ谷,12時間計,0,0,353,190,543,30
6,飯田橋,外堀通り×目白通り,R4/11,牛込,B 神楽坂,流入計,7,2,4,133,62,201,10
6,飯田橋,外堀通り×目白通り,R4/11,牛込,B 神楽坂,流入計,8,2,4,209,108,323,12
6,飯田橋,外堀通り×目白通り,R4/11,牛込,B 神楽坂,流入計,9,0,3,202,109,314,15
6,飯田橋,外堀通り×目白通り,R4/11,牛込,B 神楽坂,流入計,10,3,6,223,126,358,19
6,飯田橋,外堀通り×目白通り,R4/11,牛込,B 神楽坂,流入計,11,1,4,229,102,336,17
6,飯田橋,外堀通り×目白通り,R4/11,牛込,B 神楽坂,流入計,12,1,3,189,94,287,22
6,飯田橋,外堀通り×目白通り,R4/11,牛込,B 神楽坂,流入計,13,1,3,214,112,330,27
6,飯田橋,外堀通り×目白通り,R4/11,牛込,B 神楽坂,流入計,14,1,1,206,105,313,17
6,飯田橋,外堀通り×目白通り,R4/11,牛込,B 神楽坂,流入計,15,1,0,225,106,332,15
6,飯田橋,外堀通り×目白通り,R4/11,牛込,B 神楽坂,流入計,16,2,1,226,109,338,22
6,飯田橋,外堀通り×目白通り,R4/11,牛込,B 神楽坂,流入計,17,0,0,240,84,324,16
6,飯田橋,外堀通り×目白通り,R4/11,牛込,B 神楽坂,流入計,18,0,0,271,55,326,18
6,飯田橋,外堀通り×目白通り,R4/11,牛込,B 神楽坂,流入計,12時間計,14,29,2567,1172,3782,210
6,飯田橋,外堀通り×目白通り,R4/11,牛込,C 市ヶ谷,9.神楽坂,7,0,1,15,15,31,1
6,飯田橋,外堀通り×目白通り,R4/11,牛込,C 市ヶ谷,9.神楽坂,8,0,2,24,14,40,2
6,飯田橋,外堀通り×目白通り,R4/11,牛込,C 市ヶ谷,9.神楽坂,9,0,0,25,23,48,2
6,飯田橋,外堀通り×目白通り,R4/11,牛込,C 市ヶ谷,9.神楽坂,10,0,0,26,18,44,1
6,飯田橋,外堀通り×目白通り,R4/11,牛込,C 市ヶ谷,9.神楽坂,11,0,0,31,24,55,3
6,飯田橋,外堀通り×目白通り,R4/11,牛込,C 市ヶ谷,9.神楽坂,12,0,0,33,15,48,2
6,飯田橋,外堀通り×目白通り,R4/11,牛込,C 市ヶ谷,9.神楽坂,13,0,0,27,14,41,1
6,飯田橋,外堀通り×目白通り,R4/11,牛込,C 市ヶ谷,9.神楽坂,14,0,0,29,14,43,2
6,飯田橋,外堀通り×目白通り,R4/11,牛込,C 市ヶ谷,9.神楽坂,15,0,0,30,11,41,0
6,飯田橋,外堀通り×目白通り,R4/11,牛込,C 市ヶ谷,9.神楽坂,16,0,0,22,11,33,0
6,飯田橋,外堀通り×目白通り,R4/11,牛込,C 市ヶ谷,9.神楽坂,17,0,1,27,6,34,1
6,飯田橋,外堀通り×目白通り,R4/11,牛込,C 市ヶ谷,9.神楽坂,18,1,0,27,4,32,2
6,飯田橋,外堀通り×目白通り,R4/11,牛込,C 市ヶ谷,9.神楽坂,12時間計,1,4,316,169,490,17
6,飯田橋,外堀通り×目白通り,R4/11,牛込,C 市ヶ谷,10.江戸川橋,7,1,2,77,13,93,3
6,飯田橋,外堀通り×目白通り,R4/11,牛込,C 市ヶ谷,10.江戸川橋,8,0,3,108,38,149,4
6,飯田橋,外堀通り×目白通り,R4/11,牛込,C 市ヶ谷,10.江戸川橋,9,2,5,92,49,148,6
6,飯田橋,外堀通り×目白通り,R4/11,牛込,C 市ヶ谷,10.江戸川橋,10,0,3,88,67,158,5
6,飯田橋,外堀通り×目白通り,R4/11,牛込,C 市ヶ谷,10.江戸川橋,11,0,1,84,60,145,6
6,飯田橋,外堀通り×目白通り,R4/11,牛込,C 市ヶ谷,10.江戸川橋,12,2,0,90,48,140,7
6,飯田橋,外堀通り×目白通り,R4/11,牛込,C 市ヶ谷,10.江戸川橋,13,1,9,97,47,154,5
6,飯田橋,外堀通り×目白通り,R4/11,牛込,C 市ヶ谷,10.江戸川橋,14,3,3,103,50,159,8
6,飯田橋,外堀通り×目白通り,R4/11,牛込,C 市ヶ谷,10.江戸川橋,15,2,7,94,52,155,5
6,飯田橋,外堀通り×目白通り,R4/11,牛込,C 市ヶ谷,10.江戸川橋,16,2,0,120,62,184,9
6,飯田橋,外堀通り×目白通り,R4/11,牛込,C 市ヶ谷,10.江戸川橋,17,3,2,151,67,223,10
6,飯田橋,外堀通り×目白通り,R4/11,牛込,C 市ヶ谷,10.江戸川橋,18,2,0,115,50,167,5
6,飯田橋,外堀通り×目白通り,R4/11,牛込,C 市ヶ谷,10.江戸川橋,12時間計,18,35,1219,603,1875,73
6,飯田橋,外堀通り×目白通り,R4/11,牛込,C 市ヶ谷,11.水道橋,7,7,5,261,137,410,34
6,飯田橋,外堀通り×目白通り,R4/11,牛込,C 市ヶ谷,11.水道橋,8,3,3,291,143,440,30
6,飯田橋,外堀通り×目白通り,R4/11,牛込,C 市ヶ谷,11.水道橋,9,1,4,283,177,465,26
6,飯田橋,外堀通り×目白通り,R4/11,牛込,C 市ヶ谷,11.水道橋,10,2,3,306,226,537,40
6,飯田橋,外堀通り×目白通り,R4/11,牛込,C 市ヶ谷,11.水道橋,11,1,7,295,237,540,30
6,飯田橋,外堀通り×目白通り,R4/11,牛込,C 市ヶ谷,11.水道橋,12,0,4,305,192,501,45
6,飯田橋,外堀通り×目白通り,R4/11,牛込,C 市ヶ谷,11.水道橋,13,3,9,312,192,516,33
6,飯田橋,外堀通り×目白通り,R4/11,牛込,C 市ヶ谷,11.水道橋,14,1,4,350,177,532,42
6,飯田橋,外堀通り×目白通り,R4/11,牛込,C 市ヶ谷,11.水道橋,15,3,6,396,201,606,29
6,飯田橋,外堀通り×目白通り,R4/11,牛込,C 市ヶ谷,11.水道橋,16,2,5,406,202,615,51
6,飯田橋,外堀通り×目白通り,R4/11,牛込,C 市ヶ谷,11.水道橋,17,2,3,406,212,623,60
6,飯田橋,外堀通り×目白通り,R4/11,牛込,C 市ヶ谷,11.水道橋,18,4,0,413,157,574,57
6,飯田橋,外堀通り×目白通り,R4/11,牛込,C 市ヶ谷,11.水道橋,12時間計,29,53,4024,2253,6359,477
6,飯田橋,外堀通り×目白通り,R4/11,牛込,C 市ヶ谷,12.九段下,7,0,0,0,0,0,0
6,飯田橋,外堀通り×目白通り,R4/11,牛込,C 市ヶ谷,12.九段下,8,0,0,0,0,0,0
6,飯田橋,外堀通り×目白通り,R4/11,牛込,C 市ヶ谷,12.九段下,9,0,0,0,0,0,0
6,飯田橋,外堀通り×目白通り,R4/11,牛込,C 市ヶ谷,12.九段下,10,0,0,0,0,0,0
6,飯田橋,外堀通り×目白通り,R4/11,牛込,C 市ヶ谷,12.九段下,11,0,0,0,0,0,0
6,飯田橋,外堀通り×目白通り,R4/11,牛込,C 市ヶ谷,12.九段下,12,0,0,0,0,0,0
6,飯田橋,外堀通り×目白通り,R4/11,牛込,C 市ヶ谷,12.九段下,13,0,0,0,0,0,0
6,飯田橋,外堀通り×目白通り,R4/11,牛込,C 市ヶ谷,12.九段下,14,0,0,0,0,0,0
6,飯田橋,外堀通り×目白通り,R4/11,牛込,C 市ヶ谷,12.九段下,15,0,0,0,0,0,0
6,飯田橋,外堀通り×目白通り,R4/11,牛込,C 市ヶ谷,12.九段下,16,0,0,0,0,0,0
6,飯田橋,外堀通り×目白通り,R4/11,牛込,C 市ヶ谷,12.九段下,17,0,0,0,0,0,0
6,飯田橋,外堀通り×目白通り,R4/11,牛込,C 市ヶ谷,12.九段下,18,0,0,0,0,0,0
6,飯田橋,外堀通り×目白通り,R4/11,牛込,C 市ヶ谷,12.九段下,12時間計,0,0,0,0,0,0
6,飯田橋,外堀通り×目白通り,R4/11,牛込,C 市ヶ谷,流入計,7,8,8,353,165,534,38
6,飯田橋,外堀通り×目白通り,R4/11,牛込,C 市ヶ谷,流入計,8,3,8,423,195,629,36
6,飯田橋,外堀通り×目白通り,R4/11,牛込,C 市ヶ谷,流入計,9,3,9,400,249,661,34
6,飯田橋,外堀通り×目白通り,R4/11,牛込,C 市ヶ谷,流入計,10,2,6,420,311,739,46
6,飯田橋,外堀通り×目白通り,R4/11,牛込,C 市ヶ谷,流入計,11,1,8,410,321,740,39
6,飯田橋,外堀通り×目白通り,R4/11,牛込,C 市ヶ谷,流入計,12,2,4,428,255,689,54
6,飯田橋,外堀通り×目白通り,R4/11,牛込,C 市ヶ谷,流入計,13,4,18,436,253,711,39
6,飯田橋,外堀通り×目白通り,R4/11,牛込,C 市ヶ谷,流入計,14,4,7,482,241,734,52
6,飯田橋,外堀通り×目白通り,R4/11,牛込,C 市ヶ谷,流入計,15,5,13,520,264,802,34
6,飯田橋,外堀通り×目白通り,R4/11,牛込,C 市ヶ谷,流入計,16,4,5,548,275,832,60
6,飯田橋,外堀通り×目白通り,R4/11,牛込,C 市ヶ谷,流入計,17,5,6,584,285,880,71
6,飯田橋,外堀通り×目白通り,R4/11,牛込,C 市ヶ谷,流入計,18,7,0,555,211,773,64
6,飯田橋,外堀通り×目白通り,R4/11,牛込,C 市ヶ谷,流入計,12時間計,48,92,5559,3025,8724,567
6,飯田橋,外堀通り×目白通り,R4/11,牛込,D 九段下,13.市ヶ谷,7,1,0,23,17,41,2
6,飯田橋,外堀通り×目白通り,R4/11,牛込,D 九段下,13.市ヶ谷,8,0,1,36,22,59,3
6,飯田橋,外堀通り×目白通り,R4/11,牛込,D 九段下,13.市ヶ谷,9,1,2,46,35,84,6
6,飯田橋,外堀通り×目白通り,R4/11,牛込,D 九段下,13.市ヶ谷,10,0,3,51,38,92,2
6,飯田橋,外堀通り×目白通り,R4/11,牛込,D 九段下,13.市ヶ谷,11,0,1,51,27,79,4
6,飯田橋,外堀通り×目白通り,R4/11,牛込,D 九段下,13.市ヶ谷,12,0,0,71,22,93,5
6,飯田橋,外堀通り×目白通り,R4/11,牛込,D 九段下,13.市ヶ谷,13,0,2,56,28,86,3
6,飯田橋,外堀通り×目白通り,R4/11,牛込,D 九段下,13.市ヶ谷,14,0,1,74,37,112,8
6,飯田橋,外堀通り×目白通り,R4/11,牛込,D 九段下,13.市ヶ谷,15,0,2,72,27,101,13
6,飯田橋,外堀通り×目白通り,R4/11,牛込,D 九段下,13.市ヶ谷,16,0,0,64,21,85,7
6,飯田橋,外堀通り×目白通り,R4/11,牛込,D 九段下,13.市ヶ谷,17,1,0,69,16,86,4
6,飯田橋,外堀通り×目白通り,R4/11,牛込,D 九段下,13.市ヶ谷,18,0,0,54,8,62,6
6,飯田橋,外堀通り×目白通り,R4/11,牛込,D 九段下,13.市ヶ谷,12時間計,3,12,667,298,980,63
6,飯田橋,外堀通り×目白通り,R4/11,牛込,D 九段下,14.神楽坂,7,1,1,71,41,114,6
6,飯田橋,外堀通り×目白通り,R4/11,牛込,D 九段下,14.神楽坂,8,0,0,124,60,184,8
6,飯田橋,外堀通り×目白通り,R4/11,牛込,D 九段下,14.神楽坂,9,1,1,129,66,197,10
6,飯田橋,外堀通り×目白通り,R4/11,牛込,D 九段下,14.神楽坂,10,0,0,127,53,180,7
6,飯田橋,外堀通り×目白通り,R4/11,牛込,D 九段下,14.神楽坂,11,1,0,132,72,205,13
6,飯田橋,外堀通り×目白通り,R4/11,牛込,D 九段下,14.神楽坂,12,0,0,111,59,170,12
6,飯田橋,外堀通り×目白通り,R4/11,牛込,D 九段下,14.神楽坂,13,0,1,121,49,171,9
6,飯田橋,外堀通り×目白通り,R4/11,牛込,D 九段下,14.神楽坂,14,0,2,122,51,175,17
6,飯田橋,外堀通り×目白通り,R4/11,牛込,D 九段下,14.神楽坂,15,0,0,127,55,182,12
6,飯田橋,外堀通り×目白通り,R4/11,牛込,D 九段下,14.神楽坂,16,2,2,130,46,180,9
6,飯田橋,外堀通り×目白通り,R4/11,牛込,D 九段下,14.神楽坂,17,0,0,139,42,181,11
6,飯田橋,外堀通り×目白通り,R4/11,牛込,D 九段下,14.神楽坂,18,0,0,178,22,200,22
6,飯田橋,外堀通り×目白通り,R4/11,牛込,D 九段下,14.神楽坂,12時間計,5,7,1511,616,2139,136
6,飯田橋,外堀通り×目白通り,R4/11,牛込,D 九段下,15.江戸川橋,7,11,23,232,70,336,16
6,飯田橋,外堀通り×目白通り,R4/11,牛込,D 九段下,15.江戸川橋,8,13,14,369,155,551,18
6,飯田橋,外堀通り×目白通り,R4/11,牛込,D 九段下,15.江戸川橋,9,7,2,342,232,583,17
6,飯田橋,外堀通り×目白通り,R4/11,牛込,D 九段下,15.江戸川橋,10,6,5,364,220,595,24
6,飯田橋,外堀通り×目白通り,R4/11,牛込,D 九段下,15.江戸川橋,11,8,7,380,163,558,25
6,飯田橋,外堀通り×目白通り,R4/11,牛込,D 九段下,15.江戸川橋,12,6,9,350,145,510,30
6,飯田橋,外堀通り×目白通り,R4/11,牛込,D 九段下,15.江戸川橋,13,5,5,390,134,534,21
6,飯田橋,外堀通り×目白通り,R4/11,牛込,D 九段下,15.江戸川橋,14,7,9,431,150,597,32
6,飯田橋,外堀通り×目白通り,R4/11,牛込,D 九段下,15.江戸川橋,15,15,4,347,197,563,25
6,飯田橋,外堀通り×目白通り,R4/11,牛込,D 九段下,15.江戸川橋,16,10,5,398,198,611,36
6,飯田橋,外堀通り×目白通り,R4/11,牛込,D 九段下,15.江戸川橋,17,15,16,458,273,762,61
6,飯田橋,外堀通り×目白通り,R4/11,牛込,D 九段下,15.江戸川橋,18,16,13,408,198,635,43
6,飯田橋,外堀通り×目白通り,R4/11,牛込,D 九段下,15.江戸川橋,12時間計,119,112,4469,2135,6835,348
6,飯田橋,外堀通り×目白通り,R4/11,牛込,D 九段下,16.水道橋,7,0,1,7,0,8,0
6,飯田橋,外堀通り×目白通り,R4/11,牛込,D 九段下,16.水道橋,8,0,0,0,0,0,0
6,飯田橋,外堀通り×目白通り,R4/11,牛込,D 九段下,16.水道橋,9,0,0,0,0,0,0
6,飯田橋,外堀通り×目白通り,R4/11,牛込,D 九段下,16.水道橋,10,0,0,0,0,0,0
6,飯田橋,外堀通り×目白通り,R4/11,牛込,D 九段下,16.水道橋,11,0,0,0,0,0,0
6,飯田橋,外堀通り×目白通り,R4/11,牛込,D 九段下,16.水道橋,12,0,0,0,0,0,0
6,飯田橋,外堀通り×目白通り,R4/11,牛込,D 九段下,16.水道橋,13,0,0,0,1,1,0
6,飯田橋,外堀通り×目白通り,R4/11,牛込,D 九段下,16.水道橋,14,0,0,0,0,0,0
6,飯田橋,外堀通り×目白通り,R4/11,牛込,D 九段下,16.水道橋,15,0,0,0,0,0,0
6,飯田橋,外堀通り×目白通り,R4/11,牛込,D 九段下,16.水道橋,16,0,0,0,0,0,0
6,飯田橋,外堀通り×目白通り,R4/11,牛込,D 九段下,16.水道橋,17,0,0,0,0,0,0
6,飯田橋,外堀通り×目白通り,R4/11,牛込,D 九段下,16.水道橋,18,0,0,0,0,0,0
6,飯田橋,外堀通り×目白通り,R4/11,牛込,D 九段下,16.水道橋,12時間計,0,1,7,1,9,0
6,飯田橋,外堀通り×目白通り,R4/11,牛込,D 九段下,流入計,7,13,25,333,128,499,24
6,飯田橋,外堀通り×目白通り,R4/11,牛込,D 九段下,流入計,8,13,15,529,237,794,29
6,飯田橋,外堀通り×目白通り,R4/11,牛込,D 九段下,流入計,9,9,5,517,333,864,33
6,飯田橋,外堀通り×目白通り,R4/11,牛込,D 九段下,流入計,10,6,8,542,311,867,33
6,飯田橋,外堀通り×目白通り,R4/11,牛込,D 九段下,流入計,11,9,8,563,262,842,42
6,飯田橋,外堀通り×目白通り,R4/11,牛込,D 九段下,流入計,12,6,9,532,226,773,47
6,飯田橋,外堀通り×目白通り,R4/11,牛込,D 九段下,流入計,13,5,8,567,212,792,33
6,飯田橋,外堀通り×目白通り,R4/11,牛込,D 九段下,流入計,14,7,12,627,238,884,57
6,飯田橋,外堀通り×目白通り,R4/11,牛込,D 九段下,流入計,15,15,6,546,279,846,50
6,飯田橋,外堀通り×目白通り,R4/11,牛込,D 九段下,流入計,16,12,7,592,265,876,52
6,飯田橋,外堀通り×目白通り,R4/11,牛込,D 九段下,流入計,17,16,16,666,331,1029,76
6,飯田橋,外堀通り×目白通り,R4/11,牛込,D 九段下,流入計,18,16,13,640,228,897,71
6,飯田橋,外堀通り×目白通り,R4/11,牛込,D 九段下,流入計,12時間計,127,132,6654,3050,9963,547
6,飯田橋,外堀通り×目白通り,R4/11,牛込,E 水道橋,17.九段下,7,0,0,22,17,39,5
6,飯田橋,外堀通り×目白通り,R4/11,牛込,E 水道橋,17.九段下,8,6,2,44,13,65,8
6,飯田橋,外堀通り×目白通り,R4/11,牛込,E 水道橋,17.九段下,9,2,3,41,16,62,1
6,飯田橋,外堀通り×目白通り,R4/11,牛込,E 水道橋,17.九段下,10,0,0,44,16,60,2
6,飯田橋,外堀通り×目白通り,R4/11,牛込,E 水道橋,17.九段下,11,0,4,32,11,47,6
6,飯田橋,外堀通り×目白通り,R4/11,牛込,E 水道橋,17.九段下,12,2,4,37,20,63,2
6,飯田橋,外堀通り×目白通り,R4/11,牛込,E 水道橋,17.九段下,13,0,0,41,23,64,0
6,飯田橋,外堀通り×目白通り,R4/11,牛込,E 水道橋,17.九段下,14,0,0,42,19,61,3
6,飯田橋,外堀通り×目白通り,R4/11,牛込,E 水道橋,17.九段下,15,0,0,38,12,50,0
6,飯田橋,外堀通り×目白通り,R4/11,牛込,E 水道橋,17.九段下,16,2,0,54,9,65,0
6,飯田橋,外堀通り×目白通り,R4/11,牛込,E 水道橋,17.九段下,17,0,0,41,6,47,2
6,飯田橋,外堀通り×目白通り,R4/11,牛込,E 水道橋,17.九段下,18,1,0,55,9,65,1
6,飯田橋,外堀通り×目白通り,R4/11,牛込,E 水道橋,17.九段下,12時間計,13,13,491,171,688,30
6,飯田橋,外堀通り×目白通り,R4/11,牛込,E 水道橋,18.市ヶ谷,7,3,8,363,268,642,53
6,飯田橋,外堀通り×目白通り,R4/11,牛込,E 水道橋,18.市ヶ谷,8,5,9,437,321,772,63
6,飯田橋,外堀通り×目白通り,R4/11,牛込,E 水道橋,18.市ヶ谷,9,9,12,385,302,708,37
6,飯田橋,外堀通り×目白通り,R4/11,牛込,E 水道橋,18.市ヶ谷,10,6,9,375,246,636,38
6,飯田橋,外堀通り×目白通り,R4/11,牛込,E 水道橋,18.市ヶ谷,11,5,6,340,186,537,36
6,飯田橋,外堀通り×目白通り,R4/11,牛込,E 水道橋,18.市ヶ谷,12,0,10,379,201,590,25
6,飯田橋,外堀通り×目白通り,R4/11,牛込,E 水道橋,18.市ヶ谷,13,2,7,298,169,476,24
6,飯田橋,外堀通り×目白通り,R4/11,牛込,E 水道橋,18.市ヶ谷,14,0,5,382,212,599,42
6,飯田橋,外堀通り×目白通り,R4/11,牛込,E 水道橋,18.市ヶ谷,15,3,3,313,219,538,32
6,飯田橋,外堀通り×目白通り,R4/11,牛込,E 水道橋,18.市ヶ谷,16,2,4,389,172,567,42
6,飯田橋,外堀通り×目白通り,R4/11,牛込,E 水道橋,18.市ヶ谷,17,1,6,448,138,593,50
6,飯田橋,外堀通り×目白通り,R4/11,牛込,E 水道橋,18.市ヶ谷,18,2,5,424,118,549,35
6,飯田橋,外堀通り×目白通り,R4/11,牛込,E 水道橋,18.市ヶ谷,12時間計,38,84,4533,2552,7207,477
6,飯田橋,外堀通り×目白通り,R4/11,牛込,E 水道橋,19.神楽坂,7,0,1,49,45,95,0
6,飯田橋,外堀通り×目白通り,R4/11,牛込,E 水道橋,19.神楽坂,8,1,0,68,58,127,4
6,飯田橋,外堀通り×目白通り,R4/11,牛込,E 水道橋,19.神楽坂,9,1,0,50,56,107,2
6,飯田橋,外堀通り×目白通り,R4/11,牛込,E 水道橋,19.神楽坂,10,1,0,53,39,93,1
6,飯田橋,外堀通り×目白通り,R4/11,牛込,E 水道橋,19.神楽坂,11,2,0,73,50,125,3
6,飯田橋,外堀通り×目白通り,R4/11,牛込,E 水道橋,19.神楽坂,12,1,1,71,39,112,2
6,飯田橋,外堀通り×目白通り,R4/11,牛込,E 水道橋,19.神楽坂,13,1,0,77,32,110,3
6,飯田橋,外堀通り×目白通り,R4/11,牛込,E 水道橋,19.神楽坂,14,2,0,64,38,104,3
6,飯田橋,外堀通り×目白通り,R4/11,牛込,E 水道橋,19.神楽坂,15,0,0,64,36,100,5
6,飯田橋,外堀通り×目白通り,R4/11,牛込,E 水道橋,19.神楽坂,16,0,0,67,35,102,4
6,飯田橋,外堀通り×目白通り,R4/11,牛込,E 水道橋,19.神楽坂,17,1,1,84,34,120,6
6,飯田橋,外堀通り×目白通り,R4/11,牛込,E 水道橋,19.神楽坂,18,0,0,88,15,103,5
6,飯田橋,外堀通り×目白通り,R4/11,牛込,E 水道橋,19.神楽坂,12時間計,10,3,808,477,1298,38
6,飯田橋,外堀通り×目白通り,R4/11,牛込,E 水道橋,20.江戸川橋,7,1,7,52,20,80,3
6,飯田橋,外堀通り×目白通り,R4/11,牛込,E 水道橋,20.江戸川橋,8,0,9,76,32,117,3
6,飯田橋,外堀通り×目白通り,R4/11,牛込,E 水道橋,20.江戸川橋,9,1,2,69,50,122,6
6,飯田橋,外堀通り×目白通り,R4/11,牛込,E 水道橋,20.江戸川橋,10,0,2,85,57,144,7
6,飯田橋,外堀通り×目白通り,R4/11,牛込,E 水道橋,20.江戸川橋,11,1,0,87,37,125,4
6,飯田橋,外堀通り×目白通り,R4/11,牛込,E 水道橋,20.江戸川橋,12,0,2,65,36,103,6
6,飯田橋,外堀通り×目白通り,R4/11,牛込,E 水道橋,20.江戸川橋,13,0,0,89,21,110,7
6,飯田橋,外堀通り×目白通り,R4/11,牛込,E 水道橋,20.江戸川橋,14,0,1,128,46,175,8
6,飯田橋,外堀通り×目白通り,R4/11,牛込,E 水道橋,20.江戸川橋,15,0,0,111,59,170,4
6,飯田橋,外堀通り×目白通り,R4/11,牛込,E 水道橋,20.江戸川橋,16,0,0,95,45,140,8
6,飯田橋,外堀通り×目白通り,R4/11,牛込,E 水道橋,20.江戸川橋,17,1,0,128,59,188,9
6,飯田橋,外堀通り×目白通り,R4/11,牛込,E 水道橋,20.江戸川橋,18,0,0,90,23,113,6
6,飯田橋,外堀通り×目白通り,R4/11,牛込,E 水道橋,20.江戸川橋,12時間計,4,23,1075,485,1587,71
6,飯田橋,外堀通り×目白通り,R4/11,牛込,E 水道橋,流入計,7,4,16,486,350,856,61
6,飯田橋,外堀通り×目白通り,R4/11,牛込,E 水道橋,流入計,8,12,20,625,424,1081,78
6,飯田橋,外堀通り×目白通り,R4/11,牛込,E 水道橋,流入計,9,13,17,545,424,999,46
6,飯田橋,外堀通り×目白通り,R4/11,牛込,E 水道橋,流入計,10,7,11,557,358,933,48
6,飯田橋,外堀通り×目白通り,R4/11,牛込,E 水道橋,流入計,11,8,10,532,284,834,49
6,飯田橋,外堀通り×目白通り,R4/11,牛込,E 水道橋,流入計,12,3,17,552,296,868,35
6,飯田橋,外堀通り×目白通り,R4/11,牛込,E 水道橋,流入計,13,3,7,505,245,760,34
6,飯田橋,外堀通り×目白通り,R4/11,牛込,E 水道橋,流入計,14,2,6,616,315,939,56
6,飯田橋,外堀通り×目白通り,R4/11,牛込,E 水道橋,流入計,15,3,3,526,326,858,41
6,飯田橋,外堀通り×目白通り,R4/11,牛込,E 水道橋,流入計,16,4,4,605,261,874,54
6,飯田橋,外堀通り×目白通り,R4/11,牛込,E 水道橋,流入計,17,3,7,701,237,948,67
6,飯田橋,外堀通り×目白通り,R4/11,牛込,E 水道橋,流入計,18,3,5,657,165,830,47
6,飯田橋,外堀通り×目白通り,R4/11,牛込,E 水道橋,流入計,12時間計,65,123,6907,3685,10780,616
6,飯田橋,外堀通り×目白通り,R4/11,牛込,F 白鳥橋,21.水道橋,7,1,7,196,75,279,6
6,飯田橋,外堀通り×目白通り,R4/11,牛込,F 白鳥橋,21.水道橋,8,1,6,296,133,436,11
6,飯田橋,外堀通り×目白通り,R4/11,牛込,F 白鳥橋,21.水道橋,9,2,13,258,134,407,5
6,飯田橋,外堀通り×目白通り,R4/11,牛込,F 白鳥橋,21.水道橋,10,0,11,183,131,325,7
6,飯田橋,外堀通り×目白通り,R4/11,牛込,F 白鳥橋,21.水道橋,11,0,10,181,139,330,9
6,飯田橋,外堀通り×目白通り,R4/11,牛込,F 白鳥橋,21.水道橋,12,0,10,230,107,347,15
6,飯田橋,外堀通り×目白通り,R4/11,牛込,F 白鳥橋,21.水道橋,13,0,11,249,92,352,15
6,飯田橋,外堀通り×目白通り,R4/11,牛込,F 白鳥橋,21.水道橋,14,1,10,266,100,377,10
6,飯田橋,外堀通り×目白通り,R4/11,牛込,F 白鳥橋,21.水道橋,15,0,13,154,116,283,6
6,飯田橋,外堀通り×目白通り,R4/11,牛込,F 白鳥橋,21.水道橋,16,0,8,232,131,371,12
6,飯田橋,外堀通り×目白通り,R4/11,牛込,F 白鳥橋,21.水道橋,17,0,1,229,111,341,13
6,飯田橋,外堀通り×目白通り,R4/11,牛込,F 白鳥橋,21.水道橋,18,0,0,181,84,265,16
6,飯田橋,外堀通り×目白通り,R4/11,牛込,F 白鳥橋,21.水道橋,12時間計,5,100,2655,1353,4113,125
6,飯田橋,外堀通り×目白通り,R4/11,牛込,F 白鳥橋,22.九段下,7,7,1,167,48,223,19
6,飯田橋,外堀通り×目白通り,R4/11,牛込,F 白鳥橋,22.九段下,8,9,5,199,58,271,20
6,飯田橋,外堀通り×目白通り,R4/11,牛込,F 白鳥橋,22.九段下,9,8,1,194,66,269,21
6,飯田橋,外堀通り×目白通り,R4/11,牛込,F 白鳥橋,22.九段下,10,3,6,165,47,221,13
6,飯田橋,外堀通り×目白通り,R4/11,牛込,F 白鳥橋,22.九段下,11,10,4,180,35,229,13
6,飯田橋,外堀通り×目白通り,R4/11,牛込,F 白鳥橋,22.九段下,12,3,1,138,59,201,9
6,飯田橋,外堀通り×目白通り,R4/11,牛込,F 白鳥橋,22.九段下,13,3,3,148,59,213,13
6,飯田橋,外堀通り×目白通り,R4/11,牛込,F 白鳥橋,22.九段下,14,10,8,176,79,273,14
6,飯田橋,外堀通り×目白通り,R4/11,牛込,F 白鳥橋,22.九段下,15,7,1,158,64,230,13
6,飯田橋,外堀通り×目白通り,R4/11,牛込,F 白鳥橋,22.九段下,16,11,2,168,49,230,11
6,飯田橋,外堀通り×目白通り,R4/11,牛込,F 白鳥橋,22.九段下,17,3,1,190,34,228,10
6,飯田橋,外堀通り×目白通り,R4/11,牛込,F 白鳥橋,22.九段下,18,5,0,147,21,173,9
6,飯田橋,外堀通り×目白通り,R4/11,牛込,F 白鳥橋,22.九段下,12時間計,79,33,2030,619,2761,165
6,飯田橋,外堀通り×目白通り,R4/11,牛込,F 白鳥橋,23.市ヶ谷,7,4,0,136,61,201,1
6,飯田橋,外堀通り×目白通り,R4/11,牛込,F 白鳥橋,23.市ヶ谷,8,5,1,185,48,239,6
6,飯田橋,外堀通り×目白通り,R4/11,牛込,F 白鳥橋,23.市ヶ谷,9,5,0,150,60,215,8
6,飯田橋,外堀通り×目白通り,R4/11,牛込,F 白鳥橋,23.市ヶ谷,10,3,0,136,47,186,5
6,飯田橋,外堀通り×目白通り,R4/11,牛込,F 白鳥橋,23.市ヶ谷,11,2,1,129,25,157,6
6,飯田橋,外堀通り×目白通り,R4/11,牛込,F 白鳥橋,23.市ヶ谷,12,0,2,110,46,158,6
6,飯田橋,外堀通り×目白通り,R4/11,牛込,F 白鳥橋,23.市ヶ谷,13,0,1,95,50,146,4
6,飯田橋,外堀通り×目白通り,R4/11,牛込,F 白鳥橋,23.市ヶ谷,14,1,3,120,44,168,7
6,飯田橋,外堀通り×目白通り,R4/11,牛込,F 白鳥橋,23.市ヶ谷,15,2,2,145,53,202,2
6,飯田橋,外堀通り×目白通り,R4/11,牛込,F 白鳥橋,23.市ヶ谷,16,1,0,149,39,189,8
6,飯田橋,外堀通り×目白通り,R4/11,牛込,F 白鳥橋,23.市ヶ谷,17,1,0,173,18,192,8
6,飯田橋,外堀通り×目白通り,R4/11,牛込,F 白鳥橋,23.市ヶ谷,18,2,0,132,14,148,4
6,飯田橋,外堀通り×目白通り,R4/11,牛込,F 白鳥橋,23.市ヶ谷,12時間計,26,10,1660,505,2201,65
6,飯田橋,外堀通り×目白通り,R4/11,牛込,F 白鳥橋,24.神楽坂,7,1,3,28,14,46,1
6,飯田橋,外堀通り×目白通り,R4/11,牛込,F 白鳥橋,24.神楽坂,8,0,1,42,12,55,2
6,飯田橋,外堀通り×目白通り,R4/11,牛込,F 白鳥橋,24.神楽坂,9,0,3,33,16,52,1
6,飯田橋,外堀通り×目白通り,R4/11,牛込,F 白鳥橋,24.神楽坂,10,1,2,34,14,51,3
6,飯田橋,外堀通り×目白通り,R4/11,牛込,F 白鳥橋,24.神楽坂,11,2,0,25,9,36,0
6,飯田橋,外堀通り×目白通り,R4/11,牛込,F 白鳥橋,24.神楽坂,12,0,0,20,11,31,0
6,飯田橋,外堀通り×目白通り,R4/11,牛込,F 白鳥橋,24.神楽坂,13,1,1,35,10,47,0
6,飯田橋,外堀通り×目白通り,R4/11,牛込,F 白鳥橋,24.神楽坂,14,0,1,23,9,33,0
6,飯田橋,外堀通り×目白通り,R4/11,牛込,F 白鳥橋,24.神楽坂,15,0,0,21,11,32,3
6,飯田橋,外堀通り×目白通り,R4/11,牛込,F 白鳥橋,24.神楽坂,16,0,1,21,12,34,2
6,飯田橋,外堀通り×目白通り,R4/11,牛込,F 白鳥橋,24.神楽坂,17,0,0,16,7,23,0
6,飯田橋,外堀通り×目白通り,R4/11,牛込,F 白鳥橋,24.神楽坂,18,0,0,18,3,21,1
6,飯田橋,外堀通り×目白通り,R4/11,牛込,F 白鳥橋,24.神楽坂,12時間計,5,12,316,128,461,13
6,飯田橋,外堀通り×目白通り,R4/11,牛込,F 白鳥橋,25.江戸川橋,7,0,0,15,5,20,0
6,飯田橋,外堀通り×目白通り,R4/11,牛込,F 白鳥橋,25.江戸川橋,8,0,0,24,5,29,0
6,飯田橋,外堀通り×目白通り,R4/11,牛込,F 白鳥橋,25.江戸川橋,9,1,3,17,15,36,0
6,飯田橋,外堀通り×目白通り,R4/11,牛込,F 白鳥橋,25.江戸川橋,10,0,1,12,6,19,1
6,飯田橋,外堀通り×目白通り,R4/11,牛込,F 白鳥橋,25.江戸川橋,11,0,2,12,4,18,0
6,飯田橋,外堀通り×目白通り,R4/11,牛込,F 白鳥橋,25.江戸川橋,12,0,0,11,7,18,2
6,飯田橋,外堀通り×目白通り,R4/11,牛込,F 白鳥橋,25.江戸川橋,13,0,0,13,5,18,0
6,飯田橋,外堀通り×目白通り,R4/11,牛込,F 白鳥橋,25.江戸川橋,14,0,0,10,3,13,0
6,飯田橋,外堀通り×目白通り,R4/11,牛込,F 白鳥橋,25.江戸川橋,15,0,1,13,6,20,0
6,飯田橋,外堀通り×目白通り,R4/11,牛込,F 白鳥橋,25.江戸川橋,16,0,2,17,5,24,0
6,飯田橋,外堀通り×目白通り,R4/11,牛込,F 白鳥橋,25.江戸川橋,17,0,0,12,2,14,0
6,飯田橋,外堀通り×目白通り,R4/11,牛込,F 白鳥橋,25.江戸川橋,18,0,0,5,2,7,1
6,飯田橋,外堀通り×目白通り,R4/11,牛込,F 白鳥橋,25.江戸川橋,12時間計,1,9,161,65,236,4
6,飯田橋,外堀通り×目白通り,R4/11,牛込,F 白鳥橋,流入計,7,13,11,542,203,769,27
6,飯田橋,外堀通り×目白通り,R4/11,牛込,F 白鳥橋,流入計,8,15,13,746,256,1030,39
6,飯田橋,外堀通り×目白通り,R4/11,牛込,F 白鳥橋,流入計,9,16,20,652,291,979,35
6,飯田橋,外堀通り×目白通り,R4/11,牛込,F 白鳥橋,流入計,10,7,20,530,245,802,29
6,飯田橋,外堀通り×目白通り,R4/11,牛込,F 白鳥橋,流入計,11,14,17,527,212,770,28
6,飯田橋,外堀通り×目白通り,R4/11,牛込,F 白鳥橋,流入計,12,3,13,509,230,755,32
6,飯田橋,外堀通り×目白通り,R4/11,牛込,F 白鳥橋,流入計,13,4,16,540,216,776,32
6,飯田橋,外堀通り×目白通り,R4/11,牛込,F 白鳥橋,流入計,14,12,22,595,235,864,31
6,飯田橋,外堀通り×目白通り,R4/11,牛込,F 白鳥橋,流入計,15,9,17,491,250,767,24
6,飯田橋,外堀通り×目白通り,R4/11,牛込,F 白鳥橋,流入計,16,12,13,587,236,848,33
6,飯田橋,外堀通り×目白通り,R4/11,牛込,F 白鳥橋,流入計,17,4,2,620,172,798,31
6,飯田橋,外堀通り×目白通り,R4/11,牛込,F 白鳥橋,流入計,18,7,0,483,124,614,31
6,飯田橋,外堀通り×目白通り,R4/11,牛込,F 白鳥橋,流入計,12時間計,116,164,6822,2670,9772,372
