﻿地点番号,地点名,交差道路名,調査年月,管轄警察署,流出方向,時間帯等,大型乗用,大型貨物,普通乗用,普通貨物,四輪計,二輪車
333,武蔵五日市駅前,五日市街道×秋川街道,R4/10,五日市,A 青梅,7,1,9,207,55,272,11
333,武蔵五日市駅前,五日市街道×秋川街道,R4/10,五日市,A 青梅,8,1,17,227,46,291,7
333,武蔵五日市駅前,五日市街道×秋川街道,R4/10,五日市,A 青梅,9,3,18,143,39,203,10
333,武蔵五日市駅前,五日市街道×秋川街道,R4/10,五日市,A 青梅,10,1,32,107,72,212,16
333,武蔵五日市駅前,五日市街道×秋川街道,R4/10,五日市,A 青梅,11,5,32,131,58,226,8
333,武蔵五日市駅前,五日市街道×秋川街道,R4/10,五日市,A 青梅,12,1,12,149,41,203,14
333,武蔵五日市駅前,五日市街道×秋川街道,R4/10,五日市,A 青梅,13,2,22,132,50,206,8
333,武蔵五日市駅前,五日市街道×秋川街道,R4/10,五日市,A 青梅,14,1,38,139,76,254,23
333,武蔵五日市駅前,五日市街道×秋川街道,R4/10,五日市,A 青梅,15,8,20,166,62,256,17
333,武蔵五日市駅前,五日市街道×秋川街道,R4/10,五日市,A 青梅,16,4,5,171,59,239,9
333,武蔵五日市駅前,五日市街道×秋川街道,R4/10,五日市,A 青梅,17,1,4,143,62,210,9
333,武蔵五日市駅前,五日市街道×秋川街道,R4/10,五日市,A 青梅,18,3,1,147,45,196,4
333,武蔵五日市駅前,五日市街道×秋川街道,R4/10,五日市,A 青梅,12時間計,31,210,1862,665,2768,136
333,武蔵五日市駅前,五日市街道×秋川街道,R4/10,五日市,B 武蔵五日市駅,7,19,0,101,5,125,0
333,武蔵五日市駅前,五日市街道×秋川街道,R4/10,五日市,B 武蔵五日市駅,8,13,0,48,3,64,1
333,武蔵五日市駅前,五日市街道×秋川街道,R4/10,五日市,B 武蔵五日市駅,9,18,0,32,6,56,1
333,武蔵五日市駅前,五日市街道×秋川街道,R4/10,五日市,B 武蔵五日市駅,10,14,0,27,4,45,0
333,武蔵五日市駅前,五日市街道×秋川街道,R4/10,五日市,B 武蔵五日市駅,11,13,0,23,3,39,0
333,武蔵五日市駅前,五日市街道×秋川街道,R4/10,五日市,B 武蔵五日市駅,12,11,0,12,1,24,0
333,武蔵五日市駅前,五日市街道×秋川街道,R4/10,五日市,B 武蔵五日市駅,13,13,1,28,2,44,0
333,武蔵五日市駅前,五日市街道×秋川街道,R4/10,五日市,B 武蔵五日市駅,14,12,0,28,5,45,2
333,武蔵五日市駅前,五日市街道×秋川街道,R4/10,五日市,B 武蔵五日市駅,15,18,0,34,2,54,1
333,武蔵五日市駅前,五日市街道×秋川街道,R4/10,五日市,B 武蔵五日市駅,16,10,0,31,5,46,0
333,武蔵五日市駅前,五日市街道×秋川街道,R4/10,五日市,B 武蔵五日市駅,17,16,0,47,3,66,0
333,武蔵五日市駅前,五日市街道×秋川街道,R4/10,五日市,B 武蔵五日市駅,18,14,0,41,0,55,0
333,武蔵五日市駅前,五日市街道×秋川街道,R4/10,五日市,B 武蔵五日市駅,12時間計,171,1,452,39,663,5
333,武蔵五日市駅前,五日市街道×秋川街道,R4/10,五日市,C 桧原村,7,11,14,351,96,472,11
333,武蔵五日市駅前,五日市街道×秋川街道,R4/10,五日市,C 桧原村,8,21,14,414,134,583,18
333,武蔵五日市駅前,五日市街道×秋川街道,R4/10,五日市,C 桧原村,9,23,33,373,120,549,30
333,武蔵五日市駅前,五日市街道×秋川街道,R4/10,五日市,C 桧原村,10,18,30,320,111,479,34
333,武蔵五日市駅前,五日市街道×秋川街道,R4/10,五日市,C 桧原村,11,15,24,390,105,534,31
333,武蔵五日市駅前,五日市街道×秋川街道,R4/10,五日市,C 桧原村,12,11,27,383,72,493,25
333,武蔵五日市駅前,五日市街道×秋川街道,R4/10,五日市,C 桧原村,13,12,21,307,94,434,24
333,武蔵五日市駅前,五日市街道×秋川街道,R4/10,五日市,C 桧原村,14,12,12,313,97,434,26
333,武蔵五日市駅前,五日市街道×秋川街道,R4/10,五日市,C 桧原村,15,18,14,298,83,413,16
333,武蔵五日市駅前,五日市街道×秋川街道,R4/10,五日市,C 桧原村,16,10,10,348,110,478,11
333,武蔵五日市駅前,五日市街道×秋川街道,R4/10,五日市,C 桧原村,17,14,5,398,117,534,8
333,武蔵五日市駅前,五日市街道×秋川街道,R4/10,五日市,C 桧原村,18,11,1,393,58,463,12
333,武蔵五日市駅前,五日市街道×秋川街道,R4/10,五日市,C 桧原村,12時間計,176,205,4288,1197,5866,246
333,武蔵五日市駅前,五日市街道×秋川街道,R4/10,五日市,D 拝島,7,2,19,197,49,267,4
333,武蔵五日市駅前,五日市街道×秋川街道,R4/10,五日市,D 拝島,8,4,24,246,39,313,3
333,武蔵五日市駅前,五日市街道×秋川街道,R4/10,五日市,D 拝島,9,4,15,210,67,296,7
333,武蔵五日市駅前,五日市街道×秋川街道,R4/10,五日市,D 拝島,10,4,20,207,71,302,0
333,武蔵五日市駅前,五日市街道×秋川街道,R4/10,五日市,D 拝島,11,2,20,247,76,345,10
333,武蔵五日市駅前,五日市街道×秋川街道,R4/10,五日市,D 拝島,12,1,15,232,41,289,17
333,武蔵五日市駅前,五日市街道×秋川街道,R4/10,五日市,D 拝島,13,4,22,271,75,372,30
333,武蔵五日市駅前,五日市街道×秋川街道,R4/10,五日市,D 拝島,14,8,19,302,66,395,29
333,武蔵五日市駅前,五日市街道×秋川街道,R4/10,五日市,D 拝島,15,6,18,323,82,429,31
333,武蔵五日市駅前,五日市街道×秋川街道,R4/10,五日市,D 拝島,16,3,6,315,83,407,21
333,武蔵五日市駅前,五日市街道×秋川街道,R4/10,五日市,D 拝島,17,1,3,358,65,427,23
333,武蔵五日市駅前,五日市街道×秋川街道,R4/10,五日市,D 拝島,18,1,4,193,31,229,20
333,武蔵五日市駅前,五日市街道×秋川街道,R4/10,五日市,D 拝島,12時間計,40,185,3101,745,4071,195
333,武蔵五日市駅前,五日市街道×秋川街道,R4/10,五日市,全方向合計,7,33,42,856,205,1136,26
333,武蔵五日市駅前,五日市街道×秋川街道,R4/10,五日市,全方向合計,8,39,55,935,222,1251,29
333,武蔵五日市駅前,五日市街道×秋川街道,R4/10,五日市,全方向合計,9,48,66,758,232,1104,48
333,武蔵五日市駅前,五日市街道×秋川街道,R4/10,五日市,全方向合計,10,37,82,661,258,1038,50
333,武蔵五日市駅前,五日市街道×秋川街道,R4/10,五日市,全方向合計,11,35,76,791,242,1144,49
333,武蔵五日市駅前,五日市街道×秋川街道,R4/10,五日市,全方向合計,12,24,54,776,155,1009,56
333,武蔵五日市駅前,五日市街道×秋川街道,R4/10,五日市,全方向合計,13,31,66,738,221,1056,62
333,武蔵五日市駅前,五日市街道×秋川街道,R4/10,五日市,全方向合計,14,33,69,782,244,1128,80
333,武蔵五日市駅前,五日市街道×秋川街道,R4/10,五日市,全方向合計,15,50,52,821,229,1152,65
333,武蔵五日市駅前,五日市街道×秋川街道,R4/10,五日市,全方向合計,16,27,21,865,257,1170,41
333,武蔵五日市駅前,五日市街道×秋川街道,R4/10,五日市,全方向合計,17,32,12,946,247,1237,40
333,武蔵五日市駅前,五日市街道×秋川街道,R4/10,五日市,全方向合計,18,29,6,774,134,943,36
333,武蔵五日市駅前,五日市街道×秋川街道,R4/10,五日市,全方向合計,12時間計,418,601,9703,2646,13368,582
