﻿地点番号,地点名,交差道路名,調査年月,管轄警察署,流入方向,流出方向,時間帯等,車道通行自転車,歩道通行自転車,自転車計
333,武蔵五日市駅前,五日市街道×秋川街道,R4/10,五日市,A 青梅,1拝島,7,0,-,-
333,武蔵五日市駅前,五日市街道×秋川街道,R4/10,五日市,A 青梅,1拝島,8,0,-,-
333,武蔵五日市駅前,五日市街道×秋川街道,R4/10,五日市,A 青梅,1拝島,9,0,-,-
333,武蔵五日市駅前,五日市街道×秋川街道,R4/10,五日市,A 青梅,1拝島,10,0,-,-
333,武蔵五日市駅前,五日市街道×秋川街道,R4/10,五日市,A 青梅,1拝島,11,1,-,-
333,武蔵五日市駅前,五日市街道×秋川街道,R4/10,五日市,A 青梅,1拝島,12,0,-,-
333,武蔵五日市駅前,五日市街道×秋川街道,R4/10,五日市,A 青梅,1拝島,13,1,-,-
333,武蔵五日市駅前,五日市街道×秋川街道,R4/10,五日市,A 青梅,1拝島,14,0,-,-
333,武蔵五日市駅前,五日市街道×秋川街道,R4/10,五日市,A 青梅,1拝島,15,0,-,-
333,武蔵五日市駅前,五日市街道×秋川街道,R4/10,五日市,A 青梅,1拝島,16,0,-,-
333,武蔵五日市駅前,五日市街道×秋川街道,R4/10,五日市,A 青梅,1拝島,17,1,-,-
333,武蔵五日市駅前,五日市街道×秋川街道,R4/10,五日市,A 青梅,1拝島,18,0,-,-
333,武蔵五日市駅前,五日市街道×秋川街道,R4/10,五日市,A 青梅,1拝島,12時間計,3,-,-
333,武蔵五日市駅前,五日市街道×秋川街道,R4/10,五日市,A 青梅,2桧原村,7,0,-,-
333,武蔵五日市駅前,五日市街道×秋川街道,R4/10,五日市,A 青梅,2桧原村,8,2,-,-
333,武蔵五日市駅前,五日市街道×秋川街道,R4/10,五日市,A 青梅,2桧原村,9,1,-,-
333,武蔵五日市駅前,五日市街道×秋川街道,R4/10,五日市,A 青梅,2桧原村,10,3,-,-
333,武蔵五日市駅前,五日市街道×秋川街道,R4/10,五日市,A 青梅,2桧原村,11,2,-,-
333,武蔵五日市駅前,五日市街道×秋川街道,R4/10,五日市,A 青梅,2桧原村,12,4,-,-
333,武蔵五日市駅前,五日市街道×秋川街道,R4/10,五日市,A 青梅,2桧原村,13,2,-,-
333,武蔵五日市駅前,五日市街道×秋川街道,R4/10,五日市,A 青梅,2桧原村,14,1,-,-
333,武蔵五日市駅前,五日市街道×秋川街道,R4/10,五日市,A 青梅,2桧原村,15,0,-,-
333,武蔵五日市駅前,五日市街道×秋川街道,R4/10,五日市,A 青梅,2桧原村,16,3,-,-
333,武蔵五日市駅前,五日市街道×秋川街道,R4/10,五日市,A 青梅,2桧原村,17,1,-,-
333,武蔵五日市駅前,五日市街道×秋川街道,R4/10,五日市,A 青梅,2桧原村,18,0,-,-
333,武蔵五日市駅前,五日市街道×秋川街道,R4/10,五日市,A 青梅,2桧原村,12時間計,19,-,-
333,武蔵五日市駅前,五日市街道×秋川街道,R4/10,五日市,A 青梅,3武蔵五日市駅,7,0,-,-
333,武蔵五日市駅前,五日市街道×秋川街道,R4/10,五日市,A 青梅,3武蔵五日市駅,8,0,-,-
333,武蔵五日市駅前,五日市街道×秋川街道,R4/10,五日市,A 青梅,3武蔵五日市駅,9,0,-,-
333,武蔵五日市駅前,五日市街道×秋川街道,R4/10,五日市,A 青梅,3武蔵五日市駅,10,0,-,-
333,武蔵五日市駅前,五日市街道×秋川街道,R4/10,五日市,A 青梅,3武蔵五日市駅,11,0,-,-
333,武蔵五日市駅前,五日市街道×秋川街道,R4/10,五日市,A 青梅,3武蔵五日市駅,12,0,-,-
333,武蔵五日市駅前,五日市街道×秋川街道,R4/10,五日市,A 青梅,3武蔵五日市駅,13,0,-,-
333,武蔵五日市駅前,五日市街道×秋川街道,R4/10,五日市,A 青梅,3武蔵五日市駅,14,0,-,-
333,武蔵五日市駅前,五日市街道×秋川街道,R4/10,五日市,A 青梅,3武蔵五日市駅,15,0,-,-
333,武蔵五日市駅前,五日市街道×秋川街道,R4/10,五日市,A 青梅,3武蔵五日市駅,16,0,-,-
333,武蔵五日市駅前,五日市街道×秋川街道,R4/10,五日市,A 青梅,3武蔵五日市駅,17,0,-,-
333,武蔵五日市駅前,五日市街道×秋川街道,R4/10,五日市,A 青梅,3武蔵五日市駅,18,0,-,-
333,武蔵五日市駅前,五日市街道×秋川街道,R4/10,五日市,A 青梅,3武蔵五日市駅,12時間計,0,-,-
333,武蔵五日市駅前,五日市街道×秋川街道,R4/10,五日市,A 青梅,流入計,7,0,2,2
333,武蔵五日市駅前,五日市街道×秋川街道,R4/10,五日市,A 青梅,流入計,8,2,3,5
333,武蔵五日市駅前,五日市街道×秋川街道,R4/10,五日市,A 青梅,流入計,9,1,0,1
333,武蔵五日市駅前,五日市街道×秋川街道,R4/10,五日市,A 青梅,流入計,10,3,0,3
333,武蔵五日市駅前,五日市街道×秋川街道,R4/10,五日市,A 青梅,流入計,11,3,2,5
333,武蔵五日市駅前,五日市街道×秋川街道,R4/10,五日市,A 青梅,流入計,12,4,1,5
333,武蔵五日市駅前,五日市街道×秋川街道,R4/10,五日市,A 青梅,流入計,13,3,8,11
333,武蔵五日市駅前,五日市街道×秋川街道,R4/10,五日市,A 青梅,流入計,14,1,0,1
333,武蔵五日市駅前,五日市街道×秋川街道,R4/10,五日市,A 青梅,流入計,15,0,1,1
333,武蔵五日市駅前,五日市街道×秋川街道,R4/10,五日市,A 青梅,流入計,16,3,3,6
333,武蔵五日市駅前,五日市街道×秋川街道,R4/10,五日市,A 青梅,流入計,17,2,1,3
333,武蔵五日市駅前,五日市街道×秋川街道,R4/10,五日市,A 青梅,流入計,18,0,3,3
333,武蔵五日市駅前,五日市街道×秋川街道,R4/10,五日市,A 青梅,流入計,12時間計,22,24,46
333,武蔵五日市駅前,五日市街道×秋川街道,R4/10,五日市,B 武蔵五日市駅,4青梅,7,0,-,-
333,武蔵五日市駅前,五日市街道×秋川街道,R4/10,五日市,B 武蔵五日市駅,4青梅,8,0,-,-
333,武蔵五日市駅前,五日市街道×秋川街道,R4/10,五日市,B 武蔵五日市駅,4青梅,9,0,-,-
333,武蔵五日市駅前,五日市街道×秋川街道,R4/10,五日市,B 武蔵五日市駅,4青梅,10,0,-,-
333,武蔵五日市駅前,五日市街道×秋川街道,R4/10,五日市,B 武蔵五日市駅,4青梅,11,0,-,-
333,武蔵五日市駅前,五日市街道×秋川街道,R4/10,五日市,B 武蔵五日市駅,4青梅,12,0,-,-
333,武蔵五日市駅前,五日市街道×秋川街道,R4/10,五日市,B 武蔵五日市駅,4青梅,13,0,-,-
333,武蔵五日市駅前,五日市街道×秋川街道,R4/10,五日市,B 武蔵五日市駅,4青梅,14,0,-,-
333,武蔵五日市駅前,五日市街道×秋川街道,R4/10,五日市,B 武蔵五日市駅,4青梅,15,0,-,-
333,武蔵五日市駅前,五日市街道×秋川街道,R4/10,五日市,B 武蔵五日市駅,4青梅,16,0,-,-
333,武蔵五日市駅前,五日市街道×秋川街道,R4/10,五日市,B 武蔵五日市駅,4青梅,17,0,-,-
333,武蔵五日市駅前,五日市街道×秋川街道,R4/10,五日市,B 武蔵五日市駅,4青梅,18,0,-,-
333,武蔵五日市駅前,五日市街道×秋川街道,R4/10,五日市,B 武蔵五日市駅,4青梅,12時間計,0,-,-
333,武蔵五日市駅前,五日市街道×秋川街道,R4/10,五日市,B 武蔵五日市駅,5拝島,7,0,-,-
333,武蔵五日市駅前,五日市街道×秋川街道,R4/10,五日市,B 武蔵五日市駅,5拝島,8,0,-,-
333,武蔵五日市駅前,五日市街道×秋川街道,R4/10,五日市,B 武蔵五日市駅,5拝島,9,0,-,-
333,武蔵五日市駅前,五日市街道×秋川街道,R4/10,五日市,B 武蔵五日市駅,5拝島,10,0,-,-
333,武蔵五日市駅前,五日市街道×秋川街道,R4/10,五日市,B 武蔵五日市駅,5拝島,11,1,-,-
333,武蔵五日市駅前,五日市街道×秋川街道,R4/10,五日市,B 武蔵五日市駅,5拝島,12,4,-,-
333,武蔵五日市駅前,五日市街道×秋川街道,R4/10,五日市,B 武蔵五日市駅,5拝島,13,6,-,-
333,武蔵五日市駅前,五日市街道×秋川街道,R4/10,五日市,B 武蔵五日市駅,5拝島,14,5,-,-
333,武蔵五日市駅前,五日市街道×秋川街道,R4/10,五日市,B 武蔵五日市駅,5拝島,15,0,-,-
333,武蔵五日市駅前,五日市街道×秋川街道,R4/10,五日市,B 武蔵五日市駅,5拝島,16,0,-,-
333,武蔵五日市駅前,五日市街道×秋川街道,R4/10,五日市,B 武蔵五日市駅,5拝島,17,1,-,-
333,武蔵五日市駅前,五日市街道×秋川街道,R4/10,五日市,B 武蔵五日市駅,5拝島,18,0,-,-
333,武蔵五日市駅前,五日市街道×秋川街道,R4/10,五日市,B 武蔵五日市駅,5拝島,12時間計,17,-,-
333,武蔵五日市駅前,五日市街道×秋川街道,R4/10,五日市,B 武蔵五日市駅,6桧原村,7,0,-,-
333,武蔵五日市駅前,五日市街道×秋川街道,R4/10,五日市,B 武蔵五日市駅,6桧原村,8,0,-,-
333,武蔵五日市駅前,五日市街道×秋川街道,R4/10,五日市,B 武蔵五日市駅,6桧原村,9,0,-,-
333,武蔵五日市駅前,五日市街道×秋川街道,R4/10,五日市,B 武蔵五日市駅,6桧原村,10,0,-,-
333,武蔵五日市駅前,五日市街道×秋川街道,R4/10,五日市,B 武蔵五日市駅,6桧原村,11,0,-,-
333,武蔵五日市駅前,五日市街道×秋川街道,R4/10,五日市,B 武蔵五日市駅,6桧原村,12,0,-,-
333,武蔵五日市駅前,五日市街道×秋川街道,R4/10,五日市,B 武蔵五日市駅,6桧原村,13,0,-,-
333,武蔵五日市駅前,五日市街道×秋川街道,R4/10,五日市,B 武蔵五日市駅,6桧原村,14,0,-,-
333,武蔵五日市駅前,五日市街道×秋川街道,R4/10,五日市,B 武蔵五日市駅,6桧原村,15,0,-,-
333,武蔵五日市駅前,五日市街道×秋川街道,R4/10,五日市,B 武蔵五日市駅,6桧原村,16,0,-,-
333,武蔵五日市駅前,五日市街道×秋川街道,R4/10,五日市,B 武蔵五日市駅,6桧原村,17,0,-,-
333,武蔵五日市駅前,五日市街道×秋川街道,R4/10,五日市,B 武蔵五日市駅,6桧原村,18,0,-,-
333,武蔵五日市駅前,五日市街道×秋川街道,R4/10,五日市,B 武蔵五日市駅,6桧原村,12時間計,0,-,-
333,武蔵五日市駅前,五日市街道×秋川街道,R4/10,五日市,B 武蔵五日市駅,流入計,7,0,0,0
333,武蔵五日市駅前,五日市街道×秋川街道,R4/10,五日市,B 武蔵五日市駅,流入計,8,0,0,0
333,武蔵五日市駅前,五日市街道×秋川街道,R4/10,五日市,B 武蔵五日市駅,流入計,9,0,0,0
333,武蔵五日市駅前,五日市街道×秋川街道,R4/10,五日市,B 武蔵五日市駅,流入計,10,0,0,0
333,武蔵五日市駅前,五日市街道×秋川街道,R4/10,五日市,B 武蔵五日市駅,流入計,11,1,1,2
333,武蔵五日市駅前,五日市街道×秋川街道,R4/10,五日市,B 武蔵五日市駅,流入計,12,4,0,4
333,武蔵五日市駅前,五日市街道×秋川街道,R4/10,五日市,B 武蔵五日市駅,流入計,13,6,1,7
333,武蔵五日市駅前,五日市街道×秋川街道,R4/10,五日市,B 武蔵五日市駅,流入計,14,5,0,5
333,武蔵五日市駅前,五日市街道×秋川街道,R4/10,五日市,B 武蔵五日市駅,流入計,15,0,1,1
333,武蔵五日市駅前,五日市街道×秋川街道,R4/10,五日市,B 武蔵五日市駅,流入計,16,0,5,5
333,武蔵五日市駅前,五日市街道×秋川街道,R4/10,五日市,B 武蔵五日市駅,流入計,17,1,2,3
333,武蔵五日市駅前,五日市街道×秋川街道,R4/10,五日市,B 武蔵五日市駅,流入計,18,0,0,0
333,武蔵五日市駅前,五日市街道×秋川街道,R4/10,五日市,B 武蔵五日市駅,流入計,12時間計,17,10,27
333,武蔵五日市駅前,五日市街道×秋川街道,R4/10,五日市,C 桧原村,7武蔵五日市駅,7,0,-,-
333,武蔵五日市駅前,五日市街道×秋川街道,R4/10,五日市,C 桧原村,7武蔵五日市駅,8,0,-,-
333,武蔵五日市駅前,五日市街道×秋川街道,R4/10,五日市,C 桧原村,7武蔵五日市駅,9,0,-,-
333,武蔵五日市駅前,五日市街道×秋川街道,R4/10,五日市,C 桧原村,7武蔵五日市駅,10,0,-,-
333,武蔵五日市駅前,五日市街道×秋川街道,R4/10,五日市,C 桧原村,7武蔵五日市駅,11,0,-,-
333,武蔵五日市駅前,五日市街道×秋川街道,R4/10,五日市,C 桧原村,7武蔵五日市駅,12,0,-,-
333,武蔵五日市駅前,五日市街道×秋川街道,R4/10,五日市,C 桧原村,7武蔵五日市駅,13,0,-,-
333,武蔵五日市駅前,五日市街道×秋川街道,R4/10,五日市,C 桧原村,7武蔵五日市駅,14,0,-,-
333,武蔵五日市駅前,五日市街道×秋川街道,R4/10,五日市,C 桧原村,7武蔵五日市駅,15,0,-,-
333,武蔵五日市駅前,五日市街道×秋川街道,R4/10,五日市,C 桧原村,7武蔵五日市駅,16,0,-,-
333,武蔵五日市駅前,五日市街道×秋川街道,R4/10,五日市,C 桧原村,7武蔵五日市駅,17,0,-,-
333,武蔵五日市駅前,五日市街道×秋川街道,R4/10,五日市,C 桧原村,7武蔵五日市駅,18,0,-,-
333,武蔵五日市駅前,五日市街道×秋川街道,R4/10,五日市,C 桧原村,7武蔵五日市駅,12時間計,0,-,-
333,武蔵五日市駅前,五日市街道×秋川街道,R4/10,五日市,C 桧原村,8青梅,7,0,-,-
333,武蔵五日市駅前,五日市街道×秋川街道,R4/10,五日市,C 桧原村,8青梅,8,1,-,-
333,武蔵五日市駅前,五日市街道×秋川街道,R4/10,五日市,C 桧原村,8青梅,9,1,-,-
333,武蔵五日市駅前,五日市街道×秋川街道,R4/10,五日市,C 桧原村,8青梅,10,0,-,-
333,武蔵五日市駅前,五日市街道×秋川街道,R4/10,五日市,C 桧原村,8青梅,11,5,-,-
333,武蔵五日市駅前,五日市街道×秋川街道,R4/10,五日市,C 桧原村,8青梅,12,1,-,-
333,武蔵五日市駅前,五日市街道×秋川街道,R4/10,五日市,C 桧原村,8青梅,13,2,-,-
333,武蔵五日市駅前,五日市街道×秋川街道,R4/10,五日市,C 桧原村,8青梅,14,2,-,-
333,武蔵五日市駅前,五日市街道×秋川街道,R4/10,五日市,C 桧原村,8青梅,15,1,-,-
333,武蔵五日市駅前,五日市街道×秋川街道,R4/10,五日市,C 桧原村,8青梅,16,2,-,-
333,武蔵五日市駅前,五日市街道×秋川街道,R4/10,五日市,C 桧原村,8青梅,17,0,-,-
333,武蔵五日市駅前,五日市街道×秋川街道,R4/10,五日市,C 桧原村,8青梅,18,0,-,-
333,武蔵五日市駅前,五日市街道×秋川街道,R4/10,五日市,C 桧原村,8青梅,12時間計,15,-,-
333,武蔵五日市駅前,五日市街道×秋川街道,R4/10,五日市,C 桧原村,9拝島,7,3,-,-
333,武蔵五日市駅前,五日市街道×秋川街道,R4/10,五日市,C 桧原村,9拝島,8,0,-,-
333,武蔵五日市駅前,五日市街道×秋川街道,R4/10,五日市,C 桧原村,9拝島,9,0,-,-
333,武蔵五日市駅前,五日市街道×秋川街道,R4/10,五日市,C 桧原村,9拝島,10,0,-,-
333,武蔵五日市駅前,五日市街道×秋川街道,R4/10,五日市,C 桧原村,9拝島,11,1,-,-
333,武蔵五日市駅前,五日市街道×秋川街道,R4/10,五日市,C 桧原村,9拝島,12,2,-,-
333,武蔵五日市駅前,五日市街道×秋川街道,R4/10,五日市,C 桧原村,9拝島,13,3,-,-
333,武蔵五日市駅前,五日市街道×秋川街道,R4/10,五日市,C 桧原村,9拝島,14,0,-,-
333,武蔵五日市駅前,五日市街道×秋川街道,R4/10,五日市,C 桧原村,9拝島,15,2,-,-
333,武蔵五日市駅前,五日市街道×秋川街道,R4/10,五日市,C 桧原村,9拝島,16,0,-,-
333,武蔵五日市駅前,五日市街道×秋川街道,R4/10,五日市,C 桧原村,9拝島,17,1,-,-
333,武蔵五日市駅前,五日市街道×秋川街道,R4/10,五日市,C 桧原村,9拝島,18,1,-,-
333,武蔵五日市駅前,五日市街道×秋川街道,R4/10,五日市,C 桧原村,9拝島,12時間計,13,-,-
333,武蔵五日市駅前,五日市街道×秋川街道,R4/10,五日市,C 桧原村,流入計,7,3,2,5
333,武蔵五日市駅前,五日市街道×秋川街道,R4/10,五日市,C 桧原村,流入計,8,1,2,3
333,武蔵五日市駅前,五日市街道×秋川街道,R4/10,五日市,C 桧原村,流入計,9,1,1,2
333,武蔵五日市駅前,五日市街道×秋川街道,R4/10,五日市,C 桧原村,流入計,10,0,6,6
333,武蔵五日市駅前,五日市街道×秋川街道,R4/10,五日市,C 桧原村,流入計,11,6,8,14
333,武蔵五日市駅前,五日市街道×秋川街道,R4/10,五日市,C 桧原村,流入計,12,3,12,15
333,武蔵五日市駅前,五日市街道×秋川街道,R4/10,五日市,C 桧原村,流入計,13,5,0,5
333,武蔵五日市駅前,五日市街道×秋川街道,R4/10,五日市,C 桧原村,流入計,14,2,1,3
333,武蔵五日市駅前,五日市街道×秋川街道,R4/10,五日市,C 桧原村,流入計,15,3,4,7
333,武蔵五日市駅前,五日市街道×秋川街道,R4/10,五日市,C 桧原村,流入計,16,2,24,26
333,武蔵五日市駅前,五日市街道×秋川街道,R4/10,五日市,C 桧原村,流入計,17,1,8,9
333,武蔵五日市駅前,五日市街道×秋川街道,R4/10,五日市,C 桧原村,流入計,18,1,3,4
333,武蔵五日市駅前,五日市街道×秋川街道,R4/10,五日市,C 桧原村,流入計,12時間計,28,71,99
333,武蔵五日市駅前,五日市街道×秋川街道,R4/10,五日市,D 拝島,10桧原村,7,2,-,-
333,武蔵五日市駅前,五日市街道×秋川街道,R4/10,五日市,D 拝島,10桧原村,8,1,-,-
333,武蔵五日市駅前,五日市街道×秋川街道,R4/10,五日市,D 拝島,10桧原村,9,0,-,-
333,武蔵五日市駅前,五日市街道×秋川街道,R4/10,五日市,D 拝島,10桧原村,10,3,-,-
333,武蔵五日市駅前,五日市街道×秋川街道,R4/10,五日市,D 拝島,10桧原村,11,0,-,-
333,武蔵五日市駅前,五日市街道×秋川街道,R4/10,五日市,D 拝島,10桧原村,12,2,-,-
333,武蔵五日市駅前,五日市街道×秋川街道,R4/10,五日市,D 拝島,10桧原村,13,1,-,-
333,武蔵五日市駅前,五日市街道×秋川街道,R4/10,五日市,D 拝島,10桧原村,14,0,-,-
333,武蔵五日市駅前,五日市街道×秋川街道,R4/10,五日市,D 拝島,10桧原村,15,1,-,-
333,武蔵五日市駅前,五日市街道×秋川街道,R4/10,五日市,D 拝島,10桧原村,16,1,-,-
333,武蔵五日市駅前,五日市街道×秋川街道,R4/10,五日市,D 拝島,10桧原村,17,0,-,-
333,武蔵五日市駅前,五日市街道×秋川街道,R4/10,五日市,D 拝島,10桧原村,18,0,-,-
333,武蔵五日市駅前,五日市街道×秋川街道,R4/10,五日市,D 拝島,10桧原村,12時間計,11,-,-
333,武蔵五日市駅前,五日市街道×秋川街道,R4/10,五日市,D 拝島,11武蔵五日市駅,7,0,-,-
333,武蔵五日市駅前,五日市街道×秋川街道,R4/10,五日市,D 拝島,11武蔵五日市駅,8,0,-,-
333,武蔵五日市駅前,五日市街道×秋川街道,R4/10,五日市,D 拝島,11武蔵五日市駅,9,0,-,-
333,武蔵五日市駅前,五日市街道×秋川街道,R4/10,五日市,D 拝島,11武蔵五日市駅,10,0,-,-
333,武蔵五日市駅前,五日市街道×秋川街道,R4/10,五日市,D 拝島,11武蔵五日市駅,11,0,-,-
333,武蔵五日市駅前,五日市街道×秋川街道,R4/10,五日市,D 拝島,11武蔵五日市駅,12,0,-,-
333,武蔵五日市駅前,五日市街道×秋川街道,R4/10,五日市,D 拝島,11武蔵五日市駅,13,0,-,-
333,武蔵五日市駅前,五日市街道×秋川街道,R4/10,五日市,D 拝島,11武蔵五日市駅,14,0,-,-
333,武蔵五日市駅前,五日市街道×秋川街道,R4/10,五日市,D 拝島,11武蔵五日市駅,15,0,-,-
333,武蔵五日市駅前,五日市街道×秋川街道,R4/10,五日市,D 拝島,11武蔵五日市駅,16,0,-,-
333,武蔵五日市駅前,五日市街道×秋川街道,R4/10,五日市,D 拝島,11武蔵五日市駅,17,0,-,-
333,武蔵五日市駅前,五日市街道×秋川街道,R4/10,五日市,D 拝島,11武蔵五日市駅,18,0,-,-
333,武蔵五日市駅前,五日市街道×秋川街道,R4/10,五日市,D 拝島,11武蔵五日市駅,12時間計,0,-,-
333,武蔵五日市駅前,五日市街道×秋川街道,R4/10,五日市,D 拝島,12青梅,7,0,-,-
333,武蔵五日市駅前,五日市街道×秋川街道,R4/10,五日市,D 拝島,12青梅,8,0,-,-
333,武蔵五日市駅前,五日市街道×秋川街道,R4/10,五日市,D 拝島,12青梅,9,0,-,-
333,武蔵五日市駅前,五日市街道×秋川街道,R4/10,五日市,D 拝島,12青梅,10,0,-,-
333,武蔵五日市駅前,五日市街道×秋川街道,R4/10,五日市,D 拝島,12青梅,11,0,-,-
333,武蔵五日市駅前,五日市街道×秋川街道,R4/10,五日市,D 拝島,12青梅,12,0,-,-
333,武蔵五日市駅前,五日市街道×秋川街道,R4/10,五日市,D 拝島,12青梅,13,0,-,-
333,武蔵五日市駅前,五日市街道×秋川街道,R4/10,五日市,D 拝島,12青梅,14,0,-,-
333,武蔵五日市駅前,五日市街道×秋川街道,R4/10,五日市,D 拝島,12青梅,15,0,-,-
333,武蔵五日市駅前,五日市街道×秋川街道,R4/10,五日市,D 拝島,12青梅,16,0,-,-
333,武蔵五日市駅前,五日市街道×秋川街道,R4/10,五日市,D 拝島,12青梅,17,1,-,-
333,武蔵五日市駅前,五日市街道×秋川街道,R4/10,五日市,D 拝島,12青梅,18,0,-,-
333,武蔵五日市駅前,五日市街道×秋川街道,R4/10,五日市,D 拝島,12青梅,12時間計,1,-,-
333,武蔵五日市駅前,五日市街道×秋川街道,R4/10,五日市,D 拝島,流入計,7,2,15,17
333,武蔵五日市駅前,五日市街道×秋川街道,R4/10,五日市,D 拝島,流入計,8,1,16,17
333,武蔵五日市駅前,五日市街道×秋川街道,R4/10,五日市,D 拝島,流入計,9,0,12,12
333,武蔵五日市駅前,五日市街道×秋川街道,R4/10,五日市,D 拝島,流入計,10,3,13,16
333,武蔵五日市駅前,五日市街道×秋川街道,R4/10,五日市,D 拝島,流入計,11,0,6,6
333,武蔵五日市駅前,五日市街道×秋川街道,R4/10,五日市,D 拝島,流入計,12,2,4,6
333,武蔵五日市駅前,五日市街道×秋川街道,R4/10,五日市,D 拝島,流入計,13,1,2,3
333,武蔵五日市駅前,五日市街道×秋川街道,R4/10,五日市,D 拝島,流入計,14,0,9,9
333,武蔵五日市駅前,五日市街道×秋川街道,R4/10,五日市,D 拝島,流入計,15,1,3,4
333,武蔵五日市駅前,五日市街道×秋川街道,R4/10,五日市,D 拝島,流入計,16,1,3,4
333,武蔵五日市駅前,五日市街道×秋川街道,R4/10,五日市,D 拝島,流入計,17,1,5,6
333,武蔵五日市駅前,五日市街道×秋川街道,R4/10,五日市,D 拝島,流入計,18,0,2,2
333,武蔵五日市駅前,五日市街道×秋川街道,R4/10,五日市,D 拝島,流入計,12時間計,12,90,102
333,武蔵五日市駅前,五日市街道×秋川街道,R4/10,五日市,全方向計,全方向計,7,5,19,24
333,武蔵五日市駅前,五日市街道×秋川街道,R4/10,五日市,全方向計,全方向計,8,4,21,25
333,武蔵五日市駅前,五日市街道×秋川街道,R4/10,五日市,全方向計,全方向計,9,2,13,15
333,武蔵五日市駅前,五日市街道×秋川街道,R4/10,五日市,全方向計,全方向計,10,6,19,25
333,武蔵五日市駅前,五日市街道×秋川街道,R4/10,五日市,全方向計,全方向計,11,10,17,27
333,武蔵五日市駅前,五日市街道×秋川街道,R4/10,五日市,全方向計,全方向計,12,13,17,30
333,武蔵五日市駅前,五日市街道×秋川街道,R4/10,五日市,全方向計,全方向計,13,15,11,26
333,武蔵五日市駅前,五日市街道×秋川街道,R4/10,五日市,全方向計,全方向計,14,8,10,18
333,武蔵五日市駅前,五日市街道×秋川街道,R4/10,五日市,全方向計,全方向計,15,4,9,13
333,武蔵五日市駅前,五日市街道×秋川街道,R4/10,五日市,全方向計,全方向計,16,6,35,41
333,武蔵五日市駅前,五日市街道×秋川街道,R4/10,五日市,全方向計,全方向計,17,5,16,21
333,武蔵五日市駅前,五日市街道×秋川街道,R4/10,五日市,全方向計,全方向計,18,1,8,9
333,武蔵五日市駅前,五日市街道×秋川街道,R4/10,五日市,全方向計,全方向計,12時間計,79,195,274
