﻿地点番号,地点名,交差道路名,調査年月,管轄警察署,流入方向,流出方向,時間帯等,大型乗用,大型貨物,普通乗用,普通貨物,四輪計,二輪車
333,武蔵五日市駅前,五日市街道×秋川街道,R4/10,五日市,A 青梅,1.拝島,7,1,1,6,2,10,0
333,武蔵五日市駅前,五日市街道×秋川街道,R4/10,五日市,A 青梅,1.拝島,8,1,6,8,2,17,0
333,武蔵五日市駅前,五日市街道×秋川街道,R4/10,五日市,A 青梅,1.拝島,9,1,7,8,11,27,2
333,武蔵五日市駅前,五日市街道×秋川街道,R4/10,五日市,A 青梅,1.拝島,10,1,10,7,6,24,0
333,武蔵五日市駅前,五日市街道×秋川街道,R4/10,五日市,A 青梅,1.拝島,11,0,11,12,7,30,1
333,武蔵五日市駅前,五日市街道×秋川街道,R4/10,五日市,A 青梅,1.拝島,12,0,8,16,4,28,2
333,武蔵五日市駅前,五日市街道×秋川街道,R4/10,五日市,A 青梅,1.拝島,13,1,14,19,9,43,5
333,武蔵五日市駅前,五日市街道×秋川街道,R4/10,五日市,A 青梅,1.拝島,14,2,9,27,10,48,1
333,武蔵五日市駅前,五日市街道×秋川街道,R4/10,五日市,A 青梅,1.拝島,15,0,10,33,16,59,3
333,武蔵五日市駅前,五日市街道×秋川街道,R4/10,五日市,A 青梅,1.拝島,16,0,2,18,12,32,1
333,武蔵五日市駅前,五日市街道×秋川街道,R4/10,五日市,A 青梅,1.拝島,17,0,0,28,7,35,5
333,武蔵五日市駅前,五日市街道×秋川街道,R4/10,五日市,A 青梅,1.拝島,18,0,0,9,5,14,2
333,武蔵五日市駅前,五日市街道×秋川街道,R4/10,五日市,A 青梅,1.拝島,12時間計,7,78,191,91,367,22
333,武蔵五日市駅前,五日市街道×秋川街道,R4/10,五日市,A 青梅,2.桧原村,7,1,3,117,56,177,2
333,武蔵五日市駅前,五日市街道×秋川街道,R4/10,五日市,A 青梅,2.桧原村,8,3,2,128,62,195,6
333,武蔵五日市駅前,五日市街道×秋川街道,R4/10,五日市,A 青梅,2.桧原村,9,4,16,141,53,214,8
333,武蔵五日市駅前,五日市街道×秋川街道,R4/10,五日市,A 青梅,2.桧原村,10,5,13,110,40,168,13
333,武蔵五日市駅前,五日市街道×秋川街道,R4/10,五日市,A 青梅,2.桧原村,11,3,8,118,37,166,11
333,武蔵五日市駅前,五日市街道×秋川街道,R4/10,五日市,A 青梅,2.桧原村,12,1,19,115,27,162,6
333,武蔵五日市駅前,五日市街道×秋川街道,R4/10,五日市,A 青梅,2.桧原村,13,3,8,107,46,164,9
333,武蔵五日市駅前,五日市街道×秋川街道,R4/10,五日市,A 青梅,2.桧原村,14,1,5,102,34,142,3
333,武蔵五日市駅前,五日市街道×秋川街道,R4/10,五日市,A 青梅,2.桧原村,15,4,10,92,32,138,5
333,武蔵五日市駅前,五日市街道×秋川街道,R4/10,五日市,A 青梅,2.桧原村,16,0,7,135,44,186,6
333,武蔵五日市駅前,五日市街道×秋川街道,R4/10,五日市,A 青梅,2.桧原村,17,1,3,165,54,223,5
333,武蔵五日市駅前,五日市街道×秋川街道,R4/10,五日市,A 青梅,2.桧原村,18,0,0,156,22,178,6
333,武蔵五日市駅前,五日市街道×秋川街道,R4/10,五日市,A 青梅,2.桧原村,12時間計,26,94,1486,507,2113,80
333,武蔵五日市駅前,五日市街道×秋川街道,R4/10,五日市,A 青梅,3.武蔵五日市駅,7,5,0,16,1,22,0
333,武蔵五日市駅前,五日市街道×秋川街道,R4/10,五日市,A 青梅,3.武蔵五日市駅,8,4,0,9,3,16,0
333,武蔵五日市駅前,五日市街道×秋川街道,R4/10,五日市,A 青梅,3.武蔵五日市駅,9,6,0,4,1,11,0
333,武蔵五日市駅前,五日市街道×秋川街道,R4/10,五日市,A 青梅,3.武蔵五日市駅,10,5,0,5,3,13,0
333,武蔵五日市駅前,五日市街道×秋川街道,R4/10,五日市,A 青梅,3.武蔵五日市駅,11,3,0,4,1,8,0
333,武蔵五日市駅前,五日市街道×秋川街道,R4/10,五日市,A 青梅,3.武蔵五日市駅,12,3,0,4,0,7,0
333,武蔵五日市駅前,五日市街道×秋川街道,R4/10,五日市,A 青梅,3.武蔵五日市駅,13,4,1,6,1,12,0
333,武蔵五日市駅前,五日市街道×秋川街道,R4/10,五日市,A 青梅,3.武蔵五日市駅,14,3,0,6,1,10,2
333,武蔵五日市駅前,五日市街道×秋川街道,R4/10,五日市,A 青梅,3.武蔵五日市駅,15,4,0,12,0,16,0
333,武蔵五日市駅前,五日市街道×秋川街道,R4/10,五日市,A 青梅,3.武蔵五日市駅,16,4,0,7,2,13,0
333,武蔵五日市駅前,五日市街道×秋川街道,R4/10,五日市,A 青梅,3.武蔵五日市駅,17,2,0,10,0,12,0
333,武蔵五日市駅前,五日市街道×秋川街道,R4/10,五日市,A 青梅,3.武蔵五日市駅,18,3,0,8,0,11,0
333,武蔵五日市駅前,五日市街道×秋川街道,R4/10,五日市,A 青梅,3.武蔵五日市駅,12時間計,46,1,91,13,151,2
333,武蔵五日市駅前,五日市街道×秋川街道,R4/10,五日市,A 青梅,流入計,7,7,4,139,59,209,2
333,武蔵五日市駅前,五日市街道×秋川街道,R4/10,五日市,A 青梅,流入計,8,8,8,145,67,228,6
333,武蔵五日市駅前,五日市街道×秋川街道,R4/10,五日市,A 青梅,流入計,9,11,23,153,65,252,10
333,武蔵五日市駅前,五日市街道×秋川街道,R4/10,五日市,A 青梅,流入計,10,11,23,122,49,205,13
333,武蔵五日市駅前,五日市街道×秋川街道,R4/10,五日市,A 青梅,流入計,11,6,19,134,45,204,12
333,武蔵五日市駅前,五日市街道×秋川街道,R4/10,五日市,A 青梅,流入計,12,4,27,135,31,197,8
333,武蔵五日市駅前,五日市街道×秋川街道,R4/10,五日市,A 青梅,流入計,13,8,23,132,56,219,14
333,武蔵五日市駅前,五日市街道×秋川街道,R4/10,五日市,A 青梅,流入計,14,6,14,135,45,200,6
333,武蔵五日市駅前,五日市街道×秋川街道,R4/10,五日市,A 青梅,流入計,15,8,20,137,48,213,8
333,武蔵五日市駅前,五日市街道×秋川街道,R4/10,五日市,A 青梅,流入計,16,4,9,160,58,231,7
333,武蔵五日市駅前,五日市街道×秋川街道,R4/10,五日市,A 青梅,流入計,17,3,3,203,61,270,10
333,武蔵五日市駅前,五日市街道×秋川街道,R4/10,五日市,A 青梅,流入計,18,3,0,173,27,203,8
333,武蔵五日市駅前,五日市街道×秋川街道,R4/10,五日市,A 青梅,流入計,12時間計,79,173,1768,611,2631,104
333,武蔵五日市駅前,五日市街道×秋川街道,R4/10,五日市,B 武蔵五日市駅,4.青梅,7,0,0,2,0,2,2
333,武蔵五日市駅前,五日市街道×秋川街道,R4/10,五日市,B 武蔵五日市駅,4.青梅,8,0,0,0,0,0,0
333,武蔵五日市駅前,五日市街道×秋川街道,R4/10,五日市,B 武蔵五日市駅,4.青梅,9,0,0,0,0,0,0
333,武蔵五日市駅前,五日市街道×秋川街道,R4/10,五日市,B 武蔵五日市駅,4.青梅,10,0,0,0,0,0,0
333,武蔵五日市駅前,五日市街道×秋川街道,R4/10,五日市,B 武蔵五日市駅,4.青梅,11,0,0,0,0,0,0
333,武蔵五日市駅前,五日市街道×秋川街道,R4/10,五日市,B 武蔵五日市駅,4.青梅,12,0,0,2,1,3,0
333,武蔵五日市駅前,五日市街道×秋川街道,R4/10,五日市,B 武蔵五日市駅,4.青梅,13,0,0,0,0,0,0
333,武蔵五日市駅前,五日市街道×秋川街道,R4/10,五日市,B 武蔵五日市駅,4.青梅,14,0,0,0,1,1,0
333,武蔵五日市駅前,五日市街道×秋川街道,R4/10,五日市,B 武蔵五日市駅,4.青梅,15,0,0,0,0,0,0
333,武蔵五日市駅前,五日市街道×秋川街道,R4/10,五日市,B 武蔵五日市駅,4.青梅,16,0,0,0,0,0,0
333,武蔵五日市駅前,五日市街道×秋川街道,R4/10,五日市,B 武蔵五日市駅,4.青梅,17,0,0,0,0,0,0
333,武蔵五日市駅前,五日市街道×秋川街道,R4/10,五日市,B 武蔵五日市駅,4.青梅,18,0,0,1,0,1,0
333,武蔵五日市駅前,五日市街道×秋川街道,R4/10,五日市,B 武蔵五日市駅,4.青梅,12時間計,0,0,5,2,7,2
333,武蔵五日市駅前,五日市街道×秋川街道,R4/10,五日市,B 武蔵五日市駅,5.拝島,7,1,0,28,3,32,0
333,武蔵五日市駅前,五日市街道×秋川街道,R4/10,五日市,B 武蔵五日市駅,5.拝島,8,1,0,4,0,5,0
333,武蔵五日市駅前,五日市街道×秋川街道,R4/10,五日市,B 武蔵五日市駅,5.拝島,9,2,0,7,3,12,0
333,武蔵五日市駅前,五日市街道×秋川街道,R4/10,五日市,B 武蔵五日市駅,5.拝島,10,1,0,7,0,8,0
333,武蔵五日市駅前,五日市街道×秋川街道,R4/10,五日市,B 武蔵五日市駅,5.拝島,11,1,0,7,3,11,0
333,武蔵五日市駅前,五日市街道×秋川街道,R4/10,五日市,B 武蔵五日市駅,5.拝島,12,1,0,3,1,5,0
333,武蔵五日市駅前,五日市街道×秋川街道,R4/10,五日市,B 武蔵五日市駅,5.拝島,13,1,0,3,0,4,0
333,武蔵五日市駅前,五日市街道×秋川街道,R4/10,五日市,B 武蔵五日市駅,5.拝島,14,2,0,8,0,10,2
333,武蔵五日市駅前,五日市街道×秋川街道,R4/10,五日市,B 武蔵五日市駅,5.拝島,15,1,0,6,4,11,0
333,武蔵五日市駅前,五日市街道×秋川街道,R4/10,五日市,B 武蔵五日市駅,5.拝島,16,0,0,8,1,9,0
333,武蔵五日市駅前,五日市街道×秋川街道,R4/10,五日市,B 武蔵五日市駅,5.拝島,17,0,0,12,0,12,0
333,武蔵五日市駅前,五日市街道×秋川街道,R4/10,五日市,B 武蔵五日市駅,5.拝島,18,0,0,9,0,9,0
333,武蔵五日市駅前,五日市街道×秋川街道,R4/10,五日市,B 武蔵五日市駅,5.拝島,12時間計,11,0,102,15,128,2
333,武蔵五日市駅前,五日市街道×秋川街道,R4/10,五日市,B 武蔵五日市駅,6.桧原村,7,7,0,46,4,57,0
333,武蔵五日市駅前,五日市街道×秋川街道,R4/10,五日市,B 武蔵五日市駅,6.桧原村,8,13,0,32,3,48,1
333,武蔵五日市駅前,五日市街道×秋川街道,R4/10,五日市,B 武蔵五日市駅,6.桧原村,9,10,0,18,6,34,1
333,武蔵五日市駅前,五日市街道×秋川街道,R4/10,五日市,B 武蔵五日市駅,6.桧原村,10,11,0,7,1,19,0
333,武蔵五日市駅前,五日市街道×秋川街道,R4/10,五日市,B 武蔵五日市駅,6.桧原村,11,11,0,11,6,28,0
333,武蔵五日市駅前,五日市街道×秋川街道,R4/10,五日市,B 武蔵五日市駅,6.桧原村,12,9,1,15,3,28,0
333,武蔵五日市駅前,五日市街道×秋川街道,R4/10,五日市,B 武蔵五日市駅,6.桧原村,13,8,0,10,1,19,0
333,武蔵五日市駅前,五日市街道×秋川街道,R4/10,五日市,B 武蔵五日市駅,6.桧原村,14,9,0,11,0,20,0
333,武蔵五日市駅前,五日市街道×秋川街道,R4/10,五日市,B 武蔵五日市駅,6.桧原村,15,12,0,11,1,24,1
333,武蔵五日市駅前,五日市街道×秋川街道,R4/10,五日市,B 武蔵五日市駅,6.桧原村,16,7,0,14,3,24,0
333,武蔵五日市駅前,五日市街道×秋川街道,R4/10,五日市,B 武蔵五日市駅,6.桧原村,17,12,0,21,1,34,0
333,武蔵五日市駅前,五日市街道×秋川街道,R4/10,五日市,B 武蔵五日市駅,6.桧原村,18,10,1,24,1,36,1
333,武蔵五日市駅前,五日市街道×秋川街道,R4/10,五日市,B 武蔵五日市駅,6.桧原村,12時間計,119,2,220,30,371,4
333,武蔵五日市駅前,五日市街道×秋川街道,R4/10,五日市,B 武蔵五日市駅,流入計,7,8,0,76,7,91,2
333,武蔵五日市駅前,五日市街道×秋川街道,R4/10,五日市,B 武蔵五日市駅,流入計,8,14,0,36,3,53,1
333,武蔵五日市駅前,五日市街道×秋川街道,R4/10,五日市,B 武蔵五日市駅,流入計,9,12,0,25,9,46,1
333,武蔵五日市駅前,五日市街道×秋川街道,R4/10,五日市,B 武蔵五日市駅,流入計,10,12,0,14,1,27,0
333,武蔵五日市駅前,五日市街道×秋川街道,R4/10,五日市,B 武蔵五日市駅,流入計,11,12,0,18,9,39,0
333,武蔵五日市駅前,五日市街道×秋川街道,R4/10,五日市,B 武蔵五日市駅,流入計,12,10,1,20,5,36,0
333,武蔵五日市駅前,五日市街道×秋川街道,R4/10,五日市,B 武蔵五日市駅,流入計,13,9,0,13,1,23,0
333,武蔵五日市駅前,五日市街道×秋川街道,R4/10,五日市,B 武蔵五日市駅,流入計,14,11,0,19,1,31,2
333,武蔵五日市駅前,五日市街道×秋川街道,R4/10,五日市,B 武蔵五日市駅,流入計,15,13,0,17,5,35,1
333,武蔵五日市駅前,五日市街道×秋川街道,R4/10,五日市,B 武蔵五日市駅,流入計,16,7,0,22,4,33,0
333,武蔵五日市駅前,五日市街道×秋川街道,R4/10,五日市,B 武蔵五日市駅,流入計,17,12,0,33,1,46,0
333,武蔵五日市駅前,五日市街道×秋川街道,R4/10,五日市,B 武蔵五日市駅,流入計,18,10,1,34,1,46,1
333,武蔵五日市駅前,五日市街道×秋川街道,R4/10,五日市,B 武蔵五日市駅,流入計,12時間計,130,2,327,47,506,8
333,武蔵五日市駅前,五日市街道×秋川街道,R4/10,五日市,C 桧原村,7.武蔵五日市駅,7,14,0,68,3,85,0
333,武蔵五日市駅前,五日市街道×秋川街道,R4/10,五日市,C 桧原村,7.武蔵五日市駅,8,9,0,32,0,41,1
333,武蔵五日市駅前,五日市街道×秋川街道,R4/10,五日市,C 桧原村,7.武蔵五日市駅,9,11,0,17,5,33,1
333,武蔵五日市駅前,五日市街道×秋川街道,R4/10,五日市,C 桧原村,7.武蔵五日市駅,10,7,0,19,1,27,0
333,武蔵五日市駅前,五日市街道×秋川街道,R4/10,五日市,C 桧原村,7.武蔵五日市駅,11,9,0,12,0,21,0
333,武蔵五日市駅前,五日市街道×秋川街道,R4/10,五日市,C 桧原村,7.武蔵五日市駅,12,8,0,5,1,14,0
333,武蔵五日市駅前,五日市街道×秋川街道,R4/10,五日市,C 桧原村,7.武蔵五日市駅,13,9,0,19,0,28,0
333,武蔵五日市駅前,五日市街道×秋川街道,R4/10,五日市,C 桧原村,7.武蔵五日市駅,14,9,0,14,2,25,0
333,武蔵五日市駅前,五日市街道×秋川街道,R4/10,五日市,C 桧原村,7.武蔵五日市駅,15,10,0,17,1,28,1
333,武蔵五日市駅前,五日市街道×秋川街道,R4/10,五日市,C 桧原村,7.武蔵五日市駅,16,6,0,19,3,28,0
333,武蔵五日市駅前,五日市街道×秋川街道,R4/10,五日市,C 桧原村,7.武蔵五日市駅,17,13,0,29,3,45,0
333,武蔵五日市駅前,五日市街道×秋川街道,R4/10,五日市,C 桧原村,7.武蔵五日市駅,18,7,0,24,0,31,0
333,武蔵五日市駅前,五日市街道×秋川街道,R4/10,五日市,C 桧原村,7.武蔵五日市駅,12時間計,112,0,275,19,406,3
333,武蔵五日市駅前,五日市街道×秋川街道,R4/10,五日市,C 桧原村,8.青梅,7,1,7,190,43,241,8
333,武蔵五日市駅前,五日市街道×秋川街道,R4/10,五日市,C 桧原村,8.青梅,8,0,12,206,41,259,2
333,武蔵五日市駅前,五日市街道×秋川街道,R4/10,五日市,C 桧原村,8.青梅,9,3,14,117,35,169,7
333,武蔵五日市駅前,五日市街道×秋川街道,R4/10,五日市,C 桧原村,8.青梅,10,1,15,98,57,171,8
333,武蔵五日市駅前,五日市街道×秋川街道,R4/10,五日市,C 桧原村,8.青梅,11,5,24,113,52,194,5
333,武蔵五日市駅前,五日市街道×秋川街道,R4/10,五日市,C 桧原村,8.青梅,12,1,9,131,36,177,11
333,武蔵五日市駅前,五日市街道×秋川街道,R4/10,五日市,C 桧原村,8.青梅,13,2,5,119,47,173,7
333,武蔵五日市駅前,五日市街道×秋川街道,R4/10,五日市,C 桧原村,8.青梅,14,1,15,127,59,202,18
333,武蔵五日市駅前,五日市街道×秋川街道,R4/10,五日市,C 桧原村,8.青梅,15,6,9,156,57,228,17
333,武蔵五日市駅前,五日市街道×秋川街道,R4/10,五日市,C 桧原村,8.青梅,16,4,3,153,54,214,9
333,武蔵五日市駅前,五日市街道×秋川街道,R4/10,五日市,C 桧原村,8.青梅,17,0,2,136,60,198,9
333,武蔵五日市駅前,五日市街道×秋川街道,R4/10,五日市,C 桧原村,8.青梅,18,3,1,138,43,185,4
333,武蔵五日市駅前,五日市街道×秋川街道,R4/10,五日市,C 桧原村,8.青梅,12時間計,27,116,1684,584,2411,105
333,武蔵五日市駅前,五日市街道×秋川街道,R4/10,五日市,C 桧原村,9.拝島,7,0,18,163,44,225,4
333,武蔵五日市駅前,五日市街道×秋川街道,R4/10,五日市,C 桧原村,9.拝島,8,2,18,234,37,291,3
333,武蔵五日市駅前,五日市街道×秋川街道,R4/10,五日市,C 桧原村,9.拝島,9,1,8,195,53,257,5
333,武蔵五日市駅前,五日市街道×秋川街道,R4/10,五日市,C 桧原村,9.拝島,10,2,10,193,65,270,0
333,武蔵五日市駅前,五日市街道×秋川街道,R4/10,五日市,C 桧原村,9.拝島,11,1,9,228,66,304,9
333,武蔵五日市駅前,五日市街道×秋川街道,R4/10,五日市,C 桧原村,9.拝島,12,0,7,213,36,256,15
333,武蔵五日市駅前,五日市街道×秋川街道,R4/10,五日市,C 桧原村,9.拝島,13,2,8,249,66,325,25
333,武蔵五日市駅前,五日市街道×秋川街道,R4/10,五日市,C 桧原村,9.拝島,14,4,10,267,56,337,26
333,武蔵五日市駅前,五日市街道×秋川街道,R4/10,五日市,C 桧原村,9.拝島,15,5,8,284,62,359,28
333,武蔵五日市駅前,五日市街道×秋川街道,R4/10,五日市,C 桧原村,9.拝島,16,3,4,289,70,366,20
333,武蔵五日市駅前,五日市街道×秋川街道,R4/10,五日市,C 桧原村,9.拝島,17,1,3,318,58,380,18
333,武蔵五日市駅前,五日市街道×秋川街道,R4/10,五日市,C 桧原村,9.拝島,18,1,4,175,26,206,18
333,武蔵五日市駅前,五日市街道×秋川街道,R4/10,五日市,C 桧原村,9.拝島,12時間計,22,107,2808,639,3576,171
333,武蔵五日市駅前,五日市街道×秋川街道,R4/10,五日市,C 桧原村,流入計,7,15,25,421,90,551,12
333,武蔵五日市駅前,五日市街道×秋川街道,R4/10,五日市,C 桧原村,流入計,8,11,30,472,78,591,6
333,武蔵五日市駅前,五日市街道×秋川街道,R4/10,五日市,C 桧原村,流入計,9,15,22,329,93,459,13
333,武蔵五日市駅前,五日市街道×秋川街道,R4/10,五日市,C 桧原村,流入計,10,10,25,310,123,468,8
333,武蔵五日市駅前,五日市街道×秋川街道,R4/10,五日市,C 桧原村,流入計,11,15,33,353,118,519,14
333,武蔵五日市駅前,五日市街道×秋川街道,R4/10,五日市,C 桧原村,流入計,12,9,16,349,73,447,26
333,武蔵五日市駅前,五日市街道×秋川街道,R4/10,五日市,C 桧原村,流入計,13,13,13,387,113,526,32
333,武蔵五日市駅前,五日市街道×秋川街道,R4/10,五日市,C 桧原村,流入計,14,14,25,408,117,564,44
333,武蔵五日市駅前,五日市街道×秋川街道,R4/10,五日市,C 桧原村,流入計,15,21,17,457,120,615,46
333,武蔵五日市駅前,五日市街道×秋川街道,R4/10,五日市,C 桧原村,流入計,16,13,7,461,127,608,29
333,武蔵五日市駅前,五日市街道×秋川街道,R4/10,五日市,C 桧原村,流入計,17,14,5,483,121,623,27
333,武蔵五日市駅前,五日市街道×秋川街道,R4/10,五日市,C 桧原村,流入計,18,11,5,337,69,422,22
333,武蔵五日市駅前,五日市街道×秋川街道,R4/10,五日市,C 桧原村,流入計,12時間計,161,223,4767,1242,6393,279
333,武蔵五日市駅前,五日市街道×秋川街道,R4/10,五日市,D 拝島,10.桧原村,7,3,11,188,36,238,9
333,武蔵五日市駅前,五日市街道×秋川街道,R4/10,五日市,D 拝島,10.桧原村,8,5,12,254,69,340,11
333,武蔵五日市駅前,五日市街道×秋川街道,R4/10,五日市,D 拝島,10.桧原村,9,9,17,214,61,301,21
333,武蔵五日市駅前,五日市街道×秋川街道,R4/10,五日市,D 拝島,10.桧原村,10,2,17,203,70,292,21
333,武蔵五日市駅前,五日市街道×秋川街道,R4/10,五日市,D 拝島,10.桧原村,11,1,16,261,62,340,20
333,武蔵五日市駅前,五日市街道×秋川街道,R4/10,五日市,D 拝島,10.桧原村,12,1,7,253,42,303,19
333,武蔵五日市駅前,五日市街道×秋川街道,R4/10,五日市,D 拝島,10.桧原村,13,1,13,190,47,251,15
333,武蔵五日市駅前,五日市街道×秋川街道,R4/10,五日市,D 拝島,10.桧原村,14,2,7,200,63,272,23
333,武蔵五日市駅前,五日市街道×秋川街道,R4/10,五日市,D 拝島,10.桧原村,15,2,4,195,50,251,10
333,武蔵五日市駅前,五日市街道×秋川街道,R4/10,五日市,D 拝島,10.桧原村,16,3,3,199,63,268,5
333,武蔵五日市駅前,五日市街道×秋川街道,R4/10,五日市,D 拝島,10.桧原村,17,1,2,212,62,277,3
333,武蔵五日市駅前,五日市街道×秋川街道,R4/10,五日市,D 拝島,10.桧原村,18,1,0,213,35,249,5
333,武蔵五日市駅前,五日市街道×秋川街道,R4/10,五日市,D 拝島,10.桧原村,12時間計,31,109,2582,660,3382,162
333,武蔵五日市駅前,五日市街道×秋川街道,R4/10,五日市,D 拝島,11.武蔵五日市駅,7,0,0,17,1,18,0
333,武蔵五日市駅前,五日市街道×秋川街道,R4/10,五日市,D 拝島,11.武蔵五日市駅,8,0,0,7,0,7,0
333,武蔵五日市駅前,五日市街道×秋川街道,R4/10,五日市,D 拝島,11.武蔵五日市駅,9,1,0,11,0,12,0
333,武蔵五日市駅前,五日市街道×秋川街道,R4/10,五日市,D 拝島,11.武蔵五日市駅,10,2,0,3,0,5,0
333,武蔵五日市駅前,五日市街道×秋川街道,R4/10,五日市,D 拝島,11.武蔵五日市駅,11,1,0,7,2,10,0
333,武蔵五日市駅前,五日市街道×秋川街道,R4/10,五日市,D 拝島,11.武蔵五日市駅,12,0,0,3,0,3,0
333,武蔵五日市駅前,五日市街道×秋川街道,R4/10,五日市,D 拝島,11.武蔵五日市駅,13,0,0,3,1,4,0
333,武蔵五日市駅前,五日市街道×秋川街道,R4/10,五日市,D 拝島,11.武蔵五日市駅,14,0,0,8,2,10,0
333,武蔵五日市駅前,五日市街道×秋川街道,R4/10,五日市,D 拝島,11.武蔵五日市駅,15,4,0,5,1,10,0
333,武蔵五日市駅前,五日市街道×秋川街道,R4/10,五日市,D 拝島,11.武蔵五日市駅,16,0,0,5,0,5,0
333,武蔵五日市駅前,五日市街道×秋川街道,R4/10,五日市,D 拝島,11.武蔵五日市駅,17,1,0,8,0,9,0
333,武蔵五日市駅前,五日市街道×秋川街道,R4/10,五日市,D 拝島,11.武蔵五日市駅,18,4,0,9,0,13,0
333,武蔵五日市駅前,五日市街道×秋川街道,R4/10,五日市,D 拝島,11.武蔵五日市駅,12時間計,13,0,86,7,106,0
333,武蔵五日市駅前,五日市街道×秋川街道,R4/10,五日市,D 拝島,12.青梅,7,0,2,15,12,29,1
333,武蔵五日市駅前,五日市街道×秋川街道,R4/10,五日市,D 拝島,12.青梅,8,1,5,21,5,32,5
333,武蔵五日市駅前,五日市街道×秋川街道,R4/10,五日市,D 拝島,12.青梅,9,0,4,26,4,34,3
333,武蔵五日市駅前,五日市街道×秋川街道,R4/10,五日市,D 拝島,12.青梅,10,0,17,9,15,41,8
333,武蔵五日市駅前,五日市街道×秋川街道,R4/10,五日市,D 拝島,12.青梅,11,0,8,18,6,32,3
333,武蔵五日市駅前,五日市街道×秋川街道,R4/10,五日市,D 拝島,12.青梅,12,0,3,16,4,23,3
333,武蔵五日市駅前,五日市街道×秋川街道,R4/10,五日市,D 拝島,12.青梅,13,0,17,13,3,33,1
333,武蔵五日市駅前,五日市街道×秋川街道,R4/10,五日市,D 拝島,12.青梅,14,0,23,12,16,51,5
333,武蔵五日市駅前,五日市街道×秋川街道,R4/10,五日市,D 拝島,12.青梅,15,2,11,10,5,28,0
333,武蔵五日市駅前,五日市街道×秋川街道,R4/10,五日市,D 拝島,12.青梅,16,0,2,18,5,25,0
333,武蔵五日市駅前,五日市街道×秋川街道,R4/10,五日市,D 拝島,12.青梅,17,1,2,7,2,12,0
333,武蔵五日市駅前,五日市街道×秋川街道,R4/10,五日市,D 拝島,12.青梅,18,0,0,8,2,10,0
333,武蔵五日市駅前,五日市街道×秋川街道,R4/10,五日市,D 拝島,12.青梅,12時間計,4,94,173,79,350,29
333,武蔵五日市駅前,五日市街道×秋川街道,R4/10,五日市,D 拝島,流入計,7,3,13,220,49,285,10
333,武蔵五日市駅前,五日市街道×秋川街道,R4/10,五日市,D 拝島,流入計,8,6,17,282,74,379,16
333,武蔵五日市駅前,五日市街道×秋川街道,R4/10,五日市,D 拝島,流入計,9,10,21,251,65,347,24
333,武蔵五日市駅前,五日市街道×秋川街道,R4/10,五日市,D 拝島,流入計,10,4,34,215,85,338,29
333,武蔵五日市駅前,五日市街道×秋川街道,R4/10,五日市,D 拝島,流入計,11,2,24,286,70,382,23
333,武蔵五日市駅前,五日市街道×秋川街道,R4/10,五日市,D 拝島,流入計,12,1,10,272,46,329,22
333,武蔵五日市駅前,五日市街道×秋川街道,R4/10,五日市,D 拝島,流入計,13,1,30,206,51,288,16
333,武蔵五日市駅前,五日市街道×秋川街道,R4/10,五日市,D 拝島,流入計,14,2,30,220,81,333,28
333,武蔵五日市駅前,五日市街道×秋川街道,R4/10,五日市,D 拝島,流入計,15,8,15,210,56,289,10
333,武蔵五日市駅前,五日市街道×秋川街道,R4/10,五日市,D 拝島,流入計,16,3,5,222,68,298,5
333,武蔵五日市駅前,五日市街道×秋川街道,R4/10,五日市,D 拝島,流入計,17,3,4,227,64,298,3
333,武蔵五日市駅前,五日市街道×秋川街道,R4/10,五日市,D 拝島,流入計,18,5,0,230,37,272,5
333,武蔵五日市駅前,五日市街道×秋川街道,R4/10,五日市,D 拝島,流入計,12時間計,48,203,2841,746,3838,191
