﻿地点番号,地点名,交差道路名,調査年月,管轄警察署,流入方向,流出方向,時間帯等,車道通行自転車,歩道通行自転車,自転車計
309,新宿４東,明治通り×甲州街道,R4/11,四谷,A 池袋,1四谷見附,7,1,-,-
309,新宿４東,明治通り×甲州街道,R4/11,四谷,A 池袋,1四谷見附,8,1,-,-
309,新宿４東,明治通り×甲州街道,R4/11,四谷,A 池袋,1四谷見附,9,2,-,-
309,新宿４東,明治通り×甲州街道,R4/11,四谷,A 池袋,1四谷見附,10,1,-,-
309,新宿４東,明治通り×甲州街道,R4/11,四谷,A 池袋,1四谷見附,11,1,-,-
309,新宿４東,明治通り×甲州街道,R4/11,四谷,A 池袋,1四谷見附,12,0,-,-
309,新宿４東,明治通り×甲州街道,R4/11,四谷,A 池袋,1四谷見附,13,3,-,-
309,新宿４東,明治通り×甲州街道,R4/11,四谷,A 池袋,1四谷見附,14,4,-,-
309,新宿４東,明治通り×甲州街道,R4/11,四谷,A 池袋,1四谷見附,15,0,-,-
309,新宿４東,明治通り×甲州街道,R4/11,四谷,A 池袋,1四谷見附,16,2,-,-
309,新宿４東,明治通り×甲州街道,R4/11,四谷,A 池袋,1四谷見附,17,1,-,-
309,新宿４東,明治通り×甲州街道,R4/11,四谷,A 池袋,1四谷見附,18,1,-,-
309,新宿４東,明治通り×甲州街道,R4/11,四谷,A 池袋,1四谷見附,12時間計,17,-,-
309,新宿４東,明治通り×甲州街道,R4/11,四谷,A 池袋,2新宿駅,7,2,-,-
309,新宿４東,明治通り×甲州街道,R4/11,四谷,A 池袋,2新宿駅,8,3,-,-
309,新宿４東,明治通り×甲州街道,R4/11,四谷,A 池袋,2新宿駅,9,6,-,-
309,新宿４東,明治通り×甲州街道,R4/11,四谷,A 池袋,2新宿駅,10,4,-,-
309,新宿４東,明治通り×甲州街道,R4/11,四谷,A 池袋,2新宿駅,11,5,-,-
309,新宿４東,明治通り×甲州街道,R4/11,四谷,A 池袋,2新宿駅,12,7,-,-
309,新宿４東,明治通り×甲州街道,R4/11,四谷,A 池袋,2新宿駅,13,4,-,-
309,新宿４東,明治通り×甲州街道,R4/11,四谷,A 池袋,2新宿駅,14,13,-,-
309,新宿４東,明治通り×甲州街道,R4/11,四谷,A 池袋,2新宿駅,15,18,-,-
309,新宿４東,明治通り×甲州街道,R4/11,四谷,A 池袋,2新宿駅,16,12,-,-
309,新宿４東,明治通り×甲州街道,R4/11,四谷,A 池袋,2新宿駅,17,11,-,-
309,新宿４東,明治通り×甲州街道,R4/11,四谷,A 池袋,2新宿駅,18,13,-,-
309,新宿４東,明治通り×甲州街道,R4/11,四谷,A 池袋,2新宿駅,12時間計,98,-,-
309,新宿４東,明治通り×甲州街道,R4/11,四谷,A 池袋,流入計,7,3,9,12
309,新宿４東,明治通り×甲州街道,R4/11,四谷,A 池袋,流入計,8,4,20,24
309,新宿４東,明治通り×甲州街道,R4/11,四谷,A 池袋,流入計,9,8,20,28
309,新宿４東,明治通り×甲州街道,R4/11,四谷,A 池袋,流入計,10,5,29,34
309,新宿４東,明治通り×甲州街道,R4/11,四谷,A 池袋,流入計,11,6,22,28
309,新宿４東,明治通り×甲州街道,R4/11,四谷,A 池袋,流入計,12,7,19,26
309,新宿４東,明治通り×甲州街道,R4/11,四谷,A 池袋,流入計,13,7,31,38
309,新宿４東,明治通り×甲州街道,R4/11,四谷,A 池袋,流入計,14,17,32,49
309,新宿４東,明治通り×甲州街道,R4/11,四谷,A 池袋,流入計,15,18,29,47
309,新宿４東,明治通り×甲州街道,R4/11,四谷,A 池袋,流入計,16,14,45,59
309,新宿４東,明治通り×甲州街道,R4/11,四谷,A 池袋,流入計,17,12,36,48
309,新宿４東,明治通り×甲州街道,R4/11,四谷,A 池袋,流入計,18,14,16,30
309,新宿４東,明治通り×甲州街道,R4/11,四谷,A 池袋,流入計,12時間計,115,308,423
309,新宿４東,明治通り×甲州街道,R4/11,四谷,B 新宿駅,3池袋,7,0,-,-
309,新宿４東,明治通り×甲州街道,R4/11,四谷,B 新宿駅,3池袋,8,3,-,-
309,新宿４東,明治通り×甲州街道,R4/11,四谷,B 新宿駅,3池袋,9,6,-,-
309,新宿４東,明治通り×甲州街道,R4/11,四谷,B 新宿駅,3池袋,10,2,-,-
309,新宿４東,明治通り×甲州街道,R4/11,四谷,B 新宿駅,3池袋,11,4,-,-
309,新宿４東,明治通り×甲州街道,R4/11,四谷,B 新宿駅,3池袋,12,7,-,-
309,新宿４東,明治通り×甲州街道,R4/11,四谷,B 新宿駅,3池袋,13,6,-,-
309,新宿４東,明治通り×甲州街道,R4/11,四谷,B 新宿駅,3池袋,14,5,-,-
309,新宿４東,明治通り×甲州街道,R4/11,四谷,B 新宿駅,3池袋,15,4,-,-
309,新宿４東,明治通り×甲州街道,R4/11,四谷,B 新宿駅,3池袋,16,4,-,-
309,新宿４東,明治通り×甲州街道,R4/11,四谷,B 新宿駅,3池袋,17,10,-,-
309,新宿４東,明治通り×甲州街道,R4/11,四谷,B 新宿駅,3池袋,18,12,-,-
309,新宿４東,明治通り×甲州街道,R4/11,四谷,B 新宿駅,3池袋,12時間計,63,-,-
309,新宿４東,明治通り×甲州街道,R4/11,四谷,B 新宿駅,4四谷見附,7,45,-,-
309,新宿４東,明治通り×甲州街道,R4/11,四谷,B 新宿駅,4四谷見附,8,74,-,-
309,新宿４東,明治通り×甲州街道,R4/11,四谷,B 新宿駅,4四谷見附,9,37,-,-
309,新宿４東,明治通り×甲州街道,R4/11,四谷,B 新宿駅,4四谷見附,10,35,-,-
309,新宿４東,明治通り×甲州街道,R4/11,四谷,B 新宿駅,4四谷見附,11,30,-,-
309,新宿４東,明治通り×甲州街道,R4/11,四谷,B 新宿駅,4四谷見附,12,39,-,-
309,新宿４東,明治通り×甲州街道,R4/11,四谷,B 新宿駅,4四谷見附,13,31,-,-
309,新宿４東,明治通り×甲州街道,R4/11,四谷,B 新宿駅,4四谷見附,14,27,-,-
309,新宿４東,明治通り×甲州街道,R4/11,四谷,B 新宿駅,4四谷見附,15,27,-,-
309,新宿４東,明治通り×甲州街道,R4/11,四谷,B 新宿駅,4四谷見附,16,24,-,-
309,新宿４東,明治通り×甲州街道,R4/11,四谷,B 新宿駅,4四谷見附,17,22,-,-
309,新宿４東,明治通り×甲州街道,R4/11,四谷,B 新宿駅,4四谷見附,18,37,-,-
309,新宿４東,明治通り×甲州街道,R4/11,四谷,B 新宿駅,4四谷見附,12時間計,428,-,-
309,新宿４東,明治通り×甲州街道,R4/11,四谷,B 新宿駅,流入計,7,45,30,75
309,新宿４東,明治通り×甲州街道,R4/11,四谷,B 新宿駅,流入計,8,77,31,108
309,新宿４東,明治通り×甲州街道,R4/11,四谷,B 新宿駅,流入計,9,43,45,88
309,新宿４東,明治通り×甲州街道,R4/11,四谷,B 新宿駅,流入計,10,37,54,91
309,新宿４東,明治通り×甲州街道,R4/11,四谷,B 新宿駅,流入計,11,34,50,84
309,新宿４東,明治通り×甲州街道,R4/11,四谷,B 新宿駅,流入計,12,46,51,97
309,新宿４東,明治通り×甲州街道,R4/11,四谷,B 新宿駅,流入計,13,37,57,94
309,新宿４東,明治通り×甲州街道,R4/11,四谷,B 新宿駅,流入計,14,32,54,86
309,新宿４東,明治通り×甲州街道,R4/11,四谷,B 新宿駅,流入計,15,31,54,85
309,新宿４東,明治通り×甲州街道,R4/11,四谷,B 新宿駅,流入計,16,28,52,80
309,新宿４東,明治通り×甲州街道,R4/11,四谷,B 新宿駅,流入計,17,32,41,73
309,新宿４東,明治通り×甲州街道,R4/11,四谷,B 新宿駅,流入計,18,49,44,93
309,新宿４東,明治通り×甲州街道,R4/11,四谷,B 新宿駅,流入計,12時間計,491,563,1054
309,新宿４東,明治通り×甲州街道,R4/11,四谷,C 四谷見附,5新宿駅,7,15,-,-
309,新宿４東,明治通り×甲州街道,R4/11,四谷,C 四谷見附,5新宿駅,8,24,-,-
309,新宿４東,明治通り×甲州街道,R4/11,四谷,C 四谷見附,5新宿駅,9,28,-,-
309,新宿４東,明治通り×甲州街道,R4/11,四谷,C 四谷見附,5新宿駅,10,47,-,-
309,新宿４東,明治通り×甲州街道,R4/11,四谷,C 四谷見附,5新宿駅,11,15,-,-
309,新宿４東,明治通り×甲州街道,R4/11,四谷,C 四谷見附,5新宿駅,12,32,-,-
309,新宿４東,明治通り×甲州街道,R4/11,四谷,C 四谷見附,5新宿駅,13,30,-,-
309,新宿４東,明治通り×甲州街道,R4/11,四谷,C 四谷見附,5新宿駅,14,29,-,-
309,新宿４東,明治通り×甲州街道,R4/11,四谷,C 四谷見附,5新宿駅,15,35,-,-
309,新宿４東,明治通り×甲州街道,R4/11,四谷,C 四谷見附,5新宿駅,16,26,-,-
309,新宿４東,明治通り×甲州街道,R4/11,四谷,C 四谷見附,5新宿駅,17,51,-,-
309,新宿４東,明治通り×甲州街道,R4/11,四谷,C 四谷見附,5新宿駅,18,31,-,-
309,新宿４東,明治通り×甲州街道,R4/11,四谷,C 四谷見附,5新宿駅,12時間計,363,-,-
309,新宿４東,明治通り×甲州街道,R4/11,四谷,C 四谷見附,6池袋,7,0,-,-
309,新宿４東,明治通り×甲州街道,R4/11,四谷,C 四谷見附,6池袋,8,0,-,-
309,新宿４東,明治通り×甲州街道,R4/11,四谷,C 四谷見附,6池袋,9,0,-,-
309,新宿４東,明治通り×甲州街道,R4/11,四谷,C 四谷見附,6池袋,10,0,-,-
309,新宿４東,明治通り×甲州街道,R4/11,四谷,C 四谷見附,6池袋,11,0,-,-
309,新宿４東,明治通り×甲州街道,R4/11,四谷,C 四谷見附,6池袋,12,1,-,-
309,新宿４東,明治通り×甲州街道,R4/11,四谷,C 四谷見附,6池袋,13,0,-,-
309,新宿４東,明治通り×甲州街道,R4/11,四谷,C 四谷見附,6池袋,14,0,-,-
309,新宿４東,明治通り×甲州街道,R4/11,四谷,C 四谷見附,6池袋,15,3,-,-
309,新宿４東,明治通り×甲州街道,R4/11,四谷,C 四谷見附,6池袋,16,2,-,-
309,新宿４東,明治通り×甲州街道,R4/11,四谷,C 四谷見附,6池袋,17,0,-,-
309,新宿４東,明治通り×甲州街道,R4/11,四谷,C 四谷見附,6池袋,18,0,-,-
309,新宿４東,明治通り×甲州街道,R4/11,四谷,C 四谷見附,6池袋,12時間計,6,-,-
309,新宿４東,明治通り×甲州街道,R4/11,四谷,C 四谷見附,流入計,7,15,13,28
309,新宿４東,明治通り×甲州街道,R4/11,四谷,C 四谷見附,流入計,8,24,29,53
309,新宿４東,明治通り×甲州街道,R4/11,四谷,C 四谷見附,流入計,9,28,70,98
309,新宿４東,明治通り×甲州街道,R4/11,四谷,C 四谷見附,流入計,10,47,50,97
309,新宿４東,明治通り×甲州街道,R4/11,四谷,C 四谷見附,流入計,11,15,67,82
309,新宿４東,明治通り×甲州街道,R4/11,四谷,C 四谷見附,流入計,12,33,49,82
309,新宿４東,明治通り×甲州街道,R4/11,四谷,C 四谷見附,流入計,13,30,53,83
309,新宿４東,明治通り×甲州街道,R4/11,四谷,C 四谷見附,流入計,14,29,53,82
309,新宿４東,明治通り×甲州街道,R4/11,四谷,C 四谷見附,流入計,15,38,42,80
309,新宿４東,明治通り×甲州街道,R4/11,四谷,C 四谷見附,流入計,16,28,48,76
309,新宿４東,明治通り×甲州街道,R4/11,四谷,C 四谷見附,流入計,17,51,62,113
309,新宿４東,明治通り×甲州街道,R4/11,四谷,C 四谷見附,流入計,18,31,79,110
309,新宿４東,明治通り×甲州街道,R4/11,四谷,C 四谷見附,流入計,12時間計,369,615,984
309,新宿４東,明治通り×甲州街道,R4/11,四谷,全方向計,全方向計,7,63,52,115
309,新宿４東,明治通り×甲州街道,R4/11,四谷,全方向計,全方向計,8,105,80,185
309,新宿４東,明治通り×甲州街道,R4/11,四谷,全方向計,全方向計,9,79,135,214
309,新宿４東,明治通り×甲州街道,R4/11,四谷,全方向計,全方向計,10,89,133,222
309,新宿４東,明治通り×甲州街道,R4/11,四谷,全方向計,全方向計,11,55,139,194
309,新宿４東,明治通り×甲州街道,R4/11,四谷,全方向計,全方向計,12,86,119,205
309,新宿４東,明治通り×甲州街道,R4/11,四谷,全方向計,全方向計,13,74,141,215
309,新宿４東,明治通り×甲州街道,R4/11,四谷,全方向計,全方向計,14,78,139,217
309,新宿４東,明治通り×甲州街道,R4/11,四谷,全方向計,全方向計,15,87,125,212
309,新宿４東,明治通り×甲州街道,R4/11,四谷,全方向計,全方向計,16,70,145,215
309,新宿４東,明治通り×甲州街道,R4/11,四谷,全方向計,全方向計,17,95,139,234
309,新宿４東,明治通り×甲州街道,R4/11,四谷,全方向計,全方向計,18,94,139,233
309,新宿４東,明治通り×甲州街道,R4/11,四谷,全方向計,全方向計,12時間計,975,1486,2461
