﻿地点番号,地点名,交差道路名,調査年月,管轄警察署,流出方向,時間帯等,大型乗用,大型貨物,普通乗用,普通貨物,四輪計,二輪車
309,新宿４東,明治通り×甲州街道,R4/11,四谷,A 池袋,7,1,0,21,32,54,4
309,新宿４東,明治通り×甲州街道,R4/11,四谷,A 池袋,8,4,0,35,37,76,4
309,新宿４東,明治通り×甲州街道,R4/11,四谷,A 池袋,9,3,0,51,45,99,4
309,新宿４東,明治通り×甲州街道,R4/11,四谷,A 池袋,10,4,0,66,58,128,7
309,新宿４東,明治通り×甲州街道,R4/11,四谷,A 池袋,11,1,0,88,46,135,10
309,新宿４東,明治通り×甲州街道,R4/11,四谷,A 池袋,12,0,0,82,43,125,8
309,新宿４東,明治通り×甲州街道,R4/11,四谷,A 池袋,13,4,0,62,57,123,7
309,新宿４東,明治通り×甲州街道,R4/11,四谷,A 池袋,14,3,0,96,42,141,10
309,新宿４東,明治通り×甲州街道,R4/11,四谷,A 池袋,15,2,0,91,42,135,13
309,新宿４東,明治通り×甲州街道,R4/11,四谷,A 池袋,16,5,0,86,45,136,6
309,新宿４東,明治通り×甲州街道,R4/11,四谷,A 池袋,17,4,0,86,37,127,9
309,新宿４東,明治通り×甲州街道,R4/11,四谷,A 池袋,18,2,0,92,29,123,13
309,新宿４東,明治通り×甲州街道,R4/11,四谷,A 池袋,12時間計,33,0,856,513,1402,95
309,新宿４東,明治通り×甲州街道,R4/11,四谷,B 新宿駅,7,1,4,33,29,67,5
309,新宿４東,明治通り×甲州街道,R4/11,四谷,B 新宿駅,8,1,2,51,32,86,12
309,新宿４東,明治通り×甲州街道,R4/11,四谷,B 新宿駅,9,3,6,83,59,151,13
309,新宿４東,明治通り×甲州街道,R4/11,四谷,B 新宿駅,10,0,4,101,61,166,10
309,新宿４東,明治通り×甲州街道,R4/11,四谷,B 新宿駅,11,0,0,121,56,177,16
309,新宿４東,明治通り×甲州街道,R4/11,四谷,B 新宿駅,12,0,6,92,47,145,20
309,新宿４東,明治通り×甲州街道,R4/11,四谷,B 新宿駅,13,0,0,107,57,164,22
309,新宿４東,明治通り×甲州街道,R4/11,四谷,B 新宿駅,14,4,5,137,58,204,19
309,新宿４東,明治通り×甲州街道,R4/11,四谷,B 新宿駅,15,0,5,148,52,205,22
309,新宿４東,明治通り×甲州街道,R4/11,四谷,B 新宿駅,16,1,1,168,79,249,28
309,新宿４東,明治通り×甲州街道,R4/11,四谷,B 新宿駅,17,3,2,188,64,257,31
309,新宿４東,明治通り×甲州街道,R4/11,四谷,B 新宿駅,18,0,1,198,50,249,23
309,新宿４東,明治通り×甲州街道,R4/11,四谷,B 新宿駅,12時間計,13,36,1427,644,2120,221
309,新宿４東,明治通り×甲州街道,R4/11,四谷,C 四谷見附,7,1,0,83,39,123,24
309,新宿４東,明治通り×甲州街道,R4/11,四谷,C 四谷見附,8,0,0,96,74,170,32
309,新宿４東,明治通り×甲州街道,R4/11,四谷,C 四谷見附,9,1,0,109,63,173,41
309,新宿４東,明治通り×甲州街道,R4/11,四谷,C 四谷見附,10,2,0,108,82,192,28
309,新宿４東,明治通り×甲州街道,R4/11,四谷,C 四谷見附,11,2,0,100,70,172,24
309,新宿４東,明治通り×甲州街道,R4/11,四谷,C 四谷見附,12,1,0,107,67,175,18
309,新宿４東,明治通り×甲州街道,R4/11,四谷,C 四谷見附,13,2,0,136,64,202,30
309,新宿４東,明治通り×甲州街道,R4/11,四谷,C 四谷見附,14,2,0,118,83,203,31
309,新宿４東,明治通り×甲州街道,R4/11,四谷,C 四谷見附,15,3,0,124,64,191,29
309,新宿４東,明治通り×甲州街道,R4/11,四谷,C 四谷見附,16,0,0,140,51,191,21
309,新宿４東,明治通り×甲州街道,R4/11,四谷,C 四谷見附,17,1,0,153,32,186,16
309,新宿４東,明治通り×甲州街道,R4/11,四谷,C 四谷見附,18,2,0,144,31,177,11
309,新宿４東,明治通り×甲州街道,R4/11,四谷,C 四谷見附,12時間計,17,0,1418,720,2155,305
309,新宿４東,明治通り×甲州街道,R4/11,四谷,全方向合計,7,3,4,137,100,244,33
309,新宿４東,明治通り×甲州街道,R4/11,四谷,全方向合計,8,5,2,182,143,332,48
309,新宿４東,明治通り×甲州街道,R4/11,四谷,全方向合計,9,7,6,243,167,423,58
309,新宿４東,明治通り×甲州街道,R4/11,四谷,全方向合計,10,6,4,275,201,486,45
309,新宿４東,明治通り×甲州街道,R4/11,四谷,全方向合計,11,3,0,309,172,484,50
309,新宿４東,明治通り×甲州街道,R4/11,四谷,全方向合計,12,1,6,281,157,445,46
309,新宿４東,明治通り×甲州街道,R4/11,四谷,全方向合計,13,6,0,305,178,489,59
309,新宿４東,明治通り×甲州街道,R4/11,四谷,全方向合計,14,9,5,351,183,548,60
309,新宿４東,明治通り×甲州街道,R4/11,四谷,全方向合計,15,5,5,363,158,531,64
309,新宿４東,明治通り×甲州街道,R4/11,四谷,全方向合計,16,6,1,394,175,576,55
309,新宿４東,明治通り×甲州街道,R4/11,四谷,全方向合計,17,8,2,427,133,570,56
309,新宿４東,明治通り×甲州街道,R4/11,四谷,全方向合計,18,4,1,434,110,549,47
309,新宿４東,明治通り×甲州街道,R4/11,四谷,全方向合計,12時間計,63,36,3701,1877,5677,621
