﻿地点番号,地点名,交差道路名,調査年月,管轄警察署,流入方向,流出方向,時間帯等,大型乗用,大型貨物,普通乗用,普通貨物,四輪計,二輪車
309,新宿４東,明治通り×甲州街道,R4/11,四谷,A 池袋,1.四谷見附,7,0,0,7,7,14,1
309,新宿４東,明治通り×甲州街道,R4/11,四谷,A 池袋,1.四谷見附,8,0,0,10,17,27,3
309,新宿４東,明治通り×甲州街道,R4/11,四谷,A 池袋,1.四谷見附,9,0,0,22,12,34,5
309,新宿４東,明治通り×甲州街道,R4/11,四谷,A 池袋,1.四谷見附,10,0,0,16,20,36,4
309,新宿４東,明治通り×甲州街道,R4/11,四谷,A 池袋,1.四谷見附,11,0,0,12,22,34,2
309,新宿４東,明治通り×甲州街道,R4/11,四谷,A 池袋,1.四谷見附,12,0,0,23,17,40,1
309,新宿４東,明治通り×甲州街道,R4/11,四谷,A 池袋,1.四谷見附,13,0,0,26,19,45,5
309,新宿４東,明治通り×甲州街道,R4/11,四谷,A 池袋,1.四谷見附,14,0,0,34,27,61,6
309,新宿４東,明治通り×甲州街道,R4/11,四谷,A 池袋,1.四谷見附,15,0,0,25,18,43,3
309,新宿４東,明治通り×甲州街道,R4/11,四谷,A 池袋,1.四谷見附,16,0,0,22,11,33,3
309,新宿４東,明治通り×甲州街道,R4/11,四谷,A 池袋,1.四谷見附,17,0,0,25,1,26,2
309,新宿４東,明治通り×甲州街道,R4/11,四谷,A 池袋,1.四谷見附,18,0,0,15,6,21,0
309,新宿４東,明治通り×甲州街道,R4/11,四谷,A 池袋,1.四谷見附,12時間計,0,0,237,177,414,35
309,新宿４東,明治通り×甲州街道,R4/11,四谷,A 池袋,2.新宿駅,7,0,3,13,16,32,3
309,新宿４東,明治通り×甲州街道,R4/11,四谷,A 池袋,2.新宿駅,8,1,2,30,14,47,3
309,新宿４東,明治通り×甲州街道,R4/11,四谷,A 池袋,2.新宿駅,9,2,4,45,30,81,3
309,新宿４東,明治通り×甲州街道,R4/11,四谷,A 池袋,2.新宿駅,10,0,3,43,31,77,4
309,新宿４東,明治通り×甲州街道,R4/11,四谷,A 池袋,2.新宿駅,11,0,0,66,26,92,5
309,新宿４東,明治通り×甲州街道,R4/11,四谷,A 池袋,2.新宿駅,12,0,2,42,20,64,4
309,新宿４東,明治通り×甲州街道,R4/11,四谷,A 池袋,2.新宿駅,13,0,0,62,32,94,6
309,新宿４東,明治通り×甲州街道,R4/11,四谷,A 池袋,2.新宿駅,14,2,4,90,35,131,7
309,新宿４東,明治通り×甲州街道,R4/11,四谷,A 池袋,2.新宿駅,15,0,2,81,26,109,7
309,新宿４東,明治通り×甲州街道,R4/11,四谷,A 池袋,2.新宿駅,16,0,1,89,40,130,8
309,新宿４東,明治通り×甲州街道,R4/11,四谷,A 池袋,2.新宿駅,17,1,0,93,29,123,5
309,新宿４東,明治通り×甲州街道,R4/11,四谷,A 池袋,2.新宿駅,18,0,0,64,21,85,12
309,新宿４東,明治通り×甲州街道,R4/11,四谷,A 池袋,2.新宿駅,12時間計,6,21,718,320,1065,67
309,新宿４東,明治通り×甲州街道,R4/11,四谷,A 池袋,流入計,7,0,3,20,23,46,4
309,新宿４東,明治通り×甲州街道,R4/11,四谷,A 池袋,流入計,8,1,2,40,31,74,6
309,新宿４東,明治通り×甲州街道,R4/11,四谷,A 池袋,流入計,9,2,4,67,42,115,8
309,新宿４東,明治通り×甲州街道,R4/11,四谷,A 池袋,流入計,10,0,3,59,51,113,8
309,新宿４東,明治通り×甲州街道,R4/11,四谷,A 池袋,流入計,11,0,0,78,48,126,7
309,新宿４東,明治通り×甲州街道,R4/11,四谷,A 池袋,流入計,12,0,2,65,37,104,5
309,新宿４東,明治通り×甲州街道,R4/11,四谷,A 池袋,流入計,13,0,0,88,51,139,11
309,新宿４東,明治通り×甲州街道,R4/11,四谷,A 池袋,流入計,14,2,4,124,62,192,13
309,新宿４東,明治通り×甲州街道,R4/11,四谷,A 池袋,流入計,15,0,2,106,44,152,10
309,新宿４東,明治通り×甲州街道,R4/11,四谷,A 池袋,流入計,16,0,1,111,51,163,11
309,新宿４東,明治通り×甲州街道,R4/11,四谷,A 池袋,流入計,17,1,0,118,30,149,7
309,新宿４東,明治通り×甲州街道,R4/11,四谷,A 池袋,流入計,18,0,0,79,27,106,12
309,新宿４東,明治通り×甲州街道,R4/11,四谷,A 池袋,流入計,12時間計,6,21,955,497,1479,102
309,新宿４東,明治通り×甲州街道,R4/11,四谷,B 新宿駅,3.池袋,7,1,0,20,32,53,4
309,新宿４東,明治通り×甲州街道,R4/11,四谷,B 新宿駅,3.池袋,8,4,0,32,36,72,4
309,新宿４東,明治通り×甲州街道,R4/11,四谷,B 新宿駅,3.池袋,9,3,0,48,42,93,3
309,新宿４東,明治通り×甲州街道,R4/11,四谷,B 新宿駅,3.池袋,10,4,0,64,54,122,6
309,新宿４東,明治通り×甲州街道,R4/11,四谷,B 新宿駅,3.池袋,11,1,0,85,42,128,9
309,新宿４東,明治通り×甲州街道,R4/11,四谷,B 新宿駅,3.池袋,12,0,0,81,43,124,7
309,新宿４東,明治通り×甲州街道,R4/11,四谷,B 新宿駅,3.池袋,13,4,0,57,53,114,7
309,新宿４東,明治通り×甲州街道,R4/11,四谷,B 新宿駅,3.池袋,14,3,0,92,40,135,10
309,新宿４東,明治通り×甲州街道,R4/11,四谷,B 新宿駅,3.池袋,15,2,0,89,39,130,11
309,新宿４東,明治通り×甲州街道,R4/11,四谷,B 新宿駅,3.池袋,16,5,0,85,44,134,6
309,新宿４東,明治通り×甲州街道,R4/11,四谷,B 新宿駅,3.池袋,17,4,0,82,34,120,9
309,新宿４東,明治通り×甲州街道,R4/11,四谷,B 新宿駅,3.池袋,18,2,0,89,25,116,10
309,新宿４東,明治通り×甲州街道,R4/11,四谷,B 新宿駅,3.池袋,12時間計,33,0,824,484,1341,86
309,新宿４東,明治通り×甲州街道,R4/11,四谷,B 新宿駅,4.四谷見附,7,1,0,76,32,109,23
309,新宿４東,明治通り×甲州街道,R4/11,四谷,B 新宿駅,4.四谷見附,8,0,0,86,57,143,29
309,新宿４東,明治通り×甲州街道,R4/11,四谷,B 新宿駅,4.四谷見附,9,1,0,87,51,139,36
309,新宿４東,明治通り×甲州街道,R4/11,四谷,B 新宿駅,4.四谷見附,10,2,0,92,62,156,24
309,新宿４東,明治通り×甲州街道,R4/11,四谷,B 新宿駅,4.四谷見附,11,2,0,88,48,138,22
309,新宿４東,明治通り×甲州街道,R4/11,四谷,B 新宿駅,4.四谷見附,12,1,0,84,50,135,17
309,新宿４東,明治通り×甲州街道,R4/11,四谷,B 新宿駅,4.四谷見附,13,2,0,110,45,157,25
309,新宿４東,明治通り×甲州街道,R4/11,四谷,B 新宿駅,4.四谷見附,14,2,0,84,56,142,25
309,新宿４東,明治通り×甲州街道,R4/11,四谷,B 新宿駅,4.四谷見附,15,3,0,99,46,148,26
309,新宿４東,明治通り×甲州街道,R4/11,四谷,B 新宿駅,4.四谷見附,16,0,0,118,40,158,18
309,新宿４東,明治通り×甲州街道,R4/11,四谷,B 新宿駅,4.四谷見附,17,1,0,128,31,160,14
309,新宿４東,明治通り×甲州街道,R4/11,四谷,B 新宿駅,4.四谷見附,18,2,0,129,25,156,11
309,新宿４東,明治通り×甲州街道,R4/11,四谷,B 新宿駅,4.四谷見附,12時間計,17,0,1181,543,1741,270
309,新宿４東,明治通り×甲州街道,R4/11,四谷,B 新宿駅,流入計,7,2,0,96,64,162,27
309,新宿４東,明治通り×甲州街道,R4/11,四谷,B 新宿駅,流入計,8,4,0,118,93,215,33
309,新宿４東,明治通り×甲州街道,R4/11,四谷,B 新宿駅,流入計,9,4,0,135,93,232,39
309,新宿４東,明治通り×甲州街道,R4/11,四谷,B 新宿駅,流入計,10,6,0,156,116,278,30
309,新宿４東,明治通り×甲州街道,R4/11,四谷,B 新宿駅,流入計,11,3,0,173,90,266,31
309,新宿４東,明治通り×甲州街道,R4/11,四谷,B 新宿駅,流入計,12,1,0,165,93,259,24
309,新宿４東,明治通り×甲州街道,R4/11,四谷,B 新宿駅,流入計,13,6,0,167,98,271,32
309,新宿４東,明治通り×甲州街道,R4/11,四谷,B 新宿駅,流入計,14,5,0,176,96,277,35
309,新宿４東,明治通り×甲州街道,R4/11,四谷,B 新宿駅,流入計,15,5,0,188,85,278,37
309,新宿４東,明治通り×甲州街道,R4/11,四谷,B 新宿駅,流入計,16,5,0,203,84,292,24
309,新宿４東,明治通り×甲州街道,R4/11,四谷,B 新宿駅,流入計,17,5,0,210,65,280,23
309,新宿４東,明治通り×甲州街道,R4/11,四谷,B 新宿駅,流入計,18,4,0,218,50,272,21
309,新宿４東,明治通り×甲州街道,R4/11,四谷,B 新宿駅,流入計,12時間計,50,0,2005,1027,3082,356
309,新宿４東,明治通り×甲州街道,R4/11,四谷,C 四谷見附,5.新宿駅,7,1,1,20,13,35,2
309,新宿４東,明治通り×甲州街道,R4/11,四谷,C 四谷見附,5.新宿駅,8,0,0,21,18,39,9
309,新宿４東,明治通り×甲州街道,R4/11,四谷,C 四谷見附,5.新宿駅,9,1,2,38,29,70,10
309,新宿４東,明治通り×甲州街道,R4/11,四谷,C 四谷見附,5.新宿駅,10,0,1,58,30,89,6
309,新宿４東,明治通り×甲州街道,R4/11,四谷,C 四谷見附,5.新宿駅,11,0,0,55,30,85,11
309,新宿４東,明治通り×甲州街道,R4/11,四谷,C 四谷見附,5.新宿駅,12,0,4,50,27,81,16
309,新宿４東,明治通り×甲州街道,R4/11,四谷,C 四谷見附,5.新宿駅,13,0,0,45,25,70,16
309,新宿４東,明治通り×甲州街道,R4/11,四谷,C 四谷見附,5.新宿駅,14,2,1,47,23,73,12
309,新宿４東,明治通り×甲州街道,R4/11,四谷,C 四谷見附,5.新宿駅,15,0,3,67,26,96,15
309,新宿４東,明治通り×甲州街道,R4/11,四谷,C 四谷見附,5.新宿駅,16,1,0,79,39,119,20
309,新宿４東,明治通り×甲州街道,R4/11,四谷,C 四谷見附,5.新宿駅,17,2,2,95,35,134,26
309,新宿４東,明治通り×甲州街道,R4/11,四谷,C 四谷見附,5.新宿駅,18,0,1,134,29,164,11
309,新宿４東,明治通り×甲州街道,R4/11,四谷,C 四谷見附,5.新宿駅,12時間計,7,15,709,324,1055,154
309,新宿４東,明治通り×甲州街道,R4/11,四谷,C 四谷見附,6.池袋,7,0,0,1,0,1,0
309,新宿４東,明治通り×甲州街道,R4/11,四谷,C 四谷見附,6.池袋,8,0,0,3,1,4,0
309,新宿４東,明治通り×甲州街道,R4/11,四谷,C 四谷見附,6.池袋,9,0,0,3,3,6,1
309,新宿４東,明治通り×甲州街道,R4/11,四谷,C 四谷見附,6.池袋,10,0,0,2,4,6,1
309,新宿４東,明治通り×甲州街道,R4/11,四谷,C 四谷見附,6.池袋,11,0,0,3,4,7,1
309,新宿４東,明治通り×甲州街道,R4/11,四谷,C 四谷見附,6.池袋,12,0,0,1,0,1,1
309,新宿４東,明治通り×甲州街道,R4/11,四谷,C 四谷見附,6.池袋,13,0,0,5,4,9,0
309,新宿４東,明治通り×甲州街道,R4/11,四谷,C 四谷見附,6.池袋,14,0,0,4,2,6,0
309,新宿４東,明治通り×甲州街道,R4/11,四谷,C 四谷見附,6.池袋,15,0,0,2,3,5,2
309,新宿４東,明治通り×甲州街道,R4/11,四谷,C 四谷見附,6.池袋,16,0,0,1,1,2,0
309,新宿４東,明治通り×甲州街道,R4/11,四谷,C 四谷見附,6.池袋,17,0,0,4,3,7,0
309,新宿４東,明治通り×甲州街道,R4/11,四谷,C 四谷見附,6.池袋,18,0,0,3,4,7,3
309,新宿４東,明治通り×甲州街道,R4/11,四谷,C 四谷見附,6.池袋,12時間計,0,0,32,29,61,9
309,新宿４東,明治通り×甲州街道,R4/11,四谷,C 四谷見附,流入計,7,1,1,21,13,36,2
309,新宿４東,明治通り×甲州街道,R4/11,四谷,C 四谷見附,流入計,8,0,0,24,19,43,9
309,新宿４東,明治通り×甲州街道,R4/11,四谷,C 四谷見附,流入計,9,1,2,41,32,76,11
309,新宿４東,明治通り×甲州街道,R4/11,四谷,C 四谷見附,流入計,10,0,1,60,34,95,7
309,新宿４東,明治通り×甲州街道,R4/11,四谷,C 四谷見附,流入計,11,0,0,58,34,92,12
309,新宿４東,明治通り×甲州街道,R4/11,四谷,C 四谷見附,流入計,12,0,4,51,27,82,17
309,新宿４東,明治通り×甲州街道,R4/11,四谷,C 四谷見附,流入計,13,0,0,50,29,79,16
309,新宿４東,明治通り×甲州街道,R4/11,四谷,C 四谷見附,流入計,14,2,1,51,25,79,12
309,新宿４東,明治通り×甲州街道,R4/11,四谷,C 四谷見附,流入計,15,0,3,69,29,101,17
309,新宿４東,明治通り×甲州街道,R4/11,四谷,C 四谷見附,流入計,16,1,0,80,40,121,20
309,新宿４東,明治通り×甲州街道,R4/11,四谷,C 四谷見附,流入計,17,2,2,99,38,141,26
309,新宿４東,明治通り×甲州街道,R4/11,四谷,C 四谷見附,流入計,18,0,1,137,33,171,14
309,新宿４東,明治通り×甲州街道,R4/11,四谷,C 四谷見附,流入計,12時間計,7,15,741,353,1116,163
