﻿地点番号,地点名,交差道路名,調査年月,管轄警察署,流出方向,時間帯等,大型乗用,大型貨物,普通乗用,普通貨物,四輪計,二輪車
44,梅島陸橋,環七通り×日光街道,R4/11,西新井,A 草加,7,9,70,692,415,1186,110
44,梅島陸橋,環七通り×日光街道,R4/11,西新井,A 草加,8,23,84,739,380,1226,64
44,梅島陸橋,環七通り×日光街道,R4/11,西新井,A 草加,9,4,58,545,553,1160,53
44,梅島陸橋,環七通り×日光街道,R4/11,西新井,A 草加,10,9,60,561,559,1189,34
44,梅島陸橋,環七通り×日光街道,R4/11,西新井,A 草加,11,10,92,596,502,1200,46
44,梅島陸橋,環七通り×日光街道,R4/11,西新井,A 草加,12,8,81,696,594,1379,61
44,梅島陸橋,環七通り×日光街道,R4/11,西新井,A 草加,13,13,70,702,605,1390,39
44,梅島陸橋,環七通り×日光街道,R4/11,西新井,A 草加,14,17,67,647,483,1214,53
44,梅島陸橋,環七通り×日光街道,R4/11,西新井,A 草加,15,20,60,679,451,1210,76
44,梅島陸橋,環七通り×日光街道,R4/11,西新井,A 草加,16,21,53,757,465,1296,64
44,梅島陸橋,環七通り×日光街道,R4/11,西新井,A 草加,17,11,53,844,441,1349,104
44,梅島陸橋,環七通り×日光街道,R4/11,西新井,A 草加,18,13,46,875,502,1436,129
44,梅島陸橋,環七通り×日光街道,R4/11,西新井,A 草加,12時間計,158,794,8333,5950,15235,833
44,梅島陸橋,環七通り×日光街道,R4/11,西新井,B 板橋,7,9,59,693,636,1397,155
44,梅島陸橋,環七通り×日光街道,R4/11,西新井,B 板橋,8,8,46,638,580,1272,125
44,梅島陸橋,環七通り×日光街道,R4/11,西新井,B 板橋,9,17,53,626,590,1286,57
44,梅島陸橋,環七通り×日光街道,R4/11,西新井,B 板橋,10,9,100,676,648,1433,49
44,梅島陸橋,環七通り×日光街道,R4/11,西新井,B 板橋,11,11,99,763,690,1563,80
44,梅島陸橋,環七通り×日光街道,R4/11,西新井,B 板橋,12,6,64,644,549,1263,64
44,梅島陸橋,環七通り×日光街道,R4/11,西新井,B 板橋,13,5,62,634,547,1248,55
44,梅島陸橋,環七通り×日光街道,R4/11,西新井,B 板橋,14,6,64,657,626,1353,55
44,梅島陸橋,環七通り×日光街道,R4/11,西新井,B 板橋,15,9,48,713,562,1332,63
44,梅島陸橋,環七通り×日光街道,R4/11,西新井,B 板橋,16,14,39,958,575,1586,98
44,梅島陸橋,環七通り×日光街道,R4/11,西新井,B 板橋,17,12,35,1072,641,1760,144
44,梅島陸橋,環七通り×日光街道,R4/11,西新井,B 板橋,18,5,28,911,404,1348,97
44,梅島陸橋,環七通り×日光街道,R4/11,西新井,B 板橋,12時間計,111,697,8985,7048,16841,1042
44,梅島陸橋,環七通り×日光街道,R4/11,西新井,C 千住,7,19,63,609,757,1448,141
44,梅島陸橋,環七通り×日光街道,R4/11,西新井,C 千住,8,15,36,746,666,1463,129
44,梅島陸橋,環七通り×日光街道,R4/11,西新井,C 千住,9,12,90,785,551,1438,82
44,梅島陸橋,環七通り×日光街道,R4/11,西新井,C 千住,10,17,92,838,416,1363,74
44,梅島陸橋,環七通り×日光街道,R4/11,西新井,C 千住,11,9,110,769,387,1275,52
44,梅島陸橋,環七通り×日光街道,R4/11,西新井,C 千住,12,13,108,709,376,1206,75
44,梅島陸橋,環七通り×日光街道,R4/11,西新井,C 千住,13,14,68,664,435,1181,56
44,梅島陸橋,環七通り×日光街道,R4/11,西新井,C 千住,14,15,41,785,439,1280,53
44,梅島陸橋,環七通り×日光街道,R4/11,西新井,C 千住,15,16,21,807,475,1319,60
44,梅島陸橋,環七通り×日光街道,R4/11,西新井,C 千住,16,18,59,774,430,1281,67
44,梅島陸橋,環七通り×日光街道,R4/11,西新井,C 千住,17,14,69,950,417,1450,70
44,梅島陸橋,環七通り×日光街道,R4/11,西新井,C 千住,18,13,29,894,253,1189,92
44,梅島陸橋,環七通り×日光街道,R4/11,西新井,C 千住,12時間計,175,786,9330,5602,15893,951
44,梅島陸橋,環七通り×日光街道,R4/11,西新井,D 亀有,7,16,62,534,461,1073,105
44,梅島陸橋,環七通り×日光街道,R4/11,西新井,D 亀有,8,6,77,525,498,1106,78
44,梅島陸橋,環七通り×日光街道,R4/11,西新井,D 亀有,9,7,103,667,699,1476,55
44,梅島陸橋,環七通り×日光街道,R4/11,西新井,D 亀有,10,5,92,650,611,1358,59
44,梅島陸橋,環七通り×日光街道,R4/11,西新井,D 亀有,11,4,98,551,620,1273,52
44,梅島陸橋,環七通り×日光街道,R4/11,西新井,D 亀有,12,9,67,563,574,1213,35
44,梅島陸橋,環七通り×日光街道,R4/11,西新井,D 亀有,13,11,66,623,539,1239,45
44,梅島陸橋,環七通り×日光街道,R4/11,西新井,D 亀有,14,16,85,628,606,1335,55
44,梅島陸橋,環七通り×日光街道,R4/11,西新井,D 亀有,15,13,89,771,707,1580,81
44,梅島陸橋,環七通り×日光街道,R4/11,西新井,D 亀有,16,10,56,774,607,1447,72
44,梅島陸橋,環七通り×日光街道,R4/11,西新井,D 亀有,17,2,26,812,618,1458,146
44,梅島陸橋,環七通り×日光街道,R4/11,西新井,D 亀有,18,3,18,900,524,1445,148
44,梅島陸橋,環七通り×日光街道,R4/11,西新井,D 亀有,12時間計,102,839,7998,7064,16003,931
44,梅島陸橋,環七通り×日光街道,R4/11,西新井,全方向合計,7,53,254,2528,2269,5104,511
44,梅島陸橋,環七通り×日光街道,R4/11,西新井,全方向合計,8,52,243,2648,2124,5067,396
44,梅島陸橋,環七通り×日光街道,R4/11,西新井,全方向合計,9,40,304,2623,2393,5360,247
44,梅島陸橋,環七通り×日光街道,R4/11,西新井,全方向合計,10,40,344,2725,2234,5343,216
44,梅島陸橋,環七通り×日光街道,R4/11,西新井,全方向合計,11,34,399,2679,2199,5311,230
44,梅島陸橋,環七通り×日光街道,R4/11,西新井,全方向合計,12,36,320,2612,2093,5061,235
44,梅島陸橋,環七通り×日光街道,R4/11,西新井,全方向合計,13,43,266,2623,2126,5058,195
44,梅島陸橋,環七通り×日光街道,R4/11,西新井,全方向合計,14,54,257,2717,2154,5182,216
44,梅島陸橋,環七通り×日光街道,R4/11,西新井,全方向合計,15,58,218,2970,2195,5441,280
44,梅島陸橋,環七通り×日光街道,R4/11,西新井,全方向合計,16,63,207,3263,2077,5610,301
44,梅島陸橋,環七通り×日光街道,R4/11,西新井,全方向合計,17,39,183,3678,2117,6017,464
44,梅島陸橋,環七通り×日光街道,R4/11,西新井,全方向合計,18,34,121,3580,1683,5418,466
44,梅島陸橋,環七通り×日光街道,R4/11,西新井,全方向合計,12時間計,546,3116,34646,25664,63972,3757
