﻿地点番号,地点名,交差道路名,調査年月,管轄警察署,流出方向,時間帯等,大型乗用,大型貨物,普通乗用,普通貨物,四輪計,二輪車
318,江戸川,千葉街道×蔵前橋通り,R4/11,小岩,A 北小岩四丁目,7,0,0,8,6,14,2
318,江戸川,千葉街道×蔵前橋通り,R4/11,小岩,A 北小岩四丁目,8,1,0,6,4,11,1
318,江戸川,千葉街道×蔵前橋通り,R4/11,小岩,A 北小岩四丁目,9,1,0,16,14,31,1
318,江戸川,千葉街道×蔵前橋通り,R4/11,小岩,A 北小岩四丁目,10,0,0,14,10,24,2
318,江戸川,千葉街道×蔵前橋通り,R4/11,小岩,A 北小岩四丁目,11,0,0,17,8,25,0
318,江戸川,千葉街道×蔵前橋通り,R4/11,小岩,A 北小岩四丁目,12,0,0,21,15,36,3
318,江戸川,千葉街道×蔵前橋通り,R4/11,小岩,A 北小岩四丁目,13,0,0,15,18,33,2
318,江戸川,千葉街道×蔵前橋通り,R4/11,小岩,A 北小岩四丁目,14,0,0,18,10,28,4
318,江戸川,千葉街道×蔵前橋通り,R4/11,小岩,A 北小岩四丁目,15,0,0,18,2,20,2
318,江戸川,千葉街道×蔵前橋通り,R4/11,小岩,A 北小岩四丁目,16,3,0,28,7,38,4
318,江戸川,千葉街道×蔵前橋通り,R4/11,小岩,A 北小岩四丁目,17,1,0,18,9,28,3
318,江戸川,千葉街道×蔵前橋通り,R4/11,小岩,A 北小岩四丁目,18,0,0,25,32,57,3
318,江戸川,千葉街道×蔵前橋通り,R4/11,小岩,A 北小岩四丁目,12時間計,6,0,204,135,345,27
318,江戸川,千葉街道×蔵前橋通り,R4/11,小岩,B 新小岩,7,4,26,612,258,900,126
318,江戸川,千葉街道×蔵前橋通り,R4/11,小岩,B 新小岩,8,3,30,478,206,717,79
318,江戸川,千葉街道×蔵前橋通り,R4/11,小岩,B 新小岩,9,5,28,388,168,589,55
318,江戸川,千葉街道×蔵前橋通り,R4/11,小岩,B 新小岩,10,2,26,317,163,508,43
318,江戸川,千葉街道×蔵前橋通り,R4/11,小岩,B 新小岩,11,6,13,317,192,528,48
318,江戸川,千葉街道×蔵前橋通り,R4/11,小岩,B 新小岩,12,6,10,314,170,500,35
318,江戸川,千葉街道×蔵前橋通り,R4/11,小岩,B 新小岩,13,3,24,283,169,479,37
318,江戸川,千葉街道×蔵前橋通り,R4/11,小岩,B 新小岩,14,3,19,318,182,522,47
318,江戸川,千葉街道×蔵前橋通り,R4/11,小岩,B 新小岩,15,3,5,321,184,513,29
318,江戸川,千葉街道×蔵前橋通り,R4/11,小岩,B 新小岩,16,3,6,406,171,586,42
318,江戸川,千葉街道×蔵前橋通り,R4/11,小岩,B 新小岩,17,5,2,465,156,628,71
318,江戸川,千葉街道×蔵前橋通り,R4/11,小岩,B 新小岩,18,2,3,490,95,590,60
318,江戸川,千葉街道×蔵前橋通り,R4/11,小岩,B 新小岩,12時間計,45,192,4709,2114,7060,672
318,江戸川,千葉街道×蔵前橋通り,R4/11,小岩,C 小松川,7,0,16,370,179,565,93
318,江戸川,千葉街道×蔵前橋通り,R4/11,小岩,C 小松川,8,2,14,312,121,449,45
318,江戸川,千葉街道×蔵前橋通り,R4/11,小岩,C 小松川,9,0,15,207,99,321,23
318,江戸川,千葉街道×蔵前橋通り,R4/11,小岩,C 小松川,10,0,19,190,97,306,18
318,江戸川,千葉街道×蔵前橋通り,R4/11,小岩,C 小松川,11,0,14,160,70,244,22
318,江戸川,千葉街道×蔵前橋通り,R4/11,小岩,C 小松川,12,0,18,166,80,264,23
318,江戸川,千葉街道×蔵前橋通り,R4/11,小岩,C 小松川,13,0,10,168,89,267,18
318,江戸川,千葉街道×蔵前橋通り,R4/11,小岩,C 小松川,14,2,8,169,87,266,23
318,江戸川,千葉街道×蔵前橋通り,R4/11,小岩,C 小松川,15,2,7,206,86,301,25
318,江戸川,千葉街道×蔵前橋通り,R4/11,小岩,C 小松川,16,1,6,225,76,308,22
318,江戸川,千葉街道×蔵前橋通り,R4/11,小岩,C 小松川,17,0,11,213,58,282,24
318,江戸川,千葉街道×蔵前橋通り,R4/11,小岩,C 小松川,18,0,4,190,76,270,35
318,江戸川,千葉街道×蔵前橋通り,R4/11,小岩,C 小松川,12時間計,7,142,2576,1118,3843,371
318,江戸川,千葉街道×蔵前橋通り,R4/11,小岩,D 市川橋,7,5,7,529,222,763,64
318,江戸川,千葉街道×蔵前橋通り,R4/11,小岩,D 市川橋,8,6,7,545,295,853,57
318,江戸川,千葉街道×蔵前橋通り,R4/11,小岩,D 市川橋,9,3,28,429,298,758,41
318,江戸川,千葉街道×蔵前橋通り,R4/11,小岩,D 市川橋,10,4,16,401,326,747,40
318,江戸川,千葉街道×蔵前橋通り,R4/11,小岩,D 市川橋,11,5,18,475,240,738,37
318,江戸川,千葉街道×蔵前橋通り,R4/11,小岩,D 市川橋,12,4,13,477,235,729,46
318,江戸川,千葉街道×蔵前橋通り,R4/11,小岩,D 市川橋,13,11,16,444,203,674,53
318,江戸川,千葉街道×蔵前橋通り,R4/11,小岩,D 市川橋,14,2,14,481,275,772,52
318,江戸川,千葉街道×蔵前橋通り,R4/11,小岩,D 市川橋,15,3,15,397,416,831,73
318,江戸川,千葉街道×蔵前橋通り,R4/11,小岩,D 市川橋,16,2,12,567,414,995,84
318,江戸川,千葉街道×蔵前橋通り,R4/11,小岩,D 市川橋,17,3,9,916,244,1172,158
318,江戸川,千葉街道×蔵前橋通り,R4/11,小岩,D 市川橋,18,4,2,849,203,1058,132
318,江戸川,千葉街道×蔵前橋通り,R4/11,小岩,D 市川橋,12時間計,52,157,6510,3371,10090,837
318,江戸川,千葉街道×蔵前橋通り,R4/11,小岩,E 京成江戸川駅,7,0,0,31,11,42,9
318,江戸川,千葉街道×蔵前橋通り,R4/11,小岩,E 京成江戸川駅,8,0,0,33,17,50,5
318,江戸川,千葉街道×蔵前橋通り,R4/11,小岩,E 京成江戸川駅,9,1,0,18,41,60,3
318,江戸川,千葉街道×蔵前橋通り,R4/11,小岩,E 京成江戸川駅,10,0,0,21,27,48,3
318,江戸川,千葉街道×蔵前橋通り,R4/11,小岩,E 京成江戸川駅,11,0,1,29,13,43,7
318,江戸川,千葉街道×蔵前橋通り,R4/11,小岩,E 京成江戸川駅,12,1,0,26,19,46,5
318,江戸川,千葉街道×蔵前橋通り,R4/11,小岩,E 京成江戸川駅,13,0,0,25,8,33,3
318,江戸川,千葉街道×蔵前橋通り,R4/11,小岩,E 京成江戸川駅,14,0,0,26,12,38,5
318,江戸川,千葉街道×蔵前橋通り,R4/11,小岩,E 京成江戸川駅,15,0,0,20,28,48,8
318,江戸川,千葉街道×蔵前橋通り,R4/11,小岩,E 京成江戸川駅,16,0,0,28,25,53,7
318,江戸川,千葉街道×蔵前橋通り,R4/11,小岩,E 京成江戸川駅,17,0,0,54,22,76,4
318,江戸川,千葉街道×蔵前橋通り,R4/11,小岩,E 京成江戸川駅,18,0,0,50,18,68,15
318,江戸川,千葉街道×蔵前橋通り,R4/11,小岩,E 京成江戸川駅,12時間計,2,1,361,241,605,74
318,江戸川,千葉街道×蔵前橋通り,R4/11,小岩,全方向合計,7,9,49,1550,676,2284,294
318,江戸川,千葉街道×蔵前橋通り,R4/11,小岩,全方向合計,8,12,51,1374,643,2080,187
318,江戸川,千葉街道×蔵前橋通り,R4/11,小岩,全方向合計,9,10,71,1058,620,1759,123
318,江戸川,千葉街道×蔵前橋通り,R4/11,小岩,全方向合計,10,6,61,943,623,1633,106
318,江戸川,千葉街道×蔵前橋通り,R4/11,小岩,全方向合計,11,11,46,998,523,1578,114
318,江戸川,千葉街道×蔵前橋通り,R4/11,小岩,全方向合計,12,11,41,1004,519,1575,112
318,江戸川,千葉街道×蔵前橋通り,R4/11,小岩,全方向合計,13,14,50,935,487,1486,113
318,江戸川,千葉街道×蔵前橋通り,R4/11,小岩,全方向合計,14,7,41,1012,566,1626,131
318,江戸川,千葉街道×蔵前橋通り,R4/11,小岩,全方向合計,15,8,27,962,716,1713,137
318,江戸川,千葉街道×蔵前橋通り,R4/11,小岩,全方向合計,16,9,24,1254,693,1980,159
318,江戸川,千葉街道×蔵前橋通り,R4/11,小岩,全方向合計,17,9,22,1666,489,2186,260
318,江戸川,千葉街道×蔵前橋通り,R4/11,小岩,全方向合計,18,6,9,1604,424,2043,245
318,江戸川,千葉街道×蔵前橋通り,R4/11,小岩,全方向合計,12時間計,112,492,14360,6979,21943,1981
