﻿地点番号,地点名,交差道路名,調査年月,管轄警察署,流入方向,流出方向,時間帯等,車道通行自転車,歩道通行自転車,自転車計
318,江戸川,千葉街道×蔵前橋通り,R4/11,小岩,A 北小岩四丁目,1京成江戸川駅,7,0,-,-
318,江戸川,千葉街道×蔵前橋通り,R4/11,小岩,A 北小岩四丁目,1京成江戸川駅,8,0,-,-
318,江戸川,千葉街道×蔵前橋通り,R4/11,小岩,A 北小岩四丁目,1京成江戸川駅,9,0,-,-
318,江戸川,千葉街道×蔵前橋通り,R4/11,小岩,A 北小岩四丁目,1京成江戸川駅,10,0,-,-
318,江戸川,千葉街道×蔵前橋通り,R4/11,小岩,A 北小岩四丁目,1京成江戸川駅,11,0,-,-
318,江戸川,千葉街道×蔵前橋通り,R4/11,小岩,A 北小岩四丁目,1京成江戸川駅,12,0,-,-
318,江戸川,千葉街道×蔵前橋通り,R4/11,小岩,A 北小岩四丁目,1京成江戸川駅,13,0,-,-
318,江戸川,千葉街道×蔵前橋通り,R4/11,小岩,A 北小岩四丁目,1京成江戸川駅,14,0,-,-
318,江戸川,千葉街道×蔵前橋通り,R4/11,小岩,A 北小岩四丁目,1京成江戸川駅,15,0,-,-
318,江戸川,千葉街道×蔵前橋通り,R4/11,小岩,A 北小岩四丁目,1京成江戸川駅,16,0,-,-
318,江戸川,千葉街道×蔵前橋通り,R4/11,小岩,A 北小岩四丁目,1京成江戸川駅,17,0,-,-
318,江戸川,千葉街道×蔵前橋通り,R4/11,小岩,A 北小岩四丁目,1京成江戸川駅,18,0,-,-
318,江戸川,千葉街道×蔵前橋通り,R4/11,小岩,A 北小岩四丁目,1京成江戸川駅,12時間計,0,-,-
318,江戸川,千葉街道×蔵前橋通り,R4/11,小岩,A 北小岩四丁目,2市川橋,7,0,-,-
318,江戸川,千葉街道×蔵前橋通り,R4/11,小岩,A 北小岩四丁目,2市川橋,8,0,-,-
318,江戸川,千葉街道×蔵前橋通り,R4/11,小岩,A 北小岩四丁目,2市川橋,9,0,-,-
318,江戸川,千葉街道×蔵前橋通り,R4/11,小岩,A 北小岩四丁目,2市川橋,10,1,-,-
318,江戸川,千葉街道×蔵前橋通り,R4/11,小岩,A 北小岩四丁目,2市川橋,11,1,-,-
318,江戸川,千葉街道×蔵前橋通り,R4/11,小岩,A 北小岩四丁目,2市川橋,12,0,-,-
318,江戸川,千葉街道×蔵前橋通り,R4/11,小岩,A 北小岩四丁目,2市川橋,13,0,-,-
318,江戸川,千葉街道×蔵前橋通り,R4/11,小岩,A 北小岩四丁目,2市川橋,14,0,-,-
318,江戸川,千葉街道×蔵前橋通り,R4/11,小岩,A 北小岩四丁目,2市川橋,15,0,-,-
318,江戸川,千葉街道×蔵前橋通り,R4/11,小岩,A 北小岩四丁目,2市川橋,16,0,-,-
318,江戸川,千葉街道×蔵前橋通り,R4/11,小岩,A 北小岩四丁目,2市川橋,17,3,-,-
318,江戸川,千葉街道×蔵前橋通り,R4/11,小岩,A 北小岩四丁目,2市川橋,18,1,-,-
318,江戸川,千葉街道×蔵前橋通り,R4/11,小岩,A 北小岩四丁目,2市川橋,12時間計,6,-,-
318,江戸川,千葉街道×蔵前橋通り,R4/11,小岩,A 北小岩四丁目,3小松川,7,0,-,-
318,江戸川,千葉街道×蔵前橋通り,R4/11,小岩,A 北小岩四丁目,3小松川,8,2,-,-
318,江戸川,千葉街道×蔵前橋通り,R4/11,小岩,A 北小岩四丁目,3小松川,9,0,-,-
318,江戸川,千葉街道×蔵前橋通り,R4/11,小岩,A 北小岩四丁目,3小松川,10,0,-,-
318,江戸川,千葉街道×蔵前橋通り,R4/11,小岩,A 北小岩四丁目,3小松川,11,0,-,-
318,江戸川,千葉街道×蔵前橋通り,R4/11,小岩,A 北小岩四丁目,3小松川,12,1,-,-
318,江戸川,千葉街道×蔵前橋通り,R4/11,小岩,A 北小岩四丁目,3小松川,13,0,-,-
318,江戸川,千葉街道×蔵前橋通り,R4/11,小岩,A 北小岩四丁目,3小松川,14,0,-,-
318,江戸川,千葉街道×蔵前橋通り,R4/11,小岩,A 北小岩四丁目,3小松川,15,1,-,-
318,江戸川,千葉街道×蔵前橋通り,R4/11,小岩,A 北小岩四丁目,3小松川,16,2,-,-
318,江戸川,千葉街道×蔵前橋通り,R4/11,小岩,A 北小岩四丁目,3小松川,17,0,-,-
318,江戸川,千葉街道×蔵前橋通り,R4/11,小岩,A 北小岩四丁目,3小松川,18,0,-,-
318,江戸川,千葉街道×蔵前橋通り,R4/11,小岩,A 北小岩四丁目,3小松川,12時間計,6,-,-
318,江戸川,千葉街道×蔵前橋通り,R4/11,小岩,A 北小岩四丁目,4新小岩,7,0,-,-
318,江戸川,千葉街道×蔵前橋通り,R4/11,小岩,A 北小岩四丁目,4新小岩,8,0,-,-
318,江戸川,千葉街道×蔵前橋通り,R4/11,小岩,A 北小岩四丁目,4新小岩,9,0,-,-
318,江戸川,千葉街道×蔵前橋通り,R4/11,小岩,A 北小岩四丁目,4新小岩,10,0,-,-
318,江戸川,千葉街道×蔵前橋通り,R4/11,小岩,A 北小岩四丁目,4新小岩,11,2,-,-
318,江戸川,千葉街道×蔵前橋通り,R4/11,小岩,A 北小岩四丁目,4新小岩,12,1,-,-
318,江戸川,千葉街道×蔵前橋通り,R4/11,小岩,A 北小岩四丁目,4新小岩,13,0,-,-
318,江戸川,千葉街道×蔵前橋通り,R4/11,小岩,A 北小岩四丁目,4新小岩,14,3,-,-
318,江戸川,千葉街道×蔵前橋通り,R4/11,小岩,A 北小岩四丁目,4新小岩,15,5,-,-
318,江戸川,千葉街道×蔵前橋通り,R4/11,小岩,A 北小岩四丁目,4新小岩,16,5,-,-
318,江戸川,千葉街道×蔵前橋通り,R4/11,小岩,A 北小岩四丁目,4新小岩,17,1,-,-
318,江戸川,千葉街道×蔵前橋通り,R4/11,小岩,A 北小岩四丁目,4新小岩,18,1,-,-
318,江戸川,千葉街道×蔵前橋通り,R4/11,小岩,A 北小岩四丁目,4新小岩,12時間計,18,-,-
318,江戸川,千葉街道×蔵前橋通り,R4/11,小岩,A 北小岩四丁目,流入計,7,0,23,23
318,江戸川,千葉街道×蔵前橋通り,R4/11,小岩,A 北小岩四丁目,流入計,8,2,45,47
318,江戸川,千葉街道×蔵前橋通り,R4/11,小岩,A 北小岩四丁目,流入計,9,0,37,37
318,江戸川,千葉街道×蔵前橋通り,R4/11,小岩,A 北小岩四丁目,流入計,10,1,12,13
318,江戸川,千葉街道×蔵前橋通り,R4/11,小岩,A 北小岩四丁目,流入計,11,3,18,21
318,江戸川,千葉街道×蔵前橋通り,R4/11,小岩,A 北小岩四丁目,流入計,12,2,16,18
318,江戸川,千葉街道×蔵前橋通り,R4/11,小岩,A 北小岩四丁目,流入計,13,0,18,18
318,江戸川,千葉街道×蔵前橋通り,R4/11,小岩,A 北小岩四丁目,流入計,14,3,16,19
318,江戸川,千葉街道×蔵前橋通り,R4/11,小岩,A 北小岩四丁目,流入計,15,6,9,15
318,江戸川,千葉街道×蔵前橋通り,R4/11,小岩,A 北小岩四丁目,流入計,16,7,5,12
318,江戸川,千葉街道×蔵前橋通り,R4/11,小岩,A 北小岩四丁目,流入計,17,4,7,11
318,江戸川,千葉街道×蔵前橋通り,R4/11,小岩,A 北小岩四丁目,流入計,18,2,20,22
318,江戸川,千葉街道×蔵前橋通り,R4/11,小岩,A 北小岩四丁目,流入計,12時間計,30,226,256
318,江戸川,千葉街道×蔵前橋通り,R4/11,小岩,B 新小岩,5北小岩四丁目,7,0,-,-
318,江戸川,千葉街道×蔵前橋通り,R4/11,小岩,B 新小岩,5北小岩四丁目,8,0,-,-
318,江戸川,千葉街道×蔵前橋通り,R4/11,小岩,B 新小岩,5北小岩四丁目,9,0,-,-
318,江戸川,千葉街道×蔵前橋通り,R4/11,小岩,B 新小岩,5北小岩四丁目,10,0,-,-
318,江戸川,千葉街道×蔵前橋通り,R4/11,小岩,B 新小岩,5北小岩四丁目,11,0,-,-
318,江戸川,千葉街道×蔵前橋通り,R4/11,小岩,B 新小岩,5北小岩四丁目,12,0,-,-
318,江戸川,千葉街道×蔵前橋通り,R4/11,小岩,B 新小岩,5北小岩四丁目,13,0,-,-
318,江戸川,千葉街道×蔵前橋通り,R4/11,小岩,B 新小岩,5北小岩四丁目,14,1,-,-
318,江戸川,千葉街道×蔵前橋通り,R4/11,小岩,B 新小岩,5北小岩四丁目,15,0,-,-
318,江戸川,千葉街道×蔵前橋通り,R4/11,小岩,B 新小岩,5北小岩四丁目,16,0,-,-
318,江戸川,千葉街道×蔵前橋通り,R4/11,小岩,B 新小岩,5北小岩四丁目,17,0,-,-
318,江戸川,千葉街道×蔵前橋通り,R4/11,小岩,B 新小岩,5北小岩四丁目,18,0,-,-
318,江戸川,千葉街道×蔵前橋通り,R4/11,小岩,B 新小岩,5北小岩四丁目,12時間計,1,-,-
318,江戸川,千葉街道×蔵前橋通り,R4/11,小岩,B 新小岩,6京成江戸川駅,7,0,-,-
318,江戸川,千葉街道×蔵前橋通り,R4/11,小岩,B 新小岩,6京成江戸川駅,8,0,-,-
318,江戸川,千葉街道×蔵前橋通り,R4/11,小岩,B 新小岩,6京成江戸川駅,9,0,-,-
318,江戸川,千葉街道×蔵前橋通り,R4/11,小岩,B 新小岩,6京成江戸川駅,10,0,-,-
318,江戸川,千葉街道×蔵前橋通り,R4/11,小岩,B 新小岩,6京成江戸川駅,11,0,-,-
318,江戸川,千葉街道×蔵前橋通り,R4/11,小岩,B 新小岩,6京成江戸川駅,12,0,-,-
318,江戸川,千葉街道×蔵前橋通り,R4/11,小岩,B 新小岩,6京成江戸川駅,13,0,-,-
318,江戸川,千葉街道×蔵前橋通り,R4/11,小岩,B 新小岩,6京成江戸川駅,14,0,-,-
318,江戸川,千葉街道×蔵前橋通り,R4/11,小岩,B 新小岩,6京成江戸川駅,15,0,-,-
318,江戸川,千葉街道×蔵前橋通り,R4/11,小岩,B 新小岩,6京成江戸川駅,16,0,-,-
318,江戸川,千葉街道×蔵前橋通り,R4/11,小岩,B 新小岩,6京成江戸川駅,17,1,-,-
318,江戸川,千葉街道×蔵前橋通り,R4/11,小岩,B 新小岩,6京成江戸川駅,18,0,-,-
318,江戸川,千葉街道×蔵前橋通り,R4/11,小岩,B 新小岩,6京成江戸川駅,12時間計,1,-,-
318,江戸川,千葉街道×蔵前橋通り,R4/11,小岩,B 新小岩,7市川橋,7,21,-,-
318,江戸川,千葉街道×蔵前橋通り,R4/11,小岩,B 新小岩,7市川橋,8,16,-,-
318,江戸川,千葉街道×蔵前橋通り,R4/11,小岩,B 新小岩,7市川橋,9,4,-,-
318,江戸川,千葉街道×蔵前橋通り,R4/11,小岩,B 新小岩,7市川橋,10,9,-,-
318,江戸川,千葉街道×蔵前橋通り,R4/11,小岩,B 新小岩,7市川橋,11,3,-,-
318,江戸川,千葉街道×蔵前橋通り,R4/11,小岩,B 新小岩,7市川橋,12,8,-,-
318,江戸川,千葉街道×蔵前橋通り,R4/11,小岩,B 新小岩,7市川橋,13,12,-,-
318,江戸川,千葉街道×蔵前橋通り,R4/11,小岩,B 新小岩,7市川橋,14,6,-,-
318,江戸川,千葉街道×蔵前橋通り,R4/11,小岩,B 新小岩,7市川橋,15,11,-,-
318,江戸川,千葉街道×蔵前橋通り,R4/11,小岩,B 新小岩,7市川橋,16,8,-,-
318,江戸川,千葉街道×蔵前橋通り,R4/11,小岩,B 新小岩,7市川橋,17,15,-,-
318,江戸川,千葉街道×蔵前橋通り,R4/11,小岩,B 新小岩,7市川橋,18,14,-,-
318,江戸川,千葉街道×蔵前橋通り,R4/11,小岩,B 新小岩,7市川橋,12時間計,127,-,-
318,江戸川,千葉街道×蔵前橋通り,R4/11,小岩,B 新小岩,8小松川,7,0,-,-
318,江戸川,千葉街道×蔵前橋通り,R4/11,小岩,B 新小岩,8小松川,8,0,-,-
318,江戸川,千葉街道×蔵前橋通り,R4/11,小岩,B 新小岩,8小松川,9,0,-,-
318,江戸川,千葉街道×蔵前橋通り,R4/11,小岩,B 新小岩,8小松川,10,0,-,-
318,江戸川,千葉街道×蔵前橋通り,R4/11,小岩,B 新小岩,8小松川,11,0,-,-
318,江戸川,千葉街道×蔵前橋通り,R4/11,小岩,B 新小岩,8小松川,12,0,-,-
318,江戸川,千葉街道×蔵前橋通り,R4/11,小岩,B 新小岩,8小松川,13,0,-,-
318,江戸川,千葉街道×蔵前橋通り,R4/11,小岩,B 新小岩,8小松川,14,0,-,-
318,江戸川,千葉街道×蔵前橋通り,R4/11,小岩,B 新小岩,8小松川,15,0,-,-
318,江戸川,千葉街道×蔵前橋通り,R4/11,小岩,B 新小岩,8小松川,16,0,-,-
318,江戸川,千葉街道×蔵前橋通り,R4/11,小岩,B 新小岩,8小松川,17,0,-,-
318,江戸川,千葉街道×蔵前橋通り,R4/11,小岩,B 新小岩,8小松川,18,0,-,-
318,江戸川,千葉街道×蔵前橋通り,R4/11,小岩,B 新小岩,8小松川,12時間計,0,-,-
318,江戸川,千葉街道×蔵前橋通り,R4/11,小岩,B 新小岩,流入計,7,21,21,42
318,江戸川,千葉街道×蔵前橋通り,R4/11,小岩,B 新小岩,流入計,8,16,40,56
318,江戸川,千葉街道×蔵前橋通り,R4/11,小岩,B 新小岩,流入計,9,4,26,30
318,江戸川,千葉街道×蔵前橋通り,R4/11,小岩,B 新小岩,流入計,10,9,31,40
318,江戸川,千葉街道×蔵前橋通り,R4/11,小岩,B 新小岩,流入計,11,3,18,21
318,江戸川,千葉街道×蔵前橋通り,R4/11,小岩,B 新小岩,流入計,12,8,22,30
318,江戸川,千葉街道×蔵前橋通り,R4/11,小岩,B 新小岩,流入計,13,12,23,35
318,江戸川,千葉街道×蔵前橋通り,R4/11,小岩,B 新小岩,流入計,14,7,18,25
318,江戸川,千葉街道×蔵前橋通り,R4/11,小岩,B 新小岩,流入計,15,11,27,38
318,江戸川,千葉街道×蔵前橋通り,R4/11,小岩,B 新小岩,流入計,16,8,20,28
318,江戸川,千葉街道×蔵前橋通り,R4/11,小岩,B 新小岩,流入計,17,16,16,32
318,江戸川,千葉街道×蔵前橋通り,R4/11,小岩,B 新小岩,流入計,18,14,26,40
318,江戸川,千葉街道×蔵前橋通り,R4/11,小岩,B 新小岩,流入計,12時間計,129,288,417
318,江戸川,千葉街道×蔵前橋通り,R4/11,小岩,C 小松川,9新小岩,7,0,-,-
318,江戸川,千葉街道×蔵前橋通り,R4/11,小岩,C 小松川,9新小岩,8,1,-,-
318,江戸川,千葉街道×蔵前橋通り,R4/11,小岩,C 小松川,9新小岩,9,0,-,-
318,江戸川,千葉街道×蔵前橋通り,R4/11,小岩,C 小松川,9新小岩,10,0,-,-
318,江戸川,千葉街道×蔵前橋通り,R4/11,小岩,C 小松川,9新小岩,11,0,-,-
318,江戸川,千葉街道×蔵前橋通り,R4/11,小岩,C 小松川,9新小岩,12,2,-,-
318,江戸川,千葉街道×蔵前橋通り,R4/11,小岩,C 小松川,9新小岩,13,0,-,-
318,江戸川,千葉街道×蔵前橋通り,R4/11,小岩,C 小松川,9新小岩,14,0,-,-
318,江戸川,千葉街道×蔵前橋通り,R4/11,小岩,C 小松川,9新小岩,15,3,-,-
318,江戸川,千葉街道×蔵前橋通り,R4/11,小岩,C 小松川,9新小岩,16,0,-,-
318,江戸川,千葉街道×蔵前橋通り,R4/11,小岩,C 小松川,9新小岩,17,2,-,-
318,江戸川,千葉街道×蔵前橋通り,R4/11,小岩,C 小松川,9新小岩,18,0,-,-
318,江戸川,千葉街道×蔵前橋通り,R4/11,小岩,C 小松川,9新小岩,12時間計,8,-,-
318,江戸川,千葉街道×蔵前橋通り,R4/11,小岩,C 小松川,10北小岩四丁目,7,3,-,-
318,江戸川,千葉街道×蔵前橋通り,R4/11,小岩,C 小松川,10北小岩四丁目,8,0,-,-
318,江戸川,千葉街道×蔵前橋通り,R4/11,小岩,C 小松川,10北小岩四丁目,9,0,-,-
318,江戸川,千葉街道×蔵前橋通り,R4/11,小岩,C 小松川,10北小岩四丁目,10,1,-,-
318,江戸川,千葉街道×蔵前橋通り,R4/11,小岩,C 小松川,10北小岩四丁目,11,1,-,-
318,江戸川,千葉街道×蔵前橋通り,R4/11,小岩,C 小松川,10北小岩四丁目,12,2,-,-
318,江戸川,千葉街道×蔵前橋通り,R4/11,小岩,C 小松川,10北小岩四丁目,13,2,-,-
318,江戸川,千葉街道×蔵前橋通り,R4/11,小岩,C 小松川,10北小岩四丁目,14,0,-,-
318,江戸川,千葉街道×蔵前橋通り,R4/11,小岩,C 小松川,10北小岩四丁目,15,0,-,-
318,江戸川,千葉街道×蔵前橋通り,R4/11,小岩,C 小松川,10北小岩四丁目,16,6,-,-
318,江戸川,千葉街道×蔵前橋通り,R4/11,小岩,C 小松川,10北小岩四丁目,17,10,-,-
318,江戸川,千葉街道×蔵前橋通り,R4/11,小岩,C 小松川,10北小岩四丁目,18,5,-,-
318,江戸川,千葉街道×蔵前橋通り,R4/11,小岩,C 小松川,10北小岩四丁目,12時間計,30,-,-
318,江戸川,千葉街道×蔵前橋通り,R4/11,小岩,C 小松川,11京成江戸川駅,7,0,-,-
318,江戸川,千葉街道×蔵前橋通り,R4/11,小岩,C 小松川,11京成江戸川駅,8,9,-,-
318,江戸川,千葉街道×蔵前橋通り,R4/11,小岩,C 小松川,11京成江戸川駅,9,1,-,-
318,江戸川,千葉街道×蔵前橋通り,R4/11,小岩,C 小松川,11京成江戸川駅,10,3,-,-
318,江戸川,千葉街道×蔵前橋通り,R4/11,小岩,C 小松川,11京成江戸川駅,11,0,-,-
318,江戸川,千葉街道×蔵前橋通り,R4/11,小岩,C 小松川,11京成江戸川駅,12,1,-,-
318,江戸川,千葉街道×蔵前橋通り,R4/11,小岩,C 小松川,11京成江戸川駅,13,0,-,-
318,江戸川,千葉街道×蔵前橋通り,R4/11,小岩,C 小松川,11京成江戸川駅,14,6,-,-
318,江戸川,千葉街道×蔵前橋通り,R4/11,小岩,C 小松川,11京成江戸川駅,15,3,-,-
318,江戸川,千葉街道×蔵前橋通り,R4/11,小岩,C 小松川,11京成江戸川駅,16,3,-,-
318,江戸川,千葉街道×蔵前橋通り,R4/11,小岩,C 小松川,11京成江戸川駅,17,13,-,-
318,江戸川,千葉街道×蔵前橋通り,R4/11,小岩,C 小松川,11京成江戸川駅,18,7,-,-
318,江戸川,千葉街道×蔵前橋通り,R4/11,小岩,C 小松川,11京成江戸川駅,12時間計,46,-,-
318,江戸川,千葉街道×蔵前橋通り,R4/11,小岩,C 小松川,12市川橋,7,6,-,-
318,江戸川,千葉街道×蔵前橋通り,R4/11,小岩,C 小松川,12市川橋,8,10,-,-
318,江戸川,千葉街道×蔵前橋通り,R4/11,小岩,C 小松川,12市川橋,9,4,-,-
318,江戸川,千葉街道×蔵前橋通り,R4/11,小岩,C 小松川,12市川橋,10,11,-,-
318,江戸川,千葉街道×蔵前橋通り,R4/11,小岩,C 小松川,12市川橋,11,0,-,-
318,江戸川,千葉街道×蔵前橋通り,R4/11,小岩,C 小松川,12市川橋,12,2,-,-
318,江戸川,千葉街道×蔵前橋通り,R4/11,小岩,C 小松川,12市川橋,13,1,-,-
318,江戸川,千葉街道×蔵前橋通り,R4/11,小岩,C 小松川,12市川橋,14,2,-,-
318,江戸川,千葉街道×蔵前橋通り,R4/11,小岩,C 小松川,12市川橋,15,9,-,-
318,江戸川,千葉街道×蔵前橋通り,R4/11,小岩,C 小松川,12市川橋,16,10,-,-
318,江戸川,千葉街道×蔵前橋通り,R4/11,小岩,C 小松川,12市川橋,17,5,-,-
318,江戸川,千葉街道×蔵前橋通り,R4/11,小岩,C 小松川,12市川橋,18,2,-,-
318,江戸川,千葉街道×蔵前橋通り,R4/11,小岩,C 小松川,12市川橋,12時間計,62,-,-
318,江戸川,千葉街道×蔵前橋通り,R4/11,小岩,C 小松川,流入計,7,9,17,26
318,江戸川,千葉街道×蔵前橋通り,R4/11,小岩,C 小松川,流入計,8,20,27,47
318,江戸川,千葉街道×蔵前橋通り,R4/11,小岩,C 小松川,流入計,9,5,22,27
318,江戸川,千葉街道×蔵前橋通り,R4/11,小岩,C 小松川,流入計,10,15,24,39
318,江戸川,千葉街道×蔵前橋通り,R4/11,小岩,C 小松川,流入計,11,1,13,14
318,江戸川,千葉街道×蔵前橋通り,R4/11,小岩,C 小松川,流入計,12,7,17,24
318,江戸川,千葉街道×蔵前橋通り,R4/11,小岩,C 小松川,流入計,13,3,24,27
318,江戸川,千葉街道×蔵前橋通り,R4/11,小岩,C 小松川,流入計,14,8,17,25
318,江戸川,千葉街道×蔵前橋通り,R4/11,小岩,C 小松川,流入計,15,15,16,31
318,江戸川,千葉街道×蔵前橋通り,R4/11,小岩,C 小松川,流入計,16,19,31,50
318,江戸川,千葉街道×蔵前橋通り,R4/11,小岩,C 小松川,流入計,17,30,47,77
318,江戸川,千葉街道×蔵前橋通り,R4/11,小岩,C 小松川,流入計,18,14,48,62
318,江戸川,千葉街道×蔵前橋通り,R4/11,小岩,C 小松川,流入計,12時間計,146,303,449
318,江戸川,千葉街道×蔵前橋通り,R4/11,小岩,D 市川橋,13小松川,7,0,-,-
318,江戸川,千葉街道×蔵前橋通り,R4/11,小岩,D 市川橋,13小松川,8,1,-,-
318,江戸川,千葉街道×蔵前橋通り,R4/11,小岩,D 市川橋,13小松川,9,1,-,-
318,江戸川,千葉街道×蔵前橋通り,R4/11,小岩,D 市川橋,13小松川,10,0,-,-
318,江戸川,千葉街道×蔵前橋通り,R4/11,小岩,D 市川橋,13小松川,11,0,-,-
318,江戸川,千葉街道×蔵前橋通り,R4/11,小岩,D 市川橋,13小松川,12,0,-,-
318,江戸川,千葉街道×蔵前橋通り,R4/11,小岩,D 市川橋,13小松川,13,1,-,-
318,江戸川,千葉街道×蔵前橋通り,R4/11,小岩,D 市川橋,13小松川,14,0,-,-
318,江戸川,千葉街道×蔵前橋通り,R4/11,小岩,D 市川橋,13小松川,15,0,-,-
318,江戸川,千葉街道×蔵前橋通り,R4/11,小岩,D 市川橋,13小松川,16,0,-,-
318,江戸川,千葉街道×蔵前橋通り,R4/11,小岩,D 市川橋,13小松川,17,0,-,-
318,江戸川,千葉街道×蔵前橋通り,R4/11,小岩,D 市川橋,13小松川,18,2,-,-
318,江戸川,千葉街道×蔵前橋通り,R4/11,小岩,D 市川橋,13小松川,12時間計,5,-,-
318,江戸川,千葉街道×蔵前橋通り,R4/11,小岩,D 市川橋,14新小岩,7,17,-,-
318,江戸川,千葉街道×蔵前橋通り,R4/11,小岩,D 市川橋,14新小岩,8,12,-,-
318,江戸川,千葉街道×蔵前橋通り,R4/11,小岩,D 市川橋,14新小岩,9,5,-,-
318,江戸川,千葉街道×蔵前橋通り,R4/11,小岩,D 市川橋,14新小岩,10,3,-,-
318,江戸川,千葉街道×蔵前橋通り,R4/11,小岩,D 市川橋,14新小岩,11,8,-,-
318,江戸川,千葉街道×蔵前橋通り,R4/11,小岩,D 市川橋,14新小岩,12,3,-,-
318,江戸川,千葉街道×蔵前橋通り,R4/11,小岩,D 市川橋,14新小岩,13,5,-,-
318,江戸川,千葉街道×蔵前橋通り,R4/11,小岩,D 市川橋,14新小岩,14,2,-,-
318,江戸川,千葉街道×蔵前橋通り,R4/11,小岩,D 市川橋,14新小岩,15,3,-,-
318,江戸川,千葉街道×蔵前橋通り,R4/11,小岩,D 市川橋,14新小岩,16,8,-,-
318,江戸川,千葉街道×蔵前橋通り,R4/11,小岩,D 市川橋,14新小岩,17,9,-,-
318,江戸川,千葉街道×蔵前橋通り,R4/11,小岩,D 市川橋,14新小岩,18,9,-,-
318,江戸川,千葉街道×蔵前橋通り,R4/11,小岩,D 市川橋,14新小岩,12時間計,84,-,-
318,江戸川,千葉街道×蔵前橋通り,R4/11,小岩,D 市川橋,15北小岩四丁目,7,0,-,-
318,江戸川,千葉街道×蔵前橋通り,R4/11,小岩,D 市川橋,15北小岩四丁目,8,0,-,-
318,江戸川,千葉街道×蔵前橋通り,R4/11,小岩,D 市川橋,15北小岩四丁目,9,0,-,-
318,江戸川,千葉街道×蔵前橋通り,R4/11,小岩,D 市川橋,15北小岩四丁目,10,0,-,-
318,江戸川,千葉街道×蔵前橋通り,R4/11,小岩,D 市川橋,15北小岩四丁目,11,0,-,-
318,江戸川,千葉街道×蔵前橋通り,R4/11,小岩,D 市川橋,15北小岩四丁目,12,0,-,-
318,江戸川,千葉街道×蔵前橋通り,R4/11,小岩,D 市川橋,15北小岩四丁目,13,0,-,-
318,江戸川,千葉街道×蔵前橋通り,R4/11,小岩,D 市川橋,15北小岩四丁目,14,0,-,-
318,江戸川,千葉街道×蔵前橋通り,R4/11,小岩,D 市川橋,15北小岩四丁目,15,0,-,-
318,江戸川,千葉街道×蔵前橋通り,R4/11,小岩,D 市川橋,15北小岩四丁目,16,0,-,-
318,江戸川,千葉街道×蔵前橋通り,R4/11,小岩,D 市川橋,15北小岩四丁目,17,0,-,-
318,江戸川,千葉街道×蔵前橋通り,R4/11,小岩,D 市川橋,15北小岩四丁目,18,0,-,-
318,江戸川,千葉街道×蔵前橋通り,R4/11,小岩,D 市川橋,15北小岩四丁目,12時間計,0,-,-
318,江戸川,千葉街道×蔵前橋通り,R4/11,小岩,D 市川橋,16京成江戸川駅,7,0,-,-
318,江戸川,千葉街道×蔵前橋通り,R4/11,小岩,D 市川橋,16京成江戸川駅,8,0,-,-
318,江戸川,千葉街道×蔵前橋通り,R4/11,小岩,D 市川橋,16京成江戸川駅,9,0,-,-
318,江戸川,千葉街道×蔵前橋通り,R4/11,小岩,D 市川橋,16京成江戸川駅,10,0,-,-
318,江戸川,千葉街道×蔵前橋通り,R4/11,小岩,D 市川橋,16京成江戸川駅,11,0,-,-
318,江戸川,千葉街道×蔵前橋通り,R4/11,小岩,D 市川橋,16京成江戸川駅,12,0,-,-
318,江戸川,千葉街道×蔵前橋通り,R4/11,小岩,D 市川橋,16京成江戸川駅,13,0,-,-
318,江戸川,千葉街道×蔵前橋通り,R4/11,小岩,D 市川橋,16京成江戸川駅,14,0,-,-
318,江戸川,千葉街道×蔵前橋通り,R4/11,小岩,D 市川橋,16京成江戸川駅,15,0,-,-
318,江戸川,千葉街道×蔵前橋通り,R4/11,小岩,D 市川橋,16京成江戸川駅,16,0,-,-
318,江戸川,千葉街道×蔵前橋通り,R4/11,小岩,D 市川橋,16京成江戸川駅,17,1,-,-
318,江戸川,千葉街道×蔵前橋通り,R4/11,小岩,D 市川橋,16京成江戸川駅,18,0,-,-
318,江戸川,千葉街道×蔵前橋通り,R4/11,小岩,D 市川橋,16京成江戸川駅,12時間計,1,-,-
318,江戸川,千葉街道×蔵前橋通り,R4/11,小岩,D 市川橋,流入計,7,17,25,42
318,江戸川,千葉街道×蔵前橋通り,R4/11,小岩,D 市川橋,流入計,8,13,24,37
318,江戸川,千葉街道×蔵前橋通り,R4/11,小岩,D 市川橋,流入計,9,6,13,19
318,江戸川,千葉街道×蔵前橋通り,R4/11,小岩,D 市川橋,流入計,10,3,10,13
318,江戸川,千葉街道×蔵前橋通り,R4/11,小岩,D 市川橋,流入計,11,8,9,17
318,江戸川,千葉街道×蔵前橋通り,R4/11,小岩,D 市川橋,流入計,12,3,16,19
318,江戸川,千葉街道×蔵前橋通り,R4/11,小岩,D 市川橋,流入計,13,6,12,18
318,江戸川,千葉街道×蔵前橋通り,R4/11,小岩,D 市川橋,流入計,14,2,16,18
318,江戸川,千葉街道×蔵前橋通り,R4/11,小岩,D 市川橋,流入計,15,3,22,25
318,江戸川,千葉街道×蔵前橋通り,R4/11,小岩,D 市川橋,流入計,16,8,12,20
318,江戸川,千葉街道×蔵前橋通り,R4/11,小岩,D 市川橋,流入計,17,10,18,28
318,江戸川,千葉街道×蔵前橋通り,R4/11,小岩,D 市川橋,流入計,18,11,22,33
318,江戸川,千葉街道×蔵前橋通り,R4/11,小岩,D 市川橋,流入計,12時間計,90,199,289
318,江戸川,千葉街道×蔵前橋通り,R4/11,小岩,E 京成江戸川駅,流入計,7,0,4,4
318,江戸川,千葉街道×蔵前橋通り,R4/11,小岩,E 京成江戸川駅,流入計,8,0,1,1
318,江戸川,千葉街道×蔵前橋通り,R4/11,小岩,E 京成江戸川駅,流入計,9,0,3,3
318,江戸川,千葉街道×蔵前橋通り,R4/11,小岩,E 京成江戸川駅,流入計,10,0,3,3
318,江戸川,千葉街道×蔵前橋通り,R4/11,小岩,E 京成江戸川駅,流入計,11,0,1,1
318,江戸川,千葉街道×蔵前橋通り,R4/11,小岩,E 京成江戸川駅,流入計,12,0,3,3
318,江戸川,千葉街道×蔵前橋通り,R4/11,小岩,E 京成江戸川駅,流入計,13,0,4,4
318,江戸川,千葉街道×蔵前橋通り,R4/11,小岩,E 京成江戸川駅,流入計,14,0,3,3
318,江戸川,千葉街道×蔵前橋通り,R4/11,小岩,E 京成江戸川駅,流入計,15,0,4,4
318,江戸川,千葉街道×蔵前橋通り,R4/11,小岩,E 京成江戸川駅,流入計,16,0,2,2
318,江戸川,千葉街道×蔵前橋通り,R4/11,小岩,E 京成江戸川駅,流入計,17,0,2,2
318,江戸川,千葉街道×蔵前橋通り,R4/11,小岩,E 京成江戸川駅,流入計,18,0,2,2
318,江戸川,千葉街道×蔵前橋通り,R4/11,小岩,E 京成江戸川駅,流入計,12時間計,0,32,32
318,江戸川,千葉街道×蔵前橋通り,R4/11,小岩,全方向計,全方向計,7,47,90,137
318,江戸川,千葉街道×蔵前橋通り,R4/11,小岩,全方向計,全方向計,8,51,137,188
318,江戸川,千葉街道×蔵前橋通り,R4/11,小岩,全方向計,全方向計,9,15,101,116
318,江戸川,千葉街道×蔵前橋通り,R4/11,小岩,全方向計,全方向計,10,28,80,108
318,江戸川,千葉街道×蔵前橋通り,R4/11,小岩,全方向計,全方向計,11,15,59,74
318,江戸川,千葉街道×蔵前橋通り,R4/11,小岩,全方向計,全方向計,12,20,74,94
318,江戸川,千葉街道×蔵前橋通り,R4/11,小岩,全方向計,全方向計,13,21,81,102
318,江戸川,千葉街道×蔵前橋通り,R4/11,小岩,全方向計,全方向計,14,20,70,90
318,江戸川,千葉街道×蔵前橋通り,R4/11,小岩,全方向計,全方向計,15,35,78,113
318,江戸川,千葉街道×蔵前橋通り,R4/11,小岩,全方向計,全方向計,16,42,70,112
318,江戸川,千葉街道×蔵前橋通り,R4/11,小岩,全方向計,全方向計,17,60,90,150
318,江戸川,千葉街道×蔵前橋通り,R4/11,小岩,全方向計,全方向計,18,41,118,159
318,江戸川,千葉街道×蔵前橋通り,R4/11,小岩,全方向計,全方向計,12時間計,395,1048,1443
