﻿地点番号,地点名,交差道路名,調査年月,管轄警察署,流入方向,流出方向,時間帯等,車道通行自転車,歩道通行自転車,自転車計
13,札の辻,（明治通り）×第一京浜,R4/11,三田,A 赤羽橋,1新橋,7,1,-,-
13,札の辻,（明治通り）×第一京浜,R4/11,三田,A 赤羽橋,1新橋,8,7,-,-
13,札の辻,（明治通り）×第一京浜,R4/11,三田,A 赤羽橋,1新橋,9,2,-,-
13,札の辻,（明治通り）×第一京浜,R4/11,三田,A 赤羽橋,1新橋,10,6,-,-
13,札の辻,（明治通り）×第一京浜,R4/11,三田,A 赤羽橋,1新橋,11,7,-,-
13,札の辻,（明治通り）×第一京浜,R4/11,三田,A 赤羽橋,1新橋,12,9,-,-
13,札の辻,（明治通り）×第一京浜,R4/11,三田,A 赤羽橋,1新橋,13,6,-,-
13,札の辻,（明治通り）×第一京浜,R4/11,三田,A 赤羽橋,1新橋,14,5,-,-
13,札の辻,（明治通り）×第一京浜,R4/11,三田,A 赤羽橋,1新橋,15,3,-,-
13,札の辻,（明治通り）×第一京浜,R4/11,三田,A 赤羽橋,1新橋,16,4,-,-
13,札の辻,（明治通り）×第一京浜,R4/11,三田,A 赤羽橋,1新橋,17,11,-,-
13,札の辻,（明治通り）×第一京浜,R4/11,三田,A 赤羽橋,1新橋,18,12,-,-
13,札の辻,（明治通り）×第一京浜,R4/11,三田,A 赤羽橋,1新橋,12時間計,73,-,-
13,札の辻,（明治通り）×第一京浜,R4/11,三田,A 赤羽橋,2芝浦,7,19,-,-
13,札の辻,（明治通り）×第一京浜,R4/11,三田,A 赤羽橋,2芝浦,8,30,-,-
13,札の辻,（明治通り）×第一京浜,R4/11,三田,A 赤羽橋,2芝浦,9,29,-,-
13,札の辻,（明治通り）×第一京浜,R4/11,三田,A 赤羽橋,2芝浦,10,17,-,-
13,札の辻,（明治通り）×第一京浜,R4/11,三田,A 赤羽橋,2芝浦,11,11,-,-
13,札の辻,（明治通り）×第一京浜,R4/11,三田,A 赤羽橋,2芝浦,12,33,-,-
13,札の辻,（明治通り）×第一京浜,R4/11,三田,A 赤羽橋,2芝浦,13,12,-,-
13,札の辻,（明治通り）×第一京浜,R4/11,三田,A 赤羽橋,2芝浦,14,14,-,-
13,札の辻,（明治通り）×第一京浜,R4/11,三田,A 赤羽橋,2芝浦,15,17,-,-
13,札の辻,（明治通り）×第一京浜,R4/11,三田,A 赤羽橋,2芝浦,16,12,-,-
13,札の辻,（明治通り）×第一京浜,R4/11,三田,A 赤羽橋,2芝浦,17,46,-,-
13,札の辻,（明治通り）×第一京浜,R4/11,三田,A 赤羽橋,2芝浦,18,23,-,-
13,札の辻,（明治通り）×第一京浜,R4/11,三田,A 赤羽橋,2芝浦,12時間計,263,-,-
13,札の辻,（明治通り）×第一京浜,R4/11,三田,A 赤羽橋,3品川,7,0,-,-
13,札の辻,（明治通り）×第一京浜,R4/11,三田,A 赤羽橋,3品川,8,0,-,-
13,札の辻,（明治通り）×第一京浜,R4/11,三田,A 赤羽橋,3品川,9,0,-,-
13,札の辻,（明治通り）×第一京浜,R4/11,三田,A 赤羽橋,3品川,10,1,-,-
13,札の辻,（明治通り）×第一京浜,R4/11,三田,A 赤羽橋,3品川,11,1,-,-
13,札の辻,（明治通り）×第一京浜,R4/11,三田,A 赤羽橋,3品川,12,0,-,-
13,札の辻,（明治通り）×第一京浜,R4/11,三田,A 赤羽橋,3品川,13,0,-,-
13,札の辻,（明治通り）×第一京浜,R4/11,三田,A 赤羽橋,3品川,14,0,-,-
13,札の辻,（明治通り）×第一京浜,R4/11,三田,A 赤羽橋,3品川,15,0,-,-
13,札の辻,（明治通り）×第一京浜,R4/11,三田,A 赤羽橋,3品川,16,0,-,-
13,札の辻,（明治通り）×第一京浜,R4/11,三田,A 赤羽橋,3品川,17,2,-,-
13,札の辻,（明治通り）×第一京浜,R4/11,三田,A 赤羽橋,3品川,18,1,-,-
13,札の辻,（明治通り）×第一京浜,R4/11,三田,A 赤羽橋,3品川,12時間計,5,-,-
13,札の辻,（明治通り）×第一京浜,R4/11,三田,A 赤羽橋,流入計,7,20,36,56
13,札の辻,（明治通り）×第一京浜,R4/11,三田,A 赤羽橋,流入計,8,37,46,83
13,札の辻,（明治通り）×第一京浜,R4/11,三田,A 赤羽橋,流入計,9,31,70,101
13,札の辻,（明治通り）×第一京浜,R4/11,三田,A 赤羽橋,流入計,10,24,48,72
13,札の辻,（明治通り）×第一京浜,R4/11,三田,A 赤羽橋,流入計,11,19,39,58
13,札の辻,（明治通り）×第一京浜,R4/11,三田,A 赤羽橋,流入計,12,42,46,88
13,札の辻,（明治通り）×第一京浜,R4/11,三田,A 赤羽橋,流入計,13,18,68,86
13,札の辻,（明治通り）×第一京浜,R4/11,三田,A 赤羽橋,流入計,14,19,76,95
13,札の辻,（明治通り）×第一京浜,R4/11,三田,A 赤羽橋,流入計,15,20,51,71
13,札の辻,（明治通り）×第一京浜,R4/11,三田,A 赤羽橋,流入計,16,16,97,113
13,札の辻,（明治通り）×第一京浜,R4/11,三田,A 赤羽橋,流入計,17,59,94,153
13,札の辻,（明治通り）×第一京浜,R4/11,三田,A 赤羽橋,流入計,18,36,76,112
13,札の辻,（明治通り）×第一京浜,R4/11,三田,A 赤羽橋,流入計,12時間計,341,747,1088
13,札の辻,（明治通り）×第一京浜,R4/11,三田,B 品川,4赤羽橋,7,27,-,-
13,札の辻,（明治通り）×第一京浜,R4/11,三田,B 品川,4赤羽橋,8,27,-,-
13,札の辻,（明治通り）×第一京浜,R4/11,三田,B 品川,4赤羽橋,9,10,-,-
13,札の辻,（明治通り）×第一京浜,R4/11,三田,B 品川,4赤羽橋,10,12,-,-
13,札の辻,（明治通り）×第一京浜,R4/11,三田,B 品川,4赤羽橋,11,14,-,-
13,札の辻,（明治通り）×第一京浜,R4/11,三田,B 品川,4赤羽橋,12,12,-,-
13,札の辻,（明治通り）×第一京浜,R4/11,三田,B 品川,4赤羽橋,13,15,-,-
13,札の辻,（明治通り）×第一京浜,R4/11,三田,B 品川,4赤羽橋,14,8,-,-
13,札の辻,（明治通り）×第一京浜,R4/11,三田,B 品川,4赤羽橋,15,4,-,-
13,札の辻,（明治通り）×第一京浜,R4/11,三田,B 品川,4赤羽橋,16,6,-,-
13,札の辻,（明治通り）×第一京浜,R4/11,三田,B 品川,4赤羽橋,17,9,-,-
13,札の辻,（明治通り）×第一京浜,R4/11,三田,B 品川,4赤羽橋,18,19,-,-
13,札の辻,（明治通り）×第一京浜,R4/11,三田,B 品川,4赤羽橋,12時間計,163,-,-
13,札の辻,（明治通り）×第一京浜,R4/11,三田,B 品川,5新橋,7,16,-,-
13,札の辻,（明治通り）×第一京浜,R4/11,三田,B 品川,5新橋,8,37,-,-
13,札の辻,（明治通り）×第一京浜,R4/11,三田,B 品川,5新橋,9,25,-,-
13,札の辻,（明治通り）×第一京浜,R4/11,三田,B 品川,5新橋,10,17,-,-
13,札の辻,（明治通り）×第一京浜,R4/11,三田,B 品川,5新橋,11,16,-,-
13,札の辻,（明治通り）×第一京浜,R4/11,三田,B 品川,5新橋,12,11,-,-
13,札の辻,（明治通り）×第一京浜,R4/11,三田,B 品川,5新橋,13,14,-,-
13,札の辻,（明治通り）×第一京浜,R4/11,三田,B 品川,5新橋,14,10,-,-
13,札の辻,（明治通り）×第一京浜,R4/11,三田,B 品川,5新橋,15,4,-,-
13,札の辻,（明治通り）×第一京浜,R4/11,三田,B 品川,5新橋,16,2,-,-
13,札の辻,（明治通り）×第一京浜,R4/11,三田,B 品川,5新橋,17,12,-,-
13,札の辻,（明治通り）×第一京浜,R4/11,三田,B 品川,5新橋,18,18,-,-
13,札の辻,（明治通り）×第一京浜,R4/11,三田,B 品川,5新橋,12時間計,182,-,-
13,札の辻,（明治通り）×第一京浜,R4/11,三田,B 品川,6芝浦,7,0,-,-
13,札の辻,（明治通り）×第一京浜,R4/11,三田,B 品川,6芝浦,8,0,-,-
13,札の辻,（明治通り）×第一京浜,R4/11,三田,B 品川,6芝浦,9,0,-,-
13,札の辻,（明治通り）×第一京浜,R4/11,三田,B 品川,6芝浦,10,0,-,-
13,札の辻,（明治通り）×第一京浜,R4/11,三田,B 品川,6芝浦,11,0,-,-
13,札の辻,（明治通り）×第一京浜,R4/11,三田,B 品川,6芝浦,12,0,-,-
13,札の辻,（明治通り）×第一京浜,R4/11,三田,B 品川,6芝浦,13,0,-,-
13,札の辻,（明治通り）×第一京浜,R4/11,三田,B 品川,6芝浦,14,0,-,-
13,札の辻,（明治通り）×第一京浜,R4/11,三田,B 品川,6芝浦,15,0,-,-
13,札の辻,（明治通り）×第一京浜,R4/11,三田,B 品川,6芝浦,16,0,-,-
13,札の辻,（明治通り）×第一京浜,R4/11,三田,B 品川,6芝浦,17,0,-,-
13,札の辻,（明治通り）×第一京浜,R4/11,三田,B 品川,6芝浦,18,0,-,-
13,札の辻,（明治通り）×第一京浜,R4/11,三田,B 品川,6芝浦,12時間計,0,-,-
13,札の辻,（明治通り）×第一京浜,R4/11,三田,B 品川,流入計,7,43,21,64
13,札の辻,（明治通り）×第一京浜,R4/11,三田,B 品川,流入計,8,64,43,107
13,札の辻,（明治通り）×第一京浜,R4/11,三田,B 品川,流入計,9,35,71,106
13,札の辻,（明治通り）×第一京浜,R4/11,三田,B 品川,流入計,10,29,62,91
13,札の辻,（明治通り）×第一京浜,R4/11,三田,B 品川,流入計,11,30,46,76
13,札の辻,（明治通り）×第一京浜,R4/11,三田,B 品川,流入計,12,23,40,63
13,札の辻,（明治通り）×第一京浜,R4/11,三田,B 品川,流入計,13,29,51,80
13,札の辻,（明治通り）×第一京浜,R4/11,三田,B 品川,流入計,14,18,49,67
13,札の辻,（明治通り）×第一京浜,R4/11,三田,B 品川,流入計,15,8,44,52
13,札の辻,（明治通り）×第一京浜,R4/11,三田,B 品川,流入計,16,8,71,79
13,札の辻,（明治通り）×第一京浜,R4/11,三田,B 品川,流入計,17,21,53,74
13,札の辻,（明治通り）×第一京浜,R4/11,三田,B 品川,流入計,18,37,35,72
13,札の辻,（明治通り）×第一京浜,R4/11,三田,B 品川,流入計,12時間計,345,586,931
13,札の辻,（明治通り）×第一京浜,R4/11,三田,C 芝浦,7品川,7,1,-,-
13,札の辻,（明治通り）×第一京浜,R4/11,三田,C 芝浦,7品川,8,1,-,-
13,札の辻,（明治通り）×第一京浜,R4/11,三田,C 芝浦,7品川,9,1,-,-
13,札の辻,（明治通り）×第一京浜,R4/11,三田,C 芝浦,7品川,10,3,-,-
13,札の辻,（明治通り）×第一京浜,R4/11,三田,C 芝浦,7品川,11,1,-,-
13,札の辻,（明治通り）×第一京浜,R4/11,三田,C 芝浦,7品川,12,1,-,-
13,札の辻,（明治通り）×第一京浜,R4/11,三田,C 芝浦,7品川,13,1,-,-
13,札の辻,（明治通り）×第一京浜,R4/11,三田,C 芝浦,7品川,14,1,-,-
13,札の辻,（明治通り）×第一京浜,R4/11,三田,C 芝浦,7品川,15,2,-,-
13,札の辻,（明治通り）×第一京浜,R4/11,三田,C 芝浦,7品川,16,0,-,-
13,札の辻,（明治通り）×第一京浜,R4/11,三田,C 芝浦,7品川,17,1,-,-
13,札の辻,（明治通り）×第一京浜,R4/11,三田,C 芝浦,7品川,18,1,-,-
13,札の辻,（明治通り）×第一京浜,R4/11,三田,C 芝浦,7品川,12時間計,14,-,-
13,札の辻,（明治通り）×第一京浜,R4/11,三田,C 芝浦,8赤羽橋,7,64,-,-
13,札の辻,（明治通り）×第一京浜,R4/11,三田,C 芝浦,8赤羽橋,8,81,-,-
13,札の辻,（明治通り）×第一京浜,R4/11,三田,C 芝浦,8赤羽橋,9,77,-,-
13,札の辻,（明治通り）×第一京浜,R4/11,三田,C 芝浦,8赤羽橋,10,64,-,-
13,札の辻,（明治通り）×第一京浜,R4/11,三田,C 芝浦,8赤羽橋,11,44,-,-
13,札の辻,（明治通り）×第一京浜,R4/11,三田,C 芝浦,8赤羽橋,12,53,-,-
13,札の辻,（明治通り）×第一京浜,R4/11,三田,C 芝浦,8赤羽橋,13,46,-,-
13,札の辻,（明治通り）×第一京浜,R4/11,三田,C 芝浦,8赤羽橋,14,46,-,-
13,札の辻,（明治通り）×第一京浜,R4/11,三田,C 芝浦,8赤羽橋,15,51,-,-
13,札の辻,（明治通り）×第一京浜,R4/11,三田,C 芝浦,8赤羽橋,16,54,-,-
13,札の辻,（明治通り）×第一京浜,R4/11,三田,C 芝浦,8赤羽橋,17,48,-,-
13,札の辻,（明治通り）×第一京浜,R4/11,三田,C 芝浦,8赤羽橋,18,39,-,-
13,札の辻,（明治通り）×第一京浜,R4/11,三田,C 芝浦,8赤羽橋,12時間計,667,-,-
13,札の辻,（明治通り）×第一京浜,R4/11,三田,C 芝浦,9新橋,7,0,-,-
13,札の辻,（明治通り）×第一京浜,R4/11,三田,C 芝浦,9新橋,8,7,-,-
13,札の辻,（明治通り）×第一京浜,R4/11,三田,C 芝浦,9新橋,9,0,-,-
13,札の辻,（明治通り）×第一京浜,R4/11,三田,C 芝浦,9新橋,10,0,-,-
13,札の辻,（明治通り）×第一京浜,R4/11,三田,C 芝浦,9新橋,11,0,-,-
13,札の辻,（明治通り）×第一京浜,R4/11,三田,C 芝浦,9新橋,12,0,-,-
13,札の辻,（明治通り）×第一京浜,R4/11,三田,C 芝浦,9新橋,13,1,-,-
13,札の辻,（明治通り）×第一京浜,R4/11,三田,C 芝浦,9新橋,14,0,-,-
13,札の辻,（明治通り）×第一京浜,R4/11,三田,C 芝浦,9新橋,15,0,-,-
13,札の辻,（明治通り）×第一京浜,R4/11,三田,C 芝浦,9新橋,16,0,-,-
13,札の辻,（明治通り）×第一京浜,R4/11,三田,C 芝浦,9新橋,17,0,-,-
13,札の辻,（明治通り）×第一京浜,R4/11,三田,C 芝浦,9新橋,18,0,-,-
13,札の辻,（明治通り）×第一京浜,R4/11,三田,C 芝浦,9新橋,12時間計,8,-,-
13,札の辻,（明治通り）×第一京浜,R4/11,三田,C 芝浦,流入計,7,65,28,93
13,札の辻,（明治通り）×第一京浜,R4/11,三田,C 芝浦,流入計,8,89,40,129
13,札の辻,（明治通り）×第一京浜,R4/11,三田,C 芝浦,流入計,9,78,80,158
13,札の辻,（明治通り）×第一京浜,R4/11,三田,C 芝浦,流入計,10,67,65,132
13,札の辻,（明治通り）×第一京浜,R4/11,三田,C 芝浦,流入計,11,45,50,95
13,札の辻,（明治通り）×第一京浜,R4/11,三田,C 芝浦,流入計,12,54,51,105
13,札の辻,（明治通り）×第一京浜,R4/11,三田,C 芝浦,流入計,13,48,53,101
13,札の辻,（明治通り）×第一京浜,R4/11,三田,C 芝浦,流入計,14,47,70,117
13,札の辻,（明治通り）×第一京浜,R4/11,三田,C 芝浦,流入計,15,53,72,125
13,札の辻,（明治通り）×第一京浜,R4/11,三田,C 芝浦,流入計,16,54,90,144
13,札の辻,（明治通り）×第一京浜,R4/11,三田,C 芝浦,流入計,17,49,72,121
13,札の辻,（明治通り）×第一京浜,R4/11,三田,C 芝浦,流入計,18,40,50,90
13,札の辻,（明治通り）×第一京浜,R4/11,三田,C 芝浦,流入計,12時間計,689,721,1410
13,札の辻,（明治通り）×第一京浜,R4/11,三田,D 新橋,10芝浦,7,1,-,-
13,札の辻,（明治通り）×第一京浜,R4/11,三田,D 新橋,10芝浦,8,14,-,-
13,札の辻,（明治通り）×第一京浜,R4/11,三田,D 新橋,10芝浦,9,4,-,-
13,札の辻,（明治通り）×第一京浜,R4/11,三田,D 新橋,10芝浦,10,6,-,-
13,札の辻,（明治通り）×第一京浜,R4/11,三田,D 新橋,10芝浦,11,2,-,-
13,札の辻,（明治通り）×第一京浜,R4/11,三田,D 新橋,10芝浦,12,5,-,-
13,札の辻,（明治通り）×第一京浜,R4/11,三田,D 新橋,10芝浦,13,3,-,-
13,札の辻,（明治通り）×第一京浜,R4/11,三田,D 新橋,10芝浦,14,3,-,-
13,札の辻,（明治通り）×第一京浜,R4/11,三田,D 新橋,10芝浦,15,3,-,-
13,札の辻,（明治通り）×第一京浜,R4/11,三田,D 新橋,10芝浦,16,4,-,-
13,札の辻,（明治通り）×第一京浜,R4/11,三田,D 新橋,10芝浦,17,8,-,-
13,札の辻,（明治通り）×第一京浜,R4/11,三田,D 新橋,10芝浦,18,7,-,-
13,札の辻,（明治通り）×第一京浜,R4/11,三田,D 新橋,10芝浦,12時間計,60,-,-
13,札の辻,（明治通り）×第一京浜,R4/11,三田,D 新橋,11品川,7,6,-,-
13,札の辻,（明治通り）×第一京浜,R4/11,三田,D 新橋,11品川,8,12,-,-
13,札の辻,（明治通り）×第一京浜,R4/11,三田,D 新橋,11品川,9,14,-,-
13,札の辻,（明治通り）×第一京浜,R4/11,三田,D 新橋,11品川,10,17,-,-
13,札の辻,（明治通り）×第一京浜,R4/11,三田,D 新橋,11品川,11,18,-,-
13,札の辻,（明治通り）×第一京浜,R4/11,三田,D 新橋,11品川,12,18,-,-
13,札の辻,（明治通り）×第一京浜,R4/11,三田,D 新橋,11品川,13,10,-,-
13,札の辻,（明治通り）×第一京浜,R4/11,三田,D 新橋,11品川,14,13,-,-
13,札の辻,（明治通り）×第一京浜,R4/11,三田,D 新橋,11品川,15,16,-,-
13,札の辻,（明治通り）×第一京浜,R4/11,三田,D 新橋,11品川,16,20,-,-
13,札の辻,（明治通り）×第一京浜,R4/11,三田,D 新橋,11品川,17,20,-,-
13,札の辻,（明治通り）×第一京浜,R4/11,三田,D 新橋,11品川,18,37,-,-
13,札の辻,（明治通り）×第一京浜,R4/11,三田,D 新橋,11品川,12時間計,201,-,-
13,札の辻,（明治通り）×第一京浜,R4/11,三田,D 新橋,12赤羽橋,7,0,-,-
13,札の辻,（明治通り）×第一京浜,R4/11,三田,D 新橋,12赤羽橋,8,0,-,-
13,札の辻,（明治通り）×第一京浜,R4/11,三田,D 新橋,12赤羽橋,9,0,-,-
13,札の辻,（明治通り）×第一京浜,R4/11,三田,D 新橋,12赤羽橋,10,0,-,-
13,札の辻,（明治通り）×第一京浜,R4/11,三田,D 新橋,12赤羽橋,11,0,-,-
13,札の辻,（明治通り）×第一京浜,R4/11,三田,D 新橋,12赤羽橋,12,0,-,-
13,札の辻,（明治通り）×第一京浜,R4/11,三田,D 新橋,12赤羽橋,13,0,-,-
13,札の辻,（明治通り）×第一京浜,R4/11,三田,D 新橋,12赤羽橋,14,0,-,-
13,札の辻,（明治通り）×第一京浜,R4/11,三田,D 新橋,12赤羽橋,15,0,-,-
13,札の辻,（明治通り）×第一京浜,R4/11,三田,D 新橋,12赤羽橋,16,0,-,-
13,札の辻,（明治通り）×第一京浜,R4/11,三田,D 新橋,12赤羽橋,17,0,-,-
13,札の辻,（明治通り）×第一京浜,R4/11,三田,D 新橋,12赤羽橋,18,0,-,-
13,札の辻,（明治通り）×第一京浜,R4/11,三田,D 新橋,12赤羽橋,12時間計,0,-,-
13,札の辻,（明治通り）×第一京浜,R4/11,三田,D 新橋,流入計,7,7,17,24
13,札の辻,（明治通り）×第一京浜,R4/11,三田,D 新橋,流入計,8,26,24,50
13,札の辻,（明治通り）×第一京浜,R4/11,三田,D 新橋,流入計,9,18,72,90
13,札の辻,（明治通り）×第一京浜,R4/11,三田,D 新橋,流入計,10,23,71,94
13,札の辻,（明治通り）×第一京浜,R4/11,三田,D 新橋,流入計,11,20,71,91
13,札の辻,（明治通り）×第一京浜,R4/11,三田,D 新橋,流入計,12,23,57,80
13,札の辻,（明治通り）×第一京浜,R4/11,三田,D 新橋,流入計,13,13,59,72
13,札の辻,（明治通り）×第一京浜,R4/11,三田,D 新橋,流入計,14,16,82,98
13,札の辻,（明治通り）×第一京浜,R4/11,三田,D 新橋,流入計,15,19,89,108
13,札の辻,（明治通り）×第一京浜,R4/11,三田,D 新橋,流入計,16,24,131,155
13,札の辻,（明治通り）×第一京浜,R4/11,三田,D 新橋,流入計,17,28,110,138
13,札の辻,（明治通り）×第一京浜,R4/11,三田,D 新橋,流入計,18,44,32,76
13,札の辻,（明治通り）×第一京浜,R4/11,三田,D 新橋,流入計,12時間計,261,815,1076
13,札の辻,（明治通り）×第一京浜,R4/11,三田,全方向計,全方向計,7,135,102,237
13,札の辻,（明治通り）×第一京浜,R4/11,三田,全方向計,全方向計,8,216,153,369
13,札の辻,（明治通り）×第一京浜,R4/11,三田,全方向計,全方向計,9,162,293,455
13,札の辻,（明治通り）×第一京浜,R4/11,三田,全方向計,全方向計,10,143,246,389
13,札の辻,（明治通り）×第一京浜,R4/11,三田,全方向計,全方向計,11,114,206,320
13,札の辻,（明治通り）×第一京浜,R4/11,三田,全方向計,全方向計,12,142,194,336
13,札の辻,（明治通り）×第一京浜,R4/11,三田,全方向計,全方向計,13,108,231,339
13,札の辻,（明治通り）×第一京浜,R4/11,三田,全方向計,全方向計,14,100,277,377
13,札の辻,（明治通り）×第一京浜,R4/11,三田,全方向計,全方向計,15,100,256,356
13,札の辻,（明治通り）×第一京浜,R4/11,三田,全方向計,全方向計,16,102,389,491
13,札の辻,（明治通り）×第一京浜,R4/11,三田,全方向計,全方向計,17,157,329,486
13,札の辻,（明治通り）×第一京浜,R4/11,三田,全方向計,全方向計,18,157,193,350
13,札の辻,（明治通り）×第一京浜,R4/11,三田,全方向計,全方向計,12時間計,1636,2869,4505
