﻿地点番号,地点名,交差道路名,調査年月,管轄警察署,流出方向,時間帯等,大型乗用,大型貨物,普通乗用,普通貨物,四輪計,二輪車
74,新大栗橋,鎌倉街道×川崎街道,R4/10,多摩中央,A 本宿交番前交差点,7,12,32,990,502,1536,135
74,新大栗橋,鎌倉街道×川崎街道,R4/10,多摩中央,A 本宿交番前交差点,8,16,47,1088,353,1504,79
74,新大栗橋,鎌倉街道×川崎街道,R4/10,多摩中央,A 本宿交番前交差点,9,3,76,769,365,1213,51
74,新大栗橋,鎌倉街道×川崎街道,R4/10,多摩中央,A 本宿交番前交差点,10,5,67,591,332,995,35
74,新大栗橋,鎌倉街道×川崎街道,R4/10,多摩中央,A 本宿交番前交差点,11,3,50,616,317,986,35
74,新大栗橋,鎌倉街道×川崎街道,R4/10,多摩中央,A 本宿交番前交差点,12,2,42,626,293,963,52
74,新大栗橋,鎌倉街道×川崎街道,R4/10,多摩中央,A 本宿交番前交差点,13,2,52,583,327,964,47
74,新大栗橋,鎌倉街道×川崎街道,R4/10,多摩中央,A 本宿交番前交差点,14,3,48,663,371,1085,44
74,新大栗橋,鎌倉街道×川崎街道,R4/10,多摩中央,A 本宿交番前交差点,15,5,35,650,364,1054,44
74,新大栗橋,鎌倉街道×川崎街道,R4/10,多摩中央,A 本宿交番前交差点,16,5,29,750,359,1143,52
74,新大栗橋,鎌倉街道×川崎街道,R4/10,多摩中央,A 本宿交番前交差点,17,5,34,831,384,1254,70
74,新大栗橋,鎌倉街道×川崎街道,R4/10,多摩中央,A 本宿交番前交差点,18,5,20,808,314,1147,68
74,新大栗橋,鎌倉街道×川崎街道,R4/10,多摩中央,A 本宿交番前交差点,12時間計,66,532,8965,4281,13844,712
74,新大栗橋,鎌倉街道×川崎街道,R4/10,多摩中央,B 野猿街道,7,21,22,431,176,650,35
74,新大栗橋,鎌倉街道×川崎街道,R4/10,多摩中央,B 野猿街道,8,29,33,444,177,683,31
74,新大栗橋,鎌倉街道×川崎街道,R4/10,多摩中央,B 野猿街道,9,25,31,400,185,641,25
74,新大栗橋,鎌倉街道×川崎街道,R4/10,多摩中央,B 野猿街道,10,27,24,484,153,688,30
74,新大栗橋,鎌倉街道×川崎街道,R4/10,多摩中央,B 野猿街道,11,24,27,482,169,702,30
74,新大栗橋,鎌倉街道×川崎街道,R4/10,多摩中央,B 野猿街道,12,16,22,472,148,658,34
74,新大栗橋,鎌倉街道×川崎街道,R4/10,多摩中央,B 野猿街道,13,27,33,446,156,662,25
74,新大栗橋,鎌倉街道×川崎街道,R4/10,多摩中央,B 野猿街道,14,25,28,452,155,660,25
74,新大栗橋,鎌倉街道×川崎街道,R4/10,多摩中央,B 野猿街道,15,32,22,497,173,724,23
74,新大栗橋,鎌倉街道×川崎街道,R4/10,多摩中央,B 野猿街道,16,32,15,521,211,779,38
74,新大栗橋,鎌倉街道×川崎街道,R4/10,多摩中央,B 野猿街道,17,39,19,590,192,840,48
74,新大栗橋,鎌倉街道×川崎街道,R4/10,多摩中央,B 野猿街道,18,24,13,552,200,789,48
74,新大栗橋,鎌倉街道×川崎街道,R4/10,多摩中央,B 野猿街道,12時間計,321,289,5771,2095,8476,392
74,新大栗橋,鎌倉街道×川崎街道,R4/10,多摩中央,C 多摩市役所,7,0,0,45,12,57,4
74,新大栗橋,鎌倉街道×川崎街道,R4/10,多摩中央,C 多摩市役所,8,0,0,49,13,62,4
74,新大栗橋,鎌倉街道×川崎街道,R4/10,多摩中央,C 多摩市役所,9,0,0,32,11,43,4
74,新大栗橋,鎌倉街道×川崎街道,R4/10,多摩中央,C 多摩市役所,10,0,0,22,14,36,1
74,新大栗橋,鎌倉街道×川崎街道,R4/10,多摩中央,C 多摩市役所,11,0,0,33,10,43,3
74,新大栗橋,鎌倉街道×川崎街道,R4/10,多摩中央,C 多摩市役所,12,0,0,35,14,49,4
74,新大栗橋,鎌倉街道×川崎街道,R4/10,多摩中央,C 多摩市役所,13,0,0,36,11,47,2
74,新大栗橋,鎌倉街道×川崎街道,R4/10,多摩中央,C 多摩市役所,14,0,0,32,24,56,2
74,新大栗橋,鎌倉街道×川崎街道,R4/10,多摩中央,C 多摩市役所,15,0,0,36,15,51,4
74,新大栗橋,鎌倉街道×川崎街道,R4/10,多摩中央,C 多摩市役所,16,0,0,53,13,66,1
74,新大栗橋,鎌倉街道×川崎街道,R4/10,多摩中央,C 多摩市役所,17,2,0,80,23,105,6
74,新大栗橋,鎌倉街道×川崎街道,R4/10,多摩中央,C 多摩市役所,18,0,0,90,18,108,7
74,新大栗橋,鎌倉街道×川崎街道,R4/10,多摩中央,C 多摩市役所,12時間計,2,0,543,178,723,42
74,新大栗橋,鎌倉街道×川崎街道,R4/10,多摩中央,D 町田市,7,23,41,738,387,1189,52
74,新大栗橋,鎌倉街道×川崎街道,R4/10,多摩中央,D 町田市,8,34,29,672,322,1057,57
74,新大栗橋,鎌倉街道×川崎街道,R4/10,多摩中央,D 町田市,9,30,29,582,273,914,38
74,新大栗橋,鎌倉街道×川崎街道,R4/10,多摩中央,D 町田市,10,24,28,639,273,964,44
74,新大栗橋,鎌倉街道×川崎街道,R4/10,多摩中央,D 町田市,11,21,28,585,273,907,35
74,新大栗橋,鎌倉街道×川崎街道,R4/10,多摩中央,D 町田市,12,28,28,678,272,1006,47
74,新大栗橋,鎌倉街道×川崎街道,R4/10,多摩中央,D 町田市,13,21,29,572,292,914,35
74,新大栗橋,鎌倉街道×川崎街道,R4/10,多摩中央,D 町田市,14,29,28,642,307,1006,32
74,新大栗橋,鎌倉街道×川崎街道,R4/10,多摩中央,D 町田市,15,22,24,627,262,935,33
74,新大栗橋,鎌倉街道×川崎街道,R4/10,多摩中央,D 町田市,16,28,22,789,288,1127,47
74,新大栗橋,鎌倉街道×川崎街道,R4/10,多摩中央,D 町田市,17,31,15,922,319,1287,100
74,新大栗橋,鎌倉街道×川崎街道,R4/10,多摩中央,D 町田市,18,26,15,1001,280,1322,84
74,新大栗橋,鎌倉街道×川崎街道,R4/10,多摩中央,D 町田市,12時間計,317,316,8447,3548,12628,604
74,新大栗橋,鎌倉街道×川崎街道,R4/10,多摩中央,E 府中街道,7,13,49,710,436,1208,81
74,新大栗橋,鎌倉街道×川崎街道,R4/10,多摩中央,E 府中街道,8,5,36,629,258,928,41
74,新大栗橋,鎌倉街道×川崎街道,R4/10,多摩中央,E 府中街道,9,5,45,452,258,760,29
74,新大栗橋,鎌倉街道×川崎街道,R4/10,多摩中央,E 府中街道,10,3,46,442,244,735,32
74,新大栗橋,鎌倉街道×川崎街道,R4/10,多摩中央,E 府中街道,11,1,53,383,255,692,23
74,新大栗橋,鎌倉街道×川崎街道,R4/10,多摩中央,E 府中街道,12,2,25,456,176,659,28
74,新大栗橋,鎌倉街道×川崎街道,R4/10,多摩中央,E 府中街道,13,3,43,463,233,742,24
74,新大栗橋,鎌倉街道×川崎街道,R4/10,多摩中央,E 府中街道,14,10,31,487,247,775,27
74,新大栗橋,鎌倉街道×川崎街道,R4/10,多摩中央,E 府中街道,15,3,31,577,215,826,52
74,新大栗橋,鎌倉街道×川崎街道,R4/10,多摩中央,E 府中街道,16,5,31,660,213,909,41
74,新大栗橋,鎌倉街道×川崎街道,R4/10,多摩中央,E 府中街道,17,4,30,764,261,1059,53
74,新大栗橋,鎌倉街道×川崎街道,R4/10,多摩中央,E 府中街道,18,3,26,714,210,953,42
74,新大栗橋,鎌倉街道×川崎街道,R4/10,多摩中央,E 府中街道,12時間計,57,446,6737,3006,10246,473
74,新大栗橋,鎌倉街道×川崎街道,R4/10,多摩中央,全方向合計,7,69,144,2914,1513,4640,307
74,新大栗橋,鎌倉街道×川崎街道,R4/10,多摩中央,全方向合計,8,84,145,2882,1123,4234,212
74,新大栗橋,鎌倉街道×川崎街道,R4/10,多摩中央,全方向合計,9,63,181,2235,1092,3571,147
74,新大栗橋,鎌倉街道×川崎街道,R4/10,多摩中央,全方向合計,10,59,165,2178,1016,3418,142
74,新大栗橋,鎌倉街道×川崎街道,R4/10,多摩中央,全方向合計,11,49,158,2099,1024,3330,126
74,新大栗橋,鎌倉街道×川崎街道,R4/10,多摩中央,全方向合計,12,48,117,2267,903,3335,165
74,新大栗橋,鎌倉街道×川崎街道,R4/10,多摩中央,全方向合計,13,53,157,2100,1019,3329,133
74,新大栗橋,鎌倉街道×川崎街道,R4/10,多摩中央,全方向合計,14,67,135,2276,1104,3582,130
74,新大栗橋,鎌倉街道×川崎街道,R4/10,多摩中央,全方向合計,15,62,112,2387,1029,3590,156
74,新大栗橋,鎌倉街道×川崎街道,R4/10,多摩中央,全方向合計,16,70,97,2773,1084,4024,179
74,新大栗橋,鎌倉街道×川崎街道,R4/10,多摩中央,全方向合計,17,81,98,3187,1179,4545,277
74,新大栗橋,鎌倉街道×川崎街道,R4/10,多摩中央,全方向合計,18,58,74,3165,1022,4319,249
74,新大栗橋,鎌倉街道×川崎街道,R4/10,多摩中央,全方向合計,12時間計,763,1583,30463,13108,45917,2223
