﻿地点番号,地点名,交差道路名,調査年月,管轄警察署,流入方向,流出方向,時間帯等,大型乗用,大型貨物,普通乗用,普通貨物,四輪計,二輪車
74,新大栗橋,鎌倉街道×川崎街道,R4/10,多摩中央,A 本宿交番前交差点,1.府中街道,7,0,8,124,64,196,9
74,新大栗橋,鎌倉街道×川崎街道,R4/10,多摩中央,A 本宿交番前交差点,1.府中街道,8,0,10,98,53,161,3
74,新大栗橋,鎌倉街道×川崎街道,R4/10,多摩中央,A 本宿交番前交差点,1.府中街道,9,2,19,76,69,166,5
74,新大栗橋,鎌倉街道×川崎街道,R4/10,多摩中央,A 本宿交番前交差点,1.府中街道,10,0,16,86,65,167,8
74,新大栗橋,鎌倉街道×川崎街道,R4/10,多摩中央,A 本宿交番前交差点,1.府中街道,11,0,28,66,56,150,0
74,新大栗橋,鎌倉街道×川崎街道,R4/10,多摩中央,A 本宿交番前交差点,1.府中街道,12,1,9,97,39,146,4
74,新大栗橋,鎌倉街道×川崎街道,R4/10,多摩中央,A 本宿交番前交差点,1.府中街道,13,0,27,81,54,162,5
74,新大栗橋,鎌倉街道×川崎街道,R4/10,多摩中央,A 本宿交番前交差点,1.府中街道,14,1,11,100,58,170,2
74,新大栗橋,鎌倉街道×川崎街道,R4/10,多摩中央,A 本宿交番前交差点,1.府中街道,15,0,9,123,56,188,10
74,新大栗橋,鎌倉街道×川崎街道,R4/10,多摩中央,A 本宿交番前交差点,1.府中街道,16,0,11,128,71,210,6
74,新大栗橋,鎌倉街道×川崎街道,R4/10,多摩中央,A 本宿交番前交差点,1.府中街道,17,0,7,160,62,229,11
74,新大栗橋,鎌倉街道×川崎街道,R4/10,多摩中央,A 本宿交番前交差点,1.府中街道,18,1,8,169,63,241,7
74,新大栗橋,鎌倉街道×川崎街道,R4/10,多摩中央,A 本宿交番前交差点,1.府中街道,12時間計,5,163,1308,710,2186,70
74,新大栗橋,鎌倉街道×川崎街道,R4/10,多摩中央,A 本宿交番前交差点,2.町田市,7,5,35,494,309,843,41
74,新大栗橋,鎌倉街道×川崎街道,R4/10,多摩中央,A 本宿交番前交差点,2.町田市,8,6,24,441,218,689,42
74,新大栗橋,鎌倉街道×川崎街道,R4/10,多摩中央,A 本宿交番前交差点,2.町田市,9,7,26,371,165,569,28
74,新大栗橋,鎌倉街道×川崎街道,R4/10,多摩中央,A 本宿交番前交差点,2.町田市,10,2,24,398,172,596,25
74,新大栗橋,鎌倉街道×川崎街道,R4/10,多摩中央,A 本宿交番前交差点,2.町田市,11,0,21,343,159,523,24
74,新大栗橋,鎌倉街道×川崎街道,R4/10,多摩中央,A 本宿交番前交差点,2.町田市,12,4,25,407,180,616,29
74,新大栗橋,鎌倉街道×川崎街道,R4/10,多摩中央,A 本宿交番前交差点,2.町田市,13,2,19,353,176,550,20
74,新大栗橋,鎌倉街道×川崎街道,R4/10,多摩中央,A 本宿交番前交差点,2.町田市,14,1,22,379,200,602,20
74,新大栗橋,鎌倉街道×川崎街道,R4/10,多摩中央,A 本宿交番前交差点,2.町田市,15,3,18,379,142,542,22
74,新大栗橋,鎌倉街道×川崎街道,R4/10,多摩中央,A 本宿交番前交差点,2.町田市,16,4,17,506,193,720,32
74,新大栗橋,鎌倉街道×川崎街道,R4/10,多摩中央,A 本宿交番前交差点,2.町田市,17,3,10,610,212,835,74
74,新大栗橋,鎌倉街道×川崎街道,R4/10,多摩中央,A 本宿交番前交差点,2.町田市,18,8,12,700,183,903,74
74,新大栗橋,鎌倉街道×川崎街道,R4/10,多摩中央,A 本宿交番前交差点,2.町田市,12時間計,45,253,5381,2309,7988,431
74,新大栗橋,鎌倉街道×川崎街道,R4/10,多摩中央,A 本宿交番前交差点,3.多摩市役所,7,0,0,35,11,46,2
74,新大栗橋,鎌倉街道×川崎街道,R4/10,多摩中央,A 本宿交番前交差点,3.多摩市役所,8,0,0,29,12,41,3
74,新大栗橋,鎌倉街道×川崎街道,R4/10,多摩中央,A 本宿交番前交差点,3.多摩市役所,9,0,0,22,9,31,1
74,新大栗橋,鎌倉街道×川崎街道,R4/10,多摩中央,A 本宿交番前交差点,3.多摩市役所,10,0,0,17,10,27,1
74,新大栗橋,鎌倉街道×川崎街道,R4/10,多摩中央,A 本宿交番前交差点,3.多摩市役所,11,0,0,18,5,23,2
74,新大栗橋,鎌倉街道×川崎街道,R4/10,多摩中央,A 本宿交番前交差点,3.多摩市役所,12,0,0,21,9,30,4
74,新大栗橋,鎌倉街道×川崎街道,R4/10,多摩中央,A 本宿交番前交差点,3.多摩市役所,13,0,0,25,6,31,1
74,新大栗橋,鎌倉街道×川崎街道,R4/10,多摩中央,A 本宿交番前交差点,3.多摩市役所,14,0,0,24,16,40,1
74,新大栗橋,鎌倉街道×川崎街道,R4/10,多摩中央,A 本宿交番前交差点,3.多摩市役所,15,0,0,21,10,31,1
74,新大栗橋,鎌倉街道×川崎街道,R4/10,多摩中央,A 本宿交番前交差点,3.多摩市役所,16,0,0,42,11,53,0
74,新大栗橋,鎌倉街道×川崎街道,R4/10,多摩中央,A 本宿交番前交差点,3.多摩市役所,17,0,0,58,16,74,4
74,新大栗橋,鎌倉街道×川崎街道,R4/10,多摩中央,A 本宿交番前交差点,3.多摩市役所,18,0,0,63,15,78,4
74,新大栗橋,鎌倉街道×川崎街道,R4/10,多摩中央,A 本宿交番前交差点,3.多摩市役所,12時間計,0,0,375,130,505,24
74,新大栗橋,鎌倉街道×川崎街道,R4/10,多摩中央,A 本宿交番前交差点,4.野猿街道,7,1,2,122,51,176,5
74,新大栗橋,鎌倉街道×川崎街道,R4/10,多摩中央,A 本宿交番前交差点,4.野猿街道,8,1,1,104,49,155,5
74,新大栗橋,鎌倉街道×川崎街道,R4/10,多摩中央,A 本宿交番前交差点,4.野猿街道,9,2,4,96,45,147,4
74,新大栗橋,鎌倉街道×川崎街道,R4/10,多摩中央,A 本宿交番前交差点,4.野猿街道,10,2,2,120,36,160,7
74,新大栗橋,鎌倉街道×川崎街道,R4/10,多摩中央,A 本宿交番前交差点,4.野猿街道,11,4,5,133,39,181,5
74,新大栗橋,鎌倉街道×川崎街道,R4/10,多摩中央,A 本宿交番前交差点,4.野猿街道,12,0,3,110,39,152,6
74,新大栗橋,鎌倉街道×川崎街道,R4/10,多摩中央,A 本宿交番前交差点,4.野猿街道,13,1,2,129,41,173,6
74,新大栗橋,鎌倉街道×川崎街道,R4/10,多摩中央,A 本宿交番前交差点,4.野猿街道,14,1,1,123,42,167,5
74,新大栗橋,鎌倉街道×川崎街道,R4/10,多摩中央,A 本宿交番前交差点,4.野猿街道,15,3,1,158,37,199,6
74,新大栗橋,鎌倉街道×川崎街道,R4/10,多摩中央,A 本宿交番前交差点,4.野猿街道,16,5,1,151,48,205,12
74,新大栗橋,鎌倉街道×川崎街道,R4/10,多摩中央,A 本宿交番前交差点,4.野猿街道,17,3,1,158,44,206,14
74,新大栗橋,鎌倉街道×川崎街道,R4/10,多摩中央,A 本宿交番前交差点,4.野猿街道,18,2,2,131,45,180,9
74,新大栗橋,鎌倉街道×川崎街道,R4/10,多摩中央,A 本宿交番前交差点,4.野猿街道,12時間計,25,25,1535,516,2101,84
74,新大栗橋,鎌倉街道×川崎街道,R4/10,多摩中央,A 本宿交番前交差点,流入計,7,6,45,775,435,1261,57
74,新大栗橋,鎌倉街道×川崎街道,R4/10,多摩中央,A 本宿交番前交差点,流入計,8,7,35,672,332,1046,53
74,新大栗橋,鎌倉街道×川崎街道,R4/10,多摩中央,A 本宿交番前交差点,流入計,9,11,49,565,288,913,38
74,新大栗橋,鎌倉街道×川崎街道,R4/10,多摩中央,A 本宿交番前交差点,流入計,10,4,42,621,283,950,41
74,新大栗橋,鎌倉街道×川崎街道,R4/10,多摩中央,A 本宿交番前交差点,流入計,11,4,54,560,259,877,31
74,新大栗橋,鎌倉街道×川崎街道,R4/10,多摩中央,A 本宿交番前交差点,流入計,12,5,37,635,267,944,43
74,新大栗橋,鎌倉街道×川崎街道,R4/10,多摩中央,A 本宿交番前交差点,流入計,13,3,48,588,277,916,32
74,新大栗橋,鎌倉街道×川崎街道,R4/10,多摩中央,A 本宿交番前交差点,流入計,14,3,34,626,316,979,28
74,新大栗橋,鎌倉街道×川崎街道,R4/10,多摩中央,A 本宿交番前交差点,流入計,15,6,28,681,245,960,39
74,新大栗橋,鎌倉街道×川崎街道,R4/10,多摩中央,A 本宿交番前交差点,流入計,16,9,29,827,323,1188,50
74,新大栗橋,鎌倉街道×川崎街道,R4/10,多摩中央,A 本宿交番前交差点,流入計,17,6,18,986,334,1344,103
74,新大栗橋,鎌倉街道×川崎街道,R4/10,多摩中央,A 本宿交番前交差点,流入計,18,11,22,1063,306,1402,94
74,新大栗橋,鎌倉街道×川崎街道,R4/10,多摩中央,A 本宿交番前交差点,流入計,12時間計,75,441,8599,3665,12780,609
74,新大栗橋,鎌倉街道×川崎街道,R4/10,多摩中央,B 野猿街道,5.本宿交番前交差点,7,5,2,82,36,125,11
74,新大栗橋,鎌倉街道×川崎街道,R4/10,多摩中央,B 野猿街道,5.本宿交番前交差点,8,1,2,95,34,132,5
74,新大栗橋,鎌倉街道×川崎街道,R4/10,多摩中央,B 野猿街道,5.本宿交番前交差点,9,1,3,82,44,130,2
74,新大栗橋,鎌倉街道×川崎街道,R4/10,多摩中央,B 野猿街道,5.本宿交番前交差点,10,2,3,88,31,124,6
74,新大栗橋,鎌倉街道×川崎街道,R4/10,多摩中央,B 野猿街道,5.本宿交番前交差点,11,0,1,109,41,151,4
74,新大栗橋,鎌倉街道×川崎街道,R4/10,多摩中央,B 野猿街道,5.本宿交番前交差点,12,0,2,119,39,160,12
74,新大栗橋,鎌倉街道×川崎街道,R4/10,多摩中央,B 野猿街道,5.本宿交番前交差点,13,0,0,103,38,141,7
74,新大栗橋,鎌倉街道×川崎街道,R4/10,多摩中央,B 野猿街道,5.本宿交番前交差点,14,1,0,116,41,158,6
74,新大栗橋,鎌倉街道×川崎街道,R4/10,多摩中央,B 野猿街道,5.本宿交番前交差点,15,1,1,98,42,142,10
74,新大栗橋,鎌倉街道×川崎街道,R4/10,多摩中央,B 野猿街道,5.本宿交番前交差点,16,1,1,127,32,161,5
74,新大栗橋,鎌倉街道×川崎街道,R4/10,多摩中央,B 野猿街道,5.本宿交番前交差点,17,0,2,128,31,161,12
74,新大栗橋,鎌倉街道×川崎街道,R4/10,多摩中央,B 野猿街道,5.本宿交番前交差点,18,0,0,130,29,159,8
74,新大栗橋,鎌倉街道×川崎街道,R4/10,多摩中央,B 野猿街道,5.本宿交番前交差点,12時間計,12,17,1277,438,1744,88
74,新大栗橋,鎌倉街道×川崎街道,R4/10,多摩中央,B 野猿街道,6.府中街道,7,9,30,374,234,647,49
74,新大栗橋,鎌倉街道×川崎街道,R4/10,多摩中央,B 野猿街道,6.府中街道,8,4,22,314,118,458,24
74,新大栗橋,鎌倉街道×川崎街道,R4/10,多摩中央,B 野猿街道,6.府中街道,9,3,24,257,117,401,18
74,新大栗橋,鎌倉街道×川崎街道,R4/10,多摩中央,B 野猿街道,6.府中街道,10,2,28,228,108,366,18
74,新大栗橋,鎌倉街道×川崎街道,R4/10,多摩中央,B 野猿街道,6.府中街道,11,1,20,205,136,362,14
74,新大栗橋,鎌倉街道×川崎街道,R4/10,多摩中央,B 野猿街道,6.府中街道,12,0,15,212,87,314,23
74,新大栗橋,鎌倉街道×川崎街道,R4/10,多摩中央,B 野猿街道,6.府中街道,13,3,13,246,119,381,15
74,新大栗橋,鎌倉街道×川崎街道,R4/10,多摩中央,B 野猿街道,6.府中街道,14,8,17,229,130,384,18
74,新大栗橋,鎌倉街道×川崎街道,R4/10,多摩中央,B 野猿街道,6.府中街道,15,3,20,276,97,396,26
74,新大栗橋,鎌倉街道×川崎街道,R4/10,多摩中央,B 野猿街道,6.府中街道,16,4,16,339,92,451,24
74,新大栗橋,鎌倉街道×川崎街道,R4/10,多摩中央,B 野猿街道,6.府中街道,17,4,22,398,129,553,30
74,新大栗橋,鎌倉街道×川崎街道,R4/10,多摩中央,B 野猿街道,6.府中街道,18,2,15,334,90,441,23
74,新大栗橋,鎌倉街道×川崎街道,R4/10,多摩中央,B 野猿街道,6.府中街道,12時間計,43,242,3412,1457,5154,282
74,新大栗橋,鎌倉街道×川崎街道,R4/10,多摩中央,B 野猿街道,7.町田市,7,18,4,56,29,107,1
74,新大栗橋,鎌倉街道×川崎街道,R4/10,多摩中央,B 野猿街道,7.町田市,8,28,2,78,29,137,1
74,新大栗橋,鎌倉街道×川崎街道,R4/10,多摩中央,B 野猿街道,7.町田市,9,20,2,61,36,119,1
74,新大栗橋,鎌倉街道×川崎街道,R4/10,多摩中央,B 野猿街道,7.町田市,10,22,3,79,33,137,5
74,新大栗橋,鎌倉街道×川崎街道,R4/10,多摩中央,B 野猿街道,7.町田市,11,20,5,89,27,141,2
74,新大栗橋,鎌倉街道×川崎街道,R4/10,多摩中央,B 野猿街道,7.町田市,12,24,1,117,34,176,0
74,新大栗橋,鎌倉街道×川崎街道,R4/10,多摩中央,B 野猿街道,7.町田市,13,18,5,84,33,140,4
74,新大栗橋,鎌倉街道×川崎街道,R4/10,多摩中央,B 野猿街道,7.町田市,14,26,3,106,25,160,4
74,新大栗橋,鎌倉街道×川崎街道,R4/10,多摩中央,B 野猿街道,7.町田市,15,18,2,94,25,139,5
74,新大栗橋,鎌倉街道×川崎街道,R4/10,多摩中央,B 野猿街道,7.町田市,16,21,2,115,20,158,4
74,新大栗橋,鎌倉街道×川崎街道,R4/10,多摩中央,B 野猿街道,7.町田市,17,22,1,106,22,151,6
74,新大栗橋,鎌倉街道×川崎街道,R4/10,多摩中央,B 野猿街道,7.町田市,18,18,0,117,18,153,4
74,新大栗橋,鎌倉街道×川崎街道,R4/10,多摩中央,B 野猿街道,7.町田市,12時間計,255,30,1102,331,1718,37
74,新大栗橋,鎌倉街道×川崎街道,R4/10,多摩中央,B 野猿街道,8.多摩市役所,7,0,0,0,0,0,0
74,新大栗橋,鎌倉街道×川崎街道,R4/10,多摩中央,B 野猿街道,8.多摩市役所,8,0,0,0,0,0,0
74,新大栗橋,鎌倉街道×川崎街道,R4/10,多摩中央,B 野猿街道,8.多摩市役所,9,0,0,0,0,0,0
74,新大栗橋,鎌倉街道×川崎街道,R4/10,多摩中央,B 野猿街道,8.多摩市役所,10,0,0,0,0,0,0
74,新大栗橋,鎌倉街道×川崎街道,R4/10,多摩中央,B 野猿街道,8.多摩市役所,11,0,0,0,0,0,0
74,新大栗橋,鎌倉街道×川崎街道,R4/10,多摩中央,B 野猿街道,8.多摩市役所,12,0,0,0,0,0,0
74,新大栗橋,鎌倉街道×川崎街道,R4/10,多摩中央,B 野猿街道,8.多摩市役所,13,0,0,0,0,0,0
74,新大栗橋,鎌倉街道×川崎街道,R4/10,多摩中央,B 野猿街道,8.多摩市役所,14,0,0,0,0,0,0
74,新大栗橋,鎌倉街道×川崎街道,R4/10,多摩中央,B 野猿街道,8.多摩市役所,15,0,0,0,0,0,0
74,新大栗橋,鎌倉街道×川崎街道,R4/10,多摩中央,B 野猿街道,8.多摩市役所,16,0,0,0,0,0,0
74,新大栗橋,鎌倉街道×川崎街道,R4/10,多摩中央,B 野猿街道,8.多摩市役所,17,0,0,0,0,0,0
74,新大栗橋,鎌倉街道×川崎街道,R4/10,多摩中央,B 野猿街道,8.多摩市役所,18,0,0,0,0,0,0
74,新大栗橋,鎌倉街道×川崎街道,R4/10,多摩中央,B 野猿街道,8.多摩市役所,12時間計,0,0,0,0,0,0
74,新大栗橋,鎌倉街道×川崎街道,R4/10,多摩中央,B 野猿街道,流入計,7,32,36,512,299,879,61
74,新大栗橋,鎌倉街道×川崎街道,R4/10,多摩中央,B 野猿街道,流入計,8,33,26,487,181,727,30
74,新大栗橋,鎌倉街道×川崎街道,R4/10,多摩中央,B 野猿街道,流入計,9,24,29,400,197,650,21
74,新大栗橋,鎌倉街道×川崎街道,R4/10,多摩中央,B 野猿街道,流入計,10,26,34,395,172,627,29
74,新大栗橋,鎌倉街道×川崎街道,R4/10,多摩中央,B 野猿街道,流入計,11,21,26,403,204,654,20
74,新大栗橋,鎌倉街道×川崎街道,R4/10,多摩中央,B 野猿街道,流入計,12,24,18,448,160,650,35
74,新大栗橋,鎌倉街道×川崎街道,R4/10,多摩中央,B 野猿街道,流入計,13,21,18,433,190,662,26
74,新大栗橋,鎌倉街道×川崎街道,R4/10,多摩中央,B 野猿街道,流入計,14,35,20,451,196,702,28
74,新大栗橋,鎌倉街道×川崎街道,R4/10,多摩中央,B 野猿街道,流入計,15,22,23,468,164,677,41
74,新大栗橋,鎌倉街道×川崎街道,R4/10,多摩中央,B 野猿街道,流入計,16,26,19,581,144,770,33
74,新大栗橋,鎌倉街道×川崎街道,R4/10,多摩中央,B 野猿街道,流入計,17,26,25,632,182,865,48
74,新大栗橋,鎌倉街道×川崎街道,R4/10,多摩中央,B 野猿街道,流入計,18,20,15,581,137,753,35
74,新大栗橋,鎌倉街道×川崎街道,R4/10,多摩中央,B 野猿街道,流入計,12時間計,310,289,5791,2226,8616,407
74,新大栗橋,鎌倉街道×川崎街道,R4/10,多摩中央,C 多摩市役所,9.野猿街道,7,0,0,1,0,1,0
74,新大栗橋,鎌倉街道×川崎街道,R4/10,多摩中央,C 多摩市役所,9.野猿街道,8,0,0,1,1,2,0
74,新大栗橋,鎌倉街道×川崎街道,R4/10,多摩中央,C 多摩市役所,9.野猿街道,9,0,0,3,5,8,0
74,新大栗橋,鎌倉街道×川崎街道,R4/10,多摩中央,C 多摩市役所,9.野猿街道,10,0,1,4,8,13,0
74,新大栗橋,鎌倉街道×川崎街道,R4/10,多摩中央,C 多摩市役所,9.野猿街道,11,0,0,2,9,11,1
74,新大栗橋,鎌倉街道×川崎街道,R4/10,多摩中央,C 多摩市役所,9.野猿街道,12,0,0,0,4,4,0
74,新大栗橋,鎌倉街道×川崎街道,R4/10,多摩中央,C 多摩市役所,9.野猿街道,13,0,0,5,3,8,1
74,新大栗橋,鎌倉街道×川崎街道,R4/10,多摩中央,C 多摩市役所,9.野猿街道,14,0,0,3,4,7,1
74,新大栗橋,鎌倉街道×川崎街道,R4/10,多摩中央,C 多摩市役所,9.野猿街道,15,0,0,7,8,15,1
74,新大栗橋,鎌倉街道×川崎街道,R4/10,多摩中央,C 多摩市役所,9.野猿街道,16,0,0,7,4,11,0
74,新大栗橋,鎌倉街道×川崎街道,R4/10,多摩中央,C 多摩市役所,9.野猿街道,17,0,0,1,1,2,0
74,新大栗橋,鎌倉街道×川崎街道,R4/10,多摩中央,C 多摩市役所,9.野猿街道,18,0,0,6,0,6,1
74,新大栗橋,鎌倉街道×川崎街道,R4/10,多摩中央,C 多摩市役所,9.野猿街道,12時間計,0,1,40,47,88,5
74,新大栗橋,鎌倉街道×川崎街道,R4/10,多摩中央,C 多摩市役所,流入計,7,0,0,1,0,1,0
74,新大栗橋,鎌倉街道×川崎街道,R4/10,多摩中央,C 多摩市役所,流入計,8,0,0,1,1,2,0
74,新大栗橋,鎌倉街道×川崎街道,R4/10,多摩中央,C 多摩市役所,流入計,9,0,0,3,5,8,0
74,新大栗橋,鎌倉街道×川崎街道,R4/10,多摩中央,C 多摩市役所,流入計,10,0,1,4,8,13,0
74,新大栗橋,鎌倉街道×川崎街道,R4/10,多摩中央,C 多摩市役所,流入計,11,0,0,2,9,11,1
74,新大栗橋,鎌倉街道×川崎街道,R4/10,多摩中央,C 多摩市役所,流入計,12,0,0,0,4,4,0
74,新大栗橋,鎌倉街道×川崎街道,R4/10,多摩中央,C 多摩市役所,流入計,13,0,0,5,3,8,1
74,新大栗橋,鎌倉街道×川崎街道,R4/10,多摩中央,C 多摩市役所,流入計,14,0,0,3,4,7,1
74,新大栗橋,鎌倉街道×川崎街道,R4/10,多摩中央,C 多摩市役所,流入計,15,0,0,7,8,15,1
74,新大栗橋,鎌倉街道×川崎街道,R4/10,多摩中央,C 多摩市役所,流入計,16,0,0,7,4,11,0
74,新大栗橋,鎌倉街道×川崎街道,R4/10,多摩中央,C 多摩市役所,流入計,17,0,0,1,1,2,0
74,新大栗橋,鎌倉街道×川崎街道,R4/10,多摩中央,C 多摩市役所,流入計,18,0,0,6,0,6,1
74,新大栗橋,鎌倉街道×川崎街道,R4/10,多摩中央,C 多摩市役所,流入計,12時間計,0,1,40,47,88,5
74,新大栗橋,鎌倉街道×川崎街道,R4/10,多摩中央,D 町田市,10.多摩市役所,7,0,0,0,1,1,0
74,新大栗橋,鎌倉街道×川崎街道,R4/10,多摩中央,D 町田市,10.多摩市役所,8,0,0,1,0,1,0
74,新大栗橋,鎌倉街道×川崎街道,R4/10,多摩中央,D 町田市,10.多摩市役所,9,0,0,1,0,1,0
74,新大栗橋,鎌倉街道×川崎街道,R4/10,多摩中央,D 町田市,10.多摩市役所,10,0,0,0,0,0,0
74,新大栗橋,鎌倉街道×川崎街道,R4/10,多摩中央,D 町田市,10.多摩市役所,11,0,0,1,1,2,0
74,新大栗橋,鎌倉街道×川崎街道,R4/10,多摩中央,D 町田市,10.多摩市役所,12,0,0,0,1,1,0
74,新大栗橋,鎌倉街道×川崎街道,R4/10,多摩中央,D 町田市,10.多摩市役所,13,0,0,1,0,1,0
74,新大栗橋,鎌倉街道×川崎街道,R4/10,多摩中央,D 町田市,10.多摩市役所,14,0,0,2,0,2,0
74,新大栗橋,鎌倉街道×川崎街道,R4/10,多摩中央,D 町田市,10.多摩市役所,15,0,0,0,0,0,0
74,新大栗橋,鎌倉街道×川崎街道,R4/10,多摩中央,D 町田市,10.多摩市役所,16,0,0,0,0,0,1
74,新大栗橋,鎌倉街道×川崎街道,R4/10,多摩中央,D 町田市,10.多摩市役所,17,0,0,0,0,0,0
74,新大栗橋,鎌倉街道×川崎街道,R4/10,多摩中央,D 町田市,10.多摩市役所,18,0,0,1,0,1,0
74,新大栗橋,鎌倉街道×川崎街道,R4/10,多摩中央,D 町田市,10.多摩市役所,12時間計,0,0,7,3,10,1
74,新大栗橋,鎌倉街道×川崎街道,R4/10,多摩中央,D 町田市,11.野猿街道,7,17,1,47,21,86,1
74,新大栗橋,鎌倉街道×川崎街道,R4/10,多摩中央,D 町田市,11.野猿街道,8,23,5,67,26,121,1
74,新大栗橋,鎌倉街道×川崎街道,R4/10,多摩中央,D 町田市,11.野猿街道,9,20,7,76,34,137,1
74,新大栗橋,鎌倉街道×川崎街道,R4/10,多摩中央,D 町田市,11.野猿街道,10,24,4,91,22,141,0
74,新大栗橋,鎌倉街道×川崎街道,R4/10,多摩中央,D 町田市,11.野猿街道,11,17,4,89,23,133,2
74,新大栗橋,鎌倉街道×川崎街道,R4/10,多摩中央,D 町田市,11.野猿街道,12,16,2,110,23,151,1
74,新大栗橋,鎌倉街道×川崎街道,R4/10,多摩中央,D 町田市,11.野猿街道,13,24,7,95,23,149,0
74,新大栗橋,鎌倉街道×川崎街道,R4/10,多摩中央,D 町田市,11.野猿街道,14,20,6,94,19,139,4
74,新大栗橋,鎌倉街道×川崎街道,R4/10,多摩中央,D 町田市,11.野猿街道,15,19,1,79,29,128,4
74,新大栗橋,鎌倉街道×川崎街道,R4/10,多摩中央,D 町田市,11.野猿街道,16,20,0,83,21,124,4
74,新大栗橋,鎌倉街道×川崎街道,R4/10,多摩中央,D 町田市,11.野猿街道,17,22,2,84,18,126,8
74,新大栗橋,鎌倉街道×川崎街道,R4/10,多摩中央,D 町田市,11.野猿街道,18,20,0,69,11,100,2
74,新大栗橋,鎌倉街道×川崎街道,R4/10,多摩中央,D 町田市,11.野猿街道,12時間計,242,39,984,270,1535,28
74,新大栗橋,鎌倉街道×川崎街道,R4/10,多摩中央,D 町田市,12.本宿交番前交差点,7,7,17,674,380,1078,109
74,新大栗橋,鎌倉街道×川崎街道,R4/10,多摩中央,D 町田市,12.本宿交番前交差点,8,14,19,748,247,1028,53
74,新大栗橋,鎌倉街道×川崎街道,R4/10,多摩中央,D 町田市,12.本宿交番前交差点,9,2,30,531,245,808,36
74,新大栗橋,鎌倉街道×川崎街道,R4/10,多摩中央,D 町田市,12.本宿交番前交差点,10,3,24,387,210,624,18
74,新大栗橋,鎌倉街道×川崎街道,R4/10,多摩中央,D 町田市,12.本宿交番前交差点,11,3,24,383,184,594,20
74,新大栗橋,鎌倉街道×川崎街道,R4/10,多摩中央,D 町田市,12.本宿交番前交差点,12,2,10,390,167,569,38
74,新大栗橋,鎌倉街道×川崎街道,R4/10,多摩中央,D 町田市,12.本宿交番前交差点,13,2,18,381,207,608,34
74,新大栗橋,鎌倉街道×川崎街道,R4/10,多摩中央,D 町田市,12.本宿交番前交差点,14,2,19,420,230,671,34
74,新大栗橋,鎌倉街道×川崎街道,R4/10,多摩中央,D 町田市,12.本宿交番前交差点,15,3,9,425,225,662,27
74,新大栗橋,鎌倉街道×川崎街道,R4/10,多摩中央,D 町田市,12.本宿交番前交差点,16,4,11,473,221,709,42
74,新大栗橋,鎌倉街道×川崎街道,R4/10,多摩中央,D 町田市,12.本宿交番前交差点,17,4,17,541,252,814,48
74,新大栗橋,鎌倉街道×川崎街道,R4/10,多摩中央,D 町田市,12.本宿交番前交差点,18,5,11,528,209,753,48
74,新大栗橋,鎌倉街道×川崎街道,R4/10,多摩中央,D 町田市,12.本宿交番前交差点,12時間計,51,209,5881,2777,8918,507
74,新大栗橋,鎌倉街道×川崎街道,R4/10,多摩中央,D 町田市,13.府中街道,7,4,11,212,138,365,23
74,新大栗橋,鎌倉街道×川崎街道,R4/10,多摩中央,D 町田市,13.府中街道,8,1,4,217,87,309,14
74,新大栗橋,鎌倉街道×川崎街道,R4/10,多摩中央,D 町田市,13.府中街道,9,0,2,119,72,193,6
74,新大栗橋,鎌倉街道×川崎街道,R4/10,多摩中央,D 町田市,13.府中街道,10,1,2,128,71,202,6
74,新大栗橋,鎌倉街道×川崎街道,R4/10,多摩中央,D 町田市,13.府中街道,11,0,5,112,63,180,9
74,新大栗橋,鎌倉街道×川崎街道,R4/10,多摩中央,D 町田市,13.府中街道,12,1,1,147,50,199,1
74,新大栗橋,鎌倉街道×川崎街道,R4/10,多摩中央,D 町田市,13.府中街道,13,0,3,136,60,199,4
74,新大栗橋,鎌倉街道×川崎街道,R4/10,多摩中央,D 町田市,13.府中街道,14,1,3,158,59,221,7
74,新大栗橋,鎌倉街道×川崎街道,R4/10,多摩中央,D 町田市,13.府中街道,15,0,2,178,62,242,16
74,新大栗橋,鎌倉街道×川崎街道,R4/10,多摩中央,D 町田市,13.府中街道,16,1,4,193,50,248,11
74,新大栗橋,鎌倉街道×川崎街道,R4/10,多摩中央,D 町田市,13.府中街道,17,0,1,206,70,277,12
74,新大栗橋,鎌倉街道×川崎街道,R4/10,多摩中央,D 町田市,13.府中街道,18,0,3,211,57,271,12
74,新大栗橋,鎌倉街道×川崎街道,R4/10,多摩中央,D 町田市,13.府中街道,12時間計,9,41,2017,839,2906,121
74,新大栗橋,鎌倉街道×川崎街道,R4/10,多摩中央,D 町田市,流入計,7,28,29,933,540,1530,133
74,新大栗橋,鎌倉街道×川崎街道,R4/10,多摩中央,D 町田市,流入計,8,38,28,1033,360,1459,68
74,新大栗橋,鎌倉街道×川崎街道,R4/10,多摩中央,D 町田市,流入計,9,22,39,727,351,1139,43
74,新大栗橋,鎌倉街道×川崎街道,R4/10,多摩中央,D 町田市,流入計,10,28,30,606,303,967,24
74,新大栗橋,鎌倉街道×川崎街道,R4/10,多摩中央,D 町田市,流入計,11,20,33,585,271,909,31
74,新大栗橋,鎌倉街道×川崎街道,R4/10,多摩中央,D 町田市,流入計,12,19,13,647,241,920,40
74,新大栗橋,鎌倉街道×川崎街道,R4/10,多摩中央,D 町田市,流入計,13,26,28,613,290,957,38
74,新大栗橋,鎌倉街道×川崎街道,R4/10,多摩中央,D 町田市,流入計,14,23,28,674,308,1033,45
74,新大栗橋,鎌倉街道×川崎街道,R4/10,多摩中央,D 町田市,流入計,15,22,12,682,316,1032,47
74,新大栗橋,鎌倉街道×川崎街道,R4/10,多摩中央,D 町田市,流入計,16,25,15,749,292,1081,58
74,新大栗橋,鎌倉街道×川崎街道,R4/10,多摩中央,D 町田市,流入計,17,26,20,831,340,1217,68
74,新大栗橋,鎌倉街道×川崎街道,R4/10,多摩中央,D 町田市,流入計,18,25,14,809,277,1125,62
74,新大栗橋,鎌倉街道×川崎街道,R4/10,多摩中央,D 町田市,流入計,12時間計,302,289,8889,3889,13369,657
74,新大栗橋,鎌倉街道×川崎街道,R4/10,多摩中央,E 府中街道,14.町田市,7,0,2,188,49,239,10
74,新大栗橋,鎌倉街道×川崎街道,R4/10,多摩中央,E 府中街道,14.町田市,8,0,3,153,75,231,14
74,新大栗橋,鎌倉街道×川崎街道,R4/10,多摩中央,E 府中街道,14.町田市,9,3,1,150,72,226,9
74,新大栗橋,鎌倉街道×川崎街道,R4/10,多摩中央,E 府中街道,14.町田市,10,0,1,162,68,231,14
74,新大栗橋,鎌倉街道×川崎街道,R4/10,多摩中央,E 府中街道,14.町田市,11,1,2,153,87,243,9
74,新大栗橋,鎌倉街道×川崎街道,R4/10,多摩中央,E 府中街道,14.町田市,12,0,2,154,58,214,18
74,新大栗橋,鎌倉街道×川崎街道,R4/10,多摩中央,E 府中街道,14.町田市,13,1,5,135,83,224,11
74,新大栗橋,鎌倉街道×川崎街道,R4/10,多摩中央,E 府中街道,14.町田市,14,2,3,157,82,244,8
74,新大栗橋,鎌倉街道×川崎街道,R4/10,多摩中央,E 府中街道,14.町田市,15,1,4,154,95,254,6
74,新大栗橋,鎌倉街道×川崎街道,R4/10,多摩中央,E 府中街道,14.町田市,16,3,3,168,75,249,11
74,新大栗橋,鎌倉街道×川崎街道,R4/10,多摩中央,E 府中街道,14.町田市,17,6,4,206,85,301,20
74,新大栗橋,鎌倉街道×川崎街道,R4/10,多摩中央,E 府中街道,14.町田市,18,0,3,184,79,266,6
74,新大栗橋,鎌倉街道×川崎街道,R4/10,多摩中央,E 府中街道,14.町田市,12時間計,17,33,1964,908,2922,136
74,新大栗橋,鎌倉街道×川崎街道,R4/10,多摩中央,E 府中街道,15.多摩市役所,7,0,0,10,0,10,2
74,新大栗橋,鎌倉街道×川崎街道,R4/10,多摩中央,E 府中街道,15.多摩市役所,8,0,0,19,1,20,1
74,新大栗橋,鎌倉街道×川崎街道,R4/10,多摩中央,E 府中街道,15.多摩市役所,9,0,0,9,2,11,3
74,新大栗橋,鎌倉街道×川崎街道,R4/10,多摩中央,E 府中街道,15.多摩市役所,10,0,0,5,4,9,0
74,新大栗橋,鎌倉街道×川崎街道,R4/10,多摩中央,E 府中街道,15.多摩市役所,11,0,0,14,4,18,1
74,新大栗橋,鎌倉街道×川崎街道,R4/10,多摩中央,E 府中街道,15.多摩市役所,12,0,0,14,4,18,0
74,新大栗橋,鎌倉街道×川崎街道,R4/10,多摩中央,E 府中街道,15.多摩市役所,13,0,0,10,5,15,1
74,新大栗橋,鎌倉街道×川崎街道,R4/10,多摩中央,E 府中街道,15.多摩市役所,14,0,0,6,8,14,1
74,新大栗橋,鎌倉街道×川崎街道,R4/10,多摩中央,E 府中街道,15.多摩市役所,15,0,0,15,5,20,3
74,新大栗橋,鎌倉街道×川崎街道,R4/10,多摩中央,E 府中街道,15.多摩市役所,16,0,0,11,2,13,0
74,新大栗橋,鎌倉街道×川崎街道,R4/10,多摩中央,E 府中街道,15.多摩市役所,17,2,0,22,7,31,2
74,新大栗橋,鎌倉街道×川崎街道,R4/10,多摩中央,E 府中街道,15.多摩市役所,18,0,0,26,3,29,3
74,新大栗橋,鎌倉街道×川崎街道,R4/10,多摩中央,E 府中街道,15.多摩市役所,12時間計,2,0,161,45,208,17
74,新大栗橋,鎌倉街道×川崎街道,R4/10,多摩中央,E 府中街道,16.野猿街道,7,3,19,261,104,387,29
74,新大栗橋,鎌倉街道×川崎街道,R4/10,多摩中央,E 府中街道,16.野猿街道,8,5,27,272,101,405,25
74,新大栗橋,鎌倉街道×川崎街道,R4/10,多摩中央,E 府中街道,16.野猿街道,9,3,20,225,101,349,20
74,新大栗橋,鎌倉街道×川崎街道,R4/10,多摩中央,E 府中街道,16.野猿街道,10,1,17,269,87,374,23
74,新大栗橋,鎌倉街道×川崎街道,R4/10,多摩中央,E 府中街道,16.野猿街道,11,3,18,258,98,377,22
74,新大栗橋,鎌倉街道×川崎街道,R4/10,多摩中央,E 府中街道,16.野猿街道,12,0,17,252,82,351,27
74,新大栗橋,鎌倉街道×川崎街道,R4/10,多摩中央,E 府中街道,16.野猿街道,13,2,24,217,89,332,18
74,新大栗橋,鎌倉街道×川崎街道,R4/10,多摩中央,E 府中街道,16.野猿街道,14,4,21,232,90,347,15
74,新大栗橋,鎌倉街道×川崎街道,R4/10,多摩中央,E 府中街道,16.野猿街道,15,10,20,253,99,382,12
74,新大栗橋,鎌倉街道×川崎街道,R4/10,多摩中央,E 府中街道,16.野猿街道,16,7,14,280,138,439,22
74,新大栗橋,鎌倉街道×川崎街道,R4/10,多摩中央,E 府中街道,16.野猿街道,17,14,16,347,129,506,26
74,新大栗橋,鎌倉街道×川崎街道,R4/10,多摩中央,E 府中街道,16.野猿街道,18,2,11,346,144,503,36
74,新大栗橋,鎌倉街道×川崎街道,R4/10,多摩中央,E 府中街道,16.野猿街道,12時間計,54,224,3212,1262,4752,275
74,新大栗橋,鎌倉街道×川崎街道,R4/10,多摩中央,E 府中街道,17.本宿交番前交差点,7,0,13,234,86,333,15
74,新大栗橋,鎌倉街道×川崎街道,R4/10,多摩中央,E 府中街道,17.本宿交番前交差点,8,1,26,245,72,344,21
74,新大栗橋,鎌倉街道×川崎街道,R4/10,多摩中央,E 府中街道,17.本宿交番前交差点,9,0,43,156,76,275,13
74,新大栗橋,鎌倉街道×川崎街道,R4/10,多摩中央,E 府中街道,17.本宿交番前交差点,10,0,40,116,91,247,11
74,新大栗橋,鎌倉街道×川崎街道,R4/10,多摩中央,E 府中街道,17.本宿交番前交差点,11,0,25,124,92,241,11
74,新大栗橋,鎌倉街道×川崎街道,R4/10,多摩中央,E 府中街道,17.本宿交番前交差点,12,0,30,117,87,234,2
74,新大栗橋,鎌倉街道×川崎街道,R4/10,多摩中央,E 府中街道,17.本宿交番前交差点,13,0,34,99,82,215,6
74,新大栗橋,鎌倉街道×川崎街道,R4/10,多摩中央,E 府中街道,17.本宿交番前交差点,14,0,29,127,100,256,4
74,新大栗橋,鎌倉街道×川崎街道,R4/10,多摩中央,E 府中街道,17.本宿交番前交差点,15,1,25,127,97,250,7
74,新大栗橋,鎌倉街道×川崎街道,R4/10,多摩中央,E 府中街道,17.本宿交番前交差点,16,0,17,150,106,273,5
74,新大栗橋,鎌倉街道×川崎街道,R4/10,多摩中央,E 府中街道,17.本宿交番前交差点,17,1,15,162,101,279,10
74,新大栗橋,鎌倉街道×川崎街道,R4/10,多摩中央,E 府中街道,17.本宿交番前交差点,18,0,9,150,76,235,12
74,新大栗橋,鎌倉街道×川崎街道,R4/10,多摩中央,E 府中街道,17.本宿交番前交差点,12時間計,3,306,1807,1066,3182,117
74,新大栗橋,鎌倉街道×川崎街道,R4/10,多摩中央,E 府中街道,流入計,7,3,34,693,239,969,56
74,新大栗橋,鎌倉街道×川崎街道,R4/10,多摩中央,E 府中街道,流入計,8,6,56,689,249,1000,61
74,新大栗橋,鎌倉街道×川崎街道,R4/10,多摩中央,E 府中街道,流入計,9,6,64,540,251,861,45
74,新大栗橋,鎌倉街道×川崎街道,R4/10,多摩中央,E 府中街道,流入計,10,1,58,552,250,861,48
74,新大栗橋,鎌倉街道×川崎街道,R4/10,多摩中央,E 府中街道,流入計,11,4,45,549,281,879,43
74,新大栗橋,鎌倉街道×川崎街道,R4/10,多摩中央,E 府中街道,流入計,12,0,49,537,231,817,47
74,新大栗橋,鎌倉街道×川崎街道,R4/10,多摩中央,E 府中街道,流入計,13,3,63,461,259,786,36
74,新大栗橋,鎌倉街道×川崎街道,R4/10,多摩中央,E 府中街道,流入計,14,6,53,522,280,861,28
74,新大栗橋,鎌倉街道×川崎街道,R4/10,多摩中央,E 府中街道,流入計,15,12,49,549,296,906,28
74,新大栗橋,鎌倉街道×川崎街道,R4/10,多摩中央,E 府中街道,流入計,16,10,34,609,321,974,38
74,新大栗橋,鎌倉街道×川崎街道,R4/10,多摩中央,E 府中街道,流入計,17,23,35,737,322,1117,58
74,新大栗橋,鎌倉街道×川崎街道,R4/10,多摩中央,E 府中街道,流入計,18,2,23,706,302,1033,57
74,新大栗橋,鎌倉街道×川崎街道,R4/10,多摩中央,E 府中街道,流入計,12時間計,76,563,7144,3281,11064,545
