﻿地点番号,地点名,交差道路名,調査年月,管轄警察署,流入方向,流出方向,時間帯等,大型乗用,大型貨物,普通乗用,普通貨物,四輪計,二輪車
91,第五ゲート前,東京環状×五日市街道,R4/10,福生,A 入間,1.横田基地,7,0,1,27,12,40,1
91,第五ゲート前,東京環状×五日市街道,R4/10,福生,A 入間,1.横田基地,8,0,2,27,11,40,0
91,第五ゲート前,東京環状×五日市街道,R4/10,福生,A 入間,1.横田基地,9,0,0,24,8,32,0
91,第五ゲート前,東京環状×五日市街道,R4/10,福生,A 入間,1.横田基地,10,0,0,17,12,29,0
91,第五ゲート前,東京環状×五日市街道,R4/10,福生,A 入間,1.横田基地,11,0,1,11,7,19,0
91,第五ゲート前,東京環状×五日市街道,R4/10,福生,A 入間,1.横田基地,12,0,1,10,4,15,0
91,第五ゲート前,東京環状×五日市街道,R4/10,福生,A 入間,1.横田基地,13,0,0,12,8,20,0
91,第五ゲート前,東京環状×五日市街道,R4/10,福生,A 入間,1.横田基地,14,0,0,6,7,13,0
91,第五ゲート前,東京環状×五日市街道,R4/10,福生,A 入間,1.横田基地,15,0,1,5,6,12,0
91,第五ゲート前,東京環状×五日市街道,R4/10,福生,A 入間,1.横田基地,16,0,0,7,2,9,0
91,第五ゲート前,東京環状×五日市街道,R4/10,福生,A 入間,1.横田基地,17,0,0,2,0,2,0
91,第五ゲート前,東京環状×五日市街道,R4/10,福生,A 入間,1.横田基地,18,0,0,0,0,0,0
91,第五ゲート前,東京環状×五日市街道,R4/10,福生,A 入間,1.横田基地,12時間計,0,6,148,77,231,1
91,第五ゲート前,東京環状×五日市街道,R4/10,福生,A 入間,2.八王子ＩＣ,7,8,92,753,450,1303,48
91,第五ゲート前,東京環状×五日市街道,R4/10,福生,A 入間,2.八王子ＩＣ,8,3,124,652,407,1186,35
91,第五ゲート前,東京環状×五日市街道,R4/10,福生,A 入間,2.八王子ＩＣ,9,4,164,565,432,1165,19
91,第五ゲート前,東京環状×五日市街道,R4/10,福生,A 入間,2.八王子ＩＣ,10,4,145,421,252,822,11
91,第五ゲート前,東京環状×五日市街道,R4/10,福生,A 入間,2.八王子ＩＣ,11,2,156,480,478,1116,16
91,第五ゲート前,東京環状×五日市街道,R4/10,福生,A 入間,2.八王子ＩＣ,12,3,107,543,329,982,19
91,第五ゲート前,東京環状×五日市街道,R4/10,福生,A 入間,2.八王子ＩＣ,13,4,147,546,370,1067,23
91,第五ゲート前,東京環状×五日市街道,R4/10,福生,A 入間,2.八王子ＩＣ,14,4,116,599,350,1069,15
91,第五ゲート前,東京環状×五日市街道,R4/10,福生,A 入間,2.八王子ＩＣ,15,5,96,750,335,1186,29
91,第五ゲート前,東京環状×五日市街道,R4/10,福生,A 入間,2.八王子ＩＣ,16,10,94,787,301,1192,36
91,第五ゲート前,東京環状×五日市街道,R4/10,福生,A 入間,2.八王子ＩＣ,17,4,63,1047,363,1477,60
91,第五ゲート前,東京環状×五日市街道,R4/10,福生,A 入間,2.八王子ＩＣ,18,5,58,1121,257,1441,34
91,第五ゲート前,東京環状×五日市街道,R4/10,福生,A 入間,2.八王子ＩＣ,12時間計,56,1362,8264,4324,14006,345
91,第五ゲート前,東京環状×五日市街道,R4/10,福生,A 入間,3.熊川栄通り,7,0,4,15,5,24,2
91,第五ゲート前,東京環状×五日市街道,R4/10,福生,A 入間,3.熊川栄通り,8,0,7,26,19,52,0
91,第五ゲート前,東京環状×五日市街道,R4/10,福生,A 入間,3.熊川栄通り,9,3,8,21,8,40,0
91,第五ゲート前,東京環状×五日市街道,R4/10,福生,A 入間,3.熊川栄通り,10,0,12,19,18,49,0
91,第五ゲート前,東京環状×五日市街道,R4/10,福生,A 入間,3.熊川栄通り,11,0,9,32,8,49,0
91,第五ゲート前,東京環状×五日市街道,R4/10,福生,A 入間,3.熊川栄通り,12,0,7,24,13,44,0
91,第五ゲート前,東京環状×五日市街道,R4/10,福生,A 入間,3.熊川栄通り,13,0,3,37,12,52,0
91,第五ゲート前,東京環状×五日市街道,R4/10,福生,A 入間,3.熊川栄通り,14,0,8,44,22,74,5
91,第五ゲート前,東京環状×五日市街道,R4/10,福生,A 入間,3.熊川栄通り,15,0,7,49,10,66,0
91,第五ゲート前,東京環状×五日市街道,R4/10,福生,A 入間,3.熊川栄通り,16,0,5,37,15,57,1
91,第五ゲート前,東京環状×五日市街道,R4/10,福生,A 入間,3.熊川栄通り,17,0,1,40,2,43,0
91,第五ゲート前,東京環状×五日市街道,R4/10,福生,A 入間,3.熊川栄通り,18,0,1,43,8,52,2
91,第五ゲート前,東京環状×五日市街道,R4/10,福生,A 入間,3.熊川栄通り,12時間計,3,72,387,140,602,10
91,第五ゲート前,東京環状×五日市街道,R4/10,福生,A 入間,流入計,7,8,97,795,467,1367,51
91,第五ゲート前,東京環状×五日市街道,R4/10,福生,A 入間,流入計,8,3,133,705,437,1278,35
91,第五ゲート前,東京環状×五日市街道,R4/10,福生,A 入間,流入計,9,7,172,610,448,1237,19
91,第五ゲート前,東京環状×五日市街道,R4/10,福生,A 入間,流入計,10,4,157,457,282,900,11
91,第五ゲート前,東京環状×五日市街道,R4/10,福生,A 入間,流入計,11,2,166,523,493,1184,16
91,第五ゲート前,東京環状×五日市街道,R4/10,福生,A 入間,流入計,12,3,115,577,346,1041,19
91,第五ゲート前,東京環状×五日市街道,R4/10,福生,A 入間,流入計,13,4,150,595,390,1139,23
91,第五ゲート前,東京環状×五日市街道,R4/10,福生,A 入間,流入計,14,4,124,649,379,1156,20
91,第五ゲート前,東京環状×五日市街道,R4/10,福生,A 入間,流入計,15,5,104,804,351,1264,29
91,第五ゲート前,東京環状×五日市街道,R4/10,福生,A 入間,流入計,16,10,99,831,318,1258,37
91,第五ゲート前,東京環状×五日市街道,R4/10,福生,A 入間,流入計,17,4,64,1089,365,1522,60
91,第五ゲート前,東京環状×五日市街道,R4/10,福生,A 入間,流入計,18,5,59,1164,265,1493,36
91,第五ゲート前,東京環状×五日市街道,R4/10,福生,A 入間,流入計,12時間計,59,1440,8799,4541,14839,356
91,第五ゲート前,東京環状×五日市街道,R4/10,福生,B 熊川栄通り,4.入間,7,0,11,17,7,35,1
91,第五ゲート前,東京環状×五日市街道,R4/10,福生,B 熊川栄通り,4.入間,8,1,1,16,11,29,0
91,第五ゲート前,東京環状×五日市街道,R4/10,福生,B 熊川栄通り,4.入間,9,0,7,17,12,36,1
91,第五ゲート前,東京環状×五日市街道,R4/10,福生,B 熊川栄通り,4.入間,10,0,9,28,15,52,1
91,第五ゲート前,東京環状×五日市街道,R4/10,福生,B 熊川栄通り,4.入間,11,0,7,29,13,49,2
91,第五ゲート前,東京環状×五日市街道,R4/10,福生,B 熊川栄通り,4.入間,12,0,0,33,7,40,0
91,第五ゲート前,東京環状×五日市街道,R4/10,福生,B 熊川栄通り,4.入間,13,0,7,32,14,53,0
91,第五ゲート前,東京環状×五日市街道,R4/10,福生,B 熊川栄通り,4.入間,14,0,4,33,19,56,0
91,第五ゲート前,東京環状×五日市街道,R4/10,福生,B 熊川栄通り,4.入間,15,2,10,30,12,54,1
91,第五ゲート前,東京環状×五日市街道,R4/10,福生,B 熊川栄通り,4.入間,16,1,6,30,10,47,1
91,第五ゲート前,東京環状×五日市街道,R4/10,福生,B 熊川栄通り,4.入間,17,0,2,41,7,50,1
91,第五ゲート前,東京環状×五日市街道,R4/10,福生,B 熊川栄通り,4.入間,18,0,1,36,2,39,0
91,第五ゲート前,東京環状×五日市街道,R4/10,福生,B 熊川栄通り,4.入間,12時間計,4,65,342,129,540,8
91,第五ゲート前,東京環状×五日市街道,R4/10,福生,B 熊川栄通り,5.横田基地,7,0,1,26,9,36,1
91,第五ゲート前,東京環状×五日市街道,R4/10,福生,B 熊川栄通り,5.横田基地,8,0,0,20,9,29,0
91,第五ゲート前,東京環状×五日市街道,R4/10,福生,B 熊川栄通り,5.横田基地,9,0,3,30,11,44,0
91,第五ゲート前,東京環状×五日市街道,R4/10,福生,B 熊川栄通り,5.横田基地,10,0,1,27,4,32,1
91,第五ゲート前,東京環状×五日市街道,R4/10,福生,B 熊川栄通り,5.横田基地,11,0,0,28,3,31,0
91,第五ゲート前,東京環状×五日市街道,R4/10,福生,B 熊川栄通り,5.横田基地,12,0,0,45,3,48,2
91,第五ゲート前,東京環状×五日市街道,R4/10,福生,B 熊川栄通り,5.横田基地,13,0,1,26,8,35,2
91,第五ゲート前,東京環状×五日市街道,R4/10,福生,B 熊川栄通り,5.横田基地,14,0,0,20,3,23,1
91,第五ゲート前,東京環状×五日市街道,R4/10,福生,B 熊川栄通り,5.横田基地,15,0,0,15,2,17,0
91,第五ゲート前,東京環状×五日市街道,R4/10,福生,B 熊川栄通り,5.横田基地,16,0,0,17,3,20,0
91,第五ゲート前,東京環状×五日市街道,R4/10,福生,B 熊川栄通り,5.横田基地,17,0,0,11,0,11,0
91,第五ゲート前,東京環状×五日市街道,R4/10,福生,B 熊川栄通り,5.横田基地,18,0,0,0,0,0,0
91,第五ゲート前,東京環状×五日市街道,R4/10,福生,B 熊川栄通り,5.横田基地,12時間計,0,6,265,55,326,7
91,第五ゲート前,東京環状×五日市街道,R4/10,福生,B 熊川栄通り,6.八王子ＩＣ,7,0,3,161,45,209,18
91,第五ゲート前,東京環状×五日市街道,R4/10,福生,B 熊川栄通り,6.八王子ＩＣ,8,1,4,175,58,238,8
91,第五ゲート前,東京環状×五日市街道,R4/10,福生,B 熊川栄通り,6.八王子ＩＣ,9,2,6,94,37,139,3
91,第五ゲート前,東京環状×五日市街道,R4/10,福生,B 熊川栄通り,6.八王子ＩＣ,10,0,3,106,48,157,9
91,第五ゲート前,東京環状×五日市街道,R4/10,福生,B 熊川栄通り,6.八王子ＩＣ,11,0,2,87,32,121,0
91,第五ゲート前,東京環状×五日市街道,R4/10,福生,B 熊川栄通り,6.八王子ＩＣ,12,0,3,84,13,100,4
91,第五ゲート前,東京環状×五日市街道,R4/10,福生,B 熊川栄通り,6.八王子ＩＣ,13,0,5,133,35,173,2
91,第五ゲート前,東京環状×五日市街道,R4/10,福生,B 熊川栄通り,6.八王子ＩＣ,14,0,2,95,33,130,2
91,第五ゲート前,東京環状×五日市街道,R4/10,福生,B 熊川栄通り,6.八王子ＩＣ,15,0,4,112,37,153,4
91,第五ゲート前,東京環状×五日市街道,R4/10,福生,B 熊川栄通り,6.八王子ＩＣ,16,0,1,108,26,135,6
91,第五ゲート前,東京環状×五日市街道,R4/10,福生,B 熊川栄通り,6.八王子ＩＣ,17,0,0,92,30,122,2
91,第五ゲート前,東京環状×五日市街道,R4/10,福生,B 熊川栄通り,6.八王子ＩＣ,18,0,0,147,31,178,9
91,第五ゲート前,東京環状×五日市街道,R4/10,福生,B 熊川栄通り,6.八王子ＩＣ,12時間計,3,33,1394,425,1855,67
91,第五ゲート前,東京環状×五日市街道,R4/10,福生,B 熊川栄通り,流入計,7,0,15,204,61,280,20
91,第五ゲート前,東京環状×五日市街道,R4/10,福生,B 熊川栄通り,流入計,8,2,5,211,78,296,8
91,第五ゲート前,東京環状×五日市街道,R4/10,福生,B 熊川栄通り,流入計,9,2,16,141,60,219,4
91,第五ゲート前,東京環状×五日市街道,R4/10,福生,B 熊川栄通り,流入計,10,0,13,161,67,241,11
91,第五ゲート前,東京環状×五日市街道,R4/10,福生,B 熊川栄通り,流入計,11,0,9,144,48,201,2
91,第五ゲート前,東京環状×五日市街道,R4/10,福生,B 熊川栄通り,流入計,12,0,3,162,23,188,6
91,第五ゲート前,東京環状×五日市街道,R4/10,福生,B 熊川栄通り,流入計,13,0,13,191,57,261,4
91,第五ゲート前,東京環状×五日市街道,R4/10,福生,B 熊川栄通り,流入計,14,0,6,148,55,209,3
91,第五ゲート前,東京環状×五日市街道,R4/10,福生,B 熊川栄通り,流入計,15,2,14,157,51,224,5
91,第五ゲート前,東京環状×五日市街道,R4/10,福生,B 熊川栄通り,流入計,16,1,7,155,39,202,7
91,第五ゲート前,東京環状×五日市街道,R4/10,福生,B 熊川栄通り,流入計,17,0,2,144,37,183,3
91,第五ゲート前,東京環状×五日市街道,R4/10,福生,B 熊川栄通り,流入計,18,0,1,183,33,217,9
91,第五ゲート前,東京環状×五日市街道,R4/10,福生,B 熊川栄通り,流入計,12時間計,7,104,2001,609,2721,82
91,第五ゲート前,東京環状×五日市街道,R4/10,福生,C 八王子ＩＣ,7.熊川栄通り,7,1,1,42,23,67,2
91,第五ゲート前,東京環状×五日市街道,R4/10,福生,C 八王子ＩＣ,7.熊川栄通り,8,3,9,118,25,155,3
91,第五ゲート前,東京環状×五日市街道,R4/10,福生,C 八王子ＩＣ,7.熊川栄通り,9,4,4,71,17,96,3
91,第五ゲート前,東京環状×五日市街道,R4/10,福生,C 八王子ＩＣ,7.熊川栄通り,10,1,4,58,23,86,3
91,第五ゲート前,東京環状×五日市街道,R4/10,福生,C 八王子ＩＣ,7.熊川栄通り,11,0,2,67,30,99,3
91,第五ゲート前,東京環状×五日市街道,R4/10,福生,C 八王子ＩＣ,7.熊川栄通り,12,1,6,80,31,118,0
91,第五ゲート前,東京環状×五日市街道,R4/10,福生,C 八王子ＩＣ,7.熊川栄通り,13,2,2,76,27,107,1
91,第五ゲート前,東京環状×五日市街道,R4/10,福生,C 八王子ＩＣ,7.熊川栄通り,14,2,4,97,17,120,3
91,第五ゲート前,東京環状×五日市街道,R4/10,福生,C 八王子ＩＣ,7.熊川栄通り,15,0,3,75,13,91,1
91,第五ゲート前,東京環状×五日市街道,R4/10,福生,C 八王子ＩＣ,7.熊川栄通り,16,2,2,83,12,99,0
91,第五ゲート前,東京環状×五日市街道,R4/10,福生,C 八王子ＩＣ,7.熊川栄通り,17,0,1,117,23,141,5
91,第五ゲート前,東京環状×五日市街道,R4/10,福生,C 八王子ＩＣ,7.熊川栄通り,18,1,0,114,17,132,7
91,第五ゲート前,東京環状×五日市街道,R4/10,福生,C 八王子ＩＣ,7.熊川栄通り,12時間計,17,38,998,258,1311,31
91,第五ゲート前,東京環状×五日市街道,R4/10,福生,C 八王子ＩＣ,8.入間,7,1,104,797,246,1148,63
91,第五ゲート前,東京環状×五日市街道,R4/10,福生,C 八王子ＩＣ,8.入間,8,4,118,668,304,1094,55
91,第五ゲート前,東京環状×五日市街道,R4/10,福生,C 八王子ＩＣ,8.入間,9,3,131,571,419,1124,18
91,第五ゲート前,東京環状×五日市街道,R4/10,福生,C 八王子ＩＣ,8.入間,10,1,209,486,490,1186,21
91,第五ゲート前,東京環状×五日市街道,R4/10,福生,C 八王子ＩＣ,8.入間,11,1,191,559,321,1072,25
91,第五ゲート前,東京環状×五日市街道,R4/10,福生,C 八王子ＩＣ,8.入間,12,0,135,504,258,897,9
91,第五ゲート前,東京環状×五日市街道,R4/10,福生,C 八王子ＩＣ,8.入間,13,4,146,575,293,1018,16
91,第五ゲート前,東京環状×五日市街道,R4/10,福生,C 八王子ＩＣ,8.入間,14,8,114,525,342,989,27
91,第五ゲート前,東京環状×五日市街道,R4/10,福生,C 八王子ＩＣ,8.入間,15,1,145,563,388,1097,27
91,第五ゲート前,東京環状×五日市街道,R4/10,福生,C 八王子ＩＣ,8.入間,16,7,161,711,420,1299,34
91,第五ゲート前,東京環状×五日市街道,R4/10,福生,C 八王子ＩＣ,8.入間,17,7,138,994,292,1431,52
91,第五ゲート前,東京環状×五日市街道,R4/10,福生,C 八王子ＩＣ,8.入間,18,3,81,905,216,1205,52
91,第五ゲート前,東京環状×五日市街道,R4/10,福生,C 八王子ＩＣ,8.入間,12時間計,40,1673,7858,3989,13560,399
91,第五ゲート前,東京環状×五日市街道,R4/10,福生,C 八王子ＩＣ,9.横田基地,7,0,2,24,8,34,0
91,第五ゲート前,東京環状×五日市街道,R4/10,福生,C 八王子ＩＣ,9.横田基地,8,0,2,18,8,28,0
91,第五ゲート前,東京環状×五日市街道,R4/10,福生,C 八王子ＩＣ,9.横田基地,9,0,4,28,14,46,0
91,第五ゲート前,東京環状×五日市街道,R4/10,福生,C 八王子ＩＣ,9.横田基地,10,0,2,8,11,21,0
91,第五ゲート前,東京環状×五日市街道,R4/10,福生,C 八王子ＩＣ,9.横田基地,11,0,4,12,6,22,1
91,第五ゲート前,東京環状×五日市街道,R4/10,福生,C 八王子ＩＣ,9.横田基地,12,0,0,23,11,34,2
91,第五ゲート前,東京環状×五日市街道,R4/10,福生,C 八王子ＩＣ,9.横田基地,13,0,1,12,7,20,1
91,第五ゲート前,東京環状×五日市街道,R4/10,福生,C 八王子ＩＣ,9.横田基地,14,2,0,17,16,35,0
91,第五ゲート前,東京環状×五日市街道,R4/10,福生,C 八王子ＩＣ,9.横田基地,15,0,3,6,3,12,0
91,第五ゲート前,東京環状×五日市街道,R4/10,福生,C 八王子ＩＣ,9.横田基地,16,0,1,6,4,11,0
91,第五ゲート前,東京環状×五日市街道,R4/10,福生,C 八王子ＩＣ,9.横田基地,17,0,0,12,0,12,0
91,第五ゲート前,東京環状×五日市街道,R4/10,福生,C 八王子ＩＣ,9.横田基地,18,0,0,0,0,0,0
91,第五ゲート前,東京環状×五日市街道,R4/10,福生,C 八王子ＩＣ,9.横田基地,12時間計,2,19,166,88,275,4
91,第五ゲート前,東京環状×五日市街道,R4/10,福生,C 八王子ＩＣ,流入計,7,2,107,863,277,1249,65
91,第五ゲート前,東京環状×五日市街道,R4/10,福生,C 八王子ＩＣ,流入計,8,7,129,804,337,1277,58
91,第五ゲート前,東京環状×五日市街道,R4/10,福生,C 八王子ＩＣ,流入計,9,7,139,670,450,1266,21
91,第五ゲート前,東京環状×五日市街道,R4/10,福生,C 八王子ＩＣ,流入計,10,2,215,552,524,1293,24
91,第五ゲート前,東京環状×五日市街道,R4/10,福生,C 八王子ＩＣ,流入計,11,1,197,638,357,1193,29
91,第五ゲート前,東京環状×五日市街道,R4/10,福生,C 八王子ＩＣ,流入計,12,1,141,607,300,1049,11
91,第五ゲート前,東京環状×五日市街道,R4/10,福生,C 八王子ＩＣ,流入計,13,6,149,663,327,1145,18
91,第五ゲート前,東京環状×五日市街道,R4/10,福生,C 八王子ＩＣ,流入計,14,12,118,639,375,1144,30
91,第五ゲート前,東京環状×五日市街道,R4/10,福生,C 八王子ＩＣ,流入計,15,1,151,644,404,1200,28
91,第五ゲート前,東京環状×五日市街道,R4/10,福生,C 八王子ＩＣ,流入計,16,9,164,800,436,1409,34
91,第五ゲート前,東京環状×五日市街道,R4/10,福生,C 八王子ＩＣ,流入計,17,7,139,1123,315,1584,57
91,第五ゲート前,東京環状×五日市街道,R4/10,福生,C 八王子ＩＣ,流入計,18,4,81,1019,233,1337,59
91,第五ゲート前,東京環状×五日市街道,R4/10,福生,C 八王子ＩＣ,流入計,12時間計,59,1730,9022,4335,15146,434
91,第五ゲート前,東京環状×五日市街道,R4/10,福生,D 横田基地,10.八王子ＩＣ,7,0,4,10,2,16,0
91,第五ゲート前,東京環状×五日市街道,R4/10,福生,D 横田基地,10.八王子ＩＣ,8,0,2,6,3,11,1
91,第五ゲート前,東京環状×五日市街道,R4/10,福生,D 横田基地,10.八王子ＩＣ,9,0,2,8,4,14,0
91,第五ゲート前,東京環状×五日市街道,R4/10,福生,D 横田基地,10.八王子ＩＣ,10,0,5,9,7,21,0
91,第五ゲート前,東京環状×五日市街道,R4/10,福生,D 横田基地,10.八王子ＩＣ,11,0,6,25,17,48,1
91,第五ゲート前,東京環状×五日市街道,R4/10,福生,D 横田基地,10.八王子ＩＣ,12,0,2,22,5,29,0
91,第五ゲート前,東京環状×五日市街道,R4/10,福生,D 横田基地,10.八王子ＩＣ,13,1,1,10,10,22,0
91,第五ゲート前,東京環状×五日市街道,R4/10,福生,D 横田基地,10.八王子ＩＣ,14,0,1,22,10,33,0
91,第五ゲート前,東京環状×五日市街道,R4/10,福生,D 横田基地,10.八王子ＩＣ,15,0,2,67,18,87,4
91,第五ゲート前,東京環状×五日市街道,R4/10,福生,D 横田基地,10.八王子ＩＣ,16,0,2,140,14,156,8
91,第五ゲート前,東京環状×五日市街道,R4/10,福生,D 横田基地,10.八王子ＩＣ,17,0,0,57,15,72,3
91,第五ゲート前,東京環状×五日市街道,R4/10,福生,D 横田基地,10.八王子ＩＣ,18,0,0,1,0,1,0
91,第五ゲート前,東京環状×五日市街道,R4/10,福生,D 横田基地,10.八王子ＩＣ,12時間計,1,27,377,105,510,17
91,第五ゲート前,東京環状×五日市街道,R4/10,福生,D 横田基地,11.熊川栄通り,7,0,0,15,2,17,2
91,第五ゲート前,東京環状×五日市街道,R4/10,福生,D 横田基地,11.熊川栄通り,8,0,1,20,4,25,0
91,第五ゲート前,東京環状×五日市街道,R4/10,福生,D 横田基地,11.熊川栄通り,9,0,0,16,1,17,0
91,第五ゲート前,東京環状×五日市街道,R4/10,福生,D 横田基地,11.熊川栄通り,10,0,1,16,4,21,0
91,第五ゲート前,東京環状×五日市街道,R4/10,福生,D 横田基地,11.熊川栄通り,11,0,1,53,5,59,2
91,第五ゲート前,東京環状×五日市街道,R4/10,福生,D 横田基地,11.熊川栄通り,12,0,0,22,4,26,0
91,第五ゲート前,東京環状×五日市街道,R4/10,福生,D 横田基地,11.熊川栄通り,13,0,0,31,3,34,0
91,第五ゲート前,東京環状×五日市街道,R4/10,福生,D 横田基地,11.熊川栄通り,14,0,0,33,1,34,0
91,第五ゲート前,東京環状×五日市街道,R4/10,福生,D 横田基地,11.熊川栄通り,15,0,0,53,3,56,0
91,第五ゲート前,東京環状×五日市街道,R4/10,福生,D 横田基地,11.熊川栄通り,16,0,0,128,8,136,5
91,第五ゲート前,東京環状×五日市街道,R4/10,福生,D 横田基地,11.熊川栄通り,17,0,0,54,10,64,0
91,第五ゲート前,東京環状×五日市街道,R4/10,福生,D 横田基地,11.熊川栄通り,18,0,0,0,0,0,0
91,第五ゲート前,東京環状×五日市街道,R4/10,福生,D 横田基地,11.熊川栄通り,12時間計,0,3,441,45,489,9
91,第五ゲート前,東京環状×五日市街道,R4/10,福生,D 横田基地,12.入間,7,2,0,2,0,4,0
91,第五ゲート前,東京環状×五日市街道,R4/10,福生,D 横田基地,12.入間,8,1,0,3,0,4,0
91,第五ゲート前,東京環状×五日市街道,R4/10,福生,D 横田基地,12.入間,9,0,3,8,4,15,0
91,第五ゲート前,東京環状×五日市街道,R4/10,福生,D 横田基地,12.入間,10,0,0,13,3,16,0
91,第五ゲート前,東京環状×五日市街道,R4/10,福生,D 横田基地,12.入間,11,1,0,16,4,21,0
91,第五ゲート前,東京環状×五日市街道,R4/10,福生,D 横田基地,12.入間,12,0,0,8,2,10,0
91,第五ゲート前,東京環状×五日市街道,R4/10,福生,D 横田基地,12.入間,13,0,1,7,4,12,0
91,第五ゲート前,東京環状×五日市街道,R4/10,福生,D 横田基地,12.入間,14,2,6,37,15,60,0
91,第五ゲート前,東京環状×五日市街道,R4/10,福生,D 横田基地,12.入間,15,0,0,14,1,15,0
91,第五ゲート前,東京環状×五日市街道,R4/10,福生,D 横田基地,12.入間,16,0,0,66,12,78,6
91,第五ゲート前,東京環状×五日市街道,R4/10,福生,D 横田基地,12.入間,17,0,0,25,2,27,0
91,第五ゲート前,東京環状×五日市街道,R4/10,福生,D 横田基地,12.入間,18,0,0,1,0,1,0
91,第五ゲート前,東京環状×五日市街道,R4/10,福生,D 横田基地,12.入間,12時間計,6,10,200,47,263,6
91,第五ゲート前,東京環状×五日市街道,R4/10,福生,D 横田基地,流入計,7,2,4,27,4,37,2
91,第五ゲート前,東京環状×五日市街道,R4/10,福生,D 横田基地,流入計,8,1,3,29,7,40,1
91,第五ゲート前,東京環状×五日市街道,R4/10,福生,D 横田基地,流入計,9,0,5,32,9,46,0
91,第五ゲート前,東京環状×五日市街道,R4/10,福生,D 横田基地,流入計,10,0,6,38,14,58,0
91,第五ゲート前,東京環状×五日市街道,R4/10,福生,D 横田基地,流入計,11,1,7,94,26,128,3
91,第五ゲート前,東京環状×五日市街道,R4/10,福生,D 横田基地,流入計,12,0,2,52,11,65,0
91,第五ゲート前,東京環状×五日市街道,R4/10,福生,D 横田基地,流入計,13,1,2,48,17,68,0
91,第五ゲート前,東京環状×五日市街道,R4/10,福生,D 横田基地,流入計,14,2,7,92,26,127,0
91,第五ゲート前,東京環状×五日市街道,R4/10,福生,D 横田基地,流入計,15,0,2,134,22,158,4
91,第五ゲート前,東京環状×五日市街道,R4/10,福生,D 横田基地,流入計,16,0,2,334,34,370,19
91,第五ゲート前,東京環状×五日市街道,R4/10,福生,D 横田基地,流入計,17,0,0,136,27,163,3
91,第五ゲート前,東京環状×五日市街道,R4/10,福生,D 横田基地,流入計,18,0,0,2,0,2,0
91,第五ゲート前,東京環状×五日市街道,R4/10,福生,D 横田基地,流入計,12時間計,7,40,1018,197,1262,32
