﻿地点番号,地点名,交差道路名,調査年月,管轄警察署,流出方向,時間帯等,大型乗用,大型貨物,普通乗用,普通貨物,四輪計,二輪車
91,第五ゲート前,東京環状×五日市街道,R4/10,福生,A 入間,7,3,115,816,253,1187,64
91,第五ゲート前,東京環状×五日市街道,R4/10,福生,A 入間,8,6,119,687,315,1127,55
91,第五ゲート前,東京環状×五日市街道,R4/10,福生,A 入間,9,3,141,596,435,1175,19
91,第五ゲート前,東京環状×五日市街道,R4/10,福生,A 入間,10,1,218,527,508,1254,22
91,第五ゲート前,東京環状×五日市街道,R4/10,福生,A 入間,11,2,198,604,338,1142,27
91,第五ゲート前,東京環状×五日市街道,R4/10,福生,A 入間,12,0,135,545,267,947,9
91,第五ゲート前,東京環状×五日市街道,R4/10,福生,A 入間,13,4,154,614,311,1083,16
91,第五ゲート前,東京環状×五日市街道,R4/10,福生,A 入間,14,10,124,595,376,1105,27
91,第五ゲート前,東京環状×五日市街道,R4/10,福生,A 入間,15,3,155,607,401,1166,28
91,第五ゲート前,東京環状×五日市街道,R4/10,福生,A 入間,16,8,167,807,442,1424,41
91,第五ゲート前,東京環状×五日市街道,R4/10,福生,A 入間,17,7,140,1060,301,1508,53
91,第五ゲート前,東京環状×五日市街道,R4/10,福生,A 入間,18,3,82,942,218,1245,52
91,第五ゲート前,東京環状×五日市街道,R4/10,福生,A 入間,12時間計,50,1748,8400,4165,14363,413
91,第五ゲート前,東京環状×五日市街道,R4/10,福生,B 熊川栄通り,7,1,5,72,30,108,6
91,第五ゲート前,東京環状×五日市街道,R4/10,福生,B 熊川栄通り,8,3,17,164,48,232,3
91,第五ゲート前,東京環状×五日市街道,R4/10,福生,B 熊川栄通り,9,7,12,108,26,153,3
91,第五ゲート前,東京環状×五日市街道,R4/10,福生,B 熊川栄通り,10,1,17,93,45,156,3
91,第五ゲート前,東京環状×五日市街道,R4/10,福生,B 熊川栄通り,11,0,12,152,43,207,5
91,第五ゲート前,東京環状×五日市街道,R4/10,福生,B 熊川栄通り,12,1,13,126,48,188,0
91,第五ゲート前,東京環状×五日市街道,R4/10,福生,B 熊川栄通り,13,2,5,144,42,193,1
91,第五ゲート前,東京環状×五日市街道,R4/10,福生,B 熊川栄通り,14,2,12,174,40,228,8
91,第五ゲート前,東京環状×五日市街道,R4/10,福生,B 熊川栄通り,15,0,10,177,26,213,1
91,第五ゲート前,東京環状×五日市街道,R4/10,福生,B 熊川栄通り,16,2,7,248,35,292,6
91,第五ゲート前,東京環状×五日市街道,R4/10,福生,B 熊川栄通り,17,0,2,211,35,248,5
91,第五ゲート前,東京環状×五日市街道,R4/10,福生,B 熊川栄通り,18,1,1,157,25,184,9
91,第五ゲート前,東京環状×五日市街道,R4/10,福生,B 熊川栄通り,12時間計,20,113,1826,443,2402,50
91,第五ゲート前,東京環状×五日市街道,R4/10,福生,C 八王子ＩＣ,7,8,99,924,497,1528,66
91,第五ゲート前,東京環状×五日市街道,R4/10,福生,C 八王子ＩＣ,8,4,130,833,468,1435,44
91,第五ゲート前,東京環状×五日市街道,R4/10,福生,C 八王子ＩＣ,9,6,172,667,473,1318,22
91,第五ゲート前,東京環状×五日市街道,R4/10,福生,C 八王子ＩＣ,10,4,153,536,307,1000,20
91,第五ゲート前,東京環状×五日市街道,R4/10,福生,C 八王子ＩＣ,11,2,164,592,527,1285,17
91,第五ゲート前,東京環状×五日市街道,R4/10,福生,C 八王子ＩＣ,12,3,112,649,347,1111,23
91,第五ゲート前,東京環状×五日市街道,R4/10,福生,C 八王子ＩＣ,13,5,153,689,415,1262,25
91,第五ゲート前,東京環状×五日市街道,R4/10,福生,C 八王子ＩＣ,14,4,119,716,393,1232,17
91,第五ゲート前,東京環状×五日市街道,R4/10,福生,C 八王子ＩＣ,15,5,102,929,390,1426,37
91,第五ゲート前,東京環状×五日市街道,R4/10,福生,C 八王子ＩＣ,16,10,97,1035,341,1483,50
91,第五ゲート前,東京環状×五日市街道,R4/10,福生,C 八王子ＩＣ,17,4,63,1196,408,1671,65
91,第五ゲート前,東京環状×五日市街道,R4/10,福生,C 八王子ＩＣ,18,5,58,1269,288,1620,43
91,第五ゲート前,東京環状×五日市街道,R4/10,福生,C 八王子ＩＣ,12時間計,60,1422,10035,4854,16371,429
91,第五ゲート前,東京環状×五日市街道,R4/10,福生,D 横田基地,7,0,4,77,29,110,2
91,第五ゲート前,東京環状×五日市街道,R4/10,福生,D 横田基地,8,0,4,65,28,97,0
91,第五ゲート前,東京環状×五日市街道,R4/10,福生,D 横田基地,9,0,7,82,33,122,0
91,第五ゲート前,東京環状×五日市街道,R4/10,福生,D 横田基地,10,0,3,52,27,82,1
91,第五ゲート前,東京環状×五日市街道,R4/10,福生,D 横田基地,11,0,5,51,16,72,1
91,第五ゲート前,東京環状×五日市街道,R4/10,福生,D 横田基地,12,0,1,78,18,97,4
91,第五ゲート前,東京環状×五日市街道,R4/10,福生,D 横田基地,13,0,2,50,23,75,3
91,第五ゲート前,東京環状×五日市街道,R4/10,福生,D 横田基地,14,2,0,43,26,71,1
91,第五ゲート前,東京環状×五日市街道,R4/10,福生,D 横田基地,15,0,4,26,11,41,0
91,第五ゲート前,東京環状×五日市街道,R4/10,福生,D 横田基地,16,0,1,30,9,40,0
91,第五ゲート前,東京環状×五日市街道,R4/10,福生,D 横田基地,17,0,0,25,0,25,0
91,第五ゲート前,東京環状×五日市街道,R4/10,福生,D 横田基地,18,0,0,0,0,0,0
91,第五ゲート前,東京環状×五日市街道,R4/10,福生,D 横田基地,12時間計,2,31,579,220,832,12
91,第五ゲート前,東京環状×五日市街道,R4/10,福生,全方向合計,7,12,223,1889,809,2933,138
91,第五ゲート前,東京環状×五日市街道,R4/10,福生,全方向合計,8,13,270,1749,859,2891,102
91,第五ゲート前,東京環状×五日市街道,R4/10,福生,全方向合計,9,16,332,1453,967,2768,44
91,第五ゲート前,東京環状×五日市街道,R4/10,福生,全方向合計,10,6,391,1208,887,2492,46
91,第五ゲート前,東京環状×五日市街道,R4/10,福生,全方向合計,11,4,379,1399,924,2706,50
91,第五ゲート前,東京環状×五日市街道,R4/10,福生,全方向合計,12,4,261,1398,680,2343,36
91,第五ゲート前,東京環状×五日市街道,R4/10,福生,全方向合計,13,11,314,1497,791,2613,45
91,第五ゲート前,東京環状×五日市街道,R4/10,福生,全方向合計,14,18,255,1528,835,2636,53
91,第五ゲート前,東京環状×五日市街道,R4/10,福生,全方向合計,15,8,271,1739,828,2846,66
91,第五ゲート前,東京環状×五日市街道,R4/10,福生,全方向合計,16,20,272,2120,827,3239,97
91,第五ゲート前,東京環状×五日市街道,R4/10,福生,全方向合計,17,11,205,2492,744,3452,123
91,第五ゲート前,東京環状×五日市街道,R4/10,福生,全方向合計,18,9,141,2368,531,3049,104
91,第五ゲート前,東京環状×五日市街道,R4/10,福生,全方向合計,12時間計,132,3314,20840,9682,33968,904
