﻿地点番号,地点名,交差道路名,調査年月,管轄警察署,流入方向,流出方向,時間帯等,車道通行自転車,歩道通行自転車,自転車計
91,第五ゲート前,東京環状×五日市街道,R4/10,福生,A 入間,1横田基地,7,0,-,-
91,第五ゲート前,東京環状×五日市街道,R4/10,福生,A 入間,1横田基地,8,0,-,-
91,第五ゲート前,東京環状×五日市街道,R4/10,福生,A 入間,1横田基地,9,0,-,-
91,第五ゲート前,東京環状×五日市街道,R4/10,福生,A 入間,1横田基地,10,0,-,-
91,第五ゲート前,東京環状×五日市街道,R4/10,福生,A 入間,1横田基地,11,0,-,-
91,第五ゲート前,東京環状×五日市街道,R4/10,福生,A 入間,1横田基地,12,0,-,-
91,第五ゲート前,東京環状×五日市街道,R4/10,福生,A 入間,1横田基地,13,0,-,-
91,第五ゲート前,東京環状×五日市街道,R4/10,福生,A 入間,1横田基地,14,0,-,-
91,第五ゲート前,東京環状×五日市街道,R4/10,福生,A 入間,1横田基地,15,0,-,-
91,第五ゲート前,東京環状×五日市街道,R4/10,福生,A 入間,1横田基地,16,0,-,-
91,第五ゲート前,東京環状×五日市街道,R4/10,福生,A 入間,1横田基地,17,0,-,-
91,第五ゲート前,東京環状×五日市街道,R4/10,福生,A 入間,1横田基地,18,0,-,-
91,第五ゲート前,東京環状×五日市街道,R4/10,福生,A 入間,1横田基地,12時間計,0,-,-
91,第五ゲート前,東京環状×五日市街道,R4/10,福生,A 入間,2八王子ＩＣ,7,0,-,-
91,第五ゲート前,東京環状×五日市街道,R4/10,福生,A 入間,2八王子ＩＣ,8,0,-,-
91,第五ゲート前,東京環状×五日市街道,R4/10,福生,A 入間,2八王子ＩＣ,9,0,-,-
91,第五ゲート前,東京環状×五日市街道,R4/10,福生,A 入間,2八王子ＩＣ,10,0,-,-
91,第五ゲート前,東京環状×五日市街道,R4/10,福生,A 入間,2八王子ＩＣ,11,0,-,-
91,第五ゲート前,東京環状×五日市街道,R4/10,福生,A 入間,2八王子ＩＣ,12,0,-,-
91,第五ゲート前,東京環状×五日市街道,R4/10,福生,A 入間,2八王子ＩＣ,13,1,-,-
91,第五ゲート前,東京環状×五日市街道,R4/10,福生,A 入間,2八王子ＩＣ,14,0,-,-
91,第五ゲート前,東京環状×五日市街道,R4/10,福生,A 入間,2八王子ＩＣ,15,3,-,-
91,第五ゲート前,東京環状×五日市街道,R4/10,福生,A 入間,2八王子ＩＣ,16,0,-,-
91,第五ゲート前,東京環状×五日市街道,R4/10,福生,A 入間,2八王子ＩＣ,17,1,-,-
91,第五ゲート前,東京環状×五日市街道,R4/10,福生,A 入間,2八王子ＩＣ,18,1,-,-
91,第五ゲート前,東京環状×五日市街道,R4/10,福生,A 入間,2八王子ＩＣ,12時間計,6,-,-
91,第五ゲート前,東京環状×五日市街道,R4/10,福生,A 入間,3熊川栄通り,7,0,-,-
91,第五ゲート前,東京環状×五日市街道,R4/10,福生,A 入間,3熊川栄通り,8,0,-,-
91,第五ゲート前,東京環状×五日市街道,R4/10,福生,A 入間,3熊川栄通り,9,0,-,-
91,第五ゲート前,東京環状×五日市街道,R4/10,福生,A 入間,3熊川栄通り,10,0,-,-
91,第五ゲート前,東京環状×五日市街道,R4/10,福生,A 入間,3熊川栄通り,11,0,-,-
91,第五ゲート前,東京環状×五日市街道,R4/10,福生,A 入間,3熊川栄通り,12,0,-,-
91,第五ゲート前,東京環状×五日市街道,R4/10,福生,A 入間,3熊川栄通り,13,0,-,-
91,第五ゲート前,東京環状×五日市街道,R4/10,福生,A 入間,3熊川栄通り,14,0,-,-
91,第五ゲート前,東京環状×五日市街道,R4/10,福生,A 入間,3熊川栄通り,15,0,-,-
91,第五ゲート前,東京環状×五日市街道,R4/10,福生,A 入間,3熊川栄通り,16,0,-,-
91,第五ゲート前,東京環状×五日市街道,R4/10,福生,A 入間,3熊川栄通り,17,0,-,-
91,第五ゲート前,東京環状×五日市街道,R4/10,福生,A 入間,3熊川栄通り,18,0,-,-
91,第五ゲート前,東京環状×五日市街道,R4/10,福生,A 入間,3熊川栄通り,12時間計,0,-,-
91,第五ゲート前,東京環状×五日市街道,R4/10,福生,A 入間,流入計,7,0,8,8
91,第五ゲート前,東京環状×五日市街道,R4/10,福生,A 入間,流入計,8,0,6,6
91,第五ゲート前,東京環状×五日市街道,R4/10,福生,A 入間,流入計,9,0,2,2
91,第五ゲート前,東京環状×五日市街道,R4/10,福生,A 入間,流入計,10,0,3,3
91,第五ゲート前,東京環状×五日市街道,R4/10,福生,A 入間,流入計,11,0,7,7
91,第五ゲート前,東京環状×五日市街道,R4/10,福生,A 入間,流入計,12,0,3,3
91,第五ゲート前,東京環状×五日市街道,R4/10,福生,A 入間,流入計,13,1,5,6
91,第五ゲート前,東京環状×五日市街道,R4/10,福生,A 入間,流入計,14,0,5,5
91,第五ゲート前,東京環状×五日市街道,R4/10,福生,A 入間,流入計,15,3,0,3
91,第五ゲート前,東京環状×五日市街道,R4/10,福生,A 入間,流入計,16,0,0,0
91,第五ゲート前,東京環状×五日市街道,R4/10,福生,A 入間,流入計,17,1,2,3
91,第五ゲート前,東京環状×五日市街道,R4/10,福生,A 入間,流入計,18,1,0,1
91,第五ゲート前,東京環状×五日市街道,R4/10,福生,A 入間,流入計,12時間計,6,41,47
91,第五ゲート前,東京環状×五日市街道,R4/10,福生,B 熊川栄通り,4入間,7,0,-,-
91,第五ゲート前,東京環状×五日市街道,R4/10,福生,B 熊川栄通り,4入間,8,0,-,-
91,第五ゲート前,東京環状×五日市街道,R4/10,福生,B 熊川栄通り,4入間,9,0,-,-
91,第五ゲート前,東京環状×五日市街道,R4/10,福生,B 熊川栄通り,4入間,10,0,-,-
91,第五ゲート前,東京環状×五日市街道,R4/10,福生,B 熊川栄通り,4入間,11,0,-,-
91,第五ゲート前,東京環状×五日市街道,R4/10,福生,B 熊川栄通り,4入間,12,0,-,-
91,第五ゲート前,東京環状×五日市街道,R4/10,福生,B 熊川栄通り,4入間,13,0,-,-
91,第五ゲート前,東京環状×五日市街道,R4/10,福生,B 熊川栄通り,4入間,14,0,-,-
91,第五ゲート前,東京環状×五日市街道,R4/10,福生,B 熊川栄通り,4入間,15,0,-,-
91,第五ゲート前,東京環状×五日市街道,R4/10,福生,B 熊川栄通り,4入間,16,0,-,-
91,第五ゲート前,東京環状×五日市街道,R4/10,福生,B 熊川栄通り,4入間,17,0,-,-
91,第五ゲート前,東京環状×五日市街道,R4/10,福生,B 熊川栄通り,4入間,18,0,-,-
91,第五ゲート前,東京環状×五日市街道,R4/10,福生,B 熊川栄通り,4入間,12時間計,0,-,-
91,第五ゲート前,東京環状×五日市街道,R4/10,福生,B 熊川栄通り,5横田基地,7,3,-,-
91,第五ゲート前,東京環状×五日市街道,R4/10,福生,B 熊川栄通り,5横田基地,8,2,-,-
91,第五ゲート前,東京環状×五日市街道,R4/10,福生,B 熊川栄通り,5横田基地,9,0,-,-
91,第五ゲート前,東京環状×五日市街道,R4/10,福生,B 熊川栄通り,5横田基地,10,0,-,-
91,第五ゲート前,東京環状×五日市街道,R4/10,福生,B 熊川栄通り,5横田基地,11,0,-,-
91,第五ゲート前,東京環状×五日市街道,R4/10,福生,B 熊川栄通り,5横田基地,12,0,-,-
91,第五ゲート前,東京環状×五日市街道,R4/10,福生,B 熊川栄通り,5横田基地,13,0,-,-
91,第五ゲート前,東京環状×五日市街道,R4/10,福生,B 熊川栄通り,5横田基地,14,0,-,-
91,第五ゲート前,東京環状×五日市街道,R4/10,福生,B 熊川栄通り,5横田基地,15,0,-,-
91,第五ゲート前,東京環状×五日市街道,R4/10,福生,B 熊川栄通り,5横田基地,16,0,-,-
91,第五ゲート前,東京環状×五日市街道,R4/10,福生,B 熊川栄通り,5横田基地,17,0,-,-
91,第五ゲート前,東京環状×五日市街道,R4/10,福生,B 熊川栄通り,5横田基地,18,0,-,-
91,第五ゲート前,東京環状×五日市街道,R4/10,福生,B 熊川栄通り,5横田基地,12時間計,5,-,-
91,第五ゲート前,東京環状×五日市街道,R4/10,福生,B 熊川栄通り,6八王子ＩＣ,7,0,-,-
91,第五ゲート前,東京環状×五日市街道,R4/10,福生,B 熊川栄通り,6八王子ＩＣ,8,0,-,-
91,第五ゲート前,東京環状×五日市街道,R4/10,福生,B 熊川栄通り,6八王子ＩＣ,9,0,-,-
91,第五ゲート前,東京環状×五日市街道,R4/10,福生,B 熊川栄通り,6八王子ＩＣ,10,0,-,-
91,第五ゲート前,東京環状×五日市街道,R4/10,福生,B 熊川栄通り,6八王子ＩＣ,11,0,-,-
91,第五ゲート前,東京環状×五日市街道,R4/10,福生,B 熊川栄通り,6八王子ＩＣ,12,0,-,-
91,第五ゲート前,東京環状×五日市街道,R4/10,福生,B 熊川栄通り,6八王子ＩＣ,13,0,-,-
91,第五ゲート前,東京環状×五日市街道,R4/10,福生,B 熊川栄通り,6八王子ＩＣ,14,1,-,-
91,第五ゲート前,東京環状×五日市街道,R4/10,福生,B 熊川栄通り,6八王子ＩＣ,15,0,-,-
91,第五ゲート前,東京環状×五日市街道,R4/10,福生,B 熊川栄通り,6八王子ＩＣ,16,0,-,-
91,第五ゲート前,東京環状×五日市街道,R4/10,福生,B 熊川栄通り,6八王子ＩＣ,17,0,-,-
91,第五ゲート前,東京環状×五日市街道,R4/10,福生,B 熊川栄通り,6八王子ＩＣ,18,0,-,-
91,第五ゲート前,東京環状×五日市街道,R4/10,福生,B 熊川栄通り,6八王子ＩＣ,12時間計,1,-,-
91,第五ゲート前,東京環状×五日市街道,R4/10,福生,B 熊川栄通り,流入計,7,3,24,27
91,第五ゲート前,東京環状×五日市街道,R4/10,福生,B 熊川栄通り,流入計,8,2,44,46
91,第五ゲート前,東京環状×五日市街道,R4/10,福生,B 熊川栄通り,流入計,9,0,3,3
91,第五ゲート前,東京環状×五日市街道,R4/10,福生,B 熊川栄通り,流入計,10,0,7,7
91,第五ゲート前,東京環状×五日市街道,R4/10,福生,B 熊川栄通り,流入計,11,0,5,5
91,第五ゲート前,東京環状×五日市街道,R4/10,福生,B 熊川栄通り,流入計,12,0,10,10
91,第五ゲート前,東京環状×五日市街道,R4/10,福生,B 熊川栄通り,流入計,13,0,9,9
91,第五ゲート前,東京環状×五日市街道,R4/10,福生,B 熊川栄通り,流入計,14,1,15,16
91,第五ゲート前,東京環状×五日市街道,R4/10,福生,B 熊川栄通り,流入計,15,0,4,4
91,第五ゲート前,東京環状×五日市街道,R4/10,福生,B 熊川栄通り,流入計,16,0,11,11
91,第五ゲート前,東京環状×五日市街道,R4/10,福生,B 熊川栄通り,流入計,17,0,28,28
91,第五ゲート前,東京環状×五日市街道,R4/10,福生,B 熊川栄通り,流入計,18,0,21,21
91,第五ゲート前,東京環状×五日市街道,R4/10,福生,B 熊川栄通り,流入計,12時間計,6,181,187
91,第五ゲート前,東京環状×五日市街道,R4/10,福生,C 八王子ＩＣ,7熊川栄通り,7,0,-,-
91,第五ゲート前,東京環状×五日市街道,R4/10,福生,C 八王子ＩＣ,7熊川栄通り,8,0,-,-
91,第五ゲート前,東京環状×五日市街道,R4/10,福生,C 八王子ＩＣ,7熊川栄通り,9,0,-,-
91,第五ゲート前,東京環状×五日市街道,R4/10,福生,C 八王子ＩＣ,7熊川栄通り,10,0,-,-
91,第五ゲート前,東京環状×五日市街道,R4/10,福生,C 八王子ＩＣ,7熊川栄通り,11,0,-,-
91,第五ゲート前,東京環状×五日市街道,R4/10,福生,C 八王子ＩＣ,7熊川栄通り,12,0,-,-
91,第五ゲート前,東京環状×五日市街道,R4/10,福生,C 八王子ＩＣ,7熊川栄通り,13,0,-,-
91,第五ゲート前,東京環状×五日市街道,R4/10,福生,C 八王子ＩＣ,7熊川栄通り,14,0,-,-
91,第五ゲート前,東京環状×五日市街道,R4/10,福生,C 八王子ＩＣ,7熊川栄通り,15,0,-,-
91,第五ゲート前,東京環状×五日市街道,R4/10,福生,C 八王子ＩＣ,7熊川栄通り,16,0,-,-
91,第五ゲート前,東京環状×五日市街道,R4/10,福生,C 八王子ＩＣ,7熊川栄通り,17,1,-,-
91,第五ゲート前,東京環状×五日市街道,R4/10,福生,C 八王子ＩＣ,7熊川栄通り,18,0,-,-
91,第五ゲート前,東京環状×五日市街道,R4/10,福生,C 八王子ＩＣ,7熊川栄通り,12時間計,1,-,-
91,第五ゲート前,東京環状×五日市街道,R4/10,福生,C 八王子ＩＣ,8入間,7,22,-,-
91,第五ゲート前,東京環状×五日市街道,R4/10,福生,C 八王子ＩＣ,8入間,8,9,-,-
91,第五ゲート前,東京環状×五日市街道,R4/10,福生,C 八王子ＩＣ,8入間,9,2,-,-
91,第五ゲート前,東京環状×五日市街道,R4/10,福生,C 八王子ＩＣ,8入間,10,0,-,-
91,第五ゲート前,東京環状×五日市街道,R4/10,福生,C 八王子ＩＣ,8入間,11,0,-,-
91,第五ゲート前,東京環状×五日市街道,R4/10,福生,C 八王子ＩＣ,8入間,12,0,-,-
91,第五ゲート前,東京環状×五日市街道,R4/10,福生,C 八王子ＩＣ,8入間,13,0,-,-
91,第五ゲート前,東京環状×五日市街道,R4/10,福生,C 八王子ＩＣ,8入間,14,4,-,-
91,第五ゲート前,東京環状×五日市街道,R4/10,福生,C 八王子ＩＣ,8入間,15,0,-,-
91,第五ゲート前,東京環状×五日市街道,R4/10,福生,C 八王子ＩＣ,8入間,16,0,-,-
91,第五ゲート前,東京環状×五日市街道,R4/10,福生,C 八王子ＩＣ,8入間,17,5,-,-
91,第五ゲート前,東京環状×五日市街道,R4/10,福生,C 八王子ＩＣ,8入間,18,4,-,-
91,第五ゲート前,東京環状×五日市街道,R4/10,福生,C 八王子ＩＣ,8入間,12時間計,46,-,-
91,第五ゲート前,東京環状×五日市街道,R4/10,福生,C 八王子ＩＣ,9横田基地,7,0,-,-
91,第五ゲート前,東京環状×五日市街道,R4/10,福生,C 八王子ＩＣ,9横田基地,8,0,-,-
91,第五ゲート前,東京環状×五日市街道,R4/10,福生,C 八王子ＩＣ,9横田基地,9,0,-,-
91,第五ゲート前,東京環状×五日市街道,R4/10,福生,C 八王子ＩＣ,9横田基地,10,0,-,-
91,第五ゲート前,東京環状×五日市街道,R4/10,福生,C 八王子ＩＣ,9横田基地,11,0,-,-
91,第五ゲート前,東京環状×五日市街道,R4/10,福生,C 八王子ＩＣ,9横田基地,12,0,-,-
91,第五ゲート前,東京環状×五日市街道,R4/10,福生,C 八王子ＩＣ,9横田基地,13,0,-,-
91,第五ゲート前,東京環状×五日市街道,R4/10,福生,C 八王子ＩＣ,9横田基地,14,0,-,-
91,第五ゲート前,東京環状×五日市街道,R4/10,福生,C 八王子ＩＣ,9横田基地,15,0,-,-
91,第五ゲート前,東京環状×五日市街道,R4/10,福生,C 八王子ＩＣ,9横田基地,16,0,-,-
91,第五ゲート前,東京環状×五日市街道,R4/10,福生,C 八王子ＩＣ,9横田基地,17,0,-,-
91,第五ゲート前,東京環状×五日市街道,R4/10,福生,C 八王子ＩＣ,9横田基地,18,0,-,-
91,第五ゲート前,東京環状×五日市街道,R4/10,福生,C 八王子ＩＣ,9横田基地,12時間計,0,-,-
91,第五ゲート前,東京環状×五日市街道,R4/10,福生,C 八王子ＩＣ,流入計,7,22,39,61
91,第五ゲート前,東京環状×五日市街道,R4/10,福生,C 八王子ＩＣ,流入計,8,9,38,47
91,第五ゲート前,東京環状×五日市街道,R4/10,福生,C 八王子ＩＣ,流入計,9,2,8,10
91,第五ゲート前,東京環状×五日市街道,R4/10,福生,C 八王子ＩＣ,流入計,10,0,9,9
91,第五ゲート前,東京環状×五日市街道,R4/10,福生,C 八王子ＩＣ,流入計,11,0,11,11
91,第五ゲート前,東京環状×五日市街道,R4/10,福生,C 八王子ＩＣ,流入計,12,0,6,6
91,第五ゲート前,東京環状×五日市街道,R4/10,福生,C 八王子ＩＣ,流入計,13,0,2,2
91,第五ゲート前,東京環状×五日市街道,R4/10,福生,C 八王子ＩＣ,流入計,14,4,13,17
91,第五ゲート前,東京環状×五日市街道,R4/10,福生,C 八王子ＩＣ,流入計,15,0,13,13
91,第五ゲート前,東京環状×五日市街道,R4/10,福生,C 八王子ＩＣ,流入計,16,0,9,9
91,第五ゲート前,東京環状×五日市街道,R4/10,福生,C 八王子ＩＣ,流入計,17,6,18,24
91,第五ゲート前,東京環状×五日市街道,R4/10,福生,C 八王子ＩＣ,流入計,18,4,6,10
91,第五ゲート前,東京環状×五日市街道,R4/10,福生,C 八王子ＩＣ,流入計,12時間計,47,172,219
91,第五ゲート前,東京環状×五日市街道,R4/10,福生,D 横田基地,10八王子ＩＣ,7,0,-,-
91,第五ゲート前,東京環状×五日市街道,R4/10,福生,D 横田基地,10八王子ＩＣ,8,0,-,-
91,第五ゲート前,東京環状×五日市街道,R4/10,福生,D 横田基地,10八王子ＩＣ,9,0,-,-
91,第五ゲート前,東京環状×五日市街道,R4/10,福生,D 横田基地,10八王子ＩＣ,10,0,-,-
91,第五ゲート前,東京環状×五日市街道,R4/10,福生,D 横田基地,10八王子ＩＣ,11,0,-,-
91,第五ゲート前,東京環状×五日市街道,R4/10,福生,D 横田基地,10八王子ＩＣ,12,0,-,-
91,第五ゲート前,東京環状×五日市街道,R4/10,福生,D 横田基地,10八王子ＩＣ,13,0,-,-
91,第五ゲート前,東京環状×五日市街道,R4/10,福生,D 横田基地,10八王子ＩＣ,14,0,-,-
91,第五ゲート前,東京環状×五日市街道,R4/10,福生,D 横田基地,10八王子ＩＣ,15,0,-,-
91,第五ゲート前,東京環状×五日市街道,R4/10,福生,D 横田基地,10八王子ＩＣ,16,0,-,-
91,第五ゲート前,東京環状×五日市街道,R4/10,福生,D 横田基地,10八王子ＩＣ,17,0,-,-
91,第五ゲート前,東京環状×五日市街道,R4/10,福生,D 横田基地,10八王子ＩＣ,18,0,-,-
91,第五ゲート前,東京環状×五日市街道,R4/10,福生,D 横田基地,10八王子ＩＣ,12時間計,0,-,-
91,第五ゲート前,東京環状×五日市街道,R4/10,福生,D 横田基地,11熊川栄通り,7,0,-,-
91,第五ゲート前,東京環状×五日市街道,R4/10,福生,D 横田基地,11熊川栄通り,8,0,-,-
91,第五ゲート前,東京環状×五日市街道,R4/10,福生,D 横田基地,11熊川栄通り,9,0,-,-
91,第五ゲート前,東京環状×五日市街道,R4/10,福生,D 横田基地,11熊川栄通り,10,0,-,-
91,第五ゲート前,東京環状×五日市街道,R4/10,福生,D 横田基地,11熊川栄通り,11,0,-,-
91,第五ゲート前,東京環状×五日市街道,R4/10,福生,D 横田基地,11熊川栄通り,12,0,-,-
91,第五ゲート前,東京環状×五日市街道,R4/10,福生,D 横田基地,11熊川栄通り,13,0,-,-
91,第五ゲート前,東京環状×五日市街道,R4/10,福生,D 横田基地,11熊川栄通り,14,0,-,-
91,第五ゲート前,東京環状×五日市街道,R4/10,福生,D 横田基地,11熊川栄通り,15,0,-,-
91,第五ゲート前,東京環状×五日市街道,R4/10,福生,D 横田基地,11熊川栄通り,16,0,-,-
91,第五ゲート前,東京環状×五日市街道,R4/10,福生,D 横田基地,11熊川栄通り,17,0,-,-
91,第五ゲート前,東京環状×五日市街道,R4/10,福生,D 横田基地,11熊川栄通り,18,0,-,-
91,第五ゲート前,東京環状×五日市街道,R4/10,福生,D 横田基地,11熊川栄通り,12時間計,0,-,-
91,第五ゲート前,東京環状×五日市街道,R4/10,福生,D 横田基地,12入間,7,0,-,-
91,第五ゲート前,東京環状×五日市街道,R4/10,福生,D 横田基地,12入間,8,0,-,-
91,第五ゲート前,東京環状×五日市街道,R4/10,福生,D 横田基地,12入間,9,0,-,-
91,第五ゲート前,東京環状×五日市街道,R4/10,福生,D 横田基地,12入間,10,0,-,-
91,第五ゲート前,東京環状×五日市街道,R4/10,福生,D 横田基地,12入間,11,0,-,-
91,第五ゲート前,東京環状×五日市街道,R4/10,福生,D 横田基地,12入間,12,0,-,-
91,第五ゲート前,東京環状×五日市街道,R4/10,福生,D 横田基地,12入間,13,0,-,-
91,第五ゲート前,東京環状×五日市街道,R4/10,福生,D 横田基地,12入間,14,0,-,-
91,第五ゲート前,東京環状×五日市街道,R4/10,福生,D 横田基地,12入間,15,0,-,-
91,第五ゲート前,東京環状×五日市街道,R4/10,福生,D 横田基地,12入間,16,0,-,-
91,第五ゲート前,東京環状×五日市街道,R4/10,福生,D 横田基地,12入間,17,0,-,-
91,第五ゲート前,東京環状×五日市街道,R4/10,福生,D 横田基地,12入間,18,0,-,-
91,第五ゲート前,東京環状×五日市街道,R4/10,福生,D 横田基地,12入間,12時間計,0,-,-
91,第五ゲート前,東京環状×五日市街道,R4/10,福生,D 横田基地,流入計,7,0,0,0
91,第五ゲート前,東京環状×五日市街道,R4/10,福生,D 横田基地,流入計,8,0,0,0
91,第五ゲート前,東京環状×五日市街道,R4/10,福生,D 横田基地,流入計,9,0,1,1
91,第五ゲート前,東京環状×五日市街道,R4/10,福生,D 横田基地,流入計,10,0,2,2
91,第五ゲート前,東京環状×五日市街道,R4/10,福生,D 横田基地,流入計,11,0,4,4
91,第五ゲート前,東京環状×五日市街道,R4/10,福生,D 横田基地,流入計,12,0,1,1
91,第五ゲート前,東京環状×五日市街道,R4/10,福生,D 横田基地,流入計,13,0,0,0
91,第五ゲート前,東京環状×五日市街道,R4/10,福生,D 横田基地,流入計,14,0,5,5
91,第五ゲート前,東京環状×五日市街道,R4/10,福生,D 横田基地,流入計,15,0,6,6
91,第五ゲート前,東京環状×五日市街道,R4/10,福生,D 横田基地,流入計,16,0,16,16
91,第五ゲート前,東京環状×五日市街道,R4/10,福生,D 横田基地,流入計,17,0,8,8
91,第五ゲート前,東京環状×五日市街道,R4/10,福生,D 横田基地,流入計,18,0,8,8
91,第五ゲート前,東京環状×五日市街道,R4/10,福生,D 横田基地,流入計,12時間計,0,51,51
91,第五ゲート前,東京環状×五日市街道,R4/10,福生,全方向計,全方向計,7,25,71,96
91,第五ゲート前,東京環状×五日市街道,R4/10,福生,全方向計,全方向計,8,11,88,99
91,第五ゲート前,東京環状×五日市街道,R4/10,福生,全方向計,全方向計,9,2,14,16
91,第五ゲート前,東京環状×五日市街道,R4/10,福生,全方向計,全方向計,10,0,21,21
91,第五ゲート前,東京環状×五日市街道,R4/10,福生,全方向計,全方向計,11,0,27,27
91,第五ゲート前,東京環状×五日市街道,R4/10,福生,全方向計,全方向計,12,0,20,20
91,第五ゲート前,東京環状×五日市街道,R4/10,福生,全方向計,全方向計,13,1,16,17
91,第五ゲート前,東京環状×五日市街道,R4/10,福生,全方向計,全方向計,14,5,38,43
91,第五ゲート前,東京環状×五日市街道,R4/10,福生,全方向計,全方向計,15,3,23,26
91,第五ゲート前,東京環状×五日市街道,R4/10,福生,全方向計,全方向計,16,0,36,36
91,第五ゲート前,東京環状×五日市街道,R4/10,福生,全方向計,全方向計,17,7,56,63
91,第五ゲート前,東京環状×五日市街道,R4/10,福生,全方向計,全方向計,18,5,35,40
91,第五ゲート前,東京環状×五日市街道,R4/10,福生,全方向計,全方向計,12時間計,59,445,504
