﻿地点番号,地点名,交差道路名,調査年月,管轄警察署,流出方向,時間帯等,大型乗用,大型貨物,普通乗用,普通貨物,四輪計,二輪車
4,四谷見附,外堀通り×新宿通り,R4/11,四谷,A 市ヶ谷,7,5,2,239,132,378,23
4,四谷見附,外堀通り×新宿通り,R4/11,四谷,A 市ヶ谷,8,9,3,289,177,478,24
4,四谷見附,外堀通り×新宿通り,R4/11,四谷,A 市ヶ谷,9,0,13,304,191,508,27
4,四谷見附,外堀通り×新宿通り,R4/11,四谷,A 市ヶ谷,10,7,11,420,196,634,29
4,四谷見附,外堀通り×新宿通り,R4/11,四谷,A 市ヶ谷,11,8,11,396,207,622,27
4,四谷見附,外堀通り×新宿通り,R4/11,四谷,A 市ヶ谷,12,1,7,373,191,572,51
4,四谷見附,外堀通り×新宿通り,R4/11,四谷,A 市ヶ谷,13,1,12,331,175,519,30
4,四谷見附,外堀通り×新宿通り,R4/11,四谷,A 市ヶ谷,14,1,11,400,166,578,25
4,四谷見附,外堀通り×新宿通り,R4/11,四谷,A 市ヶ谷,15,3,10,422,186,621,36
4,四谷見附,外堀通り×新宿通り,R4/11,四谷,A 市ヶ谷,16,6,9,478,170,663,36
4,四谷見附,外堀通り×新宿通り,R4/11,四谷,A 市ヶ谷,17,5,4,538,153,700,47
4,四谷見附,外堀通り×新宿通り,R4/11,四谷,A 市ヶ谷,18,8,1,484,110,603,41
4,四谷見附,外堀通り×新宿通り,R4/11,四谷,A 市ヶ谷,12時間計,54,94,4674,2054,6876,396
4,四谷見附,外堀通り×新宿通り,R4/11,四谷,B 新宿,7,14,19,511,587,1131,63
4,四谷見附,外堀通り×新宿通り,R4/11,四谷,B 新宿,8,22,22,673,348,1065,66
4,四谷見附,外堀通り×新宿通り,R4/11,四谷,B 新宿,9,21,30,750,548,1349,30
4,四谷見附,外堀通り×新宿通り,R4/11,四谷,B 新宿,10,10,28,747,598,1383,54
4,四谷見附,外堀通り×新宿通り,R4/11,四谷,B 新宿,11,3,31,698,533,1265,67
4,四谷見附,外堀通り×新宿通り,R4/11,四谷,B 新宿,12,3,26,790,431,1250,71
4,四谷見附,外堀通り×新宿通り,R4/11,四谷,B 新宿,13,5,21,735,442,1203,55
4,四谷見附,外堀通り×新宿通り,R4/11,四谷,B 新宿,14,12,22,866,534,1434,71
4,四谷見附,外堀通り×新宿通り,R4/11,四谷,B 新宿,15,14,30,841,392,1277,76
4,四谷見附,外堀通り×新宿通り,R4/11,四谷,B 新宿,16,8,16,981,379,1384,93
4,四谷見附,外堀通り×新宿通り,R4/11,四谷,B 新宿,17,10,20,1147,429,1606,122
4,四谷見附,外堀通り×新宿通り,R4/11,四谷,B 新宿,18,5,11,1148,212,1376,78
4,四谷見附,外堀通り×新宿通り,R4/11,四谷,B 新宿,12時間計,127,276,9887,5433,15723,846
4,四谷見附,外堀通り×新宿通り,R4/11,四谷,C 赤坂見附,7,2,2,413,181,598,54
4,四谷見附,外堀通り×新宿通り,R4/11,四谷,C 赤坂見附,8,3,5,528,244,780,44
4,四谷見附,外堀通り×新宿通り,R4/11,四谷,C 赤坂見附,9,5,10,524,262,801,57
4,四谷見附,外堀通り×新宿通り,R4/11,四谷,C 赤坂見附,10,4,16,616,212,848,52
4,四谷見附,外堀通り×新宿通り,R4/11,四谷,C 赤坂見附,11,4,10,720,180,914,39
4,四谷見附,外堀通り×新宿通り,R4/11,四谷,C 赤坂見附,12,3,9,584,183,779,49
4,四谷見附,外堀通り×新宿通り,R4/11,四谷,C 赤坂見附,13,2,4,577,159,742,26
4,四谷見附,外堀通り×新宿通り,R4/11,四谷,C 赤坂見附,14,4,6,539,206,755,50
4,四谷見附,外堀通り×新宿通り,R4/11,四谷,C 赤坂見附,15,2,12,588,198,800,38
4,四谷見附,外堀通り×新宿通り,R4/11,四谷,C 赤坂見附,16,9,6,734,162,911,35
4,四谷見附,外堀通り×新宿通り,R4/11,四谷,C 赤坂見附,17,1,5,826,139,971,40
4,四谷見附,外堀通り×新宿通り,R4/11,四谷,C 赤坂見附,18,2,3,735,80,820,34
4,四谷見附,外堀通り×新宿通り,R4/11,四谷,C 赤坂見附,12時間計,41,88,7384,2206,9719,518
4,四谷見附,外堀通り×新宿通り,R4/11,四谷,D 麹町,7,14,17,671,393,1095,95
4,四谷見附,外堀通り×新宿通り,R4/11,四谷,D 麹町,8,10,38,768,422,1238,79
4,四谷見附,外堀通り×新宿通り,R4/11,四谷,D 麹町,9,18,31,783,343,1175,61
4,四谷見附,外堀通り×新宿通り,R4/11,四谷,D 麹町,10,9,19,748,337,1113,51
4,四谷見附,外堀通り×新宿通り,R4/11,四谷,D 麹町,11,9,26,809,433,1277,63
4,四谷見附,外堀通り×新宿通り,R4/11,四谷,D 麹町,12,6,23,721,332,1082,60
4,四谷見附,外堀通り×新宿通り,R4/11,四谷,D 麹町,13,13,29,842,331,1215,40
4,四谷見附,外堀通り×新宿通り,R4/11,四谷,D 麹町,14,7,24,900,381,1312,51
4,四谷見附,外堀通り×新宿通り,R4/11,四谷,D 麹町,15,5,28,1122,360,1515,49
4,四谷見附,外堀通り×新宿通り,R4/11,四谷,D 麹町,16,11,15,869,341,1236,57
4,四谷見附,外堀通り×新宿通り,R4/11,四谷,D 麹町,17,7,8,883,318,1216,57
4,四谷見附,外堀通り×新宿通り,R4/11,四谷,D 麹町,18,14,7,789,196,1006,54
4,四谷見附,外堀通り×新宿通り,R4/11,四谷,D 麹町,12時間計,123,265,9905,4187,14480,717
4,四谷見附,外堀通り×新宿通り,R4/11,四谷,全方向合計,7,35,40,1834,1293,3202,235
4,四谷見附,外堀通り×新宿通り,R4/11,四谷,全方向合計,8,44,68,2258,1191,3561,213
4,四谷見附,外堀通り×新宿通り,R4/11,四谷,全方向合計,9,44,84,2361,1344,3833,175
4,四谷見附,外堀通り×新宿通り,R4/11,四谷,全方向合計,10,30,74,2531,1343,3978,186
4,四谷見附,外堀通り×新宿通り,R4/11,四谷,全方向合計,11,24,78,2623,1353,4078,196
4,四谷見附,外堀通り×新宿通り,R4/11,四谷,全方向合計,12,13,65,2468,1137,3683,231
4,四谷見附,外堀通り×新宿通り,R4/11,四谷,全方向合計,13,21,66,2485,1107,3679,151
4,四谷見附,外堀通り×新宿通り,R4/11,四谷,全方向合計,14,24,63,2705,1287,4079,197
4,四谷見附,外堀通り×新宿通り,R4/11,四谷,全方向合計,15,24,80,2973,1136,4213,199
4,四谷見附,外堀通り×新宿通り,R4/11,四谷,全方向合計,16,34,46,3062,1052,4194,221
4,四谷見附,外堀通り×新宿通り,R4/11,四谷,全方向合計,17,23,37,3394,1039,4493,266
4,四谷見附,外堀通り×新宿通り,R4/11,四谷,全方向合計,18,29,22,3156,598,3805,207
4,四谷見附,外堀通り×新宿通り,R4/11,四谷,全方向合計,12時間計,345,723,31850,13880,46798,2477
