﻿地点番号,地点名,交差道路名,調査年月,管轄警察署,流入方向,流出方向,時間帯等,大型乗用,大型貨物,普通乗用,普通貨物,四輪計,二輪車
7,水道橋,外堀通り×白山通り,R4/11,本富士,A 春日町,1.お茶の水,7,2,6,81,51,140,10
7,水道橋,外堀通り×白山通り,R4/11,本富士,A 春日町,1.お茶の水,8,1,3,89,57,150,9
7,水道橋,外堀通り×白山通り,R4/11,本富士,A 春日町,1.お茶の水,9,1,2,83,66,152,4
7,水道橋,外堀通り×白山通り,R4/11,本富士,A 春日町,1.お茶の水,10,1,3,90,69,163,7
7,水道橋,外堀通り×白山通り,R4/11,本富士,A 春日町,1.お茶の水,11,1,2,93,69,165,6
7,水道橋,外堀通り×白山通り,R4/11,本富士,A 春日町,1.お茶の水,12,1,0,77,41,119,5
7,水道橋,外堀通り×白山通り,R4/11,本富士,A 春日町,1.お茶の水,13,1,1,86,39,127,6
7,水道橋,外堀通り×白山通り,R4/11,本富士,A 春日町,1.お茶の水,14,0,3,97,42,142,3
7,水道橋,外堀通り×白山通り,R4/11,本富士,A 春日町,1.お茶の水,15,3,2,76,46,127,3
7,水道橋,外堀通り×白山通り,R4/11,本富士,A 春日町,1.お茶の水,16,0,1,84,45,130,4
7,水道橋,外堀通り×白山通り,R4/11,本富士,A 春日町,1.お茶の水,17,1,0,97,31,129,2
7,水道橋,外堀通り×白山通り,R4/11,本富士,A 春日町,1.お茶の水,18,0,0,71,18,89,4
7,水道橋,外堀通り×白山通り,R4/11,本富士,A 春日町,1.お茶の水,12時間計,12,23,1024,574,1633,63
7,水道橋,外堀通り×白山通り,R4/11,本富士,A 春日町,2.神田,7,4,36,610,278,928,95
7,水道橋,外堀通り×白山通り,R4/11,本富士,A 春日町,2.神田,8,6,15,502,315,838,61
7,水道橋,外堀通り×白山通り,R4/11,本富士,A 春日町,2.神田,9,5,16,480,360,861,58
7,水道橋,外堀通り×白山通り,R4/11,本富士,A 春日町,2.神田,10,8,26,619,257,910,36
7,水道橋,外堀通り×白山通り,R4/11,本富士,A 春日町,2.神田,11,1,30,575,223,829,40
7,水道橋,外堀通り×白山通り,R4/11,本富士,A 春日町,2.神田,12,3,19,485,239,746,27
7,水道橋,外堀通り×白山通り,R4/11,本富士,A 春日町,2.神田,13,3,24,467,229,723,36
7,水道橋,外堀通り×白山通り,R4/11,本富士,A 春日町,2.神田,14,1,18,509,245,773,34
7,水道橋,外堀通り×白山通り,R4/11,本富士,A 春日町,2.神田,15,5,20,465,223,713,30
7,水道橋,外堀通り×白山通り,R4/11,本富士,A 春日町,2.神田,16,2,19,557,211,789,24
7,水道橋,外堀通り×白山通り,R4/11,本富士,A 春日町,2.神田,17,3,10,617,165,795,29
7,水道橋,外堀通り×白山通り,R4/11,本富士,A 春日町,2.神田,18,2,5,488,152,647,23
7,水道橋,外堀通り×白山通り,R4/11,本富士,A 春日町,2.神田,12時間計,43,238,6374,2897,9552,493
7,水道橋,外堀通り×白山通り,R4/11,本富士,A 春日町,3.飯田橋,7,2,5,154,147,308,20
7,水道橋,外堀通り×白山通り,R4/11,本富士,A 春日町,3.飯田橋,8,3,0,166,116,285,24
7,水道橋,外堀通り×白山通り,R4/11,本富士,A 春日町,3.飯田橋,9,1,1,156,134,292,13
7,水道橋,外堀通り×白山通り,R4/11,本富士,A 春日町,3.飯田橋,10,5,1,147,106,259,15
7,水道橋,外堀通り×白山通り,R4/11,本富士,A 春日町,3.飯田橋,11,3,3,145,97,248,8
7,水道橋,外堀通り×白山通り,R4/11,本富士,A 春日町,3.飯田橋,12,2,2,153,88,245,11
7,水道橋,外堀通り×白山通り,R4/11,本富士,A 春日町,3.飯田橋,13,1,2,141,94,238,8
7,水道橋,外堀通り×白山通り,R4/11,本富士,A 春日町,3.飯田橋,14,0,1,147,103,251,13
7,水道橋,外堀通り×白山通り,R4/11,本富士,A 春日町,3.飯田橋,15,1,1,156,93,251,10
7,水道橋,外堀通り×白山通り,R4/11,本富士,A 春日町,3.飯田橋,16,1,1,159,73,234,9
7,水道橋,外堀通り×白山通り,R4/11,本富士,A 春日町,3.飯田橋,17,1,1,178,76,256,15
7,水道橋,外堀通り×白山通り,R4/11,本富士,A 春日町,3.飯田橋,18,2,1,141,35,179,5
7,水道橋,外堀通り×白山通り,R4/11,本富士,A 春日町,3.飯田橋,12時間計,22,19,1843,1162,3046,151
7,水道橋,外堀通り×白山通り,R4/11,本富士,A 春日町,流入計,7,8,47,845,476,1376,125
7,水道橋,外堀通り×白山通り,R4/11,本富士,A 春日町,流入計,8,10,18,757,488,1273,94
7,水道橋,外堀通り×白山通り,R4/11,本富士,A 春日町,流入計,9,7,19,719,560,1305,75
7,水道橋,外堀通り×白山通り,R4/11,本富士,A 春日町,流入計,10,14,30,856,432,1332,58
7,水道橋,外堀通り×白山通り,R4/11,本富士,A 春日町,流入計,11,5,35,813,389,1242,54
7,水道橋,外堀通り×白山通り,R4/11,本富士,A 春日町,流入計,12,6,21,715,368,1110,43
7,水道橋,外堀通り×白山通り,R4/11,本富士,A 春日町,流入計,13,5,27,694,362,1088,50
7,水道橋,外堀通り×白山通り,R4/11,本富士,A 春日町,流入計,14,1,22,753,390,1166,50
7,水道橋,外堀通り×白山通り,R4/11,本富士,A 春日町,流入計,15,9,23,697,362,1091,43
7,水道橋,外堀通り×白山通り,R4/11,本富士,A 春日町,流入計,16,3,21,800,329,1153,37
7,水道橋,外堀通り×白山通り,R4/11,本富士,A 春日町,流入計,17,5,11,892,272,1180,46
7,水道橋,外堀通り×白山通り,R4/11,本富士,A 春日町,流入計,18,4,6,700,205,915,32
7,水道橋,外堀通り×白山通り,R4/11,本富士,A 春日町,流入計,12時間計,77,280,9241,4633,14231,707
7,水道橋,外堀通り×白山通り,R4/11,本富士,B 飯田橋,4.春日町,7,5,4,106,82,197,11
7,水道橋,外堀通り×白山通り,R4/11,本富士,B 飯田橋,4.春日町,8,4,6,163,86,259,9
7,水道橋,外堀通り×白山通り,R4/11,本富士,B 飯田橋,4.春日町,9,4,11,186,120,321,8
7,水道橋,外堀通り×白山通り,R4/11,本富士,B 飯田橋,4.春日町,10,6,7,161,104,278,14
7,水道橋,外堀通り×白山通り,R4/11,本富士,B 飯田橋,4.春日町,11,4,7,201,125,337,12
7,水道橋,外堀通り×白山通り,R4/11,本富士,B 飯田橋,4.春日町,12,4,8,178,118,308,13
7,水道橋,外堀通り×白山通り,R4/11,本富士,B 飯田橋,4.春日町,13,5,6,183,149,343,14
7,水道橋,外堀通り×白山通り,R4/11,本富士,B 飯田橋,4.春日町,14,5,2,174,114,295,13
7,水道橋,外堀通り×白山通り,R4/11,本富士,B 飯田橋,4.春日町,15,6,2,219,115,342,18
7,水道橋,外堀通り×白山通り,R4/11,本富士,B 飯田橋,4.春日町,16,7,4,206,123,340,25
7,水道橋,外堀通り×白山通り,R4/11,本富士,B 飯田橋,4.春日町,17,2,1,235,113,351,18
7,水道橋,外堀通り×白山通り,R4/11,本富士,B 飯田橋,4.春日町,18,5,0,211,85,301,24
7,水道橋,外堀通り×白山通り,R4/11,本富士,B 飯田橋,4.春日町,12時間計,57,58,2223,1334,3672,179
7,水道橋,外堀通り×白山通り,R4/11,本富士,B 飯田橋,5.お茶の水,7,5,2,367,167,541,44
7,水道橋,外堀通り×白山通り,R4/11,本富士,B 飯田橋,5.お茶の水,8,2,6,376,207,591,40
7,水道橋,外堀通り×白山通り,R4/11,本富士,B 飯田橋,5.お茶の水,9,0,6,370,242,618,44
7,水道橋,外堀通り×白山通り,R4/11,本富士,B 飯田橋,5.お茶の水,10,0,3,372,265,640,36
7,水道橋,外堀通り×白山通り,R4/11,本富士,B 飯田橋,5.お茶の水,11,0,2,386,287,675,26
7,水道橋,外堀通り×白山通り,R4/11,本富士,B 飯田橋,5.お茶の水,12,0,2,398,223,623,40
7,水道橋,外堀通り×白山通り,R4/11,本富士,B 飯田橋,5.お茶の水,13,1,1,463,149,614,39
7,水道橋,外堀通り×白山通り,R4/11,本富士,B 飯田橋,5.お茶の水,14,1,4,534,180,719,25
7,水道橋,外堀通り×白山通り,R4/11,本富士,B 飯田橋,5.お茶の水,15,1,2,436,250,689,27
7,水道橋,外堀通り×白山通り,R4/11,本富士,B 飯田橋,5.お茶の水,16,0,1,439,238,678,37
7,水道橋,外堀通り×白山通り,R4/11,本富士,B 飯田橋,5.お茶の水,17,1,1,544,155,701,53
7,水道橋,外堀通り×白山通り,R4/11,本富士,B 飯田橋,5.お茶の水,18,2,0,518,95,615,45
7,水道橋,外堀通り×白山通り,R4/11,本富士,B 飯田橋,5.お茶の水,12時間計,13,30,5203,2458,7704,456
7,水道橋,外堀通り×白山通り,R4/11,本富士,B 飯田橋,6.神田,7,2,1,36,26,65,5
7,水道橋,外堀通り×白山通り,R4/11,本富士,B 飯田橋,6.神田,8,0,0,48,33,81,3
7,水道橋,外堀通り×白山通り,R4/11,本富士,B 飯田橋,6.神田,9,0,0,83,31,114,7
7,水道橋,外堀通り×白山通り,R4/11,本富士,B 飯田橋,6.神田,10,5,0,93,29,127,8
7,水道橋,外堀通り×白山通り,R4/11,本富士,B 飯田橋,6.神田,11,1,0,81,32,114,1
7,水道橋,外堀通り×白山通り,R4/11,本富士,B 飯田橋,6.神田,12,0,1,72,39,112,3
7,水道橋,外堀通り×白山通り,R4/11,本富士,B 飯田橋,6.神田,13,1,2,80,23,106,2
7,水道橋,外堀通り×白山通り,R4/11,本富士,B 飯田橋,6.神田,14,0,2,69,28,99,7
7,水道橋,外堀通り×白山通り,R4/11,本富士,B 飯田橋,6.神田,15,0,1,71,23,95,5
7,水道橋,外堀通り×白山通り,R4/11,本富士,B 飯田橋,6.神田,16,3,2,73,24,102,2
7,水道橋,外堀通り×白山通り,R4/11,本富士,B 飯田橋,6.神田,17,0,0,72,17,89,3
7,水道橋,外堀通り×白山通り,R4/11,本富士,B 飯田橋,6.神田,18,0,0,62,16,78,1
7,水道橋,外堀通り×白山通り,R4/11,本富士,B 飯田橋,6.神田,12時間計,12,9,840,321,1182,47
7,水道橋,外堀通り×白山通り,R4/11,本富士,B 飯田橋,流入計,7,12,7,509,275,803,60
7,水道橋,外堀通り×白山通り,R4/11,本富士,B 飯田橋,流入計,8,6,12,587,326,931,52
7,水道橋,外堀通り×白山通り,R4/11,本富士,B 飯田橋,流入計,9,4,17,639,393,1053,59
7,水道橋,外堀通り×白山通り,R4/11,本富士,B 飯田橋,流入計,10,11,10,626,398,1045,58
7,水道橋,外堀通り×白山通り,R4/11,本富士,B 飯田橋,流入計,11,5,9,668,444,1126,39
7,水道橋,外堀通り×白山通り,R4/11,本富士,B 飯田橋,流入計,12,4,11,648,380,1043,56
7,水道橋,外堀通り×白山通り,R4/11,本富士,B 飯田橋,流入計,13,7,9,726,321,1063,55
7,水道橋,外堀通り×白山通り,R4/11,本富士,B 飯田橋,流入計,14,6,8,777,322,1113,45
7,水道橋,外堀通り×白山通り,R4/11,本富士,B 飯田橋,流入計,15,7,5,726,388,1126,50
7,水道橋,外堀通り×白山通り,R4/11,本富士,B 飯田橋,流入計,16,10,7,718,385,1120,64
7,水道橋,外堀通り×白山通り,R4/11,本富士,B 飯田橋,流入計,17,3,2,851,285,1141,74
7,水道橋,外堀通り×白山通り,R4/11,本富士,B 飯田橋,流入計,18,7,0,791,196,994,70
7,水道橋,外堀通り×白山通り,R4/11,本富士,B 飯田橋,流入計,12時間計,82,97,8266,4113,12558,682
7,水道橋,外堀通り×白山通り,R4/11,本富士,C 神田,7.飯田橋,7,0,3,27,11,41,0
7,水道橋,外堀通り×白山通り,R4/11,本富士,C 神田,7.飯田橋,8,0,2,47,22,71,3
7,水道橋,外堀通り×白山通り,R4/11,本富士,C 神田,7.飯田橋,9,0,3,30,41,74,1
7,水道橋,外堀通り×白山通り,R4/11,本富士,C 神田,7.飯田橋,10,0,2,49,40,91,4
7,水道橋,外堀通り×白山通り,R4/11,本富士,C 神田,7.飯田橋,11,0,1,49,34,84,4
7,水道橋,外堀通り×白山通り,R4/11,本富士,C 神田,7.飯田橋,12,0,0,61,30,91,8
7,水道橋,外堀通り×白山通り,R4/11,本富士,C 神田,7.飯田橋,13,2,0,62,34,98,6
7,水道橋,外堀通り×白山通り,R4/11,本富士,C 神田,7.飯田橋,14,1,1,47,29,78,4
7,水道橋,外堀通り×白山通り,R4/11,本富士,C 神田,7.飯田橋,15,2,0,55,28,85,3
7,水道橋,外堀通り×白山通り,R4/11,本富士,C 神田,7.飯田橋,16,0,0,48,28,76,2
7,水道橋,外堀通り×白山通り,R4/11,本富士,C 神田,7.飯田橋,17,2,0,84,24,110,9
7,水道橋,外堀通り×白山通り,R4/11,本富士,C 神田,7.飯田橋,18,0,0,73,14,87,3
7,水道橋,外堀通り×白山通り,R4/11,本富士,C 神田,7.飯田橋,12時間計,7,12,632,335,986,47
7,水道橋,外堀通り×白山通り,R4/11,本富士,C 神田,8.春日町,7,4,21,275,222,522,20
7,水道橋,外堀通り×白山通り,R4/11,本富士,C 神田,8.春日町,8,7,32,407,244,690,26
7,水道橋,外堀通り×白山通り,R4/11,本富士,C 神田,8.春日町,9,5,39,404,272,720,23
7,水道橋,外堀通り×白山通り,R4/11,本富士,C 神田,8.春日町,10,2,23,337,335,697,46
7,水道橋,外堀通り×白山通り,R4/11,本富士,C 神田,8.春日町,11,7,19,300,282,608,38
7,水道橋,外堀通り×白山通り,R4/11,本富士,C 神田,8.春日町,12,11,18,344,286,659,29
7,水道橋,外堀通り×白山通り,R4/11,本富士,C 神田,8.春日町,13,6,18,337,242,603,31
7,水道橋,外堀通り×白山通り,R4/11,本富士,C 神田,8.春日町,14,4,19,387,227,637,37
7,水道橋,外堀通り×白山通り,R4/11,本富士,C 神田,8.春日町,15,8,23,469,256,756,35
7,水道橋,外堀通り×白山通り,R4/11,本富士,C 神田,8.春日町,16,1,19,525,275,820,49
7,水道橋,外堀通り×白山通り,R4/11,本富士,C 神田,8.春日町,17,3,17,520,282,822,79
7,水道橋,外堀通り×白山通り,R4/11,本富士,C 神田,8.春日町,18,0,15,589,183,787,58
7,水道橋,外堀通り×白山通り,R4/11,本富士,C 神田,8.春日町,12時間計,58,263,4894,3106,8321,471
7,水道橋,外堀通り×白山通り,R4/11,本富士,C 神田,9.お茶の水,7,0,0,16,9,25,1
7,水道橋,外堀通り×白山通り,R4/11,本富士,C 神田,9.お茶の水,8,0,0,28,12,40,0
7,水道橋,外堀通り×白山通り,R4/11,本富士,C 神田,9.お茶の水,9,0,0,31,11,42,1
7,水道橋,外堀通り×白山通り,R4/11,本富士,C 神田,9.お茶の水,10,0,0,32,19,51,0
7,水道橋,外堀通り×白山通り,R4/11,本富士,C 神田,9.お茶の水,11,0,1,22,14,37,2
7,水道橋,外堀通り×白山通り,R4/11,本富士,C 神田,9.お茶の水,12,0,0,26,14,40,4
7,水道橋,外堀通り×白山通り,R4/11,本富士,C 神田,9.お茶の水,13,0,0,28,12,40,1
7,水道橋,外堀通り×白山通り,R4/11,本富士,C 神田,9.お茶の水,14,0,0,36,12,48,1
7,水道橋,外堀通り×白山通り,R4/11,本富士,C 神田,9.お茶の水,15,0,0,34,13,47,2
7,水道橋,外堀通り×白山通り,R4/11,本富士,C 神田,9.お茶の水,16,0,0,31,13,44,1
7,水道橋,外堀通り×白山通り,R4/11,本富士,C 神田,9.お茶の水,17,0,0,32,5,37,0
7,水道橋,外堀通り×白山通り,R4/11,本富士,C 神田,9.お茶の水,18,0,0,16,6,22,1
7,水道橋,外堀通り×白山通り,R4/11,本富士,C 神田,9.お茶の水,12時間計,0,1,332,140,473,14
7,水道橋,外堀通り×白山通り,R4/11,本富士,C 神田,流入計,7,4,24,318,242,588,21
7,水道橋,外堀通り×白山通り,R4/11,本富士,C 神田,流入計,8,7,34,482,278,801,29
7,水道橋,外堀通り×白山通り,R4/11,本富士,C 神田,流入計,9,5,42,465,324,836,25
7,水道橋,外堀通り×白山通り,R4/11,本富士,C 神田,流入計,10,2,25,418,394,839,50
7,水道橋,外堀通り×白山通り,R4/11,本富士,C 神田,流入計,11,7,21,371,330,729,44
7,水道橋,外堀通り×白山通り,R4/11,本富士,C 神田,流入計,12,11,18,431,330,790,41
7,水道橋,外堀通り×白山通り,R4/11,本富士,C 神田,流入計,13,8,18,427,288,741,38
7,水道橋,外堀通り×白山通り,R4/11,本富士,C 神田,流入計,14,5,20,470,268,763,42
7,水道橋,外堀通り×白山通り,R4/11,本富士,C 神田,流入計,15,10,23,558,297,888,40
7,水道橋,外堀通り×白山通り,R4/11,本富士,C 神田,流入計,16,1,19,604,316,940,52
7,水道橋,外堀通り×白山通り,R4/11,本富士,C 神田,流入計,17,5,17,636,311,969,88
7,水道橋,外堀通り×白山通り,R4/11,本富士,C 神田,流入計,18,0,15,678,203,896,62
7,水道橋,外堀通り×白山通り,R4/11,本富士,C 神田,流入計,12時間計,65,276,5858,3581,9780,532
7,水道橋,外堀通り×白山通り,R4/11,本富士,D お茶の水,10.神田,7,2,1,36,23,62,5
7,水道橋,外堀通り×白山通り,R4/11,本富士,D お茶の水,10.神田,8,0,0,48,33,81,3
7,水道橋,外堀通り×白山通り,R4/11,本富士,D お茶の水,10.神田,9,0,0,63,31,94,7
7,水道橋,外堀通り×白山通り,R4/11,本富士,D お茶の水,10.神田,10,5,0,63,29,97,8
7,水道橋,外堀通り×白山通り,R4/11,本富士,D お茶の水,10.神田,11,1,0,62,22,85,1
7,水道橋,外堀通り×白山通り,R4/11,本富士,D お茶の水,10.神田,12,0,1,52,19,72,3
7,水道橋,外堀通り×白山通り,R4/11,本富士,D お茶の水,10.神田,13,1,2,80,23,106,2
7,水道橋,外堀通り×白山通り,R4/11,本富士,D お茶の水,10.神田,14,0,2,69,28,99,7
7,水道橋,外堀通り×白山通り,R4/11,本富士,D お茶の水,10.神田,15,0,1,71,13,85,5
7,水道橋,外堀通り×白山通り,R4/11,本富士,D お茶の水,10.神田,16,3,2,63,14,82,2
7,水道橋,外堀通り×白山通り,R4/11,本富士,D お茶の水,10.神田,17,0,0,72,7,79,3
7,水道橋,外堀通り×白山通り,R4/11,本富士,D お茶の水,10.神田,18,0,0,62,16,78,1
7,水道橋,外堀通り×白山通り,R4/11,本富士,D お茶の水,10.神田,12時間計,12,9,741,258,1020,47
7,水道橋,外堀通り×白山通り,R4/11,本富士,D お茶の水,11.飯田橋,7,2,7,232,220,461,50
7,水道橋,外堀通り×白山通り,R4/11,本富士,D お茶の水,11.飯田橋,8,6,5,232,197,440,39
7,水道橋,外堀通り×白山通り,R4/11,本富士,D お茶の水,11.飯田橋,9,3,4,229,212,448,30
7,水道橋,外堀通り×白山通り,R4/11,本富士,D お茶の水,11.飯田橋,10,2,6,258,180,446,32
7,水道橋,外堀通り×白山通り,R4/11,本富士,D お茶の水,11.飯田橋,11,0,3,326,149,478,26
7,水道橋,外堀通り×白山通り,R4/11,本富士,D お茶の水,11.飯田橋,12,1,6,271,142,420,22
7,水道橋,外堀通り×白山通り,R4/11,本富士,D お茶の水,11.飯田橋,13,1,3,269,160,433,20
7,水道橋,外堀通り×白山通り,R4/11,本富士,D お茶の水,11.飯田橋,14,3,2,266,155,426,31
7,水道橋,外堀通り×白山通り,R4/11,本富士,D お茶の水,11.飯田橋,15,2,1,235,138,376,33
7,水道橋,外堀通り×白山通り,R4/11,本富士,D お茶の水,11.飯田橋,16,0,1,295,156,452,38
7,水道橋,外堀通り×白山通り,R4/11,本富士,D お茶の水,11.飯田橋,17,2,2,338,126,468,40
7,水道橋,外堀通り×白山通り,R4/11,本富士,D お茶の水,11.飯田橋,18,5,0,296,88,389,31
7,水道橋,外堀通り×白山通り,R4/11,本富士,D お茶の水,11.飯田橋,12時間計,27,40,3247,1923,5237,392
7,水道橋,外堀通り×白山通り,R4/11,本富士,D お茶の水,12.春日町,7,0,6,49,44,99,4
7,水道橋,外堀通り×白山通り,R4/11,本富士,D お茶の水,12.春日町,8,2,6,79,58,145,3
7,水道橋,外堀通り×白山通り,R4/11,本富士,D お茶の水,12.春日町,9,0,4,83,52,139,0
7,水道橋,外堀通り×白山通り,R4/11,本富士,D お茶の水,12.春日町,10,0,2,64,47,113,4
7,水道橋,外堀通り×白山通り,R4/11,本富士,D お茶の水,12.春日町,11,0,4,49,38,91,2
7,水道橋,外堀通り×白山通り,R4/11,本富士,D お茶の水,12.春日町,12,0,0,55,46,101,7
7,水道橋,外堀通り×白山通り,R4/11,本富士,D お茶の水,12.春日町,13,0,1,64,35,100,2
7,水道橋,外堀通り×白山通り,R4/11,本富士,D お茶の水,12.春日町,14,1,2,60,38,101,3
7,水道橋,外堀通り×白山通り,R4/11,本富士,D お茶の水,12.春日町,15,0,2,80,40,122,4
7,水道橋,外堀通り×白山通り,R4/11,本富士,D お茶の水,12.春日町,16,1,1,77,40,119,3
7,水道橋,外堀通り×白山通り,R4/11,本富士,D お茶の水,12.春日町,17,0,2,91,25,118,4
7,水道橋,外堀通り×白山通り,R4/11,本富士,D お茶の水,12.春日町,18,0,3,64,27,94,7
7,水道橋,外堀通り×白山通り,R4/11,本富士,D お茶の水,12.春日町,12時間計,4,33,815,490,1342,43
7,水道橋,外堀通り×白山通り,R4/11,本富士,D お茶の水,流入計,7,4,14,317,287,622,59
7,水道橋,外堀通り×白山通り,R4/11,本富士,D お茶の水,流入計,8,8,11,359,288,666,45
7,水道橋,外堀通り×白山通り,R4/11,本富士,D お茶の水,流入計,9,3,8,375,295,681,37
7,水道橋,外堀通り×白山通り,R4/11,本富士,D お茶の水,流入計,10,7,8,385,256,656,44
7,水道橋,外堀通り×白山通り,R4/11,本富士,D お茶の水,流入計,11,1,7,437,209,654,29
7,水道橋,外堀通り×白山通り,R4/11,本富士,D お茶の水,流入計,12,1,7,378,207,593,32
7,水道橋,外堀通り×白山通り,R4/11,本富士,D お茶の水,流入計,13,2,6,413,218,639,24
7,水道橋,外堀通り×白山通り,R4/11,本富士,D お茶の水,流入計,14,4,6,395,221,626,41
7,水道橋,外堀通り×白山通り,R4/11,本富士,D お茶の水,流入計,15,2,4,386,191,583,42
7,水道橋,外堀通り×白山通り,R4/11,本富士,D お茶の水,流入計,16,4,4,435,210,653,43
7,水道橋,外堀通り×白山通り,R4/11,本富士,D お茶の水,流入計,17,2,4,501,158,665,47
7,水道橋,外堀通り×白山通り,R4/11,本富士,D お茶の水,流入計,18,5,3,422,131,561,39
7,水道橋,外堀通り×白山通り,R4/11,本富士,D お茶の水,流入計,12時間計,43,82,4803,2671,7599,482
