﻿地点番号,地点名,交差道路名,調査年月,管轄警察署,流出方向,時間帯等,大型乗用,大型貨物,普通乗用,普通貨物,四輪計,二輪車
7,水道橋,外堀通り×白山通り,R4/11,本富士,A 春日町,7,9,31,430,348,818,35
7,水道橋,外堀通り×白山通り,R4/11,本富士,A 春日町,8,13,44,649,388,1094,38
7,水道橋,外堀通り×白山通り,R4/11,本富士,A 春日町,9,9,54,673,444,1180,31
7,水道橋,外堀通り×白山通り,R4/11,本富士,A 春日町,10,8,32,562,486,1088,64
7,水道橋,外堀通り×白山通り,R4/11,本富士,A 春日町,11,11,30,550,445,1036,52
7,水道橋,外堀通り×白山通り,R4/11,本富士,A 春日町,12,15,26,577,450,1068,49
7,水道橋,外堀通り×白山通り,R4/11,本富士,A 春日町,13,11,25,584,426,1046,47
7,水道橋,外堀通り×白山通り,R4/11,本富士,A 春日町,14,10,23,621,379,1033,53
7,水道橋,外堀通り×白山通り,R4/11,本富士,A 春日町,15,14,27,768,411,1220,57
7,水道橋,外堀通り×白山通り,R4/11,本富士,A 春日町,16,9,24,808,438,1279,77
7,水道橋,外堀通り×白山通り,R4/11,本富士,A 春日町,17,5,20,846,420,1291,101
7,水道橋,外堀通り×白山通り,R4/11,本富士,A 春日町,18,5,18,864,295,1182,89
7,水道橋,外堀通り×白山通り,R4/11,本富士,A 春日町,12時間計,119,354,7932,4930,13335,693
7,水道橋,外堀通り×白山通り,R4/11,本富士,B 飯田橋,7,4,15,413,378,810,70
7,水道橋,外堀通り×白山通り,R4/11,本富士,B 飯田橋,8,9,7,445,335,796,66
7,水道橋,外堀通り×白山通り,R4/11,本富士,B 飯田橋,9,4,8,415,387,814,44
7,水道橋,外堀通り×白山通り,R4/11,本富士,B 飯田橋,10,7,9,454,326,796,51
7,水道橋,外堀通り×白山通り,R4/11,本富士,B 飯田橋,11,3,7,520,280,810,38
7,水道橋,外堀通り×白山通り,R4/11,本富士,B 飯田橋,12,3,8,485,260,756,41
7,水道橋,外堀通り×白山通り,R4/11,本富士,B 飯田橋,13,4,5,472,288,769,34
7,水道橋,外堀通り×白山通り,R4/11,本富士,B 飯田橋,14,4,4,460,287,755,48
7,水道橋,外堀通り×白山通り,R4/11,本富士,B 飯田橋,15,5,2,446,259,712,46
7,水道橋,外堀通り×白山通り,R4/11,本富士,B 飯田橋,16,1,2,502,257,762,49
7,水道橋,外堀通り×白山通り,R4/11,本富士,B 飯田橋,17,5,3,600,226,834,64
7,水道橋,外堀通り×白山通り,R4/11,本富士,B 飯田橋,18,7,1,510,137,655,39
7,水道橋,外堀通り×白山通り,R4/11,本富士,B 飯田橋,12時間計,56,71,5722,3420,9269,590
7,水道橋,外堀通り×白山通り,R4/11,本富士,C 神田,7,8,38,682,327,1055,105
7,水道橋,外堀通り×白山通り,R4/11,本富士,C 神田,8,6,15,598,381,1000,67
7,水道橋,外堀通り×白山通り,R4/11,本富士,C 神田,9,5,16,626,422,1069,72
7,水道橋,外堀通り×白山通り,R4/11,本富士,C 神田,10,18,26,775,315,1134,52
7,水道橋,外堀通り×白山通り,R4/11,本富士,C 神田,11,3,30,718,277,1028,42
7,水道橋,外堀通り×白山通り,R4/11,本富士,C 神田,12,3,21,609,297,930,33
7,水道橋,外堀通り×白山通り,R4/11,本富士,C 神田,13,5,28,627,275,935,40
7,水道橋,外堀通り×白山通り,R4/11,本富士,C 神田,14,1,22,647,301,971,48
7,水道橋,外堀通り×白山通り,R4/11,本富士,C 神田,15,5,22,607,259,893,40
7,水道橋,外堀通り×白山通り,R4/11,本富士,C 神田,16,8,23,693,249,973,28
7,水道橋,外堀通り×白山通り,R4/11,本富士,C 神田,17,3,10,761,189,963,35
7,水道橋,外堀通り×白山通り,R4/11,本富士,C 神田,18,2,5,612,184,803,25
7,水道橋,外堀通り×白山通り,R4/11,本富士,C 神田,12時間計,67,256,7955,3476,11754,587
7,水道橋,外堀通り×白山通り,R4/11,本富士,全方向合計,7,28,92,1989,1280,3389,265
7,水道橋,外堀通り×白山通り,R4/11,本富士,全方向合計,8,31,75,2185,1380,3671,220
7,水道橋,外堀通り×白山通り,R4/11,本富士,全方向合計,9,19,86,2198,1572,3875,196
7,水道橋,外堀通り×白山通り,R4/11,本富士,全方向合計,10,34,73,2285,1480,3872,210
7,水道橋,外堀通り×白山通り,R4/11,本富士,全方向合計,11,18,72,2289,1372,3751,166
7,水道橋,外堀通り×白山通り,R4/11,本富士,全方向合計,12,22,57,2172,1285,3536,172
7,水道橋,外堀通り×白山通り,R4/11,本富士,全方向合計,13,22,60,2260,1189,3531,167
7,水道橋,外堀通り×白山通り,R4/11,本富士,全方向合計,14,16,56,2395,1201,3668,178
7,水道橋,外堀通り×白山通り,R4/11,本富士,全方向合計,15,28,55,2367,1238,3688,175
7,水道橋,外堀通り×白山通り,R4/11,本富士,全方向合計,16,18,51,2557,1240,3866,196
7,水道橋,外堀通り×白山通り,R4/11,本富士,全方向合計,17,15,34,2880,1026,3955,255
7,水道橋,外堀通り×白山通り,R4/11,本富士,全方向合計,18,16,24,2591,735,3366,203
7,水道橋,外堀通り×白山通り,R4/11,本富士,全方向合計,12時間計,267,735,28168,14998,44168,2403
