﻿地点番号,地点名,交差道路名,調査年月,管轄警察署,流入方向,流出方向,時間帯等,車道通行自転車,歩道通行自転車,自転車計
7,水道橋,外堀通り×白山通り,R4/11,本富士,A 春日町,1お茶の水,7,5,-,-
7,水道橋,外堀通り×白山通り,R4/11,本富士,A 春日町,1お茶の水,8,0,-,-
7,水道橋,外堀通り×白山通り,R4/11,本富士,A 春日町,1お茶の水,9,3,-,-
7,水道橋,外堀通り×白山通り,R4/11,本富士,A 春日町,1お茶の水,10,4,-,-
7,水道橋,外堀通り×白山通り,R4/11,本富士,A 春日町,1お茶の水,11,0,-,-
7,水道橋,外堀通り×白山通り,R4/11,本富士,A 春日町,1お茶の水,12,0,-,-
7,水道橋,外堀通り×白山通り,R4/11,本富士,A 春日町,1お茶の水,13,4,-,-
7,水道橋,外堀通り×白山通り,R4/11,本富士,A 春日町,1お茶の水,14,0,-,-
7,水道橋,外堀通り×白山通り,R4/11,本富士,A 春日町,1お茶の水,15,2,-,-
7,水道橋,外堀通り×白山通り,R4/11,本富士,A 春日町,1お茶の水,16,0,-,-
7,水道橋,外堀通り×白山通り,R4/11,本富士,A 春日町,1お茶の水,17,6,-,-
7,水道橋,外堀通り×白山通り,R4/11,本富士,A 春日町,1お茶の水,18,2,-,-
7,水道橋,外堀通り×白山通り,R4/11,本富士,A 春日町,1お茶の水,12時間計,26,-,-
7,水道橋,外堀通り×白山通り,R4/11,本富士,A 春日町,2神田,7,128,-,-
7,水道橋,外堀通り×白山通り,R4/11,本富士,A 春日町,2神田,8,194,-,-
7,水道橋,外堀通り×白山通り,R4/11,本富士,A 春日町,2神田,9,157,-,-
7,水道橋,外堀通り×白山通り,R4/11,本富士,A 春日町,2神田,10,72,-,-
7,水道橋,外堀通り×白山通り,R4/11,本富士,A 春日町,2神田,11,58,-,-
7,水道橋,外堀通り×白山通り,R4/11,本富士,A 春日町,2神田,12,77,-,-
7,水道橋,外堀通り×白山通り,R4/11,本富士,A 春日町,2神田,13,72,-,-
7,水道橋,外堀通り×白山通り,R4/11,本富士,A 春日町,2神田,14,56,-,-
7,水道橋,外堀通り×白山通り,R4/11,本富士,A 春日町,2神田,15,57,-,-
7,水道橋,外堀通り×白山通り,R4/11,本富士,A 春日町,2神田,16,40,-,-
7,水道橋,外堀通り×白山通り,R4/11,本富士,A 春日町,2神田,17,47,-,-
7,水道橋,外堀通り×白山通り,R4/11,本富士,A 春日町,2神田,18,60,-,-
7,水道橋,外堀通り×白山通り,R4/11,本富士,A 春日町,2神田,12時間計,1018,-,-
7,水道橋,外堀通り×白山通り,R4/11,本富士,A 春日町,3飯田橋,7,0,-,-
7,水道橋,外堀通り×白山通り,R4/11,本富士,A 春日町,3飯田橋,8,0,-,-
7,水道橋,外堀通り×白山通り,R4/11,本富士,A 春日町,3飯田橋,9,0,-,-
7,水道橋,外堀通り×白山通り,R4/11,本富士,A 春日町,3飯田橋,10,0,-,-
7,水道橋,外堀通り×白山通り,R4/11,本富士,A 春日町,3飯田橋,11,0,-,-
7,水道橋,外堀通り×白山通り,R4/11,本富士,A 春日町,3飯田橋,12,0,-,-
7,水道橋,外堀通り×白山通り,R4/11,本富士,A 春日町,3飯田橋,13,1,-,-
7,水道橋,外堀通り×白山通り,R4/11,本富士,A 春日町,3飯田橋,14,0,-,-
7,水道橋,外堀通り×白山通り,R4/11,本富士,A 春日町,3飯田橋,15,0,-,-
7,水道橋,外堀通り×白山通り,R4/11,本富士,A 春日町,3飯田橋,16,0,-,-
7,水道橋,外堀通り×白山通り,R4/11,本富士,A 春日町,3飯田橋,17,1,-,-
7,水道橋,外堀通り×白山通り,R4/11,本富士,A 春日町,3飯田橋,18,0,-,-
7,水道橋,外堀通り×白山通り,R4/11,本富士,A 春日町,3飯田橋,12時間計,2,-,-
7,水道橋,外堀通り×白山通り,R4/11,本富士,A 春日町,流入計,7,133,84,217
7,水道橋,外堀通り×白山通り,R4/11,本富士,A 春日町,流入計,8,194,58,252
7,水道橋,外堀通り×白山通り,R4/11,本富士,A 春日町,流入計,9,160,98,258
7,水道橋,外堀通り×白山通り,R4/11,本富士,A 春日町,流入計,10,76,52,128
7,水道橋,外堀通り×白山通り,R4/11,本富士,A 春日町,流入計,11,58,73,131
7,水道橋,外堀通り×白山通り,R4/11,本富士,A 春日町,流入計,12,77,74,151
7,水道橋,外堀通り×白山通り,R4/11,本富士,A 春日町,流入計,13,77,76,153
7,水道橋,外堀通り×白山通り,R4/11,本富士,A 春日町,流入計,14,56,71,127
7,水道橋,外堀通り×白山通り,R4/11,本富士,A 春日町,流入計,15,59,44,103
7,水道橋,外堀通り×白山通り,R4/11,本富士,A 春日町,流入計,16,40,43,83
7,水道橋,外堀通り×白山通り,R4/11,本富士,A 春日町,流入計,17,54,27,81
7,水道橋,外堀通り×白山通り,R4/11,本富士,A 春日町,流入計,18,62,19,81
7,水道橋,外堀通り×白山通り,R4/11,本富士,A 春日町,流入計,12時間計,1046,719,1765
7,水道橋,外堀通り×白山通り,R4/11,本富士,B 飯田橋,4春日町,7,0,-,-
7,水道橋,外堀通り×白山通り,R4/11,本富士,B 飯田橋,4春日町,8,4,-,-
7,水道橋,外堀通り×白山通り,R4/11,本富士,B 飯田橋,4春日町,9,3,-,-
7,水道橋,外堀通り×白山通り,R4/11,本富士,B 飯田橋,4春日町,10,2,-,-
7,水道橋,外堀通り×白山通り,R4/11,本富士,B 飯田橋,4春日町,11,4,-,-
7,水道橋,外堀通り×白山通り,R4/11,本富士,B 飯田橋,4春日町,12,2,-,-
7,水道橋,外堀通り×白山通り,R4/11,本富士,B 飯田橋,4春日町,13,2,-,-
7,水道橋,外堀通り×白山通り,R4/11,本富士,B 飯田橋,4春日町,14,0,-,-
7,水道橋,外堀通り×白山通り,R4/11,本富士,B 飯田橋,4春日町,15,4,-,-
7,水道橋,外堀通り×白山通り,R4/11,本富士,B 飯田橋,4春日町,16,2,-,-
7,水道橋,外堀通り×白山通り,R4/11,本富士,B 飯田橋,4春日町,17,2,-,-
7,水道橋,外堀通り×白山通り,R4/11,本富士,B 飯田橋,4春日町,18,5,-,-
7,水道橋,外堀通り×白山通り,R4/11,本富士,B 飯田橋,4春日町,12時間計,30,-,-
7,水道橋,外堀通り×白山通り,R4/11,本富士,B 飯田橋,5お茶の水,7,13,-,-
7,水道橋,外堀通り×白山通り,R4/11,本富士,B 飯田橋,5お茶の水,8,25,-,-
7,水道橋,外堀通り×白山通り,R4/11,本富士,B 飯田橋,5お茶の水,9,25,-,-
7,水道橋,外堀通り×白山通り,R4/11,本富士,B 飯田橋,5お茶の水,10,25,-,-
7,水道橋,外堀通り×白山通り,R4/11,本富士,B 飯田橋,5お茶の水,11,15,-,-
7,水道橋,外堀通り×白山通り,R4/11,本富士,B 飯田橋,5お茶の水,12,21,-,-
7,水道橋,外堀通り×白山通り,R4/11,本富士,B 飯田橋,5お茶の水,13,11,-,-
7,水道橋,外堀通り×白山通り,R4/11,本富士,B 飯田橋,5お茶の水,14,12,-,-
7,水道橋,外堀通り×白山通り,R4/11,本富士,B 飯田橋,5お茶の水,15,19,-,-
7,水道橋,外堀通り×白山通り,R4/11,本富士,B 飯田橋,5お茶の水,16,25,-,-
7,水道橋,外堀通り×白山通り,R4/11,本富士,B 飯田橋,5お茶の水,17,29,-,-
7,水道橋,外堀通り×白山通り,R4/11,本富士,B 飯田橋,5お茶の水,18,27,-,-
7,水道橋,外堀通り×白山通り,R4/11,本富士,B 飯田橋,5お茶の水,12時間計,247,-,-
7,水道橋,外堀通り×白山通り,R4/11,本富士,B 飯田橋,6神田,7,3,-,-
7,水道橋,外堀通り×白山通り,R4/11,本富士,B 飯田橋,6神田,8,10,-,-
7,水道橋,外堀通り×白山通り,R4/11,本富士,B 飯田橋,6神田,9,8,-,-
7,水道橋,外堀通り×白山通り,R4/11,本富士,B 飯田橋,6神田,10,8,-,-
7,水道橋,外堀通り×白山通り,R4/11,本富士,B 飯田橋,6神田,11,5,-,-
7,水道橋,外堀通り×白山通り,R4/11,本富士,B 飯田橋,6神田,12,4,-,-
7,水道橋,外堀通り×白山通り,R4/11,本富士,B 飯田橋,6神田,13,7,-,-
7,水道橋,外堀通り×白山通り,R4/11,本富士,B 飯田橋,6神田,14,4,-,-
7,水道橋,外堀通り×白山通り,R4/11,本富士,B 飯田橋,6神田,15,6,-,-
7,水道橋,外堀通り×白山通り,R4/11,本富士,B 飯田橋,6神田,16,2,-,-
7,水道橋,外堀通り×白山通り,R4/11,本富士,B 飯田橋,6神田,17,3,-,-
7,水道橋,外堀通り×白山通り,R4/11,本富士,B 飯田橋,6神田,18,1,-,-
7,水道橋,外堀通り×白山通り,R4/11,本富士,B 飯田橋,6神田,12時間計,61,-,-
7,水道橋,外堀通り×白山通り,R4/11,本富士,B 飯田橋,流入計,7,16,20,36
7,水道橋,外堀通り×白山通り,R4/11,本富士,B 飯田橋,流入計,8,39,25,64
7,水道橋,外堀通り×白山通り,R4/11,本富士,B 飯田橋,流入計,9,36,25,61
7,水道橋,外堀通り×白山通り,R4/11,本富士,B 飯田橋,流入計,10,35,30,65
7,水道橋,外堀通り×白山通り,R4/11,本富士,B 飯田橋,流入計,11,24,31,55
7,水道橋,外堀通り×白山通り,R4/11,本富士,B 飯田橋,流入計,12,27,24,51
7,水道橋,外堀通り×白山通り,R4/11,本富士,B 飯田橋,流入計,13,20,38,58
7,水道橋,外堀通り×白山通り,R4/11,本富士,B 飯田橋,流入計,14,16,36,52
7,水道橋,外堀通り×白山通り,R4/11,本富士,B 飯田橋,流入計,15,29,25,54
7,水道橋,外堀通り×白山通り,R4/11,本富士,B 飯田橋,流入計,16,29,51,80
7,水道橋,外堀通り×白山通り,R4/11,本富士,B 飯田橋,流入計,17,34,49,83
7,水道橋,外堀通り×白山通り,R4/11,本富士,B 飯田橋,流入計,18,33,19,52
7,水道橋,外堀通り×白山通り,R4/11,本富士,B 飯田橋,流入計,12時間計,338,373,711
7,水道橋,外堀通り×白山通り,R4/11,本富士,C 神田,7飯田橋,7,1,-,-
7,水道橋,外堀通り×白山通り,R4/11,本富士,C 神田,7飯田橋,8,0,-,-
7,水道橋,外堀通り×白山通り,R4/11,本富士,C 神田,7飯田橋,9,1,-,-
7,水道橋,外堀通り×白山通り,R4/11,本富士,C 神田,7飯田橋,10,1,-,-
7,水道橋,外堀通り×白山通り,R4/11,本富士,C 神田,7飯田橋,11,0,-,-
7,水道橋,外堀通り×白山通り,R4/11,本富士,C 神田,7飯田橋,12,0,-,-
7,水道橋,外堀通り×白山通り,R4/11,本富士,C 神田,7飯田橋,13,2,-,-
7,水道橋,外堀通り×白山通り,R4/11,本富士,C 神田,7飯田橋,14,4,-,-
7,水道橋,外堀通り×白山通り,R4/11,本富士,C 神田,7飯田橋,15,0,-,-
7,水道橋,外堀通り×白山通り,R4/11,本富士,C 神田,7飯田橋,16,2,-,-
7,水道橋,外堀通り×白山通り,R4/11,本富士,C 神田,7飯田橋,17,0,-,-
7,水道橋,外堀通り×白山通り,R4/11,本富士,C 神田,7飯田橋,18,2,-,-
7,水道橋,外堀通り×白山通り,R4/11,本富士,C 神田,7飯田橋,12時間計,13,-,-
7,水道橋,外堀通り×白山通り,R4/11,本富士,C 神田,8春日町,7,17,-,-
7,水道橋,外堀通り×白山通り,R4/11,本富士,C 神田,8春日町,8,12,-,-
7,水道橋,外堀通り×白山通り,R4/11,本富士,C 神田,8春日町,9,15,-,-
7,水道橋,外堀通り×白山通り,R4/11,本富士,C 神田,8春日町,10,36,-,-
7,水道橋,外堀通り×白山通り,R4/11,本富士,C 神田,8春日町,11,18,-,-
7,水道橋,外堀通り×白山通り,R4/11,本富士,C 神田,8春日町,12,48,-,-
7,水道橋,外堀通り×白山通り,R4/11,本富士,C 神田,8春日町,13,20,-,-
7,水道橋,外堀通り×白山通り,R4/11,本富士,C 神田,8春日町,14,14,-,-
7,水道橋,外堀通り×白山通り,R4/11,本富士,C 神田,8春日町,15,35,-,-
7,水道橋,外堀通り×白山通り,R4/11,本富士,C 神田,8春日町,16,74,-,-
7,水道橋,外堀通り×白山通り,R4/11,本富士,C 神田,8春日町,17,119,-,-
7,水道橋,外堀通り×白山通り,R4/11,本富士,C 神田,8春日町,18,138,-,-
7,水道橋,外堀通り×白山通り,R4/11,本富士,C 神田,8春日町,12時間計,546,-,-
7,水道橋,外堀通り×白山通り,R4/11,本富士,C 神田,9お茶の水,7,0,-,-
7,水道橋,外堀通り×白山通り,R4/11,本富士,C 神田,9お茶の水,8,0,-,-
7,水道橋,外堀通り×白山通り,R4/11,本富士,C 神田,9お茶の水,9,0,-,-
7,水道橋,外堀通り×白山通り,R4/11,本富士,C 神田,9お茶の水,10,1,-,-
7,水道橋,外堀通り×白山通り,R4/11,本富士,C 神田,9お茶の水,11,2,-,-
7,水道橋,外堀通り×白山通り,R4/11,本富士,C 神田,9お茶の水,12,1,-,-
7,水道橋,外堀通り×白山通り,R4/11,本富士,C 神田,9お茶の水,13,0,-,-
7,水道橋,外堀通り×白山通り,R4/11,本富士,C 神田,9お茶の水,14,0,-,-
7,水道橋,外堀通り×白山通り,R4/11,本富士,C 神田,9お茶の水,15,3,-,-
7,水道橋,外堀通り×白山通り,R4/11,本富士,C 神田,9お茶の水,16,1,-,-
7,水道橋,外堀通り×白山通り,R4/11,本富士,C 神田,9お茶の水,17,1,-,-
7,水道橋,外堀通り×白山通り,R4/11,本富士,C 神田,9お茶の水,18,0,-,-
7,水道橋,外堀通り×白山通り,R4/11,本富士,C 神田,9お茶の水,12時間計,9,-,-
7,水道橋,外堀通り×白山通り,R4/11,本富士,C 神田,流入計,7,18,7,25
7,水道橋,外堀通り×白山通り,R4/11,本富士,C 神田,流入計,8,12,11,23
7,水道橋,外堀通り×白山通り,R4/11,本富士,C 神田,流入計,9,16,10,26
7,水道橋,外堀通り×白山通り,R4/11,本富士,C 神田,流入計,10,38,8,46
7,水道橋,外堀通り×白山通り,R4/11,本富士,C 神田,流入計,11,20,20,40
7,水道橋,外堀通り×白山通り,R4/11,本富士,C 神田,流入計,12,49,23,72
7,水道橋,外堀通り×白山通り,R4/11,本富士,C 神田,流入計,13,22,71,93
7,水道橋,外堀通り×白山通り,R4/11,本富士,C 神田,流入計,14,18,48,66
7,水道橋,外堀通り×白山通り,R4/11,本富士,C 神田,流入計,15,38,64,102
7,水道橋,外堀通り×白山通り,R4/11,本富士,C 神田,流入計,16,77,48,125
7,水道橋,外堀通り×白山通り,R4/11,本富士,C 神田,流入計,17,120,72,192
7,水道橋,外堀通り×白山通り,R4/11,本富士,C 神田,流入計,18,140,73,213
7,水道橋,外堀通り×白山通り,R4/11,本富士,C 神田,流入計,12時間計,568,455,1023
7,水道橋,外堀通り×白山通り,R4/11,本富士,D お茶の水,10神田,7,3,-,-
7,水道橋,外堀通り×白山通り,R4/11,本富士,D お茶の水,10神田,8,10,-,-
7,水道橋,外堀通り×白山通り,R4/11,本富士,D お茶の水,10神田,9,8,-,-
7,水道橋,外堀通り×白山通り,R4/11,本富士,D お茶の水,10神田,10,8,-,-
7,水道橋,外堀通り×白山通り,R4/11,本富士,D お茶の水,10神田,11,5,-,-
7,水道橋,外堀通り×白山通り,R4/11,本富士,D お茶の水,10神田,12,4,-,-
7,水道橋,外堀通り×白山通り,R4/11,本富士,D お茶の水,10神田,13,7,-,-
7,水道橋,外堀通り×白山通り,R4/11,本富士,D お茶の水,10神田,14,4,-,-
7,水道橋,外堀通り×白山通り,R4/11,本富士,D お茶の水,10神田,15,6,-,-
7,水道橋,外堀通り×白山通り,R4/11,本富士,D お茶の水,10神田,16,2,-,-
7,水道橋,外堀通り×白山通り,R4/11,本富士,D お茶の水,10神田,17,3,-,-
7,水道橋,外堀通り×白山通り,R4/11,本富士,D お茶の水,10神田,18,1,-,-
7,水道橋,外堀通り×白山通り,R4/11,本富士,D お茶の水,10神田,12時間計,61,-,-
7,水道橋,外堀通り×白山通り,R4/11,本富士,D お茶の水,11飯田橋,7,12,-,-
7,水道橋,外堀通り×白山通り,R4/11,本富士,D お茶の水,11飯田橋,8,35,-,-
7,水道橋,外堀通り×白山通り,R4/11,本富士,D お茶の水,11飯田橋,9,15,-,-
7,水道橋,外堀通り×白山通り,R4/11,本富士,D お茶の水,11飯田橋,10,12,-,-
7,水道橋,外堀通り×白山通り,R4/11,本富士,D お茶の水,11飯田橋,11,13,-,-
7,水道橋,外堀通り×白山通り,R4/11,本富士,D お茶の水,11飯田橋,12,16,-,-
7,水道橋,外堀通り×白山通り,R4/11,本富士,D お茶の水,11飯田橋,13,22,-,-
7,水道橋,外堀通り×白山通り,R4/11,本富士,D お茶の水,11飯田橋,14,17,-,-
7,水道橋,外堀通り×白山通り,R4/11,本富士,D お茶の水,11飯田橋,15,28,-,-
7,水道橋,外堀通り×白山通り,R4/11,本富士,D お茶の水,11飯田橋,16,30,-,-
7,水道橋,外堀通り×白山通り,R4/11,本富士,D お茶の水,11飯田橋,17,22,-,-
7,水道橋,外堀通り×白山通り,R4/11,本富士,D お茶の水,11飯田橋,18,27,-,-
7,水道橋,外堀通り×白山通り,R4/11,本富士,D お茶の水,11飯田橋,12時間計,249,-,-
7,水道橋,外堀通り×白山通り,R4/11,本富士,D お茶の水,12春日町,7,0,-,-
7,水道橋,外堀通り×白山通り,R4/11,本富士,D お茶の水,12春日町,8,2,-,-
7,水道橋,外堀通り×白山通り,R4/11,本富士,D お茶の水,12春日町,9,0,-,-
7,水道橋,外堀通り×白山通り,R4/11,本富士,D お茶の水,12春日町,10,0,-,-
7,水道橋,外堀通り×白山通り,R4/11,本富士,D お茶の水,12春日町,11,0,-,-
7,水道橋,外堀通り×白山通り,R4/11,本富士,D お茶の水,12春日町,12,0,-,-
7,水道橋,外堀通り×白山通り,R4/11,本富士,D お茶の水,12春日町,13,0,-,-
7,水道橋,外堀通り×白山通り,R4/11,本富士,D お茶の水,12春日町,14,0,-,-
7,水道橋,外堀通り×白山通り,R4/11,本富士,D お茶の水,12春日町,15,0,-,-
7,水道橋,外堀通り×白山通り,R4/11,本富士,D お茶の水,12春日町,16,0,-,-
7,水道橋,外堀通り×白山通り,R4/11,本富士,D お茶の水,12春日町,17,0,-,-
7,水道橋,外堀通り×白山通り,R4/11,本富士,D お茶の水,12春日町,18,0,-,-
7,水道橋,外堀通り×白山通り,R4/11,本富士,D お茶の水,12春日町,12時間計,2,-,-
7,水道橋,外堀通り×白山通り,R4/11,本富士,D お茶の水,流入計,7,15,9,24
7,水道橋,外堀通り×白山通り,R4/11,本富士,D お茶の水,流入計,8,47,14,61
7,水道橋,外堀通り×白山通り,R4/11,本富士,D お茶の水,流入計,9,23,8,31
7,水道橋,外堀通り×白山通り,R4/11,本富士,D お茶の水,流入計,10,20,12,32
7,水道橋,外堀通り×白山通り,R4/11,本富士,D お茶の水,流入計,11,18,13,31
7,水道橋,外堀通り×白山通り,R4/11,本富士,D お茶の水,流入計,12,20,9,29
7,水道橋,外堀通り×白山通り,R4/11,本富士,D お茶の水,流入計,13,29,11,40
7,水道橋,外堀通り×白山通り,R4/11,本富士,D お茶の水,流入計,14,21,17,38
7,水道橋,外堀通り×白山通り,R4/11,本富士,D お茶の水,流入計,15,34,11,45
7,水道橋,外堀通り×白山通り,R4/11,本富士,D お茶の水,流入計,16,32,23,55
7,水道橋,外堀通り×白山通り,R4/11,本富士,D お茶の水,流入計,17,25,12,37
7,水道橋,外堀通り×白山通り,R4/11,本富士,D お茶の水,流入計,18,28,14,42
7,水道橋,外堀通り×白山通り,R4/11,本富士,D お茶の水,流入計,12時間計,312,153,465
7,水道橋,外堀通り×白山通り,R4/11,本富士,全方向計,全方向計,7,182,120,302
7,水道橋,外堀通り×白山通り,R4/11,本富士,全方向計,全方向計,8,292,108,400
7,水道橋,外堀通り×白山通り,R4/11,本富士,全方向計,全方向計,9,235,141,376
7,水道橋,外堀通り×白山通り,R4/11,本富士,全方向計,全方向計,10,169,102,271
7,水道橋,外堀通り×白山通り,R4/11,本富士,全方向計,全方向計,11,120,137,257
7,水道橋,外堀通り×白山通り,R4/11,本富士,全方向計,全方向計,12,173,130,303
7,水道橋,外堀通り×白山通り,R4/11,本富士,全方向計,全方向計,13,148,196,344
7,水道橋,外堀通り×白山通り,R4/11,本富士,全方向計,全方向計,14,111,172,283
7,水道橋,外堀通り×白山通り,R4/11,本富士,全方向計,全方向計,15,160,144,304
7,水道橋,外堀通り×白山通り,R4/11,本富士,全方向計,全方向計,16,178,165,343
7,水道橋,外堀通り×白山通り,R4/11,本富士,全方向計,全方向計,17,233,160,393
7,水道橋,外堀通り×白山通り,R4/11,本富士,全方向計,全方向計,18,263,125,388
7,水道橋,外堀通り×白山通り,R4/11,本富士,全方向計,全方向計,12時間計,2264,1700,3964
