﻿地点番号,地点名,交差道路名,調査年月,管轄警察署,流入方向,流出方向,時間帯等,車道通行自転車,歩道通行自転車,自転車計
68,下石原交番前,武蔵境通り×甲州街道,R4/10,調布,A 三鷹,1新宿,7,1,-,-
68,下石原交番前,武蔵境通り×甲州街道,R4/10,調布,A 三鷹,1新宿,8,1,-,-
68,下石原交番前,武蔵境通り×甲州街道,R4/10,調布,A 三鷹,1新宿,9,0,-,-
68,下石原交番前,武蔵境通り×甲州街道,R4/10,調布,A 三鷹,1新宿,10,0,-,-
68,下石原交番前,武蔵境通り×甲州街道,R4/10,調布,A 三鷹,1新宿,11,0,-,-
68,下石原交番前,武蔵境通り×甲州街道,R4/10,調布,A 三鷹,1新宿,12,0,-,-
68,下石原交番前,武蔵境通り×甲州街道,R4/10,調布,A 三鷹,1新宿,13,1,-,-
68,下石原交番前,武蔵境通り×甲州街道,R4/10,調布,A 三鷹,1新宿,14,0,-,-
68,下石原交番前,武蔵境通り×甲州街道,R4/10,調布,A 三鷹,1新宿,15,0,-,-
68,下石原交番前,武蔵境通り×甲州街道,R4/10,調布,A 三鷹,1新宿,16,0,-,-
68,下石原交番前,武蔵境通り×甲州街道,R4/10,調布,A 三鷹,1新宿,17,0,-,-
68,下石原交番前,武蔵境通り×甲州街道,R4/10,調布,A 三鷹,1新宿,18,0,-,-
68,下石原交番前,武蔵境通り×甲州街道,R4/10,調布,A 三鷹,1新宿,12時間計,3,-,-
68,下石原交番前,武蔵境通り×甲州街道,R4/10,調布,A 三鷹,2町田,7,15,-,-
68,下石原交番前,武蔵境通り×甲州街道,R4/10,調布,A 三鷹,2町田,8,17,-,-
68,下石原交番前,武蔵境通り×甲州街道,R4/10,調布,A 三鷹,2町田,9,7,-,-
68,下石原交番前,武蔵境通り×甲州街道,R4/10,調布,A 三鷹,2町田,10,8,-,-
68,下石原交番前,武蔵境通り×甲州街道,R4/10,調布,A 三鷹,2町田,11,3,-,-
68,下石原交番前,武蔵境通り×甲州街道,R4/10,調布,A 三鷹,2町田,12,4,-,-
68,下石原交番前,武蔵境通り×甲州街道,R4/10,調布,A 三鷹,2町田,13,4,-,-
68,下石原交番前,武蔵境通り×甲州街道,R4/10,調布,A 三鷹,2町田,14,2,-,-
68,下石原交番前,武蔵境通り×甲州街道,R4/10,調布,A 三鷹,2町田,15,3,-,-
68,下石原交番前,武蔵境通り×甲州街道,R4/10,調布,A 三鷹,2町田,16,5,-,-
68,下石原交番前,武蔵境通り×甲州街道,R4/10,調布,A 三鷹,2町田,17,10,-,-
68,下石原交番前,武蔵境通り×甲州街道,R4/10,調布,A 三鷹,2町田,18,5,-,-
68,下石原交番前,武蔵境通り×甲州街道,R4/10,調布,A 三鷹,2町田,12時間計,83,-,-
68,下石原交番前,武蔵境通り×甲州街道,R4/10,調布,A 三鷹,3府中,7,0,-,-
68,下石原交番前,武蔵境通り×甲州街道,R4/10,調布,A 三鷹,3府中,8,0,-,-
68,下石原交番前,武蔵境通り×甲州街道,R4/10,調布,A 三鷹,3府中,9,0,-,-
68,下石原交番前,武蔵境通り×甲州街道,R4/10,調布,A 三鷹,3府中,10,0,-,-
68,下石原交番前,武蔵境通り×甲州街道,R4/10,調布,A 三鷹,3府中,11,0,-,-
68,下石原交番前,武蔵境通り×甲州街道,R4/10,調布,A 三鷹,3府中,12,0,-,-
68,下石原交番前,武蔵境通り×甲州街道,R4/10,調布,A 三鷹,3府中,13,0,-,-
68,下石原交番前,武蔵境通り×甲州街道,R4/10,調布,A 三鷹,3府中,14,0,-,-
68,下石原交番前,武蔵境通り×甲州街道,R4/10,調布,A 三鷹,3府中,15,0,-,-
68,下石原交番前,武蔵境通り×甲州街道,R4/10,調布,A 三鷹,3府中,16,0,-,-
68,下石原交番前,武蔵境通り×甲州街道,R4/10,調布,A 三鷹,3府中,17,0,-,-
68,下石原交番前,武蔵境通り×甲州街道,R4/10,調布,A 三鷹,3府中,18,0,-,-
68,下石原交番前,武蔵境通り×甲州街道,R4/10,調布,A 三鷹,3府中,12時間計,0,-,-
68,下石原交番前,武蔵境通り×甲州街道,R4/10,調布,A 三鷹,流入計,7,16,120,136
68,下石原交番前,武蔵境通り×甲州街道,R4/10,調布,A 三鷹,流入計,8,18,208,226
68,下石原交番前,武蔵境通り×甲州街道,R4/10,調布,A 三鷹,流入計,9,7,84,91
68,下石原交番前,武蔵境通り×甲州街道,R4/10,調布,A 三鷹,流入計,10,8,68,76
68,下石原交番前,武蔵境通り×甲州街道,R4/10,調布,A 三鷹,流入計,11,3,92,95
68,下石原交番前,武蔵境通り×甲州街道,R4/10,調布,A 三鷹,流入計,12,4,123,127
68,下石原交番前,武蔵境通り×甲州街道,R4/10,調布,A 三鷹,流入計,13,5,71,76
68,下石原交番前,武蔵境通り×甲州街道,R4/10,調布,A 三鷹,流入計,14,2,77,79
68,下石原交番前,武蔵境通り×甲州街道,R4/10,調布,A 三鷹,流入計,15,3,135,138
68,下石原交番前,武蔵境通り×甲州街道,R4/10,調布,A 三鷹,流入計,16,5,135,140
68,下石原交番前,武蔵境通り×甲州街道,R4/10,調布,A 三鷹,流入計,17,10,192,202
68,下石原交番前,武蔵境通り×甲州街道,R4/10,調布,A 三鷹,流入計,18,5,159,164
68,下石原交番前,武蔵境通り×甲州街道,R4/10,調布,A 三鷹,流入計,12時間計,86,1464,1550
68,下石原交番前,武蔵境通り×甲州街道,R4/10,調布,B 府中,4三鷹,7,0,-,-
68,下石原交番前,武蔵境通り×甲州街道,R4/10,調布,B 府中,4三鷹,8,1,-,-
68,下石原交番前,武蔵境通り×甲州街道,R4/10,調布,B 府中,4三鷹,9,0,-,-
68,下石原交番前,武蔵境通り×甲州街道,R4/10,調布,B 府中,4三鷹,10,0,-,-
68,下石原交番前,武蔵境通り×甲州街道,R4/10,調布,B 府中,4三鷹,11,0,-,-
68,下石原交番前,武蔵境通り×甲州街道,R4/10,調布,B 府中,4三鷹,12,0,-,-
68,下石原交番前,武蔵境通り×甲州街道,R4/10,調布,B 府中,4三鷹,13,0,-,-
68,下石原交番前,武蔵境通り×甲州街道,R4/10,調布,B 府中,4三鷹,14,0,-,-
68,下石原交番前,武蔵境通り×甲州街道,R4/10,調布,B 府中,4三鷹,15,0,-,-
68,下石原交番前,武蔵境通り×甲州街道,R4/10,調布,B 府中,4三鷹,16,0,-,-
68,下石原交番前,武蔵境通り×甲州街道,R4/10,調布,B 府中,4三鷹,17,1,-,-
68,下石原交番前,武蔵境通り×甲州街道,R4/10,調布,B 府中,4三鷹,18,0,-,-
68,下石原交番前,武蔵境通り×甲州街道,R4/10,調布,B 府中,4三鷹,12時間計,2,-,-
68,下石原交番前,武蔵境通り×甲州街道,R4/10,調布,B 府中,5新宿,7,3,-,-
68,下石原交番前,武蔵境通り×甲州街道,R4/10,調布,B 府中,5新宿,8,2,-,-
68,下石原交番前,武蔵境通り×甲州街道,R4/10,調布,B 府中,5新宿,9,2,-,-
68,下石原交番前,武蔵境通り×甲州街道,R4/10,調布,B 府中,5新宿,10,0,-,-
68,下石原交番前,武蔵境通り×甲州街道,R4/10,調布,B 府中,5新宿,11,2,-,-
68,下石原交番前,武蔵境通り×甲州街道,R4/10,調布,B 府中,5新宿,12,2,-,-
68,下石原交番前,武蔵境通り×甲州街道,R4/10,調布,B 府中,5新宿,13,0,-,-
68,下石原交番前,武蔵境通り×甲州街道,R4/10,調布,B 府中,5新宿,14,1,-,-
68,下石原交番前,武蔵境通り×甲州街道,R4/10,調布,B 府中,5新宿,15,2,-,-
68,下石原交番前,武蔵境通り×甲州街道,R4/10,調布,B 府中,5新宿,16,1,-,-
68,下石原交番前,武蔵境通り×甲州街道,R4/10,調布,B 府中,5新宿,17,3,-,-
68,下石原交番前,武蔵境通り×甲州街道,R4/10,調布,B 府中,5新宿,18,1,-,-
68,下石原交番前,武蔵境通り×甲州街道,R4/10,調布,B 府中,5新宿,12時間計,19,-,-
68,下石原交番前,武蔵境通り×甲州街道,R4/10,調布,B 府中,6町田,7,0,-,-
68,下石原交番前,武蔵境通り×甲州街道,R4/10,調布,B 府中,6町田,8,1,-,-
68,下石原交番前,武蔵境通り×甲州街道,R4/10,調布,B 府中,6町田,9,0,-,-
68,下石原交番前,武蔵境通り×甲州街道,R4/10,調布,B 府中,6町田,10,2,-,-
68,下石原交番前,武蔵境通り×甲州街道,R4/10,調布,B 府中,6町田,11,0,-,-
68,下石原交番前,武蔵境通り×甲州街道,R4/10,調布,B 府中,6町田,12,0,-,-
68,下石原交番前,武蔵境通り×甲州街道,R4/10,調布,B 府中,6町田,13,0,-,-
68,下石原交番前,武蔵境通り×甲州街道,R4/10,調布,B 府中,6町田,14,0,-,-
68,下石原交番前,武蔵境通り×甲州街道,R4/10,調布,B 府中,6町田,15,0,-,-
68,下石原交番前,武蔵境通り×甲州街道,R4/10,調布,B 府中,6町田,16,1,-,-
68,下石原交番前,武蔵境通り×甲州街道,R4/10,調布,B 府中,6町田,17,0,-,-
68,下石原交番前,武蔵境通り×甲州街道,R4/10,調布,B 府中,6町田,18,0,-,-
68,下石原交番前,武蔵境通り×甲州街道,R4/10,調布,B 府中,6町田,12時間計,4,-,-
68,下石原交番前,武蔵境通り×甲州街道,R4/10,調布,B 府中,流入計,7,3,138,141
68,下石原交番前,武蔵境通り×甲州街道,R4/10,調布,B 府中,流入計,8,4,157,161
68,下石原交番前,武蔵境通り×甲州街道,R4/10,調布,B 府中,流入計,9,2,107,109
68,下石原交番前,武蔵境通り×甲州街道,R4/10,調布,B 府中,流入計,10,2,118,120
68,下石原交番前,武蔵境通り×甲州街道,R4/10,調布,B 府中,流入計,11,2,71,73
68,下石原交番前,武蔵境通り×甲州街道,R4/10,調布,B 府中,流入計,12,2,123,125
68,下石原交番前,武蔵境通り×甲州街道,R4/10,調布,B 府中,流入計,13,0,94,94
68,下石原交番前,武蔵境通り×甲州街道,R4/10,調布,B 府中,流入計,14,1,86,87
68,下石原交番前,武蔵境通り×甲州街道,R4/10,調布,B 府中,流入計,15,2,79,81
68,下石原交番前,武蔵境通り×甲州街道,R4/10,調布,B 府中,流入計,16,2,95,97
68,下石原交番前,武蔵境通り×甲州街道,R4/10,調布,B 府中,流入計,17,4,103,107
68,下石原交番前,武蔵境通り×甲州街道,R4/10,調布,B 府中,流入計,18,1,62,63
68,下石原交番前,武蔵境通り×甲州街道,R4/10,調布,B 府中,流入計,12時間計,25,1233,1258
68,下石原交番前,武蔵境通り×甲州街道,R4/10,調布,C 町田,7府中,7,0,-,-
68,下石原交番前,武蔵境通り×甲州街道,R4/10,調布,C 町田,7府中,8,17,-,-
68,下石原交番前,武蔵境通り×甲州街道,R4/10,調布,C 町田,7府中,9,8,-,-
68,下石原交番前,武蔵境通り×甲州街道,R4/10,調布,C 町田,7府中,10,0,-,-
68,下石原交番前,武蔵境通り×甲州街道,R4/10,調布,C 町田,7府中,11,8,-,-
68,下石原交番前,武蔵境通り×甲州街道,R4/10,調布,C 町田,7府中,12,7,-,-
68,下石原交番前,武蔵境通り×甲州街道,R4/10,調布,C 町田,7府中,13,1,-,-
68,下石原交番前,武蔵境通り×甲州街道,R4/10,調布,C 町田,7府中,14,5,-,-
68,下石原交番前,武蔵境通り×甲州街道,R4/10,調布,C 町田,7府中,15,3,-,-
68,下石原交番前,武蔵境通り×甲州街道,R4/10,調布,C 町田,7府中,16,0,-,-
68,下石原交番前,武蔵境通り×甲州街道,R4/10,調布,C 町田,7府中,17,0,-,-
68,下石原交番前,武蔵境通り×甲州街道,R4/10,調布,C 町田,7府中,18,6,-,-
68,下石原交番前,武蔵境通り×甲州街道,R4/10,調布,C 町田,7府中,12時間計,55,-,-
68,下石原交番前,武蔵境通り×甲州街道,R4/10,調布,C 町田,8三鷹,7,0,-,-
68,下石原交番前,武蔵境通り×甲州街道,R4/10,調布,C 町田,8三鷹,8,5,-,-
68,下石原交番前,武蔵境通り×甲州街道,R4/10,調布,C 町田,8三鷹,9,0,-,-
68,下石原交番前,武蔵境通り×甲州街道,R4/10,調布,C 町田,8三鷹,10,6,-,-
68,下石原交番前,武蔵境通り×甲州街道,R4/10,調布,C 町田,8三鷹,11,1,-,-
68,下石原交番前,武蔵境通り×甲州街道,R4/10,調布,C 町田,8三鷹,12,4,-,-
68,下石原交番前,武蔵境通り×甲州街道,R4/10,調布,C 町田,8三鷹,13,3,-,-
68,下石原交番前,武蔵境通り×甲州街道,R4/10,調布,C 町田,8三鷹,14,7,-,-
68,下石原交番前,武蔵境通り×甲州街道,R4/10,調布,C 町田,8三鷹,15,0,-,-
68,下石原交番前,武蔵境通り×甲州街道,R4/10,調布,C 町田,8三鷹,16,5,-,-
68,下石原交番前,武蔵境通り×甲州街道,R4/10,調布,C 町田,8三鷹,17,7,-,-
68,下石原交番前,武蔵境通り×甲州街道,R4/10,調布,C 町田,8三鷹,18,5,-,-
68,下石原交番前,武蔵境通り×甲州街道,R4/10,調布,C 町田,8三鷹,12時間計,43,-,-
68,下石原交番前,武蔵境通り×甲州街道,R4/10,調布,C 町田,9新宿,7,1,-,-
68,下石原交番前,武蔵境通り×甲州街道,R4/10,調布,C 町田,9新宿,8,0,-,-
68,下石原交番前,武蔵境通り×甲州街道,R4/10,調布,C 町田,9新宿,9,1,-,-
68,下石原交番前,武蔵境通り×甲州街道,R4/10,調布,C 町田,9新宿,10,0,-,-
68,下石原交番前,武蔵境通り×甲州街道,R4/10,調布,C 町田,9新宿,11,0,-,-
68,下石原交番前,武蔵境通り×甲州街道,R4/10,調布,C 町田,9新宿,12,0,-,-
68,下石原交番前,武蔵境通り×甲州街道,R4/10,調布,C 町田,9新宿,13,0,-,-
68,下石原交番前,武蔵境通り×甲州街道,R4/10,調布,C 町田,9新宿,14,0,-,-
68,下石原交番前,武蔵境通り×甲州街道,R4/10,調布,C 町田,9新宿,15,0,-,-
68,下石原交番前,武蔵境通り×甲州街道,R4/10,調布,C 町田,9新宿,16,0,-,-
68,下石原交番前,武蔵境通り×甲州街道,R4/10,調布,C 町田,9新宿,17,0,-,-
68,下石原交番前,武蔵境通り×甲州街道,R4/10,調布,C 町田,9新宿,18,0,-,-
68,下石原交番前,武蔵境通り×甲州街道,R4/10,調布,C 町田,9新宿,12時間計,2,-,-
68,下石原交番前,武蔵境通り×甲州街道,R4/10,調布,C 町田,流入計,7,1,209,210
68,下石原交番前,武蔵境通り×甲州街道,R4/10,調布,C 町田,流入計,8,22,194,216
68,下石原交番前,武蔵境通り×甲州街道,R4/10,調布,C 町田,流入計,9,9,133,142
68,下石原交番前,武蔵境通り×甲州街道,R4/10,調布,C 町田,流入計,10,6,135,141
68,下石原交番前,武蔵境通り×甲州街道,R4/10,調布,C 町田,流入計,11,9,131,140
68,下石原交番前,武蔵境通り×甲州街道,R4/10,調布,C 町田,流入計,12,11,123,134
68,下石原交番前,武蔵境通り×甲州街道,R4/10,調布,C 町田,流入計,13,4,101,105
68,下石原交番前,武蔵境通り×甲州街道,R4/10,調布,C 町田,流入計,14,12,122,134
68,下石原交番前,武蔵境通り×甲州街道,R4/10,調布,C 町田,流入計,15,3,152,155
68,下石原交番前,武蔵境通り×甲州街道,R4/10,調布,C 町田,流入計,16,5,165,170
68,下石原交番前,武蔵境通り×甲州街道,R4/10,調布,C 町田,流入計,17,7,222,229
68,下石原交番前,武蔵境通り×甲州街道,R4/10,調布,C 町田,流入計,18,11,115,126
68,下石原交番前,武蔵境通り×甲州街道,R4/10,調布,C 町田,流入計,12時間計,100,1802,1902
68,下石原交番前,武蔵境通り×甲州街道,R4/10,調布,D 新宿,10町田,7,0,-,-
68,下石原交番前,武蔵境通り×甲州街道,R4/10,調布,D 新宿,10町田,8,0,-,-
68,下石原交番前,武蔵境通り×甲州街道,R4/10,調布,D 新宿,10町田,9,0,-,-
68,下石原交番前,武蔵境通り×甲州街道,R4/10,調布,D 新宿,10町田,10,0,-,-
68,下石原交番前,武蔵境通り×甲州街道,R4/10,調布,D 新宿,10町田,11,0,-,-
68,下石原交番前,武蔵境通り×甲州街道,R4/10,調布,D 新宿,10町田,12,0,-,-
68,下石原交番前,武蔵境通り×甲州街道,R4/10,調布,D 新宿,10町田,13,1,-,-
68,下石原交番前,武蔵境通り×甲州街道,R4/10,調布,D 新宿,10町田,14,0,-,-
68,下石原交番前,武蔵境通り×甲州街道,R4/10,調布,D 新宿,10町田,15,0,-,-
68,下石原交番前,武蔵境通り×甲州街道,R4/10,調布,D 新宿,10町田,16,0,-,-
68,下石原交番前,武蔵境通り×甲州街道,R4/10,調布,D 新宿,10町田,17,0,-,-
68,下石原交番前,武蔵境通り×甲州街道,R4/10,調布,D 新宿,10町田,18,0,-,-
68,下石原交番前,武蔵境通り×甲州街道,R4/10,調布,D 新宿,10町田,12時間計,1,-,-
68,下石原交番前,武蔵境通り×甲州街道,R4/10,調布,D 新宿,11府中,7,1,-,-
68,下石原交番前,武蔵境通り×甲州街道,R4/10,調布,D 新宿,11府中,8,1,-,-
68,下石原交番前,武蔵境通り×甲州街道,R4/10,調布,D 新宿,11府中,9,1,-,-
68,下石原交番前,武蔵境通り×甲州街道,R4/10,調布,D 新宿,11府中,10,1,-,-
68,下石原交番前,武蔵境通り×甲州街道,R4/10,調布,D 新宿,11府中,11,0,-,-
68,下石原交番前,武蔵境通り×甲州街道,R4/10,調布,D 新宿,11府中,12,2,-,-
68,下石原交番前,武蔵境通り×甲州街道,R4/10,調布,D 新宿,11府中,13,1,-,-
68,下石原交番前,武蔵境通り×甲州街道,R4/10,調布,D 新宿,11府中,14,1,-,-
68,下石原交番前,武蔵境通り×甲州街道,R4/10,調布,D 新宿,11府中,15,1,-,-
68,下石原交番前,武蔵境通り×甲州街道,R4/10,調布,D 新宿,11府中,16,1,-,-
68,下石原交番前,武蔵境通り×甲州街道,R4/10,調布,D 新宿,11府中,17,2,-,-
68,下石原交番前,武蔵境通り×甲州街道,R4/10,調布,D 新宿,11府中,18,3,-,-
68,下石原交番前,武蔵境通り×甲州街道,R4/10,調布,D 新宿,11府中,12時間計,15,-,-
68,下石原交番前,武蔵境通り×甲州街道,R4/10,調布,D 新宿,12三鷹,7,0,-,-
68,下石原交番前,武蔵境通り×甲州街道,R4/10,調布,D 新宿,12三鷹,8,0,-,-
68,下石原交番前,武蔵境通り×甲州街道,R4/10,調布,D 新宿,12三鷹,9,0,-,-
68,下石原交番前,武蔵境通り×甲州街道,R4/10,調布,D 新宿,12三鷹,10,0,-,-
68,下石原交番前,武蔵境通り×甲州街道,R4/10,調布,D 新宿,12三鷹,11,0,-,-
68,下石原交番前,武蔵境通り×甲州街道,R4/10,調布,D 新宿,12三鷹,12,0,-,-
68,下石原交番前,武蔵境通り×甲州街道,R4/10,調布,D 新宿,12三鷹,13,0,-,-
68,下石原交番前,武蔵境通り×甲州街道,R4/10,調布,D 新宿,12三鷹,14,0,-,-
68,下石原交番前,武蔵境通り×甲州街道,R4/10,調布,D 新宿,12三鷹,15,0,-,-
68,下石原交番前,武蔵境通り×甲州街道,R4/10,調布,D 新宿,12三鷹,16,0,-,-
68,下石原交番前,武蔵境通り×甲州街道,R4/10,調布,D 新宿,12三鷹,17,0,-,-
68,下石原交番前,武蔵境通り×甲州街道,R4/10,調布,D 新宿,12三鷹,18,0,-,-
68,下石原交番前,武蔵境通り×甲州街道,R4/10,調布,D 新宿,12三鷹,12時間計,0,-,-
68,下石原交番前,武蔵境通り×甲州街道,R4/10,調布,D 新宿,流入計,7,1,66,67
68,下石原交番前,武蔵境通り×甲州街道,R4/10,調布,D 新宿,流入計,8,1,144,145
68,下石原交番前,武蔵境通り×甲州街道,R4/10,調布,D 新宿,流入計,9,1,45,46
68,下石原交番前,武蔵境通り×甲州街道,R4/10,調布,D 新宿,流入計,10,1,54,55
68,下石原交番前,武蔵境通り×甲州街道,R4/10,調布,D 新宿,流入計,11,0,48,48
68,下石原交番前,武蔵境通り×甲州街道,R4/10,調布,D 新宿,流入計,12,2,59,61
68,下石原交番前,武蔵境通り×甲州街道,R4/10,調布,D 新宿,流入計,13,2,54,56
68,下石原交番前,武蔵境通り×甲州街道,R4/10,調布,D 新宿,流入計,14,1,57,58
68,下石原交番前,武蔵境通り×甲州街道,R4/10,調布,D 新宿,流入計,15,1,101,102
68,下石原交番前,武蔵境通り×甲州街道,R4/10,調布,D 新宿,流入計,16,1,83,84
68,下石原交番前,武蔵境通り×甲州街道,R4/10,調布,D 新宿,流入計,17,2,90,92
68,下石原交番前,武蔵境通り×甲州街道,R4/10,調布,D 新宿,流入計,18,3,63,66
68,下石原交番前,武蔵境通り×甲州街道,R4/10,調布,D 新宿,流入計,12時間計,16,864,880
68,下石原交番前,武蔵境通り×甲州街道,R4/10,調布,全方向計,全方向計,7,21,533,554
68,下石原交番前,武蔵境通り×甲州街道,R4/10,調布,全方向計,全方向計,8,45,703,748
68,下石原交番前,武蔵境通り×甲州街道,R4/10,調布,全方向計,全方向計,9,19,369,388
68,下石原交番前,武蔵境通り×甲州街道,R4/10,調布,全方向計,全方向計,10,17,375,392
68,下石原交番前,武蔵境通り×甲州街道,R4/10,調布,全方向計,全方向計,11,14,342,356
68,下石原交番前,武蔵境通り×甲州街道,R4/10,調布,全方向計,全方向計,12,19,428,447
68,下石原交番前,武蔵境通り×甲州街道,R4/10,調布,全方向計,全方向計,13,11,320,331
68,下石原交番前,武蔵境通り×甲州街道,R4/10,調布,全方向計,全方向計,14,16,342,358
68,下石原交番前,武蔵境通り×甲州街道,R4/10,調布,全方向計,全方向計,15,9,467,476
68,下石原交番前,武蔵境通り×甲州街道,R4/10,調布,全方向計,全方向計,16,13,478,491
68,下石原交番前,武蔵境通り×甲州街道,R4/10,調布,全方向計,全方向計,17,23,607,630
68,下石原交番前,武蔵境通り×甲州街道,R4/10,調布,全方向計,全方向計,18,20,399,419
68,下石原交番前,武蔵境通り×甲州街道,R4/10,調布,全方向計,全方向計,12時間計,227,5363,5590
