﻿地点番号,地点名,交差道路名,調査年月,管轄警察署,流出方向,時間帯等,大型乗用,大型貨物,普通乗用,普通貨物,四輪計,二輪車
68,下石原交番前,武蔵境通り×甲州街道,R4/10,調布,A 三鷹,7,20,19,317,218,574,45
68,下石原交番前,武蔵境通り×甲州街道,R4/10,調布,A 三鷹,8,15,25,265,163,468,29
68,下石原交番前,武蔵境通り×甲州街道,R4/10,調布,A 三鷹,9,10,10,306,157,483,12
68,下石原交番前,武蔵境通り×甲州街道,R4/10,調布,A 三鷹,10,9,10,273,156,448,21
68,下石原交番前,武蔵境通り×甲州街道,R4/10,調布,A 三鷹,11,11,21,249,174,455,16
68,下石原交番前,武蔵境通り×甲州街道,R4/10,調布,A 三鷹,12,11,23,277,164,475,25
68,下石原交番前,武蔵境通り×甲州街道,R4/10,調布,A 三鷹,13,12,12,326,161,511,23
68,下石原交番前,武蔵境通り×甲州街道,R4/10,調布,A 三鷹,14,7,14,308,174,503,26
68,下石原交番前,武蔵境通り×甲州街道,R4/10,調布,A 三鷹,15,10,19,325,124,478,34
68,下石原交番前,武蔵境通り×甲州街道,R4/10,調布,A 三鷹,16,14,13,327,160,514,24
68,下石原交番前,武蔵境通り×甲州街道,R4/10,調布,A 三鷹,17,10,6,353,125,494,22
68,下石原交番前,武蔵境通り×甲州街道,R4/10,調布,A 三鷹,18,13,16,365,129,523,39
68,下石原交番前,武蔵境通り×甲州街道,R4/10,調布,A 三鷹,12時間計,142,188,3691,1905,5926,316
68,下石原交番前,武蔵境通り×甲州街道,R4/10,調布,B 府中,7,16,44,620,348,1028,43
68,下石原交番前,武蔵境通り×甲州街道,R4/10,調布,B 府中,8,14,63,619,255,951,45
68,下石原交番前,武蔵境通り×甲州街道,R4/10,調布,B 府中,9,21,82,641,305,1049,39
68,下石原交番前,武蔵境通り×甲州街道,R4/10,調布,B 府中,10,3,49,622,394,1068,35
68,下石原交番前,武蔵境通り×甲州街道,R4/10,調布,B 府中,11,8,74,583,315,980,30
68,下石原交番前,武蔵境通り×甲州街道,R4/10,調布,B 府中,12,5,65,538,317,925,30
68,下石原交番前,武蔵境通り×甲州街道,R4/10,調布,B 府中,13,4,44,512,347,907,34
68,下石原交番前,武蔵境通り×甲州街道,R4/10,調布,B 府中,14,5,57,511,308,881,32
68,下石原交番前,武蔵境通り×甲州街道,R4/10,調布,B 府中,15,25,53,505,372,955,37
68,下石原交番前,武蔵境通り×甲州街道,R4/10,調布,B 府中,16,8,20,528,408,964,32
68,下石原交番前,武蔵境通り×甲州街道,R4/10,調布,B 府中,17,13,37,594,391,1035,43
68,下石原交番前,武蔵境通り×甲州街道,R4/10,調布,B 府中,18,13,46,614,294,967,51
68,下石原交番前,武蔵境通り×甲州街道,R4/10,調布,B 府中,12時間計,135,634,6887,4054,11710,451
68,下石原交番前,武蔵境通り×甲州街道,R4/10,調布,C 町田,7,16,45,418,237,716,33
68,下石原交番前,武蔵境通り×甲州街道,R4/10,調布,C 町田,8,21,24,333,234,612,34
68,下石原交番前,武蔵境通り×甲州街道,R4/10,調布,C 町田,9,13,20,372,233,638,16
68,下石原交番前,武蔵境通り×甲州街道,R4/10,調布,C 町田,10,9,17,390,210,626,27
68,下石原交番前,武蔵境通り×甲州街道,R4/10,調布,C 町田,11,10,33,402,196,641,31
68,下石原交番前,武蔵境通り×甲州街道,R4/10,調布,C 町田,12,10,45,368,198,621,32
68,下石原交番前,武蔵境通り×甲州街道,R4/10,調布,C 町田,13,11,20,349,217,597,27
68,下石原交番前,武蔵境通り×甲州街道,R4/10,調布,C 町田,14,19,19,439,247,724,34
68,下石原交番前,武蔵境通り×甲州街道,R4/10,調布,C 町田,15,12,26,446,209,693,27
68,下石原交番前,武蔵境通り×甲州街道,R4/10,調布,C 町田,16,20,17,406,213,656,36
68,下石原交番前,武蔵境通り×甲州街道,R4/10,調布,C 町田,17,17,13,454,182,666,41
68,下石原交番前,武蔵境通り×甲州街道,R4/10,調布,C 町田,18,18,8,473,235,734,49
68,下石原交番前,武蔵境通り×甲州街道,R4/10,調布,C 町田,12時間計,176,287,4850,2611,7924,387
68,下石原交番前,武蔵境通り×甲州街道,R4/10,調布,D 新宿,7,4,28,488,470,990,69
68,下石原交番前,武蔵境通り×甲州街道,R4/10,調布,D 新宿,8,4,35,457,419,915,51
68,下石原交番前,武蔵境通り×甲州街道,R4/10,調布,D 新宿,9,4,43,442,361,850,44
68,下石原交番前,武蔵境通り×甲州街道,R4/10,調布,D 新宿,10,1,46,503,331,881,36
68,下石原交番前,武蔵境通り×甲州街道,R4/10,調布,D 新宿,11,2,27,531,365,925,31
68,下石原交番前,武蔵境通り×甲州街道,R4/10,調布,D 新宿,12,1,34,474,312,821,43
68,下石原交番前,武蔵境通り×甲州街道,R4/10,調布,D 新宿,13,5,36,536,246,823,37
68,下石原交番前,武蔵境通り×甲州街道,R4/10,調布,D 新宿,14,5,26,550,291,872,41
68,下石原交番前,武蔵境通り×甲州街道,R4/10,調布,D 新宿,15,3,28,589,256,876,46
68,下石原交番前,武蔵境通り×甲州街道,R4/10,調布,D 新宿,16,6,18,611,206,841,44
68,下石原交番前,武蔵境通り×甲州街道,R4/10,調布,D 新宿,17,3,14,719,215,951,77
68,下石原交番前,武蔵境通り×甲州街道,R4/10,調布,D 新宿,18,4,11,640,193,848,83
68,下石原交番前,武蔵境通り×甲州街道,R4/10,調布,D 新宿,12時間計,42,346,6540,3665,10593,602
68,下石原交番前,武蔵境通り×甲州街道,R4/10,調布,全方向合計,7,56,136,1843,1273,3308,190
68,下石原交番前,武蔵境通り×甲州街道,R4/10,調布,全方向合計,8,54,147,1674,1071,2946,159
68,下石原交番前,武蔵境通り×甲州街道,R4/10,調布,全方向合計,9,48,155,1761,1056,3020,111
68,下石原交番前,武蔵境通り×甲州街道,R4/10,調布,全方向合計,10,22,122,1788,1091,3023,119
68,下石原交番前,武蔵境通り×甲州街道,R4/10,調布,全方向合計,11,31,155,1765,1050,3001,108
68,下石原交番前,武蔵境通り×甲州街道,R4/10,調布,全方向合計,12,27,167,1657,991,2842,130
68,下石原交番前,武蔵境通り×甲州街道,R4/10,調布,全方向合計,13,32,112,1723,971,2838,121
68,下石原交番前,武蔵境通り×甲州街道,R4/10,調布,全方向合計,14,36,116,1808,1020,2980,133
68,下石原交番前,武蔵境通り×甲州街道,R4/10,調布,全方向合計,15,50,126,1865,961,3002,144
68,下石原交番前,武蔵境通り×甲州街道,R4/10,調布,全方向合計,16,48,68,1872,987,2975,136
68,下石原交番前,武蔵境通り×甲州街道,R4/10,調布,全方向合計,17,43,70,2120,913,3146,183
68,下石原交番前,武蔵境通り×甲州街道,R4/10,調布,全方向合計,18,48,81,2092,851,3072,222
68,下石原交番前,武蔵境通り×甲州街道,R4/10,調布,全方向合計,12時間計,495,1455,21968,12235,36153,1756
