﻿地点番号,地点名,交差道路名,調査年月,管轄警察署,流入方向,流出方向,時間帯等,大型乗用,大型貨物,普通乗用,普通貨物,四輪計,二輪車
68,下石原交番前,武蔵境通り×甲州街道,R4/10,調布,A 三鷹,1.新宿,7,0,1,6,2,9,2
68,下石原交番前,武蔵境通り×甲州街道,R4/10,調布,A 三鷹,1.新宿,8,0,1,7,5,13,3
68,下石原交番前,武蔵境通り×甲州街道,R4/10,調布,A 三鷹,1.新宿,9,0,1,6,2,9,0
68,下石原交番前,武蔵境通り×甲州街道,R4/10,調布,A 三鷹,1.新宿,10,0,2,12,2,16,2
68,下石原交番前,武蔵境通り×甲州街道,R4/10,調布,A 三鷹,1.新宿,11,0,0,12,4,16,1
68,下石原交番前,武蔵境通り×甲州街道,R4/10,調布,A 三鷹,1.新宿,12,0,0,10,9,19,0
68,下石原交番前,武蔵境通り×甲州街道,R4/10,調布,A 三鷹,1.新宿,13,0,0,13,5,18,1
68,下石原交番前,武蔵境通り×甲州街道,R4/10,調布,A 三鷹,1.新宿,14,0,1,13,6,20,1
68,下石原交番前,武蔵境通り×甲州街道,R4/10,調布,A 三鷹,1.新宿,15,0,2,9,4,15,1
68,下石原交番前,武蔵境通り×甲州街道,R4/10,調布,A 三鷹,1.新宿,16,2,0,6,3,11,2
68,下石原交番前,武蔵境通り×甲州街道,R4/10,調布,A 三鷹,1.新宿,17,0,0,11,5,16,0
68,下石原交番前,武蔵境通り×甲州街道,R4/10,調布,A 三鷹,1.新宿,18,0,0,8,3,11,2
68,下石原交番前,武蔵境通り×甲州街道,R4/10,調布,A 三鷹,1.新宿,12時間計,2,8,113,50,173,15
68,下石原交番前,武蔵境通り×甲州街道,R4/10,調布,A 三鷹,2.町田,7,11,9,186,134,340,15
68,下石原交番前,武蔵境通り×甲州街道,R4/10,調布,A 三鷹,2.町田,8,13,4,176,109,302,21
68,下石原交番前,武蔵境通り×甲州街道,R4/10,調布,A 三鷹,2.町田,9,10,5,153,112,280,7
68,下石原交番前,武蔵境通り×甲州街道,R4/10,調布,A 三鷹,2.町田,10,9,7,162,95,273,17
68,下石原交番前,武蔵境通り×甲州街道,R4/10,調布,A 三鷹,2.町田,11,8,16,180,85,289,16
68,下石原交番前,武蔵境通り×甲州街道,R4/10,調布,A 三鷹,2.町田,12,8,15,133,67,223,16
68,下石原交番前,武蔵境通り×甲州街道,R4/10,調布,A 三鷹,2.町田,13,8,5,149,83,245,18
68,下石原交番前,武蔵境通り×甲州街道,R4/10,調布,A 三鷹,2.町田,14,8,6,183,96,293,24
68,下石原交番前,武蔵境通り×甲州街道,R4/10,調布,A 三鷹,2.町田,15,8,5,182,83,278,15
68,下石原交番前,武蔵境通り×甲州街道,R4/10,調布,A 三鷹,2.町田,16,14,6,167,92,279,26
68,下石原交番前,武蔵境通り×甲州街道,R4/10,調布,A 三鷹,2.町田,17,13,4,162,78,257,28
68,下石原交番前,武蔵境通り×甲州街道,R4/10,調布,A 三鷹,2.町田,18,16,4,177,69,266,28
68,下石原交番前,武蔵境通り×甲州街道,R4/10,調布,A 三鷹,2.町田,12時間計,126,86,2010,1103,3325,231
68,下石原交番前,武蔵境通り×甲州街道,R4/10,調布,A 三鷹,3.府中,7,0,4,74,38,116,4
68,下石原交番前,武蔵境通り×甲州街道,R4/10,調布,A 三鷹,3.府中,8,3,9,121,29,162,2
68,下石原交番前,武蔵境通り×甲州街道,R4/10,調布,A 三鷹,3.府中,9,7,14,122,26,169,3
68,下石原交番前,武蔵境通り×甲州街道,R4/10,調布,A 三鷹,3.府中,10,0,11,87,45,143,2
68,下石原交番前,武蔵境通り×甲州街道,R4/10,調布,A 三鷹,3.府中,11,3,6,95,42,146,3
68,下石原交番前,武蔵境通り×甲州街道,R4/10,調布,A 三鷹,3.府中,12,1,12,95,28,136,5
68,下石原交番前,武蔵境通り×甲州街道,R4/10,調布,A 三鷹,3.府中,13,1,3,58,45,107,0
68,下石原交番前,武蔵境通り×甲州街道,R4/10,調布,A 三鷹,3.府中,14,0,5,83,43,131,2
68,下石原交番前,武蔵境通り×甲州街道,R4/10,調布,A 三鷹,3.府中,15,0,10,76,43,129,7
68,下石原交番前,武蔵境通り×甲州街道,R4/10,調布,A 三鷹,3.府中,16,0,2,55,49,106,2
68,下石原交番前,武蔵境通り×甲州街道,R4/10,調布,A 三鷹,3.府中,17,0,8,66,35,109,11
68,下石原交番前,武蔵境通り×甲州街道,R4/10,調布,A 三鷹,3.府中,18,1,2,70,29,102,6
68,下石原交番前,武蔵境通り×甲州街道,R4/10,調布,A 三鷹,3.府中,12時間計,16,86,1002,452,1556,47
68,下石原交番前,武蔵境通り×甲州街道,R4/10,調布,A 三鷹,流入計,7,11,14,266,174,465,21
68,下石原交番前,武蔵境通り×甲州街道,R4/10,調布,A 三鷹,流入計,8,16,14,304,143,477,26
68,下石原交番前,武蔵境通り×甲州街道,R4/10,調布,A 三鷹,流入計,9,17,20,281,140,458,10
68,下石原交番前,武蔵境通り×甲州街道,R4/10,調布,A 三鷹,流入計,10,9,20,261,142,432,21
68,下石原交番前,武蔵境通り×甲州街道,R4/10,調布,A 三鷹,流入計,11,11,22,287,131,451,20
68,下石原交番前,武蔵境通り×甲州街道,R4/10,調布,A 三鷹,流入計,12,9,27,238,104,378,21
68,下石原交番前,武蔵境通り×甲州街道,R4/10,調布,A 三鷹,流入計,13,9,8,220,133,370,19
68,下石原交番前,武蔵境通り×甲州街道,R4/10,調布,A 三鷹,流入計,14,8,12,279,145,444,27
68,下石原交番前,武蔵境通り×甲州街道,R4/10,調布,A 三鷹,流入計,15,8,17,267,130,422,23
68,下石原交番前,武蔵境通り×甲州街道,R4/10,調布,A 三鷹,流入計,16,16,8,228,144,396,30
68,下石原交番前,武蔵境通り×甲州街道,R4/10,調布,A 三鷹,流入計,17,13,12,239,118,382,39
68,下石原交番前,武蔵境通り×甲州街道,R4/10,調布,A 三鷹,流入計,18,17,6,255,101,379,36
68,下石原交番前,武蔵境通り×甲州街道,R4/10,調布,A 三鷹,流入計,12時間計,144,180,3125,1605,5054,293
68,下石原交番前,武蔵境通り×甲州街道,R4/10,調布,B 府中,4.三鷹,7,1,4,54,51,110,1
68,下石原交番前,武蔵境通り×甲州街道,R4/10,調布,B 府中,4.三鷹,8,1,11,54,31,97,2
68,下石原交番前,武蔵境通り×甲州街道,R4/10,調布,B 府中,4.三鷹,9,0,2,71,56,129,0
68,下石原交番前,武蔵境通り×甲州街道,R4/10,調布,B 府中,4.三鷹,10,2,3,67,62,134,0
68,下石原交番前,武蔵境通り×甲州街道,R4/10,調布,B 府中,4.三鷹,11,0,6,67,63,136,1
68,下石原交番前,武蔵境通り×甲州街道,R4/10,調布,B 府中,4.三鷹,12,0,8,85,47,140,4
68,下石原交番前,武蔵境通り×甲州街道,R4/10,調布,B 府中,4.三鷹,13,3,5,105,41,154,4
68,下石原交番前,武蔵境通り×甲州街道,R4/10,調布,B 府中,4.三鷹,14,0,6,90,57,153,2
68,下石原交番前,武蔵境通り×甲州街道,R4/10,調布,B 府中,4.三鷹,15,2,11,126,31,170,8
68,下石原交番前,武蔵境通り×甲州街道,R4/10,調布,B 府中,4.三鷹,16,2,7,108,46,163,3
68,下石原交番前,武蔵境通り×甲州街道,R4/10,調布,B 府中,4.三鷹,17,0,4,116,27,147,1
68,下石原交番前,武蔵境通り×甲州街道,R4/10,調布,B 府中,4.三鷹,18,0,11,133,28,172,6
68,下石原交番前,武蔵境通り×甲州街道,R4/10,調布,B 府中,4.三鷹,12時間計,11,78,1076,540,1705,32
68,下石原交番前,武蔵境通り×甲州街道,R4/10,調布,B 府中,5.新宿,7,3,22,371,382,778,36
68,下石原交番前,武蔵境通り×甲州街道,R4/10,調布,B 府中,5.新宿,8,1,28,353,343,725,25
68,下石原交番前,武蔵境通り×甲州街道,R4/10,調布,B 府中,5.新宿,9,2,33,335,280,650,31
68,下石原交番前,武蔵境通り×甲州街道,R4/10,調布,B 府中,5.新宿,10,1,32,375,253,661,21
68,下石原交番前,武蔵境通り×甲州街道,R4/10,調布,B 府中,5.新宿,11,2,24,409,270,705,24
68,下石原交番前,武蔵境通り×甲州街道,R4/10,調布,B 府中,5.新宿,12,1,31,354,219,605,29
68,下石原交番前,武蔵境通り×甲州街道,R4/10,調布,B 府中,5.新宿,13,5,27,393,183,608,27
68,下石原交番前,武蔵境通り×甲州街道,R4/10,調布,B 府中,5.新宿,14,5,20,424,210,659,27
68,下石原交番前,武蔵境通り×甲州街道,R4/10,調布,B 府中,5.新宿,15,1,17,391,171,580,28
68,下石原交番前,武蔵境通り×甲州街道,R4/10,調布,B 府中,5.新宿,16,4,12,430,140,586,31
68,下石原交番前,武蔵境通り×甲州街道,R4/10,調布,B 府中,5.新宿,17,2,10,559,157,728,52
68,下石原交番前,武蔵境通り×甲州街道,R4/10,調布,B 府中,5.新宿,18,3,8,497,143,651,55
68,下石原交番前,武蔵境通り×甲州街道,R4/10,調布,B 府中,5.新宿,12時間計,30,264,4891,2751,7936,386
68,下石原交番前,武蔵境通り×甲州街道,R4/10,調布,B 府中,6.町田,7,4,18,115,51,188,9
68,下石原交番前,武蔵境通り×甲州街道,R4/10,調布,B 府中,6.町田,8,8,19,40,72,139,4
68,下石原交番前,武蔵境通り×甲州街道,R4/10,調布,B 府中,6.町田,9,3,8,109,56,176,2
68,下石原交番前,武蔵境通り×甲州街道,R4/10,調布,B 府中,6.町田,10,0,6,114,78,198,2
68,下石原交番前,武蔵境通り×甲州街道,R4/10,調布,B 府中,6.町田,11,0,11,94,53,158,5
68,下石原交番前,武蔵境通り×甲州街道,R4/10,調布,B 府中,6.町田,12,0,16,116,57,189,8
68,下石原交番前,武蔵境通り×甲州街道,R4/10,調布,B 府中,6.町田,13,2,9,98,66,175,4
68,下石原交番前,武蔵境通り×甲州街道,R4/10,調布,B 府中,6.町田,14,9,2,125,66,202,2
68,下石原交番前,武蔵境通り×甲州街道,R4/10,調布,B 府中,6.町田,15,2,11,160,64,237,3
68,下石原交番前,武蔵境通り×甲州街道,R4/10,調布,B 府中,6.町田,16,5,5,137,50,197,5
68,下石原交番前,武蔵境通り×甲州街道,R4/10,調布,B 府中,6.町田,17,3,5,159,39,206,7
68,下石原交番前,武蔵境通り×甲州街道,R4/10,調布,B 府中,6.町田,18,2,2,153,102,259,9
68,下石原交番前,武蔵境通り×甲州街道,R4/10,調布,B 府中,6.町田,12時間計,38,112,1420,754,2324,60
68,下石原交番前,武蔵境通り×甲州街道,R4/10,調布,B 府中,流入計,7,8,44,540,484,1076,46
68,下石原交番前,武蔵境通り×甲州街道,R4/10,調布,B 府中,流入計,8,10,58,447,446,961,31
68,下石原交番前,武蔵境通り×甲州街道,R4/10,調布,B 府中,流入計,9,5,43,515,392,955,33
68,下石原交番前,武蔵境通り×甲州街道,R4/10,調布,B 府中,流入計,10,3,41,556,393,993,23
68,下石原交番前,武蔵境通り×甲州街道,R4/10,調布,B 府中,流入計,11,2,41,570,386,999,30
68,下石原交番前,武蔵境通り×甲州街道,R4/10,調布,B 府中,流入計,12,1,55,555,323,934,41
68,下石原交番前,武蔵境通り×甲州街道,R4/10,調布,B 府中,流入計,13,10,41,596,290,937,35
68,下石原交番前,武蔵境通り×甲州街道,R4/10,調布,B 府中,流入計,14,14,28,639,333,1014,31
68,下石原交番前,武蔵境通り×甲州街道,R4/10,調布,B 府中,流入計,15,5,39,677,266,987,39
68,下石原交番前,武蔵境通り×甲州街道,R4/10,調布,B 府中,流入計,16,11,24,675,236,946,39
68,下石原交番前,武蔵境通り×甲州街道,R4/10,調布,B 府中,流入計,17,5,19,834,223,1081,60
68,下石原交番前,武蔵境通り×甲州街道,R4/10,調布,B 府中,流入計,18,5,21,783,273,1082,70
68,下石原交番前,武蔵境通り×甲州街道,R4/10,調布,B 府中,流入計,12時間計,79,454,7387,4045,11965,478
68,下石原交番前,武蔵境通り×甲州街道,R4/10,調布,C 町田,7.府中,7,9,11,95,66,181,6
68,下石原交番前,武蔵境通り×甲州街道,R4/10,調布,C 町田,7.府中,8,5,16,78,46,145,7
68,下石原交番前,武蔵境通り×甲州街道,R4/10,調布,C 町田,7.府中,9,2,12,111,57,182,5
68,下石原交番前,武蔵境通り×甲州街道,R4/10,調布,C 町田,7.府中,10,0,7,114,71,192,4
68,下石原交番前,武蔵境通り×甲州街道,R4/10,調布,C 町田,7.府中,11,2,16,104,56,178,8
68,下石原交番前,武蔵境通り×甲州街道,R4/10,調布,C 町田,7.府中,12,2,14,80,61,157,4
68,下石原交番前,武蔵境通り×甲州街道,R4/10,調布,C 町田,7.府中,13,1,5,97,68,171,8
68,下石原交番前,武蔵境通り×甲州街道,R4/10,調布,C 町田,7.府中,14,1,13,104,60,178,6
68,下石原交番前,武蔵境通り×甲州街道,R4/10,調布,C 町田,7.府中,15,17,11,100,73,201,3
68,下石原交番前,武蔵境通り×甲州街道,R4/10,調布,C 町田,7.府中,16,6,5,102,71,184,7
68,下石原交番前,武蔵境通り×甲州街道,R4/10,調布,C 町田,7.府中,17,6,8,117,71,202,5
68,下石原交番前,武蔵境通り×甲州街道,R4/10,調布,C 町田,7.府中,18,6,13,109,34,162,7
68,下石原交番前,武蔵境通り×甲州街道,R4/10,調布,C 町田,7.府中,12時間計,57,131,1211,734,2133,70
68,下石原交番前,武蔵境通り×甲州街道,R4/10,調布,C 町田,8.三鷹,7,17,13,248,153,431,44
68,下石原交番前,武蔵境通り×甲州街道,R4/10,調布,C 町田,8.三鷹,8,14,14,199,130,357,27
68,下石原交番前,武蔵境通り×甲州街道,R4/10,調布,C 町田,8.三鷹,9,10,8,223,90,331,12
68,下石原交番前,武蔵境通り×甲州街道,R4/10,調布,C 町田,8.三鷹,10,7,7,191,82,287,20
68,下石原交番前,武蔵境通り×甲州街道,R4/10,調布,C 町田,8.三鷹,11,11,13,166,101,291,15
68,下石原交番前,武蔵境通り×甲州街道,R4/10,調布,C 町田,8.三鷹,12,9,11,177,108,305,20
68,下石原交番前,武蔵境通り×甲州街道,R4/10,調布,C 町田,8.三鷹,13,9,7,195,106,317,17
68,下石原交番前,武蔵境通り×甲州街道,R4/10,調布,C 町田,8.三鷹,14,7,8,201,106,322,22
68,下石原交番前,武蔵境通り×甲州街道,R4/10,調布,C 町田,8.三鷹,15,8,5,187,91,291,25
68,下石原交番前,武蔵境通り×甲州街道,R4/10,調布,C 町田,8.三鷹,16,11,4,200,112,327,20
68,下石原交番前,武蔵境通り×甲州街道,R4/10,調布,C 町田,8.三鷹,17,10,2,218,92,322,21
68,下石原交番前,武蔵境通り×甲州街道,R4/10,調布,C 町田,8.三鷹,18,13,5,216,99,333,32
68,下石原交番前,武蔵境通り×甲州街道,R4/10,調布,C 町田,8.三鷹,12時間計,126,97,2421,1270,3914,275
68,下石原交番前,武蔵境通り×甲州街道,R4/10,調布,C 町田,9.新宿,7,1,5,111,86,203,31
68,下石原交番前,武蔵境通り×甲州街道,R4/10,調布,C 町田,9.新宿,8,3,6,97,71,177,23
68,下石原交番前,武蔵境通り×甲州街道,R4/10,調布,C 町田,9.新宿,9,2,9,101,79,191,13
68,下石原交番前,武蔵境通り×甲州街道,R4/10,調布,C 町田,9.新宿,10,0,12,116,76,204,13
68,下石原交番前,武蔵境通り×甲州街道,R4/10,調布,C 町田,9.新宿,11,0,3,110,91,204,6
68,下石原交番前,武蔵境通り×甲州街道,R4/10,調布,C 町田,9.新宿,12,0,3,110,84,197,14
68,下石原交番前,武蔵境通り×甲州街道,R4/10,調布,C 町田,9.新宿,13,0,9,130,58,197,9
68,下石原交番前,武蔵境通り×甲州街道,R4/10,調布,C 町田,9.新宿,14,0,5,113,75,193,13
68,下石原交番前,武蔵境通り×甲州街道,R4/10,調布,C 町田,9.新宿,15,2,9,189,81,281,17
68,下石原交番前,武蔵境通り×甲州街道,R4/10,調布,C 町田,9.新宿,16,0,6,175,63,244,11
68,下石原交番前,武蔵境通り×甲州街道,R4/10,調布,C 町田,9.新宿,17,1,4,149,53,207,25
68,下石原交番前,武蔵境通り×甲州街道,R4/10,調布,C 町田,9.新宿,18,1,3,135,47,186,26
68,下石原交番前,武蔵境通り×甲州街道,R4/10,調布,C 町田,9.新宿,12時間計,10,74,1536,864,2484,201
68,下石原交番前,武蔵境通り×甲州街道,R4/10,調布,C 町田,流入計,7,27,29,454,305,815,81
68,下石原交番前,武蔵境通り×甲州街道,R4/10,調布,C 町田,流入計,8,22,36,374,247,679,57
68,下石原交番前,武蔵境通り×甲州街道,R4/10,調布,C 町田,流入計,9,14,29,435,226,704,30
68,下石原交番前,武蔵境通り×甲州街道,R4/10,調布,C 町田,流入計,10,7,26,421,229,683,37
68,下石原交番前,武蔵境通り×甲州街道,R4/10,調布,C 町田,流入計,11,13,32,380,248,673,29
68,下石原交番前,武蔵境通り×甲州街道,R4/10,調布,C 町田,流入計,12,11,28,367,253,659,38
68,下石原交番前,武蔵境通り×甲州街道,R4/10,調布,C 町田,流入計,13,10,21,422,232,685,34
68,下石原交番前,武蔵境通り×甲州街道,R4/10,調布,C 町田,流入計,14,8,26,418,241,693,41
68,下石原交番前,武蔵境通り×甲州街道,R4/10,調布,C 町田,流入計,15,27,25,476,245,773,45
68,下石原交番前,武蔵境通り×甲州街道,R4/10,調布,C 町田,流入計,16,17,15,477,246,755,38
68,下石原交番前,武蔵境通り×甲州街道,R4/10,調布,C 町田,流入計,17,17,14,484,216,731,51
68,下石原交番前,武蔵境通り×甲州街道,R4/10,調布,C 町田,流入計,18,20,21,460,180,681,65
68,下石原交番前,武蔵境通り×甲州街道,R4/10,調布,C 町田,流入計,12時間計,193,302,5168,2868,8531,546
68,下石原交番前,武蔵境通り×甲州街道,R4/10,調布,D 新宿,10.町田,7,1,18,117,52,188,9
68,下石原交番前,武蔵境通り×甲州街道,R4/10,調布,D 新宿,10.町田,8,0,1,117,53,171,9
68,下石原交番前,武蔵境通り×甲州街道,R4/10,調布,D 新宿,10.町田,9,0,7,110,65,182,7
68,下石原交番前,武蔵境通り×甲州街道,R4/10,調布,D 新宿,10.町田,10,0,4,114,37,155,8
68,下石原交番前,武蔵境通り×甲州街道,R4/10,調布,D 新宿,10.町田,11,2,6,128,58,194,10
68,下石原交番前,武蔵境通り×甲州街道,R4/10,調布,D 新宿,10.町田,12,2,14,119,74,209,8
68,下石原交番前,武蔵境通り×甲州街道,R4/10,調布,D 新宿,10.町田,13,1,6,102,68,177,5
68,下石原交番前,武蔵境通り×甲州街道,R4/10,調布,D 新宿,10.町田,14,2,11,131,85,229,8
68,下石原交番前,武蔵境通り×甲州街道,R4/10,調布,D 新宿,10.町田,15,2,10,104,62,178,9
68,下石原交番前,武蔵境通り×甲州街道,R4/10,調布,D 新宿,10.町田,16,1,6,102,71,180,5
68,下石原交番前,武蔵境通り×甲州街道,R4/10,調布,D 新宿,10.町田,17,1,4,133,65,203,6
68,下石原交番前,武蔵境通り×甲州街道,R4/10,調布,D 新宿,10.町田,18,0,2,143,64,209,12
68,下石原交番前,武蔵境通り×甲州街道,R4/10,調布,D 新宿,10.町田,12時間計,12,89,1420,754,2275,96
68,下石原交番前,武蔵境通り×甲州街道,R4/10,調布,D 新宿,11.府中,7,7,29,451,244,731,33
68,下石原交番前,武蔵境通り×甲州街道,R4/10,調布,D 新宿,11.府中,8,6,38,420,180,644,36
68,下石原交番前,武蔵境通り×甲州街道,R4/10,調布,D 新宿,11.府中,9,12,56,408,222,698,31
68,下石原交番前,武蔵境通り×甲州街道,R4/10,調布,D 新宿,11.府中,10,3,31,421,278,733,29
68,下石原交番前,武蔵境通り×甲州街道,R4/10,調布,D 新宿,11.府中,11,3,52,384,217,656,19
68,下石原交番前,武蔵境通り×甲州街道,R4/10,調布,D 新宿,11.府中,12,2,39,363,228,632,21
68,下石原交番前,武蔵境通り×甲州街道,R4/10,調布,D 新宿,11.府中,13,2,36,357,234,629,26
68,下石原交番前,武蔵境通り×甲州街道,R4/10,調布,D 新宿,11.府中,14,4,39,324,205,572,24
68,下石原交番前,武蔵境通り×甲州街道,R4/10,調布,D 新宿,11.府中,15,8,32,329,256,625,27
68,下石原交番前,武蔵境通り×甲州街道,R4/10,調布,D 新宿,11.府中,16,2,13,371,288,674,23
68,下石原交番前,武蔵境通り×甲州街道,R4/10,調布,D 新宿,11.府中,17,7,21,411,285,724,27
68,下石原交番前,武蔵境通り×甲州街道,R4/10,調布,D 新宿,11.府中,18,6,31,435,231,703,38
68,下石原交番前,武蔵境通り×甲州街道,R4/10,調布,D 新宿,11.府中,12時間計,62,417,4674,2868,8021,334
68,下石原交番前,武蔵境通り×甲州街道,R4/10,調布,D 新宿,12.三鷹,7,2,2,15,14,33,0
68,下石原交番前,武蔵境通り×甲州街道,R4/10,調布,D 新宿,12.三鷹,8,0,0,12,2,14,0
68,下石原交番前,武蔵境通り×甲州街道,R4/10,調布,D 新宿,12.三鷹,9,0,0,12,11,23,0
68,下石原交番前,武蔵境通り×甲州街道,R4/10,調布,D 新宿,12.三鷹,10,0,0,15,12,27,1
68,下石原交番前,武蔵境通り×甲州街道,R4/10,調布,D 新宿,12.三鷹,11,0,2,16,10,28,0
68,下石原交番前,武蔵境通り×甲州街道,R4/10,調布,D 新宿,12.三鷹,12,2,4,15,9,30,1
68,下石原交番前,武蔵境通り×甲州街道,R4/10,調布,D 新宿,12.三鷹,13,0,0,26,14,40,2
68,下石原交番前,武蔵境通り×甲州街道,R4/10,調布,D 新宿,12.三鷹,14,0,0,17,11,28,2
68,下石原交番前,武蔵境通り×甲州街道,R4/10,調布,D 新宿,12.三鷹,15,0,3,12,2,17,1
68,下石原交番前,武蔵境通り×甲州街道,R4/10,調布,D 新宿,12.三鷹,16,1,2,19,2,24,1
68,下石原交番前,武蔵境通り×甲州街道,R4/10,調布,D 新宿,12.三鷹,17,0,0,19,6,25,0
68,下石原交番前,武蔵境通り×甲州街道,R4/10,調布,D 新宿,12.三鷹,18,0,0,16,2,18,1
68,下石原交番前,武蔵境通り×甲州街道,R4/10,調布,D 新宿,12.三鷹,12時間計,5,13,194,95,307,9
68,下石原交番前,武蔵境通り×甲州街道,R4/10,調布,D 新宿,流入計,7,10,49,583,310,952,42
68,下石原交番前,武蔵境通り×甲州街道,R4/10,調布,D 新宿,流入計,8,6,39,549,235,829,45
68,下石原交番前,武蔵境通り×甲州街道,R4/10,調布,D 新宿,流入計,9,12,63,530,298,903,38
68,下石原交番前,武蔵境通り×甲州街道,R4/10,調布,D 新宿,流入計,10,3,35,550,327,915,38
68,下石原交番前,武蔵境通り×甲州街道,R4/10,調布,D 新宿,流入計,11,5,60,528,285,878,29
68,下石原交番前,武蔵境通り×甲州街道,R4/10,調布,D 新宿,流入計,12,6,57,497,311,871,30
68,下石原交番前,武蔵境通り×甲州街道,R4/10,調布,D 新宿,流入計,13,3,42,485,316,846,33
68,下石原交番前,武蔵境通り×甲州街道,R4/10,調布,D 新宿,流入計,14,6,50,472,301,829,34
68,下石原交番前,武蔵境通り×甲州街道,R4/10,調布,D 新宿,流入計,15,10,45,445,320,820,37
68,下石原交番前,武蔵境通り×甲州街道,R4/10,調布,D 新宿,流入計,16,4,21,492,361,878,29
68,下石原交番前,武蔵境通り×甲州街道,R4/10,調布,D 新宿,流入計,17,8,25,563,356,952,33
68,下石原交番前,武蔵境通り×甲州街道,R4/10,調布,D 新宿,流入計,18,6,33,594,297,930,51
68,下石原交番前,武蔵境通り×甲州街道,R4/10,調布,D 新宿,流入計,12時間計,79,519,6288,3717,10603,439
