﻿地点番号,地点名,交差道路名,調査年月,管轄警察署,流入方向,流出方向,時間帯等,車道通行自転車,歩道通行自転車,自転車計
 74-1,新大栗橋,鎌倉街道×川崎街道,R4/10,多摩中央,A 本宿交番前交差点,1府中街道,7,3,-,-
 74-1,新大栗橋,鎌倉街道×川崎街道,R4/10,多摩中央,A 本宿交番前交差点,1府中街道,8,2,-,-
 74-1,新大栗橋,鎌倉街道×川崎街道,R4/10,多摩中央,A 本宿交番前交差点,1府中街道,9,0,-,-
 74-1,新大栗橋,鎌倉街道×川崎街道,R4/10,多摩中央,A 本宿交番前交差点,1府中街道,10,0,-,-
 74-1,新大栗橋,鎌倉街道×川崎街道,R4/10,多摩中央,A 本宿交番前交差点,1府中街道,11,0,-,-
 74-1,新大栗橋,鎌倉街道×川崎街道,R4/10,多摩中央,A 本宿交番前交差点,1府中街道,12,0,-,-
 74-1,新大栗橋,鎌倉街道×川崎街道,R4/10,多摩中央,A 本宿交番前交差点,1府中街道,13,0,-,-
 74-1,新大栗橋,鎌倉街道×川崎街道,R4/10,多摩中央,A 本宿交番前交差点,1府中街道,14,0,-,-
 74-1,新大栗橋,鎌倉街道×川崎街道,R4/10,多摩中央,A 本宿交番前交差点,1府中街道,15,1,-,-
 74-1,新大栗橋,鎌倉街道×川崎街道,R4/10,多摩中央,A 本宿交番前交差点,1府中街道,16,1,-,-
 74-1,新大栗橋,鎌倉街道×川崎街道,R4/10,多摩中央,A 本宿交番前交差点,1府中街道,17,0,-,-
 74-1,新大栗橋,鎌倉街道×川崎街道,R4/10,多摩中央,A 本宿交番前交差点,1府中街道,18,1,-,-
 74-1,新大栗橋,鎌倉街道×川崎街道,R4/10,多摩中央,A 本宿交番前交差点,1府中街道,12時間計,8,-,-
 74-1,新大栗橋,鎌倉街道×川崎街道,R4/10,多摩中央,A 本宿交番前交差点,2町田市,7,10,-,-
 74-1,新大栗橋,鎌倉街道×川崎街道,R4/10,多摩中央,A 本宿交番前交差点,2町田市,8,14,-,-
 74-1,新大栗橋,鎌倉街道×川崎街道,R4/10,多摩中央,A 本宿交番前交差点,2町田市,9,1,-,-
 74-1,新大栗橋,鎌倉街道×川崎街道,R4/10,多摩中央,A 本宿交番前交差点,2町田市,10,2,-,-
 74-1,新大栗橋,鎌倉街道×川崎街道,R4/10,多摩中央,A 本宿交番前交差点,2町田市,11,1,-,-
 74-1,新大栗橋,鎌倉街道×川崎街道,R4/10,多摩中央,A 本宿交番前交差点,2町田市,12,2,-,-
 74-1,新大栗橋,鎌倉街道×川崎街道,R4/10,多摩中央,A 本宿交番前交差点,2町田市,13,1,-,-
 74-1,新大栗橋,鎌倉街道×川崎街道,R4/10,多摩中央,A 本宿交番前交差点,2町田市,14,3,-,-
 74-1,新大栗橋,鎌倉街道×川崎街道,R4/10,多摩中央,A 本宿交番前交差点,2町田市,15,4,-,-
 74-1,新大栗橋,鎌倉街道×川崎街道,R4/10,多摩中央,A 本宿交番前交差点,2町田市,16,2,-,-
 74-1,新大栗橋,鎌倉街道×川崎街道,R4/10,多摩中央,A 本宿交番前交差点,2町田市,17,12,-,-
 74-1,新大栗橋,鎌倉街道×川崎街道,R4/10,多摩中央,A 本宿交番前交差点,2町田市,18,17,-,-
 74-1,新大栗橋,鎌倉街道×川崎街道,R4/10,多摩中央,A 本宿交番前交差点,2町田市,12時間計,69,-,-
 74-1,新大栗橋,鎌倉街道×川崎街道,R4/10,多摩中央,A 本宿交番前交差点,3多摩市役所,7,0,-,-
 74-1,新大栗橋,鎌倉街道×川崎街道,R4/10,多摩中央,A 本宿交番前交差点,3多摩市役所,8,0,-,-
 74-1,新大栗橋,鎌倉街道×川崎街道,R4/10,多摩中央,A 本宿交番前交差点,3多摩市役所,9,0,-,-
 74-1,新大栗橋,鎌倉街道×川崎街道,R4/10,多摩中央,A 本宿交番前交差点,3多摩市役所,10,0,-,-
 74-1,新大栗橋,鎌倉街道×川崎街道,R4/10,多摩中央,A 本宿交番前交差点,3多摩市役所,11,0,-,-
 74-1,新大栗橋,鎌倉街道×川崎街道,R4/10,多摩中央,A 本宿交番前交差点,3多摩市役所,12,0,-,-
 74-1,新大栗橋,鎌倉街道×川崎街道,R4/10,多摩中央,A 本宿交番前交差点,3多摩市役所,13,0,-,-
 74-1,新大栗橋,鎌倉街道×川崎街道,R4/10,多摩中央,A 本宿交番前交差点,3多摩市役所,14,0,-,-
 74-1,新大栗橋,鎌倉街道×川崎街道,R4/10,多摩中央,A 本宿交番前交差点,3多摩市役所,15,0,-,-
 74-1,新大栗橋,鎌倉街道×川崎街道,R4/10,多摩中央,A 本宿交番前交差点,3多摩市役所,16,0,-,-
 74-1,新大栗橋,鎌倉街道×川崎街道,R4/10,多摩中央,A 本宿交番前交差点,3多摩市役所,17,0,-,-
 74-1,新大栗橋,鎌倉街道×川崎街道,R4/10,多摩中央,A 本宿交番前交差点,3多摩市役所,18,0,-,-
 74-1,新大栗橋,鎌倉街道×川崎街道,R4/10,多摩中央,A 本宿交番前交差点,3多摩市役所,12時間計,0,-,-
 74-1,新大栗橋,鎌倉街道×川崎街道,R4/10,多摩中央,A 本宿交番前交差点,4野猿街道,7,0,-,-
 74-1,新大栗橋,鎌倉街道×川崎街道,R4/10,多摩中央,A 本宿交番前交差点,4野猿街道,8,0,-,-
 74-1,新大栗橋,鎌倉街道×川崎街道,R4/10,多摩中央,A 本宿交番前交差点,4野猿街道,9,0,-,-
 74-1,新大栗橋,鎌倉街道×川崎街道,R4/10,多摩中央,A 本宿交番前交差点,4野猿街道,10,0,-,-
 74-1,新大栗橋,鎌倉街道×川崎街道,R4/10,多摩中央,A 本宿交番前交差点,4野猿街道,11,0,-,-
 74-1,新大栗橋,鎌倉街道×川崎街道,R4/10,多摩中央,A 本宿交番前交差点,4野猿街道,12,0,-,-
 74-1,新大栗橋,鎌倉街道×川崎街道,R4/10,多摩中央,A 本宿交番前交差点,4野猿街道,13,0,-,-
 74-1,新大栗橋,鎌倉街道×川崎街道,R4/10,多摩中央,A 本宿交番前交差点,4野猿街道,14,0,-,-
 74-1,新大栗橋,鎌倉街道×川崎街道,R4/10,多摩中央,A 本宿交番前交差点,4野猿街道,15,0,-,-
 74-1,新大栗橋,鎌倉街道×川崎街道,R4/10,多摩中央,A 本宿交番前交差点,4野猿街道,16,0,-,-
 74-1,新大栗橋,鎌倉街道×川崎街道,R4/10,多摩中央,A 本宿交番前交差点,4野猿街道,17,0,-,-
 74-1,新大栗橋,鎌倉街道×川崎街道,R4/10,多摩中央,A 本宿交番前交差点,4野猿街道,18,0,-,-
 74-1,新大栗橋,鎌倉街道×川崎街道,R4/10,多摩中央,A 本宿交番前交差点,4野猿街道,12時間計,0,-,-
 74-1,新大栗橋,鎌倉街道×川崎街道,R4/10,多摩中央,A 本宿交番前交差点,流入計,7,13,72,85
 74-1,新大栗橋,鎌倉街道×川崎街道,R4/10,多摩中央,A 本宿交番前交差点,流入計,8,16,76,92
 74-1,新大栗橋,鎌倉街道×川崎街道,R4/10,多摩中央,A 本宿交番前交差点,流入計,9,1,43,44
 74-1,新大栗橋,鎌倉街道×川崎街道,R4/10,多摩中央,A 本宿交番前交差点,流入計,10,2,46,48
 74-1,新大栗橋,鎌倉街道×川崎街道,R4/10,多摩中央,A 本宿交番前交差点,流入計,11,1,43,44
 74-1,新大栗橋,鎌倉街道×川崎街道,R4/10,多摩中央,A 本宿交番前交差点,流入計,12,2,51,53
 74-1,新大栗橋,鎌倉街道×川崎街道,R4/10,多摩中央,A 本宿交番前交差点,流入計,13,1,53,54
 74-1,新大栗橋,鎌倉街道×川崎街道,R4/10,多摩中央,A 本宿交番前交差点,流入計,14,3,36,39
 74-1,新大栗橋,鎌倉街道×川崎街道,R4/10,多摩中央,A 本宿交番前交差点,流入計,15,5,61,66
 74-1,新大栗橋,鎌倉街道×川崎街道,R4/10,多摩中央,A 本宿交番前交差点,流入計,16,3,65,68
 74-1,新大栗橋,鎌倉街道×川崎街道,R4/10,多摩中央,A 本宿交番前交差点,流入計,17,12,131,143
 74-1,新大栗橋,鎌倉街道×川崎街道,R4/10,多摩中央,A 本宿交番前交差点,流入計,18,18,93,111
 74-1,新大栗橋,鎌倉街道×川崎街道,R4/10,多摩中央,A 本宿交番前交差点,流入計,12時間計,77,770,847
 74-1,新大栗橋,鎌倉街道×川崎街道,R4/10,多摩中央,B 野猿街道,5本宿交番前交差点,7,0,-,-
 74-1,新大栗橋,鎌倉街道×川崎街道,R4/10,多摩中央,B 野猿街道,5本宿交番前交差点,8,2,-,-
 74-1,新大栗橋,鎌倉街道×川崎街道,R4/10,多摩中央,B 野猿街道,5本宿交番前交差点,9,0,-,-
 74-1,新大栗橋,鎌倉街道×川崎街道,R4/10,多摩中央,B 野猿街道,5本宿交番前交差点,10,0,-,-
 74-1,新大栗橋,鎌倉街道×川崎街道,R4/10,多摩中央,B 野猿街道,5本宿交番前交差点,11,0,-,-
 74-1,新大栗橋,鎌倉街道×川崎街道,R4/10,多摩中央,B 野猿街道,5本宿交番前交差点,12,0,-,-
 74-1,新大栗橋,鎌倉街道×川崎街道,R4/10,多摩中央,B 野猿街道,5本宿交番前交差点,13,1,-,-
 74-1,新大栗橋,鎌倉街道×川崎街道,R4/10,多摩中央,B 野猿街道,5本宿交番前交差点,14,0,-,-
 74-1,新大栗橋,鎌倉街道×川崎街道,R4/10,多摩中央,B 野猿街道,5本宿交番前交差点,15,0,-,-
 74-1,新大栗橋,鎌倉街道×川崎街道,R4/10,多摩中央,B 野猿街道,5本宿交番前交差点,16,1,-,-
 74-1,新大栗橋,鎌倉街道×川崎街道,R4/10,多摩中央,B 野猿街道,5本宿交番前交差点,17,0,-,-
 74-1,新大栗橋,鎌倉街道×川崎街道,R4/10,多摩中央,B 野猿街道,5本宿交番前交差点,18,0,-,-
 74-1,新大栗橋,鎌倉街道×川崎街道,R4/10,多摩中央,B 野猿街道,5本宿交番前交差点,12時間計,4,-,-
 74-1,新大栗橋,鎌倉街道×川崎街道,R4/10,多摩中央,B 野猿街道,6府中街道,7,0,-,-
 74-1,新大栗橋,鎌倉街道×川崎街道,R4/10,多摩中央,B 野猿街道,6府中街道,8,0,-,-
 74-1,新大栗橋,鎌倉街道×川崎街道,R4/10,多摩中央,B 野猿街道,6府中街道,9,3,-,-
 74-1,新大栗橋,鎌倉街道×川崎街道,R4/10,多摩中央,B 野猿街道,6府中街道,10,1,-,-
 74-1,新大栗橋,鎌倉街道×川崎街道,R4/10,多摩中央,B 野猿街道,6府中街道,11,1,-,-
 74-1,新大栗橋,鎌倉街道×川崎街道,R4/10,多摩中央,B 野猿街道,6府中街道,12,1,-,-
 74-1,新大栗橋,鎌倉街道×川崎街道,R4/10,多摩中央,B 野猿街道,6府中街道,13,0,-,-
 74-1,新大栗橋,鎌倉街道×川崎街道,R4/10,多摩中央,B 野猿街道,6府中街道,14,1,-,-
 74-1,新大栗橋,鎌倉街道×川崎街道,R4/10,多摩中央,B 野猿街道,6府中街道,15,2,-,-
 74-1,新大栗橋,鎌倉街道×川崎街道,R4/10,多摩中央,B 野猿街道,6府中街道,16,3,-,-
 74-1,新大栗橋,鎌倉街道×川崎街道,R4/10,多摩中央,B 野猿街道,6府中街道,17,1,-,-
 74-1,新大栗橋,鎌倉街道×川崎街道,R4/10,多摩中央,B 野猿街道,6府中街道,18,1,-,-
 74-1,新大栗橋,鎌倉街道×川崎街道,R4/10,多摩中央,B 野猿街道,6府中街道,12時間計,14,-,-
 74-1,新大栗橋,鎌倉街道×川崎街道,R4/10,多摩中央,B 野猿街道,7町田市,7,0,-,-
 74-1,新大栗橋,鎌倉街道×川崎街道,R4/10,多摩中央,B 野猿街道,7町田市,8,0,-,-
 74-1,新大栗橋,鎌倉街道×川崎街道,R4/10,多摩中央,B 野猿街道,7町田市,9,0,-,-
 74-1,新大栗橋,鎌倉街道×川崎街道,R4/10,多摩中央,B 野猿街道,7町田市,10,0,-,-
 74-1,新大栗橋,鎌倉街道×川崎街道,R4/10,多摩中央,B 野猿街道,7町田市,11,0,-,-
 74-1,新大栗橋,鎌倉街道×川崎街道,R4/10,多摩中央,B 野猿街道,7町田市,12,0,-,-
 74-1,新大栗橋,鎌倉街道×川崎街道,R4/10,多摩中央,B 野猿街道,7町田市,13,0,-,-
 74-1,新大栗橋,鎌倉街道×川崎街道,R4/10,多摩中央,B 野猿街道,7町田市,14,0,-,-
 74-1,新大栗橋,鎌倉街道×川崎街道,R4/10,多摩中央,B 野猿街道,7町田市,15,0,-,-
 74-1,新大栗橋,鎌倉街道×川崎街道,R4/10,多摩中央,B 野猿街道,7町田市,16,0,-,-
 74-1,新大栗橋,鎌倉街道×川崎街道,R4/10,多摩中央,B 野猿街道,7町田市,17,0,-,-
 74-1,新大栗橋,鎌倉街道×川崎街道,R4/10,多摩中央,B 野猿街道,7町田市,18,0,-,-
 74-1,新大栗橋,鎌倉街道×川崎街道,R4/10,多摩中央,B 野猿街道,7町田市,12時間計,0,-,-
 74-1,新大栗橋,鎌倉街道×川崎街道,R4/10,多摩中央,B 野猿街道,8多摩市役所,7,2,-,-
 74-1,新大栗橋,鎌倉街道×川崎街道,R4/10,多摩中央,B 野猿街道,8多摩市役所,8,0,-,-
 74-1,新大栗橋,鎌倉街道×川崎街道,R4/10,多摩中央,B 野猿街道,8多摩市役所,9,0,-,-
 74-1,新大栗橋,鎌倉街道×川崎街道,R4/10,多摩中央,B 野猿街道,8多摩市役所,10,0,-,-
 74-1,新大栗橋,鎌倉街道×川崎街道,R4/10,多摩中央,B 野猿街道,8多摩市役所,11,0,-,-
 74-1,新大栗橋,鎌倉街道×川崎街道,R4/10,多摩中央,B 野猿街道,8多摩市役所,12,0,-,-
 74-1,新大栗橋,鎌倉街道×川崎街道,R4/10,多摩中央,B 野猿街道,8多摩市役所,13,0,-,-
 74-1,新大栗橋,鎌倉街道×川崎街道,R4/10,多摩中央,B 野猿街道,8多摩市役所,14,0,-,-
 74-1,新大栗橋,鎌倉街道×川崎街道,R4/10,多摩中央,B 野猿街道,8多摩市役所,15,0,-,-
 74-1,新大栗橋,鎌倉街道×川崎街道,R4/10,多摩中央,B 野猿街道,8多摩市役所,16,0,-,-
 74-1,新大栗橋,鎌倉街道×川崎街道,R4/10,多摩中央,B 野猿街道,8多摩市役所,17,0,-,-
 74-1,新大栗橋,鎌倉街道×川崎街道,R4/10,多摩中央,B 野猿街道,8多摩市役所,18,0,-,-
 74-1,新大栗橋,鎌倉街道×川崎街道,R4/10,多摩中央,B 野猿街道,8多摩市役所,12時間計,2,-,-
 74-1,新大栗橋,鎌倉街道×川崎街道,R4/10,多摩中央,B 野猿街道,流入計,7,2,25,27
 74-1,新大栗橋,鎌倉街道×川崎街道,R4/10,多摩中央,B 野猿街道,流入計,8,2,29,31
 74-1,新大栗橋,鎌倉街道×川崎街道,R4/10,多摩中央,B 野猿街道,流入計,9,3,32,35
 74-1,新大栗橋,鎌倉街道×川崎街道,R4/10,多摩中央,B 野猿街道,流入計,10,1,26,27
 74-1,新大栗橋,鎌倉街道×川崎街道,R4/10,多摩中央,B 野猿街道,流入計,11,1,37,38
 74-1,新大栗橋,鎌倉街道×川崎街道,R4/10,多摩中央,B 野猿街道,流入計,12,1,47,48
 74-1,新大栗橋,鎌倉街道×川崎街道,R4/10,多摩中央,B 野猿街道,流入計,13,1,52,53
 74-1,新大栗橋,鎌倉街道×川崎街道,R4/10,多摩中央,B 野猿街道,流入計,14,1,47,48
 74-1,新大栗橋,鎌倉街道×川崎街道,R4/10,多摩中央,B 野猿街道,流入計,15,2,51,53
 74-1,新大栗橋,鎌倉街道×川崎街道,R4/10,多摩中央,B 野猿街道,流入計,16,4,92,96
 74-1,新大栗橋,鎌倉街道×川崎街道,R4/10,多摩中央,B 野猿街道,流入計,17,1,82,83
 74-1,新大栗橋,鎌倉街道×川崎街道,R4/10,多摩中央,B 野猿街道,流入計,18,1,104,105
 74-1,新大栗橋,鎌倉街道×川崎街道,R4/10,多摩中央,B 野猿街道,流入計,12時間計,20,624,644
 74-1,新大栗橋,鎌倉街道×川崎街道,R4/10,多摩中央,C 多摩市役所,9野猿街道,7,1,-,-
 74-1,新大栗橋,鎌倉街道×川崎街道,R4/10,多摩中央,C 多摩市役所,9野猿街道,8,1,-,-
 74-1,新大栗橋,鎌倉街道×川崎街道,R4/10,多摩中央,C 多摩市役所,9野猿街道,9,0,-,-
 74-1,新大栗橋,鎌倉街道×川崎街道,R4/10,多摩中央,C 多摩市役所,9野猿街道,10,0,-,-
 74-1,新大栗橋,鎌倉街道×川崎街道,R4/10,多摩中央,C 多摩市役所,9野猿街道,11,0,-,-
 74-1,新大栗橋,鎌倉街道×川崎街道,R4/10,多摩中央,C 多摩市役所,9野猿街道,12,0,-,-
 74-1,新大栗橋,鎌倉街道×川崎街道,R4/10,多摩中央,C 多摩市役所,9野猿街道,13,0,-,-
 74-1,新大栗橋,鎌倉街道×川崎街道,R4/10,多摩中央,C 多摩市役所,9野猿街道,14,0,-,-
 74-1,新大栗橋,鎌倉街道×川崎街道,R4/10,多摩中央,C 多摩市役所,9野猿街道,15,0,-,-
 74-1,新大栗橋,鎌倉街道×川崎街道,R4/10,多摩中央,C 多摩市役所,9野猿街道,16,0,-,-
 74-1,新大栗橋,鎌倉街道×川崎街道,R4/10,多摩中央,C 多摩市役所,9野猿街道,17,0,-,-
 74-1,新大栗橋,鎌倉街道×川崎街道,R4/10,多摩中央,C 多摩市役所,9野猿街道,18,0,-,-
 74-1,新大栗橋,鎌倉街道×川崎街道,R4/10,多摩中央,C 多摩市役所,9野猿街道,12時間計,2,-,-
 74-1,新大栗橋,鎌倉街道×川崎街道,R4/10,多摩中央,C 多摩市役所,流入計,7,1,13,14
 74-1,新大栗橋,鎌倉街道×川崎街道,R4/10,多摩中央,C 多摩市役所,流入計,8,1,11,12
 74-1,新大栗橋,鎌倉街道×川崎街道,R4/10,多摩中央,C 多摩市役所,流入計,9,0,8,8
 74-1,新大栗橋,鎌倉街道×川崎街道,R4/10,多摩中央,C 多摩市役所,流入計,10,0,4,4
 74-1,新大栗橋,鎌倉街道×川崎街道,R4/10,多摩中央,C 多摩市役所,流入計,11,0,5,5
 74-1,新大栗橋,鎌倉街道×川崎街道,R4/10,多摩中央,C 多摩市役所,流入計,12,0,5,5
 74-1,新大栗橋,鎌倉街道×川崎街道,R4/10,多摩中央,C 多摩市役所,流入計,13,0,9,9
 74-1,新大栗橋,鎌倉街道×川崎街道,R4/10,多摩中央,C 多摩市役所,流入計,14,0,3,3
 74-1,新大栗橋,鎌倉街道×川崎街道,R4/10,多摩中央,C 多摩市役所,流入計,15,0,0,0
 74-1,新大栗橋,鎌倉街道×川崎街道,R4/10,多摩中央,C 多摩市役所,流入計,16,0,6,6
 74-1,新大栗橋,鎌倉街道×川崎街道,R4/10,多摩中央,C 多摩市役所,流入計,17,0,9,9
 74-1,新大栗橋,鎌倉街道×川崎街道,R4/10,多摩中央,C 多摩市役所,流入計,18,0,4,4
 74-1,新大栗橋,鎌倉街道×川崎街道,R4/10,多摩中央,C 多摩市役所,流入計,12時間計,2,77,79
 74-1,新大栗橋,鎌倉街道×川崎街道,R4/10,多摩中央,D 町田市,10多摩市役所,7,0,-,-
 74-1,新大栗橋,鎌倉街道×川崎街道,R4/10,多摩中央,D 町田市,10多摩市役所,8,0,-,-
 74-1,新大栗橋,鎌倉街道×川崎街道,R4/10,多摩中央,D 町田市,10多摩市役所,9,0,-,-
 74-1,新大栗橋,鎌倉街道×川崎街道,R4/10,多摩中央,D 町田市,10多摩市役所,10,0,-,-
 74-1,新大栗橋,鎌倉街道×川崎街道,R4/10,多摩中央,D 町田市,10多摩市役所,11,0,-,-
 74-1,新大栗橋,鎌倉街道×川崎街道,R4/10,多摩中央,D 町田市,10多摩市役所,12,0,-,-
 74-1,新大栗橋,鎌倉街道×川崎街道,R4/10,多摩中央,D 町田市,10多摩市役所,13,0,-,-
 74-1,新大栗橋,鎌倉街道×川崎街道,R4/10,多摩中央,D 町田市,10多摩市役所,14,0,-,-
 74-1,新大栗橋,鎌倉街道×川崎街道,R4/10,多摩中央,D 町田市,10多摩市役所,15,0,-,-
 74-1,新大栗橋,鎌倉街道×川崎街道,R4/10,多摩中央,D 町田市,10多摩市役所,16,0,-,-
 74-1,新大栗橋,鎌倉街道×川崎街道,R4/10,多摩中央,D 町田市,10多摩市役所,17,0,-,-
 74-1,新大栗橋,鎌倉街道×川崎街道,R4/10,多摩中央,D 町田市,10多摩市役所,18,0,-,-
 74-1,新大栗橋,鎌倉街道×川崎街道,R4/10,多摩中央,D 町田市,10多摩市役所,12時間計,0,-,-
 74-1,新大栗橋,鎌倉街道×川崎街道,R4/10,多摩中央,D 町田市,11野猿街道,7,1,-,-
 74-1,新大栗橋,鎌倉街道×川崎街道,R4/10,多摩中央,D 町田市,11野猿街道,8,3,-,-
 74-1,新大栗橋,鎌倉街道×川崎街道,R4/10,多摩中央,D 町田市,11野猿街道,9,1,-,-
 74-1,新大栗橋,鎌倉街道×川崎街道,R4/10,多摩中央,D 町田市,11野猿街道,10,0,-,-
 74-1,新大栗橋,鎌倉街道×川崎街道,R4/10,多摩中央,D 町田市,11野猿街道,11,0,-,-
 74-1,新大栗橋,鎌倉街道×川崎街道,R4/10,多摩中央,D 町田市,11野猿街道,12,0,-,-
 74-1,新大栗橋,鎌倉街道×川崎街道,R4/10,多摩中央,D 町田市,11野猿街道,13,0,-,-
 74-1,新大栗橋,鎌倉街道×川崎街道,R4/10,多摩中央,D 町田市,11野猿街道,14,0,-,-
 74-1,新大栗橋,鎌倉街道×川崎街道,R4/10,多摩中央,D 町田市,11野猿街道,15,1,-,-
 74-1,新大栗橋,鎌倉街道×川崎街道,R4/10,多摩中央,D 町田市,11野猿街道,16,0,-,-
 74-1,新大栗橋,鎌倉街道×川崎街道,R4/10,多摩中央,D 町田市,11野猿街道,17,0,-,-
 74-1,新大栗橋,鎌倉街道×川崎街道,R4/10,多摩中央,D 町田市,11野猿街道,18,1,-,-
 74-1,新大栗橋,鎌倉街道×川崎街道,R4/10,多摩中央,D 町田市,11野猿街道,12時間計,7,-,-
 74-1,新大栗橋,鎌倉街道×川崎街道,R4/10,多摩中央,D 町田市,12本宿交番前交差点,7,19,-,-
 74-1,新大栗橋,鎌倉街道×川崎街道,R4/10,多摩中央,D 町田市,12本宿交番前交差点,8,26,-,-
 74-1,新大栗橋,鎌倉街道×川崎街道,R4/10,多摩中央,D 町田市,12本宿交番前交差点,9,6,-,-
 74-1,新大栗橋,鎌倉街道×川崎街道,R4/10,多摩中央,D 町田市,12本宿交番前交差点,10,9,-,-
 74-1,新大栗橋,鎌倉街道×川崎街道,R4/10,多摩中央,D 町田市,12本宿交番前交差点,11,10,-,-
 74-1,新大栗橋,鎌倉街道×川崎街道,R4/10,多摩中央,D 町田市,12本宿交番前交差点,12,2,-,-
 74-1,新大栗橋,鎌倉街道×川崎街道,R4/10,多摩中央,D 町田市,12本宿交番前交差点,13,5,-,-
 74-1,新大栗橋,鎌倉街道×川崎街道,R4/10,多摩中央,D 町田市,12本宿交番前交差点,14,2,-,-
 74-1,新大栗橋,鎌倉街道×川崎街道,R4/10,多摩中央,D 町田市,12本宿交番前交差点,15,9,-,-
 74-1,新大栗橋,鎌倉街道×川崎街道,R4/10,多摩中央,D 町田市,12本宿交番前交差点,16,4,-,-
 74-1,新大栗橋,鎌倉街道×川崎街道,R4/10,多摩中央,D 町田市,12本宿交番前交差点,17,11,-,-
 74-1,新大栗橋,鎌倉街道×川崎街道,R4/10,多摩中央,D 町田市,12本宿交番前交差点,18,19,-,-
 74-1,新大栗橋,鎌倉街道×川崎街道,R4/10,多摩中央,D 町田市,12本宿交番前交差点,12時間計,122,-,-
 74-1,新大栗橋,鎌倉街道×川崎街道,R4/10,多摩中央,D 町田市,13府中街道,7,0,-,-
 74-1,新大栗橋,鎌倉街道×川崎街道,R4/10,多摩中央,D 町田市,13府中街道,8,0,-,-
 74-1,新大栗橋,鎌倉街道×川崎街道,R4/10,多摩中央,D 町田市,13府中街道,9,0,-,-
 74-1,新大栗橋,鎌倉街道×川崎街道,R4/10,多摩中央,D 町田市,13府中街道,10,0,-,-
 74-1,新大栗橋,鎌倉街道×川崎街道,R4/10,多摩中央,D 町田市,13府中街道,11,0,-,-
 74-1,新大栗橋,鎌倉街道×川崎街道,R4/10,多摩中央,D 町田市,13府中街道,12,0,-,-
 74-1,新大栗橋,鎌倉街道×川崎街道,R4/10,多摩中央,D 町田市,13府中街道,13,0,-,-
 74-1,新大栗橋,鎌倉街道×川崎街道,R4/10,多摩中央,D 町田市,13府中街道,14,0,-,-
 74-1,新大栗橋,鎌倉街道×川崎街道,R4/10,多摩中央,D 町田市,13府中街道,15,0,-,-
 74-1,新大栗橋,鎌倉街道×川崎街道,R4/10,多摩中央,D 町田市,13府中街道,16,0,-,-
 74-1,新大栗橋,鎌倉街道×川崎街道,R4/10,多摩中央,D 町田市,13府中街道,17,0,-,-
 74-1,新大栗橋,鎌倉街道×川崎街道,R4/10,多摩中央,D 町田市,13府中街道,18,0,-,-
 74-1,新大栗橋,鎌倉街道×川崎街道,R4/10,多摩中央,D 町田市,13府中街道,12時間計,0,-,-
 74-1,新大栗橋,鎌倉街道×川崎街道,R4/10,多摩中央,D 町田市,流入計,7,20,86,106
 74-1,新大栗橋,鎌倉街道×川崎街道,R4/10,多摩中央,D 町田市,流入計,8,29,140,169
 74-1,新大栗橋,鎌倉街道×川崎街道,R4/10,多摩中央,D 町田市,流入計,9,7,33,40
 74-1,新大栗橋,鎌倉街道×川崎街道,R4/10,多摩中央,D 町田市,流入計,10,9,33,42
 74-1,新大栗橋,鎌倉街道×川崎街道,R4/10,多摩中央,D 町田市,流入計,11,10,25,35
 74-1,新大栗橋,鎌倉街道×川崎街道,R4/10,多摩中央,D 町田市,流入計,12,2,24,26
 74-1,新大栗橋,鎌倉街道×川崎街道,R4/10,多摩中央,D 町田市,流入計,13,5,26,31
 74-1,新大栗橋,鎌倉街道×川崎街道,R4/10,多摩中央,D 町田市,流入計,14,2,41,43
 74-1,新大栗橋,鎌倉街道×川崎街道,R4/10,多摩中央,D 町田市,流入計,15,10,44,54
 74-1,新大栗橋,鎌倉街道×川崎街道,R4/10,多摩中央,D 町田市,流入計,16,4,40,44
 74-1,新大栗橋,鎌倉街道×川崎街道,R4/10,多摩中央,D 町田市,流入計,17,11,58,69
 74-1,新大栗橋,鎌倉街道×川崎街道,R4/10,多摩中央,D 町田市,流入計,18,20,43,63
 74-1,新大栗橋,鎌倉街道×川崎街道,R4/10,多摩中央,D 町田市,流入計,12時間計,129,593,722
 74-1,新大栗橋,鎌倉街道×川崎街道,R4/10,多摩中央,E 府中街道,14町田市,7,0,-,-
 74-1,新大栗橋,鎌倉街道×川崎街道,R4/10,多摩中央,E 府中街道,14町田市,8,0,-,-
 74-1,新大栗橋,鎌倉街道×川崎街道,R4/10,多摩中央,E 府中街道,14町田市,9,0,-,-
 74-1,新大栗橋,鎌倉街道×川崎街道,R4/10,多摩中央,E 府中街道,14町田市,10,0,-,-
 74-1,新大栗橋,鎌倉街道×川崎街道,R4/10,多摩中央,E 府中街道,14町田市,11,0,-,-
 74-1,新大栗橋,鎌倉街道×川崎街道,R4/10,多摩中央,E 府中街道,14町田市,12,0,-,-
 74-1,新大栗橋,鎌倉街道×川崎街道,R4/10,多摩中央,E 府中街道,14町田市,13,0,-,-
 74-1,新大栗橋,鎌倉街道×川崎街道,R4/10,多摩中央,E 府中街道,14町田市,14,0,-,-
 74-1,新大栗橋,鎌倉街道×川崎街道,R4/10,多摩中央,E 府中街道,14町田市,15,0,-,-
 74-1,新大栗橋,鎌倉街道×川崎街道,R4/10,多摩中央,E 府中街道,14町田市,16,0,-,-
 74-1,新大栗橋,鎌倉街道×川崎街道,R4/10,多摩中央,E 府中街道,14町田市,17,0,-,-
 74-1,新大栗橋,鎌倉街道×川崎街道,R4/10,多摩中央,E 府中街道,14町田市,18,0,-,-
 74-1,新大栗橋,鎌倉街道×川崎街道,R4/10,多摩中央,E 府中街道,14町田市,12時間計,0,-,-
 74-1,新大栗橋,鎌倉街道×川崎街道,R4/10,多摩中央,E 府中街道,15多摩市役所,7,0,-,-
 74-1,新大栗橋,鎌倉街道×川崎街道,R4/10,多摩中央,E 府中街道,15多摩市役所,8,0,-,-
 74-1,新大栗橋,鎌倉街道×川崎街道,R4/10,多摩中央,E 府中街道,15多摩市役所,9,0,-,-
 74-1,新大栗橋,鎌倉街道×川崎街道,R4/10,多摩中央,E 府中街道,15多摩市役所,10,1,-,-
 74-1,新大栗橋,鎌倉街道×川崎街道,R4/10,多摩中央,E 府中街道,15多摩市役所,11,1,-,-
 74-1,新大栗橋,鎌倉街道×川崎街道,R4/10,多摩中央,E 府中街道,15多摩市役所,12,0,-,-
 74-1,新大栗橋,鎌倉街道×川崎街道,R4/10,多摩中央,E 府中街道,15多摩市役所,13,0,-,-
 74-1,新大栗橋,鎌倉街道×川崎街道,R4/10,多摩中央,E 府中街道,15多摩市役所,14,0,-,-
 74-1,新大栗橋,鎌倉街道×川崎街道,R4/10,多摩中央,E 府中街道,15多摩市役所,15,0,-,-
 74-1,新大栗橋,鎌倉街道×川崎街道,R4/10,多摩中央,E 府中街道,15多摩市役所,16,2,-,-
 74-1,新大栗橋,鎌倉街道×川崎街道,R4/10,多摩中央,E 府中街道,15多摩市役所,17,0,-,-
 74-1,新大栗橋,鎌倉街道×川崎街道,R4/10,多摩中央,E 府中街道,15多摩市役所,18,0,-,-
 74-1,新大栗橋,鎌倉街道×川崎街道,R4/10,多摩中央,E 府中街道,15多摩市役所,12時間計,4,-,-
 74-1,新大栗橋,鎌倉街道×川崎街道,R4/10,多摩中央,E 府中街道,16野猿街道,7,3,-,-
 74-1,新大栗橋,鎌倉街道×川崎街道,R4/10,多摩中央,E 府中街道,16野猿街道,8,3,-,-
 74-1,新大栗橋,鎌倉街道×川崎街道,R4/10,多摩中央,E 府中街道,16野猿街道,9,1,-,-
 74-1,新大栗橋,鎌倉街道×川崎街道,R4/10,多摩中央,E 府中街道,16野猿街道,10,2,-,-
 74-1,新大栗橋,鎌倉街道×川崎街道,R4/10,多摩中央,E 府中街道,16野猿街道,11,3,-,-
 74-1,新大栗橋,鎌倉街道×川崎街道,R4/10,多摩中央,E 府中街道,16野猿街道,12,3,-,-
 74-1,新大栗橋,鎌倉街道×川崎街道,R4/10,多摩中央,E 府中街道,16野猿街道,13,1,-,-
 74-1,新大栗橋,鎌倉街道×川崎街道,R4/10,多摩中央,E 府中街道,16野猿街道,14,0,-,-
 74-1,新大栗橋,鎌倉街道×川崎街道,R4/10,多摩中央,E 府中街道,16野猿街道,15,0,-,-
 74-1,新大栗橋,鎌倉街道×川崎街道,R4/10,多摩中央,E 府中街道,16野猿街道,16,1,-,-
 74-1,新大栗橋,鎌倉街道×川崎街道,R4/10,多摩中央,E 府中街道,16野猿街道,17,4,-,-
 74-1,新大栗橋,鎌倉街道×川崎街道,R4/10,多摩中央,E 府中街道,16野猿街道,18,3,-,-
 74-1,新大栗橋,鎌倉街道×川崎街道,R4/10,多摩中央,E 府中街道,16野猿街道,12時間計,24,-,-
 74-1,新大栗橋,鎌倉街道×川崎街道,R4/10,多摩中央,E 府中街道,17本宿交番前交差点,7,0,-,-
 74-1,新大栗橋,鎌倉街道×川崎街道,R4/10,多摩中央,E 府中街道,17本宿交番前交差点,8,0,-,-
 74-1,新大栗橋,鎌倉街道×川崎街道,R4/10,多摩中央,E 府中街道,17本宿交番前交差点,9,0,-,-
 74-1,新大栗橋,鎌倉街道×川崎街道,R4/10,多摩中央,E 府中街道,17本宿交番前交差点,10,0,-,-
 74-1,新大栗橋,鎌倉街道×川崎街道,R4/10,多摩中央,E 府中街道,17本宿交番前交差点,11,0,-,-
 74-1,新大栗橋,鎌倉街道×川崎街道,R4/10,多摩中央,E 府中街道,17本宿交番前交差点,12,0,-,-
 74-1,新大栗橋,鎌倉街道×川崎街道,R4/10,多摩中央,E 府中街道,17本宿交番前交差点,13,0,-,-
 74-1,新大栗橋,鎌倉街道×川崎街道,R4/10,多摩中央,E 府中街道,17本宿交番前交差点,14,0,-,-
 74-1,新大栗橋,鎌倉街道×川崎街道,R4/10,多摩中央,E 府中街道,17本宿交番前交差点,15,0,-,-
 74-1,新大栗橋,鎌倉街道×川崎街道,R4/10,多摩中央,E 府中街道,17本宿交番前交差点,16,0,-,-
 74-1,新大栗橋,鎌倉街道×川崎街道,R4/10,多摩中央,E 府中街道,17本宿交番前交差点,17,0,-,-
 74-1,新大栗橋,鎌倉街道×川崎街道,R4/10,多摩中央,E 府中街道,17本宿交番前交差点,18,0,-,-
 74-1,新大栗橋,鎌倉街道×川崎街道,R4/10,多摩中央,E 府中街道,17本宿交番前交差点,12時間計,0,-,-
 74-1,新大栗橋,鎌倉街道×川崎街道,R4/10,多摩中央,E 府中街道,流入計,7,3,78,81
 74-1,新大栗橋,鎌倉街道×川崎街道,R4/10,多摩中央,E 府中街道,流入計,8,3,68,71
 74-1,新大栗橋,鎌倉街道×川崎街道,R4/10,多摩中央,E 府中街道,流入計,9,1,49,50
 74-1,新大栗橋,鎌倉街道×川崎街道,R4/10,多摩中央,E 府中街道,流入計,10,3,19,22
 74-1,新大栗橋,鎌倉街道×川崎街道,R4/10,多摩中央,E 府中街道,流入計,11,4,28,32
 74-1,新大栗橋,鎌倉街道×川崎街道,R4/10,多摩中央,E 府中街道,流入計,12,3,15,18
 74-1,新大栗橋,鎌倉街道×川崎街道,R4/10,多摩中央,E 府中街道,流入計,13,1,12,13
 74-1,新大栗橋,鎌倉街道×川崎街道,R4/10,多摩中央,E 府中街道,流入計,14,0,16,16
 74-1,新大栗橋,鎌倉街道×川崎街道,R4/10,多摩中央,E 府中街道,流入計,15,0,12,12
 74-1,新大栗橋,鎌倉街道×川崎街道,R4/10,多摩中央,E 府中街道,流入計,16,3,12,15
 74-1,新大栗橋,鎌倉街道×川崎街道,R4/10,多摩中央,E 府中街道,流入計,17,4,20,24
 74-1,新大栗橋,鎌倉街道×川崎街道,R4/10,多摩中央,E 府中街道,流入計,18,3,16,19
 74-1,新大栗橋,鎌倉街道×川崎街道,R4/10,多摩中央,E 府中街道,流入計,12時間計,28,345,373
 74-1,新大栗橋,鎌倉街道×川崎街道,R4/10,多摩中央,全方向計,全方向計,7,39,274,313
 74-1,新大栗橋,鎌倉街道×川崎街道,R4/10,多摩中央,全方向計,全方向計,8,51,324,375
 74-1,新大栗橋,鎌倉街道×川崎街道,R4/10,多摩中央,全方向計,全方向計,9,12,165,177
 74-1,新大栗橋,鎌倉街道×川崎街道,R4/10,多摩中央,全方向計,全方向計,10,15,128,143
 74-1,新大栗橋,鎌倉街道×川崎街道,R4/10,多摩中央,全方向計,全方向計,11,16,138,154
 74-1,新大栗橋,鎌倉街道×川崎街道,R4/10,多摩中央,全方向計,全方向計,12,8,142,150
 74-1,新大栗橋,鎌倉街道×川崎街道,R4/10,多摩中央,全方向計,全方向計,13,8,152,160
 74-1,新大栗橋,鎌倉街道×川崎街道,R4/10,多摩中央,全方向計,全方向計,14,6,143,149
 74-1,新大栗橋,鎌倉街道×川崎街道,R4/10,多摩中央,全方向計,全方向計,15,17,168,185
 74-1,新大栗橋,鎌倉街道×川崎街道,R4/10,多摩中央,全方向計,全方向計,16,14,215,229
 74-1,新大栗橋,鎌倉街道×川崎街道,R4/10,多摩中央,全方向計,全方向計,17,28,300,328
 74-1,新大栗橋,鎌倉街道×川崎街道,R4/10,多摩中央,全方向計,全方向計,18,42,260,302
 74-1,新大栗橋,鎌倉街道×川崎街道,R4/10,多摩中央,全方向計,全方向計,12時間計,256,2409,2665
