﻿地点番号,地点名,交差道路名,調査年月,管轄警察署,流出方向,時間帯等,大型乗用,大型貨物,普通乗用,普通貨物,四輪計,二輪車
 74-1,新大栗橋,鎌倉街道×川崎街道,R4/10,多摩中央,A 本宿交番前交差点,7,12,32,990,502,1536,135
 74-1,新大栗橋,鎌倉街道×川崎街道,R4/10,多摩中央,A 本宿交番前交差点,8,16,47,1088,353,1504,79
 74-1,新大栗橋,鎌倉街道×川崎街道,R4/10,多摩中央,A 本宿交番前交差点,9,3,76,769,365,1213,51
 74-1,新大栗橋,鎌倉街道×川崎街道,R4/10,多摩中央,A 本宿交番前交差点,10,5,67,591,332,995,35
 74-1,新大栗橋,鎌倉街道×川崎街道,R4/10,多摩中央,A 本宿交番前交差点,11,3,50,616,317,986,35
 74-1,新大栗橋,鎌倉街道×川崎街道,R4/10,多摩中央,A 本宿交番前交差点,12,2,42,626,293,963,52
 74-1,新大栗橋,鎌倉街道×川崎街道,R4/10,多摩中央,A 本宿交番前交差点,13,2,52,583,327,964,47
 74-1,新大栗橋,鎌倉街道×川崎街道,R4/10,多摩中央,A 本宿交番前交差点,14,3,48,663,371,1085,44
 74-1,新大栗橋,鎌倉街道×川崎街道,R4/10,多摩中央,A 本宿交番前交差点,15,5,35,650,364,1054,44
 74-1,新大栗橋,鎌倉街道×川崎街道,R4/10,多摩中央,A 本宿交番前交差点,16,5,29,750,359,1143,52
 74-1,新大栗橋,鎌倉街道×川崎街道,R4/10,多摩中央,A 本宿交番前交差点,17,5,34,831,384,1254,70
 74-1,新大栗橋,鎌倉街道×川崎街道,R4/10,多摩中央,A 本宿交番前交差点,18,5,20,808,314,1147,68
 74-1,新大栗橋,鎌倉街道×川崎街道,R4/10,多摩中央,A 本宿交番前交差点,12時間計,66,532,8965,4281,13844,712
 74-1,新大栗橋,鎌倉街道×川崎街道,R4/10,多摩中央,B 野猿街道,7,21,22,431,176,650,35
 74-1,新大栗橋,鎌倉街道×川崎街道,R4/10,多摩中央,B 野猿街道,8,29,33,444,177,683,31
 74-1,新大栗橋,鎌倉街道×川崎街道,R4/10,多摩中央,B 野猿街道,9,25,31,400,185,641,25
 74-1,新大栗橋,鎌倉街道×川崎街道,R4/10,多摩中央,B 野猿街道,10,27,24,484,153,688,30
 74-1,新大栗橋,鎌倉街道×川崎街道,R4/10,多摩中央,B 野猿街道,11,24,27,482,169,702,30
 74-1,新大栗橋,鎌倉街道×川崎街道,R4/10,多摩中央,B 野猿街道,12,16,22,472,148,658,34
 74-1,新大栗橋,鎌倉街道×川崎街道,R4/10,多摩中央,B 野猿街道,13,27,33,446,156,662,25
 74-1,新大栗橋,鎌倉街道×川崎街道,R4/10,多摩中央,B 野猿街道,14,25,28,452,155,660,25
 74-1,新大栗橋,鎌倉街道×川崎街道,R4/10,多摩中央,B 野猿街道,15,32,22,497,173,724,23
 74-1,新大栗橋,鎌倉街道×川崎街道,R4/10,多摩中央,B 野猿街道,16,32,15,521,211,779,38
 74-1,新大栗橋,鎌倉街道×川崎街道,R4/10,多摩中央,B 野猿街道,17,39,19,590,192,840,48
 74-1,新大栗橋,鎌倉街道×川崎街道,R4/10,多摩中央,B 野猿街道,18,24,13,552,200,789,48
 74-1,新大栗橋,鎌倉街道×川崎街道,R4/10,多摩中央,B 野猿街道,12時間計,321,289,5771,2095,8476,392
 74-1,新大栗橋,鎌倉街道×川崎街道,R4/10,多摩中央,C 多摩市役所,7,0,0,45,12,57,4
 74-1,新大栗橋,鎌倉街道×川崎街道,R4/10,多摩中央,C 多摩市役所,8,0,0,49,13,62,4
 74-1,新大栗橋,鎌倉街道×川崎街道,R4/10,多摩中央,C 多摩市役所,9,0,0,32,11,43,4
 74-1,新大栗橋,鎌倉街道×川崎街道,R4/10,多摩中央,C 多摩市役所,10,0,0,22,14,36,1
 74-1,新大栗橋,鎌倉街道×川崎街道,R4/10,多摩中央,C 多摩市役所,11,0,0,33,10,43,3
 74-1,新大栗橋,鎌倉街道×川崎街道,R4/10,多摩中央,C 多摩市役所,12,0,0,35,14,49,4
 74-1,新大栗橋,鎌倉街道×川崎街道,R4/10,多摩中央,C 多摩市役所,13,0,0,36,11,47,2
 74-1,新大栗橋,鎌倉街道×川崎街道,R4/10,多摩中央,C 多摩市役所,14,0,0,32,24,56,2
 74-1,新大栗橋,鎌倉街道×川崎街道,R4/10,多摩中央,C 多摩市役所,15,0,0,36,15,51,4
 74-1,新大栗橋,鎌倉街道×川崎街道,R4/10,多摩中央,C 多摩市役所,16,0,0,53,13,66,1
 74-1,新大栗橋,鎌倉街道×川崎街道,R4/10,多摩中央,C 多摩市役所,17,2,0,80,23,105,6
 74-1,新大栗橋,鎌倉街道×川崎街道,R4/10,多摩中央,C 多摩市役所,18,0,0,90,18,108,7
 74-1,新大栗橋,鎌倉街道×川崎街道,R4/10,多摩中央,C 多摩市役所,12時間計,2,0,543,178,723,42
 74-1,新大栗橋,鎌倉街道×川崎街道,R4/10,多摩中央,D 町田市,7,23,41,569,343,976,44
 74-1,新大栗橋,鎌倉街道×川崎街道,R4/10,多摩中央,D 町田市,8,34,28,541,262,865,47
 74-1,新大栗橋,鎌倉街道×川崎街道,R4/10,多摩中央,D 町田市,9,28,29,456,211,724,31
 74-1,新大栗橋,鎌倉街道×川崎街道,R4/10,多摩中央,D 町田市,10,24,28,502,222,776,32
 74-1,新大栗橋,鎌倉街道×川崎街道,R4/10,多摩中央,D 町田市,11,20,27,454,198,699,27
 74-1,新大栗橋,鎌倉街道×川崎街道,R4/10,多摩中央,D 町田市,12,28,28,557,222,835,31
 74-1,新大栗橋,鎌倉街道×川崎街道,R4/10,多摩中央,D 町田市,13,21,29,461,221,732,27
 74-1,新大栗橋,鎌倉街道×川崎街道,R4/10,多摩中央,D 町田市,14,28,28,508,236,800,26
 74-1,新大栗橋,鎌倉街道×川崎街道,R4/10,多摩中央,D 町田市,15,22,24,500,181,727,28
 74-1,新大栗橋,鎌倉街道×川崎街道,R4/10,多摩中央,D 町田市,16,25,22,655,219,921,39
 74-1,新大栗橋,鎌倉街道×川崎街道,R4/10,多摩中央,D 町田市,17,28,15,753,244,1040,81
 74-1,新大栗橋,鎌倉街道×川崎街道,R4/10,多摩中央,D 町田市,18,26,15,847,207,1095,79
 74-1,新大栗橋,鎌倉街道×川崎街道,R4/10,多摩中央,D 町田市,12時間計,307,314,6803,2766,10190,492
 74-1,新大栗橋,鎌倉街道×川崎街道,R4/10,多摩中央,E 府中街道,7,12,49,587,356,1004,74
 74-1,新大栗橋,鎌倉街道×川崎街道,R4/10,多摩中央,E 府中街道,8,5,35,499,197,736,37
 74-1,新大栗橋,鎌倉街道×川崎街道,R4/10,多摩中央,E 府中街道,9,5,45,369,208,627,25
 74-1,新大栗橋,鎌倉街道×川崎街道,R4/10,多摩中央,E 府中街道,10,3,46,352,199,600,29
 74-1,新大栗橋,鎌倉街道×川崎街道,R4/10,多摩中央,E 府中街道,11,1,52,310,217,580,17
 74-1,新大栗橋,鎌倉街道×川崎街道,R4/10,多摩中央,E 府中街道,12,2,25,343,142,512,27
 74-1,新大栗橋,鎌倉街道×川崎街道,R4/10,多摩中央,E 府中街道,13,3,43,368,190,604,21
 74-1,新大栗橋,鎌倉街道×川崎街道,R4/10,多摩中央,E 府中街道,14,9,31,387,208,635,21
 74-1,新大栗橋,鎌倉街道×川崎街道,R4/10,多摩中央,E 府中街道,15,3,31,459,175,668,39
 74-1,新大栗橋,鎌倉街道×川崎街道,R4/10,多摩中央,E 府中街道,16,5,31,526,187,749,33
 74-1,新大栗橋,鎌倉街道×川崎街道,R4/10,多摩中央,E 府中街道,17,4,30,635,220,889,47
 74-1,新大栗橋,鎌倉街道×川崎街道,R4/10,多摩中央,E 府中街道,18,3,26,565,172,766,34
 74-1,新大栗橋,鎌倉街道×川崎街道,R4/10,多摩中央,E 府中街道,12時間計,55,444,5400,2471,8370,404
 74-1,新大栗橋,鎌倉街道×川崎街道,R4/10,多摩中央,全方向合計,7,68,144,2622,1389,4223,292
 74-1,新大栗橋,鎌倉街道×川崎街道,R4/10,多摩中央,全方向合計,8,84,143,2621,1002,3850,198
 74-1,新大栗橋,鎌倉街道×川崎街道,R4/10,多摩中央,全方向合計,9,61,181,2026,980,3248,136
 74-1,新大栗橋,鎌倉街道×川崎街道,R4/10,多摩中央,全方向合計,10,59,165,1951,920,3095,127
 74-1,新大栗橋,鎌倉街道×川崎街道,R4/10,多摩中央,全方向合計,11,48,156,1895,911,3010,112
 74-1,新大栗橋,鎌倉街道×川崎街道,R4/10,多摩中央,全方向合計,12,48,117,2033,819,3017,148
 74-1,新大栗橋,鎌倉街道×川崎街道,R4/10,多摩中央,全方向合計,13,53,157,1894,905,3009,122
 74-1,新大栗橋,鎌倉街道×川崎街道,R4/10,多摩中央,全方向合計,14,65,135,2042,994,3236,118
 74-1,新大栗橋,鎌倉街道×川崎街道,R4/10,多摩中央,全方向合計,15,62,112,2142,908,3224,138
 74-1,新大栗橋,鎌倉街道×川崎街道,R4/10,多摩中央,全方向合計,16,67,97,2505,989,3658,163
 74-1,新大栗橋,鎌倉街道×川崎街道,R4/10,多摩中央,全方向合計,17,78,98,2889,1063,4128,252
 74-1,新大栗橋,鎌倉街道×川崎街道,R4/10,多摩中央,全方向合計,18,58,74,2862,911,3905,236
 74-1,新大栗橋,鎌倉街道×川崎街道,R4/10,多摩中央,全方向合計,12時間計,751,1579,27482,11791,41603,2042
