﻿地点番号,地点名,交差道路名,調査年月,管轄警察署,流入方向,流出方向,時間帯等,車道通行自転車,歩道通行自転車,自転車計
314,中央防波堤入口,東京港臨海道路×中防大橋,R4/11,東京湾岸,A 台場,1新木場,7,0,-,-
314,中央防波堤入口,東京港臨海道路×中防大橋,R4/11,東京湾岸,A 台場,1新木場,8,0,-,-
314,中央防波堤入口,東京港臨海道路×中防大橋,R4/11,東京湾岸,A 台場,1新木場,9,0,-,-
314,中央防波堤入口,東京港臨海道路×中防大橋,R4/11,東京湾岸,A 台場,1新木場,10,0,-,-
314,中央防波堤入口,東京港臨海道路×中防大橋,R4/11,東京湾岸,A 台場,1新木場,11,0,-,-
314,中央防波堤入口,東京港臨海道路×中防大橋,R4/11,東京湾岸,A 台場,1新木場,12,0,-,-
314,中央防波堤入口,東京港臨海道路×中防大橋,R4/11,東京湾岸,A 台場,1新木場,13,0,-,-
314,中央防波堤入口,東京港臨海道路×中防大橋,R4/11,東京湾岸,A 台場,1新木場,14,0,-,-
314,中央防波堤入口,東京港臨海道路×中防大橋,R4/11,東京湾岸,A 台場,1新木場,15,0,-,-
314,中央防波堤入口,東京港臨海道路×中防大橋,R4/11,東京湾岸,A 台場,1新木場,16,0,-,-
314,中央防波堤入口,東京港臨海道路×中防大橋,R4/11,東京湾岸,A 台場,1新木場,17,0,-,-
314,中央防波堤入口,東京港臨海道路×中防大橋,R4/11,東京湾岸,A 台場,1新木場,18,0,-,-
314,中央防波堤入口,東京港臨海道路×中防大橋,R4/11,東京湾岸,A 台場,1新木場,12時間計,0,-,-
314,中央防波堤入口,東京港臨海道路×中防大橋,R4/11,東京湾岸,A 台場,2東京湾,7,0,-,-
314,中央防波堤入口,東京港臨海道路×中防大橋,R4/11,東京湾岸,A 台場,2東京湾,8,0,-,-
314,中央防波堤入口,東京港臨海道路×中防大橋,R4/11,東京湾岸,A 台場,2東京湾,9,0,-,-
314,中央防波堤入口,東京港臨海道路×中防大橋,R4/11,東京湾岸,A 台場,2東京湾,10,0,-,-
314,中央防波堤入口,東京港臨海道路×中防大橋,R4/11,東京湾岸,A 台場,2東京湾,11,0,-,-
314,中央防波堤入口,東京港臨海道路×中防大橋,R4/11,東京湾岸,A 台場,2東京湾,12,0,-,-
314,中央防波堤入口,東京港臨海道路×中防大橋,R4/11,東京湾岸,A 台場,2東京湾,13,0,-,-
314,中央防波堤入口,東京港臨海道路×中防大橋,R4/11,東京湾岸,A 台場,2東京湾,14,0,-,-
314,中央防波堤入口,東京港臨海道路×中防大橋,R4/11,東京湾岸,A 台場,2東京湾,15,1,-,-
314,中央防波堤入口,東京港臨海道路×中防大橋,R4/11,東京湾岸,A 台場,2東京湾,16,0,-,-
314,中央防波堤入口,東京港臨海道路×中防大橋,R4/11,東京湾岸,A 台場,2東京湾,17,0,-,-
314,中央防波堤入口,東京港臨海道路×中防大橋,R4/11,東京湾岸,A 台場,2東京湾,18,0,-,-
314,中央防波堤入口,東京港臨海道路×中防大橋,R4/11,東京湾岸,A 台場,2東京湾,12時間計,1,-,-
314,中央防波堤入口,東京港臨海道路×中防大橋,R4/11,東京湾岸,A 台場,3城南島,7,0,-,-
314,中央防波堤入口,東京港臨海道路×中防大橋,R4/11,東京湾岸,A 台場,3城南島,8,0,-,-
314,中央防波堤入口,東京港臨海道路×中防大橋,R4/11,東京湾岸,A 台場,3城南島,9,0,-,-
314,中央防波堤入口,東京港臨海道路×中防大橋,R4/11,東京湾岸,A 台場,3城南島,10,0,-,-
314,中央防波堤入口,東京港臨海道路×中防大橋,R4/11,東京湾岸,A 台場,3城南島,11,0,-,-
314,中央防波堤入口,東京港臨海道路×中防大橋,R4/11,東京湾岸,A 台場,3城南島,12,0,-,-
314,中央防波堤入口,東京港臨海道路×中防大橋,R4/11,東京湾岸,A 台場,3城南島,13,0,-,-
314,中央防波堤入口,東京港臨海道路×中防大橋,R4/11,東京湾岸,A 台場,3城南島,14,0,-,-
314,中央防波堤入口,東京港臨海道路×中防大橋,R4/11,東京湾岸,A 台場,3城南島,15,0,-,-
314,中央防波堤入口,東京港臨海道路×中防大橋,R4/11,東京湾岸,A 台場,3城南島,16,0,-,-
314,中央防波堤入口,東京港臨海道路×中防大橋,R4/11,東京湾岸,A 台場,3城南島,17,0,-,-
314,中央防波堤入口,東京港臨海道路×中防大橋,R4/11,東京湾岸,A 台場,3城南島,18,0,-,-
314,中央防波堤入口,東京港臨海道路×中防大橋,R4/11,東京湾岸,A 台場,3城南島,12時間計,0,-,-
314,中央防波堤入口,東京港臨海道路×中防大橋,R4/11,東京湾岸,A 台場,流入計,7,0,0,0
314,中央防波堤入口,東京港臨海道路×中防大橋,R4/11,東京湾岸,A 台場,流入計,8,0,0,0
314,中央防波堤入口,東京港臨海道路×中防大橋,R4/11,東京湾岸,A 台場,流入計,9,0,0,0
314,中央防波堤入口,東京港臨海道路×中防大橋,R4/11,東京湾岸,A 台場,流入計,10,0,0,0
314,中央防波堤入口,東京港臨海道路×中防大橋,R4/11,東京湾岸,A 台場,流入計,11,0,0,0
314,中央防波堤入口,東京港臨海道路×中防大橋,R4/11,東京湾岸,A 台場,流入計,12,0,0,0
314,中央防波堤入口,東京港臨海道路×中防大橋,R4/11,東京湾岸,A 台場,流入計,13,0,0,0
314,中央防波堤入口,東京港臨海道路×中防大橋,R4/11,東京湾岸,A 台場,流入計,14,0,0,0
314,中央防波堤入口,東京港臨海道路×中防大橋,R4/11,東京湾岸,A 台場,流入計,15,1,0,1
314,中央防波堤入口,東京港臨海道路×中防大橋,R4/11,東京湾岸,A 台場,流入計,16,0,0,0
314,中央防波堤入口,東京港臨海道路×中防大橋,R4/11,東京湾岸,A 台場,流入計,17,0,0,0
314,中央防波堤入口,東京港臨海道路×中防大橋,R4/11,東京湾岸,A 台場,流入計,18,0,0,0
314,中央防波堤入口,東京港臨海道路×中防大橋,R4/11,東京湾岸,A 台場,流入計,12時間計,1,0,1
314,中央防波堤入口,東京港臨海道路×中防大橋,R4/11,東京湾岸,B 城南島,4台場,7,0,-,-
314,中央防波堤入口,東京港臨海道路×中防大橋,R4/11,東京湾岸,B 城南島,4台場,8,0,-,-
314,中央防波堤入口,東京港臨海道路×中防大橋,R4/11,東京湾岸,B 城南島,4台場,9,0,-,-
314,中央防波堤入口,東京港臨海道路×中防大橋,R4/11,東京湾岸,B 城南島,4台場,10,0,-,-
314,中央防波堤入口,東京港臨海道路×中防大橋,R4/11,東京湾岸,B 城南島,4台場,11,0,-,-
314,中央防波堤入口,東京港臨海道路×中防大橋,R4/11,東京湾岸,B 城南島,4台場,12,0,-,-
314,中央防波堤入口,東京港臨海道路×中防大橋,R4/11,東京湾岸,B 城南島,4台場,13,0,-,-
314,中央防波堤入口,東京港臨海道路×中防大橋,R4/11,東京湾岸,B 城南島,4台場,14,0,-,-
314,中央防波堤入口,東京港臨海道路×中防大橋,R4/11,東京湾岸,B 城南島,4台場,15,0,-,-
314,中央防波堤入口,東京港臨海道路×中防大橋,R4/11,東京湾岸,B 城南島,4台場,16,0,-,-
314,中央防波堤入口,東京港臨海道路×中防大橋,R4/11,東京湾岸,B 城南島,4台場,17,0,-,-
314,中央防波堤入口,東京港臨海道路×中防大橋,R4/11,東京湾岸,B 城南島,4台場,18,0,-,-
314,中央防波堤入口,東京港臨海道路×中防大橋,R4/11,東京湾岸,B 城南島,4台場,12時間計,0,-,-
314,中央防波堤入口,東京港臨海道路×中防大橋,R4/11,東京湾岸,B 城南島,5新木場,7,0,-,-
314,中央防波堤入口,東京港臨海道路×中防大橋,R4/11,東京湾岸,B 城南島,5新木場,8,0,-,-
314,中央防波堤入口,東京港臨海道路×中防大橋,R4/11,東京湾岸,B 城南島,5新木場,9,0,-,-
314,中央防波堤入口,東京港臨海道路×中防大橋,R4/11,東京湾岸,B 城南島,5新木場,10,0,-,-
314,中央防波堤入口,東京港臨海道路×中防大橋,R4/11,東京湾岸,B 城南島,5新木場,11,0,-,-
314,中央防波堤入口,東京港臨海道路×中防大橋,R4/11,東京湾岸,B 城南島,5新木場,12,0,-,-
314,中央防波堤入口,東京港臨海道路×中防大橋,R4/11,東京湾岸,B 城南島,5新木場,13,0,-,-
314,中央防波堤入口,東京港臨海道路×中防大橋,R4/11,東京湾岸,B 城南島,5新木場,14,0,-,-
314,中央防波堤入口,東京港臨海道路×中防大橋,R4/11,東京湾岸,B 城南島,5新木場,15,0,-,-
314,中央防波堤入口,東京港臨海道路×中防大橋,R4/11,東京湾岸,B 城南島,5新木場,16,0,-,-
314,中央防波堤入口,東京港臨海道路×中防大橋,R4/11,東京湾岸,B 城南島,5新木場,17,0,-,-
314,中央防波堤入口,東京港臨海道路×中防大橋,R4/11,東京湾岸,B 城南島,5新木場,18,0,-,-
314,中央防波堤入口,東京港臨海道路×中防大橋,R4/11,東京湾岸,B 城南島,5新木場,12時間計,0,-,-
314,中央防波堤入口,東京港臨海道路×中防大橋,R4/11,東京湾岸,B 城南島,6東京湾,7,0,-,-
314,中央防波堤入口,東京港臨海道路×中防大橋,R4/11,東京湾岸,B 城南島,6東京湾,8,0,-,-
314,中央防波堤入口,東京港臨海道路×中防大橋,R4/11,東京湾岸,B 城南島,6東京湾,9,0,-,-
314,中央防波堤入口,東京港臨海道路×中防大橋,R4/11,東京湾岸,B 城南島,6東京湾,10,0,-,-
314,中央防波堤入口,東京港臨海道路×中防大橋,R4/11,東京湾岸,B 城南島,6東京湾,11,0,-,-
314,中央防波堤入口,東京港臨海道路×中防大橋,R4/11,東京湾岸,B 城南島,6東京湾,12,0,-,-
314,中央防波堤入口,東京港臨海道路×中防大橋,R4/11,東京湾岸,B 城南島,6東京湾,13,0,-,-
314,中央防波堤入口,東京港臨海道路×中防大橋,R4/11,東京湾岸,B 城南島,6東京湾,14,0,-,-
314,中央防波堤入口,東京港臨海道路×中防大橋,R4/11,東京湾岸,B 城南島,6東京湾,15,0,-,-
314,中央防波堤入口,東京港臨海道路×中防大橋,R4/11,東京湾岸,B 城南島,6東京湾,16,1,-,-
314,中央防波堤入口,東京港臨海道路×中防大橋,R4/11,東京湾岸,B 城南島,6東京湾,17,0,-,-
314,中央防波堤入口,東京港臨海道路×中防大橋,R4/11,東京湾岸,B 城南島,6東京湾,18,0,-,-
314,中央防波堤入口,東京港臨海道路×中防大橋,R4/11,東京湾岸,B 城南島,6東京湾,12時間計,1,-,-
314,中央防波堤入口,東京港臨海道路×中防大橋,R4/11,東京湾岸,B 城南島,7新木場,7,0,-,-
314,中央防波堤入口,東京港臨海道路×中防大橋,R4/11,東京湾岸,B 城南島,7新木場,8,0,-,-
314,中央防波堤入口,東京港臨海道路×中防大橋,R4/11,東京湾岸,B 城南島,7新木場,9,0,-,-
314,中央防波堤入口,東京港臨海道路×中防大橋,R4/11,東京湾岸,B 城南島,7新木場,10,0,-,-
314,中央防波堤入口,東京港臨海道路×中防大橋,R4/11,東京湾岸,B 城南島,7新木場,11,0,-,-
314,中央防波堤入口,東京港臨海道路×中防大橋,R4/11,東京湾岸,B 城南島,7新木場,12,0,-,-
314,中央防波堤入口,東京港臨海道路×中防大橋,R4/11,東京湾岸,B 城南島,7新木場,13,0,-,-
314,中央防波堤入口,東京港臨海道路×中防大橋,R4/11,東京湾岸,B 城南島,7新木場,14,0,-,-
314,中央防波堤入口,東京港臨海道路×中防大橋,R4/11,東京湾岸,B 城南島,7新木場,15,0,-,-
314,中央防波堤入口,東京港臨海道路×中防大橋,R4/11,東京湾岸,B 城南島,7新木場,16,0,-,-
314,中央防波堤入口,東京港臨海道路×中防大橋,R4/11,東京湾岸,B 城南島,7新木場,17,0,-,-
314,中央防波堤入口,東京港臨海道路×中防大橋,R4/11,東京湾岸,B 城南島,7新木場,18,0,-,-
314,中央防波堤入口,東京港臨海道路×中防大橋,R4/11,東京湾岸,B 城南島,7新木場,12時間計,0,-,-
314,中央防波堤入口,東京港臨海道路×中防大橋,R4/11,東京湾岸,B 城南島,流入計,7,0,0,0
314,中央防波堤入口,東京港臨海道路×中防大橋,R4/11,東京湾岸,B 城南島,流入計,8,0,0,0
314,中央防波堤入口,東京港臨海道路×中防大橋,R4/11,東京湾岸,B 城南島,流入計,9,0,0,0
314,中央防波堤入口,東京港臨海道路×中防大橋,R4/11,東京湾岸,B 城南島,流入計,10,0,0,0
314,中央防波堤入口,東京港臨海道路×中防大橋,R4/11,東京湾岸,B 城南島,流入計,11,0,0,0
314,中央防波堤入口,東京港臨海道路×中防大橋,R4/11,東京湾岸,B 城南島,流入計,12,0,0,0
314,中央防波堤入口,東京港臨海道路×中防大橋,R4/11,東京湾岸,B 城南島,流入計,13,0,0,0
314,中央防波堤入口,東京港臨海道路×中防大橋,R4/11,東京湾岸,B 城南島,流入計,14,0,0,0
314,中央防波堤入口,東京港臨海道路×中防大橋,R4/11,東京湾岸,B 城南島,流入計,15,0,0,0
314,中央防波堤入口,東京港臨海道路×中防大橋,R4/11,東京湾岸,B 城南島,流入計,16,1,0,1
314,中央防波堤入口,東京港臨海道路×中防大橋,R4/11,東京湾岸,B 城南島,流入計,17,0,0,0
314,中央防波堤入口,東京港臨海道路×中防大橋,R4/11,東京湾岸,B 城南島,流入計,18,0,0,0
314,中央防波堤入口,東京港臨海道路×中防大橋,R4/11,東京湾岸,B 城南島,流入計,12時間計,1,0,1
314,中央防波堤入口,東京港臨海道路×中防大橋,R4/11,東京湾岸,C 東京湾,8城南島,7,0,-,-
314,中央防波堤入口,東京港臨海道路×中防大橋,R4/11,東京湾岸,C 東京湾,8城南島,8,0,-,-
314,中央防波堤入口,東京港臨海道路×中防大橋,R4/11,東京湾岸,C 東京湾,8城南島,9,0,-,-
314,中央防波堤入口,東京港臨海道路×中防大橋,R4/11,東京湾岸,C 東京湾,8城南島,10,0,-,-
314,中央防波堤入口,東京港臨海道路×中防大橋,R4/11,東京湾岸,C 東京湾,8城南島,11,0,-,-
314,中央防波堤入口,東京港臨海道路×中防大橋,R4/11,東京湾岸,C 東京湾,8城南島,12,0,-,-
314,中央防波堤入口,東京港臨海道路×中防大橋,R4/11,東京湾岸,C 東京湾,8城南島,13,0,-,-
314,中央防波堤入口,東京港臨海道路×中防大橋,R4/11,東京湾岸,C 東京湾,8城南島,14,0,-,-
314,中央防波堤入口,東京港臨海道路×中防大橋,R4/11,東京湾岸,C 東京湾,8城南島,15,0,-,-
314,中央防波堤入口,東京港臨海道路×中防大橋,R4/11,東京湾岸,C 東京湾,8城南島,16,0,-,-
314,中央防波堤入口,東京港臨海道路×中防大橋,R4/11,東京湾岸,C 東京湾,8城南島,17,0,-,-
314,中央防波堤入口,東京港臨海道路×中防大橋,R4/11,東京湾岸,C 東京湾,8城南島,18,0,-,-
314,中央防波堤入口,東京港臨海道路×中防大橋,R4/11,東京湾岸,C 東京湾,8城南島,12時間計,0,-,-
314,中央防波堤入口,東京港臨海道路×中防大橋,R4/11,東京湾岸,C 東京湾,9台場,7,0,-,-
314,中央防波堤入口,東京港臨海道路×中防大橋,R4/11,東京湾岸,C 東京湾,9台場,8,0,-,-
314,中央防波堤入口,東京港臨海道路×中防大橋,R4/11,東京湾岸,C 東京湾,9台場,9,0,-,-
314,中央防波堤入口,東京港臨海道路×中防大橋,R4/11,東京湾岸,C 東京湾,9台場,10,0,-,-
314,中央防波堤入口,東京港臨海道路×中防大橋,R4/11,東京湾岸,C 東京湾,9台場,11,0,-,-
314,中央防波堤入口,東京港臨海道路×中防大橋,R4/11,東京湾岸,C 東京湾,9台場,12,0,-,-
314,中央防波堤入口,東京港臨海道路×中防大橋,R4/11,東京湾岸,C 東京湾,9台場,13,0,-,-
314,中央防波堤入口,東京港臨海道路×中防大橋,R4/11,東京湾岸,C 東京湾,9台場,14,0,-,-
314,中央防波堤入口,東京港臨海道路×中防大橋,R4/11,東京湾岸,C 東京湾,9台場,15,0,-,-
314,中央防波堤入口,東京港臨海道路×中防大橋,R4/11,東京湾岸,C 東京湾,9台場,16,0,-,-
314,中央防波堤入口,東京港臨海道路×中防大橋,R4/11,東京湾岸,C 東京湾,9台場,17,0,-,-
314,中央防波堤入口,東京港臨海道路×中防大橋,R4/11,東京湾岸,C 東京湾,9台場,18,0,-,-
314,中央防波堤入口,東京港臨海道路×中防大橋,R4/11,東京湾岸,C 東京湾,9台場,12時間計,0,-,-
314,中央防波堤入口,東京港臨海道路×中防大橋,R4/11,東京湾岸,C 東京湾,10新木場,7,0,-,-
314,中央防波堤入口,東京港臨海道路×中防大橋,R4/11,東京湾岸,C 東京湾,10新木場,8,0,-,-
314,中央防波堤入口,東京港臨海道路×中防大橋,R4/11,東京湾岸,C 東京湾,10新木場,9,0,-,-
314,中央防波堤入口,東京港臨海道路×中防大橋,R4/11,東京湾岸,C 東京湾,10新木場,10,0,-,-
314,中央防波堤入口,東京港臨海道路×中防大橋,R4/11,東京湾岸,C 東京湾,10新木場,11,0,-,-
314,中央防波堤入口,東京港臨海道路×中防大橋,R4/11,東京湾岸,C 東京湾,10新木場,12,0,-,-
314,中央防波堤入口,東京港臨海道路×中防大橋,R4/11,東京湾岸,C 東京湾,10新木場,13,0,-,-
314,中央防波堤入口,東京港臨海道路×中防大橋,R4/11,東京湾岸,C 東京湾,10新木場,14,0,-,-
314,中央防波堤入口,東京港臨海道路×中防大橋,R4/11,東京湾岸,C 東京湾,10新木場,15,0,-,-
314,中央防波堤入口,東京港臨海道路×中防大橋,R4/11,東京湾岸,C 東京湾,10新木場,16,0,-,-
314,中央防波堤入口,東京港臨海道路×中防大橋,R4/11,東京湾岸,C 東京湾,10新木場,17,0,-,-
314,中央防波堤入口,東京港臨海道路×中防大橋,R4/11,東京湾岸,C 東京湾,10新木場,18,0,-,-
314,中央防波堤入口,東京港臨海道路×中防大橋,R4/11,東京湾岸,C 東京湾,10新木場,12時間計,0,-,-
314,中央防波堤入口,東京港臨海道路×中防大橋,R4/11,東京湾岸,C 東京湾,流入計,7,0,0,0
314,中央防波堤入口,東京港臨海道路×中防大橋,R4/11,東京湾岸,C 東京湾,流入計,8,0,0,0
314,中央防波堤入口,東京港臨海道路×中防大橋,R4/11,東京湾岸,C 東京湾,流入計,9,0,0,0
314,中央防波堤入口,東京港臨海道路×中防大橋,R4/11,東京湾岸,C 東京湾,流入計,10,0,0,0
314,中央防波堤入口,東京港臨海道路×中防大橋,R4/11,東京湾岸,C 東京湾,流入計,11,0,0,0
314,中央防波堤入口,東京港臨海道路×中防大橋,R4/11,東京湾岸,C 東京湾,流入計,12,0,0,0
314,中央防波堤入口,東京港臨海道路×中防大橋,R4/11,東京湾岸,C 東京湾,流入計,13,0,0,0
314,中央防波堤入口,東京港臨海道路×中防大橋,R4/11,東京湾岸,C 東京湾,流入計,14,0,0,0
314,中央防波堤入口,東京港臨海道路×中防大橋,R4/11,東京湾岸,C 東京湾,流入計,15,0,0,0
314,中央防波堤入口,東京港臨海道路×中防大橋,R4/11,東京湾岸,C 東京湾,流入計,16,0,0,0
314,中央防波堤入口,東京港臨海道路×中防大橋,R4/11,東京湾岸,C 東京湾,流入計,17,0,0,0
314,中央防波堤入口,東京港臨海道路×中防大橋,R4/11,東京湾岸,C 東京湾,流入計,18,0,0,0
314,中央防波堤入口,東京港臨海道路×中防大橋,R4/11,東京湾岸,C 東京湾,流入計,12時間計,0,0,0
314,中央防波堤入口,東京港臨海道路×中防大橋,R4/11,東京湾岸,D 新木場,11東京湾,7,0,-,-
314,中央防波堤入口,東京港臨海道路×中防大橋,R4/11,東京湾岸,D 新木場,11東京湾,8,0,-,-
314,中央防波堤入口,東京港臨海道路×中防大橋,R4/11,東京湾岸,D 新木場,11東京湾,9,0,-,-
314,中央防波堤入口,東京港臨海道路×中防大橋,R4/11,東京湾岸,D 新木場,11東京湾,10,0,-,-
314,中央防波堤入口,東京港臨海道路×中防大橋,R4/11,東京湾岸,D 新木場,11東京湾,11,0,-,-
314,中央防波堤入口,東京港臨海道路×中防大橋,R4/11,東京湾岸,D 新木場,11東京湾,12,0,-,-
314,中央防波堤入口,東京港臨海道路×中防大橋,R4/11,東京湾岸,D 新木場,11東京湾,13,0,-,-
314,中央防波堤入口,東京港臨海道路×中防大橋,R4/11,東京湾岸,D 新木場,11東京湾,14,0,-,-
314,中央防波堤入口,東京港臨海道路×中防大橋,R4/11,東京湾岸,D 新木場,11東京湾,15,0,-,-
314,中央防波堤入口,東京港臨海道路×中防大橋,R4/11,東京湾岸,D 新木場,11東京湾,16,0,-,-
314,中央防波堤入口,東京港臨海道路×中防大橋,R4/11,東京湾岸,D 新木場,11東京湾,17,0,-,-
314,中央防波堤入口,東京港臨海道路×中防大橋,R4/11,東京湾岸,D 新木場,11東京湾,18,0,-,-
314,中央防波堤入口,東京港臨海道路×中防大橋,R4/11,東京湾岸,D 新木場,11東京湾,12時間計,0,-,-
314,中央防波堤入口,東京港臨海道路×中防大橋,R4/11,東京湾岸,D 新木場,12城南島,7,0,-,-
314,中央防波堤入口,東京港臨海道路×中防大橋,R4/11,東京湾岸,D 新木場,12城南島,8,0,-,-
314,中央防波堤入口,東京港臨海道路×中防大橋,R4/11,東京湾岸,D 新木場,12城南島,9,0,-,-
314,中央防波堤入口,東京港臨海道路×中防大橋,R4/11,東京湾岸,D 新木場,12城南島,10,0,-,-
314,中央防波堤入口,東京港臨海道路×中防大橋,R4/11,東京湾岸,D 新木場,12城南島,11,0,-,-
314,中央防波堤入口,東京港臨海道路×中防大橋,R4/11,東京湾岸,D 新木場,12城南島,12,0,-,-
314,中央防波堤入口,東京港臨海道路×中防大橋,R4/11,東京湾岸,D 新木場,12城南島,13,0,-,-
314,中央防波堤入口,東京港臨海道路×中防大橋,R4/11,東京湾岸,D 新木場,12城南島,14,0,-,-
314,中央防波堤入口,東京港臨海道路×中防大橋,R4/11,東京湾岸,D 新木場,12城南島,15,0,-,-
314,中央防波堤入口,東京港臨海道路×中防大橋,R4/11,東京湾岸,D 新木場,12城南島,16,0,-,-
314,中央防波堤入口,東京港臨海道路×中防大橋,R4/11,東京湾岸,D 新木場,12城南島,17,0,-,-
314,中央防波堤入口,東京港臨海道路×中防大橋,R4/11,東京湾岸,D 新木場,12城南島,18,0,-,-
314,中央防波堤入口,東京港臨海道路×中防大橋,R4/11,東京湾岸,D 新木場,12城南島,12時間計,0,-,-
314,中央防波堤入口,東京港臨海道路×中防大橋,R4/11,東京湾岸,D 新木場,13台場,7,0,-,-
314,中央防波堤入口,東京港臨海道路×中防大橋,R4/11,東京湾岸,D 新木場,13台場,8,0,-,-
314,中央防波堤入口,東京港臨海道路×中防大橋,R4/11,東京湾岸,D 新木場,13台場,9,0,-,-
314,中央防波堤入口,東京港臨海道路×中防大橋,R4/11,東京湾岸,D 新木場,13台場,10,0,-,-
314,中央防波堤入口,東京港臨海道路×中防大橋,R4/11,東京湾岸,D 新木場,13台場,11,0,-,-
314,中央防波堤入口,東京港臨海道路×中防大橋,R4/11,東京湾岸,D 新木場,13台場,12,0,-,-
314,中央防波堤入口,東京港臨海道路×中防大橋,R4/11,東京湾岸,D 新木場,13台場,13,0,-,-
314,中央防波堤入口,東京港臨海道路×中防大橋,R4/11,東京湾岸,D 新木場,13台場,14,0,-,-
314,中央防波堤入口,東京港臨海道路×中防大橋,R4/11,東京湾岸,D 新木場,13台場,15,0,-,-
314,中央防波堤入口,東京港臨海道路×中防大橋,R4/11,東京湾岸,D 新木場,13台場,16,0,-,-
314,中央防波堤入口,東京港臨海道路×中防大橋,R4/11,東京湾岸,D 新木場,13台場,17,0,-,-
314,中央防波堤入口,東京港臨海道路×中防大橋,R4/11,東京湾岸,D 新木場,13台場,18,0,-,-
314,中央防波堤入口,東京港臨海道路×中防大橋,R4/11,東京湾岸,D 新木場,13台場,12時間計,0,-,-
314,中央防波堤入口,東京港臨海道路×中防大橋,R4/11,東京湾岸,D 新木場,14城南島,7,0,-,-
314,中央防波堤入口,東京港臨海道路×中防大橋,R4/11,東京湾岸,D 新木場,14城南島,8,0,-,-
314,中央防波堤入口,東京港臨海道路×中防大橋,R4/11,東京湾岸,D 新木場,14城南島,9,0,-,-
314,中央防波堤入口,東京港臨海道路×中防大橋,R4/11,東京湾岸,D 新木場,14城南島,10,0,-,-
314,中央防波堤入口,東京港臨海道路×中防大橋,R4/11,東京湾岸,D 新木場,14城南島,11,0,-,-
314,中央防波堤入口,東京港臨海道路×中防大橋,R4/11,東京湾岸,D 新木場,14城南島,12,0,-,-
314,中央防波堤入口,東京港臨海道路×中防大橋,R4/11,東京湾岸,D 新木場,14城南島,13,0,-,-
314,中央防波堤入口,東京港臨海道路×中防大橋,R4/11,東京湾岸,D 新木場,14城南島,14,0,-,-
314,中央防波堤入口,東京港臨海道路×中防大橋,R4/11,東京湾岸,D 新木場,14城南島,15,0,-,-
314,中央防波堤入口,東京港臨海道路×中防大橋,R4/11,東京湾岸,D 新木場,14城南島,16,0,-,-
314,中央防波堤入口,東京港臨海道路×中防大橋,R4/11,東京湾岸,D 新木場,14城南島,17,0,-,-
314,中央防波堤入口,東京港臨海道路×中防大橋,R4/11,東京湾岸,D 新木場,14城南島,18,0,-,-
314,中央防波堤入口,東京港臨海道路×中防大橋,R4/11,東京湾岸,D 新木場,14城南島,12時間計,0,-,-
314,中央防波堤入口,東京港臨海道路×中防大橋,R4/11,東京湾岸,D 新木場,流入計,7,0,0,0
314,中央防波堤入口,東京港臨海道路×中防大橋,R4/11,東京湾岸,D 新木場,流入計,8,0,0,0
314,中央防波堤入口,東京港臨海道路×中防大橋,R4/11,東京湾岸,D 新木場,流入計,9,0,0,0
314,中央防波堤入口,東京港臨海道路×中防大橋,R4/11,東京湾岸,D 新木場,流入計,10,0,0,0
314,中央防波堤入口,東京港臨海道路×中防大橋,R4/11,東京湾岸,D 新木場,流入計,11,0,0,0
314,中央防波堤入口,東京港臨海道路×中防大橋,R4/11,東京湾岸,D 新木場,流入計,12,0,0,0
314,中央防波堤入口,東京港臨海道路×中防大橋,R4/11,東京湾岸,D 新木場,流入計,13,0,0,0
314,中央防波堤入口,東京港臨海道路×中防大橋,R4/11,東京湾岸,D 新木場,流入計,14,0,0,0
314,中央防波堤入口,東京港臨海道路×中防大橋,R4/11,東京湾岸,D 新木場,流入計,15,0,0,0
314,中央防波堤入口,東京港臨海道路×中防大橋,R4/11,東京湾岸,D 新木場,流入計,16,0,0,0
314,中央防波堤入口,東京港臨海道路×中防大橋,R4/11,東京湾岸,D 新木場,流入計,17,0,0,0
314,中央防波堤入口,東京港臨海道路×中防大橋,R4/11,東京湾岸,D 新木場,流入計,18,0,0,0
314,中央防波堤入口,東京港臨海道路×中防大橋,R4/11,東京湾岸,D 新木場,流入計,12時間計,0,0,0
314,中央防波堤入口,東京港臨海道路×中防大橋,R4/11,東京湾岸,全方向計,全方向計,7,0,0,0
314,中央防波堤入口,東京港臨海道路×中防大橋,R4/11,東京湾岸,全方向計,全方向計,8,0,0,0
314,中央防波堤入口,東京港臨海道路×中防大橋,R4/11,東京湾岸,全方向計,全方向計,9,0,0,0
314,中央防波堤入口,東京港臨海道路×中防大橋,R4/11,東京湾岸,全方向計,全方向計,10,0,0,0
314,中央防波堤入口,東京港臨海道路×中防大橋,R4/11,東京湾岸,全方向計,全方向計,11,0,0,0
314,中央防波堤入口,東京港臨海道路×中防大橋,R4/11,東京湾岸,全方向計,全方向計,12,0,0,0
314,中央防波堤入口,東京港臨海道路×中防大橋,R4/11,東京湾岸,全方向計,全方向計,13,0,0,0
314,中央防波堤入口,東京港臨海道路×中防大橋,R4/11,東京湾岸,全方向計,全方向計,14,0,0,0
314,中央防波堤入口,東京港臨海道路×中防大橋,R4/11,東京湾岸,全方向計,全方向計,15,1,0,1
314,中央防波堤入口,東京港臨海道路×中防大橋,R4/11,東京湾岸,全方向計,全方向計,16,1,0,1
314,中央防波堤入口,東京港臨海道路×中防大橋,R4/11,東京湾岸,全方向計,全方向計,17,0,0,0
314,中央防波堤入口,東京港臨海道路×中防大橋,R4/11,東京湾岸,全方向計,全方向計,18,0,0,0
314,中央防波堤入口,東京港臨海道路×中防大橋,R4/11,東京湾岸,全方向計,全方向計,12時間計,2,0,2
