﻿地点番号,地点名,交差道路名,調査年月,管轄警察署,流入方向,流出方向,時間帯等,大型乗用,大型貨物,普通乗用,普通貨物,四輪計,二輪車
314,中央防波堤入口,東京港臨海道路×中防大橋,R4/11,東京湾岸,A 台場,1.新木場,7,0,18,2,3,23,3
314,中央防波堤入口,東京港臨海道路×中防大橋,R4/11,東京湾岸,A 台場,1.新木場,8,0,42,2,19,63,1
314,中央防波堤入口,東京港臨海道路×中防大橋,R4/11,東京湾岸,A 台場,1.新木場,9,0,57,8,15,80,0
314,中央防波堤入口,東京港臨海道路×中防大橋,R4/11,東京湾岸,A 台場,1.新木場,10,1,52,6,10,69,0
314,中央防波堤入口,東京港臨海道路×中防大橋,R4/11,東京湾岸,A 台場,1.新木場,11,0,64,6,7,77,0
314,中央防波堤入口,東京港臨海道路×中防大橋,R4/11,東京湾岸,A 台場,1.新木場,12,0,36,9,10,55,3
314,中央防波堤入口,東京港臨海道路×中防大橋,R4/11,東京湾岸,A 台場,1.新木場,13,0,60,12,14,86,2
314,中央防波堤入口,東京港臨海道路×中防大橋,R4/11,東京湾岸,A 台場,1.新木場,14,0,77,11,15,103,1
314,中央防波堤入口,東京港臨海道路×中防大橋,R4/11,東京湾岸,A 台場,1.新木場,15,0,57,9,12,78,3
314,中央防波堤入口,東京港臨海道路×中防大橋,R4/11,東京湾岸,A 台場,1.新木場,16,0,56,12,9,77,6
314,中央防波堤入口,東京港臨海道路×中防大橋,R4/11,東京湾岸,A 台場,1.新木場,17,0,46,18,5,69,2
314,中央防波堤入口,東京港臨海道路×中防大橋,R4/11,東京湾岸,A 台場,1.新木場,18,0,26,13,5,44,1
314,中央防波堤入口,東京港臨海道路×中防大橋,R4/11,東京湾岸,A 台場,1.新木場,12時間計,1,591,108,124,824,22
314,中央防波堤入口,東京港臨海道路×中防大橋,R4/11,東京湾岸,A 台場,2.東京湾,7,1,12,19,4,36,2
314,中央防波堤入口,東京港臨海道路×中防大橋,R4/11,東京湾岸,A 台場,2.東京湾,8,1,64,11,5,81,1
314,中央防波堤入口,東京港臨海道路×中防大橋,R4/11,東京湾岸,A 台場,2.東京湾,9,2,102,13,5,122,6
314,中央防波堤入口,東京港臨海道路×中防大橋,R4/11,東京湾岸,A 台場,2.東京湾,10,0,140,5,6,151,1
314,中央防波堤入口,東京港臨海道路×中防大橋,R4/11,東京湾岸,A 台場,2.東京湾,11,0,167,3,8,178,0
314,中央防波堤入口,東京港臨海道路×中防大橋,R4/11,東京湾岸,A 台場,2.東京湾,12,0,76,4,9,89,2
314,中央防波堤入口,東京港臨海道路×中防大橋,R4/11,東京湾岸,A 台場,2.東京湾,13,0,114,6,4,124,1
314,中央防波堤入口,東京港臨海道路×中防大橋,R4/11,東京湾岸,A 台場,2.東京湾,14,0,141,5,2,148,1
314,中央防波堤入口,東京港臨海道路×中防大橋,R4/11,東京湾岸,A 台場,2.東京湾,15,0,143,4,3,150,2
314,中央防波堤入口,東京港臨海道路×中防大橋,R4/11,東京湾岸,A 台場,2.東京湾,16,0,80,4,3,87,0
314,中央防波堤入口,東京港臨海道路×中防大橋,R4/11,東京湾岸,A 台場,2.東京湾,17,0,36,2,1,39,1
314,中央防波堤入口,東京港臨海道路×中防大橋,R4/11,東京湾岸,A 台場,2.東京湾,18,0,24,2,1,27,1
314,中央防波堤入口,東京港臨海道路×中防大橋,R4/11,東京湾岸,A 台場,2.東京湾,12時間計,4,1099,78,51,1232,18
314,中央防波堤入口,東京港臨海道路×中防大橋,R4/11,東京湾岸,A 台場,3.城南島,7,4,73,42,57,176,6
314,中央防波堤入口,東京港臨海道路×中防大橋,R4/11,東京湾岸,A 台場,3.城南島,8,0,129,54,50,233,1
314,中央防波堤入口,東京港臨海道路×中防大橋,R4/11,東京湾岸,A 台場,3.城南島,9,4,296,41,70,411,2
314,中央防波堤入口,東京港臨海道路×中防大橋,R4/11,東京湾岸,A 台場,3.城南島,10,2,286,34,100,422,4
314,中央防波堤入口,東京港臨海道路×中防大橋,R4/11,東京湾岸,A 台場,3.城南島,11,0,319,36,87,442,0
314,中央防波堤入口,東京港臨海道路×中防大橋,R4/11,東京湾岸,A 台場,3.城南島,12,0,179,32,80,291,1
314,中央防波堤入口,東京港臨海道路×中防大橋,R4/11,東京湾岸,A 台場,3.城南島,13,0,218,31,135,384,2
314,中央防波堤入口,東京港臨海道路×中防大橋,R4/11,東京湾岸,A 台場,3.城南島,14,0,207,37,108,352,4
314,中央防波堤入口,東京港臨海道路×中防大橋,R4/11,東京湾岸,A 台場,3.城南島,15,2,329,45,60,436,14
314,中央防波堤入口,東京港臨海道路×中防大橋,R4/11,東京湾岸,A 台場,3.城南島,16,1,248,59,97,405,3
314,中央防波堤入口,東京港臨海道路×中防大橋,R4/11,東京湾岸,A 台場,3.城南島,17,0,234,100,47,381,12
314,中央防波堤入口,東京港臨海道路×中防大橋,R4/11,東京湾岸,A 台場,3.城南島,18,0,131,61,31,223,11
314,中央防波堤入口,東京港臨海道路×中防大橋,R4/11,東京湾岸,A 台場,3.城南島,12時間計,13,2649,572,922,4156,60
314,中央防波堤入口,東京港臨海道路×中防大橋,R4/11,東京湾岸,A 台場,流入計,7,5,103,63,64,235,11
314,中央防波堤入口,東京港臨海道路×中防大橋,R4/11,東京湾岸,A 台場,流入計,8,1,235,67,74,377,3
314,中央防波堤入口,東京港臨海道路×中防大橋,R4/11,東京湾岸,A 台場,流入計,9,6,455,62,90,613,8
314,中央防波堤入口,東京港臨海道路×中防大橋,R4/11,東京湾岸,A 台場,流入計,10,3,478,45,116,642,5
314,中央防波堤入口,東京港臨海道路×中防大橋,R4/11,東京湾岸,A 台場,流入計,11,0,550,45,102,697,0
314,中央防波堤入口,東京港臨海道路×中防大橋,R4/11,東京湾岸,A 台場,流入計,12,0,291,45,99,435,6
314,中央防波堤入口,東京港臨海道路×中防大橋,R4/11,東京湾岸,A 台場,流入計,13,0,392,49,153,594,5
314,中央防波堤入口,東京港臨海道路×中防大橋,R4/11,東京湾岸,A 台場,流入計,14,0,425,53,125,603,6
314,中央防波堤入口,東京港臨海道路×中防大橋,R4/11,東京湾岸,A 台場,流入計,15,2,529,58,75,664,19
314,中央防波堤入口,東京港臨海道路×中防大橋,R4/11,東京湾岸,A 台場,流入計,16,1,384,75,109,569,9
314,中央防波堤入口,東京港臨海道路×中防大橋,R4/11,東京湾岸,A 台場,流入計,17,0,316,120,53,489,15
314,中央防波堤入口,東京港臨海道路×中防大橋,R4/11,東京湾岸,A 台場,流入計,18,0,181,76,37,294,13
314,中央防波堤入口,東京港臨海道路×中防大橋,R4/11,東京湾岸,A 台場,流入計,12時間計,18,4339,758,1097,6212,100
314,中央防波堤入口,東京港臨海道路×中防大橋,R4/11,東京湾岸,B 城南島,4.台場,7,1,165,133,56,355,0
314,中央防波堤入口,東京港臨海道路×中防大橋,R4/11,東京湾岸,B 城南島,4.台場,8,1,158,87,111,357,11
314,中央防波堤入口,東京港臨海道路×中防大橋,R4/11,東京湾岸,B 城南島,4.台場,9,2,301,63,98,464,9
314,中央防波堤入口,東京港臨海道路×中防大橋,R4/11,東京湾岸,B 城南島,4.台場,10,1,212,63,91,367,7
314,中央防波堤入口,東京港臨海道路×中防大橋,R4/11,東京湾岸,B 城南島,4.台場,11,0,263,53,90,406,3
314,中央防波堤入口,東京港臨海道路×中防大橋,R4/11,東京湾岸,B 城南島,4.台場,12,1,264,37,72,374,7
314,中央防波堤入口,東京港臨海道路×中防大橋,R4/11,東京湾岸,B 城南島,4.台場,13,0,322,32,82,436,12
314,中央防波堤入口,東京港臨海道路×中防大橋,R4/11,東京湾岸,B 城南島,4.台場,14,0,412,43,86,541,4
314,中央防波堤入口,東京港臨海道路×中防大橋,R4/11,東京湾岸,B 城南島,4.台場,15,1,338,33,55,427,3
314,中央防波堤入口,東京港臨海道路×中防大橋,R4/11,東京湾岸,B 城南島,4.台場,16,1,220,44,81,346,2
314,中央防波堤入口,東京港臨海道路×中防大橋,R4/11,東京湾岸,B 城南島,4.台場,17,3,119,34,91,247,3
314,中央防波堤入口,東京港臨海道路×中防大橋,R4/11,東京湾岸,B 城南島,4.台場,18,1,60,52,46,159,4
314,中央防波堤入口,東京港臨海道路×中防大橋,R4/11,東京湾岸,B 城南島,4.台場,12時間計,12,2834,674,959,4479,65
314,中央防波堤入口,東京港臨海道路×中防大橋,R4/11,東京湾岸,B 城南島,5.新木場,7,0,0,0,0,0,0
314,中央防波堤入口,東京港臨海道路×中防大橋,R4/11,東京湾岸,B 城南島,5.新木場,8,0,0,0,0,0,0
314,中央防波堤入口,東京港臨海道路×中防大橋,R4/11,東京湾岸,B 城南島,5.新木場,9,0,0,0,0,0,0
314,中央防波堤入口,東京港臨海道路×中防大橋,R4/11,東京湾岸,B 城南島,5.新木場,10,0,0,0,0,0,0
314,中央防波堤入口,東京港臨海道路×中防大橋,R4/11,東京湾岸,B 城南島,5.新木場,11,0,0,0,0,0,0
314,中央防波堤入口,東京港臨海道路×中防大橋,R4/11,東京湾岸,B 城南島,5.新木場,12,0,0,0,0,0,0
314,中央防波堤入口,東京港臨海道路×中防大橋,R4/11,東京湾岸,B 城南島,5.新木場,13,0,0,0,0,0,0
314,中央防波堤入口,東京港臨海道路×中防大橋,R4/11,東京湾岸,B 城南島,5.新木場,14,0,0,0,0,0,0
314,中央防波堤入口,東京港臨海道路×中防大橋,R4/11,東京湾岸,B 城南島,5.新木場,15,0,0,0,0,0,0
314,中央防波堤入口,東京港臨海道路×中防大橋,R4/11,東京湾岸,B 城南島,5.新木場,16,0,0,0,0,0,0
314,中央防波堤入口,東京港臨海道路×中防大橋,R4/11,東京湾岸,B 城南島,5.新木場,17,0,0,0,0,0,0
314,中央防波堤入口,東京港臨海道路×中防大橋,R4/11,東京湾岸,B 城南島,5.新木場,18,0,0,0,0,0,0
314,中央防波堤入口,東京港臨海道路×中防大橋,R4/11,東京湾岸,B 城南島,5.新木場,12時間計,0,0,0,0,0,0
314,中央防波堤入口,東京港臨海道路×中防大橋,R4/11,東京湾岸,B 城南島,6.東京湾,7,0,38,36,6,80,6
314,中央防波堤入口,東京港臨海道路×中防大橋,R4/11,東京湾岸,B 城南島,6.東京湾,8,0,75,18,5,98,1
314,中央防波堤入口,東京港臨海道路×中防大橋,R4/11,東京湾岸,B 城南島,6.東京湾,9,1,120,8,5,134,0
314,中央防波堤入口,東京港臨海道路×中防大橋,R4/11,東京湾岸,B 城南島,6.東京湾,10,0,85,2,2,89,0
314,中央防波堤入口,東京港臨海道路×中防大橋,R4/11,東京湾岸,B 城南島,6.東京湾,11,0,138,3,5,146,0
314,中央防波堤入口,東京港臨海道路×中防大橋,R4/11,東京湾岸,B 城南島,6.東京湾,12,0,88,1,2,91,0
314,中央防波堤入口,東京港臨海道路×中防大橋,R4/11,東京湾岸,B 城南島,6.東京湾,13,0,111,2,1,114,0
314,中央防波堤入口,東京港臨海道路×中防大橋,R4/11,東京湾岸,B 城南島,6.東京湾,14,0,131,5,2,138,0
314,中央防波堤入口,東京港臨海道路×中防大橋,R4/11,東京湾岸,B 城南島,6.東京湾,15,0,148,3,2,153,1
314,中央防波堤入口,東京港臨海道路×中防大橋,R4/11,東京湾岸,B 城南島,6.東京湾,16,0,59,1,3,63,0
314,中央防波堤入口,東京港臨海道路×中防大橋,R4/11,東京湾岸,B 城南島,6.東京湾,17,0,61,3,2,66,0
314,中央防波堤入口,東京港臨海道路×中防大橋,R4/11,東京湾岸,B 城南島,6.東京湾,18,0,41,2,0,43,0
314,中央防波堤入口,東京港臨海道路×中防大橋,R4/11,東京湾岸,B 城南島,6.東京湾,12時間計,1,1095,84,35,1215,8
314,中央防波堤入口,東京港臨海道路×中防大橋,R4/11,東京湾岸,B 城南島,7.新木場,7,2,209,207,135,553,31
314,中央防波堤入口,東京港臨海道路×中防大橋,R4/11,東京湾岸,B 城南島,7.新木場,8,0,192,151,185,528,32
314,中央防波堤入口,東京港臨海道路×中防大橋,R4/11,東京湾岸,B 城南島,7.新木場,9,2,290,129,290,711,19
314,中央防波堤入口,東京港臨海道路×中防大橋,R4/11,東京湾岸,B 城南島,7.新木場,10,0,339,124,309,772,16
314,中央防波堤入口,東京港臨海道路×中防大橋,R4/11,東京湾岸,B 城南島,7.新木場,11,1,347,117,258,723,14
314,中央防波堤入口,東京港臨海道路×中防大橋,R4/11,東京湾岸,B 城南島,7.新木場,12,0,276,146,235,657,7
314,中央防波堤入口,東京港臨海道路×中防大橋,R4/11,東京湾岸,B 城南島,7.新木場,13,2,243,114,200,559,7
314,中央防波堤入口,東京港臨海道路×中防大橋,R4/11,東京湾岸,B 城南島,7.新木場,14,0,319,129,300,748,14
314,中央防波堤入口,東京港臨海道路×中防大橋,R4/11,東京湾岸,B 城南島,7.新木場,15,7,370,198,277,852,14
314,中央防波堤入口,東京港臨海道路×中防大橋,R4/11,東京湾岸,B 城南島,7.新木場,16,15,359,263,291,928,22
314,中央防波堤入口,東京港臨海道路×中防大橋,R4/11,東京湾岸,B 城南島,7.新木場,17,9,265,387,235,896,59
314,中央防波堤入口,東京港臨海道路×中防大橋,R4/11,東京湾岸,B 城南島,7.新木場,18,2,182,411,146,741,53
314,中央防波堤入口,東京港臨海道路×中防大橋,R4/11,東京湾岸,B 城南島,7.新木場,12時間計,40,3391,2376,2861,8668,288
314,中央防波堤入口,東京港臨海道路×中防大橋,R4/11,東京湾岸,B 城南島,流入計,7,3,412,376,197,988,37
314,中央防波堤入口,東京港臨海道路×中防大橋,R4/11,東京湾岸,B 城南島,流入計,8,1,425,256,301,983,44
314,中央防波堤入口,東京港臨海道路×中防大橋,R4/11,東京湾岸,B 城南島,流入計,9,5,711,200,393,1309,28
314,中央防波堤入口,東京港臨海道路×中防大橋,R4/11,東京湾岸,B 城南島,流入計,10,1,636,189,402,1228,23
314,中央防波堤入口,東京港臨海道路×中防大橋,R4/11,東京湾岸,B 城南島,流入計,11,1,748,173,353,1275,17
314,中央防波堤入口,東京港臨海道路×中防大橋,R4/11,東京湾岸,B 城南島,流入計,12,1,628,184,309,1122,14
314,中央防波堤入口,東京港臨海道路×中防大橋,R4/11,東京湾岸,B 城南島,流入計,13,2,676,148,283,1109,19
314,中央防波堤入口,東京港臨海道路×中防大橋,R4/11,東京湾岸,B 城南島,流入計,14,0,862,177,388,1427,18
314,中央防波堤入口,東京港臨海道路×中防大橋,R4/11,東京湾岸,B 城南島,流入計,15,8,856,234,334,1432,18
314,中央防波堤入口,東京港臨海道路×中防大橋,R4/11,東京湾岸,B 城南島,流入計,16,16,638,308,375,1337,24
314,中央防波堤入口,東京港臨海道路×中防大橋,R4/11,東京湾岸,B 城南島,流入計,17,12,445,424,328,1209,62
314,中央防波堤入口,東京港臨海道路×中防大橋,R4/11,東京湾岸,B 城南島,流入計,18,3,283,465,192,943,57
314,中央防波堤入口,東京港臨海道路×中防大橋,R4/11,東京湾岸,B 城南島,流入計,12時間計,53,7320,3134,3855,14362,361
314,中央防波堤入口,東京港臨海道路×中防大橋,R4/11,東京湾岸,C 東京湾,8.城南島,7,1,68,10,7,86,2
314,中央防波堤入口,東京港臨海道路×中防大橋,R4/11,東京湾岸,C 東京湾,8.城南島,8,0,120,17,7,144,0
314,中央防波堤入口,東京港臨海道路×中防大橋,R4/11,東京湾岸,C 東京湾,8.城南島,9,1,158,8,8,175,1
314,中央防波堤入口,東京港臨海道路×中防大橋,R4/11,東京湾岸,C 東京湾,8.城南島,10,0,157,7,6,170,0
314,中央防波堤入口,東京港臨海道路×中防大橋,R4/11,東京湾岸,C 東京湾,8.城南島,11,1,183,6,4,194,0
314,中央防波堤入口,東京港臨海道路×中防大橋,R4/11,東京湾岸,C 東京湾,8.城南島,12,0,139,9,10,158,1
314,中央防波堤入口,東京港臨海道路×中防大橋,R4/11,東京湾岸,C 東京湾,8.城南島,13,0,165,3,20,188,2
314,中央防波堤入口,東京港臨海道路×中防大橋,R4/11,東京湾岸,C 東京湾,8.城南島,14,2,146,3,25,176,0
314,中央防波堤入口,東京港臨海道路×中防大橋,R4/11,東京湾岸,C 東京湾,8.城南島,15,0,181,12,17,210,0
314,中央防波堤入口,東京港臨海道路×中防大橋,R4/11,東京湾岸,C 東京湾,8.城南島,16,0,188,27,20,235,0
314,中央防波堤入口,東京港臨海道路×中防大橋,R4/11,東京湾岸,C 東京湾,8.城南島,17,0,197,31,15,243,3
314,中央防波堤入口,東京港臨海道路×中防大橋,R4/11,東京湾岸,C 東京湾,8.城南島,18,0,54,27,3,84,4
314,中央防波堤入口,東京港臨海道路×中防大橋,R4/11,東京湾岸,C 東京湾,8.城南島,12時間計,5,1756,160,142,2063,13
314,中央防波堤入口,東京港臨海道路×中防大橋,R4/11,東京湾岸,C 東京湾,9.台場,7,1,42,4,1,48,0
314,中央防波堤入口,東京港臨海道路×中防大橋,R4/11,東京湾岸,C 東京湾,9.台場,8,0,111,11,15,137,1
314,中央防波堤入口,東京港臨海道路×中防大橋,R4/11,東京湾岸,C 東京湾,9.台場,9,2,138,10,22,172,1
314,中央防波堤入口,東京港臨海道路×中防大橋,R4/11,東京湾岸,C 東京湾,9.台場,10,2,111,9,15,137,0
314,中央防波堤入口,東京港臨海道路×中防大橋,R4/11,東京湾岸,C 東京湾,9.台場,11,2,116,13,15,146,0
314,中央防波堤入口,東京港臨海道路×中防大橋,R4/11,東京湾岸,C 東京湾,9.台場,12,0,65,7,12,84,2
314,中央防波堤入口,東京港臨海道路×中防大橋,R4/11,東京湾岸,C 東京湾,9.台場,13,0,113,12,10,135,0
314,中央防波堤入口,東京港臨海道路×中防大橋,R4/11,東京湾岸,C 東京湾,9.台場,14,3,165,13,11,192,3
314,中央防波堤入口,東京港臨海道路×中防大橋,R4/11,東京湾岸,C 東京湾,9.台場,15,0,133,10,11,154,3
314,中央防波堤入口,東京港臨海道路×中防大橋,R4/11,東京湾岸,C 東京湾,9.台場,16,1,115,19,17,152,1
314,中央防波堤入口,東京港臨海道路×中防大橋,R4/11,東京湾岸,C 東京湾,9.台場,17,1,85,8,18,112,1
314,中央防波堤入口,東京港臨海道路×中防大橋,R4/11,東京湾岸,C 東京湾,9.台場,18,1,15,7,8,31,1
314,中央防波堤入口,東京港臨海道路×中防大橋,R4/11,東京湾岸,C 東京湾,9.台場,12時間計,13,1209,123,155,1500,13
314,中央防波堤入口,東京港臨海道路×中防大橋,R4/11,東京湾岸,C 東京湾,10.新木場,7,0,14,1,3,18,0
314,中央防波堤入口,東京港臨海道路×中防大橋,R4/11,東京湾岸,C 東京湾,10.新木場,8,0,54,1,8,63,0
314,中央防波堤入口,東京港臨海道路×中防大橋,R4/11,東京湾岸,C 東京湾,10.新木場,9,0,65,5,4,74,0
314,中央防波堤入口,東京港臨海道路×中防大橋,R4/11,東京湾岸,C 東京湾,10.新木場,10,0,87,2,7,96,0
314,中央防波堤入口,東京港臨海道路×中防大橋,R4/11,東京湾岸,C 東京湾,10.新木場,11,1,80,12,0,93,0
314,中央防波堤入口,東京港臨海道路×中防大橋,R4/11,東京湾岸,C 東京湾,10.新木場,12,1,69,7,5,82,0
314,中央防波堤入口,東京港臨海道路×中防大橋,R4/11,東京湾岸,C 東京湾,10.新木場,13,0,64,1,6,71,1
314,中央防波堤入口,東京港臨海道路×中防大橋,R4/11,東京湾岸,C 東京湾,10.新木場,14,0,108,3,7,118,0
314,中央防波堤入口,東京港臨海道路×中防大橋,R4/11,東京湾岸,C 東京湾,10.新木場,15,0,99,6,5,110,0
314,中央防波堤入口,東京港臨海道路×中防大橋,R4/11,東京湾岸,C 東京湾,10.新木場,16,0,56,17,9,82,4
314,中央防波堤入口,東京港臨海道路×中防大橋,R4/11,東京湾岸,C 東京湾,10.新木場,17,0,40,20,1,61,6
314,中央防波堤入口,東京港臨海道路×中防大橋,R4/11,東京湾岸,C 東京湾,10.新木場,18,0,9,9,2,20,2
314,中央防波堤入口,東京港臨海道路×中防大橋,R4/11,東京湾岸,C 東京湾,10.新木場,12時間計,2,745,84,57,888,13
314,中央防波堤入口,東京港臨海道路×中防大橋,R4/11,東京湾岸,C 東京湾,流入計,7,2,124,15,11,152,2
314,中央防波堤入口,東京港臨海道路×中防大橋,R4/11,東京湾岸,C 東京湾,流入計,8,0,285,29,30,344,1
314,中央防波堤入口,東京港臨海道路×中防大橋,R4/11,東京湾岸,C 東京湾,流入計,9,3,361,23,34,421,2
314,中央防波堤入口,東京港臨海道路×中防大橋,R4/11,東京湾岸,C 東京湾,流入計,10,2,355,18,28,403,0
314,中央防波堤入口,東京港臨海道路×中防大橋,R4/11,東京湾岸,C 東京湾,流入計,11,4,379,31,19,433,0
314,中央防波堤入口,東京港臨海道路×中防大橋,R4/11,東京湾岸,C 東京湾,流入計,12,1,273,23,27,324,3
314,中央防波堤入口,東京港臨海道路×中防大橋,R4/11,東京湾岸,C 東京湾,流入計,13,0,342,16,36,394,3
314,中央防波堤入口,東京港臨海道路×中防大橋,R4/11,東京湾岸,C 東京湾,流入計,14,5,419,19,43,486,3
314,中央防波堤入口,東京港臨海道路×中防大橋,R4/11,東京湾岸,C 東京湾,流入計,15,0,413,28,33,474,3
314,中央防波堤入口,東京港臨海道路×中防大橋,R4/11,東京湾岸,C 東京湾,流入計,16,1,359,63,46,469,5
314,中央防波堤入口,東京港臨海道路×中防大橋,R4/11,東京湾岸,C 東京湾,流入計,17,1,322,59,34,416,10
314,中央防波堤入口,東京港臨海道路×中防大橋,R4/11,東京湾岸,C 東京湾,流入計,18,1,78,43,13,135,7
314,中央防波堤入口,東京港臨海道路×中防大橋,R4/11,東京湾岸,C 東京湾,流入計,12時間計,20,3710,367,354,4451,39
314,中央防波堤入口,東京港臨海道路×中防大橋,R4/11,東京湾岸,D 新木場,11.東京湾,7,0,15,8,0,23,3
314,中央防波堤入口,東京港臨海道路×中防大橋,R4/11,東京湾岸,D 新木場,11.東京湾,8,0,47,5,2,54,1
314,中央防波堤入口,東京港臨海道路×中防大橋,R4/11,東京湾岸,D 新木場,11.東京湾,9,3,92,4,1,100,2
314,中央防波堤入口,東京港臨海道路×中防大橋,R4/11,東京湾岸,D 新木場,11.東京湾,10,0,92,0,4,96,0
314,中央防波堤入口,東京港臨海道路×中防大橋,R4/11,東京湾岸,D 新木場,11.東京湾,11,0,131,1,1,133,1
314,中央防波堤入口,東京港臨海道路×中防大橋,R4/11,東京湾岸,D 新木場,11.東京湾,12,0,123,2,1,126,0
314,中央防波堤入口,東京港臨海道路×中防大橋,R4/11,東京湾岸,D 新木場,11.東京湾,13,0,110,3,0,113,0
314,中央防波堤入口,東京港臨海道路×中防大橋,R4/11,東京湾岸,D 新木場,11.東京湾,14,0,146,2,0,148,0
314,中央防波堤入口,東京港臨海道路×中防大橋,R4/11,東京湾岸,D 新木場,11.東京湾,15,1,165,0,2,168,2
314,中央防波堤入口,東京港臨海道路×中防大橋,R4/11,東京湾岸,D 新木場,11.東京湾,16,0,94,4,0,98,3
314,中央防波堤入口,東京港臨海道路×中防大橋,R4/11,東京湾岸,D 新木場,11.東京湾,17,0,61,0,1,62,0
314,中央防波堤入口,東京港臨海道路×中防大橋,R4/11,東京湾岸,D 新木場,11.東京湾,18,0,44,0,2,46,0
314,中央防波堤入口,東京港臨海道路×中防大橋,R4/11,東京湾岸,D 新木場,11.東京湾,12時間計,4,1120,29,14,1167,12
314,中央防波堤入口,東京港臨海道路×中防大橋,R4/11,東京湾岸,D 新木場,12.城南島,7,0,0,0,0,0,0
314,中央防波堤入口,東京港臨海道路×中防大橋,R4/11,東京湾岸,D 新木場,12.城南島,8,0,0,0,0,0,0
314,中央防波堤入口,東京港臨海道路×中防大橋,R4/11,東京湾岸,D 新木場,12.城南島,9,0,0,0,0,0,0
314,中央防波堤入口,東京港臨海道路×中防大橋,R4/11,東京湾岸,D 新木場,12.城南島,10,0,0,0,0,0,0
314,中央防波堤入口,東京港臨海道路×中防大橋,R4/11,東京湾岸,D 新木場,12.城南島,11,0,0,0,0,0,0
314,中央防波堤入口,東京港臨海道路×中防大橋,R4/11,東京湾岸,D 新木場,12.城南島,12,0,0,0,0,0,0
314,中央防波堤入口,東京港臨海道路×中防大橋,R4/11,東京湾岸,D 新木場,12.城南島,13,0,0,0,0,0,0
314,中央防波堤入口,東京港臨海道路×中防大橋,R4/11,東京湾岸,D 新木場,12.城南島,14,0,0,0,0,0,0
314,中央防波堤入口,東京港臨海道路×中防大橋,R4/11,東京湾岸,D 新木場,12.城南島,15,0,0,0,0,0,0
314,中央防波堤入口,東京港臨海道路×中防大橋,R4/11,東京湾岸,D 新木場,12.城南島,16,0,0,0,0,0,0
314,中央防波堤入口,東京港臨海道路×中防大橋,R4/11,東京湾岸,D 新木場,12.城南島,17,0,0,0,0,0,0
314,中央防波堤入口,東京港臨海道路×中防大橋,R4/11,東京湾岸,D 新木場,12.城南島,18,0,1,0,0,1,0
314,中央防波堤入口,東京港臨海道路×中防大橋,R4/11,東京湾岸,D 新木場,12.城南島,12時間計,0,1,0,0,1,0
314,中央防波堤入口,東京港臨海道路×中防大橋,R4/11,東京湾岸,D 新木場,13.台場,7,0,20,11,6,37,0
314,中央防波堤入口,東京港臨海道路×中防大橋,R4/11,東京湾岸,D 新木場,13.台場,8,0,56,6,12,74,2
314,中央防波堤入口,東京港臨海道路×中防大橋,R4/11,東京湾岸,D 新木場,13.台場,9,1,91,7,13,112,0
314,中央防波堤入口,東京港臨海道路×中防大橋,R4/11,東京湾岸,D 新木場,13.台場,10,0,75,7,9,91,1
314,中央防波堤入口,東京港臨海道路×中防大橋,R4/11,東京湾岸,D 新木場,13.台場,11,0,62,3,16,81,0
314,中央防波堤入口,東京港臨海道路×中防大橋,R4/11,東京湾岸,D 新木場,13.台場,12,0,61,4,6,71,2
314,中央防波堤入口,東京港臨海道路×中防大橋,R4/11,東京湾岸,D 新木場,13.台場,13,1,85,5,7,98,0
314,中央防波堤入口,東京港臨海道路×中防大橋,R4/11,東京湾岸,D 新木場,13.台場,14,0,86,9,9,104,1
314,中央防波堤入口,東京港臨海道路×中防大橋,R4/11,東京湾岸,D 新木場,13.台場,15,0,105,3,7,115,2
314,中央防波堤入口,東京港臨海道路×中防大橋,R4/11,東京湾岸,D 新木場,13.台場,16,0,48,2,11,61,0
314,中央防波堤入口,東京港臨海道路×中防大橋,R4/11,東京湾岸,D 新木場,13.台場,17,0,20,4,6,30,1
314,中央防波堤入口,東京港臨海道路×中防大橋,R4/11,東京湾岸,D 新木場,13.台場,18,0,19,2,2,23,0
314,中央防波堤入口,東京港臨海道路×中防大橋,R4/11,東京湾岸,D 新木場,13.台場,12時間計,2,728,63,104,897,9
314,中央防波堤入口,東京港臨海道路×中防大橋,R4/11,東京湾岸,D 新木場,14.城南島,7,3,200,452,388,1043,68
314,中央防波堤入口,東京港臨海道路×中防大橋,R4/11,東京湾岸,D 新木場,14.城南島,8,4,209,302,350,865,45
314,中央防波堤入口,東京港臨海道路×中防大橋,R4/11,東京湾岸,D 新木場,14.城南島,9,1,290,152,249,692,17
314,中央防波堤入口,東京港臨海道路×中防大橋,R4/11,東京湾岸,D 新木場,14.城南島,10,2,327,160,251,740,12
314,中央防波堤入口,東京港臨海道路×中防大橋,R4/11,東京湾岸,D 新木場,14.城南島,11,1,314,141,274,730,13
314,中央防波堤入口,東京港臨海道路×中防大橋,R4/11,東京湾岸,D 新木場,14.城南島,12,2,204,113,228,547,8
314,中央防波堤入口,東京港臨海道路×中防大橋,R4/11,東京湾岸,D 新木場,14.城南島,13,0,215,99,185,499,8
314,中央防波堤入口,東京港臨海道路×中防大橋,R4/11,東京湾岸,D 新木場,14.城南島,14,0,209,92,187,488,11
314,中央防波堤入口,東京港臨海道路×中防大橋,R4/11,東京湾岸,D 新木場,14.城南島,15,1,194,101,126,422,12
314,中央防波堤入口,東京港臨海道路×中防大橋,R4/11,東京湾岸,D 新木場,14.城南島,16,2,116,124,137,379,12
314,中央防波堤入口,東京港臨海道路×中防大橋,R4/11,東京湾岸,D 新木場,14.城南島,17,1,110,185,138,434,15
314,中央防波堤入口,東京港臨海道路×中防大橋,R4/11,東京湾岸,D 新木場,14.城南島,18,1,87,181,118,387,29
314,中央防波堤入口,東京港臨海道路×中防大橋,R4/11,東京湾岸,D 新木場,14.城南島,12時間計,18,2475,2102,2631,7226,250
314,中央防波堤入口,東京港臨海道路×中防大橋,R4/11,東京湾岸,D 新木場,流入計,7,3,235,471,394,1103,71
314,中央防波堤入口,東京港臨海道路×中防大橋,R4/11,東京湾岸,D 新木場,流入計,8,4,312,313,364,993,48
314,中央防波堤入口,東京港臨海道路×中防大橋,R4/11,東京湾岸,D 新木場,流入計,9,5,473,163,263,904,19
314,中央防波堤入口,東京港臨海道路×中防大橋,R4/11,東京湾岸,D 新木場,流入計,10,2,494,167,264,927,13
314,中央防波堤入口,東京港臨海道路×中防大橋,R4/11,東京湾岸,D 新木場,流入計,11,1,507,145,291,944,14
314,中央防波堤入口,東京港臨海道路×中防大橋,R4/11,東京湾岸,D 新木場,流入計,12,2,388,119,235,744,10
314,中央防波堤入口,東京港臨海道路×中防大橋,R4/11,東京湾岸,D 新木場,流入計,13,1,410,107,192,710,8
314,中央防波堤入口,東京港臨海道路×中防大橋,R4/11,東京湾岸,D 新木場,流入計,14,0,441,103,196,740,12
314,中央防波堤入口,東京港臨海道路×中防大橋,R4/11,東京湾岸,D 新木場,流入計,15,2,464,104,135,705,16
314,中央防波堤入口,東京港臨海道路×中防大橋,R4/11,東京湾岸,D 新木場,流入計,16,2,258,130,148,538,15
314,中央防波堤入口,東京港臨海道路×中防大橋,R4/11,東京湾岸,D 新木場,流入計,17,1,191,189,145,526,16
314,中央防波堤入口,東京港臨海道路×中防大橋,R4/11,東京湾岸,D 新木場,流入計,18,1,151,183,122,457,29
314,中央防波堤入口,東京港臨海道路×中防大橋,R4/11,東京湾岸,D 新木場,流入計,12時間計,24,4324,2194,2749,9291,271
