﻿地点番号,地点名,交差道路名,調査年月,管轄警察署,流入方向,流出方向,時間帯等,車道通行自転車,歩道通行自転車,自転車計
16,新宿４,明治通り×甲州街道,R4/11,四谷,A 池袋,1四谷見附,7,2,-,-
16,新宿４,明治通り×甲州街道,R4/11,四谷,A 池袋,1四谷見附,8,2,-,-
16,新宿４,明治通り×甲州街道,R4/11,四谷,A 池袋,1四谷見附,9,2,-,-
16,新宿４,明治通り×甲州街道,R4/11,四谷,A 池袋,1四谷見附,10,2,-,-
16,新宿４,明治通り×甲州街道,R4/11,四谷,A 池袋,1四谷見附,11,5,-,-
16,新宿４,明治通り×甲州街道,R4/11,四谷,A 池袋,1四谷見附,12,0,-,-
16,新宿４,明治通り×甲州街道,R4/11,四谷,A 池袋,1四谷見附,13,0,-,-
16,新宿４,明治通り×甲州街道,R4/11,四谷,A 池袋,1四谷見附,14,0,-,-
16,新宿４,明治通り×甲州街道,R4/11,四谷,A 池袋,1四谷見附,15,0,-,-
16,新宿４,明治通り×甲州街道,R4/11,四谷,A 池袋,1四谷見附,16,0,-,-
16,新宿４,明治通り×甲州街道,R4/11,四谷,A 池袋,1四谷見附,17,1,-,-
16,新宿４,明治通り×甲州街道,R4/11,四谷,A 池袋,1四谷見附,18,2,-,-
16,新宿４,明治通り×甲州街道,R4/11,四谷,A 池袋,1四谷見附,12時間計,16,-,-
16,新宿４,明治通り×甲州街道,R4/11,四谷,A 池袋,2青山,7,26,-,-
16,新宿４,明治通り×甲州街道,R4/11,四谷,A 池袋,2青山,8,29,-,-
16,新宿４,明治通り×甲州街道,R4/11,四谷,A 池袋,2青山,9,40,-,-
16,新宿４,明治通り×甲州街道,R4/11,四谷,A 池袋,2青山,10,26,-,-
16,新宿４,明治通り×甲州街道,R4/11,四谷,A 池袋,2青山,11,31,-,-
16,新宿４,明治通り×甲州街道,R4/11,四谷,A 池袋,2青山,12,39,-,-
16,新宿４,明治通り×甲州街道,R4/11,四谷,A 池袋,2青山,13,45,-,-
16,新宿４,明治通り×甲州街道,R4/11,四谷,A 池袋,2青山,14,27,-,-
16,新宿４,明治通り×甲州街道,R4/11,四谷,A 池袋,2青山,15,44,-,-
16,新宿４,明治通り×甲州街道,R4/11,四谷,A 池袋,2青山,16,34,-,-
16,新宿４,明治通り×甲州街道,R4/11,四谷,A 池袋,2青山,17,33,-,-
16,新宿４,明治通り×甲州街道,R4/11,四谷,A 池袋,2青山,18,41,-,-
16,新宿４,明治通り×甲州街道,R4/11,四谷,A 池袋,2青山,12時間計,415,-,-
16,新宿４,明治通り×甲州街道,R4/11,四谷,A 池袋,3新宿駅,7,0,-,-
16,新宿４,明治通り×甲州街道,R4/11,四谷,A 池袋,3新宿駅,8,1,-,-
16,新宿４,明治通り×甲州街道,R4/11,四谷,A 池袋,3新宿駅,9,0,-,-
16,新宿４,明治通り×甲州街道,R4/11,四谷,A 池袋,3新宿駅,10,4,-,-
16,新宿４,明治通り×甲州街道,R4/11,四谷,A 池袋,3新宿駅,11,2,-,-
16,新宿４,明治通り×甲州街道,R4/11,四谷,A 池袋,3新宿駅,12,0,-,-
16,新宿４,明治通り×甲州街道,R4/11,四谷,A 池袋,3新宿駅,13,2,-,-
16,新宿４,明治通り×甲州街道,R4/11,四谷,A 池袋,3新宿駅,14,0,-,-
16,新宿４,明治通り×甲州街道,R4/11,四谷,A 池袋,3新宿駅,15,0,-,-
16,新宿４,明治通り×甲州街道,R4/11,四谷,A 池袋,3新宿駅,16,0,-,-
16,新宿４,明治通り×甲州街道,R4/11,四谷,A 池袋,3新宿駅,17,2,-,-
16,新宿４,明治通り×甲州街道,R4/11,四谷,A 池袋,3新宿駅,18,1,-,-
16,新宿４,明治通り×甲州街道,R4/11,四谷,A 池袋,3新宿駅,12時間計,12,-,-
16,新宿４,明治通り×甲州街道,R4/11,四谷,A 池袋,流入計,7,28,16,44
16,新宿４,明治通り×甲州街道,R4/11,四谷,A 池袋,流入計,8,32,10,42
16,新宿４,明治通り×甲州街道,R4/11,四谷,A 池袋,流入計,9,42,16,58
16,新宿４,明治通り×甲州街道,R4/11,四谷,A 池袋,流入計,10,32,9,41
16,新宿４,明治通り×甲州街道,R4/11,四谷,A 池袋,流入計,11,38,9,47
16,新宿４,明治通り×甲州街道,R4/11,四谷,A 池袋,流入計,12,39,11,50
16,新宿４,明治通り×甲州街道,R4/11,四谷,A 池袋,流入計,13,47,5,52
16,新宿４,明治通り×甲州街道,R4/11,四谷,A 池袋,流入計,14,27,7,34
16,新宿４,明治通り×甲州街道,R4/11,四谷,A 池袋,流入計,15,44,7,51
16,新宿４,明治通り×甲州街道,R4/11,四谷,A 池袋,流入計,16,34,7,41
16,新宿４,明治通り×甲州街道,R4/11,四谷,A 池袋,流入計,17,36,8,44
16,新宿４,明治通り×甲州街道,R4/11,四谷,A 池袋,流入計,18,44,10,54
16,新宿４,明治通り×甲州街道,R4/11,四谷,A 池袋,流入計,12時間計,443,115,558
16,新宿４,明治通り×甲州街道,R4/11,四谷,B 新宿駅,4池袋,7,4,-,-
16,新宿４,明治通り×甲州街道,R4/11,四谷,B 新宿駅,4池袋,8,7,-,-
16,新宿４,明治通り×甲州街道,R4/11,四谷,B 新宿駅,4池袋,9,10,-,-
16,新宿４,明治通り×甲州街道,R4/11,四谷,B 新宿駅,4池袋,10,2,-,-
16,新宿４,明治通り×甲州街道,R4/11,四谷,B 新宿駅,4池袋,11,4,-,-
16,新宿４,明治通り×甲州街道,R4/11,四谷,B 新宿駅,4池袋,12,3,-,-
16,新宿４,明治通り×甲州街道,R4/11,四谷,B 新宿駅,4池袋,13,5,-,-
16,新宿４,明治通り×甲州街道,R4/11,四谷,B 新宿駅,4池袋,14,5,-,-
16,新宿４,明治通り×甲州街道,R4/11,四谷,B 新宿駅,4池袋,15,4,-,-
16,新宿４,明治通り×甲州街道,R4/11,四谷,B 新宿駅,4池袋,16,3,-,-
16,新宿４,明治通り×甲州街道,R4/11,四谷,B 新宿駅,4池袋,17,9,-,-
16,新宿４,明治通り×甲州街道,R4/11,四谷,B 新宿駅,4池袋,18,3,-,-
16,新宿４,明治通り×甲州街道,R4/11,四谷,B 新宿駅,4池袋,12時間計,59,-,-
16,新宿４,明治通り×甲州街道,R4/11,四谷,B 新宿駅,5四谷見附,7,40,-,-
16,新宿４,明治通り×甲州街道,R4/11,四谷,B 新宿駅,5四谷見附,8,30,-,-
16,新宿４,明治通り×甲州街道,R4/11,四谷,B 新宿駅,5四谷見附,9,23,-,-
16,新宿４,明治通り×甲州街道,R4/11,四谷,B 新宿駅,5四谷見附,10,64,-,-
16,新宿４,明治通り×甲州街道,R4/11,四谷,B 新宿駅,5四谷見附,11,55,-,-
16,新宿４,明治通り×甲州街道,R4/11,四谷,B 新宿駅,5四谷見附,12,61,-,-
16,新宿４,明治通り×甲州街道,R4/11,四谷,B 新宿駅,5四谷見附,13,49,-,-
16,新宿４,明治通り×甲州街道,R4/11,四谷,B 新宿駅,5四谷見附,14,42,-,-
16,新宿４,明治通り×甲州街道,R4/11,四谷,B 新宿駅,5四谷見附,15,57,-,-
16,新宿４,明治通り×甲州街道,R4/11,四谷,B 新宿駅,5四谷見附,16,51,-,-
16,新宿４,明治通り×甲州街道,R4/11,四谷,B 新宿駅,5四谷見附,17,59,-,-
16,新宿４,明治通り×甲州街道,R4/11,四谷,B 新宿駅,5四谷見附,18,66,-,-
16,新宿４,明治通り×甲州街道,R4/11,四谷,B 新宿駅,5四谷見附,12時間計,597,-,-
16,新宿４,明治通り×甲州街道,R4/11,四谷,B 新宿駅,6青山,7,0,-,-
16,新宿４,明治通り×甲州街道,R4/11,四谷,B 新宿駅,6青山,8,0,-,-
16,新宿４,明治通り×甲州街道,R4/11,四谷,B 新宿駅,6青山,9,0,-,-
16,新宿４,明治通り×甲州街道,R4/11,四谷,B 新宿駅,6青山,10,0,-,-
16,新宿４,明治通り×甲州街道,R4/11,四谷,B 新宿駅,6青山,11,0,-,-
16,新宿４,明治通り×甲州街道,R4/11,四谷,B 新宿駅,6青山,12,0,-,-
16,新宿４,明治通り×甲州街道,R4/11,四谷,B 新宿駅,6青山,13,0,-,-
16,新宿４,明治通り×甲州街道,R4/11,四谷,B 新宿駅,6青山,14,1,-,-
16,新宿４,明治通り×甲州街道,R4/11,四谷,B 新宿駅,6青山,15,0,-,-
16,新宿４,明治通り×甲州街道,R4/11,四谷,B 新宿駅,6青山,16,0,-,-
16,新宿４,明治通り×甲州街道,R4/11,四谷,B 新宿駅,6青山,17,0,-,-
16,新宿４,明治通り×甲州街道,R4/11,四谷,B 新宿駅,6青山,18,0,-,-
16,新宿４,明治通り×甲州街道,R4/11,四谷,B 新宿駅,6青山,12時間計,1,-,-
16,新宿４,明治通り×甲州街道,R4/11,四谷,B 新宿駅,流入計,7,44,6,50
16,新宿４,明治通り×甲州街道,R4/11,四谷,B 新宿駅,流入計,8,37,12,49
16,新宿４,明治通り×甲州街道,R4/11,四谷,B 新宿駅,流入計,9,33,30,63
16,新宿４,明治通り×甲州街道,R4/11,四谷,B 新宿駅,流入計,10,66,41,107
16,新宿４,明治通り×甲州街道,R4/11,四谷,B 新宿駅,流入計,11,59,26,85
16,新宿４,明治通り×甲州街道,R4/11,四谷,B 新宿駅,流入計,12,64,21,85
16,新宿４,明治通り×甲州街道,R4/11,四谷,B 新宿駅,流入計,13,54,8,62
16,新宿４,明治通り×甲州街道,R4/11,四谷,B 新宿駅,流入計,14,48,14,62
16,新宿４,明治通り×甲州街道,R4/11,四谷,B 新宿駅,流入計,15,61,19,80
16,新宿４,明治通り×甲州街道,R4/11,四谷,B 新宿駅,流入計,16,54,46,100
16,新宿４,明治通り×甲州街道,R4/11,四谷,B 新宿駅,流入計,17,68,27,95
16,新宿４,明治通り×甲州街道,R4/11,四谷,B 新宿駅,流入計,18,69,16,85
16,新宿４,明治通り×甲州街道,R4/11,四谷,B 新宿駅,流入計,12時間計,657,266,923
16,新宿４,明治通り×甲州街道,R4/11,四谷,C 青山,7新宿駅,7,0,-,-
16,新宿４,明治通り×甲州街道,R4/11,四谷,C 青山,7新宿駅,8,0,-,-
16,新宿４,明治通り×甲州街道,R4/11,四谷,C 青山,7新宿駅,9,0,-,-
16,新宿４,明治通り×甲州街道,R4/11,四谷,C 青山,7新宿駅,10,2,-,-
16,新宿４,明治通り×甲州街道,R4/11,四谷,C 青山,7新宿駅,11,1,-,-
16,新宿４,明治通り×甲州街道,R4/11,四谷,C 青山,7新宿駅,12,0,-,-
16,新宿４,明治通り×甲州街道,R4/11,四谷,C 青山,7新宿駅,13,1,-,-
16,新宿４,明治通り×甲州街道,R4/11,四谷,C 青山,7新宿駅,14,3,-,-
16,新宿４,明治通り×甲州街道,R4/11,四谷,C 青山,7新宿駅,15,0,-,-
16,新宿４,明治通り×甲州街道,R4/11,四谷,C 青山,7新宿駅,16,2,-,-
16,新宿４,明治通り×甲州街道,R4/11,四谷,C 青山,7新宿駅,17,1,-,-
16,新宿４,明治通り×甲州街道,R4/11,四谷,C 青山,7新宿駅,18,15,-,-
16,新宿４,明治通り×甲州街道,R4/11,四谷,C 青山,7新宿駅,12時間計,25,-,-
16,新宿４,明治通り×甲州街道,R4/11,四谷,C 青山,8池袋,7,2,-,-
16,新宿４,明治通り×甲州街道,R4/11,四谷,C 青山,8池袋,8,22,-,-
16,新宿４,明治通り×甲州街道,R4/11,四谷,C 青山,8池袋,9,23,-,-
16,新宿４,明治通り×甲州街道,R4/11,四谷,C 青山,8池袋,10,13,-,-
16,新宿４,明治通り×甲州街道,R4/11,四谷,C 青山,8池袋,11,12,-,-
16,新宿４,明治通り×甲州街道,R4/11,四谷,C 青山,8池袋,12,26,-,-
16,新宿４,明治通り×甲州街道,R4/11,四谷,C 青山,8池袋,13,21,-,-
16,新宿４,明治通り×甲州街道,R4/11,四谷,C 青山,8池袋,14,29,-,-
16,新宿４,明治通り×甲州街道,R4/11,四谷,C 青山,8池袋,15,11,-,-
16,新宿４,明治通り×甲州街道,R4/11,四谷,C 青山,8池袋,16,9,-,-
16,新宿４,明治通り×甲州街道,R4/11,四谷,C 青山,8池袋,17,31,-,-
16,新宿４,明治通り×甲州街道,R4/11,四谷,C 青山,8池袋,18,59,-,-
16,新宿４,明治通り×甲州街道,R4/11,四谷,C 青山,8池袋,12時間計,258,-,-
16,新宿４,明治通り×甲州街道,R4/11,四谷,C 青山,9四谷見附,7,0,-,-
16,新宿４,明治通り×甲州街道,R4/11,四谷,C 青山,9四谷見附,8,0,-,-
16,新宿４,明治通り×甲州街道,R4/11,四谷,C 青山,9四谷見附,9,0,-,-
16,新宿４,明治通り×甲州街道,R4/11,四谷,C 青山,9四谷見附,10,0,-,-
16,新宿４,明治通り×甲州街道,R4/11,四谷,C 青山,9四谷見附,11,0,-,-
16,新宿４,明治通り×甲州街道,R4/11,四谷,C 青山,9四谷見附,12,0,-,-
16,新宿４,明治通り×甲州街道,R4/11,四谷,C 青山,9四谷見附,13,0,-,-
16,新宿４,明治通り×甲州街道,R4/11,四谷,C 青山,9四谷見附,14,0,-,-
16,新宿４,明治通り×甲州街道,R4/11,四谷,C 青山,9四谷見附,15,0,-,-
16,新宿４,明治通り×甲州街道,R4/11,四谷,C 青山,9四谷見附,16,0,-,-
16,新宿４,明治通り×甲州街道,R4/11,四谷,C 青山,9四谷見附,17,0,-,-
16,新宿４,明治通り×甲州街道,R4/11,四谷,C 青山,9四谷見附,18,0,-,-
16,新宿４,明治通り×甲州街道,R4/11,四谷,C 青山,9四谷見附,12時間計,0,-,-
16,新宿４,明治通り×甲州街道,R4/11,四谷,C 青山,流入計,7,2,6,8
16,新宿４,明治通り×甲州街道,R4/11,四谷,C 青山,流入計,8,22,7,29
16,新宿４,明治通り×甲州街道,R4/11,四谷,C 青山,流入計,9,23,9,32
16,新宿４,明治通り×甲州街道,R4/11,四谷,C 青山,流入計,10,15,14,29
16,新宿４,明治通り×甲州街道,R4/11,四谷,C 青山,流入計,11,13,12,25
16,新宿４,明治通り×甲州街道,R4/11,四谷,C 青山,流入計,12,26,16,42
16,新宿４,明治通り×甲州街道,R4/11,四谷,C 青山,流入計,13,22,33,55
16,新宿４,明治通り×甲州街道,R4/11,四谷,C 青山,流入計,14,32,28,60
16,新宿４,明治通り×甲州街道,R4/11,四谷,C 青山,流入計,15,11,18,29
16,新宿４,明治通り×甲州街道,R4/11,四谷,C 青山,流入計,16,11,4,15
16,新宿４,明治通り×甲州街道,R4/11,四谷,C 青山,流入計,17,32,3,35
16,新宿４,明治通り×甲州街道,R4/11,四谷,C 青山,流入計,18,74,25,99
16,新宿４,明治通り×甲州街道,R4/11,四谷,C 青山,流入計,12時間計,283,175,458
16,新宿４,明治通り×甲州街道,R4/11,四谷,D 四谷見附,10青山,7,2,-,-
16,新宿４,明治通り×甲州街道,R4/11,四谷,D 四谷見附,10青山,8,1,-,-
16,新宿４,明治通り×甲州街道,R4/11,四谷,D 四谷見附,10青山,9,2,-,-
16,新宿４,明治通り×甲州街道,R4/11,四谷,D 四谷見附,10青山,10,5,-,-
16,新宿４,明治通り×甲州街道,R4/11,四谷,D 四谷見附,10青山,11,5,-,-
16,新宿４,明治通り×甲州街道,R4/11,四谷,D 四谷見附,10青山,12,4,-,-
16,新宿４,明治通り×甲州街道,R4/11,四谷,D 四谷見附,10青山,13,2,-,-
16,新宿４,明治通り×甲州街道,R4/11,四谷,D 四谷見附,10青山,14,4,-,-
16,新宿４,明治通り×甲州街道,R4/11,四谷,D 四谷見附,10青山,15,4,-,-
16,新宿４,明治通り×甲州街道,R4/11,四谷,D 四谷見附,10青山,16,2,-,-
16,新宿４,明治通り×甲州街道,R4/11,四谷,D 四谷見附,10青山,17,2,-,-
16,新宿４,明治通り×甲州街道,R4/11,四谷,D 四谷見附,10青山,18,3,-,-
16,新宿４,明治通り×甲州街道,R4/11,四谷,D 四谷見附,10青山,12時間計,36,-,-
16,新宿４,明治通り×甲州街道,R4/11,四谷,D 四谷見附,11新宿駅,7,4,-,-
16,新宿４,明治通り×甲州街道,R4/11,四谷,D 四谷見附,11新宿駅,8,12,-,-
16,新宿４,明治通り×甲州街道,R4/11,四谷,D 四谷見附,11新宿駅,9,9,-,-
16,新宿４,明治通り×甲州街道,R4/11,四谷,D 四谷見附,11新宿駅,10,11,-,-
16,新宿４,明治通り×甲州街道,R4/11,四谷,D 四谷見附,11新宿駅,11,18,-,-
16,新宿４,明治通り×甲州街道,R4/11,四谷,D 四谷見附,11新宿駅,12,17,-,-
16,新宿４,明治通り×甲州街道,R4/11,四谷,D 四谷見附,11新宿駅,13,15,-,-
16,新宿４,明治通り×甲州街道,R4/11,四谷,D 四谷見附,11新宿駅,14,8,-,-
16,新宿４,明治通り×甲州街道,R4/11,四谷,D 四谷見附,11新宿駅,15,14,-,-
16,新宿４,明治通り×甲州街道,R4/11,四谷,D 四谷見附,11新宿駅,16,34,-,-
16,新宿４,明治通り×甲州街道,R4/11,四谷,D 四谷見附,11新宿駅,17,43,-,-
16,新宿４,明治通り×甲州街道,R4/11,四谷,D 四谷見附,11新宿駅,18,43,-,-
16,新宿４,明治通り×甲州街道,R4/11,四谷,D 四谷見附,11新宿駅,12時間計,228,-,-
16,新宿４,明治通り×甲州街道,R4/11,四谷,D 四谷見附,12池袋,7,0,-,-
16,新宿４,明治通り×甲州街道,R4/11,四谷,D 四谷見附,12池袋,8,0,-,-
16,新宿４,明治通り×甲州街道,R4/11,四谷,D 四谷見附,12池袋,9,0,-,-
16,新宿４,明治通り×甲州街道,R4/11,四谷,D 四谷見附,12池袋,10,0,-,-
16,新宿４,明治通り×甲州街道,R4/11,四谷,D 四谷見附,12池袋,11,0,-,-
16,新宿４,明治通り×甲州街道,R4/11,四谷,D 四谷見附,12池袋,12,0,-,-
16,新宿４,明治通り×甲州街道,R4/11,四谷,D 四谷見附,12池袋,13,0,-,-
16,新宿４,明治通り×甲州街道,R4/11,四谷,D 四谷見附,12池袋,14,0,-,-
16,新宿４,明治通り×甲州街道,R4/11,四谷,D 四谷見附,12池袋,15,0,-,-
16,新宿４,明治通り×甲州街道,R4/11,四谷,D 四谷見附,12池袋,16,0,-,-
16,新宿４,明治通り×甲州街道,R4/11,四谷,D 四谷見附,12池袋,17,0,-,-
16,新宿４,明治通り×甲州街道,R4/11,四谷,D 四谷見附,12池袋,18,0,-,-
16,新宿４,明治通り×甲州街道,R4/11,四谷,D 四谷見附,12池袋,12時間計,0,-,-
16,新宿４,明治通り×甲州街道,R4/11,四谷,D 四谷見附,流入計,7,6,24,30
16,新宿４,明治通り×甲州街道,R4/11,四谷,D 四谷見附,流入計,8,13,35,48
16,新宿４,明治通り×甲州街道,R4/11,四谷,D 四谷見附,流入計,9,11,57,68
16,新宿４,明治通り×甲州街道,R4/11,四谷,D 四谷見附,流入計,10,16,65,81
16,新宿４,明治通り×甲州街道,R4/11,四谷,D 四谷見附,流入計,11,23,43,66
16,新宿４,明治通り×甲州街道,R4/11,四谷,D 四谷見附,流入計,12,21,54,75
16,新宿４,明治通り×甲州街道,R4/11,四谷,D 四谷見附,流入計,13,17,51,68
16,新宿４,明治通り×甲州街道,R4/11,四谷,D 四谷見附,流入計,14,12,44,56
16,新宿４,明治通り×甲州街道,R4/11,四谷,D 四谷見附,流入計,15,18,57,75
16,新宿４,明治通り×甲州街道,R4/11,四谷,D 四谷見附,流入計,16,36,49,85
16,新宿４,明治通り×甲州街道,R4/11,四谷,D 四谷見附,流入計,17,45,32,77
16,新宿４,明治通り×甲州街道,R4/11,四谷,D 四谷見附,流入計,18,46,51,97
16,新宿４,明治通り×甲州街道,R4/11,四谷,D 四谷見附,流入計,12時間計,264,562,826
16,新宿４,明治通り×甲州街道,R4/11,四谷,全方向計,全方向計,7,80,52,132
16,新宿４,明治通り×甲州街道,R4/11,四谷,全方向計,全方向計,8,104,64,168
16,新宿４,明治通り×甲州街道,R4/11,四谷,全方向計,全方向計,9,109,112,221
16,新宿４,明治通り×甲州街道,R4/11,四谷,全方向計,全方向計,10,129,129,258
16,新宿４,明治通り×甲州街道,R4/11,四谷,全方向計,全方向計,11,133,90,223
16,新宿４,明治通り×甲州街道,R4/11,四谷,全方向計,全方向計,12,150,102,252
16,新宿４,明治通り×甲州街道,R4/11,四谷,全方向計,全方向計,13,140,97,237
16,新宿４,明治通り×甲州街道,R4/11,四谷,全方向計,全方向計,14,119,93,212
16,新宿４,明治通り×甲州街道,R4/11,四谷,全方向計,全方向計,15,134,101,235
16,新宿４,明治通り×甲州街道,R4/11,四谷,全方向計,全方向計,16,135,106,241
16,新宿４,明治通り×甲州街道,R4/11,四谷,全方向計,全方向計,17,181,70,251
16,新宿４,明治通り×甲州街道,R4/11,四谷,全方向計,全方向計,18,233,102,335
16,新宿４,明治通り×甲州街道,R4/11,四谷,全方向計,全方向計,12時間計,1647,1118,2765
