年月,西暦（年）,月,総合,持家の帰属家賃を除く総合,食料,食料／穀類,食料／魚介類,食料／魚介類／生鮮魚介,食料／肉類,食料／乳卵類,食料／野菜・海藻,食料／野菜・海藻／生鮮野菜,食料／果物,食料／果物／生鮮果物,食料／油脂・調味料,食料／菓子類,食料／調理食品,食料／飲料,食料／酒類,食料／外食,住居,住居／持家の帰属家賃を除く住居,住居／家賃,住居／家賃／持家の帰属家賃を除く家賃,住居／設備修繕・維持,光熱・水道,光熱・水道／電気代,光熱・水道／ガス代,光熱・水道／他の光熱,光熱・水道／上下水道料,家具・家事用品,家具・家事用品／家庭用耐久財,家具・家事用品／室内装備品,家具・家事用品／寝具類,家具・家事用品／家事雑貨,家具・家事用品／家事用消耗品,家具・家事用品／家事サービス,被服及び履物,被服及び履物／衣料,被服及び履物／衣料／和服,被服及び履物／衣料／洋服,被服及び履物／シャツ・セーター・下着類,被服及び履物／シャツ・セーター・下着類／シャツ・セーター類,被服及び履物／シャツ・セーター・下着類／下着類,被服及び履物／履物類,被服及び履物／他の被服類,被服及び履物／被服関連サービス,保健医療,保健医療／医薬品・健康保持用摂取品,保健医療／保健医療用品・器具,保健医療／保健医療サービス,交通・通信,交通・通信／交通,交通・通信／自動車等関係費,交通・通信／通信,教育,教育／授業料等,教育／教科書・学習参考教材,教育／補習教育,教養娯楽,教養娯楽／教養娯楽用耐久財,教養娯楽／教養娯楽用品,教養娯楽／書籍・他の印刷物,教養娯楽／教養娯楽サービス,諸雑費,諸雑費／理美容サービス,諸雑費／理美容用品,諸雑費／身の回り用品,諸雑費／たばこ,諸雑費／他の諸雑費,生鮮食品,生鮮食品を除く総合,生鮮食品を除く食料,教育関係費,教養娯楽関係費,エネルギー,食料（酒類を除く）及びエネルギーを除く総合,情報通信関係費,総合（季節調整済）,生鮮食品を除く総合（季節調整済）
ウエイト,,,10000,8059,2381,180,182,109,178,97,268,182,87,81,88,201,271,124,102,603,2644,703,2413,472,230,587,264,166,7,150,297,98,18,17,72,65,26,462,217,4,213,119,87,32,56,34,36,428,111,75,242,995,305,364,326,475,307,12,156,1183,154,189,142,698,548,125,133,90,42,158,372,9628,2008,546,1334,517,7204,403,     -,     -
品目数,,,588,587,231,14,31,16,10,8,46,30,19,18,19,16,20,14,9,25,21,20,4,3,17,6,1,2,1,2,53,15,4,5,14,11,4,65,28,2,26,20,13,7,6,7,4,27,12,10,5,44,14,23,7,16,11,2,3,82,11,32,7,32,43,6,20,8,2,7,64,524,167,30,82,5,361,7,     -,     -
年・年度平均指数／平成21年平均,2009,,101,101,100.4,103.3,102.3,101.1,102.9,100.1,94.1,90.2,94.3,93.6,101.4,101.2,102.9,102.7,101.5,100.1,100.8,100.7,100.7,100.4,101.5,102.2,103.2,103.9,91.6,100,104.4,108,104.4,102,101.8,105.2,100,101.5,101.5,100.8,101.6,101.2,100.7,102.8,102.9,103.1,100.2,100.5,100.9,104.8,99.3,99.8,100.5,98.7,100.6,105.1,107.9,99.2,98.3,101.5,124.2,103.1,99.8,100.2,99,100.1,101.3,101,91.2,98.1,94.3,101.2,101.7,104.3,101.5,101.1,101.1,100.4,-,-
年・年度平均指数／平成22年平均,2010,,100,100,100,100,100,100,100,100,100,100,100,100,100,100,100,100,100,100,100,100,100,100,100,100,100,100,100,100,100,100,100,100,100,100,100,100,100,100,100,100,100,100,100,100,100,100,100,100,100,100,100,100,100,100,100,100,100,100,100,100,100,100,100,100,100,100,100,100,100,100,100,100,100,100,100,100,-,-
年・年度平均指数／平成23年平均,2011,,99.5,99.5,99.3,98.6,101.2,102.2,100.3,100.3,95.8,94.5,99.6,99.7,98.5,99.1,100.2,98.9,97.3,100.1,99.5,99.4,99.6,99.8,98.6,102.7,103.7,103.1,115,100,94.4,85,99.8,100.6,99.1,97.8,99.9,100.4,100.2,95.8,100.2,101,102.8,96.1,101.2,99.6,99.8,99.4,97.8,99.6,100.1,100.6,101.2,101.6,99,100,99.3,100.1,101.5,96.6,70.6,96.9,100.3,101.6,102.8,100,98.7,98.3,126.2,104.9,97.9,99.6,99.5,100,97.3,104.6,99.2,99.9,-,-
年・年度平均指数／平成24年平均,2012,,99,99,98.6,100.3,99.9,100.3,98.7,96.8,94.7,93.7,100.5,100.5,95.8,97.8,100.6,97,94.7,100.1,98.8,98.8,98.9,99.2,97.8,109.1,113.9,109.2,118.7,100,88.9,69.8,99.2,101.2,100.3,94.7,99.9,100.2,99.7,95.2,99.7,100.4,102.7,93.9,102.4,99.3,100.2,99.1,95.9,99.1,100.5,100.5,101,102.2,98,100.3,99.6,101.8,101.6,94.2,58.6,94.4,100.8,100.6,102.2,99.8,96.7,97.7,126.2,105,97.1,99.1,98.8,100.3,95,112,98.2,99.3,-,-
年・年度平均指数／平成25年平均,2013,,99.1,99.2,98.2,99.4,98.7,97.8,99.9,95.9,95.3,95.2,99.9,99.8,95.2,97.5,99.4,94.7,93.5,100.4,98.3,98.3,98.4,98.7,97.5,115.4,125.3,112.9,127.7,100,86.7,64.8,95.9,99.7,99.6,94.1,99.8,99.8,99.7,93.6,99.8,99.2,101.5,92.8,101.9,98.6,100.2,98.5,94.8,96.8,100.6,100.9,100.9,104.3,97.2,100.5,99.8,104.4,101.8,93.3,55.2,92.9,101.1,100.2,103.2,99.9,96.2,101.3,126.2,106.6,97,99.2,98.5,100.5,94.2,119.9,97.8,98.9,-,-
年・年度平均指数／平成26年平均,2014,,101.4,102.2,101.5,98.6,108.2,108.9,106.4,100.3,97.1,97.2,104.6,104.8,97.9,101.1,103.1,95.1,95,102.9,98.1,98.9,97.9,98.3,100,121.7,134.4,118.7,133.6,101.9,89.6,68.9,94.6,102.8,102,97.5,100.6,101.6,101.9,93.9,102,101.4,102.9,97.3,100.4,100.9,102.7,99.2,95.9,97.8,101.2,103.3,104.8,106.6,98.4,102.8,101.1,106.7,105.9,96.8,58.6,97.4,103.5,103.7,107.1,101.9,97.9,108.9,130.3,111.8,102.3,101.3,101.3,102.7,97.5,127.5,99.3,100.4,-,-
年・年度平均指数／平成23年度平均,2011,,99.5,99.5,99.4,99.2,101.4,102.4,100.1,99.7,96.6,95.9,100.7,100.8,98.2,98.8,100.3,98.8,96.5,100.1,99.3,99.2,99.5,99.6,98.3,104.5,106.1,105.3,116.8,100,93.1,81.3,99.8,101.2,99.3,97.3,99.9,100.4,99.9,95.1,100,101.1,103,95.7,101.4,100.2,99.8,99.2,97.2,99.3,100.1,100.7,101.1,102,98.9,100.2,99.4,100.1,101.7,95.9,66.5,96.2,100.4,101.4,102.7,99.9,98.3,98.2,126.2,104.9,98.9,99.5,99.5,100.1,96.6,106.7,98.9,99.8,-,-
年・年度平均指数／平成24年度平均,2012,,98.8,98.8,98.1,100,98.9,98.9,98.4,96.3,93.2,91.9,98.7,98.5,95,97.5,100.4,96.4,94.4,100,98.8,98.7,98.9,99.1,97.8,110.2,116.5,108.9,120.9,100,87.7,66.6,98.5,100.5,100.3,94.2,99.9,99.9,99.6,95,99.7,99.9,102.2,93.4,101.9,98.6,100.2,99,95.5,99,100.6,100.4,100.9,102.4,97.5,100.3,99.6,102.4,101.6,93.7,56.3,93.9,101,100.4,102.1,99.8,96.2,97.8,126.2,105,95.4,98.9,98.6,100.3,94.5,113.4,97.9,99.1,-,-
年・年度平均指数／平成25年度平均,2013,,99.3,99.6,98.6,98.8,100.4,99.7,100.7,96.7,95.9,96.1,101.4,101.4,95.8,97.6,99.3,94.4,93.2,100.7,98.2,98.2,98.2,98.6,97.4,116.8,127.5,114.4,129.3,100,87.2,66.5,95.3,99.5,99.4,94.4,99.8,100,100.1,92.9,100.3,99.4,101.7,93.1,101.8,98.4,100.2,98.2,94.5,95.9,100.6,101.2,100.9,104.8,97.4,100.7,99.8,105.1,102.1,93.6,56.1,93.1,101.1,100.6,103.9,99.9,96.2,102.9,126.2,108.3,98.3,99.4,98.6,100.7,94.5,121.8,97.9,98.9,-,-
年・年度平均指数／平成26年度平均,2014,,101.9,102.9,102.4,98.4,110.2,111.3,108.5,100.6,97.6,97.7,106.4,106.5,98.2,102.5,104.2,95.2,95.6,103.8,98.1,99.1,97.9,98.2,101,123.5,136.7,121,128.7,102.7,89.6,67.7,94.9,103.8,102.9,98.2,100.2,102.1,102.5,94.3,102.6,101.7,102.7,99,100.4,102.8,103.6,99.7,96.6,98.7,101.5,103.7,106.3,106.2,98.5,103.4,101.5,107.2,106.9,97.6,58.3,98.5,104.4,104.7,107.8,102.6,98.5,110.5,131.6,112,103.6,101.8,102.2,103.3,98.3,128.7,99.7,100.7,-,-
前年（度）比（％）／平成21年平均,2009,,-1.2,-1.2,-0.5,0.2,-2.6,-4.6,-3.7,2.2,-1.8,-2.6,-4.9,-5.1,1.2,2.6,0.4,-3.6,-0.1,0.8,-0.5,-0.4,-0.6,-0.4,-0.6,-1.9,-2.5,-0.3,-31,0,-2.5,-5.7,-3.7,-2.3,-0.3,-0.3,-2.5,-1.6,-2,1.7,-2.2,-1.9,-2.1,-1.1,-1.1,-1.5,0.3,0.1,-1.9,-0.6,1.3,-2.6,-0.3,-6.1,-0.2,0.7,0.9,6.6,-0.2,-3.1,-23.2,-2.7,0.2,-2.2,-0.8,-0.3,-2.4,-2,0,0.2,-3.9,-1,0.2,0.8,-2.6,-6.2,-1,-0.2,-,-
前年（度）比（％）／平成22年平均,2010,,-1,-1,-0.4,-3.2,-2.3,-1.1,-2.8,-0.1,6.2,10.8,6,6.8,-1.4,-1.2,-2.8,-2.6,-1.5,-0.1,-0.8,-0.7,-0.7,-0.4,-1.5,-2.2,-3.1,-3.7,9.2,0,-4.2,-7.4,-4.2,-2,-1.7,-5,0,-1.5,-1.5,-0.8,-1.6,-1.2,-0.7,-2.7,-2.8,-3,-0.2,-0.5,-0.9,-4.6,0.7,0.2,-0.5,1.3,-0.6,-4.8,-7.3,0.8,1.7,-1.5,-19.5,-3,0.2,-0.2,1,-0.1,-1.3,-1,9.6,2,6,-1.2,-1.7,-4.2,-1.5,-1.1,-1.1,-0.4,-,-
前年（度）比（％）／平成23年平均,2011,,-0.5,-0.5,-0.7,-1.4,1.2,2.2,0.3,0.3,-4.2,-5.5,-0.4,-0.3,-1.5,-0.9,0.2,-1.1,-2.8,0.1,-0.5,-0.6,-0.4,-0.2,-1.4,2.7,3.7,3.1,15,0,-5.6,-15,-0.2,0.6,-0.9,-2.2,-0.1,0.4,0.2,-4.2,0.2,1,2.8,-4,1.2,-0.4,-0.2,-0.6,-2.2,-0.4,0.1,0.6,1.2,1.6,-1,0,-0.7,0.1,1.5,-3.4,-29.4,-3.1,0.3,1.6,2.8,0,-1.4,-1.7,26.2,4.9,-2.1,-0.4,-0.5,0,-2.7,4.6,-0.8,-0.1,-,-
前年（度）比（％）／平成24年平均,2012,,-0.5,-0.5,-0.7,1.7,-1.2,-1.8,-1.6,-3.5,-1.1,-0.8,0.9,0.8,-2.8,-1.3,0.4,-1.8,-2.6,0,-0.7,-0.6,-0.7,-0.5,-0.8,6.2,9.9,5.9,3.2,0,-5.8,-18,-0.6,0.6,1.2,-3.1,0,-0.2,-0.5,-0.6,-0.5,-0.7,-0.1,-2.2,1.3,-0.3,0.4,-0.3,-2,-0.5,0.4,-0.2,-0.1,0.6,-1,0.2,0.3,1.7,0.1,-2.6,-17,-2.5,0.6,-1,-0.6,-0.2,-2,-0.7,0,0.1,-0.8,-0.5,-0.7,0.3,-2.4,7.1,-1,-0.6,-,-
前年（度）比（％）／平成25年平均,2013,,0.1,0.2,-0.3,-0.9,-1.2,-2.5,1.3,-0.9,0.7,1.6,-0.6,-0.7,-0.6,-0.3,-1.2,-2.5,-1.3,0.4,-0.5,-0.4,-0.5,-0.5,-0.3,5.7,10,3.4,7.6,0,-2.5,-7.2,-3.3,-1.4,-0.6,-0.7,-0.1,-0.4,0.1,-1.7,0.1,-1.1,-1.2,-1.2,-0.5,-0.7,0,-0.6,-1.1,-2.3,0.1,0.5,-0.1,2.1,-0.8,0.2,0.2,2.6,0.2,-0.9,-5.8,-1.6,0.3,-0.4,0.9,0.1,-0.6,3.8,0,1.6,-0.2,0.1,-0.4,0.2,-0.9,7.1,-0.4,-0.5,-,-
前年（度）比（％）／平成26年平均,2014,,2.3,3,3.3,-0.8,9.6,11.4,6.4,4.5,1.8,2,4.8,5,2.8,3.8,3.7,0.4,1.6,2.5,-0.2,0.5,-0.5,-0.4,2.5,5.5,7.3,5.1,4.6,1.9,3.3,6.4,-1.4,3.1,2.4,3.6,0.7,1.8,2.2,0.2,2.2,2.2,1.4,4.8,-1.5,2.3,2.6,0.8,1.1,1.1,0.6,2.4,3.8,2.2,1.2,2.2,1.3,2.2,4,3.8,6.1,4.8,2.4,3.5,3.8,2,1.8,7.4,3.2,4.9,5.5,2.2,2.9,2.1,3.5,6.3,1.6,1.6,-,-
前年（度）比（％）／平成23年度平均,2011,,-0.4,-0.4,-0.6,-0.1,1.5,2,0,-0.3,-3.7,-4.9,-1.8,-2,-1.2,-1.1,0.4,-0.6,-2.9,0,-0.5,-0.6,-0.4,-0.3,-1.2,4.4,6,5.2,13.1,0,-5.6,-16,-0.3,1.2,-0.2,-1.8,-0.1,0,-0.2,-4.5,-0.2,0.3,1.5,-3.1,0.3,0.5,-0.2,-0.7,-2.6,-0.4,0.1,0.7,1,1.7,-0.7,0.7,0.5,0,1,-3.3,-27.9,-3.1,0.3,0.9,1.7,-0.1,-1.5,-1.1,16,3.2,-2.2,-0.3,-0.3,0.6,-2.7,6.2,-0.8,-0.2,-,-
前年（度）比（％）／平成24年度平均,2012,,-0.7,-0.7,-1.3,0.8,-2.5,-3.4,-1.7,-3.4,-3.5,-4.2,-2,-2.3,-3.2,-1.3,0.1,-2.4,-2.2,-0.1,-0.6,-0.5,-0.6,-0.5,-0.5,5.5,9.9,3.4,3.4,0,-5.8,-18.1,-1.3,-0.7,1,-3.1,0,-0.5,-0.3,-0.1,-0.4,-1.2,-0.8,-2.4,0.5,-1.6,0.4,-0.2,-1.7,-0.3,0.5,-0.4,-0.2,0.4,-1.4,0.1,0.2,2.3,-0.1,-2.3,-15.4,-2.3,0.6,-1,-0.6,-0.1,-2.1,-0.4,0,0.1,-3.5,-0.6,-0.9,0.2,-2.2,6.2,-1,-0.7,-,-
前年（度）比（％）／平成25年度平均,2013,,0.5,0.8,0.6,-1.2,1.5,0.8,2.3,0.3,2.9,4.6,2.7,2.9,0.8,0,-1.1,-2,-1.2,0.7,-0.6,-0.5,-0.6,-0.5,-0.4,6,9.4,5,7,0,-0.5,-0.1,-3.3,-1,-0.9,0.2,-0.1,0.1,0.5,-2.1,0.6,-0.5,-0.5,-0.3,-0.1,-0.2,0,-0.8,-1.1,-3.1,0,0.8,-0.1,2.3,-0.1,0.4,0.2,2.6,0.5,0,-0.4,-0.9,0.2,0.2,1.7,0.1,0,5.2,0,3.1,3.1,0.4,0.1,0.4,0,7.4,-0.1,-0.2,-,-
前年（度）比（％）／平成26年度平均,2014,,2.6,3.3,3.8,-0.5,9.8,11.6,7.7,4.1,1.7,1.6,4.9,5,2.5,5,5,0.9,2.5,3.1,0,0.9,-0.4,-0.4,3.7,5.7,7.2,5.7,-0.5,2.7,2.7,1.9,-0.4,4.3,3.5,4,0.4,2.1,2.3,1.5,2.3,2.3,1,6.3,-1.4,4.4,3.4,1.6,2.3,2.9,0.9,2.5,5.4,1.4,1.1,2.7,1.7,2,4.7,4.2,4,5.9,3.2,4.1,3.7,2.7,2.3,7.3,4.3,3.4,5.4,2.5,3.6,2.6,4,5.7,1.9,1.8,-,-
月別指数／平成26年10月,2014,10,102.2,103.2,102.1,98.1,110.8,112.2,108,101.4,97.5,97.4,93.5,92.7,97.6,103.3,104.6,95.3,95.6,103.9,98.2,99.2,97.9,98.2,101.3,123.2,136.3,120.1,135.2,102.9,89.4,66.5,94.4,105.4,102.8,98.7,100.8,105.4,105.9,95.7,106.1,105.6,107.8,99.3,104.1,105.4,103.6,99.8,96.9,98.9,101.4,104.1,106.2,107.8,98.2,103.4,101.5,107.2,106.9,98.6,59,98.2,104.4,106.3,108,102.7,98.1,111.9,131.6,112,100.7,102.2,102.3,103.3,99.2,129.1,100.2,100.4,101.9,101.8
月別指数／平成26年11月,2014,11,101.8,102.7,101.3,97.9,108.6,108.9,109.6,101.2,90.7,87.7,95.2,94.6,97,103.3,105.1,95,95.5,103.9,98.1,99.1,97.8,98.1,101.2,122.9,136,119.7,132.1,102.9,88.8,64.8,94.9,106.3,102.8,98.2,100.8,105.4,106.7,95.4,106.9,105.4,107.3,100.2,101.3,105.8,103.6,99.7,96.6,98.6,101.5,103.8,106.3,106.8,98.2,103.4,101.5,107.2,106.9,97.5,57.7,98.6,104.5,104.6,107.9,102.7,98.8,110.3,131.6,112,95.4,102,102.4,103.3,98.2,128.1,99.9,100.4,101.9,101.8
月別指数／平成26年12月,2014,12,101.9,102.9,102.2,97.2,112.6,115.2,110.4,100.4,95.1,94.3,105.7,105.8,96.7,103.3,103.4,94.2,95.3,103.9,98.1,99.1,97.8,98,101.4,122.7,135.8,119.5,126.8,102.9,88.3,64.7,95.1,103.8,103,96.5,100.8,104.3,105.1,94.7,105.3,103.9,105.1,100.8,100.9,107.1,103.6,99.7,96.2,98.3,101.8,103.7,107.3,105.6,98.1,103.4,101.5,107.2,106.9,97.5,54.1,98.9,104.4,105.3,107.8,102.6,97.9,110.9,131.6,112,103,101.8,102.1,103.4,98.4,127,99.8,100.4,101.9,101.8
月別指数／平成27年1月,2015,1,101.6,102.6,103.8,97.3,113.4,116,109.7,100.5,103.5,106.6,119.5,120.5,97.5,103.2,103.5,94.7,95.3,104.2,98,99.1,97.7,97.9,101.3,122.9,136.2,120.2,114.8,102.9,88.5,65.1,94.4,103.2,103.5,97.3,99.4,98,96.9,91.4,97,97.9,97,100.2,98.1,100.3,103.6,99.7,96.8,98,101.7,102.5,105.9,103.6,98.2,103.4,101.5,107.2,106.9,95.6,54,98.6,104.5,102.1,107.8,102.6,98.5,110.3,131.6,112,112.4,101.2,102.3,103.4,96.4,125.8,99,100.4,101.9,101.8
月別指数／平成27年2月,2015,2,101.6,102.6,103.4,97,112,114.1,110.6,100.4,100,101.4,119.5,120.6,98.8,103,103.2,95.3,95,104.4,98,99.1,97.7,97.9,101.6,123.8,137.2,122,109.7,102.9,88.6,66,95.9,102.8,102.4,97.8,97.9,98.3,97.9,93.5,97.9,96.1,94.8,99.9,100.2,100.3,103.6,99.8,96.6,98.4,101.7,102.2,106,102.7,98.1,103.4,101.5,107.2,106.9,96.4,57.5,98.3,104.7,102.8,107.7,102.6,98.4,109.7,131.6,112,109.3,101.3,102.3,103.4,97.1,126.2,99.2,100.4,102,101.9
月別指数／平成27年3月,2015,3,102.1,103.2,103.4,96.5,111.4,112.6,111.2,99.6,98.9,100,120.1,120.7,97.4,103.4,104.8,94.9,94.7,104.4,98,99.1,97.6,97.9,101.7,125,138.4,124.2,110.8,102.9,89.4,67.9,95.8,101,103.1,98.2,97.9,101.4,104.5,92.9,104.7,95.2,93.4,100.1,99.1,105.3,103.6,99.9,96.7,99,101.7,103,107.6,103.7,97.9,103.4,101.5,107.2,106.9,97.7,58,98.8,104.7,104.7,107.5,102.6,97.2,110.3,131.6,112,108.2,101.8,102.5,103.4,98.6,128.3,99.7,100.4,102.2,102
月別指数／平成27年4月,2015,4,102.4,103.6,104.3,97.1,110,111.1,111.4,103.2,105.6,109.9,117.1,117.4,97.3,103.5,105.2,94.7,94.5,104.9,97.9,99.1,97.5,97.8,101.8,124.7,137.5,124.6,110.7,102.9,90.5,70,96.7,102.7,103.1,98.1,100.8,103.4,103.7,93.8,103.9,104.1,105.7,99.8,99.1,105.8,103.6,100.3,96.7,99.2,102.2,102.7,106.3,103.5,98.5,104.2,102.5,108.3,107.1,97.7,58.2,99.2,104.7,104.7,108.1,102.6,100.9,110.6,131.6,110.8,111.9,102.1,102.9,104,98.4,127.8,99.9,100.4,102.3,102
月別指数／平成27年5月,2015,5,102.6,103.8,104.6,98.2,109.1,109.2,111.1,102.3,104.6,108.5,123.5,124.3,99,104,105.7,95.7,94.6,104.9,97.8,99.1,97.5,97.8,101.5,124.1,137.7,122.2,111.1,102.9,90.6,70.4,95.7,104.6,103.4,97.6,100.8,103.8,103.4,95.3,103.6,105,106.1,101.9,101.7,106.3,103.6,100.7,98,99.5,102.2,102.9,106.6,103.9,98.5,104.2,102.5,108.3,107.1,98,59.1,98.9,104.8,105,108.1,102.6,101,110.4,131.6,110.8,112.1,102.2,103.2,104,98.7,127.4,100,100.4,102.4,102
月別指数／平成27年6月,2015,6,102.2,103.4,103.8,98.1,107.7,106.7,112.1,103.4,100.9,102.8,109.3,109.1,98.5,104.6,105.7,95.8,94.8,105.4,97.9,99.1,97.5,97.9,101.6,121.1,133.5,118.4,113.6,102.9,90.7,70.8,95,104.6,103.6,97.5,100.8,103.2,102.7,95.4,102.8,103.7,104.4,101.7,102.7,105.5,103.7,100.7,98.1,99.6,102.2,103.1,106.1,104.7,98.5,104.2,102.5,108.3,107.1,97.9,61.6,98.6,104.9,104.3,108.3,102.7,101.2,111.2,131.6,110.8,105.3,102.1,103.5,104,98.5,124.6,100,100.4,102.2,102
月別指数／平成27年7月,2015,7,102,103.1,103.6,98.3,108.6,107.7,111,102.4,100.5,102.5,102.1,101.6,98.2,105.5,105.8,96.3,94.6,105.4,97.9,99.1,97.5,97.9,101.6,117.6,128.9,113.2,113.2,102.9,90.4,70.1,95.5,103.6,102.9,97.9,100.8,99.7,99.3,96.3,99.4,97.5,96,101.9,101.1,103.8,103.7,100.7,98.1,99.4,102.2,103.8,108,104.5,99,104.2,102.5,108.3,107.1,98.8,61.8,98.7,105,105.8,108.6,103.1,100.9,113.1,131.6,110.8,103.8,101.9,103.5,104,99.7,120.4,100,100.4,102.1,101.9
月別指数／平成27年8月,2015,8,102.2,103.3,104.2,98.1,111.8,112.8,111.2,103.1,100.3,102.1,109.1,109.1,99.7,105.9,105.7,96.6,94.3,105.4,97.9,99.1,97.5,97.9,101.7,114.9,125.7,108.7,113.4,102.9,90.3,70.2,93.9,105,101.9,98.6,100.8,98.5,98.1,96.8,98.1,95,92.8,101.1,102.3,102,103.7,100.8,98.1,100,102.2,104.2,110.5,103.6,98.9,104.2,102.5,108.3,107.1,100.8,61.9,98.5,105.2,109.2,108.5,103.1,100.4,112.3,131.6,111.1,106.8,102,103.7,104,102.1,116.7,100.3,100.4,102.1,101.8
月別指数／平成27年9月,2015,9,102.2,103.4,104.9,98.1,111.9,113.1,112.7,103.6,108,113.4,102.2,101.7,98.4,106,106.1,96,94.8,105.4,97.8,99,97.4,97.8,101.6,112.2,122.5,104.2,111.1,102.9,90.2,70.2,97,105,101.3,97.9,100.8,105.1,104.7,95.6,104.9,108,110.2,102.1,102.6,103.3,103.7,100.8,98,100,102.2,102.7,106.6,102.8,98.9,104.2,102.5,108.3,107.1,99.7,66.4,98.9,105.1,106.1,108.9,103.1,101,113.5,131.6,111.3,110.8,101.9,103.9,104,100.2,113.1,100.4,100.4,101.9,101.7
月別指数／平成27年10月,2015,10,102.3,103.5,105.2,99.1,111.9,112.7,112.3,104.9,107.4,112.3,102.9,102.2,98.7,107,105.9,96.4,94.6,105.9,97.8,98.6,97.6,97.9,100.2,111.5,122,102.9,108.1,102.9,90.2,70.2,98.3,101.8,100.9,98.8,100.8,106.4,106.5,94.9,106.8,107.8,109.3,103.6,103.5,107.5,103.7,100.6,97.8,99.1,102.3,102.5,106.6,102.4,98.8,104.2,102.5,108.3,107.1,100.1,66.4,98.2,105.3,107.1,108.8,103.1,100.7,113.6,131.6,111.3,110.2,102,104.2,104,100.6,112.2,100.5,100.5,102,101.7
前月比（％）／平成26年10月,2014,10,-0.2,-0.2,-1.4,-1.3,-0.5,-0.6,0.3,1.6,-10.4,-14.6,-1.5,-1.7,-1.1,0.2,-0.7,0.5,0.1,0,0.1,0.1,0.1,0,0.1,-0.5,-0.6,-0.7,-0.1,0,0.4,1,2.2,2.3,-0.6,0.4,0,0.8,1,0.2,1,-0.8,-1.5,1.4,2.8,3.3,0,0,-0.1,0.2,0,0.3,0.2,0,0.8,0,0,0,0,1.1,2,0.2,0.1,1.4,0.1,0,-0.1,0.5,0,0,-7.9,0.2,-0.1,0,1,-0.9,0.3,0,-0.1,0
前月比（％）／平成26年11月,2014,11,-0.4,-0.5,-0.7,-0.2,-2,-2.9,1.5,-0.2,-7,-10,1.9,2,-0.5,0.1,0.6,-0.3,-0.2,0,-0.1,-0.1,-0.1,-0.1,0,-0.2,-0.2,-0.3,-2.3,0,-0.7,-2.6,0.6,0.8,0,-0.5,0,0,0.8,-0.3,0.8,-0.2,-0.5,0.9,-2.7,0.4,0,-0.1,-0.3,-0.3,0,-0.3,0.1,-0.9,0,0,0,0,0,-1.1,-2.2,0.4,0.1,-1.6,-0.1,0,0.8,-1.4,0,0,-5.3,-0.2,0.1,0,-1,-0.8,-0.2,0,0,0
前月比（％）／平成26年12月,2014,12,0.1,0.1,0.9,-0.7,3.7,5.8,0.7,-0.9,4.9,7.6,11,11.8,-0.4,0,-1.7,-0.8,-0.2,0,0,0,0,-0.1,0.2,-0.2,-0.1,-0.2,-4,0,-0.5,-0.1,0.2,-2.3,0.2,-1.7,0,-1.1,-1.6,-0.8,-1.6,-1.4,-2.1,0.5,-0.4,1.2,0,0,-0.4,-0.3,0.4,-0.2,0.9,-1.1,0,0,0,0,0,0,-6.2,0.4,-0.2,0.6,-0.1,0,-0.9,0.5,0,0,7.9,-0.2,-0.3,0.1,0.2,-0.9,-0.1,0,0,0
前月比（％）／平成27年1月,2015,1,-0.2,-0.3,1.6,0.1,0.7,0.6,-0.6,0.1,8.8,13,13,14,0.9,-0.1,0.1,0.5,0,0.3,-0.1,-0.1,-0.1,-0.1,-0.1,0.2,0.3,0.5,-9.4,0,0.2,0.5,-0.7,-0.6,0.5,0.8,-1.4,-6,-7.8,-3.4,-7.9,-5.8,-7.6,-0.6,-2.8,-6.3,0,0,0.6,-0.3,-0.2,-1.1,-1.2,-1.9,0,0,0,0,0,-2,-0.2,-0.3,0.2,-3,0,0,0.6,-0.6,0,0,9.2,-0.6,0.2,0,-2,-0.9,-0.8,0,0,0
前月比（％）／平成27年2月,2015,2,0,0,-0.4,-0.3,-1.2,-1.6,0.8,-0.1,-3.4,-4.9,0,0.1,1.3,-0.1,-0.3,0.6,-0.3,0.1,0,0.1,0,0,0.3,0.7,0.7,1.5,-4.5,0,0.1,1.4,1.5,-0.3,-1.1,0.6,-1.4,0.3,1,2.3,1,-1.8,-2.3,-0.2,2.2,0,0,0,-0.2,0.5,0,-0.3,0,-0.9,-0.1,0,0,0,0,0.9,6.5,-0.4,0.2,0.7,-0.1,0,-0.1,-0.5,0,0,-2.7,0.1,0.1,0,0.8,0.3,0.1,0,0.1,0.1
前月比（％）／平成27年3月,2015,3,0.4,0.5,0,-0.4,-0.5,-1.2,0.5,-0.7,-1,-1.4,0.5,0.1,-1.4,0.3,1.5,-0.4,-0.2,0,0,0,0,0,0,1,0.9,1.8,1,0,0.9,2.9,-0.1,-1.8,0.7,0.4,0,3.1,6.8,-0.7,6.9,-1,-1.5,0.2,-1.1,4.9,0.1,0.2,0.2,0.6,0,0.8,1.6,1,-0.2,0,0,0,0,1.3,0.9,0.6,0,1.8,-0.2,0,-1.3,0.5,0,0,-1,0.5,0.2,0,1.5,1.7,0.5,0,0.2,0.1
前月比（％）／平成27年4月,2015,4,0.4,0.5,0.8,0.6,-1.3,-1.4,0.2,3.6,6.7,9.9,-2.5,-2.7,-0.1,0.1,0.4,-0.2,-0.2,0.4,-0.1,0,-0.1,0,0.1,-0.2,-0.7,0.3,-0.1,0,1.2,3.1,1,1.7,0.1,-0.1,2.9,2,-0.7,1,-0.8,9.4,13.2,-0.3,0,0.5,0,0.4,0,0.1,0.6,-0.3,-1.2,-0.2,0.6,0.7,1,1,0.3,0.1,0.3,0.4,0,0,0.6,0,3.8,0.3,0,-1.1,3.4,0.2,0.3,0.6,-0.2,-0.4,0.2,0,0.1,0
前月比（％）／平成27年5月,2015,5,0.1,0.2,0.3,1.1,-0.9,-1.7,-0.2,-0.9,-0.9,-1.3,5.5,5.8,1.8,0.5,0.5,1,0.1,0.1,-0.1,-0.1,-0.1,0,-0.2,-0.5,0.1,-1.9,0.4,0,0.1,0.5,-1,1.8,0.2,-0.5,0,0.4,-0.3,1.6,-0.3,0.8,0.4,2.1,2.6,0.5,0,0.4,1.3,0.3,0,0.2,0.2,0.3,0,0,0,0,0,0.3,1.5,-0.3,0.1,0.3,0,0,0.1,-0.1,0,0,0.2,0.1,0.3,0,0.3,-0.3,0.1,0,0.1,0
前月比（％）／平成27年6月,2015,6,-0.3,-0.4,-0.8,-0.2,-1.2,-2.3,0.9,1.1,-3.6,-5.2,-11.5,-12.2,-0.6,0.5,0,0.1,0.1,0.4,0,0,0,0,0,-2.4,-3.1,-3.2,2.3,0,0.2,0.6,-0.8,0.1,0.3,-0.1,0,-0.6,-0.7,0.1,-0.7,-1.2,-1.6,-0.2,1,-0.8,0.1,0,0.1,0.1,0,0.2,-0.5,0.9,0,0,0,0,0,-0.1,4.4,-0.3,0.1,-0.6,0.2,0.1,0.2,0.7,0.1,0,-6.1,-0.1,0.3,0,-0.2,-2.2,0,0,-0.2,0
前月比（％）／平成27年7月,2015,7,-0.2,-0.3,-0.2,0.2,0.8,1,-1,-1,-0.4,-0.4,-6.5,-6.9,-0.2,0.9,0.2,0.5,-0.2,0,0,0,0,0,0.1,-2.9,-3.4,-4.3,-0.3,0,-0.4,-0.9,0.6,-1,-0.7,0.4,0,-3.4,-3.3,1,-3.4,-5.9,-8,0.1,-1.5,-1.6,0,0,0,-0.2,0,0.6,1.8,-0.2,0.5,0,0,0,0,0.9,0.3,0.1,0,1.4,0.3,0.4,-0.3,1.8,0,0,-1.4,-0.2,0,0,1.2,-3.4,0,0,-0.1,-0.1
前月比（％）／平成27年8月,2015,8,0.2,0.2,0.6,-0.1,3,4.7,0.2,0.6,-0.2,-0.3,6.9,7.4,1.5,0.3,-0.1,0.3,-0.3,0,0,0,0,0,0.1,-2.3,-2.5,-4,0.2,0,-0.1,0.1,-1.8,1.4,-1,0.7,0,-1.2,-1.2,0.5,-1.3,-2.6,-3.3,-0.8,1.1,-1.8,0,0.1,0,0.6,0,0.4,2.4,-0.9,0,0,0,0,0,2,0.1,-0.2,0.2,3.2,-0.1,0,-0.4,-0.7,0,0.3,2.9,0.1,0.1,0,2.4,-3.1,0.3,0,0,-0.1
前月比（％）／平成27年9月,2015,9,0,0.1,0.7,0,0.1,0.3,1.3,0.5,7.6,11,-6.4,-6.8,-1.3,0.1,0.4,-0.6,0.5,0,-0.1,-0.1,-0.1,-0.1,-0.1,-2.4,-2.5,-4.1,-2.1,0,-0.1,0,3.4,0,-0.6,-0.7,0,6.7,6.7,-1.3,6.9,13.7,18.7,1,0.3,1.3,0,0,-0.1,0,0,-1.4,-3.5,-0.8,0,0,0,0,0,-1.1,7.3,0.4,-0.1,-2.8,0.4,0,0.6,1.1,0,0.2,3.7,-0.1,0.2,0,-1.9,-3.1,0.1,0,-0.2,-0.1
前月比（％）／平成27年10月,2015,10,0.1,0.1,0.2,1,0,-0.3,-0.3,1.3,-0.6,-1,0.6,0.5,0.3,0.9,-0.2,0.4,-0.2,0.4,0,-0.4,0.1,0.1,-1.3,-0.6,-0.4,-1.2,-2.7,0,0,-0.1,1.3,-3.1,-0.4,0.9,0,1.2,1.8,-0.8,1.8,-0.2,-0.8,1.5,0.9,4,0,-0.2,-0.2,-0.9,0.1,-0.2,0,-0.4,-0.1,0,0,0,0,0.5,0.1,-0.7,0.2,0.9,-0.1,0,-0.3,0.1,0,0,-0.5,0.1,0.4,0,0.4,-0.8,0.1,0.1,0.1,0
前月比寄与度,,,0.1,0.08,0.06,0.02,0,0,-0.01,0.01,-0.02,-0.02,0.01,0,0,0.02,-0.01,0,0,0.02,0,-0.03,0.03,0,-0.03,-0.04,-0.01,-0.02,0,0,0,0,0,-0.01,0,0.01,0,0.06,0.04,0,0.04,0,-0.01,0,0.01,0.01,0,-0.01,0,-0.01,0,-0.02,0,-0.01,0,0,0,0,0,0.05,0,-0.01,0,0.06,0,0,0,0,0,0,-0.02,0.13,0.08,0,0.05,-0.05,0.09,0,-,-
前年同月比（％）／平成26年10月,2014,10,2.5,3.2,3.4,-1,10.6,13.8,7.8,4.2,-2.2,-4,0.8,0.4,1.3,6.1,4.7,0.8,2,3.3,0.1,1.1,-0.2,-0.4,4,3.8,5.1,2.2,4.6,2.9,3.8,5.8,-0.3,3.8,3.7,4.3,1,2.9,3.5,2.4,3.5,2.3,0.9,6.5,1.1,3.6,3.5,1.5,2.1,2.9,0.8,3.2,5.8,3.2,0.7,2.8,1.7,2.1,4.8,4.6,7.7,5.5,3.3,4.3,3.1,2.8,2.1,9.1,4.2,0.6,2.1,2.6,3.6,2.6,4.5,4.2,2.1,1.5,-,-
前年同月比（％）／平成26年11月,2014,11,2.1,2.7,2.4,-0.4,7.5,9,9,3.5,-9.1,-13.9,-1.6,-1.9,0.7,6.2,5.5,1.1,2.4,3,0,1,-0.3,-0.4,3.9,4.2,5.6,2.8,1.7,2.9,1.9,-1.5,-0.7,6.3,3.7,3.1,1,2.1,2.6,1,2.6,2.3,0.8,6.7,-2.2,4.7,3.5,1.6,2.5,3,0.8,3,6.3,2.2,0.7,2.8,1.7,2.1,4.8,3.8,2.5,6.4,3.4,3.4,2.8,2.8,3.1,5.9,4.2,0.6,-4.7,2.4,3.7,2.6,3.9,4.1,1.8,1.5,-,-
前年同月比（％）／平成26年12月,2014,12,2.2,2.8,2.8,-0.6,9.8,12.3,9.2,0.1,-5.5,-8.6,1.1,0.9,1.3,5.8,4.4,0.4,2.6,3.1,0,1,-0.4,-0.5,4.1,4.9,6,5.1,-3.3,2.9,1.3,-2.6,-0.5,4.6,4,2,1,2.2,1.4,0.9,1.4,3.5,2,8,-0.7,6.2,3.3,2,2.6,3.9,1.2,2.6,6.2,1.2,0.6,2.8,1.7,2.1,4.8,3.5,-2.7,5.6,3.2,3.8,2.8,2.7,2.3,6.9,4.2,0.6,-0.4,2.3,3.4,2.7,3.5,4.3,1.8,1.6,-,-
前年同月比（％）／平成27年1月,2015,1,2.3,3,3.9,-0.3,9.6,11.4,7.9,1.9,2,2.1,4.6,4.7,2.1,5.7,4.5,0.8,2.3,3.3,0,1,-0.4,-0.5,4.1,5.7,6.9,6.7,-13.1,2.9,0.1,-7.5,0.2,4,4.8,2.1,-0.4,2.6,2.3,1,2.4,3.4,2,7.3,-1.9,8.5,3.3,1.9,3.2,3.1,1,1.6,6.2,-1.2,0.6,2.8,1.7,2.1,4.8,3.3,-3.4,5.6,3.2,3.6,3.1,2.7,3.1,8.2,4.2,0.4,5.4,2.2,3.6,2.8,3.4,3.6,1.7,1.5,-,-
前年同月比（％）／平成27年2月,2015,2,2.3,2.9,3.7,-0.7,7.7,9,8.6,1.4,1.4,1.1,5.5,5.7,1.9,5.3,4.3,0.9,2.3,3.4,0,1.1,-0.4,-0.5,4.4,6.2,7.4,8.1,-16.7,2.9,-0.2,-7.9,1.6,5.2,3.3,3.1,-1.8,2.2,2,3.6,1.9,1.2,-1.2,8.1,1.1,8.2,3.4,2.1,3.2,4.5,1,1.4,6.2,-1.9,0.6,2.5,1.7,2.1,4.1,3.6,-1.5,4.8,3.4,4,2.7,2.7,2.3,6.8,4.2,0.4,4.5,2.2,3.5,2.6,3.6,3.8,1.7,1.2,-,-
前年同月比（％）／平成27年3月,2015,3,2.3,3,3.8,-0.9,6.2,6.7,8.2,0.7,2.2,2.5,8.7,8.6,0.5,5.5,5.3,0.5,2.4,3.5,0,1.1,-0.4,-0.5,4.3,6.3,7.2,8.5,-15.6,2.9,0.6,-4.4,2.1,3.3,3.1,3.1,-1.8,2.1,2.7,1.7,2.8,-0.3,-2.8,6.8,0.3,8,3.3,2.2,3.5,3.4,1.2,1.4,5.8,-1.3,0.3,2.2,1.7,2.1,3,3.8,-1.7,4.6,3.4,4.4,1.9,2.7,1.2,3.5,4.2,0.4,5.2,2.2,3.5,2.2,3.7,4.3,1.7,1.2,-,-
前年同月比（％）／平成27年4月,2015,4,0.7,1,2.2,-2.8,2,2.6,5.3,0.7,8.1,12.7,6.9,6.8,-1.6,2.8,2.3,-1.8,-2.1,1.6,-0.3,0.3,-0.5,-0.5,1.9,4.5,4.7,6.6,-17.6,2.9,-1.3,-3.7,0.5,-0.7,0.4,-1.6,-0.1,0,0.4,-1,0.4,-0.8,-1.8,2.3,-2.7,4.4,0.1,0.5,-0.1,0.2,0.9,-0.9,1.7,-2.9,-1,0.7,1,1,0.3,-0.1,-1.3,-0.2,0.6,-0.1,0.2,0.3,1.3,0.9,0,-1,8.2,0.4,1.1,0.8,0.2,1.8,0,-1,-,-
前年同月比（％）／平成27年5月,2015,5,0.5,0.7,2.3,-1.4,1.1,1.4,3.9,1.3,8.6,13.3,7.4,7.2,0.7,3.3,1.3,-0.7,-1.7,1.6,-0.3,0.1,-0.5,-0.6,1.6,-0.3,-0.3,0.3,-18.3,0,-1,-2.4,-1,0,0.9,-2.2,-0.1,0.7,0.3,0.9,0.3,0,-1.4,4.4,1.6,4.3,0.1,1,1.9,0,0.9,-1,1.9,-2.9,-1.7,0.7,1,1,0.3,0.5,-1.2,-0.5,0.7,1,0.2,0.2,2.3,-0.2,0,-1,8.2,0.2,1.2,0.8,0.8,-2.7,0.1,-1.6,-,-
前年同月比（％）／平成27年6月,2015,6,0.3,0.5,2.3,-1.5,0,-0.5,5.3,2.6,7.1,11,5.3,5.1,-1,3.6,1.6,0.2,-1.2,1.9,-0.3,0.1,-0.4,-0.5,1.3,-2.9,-3.6,-3.3,-16,0,-0.5,-1.7,-0.4,-0.1,0.9,-1.1,-0.1,0.6,0.2,1.5,0.1,-0.9,-2.2,3.2,4,3.4,0.2,1,1.8,0.1,0.9,-0.5,1.8,-2.3,-0.7,0.7,1,1,0.3,0.2,-3,0.5,0.6,0.5,0.5,0.2,2.4,1,0.1,-1,6,0.1,1.6,0.8,0.5,-5.1,0.2,-0.8,-,-
前年同月比（％）／平成27年7月,2015,7,0.1,0.3,2.1,-0.8,0.9,0.3,3.2,2.8,7.1,11,3.8,3.6,-0.8,2.8,1,1,-1.3,2,-0.4,-0.2,-0.5,-0.5,0.2,-5.6,-6.7,-7.2,-17.3,0,0.6,1.2,1.1,-0.7,0.2,0.8,-0.1,-0.3,-0.9,1.9,-1,-1.4,-3.3,3.8,2.1,2.2,0.2,1,1.5,0.9,0.9,-0.9,0.7,-3.2,0.3,0.7,1,1,0.3,1.1,1.5,1.1,0.6,1.1,0.9,0.5,2.5,2.9,0.1,-1,5.9,-0.1,1.4,0.8,1.1,-8.3,0.3,-0.4,-,-
前年同月比（％）／平成27年8月,2015,8,0.1,0.2,2.2,-0.8,0.5,-0.4,3.2,3,6.6,10.4,7.5,7.7,0.6,3.3,0.7,1.9,-1.2,1.7,-0.3,-0.1,-0.4,-0.4,0.6,-7.5,-8.6,-10.5,-17,0,1.6,6.5,0.7,1.4,-1.3,0.9,-0.1,-0.3,-0.5,1.7,-0.6,-1.9,-4,3.9,2.2,1.5,0.2,1.2,1.4,2.2,0.8,-1.1,0.6,-3.9,0.7,0.7,1,1,0.3,1.3,6.9,0.3,0.8,0.9,0.5,0.5,1.7,1.4,0.1,-0.7,6.2,-0.1,1.4,0.8,1.2,-10.7,0.4,0,-,-
前年同月比（％）／平成27年9月,2015,9,-0.1,0,1.3,-1.3,0.5,0.2,4.6,3.8,-0.7,-0.6,7.6,7.8,-0.2,2.9,0.8,1.2,-0.8,1.4,-0.4,-0.1,-0.5,-0.4,0.4,-9.4,-10.6,-13.9,-18,0,1.4,6.6,5,1.9,-2,-0.4,-0.1,0.6,-0.2,0.1,-0.2,1.6,0.7,4.2,1.4,1.3,0.2,1,1.1,1.4,0.8,-1.1,0.6,-4.7,1.5,0.7,1,1,0.3,2.1,14.7,0.9,0.7,1.2,0.9,0.5,2.9,2,0.1,-0.6,1.2,-0.2,1.4,0.8,2,-13.1,0.6,0,-,-
前年同月比（％）／平成27年10月,2015,10,0.1,0.3,3,1,1,0.5,4,3.5,10.1,15.3,10,10.2,1.1,3.6,1.3,1.2,-1.1,1.8,-0.4,-0.6,-0.4,-0.4,-1.1,-9.4,-10.5,-14.4,-20,0,0.9,5.5,4.2,-3.5,-1.8,0.2,-0.1,0.9,0.6,-0.9,0.7,2.1,1.4,4.3,-0.5,2,0.2,0.8,1,0.3,0.9,-1.6,0.4,-5,0.6,0.7,1,1,0.3,1.5,12.6,0,0.8,0.7,0.8,0.5,2.7,1.6,0.1,-0.6,9.4,-0.2,1.9,0.8,1.4,-13.1,0.4,0,-,-
前年同月比寄与度,,,0.1,0.21,0.72,0.02,0.02,0.01,0.08,0.03,0.26,0.27,0.08,0.08,0.01,0.07,0.04,0.01,-0.01,0.11,-0.11,-0.04,-0.08,-0.02,-0.02,-0.67,-0.37,-0.28,-0.02,0,0.02,0.04,0.01,-0.01,-0.01,0,0,0.04,0.01,0,0.01,0.03,0.01,0.01,0,0.01,0,0.03,0.01,0,0.02,-0.16,0.01,-0.19,0.02,0.04,0.03,0,0,0.18,0.11,0,0.01,0.05,0.05,0.01,0.03,0.02,0,-0.01,0.35,-0.2,0.37,0.04,0.18,-0.86,0.27,0,-,-
,,,,,,,,,,,,,,,,,,,,,,,,,,,,,,,,,,,,,,,,,,,,,,,,,,,,,,,,,,,,,,,,,,,,,,,,,,,,,,,,
東京の物価／平成２７年１０月,,,,,,,,,,,,,,,,,,,,,,,,,,,,,,,,,,,,,,,,,,,,,,,,,,,,,,,,,,,,,,,,,,,,,,,,,,,,,,,,
４．東京都区部消費者物価中分類指数,,,,,,,,,,,,,,,,,,,,,,,,,,,,,,,,,,,,,,,,,,,,,,,,,,,,,,,,,,,,,,,,,,,,,,,,,,,,,,,,
２０１０年＝１００／(平成２２年＝１００),,,,,,,,,,,,,,,,,,,,,,,,,,,,,,,,,,,,,,,,,,,,,,,,,,,,,,,,,,,,,,,,,,,,,,,,,,,,,,,,
