﻿地点番号,地点名,交差道路名,調査年月,管轄警察署,流出方向,時間帯等,大型乗用,大型貨物,普通乗用,普通貨物,四輪計,二輪車
3,赤坂見附,外堀通り×青山通り,R4/11,赤坂,A 弁慶橋,7,3,2,89,39,133,2
3,赤坂見附,外堀通り×青山通り,R4/11,赤坂,A 弁慶橋,8,4,2,139,49,194,7
3,赤坂見附,外堀通り×青山通り,R4/11,赤坂,A 弁慶橋,9,2,0,164,59,225,4
3,赤坂見附,外堀通り×青山通り,R4/11,赤坂,A 弁慶橋,10,1,1,176,60,238,9
3,赤坂見附,外堀通り×青山通り,R4/11,赤坂,A 弁慶橋,11,1,0,190,71,262,3
3,赤坂見附,外堀通り×青山通り,R4/11,赤坂,A 弁慶橋,12,2,0,201,54,257,4
3,赤坂見附,外堀通り×青山通り,R4/11,赤坂,A 弁慶橋,13,0,0,182,50,232,7
3,赤坂見附,外堀通り×青山通り,R4/11,赤坂,A 弁慶橋,14,1,0,210,45,256,8
3,赤坂見附,外堀通り×青山通り,R4/11,赤坂,A 弁慶橋,15,1,1,205,38,245,11
3,赤坂見附,外堀通り×青山通り,R4/11,赤坂,A 弁慶橋,16,1,0,215,40,256,6
3,赤坂見附,外堀通り×青山通り,R4/11,赤坂,A 弁慶橋,17,1,0,247,28,276,6
3,赤坂見附,外堀通り×青山通り,R4/11,赤坂,A 弁慶橋,18,2,0,164,13,179,3
3,赤坂見附,外堀通り×青山通り,R4/11,赤坂,A 弁慶橋,12時間計,19,6,2182,546,2753,70
3,赤坂見附,外堀通り×青山通り,R4/11,赤坂,B 四谷,7,2,12,150,120,284,11
3,赤坂見附,外堀通り×青山通り,R4/11,赤坂,B 四谷,8,9,12,226,155,402,25
3,赤坂見附,外堀通り×青山通り,R4/11,赤坂,B 四谷,9,11,11,264,185,471,11
3,赤坂見附,外堀通り×青山通り,R4/11,赤坂,B 四谷,10,9,13,318,161,501,18
3,赤坂見附,外堀通り×青山通り,R4/11,赤坂,B 四谷,11,7,9,324,208,548,35
3,赤坂見附,外堀通り×青山通り,R4/11,赤坂,B 四谷,12,6,9,323,145,483,32
3,赤坂見附,外堀通り×青山通り,R4/11,赤坂,B 四谷,13,12,13,345,176,546,23
3,赤坂見附,外堀通り×青山通り,R4/11,赤坂,B 四谷,14,12,11,376,153,552,16
3,赤坂見附,外堀通り×青山通り,R4/11,赤坂,B 四谷,15,10,5,422,138,575,33
3,赤坂見附,外堀通り×青山通り,R4/11,赤坂,B 四谷,16,10,6,397,150,563,29
3,赤坂見附,外堀通り×青山通り,R4/11,赤坂,B 四谷,17,12,7,453,130,602,53
3,赤坂見附,外堀通り×青山通り,R4/11,赤坂,B 四谷,18,14,3,444,65,526,35
3,赤坂見附,外堀通り×青山通り,R4/11,赤坂,B 四谷,12時間計,114,111,4042,1786,6053,321
3,赤坂見附,外堀通り×青山通り,R4/11,赤坂,C 青山,7,11,38,551,394,994,51
3,赤坂見附,外堀通り×青山通り,R4/11,赤坂,C 青山,8,5,5,731,425,1166,37
3,赤坂見附,外堀通り×青山通り,R4/11,赤坂,C 青山,9,10,6,878,512,1406,49
3,赤坂見附,外堀通り×青山通り,R4/11,赤坂,C 青山,10,5,5,870,401,1281,52
3,赤坂見附,外堀通り×青山通り,R4/11,赤坂,C 青山,11,13,4,825,351,1193,37
3,赤坂見附,外堀通り×青山通り,R4/11,赤坂,C 青山,12,9,10,969,373,1361,63
3,赤坂見附,外堀通り×青山通り,R4/11,赤坂,C 青山,13,7,6,1020,363,1396,38
3,赤坂見附,外堀通り×青山通り,R4/11,赤坂,C 青山,14,8,4,1081,332,1425,60
3,赤坂見附,外堀通り×青山通り,R4/11,赤坂,C 青山,15,10,6,1107,339,1462,59
3,赤坂見附,外堀通り×青山通り,R4/11,赤坂,C 青山,16,8,8,1237,288,1541,58
3,赤坂見附,外堀通り×青山通り,R4/11,赤坂,C 青山,17,7,7,1506,180,1700,49
3,赤坂見附,外堀通り×青山通り,R4/11,赤坂,C 青山,18,9,3,1373,174,1559,76
3,赤坂見附,外堀通り×青山通り,R4/11,赤坂,C 青山,12時間計,102,102,12148,4132,16484,629
3,赤坂見附,外堀通り×青山通り,R4/11,赤坂,D 溜池,7,4,5,402,196,607,44
3,赤坂見附,外堀通り×青山通り,R4/11,赤坂,D 溜池,8,4,4,581,190,779,25
3,赤坂見附,外堀通り×青山通り,R4/11,赤坂,D 溜池,9,3,11,650,256,920,33
3,赤坂見附,外堀通り×青山通り,R4/11,赤坂,D 溜池,10,0,5,606,273,884,42
3,赤坂見附,外堀通り×青山通り,R4/11,赤坂,D 溜池,11,3,12,567,251,833,44
3,赤坂見附,外堀通り×青山通り,R4/11,赤坂,D 溜池,12,3,3,603,189,798,36
3,赤坂見附,外堀通り×青山通り,R4/11,赤坂,D 溜池,13,5,3,638,179,825,29
3,赤坂見附,外堀通り×青山通り,R4/11,赤坂,D 溜池,14,5,12,644,180,841,38
3,赤坂見附,外堀通り×青山通り,R4/11,赤坂,D 溜池,15,3,10,644,166,823,34
3,赤坂見附,外堀通り×青山通り,R4/11,赤坂,D 溜池,16,6,8,755,169,938,33
3,赤坂見附,外堀通り×青山通り,R4/11,赤坂,D 溜池,17,0,1,745,113,859,38
3,赤坂見附,外堀通り×青山通り,R4/11,赤坂,D 溜池,18,2,1,667,89,759,22
3,赤坂見附,外堀通り×青山通り,R4/11,赤坂,D 溜池,12時間計,38,75,7502,2251,9866,418
3,赤坂見附,外堀通り×青山通り,R4/11,赤坂,E 平河町,7,5,7,555,241,808,43
3,赤坂見附,外堀通り×青山通り,R4/11,赤坂,E 平河町,8,8,13,904,286,1211,55
3,赤坂見附,外堀通り×青山通り,R4/11,赤坂,E 平河町,9,12,12,893,363,1280,52
3,赤坂見附,外堀通り×青山通り,R4/11,赤坂,E 平河町,10,5,23,833,460,1321,53
3,赤坂見附,外堀通り×青山通り,R4/11,赤坂,E 平河町,11,2,9,928,368,1307,42
3,赤坂見附,外堀通り×青山通り,R4/11,赤坂,E 平河町,12,4,11,814,362,1191,35
3,赤坂見附,外堀通り×青山通り,R4/11,赤坂,E 平河町,13,4,15,842,308,1169,38
3,赤坂見附,外堀通り×青山通り,R4/11,赤坂,E 平河町,14,5,10,913,363,1291,40
3,赤坂見附,外堀通り×青山通り,R4/11,赤坂,E 平河町,15,6,21,1052,344,1423,48
3,赤坂見附,外堀通り×青山通り,R4/11,赤坂,E 平河町,16,12,9,1122,358,1501,52
3,赤坂見附,外堀通り×青山通り,R4/11,赤坂,E 平河町,17,5,7,1183,314,1509,67
3,赤坂見附,外堀通り×青山通り,R4/11,赤坂,E 平河町,18,6,2,1034,255,1297,47
3,赤坂見附,外堀通り×青山通り,R4/11,赤坂,E 平河町,12時間計,74,139,11073,4022,15308,572
3,赤坂見附,外堀通り×青山通り,R4/11,赤坂,全方向合計,7,25,64,1747,990,2826,151
3,赤坂見附,外堀通り×青山通り,R4/11,赤坂,全方向合計,8,30,36,2581,1105,3752,149
3,赤坂見附,外堀通り×青山通り,R4/11,赤坂,全方向合計,9,38,40,2849,1375,4302,149
3,赤坂見附,外堀通り×青山通り,R4/11,赤坂,全方向合計,10,20,47,2803,1355,4225,174
3,赤坂見附,外堀通り×青山通り,R4/11,赤坂,全方向合計,11,26,34,2834,1249,4143,161
3,赤坂見附,外堀通り×青山通り,R4/11,赤坂,全方向合計,12,24,33,2910,1123,4090,170
3,赤坂見附,外堀通り×青山通り,R4/11,赤坂,全方向合計,13,28,37,3027,1076,4168,135
3,赤坂見附,外堀通り×青山通り,R4/11,赤坂,全方向合計,14,31,37,3224,1073,4365,162
3,赤坂見附,外堀通り×青山通り,R4/11,赤坂,全方向合計,15,30,43,3430,1025,4528,185
3,赤坂見附,外堀通り×青山通り,R4/11,赤坂,全方向合計,16,37,31,3726,1005,4799,178
3,赤坂見附,外堀通り×青山通り,R4/11,赤坂,全方向合計,17,25,22,4134,765,4946,213
3,赤坂見附,外堀通り×青山通り,R4/11,赤坂,全方向合計,18,33,9,3682,596,4320,183
3,赤坂見附,外堀通り×青山通り,R4/11,赤坂,全方向合計,12時間計,347,433,36947,12737,50464,2010
