﻿地点番号,地点名,交差道路名,調査年月,管轄警察署,流出方向,時間帯等,大型乗用,大型貨物,普通乗用,普通貨物,四輪計,二輪車
76,栄町３,府中街道×東八道路,R4/10,府中,A 西国分寺駅,7,16,4,340,173,533,27
76,栄町３,府中街道×東八道路,R4/10,府中,A 西国分寺駅,8,15,10,340,165,530,26
76,栄町３,府中街道×東八道路,R4/10,府中,A 西国分寺駅,9,10,12,313,177,512,20
76,栄町３,府中街道×東八道路,R4/10,府中,A 西国分寺駅,10,9,3,277,183,472,28
76,栄町３,府中街道×東八道路,R4/10,府中,A 西国分寺駅,11,11,14,296,179,500,23
76,栄町３,府中街道×東八道路,R4/10,府中,A 西国分寺駅,12,7,8,320,162,497,30
76,栄町３,府中街道×東八道路,R4/10,府中,A 西国分寺駅,13,10,12,330,175,527,21
76,栄町３,府中街道×東八道路,R4/10,府中,A 西国分寺駅,14,12,4,281,142,439,23
76,栄町３,府中街道×東八道路,R4/10,府中,A 西国分寺駅,15,16,4,344,189,553,24
76,栄町３,府中街道×東八道路,R4/10,府中,A 西国分寺駅,16,22,3,350,193,568,28
76,栄町３,府中街道×東八道路,R4/10,府中,A 西国分寺駅,17,11,4,396,181,592,53
76,栄町３,府中街道×東八道路,R4/10,府中,A 西国分寺駅,18,8,3,379,174,564,48
76,栄町３,府中街道×東八道路,R4/10,府中,A 西国分寺駅,12時間計,147,81,3966,2093,6287,351
76,栄町３,府中街道×東八道路,R4/10,府中,B 国立府中ＩＣ,7,1,21,481,294,797,58
76,栄町３,府中街道×東八道路,R4/10,府中,B 国立府中ＩＣ,8,5,18,542,233,798,50
76,栄町３,府中街道×東八道路,R4/10,府中,B 国立府中ＩＣ,9,3,34,419,205,661,32
76,栄町３,府中街道×東八道路,R4/10,府中,B 国立府中ＩＣ,10,1,14,371,173,559,27
76,栄町３,府中街道×東八道路,R4/10,府中,B 国立府中ＩＣ,11,3,16,458,162,639,20
76,栄町３,府中街道×東八道路,R4/10,府中,B 国立府中ＩＣ,12,6,26,419,219,670,31
76,栄町３,府中街道×東八道路,R4/10,府中,B 国立府中ＩＣ,13,6,32,457,228,723,24
76,栄町３,府中街道×東八道路,R4/10,府中,B 国立府中ＩＣ,14,2,12,416,259,689,30
76,栄町３,府中街道×東八道路,R4/10,府中,B 国立府中ＩＣ,15,7,24,436,272,739,23
76,栄町３,府中街道×東八道路,R4/10,府中,B 国立府中ＩＣ,16,4,19,535,261,819,23
76,栄町３,府中街道×東八道路,R4/10,府中,B 国立府中ＩＣ,17,3,9,545,260,817,38
76,栄町３,府中街道×東八道路,R4/10,府中,B 国立府中ＩＣ,18,1,10,588,170,769,50
76,栄町３,府中街道×東八道路,R4/10,府中,B 国立府中ＩＣ,12時間計,42,235,5667,2736,8680,406
76,栄町３,府中街道×東八道路,R4/10,府中,C 甲州街道,7,24,13,348,237,622,59
76,栄町３,府中街道×東八道路,R4/10,府中,C 甲州街道,8,14,12,340,188,554,28
76,栄町３,府中街道×東八道路,R4/10,府中,C 甲州街道,9,12,13,301,153,479,24
76,栄町３,府中街道×東八道路,R4/10,府中,C 甲州街道,10,11,14,312,174,511,17
76,栄町３,府中街道×東八道路,R4/10,府中,C 甲州街道,11,8,15,256,170,449,30
76,栄町３,府中街道×東八道路,R4/10,府中,C 甲州街道,12,11,9,260,150,430,28
76,栄町３,府中街道×東八道路,R4/10,府中,C 甲州街道,13,8,5,233,164,410,29
76,栄町３,府中街道×東八道路,R4/10,府中,C 甲州街道,14,9,3,330,143,485,25
76,栄町３,府中街道×東八道路,R4/10,府中,C 甲州街道,15,14,11,282,159,466,21
76,栄町３,府中街道×東八道路,R4/10,府中,C 甲州街道,16,11,6,316,173,506,22
76,栄町３,府中街道×東八道路,R4/10,府中,C 甲州街道,17,12,6,366,141,525,21
76,栄町３,府中街道×東八道路,R4/10,府中,C 甲州街道,18,8,5,346,104,463,32
76,栄町３,府中街道×東八道路,R4/10,府中,C 甲州街道,12時間計,142,112,3690,1956,5900,336
76,栄町３,府中街道×東八道路,R4/10,府中,D 国分寺街道,7,10,14,572,470,1066,94
76,栄町３,府中街道×東八道路,R4/10,府中,D 国分寺街道,8,4,22,742,291,1059,46
76,栄町３,府中街道×東八道路,R4/10,府中,D 国分寺街道,9,3,34,589,393,1019,41
76,栄町３,府中街道×東八道路,R4/10,府中,D 国分寺街道,10,2,19,456,381,858,33
76,栄町３,府中街道×東八道路,R4/10,府中,D 国分寺街道,11,6,18,375,290,689,24
76,栄町３,府中街道×東八道路,R4/10,府中,D 国分寺街道,12,8,8,355,217,588,34
76,栄町３,府中街道×東八道路,R4/10,府中,D 国分寺街道,13,8,12,466,308,794,28
76,栄町３,府中街道×東八道路,R4/10,府中,D 国分寺街道,14,9,14,497,345,865,29
76,栄町３,府中街道×東八道路,R4/10,府中,D 国分寺街道,15,10,12,519,221,762,24
76,栄町３,府中街道×東八道路,R4/10,府中,D 国分寺街道,16,10,8,606,304,928,33
76,栄町３,府中街道×東八道路,R4/10,府中,D 国分寺街道,17,2,7,562,479,1050,75
76,栄町３,府中街道×東八道路,R4/10,府中,D 国分寺街道,18,2,1,619,386,1008,40
76,栄町３,府中街道×東八道路,R4/10,府中,D 国分寺街道,12時間計,74,169,6358,4085,10686,501
76,栄町３,府中街道×東八道路,R4/10,府中,全方向合計,7,51,52,1741,1174,3018,238
76,栄町３,府中街道×東八道路,R4/10,府中,全方向合計,8,38,62,1964,877,2941,150
76,栄町３,府中街道×東八道路,R4/10,府中,全方向合計,9,28,93,1622,928,2671,117
76,栄町３,府中街道×東八道路,R4/10,府中,全方向合計,10,23,50,1416,911,2400,105
76,栄町３,府中街道×東八道路,R4/10,府中,全方向合計,11,28,63,1385,801,2277,97
76,栄町３,府中街道×東八道路,R4/10,府中,全方向合計,12,32,51,1354,748,2185,123
76,栄町３,府中街道×東八道路,R4/10,府中,全方向合計,13,32,61,1486,875,2454,102
76,栄町３,府中街道×東八道路,R4/10,府中,全方向合計,14,32,33,1524,889,2478,107
76,栄町３,府中街道×東八道路,R4/10,府中,全方向合計,15,47,51,1581,841,2520,92
76,栄町３,府中街道×東八道路,R4/10,府中,全方向合計,16,47,36,1807,931,2821,106
76,栄町３,府中街道×東八道路,R4/10,府中,全方向合計,17,28,26,1869,1061,2984,187
76,栄町３,府中街道×東八道路,R4/10,府中,全方向合計,18,19,19,1932,834,2804,170
76,栄町３,府中街道×東八道路,R4/10,府中,全方向合計,12時間計,405,597,19681,10870,31553,1594
