﻿地点番号,地点名,交差道路名,調査年月,管轄警察署,流入方向,流出方向,時間帯等,大型乗用,大型貨物,普通乗用,普通貨物,四輪計,二輪車
76,栄町３,府中街道×東八道路,R4/10,府中,A 西国分寺駅,1.国分寺街道,7,4,2,74,44,124,10
76,栄町３,府中街道×東八道路,R4/10,府中,A 西国分寺駅,1.国分寺街道,8,1,1,74,34,110,7
76,栄町３,府中街道×東八道路,R4/10,府中,A 西国分寺駅,1.国分寺街道,9,0,2,64,38,104,3
76,栄町３,府中街道×東八道路,R4/10,府中,A 西国分寺駅,1.国分寺街道,10,0,1,73,42,116,3
76,栄町３,府中街道×東八道路,R4/10,府中,A 西国分寺駅,1.国分寺街道,11,0,1,65,45,111,2
76,栄町３,府中街道×東八道路,R4/10,府中,A 西国分寺駅,1.国分寺街道,12,2,0,73,28,103,5
76,栄町３,府中街道×東八道路,R4/10,府中,A 西国分寺駅,1.国分寺街道,13,0,0,53,33,86,5
76,栄町３,府中街道×東八道路,R4/10,府中,A 西国分寺駅,1.国分寺街道,14,2,1,74,33,110,5
76,栄町３,府中街道×東八道路,R4/10,府中,A 西国分寺駅,1.国分寺街道,15,1,1,64,29,95,3
76,栄町３,府中街道×東八道路,R4/10,府中,A 西国分寺駅,1.国分寺街道,16,0,0,92,34,126,8
76,栄町３,府中街道×東八道路,R4/10,府中,A 西国分寺駅,1.国分寺街道,17,0,0,74,32,106,7
76,栄町３,府中街道×東八道路,R4/10,府中,A 西国分寺駅,1.国分寺街道,18,1,0,85,35,121,4
76,栄町３,府中街道×東八道路,R4/10,府中,A 西国分寺駅,1.国分寺街道,12時間計,11,9,865,427,1312,62
76,栄町３,府中街道×東八道路,R4/10,府中,A 西国分寺駅,2.甲州街道,7,22,13,326,216,577,51
76,栄町３,府中街道×東八道路,R4/10,府中,A 西国分寺駅,2.甲州街道,8,10,12,317,164,503,26
76,栄町３,府中街道×東八道路,R4/10,府中,A 西国分寺駅,2.甲州街道,9,11,12,266,137,426,23
76,栄町３,府中街道×東八道路,R4/10,府中,A 西国分寺駅,2.甲州街道,10,10,13,274,148,445,15
76,栄町３,府中街道×東八道路,R4/10,府中,A 西国分寺駅,2.甲州街道,11,7,15,219,144,385,25
76,栄町３,府中街道×東八道路,R4/10,府中,A 西国分寺駅,2.甲州街道,12,9,8,228,134,379,26
76,栄町３,府中街道×東八道路,R4/10,府中,A 西国分寺駅,2.甲州街道,13,8,5,205,149,367,27
76,栄町３,府中街道×東八道路,R4/10,府中,A 西国分寺駅,2.甲州街道,14,9,3,293,124,429,24
76,栄町３,府中街道×東八道路,R4/10,府中,A 西国分寺駅,2.甲州街道,15,11,10,261,139,421,21
76,栄町３,府中街道×東八道路,R4/10,府中,A 西国分寺駅,2.甲州街道,16,7,5,277,150,439,20
76,栄町３,府中街道×東八道路,R4/10,府中,A 西国分寺駅,2.甲州街道,17,12,6,328,125,471,20
76,栄町３,府中街道×東八道路,R4/10,府中,A 西国分寺駅,2.甲州街道,18,7,4,312,92,415,31
76,栄町３,府中街道×東八道路,R4/10,府中,A 西国分寺駅,2.甲州街道,12時間計,123,106,3306,1722,5257,309
76,栄町３,府中街道×東八道路,R4/10,府中,A 西国分寺駅,流入計,7,26,15,400,260,701,61
76,栄町３,府中街道×東八道路,R4/10,府中,A 西国分寺駅,流入計,8,11,13,391,198,613,33
76,栄町３,府中街道×東八道路,R4/10,府中,A 西国分寺駅,流入計,9,11,14,330,175,530,26
76,栄町３,府中街道×東八道路,R4/10,府中,A 西国分寺駅,流入計,10,10,14,347,190,561,18
76,栄町３,府中街道×東八道路,R4/10,府中,A 西国分寺駅,流入計,11,7,16,284,189,496,27
76,栄町３,府中街道×東八道路,R4/10,府中,A 西国分寺駅,流入計,12,11,8,301,162,482,31
76,栄町３,府中街道×東八道路,R4/10,府中,A 西国分寺駅,流入計,13,8,5,258,182,453,32
76,栄町３,府中街道×東八道路,R4/10,府中,A 西国分寺駅,流入計,14,11,4,367,157,539,29
76,栄町３,府中街道×東八道路,R4/10,府中,A 西国分寺駅,流入計,15,12,11,325,168,516,24
76,栄町３,府中街道×東八道路,R4/10,府中,A 西国分寺駅,流入計,16,7,5,369,184,565,28
76,栄町３,府中街道×東八道路,R4/10,府中,A 西国分寺駅,流入計,17,12,6,402,157,577,27
76,栄町３,府中街道×東八道路,R4/10,府中,A 西国分寺駅,流入計,18,8,4,397,127,536,35
76,栄町３,府中街道×東八道路,R4/10,府中,A 西国分寺駅,流入計,12時間計,134,115,4171,2149,6569,371
76,栄町３,府中街道×東八道路,R4/10,府中,B 国立府中ＩＣ,3.国分寺街道,7,6,12,488,419,925,84
76,栄町３,府中街道×東八道路,R4/10,府中,B 国立府中ＩＣ,3.国分寺街道,8,3,20,647,248,918,39
76,栄町３,府中街道×東八道路,R4/10,府中,B 国立府中ＩＣ,3.国分寺街道,9,2,32,512,345,891,37
76,栄町３,府中街道×東八道路,R4/10,府中,B 国立府中ＩＣ,3.国分寺街道,10,2,17,359,319,697,29
76,栄町３,府中街道×東八道路,R4/10,府中,B 国立府中ＩＣ,3.国分寺街道,11,5,17,286,227,535,20
76,栄町３,府中街道×東八道路,R4/10,府中,B 国立府中ＩＣ,3.国分寺街道,12,5,8,264,178,455,28
76,栄町３,府中街道×東八道路,R4/10,府中,B 国立府中ＩＣ,3.国分寺街道,13,7,10,394,269,680,21
76,栄町３,府中街道×東八道路,R4/10,府中,B 国立府中ＩＣ,3.国分寺街道,14,3,12,416,305,736,23
76,栄町３,府中街道×東八道路,R4/10,府中,B 国立府中ＩＣ,3.国分寺街道,15,6,11,438,180,635,17
76,栄町３,府中街道×東八道路,R4/10,府中,B 国立府中ＩＣ,3.国分寺街道,16,9,8,490,251,758,24
76,栄町３,府中街道×東八道路,R4/10,府中,B 国立府中ＩＣ,3.国分寺街道,17,0,7,473,437,917,66
76,栄町３,府中街道×東八道路,R4/10,府中,B 国立府中ＩＣ,3.国分寺街道,18,0,1,517,343,861,35
76,栄町３,府中街道×東八道路,R4/10,府中,B 国立府中ＩＣ,3.国分寺街道,12時間計,48,155,5284,3521,9008,423
76,栄町３,府中街道×東八道路,R4/10,府中,B 国立府中ＩＣ,流入計,7,6,12,488,419,925,84
76,栄町３,府中街道×東八道路,R4/10,府中,B 国立府中ＩＣ,流入計,8,3,20,647,248,918,39
76,栄町３,府中街道×東八道路,R4/10,府中,B 国立府中ＩＣ,流入計,9,2,32,512,345,891,37
76,栄町３,府中街道×東八道路,R4/10,府中,B 国立府中ＩＣ,流入計,10,2,17,359,319,697,29
76,栄町３,府中街道×東八道路,R4/10,府中,B 国立府中ＩＣ,流入計,11,5,17,286,227,535,20
76,栄町３,府中街道×東八道路,R4/10,府中,B 国立府中ＩＣ,流入計,12,5,8,264,178,455,28
76,栄町３,府中街道×東八道路,R4/10,府中,B 国立府中ＩＣ,流入計,13,7,10,394,269,680,21
76,栄町３,府中街道×東八道路,R4/10,府中,B 国立府中ＩＣ,流入計,14,3,12,416,305,736,23
76,栄町３,府中街道×東八道路,R4/10,府中,B 国立府中ＩＣ,流入計,15,6,11,438,180,635,17
76,栄町３,府中街道×東八道路,R4/10,府中,B 国立府中ＩＣ,流入計,16,9,8,490,251,758,24
76,栄町３,府中街道×東八道路,R4/10,府中,B 国立府中ＩＣ,流入計,17,0,7,473,437,917,66
76,栄町３,府中街道×東八道路,R4/10,府中,B 国立府中ＩＣ,流入計,18,0,1,517,343,861,35
76,栄町３,府中街道×東八道路,R4/10,府中,B 国立府中ＩＣ,流入計,12時間計,48,155,5284,3521,9008,423
76,栄町３,府中街道×東八道路,R4/10,府中,C 甲州街道,4.西国分寺駅,7,14,2,279,136,431,20
76,栄町３,府中街道×東八道路,R4/10,府中,C 甲州街道,4.西国分寺駅,8,11,8,263,126,408,22
76,栄町３,府中街道×東八道路,R4/10,府中,C 甲州街道,4.西国分寺駅,9,9,10,251,136,406,18
76,栄町３,府中街道×東八道路,R4/10,府中,C 甲州街道,4.西国分寺駅,10,8,3,219,145,375,23
76,栄町３,府中街道×東八道路,R4/10,府中,C 甲州街道,4.西国分寺駅,11,10,11,229,140,390,19
76,栄町３,府中街道×東八道路,R4/10,府中,C 甲州街道,4.西国分寺駅,12,7,7,258,122,394,23
76,栄町３,府中街道×東八道路,R4/10,府中,C 甲州街道,4.西国分寺駅,13,9,10,265,134,418,18
76,栄町３,府中街道×東八道路,R4/10,府中,C 甲州街道,4.西国分寺駅,14,10,3,226,111,350,18
76,栄町３,府中街道×東八道路,R4/10,府中,C 甲州街道,4.西国分寺駅,15,13,3,263,144,423,20
76,栄町３,府中街道×東八道路,R4/10,府中,C 甲州街道,4.西国分寺駅,16,18,3,282,140,443,21
76,栄町３,府中街道×東八道路,R4/10,府中,C 甲州街道,4.西国分寺駅,17,8,4,317,142,471,41
76,栄町３,府中街道×東八道路,R4/10,府中,C 甲州街道,4.西国分寺駅,18,5,3,302,128,438,42
76,栄町３,府中街道×東八道路,R4/10,府中,C 甲州街道,4.西国分寺駅,12時間計,122,67,3154,1604,4947,285
76,栄町３,府中街道×東八道路,R4/10,府中,C 甲州街道,5.国分寺街道,7,0,0,10,7,17,0
76,栄町３,府中街道×東八道路,R4/10,府中,C 甲州街道,5.国分寺街道,8,0,1,21,9,31,0
76,栄町３,府中街道×東八道路,R4/10,府中,C 甲州街道,5.国分寺街道,9,1,0,13,10,24,1
76,栄町３,府中街道×東八道路,R4/10,府中,C 甲州街道,5.国分寺街道,10,0,1,24,20,45,1
76,栄町３,府中街道×東八道路,R4/10,府中,C 甲州街道,5.国分寺街道,11,1,0,24,18,43,2
76,栄町３,府中街道×東八道路,R4/10,府中,C 甲州街道,5.国分寺街道,12,1,0,18,11,30,1
76,栄町３,府中街道×東八道路,R4/10,府中,C 甲州街道,5.国分寺街道,13,1,2,19,6,28,2
76,栄町３,府中街道×東八道路,R4/10,府中,C 甲州街道,5.国分寺街道,14,4,1,7,7,19,1
76,栄町３,府中街道×東八道路,R4/10,府中,C 甲州街道,5.国分寺街道,15,3,0,17,12,32,4
76,栄町３,府中街道×東八道路,R4/10,府中,C 甲州街道,5.国分寺街道,16,1,0,24,19,44,1
76,栄町３,府中街道×東八道路,R4/10,府中,C 甲州街道,5.国分寺街道,17,2,0,15,10,27,2
76,栄町３,府中街道×東八道路,R4/10,府中,C 甲州街道,5.国分寺街道,18,1,0,17,8,26,1
76,栄町３,府中街道×東八道路,R4/10,府中,C 甲州街道,5.国分寺街道,12時間計,15,5,209,137,366,16
76,栄町３,府中街道×東八道路,R4/10,府中,C 甲州街道,流入計,7,14,2,289,143,448,20
76,栄町３,府中街道×東八道路,R4/10,府中,C 甲州街道,流入計,8,11,9,284,135,439,22
76,栄町３,府中街道×東八道路,R4/10,府中,C 甲州街道,流入計,9,10,10,264,146,430,19
76,栄町３,府中街道×東八道路,R4/10,府中,C 甲州街道,流入計,10,8,4,243,165,420,24
76,栄町３,府中街道×東八道路,R4/10,府中,C 甲州街道,流入計,11,11,11,253,158,433,21
76,栄町３,府中街道×東八道路,R4/10,府中,C 甲州街道,流入計,12,8,7,276,133,424,24
76,栄町３,府中街道×東八道路,R4/10,府中,C 甲州街道,流入計,13,10,12,284,140,446,20
76,栄町３,府中街道×東八道路,R4/10,府中,C 甲州街道,流入計,14,14,4,233,118,369,19
76,栄町３,府中街道×東八道路,R4/10,府中,C 甲州街道,流入計,15,16,3,280,156,455,24
76,栄町３,府中街道×東八道路,R4/10,府中,C 甲州街道,流入計,16,19,3,306,159,487,22
76,栄町３,府中街道×東八道路,R4/10,府中,C 甲州街道,流入計,17,10,4,332,152,498,43
76,栄町３,府中街道×東八道路,R4/10,府中,C 甲州街道,流入計,18,6,3,319,136,464,43
76,栄町３,府中街道×東八道路,R4/10,府中,C 甲州街道,流入計,12時間計,137,72,3363,1741,5313,301
76,栄町３,府中街道×東八道路,R4/10,府中,D 国分寺街道,6.甲州街道,7,2,0,22,21,45,8
76,栄町３,府中街道×東八道路,R4/10,府中,D 国分寺街道,6.甲州街道,8,4,0,23,24,51,2
76,栄町３,府中街道×東八道路,R4/10,府中,D 国分寺街道,6.甲州街道,9,1,1,35,16,53,1
76,栄町３,府中街道×東八道路,R4/10,府中,D 国分寺街道,6.甲州街道,10,1,1,38,26,66,2
76,栄町３,府中街道×東八道路,R4/10,府中,D 国分寺街道,6.甲州街道,11,1,0,37,26,64,5
76,栄町３,府中街道×東八道路,R4/10,府中,D 国分寺街道,6.甲州街道,12,2,1,32,16,51,2
76,栄町３,府中街道×東八道路,R4/10,府中,D 国分寺街道,6.甲州街道,13,0,0,28,15,43,2
76,栄町３,府中街道×東八道路,R4/10,府中,D 国分寺街道,6.甲州街道,14,0,0,37,19,56,1
76,栄町３,府中街道×東八道路,R4/10,府中,D 国分寺街道,6.甲州街道,15,3,1,21,20,45,0
76,栄町３,府中街道×東八道路,R4/10,府中,D 国分寺街道,6.甲州街道,16,4,1,39,23,67,2
76,栄町３,府中街道×東八道路,R4/10,府中,D 国分寺街道,6.甲州街道,17,0,0,38,16,54,1
76,栄町３,府中街道×東八道路,R4/10,府中,D 国分寺街道,6.甲州街道,18,1,1,34,12,48,1
76,栄町３,府中街道×東八道路,R4/10,府中,D 国分寺街道,6.甲州街道,12時間計,19,6,384,234,643,27
76,栄町３,府中街道×東八道路,R4/10,府中,D 国分寺街道,7.西国分寺駅,7,2,2,61,37,102,7
76,栄町３,府中街道×東八道路,R4/10,府中,D 国分寺街道,7.西国分寺駅,8,4,2,77,39,122,4
76,栄町３,府中街道×東八道路,R4/10,府中,D 国分寺街道,7.西国分寺駅,9,1,2,62,41,106,2
76,栄町３,府中街道×東八道路,R4/10,府中,D 国分寺街道,7.西国分寺駅,10,1,0,58,38,97,5
76,栄町３,府中街道×東八道路,R4/10,府中,D 国分寺街道,7.西国分寺駅,11,1,3,67,39,110,4
76,栄町３,府中街道×東八道路,R4/10,府中,D 国分寺街道,7.西国分寺駅,12,0,1,62,40,103,7
76,栄町３,府中街道×東八道路,R4/10,府中,D 国分寺街道,7.西国分寺駅,13,1,2,65,41,109,3
76,栄町３,府中街道×東八道路,R4/10,府中,D 国分寺街道,7.西国分寺駅,14,2,1,55,31,89,5
76,栄町３,府中街道×東八道路,R4/10,府中,D 国分寺街道,7.西国分寺駅,15,3,1,81,45,130,4
76,栄町３,府中街道×東八道路,R4/10,府中,D 国分寺街道,7.西国分寺駅,16,4,0,68,53,125,7
76,栄町３,府中街道×東八道路,R4/10,府中,D 国分寺街道,7.西国分寺駅,17,3,0,79,39,121,12
76,栄町３,府中街道×東八道路,R4/10,府中,D 国分寺街道,7.西国分寺駅,18,3,0,77,46,126,6
76,栄町３,府中街道×東八道路,R4/10,府中,D 国分寺街道,7.西国分寺駅,12時間計,25,14,812,489,1340,66
76,栄町３,府中街道×東八道路,R4/10,府中,D 国分寺街道,8.国立府中ＩＣ,7,1,21,481,294,797,58
76,栄町３,府中街道×東八道路,R4/10,府中,D 国分寺街道,8.国立府中ＩＣ,8,5,18,542,233,798,50
76,栄町３,府中街道×東八道路,R4/10,府中,D 国分寺街道,8.国立府中ＩＣ,9,3,34,419,205,661,32
76,栄町３,府中街道×東八道路,R4/10,府中,D 国分寺街道,8.国立府中ＩＣ,10,1,14,371,173,559,27
76,栄町３,府中街道×東八道路,R4/10,府中,D 国分寺街道,8.国立府中ＩＣ,11,3,16,458,162,639,20
76,栄町３,府中街道×東八道路,R4/10,府中,D 国分寺街道,8.国立府中ＩＣ,12,6,26,419,219,670,31
76,栄町３,府中街道×東八道路,R4/10,府中,D 国分寺街道,8.国立府中ＩＣ,13,6,32,457,228,723,24
76,栄町３,府中街道×東八道路,R4/10,府中,D 国分寺街道,8.国立府中ＩＣ,14,2,12,416,259,689,30
76,栄町３,府中街道×東八道路,R4/10,府中,D 国分寺街道,8.国立府中ＩＣ,15,7,24,436,272,739,23
76,栄町３,府中街道×東八道路,R4/10,府中,D 国分寺街道,8.国立府中ＩＣ,16,4,19,535,261,819,23
76,栄町３,府中街道×東八道路,R4/10,府中,D 国分寺街道,8.国立府中ＩＣ,17,3,9,545,260,817,38
76,栄町３,府中街道×東八道路,R4/10,府中,D 国分寺街道,8.国立府中ＩＣ,18,1,10,588,170,769,50
76,栄町３,府中街道×東八道路,R4/10,府中,D 国分寺街道,8.国立府中ＩＣ,12時間計,42,235,5667,2736,8680,406
76,栄町３,府中街道×東八道路,R4/10,府中,D 国分寺街道,流入計,7,5,23,564,352,944,73
76,栄町３,府中街道×東八道路,R4/10,府中,D 国分寺街道,流入計,8,13,20,642,296,971,56
76,栄町３,府中街道×東八道路,R4/10,府中,D 国分寺街道,流入計,9,5,37,516,262,820,35
76,栄町３,府中街道×東八道路,R4/10,府中,D 国分寺街道,流入計,10,3,15,467,237,722,34
76,栄町３,府中街道×東八道路,R4/10,府中,D 国分寺街道,流入計,11,5,19,562,227,813,29
76,栄町３,府中街道×東八道路,R4/10,府中,D 国分寺街道,流入計,12,8,28,513,275,824,40
76,栄町３,府中街道×東八道路,R4/10,府中,D 国分寺街道,流入計,13,7,34,550,284,875,29
76,栄町３,府中街道×東八道路,R4/10,府中,D 国分寺街道,流入計,14,4,13,508,309,834,36
76,栄町３,府中街道×東八道路,R4/10,府中,D 国分寺街道,流入計,15,13,26,538,337,914,27
76,栄町３,府中街道×東八道路,R4/10,府中,D 国分寺街道,流入計,16,12,20,642,337,1011,32
76,栄町３,府中街道×東八道路,R4/10,府中,D 国分寺街道,流入計,17,6,9,662,315,992,51
76,栄町３,府中街道×東八道路,R4/10,府中,D 国分寺街道,流入計,18,5,11,699,228,943,57
76,栄町３,府中街道×東八道路,R4/10,府中,D 国分寺街道,流入計,12時間計,86,255,6863,3459,10663,499
