﻿地点番号,地点名,交差道路名,調査年月,管轄警察署,流入方向,流出方向,時間帯等,車道通行自転車,歩道通行自転車,自転車計
76,栄町３,府中街道×東八道路,R4/10,府中,A 西国分寺駅,1国分寺街道,7,0,-,-
76,栄町３,府中街道×東八道路,R4/10,府中,A 西国分寺駅,1国分寺街道,8,0,-,-
76,栄町３,府中街道×東八道路,R4/10,府中,A 西国分寺駅,1国分寺街道,9,0,-,-
76,栄町３,府中街道×東八道路,R4/10,府中,A 西国分寺駅,1国分寺街道,10,0,-,-
76,栄町３,府中街道×東八道路,R4/10,府中,A 西国分寺駅,1国分寺街道,11,0,-,-
76,栄町３,府中街道×東八道路,R4/10,府中,A 西国分寺駅,1国分寺街道,12,2,-,-
76,栄町３,府中街道×東八道路,R4/10,府中,A 西国分寺駅,1国分寺街道,13,0,-,-
76,栄町３,府中街道×東八道路,R4/10,府中,A 西国分寺駅,1国分寺街道,14,0,-,-
76,栄町３,府中街道×東八道路,R4/10,府中,A 西国分寺駅,1国分寺街道,15,3,-,-
76,栄町３,府中街道×東八道路,R4/10,府中,A 西国分寺駅,1国分寺街道,16,2,-,-
76,栄町３,府中街道×東八道路,R4/10,府中,A 西国分寺駅,1国分寺街道,17,0,-,-
76,栄町３,府中街道×東八道路,R4/10,府中,A 西国分寺駅,1国分寺街道,18,0,-,-
76,栄町３,府中街道×東八道路,R4/10,府中,A 西国分寺駅,1国分寺街道,12時間計,7,-,-
76,栄町３,府中街道×東八道路,R4/10,府中,A 西国分寺駅,2甲州街道,7,27,-,-
76,栄町３,府中街道×東八道路,R4/10,府中,A 西国分寺駅,2甲州街道,8,26,-,-
76,栄町３,府中街道×東八道路,R4/10,府中,A 西国分寺駅,2甲州街道,9,12,-,-
76,栄町３,府中街道×東八道路,R4/10,府中,A 西国分寺駅,2甲州街道,10,7,-,-
76,栄町３,府中街道×東八道路,R4/10,府中,A 西国分寺駅,2甲州街道,11,3,-,-
76,栄町３,府中街道×東八道路,R4/10,府中,A 西国分寺駅,2甲州街道,12,2,-,-
76,栄町３,府中街道×東八道路,R4/10,府中,A 西国分寺駅,2甲州街道,13,2,-,-
76,栄町３,府中街道×東八道路,R4/10,府中,A 西国分寺駅,2甲州街道,14,6,-,-
76,栄町３,府中街道×東八道路,R4/10,府中,A 西国分寺駅,2甲州街道,15,6,-,-
76,栄町３,府中街道×東八道路,R4/10,府中,A 西国分寺駅,2甲州街道,16,6,-,-
76,栄町３,府中街道×東八道路,R4/10,府中,A 西国分寺駅,2甲州街道,17,5,-,-
76,栄町３,府中街道×東八道路,R4/10,府中,A 西国分寺駅,2甲州街道,18,7,-,-
76,栄町３,府中街道×東八道路,R4/10,府中,A 西国分寺駅,2甲州街道,12時間計,109,-,-
76,栄町３,府中街道×東八道路,R4/10,府中,A 西国分寺駅,流入計,7,27,169,196
76,栄町３,府中街道×東八道路,R4/10,府中,A 西国分寺駅,流入計,8,26,170,196
76,栄町３,府中街道×東八道路,R4/10,府中,A 西国分寺駅,流入計,9,12,72,84
76,栄町３,府中街道×東八道路,R4/10,府中,A 西国分寺駅,流入計,10,7,77,84
76,栄町３,府中街道×東八道路,R4/10,府中,A 西国分寺駅,流入計,11,3,43,46
76,栄町３,府中街道×東八道路,R4/10,府中,A 西国分寺駅,流入計,12,4,58,62
76,栄町３,府中街道×東八道路,R4/10,府中,A 西国分寺駅,流入計,13,2,46,48
76,栄町３,府中街道×東八道路,R4/10,府中,A 西国分寺駅,流入計,14,6,52,58
76,栄町３,府中街道×東八道路,R4/10,府中,A 西国分寺駅,流入計,15,9,52,61
76,栄町３,府中街道×東八道路,R4/10,府中,A 西国分寺駅,流入計,16,8,106,114
76,栄町３,府中街道×東八道路,R4/10,府中,A 西国分寺駅,流入計,17,5,87,92
76,栄町３,府中街道×東八道路,R4/10,府中,A 西国分寺駅,流入計,18,7,104,111
76,栄町３,府中街道×東八道路,R4/10,府中,A 西国分寺駅,流入計,12時間計,116,1036,1152
76,栄町３,府中街道×東八道路,R4/10,府中,B 国立府中ＩＣ,3国分寺街道,7,0,-,-
76,栄町３,府中街道×東八道路,R4/10,府中,B 国立府中ＩＣ,3国分寺街道,8,0,-,-
76,栄町３,府中街道×東八道路,R4/10,府中,B 国立府中ＩＣ,3国分寺街道,9,0,-,-
76,栄町３,府中街道×東八道路,R4/10,府中,B 国立府中ＩＣ,3国分寺街道,10,0,-,-
76,栄町３,府中街道×東八道路,R4/10,府中,B 国立府中ＩＣ,3国分寺街道,11,0,-,-
76,栄町３,府中街道×東八道路,R4/10,府中,B 国立府中ＩＣ,3国分寺街道,12,0,-,-
76,栄町３,府中街道×東八道路,R4/10,府中,B 国立府中ＩＣ,3国分寺街道,13,0,-,-
76,栄町３,府中街道×東八道路,R4/10,府中,B 国立府中ＩＣ,3国分寺街道,14,0,-,-
76,栄町３,府中街道×東八道路,R4/10,府中,B 国立府中ＩＣ,3国分寺街道,15,0,-,-
76,栄町３,府中街道×東八道路,R4/10,府中,B 国立府中ＩＣ,3国分寺街道,16,0,-,-
76,栄町３,府中街道×東八道路,R4/10,府中,B 国立府中ＩＣ,3国分寺街道,17,1,-,-
76,栄町３,府中街道×東八道路,R4/10,府中,B 国立府中ＩＣ,3国分寺街道,18,1,-,-
76,栄町３,府中街道×東八道路,R4/10,府中,B 国立府中ＩＣ,3国分寺街道,12時間計,2,-,-
76,栄町３,府中街道×東八道路,R4/10,府中,B 国立府中ＩＣ,流入計,7,0,40,40
76,栄町３,府中街道×東八道路,R4/10,府中,B 国立府中ＩＣ,流入計,8,0,78,78
76,栄町３,府中街道×東八道路,R4/10,府中,B 国立府中ＩＣ,流入計,9,0,51,51
76,栄町３,府中街道×東八道路,R4/10,府中,B 国立府中ＩＣ,流入計,10,0,58,58
76,栄町３,府中街道×東八道路,R4/10,府中,B 国立府中ＩＣ,流入計,11,0,42,42
76,栄町３,府中街道×東八道路,R4/10,府中,B 国立府中ＩＣ,流入計,12,0,49,49
76,栄町３,府中街道×東八道路,R4/10,府中,B 国立府中ＩＣ,流入計,13,0,46,46
76,栄町３,府中街道×東八道路,R4/10,府中,B 国立府中ＩＣ,流入計,14,0,68,68
76,栄町３,府中街道×東八道路,R4/10,府中,B 国立府中ＩＣ,流入計,15,0,30,30
76,栄町３,府中街道×東八道路,R4/10,府中,B 国立府中ＩＣ,流入計,16,0,41,41
76,栄町３,府中街道×東八道路,R4/10,府中,B 国立府中ＩＣ,流入計,17,1,141,142
76,栄町３,府中街道×東八道路,R4/10,府中,B 国立府中ＩＣ,流入計,18,1,119,120
76,栄町３,府中街道×東八道路,R4/10,府中,B 国立府中ＩＣ,流入計,12時間計,2,763,765
76,栄町３,府中街道×東八道路,R4/10,府中,C 甲州街道,4西国分寺駅,7,11,-,-
76,栄町３,府中街道×東八道路,R4/10,府中,C 甲州街道,4西国分寺駅,8,17,-,-
76,栄町３,府中街道×東八道路,R4/10,府中,C 甲州街道,4西国分寺駅,9,4,-,-
76,栄町３,府中街道×東八道路,R4/10,府中,C 甲州街道,4西国分寺駅,10,6,-,-
76,栄町３,府中街道×東八道路,R4/10,府中,C 甲州街道,4西国分寺駅,11,3,-,-
76,栄町３,府中街道×東八道路,R4/10,府中,C 甲州街道,4西国分寺駅,12,8,-,-
76,栄町３,府中街道×東八道路,R4/10,府中,C 甲州街道,4西国分寺駅,13,3,-,-
76,栄町３,府中街道×東八道路,R4/10,府中,C 甲州街道,4西国分寺駅,14,3,-,-
76,栄町３,府中街道×東八道路,R4/10,府中,C 甲州街道,4西国分寺駅,15,9,-,-
76,栄町３,府中街道×東八道路,R4/10,府中,C 甲州街道,4西国分寺駅,16,15,-,-
76,栄町３,府中街道×東八道路,R4/10,府中,C 甲州街道,4西国分寺駅,17,16,-,-
76,栄町３,府中街道×東八道路,R4/10,府中,C 甲州街道,4西国分寺駅,18,9,-,-
76,栄町３,府中街道×東八道路,R4/10,府中,C 甲州街道,4西国分寺駅,12時間計,104,-,-
76,栄町３,府中街道×東八道路,R4/10,府中,C 甲州街道,5国分寺街道,7,0,-,-
76,栄町３,府中街道×東八道路,R4/10,府中,C 甲州街道,5国分寺街道,8,0,-,-
76,栄町３,府中街道×東八道路,R4/10,府中,C 甲州街道,5国分寺街道,9,0,-,-
76,栄町３,府中街道×東八道路,R4/10,府中,C 甲州街道,5国分寺街道,10,0,-,-
76,栄町３,府中街道×東八道路,R4/10,府中,C 甲州街道,5国分寺街道,11,0,-,-
76,栄町３,府中街道×東八道路,R4/10,府中,C 甲州街道,5国分寺街道,12,0,-,-
76,栄町３,府中街道×東八道路,R4/10,府中,C 甲州街道,5国分寺街道,13,0,-,-
76,栄町３,府中街道×東八道路,R4/10,府中,C 甲州街道,5国分寺街道,14,0,-,-
76,栄町３,府中街道×東八道路,R4/10,府中,C 甲州街道,5国分寺街道,15,0,-,-
76,栄町３,府中街道×東八道路,R4/10,府中,C 甲州街道,5国分寺街道,16,0,-,-
76,栄町３,府中街道×東八道路,R4/10,府中,C 甲州街道,5国分寺街道,17,0,-,-
76,栄町３,府中街道×東八道路,R4/10,府中,C 甲州街道,5国分寺街道,18,0,-,-
76,栄町３,府中街道×東八道路,R4/10,府中,C 甲州街道,5国分寺街道,12時間計,0,-,-
76,栄町３,府中街道×東八道路,R4/10,府中,C 甲州街道,流入計,7,11,109,120
76,栄町３,府中街道×東八道路,R4/10,府中,C 甲州街道,流入計,8,17,138,155
76,栄町３,府中街道×東八道路,R4/10,府中,C 甲州街道,流入計,9,4,46,50
76,栄町３,府中街道×東八道路,R4/10,府中,C 甲州街道,流入計,10,6,49,55
76,栄町３,府中街道×東八道路,R4/10,府中,C 甲州街道,流入計,11,3,45,48
76,栄町３,府中街道×東八道路,R4/10,府中,C 甲州街道,流入計,12,8,69,77
76,栄町３,府中街道×東八道路,R4/10,府中,C 甲州街道,流入計,13,3,46,49
76,栄町３,府中街道×東八道路,R4/10,府中,C 甲州街道,流入計,14,3,52,55
76,栄町３,府中街道×東八道路,R4/10,府中,C 甲州街道,流入計,15,9,85,94
76,栄町３,府中街道×東八道路,R4/10,府中,C 甲州街道,流入計,16,15,91,106
76,栄町３,府中街道×東八道路,R4/10,府中,C 甲州街道,流入計,17,16,116,132
76,栄町３,府中街道×東八道路,R4/10,府中,C 甲州街道,流入計,18,9,118,127
76,栄町３,府中街道×東八道路,R4/10,府中,C 甲州街道,流入計,12時間計,104,964,1068
76,栄町３,府中街道×東八道路,R4/10,府中,D 国分寺街道,6甲州街道,7,0,-,-
76,栄町３,府中街道×東八道路,R4/10,府中,D 国分寺街道,6甲州街道,8,0,-,-
76,栄町３,府中街道×東八道路,R4/10,府中,D 国分寺街道,6甲州街道,9,0,-,-
76,栄町３,府中街道×東八道路,R4/10,府中,D 国分寺街道,6甲州街道,10,0,-,-
76,栄町３,府中街道×東八道路,R4/10,府中,D 国分寺街道,6甲州街道,11,0,-,-
76,栄町３,府中街道×東八道路,R4/10,府中,D 国分寺街道,6甲州街道,12,0,-,-
76,栄町３,府中街道×東八道路,R4/10,府中,D 国分寺街道,6甲州街道,13,1,-,-
76,栄町３,府中街道×東八道路,R4/10,府中,D 国分寺街道,6甲州街道,14,0,-,-
76,栄町３,府中街道×東八道路,R4/10,府中,D 国分寺街道,6甲州街道,15,0,-,-
76,栄町３,府中街道×東八道路,R4/10,府中,D 国分寺街道,6甲州街道,16,0,-,-
76,栄町３,府中街道×東八道路,R4/10,府中,D 国分寺街道,6甲州街道,17,0,-,-
76,栄町３,府中街道×東八道路,R4/10,府中,D 国分寺街道,6甲州街道,18,0,-,-
76,栄町３,府中街道×東八道路,R4/10,府中,D 国分寺街道,6甲州街道,12時間計,1,-,-
76,栄町３,府中街道×東八道路,R4/10,府中,D 国分寺街道,7西国分寺駅,7,0,-,-
76,栄町３,府中街道×東八道路,R4/10,府中,D 国分寺街道,7西国分寺駅,8,0,-,-
76,栄町３,府中街道×東八道路,R4/10,府中,D 国分寺街道,7西国分寺駅,9,0,-,-
76,栄町３,府中街道×東八道路,R4/10,府中,D 国分寺街道,7西国分寺駅,10,1,-,-
76,栄町３,府中街道×東八道路,R4/10,府中,D 国分寺街道,7西国分寺駅,11,0,-,-
76,栄町３,府中街道×東八道路,R4/10,府中,D 国分寺街道,7西国分寺駅,12,1,-,-
76,栄町３,府中街道×東八道路,R4/10,府中,D 国分寺街道,7西国分寺駅,13,0,-,-
76,栄町３,府中街道×東八道路,R4/10,府中,D 国分寺街道,7西国分寺駅,14,0,-,-
76,栄町３,府中街道×東八道路,R4/10,府中,D 国分寺街道,7西国分寺駅,15,0,-,-
76,栄町３,府中街道×東八道路,R4/10,府中,D 国分寺街道,7西国分寺駅,16,0,-,-
76,栄町３,府中街道×東八道路,R4/10,府中,D 国分寺街道,7西国分寺駅,17,2,-,-
76,栄町３,府中街道×東八道路,R4/10,府中,D 国分寺街道,7西国分寺駅,18,0,-,-
76,栄町３,府中街道×東八道路,R4/10,府中,D 国分寺街道,7西国分寺駅,12時間計,4,-,-
76,栄町３,府中街道×東八道路,R4/10,府中,D 国分寺街道,8国立府中ＩＣ,7,3,-,-
76,栄町３,府中街道×東八道路,R4/10,府中,D 国分寺街道,8国立府中ＩＣ,8,0,-,-
76,栄町３,府中街道×東八道路,R4/10,府中,D 国分寺街道,8国立府中ＩＣ,9,0,-,-
76,栄町３,府中街道×東八道路,R4/10,府中,D 国分寺街道,8国立府中ＩＣ,10,0,-,-
76,栄町３,府中街道×東八道路,R4/10,府中,D 国分寺街道,8国立府中ＩＣ,11,0,-,-
76,栄町３,府中街道×東八道路,R4/10,府中,D 国分寺街道,8国立府中ＩＣ,12,0,-,-
76,栄町３,府中街道×東八道路,R4/10,府中,D 国分寺街道,8国立府中ＩＣ,13,0,-,-
76,栄町３,府中街道×東八道路,R4/10,府中,D 国分寺街道,8国立府中ＩＣ,14,0,-,-
76,栄町３,府中街道×東八道路,R4/10,府中,D 国分寺街道,8国立府中ＩＣ,15,0,-,-
76,栄町３,府中街道×東八道路,R4/10,府中,D 国分寺街道,8国立府中ＩＣ,16,0,-,-
76,栄町３,府中街道×東八道路,R4/10,府中,D 国分寺街道,8国立府中ＩＣ,17,0,-,-
76,栄町３,府中街道×東八道路,R4/10,府中,D 国分寺街道,8国立府中ＩＣ,18,0,-,-
76,栄町３,府中街道×東八道路,R4/10,府中,D 国分寺街道,8国立府中ＩＣ,12時間計,3,-,-
76,栄町３,府中街道×東八道路,R4/10,府中,D 国分寺街道,流入計,7,3,154,157
76,栄町３,府中街道×東八道路,R4/10,府中,D 国分寺街道,流入計,8,0,143,143
76,栄町３,府中街道×東八道路,R4/10,府中,D 国分寺街道,流入計,9,0,72,72
76,栄町３,府中街道×東八道路,R4/10,府中,D 国分寺街道,流入計,10,1,53,54
76,栄町３,府中街道×東八道路,R4/10,府中,D 国分寺街道,流入計,11,0,46,46
76,栄町３,府中街道×東八道路,R4/10,府中,D 国分寺街道,流入計,12,1,97,98
76,栄町３,府中街道×東八道路,R4/10,府中,D 国分寺街道,流入計,13,1,47,48
76,栄町３,府中街道×東八道路,R4/10,府中,D 国分寺街道,流入計,14,0,49,49
76,栄町３,府中街道×東八道路,R4/10,府中,D 国分寺街道,流入計,15,0,122,122
76,栄町３,府中街道×東八道路,R4/10,府中,D 国分寺街道,流入計,16,0,77,77
76,栄町３,府中街道×東八道路,R4/10,府中,D 国分寺街道,流入計,17,2,87,89
76,栄町３,府中街道×東八道路,R4/10,府中,D 国分寺街道,流入計,18,0,86,86
76,栄町３,府中街道×東八道路,R4/10,府中,D 国分寺街道,流入計,12時間計,8,1033,1041
76,栄町３,府中街道×東八道路,R4/10,府中,全方向計,全方向計,7,41,472,513
76,栄町３,府中街道×東八道路,R4/10,府中,全方向計,全方向計,8,43,529,572
76,栄町３,府中街道×東八道路,R4/10,府中,全方向計,全方向計,9,16,241,257
76,栄町３,府中街道×東八道路,R4/10,府中,全方向計,全方向計,10,14,237,251
76,栄町３,府中街道×東八道路,R4/10,府中,全方向計,全方向計,11,6,176,182
76,栄町３,府中街道×東八道路,R4/10,府中,全方向計,全方向計,12,13,273,286
76,栄町３,府中街道×東八道路,R4/10,府中,全方向計,全方向計,13,6,185,191
76,栄町３,府中街道×東八道路,R4/10,府中,全方向計,全方向計,14,9,221,230
76,栄町３,府中街道×東八道路,R4/10,府中,全方向計,全方向計,15,18,289,307
76,栄町３,府中街道×東八道路,R4/10,府中,全方向計,全方向計,16,23,315,338
76,栄町３,府中街道×東八道路,R4/10,府中,全方向計,全方向計,17,24,431,455
76,栄町３,府中街道×東八道路,R4/10,府中,全方向計,全方向計,18,17,427,444
76,栄町３,府中街道×東八道路,R4/10,府中,全方向計,全方向計,12時間計,230,3796,4026
