﻿地点番号,地点名,交差道路名,調査年月,管轄警察署,流入方向,流出方向,時間帯等,大型乗用,大型貨物,普通乗用,普通貨物,四輪計,二輪車
81,天王橋,八王子武蔵村山線×五日市街道,R4/10,立川,A 武蔵村山,1.玉川上水,7,0,0,7,1,8,1
81,天王橋,八王子武蔵村山線×五日市街道,R4/10,立川,A 武蔵村山,1.玉川上水,8,0,0,2,1,3,0
81,天王橋,八王子武蔵村山線×五日市街道,R4/10,立川,A 武蔵村山,1.玉川上水,9,0,0,1,1,2,0
81,天王橋,八王子武蔵村山線×五日市街道,R4/10,立川,A 武蔵村山,1.玉川上水,10,0,0,2,2,4,0
81,天王橋,八王子武蔵村山線×五日市街道,R4/10,立川,A 武蔵村山,1.玉川上水,11,0,0,6,2,8,0
81,天王橋,八王子武蔵村山線×五日市街道,R4/10,立川,A 武蔵村山,1.玉川上水,12,0,0,4,1,5,0
81,天王橋,八王子武蔵村山線×五日市街道,R4/10,立川,A 武蔵村山,1.玉川上水,13,0,0,3,4,7,0
81,天王橋,八王子武蔵村山線×五日市街道,R4/10,立川,A 武蔵村山,1.玉川上水,14,0,0,1,0,1,0
81,天王橋,八王子武蔵村山線×五日市街道,R4/10,立川,A 武蔵村山,1.玉川上水,15,0,0,1,0,1,0
81,天王橋,八王子武蔵村山線×五日市街道,R4/10,立川,A 武蔵村山,1.玉川上水,16,0,0,2,0,2,0
81,天王橋,八王子武蔵村山線×五日市街道,R4/10,立川,A 武蔵村山,1.玉川上水,17,0,0,0,0,0,0
81,天王橋,八王子武蔵村山線×五日市街道,R4/10,立川,A 武蔵村山,1.玉川上水,18,0,0,1,0,1,0
81,天王橋,八王子武蔵村山線×五日市街道,R4/10,立川,A 武蔵村山,1.玉川上水,12時間計,0,0,30,12,42,1
81,天王橋,八王子武蔵村山線×五日市街道,R4/10,立川,A 武蔵村山,2.砂川七番,7,5,5,6,9,25,1
81,天王橋,八王子武蔵村山線×五日市街道,R4/10,立川,A 武蔵村山,2.砂川七番,8,2,5,7,9,23,0
81,天王橋,八王子武蔵村山線×五日市街道,R4/10,立川,A 武蔵村山,2.砂川七番,9,1,3,10,17,31,0
81,天王橋,八王子武蔵村山線×五日市街道,R4/10,立川,A 武蔵村山,2.砂川七番,10,1,5,15,9,30,1
81,天王橋,八王子武蔵村山線×五日市街道,R4/10,立川,A 武蔵村山,2.砂川七番,11,1,0,29,8,38,1
81,天王橋,八王子武蔵村山線×五日市街道,R4/10,立川,A 武蔵村山,2.砂川七番,12,1,0,31,19,51,0
81,天王橋,八王子武蔵村山線×五日市街道,R4/10,立川,A 武蔵村山,2.砂川七番,13,1,1,21,12,35,1
81,天王橋,八王子武蔵村山線×五日市街道,R4/10,立川,A 武蔵村山,2.砂川七番,14,1,2,30,10,43,0
81,天王橋,八王子武蔵村山線×五日市街道,R4/10,立川,A 武蔵村山,2.砂川七番,15,2,0,21,13,36,3
81,天王橋,八王子武蔵村山線×五日市街道,R4/10,立川,A 武蔵村山,2.砂川七番,16,2,1,24,13,40,0
81,天王橋,八王子武蔵村山線×五日市街道,R4/10,立川,A 武蔵村山,2.砂川七番,17,2,1,25,3,31,1
81,天王橋,八王子武蔵村山線×五日市街道,R4/10,立川,A 武蔵村山,2.砂川七番,18,2,0,25,6,33,1
81,天王橋,八王子武蔵村山線×五日市街道,R4/10,立川,A 武蔵村山,2.砂川七番,12時間計,21,23,244,128,416,9
81,天王橋,八王子武蔵村山線×五日市街道,R4/10,立川,A 武蔵村山,3.東中神,7,6,5,210,44,265,19
81,天王橋,八王子武蔵村山線×五日市街道,R4/10,立川,A 武蔵村山,3.東中神,8,3,19,171,58,251,16
81,天王橋,八王子武蔵村山線×五日市街道,R4/10,立川,A 武蔵村山,3.東中神,9,1,27,165,69,262,9
81,天王橋,八王子武蔵村山線×五日市街道,R4/10,立川,A 武蔵村山,3.東中神,10,0,21,174,93,288,11
81,天王橋,八王子武蔵村山線×五日市街道,R4/10,立川,A 武蔵村山,3.東中神,11,0,15,237,99,351,8
81,天王橋,八王子武蔵村山線×五日市街道,R4/10,立川,A 武蔵村山,3.東中神,12,0,11,255,88,354,8
81,天王橋,八王子武蔵村山線×五日市街道,R4/10,立川,A 武蔵村山,3.東中神,13,1,13,220,63,297,11
81,天王橋,八王子武蔵村山線×五日市街道,R4/10,立川,A 武蔵村山,3.東中神,14,2,19,265,69,355,9
81,天王橋,八王子武蔵村山線×五日市街道,R4/10,立川,A 武蔵村山,3.東中神,15,1,10,219,85,315,10
81,天王橋,八王子武蔵村山線×五日市街道,R4/10,立川,A 武蔵村山,3.東中神,16,1,11,220,88,320,10
81,天王橋,八王子武蔵村山線×五日市街道,R4/10,立川,A 武蔵村山,3.東中神,17,1,7,282,72,362,13
81,天王橋,八王子武蔵村山線×五日市街道,R4/10,立川,A 武蔵村山,3.東中神,18,1,3,389,76,469,10
81,天王橋,八王子武蔵村山線×五日市街道,R4/10,立川,A 武蔵村山,3.東中神,12時間計,17,161,2807,904,3889,134
81,天王橋,八王子武蔵村山線×五日市街道,R4/10,立川,A 武蔵村山,4.美堀町,7,0,1,13,2,16,4
81,天王橋,八王子武蔵村山線×五日市街道,R4/10,立川,A 武蔵村山,4.美堀町,8,0,0,23,5,28,2
81,天王橋,八王子武蔵村山線×五日市街道,R4/10,立川,A 武蔵村山,4.美堀町,9,0,0,12,3,15,2
81,天王橋,八王子武蔵村山線×五日市街道,R4/10,立川,A 武蔵村山,4.美堀町,10,0,0,11,0,11,0
81,天王橋,八王子武蔵村山線×五日市街道,R4/10,立川,A 武蔵村山,4.美堀町,11,0,0,14,0,14,0
81,天王橋,八王子武蔵村山線×五日市街道,R4/10,立川,A 武蔵村山,4.美堀町,12,0,0,21,5,26,0
81,天王橋,八王子武蔵村山線×五日市街道,R4/10,立川,A 武蔵村山,4.美堀町,13,0,0,19,7,26,0
81,天王橋,八王子武蔵村山線×五日市街道,R4/10,立川,A 武蔵村山,4.美堀町,14,0,0,18,2,20,0
81,天王橋,八王子武蔵村山線×五日市街道,R4/10,立川,A 武蔵村山,4.美堀町,15,0,0,12,3,15,0
81,天王橋,八王子武蔵村山線×五日市街道,R4/10,立川,A 武蔵村山,4.美堀町,16,0,0,16,0,16,1
81,天王橋,八王子武蔵村山線×五日市街道,R4/10,立川,A 武蔵村山,4.美堀町,17,0,0,27,0,27,0
81,天王橋,八王子武蔵村山線×五日市街道,R4/10,立川,A 武蔵村山,4.美堀町,18,0,1,20,2,23,3
81,天王橋,八王子武蔵村山線×五日市街道,R4/10,立川,A 武蔵村山,4.美堀町,12時間計,0,2,206,29,237,12
81,天王橋,八王子武蔵村山線×五日市街道,R4/10,立川,A 武蔵村山,5.拝島,7,0,1,2,0,3,0
81,天王橋,八王子武蔵村山線×五日市街道,R4/10,立川,A 武蔵村山,5.拝島,8,0,1,6,1,8,0
81,天王橋,八王子武蔵村山線×五日市街道,R4/10,立川,A 武蔵村山,5.拝島,9,0,0,3,5,8,1
81,天王橋,八王子武蔵村山線×五日市街道,R4/10,立川,A 武蔵村山,5.拝島,10,0,0,4,4,8,1
81,天王橋,八王子武蔵村山線×五日市街道,R4/10,立川,A 武蔵村山,5.拝島,11,0,0,3,3,6,0
81,天王橋,八王子武蔵村山線×五日市街道,R4/10,立川,A 武蔵村山,5.拝島,12,0,1,3,1,5,0
81,天王橋,八王子武蔵村山線×五日市街道,R4/10,立川,A 武蔵村山,5.拝島,13,0,0,5,6,11,0
81,天王橋,八王子武蔵村山線×五日市街道,R4/10,立川,A 武蔵村山,5.拝島,14,0,0,5,3,8,0
81,天王橋,八王子武蔵村山線×五日市街道,R4/10,立川,A 武蔵村山,5.拝島,15,0,0,7,1,8,0
81,天王橋,八王子武蔵村山線×五日市街道,R4/10,立川,A 武蔵村山,5.拝島,16,0,0,3,1,4,0
81,天王橋,八王子武蔵村山線×五日市街道,R4/10,立川,A 武蔵村山,5.拝島,17,0,0,3,3,6,0
81,天王橋,八王子武蔵村山線×五日市街道,R4/10,立川,A 武蔵村山,5.拝島,18,0,2,4,2,8,0
81,天王橋,八王子武蔵村山線×五日市街道,R4/10,立川,A 武蔵村山,5.拝島,12時間計,0,5,48,30,83,2
81,天王橋,八王子武蔵村山線×五日市街道,R4/10,立川,A 武蔵村山,流入計,7,11,12,238,56,317,25
81,天王橋,八王子武蔵村山線×五日市街道,R4/10,立川,A 武蔵村山,流入計,8,5,25,209,74,313,18
81,天王橋,八王子武蔵村山線×五日市街道,R4/10,立川,A 武蔵村山,流入計,9,2,30,191,95,318,12
81,天王橋,八王子武蔵村山線×五日市街道,R4/10,立川,A 武蔵村山,流入計,10,1,26,206,108,341,13
81,天王橋,八王子武蔵村山線×五日市街道,R4/10,立川,A 武蔵村山,流入計,11,1,15,289,112,417,9
81,天王橋,八王子武蔵村山線×五日市街道,R4/10,立川,A 武蔵村山,流入計,12,1,12,314,114,441,8
81,天王橋,八王子武蔵村山線×五日市街道,R4/10,立川,A 武蔵村山,流入計,13,2,14,268,92,376,12
81,天王橋,八王子武蔵村山線×五日市街道,R4/10,立川,A 武蔵村山,流入計,14,3,21,319,84,427,9
81,天王橋,八王子武蔵村山線×五日市街道,R4/10,立川,A 武蔵村山,流入計,15,3,10,260,102,375,13
81,天王橋,八王子武蔵村山線×五日市街道,R4/10,立川,A 武蔵村山,流入計,16,3,12,265,102,382,11
81,天王橋,八王子武蔵村山線×五日市街道,R4/10,立川,A 武蔵村山,流入計,17,3,8,337,78,426,14
81,天王橋,八王子武蔵村山線×五日市街道,R4/10,立川,A 武蔵村山,流入計,18,3,6,439,86,534,14
81,天王橋,八王子武蔵村山線×五日市街道,R4/10,立川,A 武蔵村山,流入計,12時間計,38,191,3335,1103,4667,158
81,天王橋,八王子武蔵村山線×五日市街道,R4/10,立川,B 拝島,6.武蔵村山,7,0,0,4,2,6,1
81,天王橋,八王子武蔵村山線×五日市街道,R4/10,立川,B 拝島,6.武蔵村山,8,0,0,3,1,4,0
81,天王橋,八王子武蔵村山線×五日市街道,R4/10,立川,B 拝島,6.武蔵村山,9,0,0,2,4,6,1
81,天王橋,八王子武蔵村山線×五日市街道,R4/10,立川,B 拝島,6.武蔵村山,10,0,0,3,6,9,1
81,天王橋,八王子武蔵村山線×五日市街道,R4/10,立川,B 拝島,6.武蔵村山,11,0,1,7,0,8,0
81,天王橋,八王子武蔵村山線×五日市街道,R4/10,立川,B 拝島,6.武蔵村山,12,1,1,6,2,10,0
81,天王橋,八王子武蔵村山線×五日市街道,R4/10,立川,B 拝島,6.武蔵村山,13,0,1,9,1,11,1
81,天王橋,八王子武蔵村山線×五日市街道,R4/10,立川,B 拝島,6.武蔵村山,14,0,0,6,3,9,0
81,天王橋,八王子武蔵村山線×五日市街道,R4/10,立川,B 拝島,6.武蔵村山,15,0,1,5,2,8,1
81,天王橋,八王子武蔵村山線×五日市街道,R4/10,立川,B 拝島,6.武蔵村山,16,0,0,1,1,2,0
81,天王橋,八王子武蔵村山線×五日市街道,R4/10,立川,B 拝島,6.武蔵村山,17,0,0,3,1,4,0
81,天王橋,八王子武蔵村山線×五日市街道,R4/10,立川,B 拝島,6.武蔵村山,18,0,0,4,0,4,0
81,天王橋,八王子武蔵村山線×五日市街道,R4/10,立川,B 拝島,6.武蔵村山,12時間計,1,4,53,23,81,5
81,天王橋,八王子武蔵村山線×五日市街道,R4/10,立川,B 拝島,7.玉川上水,7,0,0,31,20,51,5
81,天王橋,八王子武蔵村山線×五日市街道,R4/10,立川,B 拝島,7.玉川上水,8,0,0,29,8,37,2
81,天王橋,八王子武蔵村山線×五日市街道,R4/10,立川,B 拝島,7.玉川上水,9,1,0,16,9,26,0
81,天王橋,八王子武蔵村山線×五日市街道,R4/10,立川,B 拝島,7.玉川上水,10,0,0,15,10,25,0
81,天王橋,八王子武蔵村山線×五日市街道,R4/10,立川,B 拝島,7.玉川上水,11,0,0,18,7,25,0
81,天王橋,八王子武蔵村山線×五日市街道,R4/10,立川,B 拝島,7.玉川上水,12,0,0,12,7,19,0
81,天王橋,八王子武蔵村山線×五日市街道,R4/10,立川,B 拝島,7.玉川上水,13,0,0,15,7,22,0
81,天王橋,八王子武蔵村山線×五日市街道,R4/10,立川,B 拝島,7.玉川上水,14,1,0,15,9,25,3
81,天王橋,八王子武蔵村山線×五日市街道,R4/10,立川,B 拝島,7.玉川上水,15,2,0,19,5,26,0
81,天王橋,八王子武蔵村山線×五日市街道,R4/10,立川,B 拝島,7.玉川上水,16,0,0,34,12,46,1
81,天王橋,八王子武蔵村山線×五日市街道,R4/10,立川,B 拝島,7.玉川上水,17,0,0,34,11,45,3
81,天王橋,八王子武蔵村山線×五日市街道,R4/10,立川,B 拝島,7.玉川上水,18,0,0,32,8,40,0
81,天王橋,八王子武蔵村山線×五日市街道,R4/10,立川,B 拝島,7.玉川上水,12時間計,4,0,270,113,387,14
81,天王橋,八王子武蔵村山線×五日市街道,R4/10,立川,B 拝島,8.砂川七番,7,0,8,155,99,262,13
81,天王橋,八王子武蔵村山線×五日市街道,R4/10,立川,B 拝島,8.砂川七番,8,0,16,155,94,265,4
81,天王橋,八王子武蔵村山線×五日市街道,R4/10,立川,B 拝島,8.砂川七番,9,4,4,148,96,252,3
81,天王橋,八王子武蔵村山線×五日市街道,R4/10,立川,B 拝島,8.砂川七番,10,2,12,146,80,240,4
81,天王橋,八王子武蔵村山線×五日市街道,R4/10,立川,B 拝島,8.砂川七番,11,1,12,139,75,227,2
81,天王橋,八王子武蔵村山線×五日市街道,R4/10,立川,B 拝島,8.砂川七番,12,0,9,135,67,211,9
81,天王橋,八王子武蔵村山線×五日市街道,R4/10,立川,B 拝島,8.砂川七番,13,2,7,127,68,204,10
81,天王橋,八王子武蔵村山線×五日市街道,R4/10,立川,B 拝島,8.砂川七番,14,0,4,143,72,219,11
81,天王橋,八王子武蔵村山線×五日市街道,R4/10,立川,B 拝島,8.砂川七番,15,2,6,117,56,181,5
81,天王橋,八王子武蔵村山線×五日市街道,R4/10,立川,B 拝島,8.砂川七番,16,0,4,162,68,234,6
81,天王橋,八王子武蔵村山線×五日市街道,R4/10,立川,B 拝島,8.砂川七番,17,0,3,154,49,206,8
81,天王橋,八王子武蔵村山線×五日市街道,R4/10,立川,B 拝島,8.砂川七番,18,1,3,171,46,221,9
81,天王橋,八王子武蔵村山線×五日市街道,R4/10,立川,B 拝島,8.砂川七番,12時間計,12,88,1752,870,2722,84
81,天王橋,八王子武蔵村山線×五日市街道,R4/10,立川,B 拝島,9.東中神,7,2,2,195,20,219,20
81,天王橋,八王子武蔵村山線×五日市街道,R4/10,立川,B 拝島,9.東中神,8,1,3,137,28,169,7
81,天王橋,八王子武蔵村山線×五日市街道,R4/10,立川,B 拝島,9.東中神,9,2,6,100,30,138,6
81,天王橋,八王子武蔵村山線×五日市街道,R4/10,立川,B 拝島,9.東中神,10,0,1,67,22,90,2
81,天王橋,八王子武蔵村山線×五日市街道,R4/10,立川,B 拝島,9.東中神,11,0,2,80,31,113,1
81,天王橋,八王子武蔵村山線×五日市街道,R4/10,立川,B 拝島,9.東中神,12,0,0,83,24,107,3
81,天王橋,八王子武蔵村山線×五日市街道,R4/10,立川,B 拝島,9.東中神,13,0,2,102,23,127,5
81,天王橋,八王子武蔵村山線×五日市街道,R4/10,立川,B 拝島,9.東中神,14,1,0,90,13,104,2
81,天王橋,八王子武蔵村山線×五日市街道,R4/10,立川,B 拝島,9.東中神,15,2,1,79,26,108,4
81,天王橋,八王子武蔵村山線×五日市街道,R4/10,立川,B 拝島,9.東中神,16,1,2,84,37,124,11
81,天王橋,八王子武蔵村山線×五日市街道,R4/10,立川,B 拝島,9.東中神,17,0,2,139,25,166,3
81,天王橋,八王子武蔵村山線×五日市街道,R4/10,立川,B 拝島,9.東中神,18,0,0,121,17,138,4
81,天王橋,八王子武蔵村山線×五日市街道,R4/10,立川,B 拝島,9.東中神,12時間計,9,21,1277,296,1603,68
81,天王橋,八王子武蔵村山線×五日市街道,R4/10,立川,B 拝島,10.美堀町,7,0,0,4,0,4,0
81,天王橋,八王子武蔵村山線×五日市街道,R4/10,立川,B 拝島,10.美堀町,8,0,0,3,0,3,0
81,天王橋,八王子武蔵村山線×五日市街道,R4/10,立川,B 拝島,10.美堀町,9,0,0,2,0,2,0
81,天王橋,八王子武蔵村山線×五日市街道,R4/10,立川,B 拝島,10.美堀町,10,0,0,4,0,4,1
81,天王橋,八王子武蔵村山線×五日市街道,R4/10,立川,B 拝島,10.美堀町,11,0,0,3,1,4,0
81,天王橋,八王子武蔵村山線×五日市街道,R4/10,立川,B 拝島,10.美堀町,12,0,0,0,1,1,0
81,天王橋,八王子武蔵村山線×五日市街道,R4/10,立川,B 拝島,10.美堀町,13,0,0,1,0,1,0
81,天王橋,八王子武蔵村山線×五日市街道,R4/10,立川,B 拝島,10.美堀町,14,0,0,2,2,4,0
81,天王橋,八王子武蔵村山線×五日市街道,R4/10,立川,B 拝島,10.美堀町,15,0,0,0,2,2,0
81,天王橋,八王子武蔵村山線×五日市街道,R4/10,立川,B 拝島,10.美堀町,16,0,0,6,0,6,0
81,天王橋,八王子武蔵村山線×五日市街道,R4/10,立川,B 拝島,10.美堀町,17,0,0,5,0,5,0
81,天王橋,八王子武蔵村山線×五日市街道,R4/10,立川,B 拝島,10.美堀町,18,0,0,3,1,4,0
81,天王橋,八王子武蔵村山線×五日市街道,R4/10,立川,B 拝島,10.美堀町,12時間計,0,0,33,7,40,1
81,天王橋,八王子武蔵村山線×五日市街道,R4/10,立川,B 拝島,流入計,7,2,10,389,141,542,39
81,天王橋,八王子武蔵村山線×五日市街道,R4/10,立川,B 拝島,流入計,8,1,19,327,131,478,13
81,天王橋,八王子武蔵村山線×五日市街道,R4/10,立川,B 拝島,流入計,9,7,10,268,139,424,10
81,天王橋,八王子武蔵村山線×五日市街道,R4/10,立川,B 拝島,流入計,10,2,13,235,118,368,8
81,天王橋,八王子武蔵村山線×五日市街道,R4/10,立川,B 拝島,流入計,11,1,15,247,114,377,3
81,天王橋,八王子武蔵村山線×五日市街道,R4/10,立川,B 拝島,流入計,12,1,10,236,101,348,12
81,天王橋,八王子武蔵村山線×五日市街道,R4/10,立川,B 拝島,流入計,13,2,10,254,99,365,16
81,天王橋,八王子武蔵村山線×五日市街道,R4/10,立川,B 拝島,流入計,14,2,4,256,99,361,16
81,天王橋,八王子武蔵村山線×五日市街道,R4/10,立川,B 拝島,流入計,15,6,8,220,91,325,10
81,天王橋,八王子武蔵村山線×五日市街道,R4/10,立川,B 拝島,流入計,16,1,6,287,118,412,18
81,天王橋,八王子武蔵村山線×五日市街道,R4/10,立川,B 拝島,流入計,17,0,5,335,86,426,14
81,天王橋,八王子武蔵村山線×五日市街道,R4/10,立川,B 拝島,流入計,18,1,3,331,72,407,13
81,天王橋,八王子武蔵村山線×五日市街道,R4/10,立川,B 拝島,流入計,12時間計,26,113,3385,1309,4833,172
81,天王橋,八王子武蔵村山線×五日市街道,R4/10,立川,C 美堀町,11.拝島,7,0,0,1,0,1,0
81,天王橋,八王子武蔵村山線×五日市街道,R4/10,立川,C 美堀町,11.拝島,8,0,0,0,0,0,0
81,天王橋,八王子武蔵村山線×五日市街道,R4/10,立川,C 美堀町,11.拝島,9,0,0,0,0,0,0
81,天王橋,八王子武蔵村山線×五日市街道,R4/10,立川,C 美堀町,11.拝島,10,0,0,1,1,2,1
81,天王橋,八王子武蔵村山線×五日市街道,R4/10,立川,C 美堀町,11.拝島,11,0,0,0,4,4,0
81,天王橋,八王子武蔵村山線×五日市街道,R4/10,立川,C 美堀町,11.拝島,12,0,0,0,0,0,0
81,天王橋,八王子武蔵村山線×五日市街道,R4/10,立川,C 美堀町,11.拝島,13,0,0,1,0,1,0
81,天王橋,八王子武蔵村山線×五日市街道,R4/10,立川,C 美堀町,11.拝島,14,0,0,0,1,1,0
81,天王橋,八王子武蔵村山線×五日市街道,R4/10,立川,C 美堀町,11.拝島,15,0,0,0,0,0,0
81,天王橋,八王子武蔵村山線×五日市街道,R4/10,立川,C 美堀町,11.拝島,16,0,0,0,1,1,0
81,天王橋,八王子武蔵村山線×五日市街道,R4/10,立川,C 美堀町,11.拝島,17,0,0,2,0,2,1
81,天王橋,八王子武蔵村山線×五日市街道,R4/10,立川,C 美堀町,11.拝島,18,0,0,0,1,1,0
81,天王橋,八王子武蔵村山線×五日市街道,R4/10,立川,C 美堀町,11.拝島,12時間計,0,0,5,8,13,2
81,天王橋,八王子武蔵村山線×五日市街道,R4/10,立川,C 美堀町,12.武蔵村山,7,0,0,14,1,15,1
81,天王橋,八王子武蔵村山線×五日市街道,R4/10,立川,C 美堀町,12.武蔵村山,8,0,0,22,4,26,0
81,天王橋,八王子武蔵村山線×五日市街道,R4/10,立川,C 美堀町,12.武蔵村山,9,0,0,13,3,16,1
81,天王橋,八王子武蔵村山線×五日市街道,R4/10,立川,C 美堀町,12.武蔵村山,10,0,0,10,11,21,0
81,天王橋,八王子武蔵村山線×五日市街道,R4/10,立川,C 美堀町,12.武蔵村山,11,0,0,13,4,17,0
81,天王橋,八王子武蔵村山線×五日市街道,R4/10,立川,C 美堀町,12.武蔵村山,12,0,0,16,0,16,0
81,天王橋,八王子武蔵村山線×五日市街道,R4/10,立川,C 美堀町,12.武蔵村山,13,0,0,11,4,15,0
81,天王橋,八王子武蔵村山線×五日市街道,R4/10,立川,C 美堀町,12.武蔵村山,14,0,0,16,3,19,0
81,天王橋,八王子武蔵村山線×五日市街道,R4/10,立川,C 美堀町,12.武蔵村山,15,1,0,16,1,18,0
81,天王橋,八王子武蔵村山線×五日市街道,R4/10,立川,C 美堀町,12.武蔵村山,16,0,0,31,2,33,0
81,天王橋,八王子武蔵村山線×五日市街道,R4/10,立川,C 美堀町,12.武蔵村山,17,0,0,17,6,23,1
81,天王橋,八王子武蔵村山線×五日市街道,R4/10,立川,C 美堀町,12.武蔵村山,18,0,0,26,2,28,1
81,天王橋,八王子武蔵村山線×五日市街道,R4/10,立川,C 美堀町,12.武蔵村山,12時間計,1,0,205,41,247,4
81,天王橋,八王子武蔵村山線×五日市街道,R4/10,立川,C 美堀町,13.玉川上水,7,0,0,25,11,36,4
81,天王橋,八王子武蔵村山線×五日市街道,R4/10,立川,C 美堀町,13.玉川上水,8,0,0,27,9,36,2
81,天王橋,八王子武蔵村山線×五日市街道,R4/10,立川,C 美堀町,13.玉川上水,9,0,0,27,15,42,1
81,天王橋,八王子武蔵村山線×五日市街道,R4/10,立川,C 美堀町,13.玉川上水,10,0,0,28,10,38,3
81,天王橋,八王子武蔵村山線×五日市街道,R4/10,立川,C 美堀町,13.玉川上水,11,0,0,29,7,36,5
81,天王橋,八王子武蔵村山線×五日市街道,R4/10,立川,C 美堀町,13.玉川上水,12,0,0,29,9,38,5
81,天王橋,八王子武蔵村山線×五日市街道,R4/10,立川,C 美堀町,13.玉川上水,13,0,0,31,6,37,2
81,天王橋,八王子武蔵村山線×五日市街道,R4/10,立川,C 美堀町,13.玉川上水,14,0,0,30,5,35,2
81,天王橋,八王子武蔵村山線×五日市街道,R4/10,立川,C 美堀町,13.玉川上水,15,0,0,44,9,53,1
81,天王橋,八王子武蔵村山線×五日市街道,R4/10,立川,C 美堀町,13.玉川上水,16,0,0,56,6,62,1
81,天王橋,八王子武蔵村山線×五日市街道,R4/10,立川,C 美堀町,13.玉川上水,17,0,0,42,8,50,1
81,天王橋,八王子武蔵村山線×五日市街道,R4/10,立川,C 美堀町,13.玉川上水,18,0,0,57,6,63,3
81,天王橋,八王子武蔵村山線×五日市街道,R4/10,立川,C 美堀町,13.玉川上水,12時間計,0,0,425,101,526,30
81,天王橋,八王子武蔵村山線×五日市街道,R4/10,立川,C 美堀町,14.砂川七番,7,0,0,5,3,8,0
81,天王橋,八王子武蔵村山線×五日市街道,R4/10,立川,C 美堀町,14.砂川七番,8,0,0,9,4,13,0
81,天王橋,八王子武蔵村山線×五日市街道,R4/10,立川,C 美堀町,14.砂川七番,9,0,0,8,5,13,0
81,天王橋,八王子武蔵村山線×五日市街道,R4/10,立川,C 美堀町,14.砂川七番,10,0,0,6,6,12,0
81,天王橋,八王子武蔵村山線×五日市街道,R4/10,立川,C 美堀町,14.砂川七番,11,0,0,10,5,15,0
81,天王橋,八王子武蔵村山線×五日市街道,R4/10,立川,C 美堀町,14.砂川七番,12,0,0,22,2,24,2
81,天王橋,八王子武蔵村山線×五日市街道,R4/10,立川,C 美堀町,14.砂川七番,13,0,0,14,6,20,1
81,天王橋,八王子武蔵村山線×五日市街道,R4/10,立川,C 美堀町,14.砂川七番,14,0,0,9,7,16,0
81,天王橋,八王子武蔵村山線×五日市街道,R4/10,立川,C 美堀町,14.砂川七番,15,0,0,19,8,27,0
81,天王橋,八王子武蔵村山線×五日市街道,R4/10,立川,C 美堀町,14.砂川七番,16,0,0,17,1,18,1
81,天王橋,八王子武蔵村山線×五日市街道,R4/10,立川,C 美堀町,14.砂川七番,17,0,0,11,2,13,0
81,天王橋,八王子武蔵村山線×五日市街道,R4/10,立川,C 美堀町,14.砂川七番,18,0,0,11,1,12,0
81,天王橋,八王子武蔵村山線×五日市街道,R4/10,立川,C 美堀町,14.砂川七番,12時間計,0,0,141,50,191,4
81,天王橋,八王子武蔵村山線×五日市街道,R4/10,立川,C 美堀町,15.東中神,7,0,0,11,1,12,1
81,天王橋,八王子武蔵村山線×五日市街道,R4/10,立川,C 美堀町,15.東中神,8,0,0,13,1,14,0
81,天王橋,八王子武蔵村山線×五日市街道,R4/10,立川,C 美堀町,15.東中神,9,1,1,15,4,21,0
81,天王橋,八王子武蔵村山線×五日市街道,R4/10,立川,C 美堀町,15.東中神,10,0,0,9,7,16,2
81,天王橋,八王子武蔵村山線×五日市街道,R4/10,立川,C 美堀町,15.東中神,11,0,0,12,3,15,1
81,天王橋,八王子武蔵村山線×五日市街道,R4/10,立川,C 美堀町,15.東中神,12,0,0,8,1,9,1
81,天王橋,八王子武蔵村山線×五日市街道,R4/10,立川,C 美堀町,15.東中神,13,1,0,7,1,9,0
81,天王橋,八王子武蔵村山線×五日市街道,R4/10,立川,C 美堀町,15.東中神,14,0,1,15,1,17,0
81,天王橋,八王子武蔵村山線×五日市街道,R4/10,立川,C 美堀町,15.東中神,15,0,0,10,4,14,1
81,天王橋,八王子武蔵村山線×五日市街道,R4/10,立川,C 美堀町,15.東中神,16,0,0,10,3,13,1
81,天王橋,八王子武蔵村山線×五日市街道,R4/10,立川,C 美堀町,15.東中神,17,0,0,18,3,21,0
81,天王橋,八王子武蔵村山線×五日市街道,R4/10,立川,C 美堀町,15.東中神,18,0,0,6,1,7,1
81,天王橋,八王子武蔵村山線×五日市街道,R4/10,立川,C 美堀町,15.東中神,12時間計,2,2,134,30,168,8
81,天王橋,八王子武蔵村山線×五日市街道,R4/10,立川,C 美堀町,流入計,7,0,0,56,16,72,6
81,天王橋,八王子武蔵村山線×五日市街道,R4/10,立川,C 美堀町,流入計,8,0,0,71,18,89,2
81,天王橋,八王子武蔵村山線×五日市街道,R4/10,立川,C 美堀町,流入計,9,1,1,63,27,92,2
81,天王橋,八王子武蔵村山線×五日市街道,R4/10,立川,C 美堀町,流入計,10,0,0,54,35,89,6
81,天王橋,八王子武蔵村山線×五日市街道,R4/10,立川,C 美堀町,流入計,11,0,0,64,23,87,6
81,天王橋,八王子武蔵村山線×五日市街道,R4/10,立川,C 美堀町,流入計,12,0,0,75,12,87,8
81,天王橋,八王子武蔵村山線×五日市街道,R4/10,立川,C 美堀町,流入計,13,1,0,64,17,82,3
81,天王橋,八王子武蔵村山線×五日市街道,R4/10,立川,C 美堀町,流入計,14,0,1,70,17,88,2
81,天王橋,八王子武蔵村山線×五日市街道,R4/10,立川,C 美堀町,流入計,15,1,0,89,22,112,2
81,天王橋,八王子武蔵村山線×五日市街道,R4/10,立川,C 美堀町,流入計,16,0,0,114,13,127,3
81,天王橋,八王子武蔵村山線×五日市街道,R4/10,立川,C 美堀町,流入計,17,0,0,90,19,109,3
81,天王橋,八王子武蔵村山線×五日市街道,R4/10,立川,C 美堀町,流入計,18,0,0,100,11,111,5
81,天王橋,八王子武蔵村山線×五日市街道,R4/10,立川,C 美堀町,流入計,12時間計,3,2,910,230,1145,48
81,天王橋,八王子武蔵村山線×五日市街道,R4/10,立川,D 東中神,16.美堀町,7,0,1,5,1,7,1
81,天王橋,八王子武蔵村山線×五日市街道,R4/10,立川,D 東中神,16.美堀町,8,0,0,1,1,2,1
81,天王橋,八王子武蔵村山線×五日市街道,R4/10,立川,D 東中神,16.美堀町,9,0,0,3,0,3,0
81,天王橋,八王子武蔵村山線×五日市街道,R4/10,立川,D 東中神,16.美堀町,10,0,0,0,0,0,0
81,天王橋,八王子武蔵村山線×五日市街道,R4/10,立川,D 東中神,16.美堀町,11,0,0,3,0,3,1
81,天王橋,八王子武蔵村山線×五日市街道,R4/10,立川,D 東中神,16.美堀町,12,0,0,8,1,9,0
81,天王橋,八王子武蔵村山線×五日市街道,R4/10,立川,D 東中神,16.美堀町,13,0,0,11,6,17,0
81,天王橋,八王子武蔵村山線×五日市街道,R4/10,立川,D 東中神,16.美堀町,14,0,0,3,0,3,0
81,天王橋,八王子武蔵村山線×五日市街道,R4/10,立川,D 東中神,16.美堀町,15,0,0,2,0,2,0
81,天王橋,八王子武蔵村山線×五日市街道,R4/10,立川,D 東中神,16.美堀町,16,0,0,3,0,3,0
81,天王橋,八王子武蔵村山線×五日市街道,R4/10,立川,D 東中神,16.美堀町,17,0,0,3,1,4,0
81,天王橋,八王子武蔵村山線×五日市街道,R4/10,立川,D 東中神,16.美堀町,18,0,0,8,0,8,0
81,天王橋,八王子武蔵村山線×五日市街道,R4/10,立川,D 東中神,16.美堀町,12時間計,0,1,50,10,61,3
81,天王橋,八王子武蔵村山線×五日市街道,R4/10,立川,D 東中神,17.拝島,7,0,0,10,2,12,4
81,天王橋,八王子武蔵村山線×五日市街道,R4/10,立川,D 東中神,17.拝島,8,0,2,8,7,17,0
81,天王橋,八王子武蔵村山線×五日市街道,R4/10,立川,D 東中神,17.拝島,9,3,2,13,6,24,0
81,天王橋,八王子武蔵村山線×五日市街道,R4/10,立川,D 東中神,17.拝島,10,0,0,11,7,18,0
81,天王橋,八王子武蔵村山線×五日市街道,R4/10,立川,D 東中神,17.拝島,11,0,1,15,7,23,1
81,天王橋,八王子武蔵村山線×五日市街道,R4/10,立川,D 東中神,17.拝島,12,0,0,21,2,23,0
81,天王橋,八王子武蔵村山線×五日市街道,R4/10,立川,D 東中神,17.拝島,13,0,0,18,6,24,0
81,天王橋,八王子武蔵村山線×五日市街道,R4/10,立川,D 東中神,17.拝島,14,1,0,18,3,22,0
81,天王橋,八王子武蔵村山線×五日市街道,R4/10,立川,D 東中神,17.拝島,15,0,0,13,6,19,0
81,天王橋,八王子武蔵村山線×五日市街道,R4/10,立川,D 東中神,17.拝島,16,0,1,15,6,22,1
81,天王橋,八王子武蔵村山線×五日市街道,R4/10,立川,D 東中神,17.拝島,17,0,0,10,5,15,0
81,天王橋,八王子武蔵村山線×五日市街道,R4/10,立川,D 東中神,17.拝島,18,0,0,15,2,17,0
81,天王橋,八王子武蔵村山線×五日市街道,R4/10,立川,D 東中神,17.拝島,12時間計,4,6,167,59,236,6
81,天王橋,八王子武蔵村山線×五日市街道,R4/10,立川,D 東中神,18.武蔵村山,7,8,28,212,92,340,27
81,天王橋,八王子武蔵村山線×五日市街道,R4/10,立川,D 東中神,18.武蔵村山,8,0,18,184,103,305,28
81,天王橋,八王子武蔵村山線×五日市街道,R4/10,立川,D 東中神,18.武蔵村山,9,2,20,165,120,307,12
81,天王橋,八王子武蔵村山線×五日市街道,R4/10,立川,D 東中神,18.武蔵村山,10,0,21,193,117,331,7
81,天王橋,八王子武蔵村山線×五日市街道,R4/10,立川,D 東中神,18.武蔵村山,11,0,27,220,96,343,5
81,天王橋,八王子武蔵村山線×五日市街道,R4/10,立川,D 東中神,18.武蔵村山,12,1,18,199,104,322,13
81,天王橋,八王子武蔵村山線×五日市街道,R4/10,立川,D 東中神,18.武蔵村山,13,0,16,209,93,318,7
81,天王橋,八王子武蔵村山線×五日市街道,R4/10,立川,D 東中神,18.武蔵村山,14,1,23,185,115,324,9
81,天王橋,八王子武蔵村山線×五日市街道,R4/10,立川,D 東中神,18.武蔵村山,15,4,13,218,111,346,6
81,天王橋,八王子武蔵村山線×五日市街道,R4/10,立川,D 東中神,18.武蔵村山,16,2,16,184,123,325,13
81,天王橋,八王子武蔵村山線×五日市街道,R4/10,立川,D 東中神,18.武蔵村山,17,3,13,248,76,340,33
81,天王橋,八王子武蔵村山線×五日市街道,R4/10,立川,D 東中神,18.武蔵村山,18,3,4,269,63,339,32
81,天王橋,八王子武蔵村山線×五日市街道,R4/10,立川,D 東中神,18.武蔵村山,12時間計,24,217,2486,1213,3940,192
81,天王橋,八王子武蔵村山線×五日市街道,R4/10,立川,D 東中神,19.玉川上水,7,0,0,24,11,35,7
81,天王橋,八王子武蔵村山線×五日市街道,R4/10,立川,D 東中神,19.玉川上水,8,0,0,14,5,19,6
81,天王橋,八王子武蔵村山線×五日市街道,R4/10,立川,D 東中神,19.玉川上水,9,0,0,6,8,14,2
81,天王橋,八王子武蔵村山線×五日市街道,R4/10,立川,D 東中神,19.玉川上水,10,0,0,11,10,21,0
81,天王橋,八王子武蔵村山線×五日市街道,R4/10,立川,D 東中神,19.玉川上水,11,0,0,17,2,19,2
81,天王橋,八王子武蔵村山線×五日市街道,R4/10,立川,D 東中神,19.玉川上水,12,0,0,18,2,20,1
81,天王橋,八王子武蔵村山線×五日市街道,R4/10,立川,D 東中神,19.玉川上水,13,0,0,13,6,19,0
81,天王橋,八王子武蔵村山線×五日市街道,R4/10,立川,D 東中神,19.玉川上水,14,0,0,10,9,19,1
81,天王橋,八王子武蔵村山線×五日市街道,R4/10,立川,D 東中神,19.玉川上水,15,0,0,15,7,22,2
81,天王橋,八王子武蔵村山線×五日市街道,R4/10,立川,D 東中神,19.玉川上水,16,0,0,19,8,27,6
81,天王橋,八王子武蔵村山線×五日市街道,R4/10,立川,D 東中神,19.玉川上水,17,0,0,26,8,34,3
81,天王橋,八王子武蔵村山線×五日市街道,R4/10,立川,D 東中神,19.玉川上水,18,0,0,21,8,29,6
81,天王橋,八王子武蔵村山線×五日市街道,R4/10,立川,D 東中神,19.玉川上水,12時間計,0,0,194,84,278,36
81,天王橋,八王子武蔵村山線×五日市街道,R4/10,立川,D 東中神,20.砂川七番,7,0,2,13,10,25,2
81,天王橋,八王子武蔵村山線×五日市街道,R4/10,立川,D 東中神,20.砂川七番,8,0,0,7,10,17,0
81,天王橋,八王子武蔵村山線×五日市街道,R4/10,立川,D 東中神,20.砂川七番,9,0,3,9,7,19,0
81,天王橋,八王子武蔵村山線×五日市街道,R4/10,立川,D 東中神,20.砂川七番,10,0,0,13,15,28,0
81,天王橋,八王子武蔵村山線×五日市街道,R4/10,立川,D 東中神,20.砂川七番,11,0,0,18,14,32,1
81,天王橋,八王子武蔵村山線×五日市街道,R4/10,立川,D 東中神,20.砂川七番,12,0,2,16,10,28,1
81,天王橋,八王子武蔵村山線×五日市街道,R4/10,立川,D 東中神,20.砂川七番,13,0,0,21,6,27,0
81,天王橋,八王子武蔵村山線×五日市街道,R4/10,立川,D 東中神,20.砂川七番,14,0,0,11,12,23,1
81,天王橋,八王子武蔵村山線×五日市街道,R4/10,立川,D 東中神,20.砂川七番,15,0,0,17,6,23,3
81,天王橋,八王子武蔵村山線×五日市街道,R4/10,立川,D 東中神,20.砂川七番,16,0,0,14,1,15,0
81,天王橋,八王子武蔵村山線×五日市街道,R4/10,立川,D 東中神,20.砂川七番,17,0,0,22,8,30,0
81,天王橋,八王子武蔵村山線×五日市街道,R4/10,立川,D 東中神,20.砂川七番,18,0,0,13,4,17,0
81,天王橋,八王子武蔵村山線×五日市街道,R4/10,立川,D 東中神,20.砂川七番,12時間計,0,7,174,103,284,8
81,天王橋,八王子武蔵村山線×五日市街道,R4/10,立川,D 東中神,流入計,7,8,31,264,116,419,41
81,天王橋,八王子武蔵村山線×五日市街道,R4/10,立川,D 東中神,流入計,8,0,20,214,126,360,35
81,天王橋,八王子武蔵村山線×五日市街道,R4/10,立川,D 東中神,流入計,9,5,25,196,141,367,14
81,天王橋,八王子武蔵村山線×五日市街道,R4/10,立川,D 東中神,流入計,10,0,21,228,149,398,7
81,天王橋,八王子武蔵村山線×五日市街道,R4/10,立川,D 東中神,流入計,11,0,28,273,119,420,10
81,天王橋,八王子武蔵村山線×五日市街道,R4/10,立川,D 東中神,流入計,12,1,20,262,119,402,15
81,天王橋,八王子武蔵村山線×五日市街道,R4/10,立川,D 東中神,流入計,13,0,16,272,117,405,7
81,天王橋,八王子武蔵村山線×五日市街道,R4/10,立川,D 東中神,流入計,14,2,23,227,139,391,11
81,天王橋,八王子武蔵村山線×五日市街道,R4/10,立川,D 東中神,流入計,15,4,13,265,130,412,11
81,天王橋,八王子武蔵村山線×五日市街道,R4/10,立川,D 東中神,流入計,16,2,17,235,138,392,20
81,天王橋,八王子武蔵村山線×五日市街道,R4/10,立川,D 東中神,流入計,17,3,13,309,98,423,36
81,天王橋,八王子武蔵村山線×五日市街道,R4/10,立川,D 東中神,流入計,18,3,4,326,77,410,38
81,天王橋,八王子武蔵村山線×五日市街道,R4/10,立川,D 東中神,流入計,12時間計,28,231,3071,1469,4799,245
81,天王橋,八王子武蔵村山線×五日市街道,R4/10,立川,E 砂川七番,21.東中神,7,0,0,3,0,3,0
81,天王橋,八王子武蔵村山線×五日市街道,R4/10,立川,E 砂川七番,21.東中神,8,0,0,5,0,5,1
81,天王橋,八王子武蔵村山線×五日市街道,R4/10,立川,E 砂川七番,21.東中神,9,0,0,3,1,4,1
81,天王橋,八王子武蔵村山線×五日市街道,R4/10,立川,E 砂川七番,21.東中神,10,0,0,2,1,3,0
81,天王橋,八王子武蔵村山線×五日市街道,R4/10,立川,E 砂川七番,21.東中神,11,0,0,1,0,1,0
81,天王橋,八王子武蔵村山線×五日市街道,R4/10,立川,E 砂川七番,21.東中神,12,0,0,2,0,2,0
81,天王橋,八王子武蔵村山線×五日市街道,R4/10,立川,E 砂川七番,21.東中神,13,0,0,2,1,3,0
81,天王橋,八王子武蔵村山線×五日市街道,R4/10,立川,E 砂川七番,21.東中神,14,0,0,1,0,1,0
81,天王橋,八王子武蔵村山線×五日市街道,R4/10,立川,E 砂川七番,21.東中神,15,0,0,3,2,5,0
81,天王橋,八王子武蔵村山線×五日市街道,R4/10,立川,E 砂川七番,21.東中神,16,0,0,0,0,0,0
81,天王橋,八王子武蔵村山線×五日市街道,R4/10,立川,E 砂川七番,21.東中神,17,0,0,0,0,0,0
81,天王橋,八王子武蔵村山線×五日市街道,R4/10,立川,E 砂川七番,21.東中神,18,0,0,2,0,2,0
81,天王橋,八王子武蔵村山線×五日市街道,R4/10,立川,E 砂川七番,21.東中神,12時間計,0,0,24,5,29,2
81,天王橋,八王子武蔵村山線×五日市街道,R4/10,立川,E 砂川七番,22.美堀町,7,0,1,53,4,58,3
81,天王橋,八王子武蔵村山線×五日市街道,R4/10,立川,E 砂川七番,22.美堀町,8,0,0,49,11,60,3
81,天王橋,八王子武蔵村山線×五日市街道,R4/10,立川,E 砂川七番,22.美堀町,9,1,0,37,4,42,1
81,天王橋,八王子武蔵村山線×五日市街道,R4/10,立川,E 砂川七番,22.美堀町,10,0,0,20,3,23,0
81,天王橋,八王子武蔵村山線×五日市街道,R4/10,立川,E 砂川七番,22.美堀町,11,0,0,37,3,40,1
81,天王橋,八王子武蔵村山線×五日市街道,R4/10,立川,E 砂川七番,22.美堀町,12,0,0,28,8,36,1
81,天王橋,八王子武蔵村山線×五日市街道,R4/10,立川,E 砂川七番,22.美堀町,13,1,0,30,10,41,1
81,天王橋,八王子武蔵村山線×五日市街道,R4/10,立川,E 砂川七番,22.美堀町,14,0,0,28,6,34,2
81,天王橋,八王子武蔵村山線×五日市街道,R4/10,立川,E 砂川七番,22.美堀町,15,2,0,28,5,35,0
81,天王橋,八王子武蔵村山線×五日市街道,R4/10,立川,E 砂川七番,22.美堀町,16,0,0,59,5,64,2
81,天王橋,八王子武蔵村山線×五日市街道,R4/10,立川,E 砂川七番,22.美堀町,17,0,0,75,6,81,3
81,天王橋,八王子武蔵村山線×五日市街道,R4/10,立川,E 砂川七番,22.美堀町,18,0,1,58,8,67,2
81,天王橋,八王子武蔵村山線×五日市街道,R4/10,立川,E 砂川七番,22.美堀町,12時間計,4,2,502,73,581,19
81,天王橋,八王子武蔵村山線×五日市街道,R4/10,立川,E 砂川七番,23.拝島,7,2,4,115,41,162,10
81,天王橋,八王子武蔵村山線×五日市街道,R4/10,立川,E 砂川七番,23.拝島,8,0,5,120,54,179,4
81,天王橋,八王子武蔵村山線×五日市街道,R4/10,立川,E 砂川七番,23.拝島,9,0,3,120,88,211,4
81,天王橋,八王子武蔵村山線×五日市街道,R4/10,立川,E 砂川七番,23.拝島,10,0,5,122,67,194,7
81,天王橋,八王子武蔵村山線×五日市街道,R4/10,立川,E 砂川七番,23.拝島,11,0,4,132,86,222,6
81,天王橋,八王子武蔵村山線×五日市街道,R4/10,立川,E 砂川七番,23.拝島,12,1,11,149,87,248,2
81,天王橋,八王子武蔵村山線×五日市街道,R4/10,立川,E 砂川七番,23.拝島,13,0,4,150,76,230,4
81,天王橋,八王子武蔵村山線×五日市街道,R4/10,立川,E 砂川七番,23.拝島,14,2,8,121,88,219,3
81,天王橋,八王子武蔵村山線×五日市街道,R4/10,立川,E 砂川七番,23.拝島,15,2,6,134,75,217,4
81,天王橋,八王子武蔵村山線×五日市街道,R4/10,立川,E 砂川七番,23.拝島,16,2,1,126,63,192,1
81,天王橋,八王子武蔵村山線×五日市街道,R4/10,立川,E 砂川七番,23.拝島,17,1,6,152,57,216,4
81,天王橋,八王子武蔵村山線×五日市街道,R4/10,立川,E 砂川七番,23.拝島,18,1,0,157,52,210,6
81,天王橋,八王子武蔵村山線×五日市街道,R4/10,立川,E 砂川七番,23.拝島,12時間計,11,57,1598,834,2500,55
81,天王橋,八王子武蔵村山線×五日市街道,R4/10,立川,E 砂川七番,24.武蔵村山,7,5,13,122,26,166,2
81,天王橋,八王子武蔵村山線×五日市街道,R4/10,立川,E 砂川七番,24.武蔵村山,8,4,3,97,46,150,3
81,天王橋,八王子武蔵村山線×五日市街道,R4/10,立川,E 砂川七番,24.武蔵村山,9,2,7,64,37,110,1
81,天王橋,八王子武蔵村山線×五日市街道,R4/10,立川,E 砂川七番,24.武蔵村山,10,3,7,68,52,130,0
81,天王橋,八王子武蔵村山線×五日市街道,R4/10,立川,E 砂川七番,24.武蔵村山,11,1,10,76,53,140,0
81,天王橋,八王子武蔵村山線×五日市街道,R4/10,立川,E 砂川七番,24.武蔵村山,12,1,3,81,35,120,0
81,天王橋,八王子武蔵村山線×五日市街道,R4/10,立川,E 砂川七番,24.武蔵村山,13,1,3,68,67,139,0
81,天王橋,八王子武蔵村山線×五日市街道,R4/10,立川,E 砂川七番,24.武蔵村山,14,3,9,64,70,146,1
81,天王橋,八王子武蔵村山線×五日市街道,R4/10,立川,E 砂川七番,24.武蔵村山,15,3,3,76,47,129,1
81,天王橋,八王子武蔵村山線×五日市街道,R4/10,立川,E 砂川七番,24.武蔵村山,16,2,9,95,61,167,0
81,天王橋,八王子武蔵村山線×五日市街道,R4/10,立川,E 砂川七番,24.武蔵村山,17,3,4,121,42,170,1
81,天王橋,八王子武蔵村山線×五日市街道,R4/10,立川,E 砂川七番,24.武蔵村山,18,3,2,106,46,157,5
81,天王橋,八王子武蔵村山線×五日市街道,R4/10,立川,E 砂川七番,24.武蔵村山,12時間計,31,73,1038,582,1724,14
81,天王橋,八王子武蔵村山線×五日市街道,R4/10,立川,E 砂川七番,25.玉川上水,7,0,0,0,0,0,0
81,天王橋,八王子武蔵村山線×五日市街道,R4/10,立川,E 砂川七番,25.玉川上水,8,0,0,1,0,1,0
81,天王橋,八王子武蔵村山線×五日市街道,R4/10,立川,E 砂川七番,25.玉川上水,9,0,0,0,0,0,0
81,天王橋,八王子武蔵村山線×五日市街道,R4/10,立川,E 砂川七番,25.玉川上水,10,0,0,0,0,0,0
81,天王橋,八王子武蔵村山線×五日市街道,R4/10,立川,E 砂川七番,25.玉川上水,11,0,0,0,1,1,0
81,天王橋,八王子武蔵村山線×五日市街道,R4/10,立川,E 砂川七番,25.玉川上水,12,0,0,0,0,0,0
81,天王橋,八王子武蔵村山線×五日市街道,R4/10,立川,E 砂川七番,25.玉川上水,13,0,0,0,0,0,0
81,天王橋,八王子武蔵村山線×五日市街道,R4/10,立川,E 砂川七番,25.玉川上水,14,0,0,0,0,0,0
81,天王橋,八王子武蔵村山線×五日市街道,R4/10,立川,E 砂川七番,25.玉川上水,15,0,0,0,0,0,0
81,天王橋,八王子武蔵村山線×五日市街道,R4/10,立川,E 砂川七番,25.玉川上水,16,0,0,0,0,0,0
81,天王橋,八王子武蔵村山線×五日市街道,R4/10,立川,E 砂川七番,25.玉川上水,17,0,0,1,0,1,0
81,天王橋,八王子武蔵村山線×五日市街道,R4/10,立川,E 砂川七番,25.玉川上水,18,0,0,0,0,0,0
81,天王橋,八王子武蔵村山線×五日市街道,R4/10,立川,E 砂川七番,25.玉川上水,12時間計,0,0,2,1,3,0
81,天王橋,八王子武蔵村山線×五日市街道,R4/10,立川,E 砂川七番,31.東中神,7,0,1,76,9,86,11
81,天王橋,八王子武蔵村山線×五日市街道,R4/10,立川,E 砂川七番,31.東中神,8,2,1,56,13,72,5
81,天王橋,八王子武蔵村山線×五日市街道,R4/10,立川,E 砂川七番,31.東中神,9,1,2,61,33,97,2
81,天王橋,八王子武蔵村山線×五日市街道,R4/10,立川,E 砂川七番,31.東中神,10,0,4,58,25,87,2
81,天王橋,八王子武蔵村山線×五日市街道,R4/10,立川,E 砂川七番,31.東中神,11,0,0,56,25,81,2
81,天王橋,八王子武蔵村山線×五日市街道,R4/10,立川,E 砂川七番,31.東中神,12,0,3,50,26,79,4
81,天王橋,八王子武蔵村山線×五日市街道,R4/10,立川,E 砂川七番,31.東中神,13,0,3,51,13,67,1
81,天王橋,八王子武蔵村山線×五日市街道,R4/10,立川,E 砂川七番,31.東中神,14,2,2,63,25,92,7
81,天王橋,八王子武蔵村山線×五日市街道,R4/10,立川,E 砂川七番,31.東中神,15,1,2,48,20,71,1
81,天王橋,八王子武蔵村山線×五日市街道,R4/10,立川,E 砂川七番,31.東中神,16,2,1,50,38,91,4
81,天王橋,八王子武蔵村山線×五日市街道,R4/10,立川,E 砂川七番,31.東中神,17,0,2,51,17,70,3
81,天王橋,八王子武蔵村山線×五日市街道,R4/10,立川,E 砂川七番,31.東中神,18,0,5,55,10,70,6
81,天王橋,八王子武蔵村山線×五日市街道,R4/10,立川,E 砂川七番,31.東中神,12時間計,8,26,675,254,963,48
81,天王橋,八王子武蔵村山線×五日市街道,R4/10,立川,E 砂川七番,流入計,7,7,19,369,80,475,26
81,天王橋,八王子武蔵村山線×五日市街道,R4/10,立川,E 砂川七番,流入計,8,6,9,328,124,467,16
81,天王橋,八王子武蔵村山線×五日市街道,R4/10,立川,E 砂川七番,流入計,9,4,12,285,163,464,9
81,天王橋,八王子武蔵村山線×五日市街道,R4/10,立川,E 砂川七番,流入計,10,3,16,270,148,437,9
81,天王橋,八王子武蔵村山線×五日市街道,R4/10,立川,E 砂川七番,流入計,11,1,14,302,168,485,9
81,天王橋,八王子武蔵村山線×五日市街道,R4/10,立川,E 砂川七番,流入計,12,2,17,310,156,485,7
81,天王橋,八王子武蔵村山線×五日市街道,R4/10,立川,E 砂川七番,流入計,13,2,10,301,167,480,6
81,天王橋,八王子武蔵村山線×五日市街道,R4/10,立川,E 砂川七番,流入計,14,7,19,277,189,492,13
81,天王橋,八王子武蔵村山線×五日市街道,R4/10,立川,E 砂川七番,流入計,15,8,11,289,149,457,6
81,天王橋,八王子武蔵村山線×五日市街道,R4/10,立川,E 砂川七番,流入計,16,6,11,330,167,514,7
81,天王橋,八王子武蔵村山線×五日市街道,R4/10,立川,E 砂川七番,流入計,17,4,12,400,122,538,11
81,天王橋,八王子武蔵村山線×五日市街道,R4/10,立川,E 砂川七番,流入計,18,4,8,378,116,506,19
81,天王橋,八王子武蔵村山線×五日市街道,R4/10,立川,E 砂川七番,流入計,12時間計,54,158,3839,1749,5800,138
81,天王橋,八王子武蔵村山線×五日市街道,R4/10,立川,F 玉川上水,26.砂川七番,7,0,0,0,0,0,0
81,天王橋,八王子武蔵村山線×五日市街道,R4/10,立川,F 玉川上水,26.砂川七番,8,0,0,0,0,0,0
81,天王橋,八王子武蔵村山線×五日市街道,R4/10,立川,F 玉川上水,26.砂川七番,9,0,0,0,0,0,0
81,天王橋,八王子武蔵村山線×五日市街道,R4/10,立川,F 玉川上水,26.砂川七番,10,0,0,0,0,0,0
81,天王橋,八王子武蔵村山線×五日市街道,R4/10,立川,F 玉川上水,26.砂川七番,11,0,0,0,0,0,0
81,天王橋,八王子武蔵村山線×五日市街道,R4/10,立川,F 玉川上水,26.砂川七番,12,0,0,0,0,0,0
81,天王橋,八王子武蔵村山線×五日市街道,R4/10,立川,F 玉川上水,26.砂川七番,13,0,0,0,0,0,0
81,天王橋,八王子武蔵村山線×五日市街道,R4/10,立川,F 玉川上水,26.砂川七番,14,0,0,1,0,1,0
81,天王橋,八王子武蔵村山線×五日市街道,R4/10,立川,F 玉川上水,26.砂川七番,15,0,0,0,0,0,0
81,天王橋,八王子武蔵村山線×五日市街道,R4/10,立川,F 玉川上水,26.砂川七番,16,0,0,1,0,1,0
81,天王橋,八王子武蔵村山線×五日市街道,R4/10,立川,F 玉川上水,26.砂川七番,17,0,0,1,0,1,0
81,天王橋,八王子武蔵村山線×五日市街道,R4/10,立川,F 玉川上水,26.砂川七番,18,0,0,1,0,1,0
81,天王橋,八王子武蔵村山線×五日市街道,R4/10,立川,F 玉川上水,26.砂川七番,12時間計,0,0,4,0,4,0
81,天王橋,八王子武蔵村山線×五日市街道,R4/10,立川,F 玉川上水,27.東中神,7,0,0,44,3,47,1
81,天王橋,八王子武蔵村山線×五日市街道,R4/10,立川,F 玉川上水,27.東中神,8,0,0,25,3,28,1
81,天王橋,八王子武蔵村山線×五日市街道,R4/10,立川,F 玉川上水,27.東中神,9,0,0,8,3,11,0
81,天王橋,八王子武蔵村山線×五日市街道,R4/10,立川,F 玉川上水,27.東中神,10,0,0,13,9,22,1
81,天王橋,八王子武蔵村山線×五日市街道,R4/10,立川,F 玉川上水,27.東中神,11,0,0,12,3,15,0
81,天王橋,八王子武蔵村山線×五日市街道,R4/10,立川,F 玉川上水,27.東中神,12,0,0,12,1,13,0
81,天王橋,八王子武蔵村山線×五日市街道,R4/10,立川,F 玉川上水,27.東中神,13,0,0,13,5,18,0
81,天王橋,八王子武蔵村山線×五日市街道,R4/10,立川,F 玉川上水,27.東中神,14,0,0,16,2,18,0
81,天王橋,八王子武蔵村山線×五日市街道,R4/10,立川,F 玉川上水,27.東中神,15,0,0,7,6,13,0
81,天王橋,八王子武蔵村山線×五日市街道,R4/10,立川,F 玉川上水,27.東中神,16,0,0,8,5,13,1
81,天王橋,八王子武蔵村山線×五日市街道,R4/10,立川,F 玉川上水,27.東中神,17,0,0,21,3,24,3
81,天王橋,八王子武蔵村山線×五日市街道,R4/10,立川,F 玉川上水,27.東中神,18,0,0,29,5,34,3
81,天王橋,八王子武蔵村山線×五日市街道,R4/10,立川,F 玉川上水,27.東中神,12時間計,0,0,208,48,256,10
81,天王橋,八王子武蔵村山線×五日市街道,R4/10,立川,F 玉川上水,28.美堀町,7,1,0,53,3,57,4
81,天王橋,八王子武蔵村山線×五日市街道,R4/10,立川,F 玉川上水,28.美堀町,8,0,0,42,10,52,3
81,天王橋,八王子武蔵村山線×五日市街道,R4/10,立川,F 玉川上水,28.美堀町,9,2,0,49,14,65,3
81,天王橋,八王子武蔵村山線×五日市街道,R4/10,立川,F 玉川上水,28.美堀町,10,0,0,60,4,64,4
81,天王橋,八王子武蔵村山線×五日市街道,R4/10,立川,F 玉川上水,28.美堀町,11,1,1,42,3,47,1
81,天王橋,八王子武蔵村山線×五日市街道,R4/10,立川,F 玉川上水,28.美堀町,12,0,0,27,7,34,3
81,天王橋,八王子武蔵村山線×五日市街道,R4/10,立川,F 玉川上水,28.美堀町,13,0,0,26,17,43,2
81,天王橋,八王子武蔵村山線×五日市街道,R4/10,立川,F 玉川上水,28.美堀町,14,1,1,25,4,31,2
81,天王橋,八王子武蔵村山線×五日市街道,R4/10,立川,F 玉川上水,28.美堀町,15,0,0,25,4,29,3
81,天王橋,八王子武蔵村山線×五日市街道,R4/10,立川,F 玉川上水,28.美堀町,16,0,1,50,3,54,1
81,天王橋,八王子武蔵村山線×五日市街道,R4/10,立川,F 玉川上水,28.美堀町,17,0,0,34,3,37,2
81,天王橋,八王子武蔵村山線×五日市街道,R4/10,立川,F 玉川上水,28.美堀町,18,0,0,47,5,52,1
81,天王橋,八王子武蔵村山線×五日市街道,R4/10,立川,F 玉川上水,28.美堀町,12時間計,5,3,480,77,565,29
81,天王橋,八王子武蔵村山線×五日市街道,R4/10,立川,F 玉川上水,29.拝島,7,0,0,4,3,7,0
81,天王橋,八王子武蔵村山線×五日市街道,R4/10,立川,F 玉川上水,29.拝島,8,0,0,7,5,12,0
81,天王橋,八王子武蔵村山線×五日市街道,R4/10,立川,F 玉川上水,29.拝島,9,0,0,7,7,14,0
81,天王橋,八王子武蔵村山線×五日市街道,R4/10,立川,F 玉川上水,29.拝島,10,0,0,5,5,10,0
81,天王橋,八王子武蔵村山線×五日市街道,R4/10,立川,F 玉川上水,29.拝島,11,0,0,6,6,12,0
81,天王橋,八王子武蔵村山線×五日市街道,R4/10,立川,F 玉川上水,29.拝島,12,0,0,6,3,9,0
81,天王橋,八王子武蔵村山線×五日市街道,R4/10,立川,F 玉川上水,29.拝島,13,0,0,7,3,10,0
81,天王橋,八王子武蔵村山線×五日市街道,R4/10,立川,F 玉川上水,29.拝島,14,0,0,4,1,5,0
81,天王橋,八王子武蔵村山線×五日市街道,R4/10,立川,F 玉川上水,29.拝島,15,0,0,13,2,15,0
81,天王橋,八王子武蔵村山線×五日市街道,R4/10,立川,F 玉川上水,29.拝島,16,0,0,8,1,9,0
81,天王橋,八王子武蔵村山線×五日市街道,R4/10,立川,F 玉川上水,29.拝島,17,0,0,4,4,8,2
81,天王橋,八王子武蔵村山線×五日市街道,R4/10,立川,F 玉川上水,29.拝島,18,0,0,5,7,12,1
81,天王橋,八王子武蔵村山線×五日市街道,R4/10,立川,F 玉川上水,29.拝島,12時間計,0,0,76,47,123,3
81,天王橋,八王子武蔵村山線×五日市街道,R4/10,立川,F 玉川上水,30.武蔵村山,7,0,0,3,0,3,1
81,天王橋,八王子武蔵村山線×五日市街道,R4/10,立川,F 玉川上水,30.武蔵村山,8,0,0,1,3,4,0
81,天王橋,八王子武蔵村山線×五日市街道,R4/10,立川,F 玉川上水,30.武蔵村山,9,0,0,5,5,10,0
81,天王橋,八王子武蔵村山線×五日市街道,R4/10,立川,F 玉川上水,30.武蔵村山,10,0,0,2,2,4,0
81,天王橋,八王子武蔵村山線×五日市街道,R4/10,立川,F 玉川上水,30.武蔵村山,11,0,0,3,1,4,0
81,天王橋,八王子武蔵村山線×五日市街道,R4/10,立川,F 玉川上水,30.武蔵村山,12,0,0,9,2,11,0
81,天王橋,八王子武蔵村山線×五日市街道,R4/10,立川,F 玉川上水,30.武蔵村山,13,0,0,3,2,5,0
81,天王橋,八王子武蔵村山線×五日市街道,R4/10,立川,F 玉川上水,30.武蔵村山,14,0,0,1,1,2,0
81,天王橋,八王子武蔵村山線×五日市街道,R4/10,立川,F 玉川上水,30.武蔵村山,15,0,0,0,2,2,0
81,天王橋,八王子武蔵村山線×五日市街道,R4/10,立川,F 玉川上水,30.武蔵村山,16,0,0,1,0,1,0
81,天王橋,八王子武蔵村山線×五日市街道,R4/10,立川,F 玉川上水,30.武蔵村山,17,0,0,2,0,2,0
81,天王橋,八王子武蔵村山線×五日市街道,R4/10,立川,F 玉川上水,30.武蔵村山,18,0,0,6,0,6,0
81,天王橋,八王子武蔵村山線×五日市街道,R4/10,立川,F 玉川上水,30.武蔵村山,12時間計,0,0,36,18,54,1
81,天王橋,八王子武蔵村山線×五日市街道,R4/10,立川,F 玉川上水,流入計,7,1,0,104,9,114,6
81,天王橋,八王子武蔵村山線×五日市街道,R4/10,立川,F 玉川上水,流入計,8,0,0,75,21,96,4
81,天王橋,八王子武蔵村山線×五日市街道,R4/10,立川,F 玉川上水,流入計,9,2,0,69,29,100,3
81,天王橋,八王子武蔵村山線×五日市街道,R4/10,立川,F 玉川上水,流入計,10,0,0,80,20,100,5
81,天王橋,八王子武蔵村山線×五日市街道,R4/10,立川,F 玉川上水,流入計,11,1,1,63,13,78,1
81,天王橋,八王子武蔵村山線×五日市街道,R4/10,立川,F 玉川上水,流入計,12,0,0,54,13,67,3
81,天王橋,八王子武蔵村山線×五日市街道,R4/10,立川,F 玉川上水,流入計,13,0,0,49,27,76,2
81,天王橋,八王子武蔵村山線×五日市街道,R4/10,立川,F 玉川上水,流入計,14,1,1,47,8,57,2
81,天王橋,八王子武蔵村山線×五日市街道,R4/10,立川,F 玉川上水,流入計,15,0,0,45,14,59,3
81,天王橋,八王子武蔵村山線×五日市街道,R4/10,立川,F 玉川上水,流入計,16,0,1,68,9,78,2
81,天王橋,八王子武蔵村山線×五日市街道,R4/10,立川,F 玉川上水,流入計,17,0,0,62,10,72,7
81,天王橋,八王子武蔵村山線×五日市街道,R4/10,立川,F 玉川上水,流入計,18,0,0,88,17,105,5
81,天王橋,八王子武蔵村山線×五日市街道,R4/10,立川,F 玉川上水,流入計,12時間計,5,3,804,190,1002,43
