﻿地点番号,地点名,交差道路名,調査年月,管轄警察署,流入方向,流出方向,時間帯等,車道通行自転車,歩道通行自転車,自転車計
81,天王橋,八王子武蔵村山線×五日市街道,R4/10,立川,A 武蔵村山,1玉川上水,7,0,-,-
81,天王橋,八王子武蔵村山線×五日市街道,R4/10,立川,A 武蔵村山,1玉川上水,8,0,-,-
81,天王橋,八王子武蔵村山線×五日市街道,R4/10,立川,A 武蔵村山,1玉川上水,9,0,-,-
81,天王橋,八王子武蔵村山線×五日市街道,R4/10,立川,A 武蔵村山,1玉川上水,10,1,-,-
81,天王橋,八王子武蔵村山線×五日市街道,R4/10,立川,A 武蔵村山,1玉川上水,11,0,-,-
81,天王橋,八王子武蔵村山線×五日市街道,R4/10,立川,A 武蔵村山,1玉川上水,12,0,-,-
81,天王橋,八王子武蔵村山線×五日市街道,R4/10,立川,A 武蔵村山,1玉川上水,13,0,-,-
81,天王橋,八王子武蔵村山線×五日市街道,R4/10,立川,A 武蔵村山,1玉川上水,14,0,-,-
81,天王橋,八王子武蔵村山線×五日市街道,R4/10,立川,A 武蔵村山,1玉川上水,15,0,-,-
81,天王橋,八王子武蔵村山線×五日市街道,R4/10,立川,A 武蔵村山,1玉川上水,16,1,-,-
81,天王橋,八王子武蔵村山線×五日市街道,R4/10,立川,A 武蔵村山,1玉川上水,17,1,-,-
81,天王橋,八王子武蔵村山線×五日市街道,R4/10,立川,A 武蔵村山,1玉川上水,18,2,-,-
81,天王橋,八王子武蔵村山線×五日市街道,R4/10,立川,A 武蔵村山,1玉川上水,12時間計,5,-,-
81,天王橋,八王子武蔵村山線×五日市街道,R4/10,立川,A 武蔵村山,2砂川七番,7,1,-,-
81,天王橋,八王子武蔵村山線×五日市街道,R4/10,立川,A 武蔵村山,2砂川七番,8,3,-,-
81,天王橋,八王子武蔵村山線×五日市街道,R4/10,立川,A 武蔵村山,2砂川七番,9,0,-,-
81,天王橋,八王子武蔵村山線×五日市街道,R4/10,立川,A 武蔵村山,2砂川七番,10,0,-,-
81,天王橋,八王子武蔵村山線×五日市街道,R4/10,立川,A 武蔵村山,2砂川七番,11,0,-,-
81,天王橋,八王子武蔵村山線×五日市街道,R4/10,立川,A 武蔵村山,2砂川七番,12,1,-,-
81,天王橋,八王子武蔵村山線×五日市街道,R4/10,立川,A 武蔵村山,2砂川七番,13,1,-,-
81,天王橋,八王子武蔵村山線×五日市街道,R4/10,立川,A 武蔵村山,2砂川七番,14,1,-,-
81,天王橋,八王子武蔵村山線×五日市街道,R4/10,立川,A 武蔵村山,2砂川七番,15,0,-,-
81,天王橋,八王子武蔵村山線×五日市街道,R4/10,立川,A 武蔵村山,2砂川七番,16,0,-,-
81,天王橋,八王子武蔵村山線×五日市街道,R4/10,立川,A 武蔵村山,2砂川七番,17,0,-,-
81,天王橋,八王子武蔵村山線×五日市街道,R4/10,立川,A 武蔵村山,2砂川七番,18,1,-,-
81,天王橋,八王子武蔵村山線×五日市街道,R4/10,立川,A 武蔵村山,2砂川七番,12時間計,8,-,-
81,天王橋,八王子武蔵村山線×五日市街道,R4/10,立川,A 武蔵村山,3東中神,7,6,-,-
81,天王橋,八王子武蔵村山線×五日市街道,R4/10,立川,A 武蔵村山,3東中神,8,4,-,-
81,天王橋,八王子武蔵村山線×五日市街道,R4/10,立川,A 武蔵村山,3東中神,9,2,-,-
81,天王橋,八王子武蔵村山線×五日市街道,R4/10,立川,A 武蔵村山,3東中神,10,2,-,-
81,天王橋,八王子武蔵村山線×五日市街道,R4/10,立川,A 武蔵村山,3東中神,11,1,-,-
81,天王橋,八王子武蔵村山線×五日市街道,R4/10,立川,A 武蔵村山,3東中神,12,4,-,-
81,天王橋,八王子武蔵村山線×五日市街道,R4/10,立川,A 武蔵村山,3東中神,13,0,-,-
81,天王橋,八王子武蔵村山線×五日市街道,R4/10,立川,A 武蔵村山,3東中神,14,6,-,-
81,天王橋,八王子武蔵村山線×五日市街道,R4/10,立川,A 武蔵村山,3東中神,15,5,-,-
81,天王橋,八王子武蔵村山線×五日市街道,R4/10,立川,A 武蔵村山,3東中神,16,4,-,-
81,天王橋,八王子武蔵村山線×五日市街道,R4/10,立川,A 武蔵村山,3東中神,17,1,-,-
81,天王橋,八王子武蔵村山線×五日市街道,R4/10,立川,A 武蔵村山,3東中神,18,6,-,-
81,天王橋,八王子武蔵村山線×五日市街道,R4/10,立川,A 武蔵村山,3東中神,12時間計,41,-,-
81,天王橋,八王子武蔵村山線×五日市街道,R4/10,立川,A 武蔵村山,4美堀町,7,0,-,-
81,天王橋,八王子武蔵村山線×五日市街道,R4/10,立川,A 武蔵村山,4美堀町,8,0,-,-
81,天王橋,八王子武蔵村山線×五日市街道,R4/10,立川,A 武蔵村山,4美堀町,9,0,-,-
81,天王橋,八王子武蔵村山線×五日市街道,R4/10,立川,A 武蔵村山,4美堀町,10,0,-,-
81,天王橋,八王子武蔵村山線×五日市街道,R4/10,立川,A 武蔵村山,4美堀町,11,0,-,-
81,天王橋,八王子武蔵村山線×五日市街道,R4/10,立川,A 武蔵村山,4美堀町,12,0,-,-
81,天王橋,八王子武蔵村山線×五日市街道,R4/10,立川,A 武蔵村山,4美堀町,13,0,-,-
81,天王橋,八王子武蔵村山線×五日市街道,R4/10,立川,A 武蔵村山,4美堀町,14,0,-,-
81,天王橋,八王子武蔵村山線×五日市街道,R4/10,立川,A 武蔵村山,4美堀町,15,0,-,-
81,天王橋,八王子武蔵村山線×五日市街道,R4/10,立川,A 武蔵村山,4美堀町,16,0,-,-
81,天王橋,八王子武蔵村山線×五日市街道,R4/10,立川,A 武蔵村山,4美堀町,17,0,-,-
81,天王橋,八王子武蔵村山線×五日市街道,R4/10,立川,A 武蔵村山,4美堀町,18,0,-,-
81,天王橋,八王子武蔵村山線×五日市街道,R4/10,立川,A 武蔵村山,4美堀町,12時間計,0,-,-
81,天王橋,八王子武蔵村山線×五日市街道,R4/10,立川,A 武蔵村山,5拝島,7,0,-,-
81,天王橋,八王子武蔵村山線×五日市街道,R4/10,立川,A 武蔵村山,5拝島,8,0,-,-
81,天王橋,八王子武蔵村山線×五日市街道,R4/10,立川,A 武蔵村山,5拝島,9,0,-,-
81,天王橋,八王子武蔵村山線×五日市街道,R4/10,立川,A 武蔵村山,5拝島,10,0,-,-
81,天王橋,八王子武蔵村山線×五日市街道,R4/10,立川,A 武蔵村山,5拝島,11,0,-,-
81,天王橋,八王子武蔵村山線×五日市街道,R4/10,立川,A 武蔵村山,5拝島,12,0,-,-
81,天王橋,八王子武蔵村山線×五日市街道,R4/10,立川,A 武蔵村山,5拝島,13,0,-,-
81,天王橋,八王子武蔵村山線×五日市街道,R4/10,立川,A 武蔵村山,5拝島,14,0,-,-
81,天王橋,八王子武蔵村山線×五日市街道,R4/10,立川,A 武蔵村山,5拝島,15,0,-,-
81,天王橋,八王子武蔵村山線×五日市街道,R4/10,立川,A 武蔵村山,5拝島,16,0,-,-
81,天王橋,八王子武蔵村山線×五日市街道,R4/10,立川,A 武蔵村山,5拝島,17,0,-,-
81,天王橋,八王子武蔵村山線×五日市街道,R4/10,立川,A 武蔵村山,5拝島,18,0,-,-
81,天王橋,八王子武蔵村山線×五日市街道,R4/10,立川,A 武蔵村山,5拝島,12時間計,0,-,-
81,天王橋,八王子武蔵村山線×五日市街道,R4/10,立川,A 武蔵村山,流入計,7,7,138,145
81,天王橋,八王子武蔵村山線×五日市街道,R4/10,立川,A 武蔵村山,流入計,8,7,140,147
81,天王橋,八王子武蔵村山線×五日市街道,R4/10,立川,A 武蔵村山,流入計,9,2,59,61
81,天王橋,八王子武蔵村山線×五日市街道,R4/10,立川,A 武蔵村山,流入計,10,3,49,52
81,天王橋,八王子武蔵村山線×五日市街道,R4/10,立川,A 武蔵村山,流入計,11,1,32,33
81,天王橋,八王子武蔵村山線×五日市街道,R4/10,立川,A 武蔵村山,流入計,12,5,45,50
81,天王橋,八王子武蔵村山線×五日市街道,R4/10,立川,A 武蔵村山,流入計,13,1,34,35
81,天王橋,八王子武蔵村山線×五日市街道,R4/10,立川,A 武蔵村山,流入計,14,7,43,50
81,天王橋,八王子武蔵村山線×五日市街道,R4/10,立川,A 武蔵村山,流入計,15,5,65,70
81,天王橋,八王子武蔵村山線×五日市街道,R4/10,立川,A 武蔵村山,流入計,16,5,70,75
81,天王橋,八王子武蔵村山線×五日市街道,R4/10,立川,A 武蔵村山,流入計,17,2,128,130
81,天王橋,八王子武蔵村山線×五日市街道,R4/10,立川,A 武蔵村山,流入計,18,9,68,77
81,天王橋,八王子武蔵村山線×五日市街道,R4/10,立川,A 武蔵村山,流入計,12時間計,54,871,925
81,天王橋,八王子武蔵村山線×五日市街道,R4/10,立川,B 拝島,6武蔵村山,7,0,-,-
81,天王橋,八王子武蔵村山線×五日市街道,R4/10,立川,B 拝島,6武蔵村山,8,0,-,-
81,天王橋,八王子武蔵村山線×五日市街道,R4/10,立川,B 拝島,6武蔵村山,9,0,-,-
81,天王橋,八王子武蔵村山線×五日市街道,R4/10,立川,B 拝島,6武蔵村山,10,0,-,-
81,天王橋,八王子武蔵村山線×五日市街道,R4/10,立川,B 拝島,6武蔵村山,11,0,-,-
81,天王橋,八王子武蔵村山線×五日市街道,R4/10,立川,B 拝島,6武蔵村山,12,0,-,-
81,天王橋,八王子武蔵村山線×五日市街道,R4/10,立川,B 拝島,6武蔵村山,13,0,-,-
81,天王橋,八王子武蔵村山線×五日市街道,R4/10,立川,B 拝島,6武蔵村山,14,0,-,-
81,天王橋,八王子武蔵村山線×五日市街道,R4/10,立川,B 拝島,6武蔵村山,15,0,-,-
81,天王橋,八王子武蔵村山線×五日市街道,R4/10,立川,B 拝島,6武蔵村山,16,0,-,-
81,天王橋,八王子武蔵村山線×五日市街道,R4/10,立川,B 拝島,6武蔵村山,17,0,-,-
81,天王橋,八王子武蔵村山線×五日市街道,R4/10,立川,B 拝島,6武蔵村山,18,0,-,-
81,天王橋,八王子武蔵村山線×五日市街道,R4/10,立川,B 拝島,6武蔵村山,12時間計,0,-,-
81,天王橋,八王子武蔵村山線×五日市街道,R4/10,立川,B 拝島,7玉川上水,7,9,-,-
81,天王橋,八王子武蔵村山線×五日市街道,R4/10,立川,B 拝島,7玉川上水,8,8,-,-
81,天王橋,八王子武蔵村山線×五日市街道,R4/10,立川,B 拝島,7玉川上水,9,3,-,-
81,天王橋,八王子武蔵村山線×五日市街道,R4/10,立川,B 拝島,7玉川上水,10,3,-,-
81,天王橋,八王子武蔵村山線×五日市街道,R4/10,立川,B 拝島,7玉川上水,11,1,-,-
81,天王橋,八王子武蔵村山線×五日市街道,R4/10,立川,B 拝島,7玉川上水,12,3,-,-
81,天王橋,八王子武蔵村山線×五日市街道,R4/10,立川,B 拝島,7玉川上水,13,1,-,-
81,天王橋,八王子武蔵村山線×五日市街道,R4/10,立川,B 拝島,7玉川上水,14,2,-,-
81,天王橋,八王子武蔵村山線×五日市街道,R4/10,立川,B 拝島,7玉川上水,15,2,-,-
81,天王橋,八王子武蔵村山線×五日市街道,R4/10,立川,B 拝島,7玉川上水,16,5,-,-
81,天王橋,八王子武蔵村山線×五日市街道,R4/10,立川,B 拝島,7玉川上水,17,10,-,-
81,天王橋,八王子武蔵村山線×五日市街道,R4/10,立川,B 拝島,7玉川上水,18,6,-,-
81,天王橋,八王子武蔵村山線×五日市街道,R4/10,立川,B 拝島,7玉川上水,12時間計,53,-,-
81,天王橋,八王子武蔵村山線×五日市街道,R4/10,立川,B 拝島,8砂川七番,7,2,-,-
81,天王橋,八王子武蔵村山線×五日市街道,R4/10,立川,B 拝島,8砂川七番,8,5,-,-
81,天王橋,八王子武蔵村山線×五日市街道,R4/10,立川,B 拝島,8砂川七番,9,1,-,-
81,天王橋,八王子武蔵村山線×五日市街道,R4/10,立川,B 拝島,8砂川七番,10,1,-,-
81,天王橋,八王子武蔵村山線×五日市街道,R4/10,立川,B 拝島,8砂川七番,11,0,-,-
81,天王橋,八王子武蔵村山線×五日市街道,R4/10,立川,B 拝島,8砂川七番,12,0,-,-
81,天王橋,八王子武蔵村山線×五日市街道,R4/10,立川,B 拝島,8砂川七番,13,1,-,-
81,天王橋,八王子武蔵村山線×五日市街道,R4/10,立川,B 拝島,8砂川七番,14,1,-,-
81,天王橋,八王子武蔵村山線×五日市街道,R4/10,立川,B 拝島,8砂川七番,15,1,-,-
81,天王橋,八王子武蔵村山線×五日市街道,R4/10,立川,B 拝島,8砂川七番,16,1,-,-
81,天王橋,八王子武蔵村山線×五日市街道,R4/10,立川,B 拝島,8砂川七番,17,1,-,-
81,天王橋,八王子武蔵村山線×五日市街道,R4/10,立川,B 拝島,8砂川七番,18,2,-,-
81,天王橋,八王子武蔵村山線×五日市街道,R4/10,立川,B 拝島,8砂川七番,12時間計,16,-,-
81,天王橋,八王子武蔵村山線×五日市街道,R4/10,立川,B 拝島,9東中神,7,0,-,-
81,天王橋,八王子武蔵村山線×五日市街道,R4/10,立川,B 拝島,9東中神,8,0,-,-
81,天王橋,八王子武蔵村山線×五日市街道,R4/10,立川,B 拝島,9東中神,9,0,-,-
81,天王橋,八王子武蔵村山線×五日市街道,R4/10,立川,B 拝島,9東中神,10,0,-,-
81,天王橋,八王子武蔵村山線×五日市街道,R4/10,立川,B 拝島,9東中神,11,0,-,-
81,天王橋,八王子武蔵村山線×五日市街道,R4/10,立川,B 拝島,9東中神,12,0,-,-
81,天王橋,八王子武蔵村山線×五日市街道,R4/10,立川,B 拝島,9東中神,13,0,-,-
81,天王橋,八王子武蔵村山線×五日市街道,R4/10,立川,B 拝島,9東中神,14,0,-,-
81,天王橋,八王子武蔵村山線×五日市街道,R4/10,立川,B 拝島,9東中神,15,0,-,-
81,天王橋,八王子武蔵村山線×五日市街道,R4/10,立川,B 拝島,9東中神,16,0,-,-
81,天王橋,八王子武蔵村山線×五日市街道,R4/10,立川,B 拝島,9東中神,17,1,-,-
81,天王橋,八王子武蔵村山線×五日市街道,R4/10,立川,B 拝島,9東中神,18,0,-,-
81,天王橋,八王子武蔵村山線×五日市街道,R4/10,立川,B 拝島,9東中神,12時間計,1,-,-
81,天王橋,八王子武蔵村山線×五日市街道,R4/10,立川,B 拝島,10美堀町,7,0,-,-
81,天王橋,八王子武蔵村山線×五日市街道,R4/10,立川,B 拝島,10美堀町,8,0,-,-
81,天王橋,八王子武蔵村山線×五日市街道,R4/10,立川,B 拝島,10美堀町,9,0,-,-
81,天王橋,八王子武蔵村山線×五日市街道,R4/10,立川,B 拝島,10美堀町,10,0,-,-
81,天王橋,八王子武蔵村山線×五日市街道,R4/10,立川,B 拝島,10美堀町,11,0,-,-
81,天王橋,八王子武蔵村山線×五日市街道,R4/10,立川,B 拝島,10美堀町,12,0,-,-
81,天王橋,八王子武蔵村山線×五日市街道,R4/10,立川,B 拝島,10美堀町,13,0,-,-
81,天王橋,八王子武蔵村山線×五日市街道,R4/10,立川,B 拝島,10美堀町,14,0,-,-
81,天王橋,八王子武蔵村山線×五日市街道,R4/10,立川,B 拝島,10美堀町,15,0,-,-
81,天王橋,八王子武蔵村山線×五日市街道,R4/10,立川,B 拝島,10美堀町,16,0,-,-
81,天王橋,八王子武蔵村山線×五日市街道,R4/10,立川,B 拝島,10美堀町,17,0,-,-
81,天王橋,八王子武蔵村山線×五日市街道,R4/10,立川,B 拝島,10美堀町,18,0,-,-
81,天王橋,八王子武蔵村山線×五日市街道,R4/10,立川,B 拝島,10美堀町,12時間計,0,-,-
81,天王橋,八王子武蔵村山線×五日市街道,R4/10,立川,B 拝島,流入計,7,11,35,46
81,天王橋,八王子武蔵村山線×五日市街道,R4/10,立川,B 拝島,流入計,8,13,55,68
81,天王橋,八王子武蔵村山線×五日市街道,R4/10,立川,B 拝島,流入計,9,4,39,43
81,天王橋,八王子武蔵村山線×五日市街道,R4/10,立川,B 拝島,流入計,10,4,15,19
81,天王橋,八王子武蔵村山線×五日市街道,R4/10,立川,B 拝島,流入計,11,1,15,16
81,天王橋,八王子武蔵村山線×五日市街道,R4/10,立川,B 拝島,流入計,12,3,9,12
81,天王橋,八王子武蔵村山線×五日市街道,R4/10,立川,B 拝島,流入計,13,2,13,15
81,天王橋,八王子武蔵村山線×五日市街道,R4/10,立川,B 拝島,流入計,14,3,15,18
81,天王橋,八王子武蔵村山線×五日市街道,R4/10,立川,B 拝島,流入計,15,3,15,18
81,天王橋,八王子武蔵村山線×五日市街道,R4/10,立川,B 拝島,流入計,16,6,14,20
81,天王橋,八王子武蔵村山線×五日市街道,R4/10,立川,B 拝島,流入計,17,12,26,38
81,天王橋,八王子武蔵村山線×五日市街道,R4/10,立川,B 拝島,流入計,18,8,14,22
81,天王橋,八王子武蔵村山線×五日市街道,R4/10,立川,B 拝島,流入計,12時間計,70,265,335
81,天王橋,八王子武蔵村山線×五日市街道,R4/10,立川,C 美堀町,11拝島,7,0,-,-
81,天王橋,八王子武蔵村山線×五日市街道,R4/10,立川,C 美堀町,11拝島,8,0,-,-
81,天王橋,八王子武蔵村山線×五日市街道,R4/10,立川,C 美堀町,11拝島,9,0,-,-
81,天王橋,八王子武蔵村山線×五日市街道,R4/10,立川,C 美堀町,11拝島,10,0,-,-
81,天王橋,八王子武蔵村山線×五日市街道,R4/10,立川,C 美堀町,11拝島,11,0,-,-
81,天王橋,八王子武蔵村山線×五日市街道,R4/10,立川,C 美堀町,11拝島,12,0,-,-
81,天王橋,八王子武蔵村山線×五日市街道,R4/10,立川,C 美堀町,11拝島,13,0,-,-
81,天王橋,八王子武蔵村山線×五日市街道,R4/10,立川,C 美堀町,11拝島,14,0,-,-
81,天王橋,八王子武蔵村山線×五日市街道,R4/10,立川,C 美堀町,11拝島,15,0,-,-
81,天王橋,八王子武蔵村山線×五日市街道,R4/10,立川,C 美堀町,11拝島,16,0,-,-
81,天王橋,八王子武蔵村山線×五日市街道,R4/10,立川,C 美堀町,11拝島,17,0,-,-
81,天王橋,八王子武蔵村山線×五日市街道,R4/10,立川,C 美堀町,11拝島,18,0,-,-
81,天王橋,八王子武蔵村山線×五日市街道,R4/10,立川,C 美堀町,11拝島,12時間計,0,-,-
81,天王橋,八王子武蔵村山線×五日市街道,R4/10,立川,C 美堀町,12武蔵村山,7,0,-,-
81,天王橋,八王子武蔵村山線×五日市街道,R4/10,立川,C 美堀町,12武蔵村山,8,0,-,-
81,天王橋,八王子武蔵村山線×五日市街道,R4/10,立川,C 美堀町,12武蔵村山,9,0,-,-
81,天王橋,八王子武蔵村山線×五日市街道,R4/10,立川,C 美堀町,12武蔵村山,10,0,-,-
81,天王橋,八王子武蔵村山線×五日市街道,R4/10,立川,C 美堀町,12武蔵村山,11,0,-,-
81,天王橋,八王子武蔵村山線×五日市街道,R4/10,立川,C 美堀町,12武蔵村山,12,0,-,-
81,天王橋,八王子武蔵村山線×五日市街道,R4/10,立川,C 美堀町,12武蔵村山,13,0,-,-
81,天王橋,八王子武蔵村山線×五日市街道,R4/10,立川,C 美堀町,12武蔵村山,14,0,-,-
81,天王橋,八王子武蔵村山線×五日市街道,R4/10,立川,C 美堀町,12武蔵村山,15,0,-,-
81,天王橋,八王子武蔵村山線×五日市街道,R4/10,立川,C 美堀町,12武蔵村山,16,0,-,-
81,天王橋,八王子武蔵村山線×五日市街道,R4/10,立川,C 美堀町,12武蔵村山,17,0,-,-
81,天王橋,八王子武蔵村山線×五日市街道,R4/10,立川,C 美堀町,12武蔵村山,18,0,-,-
81,天王橋,八王子武蔵村山線×五日市街道,R4/10,立川,C 美堀町,12武蔵村山,12時間計,0,-,-
81,天王橋,八王子武蔵村山線×五日市街道,R4/10,立川,C 美堀町,13玉川上水,7,5,-,-
81,天王橋,八王子武蔵村山線×五日市街道,R4/10,立川,C 美堀町,13玉川上水,8,8,-,-
81,天王橋,八王子武蔵村山線×五日市街道,R4/10,立川,C 美堀町,13玉川上水,9,1,-,-
81,天王橋,八王子武蔵村山線×五日市街道,R4/10,立川,C 美堀町,13玉川上水,10,0,-,-
81,天王橋,八王子武蔵村山線×五日市街道,R4/10,立川,C 美堀町,13玉川上水,11,0,-,-
81,天王橋,八王子武蔵村山線×五日市街道,R4/10,立川,C 美堀町,13玉川上水,12,0,-,-
81,天王橋,八王子武蔵村山線×五日市街道,R4/10,立川,C 美堀町,13玉川上水,13,0,-,-
81,天王橋,八王子武蔵村山線×五日市街道,R4/10,立川,C 美堀町,13玉川上水,14,3,-,-
81,天王橋,八王子武蔵村山線×五日市街道,R4/10,立川,C 美堀町,13玉川上水,15,2,-,-
81,天王橋,八王子武蔵村山線×五日市街道,R4/10,立川,C 美堀町,13玉川上水,16,3,-,-
81,天王橋,八王子武蔵村山線×五日市街道,R4/10,立川,C 美堀町,13玉川上水,17,1,-,-
81,天王橋,八王子武蔵村山線×五日市街道,R4/10,立川,C 美堀町,13玉川上水,18,3,-,-
81,天王橋,八王子武蔵村山線×五日市街道,R4/10,立川,C 美堀町,13玉川上水,12時間計,26,-,-
81,天王橋,八王子武蔵村山線×五日市街道,R4/10,立川,C 美堀町,14砂川七番,7,0,-,-
81,天王橋,八王子武蔵村山線×五日市街道,R4/10,立川,C 美堀町,14砂川七番,8,0,-,-
81,天王橋,八王子武蔵村山線×五日市街道,R4/10,立川,C 美堀町,14砂川七番,9,0,-,-
81,天王橋,八王子武蔵村山線×五日市街道,R4/10,立川,C 美堀町,14砂川七番,10,0,-,-
81,天王橋,八王子武蔵村山線×五日市街道,R4/10,立川,C 美堀町,14砂川七番,11,0,-,-
81,天王橋,八王子武蔵村山線×五日市街道,R4/10,立川,C 美堀町,14砂川七番,12,0,-,-
81,天王橋,八王子武蔵村山線×五日市街道,R4/10,立川,C 美堀町,14砂川七番,13,0,-,-
81,天王橋,八王子武蔵村山線×五日市街道,R4/10,立川,C 美堀町,14砂川七番,14,0,-,-
81,天王橋,八王子武蔵村山線×五日市街道,R4/10,立川,C 美堀町,14砂川七番,15,1,-,-
81,天王橋,八王子武蔵村山線×五日市街道,R4/10,立川,C 美堀町,14砂川七番,16,0,-,-
81,天王橋,八王子武蔵村山線×五日市街道,R4/10,立川,C 美堀町,14砂川七番,17,0,-,-
81,天王橋,八王子武蔵村山線×五日市街道,R4/10,立川,C 美堀町,14砂川七番,18,0,-,-
81,天王橋,八王子武蔵村山線×五日市街道,R4/10,立川,C 美堀町,14砂川七番,12時間計,1,-,-
81,天王橋,八王子武蔵村山線×五日市街道,R4/10,立川,C 美堀町,15東中神,7,0,-,-
81,天王橋,八王子武蔵村山線×五日市街道,R4/10,立川,C 美堀町,15東中神,8,0,-,-
81,天王橋,八王子武蔵村山線×五日市街道,R4/10,立川,C 美堀町,15東中神,9,0,-,-
81,天王橋,八王子武蔵村山線×五日市街道,R4/10,立川,C 美堀町,15東中神,10,0,-,-
81,天王橋,八王子武蔵村山線×五日市街道,R4/10,立川,C 美堀町,15東中神,11,0,-,-
81,天王橋,八王子武蔵村山線×五日市街道,R4/10,立川,C 美堀町,15東中神,12,0,-,-
81,天王橋,八王子武蔵村山線×五日市街道,R4/10,立川,C 美堀町,15東中神,13,0,-,-
81,天王橋,八王子武蔵村山線×五日市街道,R4/10,立川,C 美堀町,15東中神,14,0,-,-
81,天王橋,八王子武蔵村山線×五日市街道,R4/10,立川,C 美堀町,15東中神,15,0,-,-
81,天王橋,八王子武蔵村山線×五日市街道,R4/10,立川,C 美堀町,15東中神,16,0,-,-
81,天王橋,八王子武蔵村山線×五日市街道,R4/10,立川,C 美堀町,15東中神,17,0,-,-
81,天王橋,八王子武蔵村山線×五日市街道,R4/10,立川,C 美堀町,15東中神,18,0,-,-
81,天王橋,八王子武蔵村山線×五日市街道,R4/10,立川,C 美堀町,15東中神,12時間計,0,-,-
81,天王橋,八王子武蔵村山線×五日市街道,R4/10,立川,C 美堀町,流入計,7,5,13,18
81,天王橋,八王子武蔵村山線×五日市街道,R4/10,立川,C 美堀町,流入計,8,8,22,30
81,天王橋,八王子武蔵村山線×五日市街道,R4/10,立川,C 美堀町,流入計,9,1,11,12
81,天王橋,八王子武蔵村山線×五日市街道,R4/10,立川,C 美堀町,流入計,10,0,7,7
81,天王橋,八王子武蔵村山線×五日市街道,R4/10,立川,C 美堀町,流入計,11,0,2,2
81,天王橋,八王子武蔵村山線×五日市街道,R4/10,立川,C 美堀町,流入計,12,0,2,2
81,天王橋,八王子武蔵村山線×五日市街道,R4/10,立川,C 美堀町,流入計,13,0,5,5
81,天王橋,八王子武蔵村山線×五日市街道,R4/10,立川,C 美堀町,流入計,14,3,7,10
81,天王橋,八王子武蔵村山線×五日市街道,R4/10,立川,C 美堀町,流入計,15,3,6,9
81,天王橋,八王子武蔵村山線×五日市街道,R4/10,立川,C 美堀町,流入計,16,3,7,10
81,天王橋,八王子武蔵村山線×五日市街道,R4/10,立川,C 美堀町,流入計,17,1,10,11
81,天王橋,八王子武蔵村山線×五日市街道,R4/10,立川,C 美堀町,流入計,18,3,14,17
81,天王橋,八王子武蔵村山線×五日市街道,R4/10,立川,C 美堀町,流入計,12時間計,27,106,133
81,天王橋,八王子武蔵村山線×五日市街道,R4/10,立川,D 東中神,16美堀町,7,2,-,-
81,天王橋,八王子武蔵村山線×五日市街道,R4/10,立川,D 東中神,16美堀町,8,1,-,-
81,天王橋,八王子武蔵村山線×五日市街道,R4/10,立川,D 東中神,16美堀町,9,0,-,-
81,天王橋,八王子武蔵村山線×五日市街道,R4/10,立川,D 東中神,16美堀町,10,0,-,-
81,天王橋,八王子武蔵村山線×五日市街道,R4/10,立川,D 東中神,16美堀町,11,0,-,-
81,天王橋,八王子武蔵村山線×五日市街道,R4/10,立川,D 東中神,16美堀町,12,0,-,-
81,天王橋,八王子武蔵村山線×五日市街道,R4/10,立川,D 東中神,16美堀町,13,0,-,-
81,天王橋,八王子武蔵村山線×五日市街道,R4/10,立川,D 東中神,16美堀町,14,0,-,-
81,天王橋,八王子武蔵村山線×五日市街道,R4/10,立川,D 東中神,16美堀町,15,0,-,-
81,天王橋,八王子武蔵村山線×五日市街道,R4/10,立川,D 東中神,16美堀町,16,0,-,-
81,天王橋,八王子武蔵村山線×五日市街道,R4/10,立川,D 東中神,16美堀町,17,0,-,-
81,天王橋,八王子武蔵村山線×五日市街道,R4/10,立川,D 東中神,16美堀町,18,0,-,-
81,天王橋,八王子武蔵村山線×五日市街道,R4/10,立川,D 東中神,16美堀町,12時間計,3,-,-
81,天王橋,八王子武蔵村山線×五日市街道,R4/10,立川,D 東中神,17拝島,7,3,-,-
81,天王橋,八王子武蔵村山線×五日市街道,R4/10,立川,D 東中神,17拝島,8,0,-,-
81,天王橋,八王子武蔵村山線×五日市街道,R4/10,立川,D 東中神,17拝島,9,1,-,-
81,天王橋,八王子武蔵村山線×五日市街道,R4/10,立川,D 東中神,17拝島,10,0,-,-
81,天王橋,八王子武蔵村山線×五日市街道,R4/10,立川,D 東中神,17拝島,11,0,-,-
81,天王橋,八王子武蔵村山線×五日市街道,R4/10,立川,D 東中神,17拝島,12,0,-,-
81,天王橋,八王子武蔵村山線×五日市街道,R4/10,立川,D 東中神,17拝島,13,0,-,-
81,天王橋,八王子武蔵村山線×五日市街道,R4/10,立川,D 東中神,17拝島,14,0,-,-
81,天王橋,八王子武蔵村山線×五日市街道,R4/10,立川,D 東中神,17拝島,15,1,-,-
81,天王橋,八王子武蔵村山線×五日市街道,R4/10,立川,D 東中神,17拝島,16,0,-,-
81,天王橋,八王子武蔵村山線×五日市街道,R4/10,立川,D 東中神,17拝島,17,0,-,-
81,天王橋,八王子武蔵村山線×五日市街道,R4/10,立川,D 東中神,17拝島,18,0,-,-
81,天王橋,八王子武蔵村山線×五日市街道,R4/10,立川,D 東中神,17拝島,12時間計,5,-,-
81,天王橋,八王子武蔵村山線×五日市街道,R4/10,立川,D 東中神,18武蔵村山,7,4,-,-
81,天王橋,八王子武蔵村山線×五日市街道,R4/10,立川,D 東中神,18武蔵村山,8,11,-,-
81,天王橋,八王子武蔵村山線×五日市街道,R4/10,立川,D 東中神,18武蔵村山,9,7,-,-
81,天王橋,八王子武蔵村山線×五日市街道,R4/10,立川,D 東中神,18武蔵村山,10,2,-,-
81,天王橋,八王子武蔵村山線×五日市街道,R4/10,立川,D 東中神,18武蔵村山,11,0,-,-
81,天王橋,八王子武蔵村山線×五日市街道,R4/10,立川,D 東中神,18武蔵村山,12,2,-,-
81,天王橋,八王子武蔵村山線×五日市街道,R4/10,立川,D 東中神,18武蔵村山,13,0,-,-
81,天王橋,八王子武蔵村山線×五日市街道,R4/10,立川,D 東中神,18武蔵村山,14,3,-,-
81,天王橋,八王子武蔵村山線×五日市街道,R4/10,立川,D 東中神,18武蔵村山,15,11,-,-
81,天王橋,八王子武蔵村山線×五日市街道,R4/10,立川,D 東中神,18武蔵村山,16,8,-,-
81,天王橋,八王子武蔵村山線×五日市街道,R4/10,立川,D 東中神,18武蔵村山,17,13,-,-
81,天王橋,八王子武蔵村山線×五日市街道,R4/10,立川,D 東中神,18武蔵村山,18,15,-,-
81,天王橋,八王子武蔵村山線×五日市街道,R4/10,立川,D 東中神,18武蔵村山,12時間計,76,-,-
81,天王橋,八王子武蔵村山線×五日市街道,R4/10,立川,D 東中神,19玉川上水,7,1,-,-
81,天王橋,八王子武蔵村山線×五日市街道,R4/10,立川,D 東中神,19玉川上水,8,1,-,-
81,天王橋,八王子武蔵村山線×五日市街道,R4/10,立川,D 東中神,19玉川上水,9,2,-,-
81,天王橋,八王子武蔵村山線×五日市街道,R4/10,立川,D 東中神,19玉川上水,10,4,-,-
81,天王橋,八王子武蔵村山線×五日市街道,R4/10,立川,D 東中神,19玉川上水,11,5,-,-
81,天王橋,八王子武蔵村山線×五日市街道,R4/10,立川,D 東中神,19玉川上水,12,1,-,-
81,天王橋,八王子武蔵村山線×五日市街道,R4/10,立川,D 東中神,19玉川上水,13,0,-,-
81,天王橋,八王子武蔵村山線×五日市街道,R4/10,立川,D 東中神,19玉川上水,14,1,-,-
81,天王橋,八王子武蔵村山線×五日市街道,R4/10,立川,D 東中神,19玉川上水,15,0,-,-
81,天王橋,八王子武蔵村山線×五日市街道,R4/10,立川,D 東中神,19玉川上水,16,5,-,-
81,天王橋,八王子武蔵村山線×五日市街道,R4/10,立川,D 東中神,19玉川上水,17,8,-,-
81,天王橋,八王子武蔵村山線×五日市街道,R4/10,立川,D 東中神,19玉川上水,18,1,-,-
81,天王橋,八王子武蔵村山線×五日市街道,R4/10,立川,D 東中神,19玉川上水,12時間計,29,-,-
81,天王橋,八王子武蔵村山線×五日市街道,R4/10,立川,D 東中神,20砂川七番,7,1,-,-
81,天王橋,八王子武蔵村山線×五日市街道,R4/10,立川,D 東中神,20砂川七番,8,2,-,-
81,天王橋,八王子武蔵村山線×五日市街道,R4/10,立川,D 東中神,20砂川七番,9,0,-,-
81,天王橋,八王子武蔵村山線×五日市街道,R4/10,立川,D 東中神,20砂川七番,10,0,-,-
81,天王橋,八王子武蔵村山線×五日市街道,R4/10,立川,D 東中神,20砂川七番,11,0,-,-
81,天王橋,八王子武蔵村山線×五日市街道,R4/10,立川,D 東中神,20砂川七番,12,0,-,-
81,天王橋,八王子武蔵村山線×五日市街道,R4/10,立川,D 東中神,20砂川七番,13,0,-,-
81,天王橋,八王子武蔵村山線×五日市街道,R4/10,立川,D 東中神,20砂川七番,14,0,-,-
81,天王橋,八王子武蔵村山線×五日市街道,R4/10,立川,D 東中神,20砂川七番,15,0,-,-
81,天王橋,八王子武蔵村山線×五日市街道,R4/10,立川,D 東中神,20砂川七番,16,0,-,-
81,天王橋,八王子武蔵村山線×五日市街道,R4/10,立川,D 東中神,20砂川七番,17,0,-,-
81,天王橋,八王子武蔵村山線×五日市街道,R4/10,立川,D 東中神,20砂川七番,18,1,-,-
81,天王橋,八王子武蔵村山線×五日市街道,R4/10,立川,D 東中神,20砂川七番,12時間計,4,-,-
81,天王橋,八王子武蔵村山線×五日市街道,R4/10,立川,D 東中神,流入計,7,11,93,104
81,天王橋,八王子武蔵村山線×五日市街道,R4/10,立川,D 東中神,流入計,8,15,124,139
81,天王橋,八王子武蔵村山線×五日市街道,R4/10,立川,D 東中神,流入計,9,10,51,61
81,天王橋,八王子武蔵村山線×五日市街道,R4/10,立川,D 東中神,流入計,10,6,66,72
81,天王橋,八王子武蔵村山線×五日市街道,R4/10,立川,D 東中神,流入計,11,5,59,64
81,天王橋,八王子武蔵村山線×五日市街道,R4/10,立川,D 東中神,流入計,12,3,65,68
81,天王橋,八王子武蔵村山線×五日市街道,R4/10,立川,D 東中神,流入計,13,0,64,64
81,天王橋,八王子武蔵村山線×五日市街道,R4/10,立川,D 東中神,流入計,14,4,62,66
81,天王橋,八王子武蔵村山線×五日市街道,R4/10,立川,D 東中神,流入計,15,12,47,59
81,天王橋,八王子武蔵村山線×五日市街道,R4/10,立川,D 東中神,流入計,16,13,108,121
81,天王橋,八王子武蔵村山線×五日市街道,R4/10,立川,D 東中神,流入計,17,21,145,166
81,天王橋,八王子武蔵村山線×五日市街道,R4/10,立川,D 東中神,流入計,18,17,123,140
81,天王橋,八王子武蔵村山線×五日市街道,R4/10,立川,D 東中神,流入計,12時間計,117,1007,1124
81,天王橋,八王子武蔵村山線×五日市街道,R4/10,立川,E 砂川七番,21東中神,7,0,-,-
81,天王橋,八王子武蔵村山線×五日市街道,R4/10,立川,E 砂川七番,21東中神,8,0,-,-
81,天王橋,八王子武蔵村山線×五日市街道,R4/10,立川,E 砂川七番,21東中神,9,0,-,-
81,天王橋,八王子武蔵村山線×五日市街道,R4/10,立川,E 砂川七番,21東中神,10,0,-,-
81,天王橋,八王子武蔵村山線×五日市街道,R4/10,立川,E 砂川七番,21東中神,11,0,-,-
81,天王橋,八王子武蔵村山線×五日市街道,R4/10,立川,E 砂川七番,21東中神,12,0,-,-
81,天王橋,八王子武蔵村山線×五日市街道,R4/10,立川,E 砂川七番,21東中神,13,0,-,-
81,天王橋,八王子武蔵村山線×五日市街道,R4/10,立川,E 砂川七番,21東中神,14,0,-,-
81,天王橋,八王子武蔵村山線×五日市街道,R4/10,立川,E 砂川七番,21東中神,15,0,-,-
81,天王橋,八王子武蔵村山線×五日市街道,R4/10,立川,E 砂川七番,21東中神,16,0,-,-
81,天王橋,八王子武蔵村山線×五日市街道,R4/10,立川,E 砂川七番,21東中神,17,0,-,-
81,天王橋,八王子武蔵村山線×五日市街道,R4/10,立川,E 砂川七番,21東中神,18,0,-,-
81,天王橋,八王子武蔵村山線×五日市街道,R4/10,立川,E 砂川七番,21東中神,12時間計,0,-,-
81,天王橋,八王子武蔵村山線×五日市街道,R4/10,立川,E 砂川七番,22美堀町,7,2,-,-
81,天王橋,八王子武蔵村山線×五日市街道,R4/10,立川,E 砂川七番,22美堀町,8,1,-,-
81,天王橋,八王子武蔵村山線×五日市街道,R4/10,立川,E 砂川七番,22美堀町,9,1,-,-
81,天王橋,八王子武蔵村山線×五日市街道,R4/10,立川,E 砂川七番,22美堀町,10,0,-,-
81,天王橋,八王子武蔵村山線×五日市街道,R4/10,立川,E 砂川七番,22美堀町,11,0,-,-
81,天王橋,八王子武蔵村山線×五日市街道,R4/10,立川,E 砂川七番,22美堀町,12,0,-,-
81,天王橋,八王子武蔵村山線×五日市街道,R4/10,立川,E 砂川七番,22美堀町,13,0,-,-
81,天王橋,八王子武蔵村山線×五日市街道,R4/10,立川,E 砂川七番,22美堀町,14,0,-,-
81,天王橋,八王子武蔵村山線×五日市街道,R4/10,立川,E 砂川七番,22美堀町,15,0,-,-
81,天王橋,八王子武蔵村山線×五日市街道,R4/10,立川,E 砂川七番,22美堀町,16,0,-,-
81,天王橋,八王子武蔵村山線×五日市街道,R4/10,立川,E 砂川七番,22美堀町,17,1,-,-
81,天王橋,八王子武蔵村山線×五日市街道,R4/10,立川,E 砂川七番,22美堀町,18,0,-,-
81,天王橋,八王子武蔵村山線×五日市街道,R4/10,立川,E 砂川七番,22美堀町,12時間計,5,-,-
81,天王橋,八王子武蔵村山線×五日市街道,R4/10,立川,E 砂川七番,23拝島,7,1,-,-
81,天王橋,八王子武蔵村山線×五日市街道,R4/10,立川,E 砂川七番,23拝島,8,2,-,-
81,天王橋,八王子武蔵村山線×五日市街道,R4/10,立川,E 砂川七番,23拝島,9,0,-,-
81,天王橋,八王子武蔵村山線×五日市街道,R4/10,立川,E 砂川七番,23拝島,10,0,-,-
81,天王橋,八王子武蔵村山線×五日市街道,R4/10,立川,E 砂川七番,23拝島,11,0,-,-
81,天王橋,八王子武蔵村山線×五日市街道,R4/10,立川,E 砂川七番,23拝島,12,0,-,-
81,天王橋,八王子武蔵村山線×五日市街道,R4/10,立川,E 砂川七番,23拝島,13,0,-,-
81,天王橋,八王子武蔵村山線×五日市街道,R4/10,立川,E 砂川七番,23拝島,14,0,-,-
81,天王橋,八王子武蔵村山線×五日市街道,R4/10,立川,E 砂川七番,23拝島,15,0,-,-
81,天王橋,八王子武蔵村山線×五日市街道,R4/10,立川,E 砂川七番,23拝島,16,0,-,-
81,天王橋,八王子武蔵村山線×五日市街道,R4/10,立川,E 砂川七番,23拝島,17,0,-,-
81,天王橋,八王子武蔵村山線×五日市街道,R4/10,立川,E 砂川七番,23拝島,18,0,-,-
81,天王橋,八王子武蔵村山線×五日市街道,R4/10,立川,E 砂川七番,23拝島,12時間計,3,-,-
81,天王橋,八王子武蔵村山線×五日市街道,R4/10,立川,E 砂川七番,24武蔵村山,7,0,-,-
81,天王橋,八王子武蔵村山線×五日市街道,R4/10,立川,E 砂川七番,24武蔵村山,8,0,-,-
81,天王橋,八王子武蔵村山線×五日市街道,R4/10,立川,E 砂川七番,24武蔵村山,9,0,-,-
81,天王橋,八王子武蔵村山線×五日市街道,R4/10,立川,E 砂川七番,24武蔵村山,10,0,-,-
81,天王橋,八王子武蔵村山線×五日市街道,R4/10,立川,E 砂川七番,24武蔵村山,11,0,-,-
81,天王橋,八王子武蔵村山線×五日市街道,R4/10,立川,E 砂川七番,24武蔵村山,12,0,-,-
81,天王橋,八王子武蔵村山線×五日市街道,R4/10,立川,E 砂川七番,24武蔵村山,13,0,-,-
81,天王橋,八王子武蔵村山線×五日市街道,R4/10,立川,E 砂川七番,24武蔵村山,14,0,-,-
81,天王橋,八王子武蔵村山線×五日市街道,R4/10,立川,E 砂川七番,24武蔵村山,15,0,-,-
81,天王橋,八王子武蔵村山線×五日市街道,R4/10,立川,E 砂川七番,24武蔵村山,16,0,-,-
81,天王橋,八王子武蔵村山線×五日市街道,R4/10,立川,E 砂川七番,24武蔵村山,17,0,-,-
81,天王橋,八王子武蔵村山線×五日市街道,R4/10,立川,E 砂川七番,24武蔵村山,18,0,-,-
81,天王橋,八王子武蔵村山線×五日市街道,R4/10,立川,E 砂川七番,24武蔵村山,12時間計,0,-,-
81,天王橋,八王子武蔵村山線×五日市街道,R4/10,立川,E 砂川七番,25玉川上水,7,0,-,-
81,天王橋,八王子武蔵村山線×五日市街道,R4/10,立川,E 砂川七番,25玉川上水,8,0,-,-
81,天王橋,八王子武蔵村山線×五日市街道,R4/10,立川,E 砂川七番,25玉川上水,9,0,-,-
81,天王橋,八王子武蔵村山線×五日市街道,R4/10,立川,E 砂川七番,25玉川上水,10,0,-,-
81,天王橋,八王子武蔵村山線×五日市街道,R4/10,立川,E 砂川七番,25玉川上水,11,0,-,-
81,天王橋,八王子武蔵村山線×五日市街道,R4/10,立川,E 砂川七番,25玉川上水,12,0,-,-
81,天王橋,八王子武蔵村山線×五日市街道,R4/10,立川,E 砂川七番,25玉川上水,13,0,-,-
81,天王橋,八王子武蔵村山線×五日市街道,R4/10,立川,E 砂川七番,25玉川上水,14,0,-,-
81,天王橋,八王子武蔵村山線×五日市街道,R4/10,立川,E 砂川七番,25玉川上水,15,0,-,-
81,天王橋,八王子武蔵村山線×五日市街道,R4/10,立川,E 砂川七番,25玉川上水,16,0,-,-
81,天王橋,八王子武蔵村山線×五日市街道,R4/10,立川,E 砂川七番,25玉川上水,17,0,-,-
81,天王橋,八王子武蔵村山線×五日市街道,R4/10,立川,E 砂川七番,25玉川上水,18,0,-,-
81,天王橋,八王子武蔵村山線×五日市街道,R4/10,立川,E 砂川七番,25玉川上水,12時間計,0,-,-
81,天王橋,八王子武蔵村山線×五日市街道,R4/10,立川,E 砂川七番,31東中神,7,5,-,-
81,天王橋,八王子武蔵村山線×五日市街道,R4/10,立川,E 砂川七番,31東中神,8,5,-,-
81,天王橋,八王子武蔵村山線×五日市街道,R4/10,立川,E 砂川七番,31東中神,9,0,-,-
81,天王橋,八王子武蔵村山線×五日市街道,R4/10,立川,E 砂川七番,31東中神,10,0,-,-
81,天王橋,八王子武蔵村山線×五日市街道,R4/10,立川,E 砂川七番,31東中神,11,1,-,-
81,天王橋,八王子武蔵村山線×五日市街道,R4/10,立川,E 砂川七番,31東中神,12,0,-,-
81,天王橋,八王子武蔵村山線×五日市街道,R4/10,立川,E 砂川七番,31東中神,13,1,-,-
81,天王橋,八王子武蔵村山線×五日市街道,R4/10,立川,E 砂川七番,31東中神,14,1,-,-
81,天王橋,八王子武蔵村山線×五日市街道,R4/10,立川,E 砂川七番,31東中神,15,0,-,-
81,天王橋,八王子武蔵村山線×五日市街道,R4/10,立川,E 砂川七番,31東中神,16,0,-,-
81,天王橋,八王子武蔵村山線×五日市街道,R4/10,立川,E 砂川七番,31東中神,17,0,-,-
81,天王橋,八王子武蔵村山線×五日市街道,R4/10,立川,E 砂川七番,31東中神,18,0,-,-
81,天王橋,八王子武蔵村山線×五日市街道,R4/10,立川,E 砂川七番,31東中神,12時間計,13,-,-
81,天王橋,八王子武蔵村山線×五日市街道,R4/10,立川,E 砂川七番,流入計,7,8,40,48
81,天王橋,八王子武蔵村山線×五日市街道,R4/10,立川,E 砂川七番,流入計,8,8,28,36
81,天王橋,八王子武蔵村山線×五日市街道,R4/10,立川,E 砂川七番,流入計,9,1,24,25
81,天王橋,八王子武蔵村山線×五日市街道,R4/10,立川,E 砂川七番,流入計,10,0,10,10
81,天王橋,八王子武蔵村山線×五日市街道,R4/10,立川,E 砂川七番,流入計,11,1,11,12
81,天王橋,八王子武蔵村山線×五日市街道,R4/10,立川,E 砂川七番,流入計,12,0,20,20
81,天王橋,八王子武蔵村山線×五日市街道,R4/10,立川,E 砂川七番,流入計,13,1,21,22
81,天王橋,八王子武蔵村山線×五日市街道,R4/10,立川,E 砂川七番,流入計,14,1,17,18
81,天王橋,八王子武蔵村山線×五日市街道,R4/10,立川,E 砂川七番,流入計,15,0,26,26
81,天王橋,八王子武蔵村山線×五日市街道,R4/10,立川,E 砂川七番,流入計,16,0,25,25
81,天王橋,八王子武蔵村山線×五日市街道,R4/10,立川,E 砂川七番,流入計,17,1,29,30
81,天王橋,八王子武蔵村山線×五日市街道,R4/10,立川,E 砂川七番,流入計,18,0,16,16
81,天王橋,八王子武蔵村山線×五日市街道,R4/10,立川,E 砂川七番,流入計,12時間計,21,267,288
81,天王橋,八王子武蔵村山線×五日市街道,R4/10,立川,F 玉川上水,26砂川七番,7,0,-,-
81,天王橋,八王子武蔵村山線×五日市街道,R4/10,立川,F 玉川上水,26砂川七番,8,0,-,-
81,天王橋,八王子武蔵村山線×五日市街道,R4/10,立川,F 玉川上水,26砂川七番,9,0,-,-
81,天王橋,八王子武蔵村山線×五日市街道,R4/10,立川,F 玉川上水,26砂川七番,10,0,-,-
81,天王橋,八王子武蔵村山線×五日市街道,R4/10,立川,F 玉川上水,26砂川七番,11,0,-,-
81,天王橋,八王子武蔵村山線×五日市街道,R4/10,立川,F 玉川上水,26砂川七番,12,0,-,-
81,天王橋,八王子武蔵村山線×五日市街道,R4/10,立川,F 玉川上水,26砂川七番,13,0,-,-
81,天王橋,八王子武蔵村山線×五日市街道,R4/10,立川,F 玉川上水,26砂川七番,14,0,-,-
81,天王橋,八王子武蔵村山線×五日市街道,R4/10,立川,F 玉川上水,26砂川七番,15,0,-,-
81,天王橋,八王子武蔵村山線×五日市街道,R4/10,立川,F 玉川上水,26砂川七番,16,0,-,-
81,天王橋,八王子武蔵村山線×五日市街道,R4/10,立川,F 玉川上水,26砂川七番,17,0,-,-
81,天王橋,八王子武蔵村山線×五日市街道,R4/10,立川,F 玉川上水,26砂川七番,18,0,-,-
81,天王橋,八王子武蔵村山線×五日市街道,R4/10,立川,F 玉川上水,26砂川七番,12時間計,0,-,-
81,天王橋,八王子武蔵村山線×五日市街道,R4/10,立川,F 玉川上水,27東中神,7,0,-,-
81,天王橋,八王子武蔵村山線×五日市街道,R4/10,立川,F 玉川上水,27東中神,8,0,-,-
81,天王橋,八王子武蔵村山線×五日市街道,R4/10,立川,F 玉川上水,27東中神,9,0,-,-
81,天王橋,八王子武蔵村山線×五日市街道,R4/10,立川,F 玉川上水,27東中神,10,1,-,-
81,天王橋,八王子武蔵村山線×五日市街道,R4/10,立川,F 玉川上水,27東中神,11,0,-,-
81,天王橋,八王子武蔵村山線×五日市街道,R4/10,立川,F 玉川上水,27東中神,12,1,-,-
81,天王橋,八王子武蔵村山線×五日市街道,R4/10,立川,F 玉川上水,27東中神,13,0,-,-
81,天王橋,八王子武蔵村山線×五日市街道,R4/10,立川,F 玉川上水,27東中神,14,0,-,-
81,天王橋,八王子武蔵村山線×五日市街道,R4/10,立川,F 玉川上水,27東中神,15,0,-,-
81,天王橋,八王子武蔵村山線×五日市街道,R4/10,立川,F 玉川上水,27東中神,16,0,-,-
81,天王橋,八王子武蔵村山線×五日市街道,R4/10,立川,F 玉川上水,27東中神,17,0,-,-
81,天王橋,八王子武蔵村山線×五日市街道,R4/10,立川,F 玉川上水,27東中神,18,0,-,-
81,天王橋,八王子武蔵村山線×五日市街道,R4/10,立川,F 玉川上水,27東中神,12時間計,2,-,-
81,天王橋,八王子武蔵村山線×五日市街道,R4/10,立川,F 玉川上水,28美堀町,7,2,-,-
81,天王橋,八王子武蔵村山線×五日市街道,R4/10,立川,F 玉川上水,28美堀町,8,2,-,-
81,天王橋,八王子武蔵村山線×五日市街道,R4/10,立川,F 玉川上水,28美堀町,9,2,-,-
81,天王橋,八王子武蔵村山線×五日市街道,R4/10,立川,F 玉川上水,28美堀町,10,2,-,-
81,天王橋,八王子武蔵村山線×五日市街道,R4/10,立川,F 玉川上水,28美堀町,11,0,-,-
81,天王橋,八王子武蔵村山線×五日市街道,R4/10,立川,F 玉川上水,28美堀町,12,0,-,-
81,天王橋,八王子武蔵村山線×五日市街道,R4/10,立川,F 玉川上水,28美堀町,13,0,-,-
81,天王橋,八王子武蔵村山線×五日市街道,R4/10,立川,F 玉川上水,28美堀町,14,0,-,-
81,天王橋,八王子武蔵村山線×五日市街道,R4/10,立川,F 玉川上水,28美堀町,15,1,-,-
81,天王橋,八王子武蔵村山線×五日市街道,R4/10,立川,F 玉川上水,28美堀町,16,0,-,-
81,天王橋,八王子武蔵村山線×五日市街道,R4/10,立川,F 玉川上水,28美堀町,17,0,-,-
81,天王橋,八王子武蔵村山線×五日市街道,R4/10,立川,F 玉川上水,28美堀町,18,0,-,-
81,天王橋,八王子武蔵村山線×五日市街道,R4/10,立川,F 玉川上水,28美堀町,12時間計,9,-,-
81,天王橋,八王子武蔵村山線×五日市街道,R4/10,立川,F 玉川上水,29拝島,7,0,-,-
81,天王橋,八王子武蔵村山線×五日市街道,R4/10,立川,F 玉川上水,29拝島,8,0,-,-
81,天王橋,八王子武蔵村山線×五日市街道,R4/10,立川,F 玉川上水,29拝島,9,0,-,-
81,天王橋,八王子武蔵村山線×五日市街道,R4/10,立川,F 玉川上水,29拝島,10,0,-,-
81,天王橋,八王子武蔵村山線×五日市街道,R4/10,立川,F 玉川上水,29拝島,11,0,-,-
81,天王橋,八王子武蔵村山線×五日市街道,R4/10,立川,F 玉川上水,29拝島,12,0,-,-
81,天王橋,八王子武蔵村山線×五日市街道,R4/10,立川,F 玉川上水,29拝島,13,0,-,-
81,天王橋,八王子武蔵村山線×五日市街道,R4/10,立川,F 玉川上水,29拝島,14,0,-,-
81,天王橋,八王子武蔵村山線×五日市街道,R4/10,立川,F 玉川上水,29拝島,15,0,-,-
81,天王橋,八王子武蔵村山線×五日市街道,R4/10,立川,F 玉川上水,29拝島,16,0,-,-
81,天王橋,八王子武蔵村山線×五日市街道,R4/10,立川,F 玉川上水,29拝島,17,0,-,-
81,天王橋,八王子武蔵村山線×五日市街道,R4/10,立川,F 玉川上水,29拝島,18,0,-,-
81,天王橋,八王子武蔵村山線×五日市街道,R4/10,立川,F 玉川上水,29拝島,12時間計,0,-,-
81,天王橋,八王子武蔵村山線×五日市街道,R4/10,立川,F 玉川上水,30武蔵村山,7,0,-,-
81,天王橋,八王子武蔵村山線×五日市街道,R4/10,立川,F 玉川上水,30武蔵村山,8,0,-,-
81,天王橋,八王子武蔵村山線×五日市街道,R4/10,立川,F 玉川上水,30武蔵村山,9,0,-,-
81,天王橋,八王子武蔵村山線×五日市街道,R4/10,立川,F 玉川上水,30武蔵村山,10,0,-,-
81,天王橋,八王子武蔵村山線×五日市街道,R4/10,立川,F 玉川上水,30武蔵村山,11,0,-,-
81,天王橋,八王子武蔵村山線×五日市街道,R4/10,立川,F 玉川上水,30武蔵村山,12,2,-,-
81,天王橋,八王子武蔵村山線×五日市街道,R4/10,立川,F 玉川上水,30武蔵村山,13,0,-,-
81,天王橋,八王子武蔵村山線×五日市街道,R4/10,立川,F 玉川上水,30武蔵村山,14,0,-,-
81,天王橋,八王子武蔵村山線×五日市街道,R4/10,立川,F 玉川上水,30武蔵村山,15,0,-,-
81,天王橋,八王子武蔵村山線×五日市街道,R4/10,立川,F 玉川上水,30武蔵村山,16,0,-,-
81,天王橋,八王子武蔵村山線×五日市街道,R4/10,立川,F 玉川上水,30武蔵村山,17,0,-,-
81,天王橋,八王子武蔵村山線×五日市街道,R4/10,立川,F 玉川上水,30武蔵村山,18,0,-,-
81,天王橋,八王子武蔵村山線×五日市街道,R4/10,立川,F 玉川上水,30武蔵村山,12時間計,2,-,-
81,天王橋,八王子武蔵村山線×五日市街道,R4/10,立川,F 玉川上水,流入計,7,2,13,15
81,天王橋,八王子武蔵村山線×五日市街道,R4/10,立川,F 玉川上水,流入計,8,2,14,16
81,天王橋,八王子武蔵村山線×五日市街道,R4/10,立川,F 玉川上水,流入計,9,2,7,9
81,天王橋,八王子武蔵村山線×五日市街道,R4/10,立川,F 玉川上水,流入計,10,3,5,8
81,天王橋,八王子武蔵村山線×五日市街道,R4/10,立川,F 玉川上水,流入計,11,0,3,3
81,天王橋,八王子武蔵村山線×五日市街道,R4/10,立川,F 玉川上水,流入計,12,3,3,6
81,天王橋,八王子武蔵村山線×五日市街道,R4/10,立川,F 玉川上水,流入計,13,0,8,8
81,天王橋,八王子武蔵村山線×五日市街道,R4/10,立川,F 玉川上水,流入計,14,0,4,4
81,天王橋,八王子武蔵村山線×五日市街道,R4/10,立川,F 玉川上水,流入計,15,1,7,8
81,天王橋,八王子武蔵村山線×五日市街道,R4/10,立川,F 玉川上水,流入計,16,0,12,12
81,天王橋,八王子武蔵村山線×五日市街道,R4/10,立川,F 玉川上水,流入計,17,0,4,4
81,天王橋,八王子武蔵村山線×五日市街道,R4/10,立川,F 玉川上水,流入計,18,0,12,12
81,天王橋,八王子武蔵村山線×五日市街道,R4/10,立川,F 玉川上水,流入計,12時間計,13,92,105
81,天王橋,八王子武蔵村山線×五日市街道,R4/10,立川,全方向計,全方向計,7,44,332,376
81,天王橋,八王子武蔵村山線×五日市街道,R4/10,立川,全方向計,全方向計,8,53,383,436
81,天王橋,八王子武蔵村山線×五日市街道,R4/10,立川,全方向計,全方向計,9,20,191,211
81,天王橋,八王子武蔵村山線×五日市街道,R4/10,立川,全方向計,全方向計,10,16,152,168
81,天王橋,八王子武蔵村山線×五日市街道,R4/10,立川,全方向計,全方向計,11,8,122,130
81,天王橋,八王子武蔵村山線×五日市街道,R4/10,立川,全方向計,全方向計,12,14,144,158
81,天王橋,八王子武蔵村山線×五日市街道,R4/10,立川,全方向計,全方向計,13,4,145,149
81,天王橋,八王子武蔵村山線×五日市街道,R4/10,立川,全方向計,全方向計,14,18,148,166
81,天王橋,八王子武蔵村山線×五日市街道,R4/10,立川,全方向計,全方向計,15,24,166,190
81,天王橋,八王子武蔵村山線×五日市街道,R4/10,立川,全方向計,全方向計,16,27,236,263
81,天王橋,八王子武蔵村山線×五日市街道,R4/10,立川,全方向計,全方向計,17,37,342,379
81,天王橋,八王子武蔵村山線×五日市街道,R4/10,立川,全方向計,全方向計,18,37,247,284
81,天王橋,八王子武蔵村山線×五日市街道,R4/10,立川,全方向計,全方向計,12時間計,302,2608,2910
