﻿地点番号,地点名,交差道路名,調査年月,管轄警察署,流出方向,時間帯等,大型乗用,大型貨物,普通乗用,普通貨物,四輪計,二輪車
77,上水本町,府中街道×五日市街道,R4/10,小平,A 所沢,7,9,8,352,204,573,26
77,上水本町,府中街道×五日市街道,R4/10,小平,A 所沢,8,9,12,306,214,541,29
77,上水本町,府中街道×五日市街道,R4/10,小平,A 所沢,9,7,14,271,117,409,15
77,上水本町,府中街道×五日市街道,R4/10,小平,A 所沢,10,7,12,306,165,490,14
77,上水本町,府中街道×五日市街道,R4/10,小平,A 所沢,11,5,14,269,183,471,19
77,上水本町,府中街道×五日市街道,R4/10,小平,A 所沢,12,3,11,279,153,446,17
77,上水本町,府中街道×五日市街道,R4/10,小平,A 所沢,13,10,7,298,130,445,23
77,上水本町,府中街道×五日市街道,R4/10,小平,A 所沢,14,15,10,303,167,495,18
77,上水本町,府中街道×五日市街道,R4/10,小平,A 所沢,15,6,5,341,170,522,15
77,上水本町,府中街道×五日市街道,R4/10,小平,A 所沢,16,6,8,325,154,493,19
77,上水本町,府中街道×五日市街道,R4/10,小平,A 所沢,17,4,6,373,166,549,33
77,上水本町,府中街道×五日市街道,R4/10,小平,A 所沢,18,5,5,324,124,458,25
77,上水本町,府中街道×五日市街道,R4/10,小平,A 所沢,12時間計,86,112,3747,1947,5892,253
77,上水本町,府中街道×五日市街道,R4/10,小平,B 立川通り,7,2,10,239,127,378,24
77,上水本町,府中街道×五日市街道,R4/10,小平,B 立川通り,8,2,7,236,130,375,15
77,上水本町,府中街道×五日市街道,R4/10,小平,B 立川通り,9,1,4,216,111,332,11
77,上水本町,府中街道×五日市街道,R4/10,小平,B 立川通り,10,1,4,227,106,338,13
77,上水本町,府中街道×五日市街道,R4/10,小平,B 立川通り,11,0,6,324,129,459,16
77,上水本町,府中街道×五日市街道,R4/10,小平,B 立川通り,12,0,8,233,125,366,12
77,上水本町,府中街道×五日市街道,R4/10,小平,B 立川通り,13,1,9,270,125,405,16
77,上水本町,府中街道×五日市街道,R4/10,小平,B 立川通り,14,2,11,250,135,398,10
77,上水本町,府中街道×五日市街道,R4/10,小平,B 立川通り,15,1,5,272,97,375,15
77,上水本町,府中街道×五日市街道,R4/10,小平,B 立川通り,16,1,5,289,118,413,12
77,上水本町,府中街道×五日市街道,R4/10,小平,B 立川通り,17,2,2,272,119,395,29
77,上水本町,府中街道×五日市街道,R4/10,小平,B 立川通り,18,1,3,270,106,380,34
77,上水本町,府中街道×五日市街道,R4/10,小平,B 立川通り,12時間計,14,74,3098,1428,4614,207
77,上水本町,府中街道×五日市街道,R4/10,小平,C 甲州街道,7,12,21,285,243,561,22
77,上水本町,府中街道×五日市街道,R4/10,小平,C 甲州街道,8,12,17,287,232,548,17
77,上水本町,府中街道×五日市街道,R4/10,小平,C 甲州街道,9,6,22,260,170,458,17
77,上水本町,府中街道×五日市街道,R4/10,小平,C 甲州街道,10,6,22,324,170,522,18
77,上水本町,府中街道×五日市街道,R4/10,小平,C 甲州街道,11,4,21,313,157,495,13
77,上水本町,府中街道×五日市街道,R4/10,小平,C 甲州街道,12,7,8,315,151,481,18
77,上水本町,府中街道×五日市街道,R4/10,小平,C 甲州街道,13,11,9,298,171,489,21
77,上水本町,府中街道×五日市街道,R4/10,小平,C 甲州街道,14,8,16,369,171,564,23
77,上水本町,府中街道×五日市街道,R4/10,小平,C 甲州街道,15,7,15,382,151,555,17
77,上水本町,府中街道×五日市街道,R4/10,小平,C 甲州街道,16,4,10,349,136,499,13
77,上水本町,府中街道×五日市街道,R4/10,小平,C 甲州街道,17,8,7,362,160,537,16
77,上水本町,府中街道×五日市街道,R4/10,小平,C 甲州街道,18,5,2,401,118,526,19
77,上水本町,府中街道×五日市街道,R4/10,小平,C 甲州街道,12時間計,90,170,3945,2030,6235,214
77,上水本町,府中街道×五日市街道,R4/10,小平,D 小金井橋,7,0,0,155,157,312,24
77,上水本町,府中街道×五日市街道,R4/10,小平,D 小金井橋,8,0,1,214,137,352,14
77,上水本町,府中街道×五日市街道,R4/10,小平,D 小金井橋,9,2,6,206,126,340,13
77,上水本町,府中街道×五日市街道,R4/10,小平,D 小金井橋,10,1,2,214,120,337,15
77,上水本町,府中街道×五日市街道,R4/10,小平,D 小金井橋,11,0,1,233,151,385,13
77,上水本町,府中街道×五日市街道,R4/10,小平,D 小金井橋,12,0,3,218,104,325,16
77,上水本町,府中街道×五日市街道,R4/10,小平,D 小金井橋,13,1,1,232,89,323,18
77,上水本町,府中街道×五日市街道,R4/10,小平,D 小金井橋,14,5,0,275,109,389,26
77,上水本町,府中街道×五日市街道,R4/10,小平,D 小金井橋,15,1,0,288,95,384,31
77,上水本町,府中街道×五日市街道,R4/10,小平,D 小金井橋,16,1,0,290,102,393,19
77,上水本町,府中街道×五日市街道,R4/10,小平,D 小金井橋,17,1,1,258,94,354,38
77,上水本町,府中街道×五日市街道,R4/10,小平,D 小金井橋,18,0,2,300,78,380,34
77,上水本町,府中街道×五日市街道,R4/10,小平,D 小金井橋,12時間計,12,17,2883,1362,4274,261
77,上水本町,府中街道×五日市街道,R4/10,小平,全方向合計,7,23,39,1031,731,1824,96
77,上水本町,府中街道×五日市街道,R4/10,小平,全方向合計,8,23,37,1043,713,1816,75
77,上水本町,府中街道×五日市街道,R4/10,小平,全方向合計,9,16,46,953,524,1539,56
77,上水本町,府中街道×五日市街道,R4/10,小平,全方向合計,10,15,40,1071,561,1687,60
77,上水本町,府中街道×五日市街道,R4/10,小平,全方向合計,11,9,42,1139,620,1810,61
77,上水本町,府中街道×五日市街道,R4/10,小平,全方向合計,12,10,30,1045,533,1618,63
77,上水本町,府中街道×五日市街道,R4/10,小平,全方向合計,13,23,26,1098,515,1662,78
77,上水本町,府中街道×五日市街道,R4/10,小平,全方向合計,14,30,37,1197,582,1846,77
77,上水本町,府中街道×五日市街道,R4/10,小平,全方向合計,15,15,25,1283,513,1836,78
77,上水本町,府中街道×五日市街道,R4/10,小平,全方向合計,16,12,23,1253,510,1798,63
77,上水本町,府中街道×五日市街道,R4/10,小平,全方向合計,17,15,16,1265,539,1835,116
77,上水本町,府中街道×五日市街道,R4/10,小平,全方向合計,18,11,12,1295,426,1744,112
77,上水本町,府中街道×五日市街道,R4/10,小平,全方向合計,12時間計,202,373,13673,6767,21015,935
