﻿地点番号,地点名,交差道路名,調査年月,管轄警察署,流入方向,流出方向,時間帯等,車道通行自転車,歩道通行自転車,自転車計
77,上水本町,府中街道×五日市街道,R4/10,小平,A 所沢,1小金井橋,7,1,-,-
77,上水本町,府中街道×五日市街道,R4/10,小平,A 所沢,1小金井橋,8,0,-,-
77,上水本町,府中街道×五日市街道,R4/10,小平,A 所沢,1小金井橋,9,0,-,-
77,上水本町,府中街道×五日市街道,R4/10,小平,A 所沢,1小金井橋,10,0,-,-
77,上水本町,府中街道×五日市街道,R4/10,小平,A 所沢,1小金井橋,11,0,-,-
77,上水本町,府中街道×五日市街道,R4/10,小平,A 所沢,1小金井橋,12,0,-,-
77,上水本町,府中街道×五日市街道,R4/10,小平,A 所沢,1小金井橋,13,0,-,-
77,上水本町,府中街道×五日市街道,R4/10,小平,A 所沢,1小金井橋,14,3,-,-
77,上水本町,府中街道×五日市街道,R4/10,小平,A 所沢,1小金井橋,15,1,-,-
77,上水本町,府中街道×五日市街道,R4/10,小平,A 所沢,1小金井橋,16,0,-,-
77,上水本町,府中街道×五日市街道,R4/10,小平,A 所沢,1小金井橋,17,0,-,-
77,上水本町,府中街道×五日市街道,R4/10,小平,A 所沢,1小金井橋,18,0,-,-
77,上水本町,府中街道×五日市街道,R4/10,小平,A 所沢,1小金井橋,12時間計,5,-,-
77,上水本町,府中街道×五日市街道,R4/10,小平,A 所沢,2甲州街道,7,6,-,-
77,上水本町,府中街道×五日市街道,R4/10,小平,A 所沢,2甲州街道,8,11,-,-
77,上水本町,府中街道×五日市街道,R4/10,小平,A 所沢,2甲州街道,9,3,-,-
77,上水本町,府中街道×五日市街道,R4/10,小平,A 所沢,2甲州街道,10,4,-,-
77,上水本町,府中街道×五日市街道,R4/10,小平,A 所沢,2甲州街道,11,3,-,-
77,上水本町,府中街道×五日市街道,R4/10,小平,A 所沢,2甲州街道,12,6,-,-
77,上水本町,府中街道×五日市街道,R4/10,小平,A 所沢,2甲州街道,13,2,-,-
77,上水本町,府中街道×五日市街道,R4/10,小平,A 所沢,2甲州街道,14,2,-,-
77,上水本町,府中街道×五日市街道,R4/10,小平,A 所沢,2甲州街道,15,2,-,-
77,上水本町,府中街道×五日市街道,R4/10,小平,A 所沢,2甲州街道,16,1,-,-
77,上水本町,府中街道×五日市街道,R4/10,小平,A 所沢,2甲州街道,17,0,-,-
77,上水本町,府中街道×五日市街道,R4/10,小平,A 所沢,2甲州街道,18,3,-,-
77,上水本町,府中街道×五日市街道,R4/10,小平,A 所沢,2甲州街道,12時間計,43,-,-
77,上水本町,府中街道×五日市街道,R4/10,小平,A 所沢,3立川通り,7,0,-,-
77,上水本町,府中街道×五日市街道,R4/10,小平,A 所沢,3立川通り,8,0,-,-
77,上水本町,府中街道×五日市街道,R4/10,小平,A 所沢,3立川通り,9,0,-,-
77,上水本町,府中街道×五日市街道,R4/10,小平,A 所沢,3立川通り,10,0,-,-
77,上水本町,府中街道×五日市街道,R4/10,小平,A 所沢,3立川通り,11,0,-,-
77,上水本町,府中街道×五日市街道,R4/10,小平,A 所沢,3立川通り,12,0,-,-
77,上水本町,府中街道×五日市街道,R4/10,小平,A 所沢,3立川通り,13,0,-,-
77,上水本町,府中街道×五日市街道,R4/10,小平,A 所沢,3立川通り,14,0,-,-
77,上水本町,府中街道×五日市街道,R4/10,小平,A 所沢,3立川通り,15,0,-,-
77,上水本町,府中街道×五日市街道,R4/10,小平,A 所沢,3立川通り,16,0,-,-
77,上水本町,府中街道×五日市街道,R4/10,小平,A 所沢,3立川通り,17,0,-,-
77,上水本町,府中街道×五日市街道,R4/10,小平,A 所沢,3立川通り,18,0,-,-
77,上水本町,府中街道×五日市街道,R4/10,小平,A 所沢,3立川通り,12時間計,0,-,-
77,上水本町,府中街道×五日市街道,R4/10,小平,A 所沢,流入計,7,7,68,75
77,上水本町,府中街道×五日市街道,R4/10,小平,A 所沢,流入計,8,11,89,100
77,上水本町,府中街道×五日市街道,R4/10,小平,A 所沢,流入計,9,3,28,31
77,上水本町,府中街道×五日市街道,R4/10,小平,A 所沢,流入計,10,4,45,49
77,上水本町,府中街道×五日市街道,R4/10,小平,A 所沢,流入計,11,3,43,46
77,上水本町,府中街道×五日市街道,R4/10,小平,A 所沢,流入計,12,6,54,60
77,上水本町,府中街道×五日市街道,R4/10,小平,A 所沢,流入計,13,2,60,62
77,上水本町,府中街道×五日市街道,R4/10,小平,A 所沢,流入計,14,5,77,82
77,上水本町,府中街道×五日市街道,R4/10,小平,A 所沢,流入計,15,3,75,78
77,上水本町,府中街道×五日市街道,R4/10,小平,A 所沢,流入計,16,1,111,112
77,上水本町,府中街道×五日市街道,R4/10,小平,A 所沢,流入計,17,0,90,90
77,上水本町,府中街道×五日市街道,R4/10,小平,A 所沢,流入計,18,3,74,77
77,上水本町,府中街道×五日市街道,R4/10,小平,A 所沢,流入計,12時間計,48,814,862
77,上水本町,府中街道×五日市街道,R4/10,小平,B 立川通り,4所沢,7,0,-,-
77,上水本町,府中街道×五日市街道,R4/10,小平,B 立川通り,4所沢,8,0,-,-
77,上水本町,府中街道×五日市街道,R4/10,小平,B 立川通り,4所沢,9,0,-,-
77,上水本町,府中街道×五日市街道,R4/10,小平,B 立川通り,4所沢,10,0,-,-
77,上水本町,府中街道×五日市街道,R4/10,小平,B 立川通り,4所沢,11,0,-,-
77,上水本町,府中街道×五日市街道,R4/10,小平,B 立川通り,4所沢,12,1,-,-
77,上水本町,府中街道×五日市街道,R4/10,小平,B 立川通り,4所沢,13,0,-,-
77,上水本町,府中街道×五日市街道,R4/10,小平,B 立川通り,4所沢,14,0,-,-
77,上水本町,府中街道×五日市街道,R4/10,小平,B 立川通り,4所沢,15,0,-,-
77,上水本町,府中街道×五日市街道,R4/10,小平,B 立川通り,4所沢,16,0,-,-
77,上水本町,府中街道×五日市街道,R4/10,小平,B 立川通り,4所沢,17,1,-,-
77,上水本町,府中街道×五日市街道,R4/10,小平,B 立川通り,4所沢,18,0,-,-
77,上水本町,府中街道×五日市街道,R4/10,小平,B 立川通り,4所沢,12時間計,2,-,-
77,上水本町,府中街道×五日市街道,R4/10,小平,B 立川通り,5小金井橋,7,7,-,-
77,上水本町,府中街道×五日市街道,R4/10,小平,B 立川通り,5小金井橋,8,2,-,-
77,上水本町,府中街道×五日市街道,R4/10,小平,B 立川通り,5小金井橋,9,4,-,-
77,上水本町,府中街道×五日市街道,R4/10,小平,B 立川通り,5小金井橋,10,3,-,-
77,上水本町,府中街道×五日市街道,R4/10,小平,B 立川通り,5小金井橋,11,1,-,-
77,上水本町,府中街道×五日市街道,R4/10,小平,B 立川通り,5小金井橋,12,2,-,-
77,上水本町,府中街道×五日市街道,R4/10,小平,B 立川通り,5小金井橋,13,0,-,-
77,上水本町,府中街道×五日市街道,R4/10,小平,B 立川通り,5小金井橋,14,0,-,-
77,上水本町,府中街道×五日市街道,R4/10,小平,B 立川通り,5小金井橋,15,2,-,-
77,上水本町,府中街道×五日市街道,R4/10,小平,B 立川通り,5小金井橋,16,5,-,-
77,上水本町,府中街道×五日市街道,R4/10,小平,B 立川通り,5小金井橋,17,2,-,-
77,上水本町,府中街道×五日市街道,R4/10,小平,B 立川通り,5小金井橋,18,0,-,-
77,上水本町,府中街道×五日市街道,R4/10,小平,B 立川通り,5小金井橋,12時間計,28,-,-
77,上水本町,府中街道×五日市街道,R4/10,小平,B 立川通り,6甲州街道,7,0,-,-
77,上水本町,府中街道×五日市街道,R4/10,小平,B 立川通り,6甲州街道,8,0,-,-
77,上水本町,府中街道×五日市街道,R4/10,小平,B 立川通り,6甲州街道,9,0,-,-
77,上水本町,府中街道×五日市街道,R4/10,小平,B 立川通り,6甲州街道,10,0,-,-
77,上水本町,府中街道×五日市街道,R4/10,小平,B 立川通り,6甲州街道,11,0,-,-
77,上水本町,府中街道×五日市街道,R4/10,小平,B 立川通り,6甲州街道,12,0,-,-
77,上水本町,府中街道×五日市街道,R4/10,小平,B 立川通り,6甲州街道,13,0,-,-
77,上水本町,府中街道×五日市街道,R4/10,小平,B 立川通り,6甲州街道,14,1,-,-
77,上水本町,府中街道×五日市街道,R4/10,小平,B 立川通り,6甲州街道,15,0,-,-
77,上水本町,府中街道×五日市街道,R4/10,小平,B 立川通り,6甲州街道,16,0,-,-
77,上水本町,府中街道×五日市街道,R4/10,小平,B 立川通り,6甲州街道,17,0,-,-
77,上水本町,府中街道×五日市街道,R4/10,小平,B 立川通り,6甲州街道,18,0,-,-
77,上水本町,府中街道×五日市街道,R4/10,小平,B 立川通り,6甲州街道,12時間計,1,-,-
77,上水本町,府中街道×五日市街道,R4/10,小平,B 立川通り,流入計,7,7,68,75
77,上水本町,府中街道×五日市街道,R4/10,小平,B 立川通り,流入計,8,2,119,121
77,上水本町,府中街道×五日市街道,R4/10,小平,B 立川通り,流入計,9,4,38,42
77,上水本町,府中街道×五日市街道,R4/10,小平,B 立川通り,流入計,10,3,30,33
77,上水本町,府中街道×五日市街道,R4/10,小平,B 立川通り,流入計,11,1,24,25
77,上水本町,府中街道×五日市街道,R4/10,小平,B 立川通り,流入計,12,3,30,33
77,上水本町,府中街道×五日市街道,R4/10,小平,B 立川通り,流入計,13,0,40,40
77,上水本町,府中街道×五日市街道,R4/10,小平,B 立川通り,流入計,14,1,36,37
77,上水本町,府中街道×五日市街道,R4/10,小平,B 立川通り,流入計,15,2,67,69
77,上水本町,府中街道×五日市街道,R4/10,小平,B 立川通り,流入計,16,5,67,72
77,上水本町,府中街道×五日市街道,R4/10,小平,B 立川通り,流入計,17,3,83,86
77,上水本町,府中街道×五日市街道,R4/10,小平,B 立川通り,流入計,18,0,46,46
77,上水本町,府中街道×五日市街道,R4/10,小平,B 立川通り,流入計,12時間計,31,648,679
77,上水本町,府中街道×五日市街道,R4/10,小平,C 甲州街道,7立川通り,7,0,-,-
77,上水本町,府中街道×五日市街道,R4/10,小平,C 甲州街道,7立川通り,8,0,-,-
77,上水本町,府中街道×五日市街道,R4/10,小平,C 甲州街道,7立川通り,9,0,-,-
77,上水本町,府中街道×五日市街道,R4/10,小平,C 甲州街道,7立川通り,10,0,-,-
77,上水本町,府中街道×五日市街道,R4/10,小平,C 甲州街道,7立川通り,11,0,-,-
77,上水本町,府中街道×五日市街道,R4/10,小平,C 甲州街道,7立川通り,12,0,-,-
77,上水本町,府中街道×五日市街道,R4/10,小平,C 甲州街道,7立川通り,13,0,-,-
77,上水本町,府中街道×五日市街道,R4/10,小平,C 甲州街道,7立川通り,14,1,-,-
77,上水本町,府中街道×五日市街道,R4/10,小平,C 甲州街道,7立川通り,15,0,-,-
77,上水本町,府中街道×五日市街道,R4/10,小平,C 甲州街道,7立川通り,16,0,-,-
77,上水本町,府中街道×五日市街道,R4/10,小平,C 甲州街道,7立川通り,17,0,-,-
77,上水本町,府中街道×五日市街道,R4/10,小平,C 甲州街道,7立川通り,18,1,-,-
77,上水本町,府中街道×五日市街道,R4/10,小平,C 甲州街道,7立川通り,12時間計,2,-,-
77,上水本町,府中街道×五日市街道,R4/10,小平,C 甲州街道,8所沢,7,0,-,-
77,上水本町,府中街道×五日市街道,R4/10,小平,C 甲州街道,8所沢,8,0,-,-
77,上水本町,府中街道×五日市街道,R4/10,小平,C 甲州街道,8所沢,9,0,-,-
77,上水本町,府中街道×五日市街道,R4/10,小平,C 甲州街道,8所沢,10,0,-,-
77,上水本町,府中街道×五日市街道,R4/10,小平,C 甲州街道,8所沢,11,1,-,-
77,上水本町,府中街道×五日市街道,R4/10,小平,C 甲州街道,8所沢,12,3,-,-
77,上水本町,府中街道×五日市街道,R4/10,小平,C 甲州街道,8所沢,13,1,-,-
77,上水本町,府中街道×五日市街道,R4/10,小平,C 甲州街道,8所沢,14,2,-,-
77,上水本町,府中街道×五日市街道,R4/10,小平,C 甲州街道,8所沢,15,2,-,-
77,上水本町,府中街道×五日市街道,R4/10,小平,C 甲州街道,8所沢,16,3,-,-
77,上水本町,府中街道×五日市街道,R4/10,小平,C 甲州街道,8所沢,17,4,-,-
77,上水本町,府中街道×五日市街道,R4/10,小平,C 甲州街道,8所沢,18,2,-,-
77,上水本町,府中街道×五日市街道,R4/10,小平,C 甲州街道,8所沢,12時間計,18,-,-
77,上水本町,府中街道×五日市街道,R4/10,小平,C 甲州街道,9小金井橋,7,0,-,-
77,上水本町,府中街道×五日市街道,R4/10,小平,C 甲州街道,9小金井橋,8,0,-,-
77,上水本町,府中街道×五日市街道,R4/10,小平,C 甲州街道,9小金井橋,9,0,-,-
77,上水本町,府中街道×五日市街道,R4/10,小平,C 甲州街道,9小金井橋,10,0,-,-
77,上水本町,府中街道×五日市街道,R4/10,小平,C 甲州街道,9小金井橋,11,0,-,-
77,上水本町,府中街道×五日市街道,R4/10,小平,C 甲州街道,9小金井橋,12,2,-,-
77,上水本町,府中街道×五日市街道,R4/10,小平,C 甲州街道,9小金井橋,13,0,-,-
77,上水本町,府中街道×五日市街道,R4/10,小平,C 甲州街道,9小金井橋,14,0,-,-
77,上水本町,府中街道×五日市街道,R4/10,小平,C 甲州街道,9小金井橋,15,1,-,-
77,上水本町,府中街道×五日市街道,R4/10,小平,C 甲州街道,9小金井橋,16,4,-,-
77,上水本町,府中街道×五日市街道,R4/10,小平,C 甲州街道,9小金井橋,17,0,-,-
77,上水本町,府中街道×五日市街道,R4/10,小平,C 甲州街道,9小金井橋,18,0,-,-
77,上水本町,府中街道×五日市街道,R4/10,小平,C 甲州街道,9小金井橋,12時間計,7,-,-
77,上水本町,府中街道×五日市街道,R4/10,小平,C 甲州街道,流入計,7,0,36,36
77,上水本町,府中街道×五日市街道,R4/10,小平,C 甲州街道,流入計,8,0,81,81
77,上水本町,府中街道×五日市街道,R4/10,小平,C 甲州街道,流入計,9,0,24,24
77,上水本町,府中街道×五日市街道,R4/10,小平,C 甲州街道,流入計,10,0,30,30
77,上水本町,府中街道×五日市街道,R4/10,小平,C 甲州街道,流入計,11,1,40,41
77,上水本町,府中街道×五日市街道,R4/10,小平,C 甲州街道,流入計,12,5,40,45
77,上水本町,府中街道×五日市街道,R4/10,小平,C 甲州街道,流入計,13,1,46,47
77,上水本町,府中街道×五日市街道,R4/10,小平,C 甲州街道,流入計,14,3,49,52
77,上水本町,府中街道×五日市街道,R4/10,小平,C 甲州街道,流入計,15,3,46,49
77,上水本町,府中街道×五日市街道,R4/10,小平,C 甲州街道,流入計,16,7,67,74
77,上水本町,府中街道×五日市街道,R4/10,小平,C 甲州街道,流入計,17,4,88,92
77,上水本町,府中街道×五日市街道,R4/10,小平,C 甲州街道,流入計,18,3,59,62
77,上水本町,府中街道×五日市街道,R4/10,小平,C 甲州街道,流入計,12時間計,27,606,633
77,上水本町,府中街道×五日市街道,R4/10,小平,D 小金井橋,10甲州街道,7,0,-,-
77,上水本町,府中街道×五日市街道,R4/10,小平,D 小金井橋,10甲州街道,8,0,-,-
77,上水本町,府中街道×五日市街道,R4/10,小平,D 小金井橋,10甲州街道,9,0,-,-
77,上水本町,府中街道×五日市街道,R4/10,小平,D 小金井橋,10甲州街道,10,2,-,-
77,上水本町,府中街道×五日市街道,R4/10,小平,D 小金井橋,10甲州街道,11,0,-,-
77,上水本町,府中街道×五日市街道,R4/10,小平,D 小金井橋,10甲州街道,12,2,-,-
77,上水本町,府中街道×五日市街道,R4/10,小平,D 小金井橋,10甲州街道,13,0,-,-
77,上水本町,府中街道×五日市街道,R4/10,小平,D 小金井橋,10甲州街道,14,0,-,-
77,上水本町,府中街道×五日市街道,R4/10,小平,D 小金井橋,10甲州街道,15,0,-,-
77,上水本町,府中街道×五日市街道,R4/10,小平,D 小金井橋,10甲州街道,16,1,-,-
77,上水本町,府中街道×五日市街道,R4/10,小平,D 小金井橋,10甲州街道,17,0,-,-
77,上水本町,府中街道×五日市街道,R4/10,小平,D 小金井橋,10甲州街道,18,2,-,-
77,上水本町,府中街道×五日市街道,R4/10,小平,D 小金井橋,10甲州街道,12時間計,7,-,-
77,上水本町,府中街道×五日市街道,R4/10,小平,D 小金井橋,11立川通り,7,13,-,-
77,上水本町,府中街道×五日市街道,R4/10,小平,D 小金井橋,11立川通り,8,29,-,-
77,上水本町,府中街道×五日市街道,R4/10,小平,D 小金井橋,11立川通り,9,11,-,-
77,上水本町,府中街道×五日市街道,R4/10,小平,D 小金井橋,11立川通り,10,6,-,-
77,上水本町,府中街道×五日市街道,R4/10,小平,D 小金井橋,11立川通り,11,2,-,-
77,上水本町,府中街道×五日市街道,R4/10,小平,D 小金井橋,11立川通り,12,3,-,-
77,上水本町,府中街道×五日市街道,R4/10,小平,D 小金井橋,11立川通り,13,0,-,-
77,上水本町,府中街道×五日市街道,R4/10,小平,D 小金井橋,11立川通り,14,3,-,-
77,上水本町,府中街道×五日市街道,R4/10,小平,D 小金井橋,11立川通り,15,1,-,-
77,上水本町,府中街道×五日市街道,R4/10,小平,D 小金井橋,11立川通り,16,2,-,-
77,上水本町,府中街道×五日市街道,R4/10,小平,D 小金井橋,11立川通り,17,6,-,-
77,上水本町,府中街道×五日市街道,R4/10,小平,D 小金井橋,11立川通り,18,6,-,-
77,上水本町,府中街道×五日市街道,R4/10,小平,D 小金井橋,11立川通り,12時間計,82,-,-
77,上水本町,府中街道×五日市街道,R4/10,小平,D 小金井橋,12所沢,7,0,-,-
77,上水本町,府中街道×五日市街道,R4/10,小平,D 小金井橋,12所沢,8,0,-,-
77,上水本町,府中街道×五日市街道,R4/10,小平,D 小金井橋,12所沢,9,0,-,-
77,上水本町,府中街道×五日市街道,R4/10,小平,D 小金井橋,12所沢,10,0,-,-
77,上水本町,府中街道×五日市街道,R4/10,小平,D 小金井橋,12所沢,11,0,-,-
77,上水本町,府中街道×五日市街道,R4/10,小平,D 小金井橋,12所沢,12,0,-,-
77,上水本町,府中街道×五日市街道,R4/10,小平,D 小金井橋,12所沢,13,0,-,-
77,上水本町,府中街道×五日市街道,R4/10,小平,D 小金井橋,12所沢,14,0,-,-
77,上水本町,府中街道×五日市街道,R4/10,小平,D 小金井橋,12所沢,15,0,-,-
77,上水本町,府中街道×五日市街道,R4/10,小平,D 小金井橋,12所沢,16,0,-,-
77,上水本町,府中街道×五日市街道,R4/10,小平,D 小金井橋,12所沢,17,0,-,-
77,上水本町,府中街道×五日市街道,R4/10,小平,D 小金井橋,12所沢,18,0,-,-
77,上水本町,府中街道×五日市街道,R4/10,小平,D 小金井橋,12所沢,12時間計,0,-,-
77,上水本町,府中街道×五日市街道,R4/10,小平,D 小金井橋,流入計,7,13,90,103
77,上水本町,府中街道×五日市街道,R4/10,小平,D 小金井橋,流入計,8,29,149,178
77,上水本町,府中街道×五日市街道,R4/10,小平,D 小金井橋,流入計,9,11,25,36
77,上水本町,府中街道×五日市街道,R4/10,小平,D 小金井橋,流入計,10,8,57,65
77,上水本町,府中街道×五日市街道,R4/10,小平,D 小金井橋,流入計,11,2,56,58
77,上水本町,府中街道×五日市街道,R4/10,小平,D 小金井橋,流入計,12,5,71,76
77,上水本町,府中街道×五日市街道,R4/10,小平,D 小金井橋,流入計,13,0,61,61
77,上水本町,府中街道×五日市街道,R4/10,小平,D 小金井橋,流入計,14,3,51,54
77,上水本町,府中街道×五日市街道,R4/10,小平,D 小金井橋,流入計,15,1,107,108
77,上水本町,府中街道×五日市街道,R4/10,小平,D 小金井橋,流入計,16,3,74,77
77,上水本町,府中街道×五日市街道,R4/10,小平,D 小金井橋,流入計,17,6,99,105
77,上水本町,府中街道×五日市街道,R4/10,小平,D 小金井橋,流入計,18,8,90,98
77,上水本町,府中街道×五日市街道,R4/10,小平,D 小金井橋,流入計,12時間計,89,930,1019
77,上水本町,府中街道×五日市街道,R4/10,小平,全方向計,全方向計,7,27,262,289
77,上水本町,府中街道×五日市街道,R4/10,小平,全方向計,全方向計,8,42,438,480
77,上水本町,府中街道×五日市街道,R4/10,小平,全方向計,全方向計,9,18,115,133
77,上水本町,府中街道×五日市街道,R4/10,小平,全方向計,全方向計,10,15,162,177
77,上水本町,府中街道×五日市街道,R4/10,小平,全方向計,全方向計,11,7,163,170
77,上水本町,府中街道×五日市街道,R4/10,小平,全方向計,全方向計,12,19,195,214
77,上水本町,府中街道×五日市街道,R4/10,小平,全方向計,全方向計,13,3,207,210
77,上水本町,府中街道×五日市街道,R4/10,小平,全方向計,全方向計,14,12,213,225
77,上水本町,府中街道×五日市街道,R4/10,小平,全方向計,全方向計,15,9,295,304
77,上水本町,府中街道×五日市街道,R4/10,小平,全方向計,全方向計,16,16,319,335
77,上水本町,府中街道×五日市街道,R4/10,小平,全方向計,全方向計,17,13,360,373
77,上水本町,府中街道×五日市街道,R4/10,小平,全方向計,全方向計,18,14,269,283
77,上水本町,府中街道×五日市街道,R4/10,小平,全方向計,全方向計,12時間計,195,2998,3193
