﻿地点番号,地点名,交差道路名,調査年月,管轄警察署,流入方向,流出方向,時間帯等,大型乗用,大型貨物,普通乗用,普通貨物,四輪計,二輪車
77,上水本町,府中街道×五日市街道,R4/10,小平,A 所沢,1.小金井橋,7,0,0,14,7,21,0
77,上水本町,府中街道×五日市街道,R4/10,小平,A 所沢,1.小金井橋,8,0,0,18,8,26,0
77,上水本町,府中街道×五日市街道,R4/10,小平,A 所沢,1.小金井橋,9,0,0,26,12,38,0
77,上水本町,府中街道×五日市街道,R4/10,小平,A 所沢,1.小金井橋,10,1,0,26,16,43,1
77,上水本町,府中街道×五日市街道,R4/10,小平,A 所沢,1.小金井橋,11,0,0,40,10,50,0
77,上水本町,府中街道×五日市街道,R4/10,小平,A 所沢,1.小金井橋,12,0,0,34,10,44,0
77,上水本町,府中街道×五日市街道,R4/10,小平,A 所沢,1.小金井橋,13,1,0,31,13,45,3
77,上水本町,府中街道×五日市街道,R4/10,小平,A 所沢,1.小金井橋,14,0,0,35,15,50,2
77,上水本町,府中街道×五日市街道,R4/10,小平,A 所沢,1.小金井橋,15,0,0,40,6,46,5
77,上水本町,府中街道×五日市街道,R4/10,小平,A 所沢,1.小金井橋,16,1,0,35,9,45,3
77,上水本町,府中街道×五日市街道,R4/10,小平,A 所沢,1.小金井橋,17,0,0,29,9,38,7
77,上水本町,府中街道×五日市街道,R4/10,小平,A 所沢,1.小金井橋,18,0,0,36,8,44,3
77,上水本町,府中街道×五日市街道,R4/10,小平,A 所沢,1.小金井橋,12時間計,3,0,364,123,490,24
77,上水本町,府中街道×五日市街道,R4/10,小平,A 所沢,2.甲州街道,7,6,16,214,186,422,20
77,上水本町,府中街道×五日市街道,R4/10,小平,A 所沢,2.甲州街道,8,8,11,189,158,366,13
77,上水本町,府中街道×五日市街道,R4/10,小平,A 所沢,2.甲州街道,9,5,18,180,125,328,16
77,上水本町,府中街道×五日市街道,R4/10,小平,A 所沢,2.甲州街道,10,3,13,217,119,352,11
77,上水本町,府中街道×五日市街道,R4/10,小平,A 所沢,2.甲州街道,11,2,17,192,111,322,9
77,上水本町,府中街道×五日市街道,R4/10,小平,A 所沢,2.甲州街道,12,6,6,202,100,314,13
77,上水本町,府中街道×五日市街道,R4/10,小平,A 所沢,2.甲州街道,13,7,9,183,110,309,13
77,上水本町,府中街道×五日市街道,R4/10,小平,A 所沢,2.甲州街道,14,7,9,226,127,369,16
77,上水本町,府中街道×五日市街道,R4/10,小平,A 所沢,2.甲州街道,15,5,12,245,110,372,12
77,上水本町,府中街道×五日市街道,R4/10,小平,A 所沢,2.甲州街道,16,4,7,228,96,335,8
77,上水本町,府中街道×五日市街道,R4/10,小平,A 所沢,2.甲州街道,17,7,3,255,127,392,10
77,上水本町,府中街道×五日市街道,R4/10,小平,A 所沢,2.甲州街道,18,3,2,269,84,358,12
77,上水本町,府中街道×五日市街道,R4/10,小平,A 所沢,2.甲州街道,12時間計,63,123,2600,1453,4239,153
77,上水本町,府中街道×五日市街道,R4/10,小平,A 所沢,3.立川通り,7,0,3,46,27,76,6
77,上水本町,府中街道×五日市街道,R4/10,小平,A 所沢,3.立川通り,8,0,0,55,33,88,4
77,上水本町,府中街道×五日市街道,R4/10,小平,A 所沢,3.立川通り,9,0,0,38,29,67,0
77,上水本町,府中街道×五日市街道,R4/10,小平,A 所沢,3.立川通り,10,0,0,38,25,63,3
77,上水本町,府中街道×五日市街道,R4/10,小平,A 所沢,3.立川通り,11,0,0,56,24,80,4
77,上水本町,府中街道×五日市街道,R4/10,小平,A 所沢,3.立川通り,12,0,1,35,18,54,3
77,上水本町,府中街道×五日市街道,R4/10,小平,A 所沢,3.立川通り,13,0,1,56,34,91,4
77,上水本町,府中街道×五日市街道,R4/10,小平,A 所沢,3.立川通り,14,1,1,47,37,86,2
77,上水本町,府中街道×五日市街道,R4/10,小平,A 所沢,3.立川通り,15,1,0,63,17,81,3
77,上水本町,府中街道×五日市街道,R4/10,小平,A 所沢,3.立川通り,16,0,1,63,22,86,2
77,上水本町,府中街道×五日市街道,R4/10,小平,A 所沢,3.立川通り,17,0,0,79,20,99,7
77,上水本町,府中街道×五日市街道,R4/10,小平,A 所沢,3.立川通り,18,0,0,66,14,80,11
77,上水本町,府中街道×五日市街道,R4/10,小平,A 所沢,3.立川通り,12時間計,2,7,642,300,951,49
77,上水本町,府中街道×五日市街道,R4/10,小平,A 所沢,流入計,7,6,19,274,220,519,26
77,上水本町,府中街道×五日市街道,R4/10,小平,A 所沢,流入計,8,8,11,262,199,480,17
77,上水本町,府中街道×五日市街道,R4/10,小平,A 所沢,流入計,9,5,18,244,166,433,16
77,上水本町,府中街道×五日市街道,R4/10,小平,A 所沢,流入計,10,4,13,281,160,458,15
77,上水本町,府中街道×五日市街道,R4/10,小平,A 所沢,流入計,11,2,17,288,145,452,13
77,上水本町,府中街道×五日市街道,R4/10,小平,A 所沢,流入計,12,6,7,271,128,412,16
77,上水本町,府中街道×五日市街道,R4/10,小平,A 所沢,流入計,13,8,10,270,157,445,20
77,上水本町,府中街道×五日市街道,R4/10,小平,A 所沢,流入計,14,8,10,308,179,505,20
77,上水本町,府中街道×五日市街道,R4/10,小平,A 所沢,流入計,15,6,12,348,133,499,20
77,上水本町,府中街道×五日市街道,R4/10,小平,A 所沢,流入計,16,5,8,326,127,466,13
77,上水本町,府中街道×五日市街道,R4/10,小平,A 所沢,流入計,17,7,3,363,156,529,24
77,上水本町,府中街道×五日市街道,R4/10,小平,A 所沢,流入計,18,3,2,371,106,482,26
77,上水本町,府中街道×五日市街道,R4/10,小平,A 所沢,流入計,12時間計,68,130,3606,1876,5680,226
77,上水本町,府中街道×五日市街道,R4/10,小平,B 立川通り,4.所沢,7,0,0,29,10,39,1
77,上水本町,府中街道×五日市街道,R4/10,小平,B 立川通り,4.所沢,8,1,2,34,18,55,0
77,上水本町,府中街道×五日市街道,R4/10,小平,B 立川通り,4.所沢,9,0,0,25,8,33,0
77,上水本町,府中街道×五日市街道,R4/10,小平,B 立川通り,4.所沢,10,0,0,28,13,41,1
77,上水本町,府中街道×五日市街道,R4/10,小平,B 立川通り,4.所沢,11,0,1,32,11,44,6
77,上水本町,府中街道×五日市街道,R4/10,小平,B 立川通り,4.所沢,12,0,0,30,7,37,1
77,上水本町,府中街道×五日市街道,R4/10,小平,B 立川通り,4.所沢,13,0,0,37,6,43,1
77,上水本町,府中街道×五日市街道,R4/10,小平,B 立川通り,4.所沢,14,2,1,34,10,47,2
77,上水本町,府中街道×五日市街道,R4/10,小平,B 立川通り,4.所沢,15,0,0,40,15,55,3
77,上水本町,府中街道×五日市街道,R4/10,小平,B 立川通り,4.所沢,16,0,0,29,14,43,4
77,上水本町,府中街道×五日市街道,R4/10,小平,B 立川通り,4.所沢,17,0,0,32,10,42,5
77,上水本町,府中街道×五日市街道,R4/10,小平,B 立川通り,4.所沢,18,0,0,30,13,43,3
77,上水本町,府中街道×五日市街道,R4/10,小平,B 立川通り,4.所沢,12時間計,3,4,380,135,522,27
77,上水本町,府中街道×五日市街道,R4/10,小平,B 立川通り,5.小金井橋,7,0,0,105,125,230,17
77,上水本町,府中街道×五日市街道,R4/10,小平,B 立川通り,5.小金井橋,8,0,1,150,103,254,12
77,上水本町,府中街道×五日市街道,R4/10,小平,B 立川通り,5.小金井橋,9,2,5,132,87,226,10
77,上水本町,府中街道×五日市街道,R4/10,小平,B 立川通り,5.小金井橋,10,0,2,133,81,216,11
77,上水本町,府中街道×五日市街道,R4/10,小平,B 立川通り,5.小金井橋,11,0,1,136,99,236,12
77,上水本町,府中街道×五日市街道,R4/10,小平,B 立川通り,5.小金井橋,12,0,3,130,61,194,15
77,上水本町,府中街道×五日市街道,R4/10,小平,B 立川通り,5.小金井橋,13,0,1,146,51,198,12
77,上水本町,府中街道×五日市街道,R4/10,小平,B 立川通り,5.小金井橋,14,4,0,180,66,250,13
77,上水本町,府中街道×五日市街道,R4/10,小平,B 立川通り,5.小金井橋,15,1,0,184,68,253,15
77,上水本町,府中街道×五日市街道,R4/10,小平,B 立川通り,5.小金井橋,16,0,0,198,62,260,13
77,上水本町,府中街道×五日市街道,R4/10,小平,B 立川通り,5.小金井橋,17,1,0,166,61,228,25
77,上水本町,府中街道×五日市街道,R4/10,小平,B 立川通り,5.小金井橋,18,0,1,181,48,230,26
77,上水本町,府中街道×五日市街道,R4/10,小平,B 立川通り,5.小金井橋,12時間計,8,14,1841,912,2775,181
77,上水本町,府中街道×五日市街道,R4/10,小平,B 立川通り,6.甲州街道,7,5,5,55,41,106,1
77,上水本町,府中街道×五日市街道,R4/10,小平,B 立川通り,6.甲州街道,8,4,6,69,59,138,2
77,上水本町,府中街道×五日市街道,R4/10,小平,B 立川通り,6.甲州街道,9,1,4,62,33,100,1
77,上水本町,府中街道×五日市街道,R4/10,小平,B 立川通り,6.甲州街道,10,3,8,80,40,131,4
77,上水本町,府中街道×五日市街道,R4/10,小平,B 立川通り,6.甲州街道,11,2,3,95,34,134,3
77,上水本町,府中街道×五日市街道,R4/10,小平,B 立川通り,6.甲州街道,12,1,2,80,37,120,4
77,上水本町,府中街道×五日市街道,R4/10,小平,B 立川通り,6.甲州街道,13,4,0,87,42,133,7
77,上水本町,府中街道×五日市街道,R4/10,小平,B 立川通り,6.甲州街道,14,1,7,107,29,144,4
77,上水本町,府中街道×五日市街道,R4/10,小平,B 立川通り,6.甲州街道,15,2,3,103,31,139,3
77,上水本町,府中街道×五日市街道,R4/10,小平,B 立川通り,6.甲州街道,16,0,3,96,25,124,4
77,上水本町,府中街道×五日市街道,R4/10,小平,B 立川通り,6.甲州街道,17,1,4,85,22,112,3
77,上水本町,府中街道×五日市街道,R4/10,小平,B 立川通り,6.甲州街道,18,2,0,107,28,137,4
77,上水本町,府中街道×五日市街道,R4/10,小平,B 立川通り,6.甲州街道,12時間計,26,45,1026,421,1518,40
77,上水本町,府中街道×五日市街道,R4/10,小平,B 立川通り,流入計,7,5,5,189,176,375,19
77,上水本町,府中街道×五日市街道,R4/10,小平,B 立川通り,流入計,8,5,9,253,180,447,14
77,上水本町,府中街道×五日市街道,R4/10,小平,B 立川通り,流入計,9,3,9,219,128,359,11
77,上水本町,府中街道×五日市街道,R4/10,小平,B 立川通り,流入計,10,3,10,241,134,388,16
77,上水本町,府中街道×五日市街道,R4/10,小平,B 立川通り,流入計,11,2,5,263,144,414,21
77,上水本町,府中街道×五日市街道,R4/10,小平,B 立川通り,流入計,12,1,5,240,105,351,20
77,上水本町,府中街道×五日市街道,R4/10,小平,B 立川通り,流入計,13,4,1,270,99,374,20
77,上水本町,府中街道×五日市街道,R4/10,小平,B 立川通り,流入計,14,7,8,321,105,441,19
77,上水本町,府中街道×五日市街道,R4/10,小平,B 立川通り,流入計,15,3,3,327,114,447,21
77,上水本町,府中街道×五日市街道,R4/10,小平,B 立川通り,流入計,16,0,3,323,101,427,21
77,上水本町,府中街道×五日市街道,R4/10,小平,B 立川通り,流入計,17,2,4,283,93,382,33
77,上水本町,府中街道×五日市街道,R4/10,小平,B 立川通り,流入計,18,2,1,318,89,410,33
77,上水本町,府中街道×五日市街道,R4/10,小平,B 立川通り,流入計,12時間計,37,63,3247,1468,4815,248
77,上水本町,府中街道×五日市街道,R4/10,小平,C 甲州街道,7.立川通り,7,1,5,18,13,37,1
77,上水本町,府中街道×五日市街道,R4/10,小平,C 甲州街道,7.立川通り,8,1,2,20,18,41,1
77,上水本町,府中街道×五日市街道,R4/10,小平,C 甲州街道,7.立川通り,9,1,3,19,19,42,0
77,上水本町,府中街道×五日市街道,R4/10,小平,C 甲州街道,7.立川通り,10,0,3,24,19,46,2
77,上水本町,府中街道×五日市街道,R4/10,小平,C 甲州街道,7.立川通り,11,0,5,40,18,63,1
77,上水本町,府中街道×五日市街道,R4/10,小平,C 甲州街道,7.立川通り,12,0,3,27,11,41,2
77,上水本町,府中街道×五日市街道,R4/10,小平,C 甲州街道,7.立川通り,13,1,7,40,15,63,0
77,上水本町,府中街道×五日市街道,R4/10,小平,C 甲州街道,7.立川通り,14,1,9,40,16,66,1
77,上水本町,府中街道×五日市街道,R4/10,小平,C 甲州街道,7.立川通り,15,0,5,32,14,51,4
77,上水本町,府中街道×五日市街道,R4/10,小平,C 甲州街道,7.立川通り,16,0,2,32,13,47,1
77,上水本町,府中街道×五日市街道,R4/10,小平,C 甲州街道,7.立川通り,17,2,1,27,8,38,0
77,上水本町,府中街道×五日市街道,R4/10,小平,C 甲州街道,7.立川通り,18,0,2,20,9,31,0
77,上水本町,府中街道×五日市街道,R4/10,小平,C 甲州街道,7.立川通り,12時間計,7,47,339,173,566,13
77,上水本町,府中街道×五日市街道,R4/10,小平,C 甲州街道,8.所沢,7,8,8,295,181,492,18
77,上水本町,府中街道×五日市街道,R4/10,小平,C 甲州街道,8.所沢,8,8,10,224,181,423,26
77,上水本町,府中街道×五日市街道,R4/10,小平,C 甲州街道,8.所沢,9,5,14,210,96,325,14
77,上水本町,府中街道×五日市街道,R4/10,小平,C 甲州街道,8.所沢,10,7,12,232,125,376,12
77,上水本町,府中街道×五日市街道,R4/10,小平,C 甲州街道,8.所沢,11,5,13,192,153,363,7
77,上水本町,府中街道×五日市街道,R4/10,小平,C 甲州街道,8.所沢,12,3,11,208,131,353,13
77,上水本町,府中街道×五日市街道,R4/10,小平,C 甲州街道,8.所沢,13,5,6,205,106,322,16
77,上水本町,府中街道×五日市街道,R4/10,小平,C 甲州街道,8.所沢,14,10,9,218,140,377,15
77,上水本町,府中街道×五日市街道,R4/10,小平,C 甲州街道,8.所沢,15,4,5,251,136,396,8
77,上水本町,府中街道×五日市街道,R4/10,小平,C 甲州街道,8.所沢,16,5,8,247,118,378,13
77,上水本町,府中街道×五日市街道,R4/10,小平,C 甲州街道,8.所沢,17,4,6,268,128,406,18
77,上水本町,府中街道×五日市街道,R4/10,小平,C 甲州街道,8.所沢,18,5,5,241,96,347,14
77,上水本町,府中街道×五日市街道,R4/10,小平,C 甲州街道,8.所沢,12時間計,69,107,2791,1591,4558,174
77,上水本町,府中街道×五日市街道,R4/10,小平,C 甲州街道,9.小金井橋,7,0,0,36,25,61,7
77,上水本町,府中街道×五日市街道,R4/10,小平,C 甲州街道,9.小金井橋,8,0,0,46,26,72,2
77,上水本町,府中街道×五日市街道,R4/10,小平,C 甲州街道,9.小金井橋,9,0,1,48,27,76,3
77,上水本町,府中街道×五日市街道,R4/10,小平,C 甲州街道,9.小金井橋,10,0,0,55,23,78,3
77,上水本町,府中街道×五日市街道,R4/10,小平,C 甲州街道,9.小金井橋,11,0,0,57,42,99,1
77,上水本町,府中街道×五日市街道,R4/10,小平,C 甲州街道,9.小金井橋,12,0,0,54,33,87,1
77,上水本町,府中街道×五日市街道,R4/10,小平,C 甲州街道,9.小金井橋,13,0,0,55,25,80,3
77,上水本町,府中街道×五日市街道,R4/10,小平,C 甲州街道,9.小金井橋,14,1,0,60,28,89,11
77,上水本町,府中街道×五日市街道,R4/10,小平,C 甲州街道,9.小金井橋,15,0,0,64,21,85,11
77,上水本町,府中街道×五日市街道,R4/10,小平,C 甲州街道,9.小金井橋,16,0,0,57,31,88,3
77,上水本町,府中街道×五日市街道,R4/10,小平,C 甲州街道,9.小金井橋,17,0,1,63,24,88,6
77,上水本町,府中街道×五日市街道,R4/10,小平,C 甲州街道,9.小金井橋,18,0,1,83,22,106,5
77,上水本町,府中街道×五日市街道,R4/10,小平,C 甲州街道,9.小金井橋,12時間計,1,3,678,327,1009,56
77,上水本町,府中街道×五日市街道,R4/10,小平,C 甲州街道,流入計,7,9,13,349,219,590,26
77,上水本町,府中街道×五日市街道,R4/10,小平,C 甲州街道,流入計,8,9,12,290,225,536,29
77,上水本町,府中街道×五日市街道,R4/10,小平,C 甲州街道,流入計,9,6,18,277,142,443,17
77,上水本町,府中街道×五日市街道,R4/10,小平,C 甲州街道,流入計,10,7,15,311,167,500,17
77,上水本町,府中街道×五日市街道,R4/10,小平,C 甲州街道,流入計,11,5,18,289,213,525,9
77,上水本町,府中街道×五日市街道,R4/10,小平,C 甲州街道,流入計,12,3,14,289,175,481,16
77,上水本町,府中街道×五日市街道,R4/10,小平,C 甲州街道,流入計,13,6,13,300,146,465,19
77,上水本町,府中街道×五日市街道,R4/10,小平,C 甲州街道,流入計,14,12,18,318,184,532,27
77,上水本町,府中街道×五日市街道,R4/10,小平,C 甲州街道,流入計,15,4,10,347,171,532,23
77,上水本町,府中街道×五日市街道,R4/10,小平,C 甲州街道,流入計,16,5,10,336,162,513,17
77,上水本町,府中街道×五日市街道,R4/10,小平,C 甲州街道,流入計,17,6,8,358,160,532,24
77,上水本町,府中街道×五日市街道,R4/10,小平,C 甲州街道,流入計,18,5,8,344,127,484,19
77,上水本町,府中街道×五日市街道,R4/10,小平,C 甲州街道,流入計,12時間計,77,157,3808,2091,6133,243
77,上水本町,府中街道×五日市街道,R4/10,小平,D 小金井橋,10.甲州街道,7,1,0,16,16,33,1
77,上水本町,府中街道×五日市街道,R4/10,小平,D 小金井橋,10.甲州街道,8,0,0,29,15,44,2
77,上水本町,府中街道×五日市街道,R4/10,小平,D 小金井橋,10.甲州街道,9,0,0,18,12,30,0
77,上水本町,府中街道×五日市街道,R4/10,小平,D 小金井橋,10.甲州街道,10,0,1,27,11,39,3
77,上水本町,府中街道×五日市街道,R4/10,小平,D 小金井橋,10.甲州街道,11,0,1,26,12,39,1
77,上水本町,府中街道×五日市街道,R4/10,小平,D 小金井橋,10.甲州街道,12,0,0,33,14,47,1
77,上水本町,府中街道×五日市街道,R4/10,小平,D 小金井橋,10.甲州街道,13,0,0,28,19,47,1
77,上水本町,府中街道×五日市街道,R4/10,小平,D 小金井橋,10.甲州街道,14,0,0,36,15,51,3
77,上水本町,府中街道×五日市街道,R4/10,小平,D 小金井橋,10.甲州街道,15,0,0,34,10,44,2
77,上水本町,府中街道×五日市街道,R4/10,小平,D 小金井橋,10.甲州街道,16,0,0,25,15,40,1
77,上水本町,府中街道×五日市街道,R4/10,小平,D 小金井橋,10.甲州街道,17,0,0,22,11,33,3
77,上水本町,府中街道×五日市街道,R4/10,小平,D 小金井橋,10.甲州街道,18,0,0,25,6,31,3
77,上水本町,府中街道×五日市街道,R4/10,小平,D 小金井橋,10.甲州街道,12時間計,1,2,319,156,478,21
77,上水本町,府中街道×五日市街道,R4/10,小平,D 小金井橋,11.立川通り,7,1,2,175,87,265,17
77,上水本町,府中街道×五日市街道,R4/10,小平,D 小金井橋,11.立川通り,8,1,5,161,79,246,10
77,上水本町,府中街道×五日市街道,R4/10,小平,D 小金井橋,11.立川通り,9,0,1,159,63,223,11
77,上水本町,府中街道×五日市街道,R4/10,小平,D 小金井橋,11.立川通り,10,1,1,165,62,229,8
77,上水本町,府中街道×五日市街道,R4/10,小平,D 小金井橋,11.立川通り,11,0,1,228,87,316,11
77,上水本町,府中街道×五日市街道,R4/10,小平,D 小金井橋,11.立川通り,12,0,4,171,96,271,7
77,上水本町,府中街道×五日市街道,R4/10,小平,D 小金井橋,11.立川通り,13,0,1,174,76,251,12
77,上水本町,府中街道×五日市街道,R4/10,小平,D 小金井橋,11.立川通り,14,0,1,163,82,246,7
77,上水本町,府中街道×五日市街道,R4/10,小平,D 小金井橋,11.立川通り,15,0,0,177,66,243,8
77,上水本町,府中街道×五日市街道,R4/10,小平,D 小金井橋,11.立川通り,16,1,2,194,83,280,9
77,上水本町,府中街道×五日市街道,R4/10,小平,D 小金井橋,11.立川通り,17,0,1,166,91,258,22
77,上水本町,府中街道×五日市街道,R4/10,小平,D 小金井橋,11.立川通り,18,1,1,184,83,269,23
77,上水本町,府中街道×五日市街道,R4/10,小平,D 小金井橋,11.立川通り,12時間計,5,20,2117,955,3097,145
77,上水本町,府中街道×五日市街道,R4/10,小平,D 小金井橋,12.所沢,7,1,0,28,13,42,7
77,上水本町,府中街道×五日市街道,R4/10,小平,D 小金井橋,12.所沢,8,0,0,48,15,63,3
77,上水本町,府中街道×五日市街道,R4/10,小平,D 小金井橋,12.所沢,9,2,0,36,13,51,1
77,上水本町,府中街道×五日市街道,R4/10,小平,D 小金井橋,12.所沢,10,0,0,46,27,73,1
77,上水本町,府中街道×五日市街道,R4/10,小平,D 小金井橋,12.所沢,11,0,0,45,19,64,6
77,上水本町,府中街道×五日市街道,R4/10,小平,D 小金井橋,12.所沢,12,0,0,41,15,56,3
77,上水本町,府中街道×五日市街道,R4/10,小平,D 小金井橋,12.所沢,13,5,1,56,18,80,6
77,上水本町,府中街道×五日市街道,R4/10,小平,D 小金井橋,12.所沢,14,3,0,51,17,71,1
77,上水本町,府中街道×五日市街道,R4/10,小平,D 小金井橋,12.所沢,15,2,0,50,19,71,4
77,上水本町,府中街道×五日市街道,R4/10,小平,D 小金井橋,12.所沢,16,1,0,49,22,72,2
77,上水本町,府中街道×五日市街道,R4/10,小平,D 小金井橋,12.所沢,17,0,0,73,28,101,10
77,上水本町,府中街道×五日市街道,R4/10,小平,D 小金井橋,12.所沢,18,0,0,53,15,68,8
77,上水本町,府中街道×五日市街道,R4/10,小平,D 小金井橋,12.所沢,12時間計,14,1,576,221,812,52
77,上水本町,府中街道×五日市街道,R4/10,小平,D 小金井橋,流入計,7,3,2,219,116,340,25
77,上水本町,府中街道×五日市街道,R4/10,小平,D 小金井橋,流入計,8,1,5,238,109,353,15
77,上水本町,府中街道×五日市街道,R4/10,小平,D 小金井橋,流入計,9,2,1,213,88,304,12
77,上水本町,府中街道×五日市街道,R4/10,小平,D 小金井橋,流入計,10,1,2,238,100,341,12
77,上水本町,府中街道×五日市街道,R4/10,小平,D 小金井橋,流入計,11,0,2,299,118,419,18
77,上水本町,府中街道×五日市街道,R4/10,小平,D 小金井橋,流入計,12,0,4,245,125,374,11
77,上水本町,府中街道×五日市街道,R4/10,小平,D 小金井橋,流入計,13,5,2,258,113,378,19
77,上水本町,府中街道×五日市街道,R4/10,小平,D 小金井橋,流入計,14,3,1,250,114,368,11
77,上水本町,府中街道×五日市街道,R4/10,小平,D 小金井橋,流入計,15,2,0,261,95,358,14
77,上水本町,府中街道×五日市街道,R4/10,小平,D 小金井橋,流入計,16,2,2,268,120,392,12
77,上水本町,府中街道×五日市街道,R4/10,小平,D 小金井橋,流入計,17,0,1,261,130,392,35
77,上水本町,府中街道×五日市街道,R4/10,小平,D 小金井橋,流入計,18,1,1,262,104,368,34
77,上水本町,府中街道×五日市街道,R4/10,小平,D 小金井橋,流入計,12時間計,20,23,3012,1332,4387,218
