﻿地点番号,地点名,交差道路名,調査年月,管轄警察署,流出方向,時間帯等,大型乗用,大型貨物,普通乗用,普通貨物,四輪計,二輪車
51,大鳥居,環八通り×産業道路,R4/11,蒲田,A 品川,7,14,91,433,420,958,144
51,大鳥居,環八通り×産業道路,R4/11,蒲田,A 品川,8,15,105,441,374,935,83
51,大鳥居,環八通り×産業道路,R4/11,蒲田,A 品川,9,15,105,328,406,854,41
51,大鳥居,環八通り×産業道路,R4/11,蒲田,A 品川,10,16,129,320,404,869,36
51,大鳥居,環八通り×産業道路,R4/11,蒲田,A 品川,11,15,116,320,365,816,36
51,大鳥居,環八通り×産業道路,R4/11,蒲田,A 品川,12,9,109,371,422,911,32
51,大鳥居,環八通り×産業道路,R4/11,蒲田,A 品川,13,9,75,362,434,880,46
51,大鳥居,環八通り×産業道路,R4/11,蒲田,A 品川,14,8,101,422,438,969,57
51,大鳥居,環八通り×産業道路,R4/11,蒲田,A 品川,15,15,85,416,362,878,47
51,大鳥居,環八通り×産業道路,R4/11,蒲田,A 品川,16,22,64,517,322,925,86
51,大鳥居,環八通り×産業道路,R4/11,蒲田,A 品川,17,10,62,620,264,956,98
51,大鳥居,環八通り×産業道路,R4/11,蒲田,A 品川,18,12,45,533,241,831,90
51,大鳥居,環八通り×産業道路,R4/11,蒲田,A 品川,12時間計,160,1087,5083,4452,10782,796
51,大鳥居,環八通り×産業道路,R4/11,蒲田,B 蒲田,7,31,21,320,236,608,32
51,大鳥居,環八通り×産業道路,R4/11,蒲田,B 蒲田,8,29,20,349,307,705,15
51,大鳥居,環八通り×産業道路,R4/11,蒲田,B 蒲田,9,19,27,316,328,690,19
51,大鳥居,環八通り×産業道路,R4/11,蒲田,B 蒲田,10,18,37,262,309,626,18
51,大鳥居,環八通り×産業道路,R4/11,蒲田,B 蒲田,11,14,29,292,320,655,24
51,大鳥居,環八通り×産業道路,R4/11,蒲田,B 蒲田,12,12,28,345,244,629,29
51,大鳥居,環八通り×産業道路,R4/11,蒲田,B 蒲田,13,18,21,344,253,636,31
51,大鳥居,環八通り×産業道路,R4/11,蒲田,B 蒲田,14,20,23,406,284,733,23
51,大鳥居,環八通り×産業道路,R4/11,蒲田,B 蒲田,15,14,23,510,315,862,26
51,大鳥居,環八通り×産業道路,R4/11,蒲田,B 蒲田,16,21,15,462,307,805,43
51,大鳥居,環八通り×産業道路,R4/11,蒲田,B 蒲田,17,20,16,547,248,831,75
51,大鳥居,環八通り×産業道路,R4/11,蒲田,B 蒲田,18,19,11,555,180,765,57
51,大鳥居,環八通り×産業道路,R4/11,蒲田,B 蒲田,12時間計,235,271,4708,3331,8545,392
51,大鳥居,環八通り×産業道路,R4/11,蒲田,C 大師,7,19,123,485,363,990,91
51,大鳥居,環八通り×産業道路,R4/11,蒲田,C 大師,8,22,132,404,305,863,53
51,大鳥居,環八通り×産業道路,R4/11,蒲田,C 大師,9,17,119,351,292,779,32
51,大鳥居,環八通り×産業道路,R4/11,蒲田,C 大師,10,12,131,364,371,878,35
51,大鳥居,環八通り×産業道路,R4/11,蒲田,C 大師,11,11,101,364,452,928,40
51,大鳥居,環八通り×産業道路,R4/11,蒲田,C 大師,12,12,125,372,314,823,34
51,大鳥居,環八通り×産業道路,R4/11,蒲田,C 大師,13,9,165,352,351,877,38
51,大鳥居,環八通り×産業道路,R4/11,蒲田,C 大師,14,12,144,348,393,897,45
51,大鳥居,環八通り×産業道路,R4/11,蒲田,C 大師,15,18,107,351,341,817,41
51,大鳥居,環八通り×産業道路,R4/11,蒲田,C 大師,16,16,70,417,410,913,55
51,大鳥居,環八通り×産業道路,R4/11,蒲田,C 大師,17,17,60,537,338,952,86
51,大鳥居,環八通り×産業道路,R4/11,蒲田,C 大師,18,10,81,523,155,769,92
51,大鳥居,環八通り×産業道路,R4/11,蒲田,C 大師,12時間計,175,1358,4868,4085,10486,642
51,大鳥居,環八通り×産業道路,R4/11,蒲田,D 羽田入口,7,63,77,486,336,962,114
51,大鳥居,環八通り×産業道路,R4/11,蒲田,D 羽田入口,8,17,51,412,265,745,39
51,大鳥居,環八通り×産業道路,R4/11,蒲田,D 羽田入口,9,17,90,334,266,707,19
51,大鳥居,環八通り×産業道路,R4/11,蒲田,D 羽田入口,10,10,126,293,232,661,17
51,大鳥居,環八通り×産業道路,R4/11,蒲田,D 羽田入口,11,25,87,264,238,614,15
51,大鳥居,環八通り×産業道路,R4/11,蒲田,D 羽田入口,12,7,56,287,212,562,26
51,大鳥居,環八通り×産業道路,R4/11,蒲田,D 羽田入口,13,8,49,284,290,631,16
51,大鳥居,環八通り×産業道路,R4/11,蒲田,D 羽田入口,14,10,61,313,332,716,23
51,大鳥居,環八通り×産業道路,R4/11,蒲田,D 羽田入口,15,9,81,308,234,632,22
51,大鳥居,環八通り×産業道路,R4/11,蒲田,D 羽田入口,16,13,85,346,251,695,24
51,大鳥居,環八通り×産業道路,R4/11,蒲田,D 羽田入口,17,11,50,352,196,609,17
51,大鳥居,環八通り×産業道路,R4/11,蒲田,D 羽田入口,18,19,30,285,146,480,24
51,大鳥居,環八通り×産業道路,R4/11,蒲田,D 羽田入口,12時間計,209,843,3964,2998,8014,356
51,大鳥居,環八通り×産業道路,R4/11,蒲田,全方向合計,7,127,312,1724,1355,3518,381
51,大鳥居,環八通り×産業道路,R4/11,蒲田,全方向合計,8,83,308,1606,1251,3248,190
51,大鳥居,環八通り×産業道路,R4/11,蒲田,全方向合計,9,68,341,1329,1292,3030,111
51,大鳥居,環八通り×産業道路,R4/11,蒲田,全方向合計,10,56,423,1239,1316,3034,106
51,大鳥居,環八通り×産業道路,R4/11,蒲田,全方向合計,11,65,333,1240,1375,3013,115
51,大鳥居,環八通り×産業道路,R4/11,蒲田,全方向合計,12,40,318,1375,1192,2925,121
51,大鳥居,環八通り×産業道路,R4/11,蒲田,全方向合計,13,44,310,1342,1328,3024,131
51,大鳥居,環八通り×産業道路,R4/11,蒲田,全方向合計,14,50,329,1489,1447,3315,148
51,大鳥居,環八通り×産業道路,R4/11,蒲田,全方向合計,15,56,296,1585,1252,3189,136
51,大鳥居,環八通り×産業道路,R4/11,蒲田,全方向合計,16,72,234,1742,1290,3338,208
51,大鳥居,環八通り×産業道路,R4/11,蒲田,全方向合計,17,58,188,2056,1046,3348,276
51,大鳥居,環八通り×産業道路,R4/11,蒲田,全方向合計,18,60,167,1896,722,2845,263
51,大鳥居,環八通り×産業道路,R4/11,蒲田,全方向合計,12時間計,779,3559,18623,14866,37827,2186
