﻿地点番号,地点名,交差道路名,調査年月,管轄警察署,流出方向,時間帯等,大型乗用,大型貨物,普通乗用,普通貨物,四輪計,二輪車
66,赤羽,環八通り×北本通り,R4/11,赤羽,A 新荒川橋,7,12,3,320,167,502,39
66,赤羽,環八通り×北本通り,R4/11,赤羽,A 新荒川橋,8,18,9,347,151,525,33
66,赤羽,環八通り×北本通り,R4/11,赤羽,A 新荒川橋,9,13,13,280,265,571,13
66,赤羽,環八通り×北本通り,R4/11,赤羽,A 新荒川橋,10,10,34,315,309,668,17
66,赤羽,環八通り×北本通り,R4/11,赤羽,A 新荒川橋,11,11,35,429,314,789,16
66,赤羽,環八通り×北本通り,R4/11,赤羽,A 新荒川橋,12,10,37,314,283,644,27
66,赤羽,環八通り×北本通り,R4/11,赤羽,A 新荒川橋,13,9,24,384,301,718,28
66,赤羽,環八通り×北本通り,R4/11,赤羽,A 新荒川橋,14,11,18,374,312,715,31
66,赤羽,環八通り×北本通り,R4/11,赤羽,A 新荒川橋,15,10,27,427,290,754,36
66,赤羽,環八通り×北本通り,R4/11,赤羽,A 新荒川橋,16,14,30,430,316,790,50
66,赤羽,環八通り×北本通り,R4/11,赤羽,A 新荒川橋,17,14,13,630,359,1016,105
66,赤羽,環八通り×北本通り,R4/11,赤羽,A 新荒川橋,18,13,5,658,272,948,86
66,赤羽,環八通り×北本通り,R4/11,赤羽,A 新荒川橋,12時間計,145,248,4908,3339,8640,481
66,赤羽,環八通り×北本通り,R4/11,赤羽,B 志村３,7,0,41,302,226,569,53
66,赤羽,環八通り×北本通り,R4/11,赤羽,B 志村３,8,2,33,226,298,559,35
66,赤羽,環八通り×北本通り,R4/11,赤羽,B 志村３,9,5,42,216,256,519,21
66,赤羽,環八通り×北本通り,R4/11,赤羽,B 志村３,10,2,50,185,265,502,17
66,赤羽,環八通り×北本通り,R4/11,赤羽,B 志村３,11,1,41,185,271,498,21
66,赤羽,環八通り×北本通り,R4/11,赤羽,B 志村３,12,1,28,171,232,432,18
66,赤羽,環八通り×北本通り,R4/11,赤羽,B 志村３,13,4,34,184,240,462,20
66,赤羽,環八通り×北本通り,R4/11,赤羽,B 志村３,14,1,39,203,238,481,25
66,赤羽,環八通り×北本通り,R4/11,赤羽,B 志村３,15,6,22,214,284,526,23
66,赤羽,環八通り×北本通り,R4/11,赤羽,B 志村３,16,5,14,277,251,547,35
66,赤羽,環八通り×北本通り,R4/11,赤羽,B 志村３,17,0,13,303,236,552,61
66,赤羽,環八通り×北本通り,R4/11,赤羽,B 志村３,18,1,5,267,168,441,48
66,赤羽,環八通り×北本通り,R4/11,赤羽,B 志村３,12時間計,28,362,2733,2965,6088,377
66,赤羽,環八通り×北本通り,R4/11,赤羽,C 赤羽台,7,10,3,134,135,282,56
66,赤羽,環八通り×北本通り,R4/11,赤羽,C 赤羽台,8,12,1,138,99,250,27
66,赤羽,環八通り×北本通り,R4/11,赤羽,C 赤羽台,9,8,3,137,113,261,19
66,赤羽,環八通り×北本通り,R4/11,赤羽,C 赤羽台,10,10,4,167,123,304,19
66,赤羽,環八通り×北本通り,R4/11,赤羽,C 赤羽台,11,9,1,148,104,262,22
66,赤羽,環八通り×北本通り,R4/11,赤羽,C 赤羽台,12,7,2,154,52,215,26
66,赤羽,環八通り×北本通り,R4/11,赤羽,C 赤羽台,13,6,1,158,61,226,17
66,赤羽,環八通り×北本通り,R4/11,赤羽,C 赤羽台,14,7,3,125,56,191,27
66,赤羽,環八通り×北本通り,R4/11,赤羽,C 赤羽台,15,7,4,141,82,234,23
66,赤羽,環八通り×北本通り,R4/11,赤羽,C 赤羽台,16,9,0,136,72,217,21
66,赤羽,環八通り×北本通り,R4/11,赤羽,C 赤羽台,17,10,0,167,45,222,18
66,赤羽,環八通り×北本通り,R4/11,赤羽,C 赤羽台,18,11,1,139,25,176,12
66,赤羽,環八通り×北本通り,R4/11,赤羽,C 赤羽台,12時間計,106,23,1744,967,2840,287
66,赤羽,環八通り×北本通り,R4/11,赤羽,D 赤羽銀座,7,0,0,14,1,15,0
66,赤羽,環八通り×北本通り,R4/11,赤羽,D 赤羽銀座,8,0,0,8,10,18,6
66,赤羽,環八通り×北本通り,R4/11,赤羽,D 赤羽銀座,9,0,0,11,12,23,3
66,赤羽,環八通り×北本通り,R4/11,赤羽,D 赤羽銀座,10,0,1,7,11,19,2
66,赤羽,環八通り×北本通り,R4/11,赤羽,D 赤羽銀座,11,0,1,10,7,18,2
66,赤羽,環八通り×北本通り,R4/11,赤羽,D 赤羽銀座,12,0,0,12,4,16,0
66,赤羽,環八通り×北本通り,R4/11,赤羽,D 赤羽銀座,13,0,0,5,7,12,0
66,赤羽,環八通り×北本通り,R4/11,赤羽,D 赤羽銀座,14,0,0,5,10,15,2
66,赤羽,環八通り×北本通り,R4/11,赤羽,D 赤羽銀座,15,0,0,7,3,10,2
66,赤羽,環八通り×北本通り,R4/11,赤羽,D 赤羽銀座,16,0,0,13,9,22,3
66,赤羽,環八通り×北本通り,R4/11,赤羽,D 赤羽銀座,17,0,0,5,4,9,6
66,赤羽,環八通り×北本通り,R4/11,赤羽,D 赤羽銀座,18,0,0,7,2,9,1
66,赤羽,環八通り×北本通り,R4/11,赤羽,D 赤羽銀座,12時間計,0,2,104,80,186,27
66,赤羽,環八通り×北本通り,R4/11,赤羽,E 宮堀,7,11,65,742,668,1486,110
66,赤羽,環八通り×北本通り,R4/11,赤羽,E 宮堀,8,8,49,742,709,1508,90
66,赤羽,環八通り×北本通り,R4/11,赤羽,E 宮堀,9,14,55,572,521,1162,52
66,赤羽,環八通り×北本通り,R4/11,赤羽,E 宮堀,10,3,80,508,454,1045,50
66,赤羽,環八通り×北本通り,R4/11,赤羽,E 宮堀,11,4,66,472,409,951,54
66,赤羽,環八通り×北本通り,R4/11,赤羽,E 宮堀,12,5,43,521,405,974,41
66,赤羽,環八通り×北本通り,R4/11,赤羽,E 宮堀,13,3,49,529,438,1019,46
66,赤羽,環八通り×北本通り,R4/11,赤羽,E 宮堀,14,4,42,545,427,1018,51
66,赤羽,環八通り×北本通り,R4/11,赤羽,E 宮堀,15,5,53,514,402,974,41
66,赤羽,環八通り×北本通り,R4/11,赤羽,E 宮堀,16,3,54,584,389,1030,72
66,赤羽,環八通り×北本通り,R4/11,赤羽,E 宮堀,17,6,39,791,379,1215,99
66,赤羽,環八通り×北本通り,R4/11,赤羽,E 宮堀,18,7,11,708,263,989,68
66,赤羽,環八通り×北本通り,R4/11,赤羽,E 宮堀,12時間計,73,606,7228,5464,13371,774
66,赤羽,環八通り×北本通り,R4/11,赤羽,全方向合計,7,33,112,1512,1197,2854,258
66,赤羽,環八通り×北本通り,R4/11,赤羽,全方向合計,8,40,92,1461,1267,2860,191
66,赤羽,環八通り×北本通り,R4/11,赤羽,全方向合計,9,40,113,1216,1167,2536,108
66,赤羽,環八通り×北本通り,R4/11,赤羽,全方向合計,10,25,169,1182,1162,2538,105
66,赤羽,環八通り×北本通り,R4/11,赤羽,全方向合計,11,25,144,1244,1105,2518,115
66,赤羽,環八通り×北本通り,R4/11,赤羽,全方向合計,12,23,110,1172,976,2281,112
66,赤羽,環八通り×北本通り,R4/11,赤羽,全方向合計,13,22,108,1260,1047,2437,111
66,赤羽,環八通り×北本通り,R4/11,赤羽,全方向合計,14,23,102,1252,1043,2420,136
66,赤羽,環八通り×北本通り,R4/11,赤羽,全方向合計,15,28,106,1303,1061,2498,125
66,赤羽,環八通り×北本通り,R4/11,赤羽,全方向合計,16,31,98,1440,1037,2606,181
66,赤羽,環八通り×北本通り,R4/11,赤羽,全方向合計,17,30,65,1896,1023,3014,289
66,赤羽,環八通り×北本通り,R4/11,赤羽,全方向合計,18,32,22,1779,730,2563,215
66,赤羽,環八通り×北本通り,R4/11,赤羽,全方向合計,12時間計,352,1241,16717,12815,31125,1946
