﻿<?xml version="1.0" encoding="utf-8"?>
<MD_Metadata xsi:schemaLocation="http://zgate.gsi.go.jp/ch/jmp/ http://zgate.gsi.go.jp/ch/jmp/JMP20.xsd" xmlns:xsi="http://www.w3.org/2001/XMLSchema-instance" xmlns="http://zgate.gsi.go.jp/ch/jmp/" xmlns:jmp20="http://zgate.gsi.go.jp/ch/jmp/">
  <identificationInfo>
    <MD_DataIdentification>
      <citation>
        <title>共通地形図更新及び都市計画図修正等</title>
        <date>
          <date>2017-03-22</date>
          <dateType>001</dateType>
        </date>
      </citation>
      <abstract>２０１６年1月1日のデジタルカメラDMCⅡ230で撮影縮尺1/10,000、地上解像度12cm以上で撮影した航空写真デジタルデータ(27国地関公第503号)を基に、２０１３年に作成した共通地形図データ(平25関公第354号)をレベル2,500と一部レベル1,000で加除訂正を行い、共通地形図データを更新する。</abstract>
      <language>
        <isoCode>jpn</isoCode>
      </language>
      <characterSet>023</characterSet>
      <topicCategory>013</topicCategory>
      <extent>
        <geographicElement>
          <EX_GeographicBoundingBox>
            <extentTypeCode>1</extentTypeCode>
            <extentReferenceSystem>
              <authority>
                <title>測量法施行令（昭和24年政令第322号）</title>
                <date>
                  <date>2011-10-21</date>
                  <dateType>003</dateType>
                </date>
              </authority>
              <code>JGD2011 / (B,L)</code>
            </extentReferenceSystem>
            <westBoundLongitude>139.26897222</westBoundLongitude>
            <eastBoundLongitude>139.50725</eastBoundLongitude>
            <southBoundLatitude>35.501</southBoundLatitude>
            <northBoundLatitude>35.62208333</northBoundLatitude>
          </EX_GeographicBoundingBox>
          <EX_CoordinateBoundingBox>
            <extentTypeCode>1</extentTypeCode>
            <extentReferenceSystem>
              <authority>
                <title>測量法施行令（昭和24年政令第322号）</title>
                <date>
                  <date>2011-10-21</date>
                  <dateType>003</dateType>
                </date>
              </authority>
              <code>JGD2011 / 9(X,Y)</code>
            </extentReferenceSystem>
            <westBoundCoordinate>-51129.683</westBoundCoordinate>
            <eastBoundCoordinate>-29554.688</eastBoundCoordinate>
            <southBoundCoordinate>-55302.333</southBoundCoordinate>
            <northBoundCoordinate>-41791.133</northBoundCoordinate>
          </EX_CoordinateBoundingBox>
          <EX_GeographicDescription>
            <extentTypeCode>1</extentTypeCode>
            <geographicIdentifier>
              <authority>
                <title>東京都町田市</title>
                <date>
                  <date>2017-03-22</date>
                  <dateType>001</dateType>
                </date>
              </authority>
              <code>東京都町田市</code>
            </geographicIdentifier>
          </EX_GeographicDescription>
        </geographicElement>
      </extent>
    </MD_DataIdentification>
  </identificationInfo>
  <dataQualityInfo>
    <DQ_DataQuality>
      <scope>
        <level>005</level>
        <extent>
          <geographicElement>
            <EX_GeographicBoundingBox>
              <extentTypeCode>1</extentTypeCode>
              <extentReferenceSystem>
                <authority>
                  <title>測量法施行令（昭和24年政令第322号）</title>
                  <date>
                    <date>2011-10-21</date>
                    <dateType>003</dateType>
                  </date>
                </authority>
                <code>JGD2011 / (B,L)</code>
              </extentReferenceSystem>
              <westBoundLongitude>139.26897222</westBoundLongitude>
              <eastBoundLongitude>139.50725</eastBoundLongitude>
              <southBoundLatitude>35.501</southBoundLatitude>
              <northBoundLatitude>35.62208333</northBoundLatitude>
            </EX_GeographicBoundingBox>
            <EX_CoordinateBoundingBox>
              <extentTypeCode>1</extentTypeCode>
              <extentReferenceSystem>
                <authority>
                  <title>測量法施行令（昭和24年政令第322号）</title>
                  <date>
                    <date>2011-10-21</date>
                    <dateType>003</dateType>
                  </date>
                </authority>
                <code>JGD2011 / 9(X,Y)</code>
              </extentReferenceSystem>
              <westBoundCoordinate>-51129.683</westBoundCoordinate>
              <eastBoundCoordinate>-29554.688</eastBoundCoordinate>
              <southBoundCoordinate>-55302.333</southBoundCoordinate>
              <northBoundCoordinate>-41791.133</northBoundCoordinate>
            </EX_CoordinateBoundingBox>
            <EX_GeographicDescription>
              <extentTypeCode>1</extentTypeCode>
              <geographicIdentifier>
                <authority>
                  <title>東京都町田市</title>
                  <date>
                    <date>2017-03-22</date>
                    <dateType>001</dateType>
                  </date>
                </authority>
                <code>東京都町田市</code>
              </geographicIdentifier>
            </EX_GeographicDescription>
          </geographicElement>
        </extent>
      </scope>
      <lineage>
        <LI_Lineage>
          <statement>H25町田市共通地形図データ（２０１３年度整備）、２０１６年家屋データ、道路網図、更新した箇所の道路管理図、更新した位置指定箇所、市境界データ及び町丁目界、橋の名称データ、町田市公共基準点成果、オルソ画像(２０１６年撮影・地図情報レベル1000)、行政境界画定図(1/250,1/500)</statement>
        </LI_Lineage>
      </lineage>
      <report>
        <DQ_Element>
          <evaluationMethodDescription>製品仕様書に従った適合性評価を行った。</evaluationMethodDescription>
          <typeOfQualityEvaluation>003</typeOfQualityEvaluation>
          <result>
            <DQ_ConformanceResult>
              <specification>
                <title>町田市統合型GISデータ基本仕様書</title>
                <date>
                  <date>2016-10-01</date>
                  <dateType>003</dateType>
                </date>
              </specification>
              <explanation>各地物のファイル形式・互換性がシェープ形式として一致していること。この条件を充たさないファイルはエラーとする。</explanation>
              <pass>1</pass>
            </DQ_ConformanceResult>
          </result>
        </DQ_Element>
        <DQ_Element>
          <evaluationMethodDescription>製品仕様書に従った適合性評価を行った。</evaluationMethodDescription>
          <typeOfQualityEvaluation>004</typeOfQualityEvaluation>
          <result>
            <DQ_ConformanceResult>
              <specification>
                <title>町田市統合型GISデータ基本仕様書</title>
                <date>
                  <date>2016-10-01</date>
                  <dateType>003</dateType>
                </date>
              </specification>
              <explanation>各地物型定義書のファイル単位に記載する領域外に位置する地物が存在する場合は、そのファイルはエラーとする。（境界線を跨って存在する地物は、領域外に位置する地物は扱わない。）</explanation>
              <pass>1</pass>
            </DQ_ConformanceResult>
          </result>
        </DQ_Element>
        <DQ_Element>
          <evaluationMethodDescription>製品仕様書に従った適合性評価を行った。</evaluationMethodDescription>
          <typeOfQualityEvaluation>005</typeOfQualityEvaluation>
          <result>
            <DQ_ConformanceResult>
              <specification>
                <title>町田市統合型GISデータ基本仕様書</title>
                <date>
                  <date>2016-10-01</date>
                  <dateType>003</dateType>
                </date>
              </specification>
              <explanation>空間属性、主題属性、ファイル名について各地物型定義書に記載している書式に一致していること、かつ、調達仕様書に記載する「データの記録仕様」に適合していて、正常にファイルの読み込みができること。この条件を充たさないファイルはエラーとする。</explanation>
              <pass>1</pass>
            </DQ_ConformanceResult>
          </result>
        </DQ_Element>
        <DQ_Element>
          <evaluationMethodDescription>製品仕様書に従った適合性評価を行った。</evaluationMethodDescription>
          <typeOfQualityEvaluation>006</typeOfQualityEvaluation>
          <result>
            <DQ_ConformanceResult>
              <specification>
                <title>町田市統合型GISデータ基本仕様書</title>
                <date>
                  <date>2016-10-01</date>
                  <dateType>003</dateType>
                </date>
              </specification>
              <explanation>エリアの重なりとねじれ、ラインの重なりとねじれ、図郭線での接合について、各地物型定義書に記載の条件を充たしていない地物が存在しているときは、そのファイルはエラーとする。</explanation>
              <pass>1</pass>
            </DQ_ConformanceResult>
          </result>
        </DQ_Element>
        <DQ_Element>
          <evaluationMethodDescription>製品仕様書に従った適合性評価を行った。</evaluationMethodDescription>
          <typeOfQualityEvaluation>007</typeOfQualityEvaluation>
          <result>
            <DQ_ConformanceResult>
              <specification>
                <title>町田市統合型GISデータ基本仕様書</title>
                <date>
                  <date>2016-10-01</date>
                  <dateType>003</dateType>
                </date>
              </specification>
              <explanation>GPS計測などの高精度の測量手段で現地の真位置座標を測り、その座標位置に対応する地物の頂点座標を求め、標準偏差を尺度として絶対位置を評価する。</explanation>
              <pass>1</pass>
            </DQ_ConformanceResult>
          </result>
        </DQ_Element>
      </report>
    </DQ_DataQuality>
  </dataQualityInfo>
  <fileIdentifier>H28C0150</fileIdentifier>
  <language>
    <isoCode>jpn</isoCode>
  </language>
  <characterSet>004</characterSet>
  <hierarchyLevel>005</hierarchyLevel>
  <contact>
    <organisationName>町田市都市づくり部土地利用調整課</organisationName>
    <contactInfo>
      <phone>
        <voice>042-724-4254</voice>
      </phone>
      <address>
        <country>jpn</country>
      </address>
    </contactInfo>
    <role>006</role>
  </contact>
  <dateStamp>2017-03-22</dateStamp>
  <metadataStandardName>JMP</metadataStandardName>
  <metadataStandardVersion>2.0</metadataStandardVersion>
</MD_Metadata>