﻿地点番号,地点名,交差道路名,調査年月,管轄警察署,流出方向,時間帯等,大型乗用,大型貨物,普通乗用,普通貨物,四輪計,二輪車
316,宮地,明治通り×尾竹橋通り,R4/11,荒川,A 尾竹橋,7,5,2,96,83,186,13
316,宮地,明治通り×尾竹橋通り,R4/11,荒川,A 尾竹橋,8,5,1,199,49,254,9
316,宮地,明治通り×尾竹橋通り,R4/11,荒川,A 尾竹橋,9,5,1,248,77,331,20
316,宮地,明治通り×尾竹橋通り,R4/11,荒川,A 尾竹橋,10,4,1,151,165,321,12
316,宮地,明治通り×尾竹橋通り,R4/11,荒川,A 尾竹橋,11,5,2,167,154,328,25
316,宮地,明治通り×尾竹橋通り,R4/11,荒川,A 尾竹橋,12,4,0,168,106,278,24
316,宮地,明治通り×尾竹橋通り,R4/11,荒川,A 尾竹橋,13,2,3,196,133,334,23
316,宮地,明治通り×尾竹橋通り,R4/11,荒川,A 尾竹橋,14,3,7,262,114,386,29
316,宮地,明治通り×尾竹橋通り,R4/11,荒川,A 尾竹橋,15,3,3,295,104,405,26
316,宮地,明治通り×尾竹橋通り,R4/11,荒川,A 尾竹橋,16,6,2,261,158,427,41
316,宮地,明治通り×尾竹橋通り,R4/11,荒川,A 尾竹橋,17,5,1,230,121,357,32
316,宮地,明治通り×尾竹橋通り,R4/11,荒川,A 尾竹橋,18,5,0,235,85,325,41
316,宮地,明治通り×尾竹橋通り,R4/11,荒川,A 尾竹橋,12時間計,52,23,2508,1349,3932,295
316,宮地,明治通り×尾竹橋通り,R4/11,荒川,B 荒川（五）,7,0,0,0,0,0,0
316,宮地,明治通り×尾竹橋通り,R4/11,荒川,B 荒川（五）,8,0,0,0,0,0,0
316,宮地,明治通り×尾竹橋通り,R4/11,荒川,B 荒川（五）,9,0,0,0,0,0,0
316,宮地,明治通り×尾竹橋通り,R4/11,荒川,B 荒川（五）,10,0,0,0,0,0,0
316,宮地,明治通り×尾竹橋通り,R4/11,荒川,B 荒川（五）,11,0,0,0,0,0,0
316,宮地,明治通り×尾竹橋通り,R4/11,荒川,B 荒川（五）,12,0,0,0,0,0,0
316,宮地,明治通り×尾竹橋通り,R4/11,荒川,B 荒川（五）,13,0,0,0,0,0,0
316,宮地,明治通り×尾竹橋通り,R4/11,荒川,B 荒川（五）,14,0,0,0,0,0,0
316,宮地,明治通り×尾竹橋通り,R4/11,荒川,B 荒川（五）,15,0,0,0,0,0,0
316,宮地,明治通り×尾竹橋通り,R4/11,荒川,B 荒川（五）,16,0,0,0,0,0,0
316,宮地,明治通り×尾竹橋通り,R4/11,荒川,B 荒川（五）,17,0,0,0,0,0,0
316,宮地,明治通り×尾竹橋通り,R4/11,荒川,B 荒川（五）,18,0,0,0,0,0,0
316,宮地,明治通り×尾竹橋通り,R4/11,荒川,B 荒川（五）,12時間計,0,0,0,0,0,0
316,宮地,明治通り×尾竹橋通り,R4/11,荒川,C 王子,7,5,11,390,377,783,72
316,宮地,明治通り×尾竹橋通り,R4/11,荒川,C 王子,8,6,18,389,431,844,40
316,宮地,明治通り×尾竹橋通り,R4/11,荒川,C 王子,9,8,26,360,422,816,37
316,宮地,明治通り×尾竹橋通り,R4/11,荒川,C 王子,10,6,38,347,450,841,48
316,宮地,明治通り×尾竹橋通り,R4/11,荒川,C 王子,11,4,23,342,439,808,42
316,宮地,明治通り×尾竹橋通り,R4/11,荒川,C 王子,12,7,20,393,377,797,55
316,宮地,明治通り×尾竹橋通り,R4/11,荒川,C 王子,13,3,17,407,391,818,55
316,宮地,明治通り×尾竹橋通り,R4/11,荒川,C 王子,14,4,16,426,414,860,45
316,宮地,明治通り×尾竹橋通り,R4/11,荒川,C 王子,15,9,13,421,394,837,52
316,宮地,明治通り×尾竹橋通り,R4/11,荒川,C 王子,16,11,12,490,450,963,69
316,宮地,明治通り×尾竹橋通り,R4/11,荒川,C 王子,17,6,9,701,369,1085,79
316,宮地,明治通り×尾竹橋通り,R4/11,荒川,C 王子,18,5,14,692,362,1073,84
316,宮地,明治通り×尾竹橋通り,R4/11,荒川,C 王子,12時間計,74,217,5358,4876,10525,678
316,宮地,明治通り×尾竹橋通り,R4/11,荒川,D 西日暮里駅,7,8,2,197,147,354,46
316,宮地,明治通り×尾竹橋通り,R4/11,荒川,D 西日暮里駅,8,5,4,193,137,339,26
316,宮地,明治通り×尾竹橋通り,R4/11,荒川,D 西日暮里駅,9,8,1,184,130,323,21
316,宮地,明治通り×尾竹橋通り,R4/11,荒川,D 西日暮里駅,10,4,4,157,109,274,26
316,宮地,明治通り×尾竹橋通り,R4/11,荒川,D 西日暮里駅,11,6,3,142,100,251,21
316,宮地,明治通り×尾竹橋通り,R4/11,荒川,D 西日暮里駅,12,4,2,138,85,229,25
316,宮地,明治通り×尾竹橋通り,R4/11,荒川,D 西日暮里駅,13,4,1,140,111,256,20
316,宮地,明治通り×尾竹橋通り,R4/11,荒川,D 西日暮里駅,14,3,2,163,81,249,27
316,宮地,明治通り×尾竹橋通り,R4/11,荒川,D 西日暮里駅,15,8,4,127,87,226,18
316,宮地,明治通り×尾竹橋通り,R4/11,荒川,D 西日暮里駅,16,4,3,135,84,226,20
316,宮地,明治通り×尾竹橋通り,R4/11,荒川,D 西日暮里駅,17,5,0,176,62,243,22
316,宮地,明治通り×尾竹橋通り,R4/11,荒川,D 西日暮里駅,18,5,0,142,35,182,21
316,宮地,明治通り×尾竹橋通り,R4/11,荒川,D 西日暮里駅,12時間計,64,26,1894,1168,3152,293
316,宮地,明治通り×尾竹橋通り,R4/11,荒川,E 鶯谷駅,7,24,4,230,219,477,35
316,宮地,明治通り×尾竹橋通り,R4/11,荒川,E 鶯谷駅,8,16,4,227,199,446,30
316,宮地,明治通り×尾竹橋通り,R4/11,荒川,E 鶯谷駅,9,10,1,178,182,371,22
316,宮地,明治通り×尾竹橋通り,R4/11,荒川,E 鶯谷駅,10,7,2,146,175,330,20
316,宮地,明治通り×尾竹橋通り,R4/11,荒川,E 鶯谷駅,11,9,0,138,147,294,27
316,宮地,明治通り×尾竹橋通り,R4/11,荒川,E 鶯谷駅,12,6,0,192,110,308,30
316,宮地,明治通り×尾竹橋通り,R4/11,荒川,E 鶯谷駅,13,7,1,146,127,281,18
316,宮地,明治通り×尾竹橋通り,R4/11,荒川,E 鶯谷駅,14,7,4,148,147,306,32
316,宮地,明治通り×尾竹橋通り,R4/11,荒川,E 鶯谷駅,15,11,0,156,134,301,36
316,宮地,明治通り×尾竹橋通り,R4/11,荒川,E 鶯谷駅,16,10,0,136,130,276,18
316,宮地,明治通り×尾竹橋通り,R4/11,荒川,E 鶯谷駅,17,9,0,156,77,242,29
316,宮地,明治通り×尾竹橋通り,R4/11,荒川,E 鶯谷駅,18,6,0,125,50,181,19
316,宮地,明治通り×尾竹橋通り,R4/11,荒川,E 鶯谷駅,12時間計,122,16,1978,1697,3813,316
316,宮地,明治通り×尾竹橋通り,R4/11,荒川,F 日光街道,7,19,14,457,457,947,88
316,宮地,明治通り×尾竹橋通り,R4/11,荒川,F 日光街道,8,19,24,457,457,957,59
316,宮地,明治通り×尾竹橋通り,R4/11,荒川,F 日光街道,9,17,15,383,383,798,38
316,宮地,明治通り×尾竹橋通り,R4/11,荒川,F 日光街道,10,11,17,388,388,804,52
316,宮地,明治通り×尾竹橋通り,R4/11,荒川,F 日光街道,11,13,15,353,353,734,41
316,宮地,明治通り×尾竹橋通り,R4/11,荒川,F 日光街道,12,11,23,351,351,736,62
316,宮地,明治通り×尾竹橋通り,R4/11,荒川,F 日光街道,13,12,24,391,391,818,68
316,宮地,明治通り×尾竹橋通り,R4/11,荒川,F 日光街道,14,10,10,396,396,812,43
316,宮地,明治通り×尾竹橋通り,R4/11,荒川,F 日光街道,15,12,17,356,356,741,45
316,宮地,明治通り×尾竹橋通り,R4/11,荒川,F 日光街道,16,13,13,330,330,686,73
316,宮地,明治通り×尾竹橋通り,R4/11,荒川,F 日光街道,17,14,10,305,305,634,81
316,宮地,明治通り×尾竹橋通り,R4/11,荒川,F 日光街道,18,15,5,208,208,436,50
316,宮地,明治通り×尾竹橋通り,R4/11,荒川,F 日光街道,12時間計,166,187,4375,4375,9103,700
316,宮地,明治通り×尾竹橋通り,R4/11,荒川,全方向合計,7,61,33,1376,1283,2753,254
316,宮地,明治通り×尾竹橋通り,R4/11,荒川,全方向合計,8,51,51,1417,1273,2792,164
316,宮地,明治通り×尾竹橋通り,R4/11,荒川,全方向合計,9,48,44,1360,1194,2646,138
316,宮地,明治通り×尾竹橋通り,R4/11,荒川,全方向合計,10,32,62,1157,1287,2538,158
316,宮地,明治通り×尾竹橋通り,R4/11,荒川,全方向合計,11,37,43,1148,1193,2421,156
316,宮地,明治通り×尾竹橋通り,R4/11,荒川,全方向合計,12,32,45,1244,1029,2350,196
316,宮地,明治通り×尾竹橋通り,R4/11,荒川,全方向合計,13,28,46,1272,1153,2499,184
316,宮地,明治通り×尾竹橋通り,R4/11,荒川,全方向合計,14,27,39,1334,1152,2552,176
316,宮地,明治通り×尾竹橋通り,R4/11,荒川,全方向合計,15,43,37,1424,1075,2579,177
316,宮地,明治通り×尾竹橋通り,R4/11,荒川,全方向合計,16,44,30,1507,1152,2733,221
316,宮地,明治通り×尾竹橋通り,R4/11,荒川,全方向合計,17,39,20,1768,934,2761,243
316,宮地,明治通り×尾竹橋通り,R4/11,荒川,全方向合計,18,36,19,1627,740,2422,215
316,宮地,明治通り×尾竹橋通り,R4/11,荒川,全方向合計,12時間計,478,469,16634,13465,31046,2282
