﻿地点番号,地点名,交差道路名,調査年月,管轄警察署,流出方向,時間帯等,大型乗用,大型貨物,普通乗用,普通貨物,四輪計,二輪車
301,東新橋１,環状二号線×第一京浜,R4/11,愛宕,A 日本橋,7,10,12,509,394,925,64
301,東新橋１,環状二号線×第一京浜,R4/11,愛宕,A 日本橋,8,10,20,697,390,1117,43
301,東新橋１,環状二号線×第一京浜,R4/11,愛宕,A 日本橋,9,9,24,748,495,1276,66
301,東新橋１,環状二号線×第一京浜,R4/11,愛宕,A 日本橋,10,6,23,733,447,1209,44
301,東新橋１,環状二号線×第一京浜,R4/11,愛宕,A 日本橋,11,6,20,752,489,1267,46
301,東新橋１,環状二号線×第一京浜,R4/11,愛宕,A 日本橋,12,8,25,745,464,1242,35
301,東新橋１,環状二号線×第一京浜,R4/11,愛宕,A 日本橋,13,9,17,780,490,1296,66
301,東新橋１,環状二号線×第一京浜,R4/11,愛宕,A 日本橋,14,11,8,840,448,1307,48
301,東新橋１,環状二号線×第一京浜,R4/11,愛宕,A 日本橋,15,12,25,897,428,1362,60
301,東新橋１,環状二号線×第一京浜,R4/11,愛宕,A 日本橋,16,8,27,892,365,1292,53
301,東新橋１,環状二号線×第一京浜,R4/11,愛宕,A 日本橋,17,10,16,1038,417,1481,59
301,東新橋１,環状二号線×第一京浜,R4/11,愛宕,A 日本橋,18,6,7,1091,274,1378,77
301,東新橋１,環状二号線×第一京浜,R4/11,愛宕,A 日本橋,12時間計,105,224,9722,5101,15152,661
301,東新橋１,環状二号線×第一京浜,R4/11,愛宕,B 溜池,7,7,28,404,316,755,40
301,東新橋１,環状二号線×第一京浜,R4/11,愛宕,B 溜池,8,10,30,626,266,932,53
301,東新橋１,環状二号線×第一京浜,R4/11,愛宕,B 溜池,9,10,31,631,363,1035,58
301,東新橋１,環状二号線×第一京浜,R4/11,愛宕,B 溜池,10,11,41,519,255,826,39
301,東新橋１,環状二号線×第一京浜,R4/11,愛宕,B 溜池,11,10,29,500,272,811,55
301,東新橋１,環状二号線×第一京浜,R4/11,愛宕,B 溜池,12,8,31,544,250,833,60
301,東新橋１,環状二号線×第一京浜,R4/11,愛宕,B 溜池,13,10,37,535,294,876,39
301,東新橋１,環状二号線×第一京浜,R4/11,愛宕,B 溜池,14,9,22,563,263,857,37
301,東新橋１,環状二号線×第一京浜,R4/11,愛宕,B 溜池,15,11,19,638,252,920,41
301,東新橋１,環状二号線×第一京浜,R4/11,愛宕,B 溜池,16,13,9,527,152,701,38
301,東新橋１,環状二号線×第一京浜,R4/11,愛宕,B 溜池,17,8,9,593,156,766,29
301,東新橋１,環状二号線×第一京浜,R4/11,愛宕,B 溜池,18,5,15,620,104,744,51
301,東新橋１,環状二号線×第一京浜,R4/11,愛宕,B 溜池,12時間計,112,301,6700,2943,10056,540
301,東新橋１,環状二号線×第一京浜,R4/11,愛宕,C 田町,7,13,23,570,402,1008,65
301,東新橋１,環状二号線×第一京浜,R4/11,愛宕,C 田町,8,14,24,598,362,998,36
301,東新橋１,環状二号線×第一京浜,R4/11,愛宕,C 田町,9,9,22,565,416,1012,42
301,東新橋１,環状二号線×第一京浜,R4/11,愛宕,C 田町,10,11,27,549,467,1054,42
301,東新橋１,環状二号線×第一京浜,R4/11,愛宕,C 田町,11,9,27,531,442,1009,47
301,東新橋１,環状二号線×第一京浜,R4/11,愛宕,C 田町,12,7,20,582,304,913,33
301,東新橋１,環状二号線×第一京浜,R4/11,愛宕,C 田町,13,7,22,582,350,961,47
301,東新橋１,環状二号線×第一京浜,R4/11,愛宕,C 田町,14,11,24,656,364,1055,40
301,東新橋１,環状二号線×第一京浜,R4/11,愛宕,C 田町,15,9,9,652,306,976,43
301,東新橋１,環状二号線×第一京浜,R4/11,愛宕,C 田町,16,7,10,671,261,949,52
301,東新橋１,環状二号線×第一京浜,R4/11,愛宕,C 田町,17,7,4,794,198,1003,47
301,東新橋１,環状二号線×第一京浜,R4/11,愛宕,C 田町,18,5,3,767,132,907,40
301,東新橋１,環状二号線×第一京浜,R4/11,愛宕,C 田町,12時間計,109,215,7517,4004,11845,534
301,東新橋１,環状二号線×第一京浜,R4/11,愛宕,D 築地,7,27,15,305,202,549,59
301,東新橋１,環状二号線×第一京浜,R4/11,愛宕,D 築地,8,29,25,389,247,690,45
301,東新橋１,環状二号線×第一京浜,R4/11,愛宕,D 築地,9,19,52,417,264,752,31
301,東新橋１,環状二号線×第一京浜,R4/11,愛宕,D 築地,10,23,58,418,301,800,27
301,東新橋１,環状二号線×第一京浜,R4/11,愛宕,D 築地,11,16,46,411,242,715,37
301,東新橋１,環状二号線×第一京浜,R4/11,愛宕,D 築地,12,21,29,401,223,674,31
301,東新橋１,環状二号線×第一京浜,R4/11,愛宕,D 築地,13,15,43,412,263,733,29
301,東新橋１,環状二号線×第一京浜,R4/11,愛宕,D 築地,14,19,36,416,281,752,33
301,東新橋１,環状二号線×第一京浜,R4/11,愛宕,D 築地,15,18,28,450,240,736,28
301,東新橋１,環状二号線×第一京浜,R4/11,愛宕,D 築地,16,24,21,460,197,702,25
301,東新橋１,環状二号線×第一京浜,R4/11,愛宕,D 築地,17,26,21,453,243,743,56
301,東新橋１,環状二号線×第一京浜,R4/11,愛宕,D 築地,18,28,9,529,164,730,40
301,東新橋１,環状二号線×第一京浜,R4/11,愛宕,D 築地,12時間計,265,383,5061,2867,8576,441
301,東新橋１,環状二号線×第一京浜,R4/11,愛宕,全方向合計,7,57,78,1788,1314,3237,228
301,東新橋１,環状二号線×第一京浜,R4/11,愛宕,全方向合計,8,63,99,2310,1265,3737,177
301,東新橋１,環状二号線×第一京浜,R4/11,愛宕,全方向合計,9,47,129,2361,1538,4075,197
301,東新橋１,環状二号線×第一京浜,R4/11,愛宕,全方向合計,10,51,149,2219,1470,3889,152
301,東新橋１,環状二号線×第一京浜,R4/11,愛宕,全方向合計,11,41,122,2194,1445,3802,185
301,東新橋１,環状二号線×第一京浜,R4/11,愛宕,全方向合計,12,44,105,2272,1241,3662,159
301,東新橋１,環状二号線×第一京浜,R4/11,愛宕,全方向合計,13,41,119,2309,1397,3866,181
301,東新橋１,環状二号線×第一京浜,R4/11,愛宕,全方向合計,14,50,90,2475,1356,3971,158
301,東新橋１,環状二号線×第一京浜,R4/11,愛宕,全方向合計,15,50,81,2637,1226,3994,172
301,東新橋１,環状二号線×第一京浜,R4/11,愛宕,全方向合計,16,52,67,2550,975,3644,168
301,東新橋１,環状二号線×第一京浜,R4/11,愛宕,全方向合計,17,51,50,2878,1014,3993,191
301,東新橋１,環状二号線×第一京浜,R4/11,愛宕,全方向合計,18,44,34,3007,674,3759,208
301,東新橋１,環状二号線×第一京浜,R4/11,愛宕,全方向合計,12時間計,591,1123,29000,14915,45629,2176
