﻿地点番号,地点名,交差道路名,調査年月,管轄警察署,流入方向,流出方向,時間帯等,車道通行自転車,歩道通行自転車,自転車計
15,渋谷署前,明治通り×玉川通り,R4/11,渋谷,A 原宿,1青山,7,1,-,-
15,渋谷署前,明治通り×玉川通り,R4/11,渋谷,A 原宿,1青山,8,5,-,-
15,渋谷署前,明治通り×玉川通り,R4/11,渋谷,A 原宿,1青山,9,1,-,-
15,渋谷署前,明治通り×玉川通り,R4/11,渋谷,A 原宿,1青山,10,4,-,-
15,渋谷署前,明治通り×玉川通り,R4/11,渋谷,A 原宿,1青山,11,1,-,-
15,渋谷署前,明治通り×玉川通り,R4/11,渋谷,A 原宿,1青山,12,0,-,-
15,渋谷署前,明治通り×玉川通り,R4/11,渋谷,A 原宿,1青山,13,4,-,-
15,渋谷署前,明治通り×玉川通り,R4/11,渋谷,A 原宿,1青山,14,2,-,-
15,渋谷署前,明治通り×玉川通り,R4/11,渋谷,A 原宿,1青山,15,2,-,-
15,渋谷署前,明治通り×玉川通り,R4/11,渋谷,A 原宿,1青山,16,2,-,-
15,渋谷署前,明治通り×玉川通り,R4/11,渋谷,A 原宿,1青山,17,7,-,-
15,渋谷署前,明治通り×玉川通り,R4/11,渋谷,A 原宿,1青山,18,1,-,-
15,渋谷署前,明治通り×玉川通り,R4/11,渋谷,A 原宿,1青山,12時間計,30,-,-
15,渋谷署前,明治通り×玉川通り,R4/11,渋谷,A 原宿,2並木橋,7,47,-,-
15,渋谷署前,明治通り×玉川通り,R4/11,渋谷,A 原宿,2並木橋,8,81,-,-
15,渋谷署前,明治通り×玉川通り,R4/11,渋谷,A 原宿,2並木橋,9,85,-,-
15,渋谷署前,明治通り×玉川通り,R4/11,渋谷,A 原宿,2並木橋,10,89,-,-
15,渋谷署前,明治通り×玉川通り,R4/11,渋谷,A 原宿,2並木橋,11,82,-,-
15,渋谷署前,明治通り×玉川通り,R4/11,渋谷,A 原宿,2並木橋,12,104,-,-
15,渋谷署前,明治通り×玉川通り,R4/11,渋谷,A 原宿,2並木橋,13,108,-,-
15,渋谷署前,明治通り×玉川通り,R4/11,渋谷,A 原宿,2並木橋,14,84,-,-
15,渋谷署前,明治通り×玉川通り,R4/11,渋谷,A 原宿,2並木橋,15,91,-,-
15,渋谷署前,明治通り×玉川通り,R4/11,渋谷,A 原宿,2並木橋,16,128,-,-
15,渋谷署前,明治通り×玉川通り,R4/11,渋谷,A 原宿,2並木橋,17,123,-,-
15,渋谷署前,明治通り×玉川通り,R4/11,渋谷,A 原宿,2並木橋,18,107,-,-
15,渋谷署前,明治通り×玉川通り,R4/11,渋谷,A 原宿,2並木橋,12時間計,1129,-,-
15,渋谷署前,明治通り×玉川通り,R4/11,渋谷,A 原宿,3世田谷,7,0,-,-
15,渋谷署前,明治通り×玉川通り,R4/11,渋谷,A 原宿,3世田谷,8,0,-,-
15,渋谷署前,明治通り×玉川通り,R4/11,渋谷,A 原宿,3世田谷,9,0,-,-
15,渋谷署前,明治通り×玉川通り,R4/11,渋谷,A 原宿,3世田谷,10,0,-,-
15,渋谷署前,明治通り×玉川通り,R4/11,渋谷,A 原宿,3世田谷,11,0,-,-
15,渋谷署前,明治通り×玉川通り,R4/11,渋谷,A 原宿,3世田谷,12,1,-,-
15,渋谷署前,明治通り×玉川通り,R4/11,渋谷,A 原宿,3世田谷,13,1,-,-
15,渋谷署前,明治通り×玉川通り,R4/11,渋谷,A 原宿,3世田谷,14,1,-,-
15,渋谷署前,明治通り×玉川通り,R4/11,渋谷,A 原宿,3世田谷,15,1,-,-
15,渋谷署前,明治通り×玉川通り,R4/11,渋谷,A 原宿,3世田谷,16,2,-,-
15,渋谷署前,明治通り×玉川通り,R4/11,渋谷,A 原宿,3世田谷,17,0,-,-
15,渋谷署前,明治通り×玉川通り,R4/11,渋谷,A 原宿,3世田谷,18,2,-,-
15,渋谷署前,明治通り×玉川通り,R4/11,渋谷,A 原宿,3世田谷,12時間計,8,-,-
15,渋谷署前,明治通り×玉川通り,R4/11,渋谷,A 原宿,流入計,7,48,5,53
15,渋谷署前,明治通り×玉川通り,R4/11,渋谷,A 原宿,流入計,8,86,10,96
15,渋谷署前,明治通り×玉川通り,R4/11,渋谷,A 原宿,流入計,9,86,13,99
15,渋谷署前,明治通り×玉川通り,R4/11,渋谷,A 原宿,流入計,10,93,27,120
15,渋谷署前,明治通り×玉川通り,R4/11,渋谷,A 原宿,流入計,11,83,24,107
15,渋谷署前,明治通り×玉川通り,R4/11,渋谷,A 原宿,流入計,12,105,11,116
15,渋谷署前,明治通り×玉川通り,R4/11,渋谷,A 原宿,流入計,13,113,15,128
15,渋谷署前,明治通り×玉川通り,R4/11,渋谷,A 原宿,流入計,14,87,13,100
15,渋谷署前,明治通り×玉川通り,R4/11,渋谷,A 原宿,流入計,15,94,19,113
15,渋谷署前,明治通り×玉川通り,R4/11,渋谷,A 原宿,流入計,16,132,29,161
15,渋谷署前,明治通り×玉川通り,R4/11,渋谷,A 原宿,流入計,17,130,38,168
15,渋谷署前,明治通り×玉川通り,R4/11,渋谷,A 原宿,流入計,18,110,27,137
15,渋谷署前,明治通り×玉川通り,R4/11,渋谷,A 原宿,流入計,12時間計,1167,231,1398
15,渋谷署前,明治通り×玉川通り,R4/11,渋谷,B 世田谷,4原宿,7,0,-,-
15,渋谷署前,明治通り×玉川通り,R4/11,渋谷,B 世田谷,4原宿,8,1,-,-
15,渋谷署前,明治通り×玉川通り,R4/11,渋谷,B 世田谷,4原宿,9,3,-,-
15,渋谷署前,明治通り×玉川通り,R4/11,渋谷,B 世田谷,4原宿,10,7,-,-
15,渋谷署前,明治通り×玉川通り,R4/11,渋谷,B 世田谷,4原宿,11,8,-,-
15,渋谷署前,明治通り×玉川通り,R4/11,渋谷,B 世田谷,4原宿,12,2,-,-
15,渋谷署前,明治通り×玉川通り,R4/11,渋谷,B 世田谷,4原宿,13,3,-,-
15,渋谷署前,明治通り×玉川通り,R4/11,渋谷,B 世田谷,4原宿,14,0,-,-
15,渋谷署前,明治通り×玉川通り,R4/11,渋谷,B 世田谷,4原宿,15,0,-,-
15,渋谷署前,明治通り×玉川通り,R4/11,渋谷,B 世田谷,4原宿,16,3,-,-
15,渋谷署前,明治通り×玉川通り,R4/11,渋谷,B 世田谷,4原宿,17,5,-,-
15,渋谷署前,明治通り×玉川通り,R4/11,渋谷,B 世田谷,4原宿,18,2,-,-
15,渋谷署前,明治通り×玉川通り,R4/11,渋谷,B 世田谷,4原宿,12時間計,34,-,-
15,渋谷署前,明治通り×玉川通り,R4/11,渋谷,B 世田谷,5青山,7,15,-,-
15,渋谷署前,明治通り×玉川通り,R4/11,渋谷,B 世田谷,5青山,8,31,-,-
15,渋谷署前,明治通り×玉川通り,R4/11,渋谷,B 世田谷,5青山,9,25,-,-
15,渋谷署前,明治通り×玉川通り,R4/11,渋谷,B 世田谷,5青山,10,16,-,-
15,渋谷署前,明治通り×玉川通り,R4/11,渋谷,B 世田谷,5青山,11,25,-,-
15,渋谷署前,明治通り×玉川通り,R4/11,渋谷,B 世田谷,5青山,12,8,-,-
15,渋谷署前,明治通り×玉川通り,R4/11,渋谷,B 世田谷,5青山,13,14,-,-
15,渋谷署前,明治通り×玉川通り,R4/11,渋谷,B 世田谷,5青山,14,11,-,-
15,渋谷署前,明治通り×玉川通り,R4/11,渋谷,B 世田谷,5青山,15,8,-,-
15,渋谷署前,明治通り×玉川通り,R4/11,渋谷,B 世田谷,5青山,16,11,-,-
15,渋谷署前,明治通り×玉川通り,R4/11,渋谷,B 世田谷,5青山,17,7,-,-
15,渋谷署前,明治通り×玉川通り,R4/11,渋谷,B 世田谷,5青山,18,9,-,-
15,渋谷署前,明治通り×玉川通り,R4/11,渋谷,B 世田谷,5青山,12時間計,180,-,-
15,渋谷署前,明治通り×玉川通り,R4/11,渋谷,B 世田谷,6並木橋,7,0,-,-
15,渋谷署前,明治通り×玉川通り,R4/11,渋谷,B 世田谷,6並木橋,8,2,-,-
15,渋谷署前,明治通り×玉川通り,R4/11,渋谷,B 世田谷,6並木橋,9,1,-,-
15,渋谷署前,明治通り×玉川通り,R4/11,渋谷,B 世田谷,6並木橋,10,0,-,-
15,渋谷署前,明治通り×玉川通り,R4/11,渋谷,B 世田谷,6並木橋,11,2,-,-
15,渋谷署前,明治通り×玉川通り,R4/11,渋谷,B 世田谷,6並木橋,12,2,-,-
15,渋谷署前,明治通り×玉川通り,R4/11,渋谷,B 世田谷,6並木橋,13,0,-,-
15,渋谷署前,明治通り×玉川通り,R4/11,渋谷,B 世田谷,6並木橋,14,2,-,-
15,渋谷署前,明治通り×玉川通り,R4/11,渋谷,B 世田谷,6並木橋,15,0,-,-
15,渋谷署前,明治通り×玉川通り,R4/11,渋谷,B 世田谷,6並木橋,16,0,-,-
15,渋谷署前,明治通り×玉川通り,R4/11,渋谷,B 世田谷,6並木橋,17,0,-,-
15,渋谷署前,明治通り×玉川通り,R4/11,渋谷,B 世田谷,6並木橋,18,0,-,-
15,渋谷署前,明治通り×玉川通り,R4/11,渋谷,B 世田谷,6並木橋,12時間計,9,-,-
15,渋谷署前,明治通り×玉川通り,R4/11,渋谷,B 世田谷,流入計,7,15,8,23
15,渋谷署前,明治通り×玉川通り,R4/11,渋谷,B 世田谷,流入計,8,34,8,42
15,渋谷署前,明治通り×玉川通り,R4/11,渋谷,B 世田谷,流入計,9,29,11,40
15,渋谷署前,明治通り×玉川通り,R4/11,渋谷,B 世田谷,流入計,10,23,32,55
15,渋谷署前,明治通り×玉川通り,R4/11,渋谷,B 世田谷,流入計,11,35,45,80
15,渋谷署前,明治通り×玉川通り,R4/11,渋谷,B 世田谷,流入計,12,12,17,29
15,渋谷署前,明治通り×玉川通り,R4/11,渋谷,B 世田谷,流入計,13,17,18,35
15,渋谷署前,明治通り×玉川通り,R4/11,渋谷,B 世田谷,流入計,14,13,21,34
15,渋谷署前,明治通り×玉川通り,R4/11,渋谷,B 世田谷,流入計,15,8,11,19
15,渋谷署前,明治通り×玉川通り,R4/11,渋谷,B 世田谷,流入計,16,14,26,40
15,渋谷署前,明治通り×玉川通り,R4/11,渋谷,B 世田谷,流入計,17,12,14,26
15,渋谷署前,明治通り×玉川通り,R4/11,渋谷,B 世田谷,流入計,18,11,9,20
15,渋谷署前,明治通り×玉川通り,R4/11,渋谷,B 世田谷,流入計,12時間計,223,220,443
15,渋谷署前,明治通り×玉川通り,R4/11,渋谷,C 渋谷駅南口,7世田谷,7,4,-,-
15,渋谷署前,明治通り×玉川通り,R4/11,渋谷,C 渋谷駅南口,7世田谷,8,6,-,-
15,渋谷署前,明治通り×玉川通り,R4/11,渋谷,C 渋谷駅南口,7世田谷,9,0,-,-
15,渋谷署前,明治通り×玉川通り,R4/11,渋谷,C 渋谷駅南口,7世田谷,10,0,-,-
15,渋谷署前,明治通り×玉川通り,R4/11,渋谷,C 渋谷駅南口,7世田谷,11,1,-,-
15,渋谷署前,明治通り×玉川通り,R4/11,渋谷,C 渋谷駅南口,7世田谷,12,5,-,-
15,渋谷署前,明治通り×玉川通り,R4/11,渋谷,C 渋谷駅南口,7世田谷,13,10,-,-
15,渋谷署前,明治通り×玉川通り,R4/11,渋谷,C 渋谷駅南口,7世田谷,14,2,-,-
15,渋谷署前,明治通り×玉川通り,R4/11,渋谷,C 渋谷駅南口,7世田谷,15,2,-,-
15,渋谷署前,明治通り×玉川通り,R4/11,渋谷,C 渋谷駅南口,7世田谷,16,2,-,-
15,渋谷署前,明治通り×玉川通り,R4/11,渋谷,C 渋谷駅南口,7世田谷,17,5,-,-
15,渋谷署前,明治通り×玉川通り,R4/11,渋谷,C 渋谷駅南口,7世田谷,18,4,-,-
15,渋谷署前,明治通り×玉川通り,R4/11,渋谷,C 渋谷駅南口,7世田谷,12時間計,41,-,-
15,渋谷署前,明治通り×玉川通り,R4/11,渋谷,C 渋谷駅南口,流入計,7,4,4,8
15,渋谷署前,明治通り×玉川通り,R4/11,渋谷,C 渋谷駅南口,流入計,8,6,2,8
15,渋谷署前,明治通り×玉川通り,R4/11,渋谷,C 渋谷駅南口,流入計,9,0,1,1
15,渋谷署前,明治通り×玉川通り,R4/11,渋谷,C 渋谷駅南口,流入計,10,0,3,3
15,渋谷署前,明治通り×玉川通り,R4/11,渋谷,C 渋谷駅南口,流入計,11,1,1,2
15,渋谷署前,明治通り×玉川通り,R4/11,渋谷,C 渋谷駅南口,流入計,12,5,1,6
15,渋谷署前,明治通り×玉川通り,R4/11,渋谷,C 渋谷駅南口,流入計,13,10,2,12
15,渋谷署前,明治通り×玉川通り,R4/11,渋谷,C 渋谷駅南口,流入計,14,2,2,4
15,渋谷署前,明治通り×玉川通り,R4/11,渋谷,C 渋谷駅南口,流入計,15,2,2,4
15,渋谷署前,明治通り×玉川通り,R4/11,渋谷,C 渋谷駅南口,流入計,16,2,0,2
15,渋谷署前,明治通り×玉川通り,R4/11,渋谷,C 渋谷駅南口,流入計,17,5,1,6
15,渋谷署前,明治通り×玉川通り,R4/11,渋谷,C 渋谷駅南口,流入計,18,4,2,6
15,渋谷署前,明治通り×玉川通り,R4/11,渋谷,C 渋谷駅南口,流入計,12時間計,41,21,62
15,渋谷署前,明治通り×玉川通り,R4/11,渋谷,D 並木橋,8世田谷,7,7,-,-
15,渋谷署前,明治通り×玉川通り,R4/11,渋谷,D 並木橋,8世田谷,8,0,-,-
15,渋谷署前,明治通り×玉川通り,R4/11,渋谷,D 並木橋,8世田谷,9,12,-,-
15,渋谷署前,明治通り×玉川通り,R4/11,渋谷,D 並木橋,8世田谷,10,1,-,-
15,渋谷署前,明治通り×玉川通り,R4/11,渋谷,D 並木橋,8世田谷,11,4,-,-
15,渋谷署前,明治通り×玉川通り,R4/11,渋谷,D 並木橋,8世田谷,12,2,-,-
15,渋谷署前,明治通り×玉川通り,R4/11,渋谷,D 並木橋,8世田谷,13,8,-,-
15,渋谷署前,明治通り×玉川通り,R4/11,渋谷,D 並木橋,8世田谷,14,16,-,-
15,渋谷署前,明治通り×玉川通り,R4/11,渋谷,D 並木橋,8世田谷,15,8,-,-
15,渋谷署前,明治通り×玉川通り,R4/11,渋谷,D 並木橋,8世田谷,16,5,-,-
15,渋谷署前,明治通り×玉川通り,R4/11,渋谷,D 並木橋,8世田谷,17,5,-,-
15,渋谷署前,明治通り×玉川通り,R4/11,渋谷,D 並木橋,8世田谷,18,7,-,-
15,渋谷署前,明治通り×玉川通り,R4/11,渋谷,D 並木橋,8世田谷,12時間計,75,-,-
15,渋谷署前,明治通り×玉川通り,R4/11,渋谷,D 並木橋,9原宿,7,15,-,-
15,渋谷署前,明治通り×玉川通り,R4/11,渋谷,D 並木橋,9原宿,8,41,-,-
15,渋谷署前,明治通り×玉川通り,R4/11,渋谷,D 並木橋,9原宿,9,76,-,-
15,渋谷署前,明治通り×玉川通り,R4/11,渋谷,D 並木橋,9原宿,10,43,-,-
15,渋谷署前,明治通り×玉川通り,R4/11,渋谷,D 並木橋,9原宿,11,62,-,-
15,渋谷署前,明治通り×玉川通り,R4/11,渋谷,D 並木橋,9原宿,12,58,-,-
15,渋谷署前,明治通り×玉川通り,R4/11,渋谷,D 並木橋,9原宿,13,58,-,-
15,渋谷署前,明治通り×玉川通り,R4/11,渋谷,D 並木橋,9原宿,14,63,-,-
15,渋谷署前,明治通り×玉川通り,R4/11,渋谷,D 並木橋,9原宿,15,46,-,-
15,渋谷署前,明治通り×玉川通り,R4/11,渋谷,D 並木橋,9原宿,16,56,-,-
15,渋谷署前,明治通り×玉川通り,R4/11,渋谷,D 並木橋,9原宿,17,63,-,-
15,渋谷署前,明治通り×玉川通り,R4/11,渋谷,D 並木橋,9原宿,18,86,-,-
15,渋谷署前,明治通り×玉川通り,R4/11,渋谷,D 並木橋,9原宿,12時間計,667,-,-
15,渋谷署前,明治通り×玉川通り,R4/11,渋谷,D 並木橋,10渋谷駅南口,7,0,-,-
15,渋谷署前,明治通り×玉川通り,R4/11,渋谷,D 並木橋,10渋谷駅南口,8,0,-,-
15,渋谷署前,明治通り×玉川通り,R4/11,渋谷,D 並木橋,10渋谷駅南口,9,6,-,-
15,渋谷署前,明治通り×玉川通り,R4/11,渋谷,D 並木橋,10渋谷駅南口,10,2,-,-
15,渋谷署前,明治通り×玉川通り,R4/11,渋谷,D 並木橋,10渋谷駅南口,11,0,-,-
15,渋谷署前,明治通り×玉川通り,R4/11,渋谷,D 並木橋,10渋谷駅南口,12,5,-,-
15,渋谷署前,明治通り×玉川通り,R4/11,渋谷,D 並木橋,10渋谷駅南口,13,1,-,-
15,渋谷署前,明治通り×玉川通り,R4/11,渋谷,D 並木橋,10渋谷駅南口,14,1,-,-
15,渋谷署前,明治通り×玉川通り,R4/11,渋谷,D 並木橋,10渋谷駅南口,15,1,-,-
15,渋谷署前,明治通り×玉川通り,R4/11,渋谷,D 並木橋,10渋谷駅南口,16,1,-,-
15,渋谷署前,明治通り×玉川通り,R4/11,渋谷,D 並木橋,10渋谷駅南口,17,2,-,-
15,渋谷署前,明治通り×玉川通り,R4/11,渋谷,D 並木橋,10渋谷駅南口,18,2,-,-
15,渋谷署前,明治通り×玉川通り,R4/11,渋谷,D 並木橋,10渋谷駅南口,12時間計,21,-,-
15,渋谷署前,明治通り×玉川通り,R4/11,渋谷,D 並木橋,流入計,7,22,21,43
15,渋谷署前,明治通り×玉川通り,R4/11,渋谷,D 並木橋,流入計,8,41,36,77
15,渋谷署前,明治通り×玉川通り,R4/11,渋谷,D 並木橋,流入計,9,94,28,122
15,渋谷署前,明治通り×玉川通り,R4/11,渋谷,D 並木橋,流入計,10,46,32,78
15,渋谷署前,明治通り×玉川通り,R4/11,渋谷,D 並木橋,流入計,11,66,30,96
15,渋谷署前,明治通り×玉川通り,R4/11,渋谷,D 並木橋,流入計,12,65,32,97
15,渋谷署前,明治通り×玉川通り,R4/11,渋谷,D 並木橋,流入計,13,67,36,103
15,渋谷署前,明治通り×玉川通り,R4/11,渋谷,D 並木橋,流入計,14,80,32,112
15,渋谷署前,明治通り×玉川通り,R4/11,渋谷,D 並木橋,流入計,15,55,27,82
15,渋谷署前,明治通り×玉川通り,R4/11,渋谷,D 並木橋,流入計,16,62,28,90
15,渋谷署前,明治通り×玉川通り,R4/11,渋谷,D 並木橋,流入計,17,70,37,107
15,渋谷署前,明治通り×玉川通り,R4/11,渋谷,D 並木橋,流入計,18,95,49,144
15,渋谷署前,明治通り×玉川通り,R4/11,渋谷,D 並木橋,流入計,12時間計,763,388,1151
15,渋谷署前,明治通り×玉川通り,R4/11,渋谷,E 青山,11並木橋,7,0,-,-
15,渋谷署前,明治通り×玉川通り,R4/11,渋谷,E 青山,11並木橋,8,0,-,-
15,渋谷署前,明治通り×玉川通り,R4/11,渋谷,E 青山,11並木橋,9,0,-,-
15,渋谷署前,明治通り×玉川通り,R4/11,渋谷,E 青山,11並木橋,10,0,-,-
15,渋谷署前,明治通り×玉川通り,R4/11,渋谷,E 青山,11並木橋,11,4,-,-
15,渋谷署前,明治通り×玉川通り,R4/11,渋谷,E 青山,11並木橋,12,3,-,-
15,渋谷署前,明治通り×玉川通り,R4/11,渋谷,E 青山,11並木橋,13,4,-,-
15,渋谷署前,明治通り×玉川通り,R4/11,渋谷,E 青山,11並木橋,14,1,-,-
15,渋谷署前,明治通り×玉川通り,R4/11,渋谷,E 青山,11並木橋,15,2,-,-
15,渋谷署前,明治通り×玉川通り,R4/11,渋谷,E 青山,11並木橋,16,3,-,-
15,渋谷署前,明治通り×玉川通り,R4/11,渋谷,E 青山,11並木橋,17,3,-,-
15,渋谷署前,明治通り×玉川通り,R4/11,渋谷,E 青山,11並木橋,18,2,-,-
15,渋谷署前,明治通り×玉川通り,R4/11,渋谷,E 青山,11並木橋,12時間計,22,-,-
15,渋谷署前,明治通り×玉川通り,R4/11,渋谷,E 青山,12世田谷,7,7,-,-
15,渋谷署前,明治通り×玉川通り,R4/11,渋谷,E 青山,12世田谷,8,20,-,-
15,渋谷署前,明治通り×玉川通り,R4/11,渋谷,E 青山,12世田谷,9,24,-,-
15,渋谷署前,明治通り×玉川通り,R4/11,渋谷,E 青山,12世田谷,10,20,-,-
15,渋谷署前,明治通り×玉川通り,R4/11,渋谷,E 青山,12世田谷,11,15,-,-
15,渋谷署前,明治通り×玉川通り,R4/11,渋谷,E 青山,12世田谷,12,28,-,-
15,渋谷署前,明治通り×玉川通り,R4/11,渋谷,E 青山,12世田谷,13,21,-,-
15,渋谷署前,明治通り×玉川通り,R4/11,渋谷,E 青山,12世田谷,14,30,-,-
15,渋谷署前,明治通り×玉川通り,R4/11,渋谷,E 青山,12世田谷,15,31,-,-
15,渋谷署前,明治通り×玉川通り,R4/11,渋谷,E 青山,12世田谷,16,33,-,-
15,渋谷署前,明治通り×玉川通り,R4/11,渋谷,E 青山,12世田谷,17,34,-,-
15,渋谷署前,明治通り×玉川通り,R4/11,渋谷,E 青山,12世田谷,18,68,-,-
15,渋谷署前,明治通り×玉川通り,R4/11,渋谷,E 青山,12世田谷,12時間計,331,-,-
15,渋谷署前,明治通り×玉川通り,R4/11,渋谷,E 青山,13原宿,7,0,-,-
15,渋谷署前,明治通り×玉川通り,R4/11,渋谷,E 青山,13原宿,8,1,-,-
15,渋谷署前,明治通り×玉川通り,R4/11,渋谷,E 青山,13原宿,9,0,-,-
15,渋谷署前,明治通り×玉川通り,R4/11,渋谷,E 青山,13原宿,10,2,-,-
15,渋谷署前,明治通り×玉川通り,R4/11,渋谷,E 青山,13原宿,11,1,-,-
15,渋谷署前,明治通り×玉川通り,R4/11,渋谷,E 青山,13原宿,12,1,-,-
15,渋谷署前,明治通り×玉川通り,R4/11,渋谷,E 青山,13原宿,13,1,-,-
15,渋谷署前,明治通り×玉川通り,R4/11,渋谷,E 青山,13原宿,14,0,-,-
15,渋谷署前,明治通り×玉川通り,R4/11,渋谷,E 青山,13原宿,15,5,-,-
15,渋谷署前,明治通り×玉川通り,R4/11,渋谷,E 青山,13原宿,16,1,-,-
15,渋谷署前,明治通り×玉川通り,R4/11,渋谷,E 青山,13原宿,17,6,-,-
15,渋谷署前,明治通り×玉川通り,R4/11,渋谷,E 青山,13原宿,18,0,-,-
15,渋谷署前,明治通り×玉川通り,R4/11,渋谷,E 青山,13原宿,12時間計,18,-,-
15,渋谷署前,明治通り×玉川通り,R4/11,渋谷,E 青山,流入計,7,7,3,10
15,渋谷署前,明治通り×玉川通り,R4/11,渋谷,E 青山,流入計,8,21,5,26
15,渋谷署前,明治通り×玉川通り,R4/11,渋谷,E 青山,流入計,9,24,30,54
15,渋谷署前,明治通り×玉川通り,R4/11,渋谷,E 青山,流入計,10,22,8,30
15,渋谷署前,明治通り×玉川通り,R4/11,渋谷,E 青山,流入計,11,20,8,28
15,渋谷署前,明治通り×玉川通り,R4/11,渋谷,E 青山,流入計,12,32,6,38
15,渋谷署前,明治通り×玉川通り,R4/11,渋谷,E 青山,流入計,13,26,5,31
15,渋谷署前,明治通り×玉川通り,R4/11,渋谷,E 青山,流入計,14,31,4,35
15,渋谷署前,明治通り×玉川通り,R4/11,渋谷,E 青山,流入計,15,38,6,44
15,渋谷署前,明治通り×玉川通り,R4/11,渋谷,E 青山,流入計,16,37,15,52
15,渋谷署前,明治通り×玉川通り,R4/11,渋谷,E 青山,流入計,17,43,5,48
15,渋谷署前,明治通り×玉川通り,R4/11,渋谷,E 青山,流入計,18,70,2,72
15,渋谷署前,明治通り×玉川通り,R4/11,渋谷,E 青山,流入計,12時間計,371,97,468
15,渋谷署前,明治通り×玉川通り,R4/11,渋谷,全方向計,全方向計,7,96,41,137
15,渋谷署前,明治通り×玉川通り,R4/11,渋谷,全方向計,全方向計,8,188,61,249
15,渋谷署前,明治通り×玉川通り,R4/11,渋谷,全方向計,全方向計,9,233,83,316
15,渋谷署前,明治通り×玉川通り,R4/11,渋谷,全方向計,全方向計,10,184,102,286
15,渋谷署前,明治通り×玉川通り,R4/11,渋谷,全方向計,全方向計,11,205,108,313
15,渋谷署前,明治通り×玉川通り,R4/11,渋谷,全方向計,全方向計,12,219,67,286
15,渋谷署前,明治通り×玉川通り,R4/11,渋谷,全方向計,全方向計,13,233,76,309
15,渋谷署前,明治通り×玉川通り,R4/11,渋谷,全方向計,全方向計,14,213,72,285
15,渋谷署前,明治通り×玉川通り,R4/11,渋谷,全方向計,全方向計,15,197,65,262
15,渋谷署前,明治通り×玉川通り,R4/11,渋谷,全方向計,全方向計,16,247,98,345
15,渋谷署前,明治通り×玉川通り,R4/11,渋谷,全方向計,全方向計,17,260,95,355
15,渋谷署前,明治通り×玉川通り,R4/11,渋谷,全方向計,全方向計,18,290,89,379
15,渋谷署前,明治通り×玉川通り,R4/11,渋谷,全方向計,全方向計,12時間計,2565,957,3522
