﻿地点番号,地点名,交差道路名,調査年月,管轄警察署,流出方向,時間帯等,大型乗用,大型貨物,普通乗用,普通貨物,四輪計,二輪車
9,岩本町,昭和通り×靖国通り,R4/11,万世橋,A 上野,7,4,114,417,245,780,53
9,岩本町,昭和通り×靖国通り,R4/11,万世橋,A 上野,8,4,111,536,434,1085,63
9,岩本町,昭和通り×靖国通り,R4/11,万世橋,A 上野,9,6,46,506,447,1005,74
9,岩本町,昭和通り×靖国通り,R4/11,万世橋,A 上野,10,5,24,538,532,1099,85
9,岩本町,昭和通り×靖国通り,R4/11,万世橋,A 上野,11,3,34,586,542,1165,59
9,岩本町,昭和通り×靖国通り,R4/11,万世橋,A 上野,12,1,35,644,453,1133,60
9,岩本町,昭和通り×靖国通り,R4/11,万世橋,A 上野,13,2,25,601,469,1097,88
9,岩本町,昭和通り×靖国通り,R4/11,万世橋,A 上野,14,2,30,581,413,1026,48
9,岩本町,昭和通り×靖国通り,R4/11,万世橋,A 上野,15,0,35,770,545,1350,122
9,岩本町,昭和通り×靖国通り,R4/11,万世橋,A 上野,16,4,47,695,421,1167,107
9,岩本町,昭和通り×靖国通り,R4/11,万世橋,A 上野,17,5,31,756,403,1195,124
9,岩本町,昭和通り×靖国通り,R4/11,万世橋,A 上野,18,3,47,796,323,1169,125
9,岩本町,昭和通り×靖国通り,R4/11,万世橋,A 上野,12時間計,39,579,7426,5227,13271,1008
9,岩本町,昭和通り×靖国通り,R4/11,万世橋,B 九段,7,3,35,867,472,1377,101
9,岩本町,昭和通り×靖国通り,R4/11,万世橋,B 九段,8,5,25,815,591,1436,91
9,岩本町,昭和通り×靖国通り,R4/11,万世橋,B 九段,9,4,42,872,543,1461,99
9,岩本町,昭和通り×靖国通り,R4/11,万世橋,B 九段,10,4,21,797,558,1380,71
9,岩本町,昭和通り×靖国通り,R4/11,万世橋,B 九段,11,1,23,655,516,1195,82
9,岩本町,昭和通り×靖国通り,R4/11,万世橋,B 九段,12,1,23,689,420,1133,83
9,岩本町,昭和通り×靖国通り,R4/11,万世橋,B 九段,13,2,9,695,552,1258,59
9,岩本町,昭和通り×靖国通り,R4/11,万世橋,B 九段,14,1,14,729,470,1214,85
9,岩本町,昭和通り×靖国通り,R4/11,万世橋,B 九段,15,5,6,841,479,1331,65
9,岩本町,昭和通り×靖国通り,R4/11,万世橋,B 九段,16,1,6,875,454,1336,72
9,岩本町,昭和通り×靖国通り,R4/11,万世橋,B 九段,17,0,2,932,478,1412,81
9,岩本町,昭和通り×靖国通り,R4/11,万世橋,B 九段,18,0,11,851,287,1149,70
9,岩本町,昭和通り×靖国通り,R4/11,万世橋,B 九段,12時間計,27,217,9618,5820,15682,959
9,岩本町,昭和通り×靖国通り,R4/11,万世橋,C 江戸橋,7,7,51,561,485,1104,184
9,岩本町,昭和通り×靖国通り,R4/11,万世橋,C 江戸橋,8,6,33,602,477,1118,138
9,岩本町,昭和通り×靖国通り,R4/11,万世橋,C 江戸橋,9,8,39,493,505,1045,102
9,岩本町,昭和通り×靖国通り,R4/11,万世橋,C 江戸橋,10,3,54,672,540,1269,83
9,岩本町,昭和通り×靖国通り,R4/11,万世橋,C 江戸橋,11,5,69,614,494,1182,60
9,岩本町,昭和通り×靖国通り,R4/11,万世橋,C 江戸橋,12,4,58,572,410,1044,67
9,岩本町,昭和通り×靖国通り,R4/11,万世橋,C 江戸橋,13,0,56,638,489,1183,71
9,岩本町,昭和通り×靖国通り,R4/11,万世橋,C 江戸橋,14,1,33,712,391,1137,65
9,岩本町,昭和通り×靖国通り,R4/11,万世橋,C 江戸橋,15,2,26,717,385,1130,74
9,岩本町,昭和通り×靖国通り,R4/11,万世橋,C 江戸橋,16,4,23,824,449,1300,72
9,岩本町,昭和通り×靖国通り,R4/11,万世橋,C 江戸橋,17,2,24,754,302,1082,57
9,岩本町,昭和通り×靖国通り,R4/11,万世橋,C 江戸橋,18,0,28,709,246,983,54
9,岩本町,昭和通り×靖国通り,R4/11,万世橋,C 江戸橋,12時間計,42,494,7868,5173,13577,1027
9,岩本町,昭和通り×靖国通り,R4/11,万世橋,D 両国,7,4,11,448,443,906,79
9,岩本町,昭和通り×靖国通り,R4/11,万世橋,D 両国,8,5,11,572,469,1057,39
9,岩本町,昭和通り×靖国通り,R4/11,万世橋,D 両国,9,1,13,555,480,1049,59
9,岩本町,昭和通り×靖国通り,R4/11,万世橋,D 両国,10,3,31,657,522,1213,52
9,岩本町,昭和通り×靖国通り,R4/11,万世橋,D 両国,11,5,33,626,533,1197,59
9,岩本町,昭和通り×靖国通り,R4/11,万世橋,D 両国,12,6,23,591,437,1057,57
9,岩本町,昭和通り×靖国通り,R4/11,万世橋,D 両国,13,2,18,576,484,1080,35
9,岩本町,昭和通り×靖国通り,R4/11,万世橋,D 両国,14,0,21,661,440,1122,72
9,岩本町,昭和通り×靖国通り,R4/11,万世橋,D 両国,15,1,22,758,511,1292,71
9,岩本町,昭和通り×靖国通り,R4/11,万世橋,D 両国,16,7,18,728,505,1258,72
9,岩本町,昭和通り×靖国通り,R4/11,万世橋,D 両国,17,4,14,747,481,1246,134
9,岩本町,昭和通り×靖国通り,R4/11,万世橋,D 両国,18,5,6,673,370,1054,56
9,岩本町,昭和通り×靖国通り,R4/11,万世橋,D 両国,12時間計,43,221,7592,5675,13531,785
9,岩本町,昭和通り×靖国通り,R4/11,万世橋,全方向合計,7,18,211,2293,1645,4167,417
9,岩本町,昭和通り×靖国通り,R4/11,万世橋,全方向合計,8,20,180,2525,1971,4696,331
9,岩本町,昭和通り×靖国通り,R4/11,万世橋,全方向合計,9,19,140,2426,1975,4560,334
9,岩本町,昭和通り×靖国通り,R4/11,万世橋,全方向合計,10,15,130,2664,2152,4961,291
9,岩本町,昭和通り×靖国通り,R4/11,万世橋,全方向合計,11,14,159,2481,2085,4739,260
9,岩本町,昭和通り×靖国通り,R4/11,万世橋,全方向合計,12,12,139,2496,1720,4367,267
9,岩本町,昭和通り×靖国通り,R4/11,万世橋,全方向合計,13,6,108,2510,1994,4618,253
9,岩本町,昭和通り×靖国通り,R4/11,万世橋,全方向合計,14,4,98,2683,1714,4499,270
9,岩本町,昭和通り×靖国通り,R4/11,万世橋,全方向合計,15,8,89,3086,1920,5103,332
9,岩本町,昭和通り×靖国通り,R4/11,万世橋,全方向合計,16,16,94,3122,1829,5061,323
9,岩本町,昭和通り×靖国通り,R4/11,万世橋,全方向合計,17,11,71,3189,1664,4935,396
9,岩本町,昭和通り×靖国通り,R4/11,万世橋,全方向合計,18,8,92,3029,1226,4355,305
9,岩本町,昭和通り×靖国通り,R4/11,万世橋,全方向合計,12時間計,151,1511,32504,21895,56061,3779
