﻿地点番号,地点名,交差道路名,調査年月,管轄警察署,流入方向,流出方向,時間帯等,車道通行自転車,歩道通行自転車,自転車計
332-2,（東名入口）,八王子街道×厚木大山街道,R4/10,町田,B 鵜野森,4市ヶ尾,7,0,-,-
332-2,（東名入口）,八王子街道×厚木大山街道,R4/10,町田,B 鵜野森,4市ヶ尾,8,0,-,-
332-2,（東名入口）,八王子街道×厚木大山街道,R4/10,町田,B 鵜野森,4市ヶ尾,9,0,-,-
332-2,（東名入口）,八王子街道×厚木大山街道,R4/10,町田,B 鵜野森,4市ヶ尾,10,0,-,-
332-2,（東名入口）,八王子街道×厚木大山街道,R4/10,町田,B 鵜野森,4市ヶ尾,11,0,-,-
332-2,（東名入口）,八王子街道×厚木大山街道,R4/10,町田,B 鵜野森,4市ヶ尾,12,0,-,-
332-2,（東名入口）,八王子街道×厚木大山街道,R4/10,町田,B 鵜野森,4市ヶ尾,13,0,-,-
332-2,（東名入口）,八王子街道×厚木大山街道,R4/10,町田,B 鵜野森,4市ヶ尾,14,0,-,-
332-2,（東名入口）,八王子街道×厚木大山街道,R4/10,町田,B 鵜野森,4市ヶ尾,15,0,-,-
332-2,（東名入口）,八王子街道×厚木大山街道,R4/10,町田,B 鵜野森,4市ヶ尾,16,0,-,-
332-2,（東名入口）,八王子街道×厚木大山街道,R4/10,町田,B 鵜野森,4市ヶ尾,17,0,-,-
332-2,（東名入口）,八王子街道×厚木大山街道,R4/10,町田,B 鵜野森,4市ヶ尾,18,0,-,-
332-2,（東名入口）,八王子街道×厚木大山街道,R4/10,町田,B 鵜野森,4市ヶ尾,12時間計,0,-,-
332-2,（東名入口）,八王子街道×厚木大山街道,R4/10,町田,B 鵜野森,5横浜町田ＩＣ,7,1,-,-
332-2,（東名入口）,八王子街道×厚木大山街道,R4/10,町田,B 鵜野森,5横浜町田ＩＣ,8,1,-,-
332-2,（東名入口）,八王子街道×厚木大山街道,R4/10,町田,B 鵜野森,5横浜町田ＩＣ,9,0,-,-
332-2,（東名入口）,八王子街道×厚木大山街道,R4/10,町田,B 鵜野森,5横浜町田ＩＣ,10,0,-,-
332-2,（東名入口）,八王子街道×厚木大山街道,R4/10,町田,B 鵜野森,5横浜町田ＩＣ,11,1,-,-
332-2,（東名入口）,八王子街道×厚木大山街道,R4/10,町田,B 鵜野森,5横浜町田ＩＣ,12,0,-,-
332-2,（東名入口）,八王子街道×厚木大山街道,R4/10,町田,B 鵜野森,5横浜町田ＩＣ,13,0,-,-
332-2,（東名入口）,八王子街道×厚木大山街道,R4/10,町田,B 鵜野森,5横浜町田ＩＣ,14,0,-,-
332-2,（東名入口）,八王子街道×厚木大山街道,R4/10,町田,B 鵜野森,5横浜町田ＩＣ,15,0,-,-
332-2,（東名入口）,八王子街道×厚木大山街道,R4/10,町田,B 鵜野森,5横浜町田ＩＣ,16,0,-,-
332-2,（東名入口）,八王子街道×厚木大山街道,R4/10,町田,B 鵜野森,5横浜町田ＩＣ,17,1,-,-
332-2,（東名入口）,八王子街道×厚木大山街道,R4/10,町田,B 鵜野森,5横浜町田ＩＣ,18,1,-,-
332-2,（東名入口）,八王子街道×厚木大山街道,R4/10,町田,B 鵜野森,5横浜町田ＩＣ,12時間計,5,-,-
332-2,（東名入口）,八王子街道×厚木大山街道,R4/10,町田,B 鵜野森,6厚木,7,0,-,-
332-2,（東名入口）,八王子街道×厚木大山街道,R4/10,町田,B 鵜野森,6厚木,8,0,-,-
332-2,（東名入口）,八王子街道×厚木大山街道,R4/10,町田,B 鵜野森,6厚木,9,0,-,-
332-2,（東名入口）,八王子街道×厚木大山街道,R4/10,町田,B 鵜野森,6厚木,10,0,-,-
332-2,（東名入口）,八王子街道×厚木大山街道,R4/10,町田,B 鵜野森,6厚木,11,0,-,-
332-2,（東名入口）,八王子街道×厚木大山街道,R4/10,町田,B 鵜野森,6厚木,12,0,-,-
332-2,（東名入口）,八王子街道×厚木大山街道,R4/10,町田,B 鵜野森,6厚木,13,0,-,-
332-2,（東名入口）,八王子街道×厚木大山街道,R4/10,町田,B 鵜野森,6厚木,14,0,-,-
332-2,（東名入口）,八王子街道×厚木大山街道,R4/10,町田,B 鵜野森,6厚木,15,0,-,-
332-2,（東名入口）,八王子街道×厚木大山街道,R4/10,町田,B 鵜野森,6厚木,16,0,-,-
332-2,（東名入口）,八王子街道×厚木大山街道,R4/10,町田,B 鵜野森,6厚木,17,0,-,-
332-2,（東名入口）,八王子街道×厚木大山街道,R4/10,町田,B 鵜野森,6厚木,18,0,-,-
332-2,（東名入口）,八王子街道×厚木大山街道,R4/10,町田,B 鵜野森,6厚木,12時間計,0,-,-
332-2,（東名入口）,八王子街道×厚木大山街道,R4/10,町田,B 鵜野森,流入計,7,1,6,7
332-2,（東名入口）,八王子街道×厚木大山街道,R4/10,町田,B 鵜野森,流入計,8,1,17,18
332-2,（東名入口）,八王子街道×厚木大山街道,R4/10,町田,B 鵜野森,流入計,9,0,12,12
332-2,（東名入口）,八王子街道×厚木大山街道,R4/10,町田,B 鵜野森,流入計,10,0,8,8
332-2,（東名入口）,八王子街道×厚木大山街道,R4/10,町田,B 鵜野森,流入計,11,1,7,8
332-2,（東名入口）,八王子街道×厚木大山街道,R4/10,町田,B 鵜野森,流入計,12,0,17,17
332-2,（東名入口）,八王子街道×厚木大山街道,R4/10,町田,B 鵜野森,流入計,13,0,7,7
332-2,（東名入口）,八王子街道×厚木大山街道,R4/10,町田,B 鵜野森,流入計,14,0,10,10
332-2,（東名入口）,八王子街道×厚木大山街道,R4/10,町田,B 鵜野森,流入計,15,0,20,20
332-2,（東名入口）,八王子街道×厚木大山街道,R4/10,町田,B 鵜野森,流入計,16,0,17,17
332-2,（東名入口）,八王子街道×厚木大山街道,R4/10,町田,B 鵜野森,流入計,17,1,35,36
332-2,（東名入口）,八王子街道×厚木大山街道,R4/10,町田,B 鵜野森,流入計,18,1,40,41
332-2,（東名入口）,八王子街道×厚木大山街道,R4/10,町田,B 鵜野森,流入計,12時間計,5,196,201
332-2,（東名入口）,八王子街道×厚木大山街道,R4/10,町田,D 横浜町田ＩＣ,10厚木,7,0,-,-
332-2,（東名入口）,八王子街道×厚木大山街道,R4/10,町田,D 横浜町田ＩＣ,10厚木,8,0,-,-
332-2,（東名入口）,八王子街道×厚木大山街道,R4/10,町田,D 横浜町田ＩＣ,10厚木,9,0,-,-
332-2,（東名入口）,八王子街道×厚木大山街道,R4/10,町田,D 横浜町田ＩＣ,10厚木,10,0,-,-
332-2,（東名入口）,八王子街道×厚木大山街道,R4/10,町田,D 横浜町田ＩＣ,10厚木,11,0,-,-
332-2,（東名入口）,八王子街道×厚木大山街道,R4/10,町田,D 横浜町田ＩＣ,10厚木,12,0,-,-
332-2,（東名入口）,八王子街道×厚木大山街道,R4/10,町田,D 横浜町田ＩＣ,10厚木,13,0,-,-
332-2,（東名入口）,八王子街道×厚木大山街道,R4/10,町田,D 横浜町田ＩＣ,10厚木,14,0,-,-
332-2,（東名入口）,八王子街道×厚木大山街道,R4/10,町田,D 横浜町田ＩＣ,10厚木,15,0,-,-
332-2,（東名入口）,八王子街道×厚木大山街道,R4/10,町田,D 横浜町田ＩＣ,10厚木,16,0,-,-
332-2,（東名入口）,八王子街道×厚木大山街道,R4/10,町田,D 横浜町田ＩＣ,10厚木,17,0,-,-
332-2,（東名入口）,八王子街道×厚木大山街道,R4/10,町田,D 横浜町田ＩＣ,10厚木,18,0,-,-
332-2,（東名入口）,八王子街道×厚木大山街道,R4/10,町田,D 横浜町田ＩＣ,10厚木,12時間計,0,-,-
332-2,（東名入口）,八王子街道×厚木大山街道,R4/10,町田,D 横浜町田ＩＣ,11鵜野森,7,1,-,-
332-2,（東名入口）,八王子街道×厚木大山街道,R4/10,町田,D 横浜町田ＩＣ,11鵜野森,8,0,-,-
332-2,（東名入口）,八王子街道×厚木大山街道,R4/10,町田,D 横浜町田ＩＣ,11鵜野森,9,0,-,-
332-2,（東名入口）,八王子街道×厚木大山街道,R4/10,町田,D 横浜町田ＩＣ,11鵜野森,10,0,-,-
332-2,（東名入口）,八王子街道×厚木大山街道,R4/10,町田,D 横浜町田ＩＣ,11鵜野森,11,0,-,-
332-2,（東名入口）,八王子街道×厚木大山街道,R4/10,町田,D 横浜町田ＩＣ,11鵜野森,12,0,-,-
332-2,（東名入口）,八王子街道×厚木大山街道,R4/10,町田,D 横浜町田ＩＣ,11鵜野森,13,1,-,-
332-2,（東名入口）,八王子街道×厚木大山街道,R4/10,町田,D 横浜町田ＩＣ,11鵜野森,14,1,-,-
332-2,（東名入口）,八王子街道×厚木大山街道,R4/10,町田,D 横浜町田ＩＣ,11鵜野森,15,0,-,-
332-2,（東名入口）,八王子街道×厚木大山街道,R4/10,町田,D 横浜町田ＩＣ,11鵜野森,16,0,-,-
332-2,（東名入口）,八王子街道×厚木大山街道,R4/10,町田,D 横浜町田ＩＣ,11鵜野森,17,0,-,-
332-2,（東名入口）,八王子街道×厚木大山街道,R4/10,町田,D 横浜町田ＩＣ,11鵜野森,18,0,-,-
332-2,（東名入口）,八王子街道×厚木大山街道,R4/10,町田,D 横浜町田ＩＣ,11鵜野森,12時間計,3,-,-
332-2,（東名入口）,八王子街道×厚木大山街道,R4/10,町田,D 横浜町田ＩＣ,12市ヶ尾,7,0,-,-
332-2,（東名入口）,八王子街道×厚木大山街道,R4/10,町田,D 横浜町田ＩＣ,12市ヶ尾,8,0,-,-
332-2,（東名入口）,八王子街道×厚木大山街道,R4/10,町田,D 横浜町田ＩＣ,12市ヶ尾,9,0,-,-
332-2,（東名入口）,八王子街道×厚木大山街道,R4/10,町田,D 横浜町田ＩＣ,12市ヶ尾,10,0,-,-
332-2,（東名入口）,八王子街道×厚木大山街道,R4/10,町田,D 横浜町田ＩＣ,12市ヶ尾,11,0,-,-
332-2,（東名入口）,八王子街道×厚木大山街道,R4/10,町田,D 横浜町田ＩＣ,12市ヶ尾,12,0,-,-
332-2,（東名入口）,八王子街道×厚木大山街道,R4/10,町田,D 横浜町田ＩＣ,12市ヶ尾,13,0,-,-
332-2,（東名入口）,八王子街道×厚木大山街道,R4/10,町田,D 横浜町田ＩＣ,12市ヶ尾,14,0,-,-
332-2,（東名入口）,八王子街道×厚木大山街道,R4/10,町田,D 横浜町田ＩＣ,12市ヶ尾,15,0,-,-
332-2,（東名入口）,八王子街道×厚木大山街道,R4/10,町田,D 横浜町田ＩＣ,12市ヶ尾,16,0,-,-
332-2,（東名入口）,八王子街道×厚木大山街道,R4/10,町田,D 横浜町田ＩＣ,12市ヶ尾,17,0,-,-
332-2,（東名入口）,八王子街道×厚木大山街道,R4/10,町田,D 横浜町田ＩＣ,12市ヶ尾,18,0,-,-
332-2,（東名入口）,八王子街道×厚木大山街道,R4/10,町田,D 横浜町田ＩＣ,12市ヶ尾,12時間計,0,-,-
332-2,（東名入口）,八王子街道×厚木大山街道,R4/10,町田,D 横浜町田ＩＣ,流入計,7,1,7,8
332-2,（東名入口）,八王子街道×厚木大山街道,R4/10,町田,D 横浜町田ＩＣ,流入計,8,0,2,2
332-2,（東名入口）,八王子街道×厚木大山街道,R4/10,町田,D 横浜町田ＩＣ,流入計,9,0,13,13
332-2,（東名入口）,八王子街道×厚木大山街道,R4/10,町田,D 横浜町田ＩＣ,流入計,10,0,16,16
332-2,（東名入口）,八王子街道×厚木大山街道,R4/10,町田,D 横浜町田ＩＣ,流入計,11,0,8,8
332-2,（東名入口）,八王子街道×厚木大山街道,R4/10,町田,D 横浜町田ＩＣ,流入計,12,0,11,11
332-2,（東名入口）,八王子街道×厚木大山街道,R4/10,町田,D 横浜町田ＩＣ,流入計,13,1,5,6
332-2,（東名入口）,八王子街道×厚木大山街道,R4/10,町田,D 横浜町田ＩＣ,流入計,14,1,6,7
332-2,（東名入口）,八王子街道×厚木大山街道,R4/10,町田,D 横浜町田ＩＣ,流入計,15,0,11,11
332-2,（東名入口）,八王子街道×厚木大山街道,R4/10,町田,D 横浜町田ＩＣ,流入計,16,0,20,20
332-2,（東名入口）,八王子街道×厚木大山街道,R4/10,町田,D 横浜町田ＩＣ,流入計,17,0,17,17
332-2,（東名入口）,八王子街道×厚木大山街道,R4/10,町田,D 横浜町田ＩＣ,流入計,18,0,33,33
332-2,（東名入口）,八王子街道×厚木大山街道,R4/10,町田,D 横浜町田ＩＣ,流入計,12時間計,3,149,152
332-2,（東名入口）,八王子街道×厚木大山街道,R4/10,町田,E 市ヶ尾,1横浜町田ＩＣ,7,0,-,-
332-2,（東名入口）,八王子街道×厚木大山街道,R4/10,町田,E 市ヶ尾,1横浜町田ＩＣ,8,0,-,-
332-2,（東名入口）,八王子街道×厚木大山街道,R4/10,町田,E 市ヶ尾,1横浜町田ＩＣ,9,0,-,-
332-2,（東名入口）,八王子街道×厚木大山街道,R4/10,町田,E 市ヶ尾,1横浜町田ＩＣ,10,0,-,-
332-2,（東名入口）,八王子街道×厚木大山街道,R4/10,町田,E 市ヶ尾,1横浜町田ＩＣ,11,0,-,-
332-2,（東名入口）,八王子街道×厚木大山街道,R4/10,町田,E 市ヶ尾,1横浜町田ＩＣ,12,0,-,-
332-2,（東名入口）,八王子街道×厚木大山街道,R4/10,町田,E 市ヶ尾,1横浜町田ＩＣ,13,0,-,-
332-2,（東名入口）,八王子街道×厚木大山街道,R4/10,町田,E 市ヶ尾,1横浜町田ＩＣ,14,0,-,-
332-2,（東名入口）,八王子街道×厚木大山街道,R4/10,町田,E 市ヶ尾,1横浜町田ＩＣ,15,0,-,-
332-2,（東名入口）,八王子街道×厚木大山街道,R4/10,町田,E 市ヶ尾,1横浜町田ＩＣ,16,0,-,-
332-2,（東名入口）,八王子街道×厚木大山街道,R4/10,町田,E 市ヶ尾,1横浜町田ＩＣ,17,0,-,-
332-2,（東名入口）,八王子街道×厚木大山街道,R4/10,町田,E 市ヶ尾,1横浜町田ＩＣ,18,0,-,-
332-2,（東名入口）,八王子街道×厚木大山街道,R4/10,町田,E 市ヶ尾,1横浜町田ＩＣ,12時間計,0,-,-
332-2,（東名入口）,八王子街道×厚木大山街道,R4/10,町田,E 市ヶ尾,2厚木,7,0,-,-
332-2,（東名入口）,八王子街道×厚木大山街道,R4/10,町田,E 市ヶ尾,2厚木,8,0,-,-
332-2,（東名入口）,八王子街道×厚木大山街道,R4/10,町田,E 市ヶ尾,2厚木,9,0,-,-
332-2,（東名入口）,八王子街道×厚木大山街道,R4/10,町田,E 市ヶ尾,2厚木,10,2,-,-
332-2,（東名入口）,八王子街道×厚木大山街道,R4/10,町田,E 市ヶ尾,2厚木,11,0,-,-
332-2,（東名入口）,八王子街道×厚木大山街道,R4/10,町田,E 市ヶ尾,2厚木,12,0,-,-
332-2,（東名入口）,八王子街道×厚木大山街道,R4/10,町田,E 市ヶ尾,2厚木,13,0,-,-
332-2,（東名入口）,八王子街道×厚木大山街道,R4/10,町田,E 市ヶ尾,2厚木,14,1,-,-
332-2,（東名入口）,八王子街道×厚木大山街道,R4/10,町田,E 市ヶ尾,2厚木,15,0,-,-
332-2,（東名入口）,八王子街道×厚木大山街道,R4/10,町田,E 市ヶ尾,2厚木,16,0,-,-
332-2,（東名入口）,八王子街道×厚木大山街道,R4/10,町田,E 市ヶ尾,2厚木,17,0,-,-
332-2,（東名入口）,八王子街道×厚木大山街道,R4/10,町田,E 市ヶ尾,2厚木,18,1,-,-
332-2,（東名入口）,八王子街道×厚木大山街道,R4/10,町田,E 市ヶ尾,2厚木,12時間計,4,-,-
332-2,（東名入口）,八王子街道×厚木大山街道,R4/10,町田,E 市ヶ尾,3鵜野森,7,0,-,-
332-2,（東名入口）,八王子街道×厚木大山街道,R4/10,町田,E 市ヶ尾,3鵜野森,8,0,-,-
332-2,（東名入口）,八王子街道×厚木大山街道,R4/10,町田,E 市ヶ尾,3鵜野森,9,0,-,-
332-2,（東名入口）,八王子街道×厚木大山街道,R4/10,町田,E 市ヶ尾,3鵜野森,10,0,-,-
332-2,（東名入口）,八王子街道×厚木大山街道,R4/10,町田,E 市ヶ尾,3鵜野森,11,0,-,-
332-2,（東名入口）,八王子街道×厚木大山街道,R4/10,町田,E 市ヶ尾,3鵜野森,12,0,-,-
332-2,（東名入口）,八王子街道×厚木大山街道,R4/10,町田,E 市ヶ尾,3鵜野森,13,0,-,-
332-2,（東名入口）,八王子街道×厚木大山街道,R4/10,町田,E 市ヶ尾,3鵜野森,14,0,-,-
332-2,（東名入口）,八王子街道×厚木大山街道,R4/10,町田,E 市ヶ尾,3鵜野森,15,0,-,-
332-2,（東名入口）,八王子街道×厚木大山街道,R4/10,町田,E 市ヶ尾,3鵜野森,16,0,-,-
332-2,（東名入口）,八王子街道×厚木大山街道,R4/10,町田,E 市ヶ尾,3鵜野森,17,0,-,-
332-2,（東名入口）,八王子街道×厚木大山街道,R4/10,町田,E 市ヶ尾,3鵜野森,18,0,-,-
332-2,（東名入口）,八王子街道×厚木大山街道,R4/10,町田,E 市ヶ尾,3鵜野森,12時間計,0,-,-
332-2,（東名入口）,八王子街道×厚木大山街道,R4/10,町田,E 市ヶ尾,流入計,7,0,1,1
332-2,（東名入口）,八王子街道×厚木大山街道,R4/10,町田,E 市ヶ尾,流入計,8,0,0,0
332-2,（東名入口）,八王子街道×厚木大山街道,R4/10,町田,E 市ヶ尾,流入計,9,0,2,2
332-2,（東名入口）,八王子街道×厚木大山街道,R4/10,町田,E 市ヶ尾,流入計,10,2,4,6
332-2,（東名入口）,八王子街道×厚木大山街道,R4/10,町田,E 市ヶ尾,流入計,11,0,2,2
332-2,（東名入口）,八王子街道×厚木大山街道,R4/10,町田,E 市ヶ尾,流入計,12,0,1,1
332-2,（東名入口）,八王子街道×厚木大山街道,R4/10,町田,E 市ヶ尾,流入計,13,0,0,0
332-2,（東名入口）,八王子街道×厚木大山街道,R4/10,町田,E 市ヶ尾,流入計,14,1,1,2
332-2,（東名入口）,八王子街道×厚木大山街道,R4/10,町田,E 市ヶ尾,流入計,15,0,1,1
332-2,（東名入口）,八王子街道×厚木大山街道,R4/10,町田,E 市ヶ尾,流入計,16,0,4,4
332-2,（東名入口）,八王子街道×厚木大山街道,R4/10,町田,E 市ヶ尾,流入計,17,0,6,6
332-2,（東名入口）,八王子街道×厚木大山街道,R4/10,町田,E 市ヶ尾,流入計,18,1,7,8
332-2,（東名入口）,八王子街道×厚木大山街道,R4/10,町田,E 市ヶ尾,流入計,12時間計,4,29,33
332-2,（東名入口）,八王子街道×厚木大山街道,R4/10,町田,F 厚木,7鵜野森,7,0,-,-
332-2,（東名入口）,八王子街道×厚木大山街道,R4/10,町田,F 厚木,7鵜野森,8,0,-,-
332-2,（東名入口）,八王子街道×厚木大山街道,R4/10,町田,F 厚木,7鵜野森,9,1,-,-
332-2,（東名入口）,八王子街道×厚木大山街道,R4/10,町田,F 厚木,7鵜野森,10,0,-,-
332-2,（東名入口）,八王子街道×厚木大山街道,R4/10,町田,F 厚木,7鵜野森,11,0,-,-
332-2,（東名入口）,八王子街道×厚木大山街道,R4/10,町田,F 厚木,7鵜野森,12,1,-,-
332-2,（東名入口）,八王子街道×厚木大山街道,R4/10,町田,F 厚木,7鵜野森,13,0,-,-
332-2,（東名入口）,八王子街道×厚木大山街道,R4/10,町田,F 厚木,7鵜野森,14,0,-,-
332-2,（東名入口）,八王子街道×厚木大山街道,R4/10,町田,F 厚木,7鵜野森,15,0,-,-
332-2,（東名入口）,八王子街道×厚木大山街道,R4/10,町田,F 厚木,7鵜野森,16,0,-,-
332-2,（東名入口）,八王子街道×厚木大山街道,R4/10,町田,F 厚木,7鵜野森,17,0,-,-
332-2,（東名入口）,八王子街道×厚木大山街道,R4/10,町田,F 厚木,7鵜野森,18,1,-,-
332-2,（東名入口）,八王子街道×厚木大山街道,R4/10,町田,F 厚木,7鵜野森,12時間計,3,-,-
332-2,（東名入口）,八王子街道×厚木大山街道,R4/10,町田,F 厚木,8市ヶ尾,7,0,-,-
332-2,（東名入口）,八王子街道×厚木大山街道,R4/10,町田,F 厚木,8市ヶ尾,8,2,-,-
332-2,（東名入口）,八王子街道×厚木大山街道,R4/10,町田,F 厚木,8市ヶ尾,9,1,-,-
332-2,（東名入口）,八王子街道×厚木大山街道,R4/10,町田,F 厚木,8市ヶ尾,10,0,-,-
332-2,（東名入口）,八王子街道×厚木大山街道,R4/10,町田,F 厚木,8市ヶ尾,11,0,-,-
332-2,（東名入口）,八王子街道×厚木大山街道,R4/10,町田,F 厚木,8市ヶ尾,12,0,-,-
332-2,（東名入口）,八王子街道×厚木大山街道,R4/10,町田,F 厚木,8市ヶ尾,13,0,-,-
332-2,（東名入口）,八王子街道×厚木大山街道,R4/10,町田,F 厚木,8市ヶ尾,14,0,-,-
332-2,（東名入口）,八王子街道×厚木大山街道,R4/10,町田,F 厚木,8市ヶ尾,15,0,-,-
332-2,（東名入口）,八王子街道×厚木大山街道,R4/10,町田,F 厚木,8市ヶ尾,16,0,-,-
332-2,（東名入口）,八王子街道×厚木大山街道,R4/10,町田,F 厚木,8市ヶ尾,17,0,-,-
332-2,（東名入口）,八王子街道×厚木大山街道,R4/10,町田,F 厚木,8市ヶ尾,18,1,-,-
332-2,（東名入口）,八王子街道×厚木大山街道,R4/10,町田,F 厚木,8市ヶ尾,12時間計,4,-,-
332-2,（東名入口）,八王子街道×厚木大山街道,R4/10,町田,F 厚木,9横浜町田ＩＣ,7,0,-,-
332-2,（東名入口）,八王子街道×厚木大山街道,R4/10,町田,F 厚木,9横浜町田ＩＣ,8,0,-,-
332-2,（東名入口）,八王子街道×厚木大山街道,R4/10,町田,F 厚木,9横浜町田ＩＣ,9,0,-,-
332-2,（東名入口）,八王子街道×厚木大山街道,R4/10,町田,F 厚木,9横浜町田ＩＣ,10,0,-,-
332-2,（東名入口）,八王子街道×厚木大山街道,R4/10,町田,F 厚木,9横浜町田ＩＣ,11,0,-,-
332-2,（東名入口）,八王子街道×厚木大山街道,R4/10,町田,F 厚木,9横浜町田ＩＣ,12,0,-,-
332-2,（東名入口）,八王子街道×厚木大山街道,R4/10,町田,F 厚木,9横浜町田ＩＣ,13,0,-,-
332-2,（東名入口）,八王子街道×厚木大山街道,R4/10,町田,F 厚木,9横浜町田ＩＣ,14,0,-,-
332-2,（東名入口）,八王子街道×厚木大山街道,R4/10,町田,F 厚木,9横浜町田ＩＣ,15,0,-,-
332-2,（東名入口）,八王子街道×厚木大山街道,R4/10,町田,F 厚木,9横浜町田ＩＣ,16,0,-,-
332-2,（東名入口）,八王子街道×厚木大山街道,R4/10,町田,F 厚木,9横浜町田ＩＣ,17,0,-,-
332-2,（東名入口）,八王子街道×厚木大山街道,R4/10,町田,F 厚木,9横浜町田ＩＣ,18,0,-,-
332-2,（東名入口）,八王子街道×厚木大山街道,R4/10,町田,F 厚木,9横浜町田ＩＣ,12時間計,0,-,-
332-2,（東名入口）,八王子街道×厚木大山街道,R4/10,町田,F 厚木,流入計,7,0,34,34
332-2,（東名入口）,八王子街道×厚木大山街道,R4/10,町田,F 厚木,流入計,8,2,56,58
332-2,（東名入口）,八王子街道×厚木大山街道,R4/10,町田,F 厚木,流入計,9,2,23,25
332-2,（東名入口）,八王子街道×厚木大山街道,R4/10,町田,F 厚木,流入計,10,0,11,11
332-2,（東名入口）,八王子街道×厚木大山街道,R4/10,町田,F 厚木,流入計,11,0,8,8
332-2,（東名入口）,八王子街道×厚木大山街道,R4/10,町田,F 厚木,流入計,12,1,20,21
332-2,（東名入口）,八王子街道×厚木大山街道,R4/10,町田,F 厚木,流入計,13,0,7,7
332-2,（東名入口）,八王子街道×厚木大山街道,R4/10,町田,F 厚木,流入計,14,0,12,12
332-2,（東名入口）,八王子街道×厚木大山街道,R4/10,町田,F 厚木,流入計,15,0,13,13
332-2,（東名入口）,八王子街道×厚木大山街道,R4/10,町田,F 厚木,流入計,16,0,5,5
332-2,（東名入口）,八王子街道×厚木大山街道,R4/10,町田,F 厚木,流入計,17,0,6,6
332-2,（東名入口）,八王子街道×厚木大山街道,R4/10,町田,F 厚木,流入計,18,2,8,10
332-2,（東名入口）,八王子街道×厚木大山街道,R4/10,町田,F 厚木,流入計,12時間計,7,203,210
332-2,（東名入口）,八王子街道×厚木大山街道,R4/10,町田,全方向計,全方向計,7,2,48,50
332-2,（東名入口）,八王子街道×厚木大山街道,R4/10,町田,全方向計,全方向計,8,3,75,78
332-2,（東名入口）,八王子街道×厚木大山街道,R4/10,町田,全方向計,全方向計,9,2,50,52
332-2,（東名入口）,八王子街道×厚木大山街道,R4/10,町田,全方向計,全方向計,10,2,39,41
332-2,（東名入口）,八王子街道×厚木大山街道,R4/10,町田,全方向計,全方向計,11,1,25,26
332-2,（東名入口）,八王子街道×厚木大山街道,R4/10,町田,全方向計,全方向計,12,1,49,50
332-2,（東名入口）,八王子街道×厚木大山街道,R4/10,町田,全方向計,全方向計,13,1,19,20
332-2,（東名入口）,八王子街道×厚木大山街道,R4/10,町田,全方向計,全方向計,14,2,29,31
332-2,（東名入口）,八王子街道×厚木大山街道,R4/10,町田,全方向計,全方向計,15,0,45,45
332-2,（東名入口）,八王子街道×厚木大山街道,R4/10,町田,全方向計,全方向計,16,0,46,46
332-2,（東名入口）,八王子街道×厚木大山街道,R4/10,町田,全方向計,全方向計,17,1,64,65
332-2,（東名入口）,八王子街道×厚木大山街道,R4/10,町田,全方向計,全方向計,18,4,88,92
332-2,（東名入口）,八王子街道×厚木大山街道,R4/10,町田,全方向計,全方向計,12時間計,19,577,596
