﻿地点番号,地点名,交差道路名,調査年月,管轄警察署,流出方向,時間帯等,大型乗用,大型貨物,普通乗用,普通貨物,四輪計,二輪車
332-2,（東名入口）,八王子街道×厚木大山街道,R4/10,町田,B 鵜野森,7,11,136,799,364,1310,53
332-2,（東名入口）,八王子街道×厚木大山街道,R4/10,町田,B 鵜野森,8,7,60,590,478,1135,44
332-2,（東名入口）,八王子街道×厚木大山街道,R4/10,町田,B 鵜野森,9,7,87,588,390,1072,28
332-2,（東名入口）,八王子街道×厚木大山街道,R4/10,町田,B 鵜野森,10,7,103,741,442,1293,32
332-2,（東名入口）,八王子街道×厚木大山街道,R4/10,町田,B 鵜野森,11,3,100,604,462,1169,31
332-2,（東名入口）,八王子街道×厚木大山街道,R4/10,町田,B 鵜野森,12,5,182,698,278,1163,38
332-2,（東名入口）,八王子街道×厚木大山街道,R4/10,町田,B 鵜野森,13,7,184,713,360,1264,41
332-2,（東名入口）,八王子街道×厚木大山街道,R4/10,町田,B 鵜野森,14,7,135,646,304,1092,24
332-2,（東名入口）,八王子街道×厚木大山街道,R4/10,町田,B 鵜野森,15,9,124,737,396,1266,28
332-2,（東名入口）,八王子街道×厚木大山街道,R4/10,町田,B 鵜野森,16,12,75,879,456,1422,48
332-2,（東名入口）,八王子街道×厚木大山街道,R4/10,町田,B 鵜野森,17,11,38,834,594,1477,69
332-2,（東名入口）,八王子街道×厚木大山街道,R4/10,町田,B 鵜野森,18,12,64,1196,321,1593,67
332-2,（東名入口）,八王子街道×厚木大山街道,R4/10,町田,B 鵜野森,12時間計,98,1288,9025,4845,15256,503
332-2,（東名入口）,八王子街道×厚木大山街道,R4/10,町田,D 横浜町田ＩＣ,7,11,47,613,555,1226,87
332-2,（東名入口）,八王子街道×厚木大山街道,R4/10,町田,D 横浜町田ＩＣ,8,8,90,577,454,1129,62
332-2,（東名入口）,八王子街道×厚木大山街道,R4/10,町田,D 横浜町田ＩＣ,9,6,111,550,405,1072,23
332-2,（東名入口）,八王子街道×厚木大山街道,R4/10,町田,D 横浜町田ＩＣ,10,4,108,503,364,979,18
332-2,（東名入口）,八王子街道×厚木大山街道,R4/10,町田,D 横浜町田ＩＣ,11,5,139,551,318,1013,16
332-2,（東名入口）,八王子街道×厚木大山街道,R4/10,町田,D 横浜町田ＩＣ,12,5,106,575,326,1012,24
332-2,（東名入口）,八王子街道×厚木大山街道,R4/10,町田,D 横浜町田ＩＣ,13,3,76,551,351,981,29
332-2,（東名入口）,八王子街道×厚木大山街道,R4/10,町田,D 横浜町田ＩＣ,14,2,60,630,380,1072,39
332-2,（東名入口）,八王子街道×厚木大山街道,R4/10,町田,D 横浜町田ＩＣ,15,13,82,739,303,1137,32
332-2,（東名入口）,八王子街道×厚木大山街道,R4/10,町田,D 横浜町田ＩＣ,16,7,107,709,319,1142,36
332-2,（東名入口）,八王子街道×厚木大山街道,R4/10,町田,D 横浜町田ＩＣ,17,8,89,704,321,1122,50
332-2,（東名入口）,八王子街道×厚木大山街道,R4/10,町田,D 横浜町田ＩＣ,18,6,54,687,191,938,66
332-2,（東名入口）,八王子街道×厚木大山街道,R4/10,町田,D 横浜町田ＩＣ,12時間計,78,1069,7389,4287,12823,482
332-2,（東名入口）,八王子街道×厚木大山街道,R4/10,町田,E 市ヶ尾,7,0,0,5,2,7,0
332-2,（東名入口）,八王子街道×厚木大山街道,R4/10,町田,E 市ヶ尾,8,0,0,15,6,21,2
332-2,（東名入口）,八王子街道×厚木大山街道,R4/10,町田,E 市ヶ尾,9,0,0,17,5,22,2
332-2,（東名入口）,八王子街道×厚木大山街道,R4/10,町田,E 市ヶ尾,10,0,0,18,3,21,2
332-2,（東名入口）,八王子街道×厚木大山街道,R4/10,町田,E 市ヶ尾,11,0,0,9,8,17,2
332-2,（東名入口）,八王子街道×厚木大山街道,R4/10,町田,E 市ヶ尾,12,0,0,19,5,24,1
332-2,（東名入口）,八王子街道×厚木大山街道,R4/10,町田,E 市ヶ尾,13,0,0,12,4,16,1
332-2,（東名入口）,八王子街道×厚木大山街道,R4/10,町田,E 市ヶ尾,14,0,0,17,4,21,4
332-2,（東名入口）,八王子街道×厚木大山街道,R4/10,町田,E 市ヶ尾,15,0,0,6,3,9,1
332-2,（東名入口）,八王子街道×厚木大山街道,R4/10,町田,E 市ヶ尾,16,0,0,15,7,22,0
332-2,（東名入口）,八王子街道×厚木大山街道,R4/10,町田,E 市ヶ尾,17,0,1,20,8,29,3
332-2,（東名入口）,八王子街道×厚木大山街道,R4/10,町田,E 市ヶ尾,18,0,0,14,5,19,1
332-2,（東名入口）,八王子街道×厚木大山街道,R4/10,町田,E 市ヶ尾,12時間計,0,1,167,60,228,19
332-2,（東名入口）,八王子街道×厚木大山街道,R4/10,町田,F 厚木,7,1,1,39,39,80,5
332-2,（東名入口）,八王子街道×厚木大山街道,R4/10,町田,F 厚木,8,7,0,49,49,105,10
332-2,（東名入口）,八王子街道×厚木大山街道,R4/10,町田,F 厚木,9,4,3,50,50,107,4
332-2,（東名入口）,八王子街道×厚木大山街道,R4/10,町田,F 厚木,10,3,2,48,48,101,6
332-2,（東名入口）,八王子街道×厚木大山街道,R4/10,町田,F 厚木,11,4,4,32,32,72,7
332-2,（東名入口）,八王子街道×厚木大山街道,R4/10,町田,F 厚木,12,4,0,43,43,90,5
332-2,（東名入口）,八王子街道×厚木大山街道,R4/10,町田,F 厚木,13,8,0,43,43,94,11
332-2,（東名入口）,八王子街道×厚木大山街道,R4/10,町田,F 厚木,14,7,1,61,61,130,5
332-2,（東名入口）,八王子街道×厚木大山街道,R4/10,町田,F 厚木,15,4,5,47,47,103,9
332-2,（東名入口）,八王子街道×厚木大山街道,R4/10,町田,F 厚木,16,6,1,58,58,123,9
332-2,（東名入口）,八王子街道×厚木大山街道,R4/10,町田,F 厚木,17,2,1,65,65,133,11
332-2,（東名入口）,八王子街道×厚木大山街道,R4/10,町田,F 厚木,18,6,0,39,39,84,12
332-2,（東名入口）,八王子街道×厚木大山街道,R4/10,町田,F 厚木,12時間計,56,18,574,574,1222,94
332-2,（東名入口）,八王子街道×厚木大山街道,R4/10,町田,全方向合計,7,23,184,1534,960,2701,145
332-2,（東名入口）,八王子街道×厚木大山街道,R4/10,町田,全方向合計,8,22,150,1278,987,2437,118
332-2,（東名入口）,八王子街道×厚木大山街道,R4/10,町田,全方向合計,9,17,201,1231,850,2299,57
332-2,（東名入口）,八王子街道×厚木大山街道,R4/10,町田,全方向合計,10,14,213,1344,857,2428,58
332-2,（東名入口）,八王子街道×厚木大山街道,R4/10,町田,全方向合計,11,12,243,1263,820,2338,56
332-2,（東名入口）,八王子街道×厚木大山街道,R4/10,町田,全方向合計,12,14,288,1444,652,2398,68
332-2,（東名入口）,八王子街道×厚木大山街道,R4/10,町田,全方向合計,13,18,260,1375,758,2411,82
332-2,（東名入口）,八王子街道×厚木大山街道,R4/10,町田,全方向合計,14,16,196,1400,749,2361,72
332-2,（東名入口）,八王子街道×厚木大山街道,R4/10,町田,全方向合計,15,26,211,1591,749,2577,70
332-2,（東名入口）,八王子街道×厚木大山街道,R4/10,町田,全方向合計,16,25,183,1722,840,2770,93
332-2,（東名入口）,八王子街道×厚木大山街道,R4/10,町田,全方向合計,17,21,129,1667,988,2805,133
332-2,（東名入口）,八王子街道×厚木大山街道,R4/10,町田,全方向合計,18,24,118,2091,556,2789,146
332-2,（東名入口）,八王子街道×厚木大山街道,R4/10,町田,全方向合計,12時間計,232,2376,17940,9766,30314,1098
