﻿地点番号,地点名,交差道路名,調査年月,管轄警察署,流入方向,流出方向,時間帯等,大型乗用,大型貨物,普通乗用,普通貨物,四輪計,二輪車
332-2,（東名入口）,八王子街道×厚木大山街道,R4/10,町田,B 鵜野森,4.市ヶ尾,7,0,0,0,0,0,0
332-2,（東名入口）,八王子街道×厚木大山街道,R4/10,町田,B 鵜野森,4.市ヶ尾,8,0,0,0,1,1,0
332-2,（東名入口）,八王子街道×厚木大山街道,R4/10,町田,B 鵜野森,4.市ヶ尾,9,0,0,0,0,0,1
332-2,（東名入口）,八王子街道×厚木大山街道,R4/10,町田,B 鵜野森,4.市ヶ尾,10,0,0,4,0,4,0
332-2,（東名入口）,八王子街道×厚木大山街道,R4/10,町田,B 鵜野森,4.市ヶ尾,11,0,0,1,1,2,0
332-2,（東名入口）,八王子街道×厚木大山街道,R4/10,町田,B 鵜野森,4.市ヶ尾,12,0,0,1,1,2,0
332-2,（東名入口）,八王子街道×厚木大山街道,R4/10,町田,B 鵜野森,4.市ヶ尾,13,0,0,0,1,1,0
332-2,（東名入口）,八王子街道×厚木大山街道,R4/10,町田,B 鵜野森,4.市ヶ尾,14,0,0,3,0,3,0
332-2,（東名入口）,八王子街道×厚木大山街道,R4/10,町田,B 鵜野森,4.市ヶ尾,15,0,0,0,0,0,0
332-2,（東名入口）,八王子街道×厚木大山街道,R4/10,町田,B 鵜野森,4.市ヶ尾,16,0,0,3,2,5,0
332-2,（東名入口）,八王子街道×厚木大山街道,R4/10,町田,B 鵜野森,4.市ヶ尾,17,0,0,1,0,1,0
332-2,（東名入口）,八王子街道×厚木大山街道,R4/10,町田,B 鵜野森,4.市ヶ尾,18,0,0,1,1,2,1
332-2,（東名入口）,八王子街道×厚木大山街道,R4/10,町田,B 鵜野森,4.市ヶ尾,12時間計,0,0,14,7,21,2
332-2,（東名入口）,八王子街道×厚木大山街道,R4/10,町田,B 鵜野森,5.横浜町田ＩＣ,7,5,35,436,393,869,81
332-2,（東名入口）,八王子街道×厚木大山街道,R4/10,町田,B 鵜野森,5.横浜町田ＩＣ,8,2,63,396,310,771,52
332-2,（東名入口）,八王子街道×厚木大山街道,R4/10,町田,B 鵜野森,5.横浜町田ＩＣ,9,2,90,328,296,716,22
332-2,（東名入口）,八王子街道×厚木大山街道,R4/10,町田,B 鵜野森,5.横浜町田ＩＣ,10,2,85,287,268,642,12
332-2,（東名入口）,八王子街道×厚木大山街道,R4/10,町田,B 鵜野森,5.横浜町田ＩＣ,11,4,123,375,204,706,12
332-2,（東名入口）,八王子街道×厚木大山街道,R4/10,町田,B 鵜野森,5.横浜町田ＩＣ,12,3,86,379,205,673,18
332-2,（東名入口）,八王子街道×厚木大山街道,R4/10,町田,B 鵜野森,5.横浜町田ＩＣ,13,1,55,357,220,633,21
332-2,（東名入口）,八王子街道×厚木大山街道,R4/10,町田,B 鵜野森,5.横浜町田ＩＣ,14,1,41,454,243,739,30
332-2,（東名入口）,八王子街道×厚木大山街道,R4/10,町田,B 鵜野森,5.横浜町田ＩＣ,15,6,70,481,191,748,21
332-2,（東名入口）,八王子街道×厚木大山街道,R4/10,町田,B 鵜野森,5.横浜町田ＩＣ,16,2,97,494,192,785,32
332-2,（東名入口）,八王子街道×厚木大山街道,R4/10,町田,B 鵜野森,5.横浜町田ＩＣ,17,6,78,499,191,774,45
332-2,（東名入口）,八王子街道×厚木大山街道,R4/10,町田,B 鵜野森,5.横浜町田ＩＣ,18,3,45,487,114,649,52
332-2,（東名入口）,八王子街道×厚木大山街道,R4/10,町田,B 鵜野森,5.横浜町田ＩＣ,12時間計,37,868,4973,2827,8705,398
332-2,（東名入口）,八王子街道×厚木大山街道,R4/10,町田,B 鵜野森,6.厚木,7,0,0,24,6,30,0
332-2,（東名入口）,八王子街道×厚木大山街道,R4/10,町田,B 鵜野森,6.厚木,8,0,0,15,2,17,1
332-2,（東名入口）,八王子街道×厚木大山街道,R4/10,町田,B 鵜野森,6.厚木,9,3,0,8,8,19,0
332-2,（東名入口）,八王子街道×厚木大山街道,R4/10,町田,B 鵜野森,6.厚木,10,0,0,13,4,17,1
332-2,（東名入口）,八王子街道×厚木大山街道,R4/10,町田,B 鵜野森,6.厚木,11,0,0,12,2,14,0
332-2,（東名入口）,八王子街道×厚木大山街道,R4/10,町田,B 鵜野森,6.厚木,12,0,0,16,3,19,0
332-2,（東名入口）,八王子街道×厚木大山街道,R4/10,町田,B 鵜野森,6.厚木,13,0,0,21,4,25,2
332-2,（東名入口）,八王子街道×厚木大山街道,R4/10,町田,B 鵜野森,6.厚木,14,1,0,15,10,26,1
332-2,（東名入口）,八王子街道×厚木大山街道,R4/10,町田,B 鵜野森,6.厚木,15,2,0,15,3,20,1
332-2,（東名入口）,八王子街道×厚木大山街道,R4/10,町田,B 鵜野森,6.厚木,16,1,0,20,7,28,1
332-2,（東名入口）,八王子街道×厚木大山街道,R4/10,町田,B 鵜野森,6.厚木,17,0,0,16,4,20,5
332-2,（東名入口）,八王子街道×厚木大山街道,R4/10,町田,B 鵜野森,6.厚木,18,1,0,20,4,25,0
332-2,（東名入口）,八王子街道×厚木大山街道,R4/10,町田,B 鵜野森,6.厚木,12時間計,8,0,195,57,260,12
332-2,（東名入口）,八王子街道×厚木大山街道,R4/10,町田,B 鵜野森,流入計,7,5,35,460,399,899,81
332-2,（東名入口）,八王子街道×厚木大山街道,R4/10,町田,B 鵜野森,流入計,8,2,63,411,313,789,53
332-2,（東名入口）,八王子街道×厚木大山街道,R4/10,町田,B 鵜野森,流入計,9,5,90,336,304,735,23
332-2,（東名入口）,八王子街道×厚木大山街道,R4/10,町田,B 鵜野森,流入計,10,2,85,304,272,663,13
332-2,（東名入口）,八王子街道×厚木大山街道,R4/10,町田,B 鵜野森,流入計,11,4,123,388,207,722,12
332-2,（東名入口）,八王子街道×厚木大山街道,R4/10,町田,B 鵜野森,流入計,12,3,86,396,209,694,18
332-2,（東名入口）,八王子街道×厚木大山街道,R4/10,町田,B 鵜野森,流入計,13,1,55,378,225,659,23
332-2,（東名入口）,八王子街道×厚木大山街道,R4/10,町田,B 鵜野森,流入計,14,2,41,472,253,768,31
332-2,（東名入口）,八王子街道×厚木大山街道,R4/10,町田,B 鵜野森,流入計,15,8,70,496,194,768,22
332-2,（東名入口）,八王子街道×厚木大山街道,R4/10,町田,B 鵜野森,流入計,16,3,97,517,201,818,33
332-2,（東名入口）,八王子街道×厚木大山街道,R4/10,町田,B 鵜野森,流入計,17,6,78,516,195,795,50
332-2,（東名入口）,八王子街道×厚木大山街道,R4/10,町田,B 鵜野森,流入計,18,4,45,508,119,676,53
332-2,（東名入口）,八王子街道×厚木大山街道,R4/10,町田,B 鵜野森,流入計,12時間計,45,868,5182,2891,8986,412
332-2,（東名入口）,八王子街道×厚木大山街道,R4/10,町田,D 横浜町田ＩＣ,10.厚木,7,0,1,53,21,75,4
332-2,（東名入口）,八王子街道×厚木大山街道,R4/10,町田,D 横浜町田ＩＣ,10.厚木,8,3,0,39,28,70,6
332-2,（東名入口）,八王子街道×厚木大山街道,R4/10,町田,D 横浜町田ＩＣ,10.厚木,9,0,3,31,31,65,1
332-2,（東名入口）,八王子街道×厚木大山街道,R4/10,町田,D 横浜町田ＩＣ,10.厚木,10,1,1,33,31,66,2
332-2,（東名入口）,八王子街道×厚木大山街道,R4/10,町田,D 横浜町田ＩＣ,10.厚木,11,2,3,58,19,82,4
332-2,（東名入口）,八王子街道×厚木大山街道,R4/10,町田,D 横浜町田ＩＣ,10.厚木,12,0,0,73,23,96,3
332-2,（東名入口）,八王子街道×厚木大山街道,R4/10,町田,D 横浜町田ＩＣ,10.厚木,13,0,0,52,24,76,4
332-2,（東名入口）,八王子街道×厚木大山街道,R4/10,町田,D 横浜町田ＩＣ,10.厚木,14,2,1,57,33,93,1
332-2,（東名入口）,八王子街道×厚木大山街道,R4/10,町田,D 横浜町田ＩＣ,10.厚木,15,0,5,66,26,97,5
332-2,（東名入口）,八王子街道×厚木大山街道,R4/10,町田,D 横浜町田ＩＣ,10.厚木,16,1,1,69,33,104,4
332-2,（東名入口）,八王子街道×厚木大山街道,R4/10,町田,D 横浜町田ＩＣ,10.厚木,17,1,1,41,44,87,3
332-2,（東名入口）,八王子街道×厚木大山街道,R4/10,町田,D 横浜町田ＩＣ,10.厚木,18,2,0,104,29,135,5
332-2,（東名入口）,八王子街道×厚木大山街道,R4/10,町田,D 横浜町田ＩＣ,10.厚木,12時間計,12,16,676,342,1046,42
332-2,（東名入口）,八王子街道×厚木大山街道,R4/10,町田,D 横浜町田ＩＣ,11.鵜野森,7,6,134,782,360,1282,53
332-2,（東名入口）,八王子街道×厚木大山街道,R4/10,町田,D 横浜町田ＩＣ,11.鵜野森,8,6,58,570,468,1102,44
332-2,（東名入口）,八王子街道×厚木大山街道,R4/10,町田,D 横浜町田ＩＣ,11.鵜野森,9,7,87,565,374,1033,28
332-2,（東名入口）,八王子街道×厚木大山街道,R4/10,町田,D 横浜町田ＩＣ,11.鵜野森,10,5,103,714,426,1248,30
332-2,（東名入口）,八王子街道×厚木大山街道,R4/10,町田,D 横浜町田ＩＣ,11.鵜野森,11,2,99,570,446,1117,31
332-2,（東名入口）,八王子街道×厚木大山街道,R4/10,町田,D 横浜町田ＩＣ,11.鵜野森,12,4,181,676,262,1123,30
332-2,（東名入口）,八王子街道×厚木大山街道,R4/10,町田,D 横浜町田ＩＣ,11.鵜野森,13,6,184,679,353,1222,37
332-2,（東名入口）,八王子街道×厚木大山街道,R4/10,町田,D 横浜町田ＩＣ,11.鵜野森,14,7,135,621,291,1054,21
332-2,（東名入口）,八王子街道×厚木大山街道,R4/10,町田,D 横浜町田ＩＣ,11.鵜野森,15,6,123,698,382,1209,25
332-2,（東名入口）,八王子街道×厚木大山街道,R4/10,町田,D 横浜町田ＩＣ,11.鵜野森,16,10,75,843,443,1371,46
332-2,（東名入口）,八王子街道×厚木大山街道,R4/10,町田,D 横浜町田ＩＣ,11.鵜野森,17,9,38,789,578,1414,64
332-2,（東名入口）,八王子街道×厚木大山街道,R4/10,町田,D 横浜町田ＩＣ,11.鵜野森,18,11,64,1152,304,1531,63
332-2,（東名入口）,八王子街道×厚木大山街道,R4/10,町田,D 横浜町田ＩＣ,11.鵜野森,12時間計,79,1281,8659,4687,14706,472
332-2,（東名入口）,八王子街道×厚木大山街道,R4/10,町田,D 横浜町田ＩＣ,12.市ヶ尾,7,0,0,0,0,0,0
332-2,（東名入口）,八王子街道×厚木大山街道,R4/10,町田,D 横浜町田ＩＣ,12.市ヶ尾,8,0,0,0,0,0,0
332-2,（東名入口）,八王子街道×厚木大山街道,R4/10,町田,D 横浜町田ＩＣ,12.市ヶ尾,9,0,0,0,0,0,0
332-2,（東名入口）,八王子街道×厚木大山街道,R4/10,町田,D 横浜町田ＩＣ,12.市ヶ尾,10,0,0,0,0,0,0
332-2,（東名入口）,八王子街道×厚木大山街道,R4/10,町田,D 横浜町田ＩＣ,12.市ヶ尾,11,0,0,0,0,0,0
332-2,（東名入口）,八王子街道×厚木大山街道,R4/10,町田,D 横浜町田ＩＣ,12.市ヶ尾,12,0,0,1,0,1,0
332-2,（東名入口）,八王子街道×厚木大山街道,R4/10,町田,D 横浜町田ＩＣ,12.市ヶ尾,13,0,0,0,0,0,0
332-2,（東名入口）,八王子街道×厚木大山街道,R4/10,町田,D 横浜町田ＩＣ,12.市ヶ尾,14,0,0,1,0,1,0
332-2,（東名入口）,八王子街道×厚木大山街道,R4/10,町田,D 横浜町田ＩＣ,12.市ヶ尾,15,0,0,0,0,0,0
332-2,（東名入口）,八王子街道×厚木大山街道,R4/10,町田,D 横浜町田ＩＣ,12.市ヶ尾,16,0,0,0,0,0,0
332-2,（東名入口）,八王子街道×厚木大山街道,R4/10,町田,D 横浜町田ＩＣ,12.市ヶ尾,17,0,1,0,0,1,0
332-2,（東名入口）,八王子街道×厚木大山街道,R4/10,町田,D 横浜町田ＩＣ,12.市ヶ尾,18,0,0,0,0,0,0
332-2,（東名入口）,八王子街道×厚木大山街道,R4/10,町田,D 横浜町田ＩＣ,12.市ヶ尾,12時間計,0,1,2,0,3,0
332-2,（東名入口）,八王子街道×厚木大山街道,R4/10,町田,D 横浜町田ＩＣ,流入計,7,6,135,835,381,1357,57
332-2,（東名入口）,八王子街道×厚木大山街道,R4/10,町田,D 横浜町田ＩＣ,流入計,8,9,58,609,496,1172,50
332-2,（東名入口）,八王子街道×厚木大山街道,R4/10,町田,D 横浜町田ＩＣ,流入計,9,7,90,596,405,1098,29
332-2,（東名入口）,八王子街道×厚木大山街道,R4/10,町田,D 横浜町田ＩＣ,流入計,10,6,104,747,457,1314,32
332-2,（東名入口）,八王子街道×厚木大山街道,R4/10,町田,D 横浜町田ＩＣ,流入計,11,4,102,628,465,1199,35
332-2,（東名入口）,八王子街道×厚木大山街道,R4/10,町田,D 横浜町田ＩＣ,流入計,12,4,181,750,285,1220,33
332-2,（東名入口）,八王子街道×厚木大山街道,R4/10,町田,D 横浜町田ＩＣ,流入計,13,6,184,731,377,1298,41
332-2,（東名入口）,八王子街道×厚木大山街道,R4/10,町田,D 横浜町田ＩＣ,流入計,14,9,136,679,324,1148,22
332-2,（東名入口）,八王子街道×厚木大山街道,R4/10,町田,D 横浜町田ＩＣ,流入計,15,6,128,764,408,1306,30
332-2,（東名入口）,八王子街道×厚木大山街道,R4/10,町田,D 横浜町田ＩＣ,流入計,16,11,76,912,476,1475,50
332-2,（東名入口）,八王子街道×厚木大山街道,R4/10,町田,D 横浜町田ＩＣ,流入計,17,10,40,830,622,1502,67
332-2,（東名入口）,八王子街道×厚木大山街道,R4/10,町田,D 横浜町田ＩＣ,流入計,18,13,64,1256,333,1666,68
332-2,（東名入口）,八王子街道×厚木大山街道,R4/10,町田,D 横浜町田ＩＣ,流入計,12時間計,91,1298,9337,5029,15755,514
332-2,（東名入口）,八王子街道×厚木大山街道,R4/10,町田,E 市ヶ尾,1.横浜町田ＩＣ,7,5,10,129,83,227,4
332-2,（東名入口）,八王子街道×厚木大山街道,R4/10,町田,E 市ヶ尾,1.横浜町田ＩＣ,8,4,17,124,80,225,3
332-2,（東名入口）,八王子街道×厚木大山街道,R4/10,町田,E 市ヶ尾,1.横浜町田ＩＣ,9,2,14,141,69,226,1
332-2,（東名入口）,八王子街道×厚木大山街道,R4/10,町田,E 市ヶ尾,1.横浜町田ＩＣ,10,1,19,132,64,216,6
332-2,（東名入口）,八王子街道×厚木大山街道,R4/10,町田,E 市ヶ尾,1.横浜町田ＩＣ,11,0,16,115,70,201,3
332-2,（東名入口）,八王子街道×厚木大山街道,R4/10,町田,E 市ヶ尾,1.横浜町田ＩＣ,12,2,19,140,74,235,5
332-2,（東名入口）,八王子街道×厚木大山街道,R4/10,町田,E 市ヶ尾,1.横浜町田ＩＣ,13,1,19,129,88,237,5
332-2,（東名入口）,八王子街道×厚木大山街道,R4/10,町田,E 市ヶ尾,1.横浜町田ＩＣ,14,1,17,123,96,237,5
332-2,（東名入口）,八王子街道×厚木大山街道,R4/10,町田,E 市ヶ尾,1.横浜町田ＩＣ,15,5,11,169,75,260,8
332-2,（東名入口）,八王子街道×厚木大山街道,R4/10,町田,E 市ヶ尾,1.横浜町田ＩＣ,16,4,10,139,93,246,3
332-2,（東名入口）,八王子街道×厚木大山街道,R4/10,町田,E 市ヶ尾,1.横浜町田ＩＣ,17,2,8,139,98,247,4
332-2,（東名入口）,八王子街道×厚木大山街道,R4/10,町田,E 市ヶ尾,1.横浜町田ＩＣ,18,2,6,142,60,210,7
332-2,（東名入口）,八王子街道×厚木大山街道,R4/10,町田,E 市ヶ尾,1.横浜町田ＩＣ,12時間計,29,166,1622,950,2767,54
332-2,（東名入口）,八王子街道×厚木大山街道,R4/10,町田,E 市ヶ尾,2.厚木,7,1,0,40,12,53,1
332-2,（東名入口）,八王子街道×厚木大山街道,R4/10,町田,E 市ヶ尾,2.厚木,8,4,0,42,19,65,3
332-2,（東名入口）,八王子街道×厚木大山街道,R4/10,町田,E 市ヶ尾,2.厚木,9,1,0,37,11,49,3
332-2,（東名入口）,八王子街道×厚木大山街道,R4/10,町田,E 市ヶ尾,2.厚木,10,2,1,36,13,52,3
332-2,（東名入口）,八王子街道×厚木大山街道,R4/10,町田,E 市ヶ尾,2.厚木,11,2,1,29,11,43,3
332-2,（東名入口）,八王子街道×厚木大山街道,R4/10,町田,E 市ヶ尾,2.厚木,12,4,0,63,17,84,2
332-2,（東名入口）,八王子街道×厚木大山街道,R4/10,町田,E 市ヶ尾,2.厚木,13,8,0,26,15,49,5
332-2,（東名入口）,八王子街道×厚木大山街道,R4/10,町田,E 市ヶ尾,2.厚木,14,4,0,35,18,57,3
332-2,（東名入口）,八王子街道×厚木大山街道,R4/10,町田,E 市ヶ尾,2.厚木,15,2,0,28,18,48,3
332-2,（東名入口）,八王子街道×厚木大山街道,R4/10,町田,E 市ヶ尾,2.厚木,16,4,0,30,18,52,4
332-2,（東名入口）,八王子街道×厚木大山街道,R4/10,町田,E 市ヶ尾,2.厚木,17,1,0,52,17,70,3
332-2,（東名入口）,八王子街道×厚木大山街道,R4/10,町田,E 市ヶ尾,2.厚木,18,3,0,70,6,79,7
332-2,（東名入口）,八王子街道×厚木大山街道,R4/10,町田,E 市ヶ尾,2.厚木,12時間計,36,2,488,175,701,40
332-2,（東名入口）,八王子街道×厚木大山街道,R4/10,町田,E 市ヶ尾,3.鵜野森,7,0,0,0,0,0,0
332-2,（東名入口）,八王子街道×厚木大山街道,R4/10,町田,E 市ヶ尾,3.鵜野森,8,0,0,0,0,0,0
332-2,（東名入口）,八王子街道×厚木大山街道,R4/10,町田,E 市ヶ尾,3.鵜野森,9,0,0,0,0,0,0
332-2,（東名入口）,八王子街道×厚木大山街道,R4/10,町田,E 市ヶ尾,3.鵜野森,10,0,0,0,0,0,0
332-2,（東名入口）,八王子街道×厚木大山街道,R4/10,町田,E 市ヶ尾,3.鵜野森,11,0,0,0,0,0,0
332-2,（東名入口）,八王子街道×厚木大山街道,R4/10,町田,E 市ヶ尾,3.鵜野森,12,0,0,0,0,0,0
332-2,（東名入口）,八王子街道×厚木大山街道,R4/10,町田,E 市ヶ尾,3.鵜野森,13,0,0,0,0,0,0
332-2,（東名入口）,八王子街道×厚木大山街道,R4/10,町田,E 市ヶ尾,3.鵜野森,14,0,0,0,0,0,0
332-2,（東名入口）,八王子街道×厚木大山街道,R4/10,町田,E 市ヶ尾,3.鵜野森,15,0,0,0,0,0,0
332-2,（東名入口）,八王子街道×厚木大山街道,R4/10,町田,E 市ヶ尾,3.鵜野森,16,0,0,0,0,0,0
332-2,（東名入口）,八王子街道×厚木大山街道,R4/10,町田,E 市ヶ尾,3.鵜野森,17,0,0,0,0,0,0
332-2,（東名入口）,八王子街道×厚木大山街道,R4/10,町田,E 市ヶ尾,3.鵜野森,18,0,0,0,0,0,0
332-2,（東名入口）,八王子街道×厚木大山街道,R4/10,町田,E 市ヶ尾,3.鵜野森,12時間計,0,0,0,0,0,0
332-2,（東名入口）,八王子街道×厚木大山街道,R4/10,町田,E 市ヶ尾,流入計,7,6,10,169,95,280,5
332-2,（東名入口）,八王子街道×厚木大山街道,R4/10,町田,E 市ヶ尾,流入計,8,8,17,166,99,290,6
332-2,（東名入口）,八王子街道×厚木大山街道,R4/10,町田,E 市ヶ尾,流入計,9,3,14,178,80,275,4
332-2,（東名入口）,八王子街道×厚木大山街道,R4/10,町田,E 市ヶ尾,流入計,10,3,20,168,77,268,9
332-2,（東名入口）,八王子街道×厚木大山街道,R4/10,町田,E 市ヶ尾,流入計,11,2,17,144,81,244,6
332-2,（東名入口）,八王子街道×厚木大山街道,R4/10,町田,E 市ヶ尾,流入計,12,6,19,203,91,319,7
332-2,（東名入口）,八王子街道×厚木大山街道,R4/10,町田,E 市ヶ尾,流入計,13,9,19,155,103,286,10
332-2,（東名入口）,八王子街道×厚木大山街道,R4/10,町田,E 市ヶ尾,流入計,14,5,17,158,114,294,8
332-2,（東名入口）,八王子街道×厚木大山街道,R4/10,町田,E 市ヶ尾,流入計,15,7,11,197,93,308,11
332-2,（東名入口）,八王子街道×厚木大山街道,R4/10,町田,E 市ヶ尾,流入計,16,8,10,169,111,298,7
332-2,（東名入口）,八王子街道×厚木大山街道,R4/10,町田,E 市ヶ尾,流入計,17,3,8,191,115,317,7
332-2,（東名入口）,八王子街道×厚木大山街道,R4/10,町田,E 市ヶ尾,流入計,18,5,6,212,66,289,14
332-2,（東名入口）,八王子街道×厚木大山街道,R4/10,町田,E 市ヶ尾,流入計,12時間計,65,168,2110,1125,3468,94
332-2,（東名入口）,八王子街道×厚木大山街道,R4/10,町田,F 厚木,7.鵜野森,7,5,2,17,4,28,0
332-2,（東名入口）,八王子街道×厚木大山街道,R4/10,町田,F 厚木,7.鵜野森,8,1,2,20,10,33,0
332-2,（東名入口）,八王子街道×厚木大山街道,R4/10,町田,F 厚木,7.鵜野森,9,0,0,23,16,39,0
332-2,（東名入口）,八王子街道×厚木大山街道,R4/10,町田,F 厚木,7.鵜野森,10,2,0,27,16,45,2
332-2,（東名入口）,八王子街道×厚木大山街道,R4/10,町田,F 厚木,7.鵜野森,11,1,1,34,16,52,0
332-2,（東名入口）,八王子街道×厚木大山街道,R4/10,町田,F 厚木,7.鵜野森,12,1,1,22,16,40,8
332-2,（東名入口）,八王子街道×厚木大山街道,R4/10,町田,F 厚木,7.鵜野森,13,1,0,34,7,42,4
332-2,（東名入口）,八王子街道×厚木大山街道,R4/10,町田,F 厚木,7.鵜野森,14,0,0,25,13,38,3
332-2,（東名入口）,八王子街道×厚木大山街道,R4/10,町田,F 厚木,7.鵜野森,15,3,1,39,14,57,3
332-2,（東名入口）,八王子街道×厚木大山街道,R4/10,町田,F 厚木,7.鵜野森,16,2,0,36,13,51,2
332-2,（東名入口）,八王子街道×厚木大山街道,R4/10,町田,F 厚木,7.鵜野森,17,2,0,45,16,63,5
332-2,（東名入口）,八王子街道×厚木大山街道,R4/10,町田,F 厚木,7.鵜野森,18,1,0,44,17,62,4
332-2,（東名入口）,八王子街道×厚木大山街道,R4/10,町田,F 厚木,7.鵜野森,12時間計,19,7,366,158,550,31
332-2,（東名入口）,八王子街道×厚木大山街道,R4/10,町田,F 厚木,8.市ヶ尾,7,0,0,5,2,7,0
332-2,（東名入口）,八王子街道×厚木大山街道,R4/10,町田,F 厚木,8.市ヶ尾,8,0,0,15,5,20,2
332-2,（東名入口）,八王子街道×厚木大山街道,R4/10,町田,F 厚木,8.市ヶ尾,9,0,0,17,5,22,1
332-2,（東名入口）,八王子街道×厚木大山街道,R4/10,町田,F 厚木,8.市ヶ尾,10,0,0,14,3,17,2
332-2,（東名入口）,八王子街道×厚木大山街道,R4/10,町田,F 厚木,8.市ヶ尾,11,0,0,8,7,15,2
332-2,（東名入口）,八王子街道×厚木大山街道,R4/10,町田,F 厚木,8.市ヶ尾,12,0,0,17,4,21,1
332-2,（東名入口）,八王子街道×厚木大山街道,R4/10,町田,F 厚木,8.市ヶ尾,13,0,0,12,3,15,1
332-2,（東名入口）,八王子街道×厚木大山街道,R4/10,町田,F 厚木,8.市ヶ尾,14,0,0,13,4,17,4
332-2,（東名入口）,八王子街道×厚木大山街道,R4/10,町田,F 厚木,8.市ヶ尾,15,0,0,6,3,9,1
332-2,（東名入口）,八王子街道×厚木大山街道,R4/10,町田,F 厚木,8.市ヶ尾,16,0,0,12,5,17,0
332-2,（東名入口）,八王子街道×厚木大山街道,R4/10,町田,F 厚木,8.市ヶ尾,17,0,0,19,8,27,3
332-2,（東名入口）,八王子街道×厚木大山街道,R4/10,町田,F 厚木,8.市ヶ尾,18,0,0,13,4,17,0
332-2,（東名入口）,八王子街道×厚木大山街道,R4/10,町田,F 厚木,8.市ヶ尾,12時間計,0,0,151,53,204,17
332-2,（東名入口）,八王子街道×厚木大山街道,R4/10,町田,F 厚木,9.横浜町田ＩＣ,7,1,2,48,79,130,2
332-2,（東名入口）,八王子街道×厚木大山街道,R4/10,町田,F 厚木,9.横浜町田ＩＣ,8,2,10,57,64,133,7
332-2,（東名入口）,八王子街道×厚木大山街道,R4/10,町田,F 厚木,9.横浜町田ＩＣ,9,2,7,81,40,130,0
332-2,（東名入口）,八王子街道×厚木大山街道,R4/10,町田,F 厚木,9.横浜町田ＩＣ,10,1,4,84,32,121,0
332-2,（東名入口）,八王子街道×厚木大山街道,R4/10,町田,F 厚木,9.横浜町田ＩＣ,11,1,0,61,44,106,1
332-2,（東名入口）,八王子街道×厚木大山街道,R4/10,町田,F 厚木,9.横浜町田ＩＣ,12,0,1,56,47,104,1
332-2,（東名入口）,八王子街道×厚木大山街道,R4/10,町田,F 厚木,9.横浜町田ＩＣ,13,1,2,65,43,111,3
332-2,（東名入口）,八王子街道×厚木大山街道,R4/10,町田,F 厚木,9.横浜町田ＩＣ,14,0,2,53,41,96,4
332-2,（東名入口）,八王子街道×厚木大山街道,R4/10,町田,F 厚木,9.横浜町田ＩＣ,15,2,1,89,37,129,3
332-2,（東名入口）,八王子街道×厚木大山街道,R4/10,町田,F 厚木,9.横浜町田ＩＣ,16,1,0,76,34,111,1
332-2,（東名入口）,八王子街道×厚木大山街道,R4/10,町田,F 厚木,9.横浜町田ＩＣ,17,0,3,66,32,101,1
332-2,（東名入口）,八王子街道×厚木大山街道,R4/10,町田,F 厚木,9.横浜町田ＩＣ,18,1,3,58,17,79,7
332-2,（東名入口）,八王子街道×厚木大山街道,R4/10,町田,F 厚木,9.横浜町田ＩＣ,12時間計,12,35,794,510,1351,30
332-2,（東名入口）,八王子街道×厚木大山街道,R4/10,町田,F 厚木,流入計,7,6,4,70,85,165,2
332-2,（東名入口）,八王子街道×厚木大山街道,R4/10,町田,F 厚木,流入計,8,3,12,92,79,186,9
332-2,（東名入口）,八王子街道×厚木大山街道,R4/10,町田,F 厚木,流入計,9,2,7,121,61,191,1
332-2,（東名入口）,八王子街道×厚木大山街道,R4/10,町田,F 厚木,流入計,10,3,4,125,51,183,4
332-2,（東名入口）,八王子街道×厚木大山街道,R4/10,町田,F 厚木,流入計,11,2,1,103,67,173,3
332-2,（東名入口）,八王子街道×厚木大山街道,R4/10,町田,F 厚木,流入計,12,1,2,95,67,165,10
332-2,（東名入口）,八王子街道×厚木大山街道,R4/10,町田,F 厚木,流入計,13,2,2,111,53,168,8
332-2,（東名入口）,八王子街道×厚木大山街道,R4/10,町田,F 厚木,流入計,14,0,2,91,58,151,11
332-2,（東名入口）,八王子街道×厚木大山街道,R4/10,町田,F 厚木,流入計,15,5,2,134,54,195,7
332-2,（東名入口）,八王子街道×厚木大山街道,R4/10,町田,F 厚木,流入計,16,3,0,124,52,179,3
332-2,（東名入口）,八王子街道×厚木大山街道,R4/10,町田,F 厚木,流入計,17,2,3,130,56,191,9
332-2,（東名入口）,八王子街道×厚木大山街道,R4/10,町田,F 厚木,流入計,18,2,3,115,38,158,11
332-2,（東名入口）,八王子街道×厚木大山街道,R4/10,町田,F 厚木,流入計,12時間計,31,42,1311,721,2105,78
