﻿地点番号,地点名,交差道路名,調査年月,管轄警察署,流入方向,流出方向,時間帯等,車道通行自転車,歩道通行自転車,自転車計
22,溝田橋,明治通り×北本通り,R4/11,王子,A 西新井,1尾久,7,1,-,-
22,溝田橋,明治通り×北本通り,R4/11,王子,A 西新井,1尾久,8,2,-,-
22,溝田橋,明治通り×北本通り,R4/11,王子,A 西新井,1尾久,9,0,-,-
22,溝田橋,明治通り×北本通り,R4/11,王子,A 西新井,1尾久,10,1,-,-
22,溝田橋,明治通り×北本通り,R4/11,王子,A 西新井,1尾久,11,1,-,-
22,溝田橋,明治通り×北本通り,R4/11,王子,A 西新井,1尾久,12,0,-,-
22,溝田橋,明治通り×北本通り,R4/11,王子,A 西新井,1尾久,13,0,-,-
22,溝田橋,明治通り×北本通り,R4/11,王子,A 西新井,1尾久,14,2,-,-
22,溝田橋,明治通り×北本通り,R4/11,王子,A 西新井,1尾久,15,1,-,-
22,溝田橋,明治通り×北本通り,R4/11,王子,A 西新井,1尾久,16,0,-,-
22,溝田橋,明治通り×北本通り,R4/11,王子,A 西新井,1尾久,17,3,-,-
22,溝田橋,明治通り×北本通り,R4/11,王子,A 西新井,1尾久,18,2,-,-
22,溝田橋,明治通り×北本通り,R4/11,王子,A 西新井,1尾久,12時間計,13,-,-
22,溝田橋,明治通り×北本通り,R4/11,王子,A 西新井,2王子駅,7,9,-,-
22,溝田橋,明治通り×北本通り,R4/11,王子,A 西新井,2王子駅,8,24,-,-
22,溝田橋,明治通り×北本通り,R4/11,王子,A 西新井,2王子駅,9,13,-,-
22,溝田橋,明治通り×北本通り,R4/11,王子,A 西新井,2王子駅,10,10,-,-
22,溝田橋,明治通り×北本通り,R4/11,王子,A 西新井,2王子駅,11,12,-,-
22,溝田橋,明治通り×北本通り,R4/11,王子,A 西新井,2王子駅,12,15,-,-
22,溝田橋,明治通り×北本通り,R4/11,王子,A 西新井,2王子駅,13,7,-,-
22,溝田橋,明治通り×北本通り,R4/11,王子,A 西新井,2王子駅,14,3,-,-
22,溝田橋,明治通り×北本通り,R4/11,王子,A 西新井,2王子駅,15,19,-,-
22,溝田橋,明治通り×北本通り,R4/11,王子,A 西新井,2王子駅,16,12,-,-
22,溝田橋,明治通り×北本通り,R4/11,王子,A 西新井,2王子駅,17,20,-,-
22,溝田橋,明治通り×北本通り,R4/11,王子,A 西新井,2王子駅,18,12,-,-
22,溝田橋,明治通り×北本通り,R4/11,王子,A 西新井,2王子駅,12時間計,156,-,-
22,溝田橋,明治通り×北本通り,R4/11,王子,A 西新井,3王子三丁目,7,0,-,-
22,溝田橋,明治通り×北本通り,R4/11,王子,A 西新井,3王子三丁目,8,0,-,-
22,溝田橋,明治通り×北本通り,R4/11,王子,A 西新井,3王子三丁目,9,0,-,-
22,溝田橋,明治通り×北本通り,R4/11,王子,A 西新井,3王子三丁目,10,0,-,-
22,溝田橋,明治通り×北本通り,R4/11,王子,A 西新井,3王子三丁目,11,0,-,-
22,溝田橋,明治通り×北本通り,R4/11,王子,A 西新井,3王子三丁目,12,0,-,-
22,溝田橋,明治通り×北本通り,R4/11,王子,A 西新井,3王子三丁目,13,0,-,-
22,溝田橋,明治通り×北本通り,R4/11,王子,A 西新井,3王子三丁目,14,0,-,-
22,溝田橋,明治通り×北本通り,R4/11,王子,A 西新井,3王子三丁目,15,0,-,-
22,溝田橋,明治通り×北本通り,R4/11,王子,A 西新井,3王子三丁目,16,0,-,-
22,溝田橋,明治通り×北本通り,R4/11,王子,A 西新井,3王子三丁目,17,0,-,-
22,溝田橋,明治通り×北本通り,R4/11,王子,A 西新井,3王子三丁目,18,0,-,-
22,溝田橋,明治通り×北本通り,R4/11,王子,A 西新井,3王子三丁目,12時間計,0,-,-
22,溝田橋,明治通り×北本通り,R4/11,王子,A 西新井,流入計,7,10,129,139
22,溝田橋,明治通り×北本通り,R4/11,王子,A 西新井,流入計,8,26,239,265
22,溝田橋,明治通り×北本通り,R4/11,王子,A 西新井,流入計,9,13,126,139
22,溝田橋,明治通り×北本通り,R4/11,王子,A 西新井,流入計,10,11,67,78
22,溝田橋,明治通り×北本通り,R4/11,王子,A 西新井,流入計,11,13,45,58
22,溝田橋,明治通り×北本通り,R4/11,王子,A 西新井,流入計,12,15,70,85
22,溝田橋,明治通り×北本通り,R4/11,王子,A 西新井,流入計,13,7,74,81
22,溝田橋,明治通り×北本通り,R4/11,王子,A 西新井,流入計,14,5,66,71
22,溝田橋,明治通り×北本通り,R4/11,王子,A 西新井,流入計,15,20,58,78
22,溝田橋,明治通り×北本通り,R4/11,王子,A 西新井,流入計,16,12,58,70
22,溝田橋,明治通り×北本通り,R4/11,王子,A 西新井,流入計,17,23,79,102
22,溝田橋,明治通り×北本通り,R4/11,王子,A 西新井,流入計,18,14,88,102
22,溝田橋,明治通り×北本通り,R4/11,王子,A 西新井,流入計,12時間計,169,1099,1268
22,溝田橋,明治通り×北本通り,R4/11,王子,B 王子三丁目,4西新井,7,0,-,-
22,溝田橋,明治通り×北本通り,R4/11,王子,B 王子三丁目,4西新井,8,0,-,-
22,溝田橋,明治通り×北本通り,R4/11,王子,B 王子三丁目,4西新井,9,0,-,-
22,溝田橋,明治通り×北本通り,R4/11,王子,B 王子三丁目,4西新井,10,1,-,-
22,溝田橋,明治通り×北本通り,R4/11,王子,B 王子三丁目,4西新井,11,0,-,-
22,溝田橋,明治通り×北本通り,R4/11,王子,B 王子三丁目,4西新井,12,0,-,-
22,溝田橋,明治通り×北本通り,R4/11,王子,B 王子三丁目,4西新井,13,0,-,-
22,溝田橋,明治通り×北本通り,R4/11,王子,B 王子三丁目,4西新井,14,1,-,-
22,溝田橋,明治通り×北本通り,R4/11,王子,B 王子三丁目,4西新井,15,0,-,-
22,溝田橋,明治通り×北本通り,R4/11,王子,B 王子三丁目,4西新井,16,0,-,-
22,溝田橋,明治通り×北本通り,R4/11,王子,B 王子三丁目,4西新井,17,0,-,-
22,溝田橋,明治通り×北本通り,R4/11,王子,B 王子三丁目,4西新井,18,0,-,-
22,溝田橋,明治通り×北本通り,R4/11,王子,B 王子三丁目,4西新井,12時間計,2,-,-
22,溝田橋,明治通り×北本通り,R4/11,王子,B 王子三丁目,5尾久,7,18,-,-
22,溝田橋,明治通り×北本通り,R4/11,王子,B 王子三丁目,5尾久,8,39,-,-
22,溝田橋,明治通り×北本通り,R4/11,王子,B 王子三丁目,5尾久,9,37,-,-
22,溝田橋,明治通り×北本通り,R4/11,王子,B 王子三丁目,5尾久,10,25,-,-
22,溝田橋,明治通り×北本通り,R4/11,王子,B 王子三丁目,5尾久,11,33,-,-
22,溝田橋,明治通り×北本通り,R4/11,王子,B 王子三丁目,5尾久,12,13,-,-
22,溝田橋,明治通り×北本通り,R4/11,王子,B 王子三丁目,5尾久,13,18,-,-
22,溝田橋,明治通り×北本通り,R4/11,王子,B 王子三丁目,5尾久,14,23,-,-
22,溝田橋,明治通り×北本通り,R4/11,王子,B 王子三丁目,5尾久,15,32,-,-
22,溝田橋,明治通り×北本通り,R4/11,王子,B 王子三丁目,5尾久,16,45,-,-
22,溝田橋,明治通り×北本通り,R4/11,王子,B 王子三丁目,5尾久,17,35,-,-
22,溝田橋,明治通り×北本通り,R4/11,王子,B 王子三丁目,5尾久,18,13,-,-
22,溝田橋,明治通り×北本通り,R4/11,王子,B 王子三丁目,5尾久,12時間計,331,-,-
22,溝田橋,明治通り×北本通り,R4/11,王子,B 王子三丁目,6王子駅,7,0,-,-
22,溝田橋,明治通り×北本通り,R4/11,王子,B 王子三丁目,6王子駅,8,0,-,-
22,溝田橋,明治通り×北本通り,R4/11,王子,B 王子三丁目,6王子駅,9,0,-,-
22,溝田橋,明治通り×北本通り,R4/11,王子,B 王子三丁目,6王子駅,10,0,-,-
22,溝田橋,明治通り×北本通り,R4/11,王子,B 王子三丁目,6王子駅,11,0,-,-
22,溝田橋,明治通り×北本通り,R4/11,王子,B 王子三丁目,6王子駅,12,0,-,-
22,溝田橋,明治通り×北本通り,R4/11,王子,B 王子三丁目,6王子駅,13,0,-,-
22,溝田橋,明治通り×北本通り,R4/11,王子,B 王子三丁目,6王子駅,14,0,-,-
22,溝田橋,明治通り×北本通り,R4/11,王子,B 王子三丁目,6王子駅,15,0,-,-
22,溝田橋,明治通り×北本通り,R4/11,王子,B 王子三丁目,6王子駅,16,0,-,-
22,溝田橋,明治通り×北本通り,R4/11,王子,B 王子三丁目,6王子駅,17,0,-,-
22,溝田橋,明治通り×北本通り,R4/11,王子,B 王子三丁目,6王子駅,18,0,-,-
22,溝田橋,明治通り×北本通り,R4/11,王子,B 王子三丁目,6王子駅,12時間計,0,-,-
22,溝田橋,明治通り×北本通り,R4/11,王子,B 王子三丁目,流入計,7,18,19,37
22,溝田橋,明治通り×北本通り,R4/11,王子,B 王子三丁目,流入計,8,39,20,59
22,溝田橋,明治通り×北本通り,R4/11,王子,B 王子三丁目,流入計,9,37,22,59
22,溝田橋,明治通り×北本通り,R4/11,王子,B 王子三丁目,流入計,10,26,34,60
22,溝田橋,明治通り×北本通り,R4/11,王子,B 王子三丁目,流入計,11,33,27,60
22,溝田橋,明治通り×北本通り,R4/11,王子,B 王子三丁目,流入計,12,13,44,57
22,溝田橋,明治通り×北本通り,R4/11,王子,B 王子三丁目,流入計,13,18,48,66
22,溝田橋,明治通り×北本通り,R4/11,王子,B 王子三丁目,流入計,14,24,28,52
22,溝田橋,明治通り×北本通り,R4/11,王子,B 王子三丁目,流入計,15,32,40,72
22,溝田橋,明治通り×北本通り,R4/11,王子,B 王子三丁目,流入計,16,45,53,98
22,溝田橋,明治通り×北本通り,R4/11,王子,B 王子三丁目,流入計,17,35,53,88
22,溝田橋,明治通り×北本通り,R4/11,王子,B 王子三丁目,流入計,18,13,54,67
22,溝田橋,明治通り×北本通り,R4/11,王子,B 王子三丁目,流入計,12時間計,333,442,775
22,溝田橋,明治通り×北本通り,R4/11,王子,C 王子駅,7王子三丁目,7,5,-,-
22,溝田橋,明治通り×北本通り,R4/11,王子,C 王子駅,7王子三丁目,8,2,-,-
22,溝田橋,明治通り×北本通り,R4/11,王子,C 王子駅,7王子三丁目,9,0,-,-
22,溝田橋,明治通り×北本通り,R4/11,王子,C 王子駅,7王子三丁目,10,2,-,-
22,溝田橋,明治通り×北本通り,R4/11,王子,C 王子駅,7王子三丁目,11,0,-,-
22,溝田橋,明治通り×北本通り,R4/11,王子,C 王子駅,7王子三丁目,12,1,-,-
22,溝田橋,明治通り×北本通り,R4/11,王子,C 王子駅,7王子三丁目,13,0,-,-
22,溝田橋,明治通り×北本通り,R4/11,王子,C 王子駅,7王子三丁目,14,0,-,-
22,溝田橋,明治通り×北本通り,R4/11,王子,C 王子駅,7王子三丁目,15,0,-,-
22,溝田橋,明治通り×北本通り,R4/11,王子,C 王子駅,7王子三丁目,16,0,-,-
22,溝田橋,明治通り×北本通り,R4/11,王子,C 王子駅,7王子三丁目,17,0,-,-
22,溝田橋,明治通り×北本通り,R4/11,王子,C 王子駅,7王子三丁目,18,0,-,-
22,溝田橋,明治通り×北本通り,R4/11,王子,C 王子駅,7王子三丁目,12時間計,10,-,-
22,溝田橋,明治通り×北本通り,R4/11,王子,C 王子駅,8西新井,7,42,-,-
22,溝田橋,明治通り×北本通り,R4/11,王子,C 王子駅,8西新井,8,85,-,-
22,溝田橋,明治通り×北本通り,R4/11,王子,C 王子駅,8西新井,9,73,-,-
22,溝田橋,明治通り×北本通り,R4/11,王子,C 王子駅,8西新井,10,55,-,-
22,溝田橋,明治通り×北本通り,R4/11,王子,C 王子駅,8西新井,11,53,-,-
22,溝田橋,明治通り×北本通り,R4/11,王子,C 王子駅,8西新井,12,71,-,-
22,溝田橋,明治通り×北本通り,R4/11,王子,C 王子駅,8西新井,13,74,-,-
22,溝田橋,明治通り×北本通り,R4/11,王子,C 王子駅,8西新井,14,61,-,-
22,溝田橋,明治通り×北本通り,R4/11,王子,C 王子駅,8西新井,15,107,-,-
22,溝田橋,明治通り×北本通り,R4/11,王子,C 王子駅,8西新井,16,132,-,-
22,溝田橋,明治通り×北本通り,R4/11,王子,C 王子駅,8西新井,17,158,-,-
22,溝田橋,明治通り×北本通り,R4/11,王子,C 王子駅,8西新井,18,135,-,-
22,溝田橋,明治通り×北本通り,R4/11,王子,C 王子駅,8西新井,12時間計,1046,-,-
22,溝田橋,明治通り×北本通り,R4/11,王子,C 王子駅,9尾久,7,0,-,-
22,溝田橋,明治通り×北本通り,R4/11,王子,C 王子駅,9尾久,8,0,-,-
22,溝田橋,明治通り×北本通り,R4/11,王子,C 王子駅,9尾久,9,0,-,-
22,溝田橋,明治通り×北本通り,R4/11,王子,C 王子駅,9尾久,10,0,-,-
22,溝田橋,明治通り×北本通り,R4/11,王子,C 王子駅,9尾久,11,0,-,-
22,溝田橋,明治通り×北本通り,R4/11,王子,C 王子駅,9尾久,12,0,-,-
22,溝田橋,明治通り×北本通り,R4/11,王子,C 王子駅,9尾久,13,0,-,-
22,溝田橋,明治通り×北本通り,R4/11,王子,C 王子駅,9尾久,14,0,-,-
22,溝田橋,明治通り×北本通り,R4/11,王子,C 王子駅,9尾久,15,0,-,-
22,溝田橋,明治通り×北本通り,R4/11,王子,C 王子駅,9尾久,16,0,-,-
22,溝田橋,明治通り×北本通り,R4/11,王子,C 王子駅,9尾久,17,0,-,-
22,溝田橋,明治通り×北本通り,R4/11,王子,C 王子駅,9尾久,18,0,-,-
22,溝田橋,明治通り×北本通り,R4/11,王子,C 王子駅,9尾久,12時間計,0,-,-
22,溝田橋,明治通り×北本通り,R4/11,王子,C 王子駅,流入計,7,47,57,104
22,溝田橋,明治通り×北本通り,R4/11,王子,C 王子駅,流入計,8,87,65,152
22,溝田橋,明治通り×北本通り,R4/11,王子,C 王子駅,流入計,9,73,43,116
22,溝田橋,明治通り×北本通り,R4/11,王子,C 王子駅,流入計,10,57,36,93
22,溝田橋,明治通り×北本通り,R4/11,王子,C 王子駅,流入計,11,53,61,114
22,溝田橋,明治通り×北本通り,R4/11,王子,C 王子駅,流入計,12,72,89,161
22,溝田橋,明治通り×北本通り,R4/11,王子,C 王子駅,流入計,13,74,62,136
22,溝田橋,明治通り×北本通り,R4/11,王子,C 王子駅,流入計,14,61,53,114
22,溝田橋,明治通り×北本通り,R4/11,王子,C 王子駅,流入計,15,107,103,210
22,溝田橋,明治通り×北本通り,R4/11,王子,C 王子駅,流入計,16,132,88,220
22,溝田橋,明治通り×北本通り,R4/11,王子,C 王子駅,流入計,17,158,115,273
22,溝田橋,明治通り×北本通り,R4/11,王子,C 王子駅,流入計,18,135,97,232
22,溝田橋,明治通り×北本通り,R4/11,王子,C 王子駅,流入計,12時間計,1056,869,1925
22,溝田橋,明治通り×北本通り,R4/11,王子,D 尾久,10王子駅,7,0,-,-
22,溝田橋,明治通り×北本通り,R4/11,王子,D 尾久,10王子駅,8,0,-,-
22,溝田橋,明治通り×北本通り,R4/11,王子,D 尾久,10王子駅,9,0,-,-
22,溝田橋,明治通り×北本通り,R4/11,王子,D 尾久,10王子駅,10,0,-,-
22,溝田橋,明治通り×北本通り,R4/11,王子,D 尾久,10王子駅,11,0,-,-
22,溝田橋,明治通り×北本通り,R4/11,王子,D 尾久,10王子駅,12,0,-,-
22,溝田橋,明治通り×北本通り,R4/11,王子,D 尾久,10王子駅,13,0,-,-
22,溝田橋,明治通り×北本通り,R4/11,王子,D 尾久,10王子駅,14,0,-,-
22,溝田橋,明治通り×北本通り,R4/11,王子,D 尾久,10王子駅,15,0,-,-
22,溝田橋,明治通り×北本通り,R4/11,王子,D 尾久,10王子駅,16,0,-,-
22,溝田橋,明治通り×北本通り,R4/11,王子,D 尾久,10王子駅,17,0,-,-
22,溝田橋,明治通り×北本通り,R4/11,王子,D 尾久,10王子駅,18,0,-,-
22,溝田橋,明治通り×北本通り,R4/11,王子,D 尾久,10王子駅,12時間計,0,-,-
22,溝田橋,明治通り×北本通り,R4/11,王子,D 尾久,11王子三丁目,7,5,-,-
22,溝田橋,明治通り×北本通り,R4/11,王子,D 尾久,11王子三丁目,8,3,-,-
22,溝田橋,明治通り×北本通り,R4/11,王子,D 尾久,11王子三丁目,9,0,-,-
22,溝田橋,明治通り×北本通り,R4/11,王子,D 尾久,11王子三丁目,10,1,-,-
22,溝田橋,明治通り×北本通り,R4/11,王子,D 尾久,11王子三丁目,11,2,-,-
22,溝田橋,明治通り×北本通り,R4/11,王子,D 尾久,11王子三丁目,12,3,-,-
22,溝田橋,明治通り×北本通り,R4/11,王子,D 尾久,11王子三丁目,13,5,-,-
22,溝田橋,明治通り×北本通り,R4/11,王子,D 尾久,11王子三丁目,14,2,-,-
22,溝田橋,明治通り×北本通り,R4/11,王子,D 尾久,11王子三丁目,15,1,-,-
22,溝田橋,明治通り×北本通り,R4/11,王子,D 尾久,11王子三丁目,16,0,-,-
22,溝田橋,明治通り×北本通り,R4/11,王子,D 尾久,11王子三丁目,17,6,-,-
22,溝田橋,明治通り×北本通り,R4/11,王子,D 尾久,11王子三丁目,18,6,-,-
22,溝田橋,明治通り×北本通り,R4/11,王子,D 尾久,11王子三丁目,12時間計,34,-,-
22,溝田橋,明治通り×北本通り,R4/11,王子,D 尾久,12西新井,7,2,-,-
22,溝田橋,明治通り×北本通り,R4/11,王子,D 尾久,12西新井,8,3,-,-
22,溝田橋,明治通り×北本通り,R4/11,王子,D 尾久,12西新井,9,2,-,-
22,溝田橋,明治通り×北本通り,R4/11,王子,D 尾久,12西新井,10,1,-,-
22,溝田橋,明治通り×北本通り,R4/11,王子,D 尾久,12西新井,11,0,-,-
22,溝田橋,明治通り×北本通り,R4/11,王子,D 尾久,12西新井,12,0,-,-
22,溝田橋,明治通り×北本通り,R4/11,王子,D 尾久,12西新井,13,2,-,-
22,溝田橋,明治通り×北本通り,R4/11,王子,D 尾久,12西新井,14,1,-,-
22,溝田橋,明治通り×北本通り,R4/11,王子,D 尾久,12西新井,15,0,-,-
22,溝田橋,明治通り×北本通り,R4/11,王子,D 尾久,12西新井,16,0,-,-
22,溝田橋,明治通り×北本通り,R4/11,王子,D 尾久,12西新井,17,0,-,-
22,溝田橋,明治通り×北本通り,R4/11,王子,D 尾久,12西新井,18,0,-,-
22,溝田橋,明治通り×北本通り,R4/11,王子,D 尾久,12西新井,12時間計,11,-,-
22,溝田橋,明治通り×北本通り,R4/11,王子,D 尾久,流入計,7,7,76,83
22,溝田橋,明治通り×北本通り,R4/11,王子,D 尾久,流入計,8,6,116,122
22,溝田橋,明治通り×北本通り,R4/11,王子,D 尾久,流入計,9,2,93,95
22,溝田橋,明治通り×北本通り,R4/11,王子,D 尾久,流入計,10,2,88,90
22,溝田橋,明治通り×北本通り,R4/11,王子,D 尾久,流入計,11,2,54,56
22,溝田橋,明治通り×北本通り,R4/11,王子,D 尾久,流入計,12,3,49,52
22,溝田橋,明治通り×北本通り,R4/11,王子,D 尾久,流入計,13,7,60,67
22,溝田橋,明治通り×北本通り,R4/11,王子,D 尾久,流入計,14,3,90,93
22,溝田橋,明治通り×北本通り,R4/11,王子,D 尾久,流入計,15,1,76,77
22,溝田橋,明治通り×北本通り,R4/11,王子,D 尾久,流入計,16,0,80,80
22,溝田橋,明治通り×北本通り,R4/11,王子,D 尾久,流入計,17,6,106,112
22,溝田橋,明治通り×北本通り,R4/11,王子,D 尾久,流入計,18,6,103,109
22,溝田橋,明治通り×北本通り,R4/11,王子,D 尾久,流入計,12時間計,45,991,1036
22,溝田橋,明治通り×北本通り,R4/11,王子,全方向計,全方向計,7,82,281,363
22,溝田橋,明治通り×北本通り,R4/11,王子,全方向計,全方向計,8,158,440,598
22,溝田橋,明治通り×北本通り,R4/11,王子,全方向計,全方向計,9,125,284,409
22,溝田橋,明治通り×北本通り,R4/11,王子,全方向計,全方向計,10,96,225,321
22,溝田橋,明治通り×北本通り,R4/11,王子,全方向計,全方向計,11,101,187,288
22,溝田橋,明治通り×北本通り,R4/11,王子,全方向計,全方向計,12,103,252,355
22,溝田橋,明治通り×北本通り,R4/11,王子,全方向計,全方向計,13,106,244,350
22,溝田橋,明治通り×北本通り,R4/11,王子,全方向計,全方向計,14,93,237,330
22,溝田橋,明治通り×北本通り,R4/11,王子,全方向計,全方向計,15,160,277,437
22,溝田橋,明治通り×北本通り,R4/11,王子,全方向計,全方向計,16,189,279,468
22,溝田橋,明治通り×北本通り,R4/11,王子,全方向計,全方向計,17,222,353,575
22,溝田橋,明治通り×北本通り,R4/11,王子,全方向計,全方向計,18,168,342,510
22,溝田橋,明治通り×北本通り,R4/11,王子,全方向計,全方向計,12時間計,1603,3401,5004
