﻿地点番号,地点名,交差道路名,調査年月,管轄警察署,流出方向,時間帯等,大型乗用,大型貨物,普通乗用,普通貨物,四輪計,二輪車
22,溝田橋,明治通り×北本通り,R4/11,王子,A 西新井,7,34,9,156,94,293,24
22,溝田橋,明治通り×北本通り,R4/11,王子,A 西新井,8,36,10,251,138,435,16
22,溝田橋,明治通り×北本通り,R4/11,王子,A 西新井,9,37,9,227,177,450,22
22,溝田橋,明治通り×北本通り,R4/11,王子,A 西新井,10,21,17,245,226,509,23
22,溝田橋,明治通り×北本通り,R4/11,王子,A 西新井,11,18,16,285,167,486,34
22,溝田橋,明治通り×北本通り,R4/11,王子,A 西新井,12,21,15,264,162,462,49
22,溝田橋,明治通り×北本通り,R4/11,王子,A 西新井,13,26,10,233,172,441,50
22,溝田橋,明治通り×北本通り,R4/11,王子,A 西新井,14,20,15,270,229,534,40
22,溝田橋,明治通り×北本通り,R4/11,王子,A 西新井,15,27,17,223,209,476,36
22,溝田橋,明治通り×北本通り,R4/11,王子,A 西新井,16,32,11,256,244,543,66
22,溝田橋,明治通り×北本通り,R4/11,王子,A 西新井,17,31,9,284,242,566,75
22,溝田橋,明治通り×北本通り,R4/11,王子,A 西新井,18,25,2,310,158,495,50
22,溝田橋,明治通り×北本通り,R4/11,王子,A 西新井,12時間計,328,140,3004,2218,5690,485
22,溝田橋,明治通り×北本通り,R4/11,王子,B 王子三丁目,7,1,24,287,281,593,49
22,溝田橋,明治通り×北本通り,R4/11,王子,B 王子三丁目,8,2,20,399,244,665,33
22,溝田橋,明治通り×北本通り,R4/11,王子,B 王子三丁目,9,0,26,402,251,679,25
22,溝田橋,明治通り×北本通り,R4/11,王子,B 王子三丁目,10,3,31,295,343,672,28
22,溝田橋,明治通り×北本通り,R4/11,王子,B 王子三丁目,11,2,43,327,367,739,27
22,溝田橋,明治通り×北本通り,R4/11,王子,B 王子三丁目,12,1,35,327,353,716,48
22,溝田橋,明治通り×北本通り,R4/11,王子,B 王子三丁目,13,1,35,339,397,772,41
22,溝田橋,明治通り×北本通り,R4/11,王子,B 王子三丁目,14,7,24,421,345,797,33
22,溝田橋,明治通り×北本通り,R4/11,王子,B 王子三丁目,15,7,34,398,355,794,40
22,溝田橋,明治通り×北本通り,R4/11,王子,B 王子三丁目,16,4,13,415,322,754,49
22,溝田橋,明治通り×北本通り,R4/11,王子,B 王子三丁目,17,8,8,530,351,897,76
22,溝田橋,明治通り×北本通り,R4/11,王子,B 王子三丁目,18,1,11,509,306,827,50
22,溝田橋,明治通り×北本通り,R4/11,王子,B 王子三丁目,12時間計,37,304,4649,3915,8905,499
22,溝田橋,明治通り×北本通り,R4/11,王子,C 王子駅,7,57,7,256,287,607,56
22,溝田橋,明治通り×北本通り,R4/11,王子,C 王子駅,8,54,9,316,308,687,26
22,溝田橋,明治通り×北本通り,R4/11,王子,C 王子駅,9,34,25,280,226,565,38
22,溝田橋,明治通り×北本通り,R4/11,王子,C 王子駅,10,29,18,253,240,540,38
22,溝田橋,明治通り×北本通り,R4/11,王子,C 王子駅,11,24,13,236,219,492,46
22,溝田橋,明治通り×北本通り,R4/11,王子,C 王子駅,12,23,9,222,169,423,42
22,溝田橋,明治通り×北本通り,R4/11,王子,C 王子駅,13,22,18,234,159,433,35
22,溝田橋,明治通り×北本通り,R4/11,王子,C 王子駅,14,28,14,264,173,479,27
22,溝田橋,明治通り×北本通り,R4/11,王子,C 王子駅,15,24,16,265,152,457,38
22,溝田橋,明治通り×北本通り,R4/11,王子,C 王子駅,16,28,11,251,180,470,39
22,溝田橋,明治通り×北本通り,R4/11,王子,C 王子駅,17,33,3,283,124,443,43
22,溝田橋,明治通り×北本通り,R4/11,王子,C 王子駅,18,30,2,258,75,365,43
22,溝田橋,明治通り×北本通り,R4/11,王子,C 王子駅,12時間計,386,145,3118,2312,5961,471
22,溝田橋,明治通り×北本通り,R4/11,王子,D 尾久,7,12,42,446,438,938,80
22,溝田橋,明治通り×北本通り,R4/11,王子,D 尾久,8,13,20,472,419,924,68
22,溝田橋,明治通り×北本通り,R4/11,王子,D 尾久,9,12,27,397,416,852,37
22,溝田橋,明治通り×北本通り,R4/11,王子,D 尾久,10,6,22,448,389,865,27
22,溝田橋,明治通り×北本通り,R4/11,王子,D 尾久,11,8,27,436,348,819,35
22,溝田橋,明治通り×北本通り,R4/11,王子,D 尾久,12,7,25,329,281,642,30
22,溝田橋,明治通り×北本通り,R4/11,王子,D 尾久,13,5,27,423,363,818,44
22,溝田橋,明治通り×北本通り,R4/11,王子,D 尾久,14,11,26,403,317,757,44
22,溝田橋,明治通り×北本通り,R4/11,王子,D 尾久,15,13,22,448,371,854,44
22,溝田橋,明治通り×北本通り,R4/11,王子,D 尾久,16,8,20,456,346,830,40
22,溝田橋,明治通り×北本通り,R4/11,王子,D 尾久,17,6,31,516,299,852,57
22,溝田橋,明治通り×北本通り,R4/11,王子,D 尾久,18,6,21,451,199,677,63
22,溝田橋,明治通り×北本通り,R4/11,王子,D 尾久,12時間計,107,310,5225,4186,9828,569
22,溝田橋,明治通り×北本通り,R4/11,王子,全方向合計,7,104,82,1145,1100,2431,209
22,溝田橋,明治通り×北本通り,R4/11,王子,全方向合計,8,105,59,1438,1109,2711,143
22,溝田橋,明治通り×北本通り,R4/11,王子,全方向合計,9,83,87,1306,1070,2546,122
22,溝田橋,明治通り×北本通り,R4/11,王子,全方向合計,10,59,88,1241,1198,2586,116
22,溝田橋,明治通り×北本通り,R4/11,王子,全方向合計,11,52,99,1284,1101,2536,142
22,溝田橋,明治通り×北本通り,R4/11,王子,全方向合計,12,52,84,1142,965,2243,169
22,溝田橋,明治通り×北本通り,R4/11,王子,全方向合計,13,54,90,1229,1091,2464,170
22,溝田橋,明治通り×北本通り,R4/11,王子,全方向合計,14,66,79,1358,1064,2567,144
22,溝田橋,明治通り×北本通り,R4/11,王子,全方向合計,15,71,89,1334,1087,2581,158
22,溝田橋,明治通り×北本通り,R4/11,王子,全方向合計,16,72,55,1378,1092,2597,194
22,溝田橋,明治通り×北本通り,R4/11,王子,全方向合計,17,78,51,1613,1016,2758,251
22,溝田橋,明治通り×北本通り,R4/11,王子,全方向合計,18,62,36,1528,738,2364,206
22,溝田橋,明治通り×北本通り,R4/11,王子,全方向合計,12時間計,858,899,15996,12631,30384,2024
